type,country,month,contract_type,notices,value_eur_fin1
can,AT,2016-01-01 00:00:00,S,75,277537539.71000004
can,AT,2016-01-01 00:00:00,U,80,66318838.82
can,AT,2016-01-01 00:00:00,W,75,108181141.84
can,AT,2016-02-01 00:00:00,S,75,27332458.11
can,AT,2016-02-01 00:00:00,U,55,17363060.61
can,AT,2016-02-01 00:00:00,W,68,117929737.03999999
can,AT,2016-03-01 00:00:00,S,63,27918462.669999998
can,AT,2016-03-01 00:00:00,U,44,32243933.740000002
can,AT,2016-03-01 00:00:00,W,105,93926207.57000001
can,AT,2016-04-01 00:00:00,S,70,153028338.12
can,AT,2016-04-01 00:00:00,U,36,22296019.81
can,AT,2016-04-01 00:00:00,W,115,78856996.25999999
can,AT,2016-05-01 00:00:00,S,42,90425035.87
can,AT,2016-05-01 00:00:00,U,51,27764043.02
can,AT,2016-05-01 00:00:00,W,87,91228113.77
can,AT,2016-06-01 00:00:00,S,84,168507081.24
can,AT,2016-06-01 00:00:00,U,64,41446814.0
can,AT,2016-06-01 00:00:00,W,118,143656609.57
can,AT,2016-07-01 00:00:00,S,65,134325173.77999997
can,AT,2016-07-01 00:00:00,U,61,75148649.41
can,AT,2016-07-01 00:00:00,W,99,85658359.82
can,AT,2016-08-01 00:00:00,S,74,225778034.88000003
can,AT,2016-08-01 00:00:00,U,51,37092986.92
can,AT,2016-08-01 00:00:00,W,92,77358497.66
can,AT,2016-09-01 00:00:00,S,81,87601639.37
can,AT,2016-09-01 00:00:00,U,45,192090315.86
can,AT,2016-09-01 00:00:00,W,83,137087450.09
can,AT,2016-10-01 00:00:00,S,75,27291955.24
can,AT,2016-10-01 00:00:00,U,57,120278663.5
can,AT,2016-10-01 00:00:00,W,87,131806268.99
can,AT,2016-11-01 00:00:00,S,81,129186796.48
can,AT,2016-11-01 00:00:00,U,78,72471693.38999999
can,AT,2016-11-01 00:00:00,W,104,74899180.32
can,AT,2016-12-01 00:00:00,S,72,71943967.62
can,AT,2016-12-01 00:00:00,U,65,127359880.17
can,AT,2016-12-01 00:00:00,W,73,59251266.71000001
can,AT,2017-01-01 00:00:00,S,69,388978388.64000005
can,AT,2017-01-01 00:00:00,U,60,93194873.32999998
can,AT,2017-01-01 00:00:00,W,67,70297403.55
can,AT,2017-02-01 00:00:00,S,68,125920892.29
can,AT,2017-02-01 00:00:00,U,71,35371860.2
can,AT,2017-02-01 00:00:00,W,78,87439887.89999998
can,AT,2017-03-01 00:00:00,S,72,107126747.46999998
can,AT,2017-03-01 00:00:00,U,65,154464678.06
can,AT,2017-03-01 00:00:00,W,97,147135126.37
can,AT,2017-04-01 00:00:00,S,62,70112401.36
can,AT,2017-04-01 00:00:00,U,43,36425912.599999994
can,AT,2017-04-01 00:00:00,W,64,56540315.400000006
can,AT,2017-05-01 00:00:00,S,63,198910339.45
can,AT,2017-05-01 00:00:00,U,64,198941584.83999997
can,AT,2017-05-01 00:00:00,W,58,81257476.32000001
can,AT,2017-06-01 00:00:00,S,46,88432176.10999998
can,AT,2017-06-01 00:00:00,U,47,73433857.14
can,AT,2017-06-01 00:00:00,W,88,74528257.11000001
can,AT,2017-07-01 00:00:00,S,85,102730528.35000001
can,AT,2017-07-01 00:00:00,U,58,37313741.69
can,AT,2017-07-01 00:00:00,W,99,175269918.93
can,AT,2017-08-01 00:00:00,S,67,131934666.48
can,AT,2017-08-01 00:00:00,U,72,46701906.0
can,AT,2017-08-01 00:00:00,W,88,140476216.68
can,AT,2017-09-01 00:00:00,S,72,70652305.37
can,AT,2017-09-01 00:00:00,U,55,31793592.21
can,AT,2017-09-01 00:00:00,W,78,148987386.14000002
can,AT,2017-10-01 00:00:00,S,73,268313912.5
can,AT,2017-10-01 00:00:00,U,55,46877741.330000006
can,AT,2017-10-01 00:00:00,W,58,116353278.44
can,AT,2017-11-01 00:00:00,S,87,72118009.39999999
can,AT,2017-11-01 00:00:00,U,98,66844082.19
can,AT,2017-11-01 00:00:00,W,58,39897225.18000001
can,AT,2017-12-01 00:00:00,S,90,83553148.59
can,AT,2017-12-01 00:00:00,U,75,73125731.77
can,AT,2017-12-01 00:00:00,W,65,246870508.37
can,AT,2018-01-01 00:00:00,S,99,273716240.92999995
can,AT,2018-01-01 00:00:00,U,89,71224347.03
can,AT,2018-01-01 00:00:00,W,72,65002139.72
can,AT,2018-02-01 00:00:00,S,62,124937988.84
can,AT,2018-02-01 00:00:00,U,124,556924961.99
can,AT,2018-02-01 00:00:00,W,40,59442477.22
can,AT,2018-03-01 00:00:00,S,82,2305676825.3
can,AT,2018-03-01 00:00:00,U,86,1253400482.7899997
can,AT,2018-03-01 00:00:00,W,73,1183457545.4300003
can,AT,2018-04-01 00:00:00,S,77,260590518.37
can,AT,2018-04-01 00:00:00,U,62,56303083.54
can,AT,2018-04-01 00:00:00,W,115,297354785.36999995
can,AT,2018-05-01 00:00:00,S,83,939558180.3199998
can,AT,2018-05-01 00:00:00,U,52,78420753.41
can,AT,2018-05-01 00:00:00,W,63,170046489.7
can,AT,2018-06-01 00:00:00,S,97,72980741.92999999
can,AT,2018-06-01 00:00:00,U,58,358450487.90999997
can,AT,2018-06-01 00:00:00,W,88,145258679.47
can,AT,2018-07-01 00:00:00,S,75,92823811.72
can,AT,2018-07-01 00:00:00,U,70,601838752.56
can,AT,2018-07-01 00:00:00,W,96,234155589.73
can,AT,2018-08-01 00:00:00,S,75,82460074.33
can,AT,2018-08-01 00:00:00,U,79,59248113.77
can,AT,2018-08-01 00:00:00,W,80,142688574.88
can,AT,2018-09-01 00:00:00,S,63,77983300.38000001
can,AT,2018-09-01 00:00:00,U,54,177971465.85
can,AT,2018-09-01 00:00:00,W,71,230034635.57
can,AT,2018-10-01 00:00:00,S,73,139264821.0
can,AT,2018-10-01 00:00:00,U,61,40788416.65
can,AT,2018-10-01 00:00:00,W,65,171309872.93
can,AT,2018-11-01 00:00:00,S,83,100477182.94
can,AT,2018-11-01 00:00:00,U,76,237742480.95000002
can,AT,2018-11-01 00:00:00,W,102,351493322.73
can,AT,2018-12-01 00:00:00,S,94,303838449.39
can,AT,2018-12-01 00:00:00,U,95,812837919.58
can,AT,2018-12-01 00:00:00,W,59,219778530.21
can,AT,2019-01-01 00:00:00,S,100,94219544.99999999
can,AT,2019-01-01 00:00:00,U,94,353806196.71
can,AT,2019-01-01 00:00:00,W,87,423309872.55
can,AT,2019-02-01 00:00:00,S,79,821171946.0699999
can,AT,2019-02-01 00:00:00,U,76,462161417.39000005
can,AT,2019-02-01 00:00:00,W,106,303384627.14000005
can,AT,2019-03-01 00:00:00,S,102,2432952003.19
can,AT,2019-03-01 00:00:00,U,52,124548164.38999999
can,AT,2019-03-01 00:00:00,W,92,248491035.83999994
can,AT,2019-04-01 00:00:00,S,99,257334990.38
can,AT,2019-04-01 00:00:00,U,91,223456949.23999998
can,AT,2019-04-01 00:00:00,W,90,222196803.01999998
can,AT,2019-05-01 00:00:00,S,99,225883910.55999994
can,AT,2019-05-01 00:00:00,U,74,57469543.50999999
can,AT,2019-05-01 00:00:00,W,97,250161758.65
can,AT,2019-06-01 00:00:00,S,78,468016253.85999995
can,AT,2019-06-01 00:00:00,U,72,169236718.81
can,AT,2019-06-01 00:00:00,W,101,121184880.16000001
can,AT,2019-07-01 00:00:00,S,127,252180537.14
can,AT,2019-07-01 00:00:00,U,94,251133183.88
can,AT,2019-07-01 00:00:00,W,118,228039818.15000004
can,AT,2019-08-01 00:00:00,S,93,163275326.51999998
can,AT,2019-08-01 00:00:00,U,71,96868643.72
can,AT,2019-08-01 00:00:00,W,73,312194325.93
can,AT,2019-09-01 00:00:00,S,89,400352791.95000005
can,AT,2019-09-01 00:00:00,U,68,115498508.96000001
can,AT,2019-09-01 00:00:00,W,110,360375345.41
can,AT,2019-10-01 00:00:00,S,110,523004581.5500001
can,AT,2019-10-01 00:00:00,U,96,387501106.35999995
can,AT,2019-10-01 00:00:00,W,91,136712389.08999997
can,AT,2019-11-01 00:00:00,S,154,340568204.79999995
can,AT,2019-11-01 00:00:00,U,84,130531527.33
can,AT,2019-11-01 00:00:00,W,77,161019241.27999997
can,AT,2019-12-01 00:00:00,S,145,520357095.3999999
can,AT,2019-12-01 00:00:00,U,88,839026026.22
can,AT,2019-12-01 00:00:00,W,83,124994829.03000002
can,AT,2020-01-01 00:00:00,S,137,4198994207.1099997
can,AT,2020-01-01 00:00:00,U,105,120534631.69000001
can,AT,2020-01-01 00:00:00,W,102,388890624.16999996
can,AT,2020-02-01 00:00:00,S,120,3345564634.7200003
can,AT,2020-02-01 00:00:00,U,81,176915783.98000005
can,AT,2020-02-01 00:00:00,W,67,176939313.71
can,AT,2020-03-01 00:00:00,S,114,227487102.83
can,AT,2020-03-01 00:00:00,U,76,169268603.58
can,AT,2020-03-01 00:00:00,W,78,151826210.51000002
can,AT,2020-04-01 00:00:00,S,98,166395029.88
can,AT,2020-04-01 00:00:00,U,80,371523704.23
can,AT,2020-04-01 00:00:00,W,87,503145165.11
can,AT,2020-05-01 00:00:00,S,70,124565285.01
can,AT,2020-05-01 00:00:00,U,94,226588434.9
can,AT,2020-05-01 00:00:00,W,94,162350552.39
can,AT,2020-06-01 00:00:00,S,118,1250433985.71
can,AT,2020-06-01 00:00:00,U,99,162195655.37
can,AT,2020-06-01 00:00:00,W,81,257727501.97
can,AT,2020-07-01 00:00:00,S,145,2493722130.31
can,AT,2020-07-01 00:00:00,U,275,21512038734.039993
can,AT,2020-07-01 00:00:00,W,88,358638994.59999996
can,AT,2020-08-01 00:00:00,S,127,552205758.84
can,AT,2020-08-01 00:00:00,U,63,293031519.98
can,AT,2020-08-01 00:00:00,W,75,591791380.27
can,AT,2020-09-01 00:00:00,S,134,531899662.78
can,AT,2020-09-01 00:00:00,U,69,6859377921.47
can,AT,2020-09-01 00:00:00,W,91,216522377.19000003
can,AT,2020-10-01 00:00:00,S,95,267585139.67
can,AT,2020-10-01 00:00:00,U,128,133717774.38
can,AT,2020-10-01 00:00:00,W,148,420652771.67
can,AT,2020-11-01 00:00:00,S,154,589545620.51
can,AT,2020-11-01 00:00:00,U,102,116035053.39999999
can,AT,2020-11-01 00:00:00,W,83,326625223.65999997
can,AT,2020-12-01 00:00:00,S,144,196354194.69000003
can,AT,2020-12-01 00:00:00,U,122,429587445.2100001
can,AT,2020-12-01 00:00:00,W,96,244183691.71
can,AT,2021-01-01 00:00:00,S,132,605493806.86
can,AT,2021-01-01 00:00:00,U,103,282771767.02
can,AT,2021-01-01 00:00:00,W,90,654207346.2099998
can,AT,2021-02-01 00:00:00,S,137,177163922.43000004
can,AT,2021-02-01 00:00:00,U,155,111892213.41
can,AT,2021-02-01 00:00:00,W,92,159522526.13
can,AT,2021-03-01 00:00:00,S,168,805506827.8
can,AT,2021-03-01 00:00:00,U,101,361027576.4
can,AT,2021-03-01 00:00:00,W,163,483484832.6000001
can,AT,2021-04-01 00:00:00,S,133,8007262583.83
can,AT,2021-04-01 00:00:00,U,82,197844072.87
can,AT,2021-04-01 00:00:00,W,117,463143431.61
can,AT,2021-05-01 00:00:00,S,139,530154620.5399999
can,AT,2021-05-01 00:00:00,U,91,68181258885.23001
can,AT,2021-05-01 00:00:00,W,107,402335507.57
can,AT,2021-06-01 00:00:00,S,123,780385378.4200001
can,AT,2021-06-01 00:00:00,U,62,469708309.81
can,AT,2021-06-01 00:00:00,W,85,139497851.9
can,AT,2021-07-01 00:00:00,S,128,1511753266.1
can,AT,2021-07-01 00:00:00,U,115,1414552812.54
can,AT,2021-07-01 00:00:00,W,76,329181859.58000004
can,AT,2021-08-01 00:00:00,S,119,9708512166.75
can,AT,2021-08-01 00:00:00,U,93,2662378040.05
can,AT,2021-08-01 00:00:00,W,66,126531810.03999999
can,AT,2021-09-01 00:00:00,S,106,43255193027.340004
can,AT,2021-09-01 00:00:00,U,67,520056287.2099999
can,AT,2021-09-01 00:00:00,W,82,642802854.0000001
can,AT,2021-10-01 00:00:00,S,153,1402281586.88
can,AT,2021-10-01 00:00:00,U,101,3904510083.79
can,AT,2021-10-01 00:00:00,W,79,327068949.84999996
can,AT,2021-11-01 00:00:00,S,158,1685098936.08
can,AT,2021-11-01 00:00:00,U,107,892113801.32
can,AT,2021-11-01 00:00:00,W,88,944995031.8000001
can,AT,2021-12-01 00:00:00,S,153,1543046320.31
can,AT,2021-12-01 00:00:00,U,104,932014660.3299999
can,AT,2021-12-01 00:00:00,W,54,367352753.24000007
can,AT,2022-01-01 00:00:00,S,189,1052596083.6200001
can,AT,2022-01-01 00:00:00,U,111,286208061.7
can,AT,2022-01-01 00:00:00,W,84,1078686140.1499999
can,AT,2022-02-01 00:00:00,S,130,1233585293.32
can,AT,2022-02-01 00:00:00,U,104,208112779.08999997
can,AT,2022-02-01 00:00:00,W,113,344720139.18
can,AT,2022-03-01 00:00:00,S,156,3835059047.23
can,AT,2022-03-01 00:00:00,U,77,3088666899.83
can,AT,2022-03-01 00:00:00,W,142,448777148.54999995
can,AT,2022-04-01 00:00:00,S,145,230842130.12000003
can,AT,2022-04-01 00:00:00,U,79,48305677.61
can,AT,2022-04-01 00:00:00,W,119,332557438.96000004
can,AT,2022-05-01 00:00:00,S,142,445850338.7
can,AT,2022-05-01 00:00:00,U,93,212596362.48000002
can,AT,2022-05-01 00:00:00,W,138,285647318.91999996
can,AT,2022-06-01 00:00:00,S,134,402386159.59
can,AT,2022-06-01 00:00:00,U,97,915727227.5300001
can,AT,2022-06-01 00:00:00,W,80,369440928.33000004
can,AT,2022-07-01 00:00:00,S,150,282375414.05
can,AT,2022-07-01 00:00:00,U,80,165744582.92
can,AT,2022-07-01 00:00:00,W,109,182708389.50999996
can,AT,2022-08-01 00:00:00,S,162,434234676.43999994
can,AT,2022-08-01 00:00:00,U,99,444685549.80999994
can,AT,2022-08-01 00:00:00,W,122,305212957.12
can,AT,2022-09-01 00:00:00,S,165,326200280.45
can,AT,2022-09-01 00:00:00,U,79,176812276.18000004
can,AT,2022-09-01 00:00:00,W,65,420546706.04999995
can,AT,2022-10-01 00:00:00,S,142,7304429389.31
can,AT,2022-10-01 00:00:00,U,101,1700334144.73
can,AT,2022-10-01 00:00:00,W,75,326728000.10000014
can,AT,2022-11-01 00:00:00,S,173,1670959833.06
can,AT,2022-11-01 00:00:00,U,96,292516304.44
can,AT,2022-11-01 00:00:00,W,116,410469327.88
can,AT,2022-12-01 00:00:00,S,240,5113419623.81
can,AT,2022-12-01 00:00:00,U,160,597532339.99
can,AT,2022-12-01 00:00:00,W,60,343766939.84999996
can,AT,2023-01-01 00:00:00,S,204,1006481346.0
can,AT,2023-01-01 00:00:00,U,126,496340404.02
can,AT,2023-01-01 00:00:00,W,115,10000513279528.549
can,AT,2023-02-01 00:00:00,S,142,486063418.01
can,AT,2023-02-01 00:00:00,U,94,1001244332262.61
can,AT,2023-02-01 00:00:00,W,120,353332247.51
can,AT,2023-03-01 00:00:00,S,183,678839923.8900001
can,AT,2023-03-01 00:00:00,U,94,368738351.82000005
can,AT,2023-03-01 00:00:00,W,148,404532039.2
can,AT,2023-04-01 00:00:00,S,157,268637304.26
can,AT,2023-04-01 00:00:00,U,105,332118181.50999993
can,AT,2023-04-01 00:00:00,W,136,2348200689.1200004
can,AT,2023-05-01 00:00:00,S,143,383378398.19000006
can,AT,2023-05-01 00:00:00,U,107,2988180846.3400006
can,AT,2023-05-01 00:00:00,W,114,160922015.58999997
can,AT,2023-06-01 00:00:00,S,134,192854589.32000002
can,AT,2023-06-01 00:00:00,U,109,105004949.78
can,AT,2023-06-01 00:00:00,W,144,262366540.18999997
can,AT,2023-07-01 00:00:00,S,180,1701826790.2499995
can,AT,2023-07-01 00:00:00,U,142,2882018826.34
can,AT,2023-07-01 00:00:00,W,150,655285099.6700001
can,AT,2023-08-01 00:00:00,S,143,941680963.09
can,AT,2023-08-01 00:00:00,U,121,533487749.56
can,AT,2023-08-01 00:00:00,W,147,391050318.08
can,AT,2023-09-01 00:00:00,S,124,1155117659.16
can,AT,2023-09-01 00:00:00,U,98,2218194276.55
can,AT,2023-09-01 00:00:00,W,110,210491478.02999997
can,BE,2016-01-01 00:00:00,S,269,1394302267.5600004
can,BE,2016-01-01 00:00:00,U,133,3568701599.8199997
can,BE,2016-01-01 00:00:00,W,34,176990332.25000003
can,BE,2016-02-01 00:00:00,S,178,269451377.04
can,BE,2016-02-01 00:00:00,U,116,136403133.58000004
can,BE,2016-02-01 00:00:00,W,27,102815256.26
can,BE,2016-03-01 00:00:00,S,115,387731028.07
can,BE,2016-03-01 00:00:00,U,120,307963891.95000005
can,BE,2016-03-01 00:00:00,W,26,101523263.32000001
can,BE,2016-04-01 00:00:00,S,148,395465980.38
can,BE,2016-04-01 00:00:00,U,98,110707872.6
can,BE,2016-04-01 00:00:00,W,21,125128206.12
can,BE,2016-05-01 00:00:00,S,150,518864196.87
can,BE,2016-05-01 00:00:00,U,125,393104691.37
can,BE,2016-05-01 00:00:00,W,26,47457483.94
can,BE,2016-06-01 00:00:00,S,165,400197741.45
can,BE,2016-06-01 00:00:00,U,121,105857947.63999999
can,BE,2016-06-01 00:00:00,W,24,55619197.56
can,BE,2016-07-01 00:00:00,S,136,370814226.06000006
can,BE,2016-07-01 00:00:00,U,95,41802530.220000006
can,BE,2016-07-01 00:00:00,W,29,75879852.24000001
can,BE,2016-08-01 00:00:00,S,165,368467600.09000003
can,BE,2016-08-01 00:00:00,U,95,120750474.77000001
can,BE,2016-08-01 00:00:00,W,28,168494899.01
can,BE,2016-09-01 00:00:00,S,126,680640110.7700001
can,BE,2016-09-01 00:00:00,U,97,88741940.33000001
can,BE,2016-09-01 00:00:00,W,34,76826407.98
can,BE,2016-10-01 00:00:00,S,172,376083247.88
can,BE,2016-10-01 00:00:00,U,119,52455400.15999999
can,BE,2016-10-01 00:00:00,W,39,189497736.14000005
can,BE,2016-11-01 00:00:00,S,161,955175818.0199999
can,BE,2016-11-01 00:00:00,U,117,71901051.27000001
can,BE,2016-11-01 00:00:00,W,23,91078199.16000001
can,BE,2016-12-01 00:00:00,S,246,1123417262.89
can,BE,2016-12-01 00:00:00,U,141,186867684.67
can,BE,2016-12-01 00:00:00,W,35,156903649.89000002
can,BE,2017-01-01 00:00:00,S,294,549161701.1999998
can,BE,2017-01-01 00:00:00,U,142,94722318.62
can,BE,2017-01-01 00:00:00,W,37,260823194.82
can,BE,2017-02-01 00:00:00,S,159,239598813.65
can,BE,2017-02-01 00:00:00,U,125,421138904.81000006
can,BE,2017-02-01 00:00:00,W,35,210108450.15999997
can,BE,2017-03-01 00:00:00,S,160,344446523.34
can,BE,2017-03-01 00:00:00,U,110,274494081.47
can,BE,2017-03-01 00:00:00,W,29,137340470.6
can,BE,2017-04-01 00:00:00,S,123,306094234.32
can,BE,2017-04-01 00:00:00,U,92,213692373.98999995
can,BE,2017-04-01 00:00:00,W,26,83473388.02
can,BE,2017-05-01 00:00:00,S,116,573639211.4
can,BE,2017-05-01 00:00:00,U,107,75878727.25000001
can,BE,2017-05-01 00:00:00,W,27,191071822.25
can,BE,2017-06-01 00:00:00,S,127,738697195.0599998
can,BE,2017-06-01 00:00:00,U,96,518925253.09
can,BE,2017-06-01 00:00:00,W,32,103929798.02
can,BE,2017-07-01 00:00:00,S,90,232382175.13
can,BE,2017-07-01 00:00:00,U,86,63476958.84000001
can,BE,2017-07-01 00:00:00,W,28,140035396.53000003
can,BE,2017-08-01 00:00:00,S,141,358121218.28999996
can,BE,2017-08-01 00:00:00,U,100,68623024.42999999
can,BE,2017-08-01 00:00:00,W,30,103170019.29
can,BE,2017-09-01 00:00:00,S,132,364961015.75
can,BE,2017-09-01 00:00:00,U,102,30000353083330.516
can,BE,2017-09-01 00:00:00,W,28,228962781.92999998
can,BE,2017-10-01 00:00:00,S,199,508963505.9
can,BE,2017-10-01 00:00:00,U,149,775467644.6899998
can,BE,2017-10-01 00:00:00,W,33,126836908.98999998
can,BE,2017-11-01 00:00:00,S,184,401208231.04
can,BE,2017-11-01 00:00:00,U,119,305219009.75
can,BE,2017-11-01 00:00:00,W,49,518570755.68
can,BE,2017-12-01 00:00:00,S,178,521628546.75999993
can,BE,2017-12-01 00:00:00,U,146,311382047.2
can,BE,2017-12-01 00:00:00,W,34,119366910.20000002
can,BE,2018-01-01 00:00:00,S,296,547990179.0899999
can,BE,2018-01-01 00:00:00,U,158,172560872.99
can,BE,2018-01-01 00:00:00,W,37,213941994.14999998
can,BE,2018-02-01 00:00:00,S,159,1385441965.59
can,BE,2018-02-01 00:00:00,U,141,225592570.33000004
can,BE,2018-02-01 00:00:00,W,39,208951792.05
can,BE,2018-03-01 00:00:00,S,177,1198113666.8
can,BE,2018-03-01 00:00:00,U,177,195432566.54
can,BE,2018-03-01 00:00:00,W,69,328578255.79999995
can,BE,2018-04-01 00:00:00,S,116,262398342.03000003
can,BE,2018-04-01 00:00:00,U,89,95626352.0
can,BE,2018-04-01 00:00:00,W,33,159818940.48999998
can,BE,2018-05-01 00:00:00,S,129,738782539.6800001
can,BE,2018-05-01 00:00:00,U,100,64395313.66
can,BE,2018-05-01 00:00:00,W,33,60919733.19999999
can,BE,2018-06-01 00:00:00,S,143,884454344.6699998
can,BE,2018-06-01 00:00:00,U,96,97741210.24
can,BE,2018-06-01 00:00:00,W,34,126180485.05000001
can,BE,2018-07-01 00:00:00,S,192,4975039284.14
can,BE,2018-07-01 00:00:00,U,143,194474265.41
can,BE,2018-07-01 00:00:00,W,35,186563605.14000002
can,BE,2018-08-01 00:00:00,S,179,237763634.28000003
can,BE,2018-08-01 00:00:00,U,104,321592976.7899999
can,BE,2018-08-01 00:00:00,W,40,775388069.6
can,BE,2018-09-01 00:00:00,S,140,727695974.12
can,BE,2018-09-01 00:00:00,U,123,3804656139.0099993
can,BE,2018-09-01 00:00:00,W,21,87419209.37
can,BE,2018-10-01 00:00:00,S,185,1241313238.9599998
can,BE,2018-10-01 00:00:00,U,187,3429016725.91
can,BE,2018-10-01 00:00:00,W,35,186218097.29
can,BE,2018-11-01 00:00:00,S,222,860471768.1899999
can,BE,2018-11-01 00:00:00,U,138,177341607.91
can,BE,2018-11-01 00:00:00,W,40,219321829.94000003
can,BE,2018-12-01 00:00:00,S,241,663042108.66
can,BE,2018-12-01 00:00:00,U,180,304341065.62
can,BE,2018-12-01 00:00:00,W,25,160743021.82999998
can,BE,2019-01-01 00:00:00,S,323,963728163.1599996
can,BE,2019-01-01 00:00:00,U,197,2086259480.7400002
can,BE,2019-01-01 00:00:00,W,50,313328464.75
can,BE,2019-02-01 00:00:00,S,192,1245390712.03
can,BE,2019-02-01 00:00:00,U,107,115708595.28999999
can,BE,2019-02-01 00:00:00,W,43,491880446.24
can,BE,2019-03-01 00:00:00,S,231,805063440.08
can,BE,2019-03-01 00:00:00,U,145,137980160.21000004
can,BE,2019-03-01 00:00:00,W,39,165375559.02
can,BE,2019-04-01 00:00:00,S,197,567251311.03
can,BE,2019-04-01 00:00:00,U,152,248987708.37
can,BE,2019-04-01 00:00:00,W,31,205574457.46999997
can,BE,2019-05-01 00:00:00,S,178,582139267.0600001
can,BE,2019-05-01 00:00:00,U,139,451134234.40000015
can,BE,2019-05-01 00:00:00,W,41,242233672.4
can,BE,2019-06-01 00:00:00,S,165,891497983.64
can,BE,2019-06-01 00:00:00,U,139,215240729.08000004
can,BE,2019-06-01 00:00:00,W,44,303349699.92999995
can,BE,2019-07-01 00:00:00,S,198,455761117.78000003
can,BE,2019-07-01 00:00:00,U,144,213185097.34
can,BE,2019-07-01 00:00:00,W,49,270805013.85
can,BE,2019-08-01 00:00:00,S,185,2326348458.7
can,BE,2019-08-01 00:00:00,U,134,202320217.23000002
can,BE,2019-08-01 00:00:00,W,30,124056982.36
can,BE,2019-09-01 00:00:00,S,151,880166501.86
can,BE,2019-09-01 00:00:00,U,135,294403447.76
can,BE,2019-09-01 00:00:00,W,35,219690312.85999998
can,BE,2019-10-01 00:00:00,S,225,828873846.1700001
can,BE,2019-10-01 00:00:00,U,148,350681711.64000005
can,BE,2019-10-01 00:00:00,W,39,172771472.12999997
can,BE,2019-11-01 00:00:00,S,238,856635616.4100001
can,BE,2019-11-01 00:00:00,U,148,370521105.53999996
can,BE,2019-11-01 00:00:00,W,22,111016822.47000001
can,BE,2019-12-01 00:00:00,S,315,773387948.92
can,BE,2019-12-01 00:00:00,U,176,320669432.8999999
can,BE,2019-12-01 00:00:00,W,22,261001384.21
can,BE,2020-01-01 00:00:00,S,299,483761132.59
can,BE,2020-01-01 00:00:00,U,179,562334102.95
can,BE,2020-01-01 00:00:00,W,29,248862296.70999998
can,BE,2020-02-01 00:00:00,S,196,588406647.6199999
can,BE,2020-02-01 00:00:00,U,130,182660359.16
can,BE,2020-02-01 00:00:00,W,34,222223009.35000002
can,BE,2020-03-01 00:00:00,S,159,221230228.38000003
can,BE,2020-03-01 00:00:00,U,120,125250839.65
can,BE,2020-03-01 00:00:00,W,46,247347325.8
can,BE,2020-04-01 00:00:00,S,149,827587266.47
can,BE,2020-04-01 00:00:00,U,144,130332702.17
can,BE,2020-04-01 00:00:00,W,25,97902280.71999998
can,BE,2020-05-01 00:00:00,S,177,941327994.1599998
can,BE,2020-05-01 00:00:00,U,110,136809332.89
can,BE,2020-05-01 00:00:00,W,32,157227518.08
can,BE,2020-06-01 00:00:00,S,177,1131802852.0799997
can,BE,2020-06-01 00:00:00,U,119,418630658.43
can,BE,2020-06-01 00:00:00,W,27,163215048.29
can,BE,2020-07-01 00:00:00,S,198,556549292.9599999
can,BE,2020-07-01 00:00:00,U,107,174811940.92
can,BE,2020-07-01 00:00:00,W,23,282077071.51
can,BE,2020-08-01 00:00:00,S,161,1282226875.91
can,BE,2020-08-01 00:00:00,U,119,1015600877.3099997
can,BE,2020-08-01 00:00:00,W,25,126109458.58
can,BE,2020-09-01 00:00:00,S,165,307886944.59999996
can,BE,2020-09-01 00:00:00,U,132,212749839.46000004
can,BE,2020-09-01 00:00:00,W,15,101881251.71000001
can,BE,2020-10-01 00:00:00,S,216,348848130.69
can,BE,2020-10-01 00:00:00,U,146,673093879.1300001
can,BE,2020-10-01 00:00:00,W,30,180374717.92000002
can,BE,2020-11-01 00:00:00,S,224,791899589.22
can,BE,2020-11-01 00:00:00,U,170,478472765.05999994
can,BE,2020-11-01 00:00:00,W,27,203258716.14
can,BE,2020-12-01 00:00:00,S,329,798135170.4900001
can,BE,2020-12-01 00:00:00,U,200,470950570.75
can,BE,2020-12-01 00:00:00,W,33,336294372.16
can,BE,2021-01-01 00:00:00,S,380,1021203148.91
can,BE,2021-01-01 00:00:00,U,208,508387011.49000007
can,BE,2021-01-01 00:00:00,W,52,303319135.21
can,BE,2021-02-01 00:00:00,S,203,1111527937.01
can,BE,2021-02-01 00:00:00,U,146,110287151.10000001
can,BE,2021-02-01 00:00:00,W,45,533645505.67
can,BE,2021-03-01 00:00:00,S,235,619795866.35
can,BE,2021-03-01 00:00:00,U,179,1250033262.78
can,BE,2021-03-01 00:00:00,W,39,254934876.41999996
can,BE,2021-04-01 00:00:00,S,165,2210443875.55
can,BE,2021-04-01 00:00:00,U,97,370400652.24999994
can,BE,2021-04-01 00:00:00,W,37,315678640.70000005
can,BE,2021-05-01 00:00:00,S,165,796520942.39
can,BE,2021-05-01 00:00:00,U,120,240224107.99
can,BE,2021-05-01 00:00:00,W,17,183151662.38000003
can,BE,2021-06-01 00:00:00,S,182,1627931137.3
can,BE,2021-06-01 00:00:00,U,119,3358662952.4500003
can,BE,2021-06-01 00:00:00,W,32,199722277.70999998
can,BE,2021-07-01 00:00:00,S,197,882151485.1299999
can,BE,2021-07-01 00:00:00,U,143,345523072.39
can,BE,2021-07-01 00:00:00,W,30,297742010.23
can,BE,2021-08-01 00:00:00,S,137,665295129.83
can,BE,2021-08-01 00:00:00,U,114,690259769.92
can,BE,2021-08-01 00:00:00,W,21,293628801.39
can,BE,2021-09-01 00:00:00,S,151,595007290.2
can,BE,2021-09-01 00:00:00,U,105,134382882.35
can,BE,2021-09-01 00:00:00,W,21,220825190.28999996
can,BE,2021-10-01 00:00:00,S,199,510254507.4999999
can,BE,2021-10-01 00:00:00,U,113,217498002.0
can,BE,2021-10-01 00:00:00,W,42,302240433.27
can,BE,2021-11-01 00:00:00,S,162,1201368682.57
can,BE,2021-11-01 00:00:00,U,137,161938196.39999998
can,BE,2021-11-01 00:00:00,W,34,205531048.25999996
can,BE,2021-12-01 00:00:00,S,234,743039977.3899999
can,BE,2021-12-01 00:00:00,U,149,11924627728.649998
can,BE,2021-12-01 00:00:00,W,38,452002140.9200001
can,BE,2022-01-01 00:00:00,S,331,1209192090.83
can,BE,2022-01-01 00:00:00,U,220,359233082.07
can,BE,2022-01-01 00:00:00,W,44,589246386.73
can,BE,2022-02-01 00:00:00,S,174,3122295242.8900003
can,BE,2022-02-01 00:00:00,U,87,98425371.82
can,BE,2022-02-01 00:00:00,W,32,190352160.98000002
can,BE,2022-03-01 00:00:00,S,169,830325287.27
can,BE,2022-03-01 00:00:00,U,123,1459708189.7000005
can,BE,2022-03-01 00:00:00,W,35,158439236.11999997
can,BE,2022-04-01 00:00:00,S,188,847005713.1000001
can,BE,2022-04-01 00:00:00,U,118,218647031.44
can,BE,2022-04-01 00:00:00,W,28,303926851.32
can,BE,2022-05-01 00:00:00,S,179,358524301.55
can,BE,2022-05-01 00:00:00,U,128,521117349.21000004
can,BE,2022-05-01 00:00:00,W,32,671920075.2
can,BE,2022-06-01 00:00:00,S,157,23805213702.300003
can,BE,2022-06-01 00:00:00,U,134,1390083262.96
can,BE,2022-06-01 00:00:00,W,35,214928032.97000003
can,BE,2022-07-01 00:00:00,S,179,825490078.78
can,BE,2022-07-01 00:00:00,U,143,3375426072.96
can,BE,2022-07-01 00:00:00,W,18,67548288.55
can,BE,2022-08-01 00:00:00,S,180,471134945.41
can,BE,2022-08-01 00:00:00,U,119,124572192.07
can,BE,2022-08-01 00:00:00,W,36,200943467.98000002
can,BE,2022-09-01 00:00:00,S,184,459956914.07
can,BE,2022-09-01 00:00:00,U,122,271757079.19
can,BE,2022-09-01 00:00:00,W,19,114016766.91
can,BE,2022-10-01 00:00:00,S,189,379743714.6600001
can,BE,2022-10-01 00:00:00,U,137,309808765.76
can,BE,2022-10-01 00:00:00,W,39,196409471.39999998
can,BE,2022-11-01 00:00:00,S,182,873442110.7099999
can,BE,2022-11-01 00:00:00,U,128,539053229.0
can,BE,2022-11-01 00:00:00,W,34,175357857.79
can,BE,2022-12-01 00:00:00,S,271,597200461.12
can,BE,2022-12-01 00:00:00,U,216,2878210120.2300005
can,BE,2022-12-01 00:00:00,W,37,192365209.41000003
can,BE,2023-01-01 00:00:00,S,334,684756462.92
can,BE,2023-01-01 00:00:00,U,235,535746942.02000004
can,BE,2023-01-01 00:00:00,W,35,779934008.75
can,BE,2023-02-01 00:00:00,S,212,644836237.98
can,BE,2023-02-01 00:00:00,U,140,321044059.94000006
can,BE,2023-02-01 00:00:00,W,28,610335446.14
can,BE,2023-03-01 00:00:00,S,208,1206775317.38
can,BE,2023-03-01 00:00:00,U,153,419478255.4599999
can,BE,2023-03-01 00:00:00,W,29,226222003.14000002
can,BE,2023-04-01 00:00:00,S,175,7273703659.91
can,BE,2023-04-01 00:00:00,U,126,222429073.76
can,BE,2023-04-01 00:00:00,W,27,201956067.63
can,BE,2023-05-01 00:00:00,S,181,1503720720.0800002
can,BE,2023-05-01 00:00:00,U,144,571017453.47
can,BE,2023-05-01 00:00:00,W,39,186409740.52
can,BE,2023-06-01 00:00:00,S,187,2252631660.2
can,BE,2023-06-01 00:00:00,U,144,180857491.15
can,BE,2023-06-01 00:00:00,W,36,257495747.41000003
can,BE,2023-07-01 00:00:00,S,224,3339874315.89
can,BE,2023-07-01 00:00:00,U,171,781902456.3199999
can,BE,2023-07-01 00:00:00,W,38,315974993.56999993
can,BE,2023-08-01 00:00:00,S,204,779203093.38
can,BE,2023-08-01 00:00:00,U,190,969038923.9199998
can,BE,2023-08-01 00:00:00,W,37,178204161.01000002
can,BE,2023-09-01 00:00:00,S,54,441486479.3
can,BE,2023-09-01 00:00:00,U,20,15930609.280000001
can,BE,2023-09-01 00:00:00,W,6,5688889.18
can,BG,2016-01-01 00:00:00,S,133,54792012.559999995
can,BG,2016-01-01 00:00:00,U,257,83004470.64999999
can,BG,2016-01-01 00:00:00,W,49,124728038.16000001
can,BG,2016-02-01 00:00:00,S,128,98504817.79999998
can,BG,2016-02-01 00:00:00,U,199,91423619.69999999
can,BG,2016-02-01 00:00:00,W,59,68600949.59
can,BG,2016-03-01 00:00:00,S,137,41856063.53
can,BG,2016-03-01 00:00:00,U,187,82320305.27000001
can,BG,2016-03-01 00:00:00,W,57,31323995.429999996
can,BG,2016-04-01 00:00:00,S,132,75291412.91
can,BG,2016-04-01 00:00:00,U,192,86516144.71000001
can,BG,2016-04-01 00:00:00,W,30,65337550.85
can,BG,2016-05-01 00:00:00,S,132,37711548.72
can,BG,2016-05-01 00:00:00,U,222,187407552.0
can,BG,2016-05-01 00:00:00,W,46,40157757.55
can,BG,2016-06-01 00:00:00,S,174,60246888.42999999
can,BG,2016-06-01 00:00:00,U,240,128095314.12
can,BG,2016-06-01 00:00:00,W,59,51026091.199999996
can,BG,2016-07-01 00:00:00,S,157,59452784.17
can,BG,2016-07-01 00:00:00,U,202,64893680.529999994
can,BG,2016-07-01 00:00:00,W,57,41263525.279999994
can,BG,2016-08-01 00:00:00,S,223,61049857.320000015
can,BG,2016-08-01 00:00:00,U,292,93101935.23000002
can,BG,2016-08-01 00:00:00,W,87,85805966.16000001
can,BG,2016-09-01 00:00:00,S,200,50562672.309999995
can,BG,2016-09-01 00:00:00,U,225,80714029.14
can,BG,2016-09-01 00:00:00,W,75,74849577.38999999
can,BG,2016-10-01 00:00:00,S,235,37185403.199999996
can,BG,2016-10-01 00:00:00,U,244,183705438.14000002
can,BG,2016-10-01 00:00:00,W,64,76373196.72
can,BG,2016-11-01 00:00:00,S,221,46705425.43
can,BG,2016-11-01 00:00:00,U,290,161096632.98000002
can,BG,2016-11-01 00:00:00,W,121,163316249.17
can,BG,2016-12-01 00:00:00,S,195,52137203.900000006
can,BG,2016-12-01 00:00:00,U,333,163841611.09
can,BG,2016-12-01 00:00:00,W,74,111956062.31000002
can,BG,2017-01-01 00:00:00,S,190,67839385.36
can,BG,2017-01-01 00:00:00,U,378,126583937.21000002
can,BG,2017-01-01 00:00:00,W,54,26820746.93
can,BG,2017-02-01 00:00:00,S,168,22099989.56
can,BG,2017-02-01 00:00:00,U,349,79890685.78999999
can,BG,2017-02-01 00:00:00,W,36,23678666.33
can,BG,2017-03-01 00:00:00,S,215,24088838.419999998
can,BG,2017-03-01 00:00:00,U,375,113470493.89000002
can,BG,2017-03-01 00:00:00,W,46,123497644.25999998
can,BG,2017-04-01 00:00:00,S,173,113717933.81000002
can,BG,2017-04-01 00:00:00,U,268,109503663.63
can,BG,2017-04-01 00:00:00,W,59,53309047.14000001
can,BG,2017-05-01 00:00:00,S,219,70967063.7
can,BG,2017-05-01 00:00:00,U,299,169951075.22
can,BG,2017-05-01 00:00:00,W,56,73466983.96
can,BG,2017-06-01 00:00:00,S,294,71065072.38
can,BG,2017-06-01 00:00:00,U,394,110378128.89999999
can,BG,2017-06-01 00:00:00,W,94,137445041.03
can,BG,2017-07-01 00:00:00,S,268,22108288.35
can,BG,2017-07-01 00:00:00,U,361,130849456.69
can,BG,2017-07-01 00:00:00,W,129,96748092.33000001
can,BG,2017-08-01 00:00:00,S,319,40196469.519999996
can,BG,2017-08-01 00:00:00,U,411,56842725.84000001
can,BG,2017-08-01 00:00:00,W,152,94487239.17999999
can,BG,2017-09-01 00:00:00,S,237,33573062.82
can,BG,2017-09-01 00:00:00,U,348,68340373.05
can,BG,2017-09-01 00:00:00,W,147,50356811.63999999
can,BG,2017-10-01 00:00:00,S,259,45107611.699999996
can,BG,2017-10-01 00:00:00,U,447,132163748.23
can,BG,2017-10-01 00:00:00,W,140,178836153.39
can,BG,2017-11-01 00:00:00,S,253,41599394.56999999
can,BG,2017-11-01 00:00:00,U,429,100519774.11000001
can,BG,2017-11-01 00:00:00,W,115,96539082.02
can,BG,2017-12-01 00:00:00,S,233,59656937.06999999
can,BG,2017-12-01 00:00:00,U,444,113269219.66
can,BG,2017-12-01 00:00:00,W,69,45688046.29000001
can,BG,2018-01-01 00:00:00,S,258,61301416.54
can,BG,2018-01-01 00:00:00,U,490,154783047.81
can,BG,2018-01-01 00:00:00,W,107,75542942.99999999
can,BG,2018-02-01 00:00:00,S,202,32353128.809999995
can,BG,2018-02-01 00:00:00,U,395,90664178.16000001
can,BG,2018-02-01 00:00:00,W,54,37310307.349999994
can,BG,2018-03-01 00:00:00,S,232,76213108.77
can,BG,2018-03-01 00:00:00,U,424,136533259.04
can,BG,2018-03-01 00:00:00,W,69,58255989.910000004
can,BG,2018-04-01 00:00:00,S,231,66001397.04
can,BG,2018-04-01 00:00:00,U,362,51408546.92000001
can,BG,2018-04-01 00:00:00,W,83,32116446.249999993
can,BG,2018-05-01 00:00:00,S,254,51607172.13000001
can,BG,2018-05-01 00:00:00,U,320,88408338.66000001
can,BG,2018-05-01 00:00:00,W,96,89005817.57
can,BG,2018-06-01 00:00:00,S,267,27050034.490000002
can,BG,2018-06-01 00:00:00,U,427,96664099.39
can,BG,2018-06-01 00:00:00,W,97,63266936.47
can,BG,2018-07-01 00:00:00,S,250,80532235.84000002
can,BG,2018-07-01 00:00:00,U,403,149393840.34
can,BG,2018-07-01 00:00:00,W,122,133773838.13999999
can,BG,2018-08-01 00:00:00,S,296,95469301.25999999
can,BG,2018-08-01 00:00:00,U,373,128701425.24
can,BG,2018-08-01 00:00:00,W,110,137474834.28
can,BG,2018-09-01 00:00:00,S,214,52727221.7
can,BG,2018-09-01 00:00:00,U,374,177144530.54999998
can,BG,2018-09-01 00:00:00,W,92,74440521.32
can,BG,2018-10-01 00:00:00,S,301,75247433.90999998
can,BG,2018-10-01 00:00:00,U,458,154552380.87
can,BG,2018-10-01 00:00:00,W,141,134192368.07999998
can,BG,2018-11-01 00:00:00,S,281,64506548.85
can,BG,2018-11-01 00:00:00,U,457,152252617.8
can,BG,2018-11-01 00:00:00,W,137,170423258.16999996
can,BG,2018-12-01 00:00:00,S,232,240209333.93000007
can,BG,2018-12-01 00:00:00,U,389,196733009.61
can,BG,2018-12-01 00:00:00,W,91,86721627.02
can,BG,2019-01-01 00:00:00,S,337,250131545.75
can,BG,2019-01-01 00:00:00,U,487,163552815.72
can,BG,2019-01-01 00:00:00,W,111,732144365.36
can,BG,2019-02-01 00:00:00,S,234,80414458.67
can,BG,2019-02-01 00:00:00,U,454,117610739.36999996
can,BG,2019-02-01 00:00:00,W,95,182648171.67000002
can,BG,2019-03-01 00:00:00,S,263,191046072.13
can,BG,2019-03-01 00:00:00,U,432,132523525.42000003
can,BG,2019-03-01 00:00:00,W,77,124348079.17
can,BG,2019-04-01 00:00:00,S,254,158763731.69
can,BG,2019-04-01 00:00:00,U,417,144219600.13
can,BG,2019-04-01 00:00:00,W,106,103936822.17999999
can,BG,2019-05-01 00:00:00,S,261,92202921.11
can,BG,2019-05-01 00:00:00,U,424,166467040.96
can,BG,2019-05-01 00:00:00,W,125,117962671.62
can,BG,2019-06-01 00:00:00,S,255,78983975.3
can,BG,2019-06-01 00:00:00,U,391,169271400.67999998
can,BG,2019-06-01 00:00:00,W,140,311120076.75
can,BG,2019-07-01 00:00:00,S,331,99965265.15999998
can,BG,2019-07-01 00:00:00,U,486,160648676.93
can,BG,2019-07-01 00:00:00,W,135,138775898.09
can,BG,2019-08-01 00:00:00,S,257,69736583.10000001
can,BG,2019-08-01 00:00:00,U,499,138901144.2
can,BG,2019-08-01 00:00:00,W,130,94283346.42999999
can,BG,2019-09-01 00:00:00,S,237,69723186.89999999
can,BG,2019-09-01 00:00:00,U,440,136229958.51000002
can,BG,2019-09-01 00:00:00,W,118,464632477.84000003
can,BG,2019-10-01 00:00:00,S,266,83526768.28999999
can,BG,2019-10-01 00:00:00,U,464,223846169.72
can,BG,2019-10-01 00:00:00,W,134,1583060879.41
can,BG,2019-11-01 00:00:00,S,239,80443575.26
can,BG,2019-11-01 00:00:00,U,424,175740809.67999998
can,BG,2019-11-01 00:00:00,W,117,690384747.2899998
can,BG,2019-12-01 00:00:00,S,245,75313657.41999999
can,BG,2019-12-01 00:00:00,U,467,172124543.07
can,BG,2019-12-01 00:00:00,W,120,399975489.6
can,BG,2020-01-01 00:00:00,S,271,209787202.73000002
can,BG,2020-01-01 00:00:00,U,490,151198135.15
can,BG,2020-01-01 00:00:00,W,106,678976744.35
can,BG,2020-02-01 00:00:00,S,219,64932899.17999999
can,BG,2020-02-01 00:00:00,U,412,187365415.54
can,BG,2020-02-01 00:00:00,W,76,159799749.25
can,BG,2020-03-01 00:00:00,S,206,250427560.95
can,BG,2020-03-01 00:00:00,U,445,244583915.65999994
can,BG,2020-03-01 00:00:00,W,100,106857705.69
can,BG,2020-04-01 00:00:00,S,188,81101077.99
can,BG,2020-04-01 00:00:00,U,364,148483921.89
can,BG,2020-04-01 00:00:00,W,69,171017111.93
can,BG,2020-05-01 00:00:00,S,223,96385847.70000002
can,BG,2020-05-01 00:00:00,U,363,173487983.57
can,BG,2020-05-01 00:00:00,W,95,97125575.60000001
can,BG,2020-06-01 00:00:00,S,249,99450455.56000002
can,BG,2020-06-01 00:00:00,U,452,175570385.13
can,BG,2020-06-01 00:00:00,W,104,115078544.39000002
can,BG,2020-07-01 00:00:00,S,308,78739024.14000002
can,BG,2020-07-01 00:00:00,U,477,683433848.9599998
can,BG,2020-07-01 00:00:00,W,93,390776712.71000004
can,BG,2020-08-01 00:00:00,S,254,62979014.68000001
can,BG,2020-08-01 00:00:00,U,432,187179516.2
can,BG,2020-08-01 00:00:00,W,92,4626243332.67
can,BG,2020-09-01 00:00:00,S,276,65250539.05000001
can,BG,2020-09-01 00:00:00,U,455,134297681.12
can,BG,2020-09-01 00:00:00,W,89,541784631.1600001
can,BG,2020-10-01 00:00:00,S,275,113267277.07000001
can,BG,2020-10-01 00:00:00,U,486,217078562.91
can,BG,2020-10-01 00:00:00,W,102,137503836.71
can,BG,2020-11-01 00:00:00,S,263,48425178.730000004
can,BG,2020-11-01 00:00:00,U,456,248405920.79000002
can,BG,2020-11-01 00:00:00,W,128,333470558.43
can,BG,2020-12-01 00:00:00,S,294,102660666.36000001
can,BG,2020-12-01 00:00:00,U,480,186987504.91
can,BG,2020-12-01 00:00:00,W,94,100932937.94999999
can,BG,2021-01-01 00:00:00,S,270,131742243.46000001
can,BG,2021-01-01 00:00:00,U,442,136744544.08
can,BG,2021-01-01 00:00:00,W,92,138513158.73999998
can,BG,2021-02-01 00:00:00,S,252,70000203.42999999
can,BG,2021-02-01 00:00:00,U,379,245961265.76000005
can,BG,2021-02-01 00:00:00,W,90,138863584.92999995
can,BG,2021-03-01 00:00:00,S,261,51308185.019999996
can,BG,2021-03-01 00:00:00,U,420,267944504.16000003
can,BG,2021-03-01 00:00:00,W,85,155859341.38
can,BG,2021-04-01 00:00:00,S,255,118617954.33000001
can,BG,2021-04-01 00:00:00,U,516,196137654.94
can,BG,2021-04-01 00:00:00,W,84,284740665.11
can,BG,2021-05-01 00:00:00,S,224,135171066.37000003
can,BG,2021-05-01 00:00:00,U,554,238285290.53000003
can,BG,2021-05-01 00:00:00,W,64,64836703.47
can,BG,2021-06-01 00:00:00,S,302,85671387.87
can,BG,2021-06-01 00:00:00,U,690,214813268.75000006
can,BG,2021-06-01 00:00:00,W,90,316645384.99
can,BG,2021-07-01 00:00:00,S,318,137242664.52999997
can,BG,2021-07-01 00:00:00,U,854,158105554.34999996
can,BG,2021-07-01 00:00:00,W,86,94741897.54
can,BG,2021-08-01 00:00:00,S,309,62929950.88000001
can,BG,2021-08-01 00:00:00,U,778,121822768.03
can,BG,2021-08-01 00:00:00,W,107,47302979.99000001
can,BG,2021-09-01 00:00:00,S,303,39591064.9
can,BG,2021-09-01 00:00:00,U,703,181487115.85999998
can,BG,2021-09-01 00:00:00,W,78,63546978.20000001
can,BG,2021-10-01 00:00:00,S,314,92728448.61000001
can,BG,2021-10-01 00:00:00,U,694,148857112.37
can,BG,2021-10-01 00:00:00,W,83,76136049.17999999
can,BG,2021-11-01 00:00:00,S,285,75254688.24
can,BG,2021-11-01 00:00:00,U,741,165458354.21999997
can,BG,2021-11-01 00:00:00,W,112,168542056.3
can,BG,2021-12-01 00:00:00,S,336,103856527.26
can,BG,2021-12-01 00:00:00,U,680,210655449.84000003
can,BG,2021-12-01 00:00:00,W,76,93912658.30000001
can,BG,2022-01-01 00:00:00,S,265,110269771.23999996
can,BG,2022-01-01 00:00:00,U,757,270296161.39000005
can,BG,2022-01-01 00:00:00,W,65,163657786.86999997
can,BG,2022-02-01 00:00:00,S,235,62731166.37
can,BG,2022-02-01 00:00:00,U,704,338841466.02
can,BG,2022-02-01 00:00:00,W,77,59387775.25999999
can,BG,2022-03-01 00:00:00,S,247,74577668.28
can,BG,2022-03-01 00:00:00,U,707,236666290.04999995
can,BG,2022-03-01 00:00:00,W,76,113098395.07000001
can,BG,2022-04-01 00:00:00,S,218,91332083.16999999
can,BG,2022-04-01 00:00:00,U,678,238226710.30000004
can,BG,2022-04-01 00:00:00,W,79,87151528.55999999
can,BG,2022-05-01 00:00:00,S,249,47175481.22
can,BG,2022-05-01 00:00:00,U,533,177282630.23999998
can,BG,2022-05-01 00:00:00,W,77,401205810.16
can,BG,2022-06-01 00:00:00,S,316,97786527.19999999
can,BG,2022-06-01 00:00:00,U,683,144710250.28000003
can,BG,2022-06-01 00:00:00,W,98,283927578.22
can,BG,2022-07-01 00:00:00,S,276,58979082.89999999
can,BG,2022-07-01 00:00:00,U,623,199652266.10000002
can,BG,2022-07-01 00:00:00,W,63,57834401.20999999
can,BG,2022-08-01 00:00:00,S,306,117775421.49
can,BG,2022-08-01 00:00:00,U,667,252659014.45000002
can,BG,2022-08-01 00:00:00,W,78,47196475.669999994
can,BG,2022-09-01 00:00:00,S,326,3689540231.48
can,BG,2022-09-01 00:00:00,U,685,156772502.69
can,BG,2022-09-01 00:00:00,W,67,62658650.68999999
can,BG,2022-10-01 00:00:00,S,296,178249894.15999997
can,BG,2022-10-01 00:00:00,U,689,245641447.82999998
can,BG,2022-10-01 00:00:00,W,78,665090032.1999998
can,BG,2022-11-01 00:00:00,S,351,109794744.34
can,BG,2022-11-01 00:00:00,U,823,290511401.58000004
can,BG,2022-11-01 00:00:00,W,119,413270841.88
can,BG,2022-12-01 00:00:00,S,394,147478292.65999997
can,BG,2022-12-01 00:00:00,U,698,223431923.15999997
can,BG,2022-12-01 00:00:00,W,90,184483541.32000002
can,BG,2023-01-01 00:00:00,S,392,138610412.26000002
can,BG,2023-01-01 00:00:00,U,753,602313224.6800001
can,BG,2023-01-01 00:00:00,W,97,329101939.68000007
can,BG,2023-02-01 00:00:00,S,333,70053969.48
can,BG,2023-02-01 00:00:00,U,606,369852088.09
can,BG,2023-02-01 00:00:00,W,79,269276124.03
can,BG,2023-03-01 00:00:00,S,404,87065120.66999999
can,BG,2023-03-01 00:00:00,U,638,374892772.04
can,BG,2023-03-01 00:00:00,W,99,127788344.14
can,BG,2023-04-01 00:00:00,S,328,137763247.62
can,BG,2023-04-01 00:00:00,U,686,231269999.3
can,BG,2023-04-01 00:00:00,W,78,129535535.03999999
can,BG,2023-05-01 00:00:00,S,359,148904358.64999998
can,BG,2023-05-01 00:00:00,U,751,208605406.43
can,BG,2023-05-01 00:00:00,W,93,767207539.11
can,BG,2023-06-01 00:00:00,S,330,119508103.80999999
can,BG,2023-06-01 00:00:00,U,781,255338139.76000002
can,BG,2023-06-01 00:00:00,W,101,209964334.49999997
can,BG,2023-07-01 00:00:00,S,328,99657764.55999999
can,BG,2023-07-01 00:00:00,U,747,267618857.60000002
can,BG,2023-07-01 00:00:00,W,111,172473858.63
can,BG,2023-08-01 00:00:00,S,355,140841508.24
can,BG,2023-08-01 00:00:00,U,763,411420678.3700001
can,BG,2023-08-01 00:00:00,W,153,349149962.22999996
can,BG,2023-09-01 00:00:00,S,324,65310877.78
can,BG,2023-09-01 00:00:00,U,662,169806867.42999998
can,BG,2023-09-01 00:00:00,W,106,169577671.04
can,CH,2016-01-01 00:00:00,S,112,985271108.8499999
can,CH,2016-01-01 00:00:00,U,47,86506728.57
can,CH,2016-01-01 00:00:00,W,115,240074199.85000002
can,CH,2016-02-01 00:00:00,S,91,299812803.99999994
can,CH,2016-02-01 00:00:00,U,56,127117109.23
can,CH,2016-02-01 00:00:00,W,162,339065468.66
can,CH,2016-03-01 00:00:00,S,80,82721702.82
can,CH,2016-03-01 00:00:00,U,67,23026837.220000003
can,CH,2016-03-01 00:00:00,W,161,242263635.76
can,CH,2016-04-01 00:00:00,S,141,169926614.67
can,CH,2016-04-01 00:00:00,U,72,58440110.45999999
can,CH,2016-04-01 00:00:00,W,151,167572412.74999997
can,CH,2016-05-01 00:00:00,S,84,137455885.18
can,CH,2016-05-01 00:00:00,U,60,795116653.7199999
can,CH,2016-05-01 00:00:00,W,155,359672658.72
can,CH,2016-06-01 00:00:00,S,155,552751352.9499999
can,CH,2016-06-01 00:00:00,U,87,405188792.40999997
can,CH,2016-06-01 00:00:00,W,125,340923091.13
can,CH,2016-07-01 00:00:00,S,105,77664582.88999999
can,CH,2016-07-01 00:00:00,U,57,44183208.57000001
can,CH,2016-07-01 00:00:00,W,120,208596971.51999998
can,CH,2016-08-01 00:00:00,S,115,267536181.52
can,CH,2016-08-01 00:00:00,U,62,73818842.73
can,CH,2016-08-01 00:00:00,W,158,212650709.07
can,CH,2016-09-01 00:00:00,S,112,182916176.89
can,CH,2016-09-01 00:00:00,U,54,200725350.32000002
can,CH,2016-09-01 00:00:00,W,173,539773341.99
can,CH,2016-10-01 00:00:00,S,70,377654142.18000007
can,CH,2016-10-01 00:00:00,U,49,30392666.46999999
can,CH,2016-10-01 00:00:00,W,116,225505324.01999998
can,CH,2016-11-01 00:00:00,S,134,315127859.72
can,CH,2016-11-01 00:00:00,U,71,156801170.05
can,CH,2016-11-01 00:00:00,W,128,178712434.24
can,CH,2016-12-01 00:00:00,S,101,106369329.00999999
can,CH,2016-12-01 00:00:00,U,61,106374947.67999999
can,CH,2016-12-01 00:00:00,W,111,472294678.3000001
can,CH,2017-01-01 00:00:00,S,87,162269592.37999997
can,CH,2017-01-01 00:00:00,U,35,29518218.699999996
can,CH,2017-01-01 00:00:00,W,77,171474343.59000003
can,CH,2017-02-01 00:00:00,S,84,223576052.35999995
can,CH,2017-02-01 00:00:00,U,28,19836911.09
can,CH,2017-02-01 00:00:00,W,126,253236260.87999997
can,CH,2017-03-01 00:00:00,S,89,276856516.78000003
can,CH,2017-03-01 00:00:00,U,43,38072398.86
can,CH,2017-03-01 00:00:00,W,153,564212281.87
can,CH,2017-04-01 00:00:00,S,77,109607251.14999999
can,CH,2017-04-01 00:00:00,U,33,82454478.48999998
can,CH,2017-04-01 00:00:00,W,122,292809455.86
can,CH,2017-05-01 00:00:00,S,82,145691031.55
can,CH,2017-05-01 00:00:00,U,50,669788658.8300002
can,CH,2017-05-01 00:00:00,W,168,360892327.05
can,CH,2017-06-01 00:00:00,S,101,145800793.59
can,CH,2017-06-01 00:00:00,U,48,32046461.119999997
can,CH,2017-06-01 00:00:00,W,136,376008292.38
can,CH,2017-07-01 00:00:00,S,78,68277364.27
can,CH,2017-07-01 00:00:00,U,51,44542546.519999996
can,CH,2017-07-01 00:00:00,W,149,267665784.25
can,CH,2017-08-01 00:00:00,S,65,81077792.77999999
can,CH,2017-08-01 00:00:00,U,47,126823325.32
can,CH,2017-08-01 00:00:00,W,111,214282548.39
can,CH,2017-09-01 00:00:00,S,101,98186391.25
can,CH,2017-09-01 00:00:00,U,49,47040224.09000002
can,CH,2017-09-01 00:00:00,W,92,109979815.4
can,CH,2017-10-01 00:00:00,S,107,148544537.86
can,CH,2017-10-01 00:00:00,U,43,36517325.63
can,CH,2017-10-01 00:00:00,W,117,225370514.8
can,CH,2017-11-01 00:00:00,S,116,302172899.96999997
can,CH,2017-11-01 00:00:00,U,49,36952572.12
can,CH,2017-11-01 00:00:00,W,116,387656218.57
can,CH,2017-12-01 00:00:00,S,82,326102705.74
can,CH,2017-12-01 00:00:00,U,49,26427730.980000004
can,CH,2017-12-01 00:00:00,W,113,176931777.07
can,CH,2018-01-01 00:00:00,S,97,506188720.55
can,CH,2018-01-01 00:00:00,U,44,49893239.93
can,CH,2018-01-01 00:00:00,W,95,185920090.32999998
can,CH,2018-02-01 00:00:00,S,73,244107503.76
can,CH,2018-02-01 00:00:00,U,49,20749437.53
can,CH,2018-02-01 00:00:00,W,126,274229698.87
can,CH,2018-03-01 00:00:00,S,62,372139306.50000006
can,CH,2018-03-01 00:00:00,U,28,20815549.37
can,CH,2018-03-01 00:00:00,W,135,174087326.82000005
can,CH,2018-04-01 00:00:00,S,74,201377010.63
can,CH,2018-04-01 00:00:00,U,41,26070141.02
can,CH,2018-04-01 00:00:00,W,94,146407235.76
can,CH,2018-05-01 00:00:00,S,71,466174788.03
can,CH,2018-05-01 00:00:00,U,41,29385826.220000003
can,CH,2018-05-01 00:00:00,W,108,226004479.73000002
can,CH,2018-06-01 00:00:00,S,111,372136566.32000005
can,CH,2018-06-01 00:00:00,U,60,102793377.61000001
can,CH,2018-06-01 00:00:00,W,171,370981055.36
can,CH,2018-07-01 00:00:00,S,86,214747256.58999997
can,CH,2018-07-01 00:00:00,U,57,108303460.74
can,CH,2018-07-01 00:00:00,W,113,222133740.50000006
can,CH,2018-08-01 00:00:00,S,82,282206280.24
can,CH,2018-08-01 00:00:00,U,49,166346882.27000004
can,CH,2018-08-01 00:00:00,W,136,144817961.32999998
can,CH,2018-09-01 00:00:00,S,101,258917475.66000003
can,CH,2018-09-01 00:00:00,U,52,152527206.55999997
can,CH,2018-09-01 00:00:00,W,119,459037700.0
can,CH,2018-10-01 00:00:00,S,98,233053320.85999995
can,CH,2018-10-01 00:00:00,U,46,47909564.24000001
can,CH,2018-10-01 00:00:00,W,98,195285697.01999998
can,CH,2018-11-01 00:00:00,S,131,713309124.2400001
can,CH,2018-11-01 00:00:00,U,69,128736646.71000001
can,CH,2018-11-01 00:00:00,W,127,377335996.3000001
can,CH,2018-12-01 00:00:00,S,76,445882511.69000006
can,CH,2018-12-01 00:00:00,U,45,101481993.69999999
can,CH,2018-12-01 00:00:00,W,102,184707362.06999996
can,CH,2019-01-01 00:00:00,S,99,712523127.5300001
can,CH,2019-01-01 00:00:00,U,73,485374925.51000005
can,CH,2019-01-01 00:00:00,W,129,517522681.6700001
can,CH,2019-02-01 00:00:00,S,92,233033843.34000003
can,CH,2019-02-01 00:00:00,U,51,78143748.21000001
can,CH,2019-02-01 00:00:00,W,114,308023949.37
can,CH,2019-03-01 00:00:00,S,96,170868708.17999998
can,CH,2019-03-01 00:00:00,U,50,141250089.39
can,CH,2019-03-01 00:00:00,W,134,373219845.11
can,CH,2019-04-01 00:00:00,S,87,283164380.29999995
can,CH,2019-04-01 00:00:00,U,39,64069492.66000001
can,CH,2019-04-01 00:00:00,W,110,430864768.08
can,CH,2019-05-01 00:00:00,S,115,10235392472.709997
can,CH,2019-05-01 00:00:00,U,70,98486474.60999998
can,CH,2019-05-01 00:00:00,W,155,347095379.13
can,CH,2019-06-01 00:00:00,S,93,1203318165.4400003
can,CH,2019-06-01 00:00:00,U,51,83935736.8
can,CH,2019-06-01 00:00:00,W,158,525284745.69
can,CH,2019-07-01 00:00:00,S,102,279333856.82000005
can,CH,2019-07-01 00:00:00,U,37,77558252.14
can,CH,2019-07-01 00:00:00,W,139,302780068.15999997
can,CH,2019-08-01 00:00:00,S,92,151693511.82000002
can,CH,2019-08-01 00:00:00,U,50,72180347.88
can,CH,2019-08-01 00:00:00,W,99,230980332.58999997
can,CH,2019-09-01 00:00:00,S,118,324580328.37999994
can,CH,2019-09-01 00:00:00,U,52,389300470.8899999
can,CH,2019-09-01 00:00:00,W,107,171396168.83999997
can,CH,2019-10-01 00:00:00,S,116,933507544.25
can,CH,2019-10-01 00:00:00,U,58,159879995.11
can,CH,2019-10-01 00:00:00,W,119,400099140.60999995
can,CH,2019-11-01 00:00:00,S,141,1167883861.1200001
can,CH,2019-11-01 00:00:00,U,65,365001373.83000004
can,CH,2019-11-01 00:00:00,W,109,266718061.96000004
can,CH,2019-12-01 00:00:00,S,110,1649718059.3899999
can,CH,2019-12-01 00:00:00,U,50,255878634.53
can,CH,2019-12-01 00:00:00,W,123,481328053.6600001
can,CH,2020-01-01 00:00:00,S,100,414432612.04
can,CH,2020-01-01 00:00:00,U,35,220912305.48000002
can,CH,2020-01-01 00:00:00,W,107,315054098.38000005
can,CH,2020-02-01 00:00:00,S,63,152518971.92000002
can,CH,2020-02-01 00:00:00,U,57,298005932.51
can,CH,2020-02-01 00:00:00,W,126,309541801.0400001
can,CH,2020-03-01 00:00:00,S,65,607967321.16
can,CH,2020-03-01 00:00:00,U,55,89921702.12
can,CH,2020-03-01 00:00:00,W,102,347008475.60999995
can,CH,2020-04-01 00:00:00,S,76,163813128.89
can,CH,2020-04-01 00:00:00,U,39,44344808.160000004
can,CH,2020-04-01 00:00:00,W,144,172995125.83999997
can,CH,2020-05-01 00:00:00,S,72,228545322.69999996
can,CH,2020-05-01 00:00:00,U,38,23932541.07
can,CH,2020-05-01 00:00:00,W,106,320921568.21999997
can,CH,2020-06-01 00:00:00,S,91,442057830.77000004
can,CH,2020-06-01 00:00:00,U,41,48823136.33999999
can,CH,2020-06-01 00:00:00,W,147,367603760.59000003
can,CH,2020-07-01 00:00:00,S,90,1052588054.21
can,CH,2020-07-01 00:00:00,U,65,92364780.73
can,CH,2020-07-01 00:00:00,W,119,276042838.85
can,CH,2020-08-01 00:00:00,S,69,392130457.8299999
can,CH,2020-08-01 00:00:00,U,38,182496002.22
can,CH,2020-08-01 00:00:00,W,106,186625450.97
can,CH,2020-09-01 00:00:00,S,110,428521539.46
can,CH,2020-09-01 00:00:00,U,66,66045935.85999999
can,CH,2020-09-01 00:00:00,W,133,323369233.91999996
can,CH,2020-10-01 00:00:00,S,108,3531422763.7400002
can,CH,2020-10-01 00:00:00,U,56,405321684.78
can,CH,2020-10-01 00:00:00,W,76,162728344.05999997
can,CH,2020-11-01 00:00:00,S,132,517184291.3000001
can,CH,2020-11-01 00:00:00,U,59,130839272.16000001
can,CH,2020-11-01 00:00:00,W,87,314361411.01
can,CH,2020-12-01 00:00:00,S,75,3907797529.339999
can,CH,2020-12-01 00:00:00,U,51,61391400.89
can,CH,2020-12-01 00:00:00,W,100,315309988.12
can,CH,2021-01-01 00:00:00,S,77,239444692.96999994
can,CH,2021-01-01 00:00:00,U,57,75966865.03
can,CH,2021-01-01 00:00:00,W,106,533953446.53000003
can,CH,2021-02-01 00:00:00,S,86,164294144.71
can,CH,2021-02-01 00:00:00,U,27,68623184.52000001
can,CH,2021-02-01 00:00:00,W,149,194422835.87
can,CH,2021-03-01 00:00:00,S,131,2108132055.6000004
can,CH,2021-03-01 00:00:00,U,57,168941961.23999998
can,CH,2021-03-01 00:00:00,W,135,436128498.7
can,CH,2021-04-01 00:00:00,S,64,381297448.8000001
can,CH,2021-04-01 00:00:00,U,66,311493066.62
can,CH,2021-04-01 00:00:00,W,165,231828230.50000003
can,CH,2021-05-01 00:00:00,S,89,545862708.45
can,CH,2021-05-01 00:00:00,U,50,488760909.3
can,CH,2021-05-01 00:00:00,W,133,284921871.65
can,CH,2021-06-01 00:00:00,S,93,784283838.5899999
can,CH,2021-06-01 00:00:00,U,61,133073017.42000002
can,CH,2021-06-01 00:00:00,W,113,200104391.44000003
can,CH,2021-07-01 00:00:00,S,77,197231916.39
can,CH,2021-07-01 00:00:00,U,57,221901498.11000004
can,CH,2021-07-01 00:00:00,W,105,280141439.66999996
can,CH,2021-08-01 00:00:00,S,65,83027740.25
can,CH,2021-08-01 00:00:00,U,44,119224227.75999999
can,CH,2021-08-01 00:00:00,W,107,153053969.46999997
can,CH,2021-09-01 00:00:00,S,95,771364928.94
can,CH,2021-09-01 00:00:00,U,54,103132773.71000001
can,CH,2021-09-01 00:00:00,W,147,354536413.83000004
can,CH,2021-10-01 00:00:00,S,107,156810162.39
can,CH,2021-10-01 00:00:00,U,34,90497551.72000001
can,CH,2021-10-01 00:00:00,W,113,197642852.45
can,CH,2021-11-01 00:00:00,S,112,1640501608.68
can,CH,2021-11-01 00:00:00,U,65,251572919.72000003
can,CH,2021-11-01 00:00:00,W,97,280138606.46999997
can,CH,2021-12-01 00:00:00,S,126,416778204.70000005
can,CH,2021-12-01 00:00:00,U,72,80577626.95
can,CH,2021-12-01 00:00:00,W,82,228301148.91
can,CH,2022-01-01 00:00:00,S,65,133715584.44
can,CH,2022-01-01 00:00:00,U,39,56154643.5
can,CH,2022-01-01 00:00:00,W,110,348810961.21
can,CH,2022-02-01 00:00:00,S,76,216794486.48000002
can,CH,2022-02-01 00:00:00,U,41,129989511.25999998
can,CH,2022-02-01 00:00:00,W,117,173865773.2
can,CH,2022-03-01 00:00:00,S,81,113112650.33999999
can,CH,2022-03-01 00:00:00,U,59,462671192.51
can,CH,2022-03-01 00:00:00,W,116,406736628.55999994
can,CH,2022-04-01 00:00:00,S,52,125584003.10000001
can,CH,2022-04-01 00:00:00,U,47,94020830.30000001
can,CH,2022-04-01 00:00:00,W,135,240895302.35999998
can,CH,2022-05-01 00:00:00,S,80,247965849.47
can,CH,2022-05-01 00:00:00,U,43,82006125.47999999
can,CH,2022-05-01 00:00:00,W,137,280011393.16999996
can,CH,2022-06-01 00:00:00,S,102,618500272.71
can,CH,2022-06-01 00:00:00,U,32,164533287.53
can,CH,2022-06-01 00:00:00,W,108,186954655.75000003
can,CH,2022-07-01 00:00:00,S,109,373553752.90999997
can,CH,2022-07-01 00:00:00,U,48,65583977.73
can,CH,2022-07-01 00:00:00,W,130,228118486.81000003
can,CH,2022-08-01 00:00:00,S,69,179042422.72
can,CH,2022-08-01 00:00:00,U,43,548762470.76
can,CH,2022-08-01 00:00:00,W,76,1005559097.9200001
can,CH,2022-09-01 00:00:00,S,121,361799410.47
can,CH,2022-09-01 00:00:00,U,67,157568073.44
can,CH,2022-09-01 00:00:00,W,101,445956260.36
can,CH,2022-10-01 00:00:00,S,103,233828195.69000003
can,CH,2022-10-01 00:00:00,U,60,547692977.27
can,CH,2022-10-01 00:00:00,W,66,357151530.8000001
can,CH,2022-11-01 00:00:00,S,100,267522307.77999994
can,CH,2022-11-01 00:00:00,U,67,258344998.29999998
can,CH,2022-11-01 00:00:00,W,106,317858503.82000005
can,CH,2022-12-01 00:00:00,S,123,566431735.99
can,CH,2022-12-01 00:00:00,U,57,288026202.78000003
can,CH,2022-12-01 00:00:00,W,100,256373064.54
can,CH,2023-01-01 00:00:00,S,83,632801236.9000002
can,CH,2023-01-01 00:00:00,U,41,100419459.84
can,CH,2023-01-01 00:00:00,W,92,203373474.97999996
can,CH,2023-02-01 00:00:00,S,106,886637370.0099999
can,CH,2023-02-01 00:00:00,U,48,99742082.82000001
can,CH,2023-02-01 00:00:00,W,93,211001753.87
can,CH,2023-03-01 00:00:00,S,112,1546439046.35
can,CH,2023-03-01 00:00:00,U,58,185237726.33
can,CH,2023-03-01 00:00:00,W,144,216800918.32000002
can,CH,2023-04-01 00:00:00,S,79,388243816.91999996
can,CH,2023-04-01 00:00:00,U,51,127345331.38999997
can,CH,2023-04-01 00:00:00,W,163,268605369.28
can,CH,2023-05-01 00:00:00,S,96,1318791700.69
can,CH,2023-05-01 00:00:00,U,54,306214860.30999994
can,CH,2023-05-01 00:00:00,W,145,347233354.68000007
can,CH,2023-06-01 00:00:00,S,95,383221968.26000005
can,CH,2023-06-01 00:00:00,U,61,221976605.71999994
can,CH,2023-06-01 00:00:00,W,170,276734842.09
can,CH,2023-07-01 00:00:00,S,118,509202407.2
can,CH,2023-07-01 00:00:00,U,63,232750328.95
can,CH,2023-07-01 00:00:00,W,136,424917731.73999995
can,CH,2023-08-01 00:00:00,S,94,258602524.79
can,CH,2023-08-01 00:00:00,U,33,153522458.16
can,CH,2023-08-01 00:00:00,W,93,263165969.53999996
can,CH,2023-09-01 00:00:00,S,14,96058502.24000001
can,CH,2023-09-01 00:00:00,U,12,35963824.7
can,CH,2023-09-01 00:00:00,W,21,88013337.80000001
can,CY,2016-01-01 00:00:00,S,12,12285480.04
can,CY,2016-01-01 00:00:00,U,20,16293123.620000001
can,CY,2016-01-01 00:00:00,W,6,77038786.72
can,CY,2016-02-01 00:00:00,S,14,3226472.62
can,CY,2016-02-01 00:00:00,U,36,22349755.86
can,CY,2016-02-01 00:00:00,W,3,3417033.5
can,CY,2016-03-01 00:00:00,S,5,4653701.42
can,CY,2016-03-01 00:00:00,U,31,21881998.72
can,CY,2016-04-01 00:00:00,S,7,8140583.8
can,CY,2016-04-01 00:00:00,U,27,21614598.44
can,CY,2016-04-01 00:00:00,W,3,14168940.58
can,CY,2016-05-01 00:00:00,S,6,4218934.0
can,CY,2016-05-01 00:00:00,U,17,7930433.29
can,CY,2016-05-01 00:00:00,W,2,2096144.8599999999
can,CY,2016-06-01 00:00:00,S,6,1963077.75
can,CY,2016-06-01 00:00:00,U,11,5229971.82
can,CY,2016-06-01 00:00:00,W,2,11412683.25
can,CY,2016-07-01 00:00:00,S,5,4196145.720000001
can,CY,2016-07-01 00:00:00,U,14,19554546.939999998
can,CY,2016-08-01 00:00:00,S,8,8491537.48
can,CY,2016-08-01 00:00:00,U,23,15411865.57
can,CY,2016-09-01 00:00:00,S,7,8049981.0
can,CY,2016-09-01 00:00:00,U,30,17516668.400000002
can,CY,2016-09-01 00:00:00,W,7,8149795.0
can,CY,2016-10-01 00:00:00,S,5,2095349.0
can,CY,2016-10-01 00:00:00,U,15,14047417.0
can,CY,2016-11-01 00:00:00,S,6,2258695.65
can,CY,2016-11-01 00:00:00,U,29,27442774.680000003
can,CY,2016-12-01 00:00:00,S,6,3071396.0
can,CY,2016-12-01 00:00:00,U,31,20581765.949999996
can,CY,2016-12-01 00:00:00,W,2,10214725.0
can,CY,2017-01-01 00:00:00,S,4,6348314.57
can,CY,2017-01-01 00:00:00,U,13,3892058.91
can,CY,2017-02-01 00:00:00,S,4,1710965.0
can,CY,2017-02-01 00:00:00,U,30,19449885.53
can,CY,2017-02-01 00:00:00,W,1,3072000.0
can,CY,2017-03-01 00:00:00,S,8,5587757.57
can,CY,2017-03-01 00:00:00,U,13,14805835.4
can,CY,2017-03-01 00:00:00,W,3,19158541.65
can,CY,2017-04-01 00:00:00,S,5,2154602.25
can,CY,2017-04-01 00:00:00,U,19,9528794.44
can,CY,2017-05-01 00:00:00,S,7,12242020.55
can,CY,2017-05-01 00:00:00,U,18,11527824.75
can,CY,2017-05-01 00:00:00,W,1,65155.0
can,CY,2017-06-01 00:00:00,S,14,4762275.7
can,CY,2017-06-01 00:00:00,U,23,8961604.27
can,CY,2017-06-01 00:00:00,W,1,14632300.0
can,CY,2017-07-01 00:00:00,S,6,4360904.0
can,CY,2017-07-01 00:00:00,U,13,6991291.0600000005
can,CY,2017-07-01 00:00:00,W,1,5263000.0
can,CY,2017-08-01 00:00:00,S,4,687906.0
can,CY,2017-08-01 00:00:00,U,4,1127046.0
can,CY,2017-09-01 00:00:00,S,5,1043427.52
can,CY,2017-09-01 00:00:00,U,28,12369908.97
can,CY,2017-10-01 00:00:00,S,1,0.0
can,CY,2017-10-01 00:00:00,U,7,2758657.34
can,CY,2017-11-01 00:00:00,S,5,1134272.0
can,CY,2017-11-01 00:00:00,U,18,17251683.53
can,CY,2017-11-01 00:00:00,W,1,5137000.0
can,CY,2017-12-01 00:00:00,S,4,606950.0
can,CY,2017-12-01 00:00:00,U,27,28767170.349999998
can,CY,2018-01-01 00:00:00,S,3,262362.52
can,CY,2018-01-01 00:00:00,U,34,32392996.53
can,CY,2018-01-01 00:00:00,W,1,0.0
can,CY,2018-02-01 00:00:00,S,10,2987623.0
can,CY,2018-02-01 00:00:00,U,13,3639733.02
can,CY,2018-03-01 00:00:00,S,5,588526.0
can,CY,2018-03-01 00:00:00,U,10,4294677.74
can,CY,2018-04-01 00:00:00,S,12,9219143.0
can,CY,2018-04-01 00:00:00,U,26,13151594.149999999
can,CY,2018-05-01 00:00:00,S,7,3096768.0
can,CY,2018-05-01 00:00:00,U,12,4826621.42
can,CY,2018-06-01 00:00:00,S,8,2851025.0
can,CY,2018-06-01 00:00:00,U,32,26444972.2
can,CY,2018-06-01 00:00:00,W,2,1274420.0
can,CY,2018-07-01 00:00:00,S,8,2416291.85
can,CY,2018-07-01 00:00:00,U,19,9133517.379999999
can,CY,2018-08-01 00:00:00,S,5,4188720.8100000005
can,CY,2018-08-01 00:00:00,U,22,17800754.49
can,CY,2018-08-01 00:00:00,W,1,10191438.0
can,CY,2018-09-01 00:00:00,S,6,1775099.35
can,CY,2018-09-01 00:00:00,U,20,14846672.520000001
can,CY,2018-09-01 00:00:00,W,1,8177020.0
can,CY,2018-10-01 00:00:00,S,14,3403533.89
can,CY,2018-10-01 00:00:00,U,24,31055697.64
can,CY,2018-11-01 00:00:00,S,8,7137316.25
can,CY,2018-11-01 00:00:00,U,22,33085272.979999997
can,CY,2018-11-01 00:00:00,W,3,13785856.06
can,CY,2018-12-01 00:00:00,S,11,40264338.9
can,CY,2018-12-01 00:00:00,U,26,29529601.85
can,CY,2019-01-01 00:00:00,S,12,19186522.86
can,CY,2019-01-01 00:00:00,U,28,24917075.33
can,CY,2019-01-01 00:00:00,W,2,55694810.88
can,CY,2019-02-01 00:00:00,S,10,3512150.33
can,CY,2019-02-01 00:00:00,U,8,5361297.37
can,CY,2019-02-01 00:00:00,W,3,31333000.0
can,CY,2019-03-01 00:00:00,S,9,3365696.0
can,CY,2019-03-01 00:00:00,U,13,31301037.830000006
can,CY,2019-03-01 00:00:00,W,1,3687825.0
can,CY,2019-04-01 00:00:00,S,12,2513265.7199999997
can,CY,2019-04-01 00:00:00,U,14,45328228.19
can,CY,2019-05-01 00:00:00,S,16,5292402.75
can,CY,2019-05-01 00:00:00,U,14,6984015.04
can,CY,2019-05-01 00:00:00,W,1,89410.0
can,CY,2019-06-01 00:00:00,S,4,819200.0
can,CY,2019-06-01 00:00:00,U,10,4936544.21
can,CY,2019-06-01 00:00:00,W,2,13583000.0
can,CY,2019-07-01 00:00:00,S,4,4791788.5
can,CY,2019-07-01 00:00:00,U,10,7005674.0
can,CY,2019-07-01 00:00:00,W,1,157875.0
can,CY,2019-08-01 00:00:00,W,1,399740.0
can,CY,2019-09-01 00:00:00,S,12,21713031.63
can,CY,2019-09-01 00:00:00,U,34,44435989.84
can,CY,2019-09-01 00:00:00,W,4,1213847.2
can,CY,2019-10-01 00:00:00,S,23,9938677.0
can,CY,2019-10-01 00:00:00,U,28,35231628.31999999
can,CY,2019-10-01 00:00:00,W,2,2883000.0
can,CY,2019-11-01 00:00:00,S,14,6229780.0
can,CY,2019-11-01 00:00:00,U,23,17572339.57
can,CY,2019-11-01 00:00:00,W,7,11680000.0
can,CY,2019-12-01 00:00:00,S,21,23029618.85
can,CY,2019-12-01 00:00:00,U,26,37953208.4
can,CY,2020-01-01 00:00:00,S,9,3176180.0
can,CY,2020-01-01 00:00:00,U,6,7023909.5
can,CY,2020-01-01 00:00:00,W,5,28730264.4
can,CY,2020-02-01 00:00:00,S,13,4145704.8100000005
can,CY,2020-02-01 00:00:00,U,26,26927911.3
can,CY,2020-03-01 00:00:00,S,10,9916721.0
can,CY,2020-03-01 00:00:00,U,3,1329870.0
can,CY,2020-03-01 00:00:00,W,2,560744996.0
can,CY,2020-04-01 00:00:00,S,7,634960.0
can,CY,2020-04-01 00:00:00,U,25,57600030.99
can,CY,2020-05-01 00:00:00,S,8,23194373.450000003
can,CY,2020-05-01 00:00:00,U,15,16033495.56
can,CY,2020-05-01 00:00:00,W,3,31636000.91
can,CY,2020-06-01 00:00:00,S,4,3565812.8
can,CY,2020-06-01 00:00:00,U,11,8081123.68
can,CY,2020-07-01 00:00:00,S,7,15524418.0
can,CY,2020-07-01 00:00:00,U,18,10090461.03
can,CY,2020-07-01 00:00:00,W,4,6421819.6
can,CY,2020-08-01 00:00:00,S,5,2197682.0
can,CY,2020-08-01 00:00:00,U,14,7160463.4
can,CY,2020-09-01 00:00:00,S,10,5340833.0
can,CY,2020-09-01 00:00:00,U,40,39014699.03000001
can,CY,2020-09-01 00:00:00,W,4,25711000.0
can,CY,2020-10-01 00:00:00,S,7,22026822.6
can,CY,2020-10-01 00:00:00,U,9,61346592.0
can,CY,2020-10-01 00:00:00,W,1,6218984.13
can,CY,2020-11-01 00:00:00,S,8,3525032.2199999997
can,CY,2020-11-01 00:00:00,U,8,25992603.72
can,CY,2020-11-01 00:00:00,W,4,17407388.73
can,CY,2020-12-01 00:00:00,S,8,7198543.0
can,CY,2020-12-01 00:00:00,U,14,9880946.08
can,CY,2020-12-01 00:00:00,W,3,29064000.0
can,CY,2021-01-01 00:00:00,S,12,9136994.67
can,CY,2021-01-01 00:00:00,U,15,12977556.649999999
can,CY,2021-01-01 00:00:00,W,2,50033783.64
can,CY,2021-02-01 00:00:00,S,18,9547471.85
can,CY,2021-02-01 00:00:00,U,21,10718084.13
can,CY,2021-02-01 00:00:00,W,2,21776393.0
can,CY,2021-03-01 00:00:00,S,15,9523927.58
can,CY,2021-03-01 00:00:00,U,10,6524113.7
can,CY,2021-03-01 00:00:00,W,1,0.0
can,CY,2021-04-01 00:00:00,S,14,14620620.92
can,CY,2021-04-01 00:00:00,U,33,27809298.279999997
can,CY,2021-04-01 00:00:00,W,2,1638008.08
can,CY,2021-05-01 00:00:00,S,3,3865493.0
can,CY,2021-05-01 00:00:00,U,18,29073545.689999998
can,CY,2021-05-01 00:00:00,W,2,5277123.0
can,CY,2021-06-01 00:00:00,S,11,3520627.39
can,CY,2021-06-01 00:00:00,U,25,15653619.1
can,CY,2021-06-01 00:00:00,W,1,2289951.0
can,CY,2021-07-01 00:00:00,S,6,1550677.04
can,CY,2021-07-01 00:00:00,U,30,36529001.879999995
can,CY,2021-07-01 00:00:00,W,2,80695535.0
can,CY,2021-08-01 00:00:00,S,3,660623.0
can,CY,2021-08-01 00:00:00,U,19,13177492.8
can,CY,2021-08-01 00:00:00,W,1,2699113.5
can,CY,2021-09-01 00:00:00,S,5,6193331.0
can,CY,2021-09-01 00:00:00,U,19,18073819.42
can,CY,2021-09-01 00:00:00,W,3,17362762.0
can,CY,2021-10-01 00:00:00,S,10,60047473.8
can,CY,2021-10-01 00:00:00,U,19,17799227.57
can,CY,2021-10-01 00:00:00,W,2,5995000.0
can,CY,2021-11-01 00:00:00,S,14,4554514.0
can,CY,2021-11-01 00:00:00,U,12,9214455.209999999
can,CY,2021-11-01 00:00:00,W,4,25657181.38
can,CY,2021-12-01 00:00:00,S,9,2084972.0
can,CY,2021-12-01 00:00:00,U,13,15263867.120000001
can,CY,2021-12-01 00:00:00,W,2,7176000.0
can,CY,2022-01-01 00:00:00,S,11,11923225.4
can,CY,2022-01-01 00:00:00,U,25,17475597.41
can,CY,2022-01-01 00:00:00,W,3,32627700.0
can,CY,2022-02-01 00:00:00,S,11,5361383.16
can,CY,2022-02-01 00:00:00,U,62,64631143.01000001
can,CY,2022-02-01 00:00:00,W,1,10095000.0
can,CY,2022-03-01 00:00:00,S,14,4314186.3100000005
can,CY,2022-03-01 00:00:00,U,28,54046633.50000001
can,CY,2022-04-01 00:00:00,S,11,2114669.0
can,CY,2022-04-01 00:00:00,U,45,53140206.7
can,CY,2022-05-01 00:00:00,S,15,25242556.659999996
can,CY,2022-05-01 00:00:00,U,24,25024967.16
can,CY,2022-06-01 00:00:00,S,8,18130624.0
can,CY,2022-06-01 00:00:00,U,13,16471855.0
can,CY,2022-06-01 00:00:00,W,1,12888000.0
can,CY,2022-07-01 00:00:00,S,14,4586074.9
can,CY,2022-07-01 00:00:00,U,20,35616489.61
can,CY,2022-08-01 00:00:00,S,16,9197734.37
can,CY,2022-08-01 00:00:00,U,24,28970347.96
can,CY,2022-08-01 00:00:00,W,3,25862575.6
can,CY,2022-09-01 00:00:00,S,13,5961193.0
can,CY,2022-09-01 00:00:00,U,36,53236764.60000001
can,CY,2022-09-01 00:00:00,W,5,42985860.32
can,CY,2022-10-01 00:00:00,S,5,1663034.78
can,CY,2022-10-01 00:00:00,U,25,27065825.96
can,CY,2022-10-01 00:00:00,W,3,26010000.0
can,CY,2022-11-01 00:00:00,S,4,873609.0
can,CY,2022-11-01 00:00:00,U,30,32789893.84
can,CY,2022-11-01 00:00:00,W,2,4154200.0
can,CY,2022-12-01 00:00:00,S,20,17365892.43
can,CY,2022-12-01 00:00:00,U,31,48675137.50000001
can,CY,2022-12-01 00:00:00,W,3,133664720.0
can,CY,2023-01-01 00:00:00,S,9,1351797.66
can,CY,2023-01-01 00:00:00,U,29,16629583.2
can,CY,2023-01-01 00:00:00,W,1,3255569.87
can,CY,2023-02-01 00:00:00,S,12,5347900.0
can,CY,2023-02-01 00:00:00,U,27,21824073.5
can,CY,2023-02-01 00:00:00,W,1,4983000.0
can,CY,2023-03-01 00:00:00,S,14,15105758.84
can,CY,2023-03-01 00:00:00,U,31,36792048.8
can,CY,2023-03-01 00:00:00,W,5,96211800.0
can,CY,2023-04-01 00:00:00,S,14,10414240.0
can,CY,2023-04-01 00:00:00,U,24,31854343.4
can,CY,2023-04-01 00:00:00,W,1,128900.0
can,CY,2023-05-01 00:00:00,S,11,15907907.399999999
can,CY,2023-05-01 00:00:00,U,32,27658866.64
can,CY,2023-05-01 00:00:00,W,2,25225556.16
can,CY,2023-06-01 00:00:00,S,12,7055239.8
can,CY,2023-06-01 00:00:00,U,9,3405790.56
can,CY,2023-07-01 00:00:00,S,10,7658309.0
can,CY,2023-07-01 00:00:00,U,22,31565326.4
can,CY,2023-07-01 00:00:00,W,6,62826200.0
can,CY,2023-08-01 00:00:00,S,4,602802.5
can,CY,2023-08-01 00:00:00,U,27,1469250847.24
can,CY,2023-09-01 00:00:00,S,3,517902.5
can,CY,2023-09-01 00:00:00,U,43,69098881.19
can,CY,2023-09-01 00:00:00,W,5,97734420.53999999
can,CZ,2016-01-01 00:00:00,S,238,214626298.94000003
can,CZ,2016-01-01 00:00:00,U,145,122719839.33999997
can,CZ,2016-01-01 00:00:00,W,37,90642494.75
can,CZ,2016-02-01 00:00:00,S,145,74320804.66
can,CZ,2016-02-01 00:00:00,U,144,110534483.44999999
can,CZ,2016-02-01 00:00:00,W,35,101800628.95
can,CZ,2016-03-01 00:00:00,S,163,138048671.55999997
can,CZ,2016-03-01 00:00:00,U,130,119618323.21000001
can,CZ,2016-03-01 00:00:00,W,51,55848077.68
can,CZ,2016-04-01 00:00:00,S,182,174871369.76
can,CZ,2016-04-01 00:00:00,U,155,72815414.97000001
can,CZ,2016-04-01 00:00:00,W,41,38349056.03
can,CZ,2016-05-01 00:00:00,S,160,136456921.97
can,CZ,2016-05-01 00:00:00,U,173,139774539.8
can,CZ,2016-05-01 00:00:00,W,60,139328634.81
can,CZ,2016-06-01 00:00:00,S,165,89684602.78999999
can,CZ,2016-06-01 00:00:00,U,183,209882632.5
can,CZ,2016-06-01 00:00:00,W,65,91870445.53
can,CZ,2016-07-01 00:00:00,S,172,125533683.39000002
can,CZ,2016-07-01 00:00:00,U,189,116473774.90999998
can,CZ,2016-07-01 00:00:00,W,68,174903022.54
can,CZ,2016-08-01 00:00:00,S,218,186521219.63999996
can,CZ,2016-08-01 00:00:00,U,202,263084946.63000008
can,CZ,2016-08-01 00:00:00,W,64,285429172.3
can,CZ,2016-09-01 00:00:00,S,184,478080354.74
can,CZ,2016-09-01 00:00:00,U,223,252186590.57
can,CZ,2016-09-01 00:00:00,W,60,187943593.95000002
can,CZ,2016-10-01 00:00:00,S,277,171628028.01
can,CZ,2016-10-01 00:00:00,U,432,173224180.58
can,CZ,2016-10-01 00:00:00,W,73,102837300.44
can,CZ,2016-11-01 00:00:00,S,284,8893074068.28
can,CZ,2016-11-01 00:00:00,U,371,1787290663.72
can,CZ,2016-11-01 00:00:00,W,50,123202725.02000001
can,CZ,2016-12-01 00:00:00,S,242,1794864374.1500003
can,CZ,2016-12-01 00:00:00,U,308,2404549351.9
can,CZ,2016-12-01 00:00:00,W,64,131501954.23
can,CZ,2017-01-01 00:00:00,S,485,652177183.06
can,CZ,2017-01-01 00:00:00,U,518,1046544915.4199998
can,CZ,2017-01-01 00:00:00,W,59,256379413.88
can,CZ,2017-02-01 00:00:00,S,212,175711265.2
can,CZ,2017-02-01 00:00:00,U,258,184709852.58
can,CZ,2017-02-01 00:00:00,W,41,152572939.87
can,CZ,2017-03-01 00:00:00,S,218,224922461.1
can,CZ,2017-03-01 00:00:00,U,293,182185566.71
can,CZ,2017-03-01 00:00:00,W,39,90989160.99000001
can,CZ,2017-04-01 00:00:00,S,398,247790546.16000003
can,CZ,2017-04-01 00:00:00,U,481,235687172.7
can,CZ,2017-04-01 00:00:00,W,47,310980149.92999995
can,CZ,2017-05-01 00:00:00,S,322,453491537.52
can,CZ,2017-05-01 00:00:00,U,303,317337261.67
can,CZ,2017-05-01 00:00:00,W,50,164737276.65
can,CZ,2017-06-01 00:00:00,S,192,290479507.23
can,CZ,2017-06-01 00:00:00,U,338,306481959.53999996
can,CZ,2017-06-01 00:00:00,W,63,358467204.17999995
can,CZ,2017-07-01 00:00:00,S,352,121922532.97999999
can,CZ,2017-07-01 00:00:00,U,501,211540533.53
can,CZ,2017-07-01 00:00:00,W,76,214752693.51
can,CZ,2017-08-01 00:00:00,S,209,98293365.70000002
can,CZ,2017-08-01 00:00:00,U,392,136717161.48
can,CZ,2017-08-01 00:00:00,W,61,534007257.4499999
can,CZ,2017-09-01 00:00:00,S,189,117499651.66000001
can,CZ,2017-09-01 00:00:00,U,345,141375219.83999997
can,CZ,2017-09-01 00:00:00,W,48,468122239.2999999
can,CZ,2017-10-01 00:00:00,S,431,227493289.19
can,CZ,2017-10-01 00:00:00,U,671,307049242.62
can,CZ,2017-10-01 00:00:00,W,56,108392122.59
can,CZ,2017-11-01 00:00:00,S,236,112212369.15999998
can,CZ,2017-11-01 00:00:00,U,504,528176629.93999994
can,CZ,2017-11-01 00:00:00,W,35,165326329.48
can,CZ,2017-12-01 00:00:00,S,218,282173738.93000007
can,CZ,2017-12-01 00:00:00,U,411,1745205521.5000002
can,CZ,2017-12-01 00:00:00,W,32,292206339.15999997
can,CZ,2018-01-01 00:00:00,S,537,318887305.83
can,CZ,2018-01-01 00:00:00,U,707,2848890571.049999
can,CZ,2018-01-01 00:00:00,W,51,457577838.6
can,CZ,2018-02-01 00:00:00,S,230,190265303.34000003
can,CZ,2018-02-01 00:00:00,U,364,254405918.96999997
can,CZ,2018-02-01 00:00:00,W,32,243583759.10999995
can,CZ,2018-03-01 00:00:00,S,223,263025947.26
can,CZ,2018-03-01 00:00:00,U,431,160158028.76
can,CZ,2018-03-01 00:00:00,W,49,306866265.65000004
can,CZ,2018-04-01 00:00:00,S,446,169801506.55
can,CZ,2018-04-01 00:00:00,U,739,233672321.73
can,CZ,2018-04-01 00:00:00,W,60,188573104.14
can,CZ,2018-05-01 00:00:00,S,274,253550252.53000003
can,CZ,2018-05-01 00:00:00,U,635,294482550.75
can,CZ,2018-05-01 00:00:00,W,68,253592534.95000002
can,CZ,2018-06-01 00:00:00,S,262,519824724.4200001
can,CZ,2018-06-01 00:00:00,U,632,234548694.21
can,CZ,2018-06-01 00:00:00,W,63,103068939.60999998
can,CZ,2018-07-01 00:00:00,S,456,506987699.15999985
can,CZ,2018-07-01 00:00:00,U,945,665996967.7399999
can,CZ,2018-07-01 00:00:00,W,76,148644775.89999998
can,CZ,2018-08-01 00:00:00,S,259,305504864.89
can,CZ,2018-08-01 00:00:00,U,641,374984999.50999993
can,CZ,2018-08-01 00:00:00,W,56,1212901497.05
can,CZ,2018-09-01 00:00:00,S,256,753862212.7699999
can,CZ,2018-09-01 00:00:00,U,582,702910806.4599999
can,CZ,2018-09-01 00:00:00,W,54,202875830.42
can,CZ,2018-10-01 00:00:00,S,540,1377868888.94
can,CZ,2018-10-01 00:00:00,U,1029,1660875834.7299998
can,CZ,2018-10-01 00:00:00,W,60,272407233.74
can,CZ,2018-11-01 00:00:00,S,266,370772911.39000005
can,CZ,2018-11-01 00:00:00,U,612,4224318121.6799994
can,CZ,2018-11-01 00:00:00,W,36,201940619.83
can,CZ,2018-12-01 00:00:00,S,223,220800190.52999997
can,CZ,2018-12-01 00:00:00,U,529,583494597.06
can,CZ,2018-12-01 00:00:00,W,39,132021346.38000001
can,CZ,2019-01-01 00:00:00,S,588,1031639684.45
can,CZ,2019-01-01 00:00:00,U,913,545714892.2800001
can,CZ,2019-01-01 00:00:00,W,44,303008764.65999997
can,CZ,2019-02-01 00:00:00,S,230,339972401191.61005
can,CZ,2019-02-01 00:00:00,U,413,175592176.39000002
can,CZ,2019-02-01 00:00:00,W,40,496099318.73999995
can,CZ,2019-03-01 00:00:00,S,233,185201543.64999998
can,CZ,2019-03-01 00:00:00,U,442,369195177.95
can,CZ,2019-03-01 00:00:00,W,52,468839648.18
can,CZ,2019-04-01 00:00:00,S,497,767507570.13
can,CZ,2019-04-01 00:00:00,U,900,917892656.5500001
can,CZ,2019-04-01 00:00:00,W,57,239242161.01999998
can,CZ,2019-05-01 00:00:00,S,242,239840413.08000004
can,CZ,2019-05-01 00:00:00,U,519,248914992.54000002
can,CZ,2019-05-01 00:00:00,W,69,305274565.91
can,CZ,2019-06-01 00:00:00,S,202,1687751636.7899992
can,CZ,2019-06-01 00:00:00,U,480,427875600.02000004
can,CZ,2019-06-01 00:00:00,W,59,185255112.11
can,CZ,2019-07-01 00:00:00,S,556,598178924.5100001
can,CZ,2019-07-01 00:00:00,U,950,439283069.97999996
can,CZ,2019-07-01 00:00:00,W,92,624573872.76
can,CZ,2019-08-01 00:00:00,S,258,628202088.6099999
can,CZ,2019-08-01 00:00:00,U,597,344558401.7900001
can,CZ,2019-08-01 00:00:00,W,74,656218669.5600001
can,CZ,2019-09-01 00:00:00,S,232,143920577.95
can,CZ,2019-09-01 00:00:00,U,582,275887633.7900001
can,CZ,2019-09-01 00:00:00,W,62,309313373.09
can,CZ,2019-10-01 00:00:00,S,574,392358793.86
can,CZ,2019-10-01 00:00:00,U,1052,1252765402.1299996
can,CZ,2019-10-01 00:00:00,W,67,333383363.36
can,CZ,2019-11-01 00:00:00,S,297,280140030.58
can,CZ,2019-11-01 00:00:00,U,515,357097512.9699999
can,CZ,2019-11-01 00:00:00,W,51,366299263.85999995
can,CZ,2019-12-01 00:00:00,S,308,564480646.06
can,CZ,2019-12-01 00:00:00,U,542,346143374.2199999
can,CZ,2019-12-01 00:00:00,W,42,330901410.92
can,CZ,2020-01-01 00:00:00,S,519,1053200287.9300001
can,CZ,2020-01-01 00:00:00,U,905,923216016.76
can,CZ,2020-01-01 00:00:00,W,60,337492922.37
can,CZ,2020-02-01 00:00:00,S,309,591244935.09
can,CZ,2020-02-01 00:00:00,U,424,741700642.6
can,CZ,2020-02-01 00:00:00,W,41,104038017.73999998
can,CZ,2020-03-01 00:00:00,S,258,371871857.98999995
can,CZ,2020-03-01 00:00:00,U,444,384009787.81
can,CZ,2020-03-01 00:00:00,W,59,413787982.4899999
can,CZ,2020-04-01 00:00:00,S,563,651539803.0200001
can,CZ,2020-04-01 00:00:00,U,898,650940015.32
can,CZ,2020-04-01 00:00:00,W,82,432547086.38000005
can,CZ,2020-05-01 00:00:00,S,268,171954349.05
can,CZ,2020-05-01 00:00:00,U,520,438297076.58000004
can,CZ,2020-05-01 00:00:00,W,73,412442713.21000004
can,CZ,2020-06-01 00:00:00,S,244,316025916.71999997
can,CZ,2020-06-01 00:00:00,U,467,226168497.71999997
can,CZ,2020-06-01 00:00:00,W,80,277924169.16
can,CZ,2020-07-01 00:00:00,S,622,940192217.06
can,CZ,2020-07-01 00:00:00,U,1015,491022684.84999996
can,CZ,2020-07-01 00:00:00,W,126,452807610.12
can,CZ,2020-08-01 00:00:00,S,262,289561547.45000005
can,CZ,2020-08-01 00:00:00,U,454,771647213.5200001
can,CZ,2020-08-01 00:00:00,W,77,199191627.69000003
can,CZ,2020-09-01 00:00:00,S,252,491417254.9400001
can,CZ,2020-09-01 00:00:00,U,478,277078328.65
can,CZ,2020-09-01 00:00:00,W,91,526450126.84000003
can,CZ,2020-10-01 00:00:00,S,669,793699390.5599998
can,CZ,2020-10-01 00:00:00,U,1120,661628558.6
can,CZ,2020-10-01 00:00:00,W,125,241258785.79999998
can,CZ,2020-11-01 00:00:00,S,252,459053027.09000003
can,CZ,2020-11-01 00:00:00,U,554,554593671.9999999
can,CZ,2020-11-01 00:00:00,W,84,345372910.65000004
can,CZ,2020-12-01 00:00:00,S,295,612687594.66
can,CZ,2020-12-01 00:00:00,U,505,341562868.47
can,CZ,2020-12-01 00:00:00,W,63,234005825.29000002
can,CZ,2021-01-01 00:00:00,S,718,5000321666.7300005
can,CZ,2021-01-01 00:00:00,U,1124,1963328753.0399992
can,CZ,2021-01-01 00:00:00,W,94,276197702.28000003
can,CZ,2021-02-01 00:00:00,S,341,730681633.3199999
can,CZ,2021-02-01 00:00:00,U,470,331760777.78000003
can,CZ,2021-02-01 00:00:00,W,61,1520126550.8100002
can,CZ,2021-03-01 00:00:00,S,328,353195054.63
can,CZ,2021-03-01 00:00:00,U,498,358723593.56
can,CZ,2021-03-01 00:00:00,W,82,482387795.69000006
can,CZ,2021-04-01 00:00:00,S,684,706033502.4799999
can,CZ,2021-04-01 00:00:00,U,1032,429417077.85
can,CZ,2021-04-01 00:00:00,W,100,336972635.33000004
can,CZ,2021-05-01 00:00:00,S,313,547855631.9399999
can,CZ,2021-05-01 00:00:00,U,522,385203040.88
can,CZ,2021-05-01 00:00:00,W,98,350836831.72
can,CZ,2021-06-01 00:00:00,S,328,717950431.48
can,CZ,2021-06-01 00:00:00,U,588,723890986.96
can,CZ,2021-06-01 00:00:00,W,88,335449798.7
can,CZ,2021-07-01 00:00:00,S,703,1062643918.7200003
can,CZ,2021-07-01 00:00:00,U,1053,564032385.1
can,CZ,2021-07-01 00:00:00,W,143,903785418.4199998
can,CZ,2021-08-01 00:00:00,S,315,136630239.95
can,CZ,2021-08-01 00:00:00,U,557,460427073.01
can,CZ,2021-08-01 00:00:00,W,89,363963790.84999996
can,CZ,2021-09-01 00:00:00,S,311,200665251.48000002
can,CZ,2021-09-01 00:00:00,U,552,605879101.85
can,CZ,2021-09-01 00:00:00,W,98,220091784.09
can,CZ,2021-10-01 00:00:00,S,727,677600989.71
can,CZ,2021-10-01 00:00:00,U,1160,886851945.5400001
can,CZ,2021-10-01 00:00:00,W,148,309236164.16
can,CZ,2021-11-01 00:00:00,S,378,419859566.20000005
can,CZ,2021-11-01 00:00:00,U,602,418016721.09
can,CZ,2021-11-01 00:00:00,W,94,287693772.5
can,CZ,2021-12-01 00:00:00,S,375,525472405.81000006
can,CZ,2021-12-01 00:00:00,U,604,627625552.3699999
can,CZ,2021-12-01 00:00:00,W,62,333336813.91
can,CZ,2022-01-01 00:00:00,S,897,2230538487.91
can,CZ,2022-01-01 00:00:00,U,1319,917006546.8899999
can,CZ,2022-01-01 00:00:00,W,157,792296874.66
can,CZ,2022-02-01 00:00:00,S,306,333532768.2299999
can,CZ,2022-02-01 00:00:00,U,468,290963426.27
can,CZ,2022-02-01 00:00:00,W,135,351420473.22
can,CZ,2022-03-01 00:00:00,S,326,601826246.67
can,CZ,2022-03-01 00:00:00,U,590,679713998.7199999
can,CZ,2022-03-01 00:00:00,W,85,199834970.35999998
can,CZ,2022-04-01 00:00:00,S,738,886361362.4000001
can,CZ,2022-04-01 00:00:00,U,1165,1259120403.3300002
can,CZ,2022-04-01 00:00:00,W,124,515521183.27000004
can,CZ,2022-05-01 00:00:00,S,301,214582563.82000002
can,CZ,2022-05-01 00:00:00,U,645,945562236.1499999
can,CZ,2022-05-01 00:00:00,W,88,215995941.89000002
can,CZ,2022-06-01 00:00:00,S,262,261229291.91000003
can,CZ,2022-06-01 00:00:00,U,620,358218546.49
can,CZ,2022-06-01 00:00:00,W,119,302120444.88000005
can,CZ,2022-07-01 00:00:00,S,760,788015423.1900002
can,CZ,2022-07-01 00:00:00,U,1299,765107753.04
can,CZ,2022-07-01 00:00:00,W,125,271322519.22999996
can,CZ,2022-08-01 00:00:00,S,337,1081678503.86
can,CZ,2022-08-01 00:00:00,U,706,3342920629.430001
can,CZ,2022-08-01 00:00:00,W,144,253305393.96
can,CZ,2022-09-01 00:00:00,S,300,465857812.33000004
can,CZ,2022-09-01 00:00:00,U,655,589978231.3100001
can,CZ,2022-09-01 00:00:00,W,100,371964007.41
can,CZ,2022-10-01 00:00:00,S,902,524559666.67
can,CZ,2022-10-01 00:00:00,U,1320,847662404.8299998
can,CZ,2022-10-01 00:00:00,W,131,473619139.07
can,CZ,2022-11-01 00:00:00,S,417,614199972.4799999
can,CZ,2022-11-01 00:00:00,U,910,1716158933.3799994
can,CZ,2022-11-01 00:00:00,W,55,162940775.29000002
can,CZ,2022-12-01 00:00:00,S,381,566658821.0999998
can,CZ,2022-12-01 00:00:00,U,751,860957347.3300002
can,CZ,2022-12-01 00:00:00,W,79,934313069.02
can,CZ,2023-01-01 00:00:00,S,1009,1054836413.7899996
can,CZ,2023-01-01 00:00:00,U,1377,1983739234.7300003
can,CZ,2023-01-01 00:00:00,W,121,727539198.4000001
can,CZ,2023-02-01 00:00:00,S,339,273736305.86
can,CZ,2023-02-01 00:00:00,U,600,480310047.80999994
can,CZ,2023-02-01 00:00:00,W,64,170858760.87
can,CZ,2023-03-01 00:00:00,S,317,309410166.83000004
can,CZ,2023-03-01 00:00:00,U,601,443691480.61
can,CZ,2023-03-01 00:00:00,W,91,389715088.58000004
can,CZ,2023-04-01 00:00:00,S,821,647740708.2599999
can,CZ,2023-04-01 00:00:00,U,1258,2094991920.12
can,CZ,2023-04-01 00:00:00,W,133,478384430.38
can,CZ,2023-05-01 00:00:00,S,396,761768659.51
can,CZ,2023-05-01 00:00:00,U,763,1074009105.07
can,CZ,2023-05-01 00:00:00,W,147,390336363.53999996
can,CZ,2023-06-01 00:00:00,S,378,707317172.1800002
can,CZ,2023-06-01 00:00:00,U,780,701186516.8699999
can,CZ,2023-06-01 00:00:00,W,108,478405949.04
can,CZ,2023-07-01 00:00:00,S,936,672503470.6399999
can,CZ,2023-07-01 00:00:00,U,1408,1511539122.3400004
can,CZ,2023-07-01 00:00:00,W,143,355399148.96000004
can,CZ,2023-08-01 00:00:00,S,372,810506571.8299999
can,CZ,2023-08-01 00:00:00,U,830,675715224.89
can,CZ,2023-08-01 00:00:00,W,111,582064631.11
can,CZ,2023-09-01 00:00:00,S,391,1101223349.94
can,CZ,2023-09-01 00:00:00,U,773,2087793946.83
can,CZ,2023-09-01 00:00:00,W,129,1541426230.9699998
can,DE,2016-01-01 00:00:00,S,713,765702639.8900001
can,DE,2016-01-01 00:00:00,U,576,158833529.25
can,DE,2016-01-01 00:00:00,W,770,673684806.32
can,DE,2016-02-01 00:00:00,S,673,428170181.68000007
can,DE,2016-02-01 00:00:00,U,510,164299606.41000003
can,DE,2016-02-01 00:00:00,W,819,1102030566.5499997
can,DE,2016-03-01 00:00:00,S,688,242737675.80999997
can,DE,2016-03-01 00:00:00,U,503,166338374.52999997
can,DE,2016-03-01 00:00:00,W,881,617208801.54
can,DE,2016-04-01 00:00:00,S,620,209915454.58
can,DE,2016-04-01 00:00:00,U,558,229017125.54000002
can,DE,2016-04-01 00:00:00,W,862,978217544.56
can,DE,2016-05-01 00:00:00,S,692,298146778.35999995
can,DE,2016-05-01 00:00:00,U,558,218182779.04999998
can,DE,2016-05-01 00:00:00,W,1089,721305902.83
can,DE,2016-06-01 00:00:00,S,870,949401674.0699999
can,DE,2016-06-01 00:00:00,U,718,461371192.61999995
can,DE,2016-06-01 00:00:00,W,1053,700902397.71
can,DE,2016-07-01 00:00:00,S,910,510805462.62
can,DE,2016-07-01 00:00:00,U,699,616541681.11
can,DE,2016-07-01 00:00:00,W,1073,876420553.76
can,DE,2016-08-01 00:00:00,S,963,10000439540722.23
can,DE,2016-08-01 00:00:00,U,594,240671170.0
can,DE,2016-08-01 00:00:00,W,1056,734377645.4499999
can,DE,2016-09-01 00:00:00,S,773,746663852.64
can,DE,2016-09-01 00:00:00,U,567,854445593.1700001
can,DE,2016-09-01 00:00:00,W,813,502819167.23999995
can,DE,2016-10-01 00:00:00,S,682,40003168458174.03
can,DE,2016-10-01 00:00:00,U,637,980518026.15
can,DE,2016-10-01 00:00:00,W,908,1038322701.19
can,DE,2016-11-01 00:00:00,S,932,658045242.0099999
can,DE,2016-11-01 00:00:00,U,678,783723719.45
can,DE,2016-11-01 00:00:00,W,906,878323697.44
can,DE,2016-12-01 00:00:00,S,1068,1983252575.1200001
can,DE,2016-12-01 00:00:00,U,790,773668754.03
can,DE,2016-12-01 00:00:00,W,853,1245206614.7700002
can,DE,2017-01-01 00:00:00,S,980,1746016993.0899997
can,DE,2017-01-01 00:00:00,U,596,272821929.0
can,DE,2017-01-01 00:00:00,W,880,1749535848.6300004
can,DE,2017-02-01 00:00:00,S,704,487258929.87999994
can,DE,2017-02-01 00:00:00,U,468,294513057.46
can,DE,2017-02-01 00:00:00,W,768,2317360582.32
can,DE,2017-03-01 00:00:00,S,884,935341959.2800002
can,DE,2017-03-01 00:00:00,U,582,352630934.74
can,DE,2017-03-01 00:00:00,W,1093,1054348193.2699999
can,DE,2017-04-01 00:00:00,S,677,1029661229.6400001
can,DE,2017-04-01 00:00:00,U,490,1117937787.13
can,DE,2017-04-01 00:00:00,W,1048,1092457504.28
can,DE,2017-05-01 00:00:00,S,840,20001651108573.05
can,DE,2017-05-01 00:00:00,U,627,275312792.03999996
can,DE,2017-05-01 00:00:00,W,1223,971698850.19
can,DE,2017-06-01 00:00:00,S,840,661626895.6899999
can,DE,2017-06-01 00:00:00,U,648,322451184.51000005
can,DE,2017-06-01 00:00:00,W,1176,1191862157.3600001
can,DE,2017-07-01 00:00:00,S,1094,851132283.6899999
can,DE,2017-07-01 00:00:00,U,784,407874801.62
can,DE,2017-07-01 00:00:00,W,1245,1645905613.09
can,DE,2017-08-01 00:00:00,S,1054,833211122.5900002
can,DE,2017-08-01 00:00:00,U,767,509005497.8999999
can,DE,2017-08-01 00:00:00,W,1276,1359612921.5600002
can,DE,2017-09-01 00:00:00,S,906,1509032958.0100002
can,DE,2017-09-01 00:00:00,U,675,382239957.90000004
can,DE,2017-09-01 00:00:00,W,920,874903276.4100001
can,DE,2017-10-01 00:00:00,S,966,30001185818549.445
can,DE,2017-10-01 00:00:00,U,748,702007003.7900001
can,DE,2017-10-01 00:00:00,W,920,1230931393.43
can,DE,2017-11-01 00:00:00,S,1161,9652424226.470003
can,DE,2017-11-01 00:00:00,U,905,799310309.4300001
can,DE,2017-11-01 00:00:00,W,1101,669040753.7499999
can,DE,2017-12-01 00:00:00,S,1219,1296528827.9700003
can,DE,2017-12-01 00:00:00,U,871,581007374.43
can,DE,2017-12-01 00:00:00,W,947,805048802.95
can,DE,2018-01-01 00:00:00,S,1175,10004535169717.648
can,DE,2018-01-01 00:00:00,U,662,299228143.89
can,DE,2018-01-01 00:00:00,W,1087,1038453014.6099999
can,DE,2018-02-01 00:00:00,S,962,40001416641305.55
can,DE,2018-02-01 00:00:00,U,553,682133585.2900001
can,DE,2018-02-01 00:00:00,W,990,1036363148.6000001
can,DE,2018-03-01 00:00:00,S,989,784725161.0
can,DE,2018-03-01 00:00:00,U,558,272935581.14000005
can,DE,2018-03-01 00:00:00,W,1052,1237473193.6600003
can,DE,2018-04-01 00:00:00,S,943,2422265392348.6772
can,DE,2018-04-01 00:00:00,U,610,359652084.40999997
can,DE,2018-04-01 00:00:00,W,1207,940141251.32
can,DE,2018-05-01 00:00:00,S,971,1261374667.72
can,DE,2018-05-01 00:00:00,U,636,267419509.76999998
can,DE,2018-05-01 00:00:00,W,1237,1205443012.25
can,DE,2018-06-01 00:00:00,S,1109,861352932.5200001
can,DE,2018-06-01 00:00:00,U,726,307965302.8100001
can,DE,2018-06-01 00:00:00,W,1304,1038241741.5099998
can,DE,2018-07-01 00:00:00,S,1237,30001693513375.707
can,DE,2018-07-01 00:00:00,U,750,374502156.61999995
can,DE,2018-07-01 00:00:00,W,1423,1253641882.95
can,DE,2018-08-01 00:00:00,S,1201,2084130253.32
can,DE,2018-08-01 00:00:00,U,794,985115427.8199999
can,DE,2018-08-01 00:00:00,W,1420,1831671120.0900002
can,DE,2018-09-01 00:00:00,S,967,1172146240.5300002
can,DE,2018-09-01 00:00:00,U,732,1222811521.42
can,DE,2018-09-01 00:00:00,W,1043,938422181.74
can,DE,2018-10-01 00:00:00,S,1220,1117813442.49
can,DE,2018-10-01 00:00:00,U,953,781417749.04
can,DE,2018-10-01 00:00:00,W,1223,1636721134.3500001
can,DE,2018-11-01 00:00:00,S,1395,10001038194733.758
can,DE,2018-11-01 00:00:00,U,969,30852841169.910015
can,DE,2018-11-01 00:00:00,W,1111,1113575628.1899998
can,DE,2018-12-01 00:00:00,S,1241,30002202694046.168
can,DE,2018-12-01 00:00:00,U,871,2744475300.2
can,DE,2018-12-01 00:00:00,W,917,1209496608.5900002
can,DE,2019-01-01 00:00:00,S,1455,10003630688157.65
can,DE,2019-01-01 00:00:00,U,870,1717679954.3299997
can,DE,2019-01-01 00:00:00,W,1537,1585397067.8100002
can,DE,2019-02-01 00:00:00,S,1141,767269117.4200002
can,DE,2019-02-01 00:00:00,U,683,1000834947233.6204
can,DE,2019-02-01 00:00:00,W,1253,1487759365.7300003
can,DE,2019-03-01 00:00:00,S,1239,1531846961.0399997
can,DE,2019-03-01 00:00:00,U,699,824411392.36
can,DE,2019-03-01 00:00:00,W,1338,1465937518.0900002
can,DE,2019-04-01 00:00:00,S,1254,3140559631.5
can,DE,2019-04-01 00:00:00,U,874,536257671.75000006
can,DE,2019-04-01 00:00:00,W,1565,2434987937.33
can,DE,2019-05-01 00:00:00,S,1334,1306311608.76
can,DE,2019-05-01 00:00:00,U,804,465578974.27
can,DE,2019-05-01 00:00:00,W,1859,1496204542.08
can,DE,2019-06-01 00:00:00,S,1313,10000912244660.895
can,DE,2019-06-01 00:00:00,U,853,30001062272500.34
can,DE,2019-06-01 00:00:00,W,1377,1153258212.6999998
can,DE,2019-07-01 00:00:00,S,1679,1365462284.3000002
can,DE,2019-07-01 00:00:00,U,958,3353955964.539999
can,DE,2019-07-01 00:00:00,W,1920,2101773443.4700003
can,DE,2019-08-01 00:00:00,S,1397,1854505853.0099998
can,DE,2019-08-01 00:00:00,U,891,540236448.09
can,DE,2019-08-01 00:00:00,W,1547,1165932622.9899998
can,DE,2019-09-01 00:00:00,S,1275,10001133853515.059
can,DE,2019-09-01 00:00:00,U,829,580209692.07
can,DE,2019-09-01 00:00:00,W,1302,1716698718.2
can,DE,2019-10-01 00:00:00,S,1421,90001658013268.06
can,DE,2019-10-01 00:00:00,U,1028,1029936761.61
can,DE,2019-10-01 00:00:00,W,1503,1335017333.21
can,DE,2019-11-01 00:00:00,S,1547,20002497351446.324
can,DE,2019-11-01 00:00:00,U,1079,1169632116.45
can,DE,2019-11-01 00:00:00,W,1517,1702969275.0199997
can,DE,2019-12-01 00:00:00,S,1597,1485170156.1600003
can,DE,2019-12-01 00:00:00,U,1020,549617874.05
can,DE,2019-12-01 00:00:00,W,1216,2182767724.35
can,DE,2020-01-01 00:00:00,S,1549,3497981903.15
can,DE,2020-01-01 00:00:00,U,917,10001639385896.588
can,DE,2020-01-01 00:00:00,W,1511,1593000651.3899996
can,DE,2020-02-01 00:00:00,S,1289,1799168887.8699994
can,DE,2020-02-01 00:00:00,U,708,10000658622562.848
can,DE,2020-02-01 00:00:00,W,1355,942223176.04
can,DE,2020-03-01 00:00:00,S,1527,1107069982.1000001
can,DE,2020-03-01 00:00:00,U,893,376305404.25
can,DE,2020-03-01 00:00:00,W,1536,2245883212.7200003
can,DE,2020-04-01 00:00:00,S,1270,1227659601.98
can,DE,2020-04-01 00:00:00,U,903,595439018.7900001
can,DE,2020-04-01 00:00:00,W,1562,1661819914.1499999
can,DE,2020-05-01 00:00:00,S,1247,1018962621.5600002
can,DE,2020-05-01 00:00:00,U,962,24863391803.66
can,DE,2020-05-01 00:00:00,W,1637,1387184819.2299998
can,DE,2020-06-01 00:00:00,S,1443,1229008179.9300003
can,DE,2020-06-01 00:00:00,U,1025,714654731.1999999
can,DE,2020-06-01 00:00:00,W,1763,1207263541.79
can,DE,2020-07-01 00:00:00,S,1756,10001588723286.365
can,DE,2020-07-01 00:00:00,U,1170,5271880058.43
can,DE,2020-07-01 00:00:00,W,1776,2089122430.67
can,DE,2020-08-01 00:00:00,S,1355,1612108944.49
can,DE,2020-08-01 00:00:00,U,930,341424467.84000003
can,DE,2020-08-01 00:00:00,W,1634,1469977249.5000002
can,DE,2020-09-01 00:00:00,S,1466,1247277203.87
can,DE,2020-09-01 00:00:00,U,1111,647341901.95
can,DE,2020-09-01 00:00:00,W,1583,1467353114.1799998
can,DE,2020-10-01 00:00:00,S,1593,1291214997.5499997
can,DE,2020-10-01 00:00:00,U,1235,681616601.01
can,DE,2020-10-01 00:00:00,W,1782,1409833467.9700003
can,DE,2020-11-01 00:00:00,S,1637,1425392151.8400002
can,DE,2020-11-01 00:00:00,U,1129,591190228.35
can,DE,2020-11-01 00:00:00,W,1745,1483229641.9899998
can,DE,2020-12-01 00:00:00,S,1977,10009259094009.758
can,DE,2020-12-01 00:00:00,U,1315,986727159.5700002
can,DE,2020-12-01 00:00:00,W,1721,1524037964.79
can,DE,2021-01-01 00:00:00,S,1521,1530061502.1699996
can,DE,2021-01-01 00:00:00,U,1083,624200589.71
can,DE,2021-01-01 00:00:00,W,1585,1917099340.6300004
can,DE,2021-02-01 00:00:00,S,1476,1263880186.5900004
can,DE,2021-02-01 00:00:00,U,821,256048988.84
can,DE,2021-02-01 00:00:00,W,1607,1351458391.4599998
can,DE,2021-03-01 00:00:00,S,1668,1980258684.049999
can,DE,2021-03-01 00:00:00,U,1058,491261589.99000007
can,DE,2021-03-01 00:00:00,W,1760,1096828934.81
can,DE,2021-04-01 00:00:00,S,1410,804094530.38
can,DE,2021-04-01 00:00:00,U,905,350876123.03999996
can,DE,2021-04-01 00:00:00,W,1531,1466433137.1799998
can,DE,2021-05-01 00:00:00,S,1624,3771467378.81
can,DE,2021-05-01 00:00:00,U,966,437133096.0900001
can,DE,2021-05-01 00:00:00,W,1660,2927066252.06
can,DE,2021-06-01 00:00:00,S,1794,4667081776.290004
can,DE,2021-06-01 00:00:00,U,1136,482177819.82000005
can,DE,2021-06-01 00:00:00,W,1802,1264509626.8500001
can,DE,2021-07-01 00:00:00,S,1665,10001311912840.057
can,DE,2021-07-01 00:00:00,U,1204,1322275923.53
can,DE,2021-07-01 00:00:00,W,1786,1218290583.5300002
can,DE,2021-08-01 00:00:00,S,1610,1349102931.0600004
can,DE,2021-08-01 00:00:00,U,1127,650791380.43
can,DE,2021-08-01 00:00:00,W,1721,1531241426.91
can,DE,2021-09-01 00:00:00,S,1462,50004296730589.74
can,DE,2021-09-01 00:00:00,U,1101,417515050.43000007
can,DE,2021-09-01 00:00:00,W,1373,983717738.56
can,DE,2021-10-01 00:00:00,S,1553,1351608679.73
can,DE,2021-10-01 00:00:00,U,1166,1134499402.5399997
can,DE,2021-10-01 00:00:00,W,1426,1126850300.72
can,DE,2021-11-01 00:00:00,S,1797,1898457618.8799996
can,DE,2021-11-01 00:00:00,U,1337,584336561.4
can,DE,2021-11-01 00:00:00,W,1457,1041979406.6300001
can,DE,2021-12-01 00:00:00,S,1940,1478155714.0999997
can,DE,2021-12-01 00:00:00,U,1381,1257604115.2699997
can,DE,2021-12-01 00:00:00,W,1495,1173682864.42
can,DE,2022-01-01 00:00:00,S,1654,2091515939.7399995
can,DE,2022-01-01 00:00:00,U,902,464533580.06999993
can,DE,2022-01-01 00:00:00,W,1470,1152674178.7500002
can,DE,2022-02-01 00:00:00,S,1478,1354806242.1499999
can,DE,2022-02-01 00:00:00,U,838,5741409881.090001
can,DE,2022-02-01 00:00:00,W,1311,4946592287.700005
can,DE,2022-03-01 00:00:00,S,1819,1436541904.7600002
can,DE,2022-03-01 00:00:00,U,1016,376526696.7200001
can,DE,2022-03-01 00:00:00,W,1708,1646482365.4699998
can,DE,2022-04-01 00:00:00,S,1603,4685923529.149999
can,DE,2022-04-01 00:00:00,U,1043,751515192.84
can,DE,2022-04-01 00:00:00,W,1467,1283998914.4099998
can,DE,2022-05-01 00:00:00,S,1762,1192845329.74
can,DE,2022-05-01 00:00:00,U,1206,1123228145.02
can,DE,2022-05-01 00:00:00,W,1688,2594800243.1199994
can,DE,2022-06-01 00:00:00,S,1781,2406880522.0699997
can,DE,2022-06-01 00:00:00,U,1223,549623090.46
can,DE,2022-06-01 00:00:00,W,1690,4807618849.990006
can,DE,2022-07-01 00:00:00,S,1747,40002212434219.25
can,DE,2022-07-01 00:00:00,U,1246,1261773900.22
can,DE,2022-07-01 00:00:00,W,1733,1650023419.9199998
can,DE,2022-08-01 00:00:00,S,1817,1424307323.28
can,DE,2022-08-01 00:00:00,U,1185,693534629.25
can,DE,2022-08-01 00:00:00,W,1656,1470662316.03
can,DE,2022-09-01 00:00:00,S,1634,10001390230384.738
can,DE,2022-09-01 00:00:00,U,1199,666541120.22
can,DE,2022-09-01 00:00:00,W,1425,1127655042.5
can,DE,2022-10-01 00:00:00,S,1665,50002415927935.086
can,DE,2022-10-01 00:00:00,U,1133,553499310.9400002
can,DE,2022-10-01 00:00:00,W,1401,1543817483.4199998
can,DE,2022-11-01 00:00:00,S,1932,10001875288738.963
can,DE,2022-11-01 00:00:00,U,1523,1384184925.2700002
can,DE,2022-11-01 00:00:00,W,1718,1405118054.3400002
can,DE,2022-12-01 00:00:00,S,2053,2266545405.2699995
can,DE,2022-12-01 00:00:00,U,1443,1125662416.6100001
can,DE,2022-12-01 00:00:00,W,1526,2220639559.64
can,DE,2023-01-01 00:00:00,S,1811,1569768123.9499998
can,DE,2023-01-01 00:00:00,U,1159,667710636.72
can,DE,2023-01-01 00:00:00,W,1473,1251392022.0000002
can,DE,2023-02-01 00:00:00,S,1558,2353715466.5700006
can,DE,2023-02-01 00:00:00,U,1012,555959655.1600001
can,DE,2023-02-01 00:00:00,W,1410,1142190854.9999998
can,DE,2023-03-01 00:00:00,S,1800,1260388857.4899993
can,DE,2023-03-01 00:00:00,U,1128,807607167.8999999
can,DE,2023-03-01 00:00:00,W,1696,1797930679.8800006
can,DE,2023-04-01 00:00:00,S,1478,1029745722.87
can,DE,2023-04-01 00:00:00,U,949,359052587.6300001
can,DE,2023-04-01 00:00:00,W,1600,1631562921.9
can,DE,2023-05-01 00:00:00,S,1811,1762948288.4099998
can,DE,2023-05-01 00:00:00,U,1197,4916034000.680002
can,DE,2023-05-01 00:00:00,W,2016,1788070977.6100001
can,DE,2023-06-01 00:00:00,S,2390,2692849253.879999
can,DE,2023-06-01 00:00:00,U,1361,3002776108.080001
can,DE,2023-06-01 00:00:00,W,1925,2462336703.5099993
can,DE,2023-07-01 00:00:00,S,2305,3781619536.219999
can,DE,2023-07-01 00:00:00,U,1497,1384837690.9899998
can,DE,2023-07-01 00:00:00,W,2220,2350611730.4700003
can,DE,2023-08-01 00:00:00,S,2088,1502715560.6900003
can,DE,2023-08-01 00:00:00,U,1325,789409573.67
can,DE,2023-08-01 00:00:00,W,1950,2203802486.1899996
can,DE,2023-09-01 00:00:00,S,1914,3719138121.3599997
can,DE,2023-09-01 00:00:00,U,1319,554716381.8300002
can,DE,2023-09-01 00:00:00,W,1733,1656388840.0000002
can,DK,2016-01-01 00:00:00,S,131,301162806.2
can,DK,2016-01-01 00:00:00,U,80,48515694.20999999
can,DK,2016-01-01 00:00:00,W,36,154728782.8
can,DK,2016-02-01 00:00:00,S,108,71396373.08999999
can,DK,2016-02-01 00:00:00,U,74,371083597.84999996
can,DK,2016-02-01 00:00:00,W,27,180508903.37
can,DK,2016-03-01 00:00:00,S,73,81854094.17999999
can,DK,2016-03-01 00:00:00,U,55,42242478.7
can,DK,2016-03-01 00:00:00,W,22,132056489.91
can,DK,2016-04-01 00:00:00,S,85,754283905.8600001
can,DK,2016-04-01 00:00:00,U,71,212585599.03000003
can,DK,2016-04-01 00:00:00,W,23,169253924.58999997
can,DK,2016-05-01 00:00:00,S,89,297698018.47
can,DK,2016-05-01 00:00:00,U,72,282650748.33
can,DK,2016-05-01 00:00:00,W,25,4283829816.35
can,DK,2016-06-01 00:00:00,S,96,819766224.1700001
can,DK,2016-06-01 00:00:00,U,83,74171517.0
can,DK,2016-06-01 00:00:00,W,32,305583194.36
can,DK,2016-07-01 00:00:00,S,87,956427575.1899999
can,DK,2016-07-01 00:00:00,U,72,140765807.04999998
can,DK,2016-07-01 00:00:00,W,21,209867093.79
can,DK,2016-08-01 00:00:00,S,90,273137492.06
can,DK,2016-08-01 00:00:00,U,82,196895616.03999996
can,DK,2016-08-01 00:00:00,W,38,703177113.2799999
can,DK,2016-09-01 00:00:00,S,120,553542985.08
can,DK,2016-09-01 00:00:00,U,61,108125036.09999998
can,DK,2016-09-01 00:00:00,W,20,58818327.449999996
can,DK,2016-10-01 00:00:00,S,107,203519298.10999995
can,DK,2016-10-01 00:00:00,U,97,283631712.94
can,DK,2016-10-01 00:00:00,W,33,319703641.58000004
can,DK,2016-11-01 00:00:00,S,132,277926238.07
can,DK,2016-11-01 00:00:00,U,111,391292979.30000013
can,DK,2016-11-01 00:00:00,W,28,108796825.42999999
can,DK,2016-12-01 00:00:00,S,123,1357260917.8
can,DK,2016-12-01 00:00:00,U,87,271434064.12
can,DK,2016-12-01 00:00:00,W,24,98995999.60000002
can,DK,2017-01-01 00:00:00,S,150,577405794.01
can,DK,2017-01-01 00:00:00,U,86,71360594.55
can,DK,2017-01-01 00:00:00,W,29,117996607.29999998
can,DK,2017-02-01 00:00:00,S,84,3491234956.57
can,DK,2017-02-01 00:00:00,U,68,265487531.17000002
can,DK,2017-02-01 00:00:00,W,30,311876398.34000003
can,DK,2017-03-01 00:00:00,S,111,1018875407.3300002
can,DK,2017-03-01 00:00:00,U,77,98405612.97000001
can,DK,2017-03-01 00:00:00,W,22,259883758.76000002
can,DK,2017-04-01 00:00:00,S,64,375477270.60999995
can,DK,2017-04-01 00:00:00,U,56,2995657228.580001
can,DK,2017-04-01 00:00:00,W,21,109697725.60000001
can,DK,2017-05-01 00:00:00,S,115,420649813.89
can,DK,2017-05-01 00:00:00,U,93,472255334.11
can,DK,2017-05-01 00:00:00,W,31,109630321.23999998
can,DK,2017-06-01 00:00:00,S,126,1062955427.79
can,DK,2017-06-01 00:00:00,U,100,581358562.81
can,DK,2017-06-01 00:00:00,W,50,2107047813.48
can,DK,2017-07-01 00:00:00,S,100,1269195632.92
can,DK,2017-07-01 00:00:00,U,57,246724937.17999998
can,DK,2017-07-01 00:00:00,W,28,240264294.42000002
can,DK,2017-08-01 00:00:00,S,103,405623342.89000005
can,DK,2017-08-01 00:00:00,U,68,113742282.57999998
can,DK,2017-08-01 00:00:00,W,35,256086114.21
can,DK,2017-09-01 00:00:00,S,105,1399710295.3899996
can,DK,2017-09-01 00:00:00,U,65,115979440.99
can,DK,2017-09-01 00:00:00,W,29,618549060.01
can,DK,2017-10-01 00:00:00,S,114,339534303.97
can,DK,2017-10-01 00:00:00,U,95,130508693.53
can,DK,2017-10-01 00:00:00,W,38,1384027117.9899998
can,DK,2017-11-01 00:00:00,S,116,710669836.72
can,DK,2017-11-01 00:00:00,U,112,286901379.40000004
can,DK,2017-11-01 00:00:00,W,28,220264441.96
can,DK,2017-12-01 00:00:00,S,151,1041511724.56
can,DK,2017-12-01 00:00:00,U,109,479332036.6699999
can,DK,2017-12-01 00:00:00,W,26,150404267.97
can,DK,2018-01-01 00:00:00,S,169,1229554408.57
can,DK,2018-01-01 00:00:00,U,101,559018098.05
can,DK,2018-01-01 00:00:00,W,41,228259572.01999995
can,DK,2018-02-01 00:00:00,S,97,279399354.97
can,DK,2018-02-01 00:00:00,U,71,135917420.41
can,DK,2018-02-01 00:00:00,W,28,1047705687.85
can,DK,2018-03-01 00:00:00,S,79,196806158.02
can,DK,2018-03-01 00:00:00,U,68,32025348.51
can,DK,2018-03-01 00:00:00,W,27,104655713.25
can,DK,2018-04-01 00:00:00,S,112,2117381729.0500007
can,DK,2018-04-01 00:00:00,U,90,322572576.58
can,DK,2018-04-01 00:00:00,W,31,2968973501.149999
can,DK,2018-05-01 00:00:00,S,100,3624513730.889999
can,DK,2018-05-01 00:00:00,U,87,86577601.12
can,DK,2018-05-01 00:00:00,W,58,659818575.77
can,DK,2018-06-01 00:00:00,S,137,521499717.05
can,DK,2018-06-01 00:00:00,U,98,155804354.58
can,DK,2018-06-01 00:00:00,W,25,605062568.66
can,DK,2018-07-01 00:00:00,S,110,537513664.8600001
can,DK,2018-07-01 00:00:00,U,82,722268618.8199999
can,DK,2018-07-01 00:00:00,W,24,84871502.20999998
can,DK,2018-08-01 00:00:00,S,106,233818590.38
can,DK,2018-08-01 00:00:00,U,102,277611891.77
can,DK,2018-08-01 00:00:00,W,25,342340166.65
can,DK,2018-09-01 00:00:00,S,98,296133247.96
can,DK,2018-09-01 00:00:00,U,72,515107326.7499999
can,DK,2018-09-01 00:00:00,W,25,163470029.23
can,DK,2018-10-01 00:00:00,S,91,191156247.01
can,DK,2018-10-01 00:00:00,U,110,831228272.2100002
can,DK,2018-10-01 00:00:00,W,27,299401606.5
can,DK,2018-11-01 00:00:00,S,127,1242677334.18
can,DK,2018-11-01 00:00:00,U,121,304712908.37999994
can,DK,2018-11-01 00:00:00,W,25,188843869.63
can,DK,2018-12-01 00:00:00,S,142,580188782.53
can,DK,2018-12-01 00:00:00,U,97,375029553.08000004
can,DK,2018-12-01 00:00:00,W,34,300174762.71999997
can,DK,2019-01-01 00:00:00,S,197,6438093451.919998
can,DK,2019-01-01 00:00:00,U,108,142319159.44
can,DK,2019-01-01 00:00:00,W,45,410915834.1400001
can,DK,2019-02-01 00:00:00,S,112,356023893.31999993
can,DK,2019-02-01 00:00:00,U,77,265775950.68
can,DK,2019-02-01 00:00:00,W,25,196115147.21
can,DK,2019-03-01 00:00:00,S,121,641617620.91
can,DK,2019-03-01 00:00:00,U,97,224676260.17999998
can,DK,2019-03-01 00:00:00,W,45,772081438.51
can,DK,2019-04-01 00:00:00,S,110,823186672.6500002
can,DK,2019-04-01 00:00:00,U,61,309615504.38000005
can,DK,2019-04-01 00:00:00,W,26,334889850.52
can,DK,2019-05-01 00:00:00,S,156,1582808580.7400002
can,DK,2019-05-01 00:00:00,U,92,145426224.65
can,DK,2019-05-01 00:00:00,W,55,1991329498.7399998
can,DK,2019-06-01 00:00:00,S,154,1595878915.8499997
can,DK,2019-06-01 00:00:00,U,88,781570518.9300001
can,DK,2019-06-01 00:00:00,W,33,394876786.49000007
can,DK,2019-07-01 00:00:00,S,130,5273825243.389997
can,DK,2019-07-01 00:00:00,U,76,555287158.5699999
can,DK,2019-07-01 00:00:00,W,49,487889171.47
can,DK,2019-08-01 00:00:00,S,125,475540117.56999993
can,DK,2019-08-01 00:00:00,U,82,521444315.48
can,DK,2019-08-01 00:00:00,W,32,237380444.3
can,DK,2019-09-01 00:00:00,S,130,3495407299.37
can,DK,2019-09-01 00:00:00,U,80,183253617.99000004
can,DK,2019-09-01 00:00:00,W,19,176732899.82
can,DK,2019-10-01 00:00:00,S,114,786291926.1099999
can,DK,2019-10-01 00:00:00,U,121,1541846943.6299999
can,DK,2019-10-01 00:00:00,W,33,1139151392.4500003
can,DK,2019-11-01 00:00:00,S,152,407383351.75999993
can,DK,2019-11-01 00:00:00,U,90,373761298.27000004
can,DK,2019-11-01 00:00:00,W,29,323175931.26
can,DK,2019-12-01 00:00:00,S,172,2914279346.3
can,DK,2019-12-01 00:00:00,U,120,569195701.01
can,DK,2019-12-01 00:00:00,W,47,526055164.3900001
can,DK,2020-01-01 00:00:00,S,227,914655555.83
can,DK,2020-01-01 00:00:00,U,111,120662394.24999999
can,DK,2020-01-01 00:00:00,W,51,400425995.97
can,DK,2020-02-01 00:00:00,S,99,1854542996.3900003
can,DK,2020-02-01 00:00:00,U,99,292674200.28000003
can,DK,2020-02-01 00:00:00,W,46,186893406.31999996
can,DK,2020-03-01 00:00:00,S,115,920534037.91
can,DK,2020-03-01 00:00:00,U,83,1750129165.9
can,DK,2020-03-01 00:00:00,W,25,340089782.64
can,DK,2020-04-01 00:00:00,S,100,337904848.44
can,DK,2020-04-01 00:00:00,U,64,219508424.44
can,DK,2020-04-01 00:00:00,W,24,75900613.13
can,DK,2020-05-01 00:00:00,S,110,660337914.78
can,DK,2020-05-01 00:00:00,U,74,122752790.90999998
can,DK,2020-05-01 00:00:00,W,27,2208033836.35
can,DK,2020-06-01 00:00:00,S,132,280882707.67999995
can,DK,2020-06-01 00:00:00,U,90,1227246624.1599998
can,DK,2020-06-01 00:00:00,W,41,513115405.81999993
can,DK,2020-07-01 00:00:00,S,116,8972779263.559994
can,DK,2020-07-01 00:00:00,U,113,236916993.92
can,DK,2020-07-01 00:00:00,W,44,662760912.9
can,DK,2020-08-01 00:00:00,S,117,4329161682.78
can,DK,2020-08-01 00:00:00,U,71,158660851.88
can,DK,2020-08-01 00:00:00,W,33,189380723.3
can,DK,2020-09-01 00:00:00,S,110,1204431490.8700001
can,DK,2020-09-01 00:00:00,U,89,693210737.7700001
can,DK,2020-09-01 00:00:00,W,65,413743750.8999999
can,DK,2020-10-01 00:00:00,S,105,1509300202.1000001
can,DK,2020-10-01 00:00:00,U,113,476043308.47
can,DK,2020-10-01 00:00:00,W,44,499863301.83
can,DK,2020-11-01 00:00:00,S,155,505077579.5499999
can,DK,2020-11-01 00:00:00,U,92,465194264.13000005
can,DK,2020-11-01 00:00:00,W,32,372431568.3
can,DK,2020-12-01 00:00:00,S,128,476299952.39
can,DK,2020-12-01 00:00:00,U,111,397829288.59999996
can,DK,2020-12-01 00:00:00,W,36,201674005.20000002
can,DK,2021-01-01 00:00:00,S,185,1337933457.11
can,DK,2021-01-01 00:00:00,U,95,355134977.02
can,DK,2021-01-01 00:00:00,W,46,1232775951.8100002
can,DK,2021-02-01 00:00:00,S,102,837947568.75
can,DK,2021-02-01 00:00:00,U,98,329460159.92
can,DK,2021-02-01 00:00:00,W,39,358176336.49999994
can,DK,2021-03-01 00:00:00,S,150,654769310.98
can,DK,2021-03-01 00:00:00,U,96,84147908.96000001
can,DK,2021-03-01 00:00:00,W,31,1042662540.6899999
can,DK,2021-04-01 00:00:00,S,123,852209232.7399999
can,DK,2021-04-01 00:00:00,U,62,166017320.35999998
can,DK,2021-04-01 00:00:00,W,26,652922906.76
can,DK,2021-05-01 00:00:00,S,115,807600005.59
can,DK,2021-05-01 00:00:00,U,59,94068686.28
can,DK,2021-05-01 00:00:00,W,48,414499305.3299999
can,DK,2021-06-01 00:00:00,S,131,11779218282.74
can,DK,2021-06-01 00:00:00,U,87,6260602498.9
can,DK,2021-06-01 00:00:00,W,32,83849976.99000001
can,DK,2021-07-01 00:00:00,S,106,1423721029.03
can,DK,2021-07-01 00:00:00,U,68,428034315.9999999
can,DK,2021-07-01 00:00:00,W,16,75974176.86000001
can,DK,2021-08-01 00:00:00,S,107,623330342.51
can,DK,2021-08-01 00:00:00,U,76,3593581784.6
can,DK,2021-08-01 00:00:00,W,36,440249027.7600001
can,DK,2021-09-01 00:00:00,S,140,6070891552.82
can,DK,2021-09-01 00:00:00,U,74,442560253.15999997
can,DK,2021-09-01 00:00:00,W,35,229724645.32
can,DK,2021-10-01 00:00:00,S,126,571612098.27
can,DK,2021-10-01 00:00:00,U,114,345657484.27
can,DK,2021-10-01 00:00:00,W,28,262753785.69
can,DK,2021-11-01 00:00:00,S,109,796583264.93
can,DK,2021-11-01 00:00:00,U,105,207699252.04999995
can,DK,2021-11-01 00:00:00,W,29,594185837.76
can,DK,2021-12-01 00:00:00,S,171,994681540.8499999
can,DK,2021-12-01 00:00:00,U,93,310499559.88
can,DK,2021-12-01 00:00:00,W,29,5818521976.16
can,DK,2022-01-01 00:00:00,S,220,3339397838.6
can,DK,2022-01-01 00:00:00,U,95,5449357730.81
can,DK,2022-01-01 00:00:00,W,26,144356320.29000002
can,DK,2022-02-01 00:00:00,S,127,4650247126.46
can,DK,2022-02-01 00:00:00,U,71,705761929.45
can,DK,2022-02-01 00:00:00,W,28,2585171778.54
can,DK,2022-03-01 00:00:00,S,125,881741137.63
can,DK,2022-03-01 00:00:00,U,98,1177859507.3200004
can,DK,2022-03-01 00:00:00,W,30,204398580.96999997
can,DK,2022-04-01 00:00:00,S,129,828206771.39
can,DK,2022-04-01 00:00:00,U,93,370935903.92
can,DK,2022-04-01 00:00:00,W,19,83946646.35
can,DK,2022-05-01 00:00:00,S,150,1671639961.7900004
can,DK,2022-05-01 00:00:00,U,80,751835565.64
can,DK,2022-05-01 00:00:00,W,19,811112612.4599999
can,DK,2022-06-01 00:00:00,S,159,928022665.3399999
can,DK,2022-06-01 00:00:00,U,105,297906668.68
can,DK,2022-06-01 00:00:00,W,34,441987723.58
can,DK,2022-07-01 00:00:00,S,102,764189882.6599998
can,DK,2022-07-01 00:00:00,U,51,572055825.6600001
can,DK,2022-07-01 00:00:00,W,25,220658386.74999997
can,DK,2022-08-01 00:00:00,S,125,629307948.74
can,DK,2022-08-01 00:00:00,U,100,256259702.33
can,DK,2022-08-01 00:00:00,W,34,310720448.06
can,DK,2022-09-01 00:00:00,S,121,1430499306.02
can,DK,2022-09-01 00:00:00,U,83,247463744.54999998
can,DK,2022-09-01 00:00:00,W,34,2574459053.12
can,DK,2022-10-01 00:00:00,S,130,8569119272.67
can,DK,2022-10-01 00:00:00,U,146,764667580.7800001
can,DK,2022-10-01 00:00:00,W,32,120992893.22999997
can,DK,2022-11-01 00:00:00,S,165,893058711.0600001
can,DK,2022-11-01 00:00:00,U,123,921197427.1500002
can,DK,2022-11-01 00:00:00,W,32,324431155.42999995
can,DK,2022-12-01 00:00:00,S,135,428597693.0
can,DK,2022-12-01 00:00:00,U,113,520220742.8399999
can,DK,2022-12-01 00:00:00,W,33,371558751.06
can,DK,2023-01-01 00:00:00,S,167,1648182747.7599998
can,DK,2023-01-01 00:00:00,U,149,1012199788.3
can,DK,2023-01-01 00:00:00,W,43,403518441.46
can,DK,2023-02-01 00:00:00,S,123,1124062945.2599998
can,DK,2023-02-01 00:00:00,U,99,940542432.23
can,DK,2023-02-01 00:00:00,W,29,249146807.98
can,DK,2023-03-01 00:00:00,S,142,890618034.3300002
can,DK,2023-03-01 00:00:00,U,104,921023919.8099998
can,DK,2023-03-01 00:00:00,W,30,670270899.5899999
can,DK,2023-04-01 00:00:00,S,117,626911629.58
can,DK,2023-04-01 00:00:00,U,76,522580202.6699999
can,DK,2023-04-01 00:00:00,W,35,162243529.98000002
can,DK,2023-05-01 00:00:00,S,125,1191164291.9399998
can,DK,2023-05-01 00:00:00,U,88,812123271.1999999
can,DK,2023-05-01 00:00:00,W,38,424705680.12
can,DK,2023-06-01 00:00:00,S,146,3036879570.4299994
can,DK,2023-06-01 00:00:00,U,105,407577666.84999996
can,DK,2023-06-01 00:00:00,W,47,1028069629.8399999
can,DK,2023-07-01 00:00:00,S,139,1165407598.0900002
can,DK,2023-07-01 00:00:00,U,69,231229498.62
can,DK,2023-07-01 00:00:00,W,31,249340954.55
can,DK,2023-08-01 00:00:00,S,115,1689667709.6600003
can,DK,2023-08-01 00:00:00,U,94,337803346.39000005
can,DK,2023-08-01 00:00:00,W,29,314331388.51
can,DK,2023-09-01 00:00:00,S,115,1081925995.79
can,DK,2023-09-01 00:00:00,U,104,1050179898.3500001
can,DK,2023-09-01 00:00:00,W,45,353270342.02
can,EE,2016-01-01 00:00:00,S,39,257084814.35
can,EE,2016-01-01 00:00:00,U,38,49891429.620000005
can,EE,2016-01-01 00:00:00,W,3,10400603.9
can,EE,2016-02-01 00:00:00,S,64,35006074.83
can,EE,2016-02-01 00:00:00,U,34,58310103.84
can,EE,2016-02-01 00:00:00,W,2,8438479.41
can,EE,2016-03-01 00:00:00,S,35,18618535.83
can,EE,2016-03-01 00:00:00,U,37,15051186.85
can,EE,2016-03-01 00:00:00,W,9,32918007.07
can,EE,2016-04-01 00:00:00,S,40,58675529.97
can,EE,2016-04-01 00:00:00,U,27,88723381.3
can,EE,2016-04-01 00:00:00,W,2,2737767.0700000003
can,EE,2016-05-01 00:00:00,S,53,28935823.099999998
can,EE,2016-05-01 00:00:00,U,47,38271208.15
can,EE,2016-05-01 00:00:00,W,4,23468356.86
can,EE,2016-06-01 00:00:00,S,61,320286791.51
can,EE,2016-06-01 00:00:00,U,43,92608050.86
can,EE,2016-06-01 00:00:00,W,1,
can,EE,2016-07-01 00:00:00,S,64,103265694.18
can,EE,2016-07-01 00:00:00,U,29,32238560.69
can,EE,2016-07-01 00:00:00,W,1,317332.35
can,EE,2016-08-01 00:00:00,S,46,50236413.76
can,EE,2016-08-01 00:00:00,U,65,41123841.68
can,EE,2016-08-01 00:00:00,W,11,51300193.79
can,EE,2016-09-01 00:00:00,S,39,62297087.0
can,EE,2016-09-01 00:00:00,U,40,70871033.3
can,EE,2016-09-01 00:00:00,W,1,11972206.83
can,EE,2016-10-01 00:00:00,S,44,48394735.9
can,EE,2016-10-01 00:00:00,U,40,23693306.93
can,EE,2016-10-01 00:00:00,W,1,116395.7
can,EE,2016-11-01 00:00:00,S,36,56502394.85
can,EE,2016-11-01 00:00:00,U,49,56669977.53
can,EE,2016-11-01 00:00:00,W,4,48326983.45
can,EE,2016-12-01 00:00:00,S,52,49630974.17999999
can,EE,2016-12-01 00:00:00,U,55,120208019.08000001
can,EE,2016-12-01 00:00:00,W,3,7834779.96
can,EE,2017-01-01 00:00:00,S,75,164155002.54
can,EE,2017-01-01 00:00:00,U,45,42426743.379999995
can,EE,2017-01-01 00:00:00,W,3,31324391.58
can,EE,2017-02-01 00:00:00,S,36,81391771.88
can,EE,2017-02-01 00:00:00,U,46,88232183.37
can,EE,2017-02-01 00:00:00,W,4,3082415.65
can,EE,2017-03-01 00:00:00,S,40,298874787.88
can,EE,2017-03-01 00:00:00,U,53,132145083.00999998
can,EE,2017-03-01 00:00:00,W,12,31584547.700000003
can,EE,2017-04-01 00:00:00,S,44,125363423.14999998
can,EE,2017-04-01 00:00:00,U,45,25690494.71
can,EE,2017-04-01 00:00:00,W,5,37020654.08
can,EE,2017-05-01 00:00:00,S,55,69668668.0
can,EE,2017-05-01 00:00:00,U,64,47056689.44
can,EE,2017-05-01 00:00:00,W,3,6028445.380000001
can,EE,2017-06-01 00:00:00,S,67,97883862.49
can,EE,2017-06-01 00:00:00,U,69,53309966.36
can,EE,2017-06-01 00:00:00,W,7,17571966.509999998
can,EE,2017-07-01 00:00:00,S,51,34752745.440000005
can,EE,2017-07-01 00:00:00,U,55,63910718.550000004
can,EE,2017-07-01 00:00:00,W,6,40306067.82
can,EE,2017-08-01 00:00:00,S,43,41751216.97
can,EE,2017-08-01 00:00:00,U,48,36449357.650000006
can,EE,2017-08-01 00:00:00,W,10,84181155.50000001
can,EE,2017-09-01 00:00:00,S,40,279273381.49
can,EE,2017-09-01 00:00:00,U,60,194317461.06
can,EE,2017-09-01 00:00:00,W,6,10647096.2
can,EE,2017-10-01 00:00:00,S,45,28312116.53
can,EE,2017-10-01 00:00:00,U,52,40412991.96000001
can,EE,2017-10-01 00:00:00,W,8,27329471.56
can,EE,2017-11-01 00:00:00,S,40,618583265.6700001
can,EE,2017-11-01 00:00:00,U,59,371044684.72
can,EE,2017-11-01 00:00:00,W,7,32213088.95
can,EE,2017-12-01 00:00:00,S,41,40113070.64
can,EE,2017-12-01 00:00:00,U,47,25625109.94
can,EE,2017-12-01 00:00:00,W,4,55418955.25
can,EE,2018-01-01 00:00:00,S,42,128145241.34
can,EE,2018-01-01 00:00:00,U,48,26232905.959999997
can,EE,2018-01-01 00:00:00,W,1,500000.0
can,EE,2018-02-01 00:00:00,S,34,58569962.18000001
can,EE,2018-02-01 00:00:00,U,57,19032198.74
can,EE,2018-02-01 00:00:00,W,5,17036668.08
can,EE,2018-03-01 00:00:00,S,26,59778161.09
can,EE,2018-03-01 00:00:00,U,47,38197409.85
can,EE,2018-03-01 00:00:00,W,7,10397243.22
can,EE,2018-04-01 00:00:00,S,38,123310525.13000001
can,EE,2018-04-01 00:00:00,U,74,33471569.97
can,EE,2018-04-01 00:00:00,W,7,8929195.88
can,EE,2018-05-01 00:00:00,S,39,26624899.5
can,EE,2018-05-01 00:00:00,U,65,55363588.919999994
can,EE,2018-05-01 00:00:00,W,6,43910843.7
can,EE,2018-06-01 00:00:00,S,62,301336953.73
can,EE,2018-06-01 00:00:00,U,81,53202201.61000001
can,EE,2018-06-01 00:00:00,W,10,51676650.870000005
can,EE,2018-07-01 00:00:00,S,41,365840761.29
can,EE,2018-07-01 00:00:00,U,95,53572605.550000004
can,EE,2018-07-01 00:00:00,W,4,16452984.98
can,EE,2018-08-01 00:00:00,S,45,111488301.44000001
can,EE,2018-08-01 00:00:00,U,84,121648271.38
can,EE,2018-08-01 00:00:00,W,6,4174076.42
can,EE,2018-09-01 00:00:00,S,50,62584277.190000005
can,EE,2018-09-01 00:00:00,U,59,42696613.38
can,EE,2018-09-01 00:00:00,W,3,15586967.78
can,EE,2018-10-01 00:00:00,S,51,149318087.97
can,EE,2018-10-01 00:00:00,U,60,48944736.93
can,EE,2018-10-01 00:00:00,W,1,0.0
can,EE,2018-11-01 00:00:00,S,59,271929428.56
can,EE,2018-11-01 00:00:00,U,72,41306541.550000004
can,EE,2018-11-01 00:00:00,W,5,62169350.12
can,EE,2018-12-01 00:00:00,S,71,73431305.17
can,EE,2018-12-01 00:00:00,U,58,97568555.85
can,EE,2018-12-01 00:00:00,W,3,26197730.0
can,EE,2019-01-01 00:00:00,S,87,240907106.0
can,EE,2019-01-01 00:00:00,U,94,485130856.38
can,EE,2019-01-01 00:00:00,W,10,70393734.39
can,EE,2019-02-01 00:00:00,S,54,83950075.28999999
can,EE,2019-02-01 00:00:00,U,58,30583524.54
can,EE,2019-02-01 00:00:00,W,8,26697033.37
can,EE,2019-03-01 00:00:00,S,59,32119835.439999998
can,EE,2019-03-01 00:00:00,U,65,59228309.989999995
can,EE,2019-03-01 00:00:00,W,4,24346550.99
can,EE,2019-04-01 00:00:00,S,58,76123812.17
can,EE,2019-04-01 00:00:00,U,69,94685184.44000001
can,EE,2019-04-01 00:00:00,W,10,61402556.03
can,EE,2019-05-01 00:00:00,S,79,422665563.17
can,EE,2019-05-01 00:00:00,U,83,53109437.21
can,EE,2019-05-01 00:00:00,W,6,92324518.31
can,EE,2019-06-01 00:00:00,S,74,195148178.13000003
can,EE,2019-06-01 00:00:00,U,95,83074241.99000001
can,EE,2019-06-01 00:00:00,W,4,5797479.42
can,EE,2019-07-01 00:00:00,S,69,252387745.35999998
can,EE,2019-07-01 00:00:00,U,76,68836309.92
can,EE,2019-07-01 00:00:00,W,6,26478628.08
can,EE,2019-08-01 00:00:00,S,79,191179140.88
can,EE,2019-08-01 00:00:00,U,70,102465437.30000001
can,EE,2019-08-01 00:00:00,W,4,33297077.04
can,EE,2019-09-01 00:00:00,S,55,40911063.519999996
can,EE,2019-09-01 00:00:00,U,60,42111820.28
can,EE,2019-09-01 00:00:00,W,8,29524008.830000002
can,EE,2019-10-01 00:00:00,S,52,37664933.42
can,EE,2019-10-01 00:00:00,U,54,287081044.46
can,EE,2019-10-01 00:00:00,W,6,9427807.93
can,EE,2019-11-01 00:00:00,S,62,64996960.17999999
can,EE,2019-11-01 00:00:00,U,54,39775769.480000004
can,EE,2019-11-01 00:00:00,W,8,51514472.129999995
can,EE,2019-12-01 00:00:00,S,54,214799280.5
can,EE,2019-12-01 00:00:00,U,55,137802051.07
can,EE,2019-12-01 00:00:00,W,5,13296158.8
can,EE,2020-01-01 00:00:00,S,63,84290105.19
can,EE,2020-01-01 00:00:00,U,85,42688652.69
can,EE,2020-01-01 00:00:00,W,6,118699098.44999999
can,EE,2020-02-01 00:00:00,S,50,28893990.340000004
can,EE,2020-02-01 00:00:00,U,50,21452073.35
can,EE,2020-02-01 00:00:00,W,5,18271073.4
can,EE,2020-03-01 00:00:00,S,76,55623627.449999996
can,EE,2020-03-01 00:00:00,U,80,157089622.01
can,EE,2020-03-01 00:00:00,W,5,48095873.08
can,EE,2020-04-01 00:00:00,S,86,438677115.27
can,EE,2020-04-01 00:00:00,U,82,69209719.76
can,EE,2020-04-01 00:00:00,W,10,46111751.93
can,EE,2020-05-01 00:00:00,S,78,212970170.62
can,EE,2020-05-01 00:00:00,U,83,243607531.63
can,EE,2020-05-01 00:00:00,W,8,105258981.34
can,EE,2020-06-01 00:00:00,S,62,46294430.480000004
can,EE,2020-06-01 00:00:00,U,85,96723618.95
can,EE,2020-06-01 00:00:00,W,4,40289970.0
can,EE,2020-07-01 00:00:00,S,74,120823237.16
can,EE,2020-07-01 00:00:00,U,74,36156824.14
can,EE,2020-07-01 00:00:00,W,10,119162742.53999999
can,EE,2020-08-01 00:00:00,S,60,52623416.260000005
can,EE,2020-08-01 00:00:00,U,56,55032609.269999996
can,EE,2020-08-01 00:00:00,W,3,5843410.350000001
can,EE,2020-09-01 00:00:00,S,99,118343946.25
can,EE,2020-09-01 00:00:00,U,74,2851141689.1900005
can,EE,2020-09-01 00:00:00,W,8,12625318.8
can,EE,2020-10-01 00:00:00,S,75,74373821.43
can,EE,2020-10-01 00:00:00,U,55,36689857.38999999
can,EE,2020-10-01 00:00:00,W,5,16718906.339999998
can,EE,2020-11-01 00:00:00,S,82,244090549.23000002
can,EE,2020-11-01 00:00:00,U,75,221994798.09
can,EE,2020-11-01 00:00:00,W,7,134317201.63
can,EE,2020-12-01 00:00:00,S,74,100618847.17999999
can,EE,2020-12-01 00:00:00,U,93,128805966.76000002
can,EE,2020-12-01 00:00:00,W,6,36403322.230000004
can,EE,2021-01-01 00:00:00,S,61,92242249.07000001
can,EE,2021-01-01 00:00:00,U,93,109538335.0
can,EE,2021-01-01 00:00:00,W,8,23698759.12
can,EE,2021-02-01 00:00:00,S,60,90983047.39
can,EE,2021-02-01 00:00:00,U,70,109642154.02
can,EE,2021-02-01 00:00:00,W,5,34048294.54
can,EE,2021-03-01 00:00:00,S,105,141127480.18
can,EE,2021-03-01 00:00:00,U,93,127494038.61
can,EE,2021-03-01 00:00:00,W,2,18334665.0
can,EE,2021-04-01 00:00:00,S,106,59702139.129999995
can,EE,2021-04-01 00:00:00,U,67,42923331.96
can,EE,2021-04-01 00:00:00,W,9,18025630.900000002
can,EE,2021-05-01 00:00:00,S,76,149368770.22
can,EE,2021-05-01 00:00:00,U,96,76092434.69000001
can,EE,2021-05-01 00:00:00,W,6,39188326.19
can,EE,2021-06-01 00:00:00,S,87,109875129.75
can,EE,2021-06-01 00:00:00,U,87,135395622.26
can,EE,2021-06-01 00:00:00,W,12,113096317.77
can,EE,2021-07-01 00:00:00,S,98,35270356.29
can,EE,2021-07-01 00:00:00,U,88,101315070.11000001
can,EE,2021-07-01 00:00:00,W,7,8631127.340000002
can,EE,2021-08-01 00:00:00,S,106,388580041.7000001
can,EE,2021-08-01 00:00:00,U,90,273814127.02
can,EE,2021-08-01 00:00:00,W,10,40789237.07
can,EE,2021-09-01 00:00:00,S,91,77398609.55000001
can,EE,2021-09-01 00:00:00,U,98,317781435.13
can,EE,2021-09-01 00:00:00,W,9,29619847.65
can,EE,2021-10-01 00:00:00,S,113,944174588.17
can,EE,2021-10-01 00:00:00,U,69,81059132.07000001
can,EE,2021-10-01 00:00:00,W,4,21005881.62
can,EE,2021-11-01 00:00:00,S,95,108892615.56
can,EE,2021-11-01 00:00:00,U,99,405842968.99000007
can,EE,2021-11-01 00:00:00,W,5,26995510.53
can,EE,2021-12-01 00:00:00,S,113,271412155.03999996
can,EE,2021-12-01 00:00:00,U,104,102400893.55
can,EE,2021-12-01 00:00:00,W,8,35264092.29
can,EE,2022-01-01 00:00:00,S,94,98924246.17999998
can,EE,2022-01-01 00:00:00,U,76,143283346.48
can,EE,2022-01-01 00:00:00,W,8,84343910.64
can,EE,2022-02-01 00:00:00,S,81,142515390.60999998
can,EE,2022-02-01 00:00:00,U,77,76448408.53
can,EE,2022-02-01 00:00:00,W,3,57086749.93
can,EE,2022-03-01 00:00:00,S,106,841908338.7900002
can,EE,2022-03-01 00:00:00,U,83,55941108.92000002
can,EE,2022-03-01 00:00:00,W,8,54896784.42
can,EE,2022-04-01 00:00:00,S,88,87628738.4
can,EE,2022-04-01 00:00:00,U,89,92119712.95
can,EE,2022-04-01 00:00:00,W,13,23708666.64
can,EE,2022-05-01 00:00:00,S,107,113518173.28
can,EE,2022-05-01 00:00:00,U,99,248543536.97000003
can,EE,2022-05-01 00:00:00,W,10,22746817.159999996
can,EE,2022-06-01 00:00:00,S,89,831540638.36
can,EE,2022-06-01 00:00:00,U,117,812459566.2500001
can,EE,2022-06-01 00:00:00,W,12,90572704.55
can,EE,2022-07-01 00:00:00,S,89,436526937.34000003
can,EE,2022-07-01 00:00:00,U,120,70490038.25000001
can,EE,2022-07-01 00:00:00,W,7,72789401.67
can,EE,2022-08-01 00:00:00,S,112,338144372.76
can,EE,2022-08-01 00:00:00,U,114,905769143.26
can,EE,2022-08-01 00:00:00,W,11,88015856.78999999
can,EE,2022-09-01 00:00:00,S,115,152778601.42
can,EE,2022-09-01 00:00:00,U,143,553008656.7900001
can,EE,2022-09-01 00:00:00,W,13,64277800.1
can,EE,2022-10-01 00:00:00,S,80,406521825.8799999
can,EE,2022-10-01 00:00:00,U,131,380487662.97
can,EE,2022-10-01 00:00:00,W,8,54523606.58
can,EE,2022-11-01 00:00:00,S,98,110244594.39000002
can,EE,2022-11-01 00:00:00,U,121,149418722.25000003
can,EE,2022-11-01 00:00:00,W,10,89528266.31
can,EE,2022-12-01 00:00:00,S,116,308814249.28000003
can,EE,2022-12-01 00:00:00,U,131,2759497629.5199995
can,EE,2022-12-01 00:00:00,W,7,75527607.62
can,EE,2023-01-01 00:00:00,S,118,193085910.4
can,EE,2023-01-01 00:00:00,U,199,615949871.04
can,EE,2023-01-01 00:00:00,W,10,227043888.38
can,EE,2023-02-01 00:00:00,S,86,510612905.99
can,EE,2023-02-01 00:00:00,U,116,165643551.79000002
can,EE,2023-02-01 00:00:00,W,9,210532598.82
can,EE,2023-03-01 00:00:00,S,83,232878636.06
can,EE,2023-03-01 00:00:00,U,122,114816970.12
can,EE,2023-03-01 00:00:00,W,11,63393263.29
can,EE,2023-04-01 00:00:00,S,97,206650634.10000002
can,EE,2023-04-01 00:00:00,U,120,138651674.98
can,EE,2023-04-01 00:00:00,W,10,79894576.58
can,EE,2023-05-01 00:00:00,S,43,16069253.85
can,EE,2023-05-01 00:00:00,U,40,61470024.91
can,EE,2023-05-01 00:00:00,W,3,20953115.79
can,EE,2023-06-01 00:00:00,S,1,0.0
can,ES,2016-01-01 00:00:00,S,520,908714706.76
can,ES,2016-01-01 00:00:00,U,380,388381224.9000001
can,ES,2016-01-01 00:00:00,W,22,160679873.76000002
can,ES,2016-02-01 00:00:00,S,462,796942936.5600001
can,ES,2016-02-01 00:00:00,U,345,592359295.49
can,ES,2016-02-01 00:00:00,W,20,322410748.78999996
can,ES,2016-03-01 00:00:00,S,423,370813104.03000003
can,ES,2016-03-01 00:00:00,U,319,410563779.8
can,ES,2016-03-01 00:00:00,W,10,57452808.89999999
can,ES,2016-04-01 00:00:00,S,470,580219826.9099998
can,ES,2016-04-01 00:00:00,U,343,398911374.13
can,ES,2016-04-01 00:00:00,W,24,147204816.65
can,ES,2016-05-01 00:00:00,S,476,951028407.4200001
can,ES,2016-05-01 00:00:00,U,304,497452778.25
can,ES,2016-05-01 00:00:00,W,19,121922982.78
can,ES,2016-06-01 00:00:00,S,488,852242888.3100001
can,ES,2016-06-01 00:00:00,U,359,441493270.12
can,ES,2016-06-01 00:00:00,W,12,64663047.779999994
can,ES,2016-07-01 00:00:00,S,458,596240440.58
can,ES,2016-07-01 00:00:00,U,364,466710090.40000004
can,ES,2016-07-01 00:00:00,W,25,208756738.46
can,ES,2016-08-01 00:00:00,S,400,345213828.24000007
can,ES,2016-08-01 00:00:00,U,295,325732912.18
can,ES,2016-08-01 00:00:00,W,18,150774054.76
can,ES,2016-09-01 00:00:00,S,527,738045856.9699998
can,ES,2016-09-01 00:00:00,U,366,810706895.6300001
can,ES,2016-09-01 00:00:00,W,25,745854160.5900002
can,ES,2016-10-01 00:00:00,S,527,1507942218.26
can,ES,2016-10-01 00:00:00,U,343,402347793.38
can,ES,2016-10-01 00:00:00,W,14,69426843.93
can,ES,2016-11-01 00:00:00,S,587,938953139.0500001
can,ES,2016-11-01 00:00:00,U,364,1920514934.1100001
can,ES,2016-11-01 00:00:00,W,18,117183683.53
can,ES,2016-12-01 00:00:00,S,581,67709693299.47
can,ES,2016-12-01 00:00:00,U,373,794237334.46
can,ES,2016-12-01 00:00:00,W,9,90150544.59
can,ES,2017-01-01 00:00:00,S,715,1408401207.79
can,ES,2017-01-01 00:00:00,U,399,446126736.57000005
can,ES,2017-01-01 00:00:00,W,22,136027362.65
can,ES,2017-02-01 00:00:00,S,527,1018109001.78
can,ES,2017-02-01 00:00:00,U,394,530217745.34000003
can,ES,2017-02-01 00:00:00,W,13,53118778.150000006
can,ES,2017-03-01 00:00:00,S,674,2086481194.0500002
can,ES,2017-03-01 00:00:00,U,409,390125296.0500001
can,ES,2017-03-01 00:00:00,W,30,172860598.41
can,ES,2017-04-01 00:00:00,S,510,1046978002.46
can,ES,2017-04-01 00:00:00,U,330,721906091.64
can,ES,2017-04-01 00:00:00,W,21,89859696.42999999
can,ES,2017-05-01 00:00:00,S,562,659372318.84
can,ES,2017-05-01 00:00:00,U,369,5026278341.560001
can,ES,2017-05-01 00:00:00,W,21,151961133.55999997
can,ES,2017-06-01 00:00:00,S,657,1320332123.22
can,ES,2017-06-01 00:00:00,U,380,1039235688.74
can,ES,2017-06-01 00:00:00,W,26,77678567.05999999
can,ES,2017-07-01 00:00:00,S,596,728506527.8299999
can,ES,2017-07-01 00:00:00,U,368,695596944.23
can,ES,2017-07-01 00:00:00,W,24,304153006.84000003
can,ES,2017-08-01 00:00:00,S,501,482169816.8
can,ES,2017-08-01 00:00:00,U,307,293652061.77
can,ES,2017-08-01 00:00:00,W,18,160389455.3
can,ES,2017-09-01 00:00:00,S,644,1574590106.5099998
can,ES,2017-09-01 00:00:00,U,440,471755728.7800001
can,ES,2017-09-01 00:00:00,W,21,216030986.25
can,ES,2017-10-01 00:00:00,S,680,809159674.6000001
can,ES,2017-10-01 00:00:00,U,451,784316370.14
can,ES,2017-10-01 00:00:00,W,22,150390977.81
can,ES,2017-11-01 00:00:00,S,776,1256790619.01
can,ES,2017-11-01 00:00:00,U,615,676929679.17
can,ES,2017-11-01 00:00:00,W,15,62172247.61
can,ES,2017-12-01 00:00:00,S,726,1711719580.42
can,ES,2017-12-01 00:00:00,U,466,1894641136.7399998
can,ES,2017-12-01 00:00:00,W,14,158588100.26000002
can,ES,2018-01-01 00:00:00,S,969,1657085385.3199997
can,ES,2018-01-01 00:00:00,U,594,1619689136.7700002
can,ES,2018-01-01 00:00:00,W,31,245507329.96
can,ES,2018-02-01 00:00:00,S,689,2495835793.5899997
can,ES,2018-02-01 00:00:00,U,474,924178063.8
can,ES,2018-02-01 00:00:00,W,30,180309572.22000003
can,ES,2018-03-01 00:00:00,S,661,2855468483.5099993
can,ES,2018-03-01 00:00:00,U,379,419659696.61
can,ES,2018-03-01 00:00:00,W,27,161343109.34
can,ES,2018-04-01 00:00:00,S,652,1711892650.19
can,ES,2018-04-01 00:00:00,U,387,594959873.87
can,ES,2018-04-01 00:00:00,W,33,212829986.5
can,ES,2018-05-01 00:00:00,S,695,1582981269.8200002
can,ES,2018-05-01 00:00:00,U,450,676491302.49
can,ES,2018-05-01 00:00:00,W,39,197470403.51
can,ES,2018-06-01 00:00:00,S,862,1382404164.6200001
can,ES,2018-06-01 00:00:00,U,484,674220638.6099999
can,ES,2018-06-01 00:00:00,W,45,436125927.90000004
can,ES,2018-07-01 00:00:00,S,861,2017530330.2200003
can,ES,2018-07-01 00:00:00,U,480,1967889299.2100003
can,ES,2018-07-01 00:00:00,W,28,267989341.5
can,ES,2018-08-01 00:00:00,S,571,799328192.72
can,ES,2018-08-01 00:00:00,U,329,905720268.28
can,ES,2018-08-01 00:00:00,W,26,318855916.7
can,ES,2018-09-01 00:00:00,S,587,5337424753.530001
can,ES,2018-09-01 00:00:00,U,369,1057671863.0899999
can,ES,2018-09-01 00:00:00,W,30,442331806.3
can,ES,2018-10-01 00:00:00,S,799,1998511556.4300003
can,ES,2018-10-01 00:00:00,U,545,5720902527.13
can,ES,2018-10-01 00:00:00,W,51,455756098.26
can,ES,2018-11-01 00:00:00,S,729,1246183889.22
can,ES,2018-11-01 00:00:00,U,465,1438194791.4900002
can,ES,2018-11-01 00:00:00,W,19,147388177.79999998
can,ES,2018-12-01 00:00:00,S,700,883535803.2299999
can,ES,2018-12-01 00:00:00,U,495,1890463114.38
can,ES,2018-12-01 00:00:00,W,24,121491585.92999999
can,ES,2019-01-01 00:00:00,S,960,2136904219.68
can,ES,2019-01-01 00:00:00,U,582,1503437455.0800004
can,ES,2019-01-01 00:00:00,W,31,279040794.79
can,ES,2019-02-01 00:00:00,S,725,2466517205.8500004
can,ES,2019-02-01 00:00:00,U,496,1548679317.7299998
can,ES,2019-02-01 00:00:00,W,27,317226307.21
can,ES,2019-03-01 00:00:00,S,819,1219282732.3500001
can,ES,2019-03-01 00:00:00,U,550,1319667758.0600004
can,ES,2019-03-01 00:00:00,W,50,637258939.2800001
can,ES,2019-04-01 00:00:00,S,789,1484180436.49
can,ES,2019-04-01 00:00:00,U,526,1495449356.24
can,ES,2019-04-01 00:00:00,W,42,688240570.41
can,ES,2019-05-01 00:00:00,S,859,1885156863.23
can,ES,2019-05-01 00:00:00,U,605,990460279.3499998
can,ES,2019-05-01 00:00:00,W,36,259173744.54000002
can,ES,2019-06-01 00:00:00,S,823,55368282677.35998
can,ES,2019-06-01 00:00:00,U,588,1093537982.42
can,ES,2019-06-01 00:00:00,W,45,532159027.37
can,ES,2019-07-01 00:00:00,S,937,1638321892.6399999
can,ES,2019-07-01 00:00:00,U,653,7324324387.810002
can,ES,2019-07-01 00:00:00,W,35,541657474.37
can,ES,2019-08-01 00:00:00,S,664,1065148699.7899998
can,ES,2019-08-01 00:00:00,U,448,9224353901.550001
can,ES,2019-08-01 00:00:00,W,32,366558394.2200001
can,ES,2019-09-01 00:00:00,S,923,1834495972.5700002
can,ES,2019-09-01 00:00:00,U,674,1173136965.47
can,ES,2019-09-01 00:00:00,W,56,711450107.4399999
can,ES,2019-10-01 00:00:00,S,946,1298488434.82
can,ES,2019-10-01 00:00:00,U,651,1698600566.9399998
can,ES,2019-10-01 00:00:00,W,27,158476376.06
can,ES,2019-11-01 00:00:00,S,970,1453467245.7099998
can,ES,2019-11-01 00:00:00,U,711,909210828.02
can,ES,2019-11-01 00:00:00,W,44,732471154.65
can,ES,2019-12-01 00:00:00,S,875,3519791137.410001
can,ES,2019-12-01 00:00:00,U,647,1020643505.9300001
can,ES,2019-12-01 00:00:00,W,38,467629812.48999995
can,ES,2020-01-01 00:00:00,S,1071,1641983394.33
can,ES,2020-01-01 00:00:00,U,691,1111974981.4500003
can,ES,2020-01-01 00:00:00,W,48,599676459.1
can,ES,2020-02-01 00:00:00,S,924,1911181893.52
can,ES,2020-02-01 00:00:00,U,584,26757681085.43
can,ES,2020-02-01 00:00:00,W,30,399495352.49000007
can,ES,2020-03-01 00:00:00,S,863,805419584.35
can,ES,2020-03-01 00:00:00,U,607,1615937207.1399996
can,ES,2020-03-01 00:00:00,W,44,231056444.81
can,ES,2020-04-01 00:00:00,S,412,359924638.76000005
can,ES,2020-04-01 00:00:00,U,384,932079208.84
can,ES,2020-04-01 00:00:00,W,12,84565550.41000001
can,ES,2020-05-01 00:00:00,S,573,745076924.0200001
can,ES,2020-05-01 00:00:00,U,507,595063305.0200001
can,ES,2020-05-01 00:00:00,W,13,44946629.94
can,ES,2020-06-01 00:00:00,S,826,1446460178.16
can,ES,2020-06-01 00:00:00,U,672,600985391.79
can,ES,2020-06-01 00:00:00,W,26,583425602.8199999
can,ES,2020-07-01 00:00:00,S,846,2237480920.48
can,ES,2020-07-01 00:00:00,U,740,1750558750.5700002
can,ES,2020-07-01 00:00:00,W,37,379120720.15000004
can,ES,2020-08-01 00:00:00,S,621,4343869785.310001
can,ES,2020-08-01 00:00:00,U,498,357871076.05999994
can,ES,2020-08-01 00:00:00,W,18,238178940.79999998
can,ES,2020-09-01 00:00:00,S,952,1114880972.7099998
can,ES,2020-09-01 00:00:00,U,656,726018590.8299999
can,ES,2020-09-01 00:00:00,W,42,329961739.61
can,ES,2020-10-01 00:00:00,S,998,1624745114.9199996
can,ES,2020-10-01 00:00:00,U,814,1564458766.4899998
can,ES,2020-10-01 00:00:00,W,40,693607955.96
can,ES,2020-11-01 00:00:00,S,1115,1431251046.09
can,ES,2020-11-01 00:00:00,U,845,925892287.6899999
can,ES,2020-11-01 00:00:00,W,31,275966468.62
can,ES,2020-12-01 00:00:00,S,1194,2248200538.8
can,ES,2020-12-01 00:00:00,U,816,1569413501.38
can,ES,2020-12-01 00:00:00,W,33,169276678.23000002
can,ES,2021-01-01 00:00:00,S,1033,5471153827.69
can,ES,2021-01-01 00:00:00,U,761,1613053801.62
can,ES,2021-01-01 00:00:00,W,30,612959032.7700001
can,ES,2021-02-01 00:00:00,S,1030,1624135778.35
can,ES,2021-02-01 00:00:00,U,672,999806598.7499999
can,ES,2021-02-01 00:00:00,W,28,457121623.22
can,ES,2021-03-01 00:00:00,S,1208,1551693521.8100004
can,ES,2021-03-01 00:00:00,U,738,2014062674.3100002
can,ES,2021-03-01 00:00:00,W,35,478598375.89
can,ES,2021-04-01 00:00:00,S,1015,1322019761.67
can,ES,2021-04-01 00:00:00,U,631,939075635.88
can,ES,2021-04-01 00:00:00,W,52,453171418.22999996
can,ES,2021-05-01 00:00:00,S,973,1140812265.2800002
can,ES,2021-05-01 00:00:00,U,684,1288097253.6599998
can,ES,2021-05-01 00:00:00,W,40,334643480.94
can,ES,2021-06-01 00:00:00,S,1109,2687636824.65
can,ES,2021-06-01 00:00:00,U,654,629615096.67
can,ES,2021-06-01 00:00:00,W,62,598007499.66
can,ES,2021-07-01 00:00:00,S,1059,2660165303.97
can,ES,2021-07-01 00:00:00,U,719,3765937750.24
can,ES,2021-07-01 00:00:00,W,54,1124938082.0
can,ES,2021-08-01 00:00:00,S,905,1178327500.93
can,ES,2021-08-01 00:00:00,U,525,1989644023.2399993
can,ES,2021-08-01 00:00:00,W,35,548399413.2
can,ES,2021-09-01 00:00:00,S,1191,1919482145.5900002
can,ES,2021-09-01 00:00:00,U,727,3525020836.1899996
can,ES,2021-09-01 00:00:00,W,63,458237059.83
can,ES,2021-10-01 00:00:00,S,994,3638028277.079999
can,ES,2021-10-01 00:00:00,U,662,2172458522.43
can,ES,2021-10-01 00:00:00,W,42,392775148.94
can,ES,2021-11-01 00:00:00,S,1190,3224960179.6600003
can,ES,2021-11-01 00:00:00,U,916,1332317966.9099996
can,ES,2021-11-01 00:00:00,W,51,379917867.84
can,ES,2021-12-01 00:00:00,S,1350,2344824178.6000004
can,ES,2021-12-01 00:00:00,U,862,2681105973.5399995
can,ES,2021-12-01 00:00:00,W,51,511034350.24
can,ES,2022-01-01 00:00:00,S,1145,5194010830.789999
can,ES,2022-01-01 00:00:00,U,840,1926311085.5399997
can,ES,2022-01-01 00:00:00,W,63,918135785.29
can,ES,2022-02-01 00:00:00,S,991,4718951169.950001
can,ES,2022-02-01 00:00:00,U,683,717572239.9300001
can,ES,2022-02-01 00:00:00,W,58,963017497.2900001
can,ES,2022-03-01 00:00:00,S,1221,1835648556.4499998
can,ES,2022-03-01 00:00:00,U,774,1351243856.8
can,ES,2022-03-01 00:00:00,W,72,943775588.93
can,ES,2022-04-01 00:00:00,S,1083,2202288518.33
can,ES,2022-04-01 00:00:00,U,673,2145090572.1799998
can,ES,2022-04-01 00:00:00,W,39,492886447.36
can,ES,2022-05-01 00:00:00,S,1115,6399278358.180001
can,ES,2022-05-01 00:00:00,U,732,6647783441.399999
can,ES,2022-05-01 00:00:00,W,77,1165542289.9
can,ES,2022-06-01 00:00:00,S,1100,2470173140.13
can,ES,2022-06-01 00:00:00,U,840,1614475438.97
can,ES,2022-06-01 00:00:00,W,59,810470355.3599999
can,ES,2022-07-01 00:00:00,S,1090,1951056224.6200001
can,ES,2022-07-01 00:00:00,U,781,920624019.5899999
can,ES,2022-07-01 00:00:00,W,68,621155332.36
can,ES,2022-08-01 00:00:00,S,1321,5629780011.479999
can,ES,2022-08-01 00:00:00,U,741,869842559.81
can,ES,2022-08-01 00:00:00,W,61,774439059.0300001
can,ES,2022-09-01 00:00:00,S,1442,3826702816.47
can,ES,2022-09-01 00:00:00,U,923,7696344193.22
can,ES,2022-09-01 00:00:00,W,67,586747271.86
can,ES,2022-10-01 00:00:00,S,1209,425342583317.5804
can,ES,2022-10-01 00:00:00,U,876,1980779637.5900004
can,ES,2022-10-01 00:00:00,W,65,905298225.0999999
can,ES,2022-11-01 00:00:00,S,1287,3148908639.180001
can,ES,2022-11-01 00:00:00,U,1146,2108021261.4499998
can,ES,2022-11-01 00:00:00,W,99,1274828657.0
can,ES,2022-12-01 00:00:00,S,1214,3690740646.64
can,ES,2022-12-01 00:00:00,U,927,3647408811.42
can,ES,2022-12-01 00:00:00,W,76,689644752.0699999
can,ES,2023-01-01 00:00:00,S,1263,2576402143.7000003
can,ES,2023-01-01 00:00:00,U,946,1582678127.9300003
can,ES,2023-01-01 00:00:00,W,162,3488984775.2900004
can,ES,2023-02-01 00:00:00,S,1085,2235153345.75
can,ES,2023-02-01 00:00:00,U,822,2601982254.88
can,ES,2023-02-01 00:00:00,W,59,856565261.31
can,ES,2023-03-01 00:00:00,S,1403,2364467112.22
can,ES,2023-03-01 00:00:00,U,963,6769858654.91
can,ES,2023-03-01 00:00:00,W,105,1259155681.2800002
can,ES,2023-04-01 00:00:00,S,1039,2037855469.0899997
can,ES,2023-04-01 00:00:00,U,789,1339877965.7399998
can,ES,2023-04-01 00:00:00,W,63,585643212.52
can,ES,2023-05-01 00:00:00,S,1230,2983025157.9099994
can,ES,2023-05-01 00:00:00,U,962,2178940049.3099995
can,ES,2023-05-01 00:00:00,W,69,1351945511.9599998
can,ES,2023-06-01 00:00:00,S,1273,1992387065.74
can,ES,2023-06-01 00:00:00,U,940,1218731202.49
can,ES,2023-06-01 00:00:00,W,76,786704996.3000001
can,ES,2023-07-01 00:00:00,S,1229,1863521665.62
can,ES,2023-07-01 00:00:00,U,886,3831591884.57
can,ES,2023-07-01 00:00:00,W,76,931009228.3499999
can,ES,2023-08-01 00:00:00,S,1077,2383079173.3900003
can,ES,2023-08-01 00:00:00,U,790,1399876996.53
can,ES,2023-08-01 00:00:00,W,66,1049326049.1099998
can,ES,2023-09-01 00:00:00,S,1275,4623483456.6
can,ES,2023-09-01 00:00:00,U,927,5404432138.350002
can,ES,2023-09-01 00:00:00,W,80,1939026180.5899997
can,FI,2016-01-01 00:00:00,S,140,108335285.8
can,FI,2016-01-01 00:00:00,U,74,70956078.0
can,FI,2016-01-01 00:00:00,W,14,44402453.0
can,FI,2016-02-01 00:00:00,S,135,63235949.72
can,FI,2016-02-01 00:00:00,U,74,184587851.67
can,FI,2016-02-01 00:00:00,W,19,40601983.0
can,FI,2016-03-01 00:00:00,S,109,50685076.4
can,FI,2016-03-01 00:00:00,U,60,15182824.19
can,FI,2016-03-01 00:00:00,W,23,131758747.0
can,FI,2016-04-01 00:00:00,S,107,47872405.55
can,FI,2016-04-01 00:00:00,U,60,112115764.39
can,FI,2016-04-01 00:00:00,W,32,102931271.16
can,FI,2016-05-01 00:00:00,S,132,775003586.0
can,FI,2016-05-01 00:00:00,U,63,121535144.0
can,FI,2016-05-01 00:00:00,W,41,149942303.0
can,FI,2016-06-01 00:00:00,S,153,534347951.0
can,FI,2016-06-01 00:00:00,U,87,295586307.96000004
can,FI,2016-06-01 00:00:00,W,38,218851863.0
can,FI,2016-07-01 00:00:00,S,116,936778409.0
can,FI,2016-07-01 00:00:00,U,83,176865342.55
can,FI,2016-07-01 00:00:00,W,21,204038795.24
can,FI,2016-08-01 00:00:00,S,154,227705036.0
can,FI,2016-08-01 00:00:00,U,86,218310457.0
can,FI,2016-08-01 00:00:00,W,32,133322005.0
can,FI,2016-09-01 00:00:00,S,140,517245853.0
can,FI,2016-09-01 00:00:00,U,85,118520698.0
can,FI,2016-09-01 00:00:00,W,33,272523332.0
can,FI,2016-10-01 00:00:00,S,119,269542411.0
can,FI,2016-10-01 00:00:00,U,59,360308809.0
can,FI,2016-10-01 00:00:00,W,27,148236596.0
can,FI,2016-11-01 00:00:00,S,126,402133527.0
can,FI,2016-11-01 00:00:00,U,57,63158708.83
can,FI,2016-11-01 00:00:00,W,40,263166486.0
can,FI,2016-12-01 00:00:00,S,137,261943572.0
can,FI,2016-12-01 00:00:00,U,73,77272260.0
can,FI,2016-12-01 00:00:00,W,20,69120925.0
can,FI,2017-01-01 00:00:00,S,218,808393343.0
can,FI,2017-01-01 00:00:00,U,57,305434864.55
can,FI,2017-01-01 00:00:00,W,18,108253951.0
can,FI,2017-02-01 00:00:00,S,143,300228821.0
can,FI,2017-02-01 00:00:00,U,61,93918372.0
can,FI,2017-02-01 00:00:00,W,20,252866466.0
can,FI,2017-03-01 00:00:00,S,150,498005958.27
can,FI,2017-03-01 00:00:00,U,73,77159851.47999999
can,FI,2017-03-01 00:00:00,W,28,129302167.0
can,FI,2017-04-01 00:00:00,S,125,324679746.0
can,FI,2017-04-01 00:00:00,U,42,45392884.0
can,FI,2017-04-01 00:00:00,W,29,140284802.0
can,FI,2017-05-01 00:00:00,S,135,7322291913.0
can,FI,2017-05-01 00:00:00,U,62,98384778.0
can,FI,2017-05-01 00:00:00,W,41,165282431.0
can,FI,2017-06-01 00:00:00,S,172,624834842.8399999
can,FI,2017-06-01 00:00:00,U,95,854224283.0
can,FI,2017-06-01 00:00:00,W,34,147325851.0
can,FI,2017-07-01 00:00:00,S,92,308191149.0
can,FI,2017-07-01 00:00:00,U,48,51375940.0
can,FI,2017-07-01 00:00:00,W,33,407616156.0
can,FI,2017-08-01 00:00:00,S,152,582711284.0
can,FI,2017-08-01 00:00:00,U,86,262242434.0
can,FI,2017-08-01 00:00:00,W,32,194069561.0
can,FI,2017-09-01 00:00:00,S,152,763525839.0
can,FI,2017-09-01 00:00:00,U,75,103603654.0
can,FI,2017-09-01 00:00:00,W,41,173838903.0
can,FI,2017-10-01 00:00:00,S,136,404481925.0
can,FI,2017-10-01 00:00:00,U,72,206639624.96
can,FI,2017-10-01 00:00:00,W,25,134836446.0
can,FI,2017-11-01 00:00:00,S,164,396976047.0
can,FI,2017-11-01 00:00:00,U,79,370574846.0
can,FI,2017-11-01 00:00:00,W,18,105032020.0
can,FI,2017-12-01 00:00:00,S,115,459492837.0
can,FI,2017-12-01 00:00:00,U,70,174823837.01999998
can,FI,2017-12-01 00:00:00,W,22,146096026.0
can,FI,2018-01-01 00:00:00,S,182,263341128.0
can,FI,2018-01-01 00:00:00,U,84,381257672.0
can,FI,2018-01-01 00:00:00,W,24,297383578.0
can,FI,2018-02-01 00:00:00,S,146,1132737546.0
can,FI,2018-02-01 00:00:00,U,74,548656981.0
can,FI,2018-02-01 00:00:00,W,32,161504721.0
can,FI,2018-03-01 00:00:00,S,132,1054236109.0
can,FI,2018-03-01 00:00:00,U,67,215455291.0
can,FI,2018-03-01 00:00:00,W,36,125092790.0
can,FI,2018-04-01 00:00:00,S,134,431900104.0
can,FI,2018-04-01 00:00:00,U,73,87382029.0
can,FI,2018-04-01 00:00:00,W,26,123280238.0
can,FI,2018-05-01 00:00:00,S,156,602199171.0
can,FI,2018-05-01 00:00:00,U,76,147913814.0
can,FI,2018-05-01 00:00:00,W,65,279763683.0
can,FI,2018-06-01 00:00:00,S,182,2002294554.0
can,FI,2018-06-01 00:00:00,U,68,163504827.0
can,FI,2018-06-01 00:00:00,W,40,234783717.0
can,FI,2018-07-01 00:00:00,S,130,299015835.02
can,FI,2018-07-01 00:00:00,U,53,180361056.0
can,FI,2018-07-01 00:00:00,W,41,214413878.0
can,FI,2018-08-01 00:00:00,S,173,411039573.0
can,FI,2018-08-01 00:00:00,U,85,96103913.0
can,FI,2018-08-01 00:00:00,W,66,542904482.0
can,FI,2018-09-01 00:00:00,S,118,286820717.0
can,FI,2018-09-01 00:00:00,U,54,43565736.0
can,FI,2018-09-01 00:00:00,W,30,153211539.0
can,FI,2018-10-01 00:00:00,S,157,660134337.1299999
can,FI,2018-10-01 00:00:00,U,86,127976344.0
can,FI,2018-10-01 00:00:00,W,24,109804300.0
can,FI,2018-11-01 00:00:00,S,158,795576722.0
can,FI,2018-11-01 00:00:00,U,96,344937010.0
can,FI,2018-11-01 00:00:00,W,30,175521919.0
can,FI,2018-12-01 00:00:00,S,166,541135227.0
can,FI,2018-12-01 00:00:00,U,62,399020136.0
can,FI,2018-12-01 00:00:00,W,19,88833447.0
can,FI,2019-01-01 00:00:00,S,249,1236364783.0
can,FI,2019-01-01 00:00:00,U,124,206719138.0
can,FI,2019-01-01 00:00:00,W,38,431017576.0
can,FI,2019-02-01 00:00:00,S,178,1291809995.0
can,FI,2019-02-01 00:00:00,U,75,524608786.0
can,FI,2019-02-01 00:00:00,W,23,171209772.0
can,FI,2019-03-01 00:00:00,S,156,743880239.5
can,FI,2019-03-01 00:00:00,U,88,340226192.0
can,FI,2019-03-01 00:00:00,W,23,173990960.0
can,FI,2019-04-01 00:00:00,S,195,406042823.37
can,FI,2019-04-01 00:00:00,U,61,733428571.72
can,FI,2019-04-01 00:00:00,W,42,610094459.0
can,FI,2019-05-01 00:00:00,S,220,1520262239.52
can,FI,2019-05-01 00:00:00,U,81,382664459.0
can,FI,2019-05-01 00:00:00,W,55,1607577864.0
can,FI,2019-06-01 00:00:00,S,198,446629816.0
can,FI,2019-06-01 00:00:00,U,77,284858807.0
can,FI,2019-06-01 00:00:00,W,42,172131349.0
can,FI,2019-07-01 00:00:00,S,201,1288579958.0
can,FI,2019-07-01 00:00:00,U,62,79076224.0
can,FI,2019-07-01 00:00:00,W,41,194072645.0
can,FI,2019-08-01 00:00:00,S,186,1198355204.0
can,FI,2019-08-01 00:00:00,U,76,204765488.04
can,FI,2019-08-01 00:00:00,W,63,431142877.0
can,FI,2019-09-01 00:00:00,S,218,560135132.3
can,FI,2019-09-01 00:00:00,U,89,207766034.0
can,FI,2019-09-01 00:00:00,W,21,221758586.0
can,FI,2019-10-01 00:00:00,S,204,816257593.68
can,FI,2019-10-01 00:00:00,U,85,146287782.94
can,FI,2019-10-01 00:00:00,W,48,281065067.0
can,FI,2019-11-01 00:00:00,S,196,1340741531.0
can,FI,2019-11-01 00:00:00,U,114,251603260.0
can,FI,2019-11-01 00:00:00,W,27,272167908.0
can,FI,2019-12-01 00:00:00,S,138,722354650.0
can,FI,2019-12-01 00:00:00,U,76,86979852.0
can,FI,2019-12-01 00:00:00,W,27,167603430.0
can,FI,2020-01-01 00:00:00,S,246,817119653.0
can,FI,2020-01-01 00:00:00,U,96,533635414.0
can,FI,2020-01-01 00:00:00,W,33,391189966.0
can,FI,2020-02-01 00:00:00,S,248,873998538.8
can,FI,2020-02-01 00:00:00,U,106,702559867.61
can,FI,2020-02-01 00:00:00,W,49,378194456.0
can,FI,2020-03-01 00:00:00,S,175,1401321988.8
can,FI,2020-03-01 00:00:00,U,91,146918266.19
can,FI,2020-03-01 00:00:00,W,26,182563184.75
can,FI,2020-04-01 00:00:00,S,261,651818242.4300001
can,FI,2020-04-01 00:00:00,U,90,203107864.05
can,FI,2020-04-01 00:00:00,W,34,365292423.49
can,FI,2020-05-01 00:00:00,S,169,468395088.73
can,FI,2020-05-01 00:00:00,U,102,144936634.32999998
can,FI,2020-05-01 00:00:00,W,45,99201563.69
can,FI,2020-06-01 00:00:00,S,208,513210365.59
can,FI,2020-06-01 00:00:00,U,115,350196478.48
can,FI,2020-06-01 00:00:00,W,45,260058092.48999998
can,FI,2020-07-01 00:00:00,S,155,380239314.1399999
can,FI,2020-07-01 00:00:00,U,80,115349236.83999999
can,FI,2020-07-01 00:00:00,W,43,257827966.0
can,FI,2020-08-01 00:00:00,S,223,633109986.78
can,FI,2020-08-01 00:00:00,U,103,281198625.12
can,FI,2020-08-01 00:00:00,W,45,374441226.63
can,FI,2020-09-01 00:00:00,S,209,444778094.1
can,FI,2020-09-01 00:00:00,U,115,237446280.8
can,FI,2020-09-01 00:00:00,W,37,189079263.6
can,FI,2020-10-01 00:00:00,S,199,779188360.95
can,FI,2020-10-01 00:00:00,U,114,224250071.79999998
can,FI,2020-10-01 00:00:00,W,23,133599226.0
can,FI,2020-11-01 00:00:00,S,202,249024875.62
can,FI,2020-11-01 00:00:00,U,110,356602512.18
can,FI,2020-11-01 00:00:00,W,30,261963630.84
can,FI,2020-12-01 00:00:00,S,231,668529346.51
can,FI,2020-12-01 00:00:00,U,133,913240781.0500001
can,FI,2020-12-01 00:00:00,W,24,177149061.0
can,FI,2021-01-01 00:00:00,S,288,1492098154.0
can,FI,2021-01-01 00:00:00,U,115,174125476.05
can,FI,2021-01-01 00:00:00,W,48,647017749.0
can,FI,2021-02-01 00:00:00,S,257,684996184.8
can,FI,2021-02-01 00:00:00,U,127,461138028.66
can,FI,2021-02-01 00:00:00,W,48,315891630.0
can,FI,2021-03-01 00:00:00,S,273,823300325.27
can,FI,2021-03-01 00:00:00,U,118,323951500.08
can,FI,2021-03-01 00:00:00,W,41,224707506.0
can,FI,2021-04-01 00:00:00,S,169,1056449538.06
can,FI,2021-04-01 00:00:00,U,113,335296364.65
can,FI,2021-04-01 00:00:00,W,29,233027906.06
can,FI,2021-05-01 00:00:00,S,222,1308985382.19
can,FI,2021-05-01 00:00:00,U,101,191197745.0
can,FI,2021-05-01 00:00:00,W,32,216819807.0
can,FI,2021-06-01 00:00:00,S,222,443032961.6100001
can,FI,2021-06-01 00:00:00,U,117,344748683.29999995
can,FI,2021-06-01 00:00:00,W,20,246750923.0
can,FI,2021-07-01 00:00:00,S,172,1501446502.16
can,FI,2021-07-01 00:00:00,U,79,87688832.07
can,FI,2021-07-01 00:00:00,W,20,123435316.0
can,FI,2021-08-01 00:00:00,S,192,626660925.77
can,FI,2021-08-01 00:00:00,U,99,1791077541.31
can,FI,2021-08-01 00:00:00,W,44,392159014.5
can,FI,2021-09-01 00:00:00,S,176,709081508.69
can,FI,2021-09-01 00:00:00,U,94,630312544.5
can,FI,2021-09-01 00:00:00,W,33,253856180.0
can,FI,2021-10-01 00:00:00,S,204,790841572.0999999
can,FI,2021-10-01 00:00:00,U,110,287099761.28999996
can,FI,2021-10-01 00:00:00,W,32,486874278.37
can,FI,2021-11-01 00:00:00,S,309,1616885859.3400002
can,FI,2021-11-01 00:00:00,U,95,450548870.97999996
can,FI,2021-11-01 00:00:00,W,21,260907906.39
can,FI,2021-12-01 00:00:00,S,271,830249882.38
can,FI,2021-12-01 00:00:00,U,160,611013368.78
can,FI,2021-12-01 00:00:00,W,25,80804790.0
can,FI,2022-01-01 00:00:00,S,291,1364772660.08
can,FI,2022-01-01 00:00:00,U,114,296318867.78999996
can,FI,2022-01-01 00:00:00,W,27,60986569.0
can,FI,2022-02-01 00:00:00,S,233,704459436.74
can,FI,2022-02-01 00:00:00,U,102,2603301655.7
can,FI,2022-02-01 00:00:00,W,28,148721719.0
can,FI,2022-03-01 00:00:00,S,227,654487966.02
can,FI,2022-03-01 00:00:00,U,140,998362822.77
can,FI,2022-03-01 00:00:00,W,28,151941123.0
can,FI,2022-04-01 00:00:00,S,175,578721928.0
can,FI,2022-04-01 00:00:00,U,89,862074968.5
can,FI,2022-04-01 00:00:00,W,32,87395157.0
can,FI,2022-05-01 00:00:00,S,405,1070446364.7899998
can,FI,2022-05-01 00:00:00,U,119,362226677.0
can,FI,2022-05-01 00:00:00,W,32,154537286.6
can,FI,2022-06-01 00:00:00,S,301,1140334483.81
can,FI,2022-06-01 00:00:00,U,148,822749799.26
can,FI,2022-06-01 00:00:00,W,43,272766898.1
can,FI,2022-07-01 00:00:00,S,171,1088555784.4699998
can,FI,2022-07-01 00:00:00,U,72,419387829.21
can,FI,2022-07-01 00:00:00,W,29,74385639.0
can,FI,2022-08-01 00:00:00,S,339,1057687435.73
can,FI,2022-08-01 00:00:00,U,124,343269993.24
can,FI,2022-08-01 00:00:00,W,22,221142028.03
can,FI,2022-09-01 00:00:00,S,220,612317637.2
can,FI,2022-09-01 00:00:00,U,119,471993608.0
can,FI,2022-09-01 00:00:00,W,27,686571069.0
can,FI,2022-10-01 00:00:00,S,224,1126818154.53
can,FI,2022-10-01 00:00:00,U,129,643098036.53
can,FI,2022-10-01 00:00:00,W,38,430263914.0
can,FI,2022-11-01 00:00:00,S,399,1437102962.9399998
can,FI,2022-11-01 00:00:00,U,135,483639338.93
can,FI,2022-11-01 00:00:00,W,26,364034646.0
can,FI,2022-12-01 00:00:00,S,327,861385181.63
can,FI,2022-12-01 00:00:00,U,118,286076311.15
can,FI,2022-12-01 00:00:00,W,15,1003818154.0
can,FI,2023-01-01 00:00:00,S,440,2434020066.2499995
can,FI,2023-01-01 00:00:00,U,114,198642662.0
can,FI,2023-01-01 00:00:00,W,19,128641358.2
can,FI,2023-02-01 00:00:00,S,304,1538395426.44
can,FI,2023-02-01 00:00:00,U,105,314330707.07000005
can,FI,2023-02-01 00:00:00,W,35,428892787.31
can,FI,2023-03-01 00:00:00,S,260,1685221838.0799997
can,FI,2023-03-01 00:00:00,U,128,321539965.63
can,FI,2023-03-01 00:00:00,W,36,264022309.0
can,FI,2023-04-01 00:00:00,S,207,1191888772.2100003
can,FI,2023-04-01 00:00:00,U,93,211486032.03
can,FI,2023-04-01 00:00:00,W,32,356915586.0
can,FI,2023-05-01 00:00:00,S,358,710294578.54
can,FI,2023-05-01 00:00:00,U,130,204513726.93
can,FI,2023-05-01 00:00:00,W,42,308418396.86
can,FI,2023-06-01 00:00:00,S,419,2482368697.81
can,FI,2023-06-01 00:00:00,U,152,621974620.3000001
can,FI,2023-06-01 00:00:00,W,67,663460072.1
can,FI,2023-07-01 00:00:00,S,197,1021782343.23
can,FI,2023-07-01 00:00:00,U,98,214814381.0
can,FI,2023-07-01 00:00:00,W,31,248861951.0
can,FI,2023-08-01 00:00:00,S,362,1744843651.15
can,FI,2023-08-01 00:00:00,U,182,2603419108.14
can,FI,2023-08-01 00:00:00,W,60,537213839.0
can,FI,2023-09-01 00:00:00,S,237,2529740415.39
can,FI,2023-09-01 00:00:00,U,168,3440393283.0
can,FI,2023-09-01 00:00:00,W,29,559819803.0
can,FR,2016-01-01 00:00:00,S,2336,1577635310.7199998
can,FR,2016-01-01 00:00:00,U,1189,692553742.0799999
can,FR,2016-01-01 00:00:00,W,624,2153726585.39
can,FR,2016-02-01 00:00:00,S,1612,994769444.7399999
can,FR,2016-02-01 00:00:00,U,835,526076428.73999995
can,FR,2016-02-01 00:00:00,W,421,1609544667.47
can,FR,2016-03-01 00:00:00,S,1393,807894308.1500001
can,FR,2016-03-01 00:00:00,U,791,543298164.3100001
can,FR,2016-03-01 00:00:00,W,506,1102931566.19
can,FR,2016-04-01 00:00:00,S,995,1970139502.86
can,FR,2016-04-01 00:00:00,U,501,952752684.74
can,FR,2016-04-01 00:00:00,W,363,1705756881.08
can,FR,2016-05-01 00:00:00,S,1260,112106459839.68
can,FR,2016-05-01 00:00:00,U,668,21961798319.079998
can,FR,2016-05-01 00:00:00,W,405,321271481445.42004
can,FR,2016-06-01 00:00:00,S,1583,109742911942.00998
can,FR,2016-06-01 00:00:00,U,832,26255611462.11
can,FR,2016-06-01 00:00:00,W,557,1850397932.6899998
can,FR,2016-07-01 00:00:00,S,1692,4858222997.879999
can,FR,2016-07-01 00:00:00,U,870,1013154336.23
can,FR,2016-07-01 00:00:00,W,542,2415282444.2799997
can,FR,2016-08-01 00:00:00,S,1518,20299356218.789997
can,FR,2016-08-01 00:00:00,U,840,1818830036.84
can,FR,2016-08-01 00:00:00,W,551,1919194871.33
can,FR,2016-09-01 00:00:00,S,1369,22814920133.25
can,FR,2016-09-01 00:00:00,U,664,24025129481.5
can,FR,2016-09-01 00:00:00,W,451,2539271482.62
can,FR,2016-10-01 00:00:00,S,1234,20082780693.079998
can,FR,2016-10-01 00:00:00,U,654,2264004548.09
can,FR,2016-10-01 00:00:00,W,406,1593242610.12
can,FR,2016-11-01 00:00:00,S,1616,11766828722.96
can,FR,2016-11-01 00:00:00,U,797,5411114517.2
can,FR,2016-11-01 00:00:00,W,427,2544962039.8299994
can,FR,2016-12-01 00:00:00,S,2235,9094387817.419998
can,FR,2016-12-01 00:00:00,U,996,5262551633.51
can,FR,2016-12-01 00:00:00,W,486,2348982328.61
can,FR,2017-01-01 00:00:00,S,2651,21969405007.560005
can,FR,2017-01-01 00:00:00,U,1200,5693611286.02
can,FR,2017-01-01 00:00:00,W,563,4144194919.7099996
can,FR,2017-02-01 00:00:00,S,1474,5583077641.289999
can,FR,2017-02-01 00:00:00,U,711,8409728877.120001
can,FR,2017-02-01 00:00:00,W,395,2595567552.0800004
can,FR,2017-03-01 00:00:00,S,1704,14558641997.67
can,FR,2017-03-01 00:00:00,U,789,8088116938.37
can,FR,2017-03-01 00:00:00,W,500,1942647746.69
can,FR,2017-04-01 00:00:00,S,1256,1005987130043.5798
can,FR,2017-04-01 00:00:00,U,670,52586145715.46
can,FR,2017-04-01 00:00:00,W,442,2718760303.45
can,FR,2017-05-01 00:00:00,S,1375,6464785321.34
can,FR,2017-05-01 00:00:00,U,703,4003425945.809999
can,FR,2017-05-01 00:00:00,W,545,201684039581.77
can,FR,2017-06-01 00:00:00,S,1680,15835540253.68
can,FR,2017-06-01 00:00:00,U,817,8022422531.53
can,FR,2017-06-01 00:00:00,W,652,1711518471.73
can,FR,2017-07-01 00:00:00,S,1774,2118385030672.9202
can,FR,2017-07-01 00:00:00,U,947,5831676657.389999
can,FR,2017-07-01 00:00:00,W,598,2594112334.37
can,FR,2017-08-01 00:00:00,S,1804,113323900142.39001
can,FR,2017-08-01 00:00:00,U,916,4602068522.660001
can,FR,2017-08-01 00:00:00,W,594,9003346087574.02
can,FR,2017-09-01 00:00:00,S,1431,27679125756.560005
can,FR,2017-09-01 00:00:00,U,635,10702329991.800001
can,FR,2017-09-01 00:00:00,W,439,1411799360.08
can,FR,2017-10-01 00:00:00,S,1513,3274873104.7
can,FR,2017-10-01 00:00:00,U,753,3755838176.21
can,FR,2017-10-01 00:00:00,W,515,1559990054.94
can,FR,2017-11-01 00:00:00,S,1736,7993923098.49
can,FR,2017-11-01 00:00:00,U,829,107877049556.07
can,FR,2017-11-01 00:00:00,W,492,5750821466.43
can,FR,2017-12-01 00:00:00,S,2206,7887537820.749999
can,FR,2017-12-01 00:00:00,U,947,4325434963.839999
can,FR,2017-12-01 00:00:00,W,523,3397890266.8599987
can,FR,2018-01-01 00:00:00,S,2888,138607186440.35007
can,FR,2018-01-01 00:00:00,U,1287,8547010342.029999
can,FR,2018-01-01 00:00:00,W,626,63523826786.03001
can,FR,2018-02-01 00:00:00,S,1703,18014976510753.8
can,FR,2018-02-01 00:00:00,U,822,10984324616.35
can,FR,2018-02-01 00:00:00,W,510,4229590666.1700006
can,FR,2018-03-01 00:00:00,S,1577,39470653124.28999
can,FR,2018-03-01 00:00:00,U,784,6081867217.329999
can,FR,2018-03-01 00:00:00,W,467,3695918162.77
can,FR,2018-04-01 00:00:00,S,1453,3472447092.0400004
can,FR,2018-04-01 00:00:00,U,704,25390115391.910007
can,FR,2018-04-01 00:00:00,W,499,4224492568.8999996
can,FR,2018-05-01 00:00:00,S,1438,8081559504.390001
can,FR,2018-05-01 00:00:00,U,689,13903580921.0
can,FR,2018-05-01 00:00:00,W,520,1936802369.9
can,FR,2018-06-01 00:00:00,S,1639,15801847702.45
can,FR,2018-06-01 00:00:00,U,817,2284016220.3700004
can,FR,2018-06-01 00:00:00,W,599,1791600440.9599998
can,FR,2018-07-01 00:00:00,S,2037,80018982699.29
can,FR,2018-07-01 00:00:00,U,949,102324653276.91998
can,FR,2018-07-01 00:00:00,W,668,2584014701.04
can,FR,2018-08-01 00:00:00,S,1871,26608253413.300003
can,FR,2018-08-01 00:00:00,U,849,7648195583.75
can,FR,2018-08-01 00:00:00,W,594,1758209866.9399998
can,FR,2018-09-01 00:00:00,S,1291,9102785320.9
can,FR,2018-09-01 00:00:00,U,633,3097087986.98
can,FR,2018-09-01 00:00:00,W,461,1499339643.56
can,FR,2018-10-01 00:00:00,S,1801,10016247221666.174
can,FR,2018-10-01 00:00:00,U,858,6112081846.040002
can,FR,2018-10-01 00:00:00,W,566,2873845319.1299996
can,FR,2018-11-01 00:00:00,S,1753,7981198988.83
can,FR,2018-11-01 00:00:00,U,809,5661076461.65
can,FR,2018-11-01 00:00:00,W,493,1791360639.4099998
can,FR,2018-12-01 00:00:00,S,2077,13640742849.439999
can,FR,2018-12-01 00:00:00,U,906,43001188465.700005
can,FR,2018-12-01 00:00:00,W,513,4006287325.6400003
can,FR,2019-01-01 00:00:00,S,2908,142179212746.36
can,FR,2019-01-01 00:00:00,U,1243,10442579453.99
can,FR,2019-01-01 00:00:00,W,644,6454739238.269998
can,FR,2019-02-01 00:00:00,S,1732,26418916872.84
can,FR,2019-02-01 00:00:00,U,855,3851104728.72
can,FR,2019-02-01 00:00:00,W,481,30448765594.399994
can,FR,2019-03-01 00:00:00,S,1691,13055845081.050003
can,FR,2019-03-01 00:00:00,U,747,5392957348.92
can,FR,2019-03-01 00:00:00,W,586,7928900472.38
can,FR,2019-04-01 00:00:00,S,1608,5530425854.37
can,FR,2019-04-01 00:00:00,U,823,4378998363.64
can,FR,2019-04-01 00:00:00,W,530,2520717718.55
can,FR,2019-05-01 00:00:00,S,1600,12828330615.9
can,FR,2019-05-01 00:00:00,U,732,4921782342.23
can,FR,2019-05-01 00:00:00,W,520,3110212431.0
can,FR,2019-06-01 00:00:00,S,1692,50410789534427.89
can,FR,2019-06-01 00:00:00,U,768,10010940572094.81
can,FR,2019-06-01 00:00:00,W,530,1507505254.7099998
can,FR,2019-07-01 00:00:00,S,2344,16314232545.139994
can,FR,2019-07-01 00:00:00,U,1043,6360792744.199999
can,FR,2019-07-01 00:00:00,W,679,4412662074.510001
can,FR,2019-08-01 00:00:00,S,1737,5548509551.080002
can,FR,2019-08-01 00:00:00,U,882,13746906203.130003
can,FR,2019-08-01 00:00:00,W,548,2612269550.42
can,FR,2019-09-01 00:00:00,S,1342,11176244052.129997
can,FR,2019-09-01 00:00:00,U,667,1649768802.12
can,FR,2019-09-01 00:00:00,W,480,2733243107.01
can,FR,2019-10-01 00:00:00,S,1778,9450862237.04
can,FR,2019-10-01 00:00:00,U,855,2863306570.2000003
can,FR,2019-10-01 00:00:00,W,526,2791864910.6800003
can,FR,2019-11-01 00:00:00,S,1572,19962722888.43
can,FR,2019-11-01 00:00:00,U,792,1462427568.43
can,FR,2019-11-01 00:00:00,W,458,1749042394.9499998
can,FR,2019-12-01 00:00:00,S,2312,18894321487.45
can,FR,2019-12-01 00:00:00,U,1009,25264650738.57999
can,FR,2019-12-01 00:00:00,W,453,2703601499.08
can,FR,2020-01-01 00:00:00,S,2749,24853556457.719997
can,FR,2020-01-01 00:00:00,U,1264,3401349939.7699995
can,FR,2020-01-01 00:00:00,W,597,3417233690.12
can,FR,2020-02-01 00:00:00,S,1689,7602009351.210001
can,FR,2020-02-01 00:00:00,U,752,4487354411.920001
can,FR,2020-02-01 00:00:00,W,440,19162438153.929996
can,FR,2020-03-01 00:00:00,S,1579,10980619480.349998
can,FR,2020-03-01 00:00:00,U,691,1009239307305.5199
can,FR,2020-03-01 00:00:00,W,445,4947539712.379999
can,FR,2020-04-01 00:00:00,S,1100,4933834987.470001
can,FR,2020-04-01 00:00:00,U,528,5743975728.36
can,FR,2020-04-01 00:00:00,W,269,6052235057.860001
can,FR,2020-05-01 00:00:00,S,932,19318880556.76
can,FR,2020-05-01 00:00:00,U,488,2190337255.67
can,FR,2020-05-01 00:00:00,W,323,3297773554.66
can,FR,2020-06-01 00:00:00,S,1295,9483376423.03
can,FR,2020-06-01 00:00:00,U,640,2598613419.6400003
can,FR,2020-06-01 00:00:00,W,432,1800411019.41
can,FR,2020-07-01 00:00:00,S,1536,14584957805.67
can,FR,2020-07-01 00:00:00,U,836,3629021246.6700006
can,FR,2020-07-01 00:00:00,W,479,1984266969.4399996
can,FR,2020-08-01 00:00:00,S,1362,7756250789.8499975
can,FR,2020-08-01 00:00:00,U,676,6392704343.579999
can,FR,2020-08-01 00:00:00,W,419,1688982424.5
can,FR,2020-09-01 00:00:00,S,1321,16068502533.3
can,FR,2020-09-01 00:00:00,U,650,33619132050.989998
can,FR,2020-09-01 00:00:00,W,350,12181877052.65
can,FR,2020-10-01 00:00:00,S,1558,5016337085.58
can,FR,2020-10-01 00:00:00,U,743,1880280819.12
can,FR,2020-10-01 00:00:00,W,416,9818582805.79
can,FR,2020-11-01 00:00:00,S,1754,12529205904.76
can,FR,2020-11-01 00:00:00,U,808,1377086104.36
can,FR,2020-11-01 00:00:00,W,394,3104733758.42
can,FR,2020-12-01 00:00:00,S,2513,18534015282.96
can,FR,2020-12-01 00:00:00,U,1127,2912584720.19
can,FR,2020-12-01 00:00:00,W,523,4174374318.85
can,FR,2021-01-01 00:00:00,S,2676,5557463375.740001
can,FR,2021-01-01 00:00:00,U,1126,3126182283.9099994
can,FR,2021-01-01 00:00:00,W,540,4004190065.7300005
can,FR,2021-02-01 00:00:00,S,1668,13815401399.690004
can,FR,2021-02-01 00:00:00,U,765,3894554778.5499997
can,FR,2021-02-01 00:00:00,W,417,3356201617.16
can,FR,2021-03-01 00:00:00,S,1805,30018577440623.883
can,FR,2021-03-01 00:00:00,U,892,6501114777.110001
can,FR,2021-03-01 00:00:00,W,539,2592585730.3500004
can,FR,2021-04-01 00:00:00,S,1631,45468553194.97998
can,FR,2021-04-01 00:00:00,U,727,4816162953.349999
can,FR,2021-04-01 00:00:00,W,429,11212962081.43
can,FR,2021-05-01 00:00:00,S,1462,3730499330.7299995
can,FR,2021-05-01 00:00:00,U,692,5529918756.72
can,FR,2021-05-01 00:00:00,W,387,8739737745.44
can,FR,2021-06-01 00:00:00,S,1891,20524723768.76
can,FR,2021-06-01 00:00:00,U,853,11509534083.430002
can,FR,2021-06-01 00:00:00,W,555,29053142638.73
can,FR,2021-07-01 00:00:00,S,2139,28439584071.07
can,FR,2021-07-01 00:00:00,U,926,12980435174.68
can,FR,2021-07-01 00:00:00,W,525,2317326873.6800003
can,FR,2021-08-01 00:00:00,S,1633,27881763424.820007
can,FR,2021-08-01 00:00:00,U,737,10002845763951.217
can,FR,2021-08-01 00:00:00,W,406,1906667820.19
can,FR,2021-09-01 00:00:00,S,1411,13814194411.459997
can,FR,2021-09-01 00:00:00,U,638,16019772902.18
can,FR,2021-09-01 00:00:00,W,368,2385054604.52
can,FR,2021-10-01 00:00:00,S,1448,13731947749.659998
can,FR,2021-10-01 00:00:00,U,709,23652669384.079998
can,FR,2021-10-01 00:00:00,W,361,12549004183.49
can,FR,2021-11-01 00:00:00,S,1701,7049879390.210001
can,FR,2021-11-01 00:00:00,U,691,6881321798.959999
can,FR,2021-11-01 00:00:00,W,418,2159197157.57
can,FR,2021-12-01 00:00:00,S,2587,1044319075448.6
can,FR,2021-12-01 00:00:00,U,977,25324735850.649998
can,FR,2021-12-01 00:00:00,W,494,10719595635.509998
can,FR,2022-01-01 00:00:00,S,2513,32085030592.29999
can,FR,2022-01-01 00:00:00,U,958,18095523148.96
can,FR,2022-01-01 00:00:00,W,597,3712621445.94
can,FR,2022-02-01 00:00:00,S,1654,53581662929.46
can,FR,2022-02-01 00:00:00,U,678,12327804257.189999
can,FR,2022-02-01 00:00:00,W,403,3039667599.2099996
can,FR,2022-03-01 00:00:00,S,1742,8421114386.19
can,FR,2022-03-01 00:00:00,U,819,3327856779.54
can,FR,2022-03-01 00:00:00,W,469,2720319003.52
can,FR,2022-04-01 00:00:00,S,1638,29052035184.920002
can,FR,2022-04-01 00:00:00,U,694,3810861988.9300003
can,FR,2022-04-01 00:00:00,W,405,7531698607.66
can,FR,2022-05-01 00:00:00,S,1591,12681454188.88
can,FR,2022-05-01 00:00:00,U,777,6728430048.21
can,FR,2022-05-01 00:00:00,W,505,3653877318.0
can,FR,2022-06-01 00:00:00,S,1851,6635584945.969999
can,FR,2022-06-01 00:00:00,U,791,3271322223.8600006
can,FR,2022-06-01 00:00:00,W,472,33047233227.53
can,FR,2022-07-01 00:00:00,S,2003,11590472992.25
can,FR,2022-07-01 00:00:00,U,908,6081239678.699999
can,FR,2022-07-01 00:00:00,W,494,5818643635.06
can,FR,2022-08-01 00:00:00,S,1883,6013519766411.541
can,FR,2022-08-01 00:00:00,U,878,3050858812.14
can,FR,2022-08-01 00:00:00,W,467,3665656667.8199997
can,FR,2022-09-01 00:00:00,S,1408,8500657299.4800005
can,FR,2022-09-01 00:00:00,U,643,4113918544.9500003
can,FR,2022-09-01 00:00:00,W,402,3039528060.48
can,FR,2022-10-01 00:00:00,S,1625,4829654125.59
can,FR,2022-10-01 00:00:00,U,799,4781338361.629999
can,FR,2022-10-01 00:00:00,W,406,2422203460.42
can,FR,2022-11-01 00:00:00,S,1797,7026323491.97
can,FR,2022-11-01 00:00:00,U,839,16103145810.890001
can,FR,2022-11-01 00:00:00,W,382,3422244864.7100005
can,FR,2022-12-01 00:00:00,S,2467,16769557465.839996
can,FR,2022-12-01 00:00:00,U,961,4092201644.35
can,FR,2022-12-01 00:00:00,W,437,6639485965.210001
can,FR,2023-01-01 00:00:00,S,2820,14132146020.94
can,FR,2023-01-01 00:00:00,U,1138,9058348230.0
can,FR,2023-01-01 00:00:00,W,540,5777992056.28
can,FR,2023-02-01 00:00:00,S,1596,45972732942.48999
can,FR,2023-02-01 00:00:00,U,711,7701183622.2300005
can,FR,2023-02-01 00:00:00,W,414,4621367257.59
can,FR,2023-03-01 00:00:00,S,1837,8880323641.010002
can,FR,2023-03-01 00:00:00,U,832,5725206443.7
can,FR,2023-03-01 00:00:00,W,505,5831230890.589999
can,FR,2023-04-01 00:00:00,S,1634,15066617658.52
can,FR,2023-04-01 00:00:00,U,748,7351991841.0
can,FR,2023-04-01 00:00:00,W,413,3681988789.83
can,FR,2023-05-01 00:00:00,S,1540,8296509377.350001
can,FR,2023-05-01 00:00:00,U,739,31545929200.34
can,FR,2023-05-01 00:00:00,W,421,4384131276.44
can,FR,2023-06-01 00:00:00,S,1965,24759416551.800003
can,FR,2023-06-01 00:00:00,U,912,4189227031.14
can,FR,2023-06-01 00:00:00,W,511,3959725159.32
can,FR,2023-07-01 00:00:00,S,2195,8924149870.55
can,FR,2023-07-01 00:00:00,U,1084,10533861635.000002
can,FR,2023-07-01 00:00:00,W,523,9423633409.49
can,FR,2023-08-01 00:00:00,S,1845,85657323116.06
can,FR,2023-08-01 00:00:00,U,896,4953000895.689999
can,FR,2023-08-01 00:00:00,W,471,7143806171.0199995
can,FR,2023-09-01 00:00:00,S,1417,7335785999.7
can,FR,2023-09-01 00:00:00,U,671,5365829196.08
can,FR,2023-09-01 00:00:00,W,403,2858407467.250001
can,GR,2016-01-01 00:00:00,S,44,157202972.32999998
can,GR,2016-01-01 00:00:00,U,79,23299301.56
can,GR,2016-01-01 00:00:00,W,4,12919397.47
can,GR,2016-02-01 00:00:00,S,35,22854690.810000002
can,GR,2016-02-01 00:00:00,U,68,57619262.07
can,GR,2016-02-01 00:00:00,W,2,9644246.21
can,GR,2016-03-01 00:00:00,S,1993,109196511.50999999
can,GR,2016-03-01 00:00:00,U,56,22192350.15
can,GR,2016-03-01 00:00:00,W,7,19033350.810000002
can,GR,2016-04-01 00:00:00,S,40,20627365.84
can,GR,2016-04-01 00:00:00,U,72,14944923.399999997
can,GR,2016-04-01 00:00:00,W,3,34444797.010000005
can,GR,2016-05-01 00:00:00,S,28,30104343.19
can,GR,2016-05-01 00:00:00,U,66,36045039.449999996
can,GR,2016-05-01 00:00:00,W,5,17540935.51
can,GR,2016-06-01 00:00:00,S,36,25209236.639999997
can,GR,2016-06-01 00:00:00,U,46,27529946.9
can,GR,2016-06-01 00:00:00,W,1,117448.18
can,GR,2016-07-01 00:00:00,S,52,51157053.03999999
can,GR,2016-07-01 00:00:00,U,56,107587017.74999999
can,GR,2016-07-01 00:00:00,W,5,15063999.3
can,GR,2016-08-01 00:00:00,S,42,44007156.87
can,GR,2016-08-01 00:00:00,U,42,19406873.719999995
can,GR,2016-08-01 00:00:00,W,5,26454659.52
can,GR,2016-09-01 00:00:00,S,49,44950263.1
can,GR,2016-09-01 00:00:00,U,57,23387971.84
can,GR,2016-09-01 00:00:00,W,4,18962533.169999998
can,GR,2016-10-01 00:00:00,S,33,24219358.65
can,GR,2016-10-01 00:00:00,U,58,33508259.759999994
can,GR,2016-10-01 00:00:00,W,6,33167159.14
can,GR,2016-11-01 00:00:00,S,42,31553191.97
can,GR,2016-11-01 00:00:00,U,76,213023807.19
can,GR,2016-11-01 00:00:00,W,4,17227448.98
can,GR,2016-12-01 00:00:00,S,27,15232565.040000001
can,GR,2016-12-01 00:00:00,U,59,35072128.33
can,GR,2016-12-01 00:00:00,W,2,2813972.0100000002
can,GR,2017-01-01 00:00:00,S,44,44521782.9
can,GR,2017-01-01 00:00:00,U,50,18793579.849999998
can,GR,2017-01-01 00:00:00,W,7,32709028.19
can,GR,2017-02-01 00:00:00,S,34,62437851.46
can,GR,2017-02-01 00:00:00,U,43,25342303.9
can,GR,2017-03-01 00:00:00,S,55,42136580.5
can,GR,2017-03-01 00:00:00,U,65,68620312.63
can,GR,2017-03-01 00:00:00,W,7,15295931.469999999
can,GR,2017-04-01 00:00:00,S,52,62050114.08
can,GR,2017-04-01 00:00:00,U,32,17225159.23
can,GR,2017-04-01 00:00:00,W,3,12401786.46
can,GR,2017-05-01 00:00:00,S,40,26643473.26
can,GR,2017-05-01 00:00:00,U,55,17404244.19
can,GR,2017-05-01 00:00:00,W,3,63763588.6
can,GR,2017-06-01 00:00:00,S,27,20047006.1
can,GR,2017-06-01 00:00:00,U,42,17414937.169999998
can,GR,2017-06-01 00:00:00,W,1,5393490.0
can,GR,2017-07-01 00:00:00,S,40,93302274.55999999
can,GR,2017-07-01 00:00:00,U,67,38866711.97
can,GR,2017-07-01 00:00:00,W,5,7659881.18
can,GR,2017-08-01 00:00:00,S,44,24845280.87
can,GR,2017-08-01 00:00:00,U,45,43185043.82000001
can,GR,2017-08-01 00:00:00,W,3,19349147.87
can,GR,2017-09-01 00:00:00,S,85,418045127.46000004
can,GR,2017-09-01 00:00:00,U,76,29406159.46
can,GR,2017-09-01 00:00:00,W,8,105154688.76
can,GR,2017-10-01 00:00:00,S,52,39182788.50000001
can,GR,2017-10-01 00:00:00,U,83,23206220.800000004
can,GR,2017-10-01 00:00:00,W,6,8672259.77
can,GR,2017-11-01 00:00:00,S,50,18484435.419999998
can,GR,2017-11-01 00:00:00,U,80,84706436.41999999
can,GR,2017-11-01 00:00:00,W,7,12039900.45
can,GR,2017-12-01 00:00:00,S,86,289564582.18
can,GR,2017-12-01 00:00:00,U,69,23480292.149999995
can,GR,2017-12-01 00:00:00,W,6,27032744.39
can,GR,2018-01-01 00:00:00,S,55,35536893.31
can,GR,2018-01-01 00:00:00,U,84,28301718.250000004
can,GR,2018-01-01 00:00:00,W,4,20161563.130000003
can,GR,2018-02-01 00:00:00,S,63,45314666.480000004
can,GR,2018-02-01 00:00:00,U,96,32114122.689999998
can,GR,2018-02-01 00:00:00,W,7,10669250.59
can,GR,2018-03-01 00:00:00,S,58,69831314.49
can,GR,2018-03-01 00:00:00,U,110,27441381.69
can,GR,2018-03-01 00:00:00,W,7,5173179.65
can,GR,2018-04-01 00:00:00,S,53,36785015.489999995
can,GR,2018-04-01 00:00:00,U,69,123349903.27999999
can,GR,2018-04-01 00:00:00,W,12,56298113.839999996
can,GR,2018-05-01 00:00:00,S,30,28279229.73
can,GR,2018-05-01 00:00:00,U,86,95402848.09
can,GR,2018-05-01 00:00:00,W,9,37680515.43
can,GR,2018-06-01 00:00:00,S,48,46059456.86
can,GR,2018-06-01 00:00:00,U,101,51018239.36
can,GR,2018-06-01 00:00:00,W,6,3625259.93
can,GR,2018-07-01 00:00:00,S,60,58503645.97
can,GR,2018-07-01 00:00:00,U,98,57166853.010000005
can,GR,2018-07-01 00:00:00,W,16,61196283.71
can,GR,2018-08-01 00:00:00,S,92,95988822.67999999
can,GR,2018-08-01 00:00:00,U,88,34787481.11
can,GR,2018-08-01 00:00:00,W,11,24294958.59
can,GR,2018-09-01 00:00:00,S,49,42274142.870000005
can,GR,2018-09-01 00:00:00,U,106,31628362.299999993
can,GR,2018-09-01 00:00:00,W,15,59910664.7
can,GR,2018-10-01 00:00:00,S,53,28041918.51
can,GR,2018-10-01 00:00:00,U,130,88451048.19999999
can,GR,2018-10-01 00:00:00,W,13,383036625.22
can,GR,2018-11-01 00:00:00,S,69,57253936.4
can,GR,2018-11-01 00:00:00,U,101,57919418.93999999
can,GR,2018-11-01 00:00:00,W,14,109190202.15
can,GR,2018-12-01 00:00:00,S,116,67504838.53999999
can,GR,2018-12-01 00:00:00,U,100,32943629.9
can,GR,2018-12-01 00:00:00,W,17,548334943.6
can,GR,2019-01-01 00:00:00,S,109,2392491752.9799995
can,GR,2019-01-01 00:00:00,U,107,122764734.08
can,GR,2019-01-01 00:00:00,W,10,44708236.95
can,GR,2019-02-01 00:00:00,S,103,121726137.71999998
can,GR,2019-02-01 00:00:00,U,141,55066056.03
can,GR,2019-02-01 00:00:00,W,8,33588360.21
can,GR,2019-03-01 00:00:00,S,79,60276583.31
can,GR,2019-03-01 00:00:00,U,170,187021212.84999996
can,GR,2019-03-01 00:00:00,W,10,23657717.02
can,GR,2019-04-01 00:00:00,S,67,30321879.970000003
can,GR,2019-04-01 00:00:00,U,155,139610318.15
can,GR,2019-04-01 00:00:00,W,23,202330270.03
can,GR,2019-05-01 00:00:00,S,72,178431934.74
can,GR,2019-05-01 00:00:00,U,158,98151121.27
can,GR,2019-05-01 00:00:00,W,23,96774342.45
can,GR,2019-06-01 00:00:00,S,64,26913772.44
can,GR,2019-06-01 00:00:00,U,138,50723152.27
can,GR,2019-06-01 00:00:00,W,8,64225867.42999999
can,GR,2019-07-01 00:00:00,S,64,113094509.9
can,GR,2019-07-01 00:00:00,U,127,352666328.79999995
can,GR,2019-07-01 00:00:00,W,15,26040911.52
can,GR,2019-08-01 00:00:00,S,95,66772678.29000001
can,GR,2019-08-01 00:00:00,U,134,70259499.11
can,GR,2019-08-01 00:00:00,W,13,30408059.760000005
can,GR,2019-09-01 00:00:00,S,85,1083403122.4299998
can,GR,2019-09-01 00:00:00,U,167,154445330.29999998
can,GR,2019-09-01 00:00:00,W,14,91712849.54
can,GR,2019-10-01 00:00:00,S,97,74066165.7
can,GR,2019-10-01 00:00:00,U,170,64129434.809999995
can,GR,2019-10-01 00:00:00,W,13,41138432.12
can,GR,2019-11-01 00:00:00,S,91,89365700.97999999
can,GR,2019-11-01 00:00:00,U,177,152348856.70000002
can,GR,2019-11-01 00:00:00,W,15,20831066.279999997
can,GR,2019-12-01 00:00:00,S,62,57975205.34
can,GR,2019-12-01 00:00:00,U,179,187966953.67999998
can,GR,2019-12-01 00:00:00,W,15,45148899.04
can,GR,2020-01-01 00:00:00,S,88,48909578.260000005
can,GR,2020-01-01 00:00:00,U,168,113372241.15
can,GR,2020-01-01 00:00:00,W,12,265632709.82
can,GR,2020-02-01 00:00:00,S,68,48151853.00000001
can,GR,2020-02-01 00:00:00,U,131,64456802.66
can,GR,2020-02-01 00:00:00,W,7,15597695.129999999
can,GR,2020-03-01 00:00:00,S,67,230505142.16999996
can,GR,2020-03-01 00:00:00,U,137,56926317.06
can,GR,2020-03-01 00:00:00,W,10,84490583.08999999
can,GR,2020-04-01 00:00:00,S,62,86253172.58
can,GR,2020-04-01 00:00:00,U,98,40216992.269999996
can,GR,2020-04-01 00:00:00,W,17,76398481.28999999
can,GR,2020-05-01 00:00:00,S,58,67849957.97999999
can,GR,2020-05-01 00:00:00,U,159,67965202.89999999
can,GR,2020-05-01 00:00:00,W,5,5338822.649999999
can,GR,2020-06-01 00:00:00,S,83,81922865.61
can,GR,2020-06-01 00:00:00,U,144,138220235.04
can,GR,2020-06-01 00:00:00,W,23,1081205890.43
can,GR,2020-07-01 00:00:00,S,110,71765221.93
can,GR,2020-07-01 00:00:00,U,223,223874106.91000003
can,GR,2020-07-01 00:00:00,W,13,36857269.440000005
can,GR,2020-08-01 00:00:00,S,96,100004082.55000001
can,GR,2020-08-01 00:00:00,U,91,432948227.09000003
can,GR,2020-08-01 00:00:00,W,12,69769217.68
can,GR,2020-09-01 00:00:00,S,129,45863225.82
can,GR,2020-09-01 00:00:00,U,139,240119010.9
can,GR,2020-09-01 00:00:00,W,26,72092210.01
can,GR,2020-10-01 00:00:00,S,127,33455011.310000002
can,GR,2020-10-01 00:00:00,U,145,67071943.30999999
can,GR,2020-10-01 00:00:00,W,9,142776635.21
can,GR,2020-11-01 00:00:00,S,74,29429502.439999998
can,GR,2020-11-01 00:00:00,U,149,52615502.63
can,GR,2020-11-01 00:00:00,W,11,156807637.28
can,GR,2020-12-01 00:00:00,S,140,167215606.26000002
can,GR,2020-12-01 00:00:00,U,194,369543986.96999985
can,GR,2020-12-01 00:00:00,W,12,33210587.320000004
can,GR,2021-01-01 00:00:00,S,95,50448337.73
can,GR,2021-01-01 00:00:00,U,164,78383381.7
can,GR,2021-01-01 00:00:00,W,11,61734056.55
can,GR,2021-02-01 00:00:00,S,80,63348683.72
can,GR,2021-02-01 00:00:00,U,142,62416773.279999994
can,GR,2021-02-01 00:00:00,W,15,56873340.4
can,GR,2021-03-01 00:00:00,S,100,52930509.29999999
can,GR,2021-03-01 00:00:00,U,150,53221235.35
can,GR,2021-03-01 00:00:00,W,4,51566475.79
can,GR,2021-04-01 00:00:00,S,93,104571359.09
can,GR,2021-04-01 00:00:00,U,166,91149863.27000001
can,GR,2021-04-01 00:00:00,W,12,58397970.84
can,GR,2021-05-01 00:00:00,S,85,60608505.26
can,GR,2021-05-01 00:00:00,U,211,86688322.57000001
can,GR,2021-05-01 00:00:00,W,16,114359405.97999999
can,GR,2021-06-01 00:00:00,S,115,104802716.75999999
can,GR,2021-06-01 00:00:00,U,274,103560254.67999999
can,GR,2021-06-01 00:00:00,W,12,135408905.37
can,GR,2021-07-01 00:00:00,S,85,99282811.13
can,GR,2021-07-01 00:00:00,U,216,65531652.19999999
can,GR,2021-07-01 00:00:00,W,20,1454371453.3699996
can,GR,2021-08-01 00:00:00,S,66,79287733.51
can,GR,2021-08-01 00:00:00,U,150,82998107.54
can,GR,2021-08-01 00:00:00,W,12,55760539.71
can,GR,2021-09-01 00:00:00,S,81,49856343.96
can,GR,2021-09-01 00:00:00,U,225,136401162.69
can,GR,2021-09-01 00:00:00,W,15,92691290.94
can,GR,2021-10-01 00:00:00,S,70,473291157.01
can,GR,2021-10-01 00:00:00,U,208,84421521.43
can,GR,2021-10-01 00:00:00,W,5,5804127.58
can,GR,2021-11-01 00:00:00,S,93,521672265.86
can,GR,2021-11-01 00:00:00,U,202,316504354.65999997
can,GR,2021-11-01 00:00:00,W,14,92747952.81
can,GR,2021-12-01 00:00:00,S,125,134816823.72
can,GR,2021-12-01 00:00:00,U,274,124427091.45
can,GR,2021-12-01 00:00:00,W,12,242211225.48000002
can,GR,2022-01-01 00:00:00,S,80,53341222.21
can,GR,2022-01-01 00:00:00,U,129,61799909.319999985
can,GR,2022-01-01 00:00:00,W,12,116324912.78
can,GR,2022-02-01 00:00:00,S,90,70406364.60000002
can,GR,2022-02-01 00:00:00,U,191,142286076.45000002
can,GR,2022-02-01 00:00:00,W,11,57024866.449999996
can,GR,2022-03-01 00:00:00,S,97,197017947.19999996
can,GR,2022-03-01 00:00:00,U,210,88159091.74
can,GR,2022-03-01 00:00:00,W,13,70665514.22
can,GR,2022-04-01 00:00:00,S,101,128546013.65
can,GR,2022-04-01 00:00:00,U,203,121313903.63999999
can,GR,2022-04-01 00:00:00,W,20,250021879.64
can,GR,2022-05-01 00:00:00,S,118,641893660.0200001
can,GR,2022-05-01 00:00:00,U,232,224802307.39999998
can,GR,2022-05-01 00:00:00,W,13,95507695.7
can,GR,2022-06-01 00:00:00,S,137,128658742.44
can,GR,2022-06-01 00:00:00,U,250,90512473.07000002
can,GR,2022-06-01 00:00:00,W,10,58880427.11
can,GR,2022-07-01 00:00:00,S,105,252103880.90000004
can,GR,2022-07-01 00:00:00,U,254,111812041.99000001
can,GR,2022-07-01 00:00:00,W,18,224045482.72000003
can,GR,2022-08-01 00:00:00,S,67,77515768.42
can,GR,2022-08-01 00:00:00,U,210,99048565.21000001
can,GR,2022-08-01 00:00:00,W,13,77049334.91
can,GR,2022-09-01 00:00:00,S,110,85547918.84
can,GR,2022-09-01 00:00:00,U,247,121158302.15
can,GR,2022-09-01 00:00:00,W,13,61258424.5
can,GR,2022-10-01 00:00:00,S,95,209165276.73999998
can,GR,2022-10-01 00:00:00,U,197,273187992.90999997
can,GR,2022-10-01 00:00:00,W,19,1101641210.04
can,GR,2022-11-01 00:00:00,S,170,151256014.01999998
can,GR,2022-11-01 00:00:00,U,271,102677134.67999999
can,GR,2022-11-01 00:00:00,W,14,346718506.18999994
can,GR,2022-12-01 00:00:00,S,181,629770505.35
can,GR,2022-12-01 00:00:00,U,364,728389443.47
can,GR,2022-12-01 00:00:00,W,4,25500664.56
can,GR,2023-01-01 00:00:00,S,127,513651887.96
can,GR,2023-01-01 00:00:00,U,232,110352628.14999999
can,GR,2023-01-01 00:00:00,W,18,115477491.61
can,GR,2023-02-01 00:00:00,S,100,181368261.52
can,GR,2023-02-01 00:00:00,U,197,366884048.36
can,GR,2023-02-01 00:00:00,W,10,515239867.61
can,GR,2023-03-01 00:00:00,S,136,172147374.89
can,GR,2023-03-01 00:00:00,U,302,409492195.02000004
can,GR,2023-03-01 00:00:00,W,19,529739441.16
can,GR,2023-04-01 00:00:00,S,84,91897963.09
can,GR,2023-04-01 00:00:00,U,211,103069206.52
can,GR,2023-04-01 00:00:00,W,13,33311504.560000002
can,GR,2023-05-01 00:00:00,S,161,365849149.0500001
can,GR,2023-05-01 00:00:00,U,227,212190764.84000003
can,GR,2023-05-01 00:00:00,W,22,752170806.74
can,GR,2023-06-01 00:00:00,S,134,1248872957.67
can,GR,2023-06-01 00:00:00,U,237,214694708.07000002
can,GR,2023-06-01 00:00:00,W,17,76856069.52999999
can,GR,2023-07-01 00:00:00,S,178,166937869.69999996
can,GR,2023-07-01 00:00:00,U,229,148497476.10999998
can,GR,2023-07-01 00:00:00,W,12,75206152.85999998
can,GR,2023-08-01 00:00:00,S,137,238725866.23999998
can,GR,2023-08-01 00:00:00,U,195,162993994.24
can,GR,2023-08-01 00:00:00,W,10,58925460.01
can,GR,2023-09-01 00:00:00,S,139,153265192.79
can,GR,2023-09-01 00:00:00,U,188,174731743.69
can,GR,2023-09-01 00:00:00,W,10,290988878.0
can,HR,2016-01-01 00:00:00,S,35,56116919.14000001
can,HR,2016-01-01 00:00:00,U,66,136843140.27999997
can,HR,2016-01-01 00:00:00,W,3,1336119.34
can,HR,2016-02-01 00:00:00,S,51,50457886.17999999
can,HR,2016-02-01 00:00:00,U,87,120110993.91000003
can,HR,2016-02-01 00:00:00,W,2,1595876.62
can,HR,2016-03-01 00:00:00,S,43,75540843.07000001
can,HR,2016-03-01 00:00:00,U,101,234226074.74
can,HR,2016-03-01 00:00:00,W,4,6864426.07
can,HR,2016-04-01 00:00:00,S,41,81395180.30000001
can,HR,2016-04-01 00:00:00,U,41,176328656.88000003
can,HR,2016-04-01 00:00:00,W,2,14652659.31
can,HR,2016-05-01 00:00:00,S,44,90334284.97
can,HR,2016-05-01 00:00:00,U,56,68882250.64999999
can,HR,2016-05-01 00:00:00,W,4,219163827.82
can,HR,2016-06-01 00:00:00,S,39,36990400.989999995
can,HR,2016-06-01 00:00:00,U,66,85653455.05
can,HR,2016-06-01 00:00:00,W,7,41609195.56999999
can,HR,2016-07-01 00:00:00,S,67,88614610.05
can,HR,2016-07-01 00:00:00,U,65,93493862.27
can,HR,2016-07-01 00:00:00,W,5,90561883.7
can,HR,2016-08-01 00:00:00,S,37,72756229.61
can,HR,2016-08-01 00:00:00,U,73,78573841.72000001
can,HR,2016-08-01 00:00:00,W,6,20519006.05
can,HR,2016-09-01 00:00:00,S,52,42351534.99000001
can,HR,2016-09-01 00:00:00,U,66,57516066.16
can,HR,2016-09-01 00:00:00,W,3,35779571.63
can,HR,2016-10-01 00:00:00,S,42,32116174.659999996
can,HR,2016-10-01 00:00:00,U,91,217642129.74000004
can,HR,2016-10-01 00:00:00,W,3,1956350.69
can,HR,2016-11-01 00:00:00,S,57,442480446.60999995
can,HR,2016-11-01 00:00:00,U,83,79240920.23
can,HR,2016-11-01 00:00:00,W,2,18912752.95
can,HR,2016-12-01 00:00:00,S,62,78028399.83
can,HR,2016-12-01 00:00:00,U,106,123711569.16
can,HR,2016-12-01 00:00:00,W,9,124193592.44000003
can,HR,2017-01-01 00:00:00,S,64,136656725.85000002
can,HR,2017-01-01 00:00:00,U,55,90470880.59999998
can,HR,2017-01-01 00:00:00,W,1,308486.51
can,HR,2017-02-01 00:00:00,S,37,43344039.31
can,HR,2017-02-01 00:00:00,U,81,139753192.33999997
can,HR,2017-02-01 00:00:00,W,3,16799096.84
can,HR,2017-03-01 00:00:00,S,50,48450896.260000005
can,HR,2017-03-01 00:00:00,U,103,191711449.42999998
can,HR,2017-03-01 00:00:00,W,2,1414499.4500000002
can,HR,2017-04-01 00:00:00,S,39,95299458.74
can,HR,2017-04-01 00:00:00,U,50,75545319.99
can,HR,2017-04-01 00:00:00,W,2,8531785.19
can,HR,2017-05-01 00:00:00,S,50,79430367.74
can,HR,2017-05-01 00:00:00,U,81,133845199.48
can,HR,2017-05-01 00:00:00,W,8,105925750.56
can,HR,2017-06-01 00:00:00,S,43,44254015.55
can,HR,2017-06-01 00:00:00,U,46,76805667.85000001
can,HR,2017-06-01 00:00:00,W,5,35390229.82
can,HR,2017-07-01 00:00:00,S,46,34602245.73
can,HR,2017-07-01 00:00:00,U,85,130628642.43999998
can,HR,2017-07-01 00:00:00,W,10,83827337.85
can,HR,2017-08-01 00:00:00,S,60,35154511.14
can,HR,2017-08-01 00:00:00,U,59,52873261.33
can,HR,2017-08-01 00:00:00,W,2,25363443.79
can,HR,2017-09-01 00:00:00,S,53,75932112.02999999
can,HR,2017-09-01 00:00:00,U,70,58154325.76
can,HR,2017-09-01 00:00:00,W,2,193239649.85999998
can,HR,2017-10-01 00:00:00,S,55,43354500.349999994
can,HR,2017-10-01 00:00:00,U,88,91862609.15
can,HR,2017-10-01 00:00:00,W,3,46521144.64
can,HR,2017-11-01 00:00:00,S,64,313893247.97
can,HR,2017-11-01 00:00:00,U,81,69870401.08
can,HR,2017-11-01 00:00:00,W,8,37357058.8
can,HR,2017-12-01 00:00:00,S,82,173084938.01000002
can,HR,2017-12-01 00:00:00,U,86,161120032.60000002
can,HR,2017-12-01 00:00:00,W,3,17668987.570000004
can,HR,2018-01-01 00:00:00,S,71,120547346.16999999
can,HR,2018-01-01 00:00:00,U,91,110883287.76
can,HR,2018-01-01 00:00:00,W,2,18823715.07
can,HR,2018-02-01 00:00:00,S,52,152870039.92999998
can,HR,2018-02-01 00:00:00,U,67,138079837.7
can,HR,2018-02-01 00:00:00,W,2,26388583.23
can,HR,2018-03-01 00:00:00,S,47,28260546.400000002
can,HR,2018-03-01 00:00:00,U,80,57542372.83000001
can,HR,2018-03-01 00:00:00,W,6,19886721.87
can,HR,2018-04-01 00:00:00,S,55,34599217.03
can,HR,2018-04-01 00:00:00,U,81,84212993.40999998
can,HR,2018-04-01 00:00:00,W,3,5551305.33
can,HR,2018-05-01 00:00:00,S,54,46356661.53999999
can,HR,2018-05-01 00:00:00,U,73,89932744.47000003
can,HR,2018-05-01 00:00:00,W,5,409052062.09
can,HR,2018-06-01 00:00:00,S,62,29955418.409999996
can,HR,2018-06-01 00:00:00,U,58,81932060.52000001
can,HR,2018-06-01 00:00:00,W,5,23259697.73
can,HR,2018-07-01 00:00:00,S,71,46248862.53
can,HR,2018-07-01 00:00:00,U,83,88286815.11999999
can,HR,2018-07-01 00:00:00,W,6,17753549.689999998
can,HR,2018-08-01 00:00:00,S,72,48236603.160000004
can,HR,2018-08-01 00:00:00,U,87,71459326.03
can,HR,2018-08-01 00:00:00,W,5,39075672.62
can,HR,2018-09-01 00:00:00,S,76,76797173.00999999
can,HR,2018-09-01 00:00:00,U,97,103501964.89
can,HR,2018-09-01 00:00:00,W,2,18022017.77
can,HR,2018-10-01 00:00:00,S,87,62951357.82000001
can,HR,2018-10-01 00:00:00,U,105,151891636.28
can,HR,2018-10-01 00:00:00,W,5,24895430.24
can,HR,2018-11-01 00:00:00,S,65,175064837.60999995
can,HR,2018-11-01 00:00:00,U,95,58899668.23
can,HR,2018-11-01 00:00:00,W,8,79248579.14000002
can,HR,2018-12-01 00:00:00,S,78,153737340.92
can,HR,2018-12-01 00:00:00,U,111,156142386.96999997
can,HR,2018-12-01 00:00:00,W,7,323203706.50000006
can,HR,2019-01-01 00:00:00,S,114,239234148.35
can,HR,2019-01-01 00:00:00,U,134,140328200.5
can,HR,2019-01-01 00:00:00,W,11,70446595.91
can,HR,2019-02-01 00:00:00,S,90,124439363.64999999
can,HR,2019-02-01 00:00:00,U,108,166356821.21
can,HR,2019-02-01 00:00:00,W,9,74192939.79
can,HR,2019-03-01 00:00:00,S,75,60777978.31999999
can,HR,2019-03-01 00:00:00,U,110,167925343.93000004
can,HR,2019-03-01 00:00:00,W,7,31643345.590000004
can,HR,2019-04-01 00:00:00,S,91,57646764.32999999
can,HR,2019-04-01 00:00:00,U,101,99273613.86
can,HR,2019-04-01 00:00:00,W,8,90896018.46
can,HR,2019-05-01 00:00:00,S,85,86510559.53
can,HR,2019-05-01 00:00:00,U,130,133610903.65000002
can,HR,2019-05-01 00:00:00,W,9,59455037.25
can,HR,2019-06-01 00:00:00,S,57,38990403.089999996
can,HR,2019-06-01 00:00:00,U,75,47489131.46
can,HR,2019-06-01 00:00:00,W,6,47218669.44
can,HR,2019-07-01 00:00:00,S,97,92550596.12
can,HR,2019-07-01 00:00:00,U,128,144109708.71
can,HR,2019-07-01 00:00:00,W,15,119063200.43
can,HR,2019-08-01 00:00:00,S,81,62716572.78
can,HR,2019-08-01 00:00:00,U,93,195237087.72
can,HR,2019-08-01 00:00:00,W,8,80547739.7
can,HR,2019-09-01 00:00:00,S,91,97765711.84
can,HR,2019-09-01 00:00:00,U,115,151616945.44
can,HR,2019-09-01 00:00:00,W,12,58295913.32999999
can,HR,2019-10-01 00:00:00,S,71,44837365.21
can,HR,2019-10-01 00:00:00,U,123,147893296.59000003
can,HR,2019-10-01 00:00:00,W,13,81210450.25999999
can,HR,2019-11-01 00:00:00,S,74,41515432.71000001
can,HR,2019-11-01 00:00:00,U,147,91790842.83999999
can,HR,2019-11-01 00:00:00,W,13,202618649.79
can,HR,2019-12-01 00:00:00,S,87,82418789.79
can,HR,2019-12-01 00:00:00,U,150,165491114.35
can,HR,2019-12-01 00:00:00,W,21,255152478.58000004
can,HR,2020-01-01 00:00:00,S,90,60371968.75
can,HR,2020-01-01 00:00:00,U,157,137917552.05
can,HR,2020-01-01 00:00:00,W,16,151698943.35999998
can,HR,2020-02-01 00:00:00,S,70,88715066.25
can,HR,2020-02-01 00:00:00,U,115,409272474.72
can,HR,2020-02-01 00:00:00,W,21,81320018.71
can,HR,2020-03-01 00:00:00,S,67,31830079.58
can,HR,2020-03-01 00:00:00,U,134,91581984.52
can,HR,2020-03-01 00:00:00,W,14,395015142.3299999
can,HR,2020-04-01 00:00:00,S,65,148838236.95000002
can,HR,2020-04-01 00:00:00,U,98,87156779.38
can,HR,2020-04-01 00:00:00,W,9,35211103.58
can,HR,2020-05-01 00:00:00,S,74,49923542.10000001
can,HR,2020-05-01 00:00:00,U,125,104786550.44000001
can,HR,2020-05-01 00:00:00,W,15,127764351.25999999
can,HR,2020-06-01 00:00:00,S,77,63153067.480000004
can,HR,2020-06-01 00:00:00,U,130,118961930.80999999
can,HR,2020-06-01 00:00:00,W,11,86396333.29999998
can,HR,2020-07-01 00:00:00,S,77,118957939.82000001
can,HR,2020-07-01 00:00:00,U,124,116794055.23999998
can,HR,2020-07-01 00:00:00,W,22,181331873.10999998
can,HR,2020-08-01 00:00:00,S,42,20475003.89
can,HR,2020-08-01 00:00:00,U,115,97604493.06
can,HR,2020-08-01 00:00:00,W,15,129539033.31
can,HR,2020-09-01 00:00:00,S,72,57610918.29999999
can,HR,2020-09-01 00:00:00,U,146,98944161.4
can,HR,2020-09-01 00:00:00,W,18,125735057.00999999
can,HR,2020-10-01 00:00:00,S,81,79726174.14999999
can,HR,2020-10-01 00:00:00,U,143,125503400.07000001
can,HR,2020-10-01 00:00:00,W,9,72671950.34
can,HR,2020-11-01 00:00:00,S,78,66595533.69000001
can,HR,2020-11-01 00:00:00,U,130,219110595.32000002
can,HR,2020-11-01 00:00:00,W,18,153903859.75999996
can,HR,2020-12-01 00:00:00,S,65,36412699.349999994
can,HR,2020-12-01 00:00:00,U,141,115260125.66000003
can,HR,2020-12-01 00:00:00,W,8,59360918.45999999
can,HR,2021-01-01 00:00:00,S,84,64667822.260000005
can,HR,2021-01-01 00:00:00,U,175,179639477.92999998
can,HR,2021-01-01 00:00:00,W,10,68620424.13
can,HR,2021-02-01 00:00:00,S,96,114122111.5
can,HR,2021-02-01 00:00:00,U,144,366489869.43
can,HR,2021-02-01 00:00:00,W,13,94039493.79999998
can,HR,2021-03-01 00:00:00,S,70,41364566.15
can,HR,2021-03-01 00:00:00,U,157,108870364.55
can,HR,2021-03-01 00:00:00,W,17,99336073.59
can,HR,2021-04-01 00:00:00,S,79,39499230.28
can,HR,2021-04-01 00:00:00,U,114,61453646.53
can,HR,2021-04-01 00:00:00,W,20,172303241.41
can,HR,2021-05-01 00:00:00,S,78,67258705.44000001
can,HR,2021-05-01 00:00:00,U,125,70584476.58000001
can,HR,2021-05-01 00:00:00,W,23,240130219.73999998
can,HR,2021-06-01 00:00:00,S,82,56979448.08999999
can,HR,2021-06-01 00:00:00,U,121,119930763.49999999
can,HR,2021-06-01 00:00:00,W,19,175404767.23
can,HR,2021-07-01 00:00:00,S,90,52886152.48
can,HR,2021-07-01 00:00:00,U,138,89165367.65
can,HR,2021-07-01 00:00:00,W,18,120717368.71
can,HR,2021-08-01 00:00:00,S,77,25216296.960000005
can,HR,2021-08-01 00:00:00,U,106,65213827.760000005
can,HR,2021-08-01 00:00:00,W,14,179554946.36000004
can,HR,2021-09-01 00:00:00,S,83,92088517.44999999
can,HR,2021-09-01 00:00:00,U,127,126890063.57999997
can,HR,2021-09-01 00:00:00,W,17,215244306.14000002
can,HR,2021-10-01 00:00:00,S,100,49245767.39000001
can,HR,2021-10-01 00:00:00,U,137,101326170.22999999
can,HR,2021-10-01 00:00:00,W,17,85283633.58999999
can,HR,2021-11-01 00:00:00,S,90,2781505385.2100005
can,HR,2021-11-01 00:00:00,U,126,84360627.94999999
can,HR,2021-11-01 00:00:00,W,14,103597889.29
can,HR,2021-12-01 00:00:00,S,86,75700854.16000001
can,HR,2021-12-01 00:00:00,U,186,236419891.37
can,HR,2021-12-01 00:00:00,W,16,85637162.86000001
can,HR,2022-01-01 00:00:00,S,89,72694440.64
can,HR,2022-01-01 00:00:00,U,132,107421556.98000002
can,HR,2022-01-01 00:00:00,W,18,113890496.67000002
can,HR,2022-02-01 00:00:00,S,89,56461719.73
can,HR,2022-02-01 00:00:00,U,135,135066386.74
can,HR,2022-02-01 00:00:00,W,11,29554382.5
can,HR,2022-03-01 00:00:00,S,99,148201963.17000002
can,HR,2022-03-01 00:00:00,U,142,144352747.92
can,HR,2022-03-01 00:00:00,W,13,147734484.95
can,HR,2022-04-01 00:00:00,S,72,49987668.54
can,HR,2022-04-01 00:00:00,U,113,94864222.91999999
can,HR,2022-04-01 00:00:00,W,15,75640114.67999999
can,HR,2022-05-01 00:00:00,S,81,58318545.97000001
can,HR,2022-05-01 00:00:00,U,130,220046723.80000004
can,HR,2022-05-01 00:00:00,W,9,78068927.37
can,HR,2022-06-01 00:00:00,S,80,42626855.97
can,HR,2022-06-01 00:00:00,U,145,170337146.01999995
can,HR,2022-06-01 00:00:00,W,6,56675915.650000006
can,HR,2022-07-01 00:00:00,S,103,70804461.67
can,HR,2022-07-01 00:00:00,U,188,649689291.8699996
can,HR,2022-07-01 00:00:00,W,14,84757331.76
can,HR,2022-08-01 00:00:00,S,84,91056525.97999997
can,HR,2022-08-01 00:00:00,U,173,136043869.57000002
can,HR,2022-08-01 00:00:00,W,17,393148492.32000005
can,HR,2022-09-01 00:00:00,S,102,107842100.17
can,HR,2022-09-01 00:00:00,U,172,135928548.13000003
can,HR,2022-09-01 00:00:00,W,9,101455986.04
can,HR,2022-10-01 00:00:00,S,90,72169406.51
can,HR,2022-10-01 00:00:00,U,178,99664690.19
can,HR,2022-10-01 00:00:00,W,14,201051398.57000002
can,HR,2022-11-01 00:00:00,S,102,100690626.8
can,HR,2022-11-01 00:00:00,U,172,239087235.59
can,HR,2022-11-01 00:00:00,W,14,191169315.95999998
can,HR,2022-12-01 00:00:00,S,131,433500820.87999994
can,HR,2022-12-01 00:00:00,U,227,328816255.67999995
can,HR,2022-12-01 00:00:00,W,21,233497431.19
can,HR,2023-01-01 00:00:00,S,88,68392823.91
can,HR,2023-01-01 00:00:00,U,177,162053064.48000002
can,HR,2023-01-01 00:00:00,W,18,68468935.50999999
can,HR,2023-02-01 00:00:00,S,92,52843683.57
can,HR,2023-02-01 00:00:00,U,151,74865616.72
can,HR,2023-02-01 00:00:00,W,16,104143151.19999999
can,HR,2023-03-01 00:00:00,S,106,118708443.02999999
can,HR,2023-03-01 00:00:00,U,192,209744446.73999998
can,HR,2023-03-01 00:00:00,W,11,140139979.86
can,HR,2023-04-01 00:00:00,S,72,72835238.75
can,HR,2023-04-01 00:00:00,U,155,73394438.19
can,HR,2023-04-01 00:00:00,W,22,222000510.49
can,HR,2023-05-01 00:00:00,S,106,91388927.85000001
can,HR,2023-05-01 00:00:00,U,149,166758411.88
can,HR,2023-05-01 00:00:00,W,16,114254914.05
can,HR,2023-06-01 00:00:00,S,99,99788946.70999998
can,HR,2023-06-01 00:00:00,U,151,110533551.95
can,HR,2023-06-01 00:00:00,W,22,424492706.59
can,HR,2023-07-01 00:00:00,S,116,211124651.66000003
can,HR,2023-07-01 00:00:00,U,196,219800666.43
can,HR,2023-07-01 00:00:00,W,18,119746075.60000001
can,HR,2023-08-01 00:00:00,S,100,137320312.5
can,HR,2023-08-01 00:00:00,U,148,105857631.48999998
can,HR,2023-08-01 00:00:00,W,16,120092215.01
can,HR,2023-09-01 00:00:00,S,97,58344524.28
can,HR,2023-09-01 00:00:00,U,175,247027121.89
can,HR,2023-09-01 00:00:00,W,20,69655856.05999999
can,HU,2016-01-01 00:00:00,S,96,222299805.89999998
can,HU,2016-01-01 00:00:00,U,128,231741940.10000002
can,HU,2016-01-01 00:00:00,W,12,322633458.88
can,HU,2016-02-01 00:00:00,S,78,67174333.89
can,HU,2016-02-01 00:00:00,U,83,1169720470.42
can,HU,2016-02-01 00:00:00,W,8,94417843.15000002
can,HU,2016-03-01 00:00:00,S,55,70948416.00999999
can,HU,2016-03-01 00:00:00,U,67,106467195.71999997
can,HU,2016-03-01 00:00:00,W,8,84795876.18
can,HU,2016-04-01 00:00:00,S,75,80926848.4
can,HU,2016-04-01 00:00:00,U,59,84709357.42
can,HU,2016-04-01 00:00:00,W,7,300355681.37
can,HU,2016-05-01 00:00:00,S,71,215968318.67999998
can,HU,2016-05-01 00:00:00,U,65,47838237.769999996
can,HU,2016-05-01 00:00:00,W,12,135370274.74
can,HU,2016-06-01 00:00:00,S,62,158664902.32000002
can,HU,2016-06-01 00:00:00,U,82,100152688.41000001
can,HU,2016-06-01 00:00:00,W,5,238633602.0
can,HU,2016-07-01 00:00:00,S,69,103968746.71
can,HU,2016-07-01 00:00:00,U,70,801812058.0600001
can,HU,2016-07-01 00:00:00,W,7,143626965.37
can,HU,2016-08-01 00:00:00,S,56,107383040.43
can,HU,2016-08-01 00:00:00,U,69,121737171.65
can,HU,2016-08-01 00:00:00,W,9,96180833.10000001
can,HU,2016-09-01 00:00:00,S,57,86433497.3
can,HU,2016-09-01 00:00:00,U,63,118014293.06
can,HU,2016-09-01 00:00:00,W,7,182980216.7
can,HU,2016-10-01 00:00:00,S,72,144079827.64000002
can,HU,2016-10-01 00:00:00,U,54,63638408.760000005
can,HU,2016-10-01 00:00:00,W,16,1437997538.6999998
can,HU,2016-11-01 00:00:00,S,53,115499535.86999999
can,HU,2016-11-01 00:00:00,U,70,88380172.24
can,HU,2016-11-01 00:00:00,W,11,279652849.97
can,HU,2016-12-01 00:00:00,S,64,197569023.64999998
can,HU,2016-12-01 00:00:00,U,73,61001537.44
can,HU,2016-12-01 00:00:00,W,24,212442079.52999997
can,HU,2017-01-01 00:00:00,S,97,125609871.97000001
can,HU,2017-01-01 00:00:00,U,141,267744359.50000003
can,HU,2017-01-01 00:00:00,W,17,838210295.0100001
can,HU,2017-02-01 00:00:00,S,70,88838531.60000001
can,HU,2017-02-01 00:00:00,U,75,902038549.1500001
can,HU,2017-02-01 00:00:00,W,14,218049246.79999998
can,HU,2017-03-01 00:00:00,S,111,250587478.39999998
can,HU,2017-03-01 00:00:00,U,92,171235639.04
can,HU,2017-03-01 00:00:00,W,23,212010210.81
can,HU,2017-04-01 00:00:00,S,76,146425611.77000004
can,HU,2017-04-01 00:00:00,U,69,210428159.07000005
can,HU,2017-04-01 00:00:00,W,20,950413590.6999999
can,HU,2017-05-01 00:00:00,S,103,328279324.65
can,HU,2017-05-01 00:00:00,U,103,131726159.08
can,HU,2017-05-01 00:00:00,W,20,204934409.34
can,HU,2017-06-01 00:00:00,S,87,230727875.55999994
can,HU,2017-06-01 00:00:00,U,110,166133757.15
can,HU,2017-06-01 00:00:00,W,19,532056403.68000007
can,HU,2017-07-01 00:00:00,S,111,447115763.67
can,HU,2017-07-01 00:00:00,U,117,463920601.15
can,HU,2017-07-01 00:00:00,W,22,1095277189.52
can,HU,2017-08-01 00:00:00,S,78,21283149680.670006
can,HU,2017-08-01 00:00:00,U,105,306784374.31
can,HU,2017-08-01 00:00:00,W,27,1314314775.55
can,HU,2017-09-01 00:00:00,S,77,96541008.94
can,HU,2017-09-01 00:00:00,U,96,136755360.29
can,HU,2017-09-01 00:00:00,W,16,175501894.28000003
can,HU,2017-10-01 00:00:00,S,95,301252926.85999995
can,HU,2017-10-01 00:00:00,U,122,264312785.01000005
can,HU,2017-10-01 00:00:00,W,20,352134516.58
can,HU,2017-11-01 00:00:00,S,67,192129319.22
can,HU,2017-11-01 00:00:00,U,102,412328531.61999995
can,HU,2017-11-01 00:00:00,W,29,297597729.59
can,HU,2017-12-01 00:00:00,S,73,228439906.87999997
can,HU,2017-12-01 00:00:00,U,99,75908350.98
can,HU,2017-12-01 00:00:00,W,30,2209603928.24
can,HU,2018-01-01 00:00:00,S,141,257518952.32
can,HU,2018-01-01 00:00:00,U,165,160228653.42
can,HU,2018-01-01 00:00:00,W,35,1268888721.08
can,HU,2018-02-01 00:00:00,S,99,188446255.97
can,HU,2018-02-01 00:00:00,U,107,114998998.13
can,HU,2018-02-01 00:00:00,W,10,83756735.94
can,HU,2018-03-01 00:00:00,S,87,117753821.57
can,HU,2018-03-01 00:00:00,U,118,508157244.1799999
can,HU,2018-03-01 00:00:00,W,14,96722687.33000001
can,HU,2018-04-01 00:00:00,S,104,128574607.7
can,HU,2018-04-01 00:00:00,U,125,137941697.22
can,HU,2018-04-01 00:00:00,W,27,256481125.09
can,HU,2018-05-01 00:00:00,S,122,220917005.57000002
can,HU,2018-05-01 00:00:00,U,124,306066046.40999997
can,HU,2018-05-01 00:00:00,W,28,207111603.54
can,HU,2018-06-01 00:00:00,S,84,79697786.07
can,HU,2018-06-01 00:00:00,U,143,321898559.1
can,HU,2018-06-01 00:00:00,W,35,99252199.3
can,HU,2018-07-01 00:00:00,S,111,217058049.66000003
can,HU,2018-07-01 00:00:00,U,142,270067203.19
can,HU,2018-07-01 00:00:00,W,54,764391714.5200001
can,HU,2018-08-01 00:00:00,S,101,133102648.96999998
can,HU,2018-08-01 00:00:00,U,136,185744036.07999998
can,HU,2018-08-01 00:00:00,W,32,78437058.57000001
can,HU,2018-09-01 00:00:00,S,100,120970795.71000001
can,HU,2018-09-01 00:00:00,U,122,144927647.57999998
can,HU,2018-09-01 00:00:00,W,35,246437098.57999998
can,HU,2018-10-01 00:00:00,S,91,205534516.05000004
can,HU,2018-10-01 00:00:00,U,148,315911677.68
can,HU,2018-10-01 00:00:00,W,49,407909411.40000004
can,HU,2018-11-01 00:00:00,S,106,284207822.28999996
can,HU,2018-11-01 00:00:00,U,121,243277011.66000003
can,HU,2018-11-01 00:00:00,W,18,132122345.85999998
can,HU,2018-12-01 00:00:00,S,83,105933369.17
can,HU,2018-12-01 00:00:00,U,108,124614728.74
can,HU,2018-12-01 00:00:00,W,24,162561561.41000003
can,HU,2019-01-01 00:00:00,S,128,20899384264.079998
can,HU,2019-01-01 00:00:00,U,163,497039502.90999997
can,HU,2019-01-01 00:00:00,W,45,175789217.93
can,HU,2019-02-01 00:00:00,S,73,101845275.68
can,HU,2019-02-01 00:00:00,U,115,130743859.88000001
can,HU,2019-02-01 00:00:00,W,29,321979643.92999995
can,HU,2019-03-01 00:00:00,S,85,66943168.8
can,HU,2019-03-01 00:00:00,U,120,519350384.23
can,HU,2019-03-01 00:00:00,W,25,234681811.28000003
can,HU,2019-04-01 00:00:00,S,107,1054542447.0799999
can,HU,2019-04-01 00:00:00,U,139,84068132.53
can,HU,2019-04-01 00:00:00,W,37,175222411.81
can,HU,2019-05-01 00:00:00,S,117,132416283.44000001
can,HU,2019-05-01 00:00:00,U,152,206726704.39
can,HU,2019-05-01 00:00:00,W,46,449525639.39000005
can,HU,2019-06-01 00:00:00,S,90,123306081.82000001
can,HU,2019-06-01 00:00:00,U,130,92604442.96000001
can,HU,2019-06-01 00:00:00,W,27,2590187681.48
can,HU,2019-07-01 00:00:00,S,132,466917671.56
can,HU,2019-07-01 00:00:00,U,150,245813378.27999997
can,HU,2019-07-01 00:00:00,W,40,185703661.61
can,HU,2019-08-01 00:00:00,S,88,86510825.57000002
can,HU,2019-08-01 00:00:00,U,144,214638933.56000006
can,HU,2019-08-01 00:00:00,W,28,183005703.43
can,HU,2019-09-01 00:00:00,S,88,99183262.66999999
can,HU,2019-09-01 00:00:00,U,148,516606810.43
can,HU,2019-09-01 00:00:00,W,43,638104623.29
can,HU,2019-10-01 00:00:00,S,94,271174778.9
can,HU,2019-10-01 00:00:00,U,168,230067336.84000006
can,HU,2019-10-01 00:00:00,W,49,269498713.81
can,HU,2019-11-01 00:00:00,S,82,282473308.98
can,HU,2019-11-01 00:00:00,U,131,403976732.80999994
can,HU,2019-11-01 00:00:00,W,33,366603803.71000004
can,HU,2019-12-01 00:00:00,S,88,93990588.33
can,HU,2019-12-01 00:00:00,U,146,337636568.50999993
can,HU,2019-12-01 00:00:00,W,29,653189989.07
can,HU,2020-01-01 00:00:00,S,144,271208154.18
can,HU,2020-01-01 00:00:00,U,193,158390019.67999998
can,HU,2020-01-01 00:00:00,W,40,126551006.97000001
can,HU,2020-02-01 00:00:00,S,81,226950867.84000003
can,HU,2020-02-01 00:00:00,U,137,128625161.05
can,HU,2020-02-01 00:00:00,W,31,503910383.9099999
can,HU,2020-03-01 00:00:00,S,126,266379102.90999997
can,HU,2020-03-01 00:00:00,U,144,156424502.72
can,HU,2020-03-01 00:00:00,W,24,99088844.48
can,HU,2020-04-01 00:00:00,S,117,99005499.72999999
can,HU,2020-04-01 00:00:00,U,149,102958174.80999999
can,HU,2020-04-01 00:00:00,W,42,604477793.17
can,HU,2020-05-01 00:00:00,S,91,187107672.31
can,HU,2020-05-01 00:00:00,U,127,174827937.57000002
can,HU,2020-05-01 00:00:00,W,34,137855782.48
can,HU,2020-06-01 00:00:00,S,100,140728582.43999997
can,HU,2020-06-01 00:00:00,U,136,231419159.32000002
can,HU,2020-06-01 00:00:00,W,18,177782091.02
can,HU,2020-07-01 00:00:00,S,149,493938651.04999995
can,HU,2020-07-01 00:00:00,U,161,104464654.55999999
can,HU,2020-07-01 00:00:00,W,38,115664663.93
can,HU,2020-08-01 00:00:00,S,88,200617857.77
can,HU,2020-08-01 00:00:00,U,110,250619107.12
can,HU,2020-08-01 00:00:00,W,28,115482206.93999998
can,HU,2020-09-01 00:00:00,S,81,137116785.34
can,HU,2020-09-01 00:00:00,U,159,232642638.66000003
can,HU,2020-09-01 00:00:00,W,28,866581694.29
can,HU,2020-10-01 00:00:00,S,134,698413514.34
can,HU,2020-10-01 00:00:00,U,190,250003271.06
can,HU,2020-10-01 00:00:00,W,44,252254774.95
can,HU,2020-11-01 00:00:00,S,117,499193527.18999994
can,HU,2020-11-01 00:00:00,U,160,395672592.89000005
can,HU,2020-11-01 00:00:00,W,34,590063702.5
can,HU,2020-12-01 00:00:00,S,133,334313010.90999997
can,HU,2020-12-01 00:00:00,U,195,1183295096.3
can,HU,2020-12-01 00:00:00,W,36,1674376929.9900002
can,HU,2021-01-01 00:00:00,S,145,238884181.80999997
can,HU,2021-01-01 00:00:00,U,183,586179285.28
can,HU,2021-01-01 00:00:00,W,46,387281158.4700001
can,HU,2021-02-01 00:00:00,S,103,159852432.54000002
can,HU,2021-02-01 00:00:00,U,130,286049349.20000005
can,HU,2021-02-01 00:00:00,W,25,185854974.14999998
can,HU,2021-03-01 00:00:00,S,121,956040599.9200001
can,HU,2021-03-01 00:00:00,U,142,801149027.36
can,HU,2021-03-01 00:00:00,W,38,189010813.35999998
can,HU,2021-04-01 00:00:00,S,165,365522923.30999994
can,HU,2021-04-01 00:00:00,U,193,313602497.58000004
can,HU,2021-04-01 00:00:00,W,42,350279956.26
can,HU,2021-05-01 00:00:00,S,118,176410837.68
can,HU,2021-05-01 00:00:00,U,123,125384488.41
can,HU,2021-05-01 00:00:00,W,40,676984676.0
can,HU,2021-06-01 00:00:00,S,119,1198739902.06
can,HU,2021-06-01 00:00:00,U,150,228643216.23000002
can,HU,2021-06-01 00:00:00,W,52,240159675.78
can,HU,2021-07-01 00:00:00,S,148,612312158.5
can,HU,2021-07-01 00:00:00,U,191,311694595.85
can,HU,2021-07-01 00:00:00,W,52,380785927.35
can,HU,2021-08-01 00:00:00,S,126,612114317.4899999
can,HU,2021-08-01 00:00:00,U,147,993847573.3600001
can,HU,2021-08-01 00:00:00,W,29,415163049.02000004
can,HU,2021-09-01 00:00:00,S,144,2179630221.2500005
can,HU,2021-09-01 00:00:00,U,185,318590544.39
can,HU,2021-09-01 00:00:00,W,49,316158248.2
can,HU,2021-10-01 00:00:00,S,167,372611299.68
can,HU,2021-10-01 00:00:00,U,214,238947785.89000002
can,HU,2021-10-01 00:00:00,W,55,606500227.54
can,HU,2021-11-01 00:00:00,S,143,311910298.57000005
can,HU,2021-11-01 00:00:00,U,143,1267222748.3199997
can,HU,2021-11-01 00:00:00,W,43,2173445691.59
can,HU,2021-12-01 00:00:00,S,140,298417618.58000004
can,HU,2021-12-01 00:00:00,U,223,562266127.6099999
can,HU,2021-12-01 00:00:00,W,65,1451229691.8300002
can,HU,2022-01-01 00:00:00,S,208,508499611.84999996
can,HU,2022-01-01 00:00:00,U,203,578909450.09
can,HU,2022-01-01 00:00:00,W,61,1175061290.6800003
can,HU,2022-02-01 00:00:00,S,126,104183281.60000001
can,HU,2022-02-01 00:00:00,U,167,133524900.61999997
can,HU,2022-02-01 00:00:00,W,58,913154553.8
can,HU,2022-03-01 00:00:00,S,169,256085757.42000002
can,HU,2022-03-01 00:00:00,U,188,300842122.78
can,HU,2022-03-01 00:00:00,W,57,495004543.28
can,HU,2022-04-01 00:00:00,S,215,365694541.71999997
can,HU,2022-04-01 00:00:00,U,224,895265977.51
can,HU,2022-04-01 00:00:00,W,67,1649136165.7499998
can,HU,2022-05-01 00:00:00,S,130,366280127.57000005
can,HU,2022-05-01 00:00:00,U,173,757163431.38
can,HU,2022-05-01 00:00:00,W,61,636980681.04
can,HU,2022-06-01 00:00:00,S,115,122104732.84
can,HU,2022-06-01 00:00:00,U,139,138012357.39000002
can,HU,2022-06-01 00:00:00,W,54,378113747.21
can,HU,2022-07-01 00:00:00,S,170,993199602.1600002
can,HU,2022-07-01 00:00:00,U,212,1418787742.2700005
can,HU,2022-07-01 00:00:00,W,72,310543644.15999997
can,HU,2022-08-01 00:00:00,S,103,231088145.34
can,HU,2022-08-01 00:00:00,U,150,228351415.68999997
can,HU,2022-08-01 00:00:00,W,43,145642800.65
can,HU,2022-09-01 00:00:00,S,122,170407757.04000002
can,HU,2022-09-01 00:00:00,U,188,358688549.38000005
can,HU,2022-09-01 00:00:00,W,49,206526543.34
can,HU,2022-10-01 00:00:00,S,209,335507104.95000005
can,HU,2022-10-01 00:00:00,U,236,569164985.87
can,HU,2022-10-01 00:00:00,W,53,606849691.01
can,HU,2022-11-01 00:00:00,S,129,185841738.83
can,HU,2022-11-01 00:00:00,U,210,414630459.25999993
can,HU,2022-11-01 00:00:00,W,41,335783591.42
can,HU,2022-12-01 00:00:00,S,106,187428340.42000002
can,HU,2022-12-01 00:00:00,U,230,407028607.97
can,HU,2022-12-01 00:00:00,W,34,677675922.3999999
can,HU,2023-01-01 00:00:00,S,208,596747964.34
can,HU,2023-01-01 00:00:00,U,249,339402649.78
can,HU,2023-01-01 00:00:00,W,41,163075801.61999997
can,HU,2023-02-01 00:00:00,S,106,176328827.06
can,HU,2023-02-01 00:00:00,U,159,376832160.29
can,HU,2023-02-01 00:00:00,W,29,234513180.86
can,HU,2023-03-01 00:00:00,S,111,149751635.26
can,HU,2023-03-01 00:00:00,U,171,1976004532.7400002
can,HU,2023-03-01 00:00:00,W,25,189258158.61
can,HU,2023-04-01 00:00:00,S,163,157449117.11999997
can,HU,2023-04-01 00:00:00,U,212,2268012852.0299997
can,HU,2023-04-01 00:00:00,W,36,126933031.70000003
can,HU,2023-05-01 00:00:00,S,120,379976814.1500001
can,HU,2023-05-01 00:00:00,U,163,578844160.9699999
can,HU,2023-05-01 00:00:00,W,27,101071368.06
can,HU,2023-06-01 00:00:00,S,123,186343822.54000002
can,HU,2023-06-01 00:00:00,U,172,436350440.82
can,HU,2023-06-01 00:00:00,W,44,242912223.64
can,HU,2023-07-01 00:00:00,S,193,1555257474.61
can,HU,2023-07-01 00:00:00,U,249,246051509.46
can,HU,2023-07-01 00:00:00,W,43,125495073.54
can,HU,2023-08-01 00:00:00,S,117,179283401.26999998
can,HU,2023-08-01 00:00:00,U,168,322602595.19000006
can,HU,2023-08-01 00:00:00,W,41,53619784.31999999
can,HU,2023-09-01 00:00:00,S,98,122071542.49999999
can,HU,2023-09-01 00:00:00,U,169,248504676.94999996
can,HU,2023-09-01 00:00:00,W,32,102289748.47
can,IE,2016-01-01 00:00:00,S,58,3929099605.36
can,IE,2016-01-01 00:00:00,U,17,29654533.749999996
can,IE,2016-01-01 00:00:00,W,5,23886868.39
can,IE,2016-02-01 00:00:00,S,46,562122169.21
can,IE,2016-02-01 00:00:00,U,14,49377327.67
can,IE,2016-03-01 00:00:00,S,51,220431790.64
can,IE,2016-03-01 00:00:00,U,15,152317145.51
can,IE,2016-03-01 00:00:00,W,7,9588833.0
can,IE,2016-04-01 00:00:00,S,33,26057595.9
can,IE,2016-04-01 00:00:00,U,19,30672484.279999997
can,IE,2016-04-01 00:00:00,W,2,22081944.0
can,IE,2016-05-01 00:00:00,S,42,29596135.79
can,IE,2016-05-01 00:00:00,U,19,8920715.71
can,IE,2016-05-01 00:00:00,W,2,0.0
can,IE,2016-06-01 00:00:00,S,47,508955581.55
can,IE,2016-06-01 00:00:00,U,18,21029148.54
can,IE,2016-06-01 00:00:00,W,5,321589564.0
can,IE,2016-07-01 00:00:00,S,43,30593756.860000003
can,IE,2016-07-01 00:00:00,U,23,33948595.34
can,IE,2016-07-01 00:00:00,W,4,33838476.59
can,IE,2016-08-01 00:00:00,S,67,410313406.02
can,IE,2016-08-01 00:00:00,U,40,43785761.07
can,IE,2016-08-01 00:00:00,W,4,30972848.0
can,IE,2016-09-01 00:00:00,S,55,395777895.67
can,IE,2016-09-01 00:00:00,U,30,22745652.43
can,IE,2016-09-01 00:00:00,W,4,89506780.0
can,IE,2016-10-01 00:00:00,S,54,178635263.93
can,IE,2016-10-01 00:00:00,U,29,38946344.43
can,IE,2016-11-01 00:00:00,S,64,1177735881.98
can,IE,2016-11-01 00:00:00,U,19,4877233.03
can,IE,2016-11-01 00:00:00,W,2,1.0
can,IE,2016-12-01 00:00:00,S,36,77078090.32
can,IE,2016-12-01 00:00:00,U,13,5056533.0
can,IE,2016-12-01 00:00:00,W,4,29699372.589999996
can,IE,2017-01-01 00:00:00,S,57,398541506.12
can,IE,2017-01-01 00:00:00,U,30,88836718.5
can,IE,2017-01-01 00:00:00,W,3,31697329.0
can,IE,2017-02-01 00:00:00,S,37,195955685.92000008
can,IE,2017-02-01 00:00:00,U,13,10455147.0
can,IE,2017-02-01 00:00:00,W,4,3015929786.0
can,IE,2017-03-01 00:00:00,S,49,156865734.82
can,IE,2017-03-01 00:00:00,U,19,48646599.61
can,IE,2017-03-01 00:00:00,W,6,27270462.07
can,IE,2017-04-01 00:00:00,S,29,810020479.27
can,IE,2017-04-01 00:00:00,U,12,8985034.0
can,IE,2017-04-01 00:00:00,W,3,50948864.39
can,IE,2017-05-01 00:00:00,S,57,824018713.93
can,IE,2017-05-01 00:00:00,U,25,139588045.89
can,IE,2017-05-01 00:00:00,W,3,149350000.0
can,IE,2017-06-01 00:00:00,S,45,1084605998.26
can,IE,2017-06-01 00:00:00,U,21,356932057.23
can,IE,2017-06-01 00:00:00,W,2,0.0
can,IE,2017-07-01 00:00:00,S,41,1988427656.87
can,IE,2017-07-01 00:00:00,U,32,351900690.0
can,IE,2017-07-01 00:00:00,W,11,856128742.52
can,IE,2017-08-01 00:00:00,S,57,307133583.15
can,IE,2017-08-01 00:00:00,U,46,1013739825.64
can,IE,2017-08-01 00:00:00,W,7,1425355137.0
can,IE,2017-09-01 00:00:00,S,66,82194975.33
can,IE,2017-09-01 00:00:00,U,37,124559952.97
can,IE,2017-09-01 00:00:00,W,7,71993645.13
can,IE,2017-10-01 00:00:00,S,73,163313522.4
can,IE,2017-10-01 00:00:00,U,21,33567579.82
can,IE,2017-10-01 00:00:00,W,8,27885151.57
can,IE,2017-11-01 00:00:00,S,63,1027617136.54
can,IE,2017-11-01 00:00:00,U,32,102225932.2
can,IE,2017-11-01 00:00:00,W,6,12378232.280000001
can,IE,2017-12-01 00:00:00,S,59,574284519.5
can,IE,2017-12-01 00:00:00,U,24,25200054.43
can,IE,2017-12-01 00:00:00,W,13,120465613.75
can,IE,2018-01-01 00:00:00,S,115,1780530058.72
can,IE,2018-01-01 00:00:00,U,30,42288315.660000004
can,IE,2018-01-01 00:00:00,W,8,39453036.03
can,IE,2018-02-01 00:00:00,S,61,88744632.68
can,IE,2018-02-01 00:00:00,U,22,27687147.14
can,IE,2018-02-01 00:00:00,W,4,14804417.0
can,IE,2018-03-01 00:00:00,S,66,336048086.90999997
can,IE,2018-03-01 00:00:00,U,17,13912647.0
can,IE,2018-03-01 00:00:00,W,5,115608268.82
can,IE,2018-04-01 00:00:00,S,75,101553700.00999999
can,IE,2018-04-01 00:00:00,U,26,21316345.61
can,IE,2018-04-01 00:00:00,W,7,532518131.56
can,IE,2018-05-01 00:00:00,S,64,149561918.01999998
can,IE,2018-05-01 00:00:00,U,15,6866221.79
can,IE,2018-05-01 00:00:00,W,6,41810741.15
can,IE,2018-06-01 00:00:00,S,70,103044644.91999999
can,IE,2018-06-01 00:00:00,U,17,21647675.9
can,IE,2018-06-01 00:00:00,W,13,81375196.44
can,IE,2018-07-01 00:00:00,S,56,333096438.55
can,IE,2018-07-01 00:00:00,U,21,35115123.550000004
can,IE,2018-07-01 00:00:00,W,10,180845996.21
can,IE,2018-08-01 00:00:00,S,58,212266396.03
can,IE,2018-08-01 00:00:00,U,25,43667351.97
can,IE,2018-08-01 00:00:00,W,6,10165937.93
can,IE,2018-09-01 00:00:00,S,58,2353834856.38
can,IE,2018-09-01 00:00:00,U,18,145079618.48
can,IE,2018-09-01 00:00:00,W,5,37064543.04
can,IE,2018-10-01 00:00:00,S,67,110507943.22
can,IE,2018-10-01 00:00:00,U,32,15565372.129999999
can,IE,2018-10-01 00:00:00,W,3,13347296.0
can,IE,2018-11-01 00:00:00,S,100,2400607026.94
can,IE,2018-11-01 00:00:00,U,31,30058143.279999997
can,IE,2018-11-01 00:00:00,W,9,282533597.36
can,IE,2018-12-01 00:00:00,S,46,810896437.7
can,IE,2018-12-01 00:00:00,U,23,15748222.2
can,IE,2018-12-01 00:00:00,W,3,17692773.0
can,IE,2019-01-01 00:00:00,S,78,158246371.11999997
can,IE,2019-01-01 00:00:00,U,45,289436470.57
can,IE,2019-01-01 00:00:00,W,10,98538243.74
can,IE,2019-02-01 00:00:00,S,62,130552386.30000001
can,IE,2019-02-01 00:00:00,U,17,17093460.82
can,IE,2019-02-01 00:00:00,W,12,84309032.91
can,IE,2019-03-01 00:00:00,S,69,76251547.02000001
can,IE,2019-03-01 00:00:00,U,24,18032540.769999996
can,IE,2019-03-01 00:00:00,W,5,389583292.45
can,IE,2019-04-01 00:00:00,S,60,522847447.09
can,IE,2019-04-01 00:00:00,U,20,1629925942.0
can,IE,2019-04-01 00:00:00,W,15,701442413.11
can,IE,2019-05-01 00:00:00,S,71,167665702.56
can,IE,2019-05-01 00:00:00,U,28,113119120.0
can,IE,2019-05-01 00:00:00,W,10,510934316.6
can,IE,2019-06-01 00:00:00,S,75,237441199.79000002
can,IE,2019-06-01 00:00:00,U,15,53760274.26
can,IE,2019-06-01 00:00:00,W,6,243734694.0
can,IE,2019-07-01 00:00:00,S,84,473905727.13
can,IE,2019-07-01 00:00:00,U,28,537817257.88
can,IE,2019-07-01 00:00:00,W,14,71873571.56
can,IE,2019-08-01 00:00:00,S,59,833278584.04
can,IE,2019-08-01 00:00:00,U,25,51118226.2
can,IE,2019-08-01 00:00:00,W,7,7889021.68
can,IE,2019-09-01 00:00:00,S,78,824025700.89
can,IE,2019-09-01 00:00:00,U,25,120331018.34
can,IE,2019-09-01 00:00:00,W,12,220928472.86999997
can,IE,2019-10-01 00:00:00,S,78,319106707.11
can,IE,2019-10-01 00:00:00,U,35,69460849.44
can,IE,2019-10-01 00:00:00,W,8,364841211.0
can,IE,2019-11-01 00:00:00,S,74,668442104.29
can,IE,2019-11-01 00:00:00,U,34,19510784.400000002
can,IE,2019-11-01 00:00:00,W,6,152856486.19
can,IE,2019-12-01 00:00:00,S,64,337364034.81
can,IE,2019-12-01 00:00:00,U,44,120098650.56
can,IE,2019-12-01 00:00:00,W,9,502754746.04
can,IE,2020-01-01 00:00:00,S,81,63100539200.29
can,IE,2020-01-01 00:00:00,U,61,996962285.6100001
can,IE,2020-01-01 00:00:00,W,11,6322043105.349999
can,IE,2020-02-01 00:00:00,S,63,6668589748.780001
can,IE,2020-02-01 00:00:00,U,27,58197720.269999996
can,IE,2020-02-01 00:00:00,W,5,100868408.0
can,IE,2020-03-01 00:00:00,S,58,14511122396.71
can,IE,2020-03-01 00:00:00,U,24,11233582.219999999
can,IE,2020-03-01 00:00:00,W,4,306883112.9
can,IE,2020-04-01 00:00:00,S,62,322370106.38000005
can,IE,2020-04-01 00:00:00,U,14,248835609.63
can,IE,2020-04-01 00:00:00,W,5,11057242297.0
can,IE,2020-05-01 00:00:00,S,76,279372531.05
can,IE,2020-05-01 00:00:00,U,26,33243983.58
can,IE,2020-05-01 00:00:00,W,8,212060538.9
can,IE,2020-06-01 00:00:00,S,56,159453244.47000003
can,IE,2020-06-01 00:00:00,U,29,206204840.97
can,IE,2020-06-01 00:00:00,W,14,24240545.169999998
can,IE,2020-07-01 00:00:00,S,56,548909600.77
can,IE,2020-07-01 00:00:00,U,38,35994141.64
can,IE,2020-07-01 00:00:00,W,14,247658671.0
can,IE,2020-08-01 00:00:00,S,47,218043205.78
can,IE,2020-08-01 00:00:00,U,34,57866560.5
can,IE,2020-08-01 00:00:00,W,3,17295715.2
can,IE,2020-09-01 00:00:00,S,73,4494694968.83
can,IE,2020-09-01 00:00:00,U,49,72036435.85
can,IE,2020-09-01 00:00:00,W,7,70693550.0
can,IE,2020-10-01 00:00:00,S,94,2495937722.0299997
can,IE,2020-10-01 00:00:00,U,29,103543278.0
can,IE,2020-10-01 00:00:00,W,11,568504976.71
can,IE,2020-11-01 00:00:00,S,69,443399128.45
can,IE,2020-11-01 00:00:00,U,55,1596712458.7900002
can,IE,2020-11-01 00:00:00,W,6,9342276496.0
can,IE,2020-12-01 00:00:00,S,76,934250888.7700001
can,IE,2020-12-01 00:00:00,U,47,1363054651.74
can,IE,2020-12-01 00:00:00,W,11,4663115290.69
can,IE,2021-01-01 00:00:00,S,117,3380152668.72
can,IE,2021-01-01 00:00:00,U,64,131400544.58
can,IE,2021-01-01 00:00:00,W,1,1.0
can,IE,2021-02-01 00:00:00,S,73,651896283.4
can,IE,2021-02-01 00:00:00,U,28,2105432972.4
can,IE,2021-02-01 00:00:00,W,11,85185843.41
can,IE,2021-03-01 00:00:00,S,100,691419678.75
can,IE,2021-03-01 00:00:00,U,41,721182806.7
can,IE,2021-03-01 00:00:00,W,14,85837201.41999999
can,IE,2021-04-01 00:00:00,S,74,1161951266.12
can,IE,2021-04-01 00:00:00,U,31,99761063.38999999
can,IE,2021-04-01 00:00:00,W,5,67916146.94
can,IE,2021-05-01 00:00:00,S,64,693566917.24
can,IE,2021-05-01 00:00:00,U,30,112985870.83
can,IE,2021-05-01 00:00:00,W,8,15417403.120000001
can,IE,2021-06-01 00:00:00,S,74,122907781.75999999
can,IE,2021-06-01 00:00:00,U,33,96779565.48999998
can,IE,2021-06-01 00:00:00,W,9,42098594.64
can,IE,2021-07-01 00:00:00,S,86,1087790102.61
can,IE,2021-07-01 00:00:00,U,44,212302084.64000002
can,IE,2021-07-01 00:00:00,W,9,196041835.52
can,IE,2021-08-01 00:00:00,S,67,256235931.84
can,IE,2021-08-01 00:00:00,U,32,123952645.92
can,IE,2021-08-01 00:00:00,W,6,685614790.09
can,IE,2021-09-01 00:00:00,S,87,260175420.51000002
can,IE,2021-09-01 00:00:00,U,39,58897247.76
can,IE,2021-09-01 00:00:00,W,18,352395578.72999996
can,IE,2021-10-01 00:00:00,S,79,1703934448.94
can,IE,2021-10-01 00:00:00,U,52,48230882.2
can,IE,2021-10-01 00:00:00,W,3,55782496.0
can,IE,2021-11-01 00:00:00,S,106,9296048293.19
can,IE,2021-11-01 00:00:00,U,48,28740922.87
can,IE,2021-11-01 00:00:00,W,11,34649770.43
can,IE,2021-12-01 00:00:00,S,70,1351478037.15
can,IE,2021-12-01 00:00:00,U,34,43238983.74
can,IE,2021-12-01 00:00:00,W,15,349675096.06
can,IE,2022-01-01 00:00:00,S,97,226195592.17
can,IE,2022-01-01 00:00:00,U,45,30412277.39
can,IE,2022-01-01 00:00:00,W,8,651633249.25
can,IE,2022-02-01 00:00:00,S,96,252919430.70000002
can,IE,2022-02-01 00:00:00,U,19,315247327.0
can,IE,2022-02-01 00:00:00,W,7,43402394.129999995
can,IE,2022-03-01 00:00:00,S,78,1587033853.3799999
can,IE,2022-03-01 00:00:00,U,21,672693200.0
can,IE,2022-03-01 00:00:00,W,11,1444859980.75
can,IE,2022-04-01 00:00:00,S,74,909143281.5400001
can,IE,2022-04-01 00:00:00,U,29,39268761.68
can,IE,2022-04-01 00:00:00,W,17,151578736.6
can,IE,2022-05-01 00:00:00,S,85,1061685895.0400001
can,IE,2022-05-01 00:00:00,U,35,424426999.23999995
can,IE,2022-05-01 00:00:00,W,15,814737176.11
can,IE,2022-06-01 00:00:00,S,78,385991649.47
can,IE,2022-06-01 00:00:00,U,35,30767200.0
can,IE,2022-06-01 00:00:00,W,14,168423196.8
can,IE,2022-07-01 00:00:00,S,80,445991087.7
can,IE,2022-07-01 00:00:00,U,32,123098918.67
can,IE,2022-07-01 00:00:00,W,8,25632993.12
can,IE,2022-08-01 00:00:00,S,84,261133930.96
can,IE,2022-08-01 00:00:00,U,27,8260479.0600000005
can,IE,2022-08-01 00:00:00,W,9,56632143.07
can,IE,2022-09-01 00:00:00,S,99,12886755766.58
can,IE,2022-09-01 00:00:00,U,32,61186268.95
can,IE,2022-09-01 00:00:00,W,10,136411035.3
can,IE,2022-10-01 00:00:00,S,83,960736880.14
can,IE,2022-10-01 00:00:00,U,36,20440175.91
can,IE,2022-10-01 00:00:00,W,8,300193009.0
can,IE,2022-11-01 00:00:00,S,105,1180166132.1399999
can,IE,2022-11-01 00:00:00,U,42,474592755.47
can,IE,2022-11-01 00:00:00,W,16,795058985.96
can,IE,2022-12-01 00:00:00,S,84,169995105.97
can,IE,2022-12-01 00:00:00,U,56,301504082.24000007
can,IE,2022-12-01 00:00:00,W,15,2808591421.96
can,IE,2023-01-01 00:00:00,S,331,1320495122.1399999
can,IE,2023-01-01 00:00:00,U,80,146193399.25
can,IE,2023-01-01 00:00:00,W,27,173732216.92000002
can,IE,2023-02-01 00:00:00,S,125,328742223.8
can,IE,2023-02-01 00:00:00,U,40,211829462.0
can,IE,2023-02-01 00:00:00,W,20,8759542394.189999
can,IE,2023-03-01 00:00:00,S,131,1362657868.84
can,IE,2023-03-01 00:00:00,U,41,110251548.94000001
can,IE,2023-03-01 00:00:00,W,18,1112134945.77
can,IE,2023-04-01 00:00:00,S,106,176047990.13
can,IE,2023-04-01 00:00:00,U,35,207615978.78
can,IE,2023-04-01 00:00:00,W,13,370865113.75
can,IE,2023-05-01 00:00:00,S,94,2236483206.7
can,IE,2023-05-01 00:00:00,U,48,34067835.17
can,IE,2023-05-01 00:00:00,W,14,2354915189.08
can,IE,2023-06-01 00:00:00,S,77,273162008.25
can,IE,2023-06-01 00:00:00,U,35,56595351.42
can,IE,2023-06-01 00:00:00,W,8,74179756.96000001
can,IE,2023-07-01 00:00:00,S,107,1504018712.85
can,IE,2023-07-01 00:00:00,U,35,1536758612.87
can,IE,2023-07-01 00:00:00,W,9,808110672.0
can,IE,2023-08-01 00:00:00,S,86,320443818.95
can,IE,2023-08-01 00:00:00,U,40,417414477.0
can,IE,2023-08-01 00:00:00,W,9,5831690410.9
can,IE,2023-09-01 00:00:00,S,90,2033643104.79
can,IE,2023-09-01 00:00:00,U,33,176404860.34
can,IE,2023-09-01 00:00:00,W,6,55529071.0
can,IS,2016-02-01 00:00:00,S,1,
can,IS,2016-03-01 00:00:00,S,2,
can,IS,2016-03-01 00:00:00,U,2,877626.71
can,IS,2016-03-01 00:00:00,W,6,116978236.12
can,IS,2016-04-01 00:00:00,S,1,
can,IS,2016-05-01 00:00:00,S,1,411557.75
can,IS,2016-05-01 00:00:00,U,1,
can,IS,2016-05-01 00:00:00,W,2,
can,IS,2016-06-01 00:00:00,S,4,513041.99
can,IS,2016-06-01 00:00:00,U,1,
can,IS,2016-07-01 00:00:00,U,1,
can,IS,2016-08-01 00:00:00,S,5,5393992.600000001
can,IS,2016-08-01 00:00:00,U,7,4599467.0
can,IS,2016-08-01 00:00:00,W,4,12901055.75
can,IS,2016-09-01 00:00:00,S,3,
can,IS,2016-09-01 00:00:00,U,6,
can,IS,2016-10-01 00:00:00,S,1,5969627.4
can,IS,2016-10-01 00:00:00,U,3,4634966.77
can,IS,2016-11-01 00:00:00,S,2,3177478.1
can,IS,2016-11-01 00:00:00,U,4,1117955.85
can,IS,2016-12-01 00:00:00,S,2,0.0
can,IS,2016-12-01 00:00:00,U,6,154530.0
can,IS,2017-01-01 00:00:00,U,1,361157.83
can,IS,2017-01-01 00:00:00,W,5,7820726.23
can,IS,2017-02-01 00:00:00,S,1,1337581.0
can,IS,2017-02-01 00:00:00,U,3,
can,IS,2017-02-01 00:00:00,W,1,0.0
can,IS,2017-03-01 00:00:00,S,1,
can,IS,2017-03-01 00:00:00,U,1,
can,IS,2017-04-01 00:00:00,S,5,270992.5
can,IS,2017-04-01 00:00:00,U,9,3689506.49
can,IS,2017-04-01 00:00:00,W,1,
can,IS,2017-05-01 00:00:00,S,3,1038244.56
can,IS,2017-05-01 00:00:00,U,1,
can,IS,2017-05-01 00:00:00,W,1,
can,IS,2017-06-01 00:00:00,S,4,1011505.66
can,IS,2017-06-01 00:00:00,U,7,3435865.59
can,IS,2017-07-01 00:00:00,S,6,2852999.08
can,IS,2017-07-01 00:00:00,U,3,754213.65
can,IS,2017-08-01 00:00:00,S,3,662315.58
can,IS,2017-08-01 00:00:00,U,1,295290.81
can,IS,2017-09-01 00:00:00,S,4,3937461.6100000003
can,IS,2017-09-01 00:00:00,W,2,58120233.68
can,IS,2017-10-01 00:00:00,S,1,
can,IS,2017-10-01 00:00:00,W,4,9770122.52
can,IS,2017-11-01 00:00:00,S,5,10573737.99
can,IS,2017-11-01 00:00:00,U,2,281856.65
can,IS,2017-12-01 00:00:00,S,5,2942778.72
can,IS,2017-12-01 00:00:00,U,2,7818829.430000001
can,IS,2017-12-01 00:00:00,W,1,5608096.9
can,IS,2018-01-01 00:00:00,S,1,1706097.55
can,IS,2018-01-01 00:00:00,U,2,0.0
can,IS,2018-02-01 00:00:00,S,4,5650983.04
can,IS,2018-02-01 00:00:00,U,1,245681.14
can,IS,2018-03-01 00:00:00,S,5,21473279.66
can,IS,2018-03-01 00:00:00,U,1,2400831.72
can,IS,2018-04-01 00:00:00,S,7,6456968.62
can,IS,2018-04-01 00:00:00,U,10,5121399.7700000005
can,IS,2018-04-01 00:00:00,W,5,5848657.21
can,IS,2018-05-01 00:00:00,S,6,3936260.2800000003
can,IS,2018-05-01 00:00:00,U,18,89524539.24
can,IS,2018-05-01 00:00:00,W,1,0.0
can,IS,2018-06-01 00:00:00,S,2,559560.06
can,IS,2018-06-01 00:00:00,U,3,80140.68
can,IS,2018-06-01 00:00:00,W,1,
can,IS,2018-07-01 00:00:00,S,5,3549960.13
can,IS,2018-07-01 00:00:00,U,9,64650100.63999999
can,IS,2018-07-01 00:00:00,W,2,0.0
can,IS,2018-08-01 00:00:00,S,4,1518340.37
can,IS,2018-08-01 00:00:00,U,4,12375754.69
can,IS,2018-08-01 00:00:00,W,1,22231589.72
can,IS,2018-09-01 00:00:00,S,2,612736.52
can,IS,2018-09-01 00:00:00,U,6,4076153.5999999996
can,IS,2018-09-01 00:00:00,W,1,6628701.11
can,IS,2018-10-01 00:00:00,S,4,1347103.68
can,IS,2018-10-01 00:00:00,U,2,1848400.0
can,IS,2018-10-01 00:00:00,W,1,453339.71
can,IS,2018-11-01 00:00:00,S,5,17049106.77
can,IS,2018-11-01 00:00:00,U,8,108056503.84
can,IS,2018-11-01 00:00:00,W,1,5684034.0
can,IS,2018-12-01 00:00:00,S,9,11461847.72
can,IS,2018-12-01 00:00:00,U,10,13475101.649999999
can,IS,2018-12-01 00:00:00,W,1,5824233.67
can,IS,2019-01-01 00:00:00,S,16,42861679.519999996
can,IS,2019-01-01 00:00:00,U,16,36074742.15
can,IS,2019-01-01 00:00:00,W,4,23516573.33
can,IS,2019-02-01 00:00:00,S,1,492659.0
can,IS,2019-02-01 00:00:00,U,3,7594000.0
can,IS,2019-03-01 00:00:00,S,6,6518399.220000001
can,IS,2019-03-01 00:00:00,U,1,1223376.77
can,IS,2019-03-01 00:00:00,W,1,0.0
can,IS,2019-04-01 00:00:00,S,3,2128484.0300000003
can,IS,2019-04-01 00:00:00,U,6,3478925.03
can,IS,2019-04-01 00:00:00,W,1,9915581.7
can,IS,2019-05-01 00:00:00,S,2,76226.9
can,IS,2019-05-01 00:00:00,U,7,4139522.7599999993
can,IS,2019-06-01 00:00:00,S,5,47043458.25999999
can,IS,2019-06-01 00:00:00,U,7,9633999.14
can,IS,2019-06-01 00:00:00,W,1,15342321.8
can,IS,2019-07-01 00:00:00,S,4,2602865.8599999994
can,IS,2019-07-01 00:00:00,U,4,22835033.89
can,IS,2019-08-01 00:00:00,S,6,23636035.42
can,IS,2019-08-01 00:00:00,U,4,24149624.03999999
can,IS,2019-08-01 00:00:00,W,3,32924730.72
can,IS,2019-09-01 00:00:00,S,6,38536316.62
can,IS,2019-09-01 00:00:00,U,4,426879.37
can,IS,2019-09-01 00:00:00,W,1,296984.78
can,IS,2019-10-01 00:00:00,S,6,263361559.98000002
can,IS,2019-10-01 00:00:00,U,7,9119616.83
can,IS,2019-10-01 00:00:00,W,3,20245654.08
can,IS,2019-11-01 00:00:00,S,8,268916381.25
can,IS,2019-11-01 00:00:00,U,8,12720105.260000002
can,IS,2019-11-01 00:00:00,W,4,25659557.560000002
can,IS,2019-12-01 00:00:00,S,5,2148292.85
can,IS,2019-12-01 00:00:00,U,9,146198395.47
can,IS,2019-12-01 00:00:00,W,2,5638265.71
can,IS,2020-01-01 00:00:00,S,2,472184352.28
can,IS,2020-01-01 00:00:00,U,6,5812759.92
can,IS,2020-01-01 00:00:00,W,4,3315976.5500000003
can,IS,2020-02-01 00:00:00,S,2,322659.94
can,IS,2020-02-01 00:00:00,U,2,479315.0
can,IS,2020-02-01 00:00:00,W,2,3299528.95
can,IS,2020-03-01 00:00:00,S,9,3409923.27
can,IS,2020-03-01 00:00:00,U,6,3863038.3
can,IS,2020-03-01 00:00:00,W,1,2289928.2
can,IS,2020-04-01 00:00:00,S,3,18459674.74
can,IS,2020-04-01 00:00:00,U,6,2080764790.87
can,IS,2020-04-01 00:00:00,W,3,9958231.05
can,IS,2020-05-01 00:00:00,S,12,11867941.86
can,IS,2020-05-01 00:00:00,U,14,7304634.7299999995
can,IS,2020-05-01 00:00:00,W,3,28708541.66
can,IS,2020-06-01 00:00:00,S,7,1229161.8599999999
can,IS,2020-06-01 00:00:00,U,10,5959932.78
can,IS,2020-07-01 00:00:00,S,10,30414758.31
can,IS,2020-07-01 00:00:00,U,10,5665458.0
can,IS,2020-07-01 00:00:00,W,1,8069721.15
can,IS,2020-08-01 00:00:00,S,8,38627633.09000002
can,IS,2020-08-01 00:00:00,U,7,3128039.84
can,IS,2020-08-01 00:00:00,W,2,2991694.32
can,IS,2020-09-01 00:00:00,S,9,30150175.540000007
can,IS,2020-09-01 00:00:00,U,5,4205175.97
can,IS,2020-09-01 00:00:00,W,1,1617180.93
can,IS,2020-10-01 00:00:00,S,6,4146376.43
can,IS,2020-10-01 00:00:00,U,3,2333069.4000000004
can,IS,2020-10-01 00:00:00,W,3,78763778.31
can,IS,2020-11-01 00:00:00,S,7,2540711.5
can,IS,2020-11-01 00:00:00,U,4,1987840.59
can,IS,2020-11-01 00:00:00,W,15,36700395.419999994
can,IS,2020-12-01 00:00:00,S,6,2708674.2800000003
can,IS,2020-12-01 00:00:00,U,12,17336762.47
can,IS,2020-12-01 00:00:00,W,2,4752129.74
can,IS,2021-01-01 00:00:00,S,8,11862746.380000003
can,IS,2021-01-01 00:00:00,U,6,3753897.8000000003
can,IS,2021-02-01 00:00:00,S,9,13573278.270000001
can,IS,2021-02-01 00:00:00,U,5,301491169.04999995
can,IS,2021-02-01 00:00:00,W,1,
can,IS,2021-03-01 00:00:00,S,3,55682023.0
can,IS,2021-03-01 00:00:00,U,7,1402822.02
can,IS,2021-03-01 00:00:00,W,5,1348412.73
can,IS,2021-04-01 00:00:00,S,13,2634887.84
can,IS,2021-04-01 00:00:00,U,10,407585303.95000005
can,IS,2021-05-01 00:00:00,S,5,91499.81999999999
can,IS,2021-05-01 00:00:00,U,8,6775968.83
can,IS,2021-05-01 00:00:00,W,3,25659364.26
can,IS,2021-06-01 00:00:00,S,9,1188025.8100000003
can,IS,2021-06-01 00:00:00,U,6,4503564.36
can,IS,2021-06-01 00:00:00,W,2,16120067.13
can,IS,2021-07-01 00:00:00,S,6,3171743.41
can,IS,2021-07-01 00:00:00,U,16,37697169.56
can,IS,2021-07-01 00:00:00,W,1,1094784.15
can,IS,2021-08-01 00:00:00,S,4,15799799.350000001
can,IS,2021-08-01 00:00:00,U,7,2061941.3299999998
can,IS,2021-09-01 00:00:00,S,18,13285877.809999999
can,IS,2021-09-01 00:00:00,U,10,24617256.480000004
can,IS,2021-09-01 00:00:00,W,6,72255268.2
can,IS,2021-10-01 00:00:00,S,12,1373850.41
can,IS,2021-10-01 00:00:00,U,9,12870180.409999998
can,IS,2021-10-01 00:00:00,W,2,4563335.84
can,IS,2021-11-01 00:00:00,S,4,1645581.0900000003
can,IS,2021-11-01 00:00:00,U,8,28135013.98
can,IS,2021-11-01 00:00:00,W,1,0.0
can,IS,2021-12-01 00:00:00,S,9,2728247.9100000006
can,IS,2021-12-01 00:00:00,U,6,2283891.05
can,IS,2022-01-01 00:00:00,S,5,754342.72
can,IS,2022-01-01 00:00:00,U,4,2687696.04
can,IS,2022-02-01 00:00:00,S,4,993104.54
can,IS,2022-02-01 00:00:00,U,8,5888120.92
can,IS,2022-03-01 00:00:00,S,11,20267048.92
can,IS,2022-03-01 00:00:00,U,9,1929350.0299999998
can,IS,2022-03-01 00:00:00,W,1,3560797.58
can,IS,2022-04-01 00:00:00,S,6,3985359.13
can,IS,2022-04-01 00:00:00,U,8,7131214.12
can,IS,2022-05-01 00:00:00,S,10,23282898.43
can,IS,2022-05-01 00:00:00,U,12,4600208.5
can,IS,2022-06-01 00:00:00,S,9,2838947.93
can,IS,2022-06-01 00:00:00,U,8,2206835.3100000005
can,IS,2022-06-01 00:00:00,W,5,34326652.17
can,IS,2022-07-01 00:00:00,S,11,194199657.58
can,IS,2022-07-01 00:00:00,U,8,2342555.92
can,IS,2022-07-01 00:00:00,W,2,44985402.03
can,IS,2022-08-01 00:00:00,S,9,28910533.1
can,IS,2022-08-01 00:00:00,U,7,68134604.15000002
can,IS,2022-08-01 00:00:00,W,1,15238198.71
can,IS,2022-09-01 00:00:00,S,7,3478001.6200000006
can,IS,2022-09-01 00:00:00,U,7,14200284.64
can,IS,2022-09-01 00:00:00,W,4,55349597.74
can,IS,2022-10-01 00:00:00,S,3,160541.86
can,IS,2022-10-01 00:00:00,U,2,3000454.12
can,IS,2022-10-01 00:00:00,W,3,17805358.490000002
can,IS,2022-11-01 00:00:00,S,4,1248881.85
can,IS,2022-11-01 00:00:00,U,5,18072055.950000003
can,IS,2022-12-01 00:00:00,S,9,10233403.91
can,IS,2022-12-01 00:00:00,U,8,31108306.41
can,IS,2022-12-01 00:00:00,W,4,9514550.33
can,IS,2023-01-01 00:00:00,S,9,21237564.34
can,IS,2023-01-01 00:00:00,U,2,689037.81
can,IS,2023-02-01 00:00:00,S,8,2029293.35
can,IS,2023-02-01 00:00:00,U,13,12943945.139999999
can,IS,2023-02-01 00:00:00,W,1,22638080.85
can,IS,2023-03-01 00:00:00,S,14,7927757.07
can,IS,2023-03-01 00:00:00,U,7,2545768.3100000005
can,IS,2023-03-01 00:00:00,W,7,7158501.88
can,IS,2023-04-01 00:00:00,S,19,88088900.40999998
can,IS,2023-04-01 00:00:00,U,5,1161593.87
can,IS,2023-04-01 00:00:00,W,4,7683389.66
can,IS,2023-05-01 00:00:00,S,11,18151117.89
can,IS,2023-05-01 00:00:00,U,9,4371716.800000001
can,IS,2023-05-01 00:00:00,W,1,92582.92
can,IS,2023-06-01 00:00:00,S,7,2067413.1
can,IS,2023-06-01 00:00:00,U,6,10649749.79
can,IS,2023-06-01 00:00:00,W,4,7133303.35
can,IS,2023-07-01 00:00:00,S,4,13994112.970000003
can,IS,2023-07-01 00:00:00,U,9,4579258.72
can,IS,2023-07-01 00:00:00,W,1,271911.74
can,IS,2023-08-01 00:00:00,S,12,11510832.87
can,IS,2023-08-01 00:00:00,U,9,5032285.92
can,IS,2023-08-01 00:00:00,W,3,17943609.2
can,IS,2023-09-01 00:00:00,S,11,14155916.03
can,IS,2023-09-01 00:00:00,U,7,11261447.25
can,IS,2023-09-01 00:00:00,W,3,4436643.69
can,IT,2016-01-01 00:00:00,S,418,813377169.9900001
can,IT,2016-01-01 00:00:00,U,210,1765158924.3900003
can,IT,2016-01-01 00:00:00,W,17,569084046.27
can,IT,2016-02-01 00:00:00,S,449,1222395548.3700001
can,IT,2016-02-01 00:00:00,U,224,607468934.53
can,IT,2016-02-01 00:00:00,W,35,312941263.59999996
can,IT,2016-03-01 00:00:00,S,371,904620613.3500001
can,IT,2016-03-01 00:00:00,U,182,859837756.9399999
can,IT,2016-03-01 00:00:00,W,36,577252566.82
can,IT,2016-04-01 00:00:00,S,353,1084310094.34
can,IT,2016-04-01 00:00:00,U,173,1244783054.19
can,IT,2016-04-01 00:00:00,W,50,688485424.29
can,IT,2016-05-01 00:00:00,S,421,1585768099.5600004
can,IT,2016-05-01 00:00:00,U,218,1103790631.2599998
can,IT,2016-05-01 00:00:00,W,54,1486765301.43
can,IT,2016-06-01 00:00:00,S,425,600660167.16
can,IT,2016-06-01 00:00:00,U,194,923682748.9399998
can,IT,2016-06-01 00:00:00,W,35,361859753.45
can,IT,2016-07-01 00:00:00,S,441,7035543950.529999
can,IT,2016-07-01 00:00:00,U,218,1594610044.11
can,IT,2016-07-01 00:00:00,W,33,289264175.66999996
can,IT,2016-08-01 00:00:00,S,381,1085242620.2900002
can,IT,2016-08-01 00:00:00,U,157,4861892032.49
can,IT,2016-08-01 00:00:00,W,24,461559451.12
can,IT,2016-09-01 00:00:00,S,407,1991188321.1000001
can,IT,2016-09-01 00:00:00,U,229,954115444.28
can,IT,2016-09-01 00:00:00,W,29,503151750.84999996
can,IT,2016-10-01 00:00:00,S,370,1901747846.24
can,IT,2016-10-01 00:00:00,U,170,88716691735.55002
can,IT,2016-10-01 00:00:00,W,27,142817320.09
can,IT,2016-11-01 00:00:00,S,393,1570487040.5999997
can,IT,2016-11-01 00:00:00,U,205,1454042748.5100005
can,IT,2016-11-01 00:00:00,W,35,613562949.5699999
can,IT,2016-12-01 00:00:00,S,367,794400439.2400002
can,IT,2016-12-01 00:00:00,U,158,915477127.7899998
can,IT,2016-12-01 00:00:00,W,31,168212270.73999998
can,IT,2017-01-01 00:00:00,S,496,2174180798.4100003
can,IT,2017-01-01 00:00:00,U,184,2093436936.15
can,IT,2017-01-01 00:00:00,W,36,180080113.22000003
can,IT,2017-02-01 00:00:00,S,350,5148910222.62
can,IT,2017-02-01 00:00:00,U,219,1024644087.1300001
can,IT,2017-02-01 00:00:00,W,37,429776785.52
can,IT,2017-03-01 00:00:00,S,409,3229996400.2099996
can,IT,2017-03-01 00:00:00,U,242,795226702.9799999
can,IT,2017-03-01 00:00:00,W,41,956142709.0799999
can,IT,2017-04-01 00:00:00,S,309,1497725142.34
can,IT,2017-04-01 00:00:00,U,128,169161342.59999996
can,IT,2017-04-01 00:00:00,W,26,292919125.19
can,IT,2017-05-01 00:00:00,S,438,1179931902.99
can,IT,2017-05-01 00:00:00,U,203,3113247393.0299993
can,IT,2017-05-01 00:00:00,W,34,185890105.36
can,IT,2017-06-01 00:00:00,S,418,3214543577.1700006
can,IT,2017-06-01 00:00:00,U,192,3503690730.4200006
can,IT,2017-06-01 00:00:00,W,32,190298992.02
can,IT,2017-07-01 00:00:00,S,493,1149461907.08
can,IT,2017-07-01 00:00:00,U,203,379474103.0100001
can,IT,2017-07-01 00:00:00,W,40,1314825453.6100001
can,IT,2017-08-01 00:00:00,S,390,737744265.1599998
can,IT,2017-08-01 00:00:00,U,183,244591330.63000003
can,IT,2017-08-01 00:00:00,W,19,109432436.89999999
can,IT,2017-09-01 00:00:00,S,445,1365201872.77
can,IT,2017-09-01 00:00:00,U,201,513139949.42999995
can,IT,2017-09-01 00:00:00,W,39,207700368.37999997
can,IT,2017-10-01 00:00:00,S,476,803123789.12
can,IT,2017-10-01 00:00:00,U,261,22897628469.12
can,IT,2017-10-01 00:00:00,W,42,304505405.74
can,IT,2017-11-01 00:00:00,S,421,1553231964.2300003
can,IT,2017-11-01 00:00:00,U,202,366879095.15
can,IT,2017-11-01 00:00:00,W,34,613441202.4
can,IT,2017-12-01 00:00:00,S,473,1448335724.99
can,IT,2017-12-01 00:00:00,U,204,2203017977.8599997
can,IT,2017-12-01 00:00:00,W,47,409762431.33
can,IT,2018-01-01 00:00:00,S,611,1789979424.95
can,IT,2018-01-01 00:00:00,U,282,610309161.65
can,IT,2018-01-01 00:00:00,W,37,469468710.11
can,IT,2018-02-01 00:00:00,S,496,3649654176.43
can,IT,2018-02-01 00:00:00,U,225,840816714.69
can,IT,2018-02-01 00:00:00,W,30,386896866.52
can,IT,2018-03-01 00:00:00,S,485,1030953943.5000001
can,IT,2018-03-01 00:00:00,U,238,4779316560.959999
can,IT,2018-03-01 00:00:00,W,40,334869089.09
can,IT,2018-04-01 00:00:00,S,379,711233401.07
can,IT,2018-04-01 00:00:00,U,189,1408999429.34
can,IT,2018-04-01 00:00:00,W,47,511080212.57000005
can,IT,2018-05-01 00:00:00,S,491,1535101135.81
can,IT,2018-05-01 00:00:00,U,264,1814685037.6300004
can,IT,2018-05-01 00:00:00,W,42,586537717.95
can,IT,2018-06-01 00:00:00,S,436,1136068931.35
can,IT,2018-06-01 00:00:00,U,239,2415334355.109999
can,IT,2018-06-01 00:00:00,W,38,302923689.51
can,IT,2018-07-01 00:00:00,S,582,3803271162.0500007
can,IT,2018-07-01 00:00:00,U,281,2185543012.99
can,IT,2018-07-01 00:00:00,W,38,180825126.39
can,IT,2018-08-01 00:00:00,S,446,1126849467.85
can,IT,2018-08-01 00:00:00,U,219,2337557919.29
can,IT,2018-08-01 00:00:00,W,26,210586180.44
can,IT,2018-09-01 00:00:00,S,492,2417358003.32
can,IT,2018-09-01 00:00:00,U,206,554157795.03
can,IT,2018-09-01 00:00:00,W,24,225221941.02999994
can,IT,2018-10-01 00:00:00,S,537,1609957445.23
can,IT,2018-10-01 00:00:00,U,269,1642030001.6
can,IT,2018-10-01 00:00:00,W,56,872204855.1099999
can,IT,2018-11-01 00:00:00,S,480,1037730212.4000001
can,IT,2018-11-01 00:00:00,U,222,748459619.0799999
can,IT,2018-11-01 00:00:00,W,54,517147110.18
can,IT,2018-12-01 00:00:00,S,504,1763355078.9099998
can,IT,2018-12-01 00:00:00,U,235,1307924793.6699998
can,IT,2018-12-01 00:00:00,W,52,911810220.4000001
can,IT,2019-01-01 00:00:00,S,668,1774508777.9399998
can,IT,2019-01-01 00:00:00,U,318,4690595033.599999
can,IT,2019-01-01 00:00:00,W,65,1139251591.7099998
can,IT,2019-02-01 00:00:00,S,465,1776563429.1499999
can,IT,2019-02-01 00:00:00,U,262,1617059841.28
can,IT,2019-02-01 00:00:00,W,37,822804944.4900001
can,IT,2019-03-01 00:00:00,S,503,2469569734.299999
can,IT,2019-03-01 00:00:00,U,256,2011705997.0500004
can,IT,2019-03-01 00:00:00,W,49,564382148.83
can,IT,2019-04-01 00:00:00,S,440,1945800482.55
can,IT,2019-04-01 00:00:00,U,263,864147474.2700001
can,IT,2019-04-01 00:00:00,W,41,887634546.97
can,IT,2019-05-01 00:00:00,S,498,2585091737.0899997
can,IT,2019-05-01 00:00:00,U,257,1512805699.8999996
can,IT,2019-05-01 00:00:00,W,50,350379441.96999997
can,IT,2019-06-01 00:00:00,S,503,1801983261.8600001
can,IT,2019-06-01 00:00:00,U,226,1458557623.7700002
can,IT,2019-06-01 00:00:00,W,51,1562139828.66
can,IT,2019-07-01 00:00:00,S,594,5804103378.17
can,IT,2019-07-01 00:00:00,U,325,2156881279.17
can,IT,2019-07-01 00:00:00,W,63,660148835.06
can,IT,2019-08-01 00:00:00,S,435,1476362753.83
can,IT,2019-08-01 00:00:00,U,205,1570400165.5400002
can,IT,2019-08-01 00:00:00,W,32,887011405.2299999
can,IT,2019-09-01 00:00:00,S,570,3105578955.9699993
can,IT,2019-09-01 00:00:00,U,239,1025339124.88
can,IT,2019-09-01 00:00:00,W,42,309794618.87
can,IT,2019-10-01 00:00:00,S,650,2051119863.3
can,IT,2019-10-01 00:00:00,U,281,1325514795.59
can,IT,2019-10-01 00:00:00,W,57,837219932.25
can,IT,2019-11-01 00:00:00,S,524,3629069455.68
can,IT,2019-11-01 00:00:00,U,332,1975767246.5300004
can,IT,2019-11-01 00:00:00,W,43,1047377914.4899999
can,IT,2019-12-01 00:00:00,S,576,2352903145.9300003
can,IT,2019-12-01 00:00:00,U,237,876802508.22
can,IT,2019-12-01 00:00:00,W,40,313347181.78000003
can,IT,2020-01-01 00:00:00,S,677,2169415117.0
can,IT,2020-01-01 00:00:00,U,298,3340324907.0200005
can,IT,2020-01-01 00:00:00,W,53,661932928.1999999
can,IT,2020-02-01 00:00:00,S,654,2054210452.25
can,IT,2020-02-01 00:00:00,U,241,2169582897.4500003
can,IT,2020-02-01 00:00:00,W,50,512253895.6400001
can,IT,2020-03-01 00:00:00,S,434,1434434029.2599998
can,IT,2020-03-01 00:00:00,U,231,990980835.97
can,IT,2020-03-01 00:00:00,W,36,547105078.59
can,IT,2020-04-01 00:00:00,S,434,2050446106.9600003
can,IT,2020-04-01 00:00:00,U,242,1122973209.4800003
can,IT,2020-04-01 00:00:00,W,39,399875931.34
can,IT,2020-05-01 00:00:00,S,393,1137388405.56
can,IT,2020-05-01 00:00:00,U,193,1096313190.41
can,IT,2020-05-01 00:00:00,W,35,377825636.85
can,IT,2020-06-01 00:00:00,S,420,1226564978.18
can,IT,2020-06-01 00:00:00,U,216,1830290606.15
can,IT,2020-06-01 00:00:00,W,45,1671029896.3300004
can,IT,2020-07-01 00:00:00,S,548,1695992874.7900002
can,IT,2020-07-01 00:00:00,U,260,1503848168.4900002
can,IT,2020-07-01 00:00:00,W,63,373221064.3299999
can,IT,2020-08-01 00:00:00,S,383,1869106928.6200001
can,IT,2020-08-01 00:00:00,U,195,2535855459.88
can,IT,2020-08-01 00:00:00,W,45,481140780.17
can,IT,2020-09-01 00:00:00,S,565,3319210292.5499997
can,IT,2020-09-01 00:00:00,U,246,3275002084.3200006
can,IT,2020-09-01 00:00:00,W,82,754321874.1200001
can,IT,2020-10-01 00:00:00,S,551,2070348583.6999998
can,IT,2020-10-01 00:00:00,U,301,1781067854.4299998
can,IT,2020-10-01 00:00:00,W,95,1515141112.87
can,IT,2020-11-01 00:00:00,S,534,3460156673.1300006
can,IT,2020-11-01 00:00:00,U,331,2470329169.86
can,IT,2020-11-01 00:00:00,W,87,2243666927.72
can,IT,2020-12-01 00:00:00,S,552,1329370683.5800002
can,IT,2020-12-01 00:00:00,U,327,3614023309.03
can,IT,2020-12-01 00:00:00,W,51,432897802.73
can,IT,2021-01-01 00:00:00,S,663,2269454801.05
can,IT,2021-01-01 00:00:00,U,323,4041658739.4199996
can,IT,2021-01-01 00:00:00,W,57,1252517920.77
can,IT,2021-02-01 00:00:00,S,638,3239554802.3
can,IT,2021-02-01 00:00:00,U,305,1401252941.77
can,IT,2021-02-01 00:00:00,W,73,1413150034.7799997
can,IT,2021-03-01 00:00:00,S,646,2801631652.2299995
can,IT,2021-03-01 00:00:00,U,347,4120712900.7299995
can,IT,2021-03-01 00:00:00,W,56,1716865952.4999998
can,IT,2021-04-01 00:00:00,S,585,1665849242.91
can,IT,2021-04-01 00:00:00,U,367,1777577397.3900003
can,IT,2021-04-01 00:00:00,W,55,1408019845.19
can,IT,2021-05-01 00:00:00,S,596,3236826129.55
can,IT,2021-05-01 00:00:00,U,319,2258057985.08
can,IT,2021-05-01 00:00:00,W,59,1012749027.71
can,IT,2021-06-01 00:00:00,S,571,5702633702.509999
can,IT,2021-06-01 00:00:00,U,344,1492844561.5800002
can,IT,2021-06-01 00:00:00,W,52,589687024.0
can,IT,2021-07-01 00:00:00,S,652,3516008509.59
can,IT,2021-07-01 00:00:00,U,335,1915648968.18
can,IT,2021-07-01 00:00:00,W,55,1142412660.37
can,IT,2021-08-01 00:00:00,S,532,1981537039.42
can,IT,2021-08-01 00:00:00,U,237,2066774982.06
can,IT,2021-08-01 00:00:00,W,33,434870635.33000004
can,IT,2021-09-01 00:00:00,S,685,1987072747.0200002
can,IT,2021-09-01 00:00:00,U,302,2671570247.7300005
can,IT,2021-09-01 00:00:00,W,69,1283764872.93
can,IT,2021-10-01 00:00:00,S,638,5437573304.030001
can,IT,2021-10-01 00:00:00,U,270,1301666209.8000002
can,IT,2021-10-01 00:00:00,W,64,2149107910.2200003
can,IT,2021-11-01 00:00:00,S,614,2761401743.24
can,IT,2021-11-01 00:00:00,U,298,3219513780.9800005
can,IT,2021-11-01 00:00:00,W,60,3412971484.7799997
can,IT,2021-12-01 00:00:00,S,663,2071446586.4699996
can,IT,2021-12-01 00:00:00,U,337,7556596429.030001
can,IT,2021-12-01 00:00:00,W,59,516616608.00999993
can,IT,2022-01-01 00:00:00,S,571,7157537664.789998
can,IT,2022-01-01 00:00:00,U,351,2183056286.3700004
can,IT,2022-01-01 00:00:00,W,49,1354227420.5999997
can,IT,2022-02-01 00:00:00,S,613,3957107010.56
can,IT,2022-02-01 00:00:00,U,284,1822777167.6200001
can,IT,2022-02-01 00:00:00,W,58,1469234664.43
can,IT,2022-03-01 00:00:00,S,620,2623387877.85
can,IT,2022-03-01 00:00:00,U,318,6633863147.910001
can,IT,2022-03-01 00:00:00,W,73,2460097744.99
can,IT,2022-04-01 00:00:00,S,483,1267724991.3000002
can,IT,2022-04-01 00:00:00,U,247,3559050081.9700003
can,IT,2022-04-01 00:00:00,W,36,460478586.76000005
can,IT,2022-05-01 00:00:00,S,610,5394774706.970001
can,IT,2022-05-01 00:00:00,U,289,5240222693.229999
can,IT,2022-05-01 00:00:00,W,60,2510378507.97
can,IT,2022-06-01 00:00:00,S,572,2841461079.3199997
can,IT,2022-06-01 00:00:00,U,245,2464862600.54
can,IT,2022-06-01 00:00:00,W,53,4230856962.49
can,IT,2022-07-01 00:00:00,S,595,6284386760.34
can,IT,2022-07-01 00:00:00,U,267,2400085784.7099996
can,IT,2022-07-01 00:00:00,W,64,4546256628.610001
can,IT,2022-08-01 00:00:00,S,504,1921236706.8700001
can,IT,2022-08-01 00:00:00,U,250,1352505905.1799998
can,IT,2022-08-01 00:00:00,W,49,2138329781.6399999
can,IT,2022-09-01 00:00:00,S,594,5738157543.640001
can,IT,2022-09-01 00:00:00,U,279,4074408653.01
can,IT,2022-09-01 00:00:00,W,70,1403918781.7000003
can,IT,2022-10-01 00:00:00,S,542,2776659189.0899997
can,IT,2022-10-01 00:00:00,U,283,1530238812.25
can,IT,2022-10-01 00:00:00,W,68,3943421298.77
can,IT,2022-11-01 00:00:00,S,611,3080773225.6899996
can,IT,2022-11-01 00:00:00,U,319,4778983603.059999
can,IT,2022-11-01 00:00:00,W,88,1070506848.0499998
can,IT,2022-12-01 00:00:00,S,566,3961509051.58
can,IT,2022-12-01 00:00:00,U,332,10256385004.23
can,IT,2022-12-01 00:00:00,W,53,2360053191.72
can,IT,2023-01-01 00:00:00,S,683,5540262048.829998
can,IT,2023-01-01 00:00:00,U,360,5534484149.059999
can,IT,2023-01-01 00:00:00,W,101,3568858384.21
can,IT,2023-02-01 00:00:00,S,638,2353459005.5200005
can,IT,2023-02-01 00:00:00,U,362,1673788519.23
can,IT,2023-02-01 00:00:00,W,109,1874463512.64
can,IT,2023-03-01 00:00:00,S,621,4738274795.6
can,IT,2023-03-01 00:00:00,U,356,3254710956.5499997
can,IT,2023-03-01 00:00:00,W,98,1748151059.17
can,IT,2023-04-01 00:00:00,S,444,1264103264.55
can,IT,2023-04-01 00:00:00,U,276,1250122464.6
can,IT,2023-04-01 00:00:00,W,100,5120240248.539999
can,IT,2023-05-01 00:00:00,S,611,1963778491.0800002
can,IT,2023-05-01 00:00:00,U,362,2743619164.7000003
can,IT,2023-05-01 00:00:00,W,128,7073205453.069999
can,IT,2023-06-01 00:00:00,S,547,3238650379.16
can,IT,2023-06-01 00:00:00,U,343,4659275912.15
can,IT,2023-06-01 00:00:00,W,111,23694812455.929996
can,IT,2023-07-01 00:00:00,S,646,4875896816.24
can,IT,2023-07-01 00:00:00,U,356,5006250516.419999
can,IT,2023-07-01 00:00:00,W,149,4071376409.71
can,IT,2023-08-01 00:00:00,S,539,6495059805.089998
can,IT,2023-08-01 00:00:00,U,315,4959102046.309999
can,IT,2023-08-01 00:00:00,W,128,5855470882.589999
can,IT,2023-09-01 00:00:00,S,705,4487726967.53
can,IT,2023-09-01 00:00:00,U,347,3390987267.5300007
can,IT,2023-09-01 00:00:00,W,146,6947731999.209999
can,LI,2016-04-01 00:00:00,S,1,410933.77
can,LI,2016-05-01 00:00:00,S,1,2602048.89
can,LI,2016-07-01 00:00:00,S,1,758798.77
can,LI,2016-10-01 00:00:00,S,1,142897.16
can,LI,2017-01-01 00:00:00,U,1,470516.46
can,LI,2017-01-01 00:00:00,W,1,8061163.419999999
can,LI,2017-02-01 00:00:00,U,1,299840.78
can,LI,2017-03-01 00:00:00,U,1,385358.46
can,LI,2017-05-01 00:00:00,W,1,1992306.63
can,LI,2017-06-01 00:00:00,W,1,542540.8300000001
can,LI,2017-07-01 00:00:00,W,2,2933829.98
can,LI,2017-09-01 00:00:00,S,1,475800.0
can,LI,2017-09-01 00:00:00,W,2,2409148.52
can,LI,2017-10-01 00:00:00,W,1,1937012.38
can,LI,2018-03-01 00:00:00,U,1,276000.0
can,LI,2018-04-01 00:00:00,U,1,450169.7
can,LI,2018-06-01 00:00:00,S,1,233132.21000000002
can,LI,2018-06-01 00:00:00,U,1,391377.49
can,LI,2018-06-01 00:00:00,W,2,1983367.08
can,LI,2018-07-01 00:00:00,W,2,913857.43
can,LI,2018-10-01 00:00:00,W,1,581391.52
can,LI,2018-11-01 00:00:00,S,1,7471660.8
can,LI,2018-11-01 00:00:00,U,1,330086.27
can,LI,2019-02-01 00:00:00,U,1,567437.66
can,LI,2019-03-01 00:00:00,W,1,5168865.11
can,LI,2019-04-01 00:00:00,S,1,118251.53
can,LI,2019-04-01 00:00:00,U,1,471201.01
can,LI,2019-05-01 00:00:00,U,1,914059.69
can,LI,2019-05-01 00:00:00,W,1,1224715.1700000002
can,LI,2019-07-01 00:00:00,S,1,559998.85
can,LI,2019-07-01 00:00:00,U,1,466880.66
can,LI,2019-09-01 00:00:00,S,1,68340.52
can,LI,2019-09-01 00:00:00,U,2,5079632.01
can,LI,2019-10-01 00:00:00,S,10,1363076.15
can,LI,2019-10-01 00:00:00,U,1,437752.07
can,LI,2019-10-01 00:00:00,W,1,238652.82
can,LI,2019-11-01 00:00:00,S,7,2427184.46
can,LI,2019-11-01 00:00:00,W,1,135905.25
can,LI,2020-01-01 00:00:00,S,1,902050.72
can,LI,2020-02-01 00:00:00,W,8,6733805.750000001
can,LI,2020-03-01 00:00:00,S,2,477392.99
can,LI,2020-05-01 00:00:00,S,2,1380535.54
can,LI,2020-05-01 00:00:00,U,1,347094.82
can,LI,2020-05-01 00:00:00,W,1,130261.37
can,LI,2020-06-01 00:00:00,S,2,840728.64
can,LI,2020-06-01 00:00:00,W,1,245009.53
can,LI,2020-07-01 00:00:00,S,2,566184.03
can,LI,2020-07-01 00:00:00,U,1,101456.95
can,LI,2020-07-01 00:00:00,W,1,2106902.52
can,LI,2020-08-01 00:00:00,S,16,866715.84
can,LI,2020-08-01 00:00:00,W,1,1470005.0
can,LI,2020-09-01 00:00:00,U,1,2406121.63
can,LI,2020-10-01 00:00:00,U,2,4653190.9399999995
can,LI,2020-11-01 00:00:00,S,2,4121123.12
can,LI,2020-11-01 00:00:00,U,1,200933.0
can,LI,2020-12-01 00:00:00,S,1,134730759.92
can,LI,2020-12-01 00:00:00,U,1,0.0
can,LI,2021-01-01 00:00:00,U,1,193702.62
can,LI,2021-02-01 00:00:00,S,1,742839.7
can,LI,2021-02-01 00:00:00,W,1,9499164.59
can,LI,2021-03-01 00:00:00,S,1,412249.05
can,LI,2021-03-01 00:00:00,U,2,3399816.14
can,LI,2021-03-01 00:00:00,W,1,1263487.0899999999
can,LI,2021-06-01 00:00:00,S,2,1654713.66
can,LI,2021-06-01 00:00:00,U,2,1492541.9000000001
can,LI,2021-07-01 00:00:00,S,1,4471330.98
can,LI,2021-07-01 00:00:00,U,1,0.0
can,LI,2021-08-01 00:00:00,S,1,548839.27
can,LI,2021-08-01 00:00:00,U,1,500057.77
can,LI,2021-09-01 00:00:00,S,2,979091.67
can,LI,2021-11-01 00:00:00,S,2,0.0
can,LI,2021-11-01 00:00:00,U,2,5883262.28
can,LI,2021-12-01 00:00:00,S,1,
can,LI,2021-12-01 00:00:00,U,3,1450612.57
can,LI,2021-12-01 00:00:00,W,2,3363778.9000000004
can,LI,2022-01-01 00:00:00,S,2,2002133.3399999999
can,LI,2022-02-01 00:00:00,U,1,1174729.44
can,LI,2022-03-01 00:00:00,S,1,0.0
can,LI,2022-03-01 00:00:00,W,5,5816272.08
can,LI,2022-04-01 00:00:00,S,1,166497.09
can,LI,2022-04-01 00:00:00,W,1,1338633.2499999998
can,LI,2022-05-01 00:00:00,S,1,25723725.83
can,LI,2022-06-01 00:00:00,S,6,2647600.41
can,LI,2022-07-01 00:00:00,S,2,2700592.18
can,LI,2022-08-01 00:00:00,S,1,760225.7
can,LI,2022-08-01 00:00:00,W,6,2297118.0200000005
can,LI,2022-09-01 00:00:00,S,4,2245427.01
can,LI,2022-09-01 00:00:00,U,3,200601.24
can,LI,2022-10-01 00:00:00,S,2,661138.98
can,LI,2022-11-01 00:00:00,S,6,1247463.7000000002
can,LI,2022-11-01 00:00:00,U,1,2520095.68
can,LI,2022-11-01 00:00:00,W,3,6229016.739999999
can,LI,2022-12-01 00:00:00,S,3,1147511.89
can,LI,2022-12-01 00:00:00,W,6,5135294.559999999
can,LI,2023-01-01 00:00:00,U,2,4676402.55
can,LI,2023-01-01 00:00:00,W,4,484693.55
can,LI,2023-03-01 00:00:00,S,1,1096455.93
can,LI,2023-03-01 00:00:00,U,2,591967.66
can,LI,2023-04-01 00:00:00,U,1,216719.02
can,LI,2023-04-01 00:00:00,W,1,3803407.83
can,LI,2023-05-01 00:00:00,S,3,679008.65
can,LI,2023-08-01 00:00:00,W,1,3781549.48
can,LI,2023-09-01 00:00:00,S,2,3073974.12
can,LI,2023-09-01 00:00:00,W,8,3342108.33
can,LT,2016-01-01 00:00:00,S,66,42395649.67
can,LT,2016-01-01 00:00:00,U,116,1854347447.9199994
can,LT,2016-01-01 00:00:00,W,5,25509360.09
can,LT,2016-02-01 00:00:00,S,46,54298297.04
can,LT,2016-02-01 00:00:00,U,64,248308469.8
can,LT,2016-03-01 00:00:00,S,59,402654227.84
can,LT,2016-03-01 00:00:00,U,87,55191693.010000005
can,LT,2016-03-01 00:00:00,W,4,16917700.91
can,LT,2016-04-01 00:00:00,S,61,19763983.970000003
can,LT,2016-04-01 00:00:00,U,84,71984902.38000001
can,LT,2016-04-01 00:00:00,W,5,51414078.42
can,LT,2016-05-01 00:00:00,S,54,28986008.150000002
can,LT,2016-05-01 00:00:00,U,93,36899115.1
can,LT,2016-05-01 00:00:00,W,3,13039690.629999999
can,LT,2016-06-01 00:00:00,S,78,17058835.68
can,LT,2016-06-01 00:00:00,U,91,56555375.69
can,LT,2016-06-01 00:00:00,W,7,57354681.61000001
can,LT,2016-07-01 00:00:00,S,59,15893751.970000003
can,LT,2016-07-01 00:00:00,U,98,78264368.56
can,LT,2016-07-01 00:00:00,W,7,28900045.05
can,LT,2016-08-01 00:00:00,S,100,25719099.0
can,LT,2016-08-01 00:00:00,U,108,562046261.5600001
can,LT,2016-08-01 00:00:00,W,18,84883049.00999999
can,LT,2016-09-01 00:00:00,S,87,69757776.66
can,LT,2016-09-01 00:00:00,U,96,33958276.95
can,LT,2016-09-01 00:00:00,W,7,448031478.15
can,LT,2016-10-01 00:00:00,S,79,24021930.76
can,LT,2016-10-01 00:00:00,U,106,122969484.54
can,LT,2016-10-01 00:00:00,W,5,2149006.17
can,LT,2016-11-01 00:00:00,S,69,23344273.389999997
can,LT,2016-11-01 00:00:00,U,112,76376760.28999999
can,LT,2016-11-01 00:00:00,W,6,34483214.59
can,LT,2016-12-01 00:00:00,S,85,38182682.510000005
can,LT,2016-12-01 00:00:00,U,137,113478555.89999998
can,LT,2016-12-01 00:00:00,W,6,15092750.2
can,LT,2017-01-01 00:00:00,S,72,1410628313.8700001
can,LT,2017-01-01 00:00:00,U,75,39549516.14999999
can,LT,2017-01-01 00:00:00,W,3,8111304.399999999
can,LT,2017-02-01 00:00:00,S,57,28194124.269999996
can,LT,2017-02-01 00:00:00,U,80,189547574.49999994
can,LT,2017-02-01 00:00:00,W,3,20738910.25
can,LT,2017-03-01 00:00:00,S,69,34135926.980000004
can,LT,2017-03-01 00:00:00,U,89,1245166538.71
can,LT,2017-03-01 00:00:00,W,2,17686603.09
can,LT,2017-04-01 00:00:00,S,62,107821503.99
can,LT,2017-04-01 00:00:00,U,58,26084112.63
can,LT,2017-04-01 00:00:00,W,7,1190872694.98
can,LT,2017-05-01 00:00:00,S,63,50574832.79
can,LT,2017-05-01 00:00:00,U,75,40723511.60999999
can,LT,2017-05-01 00:00:00,W,10,407513183.9
can,LT,2017-06-01 00:00:00,S,97,621525051.88
can,LT,2017-06-01 00:00:00,U,92,263104715.14
can,LT,2017-06-01 00:00:00,W,9,50881709.83
can,LT,2017-07-01 00:00:00,S,44,6032928444.959997
can,LT,2017-07-01 00:00:00,U,76,39013447.30000001
can,LT,2017-07-01 00:00:00,W,6,23065314.24
can,LT,2017-08-01 00:00:00,S,101,40023906.45
can,LT,2017-08-01 00:00:00,U,127,38577264.650000006
can,LT,2017-08-01 00:00:00,W,6,55773929.989999995
can,LT,2017-09-01 00:00:00,S,75,122198797.18
can,LT,2017-09-01 00:00:00,U,110,59040106.57
can,LT,2017-09-01 00:00:00,W,3,8387944.25
can,LT,2017-10-01 00:00:00,S,81,3050935357.6700006
can,LT,2017-10-01 00:00:00,U,149,175505995.89999998
can,LT,2017-10-01 00:00:00,W,3,32122060.66
can,LT,2017-11-01 00:00:00,S,76,60973213.86
can,LT,2017-11-01 00:00:00,U,87,57044289.56
can,LT,2017-11-01 00:00:00,W,3,28916566.63
can,LT,2017-12-01 00:00:00,S,80,57014538.33
can,LT,2017-12-01 00:00:00,U,114,1257735755.68
can,LT,2017-12-01 00:00:00,W,10,19529969881.12
can,LT,2018-01-01 00:00:00,S,112,59259797.01
can,LT,2018-01-01 00:00:00,U,157,107777592.83
can,LT,2018-01-01 00:00:00,W,3,20005007.490000002
can,LT,2018-02-01 00:00:00,S,68,17798069.0
can,LT,2018-02-01 00:00:00,U,100,86058387.61
can,LT,2018-02-01 00:00:00,W,6,32348766.81
can,LT,2018-03-01 00:00:00,S,81,58775753.78
can,LT,2018-03-01 00:00:00,U,107,32732587.579999994
can,LT,2018-03-01 00:00:00,W,5,6011415.14
can,LT,2018-04-01 00:00:00,S,61,24537952.740000002
can,LT,2018-04-01 00:00:00,U,120,54892963.72
can,LT,2018-04-01 00:00:00,W,7,28052836.9
can,LT,2018-05-01 00:00:00,S,92,35668207.13
can,LT,2018-05-01 00:00:00,U,152,24564022.13
can,LT,2018-05-01 00:00:00,W,6,17373225.03
can,LT,2018-06-01 00:00:00,S,67,19899908.14
can,LT,2018-06-01 00:00:00,U,145,155668243.50000003
can,LT,2018-06-01 00:00:00,W,10,95927332.44
can,LT,2018-07-01 00:00:00,S,98,63785142.589999996
can,LT,2018-07-01 00:00:00,U,135,53161274.55
can,LT,2018-07-01 00:00:00,W,8,62093980.739999995
can,LT,2018-08-01 00:00:00,S,87,66443412.64
can,LT,2018-08-01 00:00:00,U,133,64105881.83
can,LT,2018-08-01 00:00:00,W,13,59737836.87
can,LT,2018-09-01 00:00:00,S,79,53013878.26
can,LT,2018-09-01 00:00:00,U,170,125253412.6
can,LT,2018-09-01 00:00:00,W,13,35993093.07
can,LT,2018-10-01 00:00:00,S,127,72543976.97
can,LT,2018-10-01 00:00:00,U,179,136003518.79999998
can,LT,2018-10-01 00:00:00,W,16,42542861.41
can,LT,2018-11-01 00:00:00,S,132,215011522.94
can,LT,2018-11-01 00:00:00,U,171,77812058.30000001
can,LT,2018-11-01 00:00:00,W,13,103948838.13999999
can,LT,2018-12-01 00:00:00,S,109,979312079.8699999
can,LT,2018-12-01 00:00:00,U,173,374928724.63000005
can,LT,2018-12-01 00:00:00,W,10,6951891.63
can,LT,2019-01-01 00:00:00,S,154,381348934.89
can,LT,2019-01-01 00:00:00,U,209,10355101642.49
can,LT,2019-01-01 00:00:00,W,14,57447653.78999999
can,LT,2019-02-01 00:00:00,S,126,96572263.06
can,LT,2019-02-01 00:00:00,U,147,313935126.43999994
can,LT,2019-02-01 00:00:00,W,7,23526833.47
can,LT,2019-03-01 00:00:00,S,127,107547553.87000002
can,LT,2019-03-01 00:00:00,U,165,62247019.25
can,LT,2019-03-01 00:00:00,W,13,93668458.99000001
can,LT,2019-04-01 00:00:00,S,96,706202067.4599999
can,LT,2019-04-01 00:00:00,U,146,382386134.63000005
can,LT,2019-04-01 00:00:00,W,15,344420837.02
can,LT,2019-05-01 00:00:00,S,104,76468679.89
can,LT,2019-05-01 00:00:00,U,179,99049054.84
can,LT,2019-05-01 00:00:00,W,11,33149277.64
can,LT,2019-06-01 00:00:00,S,128,121008895.84
can,LT,2019-06-01 00:00:00,U,162,253897572.96999997
can,LT,2019-06-01 00:00:00,W,15,40297600.28
can,LT,2019-07-01 00:00:00,S,121,96315886.52999999
can,LT,2019-07-01 00:00:00,U,197,660842865.3200003
can,LT,2019-07-01 00:00:00,W,7,16375927.9
can,LT,2019-08-01 00:00:00,S,141,70778909.62999998
can,LT,2019-08-01 00:00:00,U,177,53253494.300000004
can,LT,2019-08-01 00:00:00,W,15,90306935.82
can,LT,2019-09-01 00:00:00,S,135,67598678.41
can,LT,2019-09-01 00:00:00,U,180,98537583.85
can,LT,2019-09-01 00:00:00,W,5,10912293.01
can,LT,2019-10-01 00:00:00,S,154,72013505.54
can,LT,2019-10-01 00:00:00,U,245,954213619.9700001
can,LT,2019-10-01 00:00:00,W,9,32956554.14
can,LT,2019-11-01 00:00:00,S,122,48907503.31
can,LT,2019-11-01 00:00:00,U,192,104637657.06999998
can,LT,2019-11-01 00:00:00,W,12,513983488.9399999
can,LT,2019-12-01 00:00:00,S,112,116841043.22
can,LT,2019-12-01 00:00:00,U,166,69770710.45999998
can,LT,2019-12-01 00:00:00,W,8,19820076.66
can,LT,2020-01-01 00:00:00,S,169,125964443.96000001
can,LT,2020-01-01 00:00:00,U,213,1420301610.4400003
can,LT,2020-01-01 00:00:00,W,15,15916116755.98
can,LT,2020-02-01 00:00:00,S,132,73726429.41
can,LT,2020-02-01 00:00:00,U,185,69495174.85
can,LT,2020-02-01 00:00:00,W,16,44077201457.369995
can,LT,2020-03-01 00:00:00,S,98,39061502.05
can,LT,2020-03-01 00:00:00,U,164,80731982.77999999
can,LT,2020-03-01 00:00:00,W,5,13180936.15
can,LT,2020-04-01 00:00:00,S,133,50021040.019999996
can,LT,2020-04-01 00:00:00,U,333,118838015.26
can,LT,2020-04-01 00:00:00,W,8,167070547.65
can,LT,2020-05-01 00:00:00,S,110,45994132.92
can,LT,2020-05-01 00:00:00,U,215,4206785108.5899997
can,LT,2020-05-01 00:00:00,W,12,64059626.05
can,LT,2020-06-01 00:00:00,S,142,58991557.10000001
can,LT,2020-06-01 00:00:00,U,220,73083936.31
can,LT,2020-06-01 00:00:00,W,10,40859005.86
can,LT,2020-07-01 00:00:00,S,151,271724372.92
can,LT,2020-07-01 00:00:00,U,210,199770639.03999993
can,LT,2020-07-01 00:00:00,W,20,116206926.15
can,LT,2020-08-01 00:00:00,S,129,35672499.46
can,LT,2020-08-01 00:00:00,U,211,60889049.08
can,LT,2020-08-01 00:00:00,W,20,155345652.19000003
can,LT,2020-09-01 00:00:00,S,169,53831118.300000004
can,LT,2020-09-01 00:00:00,U,226,64866427.849999994
can,LT,2020-09-01 00:00:00,W,26,93745893.95
can,LT,2020-10-01 00:00:00,S,187,53145936.480000004
can,LT,2020-10-01 00:00:00,U,275,142368198.53999996
can,LT,2020-10-01 00:00:00,W,23,99172906.2
can,LT,2020-11-01 00:00:00,S,152,72035155.46
can,LT,2020-11-01 00:00:00,U,219,141667623.85999998
can,LT,2020-11-01 00:00:00,W,18,33424644.590000004
can,LT,2020-12-01 00:00:00,S,147,81872115.08
can,LT,2020-12-01 00:00:00,U,291,99375376.45
can,LT,2020-12-01 00:00:00,W,16,153938599.28
can,LT,2021-01-01 00:00:00,S,153,113590953.41000001
can,LT,2021-01-01 00:00:00,U,265,153303642.12
can,LT,2021-01-01 00:00:00,W,11,211644634.37999997
can,LT,2021-02-01 00:00:00,S,116,44218106.13999999
can,LT,2021-02-01 00:00:00,U,234,71055045.87
can,LT,2021-02-01 00:00:00,W,3,26096482.65
can,LT,2021-03-01 00:00:00,S,167,72325568.07
can,LT,2021-03-01 00:00:00,U,264,166503118.26999998
can,LT,2021-03-01 00:00:00,W,18,69871010.08000001
can,LT,2021-04-01 00:00:00,S,159,55764265.05
can,LT,2021-04-01 00:00:00,U,195,43515326.2
can,LT,2021-04-01 00:00:00,W,8,21418541.509999998
can,LT,2021-05-01 00:00:00,S,186,153189198.27
can,LT,2021-05-01 00:00:00,U,231,55735472.089999996
can,LT,2021-05-01 00:00:00,W,10,41951046.62
can,LT,2021-06-01 00:00:00,S,136,67578644.85000001
can,LT,2021-06-01 00:00:00,U,221,377809180.6
can,LT,2021-06-01 00:00:00,W,10,13985027.94
can,LT,2021-07-01 00:00:00,S,149,122793103.27000001
can,LT,2021-07-01 00:00:00,U,279,108337838.99000001
can,LT,2021-07-01 00:00:00,W,17,14089573.76
can,LT,2021-08-01 00:00:00,S,129,35682781.75
can,LT,2021-08-01 00:00:00,U,249,79756561.4
can,LT,2021-08-01 00:00:00,W,31,67149370.21
can,LT,2021-09-01 00:00:00,S,154,53867873.849999994
can,LT,2021-09-01 00:00:00,U,261,84285014.11
can,LT,2021-09-01 00:00:00,W,27,58902222.97
can,LT,2021-10-01 00:00:00,S,179,97970372.91
can,LT,2021-10-01 00:00:00,U,254,117131131.24000001
can,LT,2021-10-01 00:00:00,W,18,59956808.74
can,LT,2021-11-01 00:00:00,S,157,74385553.83999999
can,LT,2021-11-01 00:00:00,U,240,179414359.31999996
can,LT,2021-11-01 00:00:00,W,17,30961813.610000003
can,LT,2021-12-01 00:00:00,S,223,142955512.4
can,LT,2021-12-01 00:00:00,U,304,222619464.51999998
can,LT,2021-12-01 00:00:00,W,28,149164472.78
can,LT,2022-01-01 00:00:00,S,192,522845946.03999996
can,LT,2022-01-01 00:00:00,U,277,104885937.90000004
can,LT,2022-01-01 00:00:00,W,12,151878518.6
can,LT,2022-02-01 00:00:00,S,126,407700181.19000006
can,LT,2022-02-01 00:00:00,U,255,197395976.99
can,LT,2022-02-01 00:00:00,W,9,32758882.15
can,LT,2022-03-01 00:00:00,S,163,147678259.94
can,LT,2022-03-01 00:00:00,U,255,127915403.99999999
can,LT,2022-03-01 00:00:00,W,20,139584954.59
can,LT,2022-04-01 00:00:00,S,138,49585490.440000005
can,LT,2022-04-01 00:00:00,U,264,248509960.16999996
can,LT,2022-04-01 00:00:00,W,21,128186595.62
can,LT,2022-05-01 00:00:00,S,169,59163383.86999999
can,LT,2022-05-01 00:00:00,U,213,52572886.63
can,LT,2022-05-01 00:00:00,W,37,88496802.72000001
can,LT,2022-06-01 00:00:00,S,191,150824990.65999997
can,LT,2022-06-01 00:00:00,U,278,81235766.67999999
can,LT,2022-06-01 00:00:00,W,16,10302382.71
can,LT,2022-07-01 00:00:00,S,167,96753486.68000002
can,LT,2022-07-01 00:00:00,U,233,175890350.01000002
can,LT,2022-07-01 00:00:00,W,17,76480457.38
can,LT,2022-08-01 00:00:00,S,154,59200633.309999995
can,LT,2022-08-01 00:00:00,U,267,95234987.16000001
can,LT,2022-08-01 00:00:00,W,27,33813030.46
can,LT,2022-09-01 00:00:00,S,166,48007369.839999996
can,LT,2022-09-01 00:00:00,U,287,85094957.85
can,LT,2022-09-01 00:00:00,W,30,278770311.53
can,LT,2022-10-01 00:00:00,S,189,152795801.03
can,LT,2022-10-01 00:00:00,U,296,169565899.26
can,LT,2022-10-01 00:00:00,W,41,191878419.54
can,LT,2022-11-01 00:00:00,S,190,171882836.75
can,LT,2022-11-01 00:00:00,U,301,156681784.92
can,LT,2022-11-01 00:00:00,W,22,52994006.60000001
can,LT,2022-12-01 00:00:00,S,190,77299561.41
can,LT,2022-12-01 00:00:00,U,325,145345033.82
can,LT,2022-12-01 00:00:00,W,29,139235064.95999998
can,LT,2023-01-01 00:00:00,S,217,153258729.24999997
can,LT,2023-01-01 00:00:00,U,390,310349796.99000007
can,LT,2023-01-01 00:00:00,W,20,225511468.07
can,LT,2023-02-01 00:00:00,S,158,55546490.37
can,LT,2023-02-01 00:00:00,U,252,68219680.26
can,LT,2023-02-01 00:00:00,W,40,9561612.65
can,LT,2023-03-01 00:00:00,S,162,145265128.67
can,LT,2023-03-01 00:00:00,U,326,145192789.33999997
can,LT,2023-03-01 00:00:00,W,61,49747768.1
can,LT,2023-04-01 00:00:00,S,168,108744899.74000001
can,LT,2023-04-01 00:00:00,U,248,686024978.5500001
can,LT,2023-04-01 00:00:00,W,63,23570344.060000002
can,LT,2023-05-01 00:00:00,S,175,195594520.74000004
can,LT,2023-05-01 00:00:00,U,268,308454582.0799999
can,LT,2023-05-01 00:00:00,W,81,211208102.37
can,LT,2023-06-01 00:00:00,S,191,101526199.66
can,LT,2023-06-01 00:00:00,U,274,584544026.6099999
can,LT,2023-06-01 00:00:00,W,61,368156165.1
can,LT,2023-07-01 00:00:00,S,164,249936632.64999998
can,LT,2023-07-01 00:00:00,U,297,108518765.1
can,LT,2023-07-01 00:00:00,W,69,633593543.8100001
can,LT,2023-08-01 00:00:00,S,187,167560828.86
can,LT,2023-08-01 00:00:00,U,306,103004975.74
can,LT,2023-08-01 00:00:00,W,41,69880491.98
can,LT,2023-09-01 00:00:00,S,144,187344951.6
can,LT,2023-09-01 00:00:00,U,251,162530074.31
can,LT,2023-09-01 00:00:00,W,48,98610963.52000001
can,LU,2016-01-01 00:00:00,S,41,333359418.04999995
can,LU,2016-01-01 00:00:00,U,14,2960614.5
can,LU,2016-01-01 00:00:00,W,6,6394362.4
can,LU,2016-02-01 00:00:00,S,10,2258256.0
can,LU,2016-02-01 00:00:00,U,9,9111761.649999999
can,LU,2016-02-01 00:00:00,W,40,55037763.51
can,LU,2016-03-01 00:00:00,S,34,56106697.269999996
can,LU,2016-03-01 00:00:00,U,4,769979.96
can,LU,2016-03-01 00:00:00,W,12,7393514.13
can,LU,2016-04-01 00:00:00,S,18,45259455.67
can,LU,2016-04-01 00:00:00,U,16,30888283.779999997
can,LU,2016-04-01 00:00:00,W,33,81451807.42
can,LU,2016-05-01 00:00:00,S,17,30710135.91
can,LU,2016-05-01 00:00:00,U,13,4054747.58
can,LU,2016-05-01 00:00:00,W,12,27365039.98
can,LU,2016-06-01 00:00:00,S,20,24921468.9
can,LU,2016-06-01 00:00:00,U,6,3849225.18
can,LU,2016-06-01 00:00:00,W,33,86915355.53
can,LU,2016-07-01 00:00:00,S,11,6029068.96
can,LU,2016-07-01 00:00:00,U,10,8203229.95
can,LU,2016-07-01 00:00:00,W,11,21814312.28
can,LU,2016-08-01 00:00:00,S,24,61301621.09
can,LU,2016-08-01 00:00:00,U,11,3595523.49
can,LU,2016-08-01 00:00:00,W,23,75307956.54
can,LU,2016-09-01 00:00:00,S,12,9112902.02
can,LU,2016-09-01 00:00:00,U,5,6589905.9
can,LU,2016-09-01 00:00:00,W,14,10713341.18
can,LU,2016-10-01 00:00:00,S,10,26612437.0
can,LU,2016-10-01 00:00:00,U,4,2652615.0
can,LU,2016-10-01 00:00:00,W,11,80365137.81
can,LU,2016-11-01 00:00:00,S,14,4965614.66
can,LU,2016-11-01 00:00:00,U,12,7173605.6
can,LU,2016-11-01 00:00:00,W,24,93228284.03
can,LU,2016-12-01 00:00:00,S,27,20504901.45
can,LU,2016-12-01 00:00:00,U,5,53603881.0
can,LU,2016-12-01 00:00:00,W,18,64417945.230000004
can,LU,2017-01-01 00:00:00,S,29,49490652.910000004
can,LU,2017-01-01 00:00:00,U,9,39684097.75
can,LU,2017-01-01 00:00:00,W,23,23170113.44
can,LU,2017-02-01 00:00:00,S,16,33441296.54
can,LU,2017-02-01 00:00:00,U,5,434620.0
can,LU,2017-02-01 00:00:00,W,6,1951655.59
can,LU,2017-03-01 00:00:00,S,21,393589237.64
can,LU,2017-03-01 00:00:00,U,4,2137675.16
can,LU,2017-03-01 00:00:00,W,12,32830321.79
can,LU,2017-04-01 00:00:00,S,18,26766052.71
can,LU,2017-04-01 00:00:00,U,12,8180077.9399999995
can,LU,2017-04-01 00:00:00,W,14,79778695.72
can,LU,2017-05-01 00:00:00,S,15,80909194.6
can,LU,2017-05-01 00:00:00,U,6,3336360.02
can,LU,2017-05-01 00:00:00,W,37,38124408.5
can,LU,2017-06-01 00:00:00,S,10,27754907.8
can,LU,2017-06-01 00:00:00,U,4,24696399.0
can,LU,2017-06-01 00:00:00,W,5,934587.0
can,LU,2017-07-01 00:00:00,S,26,54024993.0
can,LU,2017-07-01 00:00:00,U,14,22511525.0
can,LU,2017-07-01 00:00:00,W,26,44753666.92
can,LU,2017-08-01 00:00:00,S,22,117255924.0
can,LU,2017-08-01 00:00:00,U,11,23460065.0
can,LU,2017-08-01 00:00:00,W,12,14544388.0
can,LU,2017-09-01 00:00:00,S,26,103498919.63
can,LU,2017-09-01 00:00:00,U,6,44003199.0
can,LU,2017-09-01 00:00:00,W,17,53607829.730000004
can,LU,2017-10-01 00:00:00,S,23,21770797.4
can,LU,2017-10-01 00:00:00,U,13,6561449.359999999
can,LU,2017-10-01 00:00:00,W,22,58122171.68
can,LU,2017-11-01 00:00:00,S,24,62128060.43
can,LU,2017-11-01 00:00:00,U,5,5775174.18
can,LU,2017-11-01 00:00:00,W,14,44529570.45
can,LU,2017-12-01 00:00:00,S,27,129137533.56
can,LU,2017-12-01 00:00:00,U,3,4688270.05
can,LU,2017-12-01 00:00:00,W,21,42497663.96
can,LU,2018-01-01 00:00:00,S,34,414718700.17
can,LU,2018-01-01 00:00:00,U,5,4984504.81
can,LU,2018-01-01 00:00:00,W,10,18185893.9
can,LU,2018-02-01 00:00:00,S,13,19461247.12
can,LU,2018-02-01 00:00:00,U,16,7827971.08
can,LU,2018-02-01 00:00:00,W,16,49127480.91
can,LU,2018-03-01 00:00:00,S,16,211540375.07999998
can,LU,2018-03-01 00:00:00,U,11,37057779.68
can,LU,2018-03-01 00:00:00,W,21,46540079.82
can,LU,2018-04-01 00:00:00,S,24,78149476.1
can,LU,2018-04-01 00:00:00,U,5,2941442.49
can,LU,2018-04-01 00:00:00,W,6,6247405.38
can,LU,2018-05-01 00:00:00,S,16,70280356.61
can,LU,2018-05-01 00:00:00,U,1,497000.0
can,LU,2018-05-01 00:00:00,W,25,31731328.46
can,LU,2018-06-01 00:00:00,S,13,26612406.25
can,LU,2018-06-01 00:00:00,U,7,1930095.0
can,LU,2018-06-01 00:00:00,W,6,24206174.57
can,LU,2018-07-01 00:00:00,S,27,299001240.7900001
can,LU,2018-07-01 00:00:00,U,7,3077974.0
can,LU,2018-07-01 00:00:00,W,24,352869467.84000003
can,LU,2018-08-01 00:00:00,S,36,133194721.74
can,LU,2018-08-01 00:00:00,U,17,275356955.59000003
can,LU,2018-08-01 00:00:00,W,26,37740765.46000001
can,LU,2018-09-01 00:00:00,S,15,85773370.24000001
can,LU,2018-09-01 00:00:00,U,7,3021560.3200000003
can,LU,2018-09-01 00:00:00,W,18,33997701.0
can,LU,2018-10-01 00:00:00,S,29,167063688.76
can,LU,2018-10-01 00:00:00,U,3,1884316.22
can,LU,2018-10-01 00:00:00,W,7,6973898.68
can,LU,2018-11-01 00:00:00,S,18,1066350091.5500001
can,LU,2018-11-01 00:00:00,U,9,6434090.0
can,LU,2018-11-01 00:00:00,W,18,46230030.21
can,LU,2018-12-01 00:00:00,S,23,297460940.72
can,LU,2018-12-01 00:00:00,U,15,62863959.31999999
can,LU,2018-12-01 00:00:00,W,31,61573767.580000006
can,LU,2019-01-01 00:00:00,S,31,64152827.49
can,LU,2019-01-01 00:00:00,U,10,4454493.74
can,LU,2019-01-01 00:00:00,W,19,37124280.20999999
can,LU,2019-02-01 00:00:00,S,15,3815890400.22
can,LU,2019-02-01 00:00:00,U,19,50180160.4
can,LU,2019-02-01 00:00:00,W,11,34993485.43
can,LU,2019-03-01 00:00:00,S,24,89775824.53999999
can,LU,2019-03-01 00:00:00,U,10,2698091.66
can,LU,2019-03-01 00:00:00,W,29,26734727.990000002
can,LU,2019-04-01 00:00:00,S,21,66803418.96
can,LU,2019-04-01 00:00:00,U,8,23430152.259999998
can,LU,2019-04-01 00:00:00,W,19,47852873.82
can,LU,2019-05-01 00:00:00,S,22,47525060.269999996
can,LU,2019-05-01 00:00:00,U,12,15317210.14
can,LU,2019-05-01 00:00:00,W,17,368614836.82
can,LU,2019-06-01 00:00:00,S,24,119624536.0
can,LU,2019-06-01 00:00:00,U,16,31339165.74
can,LU,2019-06-01 00:00:00,W,42,951952093.37
can,LU,2019-07-01 00:00:00,S,22,26140210.780000005
can,LU,2019-07-01 00:00:00,U,10,29093617.310000002
can,LU,2019-07-01 00:00:00,W,28,24664220.57
can,LU,2019-08-01 00:00:00,S,23,167971890.48
can,LU,2019-08-01 00:00:00,U,7,11729403.0
can,LU,2019-08-01 00:00:00,W,31,31184723.240000002
can,LU,2019-09-01 00:00:00,S,37,14968938.16
can,LU,2019-09-01 00:00:00,U,7,9938014.2
can,LU,2019-09-01 00:00:00,W,14,57040418.18
can,LU,2019-10-01 00:00:00,S,19,12522775.41
can,LU,2019-10-01 00:00:00,U,16,6433170.38
can,LU,2019-10-01 00:00:00,W,28,34340982.38
can,LU,2019-11-01 00:00:00,S,19,112749221.26
can,LU,2019-11-01 00:00:00,U,3,5659743.17
can,LU,2019-11-01 00:00:00,W,24,54484293.89
can,LU,2019-12-01 00:00:00,S,22,264899728.71
can,LU,2019-12-01 00:00:00,U,11,3745253.57
can,LU,2019-12-01 00:00:00,W,13,53154637.99
can,LU,2020-01-01 00:00:00,S,36,70578250.77
can,LU,2020-01-01 00:00:00,U,15,15530416.51
can,LU,2020-01-01 00:00:00,W,8,17023622.5
can,LU,2020-02-01 00:00:00,S,37,268103514.2
can,LU,2020-02-01 00:00:00,U,5,1947718.6
can,LU,2020-02-01 00:00:00,W,21,44126093.21
can,LU,2020-03-01 00:00:00,S,20,346491254.93
can,LU,2020-03-01 00:00:00,U,11,4053935.33
can,LU,2020-03-01 00:00:00,W,18,47706428.06
can,LU,2020-04-01 00:00:00,S,31,94348448.69999999
can,LU,2020-04-01 00:00:00,U,36,64561476.55
can,LU,2020-04-01 00:00:00,W,9,15767309.919999998
can,LU,2020-05-01 00:00:00,S,22,74729810.66
can,LU,2020-05-01 00:00:00,U,15,7266245232.43
can,LU,2020-05-01 00:00:00,W,19,28432094.26
can,LU,2020-06-01 00:00:00,S,22,167729644.38
can,LU,2020-06-01 00:00:00,U,23,16604146.43
can,LU,2020-06-01 00:00:00,W,13,30877339.080000002
can,LU,2020-07-01 00:00:00,S,28,400529249.07000005
can,LU,2020-07-01 00:00:00,U,12,5835421.93
can,LU,2020-07-01 00:00:00,W,21,24486513.56
can,LU,2020-08-01 00:00:00,S,19,136426962.17000002
can,LU,2020-08-01 00:00:00,U,14,498368043.4
can,LU,2020-08-01 00:00:00,W,20,72534869.09
can,LU,2020-09-01 00:00:00,S,34,161664799.59999996
can,LU,2020-09-01 00:00:00,U,8,4074819.55
can,LU,2020-09-01 00:00:00,W,20,39325241.660000004
can,LU,2020-10-01 00:00:00,S,33,71469224.08
can,LU,2020-10-01 00:00:00,U,17,302554076.56
can,LU,2020-10-01 00:00:00,W,29,18045694.17
can,LU,2020-11-01 00:00:00,S,24,123734846.73
can,LU,2020-11-01 00:00:00,U,12,6845297028.910001
can,LU,2020-11-01 00:00:00,W,27,61142942.97000001
can,LU,2020-12-01 00:00:00,S,41,294777903.65999997
can,LU,2020-12-01 00:00:00,U,19,62409969.04000001
can,LU,2020-12-01 00:00:00,W,34,81818803.88999999
can,LU,2021-01-01 00:00:00,S,28,88679680.47
can,LU,2021-01-01 00:00:00,U,10,4461758.09
can,LU,2021-01-01 00:00:00,W,27,55119966.42999999
can,LU,2021-02-01 00:00:00,S,38,447619572.14000005
can,LU,2021-02-01 00:00:00,U,11,26929339.240000002
can,LU,2021-02-01 00:00:00,W,22,31707343.59
can,LU,2021-03-01 00:00:00,S,62,134933988.17
can,LU,2021-03-01 00:00:00,U,18,1285632138.46
can,LU,2021-03-01 00:00:00,W,26,63712010.379999995
can,LU,2021-04-01 00:00:00,S,21,123467123.53999999
can,LU,2021-04-01 00:00:00,U,11,14797329.29
can,LU,2021-04-01 00:00:00,W,20,11795792.99
can,LU,2021-05-01 00:00:00,S,26,96991753.51
can,LU,2021-05-01 00:00:00,U,22,949953733.0400002
can,LU,2021-05-01 00:00:00,W,18,12697762.870000001
can,LU,2021-06-01 00:00:00,S,36,64925596.96
can,LU,2021-06-01 00:00:00,U,14,24723190.47
can,LU,2021-06-01 00:00:00,W,29,134509890.48
can,LU,2021-07-01 00:00:00,S,30,64333046.19
can,LU,2021-07-01 00:00:00,U,11,13499063.51
can,LU,2021-07-01 00:00:00,W,22,17519528.51
can,LU,2021-08-01 00:00:00,S,28,63489507.53
can,LU,2021-08-01 00:00:00,U,10,14501687.7
can,LU,2021-08-01 00:00:00,W,10,78495770.17
can,LU,2021-09-01 00:00:00,S,28,124627389.78
can,LU,2021-09-01 00:00:00,U,19,13298291071.029999
can,LU,2021-09-01 00:00:00,W,34,114578701.62
can,LU,2021-10-01 00:00:00,S,22,92850008.39
can,LU,2021-10-01 00:00:00,U,18,14573021.31
can,LU,2021-10-01 00:00:00,W,19,27126060.83
can,LU,2021-11-01 00:00:00,S,21,143576078.46
can,LU,2021-11-01 00:00:00,U,10,17268623.82
can,LU,2021-11-01 00:00:00,W,38,44464151.54
can,LU,2021-12-01 00:00:00,S,47,128813095.02
can,LU,2021-12-01 00:00:00,U,23,5112752729.990001
can,LU,2021-12-01 00:00:00,W,29,29426161.62
can,LU,2022-01-01 00:00:00,S,28,1228820514.48
can,LU,2022-01-01 00:00:00,U,24,89560870.52000001
can,LU,2022-01-01 00:00:00,W,24,34795427.760000005
can,LU,2022-02-01 00:00:00,S,28,72199605.87
can,LU,2022-02-01 00:00:00,U,7,2994426.0
can,LU,2022-02-01 00:00:00,W,19,40110437.849999994
can,LU,2022-03-01 00:00:00,S,23,953896615.79
can,LU,2022-03-01 00:00:00,U,10,1324792509.55
can,LU,2022-03-01 00:00:00,W,13,10836914.47
can,LU,2022-04-01 00:00:00,S,23,43790493.239999995
can,LU,2022-04-01 00:00:00,U,1,1253500.0
can,LU,2022-04-01 00:00:00,W,9,30909325.99
can,LU,2022-05-01 00:00:00,S,37,158568125.70999998
can,LU,2022-05-01 00:00:00,U,10,15778087.400000002
can,LU,2022-05-01 00:00:00,W,9,234834789.55000004
can,LU,2022-06-01 00:00:00,S,42,337611578.79999995
can,LU,2022-06-01 00:00:00,U,20,157875588.97
can,LU,2022-06-01 00:00:00,W,21,32408100.21
can,LU,2022-07-01 00:00:00,S,36,155308616.13
can,LU,2022-07-01 00:00:00,U,18,14205755.21
can,LU,2022-07-01 00:00:00,W,23,6450853.3
can,LU,2022-08-01 00:00:00,S,19,138647876.03
can,LU,2022-08-01 00:00:00,U,8,4279112.51
can,LU,2022-08-01 00:00:00,W,18,37989712.61
can,LU,2022-09-01 00:00:00,S,15,44819337.760000005
can,LU,2022-09-01 00:00:00,U,8,10397784.36
can,LU,2022-09-01 00:00:00,W,33,76963415.35000001
can,LU,2022-10-01 00:00:00,S,41,52675955.45999999
can,LU,2022-10-01 00:00:00,U,12,38998240.730000004
can,LU,2022-10-01 00:00:00,W,57,71783261.21000001
can,LU,2022-11-01 00:00:00,S,31,23422473.400000002
can,LU,2022-11-01 00:00:00,U,19,14221569.46
can,LU,2022-11-01 00:00:00,W,30,39812278.59
can,LU,2022-12-01 00:00:00,S,46,1540986340.27
can,LU,2022-12-01 00:00:00,U,19,51825250.23
can,LU,2022-12-01 00:00:00,W,19,19548912.580000002
can,LU,2023-01-01 00:00:00,S,54,149599248.29000002
can,LU,2023-01-01 00:00:00,U,36,19891614.470000003
can,LU,2023-01-01 00:00:00,W,27,41382506.39
can,LU,2023-02-01 00:00:00,S,28,39689241.9
can,LU,2023-02-01 00:00:00,U,17,22636456.83
can,LU,2023-02-01 00:00:00,W,29,62443518.64999999
can,LU,2023-03-01 00:00:00,S,31,136943479.38
can,LU,2023-03-01 00:00:00,U,17,540671130.21
can,LU,2023-03-01 00:00:00,W,20,39690645.69
can,LU,2023-04-01 00:00:00,S,16,122752893.91
can,LU,2023-04-01 00:00:00,U,12,7731601.15
can,LU,2023-04-01 00:00:00,W,10,26685676.819999997
can,LU,2023-05-01 00:00:00,S,20,390423391.15
can,LU,2023-05-01 00:00:00,U,4,5167705.619999999
can,LU,2023-05-01 00:00:00,W,1,101442.0
can,LU,2023-06-01 00:00:00,S,20,96501906.98
can,LU,2023-06-01 00:00:00,U,8,3826867.94
can,LU,2023-06-01 00:00:00,W,25,17039530.990000002
can,LU,2023-07-01 00:00:00,S,26,314276336.19
can,LU,2023-07-01 00:00:00,U,14,15189609.11
can,LU,2023-07-01 00:00:00,W,9,6915300.5
can,LU,2023-08-01 00:00:00,S,19,196908447.23
can,LU,2023-08-01 00:00:00,U,33,24091124.1
can,LU,2023-08-01 00:00:00,W,46,106219461.96000002
can,LU,2023-09-01 00:00:00,S,19,1145112702.94
can,LU,2023-09-01 00:00:00,U,15,14639382.03
can,LU,2023-09-01 00:00:00,W,35,26578938.939999998
can,LV,2016-01-01 00:00:00,S,55,45212431.54
can,LV,2016-01-01 00:00:00,U,53,220309989.50000003
can,LV,2016-01-01 00:00:00,W,3,33008800.0
can,LV,2016-02-01 00:00:00,S,48,136627390.18
can,LV,2016-02-01 00:00:00,U,50,1341362184.41
can,LV,2016-02-01 00:00:00,W,1,6689994.99
can,LV,2016-03-01 00:00:00,S,45,52922018.16
can,LV,2016-03-01 00:00:00,U,49,98269750.64
can,LV,2016-03-01 00:00:00,W,3,22283831.5
can,LV,2016-04-01 00:00:00,S,42,44939237.54
can,LV,2016-04-01 00:00:00,U,44,566084631.08
can,LV,2016-04-01 00:00:00,W,6,157776191.34
can,LV,2016-05-01 00:00:00,S,46,49937140.849999994
can,LV,2016-05-01 00:00:00,U,58,338060514.31
can,LV,2016-05-01 00:00:00,W,9,186055870.76999998
can,LV,2016-06-01 00:00:00,S,57,70842456.0
can,LV,2016-06-01 00:00:00,U,73,172546172.16000003
can,LV,2016-06-01 00:00:00,W,3,20468159.5
can,LV,2016-07-01 00:00:00,S,44,122054509.68
can,LV,2016-07-01 00:00:00,U,80,76377999.81
can,LV,2016-07-01 00:00:00,W,3,11715140.82
can,LV,2016-08-01 00:00:00,S,53,46406307.04
can,LV,2016-08-01 00:00:00,U,72,222603168.25
can,LV,2016-08-01 00:00:00,W,5,49761629.45
can,LV,2016-09-01 00:00:00,S,54,65276171.10000001
can,LV,2016-09-01 00:00:00,U,59,1292442181.7199996
can,LV,2016-09-01 00:00:00,W,3,25946596.02
can,LV,2016-10-01 00:00:00,S,50,220187399.85
can,LV,2016-10-01 00:00:00,U,54,416229031.48999995
can,LV,2016-10-01 00:00:00,W,3,14146741.400000002
can,LV,2016-11-01 00:00:00,S,54,866458160.08
can,LV,2016-11-01 00:00:00,U,83,379553346.37
can,LV,2016-11-01 00:00:00,W,2,5127319.65
can,LV,2016-12-01 00:00:00,S,52,105395265.00999999
can,LV,2016-12-01 00:00:00,U,70,466452830.5
can,LV,2016-12-01 00:00:00,W,5,48267267.44
can,LV,2017-01-01 00:00:00,S,54,129754317.61000001
can,LV,2017-01-01 00:00:00,U,50,543432036.28
can,LV,2017-01-01 00:00:00,W,3,28923809.21
can,LV,2017-02-01 00:00:00,S,43,122408048.05000003
can,LV,2017-02-01 00:00:00,U,62,1008563154.0700002
can,LV,2017-03-01 00:00:00,S,18,5378396.859999999
can,LV,2017-03-01 00:00:00,U,29,21149355.42
can,LV,2017-03-01 00:00:00,W,4,1879985.32
can,LV,2017-04-01 00:00:00,S,48,14244689.74
can,LV,2017-04-01 00:00:00,U,52,15950558.629999999
can,LV,2017-04-01 00:00:00,W,6,44938854.23
can,LV,2017-05-01 00:00:00,S,46,21904373.75
can,LV,2017-05-01 00:00:00,U,75,40604714.870000005
can,LV,2017-05-01 00:00:00,W,10,41305300.74
can,LV,2017-06-01 00:00:00,S,76,69004746.05
can,LV,2017-06-01 00:00:00,U,84,83733378.19
can,LV,2017-06-01 00:00:00,W,11,37589399.24
can,LV,2017-07-01 00:00:00,S,65,63433645.87000001
can,LV,2017-07-01 00:00:00,U,96,91717817.81999998
can,LV,2017-07-01 00:00:00,W,6,36206807.75
can,LV,2017-08-01 00:00:00,S,109,125195871.92999998
can,LV,2017-08-01 00:00:00,U,88,17514069.49
can,LV,2017-08-01 00:00:00,W,2,0.0
can,LV,2017-09-01 00:00:00,S,62,193532208.23000005
can,LV,2017-09-01 00:00:00,U,93,26282132.12
can,LV,2017-09-01 00:00:00,W,8,6259139.08
can,LV,2017-10-01 00:00:00,S,65,63319450.16
can,LV,2017-10-01 00:00:00,U,90,23061220.439999998
can,LV,2017-10-01 00:00:00,W,5,8582244.120000001
can,LV,2017-11-01 00:00:00,S,71,39938101.96
can,LV,2017-11-01 00:00:00,U,104,61239336.849999994
can,LV,2017-11-01 00:00:00,W,8,18760602.700000003
can,LV,2017-12-01 00:00:00,S,68,50838402.58
can,LV,2017-12-01 00:00:00,U,113,39988217.64
can,LV,2017-12-01 00:00:00,W,4,27850543.89
can,LV,2018-01-01 00:00:00,S,60,51016938.68
can,LV,2018-01-01 00:00:00,U,117,154681035.23999998
can,LV,2018-01-01 00:00:00,W,4,5127325.0
can,LV,2018-02-01 00:00:00,S,63,71045895.26
can,LV,2018-02-01 00:00:00,U,67,9509071.559999999
can,LV,2018-02-01 00:00:00,W,7,27367786.66
can,LV,2018-03-01 00:00:00,S,58,46570570.099999994
can,LV,2018-03-01 00:00:00,U,99,45247533.07
can,LV,2018-03-01 00:00:00,W,10,58401149.06
can,LV,2018-04-01 00:00:00,S,70,34663377.81
can,LV,2018-04-01 00:00:00,U,96,87217738.78999999
can,LV,2018-04-01 00:00:00,W,13,40107648.92
can,LV,2018-05-01 00:00:00,S,59,16507668.890000002
can,LV,2018-05-01 00:00:00,U,94,45966197.52999999
can,LV,2018-05-01 00:00:00,W,14,28882842.44
can,LV,2018-06-01 00:00:00,S,72,39762742.08
can,LV,2018-06-01 00:00:00,U,120,35259724.269999996
can,LV,2018-06-01 00:00:00,W,8,14376538.709999999
can,LV,2018-07-01 00:00:00,S,103,239241285.68
can,LV,2018-07-01 00:00:00,U,119,52039541.32
can,LV,2018-07-01 00:00:00,W,12,115429700.13000001
can,LV,2018-08-01 00:00:00,S,84,56295440.739999995
can,LV,2018-08-01 00:00:00,U,129,53303142.19
can,LV,2018-08-01 00:00:00,W,17,128310323.47
can,LV,2018-09-01 00:00:00,S,77,33722727.830000006
can,LV,2018-09-01 00:00:00,U,107,32666966.090000004
can,LV,2018-09-01 00:00:00,W,9,23537428.27
can,LV,2018-10-01 00:00:00,S,88,120973519.87999998
can,LV,2018-10-01 00:00:00,U,139,85666543.71000002
can,LV,2018-10-01 00:00:00,W,11,49040528.45
can,LV,2018-11-01 00:00:00,S,70,54108776.39
can,LV,2018-11-01 00:00:00,U,124,43854972.88
can,LV,2018-11-01 00:00:00,W,10,14014995.620000001
can,LV,2018-12-01 00:00:00,S,92,863148491.8199999
can,LV,2018-12-01 00:00:00,U,100,52108628.07
can,LV,2018-12-01 00:00:00,W,12,73218639.71000001
can,LV,2019-01-01 00:00:00,S,97,82771582.59
can,LV,2019-01-01 00:00:00,U,153,185198744.64
can,LV,2019-01-01 00:00:00,W,10,31634135.550000004
can,LV,2019-02-01 00:00:00,S,67,53818650.769999996
can,LV,2019-02-01 00:00:00,U,113,86396098.97
can,LV,2019-02-01 00:00:00,W,6,29446158.01
can,LV,2019-03-01 00:00:00,S,92,50921792.78
can,LV,2019-03-01 00:00:00,U,131,93696924.11
can,LV,2019-03-01 00:00:00,W,15,50634481.26
can,LV,2019-04-01 00:00:00,S,77,32473531.009999998
can,LV,2019-04-01 00:00:00,U,126,66806042.22
can,LV,2019-04-01 00:00:00,W,8,19354131.93
can,LV,2019-05-01 00:00:00,S,69,32475026.490000002
can,LV,2019-05-01 00:00:00,U,126,54292661.800000004
can,LV,2019-05-01 00:00:00,W,6,25027705.69
can,LV,2019-06-01 00:00:00,S,70,722499211.0
can,LV,2019-06-01 00:00:00,U,129,61517045.809999995
can,LV,2019-06-01 00:00:00,W,9,447301766.35999995
can,LV,2019-07-01 00:00:00,S,90,71815047.18
can,LV,2019-07-01 00:00:00,U,155,44179360.18
can,LV,2019-07-01 00:00:00,W,11,22358683.64
can,LV,2019-08-01 00:00:00,S,93,86175641.29
can,LV,2019-08-01 00:00:00,U,146,73463492.35
can,LV,2019-08-01 00:00:00,W,9,37689794.54
can,LV,2019-09-01 00:00:00,S,87,173563273.44
can,LV,2019-09-01 00:00:00,U,155,396369332.46
can,LV,2019-09-01 00:00:00,W,9,42088503.2
can,LV,2019-10-01 00:00:00,S,91,187557268.82999998
can,LV,2019-10-01 00:00:00,U,167,70938407.16
can,LV,2019-10-01 00:00:00,W,9,5446517.99
can,LV,2019-11-01 00:00:00,S,102,30704612.98
can,LV,2019-11-01 00:00:00,U,141,40855191.27
can,LV,2019-11-01 00:00:00,W,4,4203990.65
can,LV,2019-12-01 00:00:00,S,70,75088442.7
can,LV,2019-12-01 00:00:00,U,107,53352924.779999994
can,LV,2019-12-01 00:00:00,W,8,67236043.8
can,LV,2020-01-01 00:00:00,S,72,129099713.36
can,LV,2020-01-01 00:00:00,U,158,69141601.68
can,LV,2020-01-01 00:00:00,W,7,40684154.349999994
can,LV,2020-02-01 00:00:00,S,96,309678278.40999997
can,LV,2020-02-01 00:00:00,U,169,92715553.10999998
can,LV,2020-02-01 00:00:00,W,8,24228952.29
can,LV,2020-03-01 00:00:00,S,69,70582667.83
can,LV,2020-03-01 00:00:00,U,125,55457833.18999998
can,LV,2020-03-01 00:00:00,W,10,35751114.09
can,LV,2020-04-01 00:00:00,S,78,41955821.42
can,LV,2020-04-01 00:00:00,U,125,48314957.86000001
can,LV,2020-04-01 00:00:00,W,6,44624131.52
can,LV,2020-05-01 00:00:00,S,72,22066901.1
can,LV,2020-05-01 00:00:00,U,120,53531974.53999999
can,LV,2020-05-01 00:00:00,W,10,40475268.18
can,LV,2020-06-01 00:00:00,S,81,31612481.77
can,LV,2020-06-01 00:00:00,U,114,69460081.88
can,LV,2020-06-01 00:00:00,W,11,16383249.050000003
can,LV,2020-07-01 00:00:00,S,121,222292431.89000005
can,LV,2020-07-01 00:00:00,U,169,90065564.57
can,LV,2020-07-01 00:00:00,W,16,46844829.92
can,LV,2020-08-01 00:00:00,S,73,29260101.62
can,LV,2020-08-01 00:00:00,U,143,127714593.89999999
can,LV,2020-08-01 00:00:00,W,13,26952003.689999994
can,LV,2020-09-01 00:00:00,S,92,70671771.71999997
can,LV,2020-09-01 00:00:00,U,151,72168998.25
can,LV,2020-09-01 00:00:00,W,16,146725283.92
can,LV,2020-10-01 00:00:00,S,95,37776510.97
can,LV,2020-10-01 00:00:00,U,221,137007685.33
can,LV,2020-10-01 00:00:00,W,23,97179949.1
can,LV,2020-11-01 00:00:00,S,67,24956398.05
can,LV,2020-11-01 00:00:00,U,136,78916924.19999999
can,LV,2020-11-01 00:00:00,W,15,85199777.34000002
can,LV,2020-12-01 00:00:00,S,88,70804348.24
can,LV,2020-12-01 00:00:00,U,145,41167498.760000005
can,LV,2020-12-01 00:00:00,W,5,19415691.47
can,LV,2021-01-01 00:00:00,S,163,237597568.75000003
can,LV,2021-01-01 00:00:00,U,169,92026622.67999998
can,LV,2021-01-01 00:00:00,W,8,43893441.29
can,LV,2021-02-01 00:00:00,S,82,95432688.50999999
can,LV,2021-02-01 00:00:00,U,142,79155612.85
can,LV,2021-02-01 00:00:00,W,7,25403315.91
can,LV,2021-03-01 00:00:00,S,81,69322552.72
can,LV,2021-03-01 00:00:00,U,150,65604077.41
can,LV,2021-03-01 00:00:00,W,14,278325972.68
can,LV,2021-04-01 00:00:00,S,101,146069698.36999997
can,LV,2021-04-01 00:00:00,U,177,114260207.07
can,LV,2021-04-01 00:00:00,W,17,37745446.97
can,LV,2021-05-01 00:00:00,S,91,191141477.48999998
can,LV,2021-05-01 00:00:00,U,174,143209331.74
can,LV,2021-05-01 00:00:00,W,14,70152414.44
can,LV,2021-06-01 00:00:00,S,84,54751399.230000004
can,LV,2021-06-01 00:00:00,U,175,51816666.279999994
can,LV,2021-06-01 00:00:00,W,22,33589148.379999995
can,LV,2021-07-01 00:00:00,S,124,189203088.94
can,LV,2021-07-01 00:00:00,U,217,76708193.67
can,LV,2021-07-01 00:00:00,W,21,104234241.80000001
can,LV,2021-08-01 00:00:00,S,101,34169501.03
can,LV,2021-08-01 00:00:00,U,151,54594303.19
can,LV,2021-08-01 00:00:00,W,17,292275687.4699999
can,LV,2021-09-01 00:00:00,S,106,68521456.0
can,LV,2021-09-01 00:00:00,U,203,127923139.36000001
can,LV,2021-09-01 00:00:00,W,15,52321699.269999996
can,LV,2021-10-01 00:00:00,S,124,60893255.0
can,LV,2021-10-01 00:00:00,U,241,107693223.21000001
can,LV,2021-10-01 00:00:00,W,15,40017272.620000005
can,LV,2021-11-01 00:00:00,S,107,62489129.81
can,LV,2021-11-01 00:00:00,U,162,54527625.21
can,LV,2021-11-01 00:00:00,W,20,52354523.11
can,LV,2021-12-01 00:00:00,S,147,346874705.42999995
can,LV,2021-12-01 00:00:00,U,218,89037745.62
can,LV,2021-12-01 00:00:00,W,11,14661455.96
can,LV,2022-01-01 00:00:00,S,103,162693370.20000002
can,LV,2022-01-01 00:00:00,U,217,142754892.70000002
can,LV,2022-01-01 00:00:00,W,10,16138225.909999998
can,LV,2022-02-01 00:00:00,S,100,29295628.6
can,LV,2022-02-01 00:00:00,U,151,122160203.99000001
can,LV,2022-02-01 00:00:00,W,10,19280988.52
can,LV,2022-03-01 00:00:00,S,106,64228870.61
can,LV,2022-03-01 00:00:00,U,182,72111721.47
can,LV,2022-03-01 00:00:00,W,14,31026869.74
can,LV,2022-04-01 00:00:00,S,132,58717465.97
can,LV,2022-04-01 00:00:00,U,202,100218671.0
can,LV,2022-04-01 00:00:00,W,15,110771685.37999998
can,LV,2022-05-01 00:00:00,S,116,58320922.769999996
can,LV,2022-05-01 00:00:00,U,165,189235775.73000002
can,LV,2022-05-01 00:00:00,W,11,50089387.3
can,LV,2022-06-01 00:00:00,S,122,74984053.28
can,LV,2022-06-01 00:00:00,U,181,29328839.53
can,LV,2022-06-01 00:00:00,W,22,97615070.41999999
can,LV,2022-07-01 00:00:00,S,148,92069560.59
can,LV,2022-07-01 00:00:00,U,214,92485981.58000001
can,LV,2022-07-01 00:00:00,W,31,137047790.95000002
can,LV,2022-08-01 00:00:00,S,162,160773053.00999996
can,LV,2022-08-01 00:00:00,U,254,111691186.79
can,LV,2022-08-01 00:00:00,W,21,62096455.99
can,LV,2022-09-01 00:00:00,S,166,88409161.62
can,LV,2022-09-01 00:00:00,U,218,109537402.59999998
can,LV,2022-09-01 00:00:00,W,17,76279134.19000001
can,LV,2022-10-01 00:00:00,S,195,305454845.63
can,LV,2022-10-01 00:00:00,U,294,166725573.18
can,LV,2022-10-01 00:00:00,W,38,403682006.46000004
can,LV,2022-11-01 00:00:00,S,197,83892820.17999999
can,LV,2022-11-01 00:00:00,U,258,56538532.32999999
can,LV,2022-11-01 00:00:00,W,11,29632477.75
can,LV,2022-12-01 00:00:00,S,208,337518878.74
can,LV,2022-12-01 00:00:00,U,201,104477651.80000001
can,LV,2022-12-01 00:00:00,W,28,218049773.81
can,LV,2023-01-01 00:00:00,S,196,627348307.74
can,LV,2023-01-01 00:00:00,U,254,225639614.24999997
can,LV,2023-01-01 00:00:00,W,27,42318723.47
can,LV,2023-02-01 00:00:00,S,142,812116651.22
can,LV,2023-02-01 00:00:00,U,210,56316251.77000001
can,LV,2023-02-01 00:00:00,W,18,33976738.07
can,LV,2023-03-01 00:00:00,S,153,62978804.839999996
can,LV,2023-03-01 00:00:00,U,216,167014974.43
can,LV,2023-03-01 00:00:00,W,25,45121768.55
can,LV,2023-04-01 00:00:00,S,188,188056919.69000006
can,LV,2023-04-01 00:00:00,U,190,165389946.81
can,LV,2023-04-01 00:00:00,W,38,88688236.15
can,LV,2023-05-01 00:00:00,S,136,188916581.88
can,LV,2023-05-01 00:00:00,U,164,94532670.13000001
can,LV,2023-05-01 00:00:00,W,33,189663790.65
can,LV,2023-06-01 00:00:00,S,176,436285997.63000005
can,LV,2023-06-01 00:00:00,U,182,122521383.01
can,LV,2023-06-01 00:00:00,W,40,30448207.220000003
can,LV,2023-07-01 00:00:00,S,212,97046329.42
can,LV,2023-07-01 00:00:00,U,290,222562327.39999995
can,LV,2023-07-01 00:00:00,W,48,172093536.33
can,LV,2023-08-01 00:00:00,S,192,327974230.77000004
can,LV,2023-08-01 00:00:00,U,275,138970766.2
can,LV,2023-08-01 00:00:00,W,39,6968574.65
can,LV,2023-09-01 00:00:00,S,207,207089736.31
can,LV,2023-09-01 00:00:00,U,276,100173917.15
can,LV,2023-09-01 00:00:00,W,37,109423779.31999998
can,MK,2016-01-01 00:00:00,S,17,2261718.45
can,MK,2016-01-01 00:00:00,U,44,7614031.31
can,MK,2016-01-01 00:00:00,W,17,23836356.620000005
can,MK,2016-02-01 00:00:00,S,10,1260116.5
can,MK,2016-02-01 00:00:00,U,28,4424352.36
can,MK,2016-02-01 00:00:00,W,8,654026.53
can,MK,2016-03-01 00:00:00,S,15,3175137.5800000005
can,MK,2016-03-01 00:00:00,U,36,4776457.21
can,MK,2016-03-01 00:00:00,W,18,4864764.300000001
can,MK,2016-04-01 00:00:00,S,20,2682523.2600000002
can,MK,2016-04-01 00:00:00,U,26,6734697.279999999
can,MK,2016-04-01 00:00:00,W,10,4698917.2700000005
can,MK,2016-05-01 00:00:00,S,21,1521753.6600000001
can,MK,2016-05-01 00:00:00,U,35,26980025.490000006
can,MK,2016-05-01 00:00:00,W,10,3004929.75
can,MK,2016-06-01 00:00:00,S,22,7954999.66
can,MK,2016-06-01 00:00:00,U,32,16296501.14
can,MK,2016-06-01 00:00:00,W,16,30695645.29
can,MK,2016-07-01 00:00:00,S,23,4253235.74
can,MK,2016-07-01 00:00:00,U,27,5183282.31
can,MK,2016-07-01 00:00:00,W,7,2693628.5000000005
can,MK,2016-08-01 00:00:00,S,20,3474953.33
can,MK,2016-08-01 00:00:00,U,37,7091497.5
can,MK,2016-08-01 00:00:00,W,8,4365459.78
can,MK,2016-09-01 00:00:00,S,8,1072376.38
can,MK,2016-09-01 00:00:00,U,43,28696080.57
can,MK,2016-09-01 00:00:00,W,10,6837573.080000001
can,MK,2016-10-01 00:00:00,S,20,3624616.6399999997
can,MK,2016-10-01 00:00:00,U,32,12946194.619999997
can,MK,2016-10-01 00:00:00,W,3,639936.6699999999
can,MK,2016-11-01 00:00:00,S,24,5739925.64
can,MK,2016-11-01 00:00:00,U,39,7087445.890000001
can,MK,2016-11-01 00:00:00,W,16,69289760.59
can,MK,2016-12-01 00:00:00,S,14,2741438.6399999997
can,MK,2016-12-01 00:00:00,U,31,2907345.9099999997
can,MK,2016-12-01 00:00:00,W,12,39361448.739999995
can,MK,2017-01-01 00:00:00,S,17,2709079.34
can,MK,2017-01-01 00:00:00,U,36,4399406.1
can,MK,2017-01-01 00:00:00,W,20,8980384.08
can,MK,2017-02-01 00:00:00,S,13,3801535.54
can,MK,2017-02-01 00:00:00,U,31,4946837.380000001
can,MK,2017-02-01 00:00:00,W,2,705526.6
can,MK,2017-03-01 00:00:00,S,17,2456700.29
can,MK,2017-03-01 00:00:00,U,38,7411253.970000001
can,MK,2017-03-01 00:00:00,W,8,3713921.35
can,MK,2017-04-01 00:00:00,S,10,1224705.0299999998
can,MK,2017-04-01 00:00:00,U,28,5425855.300000001
can,MK,2017-04-01 00:00:00,W,5,15104273.300000003
can,MK,2017-05-01 00:00:00,S,12,6961395.319999999
can,MK,2017-05-01 00:00:00,U,15,1997836.0099999998
can,MK,2017-05-01 00:00:00,W,10,7320285.53
can,MK,2017-06-01 00:00:00,S,13,3478886.3899999997
can,MK,2017-06-01 00:00:00,U,25,8528195.23
can,MK,2017-06-01 00:00:00,W,1,389449.64
can,MK,2017-07-01 00:00:00,S,19,4208964.87
can,MK,2017-07-01 00:00:00,U,30,8840349.04
can,MK,2017-07-01 00:00:00,W,7,2652184.77
can,MK,2017-08-01 00:00:00,S,17,4159265.6099999994
can,MK,2017-08-01 00:00:00,U,21,1488266.2600000002
can,MK,2017-08-01 00:00:00,W,5,3641813.0900000003
can,MK,2017-09-01 00:00:00,S,9,990966.01
can,MK,2017-09-01 00:00:00,U,34,4951304.03
can,MK,2017-09-01 00:00:00,W,8,941750.84
can,MK,2017-10-01 00:00:00,S,9,809133.37
can,MK,2017-10-01 00:00:00,U,41,28723558.750000007
can,MK,2017-10-01 00:00:00,W,8,4242454.07
can,MK,2017-11-01 00:00:00,S,12,907788.3699999999
can,MK,2017-11-01 00:00:00,U,42,20657620.7
can,MK,2017-11-01 00:00:00,W,7,1213630.74
can,MK,2017-12-01 00:00:00,S,14,1337594.6599999997
can,MK,2017-12-01 00:00:00,U,43,8866831.43
can,MK,2017-12-01 00:00:00,W,2,194885.24
can,MK,2018-01-01 00:00:00,S,6,635768.77
can,MK,2018-01-01 00:00:00,U,27,8045979.909999999
can,MK,2018-01-01 00:00:00,W,2,
can,MK,2018-02-01 00:00:00,S,10,4409049.6
can,MK,2018-02-01 00:00:00,U,40,4961562.069999999
can,MK,2018-02-01 00:00:00,W,5,990295.3999999999
can,MK,2018-03-01 00:00:00,S,13,2142105.3899999997
can,MK,2018-03-01 00:00:00,U,45,5182309.180000001
can,MK,2018-03-01 00:00:00,W,7,2089298.9300000002
can,MK,2018-04-01 00:00:00,S,16,1471530.9299999997
can,MK,2018-04-01 00:00:00,U,19,5794956.900000001
can,MK,2018-04-01 00:00:00,W,1,85146.79
can,MK,2018-05-01 00:00:00,S,19,830030.11
can,MK,2018-05-01 00:00:00,U,42,5308043.800000001
can,MK,2018-05-01 00:00:00,W,9,6646155.129999999
can,MK,2018-06-01 00:00:00,S,11,9632870.010000002
can,MK,2018-06-01 00:00:00,U,30,5651653.22
can,MK,2018-06-01 00:00:00,W,2,147108.54
can,MK,2018-07-01 00:00:00,S,19,1704451.1800000006
can,MK,2018-07-01 00:00:00,U,37,6324307.63
can,MK,2018-07-01 00:00:00,W,9,118070946.45
can,MK,2018-08-01 00:00:00,S,25,6142024.9
can,MK,2018-08-01 00:00:00,U,35,9332364.98
can,MK,2018-08-01 00:00:00,W,9,3265884.6999999997
can,MK,2018-09-01 00:00:00,S,22,6422845.23
can,MK,2018-09-01 00:00:00,U,32,22199819.959999997
can,MK,2018-09-01 00:00:00,W,6,3868076.08
can,MK,2018-10-01 00:00:00,S,22,11741769.19
can,MK,2018-10-01 00:00:00,U,40,28682862.700000007
can,MK,2018-10-01 00:00:00,W,4,1573182.69
can,MK,2018-11-01 00:00:00,S,15,1607360.3399999999
can,MK,2018-11-01 00:00:00,U,43,8334475.879999999
can,MK,2018-11-01 00:00:00,W,4,3512580.25
can,MK,2018-12-01 00:00:00,S,19,2960720.1799999997
can,MK,2018-12-01 00:00:00,U,49,51342920.910000004
can,MK,2018-12-01 00:00:00,W,9,2252957.65
can,MK,2019-01-01 00:00:00,S,17,1765362.17
can,MK,2019-01-01 00:00:00,U,32,9413539.749999998
can,MK,2019-01-01 00:00:00,W,9,1795666.6
can,MK,2019-02-01 00:00:00,S,14,5837520.25
can,MK,2019-02-01 00:00:00,U,43,19462780.130000003
can,MK,2019-02-01 00:00:00,W,9,8481760.64
can,MK,2019-03-01 00:00:00,S,10,1310360.15
can,MK,2019-03-01 00:00:00,U,41,12651587.160000002
can,MK,2019-03-01 00:00:00,W,4,17366244.04
can,MK,2019-04-01 00:00:00,S,27,31327610.28
can,MK,2019-04-01 00:00:00,U,29,8536495.780000001
can,MK,2019-04-01 00:00:00,W,7,10948889.28
can,MK,2019-05-01 00:00:00,S,17,1886747.26
can,MK,2019-05-01 00:00:00,U,40,29083543.779999997
can,MK,2019-05-01 00:00:00,W,10,3966144.5700000003
can,MK,2019-06-01 00:00:00,S,6,18557802.060000002
can,MK,2019-06-01 00:00:00,U,33,79013973.65999998
can,MK,2019-06-01 00:00:00,W,3,1730391.0100000002
can,MK,2019-07-01 00:00:00,S,17,70439545.30000001
can,MK,2019-07-01 00:00:00,U,48,61596925.890000015
can,MK,2019-07-01 00:00:00,W,11,398539912.00000006
can,MK,2019-08-01 00:00:00,S,15,4842438.09
can,MK,2019-08-01 00:00:00,U,20,12429387.909999998
can,MK,2019-08-01 00:00:00,W,2,847542.5
can,MK,2019-09-01 00:00:00,S,13,4404494.860000001
can,MK,2019-09-01 00:00:00,U,39,8953225.42
can,MK,2019-09-01 00:00:00,W,1,316554.48
can,MK,2019-10-01 00:00:00,S,9,4193123.8799999994
can,MK,2019-10-01 00:00:00,U,42,19036908.639999997
can,MK,2019-10-01 00:00:00,W,4,9172396.17
can,MK,2019-11-01 00:00:00,S,7,502636.44999999995
can,MK,2019-11-01 00:00:00,U,21,46271113.5
can,MK,2019-12-01 00:00:00,S,10,1460739.94
can,MK,2019-12-01 00:00:00,U,25,25080141.29
can,MK,2019-12-01 00:00:00,W,1,709934.37
can,MK,2020-01-01 00:00:00,S,5,1629473.2999999998
can,MK,2020-01-01 00:00:00,U,21,4392758.59
can,MK,2020-01-01 00:00:00,W,2,358102.98
can,MK,2020-02-01 00:00:00,S,18,28211318.59
can,MK,2020-02-01 00:00:00,U,22,3037503.65
can,MK,2020-02-01 00:00:00,W,4,31350091.28
can,MK,2020-03-01 00:00:00,S,6,611474.59
can,MK,2020-03-01 00:00:00,U,13,2672421.0300000003
can,MK,2020-04-01 00:00:00,S,7,749054.1499999999
can,MK,2020-04-01 00:00:00,U,13,1957780.5
can,MK,2020-05-01 00:00:00,S,6,977054.27
can,MK,2020-05-01 00:00:00,U,19,11529617.61
can,MK,2020-06-01 00:00:00,S,10,1683079.78
can,MK,2020-06-01 00:00:00,U,34,12493489.74
can,MK,2020-07-01 00:00:00,S,4,1113539.54
can,MK,2020-07-01 00:00:00,U,15,7522790.34
can,MK,2020-08-01 00:00:00,S,6,1572554.9499999997
can,MK,2020-08-01 00:00:00,U,16,14877696.92
can,MK,2020-08-01 00:00:00,W,1,1945107.1
can,MK,2020-09-01 00:00:00,S,8,1834659.8599999999
can,MK,2020-09-01 00:00:00,U,17,21354045.759999998
can,MK,2020-10-01 00:00:00,S,4,518847.89
can,MK,2020-10-01 00:00:00,U,13,6548453.84
can,MK,2020-10-01 00:00:00,W,1,474146325.0
can,MK,2020-11-01 00:00:00,S,4,326164.86
can,MK,2020-11-01 00:00:00,U,14,3555745.42
can,MK,2020-12-01 00:00:00,S,5,552511.39
can,MK,2020-12-01 00:00:00,U,10,3612177.0000000005
can,MK,2021-01-01 00:00:00,S,5,901808.23
can,MK,2021-01-01 00:00:00,U,16,2195559.36
can,MK,2021-02-01 00:00:00,S,9,2109121.9299999997
can,MK,2021-02-01 00:00:00,U,14,9821438.22
can,MK,2021-03-01 00:00:00,S,7,1761864.73
can,MK,2021-03-01 00:00:00,U,15,3129393.6399999997
can,MK,2021-04-01 00:00:00,S,9,1831038.82
can,MK,2021-04-01 00:00:00,U,25,4081322.1
can,MK,2021-04-01 00:00:00,W,1,
can,MK,2021-05-01 00:00:00,S,6,39437390.5
can,MK,2021-05-01 00:00:00,U,14,2626242.29
can,MK,2021-06-01 00:00:00,S,9,1730522.7200000002
can,MK,2021-06-01 00:00:00,U,15,23158520.500000004
can,MK,2021-07-01 00:00:00,S,12,10603603.32
can,MK,2021-07-01 00:00:00,U,20,9070126.680000002
can,MK,2021-08-01 00:00:00,S,2,892335.66
can,MK,2021-08-01 00:00:00,U,11,13859762.6
can,MK,2021-08-01 00:00:00,W,1,15655232.09
can,MK,2021-09-01 00:00:00,S,7,7352615.51
can,MK,2021-09-01 00:00:00,U,21,5588705.139999999
can,MK,2021-10-01 00:00:00,S,10,10129507.35
can,MK,2021-10-01 00:00:00,U,14,4083074.12
can,MK,2021-10-01 00:00:00,W,5,23934663.28
can,MK,2021-11-01 00:00:00,S,8,1813127.99
can,MK,2021-11-01 00:00:00,U,12,11397534.72
can,MK,2021-11-01 00:00:00,W,1,1613566.03
can,MK,2021-12-01 00:00:00,S,5,526433.51
can,MK,2021-12-01 00:00:00,U,11,36699670.91
can,MK,2021-12-01 00:00:00,W,1,2486171.0
can,MK,2022-01-01 00:00:00,S,5,378108.64
can,MK,2022-01-01 00:00:00,U,7,805385.0700000001
can,MK,2022-01-01 00:00:00,W,2,2138212.6
can,MK,2022-02-01 00:00:00,S,9,1780293.3800000001
can,MK,2022-02-01 00:00:00,U,26,7078275.23
can,MK,2022-02-01 00:00:00,W,3,3581612.34
can,MK,2022-03-01 00:00:00,S,11,2624342.16
can,MK,2022-03-01 00:00:00,U,19,13902833.110000001
can,MK,2022-04-01 00:00:00,S,7,1887577.22
can,MK,2022-04-01 00:00:00,U,23,6742617.3
can,MK,2022-05-01 00:00:00,S,10,823322.1499999999
can,MK,2022-05-01 00:00:00,U,17,3184849.0200000005
can,MK,2022-05-01 00:00:00,W,1,0.0
can,MK,2022-06-01 00:00:00,S,5,571974.77
can,MK,2022-06-01 00:00:00,U,24,14128951.300000003
can,MK,2022-07-01 00:00:00,S,8,1668881.4300000002
can,MK,2022-07-01 00:00:00,U,12,21562223.5
can,MK,2022-08-01 00:00:00,S,14,2167238.0100000002
can,MK,2022-08-01 00:00:00,U,17,10176003.64
can,MK,2022-09-01 00:00:00,S,5,1351995.69
can,MK,2022-09-01 00:00:00,U,22,3899075.0800000005
can,MK,2022-09-01 00:00:00,W,1,19469141.41
can,MK,2022-10-01 00:00:00,S,7,1377533.88
can,MK,2022-10-01 00:00:00,U,13,127528568.63999999
can,MK,2022-11-01 00:00:00,S,15,3947363.09
can,MK,2022-11-01 00:00:00,U,28,9534739.48
can,MK,2022-12-01 00:00:00,S,3,825900.3200000001
can,MK,2022-12-01 00:00:00,U,18,6374861.16
can,MK,2023-01-01 00:00:00,S,4,4289883.12
can,MK,2023-01-01 00:00:00,U,18,2110092.12
can,MK,2023-01-01 00:00:00,W,2,2338240.48
can,MK,2023-02-01 00:00:00,S,7,26446878.080000002
can,MK,2023-02-01 00:00:00,U,10,829467.22
can,MK,2023-02-01 00:00:00,W,1,9708608.78
can,MK,2023-03-01 00:00:00,S,16,5989647.95
can,MK,2023-03-01 00:00:00,U,20,4372350.64
can,MK,2023-03-01 00:00:00,W,1,0.0
can,MK,2023-04-01 00:00:00,S,6,7212253.84
can,MK,2023-04-01 00:00:00,U,22,8329578.059999999
can,MK,2023-04-01 00:00:00,W,1,184534856.29
can,MK,2023-05-01 00:00:00,S,7,1333483.15
can,MK,2023-05-01 00:00:00,U,18,7368436.92
can,MK,2023-05-01 00:00:00,W,1,1947331.18
can,MK,2023-06-01 00:00:00,S,13,15313435.74
can,MK,2023-06-01 00:00:00,U,23,6303361.55
can,MK,2023-06-01 00:00:00,W,1,16078463.71
can,MK,2023-07-01 00:00:00,S,12,2388376.76
can,MK,2023-07-01 00:00:00,U,20,20021780.59
can,MK,2023-07-01 00:00:00,W,1,9728277.6
can,MK,2023-08-01 00:00:00,S,5,2594330.67
can,MK,2023-08-01 00:00:00,U,18,13826911.27
can,MK,2023-08-01 00:00:00,W,1,0.0
can,MK,2023-09-01 00:00:00,S,11,6084654.42
can,MK,2023-09-01 00:00:00,U,20,21602634.919999998
can,MK,2023-09-01 00:00:00,W,1,10342827.49
can,MT,2016-01-01 00:00:00,S,5,343597.05
can,MT,2016-01-01 00:00:00,U,12,3292561.44
can,MT,2016-01-01 00:00:00,W,3,3123533.56
can,MT,2016-02-01 00:00:00,S,6,8401694.65
can,MT,2016-02-01 00:00:00,U,13,5451574.550000001
can,MT,2016-02-01 00:00:00,W,3,293956.58
can,MT,2016-03-01 00:00:00,S,14,6529737.620000001
can,MT,2016-03-01 00:00:00,U,19,12703599.279999997
can,MT,2016-03-01 00:00:00,W,14,2878908.93
can,MT,2016-04-01 00:00:00,S,4,2653490.71
can,MT,2016-04-01 00:00:00,U,32,8837129.62
can,MT,2016-04-01 00:00:00,W,12,3172088.2799999993
can,MT,2016-05-01 00:00:00,S,13,2159058.23
can,MT,2016-05-01 00:00:00,U,10,3570230.4999999995
can,MT,2016-05-01 00:00:00,W,8,1961770.02
can,MT,2016-06-01 00:00:00,S,7,20096661.0
can,MT,2016-06-01 00:00:00,U,12,3875345.4899999993
can,MT,2016-06-01 00:00:00,W,4,698486.11
can,MT,2016-07-01 00:00:00,S,4,644481.76
can,MT,2016-07-01 00:00:00,U,3,999278.4099999999
can,MT,2016-07-01 00:00:00,W,8,1601033.71
can,MT,2016-08-01 00:00:00,S,5,1651435.0
can,MT,2016-08-01 00:00:00,U,9,3043667.6
can,MT,2016-08-01 00:00:00,W,6,573275.09
can,MT,2016-09-01 00:00:00,S,8,1028485.0
can,MT,2016-09-01 00:00:00,U,8,11229965.04
can,MT,2016-09-01 00:00:00,W,3,208421.47
can,MT,2016-10-01 00:00:00,S,4,678150.0
can,MT,2016-10-01 00:00:00,U,10,1487066.0
can,MT,2016-10-01 00:00:00,W,9,1599752.95
can,MT,2016-11-01 00:00:00,S,13,1171238.5
can,MT,2016-11-01 00:00:00,U,16,6655015.03
can,MT,2016-11-01 00:00:00,W,5,806438.0599999999
can,MT,2016-12-01 00:00:00,S,5,1220858.28
can,MT,2016-12-01 00:00:00,U,5,958150.9299999999
can,MT,2016-12-01 00:00:00,W,5,10148610.200000001
can,MT,2017-01-01 00:00:00,S,6,384866.0
can,MT,2017-01-01 00:00:00,U,8,5160801.53
can,MT,2017-01-01 00:00:00,W,8,1792385.37
can,MT,2017-02-01 00:00:00,S,12,200820423.38
can,MT,2017-02-01 00:00:00,U,20,6065907.3
can,MT,2017-02-01 00:00:00,W,7,301596805.65
can,MT,2017-03-01 00:00:00,S,5,2460002.3600000003
can,MT,2017-03-01 00:00:00,U,40,1828603.0
can,MT,2017-03-01 00:00:00,W,1,0.0
can,MT,2017-04-01 00:00:00,S,6,36113669.6
can,MT,2017-04-01 00:00:00,U,49,904325.4600000001
can,MT,2017-04-01 00:00:00,W,2,0.0
can,MT,2017-05-01 00:00:00,S,21,6257271.74
can,MT,2017-05-01 00:00:00,U,33,2068016.9
can,MT,2017-05-01 00:00:00,W,18,9556223.03
can,MT,2017-06-01 00:00:00,S,7,1530437.6
can,MT,2017-06-01 00:00:00,U,25,7900755.140000001
can,MT,2017-06-01 00:00:00,W,4,1506311.92
can,MT,2017-07-01 00:00:00,S,13,1144561.53
can,MT,2017-07-01 00:00:00,U,25,1358673.1199999999
can,MT,2017-07-01 00:00:00,W,6,2666573.24
can,MT,2017-08-01 00:00:00,S,19,2575402.48
can,MT,2017-08-01 00:00:00,U,26,81687298.5
can,MT,2017-08-01 00:00:00,W,7,704431.5800000001
can,MT,2017-09-01 00:00:00,S,46,17978321.73
can,MT,2017-09-01 00:00:00,U,59,794509639.6299999
can,MT,2017-09-01 00:00:00,W,24,8097505.9
can,MT,2017-10-01 00:00:00,S,21,29135081.47
can,MT,2017-10-01 00:00:00,U,47,5786143.58
can,MT,2017-10-01 00:00:00,W,19,1314448.78
can,MT,2017-11-01 00:00:00,S,26,2743306.4
can,MT,2017-11-01 00:00:00,U,35,5111218.56
can,MT,2017-11-01 00:00:00,W,13,12329289.74
can,MT,2017-12-01 00:00:00,S,11,10173985.700000001
can,MT,2017-12-01 00:00:00,U,14,2336953.7
can,MT,2017-12-01 00:00:00,W,8,806679.02
can,MT,2018-01-01 00:00:00,S,21,1920493.96
can,MT,2018-01-01 00:00:00,U,26,5896173.830000001
can,MT,2018-01-01 00:00:00,W,9,9548559.69
can,MT,2018-02-01 00:00:00,S,28,9734667.08
can,MT,2018-02-01 00:00:00,U,33,8681081.11
can,MT,2018-02-01 00:00:00,W,16,3566836.89
can,MT,2018-03-01 00:00:00,S,23,132385455.14
can,MT,2018-03-01 00:00:00,U,46,17575883.09
can,MT,2018-03-01 00:00:00,W,23,11472729.46
can,MT,2018-04-01 00:00:00,S,17,3566067.82
can,MT,2018-04-01 00:00:00,U,28,17594127.200000003
can,MT,2018-04-01 00:00:00,W,17,3531426.6
can,MT,2018-05-01 00:00:00,S,23,10765001.290000001
can,MT,2018-05-01 00:00:00,U,28,17562752.36
can,MT,2018-05-01 00:00:00,W,14,6933196.71
can,MT,2018-06-01 00:00:00,S,14,8246762.35
can,MT,2018-06-01 00:00:00,U,19,10064897.120000001
can,MT,2018-06-01 00:00:00,W,5,5041413.85
can,MT,2018-07-01 00:00:00,S,19,4151548.58
can,MT,2018-07-01 00:00:00,U,27,18484151.549999997
can,MT,2018-07-01 00:00:00,W,14,68245520.91000001
can,MT,2018-08-01 00:00:00,S,28,8768890.129999999
can,MT,2018-08-01 00:00:00,U,31,12287748.489999998
can,MT,2018-08-01 00:00:00,W,13,6242241.32
can,MT,2018-09-01 00:00:00,S,19,37187841.900000006
can,MT,2018-09-01 00:00:00,U,29,10746211.72
can,MT,2018-09-01 00:00:00,W,9,6729699.71
can,MT,2018-10-01 00:00:00,S,26,32519649.45
can,MT,2018-10-01 00:00:00,U,40,74816297.7
can,MT,2018-10-01 00:00:00,W,16,29086553.94
can,MT,2018-11-01 00:00:00,S,24,6775615.49
can,MT,2018-11-01 00:00:00,U,29,13444469.54
can,MT,2018-11-01 00:00:00,W,17,35068255.15
can,MT,2018-12-01 00:00:00,S,25,8195466.2
can,MT,2018-12-01 00:00:00,U,30,26620677.9
can,MT,2018-12-01 00:00:00,W,7,28389400.34
can,MT,2019-01-01 00:00:00,S,28,82626859.19
can,MT,2019-01-01 00:00:00,U,26,16968283.62
can,MT,2019-01-01 00:00:00,W,16,172457466.46
can,MT,2019-02-01 00:00:00,S,15,301662340.82
can,MT,2019-02-01 00:00:00,U,27,10545003.08
can,MT,2019-02-01 00:00:00,W,2,5449224.37
can,MT,2019-03-01 00:00:00,S,19,3859397.62
can,MT,2019-03-01 00:00:00,U,27,5669019.84
can,MT,2019-03-01 00:00:00,W,39,14696879.48
can,MT,2019-04-01 00:00:00,S,27,22171601.09
can,MT,2019-04-01 00:00:00,U,33,32111298.13
can,MT,2019-04-01 00:00:00,W,10,3466834.2
can,MT,2019-05-01 00:00:00,S,24,17865733.59
can,MT,2019-05-01 00:00:00,U,35,14386501.83
can,MT,2019-05-01 00:00:00,W,1,
can,MT,2019-06-01 00:00:00,S,17,8677264.8
can,MT,2019-06-01 00:00:00,U,42,18120012.979999997
can,MT,2019-06-01 00:00:00,W,3,1787007.82
can,MT,2019-07-01 00:00:00,S,24,107389999.96
can,MT,2019-07-01 00:00:00,U,32,7928187.5200000005
can,MT,2019-07-01 00:00:00,W,6,566979.9
can,MT,2019-08-01 00:00:00,S,15,1243104.2799999998
can,MT,2019-08-01 00:00:00,U,16,2576317.1900000004
can,MT,2019-08-01 00:00:00,W,2,138901.05
can,MT,2019-09-01 00:00:00,S,24,39440573.550000004
can,MT,2019-09-01 00:00:00,U,26,15032833.5
can,MT,2019-09-01 00:00:00,W,10,77991990.33999999
can,MT,2019-10-01 00:00:00,S,21,40534585.75
can,MT,2019-10-01 00:00:00,U,37,9501500.85
can,MT,2019-10-01 00:00:00,W,9,3824998.98
can,MT,2019-11-01 00:00:00,S,19,3527236.0
can,MT,2019-11-01 00:00:00,U,28,8962058.399999999
can,MT,2019-11-01 00:00:00,W,6,18222644.43
can,MT,2019-12-01 00:00:00,S,16,6659250.790000001
can,MT,2019-12-01 00:00:00,U,16,7179752.49
can,MT,2020-01-01 00:00:00,S,20,92798109.74999999
can,MT,2020-01-01 00:00:00,U,18,5113148.13
can,MT,2020-01-01 00:00:00,W,1,153310.0
can,MT,2020-02-01 00:00:00,S,11,15259602.34
can,MT,2020-02-01 00:00:00,U,20,17839147.04
can,MT,2020-02-01 00:00:00,W,5,354871.44
can,MT,2020-03-01 00:00:00,S,20,223957245.60999998
can,MT,2020-03-01 00:00:00,U,14,3197615.6
can,MT,2020-03-01 00:00:00,W,1,1550838.11
can,MT,2020-04-01 00:00:00,S,15,2083448.7799999998
can,MT,2020-04-01 00:00:00,U,16,11980180.41
can,MT,2020-04-01 00:00:00,W,2,184967.35
can,MT,2020-05-01 00:00:00,S,16,17041167.64
can,MT,2020-05-01 00:00:00,U,8,5086095.75
can,MT,2020-05-01 00:00:00,W,2,10307088.56
can,MT,2020-06-01 00:00:00,S,12,9140726.139999999
can,MT,2020-06-01 00:00:00,U,15,6030773.629999999
can,MT,2020-06-01 00:00:00,W,3,22008300.15
can,MT,2020-07-01 00:00:00,S,14,3145673.94
can,MT,2020-07-01 00:00:00,U,13,14048607.24
can,MT,2020-07-01 00:00:00,W,4,3782836.01
can,MT,2020-08-01 00:00:00,S,13,47573895.18
can,MT,2020-08-01 00:00:00,U,17,7601449.449999999
can,MT,2020-08-01 00:00:00,W,1,0.0
can,MT,2020-09-01 00:00:00,S,12,3668334.5999999996
can,MT,2020-09-01 00:00:00,U,22,4002929.82
can,MT,2020-10-01 00:00:00,S,13,3858122.1799999997
can,MT,2020-10-01 00:00:00,U,26,11019855.09
can,MT,2020-10-01 00:00:00,W,1,33200378.8
can,MT,2020-11-01 00:00:00,S,10,5926880.08
can,MT,2020-11-01 00:00:00,U,24,8210456.050000001
can,MT,2020-11-01 00:00:00,W,1,17959121.44
can,MT,2020-12-01 00:00:00,S,17,8528097.07
can,MT,2020-12-01 00:00:00,U,12,3080154.1
can,MT,2020-12-01 00:00:00,W,1,9237148.39
can,MT,2021-01-01 00:00:00,S,15,6946857.399999999
can,MT,2021-01-01 00:00:00,U,32,11022471.41
can,MT,2021-01-01 00:00:00,W,3,7196600.0
can,MT,2021-02-01 00:00:00,S,14,16833419.1
can,MT,2021-02-01 00:00:00,U,23,7554713.5600000005
can,MT,2021-02-01 00:00:00,W,3,25013122.17
can,MT,2021-03-01 00:00:00,S,14,8843473.5
can,MT,2021-03-01 00:00:00,U,11,9997516.81
can,MT,2021-03-01 00:00:00,W,6,10874688.98
can,MT,2021-04-01 00:00:00,S,16,4081562.87
can,MT,2021-04-01 00:00:00,U,29,4983119.72
can,MT,2021-05-01 00:00:00,S,20,5975081.340000001
can,MT,2021-05-01 00:00:00,U,32,7185051.77
can,MT,2021-06-01 00:00:00,S,18,91530625.92
can,MT,2021-06-01 00:00:00,U,28,8374173.43
can,MT,2021-06-01 00:00:00,W,5,17606208.85
can,MT,2021-07-01 00:00:00,S,16,7800557.27
can,MT,2021-07-01 00:00:00,U,34,12785048.2
can,MT,2021-07-01 00:00:00,W,4,1061441.57
can,MT,2021-08-01 00:00:00,S,15,113756640.32
can,MT,2021-08-01 00:00:00,U,24,9787596.399999999
can,MT,2021-08-01 00:00:00,W,2,96458.0
can,MT,2021-09-01 00:00:00,S,16,9370024.83
can,MT,2021-09-01 00:00:00,U,21,22144948.32
can,MT,2021-09-01 00:00:00,W,3,133000.0
can,MT,2021-10-01 00:00:00,S,22,82594251.09
can,MT,2021-10-01 00:00:00,U,22,5847655.49
can,MT,2021-10-01 00:00:00,W,5,12094138.68
can,MT,2021-11-01 00:00:00,S,18,9037174.969999999
can,MT,2021-11-01 00:00:00,U,24,6055956.03
can,MT,2021-11-01 00:00:00,W,7,8940257.3
can,MT,2021-12-01 00:00:00,S,24,30405830.509999998
can,MT,2021-12-01 00:00:00,U,24,99498960.48
can,MT,2021-12-01 00:00:00,W,7,6666951.289999999
can,MT,2022-01-01 00:00:00,S,19,60121706.78
can,MT,2022-01-01 00:00:00,U,29,3897938.42
can,MT,2022-01-01 00:00:00,W,6,9805842.01
can,MT,2022-02-01 00:00:00,S,18,55147965.67
can,MT,2022-02-01 00:00:00,U,30,16822560.98
can,MT,2022-02-01 00:00:00,W,6,535500.0
can,MT,2022-03-01 00:00:00,S,28,45214475.47
can,MT,2022-03-01 00:00:00,U,46,18283619.52
can,MT,2022-03-01 00:00:00,W,8,2023726.4700000002
can,MT,2022-04-01 00:00:00,S,16,18054571.42
can,MT,2022-04-01 00:00:00,U,33,9422427.8
can,MT,2022-04-01 00:00:00,W,4,10024733.709999999
can,MT,2022-05-01 00:00:00,S,27,20244400.53
can,MT,2022-05-01 00:00:00,U,31,13183469.27
can,MT,2022-05-01 00:00:00,W,6,25867338.619999997
can,MT,2022-06-01 00:00:00,S,31,25162694.68
can,MT,2022-06-01 00:00:00,U,31,6044243.75
can,MT,2022-06-01 00:00:00,W,6,643578.71
can,MT,2022-07-01 00:00:00,S,24,12604938.09
can,MT,2022-07-01 00:00:00,U,30,7359128.88
can,MT,2022-07-01 00:00:00,W,6,5526446.0200000005
can,MT,2022-08-01 00:00:00,S,36,135081664.27
can,MT,2022-08-01 00:00:00,U,39,13875112.47
can,MT,2022-08-01 00:00:00,W,7,1222912.35
can,MT,2022-09-01 00:00:00,S,13,8954250.43
can,MT,2022-09-01 00:00:00,U,37,17605992.009999998
can,MT,2022-09-01 00:00:00,W,2,665320.47
can,MT,2022-10-01 00:00:00,S,40,27050516.97
can,MT,2022-10-01 00:00:00,U,36,23007765.46
can,MT,2022-10-01 00:00:00,W,5,6017680.29
can,MT,2022-11-01 00:00:00,S,25,62641756.48
can,MT,2022-11-01 00:00:00,U,29,25849151.659999996
can,MT,2022-11-01 00:00:00,W,8,56590195.12
can,MT,2022-12-01 00:00:00,S,31,59087470.51
can,MT,2022-12-01 00:00:00,U,15,1511715.5199999998
can,MT,2022-12-01 00:00:00,W,1,285000.0
can,MT,2023-01-01 00:00:00,S,38,22956790.339999996
can,MT,2023-01-01 00:00:00,U,40,22539767.69
can,MT,2023-02-01 00:00:00,S,28,244936529.71999997
can,MT,2023-02-01 00:00:00,U,31,20893796.119999997
can,MT,2023-02-01 00:00:00,W,2,181000.0
can,MT,2023-03-01 00:00:00,S,25,13457826.379999999
can,MT,2023-03-01 00:00:00,U,36,32786482.54
can,MT,2023-03-01 00:00:00,W,4,7001984.79
can,MT,2023-04-01 00:00:00,S,25,17247343.94
can,MT,2023-04-01 00:00:00,U,30,5258030.4
can,MT,2023-05-01 00:00:00,S,31,199321315.41000003
can,MT,2023-05-01 00:00:00,U,33,25665818.810000002
can,MT,2023-05-01 00:00:00,W,5,14879247.02
can,MT,2023-06-01 00:00:00,S,32,53312776.75
can,MT,2023-06-01 00:00:00,U,46,14491230.650000002
can,MT,2023-06-01 00:00:00,W,4,7514320.53
can,MT,2023-07-01 00:00:00,S,35,10919450.129999999
can,MT,2023-07-01 00:00:00,U,38,14741566.270000003
can,MT,2023-07-01 00:00:00,W,2,725742.09
can,MT,2023-08-01 00:00:00,S,34,86963530.42999999
can,MT,2023-08-01 00:00:00,U,32,16022725.990000002
can,MT,2023-09-01 00:00:00,S,24,166242761.36999997
can,MT,2023-09-01 00:00:00,U,49,48639364.269999996
can,MT,2023-09-01 00:00:00,W,2,0.0
can,NL,2016-01-01 00:00:00,S,372,1152966243.3199995
can,NL,2016-01-01 00:00:00,U,116,26634883.93
can,NL,2016-01-01 00:00:00,W,38,90049935.0
can,NL,2016-02-01 00:00:00,S,288,761461326.1199999
can,NL,2016-02-01 00:00:00,U,115,217577481.92999998
can,NL,2016-02-01 00:00:00,W,37,96538994.0
can,NL,2016-03-01 00:00:00,S,313,195427829.89000002
can,NL,2016-03-01 00:00:00,U,105,23615375.32
can,NL,2016-03-01 00:00:00,W,38,328817823.1
can,NL,2016-04-01 00:00:00,S,322,142287898.60000002
can,NL,2016-04-01 00:00:00,U,96,38670485.89
can,NL,2016-04-01 00:00:00,W,34,124904724.78999999
can,NL,2016-05-01 00:00:00,S,203,58892688.74
can,NL,2016-05-01 00:00:00,U,89,61693127.22
can,NL,2016-05-01 00:00:00,W,42,397313880.0
can,NL,2016-06-01 00:00:00,S,319,1721772782.0800002
can,NL,2016-06-01 00:00:00,U,134,36065736.58
can,NL,2016-06-01 00:00:00,W,35,353532166.2
can,NL,2016-07-01 00:00:00,S,263,328754241.89000005
can,NL,2016-07-01 00:00:00,U,130,1723668516.6899998
can,NL,2016-07-01 00:00:00,W,20,79409096.0
can,NL,2016-08-01 00:00:00,S,186,80474338.82
can,NL,2016-08-01 00:00:00,U,98,42634203.72
can,NL,2016-08-01 00:00:00,W,31,2861633100.0
can,NL,2016-09-01 00:00:00,S,233,920686717.78
can,NL,2016-09-01 00:00:00,U,106,266145804.82000002
can,NL,2016-09-01 00:00:00,W,20,59742148.71
can,NL,2016-10-01 00:00:00,S,275,907106585.6199999
can,NL,2016-10-01 00:00:00,U,98,370679645.9
can,NL,2016-10-01 00:00:00,W,34,52296125.760000005
can,NL,2016-11-01 00:00:00,S,276,1275670792.61
can,NL,2016-11-01 00:00:00,U,130,162346470.92
can,NL,2016-11-01 00:00:00,W,38,420287305.88
can,NL,2016-12-01 00:00:00,S,337,989559069.8700001
can,NL,2016-12-01 00:00:00,U,137,211454950.04999998
can,NL,2016-12-01 00:00:00,W,48,451702216.0
can,NL,2017-01-01 00:00:00,S,364,1146583246.2400002
can,NL,2017-01-01 00:00:00,U,151,99169608.36
can,NL,2017-01-01 00:00:00,W,39,200288507.09
can,NL,2017-02-01 00:00:00,S,297,821758681.8100001
can,NL,2017-02-01 00:00:00,U,100,145367563.90999997
can,NL,2017-02-01 00:00:00,W,50,2163306372.1800003
can,NL,2017-03-01 00:00:00,S,356,700495527.9500002
can,NL,2017-03-01 00:00:00,U,134,195883936.84000003
can,NL,2017-03-01 00:00:00,W,51,374562683.55
can,NL,2017-04-01 00:00:00,S,266,3078367971.75
can,NL,2017-04-01 00:00:00,U,110,239869794.79999998
can,NL,2017-04-01 00:00:00,W,31,413616507.67
can,NL,2017-05-01 00:00:00,S,254,468425026.5499999
can,NL,2017-05-01 00:00:00,U,114,319142443.54
can,NL,2017-05-01 00:00:00,W,39,98710517.03999999
can,NL,2017-06-01 00:00:00,S,350,363285539.76
can,NL,2017-06-01 00:00:00,U,130,68614724.28999999
can,NL,2017-06-01 00:00:00,W,30,93170843.36
can,NL,2017-07-01 00:00:00,S,301,1482891097.25
can,NL,2017-07-01 00:00:00,U,162,2000086047073.95
can,NL,2017-07-01 00:00:00,W,46,194448649.84
can,NL,2017-08-01 00:00:00,S,276,307750019.40999997
can,NL,2017-08-01 00:00:00,U,114,101249683.19000001
can,NL,2017-08-01 00:00:00,W,46,150818598.14000002
can,NL,2017-09-01 00:00:00,S,236,406644609.95000005
can,NL,2017-09-01 00:00:00,U,123,67599194.54
can,NL,2017-09-01 00:00:00,W,34,699332279.01
can,NL,2017-10-01 00:00:00,S,197,2382167044.2500005
can,NL,2017-10-01 00:00:00,U,98,153198183.21
can,NL,2017-10-01 00:00:00,W,30,214316524.9
can,NL,2017-11-01 00:00:00,S,488,814634057.99
can,NL,2017-11-01 00:00:00,U,168,109217203.16
can,NL,2017-11-01 00:00:00,W,47,165319098.85999998
can,NL,2017-12-01 00:00:00,S,367,2489292997.549999
can,NL,2017-12-01 00:00:00,U,125,98989303.97999999
can,NL,2017-12-01 00:00:00,W,29,165194905.41
can,NL,2018-01-01 00:00:00,S,479,3818205334.0
can,NL,2018-01-01 00:00:00,U,160,183161209.94
can,NL,2018-01-01 00:00:00,W,49,786811500.53
can,NL,2018-02-01 00:00:00,S,293,647314302.1800001
can,NL,2018-02-01 00:00:00,U,127,205997737.70000002
can,NL,2018-02-01 00:00:00,W,47,209470337.20999998
can,NL,2018-03-01 00:00:00,S,387,555145752.58
can,NL,2018-03-01 00:00:00,U,125,74864233.59
can,NL,2018-03-01 00:00:00,W,63,452809196.25
can,NL,2018-04-01 00:00:00,S,323,490034085.98
can,NL,2018-04-01 00:00:00,U,134,127694445.31000002
can,NL,2018-04-01 00:00:00,W,45,945968230.88
can,NL,2018-05-01 00:00:00,S,354,1409011293.17
can,NL,2018-05-01 00:00:00,U,135,208355372.04000002
can,NL,2018-05-01 00:00:00,W,37,297895599.54999995
can,NL,2018-06-01 00:00:00,S,389,202401942.01999998
can,NL,2018-06-01 00:00:00,U,142,186213542.20999998
can,NL,2018-06-01 00:00:00,W,28,1602349872.78
can,NL,2018-07-01 00:00:00,S,447,549845707.93
can,NL,2018-07-01 00:00:00,U,142,535560098.7
can,NL,2018-07-01 00:00:00,W,47,231364566.77
can,NL,2018-08-01 00:00:00,S,356,425706575.26
can,NL,2018-08-01 00:00:00,U,160,575482640.3100001
can,NL,2018-08-01 00:00:00,W,54,232709340.55
can,NL,2018-09-01 00:00:00,S,307,716482616.27
can,NL,2018-09-01 00:00:00,U,127,117231855.80000001
can,NL,2018-09-01 00:00:00,W,51,143812531.10999998
can,NL,2018-10-01 00:00:00,S,333,1044280801.9700001
can,NL,2018-10-01 00:00:00,U,162,492623371.98
can,NL,2018-10-01 00:00:00,W,59,1157776408.44
can,NL,2018-11-01 00:00:00,S,321,1059482631.6299998
can,NL,2018-11-01 00:00:00,U,167,310596746.66
can,NL,2018-11-01 00:00:00,W,42,943072742.69
can,NL,2018-12-01 00:00:00,S,379,341928532.95
can,NL,2018-12-01 00:00:00,U,142,161063126.17000002
can,NL,2018-12-01 00:00:00,W,39,249921527.61
can,NL,2019-01-01 00:00:00,S,494,2586516975.0099998
can,NL,2019-01-01 00:00:00,U,163,122000109.48
can,NL,2019-01-01 00:00:00,W,60,340399836.12
can,NL,2019-02-01 00:00:00,S,355,561834612.21
can,NL,2019-02-01 00:00:00,U,119,52381461.85
can,NL,2019-02-01 00:00:00,W,54,268618842.74
can,NL,2019-03-01 00:00:00,S,355,788507126.26
can,NL,2019-03-01 00:00:00,U,133,1000068864694.45
can,NL,2019-03-01 00:00:00,W,39,187728209.55999997
can,NL,2019-04-01 00:00:00,S,403,304397132.47
can,NL,2019-04-01 00:00:00,U,168,101826717.49
can,NL,2019-04-01 00:00:00,W,60,591687587.37
can,NL,2019-05-01 00:00:00,S,340,579794462.78
can,NL,2019-05-01 00:00:00,U,113,54136241.82
can,NL,2019-05-01 00:00:00,W,37,111752766.01
can,NL,2019-06-01 00:00:00,S,347,634924321.4899999
can,NL,2019-06-01 00:00:00,U,145,136036714.34
can,NL,2019-06-01 00:00:00,W,46,299195684.23
can,NL,2019-07-01 00:00:00,S,415,1247428979.59
can,NL,2019-07-01 00:00:00,U,185,211884109.17999998
can,NL,2019-07-01 00:00:00,W,63,467218253.82000005
can,NL,2019-08-01 00:00:00,S,335,100326816026.46999
can,NL,2019-08-01 00:00:00,U,140,209823160.43
can,NL,2019-08-01 00:00:00,W,46,188515955.64
can,NL,2019-09-01 00:00:00,S,315,1000357273170.65
can,NL,2019-09-01 00:00:00,U,138,149294437.64000002
can,NL,2019-09-01 00:00:00,W,45,239396769.07999998
can,NL,2019-10-01 00:00:00,S,353,648774987.84
can,NL,2019-10-01 00:00:00,U,132,104152421.58
can,NL,2019-10-01 00:00:00,W,38,148669149.66
can,NL,2019-11-01 00:00:00,S,330,539933108.65
can,NL,2019-11-01 00:00:00,U,152,1000845630549.83
can,NL,2019-11-01 00:00:00,W,22,319694662.59000003
can,NL,2019-12-01 00:00:00,S,413,614473016.17
can,NL,2019-12-01 00:00:00,U,162,329284725.44000006
can,NL,2019-12-01 00:00:00,W,36,812558160.22
can,NL,2020-01-01 00:00:00,S,463,11457875493.24
can,NL,2020-01-01 00:00:00,U,190,2035397722.85
can,NL,2020-01-01 00:00:00,W,43,591913904.16
can,NL,2020-02-01 00:00:00,S,351,2000651847664.5
can,NL,2020-02-01 00:00:00,U,129,106463443.64999999
can,NL,2020-02-01 00:00:00,W,32,346880052.86999995
can,NL,2020-03-01 00:00:00,S,382,1003758934463.48
can,NL,2020-03-01 00:00:00,U,133,156275818.79
can,NL,2020-03-01 00:00:00,W,43,300972474.02
can,NL,2020-04-01 00:00:00,S,353,2000406856230.1304
can,NL,2020-04-01 00:00:00,U,144,300306606.82
can,NL,2020-04-01 00:00:00,W,79,419293179.94
can,NL,2020-05-01 00:00:00,S,276,3000988341158.11
can,NL,2020-05-01 00:00:00,U,121,325921055.56000006
can,NL,2020-05-01 00:00:00,W,55,376558503.08000004
can,NL,2020-06-01 00:00:00,S,291,583612815.54
can,NL,2020-06-01 00:00:00,U,153,273157744.66
can,NL,2020-06-01 00:00:00,W,39,727980738.3799999
can,NL,2020-07-01 00:00:00,S,406,15360357218.350004
can,NL,2020-07-01 00:00:00,U,173,406579490.9600001
can,NL,2020-07-01 00:00:00,W,35,192665928.62
can,NL,2020-08-01 00:00:00,S,265,2000132305314.8003
can,NL,2020-08-01 00:00:00,U,152,975167550.9299998
can,NL,2020-08-01 00:00:00,W,26,215224314.0
can,NL,2020-09-01 00:00:00,S,329,604844996.9899999
can,NL,2020-09-01 00:00:00,U,169,181591929.04999998
can,NL,2020-09-01 00:00:00,W,45,3000158393937.0693
can,NL,2020-10-01 00:00:00,S,376,3103706461.3100004
can,NL,2020-10-01 00:00:00,U,174,185369831.52
can,NL,2020-10-01 00:00:00,W,99,367561604.34999996
can,NL,2020-11-01 00:00:00,S,458,566474148.35
can,NL,2020-11-01 00:00:00,U,178,1544690546.9599998
can,NL,2020-11-01 00:00:00,W,64,501660120.49000007
can,NL,2020-12-01 00:00:00,S,523,1170908715.47
can,NL,2020-12-01 00:00:00,U,188,504517832.16999996
can,NL,2020-12-01 00:00:00,W,51,423242939.61
can,NL,2021-01-01 00:00:00,S,474,1072279986.28
can,NL,2021-01-01 00:00:00,U,215,147657528.91
can,NL,2021-01-01 00:00:00,W,34,258962644.63
can,NL,2021-02-01 00:00:00,S,386,1286617116.8600001
can,NL,2021-02-01 00:00:00,U,150,301653733.24
can,NL,2021-02-01 00:00:00,W,32,857573124.31
can,NL,2021-03-01 00:00:00,S,400,700074217.07
can,NL,2021-03-01 00:00:00,U,159,442215346.28999996
can,NL,2021-03-01 00:00:00,W,53,597767575.0
can,NL,2021-04-01 00:00:00,S,429,2112663675.16
can,NL,2021-04-01 00:00:00,U,173,867840207.1899999
can,NL,2021-04-01 00:00:00,W,44,294578332.42
can,NL,2021-05-01 00:00:00,S,332,581730179.3700001
can,NL,2021-05-01 00:00:00,U,141,351790378.88
can,NL,2021-05-01 00:00:00,W,37,323696127.71000004
can,NL,2021-06-01 00:00:00,S,391,1449044388.79
can,NL,2021-06-01 00:00:00,U,181,317882815.34
can,NL,2021-06-01 00:00:00,W,35,251482075.55
can,NL,2021-07-01 00:00:00,S,459,4425530899.94
can,NL,2021-07-01 00:00:00,U,348,585242101.2199999
can,NL,2021-07-01 00:00:00,W,40,189615886.64
can,NL,2021-08-01 00:00:00,S,466,1018134677102.6399
can,NL,2021-08-01 00:00:00,U,264,97808750.86
can,NL,2021-08-01 00:00:00,W,46,252774309.62
can,NL,2021-09-01 00:00:00,S,403,575319667.24
can,NL,2021-09-01 00:00:00,U,134,798086493.4699999
can,NL,2021-09-01 00:00:00,W,34,947886120.3399999
can,NL,2021-10-01 00:00:00,S,363,760761776.37
can,NL,2021-10-01 00:00:00,U,144,351437103.17
can,NL,2021-10-01 00:00:00,W,30,385408587.04
can,NL,2021-11-01 00:00:00,S,513,4796830879.429999
can,NL,2021-11-01 00:00:00,U,145,204092720.75
can,NL,2021-11-01 00:00:00,W,50,580885042.05
can,NL,2021-12-01 00:00:00,S,604,846754542.4699999
can,NL,2021-12-01 00:00:00,U,244,582034369.8
can,NL,2021-12-01 00:00:00,W,49,234240958.43
can,NL,2022-01-01 00:00:00,S,596,2822219310.36
can,NL,2022-01-01 00:00:00,U,176,1818139702.0299997
can,NL,2022-01-01 00:00:00,W,42,176266205.13
can,NL,2022-02-01 00:00:00,S,368,500067932.03000003
can,NL,2022-02-01 00:00:00,U,148,336757996.63
can,NL,2022-02-01 00:00:00,W,43,439348114.8000001
can,NL,2022-03-01 00:00:00,S,491,34183954374.25
can,NL,2022-03-01 00:00:00,U,168,16000235160325.463
can,NL,2022-03-01 00:00:00,W,37,163178264.0
can,NL,2022-04-01 00:00:00,S,422,1822643765.5899997
can,NL,2022-04-01 00:00:00,U,152,105537458.25000001
can,NL,2022-04-01 00:00:00,W,35,355882030.55
can,NL,2022-05-01 00:00:00,S,387,582489741.28
can,NL,2022-05-01 00:00:00,U,161,584663740.3299999
can,NL,2022-05-01 00:00:00,W,44,503526265.52
can,NL,2022-06-01 00:00:00,S,474,1820148004.5800002
can,NL,2022-06-01 00:00:00,U,219,267129434.99
can,NL,2022-06-01 00:00:00,W,38,239620457.24
can,NL,2022-07-01 00:00:00,S,552,1610751185.3199997
can,NL,2022-07-01 00:00:00,U,194,336511307.34
can,NL,2022-07-01 00:00:00,W,49,549734324.72
can,NL,2022-08-01 00:00:00,S,483,2357843051.2400002
can,NL,2022-08-01 00:00:00,U,142,405045829.7899999
can,NL,2022-08-01 00:00:00,W,37,213433635.86
can,NL,2022-09-01 00:00:00,S,419,1851396876.3700001
can,NL,2022-09-01 00:00:00,U,148,85587305.02
can,NL,2022-09-01 00:00:00,W,40,794480208.64
can,NL,2022-10-01 00:00:00,S,420,1317318469.74
can,NL,2022-10-01 00:00:00,U,164,237210792.94999996
can,NL,2022-10-01 00:00:00,W,49,268078613.37
can,NL,2022-11-01 00:00:00,S,471,4525768576.67
can,NL,2022-11-01 00:00:00,U,184,673784199.5
can,NL,2022-11-01 00:00:00,W,41,415165730.59
can,NL,2022-12-01 00:00:00,S,629,42002541018352.195
can,NL,2022-12-01 00:00:00,U,196,267385076.73000002
can,NL,2022-12-01 00:00:00,W,42,826232825.6
can,NL,2023-01-01 00:00:00,S,620,10001822185229.21
can,NL,2023-01-01 00:00:00,U,206,500295609.89000005
can,NL,2023-01-01 00:00:00,W,60,925165380.4
can,NL,2023-02-01 00:00:00,S,449,2916659255.53
can,NL,2023-02-01 00:00:00,U,151,346738526.52
can,NL,2023-02-01 00:00:00,W,39,936707757.25
can,NL,2023-03-01 00:00:00,S,494,3448018474.2300005
can,NL,2023-03-01 00:00:00,U,187,211199336.5
can,NL,2023-03-01 00:00:00,W,44,334899412.93
can,NL,2023-04-01 00:00:00,S,438,4020262334.120001
can,NL,2023-04-01 00:00:00,U,190,190099580.76999998
can,NL,2023-04-01 00:00:00,W,27,606145754.48
can,NL,2023-05-01 00:00:00,S,451,840683573.5099999
can,NL,2023-05-01 00:00:00,U,165,346589589.26000005
can,NL,2023-05-01 00:00:00,W,48,854004310.1999999
can,NL,2023-06-01 00:00:00,S,451,2666593328.24
can,NL,2023-06-01 00:00:00,U,194,288488447.53000003
can,NL,2023-06-01 00:00:00,W,53,334859601.1700001
can,NL,2023-07-01 00:00:00,S,527,8858654988.44
can,NL,2023-07-01 00:00:00,U,278,469863091.46
can,NL,2023-07-01 00:00:00,W,65,2136827107.84
can,NL,2023-08-01 00:00:00,S,505,2883811439.6200004
can,NL,2023-08-01 00:00:00,U,215,404068592.39000005
can,NL,2023-08-01 00:00:00,W,47,494393802.78999996
can,NL,2023-09-01 00:00:00,S,325,1550376512.76
can,NL,2023-09-01 00:00:00,U,155,1137612816.8900003
can,NL,2023-09-01 00:00:00,W,29,2612262581.19
can,NO,2016-01-01 00:00:00,S,119,1004584742.2700001
can,NO,2016-01-01 00:00:00,U,85,161247503.21
can,NO,2016-01-01 00:00:00,W,22,166832342.17
can,NO,2016-02-01 00:00:00,S,103,370331312.99
can,NO,2016-02-01 00:00:00,U,60,47158099.35
can,NO,2016-02-01 00:00:00,W,24,123314382.88999999
can,NO,2016-03-01 00:00:00,S,127,410006515.68999994
can,NO,2016-03-01 00:00:00,U,76,102836351.71
can,NO,2016-03-01 00:00:00,W,25,82401511.6
can,NO,2016-04-01 00:00:00,S,109,639174801.3600001
can,NO,2016-04-01 00:00:00,U,79,138827718.09
can,NO,2016-04-01 00:00:00,W,24,1764443324.56
can,NO,2016-05-01 00:00:00,S,116,497233390.18
can,NO,2016-05-01 00:00:00,U,84,94832952.28
can,NO,2016-05-01 00:00:00,W,23,149787080.38
can,NO,2016-06-01 00:00:00,S,156,539779805.15
can,NO,2016-06-01 00:00:00,U,97,350353290.31
can,NO,2016-06-01 00:00:00,W,32,203590857.24999997
can,NO,2016-07-01 00:00:00,S,117,1562034753.3700001
can,NO,2016-07-01 00:00:00,U,79,462138780.98
can,NO,2016-07-01 00:00:00,W,39,390046072.89
can,NO,2016-08-01 00:00:00,S,126,711519307.59
can,NO,2016-08-01 00:00:00,U,94,78867593.64999999
can,NO,2016-08-01 00:00:00,W,45,196577348.17999998
can,NO,2016-09-01 00:00:00,S,82,155149333.43999997
can,NO,2016-09-01 00:00:00,U,64,97670016.54
can,NO,2016-09-01 00:00:00,W,36,378911238.3000001
can,NO,2016-10-01 00:00:00,S,118,1551349766.7200007
can,NO,2016-10-01 00:00:00,U,76,379907518.0599999
can,NO,2016-10-01 00:00:00,W,23,238999055.19
can,NO,2016-11-01 00:00:00,S,93,893821165.3600001
can,NO,2016-11-01 00:00:00,U,77,202425180.14
can,NO,2016-11-01 00:00:00,W,17,145422584.82999998
can,NO,2016-12-01 00:00:00,S,78,1093472630.7800002
can,NO,2016-12-01 00:00:00,U,48,36850810.54000001
can,NO,2016-12-01 00:00:00,W,13,65423493.82000001
can,NO,2017-01-01 00:00:00,S,121,2053644800.2099998
can,NO,2017-01-01 00:00:00,U,61,335048343.27000004
can,NO,2017-01-01 00:00:00,W,18,175426465.78999996
can,NO,2017-02-01 00:00:00,S,95,789781059.2400001
can,NO,2017-02-01 00:00:00,U,65,56376202.309999995
can,NO,2017-02-01 00:00:00,W,17,156806551.94000003
can,NO,2017-03-01 00:00:00,S,156,346613635.22
can,NO,2017-03-01 00:00:00,U,91,163808278.45999998
can,NO,2017-03-01 00:00:00,W,29,128287445.13
can,NO,2017-04-01 00:00:00,S,122,552495610.05
can,NO,2017-04-01 00:00:00,U,35,41717951.89
can,NO,2017-04-01 00:00:00,W,44,242923140.93
can,NO,2017-05-01 00:00:00,S,96,710538633.19
can,NO,2017-05-01 00:00:00,U,69,236109356.0
can,NO,2017-05-01 00:00:00,W,28,194203637.21
can,NO,2017-06-01 00:00:00,S,138,519136950.28000003
can,NO,2017-06-01 00:00:00,U,80,148724885.26999998
can,NO,2017-06-01 00:00:00,W,41,257916359.85999998
can,NO,2017-07-01 00:00:00,S,116,853284043.33
can,NO,2017-07-01 00:00:00,U,80,142013038.57
can,NO,2017-07-01 00:00:00,W,23,294459268.03
can,NO,2017-08-01 00:00:00,S,149,327572198.87000006
can,NO,2017-08-01 00:00:00,U,79,91320168.54000002
can,NO,2017-08-01 00:00:00,W,35,436787710.29999995
can,NO,2017-09-01 00:00:00,S,101,279030870.90999997
can,NO,2017-09-01 00:00:00,U,56,194274653.47
can,NO,2017-09-01 00:00:00,W,23,1014897609.1199999
can,NO,2017-10-01 00:00:00,S,132,243768121.27
can,NO,2017-10-01 00:00:00,U,64,136877354.03999996
can,NO,2017-10-01 00:00:00,W,27,544179382.72
can,NO,2017-11-01 00:00:00,S,141,220083346.54
can,NO,2017-11-01 00:00:00,U,62,144007399.18
can,NO,2017-11-01 00:00:00,W,27,291480372.16999996
can,NO,2017-12-01 00:00:00,S,150,174534246.37
can,NO,2017-12-01 00:00:00,U,65,122756610.84999998
can,NO,2017-12-01 00:00:00,W,16,130017543.26
can,NO,2018-01-01 00:00:00,S,174,1059759801.75
can,NO,2018-01-01 00:00:00,U,84,136344051.14
can,NO,2018-01-01 00:00:00,W,14,81141926.13000001
can,NO,2018-02-01 00:00:00,S,118,285550759.84000003
can,NO,2018-02-01 00:00:00,U,74,86709722.68
can,NO,2018-02-01 00:00:00,W,12,29989510.57
can,NO,2018-03-01 00:00:00,S,107,478762565.45000005
can,NO,2018-03-01 00:00:00,U,88,93838643.97
can,NO,2018-03-01 00:00:00,W,15,110235851.12
can,NO,2018-04-01 00:00:00,S,127,363459565.9499999
can,NO,2018-04-01 00:00:00,U,82,132507537.83
can,NO,2018-04-01 00:00:00,W,26,135893878.15
can,NO,2018-05-01 00:00:00,S,158,596377703.2
can,NO,2018-05-01 00:00:00,U,91,162592872.86999997
can,NO,2018-05-01 00:00:00,W,22,302432641.31
can,NO,2018-06-01 00:00:00,S,161,382051185.84
can,NO,2018-06-01 00:00:00,U,107,338955839.78000003
can,NO,2018-06-01 00:00:00,W,29,170531137.89999998
can,NO,2018-07-01 00:00:00,S,145,2359495025.42
can,NO,2018-07-01 00:00:00,U,72,149248653.79
can,NO,2018-07-01 00:00:00,W,13,50522596.94
can,NO,2018-08-01 00:00:00,S,168,1976492074.25
can,NO,2018-08-01 00:00:00,U,88,117126056.52000003
can,NO,2018-08-01 00:00:00,W,22,244140487.89000002
can,NO,2018-09-01 00:00:00,S,116,2363104667.96
can,NO,2018-09-01 00:00:00,U,78,113313883.93
can,NO,2018-09-01 00:00:00,W,25,339929412.85
can,NO,2018-10-01 00:00:00,S,154,631638830.66
can,NO,2018-10-01 00:00:00,U,84,144421674.20000002
can,NO,2018-10-01 00:00:00,W,31,1260566889.72
can,NO,2018-11-01 00:00:00,S,180,306543926.7
can,NO,2018-11-01 00:00:00,U,94,263940841.96999997
can,NO,2018-11-01 00:00:00,W,26,169360311.36999997
can,NO,2018-12-01 00:00:00,S,145,601606002.51
can,NO,2018-12-01 00:00:00,U,85,113049334.87
can,NO,2018-12-01 00:00:00,W,24,209890397.46999997
can,NO,2019-01-01 00:00:00,S,185,622154874.6499999
can,NO,2019-01-01 00:00:00,U,104,2185031501.6499996
can,NO,2019-01-01 00:00:00,W,25,571994178.54
can,NO,2019-02-01 00:00:00,S,118,2274200095.8799987
can,NO,2019-02-01 00:00:00,U,85,320936837.61999995
can,NO,2019-02-01 00:00:00,W,31,222958052.98999998
can,NO,2019-03-01 00:00:00,S,116,580251229.33
can,NO,2019-03-01 00:00:00,U,95,86014948.02
can,NO,2019-03-01 00:00:00,W,22,319485406.07000005
can,NO,2019-04-01 00:00:00,S,129,1018288479.9200002
can,NO,2019-04-01 00:00:00,U,76,161434229.45
can,NO,2019-04-01 00:00:00,W,17,262665845.65000004
can,NO,2019-05-01 00:00:00,S,165,1157316944.36
can,NO,2019-05-01 00:00:00,U,102,159557884.60000002
can,NO,2019-05-01 00:00:00,W,33,571803408.41
can,NO,2019-06-01 00:00:00,S,156,1724499595.23
can,NO,2019-06-01 00:00:00,U,85,438803437.27
can,NO,2019-06-01 00:00:00,W,31,236939212.61999997
can,NO,2019-07-01 00:00:00,S,153,927205430.23
can,NO,2019-07-01 00:00:00,U,106,176322823.62
can,NO,2019-07-01 00:00:00,W,22,731057977.6700001
can,NO,2019-08-01 00:00:00,S,138,757600178.0100001
can,NO,2019-08-01 00:00:00,U,80,200276860.52
can,NO,2019-08-01 00:00:00,W,25,181772247.58
can,NO,2019-09-01 00:00:00,S,150,337966124.08
can,NO,2019-09-01 00:00:00,U,85,121407920.43
can,NO,2019-09-01 00:00:00,W,38,399614564.04999995
can,NO,2019-10-01 00:00:00,S,157,377221371.47
can,NO,2019-10-01 00:00:00,U,108,336237541.6399999
can,NO,2019-10-01 00:00:00,W,28,585162183.6
can,NO,2019-11-01 00:00:00,S,160,579483923.37
can,NO,2019-11-01 00:00:00,U,81,498809813.13999987
can,NO,2019-11-01 00:00:00,W,21,377386317.16999996
can,NO,2019-12-01 00:00:00,S,162,430974128.53
can,NO,2019-12-01 00:00:00,U,108,431111180.6399999
can,NO,2019-12-01 00:00:00,W,20,155731606.35000002
can,NO,2020-01-01 00:00:00,S,170,898802965.5
can,NO,2020-01-01 00:00:00,U,117,1511750286.8900003
can,NO,2020-01-01 00:00:00,W,26,311708840.07000005
can,NO,2020-02-01 00:00:00,S,132,553116651.77
can,NO,2020-02-01 00:00:00,U,86,101945330.88000003
can,NO,2020-02-01 00:00:00,W,31,321106285.44000006
can,NO,2020-03-01 00:00:00,S,153,871048245.57
can,NO,2020-03-01 00:00:00,U,102,208223674.77
can,NO,2020-03-01 00:00:00,W,17,96961450.89
can,NO,2020-04-01 00:00:00,S,120,449564490.08
can,NO,2020-04-01 00:00:00,U,84,300278943.87
can,NO,2020-04-01 00:00:00,W,22,275885800.22
can,NO,2020-05-01 00:00:00,S,153,564172160.36
can,NO,2020-05-01 00:00:00,U,75,107082470.26000002
can,NO,2020-05-01 00:00:00,W,27,499930412.8800001
can,NO,2020-06-01 00:00:00,S,159,424431999.03999996
can,NO,2020-06-01 00:00:00,U,103,255868659.89000002
can,NO,2020-06-01 00:00:00,W,26,671695215.0799999
can,NO,2020-07-01 00:00:00,S,121,421127258.2900001
can,NO,2020-07-01 00:00:00,U,114,272974158.18
can,NO,2020-07-01 00:00:00,W,19,296326888.31
can,NO,2020-08-01 00:00:00,S,156,730463483.7200001
can,NO,2020-08-01 00:00:00,U,91,301757948.46000004
can,NO,2020-08-01 00:00:00,W,17,104350627.58
can,NO,2020-09-01 00:00:00,S,138,500752335.47
can,NO,2020-09-01 00:00:00,U,112,383499176.1999999
can,NO,2020-09-01 00:00:00,W,29,517798835.87
can,NO,2020-10-01 00:00:00,S,167,1153179093.1499999
can,NO,2020-10-01 00:00:00,U,88,117342245.49000001
can,NO,2020-10-01 00:00:00,W,32,236231175.60999998
can,NO,2020-11-01 00:00:00,S,195,884356827.43
can,NO,2020-11-01 00:00:00,U,135,253083508.82000002
can,NO,2020-11-01 00:00:00,W,37,583613426.38
can,NO,2020-12-01 00:00:00,S,218,10349006148.150002
can,NO,2020-12-01 00:00:00,U,117,356486008.01
can,NO,2020-12-01 00:00:00,W,21,702302353.7899998
can,NO,2021-01-01 00:00:00,S,220,1286332127.64
can,NO,2021-01-01 00:00:00,U,133,244960930.59000003
can,NO,2021-01-01 00:00:00,W,41,1299723783.8999999
can,NO,2021-02-01 00:00:00,S,206,1413741082.77
can,NO,2021-02-01 00:00:00,U,99,417326023.22999996
can,NO,2021-02-01 00:00:00,W,21,195759074.57999998
can,NO,2021-03-01 00:00:00,S,186,2310790788.53
can,NO,2021-03-01 00:00:00,U,109,414429318.6
can,NO,2021-03-01 00:00:00,W,28,402616032.96999997
can,NO,2021-04-01 00:00:00,S,151,1818752556.35
can,NO,2021-04-01 00:00:00,U,104,598658914.7100002
can,NO,2021-04-01 00:00:00,W,35,435028645.93
can,NO,2021-05-01 00:00:00,S,182,1111853490.48
can,NO,2021-05-01 00:00:00,U,131,453362728.1
can,NO,2021-05-01 00:00:00,W,42,604418243.68
can,NO,2021-06-01 00:00:00,S,272,908962976.11
can,NO,2021-06-01 00:00:00,U,128,468409579.18000007
can,NO,2021-06-01 00:00:00,W,26,330757544.05
can,NO,2021-07-01 00:00:00,S,174,679200275.7399999
can,NO,2021-07-01 00:00:00,U,73,215030216.99999997
can,NO,2021-07-01 00:00:00,W,22,591839482.4
can,NO,2021-08-01 00:00:00,S,145,311239476.4
can,NO,2021-08-01 00:00:00,U,82,121922474.95999998
can,NO,2021-08-01 00:00:00,W,17,94459712.44999999
can,NO,2021-09-01 00:00:00,S,205,1191393646.8600001
can,NO,2021-09-01 00:00:00,U,78,133513043.53
can,NO,2021-09-01 00:00:00,W,23,351964114.29999995
can,NO,2021-10-01 00:00:00,S,180,1282935101.56
can,NO,2021-10-01 00:00:00,U,108,354514216.4800001
can,NO,2021-10-01 00:00:00,W,22,403226461.88
can,NO,2021-11-01 00:00:00,S,181,948269304.6400002
can,NO,2021-11-01 00:00:00,U,111,1126173707.1
can,NO,2021-11-01 00:00:00,W,32,455258240.21000004
can,NO,2021-12-01 00:00:00,S,182,551129828.9
can,NO,2021-12-01 00:00:00,U,141,211711851.26
can,NO,2021-12-01 00:00:00,W,18,134685571.28
can,NO,2022-01-01 00:00:00,S,175,4437775240.820001
can,NO,2022-01-01 00:00:00,U,169,1493581291.9399998
can,NO,2022-01-01 00:00:00,W,31,489085204.0
can,NO,2022-02-01 00:00:00,S,194,1516785142.0800004
can,NO,2022-02-01 00:00:00,U,97,174162045.48000002
can,NO,2022-02-01 00:00:00,W,13,117113349.71000001
can,NO,2022-03-01 00:00:00,S,221,2944231905.8500004
can,NO,2022-03-01 00:00:00,U,139,399556052.26
can,NO,2022-03-01 00:00:00,W,28,202487333.05
can,NO,2022-04-01 00:00:00,S,199,1496469617.1400003
can,NO,2022-04-01 00:00:00,U,101,661032772.37
can,NO,2022-04-01 00:00:00,W,24,2364278689.92
can,NO,2022-05-01 00:00:00,S,198,1365374959.6
can,NO,2022-05-01 00:00:00,U,114,469350313.97999996
can,NO,2022-05-01 00:00:00,W,47,1745097237.4099996
can,NO,2022-06-01 00:00:00,S,250,14099438678.989996
can,NO,2022-06-01 00:00:00,U,146,879194087.2099999
can,NO,2022-06-01 00:00:00,W,26,289025377.21
can,NO,2022-07-01 00:00:00,S,142,574927698.04
can,NO,2022-07-01 00:00:00,U,94,727211952.5699996
can,NO,2022-07-01 00:00:00,W,22,137555075.39000002
can,NO,2022-08-01 00:00:00,S,158,1405581547.4199998
can,NO,2022-08-01 00:00:00,U,90,452725276.9599999
can,NO,2022-08-01 00:00:00,W,30,278196586.96999997
can,NO,2022-09-01 00:00:00,S,165,2115541267.72
can,NO,2022-09-01 00:00:00,U,104,132720687.57
can,NO,2022-09-01 00:00:00,W,27,617743571.66
can,NO,2022-10-01 00:00:00,S,172,949527912.7499999
can,NO,2022-10-01 00:00:00,U,132,3118871556.23
can,NO,2022-10-01 00:00:00,W,20,382965889.12
can,NO,2022-11-01 00:00:00,S,194,828334945.63
can,NO,2022-11-01 00:00:00,U,120,1419462004.3600001
can,NO,2022-11-01 00:00:00,W,28,210547918.88
can,NO,2022-12-01 00:00:00,S,198,933008591.1000001
can,NO,2022-12-01 00:00:00,U,124,286791784.68000007
can,NO,2022-12-01 00:00:00,W,32,738971268.55
can,NO,2023-01-01 00:00:00,S,202,976628741.8799999
can,NO,2023-01-01 00:00:00,U,117,450602621.94
can,NO,2023-01-01 00:00:00,W,19,498590309.14
can,NO,2023-02-01 00:00:00,S,171,2030941561.5
can,NO,2023-02-01 00:00:00,U,111,331945606.8000001
can,NO,2023-02-01 00:00:00,W,24,148614007.77
can,NO,2023-03-01 00:00:00,S,182,784645310.2800001
can,NO,2023-03-01 00:00:00,U,124,814467240.9699999
can,NO,2023-03-01 00:00:00,W,41,200895558.20000002
can,NO,2023-04-01 00:00:00,S,153,864491530.98
can,NO,2023-04-01 00:00:00,U,64,115537208.64
can,NO,2023-04-01 00:00:00,W,22,239329973.97000003
can,NO,2023-05-01 00:00:00,S,182,1111534726.6499999
can,NO,2023-05-01 00:00:00,U,123,2386363024.51
can,NO,2023-05-01 00:00:00,W,33,260808975.4
can,NO,2023-06-01 00:00:00,S,257,1181954081.0200002
can,NO,2023-06-01 00:00:00,U,131,473801625.78999996
can,NO,2023-06-01 00:00:00,W,37,1124643425.3100002
can,NO,2023-07-01 00:00:00,S,136,577563087.9499999
can,NO,2023-07-01 00:00:00,U,102,284570769.0
can,NO,2023-07-01 00:00:00,W,19,243473210.95
can,NO,2023-08-01 00:00:00,S,140,1258550017.11
can,NO,2023-08-01 00:00:00,U,94,493261685.6000001
can,NO,2023-08-01 00:00:00,W,21,2142855125.81
can,NO,2023-09-01 00:00:00,S,162,1229576733.83
can,NO,2023-09-01 00:00:00,U,99,382495405.66
can,NO,2023-09-01 00:00:00,W,19,253640152.35
can,PL,2016-01-01 00:00:00,S,1107,1741418997.8100002
can,PL,2016-01-01 00:00:00,U,858,851043253.2500001
can,PL,2016-01-01 00:00:00,W,51,446822924.4699999
can,PL,2016-02-01 00:00:00,S,640,990554368.78
can,PL,2016-02-01 00:00:00,U,763,654528305.25
can,PL,2016-02-01 00:00:00,W,41,460730653.17
can,PL,2016-03-01 00:00:00,S,569,504895939.09999996
can,PL,2016-03-01 00:00:00,U,590,583675032.5200001
can,PL,2016-03-01 00:00:00,W,59,619237686.3000001
can,PL,2016-04-01 00:00:00,S,558,438666220.25999993
can,PL,2016-04-01 00:00:00,U,741,794984570.89
can,PL,2016-04-01 00:00:00,W,71,501990218.58
can,PL,2016-05-01 00:00:00,S,513,441224006.85
can,PL,2016-05-01 00:00:00,U,686,630216729.0099998
can,PL,2016-05-01 00:00:00,W,48,220468848.32
can,PL,2016-06-01 00:00:00,S,671,591379112.23
can,PL,2016-06-01 00:00:00,U,879,617634711.11
can,PL,2016-06-01 00:00:00,W,87,546111145.6
can,PL,2016-07-01 00:00:00,S,533,579625282.6200001
can,PL,2016-07-01 00:00:00,U,788,868406766.6300004
can,PL,2016-07-01 00:00:00,W,82,185077446.92
can,PL,2016-08-01 00:00:00,S,506,436176615.11
can,PL,2016-08-01 00:00:00,U,782,777579528.4999998
can,PL,2016-08-01 00:00:00,W,68,125675181.53
can,PL,2016-09-01 00:00:00,S,478,530319075.09000015
can,PL,2016-09-01 00:00:00,U,788,719947617.06
can,PL,2016-09-01 00:00:00,W,86,292993151.41999996
can,PL,2016-10-01 00:00:00,S,499,459359689.33000004
can,PL,2016-10-01 00:00:00,U,769,785428829.6
can,PL,2016-10-01 00:00:00,W,66,685601036.57
can,PL,2016-11-01 00:00:00,S,468,342660364.68000007
can,PL,2016-11-01 00:00:00,U,718,893035096.8900002
can,PL,2016-11-01 00:00:00,W,72,257075120.48999995
can,PL,2016-12-01 00:00:00,S,749,698152384.88
can,PL,2016-12-01 00:00:00,U,962,941688260.5600002
can,PL,2016-12-01 00:00:00,W,63,398791401.36
can,PL,2017-01-01 00:00:00,S,1118,6312631858.979999
can,PL,2017-01-01 00:00:00,U,910,967623172.44
can,PL,2017-01-01 00:00:00,W,47,252517117.33000004
can,PL,2017-02-01 00:00:00,S,701,954820018.6199998
can,PL,2017-02-01 00:00:00,U,752,796091185.66
can,PL,2017-02-01 00:00:00,W,48,270857230.27
can,PL,2017-03-01 00:00:00,S,689,1120940485.26
can,PL,2017-03-01 00:00:00,U,709,674470868.8599999
can,PL,2017-03-01 00:00:00,W,73,579071088.0099999
can,PL,2017-04-01 00:00:00,S,586,631986459.2600001
can,PL,2017-04-01 00:00:00,U,671,1033432671.7300001
can,PL,2017-04-01 00:00:00,W,88,995705533.11
can,PL,2017-05-01 00:00:00,S,686,585181075.9499999
can,PL,2017-05-01 00:00:00,U,807,13781522691.469997
can,PL,2017-05-01 00:00:00,W,111,850241272.1899999
can,PL,2017-06-01 00:00:00,S,716,711985953.2899998
can,PL,2017-06-01 00:00:00,U,872,822200183.5600002
can,PL,2017-06-01 00:00:00,W,149,751684859.27
can,PL,2017-07-01 00:00:00,S,873,546959346.0699999
can,PL,2017-07-01 00:00:00,U,913,844876524.0
can,PL,2017-07-01 00:00:00,W,206,686168950.47
can,PL,2017-08-01 00:00:00,S,642,455755749.02000004
can,PL,2017-08-01 00:00:00,U,1007,758345892.0400001
can,PL,2017-08-01 00:00:00,W,200,546327290.7099999
can,PL,2017-09-01 00:00:00,S,723,335714323.61
can,PL,2017-09-01 00:00:00,U,1026,735946951.37
can,PL,2017-09-01 00:00:00,W,211,1244455842.34
can,PL,2017-10-01 00:00:00,S,822,755145439.5400001
can,PL,2017-10-01 00:00:00,U,1132,686661858.61
can,PL,2017-10-01 00:00:00,W,197,866252461.9
can,PL,2017-11-01 00:00:00,S,813,706881612.06
can,PL,2017-11-01 00:00:00,U,1230,696524508.6699998
can,PL,2017-11-01 00:00:00,W,182,434784532.77
can,PL,2017-12-01 00:00:00,S,879,581376417.4499999
can,PL,2017-12-01 00:00:00,U,1460,1055474023.11
can,PL,2017-12-01 00:00:00,W,141,617014487.7599999
can,PL,2018-01-01 00:00:00,S,1540,1587874075.0300002
can,PL,2018-01-01 00:00:00,U,1311,779222920.75
can,PL,2018-01-01 00:00:00,W,133,855136060.5
can,PL,2018-02-01 00:00:00,S,1062,734338002.9300002
can,PL,2018-02-01 00:00:00,U,898,597253303.7600001
can,PL,2018-02-01 00:00:00,W,122,324650323.09
can,PL,2018-03-01 00:00:00,S,950,821300080.29
can,PL,2018-03-01 00:00:00,U,814,774130936.4600002
can,PL,2018-03-01 00:00:00,W,144,547040577.2800001
can,PL,2018-04-01 00:00:00,S,890,1045721421.9899999
can,PL,2018-04-01 00:00:00,U,879,571035744.04
can,PL,2018-04-01 00:00:00,W,158,331677866.55
can,PL,2018-05-01 00:00:00,S,810,435999252.42999995
can,PL,2018-05-01 00:00:00,U,950,532390513.46999997
can,PL,2018-05-01 00:00:00,W,191,506507507.11
can,PL,2018-06-01 00:00:00,S,892,460750205.5900001
can,PL,2018-06-01 00:00:00,U,1092,648839871.3000001
can,PL,2018-06-01 00:00:00,W,242,853717132.39
can,PL,2018-07-01 00:00:00,S,1055,858211743.9
can,PL,2018-07-01 00:00:00,U,1344,1312122747.9500003
can,PL,2018-07-01 00:00:00,W,271,1004046258.8599999
can,PL,2018-08-01 00:00:00,S,775,733962344.87
can,PL,2018-08-01 00:00:00,U,1145,894348437.95
can,PL,2018-08-01 00:00:00,W,218,2426135216.58
can,PL,2018-09-01 00:00:00,S,788,491667504.39000005
can,PL,2018-09-01 00:00:00,U,1105,670837062.3900001
can,PL,2018-09-01 00:00:00,W,184,1931435985.15
can,PL,2018-10-01 00:00:00,S,953,821308349.5199999
can,PL,2018-10-01 00:00:00,U,1367,917287641.8300002
can,PL,2018-10-01 00:00:00,W,206,4692764638.349999
can,PL,2018-11-01 00:00:00,S,971,595584812.18
can,PL,2018-11-01 00:00:00,U,1311,1054068254.3899999
can,PL,2018-11-01 00:00:00,W,170,1705546417.33
can,PL,2018-12-01 00:00:00,S,1091,1184817617.41
can,PL,2018-12-01 00:00:00,U,1312,1513884438.6299999
can,PL,2018-12-01 00:00:00,W,167,565165506.24
can,PL,2019-01-01 00:00:00,S,1716,2074884532.22
can,PL,2019-01-01 00:00:00,U,1366,1284095310.03
can,PL,2019-01-01 00:00:00,W,180,767190659.47
can,PL,2019-02-01 00:00:00,S,925,801073078.4099998
can,PL,2019-02-01 00:00:00,U,884,785554373.16
can,PL,2019-02-01 00:00:00,W,152,488109357.0399999
can,PL,2019-03-01 00:00:00,S,846,1020993045.47
can,PL,2019-03-01 00:00:00,U,791,756574646.0600001
can,PL,2019-03-01 00:00:00,W,133,503350486.87
can,PL,2019-04-01 00:00:00,S,931,3749064727.3399997
can,PL,2019-04-01 00:00:00,U,874,706517695.52
can,PL,2019-04-01 00:00:00,W,162,970244814.3500001
can,PL,2019-05-01 00:00:00,S,961,976173947.4699996
can,PL,2019-05-01 00:00:00,U,929,850736961.2200001
can,PL,2019-05-01 00:00:00,W,188,913764517.68
can,PL,2019-06-01 00:00:00,S,897,595814795.97
can,PL,2019-06-01 00:00:00,U,960,812426932.6100003
can,PL,2019-06-01 00:00:00,W,170,857558149.04
can,PL,2019-07-01 00:00:00,S,1123,1117100859.09
can,PL,2019-07-01 00:00:00,U,1259,1528329264.22
can,PL,2019-07-01 00:00:00,W,196,1376040934.2899997
can,PL,2019-08-01 00:00:00,S,903,580664731.8
can,PL,2019-08-01 00:00:00,U,1088,1118391490.94
can,PL,2019-08-01 00:00:00,W,170,1055466928.7199998
can,PL,2019-09-01 00:00:00,S,999,962031988.7299999
can,PL,2019-09-01 00:00:00,U,1155,1734836233.3400002
can,PL,2019-09-01 00:00:00,W,148,759567498.2600001
can,PL,2019-10-01 00:00:00,S,1121,1173250992.9399998
can,PL,2019-10-01 00:00:00,U,1380,1133581451.78
can,PL,2019-10-01 00:00:00,W,177,2146119238.6399999
can,PL,2019-11-01 00:00:00,S,989,656975049.06
can,PL,2019-11-01 00:00:00,U,1252,988997090.11
can,PL,2019-11-01 00:00:00,W,152,669905493.27
can,PL,2019-12-01 00:00:00,S,1265,2098216097.3400002
can,PL,2019-12-01 00:00:00,U,1401,1377427937.01
can,PL,2019-12-01 00:00:00,W,135,617879160.1500001
can,PL,2020-01-01 00:00:00,S,1781,1839973435.9399998
can,PL,2020-01-01 00:00:00,U,1296,1060886873.7100002
can,PL,2020-01-01 00:00:00,W,148,1445031900.6800003
can,PL,2020-02-01 00:00:00,S,1100,977115439.2100002
can,PL,2020-02-01 00:00:00,U,987,1142945083.3300002
can,PL,2020-02-01 00:00:00,W,128,1596165903.34
can,PL,2020-03-01 00:00:00,S,1020,819827501.0400001
can,PL,2020-03-01 00:00:00,U,842,712250925.46
can,PL,2020-03-01 00:00:00,W,140,650665750.55
can,PL,2020-04-01 00:00:00,S,887,726075365.98
can,PL,2020-04-01 00:00:00,U,918,699754349.94
can,PL,2020-04-01 00:00:00,W,156,887466114.87
can,PL,2020-05-01 00:00:00,S,850,578810717.1800002
can,PL,2020-05-01 00:00:00,U,916,1124354803.3600001
can,PL,2020-05-01 00:00:00,W,171,867371429.4599999
can,PL,2020-06-01 00:00:00,S,972,4356231687.44
can,PL,2020-06-01 00:00:00,U,1123,834352128.8599999
can,PL,2020-06-01 00:00:00,W,156,1203708193.7300003
can,PL,2020-07-01 00:00:00,S,1157,771390484.4
can,PL,2020-07-01 00:00:00,U,1167,873837858.3000001
can,PL,2020-07-01 00:00:00,W,201,2243582494.36
can,PL,2020-08-01 00:00:00,S,798,651477083.0200001
can,PL,2020-08-01 00:00:00,U,1032,774331937.9
can,PL,2020-08-01 00:00:00,W,163,607477015.7600001
can,PL,2020-09-01 00:00:00,S,968,505963915.3999999
can,PL,2020-09-01 00:00:00,U,1185,1418504633.2499995
can,PL,2020-09-01 00:00:00,W,150,7427393631.989998
can,PL,2020-10-01 00:00:00,S,970,750473792.3000001
can,PL,2020-10-01 00:00:00,U,1328,906327442.73
can,PL,2020-10-01 00:00:00,W,145,688918584.5200001
can,PL,2020-11-01 00:00:00,S,961,713676436.9799999
can,PL,2020-11-01 00:00:00,U,1252,819306385.3
can,PL,2020-11-01 00:00:00,W,140,828499077.5300001
can,PL,2020-12-01 00:00:00,S,1436,1825379039.8200004
can,PL,2020-12-01 00:00:00,U,1652,1470370273.35
can,PL,2020-12-01 00:00:00,W,144,1691327484.52
can,PL,2021-01-01 00:00:00,S,1883,2270332141.4500003
can,PL,2021-01-01 00:00:00,U,1335,944856469.6999999
can,PL,2021-01-01 00:00:00,W,115,635190038.38
can,PL,2021-02-01 00:00:00,S,1268,1146020764.74
can,PL,2021-02-01 00:00:00,U,1262,860589020.3799999
can,PL,2021-02-01 00:00:00,W,122,661729313.63
can,PL,2021-03-01 00:00:00,S,1163,1568483120.97
can,PL,2021-03-01 00:00:00,U,1252,1007653657.5900002
can,PL,2021-03-01 00:00:00,W,139,785993904.99
can,PL,2021-04-01 00:00:00,S,845,671972638.37
can,PL,2021-04-01 00:00:00,U,1083,977614906.2300001
can,PL,2021-04-01 00:00:00,W,143,1274975099.0800002
can,PL,2021-05-01 00:00:00,S,615,1065850934.8000001
can,PL,2021-05-01 00:00:00,U,869,1116949108.5300002
can,PL,2021-05-01 00:00:00,W,159,559910565.27
can,PL,2021-06-01 00:00:00,S,744,670243455.6
can,PL,2021-06-01 00:00:00,U,988,634453315.9000001
can,PL,2021-06-01 00:00:00,W,171,1275233904.6200001
can,PL,2021-07-01 00:00:00,S,885,1050383452.9900001
can,PL,2021-07-01 00:00:00,U,1194,1028920469.03
can,PL,2021-07-01 00:00:00,W,163,1239868951.05
can,PL,2021-08-01 00:00:00,S,782,760739713.0500001
can,PL,2021-08-01 00:00:00,U,1283,962317562.8599999
can,PL,2021-08-01 00:00:00,W,163,688636323.93
can,PL,2021-09-01 00:00:00,S,950,793125522.0799999
can,PL,2021-09-01 00:00:00,U,1531,920459984.62
can,PL,2021-09-01 00:00:00,W,161,873030257.82
can,PL,2021-10-01 00:00:00,S,976,775839160.75
can,PL,2021-10-01 00:00:00,U,1712,6196664910.45
can,PL,2021-10-01 00:00:00,W,147,595206857.99
can,PL,2021-11-01 00:00:00,S,1092,1032192656.3
can,PL,2021-11-01 00:00:00,U,1715,1106335263.15
can,PL,2021-11-01 00:00:00,W,141,708914111.1899999
can,PL,2021-12-01 00:00:00,S,1634,1876853006.2900002
can,PL,2021-12-01 00:00:00,U,1856,1761976041.08
can,PL,2021-12-01 00:00:00,W,160,1036509291.27
can,PL,2022-01-01 00:00:00,S,1911,2325057349.9
can,PL,2022-01-01 00:00:00,U,1591,1260302674.38
can,PL,2022-01-01 00:00:00,W,111,464238262.9800001
can,PL,2022-02-01 00:00:00,S,1346,1159890312.0299997
can,PL,2022-02-01 00:00:00,U,1349,1277757193.99
can,PL,2022-02-01 00:00:00,W,163,993411747.67
can,PL,2022-03-01 00:00:00,S,1298,1226936943.89
can,PL,2022-03-01 00:00:00,U,1347,883069408.3600001
can,PL,2022-03-01 00:00:00,W,137,792072605.9599999
can,PL,2022-04-01 00:00:00,S,1222,1296381197.71
can,PL,2022-04-01 00:00:00,U,1270,4741438053.159997
can,PL,2022-04-01 00:00:00,W,143,603836648.9599999
can,PL,2022-05-01 00:00:00,S,1007,844444844.74
can,PL,2022-05-01 00:00:00,U,1260,883212156.1099998
can,PL,2022-05-01 00:00:00,W,194,682524445.4100001
can,PL,2022-06-01 00:00:00,S,1079,1254569569.8200002
can,PL,2022-06-01 00:00:00,U,1507,1349476365.4499998
can,PL,2022-06-01 00:00:00,W,185,826345628.31
can,PL,2022-07-01 00:00:00,S,1160,28755304520.710003
can,PL,2022-07-01 00:00:00,U,1645,2764346471.5299993
can,PL,2022-07-01 00:00:00,W,195,897168510.9199998
can,PL,2022-08-01 00:00:00,S,1132,1366221961.71
can,PL,2022-08-01 00:00:00,U,1699,1392446432.07
can,PL,2022-08-01 00:00:00,W,217,4008571360.1100006
can,PL,2022-09-01 00:00:00,S,1222,1072365831.4899999
can,PL,2022-09-01 00:00:00,U,1941,12198492082.149996
can,PL,2022-09-01 00:00:00,W,199,1056150943.9599999
can,PL,2022-10-01 00:00:00,S,1238,3331804959.2400017
can,PL,2022-10-01 00:00:00,U,1943,1896050893.4199998
can,PL,2022-10-01 00:00:00,W,185,1270363415.8300004
can,PL,2022-11-01 00:00:00,S,1367,1749655130.2900002
can,PL,2022-11-01 00:00:00,U,2064,2100290219.95
can,PL,2022-11-01 00:00:00,W,178,1432747352.7699997
can,PL,2022-12-01 00:00:00,S,1849,1878607122.0899997
can,PL,2022-12-01 00:00:00,U,2277,2229969254.3800006
can,PL,2022-12-01 00:00:00,W,134,749528255.9399999
can,PL,2023-01-01 00:00:00,S,2522,3341298186.1200004
can,PL,2023-01-01 00:00:00,U,2059,4217160673.110001
can,PL,2023-01-01 00:00:00,W,90,1847685100.5300002
can,PL,2023-02-01 00:00:00,S,1487,1301526637.68
can,PL,2023-02-01 00:00:00,U,1550,2890737349.53
can,PL,2023-02-01 00:00:00,W,135,1404814919.0500002
can,PL,2023-03-01 00:00:00,S,1365,2492573543.8900003
can,PL,2023-03-01 00:00:00,U,1606,1767611359.59
can,PL,2023-03-01 00:00:00,W,112,326090796.52
can,PL,2023-04-01 00:00:00,S,1139,1136103247.6799998
can,PL,2023-04-01 00:00:00,U,1468,1122411589.08
can,PL,2023-04-01 00:00:00,W,136,656716974.1099999
can,PL,2023-05-01 00:00:00,S,1115,2218977268.04
can,PL,2023-05-01 00:00:00,U,1745,1851836160.4199998
can,PL,2023-05-01 00:00:00,W,166,1344642480.0500002
can,PL,2023-06-01 00:00:00,S,1179,1152943492.02
can,PL,2023-06-01 00:00:00,U,1857,1788143883.0500002
can,PL,2023-06-01 00:00:00,W,165,770215854.7400001
can,PL,2023-07-01 00:00:00,S,1267,1394300549.87
can,PL,2023-07-01 00:00:00,U,1948,1699368711.46
can,PL,2023-07-01 00:00:00,W,150,902746814.4399998
can,PL,2023-08-01 00:00:00,S,1069,1326305238.1700003
can,PL,2023-08-01 00:00:00,U,1905,1722112731.2299998
can,PL,2023-08-01 00:00:00,W,142,810386463.4499999
can,PL,2023-09-01 00:00:00,S,1164,1163046132.1200001
can,PL,2023-09-01 00:00:00,U,2065,1910816560.1200001
can,PL,2023-09-01 00:00:00,W,112,822841871.4399999
can,PT,2016-01-01 00:00:00,S,84,36486922.529999994
can,PT,2016-01-01 00:00:00,U,123,20366880.25
can,PT,2016-01-01 00:00:00,W,2,1480436.4
can,PT,2016-02-01 00:00:00,S,56,32625048.270000003
can,PT,2016-02-01 00:00:00,U,211,107995143.20000002
can,PT,2016-02-01 00:00:00,W,3,18383331.11
can,PT,2016-03-01 00:00:00,S,97,36808887.85000001
can,PT,2016-03-01 00:00:00,U,187,50223123.62
can,PT,2016-03-01 00:00:00,W,3,21725782.66
can,PT,2016-04-01 00:00:00,S,68,32608989.310000006
can,PT,2016-04-01 00:00:00,U,135,29631663.049999997
can,PT,2016-04-01 00:00:00,W,4,24161020.39
can,PT,2016-05-01 00:00:00,S,71,930732683.98
can,PT,2016-05-01 00:00:00,U,103,45658288.54
can,PT,2016-05-01 00:00:00,W,5,28952450.78
can,PT,2016-06-01 00:00:00,S,50,93609749.78999999
can,PT,2016-06-01 00:00:00,U,137,18756092.81
can,PT,2016-06-01 00:00:00,W,12,39495321.47
can,PT,2016-07-01 00:00:00,S,52,513939695.6899999
can,PT,2016-07-01 00:00:00,U,128,66578644.48
can,PT,2016-07-01 00:00:00,W,7,33700629.75
can,PT,2016-08-01 00:00:00,S,48,27083551.929999996
can,PT,2016-08-01 00:00:00,U,94,73008467.58
can,PT,2016-08-01 00:00:00,W,2,6284000.0
can,PT,2016-09-01 00:00:00,S,44,316956095.82000005
can,PT,2016-09-01 00:00:00,U,113,25821300.759999998
can,PT,2016-09-01 00:00:00,W,1,216828.63
can,PT,2016-10-01 00:00:00,S,57,81390782.34999998
can,PT,2016-10-01 00:00:00,U,104,26043190.649999995
can,PT,2016-10-01 00:00:00,W,3,64149720.94
can,PT,2016-11-01 00:00:00,S,60,75011981.33999999
can,PT,2016-11-01 00:00:00,U,105,37074403.650000006
can,PT,2016-11-01 00:00:00,W,5,2871212.85
can,PT,2016-12-01 00:00:00,S,51,80234641.64
can,PT,2016-12-01 00:00:00,U,96,17844540.630000003
can,PT,2016-12-01 00:00:00,W,7,41108597.11
can,PT,2017-01-01 00:00:00,S,108,42108521.58
can,PT,2017-01-01 00:00:00,U,165,44173826.04
can,PT,2017-01-01 00:00:00,W,2,481291.56
can,PT,2017-02-01 00:00:00,S,105,89989678.26
can,PT,2017-02-01 00:00:00,U,158,77509998.97
can,PT,2017-02-01 00:00:00,W,1,8000000.0
can,PT,2017-03-01 00:00:00,S,111,373140564.26000005
can,PT,2017-03-01 00:00:00,U,111,28539380.35
can,PT,2017-03-01 00:00:00,W,13,29255209.0
can,PT,2017-04-01 00:00:00,S,58,19726578.23
can,PT,2017-04-01 00:00:00,U,112,38749977.37
can,PT,2017-04-01 00:00:00,W,7,34430494.43
can,PT,2017-05-01 00:00:00,S,98,103844010.92999999
can,PT,2017-05-01 00:00:00,U,146,28488713.060000002
can,PT,2017-05-01 00:00:00,W,4,20629726.94
can,PT,2017-06-01 00:00:00,S,78,1036345010.71
can,PT,2017-06-01 00:00:00,U,142,26171286.870000005
can,PT,2017-06-01 00:00:00,W,11,7846444.130000001
can,PT,2017-07-01 00:00:00,S,83,74340078.46
can,PT,2017-07-01 00:00:00,U,134,56931006.660000004
can,PT,2017-07-01 00:00:00,W,8,22424683.06
can,PT,2017-08-01 00:00:00,S,79,508874620.52
can,PT,2017-08-01 00:00:00,U,211,132764072.30000001
can,PT,2017-08-01 00:00:00,W,9,63762273.24
can,PT,2017-09-01 00:00:00,S,91,42064305.71999999
can,PT,2017-09-01 00:00:00,U,194,72277592.75
can,PT,2017-09-01 00:00:00,W,8,8689365.35
can,PT,2017-10-01 00:00:00,S,109,42967446.57
can,PT,2017-10-01 00:00:00,U,237,55353875.58
can,PT,2017-10-01 00:00:00,W,10,50577166.13
can,PT,2017-11-01 00:00:00,S,100,42739133.85
can,PT,2017-11-01 00:00:00,U,224,90600576.92
can,PT,2017-11-01 00:00:00,W,7,17317312.93
can,PT,2017-12-01 00:00:00,S,80,253947880.29999998
can,PT,2017-12-01 00:00:00,U,171,87147093.69000001
can,PT,2017-12-01 00:00:00,W,7,128246927.88
can,PT,2018-01-01 00:00:00,S,127,89250829.15
can,PT,2018-01-01 00:00:00,U,225,188586887.82000002
can,PT,2018-01-01 00:00:00,W,24,34280983.03
can,PT,2018-02-01 00:00:00,S,86,49154379.57
can,PT,2018-02-01 00:00:00,U,330,80926216.77
can,PT,2018-02-01 00:00:00,W,1,5468089.95
can,PT,2018-03-01 00:00:00,S,106,74488475.07
can,PT,2018-03-01 00:00:00,U,309,87347559.11
can,PT,2018-03-01 00:00:00,W,12,26827141.71
can,PT,2018-04-01 00:00:00,S,81,66749781.51
can,PT,2018-04-01 00:00:00,U,146,76037826.65
can,PT,2018-04-01 00:00:00,W,11,27054333.71
can,PT,2018-05-01 00:00:00,S,140,95324113.66
can,PT,2018-05-01 00:00:00,U,282,145039883.49000004
can,PT,2018-05-01 00:00:00,W,19,54491566.92
can,PT,2018-06-01 00:00:00,S,101,66501876.65
can,PT,2018-06-01 00:00:00,U,145,65153338.660000004
can,PT,2018-06-01 00:00:00,W,28,127381294.39
can,PT,2018-07-01 00:00:00,S,140,174958954.34
can,PT,2018-07-01 00:00:00,U,214,217007504.05999997
can,PT,2018-07-01 00:00:00,W,23,117204820.77
can,PT,2018-08-01 00:00:00,S,92,48057958.03999999
can,PT,2018-08-01 00:00:00,U,206,59905083.570000015
can,PT,2018-08-01 00:00:00,W,15,33547737.939999998
can,PT,2018-09-01 00:00:00,S,145,420193538.38
can,PT,2018-09-01 00:00:00,U,141,36652090.87
can,PT,2018-09-01 00:00:00,W,18,28870582.32
can,PT,2018-10-01 00:00:00,S,153,378222637.6600001
can,PT,2018-10-01 00:00:00,U,185,114750791.99
can,PT,2018-10-01 00:00:00,W,28,67972451.47
can,PT,2018-11-01 00:00:00,S,135,93438675.93000002
can,PT,2018-11-01 00:00:00,U,252,162178720.33999997
can,PT,2018-11-01 00:00:00,W,16,76261110.98000002
can,PT,2018-12-01 00:00:00,S,105,104514678.00999998
can,PT,2018-12-01 00:00:00,U,98,67989841.16
can,PT,2018-12-01 00:00:00,W,5,7800160.68
can,PT,2019-01-01 00:00:00,S,154,144263325.14
can,PT,2019-01-01 00:00:00,U,115,77038115.72
can,PT,2019-01-01 00:00:00,W,13,40100973.06999999
can,PT,2019-02-01 00:00:00,S,157,167663768.56
can,PT,2019-02-01 00:00:00,U,265,79257385.67
can,PT,2019-02-01 00:00:00,W,10,62835540.02
can,PT,2019-03-01 00:00:00,S,163,225178027.68999997
can,PT,2019-03-01 00:00:00,U,316,100919771.17
can,PT,2019-03-01 00:00:00,W,15,62176004.65
can,PT,2019-04-01 00:00:00,S,169,136828552.14999998
can,PT,2019-04-01 00:00:00,U,285,62037139.68000001
can,PT,2019-04-01 00:00:00,W,11,123923669.16000001
can,PT,2019-05-01 00:00:00,S,134,254752749.33000007
can,PT,2019-05-01 00:00:00,U,289,1472219104.4399998
can,PT,2019-05-01 00:00:00,W,14,226792243.51
can,PT,2019-06-01 00:00:00,S,173,51523119.10000001
can,PT,2019-06-01 00:00:00,U,181,44777711.31
can,PT,2019-06-01 00:00:00,W,6,14175059.4
can,PT,2019-07-01 00:00:00,S,152,150881370.12
can,PT,2019-07-01 00:00:00,U,115,68813887.69
can,PT,2019-07-01 00:00:00,W,18,80340733.23
can,PT,2019-08-01 00:00:00,S,118,6166917302.2300005
can,PT,2019-08-01 00:00:00,U,95,81014116.41
can,PT,2019-08-01 00:00:00,W,10,86492102.61999999
can,PT,2019-09-01 00:00:00,S,113,97670247.38999999
can,PT,2019-09-01 00:00:00,U,120,187030824.20999998
can,PT,2019-09-01 00:00:00,W,10,15450878.4
can,PT,2019-10-01 00:00:00,S,180,220339560.58999997
can,PT,2019-10-01 00:00:00,U,124,171543090.92999998
can,PT,2019-10-01 00:00:00,W,13,100189283.25
can,PT,2019-11-01 00:00:00,S,137,132716239.55000001
can,PT,2019-11-01 00:00:00,U,121,103959863.69
can,PT,2019-11-01 00:00:00,W,22,106052278.24999999
can,PT,2019-12-01 00:00:00,S,191,245396611.16000003
can,PT,2019-12-01 00:00:00,U,60,60340256.89
can,PT,2019-12-01 00:00:00,W,15,65803919.330000006
can,PT,2020-01-01 00:00:00,S,149,208107600.09000003
can,PT,2020-01-01 00:00:00,U,115,95878504.77000001
can,PT,2020-01-01 00:00:00,W,22,49362489.629999995
can,PT,2020-02-01 00:00:00,S,119,105766173.90000002
can,PT,2020-02-01 00:00:00,U,105,115665672.94
can,PT,2020-02-01 00:00:00,W,21,102812336.22999999
can,PT,2020-03-01 00:00:00,S,151,212497010.66
can,PT,2020-03-01 00:00:00,U,95,46005128.620000005
can,PT,2020-03-01 00:00:00,W,10,70609087.46999998
can,PT,2020-04-01 00:00:00,S,127,195338291.64
can,PT,2020-04-01 00:00:00,U,106,708290009.53
can,PT,2020-04-01 00:00:00,W,14,17917907.1
can,PT,2020-05-01 00:00:00,S,152,127441546.94
can,PT,2020-05-01 00:00:00,U,116,466710682.44
can,PT,2020-05-01 00:00:00,W,9,71828697.69
can,PT,2020-06-01 00:00:00,S,121,211819462.23999998
can,PT,2020-06-01 00:00:00,U,116,174350470.35
can,PT,2020-06-01 00:00:00,W,11,45182435.66
can,PT,2020-07-01 00:00:00,S,159,167208978.55
can,PT,2020-07-01 00:00:00,U,95,92175781.67
can,PT,2020-07-01 00:00:00,W,20,226782252.04000002
can,PT,2020-08-01 00:00:00,S,129,79214165.63
can,PT,2020-08-01 00:00:00,U,90,127634605.06
can,PT,2020-08-01 00:00:00,W,14,26077603.43
can,PT,2020-09-01 00:00:00,S,193,136035539.63000003
can,PT,2020-09-01 00:00:00,U,111,97378881.44
can,PT,2020-09-01 00:00:00,W,19,221277414.42
can,PT,2020-10-01 00:00:00,S,137,138225938.48999998
can,PT,2020-10-01 00:00:00,U,99,133993757.54000002
can,PT,2020-10-01 00:00:00,W,14,67753155.63
can,PT,2020-11-01 00:00:00,S,154,489708690.9499999
can,PT,2020-11-01 00:00:00,U,103,59923443.68000001
can,PT,2020-11-01 00:00:00,W,19,342007747.39000005
can,PT,2020-12-01 00:00:00,S,121,108137407.24999999
can,PT,2020-12-01 00:00:00,U,111,96060267.77999997
can,PT,2020-12-01 00:00:00,W,27,694633735.8900001
can,PT,2021-01-01 00:00:00,S,154,1350801715.4599998
can,PT,2021-01-01 00:00:00,U,131,301104280.51
can,PT,2021-01-01 00:00:00,W,18,116648404.71999998
can,PT,2021-02-01 00:00:00,S,167,1358492788.73
can,PT,2021-02-01 00:00:00,U,169,382705031.62
can,PT,2021-02-01 00:00:00,W,26,141036238.07
can,PT,2021-03-01 00:00:00,S,182,154622317.58
can,PT,2021-03-01 00:00:00,U,148,89687911.84000002
can,PT,2021-03-01 00:00:00,W,26,96444138.06
can,PT,2021-04-01 00:00:00,S,146,270950784.6
can,PT,2021-04-01 00:00:00,U,112,145087249.83
can,PT,2021-04-01 00:00:00,W,9,255472181.46000004
can,PT,2021-05-01 00:00:00,S,160,206987987.11000004
can,PT,2021-05-01 00:00:00,U,106,141727493.88
can,PT,2021-05-01 00:00:00,W,10,87357512.64
can,PT,2021-06-01 00:00:00,S,129,102645048.92000002
can,PT,2021-06-01 00:00:00,U,110,118127738.85
can,PT,2021-06-01 00:00:00,W,16,103356665.58
can,PT,2021-07-01 00:00:00,S,117,85866775.91
can,PT,2021-07-01 00:00:00,U,121,116279080.01000002
can,PT,2021-07-01 00:00:00,W,29,104788507.11999999
can,PT,2021-08-01 00:00:00,S,128,197374247.33999997
can,PT,2021-08-01 00:00:00,U,109,81379209.18
can,PT,2021-08-01 00:00:00,W,20,88013276.79999998
can,PT,2021-09-01 00:00:00,S,135,244225140.47
can,PT,2021-09-01 00:00:00,U,137,359821936.87
can,PT,2021-09-01 00:00:00,W,17,117015378.62
can,PT,2021-10-01 00:00:00,S,128,224095305.63000003
can,PT,2021-10-01 00:00:00,U,107,71556352.56
can,PT,2021-10-01 00:00:00,W,16,72666955.32000001
can,PT,2021-11-01 00:00:00,S,118,157954159.48000002
can,PT,2021-11-01 00:00:00,U,91,56606664.1
can,PT,2021-11-01 00:00:00,W,14,86672940.53
can,PT,2021-12-01 00:00:00,S,152,196703438.35000002
can,PT,2021-12-01 00:00:00,U,100,66661003.760000005
can,PT,2021-12-01 00:00:00,W,19,180849128.98000005
can,PT,2022-01-01 00:00:00,S,155,150603794.05999997
can,PT,2022-01-01 00:00:00,U,119,106487994.15
can,PT,2022-01-01 00:00:00,W,5,64593277.07
can,PT,2022-02-01 00:00:00,S,127,254645357.16
can,PT,2022-02-01 00:00:00,U,131,85377155.33999999
can,PT,2022-02-01 00:00:00,W,10,39157169.48
can,PT,2022-03-01 00:00:00,S,119,129226230.45
can,PT,2022-03-01 00:00:00,U,133,90719310.16999999
can,PT,2022-03-01 00:00:00,W,11,99658098.67999999
can,PT,2022-04-01 00:00:00,S,104,94331988.56999998
can,PT,2022-04-01 00:00:00,U,97,93341002.88
can,PT,2022-04-01 00:00:00,W,16,83139931.67
can,PT,2022-05-01 00:00:00,S,153,175088364.9
can,PT,2022-05-01 00:00:00,U,141,126318031.78000002
can,PT,2022-05-01 00:00:00,W,17,127104511.31
can,PT,2022-06-01 00:00:00,S,126,120001117.24
can,PT,2022-06-01 00:00:00,U,108,66168322.510000005
can,PT,2022-06-01 00:00:00,W,12,52550550.21999999
can,PT,2022-07-01 00:00:00,S,115,189554756.48000002
can,PT,2022-07-01 00:00:00,U,114,198848161.46999997
can,PT,2022-07-01 00:00:00,W,13,105848980.36
can,PT,2022-08-01 00:00:00,S,138,145532211.73
can,PT,2022-08-01 00:00:00,U,132,130885717.05000001
can,PT,2022-08-01 00:00:00,W,22,96367859.74
can,PT,2022-09-01 00:00:00,S,199,202204669.22
can,PT,2022-09-01 00:00:00,U,118,144350275.5
can,PT,2022-09-01 00:00:00,W,9,54608496.16000001
can,PT,2022-10-01 00:00:00,S,136,311953801.68000007
can,PT,2022-10-01 00:00:00,U,113,117874123.42999999
can,PT,2022-10-01 00:00:00,W,16,175982410.19
can,PT,2022-11-01 00:00:00,S,123,89483098.01
can,PT,2022-11-01 00:00:00,U,139,307405136.77
can,PT,2022-11-01 00:00:00,W,19,97670601.99
can,PT,2022-12-01 00:00:00,S,136,274641729.65000004
can,PT,2022-12-01 00:00:00,U,103,82908811.1
can,PT,2022-12-01 00:00:00,W,16,116922148.39999999
can,PT,2023-01-01 00:00:00,S,223,178555850.59
can,PT,2023-01-01 00:00:00,U,144,327144337.04999995
can,PT,2023-01-01 00:00:00,W,9,67137023.6
can,PT,2023-02-01 00:00:00,S,197,3039385898.86
can,PT,2023-02-01 00:00:00,U,130,78367439.21
can,PT,2023-02-01 00:00:00,W,11,45338589.88
can,PT,2023-03-01 00:00:00,S,182,366045887.75
can,PT,2023-03-01 00:00:00,U,165,216177984.39000002
can,PT,2023-03-01 00:00:00,W,13,91741871.28999999
can,PT,2023-04-01 00:00:00,S,117,100201645.29000002
can,PT,2023-04-01 00:00:00,U,107,198688588.03
can,PT,2023-04-01 00:00:00,W,11,96351902.99000001
can,PT,2023-05-01 00:00:00,S,160,113925029.56
can,PT,2023-05-01 00:00:00,U,148,246437696.19
can,PT,2023-05-01 00:00:00,W,21,137059531.24
can,PT,2023-06-01 00:00:00,S,161,114737903.26
can,PT,2023-06-01 00:00:00,U,147,102468837.46
can,PT,2023-06-01 00:00:00,W,12,105872062.72
can,PT,2023-07-01 00:00:00,S,160,287491525.25
can,PT,2023-07-01 00:00:00,U,170,192113048.2
can,PT,2023-07-01 00:00:00,W,16,83390334.88
can,PT,2023-08-01 00:00:00,S,172,403973750.2700001
can,PT,2023-08-01 00:00:00,U,157,346853375.12
can,PT,2023-08-01 00:00:00,W,22,86943735.22000001
can,PT,2023-09-01 00:00:00,S,240,196718797.26999998
can,PT,2023-09-01 00:00:00,U,201,234121659.09000003
can,PT,2023-09-01 00:00:00,W,13,89323436.76
can,RO,2016-01-01 00:00:00,S,96,109855469.79
can,RO,2016-01-01 00:00:00,U,205,391616476.55999994
can,RO,2016-01-01 00:00:00,W,14,113117723.99000001
can,RO,2016-02-01 00:00:00,S,98,123210011.08000001
can,RO,2016-02-01 00:00:00,U,217,202061978.01999995
can,RO,2016-02-01 00:00:00,W,8,20148607.88
can,RO,2016-03-01 00:00:00,S,91,82054453.22999999
can,RO,2016-03-01 00:00:00,U,204,341119208.31999993
can,RO,2016-03-01 00:00:00,W,11,28536642.860000003
can,RO,2016-04-01 00:00:00,S,118,44073876.53000001
can,RO,2016-04-01 00:00:00,U,202,206984374.49
can,RO,2016-04-01 00:00:00,W,6,45591405.39000001
can,RO,2016-05-01 00:00:00,S,188,204543833.06999996
can,RO,2016-05-01 00:00:00,U,217,218201956.57000005
can,RO,2016-05-01 00:00:00,W,8,48547300.72
can,RO,2016-06-01 00:00:00,S,97,131312227.29000002
can,RO,2016-06-01 00:00:00,U,235,227208333.19000003
can,RO,2016-06-01 00:00:00,W,12,216823060.94
can,RO,2016-07-01 00:00:00,S,91,108070550.77000001
can,RO,2016-07-01 00:00:00,U,222,284656452.66999996
can,RO,2016-07-01 00:00:00,W,9,99516808.64999999
can,RO,2016-08-01 00:00:00,S,75,264267944.30999997
can,RO,2016-08-01 00:00:00,U,188,270414173.45000005
can,RO,2016-08-01 00:00:00,W,10,45175627.83
can,RO,2016-09-01 00:00:00,S,60,248325456.25999996
can,RO,2016-09-01 00:00:00,U,148,414554234.99
can,RO,2016-09-01 00:00:00,W,4,10804320.8
can,RO,2016-10-01 00:00:00,S,60,206243464.71000004
can,RO,2016-10-01 00:00:00,U,145,192350038.79999998
can,RO,2016-10-01 00:00:00,W,9,87973498.60000001
can,RO,2016-11-01 00:00:00,S,72,287364824.21000004
can,RO,2016-11-01 00:00:00,U,232,289464211.82000005
can,RO,2016-11-01 00:00:00,W,11,316210275.3299999
can,RO,2016-12-01 00:00:00,S,101,90557403.84
can,RO,2016-12-01 00:00:00,U,323,326688529.45
can,RO,2016-12-01 00:00:00,W,12,82725982.78999999
can,RO,2017-01-01 00:00:00,S,112,82662904.22000001
can,RO,2017-01-01 00:00:00,U,249,443700919.54999995
can,RO,2017-01-01 00:00:00,W,4,9079444.190000001
can,RO,2017-02-01 00:00:00,S,57,55991929.5
can,RO,2017-02-01 00:00:00,U,169,179873150.03000003
can,RO,2017-02-01 00:00:00,W,7,236227598.87
can,RO,2017-03-01 00:00:00,S,82,116168138.9
can,RO,2017-03-01 00:00:00,U,237,296220791.38
can,RO,2017-03-01 00:00:00,W,9,48290002.88999999
can,RO,2017-04-01 00:00:00,S,99,72971296.67999999
can,RO,2017-04-01 00:00:00,U,164,334364550.09
can,RO,2017-04-01 00:00:00,W,4,9767371.700000001
can,RO,2017-05-01 00:00:00,S,132,104696845.96
can,RO,2017-05-01 00:00:00,U,238,174629823.98000002
can,RO,2017-05-01 00:00:00,W,36,802589759.68
can,RO,2017-06-01 00:00:00,S,120,172915791.96
can,RO,2017-06-01 00:00:00,U,270,450974823.0899999
can,RO,2017-06-01 00:00:00,W,17,34974039.89
can,RO,2017-07-01 00:00:00,S,123,286811731.57
can,RO,2017-07-01 00:00:00,U,296,2224116105.38
can,RO,2017-07-01 00:00:00,W,38,44196886.99
can,RO,2017-08-01 00:00:00,S,122,239798074.01000002
can,RO,2017-08-01 00:00:00,U,311,279712298.4200001
can,RO,2017-08-01 00:00:00,W,14,233868855.2
can,RO,2017-09-01 00:00:00,S,99,137670902.52
can,RO,2017-09-01 00:00:00,U,278,332680040.96000004
can,RO,2017-09-01 00:00:00,W,22,635308664.71
can,RO,2017-10-01 00:00:00,S,124,120311154.89000002
can,RO,2017-10-01 00:00:00,U,359,506545867.15999997
can,RO,2017-10-01 00:00:00,W,13,54172039.400000006
can,RO,2017-11-01 00:00:00,S,130,193527825.87999997
can,RO,2017-11-01 00:00:00,U,332,466983011.07000005
can,RO,2017-11-01 00:00:00,W,11,28961679.499999996
can,RO,2017-12-01 00:00:00,S,118,303576185.0
can,RO,2017-12-01 00:00:00,U,348,461642358.61
can,RO,2017-12-01 00:00:00,W,13,179633684.63
can,RO,2018-01-01 00:00:00,S,146,224527070.66999993
can,RO,2018-01-01 00:00:00,U,311,464560852.20999986
can,RO,2018-01-01 00:00:00,W,10,84165627.41999999
can,RO,2018-02-01 00:00:00,S,106,106773006.59
can,RO,2018-02-01 00:00:00,U,232,293992479.01
can,RO,2018-02-01 00:00:00,W,8,456215720.22
can,RO,2018-03-01 00:00:00,S,127,142663306.85
can,RO,2018-03-01 00:00:00,U,241,419368711.96999997
can,RO,2018-03-01 00:00:00,W,19,88132785.86999999
can,RO,2018-04-01 00:00:00,S,107,133662976.04
can,RO,2018-04-01 00:00:00,U,178,342089280.09000003
can,RO,2018-04-01 00:00:00,W,13,133977395.49
can,RO,2018-05-01 00:00:00,S,141,291421124.27
can,RO,2018-05-01 00:00:00,U,224,419560029.0399999
can,RO,2018-05-01 00:00:00,W,16,152115936.03
can,RO,2018-06-01 00:00:00,S,123,263710269.06000003
can,RO,2018-06-01 00:00:00,U,269,413164615.69000006
can,RO,2018-06-01 00:00:00,W,21,170202525.82999998
can,RO,2018-07-01 00:00:00,S,192,193177420.98
can,RO,2018-07-01 00:00:00,U,334,449111746.34000003
can,RO,2018-07-01 00:00:00,W,22,223925022.73000002
can,RO,2018-08-01 00:00:00,S,316,218518569.01999995
can,RO,2018-08-01 00:00:00,U,310,515267198.94000006
can,RO,2018-08-01 00:00:00,W,30,218713557.44000003
can,RO,2018-09-01 00:00:00,S,189,121363319.05
can,RO,2018-09-01 00:00:00,U,357,479523747.65
can,RO,2018-09-01 00:00:00,W,39,545022830.36
can,RO,2018-10-01 00:00:00,S,325,315772071.7099999
can,RO,2018-10-01 00:00:00,U,442,318648451.43
can,RO,2018-10-01 00:00:00,W,30,181991195.12
can,RO,2018-11-01 00:00:00,S,174,200391038.20999998
can,RO,2018-11-01 00:00:00,U,367,297528813.69
can,RO,2018-11-01 00:00:00,W,48,483627030.31
can,RO,2018-12-01 00:00:00,S,161,83216668.35999998
can,RO,2018-12-01 00:00:00,U,351,250955999.76999998
can,RO,2018-12-01 00:00:00,W,9,74257148.51
can,RO,2019-01-01 00:00:00,S,222,189164908.48
can,RO,2019-01-01 00:00:00,U,432,457723756.6000001
can,RO,2019-01-01 00:00:00,W,17,106002666.54
can,RO,2019-02-01 00:00:00,S,166,178078205.10000002
can,RO,2019-02-01 00:00:00,U,346,202538270.59
can,RO,2019-02-01 00:00:00,W,20,144717867.51999998
can,RO,2019-03-01 00:00:00,S,272,109259638.85
can,RO,2019-03-01 00:00:00,U,414,252325795.18
can,RO,2019-03-01 00:00:00,W,19,75932853.49
can,RO,2019-04-01 00:00:00,S,221,297416546.16
can,RO,2019-04-01 00:00:00,U,402,409100389.27000004
can,RO,2019-04-01 00:00:00,W,35,117394858.35999998
can,RO,2019-05-01 00:00:00,S,308,231783892.26000005
can,RO,2019-05-01 00:00:00,U,667,701022466.17
can,RO,2019-05-01 00:00:00,W,41,224019490.37
can,RO,2019-06-01 00:00:00,S,244,210682980.40000004
can,RO,2019-06-01 00:00:00,U,502,556512190.99
can,RO,2019-06-01 00:00:00,W,27,304589551.39
can,RO,2019-07-01 00:00:00,S,307,6410522040.360002
can,RO,2019-07-01 00:00:00,U,692,983303203.7
can,RO,2019-07-01 00:00:00,W,50,367409928.90999997
can,RO,2019-08-01 00:00:00,S,311,165049306.71
can,RO,2019-08-01 00:00:00,U,544,782952767.8399999
can,RO,2019-08-01 00:00:00,W,58,711472761.4100001
can,RO,2019-09-01 00:00:00,S,329,158221887.20999998
can,RO,2019-09-01 00:00:00,U,604,612687233.93
can,RO,2019-09-01 00:00:00,W,47,216592645.29999998
can,RO,2019-10-01 00:00:00,S,338,697778513.8900001
can,RO,2019-10-01 00:00:00,U,794,626858810.9599998
can,RO,2019-10-01 00:00:00,W,62,440280586.05
can,RO,2019-11-01 00:00:00,S,313,196328936.89
can,RO,2019-11-01 00:00:00,U,832,756419841.3300002
can,RO,2019-11-01 00:00:00,W,77,1325554224.41
can,RO,2019-12-01 00:00:00,S,256,324656576.03
can,RO,2019-12-01 00:00:00,U,783,617201321.38
can,RO,2019-12-01 00:00:00,W,42,272157381.22999996
can,RO,2020-01-01 00:00:00,S,363,569261681.84
can,RO,2020-01-01 00:00:00,U,868,518882475.9800001
can,RO,2020-01-01 00:00:00,W,57,473871305.07000005
can,RO,2020-02-01 00:00:00,S,285,174090235.69
can,RO,2020-02-01 00:00:00,U,744,382797420.03000003
can,RO,2020-02-01 00:00:00,W,53,1635515419.79
can,RO,2020-03-01 00:00:00,S,323,125133976.18
can,RO,2020-03-01 00:00:00,U,651,694321843.7799999
can,RO,2020-03-01 00:00:00,W,53,834118526.0899999
can,RO,2020-04-01 00:00:00,S,381,510955902.29999983
can,RO,2020-04-01 00:00:00,U,821,931447392.1199999
can,RO,2020-04-01 00:00:00,W,73,811113066.5099999
can,RO,2020-05-01 00:00:00,S,343,336907608.96
can,RO,2020-05-01 00:00:00,U,1073,1936282057.9499996
can,RO,2020-05-01 00:00:00,W,66,999401087.99
can,RO,2020-06-01 00:00:00,S,318,254253570.83000004
can,RO,2020-06-01 00:00:00,U,811,637310803.35
can,RO,2020-06-01 00:00:00,W,77,563883402.3299999
can,RO,2020-07-01 00:00:00,S,378,516278240.7600001
can,RO,2020-07-01 00:00:00,U,996,741309442.0300001
can,RO,2020-07-01 00:00:00,W,76,1140693980.5
can,RO,2020-08-01 00:00:00,S,240,295033744.86
can,RO,2020-08-01 00:00:00,U,725,492935052.43
can,RO,2020-08-01 00:00:00,W,82,607100772.65
can,RO,2020-09-01 00:00:00,S,443,499683735.0999999
can,RO,2020-09-01 00:00:00,U,890,565812971.6799998
can,RO,2020-09-01 00:00:00,W,91,433683738.2200001
can,RO,2020-10-01 00:00:00,S,365,284255064.08000004
can,RO,2020-10-01 00:00:00,U,1196,797933212.4700001
can,RO,2020-10-01 00:00:00,W,87,904118151.7800001
can,RO,2020-11-01 00:00:00,S,335,368738239.19
can,RO,2020-11-01 00:00:00,U,1164,748717146.99
can,RO,2020-11-01 00:00:00,W,60,435538745.1
can,RO,2020-12-01 00:00:00,S,321,2217991595.54
can,RO,2020-12-01 00:00:00,U,1253,990177117.94
can,RO,2020-12-01 00:00:00,W,58,276862013.5
can,RO,2021-01-01 00:00:00,S,469,550484119.6500001
can,RO,2021-01-01 00:00:00,U,1222,741304915.8
can,RO,2021-01-01 00:00:00,W,66,988729780.1399999
can,RO,2021-02-01 00:00:00,S,316,170584366.92000002
can,RO,2021-02-01 00:00:00,U,896,1254093293.6499999
can,RO,2021-02-01 00:00:00,W,45,289872934.89
can,RO,2021-03-01 00:00:00,S,340,244064010.85
can,RO,2021-03-01 00:00:00,U,980,652510889.96
can,RO,2021-03-01 00:00:00,W,74,357529593.7
can,RO,2021-04-01 00:00:00,S,409,306389998.83
can,RO,2021-04-01 00:00:00,U,1007,581347157.2700001
can,RO,2021-04-01 00:00:00,W,83,605547893.13
can,RO,2021-05-01 00:00:00,S,372,281460523.92
can,RO,2021-05-01 00:00:00,U,1154,973295803.1200002
can,RO,2021-05-01 00:00:00,W,104,1047909483.9399998
can,RO,2021-06-01 00:00:00,S,396,314464712.06
can,RO,2021-06-01 00:00:00,U,1033,875964138.0099998
can,RO,2021-06-01 00:00:00,W,85,317419020.54999995
can,RO,2021-07-01 00:00:00,S,404,596557296.83
can,RO,2021-07-01 00:00:00,U,1240,696918073.77
can,RO,2021-07-01 00:00:00,W,106,788457883.9799999
can,RO,2021-08-01 00:00:00,S,339,222075631.55999997
can,RO,2021-08-01 00:00:00,U,1055,881941203.2300001
can,RO,2021-08-01 00:00:00,W,60,354493567.49
can,RO,2021-09-01 00:00:00,S,405,208677982.45000005
can,RO,2021-09-01 00:00:00,U,1191,687660954.6799998
can,RO,2021-09-01 00:00:00,W,79,390548472.69
can,RO,2021-10-01 00:00:00,S,396,2535608616.1099997
can,RO,2021-10-01 00:00:00,U,1343,987302982.8799998
can,RO,2021-10-01 00:00:00,W,98,478432845.51000005
can,RO,2021-11-01 00:00:00,S,448,211868358.26
can,RO,2021-11-01 00:00:00,U,1220,1017157732.2900002
can,RO,2021-11-01 00:00:00,W,82,509437833.45
can,RO,2021-12-01 00:00:00,S,439,466771166.26000005
can,RO,2021-12-01 00:00:00,U,1415,1427687098.5100005
can,RO,2021-12-01 00:00:00,W,93,639595306.12
can,RO,2022-01-01 00:00:00,S,591,939685655.1099998
can,RO,2022-01-01 00:00:00,U,1471,1398077502.27
can,RO,2022-01-01 00:00:00,W,86,546798629.79
can,RO,2022-02-01 00:00:00,S,436,274414188.55
can,RO,2022-02-01 00:00:00,U,1063,1151752009.1100001
can,RO,2022-02-01 00:00:00,W,55,1409748682.5499997
can,RO,2022-03-01 00:00:00,S,455,450014035.89
can,RO,2022-03-01 00:00:00,U,1227,840370404.3599999
can,RO,2022-03-01 00:00:00,W,97,883145447.1199999
can,RO,2022-04-01 00:00:00,S,523,485212436.27000004
can,RO,2022-04-01 00:00:00,U,1016,1131487654.7
can,RO,2022-04-01 00:00:00,W,97,1343510741.42
can,RO,2022-05-01 00:00:00,S,737,440979207.3400001
can,RO,2022-05-01 00:00:00,U,1149,579538285.85
can,RO,2022-05-01 00:00:00,W,123,775599896.69
can,RO,2022-06-01 00:00:00,S,443,750468512.13
can,RO,2022-06-01 00:00:00,U,1077,1009023865.1300001
can,RO,2022-06-01 00:00:00,W,97,699052343.6
can,RO,2022-07-01 00:00:00,S,520,610667548.39
can,RO,2022-07-01 00:00:00,U,1261,903190344.8299999
can,RO,2022-07-01 00:00:00,W,94,1807287378.0700002
can,RO,2022-08-01 00:00:00,S,510,302324715.13
can,RO,2022-08-01 00:00:00,U,1156,702358523.66
can,RO,2022-08-01 00:00:00,W,108,1766007146.1799996
can,RO,2022-09-01 00:00:00,S,544,823642302.2500002
can,RO,2022-09-01 00:00:00,U,1519,1125064892.8
can,RO,2022-09-01 00:00:00,W,131,1575036548.57
can,RO,2022-10-01 00:00:00,S,659,518688611.2200001
can,RO,2022-10-01 00:00:00,U,1602,1446382165.52
can,RO,2022-10-01 00:00:00,W,133,1727550669.9899998
can,RO,2022-11-01 00:00:00,S,604,526220777.73
can,RO,2022-11-01 00:00:00,U,1521,1117163726.77
can,RO,2022-11-01 00:00:00,W,109,2332225857.0399995
can,RO,2022-12-01 00:00:00,S,567,427949156.02
can,RO,2022-12-01 00:00:00,U,1452,1435909042.4900005
can,RO,2022-12-01 00:00:00,W,124,2159452937.08
can,RO,2023-01-01 00:00:00,S,816,678138752.5600002
can,RO,2023-01-01 00:00:00,U,1454,1985566300.18
can,RO,2023-01-01 00:00:00,W,137,3084431299.2799997
can,RO,2023-02-01 00:00:00,S,565,569267999.91
can,RO,2023-02-01 00:00:00,U,1232,2003406675.4500003
can,RO,2023-02-01 00:00:00,W,107,742180370.37
can,RO,2023-03-01 00:00:00,S,614,369375980.80999994
can,RO,2023-03-01 00:00:00,U,1535,1083763089.69
can,RO,2023-03-01 00:00:00,W,147,1920200767.0700002
can,RO,2023-04-01 00:00:00,S,702,415620084.94000006
can,RO,2023-04-01 00:00:00,U,1283,1279480661.0500002
can,RO,2023-04-01 00:00:00,W,137,1156213722.9599998
can,RO,2023-05-01 00:00:00,S,696,371258732.84000003
can,RO,2023-05-01 00:00:00,U,1732,1113791241.1700003
can,RO,2023-05-01 00:00:00,W,146,3882407094.630001
can,RO,2023-06-01 00:00:00,S,521,372724644.98999995
can,RO,2023-06-01 00:00:00,U,1102,1036356049.03
can,RO,2023-06-01 00:00:00,W,137,641197079.1899999
can,RO,2023-07-01 00:00:00,S,609,423105277.85
can,RO,2023-07-01 00:00:00,U,1483,1849737902.750001
can,RO,2023-07-01 00:00:00,W,139,750102729.85
can,RO,2023-08-01 00:00:00,S,634,3587001238.249999
can,RO,2023-08-01 00:00:00,U,1218,856482226.7900001
can,RO,2023-08-01 00:00:00,W,171,3242403766.68
can,RO,2023-09-01 00:00:00,S,658,300756308.10999995
can,RO,2023-09-01 00:00:00,U,1162,1236584432.74
can,RO,2023-09-01 00:00:00,W,179,1360715386.3099997
can,SE,2016-01-01 00:00:00,S,251,52079453.64000001
can,SE,2016-01-01 00:00:00,U,132,21121374.29
can,SE,2016-01-01 00:00:00,W,44,44005257.33
can,SE,2016-02-01 00:00:00,S,243,73309344.27000001
can,SE,2016-02-01 00:00:00,U,142,4976220.890000001
can,SE,2016-02-01 00:00:00,W,43,438505215.38
can,SE,2016-03-01 00:00:00,S,205,74889000.65
can,SE,2016-03-01 00:00:00,U,136,94554543.51000002
can,SE,2016-03-01 00:00:00,W,34,77814550.67999998
can,SE,2016-04-01 00:00:00,S,233,59174366.71
can,SE,2016-04-01 00:00:00,U,139,7797377.710000001
can,SE,2016-04-01 00:00:00,W,46,523566549.76
can,SE,2016-05-01 00:00:00,S,267,121804358.71
can,SE,2016-05-01 00:00:00,U,172,372237617.66000015
can,SE,2016-05-01 00:00:00,W,57,1481150209.6299999
can,SE,2016-06-01 00:00:00,S,346,6758655172.7699995
can,SE,2016-06-01 00:00:00,U,220,441481416.71
can,SE,2016-06-01 00:00:00,W,82,1838207341.9199998
can,SE,2016-07-01 00:00:00,S,194,283196994.4699999
can,SE,2016-07-01 00:00:00,U,145,797422271.1300001
can,SE,2016-07-01 00:00:00,W,37,247411746.03999996
can,SE,2016-08-01 00:00:00,S,298,407625375.88
can,SE,2016-08-01 00:00:00,U,177,186669962.32999998
can,SE,2016-08-01 00:00:00,W,47,108040483.68
can,SE,2016-09-01 00:00:00,S,266,775177441.0799999
can,SE,2016-09-01 00:00:00,U,170,263314644.34999996
can,SE,2016-09-01 00:00:00,W,43,2249591204.93
can,SE,2016-10-01 00:00:00,S,299,889699891.9399999
can,SE,2016-10-01 00:00:00,U,183,401760731.96
can,SE,2016-10-01 00:00:00,W,68,1293849762.1000001
can,SE,2016-11-01 00:00:00,S,275,833999763.4899999
can,SE,2016-11-01 00:00:00,U,167,245619042.97999996
can,SE,2016-11-01 00:00:00,W,60,287475605.72
can,SE,2016-12-01 00:00:00,S,267,270017139.11
can,SE,2016-12-01 00:00:00,U,145,141791587.82000002
can,SE,2016-12-01 00:00:00,W,42,211435355.85999998
can,SE,2017-01-01 00:00:00,S,252,57568204.800000004
can,SE,2017-01-01 00:00:00,U,152,121337308.06
can,SE,2017-01-01 00:00:00,W,46,87284065.12
can,SE,2017-02-01 00:00:00,S,247,67225630.97
can,SE,2017-02-01 00:00:00,U,158,45055771.589999996
can,SE,2017-02-01 00:00:00,W,38,191546342.01000002
can,SE,2017-03-01 00:00:00,S,284,113930336.42999999
can,SE,2017-03-01 00:00:00,U,210,175449899.47999996
can,SE,2017-03-01 00:00:00,W,62,211018055.95999998
can,SE,2017-04-01 00:00:00,S,264,167377106.74
can,SE,2017-04-01 00:00:00,U,176,385744320.02
can,SE,2017-04-01 00:00:00,W,51,830232972.05
can,SE,2017-05-01 00:00:00,S,302,2104117394.869999
can,SE,2017-05-01 00:00:00,U,228,240987167.14
can,SE,2017-05-01 00:00:00,W,55,356218696.8599999
can,SE,2017-06-01 00:00:00,S,347,417463837.21000004
can,SE,2017-06-01 00:00:00,U,225,493656354.80999994
can,SE,2017-06-01 00:00:00,W,83,319089257.06
can,SE,2017-07-01 00:00:00,S,254,1268696079.36
can,SE,2017-07-01 00:00:00,U,154,288301636.00000006
can,SE,2017-07-01 00:00:00,W,43,498390281.9899999
can,SE,2017-08-01 00:00:00,S,297,545318625.0600001
can,SE,2017-08-01 00:00:00,U,187,207440762.79
can,SE,2017-08-01 00:00:00,W,65,513540599.38
can,SE,2017-09-01 00:00:00,S,303,412102995.24
can,SE,2017-09-01 00:00:00,U,197,187240024.31000003
can,SE,2017-09-01 00:00:00,W,39,353060390.88
can,SE,2017-10-01 00:00:00,S,330,1933254328.5000007
can,SE,2017-10-01 00:00:00,U,164,297430791.33
can,SE,2017-10-01 00:00:00,W,60,317851133.57
can,SE,2017-11-01 00:00:00,S,342,1125422986.4500003
can,SE,2017-11-01 00:00:00,U,180,175698099.69
can,SE,2017-11-01 00:00:00,W,53,257095178.79
can,SE,2017-12-01 00:00:00,S,324,9143735748.660004
can,SE,2017-12-01 00:00:00,U,158,233495355.34000003
can,SE,2017-12-01 00:00:00,W,32,251597627.60999998
can,SE,2018-01-01 00:00:00,S,374,2588192589.6299996
can,SE,2018-01-01 00:00:00,U,187,258006986.88000003
can,SE,2018-01-01 00:00:00,W,42,487140277.09
can,SE,2018-02-01 00:00:00,S,368,686185335.42
can,SE,2018-02-01 00:00:00,U,198,993099786.26
can,SE,2018-02-01 00:00:00,W,61,511962437.07000005
can,SE,2018-03-01 00:00:00,S,371,804361176.07
can,SE,2018-03-01 00:00:00,U,184,302912842.33
can,SE,2018-03-01 00:00:00,W,82,833797657.1800002
can,SE,2018-04-01 00:00:00,S,322,1260387476.96
can,SE,2018-04-01 00:00:00,U,237,394838620.57
can,SE,2018-04-01 00:00:00,W,61,936922135.0399998
can,SE,2018-05-01 00:00:00,S,407,3455570923.0699997
can,SE,2018-05-01 00:00:00,U,233,292220736.13
can,SE,2018-05-01 00:00:00,W,78,610318126.38
can,SE,2018-06-01 00:00:00,S,421,8266793245.990001
can,SE,2018-06-01 00:00:00,U,202,217512721.14
can,SE,2018-06-01 00:00:00,W,77,674326845.3900001
can,SE,2018-07-01 00:00:00,S,285,2019272198.2400002
can,SE,2018-07-01 00:00:00,U,157,1402980255.3300002
can,SE,2018-07-01 00:00:00,W,44,203195068.02999997
can,SE,2018-08-01 00:00:00,S,339,555603867.3900001
can,SE,2018-08-01 00:00:00,U,178,257774460.68
can,SE,2018-08-01 00:00:00,W,64,786120681.51
can,SE,2018-09-01 00:00:00,S,329,323325863.27
can,SE,2018-09-01 00:00:00,U,168,329695514.64
can,SE,2018-09-01 00:00:00,W,43,383101922.1599999
can,SE,2018-10-01 00:00:00,S,386,1163031789.3100004
can,SE,2018-10-01 00:00:00,U,202,394586897.14
can,SE,2018-10-01 00:00:00,W,52,449483312.20000005
can,SE,2018-11-01 00:00:00,S,362,925815443.23
can,SE,2018-11-01 00:00:00,U,198,294757655.94
can,SE,2018-11-01 00:00:00,W,55,288458210.05
can,SE,2018-12-01 00:00:00,S,342,1037473778.0400003
can,SE,2018-12-01 00:00:00,U,186,331590973.91999996
can,SE,2018-12-01 00:00:00,W,53,577781084.06
can,SE,2019-01-01 00:00:00,S,379,1050512919.3199999
can,SE,2019-01-01 00:00:00,U,240,588278805.6899997
can,SE,2019-01-01 00:00:00,W,60,554347485.8399999
can,SE,2019-02-01 00:00:00,S,374,5075034883.280001
can,SE,2019-02-01 00:00:00,U,195,543778429.9
can,SE,2019-02-01 00:00:00,W,58,595082075.91
can,SE,2019-03-01 00:00:00,S,407,1565623718.3999999
can,SE,2019-03-01 00:00:00,U,216,1904348437.7700002
can,SE,2019-03-01 00:00:00,W,61,820338632.79
can,SE,2019-04-01 00:00:00,S,398,1098323981.7299998
can,SE,2019-04-01 00:00:00,U,188,1422188876.11
can,SE,2019-04-01 00:00:00,W,64,577558982.36
can,SE,2019-05-01 00:00:00,S,401,1494028128.9499998
can,SE,2019-05-01 00:00:00,U,208,324643740.60999995
can,SE,2019-05-01 00:00:00,W,58,541725452.0799999
can,SE,2019-06-01 00:00:00,S,446,1081944274.7700002
can,SE,2019-06-01 00:00:00,U,248,498114843.34000015
can,SE,2019-06-01 00:00:00,W,65,901527050.4599999
can,SE,2019-07-01 00:00:00,S,348,1255354523.1799998
can,SE,2019-07-01 00:00:00,U,155,332443907.71000004
can,SE,2019-07-01 00:00:00,W,55,1708489689.69
can,SE,2019-08-01 00:00:00,S,381,1060225395.8299999
can,SE,2019-08-01 00:00:00,U,207,438039930.70000005
can,SE,2019-08-01 00:00:00,W,52,437492144.24
can,SE,2019-09-01 00:00:00,S,302,1307450589.97
can,SE,2019-09-01 00:00:00,U,200,259180096.51
can,SE,2019-09-01 00:00:00,W,42,1068540700.4399999
can,SE,2019-10-01 00:00:00,S,472,2409681303.85
can,SE,2019-10-01 00:00:00,U,223,1638800767.1599998
can,SE,2019-10-01 00:00:00,W,46,270339325.36999995
can,SE,2019-11-01 00:00:00,S,386,1046746564.9200001
can,SE,2019-11-01 00:00:00,U,161,227561261.47
can,SE,2019-11-01 00:00:00,W,52,922926944.6600001
can,SE,2019-12-01 00:00:00,S,392,639903655.95
can,SE,2019-12-01 00:00:00,U,191,560369256.6699998
can,SE,2019-12-01 00:00:00,W,52,692294326.7099999
can,SE,2020-01-01 00:00:00,S,434,1399915296.25
can,SE,2020-01-01 00:00:00,U,241,985393061.66
can,SE,2020-01-01 00:00:00,W,52,325939117.1500001
can,SE,2020-02-01 00:00:00,S,432,4441106333.5
can,SE,2020-02-01 00:00:00,U,223,874869205.4800001
can,SE,2020-02-01 00:00:00,W,85,557281409.1299999
can,SE,2020-03-01 00:00:00,S,415,3389957914.229999
can,SE,2020-03-01 00:00:00,U,251,742705293.1
can,SE,2020-03-01 00:00:00,W,54,811843536.18
can,SE,2020-04-01 00:00:00,S,356,11101415779.769997
can,SE,2020-04-01 00:00:00,U,202,274131878.91999996
can,SE,2020-04-01 00:00:00,W,70,1528304729.56
can,SE,2020-05-01 00:00:00,S,379,773890724.1800002
can,SE,2020-05-01 00:00:00,U,214,434936683.59000003
can,SE,2020-05-01 00:00:00,W,63,878729107.6799998
can,SE,2020-06-01 00:00:00,S,433,2067302112.8500001
can,SE,2020-06-01 00:00:00,U,262,469424042.37999994
can,SE,2020-06-01 00:00:00,W,76,2729967634.69
can,SE,2020-07-01 00:00:00,S,263,5331543962.049998
can,SE,2020-07-01 00:00:00,U,133,399317060.8100002
can,SE,2020-07-01 00:00:00,W,47,910497020.5100001
can,SE,2020-08-01 00:00:00,S,327,817367990.8100002
can,SE,2020-08-01 00:00:00,U,172,1008911689.01
can,SE,2020-08-01 00:00:00,W,63,560038901.25
can,SE,2020-09-01 00:00:00,S,348,3466008393.7500024
can,SE,2020-09-01 00:00:00,U,201,600253735.59
can,SE,2020-09-01 00:00:00,W,64,1006993774.6800001
can,SE,2020-10-01 00:00:00,S,338,738482849.87
can,SE,2020-10-01 00:00:00,U,199,312696605.97
can,SE,2020-10-01 00:00:00,W,71,780693562.8900001
can,SE,2020-11-01 00:00:00,S,357,964871360.75
can,SE,2020-11-01 00:00:00,U,207,558881623.73
can,SE,2020-11-01 00:00:00,W,48,342796136.24
can,SE,2020-12-01 00:00:00,S,374,1435375599.4299998
can,SE,2020-12-01 00:00:00,U,218,442467860.5799999
can,SE,2020-12-01 00:00:00,W,62,376589209.1699999
can,SE,2021-01-01 00:00:00,S,489,6038225600.440001
can,SE,2021-01-01 00:00:00,U,203,852120667.18
can,SE,2021-01-01 00:00:00,W,68,559327471.9399999
can,SE,2021-02-01 00:00:00,S,542,2312482762.81
can,SE,2021-02-01 00:00:00,U,269,1070108059.3799999
can,SE,2021-02-01 00:00:00,W,65,1120786057.6000001
can,SE,2021-03-01 00:00:00,S,489,3445123836.1299987
can,SE,2021-03-01 00:00:00,U,286,763143748.4800001
can,SE,2021-03-01 00:00:00,W,77,772656295.61
can,SE,2021-04-01 00:00:00,S,376,1999385943.58
can,SE,2021-04-01 00:00:00,U,241,1024521525.2099998
can,SE,2021-04-01 00:00:00,W,71,998574523.61
can,SE,2021-05-01 00:00:00,S,395,1161322103.7499998
can,SE,2021-05-01 00:00:00,U,261,1540131610.9099998
can,SE,2021-05-01 00:00:00,W,61,654136885.55
can,SE,2021-06-01 00:00:00,S,608,13337330559.080002
can,SE,2021-06-01 00:00:00,U,323,1890367960.29
can,SE,2021-06-01 00:00:00,W,108,1021686445.1400002
can,SE,2021-07-01 00:00:00,S,327,2569957460.79
can,SE,2021-07-01 00:00:00,U,209,485419573.32
can,SE,2021-07-01 00:00:00,W,35,322095023.88000005
can,SE,2021-08-01 00:00:00,S,378,1066384119.47
can,SE,2021-08-01 00:00:00,U,189,1443883880.37
can,SE,2021-08-01 00:00:00,W,47,523129624.50000006
can,SE,2021-09-01 00:00:00,S,537,11262091153.470007
can,SE,2021-09-01 00:00:00,U,246,747423244.15
can,SE,2021-09-01 00:00:00,W,60,1523636237.99
can,SE,2021-10-01 00:00:00,S,457,3492461367.9100003
can,SE,2021-10-01 00:00:00,U,215,372445698.17999995
can,SE,2021-10-01 00:00:00,W,58,616906965.55
can,SE,2021-11-01 00:00:00,S,425,1074854908.8100002
can,SE,2021-11-01 00:00:00,U,235,1289770801.6000001
can,SE,2021-11-01 00:00:00,W,52,655383253.34
can,SE,2021-12-01 00:00:00,S,471,2066643071.0600004
can,SE,2021-12-01 00:00:00,U,212,3091518268.81
can,SE,2021-12-01 00:00:00,W,70,564962434.8
can,SE,2022-01-01 00:00:00,S,392,1190908725.0700002
can,SE,2022-01-01 00:00:00,U,262,2243259489.63
can,SE,2022-01-01 00:00:00,W,48,386471327.51
can,SE,2022-02-01 00:00:00,S,478,800858353.8
can,SE,2022-02-01 00:00:00,U,225,554935207.85
can,SE,2022-02-01 00:00:00,W,65,631770027.7399999
can,SE,2022-03-01 00:00:00,S,499,926399409.1400001
can,SE,2022-03-01 00:00:00,U,291,450966190.87
can,SE,2022-03-01 00:00:00,W,75,853798535.4
can,SE,2022-04-01 00:00:00,S,474,1665160891.8100002
can,SE,2022-04-01 00:00:00,U,262,1019719882.6100001
can,SE,2022-04-01 00:00:00,W,81,1187611820.6000001
can,SE,2022-05-01 00:00:00,S,546,4009218503.1399975
can,SE,2022-05-01 00:00:00,U,270,1016462047.1599998
can,SE,2022-05-01 00:00:00,W,70,709726166.79
can,SE,2022-06-01 00:00:00,S,625,11480394862.110006
can,SE,2022-06-01 00:00:00,U,372,2009161867.36
can,SE,2022-06-01 00:00:00,W,73,1003880097.8200003
can,SE,2022-07-01 00:00:00,S,329,1774546998.0400002
can,SE,2022-07-01 00:00:00,U,143,843313365.88
can,SE,2022-07-01 00:00:00,W,42,520187394.18999994
can,SE,2022-08-01 00:00:00,S,412,5366063381.91
can,SE,2022-08-01 00:00:00,U,227,1289540810.8199997
can,SE,2022-08-01 00:00:00,W,57,5960700820.1
can,SE,2022-09-01 00:00:00,S,444,1871842924.74
can,SE,2022-09-01 00:00:00,U,202,2479813810.3600006
can,SE,2022-09-01 00:00:00,W,68,792512316.15
can,SE,2022-10-01 00:00:00,S,416,1370155256.56
can,SE,2022-10-01 00:00:00,U,218,8322590898.799998
can,SE,2022-10-01 00:00:00,W,53,845490854.34
can,SE,2022-11-01 00:00:00,S,511,6972956733.440007
can,SE,2022-11-01 00:00:00,U,253,619098119.69
can,SE,2022-11-01 00:00:00,W,63,1019013024.6500002
can,SE,2022-12-01 00:00:00,S,508,4668807663.34
can,SE,2022-12-01 00:00:00,U,282,4081895725.840001
can,SE,2022-12-01 00:00:00,W,65,705252159.2299999
can,SE,2023-01-01 00:00:00,S,540,1712021159.7499998
can,SE,2023-01-01 00:00:00,U,292,1652393825.78
can,SE,2023-01-01 00:00:00,W,67,578642382.6899999
can,SE,2023-02-01 00:00:00,S,482,11516287271.599998
can,SE,2023-02-01 00:00:00,U,241,3383012886.3199997
can,SE,2023-02-01 00:00:00,W,64,472412502.98999995
can,SE,2023-03-01 00:00:00,S,514,25845316296.709988
can,SE,2023-03-01 00:00:00,U,283,1036197719.8700002
can,SE,2023-03-01 00:00:00,W,79,1211462684.19
can,SE,2023-04-01 00:00:00,S,451,2949609940.1000013
can,SE,2023-04-01 00:00:00,U,236,3054930659.0599995
can,SE,2023-04-01 00:00:00,W,93,1762760663.16
can,SE,2023-05-01 00:00:00,S,597,4138941480.0499997
can,SE,2023-05-01 00:00:00,U,318,741514532.6100001
can,SE,2023-05-01 00:00:00,W,85,902835953.1899999
can,SE,2023-06-01 00:00:00,S,623,3687114700.4400005
can,SE,2023-06-01 00:00:00,U,329,2315940565.17
can,SE,2023-06-01 00:00:00,W,95,1399259619.1
can,SE,2023-07-01 00:00:00,S,348,1422418791.71
can,SE,2023-07-01 00:00:00,U,152,371709953.62
can,SE,2023-07-01 00:00:00,W,66,1157653778.8200002
can,SE,2023-08-01 00:00:00,S,365,1212310999.74
can,SE,2023-08-01 00:00:00,U,241,1321552823.4299998
can,SE,2023-08-01 00:00:00,W,57,439901862.09000003
can,SE,2023-09-01 00:00:00,S,373,2037851107.2900002
can,SE,2023-09-01 00:00:00,U,208,733056774.02
can,SE,2023-09-01 00:00:00,W,69,605146128.8100001
can,SI,2016-01-01 00:00:00,S,78,76499551.79999998
can,SI,2016-01-01 00:00:00,U,93,78887645.94
can,SI,2016-01-01 00:00:00,W,2,8815125.47
can,SI,2016-02-01 00:00:00,S,49,42775797.55
can,SI,2016-02-01 00:00:00,U,86,52631936.34
can,SI,2016-02-01 00:00:00,W,4,7699549.78
can,SI,2016-03-01 00:00:00,S,44,33398775.189999998
can,SI,2016-03-01 00:00:00,U,56,169337018.26999998
can,SI,2016-03-01 00:00:00,W,6,50501758.25
can,SI,2016-04-01 00:00:00,S,18,11680095.75
can,SI,2016-04-01 00:00:00,U,32,16698525.540000003
can,SI,2016-04-01 00:00:00,W,2,1488419.48
can,SI,2016-05-01 00:00:00,S,60,73278983.27000001
can,SI,2016-05-01 00:00:00,U,69,63497097.099999994
can,SI,2016-05-01 00:00:00,W,6,7999890.43
can,SI,2016-06-01 00:00:00,S,75,44253471.54
can,SI,2016-06-01 00:00:00,U,92,143104294.83
can,SI,2016-06-01 00:00:00,W,10,21970099.75
can,SI,2016-07-01 00:00:00,S,62,40008669.18
can,SI,2016-07-01 00:00:00,U,64,29410374.939999998
can,SI,2016-07-01 00:00:00,W,6,15173149.46
can,SI,2016-08-01 00:00:00,S,108,73043750.62
can,SI,2016-08-01 00:00:00,U,112,89414209.78999999
can,SI,2016-08-01 00:00:00,W,10,22256646.72
can,SI,2016-09-01 00:00:00,S,66,165058673.53
can,SI,2016-09-01 00:00:00,U,77,83050477.76
can,SI,2016-09-01 00:00:00,W,7,37351887.97
can,SI,2016-10-01 00:00:00,S,116,63744432.86000001
can,SI,2016-10-01 00:00:00,U,108,106685356.94000001
can,SI,2016-10-01 00:00:00,W,6,25497294.12
can,SI,2016-11-01 00:00:00,S,68,58772463.17
can,SI,2016-11-01 00:00:00,U,55,52766445.65
can,SI,2016-12-01 00:00:00,S,56,32383262.42
can,SI,2016-12-01 00:00:00,U,64,44457815.99
can,SI,2016-12-01 00:00:00,W,1,837580.26
can,SI,2017-01-01 00:00:00,S,139,67480449.66
can,SI,2017-01-01 00:00:00,U,157,119584396.74000002
can,SI,2017-01-01 00:00:00,W,4,408002.85
can,SI,2017-02-01 00:00:00,S,76,50545811.8
can,SI,2017-02-01 00:00:00,U,160,106419188.23
can,SI,2017-02-01 00:00:00,W,7,19276201.95
can,SI,2017-03-01 00:00:00,S,93,255873247.39999998
can,SI,2017-03-01 00:00:00,U,207,151011808.71
can,SI,2017-03-01 00:00:00,W,7,10455615.63
can,SI,2017-04-01 00:00:00,S,383,95727525.64999999
can,SI,2017-04-01 00:00:00,U,1053,309410548.02
can,SI,2017-04-01 00:00:00,W,11,43339115.76000001
can,SI,2017-05-01 00:00:00,S,66,42026704.81999999
can,SI,2017-05-01 00:00:00,U,163,73046448.21
can,SI,2017-05-01 00:00:00,W,2,6776534.5
can,SI,2017-06-01 00:00:00,S,82,102846826.29
can,SI,2017-06-01 00:00:00,U,86,44101745.17
can,SI,2017-06-01 00:00:00,W,7,242211456.92
can,SI,2017-07-01 00:00:00,S,235,53990722.519999996
can,SI,2017-07-01 00:00:00,U,475,75426232.84
can,SI,2017-07-01 00:00:00,W,5,43124840.06
can,SI,2017-08-01 00:00:00,S,101,38406356.279999994
can,SI,2017-08-01 00:00:00,U,131,34532497.89
can,SI,2017-08-01 00:00:00,W,5,7302516.93
can,SI,2017-09-01 00:00:00,S,95,35398877.83
can,SI,2017-09-01 00:00:00,U,107,71610506.86999999
can,SI,2017-09-01 00:00:00,W,7,6664642.59
can,SI,2017-10-01 00:00:00,S,213,49812252.67
can,SI,2017-10-01 00:00:00,U,532,168441289.98999995
can,SI,2017-10-01 00:00:00,W,9,18660688.93
can,SI,2017-11-01 00:00:00,S,79,51554274.04
can,SI,2017-11-01 00:00:00,U,140,52424370.06000001
can,SI,2017-11-01 00:00:00,W,2,2841879.91
can,SI,2017-12-01 00:00:00,S,114,49994370.150000006
can,SI,2017-12-01 00:00:00,U,92,129880629.98000002
can,SI,2017-12-01 00:00:00,W,8,21038845.68
can,SI,2018-01-01 00:00:00,S,276,75210921.16000001
can,SI,2018-01-01 00:00:00,U,561,117055304.02000001
can,SI,2018-01-01 00:00:00,W,14,15326565.99
can,SI,2018-02-01 00:00:00,S,106,83942776.16999999
can,SI,2018-02-01 00:00:00,U,193,100386980.36000001
can,SI,2018-02-01 00:00:00,W,6,0.0
can,SI,2018-03-01 00:00:00,S,71,46996303.730000004
can,SI,2018-03-01 00:00:00,U,111,70846954.74000001
can,SI,2018-03-01 00:00:00,W,6,19927076.33
can,SI,2018-04-01 00:00:00,S,224,60936150.38000001
can,SI,2018-04-01 00:00:00,U,493,94833304.61
can,SI,2018-04-01 00:00:00,W,13,9106233.16
can,SI,2018-05-01 00:00:00,S,69,25703316.16
can,SI,2018-05-01 00:00:00,U,132,226539800.95000008
can,SI,2018-05-01 00:00:00,W,7,11156292.6
can,SI,2018-06-01 00:00:00,S,81,32028045.689999998
can,SI,2018-06-01 00:00:00,U,141,33139962.21
can,SI,2018-06-01 00:00:00,W,13,54055116.32
can,SI,2018-07-01 00:00:00,S,334,185912196.15
can,SI,2018-07-01 00:00:00,U,752,192819702.23000002
can,SI,2018-07-01 00:00:00,W,10,10526434.76
can,SI,2018-08-01 00:00:00,S,123,45338088.61000001
can,SI,2018-08-01 00:00:00,U,210,76399247.58
can,SI,2018-08-01 00:00:00,W,14,21589827.28
can,SI,2018-09-01 00:00:00,S,83,50638960.82000001
can,SI,2018-09-01 00:00:00,U,108,81167540.43999998
can,SI,2018-09-01 00:00:00,W,8,59046404.57
can,SI,2018-10-01 00:00:00,S,262,55362570.309999995
can,SI,2018-10-01 00:00:00,U,713,117560905.03000002
can,SI,2018-10-01 00:00:00,W,15,70761921.9
can,SI,2018-11-01 00:00:00,S,146,72232289.31
can,SI,2018-11-01 00:00:00,U,198,70285520.95000002
can,SI,2018-11-01 00:00:00,W,8,2575789.96
can,SI,2018-12-01 00:00:00,S,80,54001149.25
can,SI,2018-12-01 00:00:00,U,151,68571513.12
can,SI,2018-12-01 00:00:00,W,10,35339673.43
can,SI,2019-01-01 00:00:00,S,335,185102920.53000003
can,SI,2019-01-01 00:00:00,U,796,131849596.77000001
can,SI,2019-01-01 00:00:00,W,10,13157223.57
can,SI,2019-02-01 00:00:00,S,108,59592256.349999994
can,SI,2019-02-01 00:00:00,U,336,306625640.81999993
can,SI,2019-02-01 00:00:00,W,13,102665332.33999999
can,SI,2019-03-01 00:00:00,S,94,95559507.51999998
can,SI,2019-03-01 00:00:00,U,174,117954752.95000002
can,SI,2019-03-01 00:00:00,W,10,51305871.36
can,SI,2019-04-01 00:00:00,S,304,68752754.89
can,SI,2019-04-01 00:00:00,U,705,175399556.34999996
can,SI,2019-04-01 00:00:00,W,17,190514864.35000002
can,SI,2019-05-01 00:00:00,S,116,66708401.59000001
can,SI,2019-05-01 00:00:00,U,201,66442050.07000001
can,SI,2019-05-01 00:00:00,W,10,43623247.96
can,SI,2019-06-01 00:00:00,S,75,32060870.43
can,SI,2019-06-01 00:00:00,U,108,106414251.32
can,SI,2019-06-01 00:00:00,W,12,28164682.94
can,SI,2019-07-01 00:00:00,S,302,67564153.24
can,SI,2019-07-01 00:00:00,U,715,144511386.26
can,SI,2019-07-01 00:00:00,W,25,86824416.22
can,SI,2019-08-01 00:00:00,S,110,160542265.88
can,SI,2019-08-01 00:00:00,U,177,102457044.79999998
can,SI,2019-08-01 00:00:00,W,16,95275465.57
can,SI,2019-09-01 00:00:00,S,116,100336065.49000001
can,SI,2019-09-01 00:00:00,U,160,108448767.86999997
can,SI,2019-09-01 00:00:00,W,15,27573477.099999998
can,SI,2019-10-01 00:00:00,S,301,110186526.93000002
can,SI,2019-10-01 00:00:00,U,674,185942425.46
can,SI,2019-10-01 00:00:00,W,20,113329960.14
can,SI,2019-11-01 00:00:00,S,145,45200073.61
can,SI,2019-11-01 00:00:00,U,198,88051037.96000001
can,SI,2019-11-01 00:00:00,W,16,29666792.88
can,SI,2019-12-01 00:00:00,S,88,35966510.75
can,SI,2019-12-01 00:00:00,U,159,70195573.39000002
can,SI,2019-12-01 00:00:00,W,8,5364446.34
can,SI,2020-01-01 00:00:00,S,318,174732301.38000005
can,SI,2020-01-01 00:00:00,U,773,218326985.89000002
can,SI,2020-01-01 00:00:00,W,25,130782899.41999999
can,SI,2020-02-01 00:00:00,S,163,71721087.92999999
can,SI,2020-02-01 00:00:00,U,307,122732822.66
can,SI,2020-02-01 00:00:00,W,8,72889654.16
can,SI,2020-03-01 00:00:00,S,75,62959488.84
can,SI,2020-03-01 00:00:00,U,116,132945624.10000001
can,SI,2020-03-01 00:00:00,W,12,29604884.02
can,SI,2020-04-01 00:00:00,S,274,68332882.73
can,SI,2020-04-01 00:00:00,U,702,301397281.95000005
can,SI,2020-04-01 00:00:00,W,16,32217434.539999995
can,SI,2020-05-01 00:00:00,S,112,35339070.51
can,SI,2020-05-01 00:00:00,U,207,90910065.38000001
can,SI,2020-05-01 00:00:00,W,15,49808158.87
can,SI,2020-06-01 00:00:00,S,119,61448165.96
can,SI,2020-06-01 00:00:00,U,154,143221489.23
can,SI,2020-06-01 00:00:00,W,17,90195269.21
can,SI,2020-07-01 00:00:00,S,250,68049544.74000001
can,SI,2020-07-01 00:00:00,U,643,162539060.05
can,SI,2020-07-01 00:00:00,W,24,134064334.08
can,SI,2020-08-01 00:00:00,S,169,67037624.97
can,SI,2020-08-01 00:00:00,U,293,77195515.05000001
can,SI,2020-08-01 00:00:00,W,17,65074311.46
can,SI,2020-09-01 00:00:00,S,126,74812083.61999999
can,SI,2020-09-01 00:00:00,U,204,139303203.74999997
can,SI,2020-09-01 00:00:00,W,14,68531803.59
can,SI,2020-10-01 00:00:00,S,309,92113913.15999998
can,SI,2020-10-01 00:00:00,U,704,198386492.84000003
can,SI,2020-10-01 00:00:00,W,27,67586966.56
can,SI,2020-11-01 00:00:00,S,164,150456809.26
can,SI,2020-11-01 00:00:00,U,311,100241906.84
can,SI,2020-11-01 00:00:00,W,16,13746081.52
can,SI,2020-12-01 00:00:00,S,146,121102595.72000001
can,SI,2020-12-01 00:00:00,U,201,150180072.44000003
can,SI,2020-12-01 00:00:00,W,8,29116525.539999995
can,SI,2021-01-01 00:00:00,S,305,124943732.01000002
can,SI,2021-01-01 00:00:00,U,763,214866545.16000006
can,SI,2021-01-01 00:00:00,W,23,83341220.78999999
can,SI,2021-02-01 00:00:00,S,136,57663006.57999999
can,SI,2021-02-01 00:00:00,U,350,175900197.87
can,SI,2021-02-01 00:00:00,W,8,9473259.450000001
can,SI,2021-03-01 00:00:00,S,138,163954314.41000003
can,SI,2021-03-01 00:00:00,U,172,107591117.66000001
can,SI,2021-03-01 00:00:00,W,12,14252577.77
can,SI,2021-04-01 00:00:00,S,287,136114970.08999997
can,SI,2021-04-01 00:00:00,U,653,197812259.12000003
can,SI,2021-04-01 00:00:00,W,15,235963433.63000003
can,SI,2021-05-01 00:00:00,S,163,184536509.55999997
can,SI,2021-05-01 00:00:00,U,337,112726700.35999998
can,SI,2021-05-01 00:00:00,W,11,469478093.32000005
can,SI,2021-06-01 00:00:00,S,136,87726212.72000001
can,SI,2021-06-01 00:00:00,U,130,62444035.59999998
can,SI,2021-06-01 00:00:00,W,9,58984495.33
can,SI,2021-07-01 00:00:00,S,299,92843255.21
can,SI,2021-07-01 00:00:00,U,750,189673677.99
can,SI,2021-07-01 00:00:00,W,21,148933967.07999998
can,SI,2021-08-01 00:00:00,S,164,94300809.19
can,SI,2021-08-01 00:00:00,U,259,160933675.53999996
can,SI,2021-08-01 00:00:00,W,17,95652476.0
can,SI,2021-09-01 00:00:00,S,165,97539787.99000001
can,SI,2021-09-01 00:00:00,U,203,385921880.39000005
can,SI,2021-09-01 00:00:00,W,23,46638341.019999996
can,SI,2021-10-01 00:00:00,S,321,122392247.1
can,SI,2021-10-01 00:00:00,U,770,217404780.84999996
can,SI,2021-10-01 00:00:00,W,23,53400343.68
can,SI,2021-11-01 00:00:00,S,163,99817920.72000001
can,SI,2021-11-01 00:00:00,U,296,127925708.01000002
can,SI,2021-11-01 00:00:00,W,20,45350910.81
can,SI,2021-12-01 00:00:00,S,132,169749383.26000002
can,SI,2021-12-01 00:00:00,U,202,129580708.61
can,SI,2021-12-01 00:00:00,W,25,57459489.550000004
can,SI,2022-01-01 00:00:00,S,296,147039085.31
can,SI,2022-01-01 00:00:00,U,579,247800859.19
can,SI,2022-01-01 00:00:00,W,16,67077462.41
can,SI,2022-02-01 00:00:00,S,75,65201281.8
can,SI,2022-02-01 00:00:00,U,116,85189051.16
can,SI,2022-02-01 00:00:00,W,9,79970943.77000001
can,SI,2022-03-01 00:00:00,S,124,104238679.02999999
can,SI,2022-03-01 00:00:00,U,156,102030411.7
can,SI,2022-03-01 00:00:00,W,17,110678653.73
can,SI,2022-04-01 00:00:00,S,58,37403909.56
can,SI,2022-04-01 00:00:00,U,82,56819231.150000006
can,SI,2022-04-01 00:00:00,W,12,53536580.699999996
can,SI,2022-05-01 00:00:00,S,92,58167032.220000006
can,SI,2022-05-01 00:00:00,U,118,164005554.19
can,SI,2022-05-01 00:00:00,W,14,60321847.94
can,SI,2022-06-01 00:00:00,S,101,705085043.16
can,SI,2022-06-01 00:00:00,U,145,88807307.69
can,SI,2022-06-01 00:00:00,W,16,55834562.00000001
can,SI,2022-07-01 00:00:00,S,86,96563177.81
can,SI,2022-07-01 00:00:00,U,127,98563434.08999999
can,SI,2022-07-01 00:00:00,W,15,74268167.34
can,SI,2022-08-01 00:00:00,S,90,48925783.33
can,SI,2022-08-01 00:00:00,U,138,130231830.68
can,SI,2022-08-01 00:00:00,W,15,168003944.62
can,SI,2022-09-01 00:00:00,S,129,103484739.22000001
can,SI,2022-09-01 00:00:00,U,143,167700575.68000004
can,SI,2022-09-01 00:00:00,W,17,138298668.79000002
can,SI,2022-10-01 00:00:00,S,85,229487809.57999998
can,SI,2022-10-01 00:00:00,U,141,128429439.83000003
can,SI,2022-10-01 00:00:00,W,20,150800018.76
can,SI,2022-11-01 00:00:00,S,102,69950789.08000001
can,SI,2022-11-01 00:00:00,U,132,168267301.13
can,SI,2022-11-01 00:00:00,W,16,40128856.74999999
can,SI,2022-12-01 00:00:00,S,94,61475189.5
can,SI,2022-12-01 00:00:00,U,106,106310326.08000001
can,SI,2022-12-01 00:00:00,W,13,98024180.38
can,SI,2023-01-01 00:00:00,S,122,132852401.11
can,SI,2023-01-01 00:00:00,U,153,169158908.62999997
can,SI,2023-01-01 00:00:00,W,26,97363373.14
can,SI,2023-02-01 00:00:00,S,70,147896753.0
can,SI,2023-02-01 00:00:00,U,134,443535247.34999985
can,SI,2023-02-01 00:00:00,W,10,40053251.73
can,SI,2023-03-01 00:00:00,S,104,288905820.55999994
can,SI,2023-03-01 00:00:00,U,151,362805128.5
can,SI,2023-03-01 00:00:00,W,22,169031987.99999997
can,SI,2023-04-01 00:00:00,S,62,50555607.419999994
can,SI,2023-04-01 00:00:00,U,122,159823235.95999998
can,SI,2023-04-01 00:00:00,W,16,54428839.480000004
can,SI,2023-05-01 00:00:00,S,108,68642021.27000001
can,SI,2023-05-01 00:00:00,U,135,149498124.57
can,SI,2023-05-01 00:00:00,W,18,23740434.19
can,SI,2023-06-01 00:00:00,S,109,146219727.31
can,SI,2023-06-01 00:00:00,U,169,374995422.31
can,SI,2023-06-01 00:00:00,W,20,72744999.03999999
can,SI,2023-07-01 00:00:00,S,113,345828378.63
can,SI,2023-07-01 00:00:00,U,151,187677884.58000004
can,SI,2023-07-01 00:00:00,W,14,13973367.450000003
can,SI,2023-08-01 00:00:00,S,119,205190705.08999997
can,SI,2023-08-01 00:00:00,U,133,245607440.08999997
can,SI,2023-08-01 00:00:00,W,6,24588934.09
can,SI,2023-09-01 00:00:00,S,141,861444995.65
can,SI,2023-09-01 00:00:00,U,165,163919201.05999997
can,SI,2023-09-01 00:00:00,W,16,238227209.02
can,SK,2016-01-01 00:00:00,S,65,231135293.14999998
can,SK,2016-01-01 00:00:00,U,47,105265430.03999999
can,SK,2016-01-01 00:00:00,W,6,64648918.370000005
can,SK,2016-02-01 00:00:00,S,78,384841881.08000004
can,SK,2016-02-01 00:00:00,U,42,138964479.38
can,SK,2016-02-01 00:00:00,W,1,19752379.02
can,SK,2016-03-01 00:00:00,S,50,319648258.5500001
can,SK,2016-03-01 00:00:00,U,34,73290860.02000001
can,SK,2016-03-01 00:00:00,W,5,55043637.33
can,SK,2016-04-01 00:00:00,S,39,65522352.220000006
can,SK,2016-04-01 00:00:00,U,30,66694240.8
can,SK,2016-04-01 00:00:00,W,3,31218957.689999998
can,SK,2016-05-01 00:00:00,S,41,88837830.92
can,SK,2016-05-01 00:00:00,U,39,36907486.33
can,SK,2016-05-01 00:00:00,W,5,41622887.5
can,SK,2016-06-01 00:00:00,S,40,2104773579.4800003
can,SK,2016-06-01 00:00:00,U,47,71851159.28
can,SK,2016-06-01 00:00:00,W,5,1917802812.06
can,SK,2016-07-01 00:00:00,S,34,18405882.909999996
can,SK,2016-07-01 00:00:00,U,47,75296603.53999999
can,SK,2016-07-01 00:00:00,W,5,425309027.47
can,SK,2016-08-01 00:00:00,S,47,221317637.47
can,SK,2016-08-01 00:00:00,U,40,361007298.21000004
can,SK,2016-08-01 00:00:00,W,8,107444228.9
can,SK,2016-09-01 00:00:00,S,30,47566628.68
can,SK,2016-09-01 00:00:00,U,43,41164561.11
can,SK,2016-09-01 00:00:00,W,8,293563892.01
can,SK,2016-10-01 00:00:00,S,23,29006364.24
can,SK,2016-10-01 00:00:00,U,41,38640853.599999994
can,SK,2016-10-01 00:00:00,W,4,10359822.32
can,SK,2016-11-01 00:00:00,S,31,139947469.46
can,SK,2016-11-01 00:00:00,U,64,64728126.220000006
can,SK,2016-11-01 00:00:00,W,2,10415617.96
can,SK,2016-12-01 00:00:00,S,72,113671635.18000004
can,SK,2016-12-01 00:00:00,U,65,96245571.72
can,SK,2016-12-01 00:00:00,W,4,343654666.08
can,SK,2017-01-01 00:00:00,S,120,556432872.7700001
can,SK,2017-01-01 00:00:00,U,62,103855184.11
can,SK,2017-01-01 00:00:00,W,5,206537936.47
can,SK,2017-02-01 00:00:00,S,35,137863552.26
can,SK,2017-02-01 00:00:00,U,31,33680197.96
can,SK,2017-02-01 00:00:00,W,5,11047192.059999999
can,SK,2017-03-01 00:00:00,S,32,34745177.550000004
can,SK,2017-03-01 00:00:00,U,48,270514949.67
can,SK,2017-03-01 00:00:00,W,4,22393821.11
can,SK,2017-04-01 00:00:00,S,31,40330300.02
can,SK,2017-04-01 00:00:00,U,37,24951076.42
can,SK,2017-04-01 00:00:00,W,6,417847101.48999995
can,SK,2017-05-01 00:00:00,S,36,72728925.5
can,SK,2017-05-01 00:00:00,U,76,98620964.31
can,SK,2017-05-01 00:00:00,W,8,101986421.00999999
can,SK,2017-06-01 00:00:00,S,37,58399296.47
can,SK,2017-06-01 00:00:00,U,92,308422699.67
can,SK,2017-06-01 00:00:00,W,5,9348676.48
can,SK,2017-07-01 00:00:00,S,42,79434011.9
can,SK,2017-07-01 00:00:00,U,74,195131428.83
can,SK,2017-07-01 00:00:00,W,14,65750047.52
can,SK,2017-08-01 00:00:00,S,37,50617146.32
can,SK,2017-08-01 00:00:00,U,75,53228561.23
can,SK,2017-08-01 00:00:00,W,6,26332251.18
can,SK,2017-09-01 00:00:00,S,27,65410140.49
can,SK,2017-09-01 00:00:00,U,57,32028929.31
can,SK,2017-09-01 00:00:00,W,11,54743442.25
can,SK,2017-10-01 00:00:00,S,48,18695214.77
can,SK,2017-10-01 00:00:00,U,74,52865526.14
can,SK,2017-10-01 00:00:00,W,5,14311127.64
can,SK,2017-11-01 00:00:00,S,53,54443244.67999999
can,SK,2017-11-01 00:00:00,U,77,56263244.70999999
can,SK,2017-11-01 00:00:00,W,3,74543857.3
can,SK,2017-12-01 00:00:00,S,43,85378065.06
can,SK,2017-12-01 00:00:00,U,87,62897791.01000001
can,SK,2017-12-01 00:00:00,W,12,28041956.83
can,SK,2018-01-01 00:00:00,S,130,639401749.39
can,SK,2018-01-01 00:00:00,U,85,47193533.980000004
can,SK,2018-01-01 00:00:00,W,5,68332548.41
can,SK,2018-02-01 00:00:00,S,56,186386214.81
can,SK,2018-02-01 00:00:00,U,74,60050492.519999996
can,SK,2018-02-01 00:00:00,W,7,10174999.17
can,SK,2018-03-01 00:00:00,S,47,91130703.34
can,SK,2018-03-01 00:00:00,U,86,239471053.7
can,SK,2018-03-01 00:00:00,W,6,5479992.36
can,SK,2018-04-01 00:00:00,S,71,118433326.60999998
can,SK,2018-04-01 00:00:00,U,81,42563895.82999999
can,SK,2018-04-01 00:00:00,W,2,19470000.0
can,SK,2018-05-01 00:00:00,S,62,100600267.29
can,SK,2018-05-01 00:00:00,U,92,107656328.56
can,SK,2018-05-01 00:00:00,W,8,16855261.67
can,SK,2018-06-01 00:00:00,S,36,47706338.44
can,SK,2018-06-01 00:00:00,U,78,99723827.83000001
can,SK,2018-06-01 00:00:00,W,5,0.0
can,SK,2018-07-01 00:00:00,S,42,199704720.69
can,SK,2018-07-01 00:00:00,U,93,115805483.88
can,SK,2018-07-01 00:00:00,W,9,16771407.339999998
can,SK,2018-08-01 00:00:00,S,31,185950880.76999998
can,SK,2018-08-01 00:00:00,U,96,301678827.95
can,SK,2018-08-01 00:00:00,W,3,13969134.14
can,SK,2018-09-01 00:00:00,S,36,75617761.69000001
can,SK,2018-09-01 00:00:00,U,82,138961839.79
can,SK,2018-09-01 00:00:00,W,5,6146930.11
can,SK,2018-10-01 00:00:00,S,41,196372927.07999998
can,SK,2018-10-01 00:00:00,U,125,188439213.77999997
can,SK,2018-10-01 00:00:00,W,6,35041018.26
can,SK,2018-11-01 00:00:00,S,98,2108133799.53
can,SK,2018-11-01 00:00:00,U,95,108092120.23999998
can,SK,2018-11-01 00:00:00,W,4,34949330.0
can,SK,2018-12-01 00:00:00,S,109,658011545.15
can,SK,2018-12-01 00:00:00,U,93,131416684.99000001
can,SK,2018-12-01 00:00:00,W,5,65526246.440000005
can,SK,2019-01-01 00:00:00,S,56,243632186.74999997
can,SK,2019-01-01 00:00:00,U,106,180114807.63000003
can,SK,2019-01-01 00:00:00,W,8,16284100.0
can,SK,2019-02-01 00:00:00,S,72,330889061.24999994
can,SK,2019-02-01 00:00:00,U,89,44043066.15
can,SK,2019-02-01 00:00:00,W,8,185831471.13
can,SK,2019-03-01 00:00:00,S,57,83594795.31
can,SK,2019-03-01 00:00:00,U,85,85060445.62
can,SK,2019-03-01 00:00:00,W,13,96808970.9
can,SK,2019-04-01 00:00:00,S,61,105519435.39999999
can,SK,2019-04-01 00:00:00,U,91,123225801.08000001
can,SK,2019-04-01 00:00:00,W,6,16977779.59
can,SK,2019-05-01 00:00:00,S,45,168223362.74
can,SK,2019-05-01 00:00:00,U,60,96483322.57
can,SK,2019-05-01 00:00:00,W,5,16098269.3
can,SK,2019-06-01 00:00:00,S,58,163873949.79
can,SK,2019-06-01 00:00:00,U,95,78545829.44999999
can,SK,2019-06-01 00:00:00,W,14,78331335.46000001
can,SK,2019-07-01 00:00:00,S,40,160399999.46
can,SK,2019-07-01 00:00:00,U,95,114503939.79000002
can,SK,2019-07-01 00:00:00,W,10,116337462.03
can,SK,2019-08-01 00:00:00,S,44,97381891.73
can,SK,2019-08-01 00:00:00,U,74,49525716.03
can,SK,2019-08-01 00:00:00,W,7,297260770.28999996
can,SK,2019-09-01 00:00:00,S,52,124028201.82
can,SK,2019-09-01 00:00:00,U,93,117309344.4
can,SK,2019-09-01 00:00:00,W,3,0.0
can,SK,2019-10-01 00:00:00,S,59,92767611.64
can,SK,2019-10-01 00:00:00,U,113,87178099.72
can,SK,2019-10-01 00:00:00,W,9,42845061.9
can,SK,2019-11-01 00:00:00,S,61,205337469.56
can,SK,2019-11-01 00:00:00,U,123,221043485.66999993
can,SK,2019-11-01 00:00:00,W,5,7797711.21
can,SK,2019-12-01 00:00:00,S,51,135692052.56
can,SK,2019-12-01 00:00:00,U,127,235713197.41000003
can,SK,2019-12-01 00:00:00,W,7,42308555.67
can,SK,2020-01-01 00:00:00,S,59,149873844.13
can,SK,2020-01-01 00:00:00,U,103,214410703.61999997
can,SK,2020-01-01 00:00:00,W,9,38848005.21
can,SK,2020-02-01 00:00:00,S,42,48469953.660000004
can,SK,2020-02-01 00:00:00,U,100,116847487.38
can,SK,2020-02-01 00:00:00,W,5,81996205.63000001
can,SK,2020-03-01 00:00:00,S,53,104110945.97
can,SK,2020-03-01 00:00:00,U,116,137230500.3
can,SK,2020-03-01 00:00:00,W,8,255838652.61999997
can,SK,2020-04-01 00:00:00,S,40,59375217.24
can,SK,2020-04-01 00:00:00,U,107,153143532.51
can,SK,2020-04-01 00:00:00,W,10,43549849.98
can,SK,2020-05-01 00:00:00,S,53,66383131.129999995
can,SK,2020-05-01 00:00:00,U,73,33814955.300000004
can,SK,2020-05-01 00:00:00,W,15,29947121.78
can,SK,2020-06-01 00:00:00,S,44,48017264.36
can,SK,2020-06-01 00:00:00,U,98,60867384.300000004
can,SK,2020-06-01 00:00:00,W,9,109707711.36
can,SK,2020-07-01 00:00:00,S,49,476166691.97999996
can,SK,2020-07-01 00:00:00,U,84,283710330.37
can,SK,2020-07-01 00:00:00,W,9,5950725.32
can,SK,2020-08-01 00:00:00,S,37,48280176.73
can,SK,2020-08-01 00:00:00,U,94,141807285.08999997
can,SK,2020-08-01 00:00:00,W,8,24028686.169999998
can,SK,2020-09-01 00:00:00,S,47,209523639.41
can,SK,2020-09-01 00:00:00,U,96,84199669.57
can,SK,2020-09-01 00:00:00,W,13,300302726.98
can,SK,2020-10-01 00:00:00,S,57,207538627.2
can,SK,2020-10-01 00:00:00,U,143,72069063.08
can,SK,2020-10-01 00:00:00,W,9,390087129.06
can,SK,2020-11-01 00:00:00,S,44,60819858.84
can,SK,2020-11-01 00:00:00,U,98,73546061.22999999
can,SK,2020-11-01 00:00:00,W,8,333921674.40999997
can,SK,2020-12-01 00:00:00,S,60,242080614.16000003
can,SK,2020-12-01 00:00:00,U,131,149496914.87
can,SK,2020-12-01 00:00:00,W,9,21770793.32
can,SK,2021-01-01 00:00:00,S,49,96093651.74999999
can,SK,2021-01-01 00:00:00,U,146,170370726.21
can,SK,2021-01-01 00:00:00,W,3,8757346.7
can,SK,2021-02-01 00:00:00,S,41,60293494.66
can,SK,2021-02-01 00:00:00,U,80,65365889.300000004
can,SK,2021-02-01 00:00:00,W,8,9518800.0
can,SK,2021-03-01 00:00:00,S,54,129979916.53000002
can,SK,2021-03-01 00:00:00,U,100,94868753.53999998
can,SK,2021-03-01 00:00:00,W,6,66959894.54
can,SK,2021-04-01 00:00:00,S,44,70992444.12
can,SK,2021-04-01 00:00:00,U,103,62149398.27
can,SK,2021-04-01 00:00:00,W,9,36325792.120000005
can,SK,2021-05-01 00:00:00,S,46,182545560.95000002
can,SK,2021-05-01 00:00:00,U,104,100222417.5
can,SK,2021-05-01 00:00:00,W,10,270222898.13
can,SK,2021-06-01 00:00:00,S,54,93862588.78
can,SK,2021-06-01 00:00:00,U,103,35050775.15
can,SK,2021-06-01 00:00:00,W,22,164370856.95999998
can,SK,2021-07-01 00:00:00,S,41,53376757.58
can,SK,2021-07-01 00:00:00,U,124,59745548.1
can,SK,2021-07-01 00:00:00,W,15,103467843.34
can,SK,2021-08-01 00:00:00,S,45,30818332.35
can,SK,2021-08-01 00:00:00,U,103,39930046.480000004
can,SK,2021-08-01 00:00:00,W,6,8914565.08
can,SK,2021-09-01 00:00:00,S,41,34934654.86
can,SK,2021-09-01 00:00:00,U,128,227430233.39
can,SK,2021-09-01 00:00:00,W,14,156174508.14
can,SK,2021-10-01 00:00:00,S,65,445116811.12000006
can,SK,2021-10-01 00:00:00,U,138,262582557.00000003
can,SK,2021-10-01 00:00:00,W,9,16287565.98
can,SK,2021-11-01 00:00:00,S,66,104116081.41
can,SK,2021-11-01 00:00:00,U,134,83884586.86
can,SK,2021-11-01 00:00:00,W,15,104213351.37
can,SK,2021-12-01 00:00:00,S,51,72945493.56
can,SK,2021-12-01 00:00:00,U,187,233107212.01
can,SK,2021-12-01 00:00:00,W,15,50352430.47
can,SK,2022-01-01 00:00:00,S,67,113257894.06
can,SK,2022-01-01 00:00:00,U,186,245215528.29999998
can,SK,2022-01-01 00:00:00,W,15,20640837.81
can,SK,2022-02-01 00:00:00,S,49,70067344.46999998
can,SK,2022-02-01 00:00:00,U,150,78570318.36
can,SK,2022-02-01 00:00:00,W,9,29201437.14
can,SK,2022-03-01 00:00:00,S,63,190287357.38
can,SK,2022-03-01 00:00:00,U,184,197134124.67
can,SK,2022-03-01 00:00:00,W,17,42975513.34
can,SK,2022-04-01 00:00:00,S,72,173862053.75000003
can,SK,2022-04-01 00:00:00,U,155,106858123.81
can,SK,2022-04-01 00:00:00,W,28,304609475.87
can,SK,2022-05-01 00:00:00,S,65,93321037.47999999
can,SK,2022-05-01 00:00:00,U,165,142370023.85
can,SK,2022-05-01 00:00:00,W,27,93816172.39000002
can,SK,2022-06-01 00:00:00,S,67,101261900.25000001
can,SK,2022-06-01 00:00:00,U,161,162379680.6
can,SK,2022-06-01 00:00:00,W,31,125673077.62
can,SK,2022-07-01 00:00:00,S,58,493973274.79
can,SK,2022-07-01 00:00:00,U,161,158132335.69
can,SK,2022-07-01 00:00:00,W,24,60498427.21999999
can,SK,2022-08-01 00:00:00,S,63,65504662.269999996
can,SK,2022-08-01 00:00:00,U,163,169987046.81
can,SK,2022-08-01 00:00:00,W,37,132456904.41
can,SK,2022-09-01 00:00:00,S,59,257472465.23
can,SK,2022-09-01 00:00:00,U,136,147044464.04
can,SK,2022-09-01 00:00:00,W,26,96371778.50999999
can,SK,2022-10-01 00:00:00,S,83,467981921.37999994
can,SK,2022-10-01 00:00:00,U,207,233383866.96
can,SK,2022-10-01 00:00:00,W,30,194674648.23000002
can,SK,2022-11-01 00:00:00,S,59,65626517.04999999
can,SK,2022-11-01 00:00:00,U,169,142111575.78
can,SK,2022-11-01 00:00:00,W,24,55827103.20999999
can,SK,2022-12-01 00:00:00,S,94,224494935.66000003
can,SK,2022-12-01 00:00:00,U,251,627814725.86
can,SK,2022-12-01 00:00:00,W,25,349225550.51
can,SK,2023-01-01 00:00:00,S,105,539857157.5999999
can,SK,2023-01-01 00:00:00,U,271,234815076.24
can,SK,2023-01-01 00:00:00,W,11,91917403.22
can,SK,2023-02-01 00:00:00,S,78,302572203.19000006
can,SK,2023-02-01 00:00:00,U,134,169767774.98999998
can,SK,2023-02-01 00:00:00,W,14,68978610.01
can,SK,2023-03-01 00:00:00,S,91,138148802.02
can,SK,2023-03-01 00:00:00,U,185,124195123.97999999
can,SK,2023-03-01 00:00:00,W,26,89514207.10999998
can,SK,2023-04-01 00:00:00,S,90,117103907.20000002
can,SK,2023-04-01 00:00:00,U,182,166799454.24000004
can,SK,2023-04-01 00:00:00,W,10,76982526.48
can,SK,2023-05-01 00:00:00,S,81,78937293.0
can,SK,2023-05-01 00:00:00,U,175,240853758.37
can,SK,2023-05-01 00:00:00,W,22,334249064.1500001
can,SK,2023-06-01 00:00:00,S,85,423564211.0900001
can,SK,2023-06-01 00:00:00,U,181,148569294.61999997
can,SK,2023-06-01 00:00:00,W,26,49637600.15
can,SK,2023-07-01 00:00:00,S,88,202509442.14
can,SK,2023-07-01 00:00:00,U,235,108037955.19000001
can,SK,2023-07-01 00:00:00,W,29,402446452.09
can,SK,2023-08-01 00:00:00,S,72,192492624.03
can,SK,2023-08-01 00:00:00,U,164,165331337.98999998
can,SK,2023-08-01 00:00:00,W,34,352716043.2299999
can,SK,2023-09-01 00:00:00,S,69,61685550.45
can,SK,2023-09-01 00:00:00,U,164,113620637.43
can,SK,2023-09-01 00:00:00,W,37,55037679.370000005
can,UK,2016-01-01 00:00:00,S,508,11516596802.1
can,UK,2016-01-01 00:00:00,U,195,653547638.21
can,UK,2016-01-01 00:00:00,W,48,1547088694.2199998
can,UK,2016-02-01 00:00:00,S,462,105765161397.83
can,UK,2016-02-01 00:00:00,U,179,695382717.32
can,UK,2016-02-01 00:00:00,W,53,3820533101.97
can,UK,2016-03-01 00:00:00,S,770,38979861362.46
can,UK,2016-03-01 00:00:00,U,212,14599443497.089994
can,UK,2016-03-01 00:00:00,W,95,5834172050.4
can,UK,2016-04-01 00:00:00,S,703,13858495229.449995
can,UK,2016-04-01 00:00:00,U,197,7069759998.02
can,UK,2016-04-01 00:00:00,W,85,12761696126.43
can,UK,2016-05-01 00:00:00,S,564,13213597223.610003
can,UK,2016-05-01 00:00:00,U,219,10688870253.480003
can,UK,2016-05-01 00:00:00,W,54,7158215745.5
can,UK,2016-06-01 00:00:00,S,581,10318619030.640003
can,UK,2016-06-01 00:00:00,U,187,73795348419.37001
can,UK,2016-06-01 00:00:00,W,76,50767620661.45001
can,UK,2016-07-01 00:00:00,S,1212,10567266164.46
can,UK,2016-07-01 00:00:00,U,165,1526975170.8400004
can,UK,2016-07-01 00:00:00,W,71,1545834457.3300002
can,UK,2016-08-01 00:00:00,S,1848,61883255869.200005
can,UK,2016-08-01 00:00:00,U,169,1374353398.8799999
can,UK,2016-08-01 00:00:00,W,73,1671338665.2000003
can,UK,2016-09-01 00:00:00,S,1825,21285579678.82001
can,UK,2016-09-01 00:00:00,U,149,748507892.4500002
can,UK,2016-09-01 00:00:00,W,56,33684281830.239994
can,UK,2016-10-01 00:00:00,S,1576,20394823475.329998
can,UK,2016-10-01 00:00:00,U,154,29106294941.17
can,UK,2016-10-01 00:00:00,W,51,731538542.08
can,UK,2016-11-01 00:00:00,S,1776,164191404637.02005
can,UK,2016-11-01 00:00:00,U,179,4783260071.06
can,UK,2016-11-01 00:00:00,W,70,591750055.1500001
can,UK,2016-12-01 00:00:00,S,1478,11320433899.33
can,UK,2016-12-01 00:00:00,U,176,2724414235.8099995
can,UK,2016-12-01 00:00:00,W,46,4066905870.569999
can,UK,2017-01-01 00:00:00,S,1454,24218921490.89
can,UK,2017-01-01 00:00:00,U,190,1892906784.78
can,UK,2017-01-01 00:00:00,W,62,3769711906.3100004
can,UK,2017-02-01 00:00:00,S,1025,4875829862.320002
can,UK,2017-02-01 00:00:00,U,181,24119989400.30001
can,UK,2017-02-01 00:00:00,W,33,2817112900.5400004
can,UK,2017-03-01 00:00:00,S,1275,47646570788.39001
can,UK,2017-03-01 00:00:00,U,219,3529188559.5399995
can,UK,2017-03-01 00:00:00,W,65,3868550874.4499993
can,UK,2017-04-01 00:00:00,S,1001,18891566837.34
can,UK,2017-04-01 00:00:00,U,155,5011524855.690001
can,UK,2017-04-01 00:00:00,W,66,3210604448.6099997
can,UK,2017-05-01 00:00:00,S,1259,16240868073.5
can,UK,2017-05-01 00:00:00,U,166,5344424465.28
can,UK,2017-05-01 00:00:00,W,63,5371341422.269999
can,UK,2017-06-01 00:00:00,S,1014,16437862504.420004
can,UK,2017-06-01 00:00:00,U,163,1879360056.5300004
can,UK,2017-06-01 00:00:00,W,62,26744000582.38
can,UK,2017-07-01 00:00:00,S,1391,24375823206.2
can,UK,2017-07-01 00:00:00,U,152,7046960117.160002
can,UK,2017-07-01 00:00:00,W,60,197518268859.30994
can,UK,2017-08-01 00:00:00,S,1423,115310553010.57002
can,UK,2017-08-01 00:00:00,U,167,1936587196.5
can,UK,2017-08-01 00:00:00,W,45,2121252575.3300002
can,UK,2017-09-01 00:00:00,S,1187,12188670888.860003
can,UK,2017-09-01 00:00:00,U,194,5807641310.1799965
can,UK,2017-09-01 00:00:00,W,58,357957969700.45996
can,UK,2017-10-01 00:00:00,S,1266,10306851462.819998
can,UK,2017-10-01 00:00:00,U,218,4251527391.749998
can,UK,2017-10-01 00:00:00,W,68,15763724274.949997
can,UK,2017-11-01 00:00:00,S,1156,11701962734.589996
can,UK,2017-11-01 00:00:00,U,156,1439289026.8699996
can,UK,2017-11-01 00:00:00,W,55,3541957122.6500006
can,UK,2017-12-01 00:00:00,S,1026,6951974371.449999
can,UK,2017-12-01 00:00:00,U,182,1675025677.8899999
can,UK,2017-12-01 00:00:00,W,66,2006000426.8500006
can,UK,2018-01-01 00:00:00,S,1430,8173434689.169999
can,UK,2018-01-01 00:00:00,U,204,2075128772.7400002
can,UK,2018-01-01 00:00:00,W,52,559300160.23
can,UK,2018-02-01 00:00:00,S,1367,6022709472.609999
can,UK,2018-02-01 00:00:00,U,213,4990446695.22
can,UK,2018-02-01 00:00:00,W,63,3717372377.85
can,UK,2018-03-01 00:00:00,S,1341,19561578075.57
can,UK,2018-03-01 00:00:00,U,199,894796459.4699999
can,UK,2018-03-01 00:00:00,W,85,4778999750.57
can,UK,2018-04-01 00:00:00,S,1480,17562959338.28
can,UK,2018-04-01 00:00:00,U,209,3841316941.13
can,UK,2018-04-01 00:00:00,W,69,4578903094.690001
can,UK,2018-05-01 00:00:00,S,1519,30082465275.610016
can,UK,2018-05-01 00:00:00,U,140,6064928621.720001
can,UK,2018-05-01 00:00:00,W,77,29407190544.08
can,UK,2018-06-01 00:00:00,S,1512,14319562799.300001
can,UK,2018-06-01 00:00:00,U,135,1375120839.7800002
can,UK,2018-06-01 00:00:00,W,51,28873520015.75
can,UK,2018-07-01 00:00:00,S,1733,6429532974.529999
can,UK,2018-07-01 00:00:00,U,173,2560269314.17
can,UK,2018-07-01 00:00:00,W,62,2264527950738.2305
can,UK,2018-08-01 00:00:00,S,2012,19156935309.629993
can,UK,2018-08-01 00:00:00,U,178,3121224385.9599996
can,UK,2018-08-01 00:00:00,W,47,2248772178.25
can,UK,2018-09-01 00:00:00,S,1645,17262766825.58001
can,UK,2018-09-01 00:00:00,U,175,3865564010.2499995
can,UK,2018-09-01 00:00:00,W,45,26279621044.280006
can,UK,2018-10-01 00:00:00,S,1396,17669435233.75
can,UK,2018-10-01 00:00:00,U,186,6312131034.19
can,UK,2018-10-01 00:00:00,W,85,23635356143.549995
can,UK,2018-11-01 00:00:00,S,1459,57376184628.770004
can,UK,2018-11-01 00:00:00,U,160,1985803466.43
can,UK,2018-11-01 00:00:00,W,75,940301442.1200001
can,UK,2018-12-01 00:00:00,S,1309,10639050016.75
can,UK,2018-12-01 00:00:00,U,158,3237218161.6000004
can,UK,2018-12-01 00:00:00,W,63,29425938261.96
can,UK,2019-01-01 00:00:00,S,1604,12701446265.48
can,UK,2019-01-01 00:00:00,U,189,1373132690.16
can,UK,2019-01-01 00:00:00,W,84,26427753557.229996
can,UK,2019-02-01 00:00:00,S,1434,26224473049.79
can,UK,2019-02-01 00:00:00,U,187,19487092013.49001
can,UK,2019-02-01 00:00:00,W,85,4161949075.1600003
can,UK,2019-03-01 00:00:00,S,1526,311747938831.0602
can,UK,2019-03-01 00:00:00,U,223,2902457412.2499995
can,UK,2019-03-01 00:00:00,W,91,6195972768.86
can,UK,2019-04-01 00:00:00,S,1528,25864922251.490005
can,UK,2019-04-01 00:00:00,U,220,9182936178.78
can,UK,2019-04-01 00:00:00,W,108,4568070712.86
can,UK,2019-05-01 00:00:00,S,1409,17212456468.390003
can,UK,2019-05-01 00:00:00,U,186,2441065319.73
can,UK,2019-05-01 00:00:00,W,82,56652588015.20001
can,UK,2019-06-01 00:00:00,S,1228,49304390671.92998
can,UK,2019-06-01 00:00:00,U,147,11437337740.320004
can,UK,2019-06-01 00:00:00,W,67,25541154610.61
can,UK,2019-07-01 00:00:00,S,1742,32589612105.2
can,UK,2019-07-01 00:00:00,U,220,2463412857.9700003
can,UK,2019-07-01 00:00:00,W,79,5429145694.36
can,UK,2019-08-01 00:00:00,S,1762,23860694213.740005
can,UK,2019-08-01 00:00:00,U,188,5430780728.5
can,UK,2019-08-01 00:00:00,W,103,8601621153.880001
can,UK,2019-09-01 00:00:00,S,1278,69598154735.12001
can,UK,2019-09-01 00:00:00,U,156,10385053151.180002
can,UK,2019-09-01 00:00:00,W,71,2131960704.34
can,UK,2019-10-01 00:00:00,S,1662,78052906024.13002
can,UK,2019-10-01 00:00:00,U,214,72074209826.43004
can,UK,2019-10-01 00:00:00,W,70,12252518206.020004
can,UK,2019-11-01 00:00:00,S,1433,22797958319393.277
can,UK,2019-11-01 00:00:00,U,183,4722323035.6
can,UK,2019-11-01 00:00:00,W,103,198864577520.28
can,UK,2019-12-01 00:00:00,S,1085,32917504259.600018
can,UK,2019-12-01 00:00:00,U,163,2542387685.9100003
can,UK,2019-12-01 00:00:00,W,73,39498793242.98999
can,UK,2020-01-01 00:00:00,S,981,243877400708.51987
can,UK,2020-01-01 00:00:00,U,206,42740981503.26
can,UK,2020-01-01 00:00:00,W,77,8067168813.02
can,UK,2020-02-01 00:00:00,S,1456,24592189518.180004
can,UK,2020-02-01 00:00:00,U,182,18049306817.120003
can,UK,2020-02-01 00:00:00,W,100,17582735044.71
can,UK,2020-03-01 00:00:00,S,1000,15845910155.110003
can,UK,2020-03-01 00:00:00,U,185,7061752524.429999
can,UK,2020-03-01 00:00:00,W,84,71943886595.04
can,UK,2020-04-01 00:00:00,S,1448,44399398436.87
can,UK,2020-04-01 00:00:00,U,199,8832480550.0
can,UK,2020-04-01 00:00:00,W,83,12716203969.280005
can,UK,2020-05-01 00:00:00,S,1051,31323886911.910004
can,UK,2020-05-01 00:00:00,U,208,8180750304.560001
can,UK,2020-05-01 00:00:00,W,55,2643191466.69
can,UK,2020-06-01 00:00:00,S,1176,1921618753979.8105
can,UK,2020-06-01 00:00:00,U,314,27484463421.809994
can,UK,2020-06-01 00:00:00,W,61,6576927413.74
can,UK,2020-07-01 00:00:00,S,1126,47132681272.49999
can,UK,2020-07-01 00:00:00,U,282,4271507459.31
can,UK,2020-07-01 00:00:00,W,67,2841806158.65
can,UK,2020-08-01 00:00:00,S,1337,10712885547.889997
can,UK,2020-08-01 00:00:00,U,158,20122555597.77
can,UK,2020-08-01 00:00:00,W,53,4127819902.7799997
can,UK,2020-09-01 00:00:00,S,1136,3812392799.32
can,UK,2020-09-01 00:00:00,U,306,7517670478.740001
can,UK,2020-09-01 00:00:00,W,36,3830708061.32
can,UK,2020-10-01 00:00:00,S,1265,59748280516.389984
can,UK,2020-10-01 00:00:00,U,271,43644195644.560005
can,UK,2020-10-01 00:00:00,W,53,223488422063.15002
can,UK,2020-11-01 00:00:00,S,1091,63722296454.560005
can,UK,2020-11-01 00:00:00,U,216,46440993567.399994
can,UK,2020-11-01 00:00:00,W,70,7687928970.519999
can,UK,2020-12-01 00:00:00,S,1059,90720439765.05
can,UK,2020-12-01 00:00:00,U,213,10820401412.980001
can,UK,2020-12-01 00:00:00,W,71,14429656808.150005
can,UK,2021-01-01 00:00:00,S,856,59373148896.91
can,UK,2021-01-01 00:00:00,U,130,35612660998.28001
can,UK,2021-01-01 00:00:00,W,51,70692126909.4
can,UK,2021-02-01 00:00:00,S,822,1580243813206.1196
can,UK,2021-02-01 00:00:00,U,169,2347907493.27
can,UK,2021-02-01 00:00:00,W,50,635861017.6499999
can,UK,2021-03-01 00:00:00,S,1042,21015327358.150005
can,UK,2021-03-01 00:00:00,U,243,71153944844.32002
can,UK,2021-03-01 00:00:00,W,74,7348093506.579998
can,UK,2021-04-01 00:00:00,S,701,847897728453.1896
can,UK,2021-04-01 00:00:00,U,135,6607969035.879998
can,UK,2021-04-01 00:00:00,W,59,9711454982.58
can,UK,2021-05-01 00:00:00,S,201,24977268803.489998
can,UK,2021-05-01 00:00:00,U,76,5512635998.030001
can,UK,2021-05-01 00:00:00,W,36,1692802990.0500002
can,UK,2021-06-01 00:00:00,S,208,227144194424.74997
can,UK,2021-06-01 00:00:00,U,107,5985291117.590001
can,UK,2021-06-01 00:00:00,W,95,4978542670.349999
can,UK,2021-07-01 00:00:00,S,200,19292649308.11
can,UK,2021-07-01 00:00:00,U,51,42328000054.47999
can,UK,2021-07-01 00:00:00,W,35,126224442721.53996
can,UK,2021-08-01 00:00:00,S,114,8975973107.009998
can,UK,2021-08-01 00:00:00,U,37,1157890414.96
can,UK,2021-08-01 00:00:00,W,36,968786972.6999998
can,UK,2021-09-01 00:00:00,S,143,73053711505.32996
can,UK,2021-09-01 00:00:00,U,31,13179611946.750002
can,UK,2021-09-01 00:00:00,W,44,24877216128.37
can,UK,2021-10-01 00:00:00,S,295,98426574055.72002
can,UK,2021-10-01 00:00:00,U,29,218617856.51999998
can,UK,2021-10-01 00:00:00,W,22,6123046343.87
can,UK,2021-11-01 00:00:00,S,332,17690723636.400017
can,UK,2021-11-01 00:00:00,U,24,369757594.7399999
can,UK,2021-11-01 00:00:00,W,26,4687309844.81
can,UK,2021-12-01 00:00:00,S,314,696556305.77
can,UK,2021-12-01 00:00:00,U,13,23929726.61
can,UK,2021-12-01 00:00:00,W,41,83229372.19999999
can,UK,2022-01-01 00:00:00,S,149,1934661811.1
can,UK,2022-01-01 00:00:00,U,19,1020846269.9200001
can,UK,2022-01-01 00:00:00,W,28,162981660.15
can,UK,2022-02-01 00:00:00,S,59,3092486975.73
can,UK,2022-02-01 00:00:00,U,23,220027754.0
can,UK,2022-02-01 00:00:00,W,12,29349847335.960003
can,UK,2022-03-01 00:00:00,S,143,4842378441.509999
can,UK,2022-03-01 00:00:00,U,26,836268536.02
can,UK,2022-03-01 00:00:00,W,22,1055352062.04
can,UK,2022-04-01 00:00:00,S,126,677718680.66
can,UK,2022-04-01 00:00:00,U,13,67774542.4
can,UK,2022-04-01 00:00:00,W,30,496320009.98999995
can,UK,2022-05-01 00:00:00,S,97,990739232.42
can,UK,2022-05-01 00:00:00,U,18,49985440060.46004
can,UK,2022-05-01 00:00:00,W,24,1790359805.7599998
can,UK,2022-06-01 00:00:00,S,151,279574586.11999995
can,UK,2022-06-01 00:00:00,U,22,70336984.65
can,UK,2022-06-01 00:00:00,W,32,222347622664.67
can,UK,2022-07-01 00:00:00,S,115,552288558.0200001
can,UK,2022-07-01 00:00:00,U,11,58900488.79
can,UK,2022-07-01 00:00:00,W,22,48375126.940000005
can,UK,2022-08-01 00:00:00,S,28,834240475.7599999
can,UK,2022-08-01 00:00:00,U,8,20105355.98
can,UK,2022-08-01 00:00:00,W,28,727684573.6700001
can,UK,2022-09-01 00:00:00,S,58,135676108.35999998
can,UK,2022-09-01 00:00:00,U,15,174656154.31999996
can,UK,2022-09-01 00:00:00,W,10,45614881.480000004
can,UK,2022-10-01 00:00:00,S,139,262644003.78
can,UK,2022-10-01 00:00:00,U,14,118669487.97999999
can,UK,2022-10-01 00:00:00,W,4,1368349122.8000002
can,UK,2022-11-01 00:00:00,S,298,9286282736.069996
can,UK,2022-11-01 00:00:00,U,6,8377049201.129999
can,UK,2022-11-01 00:00:00,W,33,30954733.520000003
can,UK,2022-12-01 00:00:00,S,167,93869612.34
can,UK,2022-12-01 00:00:00,U,13,4454884479.899998
can,UK,2022-12-01 00:00:00,W,6,128211338.15000002
can,UK,2023-01-01 00:00:00,S,152,76828836.06
can,UK,2023-01-01 00:00:00,U,9,8256467.959999999
can,UK,2023-01-01 00:00:00,W,33,65492491.33
can,UK,2023-02-01 00:00:00,S,39,21065026522.47
can,UK,2023-02-01 00:00:00,U,9,316153261.88
can,UK,2023-02-01 00:00:00,W,6,63486309.800000004
can,UK,2023-03-01 00:00:00,S,139,886652550.06
can,UK,2023-03-01 00:00:00,U,14,42008178.269999996
can,UK,2023-03-01 00:00:00,W,12,518147061.72999996
can,UK,2023-04-01 00:00:00,S,116,101260069.76
can,UK,2023-04-01 00:00:00,U,13,159880753.62999997
can,UK,2023-04-01 00:00:00,W,28,117408774.21000001
can,UK,2023-05-01 00:00:00,S,108,31224669.82
can,UK,2023-05-01 00:00:00,U,7,275409968.59
can,UK,2023-05-01 00:00:00,W,17,68700213.19
can,UK,2023-06-01 00:00:00,S,89,26061859.11
can,UK,2023-06-01 00:00:00,U,5,19520258.54
can,UK,2023-06-01 00:00:00,W,5,42569939.06
can,UK,2023-07-01 00:00:00,S,51,73777544.59
can,UK,2023-07-01 00:00:00,U,5,331571117.94
can,UK,2023-07-01 00:00:00,W,30,12434185.120000001
can,UK,2023-08-01 00:00:00,S,13,205158307.7
can,UK,2023-08-01 00:00:00,U,7,1351102738.4599998
can,UK,2023-08-01 00:00:00,W,62,3901637.46
can,UK,2023-09-01 00:00:00,S,47,66217995.760000005
can,UK,2023-09-01 00:00:00,U,7,1108752583.5
can,UK,2023-09-01 00:00:00,W,32,2250564.1199999996
cn,AT,2016-01-01 00:00:00,S,59,1100000.0
cn,AT,2016-01-01 00:00:00,U,67,7347900.0
cn,AT,2016-01-01 00:00:00,W,82,34300000.0
cn,AT,2016-02-01 00:00:00,S,85,111490320.0
cn,AT,2016-02-01 00:00:00,U,86,64477051.0
cn,AT,2016-02-01 00:00:00,W,158,49897000.0
cn,AT,2016-03-01 00:00:00,S,82,7527300.39
cn,AT,2016-03-01 00:00:00,U,62,15392246.92
cn,AT,2016-03-01 00:00:00,W,98,10012340.76
cn,AT,2016-04-01 00:00:00,S,79,78206208.0
cn,AT,2016-04-01 00:00:00,U,63,134407782.7
cn,AT,2016-04-01 00:00:00,W,133,48245543.7
cn,AT,2016-05-01 00:00:00,S,81,8938250.0
cn,AT,2016-05-01 00:00:00,U,60,89195684.22
cn,AT,2016-05-01 00:00:00,W,76,70238003.0
cn,AT,2016-06-01 00:00:00,S,84,21143500.0
cn,AT,2016-06-01 00:00:00,U,83,114717782.69
cn,AT,2016-06-01 00:00:00,W,114,41451001.0
cn,AT,2016-07-01 00:00:00,S,97,165627101.0
cn,AT,2016-07-01 00:00:00,U,102,69892866.23
cn,AT,2016-07-01 00:00:00,W,97,17831497.0
cn,AT,2016-08-01 00:00:00,S,76,72824800.0
cn,AT,2016-08-01 00:00:00,U,92,78833120.0
cn,AT,2016-08-01 00:00:00,W,105,20347003.0
cn,AT,2016-09-01 00:00:00,S,99,42078933.0
cn,AT,2016-09-01 00:00:00,U,68,63304610.46000001
cn,AT,2016-09-01 00:00:00,W,77,8504499.0
cn,AT,2016-10-01 00:00:00,S,73,21422252.28
cn,AT,2016-10-01 00:00:00,U,72,695153333.3299999
cn,AT,2016-10-01 00:00:00,W,102,124175085.0
cn,AT,2016-11-01 00:00:00,S,68,24814000.0
cn,AT,2016-11-01 00:00:00,U,71,68064200.0
cn,AT,2016-11-01 00:00:00,W,145,34472700.0
cn,AT,2016-12-01 00:00:00,S,92,88702454.0
cn,AT,2016-12-01 00:00:00,U,65,100742893.0
cn,AT,2016-12-01 00:00:00,W,125,1310802955.0
cn,AT,2017-01-01 00:00:00,S,75,10977433.33
cn,AT,2017-01-01 00:00:00,U,90,17673155.0
cn,AT,2017-01-01 00:00:00,W,74,21002683.0
cn,AT,2017-02-01 00:00:00,S,96,90951200.0
cn,AT,2017-02-01 00:00:00,U,79,73303666.67
cn,AT,2017-02-01 00:00:00,W,106,43599440.0
cn,AT,2017-03-01 00:00:00,S,107,160802100.0
cn,AT,2017-03-01 00:00:00,U,102,24207600.0
cn,AT,2017-03-01 00:00:00,W,116,39310906.25
cn,AT,2017-04-01 00:00:00,S,102,9921130.0
cn,AT,2017-04-01 00:00:00,U,82,103785144.8
cn,AT,2017-04-01 00:00:00,W,93,17850000.0
cn,AT,2017-05-01 00:00:00,S,95,29771816.0
cn,AT,2017-05-01 00:00:00,U,77,23779059.0
cn,AT,2017-05-01 00:00:00,W,109,5991220.0
cn,AT,2017-05-01 00:00:00,,1,
cn,AT,2017-06-01 00:00:00,S,76,30334000.0
cn,AT,2017-06-01 00:00:00,U,77,72998699.0
cn,AT,2017-06-01 00:00:00,W,82,1138000.0
cn,AT,2017-07-01 00:00:00,S,98,34024233.0
cn,AT,2017-07-01 00:00:00,U,84,46336250.0
cn,AT,2017-07-01 00:00:00,W,112,58420586.0
cn,AT,2017-08-01 00:00:00,S,94,17210567.0
cn,AT,2017-08-01 00:00:00,U,112,38705680.0
cn,AT,2017-08-01 00:00:00,W,78,13720000.0
cn,AT,2017-09-01 00:00:00,S,94,22684066.0
cn,AT,2017-09-01 00:00:00,U,76,55757617.99
cn,AT,2017-09-01 00:00:00,W,70,35382011.0
cn,AT,2017-10-01 00:00:00,S,125,30087854.03
cn,AT,2017-10-01 00:00:00,U,72,140470480.0
cn,AT,2017-10-01 00:00:00,W,78,14399333.0
cn,AT,2017-11-01 00:00:00,S,83,14983550.0
cn,AT,2017-11-01 00:00:00,U,85,685134638.0
cn,AT,2017-11-01 00:00:00,W,91,41130000.0
cn,AT,2017-12-01 00:00:00,S,95,45668700.0
cn,AT,2017-12-01 00:00:00,U,70,29836600.0
cn,AT,2017-12-01 00:00:00,W,107,23000000.0
cn,AT,2018-01-01 00:00:00,S,82,30360000.0
cn,AT,2018-01-01 00:00:00,U,84,39645976.0
cn,AT,2018-01-01 00:00:00,W,111,23936021.0
cn,AT,2018-02-01 00:00:00,S,79,16895069.0
cn,AT,2018-02-01 00:00:00,U,70,19609783.47
cn,AT,2018-02-01 00:00:00,W,91,9670000.0
cn,AT,2018-03-01 00:00:00,S,100,790395800.0
cn,AT,2018-03-01 00:00:00,U,69,63971245.35
cn,AT,2018-03-01 00:00:00,W,126,21759601.0
cn,AT,2018-04-01 00:00:00,S,69,19076875.0
cn,AT,2018-04-01 00:00:00,U,80,158233123.68
cn,AT,2018-04-01 00:00:00,W,83,12640000.0
cn,AT,2018-05-01 00:00:00,S,82,16370100.0
cn,AT,2018-05-01 00:00:00,U,73,18262167.86
cn,AT,2018-05-01 00:00:00,W,123,22100000.0
cn,AT,2018-06-01 00:00:00,S,126,16480699.0
cn,AT,2018-06-01 00:00:00,U,86,98865482.66
cn,AT,2018-06-01 00:00:00,W,95,8760000.0
cn,AT,2018-07-01 00:00:00,S,118,67880000.0
cn,AT,2018-07-01 00:00:00,U,111,32909043.0
cn,AT,2018-07-01 00:00:00,W,105,16525500.0
cn,AT,2018-08-01 00:00:00,S,65,1457600368.0
cn,AT,2018-08-01 00:00:00,U,51,259387000.0
cn,AT,2018-08-01 00:00:00,W,115,43340000.0
cn,AT,2018-09-01 00:00:00,S,47,8733900.0
cn,AT,2018-09-01 00:00:00,U,53,170092491.67000002
cn,AT,2018-09-01 00:00:00,W,70,1156000.0
cn,AT,2018-10-01 00:00:00,S,101,72569832.0
cn,AT,2018-10-01 00:00:00,U,75,179130591.18
cn,AT,2018-10-01 00:00:00,W,79,25550000.0
cn,AT,2018-11-01 00:00:00,S,61,3020007.0
cn,AT,2018-11-01 00:00:00,U,48,166491351.61999997
cn,AT,2018-11-01 00:00:00,W,101,1910000.0
cn,AT,2018-12-01 00:00:00,S,97,28475900.0
cn,AT,2018-12-01 00:00:00,U,63,40274153.68
cn,AT,2018-12-01 00:00:00,W,112,23049000.0
cn,AT,2019-01-01 00:00:00,S,80,23245621.37
cn,AT,2019-01-01 00:00:00,U,71,85830477.47
cn,AT,2019-01-01 00:00:00,W,97,32478538.0
cn,AT,2019-02-01 00:00:00,S,79,227865000.0
cn,AT,2019-02-01 00:00:00,U,68,41386946.61
cn,AT,2019-02-01 00:00:00,W,83,4809000.0
cn,AT,2019-03-01 00:00:00,S,100,7322000.9
cn,AT,2019-03-01 00:00:00,U,78,698363508.0
cn,AT,2019-03-01 00:00:00,W,119,49174352.0
cn,AT,2019-04-01 00:00:00,S,101,282920132.09000003
cn,AT,2019-04-01 00:00:00,U,112,86412401.46000001
cn,AT,2019-04-01 00:00:00,W,106,79646683.5
cn,AT,2019-05-01 00:00:00,S,102,220092504.76
cn,AT,2019-05-01 00:00:00,U,98,63442548.0
cn,AT,2019-05-01 00:00:00,W,152,19634085.0
cn,AT,2019-06-01 00:00:00,S,87,273852700.0
cn,AT,2019-06-01 00:00:00,U,66,75810387.18
cn,AT,2019-06-01 00:00:00,W,72,12794865.0
cn,AT,2019-07-01 00:00:00,S,136,289426416.0
cn,AT,2019-07-01 00:00:00,U,102,153801729.39999998
cn,AT,2019-07-01 00:00:00,W,129,90637203.97
cn,AT,2019-08-01 00:00:00,S,83,46156044.26
cn,AT,2019-08-01 00:00:00,U,71,55553563.05
cn,AT,2019-08-01 00:00:00,W,96,7775878.0
cn,AT,2019-09-01 00:00:00,S,109,301287297.30999994
cn,AT,2019-09-01 00:00:00,U,83,9696783.0
cn,AT,2019-09-01 00:00:00,W,79,267840000.0
cn,AT,2019-10-01 00:00:00,S,119,41675804.0
cn,AT,2019-10-01 00:00:00,U,76,148163940.0
cn,AT,2019-10-01 00:00:00,W,112,50159892.0
cn,AT,2019-11-01 00:00:00,S,99,88841437.0
cn,AT,2019-11-01 00:00:00,U,86,117767833.32
cn,AT,2019-11-01 00:00:00,W,104,12709530.2
cn,AT,2019-12-01 00:00:00,S,105,17036203.0
cn,AT,2019-12-01 00:00:00,U,52,56043000.0
cn,AT,2019-12-01 00:00:00,W,142,57688922.0
cn,AT,2020-01-01 00:00:00,S,101,52191831.33
cn,AT,2020-01-01 00:00:00,U,60,30998320.5
cn,AT,2020-01-01 00:00:00,W,147,5369050.0
cn,AT,2020-02-01 00:00:00,S,95,204868900.0
cn,AT,2020-02-01 00:00:00,U,64,11619000.0
cn,AT,2020-02-01 00:00:00,W,150,20550607.97
cn,AT,2020-03-01 00:00:00,S,119,89243886.6
cn,AT,2020-03-01 00:00:00,U,71,68467603.33
cn,AT,2020-03-01 00:00:00,W,75,447065000.0
cn,AT,2020-04-01 00:00:00,S,95,220150623.69
cn,AT,2020-04-01 00:00:00,U,77,775054925.78
cn,AT,2020-04-01 00:00:00,W,120,8570000.0
cn,AT,2020-05-01 00:00:00,S,92,141706290.0
cn,AT,2020-05-01 00:00:00,U,97,1985752233.0
cn,AT,2020-05-01 00:00:00,W,92,
cn,AT,2020-06-01 00:00:00,S,100,118475855.75
cn,AT,2020-06-01 00:00:00,U,77,32391342.0
cn,AT,2020-06-01 00:00:00,W,80,18485000.0
cn,AT,2020-07-01 00:00:00,S,132,209610757.0
cn,AT,2020-07-01 00:00:00,U,116,111484940.36000001
cn,AT,2020-07-01 00:00:00,W,111,70307900.5
cn,AT,2020-08-01 00:00:00,S,111,148531661.0
cn,AT,2020-08-01 00:00:00,U,90,864978333.0
cn,AT,2020-08-01 00:00:00,W,84,
cn,AT,2020-09-01 00:00:00,S,122,479370414.0
cn,AT,2020-09-01 00:00:00,U,93,63432761.0
cn,AT,2020-09-01 00:00:00,W,83,102480000.0
cn,AT,2020-10-01 00:00:00,S,123,206018683.67
cn,AT,2020-10-01 00:00:00,U,98,467153598.28999996
cn,AT,2020-10-01 00:00:00,W,126,76714403.03
cn,AT,2020-11-01 00:00:00,S,112,355075267.0
cn,AT,2020-11-01 00:00:00,U,79,72238137.0
cn,AT,2020-11-01 00:00:00,W,146,26314718.8
cn,AT,2020-12-01 00:00:00,S,122,64010449.0
cn,AT,2020-12-01 00:00:00,U,71,497406639.7
cn,AT,2020-12-01 00:00:00,W,123,8732290.8
cn,AT,2021-01-01 00:00:00,S,87,288666182.0
cn,AT,2021-01-01 00:00:00,U,62,299243629.85
cn,AT,2021-01-01 00:00:00,W,92,1385739804.3400002
cn,AT,2021-02-01 00:00:00,S,137,157423507.59
cn,AT,2021-02-01 00:00:00,U,88,854278180.52
cn,AT,2021-02-01 00:00:00,W,97,18710368.2
cn,AT,2021-03-01 00:00:00,S,126,84067424.0
cn,AT,2021-03-01 00:00:00,U,91,56942393.0
cn,AT,2021-03-01 00:00:00,W,122,7719417.49
cn,AT,2021-04-01 00:00:00,S,146,465741834.53
cn,AT,2021-04-01 00:00:00,U,74,245972577.32999998
cn,AT,2021-04-01 00:00:00,W,166,398719815.33000004
cn,AT,2021-05-01 00:00:00,S,96,53636719.0
cn,AT,2021-05-01 00:00:00,U,86,409635181.43
cn,AT,2021-05-01 00:00:00,W,83,19271000.0
cn,AT,2021-06-01 00:00:00,S,134,148336001.0
cn,AT,2021-06-01 00:00:00,U,78,116628609.2
cn,AT,2021-06-01 00:00:00,W,78,38078010.0
cn,AT,2021-07-01 00:00:00,S,166,161026904.0
cn,AT,2021-07-01 00:00:00,U,84,2210452789.0
cn,AT,2021-07-01 00:00:00,W,88,1820003.0
cn,AT,2021-08-01 00:00:00,S,113,95347335.67
cn,AT,2021-08-01 00:00:00,U,88,54811001.0
cn,AT,2021-08-01 00:00:00,W,99,15140350.0
cn,AT,2021-09-01 00:00:00,S,95,222920199.0
cn,AT,2021-09-01 00:00:00,U,71,15171332.0
cn,AT,2021-09-01 00:00:00,W,106,116709934.19
cn,AT,2021-10-01 00:00:00,S,135,116570011.0
cn,AT,2021-10-01 00:00:00,U,82,98912500.0
cn,AT,2021-10-01 00:00:00,W,141,233655256.21
cn,AT,2021-11-01 00:00:00,S,154,937337567.0
cn,AT,2021-11-01 00:00:00,U,86,884508121.79
cn,AT,2021-11-01 00:00:00,W,134,60791812.0
cn,AT,2021-12-01 00:00:00,S,121,597992884.76
cn,AT,2021-12-01 00:00:00,U,86,146604080.0
cn,AT,2021-12-01 00:00:00,W,161,271650541.2
cn,AT,2022-01-01 00:00:00,S,112,40123235.0
cn,AT,2022-01-01 00:00:00,U,53,20452000.0
cn,AT,2022-01-01 00:00:00,W,78,941783700.0
cn,AT,2022-02-01 00:00:00,S,150,200466700.0
cn,AT,2022-02-01 00:00:00,U,101,529686610.0
cn,AT,2022-02-01 00:00:00,W,144,29334500.0
cn,AT,2022-03-01 00:00:00,S,122,297276601.0
cn,AT,2022-03-01 00:00:00,U,103,66802758.0
cn,AT,2022-03-01 00:00:00,W,128,859370500.0
cn,AT,2022-04-01 00:00:00,S,127,339852237.76
cn,AT,2022-04-01 00:00:00,U,77,299415309.72999996
cn,AT,2022-04-01 00:00:00,W,124,5645000.0
cn,AT,2022-05-01 00:00:00,S,116,1143590055.5
cn,AT,2022-05-01 00:00:00,U,112,298515406.0
cn,AT,2022-05-01 00:00:00,W,101,5225000.0
cn,AT,2022-06-01 00:00:00,S,148,88455709.75
cn,AT,2022-06-01 00:00:00,U,90,227676235.0
cn,AT,2022-06-01 00:00:00,W,114,94575000.0
cn,AT,2022-07-01 00:00:00,S,168,174980148.86
cn,AT,2022-07-01 00:00:00,U,123,76641140.0
cn,AT,2022-07-01 00:00:00,W,130,239185000.0
cn,AT,2022-08-01 00:00:00,S,156,50785000.0
cn,AT,2022-08-01 00:00:00,U,99,123444637.33
cn,AT,2022-08-01 00:00:00,W,124,10000053324999.0
cn,AT,2022-09-01 00:00:00,S,149,161558698.67000002
cn,AT,2022-09-01 00:00:00,U,107,2000142068698.0
cn,AT,2022-09-01 00:00:00,W,107,17294035.0
cn,AT,2022-10-01 00:00:00,S,125,382371008.79
cn,AT,2022-10-01 00:00:00,U,102,58452510.2
cn,AT,2022-10-01 00:00:00,W,136,23601764.0
cn,AT,2022-11-01 00:00:00,S,155,115681124.0
cn,AT,2022-11-01 00:00:00,U,97,28085201.0
cn,AT,2022-11-01 00:00:00,W,152,51287561.55
cn,AT,2022-12-01 00:00:00,S,131,130092413.82
cn,AT,2022-12-01 00:00:00,U,90,301788333.33
cn,AT,2022-12-01 00:00:00,W,252,60835622.0
cn,AT,2023-01-01 00:00:00,S,122,296597888.0
cn,AT,2023-01-01 00:00:00,U,97,197207530.0
cn,AT,2023-01-01 00:00:00,W,125,119496297.5
cn,AT,2023-02-01 00:00:00,S,131,356699214.5
cn,AT,2023-02-01 00:00:00,U,107,24945689.16
cn,AT,2023-02-01 00:00:00,W,150,48794000.0
cn,AT,2023-03-01 00:00:00,S,192,95840025.0
cn,AT,2023-03-01 00:00:00,U,125,343079813.0
cn,AT,2023-03-01 00:00:00,W,201,185332864.0
cn,AT,2023-04-01 00:00:00,S,115,185680290.0
cn,AT,2023-04-01 00:00:00,U,114,680629601.0
cn,AT,2023-04-01 00:00:00,W,176,48108885.05
cn,AT,2023-05-01 00:00:00,S,158,41231688.0
cn,AT,2023-05-01 00:00:00,U,126,197350675.0
cn,AT,2023-05-01 00:00:00,W,175,54378000.0
cn,AT,2023-06-01 00:00:00,S,153,345350719.19
cn,AT,2023-06-01 00:00:00,U,127,338943851.0
cn,AT,2023-06-01 00:00:00,W,144,84888517.0
cn,AT,2023-07-01 00:00:00,S,185,109880313.67
cn,AT,2023-07-01 00:00:00,U,135,10000723342870.0
cn,AT,2023-07-01 00:00:00,W,161,97764971.42
cn,AT,2023-08-01 00:00:00,S,127,197953306.32999998
cn,AT,2023-08-01 00:00:00,U,113,50636130.85
cn,AT,2023-08-01 00:00:00,W,135,59982585.019999996
cn,AT,2023-09-01 00:00:00,S,140,87988716.74
cn,AT,2023-09-01 00:00:00,U,94,10000344983137.25
cn,AT,2023-09-01 00:00:00,W,104,51649208.0
cn,BE,2016-01-01 00:00:00,S,126,24115623.68
cn,BE,2016-01-01 00:00:00,U,111,53631879.66
cn,BE,2016-01-01 00:00:00,W,51,9093000.0
cn,BE,2016-02-01 00:00:00,S,168,174894229.65
cn,BE,2016-02-01 00:00:00,U,185,138115850.95999998
cn,BE,2016-02-01 00:00:00,W,55,18884157.0
cn,BE,2016-03-01 00:00:00,S,255,1009199313.01
cn,BE,2016-03-01 00:00:00,U,209,46895941.129999995
cn,BE,2016-03-01 00:00:00,W,57,515090084.58
cn,BE,2016-04-01 00:00:00,S,214,767731224.8599999
cn,BE,2016-04-01 00:00:00,U,210,65458152.29
cn,BE,2016-04-01 00:00:00,W,40,53438527.0
cn,BE,2016-05-01 00:00:00,S,255,310189944.74
cn,BE,2016-05-01 00:00:00,U,185,48226859.31
cn,BE,2016-05-01 00:00:00,W,50,13062684.51
cn,BE,2016-06-01 00:00:00,S,318,444369440.68
cn,BE,2016-06-01 00:00:00,U,221,123843024.01000002
cn,BE,2016-06-01 00:00:00,W,64,542798047.97
cn,BE,2016-07-01 00:00:00,S,359,267459977.15
cn,BE,2016-07-01 00:00:00,U,240,245606233.64
cn,BE,2016-07-01 00:00:00,W,50,74028926.0
cn,BE,2016-08-01 00:00:00,S,253,207018739.67000002
cn,BE,2016-08-01 00:00:00,U,164,51320512.76
cn,BE,2016-08-01 00:00:00,W,48,27182727.2
cn,BE,2016-09-01 00:00:00,S,275,88309763.32
cn,BE,2016-09-01 00:00:00,U,184,116158128.71000002
cn,BE,2016-09-01 00:00:00,W,67,43976549.239999995
cn,BE,2016-10-01 00:00:00,S,289,140042913.52
cn,BE,2016-10-01 00:00:00,U,174,48699111.1
cn,BE,2016-10-01 00:00:00,W,80,153292733.29
cn,BE,2016-11-01 00:00:00,S,156,131971664.17
cn,BE,2016-11-01 00:00:00,U,134,69264268.75
cn,BE,2016-11-01 00:00:00,W,53,21232470.46
cn,BE,2016-12-01 00:00:00,S,177,198006996.29999998
cn,BE,2016-12-01 00:00:00,U,149,75248587.03
cn,BE,2016-12-01 00:00:00,W,64,1805353783.7300003
cn,BE,2017-01-01 00:00:00,S,149,86731350.0
cn,BE,2017-01-01 00:00:00,U,139,123916173.55
cn,BE,2017-01-01 00:00:00,W,48,63516199.379999995
cn,BE,2017-02-01 00:00:00,S,190,479673162.9299999
cn,BE,2017-02-01 00:00:00,U,165,138721960.71
cn,BE,2017-02-01 00:00:00,W,57,7391479.47
cn,BE,2017-03-01 00:00:00,S,273,118473969.83000001
cn,BE,2017-03-01 00:00:00,U,224,80976986.46000001
cn,BE,2017-03-01 00:00:00,W,69,63853290.73
cn,BE,2017-04-01 00:00:00,S,201,173658402.84
cn,BE,2017-04-01 00:00:00,U,168,25147973.410000004
cn,BE,2017-04-01 00:00:00,W,43,31727248.7
cn,BE,2017-05-01 00:00:00,S,279,612837717.5799999
cn,BE,2017-05-01 00:00:00,U,241,277577542.86999995
cn,BE,2017-05-01 00:00:00,W,72,89088216.93
cn,BE,2017-06-01 00:00:00,S,526,897279390.12
cn,BE,2017-06-01 00:00:00,U,437,203521825.01
cn,BE,2017-06-01 00:00:00,W,131,153478666.34
cn,BE,2017-07-01 00:00:00,S,242,117543583.30000001
cn,BE,2017-07-01 00:00:00,U,174,150820467.94
cn,BE,2017-07-01 00:00:00,W,54,151725000.0
cn,BE,2017-08-01 00:00:00,S,177,128003570.38
cn,BE,2017-08-01 00:00:00,U,115,65423787.410000004
cn,BE,2017-08-01 00:00:00,W,63,18007067.77
cn,BE,2017-09-01 00:00:00,S,234,29067449.28
cn,BE,2017-09-01 00:00:00,U,144,53168073.64
cn,BE,2017-09-01 00:00:00,W,57,291261639.52
cn,BE,2017-10-01 00:00:00,S,216,164397728.14000002
cn,BE,2017-10-01 00:00:00,U,186,30815577.6
cn,BE,2017-10-01 00:00:00,W,80,23506735.22
cn,BE,2017-11-01 00:00:00,S,199,141739700.81
cn,BE,2017-11-01 00:00:00,U,154,22784752.43
cn,BE,2017-11-01 00:00:00,W,60,61401478.32
cn,BE,2017-12-01 00:00:00,S,180,56693501.0
cn,BE,2017-12-01 00:00:00,U,161,44918014.4
cn,BE,2017-12-01 00:00:00,W,47,293200000.0
cn,BE,2018-01-01 00:00:00,S,188,178888654.75
cn,BE,2018-01-01 00:00:00,U,134,132262525.98
cn,BE,2018-01-01 00:00:00,W,51,4900000.0
cn,BE,2018-02-01 00:00:00,S,191,159319116.01
cn,BE,2018-02-01 00:00:00,U,158,74748999.82000001
cn,BE,2018-02-01 00:00:00,W,52,65335000.0
cn,BE,2018-03-01 00:00:00,S,247,281744308.43
cn,BE,2018-03-01 00:00:00,U,184,58600924.63999999
cn,BE,2018-03-01 00:00:00,W,59,55230480.08
cn,BE,2018-04-01 00:00:00,S,209,283803220.48
cn,BE,2018-04-01 00:00:00,U,163,1647545136.0199997
cn,BE,2018-04-01 00:00:00,W,35,39287244.760000005
cn,BE,2018-05-01 00:00:00,S,244,990272015.44
cn,BE,2018-05-01 00:00:00,U,203,218327795.08999997
cn,BE,2018-05-01 00:00:00,W,58,54450573.7
cn,BE,2018-06-01 00:00:00,S,321,470932130.40000004
cn,BE,2018-06-01 00:00:00,U,233,207067080.71000004
cn,BE,2018-06-01 00:00:00,W,58,108592309.14
cn,BE,2018-07-01 00:00:00,S,341,211981187.38
cn,BE,2018-07-01 00:00:00,U,220,177967955.97000003
cn,BE,2018-07-01 00:00:00,W,47,46334043.0
cn,BE,2018-08-01 00:00:00,S,207,96810497.79
cn,BE,2018-08-01 00:00:00,U,153,442798207.77000004
cn,BE,2018-08-01 00:00:00,W,38,94514593.58
cn,BE,2018-09-01 00:00:00,S,239,249754679.0
cn,BE,2018-09-01 00:00:00,U,167,95400268.02000001
cn,BE,2018-09-01 00:00:00,W,49,45442401.68
cn,BE,2018-10-01 00:00:00,S,266,304183445.0
cn,BE,2018-10-01 00:00:00,U,217,45931328.56
cn,BE,2018-10-01 00:00:00,W,93,27036339.0
cn,BE,2018-11-01 00:00:00,S,201,244843611.68
cn,BE,2018-11-01 00:00:00,U,178,180677690.85000002
cn,BE,2018-11-01 00:00:00,W,46,223508376.98
cn,BE,2018-12-01 00:00:00,S,216,293359513.37
cn,BE,2018-12-01 00:00:00,U,153,130872379.03999999
cn,BE,2018-12-01 00:00:00,W,46,262357451.65
cn,BE,2019-01-01 00:00:00,S,170,75887098.02000001
cn,BE,2019-01-01 00:00:00,U,123,96076855.27
cn,BE,2019-01-01 00:00:00,W,46,23972474.32
cn,BE,2019-02-01 00:00:00,S,192,412869506.45
cn,BE,2019-02-01 00:00:00,U,175,33430686.08
cn,BE,2019-02-01 00:00:00,W,43,172684651.18
cn,BE,2019-03-01 00:00:00,S,280,173120338.7
cn,BE,2019-03-01 00:00:00,U,211,111625608.52000001
cn,BE,2019-03-01 00:00:00,W,52,163740661.12
cn,BE,2019-04-01 00:00:00,S,272,212643359.02999997
cn,BE,2019-04-01 00:00:00,U,239,193875773.04000002
cn,BE,2019-04-01 00:00:00,W,55,253562846.4
cn,BE,2019-05-01 00:00:00,S,288,166170458.74
cn,BE,2019-05-01 00:00:00,U,238,359568387.05
cn,BE,2019-05-01 00:00:00,W,59,324232294.22
cn,BE,2019-06-01 00:00:00,S,286,361358788.48
cn,BE,2019-06-01 00:00:00,U,212,81120975.2
cn,BE,2019-06-01 00:00:00,W,59,177819535.17
cn,BE,2019-07-01 00:00:00,S,366,533298448.90999997
cn,BE,2019-07-01 00:00:00,U,255,230098494.62
cn,BE,2019-07-01 00:00:00,W,47,25254859.69
cn,BE,2019-08-01 00:00:00,S,195,493380490.88
cn,BE,2019-08-01 00:00:00,U,151,156108432.54
cn,BE,2019-08-01 00:00:00,W,36,31316000.0
cn,BE,2019-09-01 00:00:00,S,294,200092900.72
cn,BE,2019-09-01 00:00:00,U,187,84647060.66
cn,BE,2019-09-01 00:00:00,W,49,22787793.87
cn,BE,2019-10-01 00:00:00,S,305,597246202.34
cn,BE,2019-10-01 00:00:00,U,236,59119494.779999994
cn,BE,2019-10-01 00:00:00,W,60,75158774.7
cn,BE,2019-11-01 00:00:00,S,218,113218608.36999999
cn,BE,2019-11-01 00:00:00,U,125,13986024.35
cn,BE,2019-11-01 00:00:00,W,44,169676553.37
cn,BE,2019-12-01 00:00:00,S,230,201980846.47
cn,BE,2019-12-01 00:00:00,U,166,50526556.3
cn,BE,2019-12-01 00:00:00,W,38,56537585.349999994
cn,BE,2020-01-01 00:00:00,S,205,2573397002.14
cn,BE,2020-01-01 00:00:00,U,166,47550974.59
cn,BE,2020-01-01 00:00:00,W,40,185000000.0
cn,BE,2020-02-01 00:00:00,S,228,246543465.86
cn,BE,2020-02-01 00:00:00,U,181,237578863.37
cn,BE,2020-02-01 00:00:00,W,55,219801655.0
cn,BE,2020-03-01 00:00:00,S,277,218573273.21
cn,BE,2020-03-01 00:00:00,U,179,47667967.15
cn,BE,2020-03-01 00:00:00,W,58,454330236.03
cn,BE,2020-04-01 00:00:00,S,270,144195453.7
cn,BE,2020-04-01 00:00:00,U,165,53895932.5
cn,BE,2020-04-01 00:00:00,W,33,467112786.0
cn,BE,2020-05-01 00:00:00,S,262,360259253.37
cn,BE,2020-05-01 00:00:00,U,190,173351866.89
cn,BE,2020-05-01 00:00:00,W,55,1142185000.0
cn,BE,2020-06-01 00:00:00,S,340,718572863.6300001
cn,BE,2020-06-01 00:00:00,U,259,98436465.59
cn,BE,2020-06-01 00:00:00,W,56,187482666.05
cn,BE,2020-07-01 00:00:00,S,359,347635737.84
cn,BE,2020-07-01 00:00:00,U,245,119169864.44999999
cn,BE,2020-07-01 00:00:00,W,58,118596628.58
cn,BE,2020-08-01 00:00:00,S,223,216668065.37
cn,BE,2020-08-01 00:00:00,U,162,35269808.38
cn,BE,2020-08-01 00:00:00,W,43,47157534.0
cn,BE,2020-09-01 00:00:00,S,315,232618952.33
cn,BE,2020-09-01 00:00:00,U,226,1415587171.09
cn,BE,2020-09-01 00:00:00,W,63,17899314.65
cn,BE,2020-10-01 00:00:00,S,350,292735355.65999997
cn,BE,2020-10-01 00:00:00,U,218,79893193.49
cn,BE,2020-10-01 00:00:00,W,74,728757617.6899999
cn,BE,2020-11-01 00:00:00,S,219,1074182266.91
cn,BE,2020-11-01 00:00:00,U,175,36440851.9
cn,BE,2020-11-01 00:00:00,W,65,43619816.16
cn,BE,2020-12-01 00:00:00,S,273,492160494.75
cn,BE,2020-12-01 00:00:00,U,175,451655774.7
cn,BE,2020-12-01 00:00:00,W,44,18159765.09
cn,BE,2021-01-01 00:00:00,S,220,271138297.06
cn,BE,2021-01-01 00:00:00,U,155,825281682.69
cn,BE,2021-01-01 00:00:00,W,53,100240000.0
cn,BE,2021-02-01 00:00:00,S,269,408164529.34
cn,BE,2021-02-01 00:00:00,U,178,118372784.03
cn,BE,2021-02-01 00:00:00,W,65,274626786.94
cn,BE,2021-03-01 00:00:00,S,386,588194601.1099999
cn,BE,2021-03-01 00:00:00,U,285,104155205.23
cn,BE,2021-03-01 00:00:00,W,59,112859474.2
cn,BE,2021-04-01 00:00:00,S,302,665879010.99
cn,BE,2021-04-01 00:00:00,U,237,121798382.78
cn,BE,2021-04-01 00:00:00,W,71,93715626.0
cn,BE,2021-05-01 00:00:00,S,287,656280162.15
cn,BE,2021-05-01 00:00:00,U,230,282625119.72
cn,BE,2021-05-01 00:00:00,W,61,93671413.97
cn,BE,2021-06-01 00:00:00,S,396,775406742.91
cn,BE,2021-06-01 00:00:00,U,302,163951326.61999997
cn,BE,2021-06-01 00:00:00,W,83,532464282.92
cn,BE,2021-07-01 00:00:00,S,392,513917136.08000004
cn,BE,2021-07-01 00:00:00,U,254,195668850.79000002
cn,BE,2021-07-01 00:00:00,W,65,114390776.1
cn,BE,2021-08-01 00:00:00,S,227,599460097.63
cn,BE,2021-08-01 00:00:00,U,156,102992964.54
cn,BE,2021-08-01 00:00:00,W,43,106450696.45
cn,BE,2021-09-01 00:00:00,S,316,310174236.9
cn,BE,2021-09-01 00:00:00,U,250,57047022.949999996
cn,BE,2021-09-01 00:00:00,W,63,95850194.55
cn,BE,2021-10-01 00:00:00,S,337,3084842227.47
cn,BE,2021-10-01 00:00:00,U,222,165350858.54
cn,BE,2021-10-01 00:00:00,W,77,172881448.19
cn,BE,2021-11-01 00:00:00,S,239,262348895.62
cn,BE,2021-11-01 00:00:00,U,142,161677719.32
cn,BE,2021-11-01 00:00:00,W,47,67289986.66
cn,BE,2021-12-01 00:00:00,S,268,1293192978.01
cn,BE,2021-12-01 00:00:00,U,171,719500954.6
cn,BE,2021-12-01 00:00:00,W,65,74217193.0
cn,BE,2022-01-01 00:00:00,S,216,362892637.96000004
cn,BE,2022-01-01 00:00:00,U,147,153450776.95
cn,BE,2022-01-01 00:00:00,W,38,486631868.79
cn,BE,2022-02-01 00:00:00,S,289,329519575.49
cn,BE,2022-02-01 00:00:00,U,206,105912210.61000001
cn,BE,2022-02-01 00:00:00,W,54,72599892.84
cn,BE,2022-03-01 00:00:00,S,330,3423319317.75
cn,BE,2022-03-01 00:00:00,U,242,171995652.44
cn,BE,2022-03-01 00:00:00,W,70,106997147.0
cn,BE,2022-04-01 00:00:00,S,330,512645528.44
cn,BE,2022-04-01 00:00:00,U,230,119259544.53999999
cn,BE,2022-04-01 00:00:00,W,53,124704318.49
cn,BE,2022-05-01 00:00:00,S,306,727791146.18
cn,BE,2022-05-01 00:00:00,U,239,229812174.92
cn,BE,2022-05-01 00:00:00,W,73,262491533.98
cn,BE,2022-06-01 00:00:00,S,343,488498982.12999994
cn,BE,2022-06-01 00:00:00,U,247,246940405.83999997
cn,BE,2022-06-01 00:00:00,W,65,52101970.7
cn,BE,2022-07-01 00:00:00,S,424,1406259245.86
cn,BE,2022-07-01 00:00:00,U,263,195789164.01000002
cn,BE,2022-07-01 00:00:00,W,68,248476503.8
cn,BE,2022-08-01 00:00:00,S,256,250756338.02
cn,BE,2022-08-01 00:00:00,U,147,191524451.95000002
cn,BE,2022-08-01 00:00:00,W,49,45438302.21
cn,BE,2022-09-01 00:00:00,S,360,1246430943.54
cn,BE,2022-09-01 00:00:00,U,202,400216775.65
cn,BE,2022-09-01 00:00:00,W,51,223542573.43
cn,BE,2022-10-01 00:00:00,S,371,514516274.28999996
cn,BE,2022-10-01 00:00:00,U,238,326354701.96000004
cn,BE,2022-10-01 00:00:00,W,79,202327514.97
cn,BE,2022-11-01 00:00:00,S,225,2317064915.35
cn,BE,2022-11-01 00:00:00,U,181,239897799.82
cn,BE,2022-11-01 00:00:00,W,52,121400062.17999999
cn,BE,2022-12-01 00:00:00,S,240,321742975.79999995
cn,BE,2022-12-01 00:00:00,U,201,390130872.11999995
cn,BE,2022-12-01 00:00:00,W,66,90059961.46
cn,BE,2023-01-01 00:00:00,S,255,1105409227.29
cn,BE,2023-01-01 00:00:00,U,189,165554665.65
cn,BE,2023-01-01 00:00:00,W,56,104683910.80000001
cn,BE,2023-02-01 00:00:00,S,266,925533923.2399999
cn,BE,2023-02-01 00:00:00,U,204,176237222.92
cn,BE,2023-02-01 00:00:00,W,55,311528284.16
cn,BE,2023-03-01 00:00:00,S,362,986266074.67
cn,BE,2023-03-01 00:00:00,U,296,260753885.63
cn,BE,2023-03-01 00:00:00,W,67,63989491.08
cn,BE,2023-04-01 00:00:00,S,321,653444901.07
cn,BE,2023-04-01 00:00:00,U,226,3960860395.87
cn,BE,2023-04-01 00:00:00,W,63,83678433.87
cn,BE,2023-05-01 00:00:00,S,326,624013279.0
cn,BE,2023-05-01 00:00:00,U,264,385514170.51000005
cn,BE,2023-05-01 00:00:00,W,71,52788750.79
cn,BE,2023-06-01 00:00:00,S,420,1320590636.9899995
cn,BE,2023-06-01 00:00:00,U,334,816130343.1600001
cn,BE,2023-06-01 00:00:00,W,90,365424733.7
cn,BE,2023-07-01 00:00:00,S,381,726118186.14
cn,BE,2023-07-01 00:00:00,U,280,670210875.2199999
cn,BE,2023-07-01 00:00:00,W,65,154642868.61
cn,BE,2023-08-01 00:00:00,S,215,313543869.21
cn,BE,2023-08-01 00:00:00,U,188,992380435.4300001
cn,BE,2023-08-01 00:00:00,W,52,136803675.21
cn,BE,2023-09-01 00:00:00,S,45,221100051.63
cn,BE,2023-09-01 00:00:00,U,16,388914000.0
cn,BE,2023-09-01 00:00:00,W,11,57057627.0
cn,BG,2016-01-01 00:00:00,S,83,96380317.21000001
cn,BG,2016-01-01 00:00:00,U,111,402247825.84000003
cn,BG,2016-01-01 00:00:00,W,11,53349435.160000004
cn,BG,2016-02-01 00:00:00,S,103,72089196.94
cn,BG,2016-02-01 00:00:00,U,128,112496903.46000001
cn,BG,2016-02-01 00:00:00,W,23,26495763.680000003
cn,BG,2016-03-01 00:00:00,S,152,75815446.01
cn,BG,2016-03-01 00:00:00,U,156,156842611.14
cn,BG,2016-03-01 00:00:00,W,31,249658914.01000002
cn,BG,2016-04-01 00:00:00,S,294,162907619.33
cn,BG,2016-04-01 00:00:00,U,310,389535523.35999995
cn,BG,2016-04-01 00:00:00,W,85,384180684.00999993
cn,BG,2016-05-01 00:00:00,S,13,961320.39
cn,BG,2016-05-01 00:00:00,U,13,32749402.98
cn,BG,2016-05-01 00:00:00,W,1,10225.99
cn,BG,2016-06-01 00:00:00,S,59,33807816.81000001
cn,BG,2016-06-01 00:00:00,U,82,43830803.94
cn,BG,2016-06-01 00:00:00,W,13,67589894.67
cn,BG,2016-07-01 00:00:00,S,129,41252634.63
cn,BG,2016-07-01 00:00:00,U,105,118325832.96
cn,BG,2016-07-01 00:00:00,W,29,218548531.5
cn,BG,2016-08-01 00:00:00,S,141,43895859.92
cn,BG,2016-08-01 00:00:00,U,191,206134995.56
cn,BG,2016-08-01 00:00:00,W,38,168165851.39
cn,BG,2016-09-01 00:00:00,S,88,34741590.47
cn,BG,2016-09-01 00:00:00,U,100,95743396.92
cn,BG,2016-09-01 00:00:00,W,27,63226856.7
cn,BG,2016-10-01 00:00:00,S,121,42383236.510000005
cn,BG,2016-10-01 00:00:00,U,211,130902888.97999999
cn,BG,2016-10-01 00:00:00,W,35,63981904.400000006
cn,BG,2016-11-01 00:00:00,S,133,52097301.63
cn,BG,2016-11-01 00:00:00,U,200,784622688.5100001
cn,BG,2016-11-01 00:00:00,W,42,47156144.809999995
cn,BG,2016-12-01 00:00:00,S,172,137998820.85000002
cn,BG,2016-12-01 00:00:00,U,189,122876499.63000001
cn,BG,2016-12-01 00:00:00,W,67,51083722.29
cn,BG,2017-01-01 00:00:00,S,119,118161191.23999998
cn,BG,2017-01-01 00:00:00,U,133,157434209.98000002
cn,BG,2017-01-01 00:00:00,W,72,81973248.73
cn,BG,2017-02-01 00:00:00,S,137,69577338.94000001
cn,BG,2017-02-01 00:00:00,U,171,108389345.70000002
cn,BG,2017-02-01 00:00:00,W,56,90308040.64
cn,BG,2017-03-01 00:00:00,S,138,70835298.31
cn,BG,2017-03-01 00:00:00,U,161,167093096.12
cn,BG,2017-03-01 00:00:00,W,81,170401406.03
cn,BG,2017-04-01 00:00:00,S,127,43466878.47
cn,BG,2017-04-01 00:00:00,U,182,171561230.72000003
cn,BG,2017-04-01 00:00:00,W,45,66066463.050000004
cn,BG,2017-05-01 00:00:00,S,143,68260420.65
cn,BG,2017-05-01 00:00:00,U,202,235240197.99
cn,BG,2017-05-01 00:00:00,W,65,204015043.18
cn,BG,2017-06-01 00:00:00,S,153,55967847.77
cn,BG,2017-06-01 00:00:00,U,221,163202822.42
cn,BG,2017-06-01 00:00:00,W,51,138121036.41
cn,BG,2017-07-01 00:00:00,S,138,42066964.46999999
cn,BG,2017-07-01 00:00:00,U,208,211192020.9
cn,BG,2017-07-01 00:00:00,W,47,849818940.07
cn,BG,2017-08-01 00:00:00,S,163,105231789.03999999
cn,BG,2017-08-01 00:00:00,U,197,171536646.05
cn,BG,2017-08-01 00:00:00,W,57,170121434.35999998
cn,BG,2017-09-01 00:00:00,S,104,50708668.23999999
cn,BG,2017-09-01 00:00:00,U,176,165882472.70999998
cn,BG,2017-09-01 00:00:00,W,46,294867231.84000003
cn,BG,2017-10-01 00:00:00,S,124,76809048.28999998
cn,BG,2017-10-01 00:00:00,U,232,186417341.54000002
cn,BG,2017-10-01 00:00:00,W,45,190504452.62999997
cn,BG,2017-11-01 00:00:00,S,137,74110414.97000001
cn,BG,2017-11-01 00:00:00,U,201,140974576.69000003
cn,BG,2017-11-01 00:00:00,W,47,300363068.07000005
cn,BG,2017-12-01 00:00:00,S,132,107731524.79999998
cn,BG,2017-12-01 00:00:00,U,167,149681145.44000003
cn,BG,2017-12-01 00:00:00,W,44,77514773.64999998
cn,BG,2018-01-01 00:00:00,S,133,83186106.36999999
cn,BG,2018-01-01 00:00:00,U,172,172211097.47
cn,BG,2018-01-01 00:00:00,W,34,55356253.95999999
cn,BG,2018-02-01 00:00:00,S,144,38230061.190000005
cn,BG,2018-02-01 00:00:00,U,161,102274729.54
cn,BG,2018-02-01 00:00:00,W,57,132145838.15
cn,BG,2018-03-01 00:00:00,S,145,85230764.86999999
cn,BG,2018-03-01 00:00:00,U,208,191504062.76999998
cn,BG,2018-03-01 00:00:00,W,75,352488711.80999994
cn,BG,2018-04-01 00:00:00,S,155,124634831.61000001
cn,BG,2018-04-01 00:00:00,U,181,157892399.54
cn,BG,2018-04-01 00:00:00,W,81,277160201.94
cn,BG,2018-05-01 00:00:00,S,190,136925943.82999998
cn,BG,2018-05-01 00:00:00,U,178,134562802.32
cn,BG,2018-05-01 00:00:00,W,78,113788478.42999999
cn,BG,2018-06-01 00:00:00,S,143,84039419.85
cn,BG,2018-06-01 00:00:00,U,211,217177696.55
cn,BG,2018-06-01 00:00:00,W,78,356664218.04
cn,BG,2018-07-01 00:00:00,S,193,144140937.70999998
cn,BG,2018-07-01 00:00:00,U,233,132999862.71
cn,BG,2018-07-01 00:00:00,W,89,427849907.51000005
cn,BG,2018-08-01 00:00:00,S,206,80272826.63999999
cn,BG,2018-08-01 00:00:00,U,203,570385662.01
cn,BG,2018-08-01 00:00:00,W,63,502968292.39
cn,BG,2018-09-01 00:00:00,S,145,47080948.39
cn,BG,2018-09-01 00:00:00,U,189,123933101.81
cn,BG,2018-09-01 00:00:00,W,62,273353605.85
cn,BG,2018-10-01 00:00:00,S,207,140389136.41000003
cn,BG,2018-10-01 00:00:00,U,264,209810899.98
cn,BG,2018-10-01 00:00:00,W,75,388578465.98999995
cn,BG,2018-11-01 00:00:00,S,135,74019476.5
cn,BG,2018-11-01 00:00:00,U,213,163498959.52
cn,BG,2018-11-01 00:00:00,W,82,265211686.88000003
cn,BG,2018-12-01 00:00:00,S,130,74393127.10000001
cn,BG,2018-12-01 00:00:00,U,173,148424657.45
cn,BG,2018-12-01 00:00:00,W,54,1323489162.17
cn,BG,2019-01-01 00:00:00,S,99,88448388.52999999
cn,BG,2019-01-01 00:00:00,U,189,89334385.77
cn,BG,2019-01-01 00:00:00,W,45,84288636.74999999
cn,BG,2019-02-01 00:00:00,S,211,110702652.66000001
cn,BG,2019-02-01 00:00:00,U,295,353741137.02000004
cn,BG,2019-02-01 00:00:00,W,138,606814465.8299999
cn,BG,2019-03-01 00:00:00,S,63,44594170.61
cn,BG,2019-03-01 00:00:00,U,96,83778231.23000002
cn,BG,2019-03-01 00:00:00,W,34,89624062.08999999
cn,BG,2019-04-01 00:00:00,S,142,113906296.13000001
cn,BG,2019-04-01 00:00:00,U,172,144707226.72
cn,BG,2019-04-01 00:00:00,W,37,311455279.40000004
cn,BG,2019-05-01 00:00:00,S,116,80067837.41999999
cn,BG,2019-05-01 00:00:00,U,179,210691857.68000007
cn,BG,2019-05-01 00:00:00,W,52,223976520.47
cn,BG,2019-06-01 00:00:00,S,124,70443087.46000001
cn,BG,2019-06-01 00:00:00,U,197,150090411.11
cn,BG,2019-06-01 00:00:00,W,57,62837616.95
cn,BG,2019-07-01 00:00:00,S,160,238968537.14000002
cn,BG,2019-07-01 00:00:00,U,266,147250190.25
cn,BG,2019-07-01 00:00:00,W,44,350579899.63
cn,BG,2019-08-01 00:00:00,S,143,114107326.99000001
cn,BG,2019-08-01 00:00:00,U,272,298288781.25
cn,BG,2019-08-01 00:00:00,W,54,262111167.32000002
cn,BG,2019-09-01 00:00:00,S,133,74727685.41
cn,BG,2019-09-01 00:00:00,U,212,708970367.85
cn,BG,2019-09-01 00:00:00,W,50,22896540.43
cn,BG,2019-10-01 00:00:00,S,178,182398362.04000002
cn,BG,2019-10-01 00:00:00,U,358,384576647.53999996
cn,BG,2019-10-01 00:00:00,W,46,227240298.06000003
cn,BG,2019-11-01 00:00:00,S,115,126049624.17999999
cn,BG,2019-11-01 00:00:00,U,190,181360298.57
cn,BG,2019-11-01 00:00:00,W,24,50328763.63
cn,BG,2019-12-01 00:00:00,S,176,130090795.36000003
cn,BG,2019-12-01 00:00:00,U,225,197776067.71
cn,BG,2019-12-01 00:00:00,W,69,481167603.65
cn,BG,2020-01-01 00:00:00,S,59,62387291.77
cn,BG,2020-01-01 00:00:00,U,109,242977396.06000003
cn,BG,2020-01-01 00:00:00,W,12,22970518.919999998
cn,BG,2020-02-01 00:00:00,S,102,61447827.400000006
cn,BG,2020-02-01 00:00:00,U,141,175548808.90000004
cn,BG,2020-02-01 00:00:00,W,35,76097189.38
cn,BG,2020-03-01 00:00:00,S,214,140591761.79
cn,BG,2020-03-01 00:00:00,U,363,295147044.64
cn,BG,2020-03-01 00:00:00,W,85,368953304.01000005
cn,BG,2020-04-01 00:00:00,S,113,62428849.480000004
cn,BG,2020-04-01 00:00:00,U,136,148963695.84999996
cn,BG,2020-04-01 00:00:00,W,34,191650608.85999998
cn,BG,2020-05-01 00:00:00,S,125,65772215.74
cn,BG,2020-05-01 00:00:00,U,181,264283565.45
cn,BG,2020-05-01 00:00:00,W,38,91192517.52
cn,BG,2020-06-01 00:00:00,S,277,135836271.43000004
cn,BG,2020-06-01 00:00:00,U,356,450008481.6999999
cn,BG,2020-06-01 00:00:00,W,79,202144015.14000002
cn,BG,2020-07-01 00:00:00,S,72,18102956.130000003
cn,BG,2020-07-01 00:00:00,U,84,79586463.64999999
cn,BG,2020-07-01 00:00:00,W,17,46633857.910000004
cn,BG,2020-08-01 00:00:00,S,87,28349317.53
cn,BG,2020-08-01 00:00:00,U,102,77076408.90999998
cn,BG,2020-08-01 00:00:00,W,16,51794018.97
cn,BG,2020-09-01 00:00:00,S,110,80495692.13
cn,BG,2020-09-01 00:00:00,U,170,143453970.60999998
cn,BG,2020-09-01 00:00:00,W,24,49374800.3
cn,BG,2020-10-01 00:00:00,S,142,64938658.02
cn,BG,2020-10-01 00:00:00,U,222,166337729.84000003
cn,BG,2020-10-01 00:00:00,W,22,99109871.16
cn,BG,2020-11-01 00:00:00,S,126,78719855.72
cn,BG,2020-11-01 00:00:00,U,162,112681290.92000002
cn,BG,2020-11-01 00:00:00,W,27,132783430.05000001
cn,BG,2020-12-01 00:00:00,S,148,76528748.2
cn,BG,2020-12-01 00:00:00,U,228,139159058.52
cn,BG,2020-12-01 00:00:00,W,34,709189949.6800002
cn,BG,2021-01-01 00:00:00,S,93,57271221.510000005
cn,BG,2021-01-01 00:00:00,U,139,165950887.31999996
cn,BG,2021-01-01 00:00:00,W,32,585949174.48
cn,BG,2021-02-01 00:00:00,S,133,69188879.16
cn,BG,2021-02-01 00:00:00,U,229,125185891.21
cn,BG,2021-02-01 00:00:00,W,28,231426462.66000006
cn,BG,2021-03-01 00:00:00,S,162,148456910.08
cn,BG,2021-03-01 00:00:00,U,272,186290063.59
cn,BG,2021-03-01 00:00:00,W,38,109205945.36999999
cn,BG,2021-04-01 00:00:00,S,179,65659974.519999996
cn,BG,2021-04-01 00:00:00,U,334,171098753.36999997
cn,BG,2021-04-01 00:00:00,W,45,145517782.71
cn,BG,2021-05-01 00:00:00,S,99,24800571.060000002
cn,BG,2021-05-01 00:00:00,U,209,91488888.42000002
cn,BG,2021-05-01 00:00:00,W,17,44385040.39
cn,BG,2021-06-01 00:00:00,S,172,76558942.13000001
cn,BG,2021-06-01 00:00:00,U,271,151286987.10999998
cn,BG,2021-06-01 00:00:00,W,38,203241740.76999998
cn,BG,2021-07-01 00:00:00,S,177,77514750.87
cn,BG,2021-07-01 00:00:00,U,296,228638558.73999998
cn,BG,2021-07-01 00:00:00,W,31,49923910.65
cn,BG,2021-08-01 00:00:00,S,150,65575593.029999994
cn,BG,2021-08-01 00:00:00,U,249,172631059.89999998
cn,BG,2021-08-01 00:00:00,W,25,65887832.11
cn,BG,2021-09-01 00:00:00,S,124,45096947.26
cn,BG,2021-09-01 00:00:00,U,272,1246456984.44
cn,BG,2021-09-01 00:00:00,W,25,42830468.72
cn,BG,2021-10-01 00:00:00,S,158,117314867.10000001
cn,BG,2021-10-01 00:00:00,U,341,435832122.65
cn,BG,2021-10-01 00:00:00,W,29,234734504.55999997
cn,BG,2021-11-01 00:00:00,S,153,163033902.57
cn,BG,2021-11-01 00:00:00,U,313,465506180.01
cn,BG,2021-11-01 00:00:00,W,28,59305071.16999999
cn,BG,2021-12-01 00:00:00,S,119,105068202.21000001
cn,BG,2021-12-01 00:00:00,U,291,256561263.60999995
cn,BG,2021-12-01 00:00:00,W,24,60388172.11
cn,BG,2022-01-01 00:00:00,S,83,28624489.879999995
cn,BG,2022-01-01 00:00:00,U,210,218123101.65
cn,BG,2022-01-01 00:00:00,W,12,34539672.489999995
cn,BG,2022-02-01 00:00:00,S,130,67833793.61000001
cn,BG,2022-02-01 00:00:00,U,276,282895128.82
cn,BG,2022-02-01 00:00:00,W,16,75636010.68
cn,BG,2022-03-01 00:00:00,S,175,41527273.379999995
cn,BG,2022-03-01 00:00:00,U,328,324724924.98999995
cn,BG,2022-03-01 00:00:00,W,32,1602512791.78
cn,BG,2022-04-01 00:00:00,S,180,111456173.15000002
cn,BG,2022-04-01 00:00:00,U,285,182350804.45
cn,BG,2022-04-01 00:00:00,W,27,148556061.15
cn,BG,2022-05-01 00:00:00,S,154,77884001.96
cn,BG,2022-05-01 00:00:00,U,300,263357153.56
cn,BG,2022-05-01 00:00:00,W,41,115365953.32000002
cn,BG,2022-06-01 00:00:00,S,175,60742046.24999999
cn,BG,2022-06-01 00:00:00,U,360,298174790.75
cn,BG,2022-06-01 00:00:00,W,44,142739499.19
cn,BG,2022-07-01 00:00:00,S,198,144142709.5
cn,BG,2022-07-01 00:00:00,U,318,1456453300.5
cn,BG,2022-07-01 00:00:00,W,39,113277921.75999998
cn,BG,2022-08-01 00:00:00,S,170,272494971.84
cn,BG,2022-08-01 00:00:00,U,378,453092244.5500001
cn,BG,2022-08-01 00:00:00,W,71,1755610007.9899998
cn,BG,2022-09-01 00:00:00,S,180,80181551.69000001
cn,BG,2022-09-01 00:00:00,U,318,425892295.25
cn,BG,2022-09-01 00:00:00,W,56,253514671.08000004
cn,BG,2022-10-01 00:00:00,S,220,122309768.01
cn,BG,2022-10-01 00:00:00,U,353,397133792.11999995
cn,BG,2022-10-01 00:00:00,W,50,200414352.43
cn,BG,2022-11-01 00:00:00,S,187,160276538.59
cn,BG,2022-11-01 00:00:00,U,353,398260838.46000004
cn,BG,2022-11-01 00:00:00,W,39,125667012.53
cn,BG,2022-12-01 00:00:00,S,170,47246052.78999999
cn,BG,2022-12-01 00:00:00,U,300,465678088.82000005
cn,BG,2022-12-01 00:00:00,W,36,83298875.76
cn,BG,2023-01-01 00:00:00,S,137,91724473.03999998
cn,BG,2023-01-01 00:00:00,U,244,169252415.36
cn,BG,2023-01-01 00:00:00,W,40,197205173.71
cn,BG,2023-02-01 00:00:00,S,164,132244013.7
cn,BG,2023-02-01 00:00:00,U,365,226356319.10999998
cn,BG,2023-02-01 00:00:00,W,45,2105159092.6000004
cn,BG,2023-03-01 00:00:00,S,221,323160147.6200001
cn,BG,2023-03-01 00:00:00,U,414,348002965.39
cn,BG,2023-03-01 00:00:00,W,40,444628051.7
cn,BG,2023-04-01 00:00:00,S,185,147206762.66
cn,BG,2023-04-01 00:00:00,U,332,1719054586.9299998
cn,BG,2023-04-01 00:00:00,W,49,185545020.33
cn,BG,2023-05-01 00:00:00,S,185,134649710.75000003
cn,BG,2023-05-01 00:00:00,U,449,259815649.83999997
cn,BG,2023-05-01 00:00:00,W,57,148798599.43
cn,BG,2023-06-01 00:00:00,S,212,89784259.34000002
cn,BG,2023-06-01 00:00:00,U,413,228061364.58
cn,BG,2023-06-01 00:00:00,W,66,150848153.97000003
cn,BG,2023-07-01 00:00:00,S,193,156921257.12999997
cn,BG,2023-07-01 00:00:00,U,429,231247954.89000002
cn,BG,2023-07-01 00:00:00,W,77,501033189.26
cn,BG,2023-08-01 00:00:00,S,194,165304681.30999997
cn,BG,2023-08-01 00:00:00,U,415,1924153535.0400002
cn,BG,2023-08-01 00:00:00,W,71,591102843.4300001
cn,BG,2023-09-01 00:00:00,S,158,92604954.25000001
cn,BG,2023-09-01 00:00:00,U,395,457596446.90999997
cn,BG,2023-09-01 00:00:00,W,68,52111578.129999995
cn,CH,2016-01-01 00:00:00,S,100,
cn,CH,2016-01-01 00:00:00,U,41,
cn,CH,2016-01-01 00:00:00,W,134,
cn,CH,2016-02-01 00:00:00,S,115,
cn,CH,2016-02-01 00:00:00,U,65,
cn,CH,2016-02-01 00:00:00,W,164,
cn,CH,2016-03-01 00:00:00,S,98,
cn,CH,2016-03-01 00:00:00,U,72,
cn,CH,2016-03-01 00:00:00,W,191,
cn,CH,2016-04-01 00:00:00,S,115,
cn,CH,2016-04-01 00:00:00,U,72,
cn,CH,2016-04-01 00:00:00,W,208,
cn,CH,2016-05-01 00:00:00,S,119,4656000.0
cn,CH,2016-05-01 00:00:00,U,60,
cn,CH,2016-05-01 00:00:00,W,171,
cn,CH,2016-06-01 00:00:00,S,161,
cn,CH,2016-06-01 00:00:00,U,71,
cn,CH,2016-06-01 00:00:00,W,188,
cn,CH,2016-07-01 00:00:00,S,161,5300000.0
cn,CH,2016-07-01 00:00:00,U,59,
cn,CH,2016-07-01 00:00:00,W,190,
cn,CH,2016-08-01 00:00:00,S,115,
cn,CH,2016-08-01 00:00:00,U,78,
cn,CH,2016-08-01 00:00:00,W,141,
cn,CH,2016-09-01 00:00:00,S,127,
cn,CH,2016-09-01 00:00:00,U,64,
cn,CH,2016-09-01 00:00:00,W,169,
cn,CH,2016-10-01 00:00:00,S,104,
cn,CH,2016-10-01 00:00:00,U,50,
cn,CH,2016-10-01 00:00:00,W,207,
cn,CH,2016-11-01 00:00:00,S,113,
cn,CH,2016-11-01 00:00:00,U,55,
cn,CH,2016-11-01 00:00:00,W,244,
cn,CH,2016-12-01 00:00:00,S,103,339000.0
cn,CH,2016-12-01 00:00:00,U,66,
cn,CH,2016-12-01 00:00:00,W,227,
cn,CH,2017-01-01 00:00:00,S,99,
cn,CH,2017-01-01 00:00:00,U,42,
cn,CH,2017-01-01 00:00:00,W,184,
cn,CH,2017-02-01 00:00:00,S,107,
cn,CH,2017-02-01 00:00:00,U,56,
cn,CH,2017-02-01 00:00:00,W,249,
cn,CH,2017-03-01 00:00:00,S,108,
cn,CH,2017-03-01 00:00:00,U,62,
cn,CH,2017-03-01 00:00:00,W,189,
cn,CH,2017-04-01 00:00:00,S,114,
cn,CH,2017-04-01 00:00:00,U,68,
cn,CH,2017-04-01 00:00:00,W,194,
cn,CH,2017-05-01 00:00:00,S,115,
cn,CH,2017-05-01 00:00:00,U,75,
cn,CH,2017-05-01 00:00:00,W,164,
cn,CH,2017-06-01 00:00:00,S,122,
cn,CH,2017-06-01 00:00:00,U,76,
cn,CH,2017-06-01 00:00:00,W,189,
cn,CH,2017-07-01 00:00:00,S,128,3598093.01
cn,CH,2017-07-01 00:00:00,U,83,
cn,CH,2017-07-01 00:00:00,W,152,
cn,CH,2017-08-01 00:00:00,S,114,
cn,CH,2017-08-01 00:00:00,U,50,
cn,CH,2017-08-01 00:00:00,W,199,
cn,CH,2017-09-01 00:00:00,S,141,
cn,CH,2017-09-01 00:00:00,U,79,
cn,CH,2017-09-01 00:00:00,W,207,
cn,CH,2017-10-01 00:00:00,S,111,
cn,CH,2017-10-01 00:00:00,U,59,
cn,CH,2017-10-01 00:00:00,W,200,
cn,CH,2017-11-01 00:00:00,S,94,
cn,CH,2017-11-01 00:00:00,U,64,
cn,CH,2017-11-01 00:00:00,W,205,
cn,CH,2017-12-01 00:00:00,S,71,
cn,CH,2017-12-01 00:00:00,U,51,
cn,CH,2017-12-01 00:00:00,W,190,
cn,CH,2018-01-01 00:00:00,S,87,
cn,CH,2018-01-01 00:00:00,U,59,
cn,CH,2018-01-01 00:00:00,W,129,
cn,CH,2018-02-01 00:00:00,S,103,1600000.0
cn,CH,2018-02-01 00:00:00,U,71,
cn,CH,2018-02-01 00:00:00,W,168,
cn,CH,2018-03-01 00:00:00,S,127,
cn,CH,2018-03-01 00:00:00,U,83,
cn,CH,2018-03-01 00:00:00,W,259,
cn,CH,2018-04-01 00:00:00,S,129,
cn,CH,2018-04-01 00:00:00,U,74,
cn,CH,2018-04-01 00:00:00,W,211,
cn,CH,2018-05-01 00:00:00,S,139,
cn,CH,2018-05-01 00:00:00,U,85,
cn,CH,2018-05-01 00:00:00,W,156,
cn,CH,2018-06-01 00:00:00,S,153,
cn,CH,2018-06-01 00:00:00,U,85,
cn,CH,2018-06-01 00:00:00,W,235,
cn,CH,2018-07-01 00:00:00,S,149,
cn,CH,2018-07-01 00:00:00,U,96,
cn,CH,2018-07-01 00:00:00,W,155,
cn,CH,2018-08-01 00:00:00,S,135,1100865.8
cn,CH,2018-08-01 00:00:00,U,73,
cn,CH,2018-08-01 00:00:00,W,175,
cn,CH,2018-09-01 00:00:00,S,136,
cn,CH,2018-09-01 00:00:00,U,80,
cn,CH,2018-09-01 00:00:00,W,171,
cn,CH,2018-10-01 00:00:00,S,148,
cn,CH,2018-10-01 00:00:00,U,85,
cn,CH,2018-10-01 00:00:00,W,203,
cn,CH,2018-11-01 00:00:00,S,133,
cn,CH,2018-11-01 00:00:00,U,88,
cn,CH,2018-11-01 00:00:00,W,221,
cn,CH,2018-12-01 00:00:00,S,102,
cn,CH,2018-12-01 00:00:00,U,61,
cn,CH,2018-12-01 00:00:00,W,195,
cn,CH,2019-01-01 00:00:00,S,99,
cn,CH,2019-01-01 00:00:00,U,53,
cn,CH,2019-01-01 00:00:00,W,153,
cn,CH,2019-02-01 00:00:00,S,114,
cn,CH,2019-02-01 00:00:00,U,65,
cn,CH,2019-02-01 00:00:00,W,160,
cn,CH,2019-03-01 00:00:00,S,144,494426.47
cn,CH,2019-03-01 00:00:00,U,90,
cn,CH,2019-03-01 00:00:00,W,281,
cn,CH,2019-04-01 00:00:00,S,157,
cn,CH,2019-04-01 00:00:00,U,63,
cn,CH,2019-04-01 00:00:00,W,193,
cn,CH,2019-05-01 00:00:00,S,189,
cn,CH,2019-05-01 00:00:00,U,96,
cn,CH,2019-05-01 00:00:00,W,230,
cn,CH,2019-06-01 00:00:00,S,155,
cn,CH,2019-06-01 00:00:00,U,70,
cn,CH,2019-06-01 00:00:00,W,175,
cn,CH,2019-07-01 00:00:00,S,162,391046.39
cn,CH,2019-07-01 00:00:00,U,100,
cn,CH,2019-07-01 00:00:00,W,203,
cn,CH,2019-08-01 00:00:00,S,125,
cn,CH,2019-08-01 00:00:00,U,68,
cn,CH,2019-08-01 00:00:00,W,175,
cn,CH,2019-09-01 00:00:00,S,173,
cn,CH,2019-09-01 00:00:00,U,69,
cn,CH,2019-09-01 00:00:00,W,171,
cn,CH,2019-10-01 00:00:00,S,132,
cn,CH,2019-10-01 00:00:00,U,75,
cn,CH,2019-10-01 00:00:00,W,224,
cn,CH,2019-11-01 00:00:00,S,131,
cn,CH,2019-11-01 00:00:00,U,85,
cn,CH,2019-11-01 00:00:00,W,162,
cn,CH,2019-12-01 00:00:00,S,91,
cn,CH,2019-12-01 00:00:00,U,67,
cn,CH,2019-12-01 00:00:00,W,178,
cn,CH,2020-01-01 00:00:00,S,128,3400000.0
cn,CH,2020-01-01 00:00:00,U,64,
cn,CH,2020-01-01 00:00:00,W,180,
cn,CH,2020-02-01 00:00:00,S,106,1952526.27
cn,CH,2020-02-01 00:00:00,U,64,
cn,CH,2020-02-01 00:00:00,W,205,
cn,CH,2020-03-01 00:00:00,S,112,
cn,CH,2020-03-01 00:00:00,U,79,
cn,CH,2020-03-01 00:00:00,W,191,
cn,CH,2020-04-01 00:00:00,S,100,
cn,CH,2020-04-01 00:00:00,U,85,
cn,CH,2020-04-01 00:00:00,W,185,
cn,CH,2020-05-01 00:00:00,S,154,
cn,CH,2020-05-01 00:00:00,U,92,
cn,CH,2020-05-01 00:00:00,W,175,
cn,CH,2020-06-01 00:00:00,S,154,
cn,CH,2020-06-01 00:00:00,U,91,
cn,CH,2020-06-01 00:00:00,W,183,
cn,CH,2020-07-01 00:00:00,S,145,
cn,CH,2020-07-01 00:00:00,U,99,
cn,CH,2020-07-01 00:00:00,W,152,
cn,CH,2020-08-01 00:00:00,S,106,
cn,CH,2020-08-01 00:00:00,U,65,
cn,CH,2020-08-01 00:00:00,W,131,
cn,CH,2020-09-01 00:00:00,S,142,3200000.0
cn,CH,2020-09-01 00:00:00,U,74,
cn,CH,2020-09-01 00:00:00,W,135,
cn,CH,2020-10-01 00:00:00,S,115,
cn,CH,2020-10-01 00:00:00,U,76,
cn,CH,2020-10-01 00:00:00,W,240,
cn,CH,2020-11-01 00:00:00,S,131,
cn,CH,2020-11-01 00:00:00,U,59,
cn,CH,2020-11-01 00:00:00,W,194,
cn,CH,2020-12-01 00:00:00,S,128,
cn,CH,2020-12-01 00:00:00,U,104,
cn,CH,2020-12-01 00:00:00,W,186,
cn,CH,2021-01-01 00:00:00,S,88,
cn,CH,2021-01-01 00:00:00,U,58,
cn,CH,2021-01-01 00:00:00,W,213,
cn,CH,2021-02-01 00:00:00,S,115,
cn,CH,2021-02-01 00:00:00,U,60,
cn,CH,2021-02-01 00:00:00,W,190,
cn,CH,2021-03-01 00:00:00,S,127,
cn,CH,2021-03-01 00:00:00,U,90,
cn,CH,2021-03-01 00:00:00,W,193,
cn,CH,2021-04-01 00:00:00,S,127,
cn,CH,2021-04-01 00:00:00,U,81,
cn,CH,2021-04-01 00:00:00,W,149,
cn,CH,2021-05-01 00:00:00,S,114,
cn,CH,2021-05-01 00:00:00,U,72,
cn,CH,2021-05-01 00:00:00,W,149,
cn,CH,2021-06-01 00:00:00,S,146,
cn,CH,2021-06-01 00:00:00,U,66,
cn,CH,2021-06-01 00:00:00,W,169,
cn,CH,2021-07-01 00:00:00,S,159,
cn,CH,2021-07-01 00:00:00,U,92,
cn,CH,2021-07-01 00:00:00,W,166,
cn,CH,2021-08-01 00:00:00,S,126,
cn,CH,2021-08-01 00:00:00,U,71,
cn,CH,2021-08-01 00:00:00,W,101,
cn,CH,2021-09-01 00:00:00,S,136,
cn,CH,2021-09-01 00:00:00,U,75,
cn,CH,2021-09-01 00:00:00,W,171,
cn,CH,2021-10-01 00:00:00,S,111,
cn,CH,2021-10-01 00:00:00,U,82,
cn,CH,2021-10-01 00:00:00,W,220,
cn,CH,2021-11-01 00:00:00,S,99,
cn,CH,2021-11-01 00:00:00,U,69,
cn,CH,2021-11-01 00:00:00,W,198,
cn,CH,2021-12-01 00:00:00,S,82,
cn,CH,2021-12-01 00:00:00,U,60,
cn,CH,2021-12-01 00:00:00,W,150,
cn,CH,2022-01-01 00:00:00,S,116,65493.3
cn,CH,2022-01-01 00:00:00,U,59,
cn,CH,2022-01-01 00:00:00,W,142,
cn,CH,2022-02-01 00:00:00,S,113,
cn,CH,2022-02-01 00:00:00,U,83,
cn,CH,2022-02-01 00:00:00,W,162,
cn,CH,2022-03-01 00:00:00,S,138,
cn,CH,2022-03-01 00:00:00,U,69,
cn,CH,2022-03-01 00:00:00,W,199,
cn,CH,2022-04-01 00:00:00,S,132,40000.0
cn,CH,2022-04-01 00:00:00,U,69,
cn,CH,2022-04-01 00:00:00,W,162,
cn,CH,2022-05-01 00:00:00,S,128,
cn,CH,2022-05-01 00:00:00,U,62,
cn,CH,2022-05-01 00:00:00,W,136,
cn,CH,2022-06-01 00:00:00,S,164,
cn,CH,2022-06-01 00:00:00,U,79,
cn,CH,2022-06-01 00:00:00,W,154,
cn,CH,2022-07-01 00:00:00,S,160,
cn,CH,2022-07-01 00:00:00,U,89,
cn,CH,2022-07-01 00:00:00,W,150,
cn,CH,2022-08-01 00:00:00,S,123,291834.0
cn,CH,2022-08-01 00:00:00,U,63,
cn,CH,2022-08-01 00:00:00,W,166,
cn,CH,2022-09-01 00:00:00,S,164,
cn,CH,2022-09-01 00:00:00,U,81,1688725.0
cn,CH,2022-09-01 00:00:00,W,181,
cn,CH,2022-10-01 00:00:00,S,138,
cn,CH,2022-10-01 00:00:00,U,84,
cn,CH,2022-10-01 00:00:00,W,211,12987025.25
cn,CH,2022-11-01 00:00:00,S,129,
cn,CH,2022-11-01 00:00:00,U,78,
cn,CH,2022-11-01 00:00:00,W,210,
cn,CH,2022-12-01 00:00:00,S,98,
cn,CH,2022-12-01 00:00:00,U,60,
cn,CH,2022-12-01 00:00:00,W,215,
cn,CH,2023-01-01 00:00:00,S,119,
cn,CH,2023-01-01 00:00:00,U,51,
cn,CH,2023-01-01 00:00:00,W,164,
cn,CH,2023-02-01 00:00:00,S,139,1155275.21
cn,CH,2023-02-01 00:00:00,U,71,
cn,CH,2023-02-01 00:00:00,W,224,
cn,CH,2023-03-01 00:00:00,S,149,
cn,CH,2023-03-01 00:00:00,U,97,
cn,CH,2023-03-01 00:00:00,W,264,16776623.87
cn,CH,2023-04-01 00:00:00,S,126,49766.1
cn,CH,2023-04-01 00:00:00,U,82,
cn,CH,2023-04-01 00:00:00,W,153,
cn,CH,2023-05-01 00:00:00,S,158,
cn,CH,2023-05-01 00:00:00,U,77,
cn,CH,2023-05-01 00:00:00,W,193,
cn,CH,2023-06-01 00:00:00,S,163,
cn,CH,2023-06-01 00:00:00,U,94,
cn,CH,2023-06-01 00:00:00,W,244,
cn,CH,2023-07-01 00:00:00,S,173,870906.74
cn,CH,2023-07-01 00:00:00,U,79,
cn,CH,2023-07-01 00:00:00,W,198,
cn,CH,2023-08-01 00:00:00,S,113,
cn,CH,2023-08-01 00:00:00,U,71,
cn,CH,2023-08-01 00:00:00,W,168,
cn,CH,2023-09-01 00:00:00,S,56,13295.35
cn,CH,2023-09-01 00:00:00,U,30,
cn,CH,2023-09-01 00:00:00,W,59,
cn,CY,2016-01-01 00:00:00,S,3,1810000.0
cn,CY,2016-01-01 00:00:00,U,14,6011725.0
cn,CY,2016-02-01 00:00:00,S,10,6408261.0
cn,CY,2016-02-01 00:00:00,U,22,75623453.0
cn,CY,2016-03-01 00:00:00,S,8,8348750.0
cn,CY,2016-03-01 00:00:00,U,22,13244059.56
cn,CY,2016-03-01 00:00:00,W,2,1500000.0
cn,CY,2016-04-01 00:00:00,S,15,16379600.0
cn,CY,2016-04-01 00:00:00,U,22,10666085.0
cn,CY,2016-04-01 00:00:00,W,3,18600000.0
cn,CY,2016-05-01 00:00:00,S,3,33510000.0
cn,CY,2016-05-01 00:00:00,U,13,6727184.0
cn,CY,2016-05-01 00:00:00,W,1,9000000.0
cn,CY,2016-06-01 00:00:00,S,7,2142690.0
cn,CY,2016-06-01 00:00:00,U,12,22738232.0
cn,CY,2016-07-01 00:00:00,S,19,19318800.0
cn,CY,2016-07-01 00:00:00,U,18,11773032.0
cn,CY,2016-07-01 00:00:00,W,2,6140000.0
cn,CY,2016-08-01 00:00:00,S,10,7024125.0
cn,CY,2016-08-01 00:00:00,U,18,5417129.8
cn,CY,2016-09-01 00:00:00,S,12,4237150.0
cn,CY,2016-09-01 00:00:00,U,16,7696972.0
cn,CY,2016-10-01 00:00:00,S,10,12196000.0
cn,CY,2016-10-01 00:00:00,U,15,56182813.0
cn,CY,2016-11-01 00:00:00,S,16,11039298.0
cn,CY,2016-11-01 00:00:00,U,21,32340050.0
cn,CY,2016-12-01 00:00:00,S,9,29022554.0
cn,CY,2016-12-01 00:00:00,U,13,11509265.0
cn,CY,2016-12-01 00:00:00,W,3,11483500.0
cn,CY,2017-01-01 00:00:00,S,5,1163243.0
cn,CY,2017-01-01 00:00:00,U,11,5017407.0
cn,CY,2017-01-01 00:00:00,W,2,11279846.0
cn,CY,2017-02-01 00:00:00,S,11,157137445.85
cn,CY,2017-02-01 00:00:00,U,14,22967953.5
cn,CY,2017-03-01 00:00:00,S,8,15132267.0
cn,CY,2017-03-01 00:00:00,U,34,33052846.2
cn,CY,2017-03-01 00:00:00,W,1,5200000.0
cn,CY,2017-04-01 00:00:00,S,9,3598600.0
cn,CY,2017-04-01 00:00:00,U,26,14484428.5
cn,CY,2017-04-01 00:00:00,W,2,7581995.0
cn,CY,2017-05-01 00:00:00,S,4,2840600.0
cn,CY,2017-05-01 00:00:00,U,33,16549016.0
cn,CY,2017-05-01 00:00:00,W,2,5500000.0
cn,CY,2017-06-01 00:00:00,S,17,11599774.0
cn,CY,2017-06-01 00:00:00,U,18,11213777.0
cn,CY,2017-06-01 00:00:00,W,2,
cn,CY,2017-07-01 00:00:00,S,9,17773270.0
cn,CY,2017-07-01 00:00:00,U,22,8156105.0
cn,CY,2017-08-01 00:00:00,S,10,4990599.0
cn,CY,2017-08-01 00:00:00,U,26,15033641.5
cn,CY,2017-09-01 00:00:00,S,10,21330992.0
cn,CY,2017-09-01 00:00:00,U,17,10170846.0
cn,CY,2017-09-01 00:00:00,W,1,350000.0
cn,CY,2017-10-01 00:00:00,S,9,6100251.0
cn,CY,2017-10-01 00:00:00,U,14,8948432.0
cn,CY,2017-10-01 00:00:00,W,1,42000.0
cn,CY,2017-11-01 00:00:00,S,8,149582741.4
cn,CY,2017-11-01 00:00:00,U,16,14611871.0
cn,CY,2017-11-01 00:00:00,W,2,30840830.0
cn,CY,2017-12-01 00:00:00,S,9,6176700.0
cn,CY,2017-12-01 00:00:00,U,13,7758837.0
cn,CY,2017-12-01 00:00:00,W,2,11190000.0
cn,CY,2018-01-01 00:00:00,S,10,29264620.12
cn,CY,2018-01-01 00:00:00,U,13,7550610.8
cn,CY,2018-02-01 00:00:00,S,5,2492000.0
cn,CY,2018-02-01 00:00:00,U,25,18154510.0
cn,CY,2018-02-01 00:00:00,W,1,8000000.0
cn,CY,2018-03-01 00:00:00,S,17,12415600.0
cn,CY,2018-03-01 00:00:00,U,22,13159848.0
cn,CY,2018-03-01 00:00:00,W,2,15150000.0
cn,CY,2018-04-01 00:00:00,S,9,6112342.0
cn,CY,2018-04-01 00:00:00,U,22,25639632.0
cn,CY,2018-04-01 00:00:00,W,4,3265000000.0
cn,CY,2018-05-01 00:00:00,S,17,24985830.0
cn,CY,2018-05-01 00:00:00,U,18,8949928.0
cn,CY,2018-06-01 00:00:00,S,14,18637827.0
cn,CY,2018-06-01 00:00:00,U,21,51283899.88
cn,CY,2018-07-01 00:00:00,S,20,23577268.0
cn,CY,2018-07-01 00:00:00,U,20,10868460.5
cn,CY,2018-07-01 00:00:00,W,2,7560000.0
cn,CY,2018-08-01 00:00:00,S,9,4549580.0
cn,CY,2018-08-01 00:00:00,U,16,17820010.0
cn,CY,2018-08-01 00:00:00,W,1,10900000.0
cn,CY,2018-09-01 00:00:00,S,13,7357470.0
cn,CY,2018-09-01 00:00:00,U,15,19537353.0
cn,CY,2018-09-01 00:00:00,W,3,5687000.0
cn,CY,2018-10-01 00:00:00,S,12,15666329.81
cn,CY,2018-10-01 00:00:00,U,15,12839453.0
cn,CY,2018-10-01 00:00:00,W,3,301138715.0
cn,CY,2018-11-01 00:00:00,S,16,55828342.0
cn,CY,2018-11-01 00:00:00,U,15,23370844.0
cn,CY,2018-12-01 00:00:00,S,9,4534118.0
cn,CY,2018-12-01 00:00:00,U,9,5095342.0
cn,CY,2018-12-01 00:00:00,W,1,7200000.0
cn,CY,2019-01-01 00:00:00,S,5,2746000.0
cn,CY,2019-01-01 00:00:00,U,12,5747643.0
cn,CY,2019-01-01 00:00:00,W,1,6600000.0
cn,CY,2019-02-01 00:00:00,S,15,12719000.0
cn,CY,2019-02-01 00:00:00,U,11,4294547.88
cn,CY,2019-02-01 00:00:00,W,1,6000000.0
cn,CY,2019-03-01 00:00:00,S,14,9979973.0
cn,CY,2019-03-01 00:00:00,U,20,21329416.8
cn,CY,2019-03-01 00:00:00,W,4,108300000.0
cn,CY,2019-04-01 00:00:00,S,16,13177250.0
cn,CY,2019-04-01 00:00:00,U,16,14992365.0
cn,CY,2019-05-01 00:00:00,S,14,7333200.0
cn,CY,2019-05-01 00:00:00,U,22,22819844.0
cn,CY,2019-05-01 00:00:00,W,6,100400000.0
cn,CY,2019-06-01 00:00:00,S,13,7320010.0
cn,CY,2019-06-01 00:00:00,U,16,11711791.0
cn,CY,2019-06-01 00:00:00,W,2,46800000.0
cn,CY,2019-07-01 00:00:00,S,8,53851492.0
cn,CY,2019-07-01 00:00:00,U,9,4225436.0
cn,CY,2019-07-01 00:00:00,W,2,8100000.0
cn,CY,2019-08-01 00:00:00,S,1,272000.0
cn,CY,2019-09-01 00:00:00,S,24,1272536909.0
cn,CY,2019-09-01 00:00:00,U,31,33788489.0
cn,CY,2019-09-01 00:00:00,W,6,80295000.0
cn,CY,2019-10-01 00:00:00,S,13,9661182800.0
cn,CY,2019-10-01 00:00:00,U,19,43836847.0
cn,CY,2019-10-01 00:00:00,W,3,19450000.0
cn,CY,2019-11-01 00:00:00,S,10,5229765.0
cn,CY,2019-11-01 00:00:00,U,11,4167229.0
cn,CY,2019-11-01 00:00:00,W,3,1684907000.0
cn,CY,2019-12-01 00:00:00,S,5,8239500.0
cn,CY,2019-12-01 00:00:00,U,16,48686625.91
cn,CY,2019-12-01 00:00:00,W,3,10887000.0
cn,CY,2020-01-01 00:00:00,S,5,14531000.0
cn,CY,2020-01-01 00:00:00,U,14,15732878.0
cn,CY,2020-01-01 00:00:00,W,2,1801000000.0
cn,CY,2020-02-01 00:00:00,S,7,8302700.0
cn,CY,2020-02-01 00:00:00,U,17,14315963.02
cn,CY,2020-02-01 00:00:00,W,2,3083000.0
cn,CY,2020-03-01 00:00:00,S,9,18251549.0
cn,CY,2020-03-01 00:00:00,U,18,11622453.36
cn,CY,2020-04-01 00:00:00,S,9,3017690.0
cn,CY,2020-04-01 00:00:00,U,11,934251200.0
cn,CY,2020-04-01 00:00:00,W,1,1100000.0
cn,CY,2020-05-01 00:00:00,S,13,8987290.0
cn,CY,2020-05-01 00:00:00,U,20,10583490.0
cn,CY,2020-06-01 00:00:00,S,18,9791224.0
cn,CY,2020-06-01 00:00:00,U,13,6884798.0
cn,CY,2020-06-01 00:00:00,W,2,5700000.0
cn,CY,2020-07-01 00:00:00,S,14,5501865.0
cn,CY,2020-07-01 00:00:00,U,18,15581266.21
cn,CY,2020-07-01 00:00:00,W,5,41955900.0
cn,CY,2020-08-01 00:00:00,S,11,8578040.0
cn,CY,2020-08-01 00:00:00,U,12,5793522.93
cn,CY,2020-08-01 00:00:00,W,2,8329000.0
cn,CY,2020-09-01 00:00:00,S,11,12247871.870000001
cn,CY,2020-09-01 00:00:00,U,13,14094970.0
cn,CY,2020-09-01 00:00:00,W,2,6600000.0
cn,CY,2020-10-01 00:00:00,S,8,4401608.0
cn,CY,2020-10-01 00:00:00,U,13,21416710.0
cn,CY,2020-10-01 00:00:00,W,2,29770000.0
cn,CY,2020-11-01 00:00:00,S,12,63450359.33
cn,CY,2020-11-01 00:00:00,U,21,16998271.53
cn,CY,2020-11-01 00:00:00,W,3,3275000.0
cn,CY,2020-12-01 00:00:00,S,12,44717347.18
cn,CY,2020-12-01 00:00:00,U,13,17015786.5
cn,CY,2020-12-01 00:00:00,W,2,13818200.0
cn,CY,2021-01-01 00:00:00,S,10,11158000.0
cn,CY,2021-01-01 00:00:00,U,15,8628775.0
cn,CY,2021-01-01 00:00:00,W,2,4580000.0
cn,CY,2021-02-01 00:00:00,S,16,56653109.949999996
cn,CY,2021-02-01 00:00:00,U,23,1736355038.0
cn,CY,2021-02-01 00:00:00,W,4,26505000.0
cn,CY,2021-03-01 00:00:00,S,13,9976465.0
cn,CY,2021-03-01 00:00:00,U,19,20298239.5
cn,CY,2021-04-01 00:00:00,S,15,4723242.0
cn,CY,2021-04-01 00:00:00,U,10,5782132.0
cn,CY,2021-04-01 00:00:00,W,1,3780000.0
cn,CY,2021-05-01 00:00:00,S,21,25760410.0
cn,CY,2021-05-01 00:00:00,U,20,19662713.0
cn,CY,2021-05-01 00:00:00,W,5,33044250.0
cn,CY,2021-06-01 00:00:00,S,14,33584360.0
cn,CY,2021-06-01 00:00:00,U,24,56147387.0
cn,CY,2021-06-01 00:00:00,W,2,22500000.0
cn,CY,2021-07-01 00:00:00,S,26,79317740.0
cn,CY,2021-07-01 00:00:00,U,17,7659548.0
cn,CY,2021-07-01 00:00:00,W,3,8675000.0
cn,CY,2021-08-01 00:00:00,S,8,2833212.0
cn,CY,2021-08-01 00:00:00,U,19,13500413.0
cn,CY,2021-08-01 00:00:00,W,1,18500000.0
cn,CY,2021-09-01 00:00:00,S,16,43872700.0
cn,CY,2021-09-01 00:00:00,U,20,8618516.6
cn,CY,2021-09-01 00:00:00,W,3,27550000.0
cn,CY,2021-10-01 00:00:00,S,19,29101524.0
cn,CY,2021-10-01 00:00:00,U,11,28435986.0
cn,CY,2021-10-01 00:00:00,W,4,25630000.0
cn,CY,2021-11-01 00:00:00,S,12,42690000.0
cn,CY,2021-11-01 00:00:00,U,21,17553938.0
cn,CY,2021-11-01 00:00:00,W,2,8150000.0
cn,CY,2021-12-01 00:00:00,S,12,18313200.0
cn,CY,2021-12-01 00:00:00,U,19,37857440.0
cn,CY,2021-12-01 00:00:00,W,3,182400000.0
cn,CY,2022-01-01 00:00:00,S,22,52022440.0
cn,CY,2022-01-01 00:00:00,U,24,100404139.0
cn,CY,2022-01-01 00:00:00,W,1,1809800.0
cn,CY,2022-02-01 00:00:00,S,20,38559699.0
cn,CY,2022-02-01 00:00:00,U,19,36398654.62
cn,CY,2022-02-01 00:00:00,W,2,6083000.0
cn,CY,2022-03-01 00:00:00,S,16,112117802.0
cn,CY,2022-03-01 00:00:00,U,30,30563717.0
cn,CY,2022-03-01 00:00:00,W,4,65400725.0
cn,CY,2022-04-01 00:00:00,S,17,7146086.0
cn,CY,2022-04-01 00:00:00,U,20,20764072.0
cn,CY,2022-04-01 00:00:00,W,4,17800000.0
cn,CY,2022-05-01 00:00:00,S,23,49297576.0
cn,CY,2022-05-01 00:00:00,U,20,22502405.0
cn,CY,2022-05-01 00:00:00,W,3,15970000.0
cn,CY,2022-06-01 00:00:00,S,16,17879175.0
cn,CY,2022-06-01 00:00:00,U,21,130493747.0
cn,CY,2022-06-01 00:00:00,W,4,53935000.0
cn,CY,2022-07-01 00:00:00,S,15,6712820.0
cn,CY,2022-07-01 00:00:00,U,15,6610385.0
cn,CY,2022-07-01 00:00:00,W,2,25075789.0
cn,CY,2022-08-01 00:00:00,S,13,28386600.0
cn,CY,2022-08-01 00:00:00,U,15,11141373.0
cn,CY,2022-08-01 00:00:00,W,3,24419000.0
cn,CY,2022-09-01 00:00:00,S,14,25592500.0
cn,CY,2022-09-01 00:00:00,U,32,91687285.0
cn,CY,2022-09-01 00:00:00,W,2,66400000.0
cn,CY,2022-10-01 00:00:00,S,20,22656190.0
cn,CY,2022-10-01 00:00:00,U,25,31126531.0
cn,CY,2022-10-01 00:00:00,W,4,87150000.0
cn,CY,2022-11-01 00:00:00,S,17,28738368.0
cn,CY,2022-11-01 00:00:00,U,36,43101347.0
cn,CY,2022-11-01 00:00:00,W,3,48850000.0
cn,CY,2022-12-01 00:00:00,S,19,12613700.0
cn,CY,2022-12-01 00:00:00,U,19,30652122.0
cn,CY,2022-12-01 00:00:00,W,2,10670000.0
cn,CY,2023-01-01 00:00:00,S,12,22368300.0
cn,CY,2023-01-01 00:00:00,U,17,15763023.0
cn,CY,2023-01-01 00:00:00,W,5,103731000.0
cn,CY,2023-02-01 00:00:00,S,10,12437850.0
cn,CY,2023-02-01 00:00:00,U,32,24823372.0
cn,CY,2023-02-01 00:00:00,W,3,47144820.0
cn,CY,2023-03-01 00:00:00,S,17,19048280.0
cn,CY,2023-03-01 00:00:00,U,32,62708824.0
cn,CY,2023-03-01 00:00:00,W,4,23637964.0
cn,CY,2023-04-01 00:00:00,S,15,5706514.0
cn,CY,2023-04-01 00:00:00,U,27,29041679.0
cn,CY,2023-04-01 00:00:00,W,1,135000.0
cn,CY,2023-05-01 00:00:00,S,31,28837130.68
cn,CY,2023-05-01 00:00:00,U,32,25048129.0
cn,CY,2023-05-01 00:00:00,W,3,21631000.0
cn,CY,2023-06-01 00:00:00,S,18,59889736.0
cn,CY,2023-06-01 00:00:00,U,17,14491901.0
cn,CY,2023-06-01 00:00:00,W,3,59051975.0
cn,CY,2023-07-01 00:00:00,S,17,10732485.0
cn,CY,2023-07-01 00:00:00,U,22,24100242.0
cn,CY,2023-07-01 00:00:00,W,2,40477106.0
cn,CY,2023-08-01 00:00:00,S,12,15664878.0
cn,CY,2023-08-01 00:00:00,U,23,99255027.0
cn,CY,2023-08-01 00:00:00,W,3,23851402.0
cn,CY,2023-09-01 00:00:00,S,11,11463000.0
cn,CY,2023-09-01 00:00:00,U,25,68024206.0
cn,CY,2023-09-01 00:00:00,W,3,29657500.0
cn,CZ,2016-01-01 00:00:00,S,104,690499924.44
cn,CZ,2016-01-01 00:00:00,U,144,150455258.46000004
cn,CZ,2016-01-01 00:00:00,W,42,94786148.00999999
cn,CZ,2016-02-01 00:00:00,S,129,104302477.43
cn,CZ,2016-02-01 00:00:00,U,164,234477414.9
cn,CZ,2016-02-01 00:00:00,W,48,260445293.11
cn,CZ,2016-03-01 00:00:00,S,147,102378099.12
cn,CZ,2016-03-01 00:00:00,U,189,303820271.15999997
cn,CZ,2016-03-01 00:00:00,W,37,186051373.76
cn,CZ,2016-04-01 00:00:00,S,145,589066177.7999998
cn,CZ,2016-04-01 00:00:00,U,209,718750767.8099998
cn,CZ,2016-04-01 00:00:00,W,34,207494690.77
cn,CZ,2016-05-01 00:00:00,S,133,164092625.94
cn,CZ,2016-05-01 00:00:00,U,275,490748885.02000004
cn,CZ,2016-05-01 00:00:00,W,53,215091596.82999998
cn,CZ,2016-06-01 00:00:00,S,136,503096162.1100001
cn,CZ,2016-06-01 00:00:00,U,232,191808465.64
cn,CZ,2016-06-01 00:00:00,W,44,179264752.61999997
cn,CZ,2016-07-01 00:00:00,S,136,406421568.3999999
cn,CZ,2016-07-01 00:00:00,U,208,387351108.15000004
cn,CZ,2016-07-01 00:00:00,W,43,214757929.94000003
cn,CZ,2016-08-01 00:00:00,S,152,773925791.8900002
cn,CZ,2016-08-01 00:00:00,U,227,1108247065.53
cn,CZ,2016-08-01 00:00:00,W,37,214360923.50000003
cn,CZ,2016-09-01 00:00:00,S,303,515418483.8500001
cn,CZ,2016-09-01 00:00:00,U,458,425813477.3599999
cn,CZ,2016-09-01 00:00:00,W,134,2697150705.8599997
cn,CZ,2016-10-01 00:00:00,S,30,29692584.999999996
cn,CZ,2016-10-01 00:00:00,U,111,142105348.38000003
cn,CZ,2016-10-01 00:00:00,W,10,21073892.6
cn,CZ,2016-11-01 00:00:00,S,75,43690131.099999994
cn,CZ,2016-11-01 00:00:00,U,130,294770241.25
cn,CZ,2016-11-01 00:00:00,W,10,11745278.76
cn,CZ,2016-12-01 00:00:00,S,110,132870638.44
cn,CZ,2016-12-01 00:00:00,U,135,227310795.85999995
cn,CZ,2016-12-01 00:00:00,W,28,106777711.08999999
cn,CZ,2017-01-01 00:00:00,S,87,98591935.95
cn,CZ,2017-01-01 00:00:00,U,177,175015522.95
cn,CZ,2017-01-01 00:00:00,W,8,37319987.38
cn,CZ,2017-02-01 00:00:00,S,113,147577087.26999998
cn,CZ,2017-02-01 00:00:00,U,279,293365816.04
cn,CZ,2017-02-01 00:00:00,W,32,83994745.79999998
cn,CZ,2017-03-01 00:00:00,S,142,704599228.54
cn,CZ,2017-03-01 00:00:00,U,246,315453713.98
cn,CZ,2017-03-01 00:00:00,W,46,235334169.86
cn,CZ,2017-04-01 00:00:00,S,112,156706603.42
cn,CZ,2017-04-01 00:00:00,U,227,306565786.85999995
cn,CZ,2017-04-01 00:00:00,W,39,312093864.98
cn,CZ,2017-05-01 00:00:00,S,136,141931911.52
cn,CZ,2017-05-01 00:00:00,U,314,256319988.36000004
cn,CZ,2017-05-01 00:00:00,W,41,417857754.44
cn,CZ,2017-06-01 00:00:00,S,166,1229248062.3500001
cn,CZ,2017-06-01 00:00:00,U,333,375462468.94
cn,CZ,2017-06-01 00:00:00,W,46,189743921.59
cn,CZ,2017-07-01 00:00:00,S,157,478425694.12
cn,CZ,2017-07-01 00:00:00,U,242,256099618.46000004
cn,CZ,2017-07-01 00:00:00,W,32,179265877.70999998
cn,CZ,2017-08-01 00:00:00,S,185,295790324.59
cn,CZ,2017-08-01 00:00:00,U,340,1856020092.34
cn,CZ,2017-08-01 00:00:00,W,28,262117758.72000003
cn,CZ,2017-09-01 00:00:00,S,182,311221827.28999996
cn,CZ,2017-09-01 00:00:00,U,281,439621891.59000003
cn,CZ,2017-09-01 00:00:00,W,21,190432061.54999998
cn,CZ,2017-10-01 00:00:00,S,160,139584357.37
cn,CZ,2017-10-01 00:00:00,U,326,194376021.81
cn,CZ,2017-10-01 00:00:00,W,40,128924102.96
cn,CZ,2017-11-01 00:00:00,S,194,455373949.87
cn,CZ,2017-11-01 00:00:00,U,325,282665272.14
cn,CZ,2017-11-01 00:00:00,W,32,186973174.41000003
cn,CZ,2017-12-01 00:00:00,S,134,364675264.02000004
cn,CZ,2017-12-01 00:00:00,U,350,263690964.44
cn,CZ,2017-12-01 00:00:00,W,36,309907457.03000003
cn,CZ,2018-01-01 00:00:00,S,129,202943993.97999996
cn,CZ,2018-01-01 00:00:00,U,373,194689265.08999997
cn,CZ,2018-01-01 00:00:00,W,36,168982841.3
cn,CZ,2018-02-01 00:00:00,S,138,176555036.15
cn,CZ,2018-02-01 00:00:00,U,426,274363031.82000005
cn,CZ,2018-02-01 00:00:00,W,38,84259290.64
cn,CZ,2018-03-01 00:00:00,S,138,180721684.9
cn,CZ,2018-03-01 00:00:00,U,558,466812438.77
cn,CZ,2018-03-01 00:00:00,W,46,237304906.0
cn,CZ,2018-04-01 00:00:00,S,176,202684240.93999997
cn,CZ,2018-04-01 00:00:00,U,482,391142710.1700001
cn,CZ,2018-04-01 00:00:00,W,41,238083965.76999998
cn,CZ,2018-05-01 00:00:00,S,180,698699899.8400002
cn,CZ,2018-05-01 00:00:00,U,453,696397496.8099998
cn,CZ,2018-05-01 00:00:00,W,39,1293707606.37
cn,CZ,2018-06-01 00:00:00,S,182,393963641.6
cn,CZ,2018-06-01 00:00:00,U,494,3365468158.14
cn,CZ,2018-06-01 00:00:00,W,50,280222462.91999996
cn,CZ,2018-07-01 00:00:00,S,143,81539165.56
cn,CZ,2018-07-01 00:00:00,U,341,283742604.22999996
cn,CZ,2018-07-01 00:00:00,W,24,360375156.39
cn,CZ,2018-08-01 00:00:00,S,182,182429719.56
cn,CZ,2018-08-01 00:00:00,U,429,1305488744.03
cn,CZ,2018-08-01 00:00:00,W,23,322315373.78
cn,CZ,2018-09-01 00:00:00,S,135,615326325.45
cn,CZ,2018-09-01 00:00:00,U,356,290860092.7
cn,CZ,2018-09-01 00:00:00,W,26,142994612.54
cn,CZ,2018-10-01 00:00:00,S,190,329929715.63
cn,CZ,2018-10-01 00:00:00,U,384,354554026.85999995
cn,CZ,2018-10-01 00:00:00,W,35,466090689.21000004
cn,CZ,2018-11-01 00:00:00,S,155,150921808.36999997
cn,CZ,2018-11-01 00:00:00,U,333,249913419.08
cn,CZ,2018-11-01 00:00:00,W,40,230472515.06
cn,CZ,2018-12-01 00:00:00,S,122,263720024.29999998
cn,CZ,2018-12-01 00:00:00,U,274,220598726.07000008
cn,CZ,2018-12-01 00:00:00,W,39,790252860.1699998
cn,CZ,2019-01-01 00:00:00,S,157,207212857.85
cn,CZ,2019-01-01 00:00:00,U,329,293047643.74000007
cn,CZ,2019-01-01 00:00:00,W,38,184978668.87
cn,CZ,2019-02-01 00:00:00,S,148,457264791.33
cn,CZ,2019-02-01 00:00:00,U,314,197376454.64999998
cn,CZ,2019-02-01 00:00:00,W,29,361075291.36
cn,CZ,2019-03-01 00:00:00,S,143,189954723.33
cn,CZ,2019-03-01 00:00:00,U,400,508463809.89
cn,CZ,2019-03-01 00:00:00,W,44,304307257.69
cn,CZ,2019-04-01 00:00:00,S,193,187169044.18999997
cn,CZ,2019-04-01 00:00:00,U,399,233143626.5
cn,CZ,2019-04-01 00:00:00,W,44,180504353.28
cn,CZ,2019-05-01 00:00:00,S,194,197746478.23999998
cn,CZ,2019-05-01 00:00:00,U,410,426767888.4100001
cn,CZ,2019-05-01 00:00:00,W,42,326906486.67999995
cn,CZ,2019-06-01 00:00:00,S,183,303828433.13
cn,CZ,2019-06-01 00:00:00,U,448,362923149.0199999
cn,CZ,2019-06-01 00:00:00,W,36,216589364.76
cn,CZ,2019-07-01 00:00:00,S,184,304865563.76
cn,CZ,2019-07-01 00:00:00,U,398,460127725.13000005
cn,CZ,2019-07-01 00:00:00,W,48,443461089.91999996
cn,CZ,2019-08-01 00:00:00,S,194,189981124.01999998
cn,CZ,2019-08-01 00:00:00,U,420,315970828.2
cn,CZ,2019-08-01 00:00:00,W,35,351239876.64
cn,CZ,2019-09-01 00:00:00,S,183,442351209.9900001
cn,CZ,2019-09-01 00:00:00,U,434,479470859.15
cn,CZ,2019-09-01 00:00:00,W,32,336515673.75999993
cn,CZ,2019-10-01 00:00:00,S,206,823976868.65
cn,CZ,2019-10-01 00:00:00,U,325,400510892.81000006
cn,CZ,2019-10-01 00:00:00,W,29,240077576.22000006
cn,CZ,2019-11-01 00:00:00,S,195,174884613.31
cn,CZ,2019-11-01 00:00:00,U,278,199697894.48000002
cn,CZ,2019-11-01 00:00:00,W,29,269929339.29
cn,CZ,2019-12-01 00:00:00,S,167,225724177.07999998
cn,CZ,2019-12-01 00:00:00,U,231,223612190.34000003
cn,CZ,2019-12-01 00:00:00,W,41,581293748.47
cn,CZ,2020-01-01 00:00:00,S,175,191361409.53
cn,CZ,2020-01-01 00:00:00,U,310,411641602.6500001
cn,CZ,2020-01-01 00:00:00,W,40,774992256.18
cn,CZ,2020-02-01 00:00:00,S,175,621122880.25
cn,CZ,2020-02-01 00:00:00,U,306,242469020.41999996
cn,CZ,2020-02-01 00:00:00,W,37,410593937.51
cn,CZ,2020-03-01 00:00:00,S,163,458959109.09999996
cn,CZ,2020-03-01 00:00:00,U,316,212697386.85999998
cn,CZ,2020-03-01 00:00:00,W,50,168173789.60000002
cn,CZ,2020-04-01 00:00:00,S,150,163952263.35
cn,CZ,2020-04-01 00:00:00,U,335,418481034.6199999
cn,CZ,2020-04-01 00:00:00,W,35,93710033.51999998
cn,CZ,2020-05-01 00:00:00,S,162,123384285.36
cn,CZ,2020-05-01 00:00:00,U,348,297712979.94
cn,CZ,2020-05-01 00:00:00,W,44,331402943.87000006
cn,CZ,2020-06-01 00:00:00,S,181,272849223.34
cn,CZ,2020-06-01 00:00:00,U,434,411244234.26
cn,CZ,2020-06-01 00:00:00,W,50,493480314.88000005
cn,CZ,2020-07-01 00:00:00,S,179,279866162.62
cn,CZ,2020-07-01 00:00:00,U,348,506427170.57
cn,CZ,2020-07-01 00:00:00,W,53,413789356.83
cn,CZ,2020-08-01 00:00:00,S,160,426319031.89
cn,CZ,2020-08-01 00:00:00,U,396,1308342277.3800004
cn,CZ,2020-08-01 00:00:00,W,34,333900407.55999994
cn,CZ,2020-09-01 00:00:00,S,195,449068108.21000004
cn,CZ,2020-09-01 00:00:00,U,362,455304777.37999994
cn,CZ,2020-09-01 00:00:00,W,33,387860156.05999994
cn,CZ,2020-10-01 00:00:00,S,208,346393381.22999996
cn,CZ,2020-10-01 00:00:00,U,315,519643954.09
cn,CZ,2020-10-01 00:00:00,W,44,358446968.64000005
cn,CZ,2020-11-01 00:00:00,S,181,134362394.76000005
cn,CZ,2020-11-01 00:00:00,U,283,332849809.80999994
cn,CZ,2020-11-01 00:00:00,W,40,425681877.25
cn,CZ,2020-12-01 00:00:00,S,209,257482797.70999998
cn,CZ,2020-12-01 00:00:00,U,342,298941656.15
cn,CZ,2020-12-01 00:00:00,W,70,875396390.4300001
cn,CZ,2021-01-01 00:00:00,S,138,407400713.23
cn,CZ,2021-01-01 00:00:00,U,204,242105158.11999995
cn,CZ,2021-01-01 00:00:00,W,30,168139227.2
cn,CZ,2021-02-01 00:00:00,S,159,118510189.75
cn,CZ,2021-02-01 00:00:00,U,326,454543263.84999996
cn,CZ,2021-02-01 00:00:00,W,44,174247026.15
cn,CZ,2021-03-01 00:00:00,S,203,739582840.6300001
cn,CZ,2021-03-01 00:00:00,U,448,409430150.87000006
cn,CZ,2021-03-01 00:00:00,W,67,304457077.52000004
cn,CZ,2021-04-01 00:00:00,S,199,207940252.09
cn,CZ,2021-04-01 00:00:00,U,371,4503768724.73
cn,CZ,2021-04-01 00:00:00,W,41,241279584.70999998
cn,CZ,2021-05-01 00:00:00,S,171,219308920.89999998
cn,CZ,2021-05-01 00:00:00,U,396,294000348.22999996
cn,CZ,2021-05-01 00:00:00,W,48,266392711.46
cn,CZ,2021-06-01 00:00:00,S,201,217871043.17000002
cn,CZ,2021-06-01 00:00:00,U,446,432001840.9800001
cn,CZ,2021-06-01 00:00:00,W,46,423018904.94
cn,CZ,2021-07-01 00:00:00,S,204,234111271.43999997
cn,CZ,2021-07-01 00:00:00,U,355,419220598.6399999
cn,CZ,2021-07-01 00:00:00,W,48,313397630.9100001
cn,CZ,2021-08-01 00:00:00,S,194,414550723.95000005
cn,CZ,2021-08-01 00:00:00,U,332,223634252.17999998
cn,CZ,2021-08-01 00:00:00,W,38,154754786.12000003
cn,CZ,2021-09-01 00:00:00,S,233,405946914.61
cn,CZ,2021-09-01 00:00:00,U,337,371800688.73999995
cn,CZ,2021-09-01 00:00:00,W,37,232427489.79
cn,CZ,2021-10-01 00:00:00,S,216,490697687.9999999
cn,CZ,2021-10-01 00:00:00,U,412,3352689558.04
cn,CZ,2021-10-01 00:00:00,W,47,395811230.89
cn,CZ,2021-11-01 00:00:00,S,205,235054181.25
cn,CZ,2021-11-01 00:00:00,U,368,328738284.52000004
cn,CZ,2021-11-01 00:00:00,W,50,322490356.46999997
cn,CZ,2021-12-01 00:00:00,S,166,168900786.76
cn,CZ,2021-12-01 00:00:00,U,374,327131053.5600001
cn,CZ,2021-12-01 00:00:00,W,50,615855385.05
cn,CZ,2022-01-01 00:00:00,S,170,266005362.51000002
cn,CZ,2022-01-01 00:00:00,U,346,848469217.2700001
cn,CZ,2022-01-01 00:00:00,W,42,154930223.63
cn,CZ,2022-02-01 00:00:00,S,161,381440274.62000006
cn,CZ,2022-02-01 00:00:00,U,385,373080588.53999996
cn,CZ,2022-02-01 00:00:00,W,44,156660246.19
cn,CZ,2022-03-01 00:00:00,S,189,143075218.77
cn,CZ,2022-03-01 00:00:00,U,484,599570196.4100001
cn,CZ,2022-03-01 00:00:00,W,50,328654132.35
cn,CZ,2022-04-01 00:00:00,S,181,250131461.11999997
cn,CZ,2022-04-01 00:00:00,U,468,539840616.9100001
cn,CZ,2022-04-01 00:00:00,W,51,292506420.46999997
cn,CZ,2022-05-01 00:00:00,S,223,366659563.15999997
cn,CZ,2022-05-01 00:00:00,U,562,706746969.4599999
cn,CZ,2022-05-01 00:00:00,W,54,1152420114.02
cn,CZ,2022-06-01 00:00:00,S,271,171207526.86
cn,CZ,2022-06-01 00:00:00,U,583,686130993.2099999
cn,CZ,2022-06-01 00:00:00,W,56,385998458.91
cn,CZ,2022-07-01 00:00:00,S,204,610958386.9200001
cn,CZ,2022-07-01 00:00:00,U,420,325759232.9099999
cn,CZ,2022-07-01 00:00:00,W,40,314077130.40999997
cn,CZ,2022-08-01 00:00:00,S,249,272155617.68
cn,CZ,2022-08-01 00:00:00,U,425,309024115.0100001
cn,CZ,2022-08-01 00:00:00,W,49,283190053.59
cn,CZ,2022-09-01 00:00:00,S,247,906606977.28
cn,CZ,2022-09-01 00:00:00,U,431,492952054.3600001
cn,CZ,2022-09-01 00:00:00,W,30,198435968.38
cn,CZ,2022-10-01 00:00:00,S,194,458743126.71
cn,CZ,2022-10-01 00:00:00,U,382,1816352469.1
cn,CZ,2022-10-01 00:00:00,W,34,529854677.4200001
cn,CZ,2022-11-01 00:00:00,S,245,973503354.9000001
cn,CZ,2022-11-01 00:00:00,U,457,3653907534.3900013
cn,CZ,2022-11-01 00:00:00,W,45,321062700.26000005
cn,CZ,2022-12-01 00:00:00,S,160,255879195.03
cn,CZ,2022-12-01 00:00:00,U,381,392045506.6099999
cn,CZ,2022-12-01 00:00:00,W,59,1073750026.3999999
cn,CZ,2023-01-01 00:00:00,S,190,241842596.48999998
cn,CZ,2023-01-01 00:00:00,U,436,840316491.4700001
cn,CZ,2023-01-01 00:00:00,W,71,448177532.26000005
cn,CZ,2023-02-01 00:00:00,S,201,372213679.83
cn,CZ,2023-02-01 00:00:00,U,462,354321106.04
cn,CZ,2023-02-01 00:00:00,W,43,277299022.63
cn,CZ,2023-03-01 00:00:00,S,187,1139224242.0599997
cn,CZ,2023-03-01 00:00:00,U,435,397912276.81999993
cn,CZ,2023-03-01 00:00:00,W,62,1151620062.2100003
cn,CZ,2023-04-01 00:00:00,S,232,830327438.8199998
cn,CZ,2023-04-01 00:00:00,U,555,522750877.01
cn,CZ,2023-04-01 00:00:00,W,75,564844450.38
cn,CZ,2023-05-01 00:00:00,S,243,236990224.07999998
cn,CZ,2023-05-01 00:00:00,U,632,609325889.4700001
cn,CZ,2023-05-01 00:00:00,W,68,810004124.2600001
cn,CZ,2023-06-01 00:00:00,S,237,424592590.39
cn,CZ,2023-06-01 00:00:00,U,625,2399488546.8299994
cn,CZ,2023-06-01 00:00:00,W,57,549105857.18
cn,CZ,2023-07-01 00:00:00,S,233,241954141.20000002
cn,CZ,2023-07-01 00:00:00,U,462,2099992806.46
cn,CZ,2023-07-01 00:00:00,W,46,400348292.8999999
cn,CZ,2023-08-01 00:00:00,S,231,421116996.74000007
cn,CZ,2023-08-01 00:00:00,U,473,358643107.43999994
cn,CZ,2023-08-01 00:00:00,W,50,881233744.0000001
cn,CZ,2023-09-01 00:00:00,S,222,624078186.44
cn,CZ,2023-09-01 00:00:00,U,418,1956001909.3500004
cn,CZ,2023-09-01 00:00:00,W,50,427148398.34999996
cn,DE,2016-01-01 00:00:00,S,712,348633730.81
cn,DE,2016-01-01 00:00:00,U,452,179511271.89999998
cn,DE,2016-01-01 00:00:00,W,1109,201899240.52999997
cn,DE,2016-02-01 00:00:00,S,816,447804236.46
cn,DE,2016-02-01 00:00:00,U,618,275719150.15
cn,DE,2016-02-01 00:00:00,W,1137,95163566.28999999
cn,DE,2016-03-01 00:00:00,S,1083,670209047.28
cn,DE,2016-03-01 00:00:00,U,724,274944669.86
cn,DE,2016-03-01 00:00:00,W,1210,221034010.61
cn,DE,2016-04-01 00:00:00,S,1267,816210499.9
cn,DE,2016-04-01 00:00:00,U,809,825295722.9300001
cn,DE,2016-04-01 00:00:00,W,1159,431698584.11
cn,DE,2016-05-01 00:00:00,S,520,266378223.57999995
cn,DE,2016-05-01 00:00:00,U,441,376901188.12
cn,DE,2016-05-01 00:00:00,W,952,643117107.3100001
cn,DE,2016-06-01 00:00:00,S,885,692671148.0699999
cn,DE,2016-06-01 00:00:00,U,555,246941963.31
cn,DE,2016-06-01 00:00:00,W,995,867281671.62
cn,DE,2016-07-01 00:00:00,S,944,517505350.51
cn,DE,2016-07-01 00:00:00,U,667,323227304.51
cn,DE,2016-07-01 00:00:00,W,1041,338197311.77000004
cn,DE,2016-08-01 00:00:00,S,1077,836352632.23
cn,DE,2016-08-01 00:00:00,U,712,397484219.32000005
cn,DE,2016-08-01 00:00:00,W,1030,1820414248.9599998
cn,DE,2016-09-01 00:00:00,S,1074,450869789.07000005
cn,DE,2016-09-01 00:00:00,U,714,275754097.22
cn,DE,2016-09-01 00:00:00,W,1006,1155078769.18
cn,DE,2016-10-01 00:00:00,S,913,750840886.54
cn,DE,2016-10-01 00:00:00,U,573,791884737.98
cn,DE,2016-10-01 00:00:00,W,1021,808451141.9699999
cn,DE,2016-11-01 00:00:00,S,878,454475115.53
cn,DE,2016-11-01 00:00:00,U,532,567430259.03
cn,DE,2016-11-01 00:00:00,W,1095,6018550644.2300005
cn,DE,2016-12-01 00:00:00,S,982,445891513.71999997
cn,DE,2016-12-01 00:00:00,U,554,287837003.43
cn,DE,2016-12-01 00:00:00,W,1177,944138105.51
cn,DE,2017-01-01 00:00:00,S,892,540090939.84
cn,DE,2017-01-01 00:00:00,U,511,470959424.53999996
cn,DE,2017-01-01 00:00:00,W,1227,837257803.21
cn,DE,2017-02-01 00:00:00,S,1001,554905289.9700001
cn,DE,2017-02-01 00:00:00,U,617,994275638.9300001
cn,DE,2017-02-01 00:00:00,W,1335,769271477.21
cn,DE,2017-03-01 00:00:00,S,1262,705508212.1
cn,DE,2017-03-01 00:00:00,U,866,378119400.51
cn,DE,2017-03-01 00:00:00,W,1531,638243889.69
cn,DE,2017-04-01 00:00:00,S,1083,832509411.47
cn,DE,2017-04-01 00:00:00,U,639,431566867.96000004
cn,DE,2017-04-01 00:00:00,W,1190,1194887922.97
cn,DE,2017-05-01 00:00:00,S,1235,597569362.4599999
cn,DE,2017-05-01 00:00:00,U,739,440887983.84
cn,DE,2017-05-01 00:00:00,W,1366,1382388550.6200001
cn,DE,2017-06-01 00:00:00,S,1147,883730206.3100002
cn,DE,2017-06-01 00:00:00,U,799,317741063.08
cn,DE,2017-06-01 00:00:00,W,1216,771343272.1999999
cn,DE,2017-07-01 00:00:00,S,1278,606182271.45
cn,DE,2017-07-01 00:00:00,U,808,261332117.14
cn,DE,2017-07-01 00:00:00,W,1245,649151174.03
cn,DE,2017-08-01 00:00:00,S,1245,879032848.46
cn,DE,2017-08-01 00:00:00,U,832,281237904.54
cn,DE,2017-08-01 00:00:00,W,1190,735543496.91
cn,DE,2017-09-01 00:00:00,S,1363,1263448746.29
cn,DE,2017-09-01 00:00:00,U,710,270378857.65
cn,DE,2017-09-01 00:00:00,W,1138,369473221.64
cn,DE,2017-10-01 00:00:00,S,1011,486540348.2099999
cn,DE,2017-10-01 00:00:00,U,685,382845105.59
cn,DE,2017-10-01 00:00:00,W,1169,754199311.59
cn,DE,2017-11-01 00:00:00,S,1033,2451180664.7799997
cn,DE,2017-11-01 00:00:00,U,580,161261165.24
cn,DE,2017-11-01 00:00:00,W,1218,852290630.95
cn,DE,2017-12-01 00:00:00,S,1186,816315819.0699999
cn,DE,2017-12-01 00:00:00,U,663,111383007.65
cn,DE,2017-12-01 00:00:00,W,1301,856243137.3
cn,DE,2018-01-01 00:00:00,S,1082,962424916.0799999
cn,DE,2018-01-01 00:00:00,U,571,411595007.16999996
cn,DE,2018-01-01 00:00:00,W,1378,937251946.1000001
cn,DE,2018-02-01 00:00:00,S,1107,675359708.3
cn,DE,2018-02-01 00:00:00,U,633,130656813.54999998
cn,DE,2018-02-01 00:00:00,W,1570,934392729.9699999
cn,DE,2018-03-01 00:00:00,S,1457,603419126.23
cn,DE,2018-03-01 00:00:00,U,832,280057142.26
cn,DE,2018-03-01 00:00:00,W,1580,1057927458.9900001
cn,DE,2018-04-01 00:00:00,S,1206,1000669428.5899999
cn,DE,2018-04-01 00:00:00,U,725,145821179.8
cn,DE,2018-04-01 00:00:00,W,1545,1301509917.24
cn,DE,2018-05-01 00:00:00,S,1144,762046022.3399999
cn,DE,2018-05-01 00:00:00,U,780,165969818.46
cn,DE,2018-05-01 00:00:00,W,1420,895326953.2200001
cn,DE,2018-06-01 00:00:00,S,1329,563962991.6999999
cn,DE,2018-06-01 00:00:00,U,808,308348709.98
cn,DE,2018-06-01 00:00:00,W,1410,1250819523.7
cn,DE,2018-07-01 00:00:00,S,1462,1446226059.52
cn,DE,2018-07-01 00:00:00,U,903,420290681.69
cn,DE,2018-07-01 00:00:00,W,1387,552864087.91
cn,DE,2018-08-01 00:00:00,S,1451,866480856.34
cn,DE,2018-08-01 00:00:00,U,900,352895060.21999997
cn,DE,2018-08-01 00:00:00,W,1342,690735627.72
cn,DE,2018-09-01 00:00:00,S,1268,497581118.25
cn,DE,2018-09-01 00:00:00,U,844,420695965.70000005
cn,DE,2018-09-01 00:00:00,W,1192,1107942675.34
cn,DE,2018-10-01 00:00:00,S,1376,725485115.88
cn,DE,2018-10-01 00:00:00,U,856,197267764.64000002
cn,DE,2018-10-01 00:00:00,W,1534,830026278.87
cn,DE,2018-11-01 00:00:00,S,1073,858135900.89
cn,DE,2018-11-01 00:00:00,U,630,290302838.90999997
cn,DE,2018-11-01 00:00:00,W,1319,1853028284.92
cn,DE,2018-12-01 00:00:00,S,1186,366128751.41999996
cn,DE,2018-12-01 00:00:00,U,643,1000225470071.0801
cn,DE,2018-12-01 00:00:00,W,1505,737792660.4700001
cn,DE,2019-01-01 00:00:00,S,1253,775653498.66
cn,DE,2019-01-01 00:00:00,U,708,195585468.29
cn,DE,2019-01-01 00:00:00,W,1424,614000504.79
cn,DE,2019-02-01 00:00:00,S,1461,732500964.97
cn,DE,2019-02-01 00:00:00,U,880,325447806.35999995
cn,DE,2019-02-01 00:00:00,W,1734,962866185.8100002
cn,DE,2019-03-01 00:00:00,S,1617,1048483847.7899998
cn,DE,2019-03-01 00:00:00,U,869,534038011.72
cn,DE,2019-03-01 00:00:00,W,1665,588761872.12
cn,DE,2019-04-01 00:00:00,S,1467,1435807014.48
cn,DE,2019-04-01 00:00:00,U,840,401258909.76
cn,DE,2019-04-01 00:00:00,W,1841,531189271.33
cn,DE,2019-05-01 00:00:00,S,1483,1060536074.2500001
cn,DE,2019-05-01 00:00:00,U,941,1610701497.79
cn,DE,2019-05-01 00:00:00,W,1639,865774056.73
cn,DE,2019-06-01 00:00:00,S,1344,621724208.5699999
cn,DE,2019-06-01 00:00:00,U,801,312725281.08
cn,DE,2019-06-01 00:00:00,W,1351,1005505574.7399999
cn,DE,2019-07-01 00:00:00,S,1719,870213940.6300001
cn,DE,2019-07-01 00:00:00,U,1088,514675465.83
cn,DE,2019-07-01 00:00:00,W,1750,835028322.8000001
cn,DE,2019-08-01 00:00:00,S,1542,1021954425.2099999
cn,DE,2019-08-01 00:00:00,U,977,1360656635.8300002
cn,DE,2019-08-01 00:00:00,W,1483,905854302.61
cn,DE,2019-09-01 00:00:00,S,1575,777288060.41
cn,DE,2019-09-01 00:00:00,U,921,1879259479.31
cn,DE,2019-09-01 00:00:00,W,1504,480489017.54
cn,DE,2019-10-01 00:00:00,S,1409,448811061.15
cn,DE,2019-10-01 00:00:00,U,905,376351768.91999996
cn,DE,2019-10-01 00:00:00,W,1543,1855004870.32
cn,DE,2019-11-01 00:00:00,S,1251,1729962177.9099998
cn,DE,2019-11-01 00:00:00,U,753,309468363.82
cn,DE,2019-11-01 00:00:00,W,1497,686758360.19
cn,DE,2019-12-01 00:00:00,S,1428,852826605.8000001
cn,DE,2019-12-01 00:00:00,U,701,443459368.81
cn,DE,2019-12-01 00:00:00,W,1535,1211830790.1699998
cn,DE,2020-01-01 00:00:00,S,1400,1154863061.5700002
cn,DE,2020-01-01 00:00:00,U,816,246731366.34000003
cn,DE,2020-01-01 00:00:00,W,1653,674359383.17
cn,DE,2020-02-01 00:00:00,S,1468,727454684.2900002
cn,DE,2020-02-01 00:00:00,U,813,250879155.66999996
cn,DE,2020-02-01 00:00:00,W,1950,1181104588.4499998
cn,DE,2020-03-01 00:00:00,S,1595,1021550576.09
cn,DE,2020-03-01 00:00:00,U,966,380649378.26
cn,DE,2020-03-01 00:00:00,W,2003,1123781897.09
cn,DE,2020-04-01 00:00:00,S,1541,804871341.6100001
cn,DE,2020-04-01 00:00:00,U,859,637318362.49
cn,DE,2020-04-01 00:00:00,W,1842,789013485.7800001
cn,DE,2020-05-01 00:00:00,S,1346,576128583.8
cn,DE,2020-05-01 00:00:00,U,891,1376324575.28
cn,DE,2020-05-01 00:00:00,W,1804,925561321.57
cn,DE,2020-06-01 00:00:00,S,1487,634791177.6700001
cn,DE,2020-06-01 00:00:00,U,928,585821344.87
cn,DE,2020-06-01 00:00:00,W,1766,905721324.6099999
cn,DE,2020-07-01 00:00:00,S,1797,1807756622.6699998
cn,DE,2020-07-01 00:00:00,U,1164,958359999.45
cn,DE,2020-07-01 00:00:00,W,1940,715566371.0699999
cn,DE,2020-08-01 00:00:00,S,1551,1002261231.3699999
cn,DE,2020-08-01 00:00:00,U,1038,4322143103.59
cn,DE,2020-08-01 00:00:00,W,1655,654838260.74
cn,DE,2020-09-01 00:00:00,S,1723,1317890914.7400002
cn,DE,2020-09-01 00:00:00,U,1025,1259339978.52
cn,DE,2020-09-01 00:00:00,W,1702,776166179.7400001
cn,DE,2020-10-01 00:00:00,S,1547,1392576056.2799997
cn,DE,2020-10-01 00:00:00,U,1057,4611074130.92
cn,DE,2020-10-01 00:00:00,W,1686,1111285023.1699998
cn,DE,2020-11-01 00:00:00,S,1475,730078846.9399999
cn,DE,2020-11-01 00:00:00,U,841,851061419.91
cn,DE,2020-11-01 00:00:00,W,1789,1589136513.4799998
cn,DE,2020-12-01 00:00:00,S,1481,1595631636.6299999
cn,DE,2020-12-01 00:00:00,U,882,1036863070.61
cn,DE,2020-12-01 00:00:00,W,1658,814506750.1299999
cn,DE,2021-01-01 00:00:00,S,1230,581842917.4899999
cn,DE,2021-01-01 00:00:00,U,712,1368564992.51
cn,DE,2021-01-01 00:00:00,W,1515,1430123392.6299996
cn,DE,2021-02-01 00:00:00,S,1566,2139143713.1900003
cn,DE,2021-02-01 00:00:00,U,931,7115877364.54
cn,DE,2021-02-01 00:00:00,W,2003,1323611874.5100002
cn,DE,2021-03-01 00:00:00,S,2206,1604989212.6900003
cn,DE,2021-03-01 00:00:00,U,1186,974605289.4599999
cn,DE,2021-03-01 00:00:00,W,2229,1043005237.94
cn,DE,2021-04-01 00:00:00,S,1843,1445684141.71
cn,DE,2021-04-01 00:00:00,U,1043,460924937.56000006
cn,DE,2021-04-01 00:00:00,W,1894,926610466.8000001
cn,DE,2021-05-01 00:00:00,S,1706,1932886594.3300002
cn,DE,2021-05-01 00:00:00,U,1121,914724611.4399999
cn,DE,2021-05-01 00:00:00,W,1810,1547956337.4
cn,DE,2021-06-01 00:00:00,S,1892,1893262300.0
cn,DE,2021-06-01 00:00:00,U,1192,803727286.57
cn,DE,2021-06-01 00:00:00,W,1728,1051368629.2899998
cn,DE,2021-07-01 00:00:00,S,1988,1820339839.04
cn,DE,2021-07-01 00:00:00,U,1272,4003259306.11
cn,DE,2021-07-01 00:00:00,W,1745,1301326676.3300004
cn,DE,2021-08-01 00:00:00,S,1793,1556961289.4899998
cn,DE,2021-08-01 00:00:00,U,1183,472423685.88
cn,DE,2021-08-01 00:00:00,W,1652,6627389257.9
cn,DE,2021-09-01 00:00:00,S,1711,3956770123.6699996
cn,DE,2021-09-01 00:00:00,U,1102,864780295.11
cn,DE,2021-09-01 00:00:00,W,1602,1171900740.37
cn,DE,2021-10-01 00:00:00,S,1733,2057597051.96
cn,DE,2021-10-01 00:00:00,U,1191,896084877.59
cn,DE,2021-10-01 00:00:00,W,1626,961466944.5399998
cn,DE,2021-11-01 00:00:00,S,1601,2459688177.08
cn,DE,2021-11-01 00:00:00,U,937,456507857.64000005
cn,DE,2021-11-01 00:00:00,W,1622,2544763171.3100004
cn,DE,2021-12-01 00:00:00,S,1798,18534159432.109997
cn,DE,2021-12-01 00:00:00,U,973,817107904.17
cn,DE,2021-12-01 00:00:00,W,1863,2794452314.29
cn,DE,2022-01-01 00:00:00,S,1580,1768923010.1
cn,DE,2022-01-01 00:00:00,U,843,556931432.4899999
cn,DE,2022-01-01 00:00:00,W,1679,1788133732.15
cn,DE,2022-02-01 00:00:00,S,1906,1357825632.6599998
cn,DE,2022-02-01 00:00:00,U,1065,1992494463.8
cn,DE,2022-02-01 00:00:00,W,1952,1872553511.9300003
cn,DE,2022-03-01 00:00:00,S,2191,6676297796.9800005
cn,DE,2022-03-01 00:00:00,U,1274,1143593961.8700001
cn,DE,2022-03-01 00:00:00,W,2328,1784148432.0299997
cn,DE,2022-04-01 00:00:00,S,1818,2055881508.7200003
cn,DE,2022-04-01 00:00:00,U,989,411399501.46
cn,DE,2022-04-01 00:00:00,W,1697,988554988.3800001
cn,DE,2022-05-01 00:00:00,S,1906,1933826862.4500003
cn,DE,2022-05-01 00:00:00,U,1217,717446648.3799999
cn,DE,2022-05-01 00:00:00,W,1814,1150411081.03
cn,DE,2022-06-01 00:00:00,S,1843,1406879706.1299999
cn,DE,2022-06-01 00:00:00,U,1137,1497670179.3600001
cn,DE,2022-06-01 00:00:00,W,1744,1660046549.75
cn,DE,2022-07-01 00:00:00,S,2076,1923854620.11
cn,DE,2022-07-01 00:00:00,U,1284,630984663.0899999
cn,DE,2022-07-01 00:00:00,W,1984,1228269774.7199998
cn,DE,2022-08-01 00:00:00,S,2025,3526097273.32
cn,DE,2022-08-01 00:00:00,U,1334,742297640.17
cn,DE,2022-08-01 00:00:00,W,1815,1830267205.37
cn,DE,2022-09-01 00:00:00,S,1845,979934906.7799999
cn,DE,2022-09-01 00:00:00,U,1338,950212944.37
cn,DE,2022-09-01 00:00:00,W,1779,1968642409.03
cn,DE,2022-10-01 00:00:00,S,1711,3528435941.74
cn,DE,2022-10-01 00:00:00,U,1233,455249228.46000004
cn,DE,2022-10-01 00:00:00,W,1795,890490305.47
cn,DE,2022-11-01 00:00:00,S,1664,1698030566.6200001
cn,DE,2022-11-01 00:00:00,U,1099,925535275.99
cn,DE,2022-11-01 00:00:00,W,1717,1057861464.04
cn,DE,2022-12-01 00:00:00,S,1797,3595769402.99
cn,DE,2022-12-01 00:00:00,U,946,4434772747.400001
cn,DE,2022-12-01 00:00:00,W,1788,2414887044.81
cn,DE,2023-01-01 00:00:00,S,1671,1134245111.31
cn,DE,2023-01-01 00:00:00,U,997,779081731.2600001
cn,DE,2023-01-01 00:00:00,W,1825,8421455102.89
cn,DE,2023-02-01 00:00:00,S,1980,888640405.0500002
cn,DE,2023-02-01 00:00:00,U,1108,912613098.9000001
cn,DE,2023-02-01 00:00:00,W,2168,2054812295.65
cn,DE,2023-03-01 00:00:00,S,2459,1675162637.4399998
cn,DE,2023-03-01 00:00:00,U,1391,964887526.54
cn,DE,2023-03-01 00:00:00,W,2563,6694768735.140002
cn,DE,2023-04-01 00:00:00,S,1948,2158839244.67
cn,DE,2023-04-01 00:00:00,U,1305,1044305976.23
cn,DE,2023-04-01 00:00:00,W,2116,1808049882.3600001
cn,DE,2023-05-01 00:00:00,S,2108,1981735472.3600001
cn,DE,2023-05-01 00:00:00,U,1406,687749498.73
cn,DE,2023-05-01 00:00:00,W,2269,2180012465.4500003
cn,DE,2023-06-01 00:00:00,S,2140,3074066332.1299996
cn,DE,2023-06-01 00:00:00,U,1411,1484996914.3499997
cn,DE,2023-06-01 00:00:00,W,2314,2353952932.4
cn,DE,2023-07-01 00:00:00,S,2239,1244875002.31
cn,DE,2023-07-01 00:00:00,U,1452,1356806346.4499998
cn,DE,2023-07-01 00:00:00,W,2315,2804453261.62
cn,DE,2023-08-01 00:00:00,S,2312,2167338847.84
cn,DE,2023-08-01 00:00:00,U,1567,1004894820.4
cn,DE,2023-08-01 00:00:00,W,2167,1856966762.75
cn,DE,2023-09-01 00:00:00,S,2188,2113686491.94
cn,DE,2023-09-01 00:00:00,U,1394,1594383025.32
cn,DE,2023-09-01 00:00:00,W,2005,1821417164.7
cn,DK,2016-01-01 00:00:00,S,35,107776519.96999998
cn,DK,2016-01-01 00:00:00,U,16,30738935.15
cn,DK,2016-01-01 00:00:00,W,5,44256702.309999995
cn,DK,2016-02-01 00:00:00,S,53,152614096.85
cn,DK,2016-02-01 00:00:00,U,38,47740383.45
cn,DK,2016-02-01 00:00:00,W,15,250797560.98000002
cn,DK,2016-03-01 00:00:00,S,80,254439290.16
cn,DK,2016-03-01 00:00:00,U,38,110800160.88000001
cn,DK,2016-03-01 00:00:00,W,14,108136786.14
cn,DK,2016-04-01 00:00:00,S,97,421272645.29
cn,DK,2016-04-01 00:00:00,U,80,583841175.89
cn,DK,2016-04-01 00:00:00,W,20,127560307.36000001
cn,DK,2016-05-01 00:00:00,S,126,282682666.74
cn,DK,2016-05-01 00:00:00,U,86,766870040.7199999
cn,DK,2016-05-01 00:00:00,W,34,219176113.47
cn,DK,2016-06-01 00:00:00,S,112,210826327.83999997
cn,DK,2016-06-01 00:00:00,U,77,166052851.26000002
cn,DK,2016-06-01 00:00:00,W,27,571564981.4599999
cn,DK,2016-07-01 00:00:00,S,74,114098104.14999998
cn,DK,2016-07-01 00:00:00,U,59,148884516.23000002
cn,DK,2016-07-01 00:00:00,W,30,243526030.21
cn,DK,2016-08-01 00:00:00,S,101,237029776.92000002
cn,DK,2016-08-01 00:00:00,U,80,199304679.66000006
cn,DK,2016-08-01 00:00:00,W,15,118801375.38
cn,DK,2016-09-01 00:00:00,S,130,544124399.9399999
cn,DK,2016-09-01 00:00:00,U,64,452296983.27000004
cn,DK,2016-09-01 00:00:00,W,32,510866781.3
cn,DK,2016-10-01 00:00:00,S,122,900550172.03
cn,DK,2016-10-01 00:00:00,U,68,849117638.54
cn,DK,2016-10-01 00:00:00,W,21,144287863.31
cn,DK,2016-11-01 00:00:00,S,107,427154872.57
cn,DK,2016-11-01 00:00:00,U,76,239368183.54
cn,DK,2016-11-01 00:00:00,W,52,7523328399.54
cn,DK,2016-12-01 00:00:00,S,120,161613764.2
cn,DK,2016-12-01 00:00:00,U,66,226966657.32
cn,DK,2016-12-01 00:00:00,W,35,161782759.36999997
cn,DK,2017-01-01 00:00:00,S,96,223509730.61
cn,DK,2017-01-01 00:00:00,U,61,56205973.410000004
cn,DK,2017-01-01 00:00:00,W,28,1871962466.0600002
cn,DK,2017-02-01 00:00:00,S,115,286573280.35
cn,DK,2017-02-01 00:00:00,U,82,1189152543.77
cn,DK,2017-02-01 00:00:00,W,53,406502836.56
cn,DK,2017-03-01 00:00:00,S,130,518855509.24
cn,DK,2017-03-01 00:00:00,U,82,259362890.89
cn,DK,2017-03-01 00:00:00,W,25,290333578.88
cn,DK,2017-04-01 00:00:00,S,101,428964624.8099999
cn,DK,2017-04-01 00:00:00,U,62,273510531.53999996
cn,DK,2017-04-01 00:00:00,W,38,220141190.57
cn,DK,2017-05-01 00:00:00,S,155,375447199.46
cn,DK,2017-05-01 00:00:00,U,103,757907106.9000001
cn,DK,2017-05-01 00:00:00,W,34,543151152.33
cn,DK,2017-06-01 00:00:00,S,134,608649833.04
cn,DK,2017-06-01 00:00:00,U,81,418588692.69000006
cn,DK,2017-06-01 00:00:00,W,44,285066007.03999996
cn,DK,2017-07-01 00:00:00,S,102,439116609.2
cn,DK,2017-07-01 00:00:00,U,49,141412093.82
cn,DK,2017-07-01 00:00:00,W,32,295975855.70000005
cn,DK,2017-08-01 00:00:00,S,108,234158304.68
cn,DK,2017-08-01 00:00:00,U,64,268312542.01
cn,DK,2017-08-01 00:00:00,W,21,519909660.43
cn,DK,2017-09-01 00:00:00,S,133,281942469.71
cn,DK,2017-09-01 00:00:00,U,74,229783103.05
cn,DK,2017-09-01 00:00:00,W,25,339459037.98999995
cn,DK,2017-10-01 00:00:00,S,126,394805641.14
cn,DK,2017-10-01 00:00:00,U,90,442516946.78999996
cn,DK,2017-10-01 00:00:00,W,40,302879103.62
cn,DK,2017-11-01 00:00:00,S,113,420943958.70000005
cn,DK,2017-11-01 00:00:00,U,68,279471102.21
cn,DK,2017-11-01 00:00:00,W,29,271734600.59000003
cn,DK,2017-12-01 00:00:00,S,93,289998642.49
cn,DK,2017-12-01 00:00:00,U,75,123526254.89999999
cn,DK,2017-12-01 00:00:00,W,51,307852929.31000006
cn,DK,2018-01-01 00:00:00,S,97,398073005.64
cn,DK,2018-01-01 00:00:00,U,84,171433543.9
cn,DK,2018-01-01 00:00:00,W,20,210352600.22
cn,DK,2018-02-01 00:00:00,S,115,693764095.5699999
cn,DK,2018-02-01 00:00:00,U,71,197512826.70999998
cn,DK,2018-02-01 00:00:00,W,30,123114962.71000001
cn,DK,2018-03-01 00:00:00,S,121,463386438.97
cn,DK,2018-03-01 00:00:00,U,69,82421717.36999999
cn,DK,2018-03-01 00:00:00,W,33,229941501.66
cn,DK,2018-04-01 00:00:00,S,127,244441170.64000005
cn,DK,2018-04-01 00:00:00,U,79,596186470.22
cn,DK,2018-04-01 00:00:00,W,33,267416935.01000002
cn,DK,2018-05-01 00:00:00,S,114,451331043.59999996
cn,DK,2018-05-01 00:00:00,U,110,745663712.2399999
cn,DK,2018-05-01 00:00:00,W,44,304703055.73
cn,DK,2018-06-01 00:00:00,S,123,721591693.2
cn,DK,2018-06-01 00:00:00,U,76,7370261057.63
cn,DK,2018-06-01 00:00:00,W,27,200433480.25
cn,DK,2018-07-01 00:00:00,S,99,283330245.15999997
cn,DK,2018-07-01 00:00:00,U,61,102860913.42
cn,DK,2018-07-01 00:00:00,W,28,370525411.90000004
cn,DK,2018-08-01 00:00:00,S,119,1048252490.8
cn,DK,2018-08-01 00:00:00,U,76,640207108.96
cn,DK,2018-08-01 00:00:00,W,23,1322720442.2400002
cn,DK,2018-09-01 00:00:00,S,128,233286990.64999998
cn,DK,2018-09-01 00:00:00,U,93,610049741.3299998
cn,DK,2018-09-01 00:00:00,W,25,657850319.32
cn,DK,2018-10-01 00:00:00,S,126,193742670.26999998
cn,DK,2018-10-01 00:00:00,U,98,384695740.48
cn,DK,2018-10-01 00:00:00,W,25,256666451.99999997
cn,DK,2018-11-01 00:00:00,S,122,292920899.61
cn,DK,2018-11-01 00:00:00,U,65,648823444.6800001
cn,DK,2018-11-01 00:00:00,W,37,312163674.67999995
cn,DK,2018-12-01 00:00:00,S,124,369218333.95
cn,DK,2018-12-01 00:00:00,U,60,135672688.85
cn,DK,2018-12-01 00:00:00,W,28,212817313.39
cn,DK,2019-01-01 00:00:00,S,90,780744900.5200001
cn,DK,2019-01-01 00:00:00,U,84,687824265.7900001
cn,DK,2019-01-01 00:00:00,W,31,198561230.11
cn,DK,2019-02-01 00:00:00,S,122,285715042.65
cn,DK,2019-02-01 00:00:00,U,74,210712148.45000002
cn,DK,2019-02-01 00:00:00,W,67,509971391.48
cn,DK,2019-03-01 00:00:00,S,139,1008672462.4700001
cn,DK,2019-03-01 00:00:00,U,68,322738911.39
cn,DK,2019-03-01 00:00:00,W,42,230587026.69
cn,DK,2019-04-01 00:00:00,S,136,528808703.96
cn,DK,2019-04-01 00:00:00,U,114,971142638.4999999
cn,DK,2019-04-01 00:00:00,W,26,104268627.52000001
cn,DK,2019-05-01 00:00:00,S,150,834162325.15
cn,DK,2019-05-01 00:00:00,U,124,533928067.92999995
cn,DK,2019-05-01 00:00:00,W,37,267905599.96
cn,DK,2019-06-01 00:00:00,S,125,976080869.8000001
cn,DK,2019-06-01 00:00:00,U,78,767155403.7400001
cn,DK,2019-06-01 00:00:00,W,34,149288115.60999998
cn,DK,2019-07-01 00:00:00,S,118,442427082.4499999
cn,DK,2019-07-01 00:00:00,U,63,180298592.81
cn,DK,2019-07-01 00:00:00,W,21,119859270.57
cn,DK,2019-08-01 00:00:00,S,89,176477986.17999998
cn,DK,2019-08-01 00:00:00,U,57,419001186.68
cn,DK,2019-08-01 00:00:00,W,17,254839782.48000002
cn,DK,2019-09-01 00:00:00,S,157,389745197.08
cn,DK,2019-09-01 00:00:00,U,77,721525791.2199999
cn,DK,2019-09-01 00:00:00,W,22,54806592.44999999
cn,DK,2019-10-01 00:00:00,S,153,411557372.67
cn,DK,2019-10-01 00:00:00,U,80,734802426.6800001
cn,DK,2019-10-01 00:00:00,W,32,385558074.64
cn,DK,2019-11-01 00:00:00,S,107,732180708.2899998
cn,DK,2019-11-01 00:00:00,U,100,6115037645.589999
cn,DK,2019-11-01 00:00:00,W,33,145079567.43
cn,DK,2019-12-01 00:00:00,S,90,1037113458.1400001
cn,DK,2019-12-01 00:00:00,U,70,330983346.0300001
cn,DK,2019-12-01 00:00:00,W,36,484959753.29999995
cn,DK,2020-01-01 00:00:00,S,105,2074884607.4299998
cn,DK,2020-01-01 00:00:00,U,79,673556894.49
cn,DK,2020-01-01 00:00:00,W,28,119478670.81
cn,DK,2020-02-01 00:00:00,S,121,468194145.70000005
cn,DK,2020-02-01 00:00:00,U,62,368539883.53000003
cn,DK,2020-02-01 00:00:00,W,22,273771779.68
cn,DK,2020-03-01 00:00:00,S,116,315303329.59999996
cn,DK,2020-03-01 00:00:00,U,71,413137419.55
cn,DK,2020-03-01 00:00:00,W,43,234363086.60999998
cn,DK,2020-04-01 00:00:00,S,122,22642360429.329998
cn,DK,2020-04-01 00:00:00,U,77,365572548.48
cn,DK,2020-04-01 00:00:00,W,22,531420243.6
cn,DK,2020-05-01 00:00:00,S,152,733440638.0600001
cn,DK,2020-05-01 00:00:00,U,108,490317369.91999996
cn,DK,2020-05-01 00:00:00,W,37,915854967.65
cn,DK,2020-06-01 00:00:00,S,112,366477815.44
cn,DK,2020-06-01 00:00:00,U,81,907491185.7500002
cn,DK,2020-06-01 00:00:00,W,28,762511724.9200001
cn,DK,2020-07-01 00:00:00,S,107,509661760.27
cn,DK,2020-07-01 00:00:00,U,58,82546081.68
cn,DK,2020-07-01 00:00:00,W,38,347577915.82000005
cn,DK,2020-08-01 00:00:00,S,93,637705992.68
cn,DK,2020-08-01 00:00:00,U,50,168806787.67
cn,DK,2020-08-01 00:00:00,W,22,504239220.83000004
cn,DK,2020-09-01 00:00:00,S,155,1165589442.14
cn,DK,2020-09-01 00:00:00,U,72,203741510.87
cn,DK,2020-09-01 00:00:00,W,34,560835736.9000001
cn,DK,2020-10-01 00:00:00,S,166,1110584687.29
cn,DK,2020-10-01 00:00:00,U,94,1107805454.8600001
cn,DK,2020-10-01 00:00:00,W,35,225125191.15999997
cn,DK,2020-11-01 00:00:00,S,98,1147162462.26
cn,DK,2020-11-01 00:00:00,U,74,3172059299.68
cn,DK,2020-11-01 00:00:00,W,28,464026071.21999997
cn,DK,2020-12-01 00:00:00,S,141,984639744.9800001
cn,DK,2020-12-01 00:00:00,U,63,555987342.55
cn,DK,2020-12-01 00:00:00,W,24,228141182.15
cn,DK,2021-01-01 00:00:00,S,106,1205308872.1299999
cn,DK,2021-01-01 00:00:00,U,67,520908482.19000006
cn,DK,2021-01-01 00:00:00,W,24,1130170700.55
cn,DK,2021-02-01 00:00:00,S,114,741384208.2299999
cn,DK,2021-02-01 00:00:00,U,62,445032124.09000003
cn,DK,2021-02-01 00:00:00,W,30,568095199.6800001
cn,DK,2021-03-01 00:00:00,S,145,1398707245.36
cn,DK,2021-03-01 00:00:00,U,76,800511407.1199998
cn,DK,2021-03-01 00:00:00,W,30,390231921.5
cn,DK,2021-04-01 00:00:00,S,136,820735283.07
cn,DK,2021-04-01 00:00:00,U,104,1248409999.46
cn,DK,2021-04-01 00:00:00,W,25,342407422.33000004
cn,DK,2021-05-01 00:00:00,S,154,809361438.8999999
cn,DK,2021-05-01 00:00:00,U,83,316048996.90000004
cn,DK,2021-05-01 00:00:00,W,35,416836496.14
cn,DK,2021-06-01 00:00:00,S,127,557807473.17
cn,DK,2021-06-01 00:00:00,U,69,961388375.18
cn,DK,2021-06-01 00:00:00,W,34,745582896.3300002
cn,DK,2021-07-01 00:00:00,S,108,712282769.71
cn,DK,2021-07-01 00:00:00,U,56,153020973.92999998
cn,DK,2021-07-01 00:00:00,W,28,252725964.77999997
cn,DK,2021-08-01 00:00:00,S,126,582718499.04
cn,DK,2021-08-01 00:00:00,U,62,330318934.52000004
cn,DK,2021-08-01 00:00:00,W,25,80601452.19999999
cn,DK,2021-09-01 00:00:00,S,183,673965062.4999999
cn,DK,2021-09-01 00:00:00,U,80,557545911.23
cn,DK,2021-09-01 00:00:00,W,38,457563802.60000014
cn,DK,2021-10-01 00:00:00,S,161,634547146.6400001
cn,DK,2021-10-01 00:00:00,U,83,2767055009.8099995
cn,DK,2021-10-01 00:00:00,W,18,93380529.77999999
cn,DK,2021-11-01 00:00:00,S,132,858578565.9799999
cn,DK,2021-11-01 00:00:00,U,81,587996301.74
cn,DK,2021-11-01 00:00:00,W,20,404833938.42
cn,DK,2021-12-01 00:00:00,S,141,708541011.45
cn,DK,2021-12-01 00:00:00,U,73,464813775.96999997
cn,DK,2021-12-01 00:00:00,W,34,292042772.6
cn,DK,2022-01-01 00:00:00,S,130,2550921574.81
cn,DK,2022-01-01 00:00:00,U,86,607164548.0400001
cn,DK,2022-01-01 00:00:00,W,44,521614010.72
cn,DK,2022-02-01 00:00:00,S,123,565617244.48
cn,DK,2022-02-01 00:00:00,U,79,2512355976.22
cn,DK,2022-02-01 00:00:00,W,43,589672583.01
cn,DK,2022-03-01 00:00:00,S,116,706317783.6100001
cn,DK,2022-03-01 00:00:00,U,107,832972295.41
cn,DK,2022-03-01 00:00:00,W,34,444744386.18
cn,DK,2022-04-01 00:00:00,S,127,1734874542.3899996
cn,DK,2022-04-01 00:00:00,U,76,1092321501.83
cn,DK,2022-04-01 00:00:00,W,29,364726502.64
cn,DK,2022-05-01 00:00:00,S,153,1432899868.6
cn,DK,2022-05-01 00:00:00,U,91,1043213610.6100001
cn,DK,2022-05-01 00:00:00,W,30,275872031.32
cn,DK,2022-06-01 00:00:00,S,142,1553041094.5800002
cn,DK,2022-06-01 00:00:00,U,94,1305147334.7700002
cn,DK,2022-06-01 00:00:00,W,35,297999193.21000004
cn,DK,2022-07-01 00:00:00,S,111,783846174.1099999
cn,DK,2022-07-01 00:00:00,U,66,316380326.74999994
cn,DK,2022-07-01 00:00:00,W,21,911953731.3499999
cn,DK,2022-08-01 00:00:00,S,123,1078470153.7500002
cn,DK,2022-08-01 00:00:00,U,91,797707503.67
cn,DK,2022-08-01 00:00:00,W,18,260400699.22
cn,DK,2022-09-01 00:00:00,S,154,1465498560.98
cn,DK,2022-09-01 00:00:00,U,85,566538367.8600001
cn,DK,2022-09-01 00:00:00,W,32,703392631.4499999
cn,DK,2022-10-01 00:00:00,S,136,543329091.28
cn,DK,2022-10-01 00:00:00,U,104,1052909233.5899998
cn,DK,2022-10-01 00:00:00,W,34,1333661986.03
cn,DK,2022-11-01 00:00:00,S,134,2371108777.1600003
cn,DK,2022-11-01 00:00:00,U,85,499644432.17000014
cn,DK,2022-11-01 00:00:00,W,56,822327013.58
cn,DK,2022-12-01 00:00:00,S,127,579774817.96
cn,DK,2022-12-01 00:00:00,U,72,367185255.08
cn,DK,2022-12-01 00:00:00,W,40,1638685453.67
cn,DK,2023-01-01 00:00:00,S,114,989013526.5599998
cn,DK,2023-01-01 00:00:00,U,65,1751788283.8100002
cn,DK,2023-01-01 00:00:00,W,48,498333405.80999994
cn,DK,2023-02-01 00:00:00,S,136,1033855495.5500001
cn,DK,2023-02-01 00:00:00,U,70,659500307.8100001
cn,DK,2023-02-01 00:00:00,W,32,462440280.57000005
cn,DK,2023-03-01 00:00:00,S,161,1279804645.6899998
cn,DK,2023-03-01 00:00:00,U,90,2257735374.2500005
cn,DK,2023-03-01 00:00:00,W,52,773923571.13
cn,DK,2023-04-01 00:00:00,S,100,363145473.9499999
cn,DK,2023-04-01 00:00:00,U,98,777513722.8700001
cn,DK,2023-04-01 00:00:00,W,29,332047841.92999995
cn,DK,2023-05-01 00:00:00,S,139,1255000969.4499998
cn,DK,2023-05-01 00:00:00,U,114,4625039601.650001
cn,DK,2023-05-01 00:00:00,W,48,593776390.5
cn,DK,2023-06-01 00:00:00,S,110,670120692.01
cn,DK,2023-06-01 00:00:00,U,102,837404073.9899999
cn,DK,2023-06-01 00:00:00,W,44,509979891.35
cn,DK,2023-07-01 00:00:00,S,82,276028148.93
cn,DK,2023-07-01 00:00:00,U,51,4355664430.32
cn,DK,2023-07-01 00:00:00,W,28,503452152.12000006
cn,DK,2023-08-01 00:00:00,S,103,1103208290.28
cn,DK,2023-08-01 00:00:00,U,87,1246916036.8899999
cn,DK,2023-08-01 00:00:00,W,27,167361148.48
cn,DK,2023-09-01 00:00:00,S,147,585083818.3500001
cn,DK,2023-09-01 00:00:00,U,104,5021871302.17
cn,DK,2023-09-01 00:00:00,W,47,624038631.26
cn,EE,2016-01-01 00:00:00,S,14,3180333.0
cn,EE,2016-01-01 00:00:00,U,22,6281400.0
cn,EE,2016-01-01 00:00:00,W,4,200000.0
cn,EE,2016-02-01 00:00:00,S,28,20247145.0
cn,EE,2016-02-01 00:00:00,U,44,5930434.0
cn,EE,2016-02-01 00:00:00,W,3,4800000.0
cn,EE,2016-03-01 00:00:00,S,38,10189416.67
cn,EE,2016-03-01 00:00:00,U,42,15359908.0
cn,EE,2016-03-01 00:00:00,W,5,5150000.0
cn,EE,2016-04-01 00:00:00,S,48,88729399.0
cn,EE,2016-04-01 00:00:00,U,46,32035817.0
cn,EE,2016-04-01 00:00:00,W,7,391682.0
cn,EE,2016-05-01 00:00:00,S,40,48396500.0
cn,EE,2016-05-01 00:00:00,U,45,14440767.0
cn,EE,2016-05-01 00:00:00,W,2,
cn,EE,2016-06-01 00:00:00,S,30,21946709.0
cn,EE,2016-06-01 00:00:00,U,39,13519366.0
cn,EE,2016-06-01 00:00:00,W,6,
cn,EE,2016-07-01 00:00:00,S,37,26212249.0
cn,EE,2016-07-01 00:00:00,U,43,27501750.0
cn,EE,2016-07-01 00:00:00,W,5,10000000.0
cn,EE,2016-08-01 00:00:00,S,33,9479475.0
cn,EE,2016-08-01 00:00:00,U,45,16180300.0
cn,EE,2016-08-01 00:00:00,W,2,29000000.0
cn,EE,2016-09-01 00:00:00,S,29,16421333.0
cn,EE,2016-09-01 00:00:00,U,55,14796409.01
cn,EE,2016-09-01 00:00:00,W,6,
cn,EE,2016-10-01 00:00:00,S,35,51518499.989999995
cn,EE,2016-10-01 00:00:00,U,41,88709646.0
cn,EE,2016-11-01 00:00:00,S,32,26080533.340000004
cn,EE,2016-11-01 00:00:00,U,44,37095400.01
cn,EE,2016-11-01 00:00:00,W,3,
cn,EE,2016-12-01 00:00:00,S,38,75511322.0
cn,EE,2016-12-01 00:00:00,U,41,19859697.0
cn,EE,2016-12-01 00:00:00,W,12,
cn,EE,2017-01-01 00:00:00,S,33,8048000.0
cn,EE,2017-01-01 00:00:00,U,44,17503514.0
cn,EE,2017-01-01 00:00:00,W,12,25500000.0
cn,EE,2017-02-01 00:00:00,S,52,95322860.32
cn,EE,2017-02-01 00:00:00,U,58,32397666.0
cn,EE,2017-02-01 00:00:00,W,5,
cn,EE,2017-03-01 00:00:00,S,48,31914070.009999998
cn,EE,2017-03-01 00:00:00,U,83,30364425.0
cn,EE,2017-03-01 00:00:00,W,12,17650000.0
cn,EE,2017-04-01 00:00:00,S,47,15987000.0
cn,EE,2017-04-01 00:00:00,U,45,35916270.0
cn,EE,2017-04-01 00:00:00,W,4,18937588.0
cn,EE,2017-05-01 00:00:00,S,31,35162550.0
cn,EE,2017-05-01 00:00:00,U,54,23632554.0
cn,EE,2017-05-01 00:00:00,W,7,13473510.0
cn,EE,2017-06-01 00:00:00,S,35,30889000.0
cn,EE,2017-06-01 00:00:00,U,57,17085860.0
cn,EE,2017-06-01 00:00:00,W,10,33825000.0
cn,EE,2017-07-01 00:00:00,S,27,92511864.33
cn,EE,2017-07-01 00:00:00,U,47,89559000.0
cn,EE,2017-07-01 00:00:00,W,7,5900000.0
cn,EE,2017-08-01 00:00:00,S,47,185039980.0
cn,EE,2017-08-01 00:00:00,U,59,33391674.0
cn,EE,2017-08-01 00:00:00,W,12,13770000.0
cn,EE,2017-09-01 00:00:00,S,18,11287500.0
cn,EE,2017-09-01 00:00:00,U,19,9460450.0
cn,EE,2017-09-01 00:00:00,W,1,
cn,EE,2017-10-01 00:00:00,S,29,18747162.0
cn,EE,2017-10-01 00:00:00,U,48,5326000.0
cn,EE,2017-10-01 00:00:00,W,3,3500000.0
cn,EE,2017-11-01 00:00:00,S,36,8028387.16
cn,EE,2017-11-01 00:00:00,U,66,20644833.33
cn,EE,2017-11-01 00:00:00,W,2,44900000.0
cn,EE,2017-12-01 00:00:00,S,25,23557277.0
cn,EE,2017-12-01 00:00:00,U,41,20706858.0
cn,EE,2017-12-01 00:00:00,W,10,13275000.0
cn,EE,2018-01-01 00:00:00,S,36,26721043.0
cn,EE,2018-01-01 00:00:00,U,54,14512400.0
cn,EE,2018-01-01 00:00:00,W,5,7500000.0
cn,EE,2018-02-01 00:00:00,S,36,28992500.0
cn,EE,2018-02-01 00:00:00,U,69,82389167.0
cn,EE,2018-02-01 00:00:00,W,4,22500000.0
cn,EE,2018-03-01 00:00:00,S,40,29643393.0
cn,EE,2018-03-01 00:00:00,U,81,47362966.0
cn,EE,2018-03-01 00:00:00,W,5,7300000.0
cn,EE,2018-04-01 00:00:00,S,42,9349000.0
cn,EE,2018-04-01 00:00:00,U,76,25748940.0
cn,EE,2018-04-01 00:00:00,W,3,17935000.0
cn,EE,2018-05-01 00:00:00,S,41,18566251.5
cn,EE,2018-05-01 00:00:00,U,67,31692600.0
cn,EE,2018-05-01 00:00:00,W,7,16400000.0
cn,EE,2018-06-01 00:00:00,S,46,156037879.0
cn,EE,2018-06-01 00:00:00,U,65,19360700.0
cn,EE,2018-06-01 00:00:00,W,4,5000000.0
cn,EE,2018-07-01 00:00:00,S,47,17283367.0
cn,EE,2018-07-01 00:00:00,U,44,10565000.0
cn,EE,2018-07-01 00:00:00,W,3,10000000.0
cn,EE,2018-08-01 00:00:00,S,36,9780000.0
cn,EE,2018-08-01 00:00:00,U,32,9169330.0
cn,EE,2018-08-01 00:00:00,W,3,14620000.0
cn,EE,2018-09-01 00:00:00,S,62,9311810.0
cn,EE,2018-09-01 00:00:00,U,63,12293167.0
cn,EE,2018-09-01 00:00:00,W,1,
cn,EE,2018-10-01 00:00:00,S,55,17409323.0
cn,EE,2018-10-01 00:00:00,U,66,25917370.0
cn,EE,2018-10-01 00:00:00,W,9,640000.0
cn,EE,2018-11-01 00:00:00,S,62,33866454.0
cn,EE,2018-11-01 00:00:00,U,61,12456533.1
cn,EE,2018-11-01 00:00:00,W,10,70090865.0
cn,EE,2018-12-01 00:00:00,S,42,36752084.0
cn,EE,2018-12-01 00:00:00,U,46,41783898.230000004
cn,EE,2018-12-01 00:00:00,W,9,49101360.0
cn,EE,2019-01-01 00:00:00,S,45,19031584.0
cn,EE,2019-01-01 00:00:00,U,61,15029691.0
cn,EE,2019-01-01 00:00:00,W,3,36547501.44
cn,EE,2019-02-01 00:00:00,S,48,15222040.0
cn,EE,2019-02-01 00:00:00,U,79,7076500.0
cn,EE,2019-02-01 00:00:00,W,5,47890000.0
cn,EE,2019-03-01 00:00:00,S,69,27306583.0
cn,EE,2019-03-01 00:00:00,U,57,6714367.0
cn,EE,2019-03-01 00:00:00,W,8,9999900.0
cn,EE,2019-04-01 00:00:00,S,58,100313698.78999999
cn,EE,2019-04-01 00:00:00,U,65,9874000.0
cn,EE,2019-04-01 00:00:00,W,5,24371000.0
cn,EE,2019-05-01 00:00:00,S,57,313349425.0
cn,EE,2019-05-01 00:00:00,U,66,22114285.0
cn,EE,2019-05-01 00:00:00,W,4,12850000.0
cn,EE,2019-06-01 00:00:00,S,42,10072711.0
cn,EE,2019-06-01 00:00:00,U,55,7313300.0
cn,EE,2019-06-01 00:00:00,W,4,20435000.0
cn,EE,2019-07-01 00:00:00,S,49,15446783.33
cn,EE,2019-07-01 00:00:00,U,44,41694000.0
cn,EE,2019-07-01 00:00:00,W,7,1640000.0
cn,EE,2019-08-01 00:00:00,S,31,11879661.2
cn,EE,2019-08-01 00:00:00,U,36,6844600.0
cn,EE,2019-08-01 00:00:00,W,4,3394754.0
cn,EE,2019-09-01 00:00:00,S,39,28404366.0
cn,EE,2019-09-01 00:00:00,U,47,32602000.0
cn,EE,2019-09-01 00:00:00,W,2,6500000.0
cn,EE,2019-10-01 00:00:00,S,64,23363600.0
cn,EE,2019-10-01 00:00:00,U,68,10960453.0
cn,EE,2019-10-01 00:00:00,W,9,30494509.0
cn,EE,2019-11-01 00:00:00,S,46,44063996.0
cn,EE,2019-11-01 00:00:00,U,48,12185932.0
cn,EE,2019-11-01 00:00:00,W,7,5880000.0
cn,EE,2019-12-01 00:00:00,S,34,22229438.8
cn,EE,2019-12-01 00:00:00,U,48,4133600.0
cn,EE,2019-12-01 00:00:00,W,6,103773272.0
cn,EE,2020-01-01 00:00:00,S,55,10485010.0
cn,EE,2020-01-01 00:00:00,U,52,50034000.0
cn,EE,2020-01-01 00:00:00,W,9,59182026.0
cn,EE,2020-02-01 00:00:00,S,76,34572218.0
cn,EE,2020-02-01 00:00:00,U,50,47833000.0
cn,EE,2020-02-01 00:00:00,W,6,15000000.0
cn,EE,2020-03-01 00:00:00,S,69,14180784.0
cn,EE,2020-03-01 00:00:00,U,67,25849468.0
cn,EE,2020-03-01 00:00:00,W,8,11820562.0
cn,EE,2020-04-01 00:00:00,S,66,16248750.0
cn,EE,2020-04-01 00:00:00,U,58,57090000.0
cn,EE,2020-04-01 00:00:00,W,1,
cn,EE,2020-05-01 00:00:00,S,49,33530250.0
cn,EE,2020-05-01 00:00:00,U,63,16058470.0
cn,EE,2020-05-01 00:00:00,W,4,120000.0
cn,EE,2020-06-01 00:00:00,S,64,59447358.0
cn,EE,2020-06-01 00:00:00,U,42,95371200.0
cn,EE,2020-06-01 00:00:00,W,8,8705000.0
cn,EE,2020-07-01 00:00:00,S,63,45466033.0
cn,EE,2020-07-01 00:00:00,U,56,46352500.0
cn,EE,2020-07-01 00:00:00,W,10,5637372.29
cn,EE,2020-08-01 00:00:00,S,48,31255000.0
cn,EE,2020-08-01 00:00:00,U,38,28910000.0
cn,EE,2020-08-01 00:00:00,W,6,46433553.01
cn,EE,2020-09-01 00:00:00,S,54,135185333.32999998
cn,EE,2020-09-01 00:00:00,U,61,71653600.0
cn,EE,2020-10-01 00:00:00,S,53,37991400.0
cn,EE,2020-10-01 00:00:00,U,82,14763064.0
cn,EE,2020-10-01 00:00:00,W,10,73642545.0
cn,EE,2020-11-01 00:00:00,S,61,20069694.0
cn,EE,2020-11-01 00:00:00,U,51,20932100.0
cn,EE,2020-11-01 00:00:00,W,5,69388886.0
cn,EE,2020-12-01 00:00:00,S,53,45973666.67
cn,EE,2020-12-01 00:00:00,U,75,37380700.0
cn,EE,2020-12-01 00:00:00,W,4,43742755.0
cn,EE,2021-01-01 00:00:00,S,60,17144600.0
cn,EE,2021-01-01 00:00:00,U,48,10333100.0
cn,EE,2021-01-01 00:00:00,W,9,35679000.0
cn,EE,2021-02-01 00:00:00,S,60,38526774.66
cn,EE,2021-02-01 00:00:00,U,65,25022161.0
cn,EE,2021-02-01 00:00:00,W,4,3745000.0
cn,EE,2021-03-01 00:00:00,S,79,32196410.0
cn,EE,2021-03-01 00:00:00,U,69,27709500.0
cn,EE,2021-03-01 00:00:00,W,8,34350000.0
cn,EE,2021-04-01 00:00:00,S,71,55912410.0
cn,EE,2021-04-01 00:00:00,U,72,47429000.0
cn,EE,2021-04-01 00:00:00,W,7,6500000.0
cn,EE,2021-05-01 00:00:00,S,81,64292497.0
cn,EE,2021-05-01 00:00:00,U,69,22977404.0
cn,EE,2021-05-01 00:00:00,W,1,
cn,EE,2021-06-01 00:00:00,S,78,54020103.0
cn,EE,2021-06-01 00:00:00,U,69,68850900.0
cn,EE,2021-06-01 00:00:00,W,7,5999266.0
cn,EE,2021-07-01 00:00:00,S,49,16293658.67
cn,EE,2021-07-01 00:00:00,U,46,91305636.5
cn,EE,2021-07-01 00:00:00,W,6,28350000.0
cn,EE,2021-08-01 00:00:00,S,56,51717831.0
cn,EE,2021-08-01 00:00:00,U,41,9879837.0
cn,EE,2021-08-01 00:00:00,W,12,64941830.0
cn,EE,2021-09-01 00:00:00,S,60,73093404.13
cn,EE,2021-09-01 00:00:00,U,69,17780492.0
cn,EE,2021-09-01 00:00:00,W,4,42040000.0
cn,EE,2021-10-01 00:00:00,S,69,268045407.82999998
cn,EE,2021-10-01 00:00:00,U,70,23223373.66
cn,EE,2021-10-01 00:00:00,W,7,16277000.0
cn,EE,2021-11-01 00:00:00,S,68,136776183.0
cn,EE,2021-11-01 00:00:00,U,67,129988030.0
cn,EE,2021-11-01 00:00:00,W,4,50125000.0
cn,EE,2021-12-01 00:00:00,S,68,61502000.0
cn,EE,2021-12-01 00:00:00,U,60,132758855.0
cn,EE,2021-12-01 00:00:00,W,14,102450800.0
cn,EE,2022-01-01 00:00:00,S,57,56664750.0
cn,EE,2022-01-01 00:00:00,U,45,35702500.0
cn,EE,2022-01-01 00:00:00,W,8,8234308.0
cn,EE,2022-02-01 00:00:00,S,55,70638850.0
cn,EE,2022-02-01 00:00:00,U,66,808517700.0
cn,EE,2022-02-01 00:00:00,W,7,10620000.0
cn,EE,2022-03-01 00:00:00,S,70,60336948.0
cn,EE,2022-03-01 00:00:00,U,76,73145430.0
cn,EE,2022-03-01 00:00:00,W,9,27050000.0
cn,EE,2022-04-01 00:00:00,S,70,122774641.33
cn,EE,2022-04-01 00:00:00,U,79,161236955.0
cn,EE,2022-04-01 00:00:00,W,12,15287203.0
cn,EE,2022-05-01 00:00:00,S,61,42677570.0
cn,EE,2022-05-01 00:00:00,U,83,125262400.0
cn,EE,2022-05-01 00:00:00,W,7,58702500.0
cn,EE,2022-06-01 00:00:00,S,86,130144500.0
cn,EE,2022-06-01 00:00:00,U,68,54467500.0
cn,EE,2022-06-01 00:00:00,W,9,16620074.0
cn,EE,2022-07-01 00:00:00,S,68,87934599.0
cn,EE,2022-07-01 00:00:00,U,75,59336181.0
cn,EE,2022-07-01 00:00:00,W,4,46600000.0
cn,EE,2022-08-01 00:00:00,S,61,131417229.33
cn,EE,2022-08-01 00:00:00,U,70,89478800.0
cn,EE,2022-08-01 00:00:00,W,13,64126978.0
cn,EE,2022-09-01 00:00:00,S,59,272689069.0
cn,EE,2022-09-01 00:00:00,U,92,224672599.79
cn,EE,2022-09-01 00:00:00,W,10,94205000.0
cn,EE,2022-10-01 00:00:00,S,62,69071654.0
cn,EE,2022-10-01 00:00:00,U,83,181551993.0
cn,EE,2022-10-01 00:00:00,W,4,8600000.0
cn,EE,2022-11-01 00:00:00,S,61,57865480.0
cn,EE,2022-11-01 00:00:00,U,80,76930400.0
cn,EE,2022-11-01 00:00:00,W,7,122500000.0
cn,EE,2022-12-01 00:00:00,S,57,406975484.0
cn,EE,2022-12-01 00:00:00,U,71,796070070.0
cn,EE,2022-12-01 00:00:00,W,11,91990745.53
cn,EE,2023-01-01 00:00:00,S,63,79253095.0
cn,EE,2023-01-01 00:00:00,U,59,118210605.0
cn,EE,2023-01-01 00:00:00,W,13,15649025.0
cn,EE,2023-02-01 00:00:00,S,79,217977776.0
cn,EE,2023-02-01 00:00:00,U,73,223643084.0
cn,EE,2023-02-01 00:00:00,W,10,31060371.0
cn,EE,2023-03-01 00:00:00,S,98,140350808.0
cn,EE,2023-03-01 00:00:00,U,96,72452860.0
cn,EE,2023-03-01 00:00:00,W,8,23600000.0
cn,EE,2023-04-01 00:00:00,S,74,78958083.0
cn,EE,2023-04-01 00:00:00,U,77,78011200.0
cn,EE,2023-04-01 00:00:00,W,13,25310000.0
cn,EE,2023-05-01 00:00:00,S,23,20363500.0
cn,EE,2023-05-01 00:00:00,U,32,252036850.0
cn,EE,2023-05-01 00:00:00,W,6,27459000.0
cn,EE,2023-07-01 00:00:00,S,1,700000.0
cn,EE,2023-09-01 00:00:00,S,1,1700000.0
cn,ES,2016-01-01 00:00:00,S,279,755574314.92
cn,ES,2016-01-01 00:00:00,U,153,252191362.84999993
cn,ES,2016-01-01 00:00:00,W,14,174462325.87
cn,ES,2016-02-01 00:00:00,S,409,681530334.39
cn,ES,2016-02-01 00:00:00,U,241,541522809.59
cn,ES,2016-02-01 00:00:00,W,13,257262231.91
cn,ES,2016-03-01 00:00:00,S,507,1668523755.1299999
cn,ES,2016-03-01 00:00:00,U,270,566962295.46
cn,ES,2016-03-01 00:00:00,W,29,769679618.25
cn,ES,2016-04-01 00:00:00,S,571,2269328074.77
cn,ES,2016-04-01 00:00:00,U,350,1833923641.33
cn,ES,2016-04-01 00:00:00,W,13,182133302.31
cn,ES,2016-05-01 00:00:00,S,533,2692747141.7500005
cn,ES,2016-05-01 00:00:00,U,263,632517189.36
cn,ES,2016-05-01 00:00:00,W,19,180244507.61
cn,ES,2016-06-01 00:00:00,S,730,1975894098.71
cn,ES,2016-06-01 00:00:00,U,344,1703296964.6999998
cn,ES,2016-06-01 00:00:00,W,26,386139166.69
cn,ES,2016-07-01 00:00:00,S,865,4832258379.42
cn,ES,2016-07-01 00:00:00,U,397,1272109658.04
cn,ES,2016-07-01 00:00:00,W,23,278795002.39000005
cn,ES,2016-08-01 00:00:00,S,571,1946087299.55
cn,ES,2016-08-01 00:00:00,U,327,804502933.04
cn,ES,2016-08-01 00:00:00,W,14,70624391.22999999
cn,ES,2016-09-01 00:00:00,S,632,2757915072.3199997
cn,ES,2016-09-01 00:00:00,U,356,716535081.85
cn,ES,2016-09-01 00:00:00,W,18,168646019.87999997
cn,ES,2016-10-01 00:00:00,S,621,2671236316.1299996
cn,ES,2016-10-01 00:00:00,U,305,588970282.13
cn,ES,2016-10-01 00:00:00,W,22,85112969.82999998
cn,ES,2016-11-01 00:00:00,S,599,1906933731.8300004
cn,ES,2016-11-01 00:00:00,U,290,744022931.0
cn,ES,2016-11-01 00:00:00,W,13,130230732.2
cn,ES,2016-12-01 00:00:00,S,635,2475284040.8
cn,ES,2016-12-01 00:00:00,U,301,2035790500.3500004
cn,ES,2016-12-01 00:00:00,W,34,438558447.85999995
cn,ES,2017-01-01 00:00:00,S,487,1605815690.2800002
cn,ES,2017-01-01 00:00:00,U,220,650629536.26
cn,ES,2017-01-01 00:00:00,W,23,189544641.94000003
cn,ES,2017-02-01 00:00:00,S,541,1261497330.62
cn,ES,2017-02-01 00:00:00,U,298,473362831.01
cn,ES,2017-02-01 00:00:00,W,22,157852388.18
cn,ES,2017-03-01 00:00:00,S,776,3111563867.48
cn,ES,2017-03-01 00:00:00,U,388,807503255.51
cn,ES,2017-03-01 00:00:00,W,23,156807681.72
cn,ES,2017-04-01 00:00:00,S,646,2784236618.9100003
cn,ES,2017-04-01 00:00:00,U,390,746774161.1999998
cn,ES,2017-04-01 00:00:00,W,17,141171311.3
cn,ES,2017-05-01 00:00:00,S,865,2923911856.129999
cn,ES,2017-05-01 00:00:00,U,438,1110062253.38
cn,ES,2017-05-01 00:00:00,W,29,371951518.65999997
cn,ES,2017-06-01 00:00:00,S,791,2827122384.3399997
cn,ES,2017-06-01 00:00:00,U,481,1472683707.4500003
cn,ES,2017-06-01 00:00:00,W,25,260525327.28
cn,ES,2017-07-01 00:00:00,S,938,3268409681.52
cn,ES,2017-07-01 00:00:00,U,506,1443146749.6499999
cn,ES,2017-07-01 00:00:00,W,42,443913085.04999995
cn,ES,2017-08-01 00:00:00,S,603,2688700100.49
cn,ES,2017-08-01 00:00:00,U,355,883177874.4699999
cn,ES,2017-08-01 00:00:00,W,32,384579703.26
cn,ES,2017-09-01 00:00:00,S,606,2237333400.04
cn,ES,2017-09-01 00:00:00,U,334,852489239.47
cn,ES,2017-09-01 00:00:00,W,27,223556932.59
cn,ES,2017-10-01 00:00:00,S,776,2720249166.95
cn,ES,2017-10-01 00:00:00,U,382,1579135049.27
cn,ES,2017-10-01 00:00:00,W,24,653743239.78
cn,ES,2017-11-01 00:00:00,S,720,1883168566.7899997
cn,ES,2017-11-01 00:00:00,U,328,877711027.99
cn,ES,2017-11-01 00:00:00,W,27,356319627.4199999
cn,ES,2017-12-01 00:00:00,S,642,2664234091.5899997
cn,ES,2017-12-01 00:00:00,U,322,1024900919.83
cn,ES,2017-12-01 00:00:00,W,53,875242417.78
cn,ES,2018-01-01 00:00:00,S,582,2326610011.64
cn,ES,2018-01-01 00:00:00,U,299,765612886.0699999
cn,ES,2018-01-01 00:00:00,W,35,1048244550.5
cn,ES,2018-02-01 00:00:00,S,1044,8346529141.6900015
cn,ES,2018-02-01 00:00:00,U,578,2425720756.17
cn,ES,2018-02-01 00:00:00,W,38,436950963.22
cn,ES,2018-03-01 00:00:00,S,1238,5234018000.349999
cn,ES,2018-03-01 00:00:00,U,588,2442246886.1699996
cn,ES,2018-03-01 00:00:00,W,54,609669891.0099999
cn,ES,2018-04-01 00:00:00,S,188,537875920.1700001
cn,ES,2018-04-01 00:00:00,U,86,283110174.04
cn,ES,2018-04-01 00:00:00,W,8,74940937.75
cn,ES,2018-05-01 00:00:00,S,362,1199172703.02
cn,ES,2018-05-01 00:00:00,U,212,1383211850.91
cn,ES,2018-05-01 00:00:00,W,14,240088370.34
cn,ES,2018-05-01 00:00:00,,1,
cn,ES,2018-06-01 00:00:00,S,471,1603228975.6600003
cn,ES,2018-06-01 00:00:00,U,286,1031700750.17
cn,ES,2018-06-01 00:00:00,W,32,535288055.59000003
cn,ES,2018-07-01 00:00:00,S,755,4930398423.170001
cn,ES,2018-07-01 00:00:00,U,468,1398110198.8500001
cn,ES,2018-07-01 00:00:00,W,40,1502086523.1
cn,ES,2018-08-01 00:00:00,S,632,3392774192.67
cn,ES,2018-08-01 00:00:00,U,384,1317855165.3499997
cn,ES,2018-08-01 00:00:00,W,35,942871383.4399999
cn,ES,2018-09-01 00:00:00,S,565,1955334114.0899997
cn,ES,2018-09-01 00:00:00,U,351,1239934299.7299998
cn,ES,2018-09-01 00:00:00,W,19,188080161.52999997
cn,ES,2018-10-01 00:00:00,S,901,2657248943.13
cn,ES,2018-10-01 00:00:00,U,473,1789462887.4600003
cn,ES,2018-10-01 00:00:00,W,32,782631482.9599999
cn,ES,2018-11-01 00:00:00,S,713,6189087814.21
cn,ES,2018-11-01 00:00:00,U,436,1249273330.4
cn,ES,2018-11-01 00:00:00,W,36,443246252.0800001
cn,ES,2018-12-01 00:00:00,S,754,3404978940.78
cn,ES,2018-12-01 00:00:00,U,421,1702042810.9699996
cn,ES,2018-12-01 00:00:00,W,65,1466530177.6299996
cn,ES,2019-01-01 00:00:00,S,692,3028200126.0899997
cn,ES,2019-01-01 00:00:00,U,326,683890104.49
cn,ES,2019-01-01 00:00:00,W,33,974531846.01
cn,ES,2019-02-01 00:00:00,S,656,2280333145.74
cn,ES,2019-02-01 00:00:00,U,390,1269230508.4800003
cn,ES,2019-02-01 00:00:00,W,27,302412061.04
cn,ES,2019-03-01 00:00:00,S,824,3606740190.910001
cn,ES,2019-03-01 00:00:00,U,504,1521409069.0599997
cn,ES,2019-03-01 00:00:00,W,42,645939265.12
cn,ES,2019-04-01 00:00:00,S,913,4069105545.880001
cn,ES,2019-04-01 00:00:00,U,511,7329603977.240002
cn,ES,2019-04-01 00:00:00,W,42,602884120.35
cn,ES,2019-05-01 00:00:00,S,1052,4124098628.5899997
cn,ES,2019-05-01 00:00:00,U,577,4817798778.969999
cn,ES,2019-05-01 00:00:00,W,43,633274275.8199999
cn,ES,2019-06-01 00:00:00,S,822,2624163371.2
cn,ES,2019-06-01 00:00:00,U,499,1083979998.69
cn,ES,2019-06-01 00:00:00,W,31,401654126.03000003
cn,ES,2019-07-01 00:00:00,S,1039,18524923053.05
cn,ES,2019-07-01 00:00:00,U,593,2514096609.84
cn,ES,2019-07-01 00:00:00,W,33,1011284579.0099999
cn,ES,2019-08-01 00:00:00,S,639,1809368632.5400002
cn,ES,2019-08-01 00:00:00,U,352,881729277.0200002
cn,ES,2019-08-01 00:00:00,W,26,765488498.7600002
cn,ES,2019-09-01 00:00:00,S,679,1960529480.36
cn,ES,2019-09-01 00:00:00,U,400,720791501.8199999
cn,ES,2019-09-01 00:00:00,W,24,521501364.7900001
cn,ES,2019-10-01 00:00:00,S,937,3205088276.9999995
cn,ES,2019-10-01 00:00:00,U,504,1288016171.9300003
cn,ES,2019-10-01 00:00:00,W,26,403487537.68
cn,ES,2019-11-01 00:00:00,S,824,2951670633.2400002
cn,ES,2019-11-01 00:00:00,U,399,1193442150.8699996
cn,ES,2019-11-01 00:00:00,W,19,202127676.5
cn,ES,2019-12-01 00:00:00,S,916,3777387998.2500005
cn,ES,2019-12-01 00:00:00,U,467,1107787784.63
cn,ES,2019-12-01 00:00:00,W,50,1100282017.95
cn,ES,2020-01-01 00:00:00,S,681,2548051101.9600005
cn,ES,2020-01-01 00:00:00,U,382,714240117.86
cn,ES,2020-01-01 00:00:00,W,23,661877034.26
cn,ES,2020-02-01 00:00:00,S,783,2391977892.15
cn,ES,2020-02-01 00:00:00,U,388,907930394.7200001
cn,ES,2020-02-01 00:00:00,W,39,518664285.2
cn,ES,2020-03-01 00:00:00,S,481,1831021401.5000002
cn,ES,2020-03-01 00:00:00,U,245,625714169.16
cn,ES,2020-03-01 00:00:00,W,17,316037412.37
cn,ES,2020-04-01 00:00:00,S,235,1023153218.11
cn,ES,2020-04-01 00:00:00,U,134,724484709.43
cn,ES,2020-04-01 00:00:00,W,10,295894424.76
cn,ES,2020-05-01 00:00:00,S,1098,3559403029.17
cn,ES,2020-05-01 00:00:00,U,564,1055522849.6299999
cn,ES,2020-05-01 00:00:00,W,30,371796986.15999997
cn,ES,2020-06-01 00:00:00,S,1134,2934491127.0499997
cn,ES,2020-06-01 00:00:00,U,604,2016917557.29
cn,ES,2020-06-01 00:00:00,W,23,399755312.53999996
cn,ES,2020-07-01 00:00:00,S,1237,3746774701.3499994
cn,ES,2020-07-01 00:00:00,U,565,1814855618.4200003
cn,ES,2020-07-01 00:00:00,W,38,452985234.29999995
cn,ES,2020-08-01 00:00:00,S,773,3168284848.77
cn,ES,2020-08-01 00:00:00,U,370,2328051658.04
cn,ES,2020-08-01 00:00:00,W,18,306810151.22
cn,ES,2020-09-01 00:00:00,S,804,4138638667.7000003
cn,ES,2020-09-01 00:00:00,U,401,901360454.5000001
cn,ES,2020-09-01 00:00:00,W,24,394490469.62
cn,ES,2020-10-01 00:00:00,S,917,3486983245.4700003
cn,ES,2020-10-01 00:00:00,U,454,1181052898.6899998
cn,ES,2020-10-01 00:00:00,W,40,431798968.80999994
cn,ES,2020-11-01 00:00:00,S,941,2927845027.06
cn,ES,2020-11-01 00:00:00,U,426,1653101633.12
cn,ES,2020-11-01 00:00:00,W,37,629867577.75
cn,ES,2020-12-01 00:00:00,S,1067,4077808468.1800003
cn,ES,2020-12-01 00:00:00,U,480,1526328668.0500002
cn,ES,2020-12-01 00:00:00,W,75,1284830080.8
cn,ES,2021-01-01 00:00:00,S,635,3379791547.33
cn,ES,2021-01-01 00:00:00,U,303,2153274981.77
cn,ES,2021-01-01 00:00:00,W,49,562463079.6800001
cn,ES,2021-02-01 00:00:00,S,796,3627467868.2700005
cn,ES,2021-02-01 00:00:00,U,397,1707352228.26
cn,ES,2021-02-01 00:00:00,W,32,629889053.72
cn,ES,2021-03-01 00:00:00,S,1155,5065606915.37
cn,ES,2021-03-01 00:00:00,U,535,891039562.5099999
cn,ES,2021-03-01 00:00:00,W,39,450084928.3
cn,ES,2021-04-01 00:00:00,S,1058,4374839294.190001
cn,ES,2021-04-01 00:00:00,U,541,1885093177.15
cn,ES,2021-04-01 00:00:00,W,57,1158202509.77
cn,ES,2021-05-01 00:00:00,S,1200,4706314781.08
cn,ES,2021-05-01 00:00:00,U,557,1333295703.0300002
cn,ES,2021-05-01 00:00:00,W,57,799705899.4300001
cn,ES,2021-06-01 00:00:00,S,1197,3788918948.69
cn,ES,2021-06-01 00:00:00,U,637,1420731788.4799998
cn,ES,2021-06-01 00:00:00,W,58,895891606.54
cn,ES,2021-07-01 00:00:00,S,1291,416591974332.05005
cn,ES,2021-07-01 00:00:00,U,719,3666621158.0899997
cn,ES,2021-07-01 00:00:00,W,74,1589766119.9399998
cn,ES,2021-08-01 00:00:00,S,810,4421969495.46
cn,ES,2021-08-01 00:00:00,U,471,1401107207.01
cn,ES,2021-08-01 00:00:00,W,51,578044717.5600001
cn,ES,2021-09-01 00:00:00,S,955,4963439392.390001
cn,ES,2021-09-01 00:00:00,U,598,1805176139.3999999
cn,ES,2021-09-01 00:00:00,W,40,744346591.25
cn,ES,2021-10-01 00:00:00,S,986,3850922368.7799997
cn,ES,2021-10-01 00:00:00,U,534,1986893141.4899998
cn,ES,2021-10-01 00:00:00,W,67,1726306821.3899999
cn,ES,2021-11-01 00:00:00,S,983,4002815924.3200006
cn,ES,2021-11-01 00:00:00,U,531,2162098740.5499997
cn,ES,2021-11-01 00:00:00,W,46,927987869.5500002
cn,ES,2021-12-01 00:00:00,S,1092,12069152221.8
cn,ES,2021-12-01 00:00:00,U,526,2129623191.7200003
cn,ES,2021-12-01 00:00:00,W,84,1404570588.0399997
cn,ES,2022-01-01 00:00:00,S,674,3553969657.4299994
cn,ES,2022-01-01 00:00:00,U,327,2228948200.02
cn,ES,2022-01-01 00:00:00,W,50,1431712862.84
cn,ES,2022-02-01 00:00:00,S,843,3229693720.9599996
cn,ES,2022-02-01 00:00:00,U,443,2316853360.84
cn,ES,2022-02-01 00:00:00,W,45,912905974.93
cn,ES,2022-03-01 00:00:00,S,1116,2715093948.7599998
cn,ES,2022-03-01 00:00:00,U,725,2022750364.7600002
cn,ES,2022-03-01 00:00:00,W,54,991269349.8900001
cn,ES,2022-04-01 00:00:00,S,1070,3954704349.1299996
cn,ES,2022-04-01 00:00:00,U,644,2429559645.6600003
cn,ES,2022-04-01 00:00:00,W,59,880192789.0899999
cn,ES,2022-05-01 00:00:00,S,1225,5560321449.659999
cn,ES,2022-05-01 00:00:00,U,719,2936112411.140001
cn,ES,2022-05-01 00:00:00,W,72,1211613737.9499998
cn,ES,2022-06-01 00:00:00,S,1233,6044164403.160001
cn,ES,2022-06-01 00:00:00,U,818,2088602752.6699998
cn,ES,2022-06-01 00:00:00,W,79,1434221082.1200001
cn,ES,2022-07-01 00:00:00,S,1278,5239545186.45
cn,ES,2022-07-01 00:00:00,U,752,5542667698.87
cn,ES,2022-07-01 00:00:00,W,72,4392531271.519999
cn,ES,2022-08-01 00:00:00,S,843,3115342873.0700006
cn,ES,2022-08-01 00:00:00,U,641,1854791614.72
cn,ES,2022-08-01 00:00:00,W,52,1111601246.2900002
cn,ES,2022-09-01 00:00:00,S,996,5468913820.860001
cn,ES,2022-09-01 00:00:00,U,706,4878982032.919999
cn,ES,2022-09-01 00:00:00,W,55,785740623.3299999
cn,ES,2022-10-01 00:00:00,S,1017,3478318677.8600006
cn,ES,2022-10-01 00:00:00,U,646,2646382170.9800005
cn,ES,2022-10-01 00:00:00,W,73,1377898855.6699996
cn,ES,2022-11-01 00:00:00,S,1085,3700855523.96
cn,ES,2022-11-01 00:00:00,U,692,5269642007.2
cn,ES,2022-11-01 00:00:00,W,67,1450479702.5
cn,ES,2022-12-01 00:00:00,S,1232,6087644844.750001
cn,ES,2022-12-01 00:00:00,U,658,2285672175.5099998
cn,ES,2022-12-01 00:00:00,W,87,2016622812.2
cn,ES,2023-01-01 00:00:00,S,762,3585398894.84
cn,ES,2023-01-01 00:00:00,U,472,1494299327.5
cn,ES,2023-01-01 00:00:00,W,59,722823107.8999999
cn,ES,2023-02-01 00:00:00,S,941,6280387182.18
cn,ES,2023-02-01 00:00:00,U,539,4944388782.33
cn,ES,2023-02-01 00:00:00,W,46,677673424.3100001
cn,ES,2023-03-01 00:00:00,S,1439,5955382066.08
cn,ES,2023-03-01 00:00:00,U,790,4247900266.8700004
cn,ES,2023-03-01 00:00:00,W,79,1431918288.3600001
cn,ES,2023-04-01 00:00:00,S,1082,4481753062.539999
cn,ES,2023-04-01 00:00:00,U,623,2154315728.56
cn,ES,2023-04-01 00:00:00,W,63,1041599458.14
cn,ES,2023-05-01 00:00:00,S,1470,6707672577.049999
cn,ES,2023-05-01 00:00:00,U,778,2427106245.6600003
cn,ES,2023-05-01 00:00:00,W,78,1890612523.4399998
cn,ES,2023-06-01 00:00:00,S,1220,3681215305.9500003
cn,ES,2023-06-01 00:00:00,U,781,4140141071.02
cn,ES,2023-06-01 00:00:00,W,65,1786128835.9400003
cn,ES,2023-07-01 00:00:00,S,1203,6182940524.27
cn,ES,2023-07-01 00:00:00,U,732,3531445644.26
cn,ES,2023-07-01 00:00:00,W,80,2059058717.21
cn,ES,2023-08-01 00:00:00,S,785,3234488335.07
cn,ES,2023-08-01 00:00:00,U,566,1846043550.26
cn,ES,2023-08-01 00:00:00,W,35,602176752.23
cn,ES,2023-09-01 00:00:00,S,1008,4350568100.45
cn,ES,2023-09-01 00:00:00,U,622,1837429390.44
cn,ES,2023-09-01 00:00:00,W,40,1470165899.03
cn,FI,2016-01-01 00:00:00,S,115,107355000.0
cn,FI,2016-01-01 00:00:00,U,90,14740000.0
cn,FI,2016-01-01 00:00:00,W,43,281400000.0
cn,FI,2016-02-01 00:00:00,S,153,102135000.0
cn,FI,2016-02-01 00:00:00,U,109,14715000.0
cn,FI,2016-02-01 00:00:00,W,64,130500000.0
cn,FI,2016-03-01 00:00:00,S,193,75254000.0
cn,FI,2016-03-01 00:00:00,U,111,49832000.0
cn,FI,2016-03-01 00:00:00,W,65,195960000.0
cn,FI,2016-04-01 00:00:00,S,239,168615500.0
cn,FI,2016-04-01 00:00:00,U,149,62540000.0
cn,FI,2016-04-01 00:00:00,W,57,338100000.0
cn,FI,2016-05-01 00:00:00,S,121,277156622.0
cn,FI,2016-05-01 00:00:00,U,72,191993619.0
cn,FI,2016-05-01 00:00:00,W,28,323240000.0
cn,FI,2016-06-01 00:00:00,S,194,648276005.0
cn,FI,2016-06-01 00:00:00,U,124,268687992.0
cn,FI,2016-06-01 00:00:00,W,32,275180000.0
cn,FI,2016-07-01 00:00:00,S,86,805934709.0
cn,FI,2016-07-01 00:00:00,U,57,133408722.0
cn,FI,2016-07-01 00:00:00,W,9,55640000.0
cn,FI,2016-08-01 00:00:00,S,116,503091146.0
cn,FI,2016-08-01 00:00:00,U,60,58552283.0
cn,FI,2016-08-01 00:00:00,W,14,37060000.0
cn,FI,2016-09-01 00:00:00,S,199,497153202.0
cn,FI,2016-09-01 00:00:00,U,102,209374573.0
cn,FI,2016-09-01 00:00:00,W,25,363880000.0
cn,FI,2016-10-01 00:00:00,S,253,548690298.0
cn,FI,2016-10-01 00:00:00,U,104,389428846.0
cn,FI,2016-10-01 00:00:00,W,32,207850000.0
cn,FI,2016-11-01 00:00:00,S,186,181492655.0
cn,FI,2016-11-01 00:00:00,U,101,127964162.0
cn,FI,2016-11-01 00:00:00,W,32,149070001.0
cn,FI,2016-12-01 00:00:00,S,161,292918458.0
cn,FI,2016-12-01 00:00:00,U,88,284229002.0
cn,FI,2016-12-01 00:00:00,W,36,385266701.0
cn,FI,2017-01-01 00:00:00,S,129,487851502.0
cn,FI,2017-01-01 00:00:00,U,59,62908302.0
cn,FI,2017-01-01 00:00:00,W,43,404930000.0
cn,FI,2017-02-01 00:00:00,S,186,268123001.0
cn,FI,2017-02-01 00:00:00,U,111,695460272.0
cn,FI,2017-02-01 00:00:00,W,41,162400000.0
cn,FI,2017-03-01 00:00:00,S,246,318598983.0
cn,FI,2017-03-01 00:00:00,U,120,171620240.0
cn,FI,2017-03-01 00:00:00,W,81,740749000.0
cn,FI,2017-04-01 00:00:00,S,191,360093573.0
cn,FI,2017-04-01 00:00:00,U,104,75947991.0
cn,FI,2017-04-01 00:00:00,W,28,129950000.0
cn,FI,2017-05-01 00:00:00,S,176,204185001.0
cn,FI,2017-05-01 00:00:00,U,108,170965001.0
cn,FI,2017-05-01 00:00:00,W,53,271410000.0
cn,FI,2017-06-01 00:00:00,S,237,427284002.0
cn,FI,2017-06-01 00:00:00,U,147,373733003.0
cn,FI,2017-06-01 00:00:00,W,44,265961541.0
cn,FI,2017-07-01 00:00:00,S,101,157209300.0
cn,FI,2017-07-01 00:00:00,U,58,70914192.0
cn,FI,2017-07-01 00:00:00,W,14,91300000.0
cn,FI,2017-08-01 00:00:00,S,115,215752701.0
cn,FI,2017-08-01 00:00:00,U,63,40641186.0
cn,FI,2017-08-01 00:00:00,W,24,152880000.0
cn,FI,2017-09-01 00:00:00,S,155,186231000.0
cn,FI,2017-09-01 00:00:00,U,97,122753003.0
cn,FI,2017-09-01 00:00:00,W,28,371050000.0
cn,FI,2017-10-01 00:00:00,S,252,173381646.0
cn,FI,2017-10-01 00:00:00,U,114,492718246.0
cn,FI,2017-10-01 00:00:00,W,49,240335500.0
cn,FI,2017-11-01 00:00:00,S,205,492433001.0
cn,FI,2017-11-01 00:00:00,U,96,286356003.0
cn,FI,2017-11-01 00:00:00,W,32,176950000.0
cn,FI,2017-12-01 00:00:00,S,151,138883760.0
cn,FI,2017-12-01 00:00:00,U,77,41104662.0
cn,FI,2017-12-01 00:00:00,W,51,198590000.0
cn,FI,2018-01-01 00:00:00,S,165,328128000.0
cn,FI,2018-01-01 00:00:00,U,59,25655000.0
cn,FI,2018-01-01 00:00:00,W,49,199360000.0
cn,FI,2018-02-01 00:00:00,S,208,269558067.0
cn,FI,2018-02-01 00:00:00,U,123,54930005.0
cn,FI,2018-02-01 00:00:00,W,91,243550000.0
cn,FI,2018-03-01 00:00:00,S,296,340504000.0
cn,FI,2018-03-01 00:00:00,U,125,55368683.0
cn,FI,2018-03-01 00:00:00,W,76,374495000.0
cn,FI,2018-04-01 00:00:00,S,338,292711485.18
cn,FI,2018-04-01 00:00:00,U,96,335162633.0
cn,FI,2018-04-01 00:00:00,W,47,169015000.0
cn,FI,2018-05-01 00:00:00,S,206,714833000.0
cn,FI,2018-05-01 00:00:00,U,97,114466000.0
cn,FI,2018-05-01 00:00:00,W,39,249897000.0
cn,FI,2018-06-01 00:00:00,S,215,301512740.0
cn,FI,2018-06-01 00:00:00,U,114,105746002.0
cn,FI,2018-06-01 00:00:00,W,36,90940000.0
cn,FI,2018-07-01 00:00:00,S,129,489489900.0
cn,FI,2018-07-01 00:00:00,U,69,38951000.0
cn,FI,2018-07-01 00:00:00,W,19,52600000.0
cn,FI,2018-08-01 00:00:00,S,116,615020300.0
cn,FI,2018-08-01 00:00:00,U,56,72454000.0
cn,FI,2018-08-01 00:00:00,W,33,182065000.0
cn,FI,2018-09-01 00:00:00,S,196,379263545.0
cn,FI,2018-09-01 00:00:00,U,86,117923800.0
cn,FI,2018-09-01 00:00:00,W,32,460139000.0
cn,FI,2018-10-01 00:00:00,S,295,287180001.0
cn,FI,2018-10-01 00:00:00,U,127,355318161.0
cn,FI,2018-10-01 00:00:00,W,28,54600000.0
cn,FI,2018-11-01 00:00:00,S,262,194821200.0
cn,FI,2018-11-01 00:00:00,U,96,85275602.0
cn,FI,2018-11-01 00:00:00,W,42,250050000.0
cn,FI,2018-12-01 00:00:00,S,193,311985436.0
cn,FI,2018-12-01 00:00:00,U,86,205732902.0
cn,FI,2018-12-01 00:00:00,W,57,85675000.0
cn,FI,2019-01-01 00:00:00,S,161,322170002.0
cn,FI,2019-01-01 00:00:00,U,90,112656601.0
cn,FI,2019-01-01 00:00:00,W,57,251115000.0
cn,FI,2019-02-01 00:00:00,S,193,131383775.61
cn,FI,2019-02-01 00:00:00,U,108,1206821142.94
cn,FI,2019-02-01 00:00:00,W,60,106167000.0
cn,FI,2019-03-01 00:00:00,S,264,329579390.0
cn,FI,2019-03-01 00:00:00,U,127,734134715.0
cn,FI,2019-03-01 00:00:00,W,42,88690000.0
cn,FI,2019-04-01 00:00:00,S,300,292094000.0
cn,FI,2019-04-01 00:00:00,U,113,1084833872.0
cn,FI,2019-04-01 00:00:00,W,44,128435000.0
cn,FI,2019-05-01 00:00:00,S,280,488967000.0
cn,FI,2019-05-01 00:00:00,U,112,198955073.0
cn,FI,2019-05-01 00:00:00,W,49,385700000.0
cn,FI,2019-06-01 00:00:00,S,248,250157820.0
cn,FI,2019-06-01 00:00:00,U,110,208598500.0
cn,FI,2019-06-01 00:00:00,W,56,248800000.0
cn,FI,2019-07-01 00:00:00,S,127,182610800.0
cn,FI,2019-07-01 00:00:00,U,61,52227825.0
cn,FI,2019-07-01 00:00:00,W,21,54700000.0
cn,FI,2019-08-01 00:00:00,S,129,186785041.0
cn,FI,2019-08-01 00:00:00,U,76,173851400.0
cn,FI,2019-08-01 00:00:00,W,24,211100000.0
cn,FI,2019-09-01 00:00:00,S,238,236249779.0
cn,FI,2019-09-01 00:00:00,U,104,72545000.0
cn,FI,2019-09-01 00:00:00,W,33,171750000.0
cn,FI,2019-10-01 00:00:00,S,308,188026500.0
cn,FI,2019-10-01 00:00:00,U,141,289822969.0
cn,FI,2019-10-01 00:00:00,W,61,1269820000.0
cn,FI,2019-11-01 00:00:00,S,240,360474996.0
cn,FI,2019-11-01 00:00:00,U,120,257695547.0
cn,FI,2019-11-01 00:00:00,W,53,210896000.0
cn,FI,2019-12-01 00:00:00,S,224,515974900.33000004
cn,FI,2019-12-01 00:00:00,U,112,191043604.0
cn,FI,2019-12-01 00:00:00,W,40,373300000.0
cn,FI,2020-01-01 00:00:00,S,193,252539997.0
cn,FI,2020-01-01 00:00:00,U,122,288660863.0
cn,FI,2020-01-01 00:00:00,W,33,192980000.0
cn,FI,2020-02-01 00:00:00,S,269,239699477.9
cn,FI,2020-02-01 00:00:00,U,108,146587600.0
cn,FI,2020-02-01 00:00:00,W,75,194076000.0
cn,FI,2020-03-01 00:00:00,S,244,336297870.0
cn,FI,2020-03-01 00:00:00,U,118,158940297.0
cn,FI,2020-03-01 00:00:00,W,59,622379000.0
cn,FI,2020-04-01 00:00:00,S,293,404369900.0
cn,FI,2020-04-01 00:00:00,U,150,210424602.0
cn,FI,2020-04-01 00:00:00,W,47,134670000.0
cn,FI,2020-05-01 00:00:00,S,263,377478572.0
cn,FI,2020-05-01 00:00:00,U,118,226584601.0
cn,FI,2020-05-01 00:00:00,W,64,240300000.0
cn,FI,2020-06-01 00:00:00,S,270,653463500.0
cn,FI,2020-06-01 00:00:00,U,136,266169016.0
cn,FI,2020-06-01 00:00:00,W,31,103000000.0
cn,FI,2020-07-01 00:00:00,S,157,249827900.0
cn,FI,2020-07-01 00:00:00,U,72,31035000.0
cn,FI,2020-07-01 00:00:00,W,26,264200000.0
cn,FI,2020-08-01 00:00:00,S,152,294542400.0
cn,FI,2020-08-01 00:00:00,U,71,83541050.0
cn,FI,2020-08-01 00:00:00,W,36,195005000.0
cn,FI,2020-09-01 00:00:00,S,270,437193127.0
cn,FI,2020-09-01 00:00:00,U,136,283546657.0
cn,FI,2020-09-01 00:00:00,W,33,96690000.0
cn,FI,2020-10-01 00:00:00,S,376,461480716.0
cn,FI,2020-10-01 00:00:00,U,137,386998426.0
cn,FI,2020-10-01 00:00:00,W,60,91978000.0
cn,FI,2020-11-01 00:00:00,S,268,294251874.0
cn,FI,2020-11-01 00:00:00,U,139,259871603.0
cn,FI,2020-11-01 00:00:00,W,39,1071600000.0
cn,FI,2020-12-01 00:00:00,S,313,655688193.0
cn,FI,2020-12-01 00:00:00,U,142,221767802.0
cn,FI,2020-12-01 00:00:00,W,88,292000000.0
cn,FI,2021-01-01 00:00:00,S,163,582037013.0
cn,FI,2021-01-01 00:00:00,U,82,64044301.0
cn,FI,2021-01-01 00:00:00,W,49,160367813.0
cn,FI,2021-02-01 00:00:00,S,280,600711727.52
cn,FI,2021-02-01 00:00:00,U,147,1188128530.0
cn,FI,2021-02-01 00:00:00,W,61,212690000.0
cn,FI,2021-03-01 00:00:00,S,323,539111401.0
cn,FI,2021-03-01 00:00:00,U,167,272733601.0
cn,FI,2021-03-01 00:00:00,W,84,258317000.0
cn,FI,2021-04-01 00:00:00,S,323,473903016.0
cn,FI,2021-04-01 00:00:00,U,173,310227701.0
cn,FI,2021-04-01 00:00:00,W,50,155750000.0
cn,FI,2021-05-01 00:00:00,S,398,391637440.0
cn,FI,2021-05-01 00:00:00,U,152,155914500.0
cn,FI,2021-05-01 00:00:00,W,62,217785000.0
cn,FI,2021-06-01 00:00:00,S,323,270314118.0
cn,FI,2021-06-01 00:00:00,U,139,601713251.0
cn,FI,2021-06-01 00:00:00,W,50,353040000.0
cn,FI,2021-07-01 00:00:00,S,153,172414700.0
cn,FI,2021-07-01 00:00:00,U,80,138181500.0
cn,FI,2021-07-01 00:00:00,W,37,56205000.0
cn,FI,2021-08-01 00:00:00,S,149,190175784.0
cn,FI,2021-08-01 00:00:00,U,75,890026000.0
cn,FI,2021-08-01 00:00:00,W,17,111268500.0
cn,FI,2021-09-01 00:00:00,S,235,481195526.6
cn,FI,2021-09-01 00:00:00,U,142,563593201.0
cn,FI,2021-09-01 00:00:00,W,41,171450000.0
cn,FI,2021-10-01 00:00:00,S,359,595814300.0
cn,FI,2021-10-01 00:00:00,U,152,2576722820.0
cn,FI,2021-10-01 00:00:00,W,49,81500000.0
cn,FI,2021-11-01 00:00:00,S,237,337095010.0
cn,FI,2021-11-01 00:00:00,U,141,475602804.0
cn,FI,2021-11-01 00:00:00,W,45,56000000.0
cn,FI,2021-12-01 00:00:00,S,257,321260775.0
cn,FI,2021-12-01 00:00:00,U,117,861582300.0
cn,FI,2021-12-01 00:00:00,W,63,434450000.0
cn,FI,2022-01-01 00:00:00,S,288,179483800.0
cn,FI,2022-01-01 00:00:00,U,94,79626501.0
cn,FI,2022-01-01 00:00:00,W,55,222785000.0
cn,FI,2022-02-01 00:00:00,S,279,236970000.0
cn,FI,2022-02-01 00:00:00,U,157,110113600.0
cn,FI,2022-02-01 00:00:00,W,90,389300000.0
cn,FI,2022-03-01 00:00:00,S,299,1725428000.0
cn,FI,2022-03-01 00:00:00,U,182,732366941.0
cn,FI,2022-03-01 00:00:00,W,46,525850000.0
cn,FI,2022-04-01 00:00:00,S,282,488195200.0
cn,FI,2022-04-01 00:00:00,U,148,133079180.0
cn,FI,2022-04-01 00:00:00,W,49,169070000.0
cn,FI,2022-05-01 00:00:00,S,296,666677000.0
cn,FI,2022-05-01 00:00:00,U,136,205454097.0
cn,FI,2022-05-01 00:00:00,W,56,627905000.0
cn,FI,2022-06-01 00:00:00,S,298,289925469.0
cn,FI,2022-06-01 00:00:00,U,153,364262400.0
cn,FI,2022-06-01 00:00:00,W,54,237912000.0
cn,FI,2022-07-01 00:00:00,S,96,229316950.0
cn,FI,2022-07-01 00:00:00,U,74,72675500.0
cn,FI,2022-07-01 00:00:00,W,20,52156237.0
cn,FI,2022-08-01 00:00:00,S,172,208386000.0
cn,FI,2022-08-01 00:00:00,U,97,241732500.0
cn,FI,2022-08-01 00:00:00,W,25,108350001.0
cn,FI,2022-09-01 00:00:00,S,293,318922728.0
cn,FI,2022-09-01 00:00:00,U,141,172849600.0
cn,FI,2022-09-01 00:00:00,W,35,121310002.0
cn,FI,2022-10-01 00:00:00,S,346,481503000.0
cn,FI,2022-10-01 00:00:00,U,129,244381400.0
cn,FI,2022-10-01 00:00:00,W,50,248130000.0
cn,FI,2022-11-01 00:00:00,S,301,488795200.0
cn,FI,2022-11-01 00:00:00,U,149,855803980.0
cn,FI,2022-11-01 00:00:00,W,42,179820000.0
cn,FI,2022-12-01 00:00:00,S,265,591768000.0
cn,FI,2022-12-01 00:00:00,U,136,182990557.0
cn,FI,2022-12-01 00:00:00,W,37,133500000.0
cn,FI,2023-01-01 00:00:00,S,188,197326272.0
cn,FI,2023-01-01 00:00:00,U,120,363224540.0
cn,FI,2023-01-01 00:00:00,W,51,160350000.0
cn,FI,2023-02-01 00:00:00,S,244,476519289.25
cn,FI,2023-02-01 00:00:00,U,131,362121995.0
cn,FI,2023-02-01 00:00:00,W,81,303081600.0
cn,FI,2023-03-01 00:00:00,S,330,448777186.47
cn,FI,2023-03-01 00:00:00,U,156,218989558.0
cn,FI,2023-03-01 00:00:00,W,76,441484000.0
cn,FI,2023-04-01 00:00:00,S,302,989009301.0
cn,FI,2023-04-01 00:00:00,U,123,328487529.0
cn,FI,2023-04-01 00:00:00,W,58,203374000.0
cn,FI,2023-05-01 00:00:00,S,307,1682632440.0
cn,FI,2023-05-01 00:00:00,U,159,424932900.0
cn,FI,2023-05-01 00:00:00,W,45,229348000.0
cn,FI,2023-06-01 00:00:00,S,282,660826000.0
cn,FI,2023-06-01 00:00:00,U,166,228756916.0
cn,FI,2023-06-01 00:00:00,W,54,900062000.0
cn,FI,2023-07-01 00:00:00,S,114,367067000.0
cn,FI,2023-07-01 00:00:00,U,64,112291000.0
cn,FI,2023-07-01 00:00:00,W,15,33260000.0
cn,FI,2023-08-01 00:00:00,S,208,683237200.0
cn,FI,2023-08-01 00:00:00,U,123,278145400.0
cn,FI,2023-08-01 00:00:00,W,50,92690000.0
cn,FI,2023-09-01 00:00:00,S,128,184196600.0
cn,FI,2023-09-01 00:00:00,U,70,69399375.0
cn,FI,2023-09-01 00:00:00,W,14,34855000.0
cn,FR,2016-01-01 00:00:00,S,1420,269707221.0
cn,FR,2016-01-01 00:00:00,U,761,389984947.66
cn,FR,2016-01-01 00:00:00,W,447,313159936.65999997
cn,FR,2016-02-01 00:00:00,S,1766,955929981.6099999
cn,FR,2016-02-01 00:00:00,U,949,146867377.75
cn,FR,2016-02-01 00:00:00,W,508,469610885.77
cn,FR,2016-03-01 00:00:00,S,2679,465406430.89
cn,FR,2016-03-01 00:00:00,U,1508,261215640.57
cn,FR,2016-03-01 00:00:00,W,768,446219980.0
cn,FR,2016-04-01 00:00:00,S,1135,3539769069.5499997
cn,FR,2016-04-01 00:00:00,U,572,940605662.57
cn,FR,2016-04-01 00:00:00,W,265,1464540068.88
cn,FR,2016-05-01 00:00:00,S,1695,2086550881.35
cn,FR,2016-05-01 00:00:00,U,875,761002175.8800001
cn,FR,2016-05-01 00:00:00,W,495,1696691251.95
cn,FR,2016-06-01 00:00:00,S,2078,1825685713.53
cn,FR,2016-06-01 00:00:00,U,1014,2399846555.0
cn,FR,2016-06-01 00:00:00,W,518,1468833089.8400002
cn,FR,2016-07-01 00:00:00,S,2540,2024209067.8200002
cn,FR,2016-07-01 00:00:00,U,1292,1159378962.0500002
cn,FR,2016-07-01 00:00:00,W,561,2033894000.0099998
cn,FR,2016-08-01 00:00:00,S,1573,1596426268.78
cn,FR,2016-08-01 00:00:00,U,788,812966381.37
cn,FR,2016-08-01 00:00:00,W,384,1085974054.1299999
cn,FR,2016-09-01 00:00:00,S,2360,1800310827.6100001
cn,FR,2016-09-01 00:00:00,U,1041,1338506643.6299999
cn,FR,2016-09-01 00:00:00,W,465,1785380462.8600001
cn,FR,2016-10-01 00:00:00,S,2380,2876630797.72
cn,FR,2016-10-01 00:00:00,U,1098,619365615.25
cn,FR,2016-10-01 00:00:00,W,496,1351310739.21
cn,FR,2016-11-01 00:00:00,S,1606,1279933403.1
cn,FR,2016-11-01 00:00:00,U,751,883014983.3599999
cn,FR,2016-11-01 00:00:00,W,401,999777696.15
cn,FR,2016-12-01 00:00:00,S,1752,1250976381.39
cn,FR,2016-12-01 00:00:00,U,854,1336235499.0700002
cn,FR,2016-12-01 00:00:00,W,500,6291587522.56
cn,FR,2017-01-01 00:00:00,S,1643,1408059648.5500002
cn,FR,2017-01-01 00:00:00,U,785,629828389.56
cn,FR,2017-01-01 00:00:00,W,513,1536250889.27
cn,FR,2017-02-01 00:00:00,S,1874,1761813901.7200003
cn,FR,2017-02-01 00:00:00,U,975,1533174984.0800002
cn,FR,2017-02-01 00:00:00,W,526,1189355106.1499999
cn,FR,2017-03-01 00:00:00,S,2369,2646805283.22
cn,FR,2017-03-01 00:00:00,U,1135,3112858746.97
cn,FR,2017-03-01 00:00:00,W,671,1592622688.4300003
cn,FR,2017-04-01 00:00:00,S,2171,41081720217.0
cn,FR,2017-04-01 00:00:00,U,1056,1033871364.9200001
cn,FR,2017-04-01 00:00:00,W,579,1928735686.5400002
cn,FR,2017-05-01 00:00:00,S,2141,8525167985.51
cn,FR,2017-05-01 00:00:00,U,1056,4091488300.84
cn,FR,2017-05-01 00:00:00,W,594,1467565096.23
cn,FR,2017-06-01 00:00:00,S,2457,1862606624.19
cn,FR,2017-06-01 00:00:00,U,1077,1623728563.8899999
cn,FR,2017-06-01 00:00:00,W,601,1771622272.58
cn,FR,2017-07-01 00:00:00,S,2508,1960219680.7599998
cn,FR,2017-07-01 00:00:00,U,1279,1614989217.0300002
cn,FR,2017-07-01 00:00:00,W,617,1906951899.99
cn,FR,2017-08-01 00:00:00,S,1680,1151082750.6
cn,FR,2017-08-01 00:00:00,U,851,1682605294.54
cn,FR,2017-08-01 00:00:00,W,433,1057644340.0699999
cn,FR,2017-09-01 00:00:00,S,2285,2085164827.09
cn,FR,2017-09-01 00:00:00,U,1130,1225047379.8
cn,FR,2017-09-01 00:00:00,W,489,1317867666.77
cn,FR,2017-10-01 00:00:00,S,2836,1941269363.04
cn,FR,2017-10-01 00:00:00,U,1314,870541230.2199999
cn,FR,2017-10-01 00:00:00,W,639,1804174041.99
cn,FR,2017-11-01 00:00:00,S,1690,1702614240.82
cn,FR,2017-11-01 00:00:00,U,812,1101593941.26
cn,FR,2017-11-01 00:00:00,W,484,1014511468.21
cn,FR,2017-12-01 00:00:00,S,1796,1740458104.6800003
cn,FR,2017-12-01 00:00:00,U,889,1653955625.29
cn,FR,2017-12-01 00:00:00,W,577,1973948383.3799999
cn,FR,2018-01-01 00:00:00,S,1618,1244939121.68
cn,FR,2018-01-01 00:00:00,U,765,1607156558.56
cn,FR,2018-01-01 00:00:00,W,492,1050868341.4799999
cn,FR,2018-02-01 00:00:00,S,1982,1199023448.23
cn,FR,2018-02-01 00:00:00,U,942,1242317406.98
cn,FR,2018-02-01 00:00:00,W,538,1439730451.72
cn,FR,2018-03-01 00:00:00,S,2330,1376624198.2
cn,FR,2018-03-01 00:00:00,U,1101,1307071832.9099998
cn,FR,2018-03-01 00:00:00,W,677,2172933267.78
cn,FR,2018-04-01 00:00:00,S,2418,2292349563.8199997
cn,FR,2018-04-01 00:00:00,U,1155,1286475380.7400002
cn,FR,2018-04-01 00:00:00,W,608,12697801198.5
cn,FR,2018-05-01 00:00:00,S,2002,1283664486.36
cn,FR,2018-05-01 00:00:00,U,933,822258565.13
cn,FR,2018-05-01 00:00:00,W,547,1292973079.73
cn,FR,2018-06-01 00:00:00,S,2361,4281422117.6400003
cn,FR,2018-06-01 00:00:00,U,1083,1365829596.8499997
cn,FR,2018-06-01 00:00:00,W,670,1352317389.76
cn,FR,2018-07-01 00:00:00,S,2736,2164664692.81
cn,FR,2018-07-01 00:00:00,U,1283,2851851566.5600004
cn,FR,2018-07-01 00:00:00,W,664,3048933197.3200006
cn,FR,2018-08-01 00:00:00,S,1613,1154645223.26
cn,FR,2018-08-01 00:00:00,U,813,1190352721.08
cn,FR,2018-08-01 00:00:00,W,425,945628131.86
cn,FR,2018-09-01 00:00:00,S,2301,1364869762.53
cn,FR,2018-09-01 00:00:00,U,1012,2943890301.17
cn,FR,2018-09-01 00:00:00,W,541,1315690907.3200002
cn,FR,2018-10-01 00:00:00,S,2753,1989533713.82
cn,FR,2018-10-01 00:00:00,U,1283,1369535069.67
cn,FR,2018-10-01 00:00:00,W,668,1444370934.95
cn,FR,2018-11-01 00:00:00,S,1874,1738025472.1399999
cn,FR,2018-11-01 00:00:00,U,783,460930093.89000005
cn,FR,2018-11-01 00:00:00,W,503,1020736188.74
cn,FR,2018-12-01 00:00:00,S,1807,2328951939.36
cn,FR,2018-12-01 00:00:00,U,786,2465375700.8700004
cn,FR,2018-12-01 00:00:00,W,482,1472961479.48
cn,FR,2019-01-01 00:00:00,S,1801,2065647726.9799998
cn,FR,2019-01-01 00:00:00,U,895,1204616056.5900002
cn,FR,2019-01-01 00:00:00,W,540,2665572065.4800005
cn,FR,2019-02-01 00:00:00,S,2223,3781622570.74
cn,FR,2019-02-01 00:00:00,U,1072,1438404852.02
cn,FR,2019-02-01 00:00:00,W,605,1343663340.2
cn,FR,2019-03-01 00:00:00,S,2923,2256799390.1800003
cn,FR,2019-03-01 00:00:00,U,1408,3536824856.3399997
cn,FR,2019-03-01 00:00:00,W,763,12080243794.240002
cn,FR,2019-04-01 00:00:00,S,1989,5693738763.96
cn,FR,2019-04-01 00:00:00,U,1006,1742036418.9799998
cn,FR,2019-04-01 00:00:00,W,495,1351266742.3700001
cn,FR,2019-05-01 00:00:00,S,2119,1873654758.7100003
cn,FR,2019-05-01 00:00:00,U,1059,1080587534.8899999
cn,FR,2019-05-01 00:00:00,W,530,1237203012.29
cn,FR,2019-06-01 00:00:00,S,2110,3242671860.35
cn,FR,2019-06-01 00:00:00,U,1006,1600492054.8899999
cn,FR,2019-06-01 00:00:00,W,534,2371078378.11
cn,FR,2019-07-01 00:00:00,S,2950,3006096203.86
cn,FR,2019-07-01 00:00:00,U,1380,3006977147.04
cn,FR,2019-07-01 00:00:00,W,708,3404468076.37
cn,FR,2019-08-01 00:00:00,S,1691,1131143463.71
cn,FR,2019-08-01 00:00:00,U,778,519404815.56999993
cn,FR,2019-08-01 00:00:00,W,374,913728136.67
cn,FR,2019-09-01 00:00:00,S,2313,1414470041.2800002
cn,FR,2019-09-01 00:00:00,U,1076,1056739814.72
cn,FR,2019-09-01 00:00:00,W,530,1083124842.69
cn,FR,2019-10-01 00:00:00,S,3064,2380120577.0
cn,FR,2019-10-01 00:00:00,U,1299,3542086424.38
cn,FR,2019-10-01 00:00:00,W,617,1689814187.5
cn,FR,2019-11-01 00:00:00,S,1735,1681546745.58
cn,FR,2019-11-01 00:00:00,U,732,1032934006.8000001
cn,FR,2019-11-01 00:00:00,W,458,1176913700.08
cn,FR,2019-12-01 00:00:00,S,1940,2543374195.16
cn,FR,2019-12-01 00:00:00,U,806,1279450912.23
cn,FR,2019-12-01 00:00:00,W,568,1602504582.8
cn,FR,2020-01-01 00:00:00,S,1862,2301369073.77
cn,FR,2020-01-01 00:00:00,U,795,983817508.87
cn,FR,2020-01-01 00:00:00,W,477,1116936643.69
cn,FR,2020-02-01 00:00:00,S,1752,1706991473.23
cn,FR,2020-02-01 00:00:00,U,848,1170163758.3
cn,FR,2020-02-01 00:00:00,W,500,1080151034.22
cn,FR,2020-03-01 00:00:00,S,1507,1187898787.6299999
cn,FR,2020-03-01 00:00:00,U,701,1397550911.8899999
cn,FR,2020-03-01 00:00:00,W,375,893817038.2199999
cn,FR,2020-04-01 00:00:00,S,1576,1609170627.04
cn,FR,2020-04-01 00:00:00,U,729,2198626601.23
cn,FR,2020-04-01 00:00:00,W,403,1192047810.36
cn,FR,2020-05-01 00:00:00,S,1776,7994229302.6
cn,FR,2020-05-01 00:00:00,U,775,1093586625.27
cn,FR,2020-05-01 00:00:00,W,424,1569587469.6599998
cn,FR,2020-06-01 00:00:00,S,2379,3104753724.9300003
cn,FR,2020-06-01 00:00:00,U,1015,2041536365.5900002
cn,FR,2020-06-01 00:00:00,W,583,1780961690.38
cn,FR,2020-07-01 00:00:00,S,2607,2928747392.35
cn,FR,2020-07-01 00:00:00,U,1254,2063348249.99
cn,FR,2020-07-01 00:00:00,W,592,1164810312.6200001
cn,FR,2020-08-01 00:00:00,S,1598,11599816145.46
cn,FR,2020-08-01 00:00:00,U,784,949610168.3100001
cn,FR,2020-08-01 00:00:00,W,315,789781983.46
cn,FR,2020-09-01 00:00:00,S,2358,2327850054.55
cn,FR,2020-09-01 00:00:00,U,1157,2437251538.08
cn,FR,2020-09-01 00:00:00,W,398,1263857189.68
cn,FR,2020-10-01 00:00:00,S,2814,2839473516.13
cn,FR,2020-10-01 00:00:00,U,1251,1547986565.3999999
cn,FR,2020-10-01 00:00:00,W,535,1124733685.44
cn,FR,2020-11-01 00:00:00,S,1887,3110349592.22
cn,FR,2020-11-01 00:00:00,U,883,2622775340.68
cn,FR,2020-11-01 00:00:00,W,413,1693340244.3400002
cn,FR,2020-12-01 00:00:00,S,2121,2822740454.4700003
cn,FR,2020-12-01 00:00:00,U,911,2872697731.7099996
cn,FR,2020-12-01 00:00:00,W,486,1776194299.3600001
cn,FR,2021-01-01 00:00:00,S,1874,2113147380.0500002
cn,FR,2021-01-01 00:00:00,U,848,1151434400.89
cn,FR,2021-01-01 00:00:00,W,443,1898695088.77
cn,FR,2021-02-01 00:00:00,S,2322,2756167690.19
cn,FR,2021-02-01 00:00:00,U,1010,1494214599.0100002
cn,FR,2021-02-01 00:00:00,W,559,1683794594.68
cn,FR,2021-03-01 00:00:00,S,2787,4088257433.830001
cn,FR,2021-03-01 00:00:00,U,1282,7616240458.28
cn,FR,2021-03-01 00:00:00,W,602,1803578663.96
cn,FR,2021-04-01 00:00:00,S,2706,14638638713.470003
cn,FR,2021-04-01 00:00:00,U,1077,1301975064.75
cn,FR,2021-04-01 00:00:00,W,542,1919489298.31
cn,FR,2021-05-01 00:00:00,S,2315,1637293038.5199997
cn,FR,2021-05-01 00:00:00,U,957,1951705990.26
cn,FR,2021-05-01 00:00:00,W,484,1727049739.82
cn,FR,2021-06-01 00:00:00,S,2620,7011109225.76
cn,FR,2021-06-01 00:00:00,U,1128,3125474688.8599997
cn,FR,2021-06-01 00:00:00,W,609,1683307335.0900002
cn,FR,2021-07-01 00:00:00,S,2962,3154612622.85
cn,FR,2021-07-01 00:00:00,U,1204,2936617278.9399996
cn,FR,2021-07-01 00:00:00,W,698,2777375081.5299997
cn,FR,2021-08-01 00:00:00,S,1647,2671206737.68
cn,FR,2021-08-01 00:00:00,U,744,2332088109.36
cn,FR,2021-08-01 00:00:00,W,360,861093891.26
cn,FR,2021-09-01 00:00:00,S,2820,2942750630.49
cn,FR,2021-09-01 00:00:00,U,1149,2523702333.8199997
cn,FR,2021-09-01 00:00:00,W,574,2675277021.9700003
cn,FR,2021-10-01 00:00:00,S,2806,10256927887.44
cn,FR,2021-10-01 00:00:00,U,1140,1635492800.7399998
cn,FR,2021-10-01 00:00:00,W,564,2700016803.59
cn,FR,2021-11-01 00:00:00,S,1821,31332528155.37
cn,FR,2021-11-01 00:00:00,U,810,3171623689.88
cn,FR,2021-11-01 00:00:00,W,416,1554897712.67
cn,FR,2021-12-01 00:00:00,S,2096,5040120112.67
cn,FR,2021-12-01 00:00:00,U,841,2657764765.52
cn,FR,2021-12-01 00:00:00,W,518,2292976762.01
cn,FR,2022-01-01 00:00:00,S,2056,5881062317.219999
cn,FR,2022-01-01 00:00:00,U,865,2586655114.6200004
cn,FR,2022-01-01 00:00:00,W,504,2403249215.64
cn,FR,2022-02-01 00:00:00,S,2338,4941969835.86
cn,FR,2022-02-01 00:00:00,U,1007,2636167218.84
cn,FR,2022-02-01 00:00:00,W,528,2874680843.2599998
cn,FR,2022-03-01 00:00:00,S,2839,19459130419.199997
cn,FR,2022-03-01 00:00:00,U,1223,5286848653.809999
cn,FR,2022-03-01 00:00:00,W,622,3850476114.63
cn,FR,2022-04-01 00:00:00,S,2713,4709786223.6900015
cn,FR,2022-04-01 00:00:00,U,1185,3652861263.93
cn,FR,2022-04-01 00:00:00,W,618,3414460243.16
cn,FR,2022-05-01 00:00:00,S,2685,7032970584.889999
cn,FR,2022-05-01 00:00:00,U,1148,5968674998.690001
cn,FR,2022-05-01 00:00:00,W,601,2595060947.29
cn,FR,2022-06-01 00:00:00,S,2683,5428447417.21
cn,FR,2022-06-01 00:00:00,U,1233,7882884347.43
cn,FR,2022-06-01 00:00:00,W,649,5920798937.780001
cn,FR,2022-07-01 00:00:00,S,2870,10105126921.53
cn,FR,2022-07-01 00:00:00,U,1322,52412897378.350006
cn,FR,2022-07-01 00:00:00,W,648,3300586405.9
cn,FR,2022-08-01 00:00:00,S,1813,2474159770.09
cn,FR,2022-08-01 00:00:00,U,864,2544455963.91
cn,FR,2022-08-01 00:00:00,W,367,3350790794.5
cn,FR,2022-09-01 00:00:00,S,2868,3624315081.18
cn,FR,2022-09-01 00:00:00,U,1187,1997018179.12
cn,FR,2022-09-01 00:00:00,W,504,1814791661.48
cn,FR,2022-10-01 00:00:00,S,2954,4659721318.75
cn,FR,2022-10-01 00:00:00,U,1256,2785107052.79
cn,FR,2022-10-01 00:00:00,W,654,3963158642.8
cn,FR,2022-11-01 00:00:00,S,1922,3952564340.21
cn,FR,2022-11-01 00:00:00,U,901,2727219738.0600004
cn,FR,2022-11-01 00:00:00,W,496,2267512687.52
cn,FR,2022-12-01 00:00:00,S,2081,3814049885.29
cn,FR,2022-12-01 00:00:00,U,875,2683930444.24
cn,FR,2022-12-01 00:00:00,W,504,3035754360.57
cn,FR,2023-01-01 00:00:00,S,2285,5269424075.54
cn,FR,2023-01-01 00:00:00,U,975,3016063464.2700005
cn,FR,2023-01-01 00:00:00,W,530,2754394221.44
cn,FR,2023-02-01 00:00:00,S,2437,6636121042.5
cn,FR,2023-02-01 00:00:00,U,1109,13689144427.920002
cn,FR,2023-02-01 00:00:00,W,571,3061495037.8999996
cn,FR,2023-03-01 00:00:00,S,3046,9551113007.970001
cn,FR,2023-03-01 00:00:00,U,1335,4890700925.610001
cn,FR,2023-03-01 00:00:00,W,666,3896921761.66
cn,FR,2023-04-01 00:00:00,S,2894,6265121714.22
cn,FR,2023-04-01 00:00:00,U,1283,7886507975.19
cn,FR,2023-04-01 00:00:00,W,617,3210853145.2700005
cn,FR,2023-05-01 00:00:00,S,2410,4049683889.2399993
cn,FR,2023-05-01 00:00:00,U,1082,3820888954.58
cn,FR,2023-05-01 00:00:00,W,598,3553041129.5699997
cn,FR,2023-06-01 00:00:00,S,3034,4859229399.2699995
cn,FR,2023-06-01 00:00:00,U,1376,5251655796.26
cn,FR,2023-06-01 00:00:00,W,737,13284274877.57
cn,FR,2023-07-01 00:00:00,S,3030,4706791136.46
cn,FR,2023-07-01 00:00:00,U,1299,4655557481.320001
cn,FR,2023-07-01 00:00:00,W,686,3436381093.8399997
cn,FR,2023-08-01 00:00:00,S,1960,4638272968.21
cn,FR,2023-08-01 00:00:00,U,803,4814673904.23
cn,FR,2023-08-01 00:00:00,W,374,2601957216.94
cn,FR,2023-09-01 00:00:00,S,2768,3554755370.1900005
cn,FR,2023-09-01 00:00:00,U,1157,4904769924.650001
cn,FR,2023-09-01 00:00:00,W,546,2810874687.13
cn,GR,2016-01-01 00:00:00,S,32,95877752.38999999
cn,GR,2016-01-01 00:00:00,U,44,70130838.94000001
cn,GR,2016-01-01 00:00:00,W,3,499897.7
cn,GR,2016-02-01 00:00:00,S,65,102817312.35
cn,GR,2016-02-01 00:00:00,U,92,123946292.0
cn,GR,2016-02-01 00:00:00,W,7,129655184.23
cn,GR,2016-03-01 00:00:00,S,62,105381244.43
cn,GR,2016-03-01 00:00:00,U,76,91280220.33
cn,GR,2016-03-01 00:00:00,W,6,27467067.48
cn,GR,2016-04-01 00:00:00,S,74,161465351.38000003
cn,GR,2016-04-01 00:00:00,U,103,73683240.27000001
cn,GR,2016-04-01 00:00:00,W,6,90104308.26999998
cn,GR,2016-05-01 00:00:00,S,68,97141840.28999998
cn,GR,2016-05-01 00:00:00,U,127,941530622.73
cn,GR,2016-05-01 00:00:00,W,9,95864243.9
cn,GR,2016-06-01 00:00:00,S,37,102351385.56
cn,GR,2016-06-01 00:00:00,U,114,108814869.0
cn,GR,2016-06-01 00:00:00,W,4,17463629.04
cn,GR,2016-07-01 00:00:00,S,69,206596836.66
cn,GR,2016-07-01 00:00:00,U,102,168665563.64999998
cn,GR,2016-07-01 00:00:00,W,2,59685483.87
cn,GR,2016-08-01 00:00:00,S,31,40969502.410000004
cn,GR,2016-08-01 00:00:00,U,51,47535523.18
cn,GR,2016-08-01 00:00:00,W,3,12923224.54
cn,GR,2016-09-01 00:00:00,S,23,19649817.09
cn,GR,2016-09-01 00:00:00,U,18,18812286.17
cn,GR,2016-10-01 00:00:00,S,21,18868026.259999998
cn,GR,2016-10-01 00:00:00,U,40,21424356.87
cn,GR,2016-10-01 00:00:00,W,1,5564516.13
cn,GR,2016-11-01 00:00:00,S,39,52751902.5
cn,GR,2016-11-01 00:00:00,U,62,50569821.730000004
cn,GR,2016-11-01 00:00:00,W,1,120967741.93
cn,GR,2016-12-01 00:00:00,S,67,79032195.85000001
cn,GR,2016-12-01 00:00:00,U,145,97097545.13
cn,GR,2016-12-01 00:00:00,W,5,104403870.97
cn,GR,2017-01-01 00:00:00,S,24,116147686.13000003
cn,GR,2017-01-01 00:00:00,U,57,83579719.26
cn,GR,2017-01-01 00:00:00,W,1,403225.8
cn,GR,2017-02-01 00:00:00,S,37,602356690.9200001
cn,GR,2017-02-01 00:00:00,U,75,297858538.67999995
cn,GR,2017-02-01 00:00:00,W,8,102944245.21000001
cn,GR,2017-03-01 00:00:00,S,54,45794383.86
cn,GR,2017-03-01 00:00:00,U,108,108240892.78
cn,GR,2017-03-01 00:00:00,W,2,17995227.64
cn,GR,2017-04-01 00:00:00,S,76,86953015.99
cn,GR,2017-04-01 00:00:00,U,87,111778804.64000002
cn,GR,2017-04-01 00:00:00,W,16,1603955466.6999998
cn,GR,2017-05-01 00:00:00,S,61,165674441.12000003
cn,GR,2017-05-01 00:00:00,U,110,122233089.39000002
cn,GR,2017-05-01 00:00:00,W,5,33580419.36
cn,GR,2017-06-01 00:00:00,S,73,143808307.81
cn,GR,2017-06-01 00:00:00,U,138,210080043.41
cn,GR,2017-06-01 00:00:00,W,10,131908154.82999998
cn,GR,2017-07-01 00:00:00,S,83,191394994.61999995
cn,GR,2017-07-01 00:00:00,U,114,160268314.03999996
cn,GR,2017-07-01 00:00:00,W,10,50978365.28
cn,GR,2017-08-01 00:00:00,S,38,103373194.21000001
cn,GR,2017-08-01 00:00:00,U,69,109039369.5
cn,GR,2017-08-01 00:00:00,W,6,43999951.019999996
cn,GR,2017-09-01 00:00:00,S,62,83677457.58999999
cn,GR,2017-09-01 00:00:00,U,115,165544843.37
cn,GR,2017-09-01 00:00:00,W,3,24290807.5
cn,GR,2017-10-01 00:00:00,S,63,96024856.42
cn,GR,2017-10-01 00:00:00,U,118,216454715.16
cn,GR,2017-10-01 00:00:00,W,13,682999590.2799999
cn,GR,2017-11-01 00:00:00,S,64,92448289.49000001
cn,GR,2017-11-01 00:00:00,U,114,236949190.31999996
cn,GR,2017-11-01 00:00:00,W,21,226327180.65
cn,GR,2017-12-01 00:00:00,S,61,64846055.41
cn,GR,2017-12-01 00:00:00,U,127,178485356.31
cn,GR,2017-12-01 00:00:00,W,12,232407515.82
cn,GR,2018-01-01 00:00:00,S,48,406125302.67
cn,GR,2018-01-01 00:00:00,U,78,89315142.33
cn,GR,2018-01-01 00:00:00,W,7,63831419.36
cn,GR,2018-02-01 00:00:00,S,35,61895070.99999999
cn,GR,2018-02-01 00:00:00,U,89,86900288.78000002
cn,GR,2018-02-01 00:00:00,W,11,105358788.36
cn,GR,2018-03-01 00:00:00,S,83,69749540.98999998
cn,GR,2018-03-01 00:00:00,U,120,91513547.00000001
cn,GR,2018-03-01 00:00:00,W,11,44571577.00000001
cn,GR,2018-04-01 00:00:00,S,61,121463914.88
cn,GR,2018-04-01 00:00:00,U,78,88908803.76999998
cn,GR,2018-04-01 00:00:00,W,16,393306194.7
cn,GR,2018-05-01 00:00:00,S,88,147933770.6
cn,GR,2018-05-01 00:00:00,U,149,236428929.93999997
cn,GR,2018-05-01 00:00:00,W,20,426329885.75
cn,GR,2018-06-01 00:00:00,S,102,2528278285.84
cn,GR,2018-06-01 00:00:00,U,117,151192169.21999997
cn,GR,2018-06-01 00:00:00,W,30,482041138.3000001
cn,GR,2018-07-01 00:00:00,S,101,128102759.77000001
cn,GR,2018-07-01 00:00:00,U,143,1346036742.9099998
cn,GR,2018-07-01 00:00:00,W,24,2130655307.1299999
cn,GR,2018-08-01 00:00:00,S,99,167405012.65
cn,GR,2018-08-01 00:00:00,U,141,101853346.59
cn,GR,2018-08-01 00:00:00,W,16,213831923.6
cn,GR,2018-09-01 00:00:00,S,64,124781524.15
cn,GR,2018-09-01 00:00:00,U,158,139884276.79999995
cn,GR,2018-09-01 00:00:00,W,10,171570174.16
cn,GR,2018-10-01 00:00:00,S,86,180661489.64000002
cn,GR,2018-10-01 00:00:00,U,182,300247730.48999995
cn,GR,2018-10-01 00:00:00,W,26,162341426.94
cn,GR,2018-11-01 00:00:00,S,71,113515335.23
cn,GR,2018-11-01 00:00:00,U,171,117311804.35
cn,GR,2018-11-01 00:00:00,W,14,280290197.21
cn,GR,2018-12-01 00:00:00,S,93,128772567.72000001
cn,GR,2018-12-01 00:00:00,U,267,387688612.66999996
cn,GR,2018-12-01 00:00:00,W,22,185177815.51
cn,GR,2019-01-01 00:00:00,S,60,133620100.92999998
cn,GR,2019-01-01 00:00:00,U,83,163707556.39000002
cn,GR,2019-01-01 00:00:00,W,9,12564225.629999999
cn,GR,2019-02-01 00:00:00,S,75,171941241.04000002
cn,GR,2019-02-01 00:00:00,U,107,242757481.19
cn,GR,2019-02-01 00:00:00,W,9,74619516.13
cn,GR,2019-03-01 00:00:00,S,83,84190539.31
cn,GR,2019-03-01 00:00:00,U,130,142269988.96000004
cn,GR,2019-03-01 00:00:00,W,14,105502056.25
cn,GR,2019-04-01 00:00:00,S,72,189602626.14999998
cn,GR,2019-04-01 00:00:00,U,110,209593125.33
cn,GR,2019-04-01 00:00:00,W,6,942596395.2000002
cn,GR,2019-05-01 00:00:00,S,85,472739204.56
cn,GR,2019-05-01 00:00:00,U,114,501322317.77000004
cn,GR,2019-05-01 00:00:00,W,18,1312261046.15
cn,GR,2019-06-01 00:00:00,S,94,140143658.5
cn,GR,2019-06-01 00:00:00,U,156,156014365.14999998
cn,GR,2019-06-01 00:00:00,W,10,116689032.24999999
cn,GR,2019-07-01 00:00:00,S,84,171091304.12
cn,GR,2019-07-01 00:00:00,U,175,179754390.96999997
cn,GR,2019-07-01 00:00:00,W,24,197236376.65999997
cn,GR,2019-08-01 00:00:00,S,74,248445333.67
cn,GR,2019-08-01 00:00:00,U,109,90963674.03000002
cn,GR,2019-08-01 00:00:00,W,17,103382073.44
cn,GR,2019-09-01 00:00:00,S,62,55372305.25
cn,GR,2019-09-01 00:00:00,U,129,217442676.82000005
cn,GR,2019-09-01 00:00:00,W,7,33644419.35
cn,GR,2019-10-01 00:00:00,S,77,77827801.53999999
cn,GR,2019-10-01 00:00:00,U,152,120965359.77999999
cn,GR,2019-10-01 00:00:00,W,12,318700024.97999996
cn,GR,2019-11-01 00:00:00,S,87,127237079.25
cn,GR,2019-11-01 00:00:00,U,129,100448638.96999998
cn,GR,2019-11-01 00:00:00,W,14,144775831.47
cn,GR,2019-12-01 00:00:00,S,111,281762940.65
cn,GR,2019-12-01 00:00:00,U,200,185577173.31
cn,GR,2019-12-01 00:00:00,W,21,258203727.64999998
cn,GR,2020-01-01 00:00:00,S,66,140717444.19
cn,GR,2020-01-01 00:00:00,U,61,74250090.86
cn,GR,2020-01-01 00:00:00,W,9,218738216.35000002
cn,GR,2020-02-01 00:00:00,S,103,151947926.42999998
cn,GR,2020-02-01 00:00:00,U,120,206500239.35000002
cn,GR,2020-02-01 00:00:00,W,9,50245250.08
cn,GR,2020-03-01 00:00:00,S,109,148651813.03
cn,GR,2020-03-01 00:00:00,U,114,166837259.02
cn,GR,2020-03-01 00:00:00,W,11,247002510.17000002
cn,GR,2020-04-01 00:00:00,S,69,104026531.36999999
cn,GR,2020-04-01 00:00:00,U,104,103705268.69
cn,GR,2020-04-01 00:00:00,W,11,2692054480.96
cn,GR,2020-05-01 00:00:00,S,106,648482934.9199997
cn,GR,2020-05-01 00:00:00,U,136,550013581.78
cn,GR,2020-05-01 00:00:00,W,13,293243398.03999996
cn,GR,2020-06-01 00:00:00,S,105,281995008.75
cn,GR,2020-06-01 00:00:00,U,156,684222534.73
cn,GR,2020-06-01 00:00:00,W,12,171476572.08999997
cn,GR,2020-07-01 00:00:00,S,149,292992829.79
cn,GR,2020-07-01 00:00:00,U,170,186291683.39
cn,GR,2020-07-01 00:00:00,W,21,268799180.66999996
cn,GR,2020-08-01 00:00:00,S,74,70039561.84000002
cn,GR,2020-08-01 00:00:00,U,120,109264808.71
cn,GR,2020-08-01 00:00:00,W,6,56696801.56
cn,GR,2020-09-01 00:00:00,S,112,178531480.92
cn,GR,2020-09-01 00:00:00,U,194,242369084.54999998
cn,GR,2020-09-01 00:00:00,W,16,496363796.26000005
cn,GR,2020-10-01 00:00:00,S,101,159748613.35
cn,GR,2020-10-01 00:00:00,U,193,153705814.20000002
cn,GR,2020-10-01 00:00:00,W,18,113679437.65
cn,GR,2020-11-01 00:00:00,S,100,131588053.77
cn,GR,2020-11-01 00:00:00,U,171,181525985.26999995
cn,GR,2020-11-01 00:00:00,W,19,229617652.53
cn,GR,2020-12-01 00:00:00,S,160,290969016.83
cn,GR,2020-12-01 00:00:00,U,267,291325374.27
cn,GR,2020-12-01 00:00:00,W,32,399766872.25
cn,GR,2021-01-01 00:00:00,S,74,159747709.38
cn,GR,2021-01-01 00:00:00,U,92,91572723.19
cn,GR,2021-01-01 00:00:00,W,22,289839960.44
cn,GR,2021-02-01 00:00:00,S,94,1036728770.47
cn,GR,2021-02-01 00:00:00,U,145,136013257.45000002
cn,GR,2021-02-01 00:00:00,W,13,210194152.76
cn,GR,2021-03-01 00:00:00,S,127,188714671.35
cn,GR,2021-03-01 00:00:00,U,162,177695411.93
cn,GR,2021-03-01 00:00:00,W,16,2755742212.53
cn,GR,2021-04-01 00:00:00,S,116,390215660.74
cn,GR,2021-04-01 00:00:00,U,169,183093675.76999998
cn,GR,2021-04-01 00:00:00,W,13,95819544.07000001
cn,GR,2021-05-01 00:00:00,S,222,1816623481.1100001
cn,GR,2021-05-01 00:00:00,U,310,674899096.5000001
cn,GR,2021-05-01 00:00:00,W,36,727431849.3800001
cn,GR,2021-06-01 00:00:00,S,55,55553938.85999999
cn,GR,2021-06-01 00:00:00,U,80,68994294.77
cn,GR,2021-06-01 00:00:00,W,9,85366451.61
cn,GR,2021-07-01 00:00:00,S,118,226052732.55999994
cn,GR,2021-07-01 00:00:00,U,152,248797781.74
cn,GR,2021-07-01 00:00:00,W,21,2799913444.38
cn,GR,2021-08-01 00:00:00,S,111,130451587.22999999
cn,GR,2021-08-01 00:00:00,U,149,194329701.48000002
cn,GR,2021-08-01 00:00:00,W,24,544446444.8900001
cn,GR,2021-09-01 00:00:00,S,80,119920535.10999997
cn,GR,2021-09-01 00:00:00,U,169,144416635.96
cn,GR,2021-09-01 00:00:00,W,8,135210631.09
cn,GR,2021-10-01 00:00:00,S,94,245368984.40000004
cn,GR,2021-10-01 00:00:00,U,171,560974178.98
cn,GR,2021-10-01 00:00:00,W,7,117256189.78999999
cn,GR,2021-11-01 00:00:00,S,110,425750137.65999997
cn,GR,2021-11-01 00:00:00,U,247,261193713.70999998
cn,GR,2021-11-01 00:00:00,W,21,4413055472.39
cn,GR,2021-12-01 00:00:00,S,177,608624239.5199999
cn,GR,2021-12-01 00:00:00,U,301,821972852.3399999
cn,GR,2021-12-01 00:00:00,W,24,1288843014.88
cn,GR,2022-01-01 00:00:00,S,98,207671807.11
cn,GR,2022-01-01 00:00:00,U,105,156360387.57000002
cn,GR,2022-01-01 00:00:00,W,14,104057068.3
cn,GR,2022-02-01 00:00:00,S,117,312600066.83000004
cn,GR,2022-02-01 00:00:00,U,145,145457334.03
cn,GR,2022-02-01 00:00:00,W,20,172392746.77
cn,GR,2022-03-01 00:00:00,S,143,296657744.88
cn,GR,2022-03-01 00:00:00,U,170,209584492.03
cn,GR,2022-03-01 00:00:00,W,9,54406954.61
cn,GR,2022-04-01 00:00:00,S,154,488579003.99999994
cn,GR,2022-04-01 00:00:00,U,167,502948709.24
cn,GR,2022-04-01 00:00:00,W,13,84882980.39
cn,GR,2022-05-01 00:00:00,S,159,374916925.51
cn,GR,2022-05-01 00:00:00,U,184,369745276.83
cn,GR,2022-05-01 00:00:00,W,12,150580870.79000002
cn,GR,2022-06-01 00:00:00,S,133,253504687.22000003
cn,GR,2022-06-01 00:00:00,U,190,589394119.48
cn,GR,2022-06-01 00:00:00,W,13,1371667196.8
cn,GR,2022-07-01 00:00:00,S,160,3164283219.1099997
cn,GR,2022-07-01 00:00:00,U,224,434845071.89
cn,GR,2022-07-01 00:00:00,W,14,141712243.47000003
cn,GR,2022-08-01 00:00:00,S,101,908569937.0600002
cn,GR,2022-08-01 00:00:00,U,158,475492317.70000005
cn,GR,2022-08-01 00:00:00,W,22,611401464.0100001
cn,GR,2022-09-01 00:00:00,S,134,261934251.56000006
cn,GR,2022-09-01 00:00:00,U,193,525618176.71999997
cn,GR,2022-09-01 00:00:00,W,11,720232867.75
cn,GR,2022-10-01 00:00:00,S,143,306744027.26
cn,GR,2022-10-01 00:00:00,U,199,277515348.84999996
cn,GR,2022-10-01 00:00:00,W,16,722079776.85
cn,GR,2022-11-01 00:00:00,S,147,622082205.14
cn,GR,2022-11-01 00:00:00,U,226,296553451.79
cn,GR,2022-11-01 00:00:00,W,22,684912094.9900002
cn,GR,2022-12-01 00:00:00,S,221,556347023.65
cn,GR,2022-12-01 00:00:00,U,304,383123466.43
cn,GR,2022-12-01 00:00:00,W,27,1092433644.13
cn,GR,2023-01-01 00:00:00,S,109,295896894.86
cn,GR,2023-01-01 00:00:00,U,118,240069347.27
cn,GR,2023-01-01 00:00:00,W,22,628501172.7700001
cn,GR,2023-02-01 00:00:00,S,121,197421460.67
cn,GR,2023-02-01 00:00:00,U,171,385638779.93000007
cn,GR,2023-02-01 00:00:00,W,14,429675867.40999997
cn,GR,2023-03-01 00:00:00,S,195,452999409.84000003
cn,GR,2023-03-01 00:00:00,U,237,437654502.28
cn,GR,2023-03-01 00:00:00,W,22,258097331.60000002
cn,GR,2023-04-01 00:00:00,S,132,361058870.7100001
cn,GR,2023-04-01 00:00:00,U,197,210223097.18999997
cn,GR,2023-04-01 00:00:00,W,31,519147678.16
cn,GR,2023-05-01 00:00:00,S,164,572299518.23
cn,GR,2023-05-01 00:00:00,U,296,849360839.33
cn,GR,2023-05-01 00:00:00,W,48,1163218395.96
cn,GR,2023-06-01 00:00:00,S,132,515080446.91999996
cn,GR,2023-06-01 00:00:00,U,272,450041539.87
cn,GR,2023-06-01 00:00:00,W,33,335570443.46
cn,GR,2023-07-01 00:00:00,S,123,321105802.76
cn,GR,2023-07-01 00:00:00,U,216,342515221.49
cn,GR,2023-07-01 00:00:00,W,37,1049690966.75
cn,GR,2023-08-01 00:00:00,S,121,222850528.96
cn,GR,2023-08-01 00:00:00,U,196,370182104.47999996
cn,GR,2023-08-01 00:00:00,W,21,213968384.37
cn,GR,2023-09-01 00:00:00,S,96,1308402981.7300003
cn,GR,2023-09-01 00:00:00,U,205,447048694.29
cn,GR,2023-09-01 00:00:00,W,18,294441870.27
cn,HR,2016-01-01 00:00:00,S,27,30533005.450000003
cn,HR,2016-01-01 00:00:00,U,33,39769676.379999995
cn,HR,2016-01-01 00:00:00,W,1,21563989.22
cn,HR,2016-02-01 00:00:00,S,29,18611413.73
cn,HR,2016-02-01 00:00:00,U,71,81938293.80000001
cn,HR,2016-02-01 00:00:00,W,1,2867043.66
cn,HR,2016-03-01 00:00:00,S,50,44006172.49999999
cn,HR,2016-03-01 00:00:00,U,65,115092743.36999999
cn,HR,2016-03-01 00:00:00,W,5,20004513.3
cn,HR,2016-04-01 00:00:00,S,69,77798062.31
cn,HR,2016-04-01 00:00:00,U,84,95062836.22
cn,HR,2016-04-01 00:00:00,W,10,170300541.23000002
cn,HR,2016-05-01 00:00:00,S,44,30496824.070000008
cn,HR,2016-05-01 00:00:00,U,79,91354205.75
cn,HR,2016-05-01 00:00:00,W,7,24770021.119999997
cn,HR,2016-06-01 00:00:00,S,55,93752115.77
cn,HR,2016-06-01 00:00:00,U,79,107446625.44
cn,HR,2016-06-01 00:00:00,W,4,264175941.34999996
cn,HR,2016-07-01 00:00:00,S,48,170318480.75
cn,HR,2016-07-01 00:00:00,U,93,147433086.88
cn,HR,2016-07-01 00:00:00,W,5,45929406.769999996
cn,HR,2016-08-01 00:00:00,S,25,22139079.060000002
cn,HR,2016-08-01 00:00:00,U,70,84794610.03999999
cn,HR,2016-08-01 00:00:00,W,2,836286.89
cn,HR,2016-09-01 00:00:00,S,41,35856927.260000005
cn,HR,2016-09-01 00:00:00,U,85,80285901.84
cn,HR,2016-09-01 00:00:00,W,3,14134069.93
cn,HR,2016-10-01 00:00:00,S,38,46547972.99
cn,HR,2016-10-01 00:00:00,U,85,137428730.61
cn,HR,2016-10-01 00:00:00,W,1,1073898.56
cn,HR,2016-11-01 00:00:00,S,48,44300363.220000006
cn,HR,2016-11-01 00:00:00,U,90,98890486.14999999
cn,HR,2016-11-01 00:00:00,W,7,68289079.16
cn,HR,2016-12-01 00:00:00,S,95,113948560.61999999
cn,HR,2016-12-01 00:00:00,U,170,304940622.33
cn,HR,2016-12-01 00:00:00,W,16,230776815.73000002
cn,HR,2017-01-01 00:00:00,S,4,9700282.700000001
cn,HR,2017-01-01 00:00:00,W,3,37653303.05
cn,HR,2017-02-01 00:00:00,S,21,19147114.62
cn,HR,2017-02-01 00:00:00,U,17,15594235.83
cn,HR,2017-02-01 00:00:00,W,3,45046345.510000005
cn,HR,2017-03-01 00:00:00,S,53,29683193.79
cn,HR,2017-03-01 00:00:00,U,40,43402858.05
cn,HR,2017-03-01 00:00:00,W,3,19789112.63
cn,HR,2017-04-01 00:00:00,S,51,127235734.29
cn,HR,2017-04-01 00:00:00,U,64,127310661.97
cn,HR,2017-04-01 00:00:00,W,4,13780022.79
cn,HR,2017-05-01 00:00:00,S,52,54343044.04000001
cn,HR,2017-05-01 00:00:00,U,80,126056471.17000002
cn,HR,2017-05-01 00:00:00,W,9,135077474.42999998
cn,HR,2017-06-01 00:00:00,S,88,187318381.09
cn,HR,2017-06-01 00:00:00,U,214,350104729.71
cn,HR,2017-06-01 00:00:00,W,4,49359653.25
cn,HR,2017-07-01 00:00:00,S,23,19498366.59
cn,HR,2017-07-01 00:00:00,U,32,46748519.09
cn,HR,2017-07-01 00:00:00,W,1,7933920.17
cn,HR,2017-08-01 00:00:00,S,66,351847884.11
cn,HR,2017-08-01 00:00:00,U,64,87907845.41999999
cn,HR,2017-08-01 00:00:00,W,7,109932071.22000001
cn,HR,2017-09-01 00:00:00,S,45,83003268.4
cn,HR,2017-09-01 00:00:00,U,52,71294606.25999999
cn,HR,2017-09-01 00:00:00,W,3,45783324.62
cn,HR,2017-10-01 00:00:00,S,50,102317418.71000001
cn,HR,2017-10-01 00:00:00,U,63,95110727.39
cn,HR,2017-10-01 00:00:00,W,1,6153784.32
cn,HR,2017-11-01 00:00:00,S,60,209491891.64000002
cn,HR,2017-11-01 00:00:00,U,78,93355110.51000002
cn,HR,2017-11-01 00:00:00,W,6,48065936.35999999
cn,HR,2017-12-01 00:00:00,S,94,82747127.19000001
cn,HR,2017-12-01 00:00:00,U,98,125835864.51000002
cn,HR,2017-12-01 00:00:00,W,8,53660074.900000006
cn,HR,2018-01-01 00:00:00,S,37,37670478.150000006
cn,HR,2018-01-01 00:00:00,U,41,103044049.41
cn,HR,2018-01-01 00:00:00,W,1,7046075.87
cn,HR,2018-02-01 00:00:00,S,38,31414979.31
cn,HR,2018-02-01 00:00:00,U,63,73956744.35
cn,HR,2018-02-01 00:00:00,W,7,51022412.79
cn,HR,2018-03-01 00:00:00,S,66,51843553.97
cn,HR,2018-03-01 00:00:00,U,79,118549484.32000002
cn,HR,2018-03-01 00:00:00,W,8,199311423.4
cn,HR,2018-04-01 00:00:00,S,58,48747838.54
cn,HR,2018-04-01 00:00:00,U,73,87369245.02999999
cn,HR,2018-04-01 00:00:00,W,4,66329551.75
cn,HR,2018-05-01 00:00:00,S,71,86556475.83
cn,HR,2018-05-01 00:00:00,U,111,212607305.65999997
cn,HR,2018-05-01 00:00:00,W,8,99455768.61
cn,HR,2018-06-01 00:00:00,S,77,87036691.68
cn,HR,2018-06-01 00:00:00,U,94,120505095.05999997
cn,HR,2018-06-01 00:00:00,W,8,74419977.08
cn,HR,2018-07-01 00:00:00,S,118,431929005.88
cn,HR,2018-07-01 00:00:00,U,99,159269378.64999998
cn,HR,2018-07-01 00:00:00,W,13,202238274.10999998
cn,HR,2018-08-01 00:00:00,S,54,50201855.82000001
cn,HR,2018-08-01 00:00:00,U,94,116738785.66999999
cn,HR,2018-08-01 00:00:00,W,4,15929902.46
cn,HR,2018-09-01 00:00:00,S,50,84953911.82
cn,HR,2018-09-01 00:00:00,U,99,195845823.73000002
cn,HR,2018-09-01 00:00:00,W,8,311591094.41999996
cn,HR,2018-10-01 00:00:00,S,89,118856077.01
cn,HR,2018-10-01 00:00:00,U,112,143265926.27999997
cn,HR,2018-10-01 00:00:00,W,9,147227905.81
cn,HR,2018-11-01 00:00:00,S,66,118711559.42000002
cn,HR,2018-11-01 00:00:00,U,98,153829152.26999998
cn,HR,2018-11-01 00:00:00,W,11,445154537.48
cn,HR,2018-12-01 00:00:00,S,83,88830059.82999998
cn,HR,2018-12-01 00:00:00,U,119,111855447.87
cn,HR,2018-12-01 00:00:00,W,13,259837859.18999997
cn,HR,2019-01-01 00:00:00,S,59,49728302.849999994
cn,HR,2019-01-01 00:00:00,U,87,70226186.26
cn,HR,2019-01-01 00:00:00,W,15,125568578.02999999
cn,HR,2019-02-01 00:00:00,S,52,69712643.98
cn,HR,2019-02-01 00:00:00,U,85,191644794.07000002
cn,HR,2019-02-01 00:00:00,W,11,91667462.28
cn,HR,2019-03-01 00:00:00,S,63,69806913.46
cn,HR,2019-03-01 00:00:00,U,101,236109203.99999997
cn,HR,2019-03-01 00:00:00,W,9,99488794.7
cn,HR,2019-04-01 00:00:00,S,85,100985273.28999999
cn,HR,2019-04-01 00:00:00,U,97,185286911.42000002
cn,HR,2019-04-01 00:00:00,W,9,121163712.67000002
cn,HR,2019-05-01 00:00:00,S,59,77599094.66
cn,HR,2019-05-01 00:00:00,U,100,99793829.14000002
cn,HR,2019-05-01 00:00:00,W,17,187071495.52
cn,HR,2019-06-01 00:00:00,S,80,96095723.03
cn,HR,2019-06-01 00:00:00,U,88,144392908.57000002
cn,HR,2019-06-01 00:00:00,W,14,65950359.07
cn,HR,2019-07-01 00:00:00,S,76,54215342.879999995
cn,HR,2019-07-01 00:00:00,U,154,263814546.92000002
cn,HR,2019-07-01 00:00:00,W,21,181541585.5
cn,HR,2019-08-01 00:00:00,S,57,62158497.65
cn,HR,2019-08-01 00:00:00,U,129,150738158.24999997
cn,HR,2019-08-01 00:00:00,W,15,225962822.1
cn,HR,2019-09-01 00:00:00,S,48,96218821.83999999
cn,HR,2019-09-01 00:00:00,U,120,84040220.46
cn,HR,2019-09-01 00:00:00,W,8,61213901.839999996
cn,HR,2019-10-01 00:00:00,S,57,78484698.67999999
cn,HR,2019-10-01 00:00:00,U,107,88764303.44
cn,HR,2019-10-01 00:00:00,W,13,135779453.54999998
cn,HR,2019-11-01 00:00:00,S,65,65080268.870000005
cn,HR,2019-11-01 00:00:00,U,125,197675652.36
cn,HR,2019-11-01 00:00:00,W,16,87719855.97999999
cn,HR,2019-12-01 00:00:00,S,97,74316247.25000001
cn,HR,2019-12-01 00:00:00,U,129,189798845.62
cn,HR,2019-12-01 00:00:00,W,22,188433886.21
cn,HR,2020-01-01 00:00:00,S,39,54627878.43
cn,HR,2020-01-01 00:00:00,U,73,71610556.28
cn,HR,2020-01-01 00:00:00,W,12,176327796.84
cn,HR,2020-02-01 00:00:00,S,43,55061950.919999994
cn,HR,2020-02-01 00:00:00,U,114,228664528.77999997
cn,HR,2020-02-01 00:00:00,W,17,132233119.14999999
cn,HR,2020-03-01 00:00:00,S,81,115398532.41000001
cn,HR,2020-03-01 00:00:00,U,111,97663707.98
cn,HR,2020-03-01 00:00:00,W,16,268995078.71999997
cn,HR,2020-04-01 00:00:00,S,54,99205103.19
cn,HR,2020-04-01 00:00:00,U,87,121839149.83999999
cn,HR,2020-04-01 00:00:00,W,16,181773750.17999998
cn,HR,2020-05-01 00:00:00,S,66,66465674.849999994
cn,HR,2020-05-01 00:00:00,U,98,129073088.85999998
cn,HR,2020-05-01 00:00:00,W,11,131465150.83
cn,HR,2020-06-01 00:00:00,S,71,75637682.20000002
cn,HR,2020-06-01 00:00:00,U,96,75365978.26
cn,HR,2020-06-01 00:00:00,W,22,241974119.35999998
cn,HR,2020-07-01 00:00:00,S,93,91172601.03999999
cn,HR,2020-07-01 00:00:00,U,178,260245331.05
cn,HR,2020-07-01 00:00:00,W,18,252823087.00999996
cn,HR,2020-08-01 00:00:00,S,51,75636261.02000001
cn,HR,2020-08-01 00:00:00,U,77,60817480.74999999
cn,HR,2020-08-01 00:00:00,W,19,181287173.5
cn,HR,2020-09-01 00:00:00,S,66,52949825.38999999
cn,HR,2020-09-01 00:00:00,U,120,408858863.38
cn,HR,2020-09-01 00:00:00,W,13,477118490.95000005
cn,HR,2020-10-01 00:00:00,S,73,84211105.75999999
cn,HR,2020-10-01 00:00:00,U,154,153606861.53
cn,HR,2020-10-01 00:00:00,W,13,97188658.43
cn,HR,2020-11-01 00:00:00,S,59,82065558.16999999
cn,HR,2020-11-01 00:00:00,U,132,115539976.21999998
cn,HR,2020-11-01 00:00:00,W,16,233690027.09000003
cn,HR,2020-12-01 00:00:00,S,92,101651954.83000003
cn,HR,2020-12-01 00:00:00,U,154,196014415.15000004
cn,HR,2020-12-01 00:00:00,W,25,317453096.99
cn,HR,2021-01-01 00:00:00,S,38,21968506.94
cn,HR,2021-01-01 00:00:00,U,61,93783927.0
cn,HR,2021-01-01 00:00:00,W,17,118134093.92
cn,HR,2021-02-01 00:00:00,S,58,38800999.589999996
cn,HR,2021-02-01 00:00:00,U,96,103303529.92000002
cn,HR,2021-02-01 00:00:00,W,12,69999224.03
cn,HR,2021-03-01 00:00:00,S,71,67100103.63999999
cn,HR,2021-03-01 00:00:00,U,133,175886020.11999997
cn,HR,2021-03-01 00:00:00,W,26,238044506.11999997
cn,HR,2021-04-01 00:00:00,S,77,84405617.3
cn,HR,2021-04-01 00:00:00,U,113,85768055.33999999
cn,HR,2021-04-01 00:00:00,W,10,109396442.38
cn,HR,2021-05-01 00:00:00,S,92,92224860.58
cn,HR,2021-05-01 00:00:00,U,105,82677809.41999999
cn,HR,2021-05-01 00:00:00,W,8,47055424.81999999
cn,HR,2021-06-01 00:00:00,S,88,111272454.61
cn,HR,2021-06-01 00:00:00,U,112,133046070.03000002
cn,HR,2021-06-01 00:00:00,W,12,74208799.34
cn,HR,2021-07-01 00:00:00,S,87,81404333.92000002
cn,HR,2021-07-01 00:00:00,U,138,184517403.11000004
cn,HR,2021-07-01 00:00:00,W,18,183294332.53
cn,HR,2021-08-01 00:00:00,S,63,56877257.889999986
cn,HR,2021-08-01 00:00:00,U,98,87030301.53000002
cn,HR,2021-08-01 00:00:00,W,15,124073656.65
cn,HR,2021-09-01 00:00:00,S,54,64313073.78
cn,HR,2021-09-01 00:00:00,U,121,125482230.11
cn,HR,2021-09-01 00:00:00,W,6,34027841.25
cn,HR,2021-10-01 00:00:00,S,64,110135624.42
cn,HR,2021-10-01 00:00:00,U,138,206759322.57000002
cn,HR,2021-10-01 00:00:00,W,13,89548139.57999998
cn,HR,2021-11-01 00:00:00,S,78,80552081.45
cn,HR,2021-11-01 00:00:00,U,150,581271381.99
cn,HR,2021-11-01 00:00:00,W,17,255126790.42999998
cn,HR,2021-12-01 00:00:00,S,120,154798916.24999997
cn,HR,2021-12-01 00:00:00,U,196,329565342.31
cn,HR,2021-12-01 00:00:00,W,10,137388228.28
cn,HR,2022-01-01 00:00:00,S,35,33539504.100000005
cn,HR,2022-01-01 00:00:00,U,66,52651027.35999999
cn,HR,2022-01-01 00:00:00,W,13,195263696.24
cn,HR,2022-02-01 00:00:00,S,60,66793456.81999999
cn,HR,2022-02-01 00:00:00,U,124,151325200.88000003
cn,HR,2022-02-01 00:00:00,W,14,186124174.89999998
cn,HR,2022-03-01 00:00:00,S,110,212642450.44000003
cn,HR,2022-03-01 00:00:00,U,160,734544624.8499999
cn,HR,2022-03-01 00:00:00,W,10,34327839.7
cn,HR,2022-04-01 00:00:00,S,85,135632148.7
cn,HR,2022-04-01 00:00:00,U,130,149356509.29000002
cn,HR,2022-04-01 00:00:00,W,11,165944738.04000002
cn,HR,2022-05-01 00:00:00,S,86,89469338.28
cn,HR,2022-05-01 00:00:00,U,155,174430367.9
cn,HR,2022-05-01 00:00:00,W,13,162501644.57
cn,HR,2022-06-01 00:00:00,S,139,541432267.7900001
cn,HR,2022-06-01 00:00:00,U,176,207198717.92999998
cn,HR,2022-06-01 00:00:00,W,15,104183850.88
cn,HR,2022-07-01 00:00:00,S,84,112239377.67
cn,HR,2022-07-01 00:00:00,U,167,227040560.88
cn,HR,2022-07-01 00:00:00,W,17,186905770.66
cn,HR,2022-08-01 00:00:00,S,63,64024066.720000006
cn,HR,2022-08-01 00:00:00,U,169,454794952.4
cn,HR,2022-08-01 00:00:00,W,16,126835240.15
cn,HR,2022-09-01 00:00:00,S,72,106443352.58
cn,HR,2022-09-01 00:00:00,U,155,125411354.32000001
cn,HR,2022-09-01 00:00:00,W,20,478593468.01
cn,HR,2022-10-01 00:00:00,S,84,171246067.27000004
cn,HR,2022-10-01 00:00:00,U,170,369815546.34000003
cn,HR,2022-10-01 00:00:00,W,8,38424822.199999996
cn,HR,2022-11-01 00:00:00,S,78,59425075.71
cn,HR,2022-11-01 00:00:00,U,174,183121368.63000003
cn,HR,2022-11-01 00:00:00,W,16,111556792.8
cn,HR,2022-12-01 00:00:00,S,100,146195354.07
cn,HR,2022-12-01 00:00:00,U,178,891719917.83
cn,HR,2022-12-01 00:00:00,W,20,148404557.11
cn,HR,2023-01-01 00:00:00,S,79,69004206.42
cn,HR,2023-01-01 00:00:00,U,98,200948040.57
cn,HR,2023-01-01 00:00:00,W,9,100121344.24000001
cn,HR,2023-02-01 00:00:00,S,78,136277318.74
cn,HR,2023-02-01 00:00:00,U,144,311005825.96
cn,HR,2023-02-01 00:00:00,W,25,173433519.52999994
cn,HR,2023-03-01 00:00:00,S,105,119703793.82
cn,HR,2023-03-01 00:00:00,U,179,689464271.9600002
cn,HR,2023-03-01 00:00:00,W,27,219702728.60999998
cn,HR,2023-04-01 00:00:00,S,87,99065910.60999998
cn,HR,2023-04-01 00:00:00,U,154,333929173.72999996
cn,HR,2023-04-01 00:00:00,W,17,157089208.66
cn,HR,2023-05-01 00:00:00,S,94,116327517.55000001
cn,HR,2023-05-01 00:00:00,U,176,732110067.2600001
cn,HR,2023-05-01 00:00:00,W,15,185827462.61
cn,HR,2023-06-01 00:00:00,S,91,139773571.69
cn,HR,2023-06-01 00:00:00,U,148,387562526.17
cn,HR,2023-06-01 00:00:00,W,17,153125776.02
cn,HR,2023-07-01 00:00:00,S,101,106674530.07000001
cn,HR,2023-07-01 00:00:00,U,185,652842349.5699998
cn,HR,2023-07-01 00:00:00,W,34,246731032.51999998
cn,HR,2023-08-01 00:00:00,S,85,78778691.91000003
cn,HR,2023-08-01 00:00:00,U,140,291705177.73
cn,HR,2023-08-01 00:00:00,W,25,211753447.01999998
cn,HR,2023-09-01 00:00:00,S,62,113898206.64
cn,HR,2023-09-01 00:00:00,U,104,163383053.29000002
cn,HR,2023-09-01 00:00:00,W,16,117693420.71
cn,HU,2016-01-01 00:00:00,S,11,6168542.9
cn,HU,2016-01-01 00:00:00,U,18,1770805.54
cn,HU,2016-01-01 00:00:00,W,1,
cn,HU,2016-02-01 00:00:00,S,29,32324043.14
cn,HU,2016-02-01 00:00:00,U,33,19276767.94
cn,HU,2016-03-01 00:00:00,S,30,27630534.810000002
cn,HU,2016-03-01 00:00:00,U,48,47528398.02000001
cn,HU,2016-03-01 00:00:00,W,9,1355625117.71
cn,HU,2016-04-01 00:00:00,S,57,163700998.44
cn,HU,2016-04-01 00:00:00,U,79,32151985.799999997
cn,HU,2016-04-01 00:00:00,W,8,36165348.06
cn,HU,2016-05-01 00:00:00,S,61,121869812.21999997
cn,HU,2016-05-01 00:00:00,U,80,55889546.32000001
cn,HU,2016-05-01 00:00:00,W,16,19265348.06
cn,HU,2016-06-01 00:00:00,S,73,91648183.38
cn,HU,2016-06-01 00:00:00,U,81,23585754.04
cn,HU,2016-06-01 00:00:00,W,14,9592598.100000001
cn,HU,2016-07-01 00:00:00,S,49,74475126.7
cn,HU,2016-07-01 00:00:00,U,69,43078941.56
cn,HU,2016-07-01 00:00:00,W,8,24572790.909999996
cn,HU,2016-08-01 00:00:00,S,82,51327051.13999999
cn,HU,2016-08-01 00:00:00,U,79,206121369.35
cn,HU,2016-08-01 00:00:00,W,15,52979707.16
cn,HU,2016-09-01 00:00:00,S,66,17836583.58
cn,HU,2016-09-01 00:00:00,U,111,110802073.50999998
cn,HU,2016-09-01 00:00:00,W,11,1.0
cn,HU,2016-10-01 00:00:00,S,89,58928784.07999999
cn,HU,2016-10-01 00:00:00,U,69,47148802.58
cn,HU,2016-10-01 00:00:00,W,15,57823342.629999995
cn,HU,2016-11-01 00:00:00,S,78,61104594.4
cn,HU,2016-11-01 00:00:00,U,98,28159091.4
cn,HU,2016-11-01 00:00:00,W,12,0.0
cn,HU,2016-12-01 00:00:00,S,137,356526682.12
cn,HU,2016-12-01 00:00:00,U,182,110037644.14999999
cn,HU,2016-12-01 00:00:00,W,38,35014770.11
cn,HU,2017-01-01 00:00:00,S,59,184119081.82
cn,HU,2017-01-01 00:00:00,U,77,524635337.90999997
cn,HU,2017-01-01 00:00:00,W,6,170098876.82
cn,HU,2017-02-01 00:00:00,S,56,124751432.77000001
cn,HU,2017-02-01 00:00:00,U,69,24614873.220000003
cn,HU,2017-02-01 00:00:00,W,5,2534537150.2900004
cn,HU,2017-03-01 00:00:00,S,65,60475892.53
cn,HU,2017-03-01 00:00:00,U,92,66158894.78
cn,HU,2017-03-01 00:00:00,W,15,285826291.71
cn,HU,2017-04-01 00:00:00,S,67,61768269.879999995
cn,HU,2017-04-01 00:00:00,U,84,78980740.96000002
cn,HU,2017-04-01 00:00:00,W,8,42442688.36
cn,HU,2017-05-01 00:00:00,S,73,35939545.61
cn,HU,2017-05-01 00:00:00,U,106,490529183.31
cn,HU,2017-05-01 00:00:00,W,13,71153659.57
cn,HU,2017-06-01 00:00:00,S,60,11990027.43
cn,HU,2017-06-01 00:00:00,U,91,91322256.60000002
cn,HU,2017-06-01 00:00:00,W,12,61128366.11000001
cn,HU,2017-07-01 00:00:00,S,95,76248553.44000001
cn,HU,2017-07-01 00:00:00,U,117,96084690.79999998
cn,HU,2017-07-01 00:00:00,W,31,140285166.36
cn,HU,2017-08-01 00:00:00,S,98,57063711.059999995
cn,HU,2017-08-01 00:00:00,U,119,47339224.57000001
cn,HU,2017-08-01 00:00:00,W,24,18189269.080000002
cn,HU,2017-09-01 00:00:00,S,83,33231205.809999995
cn,HU,2017-09-01 00:00:00,U,130,32695291.35
cn,HU,2017-09-01 00:00:00,W,16,19405543.52
cn,HU,2017-10-01 00:00:00,S,89,108843777.99
cn,HU,2017-10-01 00:00:00,U,111,74089726.36999999
cn,HU,2017-10-01 00:00:00,W,13,39026385.07
cn,HU,2017-11-01 00:00:00,S,92,39764753.71999999
cn,HU,2017-11-01 00:00:00,U,140,26574588.82
cn,HU,2017-11-01 00:00:00,W,12,1.0
cn,HU,2017-12-01 00:00:00,S,155,245128647.82999998
cn,HU,2017-12-01 00:00:00,U,252,404261018.91999996
cn,HU,2017-12-01 00:00:00,W,39,37854013.15
cn,HU,2018-01-01 00:00:00,S,51,58826106.13
cn,HU,2018-01-01 00:00:00,U,98,137439549.12
cn,HU,2018-01-01 00:00:00,W,21,3927032.06
cn,HU,2018-02-01 00:00:00,S,60,65836466.29
cn,HU,2018-02-01 00:00:00,U,98,191185398.79999995
cn,HU,2018-02-01 00:00:00,W,35,98353272.18
cn,HU,2018-03-01 00:00:00,S,112,38125200.06
cn,HU,2018-03-01 00:00:00,U,104,73591307.29
cn,HU,2018-03-01 00:00:00,W,19,15435416.6
cn,HU,2018-04-01 00:00:00,S,169,93290919.23
cn,HU,2018-04-01 00:00:00,U,225,74739572.74
cn,HU,2018-04-01 00:00:00,W,51,102489491.78999999
cn,HU,2018-05-01 00:00:00,S,28,2641014.12
cn,HU,2018-05-01 00:00:00,U,61,10702426.66
cn,HU,2018-05-01 00:00:00,W,5,0.0
cn,HU,2018-06-01 00:00:00,S,57,21705882.259999998
cn,HU,2018-06-01 00:00:00,U,95,7717537.51
cn,HU,2018-06-01 00:00:00,W,19,50299476.31
cn,HU,2018-07-01 00:00:00,S,63,7529752.36
cn,HU,2018-07-01 00:00:00,U,126,46290136.20999999
cn,HU,2018-07-01 00:00:00,W,16,6271755.15
cn,HU,2018-08-01 00:00:00,S,97,50879181.86
cn,HU,2018-08-01 00:00:00,U,115,9521895.33
cn,HU,2018-08-01 00:00:00,W,31,0.0
cn,HU,2018-09-01 00:00:00,S,79,24700614.66
cn,HU,2018-09-01 00:00:00,U,101,10598441.489999998
cn,HU,2018-09-01 00:00:00,W,16,8153281.7
cn,HU,2018-10-01 00:00:00,S,79,25975829.64
cn,HU,2018-10-01 00:00:00,U,141,19136907.720000003
cn,HU,2018-10-01 00:00:00,W,24,26505350.599999998
cn,HU,2018-11-01 00:00:00,S,71,4537873.41
cn,HU,2018-11-01 00:00:00,U,101,27904393.889999997
cn,HU,2018-11-01 00:00:00,W,17,7127741.83
cn,HU,2018-12-01 00:00:00,S,127,16814887.419999998
cn,HU,2018-12-01 00:00:00,U,210,12780882.519999998
cn,HU,2018-12-01 00:00:00,W,42,21160640.96
cn,HU,2019-01-01 00:00:00,S,81,12916994.9
cn,HU,2019-01-01 00:00:00,U,142,52081470.02
cn,HU,2019-01-01 00:00:00,W,20,3000000.0
cn,HU,2019-02-01 00:00:00,S,49,14703735.010000002
cn,HU,2019-02-01 00:00:00,U,71,13666594.24
cn,HU,2019-02-01 00:00:00,W,21,0.0
cn,HU,2019-03-01 00:00:00,S,67,36329972.63
cn,HU,2019-03-01 00:00:00,U,114,10969587.07
cn,HU,2019-03-01 00:00:00,W,30,49650403.54
cn,HU,2019-04-01 00:00:00,S,54,13045773.14
cn,HU,2019-04-01 00:00:00,U,113,21702815.53
cn,HU,2019-04-01 00:00:00,W,28,51259760.22
cn,HU,2019-05-01 00:00:00,S,87,19280640.94
cn,HU,2019-05-01 00:00:00,U,124,26497423.72
cn,HU,2019-05-01 00:00:00,W,32,35351982.79
cn,HU,2019-06-01 00:00:00,S,70,68251089.73
cn,HU,2019-06-01 00:00:00,U,117,42004555.14
cn,HU,2019-06-01 00:00:00,W,22,24592683.68
cn,HU,2019-07-01 00:00:00,S,84,224316075.6
cn,HU,2019-07-01 00:00:00,U,174,273354729.17
cn,HU,2019-07-01 00:00:00,W,36,39009418.33
cn,HU,2019-08-01 00:00:00,S,64,22290246.54
cn,HU,2019-08-01 00:00:00,U,132,58427780.76
cn,HU,2019-08-01 00:00:00,W,31,26608747.55
cn,HU,2019-09-01 00:00:00,S,86,17948211.990000002
cn,HU,2019-09-01 00:00:00,U,155,21917723.1
cn,HU,2019-09-01 00:00:00,W,25,61960730.34
cn,HU,2019-10-01 00:00:00,S,80,46445254.660000004
cn,HU,2019-10-01 00:00:00,U,146,49010642.86
cn,HU,2019-10-01 00:00:00,W,24,430371964.34
cn,HU,2019-11-01 00:00:00,S,87,8637933.84
cn,HU,2019-11-01 00:00:00,U,134,19674283.37
cn,HU,2019-11-01 00:00:00,W,27,0.0
cn,HU,2019-12-01 00:00:00,S,147,16306062.390000002
cn,HU,2019-12-01 00:00:00,U,209,121991080.17999996
cn,HU,2019-12-01 00:00:00,W,51,19485064.8
cn,HU,2020-01-01 00:00:00,S,70,66880532.379999995
cn,HU,2020-01-01 00:00:00,U,78,11296002.01
cn,HU,2020-01-01 00:00:00,W,23,5885551.6
cn,HU,2020-02-01 00:00:00,S,51,3165320.2800000003
cn,HU,2020-02-01 00:00:00,U,93,8526653.31
cn,HU,2020-02-01 00:00:00,W,19,0.0
cn,HU,2020-03-01 00:00:00,S,82,128912832.55
cn,HU,2020-03-01 00:00:00,U,126,18277103.73
cn,HU,2020-03-01 00:00:00,W,41,17081850.53
cn,HU,2020-04-01 00:00:00,S,81,58104319.50999999
cn,HU,2020-04-01 00:00:00,U,121,16804883.39
cn,HU,2020-04-01 00:00:00,W,20,1436651245.55
cn,HU,2020-05-01 00:00:00,S,69,46673075.580000006
cn,HU,2020-05-01 00:00:00,U,118,26001410.16
cn,HU,2020-05-01 00:00:00,W,21,5392141.23
cn,HU,2020-06-01 00:00:00,S,66,272968800.72999996
cn,HU,2020-06-01 00:00:00,U,141,60693363.11
cn,HU,2020-06-01 00:00:00,W,20,1.0
cn,HU,2020-07-01 00:00:00,S,83,19866327.150000002
cn,HU,2020-07-01 00:00:00,U,150,49295241.39
cn,HU,2020-07-01 00:00:00,W,16,0.0
cn,HU,2020-08-01 00:00:00,S,78,81676654.8
cn,HU,2020-08-01 00:00:00,U,125,2896446.9499999997
cn,HU,2020-08-01 00:00:00,W,31,74021352.31
cn,HU,2020-09-01 00:00:00,S,86,37290363.08
cn,HU,2020-09-01 00:00:00,U,139,47573927.54000001
cn,HU,2020-09-01 00:00:00,W,36,1565836.3
cn,HU,2020-10-01 00:00:00,S,110,96144953.15
cn,HU,2020-10-01 00:00:00,U,133,104197917.16999999
cn,HU,2020-10-01 00:00:00,W,39,0.0
cn,HU,2020-11-01 00:00:00,S,106,20927264.659999996
cn,HU,2020-11-01 00:00:00,U,209,360490518.9799999
cn,HU,2020-11-01 00:00:00,W,33,0.0
cn,HU,2020-12-01 00:00:00,S,153,880574872.6600001
cn,HU,2020-12-01 00:00:00,U,209,217275870.73
cn,HU,2020-12-01 00:00:00,W,50,5803993.5600000005
cn,HU,2021-01-01 00:00:00,S,89,2639564501.29
cn,HU,2021-01-01 00:00:00,U,102,18268136.97
cn,HU,2021-01-01 00:00:00,W,32,16735468.04
cn,HU,2021-02-01 00:00:00,S,55,126216010.26
cn,HU,2021-02-01 00:00:00,U,61,732691204.03
cn,HU,2021-02-01 00:00:00,W,14,57403862.13
cn,HU,2021-03-01 00:00:00,S,89,31765737.289999995
cn,HU,2021-03-01 00:00:00,U,127,52212200.20999999
cn,HU,2021-03-01 00:00:00,W,28,8291420.37
cn,HU,2021-04-01 00:00:00,S,123,61179034.47
cn,HU,2021-04-01 00:00:00,U,180,348600985.56
cn,HU,2021-04-01 00:00:00,W,59,946457659.27
cn,HU,2021-05-01 00:00:00,S,93,92035259.02
cn,HU,2021-05-01 00:00:00,U,154,85658322.42
cn,HU,2021-05-01 00:00:00,W,46,0.0
cn,HU,2021-06-01 00:00:00,S,113,10918330.76
cn,HU,2021-06-01 00:00:00,U,169,138205162.12
cn,HU,2021-06-01 00:00:00,W,48,22035032.92
cn,HU,2021-07-01 00:00:00,S,132,169457041.02
cn,HU,2021-07-01 00:00:00,U,169,151071797.24
cn,HU,2021-07-01 00:00:00,W,53,5020641.41
cn,HU,2021-08-01 00:00:00,S,128,23593118.889999997
cn,HU,2021-08-01 00:00:00,U,162,25939770.300000004
cn,HU,2021-08-01 00:00:00,W,54,0.0
cn,HU,2021-09-01 00:00:00,S,102,43437627.59
cn,HU,2021-09-01 00:00:00,U,149,1493159592.55
cn,HU,2021-09-01 00:00:00,W,33,3292778.75
cn,HU,2021-10-01 00:00:00,S,118,158885943.31
cn,HU,2021-10-01 00:00:00,U,200,1037000946.7099999
cn,HU,2021-10-01 00:00:00,W,39,49436572.58
cn,HU,2021-11-01 00:00:00,S,108,77057292.73
cn,HU,2021-11-01 00:00:00,U,191,2103101152.2199998
cn,HU,2021-11-01 00:00:00,W,69,20919335.04
cn,HU,2021-12-01 00:00:00,S,167,48778957.53999999
cn,HU,2021-12-01 00:00:00,U,216,21361734.17
cn,HU,2021-12-01 00:00:00,W,88,35144482.870000005
cn,HU,2022-01-01 00:00:00,S,63,19932807.12
cn,HU,2022-01-01 00:00:00,U,127,934203416.4799999
cn,HU,2022-01-01 00:00:00,W,59,50552270.440000005
cn,HU,2022-02-01 00:00:00,S,81,96098413.58999999
cn,HU,2022-02-01 00:00:00,U,108,130455522.19
cn,HU,2022-02-01 00:00:00,W,42,976235.64
cn,HU,2022-03-01 00:00:00,S,92,28519389.730000004
cn,HU,2022-03-01 00:00:00,U,129,13112995.280000001
cn,HU,2022-03-01 00:00:00,W,30,
cn,HU,2022-04-01 00:00:00,S,86,3928652.12
cn,HU,2022-04-01 00:00:00,U,103,69880123.98
cn,HU,2022-04-01 00:00:00,W,27,0.0
cn,HU,2022-05-01 00:00:00,S,130,153480860.85
cn,HU,2022-05-01 00:00:00,U,136,140926587.09
cn,HU,2022-05-01 00:00:00,W,28,158454565.52
cn,HU,2022-06-01 00:00:00,S,106,16007285.53
cn,HU,2022-06-01 00:00:00,U,132,256364340.74
cn,HU,2022-06-01 00:00:00,W,29,55784893.45
cn,HU,2022-07-01 00:00:00,S,82,13308986.16
cn,HU,2022-07-01 00:00:00,U,178,20352987.5
cn,HU,2022-07-01 00:00:00,W,16,
cn,HU,2022-08-01 00:00:00,S,91,92694737.53000002
cn,HU,2022-08-01 00:00:00,U,209,39015967.66
cn,HU,2022-08-01 00:00:00,W,34,21421927.95
cn,HU,2022-09-01 00:00:00,S,56,50061147.57
cn,HU,2022-09-01 00:00:00,U,218,30836254.22
cn,HU,2022-09-01 00:00:00,W,23,0.01
cn,HU,2022-10-01 00:00:00,S,74,39810196.8
cn,HU,2022-10-01 00:00:00,U,206,17598130.64
cn,HU,2022-10-01 00:00:00,W,17,502064.04
cn,HU,2022-11-01 00:00:00,S,97,44741480.4
cn,HU,2022-11-01 00:00:00,U,203,20563580.439999998
cn,HU,2022-11-01 00:00:00,W,17,28133995.32
cn,HU,2022-12-01 00:00:00,S,114,5388806.02
cn,HU,2022-12-01 00:00:00,U,191,510191767.23
cn,HU,2022-12-01 00:00:00,W,26,5578489.35
cn,HU,2023-01-01 00:00:00,S,64,19640308.41
cn,HU,2023-01-01 00:00:00,U,103,1933468883.44
cn,HU,2023-01-01 00:00:00,W,26,0.0
cn,HU,2023-02-01 00:00:00,S,65,142432208.43
cn,HU,2023-02-01 00:00:00,U,116,2113403973.9399998
cn,HU,2023-02-01 00:00:00,W,28,
cn,HU,2023-03-01 00:00:00,S,101,11401789.27
cn,HU,2023-03-01 00:00:00,U,171,3211648.57
cn,HU,2023-03-01 00:00:00,W,33,4996563.37
cn,HU,2023-04-01 00:00:00,S,85,1071767403.08
cn,HU,2023-04-01 00:00:00,U,113,97216684.13000001
cn,HU,2023-04-01 00:00:00,W,22,19934064.25
cn,HU,2023-05-01 00:00:00,S,119,32514145.230000004
cn,HU,2023-05-01 00:00:00,U,154,182843437.82
cn,HU,2023-05-01 00:00:00,W,18,49725267.7
cn,HU,2023-06-01 00:00:00,S,108,25856280.96
cn,HU,2023-06-01 00:00:00,U,205,7170603.47
cn,HU,2023-06-01 00:00:00,W,26,47169618.45
cn,HU,2023-07-01 00:00:00,S,98,21508143.830000002
cn,HU,2023-07-01 00:00:00,U,161,412720202.36999995
cn,HU,2023-07-01 00:00:00,W,32,43255156.03
cn,HU,2023-08-01 00:00:00,S,111,85874160.83
cn,HU,2023-08-01 00:00:00,U,157,371109683.5
cn,HU,2023-08-01 00:00:00,W,27,27217664.65
cn,HU,2023-09-01 00:00:00,S,106,290966728.22999996
cn,HU,2023-09-01 00:00:00,U,172,83189008.38999999
cn,HU,2023-09-01 00:00:00,W,19,43364665.599999994
cn,IE,2016-01-01 00:00:00,S,49,160435000.0
cn,IE,2016-01-01 00:00:00,U,26,102545001.0
cn,IE,2016-01-01 00:00:00,W,12,39280000.0
cn,IE,2016-02-01 00:00:00,S,67,42739500.0
cn,IE,2016-02-01 00:00:00,U,43,20245001.0
cn,IE,2016-02-01 00:00:00,W,13,81200000.0
cn,IE,2016-03-01 00:00:00,S,77,86026000.0
cn,IE,2016-03-01 00:00:00,U,35,108198885.0
cn,IE,2016-03-01 00:00:00,W,15,111200000.0
cn,IE,2016-04-01 00:00:00,S,76,324059000.0
cn,IE,2016-04-01 00:00:00,U,32,20214000.0
cn,IE,2016-04-01 00:00:00,W,10,52000000.0
cn,IE,2016-05-01 00:00:00,S,77,264952006.0
cn,IE,2016-05-01 00:00:00,U,23,144855190.0
cn,IE,2016-05-01 00:00:00,W,26,273150000.0
cn,IE,2016-06-01 00:00:00,S,84,426809181.01
cn,IE,2016-06-01 00:00:00,U,38,145696702.0
cn,IE,2016-06-01 00:00:00,W,17,209016001.0
cn,IE,2016-07-01 00:00:00,S,95,1080663508.0
cn,IE,2016-07-01 00:00:00,U,36,54920004.0
cn,IE,2016-07-01 00:00:00,W,14,48306000.0
cn,IE,2016-08-01 00:00:00,S,84,335975218.0
cn,IE,2016-08-01 00:00:00,U,34,201667005.0
cn,IE,2016-08-01 00:00:00,W,7,608000000.0
cn,IE,2016-09-01 00:00:00,S,67,231006814.0
cn,IE,2016-09-01 00:00:00,U,43,565921861.11
cn,IE,2016-09-01 00:00:00,W,9,181450000.0
cn,IE,2016-10-01 00:00:00,S,65,285325880.0
cn,IE,2016-10-01 00:00:00,U,30,38697449.0
cn,IE,2016-10-01 00:00:00,W,25,174376000.0
cn,IE,2016-11-01 00:00:00,S,73,511621007.0
cn,IE,2016-11-01 00:00:00,U,32,650510002.0
cn,IE,2016-11-01 00:00:00,W,19,79013985.0
cn,IE,2016-12-01 00:00:00,S,56,285875173.0
cn,IE,2016-12-01 00:00:00,U,31,296705003.0
cn,IE,2016-12-01 00:00:00,W,23,164430001.0
cn,IE,2017-01-01 00:00:00,S,53,189374754.0
cn,IE,2017-01-01 00:00:00,U,23,46199802.0
cn,IE,2017-01-01 00:00:00,W,7,54000000.0
cn,IE,2017-02-01 00:00:00,S,78,173868392.0
cn,IE,2017-02-01 00:00:00,U,34,73487993.0
cn,IE,2017-02-01 00:00:00,W,17,106000100.0
cn,IE,2017-03-01 00:00:00,S,90,356609307.01
cn,IE,2017-03-01 00:00:00,U,45,396530613.0
cn,IE,2017-03-01 00:00:00,W,17,530300000.0
cn,IE,2017-04-01 00:00:00,S,59,230301003.0
cn,IE,2017-04-01 00:00:00,U,33,59014088.0
cn,IE,2017-04-01 00:00:00,W,13,462885000.0
cn,IE,2017-05-01 00:00:00,S,100,154029270.0
cn,IE,2017-05-01 00:00:00,U,42,47754011.0
cn,IE,2017-05-01 00:00:00,W,13,178740001.0
cn,IE,2017-06-01 00:00:00,S,86,228556946.01
cn,IE,2017-06-01 00:00:00,U,36,38832704.0
cn,IE,2017-06-01 00:00:00,W,10,92765000.0
cn,IE,2017-07-01 00:00:00,S,134,460130871.0
cn,IE,2017-07-01 00:00:00,U,41,137888273.0
cn,IE,2017-07-01 00:00:00,W,12,37805167.0
cn,IE,2017-08-01 00:00:00,S,79,98231411.04
cn,IE,2017-08-01 00:00:00,U,29,38450002.0
cn,IE,2017-08-01 00:00:00,W,19,181036500.0
cn,IE,2017-09-01 00:00:00,S,76,582116359.0
cn,IE,2017-09-01 00:00:00,U,51,71645007.0
cn,IE,2017-09-01 00:00:00,W,10,35700000.0
cn,IE,2017-10-01 00:00:00,S,84,3381839603.0
cn,IE,2017-10-01 00:00:00,U,37,81622757.0
cn,IE,2017-10-01 00:00:00,W,7,93300000.0
cn,IE,2017-11-01 00:00:00,S,79,300503004.0
cn,IE,2017-11-01 00:00:00,U,28,66966067.0
cn,IE,2017-11-01 00:00:00,W,9,199000000.0
cn,IE,2017-12-01 00:00:00,S,99,192986967.0
cn,IE,2017-12-01 00:00:00,U,26,56724952.62
cn,IE,2017-12-01 00:00:00,W,12,107000000.0
cn,IE,2018-01-01 00:00:00,S,68,147270840.0
cn,IE,2018-01-01 00:00:00,U,20,34905002.0
cn,IE,2018-01-01 00:00:00,W,10,84500000.0
cn,IE,2018-02-01 00:00:00,S,83,356329102.01
cn,IE,2018-02-01 00:00:00,U,33,82422102.00999999
cn,IE,2018-02-01 00:00:00,W,14,383000650.0
cn,IE,2018-03-01 00:00:00,S,78,119432004.0
cn,IE,2018-03-01 00:00:00,U,27,113452503.0
cn,IE,2018-03-01 00:00:00,W,12,188210001.0
cn,IE,2018-04-01 00:00:00,S,65,118415969.44
cn,IE,2018-04-01 00:00:00,U,26,27579131.0
cn,IE,2018-04-01 00:00:00,W,19,1099960000.0
cn,IE,2018-05-01 00:00:00,S,105,496922852.0
cn,IE,2018-05-01 00:00:00,U,49,22578773.0
cn,IE,2018-05-01 00:00:00,W,9,175000000.0
cn,IE,2018-06-01 00:00:00,S,97,155520777.0
cn,IE,2018-06-01 00:00:00,U,44,124701252.0
cn,IE,2018-06-01 00:00:00,W,23,585273225.0
cn,IE,2018-07-01 00:00:00,S,91,179844108.0
cn,IE,2018-07-01 00:00:00,U,46,249211108.0
cn,IE,2018-07-01 00:00:00,W,21,242100300.0
cn,IE,2018-08-01 00:00:00,S,96,199465902.0
cn,IE,2018-08-01 00:00:00,U,32,102850001.0
cn,IE,2018-08-01 00:00:00,W,13,1183950080.0
cn,IE,2018-09-01 00:00:00,S,79,142205127.0
cn,IE,2018-09-01 00:00:00,U,32,74670003.0
cn,IE,2018-09-01 00:00:00,W,21,156951624.97
cn,IE,2018-10-01 00:00:00,S,78,859175406.0
cn,IE,2018-10-01 00:00:00,U,34,3349928881.0
cn,IE,2018-10-01 00:00:00,W,22,445700003.0
cn,IE,2018-11-01 00:00:00,S,80,250964316.0
cn,IE,2018-11-01 00:00:00,U,29,638015004.0
cn,IE,2018-11-01 00:00:00,W,25,74195000.0
cn,IE,2018-12-01 00:00:00,S,98,303089852.0
cn,IE,2018-12-01 00:00:00,U,24,121202501.0
cn,IE,2018-12-01 00:00:00,W,10,335500000.0
cn,IE,2019-01-01 00:00:00,S,66,141776766.0
cn,IE,2019-01-01 00:00:00,U,26,195542000.0
cn,IE,2019-01-01 00:00:00,W,16,83433000.0
cn,IE,2019-02-01 00:00:00,S,94,194212342.0
cn,IE,2019-02-01 00:00:00,U,29,44570320.0
cn,IE,2019-02-01 00:00:00,W,15,130505000.0
cn,IE,2019-03-01 00:00:00,S,90,381856115.44
cn,IE,2019-03-01 00:00:00,U,32,88745213.0
cn,IE,2019-03-01 00:00:00,W,15,87357370.0
cn,IE,2019-04-01 00:00:00,S,101,204305444.0
cn,IE,2019-04-01 00:00:00,U,31,42924172.0
cn,IE,2019-04-01 00:00:00,W,21,417700000.0
cn,IE,2019-05-01 00:00:00,S,100,483944109.02
cn,IE,2019-05-01 00:00:00,U,49,2090048975.0
cn,IE,2019-05-01 00:00:00,W,11,42547213.0
cn,IE,2019-06-01 00:00:00,S,103,160712406.2
cn,IE,2019-06-01 00:00:00,U,31,47660225.0
cn,IE,2019-06-01 00:00:00,W,12,244300000.0
cn,IE,2019-07-01 00:00:00,S,112,705719129.0
cn,IE,2019-07-01 00:00:00,U,48,79725753.0
cn,IE,2019-07-01 00:00:00,W,13,97425000.0
cn,IE,2019-08-01 00:00:00,S,125,286205970.0
cn,IE,2019-08-01 00:00:00,U,44,40607302.0
cn,IE,2019-08-01 00:00:00,W,20,297191472.0
cn,IE,2019-09-01 00:00:00,S,106,374466400.0
cn,IE,2019-09-01 00:00:00,U,43,94540447.0
cn,IE,2019-09-01 00:00:00,W,23,656000000.0
cn,IE,2019-10-01 00:00:00,S,111,199793108.0
cn,IE,2019-10-01 00:00:00,U,50,62918730.49
cn,IE,2019-10-01 00:00:00,W,12,125800250.0
cn,IE,2019-11-01 00:00:00,S,95,227900173.0
cn,IE,2019-11-01 00:00:00,U,46,235861893.59
cn,IE,2019-11-01 00:00:00,W,14,374000000.0
cn,IE,2019-12-01 00:00:00,S,78,161167114.0
cn,IE,2019-12-01 00:00:00,U,31,48642009.0
cn,IE,2019-12-01 00:00:00,W,16,942320251.0
cn,IE,2020-01-01 00:00:00,S,111,315269049.0
cn,IE,2020-01-01 00:00:00,U,28,1511275364.0
cn,IE,2020-01-01 00:00:00,W,19,426839890.0
cn,IE,2020-02-01 00:00:00,S,135,641255112.0
cn,IE,2020-02-01 00:00:00,U,41,478884005.0
cn,IE,2020-02-01 00:00:00,W,22,350520000.01
cn,IE,2020-03-01 00:00:00,S,114,491967051.49
cn,IE,2020-03-01 00:00:00,U,46,83750037.0
cn,IE,2020-03-01 00:00:00,W,20,416442001.0
cn,IE,2020-04-01 00:00:00,S,89,419748253.01
cn,IE,2020-04-01 00:00:00,U,29,67354250.0
cn,IE,2020-04-01 00:00:00,W,15,217360863.0
cn,IE,2020-05-01 00:00:00,S,111,347713129.0
cn,IE,2020-05-01 00:00:00,U,44,218747097.0
cn,IE,2020-05-01 00:00:00,W,16,142235431.0
cn,IE,2020-06-01 00:00:00,S,106,220169147.0
cn,IE,2020-06-01 00:00:00,U,39,295233301.0
cn,IE,2020-06-01 00:00:00,W,20,566405930.0
cn,IE,2020-07-01 00:00:00,S,99,267400889.0
cn,IE,2020-07-01 00:00:00,U,52,130209894.0
cn,IE,2020-07-01 00:00:00,W,18,386330000.0
cn,IE,2020-08-01 00:00:00,S,83,335408646.0
cn,IE,2020-08-01 00:00:00,U,31,64870003.0
cn,IE,2020-08-01 00:00:00,W,10,164500001.0
cn,IE,2020-09-01 00:00:00,S,115,3086779749.0
cn,IE,2020-09-01 00:00:00,U,53,69755005.0
cn,IE,2020-09-01 00:00:00,W,21,218838933.35
cn,IE,2020-10-01 00:00:00,S,119,206630582.0
cn,IE,2020-10-01 00:00:00,U,51,72327603.0
cn,IE,2020-10-01 00:00:00,W,20,1121360001.0
cn,IE,2020-11-01 00:00:00,S,106,361014180.01
cn,IE,2020-11-01 00:00:00,U,47,76066205.0
cn,IE,2020-11-01 00:00:00,W,19,140318902.0
cn,IE,2020-12-01 00:00:00,S,109,559491703.0
cn,IE,2020-12-01 00:00:00,U,38,51430206.0
cn,IE,2020-12-01 00:00:00,W,13,324795000.0
cn,IE,2021-01-01 00:00:00,S,92,302545459.0
cn,IE,2021-01-01 00:00:00,U,28,31391087.0
cn,IE,2021-01-01 00:00:00,W,23,429725650.0
cn,IE,2021-02-01 00:00:00,S,103,278263503.01
cn,IE,2021-02-01 00:00:00,U,40,41756526.0
cn,IE,2021-02-01 00:00:00,W,20,421600000.0
cn,IE,2021-03-01 00:00:00,S,141,501328904.0
cn,IE,2021-03-01 00:00:00,U,64,251370304.0
cn,IE,2021-03-01 00:00:00,W,21,2734260000.0
cn,IE,2021-04-01 00:00:00,S,104,379387109.0
cn,IE,2021-04-01 00:00:00,U,45,77190004.0
cn,IE,2021-04-01 00:00:00,W,13,463707000.0
cn,IE,2021-05-01 00:00:00,S,159,537549807.0
cn,IE,2021-05-01 00:00:00,U,50,117072200.0
cn,IE,2021-05-01 00:00:00,W,23,181922770.97
cn,IE,2021-06-01 00:00:00,S,122,564314001.01
cn,IE,2021-06-01 00:00:00,U,56,203865601.0
cn,IE,2021-06-01 00:00:00,W,15,247110702.0
cn,IE,2021-07-01 00:00:00,S,145,569680608.56
cn,IE,2021-07-01 00:00:00,U,53,39676653.0
cn,IE,2021-07-01 00:00:00,W,22,224238000.0
cn,IE,2021-08-01 00:00:00,S,114,721337980.5
cn,IE,2021-08-01 00:00:00,U,43,335723002.0
cn,IE,2021-08-01 00:00:00,W,15,112564041.0
cn,IE,2021-09-01 00:00:00,S,119,187751597.01
cn,IE,2021-09-01 00:00:00,U,58,282413651.0
cn,IE,2021-09-01 00:00:00,W,15,394500000.0
cn,IE,2021-10-01 00:00:00,S,120,356901484.0
cn,IE,2021-10-01 00:00:00,U,49,410022250.0
cn,IE,2021-10-01 00:00:00,W,9,199700001.0
cn,IE,2021-11-01 00:00:00,S,125,590276216.0
cn,IE,2021-11-01 00:00:00,U,48,378130853.0
cn,IE,2021-11-01 00:00:00,W,18,541200000.0
cn,IE,2021-12-01 00:00:00,S,128,1321067882.0
cn,IE,2021-12-01 00:00:00,U,35,76245153.0
cn,IE,2021-12-01 00:00:00,W,16,163669990.65
cn,IE,2022-01-01 00:00:00,S,126,937290049.0
cn,IE,2022-01-01 00:00:00,U,31,54256661.0
cn,IE,2022-01-01 00:00:00,W,16,764932680.0
cn,IE,2022-02-01 00:00:00,S,165,550315175.0
cn,IE,2022-02-01 00:00:00,U,55,65240133.0
cn,IE,2022-02-01 00:00:00,W,20,152186500.0
cn,IE,2022-03-01 00:00:00,S,112,331699324.0
cn,IE,2022-03-01 00:00:00,U,49,112464103.0
cn,IE,2022-03-01 00:00:00,W,27,210144036.0
cn,IE,2022-04-01 00:00:00,S,140,1688770166.0
cn,IE,2022-04-01 00:00:00,U,49,103737506.0
cn,IE,2022-04-01 00:00:00,W,34,482090000.0
cn,IE,2022-05-01 00:00:00,S,172,682006926.0
cn,IE,2022-05-01 00:00:00,U,46,328445957.44
cn,IE,2022-05-01 00:00:00,W,30,780085000.0
cn,IE,2022-06-01 00:00:00,S,171,466705464.0
cn,IE,2022-06-01 00:00:00,U,70,76081202.0
cn,IE,2022-06-01 00:00:00,W,17,560790000.0
cn,IE,2022-07-01 00:00:00,S,171,906567560.0
cn,IE,2022-07-01 00:00:00,U,53,101652803.0
cn,IE,2022-07-01 00:00:00,W,25,308368065.75
cn,IE,2022-08-01 00:00:00,S,147,588567095.11
cn,IE,2022-08-01 00:00:00,U,73,226518255.0
cn,IE,2022-08-01 00:00:00,W,21,342648178.0
cn,IE,2022-09-01 00:00:00,S,161,379843572.0
cn,IE,2022-09-01 00:00:00,U,54,94832685.0
cn,IE,2022-09-01 00:00:00,W,32,762360000.0
cn,IE,2022-10-01 00:00:00,S,160,1220295000.0
cn,IE,2022-10-01 00:00:00,U,57,199751413.0
cn,IE,2022-10-01 00:00:00,W,21,414300044.0
cn,IE,2022-11-01 00:00:00,S,133,1112804004.0
cn,IE,2022-11-01 00:00:00,U,46,1038791130.0
cn,IE,2022-11-01 00:00:00,W,31,881981288.0
cn,IE,2022-12-01 00:00:00,S,115,305767983.0
cn,IE,2022-12-01 00:00:00,U,31,92363001.0
cn,IE,2022-12-01 00:00:00,W,19,1089450000.0
cn,IE,2023-01-01 00:00:00,S,111,259632532.0
cn,IE,2023-01-01 00:00:00,U,37,79108367.0
cn,IE,2023-01-01 00:00:00,W,15,289369400.0
cn,IE,2023-02-01 00:00:00,S,128,758050154.0
cn,IE,2023-02-01 00:00:00,U,55,431976118.0
cn,IE,2023-02-01 00:00:00,W,22,399759622.0
cn,IE,2023-03-01 00:00:00,S,166,798918442.0
cn,IE,2023-03-01 00:00:00,U,57,410992817.0
cn,IE,2023-03-01 00:00:00,W,24,2114045000.0
cn,IE,2023-04-01 00:00:00,S,129,1292034106.0
cn,IE,2023-04-01 00:00:00,U,51,492058731.0
cn,IE,2023-04-01 00:00:00,W,24,1459000002.0
cn,IE,2023-05-01 00:00:00,S,173,1288860115.0
cn,IE,2023-05-01 00:00:00,U,61,458725288.0
cn,IE,2023-05-01 00:00:00,W,54,1585945001.0
cn,IE,2023-06-01 00:00:00,S,237,408029297.01
cn,IE,2023-06-01 00:00:00,U,95,119994741.0
cn,IE,2023-06-01 00:00:00,W,102,281423302.01
cn,IE,2023-07-01 00:00:00,S,271,1466128393.0
cn,IE,2023-07-01 00:00:00,U,88,148259250.0
cn,IE,2023-07-01 00:00:00,W,116,3042430001.0
cn,IE,2023-08-01 00:00:00,S,220,494498390.96
cn,IE,2023-08-01 00:00:00,U,68,289794502.0
cn,IE,2023-08-01 00:00:00,W,91,244660762.0
cn,IE,2023-09-01 00:00:00,S,169,824710171.55
cn,IE,2023-09-01 00:00:00,U,71,727295500.0
cn,IE,2023-09-01 00:00:00,W,65,475325154.51
cn,IS,2016-01-01 00:00:00,S,3,748559.02
cn,IS,2016-01-01 00:00:00,U,7,
cn,IS,2016-01-01 00:00:00,W,1,
cn,IS,2016-02-01 00:00:00,S,5,
cn,IS,2016-02-01 00:00:00,U,7,
cn,IS,2016-02-01 00:00:00,W,4,13474062.43
cn,IS,2016-03-01 00:00:00,S,8,718616.66
cn,IS,2016-03-01 00:00:00,U,11,1047982.63
cn,IS,2016-03-01 00:00:00,W,1,
cn,IS,2016-04-01 00:00:00,S,4,
cn,IS,2016-04-01 00:00:00,U,7,
cn,IS,2016-04-01 00:00:00,W,2,
cn,IS,2016-05-01 00:00:00,S,5,240000.0
cn,IS,2016-05-01 00:00:00,U,3,
cn,IS,2016-05-01 00:00:00,W,3,44913541.43
cn,IS,2016-06-01 00:00:00,S,4,
cn,IS,2016-06-01 00:00:00,U,3,
cn,IS,2016-06-01 00:00:00,W,4,
cn,IS,2016-07-01 00:00:00,S,1,
cn,IS,2016-07-01 00:00:00,U,10,
cn,IS,2016-07-01 00:00:00,W,1,
cn,IS,2016-08-01 00:00:00,S,6,2994236.1
cn,IS,2016-08-01 00:00:00,U,2,
cn,IS,2016-08-01 00:00:00,W,1,
cn,IS,2016-09-01 00:00:00,S,5,
cn,IS,2016-09-01 00:00:00,U,12,
cn,IS,2016-10-01 00:00:00,S,6,700000.0
cn,IS,2016-10-01 00:00:00,U,3,
cn,IS,2016-10-01 00:00:00,W,1,
cn,IS,2016-11-01 00:00:00,S,5,
cn,IS,2016-11-01 00:00:00,U,3,
cn,IS,2016-12-01 00:00:00,S,7,1871397.56
cn,IS,2016-12-01 00:00:00,U,4,
cn,IS,2016-12-01 00:00:00,W,1,
cn,IS,2017-01-01 00:00:00,S,4,
cn,IS,2017-01-01 00:00:00,U,4,600000.0
cn,IS,2017-01-01 00:00:00,W,1,
cn,IS,2017-02-01 00:00:00,S,9,497760.08
cn,IS,2017-02-01 00:00:00,U,4,10355201.59
cn,IS,2017-02-01 00:00:00,W,3,
cn,IS,2017-03-01 00:00:00,S,11,2074000.33
cn,IS,2017-03-01 00:00:00,U,8,1037000.17
cn,IS,2017-03-01 00:00:00,W,2,
cn,IS,2017-04-01 00:00:00,S,6,539240.09
cn,IS,2017-04-01 00:00:00,U,6,18453892.23
cn,IS,2017-04-01 00:00:00,W,1,
cn,IS,2017-05-01 00:00:00,S,5,
cn,IS,2017-05-01 00:00:00,U,6,1991040.32
cn,IS,2017-06-01 00:00:00,S,7,9125601.459999999
cn,IS,2017-06-01 00:00:00,U,5,
cn,IS,2017-06-01 00:00:00,W,3,
cn,IS,2017-07-01 00:00:00,S,7,2621536.42
cn,IS,2017-07-01 00:00:00,U,12,1206636801.06
cn,IS,2017-08-01 00:00:00,S,5,
cn,IS,2017-08-01 00:00:00,U,6,497760.08
cn,IS,2017-09-01 00:00:00,S,8,10784801.73
cn,IS,2017-09-01 00:00:00,U,10,
cn,IS,2017-09-01 00:00:00,W,2,
cn,IS,2017-10-01 00:00:00,S,5,
cn,IS,2017-10-01 00:00:00,U,4,
cn,IS,2017-10-01 00:00:00,W,1,
cn,IS,2017-11-01 00:00:00,S,4,
cn,IS,2017-11-01 00:00:00,U,6,
cn,IS,2017-11-01 00:00:00,W,2,2074000.33
cn,IS,2017-12-01 00:00:00,S,13,3086112.49
cn,IS,2017-12-01 00:00:00,U,9,995520.16
cn,IS,2017-12-01 00:00:00,W,4,2074000.34
cn,IS,2018-01-01 00:00:00,S,4,
cn,IS,2018-01-01 00:00:00,U,8,195480.49
cn,IS,2018-01-01 00:00:00,W,1,
cn,IS,2018-02-01 00:00:00,S,5,
cn,IS,2018-02-01 00:00:00,U,7,14170000.0
cn,IS,2018-02-01 00:00:00,W,4,822000000.0
cn,IS,2018-03-01 00:00:00,S,7,
cn,IS,2018-03-01 00:00:00,U,4,1016498.55
cn,IS,2018-03-01 00:00:00,W,3,
cn,IS,2018-04-01 00:00:00,S,5,
cn,IS,2018-04-01 00:00:00,U,6,
cn,IS,2018-04-01 00:00:00,W,1,
cn,IS,2018-05-01 00:00:00,S,6,969583.24
cn,IS,2018-05-01 00:00:00,U,10,6255375.71
cn,IS,2018-06-01 00:00:00,S,7,
cn,IS,2018-06-01 00:00:00,U,5,
cn,IS,2018-07-01 00:00:00,S,7,121979826.41
cn,IS,2018-07-01 00:00:00,U,4,6255375.71
cn,IS,2018-07-01 00:00:00,W,3,
cn,IS,2018-08-01 00:00:00,S,4,
cn,IS,2018-08-01 00:00:00,U,3,
cn,IS,2018-08-01 00:00:00,W,1,
cn,IS,2018-09-01 00:00:00,S,3,
cn,IS,2018-09-01 00:00:00,U,5,
cn,IS,2018-09-01 00:00:00,W,3,
cn,IS,2018-10-01 00:00:00,S,4,
cn,IS,2018-10-01 00:00:00,U,5,2048635.55
cn,IS,2018-10-01 00:00:00,W,5,21893815.0
cn,IS,2018-11-01 00:00:00,S,4,
cn,IS,2018-11-01 00:00:00,U,8,
cn,IS,2018-11-01 00:00:00,W,5,
cn,IS,2018-12-01 00:00:00,S,6,
cn,IS,2018-12-01 00:00:00,U,2,
cn,IS,2019-01-01 00:00:00,S,7,
cn,IS,2019-01-01 00:00:00,U,9,
cn,IS,2019-01-01 00:00:00,W,1,
cn,IS,2019-02-01 00:00:00,S,5,
cn,IS,2019-02-01 00:00:00,U,9,
cn,IS,2019-02-01 00:00:00,W,3,7284382.28
cn,IS,2019-03-01 00:00:00,S,8,
cn,IS,2019-03-01 00:00:00,U,10,
cn,IS,2019-03-01 00:00:00,W,4,
cn,IS,2019-04-01 00:00:00,S,4,20000000.0
cn,IS,2019-04-01 00:00:00,U,6,
cn,IS,2019-04-01 00:00:00,W,3,
cn,IS,2019-05-01 00:00:00,S,11,
cn,IS,2019-05-01 00:00:00,U,5,553613.05
cn,IS,2019-05-01 00:00:00,W,3,
cn,IS,2019-06-01 00:00:00,S,4,
cn,IS,2019-06-01 00:00:00,U,7,
cn,IS,2019-06-01 00:00:00,W,4,
cn,IS,2019-07-01 00:00:00,S,6,1748251.75
cn,IS,2019-07-01 00:00:00,U,12,262237.76
cn,IS,2019-07-01 00:00:00,W,4,1.0
cn,IS,2019-08-01 00:00:00,S,4,
cn,IS,2019-08-01 00:00:00,U,2,
cn,IS,2019-08-01 00:00:00,W,3,44000000.0
cn,IS,2019-09-01 00:00:00,S,7,15297202.8
cn,IS,2019-09-01 00:00:00,U,6,
cn,IS,2019-09-01 00:00:00,W,1,
cn,IS,2019-10-01 00:00:00,S,7,
cn,IS,2019-10-01 00:00:00,U,3,
cn,IS,2019-10-01 00:00:00,W,3,2185314.69
cn,IS,2019-11-01 00:00:00,S,9,
cn,IS,2019-11-01 00:00:00,U,10,
cn,IS,2019-11-01 00:00:00,W,1,
cn,IS,2019-12-01 00:00:00,S,10,
cn,IS,2019-12-01 00:00:00,U,5,254953.38
cn,IS,2019-12-01 00:00:00,W,6,
cn,IS,2020-01-01 00:00:00,S,4,
cn,IS,2020-01-01 00:00:00,U,11,8106223.72
cn,IS,2020-01-01 00:00:00,W,6,
cn,IS,2020-02-01 00:00:00,S,4,
cn,IS,2020-02-01 00:00:00,U,13,2264053.3
cn,IS,2020-02-01 00:00:00,W,5,2264053.3
cn,IS,2020-03-01 00:00:00,S,12,
cn,IS,2020-03-01 00:00:00,U,6,
cn,IS,2020-03-01 00:00:00,W,3,
cn,IS,2020-04-01 00:00:00,S,8,
cn,IS,2020-04-01 00:00:00,U,10,2264053.3
cn,IS,2020-04-01 00:00:00,W,6,
cn,IS,2020-05-01 00:00:00,S,15,
cn,IS,2020-05-01 00:00:00,U,10,280000.0
cn,IS,2020-05-01 00:00:00,W,1,
cn,IS,2020-06-01 00:00:00,S,9,
cn,IS,2020-06-01 00:00:00,U,5,4622485.279999999
cn,IS,2020-06-01 00:00:00,W,2,
cn,IS,2020-07-01 00:00:00,S,9,
cn,IS,2020-07-01 00:00:00,U,4,10000000.0
cn,IS,2020-07-01 00:00:00,W,7,
cn,IS,2020-08-01 00:00:00,S,3,
cn,IS,2020-08-01 00:00:00,U,9,9270000.0
cn,IS,2020-08-01 00:00:00,W,1,
cn,IS,2020-09-01 00:00:00,S,7,
cn,IS,2020-09-01 00:00:00,U,7,
cn,IS,2020-09-01 00:00:00,W,4,22640533.02
cn,IS,2020-10-01 00:00:00,S,9,
cn,IS,2020-10-01 00:00:00,U,9,
cn,IS,2020-10-01 00:00:00,W,1,
cn,IS,2020-11-01 00:00:00,S,6,
cn,IS,2020-11-01 00:00:00,U,7,
cn,IS,2020-12-01 00:00:00,S,12,389700.3
cn,IS,2020-12-01 00:00:00,U,9,8268082.9
cn,IS,2020-12-01 00:00:00,W,1,
cn,IS,2021-01-01 00:00:00,S,5,732600.73
cn,IS,2021-01-01 00:00:00,U,7,
cn,IS,2021-01-01 00:00:00,W,3,
cn,IS,2021-02-01 00:00:00,S,11,
cn,IS,2021-02-01 00:00:00,U,10,1.16
cn,IS,2021-02-01 00:00:00,W,6,
cn,IS,2021-03-01 00:00:00,S,18,
cn,IS,2021-03-01 00:00:00,U,8,0.01
cn,IS,2021-03-01 00:00:00,W,4,
cn,IS,2021-04-01 00:00:00,S,14,
cn,IS,2021-04-01 00:00:00,U,9,646020.65
cn,IS,2021-04-01 00:00:00,W,2,
cn,IS,2021-05-01 00:00:00,S,14,2930402.93
cn,IS,2021-05-01 00:00:00,U,11,1.17
cn,IS,2021-05-01 00:00:00,W,1,
cn,IS,2021-06-01 00:00:00,S,21,7892107.89
cn,IS,2021-06-01 00:00:00,U,7,361450.23
cn,IS,2021-06-01 00:00:00,W,7,
cn,IS,2021-07-01 00:00:00,S,15,446220.46
cn,IS,2021-07-01 00:00:00,U,8,932400.9500000001
cn,IS,2021-07-01 00:00:00,W,6,
cn,IS,2021-08-01 00:00:00,S,10,865800.88
cn,IS,2021-08-01 00:00:00,U,2,
cn,IS,2021-08-01 00:00:00,W,3,
cn,IS,2021-09-01 00:00:00,S,7,
cn,IS,2021-09-01 00:00:00,U,13,1401814802.22
cn,IS,2021-09-01 00:00:00,W,4,1.0
cn,IS,2021-10-01 00:00:00,S,10,
cn,IS,2021-10-01 00:00:00,U,2,740000.0
cn,IS,2021-10-01 00:00:00,W,1,
cn,IS,2021-11-01 00:00:00,S,5,
cn,IS,2021-11-01 00:00:00,U,11,
cn,IS,2021-11-01 00:00:00,W,2,
cn,IS,2021-12-01 00:00:00,S,5,1.16
cn,IS,2021-12-01 00:00:00,U,12,1939360.6400000001
cn,IS,2021-12-01 00:00:00,W,3,
cn,IS,2022-01-01 00:00:00,S,12,1.16
cn,IS,2022-01-01 00:00:00,U,9,1665002.8399999999
cn,IS,2022-01-01 00:00:00,W,1,
cn,IS,2022-02-01 00:00:00,S,13,1198801.21
cn,IS,2022-02-01 00:00:00,U,5,
cn,IS,2022-02-01 00:00:00,W,2,
cn,IS,2022-03-01 00:00:00,S,20,66600068.779999994
cn,IS,2022-03-01 00:00:00,U,17,157301.16
cn,IS,2022-03-01 00:00:00,W,3,
cn,IS,2022-04-01 00:00:00,S,13,2.32
cn,IS,2022-04-01 00:00:00,U,8,457000.0
cn,IS,2022-04-01 00:00:00,W,4,1665001.67
cn,IS,2022-05-01 00:00:00,S,12,
cn,IS,2022-05-01 00:00:00,U,10,0.01
cn,IS,2022-05-01 00:00:00,W,8,11988011.99
cn,IS,2022-06-01 00:00:00,S,9,
cn,IS,2022-06-01 00:00:00,U,11,13514669.48
cn,IS,2022-06-01 00:00:00,W,2,
cn,IS,2022-07-01 00:00:00,S,9,457800.0
cn,IS,2022-07-01 00:00:00,U,6,
cn,IS,2022-07-01 00:00:00,W,4,
cn,IS,2022-08-01 00:00:00,S,8,0.01
cn,IS,2022-08-01 00:00:00,U,7,
cn,IS,2022-09-01 00:00:00,S,4,
cn,IS,2022-09-01 00:00:00,U,7,
cn,IS,2022-09-01 00:00:00,W,5,
cn,IS,2022-10-01 00:00:00,S,9,224003600.0
cn,IS,2022-10-01 00:00:00,U,7,
cn,IS,2022-10-01 00:00:00,W,2,
cn,IS,2022-11-01 00:00:00,S,12,930269.73
cn,IS,2022-11-01 00:00:00,U,16,
cn,IS,2022-11-01 00:00:00,W,1,
cn,IS,2022-12-01 00:00:00,S,10,
cn,IS,2022-12-01 00:00:00,U,4,
cn,IS,2022-12-01 00:00:00,W,3,
cn,IS,2023-01-01 00:00:00,S,34,330000.0
cn,IS,2023-01-01 00:00:00,U,8,
cn,IS,2023-01-01 00:00:00,W,5,
cn,IS,2023-02-01 00:00:00,S,17,
cn,IS,2023-02-01 00:00:00,U,9,166500.17
cn,IS,2023-02-01 00:00:00,W,7,
cn,IS,2023-03-01 00:00:00,S,26,
cn,IS,2023-03-01 00:00:00,U,13,
cn,IS,2023-03-01 00:00:00,W,8,
cn,IS,2023-04-01 00:00:00,S,17,532800.53
cn,IS,2023-04-01 00:00:00,U,14,
cn,IS,2023-04-01 00:00:00,W,4,
cn,IS,2023-05-01 00:00:00,S,17,4404362.3100000005
cn,IS,2023-05-01 00:00:00,U,12,
cn,IS,2023-05-01 00:00:00,W,17,
cn,IS,2023-06-01 00:00:00,S,21,0.01
cn,IS,2023-06-01 00:00:00,U,14,226440.23
cn,IS,2023-06-01 00:00:00,W,5,
cn,IS,2023-07-01 00:00:00,S,8,1.17
cn,IS,2023-07-01 00:00:00,U,8,0.01
cn,IS,2023-07-01 00:00:00,W,1,
cn,IS,2023-08-01 00:00:00,S,6,0.01
cn,IS,2023-08-01 00:00:00,U,2,
cn,IS,2023-09-01 00:00:00,S,14,
cn,IS,2023-09-01 00:00:00,U,5,0.01
cn,IS,2023-09-01 00:00:00,W,4,
cn,IT,2016-01-01 00:00:00,S,309,894238470.73
cn,IT,2016-01-01 00:00:00,U,118,267232025.06
cn,IT,2016-01-01 00:00:00,W,28,1249062471.6999998
cn,IT,2016-02-01 00:00:00,S,395,2037704105.9
cn,IT,2016-02-01 00:00:00,U,204,1601307608.2700002
cn,IT,2016-02-01 00:00:00,W,35,183088439.82999998
cn,IT,2016-03-01 00:00:00,S,528,1399596136.4399998
cn,IT,2016-03-01 00:00:00,U,239,935842031.7199999
cn,IT,2016-03-01 00:00:00,W,48,410788191.04999995
cn,IT,2016-04-01 00:00:00,S,760,4387118200.650001
cn,IT,2016-04-01 00:00:00,U,313,2888289773.49
cn,IT,2016-04-01 00:00:00,W,68,673670913.6800001
cn,IT,2016-05-01 00:00:00,S,201,1937074479.28
cn,IT,2016-05-01 00:00:00,U,77,6129701665.02
cn,IT,2016-05-01 00:00:00,W,17,51123087.49
cn,IT,2016-06-01 00:00:00,S,374,2061766331.1100001
cn,IT,2016-06-01 00:00:00,U,170,14672821396.74
cn,IT,2016-06-01 00:00:00,W,22,476961848.46000004
cn,IT,2016-07-01 00:00:00,S,506,3858066649.6800003
cn,IT,2016-07-01 00:00:00,U,234,5651410737.32
cn,IT,2016-07-01 00:00:00,W,34,1102582526.12
cn,IT,2016-08-01 00:00:00,S,403,1591236362.25
cn,IT,2016-08-01 00:00:00,U,133,715917614.18
cn,IT,2016-08-01 00:00:00,W,30,338993256.3
cn,IT,2016-09-01 00:00:00,S,463,2253738354.2400002
cn,IT,2016-09-01 00:00:00,U,183,1165908336.47
cn,IT,2016-09-01 00:00:00,W,24,582251081.8100001
cn,IT,2016-10-01 00:00:00,S,517,2994623836.5499997
cn,IT,2016-10-01 00:00:00,U,207,5577448594.789999
cn,IT,2016-10-01 00:00:00,W,32,567291113.08
cn,IT,2016-11-01 00:00:00,S,516,4954693171.32
cn,IT,2016-11-01 00:00:00,U,243,4764805527.599998
cn,IT,2016-11-01 00:00:00,W,36,344649882.29999995
cn,IT,2016-12-01 00:00:00,S,622,6194570610.169999
cn,IT,2016-12-01 00:00:00,U,259,2871204956.37
cn,IT,2016-12-01 00:00:00,W,75,1273254097.5999997
cn,IT,2017-01-01 00:00:00,S,388,1703424761.9
cn,IT,2017-01-01 00:00:00,U,156,2738386309.5499997
cn,IT,2017-01-01 00:00:00,W,16,690659201.5799999
cn,IT,2017-02-01 00:00:00,S,448,1683646749.9099998
cn,IT,2017-02-01 00:00:00,U,208,10718721987.48
cn,IT,2017-02-01 00:00:00,W,30,280343521.62999994
cn,IT,2017-03-01 00:00:00,S,621,3495095956.6599994
cn,IT,2017-03-01 00:00:00,U,248,11815676917.960001
cn,IT,2017-03-01 00:00:00,W,35,237092716.67999998
cn,IT,2017-04-01 00:00:00,S,546,2677549226.0400004
cn,IT,2017-04-01 00:00:00,U,208,991874582.2
cn,IT,2017-04-01 00:00:00,W,38,927376799.63
cn,IT,2017-05-01 00:00:00,S,750,3826929978.2899995
cn,IT,2017-05-01 00:00:00,U,270,4026899520.35
cn,IT,2017-05-01 00:00:00,W,54,634662293.18
cn,IT,2017-06-01 00:00:00,S,541,4813418713.879999
cn,IT,2017-06-01 00:00:00,U,171,963094127.28
cn,IT,2017-06-01 00:00:00,W,49,763029314.2299999
cn,IT,2017-07-01 00:00:00,S,682,5247471958.56
cn,IT,2017-07-01 00:00:00,U,264,3329107926.0
cn,IT,2017-07-01 00:00:00,W,71,676817418.14
cn,IT,2017-08-01 00:00:00,S,500,3249501611.1
cn,IT,2017-08-01 00:00:00,U,166,2678525864.44
cn,IT,2017-08-01 00:00:00,W,40,568218881.0600001
cn,IT,2017-09-01 00:00:00,S,493,2521611115.18
cn,IT,2017-09-01 00:00:00,U,204,2867809625.43
cn,IT,2017-09-01 00:00:00,W,20,308543172.4200001
cn,IT,2017-10-01 00:00:00,S,627,2674229547.2000003
cn,IT,2017-10-01 00:00:00,U,276,2227161374.6300006
cn,IT,2017-10-01 00:00:00,W,36,360600223.01000005
cn,IT,2017-11-01 00:00:00,S,532,4848952559.52
cn,IT,2017-11-01 00:00:00,U,251,7763431637.48
cn,IT,2017-11-01 00:00:00,W,33,669424143.3199999
cn,IT,2017-12-01 00:00:00,S,678,7004258247.060001
cn,IT,2017-12-01 00:00:00,U,253,2056878930.47
cn,IT,2017-12-01 00:00:00,W,65,1608208653.2300003
cn,IT,2018-01-01 00:00:00,S,426,2152832542.4100003
cn,IT,2018-01-01 00:00:00,U,211,1898680288.7199996
cn,IT,2018-01-01 00:00:00,W,24,253613569.51000002
cn,IT,2018-02-01 00:00:00,S,508,4691772489.330001
cn,IT,2018-02-01 00:00:00,U,253,4704759667.129999
cn,IT,2018-02-01 00:00:00,W,64,889357298.52
cn,IT,2018-03-01 00:00:00,S,600,3929606218.3
cn,IT,2018-03-01 00:00:00,U,256,3821526516.32
cn,IT,2018-03-01 00:00:00,W,50,339516871.09000003
cn,IT,2018-04-01 00:00:00,S,552,2875349609.61
cn,IT,2018-04-01 00:00:00,U,236,699034484.57
cn,IT,2018-04-01 00:00:00,W,37,136921405.31
cn,IT,2018-05-01 00:00:00,S,647,2164885098.58
cn,IT,2018-05-01 00:00:00,U,269,2440703275.4500003
cn,IT,2018-05-01 00:00:00,W,39,414647596.40000004
cn,IT,2018-06-01 00:00:00,S,681,4272004226.15
cn,IT,2018-06-01 00:00:00,U,316,3894963503.45
cn,IT,2018-06-01 00:00:00,W,50,1918300584.19
cn,IT,2018-07-01 00:00:00,S,703,3853028686.79
cn,IT,2018-07-01 00:00:00,U,291,3869694062.7299995
cn,IT,2018-07-01 00:00:00,W,47,916717977.6499999
cn,IT,2018-08-01 00:00:00,S,520,2108923052.9900005
cn,IT,2018-08-01 00:00:00,U,194,1565971551.19
cn,IT,2018-08-01 00:00:00,W,47,914222331.4899999
cn,IT,2018-09-01 00:00:00,S,492,3298028622.1700006
cn,IT,2018-09-01 00:00:00,U,248,1319438063.28
cn,IT,2018-09-01 00:00:00,W,34,206347738.39999998
cn,IT,2018-10-01 00:00:00,S,806,12139371764.550003
cn,IT,2018-10-01 00:00:00,U,359,15185497629.32
cn,IT,2018-10-01 00:00:00,W,72,734383604.8499999
cn,IT,2018-11-01 00:00:00,S,532,3057558828.57
cn,IT,2018-11-01 00:00:00,U,259,2064265832.6100001
cn,IT,2018-11-01 00:00:00,W,44,609853301.6600001
cn,IT,2018-12-01 00:00:00,S,570,8157260650.11
cn,IT,2018-12-01 00:00:00,U,255,7610393033.899998
cn,IT,2018-12-01 00:00:00,W,63,1923315007.94
cn,IT,2019-01-01 00:00:00,S,371,2334258190.8400006
cn,IT,2019-01-01 00:00:00,U,196,1193304024.54
cn,IT,2019-01-01 00:00:00,W,37,685546651.14
cn,IT,2019-02-01 00:00:00,S,590,3579457491.46
cn,IT,2019-02-01 00:00:00,U,236,5831699096911.949
cn,IT,2019-02-01 00:00:00,W,39,881987321.24
cn,IT,2019-03-01 00:00:00,S,703,4513288678.660001
cn,IT,2019-03-01 00:00:00,U,302,1797573057.58
cn,IT,2019-03-01 00:00:00,W,44,535660189.47999996
cn,IT,2019-04-01 00:00:00,S,547,3222465396.27
cn,IT,2019-04-01 00:00:00,U,246,2461268155.59
cn,IT,2019-04-01 00:00:00,W,29,243308717.85999995
cn,IT,2019-05-01 00:00:00,S,665,5430153473.85
cn,IT,2019-05-01 00:00:00,U,263,4513444764.14
cn,IT,2019-05-01 00:00:00,W,45,358616774.12999994
cn,IT,2019-06-01 00:00:00,S,681,4935697179.759999
cn,IT,2019-06-01 00:00:00,U,275,2823797229.9900002
cn,IT,2019-06-01 00:00:00,W,72,1168214301.99
cn,IT,2019-07-01 00:00:00,S,685,6479044583.039999
cn,IT,2019-07-01 00:00:00,U,323,5339757070.259999
cn,IT,2019-07-01 00:00:00,W,67,2494298057.1099997
cn,IT,2019-08-01 00:00:00,S,482,7747069123.470001
cn,IT,2019-08-01 00:00:00,U,190,3256417632.6899996
cn,IT,2019-08-01 00:00:00,W,41,19282913907.310005
cn,IT,2019-09-01 00:00:00,S,493,1614160304.8500001
cn,IT,2019-09-01 00:00:00,U,264,1830113462.9299998
cn,IT,2019-09-01 00:00:00,W,41,1042396088.7900001
cn,IT,2019-10-01 00:00:00,S,713,3981985799.9700003
cn,IT,2019-10-01 00:00:00,U,316,8202466731.63
cn,IT,2019-10-01 00:00:00,W,40,962859150.67
cn,IT,2019-11-01 00:00:00,S,603,3163157783.4399996
cn,IT,2019-11-01 00:00:00,U,266,2236139130.93
cn,IT,2019-11-01 00:00:00,W,46,1229555747.24
cn,IT,2019-12-01 00:00:00,S,687,6379376650.620001
cn,IT,2019-12-01 00:00:00,U,278,2566214745.6000004
cn,IT,2019-12-01 00:00:00,W,59,2405900698.0699997
cn,IT,2020-01-01 00:00:00,S,509,2664242609.82
cn,IT,2020-01-01 00:00:00,U,210,1832786953.5300002
cn,IT,2020-01-01 00:00:00,W,44,484550807.08
cn,IT,2020-02-01 00:00:00,S,650,4056685110.8900003
cn,IT,2020-02-01 00:00:00,U,286,2872213052.09
cn,IT,2020-02-01 00:00:00,W,61,2077903496.6500006
cn,IT,2020-03-01 00:00:00,S,437,1708904692.93
cn,IT,2020-03-01 00:00:00,U,200,1379187918.9199996
cn,IT,2020-03-01 00:00:00,W,37,350827855.2700001
cn,IT,2020-04-01 00:00:00,S,378,1598311890.68
cn,IT,2020-04-01 00:00:00,U,215,1284581599.26
cn,IT,2020-04-01 00:00:00,W,26,177968960.23
cn,IT,2020-05-01 00:00:00,S,482,2202083078.89
cn,IT,2020-05-01 00:00:00,U,305,1500287363.6400003
cn,IT,2020-05-01 00:00:00,W,57,1614247284.62
cn,IT,2020-06-01 00:00:00,S,597,2935748650.91
cn,IT,2020-06-01 00:00:00,U,309,14865812717.77
cn,IT,2020-06-01 00:00:00,W,59,1531443721.5500002
cn,IT,2020-07-01 00:00:00,S,577,2743576974.8999996
cn,IT,2020-07-01 00:00:00,U,344,27033338053.199997
cn,IT,2020-07-01 00:00:00,W,77,1869499809.4899998
cn,IT,2020-08-01 00:00:00,S,377,1809003786.2600005
cn,IT,2020-08-01 00:00:00,U,184,1796829334.8600004
cn,IT,2020-08-01 00:00:00,W,32,1721814543.27
cn,IT,2020-09-01 00:00:00,S,447,1982607395.04
cn,IT,2020-09-01 00:00:00,U,248,27334862997.780003
cn,IT,2020-09-01 00:00:00,W,39,2580264830.0299997
cn,IT,2020-10-01 00:00:00,S,709,3140323244.17
cn,IT,2020-10-01 00:00:00,U,289,1172646130.5299997
cn,IT,2020-10-01 00:00:00,W,39,1637755990.04
cn,IT,2020-11-01 00:00:00,S,725,2769713562.5499997
cn,IT,2020-11-01 00:00:00,U,300,2724664552.0899997
cn,IT,2020-11-01 00:00:00,W,57,4479406716.62
cn,IT,2020-12-01 00:00:00,S,763,6511256614.849999
cn,IT,2020-12-01 00:00:00,U,331,8928391798.84
cn,IT,2020-12-01 00:00:00,W,75,3242346490.5699997
cn,IT,2021-01-01 00:00:00,S,495,8248701674.68
cn,IT,2021-01-01 00:00:00,U,221,9653940190.23
cn,IT,2021-01-01 00:00:00,W,34,222705385.16
cn,IT,2021-02-01 00:00:00,S,575,2720957720.4500003
cn,IT,2021-02-01 00:00:00,U,281,7892409234.71
cn,IT,2021-02-01 00:00:00,W,40,291893474.8
cn,IT,2021-03-01 00:00:00,S,739,3190047015.91
cn,IT,2021-03-01 00:00:00,U,359,2664475276.8500004
cn,IT,2021-03-01 00:00:00,W,49,1726694124.9299998
cn,IT,2021-04-01 00:00:00,S,726,3313978428.08
cn,IT,2021-04-01 00:00:00,U,342,2206419091.1
cn,IT,2021-04-01 00:00:00,W,47,948528514.26
cn,IT,2021-05-01 00:00:00,S,748,4835205321.57
cn,IT,2021-05-01 00:00:00,U,366,2366170278.0500007
cn,IT,2021-05-01 00:00:00,W,54,1258290521.17
cn,IT,2021-06-01 00:00:00,S,794,4052608072.149999
cn,IT,2021-06-01 00:00:00,U,327,4117026405.86
cn,IT,2021-06-01 00:00:00,W,60,1982746377.0400002
cn,IT,2021-07-01 00:00:00,S,852,5639103090.859998
cn,IT,2021-07-01 00:00:00,U,296,3237692205.44
cn,IT,2021-07-01 00:00:00,W,73,2513714162.5499997
cn,IT,2021-08-01 00:00:00,S,507,2001824700.0099998
cn,IT,2021-08-01 00:00:00,U,199,756721202.6400001
cn,IT,2021-08-01 00:00:00,W,59,1381156553.0500002
cn,IT,2021-09-01 00:00:00,S,590,3077742107.3
cn,IT,2021-09-01 00:00:00,U,276,4490382639.09
cn,IT,2021-09-01 00:00:00,W,48,894283696.23
cn,IT,2021-10-01 00:00:00,S,696,3046175467.0
cn,IT,2021-10-01 00:00:00,U,325,2091817168.87
cn,IT,2021-10-01 00:00:00,W,55,578807877.24
cn,IT,2021-11-01 00:00:00,S,644,3539033250.1500006
cn,IT,2021-11-01 00:00:00,U,320,2319763219.42
cn,IT,2021-11-01 00:00:00,W,34,921098135.4399999
cn,IT,2021-12-01 00:00:00,S,779,7080530117.18
cn,IT,2021-12-01 00:00:00,U,302,22421191979.239998
cn,IT,2021-12-01 00:00:00,W,83,6260760353.959999
cn,IT,2022-01-01 00:00:00,S,433,12109648805.33
cn,IT,2022-01-01 00:00:00,U,259,34135155323.969994
cn,IT,2022-01-01 00:00:00,W,27,543937469.76
cn,IT,2022-02-01 00:00:00,S,519,2540040489.649999
cn,IT,2022-02-01 00:00:00,U,222,4596780021.86
cn,IT,2022-02-01 00:00:00,W,52,1280895856.37
cn,IT,2022-03-01 00:00:00,S,676,4560619629.42
cn,IT,2022-03-01 00:00:00,U,312,7000577636.329999
cn,IT,2022-03-01 00:00:00,W,64,2082015077.49
cn,IT,2022-04-01 00:00:00,S,585,7507044620.94
cn,IT,2022-04-01 00:00:00,U,309,5420698380.36
cn,IT,2022-04-01 00:00:00,W,58,3081396187.7799997
cn,IT,2022-05-01 00:00:00,S,717,3582804082.610001
cn,IT,2022-05-01 00:00:00,U,324,3356096070.4700003
cn,IT,2022-05-01 00:00:00,W,90,2860060206.81
cn,IT,2022-06-01 00:00:00,S,791,9265407211.98
cn,IT,2022-06-01 00:00:00,U,341,3894196598.709999
cn,IT,2022-06-01 00:00:00,W,74,4016161956.1499996
cn,IT,2022-07-01 00:00:00,S,781,17799984153.51
cn,IT,2022-07-01 00:00:00,U,338,18500947636.140007
cn,IT,2022-07-01 00:00:00,W,98,10702724524.59
cn,IT,2022-08-01 00:00:00,S,584,2316268570.2200003
cn,IT,2022-08-01 00:00:00,U,229,1367663297.04
cn,IT,2022-08-01 00:00:00,W,93,4887802349.89
cn,IT,2022-09-01 00:00:00,S,660,4462177451.71
cn,IT,2022-09-01 00:00:00,U,279,6581902704.02
cn,IT,2022-09-01 00:00:00,W,88,6049768946.020001
cn,IT,2022-10-01 00:00:00,S,706,4388438070.07
cn,IT,2022-10-01 00:00:00,U,378,3815013395.9100003
cn,IT,2022-10-01 00:00:00,W,118,2078590490.67
cn,IT,2022-11-01 00:00:00,S,677,2708208961.93
cn,IT,2022-11-01 00:00:00,U,369,2685889441.9300003
cn,IT,2022-11-01 00:00:00,W,121,5733171212.860001
cn,IT,2022-12-01 00:00:00,S,778,5247377442.030001
cn,IT,2022-12-01 00:00:00,U,390,24123400435.36
cn,IT,2022-12-01 00:00:00,W,336,14883798661.029999
cn,IT,2023-01-01 00:00:00,S,550,2005580150.22
cn,IT,2023-01-01 00:00:00,U,285,3870935810.0
cn,IT,2023-01-01 00:00:00,W,65,1552901151.3899996
cn,IT,2023-02-01 00:00:00,S,671,4104499094.8900003
cn,IT,2023-02-01 00:00:00,U,291,5119885848.290001
cn,IT,2023-02-01 00:00:00,W,92,2718489717.57
cn,IT,2023-03-01 00:00:00,S,914,4309509044.88
cn,IT,2023-03-01 00:00:00,U,514,9690403982.599998
cn,IT,2023-03-01 00:00:00,W,188,7240488299.289999
cn,IT,2023-04-01 00:00:00,S,591,3854306758.54
cn,IT,2023-04-01 00:00:00,U,309,5044765135.29
cn,IT,2023-04-01 00:00:00,W,84,3316848769.3599997
cn,IT,2023-05-01 00:00:00,S,855,3846471087.52
cn,IT,2023-05-01 00:00:00,U,483,10591125338.410002
cn,IT,2023-05-01 00:00:00,W,117,2926955957.67
cn,IT,2023-06-01 00:00:00,S,2045,21072389563.139996
cn,IT,2023-06-01 00:00:00,U,1059,12415979430.65
cn,IT,2023-06-01 00:00:00,W,312,10986923011.64
cn,IT,2023-07-01 00:00:00,S,143,11041773981.700003
cn,IT,2023-07-01 00:00:00,U,86,28006522858.670002
cn,IT,2023-07-01 00:00:00,W,41,4630607475.420001
cn,IT,2023-08-01 00:00:00,S,210,1463664968.1200001
cn,IT,2023-08-01 00:00:00,U,131,28223353038.36
cn,IT,2023-08-01 00:00:00,W,64,959856768.7299999
cn,IT,2023-09-01 00:00:00,S,299,1386498172.3600001
cn,IT,2023-09-01 00:00:00,U,186,1007304261.6899999
cn,IT,2023-09-01 00:00:00,W,63,904891868.44
cn,LI,2016-01-01 00:00:00,S,1,486149.33
cn,LI,2016-03-01 00:00:00,S,2,642084.02
cn,LI,2016-06-01 00:00:00,S,1,201797.84
cn,LI,2016-09-01 00:00:00,W,1,5962208.77
cn,LI,2016-10-01 00:00:00,U,2,
cn,LI,2016-11-01 00:00:00,U,2,
cn,LI,2017-01-01 00:00:00,W,1,1664118.02
cn,LI,2017-03-01 00:00:00,W,1,1799046.51
cn,LI,2017-04-01 00:00:00,W,1,611675.81
cn,LI,2017-05-01 00:00:00,W,3,2158855.8099999996
cn,LI,2017-06-01 00:00:00,W,2,3148331.38
cn,LI,2017-08-01 00:00:00,W,1,449761.63
cn,LI,2017-09-01 00:00:00,W,1,449761.63
cn,LI,2017-10-01 00:00:00,W,2,1574165.69
cn,LI,2018-01-01 00:00:00,W,1,1008658.01
cn,LI,2018-02-01 00:00:00,U,1,519480.52
cn,LI,2018-02-01 00:00:00,W,1,952380.95
cn,LI,2018-03-01 00:00:00,S,1,432900.43
cn,LI,2018-03-01 00:00:00,U,2,969696.97
cn,LI,2018-03-01 00:00:00,W,1,735930.74
cn,LI,2018-05-01 00:00:00,U,1,270000.0
cn,LI,2018-06-01 00:00:00,W,2,523809.52
cn,LI,2018-08-01 00:00:00,W,1,1125541.13
cn,LI,2018-09-01 00:00:00,S,1,
cn,LI,2018-10-01 00:00:00,W,1,1298701.3
cn,LI,2018-11-01 00:00:00,U,1,
cn,LI,2019-01-01 00:00:00,U,1,
cn,LI,2019-02-01 00:00:00,S,1,242718.45
cn,LI,2019-02-01 00:00:00,U,1,
cn,LI,2019-02-01 00:00:00,W,1,1899496.58
cn,LI,2019-04-01 00:00:00,U,1,1078748.65
cn,LI,2019-06-01 00:00:00,S,3,795577.1300000001
cn,LI,2019-06-01 00:00:00,U,3,
cn,LI,2019-06-01 00:00:00,W,1,300809.96
cn,LI,2019-07-01 00:00:00,W,1,251708.02
cn,LI,2019-09-01 00:00:00,S,1,
cn,LI,2019-10-01 00:00:00,U,1,800000.0
cn,LI,2019-10-01 00:00:00,W,1,15749730.31
cn,LI,2019-11-01 00:00:00,S,1,
cn,LI,2020-01-01 00:00:00,S,2,429705.74
cn,LI,2020-01-01 00:00:00,W,1,259691.73
cn,LI,2020-03-01 00:00:00,S,1,
cn,LI,2020-03-01 00:00:00,W,1,261560.02
cn,LI,2020-04-01 00:00:00,S,3,784680.06
cn,LI,2020-05-01 00:00:00,S,2,934142.92
cn,LI,2020-05-01 00:00:00,W,2,19262027.09
cn,LI,2020-06-01 00:00:00,S,1,151050910.79
cn,LI,2020-07-01 00:00:00,U,3,
cn,LI,2020-08-01 00:00:00,U,1,345632.88
cn,LI,2020-08-01 00:00:00,W,1,11396543.67
cn,LI,2020-09-01 00:00:00,S,2,1494628.68
cn,LI,2020-10-01 00:00:00,W,1,1372157.87
cn,LI,2020-11-01 00:00:00,U,2,
cn,LI,2020-12-01 00:00:00,U,1,
cn,LI,2021-01-01 00:00:00,S,2,1788021.46
cn,LI,2021-01-01 00:00:00,U,1,
cn,LI,2021-03-01 00:00:00,S,1,
cn,LI,2021-04-01 00:00:00,U,2,
cn,LI,2021-04-01 00:00:00,W,1,748311.9
cn,LI,2021-05-01 00:00:00,S,1,4162427.16
cn,LI,2021-05-01 00:00:00,U,1,
cn,LI,2021-06-01 00:00:00,S,4,739987.05
cn,LI,2021-06-01 00:00:00,U,1,
cn,LI,2021-08-01 00:00:00,U,1,693737.86
cn,LI,2021-09-01 00:00:00,S,2,2762926.6500000004
cn,LI,2021-09-01 00:00:00,U,1,
cn,LI,2021-10-01 00:00:00,S,1,369993.53
cn,LI,2021-10-01 00:00:00,W,1,
cn,LI,2021-11-01 00:00:00,S,2,
cn,LI,2021-11-01 00:00:00,U,1,
cn,LI,2021-11-01 00:00:00,W,5,5117010.45
cn,LI,2021-12-01 00:00:00,W,1,203496.44
cn,LI,2022-02-01 00:00:00,W,1,
cn,LI,2022-03-01 00:00:00,S,6,
cn,LI,2022-03-01 00:00:00,U,2,
cn,LI,2022-03-01 00:00:00,W,7,
cn,LI,2022-04-01 00:00:00,S,2,
cn,LI,2022-04-01 00:00:00,W,1,
cn,LI,2022-05-01 00:00:00,S,1,
cn,LI,2022-05-01 00:00:00,U,1,
cn,LI,2022-05-01 00:00:00,W,2,
cn,LI,2022-06-01 00:00:00,S,8,
cn,LI,2022-07-01 00:00:00,S,9,1183979.28
cn,LI,2022-08-01 00:00:00,S,3,
cn,LI,2022-08-01 00:00:00,U,1,404217.93
cn,LI,2022-08-01 00:00:00,W,8,
cn,LI,2022-09-01 00:00:00,S,1,
cn,LI,2022-09-01 00:00:00,U,2,
cn,LI,2022-09-01 00:00:00,W,12,
cn,LI,2022-10-01 00:00:00,S,1,
cn,LI,2022-10-01 00:00:00,U,1,404217.93
cn,LI,2022-11-01 00:00:00,U,1,
cn,LI,2022-11-01 00:00:00,W,5,0.92
cn,LI,2022-12-01 00:00:00,W,1,
cn,LI,2023-01-01 00:00:00,U,1,
cn,LI,2023-01-01 00:00:00,W,14,
cn,LI,2023-02-01 00:00:00,S,2,
cn,LI,2023-02-01 00:00:00,U,1,
cn,LI,2023-02-01 00:00:00,W,3,
cn,LI,2023-03-01 00:00:00,S,1,
cn,LI,2023-03-01 00:00:00,W,3,
cn,LI,2023-04-01 00:00:00,U,7,
cn,LI,2023-04-01 00:00:00,W,4,
cn,LI,2023-05-01 00:00:00,S,2,
cn,LI,2023-05-01 00:00:00,W,11,
cn,LI,2023-06-01 00:00:00,U,1,
cn,LI,2023-06-01 00:00:00,W,4,
cn,LI,2023-07-01 00:00:00,U,1,
cn,LI,2023-07-01 00:00:00,W,4,
cn,LI,2023-08-01 00:00:00,S,11,
cn,LI,2023-08-01 00:00:00,W,5,
cn,LI,2023-09-01 00:00:00,U,1,
cn,LI,2023-09-01 00:00:00,W,6,
cn,LT,2016-01-01 00:00:00,S,48,74258264.0
cn,LT,2016-01-01 00:00:00,U,56,4969743.84
cn,LT,2016-01-01 00:00:00,W,1,
cn,LT,2016-02-01 00:00:00,S,69,6499479.109999999
cn,LT,2016-02-01 00:00:00,U,71,742103.31
cn,LT,2016-02-01 00:00:00,W,14,
cn,LT,2016-03-01 00:00:00,S,74,1819564.96
cn,LT,2016-03-01 00:00:00,U,104,49857437.95
cn,LT,2016-03-01 00:00:00,W,12,85351000.0
cn,LT,2016-04-01 00:00:00,S,110,1967341.9300000002
cn,LT,2016-04-01 00:00:00,U,140,2060759.0
cn,LT,2016-04-01 00:00:00,W,24,214876.03
cn,LT,2016-05-01 00:00:00,S,84,2184560.0
cn,LT,2016-05-01 00:00:00,U,109,5243514.29
cn,LT,2016-05-01 00:00:00,W,4,
cn,LT,2016-06-01 00:00:00,S,84,8965925.62
cn,LT,2016-06-01 00:00:00,U,108,15710151.8
cn,LT,2016-06-01 00:00:00,W,9,278294773.0
cn,LT,2016-07-01 00:00:00,S,75,6037040.11
cn,LT,2016-07-01 00:00:00,U,122,25920234.249999996
cn,LT,2016-07-01 00:00:00,W,5,9000000.0
cn,LT,2016-08-01 00:00:00,S,70,8240000.0
cn,LT,2016-08-01 00:00:00,U,126,22982913.64
cn,LT,2016-08-01 00:00:00,W,9,32179314.23
cn,LT,2016-09-01 00:00:00,S,75,23054587.11
cn,LT,2016-09-01 00:00:00,U,95,5471942.15
cn,LT,2016-09-01 00:00:00,W,15,11737000.0
cn,LT,2016-10-01 00:00:00,S,74,28328330.58
cn,LT,2016-10-01 00:00:00,U,86,3996957.86
cn,LT,2016-10-01 00:00:00,W,6,22314050.0
cn,LT,2016-11-01 00:00:00,S,51,5821923.78
cn,LT,2016-11-01 00:00:00,U,69,619834.71
cn,LT,2016-11-01 00:00:00,W,12,
cn,LT,2016-12-01 00:00:00,S,93,7121406.61
cn,LT,2016-12-01 00:00:00,U,110,8541548.61
cn,LT,2016-12-01 00:00:00,W,6,19008264.46
cn,LT,2017-01-01 00:00:00,S,56,3166247.0599999996
cn,LT,2017-01-01 00:00:00,U,64,289256.2
cn,LT,2017-01-01 00:00:00,W,3,
cn,LT,2017-02-01 00:00:00,S,62,3767998.1
cn,LT,2017-02-01 00:00:00,U,71,1138116.53
cn,LT,2017-02-01 00:00:00,W,4,
cn,LT,2017-03-01 00:00:00,S,79,408068017.84999996
cn,LT,2017-03-01 00:00:00,U,154,17913369.25
cn,LT,2017-03-01 00:00:00,W,8,
cn,LT,2017-04-01 00:00:00,S,87,18427426.95
cn,LT,2017-04-01 00:00:00,U,113,42089669.42
cn,LT,2017-04-01 00:00:00,W,6,5398146.5
cn,LT,2017-05-01 00:00:00,S,78,3168550.6799999997
cn,LT,2017-05-01 00:00:00,U,169,6190292.1899999995
cn,LT,2017-05-01 00:00:00,W,6,
cn,LT,2017-06-01 00:00:00,S,187,25745478.46
cn,LT,2017-06-01 00:00:00,U,248,21290124.28
cn,LT,2017-06-01 00:00:00,W,26,336999234.88
cn,LT,2017-07-01 00:00:00,S,15,8267706.899999999
cn,LT,2017-07-01 00:00:00,U,23,2864201.3499999996
cn,LT,2017-07-01 00:00:00,W,1,
cn,LT,2017-08-01 00:00:00,S,63,11996391.690000001
cn,LT,2017-08-01 00:00:00,U,78,129558838.64
cn,LT,2017-08-01 00:00:00,W,4,188956198.35
cn,LT,2017-09-01 00:00:00,S,78,3984913.5100000002
cn,LT,2017-09-01 00:00:00,U,132,42839986.9
cn,LT,2017-09-01 00:00:00,W,7,
cn,LT,2017-10-01 00:00:00,S,101,13144937.260000002
cn,LT,2017-10-01 00:00:00,U,153,22775589.73
cn,LT,2017-10-01 00:00:00,W,5,32500000.0
cn,LT,2017-11-01 00:00:00,S,83,34669499.62
cn,LT,2017-11-01 00:00:00,U,121,60414051.56
cn,LT,2017-11-01 00:00:00,W,5,
cn,LT,2017-12-01 00:00:00,S,103,34210054.64
cn,LT,2017-12-01 00:00:00,U,134,29206547.4
cn,LT,2017-12-01 00:00:00,W,12,5791000.0
cn,LT,2018-01-01 00:00:00,S,57,31790006.16
cn,LT,2018-01-01 00:00:00,U,74,11534408.98
cn,LT,2018-01-01 00:00:00,W,5,
cn,LT,2018-02-01 00:00:00,S,79,17615978.520000003
cn,LT,2018-02-01 00:00:00,U,147,7376081.010000001
cn,LT,2018-02-01 00:00:00,W,7,
cn,LT,2018-03-01 00:00:00,S,111,34055519.57
cn,LT,2018-03-01 00:00:00,U,162,15164680.509999998
cn,LT,2018-03-01 00:00:00,W,12,22674712.389999997
cn,LT,2018-04-01 00:00:00,S,85,7261983.1
cn,LT,2018-04-01 00:00:00,U,146,50626812.47
cn,LT,2018-04-01 00:00:00,W,16,12767084.0
cn,LT,2018-05-01 00:00:00,S,122,29466237.02
cn,LT,2018-05-01 00:00:00,U,161,18834557.579999994
cn,LT,2018-05-01 00:00:00,W,9,3630000.0
cn,LT,2018-06-01 00:00:00,S,117,55035846.19000001
cn,LT,2018-06-01 00:00:00,U,177,1233783765.9299998
cn,LT,2018-06-01 00:00:00,W,15,4119018.8600000003
cn,LT,2018-07-01 00:00:00,S,127,88884042.69000001
cn,LT,2018-07-01 00:00:00,U,180,829019879.1700001
cn,LT,2018-07-01 00:00:00,W,17,45987297.7
cn,LT,2018-08-01 00:00:00,S,123,41519576.33
cn,LT,2018-08-01 00:00:00,U,176,27411378.5
cn,LT,2018-08-01 00:00:00,W,14,29131138.57
cn,LT,2018-09-01 00:00:00,S,119,26212553.559999995
cn,LT,2018-09-01 00:00:00,U,136,24235891.95
cn,LT,2018-09-01 00:00:00,W,12,7843147.15
cn,LT,2018-10-01 00:00:00,S,138,74274609.32000001
cn,LT,2018-10-01 00:00:00,U,201,671077721.0999999
cn,LT,2018-10-01 00:00:00,W,6,39104342.93
cn,LT,2018-11-01 00:00:00,S,148,123037463.46000001
cn,LT,2018-11-01 00:00:00,U,163,126838003.32000001
cn,LT,2018-11-01 00:00:00,W,15,19636776.86
cn,LT,2018-12-01 00:00:00,S,105,51918306.96
cn,LT,2018-12-01 00:00:00,U,161,19107557.35
cn,LT,2018-12-01 00:00:00,W,13,22576033.060000002
cn,LT,2019-01-01 00:00:00,S,71,73263937.04
cn,LT,2019-01-01 00:00:00,U,95,163412709.45
cn,LT,2019-01-01 00:00:00,W,11,33068311.57
cn,LT,2019-02-01 00:00:00,S,135,217278489.73999998
cn,LT,2019-02-01 00:00:00,U,184,20154308.9
cn,LT,2019-02-01 00:00:00,W,5,17864655.46
cn,LT,2019-03-01 00:00:00,S,109,27046896.3
cn,LT,2019-03-01 00:00:00,U,187,22493500.0
cn,LT,2019-03-01 00:00:00,W,10,9137789.57
cn,LT,2019-04-01 00:00:00,S,136,111641728.26000004
cn,LT,2019-04-01 00:00:00,U,170,57446567.34
cn,LT,2019-04-01 00:00:00,W,16,34694190.12
cn,LT,2019-05-01 00:00:00,S,136,58977576.75000001
cn,LT,2019-05-01 00:00:00,U,216,35511640.51
cn,LT,2019-05-01 00:00:00,W,8,12638833.23
cn,LT,2019-06-01 00:00:00,S,152,45275050.32
cn,LT,2019-06-01 00:00:00,U,183,259623716.51999998
cn,LT,2019-06-01 00:00:00,W,8,23763635.66
cn,LT,2019-07-01 00:00:00,S,133,39597185.970000006
cn,LT,2019-07-01 00:00:00,U,214,104840060.11999999
cn,LT,2019-07-01 00:00:00,W,10,180058080.54
cn,LT,2019-08-01 00:00:00,S,119,25950488.339999996
cn,LT,2019-08-01 00:00:00,U,174,379653485.2199999
cn,LT,2019-08-01 00:00:00,W,13,3351710.74
cn,LT,2019-09-01 00:00:00,S,114,39963185.22
cn,LT,2019-09-01 00:00:00,U,165,19593564.61
cn,LT,2019-09-01 00:00:00,W,13,877769407.93
cn,LT,2019-10-01 00:00:00,S,87,64446515.57
cn,LT,2019-10-01 00:00:00,U,194,491527462.84999996
cn,LT,2019-10-01 00:00:00,W,17,67821467.87
cn,LT,2019-11-01 00:00:00,S,114,61586490.449999996
cn,LT,2019-11-01 00:00:00,U,161,28016636.19
cn,LT,2019-11-01 00:00:00,W,8,8149407.93
cn,LT,2019-12-01 00:00:00,S,146,41857291.19
cn,LT,2019-12-01 00:00:00,U,182,9035552.05
cn,LT,2019-12-01 00:00:00,W,10,
cn,LT,2020-01-01 00:00:00,S,78,22825464.12
cn,LT,2020-01-01 00:00:00,U,104,53939808.50000001
cn,LT,2020-01-01 00:00:00,W,10,30332727.27
cn,LT,2020-02-01 00:00:00,S,89,15769898.910000002
cn,LT,2020-02-01 00:00:00,U,168,170738145.17000005
cn,LT,2020-02-01 00:00:00,W,11,45545454.54000001
cn,LT,2020-03-01 00:00:00,S,120,20236290.46
cn,LT,2020-03-01 00:00:00,U,184,511076444.26
cn,LT,2020-03-01 00:00:00,W,11,69636015.2
cn,LT,2020-04-01 00:00:00,S,136,24087754.23
cn,LT,2020-04-01 00:00:00,U,199,9787814.950000001
cn,LT,2020-04-01 00:00:00,W,15,696504132.23
cn,LT,2020-05-01 00:00:00,S,118,50606388.89
cn,LT,2020-05-01 00:00:00,U,192,16556642.95
cn,LT,2020-05-01 00:00:00,W,22,1600000.0
cn,LT,2020-06-01 00:00:00,S,161,246550988.39000002
cn,LT,2020-06-01 00:00:00,U,207,61341931.5
cn,LT,2020-06-01 00:00:00,W,17,447348897.58000004
cn,LT,2020-07-01 00:00:00,S,123,76560578.20999998
cn,LT,2020-07-01 00:00:00,U,263,115117325.75
cn,LT,2020-07-01 00:00:00,W,13,226375.86
cn,LT,2020-08-01 00:00:00,S,102,58439954.089999996
cn,LT,2020-08-01 00:00:00,U,205,113155408.46000001
cn,LT,2020-08-01 00:00:00,W,10,340875141.46
cn,LT,2020-09-01 00:00:00,S,103,16054691.5
cn,LT,2020-09-01 00:00:00,U,219,419710857.04999995
cn,LT,2020-09-01 00:00:00,W,15,29577315.0
cn,LT,2020-10-01 00:00:00,S,148,25821158.48
cn,LT,2020-10-01 00:00:00,U,233,118606316.41000001
cn,LT,2020-10-01 00:00:00,W,8,33184078.28
cn,LT,2020-11-01 00:00:00,S,110,91093971.07999998
cn,LT,2020-11-01 00:00:00,U,211,638252908.25
cn,LT,2020-11-01 00:00:00,W,10,21352186.48
cn,LT,2020-12-01 00:00:00,S,173,53849581.830000006
cn,LT,2020-12-01 00:00:00,U,300,29026119.37
cn,LT,2020-12-01 00:00:00,W,18,37122272.730000004
cn,LT,2021-01-01 00:00:00,S,68,16877198.86
cn,LT,2021-01-01 00:00:00,U,112,2055170750.4799998
cn,LT,2021-01-01 00:00:00,W,6,5100000.0
cn,LT,2021-02-01 00:00:00,S,112,36800858.0
cn,LT,2021-02-01 00:00:00,U,133,28996304.89
cn,LT,2021-02-01 00:00:00,W,9,18683508.259999998
cn,LT,2021-03-01 00:00:00,S,137,34211669.45999999
cn,LT,2021-03-01 00:00:00,U,242,28717481.45
cn,LT,2021-03-01 00:00:00,W,10,6002885.67
cn,LT,2021-04-01 00:00:00,S,138,62086803.059999995
cn,LT,2021-04-01 00:00:00,U,270,25002209.13
cn,LT,2021-04-01 00:00:00,W,14,12081508.26
cn,LT,2021-05-01 00:00:00,S,118,1324246012.67
cn,LT,2021-05-01 00:00:00,U,208,103277555.16000003
cn,LT,2021-05-01 00:00:00,W,17,109119080.44
cn,LT,2021-06-01 00:00:00,S,139,24622141.869999997
cn,LT,2021-06-01 00:00:00,U,230,66969533.779999994
cn,LT,2021-06-01 00:00:00,W,13,82738369.69
cn,LT,2021-07-01 00:00:00,S,147,48298106.599999994
cn,LT,2021-07-01 00:00:00,U,224,64751645.23000001
cn,LT,2021-07-01 00:00:00,W,15,923191.3999999999
cn,LT,2021-08-01 00:00:00,S,120,247313105.77000004
cn,LT,2021-08-01 00:00:00,U,181,1038326898.4399999
cn,LT,2021-08-01 00:00:00,W,10,127208760.33
cn,LT,2021-09-01 00:00:00,S,133,32174308.54
cn,LT,2021-09-01 00:00:00,U,219,111180542.14999999
cn,LT,2021-09-01 00:00:00,W,13,12396694.21
cn,LT,2021-10-01 00:00:00,S,137,33660203.74999999
cn,LT,2021-10-01 00:00:00,U,230,207607629.75999996
cn,LT,2021-10-01 00:00:00,W,21,28659154.1
cn,LT,2021-11-01 00:00:00,S,127,44593715.239999995
cn,LT,2021-11-01 00:00:00,U,253,506927273.64
cn,LT,2021-11-01 00:00:00,W,19,1113638889.78
cn,LT,2021-12-01 00:00:00,S,191,217575044.92999995
cn,LT,2021-12-01 00:00:00,U,315,621988530.7500001
cn,LT,2021-12-01 00:00:00,W,23,1817649915.93
cn,LT,2022-01-01 00:00:00,S,68,26697695.36
cn,LT,2022-01-01 00:00:00,U,74,7277023.05
cn,LT,2022-01-01 00:00:00,W,6,1738889.78
cn,LT,2022-02-01 00:00:00,S,109,29941360.169999998
cn,LT,2022-02-01 00:00:00,U,152,895722414.9399999
cn,LT,2022-02-01 00:00:00,W,11,6353677.6899999995
cn,LT,2022-03-01 00:00:00,S,161,48734282.09
cn,LT,2022-03-01 00:00:00,U,253,83828682.0
cn,LT,2022-03-01 00:00:00,W,20,39076067.879999995
cn,LT,2022-04-01 00:00:00,S,150,39423127.41
cn,LT,2022-04-01 00:00:00,U,223,135552347.95
cn,LT,2022-04-01 00:00:00,W,9,1733500.0
cn,LT,2022-05-01 00:00:00,S,155,947781472.4
cn,LT,2022-05-01 00:00:00,U,292,417090511.23
cn,LT,2022-05-01 00:00:00,W,30,26044680.02
cn,LT,2022-06-01 00:00:00,S,164,79515156.89
cn,LT,2022-06-01 00:00:00,U,267,247185326.86
cn,LT,2022-06-01 00:00:00,W,22,15749003.620000001
cn,LT,2022-07-01 00:00:00,S,151,95911996.71000001
cn,LT,2022-07-01 00:00:00,U,197,1166971412.56
cn,LT,2022-07-01 00:00:00,W,20,33781282.21
cn,LT,2022-08-01 00:00:00,S,147,116543346.32
cn,LT,2022-08-01 00:00:00,U,270,532592901.74
cn,LT,2022-08-01 00:00:00,W,19,31431223.77
cn,LT,2022-09-01 00:00:00,S,140,176275112.46999994
cn,LT,2022-09-01 00:00:00,U,262,211120546.6
cn,LT,2022-09-01 00:00:00,W,10,108800000.0
cn,LT,2022-10-01 00:00:00,S,179,208900335.09
cn,LT,2022-10-01 00:00:00,U,255,26163564.67
cn,LT,2022-10-01 00:00:00,W,13,1217793388.4099998
cn,LT,2022-11-01 00:00:00,S,142,38595153.77
cn,LT,2022-11-01 00:00:00,U,285,570225204.48
cn,LT,2022-11-01 00:00:00,W,13,20000000.0
cn,LT,2022-12-01 00:00:00,S,216,111646543.22999999
cn,LT,2022-12-01 00:00:00,U,380,26820605.78
cn,LT,2022-12-01 00:00:00,W,28,63852066.120000005
cn,LT,2023-01-01 00:00:00,S,69,16258446.84
cn,LT,2023-01-01 00:00:00,U,59,58968676.489999995
cn,LT,2023-01-01 00:00:00,W,10,75571015.99
cn,LT,2023-02-01 00:00:00,S,99,228099474.32000002
cn,LT,2023-02-01 00:00:00,U,150,284957749.75
cn,LT,2023-02-01 00:00:00,W,14,232451239.67000002
cn,LT,2023-03-01 00:00:00,S,182,97093259.67
cn,LT,2023-03-01 00:00:00,U,286,1302114690.03
cn,LT,2023-03-01 00:00:00,W,41,309385649.34
cn,LT,2023-04-01 00:00:00,S,134,76923876.91000001
cn,LT,2023-04-01 00:00:00,U,216,371752390.3000001
cn,LT,2023-04-01 00:00:00,W,18,65237190.080000006
cn,LT,2023-05-01 00:00:00,S,165,92321434.89000002
cn,LT,2023-05-01 00:00:00,U,262,1527533329.4799998
cn,LT,2023-05-01 00:00:00,W,15,13066057.3
cn,LT,2023-06-01 00:00:00,S,167,103379414.50000003
cn,LT,2023-06-01 00:00:00,U,295,76532194.86999999
cn,LT,2023-06-01 00:00:00,W,21,33995.9
cn,LT,2023-07-01 00:00:00,S,127,1047193669.79
cn,LT,2023-07-01 00:00:00,U,195,334857732.41
cn,LT,2023-07-01 00:00:00,W,18,836120801.2
cn,LT,2023-08-01 00:00:00,S,145,30481313.159999996
cn,LT,2023-08-01 00:00:00,U,241,23282553.560000006
cn,LT,2023-08-01 00:00:00,W,17,239475621.20000002
cn,LT,2023-09-01 00:00:00,S,138,34831933.839999996
cn,LT,2023-09-01 00:00:00,U,229,4462024579.36
cn,LT,2023-09-01 00:00:00,W,14,2426930.0
cn,LU,2016-01-01 00:00:00,S,11,
cn,LU,2016-01-01 00:00:00,U,7,
cn,LU,2016-01-01 00:00:00,W,16,
cn,LU,2016-02-01 00:00:00,S,15,4202500.0
cn,LU,2016-02-01 00:00:00,U,12,2420000.0
cn,LU,2016-02-01 00:00:00,W,18,
cn,LU,2016-03-01 00:00:00,S,27,80670000.0
cn,LU,2016-03-01 00:00:00,U,13,65200000.0
cn,LU,2016-03-01 00:00:00,W,25,
cn,LU,2016-04-01 00:00:00,S,19,24572000.0
cn,LU,2016-04-01 00:00:00,U,8,350000.0
cn,LU,2016-04-01 00:00:00,W,19,
cn,LU,2016-05-01 00:00:00,S,21,37960000.0
cn,LU,2016-05-01 00:00:00,U,14,350000.0
cn,LU,2016-05-01 00:00:00,W,20,
cn,LU,2016-06-01 00:00:00,S,25,37885000.0
cn,LU,2016-06-01 00:00:00,U,11,33300000.0
cn,LU,2016-06-01 00:00:00,W,29,
cn,LU,2016-07-01 00:00:00,S,42,87755000.0
cn,LU,2016-07-01 00:00:00,U,15,1000000.0
cn,LU,2016-07-01 00:00:00,W,20,
cn,LU,2016-08-01 00:00:00,S,20,35800000.0
cn,LU,2016-08-01 00:00:00,U,8,
cn,LU,2016-08-01 00:00:00,W,17,1.0
cn,LU,2016-09-01 00:00:00,S,32,45938000.0
cn,LU,2016-09-01 00:00:00,U,9,6420000.0
cn,LU,2016-09-01 00:00:00,W,28,
cn,LU,2016-10-01 00:00:00,S,23,20600000.0
cn,LU,2016-10-01 00:00:00,U,9,150000.0
cn,LU,2016-10-01 00:00:00,W,28,
cn,LU,2016-11-01 00:00:00,S,17,60080000.0
cn,LU,2016-11-01 00:00:00,U,6,
cn,LU,2016-11-01 00:00:00,W,14,
cn,LU,2016-12-01 00:00:00,S,39,172247000.0
cn,LU,2016-12-01 00:00:00,U,6,
cn,LU,2016-12-01 00:00:00,W,29,
cn,LU,2017-01-01 00:00:00,S,22,26110000.0
cn,LU,2017-01-01 00:00:00,U,4,2000000.0
cn,LU,2017-01-01 00:00:00,W,32,
cn,LU,2017-02-01 00:00:00,S,20,5690000.0
cn,LU,2017-02-01 00:00:00,U,13,64000.0
cn,LU,2017-02-01 00:00:00,W,19,
cn,LU,2017-03-01 00:00:00,S,30,82180000.0
cn,LU,2017-03-01 00:00:00,U,10,250000.0
cn,LU,2017-03-01 00:00:00,W,38,
cn,LU,2017-04-01 00:00:00,S,24,18775000.0
cn,LU,2017-04-01 00:00:00,U,15,1100000.0
cn,LU,2017-04-01 00:00:00,W,38,
cn,LU,2017-05-01 00:00:00,S,31,141696000.0
cn,LU,2017-05-01 00:00:00,U,13,220000.0
cn,LU,2017-05-01 00:00:00,W,27,20740000.0
cn,LU,2017-06-01 00:00:00,S,27,29120200.0
cn,LU,2017-06-01 00:00:00,U,9,1230000.0
cn,LU,2017-06-01 00:00:00,W,29,23320743.5
cn,LU,2017-07-01 00:00:00,S,31,53060000.0
cn,LU,2017-07-01 00:00:00,U,13,4955000.0
cn,LU,2017-07-01 00:00:00,W,32,
cn,LU,2017-08-01 00:00:00,S,24,41001000.0
cn,LU,2017-08-01 00:00:00,U,12,9251657.15
cn,LU,2017-08-01 00:00:00,W,27,13801374.04
cn,LU,2017-09-01 00:00:00,S,16,46715000.0
cn,LU,2017-09-01 00:00:00,U,7,
cn,LU,2017-09-01 00:00:00,W,27,7800000.0
cn,LU,2017-10-01 00:00:00,S,24,160955000.0
cn,LU,2017-10-01 00:00:00,U,11,1550000.0
cn,LU,2017-10-01 00:00:00,W,17,15208908.0
cn,LU,2017-11-01 00:00:00,S,18,8307000.0
cn,LU,2017-11-01 00:00:00,U,7,230000.0
cn,LU,2017-11-01 00:00:00,W,31,394523.0
cn,LU,2017-12-01 00:00:00,S,27,150724620.0
cn,LU,2017-12-01 00:00:00,U,5,88108050.0
cn,LU,2017-12-01 00:00:00,W,20,10574793.63
cn,LU,2018-01-01 00:00:00,S,14,10082000.0
cn,LU,2018-01-01 00:00:00,U,10,2510000.0
cn,LU,2018-01-01 00:00:00,W,42,16408633.43
cn,LU,2018-02-01 00:00:00,S,25,42499999.0
cn,LU,2018-02-01 00:00:00,U,13,681000.0
cn,LU,2018-02-01 00:00:00,W,24,6636990.0
cn,LU,2018-03-01 00:00:00,S,22,32070000.0
cn,LU,2018-03-01 00:00:00,U,4,762000.0
cn,LU,2018-03-01 00:00:00,W,39,4305000.0
cn,LU,2018-04-01 00:00:00,S,25,37506000.0
cn,LU,2018-04-01 00:00:00,U,14,
cn,LU,2018-04-01 00:00:00,W,33,336690.25
cn,LU,2018-05-01 00:00:00,S,26,51425000.0
cn,LU,2018-05-01 00:00:00,U,8,330000.0
cn,LU,2018-05-01 00:00:00,W,18,15460000.0
cn,LU,2018-06-01 00:00:00,S,21,42100000.0
cn,LU,2018-06-01 00:00:00,U,14,33000000.0
cn,LU,2018-06-01 00:00:00,W,27,1470000.0
cn,LU,2018-07-01 00:00:00,S,35,18947700.0
cn,LU,2018-07-01 00:00:00,U,14,3575000.0
cn,LU,2018-07-01 00:00:00,W,33,101290000.0
cn,LU,2018-08-01 00:00:00,S,21,39806000.0
cn,LU,2018-08-01 00:00:00,U,11,13786500.0
cn,LU,2018-08-01 00:00:00,W,47,1048925.0
cn,LU,2018-09-01 00:00:00,S,29,30125000.0
cn,LU,2018-09-01 00:00:00,U,6,1588000.0
cn,LU,2018-09-01 00:00:00,W,20,312129.02
cn,LU,2018-10-01 00:00:00,S,29,29425000.0
cn,LU,2018-10-01 00:00:00,U,13,2350000.0
cn,LU,2018-10-01 00:00:00,W,34,37669834.74
cn,LU,2018-11-01 00:00:00,S,24,16125664.0
cn,LU,2018-11-01 00:00:00,U,5,500000.0
cn,LU,2018-11-01 00:00:00,W,30,5745955.3
cn,LU,2018-12-01 00:00:00,S,27,22181451.0
cn,LU,2018-12-01 00:00:00,U,7,5450000.0
cn,LU,2018-12-01 00:00:00,W,29,13000000.0
cn,LU,2019-01-01 00:00:00,S,25,39427000.0
cn,LU,2019-01-01 00:00:00,U,9,4400000.0
cn,LU,2019-01-01 00:00:00,W,26,1701100.0
cn,LU,2019-02-01 00:00:00,S,38,62870000.0
cn,LU,2019-02-01 00:00:00,U,7,2500000.0
cn,LU,2019-02-01 00:00:00,W,40,6728100.0
cn,LU,2019-03-01 00:00:00,S,23,7042700.0
cn,LU,2019-03-01 00:00:00,U,9,5108500.0
cn,LU,2019-03-01 00:00:00,W,43,18667526.7
cn,LU,2019-04-01 00:00:00,S,42,40436000.0
cn,LU,2019-04-01 00:00:00,U,8,8300000.0
cn,LU,2019-04-01 00:00:00,W,41,13378693.0
cn,LU,2019-05-01 00:00:00,S,24,12588999.0
cn,LU,2019-05-01 00:00:00,U,17,1459000.0
cn,LU,2019-05-01 00:00:00,W,38,4769938.0
cn,LU,2019-06-01 00:00:00,S,35,233594750.0
cn,LU,2019-06-01 00:00:00,U,13,3340000.0
cn,LU,2019-06-01 00:00:00,W,43,2150000.0
cn,LU,2019-07-01 00:00:00,S,55,157728359.0
cn,LU,2019-07-01 00:00:00,U,11,4359824.5
cn,LU,2019-07-01 00:00:00,W,44,2883515.87
cn,LU,2019-08-01 00:00:00,S,31,66538000.0
cn,LU,2019-08-01 00:00:00,U,10,17612313.0
cn,LU,2019-08-01 00:00:00,W,26,2980000.0
cn,LU,2019-09-01 00:00:00,S,29,92737000.0
cn,LU,2019-09-01 00:00:00,U,9,1591065.71
cn,LU,2019-09-01 00:00:00,W,35,31117614.87
cn,LU,2019-10-01 00:00:00,S,50,62435100.0
cn,LU,2019-10-01 00:00:00,U,8,3280000.0
cn,LU,2019-10-01 00:00:00,W,53,15273212.0
cn,LU,2019-11-01 00:00:00,S,25,31047000.0
cn,LU,2019-11-01 00:00:00,U,9,416910000.0
cn,LU,2019-11-01 00:00:00,W,45,5470064.0
cn,LU,2019-12-01 00:00:00,S,24,16802964.0
cn,LU,2019-12-01 00:00:00,U,7,2235000.0
cn,LU,2019-12-01 00:00:00,W,41,20231000.0
cn,LU,2020-01-01 00:00:00,S,31,52436995.0
cn,LU,2020-01-01 00:00:00,U,11,30405000.0
cn,LU,2020-01-01 00:00:00,W,42,23356992.48
cn,LU,2020-02-01 00:00:00,S,22,156039500.0
cn,LU,2020-02-01 00:00:00,U,16,2445000.0
cn,LU,2020-02-01 00:00:00,W,58,10056800.0
cn,LU,2020-03-01 00:00:00,S,20,33147710.0
cn,LU,2020-03-01 00:00:00,U,15,2192000.0
cn,LU,2020-03-01 00:00:00,W,22,10300000.0
cn,LU,2020-04-01 00:00:00,S,32,45905142.0
cn,LU,2020-04-01 00:00:00,U,8,427520000.0
cn,LU,2020-04-01 00:00:00,W,32,5287000.0
cn,LU,2020-05-01 00:00:00,S,37,46464500.0
cn,LU,2020-05-01 00:00:00,U,17,2381251.1
cn,LU,2020-05-01 00:00:00,W,35,1031000.0
cn,LU,2020-06-01 00:00:00,S,33,24359500.0
cn,LU,2020-06-01 00:00:00,U,17,4653000.0
cn,LU,2020-06-01 00:00:00,W,34,12600550.0
cn,LU,2020-07-01 00:00:00,S,38,83255999.0
cn,LU,2020-07-01 00:00:00,U,15,305000.0
cn,LU,2020-07-01 00:00:00,W,48,17462800.0
cn,LU,2020-08-01 00:00:00,S,28,18868800.0
cn,LU,2020-08-01 00:00:00,U,10,44750000.0
cn,LU,2020-08-01 00:00:00,W,24,1663000.0
cn,LU,2020-09-01 00:00:00,S,35,18206000.0
cn,LU,2020-09-01 00:00:00,U,12,410000.0
cn,LU,2020-09-01 00:00:00,W,43,2200000.0300000003
cn,LU,2020-10-01 00:00:00,S,45,55617581.2
cn,LU,2020-10-01 00:00:00,U,18,1717000.0
cn,LU,2020-10-01 00:00:00,W,54,25020000.0
cn,LU,2020-11-01 00:00:00,S,24,32815000.0
cn,LU,2020-11-01 00:00:00,U,14,600000.0
cn,LU,2020-11-01 00:00:00,W,48,39177000.0
cn,LU,2020-12-01 00:00:00,S,41,69806400.0
cn,LU,2020-12-01 00:00:00,U,13,
cn,LU,2020-12-01 00:00:00,W,39,54274855.0
cn,LU,2021-01-01 00:00:00,S,26,4841000.0
cn,LU,2021-01-01 00:00:00,U,13,
cn,LU,2021-01-01 00:00:00,W,61,41320000.0
cn,LU,2021-02-01 00:00:00,S,34,45825351.0
cn,LU,2021-02-01 00:00:00,U,12,
cn,LU,2021-02-01 00:00:00,W,46,112767340.0
cn,LU,2021-03-01 00:00:00,S,52,55424249.0
cn,LU,2021-03-01 00:00:00,U,18,23567000.0
cn,LU,2021-03-01 00:00:00,W,57,313000.0
cn,LU,2021-04-01 00:00:00,S,35,17076822.22
cn,LU,2021-04-01 00:00:00,U,15,2500000.0
cn,LU,2021-04-01 00:00:00,W,54,11486086.39
cn,LU,2021-05-01 00:00:00,S,61,218315125.0
cn,LU,2021-05-01 00:00:00,U,12,400001.0
cn,LU,2021-05-01 00:00:00,W,62,1800000.0
cn,LU,2021-06-01 00:00:00,S,35,71237000.0
cn,LU,2021-06-01 00:00:00,U,16,2831000.0
cn,LU,2021-06-01 00:00:00,W,56,54004645.66
cn,LU,2021-07-01 00:00:00,S,32,29646799.0
cn,LU,2021-07-01 00:00:00,U,15,768000.0
cn,LU,2021-07-01 00:00:00,W,36,14198857.96
cn,LU,2021-08-01 00:00:00,S,17,30540000.0
cn,LU,2021-08-01 00:00:00,U,17,964600.0
cn,LU,2021-08-01 00:00:00,W,26,328000.0
cn,LU,2021-09-01 00:00:00,S,39,52420000.0
cn,LU,2021-09-01 00:00:00,U,18,1990000.0
cn,LU,2021-09-01 00:00:00,W,42,4970000.0
cn,LU,2021-10-01 00:00:00,S,43,4868919501.0
cn,LU,2021-10-01 00:00:00,U,26,1047000.0
cn,LU,2021-10-01 00:00:00,W,47,1346739.0
cn,LU,2021-11-01 00:00:00,S,31,170262800.0
cn,LU,2021-11-01 00:00:00,U,14,167410000.0
cn,LU,2021-11-01 00:00:00,W,56,17582722.130000003
cn,LU,2021-12-01 00:00:00,S,44,24430000.0
cn,LU,2021-12-01 00:00:00,U,19,1440000.0
cn,LU,2021-12-01 00:00:00,W,40,600000.0
cn,LU,2022-01-01 00:00:00,S,40,9069000.0
cn,LU,2022-01-01 00:00:00,U,14,500000.0
cn,LU,2022-01-01 00:00:00,W,55,7629974.0
cn,LU,2022-02-01 00:00:00,S,34,28335319.509999998
cn,LU,2022-02-01 00:00:00,U,19,7552000.0
cn,LU,2022-02-01 00:00:00,W,51,126970.0
cn,LU,2022-03-01 00:00:00,S,49,35859800.0
cn,LU,2022-03-01 00:00:00,U,19,600000.0
cn,LU,2022-03-01 00:00:00,W,67,2500000.0
cn,LU,2022-04-01 00:00:00,S,34,101289000.0
cn,LU,2022-04-01 00:00:00,U,19,28945000.0
cn,LU,2022-04-01 00:00:00,W,55,40667107.239999995
cn,LU,2022-05-01 00:00:00,S,53,187024000.0
cn,LU,2022-05-01 00:00:00,U,21,340000.0
cn,LU,2022-05-01 00:00:00,W,51,4180692.69
cn,LU,2022-06-01 00:00:00,S,36,123235217.67
cn,LU,2022-06-01 00:00:00,U,13,4000000.0
cn,LU,2022-06-01 00:00:00,W,77,64799349.73
cn,LU,2022-07-01 00:00:00,S,45,158370001.0
cn,LU,2022-07-01 00:00:00,U,15,
cn,LU,2022-07-01 00:00:00,W,50,7888085.47
cn,LU,2022-08-01 00:00:00,S,34,9283000.0
cn,LU,2022-08-01 00:00:00,U,15,
cn,LU,2022-08-01 00:00:00,W,29,1950000.0
cn,LU,2022-09-01 00:00:00,S,40,26070000.0
cn,LU,2022-09-01 00:00:00,U,18,
cn,LU,2022-09-01 00:00:00,W,61,
cn,LU,2022-10-01 00:00:00,S,51,29513462.54
cn,LU,2022-10-01 00:00:00,U,31,255000.0
cn,LU,2022-10-01 00:00:00,W,70,6306300.15
cn,LU,2022-11-01 00:00:00,S,36,397926993.73
cn,LU,2022-11-01 00:00:00,U,20,1100000.0
cn,LU,2022-11-01 00:00:00,W,70,
cn,LU,2022-12-01 00:00:00,S,37,322663480.0
cn,LU,2022-12-01 00:00:00,U,23,4000000.0
cn,LU,2022-12-01 00:00:00,W,58,7000000.0
cn,LU,2023-01-01 00:00:00,S,24,236571850.0
cn,LU,2023-01-01 00:00:00,U,21,276989803.42
cn,LU,2023-01-01 00:00:00,W,61,2643103.0
cn,LU,2023-02-01 00:00:00,S,36,2075684587.0
cn,LU,2023-02-01 00:00:00,U,17,
cn,LU,2023-02-01 00:00:00,W,49,2257038.5
cn,LU,2023-03-01 00:00:00,S,46,35184957.97
cn,LU,2023-03-01 00:00:00,U,19,37048000.0
cn,LU,2023-03-01 00:00:00,W,65,1150000.0
cn,LU,2023-04-01 00:00:00,S,31,53400000.0
cn,LU,2023-04-01 00:00:00,U,16,201000.0
cn,LU,2023-04-01 00:00:00,W,69,9100600.0
cn,LU,2023-05-01 00:00:00,S,66,173009738.0
cn,LU,2023-05-01 00:00:00,U,31,3847000.0
cn,LU,2023-05-01 00:00:00,W,61,54349739.59
cn,LU,2023-06-01 00:00:00,S,42,53604000.0
cn,LU,2023-06-01 00:00:00,U,29,2100000.0
cn,LU,2023-06-01 00:00:00,W,67,5986000.0
cn,LU,2023-07-01 00:00:00,S,44,125285359.0
cn,LU,2023-07-01 00:00:00,U,21,560000.0
cn,LU,2023-07-01 00:00:00,W,44,350000.0
cn,LU,2023-08-01 00:00:00,S,41,18536400.0
cn,LU,2023-08-01 00:00:00,U,21,7000000.0
cn,LU,2023-08-01 00:00:00,W,55,185001.44
cn,LU,2023-09-01 00:00:00,S,38,92956644.0
cn,LU,2023-09-01 00:00:00,U,22,1720000.0
cn,LU,2023-09-01 00:00:00,W,53,
cn,LV,2016-01-01 00:00:00,S,16,2061600.0
cn,LV,2016-01-01 00:00:00,U,43,4648832.4
cn,LV,2016-01-01 00:00:00,W,3,5000000.0
cn,LV,2016-02-01 00:00:00,S,34,3008118.55
cn,LV,2016-02-01 00:00:00,U,46,21164024.79
cn,LV,2016-02-01 00:00:00,W,1,5000000.0
cn,LV,2016-03-01 00:00:00,S,40,17035260.0
cn,LV,2016-03-01 00:00:00,U,61,5867839.67
cn,LV,2016-03-01 00:00:00,W,2,
cn,LV,2016-04-01 00:00:00,S,49,11088469.82
cn,LV,2016-04-01 00:00:00,U,97,37124525.28
cn,LV,2016-04-01 00:00:00,W,6,250000.0
cn,LV,2016-05-01 00:00:00,S,21,13875495.86
cn,LV,2016-05-01 00:00:00,U,29,3225000.0
cn,LV,2016-05-01 00:00:00,W,3,
cn,LV,2016-06-01 00:00:00,S,37,30668724.0
cn,LV,2016-06-01 00:00:00,U,54,6815566.99
cn,LV,2016-06-01 00:00:00,W,3,
cn,LV,2016-07-01 00:00:00,S,45,3246371.0
cn,LV,2016-07-01 00:00:00,U,53,14285069.13
cn,LV,2016-07-01 00:00:00,W,3,400000.0
cn,LV,2016-08-01 00:00:00,S,40,24089451.49
cn,LV,2016-08-01 00:00:00,U,64,51661628.94
cn,LV,2016-08-01 00:00:00,W,8,55594349.370000005
cn,LV,2016-09-01 00:00:00,S,45,52391474.94
cn,LV,2016-09-01 00:00:00,U,46,4761000.0
cn,LV,2016-09-01 00:00:00,W,2,
cn,LV,2016-10-01 00:00:00,S,43,15487218.27
cn,LV,2016-10-01 00:00:00,U,36,9832527.219999999
cn,LV,2016-10-01 00:00:00,W,2,
cn,LV,2016-11-01 00:00:00,S,43,6918792.88
cn,LV,2016-11-01 00:00:00,U,45,2621799.0
cn,LV,2016-11-01 00:00:00,W,6,
cn,LV,2016-12-01 00:00:00,S,38,30298018.99
cn,LV,2016-12-01 00:00:00,U,56,16103163.1
cn,LV,2016-12-01 00:00:00,W,4,34285006.0
cn,LV,2017-01-01 00:00:00,S,43,24473991.810000002
cn,LV,2017-01-01 00:00:00,U,52,6641953.62
cn,LV,2017-01-01 00:00:00,W,5,11136586.0
cn,LV,2017-02-01 00:00:00,S,88,54183168.12
cn,LV,2017-02-01 00:00:00,U,92,21282948.009999998
cn,LV,2017-02-01 00:00:00,W,12,49469701.71000001
cn,LV,2017-03-01 00:00:00,S,20,1885000.0
cn,LV,2017-03-01 00:00:00,U,28,2681515.0
cn,LV,2017-03-01 00:00:00,W,10,
cn,LV,2017-04-01 00:00:00,S,29,4021372.8200000003
cn,LV,2017-04-01 00:00:00,U,47,3484282.42
cn,LV,2017-04-01 00:00:00,W,3,700000.0
cn,LV,2017-05-01 00:00:00,S,55,125608997.17999999
cn,LV,2017-05-01 00:00:00,U,52,118474255.77
cn,LV,2017-05-01 00:00:00,W,3,39079734.85
cn,LV,2017-06-01 00:00:00,S,53,14665053.97
cn,LV,2017-06-01 00:00:00,U,48,9302579.77
cn,LV,2017-06-01 00:00:00,W,6,12735908.0
cn,LV,2017-07-01 00:00:00,S,62,11169540.83
cn,LV,2017-07-01 00:00:00,U,72,15206406.629999999
cn,LV,2017-07-01 00:00:00,W,5,10109289.83
cn,LV,2017-08-01 00:00:00,S,47,30340282.080000002
cn,LV,2017-08-01 00:00:00,U,65,10574685.02
cn,LV,2017-08-01 00:00:00,W,14,92952124.44
cn,LV,2017-09-01 00:00:00,S,54,13433178.0
cn,LV,2017-09-01 00:00:00,U,76,13815293.7
cn,LV,2017-09-01 00:00:00,W,13,122171842.82
cn,LV,2017-10-01 00:00:00,S,30,18017653.33
cn,LV,2017-10-01 00:00:00,U,48,17597054.0
cn,LV,2017-10-01 00:00:00,W,4,41376881.61
cn,LV,2017-11-01 00:00:00,S,33,21791336.2
cn,LV,2017-11-01 00:00:00,U,55,18983826.27
cn,LV,2017-11-01 00:00:00,W,4,11042429.06
cn,LV,2017-12-01 00:00:00,S,52,9277623.18
cn,LV,2017-12-01 00:00:00,U,46,20245312.519999996
cn,LV,2017-12-01 00:00:00,W,6,20419604.06
cn,LV,2018-01-01 00:00:00,S,38,141754838.17999998
cn,LV,2018-01-01 00:00:00,U,68,21420200.88
cn,LV,2018-01-01 00:00:00,W,7,25407820.07
cn,LV,2018-02-01 00:00:00,S,39,10565785.97
cn,LV,2018-02-01 00:00:00,U,51,24226148.090000004
cn,LV,2018-02-01 00:00:00,W,10,95583881.62
cn,LV,2018-03-01 00:00:00,S,41,7372953.52
cn,LV,2018-03-01 00:00:00,U,97,30028869.9
cn,LV,2018-03-01 00:00:00,W,10,48281407.99
cn,LV,2018-04-01 00:00:00,S,47,110029256.59
cn,LV,2018-04-01 00:00:00,U,89,29834339.05
cn,LV,2018-04-01 00:00:00,W,12,23569025.07
cn,LV,2018-05-01 00:00:00,S,48,38954679.33
cn,LV,2018-05-01 00:00:00,U,85,14386812.85
cn,LV,2018-05-01 00:00:00,W,12,80146292.36
cn,LV,2018-06-01 00:00:00,S,68,56929779.32
cn,LV,2018-06-01 00:00:00,U,81,36964742.59
cn,LV,2018-06-01 00:00:00,W,9,60783542.07
cn,LV,2018-07-01 00:00:00,S,56,33245396.46
cn,LV,2018-07-01 00:00:00,U,80,49647275.279999994
cn,LV,2018-07-01 00:00:00,W,7,49594009.25
cn,LV,2018-08-01 00:00:00,S,35,8983635.49
cn,LV,2018-08-01 00:00:00,U,77,38971636.37
cn,LV,2018-08-01 00:00:00,W,18,468096048.0
cn,LV,2018-09-01 00:00:00,S,50,18230728.419999998
cn,LV,2018-09-01 00:00:00,U,71,27160626.16
cn,LV,2018-09-01 00:00:00,W,8,41772684.86
cn,LV,2018-10-01 00:00:00,S,44,22144886.8
cn,LV,2018-10-01 00:00:00,U,100,170226217.97
cn,LV,2018-10-01 00:00:00,W,10,20196881.619999997
cn,LV,2018-11-01 00:00:00,S,47,17767921.97
cn,LV,2018-11-01 00:00:00,U,68,12715332.309999999
cn,LV,2018-11-01 00:00:00,W,9,20841779.75
cn,LV,2018-12-01 00:00:00,S,49,28997989.950000003
cn,LV,2018-12-01 00:00:00,U,65,10408409.26
cn,LV,2018-12-01 00:00:00,W,9,6530000.0
cn,LV,2019-01-01 00:00:00,S,34,28352777.009999998
cn,LV,2019-01-01 00:00:00,U,78,26512185.319999997
cn,LV,2019-01-01 00:00:00,W,9,67744000.0
cn,LV,2019-02-01 00:00:00,S,30,10627413.23
cn,LV,2019-02-01 00:00:00,U,92,35068432.99999999
cn,LV,2019-02-01 00:00:00,W,7,5500000.0
cn,LV,2019-03-01 00:00:00,S,39,24543731.27
cn,LV,2019-03-01 00:00:00,U,92,21349959.04
cn,LV,2019-03-01 00:00:00,W,9,32096048.0
cn,LV,2019-04-01 00:00:00,S,51,13813588.469999999
cn,LV,2019-04-01 00:00:00,U,109,51083219.32999999
cn,LV,2019-04-01 00:00:00,W,8,67144000.0
cn,LV,2019-05-01 00:00:00,S,60,31573920.169999998
cn,LV,2019-05-01 00:00:00,U,98,27765511.249999996
cn,LV,2019-05-01 00:00:00,W,7,80516048.0
cn,LV,2019-06-01 00:00:00,S,53,31665123.99
cn,LV,2019-06-01 00:00:00,U,93,46567775.32
cn,LV,2019-06-01 00:00:00,W,8,98322119.38
cn,LV,2019-07-01 00:00:00,S,48,460608137.77
cn,LV,2019-07-01 00:00:00,U,84,22686341.039999995
cn,LV,2019-07-01 00:00:00,W,7,39617422.84
cn,LV,2019-08-01 00:00:00,S,33,21575610.62
cn,LV,2019-08-01 00:00:00,U,71,14935465.39
cn,LV,2019-08-01 00:00:00,W,6,6194777.0
cn,LV,2019-09-01 00:00:00,S,39,162368734.0
cn,LV,2019-09-01 00:00:00,U,74,19493155.66
cn,LV,2019-09-01 00:00:00,W,4,
cn,LV,2019-10-01 00:00:00,S,45,17093584.43
cn,LV,2019-10-01 00:00:00,U,100,21023285.039999995
cn,LV,2019-10-01 00:00:00,W,5,44900000.0
cn,LV,2019-11-01 00:00:00,S,41,25568934.759999998
cn,LV,2019-11-01 00:00:00,U,86,36348364.57
cn,LV,2019-11-01 00:00:00,W,6,
cn,LV,2019-12-01 00:00:00,S,54,61084383.92
cn,LV,2019-12-01 00:00:00,U,91,43992058.25
cn,LV,2019-12-01 00:00:00,W,8,19975000.0
cn,LV,2020-01-01 00:00:00,S,43,33771847.95
cn,LV,2020-01-01 00:00:00,U,60,35314409.25
cn,LV,2020-01-01 00:00:00,W,11,22151000.0
cn,LV,2020-02-01 00:00:00,S,54,19171822.17
cn,LV,2020-02-01 00:00:00,U,70,38543159.04
cn,LV,2020-02-01 00:00:00,W,16,45756156.25
cn,LV,2020-03-01 00:00:00,S,42,8519374.149999999
cn,LV,2020-03-01 00:00:00,U,76,40933190.650000006
cn,LV,2020-03-01 00:00:00,W,7,
cn,LV,2020-04-01 00:00:00,S,47,32166741.990000002
cn,LV,2020-04-01 00:00:00,U,67,82001736.62
cn,LV,2020-04-01 00:00:00,W,20,44515364.0
cn,LV,2020-05-01 00:00:00,S,54,23636029.84
cn,LV,2020-05-01 00:00:00,U,79,22965308.33
cn,LV,2020-05-01 00:00:00,W,7,19336151.61
cn,LV,2020-06-01 00:00:00,S,41,27803770.9
cn,LV,2020-06-01 00:00:00,U,111,39744987.75
cn,LV,2020-06-01 00:00:00,W,14,37662723.61000001
cn,LV,2020-07-01 00:00:00,S,66,143140689.40999997
cn,LV,2020-07-01 00:00:00,U,83,24879860.79
cn,LV,2020-07-01 00:00:00,W,14,112915421.0
cn,LV,2020-08-01 00:00:00,S,41,51756969.67000001
cn,LV,2020-08-01 00:00:00,U,68,26715884.08
cn,LV,2020-08-01 00:00:00,W,5,68048767.68
cn,LV,2020-09-01 00:00:00,S,53,25595515.77
cn,LV,2020-09-01 00:00:00,U,79,51413537.39
cn,LV,2020-09-01 00:00:00,W,12,38197100.0
cn,LV,2020-10-01 00:00:00,S,61,26416763.64
cn,LV,2020-10-01 00:00:00,U,98,169138380.92
cn,LV,2020-10-01 00:00:00,W,12,57390517.68
cn,LV,2020-11-01 00:00:00,S,41,33975495.46
cn,LV,2020-11-01 00:00:00,U,82,44492759.980000004
cn,LV,2020-11-01 00:00:00,W,8,7831733.59
cn,LV,2020-12-01 00:00:00,S,69,98784383.09000002
cn,LV,2020-12-01 00:00:00,U,79,25425727.74
cn,LV,2020-12-01 00:00:00,W,10,11697160.0
cn,LV,2021-01-01 00:00:00,S,42,15528654.73
cn,LV,2021-01-01 00:00:00,U,68,14918359.05
cn,LV,2021-01-01 00:00:00,W,7,70432800.0
cn,LV,2021-02-01 00:00:00,S,63,26320299.8
cn,LV,2021-02-01 00:00:00,U,102,108717013.55
cn,LV,2021-02-01 00:00:00,W,12,23289889.21
cn,LV,2021-03-01 00:00:00,S,72,37665683.82
cn,LV,2021-03-01 00:00:00,U,127,74233845.62
cn,LV,2021-03-01 00:00:00,W,17,288516314.0
cn,LV,2021-04-01 00:00:00,S,60,33364023.560000002
cn,LV,2021-04-01 00:00:00,U,90,94301868.79999998
cn,LV,2021-04-01 00:00:00,W,14,61173448.730000004
cn,LV,2021-05-01 00:00:00,S,66,216957671.33
cn,LV,2021-05-01 00:00:00,U,102,51109016.39
cn,LV,2021-05-01 00:00:00,W,14,46849426.06
cn,LV,2021-06-01 00:00:00,S,70,69621977.49000001
cn,LV,2021-06-01 00:00:00,U,105,71479483.78
cn,LV,2021-06-01 00:00:00,W,16,46577229.92
cn,LV,2021-07-01 00:00:00,S,52,50986687.989999995
cn,LV,2021-07-01 00:00:00,U,101,41246230.61
cn,LV,2021-07-01 00:00:00,W,10,41714791.17
cn,LV,2021-08-01 00:00:00,S,58,35315530.92
cn,LV,2021-08-01 00:00:00,U,95,87349348.13000001
cn,LV,2021-08-01 00:00:00,W,12,16101389.23
cn,LV,2021-09-01 00:00:00,S,62,16414744.13
cn,LV,2021-09-01 00:00:00,U,133,79872221.56
cn,LV,2021-09-01 00:00:00,W,12,78365310.0
cn,LV,2021-10-01 00:00:00,S,57,21101962.999999996
cn,LV,2021-10-01 00:00:00,U,132,166335321.57000002
cn,LV,2021-10-01 00:00:00,W,10,32117671.59
cn,LV,2021-11-01 00:00:00,S,57,28259219.72
cn,LV,2021-11-01 00:00:00,U,82,46683872.59
cn,LV,2021-11-01 00:00:00,W,13,22897710.0
cn,LV,2021-12-01 00:00:00,S,71,42223641.27
cn,LV,2021-12-01 00:00:00,U,96,23244862.480000004
cn,LV,2021-12-01 00:00:00,W,19,80401192.94
cn,LV,2022-01-01 00:00:00,S,56,21381528.500000004
cn,LV,2022-01-01 00:00:00,U,92,26583777.279999997
cn,LV,2022-01-01 00:00:00,W,12,31668131.0
cn,LV,2022-02-01 00:00:00,S,72,38158126.65
cn,LV,2022-02-01 00:00:00,U,111,62141763.980000004
cn,LV,2022-02-01 00:00:00,W,12,27805043.509999998
cn,LV,2022-03-01 00:00:00,S,81,50005387.52
cn,LV,2022-03-01 00:00:00,U,141,48592952.63
cn,LV,2022-03-01 00:00:00,W,20,54496773.36
cn,LV,2022-04-01 00:00:00,S,82,49609088.42999999
cn,LV,2022-04-01 00:00:00,U,142,204783323.82000002
cn,LV,2022-04-01 00:00:00,W,12,3957117.53
cn,LV,2022-05-01 00:00:00,S,116,26781969.810000002
cn,LV,2022-05-01 00:00:00,U,129,74981878.22999999
cn,LV,2022-05-01 00:00:00,W,21,42473896.41
cn,LV,2022-06-01 00:00:00,S,97,130665445.41
cn,LV,2022-06-01 00:00:00,U,145,80524402.05000001
cn,LV,2022-06-01 00:00:00,W,22,12246516.48
cn,LV,2022-07-01 00:00:00,S,93,90279886.67
cn,LV,2022-07-01 00:00:00,U,137,104450442.43
cn,LV,2022-07-01 00:00:00,W,20,12568455.62
cn,LV,2022-08-01 00:00:00,S,123,56029748.13
cn,LV,2022-08-01 00:00:00,U,146,83862664.03999999
cn,LV,2022-08-01 00:00:00,W,34,12008818.139999997
cn,LV,2022-09-01 00:00:00,S,112,24463506.16
cn,LV,2022-09-01 00:00:00,U,135,129447453.56
cn,LV,2022-09-01 00:00:00,W,22,13282899.14
cn,LV,2022-10-01 00:00:00,S,104,47934987.120000005
cn,LV,2022-10-01 00:00:00,U,175,83707774.56
cn,LV,2022-10-01 00:00:00,W,26,10291411.43
cn,LV,2022-11-01 00:00:00,S,89,19652876.9
cn,LV,2022-11-01 00:00:00,U,149,43315904.010000005
cn,LV,2022-11-01 00:00:00,W,27,92317505.35
cn,LV,2022-12-01 00:00:00,S,152,71518558.17
cn,LV,2022-12-01 00:00:00,U,192,170188914.04
cn,LV,2022-12-01 00:00:00,W,35,78291461.17
cn,LV,2023-01-01 00:00:00,S,38,16745618.0
cn,LV,2023-01-01 00:00:00,U,27,48028564.8
cn,LV,2023-01-01 00:00:00,W,14,8293892.38
cn,LV,2023-02-01 00:00:00,S,79,15998049.78
cn,LV,2023-02-01 00:00:00,U,86,40626858.02
cn,LV,2023-02-01 00:00:00,W,19,15000000.0
cn,LV,2023-03-01 00:00:00,S,121,32988817.500000004
cn,LV,2023-03-01 00:00:00,U,132,88798905.12
cn,LV,2023-03-01 00:00:00,W,21,48289828.489999995
cn,LV,2023-04-01 00:00:00,S,96,37100751.06
cn,LV,2023-04-01 00:00:00,U,132,62377545.20999999
cn,LV,2023-04-01 00:00:00,W,24,8492554.57
cn,LV,2023-05-01 00:00:00,S,110,56637323.14
cn,LV,2023-05-01 00:00:00,U,149,52952316.800000004
cn,LV,2023-05-01 00:00:00,W,36,85285024.07
cn,LV,2023-06-01 00:00:00,S,123,73063753.72999999
cn,LV,2023-06-01 00:00:00,U,158,137478495.25
cn,LV,2023-06-01 00:00:00,W,45,89393720.76
cn,LV,2023-07-01 00:00:00,S,108,32809870.939999998
cn,LV,2023-07-01 00:00:00,U,166,134263809.72000003
cn,LV,2023-07-01 00:00:00,W,43,45895061.58
cn,LV,2023-08-01 00:00:00,S,103,17927812.560000002
cn,LV,2023-08-01 00:00:00,U,175,60122027.49999999
cn,LV,2023-08-01 00:00:00,W,29,16216420.0
cn,LV,2023-09-01 00:00:00,S,91,46320640.2
cn,LV,2023-09-01 00:00:00,U,128,22264150.45
cn,LV,2023-09-01 00:00:00,W,21,15393789.0
cn,MK,2016-01-01 00:00:00,S,53,10872707.36
cn,MK,2016-01-01 00:00:00,U,44,6486770.260000001
cn,MK,2016-01-01 00:00:00,W,18,39304745.37
cn,MK,2016-02-01 00:00:00,S,54,3801611.0699999994
cn,MK,2016-02-01 00:00:00,U,70,15598693.08
cn,MK,2016-02-01 00:00:00,W,41,40168961.760000005
cn,MK,2016-02-01 00:00:00,,1,269922.0
cn,MK,2016-03-01 00:00:00,S,46,4538246.949999999
cn,MK,2016-03-01 00:00:00,U,96,17736582.43
cn,MK,2016-03-01 00:00:00,W,23,46016877.410000004
cn,MK,2016-04-01 00:00:00,S,42,7481410.85
cn,MK,2016-04-01 00:00:00,U,95,13978491.219999999
cn,MK,2016-04-01 00:00:00,W,30,14150091.740000002
cn,MK,2016-05-01 00:00:00,S,30,11868165.05
cn,MK,2016-05-01 00:00:00,U,72,18586571.980000004
cn,MK,2016-05-01 00:00:00,W,12,861438.5700000001
cn,MK,2016-06-01 00:00:00,S,44,8239561.96
cn,MK,2016-06-01 00:00:00,U,91,14225838.400000002
cn,MK,2016-06-01 00:00:00,W,13,3684755.84
cn,MK,2016-07-01 00:00:00,S,32,13772027.34
cn,MK,2016-07-01 00:00:00,U,87,46089409.30999999
cn,MK,2016-07-01 00:00:00,W,18,14976389.870000001
cn,MK,2016-08-01 00:00:00,S,40,10247395.1
cn,MK,2016-08-01 00:00:00,U,78,11449645.41
cn,MK,2016-08-01 00:00:00,W,5,1060732.38
cn,MK,2016-09-01 00:00:00,S,31,21814881.999999996
cn,MK,2016-09-01 00:00:00,U,99,39409289.089999996
cn,MK,2016-09-01 00:00:00,W,26,6159364.86
cn,MK,2016-10-01 00:00:00,S,34,8709955.2
cn,MK,2016-10-01 00:00:00,U,88,17303584.82
cn,MK,2016-10-01 00:00:00,W,30,14885292.31
cn,MK,2016-11-01 00:00:00,S,40,5958414.01
cn,MK,2016-11-01 00:00:00,U,82,12279595.0
cn,MK,2016-11-01 00:00:00,W,24,7424752.18
cn,MK,2016-11-01 00:00:00,,1,
cn,MK,2016-12-01 00:00:00,S,35,4833054.36
cn,MK,2016-12-01 00:00:00,U,101,7436110.779999999
cn,MK,2016-12-01 00:00:00,W,12,22104312.87
cn,MK,2017-01-01 00:00:00,S,34,2127358.2600000002
cn,MK,2017-01-01 00:00:00,U,57,12019972.059999997
cn,MK,2017-01-01 00:00:00,W,11,14780369.0
cn,MK,2017-02-01 00:00:00,S,36,3032911.4499999997
cn,MK,2017-02-01 00:00:00,U,39,16787894.83
cn,MK,2017-02-01 00:00:00,W,17,8420789.94
cn,MK,2017-03-01 00:00:00,S,44,6815069.99
cn,MK,2017-03-01 00:00:00,U,100,26817495.91
cn,MK,2017-03-01 00:00:00,W,18,11065747.78
cn,MK,2017-03-01 00:00:00,,3,148125182.0
cn,MK,2017-04-01 00:00:00,S,30,2634810.95
cn,MK,2017-04-01 00:00:00,U,70,9031001.92
cn,MK,2017-04-01 00:00:00,W,10,5934018.16
cn,MK,2017-05-01 00:00:00,S,37,13055048.769999998
cn,MK,2017-05-01 00:00:00,U,97,15536746.860000001
cn,MK,2017-05-01 00:00:00,W,13,5093294.49
cn,MK,2017-06-01 00:00:00,S,29,2977878.94
cn,MK,2017-06-01 00:00:00,U,76,20587279.410000004
cn,MK,2017-06-01 00:00:00,W,9,1766559.8599999999
cn,MK,2017-07-01 00:00:00,S,41,6385118.8
cn,MK,2017-07-01 00:00:00,U,96,44761430.11
cn,MK,2017-07-01 00:00:00,W,11,1309931.28
cn,MK,2017-07-01 00:00:00,,1,
cn,MK,2017-08-01 00:00:00,S,31,5771756.569999999
cn,MK,2017-08-01 00:00:00,U,83,19109455.249999996
cn,MK,2017-08-01 00:00:00,W,17,4542770.22
cn,MK,2017-09-01 00:00:00,S,24,7053999.449999999
cn,MK,2017-09-01 00:00:00,U,91,28086760.439999998
cn,MK,2017-09-01 00:00:00,W,12,662892.45
cn,MK,2017-10-01 00:00:00,S,22,5774349.52
cn,MK,2017-10-01 00:00:00,U,105,11423538.4
cn,MK,2017-10-01 00:00:00,W,18,8161722.530000001
cn,MK,2017-11-01 00:00:00,S,37,2088517.2899999998
cn,MK,2017-11-01 00:00:00,U,108,20010494.770000003
cn,MK,2017-11-01 00:00:00,W,8,316688.51
cn,MK,2017-12-01 00:00:00,S,57,6873766.05
cn,MK,2017-12-01 00:00:00,U,131,10825187.73
cn,MK,2017-12-01 00:00:00,W,9,5557400.08
cn,MK,2018-01-01 00:00:00,S,35,2607499.83
cn,MK,2018-01-01 00:00:00,U,74,14275015.839999998
cn,MK,2018-01-01 00:00:00,W,6,1064188.49
cn,MK,2018-02-01 00:00:00,S,48,5200098.73
cn,MK,2018-02-01 00:00:00,U,72,14327208.940000001
cn,MK,2018-02-01 00:00:00,W,11,8517543.379999999
cn,MK,2018-03-01 00:00:00,S,55,13945303.85
cn,MK,2018-03-01 00:00:00,U,99,58595487.949999996
cn,MK,2018-03-01 00:00:00,W,19,10813556.940000001
cn,MK,2018-04-01 00:00:00,S,47,8272007.46
cn,MK,2018-04-01 00:00:00,U,90,14721124.340000002
cn,MK,2018-04-01 00:00:00,W,21,7805124.140000001
cn,MK,2018-05-01 00:00:00,S,47,17875982.049999997
cn,MK,2018-05-01 00:00:00,U,105,119448668.59000002
cn,MK,2018-05-01 00:00:00,W,11,4211762.46
cn,MK,2018-06-01 00:00:00,S,52,13787593.370000001
cn,MK,2018-06-01 00:00:00,U,104,26797780.18
cn,MK,2018-06-01 00:00:00,W,26,8410121.64
cn,MK,2018-07-01 00:00:00,S,63,5110599.19
cn,MK,2018-07-01 00:00:00,U,88,15274371.23
cn,MK,2018-07-01 00:00:00,W,17,9249143.0
cn,MK,2018-08-01 00:00:00,S,34,3339234.0300000003
cn,MK,2018-08-01 00:00:00,U,97,10874489.78
cn,MK,2018-08-01 00:00:00,W,9,1996658.1299999997
cn,MK,2018-09-01 00:00:00,S,35,3330760.1599999997
cn,MK,2018-09-01 00:00:00,U,99,10937706.899999999
cn,MK,2018-09-01 00:00:00,W,12,5436539.19
cn,MK,2018-10-01 00:00:00,S,39,7221586.0
cn,MK,2018-10-01 00:00:00,U,104,88552161.22999999
cn,MK,2018-10-01 00:00:00,W,22,13644577.59
cn,MK,2018-11-01 00:00:00,S,45,101847658.96
cn,MK,2018-11-01 00:00:00,U,150,15522659.32
cn,MK,2018-11-01 00:00:00,W,17,2884638.52
cn,MK,2018-12-01 00:00:00,S,53,18764193.029999997
cn,MK,2018-12-01 00:00:00,U,155,25407939.58
cn,MK,2018-12-01 00:00:00,W,6,711701.4000000001
cn,MK,2018-12-01 00:00:00,,1,
cn,MK,2019-01-01 00:00:00,S,35,16955808.02
cn,MK,2019-01-01 00:00:00,U,60,59555037.57
cn,MK,2019-01-01 00:00:00,W,7,2565808.5300000003
cn,MK,2019-02-01 00:00:00,S,56,20842723.52
cn,MK,2019-02-01 00:00:00,U,103,11745699.790000001
cn,MK,2019-02-01 00:00:00,W,18,4523982.699999999
cn,MK,2019-03-01 00:00:00,S,59,11974068.22
cn,MK,2019-03-01 00:00:00,U,165,89499091.47
cn,MK,2019-03-01 00:00:00,W,25,22188378.75
cn,MK,2019-04-01 00:00:00,S,34,3314559.69
cn,MK,2019-04-01 00:00:00,U,89,13665585.379999999
cn,MK,2019-04-01 00:00:00,W,8,20938691.66
cn,MK,2019-05-01 00:00:00,S,15,5809057.17
cn,MK,2019-05-01 00:00:00,U,26,9763170.790000001
cn,MK,2019-05-01 00:00:00,W,1,214613.21
cn,MK,2019-06-01 00:00:00,S,5,792038.2
cn,MK,2019-06-01 00:00:00,U,35,15665620.760000002
cn,MK,2019-06-01 00:00:00,W,1,
cn,MK,2019-07-01 00:00:00,S,25,6990926.78
cn,MK,2019-07-01 00:00:00,U,52,8540009.4
cn,MK,2019-07-01 00:00:00,W,3,
cn,MK,2019-08-01 00:00:00,S,17,9731388.57
cn,MK,2019-08-01 00:00:00,U,38,4943760.100000001
cn,MK,2019-08-01 00:00:00,W,2,
cn,MK,2019-09-01 00:00:00,S,20,5423558.07
cn,MK,2019-09-01 00:00:00,U,63,40436285.49
cn,MK,2019-09-01 00:00:00,W,4,4048661.1
cn,MK,2019-10-01 00:00:00,S,14,1797700.72
cn,MK,2019-10-01 00:00:00,U,48,14067646.36
cn,MK,2019-10-01 00:00:00,W,3,390005.0
cn,MK,2019-11-01 00:00:00,S,23,7019502.26
cn,MK,2019-11-01 00:00:00,U,55,16419975.81
cn,MK,2019-11-01 00:00:00,W,2,359443.27
cn,MK,2019-12-01 00:00:00,S,18,2948655.4699999997
cn,MK,2019-12-01 00:00:00,U,87,27750148.200000003
cn,MK,2019-12-01 00:00:00,W,5,5249206.78
cn,MK,2020-01-01 00:00:00,S,20,3899477.96
cn,MK,2020-01-01 00:00:00,U,52,8384581.330000001
cn,MK,2020-02-01 00:00:00,S,21,3226635.22
cn,MK,2020-02-01 00:00:00,U,66,66469411.84
cn,MK,2020-02-01 00:00:00,W,1,640452.95
cn,MK,2020-03-01 00:00:00,S,23,4794210.29
cn,MK,2020-03-01 00:00:00,U,67,13679921.899999999
cn,MK,2020-03-01 00:00:00,W,2,2278066.84
cn,MK,2020-04-01 00:00:00,S,17,2676966.57
cn,MK,2020-04-01 00:00:00,U,42,15784956.2
cn,MK,2020-05-01 00:00:00,S,20,2586954.85
cn,MK,2020-05-01 00:00:00,U,41,32336680.12
cn,MK,2020-06-01 00:00:00,S,25,3979612.58
cn,MK,2020-06-01 00:00:00,U,37,5510268.119999999
cn,MK,2020-07-01 00:00:00,S,16,3614253.83
cn,MK,2020-07-01 00:00:00,U,69,13222682.98
cn,MK,2020-07-01 00:00:00,W,1,2000000.0
cn,MK,2020-08-01 00:00:00,S,16,1306547.9300000002
cn,MK,2020-08-01 00:00:00,U,33,10700161.74
cn,MK,2020-08-01 00:00:00,W,1,2000000.0
cn,MK,2020-09-01 00:00:00,S,13,3426093.35
cn,MK,2020-09-01 00:00:00,U,65,16729844.2
cn,MK,2020-09-01 00:00:00,W,1,
cn,MK,2020-10-01 00:00:00,S,16,2632440.0600000005
cn,MK,2020-10-01 00:00:00,U,50,24628891.569999997
cn,MK,2020-10-01 00:00:00,W,1,6320711.41
cn,MK,2020-11-01 00:00:00,S,17,2871686.02
cn,MK,2020-11-01 00:00:00,U,47,49219775.95000001
cn,MK,2020-12-01 00:00:00,S,13,1159256.8699999999
cn,MK,2020-12-01 00:00:00,U,65,29046708.84
cn,MK,2020-12-01 00:00:00,W,1,
cn,MK,2021-01-01 00:00:00,S,23,6172292.8
cn,MK,2021-01-01 00:00:00,U,49,7138580.4799999995
cn,MK,2021-01-01 00:00:00,W,2,6454520.17
cn,MK,2021-02-01 00:00:00,S,36,15143314.469999999
cn,MK,2021-02-01 00:00:00,U,70,23497088.790000003
cn,MK,2021-02-01 00:00:00,W,4,6338592.76
cn,MK,2021-03-01 00:00:00,S,35,6574014.629999999
cn,MK,2021-03-01 00:00:00,U,64,11265480.57
cn,MK,2021-03-01 00:00:00,W,3,11365371.07
cn,MK,2021-04-01 00:00:00,S,41,6915973.72
cn,MK,2021-04-01 00:00:00,U,61,14955684.649999999
cn,MK,2021-04-01 00:00:00,W,1,
cn,MK,2021-05-01 00:00:00,S,29,9124273.29
cn,MK,2021-05-01 00:00:00,U,56,1204070621.98
cn,MK,2021-05-01 00:00:00,W,4,
cn,MK,2021-06-01 00:00:00,S,22,6168577.249999999
cn,MK,2021-06-01 00:00:00,U,57,23466532.09
cn,MK,2021-06-01 00:00:00,W,2,
cn,MK,2021-07-01 00:00:00,S,31,9984625.790000001
cn,MK,2021-07-01 00:00:00,U,68,21582274.28
cn,MK,2021-07-01 00:00:00,W,4,40221935.17
cn,MK,2021-08-01 00:00:00,S,26,30544355.940000005
cn,MK,2021-08-01 00:00:00,U,53,15251803.030000003
cn,MK,2021-08-01 00:00:00,W,1,6530961.99
cn,MK,2021-09-01 00:00:00,S,14,1427121.6199999999
cn,MK,2021-09-01 00:00:00,U,56,28182845.509999998
cn,MK,2021-09-01 00:00:00,W,3,186822.64
cn,MK,2021-10-01 00:00:00,S,15,15415847.110000001
cn,MK,2021-10-01 00:00:00,U,47,30567893.47
cn,MK,2021-10-01 00:00:00,W,1,
cn,MK,2021-11-01 00:00:00,S,19,6059346.41
cn,MK,2021-11-01 00:00:00,U,49,6270765.0200000005
cn,MK,2021-11-01 00:00:00,W,2,485000.0
cn,MK,2021-12-01 00:00:00,S,15,3578068.42
cn,MK,2021-12-01 00:00:00,U,59,29286897.37
cn,MK,2021-12-01 00:00:00,W,3,186822.64
cn,MK,2022-01-01 00:00:00,S,10,1501667.6199999999
cn,MK,2022-01-01 00:00:00,U,53,10393011.389999999
cn,MK,2022-01-01 00:00:00,W,1,186822.64
cn,MK,2022-02-01 00:00:00,S,24,13300517.74
cn,MK,2022-02-01 00:00:00,U,72,12044082.460000003
cn,MK,2022-02-01 00:00:00,W,1,
cn,MK,2022-03-01 00:00:00,S,22,2856026.41
cn,MK,2022-03-01 00:00:00,U,70,25098155.530000005
cn,MK,2022-04-01 00:00:00,S,31,5145976.18
cn,MK,2022-04-01 00:00:00,U,64,16870291.08
cn,MK,2022-04-01 00:00:00,W,1,1297942.76
cn,MK,2022-05-01 00:00:00,S,27,9253099.120000001
cn,MK,2022-05-01 00:00:00,U,51,20571263.990000002
cn,MK,2022-06-01 00:00:00,S,31,4964412.44
cn,MK,2022-06-01 00:00:00,U,57,12474984.359999996
cn,MK,2022-06-01 00:00:00,W,1,
cn,MK,2022-07-01 00:00:00,S,32,10470095.149999999
cn,MK,2022-07-01 00:00:00,U,39,4265156.13
cn,MK,2022-07-01 00:00:00,W,1,395872.54
cn,MK,2022-08-01 00:00:00,S,19,5387313.4
cn,MK,2022-08-01 00:00:00,U,62,16892138.61
cn,MK,2022-08-01 00:00:00,W,1,
cn,MK,2022-09-01 00:00:00,S,25,3926660.4
cn,MK,2022-09-01 00:00:00,U,69,32284284.9
cn,MK,2022-09-01 00:00:00,W,2,
cn,MK,2022-10-01 00:00:00,S,12,1990588.73
cn,MK,2022-10-01 00:00:00,U,69,25135999.009999998
cn,MK,2022-10-01 00:00:00,W,2,6608691.0
cn,MK,2022-11-01 00:00:00,S,30,8490353.94
cn,MK,2022-11-01 00:00:00,U,64,13768986.059999999
cn,MK,2022-11-01 00:00:00,W,2,405607.11
cn,MK,2022-12-01 00:00:00,S,27,9922979.61
cn,MK,2022-12-01 00:00:00,U,71,41069567.400000006
cn,MK,2022-12-01 00:00:00,W,1,
cn,MK,2023-01-01 00:00:00,S,13,9321296.629999999
cn,MK,2023-01-01 00:00:00,U,43,4756306.2
cn,MK,2023-01-01 00:00:00,W,1,
cn,MK,2023-02-01 00:00:00,S,26,11174633.879999999
cn,MK,2023-02-01 00:00:00,U,90,8681832589.970001
cn,MK,2023-02-01 00:00:00,W,1,5679715.95
cn,MK,2023-03-01 00:00:00,S,31,300065287.63
cn,MK,2023-03-01 00:00:00,U,85,18539064.41
cn,MK,2023-03-01 00:00:00,W,1,1947331.18
cn,MK,2023-04-01 00:00:00,S,26,9728234.940000001
cn,MK,2023-04-01 00:00:00,U,62,57261232.71999999
cn,MK,2023-04-01 00:00:00,W,2,421921.76
cn,MK,2023-05-01 00:00:00,S,30,19577844.449999996
cn,MK,2023-05-01 00:00:00,U,80,31953004.299999997
cn,MK,2023-05-01 00:00:00,W,1,
cn,MK,2023-06-01 00:00:00,S,36,22604433.95
cn,MK,2023-06-01 00:00:00,U,62,50504807.15999999
cn,MK,2023-06-01 00:00:00,W,4,178505.36
cn,MK,2023-07-01 00:00:00,S,42,14140695.770000001
cn,MK,2023-07-01 00:00:00,U,64,677198722.3299999
cn,MK,2023-07-01 00:00:00,W,1,
cn,MK,2023-08-01 00:00:00,S,23,6023458.0200000005
cn,MK,2023-08-01 00:00:00,U,68,940294625.8199998
cn,MK,2023-08-01 00:00:00,W,1,129822.08
cn,MK,2023-09-01 00:00:00,S,19,6482064.48
cn,MK,2023-09-01 00:00:00,U,47,29453423.439999998
cn,MT,2016-01-01 00:00:00,S,9,
cn,MT,2016-01-01 00:00:00,U,16,
cn,MT,2016-01-01 00:00:00,W,12,
cn,MT,2016-02-01 00:00:00,S,9,
cn,MT,2016-02-01 00:00:00,U,18,1855000.0
cn,MT,2016-02-01 00:00:00,W,14,
cn,MT,2016-03-01 00:00:00,S,14,600000.0
cn,MT,2016-03-01 00:00:00,U,18,4000.0
cn,MT,2016-03-01 00:00:00,W,20,
cn,MT,2016-04-01 00:00:00,S,18,
cn,MT,2016-04-01 00:00:00,U,23,
cn,MT,2016-04-01 00:00:00,W,28,
cn,MT,2016-05-01 00:00:00,S,24,360000.0
cn,MT,2016-05-01 00:00:00,U,32,665000.0
cn,MT,2016-05-01 00:00:00,W,24,
cn,MT,2016-06-01 00:00:00,S,4,
cn,MT,2016-06-01 00:00:00,U,4,
cn,MT,2016-06-01 00:00:00,W,12,
cn,MT,2016-07-01 00:00:00,S,18,35700.0
cn,MT,2016-07-01 00:00:00,U,6,30000.0
cn,MT,2016-07-01 00:00:00,W,9,
cn,MT,2016-08-01 00:00:00,S,8,63500000.0
cn,MT,2016-08-01 00:00:00,U,2,
cn,MT,2016-08-01 00:00:00,W,3,
cn,MT,2016-09-01 00:00:00,S,16,9070145.0
cn,MT,2016-09-01 00:00:00,U,13,
cn,MT,2016-09-01 00:00:00,W,8,
cn,MT,2016-10-01 00:00:00,S,35,14950000.0
cn,MT,2016-10-01 00:00:00,U,35,
cn,MT,2016-10-01 00:00:00,W,10,
cn,MT,2016-11-01 00:00:00,S,9,1450100.0
cn,MT,2016-11-01 00:00:00,U,4,497000.0
cn,MT,2016-11-01 00:00:00,W,7,
cn,MT,2016-12-01 00:00:00,S,3,11800.0
cn,MT,2016-12-01 00:00:00,U,3,
cn,MT,2016-12-01 00:00:00,W,6,
cn,MT,2017-01-01 00:00:00,S,9,83001.0
cn,MT,2017-01-01 00:00:00,U,10,
cn,MT,2017-01-01 00:00:00,W,5,
cn,MT,2017-02-01 00:00:00,S,7,800000.0
cn,MT,2017-02-01 00:00:00,U,8,29800000.0
cn,MT,2017-02-01 00:00:00,W,10,20000000.0
cn,MT,2017-03-01 00:00:00,S,15,2624000.0
cn,MT,2017-03-01 00:00:00,U,6,1500000.0
cn,MT,2017-03-01 00:00:00,W,12,1732344.9
cn,MT,2017-04-01 00:00:00,S,13,71894000.0
cn,MT,2017-04-01 00:00:00,U,6,2000000.0
cn,MT,2017-04-01 00:00:00,W,7,1658868.78
cn,MT,2017-05-01 00:00:00,S,18,7016278.88
cn,MT,2017-05-01 00:00:00,U,24,3167500.0
cn,MT,2017-05-01 00:00:00,W,7,
cn,MT,2017-06-01 00:00:00,S,9,1275000.0
cn,MT,2017-06-01 00:00:00,U,23,1500000.0
cn,MT,2017-06-01 00:00:00,W,10,
cn,MT,2017-07-01 00:00:00,S,15,1271900.0
cn,MT,2017-07-01 00:00:00,U,16,
cn,MT,2017-07-01 00:00:00,W,8,6932.0
cn,MT,2017-08-01 00:00:00,S,15,8010000.0
cn,MT,2017-08-01 00:00:00,U,17,772998.0
cn,MT,2017-08-01 00:00:00,W,7,
cn,MT,2017-09-01 00:00:00,S,13,6634900.0
cn,MT,2017-09-01 00:00:00,U,27,11494200.0
cn,MT,2017-09-01 00:00:00,W,10,154813.5
cn,MT,2017-10-01 00:00:00,S,20,44010800.0
cn,MT,2017-10-01 00:00:00,U,45,
cn,MT,2017-10-01 00:00:00,W,10,150000.0
cn,MT,2017-11-01 00:00:00,S,17,3137500.0
cn,MT,2017-11-01 00:00:00,U,27,
cn,MT,2017-11-01 00:00:00,W,10,
cn,MT,2017-12-01 00:00:00,S,11,475562.0
cn,MT,2017-12-01 00:00:00,U,18,
cn,MT,2017-12-01 00:00:00,W,15,170000.0
cn,MT,2018-01-01 00:00:00,S,20,4140000.0
cn,MT,2018-01-01 00:00:00,U,15,
cn,MT,2018-01-01 00:00:00,W,22,610000.0
cn,MT,2018-02-01 00:00:00,S,15,369500.0
cn,MT,2018-02-01 00:00:00,U,33,3869355.0
cn,MT,2018-02-01 00:00:00,W,15,
cn,MT,2018-03-01 00:00:00,S,31,20916800.0
cn,MT,2018-03-01 00:00:00,U,42,
cn,MT,2018-03-01 00:00:00,W,23,1208053.56
cn,MT,2018-04-01 00:00:00,S,29,320000.0
cn,MT,2018-04-01 00:00:00,U,34,374049.0
cn,MT,2018-04-01 00:00:00,W,22,
cn,MT,2018-05-01 00:00:00,S,16,394000.0
cn,MT,2018-05-01 00:00:00,U,36,505000.0
cn,MT,2018-05-01 00:00:00,W,9,525000.0
cn,MT,2018-06-01 00:00:00,S,31,4760000.0
cn,MT,2018-06-01 00:00:00,U,23,210000.0
cn,MT,2018-06-01 00:00:00,W,8,3445000.0
cn,MT,2018-07-01 00:00:00,S,17,4710000.0
cn,MT,2018-07-01 00:00:00,U,19,393000.0
cn,MT,2018-07-01 00:00:00,W,11,
cn,MT,2018-08-01 00:00:00,S,30,149263100.0
cn,MT,2018-08-01 00:00:00,U,32,
cn,MT,2018-08-01 00:00:00,W,10,275000.0
cn,MT,2018-09-01 00:00:00,S,21,3866400.0
cn,MT,2018-09-01 00:00:00,U,33,
cn,MT,2018-09-01 00:00:00,W,13,1340000.0
cn,MT,2018-10-01 00:00:00,S,33,358050.0
cn,MT,2018-10-01 00:00:00,U,57,300000.0
cn,MT,2018-10-01 00:00:00,W,13,330000.0
cn,MT,2018-11-01 00:00:00,S,21,1580000.0
cn,MT,2018-11-01 00:00:00,U,35,153474.0
cn,MT,2018-11-01 00:00:00,W,8,169161.75
cn,MT,2018-12-01 00:00:00,S,8,1800000.0
cn,MT,2018-12-01 00:00:00,U,14,
cn,MT,2018-12-01 00:00:00,W,5,174000.0
cn,MT,2019-01-01 00:00:00,S,25,352000.0
cn,MT,2019-01-01 00:00:00,U,38,
cn,MT,2019-01-01 00:00:00,W,2,
cn,MT,2019-02-01 00:00:00,S,26,633000.0
cn,MT,2019-02-01 00:00:00,U,24,
cn,MT,2019-02-01 00:00:00,W,12,70000000.0
cn,MT,2019-03-01 00:00:00,S,16,
cn,MT,2019-03-01 00:00:00,U,21,1620442.0
cn,MT,2019-03-01 00:00:00,W,4,
cn,MT,2019-04-01 00:00:00,S,17,
cn,MT,2019-04-01 00:00:00,U,17,
cn,MT,2019-04-01 00:00:00,W,5,700000.0
cn,MT,2019-05-01 00:00:00,S,23,1780000.0
cn,MT,2019-05-01 00:00:00,U,25,
cn,MT,2019-05-01 00:00:00,W,2,
cn,MT,2019-06-01 00:00:00,S,23,635000.0
cn,MT,2019-06-01 00:00:00,U,26,1325468.0
cn,MT,2019-06-01 00:00:00,W,11,3431091.18
cn,MT,2019-07-01 00:00:00,S,28,429000.0
cn,MT,2019-07-01 00:00:00,U,26,10304940.0
cn,MT,2019-07-01 00:00:00,W,6,
cn,MT,2019-08-01 00:00:00,S,23,15750000.0
cn,MT,2019-08-01 00:00:00,U,22,
cn,MT,2019-08-01 00:00:00,W,4,325000.0
cn,MT,2019-09-01 00:00:00,S,18,1075000.0
cn,MT,2019-09-01 00:00:00,U,15,
cn,MT,2019-09-01 00:00:00,W,3,
cn,MT,2019-10-01 00:00:00,S,26,13768126.0
cn,MT,2019-10-01 00:00:00,U,34,500000.0
cn,MT,2019-10-01 00:00:00,W,7,
cn,MT,2019-11-01 00:00:00,S,23,3626627.0
cn,MT,2019-11-01 00:00:00,U,24,
cn,MT,2019-11-01 00:00:00,W,3,
cn,MT,2019-12-01 00:00:00,S,17,2877820.0
cn,MT,2019-12-01 00:00:00,U,21,2554498.0
cn,MT,2019-12-01 00:00:00,W,3,8772695.0
cn,MT,2020-01-01 00:00:00,S,16,1701635.0
cn,MT,2020-01-01 00:00:00,U,34,1515506.5
cn,MT,2020-01-01 00:00:00,W,8,
cn,MT,2020-02-01 00:00:00,S,14,485000.0
cn,MT,2020-02-01 00:00:00,U,10,719200.0
cn,MT,2020-02-01 00:00:00,W,11,670000.0
cn,MT,2020-03-01 00:00:00,S,11,521628.0
cn,MT,2020-03-01 00:00:00,U,17,3694720.0
cn,MT,2020-03-01 00:00:00,W,5,4262000.0
cn,MT,2020-04-01 00:00:00,S,22,3624227.0
cn,MT,2020-04-01 00:00:00,U,28,2425000.0
cn,MT,2020-04-01 00:00:00,W,4,
cn,MT,2020-05-01 00:00:00,S,22,4811034.64
cn,MT,2020-05-01 00:00:00,U,41,711394.0
cn,MT,2020-05-01 00:00:00,W,2,
cn,MT,2020-06-01 00:00:00,S,21,4108261.0
cn,MT,2020-06-01 00:00:00,U,36,222000.0
cn,MT,2020-06-01 00:00:00,W,5,13250000.0
cn,MT,2020-07-01 00:00:00,S,29,4187360.0
cn,MT,2020-07-01 00:00:00,U,31,5334376.27
cn,MT,2020-07-01 00:00:00,W,8,3228400.0
cn,MT,2020-08-01 00:00:00,S,23,13403470.0
cn,MT,2020-08-01 00:00:00,U,35,3202167.0
cn,MT,2020-08-01 00:00:00,W,5,2050000.0
cn,MT,2020-09-01 00:00:00,S,21,3625504.0
cn,MT,2020-09-01 00:00:00,U,35,3179000.0
cn,MT,2020-09-01 00:00:00,W,6,210000.0
cn,MT,2020-10-01 00:00:00,S,26,32817487.0
cn,MT,2020-10-01 00:00:00,U,36,4992.0
cn,MT,2020-10-01 00:00:00,W,4,10600000.0
cn,MT,2020-11-01 00:00:00,S,31,16442156.25
cn,MT,2020-11-01 00:00:00,U,46,3734600.0
cn,MT,2020-11-01 00:00:00,W,7,4960000.0
cn,MT,2020-12-01 00:00:00,S,21,3435048.0
cn,MT,2020-12-01 00:00:00,U,22,640000.0
cn,MT,2020-12-01 00:00:00,W,5,30000.0
cn,MT,2021-01-01 00:00:00,S,22,8443319.0
cn,MT,2021-01-01 00:00:00,U,34,578775.0
cn,MT,2021-01-01 00:00:00,W,7,15255750.0
cn,MT,2021-02-01 00:00:00,S,20,33889339.65
cn,MT,2021-02-01 00:00:00,U,31,490000.0
cn,MT,2021-02-01 00:00:00,W,3,5227000.0
cn,MT,2021-03-01 00:00:00,S,39,9900309.280000001
cn,MT,2021-03-01 00:00:00,U,52,3495233.4
cn,MT,2021-03-01 00:00:00,W,7,32600000.0
cn,MT,2021-04-01 00:00:00,S,16,1092950.0
cn,MT,2021-04-01 00:00:00,U,37,1443500.0
cn,MT,2021-04-01 00:00:00,W,9,1000000.0
cn,MT,2021-05-01 00:00:00,S,17,213000.0
cn,MT,2021-05-01 00:00:00,U,23,1332600.0
cn,MT,2021-05-01 00:00:00,W,7,
cn,MT,2021-06-01 00:00:00,S,28,80000000.0
cn,MT,2021-06-01 00:00:00,U,27,6463000.0
cn,MT,2021-06-01 00:00:00,W,7,768500.0
cn,MT,2021-07-01 00:00:00,S,18,10945000.0
cn,MT,2021-07-01 00:00:00,U,42,49359900.0
cn,MT,2021-07-01 00:00:00,W,7,
cn,MT,2021-08-01 00:00:00,S,20,14000000.0
cn,MT,2021-08-01 00:00:00,U,24,1100000.0
cn,MT,2021-08-01 00:00:00,W,10,
cn,MT,2021-09-01 00:00:00,S,15,1256115.4
cn,MT,2021-09-01 00:00:00,U,37,238320.88
cn,MT,2021-09-01 00:00:00,W,10,5237744.4
cn,MT,2021-10-01 00:00:00,S,23,18942000.0
cn,MT,2021-10-01 00:00:00,U,24,
cn,MT,2021-10-01 00:00:00,W,6,980320.28
cn,MT,2021-11-01 00:00:00,S,31,6308950.0
cn,MT,2021-11-01 00:00:00,U,39,1364000.0
cn,MT,2021-11-01 00:00:00,W,8,
cn,MT,2021-12-01 00:00:00,S,26,9698220.0
cn,MT,2021-12-01 00:00:00,U,22,653000.0
cn,MT,2021-12-01 00:00:00,W,10,375000.0
cn,MT,2022-01-01 00:00:00,S,17,149995.0
cn,MT,2022-01-01 00:00:00,U,30,
cn,MT,2022-01-01 00:00:00,W,5,
cn,MT,2022-02-01 00:00:00,S,28,3270000.0
cn,MT,2022-02-01 00:00:00,U,43,
cn,MT,2022-02-01 00:00:00,W,3,
cn,MT,2022-03-01 00:00:00,S,32,
cn,MT,2022-03-01 00:00:00,U,48,2000000.0
cn,MT,2022-03-01 00:00:00,W,6,3500000.0
cn,MT,2022-04-01 00:00:00,S,19,350000.0
cn,MT,2022-04-01 00:00:00,U,33,80000.0
cn,MT,2022-04-01 00:00:00,W,4,2700000.0
cn,MT,2022-05-01 00:00:00,S,43,834990.0
cn,MT,2022-05-01 00:00:00,U,36,210000.0
cn,MT,2022-05-01 00:00:00,W,7,7600000.0
cn,MT,2022-06-01 00:00:00,S,24,1000000.0
cn,MT,2022-06-01 00:00:00,U,23,3501000.0
cn,MT,2022-06-01 00:00:00,W,4,285000.0
cn,MT,2022-07-01 00:00:00,S,38,1638613.0
cn,MT,2022-07-01 00:00:00,U,40,470000.0
cn,MT,2022-07-01 00:00:00,W,2,
cn,MT,2022-08-01 00:00:00,S,33,654400.0
cn,MT,2022-08-01 00:00:00,U,41,1000000.0
cn,MT,2022-08-01 00:00:00,W,7,
cn,MT,2022-09-01 00:00:00,S,17,
cn,MT,2022-09-01 00:00:00,U,41,1220000.0
cn,MT,2022-09-01 00:00:00,W,7,
cn,MT,2022-10-01 00:00:00,S,18,3573686.0
cn,MT,2022-10-01 00:00:00,U,47,
cn,MT,2022-10-01 00:00:00,W,3,
cn,MT,2022-11-01 00:00:00,S,26,100609000.0
cn,MT,2022-11-01 00:00:00,U,39,
cn,MT,2022-11-01 00:00:00,W,5,121000000.0
cn,MT,2022-12-01 00:00:00,S,19,1300000.0
cn,MT,2022-12-01 00:00:00,U,23,
cn,MT,2022-12-01 00:00:00,W,1,
cn,MT,2023-01-01 00:00:00,S,21,1960000.0
cn,MT,2023-01-01 00:00:00,U,72,
cn,MT,2023-01-01 00:00:00,W,6,
cn,MT,2023-02-01 00:00:00,S,24,1220000.0
cn,MT,2023-02-01 00:00:00,U,59,1100000.0
cn,MT,2023-02-01 00:00:00,W,5,100000000.0
cn,MT,2023-03-01 00:00:00,S,29,3009500.0
cn,MT,2023-03-01 00:00:00,U,40,
cn,MT,2023-03-01 00:00:00,W,10,410000000.0
cn,MT,2023-04-01 00:00:00,S,36,2850000.0
cn,MT,2023-04-01 00:00:00,U,39,6000.0
cn,MT,2023-04-01 00:00:00,W,6,3575000.0
cn,MT,2023-05-01 00:00:00,S,37,1830000.0
cn,MT,2023-05-01 00:00:00,U,69,600000.0
cn,MT,2023-05-01 00:00:00,W,6,
cn,MT,2023-06-01 00:00:00,S,34,155000.0
cn,MT,2023-06-01 00:00:00,U,35,2500000.0
cn,MT,2023-06-01 00:00:00,W,2,
cn,MT,2023-07-01 00:00:00,S,26,160000.0
cn,MT,2023-07-01 00:00:00,U,52,1765000.0
cn,MT,2023-07-01 00:00:00,W,3,6046.0
cn,MT,2023-08-01 00:00:00,S,23,1618500.0
cn,MT,2023-08-01 00:00:00,U,47,36500000.0
cn,MT,2023-08-01 00:00:00,W,3,
cn,MT,2023-09-01 00:00:00,S,25,20555000.0
cn,MT,2023-09-01 00:00:00,U,38,460000.0
cn,MT,2023-09-01 00:00:00,W,7,
cn,NL,2016-01-01 00:00:00,S,140,23160399.0
cn,NL,2016-01-01 00:00:00,U,82,133085000.0
cn,NL,2016-01-01 00:00:00,W,44,44000000.0
cn,NL,2016-02-01 00:00:00,S,183,233323002.0
cn,NL,2016-02-01 00:00:00,U,109,24076000.1
cn,NL,2016-02-01 00:00:00,W,38,177199999.0
cn,NL,2016-03-01 00:00:00,S,225,158267359.06
cn,NL,2016-03-01 00:00:00,U,142,50992231.0
cn,NL,2016-03-01 00:00:00,W,47,37000000.0
cn,NL,2016-04-01 00:00:00,S,208,186744625.01
cn,NL,2016-04-01 00:00:00,U,147,34011960.0
cn,NL,2016-04-01 00:00:00,W,56,
cn,NL,2016-05-01 00:00:00,S,199,73994157.0
cn,NL,2016-05-01 00:00:00,U,106,9480000.01
cn,NL,2016-05-01 00:00:00,W,36,30000000.0
cn,NL,2016-06-01 00:00:00,S,286,55704194.269999996
cn,NL,2016-06-01 00:00:00,U,135,72855000.0
cn,NL,2016-06-01 00:00:00,W,57,51800000.0
cn,NL,2016-07-01 00:00:00,S,262,492498860.0
cn,NL,2016-07-01 00:00:00,U,133,37170000.11
cn,NL,2016-07-01 00:00:00,W,32,42150000.0
cn,NL,2016-08-01 00:00:00,S,192,222018372.0
cn,NL,2016-08-01 00:00:00,U,100,34520000.0
cn,NL,2016-08-01 00:00:00,W,22,9924000.0
cn,NL,2016-09-01 00:00:00,S,291,181872599.99
cn,NL,2016-09-01 00:00:00,U,140,23059000.0
cn,NL,2016-09-01 00:00:00,W,32,24000000.0
cn,NL,2016-10-01 00:00:00,S,273,86665984.0
cn,NL,2016-10-01 00:00:00,U,137,86280000.0
cn,NL,2016-10-01 00:00:00,W,32,2400000.0
cn,NL,2016-11-01 00:00:00,S,214,473007966.0
cn,NL,2016-11-01 00:00:00,U,122,28909422.0
cn,NL,2016-11-01 00:00:00,W,36,10200000.0
cn,NL,2016-12-01 00:00:00,S,267,170430000.0
cn,NL,2016-12-01 00:00:00,U,124,156927000.0
cn,NL,2016-12-01 00:00:00,W,34,78475000.0
cn,NL,2017-01-01 00:00:00,S,169,658937361.41
cn,NL,2017-01-01 00:00:00,U,102,30160560.990000002
cn,NL,2017-01-01 00:00:00,W,50,91300000.0
cn,NL,2017-02-01 00:00:00,S,238,137760830.0
cn,NL,2017-02-01 00:00:00,U,122,114363721.35
cn,NL,2017-02-01 00:00:00,W,29,17000000.0
cn,NL,2017-03-01 00:00:00,S,294,222806582.01
cn,NL,2017-03-01 00:00:00,U,154,43264002.01
cn,NL,2017-03-01 00:00:00,W,44,10000001.0
cn,NL,2017-04-01 00:00:00,S,271,446045013.0
cn,NL,2017-04-01 00:00:00,U,142,22283398.019999996
cn,NL,2017-04-01 00:00:00,W,26,18400000.0
cn,NL,2017-05-01 00:00:00,S,239,162968835.0
cn,NL,2017-05-01 00:00:00,U,134,224621673.59
cn,NL,2017-05-01 00:00:00,W,58,26570000.0
cn,NL,2017-06-01 00:00:00,S,244,245836002.0
cn,NL,2017-06-01 00:00:00,U,147,137727002.0
cn,NL,2017-06-01 00:00:00,W,53,120100001.0
cn,NL,2017-07-01 00:00:00,S,271,257040504.03
cn,NL,2017-07-01 00:00:00,U,166,149086805.01
cn,NL,2017-07-01 00:00:00,W,38,59500000.0
cn,NL,2017-08-01 00:00:00,S,196,808097005.0
cn,NL,2017-08-01 00:00:00,U,89,19130002.0
cn,NL,2017-08-01 00:00:00,W,25,17950000.0
cn,NL,2017-09-01 00:00:00,S,307,838667421.12
cn,NL,2017-09-01 00:00:00,U,130,77012668.0
cn,NL,2017-09-01 00:00:00,W,38,8810000.0
cn,NL,2017-10-01 00:00:00,S,286,228804006.01
cn,NL,2017-10-01 00:00:00,U,106,178405001.0
cn,NL,2017-10-01 00:00:00,W,39,160540000.0
cn,NL,2017-11-01 00:00:00,S,298,545409089.01
cn,NL,2017-11-01 00:00:00,U,148,104458502.00999999
cn,NL,2017-11-01 00:00:00,W,55,5800000.0
cn,NL,2017-12-01 00:00:00,S,254,51644244.01
cn,NL,2017-12-01 00:00:00,U,153,114581856.01
cn,NL,2017-12-01 00:00:00,W,28,14880000.0
cn,NL,2018-01-01 00:00:00,S,238,1104710303.01
cn,NL,2018-01-01 00:00:00,U,107,88024282.00999999
cn,NL,2018-01-01 00:00:00,W,30,18400000.0
cn,NL,2018-02-01 00:00:00,S,269,98303147.0
cn,NL,2018-02-01 00:00:00,U,137,61122086.0
cn,NL,2018-02-01 00:00:00,W,42,13600001.0
cn,NL,2018-03-01 00:00:00,S,297,1041738514.01
cn,NL,2018-03-01 00:00:00,U,134,62908604.3
cn,NL,2018-03-01 00:00:00,W,53,36500000.0
cn,NL,2018-04-01 00:00:00,S,320,763841331.05
cn,NL,2018-04-01 00:00:00,U,159,527124782.0
cn,NL,2018-04-01 00:00:00,W,54,344876500.0
cn,NL,2018-05-01 00:00:00,S,336,1130100058.1200001
cn,NL,2018-05-01 00:00:00,U,141,43760503.0
cn,NL,2018-05-01 00:00:00,W,51,10500000.0
cn,NL,2018-06-01 00:00:00,S,405,1368935128.3899999
cn,NL,2018-06-01 00:00:00,U,157,148726248.01
cn,NL,2018-06-01 00:00:00,W,38,24000000.009999998
cn,NL,2018-07-01 00:00:00,S,357,566103872.0
cn,NL,2018-07-01 00:00:00,U,170,173559791.0
cn,NL,2018-07-01 00:00:00,W,38,102874000.0
cn,NL,2018-08-01 00:00:00,S,278,698186081.01
cn,NL,2018-08-01 00:00:00,U,106,38808235.74
cn,NL,2018-08-01 00:00:00,W,24,10600003.0
cn,NL,2018-09-01 00:00:00,S,355,1166810805.22
cn,NL,2018-09-01 00:00:00,U,129,49835000.1
cn,NL,2018-09-01 00:00:00,W,61,88900000.0
cn,NL,2018-10-01 00:00:00,S,366,230627870.01999998
cn,NL,2018-10-01 00:00:00,U,142,110690654.0
cn,NL,2018-10-01 00:00:00,W,42,38435001.0
cn,NL,2018-11-01 00:00:00,S,258,119704198.01
cn,NL,2018-11-01 00:00:00,U,123,40762488.54
cn,NL,2018-11-01 00:00:00,W,37,94750000.0
cn,NL,2018-12-01 00:00:00,S,261,222991414.66
cn,NL,2018-12-01 00:00:00,U,138,135842005.01
cn,NL,2018-12-01 00:00:00,W,38,26100001.0
cn,NL,2019-01-01 00:00:00,S,244,207313781.89
cn,NL,2019-01-01 00:00:00,U,111,47930893.7
cn,NL,2019-01-01 00:00:00,W,47,206480000.0
cn,NL,2019-02-01 00:00:00,S,286,247673602.01
cn,NL,2019-02-01 00:00:00,U,139,20177002.11
cn,NL,2019-02-01 00:00:00,W,40,3500000.0
cn,NL,2019-03-01 00:00:00,S,303,644494004.11
cn,NL,2019-03-01 00:00:00,U,164,180167620.34
cn,NL,2019-03-01 00:00:00,W,41,41300001.0
cn,NL,2019-04-01 00:00:00,S,289,153488508.95999998
cn,NL,2019-04-01 00:00:00,U,154,184214001.01
cn,NL,2019-04-01 00:00:00,W,35,32573000.0
cn,NL,2019-05-01 00:00:00,S,286,820609098.96
cn,NL,2019-05-01 00:00:00,U,165,108427748.51
cn,NL,2019-05-01 00:00:00,W,56,332450001.0
cn,NL,2019-06-01 00:00:00,S,246,2319508614.0
cn,NL,2019-06-01 00:00:00,U,153,932168405.0
cn,NL,2019-06-01 00:00:00,W,37,137460001.0
cn,NL,2019-07-01 00:00:00,S,314,346552411.03
cn,NL,2019-07-01 00:00:00,U,133,90066412.16
cn,NL,2019-07-01 00:00:00,W,35,163200000.0
cn,NL,2019-08-01 00:00:00,S,226,273209496.0
cn,NL,2019-08-01 00:00:00,U,98,83621006.0
cn,NL,2019-08-01 00:00:00,W,25,190892975.0
cn,NL,2019-09-01 00:00:00,S,369,328734276.05
cn,NL,2019-09-01 00:00:00,U,134,104109191.0
cn,NL,2019-09-01 00:00:00,W,42,66200001.0
cn,NL,2019-10-01 00:00:00,S,372,1000227168128.4501
cn,NL,2019-10-01 00:00:00,U,153,211754896.56
cn,NL,2019-10-01 00:00:00,W,45,19100001.0
cn,NL,2019-11-01 00:00:00,S,291,1591273815.01
cn,NL,2019-11-01 00:00:00,U,158,103478856.0
cn,NL,2019-11-01 00:00:00,W,50,20009918.0
cn,NL,2019-12-01 00:00:00,S,232,386122764.03999996
cn,NL,2019-12-01 00:00:00,U,109,74577001.00999999
cn,NL,2019-12-01 00:00:00,W,31,7400000.0
cn,NL,2020-01-01 00:00:00,S,248,609997127.0
cn,NL,2020-01-01 00:00:00,U,142,122565722.0
cn,NL,2020-01-01 00:00:00,W,48,140000000.0
cn,NL,2020-02-01 00:00:00,S,248,522779121.0
cn,NL,2020-02-01 00:00:00,U,150,755958001.0
cn,NL,2020-02-01 00:00:00,W,44,49165000.0
cn,NL,2020-03-01 00:00:00,S,319,221890781.89
cn,NL,2020-03-01 00:00:00,U,158,474460858.05
cn,NL,2020-03-01 00:00:00,W,43,63625001.0
cn,NL,2020-04-01 00:00:00,S,265,890082830.98
cn,NL,2020-04-01 00:00:00,U,169,469008006.0
cn,NL,2020-04-01 00:00:00,W,41,150700000.0
cn,NL,2020-05-01 00:00:00,S,241,279694443.0
cn,NL,2020-05-01 00:00:00,U,161,128606942.01
cn,NL,2020-05-01 00:00:00,W,47,168850000.0
cn,NL,2020-06-01 00:00:00,S,312,375277773.0
cn,NL,2020-06-01 00:00:00,U,150,142462008.0
cn,NL,2020-06-01 00:00:00,W,38,121200001.0
cn,NL,2020-07-01 00:00:00,S,335,1382063415.3
cn,NL,2020-07-01 00:00:00,U,191,151562502.0
cn,NL,2020-07-01 00:00:00,W,48,63400000.0
cn,NL,2020-08-01 00:00:00,S,223,326483170.03
cn,NL,2020-08-01 00:00:00,U,106,250759763.57999998
cn,NL,2020-08-01 00:00:00,W,26,26800000.0
cn,NL,2020-09-01 00:00:00,S,367,578079510.03
cn,NL,2020-09-01 00:00:00,U,174,69345347.0
cn,NL,2020-09-01 00:00:00,W,34,318742000.0
cn,NL,2020-10-01 00:00:00,S,353,536798211.37
cn,NL,2020-10-01 00:00:00,U,169,129348036.9
cn,NL,2020-10-01 00:00:00,W,41,94710002.0
cn,NL,2020-11-01 00:00:00,S,277,193731895.01999998
cn,NL,2020-11-01 00:00:00,U,191,217285383.10999998
cn,NL,2020-11-01 00:00:00,W,50,30700001.0
cn,NL,2020-12-01 00:00:00,S,261,196200336.38
cn,NL,2020-12-01 00:00:00,U,140,297965002.03
cn,NL,2020-12-01 00:00:00,W,33,92672000.0
cn,NL,2021-01-01 00:00:00,S,269,263146449.72
cn,NL,2021-01-01 00:00:00,U,130,38119990.53
cn,NL,2021-01-01 00:00:00,W,36,17650000.0
cn,NL,2021-02-01 00:00:00,S,308,621784030.3199999
cn,NL,2021-02-01 00:00:00,U,137,280761051.67999995
cn,NL,2021-02-01 00:00:00,W,43,32955000.0
cn,NL,2021-03-01 00:00:00,S,363,1136163196.9099998
cn,NL,2021-03-01 00:00:00,U,207,87166770.0
cn,NL,2021-03-01 00:00:00,W,50,197600001.0
cn,NL,2021-04-01 00:00:00,S,360,611269876.02
cn,NL,2021-04-01 00:00:00,U,201,334730600.0
cn,NL,2021-04-01 00:00:00,W,42,87500002.0
cn,NL,2021-05-01 00:00:00,S,308,743001002.02
cn,NL,2021-05-01 00:00:00,U,169,402802639.44
cn,NL,2021-05-01 00:00:00,W,46,272045500.0
cn,NL,2021-06-01 00:00:00,S,353,1439068133.01
cn,NL,2021-06-01 00:00:00,U,184,304330223.8
cn,NL,2021-06-01 00:00:00,W,43,236570000.0
cn,NL,2021-07-01 00:00:00,S,384,465139585.0
cn,NL,2021-07-01 00:00:00,U,339,105153744.0
cn,NL,2021-07-01 00:00:00,W,51,16200000.0
cn,NL,2021-08-01 00:00:00,S,260,2413751438.410001
cn,NL,2021-08-01 00:00:00,U,149,82150429.00999999
cn,NL,2021-08-01 00:00:00,W,20,14100001.0
cn,NL,2021-09-01 00:00:00,S,431,365786551.01
cn,NL,2021-09-01 00:00:00,U,136,745983106.13
cn,NL,2021-09-01 00:00:00,W,48,167440004.0
cn,NL,2021-10-01 00:00:00,S,360,603771940.03
cn,NL,2021-10-01 00:00:00,U,153,120414392.00999999
cn,NL,2021-10-01 00:00:00,W,53,219460001.0
cn,NL,2021-11-01 00:00:00,S,322,532794184.06
cn,NL,2021-11-01 00:00:00,U,167,100021504.85
cn,NL,2021-11-01 00:00:00,W,62,66900001.01
cn,NL,2021-12-01 00:00:00,S,300,2479656630.02
cn,NL,2021-12-01 00:00:00,U,185,447235320.14
cn,NL,2021-12-01 00:00:00,W,31,49220001.0
cn,NL,2022-01-01 00:00:00,S,291,341533693.11
cn,NL,2022-01-01 00:00:00,U,144,46624019.870000005
cn,NL,2022-01-01 00:00:00,W,42,205300000.0
cn,NL,2022-02-01 00:00:00,S,298,664033691.02
cn,NL,2022-02-01 00:00:00,U,166,623970750.78
cn,NL,2022-02-01 00:00:00,W,36,18540000.0
cn,NL,2022-03-01 00:00:00,S,366,973446793.8
cn,NL,2022-03-01 00:00:00,U,176,111311289.0
cn,NL,2022-03-01 00:00:00,W,34,219000001.0
cn,NL,2022-04-01 00:00:00,S,309,9763512774.0
cn,NL,2022-04-01 00:00:00,U,180,370895520.33
cn,NL,2022-04-01 00:00:00,W,52,32140002.0
cn,NL,2022-05-01 00:00:00,S,322,585271521.91
cn,NL,2022-05-01 00:00:00,U,158,209393223.01
cn,NL,2022-05-01 00:00:00,W,38,91550001.0
cn,NL,2022-06-01 00:00:00,S,318,4604330946.28
cn,NL,2022-06-01 00:00:00,U,171,252635922.0
cn,NL,2022-06-01 00:00:00,W,54,104300001.0
cn,NL,2022-07-01 00:00:00,S,361,1076052843.02
cn,NL,2022-07-01 00:00:00,U,166,76809684.34
cn,NL,2022-07-01 00:00:00,W,36,70700001.0
cn,NL,2022-08-01 00:00:00,S,246,554209512.01
cn,NL,2022-08-01 00:00:00,U,97,169587189.81
cn,NL,2022-08-01 00:00:00,W,25,151200000.0
cn,NL,2022-09-01 00:00:00,S,484,1594875987.02
cn,NL,2022-09-01 00:00:00,U,181,276984248.16
cn,NL,2022-09-01 00:00:00,W,56,107700001.0
cn,NL,2022-10-01 00:00:00,S,386,649080828.03
cn,NL,2022-10-01 00:00:00,U,176,174807273.95
cn,NL,2022-10-01 00:00:00,W,37,10600004.0
cn,NL,2022-11-01 00:00:00,S,343,341028161.76
cn,NL,2022-11-01 00:00:00,U,173,51137260.95
cn,NL,2022-11-01 00:00:00,W,51,2291150001.0
cn,NL,2022-12-01 00:00:00,S,307,879742762.0
cn,NL,2022-12-01 00:00:00,U,169,380305231.58
cn,NL,2022-12-01 00:00:00,W,42,2634000001.0
cn,NL,2023-01-01 00:00:00,S,330,1210143062.36
cn,NL,2023-01-01 00:00:00,U,171,169893238.75
cn,NL,2023-01-01 00:00:00,W,45,580056001.0
cn,NL,2023-02-01 00:00:00,S,306,1224596839.69
cn,NL,2023-02-01 00:00:00,U,155,183634305.0
cn,NL,2023-02-01 00:00:00,W,52,316100001.0
cn,NL,2023-03-01 00:00:00,S,338,536690264.06999993
cn,NL,2023-03-01 00:00:00,U,212,184623083.26999998
cn,NL,2023-03-01 00:00:00,W,57,389255001.0
cn,NL,2023-04-01 00:00:00,S,323,467833798.38
cn,NL,2023-04-01 00:00:00,U,191,325334754.1
cn,NL,2023-04-01 00:00:00,W,52,282319001.0
cn,NL,2023-05-01 00:00:00,S,318,2084515648.68
cn,NL,2023-05-01 00:00:00,U,186,546999794.44
cn,NL,2023-05-01 00:00:00,W,46,698584000.0
cn,NL,2023-06-01 00:00:00,S,377,10491925446.03
cn,NL,2023-06-01 00:00:00,U,179,1018744979.79
cn,NL,2023-06-01 00:00:00,W,58,723700000.0
cn,NL,2023-07-01 00:00:00,S,320,526274528.0
cn,NL,2023-07-01 00:00:00,U,199,263387836.32
cn,NL,2023-07-01 00:00:00,W,48,47400000.0
cn,NL,2023-08-01 00:00:00,S,271,1387597448.3000002
cn,NL,2023-08-01 00:00:00,U,106,680839535.47
cn,NL,2023-08-01 00:00:00,W,27,89638913.77000001
cn,NL,2023-09-01 00:00:00,S,396,2724524437.3
cn,NL,2023-09-01 00:00:00,U,171,121938516.0
cn,NL,2023-09-01 00:00:00,W,54,776784996.01
cn,NO,2016-01-01 00:00:00,S,151,285738381.31
cn,NO,2016-01-01 00:00:00,U,114,58096355.57
cn,NO,2016-01-01 00:00:00,W,46,93535401.38999999
cn,NO,2016-02-01 00:00:00,S,166,412544399.67
cn,NO,2016-02-01 00:00:00,U,159,264425333.23999998
cn,NO,2016-02-01 00:00:00,W,74,169913677.06
cn,NO,2016-03-01 00:00:00,S,230,1513017458.4499998
cn,NO,2016-03-01 00:00:00,U,179,591926248.0400001
cn,NO,2016-03-01 00:00:00,W,71,183927841.07
cn,NO,2016-04-01 00:00:00,S,183,553525175.97
cn,NO,2016-04-01 00:00:00,U,138,648984696.35
cn,NO,2016-04-01 00:00:00,W,58,107129810.75999999
cn,NO,2016-05-01 00:00:00,S,187,279782791.20000005
cn,NO,2016-05-01 00:00:00,U,154,201519065.72000003
cn,NO,2016-05-01 00:00:00,W,54,124685165.64999999
cn,NO,2016-06-01 00:00:00,S,185,522273051.0
cn,NO,2016-06-01 00:00:00,U,183,358310550.41999996
cn,NO,2016-06-01 00:00:00,W,75,198437147.17999995
cn,NO,2016-07-01 00:00:00,S,173,328376613.45000005
cn,NO,2016-07-01 00:00:00,U,115,76603929.53000002
cn,NO,2016-07-01 00:00:00,W,50,311712914.11
cn,NO,2016-08-01 00:00:00,S,111,406228265.29
cn,NO,2016-08-01 00:00:00,U,80,145659053.23999998
cn,NO,2016-08-01 00:00:00,W,29,80558848.95
cn,NO,2016-09-01 00:00:00,S,168,348595354.48
cn,NO,2016-09-01 00:00:00,U,122,333941962.33
cn,NO,2016-09-01 00:00:00,W,36,401319613.35
cn,NO,2016-10-01 00:00:00,S,192,342545659.87999994
cn,NO,2016-10-01 00:00:00,U,127,112815104.12
cn,NO,2016-10-01 00:00:00,W,67,285740425.77000004
cn,NO,2016-11-01 00:00:00,S,185,665438045.01
cn,NO,2016-11-01 00:00:00,U,118,522625406.3
cn,NO,2016-11-01 00:00:00,W,58,286940563.6100001
cn,NO,2016-12-01 00:00:00,S,183,294732851.67
cn,NO,2016-12-01 00:00:00,U,125,339298215.37
cn,NO,2016-12-01 00:00:00,W,66,213280089.58000004
cn,NO,2017-01-01 00:00:00,S,136,247145625.7
cn,NO,2017-01-01 00:00:00,U,67,247394660.61999997
cn,NO,2017-01-01 00:00:00,W,38,95957971.47999999
cn,NO,2017-02-01 00:00:00,S,175,233457703.43999997
cn,NO,2017-02-01 00:00:00,U,138,354525785.33000004
cn,NO,2017-02-01 00:00:00,W,51,109006111.28999999
cn,NO,2017-03-01 00:00:00,S,229,1082224726.59
cn,NO,2017-03-01 00:00:00,U,169,173258711.25
cn,NO,2017-03-01 00:00:00,W,56,312822987.03000003
cn,NO,2017-04-01 00:00:00,S,176,296720596.08
cn,NO,2017-04-01 00:00:00,U,112,296722526.32
cn,NO,2017-04-01 00:00:00,W,45,482427361.43
cn,NO,2017-05-01 00:00:00,S,200,360563917.9599999
cn,NO,2017-05-01 00:00:00,U,136,212357885.93999997
cn,NO,2017-05-01 00:00:00,W,70,278091562.11999995
cn,NO,2017-06-01 00:00:00,S,223,450147957.58
cn,NO,2017-06-01 00:00:00,U,115,174874076.38
cn,NO,2017-06-01 00:00:00,W,65,863675351.1099999
cn,NO,2017-07-01 00:00:00,S,164,283075887.29
cn,NO,2017-07-01 00:00:00,U,122,412489332.14000005
cn,NO,2017-07-01 00:00:00,W,35,96317143.77
cn,NO,2017-08-01 00:00:00,S,128,260206120.85999998
cn,NO,2017-08-01 00:00:00,U,77,292714699.29
cn,NO,2017-08-01 00:00:00,W,29,127951109.68999998
cn,NO,2017-09-01 00:00:00,S,206,152861230.79000002
cn,NO,2017-09-01 00:00:00,U,124,283651763.7099999
cn,NO,2017-09-01 00:00:00,W,38,70933847.97999999
cn,NO,2017-10-01 00:00:00,S,236,365950466.34
cn,NO,2017-10-01 00:00:00,U,137,159631178.25999993
cn,NO,2017-10-01 00:00:00,W,33,366206831.36
cn,NO,2017-11-01 00:00:00,S,205,1644377613.6800003
cn,NO,2017-11-01 00:00:00,U,131,1114908822.52
cn,NO,2017-11-01 00:00:00,W,45,837300310.9300001
cn,NO,2017-12-01 00:00:00,S,218,414697974.17
cn,NO,2017-12-01 00:00:00,U,135,307349164.34
cn,NO,2017-12-01 00:00:00,W,57,205607376.55999997
cn,NO,2018-01-01 00:00:00,S,228,1318065486.8599997
cn,NO,2018-01-01 00:00:00,U,136,346990153.60999995
cn,NO,2018-01-01 00:00:00,W,62,575389424.41
cn,NO,2018-02-01 00:00:00,S,224,306391247.96999997
cn,NO,2018-02-01 00:00:00,U,139,254671915.57000005
cn,NO,2018-02-01 00:00:00,W,47,89908830.50999999
cn,NO,2018-03-01 00:00:00,S,286,572604324.0
cn,NO,2018-03-01 00:00:00,U,157,340469601.52
cn,NO,2018-03-01 00:00:00,W,66,206465227.70999995
cn,NO,2018-04-01 00:00:00,S,219,498328523.55999994
cn,NO,2018-04-01 00:00:00,U,127,643034956.98
cn,NO,2018-04-01 00:00:00,W,39,63766605.88
cn,NO,2018-05-01 00:00:00,S,212,289407658.40000004
cn,NO,2018-05-01 00:00:00,U,156,457988017.67999995
cn,NO,2018-05-01 00:00:00,W,41,95332118.06
cn,NO,2018-06-01 00:00:00,S,210,300611096.87
cn,NO,2018-06-01 00:00:00,U,153,381724079.11
cn,NO,2018-06-01 00:00:00,W,55,653472258.4100001
cn,NO,2018-07-01 00:00:00,S,178,199972909.64000002
cn,NO,2018-07-01 00:00:00,U,98,150074498.53
cn,NO,2018-07-01 00:00:00,W,37,534930971.91
cn,NO,2018-08-01 00:00:00,S,142,172649127.60000002
cn,NO,2018-08-01 00:00:00,U,75,75956759.55
cn,NO,2018-08-01 00:00:00,W,21,120114613.18
cn,NO,2018-09-01 00:00:00,S,187,356317605.5
cn,NO,2018-09-01 00:00:00,U,118,1486070504.49
cn,NO,2018-09-01 00:00:00,W,34,71676999.22
cn,NO,2018-10-01 00:00:00,S,224,598488610.1
cn,NO,2018-10-01 00:00:00,U,153,347970950.72999996
cn,NO,2018-10-01 00:00:00,W,53,181088826.76999998
cn,NO,2018-11-01 00:00:00,S,224,1050708517.7800002
cn,NO,2018-11-01 00:00:00,U,127,249062375.35999998
cn,NO,2018-11-01 00:00:00,W,42,136000788.02
cn,NO,2018-12-01 00:00:00,S,181,1415731481.61
cn,NO,2018-12-01 00:00:00,U,127,485394172.53
cn,NO,2018-12-01 00:00:00,W,39,160666840.32
cn,NO,2019-01-01 00:00:00,S,194,350042634.89000005
cn,NO,2019-01-01 00:00:00,U,130,139992082.15
cn,NO,2019-01-01 00:00:00,W,63,227654779.66
cn,NO,2019-02-01 00:00:00,S,240,338412969.14
cn,NO,2019-02-01 00:00:00,U,135,254700388.80000004
cn,NO,2019-02-01 00:00:00,W,61,189115936.29
cn,NO,2019-03-01 00:00:00,S,271,448489022.60999995
cn,NO,2019-03-01 00:00:00,U,140,331114697.90999997
cn,NO,2019-03-01 00:00:00,W,56,812941701.95
cn,NO,2019-04-01 00:00:00,S,240,388293693.14
cn,NO,2019-04-01 00:00:00,U,162,416605016.6999999
cn,NO,2019-04-01 00:00:00,W,52,593182487.2399999
cn,NO,2019-05-01 00:00:00,S,243,703473100.6200001
cn,NO,2019-05-01 00:00:00,U,167,608734050.0000001
cn,NO,2019-05-01 00:00:00,W,63,558364040.58
cn,NO,2019-06-01 00:00:00,S,222,744479390.3499999
cn,NO,2019-06-01 00:00:00,U,112,244839155.04999998
cn,NO,2019-06-01 00:00:00,W,56,396047141.95
cn,NO,2019-07-01 00:00:00,S,225,865755602.64
cn,NO,2019-07-01 00:00:00,U,117,160845996.89000002
cn,NO,2019-07-01 00:00:00,W,39,100173186.24
cn,NO,2019-08-01 00:00:00,S,128,166511354.12
cn,NO,2019-08-01 00:00:00,U,84,763115794.19
cn,NO,2019-08-01 00:00:00,W,29,111307366.69000001
cn,NO,2019-09-01 00:00:00,S,175,409890694.37
cn,NO,2019-09-01 00:00:00,U,129,625247840.37
cn,NO,2019-09-01 00:00:00,W,39,210953091.54000002
cn,NO,2019-10-01 00:00:00,S,239,855690552.1700001
cn,NO,2019-10-01 00:00:00,U,166,362038249.53
cn,NO,2019-10-01 00:00:00,W,44,112557988.46
cn,NO,2019-11-01 00:00:00,S,222,751214585.21
cn,NO,2019-11-01 00:00:00,U,132,270176934.59
cn,NO,2019-11-01 00:00:00,W,43,748830079.9200001
cn,NO,2019-12-01 00:00:00,S,221,575830074.16
cn,NO,2019-12-01 00:00:00,U,118,353228574.27000004
cn,NO,2019-12-01 00:00:00,W,49,127143161.67000003
cn,NO,2020-01-01 00:00:00,S,214,899163464.76
cn,NO,2020-01-01 00:00:00,U,105,358862125.56
cn,NO,2020-01-01 00:00:00,W,37,157832888.79000002
cn,NO,2020-02-01 00:00:00,S,261,730072369.1199999
cn,NO,2020-02-01 00:00:00,U,145,294405722.52000004
cn,NO,2020-02-01 00:00:00,W,55,279563173.78000003
cn,NO,2020-03-01 00:00:00,S,225,703460470.4599998
cn,NO,2020-03-01 00:00:00,U,143,339756407.86
cn,NO,2020-03-01 00:00:00,W,39,131262356.86000001
cn,NO,2020-04-01 00:00:00,S,207,911722353.73
cn,NO,2020-04-01 00:00:00,U,117,240976992.50999996
cn,NO,2020-04-01 00:00:00,W,47,270181295.93000007
cn,NO,2020-05-01 00:00:00,S,238,1091741349.7
cn,NO,2020-05-01 00:00:00,U,172,268971605.39000005
cn,NO,2020-05-01 00:00:00,W,68,460905733.56000006
cn,NO,2020-06-01 00:00:00,S,261,434575057.67
cn,NO,2020-06-01 00:00:00,U,151,541240254.4399999
cn,NO,2020-06-01 00:00:00,W,71,317174618.56999993
cn,NO,2020-07-01 00:00:00,S,229,883297105.2400001
cn,NO,2020-07-01 00:00:00,U,132,345323426.74
cn,NO,2020-07-01 00:00:00,W,29,96392733.24
cn,NO,2020-08-01 00:00:00,S,142,529353340.5700001
cn,NO,2020-08-01 00:00:00,U,68,386941843.56
cn,NO,2020-08-01 00:00:00,W,23,26056627.010000005
cn,NO,2020-09-01 00:00:00,S,286,367410886.32000005
cn,NO,2020-09-01 00:00:00,U,158,583289812.4
cn,NO,2020-09-01 00:00:00,W,46,383687096.6499999
cn,NO,2020-10-01 00:00:00,S,257,494041042.50000006
cn,NO,2020-10-01 00:00:00,U,172,591357089.5400001
cn,NO,2020-10-01 00:00:00,W,37,330492035.64
cn,NO,2020-11-01 00:00:00,S,287,513722848.98
cn,NO,2020-11-01 00:00:00,U,151,1111974544.72
cn,NO,2020-11-01 00:00:00,W,49,368457865.48
cn,NO,2020-12-01 00:00:00,S,255,401737117.4
cn,NO,2020-12-01 00:00:00,U,164,492871778.90999997
cn,NO,2020-12-01 00:00:00,W,45,295989584.24
cn,NO,2021-01-01 00:00:00,S,200,512475551.15999997
cn,NO,2021-01-01 00:00:00,U,140,375261971.97
cn,NO,2021-01-01 00:00:00,W,70,126720651.74999997
cn,NO,2021-02-01 00:00:00,S,290,643817791.1800001
cn,NO,2021-02-01 00:00:00,U,161,573351175.31
cn,NO,2021-02-01 00:00:00,W,78,330069957.56000006
cn,NO,2021-03-01 00:00:00,S,336,1252354825.2400002
cn,NO,2021-03-01 00:00:00,U,200,572351598.3800001
cn,NO,2021-03-01 00:00:00,W,67,193509982.0
cn,NO,2021-04-01 00:00:00,S,247,1221713222.43
cn,NO,2021-04-01 00:00:00,U,143,300880619.45
cn,NO,2021-04-01 00:00:00,W,41,220494327.62
cn,NO,2021-05-01 00:00:00,S,293,1041618813.96
cn,NO,2021-05-01 00:00:00,U,182,467650614.37999994
cn,NO,2021-05-01 00:00:00,W,54,209853098.89000005
cn,NO,2021-06-01 00:00:00,S,288,770187312.04
cn,NO,2021-06-01 00:00:00,U,167,1105500680.0900002
cn,NO,2021-06-01 00:00:00,W,50,157724361.17999998
cn,NO,2021-07-01 00:00:00,S,175,462353448.1700001
cn,NO,2021-07-01 00:00:00,U,127,279335333.94000006
cn,NO,2021-07-01 00:00:00,W,39,414633825.62
cn,NO,2021-08-01 00:00:00,S,116,737438627.68
cn,NO,2021-08-01 00:00:00,U,79,71115976.08999999
cn,NO,2021-08-01 00:00:00,W,23,91308925.23999998
cn,NO,2021-09-01 00:00:00,S,227,657377033.5799999
cn,NO,2021-09-01 00:00:00,U,150,341118290.78000003
cn,NO,2021-09-01 00:00:00,W,30,198905867.17999998
cn,NO,2021-10-01 00:00:00,S,281,1115884461.5799997
cn,NO,2021-10-01 00:00:00,U,173,571581381.84
cn,NO,2021-10-01 00:00:00,W,38,142274654.89000002
cn,NO,2021-11-01 00:00:00,S,266,2812069898.51
cn,NO,2021-11-01 00:00:00,U,193,700761494.8799999
cn,NO,2021-11-01 00:00:00,W,48,199593742.39
cn,NO,2021-12-01 00:00:00,S,264,1188016687.4400003
cn,NO,2021-12-01 00:00:00,U,158,778391368.9300001
cn,NO,2021-12-01 00:00:00,W,41,86546692.50000001
cn,NO,2022-01-01 00:00:00,S,222,1321482687.69
cn,NO,2022-01-01 00:00:00,U,138,305739463.87000006
cn,NO,2022-01-01 00:00:00,W,61,358633514.69
cn,NO,2022-02-01 00:00:00,S,276,667424950.52
cn,NO,2022-02-01 00:00:00,U,161,517110087.3000001
cn,NO,2022-02-01 00:00:00,W,61,324529631.09999996
cn,NO,2022-03-01 00:00:00,S,328,1225167558.7199998
cn,NO,2022-03-01 00:00:00,U,220,1730609742.86
cn,NO,2022-03-01 00:00:00,W,62,430423004.21999997
cn,NO,2022-04-01 00:00:00,S,257,1734673100.7300003
cn,NO,2022-04-01 00:00:00,U,168,1153794274.4899998
cn,NO,2022-04-01 00:00:00,W,47,269558115.96999997
cn,NO,2022-05-01 00:00:00,S,297,858121229.84
cn,NO,2022-05-01 00:00:00,U,182,1669099406.6899998
cn,NO,2022-05-01 00:00:00,W,45,215737014.55
cn,NO,2022-06-01 00:00:00,S,238,1392504061.4500003
cn,NO,2022-06-01 00:00:00,U,158,1122211879.9899998
cn,NO,2022-06-01 00:00:00,W,42,132043725.92999999
cn,NO,2022-07-01 00:00:00,S,180,1274612576.6399999
cn,NO,2022-07-01 00:00:00,U,105,525499817.0199999
cn,NO,2022-07-01 00:00:00,W,54,116743577.37
cn,NO,2022-08-01 00:00:00,S,133,294828746.56000006
cn,NO,2022-08-01 00:00:00,U,89,1313476233.08
cn,NO,2022-08-01 00:00:00,W,19,48803046.25
cn,NO,2022-09-01 00:00:00,S,270,691149528.1300001
cn,NO,2022-09-01 00:00:00,U,171,991491346.4100001
cn,NO,2022-09-01 00:00:00,W,36,622140446.51
cn,NO,2022-10-01 00:00:00,S,267,878902521.65
cn,NO,2022-10-01 00:00:00,U,165,1388905276.9199998
cn,NO,2022-10-01 00:00:00,W,44,117279820.52
cn,NO,2022-11-01 00:00:00,S,294,614019224.9399999
cn,NO,2022-11-01 00:00:00,U,177,489362706.93
cn,NO,2022-11-01 00:00:00,W,73,143063768.63
cn,NO,2022-12-01 00:00:00,S,252,980129368.07
cn,NO,2022-12-01 00:00:00,U,137,455158934.59000003
cn,NO,2022-12-01 00:00:00,W,44,209375891.68
cn,NO,2023-01-01 00:00:00,S,242,735786207.46
cn,NO,2023-01-01 00:00:00,U,153,761961446.99
cn,NO,2023-01-01 00:00:00,W,77,1061006267.6500001
cn,NO,2023-02-01 00:00:00,S,290,857400112.53
cn,NO,2023-02-01 00:00:00,U,199,1289141787.0400002
cn,NO,2023-02-01 00:00:00,W,63,298756030.82
cn,NO,2023-03-01 00:00:00,S,330,1335705100.28
cn,NO,2023-03-01 00:00:00,U,204,955284778.24
cn,NO,2023-03-01 00:00:00,W,70,284429455.8000001
cn,NO,2023-04-01 00:00:00,S,236,144628507740.12997
cn,NO,2023-04-01 00:00:00,U,137,361326787.1999999
cn,NO,2023-04-01 00:00:00,W,43,208549543.68000004
cn,NO,2023-05-01 00:00:00,S,277,1460892021.9399998
cn,NO,2023-05-01 00:00:00,U,179,924870330.44
cn,NO,2023-05-01 00:00:00,W,51,309055440.0799999
cn,NO,2023-06-01 00:00:00,S,302,1713489987.1199996
cn,NO,2023-06-01 00:00:00,U,170,994323243.59
cn,NO,2023-06-01 00:00:00,W,53,422811949.41999996
cn,NO,2023-07-01 00:00:00,S,195,1275710118.48
cn,NO,2023-07-01 00:00:00,U,127,430036822.36
cn,NO,2023-07-01 00:00:00,W,39,124158632.43
cn,NO,2023-08-01 00:00:00,S,156,304427078.24
cn,NO,2023-08-01 00:00:00,U,116,236589590.87
cn,NO,2023-08-01 00:00:00,W,19,54490923.14
cn,NO,2023-09-01 00:00:00,S,269,1446897234.5
cn,NO,2023-09-01 00:00:00,U,160,656092392.1600001
cn,NO,2023-09-01 00:00:00,W,43,311525068.32
cn,PL,2016-01-01 00:00:00,S,431,104005017.67999999
cn,PL,2016-01-01 00:00:00,U,672,262952799.02000004
cn,PL,2016-01-01 00:00:00,W,58,63524735.779999994
cn,PL,2016-02-01 00:00:00,S,518,120904215.80999999
cn,PL,2016-02-01 00:00:00,U,894,219496278.82000002
cn,PL,2016-02-01 00:00:00,W,85,176337138.88999996
cn,PL,2016-03-01 00:00:00,S,655,281806383.55
cn,PL,2016-03-01 00:00:00,U,905,225870630.25000006
cn,PL,2016-03-01 00:00:00,W,85,125336344.02
cn,PL,2016-04-01 00:00:00,S,937,286786592.99
cn,PL,2016-04-01 00:00:00,U,1248,817057001.87
cn,PL,2016-04-01 00:00:00,W,186,437525638.19000006
cn,PL,2016-05-01 00:00:00,S,264,105285040.49000001
cn,PL,2016-05-01 00:00:00,U,534,149844139.31
cn,PL,2016-05-01 00:00:00,W,47,39192556.61
cn,PL,2016-06-01 00:00:00,S,336,138315054.98999998
cn,PL,2016-06-01 00:00:00,U,789,644073429.6199998
cn,PL,2016-06-01 00:00:00,W,50,92854056.83000001
cn,PL,2016-07-01 00:00:00,S,689,174939138.42000005
cn,PL,2016-07-01 00:00:00,U,1154,391887166.25000006
cn,PL,2016-07-01 00:00:00,W,67,135800376.88000003
cn,PL,2016-08-01 00:00:00,S,368,71693715.35
cn,PL,2016-08-01 00:00:00,U,437,113908838.04000002
cn,PL,2016-08-01 00:00:00,W,49,146645407.02
cn,PL,2016-09-01 00:00:00,S,568,201840912.5
cn,PL,2016-09-01 00:00:00,U,909,464891877.99
cn,PL,2016-09-01 00:00:00,W,62,342846697.93
cn,PL,2016-10-01 00:00:00,S,974,634154118.5699999
cn,PL,2016-10-01 00:00:00,U,1095,507285181.93
cn,PL,2016-10-01 00:00:00,W,54,212772290.06
cn,PL,2016-11-01 00:00:00,S,713,511426364.7
cn,PL,2016-11-01 00:00:00,U,740,433190532.7
cn,PL,2016-11-01 00:00:00,W,61,537261190.32
cn,PL,2016-12-01 00:00:00,S,594,243725657.64999995
cn,PL,2016-12-01 00:00:00,U,769,291553306.87999994
cn,PL,2016-12-01 00:00:00,W,77,1060065357.29
cn,PL,2017-01-01 00:00:00,S,527,161255153.61999997
cn,PL,2017-01-01 00:00:00,U,726,257336549.50000003
cn,PL,2017-01-01 00:00:00,W,105,211659697.22
cn,PL,2017-02-01 00:00:00,S,619,175750904.93
cn,PL,2017-02-01 00:00:00,U,775,837820746.9199998
cn,PL,2017-02-01 00:00:00,W,116,313827465.13
cn,PL,2017-03-01 00:00:00,S,759,340422193.44
cn,PL,2017-03-01 00:00:00,U,1063,311613557.64
cn,PL,2017-03-01 00:00:00,W,223,482073969.25999993
cn,PL,2017-04-01 00:00:00,S,658,135180373.31
cn,PL,2017-04-01 00:00:00,U,902,395125606.75
cn,PL,2017-04-01 00:00:00,W,221,609552109.41
cn,PL,2017-05-01 00:00:00,S,592,151319228.93
cn,PL,2017-05-01 00:00:00,U,907,345841650.54
cn,PL,2017-05-01 00:00:00,W,189,1034364552.65
cn,PL,2017-06-01 00:00:00,S,650,284676723.57
cn,PL,2017-06-01 00:00:00,U,976,183434189.69
cn,PL,2017-06-01 00:00:00,W,203,525268570.3200001
cn,PL,2017-07-01 00:00:00,S,723,243318531.05
cn,PL,2017-07-01 00:00:00,U,1093,344982685.50000006
cn,PL,2017-07-01 00:00:00,W,190,253330295.78
cn,PL,2017-08-01 00:00:00,S,759,185919949.76
cn,PL,2017-08-01 00:00:00,U,1011,239741450.89999998
cn,PL,2017-08-01 00:00:00,W,179,296798232.35999995
cn,PL,2017-09-01 00:00:00,S,759,172737460.32000002
cn,PL,2017-09-01 00:00:00,U,1147,323151194.40999997
cn,PL,2017-09-01 00:00:00,W,152,337477331.13
cn,PL,2017-10-01 00:00:00,S,1023,663696586.05
cn,PL,2017-10-01 00:00:00,U,1535,450924395.09000003
cn,PL,2017-10-01 00:00:00,W,130,581651553.96
cn,PL,2017-11-01 00:00:00,S,870,842470097.89
cn,PL,2017-11-01 00:00:00,U,869,222767797.49999994
cn,PL,2017-11-01 00:00:00,W,138,290132012.88000005
cn,PL,2017-12-01 00:00:00,S,652,205946776.2
cn,PL,2017-12-01 00:00:00,U,790,826480960.3800001
cn,PL,2017-12-01 00:00:00,W,156,1643871473.0300002
cn,PL,2018-01-01 00:00:00,S,667,288425682.89
cn,PL,2018-01-01 00:00:00,U,911,396265554.48
cn,PL,2018-01-01 00:00:00,W,187,389259406.27000004
cn,PL,2018-02-01 00:00:00,S,661,545968037.37
cn,PL,2018-02-01 00:00:00,U,987,228122806.70000005
cn,PL,2018-02-01 00:00:00,W,212,610532845.15
cn,PL,2018-03-01 00:00:00,S,817,219487118.36999997
cn,PL,2018-03-01 00:00:00,U,1169,377811508.01000005
cn,PL,2018-03-01 00:00:00,W,257,389729002.09000003
cn,PL,2018-04-01 00:00:00,S,952,163789337.95
cn,PL,2018-04-01 00:00:00,U,1427,352350398.8
cn,PL,2018-04-01 00:00:00,W,310,849245367.28
cn,PL,2018-05-01 00:00:00,S,538,82790272.74000001
cn,PL,2018-05-01 00:00:00,U,811,166707536.70000002
cn,PL,2018-05-01 00:00:00,W,150,440903372.22999996
cn,PL,2018-06-01 00:00:00,S,729,169929167.23
cn,PL,2018-06-01 00:00:00,U,1055,374316887.7000001
cn,PL,2018-06-01 00:00:00,W,193,368011501.83
cn,PL,2018-07-01 00:00:00,S,822,205831763.95
cn,PL,2018-07-01 00:00:00,U,1252,374593587.31000006
cn,PL,2018-07-01 00:00:00,W,187,279764374.45
cn,PL,2018-08-01 00:00:00,S,819,228241563.14999998
cn,PL,2018-08-01 00:00:00,U,1137,242603692.74
cn,PL,2018-08-01 00:00:00,W,156,416561354.63
cn,PL,2018-09-01 00:00:00,S,846,292967417.11
cn,PL,2018-09-01 00:00:00,U,1201,815237090.6899999
cn,PL,2018-09-01 00:00:00,W,179,414131195.67999995
cn,PL,2018-10-01 00:00:00,S,1705,1014273506.6500001
cn,PL,2018-10-01 00:00:00,U,1737,515977472.32000005
cn,PL,2018-10-01 00:00:00,W,339,484257182.2199999
cn,PL,2018-11-01 00:00:00,S,411,118111254.83
cn,PL,2018-11-01 00:00:00,U,443,44051118.79
cn,PL,2018-11-01 00:00:00,W,60,104329675.51
cn,PL,2018-12-01 00:00:00,S,686,177261502.1
cn,PL,2018-12-01 00:00:00,U,575,229893522.92000002
cn,PL,2018-12-01 00:00:00,W,135,179487213.68000004
cn,PL,2019-01-01 00:00:00,S,633,120841185.73
cn,PL,2019-01-01 00:00:00,U,845,245351348.35999998
cn,PL,2019-01-01 00:00:00,W,146,157399579.98
cn,PL,2019-02-01 00:00:00,S,744,158687463.6
cn,PL,2019-02-01 00:00:00,U,847,170416625.16000003
cn,PL,2019-02-01 00:00:00,W,169,187297582.76000002
cn,PL,2019-03-01 00:00:00,S,895,187559778.49999997
cn,PL,2019-03-01 00:00:00,U,1041,204354431.19000003
cn,PL,2019-03-01 00:00:00,W,211,398030873.53000003
cn,PL,2019-04-01 00:00:00,S,906,125145005.25
cn,PL,2019-04-01 00:00:00,U,1100,288881749.11999995
cn,PL,2019-04-01 00:00:00,W,160,236967359.73000002
cn,PL,2019-05-01 00:00:00,S,846,126819987.30999999
cn,PL,2019-05-01 00:00:00,U,1043,352009703.1999999
cn,PL,2019-05-01 00:00:00,W,152,204016244.45
cn,PL,2019-06-01 00:00:00,S,824,195276823.74999997
cn,PL,2019-06-01 00:00:00,U,1043,241955088.57
cn,PL,2019-06-01 00:00:00,W,168,141900251.04000002
cn,PL,2019-07-01 00:00:00,S,1038,222678049.45
cn,PL,2019-07-01 00:00:00,U,1252,1013605277.5599998
cn,PL,2019-07-01 00:00:00,W,181,603660332.1299999
cn,PL,2019-08-01 00:00:00,S,870,164227198.78
cn,PL,2019-08-01 00:00:00,U,1075,281262405.33000004
cn,PL,2019-08-01 00:00:00,W,146,472103716.44000006
cn,PL,2019-09-01 00:00:00,S,919,139814923.99
cn,PL,2019-09-01 00:00:00,U,1218,294072125.45
cn,PL,2019-09-01 00:00:00,W,136,184221332.09000003
cn,PL,2019-10-01 00:00:00,S,1481,859807349.87
cn,PL,2019-10-01 00:00:00,U,1288,347084936.36999995
cn,PL,2019-10-01 00:00:00,W,166,201473749.86999997
cn,PL,2019-11-01 00:00:00,S,875,549102517.05
cn,PL,2019-11-01 00:00:00,U,895,197346806.75999996
cn,PL,2019-11-01 00:00:00,W,134,100075474.92999999
cn,PL,2019-12-01 00:00:00,S,901,203834868.92000002
cn,PL,2019-12-01 00:00:00,U,857,351004374.34999996
cn,PL,2019-12-01 00:00:00,W,167,272028187.29
cn,PL,2020-01-01 00:00:00,S,757,161150223.42
cn,PL,2020-01-01 00:00:00,U,839,161713334.82000002
cn,PL,2020-01-01 00:00:00,W,143,171085556.17000002
cn,PL,2020-02-01 00:00:00,S,835,141823341.62
cn,PL,2020-02-01 00:00:00,U,1019,265903293.70000002
cn,PL,2020-02-01 00:00:00,W,181,194014856.73000005
cn,PL,2020-03-01 00:00:00,S,937,185564920.60000002
cn,PL,2020-03-01 00:00:00,U,969,221230538.64
cn,PL,2020-03-01 00:00:00,W,156,242082409.08
cn,PL,2020-04-01 00:00:00,S,835,2622834250.7700005
cn,PL,2020-04-01 00:00:00,U,950,183296908.15
cn,PL,2020-04-01 00:00:00,W,163,232506780.15
cn,PL,2020-05-01 00:00:00,S,740,65065766.489999995
cn,PL,2020-05-01 00:00:00,U,968,234585140.8
cn,PL,2020-05-01 00:00:00,W,157,114954625.81
cn,PL,2020-06-01 00:00:00,S,777,97874396.40999998
cn,PL,2020-06-01 00:00:00,U,1060,219071230.84
cn,PL,2020-06-01 00:00:00,W,154,131369518.34
cn,PL,2020-07-01 00:00:00,S,930,178488712.04000002
cn,PL,2020-07-01 00:00:00,U,1313,165361768.60999998
cn,PL,2020-07-01 00:00:00,W,147,214402159.70000002
cn,PL,2020-08-01 00:00:00,S,776,135265955.97
cn,PL,2020-08-01 00:00:00,U,1034,495834991.65999997
cn,PL,2020-08-01 00:00:00,W,111,92327926.41
cn,PL,2020-09-01 00:00:00,S,935,152700380.42
cn,PL,2020-09-01 00:00:00,U,1258,186355288.15999997
cn,PL,2020-09-01 00:00:00,W,118,122620993.68
cn,PL,2020-10-01 00:00:00,S,1630,1335672515.56
cn,PL,2020-10-01 00:00:00,U,1368,301987984.64
cn,PL,2020-10-01 00:00:00,W,128,119235714.41
cn,PL,2020-11-01 00:00:00,S,939,181128349.49999997
cn,PL,2020-11-01 00:00:00,U,1001,159421764.57999998
cn,PL,2020-11-01 00:00:00,W,80,102758412.25
cn,PL,2020-12-01 00:00:00,S,1898,406443027.85
cn,PL,2020-12-01 00:00:00,U,2384,432416190.9
cn,PL,2020-12-01 00:00:00,W,451,784839794.59
cn,PL,2021-01-01 00:00:00,S,75,12807324.99
cn,PL,2021-01-01 00:00:00,U,94,23917015.11
cn,PL,2021-01-01 00:00:00,W,5,128033.82
cn,PL,2021-02-01 00:00:00,S,267,27428024.13
cn,PL,2021-02-01 00:00:00,U,374,49489162.980000004
cn,PL,2021-02-01 00:00:00,W,50,123924987.82
cn,PL,2021-03-01 00:00:00,S,514,106154239.61999999
cn,PL,2021-03-01 00:00:00,U,935,175448720.68
cn,PL,2021-03-01 00:00:00,W,98,58610248.82
cn,PL,2021-04-01 00:00:00,S,712,88085059.10999998
cn,PL,2021-04-01 00:00:00,U,1131,264758749.86999997
cn,PL,2021-04-01 00:00:00,W,140,82267512.86
cn,PL,2021-05-01 00:00:00,S,624,78816454.67
cn,PL,2021-05-01 00:00:00,U,1052,124285216.46999998
cn,PL,2021-05-01 00:00:00,W,132,82695145.67
cn,PL,2021-06-01 00:00:00,S,724,169839652.97000003
cn,PL,2021-06-01 00:00:00,U,1355,180976072.35000002
cn,PL,2021-06-01 00:00:00,W,155,304965712.78999996
cn,PL,2021-07-01 00:00:00,S,922,178094710.84000003
cn,PL,2021-07-01 00:00:00,U,1434,242721572.65
cn,PL,2021-07-01 00:00:00,W,148,362418856.86
cn,PL,2021-08-01 00:00:00,S,827,145617288.49
cn,PL,2021-08-01 00:00:00,U,1273,1006818236.84
cn,PL,2021-08-01 00:00:00,W,132,209869515.03
cn,PL,2021-09-01 00:00:00,S,954,142923194.2
cn,PL,2021-09-01 00:00:00,U,1451,292648452.09
cn,PL,2021-09-01 00:00:00,W,148,627351968.7199999
cn,PL,2021-10-01 00:00:00,S,1527,865679722.55
cn,PL,2021-10-01 00:00:00,U,1530,263419211.74999997
cn,PL,2021-10-01 00:00:00,W,138,201308715.15000004
cn,PL,2021-11-01 00:00:00,S,1108,346096915.5200001
cn,PL,2021-11-01 00:00:00,U,1166,173115980.14000002
cn,PL,2021-11-01 00:00:00,W,116,157587655.17
cn,PL,2021-12-01 00:00:00,S,1064,480200434.37
cn,PL,2021-12-01 00:00:00,U,1281,241393708.73999998
cn,PL,2021-12-01 00:00:00,W,184,536791721.94
cn,PL,2022-01-01 00:00:00,S,654,185532090.79000002
cn,PL,2022-01-01 00:00:00,U,854,109868694.78
cn,PL,2022-01-01 00:00:00,W,107,146017642.81
cn,PL,2022-02-01 00:00:00,S,783,285862539.2
cn,PL,2022-02-01 00:00:00,U,1172,166887020.57999998
cn,PL,2022-02-01 00:00:00,W,141,348258467.71
cn,PL,2022-03-01 00:00:00,S,947,203341819.49999997
cn,PL,2022-03-01 00:00:00,U,1533,434194941.9800001
cn,PL,2022-03-01 00:00:00,W,198,255044469.14999998
cn,PL,2022-04-01 00:00:00,S,825,171139339.20000005
cn,PL,2022-04-01 00:00:00,U,1397,453939376.21000004
cn,PL,2022-04-01 00:00:00,W,180,206356286.3
cn,PL,2022-05-01 00:00:00,S,773,101430097.23999998
cn,PL,2022-05-01 00:00:00,U,1440,307665863.44000006
cn,PL,2022-05-01 00:00:00,W,199,167798030.71
cn,PL,2022-06-01 00:00:00,S,923,148249943.10000002
cn,PL,2022-06-01 00:00:00,U,1633,284043620.24
cn,PL,2022-06-01 00:00:00,W,183,230618921.05
cn,PL,2022-07-01 00:00:00,S,878,239357186.24999994
cn,PL,2022-07-01 00:00:00,U,1694,443942408.92
cn,PL,2022-07-01 00:00:00,W,163,529192768.46
cn,PL,2022-08-01 00:00:00,S,920,268223027.77000004
cn,PL,2022-08-01 00:00:00,U,1484,420311722.39
cn,PL,2022-08-01 00:00:00,W,154,89680819.36
cn,PL,2022-09-01 00:00:00,S,1169,281548548.03999996
cn,PL,2022-09-01 00:00:00,U,1839,304197095.59
cn,PL,2022-09-01 00:00:00,W,139,244366723.13
cn,PL,2022-10-01 00:00:00,S,1688,1425823860.33
cn,PL,2022-10-01 00:00:00,U,1898,375986264.01000005
cn,PL,2022-10-01 00:00:00,W,126,201016372.65
cn,PL,2022-11-01 00:00:00,S,1186,1246898105.6200004
cn,PL,2022-11-01 00:00:00,U,1451,390490892.29
cn,PL,2022-11-01 00:00:00,W,88,160934026.35999998
cn,PL,2022-12-01 00:00:00,S,1042,1115404481.6400003
cn,PL,2022-12-01 00:00:00,U,1450,331451506.98
cn,PL,2022-12-01 00:00:00,W,125,124458037.01000002
cn,PL,2023-01-01 00:00:00,S,756,294731683.05999994
cn,PL,2023-01-01 00:00:00,U,1122,143356349.67000002
cn,PL,2023-01-01 00:00:00,W,117,83273994.07000001
cn,PL,2023-02-01 00:00:00,S,871,201182241.29999995
cn,PL,2023-02-01 00:00:00,U,1451,312998530.50999993
cn,PL,2023-02-01 00:00:00,W,121,204787791.70000002
cn,PL,2023-03-01 00:00:00,S,993,174205495.47000003
cn,PL,2023-03-01 00:00:00,U,1935,306543284.85999995
cn,PL,2023-03-01 00:00:00,W,203,281644137.77000004
cn,PL,2023-04-01 00:00:00,S,819,161652759.44
cn,PL,2023-04-01 00:00:00,U,1629,269987629.08
cn,PL,2023-04-01 00:00:00,W,135,88861654.83000003
cn,PL,2023-05-01 00:00:00,S,825,165889389.59000003
cn,PL,2023-05-01 00:00:00,U,1697,409423530.07000005
cn,PL,2023-05-01 00:00:00,W,133,134403319.71000004
cn,PL,2023-06-01 00:00:00,S,880,292364037.66999996
cn,PL,2023-06-01 00:00:00,U,1794,374303122.03000003
cn,PL,2023-06-01 00:00:00,W,138,191191542.92
cn,PL,2023-07-01 00:00:00,S,1034,299902289.3
cn,PL,2023-07-01 00:00:00,U,1803,409013719.15
cn,PL,2023-07-01 00:00:00,W,122,136514266.38
cn,PL,2023-08-01 00:00:00,S,1012,111818875.99000001
cn,PL,2023-08-01 00:00:00,U,1719,378083692.57
cn,PL,2023-08-01 00:00:00,W,119,598356566.86
cn,PL,2023-09-01 00:00:00,S,1130,160901893.57999998
cn,PL,2023-09-01 00:00:00,U,1842,283702327.14000005
cn,PL,2023-09-01 00:00:00,W,104,150277741.46
cn,PT,2016-01-01 00:00:00,S,43,11068541.379999999
cn,PT,2016-01-01 00:00:00,U,54,11724527.1
cn,PT,2016-01-01 00:00:00,W,11,7464960.98
cn,PT,2016-02-01 00:00:00,S,76,13247673.55
cn,PT,2016-02-01 00:00:00,U,53,9048801.440000001
cn,PT,2016-02-01 00:00:00,W,7,28045000.0
cn,PT,2016-03-01 00:00:00,S,65,16072974.8
cn,PT,2016-03-01 00:00:00,U,61,9822489.08
cn,PT,2016-03-01 00:00:00,W,10,8551907.379999999
cn,PT,2016-04-01 00:00:00,S,67,144485995.81
cn,PT,2016-04-01 00:00:00,U,48,46109922.44
cn,PT,2016-04-01 00:00:00,W,12,15439137.2
cn,PT,2016-04-01 00:00:00,,2,
cn,PT,2016-05-01 00:00:00,S,93,62331484.35999999
cn,PT,2016-05-01 00:00:00,U,66,28510964.52
cn,PT,2016-05-01 00:00:00,W,4,3690000.0
cn,PT,2016-06-01 00:00:00,S,68,119031078.00999999
cn,PT,2016-06-01 00:00:00,U,48,30622887.66
cn,PT,2016-06-01 00:00:00,W,9,23847274.509999998
cn,PT,2016-07-01 00:00:00,S,90,171763663.53000003
cn,PT,2016-07-01 00:00:00,U,78,29288156.290000003
cn,PT,2016-07-01 00:00:00,W,7,12504255.99
cn,PT,2016-08-01 00:00:00,S,66,64230650.47999999
cn,PT,2016-08-01 00:00:00,U,50,107040260.07000001
cn,PT,2016-08-01 00:00:00,W,8,47808000.0
cn,PT,2016-09-01 00:00:00,S,62,39009747.69000001
cn,PT,2016-09-01 00:00:00,U,71,41923767.47999999
cn,PT,2016-09-01 00:00:00,W,12,43949028.7
cn,PT,2016-10-01 00:00:00,S,80,74151470.13
cn,PT,2016-10-01 00:00:00,U,74,35224742.25000001
cn,PT,2016-10-01 00:00:00,W,8,50432300.230000004
cn,PT,2016-11-01 00:00:00,S,98,124305296.15000002
cn,PT,2016-11-01 00:00:00,U,72,47383531.54
cn,PT,2016-11-01 00:00:00,W,7,10750452.39
cn,PT,2016-12-01 00:00:00,S,63,71605494.63000001
cn,PT,2016-12-01 00:00:00,U,60,31116782.689999998
cn,PT,2016-12-01 00:00:00,W,8,123289889.8
cn,PT,2017-01-01 00:00:00,S,68,83215681.72999999
cn,PT,2017-01-01 00:00:00,U,56,164071212.48999998
cn,PT,2017-01-01 00:00:00,W,12,38434576.51
cn,PT,2017-02-01 00:00:00,S,66,9466940262.570002
cn,PT,2017-02-01 00:00:00,U,60,35672855.95
cn,PT,2017-02-01 00:00:00,W,10,69625000.0
cn,PT,2017-03-01 00:00:00,S,102,406603203.74000007
cn,PT,2017-03-01 00:00:00,U,91,81917538.03999999
cn,PT,2017-03-01 00:00:00,W,16,91821676.61
cn,PT,2017-04-01 00:00:00,S,61,57525824.129999995
cn,PT,2017-04-01 00:00:00,U,84,172769603.76999998
cn,PT,2017-04-01 00:00:00,W,2,9269526.21
cn,PT,2017-05-01 00:00:00,S,101,147640853.29999998
cn,PT,2017-05-01 00:00:00,U,98,94504022.71999998
cn,PT,2017-05-01 00:00:00,W,14,112428500.0
cn,PT,2017-06-01 00:00:00,S,102,100160421.95
cn,PT,2017-06-01 00:00:00,U,114,141128205.72
cn,PT,2017-06-01 00:00:00,W,18,40009397.15
cn,PT,2017-07-01 00:00:00,S,94,275255004.08
cn,PT,2017-07-01 00:00:00,U,98,81519537.84
cn,PT,2017-07-01 00:00:00,W,13,54666857.41
cn,PT,2017-08-01 00:00:00,S,83,130005020.93
cn,PT,2017-08-01 00:00:00,U,73,58598454.29
cn,PT,2017-08-01 00:00:00,W,25,222664999.01
cn,PT,2017-09-01 00:00:00,S,98,86882443.73
cn,PT,2017-09-01 00:00:00,U,67,54474109.47
cn,PT,2017-09-01 00:00:00,W,16,60817891.5
cn,PT,2017-10-01 00:00:00,S,111,78419559.27
cn,PT,2017-10-01 00:00:00,U,100,126355549.41999999
cn,PT,2017-10-01 00:00:00,W,8,23184100.0
cn,PT,2017-11-01 00:00:00,S,78,262772738.76
cn,PT,2017-11-01 00:00:00,U,94,113123804.08999999
cn,PT,2017-11-01 00:00:00,W,8,136187000.0
cn,PT,2017-12-01 00:00:00,S,123,486136497.92
cn,PT,2017-12-01 00:00:00,U,129,60906491.11
cn,PT,2017-12-01 00:00:00,W,28,114880191.07
cn,PT,2018-01-01 00:00:00,S,71,92734526.52
cn,PT,2018-01-01 00:00:00,U,48,39896057.22
cn,PT,2018-01-01 00:00:00,W,2,7121500.0
cn,PT,2018-02-01 00:00:00,S,76,116763443.43999998
cn,PT,2018-02-01 00:00:00,U,47,18666304.529999997
cn,PT,2018-02-01 00:00:00,W,8,25875800.0
cn,PT,2018-03-01 00:00:00,S,122,200555570.16999996
cn,PT,2018-03-01 00:00:00,U,63,41953601.01
cn,PT,2018-03-01 00:00:00,W,21,219647740.0
cn,PT,2018-04-01 00:00:00,S,102,213949899.23000002
cn,PT,2018-04-01 00:00:00,U,79,55764941.99999999
cn,PT,2018-04-01 00:00:00,W,17,234703318.51999998
cn,PT,2018-05-01 00:00:00,S,125,126664262.81
cn,PT,2018-05-01 00:00:00,U,107,53101835.8
cn,PT,2018-05-01 00:00:00,W,14,56466085.49
cn,PT,2018-06-01 00:00:00,S,96,118774843.97000001
cn,PT,2018-06-01 00:00:00,U,98,46572156.15
cn,PT,2018-06-01 00:00:00,W,16,102107142.8
cn,PT,2018-07-01 00:00:00,S,148,125490410.55000001
cn,PT,2018-07-01 00:00:00,U,104,99474211.88
cn,PT,2018-07-01 00:00:00,W,9,68125583.8
cn,PT,2018-08-01 00:00:00,S,96,72349004.72
cn,PT,2018-08-01 00:00:00,U,78,55760873.03000001
cn,PT,2018-08-01 00:00:00,W,10,12206000.0
cn,PT,2018-09-01 00:00:00,S,97,136346100.5
cn,PT,2018-09-01 00:00:00,U,86,246683243.92
cn,PT,2018-09-01 00:00:00,W,5,12879768.48
cn,PT,2018-10-01 00:00:00,S,155,126900702.31
cn,PT,2018-10-01 00:00:00,U,125,93669354.13000001
cn,PT,2018-10-01 00:00:00,W,14,219670375.38
cn,PT,2018-11-01 00:00:00,S,149,255737886.04999998
cn,PT,2018-11-01 00:00:00,U,115,117183585.33000001
cn,PT,2018-11-01 00:00:00,W,13,51914463.8
cn,PT,2018-12-01 00:00:00,S,127,137415031.44
cn,PT,2018-12-01 00:00:00,U,81,126319191.92999999
cn,PT,2018-12-01 00:00:00,W,20,275941594.88
cn,PT,2019-01-01 00:00:00,S,96,81504315.64
cn,PT,2019-01-01 00:00:00,U,89,272418850.59000003
cn,PT,2019-01-01 00:00:00,W,14,194071227.64
cn,PT,2019-02-01 00:00:00,S,165,329586974.36
cn,PT,2019-02-01 00:00:00,U,102,157603027.95000002
cn,PT,2019-02-01 00:00:00,W,22,242092031.81
cn,PT,2019-03-01 00:00:00,S,132,158340341.82
cn,PT,2019-03-01 00:00:00,U,114,202562727.0
cn,PT,2019-03-01 00:00:00,W,17,101997273.11
cn,PT,2019-04-01 00:00:00,S,127,171770598.56
cn,PT,2019-04-01 00:00:00,U,110,161271621.68
cn,PT,2019-04-01 00:00:00,W,14,335785332.21
cn,PT,2019-05-01 00:00:00,S,130,190819961.82999998
cn,PT,2019-05-01 00:00:00,U,113,70286751.02
cn,PT,2019-05-01 00:00:00,W,11,557710548.0
cn,PT,2019-06-01 00:00:00,S,122,148309373.23999998
cn,PT,2019-06-01 00:00:00,U,86,60013889.16
cn,PT,2019-06-01 00:00:00,W,15,49118970.95
cn,PT,2019-07-01 00:00:00,S,171,140725359.89
cn,PT,2019-07-01 00:00:00,U,145,290606505.65000004
cn,PT,2019-07-01 00:00:00,W,35,260334680.5
cn,PT,2019-08-01 00:00:00,S,115,150359359.25000003
cn,PT,2019-08-01 00:00:00,U,100,65337083.66
cn,PT,2019-08-01 00:00:00,W,24,235938679.18
cn,PT,2019-09-01 00:00:00,S,109,180345204.09999996
cn,PT,2019-09-01 00:00:00,U,89,55328796.35
cn,PT,2019-09-01 00:00:00,W,14,55160044.5
cn,PT,2019-10-01 00:00:00,S,176,424907538.69
cn,PT,2019-10-01 00:00:00,U,144,98798026.11
cn,PT,2019-10-01 00:00:00,W,17,232716305.37
cn,PT,2019-11-01 00:00:00,S,164,224082417.12
cn,PT,2019-11-01 00:00:00,U,137,103309924.16999999
cn,PT,2019-11-01 00:00:00,W,13,52572090.86
cn,PT,2019-12-01 00:00:00,S,151,136504721.19
cn,PT,2019-12-01 00:00:00,U,80,55797015.410000004
cn,PT,2019-12-01 00:00:00,W,16,64956555.400000006
cn,PT,2020-01-01 00:00:00,S,118,542805474.9300001
cn,PT,2020-01-01 00:00:00,U,108,224543604.05999997
cn,PT,2020-01-01 00:00:00,W,15,144437787.4
cn,PT,2020-02-01 00:00:00,S,163,122936683.61999999
cn,PT,2020-02-01 00:00:00,U,90,101047216.58999999
cn,PT,2020-02-01 00:00:00,W,17,79144256.78999999
cn,PT,2020-03-01 00:00:00,S,133,191331900.63
cn,PT,2020-03-01 00:00:00,U,104,68755934.85000001
cn,PT,2020-03-01 00:00:00,W,23,934299232.02
cn,PT,2020-04-01 00:00:00,S,108,107543769.80000003
cn,PT,2020-04-01 00:00:00,U,99,73461317.65
cn,PT,2020-04-01 00:00:00,W,16,109385193.25
cn,PT,2020-05-01 00:00:00,S,121,226346218.89999998
cn,PT,2020-05-01 00:00:00,U,97,45408793.14
cn,PT,2020-05-01 00:00:00,W,18,63709620.85
cn,PT,2020-06-01 00:00:00,S,111,99607952.6
cn,PT,2020-06-01 00:00:00,U,111,100985961.46000001
cn,PT,2020-06-01 00:00:00,W,19,213690968.9
cn,PT,2020-07-01 00:00:00,S,151,179783261.33
cn,PT,2020-07-01 00:00:00,U,123,70941589.74
cn,PT,2020-07-01 00:00:00,W,26,94481945.13
cn,PT,2020-08-01 00:00:00,S,118,183927124.42000002
cn,PT,2020-08-01 00:00:00,U,116,106445421.19
cn,PT,2020-08-01 00:00:00,W,21,57875880.11
cn,PT,2020-09-01 00:00:00,S,125,167123913.14000002
cn,PT,2020-09-01 00:00:00,U,147,100156755.24000001
cn,PT,2020-09-01 00:00:00,W,23,125148942.2
cn,PT,2020-10-01 00:00:00,S,150,172614927.83
cn,PT,2020-10-01 00:00:00,U,159,177658588.80000004
cn,PT,2020-10-01 00:00:00,W,18,141522816.72
cn,PT,2020-11-01 00:00:00,S,171,262699261.70000002
cn,PT,2020-11-01 00:00:00,U,142,72794223.9
cn,PT,2020-11-01 00:00:00,W,14,142395112.68
cn,PT,2020-12-01 00:00:00,S,151,151521321.85999998
cn,PT,2020-12-01 00:00:00,U,134,87106618.19999999
cn,PT,2020-12-01 00:00:00,W,22,86675767.81
cn,PT,2021-01-01 00:00:00,S,147,174984649.32
cn,PT,2021-01-01 00:00:00,U,100,90877186.72
cn,PT,2021-01-01 00:00:00,W,13,26851337.900000002
cn,PT,2021-02-01 00:00:00,S,191,167363893.54999998
cn,PT,2021-02-01 00:00:00,U,152,137817375.52
cn,PT,2021-02-01 00:00:00,W,20,98318607.11
cn,PT,2021-03-01 00:00:00,S,178,169822746.67999998
cn,PT,2021-03-01 00:00:00,U,171,112624832.82
cn,PT,2021-03-01 00:00:00,W,22,120478959.67
cn,PT,2021-04-01 00:00:00,S,151,159722083.57999998
cn,PT,2021-04-01 00:00:00,U,129,113828947.99999999
cn,PT,2021-04-01 00:00:00,W,29,186554530.59
cn,PT,2021-05-01 00:00:00,S,153,171334582.12
cn,PT,2021-05-01 00:00:00,U,121,127401717.46000001
cn,PT,2021-05-01 00:00:00,W,15,100854633.25
cn,PT,2021-06-01 00:00:00,S,131,295208685.08
cn,PT,2021-06-01 00:00:00,U,131,255950136.00000003
cn,PT,2021-06-01 00:00:00,W,32,294582463.72
cn,PT,2021-07-01 00:00:00,S,169,177854084.63000005
cn,PT,2021-07-01 00:00:00,U,125,96139630.5
cn,PT,2021-07-01 00:00:00,W,19,135207802.75
cn,PT,2021-08-01 00:00:00,S,136,152919744.94
cn,PT,2021-08-01 00:00:00,U,110,66546530.48
cn,PT,2021-08-01 00:00:00,W,23,205321388.75
cn,PT,2021-09-01 00:00:00,S,169,174333815.46
cn,PT,2021-09-01 00:00:00,U,161,106889022.51999998
cn,PT,2021-09-01 00:00:00,W,13,58465185.4
cn,PT,2021-10-01 00:00:00,S,142,130578275.61000001
cn,PT,2021-10-01 00:00:00,U,160,107093000.83
cn,PT,2021-10-01 00:00:00,W,10,50052460.29
cn,PT,2021-11-01 00:00:00,S,184,135793048.09
cn,PT,2021-11-01 00:00:00,U,186,134315233.81
cn,PT,2021-11-01 00:00:00,W,12,40997538.32
cn,PT,2021-12-01 00:00:00,S,144,218699676.19999996
cn,PT,2021-12-01 00:00:00,U,188,1121292041.26
cn,PT,2021-12-01 00:00:00,W,26,204068863.68999997
cn,PT,2022-01-01 00:00:00,S,141,120329146.0
cn,PT,2022-01-01 00:00:00,U,149,165579071.98
cn,PT,2022-01-01 00:00:00,W,14,100378716.14
cn,PT,2022-02-01 00:00:00,S,176,233327876.67000002
cn,PT,2022-02-01 00:00:00,U,148,125385914.64999999
cn,PT,2022-02-01 00:00:00,W,19,156505199.06
cn,PT,2022-03-01 00:00:00,S,191,321571855.36
cn,PT,2022-03-01 00:00:00,U,188,298087684.39
cn,PT,2022-03-01 00:00:00,W,26,143779223.49
cn,PT,2022-04-01 00:00:00,S,154,268789313.16999996
cn,PT,2022-04-01 00:00:00,U,137,207159077.12000003
cn,PT,2022-04-01 00:00:00,W,26,101863963.69
cn,PT,2022-05-01 00:00:00,S,165,343782335.72999996
cn,PT,2022-05-01 00:00:00,U,157,309235221.97
cn,PT,2022-05-01 00:00:00,W,24,129952567.22999999
cn,PT,2022-06-01 00:00:00,S,150,253994228.66
cn,PT,2022-06-01 00:00:00,U,132,101347693.78999999
cn,PT,2022-06-01 00:00:00,W,21,106707908.72
cn,PT,2022-07-01 00:00:00,S,179,176218609.16
cn,PT,2022-07-01 00:00:00,U,123,102562839.35000001
cn,PT,2022-07-01 00:00:00,W,17,144836893.10999998
cn,PT,2022-08-01 00:00:00,S,143,162154939.49000004
cn,PT,2022-08-01 00:00:00,U,169,160450697.51000002
cn,PT,2022-08-01 00:00:00,W,12,84222060.45
cn,PT,2022-09-01 00:00:00,S,136,135959235.94
cn,PT,2022-09-01 00:00:00,U,173,229951415.08
cn,PT,2022-09-01 00:00:00,W,10,84411933.45
cn,PT,2022-10-01 00:00:00,S,199,285825976.65
cn,PT,2022-10-01 00:00:00,U,176,86097639.83
cn,PT,2022-10-01 00:00:00,W,14,90180071.44999999
cn,PT,2022-11-01 00:00:00,S,232,311259610.48
cn,PT,2022-11-01 00:00:00,U,273,382921772.21999997
cn,PT,2022-11-01 00:00:00,W,21,181797322.00000003
cn,PT,2022-12-01 00:00:00,S,154,455344423.87999994
cn,PT,2022-12-01 00:00:00,U,158,270920400.14
cn,PT,2022-12-01 00:00:00,W,26,161852418.39000002
cn,PT,2023-01-01 00:00:00,S,170,206911173.63
cn,PT,2023-01-01 00:00:00,U,170,262408818.78
cn,PT,2023-01-01 00:00:00,W,17,491799678.56000006
cn,PT,2023-02-01 00:00:00,S,208,206515975.87999997
cn,PT,2023-02-01 00:00:00,U,219,250562987.1
cn,PT,2023-02-01 00:00:00,W,13,61202245.26
cn,PT,2023-03-01 00:00:00,S,209,264085631.2
cn,PT,2023-03-01 00:00:00,U,236,184495406.46
cn,PT,2023-03-01 00:00:00,W,24,128335676.13000001
cn,PT,2023-04-01 00:00:00,S,175,258202928.91
cn,PT,2023-04-01 00:00:00,U,181,309228735.96000004
cn,PT,2023-04-01 00:00:00,W,9,38856215.56
cn,PT,2023-05-01 00:00:00,S,242,323606751.09000003
cn,PT,2023-05-01 00:00:00,U,217,977547332.78
cn,PT,2023-05-01 00:00:00,W,18,584567103.31
cn,PT,2023-06-01 00:00:00,S,218,443882096.77000004
cn,PT,2023-06-01 00:00:00,U,234,235428062.96000004
cn,PT,2023-06-01 00:00:00,W,30,511122639.45
cn,PT,2023-07-01 00:00:00,S,243,219360334.0
cn,PT,2023-07-01 00:00:00,U,205,345492846.8399999
cn,PT,2023-07-01 00:00:00,W,26,296766076.62
cn,PT,2023-08-01 00:00:00,S,187,451874549.4000001
cn,PT,2023-08-01 00:00:00,U,144,367401705.92
cn,PT,2023-08-01 00:00:00,W,27,267230883.81999996
cn,PT,2023-09-01 00:00:00,S,172,160839566.33
cn,PT,2023-09-01 00:00:00,U,251,278364152.89000005
cn,PT,2023-09-01 00:00:00,W,33,315744661.88000005
cn,RO,2016-01-01 00:00:00,S,62,65400385.62
cn,RO,2016-01-01 00:00:00,U,185,172574960.52000004
cn,RO,2016-01-01 00:00:00,W,21,444697642.31000006
cn,RO,2016-02-01 00:00:00,S,89,136402144.93
cn,RO,2016-02-01 00:00:00,U,205,460111044.0599999
cn,RO,2016-02-01 00:00:00,W,10,83892099.69
cn,RO,2016-03-01 00:00:00,S,80,64312202.370000005
cn,RO,2016-03-01 00:00:00,U,272,398299658.34
cn,RO,2016-03-01 00:00:00,W,17,176377595.27999997
cn,RO,2016-04-01 00:00:00,S,95,107087600.10000001
cn,RO,2016-04-01 00:00:00,U,240,229015311.94999996
cn,RO,2016-04-01 00:00:00,W,18,376588220.36
cn,RO,2016-05-01 00:00:00,S,66,418655507.75
cn,RO,2016-05-01 00:00:00,U,234,419491073.35
cn,RO,2016-05-01 00:00:00,W,32,800400829.26
cn,RO,2016-06-01 00:00:00,S,2,104202.14
cn,RO,2016-06-01 00:00:00,U,14,18658531.71
cn,RO,2016-07-01 00:00:00,S,24,20105717.51
cn,RO,2016-07-01 00:00:00,U,112,127572643.95000002
cn,RO,2016-07-01 00:00:00,W,3,14091926.56
cn,RO,2016-08-01 00:00:00,S,54,59675229.570000015
cn,RO,2016-08-01 00:00:00,U,241,243577336.33
cn,RO,2016-08-01 00:00:00,W,11,355998853.83
cn,RO,2016-09-01 00:00:00,S,70,90386249.52
cn,RO,2016-09-01 00:00:00,U,309,374168440.26000005
cn,RO,2016-09-01 00:00:00,W,4,14846630.31
cn,RO,2016-10-01 00:00:00,S,111,134014088.32999998
cn,RO,2016-10-01 00:00:00,U,356,278246683.84
cn,RO,2016-10-01 00:00:00,W,13,135594345.74999997
cn,RO,2016-11-01 00:00:00,S,99,250341747.74
cn,RO,2016-11-01 00:00:00,U,250,451444391.00000006
cn,RO,2016-11-01 00:00:00,W,16,79183938.06
cn,RO,2016-12-01 00:00:00,S,92,140667149.11
cn,RO,2016-12-01 00:00:00,U,165,681172172.6700001
cn,RO,2016-12-01 00:00:00,W,10,827263201.21
cn,RO,2017-01-01 00:00:00,S,91,121435126.97
cn,RO,2017-01-01 00:00:00,U,186,597789225.41
cn,RO,2017-01-01 00:00:00,W,11,93356242.24999999
cn,RO,2017-02-01 00:00:00,S,102,161494454.31
cn,RO,2017-02-01 00:00:00,U,184,230341793.40000004
cn,RO,2017-02-01 00:00:00,W,11,75091105.32000001
cn,RO,2017-03-01 00:00:00,S,129,140372512.07999998
cn,RO,2017-03-01 00:00:00,U,335,343312132.2
cn,RO,2017-03-01 00:00:00,W,14,163359553.88000003
cn,RO,2017-04-01 00:00:00,S,127,180168538.69000003
cn,RO,2017-04-01 00:00:00,U,268,202361529.19999996
cn,RO,2017-04-01 00:00:00,W,9,712046387.4200001
cn,RO,2017-05-01 00:00:00,S,148,189262221.75
cn,RO,2017-05-01 00:00:00,U,315,515617943.32
cn,RO,2017-05-01 00:00:00,W,24,607892515.0299999
cn,RO,2017-06-01 00:00:00,S,124,102961897.01999998
cn,RO,2017-06-01 00:00:00,U,323,541578856.1
cn,RO,2017-06-01 00:00:00,W,17,149336473.33
cn,RO,2017-07-01 00:00:00,S,132,299335832.35
cn,RO,2017-07-01 00:00:00,U,346,395108704.21000004
cn,RO,2017-07-01 00:00:00,W,21,2142933034.7199998
cn,RO,2017-08-01 00:00:00,S,122,165476938.64000002
cn,RO,2017-08-01 00:00:00,U,325,570393238.08
cn,RO,2017-08-01 00:00:00,W,26,586376824.4
cn,RO,2017-09-01 00:00:00,S,125,159289013.54999995
cn,RO,2017-09-01 00:00:00,U,317,833778042.47
cn,RO,2017-09-01 00:00:00,W,30,872982624.9699999
cn,RO,2017-10-01 00:00:00,S,136,149119997.14
cn,RO,2017-10-01 00:00:00,U,330,307818282.18999994
cn,RO,2017-10-01 00:00:00,W,43,646659994.3100001
cn,RO,2017-11-01 00:00:00,S,145,90119287.94000001
cn,RO,2017-11-01 00:00:00,U,270,619236042.91
cn,RO,2017-11-01 00:00:00,W,27,1215503921.82
cn,RO,2017-12-01 00:00:00,S,150,147191196.43
cn,RO,2017-12-01 00:00:00,U,229,425982450.91999996
cn,RO,2017-12-01 00:00:00,W,29,863672570.51
cn,RO,2018-01-01 00:00:00,S,102,296233422.7
cn,RO,2018-01-01 00:00:00,U,191,934405716.0199999
cn,RO,2018-01-01 00:00:00,W,21,612479979.6000001
cn,RO,2018-02-01 00:00:00,S,149,229726431.53000003
cn,RO,2018-02-01 00:00:00,U,214,268302779.1
cn,RO,2018-02-01 00:00:00,W,35,782622469.8899999
cn,RO,2018-03-01 00:00:00,S,131,239726863.43
cn,RO,2018-03-01 00:00:00,U,362,685748961.03
cn,RO,2018-03-01 00:00:00,W,41,607710898.1200001
cn,RO,2018-04-01 00:00:00,S,119,187483672.24
cn,RO,2018-04-01 00:00:00,U,304,569772425.86
cn,RO,2018-04-01 00:00:00,W,26,445046034.79
cn,RO,2018-05-01 00:00:00,S,155,136073402.74000004
cn,RO,2018-05-01 00:00:00,U,319,331695997.88000005
cn,RO,2018-05-01 00:00:00,W,32,793058892.1000001
cn,RO,2018-06-01 00:00:00,S,161,96549396.55999999
cn,RO,2018-06-01 00:00:00,U,383,145173343.31
cn,RO,2018-06-01 00:00:00,W,49,332042750.08000004
cn,RO,2018-07-01 00:00:00,S,115,52934077.82000001
cn,RO,2018-07-01 00:00:00,U,266,844300776.3499999
cn,RO,2018-07-01 00:00:00,W,27,235153672.19
cn,RO,2018-08-01 00:00:00,S,87,147155747.15
cn,RO,2018-08-01 00:00:00,U,279,258312790.57999998
cn,RO,2018-08-01 00:00:00,W,17,136762299.81
cn,RO,2018-09-01 00:00:00,S,117,198759847.68999994
cn,RO,2018-09-01 00:00:00,U,285,609576773.71
cn,RO,2018-09-01 00:00:00,W,14,100442780.74000001
cn,RO,2018-10-01 00:00:00,S,131,202654677.64000002
cn,RO,2018-10-01 00:00:00,U,378,858610307.9499999
cn,RO,2018-10-01 00:00:00,W,23,1583172341.6699998
cn,RO,2018-11-01 00:00:00,S,123,132287248.53
cn,RO,2018-11-01 00:00:00,U,276,390837291.25
cn,RO,2018-11-01 00:00:00,W,23,669900948.15
cn,RO,2018-12-01 00:00:00,S,195,588908561.0899999
cn,RO,2018-12-01 00:00:00,U,284,660241307.8000001
cn,RO,2018-12-01 00:00:00,W,49,1066760323.29
cn,RO,2019-01-01 00:00:00,S,155,96449872.36999999
cn,RO,2019-01-01 00:00:00,U,293,817842994.86
cn,RO,2019-01-01 00:00:00,W,31,592078533.58
cn,RO,2019-02-01 00:00:00,S,166,166310198.85000002
cn,RO,2019-02-01 00:00:00,U,336,847219089.55
cn,RO,2019-02-01 00:00:00,W,48,1880968427.76
cn,RO,2019-03-01 00:00:00,S,169,215991143.97000003
cn,RO,2019-03-01 00:00:00,U,340,900899724.17
cn,RO,2019-03-01 00:00:00,W,42,1775691092.67
cn,RO,2019-04-01 00:00:00,S,109,165216805.5
cn,RO,2019-04-01 00:00:00,U,230,541834055.3100001
cn,RO,2019-04-01 00:00:00,W,29,280803250.16
cn,RO,2019-05-01 00:00:00,S,148,87818139.7
cn,RO,2019-05-01 00:00:00,U,337,420224746.06
cn,RO,2019-05-01 00:00:00,W,41,1517359265.24
cn,RO,2019-06-01 00:00:00,S,159,137698324.35
cn,RO,2019-06-01 00:00:00,U,354,521178301.31
cn,RO,2019-06-01 00:00:00,W,54,1182403301.7999997
cn,RO,2019-07-01 00:00:00,S,229,455690721.07
cn,RO,2019-07-01 00:00:00,U,547,967736497.17
cn,RO,2019-07-01 00:00:00,W,63,1359491934.3200002
cn,RO,2019-08-01 00:00:00,S,175,363762782.09999996
cn,RO,2019-08-01 00:00:00,U,372,804022309.9300001
cn,RO,2019-08-01 00:00:00,W,54,855967152.1200001
cn,RO,2019-09-01 00:00:00,S,172,244237990.67999992
cn,RO,2019-09-01 00:00:00,U,393,948146482.61
cn,RO,2019-09-01 00:00:00,W,53,835532837.1000001
cn,RO,2019-10-01 00:00:00,S,136,224656954.65999997
cn,RO,2019-10-01 00:00:00,U,414,1138412116.8999999
cn,RO,2019-10-01 00:00:00,W,66,1053971006.11
cn,RO,2019-11-01 00:00:00,S,147,495449679.8000001
cn,RO,2019-11-01 00:00:00,U,293,796213954.84
cn,RO,2019-11-01 00:00:00,W,46,403908639.49
cn,RO,2019-12-01 00:00:00,S,173,162430868.53
cn,RO,2019-12-01 00:00:00,U,251,607797070.6699998
cn,RO,2019-12-01 00:00:00,W,65,1733812158.81
cn,RO,2020-01-01 00:00:00,S,114,200415126.17999998
cn,RO,2020-01-01 00:00:00,U,198,948878755.2299998
cn,RO,2020-01-01 00:00:00,W,39,306373443.30999994
cn,RO,2020-02-01 00:00:00,S,174,339474030.12
cn,RO,2020-02-01 00:00:00,U,342,729094462.5300001
cn,RO,2020-02-01 00:00:00,W,55,1125473014.76
cn,RO,2020-03-01 00:00:00,S,160,347334160.4199999
cn,RO,2020-03-01 00:00:00,U,305,631541929.98
cn,RO,2020-03-01 00:00:00,W,48,906777249.9300001
cn,RO,2020-04-01 00:00:00,S,126,268901255.76
cn,RO,2020-04-01 00:00:00,U,212,1089146464.0
cn,RO,2020-04-01 00:00:00,W,59,842750834.8300002
cn,RO,2020-05-01 00:00:00,S,118,447123569.6699999
cn,RO,2020-05-01 00:00:00,U,308,881334183.16
cn,RO,2020-05-01 00:00:00,W,49,689889296.23
cn,RO,2020-06-01 00:00:00,S,149,670775712.0
cn,RO,2020-06-01 00:00:00,U,408,729933277.9600002
cn,RO,2020-06-01 00:00:00,W,58,421271849.3600001
cn,RO,2020-07-01 00:00:00,S,143,222154915.41
cn,RO,2020-07-01 00:00:00,U,498,1202869300.57
cn,RO,2020-07-01 00:00:00,W,53,411291799.03
cn,RO,2020-08-01 00:00:00,S,132,507153211.4100001
cn,RO,2020-08-01 00:00:00,U,414,860178795.78
cn,RO,2020-08-01 00:00:00,W,41,563427233.28
cn,RO,2020-09-01 00:00:00,S,107,981026895.1800001
cn,RO,2020-09-01 00:00:00,U,399,1041808001.0899999
cn,RO,2020-09-01 00:00:00,W,62,1992415181.1100001
cn,RO,2020-10-01 00:00:00,S,119,144043027.37000003
cn,RO,2020-10-01 00:00:00,U,450,2300504571.27
cn,RO,2020-10-01 00:00:00,W,54,1294149695.17
cn,RO,2020-11-01 00:00:00,S,102,155644895.95000002
cn,RO,2020-11-01 00:00:00,U,412,852888497.05
cn,RO,2020-11-01 00:00:00,W,51,1532691514.15
cn,RO,2020-12-01 00:00:00,S,144,301122412.12000006
cn,RO,2020-12-01 00:00:00,U,375,698943308.31
cn,RO,2020-12-01 00:00:00,W,66,1723778775.3899999
cn,RO,2021-01-01 00:00:00,S,150,267334070.6
cn,RO,2021-01-01 00:00:00,U,306,697819473.33
cn,RO,2021-01-01 00:00:00,W,37,596228443.4399999
cn,RO,2021-02-01 00:00:00,S,136,313956285.32
cn,RO,2021-02-01 00:00:00,U,386,757509975.78
cn,RO,2021-02-01 00:00:00,W,47,436010654.4100001
cn,RO,2021-03-01 00:00:00,S,181,409948013.49000007
cn,RO,2021-03-01 00:00:00,U,425,846611816.8199999
cn,RO,2021-03-01 00:00:00,W,57,1750844192.71
cn,RO,2021-04-01 00:00:00,S,129,287882966.99
cn,RO,2021-04-01 00:00:00,U,369,984432594.85
cn,RO,2021-04-01 00:00:00,W,52,544095409.01
cn,RO,2021-05-01 00:00:00,S,160,286676051.85999995
cn,RO,2021-05-01 00:00:00,U,428,938547266.2700002
cn,RO,2021-05-01 00:00:00,W,52,1466488035.6400003
cn,RO,2021-06-01 00:00:00,S,172,314211234.8000001
cn,RO,2021-06-01 00:00:00,U,497,881177519.9000002
cn,RO,2021-06-01 00:00:00,W,52,1504960029.1399994
cn,RO,2021-07-01 00:00:00,S,173,394400210.51
cn,RO,2021-07-01 00:00:00,U,472,628419475.67
cn,RO,2021-07-01 00:00:00,W,53,580501183.42
cn,RO,2021-08-01 00:00:00,S,148,262825358.81000003
cn,RO,2021-08-01 00:00:00,U,444,1052582776.7600001
cn,RO,2021-08-01 00:00:00,W,43,433236718.98
cn,RO,2021-09-01 00:00:00,S,153,216968907.75
cn,RO,2021-09-01 00:00:00,U,479,924456327.1299999
cn,RO,2021-09-01 00:00:00,W,52,1223311069.9000003
cn,RO,2021-10-01 00:00:00,S,145,417505252.6799999
cn,RO,2021-10-01 00:00:00,U,510,1026464780.51
cn,RO,2021-10-01 00:00:00,W,59,1433442948.28
cn,RO,2021-11-01 00:00:00,S,181,1528253624.9899998
cn,RO,2021-11-01 00:00:00,U,409,992068722.05
cn,RO,2021-11-01 00:00:00,W,57,896127142.3600001
cn,RO,2021-12-01 00:00:00,S,211,442370830.92999995
cn,RO,2021-12-01 00:00:00,U,438,915444195.1699998
cn,RO,2021-12-01 00:00:00,W,70,1742011793.3899996
cn,RO,2022-01-01 00:00:00,S,153,421477425.21000004
cn,RO,2022-01-01 00:00:00,U,331,3627678424.1
cn,RO,2022-01-01 00:00:00,W,54,2937566412.73
cn,RO,2022-02-01 00:00:00,S,179,529030633.09000003
cn,RO,2022-02-01 00:00:00,U,479,1051203270.54
cn,RO,2022-02-01 00:00:00,W,82,2483796273.2199993
cn,RO,2022-03-01 00:00:00,S,232,705189741.1200001
cn,RO,2022-03-01 00:00:00,U,530,1304538274.8500001
cn,RO,2022-03-01 00:00:00,W,84,2250351433.9100003
cn,RO,2022-04-01 00:00:00,S,171,341530689.15999997
cn,RO,2022-04-01 00:00:00,U,520,1224796815.6399999
cn,RO,2022-04-01 00:00:00,W,76,1645438621.79
cn,RO,2022-05-01 00:00:00,S,205,437183279.3
cn,RO,2022-05-01 00:00:00,U,577,2305899773.2200003
cn,RO,2022-05-01 00:00:00,W,92,772715585.24
cn,RO,2022-06-01 00:00:00,S,187,476843297.98
cn,RO,2022-06-01 00:00:00,U,567,1313177742.21
cn,RO,2022-06-01 00:00:00,W,77,1696649805.6299999
cn,RO,2022-07-01 00:00:00,S,210,582084098.32
cn,RO,2022-07-01 00:00:00,U,518,1236943569.9200003
cn,RO,2022-07-01 00:00:00,W,74,2976927925.2400002
cn,RO,2022-08-01 00:00:00,S,207,639774610.1400001
cn,RO,2022-08-01 00:00:00,U,531,2564458660.95
cn,RO,2022-08-01 00:00:00,W,90,5256116891.43
cn,RO,2022-09-01 00:00:00,S,190,549082722.4000001
cn,RO,2022-09-01 00:00:00,U,504,1070518552.0300001
cn,RO,2022-09-01 00:00:00,W,80,1371818131.9900002
cn,RO,2022-10-01 00:00:00,S,203,1422358053.68
cn,RO,2022-10-01 00:00:00,U,574,2397358490.59
cn,RO,2022-10-01 00:00:00,W,80,2940191848.69
cn,RO,2022-11-01 00:00:00,S,225,395766292.97999996
cn,RO,2022-11-01 00:00:00,U,497,1364707809.59
cn,RO,2022-11-01 00:00:00,W,90,2758294223.75
cn,RO,2022-12-01 00:00:00,S,232,538089633.5200001
cn,RO,2022-12-01 00:00:00,U,398,1196124846.9099998
cn,RO,2022-12-01 00:00:00,W,84,2242831787.96
cn,RO,2023-01-01 00:00:00,S,174,488877369.07000005
cn,RO,2023-01-01 00:00:00,U,316,1236844359.51
cn,RO,2023-01-01 00:00:00,W,72,1416567092.7400002
cn,RO,2023-02-01 00:00:00,S,203,1379552917.65
cn,RO,2023-02-01 00:00:00,U,545,1100153172.08
cn,RO,2023-02-01 00:00:00,W,102,3794107732.3599997
cn,RO,2023-03-01 00:00:00,S,243,483340786.26
cn,RO,2023-03-01 00:00:00,U,618,37883332159.950005
cn,RO,2023-03-01 00:00:00,W,94,2389569835.6499996
cn,RO,2023-04-01 00:00:00,S,205,933801283.2700001
cn,RO,2023-04-01 00:00:00,U,492,809587065.6899999
cn,RO,2023-04-01 00:00:00,W,90,2405201357.0800004
cn,RO,2023-05-01 00:00:00,S,239,1280870417.35
cn,RO,2023-05-01 00:00:00,U,589,1388491593.4099998
cn,RO,2023-05-01 00:00:00,W,102,2697528078.3
cn,RO,2023-06-01 00:00:00,S,180,567207131.2499999
cn,RO,2023-06-01 00:00:00,U,502,1379073347.3
cn,RO,2023-06-01 00:00:00,W,99,3118253548.45
cn,RO,2023-07-01 00:00:00,S,166,785857593.66
cn,RO,2023-07-01 00:00:00,U,577,1844909852.8799999
cn,RO,2023-07-01 00:00:00,W,107,2701531058.7599998
cn,RO,2023-08-01 00:00:00,S,202,393713648.89000005
cn,RO,2023-08-01 00:00:00,U,581,1221610636.96
cn,RO,2023-08-01 00:00:00,W,87,1387921683.6799998
cn,RO,2023-09-01 00:00:00,S,192,461352748.5
cn,RO,2023-09-01 00:00:00,U,545,1171556089.75
cn,RO,2023-09-01 00:00:00,W,79,2111413135.33
cn,SE,2016-01-01 00:00:00,S,234,82353810.88
cn,SE,2016-01-01 00:00:00,U,141,44017784.55
cn,SE,2016-01-01 00:00:00,W,56,53490901.800000004
cn,SE,2016-02-01 00:00:00,S,340,82228844.84
cn,SE,2016-02-01 00:00:00,U,221,13834764.329999998
cn,SE,2016-02-01 00:00:00,W,67,35484586.379999995
cn,SE,2016-03-01 00:00:00,S,381,30235535.66
cn,SE,2016-03-01 00:00:00,U,246,22143308.73
cn,SE,2016-03-01 00:00:00,W,82,45517430.75
cn,SE,2016-04-01 00:00:00,S,397,158788699.45
cn,SE,2016-04-01 00:00:00,U,278,156552081.02
cn,SE,2016-04-01 00:00:00,W,84,379513472.5
cn,SE,2016-05-01 00:00:00,S,376,131316836.26
cn,SE,2016-05-01 00:00:00,U,243,39621988.29999999
cn,SE,2016-05-01 00:00:00,W,59,153185692.08999997
cn,SE,2016-06-01 00:00:00,S,379,120745103.59000002
cn,SE,2016-06-01 00:00:00,U,208,35342013.8
cn,SE,2016-06-01 00:00:00,W,83,268563401.38
cn,SE,2016-07-01 00:00:00,S,234,215606551.47999996
cn,SE,2016-07-01 00:00:00,U,130,17990474.29
cn,SE,2016-07-01 00:00:00,W,67,54410052.900000006
cn,SE,2016-08-01 00:00:00,S,161,12674734.230000002
cn,SE,2016-08-01 00:00:00,U,134,17182566.080000002
cn,SE,2016-08-01 00:00:00,W,30,21544213.16
cn,SE,2016-09-01 00:00:00,S,340,64815267.37
cn,SE,2016-09-01 00:00:00,U,206,28556643.539999995
cn,SE,2016-09-01 00:00:00,W,67,64632639.49
cn,SE,2016-10-01 00:00:00,S,410,246414957.48
cn,SE,2016-10-01 00:00:00,U,232,37691812.150000006
cn,SE,2016-10-01 00:00:00,W,64,150703883.23000002
cn,SE,2016-11-01 00:00:00,S,367,131321850.24
cn,SE,2016-11-01 00:00:00,U,243,84238855.60999998
cn,SE,2016-11-01 00:00:00,W,76,46890346.28
cn,SE,2016-12-01 00:00:00,S,416,55008025.629999995
cn,SE,2016-12-01 00:00:00,U,279,88148495.82
cn,SE,2016-12-01 00:00:00,W,101,81021821.79
cn,SE,2017-01-01 00:00:00,S,264,36931876.160000004
cn,SE,2017-01-01 00:00:00,U,178,248613922.11
cn,SE,2017-01-01 00:00:00,W,58,186816950.63
cn,SE,2017-02-01 00:00:00,S,405,179217285.13000003
cn,SE,2017-02-01 00:00:00,U,262,235321895.95000002
cn,SE,2017-02-01 00:00:00,W,78,262892964.26000002
cn,SE,2017-03-01 00:00:00,S,481,319826869.24999994
cn,SE,2017-03-01 00:00:00,U,302,253244341.14
cn,SE,2017-03-01 00:00:00,W,91,400108743.05999994
cn,SE,2017-04-01 00:00:00,S,404,134240116.04000002
cn,SE,2017-04-01 00:00:00,U,255,78368164.45
cn,SE,2017-04-01 00:00:00,W,114,145540783.17000002
cn,SE,2017-05-01 00:00:00,S,478,563846054.48
cn,SE,2017-05-01 00:00:00,U,306,267490779.62
cn,SE,2017-05-01 00:00:00,W,101,363394256.4
cn,SE,2017-06-01 00:00:00,S,446,151672276.55
cn,SE,2017-06-01 00:00:00,U,247,156598228.75
cn,SE,2017-06-01 00:00:00,W,80,695483181.28
cn,SE,2017-07-01 00:00:00,S,231,573573766.7299999
cn,SE,2017-07-01 00:00:00,U,124,324689644.11
cn,SE,2017-07-01 00:00:00,W,38,78878267.97
cn,SE,2017-08-01 00:00:00,S,228,65501061.199999996
cn,SE,2017-08-01 00:00:00,U,141,113377131.55999999
cn,SE,2017-08-01 00:00:00,W,30,70056356.44999999
cn,SE,2017-09-01 00:00:00,S,393,334512045.81
cn,SE,2017-09-01 00:00:00,U,199,130952870.23
cn,SE,2017-09-01 00:00:00,W,58,84690350.9
cn,SE,2017-10-01 00:00:00,S,486,101373888.11999999
cn,SE,2017-10-01 00:00:00,U,275,226450498.70999998
cn,SE,2017-10-01 00:00:00,W,79,665068343.8900001
cn,SE,2017-11-01 00:00:00,S,477,228699755.3
cn,SE,2017-11-01 00:00:00,U,241,65396311.4
cn,SE,2017-11-01 00:00:00,W,91,316748139.59000003
cn,SE,2017-12-01 00:00:00,S,449,272244518.54
cn,SE,2017-12-01 00:00:00,U,240,672914655.91
cn,SE,2017-12-01 00:00:00,W,98,285829934.29
cn,SE,2018-01-01 00:00:00,S,425,197025894.20999998
cn,SE,2018-01-01 00:00:00,U,219,99842075.19
cn,SE,2018-01-01 00:00:00,W,69,199844028.71999997
cn,SE,2018-02-01 00:00:00,S,421,222900457.76
cn,SE,2018-02-01 00:00:00,U,242,164253503.68000007
cn,SE,2018-02-01 00:00:00,W,65,228887827.40000004
cn,SE,2018-03-01 00:00:00,S,472,126798943.56999998
cn,SE,2018-03-01 00:00:00,U,253,146428465.6
cn,SE,2018-03-01 00:00:00,W,93,275922936.81000006
cn,SE,2018-04-01 00:00:00,S,435,225576362.60999998
cn,SE,2018-04-01 00:00:00,U,244,163325307.31000003
cn,SE,2018-04-01 00:00:00,W,67,130041039.94
cn,SE,2018-05-01 00:00:00,S,505,232404135.61999997
cn,SE,2018-05-01 00:00:00,U,314,375112637.64000005
cn,SE,2018-05-01 00:00:00,W,85,206271994.39000002
cn,SE,2018-06-01 00:00:00,S,463,190052014.17999998
cn,SE,2018-06-01 00:00:00,U,215,80724550.58999999
cn,SE,2018-06-01 00:00:00,W,83,184747765.22000003
cn,SE,2018-07-01 00:00:00,S,263,312511580.89
cn,SE,2018-07-01 00:00:00,U,126,34507857.09
cn,SE,2018-07-01 00:00:00,W,35,144370899.66
cn,SE,2018-08-01 00:00:00,S,236,68341635.29
cn,SE,2018-08-01 00:00:00,U,114,349073433.43
cn,SE,2018-08-01 00:00:00,W,37,127945176.1
cn,SE,2018-09-01 00:00:00,S,401,214548223.9
cn,SE,2018-09-01 00:00:00,U,191,218437752.89999998
cn,SE,2018-09-01 00:00:00,W,48,39480225.77
cn,SE,2018-10-01 00:00:00,S,536,850804480.4500005
cn,SE,2018-10-01 00:00:00,U,311,473180741.4500001
cn,SE,2018-10-01 00:00:00,W,80,412251542.6399999
cn,SE,2018-11-01 00:00:00,S,502,179351890.50999996
cn,SE,2018-11-01 00:00:00,U,241,84629032.22999999
cn,SE,2018-11-01 00:00:00,W,76,145881871.26000002
cn,SE,2018-12-01 00:00:00,S,402,187250904.44
cn,SE,2018-12-01 00:00:00,U,198,103554065.42999999
cn,SE,2018-12-01 00:00:00,W,77,138034567.13000003
cn,SE,2019-01-01 00:00:00,S,357,151626891.03000003
cn,SE,2019-01-01 00:00:00,U,205,86249181.90000002
cn,SE,2019-01-01 00:00:00,W,43,76116006.08000001
cn,SE,2019-02-01 00:00:00,S,486,253894900.49
cn,SE,2019-02-01 00:00:00,U,214,205097214.60000002
cn,SE,2019-02-01 00:00:00,W,72,176124505.37
cn,SE,2019-03-01 00:00:00,S,507,161070551.65
cn,SE,2019-03-01 00:00:00,U,283,393202117.8899999
cn,SE,2019-03-01 00:00:00,W,79,424287729.85
cn,SE,2019-04-01 00:00:00,S,527,302708950.7000001
cn,SE,2019-04-01 00:00:00,U,283,274909731.18
cn,SE,2019-04-01 00:00:00,W,69,268861376.32000005
cn,SE,2019-05-01 00:00:00,S,554,318200105.28999996
cn,SE,2019-05-01 00:00:00,U,299,266551217.96000004
cn,SE,2019-05-01 00:00:00,W,67,214451381.88
cn,SE,2019-06-01 00:00:00,S,435,199953714.98999998
cn,SE,2019-06-01 00:00:00,U,204,74566211.45000002
cn,SE,2019-06-01 00:00:00,W,56,685588699.72
cn,SE,2019-07-01 00:00:00,S,260,110129103.05
cn,SE,2019-07-01 00:00:00,U,109,181044659.12
cn,SE,2019-07-01 00:00:00,W,40,66011275.75000001
cn,SE,2019-08-01 00:00:00,S,253,392782145.81999993
cn,SE,2019-08-01 00:00:00,U,148,226760017.38
cn,SE,2019-08-01 00:00:00,W,32,38530186.7
cn,SE,2019-09-01 00:00:00,S,449,200745949.51999998
cn,SE,2019-09-01 00:00:00,U,215,95304703.08999999
cn,SE,2019-09-01 00:00:00,W,48,81121152.9
cn,SE,2019-10-01 00:00:00,S,621,189823105.23
cn,SE,2019-10-01 00:00:00,U,258,81720844.05
cn,SE,2019-10-01 00:00:00,W,63,180846341.98
cn,SE,2019-11-01 00:00:00,S,512,288743278.53999996
cn,SE,2019-11-01 00:00:00,U,226,497560051.23999995
cn,SE,2019-11-01 00:00:00,W,55,393423425.98
cn,SE,2019-12-01 00:00:00,S,419,202192424.62999994
cn,SE,2019-12-01 00:00:00,U,205,101528920.80999999
cn,SE,2019-12-01 00:00:00,W,76,227739959.11
cn,SE,2020-01-01 00:00:00,S,400,136544536.95
cn,SE,2020-01-01 00:00:00,U,214,706046461.51
cn,SE,2020-01-01 00:00:00,W,64,177714947.35999998
cn,SE,2020-02-01 00:00:00,S,465,421471581.0
cn,SE,2020-02-01 00:00:00,U,228,108476527.35
cn,SE,2020-02-01 00:00:00,W,86,106430260.95
cn,SE,2020-03-01 00:00:00,S,480,464859200.52000004
cn,SE,2020-03-01 00:00:00,U,269,65839119.68000001
cn,SE,2020-03-01 00:00:00,W,84,264287349.32999998
cn,SE,2020-04-01 00:00:00,S,444,256351195.18
cn,SE,2020-04-01 00:00:00,U,271,128676751.27999999
cn,SE,2020-04-01 00:00:00,W,117,317928334.36999995
cn,SE,2020-05-01 00:00:00,S,489,172731994.89
cn,SE,2020-05-01 00:00:00,U,247,209098172.10999998
cn,SE,2020-05-01 00:00:00,W,87,350698153.59999996
cn,SE,2020-06-01 00:00:00,S,427,367947271.64
cn,SE,2020-06-01 00:00:00,U,223,246001259.17000002
cn,SE,2020-06-01 00:00:00,W,81,271469174.47999996
cn,SE,2020-07-01 00:00:00,S,191,111889961.68
cn,SE,2020-07-01 00:00:00,U,111,229249485.18
cn,SE,2020-07-01 00:00:00,W,41,151457347.78999996
cn,SE,2020-08-01 00:00:00,S,232,114609243.88999999
cn,SE,2020-08-01 00:00:00,U,151,43163772.78
cn,SE,2020-08-01 00:00:00,W,27,97569815.36999999
cn,SE,2020-09-01 00:00:00,S,421,3527150422.2399993
cn,SE,2020-09-01 00:00:00,U,227,293619945.5400001
cn,SE,2020-09-01 00:00:00,W,68,202270956.04
cn,SE,2020-10-01 00:00:00,S,565,282734224.31
cn,SE,2020-10-01 00:00:00,U,268,186879673.46
cn,SE,2020-10-01 00:00:00,W,107,1019645391.92
cn,SE,2020-11-01 00:00:00,S,493,359482585.5500001
cn,SE,2020-11-01 00:00:00,U,288,289235579.14000005
cn,SE,2020-11-01 00:00:00,W,87,317430948.35
cn,SE,2020-12-01 00:00:00,S,468,507409360.22
cn,SE,2020-12-01 00:00:00,U,250,206860332.79000002
cn,SE,2020-12-01 00:00:00,W,83,316792022.93999994
cn,SE,2021-01-01 00:00:00,S,335,348866001.28
cn,SE,2021-01-01 00:00:00,U,200,629805620.5699999
cn,SE,2021-01-01 00:00:00,W,53,593954565.61
cn,SE,2021-02-01 00:00:00,S,482,1044134803.8399999
cn,SE,2021-02-01 00:00:00,U,258,311846600.7
cn,SE,2021-02-01 00:00:00,W,81,578617750.41
cn,SE,2021-03-01 00:00:00,S,634,590335840.36
cn,SE,2021-03-01 00:00:00,U,355,307707061.63
cn,SE,2021-03-01 00:00:00,W,114,391082996.63
cn,SE,2021-04-01 00:00:00,S,569,655924548.7
cn,SE,2021-04-01 00:00:00,U,342,393990815.59000003
cn,SE,2021-04-01 00:00:00,W,96,538112091.48
cn,SE,2021-05-01 00:00:00,S,595,706812609.7699999
cn,SE,2021-05-01 00:00:00,U,351,943467381.9500002
cn,SE,2021-05-01 00:00:00,W,92,717484847.0999999
cn,SE,2021-06-01 00:00:00,S,491,4691688678.4800005
cn,SE,2021-06-01 00:00:00,U,272,220721442.03000003
cn,SE,2021-06-01 00:00:00,W,74,362661903.14
cn,SE,2021-07-01 00:00:00,S,254,235094176.01000002
cn,SE,2021-07-01 00:00:00,U,112,85886768.82000001
cn,SE,2021-07-01 00:00:00,W,47,285320061.11
cn,SE,2021-08-01 00:00:00,S,262,417276107.43999994
cn,SE,2021-08-01 00:00:00,U,142,272406941.61
cn,SE,2021-08-01 00:00:00,W,34,117240437.58000001
cn,SE,2021-09-01 00:00:00,S,489,789815186.9200002
cn,SE,2021-09-01 00:00:00,U,290,203926486.93999997
cn,SE,2021-09-01 00:00:00,W,90,327718918.88000005
cn,SE,2021-10-01 00:00:00,S,597,2585682220.63
cn,SE,2021-10-01 00:00:00,U,274,740192125.4600002
cn,SE,2021-10-01 00:00:00,W,105,540592322.86
cn,SE,2021-11-01 00:00:00,S,533,782502425.47
cn,SE,2021-11-01 00:00:00,U,288,451271903.6
cn,SE,2021-11-01 00:00:00,W,78,442307200.03
cn,SE,2021-12-01 00:00:00,S,491,500252273.4499999
cn,SE,2021-12-01 00:00:00,U,254,324306913.92
cn,SE,2021-12-01 00:00:00,W,92,907899275.8200002
cn,SE,2022-01-01 00:00:00,S,350,1419205745.9100003
cn,SE,2022-01-01 00:00:00,U,227,442242152.58000004
cn,SE,2022-01-01 00:00:00,W,64,769388459.08
cn,SE,2022-02-01 00:00:00,S,506,551807227.4
cn,SE,2022-02-01 00:00:00,U,282,1408712586.8699996
cn,SE,2022-02-01 00:00:00,W,87,395400102.89
cn,SE,2022-03-01 00:00:00,S,594,943345654.4199998
cn,SE,2022-03-01 00:00:00,U,320,237643543.46000004
cn,SE,2022-03-01 00:00:00,W,92,437919479.8
cn,SE,2022-04-01 00:00:00,S,559,682250052.7399999
cn,SE,2022-04-01 00:00:00,U,322,307975766.16999996
cn,SE,2022-04-01 00:00:00,W,96,597605085.6899999
cn,SE,2022-05-01 00:00:00,S,559,959211551.1
cn,SE,2022-05-01 00:00:00,U,332,243487591.88
cn,SE,2022-05-01 00:00:00,W,90,672549154.8599999
cn,SE,2022-06-01 00:00:00,S,457,601232789.6999999
cn,SE,2022-06-01 00:00:00,U,219,285739910.3000001
cn,SE,2022-06-01 00:00:00,W,72,524401517.75
cn,SE,2022-07-01 00:00:00,S,204,581409370.16
cn,SE,2022-07-01 00:00:00,U,106,114549179.52000001
cn,SE,2022-07-01 00:00:00,W,34,144877543.95999998
cn,SE,2022-08-01 00:00:00,S,312,412449435.19
cn,SE,2022-08-01 00:00:00,U,167,290117784.47
cn,SE,2022-08-01 00:00:00,W,44,674920415.9000001
cn,SE,2022-09-01 00:00:00,S,512,471685414.10999995
cn,SE,2022-09-01 00:00:00,U,259,150519082.39000002
cn,SE,2022-09-01 00:00:00,W,64,584659734.97
cn,SE,2022-10-01 00:00:00,S,543,1003447232.29
cn,SE,2022-10-01 00:00:00,U,345,307549713.97
cn,SE,2022-10-01 00:00:00,W,86,621711921.0699999
cn,SE,2022-11-01 00:00:00,S,505,1092126065.6499999
cn,SE,2022-11-01 00:00:00,U,299,315277321.76
cn,SE,2022-11-01 00:00:00,W,98,356576159.86
cn,SE,2022-12-01 00:00:00,S,450,804923245.4900001
cn,SE,2022-12-01 00:00:00,U,257,248114691.33
cn,SE,2022-12-01 00:00:00,W,100,1488661114.7299998
cn,SE,2023-01-01 00:00:00,S,439,514825356.94000006
cn,SE,2023-01-01 00:00:00,U,273,1225679936.53
cn,SE,2023-01-01 00:00:00,W,80,489617109.56000006
cn,SE,2023-02-01 00:00:00,S,492,1153577494.4799998
cn,SE,2023-02-01 00:00:00,U,283,297826803.10999995
cn,SE,2023-02-01 00:00:00,W,103,436693204.5099999
cn,SE,2023-03-01 00:00:00,S,657,992658360.0300001
cn,SE,2023-03-01 00:00:00,U,331,397044338.45
cn,SE,2023-03-01 00:00:00,W,117,5655123429.059999
cn,SE,2023-04-01 00:00:00,S,535,611947337.3800001
cn,SE,2023-04-01 00:00:00,U,307,386920298.18000007
cn,SE,2023-04-01 00:00:00,W,77,370775946.39000005
cn,SE,2023-05-01 00:00:00,S,592,4375341602.45
cn,SE,2023-05-01 00:00:00,U,387,656868132.15
cn,SE,2023-05-01 00:00:00,W,115,779304960.0300001
cn,SE,2023-06-01 00:00:00,S,453,2506611317.6400003
cn,SE,2023-06-01 00:00:00,U,230,1175073925.61
cn,SE,2023-06-01 00:00:00,W,104,684220478.64
cn,SE,2023-07-01 00:00:00,S,203,251754573.01
cn,SE,2023-07-01 00:00:00,U,111,297498127.87
cn,SE,2023-07-01 00:00:00,W,37,143090991.18
cn,SE,2023-08-01 00:00:00,S,324,277280642.54
cn,SE,2023-08-01 00:00:00,U,181,363646289.59000003
cn,SE,2023-08-01 00:00:00,W,48,203366072.12
cn,SE,2023-09-01 00:00:00,S,537,784029861.71
cn,SE,2023-09-01 00:00:00,U,307,362734815.96
cn,SE,2023-09-01 00:00:00,W,84,233226462.06
cn,SI,2016-01-01 00:00:00,S,39,4595704.92
cn,SI,2016-01-01 00:00:00,U,44,8685665.0
cn,SI,2016-01-01 00:00:00,W,4,6350000.0
cn,SI,2016-02-01 00:00:00,S,37,3284229.6
cn,SI,2016-02-01 00:00:00,U,62,14515590.16
cn,SI,2016-02-01 00:00:00,W,3,
cn,SI,2016-03-01 00:00:00,S,113,60251509.71
cn,SI,2016-03-01 00:00:00,U,185,55104024.24
cn,SI,2016-03-01 00:00:00,W,15,14123140.0
cn,SI,2016-04-01 00:00:00,S,7,8059262.3
cn,SI,2016-04-01 00:00:00,U,12,6835810.0
cn,SI,2016-04-01 00:00:00,W,1,8196721.31
cn,SI,2016-05-01 00:00:00,S,25,15779681.9
cn,SI,2016-05-01 00:00:00,U,46,23378822.34
cn,SI,2016-05-01 00:00:00,W,3,3527457.0
cn,SI,2016-06-01 00:00:00,S,64,16356924.82
cn,SI,2016-06-01 00:00:00,U,56,50175970.84
cn,SI,2016-06-01 00:00:00,W,5,
cn,SI,2016-07-01 00:00:00,S,42,13002599.959999997
cn,SI,2016-07-01 00:00:00,U,54,26812688.59
cn,SI,2016-08-01 00:00:00,S,32,3770681.5
cn,SI,2016-08-01 00:00:00,U,50,6889480.31
cn,SI,2016-08-01 00:00:00,W,2,
cn,SI,2016-09-01 00:00:00,S,50,7543886.0
cn,SI,2016-09-01 00:00:00,U,53,5453736.96
cn,SI,2016-09-01 00:00:00,W,1,
cn,SI,2016-10-01 00:00:00,S,61,52669883.71
cn,SI,2016-10-01 00:00:00,U,85,27223786.96
cn,SI,2016-10-01 00:00:00,W,3,
cn,SI,2016-11-01 00:00:00,S,26,91027842.28
cn,SI,2016-11-01 00:00:00,U,61,18910609.8
cn,SI,2016-11-01 00:00:00,W,4,26968463.71
cn,SI,2016-12-01 00:00:00,S,47,82211187.49
cn,SI,2016-12-01 00:00:00,U,58,5819842.82
cn,SI,2016-12-01 00:00:00,W,3,
cn,SI,2017-01-01 00:00:00,S,29,3234521.23
cn,SI,2017-01-01 00:00:00,U,47,25378592.94
cn,SI,2017-01-01 00:00:00,W,4,
cn,SI,2017-02-01 00:00:00,S,51,25130191.599999998
cn,SI,2017-02-01 00:00:00,U,52,16964308.86
cn,SI,2017-02-01 00:00:00,W,3,13311475.41
cn,SI,2017-03-01 00:00:00,S,62,98728338.44
cn,SI,2017-03-01 00:00:00,U,70,2878314.66
cn,SI,2017-03-01 00:00:00,W,7,4500000.0
cn,SI,2017-04-01 00:00:00,S,47,8285467.48
cn,SI,2017-04-01 00:00:00,U,94,19776656.08
cn,SI,2017-04-01 00:00:00,W,4,
cn,SI,2017-05-01 00:00:00,S,82,10816012.2
cn,SI,2017-05-01 00:00:00,U,67,8178989.16
cn,SI,2017-05-01 00:00:00,W,4,
cn,SI,2017-06-01 00:00:00,S,82,53235799.86
cn,SI,2017-06-01 00:00:00,U,81,181330707.8
cn,SI,2017-06-01 00:00:00,W,8,13331065.5
cn,SI,2017-07-01 00:00:00,S,53,7444147.37
cn,SI,2017-07-01 00:00:00,U,50,9114757.75
cn,SI,2017-07-01 00:00:00,W,10,350000.0
cn,SI,2017-08-01 00:00:00,S,51,12362695.46
cn,SI,2017-08-01 00:00:00,U,48,3350598.36
cn,SI,2017-08-01 00:00:00,W,6,
cn,SI,2017-09-01 00:00:00,S,60,2648331.44
cn,SI,2017-09-01 00:00:00,U,69,30692804.189999998
cn,SI,2017-09-01 00:00:00,W,5,
cn,SI,2017-10-01 00:00:00,S,71,6935954.2700000005
cn,SI,2017-10-01 00:00:00,U,108,18172262.89
cn,SI,2017-10-01 00:00:00,W,8,3129110.09
cn,SI,2017-11-01 00:00:00,S,48,8025036.35
cn,SI,2017-11-01 00:00:00,U,65,19424051.76
cn,SI,2017-11-01 00:00:00,W,3,
cn,SI,2017-12-01 00:00:00,S,47,1127075.4100000001
cn,SI,2017-12-01 00:00:00,U,67,21327303.67
cn,SI,2017-12-01 00:00:00,W,11,56995874.14
cn,SI,2018-01-01 00:00:00,S,37,5282247.62
cn,SI,2018-01-01 00:00:00,U,36,8070819.1
cn,SI,2018-01-01 00:00:00,W,1,
cn,SI,2018-02-01 00:00:00,S,48,12524984.0
cn,SI,2018-02-01 00:00:00,U,52,5420720.19
cn,SI,2018-02-01 00:00:00,W,4,18300000.0
cn,SI,2018-03-01 00:00:00,S,81,15874361.879999999
cn,SI,2018-03-01 00:00:00,U,121,18731721.21
cn,SI,2018-03-01 00:00:00,W,14,25802393.32
cn,SI,2018-04-01 00:00:00,S,27,3564933.6
cn,SI,2018-04-01 00:00:00,U,33,2879611.87
cn,SI,2018-04-01 00:00:00,W,2,
cn,SI,2018-05-01 00:00:00,S,51,4012075.2199999997
cn,SI,2018-05-01 00:00:00,U,71,39486745.26
cn,SI,2018-05-01 00:00:00,W,8,
cn,SI,2018-06-01 00:00:00,S,73,31475748.16
cn,SI,2018-06-01 00:00:00,U,70,26154132.630000003
cn,SI,2018-06-01 00:00:00,W,9,53000000.0
cn,SI,2018-07-01 00:00:00,S,66,11657957.27
cn,SI,2018-07-01 00:00:00,U,55,9599328.72
cn,SI,2018-07-01 00:00:00,W,10,5560327.87
cn,SI,2018-08-01 00:00:00,S,45,6453231.47
cn,SI,2018-08-01 00:00:00,U,64,7378252.48
cn,SI,2018-08-01 00:00:00,W,14,960000.0
cn,SI,2018-09-01 00:00:00,S,48,18797172.269999996
cn,SI,2018-09-01 00:00:00,U,69,20261723.85
cn,SI,2018-09-01 00:00:00,W,6,3996682.22
cn,SI,2018-10-01 00:00:00,S,92,31846794.85
cn,SI,2018-10-01 00:00:00,U,108,21746198.69
cn,SI,2018-10-01 00:00:00,W,2,
cn,SI,2018-11-01 00:00:00,S,41,21765638.91
cn,SI,2018-11-01 00:00:00,U,59,15560023.02
cn,SI,2018-11-01 00:00:00,W,7,1398738.07
cn,SI,2018-12-01 00:00:00,S,45,50765487.6
cn,SI,2018-12-01 00:00:00,U,60,10403402.23
cn,SI,2018-12-01 00:00:00,W,8,9102507.27
cn,SI,2019-01-01 00:00:00,S,52,4741951.4
cn,SI,2019-01-01 00:00:00,U,46,10088265.78
cn,SI,2019-01-01 00:00:00,W,3,1100000.0
cn,SI,2019-02-01 00:00:00,S,71,13560359.76
cn,SI,2019-02-01 00:00:00,U,60,15661709.950000001
cn,SI,2019-02-01 00:00:00,W,12,9310163.93
cn,SI,2019-03-01 00:00:00,S,51,17004863.38
cn,SI,2019-03-01 00:00:00,U,77,15726078.29
cn,SI,2019-03-01 00:00:00,W,7,
cn,SI,2019-04-01 00:00:00,S,78,13680859.12
cn,SI,2019-04-01 00:00:00,U,94,58980249.25
cn,SI,2019-04-01 00:00:00,W,14,49485540.98
cn,SI,2019-05-01 00:00:00,S,75,8880449.440000001
cn,SI,2019-05-01 00:00:00,U,92,21910223.02
cn,SI,2019-05-01 00:00:00,W,12,1529525.8
cn,SI,2019-06-01 00:00:00,S,76,32472778.48
cn,SI,2019-06-01 00:00:00,U,98,31991260.980000004
cn,SI,2019-06-01 00:00:00,W,14,15334948.45
cn,SI,2019-07-01 00:00:00,S,72,22215951.86
cn,SI,2019-07-01 00:00:00,U,86,14108839.47
cn,SI,2019-07-01 00:00:00,W,24,44654419.56
cn,SI,2019-08-01 00:00:00,S,53,66513698.27
cn,SI,2019-08-01 00:00:00,U,59,14474134.200000001
cn,SI,2019-08-01 00:00:00,W,11,9348835.08
cn,SI,2019-09-01 00:00:00,S,66,4431519.26
cn,SI,2019-09-01 00:00:00,U,71,29365658.419999998
cn,SI,2019-09-01 00:00:00,W,10,5668852.45
cn,SI,2019-10-01 00:00:00,S,94,9980641.53
cn,SI,2019-10-01 00:00:00,U,116,15194080.110000001
cn,SI,2019-10-01 00:00:00,W,10,23000000.0
cn,SI,2019-11-01 00:00:00,S,62,12023313.68
cn,SI,2019-11-01 00:00:00,U,81,25454424.729999997
cn,SI,2019-11-01 00:00:00,W,9,5927666.51
cn,SI,2019-12-01 00:00:00,S,70,14598850.059999999
cn,SI,2019-12-01 00:00:00,U,72,30121429.319999997
cn,SI,2019-12-01 00:00:00,W,9,1863000.0
cn,SI,2020-01-01 00:00:00,S,61,15162850.51
cn,SI,2020-01-01 00:00:00,U,63,15846989.340000002
cn,SI,2020-01-01 00:00:00,W,9,1147540.98
cn,SI,2020-02-01 00:00:00,S,63,16168292.42
cn,SI,2020-02-01 00:00:00,U,76,8979381.18
cn,SI,2020-02-01 00:00:00,W,15,2944435.66
cn,SI,2020-03-01 00:00:00,S,55,9886154.190000001
cn,SI,2020-03-01 00:00:00,U,70,4659550.449999999
cn,SI,2020-03-01 00:00:00,W,13,
cn,SI,2020-04-01 00:00:00,S,60,20896092.28
cn,SI,2020-04-01 00:00:00,U,84,36627128.830000006
cn,SI,2020-04-01 00:00:00,W,9,
cn,SI,2020-05-01 00:00:00,S,60,9341327.780000001
cn,SI,2020-05-01 00:00:00,U,93,11285195.330000002
cn,SI,2020-05-01 00:00:00,W,10,6000000.0
cn,SI,2020-06-01 00:00:00,S,72,15151038.25
cn,SI,2020-06-01 00:00:00,U,114,36684166.52
cn,SI,2020-06-01 00:00:00,W,11,19700000.0
cn,SI,2020-07-01 00:00:00,S,74,11795826.52
cn,SI,2020-07-01 00:00:00,U,97,17827935.599999998
cn,SI,2020-07-01 00:00:00,W,9,8707955.0
cn,SI,2020-08-01 00:00:00,S,69,12941805.149999999
cn,SI,2020-08-01 00:00:00,U,91,94462504.86
cn,SI,2020-08-01 00:00:00,W,9,1191450.0
cn,SI,2020-09-01 00:00:00,S,80,24790513.59
cn,SI,2020-09-01 00:00:00,U,96,18957814.98
cn,SI,2020-09-01 00:00:00,W,13,14184437.35
cn,SI,2020-10-01 00:00:00,S,91,17410131.34
cn,SI,2020-10-01 00:00:00,U,131,28775623.310000002
cn,SI,2020-10-01 00:00:00,W,9,
cn,SI,2020-11-01 00:00:00,S,80,13597367.519999998
cn,SI,2020-11-01 00:00:00,U,94,16326172.060000002
cn,SI,2020-11-01 00:00:00,W,5,2277868.85
cn,SI,2020-12-01 00:00:00,S,83,26888733.85
cn,SI,2020-12-01 00:00:00,U,93,33018593.2
cn,SI,2020-12-01 00:00:00,W,9,4600000.0
cn,SI,2021-01-01 00:00:00,S,67,15182791.129999999
cn,SI,2021-01-01 00:00:00,U,89,18919959.54
cn,SI,2021-01-01 00:00:00,W,5,179343.05
cn,SI,2021-02-01 00:00:00,S,68,13195954.09
cn,SI,2021-02-01 00:00:00,U,86,60426080.47
cn,SI,2021-02-01 00:00:00,W,8,45694403.56
cn,SI,2021-03-01 00:00:00,S,104,15764880.55
cn,SI,2021-03-01 00:00:00,U,123,18446101.19
cn,SI,2021-03-01 00:00:00,W,22,26121061.03
cn,SI,2021-04-01 00:00:00,S,78,16045873.83
cn,SI,2021-04-01 00:00:00,U,97,5528177.56
cn,SI,2021-04-01 00:00:00,W,9,
cn,SI,2021-05-01 00:00:00,S,101,19547307.02
cn,SI,2021-05-01 00:00:00,U,111,27488486.740000002
cn,SI,2021-05-01 00:00:00,W,8,4260959.49
cn,SI,2021-06-01 00:00:00,S,114,18856318.16
cn,SI,2021-06-01 00:00:00,U,135,16598717.729999999
cn,SI,2021-06-01 00:00:00,W,12,14404717.0
cn,SI,2021-07-01 00:00:00,S,99,140099404.46
cn,SI,2021-07-01 00:00:00,U,127,73263437.82
cn,SI,2021-07-01 00:00:00,W,27,9091387.25
cn,SI,2021-08-01 00:00:00,S,56,9665148.14
cn,SI,2021-08-01 00:00:00,U,131,19751744.26
cn,SI,2021-08-01 00:00:00,W,12,45882005.62
cn,SI,2021-09-01 00:00:00,S,115,12807800.0
cn,SI,2021-09-01 00:00:00,U,105,21374675.4
cn,SI,2021-09-01 00:00:00,W,18,1051639.34
cn,SI,2021-10-01 00:00:00,S,97,40369734.02
cn,SI,2021-10-01 00:00:00,U,114,20669601.15
cn,SI,2021-10-01 00:00:00,W,18,26911266.709999997
cn,SI,2021-11-01 00:00:00,S,83,30818698.740000002
cn,SI,2021-11-01 00:00:00,U,111,6786975.7
cn,SI,2021-11-01 00:00:00,W,9,33921000.0
cn,SI,2021-12-01 00:00:00,S,86,6914488.12
cn,SI,2021-12-01 00:00:00,U,126,9308692.25
cn,SI,2021-12-01 00:00:00,W,19,7223852.46
cn,SI,2022-01-01 00:00:00,S,58,10050149.129999999
cn,SI,2022-01-01 00:00:00,U,97,34594963.06
cn,SI,2022-01-01 00:00:00,W,14,2704918.03
cn,SI,2022-02-01 00:00:00,S,67,2766025.48
cn,SI,2022-02-01 00:00:00,U,107,47970146.16
cn,SI,2022-02-01 00:00:00,W,11,27286095.970000003
cn,SI,2022-03-01 00:00:00,S,74,14833935.06
cn,SI,2022-03-01 00:00:00,U,127,41767370.75
cn,SI,2022-03-01 00:00:00,W,14,5300000.0
cn,SI,2022-04-01 00:00:00,S,99,60981778.00000001
cn,SI,2022-04-01 00:00:00,U,123,38866451.27
cn,SI,2022-04-01 00:00:00,W,12,1305000.0
cn,SI,2022-05-01 00:00:00,S,85,12815625.02
cn,SI,2022-05-01 00:00:00,U,118,26477145.669999998
cn,SI,2022-05-01 00:00:00,W,14,14150020.11
cn,SI,2022-06-01 00:00:00,S,117,17907007.61
cn,SI,2022-06-01 00:00:00,U,121,22289630.58
cn,SI,2022-06-01 00:00:00,W,14,9098009.29
cn,SI,2022-07-01 00:00:00,S,85,18152845.87
cn,SI,2022-07-01 00:00:00,U,126,48863294.14
cn,SI,2022-07-01 00:00:00,W,16,19610000.0
cn,SI,2022-08-01 00:00:00,S,76,79413353.32000001
cn,SI,2022-08-01 00:00:00,U,93,63148377.99
cn,SI,2022-08-01 00:00:00,W,10,4200000.0
cn,SI,2022-09-01 00:00:00,S,75,28455930.89
cn,SI,2022-09-01 00:00:00,U,104,29957414.189999998
cn,SI,2022-09-01 00:00:00,W,8,27000000.0
cn,SI,2022-10-01 00:00:00,S,84,18873291.98
cn,SI,2022-10-01 00:00:00,U,134,48710504.68
cn,SI,2022-10-01 00:00:00,W,8,
cn,SI,2022-11-01 00:00:00,S,76,32683480.32
cn,SI,2022-11-01 00:00:00,U,118,67886337.71
cn,SI,2022-11-01 00:00:00,W,5,6893637.63
cn,SI,2022-12-01 00:00:00,S,87,8059554.15
cn,SI,2022-12-01 00:00:00,U,101,39585388.36
cn,SI,2022-12-01 00:00:00,W,12,172551677.65
cn,SI,2023-01-01 00:00:00,S,58,25552528.020000003
cn,SI,2023-01-01 00:00:00,U,95,21173688.79
cn,SI,2023-01-01 00:00:00,W,5,350000.0
cn,SI,2023-02-01 00:00:00,S,82,18169127.209999997
cn,SI,2023-02-01 00:00:00,U,98,17371524.07
cn,SI,2023-02-01 00:00:00,W,6,10774568.93
cn,SI,2023-03-01 00:00:00,S,84,8109191.93
cn,SI,2023-03-01 00:00:00,U,144,40950394.03
cn,SI,2023-03-01 00:00:00,W,5,600000.0
cn,SI,2023-04-01 00:00:00,S,77,14780355.76
cn,SI,2023-04-01 00:00:00,U,124,7839604.65
cn,SI,2023-04-01 00:00:00,W,7,385000.0
cn,SI,2023-05-01 00:00:00,S,97,11149137.91
cn,SI,2023-05-01 00:00:00,U,130,75912478.0
cn,SI,2023-05-01 00:00:00,W,8,
cn,SI,2023-06-01 00:00:00,S,141,22675255.429999996
cn,SI,2023-06-01 00:00:00,U,145,72865073.02
cn,SI,2023-06-01 00:00:00,W,12,32375988.12
cn,SI,2023-07-01 00:00:00,S,95,20686583.669999998
cn,SI,2023-07-01 00:00:00,U,124,13252385.129999999
cn,SI,2023-07-01 00:00:00,W,8,2984850.0
cn,SI,2023-08-01 00:00:00,S,74,9399988.79
cn,SI,2023-08-01 00:00:00,U,76,15527599.120000001
cn,SI,2023-08-01 00:00:00,W,7,16290000.0
cn,SI,2023-09-01 00:00:00,S,89,19966645.6
cn,SI,2023-09-01 00:00:00,U,107,15615306.270000001
cn,SI,2023-09-01 00:00:00,W,6,
cn,SK,2016-01-01 00:00:00,S,28,234947317.35999998
cn,SK,2016-01-01 00:00:00,U,37,69339705.99000001
cn,SK,2016-01-01 00:00:00,W,2,10798095.54
cn,SK,2016-02-01 00:00:00,S,23,41079203.4
cn,SK,2016-02-01 00:00:00,U,46,52099067.989999995
cn,SK,2016-02-01 00:00:00,W,2,26623946.950000003
cn,SK,2016-03-01 00:00:00,S,21,24095376.16
cn,SK,2016-03-01 00:00:00,U,24,140222763.1
cn,SK,2016-03-01 00:00:00,W,7,88558422.74000001
cn,SK,2016-04-01 00:00:00,S,38,64029275.8
cn,SK,2016-04-01 00:00:00,U,102,127951174.31999998
cn,SK,2016-04-01 00:00:00,W,17,224233530.82999998
cn,SK,2016-05-01 00:00:00,S,7,4494176.6
cn,SK,2016-05-01 00:00:00,U,92,64002681.89999999
cn,SK,2016-05-01 00:00:00,W,3,123624050.0
cn,SK,2016-06-01 00:00:00,S,17,43954621.72
cn,SK,2016-06-01 00:00:00,U,18,21487346.580000002
cn,SK,2016-06-01 00:00:00,W,6,103665217.72
cn,SK,2016-07-01 00:00:00,S,16,29875601.0
cn,SK,2016-07-01 00:00:00,U,58,60558619.38
cn,SK,2016-07-01 00:00:00,W,7,60747949.480000004
cn,SK,2016-08-01 00:00:00,S,22,40835555.26
cn,SK,2016-08-01 00:00:00,U,38,134018136.12999998
cn,SK,2016-08-01 00:00:00,W,3,253485725.39
cn,SK,2016-09-01 00:00:00,S,151,131696370.54000002
cn,SK,2016-09-01 00:00:00,U,157,440506713.09000003
cn,SK,2016-09-01 00:00:00,W,3,1002379.0
cn,SK,2016-10-01 00:00:00,S,28,49632300.11
cn,SK,2016-10-01 00:00:00,U,46,85671179.12
cn,SK,2016-10-01 00:00:00,W,5,136441166.24
cn,SK,2016-11-01 00:00:00,S,15,36025581.21
cn,SK,2016-11-01 00:00:00,U,68,134739586.99
cn,SK,2016-11-01 00:00:00,W,4,16746939.23
cn,SK,2016-12-01 00:00:00,S,24,83569864.24000001
cn,SK,2016-12-01 00:00:00,U,38,120030275.84
cn,SK,2017-01-01 00:00:00,S,24,56321320.86
cn,SK,2017-01-01 00:00:00,U,32,89108403.72999999
cn,SK,2017-01-01 00:00:00,W,3,333666905.0
cn,SK,2017-02-01 00:00:00,S,30,72037855.22999999
cn,SK,2017-02-01 00:00:00,U,103,83517210.76
cn,SK,2017-02-01 00:00:00,W,9,171152530.03
cn,SK,2017-03-01 00:00:00,S,45,86791182.44
cn,SK,2017-03-01 00:00:00,U,164,315476887.43999994
cn,SK,2017-03-01 00:00:00,W,6,43654040.27
cn,SK,2017-04-01 00:00:00,S,37,163077418.56
cn,SK,2017-04-01 00:00:00,U,138,246419325.09000003
cn,SK,2017-04-01 00:00:00,W,4,23554889.76
cn,SK,2017-05-01 00:00:00,S,31,206235663.39000002
cn,SK,2017-05-01 00:00:00,U,79,152990049.41000003
cn,SK,2017-05-01 00:00:00,W,7,186623304.79000002
cn,SK,2017-06-01 00:00:00,S,44,159422759.33
cn,SK,2017-06-01 00:00:00,U,75,296019939.6399999
cn,SK,2017-06-01 00:00:00,W,6,133841137.6
cn,SK,2017-07-01 00:00:00,S,40,72538267.35
cn,SK,2017-07-01 00:00:00,U,74,162827094.09000003
cn,SK,2017-07-01 00:00:00,W,4,70726693.39
cn,SK,2017-08-01 00:00:00,S,40,87869433.73
cn,SK,2017-08-01 00:00:00,U,137,159900261.49
cn,SK,2017-08-01 00:00:00,W,8,99428228.4
cn,SK,2017-09-01 00:00:00,S,34,304929181.47
cn,SK,2017-09-01 00:00:00,U,74,185224431.78000003
cn,SK,2017-09-01 00:00:00,W,10,120677769.27
cn,SK,2017-10-01 00:00:00,S,150,212180613.31
cn,SK,2017-10-01 00:00:00,U,52,98885075.91000001
cn,SK,2017-10-01 00:00:00,W,2,690802.99
cn,SK,2017-11-01 00:00:00,S,30,44347539.09
cn,SK,2017-11-01 00:00:00,U,75,164228707.64000002
cn,SK,2017-11-01 00:00:00,W,5,92050000.0
cn,SK,2017-12-01 00:00:00,S,27,92704633.86
cn,SK,2017-12-01 00:00:00,U,48,152352176.17000002
cn,SK,2017-12-01 00:00:00,W,11,353350305.53
cn,SK,2018-01-01 00:00:00,S,100,169591856.97
cn,SK,2018-01-01 00:00:00,U,87,112130426.91
cn,SK,2018-01-01 00:00:00,W,7,55291507.79000001
cn,SK,2018-02-01 00:00:00,S,39,166478881.74
cn,SK,2018-02-01 00:00:00,U,74,187768733.38
cn,SK,2018-02-01 00:00:00,W,5,187388337.98
cn,SK,2018-03-01 00:00:00,S,37,81611965.72
cn,SK,2018-03-01 00:00:00,U,86,205211436.88999996
cn,SK,2018-03-01 00:00:00,W,5,53379168.93
cn,SK,2018-04-01 00:00:00,S,46,188668281.52
cn,SK,2018-04-01 00:00:00,U,76,146906081.74999997
cn,SK,2018-04-01 00:00:00,W,8,62985410.91
cn,SK,2018-05-01 00:00:00,S,40,113609363.48
cn,SK,2018-05-01 00:00:00,U,73,124073213.58
cn,SK,2018-05-01 00:00:00,W,9,61285128.519999996
cn,SK,2018-06-01 00:00:00,S,42,411166936.74000007
cn,SK,2018-06-01 00:00:00,U,87,231511743.35000002
cn,SK,2018-06-01 00:00:00,W,5,46953744.089999996
cn,SK,2018-07-01 00:00:00,S,43,204448034.97
cn,SK,2018-07-01 00:00:00,U,75,282089570.4
cn,SK,2018-07-01 00:00:00,W,6,286319584.51
cn,SK,2018-08-01 00:00:00,S,39,93663035.24
cn,SK,2018-08-01 00:00:00,U,79,154601298.58
cn,SK,2018-08-01 00:00:00,W,5,32888370.700000003
cn,SK,2018-09-01 00:00:00,S,173,817118289.4500002
cn,SK,2018-09-01 00:00:00,U,60,345844556.23
cn,SK,2018-09-01 00:00:00,W,1,8000000.0
cn,SK,2018-10-01 00:00:00,S,32,118915580.58999999
cn,SK,2018-10-01 00:00:00,U,61,158390649.61
cn,SK,2018-10-01 00:00:00,W,5,44257153.63
cn,SK,2018-11-01 00:00:00,S,70,252367920.76000005
cn,SK,2018-11-01 00:00:00,U,139,283281053.53000003
cn,SK,2018-11-01 00:00:00,W,5,38062642.26
cn,SK,2018-12-01 00:00:00,S,51,376107857.34000003
cn,SK,2018-12-01 00:00:00,U,56,234769183.75
cn,SK,2018-12-01 00:00:00,W,24,274701427.10999995
cn,SK,2019-01-01 00:00:00,S,20,145413572.41
cn,SK,2019-01-01 00:00:00,U,35,50809553.74000001
cn,SK,2019-01-01 00:00:00,W,4,103801234.89
cn,SK,2019-02-01 00:00:00,S,39,163433855.59000003
cn,SK,2019-02-01 00:00:00,U,58,159417567.22
cn,SK,2019-02-01 00:00:00,W,4,51211891.580000006
cn,SK,2019-03-01 00:00:00,S,42,329847084.9
cn,SK,2019-03-01 00:00:00,U,76,150200534.61
cn,SK,2019-03-01 00:00:00,W,10,58381833.42
cn,SK,2019-04-01 00:00:00,S,35,176928810.02
cn,SK,2019-04-01 00:00:00,U,43,89135365.08999999
cn,SK,2019-04-01 00:00:00,W,12,137327231.82000002
cn,SK,2019-05-01 00:00:00,S,41,156544131.9
cn,SK,2019-05-01 00:00:00,U,78,540957358.72
cn,SK,2019-05-01 00:00:00,W,6,290221985.03
cn,SK,2019-06-01 00:00:00,S,44,213921626.85000002
cn,SK,2019-06-01 00:00:00,U,70,202050213.16
cn,SK,2019-06-01 00:00:00,W,8,64154264.349999994
cn,SK,2019-07-01 00:00:00,S,52,159170970.53
cn,SK,2019-07-01 00:00:00,U,101,268193678.81
cn,SK,2019-07-01 00:00:00,W,14,144708583.18
cn,SK,2019-08-01 00:00:00,S,58,110187507.50000001
cn,SK,2019-08-01 00:00:00,U,71,264634001.09
cn,SK,2019-08-01 00:00:00,W,9,37152395.31999999
cn,SK,2019-09-01 00:00:00,S,46,109276209.90000002
cn,SK,2019-09-01 00:00:00,U,85,193856725.98999998
cn,SK,2019-09-01 00:00:00,W,7,36118538.01
cn,SK,2019-10-01 00:00:00,S,50,154600056.18
cn,SK,2019-10-01 00:00:00,U,89,251804059.96999997
cn,SK,2019-10-01 00:00:00,W,10,577673904.87
cn,SK,2019-11-01 00:00:00,S,60,168686256.29
cn,SK,2019-11-01 00:00:00,U,73,116076905.92
cn,SK,2019-11-01 00:00:00,W,9,61656049.49
cn,SK,2019-12-01 00:00:00,S,60,241445505.15000004
cn,SK,2019-12-01 00:00:00,U,68,208495868.68
cn,SK,2019-12-01 00:00:00,W,9,427355374.3
cn,SK,2020-01-01 00:00:00,S,38,136580307.85
cn,SK,2020-01-01 00:00:00,U,63,144503484.75
cn,SK,2020-01-01 00:00:00,W,11,320756811.46
cn,SK,2020-02-01 00:00:00,S,46,166511137.17
cn,SK,2020-02-01 00:00:00,U,68,137523602.96
cn,SK,2020-02-01 00:00:00,W,7,150515245.17000002
cn,SK,2020-03-01 00:00:00,S,45,259218609.66000003
cn,SK,2020-03-01 00:00:00,U,64,99740103.00000001
cn,SK,2020-03-01 00:00:00,W,11,76902365.61999999
cn,SK,2020-04-01 00:00:00,S,18,403182969.54
cn,SK,2020-04-01 00:00:00,U,50,64381226.63000001
cn,SK,2020-04-01 00:00:00,W,4,22249842.53
cn,SK,2020-05-01 00:00:00,S,29,97885821.53
cn,SK,2020-05-01 00:00:00,U,60,66299211.48
cn,SK,2020-05-01 00:00:00,W,6,22974585.869999997
cn,SK,2020-06-01 00:00:00,S,46,207814630.47000003
cn,SK,2020-06-01 00:00:00,U,120,144595785.03
cn,SK,2020-06-01 00:00:00,W,1,11500000.0
cn,SK,2020-07-01 00:00:00,S,46,218878288.77999997
cn,SK,2020-07-01 00:00:00,U,75,84130288.84
cn,SK,2020-07-01 00:00:00,W,11,83874623.32
cn,SK,2020-08-01 00:00:00,S,35,201792213.86
cn,SK,2020-08-01 00:00:00,U,108,120860936.76999998
cn,SK,2020-08-01 00:00:00,W,7,29578678.16
cn,SK,2020-09-01 00:00:00,S,48,605115166.3
cn,SK,2020-09-01 00:00:00,U,92,96347527.83000003
cn,SK,2020-09-01 00:00:00,W,3,7541843.44
cn,SK,2020-10-01 00:00:00,S,44,165652113.21
cn,SK,2020-10-01 00:00:00,U,122,464605577.61
cn,SK,2020-10-01 00:00:00,W,7,94700269.34
cn,SK,2020-11-01 00:00:00,S,43,158728493.71
cn,SK,2020-11-01 00:00:00,U,88,283406865.54
cn,SK,2020-11-01 00:00:00,W,6,49285569.82000001
cn,SK,2020-12-01 00:00:00,S,31,306977466.21000004
cn,SK,2020-12-01 00:00:00,U,66,71472542.36
cn,SK,2020-12-01 00:00:00,W,12,319311662.58
cn,SK,2021-01-01 00:00:00,S,40,93613613.71
cn,SK,2021-01-01 00:00:00,U,79,269230668.63
cn,SK,2021-01-01 00:00:00,W,4,12283378.75
cn,SK,2021-02-01 00:00:00,S,29,77106215.93
cn,SK,2021-02-01 00:00:00,U,92,234159356.66
cn,SK,2021-02-01 00:00:00,W,7,38314514.849999994
cn,SK,2021-03-01 00:00:00,S,51,314572473.40999997
cn,SK,2021-03-01 00:00:00,U,97,183163388.53
cn,SK,2021-03-01 00:00:00,W,11,114267483.28999999
cn,SK,2021-04-01 00:00:00,S,31,46941620.99
cn,SK,2021-04-01 00:00:00,U,80,121811156.46000001
cn,SK,2021-04-01 00:00:00,W,5,42867312.83
cn,SK,2021-05-01 00:00:00,S,42,75000295.21000001
cn,SK,2021-05-01 00:00:00,U,101,136824071.53
cn,SK,2021-05-01 00:00:00,W,7,58626572.37
cn,SK,2021-06-01 00:00:00,S,49,119075867.33
cn,SK,2021-06-01 00:00:00,U,96,125648005.41
cn,SK,2021-06-01 00:00:00,W,17,171887217.42999998
cn,SK,2021-07-01 00:00:00,S,70,915296994.3599999
cn,SK,2021-07-01 00:00:00,U,81,166204083.01000002
cn,SK,2021-07-01 00:00:00,W,19,103762645.88000001
cn,SK,2021-08-01 00:00:00,S,51,150946345.29
cn,SK,2021-08-01 00:00:00,U,113,272880818.19000006
cn,SK,2021-08-01 00:00:00,W,14,53243260.54000001
cn,SK,2021-09-01 00:00:00,S,33,69162091.8
cn,SK,2021-09-01 00:00:00,U,97,170137920.04
cn,SK,2021-09-01 00:00:00,W,12,170336538.46000004
cn,SK,2021-10-01 00:00:00,S,63,179909806.58
cn,SK,2021-10-01 00:00:00,U,137,319154207.64000005
cn,SK,2021-10-01 00:00:00,W,23,162914891.85000002
cn,SK,2021-11-01 00:00:00,S,51,1453969807.5300002
cn,SK,2021-11-01 00:00:00,U,80,189357311.48999998
cn,SK,2021-11-01 00:00:00,W,12,65190934.010000005
cn,SK,2021-12-01 00:00:00,S,59,145257960.44
cn,SK,2021-12-01 00:00:00,U,100,191034342.01000002
cn,SK,2021-12-01 00:00:00,W,24,172887092.24
cn,SK,2022-01-01 00:00:00,S,30,60076675.18000001
cn,SK,2022-01-01 00:00:00,U,96,163683275.24
cn,SK,2022-01-01 00:00:00,W,19,168630995.54000002
cn,SK,2022-02-01 00:00:00,S,50,175354631.16
cn,SK,2022-02-01 00:00:00,U,88,133268263.32
cn,SK,2022-02-01 00:00:00,W,19,444797436.65000004
cn,SK,2022-03-01 00:00:00,S,92,186920890.32
cn,SK,2022-03-01 00:00:00,U,173,382660876.23
cn,SK,2022-03-01 00:00:00,W,41,218036204.20999998
cn,SK,2022-04-01 00:00:00,S,19,19592501.71
cn,SK,2022-04-01 00:00:00,U,62,199934978.35999995
cn,SK,2022-04-01 00:00:00,W,8,52505779.47
cn,SK,2022-05-01 00:00:00,S,52,108054323.64999999
cn,SK,2022-05-01 00:00:00,U,95,317362935.44
cn,SK,2022-05-01 00:00:00,W,12,55685798.50000001
cn,SK,2022-06-01 00:00:00,S,74,169912669.53
cn,SK,2022-06-01 00:00:00,U,142,651566096.13
cn,SK,2022-06-01 00:00:00,W,15,118920930.3
cn,SK,2022-07-01 00:00:00,S,41,108214804.47000001
cn,SK,2022-07-01 00:00:00,U,131,247926570.47999996
cn,SK,2022-07-01 00:00:00,W,22,743064357.99
cn,SK,2022-08-01 00:00:00,S,69,129114724.83999999
cn,SK,2022-08-01 00:00:00,U,134,393000083.84000003
cn,SK,2022-08-01 00:00:00,W,8,60449044.9
cn,SK,2022-09-01 00:00:00,S,78,652766519.4500002
cn,SK,2022-09-01 00:00:00,U,149,872168954.37
cn,SK,2022-09-01 00:00:00,W,26,87973390.7
cn,SK,2022-10-01 00:00:00,S,83,664060092.7700001
cn,SK,2022-10-01 00:00:00,U,171,298888309.28
cn,SK,2022-10-01 00:00:00,W,14,66737114.7
cn,SK,2022-11-01 00:00:00,S,77,888180366.2600002
cn,SK,2022-11-01 00:00:00,U,140,167083179.01
cn,SK,2022-11-01 00:00:00,W,6,18997217.52
cn,SK,2022-12-01 00:00:00,S,57,223451453.99
cn,SK,2022-12-01 00:00:00,U,124,244336593.52000004
cn,SK,2022-12-01 00:00:00,W,22,527715308.87
cn,SK,2023-01-01 00:00:00,S,63,112780722.33
cn,SK,2023-01-01 00:00:00,U,92,132530582.05
cn,SK,2023-01-01 00:00:00,W,13,85739081.51
cn,SK,2023-02-01 00:00:00,S,73,637242498.1500001
cn,SK,2023-02-01 00:00:00,U,117,180433410.17000002
cn,SK,2023-02-01 00:00:00,W,10,43762319.22
cn,SK,2023-03-01 00:00:00,S,89,249387031.26999998
cn,SK,2023-03-01 00:00:00,U,144,261829570.18
cn,SK,2023-03-01 00:00:00,W,30,312557304.73
cn,SK,2023-04-01 00:00:00,S,49,707426827.75
cn,SK,2023-04-01 00:00:00,U,116,225293014.95
cn,SK,2023-04-01 00:00:00,W,27,82139973.72
cn,SK,2023-05-01 00:00:00,S,75,174557818.81
cn,SK,2023-05-01 00:00:00,U,128,251977252.30999997
cn,SK,2023-05-01 00:00:00,W,25,134264392.73
cn,SK,2023-06-01 00:00:00,S,82,338609572.06000006
cn,SK,2023-06-01 00:00:00,U,121,152875011.89999998
cn,SK,2023-06-01 00:00:00,W,32,141737648.72000003
cn,SK,2023-07-01 00:00:00,S,57,244180596.39000002
cn,SK,2023-07-01 00:00:00,U,142,383181613.95000005
cn,SK,2023-07-01 00:00:00,W,22,150350133.55
cn,SK,2023-08-01 00:00:00,S,76,271113827.88
cn,SK,2023-08-01 00:00:00,U,133,287512477.15000004
cn,SK,2023-08-01 00:00:00,W,23,416545435.27000004
cn,SK,2023-09-01 00:00:00,S,59,152375855.42
cn,SK,2023-09-01 00:00:00,U,132,290463601.17
cn,SK,2023-09-01 00:00:00,W,19,412134668.7900001
cn,UK,2016-01-01 00:00:00,S,608,6633280663.54
cn,UK,2016-01-01 00:00:00,U,170,1045674548.02
cn,UK,2016-01-01 00:00:00,W,55,1714312217.6599998
cn,UK,2016-02-01 00:00:00,S,585,18905899326.269997
cn,UK,2016-02-01 00:00:00,U,178,2449871590.61
cn,UK,2016-02-01 00:00:00,W,69,7879635196.769999
cn,UK,2016-03-01 00:00:00,S,686,7259691879.67
cn,UK,2016-03-01 00:00:00,U,209,20452793788.75
cn,UK,2016-03-01 00:00:00,W,68,2084593619.1400003
cn,UK,2016-04-01 00:00:00,S,708,8100863559.63
cn,UK,2016-04-01 00:00:00,U,199,3170811487.4900002
cn,UK,2016-04-01 00:00:00,W,68,4956000903.06
cn,UK,2016-05-01 00:00:00,S,642,67483875040.75
cn,UK,2016-05-01 00:00:00,U,166,3418036037.6000004
cn,UK,2016-05-01 00:00:00,W,76,2565863540.339999
cn,UK,2016-06-01 00:00:00,S,639,6805768283.49
cn,UK,2016-06-01 00:00:00,U,182,2055389932.91
cn,UK,2016-06-01 00:00:00,W,63,2226854790.8900003
cn,UK,2016-07-01 00:00:00,S,592,11180181908.069994
cn,UK,2016-07-01 00:00:00,U,196,3467806426.0800004
cn,UK,2016-07-01 00:00:00,W,87,9543442878.179998
cn,UK,2016-08-01 00:00:00,S,625,7234827176.3
cn,UK,2016-08-01 00:00:00,U,186,10386185805.61
cn,UK,2016-08-01 00:00:00,W,88,3958458355.37
cn,UK,2016-09-01 00:00:00,S,594,12150869485.320002
cn,UK,2016-09-01 00:00:00,U,196,5461486761.2300005
cn,UK,2016-09-01 00:00:00,W,78,15171499963.479998
cn,UK,2016-10-01 00:00:00,S,675,17934189595.6
cn,UK,2016-10-01 00:00:00,U,205,3321833366.31
cn,UK,2016-10-01 00:00:00,W,77,3100296361.17
cn,UK,2016-11-01 00:00:00,S,702,23825716998.84
cn,UK,2016-11-01 00:00:00,U,241,3945245786.85
cn,UK,2016-11-01 00:00:00,W,98,14959500889.590002
cn,UK,2016-12-01 00:00:00,S,645,10975579384.140001
cn,UK,2016-12-01 00:00:00,U,195,1672484029.1499999
cn,UK,2016-12-01 00:00:00,W,69,14496655606.02
cn,UK,2017-01-01 00:00:00,S,610,5811117370.0199995
cn,UK,2017-01-01 00:00:00,U,184,2517378566.8700004
cn,UK,2017-01-01 00:00:00,W,62,3916147008.3900003
cn,UK,2017-02-01 00:00:00,S,585,5651187529.01
cn,UK,2017-02-01 00:00:00,U,197,2651231318.5
cn,UK,2017-02-01 00:00:00,W,93,2806549138.19
cn,UK,2017-03-01 00:00:00,S,706,21653518731.75
cn,UK,2017-03-01 00:00:00,U,167,3588323961.29
cn,UK,2017-03-01 00:00:00,W,87,12757075152.569998
cn,UK,2017-04-01 00:00:00,S,537,22822171868.33
cn,UK,2017-04-01 00:00:00,U,152,26817161964.42001
cn,UK,2017-04-01 00:00:00,W,55,4225572436.59
cn,UK,2017-05-01 00:00:00,S,660,61168500777.759995
cn,UK,2017-05-01 00:00:00,U,172,3487965726.9900002
cn,UK,2017-05-01 00:00:00,W,67,7646962786.41
cn,UK,2017-06-01 00:00:00,S,693,15905474322.43
cn,UK,2017-06-01 00:00:00,U,194,3547204494.9
cn,UK,2017-06-01 00:00:00,W,73,1515056251.53
cn,UK,2017-07-01 00:00:00,S,618,18306523615.12
cn,UK,2017-07-01 00:00:00,U,209,28270937736.51
cn,UK,2017-07-01 00:00:00,W,82,28574118751.659996
cn,UK,2017-08-01 00:00:00,S,570,14246789837.87
cn,UK,2017-08-01 00:00:00,U,210,3111895258.859999
cn,UK,2017-08-01 00:00:00,W,85,10007148258.289997
cn,UK,2017-09-01 00:00:00,S,561,9090190248.949999
cn,UK,2017-09-01 00:00:00,U,210,3343729733.3800006
cn,UK,2017-09-01 00:00:00,W,73,8414048886.170001
cn,UK,2017-10-01 00:00:00,S,726,16799738480.509998
cn,UK,2017-10-01 00:00:00,U,197,2387959245.79
cn,UK,2017-10-01 00:00:00,W,85,8882404879.81
cn,UK,2017-11-01 00:00:00,S,737,27500835097.479996
cn,UK,2017-11-01 00:00:00,U,181,4000925493.3799996
cn,UK,2017-11-01 00:00:00,W,85,5625779016.04
cn,UK,2017-12-01 00:00:00,S,611,8428627996.53
cn,UK,2017-12-01 00:00:00,U,163,1411217371.9900002
cn,UK,2017-12-01 00:00:00,W,77,5358691205.32
cn,UK,2018-01-01 00:00:00,S,664,22678291438.89
cn,UK,2018-01-01 00:00:00,U,192,995191516.9199998
cn,UK,2018-01-01 00:00:00,W,63,74404522038.84001
cn,UK,2018-02-01 00:00:00,S,582,29681738880.77
cn,UK,2018-02-01 00:00:00,U,134,1171925472.76
cn,UK,2018-02-01 00:00:00,W,65,16926913256.37
cn,UK,2018-03-01 00:00:00,S,679,8378732407.960001
cn,UK,2018-03-01 00:00:00,U,162,2164533311.4800005
cn,UK,2018-03-01 00:00:00,W,85,13052427228.11
cn,UK,2018-04-01 00:00:00,S,533,20778268961.209995
cn,UK,2018-04-01 00:00:00,U,164,3738649638.84
cn,UK,2018-04-01 00:00:00,W,55,1750165470.0700002
cn,UK,2018-05-01 00:00:00,S,673,15020371862.830002
cn,UK,2018-05-01 00:00:00,U,198,4571329595.369999
cn,UK,2018-05-01 00:00:00,W,95,5785164449.390001
cn,UK,2018-06-01 00:00:00,S,670,19745724733.269997
cn,UK,2018-06-01 00:00:00,U,178,6576402572.459999
cn,UK,2018-06-01 00:00:00,W,70,9647604667.1
cn,UK,2018-07-01 00:00:00,S,676,40236385041.84999
cn,UK,2018-07-01 00:00:00,U,190,4182406745.96
cn,UK,2018-07-01 00:00:00,W,73,5700362327.799999
cn,UK,2018-08-01 00:00:00,S,608,81938518912.74002
cn,UK,2018-08-01 00:00:00,U,193,1531722830.6799998
cn,UK,2018-08-01 00:00:00,W,97,21824328431.05
cn,UK,2018-09-01 00:00:00,S,599,24327054444.8
cn,UK,2018-09-01 00:00:00,U,173,3642341918.0399995
cn,UK,2018-09-01 00:00:00,W,79,10004638783.349998
cn,UK,2018-10-01 00:00:00,S,826,13605488793.719997
cn,UK,2018-10-01 00:00:00,U,195,2519956530.4500003
cn,UK,2018-10-01 00:00:00,W,79,3916437222.31
cn,UK,2018-11-01 00:00:00,S,757,25125266900.859997
cn,UK,2018-11-01 00:00:00,U,196,3341929554.31
cn,UK,2018-11-01 00:00:00,W,114,11835589512.840002
cn,UK,2018-12-01 00:00:00,S,578,12912856330167.83
cn,UK,2018-12-01 00:00:00,U,141,8034403719.690001
cn,UK,2018-12-01 00:00:00,W,73,6068247943.650002
cn,UK,2019-01-01 00:00:00,S,651,17200765461.95
cn,UK,2019-01-01 00:00:00,U,209,1376906746.9099998
cn,UK,2019-01-01 00:00:00,W,74,37221564874.62
cn,UK,2019-02-01 00:00:00,S,642,1150370650870.4202
cn,UK,2019-02-01 00:00:00,U,156,3185339640.74
cn,UK,2019-02-01 00:00:00,W,92,11854101246.530003
cn,UK,2019-03-01 00:00:00,S,634,11176092516.400003
cn,UK,2019-03-01 00:00:00,U,191,6584687190.02
cn,UK,2019-03-01 00:00:00,W,79,23797953683.760002
cn,UK,2019-04-01 00:00:00,S,661,20030721863.6
cn,UK,2019-04-01 00:00:00,U,158,9313001937.91
cn,UK,2019-04-01 00:00:00,W,81,5920313993.389999
cn,UK,2019-05-01 00:00:00,S,638,22688358202.4
cn,UK,2019-05-01 00:00:00,U,176,9975439308.289999
cn,UK,2019-05-01 00:00:00,W,78,9316589187.42
cn,UK,2019-06-01 00:00:00,S,626,11436026277328.95
cn,UK,2019-06-01 00:00:00,U,168,4026018949.4500003
cn,UK,2019-06-01 00:00:00,W,82,13212453744.19
cn,UK,2019-07-01 00:00:00,S,678,24745630603.57
cn,UK,2019-07-01 00:00:00,U,206,1122047811.74
cn,UK,2019-07-01 00:00:00,W,92,10435205583.51
cn,UK,2019-08-01 00:00:00,S,582,12646142452.830002
cn,UK,2019-08-01 00:00:00,U,189,2811768912.7599993
cn,UK,2019-08-01 00:00:00,W,89,14182063236.369999
cn,UK,2019-09-01 00:00:00,S,627,2294934076111.1187
cn,UK,2019-09-01 00:00:00,U,170,2260079154.34
cn,UK,2019-09-01 00:00:00,W,72,13448489959.12
cn,UK,2019-10-01 00:00:00,S,771,22463062453.209995
cn,UK,2019-10-01 00:00:00,U,211,22878521250.829998
cn,UK,2019-10-01 00:00:00,W,79,5014495061.389999
cn,UK,2019-11-01 00:00:00,S,712,21512680524.480003
cn,UK,2019-11-01 00:00:00,U,208,7845163749.77
cn,UK,2019-11-01 00:00:00,W,97,5174177273.090001
cn,UK,2019-12-01 00:00:00,S,610,8986019451.32
cn,UK,2019-12-01 00:00:00,U,151,2906061339.1399994
cn,UK,2019-12-01 00:00:00,W,57,2653111931.3699994
cn,UK,2020-01-01 00:00:00,S,671,10461343092.37
cn,UK,2020-01-01 00:00:00,U,176,2325527131.140001
cn,UK,2020-01-01 00:00:00,W,91,17930835768.11
cn,UK,2020-02-01 00:00:00,S,630,14422294397.32
cn,UK,2020-02-01 00:00:00,U,165,7147294873.740001
cn,UK,2020-02-01 00:00:00,W,82,4779414924.17
cn,UK,2020-03-01 00:00:00,S,406,5494619660.57
cn,UK,2020-03-01 00:00:00,U,145,6435534357.299998
cn,UK,2020-03-01 00:00:00,W,49,6401096741.589999
cn,UK,2020-04-01 00:00:00,S,232,10285293879.970003
cn,UK,2020-04-01 00:00:00,U,72,956020377.6099999
cn,UK,2020-04-01 00:00:00,W,54,7102647722.77
cn,UK,2020-05-01 00:00:00,S,272,6004926427.93
cn,UK,2020-05-01 00:00:00,U,89,6125267049.42
cn,UK,2020-05-01 00:00:00,W,50,5422312464.9
cn,UK,2020-06-01 00:00:00,S,365,21074894863.86
cn,UK,2020-06-01 00:00:00,U,152,11820485580.71
cn,UK,2020-06-01 00:00:00,W,73,9372910355.15
cn,UK,2020-07-01 00:00:00,S,454,15928192470.440002
cn,UK,2020-07-01 00:00:00,U,195,3713153333.35
cn,UK,2020-07-01 00:00:00,W,63,12061921061.019999
cn,UK,2020-08-01 00:00:00,S,422,12994115460.990002
cn,UK,2020-08-01 00:00:00,U,170,3233868641.2000003
cn,UK,2020-08-01 00:00:00,W,66,7456727844.2
cn,UK,2020-09-01 00:00:00,S,502,7636314683.520001
cn,UK,2020-09-01 00:00:00,U,167,13378410982.699999
cn,UK,2020-09-01 00:00:00,W,78,79937091878.15999
cn,UK,2020-10-01 00:00:00,S,595,31526501556.69
cn,UK,2020-10-01 00:00:00,U,206,8746758756.04
cn,UK,2020-10-01 00:00:00,W,78,14837363157.25
cn,UK,2020-11-01 00:00:00,S,587,14953772020.549997
cn,UK,2020-11-01 00:00:00,U,209,34324521613.66
cn,UK,2020-11-01 00:00:00,W,88,17906129921.31
cn,UK,2020-12-01 00:00:00,S,568,17143970950.819998
cn,UK,2020-12-01 00:00:00,U,184,3813776825.86
cn,UK,2020-12-01 00:00:00,W,76,11871891554.429996
cn,UK,2021-01-01 00:00:00,S,12,248554782.45999998
cn,UK,2021-01-01 00:00:00,U,5,2167164.03
cn,UK,2021-01-01 00:00:00,W,4,16885760.82
cn,UK,2021-02-01 00:00:00,S,6,3206863.65
cn,UK,2021-02-01 00:00:00,U,11,3602745.4700000007
cn,UK,2021-02-01 00:00:00,W,4,13157282.46
cn,UK,2021-03-01 00:00:00,S,14,217289332.24
cn,UK,2021-03-01 00:00:00,U,6,1570497.9100000001
cn,UK,2021-03-01 00:00:00,W,4,616565844.58
cn,UK,2021-04-01 00:00:00,S,15,81957028.84000002
cn,UK,2021-04-01 00:00:00,U,6,98561036.14
cn,UK,2021-04-01 00:00:00,W,3,10702652.399999999
cn,UK,2021-05-01 00:00:00,S,11,205724848.76000002
cn,UK,2021-05-01 00:00:00,U,5,60032767.559999995
cn,UK,2021-05-01 00:00:00,W,5,1580113308.52
cn,UK,2021-06-01 00:00:00,S,17,31770665.789999995
cn,UK,2021-06-01 00:00:00,U,11,448115402.52000004
cn,UK,2021-06-01 00:00:00,W,3,272859004.19
cn,UK,2021-07-01 00:00:00,S,16,63043928.91
cn,UK,2021-07-01 00:00:00,U,10,40205891.11
cn,UK,2021-07-01 00:00:00,W,5,744532340.62
cn,UK,2021-08-01 00:00:00,S,8,100073739.29
cn,UK,2021-08-01 00:00:00,U,4,873277105.63
cn,UK,2021-09-01 00:00:00,S,11,37220286.150000006
cn,UK,2021-09-01 00:00:00,U,3,457189390.41999996
cn,UK,2021-09-01 00:00:00,W,2,
cn,UK,2021-10-01 00:00:00,S,18,26352481.39
cn,UK,2021-10-01 00:00:00,U,9,11005118.660000002
cn,UK,2021-10-01 00:00:00,W,5,10061789.21
cn,UK,2021-11-01 00:00:00,S,11,88920288.5
cn,UK,2021-11-01 00:00:00,U,13,18134015.820000004
cn,UK,2021-11-01 00:00:00,W,2,24329920.889999997
cn,UK,2021-12-01 00:00:00,S,11,2703431.83
cn,UK,2021-12-01 00:00:00,U,7,756165.66
cn,UK,2021-12-01 00:00:00,W,3,9366654.26
cn,UK,2022-01-01 00:00:00,S,10,38245010.32
cn,UK,2022-01-01 00:00:00,U,10,703455095.38
cn,UK,2022-02-01 00:00:00,S,10,70414863.9
cn,UK,2022-02-01 00:00:00,U,7,26915425.779999997
cn,UK,2022-02-01 00:00:00,W,2,351558864.59000003
cn,UK,2022-03-01 00:00:00,S,6,6404141.470000001
cn,UK,2022-03-01 00:00:00,U,8,2919962.77
cn,UK,2022-03-01 00:00:00,W,1,18914000.0
cn,UK,2022-04-01 00:00:00,S,3,378082.83
cn,UK,2022-04-01 00:00:00,U,10,21981154.029999997
cn,UK,2022-04-01 00:00:00,W,2,232666.36
cn,UK,2022-05-01 00:00:00,S,2,
cn,UK,2022-05-01 00:00:00,U,14,21386277.34
cn,UK,2022-05-01 00:00:00,W,2,5234993.02
cn,UK,2022-06-01 00:00:00,S,9,61773700.54
cn,UK,2022-06-01 00:00:00,U,9,155123313.18
cn,UK,2022-07-01 00:00:00,S,2,47264507.91
cn,UK,2022-07-01 00:00:00,U,1,7677989.76
cn,UK,2022-07-01 00:00:00,W,3,1109585853.8799999
cn,UK,2022-08-01 00:00:00,S,2,2035830.62
cn,UK,2022-08-01 00:00:00,U,3,581665.89
cn,UK,2022-09-01 00:00:00,S,3,4694044.74
cn,UK,2022-09-01 00:00:00,U,10,71672289.44
cn,UK,2022-09-01 00:00:00,W,1,34899953.47
cn,UK,2022-10-01 00:00:00,S,1,5816.66
cn,UK,2022-10-01 00:00:00,U,6,250411819.44
cn,UK,2022-10-01 00:00:00,W,1,
cn,UK,2022-11-01 00:00:00,S,4,18637281151.23
cn,UK,2022-11-01 00:00:00,U,1,
cn,UK,2022-11-01 00:00:00,W,1,
cn,UK,2022-12-01 00:00:00,S,5,4775001.17
cn,UK,2022-12-01 00:00:00,U,5,72835621.21000001
cn,UK,2023-01-01 00:00:00,S,6,67764076.33
cn,UK,2023-01-01 00:00:00,U,13,97137040.49
cn,UK,2023-02-01 00:00:00,S,3,4769661.3100000005
cn,UK,2023-02-01 00:00:00,U,5,23614471.84
cn,UK,2023-03-01 00:00:00,S,1,23266635.64
cn,UK,2023-03-01 00:00:00,U,3,93764541.64
cn,UK,2023-03-01 00:00:00,W,1,69799906.93
cn,UK,2023-04-01 00:00:00,S,3,121500697.99000001
cn,UK,2023-04-01 00:00:00,U,5,585786412.2900001
cn,UK,2023-04-01 00:00:00,W,1,930665.43
cn,UK,2023-05-01 00:00:00,S,2,1067938.57
cn,UK,2023-05-01 00:00:00,U,2,4885993.49
cn,UK,2023-05-01 00:00:00,W,3,40483946.03
cn,UK,2023-06-01 00:00:00,S,3,14849114.48
cn,UK,2023-06-01 00:00:00,U,1,407166.12
cn,UK,2023-07-01 00:00:00,S,5,114125784.09
cn,UK,2023-07-01 00:00:00,W,1,930665.43
cn,UK,2023-08-01 00:00:00,S,3,947634657.98
cn,UK,2023-08-01 00:00:00,U,3,6979990693.35
cn,UK,2023-08-01 00:00:00,W,1,6514657.98
cn,UK,2023-09-01 00:00:00,S,1,3722661.7
cn,UK,2023-09-01 00:00:00,U,2,38389948.81
