type,country,year,cofog,procedures,value_eur,share_procedures,share_value
can,AT,2016,01,543,384016071,0.204905660377359,0.145944840398417
can,AT,2016,02,11,17192905,0.00415094339622642,0.00653414261980234
can,AT,2016,03,60,12112577,0.0226415094339623,0.00460337014665861
can,AT,2016,04,540,1008537923,0.20377358490566,0.383293610146815
can,AT,2016,05,70,58569547,0.0264150943396226,0.0222592850524804
can,AT,2016,06,142,40136039,0.0535849056603774,0.0152536527724633
can,AT,2016,07,453,374131532,0.170943396226415,0.142188233381918
can,AT,2016,08,68,30052268,0.0256603773584906,0.0114213278768493
can,AT,2016,09,282,143706411,0.106415094339623,0.0546154465957866
can,AT,2016,10,43,26020705,0.0162264150943396,0.00988913726550596
can,AT,2016,unresolved,438,536765181,0.165283018867925,0.203996953743304
can,AT,2017,01,432,442123398,0.171769383697813,0.148458302913122
can,AT,2017,02,17,13799036,0.00675944333996024,0.00463350611088237
can,AT,2017,03,87,81682499,0.0345924453280318,0.0274277390296426
can,AT,2017,04,516,955741404,0.205168986083499,0.320923406233399
can,AT,2017,05,80,246409199,0.0318091451292247,0.0827404558799708
can,AT,2017,06,175,95236584,0.0695825049701789,0.0319789943256588
can,AT,2017,07,374,301902232,0.148707753479125,0.101374171127681
can,AT,2017,08,65,25422768,0.025844930417495,0.00853657827137669
can,AT,2017,09,325,306651421,0.129224652087475,0.102968876457331
can,AT,2017,10,44,48850398,0.0174950298210736,0.0164032195909943
can,AT,2017,unresolved,400,460279216,0.159045725646123,0.154554750059942
can,AT,2018,01,395,477008383,0.141424991049051,0.081648634013209
can,AT,2018,02,26,25957481,0.00930898675259578,0.00444309354218168
can,AT,2018,03,79,49161579,0.0282849982098102,0.00841489565872568
can,AT,2018,04,599,3133475223,0.214464733261726,0.536351101553252
can,AT,2018,05,99,180226379,0.0354457572502685,0.0308490126860032
can,AT,2018,06,139,254890677,0.0497672753311851,0.0436291611247261
can,AT,2018,07,505,662850494,0.180809165771572,0.113458881057193
can,AT,2018,08,84,43020925,0.0300751879699248,0.0073638113823981
can,AT,2018,09,312,268184293,0.111707841031149,0.0459046045470614
can,AT,2018,10,58,52176714,0.020766201217329,0.00893099068533115
can,AT,2018,unresolved,497,695256834,0.177944862155388,0.11900581374992
can,AT,2019,01,494,510768682,0.14702380952381,0.0995686373617075
can,AT,2019,02,30,30585821,0.00892857142857143,0.00596236344725439
can,AT,2019,03,165,83825273,0.0491071428571429,0.0163407986887558
can,AT,2019,04,720,1720039724,0.214285714285714,0.335302491249234
can,AT,2019,05,149,183477463,0.0443452380952381,0.0357668776910114
can,AT,2019,06,132,379925143,0.0392857142857143,0.0740621540064625
can,AT,2019,07,423,521297185,0.125892857142857,0.101621051172718
can,AT,2019,08,73,70462939,0.0217261904761905,0.0137359612442548
can,AT,2019,09,374,248253334,0.111309523809524,0.0483942086858036
can,AT,2019,10,91,131669926,0.0270833333333333,0.0256675782508859
can,AT,2019,unresolved,709,1249509435,0.211011904761905,0.243577878201912
can,AT,2020,01,561,810665007,0.14609375,0.11333689253101
can,AT,2020,02,32,16973552,0.00833333333333333,0.00237302661676812
can,AT,2020,03,140,84229209,0.0364583333333333,0.0117758589873425
can,AT,2020,04,823,3149654231,0.214322916666667,0.440344679992692
can,AT,2020,05,165,200151749,0.04296875,0.0279826772716572
can,AT,2020,06,154,188529345,0.0401041666666667,0.0263577802528816
can,AT,2020,07,693,653219142,0.18046875,0.0913248099483498
can,AT,2020,08,84,154550027,0.021875,0.021607223266717
can,AT,2020,09,363,397982444,0.09453125,0.0556408542312432
can,AT,2020,10,72,62670278,0.01875,0.00876176287522243
can,AT,2020,unresolved,753,1434076920,0.19609375,0.200494434026116
can,AT,2021,01,623,807538156,0.158564520234156,0.0837467795037016
can,AT,2021,03,102,47905527,0.0259608042758972,0.00496810407888345
can,AT,2021,04,892,4160783950,0.227029778569611,0.431499432484018
can,AT,2021,05,128,126539126,0.0325782641893612,0.0131229022492321
can,AT,2021,06,168,382639988,0.0427589717485365,0.0396821703918781
can,AT,2021,07,584,951668487,0.14863833036396,0.0986940002144125
can,AT,2021,08,104,78179695,0.0264698396538559,0.00810772547425195
can,AT,2021,09,425,806469731,0.108170017816238,0.0836359771196577
can,AT,2021,10,87,84883373,0.0221430389412064,0.00880293899346281
can,AT,2021,unresolved,772,2076033419,0.196487655892085,0.215297706605592
can,AT,2021,02,44,119975981,0.0111987783150929,0.0124422628849098
can,AT,2022,01,748,947726115,0.172868037901548,0.0952554007343986
can,AT,2022,02,40,59317382,0.00924428010168708,0.0059619555729193
can,AT,2022,03,72,52737976,0.0166397041830367,0.00530066330165556
can,AT,2022,04,965,2412119513,0.223018257453201,0.242440729651179
can,AT,2022,05,141,80786983,0.032586087358447,0.00811985268527506
can,AT,2022,06,182,614506392,0.0420614744626762,0.0617636801364384
can,AT,2022,07,616,1629997449,0.142361913565981,0.163830095787265
can,AT,2022,08,114,98787995,0.0263461982898082,0.00992912393415767
can,AT,2022,09,385,518136478,0.0889761959787382,0.0520775961175238
can,AT,2022,10,216,1360539554,0.0499191125491102,0.136747039445325
can,AT,2022,unresolved,848,2174660503,0.195978738155766,0.218573862633862
can,AT,2023,01,807,838948228,0.164291530944625,0.0596516181558913
can,AT,2023,02,50,118665711,0.0101791530944625,0.00843747140111887
can,AT,2023,03,105,45544898,0.0213762214983713,0.00323837249280777
can,AT,2023,04,1156,3970184733,0.235342019543974,0.282291488076503
can,AT,2023,05,173,137357197,0.0352198697068404,0.0097664895078693
can,AT,2023,06,251,367891877,0.051099348534202,0.0261581645172247
can,AT,2023,07,597,1092954136,0.121539087947883,0.0777121645968529
can,AT,2023,08,210,190745583,0.0427524429967427,0.013562556427545
can,AT,2023,09,439,1595929799,0.0893729641693811,0.11347517259856
can,AT,2023,10,202,2423227721,0.0411237785016287,0.172298420681404
can,AT,2023,unresolved,922,3282682054,0.187703583061889,0.233408081544223
can,AT,2024,01,844,791375529,0.160425774567573,0.0489018575648933
can,AT,2024,02,61,283427201,0.0115947538490781,0.0175139565293766
can,AT,2024,03,96,86541622,0.0182474814674016,0.00534770904254084
can,AT,2024,04,1894,8400681519,0.360007603117278,0.519107447774228
can,AT,2024,05,182,239709935,0.0345941836152823,0.0148125139945537
can,AT,2024,06,327,721006203,0.0621554837483368,0.0445534911688058
can,AT,2024,07,839,829034590,0.159475384907812,0.0512289424564071
can,AT,2024,08,262,352135306,0.0498004181714503,0.0217596702785867
can,AT,2024,09,477,944440957,0.0906671735411519,0.0583603048934629
can,AT,2024,10,237,3440413278,0.0450484698726478,0.212595150999575
can,AT,2024,unresolved,42,94167769,0.00798327314198822,0.00581895529756995
can,AT,2025,01,689,1569444993,0.133553014150029,0.0857425025882678
can,AT,2025,02,46,108040745,0.00891645667765071,0.00590252216491724
can,AT,2025,03,77,116508673,0.0149253731343284,0.00636514515692755
can,AT,2025,04,1946,8491574455,0.377204884667571,0.463914853934805
can,AT,2025,05,191,619999506,0.0370226788137236,0.0338720436109797
can,AT,2025,06,361,834037288,0.0699748013180849,0.0455654353252327
can,AT,2025,07,812,1412370310,0.157394843962008,0.0771611400851228
can,AT,2025,08,268,299511851,0.051948051948052,0.0163630428426136
can,AT,2025,09,475,1042779173,0.0920721069974801,0.0569694996248551
can,AT,2025,10,290,3803593629,0.0562124442721458,0.207799341827109
can,AT,2025,unresolved,3,5943276,0.000581508044194611,0.00032469526494121
can,AT,2025,unmapped,1,362012,0.000193836014731537,1.97775742287414e-05
can,AT,2026,01,481,670984138,0.134020618556701,0.0591644336530732
can,AT,2026,02,45,286118115,0.0125383115073837,0.0252286384627767
can,AT,2026,03,29,29472599,0.00808024519364726,0.00259876430658504
can,AT,2026,04,1502,5614561868,0.418500975202006,0.495067400729465
can,AT,2026,05,114,101214653,0.031763722485372,0.00892466346520001
can,AT,2026,06,257,509914024,0.0716076901643912,0.0449619785821518
can,AT,2026,07,566,631276333,0.157704095848426,0.0556631738447054
can,AT,2026,08,154,208196173,0.042908888269713,0.0183578239285923
can,AT,2026,09,299,437445793,0.0833101142379493,0.038572048325775
can,AT,2026,10,140,2851805653,0.0390080802451937,0.251459694488899
can,AT,2026,unresolved,2,15653,0.000557258289217052,1.38021277631388e-06
can,BE,2016,01,918,963897090,0.24453915823122,0.271259428063008
can,BE,2016,02,131,86037738,0.0348961108151305,0.0242126964007277
can,BE,2016,03,107,39183331,0.0285029302077784,0.0110269530502095
can,BE,2016,04,635,773420131,0.169152903569526,0.217655499289324
can,BE,2016,05,289,178300062,0.0769845498135322,0.0501771126227997
can,BE,2016,06,144,143519917,0.038359083644113,0.0403893019337473
can,BE,2016,07,583,253712242,0.155301012253596,0.0713995699037783
can,BE,2016,08,75,33488859,0.0199786893979755,0.0094244176407076
can,BE,2016,09,201,76306645,0.0535428875865743,0.0214741771656422
can,BE,2016,10,96,158766452,0.0255727224294086,0.0446799740469317
can,BE,2016,unresolved,575,846781683,0.153169952051145,0.238300869883124
can,BE,2017,01,925,1207822903,0.252387448840382,0.230148783845631
can,BE,2017,02,124,390144794,0.0338335607094134,0.0743414863551433
can,BE,2017,03,117,73169845,0.0319236016371078,0.0139424006608056
can,BE,2017,04,545,1138709173,0.148703956343793,0.216979269617157
can,BE,2017,05,304,369387179,0.0829467939972715,0.0703861549601848
can,BE,2017,06,127,411335115,0.0346521145975443,0.078379269208354
can,BE,2017,07,570,369799376,0.155525238744884,0.0704646984602453
can,BE,2017,08,120,106049606,0.0327421555252387,0.0202075882048482
can,BE,2017,09,226,223906323,0.0616643929058663,0.0426650031273641
can,BE,2017,10,108,141210970,0.0294679399727149,0.0269075316674649
can,BE,2017,unresolved,499,816473777,0.136152796725784,0.155577813892803
can,BE,2018,01,1010,1214428656,0.237312030075188,0.221045430016806
can,BE,2018,02,132,79382516,0.031015037593985,0.0144488869711223
can,BE,2018,03,141,71122469,0.0331296992481203,0.0129454263667853
can,BE,2018,04,658,1644251973,0.154605263157895,0.299280145138281
can,BE,2018,05,375,353194719,0.0881109022556391,0.0642870852522275
can,BE,2018,06,172,419663388,0.0404135338345865,0.0763854456204218
can,BE,2018,07,674,489932279,0.158364661654135,0.0891755071453691
can,BE,2018,08,129,379446352,0.0303101503759399,0.0690653021334409
can,BE,2018,09,262,264422087,0.0615601503759399,0.0481290470527701
can,BE,2018,10,132,101312176,0.031015037593985,0.018440435672541
can,BE,2018,unresolved,571,476866292,0.134163533834586,0.0867972886302347
can,BE,2019,01,1125,1849035410,0.234033700852923,0.233968975809388
can,BE,2019,02,113,324512244,0.0235073850634491,0.0410623814750451
can,BE,2019,03,148,83895932,0.030788433534429,0.0106158298421197
can,BE,2019,04,689,2515349065,0.143332639900146,0.318281435476216
can,BE,2019,05,417,765212898,0.0867484917828167,0.0968267438540801
can,BE,2019,06,218,394226617,0.0453505304763886,0.0498837379303028
can,BE,2019,07,799,711965728,0.166215935094654,0.0900890763317213
can,BE,2019,08,156,112640634,0.0324526731849386,0.0142530606114786
can,BE,2019,09,356,259579956,0.0740586644476805,0.0328461294562045
can,BE,2019,10,134,145106681,0.027876014146037,0.0183611743469367
can,BE,2019,unresolved,652,741383345,0.135635531516538,0.0938114548665071
can,BE,2020,01,1089,1539223774,0.243515205724508,0.254210467935765
can,BE,2020,02,137,256526111,0.0306350626118068,0.0423665641192545
can,BE,2020,03,144,52562430,0.0322003577817531,0.00868094694991431
can,BE,2020,04,629,1618786462,0.140652951699463,0.267350641891204
can,BE,2020,05,386,386016306,0.0863148479427549,0.0637525143755319
can,BE,2020,06,225,435576637,0.0503130590339893,0.0719376497323103
can,BE,2020,07,675,613108981,0.150939177101968,0.101258000031144
can,BE,2020,08,157,61924384,0.0351073345259392,0.0102271202531946
can,BE,2020,09,303,327499030,0.0677549194991055,0.054088094967801
can,BE,2020,10,121,181157230,0.0270572450805009,0.0299190182650122
can,BE,2020,unresolved,606,582537583,0.135509838998211,0.0962089814788681
can,BE,2021,01,1169,1750711984,0.262814748201439,0.228508747780605
can,BE,2021,02,107,1557428648,0.0240557553956835,0.203280764263119
can,BE,2021,03,129,78801978,0.0290017985611511,0.0102854961181409
can,BE,2021,04,612,925817349,0.137589928057554,0.120840757947053
can,BE,2021,05,398,586446536,0.0894784172661871,0.0765449513148667
can,BE,2021,06,215,377340117,0.0483363309352518,0.0492516864059217
can,BE,2021,07,682,472055578,0.153327338129496,0.0616142632240243
can,BE,2021,08,169,283405203,0.0379946043165468,0.0369909891769143
can,BE,2021,09,258,498247391,0.0580035971223022,0.0650329057222948
can,BE,2021,10,69,83722023,0.0155125899280576,0.0109276767465076
can,BE,2021,unresolved,640,1047489115,0.143884892086331,0.136721761300552
can,BE,2022,01,1145,1659048600,0.257476950753317,0.237870091114747
can,BE,2022,02,124,1194270403,0.0278839667191365,0.171231397065315
can,BE,2022,03,123,44151587,0.0276590960197886,0.00633034018566464
can,BE,2022,04,612,1521280497,0.137620868000899,0.218117257344045
can,BE,2022,05,388,398190799,0.0872498313469755,0.0570915653942771
can,BE,2022,06,221,314718200,0.0496964245558804,0.0451234803546256
can,BE,2022,07,683,541236021,0.153586687654599,0.0776010188187694
can,BE,2022,08,158,101731171,0.0355295704969642,0.0145859518009176
can,BE,2022,09,321,264878119,0.0721834944906679,0.0379775386331858
can,BE,2022,10,98,161380721,0.0220373285360917,0.0231383497797675
can,BE,2022,unresolved,574,773713304,0.12907578142568,0.110933009508686
can,BE,2023,01,1332,2350860422,0.294820717131474,0.337641508137303
can,BE,2023,02,79,152923719,0.017485613103143,0.0219636158020806
can,BE,2023,03,147,96553672,0.0325365205843293,0.0138674874633941
can,BE,2023,04,607,1339997395,0.134351482957061,0.192456658470154
can,BE,2023,05,369,422520663,0.0816733067729084,0.0606843828495459
can,BE,2023,06,178,408583089,0.0393979637007525,0.0586826036451762
can,BE,2023,07,682,585217764,0.15095174856131,0.0840516972324527
can,BE,2023,08,161,170843808,0.035635236830456,0.024537382334237
can,BE,2023,09,356,289274134,0.0787959274015051,0.0415468965978756
can,BE,2023,10,123,82154907,0.0272244355909695,0.0117994698625114
can,BE,2023,unresolved,484,1063663489,0.107127047366091,0.152768297605269
can,BE,2024,01,2255,4154104780,0.425311203319502,0.457630336855154
can,BE,2024,02,87,332781388,0.0164089023010185,0.0366603315888353
can,BE,2024,03,181,131669577,0.0341380611090155,0.0145051692403593
can,BE,2024,04,598,1397140965,0.112787627310449,0.153913809185883
can,BE,2024,05,441,474462464,0.0831761599396454,0.0522684016712372
can,BE,2024,06,187,653096465,0.0352697095435685,0.0719473318814217
can,BE,2024,07,824,1255071077,0.155413051678612,0.138262906248761
can,BE,2024,08,156,149577979,0.029422859298378,0.0164780198240169
can,BE,2024,09,464,444491294,0.0875141456054319,0.0489666754632037
can,BE,2024,10,103,76094753,0.0194266314598265,0.00838285726829927
can,BE,2024,unresolved,6,8933645,0.001131648434553,0.000984160772828258
can,BE,2025,01,2097,5546900923,0.367572304995618,0.454588708468466
can,BE,2025,02,133,755815433,0.0233128834355828,0.0619418241460457
can,BE,2025,03,190,292791608,0.0333041191936897,0.0239953373566189
can,BE,2025,04,783,2679369737,0.137248028045574,0.21958409662626
can,BE,2025,05,472,642562934,0.0827344434706398,0.052660369877093
can,BE,2025,06,240,684607085,0.042068361086766,0.0561060409945439
can,BE,2025,07,923,653039926,0.161787905346188,0.0535189974833958
can,BE,2025,08,227,371356177,0.0397896581945662,0.0304339895786196
can,BE,2025,09,504,450792852,0.0883435582822086,0.0369441140597594
can,BE,2025,10,122,101689664,0.021384750219106,0.00833383787885485
can,BE,2025,unresolved,8,22602589,0.0014022787028922,0.00185236438944658
can,BE,2025,unmapped,6,491975,0.00105170902716915,4.03191408956727e-05
can,BE,2026,01,1651,3371776191,0.372182146077547,0.41342302972272
can,BE,2026,02,81,1198194184,0.0182596934174932,0.146913982923199
can,BE,2026,03,166,119919592,0.0374211000901713,0.0147036808611691
can,BE,2026,04,655,1074801517,0.147655545536519,0.131784458498395
can,BE,2026,05,367,675396696,0.0827321911632101,0.0828123020354511
can,BE,2026,06,181,581626833,0.0408025247971145,0.0713149135190896
can,BE,2026,07,672,536103610,0.151487826871055,0.06573318219729
can,BE,2026,08,196,94877443,0.0441839495040577,0.0116331920375093
can,BE,2026,09,347,365640889,0.0782236248872859,0.0448322651201996
can,BE,2026,10,108,133613838,0.024346257889991,0.0163827711537574
can,BE,2026,unresolved,11,3802391,0.00247971145175834,0.000466221931220228
can,BE,2026,unmapped,1,0,0.000225428313796213,0
can,BG,2016,01,1180,477116634,0.206005586592179,0.151313123175492
can,BG,2016,02,65,46168480,0.0113477653631285,0.0146419059895221
can,BG,2016,03,202,71619447,0.0352653631284916,0.0227134445404216
can,BG,2016,04,1768,1326182584,0.308659217877095,0.420586528295269
can,BG,2016,05,99,160263622,0.0172835195530726,0.0508261239456944
can,BG,2016,06,150,73179845,0.0261871508379888,0.0232083103194604
can,BG,2016,07,1057,716874034,0.184532122905028,0.227349962835196
can,BG,2016,08,28,23887163,0.00488826815642458,0.00757559259049446
can,BG,2016,09,247,34192527,0.0431215083798883,0.0108438433727556
can,BG,2016,10,40,21668346,0.00698324022346369,0.00687191532145824
can,BG,2016,unresolved,892,202021504,0.15572625698324,0.0640692496142362
can,BG,2017,01,1842,532452412,0.218557190317988,0.173980135646187
can,BG,2017,02,87,23667951,0.0103227337446607,0.00773356122095527
can,BG,2017,03,366,132307451,0.0434266729947793,0.0432317851383518
can,BG,2017,04,2771,1242262766,0.328785002373042,0.405912415205449
can,BG,2017,05,146,160354636,0.0173232083531087,0.052396271843304
can,BG,2017,06,229,55942507,0.027171333649739,0.0182793518010164
can,BG,2017,07,1404,644220947,0.166587565258662,0.210500779448389
can,BG,2017,08,44,45213819,0.00522069292833413,0.0147737266005701
can,BG,2017,09,348,59124845,0.0412909349786426,0.019319188572217
can,BG,2017,10,74,15733818,0.00878025628856194,0.0051410637423733
can,BG,2017,unresolved,1117,149139568,0.132534409112482,0.0487317207811872
can,BG,2018,01,1833,620038279,0.201672351193751,0.170924854961744
can,BG,2018,02,114,67230492,0.0125426339531302,0.0185333107379112
can,BG,2018,03,353,89869356,0.0388381560127627,0.0247741263081038
can,BG,2018,04,3011,1445865244,0.331279568709429,0.39857911276624
can,BG,2018,05,177,178918771,0.0194740895588074,0.0493222209319571
can,BG,2018,06,240,95570893,0.0264055451644845,0.0263458589217027
can,BG,2018,07,1481,743745497,0.16294421828584,0.205027004797513
can,BG,2018,08,62,17090691,0.00682143250082517,0.00471136053903372
can,BG,2018,09,335,65730067,0.0368577401254263,0.0181196912337741
can,BG,2018,10,109,26180898,0.0119925184288701,0.00721724181390131
can,BG,2018,unresolved,1374,277308767,0.151171746066674,0.0764452169881192
can,BG,2019,01,1900,455886217,0.190533493782591,0.0706727452563272
can,BG,2019,02,131,101939316,0.0131367829923787,0.0158029153824412
can,BG,2019,03,364,69423868,0.0365022061772964,0.010762280487793
can,BG,2019,04,3266,4040767359,0.327517047733654,0.626410958598226
can,BG,2019,05,258,271449256,0.0258724428399519,0.0420808162298698
can,BG,2019,06,290,152864608,0.0290814279983955,0.0236974953333417
can,BG,2019,07,1539,735502248,0.154332129963899,0.114019597588229
can,BG,2019,08,103,15790906,0.0103289209787405,0.00244795002675988
can,BG,2019,09,397,117295911,0.0398114721219414,0.0181835373138992
can,BG,2019,10,75,17399374,0.00752105896510229,0.00269729919542964
can,BG,2019,unresolved,1649,472346117,0.165363016446049,0.0732244045876832
can,BG,2020,01,1472,372858724,0.155176048914189,0.061705624896272
can,BG,2020,02,151,38298411,0.0159181952350833,0.00633813085539942
can,BG,2020,03,323,73658225,0.0340501792114695,0.012189943562579
can,BG,2020,04,3116,3405452901,0.328484081804765,0.563579677194377
can,BG,2020,05,226,372659522,0.0238245835968796,0.0616726582976667
can,BG,2020,06,369,233934696,0.038899430740038,0.0387146274780456
can,BG,2020,07,1594,920716467,0.168037107316045,0.152372416927873
can,BG,2020,08,115,23833345,0.012123128821421,0.00394425918432698
can,BG,2020,09,585,121765659,0.0616698292220114,0.0201514021152456
can,BG,2020,10,107,20966485,0.0112797807294961,0.0034698130297826
can,BG,2020,unresolved,1428,458395846,0.150537634408602,0.075861446458432
can,BG,2021,01,1703,331740656,0.142785277102373,0.0829261689155316
can,BG,2021,02,134,16241129,0.011235012995724,0.00405984187489199
can,BG,2021,03,344,68653827,0.0288421229143959,0.0171615952146055
can,BG,2021,04,3169,1731793930,0.265699673010816,0.432901525238656
can,BG,2021,05,288,177240087,0.0241468936027501,0.0443052159189241
can,BG,2021,06,394,362770091,0.0330342919426511,0.0906826863083335
can,BG,2021,07,3207,723469429,0.26888572147229,0.180847740514739
can,BG,2021,08,101,42643589,0.00846818143707554,0.0106597409772365
can,BG,2021,09,801,146806837,0.0671585478326486,0.0366977286106799
can,BG,2021,10,161,24566949,0.0134987842709818,0.00614107112187434
can,BG,2021,unresolved,1625,374507360,0.136245493418295,0.0936166853045283
can,BG,2022,01,2236,537625691,0.176160088237611,0.0931815996671019
can,BG,2022,02,104,31454710,0.00819349247616797,0.00545174876113721
can,BG,2022,03,315,139970531,0.0248168281730087,0.0242597744177253
can,BG,2022,04,3629,2657848519,0.285905617269361,0.460659862092152
can,BG,2022,05,328,239307136,0.0258410147325297,0.0414768529806599
can,BG,2022,06,328,113664369,0.0258410147325297,0.0197003750116022
can,BG,2022,07,3116,1264925296,0.245489639959033,0.219237593206204
can,BG,2022,08,119,40564941,0.00937524619869219,0.0070307393341841
can,BG,2022,09,924,117386999,0.0727960293074923,0.0203455834236547
can,BG,2022,10,107,29750293,0.00842984322067281,0.00515633820837067
can,BG,2022,unresolved,1487,597156607,0.117151185692902,0.103499532897208
can,BG,2023,01,2658,808732904,0.184506455643482,0.108460470104949
can,BG,2023,02,179,69187988,0.0124253783145911,0.00927891231700839
can,BG,2023,03,414,254382798,0.0287380258225739,0.0341156860580663
can,BG,2023,04,3983,3676555141,0.276482021379981,0.493068721437389
can,BG,2023,05,361,210845851,0.025059003193114,0.0282768760934921
can,BG,2023,06,404,240041605,0.0280438706094683,0.0321923656058471
can,BG,2023,07,2847,1365520780,0.197625989171179,0.183132187406185
can,BG,2023,08,138,22858022,0.00957934194085798,0.0030655260834908
can,BG,2023,09,1336,200845269,0.0927391364709149,0.0269356819616862
can,BG,2023,10,220,42098814,0.0152714146883243,0.00564593963559174
can,BG,2023,unresolved,1865,565405612,0.129459947244204,0.075827455732525
can,BG,2023,unmapped,1,1324,6.9415521310565e-05,1.77563768839746e-07
can,BG,2024,01,3185,2000947192,0.267130755682295,0.129507084852409
can,BG,2024,02,121,104197563,0.0101484525706617,0.00674396740044263
can,BG,2024,03,419,397574745,0.0351421622074981,0.0257321864573675
can,BG,2024,04,3795,8653355700,0.318292376079846,0.56007018844802
can,BG,2024,05,305,242320032,0.0255808101987755,0.0156836527576198
can,BG,2024,06,452,574403468,0.0379099219994968,0.0371770524315736
can,BG,2024,07,2072,3058113201,0.173781766333976,0.197929924084763
can,BG,2024,08,402,113033760,0.0337163465570746,0.00731587160622419
can,BG,2024,09,888,180688834,0.0744778998574184,0.0116947035135552
can,BG,2024,10,179,67089652,0.0150130000838715,0.00434223616146417
can,BG,2024,unresolved,104,58760236,0.0087226369202382,0.0038031322865614
can,BG,2024,unmapped,1,0,8.38715088484442e-05,0
can,BG,2025,01,3852,1796655783,0.311625273036162,0.164698335690004
can,BG,2025,02,126,75990894,0.0101933500525847,0.00696603873030002
can,BG,2025,03,392,499330848,0.0317126446080414,0.0457733531388847
can,BG,2025,04,3290,3989651318,0.266159695817491,0.365728893801151
can,BG,2025,05,342,317310833,0.0276676644284443,0.0290876897990141
can,BG,2025,06,466,825168365,0.0376992152738452,0.0756426788400245
can,BG,2025,07,2399,2911070488,0.19407814901707,0.266856049437205
can,BG,2025,08,268,106766245,0.0216810937626406,0.00978719631537301
can,BG,2025,09,1121,295020781,0.0906884556265674,0.0270443743784533
can,BG,2025,10,102,91540008,0.00825175956637813,0.00839141649129663
can,BG,2025,unresolved,1,201186,8.08996035919424e-05,1.84425974511386e-05
can,BG,2025,unmapped,2,60334,0.000161799207183885,5.53078084268783e-06
can,BG,2026,01,2653,1240786296,0.316059089826066,0.19382081113905
can,BG,2026,02,65,43108908,0.00774362639980939,0.00673395857353882
can,BG,2026,03,230,82959480,0.0274005241839409,0.0129589388254122
can,BG,2026,04,2143,2738128975,0.255301405766023,0.427717795279257
can,BG,2026,05,230,330147774,0.0274005241839409,0.0515717408861773
can,BG,2026,06,296,413656754,0.0352632832975935,0.0646165160365588
can,BG,2026,07,1755,1235329418,0.209077912794853,0.192968402852743
can,BG,2026,08,193,116628439,0.0229926137717417,0.0182183013478908
can,BG,2026,09,739,151590077,0.0880390755301406,0.0236795907397506
can,BG,2026,10,85,45138969,0.0101262806766738,0.00705107044925037
can,BG,2026,unmapped,2,31950,0.000238265427686443,4.99084728438413e-06
can,BG,2026,unresolved,3,4211582,0.000357398141529664,0.000657883023087984
can,CH,2016,01,54,13693547,0.0145239376008607,0.222789264840088
can,CH,2016,02,1,0,0.000268961807423346,0
can,CH,2016,03,63,0,0.0169445938676708,0
can,CH,2016,04,238,18943204,0.0640129101667563,0.308199365210183
can,CH,2016,05,92,734691,0.0247444862829478,0.0119531679976436
can,CH,2016,06,37,3337303,0.0099515868746638,0.0542967634257669
can,CH,2016,07,118,1558827,0.0317374932759548,0.0253615751523604
can,CH,2016,08,56,4626536,0.0150618612157074,0.0752721376131546
can,CH,2016,09,170,10911394,0.0457235072619688,0.177524599553392
can,CH,2016,unresolved,2867,7658622,0.771113501882733,0.124603126207412
can,CH,2016,10,22,0,0.00591715976331361,0
can,CH,2017,01,980,1291648782,0.318802862719584,0.300724122927967
can,CH,2017,03,80,48758661,0.0260247234873129,0.0113520840716955
can,CH,2017,04,511,429871961,0.166232921275211,0.10008360650709
can,CH,2017,05,116,185814550,0.0377358490566038,0.0432616964880202
can,CH,2017,06,134,160202971,0.0435914118412492,0.0372987600157312
can,CH,2017,07,235,525975298,0.0764476252439818,0.122458567976899
can,CH,2017,08,73,58453961,0.0237475601821731,0.0136093622340369
can,CH,2017,09,234,307407895,0.0761223162003904,0.0715712900389726
can,CH,2017,10,28,33302720,0.00910865322055953,0.00775360252932571
can,CH,2017,unresolved,679,1252613961,0.220884840598569,0.291635961755625
can,CH,2017,02,4,1077843,0.00130123617436565,0.000250945454636018
can,CH,2018,01,1053,2081006737,0.343332246494946,0.261266186239211
can,CH,2018,03,74,60126819,0.0241278121943267,0.00754880049714388
can,CH,2018,04,583,1475079329,0.190088033909358,0.185193225872831
can,CH,2018,05,146,205235091,0.0476035213563743,0.0257668505126168
can,CH,2018,06,124,184382078,0.0404303880013042,0.0231487969132513
can,CH,2018,07,335,718853225,0.109227257906749,0.0902505682572943
can,CH,2018,09,269,373271470,0.087707857841539,0.0468634779815248
can,CH,2018,10,28,78682469,0.0091294424519074,0.00987842481910955
can,CH,2018,unresolved,371,2701762260,0.120965112487773,0.339200786448599
can,CH,2018,08,71,77282219,0.0231496576459081,0.0097026262641232
can,CH,2018,02,13,9400838,0.00423866970981415,0.00118025619429441
can,CH,2019,01,1171,3075386441,0.34410813987658,0.288514755225518
can,CH,2019,03,82,114978950,0.0240963855421687,0.0107866521010447
can,CH,2019,04,661,1752160370,0.194240376138701,0.164377430272478
can,CH,2019,05,153,283381417,0.0449603291213635,0.0265851858716754
can,CH,2019,06,166,226594408,0.0487804878048781,0.0212577610696408
can,CH,2019,07,309,537334690,0.0908022333235381,0.050409595520334
can,CH,2019,08,81,65202480,0.0238025271818983,0.00611691503431998
can,CH,2019,09,363,586937824,0.106670584778137,0.0550630712180987
can,CH,2019,10,37,37924549,0.0108727593300029,0.00355785920946419
can,CH,2019,unresolved,371,3974182015,0.1090214516603,0.372834495201372
can,CH,2019,02,9,5290026,0.00264472524243315,0.000496279276054279
can,CH,2020,01,1014,2473471726,0.337549933422104,0.325396675872451
can,CH,2020,02,3,2607078,0.00099866844207723,0.00034297320079421
can,CH,2020,03,97,204893734,0.0322902796271638,0.0269547208685959
can,CH,2020,04,591,888789480,0.196737683089214,0.116924377708615
can,CH,2020,05,136,224025437,0.0452729693741678,0.029471585118363
can,CH,2020,06,120,276102220,0.0399467376830892,0.0363225274195045
can,CH,2020,07,279,797204717,0.0928761651131824,0.104875977426733
can,CH,2020,08,73,117880566,0.0243009320905459,0.0155077351089814
can,CH,2020,09,292,267765544,0.0972037283621838,0.0352257990317446
can,CH,2020,10,53,75247212,0.0176431424766977,0.00989911968513426
can,CH,2020,unresolved,346,2273416693,0.115179760319574,0.299078508559083
can,CH,2021,01,1155,2476528233,0.358918582970789,0.282307225621713
can,CH,2021,02,4,68456526,0.00124300807955252,0.00780357424286253
can,CH,2021,03,101,316526097,0.0313859540087011,0.0360818031832788
can,CH,2021,04,580,811956665,0.180236171535115,0.0925574884900609
can,CH,2021,05,147,192309170,0.045680546923555,0.0219219258318523
can,CH,2021,06,134,246248506,0.0416407706650093,0.0280706400258316
can,CH,2021,07,330,409906344,0.102548166563083,0.046726510603596
can,CH,2021,08,69,76198826,0.0214418893722809,0.00868614331831509
can,CH,2021,09,303,313910507,0.0941578620261032,0.035783643870405
can,CH,2021,10,52,74943276,0.0161591050341827,0.00854301923339401
can,CH,2021,unresolved,343,3785473684,0.106587942821628,0.431518025578691
can,CH,2022,01,1083,2621888067,0.362692565304756,0.364530651757891
can,CH,2022,02,6,11142371,0.00200937709310114,0.00154916444141176
can,CH,2022,03,96,175695055,0.0321500334896182,0.0244275237054918
can,CH,2022,04,605,504978604,0.202612190221031,0.070209015387349
can,CH,2022,05,137,168526459,0.0458807769591427,0.0234308476822247
can,CH,2022,06,129,1056220114,0.0432016075016745,0.146850131171604
can,CH,2022,07,314,542691802,0.105157401205626,0.0754524187270441
can,CH,2022,08,71,97243229,0.0237776289350301,0.013520080468947
can,CH,2022,09,277,388379439,0.0927662424648359,0.0539978086059285
can,CH,2022,10,63,87345936,0.021098459477562,0.0121440237587698
can,CH,2022,unresolved,205,1538392639,0.0686537173476222,0.213888334293339
can,CH,2023,01,1382,6423738807,0.429726368159204,0.540476619816473
can,CH,2023,03,88,226098662,0.027363184079602,0.0190233513930585
can,CH,2023,04,637,2210673215,0.198072139303483,0.186000275331869
can,CH,2023,05,172,1082593307,0.0534825870646766,0.0910865757128373
can,CH,2023,06,127,190586968,0.0394900497512438,0.016035490131302
can,CH,2023,07,295,789980322,0.091728855721393,0.0664668827584989
can,CH,2023,08,101,119137790,0.0314054726368159,0.0100239427483317
can,CH,2023,09,251,583053524,0.078047263681592,0.0490566019714573
can,CH,2023,10,71,99338252,0.0220771144278607,0.00835806128993454
can,CH,2023,unresolved,89,158670505,0.0276741293532338,0.0133501222237619
can,CH,2023,02,3,1450920,0.000932835820895522,0.000122076622475618
can,CH,2024,01,1707,9740091103,0.442686721991701,0.497003462325346
can,CH,2024,03,96,161892157,0.024896265560166,0.00826080184481396
can,CH,2024,04,849,6764670904,0.220176348547718,0.34517796858635
can,CH,2024,05,201,312208206,0.0521265560165975,0.0159309145784675
can,CH,2024,06,146,186611032,0.0378630705394191,0.00952212130577911
can,CH,2024,07,371,1267244451,0.0962136929460581,0.0646631405291058
can,CH,2024,08,55,74480577,0.0142634854771784,0.00380048854302687
can,CH,2024,09,350,996152546,0.0907676348547718,0.0508302498539996
can,CH,2024,10,64,74732296,0.016597510373444,0.00381333290076543
can,CH,2024,02,17,19549021,0.00440871369294606,0.000997519532345886
can,CH,2025,01,1896,10119637012,0.445279473931423,0.429270352088299
can,CH,2025,02,60,946044227,0.0140911225927666,0.0401307614031831
can,CH,2025,03,103,220644926,0.0241897604509159,0.00935965637484831
can,CH,2025,04,892,8610701618,0.209488022545796,0.365262006028774
can,CH,2025,05,165,910621425,0.038750587130108,0.038628142419077
can,CH,2025,06,259,475518732,0.060826679192109,0.0201712861111684
can,CH,2025,07,355,813114538,0.0833724753405355,0.0344919450768315
can,CH,2025,08,89,104080705,0.0209018318459371,0.00441505568114427
can,CH,2025,09,351,1188248102,0.0824330671676844,0.0504049384883009
can,CH,2025,10,88,185430022,0.0206669798027243,0.00786585632837332
can,CH,2026,01,1499,5984853491,0.443228858663513,0.418618330187277
can,CH,2026,02,86,398860731,0.0254287403903016,0.0278988305126577
can,CH,2026,03,83,199698506,0.024541691306919,0.0139681706909496
can,CH,2026,04,722,3919771402,0.213483146067416,0.274173488371711
can,CH,2026,05,136,197936059,0.0402128917800118,0.0138448940524667
can,CH,2026,06,236,348627580,0.0697811945594323,0.0243852076941062
can,CH,2026,07,190,445920790,0.0561797752808989,0.0311905073008564
can,CH,2026,08,72,70239493,0.0212891780011827,0.00491299232589032
can,CH,2026,09,319,569901174,0.0943228858663513,0.0398624758635129
can,CH,2026,10,39,2160873598,0.011531638083974,0.151145103000573
can,CY,2016,01,36,17509887,0.0909090909090909,0.0468152397502505
can,CY,2016,03,13,7553259,0.0328282828282828,0.0201947408901461
can,CY,2016,04,33,55305868,0.0833333333333333,0.147868314056836
can,CY,2016,05,13,6491323,0.0328282828282828,0.0173554999264881
can,CY,2016,06,4,6205380,0.0101010101010101,0.0165909895615779
can,CY,2016,07,239,161064303,0.603535353535354,0.430628933250796
can,CY,2016,08,2,857958,0.00505050505050505,0.00229387599506755
can,CY,2016,09,17,85278716,0.0429292929292929,0.228005099926317
can,CY,2016,unresolved,35,29854369,0.0883838383838384,0.0798200149622579
can,CY,2016,02,3,3748565,0.00757575757575758,0.0100223359062453
can,CY,2016,10,1,151462,0.00252525252525253,0.000404955774017984
can,CY,2017,01,27,32610721,0.09375,0.177133639134229
can,CY,2017,04,13,13780835,0.0451388888888889,0.0748542006740164
can,CY,2017,07,177,116801663,0.614583333333333,0.634438705728704
can,CY,2017,unresolved,24,3684176,0.0833333333333333,0.0200115631325965
can,CY,2017,02,10,627732,0.0347222222222222,0.00340969013107708
can,CY,2017,06,1,0,0.00347222222222222,0
can,CY,2017,08,3,939354,0.0104166666666667,0.00510234632516389
can,CY,2017,09,10,3799316,0.0347222222222222,0.0206369760822186
can,CY,2017,03,13,6787562,0.0451388888888889,0.036868413854119
can,CY,2017,05,10,5071001,0.0347222222222222,0.0275444649378748
can,CY,2018,01,50,30461771,0.136986301369863,0.0855075306449341
can,CY,2018,02,7,13769206,0.0191780821917808,0.0386507666938147
can,CY,2018,03,15,7088732,0.0410958904109589,0.0198983824257534
can,CY,2018,04,28,77238404,0.0767123287671233,0.216811596311843
can,CY,2018,05,20,12310687,0.0547945205479452,0.0345566397276341
can,CY,2018,06,7,1272029,0.0191780821917808,0.00357064133594678
can,CY,2018,07,203,197580538,0.556164383561644,0.554617258066761
can,CY,2018,08,3,2172364,0.00821917808219178,0.00609792126997316
can,CY,2018,09,11,4200391,0.0301369863013699,0.0117906822342406
can,CY,2018,unresolved,21,10152524,0.0575342465753425,0.0284985812890994
can,CY,2019,01,89,90849667,0.241192411924119,0.201984917618643
can,CY,2019,02,18,5026460,0.0487804878048781,0.01117526505643
can,CY,2019,03,23,7714566,0.0623306233062331,0.0171516971875481
can,CY,2019,04,53,102071568,0.143631436314363,0.226934428429834
can,CY,2019,05,12,55719743,0.032520325203252,0.123881001122293
can,CY,2019,06,9,3179602,0.024390243902439,0.00706916898253543
can,CY,2019,07,109,124918466,0.295392953929539,0.277729648299727
can,CY,2019,09,22,11217732,0.0596205962059621,0.0249402419261263
can,CY,2019,10,2,0,0.00542005420054201,0
can,CY,2019,unresolved,26,16061024,0.0704607046070461,0.0357082718807439
can,CY,2019,08,6,33025582,0.016260162601626,0.0734253594961195
can,CY,2020,01,63,52531605,0.202572347266881,0.0514677595141625
can,CY,2020,03,9,12962856,0.0289389067524116,0.0127003383053824
can,CY,2020,04,43,705677821,0.138263665594855,0.691386763943462
can,CY,2020,06,7,9331114,0.022508038585209,0.00914214464513762
can,CY,2020,07,125,146104798,0.401929260450161,0.143145951990793
can,CY,2020,unresolved,17,8777053,0.0546623794212219,0.00859930422927414
can,CY,2020,05,11,36200571,0.0353697749196142,0.0354674539737243
can,CY,2020,09,21,44114058,0.067524115755627,0.0432206807375829
can,CY,2020,02,12,2759186,0.0385852090032154,0.00270330825610304
can,CY,2020,08,3,2211072,0.00964630225080386,0.00216629440437806
can,CY,2021,01,110,114963266,0.291005291005291,0.209872926630179
can,CY,2021,03,19,13292676,0.0502645502645503,0.0242666454419165
can,CY,2021,04,40,133328476,0.105820105820106,0.24339981313041
can,CY,2021,05,15,78338667,0.0396825396825397,0.143012336754568
can,CY,2021,07,141,160519295,0.373015873015873,0.293038423440954
can,CY,2021,09,14,16261532,0.037037037037037,0.0296864853537677
can,CY,2021,unresolved,18,13543156,0.0476190476190476,0.0247239129891201
can,CY,2021,02,16,14192755,0.0423280423280423,0.0259097982549931
can,CY,2021,10,2,0,0.00529100529100529,0
can,CY,2021,06,2,2766979,0.00529100529100529,0.00505130030538838
can,CY,2021,08,1,568787,0.00264550264550265,0.00103835769870351
can,CY,2022,01,100,264981843,0.190114068441065,0.314631414568655
can,CY,2022,02,10,9348184,0.0190114068441065,0.0110997505424101
can,CY,2022,03,9,6037567,0.0171102661596958,0.00716882418907107
can,CY,2022,04,36,67649170,0.0684410646387833,0.0803245754898589
can,CY,2022,05,13,34064255,0.0247148288973384,0.0404468646437688
can,CY,2022,06,6,17746879,0.0114068441064639,0.0210721066044845
can,CY,2022,07,295,397904699,0.560836501901141,0.472459987795787
can,CY,2022,08,7,3456485,0.0133079847908745,0.00410412559846728
can,CY,2022,09,21,28841311,0.0399239543726236,0.0342452991314749
can,CY,2022,unresolved,23,12167273,0.0437262357414449,0.0144470514360224
can,CY,2022,10,6,0,0.0114068441064639,0
can,CY,2023,01,137,198354714,0.206948640483384,0.231572091721799
can,CY,2023,02,21,4106661,0.0317220543806647,0.00479438102873791
can,CY,2023,04,69,183630319,0.104229607250755,0.214381882925007
can,CY,2023,05,39,86897932,0.0589123867069487,0.101450252800842
can,CY,2023,07,295,287023598,0.445619335347432,0.335089868155978
can,CY,2023,08,10,2731043,0.0151057401812689,0.00318839581544897
can,CY,2023,09,25,50939266,0.0377643504531722,0.0594697859229759
can,CY,2023,unresolved,26,15352942,0.0392749244712991,0.0179240151208277
can,CY,2023,03,20,19565020,0.0302114803625378,0.0228414667572702
can,CY,2023,06,7,3398849,0.0105740181268882,0.00396803562922404
can,CY,2023,10,13,4556733,0.0196374622356495,0.00531982412188978
can,CY,2024,01,179,336335515,0.231266149870801,0.210071663511519
can,CY,2024,02,16,22935974,0.020671834625323,0.0143255707397922
can,CY,2024,03,36,27106164,0.0465116279069768,0.0169302280280929
can,CY,2024,04,52,76387084,0.0671834625322997,0.0477105779527153
can,CY,2024,05,37,53809379,0.0478036175710594,0.0336087783029746
can,CY,2024,06,17,9475314,0.0219638242894057,0.00591818254540852
can,CY,2024,07,325,928803325,0.419896640826873,0.580120893738445
can,CY,2024,08,13,2388365,0.0167958656330749,0.00149174793099887
can,CY,2024,09,61,101062711,0.0788113695090439,0.0631227178573571
can,CY,2024,10,6,16050563,0.00775193798449612,0.0100250146634275
can,CY,2024,unresolved,32,26696930,0.041343669250646,0.0166746247292695
can,CY,2025,01,268,284401712,0.250936329588015,0.219938117782511
can,CY,2025,03,47,39481126,0.0440074906367041,0.0305321809749661
can,CY,2025,04,83,157965143,0.0777153558052434,0.122160151506631
can,CY,2025,05,76,67022310,0.0711610486891386,0.0518307734759206
can,CY,2025,06,18,88512174,0.0168539325842697,0.0684496616194707
can,CY,2025,07,426,537655848,0.398876404494382,0.415788689851066
can,CY,2025,08,24,11179554,0.0224719101123596,0.00864555296491305
can,CY,2025,09,62,78264568,0.0580524344569288,0.0605248177091894
can,CY,2025,unresolved,31,11999821,0.0290262172284644,0.0092798950678154
can,CY,2025,02,17,7262439,0.0159176029962547,0.00561630643127178
can,CY,2025,10,16,9354086,0.0149812734082397,0.00723385261624495
can,CY,2026,01,171,190715771,0.268445839874411,0.232843952869693
can,CY,2026,02,12,13870504,0.0188383045525903,0.0169344305545391
can,CY,2026,04,49,262103771,0.0769230769230769,0.320001213227892
can,CY,2026,05,48,26761173,0.0753532182103611,0.0326725853456016
can,CY,2026,07,233,212231772,0.365777080062794,0.259112733351347
can,CY,2026,08,12,2550445,0.0188383045525903,0.00311382583759549
can,CY,2026,09,53,48947832,0.0832025117739403,0.0597601689022438
can,CY,2026,10,6,9465512,0.00941915227629513,0.0115563973470003
can,CY,2026,unresolved,19,11288382,0.0298273155416013,0.0137819304224352
can,CY,2026,03,29,20909756,0.0455259026687598,0.0255286189236064
can,CY,2026,06,5,20226261,0.00784929356357928,0.0246941432180463
can,CZ,2016,01,713,295395398,0.123935338084478,0.0729179531337975
can,CZ,2016,02,173,89277027,0.0300712671649574,0.0220379129627157
can,CZ,2016,03,438,111861903,0.0761341908569442,0.027612958954802
can,CZ,2016,04,1455,2201140790,0.252911524422041,0.543348616981873
can,CZ,2016,05,232,204043256,0.0403267860246828,0.0503678008493397
can,CZ,2016,06,43,93178186,0.00747436120285069,0.0230009087678484
can,CZ,2016,07,1038,439067671,0.180427602989744,0.108383258755249
can,CZ,2016,08,131,62505205,0.0227707283156614,0.0154293250323704
can,CZ,2016,09,473,82793379,0.0822179732313576,0.0204374332524664
can,CZ,2016,10,108,53614212,0.0187728141839041,0.0132345954757274
can,CZ,2016,unresolved,949,418188387,0.164957413523379,0.103229235833811
can,CZ,2017,01,1159,584233930,0.127586966094232,0.0679857580454642
can,CZ,2017,02,400,139967724,0.0440334654337296,0.0162876740452892
can,CZ,2017,03,843,313211494,0.0928005284015852,0.0364475936002936
can,CZ,2017,04,1958,4739379633,0.215543813298107,0.551509079616001
can,CZ,2017,05,292,449220390,0.0321444297666226,0.0522745892961559
can,CZ,2017,06,64,38202194,0.00704535446939674,0.00444548833048756
can,CZ,2017,07,1706,952239779,0.187802730074857,0.110809625891396
can,CZ,2017,08,199,227045075,0.0219066490532805,0.0264206351972133
can,CZ,2017,09,1009,180389825,0.111074416556583,0.0209914870851709
can,CZ,2017,10,90,49221910,0.00990752972258917,0.00572782355142505
can,CZ,2017,unresolved,1364,920363309,0.150154117129018,0.107100245341103
can,CZ,2018,01,1756,1412132839,0.140908361418713,0.109464001181761
can,CZ,2018,02,404,497497218,0.0324185523992939,0.0385643861222285
can,CZ,2018,03,882,271084443,0.0707751564756861,0.0210135951585989
can,CZ,2018,04,2398,7749853015,0.19242497191462,0.600743709205981
can,CZ,2018,05,370,548702908,0.0296902583854919,0.0425336867119961
can,CZ,2018,06,56,88204111,0.00449366072861499,0.00683729932771584
can,CZ,2018,07,2636,1142049872,0.211523030011234,0.0885280372254255
can,CZ,2018,08,309,156000663,0.0247953779489649,0.0120926702413352
can,CZ,2018,09,2160,471248582,0.173326913818007,0.0365296761836378
can,CZ,2018,10,106,29834808,0.00850585780773552,0.0023126984714004
can,CZ,2018,unresolved,1385,533822950,0.111137859091639,0.04138024016992
can,CZ,2019,01,1522,1972354732,0.118618969682799,0.164497323506363
can,CZ,2019,02,446,211357861,0.0347595666744603,0.017627560535865
can,CZ,2019,03,939,620530282,0.0731821370119243,0.05175315012434
can,CZ,2019,04,2714,5920743330,0.211518977476424,0.493798815776689
can,CZ,2019,05,366,427493412,0.0285246668225392,0.0356535875366068
can,CZ,2019,06,79,163046899,0.00615696360377211,0.0135983543205311
can,CZ,2019,07,2987,1329757489,0.232795573221105,0.110903755954302
can,CZ,2019,08,227,131899582,0.0176915283298262,0.0110006216724548
can,CZ,2019,09,1745,305112621,0.13599875302003,0.0254468472167872
can,CZ,2019,10,114,94039787,0.00888473228898761,0.00784305835741946
can,CZ,2019,unresolved,1692,813857462,0.131868131868132,0.0678769249986423
can,CZ,2020,01,1581,1975182597,0.119248755468396,0.150064222833797
can,CZ,2020,02,362,190478634,0.027304269120531,0.0144715877008374
can,CZ,2020,03,1062,604453494,0.0801025795745965,0.0459232700581978
can,CZ,2020,04,3233,6977050641,0.243852768139991,0.530080451146114
can,CZ,2020,05,372,316900905,0.0280585306984462,0.0240765021402991
can,CZ,2020,06,83,182791581,0.00626037109669633,0.0138875649193086
can,CZ,2020,07,3046,1445779190,0.229748076632976,0.109842872687394
can,CZ,2020,08,256,121071816,0.0193090963946297,0.00919841436569549
can,CZ,2020,09,1498,334025302,0.1129883843717,0.0253775258184165
can,CZ,2020,10,85,21942975,0.00641122341227938,0.00166711447085337
can,CZ,2020,unresolved,1680,992571399,0.126715945089757,0.075410473859086
can,CZ,2021,01,1735,2466030958,0.112370466321244,0.168018638662549
can,CZ,2021,02,415,237567463,0.0268782383419689,0.0161862370763374
can,CZ,2021,03,1234,463130241,0.0799222797927461,0.0315545562653388
can,CZ,2021,04,4216,6367318809,0.273056994818653,0.433825956137338
can,CZ,2021,05,503,283468987,0.0325777202072539,0.0193136558745472
can,CZ,2021,06,107,432293351,0.0069300518134715,0.0294535395438826
can,CZ,2021,07,3539,2320311343,0.229209844559585,0.158090291551049
can,CZ,2021,08,345,186681668,0.0223445595854922,0.0127192238276086
can,CZ,2021,09,1356,264547101,0.0878238341968912,0.0180244467848014
can,CZ,2021,10,64,38505248,0.00414507772020725,0.00262348667170457
can,CZ,2021,unresolved,1926,1617272188,0.124740932642487,0.110189967604844
can,CZ,2022,01,1943,2268467575,0.109668679799063,0.126025278684941
can,CZ,2022,02,506,452034158,0.0285601399785517,0.0251128697473502
can,CZ,2022,03,1150,382925277,0.0649094090421629,0.0212735087251283
can,CZ,2022,04,4933,9560747442,0.278433143308687,0.531149695103921
can,CZ,2022,05,542,555007803,0.0305920866963933,0.0308335961316932
can,CZ,2022,06,122,200332255,0.00688604165490772,0.0111295081067921
can,CZ,2022,07,4438,2814724503,0.250493875938364,0.156372717785885
can,CZ,2022,08,403,212953540,0.0227465146469493,0.0118306867249115
can,CZ,2022,09,1330,257814042,0.075069142631371,0.0143229230384485
can,CZ,2022,10,171,105729789,0.0096517469097477,0.0058738446477574
can,CZ,2022,unresolved,2179,1189363268,0.122989219393803,0.0660753713031722
can,CZ,2023,01,2111,2228546745,0.107775565426048,0.0870914699647526
can,CZ,2023,02,650,634163090,0.0331852759483331,0.024783054620418
can,CZ,2023,03,1314,891951382,0.0670853116863226,0.0348574052439149
can,CZ,2023,04,5314,11617473031,0.271302394445295,0.454010132753872
can,CZ,2023,05,606,1027963810,0.0309388880379844,0.0401727625791702
can,CZ,2023,06,166,353171432,0.00847500893449737,0.0138019178782973
can,CZ,2023,07,5144,4874768378,0.262623168428039,0.190505648907855
can,CZ,2023,08,403,248771084,0.0205748710879665,0.00972195868850171
can,CZ,2023,09,1207,790427519,0.06162250472252,0.030889858911307
can,CZ,2023,10,159,144016376,0.00811762903966917,0.00562815113166339
can,CZ,2023,unresolved,2512,2777314451,0.128248327972635,0.108537278221615
can,CZ,2023,unmapped,1,9240,5.10542706897432e-05,3.61098632676118e-07
can,CZ,2024,01,2966,4713040850,0.191725921137686,0.137692844251157
can,CZ,2024,02,514,1041374461,0.0332255979314803,0.0304240544542714
can,CZ,2024,03,744,658280875,0.048093083387201,0.0192318651332908
can,CZ,2024,04,4527,14260942109,0.292630898513252,0.416637526213952
can,CZ,2024,05,593,1090277101,0.0383322559793148,0.03185275914988
can,CZ,2024,06,187,357126079,0.0120879120879121,0.010433541133804
can,CZ,2024,07,3431,9881615732,0.221784098254687,0.288694246292403
can,CZ,2024,08,448,449591801,0.0289592760180995,0.0131349538020003
can,CZ,2024,09,1499,862582348,0.0968972204266322,0.0252005914391685
can,CZ,2024,10,131,184417404,0.00846800258564965,0.00538780750991681
can,CZ,2024,unmapped,13,16289888,0.000840336134453782,0.000475913764094107
can,CZ,2024,unresolved,417,713116266,0.0269553975436328,0.0208338968560615
can,CZ,2025,01,2836,4116585466,0.212880948806486,0.146572120220403
can,CZ,2025,02,398,1143295335,0.0298753940849722,0.040707334433621
can,CZ,2025,03,505,461678265,0.0379072211379673,0.0164381773971718
can,CZ,2025,04,3301,15198101945,0.247785617775109,0.541132461308767
can,CZ,2025,05,628,1207235984,0.0471400690586999,0.0429839582446906
can,CZ,2025,06,163,421581969,0.0122354000900766,0.0150105381154795
can,CZ,2025,07,3527,3831190075,0.264750037531902,0.136410541430045
can,CZ,2025,08,437,759449145,0.0328028824500826,0.0270403887643279
can,CZ,2025,09,1393,772830594,0.104563879297403,0.0275168388144363
can,CZ,2025,10,97,110761638,0.00728118901065906,0.00394369757529157
can,CZ,2025,unmapped,9,5925129,0.000675574238102387,0.000210965793685624
can,CZ,2025,unresolved,28,57097675,0.00210178651854076,0.00203297790208092
can,CZ,2026,01,1944,2508299428,0.219462632648453,0.148159674923213
can,CZ,2026,02,251,369503626,0.0283359674870174,0.0218257583205526
can,CZ,2026,03,345,311640980,0.0389478437570558,0.0184079403655437
can,CZ,2026,04,1983,8636091933,0.223865432377512,0.510114765054381
can,CZ,2026,05,393,873417803,0.04436667419282,0.0515908492901935
can,CZ,2026,06,110,304493254,0.0124181530819598,0.0179857400696864
can,CZ,2026,07,2467,2854503140,0.278505305938135,0.168609159085488
can,CZ,2026,08,287,380067109,0.0324000903138406,0.0224497197941574
can,CZ,2026,09,990,597557167,0.111763377737638,0.0352963743572467
can,CZ,2026,10,70,63015428,0.00790246105215624,0.00372218134063502
can,CZ,2026,unmapped,1,12958,0.000112892300745089,7.65400273278294e-07
can,CZ,2026,unresolved,17,31101085,0.00191916911266652,0.0018370719986303
can,DE,2016,01,6995,3573822710,0.249331669934058,0.179840577188398
can,DE,2016,02,654,783323678,0.0233113527000535,0.0394181227800353
can,DE,2016,03,1355,619586979,0.0482979860987346,0.0311786255121132
can,DE,2016,04,5140,7714855735,0.183211548743539,0.388224100883734
can,DE,2016,05,1374,936091808,0.0489752272322224,0.0471056637983171
can,DE,2016,06,1126,827059574,0.0401354482266976,0.0416189842717045
can,DE,2016,07,3449,1893581654,0.122937087863126,0.0952881117062241
can,DE,2016,08,959,334423215,0.0341828551060417,0.0168287206420487
can,DE,2016,09,2806,995596823,0.100017822135092,0.0501000530312414
can,DE,2016,10,588,264764314,0.020958830867938,0.0133233713344024
can,DE,2016,unresolved,3609,1929064551,0.128640171092497,0.0970736688517817
can,DE,2017,01,7890,5183838207,0.2459246329832,0.203286391934943
can,DE,2017,02,677,774521529,0.0211015179378487,0.0303731869744185
can,DE,2017,03,1487,725808839,0.0463485334912571,0.0284628983820444
can,DE,2017,04,6149,8085410491,0.191659134120874,0.317072767396331
can,DE,2017,05,1537,1076054816,0.0479069912414674,0.0421979414352619
can,DE,2017,06,1288,800173878,0.0401458716454197,0.0313791546116461
can,DE,2017,07,4194,2981434134,0.130723436087648,0.116918191442417
can,DE,2017,08,973,601605206,0.0303275878190942,0.0235922007619514
can,DE,2017,09,3371,1392123969,0.105071221519185,0.0545927259847758
can,DE,2017,10,699,460796142,0.0217872393479413,0.018070314192721
can,DE,2017,unresolved,3817,3418235711,0.118972664651061,0.134047548693559
can,DE,2017,unmapped,1,170295,3.11691550042078e-05,6.67818993035195e-06
can,DE,2018,01,9966,6956261859,0.275015177438048,0.235249368625995
can,DE,2018,02,734,635773037,0.0202549809592141,0.0215008015188753
can,DE,2018,03,1764,931447519,0.0486781831226889,0.0315000276289915
can,DE,2018,04,6596,8666774225,0.182018875213864,0.293096091806468
can,DE,2018,05,1817,1253055957,0.0501407362437221,0.0423762976024121
can,DE,2018,06,1337,1423095365,0.0368949721287047,0.0481267515364864
can,DE,2018,07,4279,1782598798,0.118080468016999,0.0602845680975044
can,DE,2018,08,1014,447815547,0.0279816766929742,0.0151443874350928
can,DE,2018,09,3391,1541930320,0.0935758044042166,0.0521455548393379
can,DE,2018,10,810,303579863,0.0223522269440918,0.0102665731316478
can,DE,2018,unresolved,4530,5627404082,0.125006898835477,0.190309577777188
can,DE,2019,01,13271,8530384850,0.293775180413512,0.236323536235778
can,DE,2019,02,882,764454277,0.0195245052463807,0.0211782400451962
can,DE,2019,03,2042,904534725,0.045202992872006,0.0250589919000028
can,DE,2019,04,7559,11033453764,0.167330765484571,0.305667898489062
can,DE,2019,05,2100,1499307115,0.0464869172532873,0.0415364096170013
can,DE,2019,06,1506,1333947849,0.033337760658786,0.036955340043045
can,DE,2019,07,5070,1852669942,0.112232700225794,0.0513258803524173
can,DE,2019,08,1331,764803076,0.0294638508876788,0.0211879030808698
can,DE,2019,09,4183,1858077801,0.0925975118430956,0.0514756982545187
can,DE,2019,10,1068,683507182,0.0236419179173861,0.0189357030348744
can,DE,2019,unresolved,6162,6871073050,0.136405897197503,0.190354398947235
can,DE,2020,01,15380,9501452468,0.307526193713509,0.280219210771427
can,DE,2020,02,874,357551045,0.0174758058066064,0.0105449847776262
can,DE,2020,03,2201,1073137682,0.0440094377349436,0.0316492447140998
can,DE,2020,04,8368,8226396936,0.167319843237623,0.242614954362198
can,DE,2020,05,2334,1518797344,0.0466687994881229,0.0447927508442302
can,DE,2020,06,1588,1143994235,0.0317523794289371,0.0337389638835125
can,DE,2020,07,5322,2987658729,0.106414460529473,0.0881127779057312
can,DE,2020,08,1449,726211887,0.0289730464688475,0.0214176224649161
can,DE,2020,09,4367,2242070333,0.0873190434295769,0.0661236985948464
can,DE,2020,10,1124,588296605,0.0224746060945373,0.0173501905006436
can,DE,2020,unresolved,7005,5541645742,0.140066384067824,0.163435601180769
can,DE,2021,01,16217,8561020428,0.311817412705738,0.279735964163123
can,DE,2021,02,820,755295047,0.0157668051069066,0.024679673407757
can,DE,2021,03,2032,771215835,0.0390709121673589,0.0251998937505155
can,DE,2021,04,9377,8543746201,0.180299184740809,0.279171519470383
can,DE,2021,05,2224,1145613272,0.0427626518997077,0.037433532123443
can,DE,2021,06,1426,1440154697,0.0274188586371328,0.0470578321938966
can,DE,2021,07,5591,2329055402,0.107502691893555,0.0761031426039951
can,DE,2021,08,1486,457894428,0.0285725273034918,0.0149619476298137
can,DE,2021,09,4535,1929861158,0.0871981233656361,0.0630592551757535
can,DE,2021,10,1241,522335630,0.0238617135825258,0.017067598693832
can,DE,2021,unresolved,7059,4147739912,0.135729118597139,0.135529640787488
can,DE,2022,01,17110,8507778365,0.318651643542229,0.258216163965725
can,DE,2022,02,931,359863118,0.017338672129621,0.0109220609536536
can,DE,2022,03,2131,1001567018,0.0396871217059317,0.0303981582790739
can,DE,2022,04,8951,8829044707,0.166700810131297,0.267966789673585
can,DE,2022,05,2461,1339782082,0.0458329453394171,0.0406631878408192
can,DE,2022,06,1472,951537171,0.0274140981469411,0.0288797224875073
can,DE,2022,07,5843,2152134207,0.108818325728653,0.0653185609015284
can,DE,2022,08,1485,691823182,0.0276562063506844,0.0209972475227499
can,DE,2022,09,4597,2861617091,0.08561318558525,0.0868517909465755
can,DE,2022,10,1100,607298680,0.0204860787782848,0.0184318783122236
can,DE,2022,unresolved,7614,5645833969,0.141800912561691,0.171354439116558
can,DE,2023,01,19265,10502320225,0.343600627809089,0.258516945900455
can,DE,2023,02,829,1185305287,0.0147856174645074,0.0291765530083047
can,DE,2023,03,2247,1082638616,0.0400763358778626,0.0266493900896281
can,DE,2023,04,9416,11911197498,0.16793893129771,0.293196773020707
can,DE,2023,05,2584,2087205518,0.0460868944852679,0.0513770275920089
can,DE,2023,06,1577,1108056450,0.0281265606049797,0.0272750557212514
can,DE,2023,07,6496,2480101584,0.115859313690519,0.0610482515561043
can,DE,2023,08,1572,962992677,0.0280373831775701,0.0237042787164247
can,DE,2023,09,4577,2978835778,0.0816330170507241,0.0733247045576128
can,DE,2023,10,1069,640340619,0.0190661339801669,0.0157621266171102
can,DE,2023,unresolved,6434,5685492192,0.11475351359064,0.139949653593497
can,DE,2023,unmapped,2,781615,3.56709709638296e-05,1.92396268958733e-05
can,DE,2024,01,24809,10681469161,0.44179503160894,0.310686377154984
can,DE,2024,02,864,234809492,0.0153859852194818,0.00682978242894185
can,DE,2024,03,2062,1660816959,0.0367197934289021,0.0483073251751971
can,DE,2024,04,10852,12964811369,0.193250823613213,0.377100772751307
can,DE,2024,05,2775,1470270425,0.0494167928056273,0.0427649965464679
can,DE,2024,06,1854,1442633030,0.033015759950138,0.0419611219111413
can,DE,2024,07,4708,1760677615,0.0838393731635651,0.0512119205042965
can,DE,2024,08,1622,486323867,0.0288843379930549,0.0141454511626457
can,DE,2024,09,5081,2165670504,0.090481702430772,0.0629917395123739
can,DE,2024,10,1421,1217107366,0.0253049594871338,0.0354013733927013
can,DE,2024,unresolved,103,295338202,0.00183420888611878,0.00859034975730402
can,DE,2024,unmapped,4,302192,7.12314130531564e-05,8.78970264015901e-06
can,DE,2025,01,25915,16260286994,0.44496145327175,0.357005789892841
can,DE,2025,02,880,198168172,0.0151096306725503,0.00435091857865644
can,DE,2025,03,2197,2281234747,0.0377225665768102,0.0500860786211367
can,DE,2025,04,11584,17064954375,0.198897683762298,0.374672815946004
can,DE,2025,05,2855,1288709265,0.0490204495115125,0.0282944986926316
can,DE,2025,06,1604,1908803448,0.0275407359076939,0.0419090931762073
can,DE,2025,07,4836,2127893342,0.0830342885596058,0.0467193625579145
can,DE,2025,08,1995,755183058,0.0342542195360657,0.016580563690817
can,DE,2025,09,4985,2888461648,0.0855926237530262,0.0634181630742388
can,DE,2025,10,1285,644308251,0.0220634947888944,0.0141462310085675
can,DE,2025,unresolved,99,128090156,0.0016998334506619,0.00281230751567614
can,DE,2025,unmapped,6,190258,0.000103020209131025,4.17724530929224e-06
can,DE,2026,01,19876,12210402454,0.450570126720015,0.387185515942069
can,DE,2026,02,726,343683183,0.0164577335479337,0.0108980151171738
can,DE,2026,03,1568,840384752,0.035545077414821,0.0266481637291468
can,DE,2026,04,8684,9490167877,0.19685806904994,0.300928291239851
can,DE,2026,05,2158,1370933432,0.0489198195543264,0.0434715866402311
can,DE,2026,06,1228,909723252,0.0278375988937501,0.0288468515282008
can,DE,2026,07,3348,1578312107,0.0758959943780745,0.0500474566476079
can,DE,2026,08,1479,1168493079,0.0335275315666584,0.0370523082569767
can,DE,2026,09,4096,2685675996,0.0928524471244304,0.0851613900591659
can,DE,2026,10,907,793570422,0.0205608324076803,0.0251637056547453
can,DE,2026,unresolved,41,143333811,0.000929431233423254,0.00454504065472452
can,DE,2026,unmapped,2,1629624,4.53381089474758e-05,5.16745301073087e-05
can,DK,2016,01,545,1382281649,0.216699801192843,0.197636175392768
can,DK,2016,02,96,223136502,0.0381709741550696,0.0319036607899007
can,DK,2016,03,50,68141575,0.0198807157057654,0.0097427613815044
can,DK,2016,04,510,2742281814,0.202783300198807,0.392086583772697
can,DK,2016,05,223,231856664,0.0886679920477137,0.0331504540666053
can,DK,2016,06,179,776801998,0.0711729622266402,0.111065770158525
can,DK,2016,07,477,553815189,0.189662027833002,0.0791835122079254
can,DK,2016,08,47,71912551,0.0186878727634195,0.0102819288331428
can,DK,2016,09,182,245482321,0.0723658051689861,0.0350986263067865
can,DK,2016,10,39,45697802,0.015506958250497,0.00653379057565421
can,DK,2016,unresolved,167,652663978,0.0664015904572565,0.0933167365144912
can,DK,2017,01,532,887558218,0.197622585438336,0.121927306718778
can,DK,2017,02,113,748952194,0.0419762258543834,0.102886460880631
can,DK,2017,03,59,132255502,0.0219167904903418,0.0181684500583375
can,DK,2017,04,566,2253071201,0.210252600297177,0.309513108900731
can,DK,2017,05,240,423235800,0.0891530460624071,0.0581415395119101
can,DK,2017,06,213,735205469,0.0791233283803863,0.100998020075891
can,DK,2017,07,463,965669629,0.171991084695394,0.132657773491645
can,DK,2017,08,80,137086642,0.0297176820208024,0.0188321224537198
can,DK,2017,09,211,537064616,0.0783803863298663,0.073778644414326
can,DK,2017,10,43,104308420,0.0159732540861813,0.0143292512657363
can,DK,2017,unresolved,172,354997078,0.0638930163447251,0.0487673222282936
can,DK,2018,01,557,931827631,0.196334155798379,0.115011530468133
can,DK,2018,02,105,214309608,0.037010927035601,0.026451325535018
can,DK,2018,03,95,60446206,0.0334860768417342,0.00746061871506366
can,DK,2018,04,528,1629304400,0.186112090236165,0.201098128461124
can,DK,2018,05,240,420433898,0.0845964046528023,0.0518923720020735
can,DK,2018,06,219,1232650733,0.0771942192456821,0.152140849464675
can,DK,2018,07,530,2177081861,0.186817060274938,0.268707976087072
can,DK,2018,08,90,110706452,0.0317236517448008,0.0136640276094334
can,DK,2018,09,251,650615578,0.0884737398660557,0.0803027200340541
can,DK,2018,10,37,474352591,0.013041945717307,0.0585473274857571
can,DK,2018,unresolved,185,200307657,0.0652097285865351,0.0247231241375969
can,DK,2019,01,675,2508185503,0.210739931314393,0.250403635132479
can,DK,2019,02,84,199335925,0.02622541367468,0.0199006174674055
can,DK,2019,03,85,441899358,0.0265376209803309,0.0441168348487614
can,DK,2019,04,572,1620810538,0.178582578832345,0.161812932133923
can,DK,2019,05,355,661857341,0.110833593506088,0.0660762467238917
can,DK,2019,06,259,1966395135,0.0808616921635966,0.196314223697521
can,DK,2019,07,557,1182176181,0.17389946924758,0.118022057274219
can,DK,2019,08,81,133484343,0.0252887917577271,0.0133263527280943
can,DK,2019,09,261,816667710,0.0814861067748985,0.0815316742062028
can,DK,2019,10,60,92913536,0.0187324383390571,0.00927598343088438
can,DK,2019,unresolved,214,392844284,0.0668123634093038,0.0392194423566189
can,DK,2020,01,608,1016588604,0.196636481241915,0.113231554042346
can,DK,2020,02,76,459184295,0.0245795601552393,0.051145715297325
can,DK,2020,03,71,329738805,0.0229624838292367,0.0367275780697382
can,DK,2020,04,593,3092744575,0.191785252263907,0.344481802280055
can,DK,2020,05,327,534944080,0.105756791720569,0.0595841319348029
can,DK,2020,06,254,1372805936,0.0821474773609314,0.152908412429771
can,DK,2020,07,569,838699635,0.184023285899094,0.093417595546643
can,DK,2020,08,70,148748087,0.0226390685640362,0.0165681348242185
can,DK,2020,09,256,357822906,0.0827943078913325,0.0398556934033153
can,DK,2020,10,56,152468471,0.018111254851229,0.0169825255229699
can,DK,2020,unresolved,212,674216735,0.0685640362225097,0.0750968566488147
can,DK,2021,01,590,1296717029,0.197522597924339,0.117094747561202
can,DK,2021,02,74,62998488,0.024774020756612,0.00568882175842651
can,DK,2021,03,72,107690311,0.0241044526280549,0.00972453472833377
can,DK,2021,04,598,3264532883,0.200200870438567,0.294790339982592
can,DK,2021,05,342,773920109,0.114496149983261,0.0698857019451486
can,DK,2021,06,240,1443701000,0.0803481754268497,0.130367536145663
can,DK,2021,07,518,2460534273,0.173418145296284,0.222188521565733
can,DK,2021,08,70,104196971,0.0234348844994978,0.00940908289397257
can,DK,2021,09,204,379985276,0.0682959491128222,0.0343130220203143
can,DK,2021,10,48,173304124,0.0160696350853699,0.0156495227542008
can,DK,2021,unresolved,231,1006503182,0.0773351188483428,0.0908881686444144
can,DK,2022,01,688,1384141010,0.215538847117795,0.119122947209979
can,DK,2022,02,89,97165912,0.0278822055137845,0.00836236317121001
can,DK,2022,03,48,200111977,0.0150375939849624,0.0172221820609559
can,DK,2022,04,651,4311451074,0.203947368421053,0.371055228460074
can,DK,2022,05,405,1373177666,0.12687969924812,0.118179411949393
can,DK,2022,06,283,1028662966,0.0886591478696742,0.0885295380386699
can,DK,2022,07,494,608427640,0.154761904761905,0.0523629407099294
can,DK,2022,08,57,98154943,0.0178571428571429,0.0084474818742546
can,DK,2022,09,202,271405949,0.0632832080200501,0.0233579355727645
can,DK,2022,10,64,81589471,0.0200501253132832,0.00702181221176524
can,DK,2022,unresolved,211,2165143604,0.0661027568922306,0.186338158741005
can,DK,2023,01,683,2618672396,0.205908953873983,0.140876906647599
can,DK,2023,02,112,979861112,0.0337654507084715,0.0527136584987457
can,DK,2023,03,67,1373312738,0.0201989749773892,0.073880203833326
can,DK,2023,04,786,6779762809,0.236961109436238,0.364731385947811
can,DK,2023,05,345,870636600,0.104009647271631,0.0468376995952352
can,DK,2023,06,243,1698817566,0.0732589689478444,0.0913914104040843
can,DK,2023,07,479,2099746262,0.144407597226409,0.112960200209564
can,DK,2023,08,101,192374040,0.0304492010853181,0.010349160023185
can,DK,2023,09,227,472498894,0.0684353331323485,0.0254190568789009
can,DK,2023,10,44,130841643,0.0132649984926138,0.00703889724987555
can,DK,2023,unresolved,230,1371848288,0.069339764847754,0.0738014207116742
can,DK,2024,01,880,3814845731,0.270769230769231,0.23210561652339
can,DK,2024,02,88,487831093,0.0270769230769231,0.0296809739067386
can,DK,2024,03,58,80109475,0.0178461538461538,0.00487407890000469
can,DK,2024,04,750,5179167076,0.230769230769231,0.315114647358887
can,DK,2024,05,319,2488033088,0.0981538461538461,0.151378717395593
can,DK,2024,06,272,2080748677,0.0836923076923077,0.126598423254907
can,DK,2024,07,467,1130347972,0.143692307692308,0.0687734528279993
can,DK,2024,08,114,205303326,0.0350769230769231,0.0124912141710751
can,DK,2024,09,223,269798411,0.0686153846153846,0.0164152710064558
can,DK,2024,10,42,440455552,0.0129230769230769,0.0267985168095674
can,DK,2024,unresolved,37,259177862,0.0113846153846154,0.0157690878453832
can,DK,2025,01,867,3075984194,0.258497316636852,0.144463715812691
can,DK,2025,02,79,1924770284,0.0235539654144305,0.0903969103140616
can,DK,2025,03,59,146900924,0.0175909361955874,0.00689920753778677
can,DK,2025,04,734,8529025520,0.218843172331544,0.400566011127062
can,DK,2025,05,393,3330297203,0.117173524150268,0.156407536047954
can,DK,2025,06,252,1952831339,0.075134168157424,0.0917147988398972
can,DK,2025,07,541,1189043793,0.161299940369708,0.0558434874066835
can,DK,2025,08,109,317708594,0.0324985092426953,0.0149211963196667
can,DK,2025,09,227,295047264,0.06768038163387,0.0138569060858471
can,DK,2025,10,44,40104035,0.013118664281455,0.00188348754407879
can,DK,2025,unresolved,49,490721263,0.0146094215861658,0.0230467429642706
can,DK,2026,01,587,1694154679,0.261353517364203,0.153265385149808
can,DK,2026,02,76,1727889844,0.0338379341050757,0.156317310172303
can,DK,2026,03,54,469394188,0.0240427426536064,0.0424647654093582
can,DK,2026,04,444,3886003741,0.197684772929653,0.351555774357933
can,DK,2026,05,248,818757555,0.110418521816563,0.0740706817192519
can,DK,2026,06,157,938411718,0.0699020480854853,0.0848954556341094
can,DK,2026,07,398,794115192,0.177203918076581,0.0718413567921881
can,DK,2026,08,65,92264645,0.0289403383793411,0.00834692163998996
can,DK,2026,09,150,284456179,0.0667853962600178,0.0257339464767242
can,DK,2026,10,34,148182708,0.0151380231522707,0.013405670742867
can,DK,2026,unresolved,33,200102769,0.0146927871772039,0.0181027319054662
can,EE,2016,01,149,36958499,0.133154602323503,0.0414893879373875
can,EE,2016,02,70,39291209,0.0625558534405719,0.0441080741057685
can,EE,2016,03,31,25098180,0.0277033065236819,0.0281750654035593
can,EE,2016,04,269,444994183,0.240393208221626,0.499547784350436
can,EE,2016,05,66,58886803,0.0589812332439678,0.06610596967316
can,EE,2016,07,209,135341120,0.186773905272565,0.151933124544926
can,EE,2016,08,35,28837233,0.031277926720286,0.0323725037366326
can,EE,2016,09,133,23688223,0.118856121537087,0.026592256184277
can,EE,2016,10,37,11705512,0.033065236818588,0.0131405371298695
can,EE,2016,unresolved,111,78141325,0.0991957104557641,0.0877209798716792
can,EE,2016,06,9,7851741,0.00804289544235925,0.00881431706230523
can,EE,2017,01,201,55705687,0.155212355212355,0.069394111755075
can,EE,2017,02,49,31054489,0.0378378378378378,0.0386854340412811
can,EE,2017,03,16,659880,0.0123552123552124,0.000822030728477308
can,EE,2017,04,279,370484699,0.215444015444015,0.461523014803701
can,EE,2017,05,55,63953430,0.0424710424710425,0.0796685528452484
can,EE,2017,06,17,12684730,0.0131274131274131,0.0158017182554979
can,EE,2017,07,248,69625284,0.191505791505792,0.0867341379144079
can,EE,2017,08,50,32406929,0.0386100386100386,0.0403702058761933
can,EE,2017,09,208,120176907,0.160617760617761,0.149707689894162
can,EE,2017,10,35,6949999,0.027027027027027,0.00865780557205335
can,EE,2017,unresolved,137,39041680,0.105791505791506,0.0486352983139025
can,EE,2018,01,187,65650130,0.132062146892655,0.110365212609579
can,EE,2018,02,71,6157268,0.0501412429378531,0.0103510563027698
can,EE,2018,03,21,825124,0.0148305084745763,0.00138712574810235
can,EE,2018,04,314,307491482,0.221751412429379,0.516927579375159
can,EE,2018,05,46,13523079,0.0324858757062147,0.0227338085845547
can,EE,2018,07,224,71530171,0.15819209039548,0.120250219312811
can,EE,2018,08,42,27762499,0.0296610169491525,0.0466718665249897
can,EE,2018,09,275,29924159,0.194209039548023,0.0503058588032933
can,EE,2018,10,44,10597551,0.0310734463276836,0.0178156687466705
can,EE,2018,unresolved,166,58310726,0.117231638418079,0.0980268534488645
can,EE,2018,06,26,3072223,0.018361581920904,0.00516475054320591
can,EE,2019,01,199,152998817,0.117473435655254,0.196131443248628
can,EE,2019,02,102,43878101,0.0602125147579693,0.0562479857353345
can,EE,2019,03,22,3545746,0.012987012987013,0.004545344166766
can,EE,2019,04,417,285033593,0.24616292798111,0.36538877270817
can,EE,2019,05,48,25021078,0.0283353010625738,0.0320748894403313
can,EE,2019,06,27,26530820,0.0159386068476978,0.0340102500084661
can,EE,2019,07,342,67787226,0.201889020070838,0.0868974462018284
can,EE,2019,08,48,34167677,0.0283353010625738,0.0438000497903388
can,EE,2019,09,268,93091198,0.158205430932704,0.119334981639
can,EE,2019,10,44,6225624,0.025974025974026,0.00798071935577968
can,EE,2019,unresolved,177,41803183,0.104486422668241,0.0535881177053577
can,EE,2020,01,256,307928629,0.138528138528139,0.233301637313983
can,EE,2020,02,97,7214332,0.0524891774891775,0.00546592719615773
can,EE,2020,03,14,3088447,0.00757575757575758,0.00233995697054027
can,EE,2020,04,363,465826736,0.196428571428571,0.352932887618672
can,EE,2020,05,36,58820029,0.0194805194805195,0.044564901669328
can,EE,2020,06,42,51852314,0.0227272727272727,0.0392858234520272
can,EE,2020,07,431,213900318,0.233225108225108,0.162061236636044
can,EE,2020,08,35,19256105,0.0189393939393939,0.0145893574084986
can,EE,2020,09,261,130071457,0.141233766233766,0.0985484330718575
can,EE,2020,unresolved,231,58374991,0.125,0.0442277193345638
can,EE,2020,10,82,3540058,0.0443722943722944,0.00268211932832807
can,EE,2021,01,304,100340299,0.135111111111111,0.105665514197799
can,EE,2021,02,110,36676714,0.0488888888888889,0.0386232040617661
can,EE,2021,04,498,278750469,0.221333333333333,0.29354418845974
can,EE,2021,05,74,37242407,0.0328888888888889,0.0392189192661138
can,EE,2021,06,37,26816815,0.0164444444444444,0.0282400249387562
can,EE,2021,07,527,78124290,0.234222222222222,0.0822704671648226
can,EE,2021,08,43,27383606,0.0191111111111111,0.0288368964156658
can,EE,2021,09,316,217640505,0.140444444444444,0.229191023948351
can,EE,2021,10,67,22424649,0.0297777777777778,0.0236147598811736
can,EE,2021,unresolved,255,111353354,0.113333333333333,0.117263049097148
can,EE,2021,03,19,12849984,0.00844444444444444,0.0135319525686633
can,EE,2022,01,305,116566212,0.117942768754834,0.0791599882692725
can,EE,2022,02,174,62329261,0.0672853828306265,0.0423277336111121
can,EE,2022,03,32,16826542,0.0123743232791957,0.0114268864405787
can,EE,2022,04,750,558118177,0.290023201856148,0.379017449277564
can,EE,2022,05,103,219329991,0.0398298530549111,0.148946759243233
can,EE,2022,06,28,4802197,0.0108275328692962,0.00326116677950155
can,EE,2022,07,451,131318209,0.174400618716164,0.0891780534481284
can,EE,2022,08,71,89506536,0.0274555297757154,0.0607837916169328
can,EE,2022,09,270,172879545,0.104408352668213,0.117402311693865
can,EE,2022,10,59,14264232,0.022815158546017,0.00968682449585117
can,EE,2022,unresolved,343,86598629,0.132637277648879,0.058809035123961
can,EE,2023,01,202,134202886,0.121321321321321,0.0616189351543811
can,EE,2023,02,159,150387539,0.0954954954954955,0.06905007999357
can,EE,2023,03,29,5358766,0.0174174174174174,0.0024604646330892
can,EE,2023,04,536,1457891121,0.321921921921922,0.669387232455247
can,EE,2023,05,39,44695063,0.0234234234234234,0.020521631619144
can,EE,2023,06,26,76214666,0.0156156156156156,0.0349937821908451
can,EE,2023,07,354,107820147,0.212612612612613,0.0495053634415048
can,EE,2023,08,36,35059357,0.0216216216216216,0.0160974201816889
can,EE,2023,09,144,43065224,0.0864864864864865,0.0197732949279861
can,EE,2023,10,37,8139161,0.0222222222222222,0.00373707636861153
can,EE,2023,unresolved,103,115114872,0.0618618618618619,0.0528547190339326
can,EE,2024,01,431,214549960,0.19266875279392,0.0744813475210536
can,EE,2024,02,109,293921066,0.0487259722843093,0.102035148645586
can,EE,2024,03,87,47044278,0.0388913723737148,0.016331493227009
can,EE,2024,04,489,1710545245,0.218596334376397,0.593818404083276
can,EE,2024,05,63,67673315,0.0281627179257935,0.0234928950460617
can,EE,2024,06,107,168287228,0.0478319177469826,0.0584211691860618
can,EE,2024,07,521,143161989,0.232901206973625,0.0496989039499903
can,EE,2024,08,59,49979712,0.0263746088511399,0.0173505336401562
can,EE,2024,09,290,156197851,0.129637907912383,0.0542243234273861
can,EE,2024,10,81,29225800,0.0362092087617345,0.0101457812734191
can,EE,2025,01,458,198105417,0.190278354798504,0.0663976489603409
can,EE,2025,02,108,127898766,0.0448691316992106,0.0428669619232511
can,EE,2025,03,81,11500303,0.033651848774408,0.00385447855538224
can,EE,2025,04,529,2048280077,0.219775654341504,0.686508140890999
can,EE,2025,05,74,78090638,0.0307436643124221,0.0261731094865168
can,EE,2025,06,94,126575349,0.0390527627752389,0.042423401223474
can,EE,2025,07,624,175753173,0.259243872039884,0.058905998943583
can,EE,2025,08,55,46044303,0.0228500207727462,0.015432356739733
can,EE,2025,09,328,155912443,0.136269214790195,0.0522561160397909
can,EE,2025,10,56,15460489,0.023265475695887,0.00518178723692958
can,EE,2026,01,324,86845094,0.194244604316547,0.0759153147760805
can,EE,2026,02,65,52820278,0.038968824940048,0.0461726488652321
can,EE,2026,03,74,19901638,0.0443645083932854,0.0173969425760493
can,EE,2026,04,349,568546652,0.209232613908873,0.496992933780078
can,EE,2026,05,60,55760764,0.0359712230215827,0.0487430637269474
can,EE,2026,06,79,114427800,0.0473621103117506,0.100026634275212
can,EE,2026,07,412,65108396,0.247002398081535,0.0569142613502808
can,EE,2026,08,36,15959397,0.0215827338129496,0.0139508473200735
can,EE,2026,09,239,154708658,0.143285371702638,0.135237995950065
can,EE,2026,10,30,9894634,0.0179856115107914,0.00864935737998174
can,ES,2016,01,1789,2328745397,0.173858114674441,0.130477643250566
can,ES,2016,02,210,250818306,0.0204081632653061,0.0140531384380357
can,ES,2016,03,311,472473720,0.03022351797862,0.0264723045992253
can,ES,2016,04,2124,5636190769,0.206413994169096,0.315791021808175
can,ES,2016,05,623,1561598023,0.0605442176870748,0.0874950220012322
can,ES,2016,06,265,556167478,0.0257531584062196,0.0311615953704238
can,ES,2016,07,2522,3369575934,0.245092322643343,0.188794501618137
can,ES,2016,08,432,572415607,0.0419825072886297,0.0320719643536035
can,ES,2016,09,679,1195410468,0.0659863945578231,0.0669778417093726
can,ES,2016,10,264,761817920,0.0256559766763848,0.0426840164303493
can,ES,2016,unresolved,1070,1142468482,0.103984450923226,0.0640115468232149
can,ES,2016,unmapped,1,167834,9.71817298347911e-05,9.40359766487409e-06
can,ES,2017,01,2592,3249439770,0.203405791414894,0.148442751035164
can,ES,2017,02,216,124589399,0.0169504826179079,0.00569156360678681
can,ES,2017,03,290,616349050,0.0227575924036726,0.0281564069673185
can,ES,2017,04,2413,5817419722,0.189358863689869,0.265754668060796
can,ES,2017,05,794,2295607075,0.0623087185121243,0.104869224736788
can,ES,2017,06,343,610902254,0.0269167386015852,0.0279075833423872
can,ES,2017,07,3032,4640523408,0.237934552303225,0.211991022971506
can,ES,2017,08,568,826081001,0.0445734913285726,0.037737500937376
can,ES,2017,09,850,1039419886,0.0667032880797301,0.0474833689126961
can,ES,2017,10,535,1635535219,0.0419838342619477,0.0747154477410914
can,ES,2017,unresolved,1110,1034321503,0.087106646786471,0.0472504616880914
can,ES,2018,01,3093,5353235723,0.211718803477309,0.184710468639123
can,ES,2018,02,268,252742559,0.01834485591074,0.00872074366487617
can,ES,2018,03,387,563324585,0.0264905195427476,0.0194372064813499
can,ES,2018,04,2947,10068987223,0.201724964063249,0.347424893077451
can,ES,2018,05,911,2620461565,0.0623588199055377,0.0904175920448176
can,ES,2018,06,477,702325893,0.0326511054829215,0.0242333705343952
can,ES,2018,07,3288,4401288620,0.225066739681019,0.15186405487869
can,ES,2018,08,642,820365046,0.0439455130399069,0.0283062469023682
can,ES,2018,09,883,927187710,0.0604421931685947,0.0319921044565096
can,ES,2018,10,587,2107805363,0.0401807105209118,0.07272867038659
can,ES,2018,unresolved,1126,1164042488,0.0770757752070642,0.0401646489338295
can,ES,2019,01,4090,6397201270,0.228696041154104,0.198242198587064
can,ES,2019,02,593,626820635,0.033158130172221,0.0194244788552885
can,ES,2019,03,542,624440727,0.030306419145605,0.0193507281361158
can,ES,2019,04,3753,11667407159,0.209852382017446,0.361560055622669
can,ES,2019,05,1053,1721443698,0.0588794453142474,0.0533456380426445
can,ES,2019,06,451,824653796,0.0252180720196824,0.0255551099132775
can,ES,2019,07,3681,5465706105,0.205826437038694,0.169376192705898
can,ES,2019,08,886,903260436,0.0495414895996421,0.0279910428282257
can,ES,2019,09,1138,929672390,0.063632297025274,0.0288095200980429
can,ES,2019,10,641,1380817258,0.035842093491389,0.0427900010519571
can,ES,2019,unresolved,1056,1728200832,0.0590471930216954,0.0535550341588163
can,ES,2020,01,4266,3166108730,0.229564655868267,0.117383526246313
can,ES,2020,02,509,955130075,0.0273906258408223,0.0354114611305232
can,ES,2020,03,611,604888747,0.032879513533875,0.0224262589079099
can,ES,2020,04,3480,8461191294,0.187267933057095,0.313698787702191
can,ES,2020,05,1127,1364609000,0.0606468277457892,0.0505928981053834
can,ES,2020,06,555,778968345,0.0298660065651402,0.0288802624824431
can,ES,2020,07,4243,6502902928,0.228326965506108,0.241095218649081
can,ES,2020,08,725,495242284,0.0390141527202282,0.0183611147309518
can,ES,2020,09,1189,1145037234,0.0639832104611742,0.0424522717544967
can,ES,2020,10,716,2148857998,0.0385298391002529,0.0796689408729916
can,ES,2020,unresolved,1162,1349406344,0.0625302696012485,0.0500292594177159
can,ES,2021,01,5605,6259949716,0.253035980316916,0.166948472987809
can,ES,2021,02,413,892811598,0.0186447564444043,0.0238106597838854
can,ES,2021,03,604,999606796,0.0272673919913322,0.0266588128901253
can,ES,2021,04,3926,10604646454,0.177238047943659,0.28281849094503
can,ES,2021,05,1470,3586830491,0.0663626924292357,0.0956582561371112
can,ES,2021,06,588,2053878930,0.0265450769716943,0.0547755120442785
can,ES,2021,07,4904,6552228691,0.221389553519029,0.174743348470271
can,ES,2021,08,1043,1328957578,0.0470859103426482,0.0354423674914832
can,ES,2021,09,1517,1702643156,0.0684844927994222,0.0454083000396652
can,ES,2021,10,790,1591757902,0.0356643040946233,0.0424510680055404
can,ES,2021,unresolved,1291,1922986821,0.0582817931470363,0.0512847112048004
can,ES,2022,01,6180,5993674901,0.247615994871384,0.122483193361777
can,ES,2022,02,521,732484313,0.0208750701177979,0.0149686159535745
can,ES,2022,03,712,1129055684,0.0285279269172209,0.0230727138097718
can,ES,2022,04,4232,13909483235,0.169564868979886,0.284245968087234
can,ES,2022,05,1653,5676642220,0.0662312685311323,0.116004501105304
can,ES,2022,06,663,1254434291,0.0265646285760077,0.0256348768263294
can,ES,2022,07,5513,10203311736,0.220891097043032,0.208508840558314
can,ES,2022,08,1101,1477645263,0.0441141117076689,0.030196284159147
can,ES,2022,09,2155,1783013751,0.0863450597002965,0.0364366138700656
can,ES,2022,10,902,3968079976,0.036140716403558,0.0810893341736494
can,ES,2022,unresolved,1326,2806846698,0.0531292571520154,0.0573590580948327
can,ES,2023,01,7160,9397772598,0.27139716473353,0.153569851208638
can,ES,2023,02,618,956993408,0.0234250625426427,0.0156383157542548
can,ES,2023,03,774,998782126,0.0293381851262224,0.0163211889711302
can,ES,2023,04,4739,20790548274,0.179630050792207,0.339740227983774
can,ES,2023,05,1644,5029760070,0.0623152149192631,0.082191763794054
can,ES,2023,06,700,2669429026,0.0265332423622167,0.0436213809240375
can,ES,2023,07,5635,9864170426,0.213592601015844,0.161191300259792
can,ES,2023,08,1057,1688689738,0.0400651959669472,0.02759503159902
can,ES,2023,09,1645,2581529295,0.0623531195512092,0.0421850034771282
can,ES,2023,10,968,3874482504,0.036691683723751,0.0633132686969227
can,ES,2023,unresolved,1442,3343269398,0.0546584792661663,0.0546326673312481
can,ES,2024,01,7625,11944410102,0.347380410022779,0.223843593442542
can,ES,2024,02,563,1250510289,0.0256492027334852,0.0234351227340864
can,ES,2024,03,609,1178162999,0.027744874715262,0.0220793021258575
can,ES,2024,04,3352,18327427316,0.152710706150342,0.343464194040316
can,ES,2024,05,1487,4293682308,0.067744874715262,0.0804655289558801
can,ES,2024,06,506,1665031008,0.0230523917995444,0.0312034266105424
can,ES,2024,07,4372,7021953782,0.199179954441913,0.131594557967089
can,ES,2024,08,1048,1398101189,0.047744874715262,0.0262010422841768
can,ES,2024,09,1206,1931358452,0.0549430523917996,0.0361945221596934
can,ES,2024,10,1016,3905460857,0.0462870159453303,0.0731900851372885
can,ES,2024,unresolved,163,443368109,0.00742596810933941,0.0083089168815266
can,ES,2024,unmapped,3,1051611,0.000136674259681093,1.97076610007128e-05
can,ES,2025,01,9754,12969626397,0.380228433321639,0.217875195362806
can,ES,2025,02,571,358021979,0.022258605231357,0.00601436820391731
can,ES,2025,03,645,1198858950,0.025143258098468,0.0201394874415286
can,ES,2025,04,3343,16751110141,0.130316142361517,0.281399886380571
can,ES,2025,05,1635,8343590153,0.0637352356449538,0.140162968382231
can,ES,2025,06,685,3262589552,0.0267025299185281,0.0548078498386872
can,ES,2025,07,5367,8327500646,0.209215296456555,0.139892682687515
can,ES,2025,08,1212,1955140527,0.047245936147819,0.0328441707758365
can,ES,2025,09,1355,2305803776,0.0528203329045336,0.0387349205587372
can,ES,2025,10,997,3880262178,0.0388648501149963,0.065184058060933
can,ES,2025,unresolved,82,172740204,0.00319650723112307,0.00290184192986596
can,ES,2025,unmapped,7,2534120,0.000272872568510506,4.2570377370354e-05
can,ES,2026,01,6883,11167135307,0.361483115382596,0.223003784381926
can,ES,2026,02,411,273850595,0.0215850007877738,0.00546870055402313
can,ES,2026,03,505,1170903446,0.026521716296413,0.023382532084138
can,ES,2026,04,2476,12630924616,0.130035187227562,0.252235144661065
can,ES,2026,05,1285,4959911216,0.0674859513681004,0.0990476913692473
can,ES,2026,06,503,2813418737,0.0264166797962292,0.0561829876825024
can,ES,2026,07,4241,9689250742,0.222729898639777,0.193490946772799
can,ES,2026,08,864,1354673410,0.0453757680794076,0.0270523539588709
can,ES,2026,09,953,2634471892,0.0500498923375873,0.0526094818064528
can,ES,2026,10,734,2499107324,0.0385483955674597,0.0499062987514125
can,ES,2026,unresolved,185,882027716,0.00971587626700278,0.0176137848418878
can,ES,2026,unmapped,1,315135,5.25182500919069e-05,6.29313567528338e-06
can,FI,2016,01,688,1512029364,0.248465149873601,0.270367045516991
can,FI,2016,02,59,45820724,0.0213073311664861,0.00819323623355867
can,FI,2016,03,71,89053413,0.0256410256410256,0.0159237040888674
can,FI,2016,04,607,1924070643,0.219212712170459,0.344044439545611
can,FI,2016,05,148,112244038,0.0534488985193211,0.0200704362319228
can,FI,2016,06,170,272505761,0.0613940050559769,0.0487269488556898
can,FI,2016,07,414,821865997,0.149512459371614,0.146958443209021
can,FI,2016,08,61,126593556,0.0220296135789094,0.0226362837469403
can,FI,2016,09,229,150842518,0.082701336222463,0.0269722578813645
can,FI,2016,10,48,44763790,0.0173347778981582,0.0080042451136174
can,FI,2016,unresolved,274,492716343,0.0989526905019863,0.0881029595764162
can,FI,2017,01,707,1215077520,0.24253859348199,0.197074343301577
can,FI,2017,02,72,150535857,0.0246998284734134,0.0244155246667843
can,FI,2017,03,55,68529290,0.0188679245283019,0.011114817451049
can,FI,2017,04,582,1557745730,0.199656946826758,0.252651959827703
can,FI,2017,05,155,163174144,0.0531732418524871,0.0264653380078967
can,FI,2017,06,196,549295112,0.0672384219554031,0.0890905902663445
can,FI,2017,07,504,1382278969,0.172898799313894,0.224192872957814
can,FI,2017,08,80,47190095,0.0274442538593482,0.00765379725111202
can,FI,2017,09,237,194892910,0.081303602058319,0.0316098286900932
can,FI,2017,10,74,79987358,0.0253859348198971,0.0129732101786215
can,FI,2017,unresolved,253,756872459,0.0867924528301887,0.122757717401005
can,FI,2018,01,787,1030314222,0.250238473767886,0.147583099999432
can,FI,2018,02,72,100166222,0.0228934817170111,0.0143478962459583
can,FI,2018,03,64,31646476,0.0203497615262321,0.00453306858471922
can,FI,2018,04,704,3066300270,0.223847376788553,0.439219501888711
can,FI,2018,05,136,125703850,0.0432432432432432,0.0180059281612669
can,FI,2018,06,211,500078885,0.0670906200317965,0.0716317318703958
can,FI,2018,07,503,965829831,0.159936406995231,0.13834630007748
can,FI,2018,08,77,88665159,0.024483306836248,0.0127004740376791
can,FI,2018,09,209,199237781,0.0664546899841017,0.0285389920173187
can,FI,2018,10,71,224686362,0.0225755166931638,0.0321842687633546
can,FI,2018,unresolved,311,648618944,0.0988871224165342,0.0929087383536844
can,FI,2019,01,869,1618999734,0.228864893336845,0.179688148111131
can,FI,2019,02,84,146928855,0.0221227284698446,0.0163072132160331
can,FI,2019,03,70,74372465,0.0184356070582038,0.00825438709201783
can,FI,2019,04,754,2971174957,0.198577824598367,0.329762207198423
can,FI,2019,05,137,156479538,0.0360811166710561,0.0173672161952964
can,FI,2019,06,262,729041633,0.0690018435607058,0.0809142448751537
can,FI,2019,07,704,1864553839,0.185409533842507,0.206941495633013
can,FI,2019,08,110,182975966,0.0289702396628918,0.0203079789260702
can,FI,2019,09,285,384437040,0.0750592573084014,0.0426675670985161
can,FI,2019,10,90,151650263,0.0237029233605478,0.0168312287808171
can,FI,2019,unresolved,432,729438688,0.113774032130629,0.0809583128735295
can,FI,2020,01,948,1590237497,0.22491103202847,0.210936015552234
can,FI,2020,02,103,113822528,0.0244365361803084,0.0150979149854637
can,FI,2020,03,75,128656105,0.0177935943060498,0.0170655051313821
can,FI,2020,04,849,1869845482,0.201423487544484,0.248024434347385
can,FI,2020,05,203,196288820,0.0481613285883749,0.0260366024989094
can,FI,2020,06,211,706202440,0.0500593119810202,0.0936737620310718
can,FI,2020,07,822,1612321167,0.195017793594306,0.213865289555241
can,FI,2020,08,73,49221470,0.0173190984578885,0.00652894978329378
can,FI,2020,09,309,225127629,0.0733096085409253,0.0298619075085119
can,FI,2020,10,85,171832499,0.0201660735468565,0.0227926097515755
can,FI,2020,unresolved,537,875401107,0.127402135231317,0.116117008854932
can,FI,2021,01,1011,1919404652,0.225871313672922,0.21258966946756
can,FI,2021,02,92,127437178,0.0205540661304736,0.0141147034944764
can,FI,2021,03,70,42799632,0.015638963360143,0.00474040719383086
can,FI,2021,04,990,1927520659,0.221179624664879,0.213488583223828
can,FI,2021,05,183,171260452,0.0408847184986595,0.0189684873617494
can,FI,2021,06,229,1007301039,0.0511617515638963,0.111566779163636
can,FI,2021,07,813,2419682304,0.181635388739946,0.267999486553222
can,FI,2021,08,60,29808328,0.0134048257372654,0.00330151465992207
can,FI,2021,09,387,264905246,0.0864611260053619,0.0293404096049689
can,FI,2021,10,99,293792881,0.0221179624664879,0.0325399500301473
can,FI,2021,unresolved,542,824770240,0.121090259159964,0.0913500092466591
can,FI,2022,01,994,1428261737,0.196132596685083,0.165866522896562
can,FI,2022,02,106,322364799,0.0209155485398579,0.0374367855199211
can,FI,2022,03,105,98264200,0.0207182320441989,0.0114115926772967
can,FI,2022,04,1192,2055981643,0.235201262825572,0.23876472878134
can,FI,2022,05,178,181417993,0.0351223362273086,0.021068387474265
can,FI,2022,06,238,420853078,0.0469613259668508,0.048874400881731
can,FI,2022,07,1085,2001669570,0.214088397790055,0.232457373157057
can,FI,2022,08,64,40659223,0.0126282557221784,0.00472182637676158
can,FI,2022,09,333,276041913,0.0657063930544594,0.0320572280954588
can,FI,2022,10,136,237783955,0.026835043409629,0.0276142648050527
can,FI,2022,unresolved,637,1547612108,0.125690607734807,0.179726889334555
can,FI,2023,01,1090,2385282182,0.196857504063572,0.228473494705822
can,FI,2023,02,79,157084442,0.0142676539642406,0.015046283286098
can,FI,2023,03,141,97174932,0.0254650532779483,0.00930786993647219
can,FI,2023,04,1437,2006889031,0.259526819577389,0.192229227157892
can,FI,2023,05,216,339214252,0.03901029438324,0.0324915291755872
can,FI,2023,06,341,1245887400,0.0615856962253928,0.119336928115262
can,FI,2023,07,1037,2418812958,0.1872855336825,0.231685229414079
can,FI,2023,08,93,99702366,0.0167960989705617,0.00954995939782646
can,FI,2023,09,318,191646898,0.0574318222864367,0.0183568371348318
can,FI,2023,10,177,504288299,0.0319667690084883,0.0483030942339821
can,FI,2023,unresolved,607,994034951,0.109626151345494,0.0952133214378324
can,FI,2023,unmapped,1,65000,0.000180603214737222,6.22600431426793e-06
can,FI,2024,01,1242,3003476001,0.234871406959153,0.200082865012308
can,FI,2024,02,78,116281038,0.014750378214826,0.007746305687776
can,FI,2024,03,113,129481940,0.0213691376701967,0.00862571151356828
can,FI,2024,04,1455,3694849605,0.275151285930408,0.246140170426484
can,FI,2024,05,181,258683852,0.0342284417549168,0.0172327683734936
can,FI,2024,06,327,1765849398,0.0618381240544629,0.117635768228034
can,FI,2024,07,1125,3977947178,0.212745839636914,0.264999310124957
can,FI,2024,08,189,233726004,0.0357413010590015,0.0155701488850345
can,FI,2024,09,359,487103776,0.0678895612708018,0.0324494415896594
can,FI,2024,10,174,1124705600,0.0329046898638427,0.0749246268884659
can,FI,2024,unresolved,45,219056113,0.00850983358547655,0.0145928832702199
can,FI,2025,01,1346,3052210775,0.257410594759992,0.183711359467306
can,FI,2025,02,88,311489896,0.0168292216484988,0.0187484536530704
can,FI,2025,03,154,152356368,0.0294511378848728,0.00917026953644154
can,FI,2025,04,1365,4319865768,0.261044176706827,0.260011012167257
can,FI,2025,05,194,264241824,0.0371007840887359,0.0159046108849283
can,FI,2025,06,335,1561994139,0.0640657869573532,0.0940158094932529
can,FI,2025,07,1070,4236646624,0.204628035953337,0.255002084801176
can,FI,2025,08,177,1251291951,0.0338496844520941,0.0753147676731819
can,FI,2025,09,302,355058176,0.0577548288391662,0.0213708111960066
can,FI,2025,10,161,951171838,0.0307898259705489,0.0572506567623908
can,FI,2025,unresolved,37,157837295,0.00707592273857334,0.00950016436498957
can,FI,2026,01,1111,2681667554,0.262709860487113,0.255779400495828
can,FI,2026,02,61,66108079,0.0144242137621187,0.00630543662629959
can,FI,2026,03,79,69612975,0.0186805391345472,0.00663973615434624
can,FI,2026,04,887,3142715588,0.209742255852447,0.299754497095852
can,FI,2026,05,186,283304070,0.0439820288484275,0.0270217481188304
can,FI,2026,06,390,1268932396,0.0922203830692835,0.121031694265938
can,FI,2026,07,911,2071139041,0.215417356349019,0.19754674715749
can,FI,2026,08,169,100540076,0.0399621659966895,0.00958958552738076
can,FI,2026,09,237,287593246,0.0560416174036415,0.0274308528433384
can,FI,2026,10,179,475929157,0.0423267912035942,0.0453944689282483
can,FI,2026,unresolved,19,36756197,0.00449278789311894,0.00350583278644783
can,FR,2016,01,9431,11848061156,0.2756071188521,0.298977154515353
can,FR,2016,02,635,712874414,0.0185569420497385,0.0179888642553627
can,FR,2016,03,624,251820806,0.0182354832110816,0.00635451379211657
can,FR,2016,04,5864,10836316786,0.171366784534908,0.27344652559162
can,FR,2016,05,2561,3591896723,0.0748414623454806,0.0906388857565718
can,FR,2016,06,3302,3419256933,0.0964960986586399,0.0862824469696071
can,FR,2016,07,2882,1762860322,0.0842222157281043,0.0444844904107092
can,FR,2016,08,1402,1056858397,0.0409713901633595,0.026669048386934
can,FR,2016,09,1422,1826807599,0.0415558607790993,0.0460981531581186
can,FR,2016,10,591,434373775,0.0172711066951109,0.0109611043980665
can,FR,2016,unresolved,5505,3887523563,0.160875536982378,0.0980988127655412
can,FR,2017,01,11131,18155805102,0.302645531417385,0.294005401357226
can,FR,2017,02,603,483241659,0.0163952255363115,0.00782535707497632
can,FR,2017,03,697,396941532,0.0189510318388211,0.00642785895615042
can,FR,2017,04,6489,12767927302,0.176432203159412,0.206756988733641
can,FR,2017,05,2565,5637265748,0.0697408847440115,0.091286867725602
can,FR,2017,06,3697,4975873882,0.100519318089127,0.0805766414412102
can,FR,2017,07,3189,5045178734,0.0867070882840752,0.0816989271627076
can,FR,2017,08,1657,4393327655,0.045052883438919,0.071143199282294
can,FR,2017,09,1510,2576439878,0.041056037412654,0.0417214899669037
can,FR,2017,10,744,1076406984,0.0202289349900759,0.0174307592297176
can,FR,2017,unresolved,4497,6244896117,0.122270861089209,0.101126509069571
can,FR,2018,01,11663,10937836104,0.305706272443711,0.168139907054849
can,FR,2018,02,593,1064532656,0.0155434982045032,0.0163643356999319
can,FR,2018,03,732,663287725,0.0191869151529449,0.0101962705759814
can,FR,2018,04,6561,17560402940,0.171974522292994,0.269944117840413
can,FR,2018,05,2879,6763441151,0.075463290608372,0.103969775711322
can,FR,2018,06,3771,6190184376,0.0988440669969332,0.0951574896292685
can,FR,2018,07,3048,2906955379,0.0798930565384918,0.044686645748779
can,FR,2018,08,1945,8229248325,0.0509816256454615,0.12650263135601
can,FR,2018,09,1503,3334040066,0.0393960839820712,0.0512519278479017
can,FR,2018,10,740,610822485,0.0193966082147257,0.00938975816408082
can,FR,2018,unresolved,4716,6791242074,0.123614059919792,0.104397140371463
can,FR,2019,01,12411,16591864496,0.316873898945541,0.214835103985021
can,FR,2019,02,588,987893632,0.0150126381903133,0.0127914636241169
can,FR,2019,03,830,887699629,0.0211913090101361,0.0114941296772076
can,FR,2019,04,6451,22795243273,0.164704981234202,0.295157814246822
can,FR,2019,05,2975,8174257465,0.0759568003676565,0.105842080190384
can,FR,2019,06,3778,6973050498,0.096458753542523,0.0902885886749973
can,FR,2019,07,2998,2780013756,0.0765440294125156,0.0359962284223111
can,FR,2019,08,2108,7130394606,0.0538208185462251,0.0923259147278806
can,FR,2019,09,1712,1905322854,0.043710266295606,0.0246705385981672
can,FR,2019,10,783,1732831537,0.0199913192228151,0.0224370831578131
can,FR,2019,unresolved,4533,7272123742,0.115735185232466,0.0941610546952789
can,FR,2020,01,10404,16041828464,0.308925708177445,0.266436300350885
can,FR,2020,02,554,1416072478,0.0164499079517786,0.0235193334047753
can,FR,2020,03,718,612066390,0.0213195557930994,0.0101657180094331
can,FR,2020,04,5552,15523105813,0.164855395213492,0.257820914370989
can,FR,2020,05,2461,5365200820,0.0730744105944534,0.0891098081698285
can,FR,2020,06,3445,4850708576,0.102292297642378,0.0805646843793448
can,FR,2020,07,2764,5180263400,0.0820713819110399,0.0860382105591313
can,FR,2020,08,1577,4349641770,0.0468258210107489,0.0722425416560965
can,FR,2020,09,1289,1490430498,0.0382742443137954,0.0247543345017311
can,FR,2020,10,637,526628826,0.0189144248470812,0.00874669844353785
can,FR,2020,unresolved,4277,4852922563,0.126996852544688,0.0806014561542475
can,FR,2021,01,12091,13942751798,0.324817322157748,0.212054244002606
can,FR,2021,02,587,1318843958,0.015769396088545,0.0200581967263601
can,FR,2021,03,659,444605854,0.0177036320653342,0.00676197637417795
can,FR,2021,04,5674,21312689684,0.152428540726413,0.324143064732103
can,FR,2021,05,2866,5709015605,0.0769933376316355,0.0868279809937528
can,FR,2021,06,3929,7732029589,0.105550182677842,0.117595845702164
can,FR,2021,07,2656,3341607303,0.0713518160326671,0.0508222494854206
can,FR,2021,08,1864,4676343296,0.0500752202879863,0.0711221469546765
can,FR,2021,09,1608,1646683020,0.0431979368149581,0.0250442759060028
can,FR,2021,10,777,671214224,0.0208736299161831,0.0102084457140328
can,FR,2021,unresolved,4513,4955089289,0.121238985600688,0.0753615734087033
can,FR,2022,01,11959,12922240658,0.320135988863904,0.184824031235059
can,FR,2022,02,512,1491624288,0.0137059642359996,0.021334381651963
can,FR,2022,03,687,3535228032,0.018390619980726,0.0505636068466901
can,FR,2022,04,5615,18827096326,0.150310525752222,0.26927991294357
can,FR,2022,05,2981,6568917455,0.0797997644287397,0.0939538147458828
can,FR,2022,06,3767,6559312994,0.100840561087911,0.0938164442041292
can,FR,2022,07,2867,5286523840,0.0767480458293179,0.0756120144476763
can,FR,2022,08,2029,5192844706,0.054315237177428,0.0742721419250446
can,FR,2022,09,1562,2547058753,0.0418138987043581,0.0364300339996039
can,FR,2022,10,724,1981689392,0.0193810900524681,0.0283436775230188
can,FR,2022,unresolved,4653,5003916366,0.124558303886926,0.0715699404773622
can,FR,2023,01,12819,19377120000,0.325371846286614,0.182536072284993
can,FR,2023,02,587,1372010368,0.0148992334636276,0.0129245927005152
can,FR,2023,03,782,2493053710,0.019848723285446,0.0234850293655058
can,FR,2023,04,5833,28951423112,0.148053200670085,0.27272778730407
can,FR,2023,05,3013,9944410441,0.0764759632468653,0.0936781948550669
can,FR,2023,06,4210,11485804246,0.106858216153104,0.108198411017692
can,FR,2023,07,2916,10903339430,0.0740139093354993,0.10271148418043
can,FR,2023,08,2053,5705653139,0.0521092441240672,0.053748313155598
can,FR,2023,09,1569,2906019610,0.0398243565663232,0.0273752449070123
can,FR,2023,10,699,1789692556,0.0177420173612874,0.0168592365516614
can,FR,2023,unresolved,4914,11221776409,0.124727143509823,0.105711219714759
can,FR,2023,unmapped,3,4714765,7.61459972587441e-05,4.44139626965594e-05
can,FR,2024,01,12309,14798661882,0.382433356117567,0.204579799653665
can,FR,2024,02,462,883965628,0.0143540669856459,0.0122201258815791
can,FR,2024,03,771,615001302,0.0239545143851364,0.00850190673677986
can,FR,2024,04,4588,21437916508,0.142546448766544,0.296362245395522
can,FR,2024,05,2773,7748164445,0.0861554713229354,0.107112247207281
can,FR,2024,06,4090,10615858873,0.127073883054744,0.146755855273072
can,FR,2024,07,2334,5481242860,0.0725160007456658,0.0757738486826171
can,FR,2024,08,2002,4876211998,0.062200956937799,0.0674097753955047
can,FR,2024,09,1816,1879528477,0.0564220468526689,0.0259829951068557
can,FR,2024,10,702,996085122,0.0218107251600075,0.0137700892365558
can,FR,2024,unresolved,334,3004230509,0.0103771826259865,0.0415311114305684
can,FR,2024,unmapped,5,0,0.000155347045299198,0
can,FR,2025,01,12300,16057417461,0.370973579442635,0.20766225035641
can,FR,2025,02,472,2006226737,0.0142357341054409,0.0259454896743197
can,FR,2025,03,784,667577177,0.0236457956327663,0.00863342932941134
can,FR,2025,04,4961,22704144599,0.149626010375196,0.293620924491555
can,FR,2025,05,2942,8755863313,0.0887320545301001,0.113235038187609
can,FR,2025,06,4428,11317880035,0.133550488599349,0.146368271425984
can,FR,2025,07,2287,3863134764,0.0689769574134395,0.0499599179301874
can,FR,2025,08,2205,7075924280,0.0665038002171553,0.0915092581297845
can,FR,2025,09,1938,4056051511,0.0584509591024249,0.0524548101450008
can,FR,2025,10,778,772508572,0.023464832911087,0.00999045262856024
can,FR,2025,unmapped,5,360000,0.000150802268066112,4.65569325265906e-06
can,FR,2025,unresolved,56,47593497,0.00168898540234045,0.00061550200792597
can,FR,2026,01,8335,13437042687,0.36521777232495,0.230254510710374
can,FR,2026,02,367,894186792,0.0160809744982911,0.0153226083351534
can,FR,2026,03,595,1820721558,0.026071334677066,0.0311995251665542
can,FR,2026,04,3349,15333800183,0.146744369468057,0.262756972699294
can,FR,2026,05,2026,7935540575,0.0887739900096398,0.135981856639237
can,FR,2026,06,2788,7160763012,0.122162825343966,0.122705421278163
can,FR,2026,07,1732,3372208531,0.0758916834633249,0.0577854996375031
can,FR,2026,08,1629,4593345065,0.0713784944351941,0.0787106542043453
can,FR,2026,09,1412,2018414513,0.0618701253176759,0.0345871526144041
can,FR,2026,10,548,1164384424,0.0240119183244238,0.0199526616140235
can,FR,2026,unresolved,36,626940994,0.00157742529138551,0.010743137100949
can,FR,2026,unmapped,5,0,0.000219086846025765,0
can,GR,2016,01,218,144755015,0.068039950062422,0.105239917601083
can,GR,2016,02,36,11045996,0.0112359550561798,0.00803066967221749
can,GR,2016,04,422,607090086,0.131710362047441,0.441367165255547
can,GR,2016,05,77,118985356,0.0240324594257179,0.0865048375779967
can,GR,2016,06,28,57259826,0.00873907615480649,0.0416290887752133
can,GR,2016,07,141,34502735,0.0440074906367041,0.0250842085741346
can,GR,2016,09,126,169335500,0.0393258426966292,0.123110443302694
can,GR,2016,10,1984,99937276,0.619225967540574,0.072656485797861
can,GR,2016,unresolved,128,85711603,0.0399500624219725,0.0623141245723107
can,GR,2016,08,18,30783482,0.00561797752808989,0.0223802340053946
can,GR,2016,03,26,16069449,0.00811485642946317,0.0116828248655482
can,GR,2017,01,339,611450050,0.247084548104956,0.141304028108964
can,GR,2017,02,31,9319979,0.0225947521865889,0.00215381546635077
can,GR,2017,04,492,3323881611,0.358600583090379,0.768137741736404
can,GR,2017,05,96,142695599,0.0699708454810496,0.0329764678768469
can,GR,2017,07,134,54347059,0.097667638483965,0.0125594205979303
can,GR,2017,08,16,1305981,0.0116618075801749,0.000301807769798649
can,GR,2017,09,99,50806550,0.0721574344023324,0.0117412210029576
can,GR,2017,10,11,15634929,0.00801749271137026,0.00361317894552082
can,GR,2017,unresolved,105,70324260,0.076530612244898,0.0162516974391973
can,GR,2017,03,28,12426093,0.0204081632653061,0.00287162785342253
can,GR,2017,06,21,35002649,0.0153061224489796,0.00808899320260778
can,GR,2018,01,417,323721010,0.203812316715543,0.0908917240514394
can,GR,2018,02,45,49505148,0.0219941348973607,0.0138996485002369
can,GR,2018,03,40,22355655,0.0195503421309873,0.00627683703708073
can,GR,2018,04,645,2572975103,0.31524926686217,0.72241879837549
can,GR,2018,05,139,179699907,0.0679374389051808,0.050454662671148
can,GR,2018,07,282,79867487,0.13782991202346,0.0224245364521936
can,GR,2018,08,63,18760749,0.030791788856305,0.00526748888219
can,GR,2018,09,172,117446455,0.0840664711632454,0.0329756501707436
can,GR,2018,10,14,18302084,0.00684261974584555,0.00513870869392834
can,GR,2018,unresolved,174,122949458,0.0850439882697947,0.0345207381158549
can,GR,2018,06,55,56028448,0.0268817204301075,0.0157312070496951
can,GR,2019,01,577,267183113,0.193754197447952,0.099141841734346
can,GR,2019,02,69,22954876,0.0231699126930826,0.00851771153449932
can,GR,2019,03,64,84016409,0.0214909335124244,0.0311754041288009
can,GR,2019,04,799,1229228092,0.268300873069174,0.456121405219484
can,GR,2019,05,219,279259226,0.0735392881128274,0.103622843809549
can,GR,2019,06,75,105423175,0.0251846877098724,0.0391186688920054
can,GR,2019,07,495,200661309,0.166218938885158,0.0744580430840503
can,GR,2019,08,137,52005888,0.0460040295500336,0.0192974752762542
can,GR,2019,09,277,278624195,0.0930154466084621,0.103387207125061
can,GR,2019,10,17,32520614,0.00570852921423774,0.0120672056332084
can,GR,2019,unresolved,249,143081239,0.0836131631967764,0.0530921935627426
can,GR,2020,01,617,278685664,0.203161014158709,0.0728846868707473
can,GR,2020,02,61,31333962,0.0200856108001317,0.00819477391126189
can,GR,2020,03,103,42559218,0.0339150477444847,0.0111305161265628
can,GR,2020,04,677,2146800443,0.222917352650642,0.56145291371011
can,GR,2020,05,233,524038935,0.0767204478103392,0.137051949990348
can,GR,2020,06,99,173619891,0.0325979585116892,0.0454068257708021
can,GR,2020,07,399,113763133,0.131379650971353,0.0297524824461016
can,GR,2020,08,113,36820082,0.0372077708264735,0.00962955937024891
can,GR,2020,09,333,135796421,0.109647678630227,0.035514850246309
can,GR,2020,10,18,18448440,0.00592690154757985,0.00482482217906182
can,GR,2020,unresolved,384,321785609,0.12644056634837,0.0841566193784469
can,GR,2021,01,738,427801619,0.203980099502488,0.137381594818536
can,GR,2021,02,120,52379186,0.033167495854063,0.0168207313586084
can,GR,2021,03,91,66414107,0.0251520176893311,0.0213278200289113
can,GR,2021,04,668,1175890505,0.184632393587617,0.377618283181097
can,GR,2021,05,319,497028092,0.0881702598120509,0.159612560859836
can,GR,2021,06,76,104660166,0.0210060807075732,0.033609925443159
can,GR,2021,07,648,116665763,0.17910447761194,0.0374653294186372
can,GR,2021,08,128,98756491,0.0353786622443339,0.0317140553698147
can,GR,2021,09,439,223102173,0.121337755666114,0.071645666993656
can,GR,2021,10,27,40496108,0.00746268656716418,0.0130046723852713
can,GR,2021,unresolved,364,310771817,0.100608070757324,0.0997993601424734
can,GR,2022,01,866,493793103,0.202857812133989,0.0831877392508712
can,GR,2022,02,140,81119596,0.0327945654720075,0.0136659579876392
can,GR,2022,03,95,36603491,0.0222534551417194,0.00616647265115732
can,GR,2022,04,669,2782835171,0.15671117357695,0.468815309847091
can,GR,2022,05,374,899708350,0.0876083391895057,0.1515709781423
can,GR,2022,06,137,282209484,0.0320918247833216,0.0475429260280999
can,GR,2022,07,968,213167639,0.226750995549309,0.035911667988315
can,GR,2022,08,163,210579372,0.0381822440852659,0.0354756309537766
can,GR,2022,09,457,510502638,0.107050831576482,0.0860027409836583
can,GR,2022,10,25,45189538,0.00585617240571562,0.00761293643263247
can,GR,2022,unresolved,375,380179616,0.0878425860857344,0.0640476397344585
can,GR,2023,01,1062,1872437709,0.234851835471031,0.214192219592995
can,GR,2023,02,89,124131232,0.0196815568332596,0.0141996414487362
can,GR,2023,03,90,111250671,0.0199026979212738,0.0127262060778653
can,GR,2023,04,726,3244651146,0.160548429898275,0.371162697389734
can,GR,2023,05,390,690977457,0.0862450243255197,0.0790424132627598
can,GR,2023,06,155,330719980,0.0342768686421937,0.0378317773880887
can,GR,2023,07,924,361984908,0.204334365325077,0.0414082404616249
can,GR,2023,08,190,277218836,0.0420168067226891,0.031711665232131
can,GR,2023,09,313,440807993,0.0692171605484299,0.0504249844901
can,GR,2023,10,38,62898793,0.00840336134453782,0.0071951296524494
can,GR,2023,unresolved,542,1224005145,0.119858469703671,0.140016609119036
can,GR,2023,unmapped,3,772919,0.000663423264042459,8.84158844803515e-05
can,GR,2024,01,694,1914509687,0.290863369656329,0.282366011256191
can,GR,2024,02,34,30360659,0.0142497904442582,0.00447781394847514
can,GR,2024,03,71,124265537,0.0297569153394803,0.0183275980568588
can,GR,2024,04,428,2008161677,0.179379715004191,0.296178497576875
can,GR,2024,05,212,795838396,0.0888516345347863,0.117376117242412
can,GR,2024,06,126,668171447,0.0528080469404862,0.0985468538528566
can,GR,2024,07,451,385293669,0.189019279128248,0.0568259524705101
can,GR,2024,08,114,285430974,0.0477787091366303,0.0420974655623926
can,GR,2024,09,181,481597994,0.075859178541492,0.0710296247222712
can,GR,2024,10,31,51664462,0.0129924559932942,0.00761985596505213
can,GR,2024,unresolved,44,34946783,0.0184409052808047,0.00515420934610589
can,GR,2025,01,764,2975811907,0.294980694980695,0.26986553645055
can,GR,2025,02,54,98178174,0.0208494208494209,0.00890342078809535
can,GR,2025,03,98,1177736595,0.0378378378378378,0.106804639520222
can,GR,2025,04,474,3545742692,0.183011583011583,0.321550482220111
can,GR,2025,05,202,1030886407,0.077992277992278,0.0934873311684196
can,GR,2025,06,112,435537541,0.0432432432432432,0.0394973122695817
can,GR,2025,07,427,337505413,0.164864864864865,0.0306071358609594
can,GR,2025,08,152,216440853,0.0586872586872587,0.019628232136333
can,GR,2025,09,274,1142617145,0.105791505791506,0.103619784593133
can,GR,2025,10,24,48808980,0.00926640926640927,0.00442630851107223
can,GR,2025,unresolved,9,17751474,0.00347490347490347,0.00160981648152199
can,GR,2026,01,590,2717819444,0.303967027305513,0.264468717657578
can,GR,2026,02,36,15154711,0.0185471406491499,0.00147469214464903
can,GR,2026,03,66,968060712,0.0340030911901082,0.0942011713406969
can,GR,2026,04,315,3145028815,0.162287480680062,0.306040101205186
can,GR,2026,05,136,778824550,0.0700669757856775,0.0757867600342107
can,GR,2026,06,56,258720267,0.0288511076764554,0.0251758509552837
can,GR,2026,07,404,1398593415,0.208140133951571,0.136095945522046
can,GR,2026,08,94,446827987,0.0484286450283359,0.0434804545225731
can,GR,2026,09,194,492324205,0.0999484801648635,0.0479076531208069
can,GR,2026,10,40,44434391,0.020607934054611,0.0043238731084983
can,GR,2026,unmapped,4,2226886,0.0020607934054611,0.000216696398316596
can,GR,2026,unresolved,6,8509826,0.00309119010819165,0.000828083990155276
can,HR,2016,01,216,160973812,0.142011834319527,0.131372422781711
can,HR,2016,02,40,45084601,0.0262984878369494,0.0367940175481261
can,HR,2016,03,47,56070608,0.0309007232084155,0.0457598135267095
can,HR,2016,04,479,631479225,0.314924391847469,0.515356844034775
can,HR,2016,05,59,31080349,0.0387902695595003,0.0253650000475303
can,HR,2016,06,66,97595331,0.0433925049309665,0.0796485771589545
can,HR,2016,07,351,107229047,0.230769230769231,0.0875107542148779
can,HR,2016,09,30,17645451,0.019723865877712,0.0144006383407629
can,HR,2016,10,2,471825,0.00131492439184747,0.000385061350097001
can,HR,2016,unresolved,214,75662528,0.140696909927679,0.0617489857117197
can,HR,2016,08,17,2031447,0.0111768573307035,0.00165788528473587
can,HR,2017,01,288,256765561,0.182625237793278,0.18284887105071
can,HR,2017,02,33,44769539,0.0209258084971465,0.0318814549417346
can,HR,2017,04,468,626950938,0.296766011414077,0.446466694252207
can,HR,2017,05,72,90950246,0.0456563094483196,0.0647678362242836
can,HR,2017,06,51,68338246,0.0323398858592264,0.0486652925027032
can,HR,2017,07,344,165077630,0.218135700697527,0.11755571176941
can,HR,2017,08,24,4571966,0.0152187698161065,0.00325580587336722
can,HR,2017,09,34,30144712,0.0215599239061509,0.0214667673339135
can,HR,2017,unresolved,216,96211050,0.136968928344959,0.0685141800426396
can,HR,2017,03,43,20236110,0.0272669625871909,0.0144106158689949
can,HR,2017,10,4,234187,0.00253646163601776,0.000166770140037404
can,HR,2018,01,305,118247447,0.162753468516542,0.0670748783089657
can,HR,2018,02,40,91024402,0.0213447171824973,0.0516328330310283
can,HR,2018,03,66,23474074,0.0352187833511206,0.0133154727388377
can,HR,2018,04,526,889294540,0.28068303094984,0.504444912466716
can,HR,2018,05,120,115879878,0.064034151547492,0.0657318945355986
can,HR,2018,06,44,127511680,0.0234791889007471,0.0723299372287655
can,HR,2018,07,411,211313428,0.21931696905016,0.119865780004116
can,HR,2018,08,29,8975963,0.0154749199573106,0.0050915401660281
can,HR,2018,09,80,83941952,0.0426894343649947,0.047615372325265
can,HR,2018,unresolved,251,93015359,0.133938100320171,0.05276218678776
can,HR,2018,10,2,238333,0.00106723585912487,0.000135192406919455
can,HR,2019,01,393,174125471,0.153575615474795,0.0714268034240233
can,HR,2019,02,23,64662427,0.00898788589292692,0.0265247263121503
can,HR,2019,03,75,38339614,0.0293083235638921,0.0157270275095533
can,HR,2019,04,610,1026037259,0.238374364986323,0.420883637433588
can,HR,2019,05,206,341882994,0.0805001953888238,0.140241455004906
can,HR,2019,06,104,149358998,0.0406408753419304,0.0612675200732413
can,HR,2019,07,617,383514874,0.241109808518953,0.157318980147293
can,HR,2019,08,54,33699558,0.0211019929660023,0.0138236622759371
can,HR,2019,09,119,47163511,0.0465025400547089,0.0193466171814907
can,HR,2019,unresolved,352,172326152,0.137553731926534,0.0706887172395494
can,HR,2019,10,6,6706077,0.00234466588511137,0.00275085339826799
can,HR,2020,01,370,146023307,0.142746913580247,0.0533274039267934
can,HR,2020,02,20,8236965,0.00771604938271605,0.0030081222560304
can,HR,2020,03,74,55612352,0.0285493827160494,0.0203095137300446
can,HR,2020,04,615,1176791574,0.237268518518519,0.42976180236998
can,HR,2020,05,148,234188853,0.0570987654320988,0.0855252754896411
can,HR,2020,06,155,501350188,0.0597993827160494,0.183092031905905
can,HR,2020,07,696,333244693,0.268518518518519,0.121700259466602
can,HR,2020,08,47,17849292,0.0181327160493827,0.00651852381545695
can,HR,2020,09,132,78118054,0.0509259259259259,0.028528548662667
can,HR,2020,unresolved,334,186518993,0.128858024691358,0.0681163430967205
can,HR,2020,10,1,307163,0.000385802469135802,0.000112175280158294
can,HR,2021,01,386,226744671,0.134541652143604,0.0874667624373911
can,HR,2021,03,87,45637230,0.0303241547577553,0.0176045625994473
can,HR,2021,04,643,885961634,0.224119902405019,0.341759722193078
can,HR,2021,05,211,249952141,0.0735447891251307,0.0964190445629669
can,HR,2021,06,120,502337883,0.0418264203555246,0.193776850771778
can,HR,2021,07,730,377723785,0.254444057162774,0.145706959391108
can,HR,2021,08,44,17433406,0.015336354130359,0.00672493679499347
can,HR,2021,09,218,108396016,0.0759846636458696,0.0418137658486873
can,HR,2021,unresolved,403,155638128,0.14046706169397,0.0600374117192649
can,HR,2021,02,21,21420442,0.0073196235622168,0.00826293603044772
can,HR,2021,10,6,1107058,0.00209132101777623,0.000427047650837242
can,HR,2022,01,422,188701246,0.132288401253919,0.0664436779680221
can,HR,2022,02,25,33277757,0.00783699059561129,0.0117174455202383
can,HR,2022,03,110,37170252,0.0344827586206897,0.0130880336310987
can,HR,2022,04,731,955394123,0.229153605015674,0.336404241025271
can,HR,2022,05,235,410721622,0.0736677115987461,0.144619369321344
can,HR,2022,06,106,261706321,0.0332288401253919,0.0921495267430286
can,HR,2022,07,824,489849316,0.258307210031348,0.172481056140773
can,HR,2022,08,42,34945035,0.013166144200627,0.0123045115034442
can,HR,2022,09,208,213772994,0.0652037617554859,0.0752717020829631
can,HR,2022,10,5,437217,0.00156739811912226,0.000153948668416025
can,HR,2022,unresolved,482,214042186,0.151097178683386,0.0753664873954012
can,HR,2023,01,523,442711383,0.151770168311085,0.0736722110660867
can,HR,2023,02,31,25726055,0.0089959373186303,0.00428110824938458
can,HR,2023,03,103,69854145,0.0298897272199652,0.0116245244913457
can,HR,2023,04,832,1518069520,0.241439349970981,0.252624039916392
can,HR,2023,05,195,378794714,0.0565873476494486,0.0630357501345881
can,HR,2023,06,167,411439045,0.0484619849100406,0.0684681382228411
can,HR,2023,07,802,2479981575,0.232733604178758,0.412697149992654
can,HR,2023,08,43,29214474,0.0124782356355194,0.00486162086036243
can,HR,2023,09,199,266807350,0.0577481137550784,0.0443997786322636
can,HR,2023,10,18,5623481,0.00522344747533372,0.000935811219378852
can,HR,2023,unresolved,532,380982768,0.154381892048752,0.0633998672147039
can,HR,2023,unmapped,1,0,0.000290191526407429,0
can,HR,2024,01,710,857999733,0.230444660824408,0.117545176224246
can,HR,2024,02,30,57000615,0.00973709834469328,0.00780903195813163
can,HR,2024,03,112,205163819,0.0363518338201883,0.0281072549695005
can,HR,2024,04,993,3257955625,0.322297955209348,0.446336931519067
can,HR,2024,05,195,518431141,0.0632911392405063,0.071024590667305
can,HR,2024,06,191,625854660,0.0619928594612139,0.0857415142114801
can,HR,2024,07,596,1201986940,0.193443687114573,0.164671107982201
can,HR,2024,08,63,199091678,0.0204479065238559,0.0272753772235624
can,HR,2024,09,115,213974638,0.0373255436546576,0.0293143290887589
can,HR,2024,10,33,116511337,0.0107108081791626,0.0159619462722927
can,HR,2024,unresolved,42,45127991,0.0136319376825706,0.00618249336301506
can,HR,2024,unmapped,1,220779,0.000324569944823109,3.02465204398995e-05
can,HR,2025,01,827,869164318,0.264894298526586,0.144990828007794
can,HR,2025,02,37,69391830,0.0118513773222293,0.0115756925132724
can,HR,2025,03,107,147506146,0.0342729019859065,0.0246064383935956
can,HR,2025,04,1068,2848694635,0.342088404868674,0.475208870539496
can,HR,2025,05,158,190268487,0.0506085842408712,0.0317398964759621
can,HR,2025,06,111,464690738,0.035554131966688,0.0775180175656647
can,HR,2025,07,560,750406898,0.179372197309417,0.125180147448
can,HR,2025,08,75,236808244,0.0240230621396541,0.039503489346685
can,HR,2025,09,154,394680284,0.0493273542600897,0.0658391284483348
can,HR,2025,10,25,23004286,0.00800768737988469,0.00383749126119568
can,HR,2026,01,586,618296300,0.222813688212928,0.154065244448968
can,HR,2026,02,33,66479428,0.0125475285171103,0.0165651473664772
can,HR,2026,03,112,163777150,0.0425855513307985,0.0408095061379234
can,HR,2026,04,816,2089913044,0.310266159695818,0.520758354855023
can,HR,2026,05,151,180703864,0.0574144486692015,0.0450272546997825
can,HR,2026,06,99,108623726,0.0376425855513308,0.0270665389703088
can,HR,2026,07,600,346295047,0.228136882129278,0.0862887762186544
can,HR,2026,08,49,52331899,0.0186311787072243,0.0130399079080915
can,HR,2026,09,158,371155436,0.0600760456273764,0.0924834144663382
can,HR,2026,10,24,14870387,0.0091254752851711,0.00370535907817297
can,HR,2026,unmapped,2,764500,0.000760456273764259,0.000190495850260201
can,HU,2016,01,149,276174779,0.0820033021463952,0.0520150547967359
can,HU,2016,02,30,41722090,0.0165107319757843,0.00785798328667929
can,HU,2016,03,38,39517903,0.0209135938359934,0.00744284433734296
can,HU,2016,04,603,3056319444,0.331865712713264,0.575630489980366
can,HU,2016,05,98,170725502,0.0539350577875619,0.0321546245963693
can,HU,2016,06,38,53656347,0.0209135938359934,0.0101056940807679
can,HU,2016,07,210,194863719,0.11557512383049,0.0367008423375284
can,HU,2016,08,111,231299404,0.0610897083104018,0.04356317842301
can,HU,2016,09,49,95416002,0.026967528893781,0.0179707523999339
can,HU,2016,unresolved,467,1116533004,0.257017061089708,0.210289026375664
can,HU,2016,10,24,33288062,0.0132085855806274,0.0062695093856023
can,HU,2017,01,177,293058904,0.0698776154757205,0.0270318645263642
can,HU,2017,02,33,56323812,0.0130280300039479,0.00519532979483335
can,HU,2017,03,87,81968284,0.0343466245558626,0.00756078562467615
can,HU,2017,04,759,6741978285,0.299644690090801,0.621882635716843
can,HU,2017,05,91,262682585,0.0359257797078563,0.0242299413334159
can,HU,2017,06,34,47183919,0.0134228187919463,0.00435226259575086
can,HU,2017,07,340,349062576,0.134228187919463,0.0321976644860984
can,HU,2017,08,134,946936940,0.0529016975917884,0.0873458227261025
can,HU,2017,09,119,135182454,0.0469798657718121,0.0124692808612615
can,HU,2017,10,27,49994729,0.0106592972759574,0.00461153277690649
can,HU,2017,unresolved,732,1876866514,0.288985392814844,0.173122879557747
can,HU,2018,01,224,370361775,0.0711336932359479,0.0550373577880354
can,HU,2018,02,46,78554301,0.0146078120038107,0.0116735080717389
can,HU,2018,03,68,96211765,0.0215941568751985,0.0142974834098994
can,HU,2018,04,841,3332963575,0.267068910765322,0.495292768190683
can,HU,2018,05,144,320717392,0.045728802794538,0.0476599882705218
can,HU,2018,06,53,20105228,0.0168307399174341,0.00298772363008042
can,HU,2018,07,503,430788155,0.159733248650365,0.0640169785815036
can,HU,2018,08,167,226228243,0.0530327087964433,0.033618493030901
can,HU,2018,09,165,132127052,0.0523975865354081,0.0196346500240268
can,HU,2018,10,33,40220616,0.0104795173070816,0.00597695707999883
can,HU,2018,unresolved,905,1681001607,0.28739282311845,0.249804091922611
can,HU,2019,01,298,530459177,0.090057419159867,0.0598112336496774
can,HU,2019,02,49,75388578,0.0148080991236023,0.00850034092873263
can,HU,2019,03,71,60550819,0.0214566334239952,0.00682732873690735
can,HU,2019,04,967,4881800629,0.292233303112723,0.550441072022892
can,HU,2019,05,137,378421442,0.0414022363251738,0.0426684168488046
can,HU,2019,06,54,98812754,0.0163191296464189,0.0111415033867198
can,HU,2019,07,516,329957979,0.155938349954669,0.0372039821954939
can,HU,2019,08,208,524703036,0.0628588697491689,0.0591622074678351
can,HU,2019,09,222,152366947,0.0670897552130553,0.0171799366711776
can,HU,2019,10,21,31741985,0.00634632819582956,0.00357902617893545
can,HU,2019,unresolved,766,1804685400,0.231489876095497,0.203484951912824
can,HU,2020,01,252,480101500,0.0696324951644101,0.0603384199346356
can,HU,2020,02,20,59985585,0.00552638850511191,0.00753889629121088
can,HU,2020,03,94,76785697,0.025974025974026,0.00965030859216164
can,HU,2020,04,1039,2739160795,0.287095882840564,0.344253526217269
can,HU,2020,05,126,171626731,0.034816247582205,0.0215697842374722
can,HU,2020,06,59,23274322,0.0163028460900801,0.0029250810808338
can,HU,2020,07,617,528816143,0.170489085382702,0.066460801527486
can,HU,2020,08,196,188907921,0.0541586073500967,0.0237416576833794
can,HU,2020,09,253,235067952,0.0699088145896657,0.0295429795594281
can,HU,2020,10,40,49878737,0.0110527770102238,0.00626868314078429
can,HU,2020,unresolved,923,3403207217,0.255042829510915,0.427709861735339
can,HU,2021,01,345,830905352,0.0821624196237199,0.0785272503279181
can,HU,2021,02,30,75089107,0.00714455822814956,0.00709652560077484
can,HU,2021,03,115,51717295,0.0273874732079066,0.00488770106122483
can,HU,2021,04,1072,3618157245,0.255298880685878,0.341945010969054
can,HU,2021,05,178,254732469,0.0423910454870207,0.0240742706875857
can,HU,2021,06,78,75771490,0.0185758513931889,0.00716101629220141
can,HU,2021,07,568,431431039,0.135270302452965,0.0407737092043509
can,HU,2021,08,232,344624123,0.0552512502976899,0.0325697562432601
can,HU,2021,09,275,234418655,0.0654917837580376,0.0221544515971765
can,HU,2021,10,40,35561380,0.00952607763753275,0.0033608369263052
can,HU,2021,unresolved,1266,4628700295,0.301500357227911,0.437449471090148
can,HU,2022,01,430,632177440,0.0901089689857502,0.0552172661232886
can,HU,2022,02,29,57784099,0.00607711651299246,0.00504712723088861
can,HU,2022,03,139,61667320,0.0291282481139983,0.0053863054960487
can,HU,2022,04,1261,3756941882,0.264249790444258,0.328148470005704
can,HU,2022,05,226,322671795,0.0473595976529757,0.0281836289112029
can,HU,2022,06,87,131347784,0.0182313495389774,0.0114725156023161
can,HU,2022,07,587,418590223,0.12300922045264,0.0365615826784292
can,HU,2022,08,240,272647161,0.0502933780385583,0.0238142488075755
can,HU,2022,09,280,507462972,0.0586756077116513,0.0443241346490298
can,HU,2022,10,43,37970110,0.00901089689857502,0.00331648289853643
can,HU,2022,unresolved,1450,5249647941,0.303855825649623,0.458528237596981
can,HU,2023,01,549,1007500499,0.123315363881402,0.136552755200807
can,HU,2023,02,33,46884053,0.00741239892183288,0.00635448480520372
can,HU,2023,03,103,48289192,0.0231356693620845,0.00654493195841163
can,HU,2023,04,1292,2748604987,0.290206648697215,0.37253538266836
can,HU,2023,05,205,185880292,0.0460467205750225,0.0251935021722808
can,HU,2023,06,101,91300660,0.0226864330637916,0.0123745414389637
can,HU,2023,07,651,656895484,0.14622641509434,0.0890330955748416
can,HU,2023,08,207,480312185,0.0464959568733154,0.0650996721920926
can,HU,2023,09,328,340927648,0.0736747529200359,0.0462080264027054
can,HU,2023,10,39,23337396,0.00876010781671159,0.00316306118575162
can,HU,2023,unresolved,944,1748172114,0.21203953279425,0.236940546400582
can,HU,2024,01,976,3399551297,0.272701872031294,0.388088383447039
can,HU,2024,02,61,153030025,0.0170438670019559,0.0174697099212826
can,HU,2024,03,114,104205572,0.0318524727577536,0.0118959734537149
can,HU,2024,04,960,3694998355,0.268231349538977,0.421816237836113
can,HU,2024,05,136,67644640,0.0379994411846885,0.00772222469760159
can,HU,2024,06,84,68597497,0.0234702430846605,0.00783100162151874
can,HU,2024,07,496,337294863,0.138586197261805,0.0385051457356081
can,HU,2024,08,273,306314299,0.0762782900251467,0.0349684445798857
can,HU,2024,09,400,525260043,0.111763062307907,0.0599630078113783
can,HU,2024,10,72,84346998,0.0201173512154233,0.00962894430547863
can,HU,2024,unresolved,6,18491157,0.00167644593461861,0.0021109265903792
can,HU,2024,unmapped,1,0,0.000279407655769768,0
can,HU,2025,01,776,826819833,0.231710958495073,0.150877602456027
can,HU,2025,02,52,104244011,0.0155270229919379,0.0190223865252634
can,HU,2025,03,109,134444103,0.0325470289638698,0.0245332817566692
can,HU,2025,04,932,3220648868,0.278292027470887,0.58770213311581
can,HU,2025,05,164,166100582,0.0489698417438041,0.0303099376411678
can,HU,2025,06,113,53350477,0.033741415347865,0.0097353640277826
can,HU,2025,07,487,288682406,0.145416542251418,0.0526785976220256
can,HU,2025,08,226,141727534,0.0674828306957301,0.0258623580113433
can,HU,2025,09,414,471715637,0.123618990743506,0.0860783952089567
can,HU,2025,10,58,53480686,0.0173186025679307,0.0097591244904059
can,HU,2025,unmapped,4,594149,0.00119438638399522,0.000108419964112842
can,HU,2025,unresolved,14,18261781,0.00418035234398328,0.00333239918043552
can,HU,2026,01,679,1130064658,0.254593175853018,0.283484229124352
can,HU,2026,02,41,71402530,0.0153730783652044,0.0179117991446631
can,HU,2026,03,86,66588876,0.0322459692538433,0.0167042620503906
can,HU,2026,04,662,1981437183,0.248218972628421,0.497056684681385
can,HU,2026,05,121,77882022,0.0453693288338958,0.0195372227712973
can,HU,2026,06,122,44038095,0.0457442819647544,0.0110472487789101
can,HU,2026,07,420,171021091,0.15748031496063,0.0429017771708251
can,HU,2026,08,173,157098229,0.0648668916385452,0.0394091347159588
can,HU,2026,09,303,237876646,0.113610798650169,0.0596729374205387
can,HU,2026,10,48,30057233,0.0179977502812149,0.00754005663861407
can,HU,2026,unmapped,5,250499,0.00187476565429321,6.28393388012857e-05
can,HU,2026,unresolved,7,18623418,0.0026246719160105,0.00467180816426398
can,IE,2016,01,233,198319006,0.261503928170595,0.112276014441888
can,IE,2016,02,19,4483000,0.021324354657688,0.00253799866636577
can,IE,2016,04,200,551725838,0.224466891133558,0.312353210136859
can,IE,2016,05,28,22199813,0.0314253647586981,0.012568167697428
can,IE,2016,06,15,6596355,0.0168350168350168,0.00373445018801588
can,IE,2016,07,98,57631841,0.109988776655443,0.032627601070311
can,IE,2016,08,39,45056500,0.0437710437710438,0.0255082170223309
can,IE,2016,09,129,52580072,0.144781144781145,0.0297676004045095
can,IE,2016,unresolved,103,817070453,0.115600448933782,0.462574998893794
can,IE,2016,10,8,2824398,0.00897867564534231,0.00159900030276292
can,IE,2016,03,19,7865110,0.021324354657688,0.00445274117573502
can,IE,2017,01,228,200143169,0.223968565815324,0.21538703382494
can,IE,2017,02,22,15662165,0.0216110019646365,0.0168550706950523
can,IE,2017,03,15,7919494,0.0147347740667976,0.00852268069191215
can,IE,2017,04,238,81137278,0.233791748526523,0.0873170827081767
can,IE,2017,05,56,10302466,0.0550098231827112,0.0110871512823018
can,IE,2017,06,12,41435383,0.0117878192534381,0.0445913007391741
can,IE,2017,07,120,120302399,0.117878192534381,0.129465207391787
can,IE,2017,08,52,98725838,0.0510805500982318,0.106245271896847
can,IE,2017,09,146,192155583,0.143418467583497,0.206791074919335
can,IE,2017,10,14,6500266,0.0137524557956778,0.00699535747239572
can,IE,2017,unresolved,115,154941667,0.112966601178782,0.166742768378079
can,IE,2018,01,283,476619859,0.23741610738255,0.176990748294772
can,IE,2018,02,35,66077229,0.0293624161073826,0.0245374966760565
can,IE,2018,03,19,4062331,0.0159395973154362,0.00150852926065561
can,IE,2018,04,284,491931306,0.238255033557047,0.182676588720498
can,IE,2018,05,41,6901663,0.0343959731543624,0.00256290306788988
can,IE,2018,06,29,40683034,0.0243288590604027,0.015107470858787
can,IE,2018,07,110,799567612,0.0922818791946309,0.296916016586175
can,IE,2018,08,49,46785935,0.0411073825503356,0.017373757070665
can,IE,2018,09,138,613582440,0.115771812080537,0.227851217580366
can,IE,2018,10,19,15334950,0.0159395973154362,0.00569456816435952
can,IE,2018,unresolved,185,131361963,0.155201342281879,0.0487807037197756
can,IE,2019,01,302,312858154,0.231240428790199,0.0752355939054514
can,IE,2019,02,19,18219972,0.0145482388973966,0.00438150771151292
can,IE,2019,03,20,17737089,0.0153139356814701,0.00426538483337356
can,IE,2019,04,333,1655726976,0.254977029096478,0.398166391995771
can,IE,2019,05,53,111921029,0.0405819295558959,0.0269145776757484
can,IE,2019,06,37,73290041,0.0283307810107198,0.0176246637381549
can,IE,2019,07,103,144973107,0.0788667687595712,0.0348628848761396
can,IE,2019,08,76,58814035,0.0581929555895865,0.0141434985683672
can,IE,2019,09,159,230885815,0.121745788667688,0.0555230259904595
can,IE,2019,10,21,28016450,0.0160796324655436,0.00673734798956969
can,IE,2019,unresolved,183,1505936867,0.140122511485452,0.362145122715452
can,IE,2020,01,289,590694817,0.215189873417722,0.158207529304495
can,IE,2020,02,16,190745934,0.0119136262099777,0.0510880442396337
can,IE,2020,03,28,932790998,0.0208488458674609,0.249832155122929
can,IE,2020,04,294,730144829,0.21891288160834,0.195556835960088
can,IE,2020,05,54,13717977,0.0402084884586746,0.00367412610668952
can,IE,2020,06,60,89119883,0.0446760982874162,0.0238692402498864
can,IE,2020,07,131,647383186,0.0975428145941921,0.173390541820739
can,IE,2020,08,61,99672222,0.0454206999255398,0.0266955042250001
can,IE,2020,09,238,129239849,0.177215189873418,0.0346146886844549
can,IE,2020,10,27,31399853,0.0201042442293373,0.00840991493523523
can,IE,2020,unresolved,145,278761154,0.107967237527923,0.0746614193508488
can,IE,2021,01,303,506814504,0.191408717624763,0.214187852117388
can,IE,2021,02,35,4384629,0.0221099178774479,0.00185301379583567
can,IE,2021,03,70,234907163,0.0442198357548958,0.0992754948661831
can,IE,2021,04,344,551948503,0.217308907138345,0.233262196334021
can,IE,2021,05,69,38756464,0.0435881238155401,0.0163790967194279
can,IE,2021,06,34,69061397,0.0214782059380922,0.0291864423194491
can,IE,2021,07,145,478609994,0.0915982312065698,0.202268178609142
can,IE,2021,08,67,17807167,0.0423246999368288,0.00752559135921183
can,IE,2021,09,325,282019353,0.205306380290588,0.119185853991671
can,IE,2021,unresolved,169,165519573,0.106759317751105,0.0699511982085209
can,IE,2021,10,22,16386232,0.0138976626658244,0.00692508167914865
can,IE,2022,01,362,923597853,0.227672955974843,0.131829134095628
can,IE,2022,02,42,17442469,0.0264150943396226,0.0024896393785357
can,IE,2022,03,48,516377122,0.030188679245283,0.0737047500044939
can,IE,2022,04,331,3067730955,0.208176100628931,0.43787056685157
can,IE,2022,05,61,30231782,0.0383647798742138,0.00431511358572613
can,IE,2022,06,38,93042396,0.0238993710691824,0.0132803454003509
can,IE,2022,07,117,1159907438,0.0735849056603774,0.165558627800987
can,IE,2022,08,65,38584891,0.0408805031446541,0.00550738912307127
can,IE,2022,09,330,905915376,0.207547169811321,0.129305237332546
can,IE,2022,10,17,9819890,0.0106918238993711,0.00140163556185131
can,IE,2022,unresolved,179,243372126,0.112578616352201,0.0347375608652395
can,IE,2023,01,467,3410199823,0.221642145230185,0.289247631321109
can,IE,2023,02,33,74470297,0.0156620787850024,0.00631645009941972
can,IE,2023,03,55,69072268,0.0261034646416706,0.00585859801359119
can,IE,2023,04,366,3548907535,0.173706691979117,0.301012595025399
can,IE,2023,05,88,794681383,0.041765543426673,0.0674035891203355
can,IE,2023,06,75,345129020,0.0355956336022781,0.0292732850614471
can,IE,2023,07,174,1468042123,0.0825818699572852,0.124516957596875
can,IE,2023,08,72,41030855,0.034171808258187,0.00348017073362855
can,IE,2023,09,604,840457885,0.286663502610347,0.0712862779540995
can,IE,2023,10,21,9263284,0.00996677740863787,0.00078569676098852
can,IE,2023,unresolved,150,1188282673,0.0711912672045562,0.100788213695584
can,IE,2023,unmapped,2,360000,0.00094921689606075,3.05346175239653e-05
can,IE,2024,01,1103,2493066542,0.381396957123098,0.317085818225935
can,IE,2024,02,25,13466000,0.00864453665283541,0.0017127010275486
can,IE,2024,03,66,125880418,0.0228215767634855,0.0160103610022908
can,IE,2024,04,422,2358853738,0.145919778699862,0.30001568549751
can,IE,2024,05,159,76724580,0.0549792531120332,0.00975837420200765
can,IE,2024,06,110,997555113,0.0380359612724758,0.126876107758166
can,IE,2024,07,282,579230323,0.0975103734439834,0.0736706051826385
can,IE,2024,08,118,165398054,0.0408022130013831,0.0210364931709743
can,IE,2024,09,528,562794078,0.182572614107884,0.0715801274089461
can,IE,2024,10,38,283482362,0.0131396957123098,0.0360552898180087
can,IE,2024,unmapped,4,44800,0.00138312586445367,5.69798054612932e-06
can,IE,2024,unresolved,37,205938698,0.0127939142461964,0.0261927387254286
can,IE,2025,01,1527,3922858167,0.358030480656506,0.334262797098968
can,IE,2025,02,61,244503436,0.0143024618991794,0.0208338917540244
can,IE,2025,03,73,134827132,0.017116060961313,0.01148848425015
can,IE,2025,04,538,3358425452,0.126143024618992,0.286168053404895
can,IE,2025,05,226,399483841,0.052989449003517,0.0340396161176069
can,IE,2025,06,181,738469397,0.0424384525205158,0.0629242342457619
can,IE,2025,07,381,1755802734,0.0893317702227433,0.1496101842167
can,IE,2025,08,235,241081270,0.0550996483001172,0.0205422924326623
can,IE,2025,09,958,689879203,0.224618991793669,0.0587839127081003
can,IE,2025,unmapped,4,145364,0.000937866354044549,1.2386320169881e-05
can,IE,2025,unresolved,21,26087757,0.00492379835873388,0.0022229115235963
can,IE,2025,10,60,224286605,0.0140679953106682,0.0191112359273659
can,IE,2026,01,1171,2088224417,0.314278046162104,0.221048994461337
can,IE,2026,02,24,13516171,0.00644122383252818,0.00143075427343664
can,IE,2026,03,94,307806731,0.025228126677402,0.0325828813330945
can,IE,2026,04,535,4146281225,0.143585614600107,0.438904596689318
can,IE,2026,05,191,76064007,0.0512614063338701,0.00805175541726755
can,IE,2026,06,128,735292937,0.0343531937734836,0.0778344334235287
can,IE,2026,07,391,719586800,0.104938271604938,0.0761718603004207
can,IE,2026,08,169,255667272,0.0453569511540526,0.0270636589306164
can,IE,2026,09,954,954939990,0.256038647342995,0.101085172092602
can,IE,2026,10,55,111342739,0.0147611379495437,0.0117861855728513
can,IE,2026,unresolved,12,34527692,0.00322061191626409,0.00365492881681536
can,IE,2026,unmapped,2,3634960,0.000536768652710682,0.000384778688710823
can,IS,2016,05,4,0,0.0615384615384615,0
can,IS,2016,01,28,5691341,0.430769230769231,0.0374498603492114
can,IS,2016,04,24,141681481,0.369230769230769,0.932284970715944
can,IS,2016,10,1,0,0.0153846153846154,0
can,IS,2016,07,6,0,0.0923076923076923,0
can,IS,2016,unresolved,1,4599467,0.0153846153846154,0.0302651689348444
can,IS,2016,09,1,0,0.0153846153846154,0
can,IS,2017,04,25,68975199,0.301204819277108,0.5679195299005
can,IS,2017,09,2,7228551,0.0240963855421687,0.0595175562419442
can,IS,2017,01,37,32003556,0.445783132530121,0.263506952385369
can,IS,2017,07,7,977200,0.0843373493975904,0.00804594945233531
can,IS,2017,unresolved,2,0,0.0240963855421687,0
can,IS,2017,05,8,12171148,0.0963855421686747,0.100213304937466
can,IS,2017,06,1,96762,0.0120481927710843,0.000796707082385253
can,IS,2017,03,1,0,0.0120481927710843,0
can,IS,2018,01,60,88194681,0.422535211267606,0.299518577374563
can,IS,2018,04,32,118325923,0.225352112676056,0.401847500570835
can,IS,2018,08,4,2470873,0.028169014084507,0.00839134919976885
can,IS,2018,05,6,5428487,0.0422535211267606,0.0184357229381703
can,IS,2018,03,4,8727651,0.028169014084507,0.0296400370374
can,IS,2018,07,24,40939308,0.169014084507042,0.139034272269311
can,IS,2018,10,2,1563844,0.0140845070422535,0.00531098162388893
can,IS,2018,unresolved,3,24435344,0.0211267605633803,0.0829850438773974
can,IS,2018,06,4,822846,0.028169014084507,0.00279447309660715
can,IS,2018,09,3,3545837,0.0211267605633803,0.0120420420120584
can,IS,2019,01,76,324788195,0.463414634146342,0.658596366454642
can,IS,2019,04,45,74322799,0.274390243902439,0.150709681323666
can,IS,2019,05,3,548998,0.0182926829268293,0.00111324270265077
can,IS,2019,07,19,39363099,0.115853658536585,0.0798193849804004
can,IS,2019,08,2,2480828,0.0121951219512195,0.00503055323977812
can,IS,2019,09,3,39733715,0.0182926829268293,0.0805709096808285
can,IS,2019,unresolved,9,8808106,0.0548780487804878,0.0178608295998792
can,IS,2019,06,6,3004973,0.0365853658536585,0.00609339972807295
can,IS,2019,03,1,101408,0.00609756097560976,0.000205632290081948
can,IS,2020,01,86,667993396,0.423645320197044,0.70057124073977
can,IS,2020,04,69,117337978,0.339901477832512,0.123060517253012
can,IS,2020,07,21,140199539,0.103448275862069,0.147037029971437
can,IS,2020,08,5,8330211,0.0246305418719212,0.00873647298137971
can,IS,2020,unresolved,4,2713435,0.0197044334975369,0.00284576844022679
can,IS,2020,05,7,11615052,0.0344827586206897,0.0121815147269764
can,IS,2020,09,5,3288368,0.0246305418719212,0.00344874075636663
can,IS,2020,03,3,1433687,0.0147783251231527,0.00150360750036888
can,IS,2020,06,3,586504,0.0147783251231527,0.000615107630463517
can,IS,2021,01,109,172274653,0.497716894977169,0.406213140769627
can,IS,2021,03,2,24941708,0.0091324200913242,0.0588110285895565
can,IS,2021,04,49,135179221,0.223744292237443,0.318744371113036
can,IS,2021,07,33,49705360,0.150684931506849,0.117202211974184
can,IS,2021,09,4,34002165,0.0182648401826484,0.0801750344411786
can,IS,2021,unresolved,5,0,0.0228310502283105,0
can,IS,2021,05,13,4709421,0.0593607305936073,0.0111045279285307
can,IS,2021,06,3,2973405,0.0136986301369863,0.00701110791864496
can,IS,2021,08,1,313230,0.0045662100456621,0.000738577265242092
can,IS,2022,01,100,167113191,0.515463917525773,0.403884355579735
can,IS,2022,02,1,561000,0.00515463917525773,0.00135584224156327
can,IS,2022,04,50,112827607,0.257731958762887,0.272685268422638
can,IS,2022,07,15,67827004,0.077319587628866,0.163926412017613
can,IS,2022,03,4,5453849,0.0206185567010309,0.0131810318240777
can,IS,2022,unresolved,5,3701786,0.0257731958762887,0.00894659149381024
can,IS,2022,05,6,25156948,0.0309278350515464,0.0608000940591991
can,IS,2022,09,7,21211781,0.0360824742268041,0.0512652917978418
can,IS,2022,08,3,8503131,0.0154639175257732,0.0205506313642534
can,IS,2022,06,3,1408655,0.0154639175257732,0.00340448119926794
can,IS,2023,01,142,403038320,0.491349480968858,0.563631181951668
can,IS,2023,04,96,257695177,0.332179930795848,0.360375254630265
can,IS,2023,07,17,21925563,0.0588235294117647,0.0306619256170127
can,IS,2023,08,6,1225318,0.0207612456747405,0.00171355277733059
can,IS,2023,03,1,136360,0.00346020761245675,0.000190693400992068
can,IS,2023,05,16,21890192,0.055363321799308,0.0306124608451845
can,IS,2023,09,2,7450289,0.0069204152249135,0.010418898121031
can,IS,2023,06,8,1713342,0.027681660899654,0.00239603265651622
can,IS,2023,10,1,0,0.00346020761245675,0
can,IS,2024,01,90,1790128133,0.517241379310345,0.542505370407374
can,IS,2024,04,48,559393163,0.275862068965517,0.169526297867901
can,IS,2024,07,19,19222700,0.109195402298851,0.00582551482851302
can,IS,2024,06,2,1969185,0.0114942528735632,0.000596769258095138
can,IS,2024,05,9,92017198,0.0517241379310345,0.0278861737127052
can,IS,2024,09,4,9112316,0.0229885057471264,0.00276152319809894
can,IS,2024,03,1,827900000,0.00574712643678161,0.250898350727313
can,IS,2024,10,1,0,0.00574712643678161,0
can,IS,2025,01,76,1391565334,0.419889502762431,0.610686290037252
can,IS,2025,03,4,540990,0.0220994475138122,0.000237412623019001
can,IS,2025,04,49,685439191,0.270718232044199,0.300803926607391
can,IS,2025,05,12,32639504,0.0662983425414365,0.0143237957423967
can,IS,2025,06,8,3094642,0.0441988950276243,0.00135807884531095
can,IS,2025,02,3,56058408,0.0165745856353591,0.0246011454658115
can,IS,2025,09,9,72868633,0.0497237569060774,0.0319782866528752
can,IS,2025,10,1,69268,0.00552486187845304,3.03981544414503e-05
can,IS,2025,07,17,32144275,0.0939226519337017,0.0141064652633027
can,IS,2025,08,2,4270724,0.0110497237569061,0.00187420060820015
can,IS,2026,01,71,991067770,0.396648044692737,0.490113367892736
can,IS,2026,03,5,5093472,0.0279329608938548,0.00251887791304862
can,IS,2026,04,47,467679469,0.262569832402235,0.231281822075474
can,IS,2026,07,39,81642591,0.217877094972067,0.0403747618979671
can,IS,2026,06,4,53968335,0.0223463687150838,0.026688994665232
can,IS,2026,08,1,0,0.00558659217877095,0
can,IS,2026,05,9,4866552,0.0502793296089386,0.00240665902266717
can,IS,2026,10,1,414486176,0.00558659217877095,0.20497610941817
can,IS,2026,02,1,0,0.00558659217877095,0
can,IS,2026,09,1,3315077,0.00558659217877095,0.00163940711470594
can,IT,2016,01,1060,2060460096,0.140583554376658,0.077871217191774
can,IT,2016,02,133,440219002,0.0176392572944297,0.0166372498954175
can,IT,2016,03,121,317658212,0.0160477453580902,0.012005295160738
can,IT,2016,04,1524,8528113049,0.202122015915119,0.322304006160516
can,IT,2016,05,892,3923940186,0.118302387267905,0.148297945233071
can,IT,2016,06,191,735142440,0.0253315649867374,0.0277833269973362
can,IT,2016,07,1362,5485458617,0.180636604774536,0.207312599836389
can,IT,2016,08,283,623777928,0.0375331564986737,0.0235745145489693
can,IT,2016,09,457,1083058864,0.0606100795755968,0.0409321744176209
can,IT,2016,10,462,906872026,0.0612732095490716,0.0342735239759723
can,IT,2016,unresolved,1055,2355141487,0.139920424403183,0.0890081465821964
can,IT,2017,01,1273,3119007705,0.159784109451487,0.117638328518318
can,IT,2017,02,138,272464563,0.0173214509853144,0.0102764336620304
can,IT,2017,03,114,247167733,0.0143090247269989,0.00932232354770089
can,IT,2017,04,1568,7104020213,0.196811848876616,0.267939403380752
can,IT,2017,05,989,4269949151,0.124137065394753,0.161047912827087
can,IT,2017,06,192,280530913,0.0240994100665244,0.010580668861489
can,IT,2017,07,1313,3755503345,0.164804819882013,0.141644772323752
can,IT,2017,08,305,595972855,0.0382829170327601,0.0224780626197556
can,IT,2017,09,457,1023515864,0.0573616166687586,0.0386035261342654
can,IT,2017,10,538,987656890,0.0675285552905736,0.0372510479864944
can,IT,2017,unresolved,1080,4857743766,0.1355591816242,0.183217520138355
can,IT,2018,01,1458,2371563840,0.156909169177787,0.0718406850236749
can,IT,2018,02,240,666129974,0.0258286698235041,0.0201787667866292
can,IT,2018,03,131,1382523529,0.0140981489453293,0.0418801449530907
can,IT,2018,04,1985,11473130959,0.213624623331898,0.347550242400766
can,IT,2018,05,1177,3120532868,0.126668101592768,0.0945288569065098
can,IT,2018,06,258,462344599,0.0277658200602669,0.0140055908042333
can,IT,2018,07,1449,7933054006,0.155940594059406,0.240312330837718
can,IT,2018,08,459,836096544,0.0493973310374516,0.0253274853722205
can,IT,2018,09,488,975119634,0.0525182953077916,0.0295388474495357
can,IT,2018,10,508,1172043782,0.0546706844597503,0.0355041794601737
can,IT,2018,unresolved,1139,2618891590,0.122578562204047,0.079332870005448
can,IT,2019,01,1770,4960048082,0.173580464842601,0.119464018588956
can,IT,2019,02,228,1300259418,0.0223595175051486,0.0313170785271465
can,IT,2019,03,171,349136184,0.0167696381288614,0.0084090337202205
can,IT,2019,04,1962,12363463084,0.192409532215357,0.297777150397157
can,IT,2019,05,1254,3201278760,0.122977346278317,0.0771036124994299
can,IT,2019,06,329,731477029,0.0322643914876925,0.017617810139174
can,IT,2019,07,1562,10215393034,0.153182308522114,0.246040337337856
can,IT,2019,08,443,1206730406,0.0434441502402667,0.0290644085039017
can,IT,2019,09,610,1517469052,0.0598215161321958,0.0365486277631397
can,IT,2019,10,568,1305948625,0.0557026576444052,0.0314541045235821
can,IT,2019,unresolved,1300,4367976248,0.12748847700304,0.105203817999438
can,IT,2020,01,1822,4893680124,0.183910366407591,0.135351786219667
can,IT,2020,02,243,809792792,0.0245281114363581,0.0223976431004281
can,IT,2020,03,186,1047084941,0.018774603815484,0.0289607848279673
can,IT,2020,04,1858,12391863304,0.187544160694458,0.34274018535878
can,IT,2020,05,1318,3974252943,0.13303724639144,0.109921821838271
can,IT,2020,06,358,763996113,0.0361360654082972,0.0211309762671836
can,IT,2020,07,1488,6664337339,0.150196830523872,0.184325485104811
can,IT,2020,08,392,691498033,0.0395679822347835,0.0191257890917138
can,IT,2020,09,445,1127804735,0.0449177349348945,0.0311933721700785
can,IT,2020,10,454,979868375,0.0458261835066115,0.0271016763367863
can,IT,2020,unresolved,1343,2811089441,0.13556071464621,0.0777504796843141
can,IT,2021,01,2109,5534614352,0.176352537837612,0.112584592150558
can,IT,2021,02,263,1095917759,0.0219918053348942,0.0222930535138338
can,IT,2021,03,217,495561915,0.01814532987708,0.0100806727510225
can,IT,2021,04,2209,15541151565,0.184714441006773,0.31613660848172
can,IT,2021,05,1427,3963560738,0.119324358223932,0.0806263708311388
can,IT,2021,06,385,673394633,0.032193327201271,0.013698128774823
can,IT,2021,07,1871,12943481490,0.156451208295008,0.263295053978487
can,IT,2021,08,491,1341357169,0.041056944560582,0.0272857583555972
can,IT,2021,09,657,1579529817,0.0549377038213897,0.0321306434245648
can,IT,2021,10,807,1837550112,0.0674805585751317,0.0373792674174261
can,IT,2021,unresolved,1523,4153487873,0.127351785266327,0.0844898503208293
can,IT,2022,01,2083,7904949888,0.18823423097777,0.153172352206169
can,IT,2022,02,227,1640436183,0.020513283932767,0.0317863455625007
can,IT,2022,03,159,673365626,0.0143683354418941,0.013047647143946
can,IT,2022,04,2085,17158606042,0.188414964756913,0.332478268081353
can,IT,2022,05,1245,4195408418,0.112506777516718,0.0812934408130965
can,IT,2022,06,417,2394926690,0.0376829929513826,0.0464059304190537
can,IT,2022,07,1837,9168669605,0.166003976143141,0.177659151531241
can,IT,2022,08,485,558474375,0.0438279414422556,0.0108214264325037
can,IT,2022,09,620,2367805261,0.0560274715344298,0.045880404876959
can,IT,2022,10,602,1326337568,0.0544008675221399,0.025700130676144
can,IT,2022,unresolved,1306,4219223614,0.118019157780589,0.0817549022570342
can,IT,2023,01,2415,16715967749,0.184463794683776,0.175238492944778
can,IT,2023,02,215,823904745,0.0164222425908952,0.00863724003370901
can,IT,2023,03,190,898625254,0.0145126794989306,0.00942055749314895
can,IT,2023,04,2561,40266498904,0.195615643140849,0.42212575963612
can,IT,2023,05,1386,6645759281,0.105866177818515,0.0696694835957601
can,IT,2023,06,649,3431608000,0.0495722578673999,0.0359745737325449
can,IT,2023,07,2049,13273255665,0.156507791017415,0.139147511776247
can,IT,2023,08,515,1663516808,0.0393369996944699,0.0174391445831586
can,IT,2023,09,833,2652448694,0.0636266422242591,0.0278064135280298
can,IT,2023,10,687,2821647044,0.0524747937671861,0.0295801704715677
can,IT,2023,unresolved,1591,6194662439,0.121524595172625,0.0649405003893312
can,IT,2023,unmapped,1,1922278,7.63825236785823e-05,2.01518156052349e-05
can,IT,2024,01,2249,11318174666,0.286496815286624,0.201956042766118
can,IT,2024,02,131,715810768,0.016687898089172,0.012772581652139
can,IT,2024,03,108,631828925,0.0137579617834395,0.0112740502036506
can,IT,2024,04,1658,22843041018,0.211210191082803,0.407600192157999
can,IT,2024,05,945,3654237829,0.120382165605096,0.0652044550512232
can,IT,2024,06,372,2812628531,0.0473885350318471,0.0501871851826252
can,IT,2024,07,873,6870352541,0.111210191082803,0.122591252788898
can,IT,2024,08,362,1627519965,0.0461146496815287,0.0290406802646043
can,IT,2024,09,605,3259153630,0.0770700636942675,0.0581547634053475
can,IT,2024,10,396,1483524186,0.0504458598726115,0.0264712891251281
can,IT,2024,unresolved,150,824510466,0.0191082802547771,0.0147121665680617
can,IT,2024,unmapped,1,1980598,0.000127388535031847,3.53408342064269e-05
can,IT,2025,01,3818,11551184787,0.290386370550654,0.212884207868439
can,IT,2025,02,76,503178555,0.00578034682080925,0.00927340096040319
can,IT,2025,03,182,1220296382,0.0138424094919379,0.0224896262536772
can,IT,2025,04,2294,15313059982,0.174475205354427,0.282214223425699
can,IT,2025,05,1802,5310573607,0.137055065409188,0.0978719738710757
can,IT,2025,06,497,1089229600,0.0378004259202921,0.0200741122974519
can,IT,2025,07,1977,11084190295,0.150365074536051,0.204277666258938
can,IT,2025,08,634,2547492382,0.0482202616367508,0.0469493742670703
can,IT,2025,09,1038,3187404160,0.0789473684210526,0.0587427196664554
can,IT,2025,10,805,2308548539,0.0612260419835716,0.0425457246259233
can,IT,2025,unresolved,23,143993812,0.0017493154852449,0.00265375449971813
can,IT,2025,unmapped,2,1259710,0.000152114390021296,2.32160051491652e-05
can,IT,2026,01,3224,9373750641,0.285739608260215,0.184360858133251
can,IT,2026,02,75,714632602,0.00664716830630152,0.0140552362443325
can,IT,2026,03,160,890561551,0.0141806257201099,0.0175153679728484
can,IT,2026,04,1775,18008295583,0.157316316582469,0.354183181775457
can,IT,2026,05,1596,4274981880,0.141451741558096,0.0840793998139488
can,IT,2026,06,422,1961896159,0.0374014003367899,0.0385861405209071
can,IT,2026,07,1858,8541351029,0.164672516174776,0.167989406336051
can,IT,2026,08,659,2482364261,0.0584064521847026,0.0488225922455785
can,IT,2026,09,821,2229896243,0.0727643357263139,0.043857107005754
can,IT,2026,10,679,2301426436,0.0601790303997164,0.0452639470497207
can,IT,2026,unresolved,11,64949021,0.000974918018257556,0.00127740300601778
can,IT,2026,unmapped,3,475900,0.000265886732252061,9.35989613398273e-06
can,LI,2016,01,2,553831,0.5,0.0799363720155799
can,LI,2016,04,2,6374567,0.5,0.92006362798442
can,LI,2017,03,1,470516,0.0833333333333333,0.0328406816949264
can,LI,2017,10,3,5440783,0.25,0.379751214994106
can,LI,2017,05,1,299841,0.0833333333333333,0.020928050991015
can,LI,2017,01,6,7640290,0.5,0.533270562418555
can,LI,2017,04,1,475800,0.0833333333333333,0.0332094899013975
can,LI,2018,03,2,726170,0.181818181818182,0.113411202247453
can,LI,2018,01,8,5348403,0.727272727272727,0.835298641273919
can,LI,2018,10,1,328410,0.0909090909090909,0.0512901564786288
can,LI,2019,01,20,9799305,0.645161290322581,0.691927849119657
can,LI,2019,03,2,908953,0.0645161290322581,0.0641810714372968
can,LI,2019,04,8,2987183,0.258064516129032,0.210924663342635
can,LI,2019,unresolved,1,466881,0.032258064516129,0.0329664161004107
can,LI,2020,01,38,24239671,0.808510638297872,0.880651628560952
can,LI,2020,03,1,477393,0.0212765957446809,0.017344167869011
can,LI,2020,04,6,2383899,0.127659574468085,0.0866094484811623
can,LI,2020,05,1,322279,0.0212765957446809,0.0117087202297834
can,LI,2020,07,1,101457,0.0212765957446809,0.00368603485909147
can,LI,2021,01,13,22845134,0.481481481481482,0.823764089771982
can,LI,2021,03,2,781565,0.0740740740740741,0.0281821582146395
can,LI,2021,04,6,0,0.222222222222222,0
can,LI,2021,07,3,2865101,0.111111111111111,0.103311598757521
can,LI,2021,10,1,979092,0.037037037037037,0.0353047099738189
can,LI,2021,08,2,261725,0.0740740740740741,0.00943744328203862
can,LI,2022,04,2,1110281,0.0363636363636364,0.0183964478325108
can,LI,2022,07,1,1739079,0.0181818181818182,0.0288151162634639
can,LI,2022,01,46,56752008,0.836363636363636,0.940334342893586
can,LI,2022,08,5,751642,0.0909090909090909,0.0124540930104397
can,LI,2022,05,1,0,0.0181818181818182,0
can,LI,2023,01,74,40036621,0.961038961038961,0.984634543590012
can,LI,2023,05,1,355646,0.012987012987013,0.0087465257592446
can,LI,2023,08,1,213397,0.012987012987013,0.00524814663301575
can,LI,2023,09,1,55738,0.012987012987013,0.00137078401772767
can,LI,2024,01,60,45953521,0.923076923076923,0.789902064118082
can,LI,2024,03,1,338499,0.0153846153846154,0.00581851081230329
can,LI,2024,04,4,11884206,0.0615384615384615,0.204279425069615
can,LI,2025,01,37,71313265,0.822222222222222,0.930231136918289
can,LI,2025,05,1,405111,0.0222222222222222,0.00528438665805169
can,LI,2025,03,1,533030,0.0222222222222222,0.00695299959848361
can,LI,2025,07,5,4222417,0.111111111111111,0.0550784453138292
can,LI,2025,09,1,188054,0.0222222222222222,0.0024530315113469
can,LI,2026,01,46,54116672,0.779661016949153,0.763492250549718
can,LI,2026,07,3,407548,0.0508474576271187,0.00574979443907852
can,LI,2026,04,7,15476291,0.11864406779661,0.218343586348997
can,LI,2026,08,2,622737,0.0338983050847458,0.00878573748272214
can,LI,2026,09,1,257199,0.0169491525423729,0.00362863117948452
can,LT,2016,01,400,142383238,0.189753320683112,0.0742465805723113
can,LT,2016,02,108,89280908,0.0512333965844402,0.0465560568961855
can,LT,2016,03,87,43609904,0.0412713472485769,0.0227406420627038
can,LT,2016,04,386,1162949117,0.183111954459203,0.606426687085448
can,LT,2016,05,99,68284902,0.0469639468690702,0.0356075655353152
can,LT,2016,06,26,22150604,0.0123339658444023,0.0115505633086625
can,LT,2016,07,695,213608286,0.329696394686907,0.111387302607996
can,LT,2016,08,47,43647786,0.0222960151802657,0.0227603958553886
can,LT,2016,09,64,21329687,0.0303605313092979,0.0111224912895132
can,LT,2016,10,35,39975567,0.0166034155597723,0.0208454955645083
can,LT,2016,unresolved,161,70487684,0.0763757115749526,0.0367562192219678
can,LT,2017,01,413,1481730400,0.199132111861138,0.46476475827058
can,LT,2017,02,103,163371738,0.0496624879459981,0.0512437527905309
can,LT,2017,03,99,48757544,0.0477338476374156,0.0152934623943918
can,LT,2017,04,289,809135442,0.139344262295082,0.253796262875682
can,LT,2017,05,118,91161647,0.0568948891031823,0.028594082183576
can,LT,2017,06,28,38480087,0.0135004821600771,0.0120697991569761
can,LT,2017,07,737,373967603,0.355351976856316,0.117299991016803
can,LT,2017,09,111,31483340,0.053519768563163,0.00987517493374671
can,LT,2017,10,30,11278101,0.0144648023143684,0.00353752874680589
can,LT,2017,unresolved,125,121754514,0.0602700096432015,0.0381899482305026
can,LT,2017,08,21,17009436,0.0101253616200579,0.0053352394004057
can,LT,2018,01,445,229994687,0.15008431703204,0.128016843447178
can,LT,2018,02,108,70173398,0.036424957841484,0.0390590627248816
can,LT,2018,03,144,64657628,0.048566610455312,0.0359889419590891
can,LT,2018,04,515,749471614,0.173693086003373,0.417161768078328
can,LT,2018,05,187,130141654,0.0630691399662732,0.0724378635149724
can,LT,2018,06,58,22960941,0.0195615514333895,0.0127802395252586
can,LT,2018,07,1140,308332114,0.384485666104553,0.17162006863087
can,LT,2018,08,47,49976663,0.0158516020236088,0.0278174019006072
can,LT,2018,09,91,25541770,0.0306913996627319,0.0142167491523568
can,LT,2018,10,29,8062073,0.00978077571669477,0.00448741295098143
can,LT,2018,unresolved,201,137284537,0.0677908937605396,0.0764136481154771
can,LT,2019,01,617,199055099,0.161687631027254,0.0868261413133025
can,LT,2019,02,143,136962736,0.0374737945492663,0.0597419806392025
can,LT,2019,03,168,62526184,0.0440251572327044,0.0272733897048553
can,LT,2019,04,790,786679643,0.207023060796646,0.343142969934251
can,LT,2019,05,209,152727273,0.054769392033543,0.0666183376085901
can,LT,2019,06,72,43775429,0.0188679245283019,0.0190944698402548
can,LT,2019,07,1207,241668978,0.316299790356394,0.105413952921997
can,LT,2019,08,80,52859279,0.0209643605870021,0.0230567679563601
can,LT,2019,09,144,47566039,0.0377358490566038,0.0207479016848901
can,LT,2019,10,53,38735344,0.0138888888888889,0.01689602762682
can,LT,2019,unresolved,333,530015058,0.0872641509433962,0.231188060769477
can,LT,2020,01,671,259005575,0.143683083511777,0.101075956938854
can,LT,2020,02,116,84144361,0.0248394004282655,0.0328370221725281
can,LT,2020,03,181,68574746,0.0387580299785867,0.0267610381505836
can,LT,2020,04,778,1306420745,0.166595289079229,0.509825809601379
can,LT,2020,05,241,115160521,0.0516059957173448,0.0449409626092102
can,LT,2020,06,65,20326348,0.0139186295503212,0.00793228128457143
can,LT,2020,07,1790,399514894,0.383297644539615,0.155909193160706
can,LT,2020,08,68,19433608,0.0145610278372591,0.00758389283850191
can,LT,2020,09,221,71971706,0.0473233404710921,0.0280866890856379
can,LT,2020,10,96,33718517,0.0205567451820128,0.0131585251488661
can,LT,2020,unresolved,443,184213499,0.0948608137044968,0.0718886290091618
can,LT,2021,01,714,241026143,0.139917695473251,0.0921795742142302
can,LT,2021,02,123,281743214,0.024103468547913,0.107751670341705
can,LT,2021,03,277,83984087,0.0542817950225358,0.0321194094718218
can,LT,2021,04,925,863744776,0.181265922006663,0.330336056870999
can,LT,2021,05,245,104327728,0.0480109739368999,0.0398997611880551
can,LT,2021,06,72,61264768,0.0141093474426808,0.0234304883208192
can,LT,2021,07,1888,332062364,0.369978444052518,0.126996046757014
can,LT,2021,08,70,36190908,0.0137174211248285,0.0138410815040358
can,LT,2021,09,238,100669936,0.046639231824417,0.0385008519040767
can,LT,2021,10,63,50681626,0.0123456790123457,0.0193830040468467
can,LT,2021,unresolved,488,459050125,0.0956300215559475,0.175562055380396
can,LT,2022,01,872,392182075,0.156637327106161,0.120953233042397
can,LT,2022,02,140,241713824,0.0251481947188791,0.0745471819022856
can,LT,2022,03,302,104448340,0.0542482486078678,0.032213008228159
can,LT,2022,04,1015,1387738388,0.182324411711874,0.427993667598509
can,LT,2022,05,297,270074340,0.0533500987964793,0.0832938746239012
can,LT,2022,06,82,27786309,0.014729656906772,0.00856960101469461
can,LT,2022,07,1888,293977119,0.339141368780313,0.0906657525934589
can,LT,2022,08,95,36531575,0.0170648464163823,0.0112667365135971
can,LT,2022,09,248,52773657,0.0445482306448716,0.0162759719031537
can,LT,2022,10,52,22878781,0.00934075803844081,0.00705606580825744
can,LT,2022,unresolved,576,412322976,0.10346685827196,0.127164906771587
can,LT,2023,01,938,339449133,0.148605830164766,0.076200844139012
can,LT,2023,02,154,480406945,0.0243979721166033,0.107843594755164
can,LT,2023,03,256,176165049,0.0405576679340938,0.0395462062988695
can,LT,2023,04,1436,2195307369,0.227503168567807,0.492811023507294
can,LT,2023,05,315,262765633,0.0499049429657795,0.0589866377573627
can,LT,2023,06,113,44150680,0.0179024081115336,0.00991111409116898
can,LT,2023,07,1877,367978183,0.297370088719899,0.0826051547739255
can,LT,2023,08,104,73127346,0.0164765525982256,0.0164159072836565
can,LT,2023,09,369,82018685,0.0584600760456274,0.0184118691862198
can,LT,2023,10,77,33750354,0.0121989860583016,0.00757640899554302
can,LT,2023,unresolved,673,399544306,0.106622306717364,0.0896912392117841
can,LT,2024,01,1590,885124682,0.258284600389864,0.154553150204967
can,LT,2024,02,160,731207009,0.0259909031838856,0.12767731935522
can,LT,2024,03,301,165533535,0.0488953866146849,0.0289040965855861
can,LT,2024,04,1598,2481518736,0.259584145549058,0.433302274516675
can,LT,2024,05,279,226937179,0.0453216374269006,0.0396258929689168
can,LT,2024,06,104,124033865,0.0168940870695257,0.0216577674961364
can,LT,2024,07,1544,599219029,0.250812215724496,0.104630670094354
can,LT,2024,08,89,127758759,0.0144574398960364,0.0223081776740321
can,LT,2024,09,328,134891207,0.0532813515269656,0.0235535867440654
can,LT,2024,10,63,178563435,0.010233918128655,0.0311792699400398
can,LT,2024,unresolved,100,72204740,0.0162443144899285,0.0126077944200076
can,LT,2025,01,2483,1043446144,0.340837336993823,0.182438888291702
can,LT,2025,02,125,448678098,0.0171585449553878,0.0784480673685401
can,LT,2025,03,332,99738165,0.04557309540151,0.0174384850118861
can,LT,2025,04,1313,2965427348,0.180233356211393,0.518483174038095
can,LT,2025,05,271,192877680,0.0371997254632807,0.0337232445755079
can,LT,2025,06,127,85435969,0.017433081674674,0.0149378511714394
can,LT,2025,07,1834,554514317,0.25175017158545,0.0969527522977866
can,LT,2025,08,143,83391680,0.0196293754289636,0.0145804222666018
can,LT,2025,09,537,171314865,0.0737131091283459,0.0299531448730362
can,LT,2025,10,75,37088229,0.0102951269732327,0.00648460421879528
can,LT,2025,unmapped,3,2637167,0.000411805078929307,0.000461089265110709
can,LT,2025,unresolved,42,34878656,0.0057652711050103,0.00609827662149922
can,LT,2026,01,2023,869366829,0.311854478187144,0.165226929167618
can,LT,2026,02,121,252661069,0.0186526899953754,0.0480193298829872
can,LT,2026,03,205,118994484,0.0316016648681979,0.0226154167876644
can,LT,2026,04,1099,2301172295,0.169415754586095,0.437347755982129
can,LT,2026,05,229,343993677,0.0353013719747187,0.0653774873940898
can,LT,2026,06,103,145314454,0.0158779096654848,0.027617641020082
can,LT,2026,07,1969,834090060,0.303530137197472,0.158522426513048
can,LT,2026,08,110,108614758,0.0169569909048867,0.0206427049295941
can,LT,2026,09,543,227146610,0.0837058732850316,0.0431701965030166
can,LT,2026,10,54,39381959,0.00832434098967165,0.00748471178462115
can,LT,2026,unresolved,31,20917177,0.00477878834592262,0.00397540003515078
can,LU,2016,01,115,147191993,0.196917808219178,0.0755160317438585
can,LU,2016,04,119,1686616584,0.203767123287671,0.865309239321613
can,LU,2016,05,12,1153068,0.0205479452054795,0.000591575111635505
can,LU,2016,07,22,2280472,0.0376712328767123,0.00116998345109017
can,LU,2016,unresolved,281,88361118,0.481164383561644,0.045333179175112
can,LU,2016,09,18,11915528,0.0308219178082192,0.00611319523809175
can,LU,2016,08,9,460773,0.0154109589041096,0.000236397019875347
can,LU,2016,03,5,1482581,0.00856164383561644,0.000760629919990563
can,LU,2016,10,2,9686820,0.00342465753424658,0.00496976901873353
can,LU,2016,06,1,0,0.00171232876712329,0
can,LU,2017,01,228,278596819,0.408602150537634,0.176340182284244
can,LU,2017,04,80,947478479,0.14336917562724,0.599714412737995
can,LU,2017,07,21,22224094,0.0376344086021505,0.0140669258217991
can,LU,2017,unresolved,163,83236611,0.292114695340502,0.0526853077832979
can,LU,2017,06,3,2050090,0.00537634408602151,0.0012976215794449
can,LU,2017,08,17,188546795,0.0304659498207885,0.119342267864911
can,LU,2017,09,32,48529118,0.0573476702508961,0.0307169103542908
can,LU,2017,03,3,3674497,0.00537634408602151,0.00232580355048098
can,LU,2017,05,9,4761287,0.0161290322580645,0.00301369635339448
can,LU,2017,02,1,784999,0.0017921146953405,0.000496871670142613
can,LU,2017,10,1,0,0.0017921146953405,0
can,LU,2018,01,287,576821794,0.499130434782609,0.622159382519962
can,LU,2018,03,10,5663357,0.0173913043478261,0.0061084909252061
can,LU,2018,04,89,60950957,0.154782608695652,0.0657416383457951
can,LU,2018,05,14,119790113,0.0243478260869565,0.129205490346082
can,LU,2018,09,43,44723723,0.0747826086956522,0.0482389607589512
can,LU,2018,unresolved,89,66227496,0.154782608695652,0.0714329077815725
can,LU,2018,02,13,4786653,0.0226086956521739,0.00516287890956028
can,LU,2018,07,13,33739899,0.0226086956521739,0.0363918197032026
can,LU,2018,08,13,8548593,0.0226086956521739,0.00922050345118282
can,LU,2018,10,1,135000,0.00173913043478261,0.000145610858524868
can,LU,2018,06,3,5741074,0.00521739130434783,0.00619231639996149
can,LU,2019,01,302,421466139,0.442166910688141,0.454301176780391
can,LU,2019,03,11,15111131,0.0161054172767204,0.0162883894114745
can,LU,2019,04,122,210137768,0.178623718887262,0.226508908912383
can,LU,2019,05,30,36703326,0.0439238653001464,0.0395627611582679
can,LU,2019,06,19,11056853,0.0278184480234261,0.0119182559749783
can,LU,2019,07,23,12281864,0.0336749633967789,0.0132387035444779
can,LU,2019,08,17,24305920,0.0248901903367496,0.0261995141173845
can,LU,2019,09,26,44997444,0.0380673499267936,0.048503046555087
can,LU,2019,unresolved,116,140552529,0.169838945827233,0.151502513287693
can,LU,2019,02,16,7125019,0.0234260614934114,0.0076801057469593
can,LU,2019,10,1,3986082,0.00146412884333821,0.0042966245109032
can,LU,2020,01,342,628281077,0.442432082794308,0.460717564396587
can,LU,2020,02,23,15681809,0.0297542043984476,0.0114994468436178
can,LU,2020,04,116,154197749,0.15006468305304,0.113072976340359
can,LU,2020,05,29,87088106,0.03751617076326,0.0638615765348473
can,LU,2020,06,28,19133467,0.036222509702458,0.0140305424393714
can,LU,2020,07,71,268826405,0.091849935316947,0.197129996574909
can,LU,2020,08,10,2521981,0.0129366106080207,0.00184936485644699
can,LU,2020,09,38,28059430,0.0491591203104787,0.0205759376196468
can,LU,2020,10,2,15318600,0.00258732212160414,0.0112331062327468
can,LU,2020,unresolved,102,131797576,0.131953428201811,0.0966469633273613
can,LU,2020,03,12,12794960,0.0155239327296248,0.00938252483410662
can,LU,2021,01,397,592485573,0.462703962703963,0.39997663553006
can,LU,2021,04,132,364119732,0.153846153846154,0.245810855103247
can,LU,2021,05,45,67042298,0.0524475524475525,0.0452590814261796
can,LU,2021,06,42,28230511,0.048951048951049,0.0190579236417531
can,LU,2021,07,55,120867894,0.0641025641025641,0.0815957987650847
can,LU,2021,08,18,8066458,0.020979020979021,0.00544552454694882
can,LU,2021,09,35,35470381,0.0407925407925408,0.0239454331039878
can,LU,2021,10,2,0,0.00233100233100233,0
can,LU,2021,unresolved,99,118115446,0.115384615384615,0.0797376693174138
can,LU,2021,03,21,27649219,0.0244755244755245,0.0186655035913487
can,LU,2021,02,12,119252945,0.013986013986014,0.0805055749739771
can,LU,2022,01,305,796773338,0.38125,0.35640448507416
can,LU,2022,03,18,38020777,0.0225,0.0170070643714291
can,LU,2022,04,138,1066815405,0.1725,0.477196935382653
can,LU,2022,05,26,22874663,0.0325,0.0102320598581073
can,LU,2022,06,98,67149986,0.1225,0.0300368436563662
can,LU,2022,07,52,121160248,0.065,0.0541961606148743
can,LU,2022,09,36,26323033,0.045,0.011774549391304
can,LU,2022,unresolved,106,73371045,0.1325,0.032819584021495
can,LU,2022,02,14,12302325,0.0175,0.00550294995794646
can,LU,2022,08,7,10796473,0.00875,0.00482936767166533
can,LU,2023,01,327,840200436,0.371590909090909,0.371697292050155
can,LU,2023,02,20,26301439,0.0227272727272727,0.0116355255656191
can,LU,2023,03,35,33713696,0.0397727272727273,0.0149146429486049
can,LU,2023,04,139,875848548,0.157954545454545,0.387467703644063
can,LU,2023,05,34,23438524,0.0386363636363636,0.0103689971192214
can,LU,2023,06,93,55769811,0.105681818181818,0.0246720744701553
can,LU,2023,07,38,26542518,0.0431818181818182,0.0117421767974332
can,LU,2023,08,11,10430804,0.0125,0.00461449605901648
can,LU,2023,09,23,11598960,0.0261363636363636,0.0051312780116173
can,LU,2023,10,7,2726383,0.00795454545454545,0.0012061278889786
can,LU,2023,unresolved,152,353241596,0.172727272727273,0.156270978979443
can,LU,2023,unmapped,1,630000,0.00113636363636364,0.000278706465693381
can,LU,2024,01,226,728824994,0.433781190019194,0.369281037638131
can,LU,2024,02,17,6592259,0.0326295585412668,0.0033401656967589
can,LU,2024,03,75,252582133,0.143953934740883,0.127978311571313
can,LU,2024,04,74,618414529,0.142034548944338,0.31333826479559
can,LU,2024,06,35,37845150,0.0671785028790787,0.0191753800660282
can,LU,2024,07,29,113197393,0.0556621880998081,0.0573548534821122
can,LU,2024,unresolved,7,10927580,0.0134357005758157,0.00553678607964107
can,LU,2024,05,21,29598548,0.0403071017274472,0.0149969918814585
can,LU,2024,10,10,3340424,0.0191938579654511,0.00169252598501214
can,LU,2024,09,24,170731414,0.0460652591170825,0.086506190427582
can,LU,2024,08,3,1577904,0.00575815738963532,0.000799492376373357
can,LU,2025,01,282,971378515,0.409883720930233,0.487919112738457
can,LU,2025,02,17,40042140,0.0247093023255814,0.0201129890349171
can,LU,2025,03,99,420822700,0.143895348837209,0.211377372706459
can,LU,2025,04,62,204573891,0.0901162790697674,0.102756556630423
can,LU,2025,05,22,24716962,0.0319767441860465,0.0124152202075729
can,LU,2025,07,61,194289318,0.0886627906976744,0.0975906613017067
can,LU,2025,09,41,24421104,0.059593023255814,0.0122666120485211
can,LU,2025,10,22,26112728,0.0319767441860465,0.0131163072686868
can,LU,2025,06,72,64517493,0.104651162790698,0.0324068501151372
can,LU,2025,08,8,13744500,0.0116279069767442,0.00690380129010134
can,LU,2025,unresolved,2,6240383,0.00290697674418605,0.00313451665801786
can,LU,2026,01,214,1076182471,0.370883882149047,0.611126755044849
can,LU,2026,02,14,231311255,0.024263431542461,0.131353650967896
can,LU,2026,03,71,134443690,0.123050259965338,0.07634591551153
can,LU,2026,04,48,96831996,0.0831889081455806,0.0549875370530875
can,LU,2026,05,17,28869452,0.0294627383015598,0.0163939619870309
can,LU,2026,06,93,63527261,0.161178509532062,0.0360749314526023
can,LU,2026,07,43,50424785,0.0745233968804159,0.0286344890957476
can,LU,2026,09,58,50967351,0.10051993067591,0.02894259353706
can,LU,2026,10,7,18299605,0.0121317157712305,0.01039171192954
can,LU,2026,08,11,6177458,0.0190641247833622,0.00350796446113629
can,LU,2026,unresolved,1,3945458,0.00173310225303293,0.0022404889595212
can,LV,2016,01,181,218571381,0.130122214234364,0.151370026515454
can,LV,2016,02,52,119872737,0.0373831775700935,0.083016995615588
can,LV,2016,03,70,19953021,0.0503235082674335,0.013818320147931
can,LV,2016,04,388,673233672,0.278936017253774,0.466243102438632
can,LV,2016,05,52,60929795,0.0373831775700935,0.0421964881336919
can,LV,2016,06,32,44894292,0.0230050323508267,0.0310912166969953
can,LV,2016,07,212,37658804,0.152408339324227,0.0260803318986225
can,LV,2016,08,26,31994580,0.0186915887850467,0.022157614600746
can,LV,2016,09,133,78980354,0.0956146657081237,0.0546972720055236
can,LV,2016,10,37,16490171,0.0265995686556434,0.0114201484663464
can,LV,2016,unresolved,208,141375363,0.149532710280374,0.0979084834804695
can,LV,2017,01,189,134579554,0.109375,0.137522220225349
can,LV,2017,02,123,50531378,0.0711805555555556,0.051636278224004
can,LV,2017,03,80,15000256,0.0462962962962963,0.0153282459909818
can,LV,2017,04,364,485335283,0.210648148148148,0.495947442892092
can,LV,2017,05,58,32415360,0.0335648148148148,0.0331241421457228
can,LV,2017,06,48,41912467,0.0277777777777778,0.0428289093376077
can,LV,2017,07,374,61729233,0.216435185185185,0.0630789813359605
can,LV,2017,08,37,7879251,0.021412037037037,0.00805153575730235
can,LV,2017,09,193,58128295,0.111689814814815,0.0593993065715916
can,LV,2017,10,26,12674687,0.0150462962962963,0.0129518269684663
can,LV,2017,unresolved,236,78416485,0.136574074074074,0.0801311105509221
can,LV,2018,01,268,175596053,0.114824335904027,0.079352948509287
can,LV,2018,02,169,91044736,0.072407883461868,0.0411436824713231
can,LV,2018,03,74,42897095,0.0317052270779777,0.019385464038494
can,LV,2018,04,567,1332367585,0.24293059125964,0.602105198617124
can,LV,2018,05,121,112721551,0.0518423307626393,0.0509395699935805
can,LV,2018,07,411,133511613,0.176092544987147,0.0603347283197809
can,LV,2018,08,38,46938306,0.0162810625535561,0.0212117124246019
can,LV,2018,09,352,123769365,0.150814053127678,0.0559321458545093
can,LV,2018,10,27,21428867,0.0115681233933162,0.00968383827888978
can,LV,2018,unresolved,263,121244099,0.112682090831191,0.0547909624426575
can,LV,2018,06,44,11329229,0.0188517566409597,0.00511974904975182
can,LV,2019,01,352,177864137,0.127628716461204,0.0622428137178637
can,LV,2019,02,125,64879804,0.0453226976069616,0.022704417104745
can,LV,2019,03,105,20825905,0.0380710659898477,0.00728793868896081
can,LV,2019,04,624,725388580,0.226250906453952,0.253846711425618
can,LV,2019,05,119,938563236,0.0431472081218274,0.328446294155315
can,LV,2019,06,44,22027476,0.0159535895576505,0.00770842345437356
can,LV,2019,07,456,117672576,0.165337200870196,0.0411790277186072
can,LV,2019,08,31,14093427,0.0112400290065265,0.00493193606200282
can,LV,2019,09,436,97571577,0.158085569253082,0.0341447668642116
can,LV,2019,10,37,18690184,0.0134155184916606,0.00654055202294432
can,LV,2019,unresolved,429,660008197,0.155547498187092,0.230967118785357
can,LV,2020,01,508,231654595,0.173972602739726,0.11668652796692
can,LV,2020,02,201,48830799,0.0688356164383562,0.0245965179027015
can,LV,2020,03,123,21233950,0.0421232876712329,0.0106957338813987
can,LV,2020,04,593,733227066,0.203082191780822,0.369333146803808
can,LV,2020,05,86,310769707,0.0294520547945206,0.156537529968387
can,LV,2020,06,59,46896650,0.0202054794520548,0.023622269447234
can,LV,2020,07,492,181495802,0.168493150684932,0.0914210873993309
can,LV,2020,08,52,10512285,0.0178082191780822,0.00529513363483567
can,LV,2020,09,396,137043866,0.135616438356164,0.0690302426451064
can,LV,2020,10,42,12721300,0.0143835616438356,0.00640783459626856
can,LV,2020,unresolved,368,250886822,0.126027397260274,0.126373975754009
can,LV,2021,01,586,155229067,0.159629528738763,0.062355177768022
can,LV,2021,02,245,70255172,0.0667393080904386,0.0282213494150742
can,LV,2021,03,142,40288761,0.0386815581585399,0.0161839074521291
can,LV,2021,04,703,1147734102,0.191500953418687,0.461042286369157
can,LV,2021,05,116,85445640,0.0315990193407791,0.0343233272909023
can,LV,2021,06,67,32353199,0.0182511577226914,0.012996209498632
can,LV,2021,07,760,244475004,0.207028057749932,0.0982050760780381
can,LV,2021,08,54,25040971,0.014709888313811,0.0100589034538801
can,LV,2021,09,366,151152775,0.0997003541269409,0.0607177401591599
can,LV,2021,10,39,11338493,0.0106238082266412,0.00455464791678786
can,LV,2021,unresolved,593,526120293,0.161536366112776,0.211341374598217
can,LV,2022,01,878,232265292,0.194247787610619,0.0722614083183803
can,LV,2022,02,313,183544399,0.0692477876106195,0.0571035674184618
can,LV,2022,03,164,34416358,0.036283185840708,0.0107074736688147
can,LV,2022,04,1063,1727756247,0.235176991150443,0.537532313003095
can,LV,2022,05,158,70828698,0.0349557522123894,0.0220359289275009
can,LV,2022,06,108,56908963,0.0238938053097345,0.0177052790664849
can,LV,2022,07,746,226049045,0.165044247787611,0.0703274354944299
can,LV,2022,08,61,8052954,0.0134955752212389,0.00250540144053522
can,LV,2022,09,339,185461409,0.075,0.0576999795692726
can,LV,2022,10,51,25782077,0.011283185840708,0.00802121219813127
can,LV,2022,unresolved,639,463171554,0.141371681415929,0.144100000894894
can,LV,2023,01,1148,868191261,0.2210668207202,0.188433830515154
can,LV,2023,02,238,87241610,0.0458309262468708,0.0189350797353962
can,LV,2023,03,209,98391607,0.0402464856537647,0.02135509562282
can,LV,2023,04,1306,2196807087,0.251492393606778,0.476799056730251
can,LV,2023,05,159,75271631,0.0306181398035817,0.0163370934442672
can,LV,2023,06,162,147633973,0.0311958405545927,0.0320427494449991
can,LV,2023,07,830,446259045,0.159830541113037,0.0968568851459385
can,LV,2023,08,137,94556886,0.0263816676295013,0.0205228007133381
can,LV,2023,09,318,98876383,0.0612362796071635,0.0214603122988282
can,LV,2023,10,55,37277641,0.0105911804352012,0.00809080786888819
can,LV,2023,unresolved,631,456899405,0.121509724629309,0.0991662884801195
can,LV,2024,01,923,436611096,0.259488332864774,0.108116618439667
can,LV,2024,02,99,114140746,0.0278324430700028,0.0282643102677835
can,LV,2024,03,180,164275405,0.0506044419454597,0.0406789965809912
can,LV,2024,04,885,1860042785,0.24880517289851,0.460596484857318
can,LV,2024,05,209,439075276,0.0587573798144504,0.108726815503525
can,LV,2024,06,223,165040991,0.0626932808546528,0.0408685762096426
can,LV,2024,07,603,245822872,0.16952488051729,0.0608723367300019
can,LV,2024,08,74,10078145,0.0208040483553556,0.00249561902463569
can,LV,2024,09,283,560298032,0.079561428169806,0.13874482140564
can,LV,2024,10,78,42949390,0.0219285915096992,0.0106354209807954
can,LV,2025,01,1204,512376987,0.281637426900585,0.162661723007154
can,LV,2025,02,118,163437689,0.0276023391812866,0.0518857340816662
can,LV,2025,03,198,92793650,0.0463157894736842,0.0294587293654599
can,LV,2025,04,925,1445713306,0.216374269005848,0.458963269808853
can,LV,2025,05,211,252783101,0.0493567251461988,0.0802497688206112
can,LV,2025,06,244,116239482,0.0570760233918129,0.0369019587204431
can,LV,2025,07,734,302624622,0.171695906432749,0.0960727036690829
can,LV,2025,08,114,28017657,0.0266666666666667,0.0088946234469415
can,LV,2025,09,436,186747476,0.101988304093567,0.0592857739205939
can,LV,2025,10,80,43606035,0.0187134502923977,0.0138433867378401
can,LV,2025,unresolved,11,5614253,0.00257309941520468,0.00178232842135449
can,LV,2026,01,1007,341686078,0.304321547295255,0.131448639836697
can,LV,2026,02,106,158235467,0.0320338470837111,0.0608741129659795
can,LV,2026,03,107,79994655,0.0323360531882744,0.0307744133313966
can,LV,2026,04,619,1254245434,0.18706557872469,0.482515580633892
can,LV,2026,05,195,100471397,0.0589301903898459,0.038651936173246
can,LV,2026,06,167,171413872,0.0504684194620731,0.0659439227241258
can,LV,2026,07,550,258961131,0.166213357509822,0.0996238671466228
can,LV,2026,08,109,29732016,0.032940465397401,0.0114380810762881
can,LV,2026,09,374,122019399,0.113025083106679,0.0469415790251811
can,LV,2026,10,56,46267971,0.0169235418555455,0.0177995600275927
can,LV,2026,unresolved,16,36356877,0.004835297673013,0.0139867039896196
can,LV,2026,unmapped,3,4167,0.000906618313689937,1.6030693594707e-06
can,MK,2016,01,251,56401144,0.330698287220026,0.282008688141443
can,MK,2016,03,12,1189742,0.0158102766798419,0.00594877261083173
can,MK,2016,04,165,24770513,0.217391304347826,0.123853868561967
can,MK,2016,05,35,4165097,0.0461133069828722,0.0208257041905366
can,MK,2016,06,56,1237599,0.0737812911725955,0.00618806012933286
can,MK,2016,07,108,7454025,0.142292490118577,0.0372705172721943
can,MK,2016,09,30,2189908,0.0395256916996047,0.0109496552451215
can,MK,2016,10,9,3143983,0.0118577075098814,0.0157200804538468
can,MK,2016,unresolved,70,95423049,0.0922266139657444,0.477120266690807
can,MK,2016,08,15,3000794,0.0197628458498024,0.0150041279184463
can,MK,2016,02,8,1022041,0.0105401844532279,0.00511025878547372
can,MK,2017,01,195,46240683,0.310015898251192,0.490160086209236
can,MK,2017,02,9,389808,0.014308426073132,0.00413203937504664
can,MK,2017,03,16,534876,0.0254372019077901,0.00566978792833253
can,MK,2017,04,117,24217387,0.186009538950715,0.256708935282864
can,MK,2017,05,32,1817201,0.0508744038155803,0.0192626782528171
can,MK,2017,06,62,1264781,0.0985691573926868,0.0134069205681024
can,MK,2017,07,120,8131759,0.190779014308426,0.0861982011051335
can,MK,2017,unresolved,38,7288662,0.0604133545310016,0.0772612116103471
can,MK,2017,09,20,3243298,0.0317965023847377,0.0343795792826469
can,MK,2017,08,6,641331,0.0095389507154213,0.0067982312944784
can,MK,2017,10,14,568134,0.0222575516693164,0.00602232909099543
can,MK,2018,01,234,54112502,0.332859174964438,0.489117587162807
can,MK,2018,04,140,29541095,0.199146514935989,0.267019054275984
can,MK,2018,05,23,1580335,0.0327169274537696,0.014284492742711
can,MK,2018,06,48,458860,0.0682788051209104,0.00414759044121681
can,MK,2018,07,147,11627690,0.209103840682788,0.105101547089379
can,MK,2018,unresolved,46,7707748,0.0654338549075391,0.0696695766205553
can,MK,2018,02,11,822235,0.015647226173542,0.00743210135212027
can,MK,2018,09,18,2043863,0.0256045519203414,0.0184742767771362
can,MK,2018,10,17,738922,0.0241820768136558,0.0066790433334891
can,MK,2018,08,4,531525,0.00568990042674253,0.00480440223438035
can,MK,2018,03,15,1468135,0.0213371266002845,0.0132703279702215
can,MK,2019,01,210,549279975,0.330188679245283,0.606468697129139
can,MK,2019,04,138,184723385,0.216981132075472,0.203956007371713
can,MK,2019,05,20,10039436,0.0314465408805031,0.0110846998761085
can,MK,2019,06,30,16437504,0.0471698113207547,0.0181489078223451
can,MK,2019,07,111,70935771,0.174528301886792,0.0783213053019473
can,MK,2019,08,12,1470949,0.0188679245283019,0.00162409802682759
can,MK,2019,09,18,1756747,0.0283018867924528,0.00193965211325158
can,MK,2019,10,16,1105373,0.0251572327044025,0.001220459790386
can,MK,2019,unresolved,49,56559752,0.0770440251572327,0.0624485156324645
can,MK,2019,02,8,617399,0.0125786163522013,0.000681679988677602
can,MK,2019,03,24,12775813,0.0377358490566038,0.0141059769471398
can,MK,2020,01,108,547826059,0.36241610738255,0.901623023637759
can,MK,2020,02,7,1393874,0.023489932885906,0.00229406555201869
can,MK,2020,03,22,3266547,0.0738255033557047,0.00537614802109085
can,MK,2020,04,82,32921990,0.275167785234899,0.0541836659288456
can,MK,2020,05,9,1741888,0.0302013422818792,0.00286683391488379
can,MK,2020,08,4,513482,0.0134228187919463,0.000845098888265123
can,MK,2020,unresolved,18,2588683,0.0604026845637584,0.00426050596782521
can,MK,2020,06,3,4433467,0.0100671140939597,0.00729668816601188
can,MK,2020,07,38,11948501,0.12751677852349,0.0196650805900396
can,MK,2020,09,3,309951,0.0100671140939597,0.000510123520428493
can,MK,2020,10,4,655458,0.0134228187919463,0.00107876581283177
can,MK,2021,01,87,98594630,0.304195804195804,0.700007551405504
can,MK,2021,03,6,713037,0.020979020979021,0.00506245912613625
can,MK,2021,04,75,17232179,0.262237762237762,0.122345967799376
can,MK,2021,07,70,13797822,0.244755244755245,0.097962531964966
can,MK,2021,05,8,2218406,0.027972027972028,0.0157503603602273
can,MK,2021,06,6,135547,0.020979020979021,0.00096236401080223
can,MK,2021,09,12,2255853,0.041958041958042,0.0160162286207754
can,MK,2021,10,5,1414021,0.0174825174825175,0.0100393437030593
can,MK,2021,unresolved,12,4486457,0.041958041958042,0.0318531930091536
can,MK,2021,02,3,0,0.0104895104895105,0
can,MK,2021,08,2,0,0.00699300699300699,0
can,MK,2022,01,92,29446961,0.27710843373494,0.262272689427718
can,MK,2022,04,110,43980420,0.331325301204819,0.39171658615504
can,MK,2022,05,7,239308,0.0210843373493976,0.00213142377447943
can,MK,2022,07,77,30621543,0.231927710843374,0.272734236889047
can,MK,2022,unresolved,17,2338638,0.0512048192771084,0.0208293439128697
can,MK,2022,03,7,785779,0.0210843373493976,0.00699862955725119
can,MK,2022,09,8,3302231,0.0240963855421687,0.0294116939768958
can,MK,2022,06,4,191117,0.0120481927710843,0.00170220518121912
can,MK,2022,10,5,410320,0.0150602409638554,0.00365456149875641
can,MK,2022,02,3,340409,0.00903614457831325,0.00303189126835194
can,MK,2022,08,2,619398,0.00602409638554217,0.00551673835837083
can,MK,2023,01,116,741129026,0.348348348348348,0.72496738464164
can,MK,2023,02,3,286602,0.00900900900900901,0.000280352131793396
can,MK,2023,03,7,10924015,0.021021021021021,0.0106857973530995
can,MK,2023,04,92,34563820,0.276276276276276,0.03381009420703
can,MK,2023,07,85,21979018,0.255255255255255,0.02149972627904
can,MK,2023,unresolved,12,9298280,0.036036036036036,0.00909551440677978
can,MK,2023,05,8,201766119,0.024024024024024,0.197366248614211
can,MK,2023,09,5,1876370,0.015015015015015,0.00183545240275076
can,MK,2023,10,4,398757,0.012012012012012,0.000390061391817012
can,MK,2023,08,1,70915,0.003003003003003,6.93685718387474e-05
can,MK,2024,01,28,12413595,0.301075268817204,0.0244060367932438
can,MK,2024,04,28,486561680,0.301075268817204,0.95661589283866
can,MK,2024,05,9,8827570,0.0967741935483871,0.017355649045658
can,MK,2024,07,23,825209,0.247311827956989,0.0016224213224385
can,MK,2024,unresolved,1,0,0.010752688172043,0
can,MK,2024,09,2,0,0.021505376344086,0
can,MK,2024,03,1,0,0.010752688172043,0
can,MK,2024,10,1,0,0.010752688172043,0
can,MK,2025,01,62,25855146,0.590476190476191,0.597599072895743
can,MK,2025,04,28,8969969,0.266666666666667,0.207326044815355
can,MK,2025,05,5,4198750,0.0476190476190476,0.097047183849629
can,MK,2025,07,4,470776,0.0380952380952381,0.0108812110804389
can,MK,2025,03,1,0,0.00952380952380953,0
can,MK,2025,06,2,2385896,0.0190476190476191,0.0551460524580159
can,MK,2025,10,2,1384500,0.0190476190476191,0.0320004349008184
can,MK,2025,09,1,0,0.00952380952380953,0
can,MK,2026,01,22,15991373,0.488888888888889,0.757812068317598
can,MK,2026,04,10,3e+05,0.222222222222222,0.0142166417164605
can,MK,2026,09,3,0,0.0666666666666667,0
can,MK,2026,07,5,385540,0.111111111111111,0.0182702801578805
can,MK,2026,05,2,3528148,0.0444444444444444,0.167194720128822
can,MK,2026,06,1,896969,0.0222222222222222,0.0425062896792394
can,MK,2026,02,1,0,0.0222222222222222,0
can,MK,2026,10,1,0,0.0222222222222222,0
can,MT,2016,01,12,1530833,0.0378548895899054,0.012381788238019
can,MT,2016,03,5,283374,0.0157728706624606,0.00229200498039982
can,MT,2016,04,39,15299536,0.123028391167192,0.123746754147545
can,MT,2016,05,11,2579725,0.0347003154574132,0.0208655082966748
can,MT,2016,07,68,24231706,0.214511041009464,0.195992542842972
can,MT,2016,08,7,2082221,0.0220820189274448,0.0168415623956083
can,MT,2016,09,7,3020064,0.0220820189274448,0.024427088332473
can,MT,2016,unresolved,163,73455591,0.514195583596215,0.5941285382929
can,MT,2016,06,4,857882,0.0126182965299685,0.00693877990427971
can,MT,2016,10,1,294925,0.00315457413249211,0.0023854325691292
can,MT,2017,01,150,40069254,0.217076700434153,0.09061239798238
can,MT,2017,03,11,3488803,0.0159189580318379,0.00788956055728219
can,MT,2017,05,34,6718150,0.0492040520984081,0.0151923886954653
can,MT,2017,06,12,2329756,0.0173661360347323,0.00526849783312257
can,MT,2017,07,262,24254745,0.379160636758321,0.0548495514017092
can,MT,2017,08,21,1058830,0.0303907380607815,0.00239443253312586
can,MT,2017,10,2,794250,0.00289435600578871,0.00179611272766659
can,MT,2017,unresolved,94,330264241,0.136034732272069,0.746857798870942
can,MT,2017,04,53,20450314,0.0767004341534009,0.0462462313631454
can,MT,2017,09,49,12281178,0.0709117221418234,0.0277725906409051
can,MT,2017,02,3,495463,0.00434153400868307,0.00112043739425605
can,MT,2018,01,212,158197550,0.26733921815889,0.31684796636245
can,MT,2018,02,8,49511092,0.0100882723833544,0.0991639175991296
can,MT,2018,04,84,80573056,0.105926860025221,0.161376765551728
can,MT,2018,05,56,15357932,0.0706179066834805,0.0307598285923695
can,MT,2018,07,171,94321741,0.215636822194199,0.188913493411344
can,MT,2018,09,105,41836807,0.132408575031526,0.083793378703073
can,MT,2018,unresolved,90,39042407,0.113493064312736,0.0781965792760071
can,MT,2018,06,36,15878579,0.0453972257250946,0.0318026130295666
can,MT,2018,08,19,2203206,0.0239596469104666,0.00441271903754229
can,MT,2018,10,7,1782585,0.00882723833543506,0.00357027294113094
can,MT,2018,03,5,580402,0.00630517023959647,0.00116246549565843
can,MT,2019,01,248,151612875,0.355300859598854,0.250148494081494
can,MT,2019,02,4,25715,0.00573065902578797,4.24275875337475e-05
can,MT,2019,03,11,1434438,0.0157593123209169,0.00236670207298206
can,MT,2019,04,49,233443289,0.0702005730659026,0.385161795769529
can,MT,2019,05,55,30805580,0.0787965616045845,0.0508266164486822
can,MT,2019,06,37,26828263,0.0530085959885387,0.0442643778654832
can,MT,2019,07,167,128982504,0.239255014326648,0.21281028500027
can,MT,2019,08,8,258334,0.0114613180515759,0.000426229375770684
can,MT,2019,09,80,16885681,0.114613180515759,0.0278599536727372
can,MT,2019,unresolved,33,10127856,0.0472779369627507,0.0167101107123932
can,MT,2019,10,6,5686961,0.00859598853868195,0.00938300741312496
can,MT,2020,01,128,109180188,0.32,0.395602011814298
can,MT,2020,04,31,76727664,0.0775,0.278013976676899
can,MT,2020,05,42,7495517,0.105,0.0271591545966954
can,MT,2020,06,26,6800989,0.065,0.0246426112650302
can,MT,2020,07,84,43830998,0.21,0.158816643442934
can,MT,2020,08,10,2498509,0.025,0.00905306361018658
can,MT,2020,09,23,13207544,0.0575,0.0478560357262424
can,MT,2020,unresolved,45,10606854,0.1125,0.0384327308670739
can,MT,2020,10,2,4530432,0.005,0.0164155058387321
can,MT,2020,03,8,1106221,0.02,0.00400826616190865
can,MT,2020,02,1,0,0.0025,0
can,MT,2021,01,186,193623705,0.333931777378815,0.53402475611633
can,MT,2021,05,49,17494997,0.0879712746858169,0.048252157483408
can,MT,2021,06,25,8847462,0.0448833034111311,0.0244017835357427
can,MT,2021,07,154,70128459,0.276481149012567,0.193418121062651
can,MT,2021,08,8,170651,0.0143626570915619,0.000470664780719943
can,MT,2021,09,33,16704988,0.059245960502693,0.0460732695029579
can,MT,2021,unresolved,44,16695612,0.0789946140035907,0.046047409982744
can,MT,2021,03,8,1120814,0.0143626570915619,0.00309126624243539
can,MT,2021,04,46,37038729,0.0825852782764812,0.102154838019879
can,MT,2021,02,3,170000,0.00538599640933573,0.0004688692871556
can,MT,2021,10,1,578982,0.00179533213644524,0.00159686398597602
can,MT,2022,01,234,89582850,0.308300395256917,0.154860511515586
can,MT,2022,02,2,0,0.00263504611330698,0
can,MT,2022,04,83,128074576,0.10935441370224,0.221400573340788
can,MT,2022,05,71,60147699,0.0935441370223979,0.103976413271352
can,MT,2022,06,29,41973711,0.0382081686429513,0.0725593163832965
can,MT,2022,07,200,185065279,0.263504611330698,0.319919535599891
can,MT,2022,08,6,1090355,0.00790513833992095,0.00188488011972802
can,MT,2022,09,71,16184405,0.0935441370223979,0.0279777349891794
can,MT,2022,10,3,3100000,0.00395256916996047,0.0053589228931466
can,MT,2022,unresolved,55,52605430,0.072463768115942,0.0909382074615551
can,MT,2022,03,5,650150,0.00658761528326746,0.00112390442547718
can,MT,2023,01,253,222021894,0.299408284023669,0.287127761276572
can,MT,2023,02,6,4043400,0.00710059171597633,0.00522908965881397
can,MT,2023,03,15,6886539,0.0177514792899408,0.00890595287874538
can,MT,2023,04,98,62976907,0.115976331360947,0.0814443026012239
can,MT,2023,05,63,16535488,0.0745562130177515,0.0213843669447105
can,MT,2023,06,25,13879450,0.029585798816568,0.0179494703628198
can,MT,2023,07,276,273925314,0.326627218934911,0.354251379216691
can,MT,2023,08,10,1616146,0.0118343195266272,0.002090065869252
can,MT,2023,09,54,41319946,0.063905325443787,0.0534366380598881
can,MT,2023,unresolved,41,124515669,0.0485207100591716,0.161028737480388
can,MT,2023,10,4,5530475,0.00473372781065089,0.00715223565089508
can,MT,2024,01,293,601832559,0.321978021978022,0.359174566607534
can,MT,2024,04,100,207074522,0.10989010989011,0.123582382811582
can,MT,2024,05,60,42059660,0.0659340659340659,0.025101267663653
can,MT,2024,06,65,98827137,0.0714285714285714,0.0589801823949481
can,MT,2024,07,255,421179718,0.28021978021978,0.251360682326483
can,MT,2024,08,38,40943389,0.0417582417582418,0.0244350754700838
can,MT,2024,09,56,14070173,0.0615384615384615,0.00839710017976616
can,MT,2024,unresolved,18,214513085,0.0197802197802198,0.128021728276951
can,MT,2024,10,7,20143113,0.00769230769230769,0.0120214398069839
can,MT,2024,03,15,11434938,0.0164835164835165,0.00682438801110796
can,MT,2024,02,3,3520746,0.0032967032967033,0.00210118645090654
can,MT,2025,01,342,404369437,0.319925163704397,0.175906066156913
can,MT,2025,02,9,5478604,0.00841908325537886,0.00238326537440941
can,MT,2025,03,29,21244058,0.0271281571562208,0.00924144688014414
can,MT,2025,04,145,394537503,0.135640785781104,0.171629044516787
can,MT,2025,05,96,594981274,0.0898035547240412,0.258824742351555
can,MT,2025,06,53,92304063,0.0495790458372311,0.0401534911567262
can,MT,2025,07,285,669903497,0.266604303086997,0.291416902662773
can,MT,2025,08,33,31532234,0.0308699719363892,0.0137169398390494
can,MT,2025,09,63,73747225,0.058933582787652,0.0320810206032924
can,MT,2025,10,9,6411186,0.00841908325537886,0.00278895090842455
can,MT,2025,unresolved,5,4271432,0.00467726847521048,0.00185812954992628
can,MT,2026,01,233,277120394,0.330028328611898,0.152999755134487
can,MT,2026,03,16,6085948,0.0226628895184136,0.00336008671292962
can,MT,2026,04,93,283017341,0.131728045325779,0.156255493313905
can,MT,2026,05,47,670206646,0.0665722379603399,0.370024923995691
can,MT,2026,06,35,70491262,0.0495750708215298,0.038918629081918
can,MT,2026,07,190,405254539,0.269121813031161,0.223743349737513
can,MT,2026,08,36,33276569,0.0509915014164306,0.0183721841443249
can,MT,2026,09,23,32673476,0.0325779036827195,0.0180392130482917
can,MT,2026,unresolved,12,2848679,0.0169971671388102,0.00157277197526197
can,MT,2026,02,6,3651350,0.0084985835694051,0.00201593122702586
can,MT,2026,10,12,26616402,0.0169971671388102,0.0146950678359712
can,MT,2026,unmapped,3,4698,0.00424929178470255,2.59379268067084e-06
can,NL,2016,01,1862,2585316462,0.361132660977502,0.457883546028905
can,NL,2016,02,176,84003093,0.0341349883630721,0.0148777276072734
can,NL,2016,03,249,20874541,0.0482932505818464,0.00369707499847489
can,NL,2016,04,809,2192828316,0.156904577191621,0.388370251735422
can,NL,2016,05,325,64862050,0.063033359193173,0.0114876711974088
can,NL,2016,06,172,114440278,0.0333591931730023,0.0202684356323004
can,NL,2016,07,290,74937395,0.0562451512800621,0.0132721083306856
can,NL,2016,08,149,78339513,0.0288983708301009,0.0138746550118155
can,NL,2016,09,781,344021420,0.151474010861133,0.0609293871813435
can,NL,2016,10,82,9731330,0.0159038013964313,0.00172350888313705
can,NL,2016,unresolved,261,76877017,0.0506206361520559,0.0136156333932338
can,NL,2017,01,1927,1126238655,0.334955675299844,0.115965413660815
can,NL,2017,02,223,108141266,0.0387623848426908,0.011134981551041
can,NL,2017,03,365,85077846,0.0634451590474535,0.00876021042339477
can,NL,2017,04,814,3757442551,0.141491395793499,0.386892580714576
can,NL,2017,05,374,449934906,0.0650095602294455,0.0463284466956339
can,NL,2017,06,255,1468736805,0.0443247001564401,0.151231420085371
can,NL,2017,07,403,722929670,0.0700504084825309,0.0744378980929459
can,NL,2017,08,191,195755360,0.0332000695289414,0.0201563418179087
can,NL,2017,09,793,331920685,0.137841126368851,0.0341768766040143
can,NL,2017,10,105,575947466,0.01825134712324,0.05930358174537
can,NL,2017,unresolved,303,889724379,0.0526681731270641,0.0916122486089297
can,NL,2018,01,2385,1365180954,0.358538785327721,0.13685173466031
can,NL,2018,02,151,82029836,0.022699939867709,0.00822303103307194
can,NL,2018,03,406,244470469,0.061034275405893,0.024506793519088
can,NL,2018,04,953,3433368912,0.143265183403488,0.344175978985993
can,NL,2018,05,453,317481888,0.0680998196031269,0.0318257788234792
can,NL,2018,06,212,1833708770,0.031870114251353,0.183819020695423
can,NL,2018,07,407,1135609939,0.0611846061334937,0.11383852784811
can,NL,2018,08,262,245078985,0.0393866506313891,0.0245677938355109
can,NL,2018,09,949,783331694,0.142663860493085,0.0785246093744575
can,NL,2018,10,121,287498298,0.0181900180396873,0.0288200920749051
can,NL,2018,unresolved,353,247860640,0.0530667468430547,0.0248466391496512
can,NL,2019,01,2254,1667891092,0.33387646274626,0.243749727419628
can,NL,2019,02,143,63977239,0.0211820471041327,0.0093497918671721
can,NL,2019,03,461,124999580,0.0682861798252111,0.0182677476357479
can,NL,2019,04,889,1564172037,0.131684194934084,0.228591968315491
can,NL,2019,05,444,261377308,0.0657680343652792,0.0381983259484164
can,NL,2019,06,231,1180525990,0.0342171530143682,0.172524986586047
can,NL,2019,07,450,370928869,0.0666567915864316,0.0542084618980751
can,NL,2019,08,293,121160094,0.0434009776329433,0.0177066356600198
can,NL,2019,09,1072,788576170,0.158791290179233,0.115244470942419
can,NL,2019,10,96,336507000,0.0142201155384388,0.0491779648672629
can,NL,2019,unresolved,418,362522394,0.0619167530736187,0.0529799188597207
can,NL,2020,01,2338,2025108974,0.33457355466514,0.235124046308089
can,NL,2020,02,119,48114710,0.0170291929021179,0.00558632915432444
can,NL,2020,03,418,225640727,0.0598168288494562,0.0261978794352717
can,NL,2020,04,904,2557315688,0.129364625071551,0.296915583294291
can,NL,2020,05,445,307864411,0.0636805953062393,0.035744410280104
can,NL,2020,06,337,785647990,0.0482255294791071,0.0912171822624182
can,NL,2020,07,449,962359778,0.0642530051516886,0.111734196980312
can,NL,2020,08,257,182480603,0.0367773325701202,0.0211867994764513
can,NL,2020,09,1194,1148970356,0.170864338866628,0.133400504693416
can,NL,2020,10,102,53803988,0.0145964510589582,0.00624687931784941
can,NL,2020,unresolved,425,315631374,0.0608185460789926,0.0366461887974734
can,NL,2021,01,2620,1666871077,0.327418145463634,0.177597609077769
can,NL,2021,02,104,217097852,0.0129967508122969,0.0231307987661
can,NL,2021,03,367,249544140,0.0458635341164709,0.0265878046808105
can,NL,2021,04,1069,2691814561,0.133591602099475,0.286800723049756
can,NL,2021,05,463,367167709,0.0578605348662834,0.0391200664218869
can,NL,2021,06,264,761978331,0.0329917520619845,0.0811853607768066
can,NL,2021,07,551,979376468,0.0688577855536116,0.104348153557787
can,NL,2021,08,252,206996466,0.0314921269682579,0.0220545415637731
can,NL,2021,09,1702,1099872401,0.212696825793552,0.117186452751814
can,NL,2021,10,119,526030951,0.0148712821794551,0.0560462296620108
can,NL,2021,unresolved,491,618911741,0.0613596600849788,0.0659422596914852
can,NL,2022,01,3091,2790159120,0.374167776298269,0.225707551144996
can,NL,2022,02,113,61009038,0.0136787313884518,0.0049352742881173
can,NL,2022,03,383,465868210,0.0463624258564339,0.0376860129881777
can,NL,2022,04,1124,2469138709,0.136061009563007,0.199738877776156
can,NL,2022,05,518,648985482,0.0627042730904249,0.0524991291073301
can,NL,2022,06,229,820223899,0.0277206149376589,0.0663513153450152
can,NL,2022,07,460,2290413175,0.0556833313158213,0.185281027570745
can,NL,2022,08,316,148535530,0.0382520275995642,0.0120156554850263
can,NL,2022,09,1414,1415342264,0.171165718436025,0.114492909794856
can,NL,2022,10,140,810126511,0.01694710083525,0.0655344957227563
can,NL,2022,unresolved,473,442031354,0.0572569906790945,0.0357577507768255
can,NL,2023,01,3203,5980888206,0.381718507925158,0.324870378607532
can,NL,2023,02,132,448963503,0.0157311405076868,0.0243868365662232
can,NL,2023,03,303,470554746,0.0361101179835538,0.0255596314833695
can,NL,2023,04,1155,3669854739,0.13764747944226,0.199339472237173
can,NL,2023,05,515,683761833,0.0613752830413538,0.037140631610744
can,NL,2023,06,314,1982250108,0.0374210463591944,0.107672024772967
can,NL,2023,07,429,1086720284,0.0511262066499821,0.0590285619700085
can,NL,2023,08,305,355900049,0.0363484685973066,0.019331808200173
can,NL,2023,09,1465,1865331040,0.174591824573948,0.10132120519913
can,NL,2023,10,163,952668843,0.0194255750208557,0.0517471447472511
can,NL,2023,unresolved,407,913182174,0.048504349898701,0.0496023046054288
can,NL,2024,01,3528,5564728102,0.425727042355497,0.270212937135383
can,NL,2024,02,116,166259739,0.0139978279232533,0.00807326639847967
can,NL,2024,03,255,504486536,0.0307710872450827,0.0244969360836913
can,NL,2024,04,1198,4718020279,0.144563774586702,0.229098366296584
can,NL,2024,05,495,604709423,0.0597321105345722,0.0293635746989229
can,NL,2024,06,304,3010870899,0.0366839628333534,0.146202339816358
can,NL,2024,07,468,1661277837,0.0564739954145046,0.0806685889239311
can,NL,2024,08,313,322966157,0.0377700012067093,0.0156826411423286
can,NL,2024,09,1404,2279139284,0.169421986243514,0.11067080166036
can,NL,2024,10,180,1573068686,0.0217207674671172,0.0763853151795479
can,NL,2024,unresolved,26,188335665,0.0031374441896947,0.00914523266441446
can,NL,2025,01,3522,5294453644,0.405433406239208,0.217882873843176
can,NL,2025,02,152,1029119565,0.0174974099228733,0.0423514008106479
can,NL,2025,03,300,1209345514,0.0345343616898814,0.0497682468819578
can,NL,2025,04,1082,5807617813,0.124553931161506,0.239001140507343
can,NL,2025,05,567,627297508,0.0652699435938759,0.0258152007719614
can,NL,2025,06,348,4218567055,0.0400598595602625,0.173606867723771
can,NL,2025,07,600,1484514568,0.0690687233797629,0.0610922905528609
can,NL,2025,08,377,697133961,0.0433981811902843,0.0286891832641677
can,NL,2025,09,1470,2058908777,0.169218372280419,0.084730359632496
can,NL,2025,10,231,1520923398,0.0265914585012087,0.062590624667592
can,NL,2025,unresolved,38,351658361,0.00437435248071832,0.0144718113440264
can,NL,2026,01,2793,5651472660,0.410493827160494,0.33440395506739
can,NL,2026,02,112,327047893,0.0164609053497942,0.0193517894352968
can,NL,2026,03,235,441844710,0.034538506760729,0.0261444454284246
can,NL,2026,04,977,3791783723,0.143592004703116,0.224364081720843
can,NL,2026,05,442,1158826442,0.0649617871840094,0.0685690560239693
can,NL,2026,06,243,1733450701,0.0357142857142857,0.102570215800839
can,NL,2026,07,419,722401220,0.0615814226925338,0.0427452877589445
can,NL,2026,08,329,560793243,0.0483539094650206,0.0331827630984713
can,NL,2026,09,1060,917467686,0.155790711346267,0.0542875886167564
can,NL,2026,10,165,1483420683,0.0242504409171076,0.0877756601274912
can,NL,2026,unresolved,29,111628057,0.00426219870664315,0.00660515692157449
can,NO,2016,01,1018,889530722,0.393658159319412,0.206936189094253
can,NO,2016,02,68,292382094,0.0262954369682908,0.0680183773256544
can,NO,2016,03,82,40438498,0.0317092034029389,0.00940741950991951
can,NO,2016,04,386,1726854823,0.149265274555298,0.401727278611802
can,NO,2016,05,145,167850707,0.0560711523588554,0.0390479887701463
can,NO,2016,06,60,60242311,0.0232018561484919,0.0140144842131386
can,NO,2016,07,227,637750156,0.0877803557617943,0.14836315780098
can,NO,2016,08,91,21679618,0.0351894818252127,0.00504344304135139
can,NO,2016,09,158,137472292,0.0610982211910286,0.0319808990391817
can,NO,2016,unresolved,330,274836705,0.127610208816705,0.0639367016217811
can,NO,2016,10,21,49537040,0.00812064965197216,0.0115240609717914
can,NO,2017,01,1041,1777677168,0.392533936651584,0.23424778848022
can,NO,2017,02,56,73066231,0.0211161387631976,0.00962807158264347
can,NO,2017,03,93,114444449,0.0350678733031674,0.015080555437548
can,NO,2017,04,375,2578997399,0.141402714932127,0.3398392284532
can,NO,2017,05,156,268485627,0.0588235294117647,0.0353788446494101
can,NO,2017,06,55,86796490,0.0207390648567119,0.0114373330525588
can,NO,2017,07,248,260262952,0.0935143288084465,0.0342953276482278
can,NO,2017,08,79,39760783,0.029788838612368,0.00523935147148829
can,NO,2017,09,176,341017264,0.0663650075414781,0.0449364717978846
can,NO,2017,10,46,353708131,0.0173453996983409,0.0466087706731586
can,NO,2017,unresolved,327,1694658430,0.123303167420814,0.223308256753659
can,NO,2018,01,1140,1772936710,0.375123395853899,0.172990851034889
can,NO,2018,02,79,89762689,0.0259953932214544,0.00875841978662063
can,NO,2018,03,103,86106138,0.0338927278710102,0.00840163893495533
can,NO,2018,04,494,4352017365,0.16255347153669,0.424639629516141
can,NO,2018,05,177,215744065,0.0582428430404738,0.0210508075102559
can,NO,2018,06,55,62613057,0.0180980585718987,0.00610934725150229
can,NO,2018,07,343,893759857,0.112866074366568,0.0872068796427881
can,NO,2018,08,82,157650982,0.0269825600526489,0.0153824879302465
can,NO,2018,09,236,263651216,0.0776571240539651,0.0257252545874711
can,NO,2018,10,48,136597141,0.0157946692991115,0.0133282003453596
can,NO,2018,unresolved,282,2217891851,0.0927936821322804,0.216406483459771
can,NO,2019,01,1186,2621962534,0.368666459434256,0.278449731621312
can,NO,2019,02,55,164956824,0.0170966739198011,0.0175182455036194
can,NO,2019,03,115,156451816,0.0357475909232204,0.0166150223780684
can,NO,2019,04,473,3389768106,0.147031395710289,0.359989895787803
can,NO,2019,05,204,208648318,0.0634131178116258,0.0221582373496791
can,NO,2019,06,61,97854183,0.018961765620143,0.0103920138602456
can,NO,2019,07,378,834237297,0.117500777121542,0.0885951452188594
can,NO,2019,08,100,114614054,0.0310848616723656,0.012171894968935
can,NO,2019,09,286,710224385,0.0889027043829655,0.075425101171244
can,NO,2019,10,42,157582043,0.0130556419023935,0.0167350513261331
can,NO,2019,unresolved,317,959987246,0.0985390115013988,0.101949660814102
can,NO,2020,01,1253,1370322332,0.367448680351906,0.179058695948778
can,NO,2020,02,87,109902633,0.0255131964809384,0.0143608709328961
can,NO,2020,03,100,30943726,0.0293255131964809,0.00404338679737455
can,NO,2020,04,517,2146527719,0.151612903225806,0.280484704369574
can,NO,2020,05,207,209248975,0.0607038123167155,0.0273423615139029
can,NO,2020,06,88,118821750,0.0258064516129032,0.0155263233390491
can,NO,2020,07,404,912677593,0.118475073313783,0.119258699802208
can,NO,2020,08,90,104728690,0.0263929618768328,0.0136847967970093
can,NO,2020,09,312,426608501,0.0914956011730205,0.0557445208954846
can,NO,2020,10,63,118289527,0.018475073313783,0.0154567782735499
can,NO,2020,unresolved,289,2104851104,0.0847507331378299,0.275038861330172
can,NO,2021,01,1562,3155639492,0.399692937563971,0.338256672695562
can,NO,2021,02,95,126764834,0.0243091095189355,0.0135880702064827
can,NO,2021,03,142,152999518,0.0363357215967247,0.016400196541432
can,NO,2021,04,562,2595271447,0.143807574206755,0.278190169260316
can,NO,2021,05,207,248840022,0.0529682702149437,0.0266734517959349
can,NO,2021,06,82,106830981,0.0209825997952917,0.0114513372853501
can,NO,2021,07,536,850995325,0.137154554759468,0.0912191800881349
can,NO,2021,08,85,67537381,0.0217502558853634,0.00723941053391801
can,NO,2021,09,287,569217191,0.073439099283521,0.0610150537020768
can,NO,2021,10,73,257722749,0.0186796315250768,0.027625601649269
can,NO,2021,unresolved,277,1197308160,0.0708802456499488,0.128340856241523
can,NO,2022,01,1663,3111591969,0.413270377733598,0.272850552890601
can,NO,2022,02,76,69420215,0.0188866799204771,0.0060873482877068
can,NO,2022,03,141,66859722,0.0350397614314115,0.00586282272725967
can,NO,2022,04,564,5049053092,0.140159045725646,0.442743438552112
can,NO,2022,05,207,228604158,0.051441351888668,0.0200459351755674
can,NO,2022,06,83,141391810,0.0206262425447316,0.0123984230313788
can,NO,2022,07,525,1552972835,0.130467196819085,0.136177718953945
can,NO,2022,08,125,87892819,0.0310636182902585,0.00770718156435231
can,NO,2022,09,308,405515039,0.0765407554671968,0.0355589690740083
can,NO,2022,10,59,182399535,0.014662027833002,0.0159943252417292
can,NO,2022,unresolved,273,508314433,0.0678429423459245,0.0445732845013402
can,NO,2023,01,1592,5241225744,0.414367516918272,0.398881043042216
can,NO,2023,02,59,246316220,0.0153565851119209,0.0187457811494364
can,NO,2023,03,135,619790417,0.0351379489849037,0.0471688608878454
can,NO,2023,04,554,2059330017,0.144195731389901,0.156724351377052
can,NO,2023,05,199,248362921,0.051795939614784,0.0189015443753593
can,NO,2023,06,81,163745415,0.0210827693909422,0.0124617685096566
can,NO,2023,07,517,2525287703,0.134565330557002,0.19218584395214
can,NO,2023,08,97,177844279,0.0252472670484123,0.0135347559848609
can,NO,2023,09,305,545248865,0.0793857365955232,0.0414959108063147
can,NO,2023,10,65,155530636,0.0169182717334722,0.0118365865816253
can,NO,2023,unresolved,236,1156319521,0.0614263404476835,0.0880011583463206
can,NO,2023,unmapped,2,819859,0.000520562207183759,6.23949871729754e-05
can,NO,2024,01,1461,3822471012,0.465583173996176,0.32909280423559
can,NO,2024,02,63,52909041,0.0200764818355641,0.0045551646088208
can,NO,2024,03,112,120211757,0.035691523263225,0.0103495419818811
can,NO,2024,04,489,5695753830,0.155831739961759,0.49037169785352
can,NO,2024,05,189,220976072,0.0602294455066922,0.0190247708812306
can,NO,2024,06,60,76337522,0.0191204588910134,0.00657222228880465
can,NO,2024,07,431,993624682,0.137348629700446,0.085545379397393
can,NO,2024,08,88,81166051,0.0280433397068196,0.00698793090868806
can,NO,2024,09,189,156171377,0.0602294455066922,0.0134454587718044
can,NO,2024,10,36,333543856,0.011472275334608,0.0287162106820424
can,NO,2024,unresolved,20,62011318,0.00637348629700446,0.00533881839022431
can,NO,2025,01,1527,4149865631,0.467115325787703,0.384932925517612
can,NO,2025,02,65,51121066,0.0198837565004589,0.00474188401281249
can,NO,2025,03,143,309639789,0.0437442643010095,0.0287215443666557
can,NO,2025,04,494,4127890029,0.151116549403487,0.382894514272515
can,NO,2025,05,199,413646595,0.0608748852860202,0.0383689998910591
can,NO,2025,06,60,95915633,0.0183542367696543,0.0088969351050209
can,NO,2025,07,410,912910600,0.125420617925971,0.0846796930890889
can,NO,2025,08,102,76568209,0.0312022025084124,0.00710230819808776
can,NO,2025,09,208,298540843,0.0636280208014683,0.0276920291645183
can,NO,2025,10,31,40155023,0.00948302233098807,0.00372469661719922
can,NO,2025,unresolved,30,304496567,0.00917711838482716,0.0282444697654307
can,NO,2026,01,1176,2760207027,0.478827361563518,0.419178527573631
can,NO,2026,02,54,13051060,0.0219869706840391,0.00198199774892288
can,NO,2026,03,111,90098139,0.0451954397394137,0.0136827436760034
can,NO,2026,04,343,1454390519,0.139657980456026,0.220870851464385
can,NO,2026,05,193,351076842,0.0785830618892508,0.0533162448523686
can,NO,2026,06,71,158964172,0.0289087947882736,0.0241410759787626
can,NO,2026,07,259,1065576725,0.105456026058632,0.161823688670086
can,NO,2026,08,65,37464811,0.0264657980456026,0.00568958927978426
can,NO,2026,09,129,140537177,0.0525244299674267,0.0213426624698666
can,NO,2026,10,23,22782288,0.00936482084690554,0.00345982958712264
can,NO,2026,unresolved,32,490651857,0.0130293159609121,0.0745127886990659
can,PL,2016,01,1266,1188991033,0.0727210063760124,0.0676857356416577
can,PL,2016,02,786,1029452958,0.0451490608306049,0.0586037058621876
can,PL,2016,03,505,178427608,0.0290079843758975,0.0101573549093884
can,PL,2016,04,3996,8055086351,0.229536446665518,0.458552192735091
can,PL,2016,05,1126,1069163679,0.0646791889252685,0.06086431951624
can,PL,2016,06,525,209027394,0.0301568154402895,0.011899310036385
can,PL,2016,07,5650,3256018437,0.324544775690735,0.185355479607848
can,PL,2016,08,377,206976749,0.0216554655637888,0.0117825728941252
can,PL,2016,09,1161,273250877,0.0666896432879545,0.015555362581505
can,PL,2016,10,60,20106667,0.00344649319317594,0.00114461296126263
can,PL,2016,unresolved,1957,2079843973,0.112413119650755,0.118399353254309
can,PL,2017,01,2070,1463059235,0.0924519874944171,0.0534769357387343
can,PL,2017,02,763,1522317202,0.0340777132648504,0.05564290032681
can,PL,2017,03,725,495163394,0.0323805270209915,0.0180989397883891
can,PL,2017,04,5112,11062695184,0.228316212594908,0.404357544314994
can,PL,2017,05,1500,1730056798,0.0669941938365342,0.0632360836784619
can,PL,2017,06,603,508051376,0.0269316659222867,0.018570014211576
can,PL,2017,07,7141,4179121140,0.318937025457794,0.152752935289162
can,PL,2017,08,436,399141206,0.0194729790084859,0.0145891896331476
can,PL,2017,09,1576,421943640,0.0703885663242519,0.0154226516478997
can,PL,2017,10,49,19103909,0.00218847699866012,0.000698275565002416
can,PL,2017,unresolved,2415,5558043049,0.10786065207682,0.203154529805823
can,PL,2018,01,2839,2031765551,0.103195085602123,0.0598061833060026
can,PL,2018,02,835,1709273206,0.0303514957653302,0.0503134363252499
can,PL,2018,03,852,607370526,0.0309694304096543,0.0178782994892009
can,PL,2018,04,6475,15406154644,0.235360401294028,0.453488990511823
can,PL,2018,05,1824,1412419844,0.0663007524263022,0.0415753875016358
can,PL,2018,06,946,794576110,0.0343862455017993,0.0233888031332364
can,PL,2018,07,8319,4843729233,0.302388135654829,0.142577945694012
can,PL,2018,08,583,538989562,0.0211915233906437,0.0158654666278442
can,PL,2018,09,1941,472137546,0.0705535967431209,0.0138976392270381
can,PL,2018,10,65,21390796,0.00236269128712152,0.000629650338351124
can,PL,2018,unresolved,2832,6134692792,0.102940641925048,0.180578197845606
can,PL,2019,01,2395,1696373334,0.0856029737651011,0.0495256720726959
can,PL,2019,02,858,1323945398,0.0306669526056187,0.038652626936131
can,PL,2019,03,856,623608120,0.0305954678676103,0.0182062583948814
can,PL,2019,04,6878,13112048022,0.245836014011009,0.382806648467991
can,PL,2019,05,2718,3195201282,0.0971477589534634,0.0932840004773321
can,PL,2019,06,929,777691146,0.0332046608049182,0.0227047171154337
can,PL,2019,07,7973,5606466222,0.284973908070627,0.163680955148413
can,PL,2019,08,548,649234801,0.0195868182143112,0.0189544301410882
can,PL,2019,09,1914,771850524,0.0684108942740725,0.0225341999750878
can,PL,2019,10,48,13047161,0.00171563371220245,0.000380912269849242
can,PL,2019,unresolved,2861,6482938107,0.102258917721067,0.189269579001096
can,PL,2020,01,2082,1208342653,0.0732067510548523,0.0385178898452429
can,PL,2020,02,769,1074938647,0.0270393811533052,0.0342654199061368
can,PL,2020,03,792,381680556,0.0278481012658228,0.0121666892876611
can,PL,2020,04,6658,13281771571,0.234106891701828,0.423378098134103
can,PL,2020,05,3562,3172356097,0.125246132208158,0.101124016760278
can,PL,2020,06,983,800663884,0.034563994374121,0.0255224651802276
can,PL,2020,07,8171,5086065498,0.287306610407876,0.162126620384768
can,PL,2020,08,536,456258631,0.0188466947960619,0.0145439868783638
can,PL,2020,09,2071,679547994,0.0728199718706048,0.0216616989497662
can,PL,2020,10,50,33434988,0.00175808720112518,0.00106579469123566
can,PL,2020,unresolved,2766,5195885757,0.0972573839662447,0.165627319982217
can,PL,2021,01,2277,2106545994,0.0741669652454317,0.0676129546827371
can,PL,2021,02,815,1010921057,0.0265463665678642,0.0324471242543236
can,PL,2021,03,897,516579066,0.0292172893391095,0.0165804293279099
can,PL,2021,04,6809,12641780851,0.221784306700107,0.405758126441248
can,PL,2021,05,3718,3599561712,0.121103547115729,0.115533676266444
can,PL,2021,06,1032,790504383,0.0336145402429888,0.0253724994263211
can,PL,2021,07,9167,5771907908,0.298589622487867,0.185258593416943
can,PL,2021,08,601,440245216,0.0195759095794925,0.0141303726210973
can,PL,2021,09,2493,594358583,0.0812025666916387,0.0190768870236568
can,PL,2021,10,61,22360346,0.00198690596397511,0.000717690980920648
can,PL,2021,unresolved,2831,3661187229,0.0922119800657959,0.117511645558399
can,PL,2022,01,3115,2000509154,0.082483781278962,0.0485480981038617
can,PL,2022,02,1069,3371140299,0.0283066331259102,0.0818103979331922
can,PL,2022,03,1128,719942494,0.0298689262544684,0.0174714715791052
can,PL,2022,04,9949,17703126503,0.263444988746194,0.429617190450866
can,PL,2022,05,3985,3610603709,0.105520985039057,0.0876216650787187
can,PL,2022,06,1046,635643719,0.0276976036012181,0.015425719781093
can,PL,2022,07,10501,7827335749,0.278061697338806,0.189952774309732
can,PL,2022,08,713,449688787,0.0188799152654574,0.010912989477619
can,PL,2022,09,2763,873800801,0.0731629815967165,0.0212052851272186
can,PL,2022,10,84,73890940,0.00222428174235403,0.00179317580073745
can,PL,2022,unresolved,3412,3941063982,0.0903482060108566,0.0956412323578559
can,PL,2023,01,3340,2863712258,0.0815668652925662,0.0566564352622466
can,PL,2023,02,1346,2300137410,0.0328709582885611,0.0455065224866376
can,PL,2023,03,1295,938657263,0.0316254762137345,0.0185706417626394
can,PL,2023,04,9478,21731604208,0.231464296180522,0.429943763908461
can,PL,2023,05,3940,3837745228,0.0962195955846439,0.0759269593010828
can,PL,2023,06,941,988567504,0.0229803653414086,0.0195580790759519
can,PL,2023,07,13094,10751803401,0.319771417407444,0.212716501680442
can,PL,2023,08,742,699159885,0.0181205431278695,0.0138323627493661
can,PL,2023,09,3044,927614187,0.0743381850151412,0.0183521626473783
can,PL,2023,10,105,63856702,0.00256422780111361,0.00126335775978076
can,PL,2023,unresolved,3619,5440265110,0.0883803848783824,0.107631633434232
can,PL,2023,unmapped,4,2101667,9.76848686138517e-05,4.15799317810861e-05
can,PL,2024,01,4787,7174935650,0.13630410022779,0.095092146782466
can,PL,2024,02,1349,6870409234,0.0384111617312073,0.0910561425502315
can,PL,2024,03,1643,2150388460,0.0467824601366743,0.0284999148497786
can,PL,2024,04,7179,29461998247,0.204413439635535,0.390471050678828
can,PL,2024,05,3609,6618672526,0.102761958997722,0.0877197803645064
can,PL,2024,06,761,943530824,0.0216685649202734,0.0125049723072553
can,PL,2024,07,12553,19275618521,0.357431662870159,0.255467091990121
can,PL,2024,08,640,938332842,0.0182232346241458,0.0124360814779255
can,PL,2024,09,2220,1131193103,0.0632118451025057,0.0149921317537934
can,PL,2024,10,73,71958510,0.00207858769931663,0.000953693458584196
can,PL,2024,unmapped,17,4294165,0.000484054669703872,5.6912199412984e-05
can,PL,2024,unresolved,289,811120016,0.00822892938496583,0.0107500815870966
can,PL,2025,01,5462,11687588407,0.142958096683854,0.152875478024167
can,PL,2025,02,1394,4018897595,0.0364854607794383,0.0525678069393532
can,PL,2025,03,1884,1882729045,0.0493103358023399,0.0246263893560773
can,PL,2025,04,6938,26605233372,0.181589761038553,0.34800059927273
can,PL,2025,05,3814,6408344778,0.0998246394639726,0.0838221485189936
can,PL,2025,06,923,1042826882,0.0241578768288534,0.0136403381545092
can,PL,2025,07,13560,21411440312,0.354908786348051,0.280064976528644
can,PL,2025,08,738,1395380147,0.0193158321773497,0.0182517898106588
can,PL,2025,09,3313,1698387597,0.086711859083414,0.0222151744842575
can,PL,2025,10,84,41823528,0.00219855000392598,0.000547058264973441
can,PL,2025,unmapped,11,4193588,0.000287905357656974,5.48527846644941e-05
can,PL,2025,unresolved,86,254843130,0.00225089643259089,0.00333338786097148
can,PL,2026,01,4023,10408305815,0.131479181645859,0.106258118372451
can,PL,2026,02,852,5672047400,0.0278449571867442,0.057905781666673
can,PL,2026,03,1047,1121653547,0.0342179227400484,0.0114509313512139
can,PL,2026,04,5416,29884361245,0.177005033008693,0.305088652379907
can,PL,2026,05,2883,8229270573,0.0942218445650042,0.0840124053046728
can,PL,2026,06,771,1633046748,0.0251977253415256,0.0166717309945538
can,PL,2026,07,12200,34315889896,0.398718870514413,0.350330010996623
can,PL,2026,08,559,890742338,0.0182691679194719,0.00909356493485754
can,PL,2026,09,2692,4289468975,0.0879796065102294,0.0437910751472771
can,PL,2026,10,81,96700694,0.00264723184521864,0.000987214823659576
can,PL,2026,unmapped,4,316173,0.000130727498529316,3.22780178228007e-06
can,PL,2026,unresolved,70,1411237497,0.00228773122426302,0.0144072862263288
can,PT,2016,01,174,96632293,0.0747422680412371,0.0520530530032758
can,PT,2016,02,44,21966626,0.0189003436426117,0.011832793282481
can,PT,2016,03,28,13567187,0.0120274914089347,0.00730825567821675
can,PT,2016,04,239,436789800,0.10266323024055,0.23528617509563
can,PT,2016,05,120,224811270,0.0515463917525773,0.121099402588364
can,PT,2016,06,16,22232361,0.00687285223367698,0.0119759371281913
can,PT,2016,07,1425,804177406,0.612113402061856,0.433187372864627
can,PT,2016,08,28,40467011,0.0120274914089347,0.0217984216566934
can,PT,2016,09,53,35306255,0.022766323024055,0.0190184699732021
can,PT,2016,unresolved,193,157170182,0.0829037800687285,0.0846630827044589
can,PT,2016,10,8,3298924,0.00343642611683849,0.0017770360248595
can,PT,2017,01,273,182654794,0.0855263157894737,0.0727092714097491
can,PT,2017,02,52,26280339,0.0162907268170426,0.0104613969293968
can,PT,2017,03,30,34541412,0.0093984962406015,0.0137498767209141
can,PT,2017,04,300,854121817,0.093984962406015,0.339999699155123
can,PT,2017,05,168,237997762,0.0526315789473684,0.094739609583808
can,PT,2017,06,34,35110019,0.0106516290726817,0.0139762217282534
can,PT,2017,07,1997,299842513,0.62562656641604,0.119358108158378
can,PT,2017,08,20,25774100,0.006265664160401,0.0102598787100108
can,PT,2017,09,102,556280070,0.0319548872180451,0.221438034577205
can,PT,2017,unresolved,190,173667789,0.0595238095238095,0.0691318203536012
can,PT,2017,10,26,85854599,0.0081453634085213,0.0341760826735606
can,PT,2018,01,364,277731262,0.0878378378378378,0.0868365604835085
can,PT,2018,02,51,162469040,0.0123069498069498,0.0507982159338532
can,PT,2018,03,59,97642032,0.0142374517374517,0.0305291458960809
can,PT,2018,04,432,1284295258,0.104247104247104,0.401552861017137
can,PT,2018,05,294,527275283,0.070945945945946,0.164859986139006
can,PT,2018,06,55,77459632,0.0132722007722008,0.0242188364779702
can,PT,2018,07,2392,327371045,0.577220077220077,0.102357132376736
can,PT,2018,08,34,27482765,0.0082046332046332,0.00859287056124258
can,PT,2018,09,129,115960639,0.0311293436293436,0.0362567143853967
can,PT,2018,10,53,63093677,0.0127895752895753,0.0197271198765426
can,PT,2018,unresolved,281,237541139,0.0678088803088803,0.0742705568525267
can,PT,2019,01,520,398880827,0.127326150832517,0.101452960258195
can,PT,2019,02,84,43142320,0.0205680705190989,0.0109729918816237
can,PT,2019,03,85,205254744,0.0208129285014692,0.0522053204272915
can,PT,2019,04,497,1765709559,0.121694417238002,0.449097699340516
can,PT,2019,05,289,414681622,0.0707639569049951,0.10547179826362
can,PT,2019,06,80,50636179,0.019588638589618,0.0128790102406047
can,PT,2019,07,1928,381964664,0.472086190009794,0.0971504350516874
can,PT,2019,08,66,59217238,0.0161606268364349,0.0150615514378035
can,PT,2019,09,152,136618289,0.0372184133202742,0.0347480473020069
can,PT,2019,10,78,160919308,0.0190989226248776,0.040928866604311
can,PT,2019,unresolved,305,314657736,0.0746816846229187,0.0800313191923403
can,PT,2020,01,601,464355067,0.18935097668557,0.0998154664423299
can,PT,2020,02,49,22302432,0.0154379332073094,0.00479402037596016
can,PT,2020,03,87,336828503,0.0274102079395085,0.0724029875569695
can,PT,2020,04,481,1917615698,0.151543793320731,0.412201177408503
can,PT,2020,05,326,622912272,0.102709514807814,0.133898138301851
can,PT,2020,06,48,53435930,0.0151228733459357,0.0114863229816542
can,PT,2020,07,995,618277212,0.313484562066793,0.132901808749819
can,PT,2020,08,54,70644406,0.0170132325141777,0.015185371793157
can,PT,2020,09,169,235736297,0.0532451165721487,0.0506727074056944
can,PT,2020,10,37,21225005,0.0116572148708255,0.00456242200177345
can,PT,2020,unresolved,327,288802599,0.103024574669187,0.0620795769822884
can,PT,2021,01,813,773311924,0.24074622445958,0.103721596798432
can,PT,2021,02,50,120877549,0.0148060408646728,0.0162128786719195
can,PT,2021,03,75,57080816,0.0222090612970092,0.00765604822366281
can,PT,2021,04,525,4264294498,0.155463429079064,0.571954758260428
can,PT,2021,05,362,502305247,0.107195735860231,0.0673724284885987
can,PT,2021,06,66,92495076,0.0195439739413681,0.0124060378237648
can,PT,2021,07,863,549358984,0.255552265324252,0.0736835800246164
can,PT,2021,08,52,109120671,0.0153982824992597,0.014635970154569
can,PT,2021,09,161,468271700,0.0476754515842464,0.0628076290460978
can,PT,2021,unresolved,358,433022169,0.106011252591057,0.058079733964894
can,PT,2021,10,52,85511374,0.0153982824992597,0.0114693385430171
can,PT,2022,01,774,745452385,0.238520801232666,0.175820724097805
can,PT,2022,02,41,42909156,0.0126348228043143,0.010120457094447
can,PT,2022,03,75,73927477,0.0231124807395994,0.0174363685708294
can,PT,2022,04,534,1300213528,0.164560862865948,0.306665440442212
can,PT,2022,05,335,431705557,0.103235747303544,0.101821102401847
can,PT,2022,06,52,101509403,0.0160246533127889,0.0239417796459206
can,PT,2022,07,762,618288194,0.23482280431433,0.145828063814169
can,PT,2022,08,51,146500572,0.0157164869029276,0.0345532956471561
can,PT,2022,09,192,282017880,0.0591679506933744,0.0665161033325126
can,PT,2022,10,75,74952955,0.0231124807395994,0.0176782355071145
can,PT,2022,unresolved,354,422366568,0.109090909090909,0.0996184294459866
can,PT,2023,01,1123,1141842044,0.263862781954887,0.171383010304902
can,PT,2023,02,60,226632113,0.0140977443609023,0.0340159954363186
can,PT,2023,03,88,79053179,0.0206766917293233,0.0118653642702898
can,PT,2023,04,599,2269140828,0.140742481203008,0.340583172560423
can,PT,2023,05,285,770250192,0.0669642857142857,0.115609507713038
can,PT,2023,06,52,130543269,0.012218045112782,0.0195936894545307
can,PT,2023,07,1166,993191981,0.273966165413534,0.149071609693214
can,PT,2023,08,80,103308443,0.018796992481203,0.0155059204942469
can,PT,2023,09,298,445688846,0.0700187969924812,0.0668949759628907
can,PT,2023,10,94,96973063,0.0220864661654135,0.0145550214609429
can,PT,2023,unresolved,411,405892017,0.0965695488721805,0.0609217326492039
can,PT,2024,01,1176,1997750655,0.254710851202079,0.152101570972066
can,PT,2024,02,60,191520455,0.0129954515919428,0.0145816806546285
can,PT,2024,03,76,161223307,0.0164609053497942,0.0122749644509623
can,PT,2024,04,625,3186520775,0.135369287416071,0.242610264999575
can,PT,2024,05,300,898707401,0.0649772579597141,0.0684243587627918
can,PT,2024,06,94,1017604630,0.0203595408273771,0.0774767674154249
can,PT,2024,07,1545,3762937916,0.334632878492528,0.286496599093319
can,PT,2024,08,101,172693440,0.0218756768464371,0.0131482592458818
can,PT,2024,09,409,1199219649,0.0885856616850769,0.0913042836937372
can,PT,2024,10,161,448103714,0.0348711284383799,0.0341170098917161
can,PT,2024,unresolved,68,97478581,0.0147281784708685,0.00742166960081801
can,PT,2024,unmapped,2,559144,0.000433181719731427,4.25712190791922e-05
can,PT,2025,01,1574,5998450387,0.264360094054417,0.253697019396551
can,PT,2025,02,131,1575738862,0.0220020154517971,0.0666439208204647
can,PT,2025,03,114,732818322,0.0191467920725563,0.0309936420335325
can,PT,2025,04,659,5366924329,0.110681894524689,0.226987408038745
can,PT,2025,05,459,4674386439,0.0770910312395029,0.197697376917883
can,PT,2025,06,120,230168113,0.0201545179711119,0.00973467486782576
can,PT,2025,07,1743,1580351806,0.2927443735304,0.0668390195656305
can,PT,2025,08,117,195327985,0.0196506550218341,0.00826115486536811
can,PT,2025,09,771,2974222655,0.129492777964394,0.125791058342415
can,PT,2025,10,238,219849151,0.0399731273093719,0.00929824716837528
can,PT,2025,unresolved,28,95911974,0.0047027208599261,0.00405647798320942
can,PT,2026,01,1307,4088180832,0.255423099472347,0.164765040539546
can,PT,2026,02,106,755358182,0.0207152628493258,0.0304430323886192
can,PT,2026,03,98,100350381,0.0191518467852257,0.00404439903054267
can,PT,2026,04,630,4459242800,0.12311901504788,0.179719868300992
can,PT,2026,05,332,978411198,0.0648817666601524,0.0394326883588344
can,PT,2026,06,71,587313585,0.013875317568888,0.0236703684642567
can,PT,2026,07,1784,10392913627,0.348641782294313,0.418863280624241
can,PT,2026,08,107,159845511,0.0209106898573383,0.00644221798943641
can,PT,2026,09,533,1116364922,0.104162595270666,0.0449926065379726
can,PT,2026,10,131,2140856379,0.0256009380496385,0.0862824573008715
can,PT,2026,unmapped,2,731608,0.000390854016025015,2.94858340989982e-05
can,PT,2026,unresolved,16,32616974,0.00312683212820012,0.00131455463058815
can,RO,2016,01,335,177332320,0.0881811002895499,0.0687866534427966
can,RO,2016,02,138,204414235,0.0363253487759937,0.0792916437439006
can,RO,2016,03,204,26575661,0.0536983416688602,0.0103086159546113
can,RO,2016,04,1018,1188778964,0.267965254014214,0.46112364974842
can,RO,2016,05,93,429691395,0.0244801263490392,0.166675950978461
can,RO,2016,06,105,103633208,0.0276388523295604,0.0401989979258223
can,RO,2016,07,1324,143604977,0.348512766517505,0.0557039223620363
can,RO,2016,08,49,23331531,0.0128981310871282,0.00905022805310879
can,RO,2016,09,77,9600745,0.0202684917083443,0.00372409901989475
can,RO,2016,10,189,140242026,0.0497499341932087,0.0543994441654949
can,RO,2016,unresolved,267,130799698,0.0702816530665965,0.0507367946054529
can,RO,2017,01,463,273910411,0.0973302501576624,0.0761057301616751
can,RO,2017,02,190,206216340,0.0399411393735548,0.0572970011240948
can,RO,2017,03,183,65064410,0.0384696237124238,0.0180780803931859
can,RO,2017,04,1193,2429234356,0.25078831196132,0.674960304437668
can,RO,2017,05,119,301220270,0.0250157662392264,0.0836937468136139
can,RO,2017,06,127,42456978,0.0266974984233761,0.0117966283185497
can,RO,2017,07,1671,128455265,0.351271809964263,0.0356911652253206
can,RO,2017,08,82,25445381,0.0172377548875342,0.00706997332878675
can,RO,2017,09,124,18103008,0.02606684885432,0.00502990243026084
can,RO,2017,10,129,8131872,0.0271179314694135,0.00225943239573059
can,RO,2017,unresolved,476,100839077,0.100063064956906,0.028018035371114
can,RO,2018,01,554,240962826,0.0925183700734803,0.0470352675407821
can,RO,2018,02,226,243981821,0.0377421509686039,0.0476245668940743
can,RO,2018,03,239,66846516,0.0399131596526386,0.01304825236499
can,RO,2018,04,1825,2469172325,0.304776219104876,0.481975509826856
can,RO,2018,05,166,614440259,0.0277221108884436,0.119937014557973
can,RO,2018,06,218,329844329,0.0364061456245825,0.0643846875423213
can,RO,2018,07,1785,579637931,0.29809619238477,0.113143697780878
can,RO,2018,08,219,207566953,0.0365731462925852,0.0405164868334501
can,RO,2018,09,113,165357289,0.0188710754843019,0.0322772788526867
can,RO,2018,10,207,32110114,0.0345691382765531,0.00626780415811944
can,RO,2018,unresolved,436,173104095,0.072812291249165,0.0337894336478688
can,RO,2019,01,1070,2495927826,0.0991291458217528,0.17731371251532
can,RO,2019,02,337,315610861,0.0312210487307764,0.022421374885568
can,RO,2019,03,596,683037626,0.0552158606633315,0.0485238138667679
can,RO,2019,04,3021,5320912172,0.279877709838799,0.37800399569137
can,RO,2019,05,227,424702423,0.0210302019640541,0.0301713705628529
can,RO,2019,06,382,361743994,0.0353900314989809,0.0256987280994638
can,RO,2019,07,3657,3589097607,0.338799332962757,0.254973807594796
can,RO,2019,08,216,379597042,0.0200111172873819,0.0269670300862513
can,RO,2019,09,289,127425887,0.0267741337780248,0.0090524881605802
can,RO,2019,10,422,93319061,0.0390957939596072,0.00662949824990397
can,RO,2019,unresolved,577,284963933,0.053455623494534,0.0202441802871254
can,RO,2020,01,1449,1538862841,0.0898883374689826,0.0694733864479641
can,RO,2020,02,621,986689025,0.0385235732009926,0.0445449887484741
can,RO,2020,03,922,589999839,0.0571960297766749,0.0266360884979505
can,RO,2020,04,3748,11081907783,0.232506203473945,0.500302977937109
can,RO,2020,05,270,811067773,0.0167493796526055,0.0366164048723811
can,RO,2020,06,628,1147745289,0.0389578163771712,0.0518160227682873
can,RO,2020,07,6597,4848985654,0.40924317617866,0.218911942796711
can,RO,2020,08,227,256154637,0.0140818858560794,0.0115643380375438
can,RO,2020,09,369,137065216,0.0228908188585608,0.00618793596546508
can,RO,2020,10,646,322058433,0.0400744416873449,0.0145396258708119
can,RO,2020,unresolved,643,429856915,0.0398883374689826,0.0194062880573023
can,RO,2021,01,1708,1195242359,0.0877517468146322,0.0551607706714444
can,RO,2021,02,734,1269545117,0.0377106452938759,0.05858986382852
can,RO,2021,03,1069,1097154106,0.0549219071105631,0.0506339702375789
can,RO,2021,04,4439,9880193151,0.228062063296342,0.455973689761012
can,RO,2021,05,299,510063528,0.0153616933826552,0.0235395751196564
can,RO,2021,06,686,1316780404,0.0352445540484998,0.0607697855943339
can,RO,2021,07,8287,5436589182,0.425760378133991,0.250900118160184
can,RO,2021,08,244,336268544,0.0125359638306617,0.0155188877803188
can,RO,2021,09,515,217143703,0.0264591039868475,0.0100212429000194
can,RO,2021,10,808,120910734,0.0415125359638307,0.00558006434399637
can,RO,2021,unresolved,675,288449633,0.0346794081381011,0.0133120316029356
can,RO,2022,01,2034,2747472724,0.0870831014256968,0.077633746670848
can,RO,2022,02,764,1080875195,0.0327096801815302,0.0305416648319867
can,RO,2022,03,1269,1088860046,0.0543306075266515,0.0307672881454862
can,RO,2022,04,5843,17439054135,0.250160551440682,0.492765259894822
can,RO,2022,05,438,1190788697,0.0187524082716102,0.0336474270459062
can,RO,2022,06,831,2313784730,0.0355781992550413,0.065379276019956
can,RO,2022,07,9442,7471140292,0.404247120777497,0.211107687332037
can,RO,2022,08,412,1337370714,0.0176392516162178,0.0377893102663927
can,RO,2022,09,699,218123293,0.0299267885430492,0.00616338365212944
can,RO,2022,10,792,126151912,0.0339084642719527,0.00356460156736068
can,RO,2022,unresolved,833,376564126,0.0356638266900715,0.0106403545730754
can,RO,2023,01,2227,7631789039,0.0904292037194949,0.149047233482098
can,RO,2023,02,737,2422449751,0.0299265034311934,0.0473099337246955
can,RO,2023,03,1404,2138601562,0.0570105981240102,0.0417664383420064
can,RO,2023,04,5893,22455175623,0.239290209932188,0.43854485322636
can,RO,2023,05,538,1480623825,0.02184594144638,0.0289162716390872
can,RO,2023,06,1068,3020085413,0.0433670361798027,0.0589816324045393
can,RO,2023,07,9594,9844330621,0.38957242051407,0.192257704850738
can,RO,2023,08,419,480086733,0.0170138465911398,0.00937599283987608
can,RO,2023,09,895,602914868,0.0363422260121005,0.01177480046178
can,RO,2023,10,788,366911037,0.0319974012262963,0.00716569531985694
can,RO,2023,unresolved,1055,662716377,0.042839160271247,0.0129427113446616
can,RO,2023,unmapped,9,98144036,0.000365452552076989,0.00191673236430081
can,RO,2024,01,2395,2470499457,0.188656951555731,0.121102809840512
can,RO,2024,02,422,1182111513,0.0332414336352895,0.0579465926873581
can,RO,2024,03,679,322086434,0.0534856242615203,0.0157885370338337
can,RO,2024,04,2859,11535281158,0.225206774320599,0.565454469773684
can,RO,2024,05,424,831869033,0.0333989759747932,0.0407778585136557
can,RO,2024,06,327,1061412637,0.0257581725088618,0.052029986234855
can,RO,2024,07,3805,1910405649,0.299724300905868,0.0936472547579621
can,RO,2024,08,246,707554868,0.0193777077589602,0.0346840321653761
can,RO,2024,09,1218,307437668,0.0959432847577786,0.0150704608900524
can,RO,2024,10,311,70857686,0.0244978337928318,0.00347341297691152
can,RO,2024,unresolved,6,163668,0.000472627018511225,8.02293423899216e-06
can,RO,2024,unmapped,3,337869,0.000236313509255612,1.65621915609285e-05
can,RO,2025,01,1726,2371217627,0.176717518173441,0.0932557033517089
can,RO,2025,02,252,397782301,0.0258011671956589,0.0156440589164936
can,RO,2025,03,453,222669489,0.0463806696017201,0.00875718853268317
can,RO,2025,04,2012,16234477904,0.205999795228832,0.638472672540274
can,RO,2025,05,368,1003278176,0.0376778949523907,0.0394571172611731
can,RO,2025,06,237,1131887131,0.0242653834340125,0.0445150750037642
can,RO,2025,07,3231,2713430884,0.330807822258626,0.106714332207378
can,RO,2025,08,163,341509336,0.0166888502098904,0.0134309449150595
can,RO,2025,09,1123,765840569,0.114979010955258,0.0301191253405641
can,RO,2025,10,195,39473632,0.0199651889014027,0.00155242659893002
can,RO,2025,unmapped,2,1381590,0.000204771168219515,5.43354375096704e-05
can,RO,2025,unresolved,5,204103453,0.000511927920548787,0.00802701989446178
can,RO,2026,01,1066,1324353024,0.165862766454022,0.0754407488930143
can,RO,2026,02,161,428841892,0.0250505679166018,0.0244286477267689
can,RO,2026,03,336,371401612,0.0522794460868212,0.0211566064648883
can,RO,2026,04,1428,12341925065,0.22218764586899,0.703048245303108
can,RO,2026,05,249,853797000,0.0387428037964836,0.0486358877998144
can,RO,2026,06,160,494033854,0.0248949743270577,0.0281422575769813
can,RO,2026,07,2085,1050990315,0.324412634199471,0.0598688529463463
can,RO,2026,08,96,308491387,0.0149369845962346,0.0175729740035877
can,RO,2026,09,657,343839254,0.102224988330481,0.0195865379928905
can,RO,2026,10,183,36972788,0.0284736268865723,0.00210612636120099
can,RO,2026,unresolved,2,0,0.000311187179088222,0
can,RO,2026,unmapped,4,230231,0.000622374358176443,1.31149313994299e-05
can,SE,2016,01,1957,534923934,0.344845814977974,0.121456243648254
can,SE,2016,02,49,23305504,0.00863436123348018,0.0052915915558367
can,SE,2016,03,127,6412565,0.0223788546255507,0.0014559940349393
can,SE,2016,04,892,2983056244,0.157180616740088,0.677312759738487
can,SE,2016,05,354,78615986,0.0623788546255507,0.017850018934213
can,SE,2016,06,323,115734274,0.0569162995594714,0.0262778486583809
can,SE,2016,07,896,211301200,0.157885462555066,0.0479766344318561
can,SE,2016,08,123,20081893,0.0216740088105727,0.00455966004528441
can,SE,2016,09,350,103842187,0.0616740088105727,0.0235777110792719
can,SE,2016,10,63,83826824,0.0111013215859031,0.0190331568899351
can,SE,2016,unresolved,541,243151636,0.0953303964757709,0.0552083809835427
can,SE,2017,01,2503,2203581212,0.393429739075762,0.222057523832559
can,SE,2017,02,98,87686207,0.0154039610185476,0.00883624433474666
can,SE,2017,03,153,94512880,0.0240490411820182,0.00952417636744843
can,SE,2017,04,932,3149071665,0.146494812951902,0.317335731713968
can,SE,2017,05,350,334964476,0.055014146494813,0.0337547723257819
can,SE,2017,06,489,1033643710,0.0768626218170387,0.104161517405286
can,SE,2017,07,923,1404744039,0.145080163470607,0.141557743014051
can,SE,2017,08,126,97839194,0.0198050927381327,0.00985937302201564
can,SE,2017,09,402,505067865,0.0631876768311852,0.0508962950212779
can,SE,2017,10,84,850394745,0.0132033951587551,0.0856952992367954
can,SE,2017,unresolved,302,161964169,0.0474693492612386,0.0163213237260702
can,SE,2018,01,2882,4638881421,0.392215568862275,0.306965906614472
can,SE,2018,02,100,81602471,0.0136091453456723,0.00539983117031181
can,SE,2018,03,249,118127145,0.033886771910724,0.00781675642678691
can,SE,2018,04,1164,3871120137,0.158410451823625,0.256161301534537
can,SE,2018,05,452,396648925,0.0615133369624388,0.0262472104415278
can,SE,2018,06,534,1714555408,0.0726728361458901,0.113456242462867
can,SE,2018,07,1023,1983674437,0.139221556886228,0.131264493898271
can,SE,2018,08,204,254970395,0.0277626565051715,0.0168720023984043
can,SE,2018,09,449,808989727,0.0611050626020686,0.0535327900097123
can,SE,2018,10,137,982558628,0.018644529123571,0.0650182603677921
can,SE,2018,unresolved,154,260912484,0.0209580838323353,0.0172652046753178
can,SE,2019,01,3036,7051475558,0.390080945650777,0.378286257118952
can,SE,2019,02,66,87221433,0.0084800205576256,0.00467911562037375
can,SE,2019,03,292,293061496,0.0375176667094951,0.0157216933556193
can,SE,2019,04,1315,4719101940,0.168957985352692,0.253162816088908
can,SE,2019,05,444,734083578,0.0570474110240267,0.0393809390460215
can,SE,2019,06,494,1214134086,0.0634716690222279,0.065133919171344
can,SE,2019,07,1096,2248801847,0.14081973532057,0.120640116626186
can,SE,2019,08,203,235813644,0.0260824874726969,0.0126505523606526
can,SE,2019,09,533,1420128716,0.0684825902608249,0.0761847888692325
can,SE,2019,10,124,476970409,0.015932159835539,0.0255877439116135
can,SE,2019,unresolved,180,159788137,0.0231273287935244,0.00857205783109663
can,SE,2020,01,3115,5220446932,0.402767002844582,0.317254934167685
can,SE,2020,02,69,122507080,0.00892164468580295,0.00744495176499867
can,SE,2020,03,228,371138886,0.0294802172226532,0.0225547054454758
can,SE,2020,04,1288,3261086397,0.166537367468322,0.198181451448833
can,SE,2020,05,473,483770098,0.0611585208171709,0.0293994848702514
can,SE,2020,06,525,1363661377,0.0678820791311094,0.0828718893271856
can,SE,2020,07,1081,3293173991,0.139772433410913,0.200131466007868
can,SE,2020,08,198,277819940,0.0256012412723041,0.0168835634042933
can,SE,2020,09,457,1157385147,0.0590897336436514,0.0703361519427359
can,SE,2020,10,137,652838767,0.0177139901732609,0.0396740590881458
can,SE,2020,unresolved,163,251224939,0.0210757693302302,0.0152673425325274
can,SE,2021,01,3712,8454906016,0.405461496450027,0.360033407582959
can,SE,2021,02,86,1232269637,0.00939377389404697,0.0524734675501479
can,SE,2021,03,234,360889549,0.0255598033861278,0.015367680473522
can,SE,2021,04,1398,3754065842,0.152703440742764,0.159858561979082
can,SE,2021,05,553,599257654,0.060404150737302,0.0255180571825992
can,SE,2021,06,628,1862318394,0.068596395412343,0.079302695515172
can,SE,2021,07,1272,4823522775,0.138940469688695,0.205399011881489
can,SE,2021,08,213,318533488,0.0232659748771163,0.0135640416223316
can,SE,2021,09,759,1087585144,0.0829055161114145,0.0463123995334691
can,SE,2021,10,143,464322640,0.0156198798470781,0.0197721490908073
can,SE,2021,unresolved,157,525999648,0.0171490988530857,0.0223985275884203
can,SE,2022,01,3817,8167905085,0.406020636102542,0.345804234462869
can,SE,2022,02,103,1057049894,0.0109562812466759,0.0447522743689825
can,SE,2022,03,218,552660680,0.0231890224444208,0.0233979706395093
can,SE,2022,04,1465,3938002378,0.155834485693011,0.166723031605509
can,SE,2022,05,622,769856899,0.0661631741304117,0.0325933973074142
can,SE,2022,06,581,1509686727,0.0618019359642591,0.0639155398448156
can,SE,2022,07,1401,4739881499,0.14902669928731,0.200672152302124
can,SE,2022,08,208,493688729,0.0221253058185299,0.0209012777717399
can,SE,2022,09,696,1662601396,0.074034677162004,0.0703894813881371
can,SE,2022,10,156,453091814,0.0165939793638975,0.0191825279862031
can,SE,2022,unresolved,134,275601119,0.0142538027869376,0.0116681123226967
can,SE,2023,01,4066,11013831943,0.40126319944735,0.346322766281873
can,SE,2023,02,117,1596977490,0.0115464324484358,0.0502159162123582
can,SE,2023,03,288,1350603332,0.0284219875653804,0.042468841408556
can,SE,2023,04,1497,6106385812,0.147735122865884,0.192011321521962
can,SE,2023,05,608,1213972132,0.0600019737491365,0.0381725623851153
can,SE,2023,06,644,1840369956,0.063554722194809,0.0578692336547821
can,SE,2023,07,1579,5842734700,0.155827494325471,0.183720984161297
can,SE,2023,08,246,439150159,0.0242771143787625,0.0138087904977219
can,SE,2023,09,767,1453503791,0.0756932793841903,0.0457044792680209
can,SE,2023,10,153,608811444,0.0150991808941084,0.0191436790139283
can,SE,2023,unresolved,167,335487059,0.0164808052896477,0.0105491718891257
can,SE,2023,unmapped,1,389695,9.86874568242376e-05,1.22537052594116e-05
can,SE,2024,01,3560,5922327856,0.431986409416333,0.266921203370249
can,SE,2024,02,102,97858354,0.0123771386967601,0.00441050719322281
can,SE,2024,03,247,271500962,0.0299720907656838,0.0122366348596862
can,SE,2024,04,1201,5867934075,0.145734740929499,0.264469658330291
can,SE,2024,05,502,746927220,0.060914937507584,0.0336642477822988
can,SE,2024,06,548,2044793373,0.0664967843708288,0.0921594888083936
can,SE,2024,07,1236,2394499121,0.149981798325446,0.107920838289761
can,SE,2024,08,131,503611127,0.0158961291105448,0.022697913948364
can,SE,2024,09,516,1374406724,0.0626137604659629,0.0619449489474939
can,SE,2024,10,154,918808807,0.0186870525421672,0.041411005671217
can,SE,2024,unresolved,43,2044883543,0.00521781337216357,0.0921635527990225
can,SE,2024,unmapped,1,0,0.00012134449702706,0
can,SE,2025,01,3774,7371519818,0.447103423764957,0.260876517710343
can,SE,2025,02,93,339861432,0.0110176519369743,0.0120276237564624
can,SE,2025,03,250,874416169,0.0296173439165976,0.0309454021464232
can,SE,2025,04,1197,8564076253,0.141807842672669,0.303080836170721
can,SE,2025,05,526,1225196464,0.0623148916005213,0.0433594421409375
can,SE,2025,06,531,2260115716,0.0629072384788532,0.0799850142399085
can,SE,2025,07,1276,3692987976,0.151166923350314,0.130694058608179
can,SE,2025,08,166,1159598786,0.0196659163606208,0.0410379542756078
can,SE,2025,09,426,979432375,0.0504679540338822,0.0346619033294676
can,SE,2025,10,186,1766184010,0.0220353038739486,0.0625048762725159
can,SE,2025,unresolved,15,23350560,0.00177704063499585,0.000826371349434852
can,SE,2025,unmapped,1,0,0.00011846937566639,0
can,SE,2026,01,3103,5169847327,0.458616612474135,0.265715007203452
can,SE,2026,02,76,529837764,0.0112326337570204,0.0272321088753732
can,SE,2026,03,182,384928138,0.026899201891812,0.0197841786211575
can,SE,2026,04,954,6138288668,0.140999113213124,0.315490055018889
can,SE,2026,05,445,1027435417,0.0657700266036063,0.0528071704948506
can,SE,2026,06,443,1037379080,0.0654744309784215,0.0533182456424424
can,SE,2026,07,1011,4270747431,0.14942358853089,0.219503906520737
can,SE,2026,08,134,268314311,0.0198049068873781,0.0137905695411563
can,SE,2026,09,287,223695629,0.0424179722140112,0.0114972999996903
can,SE,2026,10,108,382189695,0.0159621637599764,0.0196434306734045
can,SE,2026,unmapped,2,0,0.000295595625184747,0
can,SE,2026,unresolved,21,23698382,0.00310375406443985,0.00121802740884695
can,SI,2016,01,273,167292324,0.154411764705882,0.117827759324526
can,SI,2016,02,51,38743083,0.0288461538461538,0.0272876277288978
can,SI,2016,03,37,14006375,0.0209276018099547,0.00986500601491474
can,SI,2016,04,580,756533658,0.328054298642534,0.532843729134444
can,SI,2016,05,86,58427909,0.0486425339366516,0.0411520949370477
can,SI,2016,06,24,19656110,0.0135746606334842,0.0138442418812738
can,SI,2016,07,305,238251574,0.172511312217195,0.167805960541032
can,SI,2016,09,202,38941193,0.114253393665158,0.0274271610729368
can,SI,2016,10,61,17111603,0.0345022624434389,0.012052088175551
can,SI,2016,unresolved,117,59319142,0.0661764705882353,0.0417798104527104
can,SI,2016,08,32,11521029,0.0180995475113122,0.00811452073666506
can,SI,2017,01,572,309279376,0.113200079160895,0.142970799311462
can,SI,2017,02,79,26463941,0.0156342766673263,0.0122335050161941
can,SI,2017,03,26,16008328,0.00514545814367702,0.00740018128399245
can,SI,2017,04,1103,1020962976,0.218286166633683,0.471961288314709
can,SI,2017,05,217,53782903,0.0429447852760736,0.0248622612042545
can,SI,2017,06,60,22214001,0.0118741341777162,0.0102688821994895
can,SI,2017,07,1081,444622236,0.213932317435187,0.205535840425938
can,SI,2017,08,37,8511658,0.007322382742925,0.00393469025792979
can,SI,2017,09,1331,106381581,0.263407876509005,0.0491770898670821
can,SI,2017,10,217,34212804,0.0429447852760736,0.0158155774815272
can,SI,2017,unresolved,330,120794769,0.0653077379774391,0.0558398846374207
can,SI,2018,01,1297,363138943,0.225879484500174,0.159266595743806
can,SI,2018,02,91,56282544,0.0158481365377917,0.0246845714442722
can,SI,2018,03,48,19536105,0.00835945663531871,0.00856820508353893
can,SI,2018,04,1070,1156150830,0.186346220828979,0.507068190867307
can,SI,2018,05,283,96294609,0.0492859630790665,0.0422331861111103
can,SI,2018,06,48,21797803,0.00835945663531871,0.00956014755625956
can,SI,2018,07,963,322072021,0.167711598746082,0.141255338645951
can,SI,2018,08,39,7230576,0.00679205851619645,0.00317120828538312
can,SI,2018,09,1276,93257320,0.222222222222222,0.0409010825495265
can,SI,2018,10,187,25119556,0.0325670498084291,0.0110170122148423
can,SI,2018,unresolved,440,119189417,0.0766283524904215,0.0522744614980029
can,SI,2019,01,1579,511884477,0.236767131503974,0.203851471940231
can,SI,2019,02,100,57854827,0.0149947518368571,0.0230399478255665
can,SI,2019,03,52,19785046,0.00779727095516569,0.00787914252282586
can,SI,2019,04,1316,962052086,0.197330934173039,0.383124987426156
can,SI,2019,05,318,77178376,0.0476833108412056,0.0307353050472687
can,SI,2019,06,61,99803388,0.00914679862048283,0.0397454278505538
can,SI,2019,07,1175,400751470,0.176188334083071,0.159594167653791
can,SI,2019,08,50,9500257,0.00749737591842855,0.0037833563240881
can,SI,2019,09,1257,104626195,0.188484030589294,0.0416660492993532
can,SI,2019,10,216,28214399,0.0323886639676113,0.0112360249714292
can,SI,2019,unresolved,545,239415365,0.0817213975108712,0.0953441191387361
can,SI,2020,01,1398,337971230,0.198607756783634,0.121354138335761
can,SI,2020,02,110,85563908,0.0156272197755363,0.0307231308652524
can,SI,2020,03,62,18835692,0.00880806932802955,0.00676326553777309
can,SI,2020,04,1385,1046802937,0.196760903537434,0.375871841005457
can,SI,2020,05,396,158251939,0.0562579911919307,0.0568229659586953
can,SI,2020,06,65,88738062,0.00923426623099872,0.031862863154344
can,SI,2020,07,1475,686229656,0.209546810626509,0.246402063880779
can,SI,2020,08,61,12252414,0.00866600369370649,0.00439943110986995
can,SI,2020,09,1345,99061455,0.191078278164512,0.035569647492811
can,SI,2020,10,216,50550058,0.0306861770137804,0.0181508311562873
can,SI,2020,unresolved,526,200742276,0.0747265236539281,0.0720798215029707
can,SI,2021,01,1409,607281525,0.187841621117184,0.170728172090779
can,SI,2021,02,163,101288456,0.0217304359418744,0.0284757435141424
can,SI,2021,03,89,21027460,0.0118650846553793,0.0059115577565314
can,SI,2021,04,1418,1041085649,0.189041461138515,0.2926857520385
can,SI,2021,05,434,172258122,0.0578589521397147,0.0484278099796472
can,SI,2021,06,106,31354804,0.0141314491401147,0.00881493698196176
can,SI,2021,07,1714,583761762,0.228502866284495,0.164115940399722
can,SI,2021,08,100,16853197,0.013331555792561,0.00473802577428285
can,SI,2021,09,1308,145862300,0.174376749766698,0.0410070170600971
can,SI,2021,10,225,29538847,0.0299960005332622,0.00830440766986808
can,SI,2021,unresolved,535,806696177,0.0713238234902013,0.226790636734469
can,SI,2022,01,617,574272550,0.17653791130186,0.165163324039124
can,SI,2022,02,111,112093249,0.0317596566523605,0.0322385139376507
can,SI,2022,03,71,54195201,0.0203147353361946,0.0155867793857263
can,SI,2022,04,769,1668051810,0.22002861230329,0.47973907443265
can,SI,2022,05,241,211363044,0.0689556509298999,0.0607889458168733
can,SI,2022,06,46,57048459,0.0131616595135908,0.0164073889997871
can,SI,2022,07,807,451950462,0.230901287553648,0.129982950786935
can,SI,2022,08,42,39300605,0.0120171673819743,0.0113030277323
can,SI,2022,09,390,69765003,0.111587982832618,0.0200647232696034
can,SI,2022,10,79,87033472,0.0226037195994278,0.0250312112918962
can,SI,2022,unresolved,322,151924161,0.0921316165951359,0.0436940603074535
can,SI,2023,01,558,1045793231,0.171375921375921,0.227653955046397
can,SI,2023,02,114,140295565,0.035012285012285,0.030540301180931
can,SI,2023,03,82,39193171,0.0251842751842752,0.00853178250200374
can,SI,2023,04,864,2165875625,0.265356265356265,0.471479578901422
can,SI,2023,05,177,79277411,0.0543611793611794,0.0172575377474295
can,SI,2023,06,41,85337801,0.0125921375921376,0.0185767963845354
can,SI,2023,07,725,624895792,0.222665847665848,0.136030712691284
can,SI,2023,08,40,10024468,0.0122850122850123,0.00218218068332099
can,SI,2023,09,271,132070800,0.0832309582309582,0.0287498896291304
can,SI,2023,10,65,32528835,0.019963144963145,0.00708105361680398
can,SI,2023,unresolved,319,238491893,0.097972972972973,0.0519162116167418
can,SI,2024,01,586,1070891810,0.181705426356589,0.20118621396081
can,SI,2024,02,122,303250746,0.0378294573643411,0.0569710860600674
can,SI,2024,03,66,38618893,0.0204651162790698,0.0072552509949886
can,SI,2024,04,990,2334164776,0.306976744186047,0.438514675020367
can,SI,2024,05,209,244195436,0.0648062015503876,0.0458764879669305
can,SI,2024,06,42,105243950,0.0130232558139535,0.0197719616912383
can,SI,2024,07,708,788591412,0.21953488372093,0.148151026145479
can,SI,2024,08,63,55135850,0.0195348837209302,0.0103582573061336
can,SI,2024,09,354,311652214,0.109767441860465,0.0585494523551957
can,SI,2024,10,63,36473403,0.0195348837209302,0.00685218225717579
can,SI,2024,unresolved,21,29934670,0.00651162790697674,0.00562376410691408
can,SI,2024,unmapped,1,4735466,0.000310077519379845,0.000889642134699063
can,SI,2025,01,747,1189209956,0.213856283996565,0.248113686735735
can,SI,2025,02,134,360754325,0.0383624391640424,0.0752668484904708
can,SI,2025,03,104,49871469,0.0297738333810478,0.0104050541908824
can,SI,2025,04,957,2133639286,0.273976524477526,0.445156977321556
can,SI,2025,05,226,162190174,0.0647008302318924,0.03383893804489
can,SI,2025,06,55,86929978,0.0157457772688234,0.018136845576019
can,SI,2025,07,863,549772158,0.24706555969081,0.114703039860895
can,SI,2025,08,52,34656818,0.0148869166905239,0.00723070879210616
can,SI,2025,09,304,155170037,0.0870312052676782,0.0323742748340987
can,SI,2025,10,51,70810053,0.0146006298310908,0.0147736261533475
can,SI,2026,01,575,737726213,0.216735770825481,0.183681205011778
can,SI,2026,02,103,200345380,0.0388239728609122,0.0498825718382635
can,SI,2026,03,74,33119527,0.027892951375801,0.00824619556900592
can,SI,2026,04,681,1966560639,0.256690539012439,0.489639952512101
can,SI,2026,05,162,78802695,0.0610629476064832,0.0196205227911233
can,SI,2026,06,37,310878566,0.0139464756879005,0.0774034439999132
can,SI,2026,07,699,555695962,0.263475310968715,0.138358786934333
can,SI,2026,08,35,13488120,0.0131926121372032,0.00335831110686515
can,SI,2026,09,232,87730392,0.0874481718808896,0.0218433665969188
can,SI,2026,10,53,31643282,0.0199773840934791,0.00787863582161679
can,SI,2026,unmapped,2,349453,0.000753863550697324,8.70078180819377e-05
can,SK,2016,01,130,236415122,0.11353711790393,0.0887117285229261
can,SK,2016,02,30,6230760,0.0262008733624454,0.00233801241196199
can,SK,2016,03,37,38743718,0.0323144104803493,0.0145380809996782
can,SK,2016,04,429,1193911157,0.374672489082969,0.447999779135434
can,SK,2016,05,56,81824918,0.0489082969432314,0.0307037462350936
can,SK,2016,07,122,135989710,0.106550218340611,0.0510283865658621
can,SK,2016,09,97,23178857,0.0847161572052402,0.00869756744941098
can,SK,2016,unresolved,215,872976125,0.187772925764192,0.327573043352091
can,SK,2016,08,14,47139636,0.0122270742358079,0.0176885410549227
can,SK,2016,10,11,4062880,0.00960698689956332,0.00152454337325015
can,SK,2016,06,4,24508692,0.00349344978165939,0.00919657089936916
can,SK,2017,01,139,117449222,0.0982332155477032,0.0593041439338689
can,SK,2017,02,30,4351915,0.0212014134275618,0.00219743127415491
can,SK,2017,03,44,32667664,0.031095406360424,0.0164950249550335
can,SK,2017,04,506,799094954,0.357597173144876,0.403490473260388
can,SK,2017,05,84,199113963,0.0593639575971732,0.100539475016659
can,SK,2017,06,6,15031333,0.00424028268551237,0.00758983602079471
can,SK,2017,07,134,127606833,0.0946996466431095,0.0644330704138438
can,SK,2017,09,76,40388088,0.0537102473498233,0.0203933320560077
can,SK,2017,10,2,373358,0.00141342756183746,0.000188521270671861
can,SK,2017,unresolved,377,642565979,0.26643109540636,0.324453620523969
can,SK,2017,08,17,1812258,0.0120141342756184,0.000915071274608404
can,SK,2018,01,154,142457779,0.0808823529411765,0.0857982590517423
can,SK,2018,02,34,5146276,0.0178571428571429,0.00309945532282771
can,SK,2018,03,70,106240319,0.0367647058823529,0.0639855153947173
can,SK,2018,04,778,855857787,0.408613445378151,0.515458745994326
can,SK,2018,05,103,103401469,0.0540966386554622,0.0622757569707211
can,SK,2018,06,7,56900794,0.00367647058823529,0.034269726076958
can,SK,2018,07,206,79119018,0.108193277310924,0.0476511289866695
can,SK,2018,09,90,50740586,0.0472689075630252,0.0305596084160852
can,SK,2018,unresolved,437,206412831,0.229516806722689,0.124316563616659
can,SK,2018,08,21,54103906,0.0110294117647059,0.0325852401692933
can,SK,2018,10,4,0,0.00210084033613445,0
can,SK,2019,01,166,153688060,0.0872765509989485,0.0690602410466231
can,SK,2019,02,37,13229721,0.019453207150368,0.00594481914365743
can,SK,2019,03,101,47951892,0.0531019978969506,0.021547342195364
can,SK,2019,04,580,780037560,0.304942166140904,0.350512472595592
can,SK,2019,05,99,137171599,0.0520504731861199,0.0616385143497206
can,SK,2019,07,361,176006683,0.189800210304942,0.0790891885407141
can,SK,2019,08,27,187451887,0.0141955835962145,0.0842321290337346
can,SK,2019,09,108,25688882,0.0567823343848581,0.011543384587835
can,SK,2019,unresolved,405,703795607,0.212933753943218,0.316252897375205
can,SK,2019,06,4,398375,0.00210304942166141,0.000179011131554061
can,SK,2019,10,14,0,0.00736067297581493,0
can,SK,2020,01,202,121971761,0.104123711340206,0.0509463142070731
can,SK,2020,02,34,21860731,0.0175257731958763,0.00913099606983869
can,SK,2020,03,85,30604725,0.0438144329896907,0.012783269859251
can,SK,2020,04,473,1435621853,0.243814432989691,0.599644060279482
can,SK,2020,05,91,62325225,0.0469072164948454,0.0260325871320045
can,SK,2020,06,13,17566020,0.00670103092783505,0.00733714071970914
can,SK,2020,07,438,199113148,0.225773195876289,0.0831674554634614
can,SK,2020,08,34,13064633,0.0175257731958763,0.00545695899084458
can,SK,2020,09,200,42771628,0.103092783505155,0.0178652565263532
can,SK,2020,10,12,16740294,0.00618556701030928,0.00699224370502268
can,SK,2020,unresolved,358,432483343,0.184536082474227,0.18064371704696
can,SK,2021,01,225,142982113,0.10325837540156,0.0566550346158434
can,SK,2021,02,35,3416225,0.0160624139513538,0.00135364026709068
can,SK,2021,03,117,34729094,0.0536943552088114,0.0137610081531449
can,SK,2021,04,491,1522624434,0.225332721431849,0.603322598926755
can,SK,2021,05,126,62437035,0.0578246902248738,0.02473996435649
can,SK,2021,06,20,25997334,0.00917852225791648,0.0103011476525714
can,SK,2021,07,432,159645298,0.198256080770996,0.0632576319839855
can,SK,2021,08,40,8027649,0.018357044515833,0.00318086453218691
can,SK,2021,09,212,78416008,0.0972923359339146,0.031071450508472
can,SK,2021,10,24,526060,0.0110142267094998,0.000208445286509443
can,SK,2021,unresolved,457,484930559,0.209729233593391,0.192148213716951
can,SK,2022,01,382,217492335,0.120125786163522,0.0549535222228342
can,SK,2022,02,60,53260528,0.0188679245283019,0.0134572724553621
can,SK,2022,03,204,155685207,0.0641509433962264,0.0393367908006553
can,SK,2022,04,842,2103877473,0.264779874213837,0.531584147398232
can,SK,2022,05,165,157804632,0.0518867924528302,0.0398723033226811
can,SK,2022,06,22,29833018,0.00691823899371069,0.00753787216288432
can,SK,2022,07,524,223915093,0.164779874213836,0.0565763526296385
can,SK,2022,08,66,153754031,0.0207547169811321,0.0388488429231717
can,SK,2022,09,343,112483256,0.107861635220126,0.028421006691076
can,SK,2022,10,26,487204,0.00817610062893082,0.000123101238676083
can,SK,2022,unresolved,546,749157813,0.171698113207547,0.189288788154789
can,SK,2023,01,629,1150067936,0.178338531329742,0.197116650508281
can,SK,2023,02,75,32971533,0.0212645307626878,0.00565117759015869
can,SK,2023,03,213,410372930,0.0603912673660335,0.0703361383173709
can,SK,2023,04,924,2516997170,0.261979018996314,0.431402385858032
can,SK,2023,05,199,284082825,0.0564218882903317,0.0486905626859683
can,SK,2023,06,22,28866561,0.00623759569038843,0.00494760321360092
can,SK,2023,07,470,179548352,0.133257726112844,0.0307738079140064
can,SK,2023,08,59,80652951,0.0167280975333144,0.0138235655973705
can,SK,2023,09,414,320220973,0.117380209810037,0.0548844843373346
can,SK,2023,10,50,24082086,0.0141763538417919,0.0041275649733203
can,SK,2023,unresolved,471,804172306,0.13354125318968,0.137831641443346
can,SK,2023,unmapped,1,2417900,0.000283527076835838,0.000414417561210899
can,SK,2024,01,578,1920473338,0.242857142857143,0.224805490438875
can,SK,2024,02,54,132100858,0.0226890756302521,0.0154633743580179
can,SK,2024,03,151,280124878,0.0634453781512605,0.0327906716208315
can,SK,2024,04,682,4829423369,0.286554621848739,0.565319428040407
can,SK,2024,05,143,335217811,0.0600840336134454,0.0392397035223518
can,SK,2024,06,31,119442772,0.0130252100840336,0.0139816525475965
can,SK,2024,07,465,636821111,0.195378151260504,0.0745445819775211
can,SK,2024,08,57,39406201,0.0239495798319328,0.0046127848623837
can,SK,2024,09,173,219003276,0.0726890756302521,0.0256359397939741
can,SK,2024,10,45,29608602,0.0189075630252101,0.00346590403632017
can,SK,2024,unresolved,1,1200000,0.000420168067226891,0.000140468801721344
can,SK,2025,01,557,1966352897,0.242913214129961,0.275654703292038
can,SK,2025,02,48,121230474,0.0209332751853467,0.0169947878589889
can,SK,2025,03,122,182779835,0.0532054077627562,0.025623132684658
can,SK,2025,04,632,3407460389,0.275621456607065,0.477677472818944
can,SK,2025,05,122,214665581,0.0532054077627562,0.0300930606748398
can,SK,2025,06,36,94504728,0.01569995638901,0.0132482184638777
can,SK,2025,07,477,822900712,0.208024422154383,0.115358973433123
can,SK,2025,08,42,88309955,0.0183166157871784,0.012379799414641
can,SK,2025,09,222,204805403,0.0968163977322285,0.0287108039877805
can,SK,2025,10,34,28909652,0.0148277365896206,0.00405272194858525
can,SK,2025,unresolved,1,1471800,0.000436109899694723,0.000206325422524206
can,SK,2026,01,432,990527810,0.261501210653753,0.215407766771075
can,SK,2026,02,49,27894520,0.0296610169491525,0.00606615604094054
can,SK,2026,03,68,134482913,0.0411622276029056,0.029245684639787
can,SK,2026,04,437,1361403309,0.26452784503632,0.296061194350962
can,SK,2026,05,98,496410444,0.0593220338983051,0.10795321854101
can,SK,2026,06,47,116261772,0.0284503631961259,0.0252831757115108
can,SK,2026,07,320,1165030158,0.193704600484262,0.253356384366163
can,SK,2026,08,28,101743830,0.0169491525423729,0.0221259928108792
can,SK,2026,09,138,184784088,0.0835351089588378,0.0401845635519409
can,SK,2026,10,29,17627350,0.0175544794188862,0.00383337858791881
can,SK,2026,unresolved,6,2218650,0.0036319612590799,0.000482484627813374
can,UK,2016,01,1865,7070675183,0.114684540646907,0.140445458947257
can,UK,2016,02,165,1906418191,0.0101463534620588,0.0378673564901042
can,UK,2016,03,274,897084772,0.0168490960521461,0.017818875744859
can,UK,2016,04,1953,7500881928,0.120095929160005,0.148990694328596
can,UK,2016,05,428,3360377326,0.0263190259500676,0.0667474779382784
can,UK,2016,06,1003,5086957538,0.0616775304390604,0.101042696429804
can,UK,2016,07,3081,12082299841,0.189460091009716,0.239991811586462
can,UK,2016,08,226,1147757938,0.0138974295904563,0.0227980194522771
can,UK,2016,09,1487,3252865206,0.0914401672610995,0.0646119550009362
can,UK,2016,10,5092,4787211104,0.313122617144263,0.0950888059736067
can,UK,2016,unresolved,688,3252104655,0.0423072192842209,0.0645968481078201
can,UK,2017,01,2183,10234859835,0.126017433469953,0.189891392156168
can,UK,2017,02,192,3165260557,0.0110835305662991,0.0587263278047361
can,UK,2017,03,278,1365226293,0.016048028632454,0.0253295819938285
can,UK,2017,04,2618,9084680747,0.151128557409225,0.168551665792516
can,UK,2017,05,414,2151598974,0.0238988627835825,0.0399194645673076
can,UK,2017,06,1464,4498845170,0.0845119205680309,0.0834688492269276
can,UK,2017,07,4382,12881697666,0.252958494487098,0.23899921860841
can,UK,2017,08,269,846420279,0.0155284881371587,0.0157039693478638
can,UK,2017,09,1531,3678473894,0.0883796109218958,0.0682481773080169
can,UK,2017,10,3452,3522287561,0.199272643306587,0.0653503906565852
can,UK,2017,unresolved,540,2469141835,0.0311724297177163,0.0458109625376404
can,UK,2018,01,2826,9602327927,0.133889231060786,0.191926690149887
can,UK,2018,02,140,813071994,0.00663287061164543,0.0162512900880217
can,UK,2018,03,320,1656584035,0.0151608471123324,0.0331110011249144
can,UK,2018,04,3431,5206633260,0.162552707632539,0.104067669424858
can,UK,2018,05,492,1742561769,0.0233098024352111,0.0348294825222023
can,UK,2018,06,943,6479976538,0.0446771213341545,0.129518639505141
can,UK,2018,07,6467,16109604330,0.306391244610793,0.321990986163619
can,UK,2018,08,310,972766044,0.014687070640072,0.0194431775851097
can,UK,2018,09,1587,4285198962,0.0751883261477235,0.0856504859720347
can,UK,2018,10,3998,1324975711,0.189415833609703,0.0264829741990151
can,UK,2018,unresolved,593,1837527080,0.028094944805041,0.0367276032651979
can,UK,2019,01,3214,11211095899,0.153171615116999,0.179970395094031
can,UK,2019,02,232,1579660994,0.0110565696039651,0.0253581109077988
can,UK,2019,03,377,5201409703,0.0179669256064433,0.0834976141251575
can,UK,2019,04,3539,8008861642,0.168660344088071,0.128565307704908
can,UK,2019,05,556,3556340593,0.0264976409474336,0.0570895144754083
can,UK,2019,06,1121,4213442422,0.053424200543297,0.0676378923367277
can,UK,2019,07,6032,15448167974,0.287470809703093,0.247987611452662
can,UK,2019,08,278,1077704244,0.0132488204737168,0.0173002586307815
can,UK,2019,09,1681,6359633579,0.0801124720011438,0.102090444875062
can,UK,2019,10,3342,1915840480,0.159271791450222,0.0307547603935395
can,UK,2019,unresolved,611,3721954194,0.029118810465615,0.0597480900039232
can,UK,2020,01,2939,9980732009,0.166270649468205,0.144973010904052
can,UK,2020,02,123,1606554345,0.00695858791581806,0.0233356651962618
can,UK,2020,03,531,8043523824,0.030040733197556,0.116834503320222
can,UK,2020,04,2876,10856220597,0.162706494682055,0.157689735138311
can,UK,2020,05,434,3049886517,0.0245530663045938,0.0443004812559297
can,UK,2020,06,888,4184138723,0.0502376103190767,0.0607758216698498
can,UK,2020,07,4498,22120293002,0.254469336954062,0.321303635413519
can,UK,2020,08,201,1493828520,0.0113713509843856,0.0216982900776676
can,UK,2020,09,1362,4045015854,0.0770536320434488,0.0587550218741682
can,UK,2020,10,3288,1943368140,0.186014935505771,0.0282279827067549
can,UK,2020,unresolved,536,1521887334,0.0303236026250283,0.0221058524432645
can,UK,2021,01,1093,6908482022,0.1597486115171,0.185010359751213
can,UK,2021,02,62,584642013,0.00906167787196726,0.0156568156081688
can,UK,2021,03,150,1988692865,0.0219234142063724,0.0532575435843438
can,UK,2021,04,1512,4797892313,0.220988015200234,0.128488397313471
can,UK,2021,05,218,929524911,0.0318620286465946,0.0248928400818272
can,UK,2021,06,575,4551022643,0.0840397544577609,0.121877184269431
can,UK,2021,07,1125,11456015449,0.164425606547793,0.306794102204431
can,UK,2021,08,103,346816043,0.0150540777550424,0.00928779443567932
can,UK,2021,09,648,2466557575,0.0947091493715288,0.0660548442978679
can,UK,2021,10,1116,500812312,0.163110201695411,0.0134118415182809
can,UK,2021,unresolved,240,2810596870,0.0350774627301959,0.075268276935285
can,UK,2022,01,114,1921006964,0.0578974098527171,0.209098236509354
can,UK,2022,02,16,154087946,0.00812595226003047,0.016772202485336
can,UK,2022,03,37,55364771,0.0187912646013205,0.00602635815371475
can,UK,2022,04,1013,996796744,0.514474352463179,0.108499576125777
can,UK,2022,05,33,1291937177,0.0167597765363129,0.14062509426258
can,UK,2022,06,255,1913155126,0.129507364144236,0.208243577723662
can,UK,2022,07,143,873499148,0.0726256983240224,0.0950788491983952
can,UK,2022,08,16,141281575,0.00812595226003047,0.0153782514781992
can,UK,2022,09,272,1579170561,0.138141188420518,0.171889943993242
can,UK,2022,10,10,217771180,0.00507872016251905,0.0237040107370277
can,UK,2022,unresolved,60,43031464,0.0304723209751143,0.00468389933271254
can,UK,2023,01,79,1015080015,0.0444569499155881,0.340475497067804
can,UK,2023,02,2,16003685,0.00112549240292628,0.00536791437598302
can,UK,2023,04,1195,242166354,0.672481710748452,0.0812268082642213
can,UK,2023,06,259,376100372,0.145751266178953,0.126150608042545
can,UK,2023,07,55,1013837528,0.0309510410804727,0.340058745311614
can,UK,2023,09,126,245381776,0.0709060213843557,0.0823053167439028
can,UK,2023,unresolved,24,41887564,0.0135059088351154,0.014049817712015
can,UK,2023,05,12,7843140,0.00675295441755768,0.00263072560843628
can,UK,2023,03,17,17256265,0.00956668542487338,0.00578805149996846
can,UK,2023,08,7,5803263,0.00393922341024198,0.00194651537350994
can,UK,2023,10,1,0,0.00056274620146314,0
can,UK,2024,01,9,142273565,0.109756097560976,0.523153397882038
can,UK,2024,03,1,2933586,0.0121951219512195,0.0107870740701491
can,UK,2024,04,14,1409780,0.170731707317073,0.00518389482449631
can,UK,2024,05,1,38428802,0.0121951219512195,0.141306351203304
can,UK,2024,06,34,6359648,0.414634146341463,0.0233850291200175
can,UK,2024,07,4,25521014,0.0487804878048781,0.0938431899945366
can,UK,2024,08,1,23290181,0.0121951219512195,0.0856402053848701
can,UK,2024,09,12,31552376,0.146341463414634,0.116021080343714
can,UK,2024,10,6,184868,0.0731707317073171,0.000679777176875103
can,UK,2025,04,9,1570802707,0.0708661417322835,0.921385417643971
can,UK,2025,01,11,3087033,0.0866141732283465,0.00181076030574075
can,UK,2025,08,5,3194246,0.0393700787401575,0.00187364821288635
can,UK,2025,09,10,4252299,0.078740157480315,0.00249427014137559
can,UK,2025,07,2,999079,0.015748031496063,0.000586029561556085
can,UK,2025,10,86,10753387,0.677165354330709,0.00630761197948601
can,UK,2025,unresolved,1,458747,0.0078740157480315,0.000269087132524224
can,UK,2025,06,2,111090469,0.015748031496063,0.0651623133317083
can,UK,2025,05,1,189000,0.0078740157480315,0.000110861690751282
can,UK,2026,04,56,4324470,0.848484848484848,0.826680685321035
can,UK,2026,05,1,60000,0.0151515151515152,0.0114698081196683
can,UK,2026,09,2,625533,0.0303030303030303,0.119579058042008
can,UK,2026,01,5,221122,0.0757575757575758,0.0422704485172883
can,UK,2026,06,1,0,0.0151515151515152,0
can,UK,2026,08,1,0,0.0151515151515152,0
cn,AT,2016,01,698,112869500,0.219634990560101,0.150647272145672
cn,AT,2016,02,33,22523878,0.0103838892385148,0.0300626899104002
cn,AT,2016,03,90,12405750,0.0283196979232222,0.0165579930487968
cn,AT,2016,04,712,201337845,0.224040276903713,0.268726246939502
cn,AT,2016,05,79,16402821,0.0248584015103839,0.0218928961246727
cn,AT,2016,06,203,64698000,0.0638766519823789,0.0863526215078538
cn,AT,2016,07,528,141638148,0.166142227816237,0.189044875967068
cn,AT,2016,08,83,45577700,0.026117054751416,0.060832697723245
cn,AT,2016,09,226,10485148,0.0711139081183134,0.0139945595953172
cn,AT,2016,10,55,5392900,0.0173064820641913,0.00719792037666859
cn,AT,2016,unresolved,471,115898604,0.148206419131529,0.154690226660803
cn,AT,2017,01,524,148427862,0.160588415568495,0.247066954411237
cn,AT,2017,02,43,10483500,0.0131780570027582,0.0174504057504393
cn,AT,2017,03,141,12809500,0.0432117683113699,0.0213221703114658
cn,AT,2017,04,765,164018000,0.234446828072326,0.273017661122292
cn,AT,2017,05,112,12945000,0.0343242414955562,0.0215477180750166
cn,AT,2017,06,188,46315000,0.0576156910818266,0.0770940565967086
cn,AT,2017,07,463,106419193,0.141893962611094,0.177141040443011
cn,AT,2017,08,80,5663566,0.0245173153539687,0.00942734055366932
cn,AT,2017,09,317,21190337,0.0971498620901011,0.0352725691456619
cn,AT,2017,10,75,34616138,0.0229849831443457,0.0576206089200362
cn,AT,2017,unresolved,555,37871574,0.170088875268158,0.0630394746704618
cn,AT,2018,01,461,85718000,0.148661722025153,0.191811963964574
cn,AT,2018,03,112,7083200,0.036117381489842,0.0158501423639594
cn,AT,2018,04,714,104776925,0.230248306997743,0.234460297282005
cn,AT,2018,05,124,10179998,0.0399871009351822,0.0227798759832875
cn,AT,2018,06,118,51215100,0.0380522412125121,0.114604504487296
cn,AT,2018,07,473,78360000,0.152531441470493,0.175346899090787
cn,AT,2018,08,78,7e+05,0.0251531763947114,0.0015663964951959
cn,AT,2018,09,289,56082421,0.0931957433086101,0.125496153852144
cn,AT,2018,10,83,35747932,0.0267655594969365,0.0799934791361447
cn,AT,2018,unresolved,624,15929000,0.201225411157691,0.0356444711028221
cn,AT,2018,02,25,1093000,0.00806191551112544,0.00244581624178445
cn,AT,2019,01,542,206202511,0.156919513607412,0.238681693349088
cn,AT,2019,02,42,2932500,0.0121598147075854,0.00339440127257325
cn,AT,2019,03,200,19722275,0.0579038795599305,0.0228287520402522
cn,AT,2019,04,750,207710556,0.217139548349739,0.240427272161397
cn,AT,2019,05,166,34870100,0.0480602200347423,0.0403625274730627
cn,AT,2019,06,170,12788000,0.0492182976259409,0.0148022518239273
cn,AT,2019,07,448,71270251,0.129704690214244,0.0824961059474902
cn,AT,2019,08,98,19831800,0.028372900984366,0.0229555284424273
cn,AT,2019,09,257,60042908,0.0744064852345107,0.0695003319093601
cn,AT,2019,10,80,61758000,0.0231615518239722,0.071485569920402
cn,AT,2019,unresolved,701,166793707,0.202953097857556,0.19306556566002
cn,AT,2020,01,682,359432314,0.186644772851669,0.217257539641267
cn,AT,2020,02,28,0,0.00766283524904215,0
cn,AT,2020,03,120,24599666,0.0328407224958949,0.0148691775975293
cn,AT,2020,04,846,364155057,0.231527093596059,0.220112184269958
cn,AT,2020,05,130,29739700,0.0355774493705528,0.0179760522357191
cn,AT,2020,06,207,9764815,0.0566502463054187,0.00590230649643855
cn,AT,2020,07,436,592129041,0.119321291735085,0.357910220052733
cn,AT,2020,08,79,2893020,0.0216201423097975,0.00174867529393303
cn,AT,2020,09,242,53347385,0.0662287903667214,0.0322456305678611
cn,AT,2020,10,67,11746000,0.018336070060208,0.00709982647978146
cn,AT,2020,unresolved,817,206599632,0.223590585659551,0.12487838736478
cn,AT,2021,01,728,656883597,0.188943680249157,0.198624664592834
cn,AT,2021,02,34,208333,0.00882429275888918,6.29945281593306e-05
cn,AT,2021,03,100,26963300,0.025953802232027,0.00815300677817954
cn,AT,2021,04,923,438970097,0.239553594601609,0.132733240228723
cn,AT,2021,05,173,44643679,0.0449000778614067,0.0134990975692839
cn,AT,2021,06,189,18487187,0.049052686218531,0.00559004872995786
cn,AT,2021,07,446,99785010,0.11575395795484,0.0301724144630187
cn,AT,2021,08,93,40124047,0.0241370360757851,0.0121324773732813
cn,AT,2021,09,285,77156712,0.0739683363612769,0.0233302005287946
cn,AT,2021,10,129,60205570,0.0334804048793148,0.0182046122060046
cn,AT,2021,unresolved,753,1843732726,0.195432130807163,0.557497243001763
cn,AT,2022,01,790,513403579,0.179423120599591,0.150296702049957
cn,AT,2022,02,41,2100000,0.00931183284124461,0.000614766018810535
cn,AT,2022,03,98,59381270,0.0222575516693164,0.0173836128332445
cn,AT,2022,04,980,602264871,0.222575516693164,0.176310465244815
cn,AT,2022,05,199,46744690,0.0451964569611628,0.0136843080818251
cn,AT,2022,06,202,11941700,0.0458778105836929,0.00349588160325227
cn,AT,2022,07,630,276199669,0.14308426073132,0.0808562718609131
cn,AT,2022,08,163,41544905,0.0370202134908017,0.0121620932612914
cn,AT,2022,09,276,32203319,0.0626845332727686,0.00942738391148365
cn,AT,2022,10,257,7747000,0.0583692936634113,0.00226790111796439
cn,AT,2022,unresolved,767,1822402760,0.174199409493527,0.533500614016443
cn,AT,2023,01,822,386697473,0.164993978321959,0.128768940847848
cn,AT,2023,02,66,7816000,0.0132476916900843,0.00260270136719197
cn,AT,2023,03,125,15760126,0.0250903251706142,0.00524806825579807
cn,AT,2023,04,1162,744453430,0.23323966278603,0.247900455485127
cn,AT,2023,05,212,98278179,0.0425531914893617,0.0327262987267703
cn,AT,2023,06,339,128483666,0.0680449618627057,0.0427846229733926
cn,AT,2023,07,723,268925311,0.145122440786833,0.089551212207296
cn,AT,2023,08,271,58846303,0.0543958249698916,0.0195956183818184
cn,AT,2023,09,350,190063809,0.0702529104777198,0.0632906007597253
cn,AT,2023,10,144,1012215913,0.0289040545965476,0.337064449930728
cn,AT,2023,unresolved,768,91493522,0.154154957848254,0.0304670310643051
cn,AT,2024,01,1020,197425699,0.188157166574433,0.0304320048450571
cn,AT,2024,02,57,5868000,0.0105146651909242,0.000904517523986555
cn,AT,2024,03,121,40521469,0.022320605054418,0.0062461449911687
cn,AT,2024,04,1760,476166751,0.32466334624608,0.0733982908349084
cn,AT,2024,05,254,40845441,0.0468548238332411,0.00629608336050765
cn,AT,2024,06,507,9320000,0.0935251798561151,0.00143662292494115
cn,AT,2024,07,801,216613632,0.14775871610404,0.0333897113289664
cn,AT,2024,08,236,46450216,0.0435344032466335,0.00716002630623051
cn,AT,2024,09,384,161663828,0.0708356391809629,0.0249195237595004
cn,AT,2024,10,267,5292561464,0.0492529053680133,0.815817074124733
cn,AT,2024,unresolved,14,0,0.00258254934513927,0
cn,AT,2025,01,830,140239718,0.158155487804878,0.0212388809723306
cn,AT,2025,02,38,270000,0.00724085365853659,4.08906830697511e-05
cn,AT,2025,03,87,5764167,0.016577743902439,0.000872965651696734
cn,AT,2025,04,1887,1153103237,0.359565548780488,0.17463399633656
cn,AT,2025,05,194,16673490,0.0369664634146341,0.00252514961206172
cn,AT,2025,06,480,21626433,0.0914634146341463,0.00327525784345262
cn,AT,2025,07,868,39770664,0.165396341463415,0.00602314672999097
cn,AT,2025,08,285,13052961,0.0543064024390244,0.00197683144952897
cn,AT,2025,09,350,55282751,0.0666920731707317,0.0083724053717221
cn,AT,2025,10,221,5155437714,0.0421112804878049,0.780775443144505
cn,AT,2025,unresolved,6,1750000,0.00114329268292683,0.00026503220508172
cn,AT,2025,unmapped,2,0,0.00038109756097561,0
cn,AT,2026,01,589,63072006,0.161369863013699,0.0170754645715373
cn,AT,2026,02,50,1500000,0.0136986301369863,0.000406094533560672
cn,AT,2026,03,80,13924828,0.0219178082191781,0.00376986435438172
cn,AT,2026,04,1370,199440000,0.375342465753425,0.0539943291822269
cn,AT,2026,05,172,119341333,0.0471232876712329,0.0323092419727625
cn,AT,2026,06,300,6099095,0.0821917808219178,0.00165120609277815
cn,AT,2026,07,560,76955065,0.153424657534247,0.0208340208175374
cn,AT,2026,08,140,10750000,0.0383561643835616,0.00291034415718481
cn,AT,2026,09,251,39119936,0.0687671232876712,0.0105909281085622
cn,AT,2026,10,138,3163518967,0.0378082191780822,0.856458506209468
cn,BE,2016,01,1156,462777194,0.203163444639719,0.10358658506275
cn,BE,2016,02,151,91719984,0.0265377855887522,0.0205303114495527
cn,BE,2016,03,164,36361894,0.0288224956063269,0.00813913147559667
cn,BE,2016,04,1008,1450656712,0.177152899824253,0.324710415384984
cn,BE,2016,05,502,122969414,0.0882249560632689,0.0275250851350889
cn,BE,2016,06,237,235441335,0.0416520210896309,0.0527004446015656
cn,BE,2016,07,916,218882964,0.160984182776801,0.0489940711494372
cn,BE,2016,08,129,28381125,0.0226713532513181,0.00635274135611152
cn,BE,2016,09,331,40554233,0.0581722319859402,0.00907753139258866
cn,BE,2016,10,139,175700677,0.0244288224956063,0.039328284452244
cn,BE,2016,unresolved,957,1604094292,0.168189806678383,0.35905539854008
cn,BE,2017,01,1275,635223837,0.214105793450882,0.291751712080926
cn,BE,2017,02,127,23632727,0.0213266162888329,0.0108542661055573
cn,BE,2017,03,199,9556873,0.0334172963895886,0.00438937252899402
cn,BE,2017,04,976,481343344,0.163895885810244,0.221075999562589
cn,BE,2017,05,478,47728450,0.0802686817800168,0.0219211814660993
cn,BE,2017,06,274,410568731,0.0460117548278757,0.18856995474517
cn,BE,2017,07,987,71629533,0.165743073047859,0.0328987006958103
cn,BE,2017,08,184,16650591,0.0308984047019312,0.00764744354423409
cn,BE,2017,09,308,36069391,0.0517212426532326,0.0165662967366987
cn,BE,2017,10,157,20503392,0.0263643996641478,0.00941699503550961
cn,BE,2017,unresolved,990,424368570,0.16624685138539,0.194908077498412
cn,BE,2018,01,1256,832497525,0.22171226831421,0.272487467599663
cn,BE,2018,02,122,93070808,0.0215357458075905,0.0304633083195946
cn,BE,2018,03,182,45263919,0.0321270962047661,0.0148154802765885
cn,BE,2018,04,906,1079022719,0.159929390997352,0.353178429188498
cn,BE,2018,05,462,126468483,0.0815533980582524,0.0413948097489431
cn,BE,2018,06,245,295934379,0.0432480141218005,0.0968632423374337
cn,BE,2018,07,958,74765296,0.169108561341571,0.0244716717582784
cn,BE,2018,08,177,47757796,0.0312444836716681,0.0156317592537963
cn,BE,2018,09,368,167845745,0.0649602824360106,0.0549381357048824
cn,BE,2018,10,137,67441481,0.0241835834068844,0.0220744900939625
cn,BE,2018,unresolved,852,225109147,0.150397175639894,0.0736812057183596
cn,BE,2019,01,1267,969194865,0.211096301232922,0.290170236031169
cn,BE,2019,02,126,195406701,0.0209930023325558,0.0585034141212068
cn,BE,2019,03,189,14757728,0.0314895034988337,0.00441836164396496
cn,BE,2019,04,895,763728832,0.149116961012996,0.228655127516848
cn,BE,2019,05,521,141859577,0.0868043985338221,0.0424717757263106
cn,BE,2019,06,331,473811359,0.0551482839053649,0.141855842246212
cn,BE,2019,07,1081,119476541,0.180106631122959,0.0357704496320848
cn,BE,2019,08,160,14489586,0.0266577807397534,0.00433808178463051
cn,BE,2019,09,391,296047539,0.0651449516827724,0.0886345846127413
cn,BE,2019,10,181,19689437,0.0301566144618461,0.00589488119255651
cn,BE,2019,unresolved,860,331628391,0.143285571476175,0.0992872454922746
cn,BE,2020,01,1404,1218211886,0.222645099904853,0.244193280415129
cn,BE,2020,02,137,425040708,0.0217253409451316,0.0852003547078255
cn,BE,2020,03,201,58981729,0.0318744053282588,0.01182301868385
cn,BE,2020,04,1005,1779606128,0.159372026641294,0.356726004102694
cn,BE,2020,05,589,283157621,0.0934031081509673,0.0567595745380323
cn,BE,2020,06,362,364211940,0.0574056454170631,0.0730070929507892
cn,BE,2020,07,1018,103158020,0.161433555344117,0.020678254410768
cn,BE,2020,08,207,50547178,0.032825880114177,0.0101322941874066
cn,BE,2020,09,400,229151817,0.0634316523945449,0.0459339910810207
cn,BE,2020,10,141,32586108,0.0223596574690771,0.0065319577816709
cn,BE,2020,unresolved,842,444066800,0.133523628290517,0.089014177140814
cn,BE,2021,01,1617,2118247344,0.231894450021512,0.499031988867215
cn,BE,2021,02,126,41317817,0.0180696974042736,0.00973394936694495
cn,BE,2021,03,214,34385811,0.0306898035278933,0.00810085739077984
cn,BE,2021,04,1006,729620218,0.14427075864047,0.171889193930825
cn,BE,2021,05,587,146154693,0.0841818442564176,0.0344321768355619
cn,BE,2021,06,346,378528071,0.0496199627133228,0.0891763734052393
cn,BE,2021,07,1254,260617194,0.17983651226158,0.0613980784742638
cn,BE,2021,08,254,29777329,0.0364262154022659,0.00701515795882589
cn,BE,2021,09,439,149076133,0.0629571203212391,0.0351204307440045
cn,BE,2021,10,177,43093464,0.0253836225440987,0.0101522690954913
cn,BE,2021,unresolved,953,313894472,0.136670012906927,0.0739495239308485
cn,BE,2022,01,1757,2260442434,0.252769385699899,0.465271730988039
cn,BE,2022,02,102,68520073,0.0146741476046612,0.01410363409066
cn,BE,2022,03,180,20336425,0.0258955545964609,0.00418589012466682
cn,BE,2022,04,985,801365882,0.141706229319522,0.164946864146905
cn,BE,2022,05,587,170221179,0.0844482808229032,0.0350369916140739
cn,BE,2022,06,335,474136901,0.0481945043878579,0.0975926187437581
cn,BE,2022,07,1146,354816279,0.164868364264135,0.073032598322327
cn,BE,2022,08,253,75075852,0.0363976406272479,0.015453024191211
cn,BE,2022,09,472,130007320,0.0679038987196087,0.0267596864700851
cn,BE,2022,10,168,53696129,0.0241691842900302,0.0110523897938765
cn,BE,2022,unresolved,966,449709001,0.138972809667674,0.0925645715143975
cn,BE,2023,01,2129,2633511340,0.291643835616438,0.516854506869238
cn,BE,2023,02,117,28582139,0.016027397260274,0.00560954765363304
cn,BE,2023,03,227,30998463,0.0310958904109589,0.00608377684356936
cn,BE,2023,04,1017,691134266,0.139315068493151,0.135642423409448
cn,BE,2023,05,592,181285154,0.0810958904109589,0.0355791324875722
cn,BE,2023,06,341,644258310,0.0467123287671233,0.126442520316415
cn,BE,2023,07,1208,360956123,0.165479452054795,0.0708414640639432
cn,BE,2023,08,241,88465492,0.033013698630137,0.0173622902427314
cn,BE,2023,09,523,137883694,0.0716438356164384,0.0270611360525521
cn,BE,2023,10,201,17449431,0.0275342465753425,0.00342463573923847
cn,BE,2023,unresolved,703,280291867,0.0963013698630137,0.0550102490531683
cn,BE,2023,unmapped,1,450000,0.000136986301369863,8.83172684918672e-05
cn,BE,2024,01,2988,2747426679,0.379284082254379,0.5757863729065
cn,BE,2024,02,129,53774814,0.0163747143945164,0.0112697475581228
cn,BE,2024,03,268,144237778,0.034018786494034,0.0302283397280474
cn,BE,2024,04,967,703300212,0.122746890073623,0.147392715236807
cn,BE,2024,05,691,252736751,0.0877126174155877,0.052966791896856
cn,BE,2024,06,348,458706249,0.0441736481340442,0.0961324316168424
cn,BE,2024,07,1392,229959346,0.176694592536177,0.0481932634495215
cn,BE,2024,08,274,38734877,0.0347804011170348,0.00811778327089959
cn,BE,2024,09,637,101620182,0.0808580858085809,0.0212968434990867
cn,BE,2024,10,167,40214775,0.0211982736735212,0.0084279298921742
cn,BE,2024,unresolved,11,896017,0.0013962934755014,0.000187780945142581
cn,BE,2024,unmapped,6,0,0.000761614623000762,0
cn,BE,2025,01,2880,1460081567,0.366132723112128,0.512533061318448
cn,BE,2025,02,118,611435000,0.0150012712941775,0.214632291393927
cn,BE,2025,03,326,3663328,0.041444190185609,0.00128593960562861
cn,BE,2025,04,927,360662479,0.117848970251716,0.126603505340035
cn,BE,2025,05,698,63613324,0.0887363335875922,0.0223302125218613
cn,BE,2025,06,373,111588514,0.0474192728197305,0.0391709641303872
cn,BE,2025,07,1389,178105025,0.176582761250953,0.0625202836352558
cn,BE,2025,08,320,2507924,0.0406814136791254,0.000880357641878242
cn,BE,2025,09,626,52601946,0.079583015509789,0.0184648837599411
cn,BE,2025,10,190,4360763,0.0241545893719807,0.00153076051406258
cn,BE,2025,unmapped,7,0,0.000889905924230867,0
cn,BE,2025,unresolved,12,136000,0.0015255530129672,4.77401385749492e-05
cn,BE,2026,01,2149,431283829,0.354737537140971,0.561687582966144
cn,BE,2026,02,85,0,0.0140310333443381,0
cn,BE,2026,03,222,7822205,0.0366457576758006,0.0101873409677869
cn,BE,2026,04,735,136202770,0.121327170683394,0.1773852844239
cn,BE,2026,05,616,106155301,0.101683724001321,0.138252608673008
cn,BE,2026,06,286,7705423,0.0472103004291846,0.0100352485522979
cn,BE,2026,07,1109,40571738,0.183063717398481,0.0528390816479133
cn,BE,2026,08,256,3941384,0.0422581710135358,0.00513310795267827
cn,BE,2026,09,427,34003140,0.0704853086827336,0.0442843905465777
cn,BE,2026,10,155,0,0.0255860019808518,0
cn,BE,2026,unresolved,15,0,0.00247606470782436,0
cn,BE,2026,unmapped,3,150000,0.000495212941564873,0.000195354269693524
cn,BG,2016,01,851,829950183,0.230873575691807,0.215263838861542
cn,BG,2016,02,32,40540455,0.00868149755832881,0.0105149612003804
cn,BG,2016,03,127,296989033,0.0344546934346175,0.0770299237868318
cn,BG,2016,04,967,1084936082,0.262344004340749,0.281399426995151
cn,BG,2016,05,105,212959167,0.0284861638632664,0.0552351318767963
cn,BG,2016,06,92,59017425,0.0249593054801953,0.01530732533765
cn,BG,2016,07,616,880927587,0.16711882799783,0.228485827247122
cn,BG,2016,08,27,76563795,0.00732501356483994,0.0198583201342678
cn,BG,2016,09,87,56075631,0.0236028214867065,0.0145443134333802
cn,BG,2016,10,31,29420785,0.00841020075963104,0.00763085694918157
cn,BG,2016,unresolved,751,288121958,0.203743895822029,0.0747300741776979
cn,BG,2017,01,1097,647779879,0.242591773551526,0.124091922495114
cn,BG,2017,02,45,13580557,0.00995134896063689,0.00260155877222682
cn,BG,2017,03,236,212211901,0.0521892967713401,0.0406523629787408
cn,BG,2017,04,1212,2869534444,0.268022998673154,0.549702232757847
cn,BG,2017,05,96,117799284,0.0212295444493587,0.0225662143792952
cn,BG,2017,06,94,114033631,0.0207872622733304,0.0218448472368936
cn,BG,2017,07,655,828988411,0.14484741264927,0.15880512652842
cn,BG,2017,09,157,119523053,0.034719150818222,0.0228964281078811
cn,BG,2017,unresolved,853,257608637,0.188633348076073,0.0493487866063774
cn,BG,2017,10,50,29524684,0.0110570544007077,0.0056558947219488
cn,BG,2017,08,27,9577041,0.00597080937638213,0.00183462541525549
cn,BG,2018,01,1122,601991968,0.218287937743191,0.0968684261183809
cn,BG,2018,02,39,12220941,0.0075875486381323,0.00196651015841393
cn,BG,2018,03,201,211949441,0.0391050583657588,0.0341054529922576
cn,BG,2018,04,1407,3467792483,0.273735408560311,0.558013425078393
cn,BG,2018,05,180,226338252,0.0350194552529183,0.0364208019493467
cn,BG,2018,06,132,172957845,0.0256809338521401,0.0278311923091587
cn,BG,2018,07,730,900338990,0.142023346303502,0.14487638634792
cn,BG,2018,08,45,13645589,0.00875486381322957,0.00219575476111384
cn,BG,2018,09,187,62277833,0.0363813229571985,0.0100213225183319
cn,BG,2018,10,75,30926599,0.014591439688716,0.00497649658063925
cn,BG,2018,unresolved,1022,514092411,0.198832684824903,0.0827242311860444
cn,BG,2019,01,929,626721129,0.187260632936908,0.103771836626087
cn,BG,2019,02,63,20585055,0.0126990526103608,0.00340845212576042
cn,BG,2019,03,214,79272494,0.0431364644224955,0.013125857603423
cn,BG,2019,04,1331,2851857282,0.268292682926829,0.472207580460593
cn,BG,2019,05,178,366284749,0.0358798629308607,0.0606490500687354
cn,BG,2019,06,131,275764921,0.0264059665390042,0.0456608705292556
cn,BG,2019,07,770,1162167483,0.155210643015521,0.19243049036891
cn,BG,2019,08,50,46682755,0.010078613182826,0.0077296823115655
cn,BG,2019,09,251,102750552,0.0505946381777867,0.0170133301750934
cn,BG,2019,10,47,20352894,0.00947389639185648,0.00337001114739196
cn,BG,2019,unresolved,997,486975130,0.200967546865551,0.0806328385831837
cn,BG,2020,01,711,389749446,0.167215428033866,0.0862018738301781
cn,BG,2020,02,45,22323318,0.0105832549388523,0.00493730487998421
cn,BG,2020,03,183,54593515,0.043038570084666,0.0120745862252642
cn,BG,2020,04,1037,1909886926,0.243885230479774,0.422414537120237
cn,BG,2020,05,180,237508518,0.0423330197554092,0.0525303615241793
cn,BG,2020,06,165,516360054,0.0388052681091251,0.114204663233446
cn,BG,2020,07,678,890399065,0.159454374412041,0.19693182029472
cn,BG,2020,08,27,36612581,0.00634995296331138,0.00809769743190135
cn,BG,2020,09,267,104245472,0.062793979303857,0.023056235530124
cn,BG,2020,unresolved,858,345943728,0.201787394167451,0.0765132520378167
cn,BG,2020,10,101,13734381,0.0237535277516463,0.00303766789215037
cn,BG,2021,01,827,456140340,0.1561850802644,0.0890635709445757
cn,BG,2021,02,34,27408154,0.00642115203021719,0.00535157243106115
cn,BG,2021,03,216,89698496,0.0407932011331445,0.0175140579807472
cn,BG,2021,04,1552,2122914573,0.293106704438149,0.414509167686549
cn,BG,2021,05,197,333367899,0.037204910292729,0.0650916678915762
cn,BG,2021,06,118,222124119,0.0222851746931067,0.0433707907330842
cn,BG,2021,07,943,1373788737,0.1780925401322,0.268238785108676
cn,BG,2021,09,335,163838455,0.0632672332389046,0.0319902376105174
cn,BG,2021,10,68,23414412,0.0128423040604344,0.00457177530995729
cn,BG,2021,unresolved,973,294877966,0.183758262511804,0.0575763254020313
cn,BG,2021,08,32,13941012,0.00604343720491029,0.00272204890122453
cn,BG,2022,01,1109,617074723,0.177043422733078,0.0659774341309745
cn,BG,2022,03,205,252112797,0.0327266922094508,0.0269558204827703
cn,BG,2022,04,1866,5320668822,0.297892720306513,0.568884226904615
cn,BG,2022,05,233,157238868,0.0371966794380587,0.0168119300136995
cn,BG,2022,06,98,150338294,0.0156449553001277,0.01607412282507
cn,BG,2022,07,1038,1699532795,0.165708812260536,0.181713508682389
cn,BG,2022,08,58,36193280,0.00925925925925926,0.00386977404547474
cn,BG,2022,09,442,132981068,0.0705619412515964,0.0142182937132504
cn,BG,2022,10,75,43111272,0.0119731800766284,0.00460944356115284
cn,BG,2022,unresolved,1093,924267762,0.174489144316731,0.0988224166601266
cn,BG,2022,02,47,19295128,0.00750319284802043,0.00206302898047684
cn,BG,2023,01,1229,394444872,0.165210377738943,0.0370339828147499
cn,BG,2023,02,70,37068563,0.00940986691759645,0.00348032544611069
cn,BG,2023,03,302,241463558,0.0405968544159161,0.0226707403040097
cn,BG,2023,04,1919,7499371221,0.257964780212394,0.704107480246172
cn,BG,2023,05,287,251721614,0.0385804543621455,0.0236338575773831
cn,BG,2023,06,140,161951523,0.0188197338351929,0.0152054452861655
cn,BG,2023,07,1249,1058186325,0.167898911143971,0.0993519169767616
cn,BG,2023,08,65,32979027,0.00873773356633956,0.00309636353737455
cn,BG,2023,09,675,138829108,0.0907380024196801,0.0130345078991395
cn,BG,2023,10,234,41806712,0.0314558408388224,0.00392518489567079
cn,BG,2023,unresolved,1269,793067336,0.170587444548999,0.0744601950164622
cn,BG,2024,01,2423,1428376133,0.329301440608861,0.138855426133556
cn,BG,2024,02,85,86765388,0.0115520521880946,0.00843464452117341
cn,BG,2024,03,352,349532701,0.0478390867083447,0.0339788036383885
cn,BG,2024,04,1758,4677066649,0.238923620549062,0.454667413994054
cn,BG,2024,05,240,315387342,0.0326175591193259,0.0306594619993833
cn,BG,2024,06,232,708861105,0.0315303071486817,0.0689098680174309
cn,BG,2024,07,1343,2205293577,0.182522424571895,0.214381192957057
cn,BG,2024,08,95,118357737,0.0129111171513998,0.0115058027277598
cn,BG,2024,09,713,281571258,0.096901331883664,0.027372129870607
cn,BG,2024,10,65,76543369,0.0088339222614841,0.00744094071207294
cn,BG,2024,unmapped,2,0,0.000271812992661049,0
cn,BG,2024,unresolved,50,39031313,0.00679532481652623,0.00379431542851689
cn,BG,2025,01,2741,1761216758,0.331960760566792,0.181976146303332
cn,BG,2025,02,65,53371945,0.00787210851398813,0.00551460848171954
cn,BG,2025,03,358,316176171,0.0433571515078116,0.0326686200833454
cn,BG,2025,04,1860,4199110983,0.225263412861814,0.433869386669972
cn,BG,2025,05,311,569780195,0.0376650115053894,0.0588720290419023
cn,BG,2025,06,322,714624799,0.0389972144846797,0.0738379682024427
cn,BG,2025,07,1462,1630981633,0.177061886883856,0.168519718493875
cn,BG,2025,08,113,149472599,0.013685357878164,0.0154441226046767
cn,BG,2025,09,936,214975200,0.113358362601429,0.0222121202680426
cn,BG,2025,10,86,68481058,0.0104154051108151,0.0070757440689847
cn,BG,2025,unmapped,3,92290,0.000363328085260991,9.53578170662314e-06
cn,BG,2026,01,1515,1127586865,0.297876523790798,0.203805202553895
cn,BG,2026,02,39,15423615,0.00766810853322847,0.00278773465420626
cn,BG,2026,03,170,171142770,0.0334250884781754,0.0309331262966465
cn,BG,2026,04,1354,2099651966,0.266220998820291,0.37950069081668
cn,BG,2026,05,184,323631990,0.0361777428234369,0.0584947247278108
cn,BG,2026,06,209,446584238,0.0410931970114039,0.0807176758687828
cn,BG,2026,07,966,1039688059,0.189933149823044,0.187917970698746
cn,BG,2026,08,78,130546497,0.0153362170664569,0.0235955704075947
cn,BG,2026,09,518,153904172,0.101848210774676,0.0278173433213498
cn,BG,2026,10,51,21304929,0.0100275265434526,0.00385075022157282
cn,BG,2026,unresolved,2,3204580,0.000393236335037357,0.000579210432714788
cn,CH,2016,03,110,0,0.0248981439565414,0
cn,CH,2016,04,408,0,0.0923494794024445,0
cn,CH,2016,05,113,0,0.0255771842462653,0
cn,CH,2016,06,83,0,0.0187867813490267,0
cn,CH,2016,07,212,0,0.0479855138071526,0
cn,CH,2016,08,110,0,0.0248981439565414,0
cn,CH,2016,09,233,0,0.0527387958352196,0
cn,CH,2016,10,66,0,0.0149388863739249,0
cn,CH,2016,unresolved,2591,0,0.586464463558171,0
cn,CH,2016,01,489,339000,0.110683567224989,1
cn,CH,2016,02,3,0,0.000679040289723857,0
cn,CH,2017,01,1431,0,0.324416232146905,
cn,CH,2017,03,133,0,0.0301518929947858,
cn,CH,2017,04,793,0,0.179777828156881,
cn,CH,2017,05,199,0,0.0451144865109952,
cn,CH,2017,06,256,0,0.0580367263659034,
cn,CH,2017,07,476,0,0.107912038086602,
cn,CH,2017,08,156,0,0.0353661301292224,
cn,CH,2017,09,424,0,0.0961233280435276,
cn,CH,2017,10,53,0,0.0120154160054409,
cn,CH,2017,unresolved,471,0,0.106778508274768,
cn,CH,2017,02,19,0,0.0043074132849694,
cn,CH,2018,01,1543,0,0.324227778945157,0
cn,CH,2018,03,125,0,0.0262660222735869,0
cn,CH,2018,04,861,0,0.180920361420467,0
cn,CH,2018,05,236,8e+05,0.0495902500525321,0.5
cn,CH,2018,06,213,8e+05,0.0447573019541921,0.5
cn,CH,2018,07,559,0,0.117461651607481,0
cn,CH,2018,08,110,0,0.0231140996007565,0
cn,CH,2018,09,535,0,0.112418575330952,0
cn,CH,2018,10,91,0,0.0191216642151713,0
cn,CH,2018,unresolved,482,0,0.101281781886951,0
cn,CH,2018,02,4,0,0.00084051271275478,0
cn,CH,2019,01,1579,0,0.32369823698237,
cn,CH,2019,03,130,0,0.026650266502665,
cn,CH,2019,04,941,0,0.192906929069291,
cn,CH,2019,05,227,0,0.0465354653546536,
cn,CH,2019,06,228,0,0.046740467404674,
cn,CH,2019,07,584,0,0.119721197211972,
cn,CH,2019,08,148,0,0.030340303403034,
cn,CH,2019,09,508,0,0.104141041410414,
cn,CH,2019,10,63,0,0.0129151291512915,
cn,CH,2019,unresolved,461,0,0.0945059450594506,
cn,CH,2019,02,9,0,0.0018450184501845,
cn,CH,2020,01,1579,1952526,0.341036717062635,1
cn,CH,2020,03,140,0,0.0302375809935205,0
cn,CH,2020,04,836,0,0.180561555075594,0
cn,CH,2020,05,227,0,0.0490280777537797,0
cn,CH,2020,06,174,0,0.0375809935205184,0
cn,CH,2020,07,474,0,0.102375809935205,0
cn,CH,2020,08,134,0,0.0289416846652268,0
cn,CH,2020,09,465,0,0.100431965442765,0
cn,CH,2020,10,97,0,0.0209503239740821,0
cn,CH,2020,unresolved,501,0,0.108207343412527,0
cn,CH,2020,02,3,0,0.000647948164146868,0
cn,CH,2021,01,1564,0,0.357485714285714,
cn,CH,2021,03,139,0,0.0317714285714286,
cn,CH,2021,04,808,0,0.184685714285714,
cn,CH,2021,05,242,0,0.0553142857142857,
cn,CH,2021,06,227,0,0.0518857142857143,
cn,CH,2021,07,486,0,0.111085714285714,
cn,CH,2021,08,109,0,0.0249142857142857,
cn,CH,2021,09,381,0,0.0870857142857143,
cn,CH,2021,10,96,0,0.0219428571428571,
cn,CH,2021,unresolved,319,0,0.0729142857142857,
cn,CH,2021,02,4,0,0.000914285714285714,
cn,CH,2022,01,1755,13278859,0.384278519816072,0.992118183980816
cn,CH,2022,03,132,0,0.0289029997810379,0
cn,CH,2022,04,840,0,0.183928180424787,0
cn,CH,2022,05,248,0,0.0543026056492227,0
cn,CH,2022,06,191,0,0.0418217648346836,0
cn,CH,2022,07,498,0,0.109043135537552,0
cn,CH,2022,08,158,0,0.0345960148894241,0
cn,CH,2022,09,407,0,0.0891175826582001,0
cn,CH,2022,10,91,105493,0.0199255528793519,0.00788181601918419
cn,CH,2022,unresolved,243,0,0.0532077950514561,0
cn,CH,2022,02,4,0,0.000875848478213269,0
cn,CH,2023,01,1996,16776624,0.419592179945344,0.985438826737034
cn,CH,2023,03,131,0,0.0275383645154509,0
cn,CH,2023,04,892,150000,0.187513138532689,0.00881082058050268
cn,CH,2023,05,257,0,0.0540256464158083,0
cn,CH,2023,06,225,0,0.0472987176792096,0
cn,CH,2023,07,500,0,0.105108261509355,0
cn,CH,2023,08,68,0,0.0142947235652722,0
cn,CH,2023,09,443,0,0.0931259196972882,0
cn,CH,2023,10,96,97897,0.0201807862097961,0.00575035268246314
cn,CH,2023,unresolved,144,0,0.0302711793146941,0
cn,CH,2023,02,5,0,0.00105108261509355,0
cn,CH,2024,01,2409,0,0.448519828709738,
cn,CH,2024,02,48,0,0.00893688326196239,
cn,CH,2024,03,139,0,0.0258797244460994,
cn,CH,2024,04,1032,0,0.192142990132191,
cn,CH,2024,05,285,0,0.0530627443679017,
cn,CH,2024,06,263,0,0.0489666728728356,
cn,CH,2024,07,470,0,0.0875069819400484,
cn,CH,2024,08,132,0,0.0245764289703966,
cn,CH,2024,09,511,0,0.095140569726308,
cn,CH,2024,10,81,0,0.0150809905045615,
cn,CH,2024,unmapped,1,0,0.00018618506795755,
cn,CH,2025,01,2518,0,0.451416278235927,0
cn,CH,2025,02,73,0,0.0130871280028684,0
cn,CH,2025,03,113,0,0.020258157045536,0
cn,CH,2025,04,1102,0,0.197561850125493,0
cn,CH,2025,05,204,0,0.0365722481176049,0
cn,CH,2025,06,354,0,0.0634636070276085,0
cn,CH,2025,07,448,0,0.0803155252778774,0
cn,CH,2025,08,132,0,0.0236643958408032,0
cn,CH,2025,09,535,175281,0.0959125134456795,1
cn,CH,2025,10,99,0,0.0177482968806024,0
cn,CH,2026,01,1747,0,0.419045334612617,
cn,CH,2026,02,93,0,0.0223075077956344,
cn,CH,2026,03,101,0,0.0242264331974095,
cn,CH,2026,04,926,0,0.222115615255457,
cn,CH,2026,05,181,0,0.0434156872151595,
cn,CH,2026,06,271,0,0.0650035979851283,
cn,CH,2026,07,327,0,0.0784360757975534,
cn,CH,2026,08,82,0,0.0196689853681938,
cn,CH,2026,09,386,0,0.092588150635644,
cn,CH,2026,10,55,0,0.0131926121372032,
cn,CY,2016,01,42,14727495,0.123893805309735,0.0360889397427345
cn,CY,2016,04,44,24851767,0.129793510324484,0.0608979274318869
cn,CY,2016,05,18,15357000,0.0530973451327434,0.0376315081165652
cn,CY,2016,07,132,109776265,0.389380530973451,0.269000873045107
cn,CY,2016,09,13,19638263,0.0383480825958702,0.0481225143895124
cn,CY,2016,02,17,92743752,0.0501474926253687,0.22726360982931
cn,CY,2016,03,11,5742009,0.0324483775811209,0.0140704863117074
cn,CY,2016,06,7,15472000,0.0206489675516224,0.0379133094731716
cn,CY,2016,10,4,3301944,0.0117994100294985,0.00809123737946498
cn,CY,2016,unresolved,47,103868385,0.138643067846608,0.254523928708864
cn,CY,2016,08,4,2610000,0.0117994100294985,0.00639566557167645
cn,CY,2017,01,48,74443456,0.130434782608696,0.116796740356194
cn,CY,2017,03,19,11586514,0.0516304347826087,0.0181784557032307
cn,CY,2017,04,46,17360070,0.125,0.0272367740202087
cn,CY,2017,05,13,34285070,0.0353260869565217,0.0537909526780155
cn,CY,2017,07,152,413797586,0.41304347826087,0.649220385631502
cn,CY,2017,09,20,10175521,0.0543478260869565,0.0159647032537823
cn,CY,2017,unresolved,44,35996833,0.119565217391304,0.0564765928860996
cn,CY,2017,02,15,5242464,0.0407608695652174,0.00822507094021391
cn,CY,2017,06,7,4590000,0.0190217391304348,0.00720139911606105
cn,CY,2017,08,3,29820830,0.00815217391304348,0.0467868624841409
cn,CY,2017,10,1,77800,0.00271739130434783,0.0001220629305511
cn,CY,2018,01,57,75595875,0.150395778364116,0.0432485581984637
cn,CY,2018,02,14,7550861,0.0369393139841689,0.00431986337094465
cn,CY,2018,04,52,1328260828,0.137203166226913,0.759900797794822
cn,CY,2018,05,26,55440678,0.0686015831134565,0.031717727839585
cn,CY,2018,07,149,228081978,0.393139841688654,0.130486176653868
cn,CY,2018,09,19,14957757,0.050131926121372,0.00855736406428232
cn,CY,2018,10,4,5271000,0.0105540897097625,0.00301555012444928
cn,CY,2018,unresolved,27,12116573,0.0712401055408971,0.00693191675546363
cn,CY,2018,06,11,6650616,0.029023746701847,0.00380483132355614
cn,CY,2018,03,14,9838179,0.0369393139841689,0.00562844278273654
cn,CY,2018,08,6,4175428,0.0158311345646438,0.00238877109182869
cn,CY,2019,01,87,224342804,0.247159090909091,0.278987820265782
cn,CY,2019,03,20,10449495,0.0568181818181818,0.0129947641776296
cn,CY,2019,04,61,268046182,0.173295454545455,0.333336388390443
cn,CY,2019,05,17,91817700,0.0482954545454545,0.114182490046873
cn,CY,2019,07,83,122811448,0.235795454545455,0.152725639380011
cn,CY,2019,09,31,55532210,0.0880681818181818,0.0690586457252343
cn,CY,2019,unresolved,31,22286374,0.0880681818181818,0.0277148488519739
cn,CY,2019,02,9,3448047,0.0255681818181818,0.00428791608000036
cn,CY,2019,08,7,1925000,0.0198863636363636,0.00239388803400902
cn,CY,2019,06,6,3471916,0.0170454545454545,0.00431759904804387
cn,CY,2020,01,85,171038601,0.253731343283582,0.115341102775094
cn,CY,2020,02,20,24991029,0.0597014925373134,0.016852878984577
cn,CY,2020,03,12,20096144,0.0358208955223881,0.0135519783074412
cn,CY,2020,04,55,1034736640,0.164179104477612,0.697782047102896
cn,CY,2020,05,15,26475000,0.0447761194029851,0.0178536054324404
cn,CY,2020,07,91,106130209,0.271641791044776,0.0715696648139165
cn,CY,2020,09,28,68512585,0.0835820895522388,0.0462019512652139
cn,CY,2020,unresolved,14,15489412,0.0417910447761194,0.0104453956649106
cn,CY,2020,06,6,4635575,0.017910447761194,0.00312603312568404
cn,CY,2020,08,4,3269360,0.0119402985074627,0.00220471627786982
cn,CY,2020,10,5,7519200,0.0149253731343284,0.0050706262499568
cn,CY,2021,01,107,261012662,0.248837209302326,0.184032281069255
cn,CY,2021,03,13,10170487,0.0302325581395349,0.00717090852165326
cn,CY,2021,04,64,760145976,0.148837209302326,0.535956366396106
cn,CY,2021,05,18,50054015,0.0418604651162791,0.0352916003635283
cn,CY,2021,06,3,11600000,0.00697674418604651,0.00817881570972736
cn,CY,2021,07,130,170096867,0.302325581395349,0.119930252413362
cn,CY,2021,10,9,11602524,0.0209302325581395,0.00818059530721454
cn,CY,2021,unresolved,22,18806400,0.0511627906976744,0.0132598344623635
cn,CY,2021,02,18,6639438,0.0418604651162791,0.00468127067397938
cn,CY,2021,09,40,115442880,0.0930232558139535,0.0813953483207043
cn,CY,2021,08,6,2727000,0.013953488372093,0.00192272676210573
cn,CY,2022,01,115,295279548,0.220306513409962,0.21937851878393
cn,CY,2022,02,13,15168150,0.024904214559387,0.0112692067643387
cn,CY,2022,04,75,261985285,0.14367816091954,0.194642480848303
cn,CY,2022,05,42,150113252,0.0804597701149425,0.11152693471882
cn,CY,2022,06,9,24281500,0.0172413793103448,0.0180399880043571
cn,CY,2022,07,171,368716808,0.327586206896552,0.273938875000508
cn,CY,2022,08,7,6087392,0.0134099616858238,0.00452263981458392
cn,CY,2022,unresolved,34,51770837,0.0651340996168582,0.0384632447935888
cn,CY,2022,03,14,23723250,0.0268199233716475,0.0176252350729718
cn,CY,2022,09,34,113242186,0.0651340996168582,0.0841335039856342
cn,CY,2022,10,8,35613840,0.0153256704980843,0.0264593722129643
cn,CY,2023,01,120,267223369,0.219378427787934,0.305615315673733
cn,CY,2023,04,69,125416763,0.126142595978062,0.143435373030653
cn,CY,2023,05,41,63058581,0.0749542961608775,0.0721181991319505
cn,CY,2023,06,12,5069700,0.0219378427787934,0.00579806313972161
cn,CY,2023,07,167,283144666,0.305301645338208,0.323824023343272
cn,CY,2023,09,42,81121930,0.076782449725777,0.0927767071337705
cn,CY,2023,02,18,6851184,0.0329067641681901,0.00783549271433229
cn,CY,2023,03,30,17354639,0.0548446069469835,0.0198479777282827
cn,CY,2023,10,8,12294920,0.0146252285191956,0.0140613295575332
cn,CY,2023,unresolved,32,11427446,0.0585009140767825,0.013069225680762
cn,CY,2023,08,8,1415000,0.0146252285191956,0.00161829286598932
cn,CY,2024,01,286,401536936,0.317425083240844,0.391262653769654
cn,CY,2024,02,19,22497736,0.0210876803551609,0.021922077652077
cn,CY,2024,03,31,34463899,0.0344062153163152,0.0335820577711171
cn,CY,2024,04,86,183627618,0.095449500554939,0.178929066500822
cn,CY,2024,05,77,65973582,0.0854605993340733,0.0642854902195346
cn,CY,2024,06,24,18685000,0.0266370699223085,0.0182068996155462
cn,CY,2024,07,210,161450457,0.2330743618202,0.157319361171156
cn,CY,2024,09,113,95838077,0.125416204217536,0.0933858307351344
cn,CY,2024,unresolved,18,21594057,0.0199778024417314,0.0210415214391963
cn,CY,2024,08,21,9170935,0.02330743618202,0.0089362747083596
cn,CY,2024,10,16,11421000,0.0177580466148724,0.0111287664174018
cn,CY,2025,01,321,397309868,0.346652267818575,0.33961526618236
cn,CY,2025,03,28,24804628,0.0302375809935205,0.0212026708100148
cn,CY,2025,04,69,249389439,0.0745140388768899,0.213174822803682
cn,CY,2025,05,97,82891592,0.10475161987041,0.0708546460803223
cn,CY,2025,06,12,22424250,0.0129589632829374,0.0191679549038782
cn,CY,2025,07,201,247707772,0.217062634989201,0.211737355899802
cn,CY,2025,08,37,43781147,0.0399568034557235,0.0374235504570302
cn,CY,2025,09,100,44085752,0.107991360691145,0.0376839228174657
cn,CY,2025,10,8,2554300,0.00863930885529158,0.00218338215150901
cn,CY,2025,unresolved,31,33287090,0.0334773218142549,0.0284533681171648
cn,CY,2025,02,21,21276401,0.0226781857451404,0.0181867886277056
cn,CY,2025,unmapped,1,370000,0.00107991360691145,0.000316271149065628
cn,CY,2026,01,200,281685123,0.311526479750779,0.239600006292363
cn,CY,2026,02,15,16393853,0.0233644859813084,0.0139445322497776
cn,CY,2026,03,27,22385108,0.0420560747663551,0.0190406648407031
cn,CY,2026,04,74,595940260,0.115264797507788,0.5069039093196
cn,CY,2026,05,72,50660700,0.11214953271028,0.0430917469460235
cn,CY,2026,07,148,113516036,0.230529595015576,0.0965561924258389
cn,CY,2026,08,16,7402085,0.0249221183800623,0.00629617778066542
cn,CY,2026,09,64,64958504,0.0996884735202492,0.0552533900313311
cn,CY,2026,10,6,8600070,0.00934579439252336,0.00731517804053415
cn,CY,2026,06,17,13333855,0.0264797507788162,0.0113417127176484
cn,CY,2026,unresolved,3,771800,0.00467289719626168,0.000656489355515043
cn,CZ,2016,01,589,463092953,0.127987831377662,0.0524209820300363
cn,CZ,2016,02,163,41508525,0.03541938287701,0.00469866282572932
cn,CZ,2016,03,312,190195256,0.0677966101694915,0.0215296346713662
cn,CZ,2016,04,1095,5690362711,0.237940026075619,0.644135047802638
cn,CZ,2016,05,207,683088865,0.044980443285528,0.0773239775840055
cn,CZ,2016,06,40,32823786,0.00869187309865276,0.00371557175490804
cn,CZ,2016,07,851,712161272,0.184919600173837,0.0806149024729379
cn,CZ,2016,08,108,189921847,0.0234680573663625,0.0214986854457669
cn,CZ,2016,09,259,219401894,0.0562798783137766,0.0248357541789886
cn,CZ,2016,10,47,34430809,0.010212950890917,0.00389748280161934
cn,CZ,2016,unresolved,931,577126497,0.202303346371143,0.0653292984320036
cn,CZ,2017,01,848,646551879,0.151185594580139,0.0829403818973456
cn,CZ,2017,02,198,166479842,0.0353004100552683,0.0213562161400659
cn,CZ,2017,03,294,439751723,0.0524157603850954,0.0564118317961546
cn,CZ,2017,04,1052,3908096583,0.187555714031022,0.501334902292862
cn,CZ,2017,05,220,195239708,0.039222677839187,0.0250455631929982
cn,CZ,2017,06,47,117391030,0.0083793902656445,0.0150590496691183
cn,CZ,2017,07,1416,1216815206,0.252451417364949,0.156094384939738
cn,CZ,2017,08,161,171728538,0.0287038687823141,0.0220295246012158
cn,CZ,2017,09,560,359718910,0.0998395435906579,0.0461451350466138
cn,CZ,2017,10,59,52735108,0.0105188090568729,0.00676491730823315
cn,CZ,2017,unresolved,754,520872495,0.13442681404885,0.0668180931156542
cn,CZ,2018,01,1061,921030392,0.147156726768377,0.0967106497942313
cn,CZ,2018,02,215,67712484,0.0298196948682386,0.0071099915743296
cn,CZ,2018,03,309,244441107,0.0428571428571429,0.0256669687555665
cn,CZ,2018,04,1189,5168235923,0.164909847434119,0.542678568204314
cn,CZ,2018,05,250,650179387,0.0346740638002774,0.0682705712490592
cn,CZ,2018,07,1783,1199546824,0.247295423023578,0.125955618636791
cn,CZ,2018,08,213,214165558,0.0295423023578363,0.0224879552918424
cn,CZ,2018,09,1325,424568318,0.18377253814147,0.044580806749126
cn,CZ,2018,10,72,67790663,0.00998613037447989,0.00711820057802365
cn,CZ,2018,unresolved,752,456490145,0.104299583911234,0.0479326837974885
cn,CZ,2018,06,41,109406603,0.00568654646324549,0.0114879853692271
cn,CZ,2019,01,857,826485493,0.122779369627507,0.0892678358871265
cn,CZ,2019,02,211,128501690,0.0302292263610315,0.0138793334804951
cn,CZ,2019,03,356,378725293,0.0510028653295129,0.0409057238005603
cn,CZ,2019,04,1253,4737390742,0.179512893982808,0.511680631870508
cn,CZ,2019,05,286,313180993,0.040974212034384,0.0338263523351296
cn,CZ,2019,06,42,123116721,0.00601719197707736,0.013297708596549
cn,CZ,2019,07,1855,1504237378,0.265759312320917,0.162471109937057
cn,CZ,2019,08,189,195236257,0.0270773638968481,0.0210872644428773
cn,CZ,2019,09,904,383903903,0.129512893982808,0.0414650600641956
cn,CZ,2019,10,104,43344811,0.0148997134670487,0.00468162781764219
cn,CZ,2019,unresolved,923,624368143,0.132234957020057,0.0674373517678597
cn,CZ,2020,01,815,1026831167,0.120508650007393,0.0940000913102427
cn,CZ,2020,02,146,16548456,0.0215880526393612,0.00151490958303132
cn,CZ,2020,03,346,160941902,0.0511607274878013,0.0147332433703233
cn,CZ,2020,04,1315,5847170381,0.194440337128493,0.535272562213284
cn,CZ,2020,05,286,238456852,0.0422889250332693,0.021829261305966
cn,CZ,2020,06,55,88801370,0.00813248558332101,0.00812922041786315
cn,CZ,2020,07,1979,1801807552,0.292621617625314,0.164944423050888
cn,CZ,2020,08,200,198088359,0.02957267484844,0.018133773527636
cn,CZ,2020,09,673,294175569,0.0995120508650007,0.026929967881704
cn,CZ,2020,10,49,334597319,0.00724530533786781,0.0306303310115269
cn,CZ,2020,unresolved,899,916306281,0.132929173443738,0.0838822163275347
cn,CZ,2021,01,927,1171171304,0.128678511937812,0.127182763522589
cn,CZ,2021,02,247,57964437,0.0342865074958356,0.00629461912062951
cn,CZ,2021,03,372,182196390,0.0516379789006108,0.0197855260839275
cn,CZ,2021,04,1437,4282102298,0.199472515269295,0.465012762937426
cn,CZ,2021,05,399,482025593,0.0553858967240422,0.0523453288148142
cn,CZ,2021,06,60,76975276,0.00832870627429206,0.00835909169833452
cn,CZ,2021,07,2033,1972170951,0.282204330927263,0.214166920612283
cn,CZ,2021,08,233,203374955,0.0323431426985008,0.0220854017852389
cn,CZ,2021,09,534,264674109,0.0741254858411993,0.0287421528349698
cn,CZ,2021,10,52,64656214,0.00721821210438645,0.00702130930577164
cn,CZ,2021,unresolved,910,451257870,0.126318711826763,0.0490041232840155
cn,CZ,2022,01,1038,1083147122,0.123984710941233,0.0749717240586409
cn,CZ,2022,02,237,161012080,0.0283086478738653,0.0111447032325382
cn,CZ,2022,03,344,287266601,0.0410893454371715,0.0198836075949392
cn,CZ,2022,04,1503,7199756215,0.179526994744386,0.498342399916809
cn,CZ,2022,05,344,380506521,0.0410893454371715,0.026337354654325
cn,CZ,2022,06,96,243769966,0.0114667940754897,0.0168729198956744
cn,CZ,2022,07,2885,3395407162,0.34460105112279,0.235018423301684
cn,CZ,2022,08,231,278261596,0.0275919732441472,0.0192603120736806
cn,CZ,2022,09,520,424578619,0.062111801242236,0.0293878739262041
cn,CZ,2022,10,146,127010372,0.017439082656474,0.0087912217728898
cn,CZ,2022,unresolved,1028,866692227,0.122790253225036,0.0599894595726147
cn,CZ,2023,01,1183,1063636306,0.128503150119487,0.0920935908916922
cn,CZ,2023,02,314,174768784,0.034108190310667,0.0151321319172181
cn,CZ,2023,03,275,176413775,0.0298718227243102,0.0152745613616813
cn,CZ,2023,04,1713,5639262757,0.186074299369976,0.488268362356855
cn,CZ,2023,05,423,387035414,0.0459482945904845,0.0335109669315037
cn,CZ,2023,06,116,398651313,0.0126004779491636,0.03451671470855
cn,CZ,2023,07,2972,1556849012,0.322832935042364,0.134797783022709
cn,CZ,2023,08,250,677032346,0.0271562024766457,0.0586199808536496
cn,CZ,2023,09,613,642124298,0.0665870084727352,0.0555975121082667
cn,CZ,2023,10,88,32997870,0.00955898327177927,0.00285707842326816
cn,CZ,2023,unresolved,1259,800743088,0.136758635672388,0.0693313174246069
cn,CZ,2024,01,2240,8493104512,0.210546103957139,0.156652002761777
cn,CZ,2024,02,300,633745902,0.0281981389228311,0.0116891961767453
cn,CZ,2024,03,399,488862466,0.0375035247673654,0.00901687766419908
cn,CZ,2024,04,2418,33814839082,0.227276999718019,0.623701528431459
cn,CZ,2024,05,466,1206458639,0.0438011091267976,0.0222526594111218
cn,CZ,2024,06,163,354035405,0.0153209888147382,0.00653004506932258
cn,CZ,2024,07,2928,5519337258,0.275213835886831,0.101802024708606
cn,CZ,2024,08,345,1151917481,0.0324278597612558,0.0212466690077806
cn,CZ,2024,09,1196,2332837943,0.112416580505687,0.043028286696964
cn,CZ,2024,10,94,217215185,0.00883541686248708,0.00400644943347189
cn,CZ,2024,unmapped,5,767824,0.000469968982047185,1.41622144409753e-05
cn,CZ,2024,unresolved,85,3258319,0.00798947269480214,6.00984241116509e-05
cn,CZ,2025,01,2486,9857699867,0.221095695482035,0.225944722507717
cn,CZ,2025,02,327,509076436,0.0290821771611526,0.0116683542427877
cn,CZ,2025,03,428,671810124,0.0380647456421202,0.0153983134091147
cn,CZ,2025,04,2324,20622013436,0.206688011383849,0.472669605101847
cn,CZ,2025,05,466,1458226428,0.0414443258626823,0.0334234730285158
cn,CZ,2025,06,128,454307727,0.0113838491639986,0.0104130207548473
cn,CZ,2025,07,3392,7962540193,0.301672002845962,0.182506462829796
cn,CZ,2025,08,367,764430757,0.0326396300249022,0.0175212369616699
cn,CZ,2025,09,1197,999014872,0.106456776947705,0.0228980534080529
cn,CZ,2025,10,99,315242304,0.00880469583778015,0.00722555320825058
cn,CZ,2025,unresolved,25,13038469,0.00222340803984347,0.000298849964989552
cn,CZ,2025,unmapped,5,1411592,0.000444681607968694,3.2354582411442e-05
cn,CZ,2026,01,1814,4696935263,0.233281893004115,0.167184390218808
cn,CZ,2026,02,251,296735573,0.0322788065843621,0.0105621118985888
cn,CZ,2026,03,324,385563746,0.0416666666666667,0.0137238935936106
cn,CZ,2026,04,1576,13533813063,0.202674897119342,0.481727372760896
cn,CZ,2026,05,328,620560289,0.0421810699588477,0.0220884444219926
cn,CZ,2026,06,116,675057757,0.014917695473251,0.0240282467496554
cn,CZ,2026,07,2278,6372060521,0.292952674897119,0.226809396551125
cn,CZ,2026,08,228,709781621,0.029320987654321,0.0252642203587898
cn,CZ,2026,09,780,620262406,0.100308641975309,0.0220778414681678
cn,CZ,2026,10,68,183282181,0.00874485596707819,0.0065238113690515
cn,CZ,2026,unresolved,12,288546,0.00154320987654321,1.02706093141391e-05
cn,CZ,2026,unmapped,1,0,0.000128600823045268,0
cn,DE,2016,01,8079,2822319492,0.257014697461348,0.199757770953581
cn,DE,2016,02,672,137193858,0.0213781255964879,0.0097102894765403
cn,DE,2016,03,1490,360023705,0.047400903480308,0.0254817121183847
cn,DE,2016,04,6048,3747107193,0.192403130368391,0.265212277532544
cn,DE,2016,05,1500,571606472,0.0477190303493033,0.0404570903588405
cn,DE,2016,06,1266,273289339,0.040274861614812,0.0193428381651193
cn,DE,2016,07,4042,3448224422,0.128586880447923,0.244057990684218
cn,DE,2016,08,1162,423154572,0.0369663421772603,0.0299499806138662
cn,DE,2016,09,3095,1079322069,0.0984602659540625,0.0763921204723932
cn,DE,2016,10,643,353152679,0.0204555576764013,0.0249953955118437
cn,DE,2016,unresolved,3437,913315578,0.109340204873704,0.0646425341126694
cn,DE,2017,01,10118,4188828685,0.271180080941277,0.234264448141296
cn,DE,2017,02,647,195041423,0.0173407306156361,0.010907887325974
cn,DE,2017,03,1823,534408928,0.0488595856449841,0.0298873556342879
cn,DE,2017,04,6987,3267873676,0.187263809600386,0.182759114987203
cn,DE,2017,05,1829,448539903,0.0490203961298277,0.0250850442325133
cn,DE,2017,06,1515,430335324,0.040604647423012,0.0240669348817176
cn,DE,2017,07,4500,3769659387,0.120607863632709,0.210821984469916
cn,DE,2017,08,1187,708654650,0.0318136742515612,0.0396322225111512
cn,DE,2017,09,3408,1164477226,0.0913403553911715,0.0651245575401222
cn,DE,2017,10,903,158556902,0.0242019779689636,0.00886745387297297
cn,DE,2017,unresolved,4394,3014393762,0.117766878400472,0.168582996402846
cn,DE,2018,01,12278,4790656369,0.296226597182011,0.232800129362612
cn,DE,2018,02,746,169775962,0.0179984558965451,0.00825019848470413
cn,DE,2018,03,1934,304393595,0.0466608762787107,0.0147918913056882
cn,DE,2018,04,7380,2605354536,0.178054429646786,0.126606215578529
cn,DE,2018,05,2022,493700624,0.0487840185292415,0.0239911945839676
cn,DE,2018,06,1595,713409553,0.0384819532908705,0.0346678666626201
cn,DE,2018,07,4783,6650933710,0.115397606639645,0.3231996012257
cn,DE,2018,08,1310,665461911,0.0316058675931287,0.0323378691840987
cn,DE,2018,09,3595,987226335,0.0867351862574793,0.0479738893370371
cn,DE,2018,10,958,585178561,0.0231132985910056,0.0284365302388541
cn,DE,2018,unresolved,4847,2612318238,0.116941710094576,0.126944614036188
cn,DE,2019,01,14679,6014920343,0.312991748224909,0.267663929575659
cn,DE,2019,02,834,183350199,0.0177828951576793,0.00815908307246872
cn,DE,2019,03,2246,664530974,0.047890146911448,0.0295716255049963
cn,DE,2019,04,7992,2658278650,0.170408750719632,0.118293388572324
cn,DE,2019,05,2249,815907208,0.0479541141602166,0.0363078672715158
cn,DE,2019,06,1574,235367684,0.0335614831872748,0.0104738609328183
cn,DE,2019,07,4890,2153570403,0.104266615492868,0.0958338737362752
cn,DE,2019,08,1373,912902146,0.0292756775197765,0.0406241415982808
cn,DE,2019,09,4194,3027851441,0.0894262137785454,0.134739376193495
cn,DE,2019,10,1091,348833859,0.0232627561355253,0.0155231052357398
cn,DE,2019,unresolved,5777,5456399362,0.123179598712126,0.242809748306427
cn,DE,2020,01,16895,6147953715,0.330374078491953,0.285490327964214
cn,DE,2020,02,819,176438436,0.0160151743287902,0.00819320855266604
cn,DE,2020,03,2208,713535699,0.0431764406812804,0.0331342020719303
cn,DE,2020,04,8836,3916828832,0.172783980914762,0.181884379691913
cn,DE,2020,05,2464,946284230,0.0481824048182405,0.043942262367872
cn,DE,2020,06,1741,388126440,0.0340444670408103,0.0180232886882075
cn,DE,2020,07,4814,1455560677,0.0941355912317409,0.0675913506041324
cn,DE,2020,08,1636,603033248,0.0319912395627603,0.0280028392739526
cn,DE,2020,09,4151,2540741702,0.0811709262989108,0.117983513767611
cn,DE,2020,10,1096,268768118,0.0214317839613602,0.0124806889757374
cn,DE,2020,unresolved,6479,4377446940,0.126693912669391,0.203273938041764
cn,DE,2021,01,18356,9291447926,0.332542256200294,0.292224679635442
cn,DE,2021,02,778,86494581,0.014094458232939,0.00272033502466263
cn,DE,2021,03,2195,516728943,0.0397652131379192,0.0162516058884637
cn,DE,2021,04,9538,6026637702,0.17279298538017,0.18954336135466
cn,DE,2021,05,2533,1150496661,0.0458885124730521,0.0361841901133172
cn,DE,2021,06,1655,570813206,0.0299824272178844,0.0179526062658396
cn,DE,2021,07,5508,6427157508,0.0997844163843548,0.202140081793515
cn,DE,2021,08,1657,314338675,0.030018659758329,0.00988624370824508
cn,DE,2021,09,4608,1913045921,0.0834797731842968,0.0601670736191471
cn,DE,2021,10,1340,426063849,0.0242758020978641,0.0134001043507832
cn,DE,2021,unresolved,7031,5072337051,0.127375495932897,0.159529718245924
cn,DE,2022,01,19837,8872206219,0.340765808324601,0.26763096572307
cn,DE,2022,02,865,346433925,0.0148592238846993,0.0104502131283231
cn,DE,2022,03,2480,896964306,0.0426021679006408,0.027057015753288
cn,DE,2022,04,9586,5979795416,0.164671121570783,0.180381111812215
cn,DE,2022,05,2771,762028067,0.0476010513115627,0.0229866509462492
cn,DE,2022,06,1837,831837136,0.0315565251747891,0.0250924483197016
cn,DE,2022,07,5903,3494218180,0.10140346657963,0.105403432120169
cn,DE,2022,08,1828,523278242,0.0314019205332142,0.0157847391946797
cn,DE,2022,09,4491,1194700225,0.0771477161458781,0.036038248782089
cn,DE,2022,10,1081,963987399,0.018569735282497,0.0290787738890405
cn,DE,2022,unresolved,7534,9285446541,0.129421263291705,0.280096400331175
cn,DE,2023,01,24183,9487370935,0.363561194882511,0.294233809145964
cn,DE,2023,02,920,134608281,0.0138310507088414,0.00417463463087631
cn,DE,2023,03,2740,586462740,0.0411924771111145,0.018188090999562
cn,DE,2023,04,11311,7132128113,0.170046754964896,0.221190173377047
cn,DE,2023,05,3265,1175707360,0.0490851962656163,0.0364624570224781
cn,DE,2023,06,2203,1685161489,0.0331193529473668,0.0522622639434678
cn,DE,2023,07,6645,2247821231,0.0998992738698378,0.0697121476126094
cn,DE,2023,08,2007,595838001,0.0301727377963528,0.0184788479199635
cn,DE,2023,09,5021,2298813846,0.0754844626185787,0.0712935921932585
cn,DE,2023,10,1306,244710690,0.0196340785062465,0.00758926355370095
cn,DE,2023,unresolved,6914,6655703561,0.103943352827097,0.206414719601072
cn,DE,2023,unmapped,2,0,3.00675015409595e-05,0
cn,DE,2024,01,30571,13713309342,0.437378390751974,0.40880880768075
cn,DE,2024,02,813,293718287,0.0116315668993934,0.00875606461634666
cn,DE,2024,03,2954,1502864957,0.0422627904314982,0.0448020544023363
cn,DE,2024,04,13016,7935682442,0.186219526153142,0.236571406386282
cn,DE,2024,05,3585,1026890436,0.0512904887261074,0.0306127313466335
cn,DE,2024,06,2379,5196614632,0.0340362824768227,0.154916787677045
cn,DE,2024,07,6913,1010872151,0.0989040860707337,0.0301352086838956
cn,DE,2024,08,2494,555151301,0.0356815840677578,0.0165496697977301
cn,DE,2024,09,5586,1645310988,0.0799187364083782,0.0490485269816147
cn,DE,2024,10,1544,612489095,0.0220899622295983,0.0182589723895117
cn,DE,2024,unresolved,35,51650900,0.00050074396245851,0.0015397700378542
cn,DE,2024,unmapped,6,0,8.58418221357445e-05,0
cn,DE,2025,01,30656,12858710538,0.443281229665833,0.41056722674697
cn,DE,2025,02,824,80633362,0.0119149182295357,0.00257455175787584
cn,DE,2025,03,2907,599501157,0.0420347904044421,0.0191415404160247
cn,DE,2025,04,12914,6992293748,0.186734531573087,0.223257739898005
cn,DE,2025,05,3555,4364265733,0.0514047746432031,0.139347135429284
cn,DE,2025,06,2160,3555055726,0.0312332807958703,0.113509777363864
cn,DE,2025,07,6360,1231631279,0.0919646601211736,0.0393248947551551
cn,DE,2025,08,2412,356564015,0.0348771635553885,0.0113847728637871
cn,DE,2025,09,5788,962687305,0.0836936246511561,0.0307377521152164
cn,DE,2025,10,1526,305218807,0.0220657344881935,0.00974536589580151
cn,DE,2025,unmapped,7,0,0.000101218965542172,0
cn,DE,2025,unresolved,48,12817229,0.000694072906574895,0.000409242758016802
cn,DE,2026,01,23345,10196608972,0.442466973711643,0.49820591731947
cn,DE,2026,02,663,56899435,0.0125660999601979,0.00278010417845555
cn,DE,2026,03,2022,454983000,0.0383237618695627,0.0222304516631183
cn,DE,2026,04,10107,5382159154,0.191561949166998,0.262972086685012
cn,DE,2026,05,2907,635958665,0.0550975152100984,0.0310729156078881
cn,DE,2026,06,1607,799498332,0.0304581035234359,0.0390634573693297
cn,DE,2026,07,4777,1100772789,0.0905403612516821,0.0537837156068258
cn,DE,2026,08,1893,422770944,0.0358787740945016,0.0206565718612847
cn,DE,2026,09,4378,936101790,0.0829779572032372,0.045737897007918
cn,DE,2026,10,1028,474678606,0.0194840886260685,0.0231927782053382
cn,DE,2026,unresolved,31,5994002,0.000587555201758875,0.000292866704315622
cn,DE,2026,unmapped,3,230000,5.6860180815375e-05,1.1237791043879e-05
cn,DK,2016,01,477,1215176842,0.216326530612245,0.240018314757708
cn,DK,2016,04,402,1233036197,0.182312925170068,0.243545844366242
cn,DK,2016,05,198,137836185,0.0897959183673469,0.0272250158930627
cn,DK,2016,06,204,666774179,0.0925170068027211,0.131699361966227
cn,DK,2016,07,376,442623142,0.170521541950113,0.087425679081203
cn,DK,2016,08,67,141203462,0.0303854875283447,0.0278901109828705
cn,DK,2016,09,186,243307060,0.0843537414965986,0.0480573267128247
cn,DK,2016,10,56,96716340,0.0253968253968254,0.0191031396698831
cn,DK,2016,unresolved,125,165039972,0.0566893424036281,0.0325982314490975
cn,DK,2016,02,71,694099554,0.0321995464852608,0.137096593242317
cn,DK,2016,03,43,27037555,0.0195011337868481,0.00534038187856516
cn,DK,2017,01,574,1398083211,0.211262421788738,0.20852634431905
cn,DK,2017,02,73,111256216,0.0268678689731321,0.0165940423450594
cn,DK,2017,03,84,85046258,0.0309164519690835,0.0126847852396925
cn,DK,2017,04,500,1299427370,0.184026499815974,0.193811668033983
cn,DK,2017,05,265,275144014,0.097534044902466,0.0410381692228829
cn,DK,2017,06,270,1153720529,0.0993743099006257,0.172079259936275
cn,DK,2017,07,463,1380526658,0.170408538829591,0.205907756393003
cn,DK,2017,08,65,100156007,0.0239234449760766,0.0149384284404394
cn,DK,2017,09,177,253480656,0.0651453809348546,0.037807044770581
cn,DK,2017,10,55,199517752,0.0202429149797571,0.0297583914347676
cn,DK,2017,unresolved,191,448229258,0.0702981229297019,0.0668541098642664
cn,DK,2018,01,589,825289433,0.217343173431734,0.127783287557046
cn,DK,2018,02,65,88988622,0.0239852398523985,0.0137785099622514
cn,DK,2018,03,100,602878630,0.03690036900369,0.09334641915776
cn,DK,2018,04,440,1671434828,0.162361623616236,0.258795797836401
cn,DK,2018,05,292,295784422,0.107749077490775,0.0457976369743737
cn,DK,2018,06,265,1414392953,0.0977859778597786,0.218996844264525
cn,DK,2018,07,439,658186790,0.161992619926199,0.101910031183956
cn,DK,2018,08,72,92510599,0.0265682656826568,0.014323833556332
cn,DK,2018,09,234,551053400,0.0863468634686347,0.0853220849024103
cn,DK,2018,10,31,61823109,0.0114391143911439,0.0095723509827341
cn,DK,2018,unresolved,183,196165590,0.0675276752767528,0.0303732036222105
cn,DK,2019,01,561,993454529,0.195948305972756,0.148783854212512
cn,DK,2019,02,70,101190716,0.0244498777506113,0.0151547396458683
cn,DK,2019,03,56,99060634,0.019559902200489,0.0148357297662035
cn,DK,2019,04,511,1736060958,0.178484107579462,0.259999660718347
cn,DK,2019,05,341,473073684,0.119105833042263,0.0708494691779012
cn,DK,2019,06,253,1051516021,0.0883688438700664,0.157479383105801
cn,DK,2019,07,511,1134416528,0.178484107579462,0.169894905495182
cn,DK,2019,08,79,127318454,0.0275934334614041,0.0190677376221397
cn,DK,2019,09,204,442413661,0.0712539294446385,0.0662576974772114
cn,DK,2019,10,60,51735245,0.0209570380719525,0.00774808400891449
cn,DK,2019,unresolved,217,466925814,0.0757946210268949,0.0699287387699194
cn,DK,2020,01,536,710138939,0.195763330898466,0.0767338291666532
cn,DK,2020,02,54,136272169,0.0197224251278305,0.0147248443395318
cn,DK,2020,03,66,176401348,0.0241051862673484,0.0190609895596773
cn,DK,2020,04,519,3100374393,0.189554419284149,0.33500993391538
cn,DK,2020,05,338,895657125,0.123447772096421,0.0967799356537548
cn,DK,2020,06,238,1420396228,0.0869247626004383,0.153480446603577
cn,DK,2020,07,448,985670291,0.163623082542001,0.106506278659702
cn,DK,2020,08,52,113644658,0.0189919649379109,0.0122798360908846
cn,DK,2020,09,219,491092298,0.0799853907962016,0.0530648165172522
cn,DK,2020,10,60,310024453,0.0219138056975895,0.0334995901611686
cn,DK,2020,unresolved,208,914902602,0.0759678597516435,0.0988594993324179
cn,DK,2021,01,601,1651945781,0.209407665505227,0.161204435341418
cn,DK,2021,02,63,131732394,0.0219512195121951,0.0128550503504347
cn,DK,2021,03,44,120223208,0.0153310104529617,0.0117319312676485
cn,DK,2021,04,479,2460790817,0.166898954703833,0.240135238523202
cn,DK,2021,05,388,886004249,0.135191637630662,0.0864603525811132
cn,DK,2021,06,324,1299513815,0.112891986062718,0.126812509935184
cn,DK,2021,07,447,1216324966,0.155749128919861,0.118694561038804
cn,DK,2021,08,70,128339888,0.024390243902439,0.0125239940770313
cn,DK,2021,09,166,239772789,0.0578397212543554,0.0233981269273765
cn,DK,2021,10,70,220737065,0.024390243902439,0.0215405337944605
cn,DK,2021,unresolved,218,1892135684,0.0759581881533101,0.184643266163327
cn,DK,2022,01,629,2566105646,0.20772787318362,0.191604438946249
cn,DK,2022,02,77,261479064,0.0254293262879789,0.0195239620909631
cn,DK,2022,03,46,482924473,0.0151915455746367,0.0360587152157249
cn,DK,2022,04,603,4559634086,0.199141347424042,0.340456026122715
cn,DK,2022,05,396,1383733922,0.130779392338177,0.103319815452252
cn,DK,2022,06,309,1682444109,0.102047556142668,0.12562372872912
cn,DK,2022,07,444,600866844,0.14663143989432,0.0448651655108135
cn,DK,2022,08,68,300074250,0.0224570673712021,0.0224057643157013
cn,DK,2022,09,178,293390767,0.0587846763540291,0.0219067260113283
cn,DK,2022,10,54,127235060,0.0178335535006605,0.00950031122981765
cn,DK,2022,unresolved,224,1134837230,0.0739762219286658,0.0847353463753164
cn,DK,2023,01,685,1972317034,0.224811289793239,0.165867349383148
cn,DK,2023,02,54,123907425,0.0177223498523138,0.0104203309099653
cn,DK,2023,03,51,157535396,0.0167377748605185,0.013248366321489
cn,DK,2023,04,665,4792018663,0.218247456514605,0.402997804168632
cn,DK,2023,05,338,1440658340,0.110928782408927,0.121156069791631
cn,DK,2023,06,256,1342671038,0.0840170659665244,0.112915561913958
cn,DK,2023,07,478,960783829,0.15687561535937,0.0807997214946845
cn,DK,2023,08,80,81777321,0.0262553331145389,0.0068772855682414
cn,DK,2023,09,180,367206894,0.0590744995077125,0.0308812595201664
cn,DK,2023,10,58,112864601,0.0190351165080407,0.00949165468042936
cn,DK,2023,unresolved,202,539189418,0.0662947161142107,0.045344596247655
cn,DK,2024,01,794,4525652674,0.266980497646268,0.250831171409282
cn,DK,2024,02,56,284299283,0.0188298587760592,0.0157570912578849
cn,DK,2024,03,42,46451963,0.0141223940820444,0.00257456794253995
cn,DK,2024,04,619,7474684679,0.208137188971083,0.414279231970195
cn,DK,2024,05,315,852052944,0.105917955615333,0.0472244454980124
cn,DK,2024,06,277,2106969977,0.0931405514458642,0.116777354676665
cn,DK,2024,07,498,1705901467,0.167451244115669,0.0945484097210289
cn,DK,2024,08,120,369505060,0.0403496973772697,0.0204795625554576
cn,DK,2024,09,157,155889115,0.0527908540685945,0.00864004645121077
cn,DK,2024,10,52,381967685,0.0174848688634835,0.0211702949321474
cn,DK,2024,unresolved,44,139249794,0.0147948890383322,0.00771782358557575
cn,DK,2025,01,864,4371853852,0.2771007055805,0.224188209023463
cn,DK,2025,02,45,200123083,0.0144323284156511,0.0102622907994739
cn,DK,2025,03,54,261581660,0.0173187940987813,0.0134138802105557
cn,DK,2025,04,628,8075874324,0.201411161000641,0.414129992055401
cn,DK,2025,05,379,1723326979,0.121552277100706,0.0883720275340589
cn,DK,2025,06,274,1831172466,0.0878768441308531,0.0939023328462396
cn,DK,2025,07,520,1373263368,0.166773572803079,0.0704208021154705
cn,DK,2025,08,95,201185312,0.0304682488774856,0.0103167617916764
cn,DK,2025,09,176,404959350,0.0564464400256575,0.0207662731823191
cn,DK,2025,10,41,363495020,0.0131494547787043,0.0186399866696065
cn,DK,2025,unresolved,42,693984326,0.013470173187941,0.0355874437717355
cn,DK,2026,01,624,4108824087,0.275375110326567,0.304403474807645
cn,DK,2026,02,36,300728453,0.0158870255957635,0.0222795583671644
cn,DK,2026,03,42,496679809,0.0185348631950574,0.0367966738232367
cn,DK,2026,04,412,4845985107,0.181818181818182,0.35901627185844
cn,DK,2026,05,272,549322572,0.120035304501324,0.0406967288368783
cn,DK,2026,06,239,1212207884,0.105472197705207,0.089806787602884
cn,DK,2026,07,372,1073436779,0.164165931156222,0.079525888330864
cn,DK,2026,08,72,105421558,0.0317740511915269,0.00781018799913293
cn,DK,2026,09,111,166360467,0.0489849955869373,0.0123248654975631
cn,DK,2026,10,55,563310035,0.0242718446601942,0.0417329942624083
cn,DK,2026,unresolved,31,75677205,0.0136804942630185,0.00560656861378317
cn,EE,2016,01,138,20897100,0.143153526970954,0.156878160416922
cn,EE,2016,02,57,5598000,0.0591286307053942,0.0420251586111915
cn,EE,2016,04,252,47115014,0.261410788381743,0.353700595984013
cn,EE,2016,05,44,4849833,0.045643153526971,0.0364085389536961
cn,EE,2016,07,179,2690700,0.185684647302905,0.0201995523892699
cn,EE,2016,08,25,7450000,0.0259336099585062,0.0559284443825253
cn,EE,2016,09,103,5077500,0.106846473029046,0.0381176746781573
cn,EE,2016,unresolved,111,33571722,0.115145228215768,0.252028749892967
cn,EE,2016,03,27,3524386,0.0280082987551867,0.0264581780380605
cn,EE,2016,06,15,2431667,0.0155601659751037,0.0182549466531976
cn,EE,2016,10,13,0,0.0134854771784232,0
cn,EE,2017,01,174,42061684,0.153439153439153,0.154409269627177
cn,EE,2017,02,41,30786000,0.0361552028218695,0.113016011787409
cn,EE,2017,03,20,406666,0.017636684303351,0.00149287888811598
cn,EE,2017,04,238,117746182,0.209876543209877,0.432248551056793
cn,EE,2017,07,217,10286200,0.191358024691358,0.0377608426053287
cn,EE,2017,08,46,13073000,0.0405643738977072,0.047991240242214
cn,EE,2017,09,205,34121147,0.180776014109347,0.12525940205132
cn,EE,2017,unresolved,125,4175000,0.110229276895944,0.0153265071530057
cn,EE,2017,05,41,19468000,0.0361552028218695,0.0714674110789737
cn,EE,2017,10,14,0,0.0123456790123457,0
cn,EE,2017,06,13,280000,0.0114638447971781,0.00102788550966266
cn,EE,2018,01,176,52212848,0.132132132132132,0.144168025640573
cn,EE,2018,02,85,34007166,0.0638138138138138,0.0938992253372433
cn,EE,2018,03,26,4466365,0.0195195195195195,0.012332348234292
cn,EE,2018,04,328,173722043,0.246246246246246,0.479674350450233
cn,EE,2018,05,34,10015500,0.0255255255255255,0.0276543976456362
cn,EE,2018,07,202,25259400,0.151651651651652,0.0697452440607242
cn,EE,2018,08,47,27425000,0.0352852852852853,0.0757248120844264
cn,EE,2018,09,250,6597536,0.187687687687688,0.0182168522815037
cn,EE,2018,10,40,1181864,0.03003003003003,0.0032633155627839
cn,EE,2018,unresolved,123,14285665,0.0923423423423423,0.0394450062944783
cn,EE,2018,06,21,12993243,0.0157657657657658,0.0358764224081054
cn,EE,2019,01,149,40313554,0.112878787878788,0.106343831073016
cn,EE,2019,02,70,7031666,0.053030303030303,0.0185489550553114
cn,EE,2019,03,16,380400,0.0121212121212121,0.00100346383105233
cn,EE,2019,04,306,198667716,0.231818181818182,0.524069052060403
cn,EE,2019,05,34,2967797,0.0257575757575758,0.00782880375238072
cn,EE,2019,07,286,22686822,0.216666666666667,0.0598459656112576
cn,EE,2019,08,45,9830423,0.0340909090909091,0.0259318452272476
cn,EE,2019,09,208,35193569,0.157575757575758,0.0928377328526411
cn,EE,2019,10,22,1744950,0.0166666666666667,0.0046030342060851
cn,EE,2019,unresolved,156,37730410,0.118181818181818,0.0995297102149719
cn,EE,2019,06,28,22539600,0.0212121212121212,0.0594576061156341
cn,EE,2020,01,169,63248418,0.114421123899797,0.130480142937197
cn,EE,2020,02,76,7625000,0.051455653351388,0.0157302130449512
cn,EE,2020,03,7,0,0.004739336492891,0
cn,EE,2020,04,301,321594232,0.203791469194313,0.663442069952453
cn,EE,2020,05,44,29132452,0.029790115098172,0.060099629702533
cn,EE,2020,06,33,3745400,0.022342586323629,0.00772668064768002
cn,EE,2020,07,337,20299570,0.228165199729181,0.0418775817470032
cn,EE,2020,08,30,11395705,0.02031144211239,0.0235090973701528
cn,EE,2020,09,233,11662955,0.157752200406229,0.0240604284437611
cn,EE,2020,10,60,304600,0.04062288422478,0.00062838333029405
cn,EE,2020,unresolved,187,15727633,0.126607989167231,0.0324457728239744
cn,EE,2021,01,212,48226888,0.130301167793485,0.0655682547920292
cn,EE,2021,02,64,61104167,0.0393362015980332,0.0830759303961455
cn,EE,2021,04,366,429415407,0.224953902888752,0.583824086219267
cn,EE,2021,05,35,760000,0.0215119852489244,0.00103327989236922
cn,EE,2021,06,36,2875994,0.0221266133988937,0.0039101404878612
cn,EE,2021,07,338,89125757,0.207744314689613,0.121173490263533
cn,EE,2021,08,36,6045000,0.0221266133988937,0.00821865388075251
cn,EE,2021,09,229,13750140,0.140749846342963,0.0186943989200811
cn,EE,2021,10,47,47261900,0.0288875230485556,0.0642562775594272
cn,EE,2021,unresolved,243,29233487,0.149354640442532,0.039745229343338
cn,EE,2021,03,21,7723170,0.0129071911493546,0.0105002582451963
cn,EE,2022,01,210,122802043,0.119589977220957,0.103134973376536
cn,EE,2022,02,77,189434000,0.0438496583143508,0.159095647509795
cn,EE,2022,03,26,8064106,0.0148063781321185,0.00677261825045992
cn,EE,2022,04,425,635422711,0.242027334851936,0.53365809542624
cn,EE,2022,05,62,29301464,0.0353075170842825,0.0246087576045744
cn,EE,2022,07,364,28320670,0.207289293849658,0.0237850403389108
cn,EE,2022,08,54,5974465,0.030751708428246,0.00501763874330695
cn,EE,2022,09,231,34800110,0.131548974943052,0.0292267810100726
cn,EE,2022,10,38,8476998,0.0216400911161731,0.00711938451254388
cn,EE,2022,unresolved,250,126464303,0.142369020501139,0.106210712821668
cn,EE,2022,06,19,1631666,0.0108200455580866,0.00137035040589185
cn,EE,2023,01,182,94071305,0.13903743315508,0.0562378772461607
cn,EE,2023,02,63,341750000,0.0481283422459893,0.204305601467689
cn,EE,2023,04,316,1009220143,0.241405653170359,0.603333806375778
cn,EE,2023,05,39,11897404,0.0297937356760886,0.00711252752048014
cn,EE,2023,07,327,60136404,0.249809014514897,0.0359508535166757
cn,EE,2023,08,27,18056666,0.0206264323911383,0.0107946686397401
cn,EE,2023,09,159,61139490,0.121466768525592,0.0365505201986181
cn,EE,2023,10,30,14817000,0.0229182582123759,0.00885792566773005
cn,EE,2023,unresolved,98,9304785,0.0748663101604278,0.00556260335318955
cn,EE,2023,03,25,10121060,0.0190985485103132,0.00605059034613187
cn,EE,2023,06,43,42225000,0.0328495034377387,0.0252430256678074
cn,EE,2024,01,403,347209383,0.204257475924987,0.126192098165617
cn,EE,2024,02,69,274037000,0.0349721236695388,0.0995978383597174
cn,EE,2024,03,77,26837638,0.0390268626457172,0.00975405048033882
cn,EE,2024,04,408,1679784561,0.206791687785099,0.610512124952568
cn,EE,2024,05,62,82805728,0.0314242270653827,0.0300954670814625
cn,EE,2024,06,96,150257404,0.0486568677141409,0.0546105549102594
cn,EE,2024,07,456,46948910,0.231120121642169,0.0170634255569318
cn,EE,2024,08,63,42036875,0.031931069437405,0.0152781627349506
cn,EE,2024,09,262,55616658,0.132792701469843,0.0202136898068206
cn,EE,2024,10,77,45901060,0.0390268626457172,0.0166825879513339
cn,EE,2025,01,413,122596088,0.191736304549675,0.0556082894845144
cn,EE,2025,02,77,219980663,0.0357474466109564,0.0997809031973305
cn,EE,2025,03,81,8794677,0.0376044568245125,0.00398917251371676
cn,EE,2025,04,482,1295918450,0.223769730733519,0.587814909036276
cn,EE,2025,05,64,59042068,0.0297121634168988,0.02678085787785
cn,EE,2025,06,95,29141704,0.0441039925719592,0.013218368861036
cn,EE,2025,07,513,331630844,0.238161559888579,0.150424244981992
cn,EE,2025,08,44,53104174,0.0204271123491179,0.0240874919322713
cn,EE,2025,09,326,65850081,0.151346332404828,0.0298689006033106
cn,EE,2025,10,59,18578170,0.0273909006499536,0.00842686151170273
cn,EE,2026,01,302,264057309,0.196614583333333,0.158306546215056
cn,EE,2026,02,56,400356596,0.0364583333333333,0.24002013126316
cn,EE,2026,03,66,6629100,0.04296875,0.00397425062570122
cn,EE,2026,04,310,621802961,0.201822916666667,0.372780740495259
cn,EE,2026,05,58,115605450,0.0377604166666667,0.069307301443178
cn,EE,2026,06,77,48242282,0.0501302083333333,0.028922013459407
cn,EE,2026,07,381,51124506,0.248046875,0.0306499524760776
cn,EE,2026,08,34,18834297,0.0221354166666667,0.0112914598719121
cn,EE,2026,09,225,129485129,0.146484375,0.0776283892153163
cn,EE,2026,10,27,11874940,0.017578125,0.00711921493493301
cn,ES,2016,01,2629,4989321485,0.243719291740057,0.146603230937562
cn,ES,2016,02,214,412633034,0.0198386947251321,0.0121245616579002
cn,ES,2016,03,285,958866275,0.02642069157319,0.028174751692126
cn,ES,2016,04,1978,8568932339,0.183368869936034,0.251784369950808
cn,ES,2016,05,787,3079316355,0.0729581904143877,0.0904807854292587
cn,ES,2016,06,330,831841041,0.0305923797163252,0.0244423183801043
cn,ES,2016,07,2091,6535350324,0.193844442384352,0.192030815349883
cn,ES,2016,08,413,873390162,0.0382868267358858,0.0256631728388776
cn,ES,2016,09,628,2481163069,0.0582182256419765,0.0729050079238091
cn,ES,2016,10,365,2536123221,0.0338370260498748,0.0745199240762846
cn,ES,2016,unresolved,1066,2765883480,0.0988226569018263,0.0812710617633865
cn,ES,2016,unmapped,1,0,9.27041809585612e-05,0
cn,ES,2017,01,2986,6197502535,0.226606966684374,0.158027018051381
cn,ES,2017,02,236,289719309,0.0179099946877134,0.0073874077847677
cn,ES,2017,03,355,1168156239,0.0269408818395689,0.0297862317965613
cn,ES,2017,04,2401,10607779623,0.182211429005085,0.270482468139707
cn,ES,2017,05,937,3353267499,0.0711087500948623,0.0855032911407403
cn,ES,2017,06,405,1406378641,0.0307353722395082,0.0358605457009923
cn,ES,2017,07,2596,6659047149,0.197009941564848,0.169795713366339
cn,ES,2017,08,651,2146964399,0.0494042650072095,0.0547443716110468
cn,ES,2017,09,854,1740054887,0.0648098960309631,0.044368789441462
cn,ES,2017,10,631,3806995610,0.0478864688472338,0.0970726773543784
cn,ES,2017,unresolved,1125,1842127408,0.085376033998634,0.046971485612625
cn,ES,2018,01,3085,7092937199,0.233782964534707,0.150653599366948
cn,ES,2018,02,249,346785258,0.018869354349803,0.00736569997158039
cn,ES,2018,03,327,880929149,0.0247802364352834,0.0187108870924197
cn,ES,2018,04,2604,14761563088,0.197332525007578,0.313534795120281
cn,ES,2018,05,953,4127542929,0.0722188541982419,0.0876687867591884
cn,ES,2018,06,412,1239209500,0.031221582297666,0.0263207422125543
cn,ES,2018,07,2533,8171645759,0.191952106699,0.173565310365158
cn,ES,2018,08,702,2396608134,0.053197938769324,0.0509038260919763
cn,ES,2018,09,878,1809772017,0.0665353137314338,0.0384394589639214
cn,ES,2018,10,542,3835644784,0.0410730524401334,0.0814688860750282
cn,ES,2018,unresolved,911,2418462328,0.0690360715368293,0.0513680079809444
cn,ES,2019,01,3890,7346018979,0.244484947520583,0.14392645031419
cn,ES,2019,02,341,543799678,0.0214317139086167,0.0106543636165767
cn,ES,2019,03,552,1483390678,0.0346929796995789,0.0290632457286087
cn,ES,2019,04,2935,16460573907,0.184463578656276,0.322502838522669
cn,ES,2019,05,1101,5244442070,0.0691974105964427,0.102751426748459
cn,ES,2019,06,470,2199919111,0.0295393124253661,0.043101787448374
cn,ES,2019,07,2876,8409715310,0.180755452202879,0.164766858917913
cn,ES,2019,08,815,1618002473,0.0512224247376029,0.0317006195061822
cn,ES,2019,09,1058,2260166071,0.0664948777575263,0.0442821725140551
cn,ES,2019,10,724,3258941239,0.0455031110552448,0.063850617001217
cn,ES,2019,unresolved,1149,2215120495,0.0722141914398844,0.0433996196817561
cn,ES,2020,01,4348,7001658710,0.279830093963187,0.144822564968004
cn,ES,2020,02,282,332538740,0.018149053932295,0.00687824346668681
cn,ES,2020,03,506,1197250814,0.0325653237224868,0.0247639796475471
cn,ES,2020,04,2597,13510529628,0.167138627880036,0.279452289213791
cn,ES,2020,05,1177,5884172548,0.0757497747457845,0.121708440301238
cn,ES,2020,06,523,1923913700,0.0336594156262067,0.0397943013722078
cn,ES,2020,07,2495,8120307553,0.160574076457717,0.167960738571121
cn,ES,2020,08,814,1648987783,0.0523876946840005,0.034107723644668
cn,ES,2020,09,1070,2547249624,0.0688634315870768,0.0526874044338366
cn,ES,2020,10,750,3861767561,0.0482687604582314,0.0798769415446492
cn,ES,2020,unresolved,976,2318085864,0.0628137469429785,0.0479473728362508
cn,ES,2021,01,5260,10344780963,0.274515943844267,0.145531526124041
cn,ES,2021,02,399,415014371,0.0208235478315328,0.0058384682083712
cn,ES,2021,03,576,2306463282,0.0300610615312353,0.0324475813049195
cn,ES,2021,04,3127,21291772805,0.163196075361411,0.299535021696526
cn,ES,2021,05,1490,7212416081,0.0777621209748969,0.101465069493855
cn,ES,2021,06,644,2504527100,0.0336099368508951,0.0352339650675714
cn,ES,2021,07,3241,10222933120,0.169145660456135,0.143817357152254
cn,ES,2021,08,1092,3100608748,0.0569907624863003,0.0436197078143967
cn,ES,2021,09,1354,4353365233,0.0706643703355775,0.0612436250124432
cn,ES,2021,10,828,5896310304,0.0432127759511508,0.0829499474286772
cn,ES,2021,unresolved,1150,3434557130,0.0600177443765983,0.0483177306969441
cn,ES,2022,01,5799,12677316644,0.274210327217704,0.159006037128433
cn,ES,2022,02,483,498598036,0.0228390391526385,0.00625369705992961
cn,ES,2022,03,630,1645853730,0.029790051068659,0.0206432233767868
cn,ES,2022,04,3818,24521622871,0.180537166635143,0.307563988986662
cn,ES,2022,05,1688,7291567428,0.0798184225458672,0.0914549406423296
cn,ES,2022,06,690,3348536363,0.0326271987894836,0.0419992268247934
cn,ES,2022,07,3505,12332387880,0.165736712691507,0.154679746526454
cn,ES,2022,08,1126,3610731655,0.0532438055608095,0.0452878276782227
cn,ES,2022,09,1359,3843363351,0.0642613958766787,0.0482056252792579
cn,ES,2022,10,853,5146240865,0.0403347834310573,0.0645470480095115
cn,ES,2022,unresolved,1197,4812305156,0.0566010970304521,0.06035863848762
cn,ES,2023,01,6212,10802415565,0.282762073831308,0.156319949640752
cn,ES,2023,02,575,700943543,0.0261732441167099,0.010143236823603
cn,ES,2023,03,683,1335294496,0.0310892621421093,0.019322823410589
cn,ES,2023,04,3764,23489917787,0.171332331922254,0.339918673136996
cn,ES,2023,05,1604,7223485705,0.0730119714142656,0.104529853979589
cn,ES,2023,06,636,2109593569,0.0289498839273522,0.0305275758448878
cn,ES,2023,07,3696,8964006479,0.168237061313669,0.129716639111416
cn,ES,2023,08,1126,2172099547,0.0512540397833311,0.0314320894024724
cn,ES,2023,09,1491,3812626476,0.0678683599617643,0.055171880320762
cn,ES,2023,10,1024,5333283500,0.0466111338704538,0.0771770538842302
cn,ES,2023,unresolved,1157,3160856395,0.0526651190313624,0.0457402244447025
cn,ES,2023,unmapped,1,0,4.55186854203651e-05,0
cn,ES,2024,01,8718,21135570707,0.371405444553317,0.237797771711407
cn,ES,2024,02,654,1213284949,0.0278617986622928,0.0136507530987859
cn,ES,2024,03,753,2866182834,0.0320794103864014,0.0322476218263154
cn,ES,2024,04,2984,20768421997,0.12712478166404,0.233666956114561
cn,ES,2024,05,1858,12536468852,0.0791547735696332,0.141048680419484
cn,ES,2024,06,702,3002887327,0.0299067013164061,0.0337856935570953
cn,ES,2024,07,3711,13650907279,0.15809653644613,0.153587304444545
cn,ES,2024,08,1413,3416912344,0.0601968218804584,0.0384439177347263
cn,ES,2024,09,1413,3739757813,0.0601968218804584,0.0420762744947876
cn,ES,2024,10,1166,6424702553,0.0496740936395007,0.0722847739572035
cn,ES,2024,unresolved,98,124480042,0.00417500958548119,0.0014005335848508
cn,ES,2024,unmapped,3,863834,0.000127806415882077,9.71905623823623e-06
cn,ES,2025,01,9041,20768726921,0.372088237715038,0.215447322114985
cn,ES,2025,02,732,1283879287,0.0301259362910528,0.0133185031203505
cn,ES,2025,03,759,2543883447,0.0312371388591654,0.0263893342386148
cn,ES,2025,04,2995,24132622123,0.123261173759157,0.25034316411354
cn,ES,2025,05,2006,11346168245,0.0825582352456992,0.117701078835969
cn,ES,2025,06,830,3446887042,0.0341591900567948,0.0357567695726621
cn,ES,2025,07,3682,15420180004,0.151535105770022,0.15996341523628
cn,ES,2025,08,1514,3672510264,0.0623096551156474,0.0380973039333746
cn,ES,2025,09,1444,4695542317,0.0594287595686888,0.0487098714294488
cn,ES,2025,10,1200,8852769263,0.0493867808050045,0.091835452325518
cn,ES,2025,unresolved,89,227870704,0.0036628529097045,0.00236384893267654
cn,ES,2025,unmapped,6,7127309,0.000246933904025023,7.39361465812029e-05
cn,ES,2026,01,6545,19451281574,0.367552086258213,0.247401625734165
cn,ES,2026,02,504,462467495,0.0283034761610603,0.00588214250443748
cn,ES,2026,03,600,1517469257,0.0336946144774527,0.0193007519712858
cn,ES,2026,04,2120,16282737712,0.119054304487,0.207100790044416
cn,ES,2026,05,1375,10560089086,0.0772168248441624,0.13431419404602
cn,ES,2026,06,627,4002567193,0.0352108721289381,0.0509088116837537
cn,ES,2026,07,2760,11682595462,0.154995226596282,0.148591397389299
cn,ES,2026,08,1162,4584947330,0.0652552367046667,0.0583161278619163
cn,ES,2026,09,1191,4068555547,0.0668838097377436,0.0517481201888007
cn,ES,2026,10,851,5922560018,0.0477901948671871,0.0753292769623945
cn,ES,2026,unresolved,67,83803512,0.00376256528331555,0.00106590020982196
cn,ES,2026,unmapped,5,3212617,0.000280788453978772,4.08614036888764e-05
cn,FI,2016,01,820,1429381101,0.226519337016575,0.253219862218849
cn,FI,2016,02,59,31160154,0.0162983425414365,0.00552013028371369
cn,FI,2016,03,66,37255868,0.018232044198895,0.00660000734248104
cn,FI,2016,04,736,1638134930,0.203314917127072,0.290201333276537
cn,FI,2016,05,187,146468000,0.0516574585635359,0.0259473185657227
cn,FI,2016,06,265,560781500,0.0732044198895028,0.0993444044177827
cn,FI,2016,07,596,954059449,0.164640883977901,0.169014968824868
cn,FI,2016,08,107,41716000,0.0295580110497238,0.00739013532845186
cn,FI,2016,09,204,112039881,0.056353591160221,0.0198482568504565
cn,FI,2016,10,80,239557000,0.0220994475138122,0.0424383605541745
cn,FI,2016,unresolved,500,454268322,0.138121546961326,0.0804752223369629
cn,FI,2017,01,901,1272417145,0.237982039091389,0.219319356739396
cn,FI,2017,02,58,56489401,0.0153195985208664,0.00973675900124231
cn,FI,2017,03,73,42296962,0.0192815636555732,0.00729048844895176
cn,FI,2017,04,740,1384648646,0.195456946645536,0.238664066689227
cn,FI,2017,05,168,103841700,0.0443740095087163,0.01789860733661
cn,FI,2017,06,269,510262905,0.0710512414157422,0.0879511349971439
cn,FI,2017,07,765,1471191700,0.202060221870048,0.253581004116648
cn,FI,2017,08,119,71272000,0.0314315900686741,0.0122847520995406
cn,FI,2017,09,241,170504000,0.0636555731642895,0.0293888114824906
cn,FI,2017,10,102,250635000,0.0269413629160063,0.0432005393768712
cn,FI,2017,unresolved,350,468104215,0.092445853143159,0.0806844797118793
cn,FI,2018,01,980,1675106700,0.227801022780102,0.283518077110025
cn,FI,2018,02,61,52536223,0.0141794514179451,0.00889195232971337
cn,FI,2018,03,77,90516000,0.0178986517898652,0.0153201717046986
cn,FI,2018,04,882,976455507,0.205020920502092,0.165268748389661
cn,FI,2018,05,157,189921000,0.0364946536494654,0.032144839921429
cn,FI,2018,06,302,318820740,0.0701999070199907,0.0539616032504648
cn,FI,2018,07,926,1461262010,0.215248721524872,0.24732406313528
cn,FI,2018,08,114,121365432,0.0264993026499303,0.0205415535071691
cn,FI,2018,09,268,265690160,0.0622966062296606,0.044969053774458
cn,FI,2018,10,102,163972600,0.0237099023709902,0.0277529761242859
cn,FI,2018,unresolved,433,592642500,0.100650860065086,0.100306960752815
cn,FI,2019,01,990,1914212610,0.218736190897039,0.261336268463699
cn,FI,2019,02,74,82080803,0.0163499779054353,0.0112060126740697
cn,FI,2019,03,66,111114000,0.0145824127264693,0.01516974550391
cn,FI,2019,04,885,2198267282,0.195536897923111,0.300116593926167
cn,FI,2019,05,187,131186500,0.0413168360583297,0.017910126703644
cn,FI,2019,06,294,518931000,0.0649580203269996,0.0708466188247165
cn,FI,2019,07,936,1257455700,0.206805125939019,0.17167308306281
cn,FI,2019,08,132,32320000,0.0291648254529386,0.0044124608481953
cn,FI,2019,09,325,187851989,0.0718073353954927,0.0256463349850902
cn,FI,2019,10,105,35160000,0.0231992929739284,0.00480018946233128
cn,FI,2019,unresolved,532,856131000,0.117543084401237,0.116882565545368
cn,FI,2020,01,1217,3178251316,0.238253719655442,0.401088921044445
cn,FI,2020,02,78,66880878,0.0152701644479248,0.00844023223100119
cn,FI,2020,03,61,115300000,0.0119420516836335,0.0145506280021389
cn,FI,2020,04,1001,1276999621,0.195967110415035,0.161154782689015
cn,FI,2020,05,226,236145500,0.0442443226311668,0.0298010869460459
cn,FI,2020,06,276,285711600,0.0540328895849648,0.0360562290329221
cn,FI,2020,07,1043,1444484645,0.204189506656226,0.182291055717231
cn,FI,2020,08,67,20569563,0.0131166797180893,0.00259583746209506
cn,FI,2020,09,358,84760050,0.0700861393891934,0.0106965477622957
cn,FI,2020,10,134,459942400,0.0262333594361785,0.0580438054190024
cn,FI,2020,unresolved,647,755011037,0.126664056382146,0.0952808736938087
cn,FI,2021,01,1178,4775739818,0.219162790697674,0.48009953947417
cn,FI,2021,02,93,42667500,0.0173023255813953,0.00428931388249135
cn,FI,2021,03,75,39976800,0.013953488372093,0.00401882095781521
cn,FI,2021,04,982,1626299516,0.182697674418605,0.16348998865806
cn,FI,2021,05,209,108748836,0.0388837209302326,0.0109323933194955
cn,FI,2021,06,326,276234651,0.0606511627906977,0.027769546454783
cn,FI,2021,07,1162,1821069190,0.216186046511628,0.183069956234705
cn,FI,2021,08,89,16931200,0.0165581395348837,0.00170207373779194
cn,FI,2021,09,372,176824100,0.0692093023255814,0.0177759200067742
cn,FI,2021,10,145,170492000,0.0269767441860465,0.0171393613981067
cn,FI,2021,unresolved,744,892411513,0.138418604651163,0.0897130858758074
cn,FI,2022,01,1140,2488818454,0.212290502793296,0.347032412368345
cn,FI,2022,02,69,75817940,0.0128491620111732,0.0105717966598613
cn,FI,2022,03,89,64752000,0.0165735567970205,0.00902879948095848
cn,FI,2022,04,925,1966643090,0.172253258845438,0.27422204889768
cn,FI,2022,05,247,143583950,0.0459962756052142,0.0200208594828572
cn,FI,2022,06,335,431015500,0.0623836126629423,0.0600993409112469
cn,FI,2022,07,1191,958056775,0.221787709497207,0.133588190524598
cn,FI,2022,08,99,26214600,0.0184357541899441,0.00365527500113563
cn,FI,2022,09,349,98694500,0.0649906890130354,0.0137616266736696
cn,FI,2022,10,118,43264200,0.0219739292364991,0.0060326134560181
cn,FI,2022,unresolved,808,874856575,0.150465549348231,0.12198703654363
cn,FI,2023,01,1248,1585153421,0.237262357414449,0.164541139150066
cn,FI,2023,02,73,78966819,0.0138783269961977,0.00819686610846805
cn,FI,2023,03,110,149560000,0.0209125475285171,0.0155245368967247
cn,FI,2023,04,1054,2271482397,0.200380228136882,0.235783045483332
cn,FI,2023,05,264,168829000,0.0501901140684411,0.0175246860105452
cn,FI,2023,06,359,514716008,0.0682509505703422,0.0534282405558361
cn,FI,2023,07,1015,3259714234,0.192965779467681,0.338362890468786
cn,FI,2023,08,144,54765040,0.0273764258555133,0.00568468764462827
cn,FI,2023,09,301,174140216,0.0572243346007605,0.0180759976497433
cn,FI,2023,10,97,622401600,0.0184410646387833,0.0646061554144189
cn,FI,2023,unresolved,595,754053000,0.113117870722433,0.0782717546174509
cn,FI,2024,01,1587,3851583295,0.279155672823219,0.275809255292938
cn,FI,2024,02,77,92206668,0.0135444151275286,0.00660285666602031
cn,FI,2024,03,97,238316100,0.0170624450307828,0.017065653532833
cn,FI,2024,04,1225,1848505611,0.215479331574318,0.132370227235272
cn,FI,2024,05,263,182784397,0.0462620932277924,0.0130890661202068
cn,FI,2024,06,442,500501725,0.0777484608619173,0.0358405874862641
cn,FI,2024,07,1211,4211844480,0.21301671064204,0.301607313269457
cn,FI,2024,08,224,148428759,0.0394019349164468,0.0106288822928974
cn,FI,2024,09,357,157804100,0.0627968337730871,0.0113002440735667
cn,FI,2024,10,149,2366456000,0.0262093227792436,0.169460301661088
cn,FI,2024,unresolved,53,366231838,0.00932277924362357,0.0262256123694565
cn,FI,2025,01,1638,3365626160,0.285117493472585,0.31875995081149
cn,FI,2025,02,94,119271000,0.0163620539599652,0.0112962094676722
cn,FI,2025,03,107,35551000,0.0186248912097476,0.00336705102485277
cn,FI,2025,04,1174,1959515173,0.204351610095735,0.185586553724627
cn,FI,2025,05,309,251549360,0.0537859007832898,0.023824351787265
cn,FI,2025,06,528,698059420,0.0919060052219321,0.0661135181997449
cn,FI,2025,07,1100,2662467735,0.191470844212359,0.252163503579904
cn,FI,2025,08,261,102991000,0.0454308093994778,0.00975432342551859
cn,FI,2025,09,383,108921703,0.0666666666666667,0.0103160229449202
cn,FI,2025,10,111,1183525000,0.0193211488250653,0.112092179240777
cn,FI,2025,unresolved,40,71020000,0.00696257615317668,0.00672633579322786
cn,FI,2026,01,1318,3622254291,0.293475840570029,0.383202326427904
cn,FI,2026,02,61,85793648,0.0135827209975507,0.00907620582796259
cn,FI,2026,03,61,5660000,0.0135827209975507,0.000598777720540199
cn,FI,2026,04,850,1443543590,0.189267423736362,0.152714088395869
cn,FI,2026,05,188,232352290,0.0418615007793365,0.0245808082276494
cn,FI,2026,06,448,353579988,0.0997550656869294,0.0374056217744295
cn,FI,2026,07,1000,3218089203,0.222667557336896,0.340445250435931
cn,FI,2026,08,218,78315000,0.0485415274994433,0.00828503130461232
cn,FI,2026,09,242,146341500,0.0538855488755288,0.0154816307050236
cn,FI,2026,10,61,55170000,0.0135827209975507,0.0058364959085164
cn,FI,2026,unresolved,44,211490000,0.00979737252282342,0.022373763271563
cn,FR,2016,01,10418,4167109572,0.258543243578608,0.21577674947422
cn,FR,2016,02,879,230320415,0.0218141208586673,0.0119262019938681
cn,FR,2016,03,813,185010072,0.0201762005211565,0.00957999094249672
cn,FR,2016,04,6767,3078364644,0.167936468544484,0.159400540135037
cn,FR,2016,05,3050,2680076048,0.0756917731728502,0.138776791919969
cn,FR,2016,06,4415,1872204950,0.109566943789552,0.096944486695284
cn,FR,2016,07,4180,2292050983,0.103734954709021,0.118684498738429
cn,FR,2016,08,1696,646783515,0.0420895892790669,0.0334910426685105
cn,FR,2016,09,1782,811925011,0.0442238491127932,0.0420422205520062
cn,FR,2016,10,819,843248059,0.0203251023700211,0.0436641566600652
cn,FR,2016,unresolved,5476,2505041065,0.13589775406378,0.129713320220114
cn,FR,2017,01,11895,3897469266,0.267111290757208,0.178233462789218
cn,FR,2017,02,794,183941457,0.0178298751459625,0.00841174633950381
cn,FR,2017,03,943,566117858,0.021175783706099,0.0258888882225133
cn,FR,2017,04,7462,6166202638,0.167564897152609,0.281983916593828
cn,FR,2017,05,3353,2270676167,0.0752941704841462,0.103839298913245
cn,FR,2017,06,4886,2133127427,0.1097188538579,0.0975491176291075
cn,FR,2017,07,4316,1973696755,0.0969190694332166,0.09025826328081
cn,FR,2017,08,2131,900575532,0.047853229138597,0.0411838258666598
cn,FR,2017,09,1952,1061223796,0.0438336477140034,0.0485303613823029
cn,FR,2017,10,927,192524885,0.0208164915117219,0.00880427133216707
cn,FR,2017,unresolved,5873,2521658181,0.131882691098536,0.115316847650644
cn,FR,2018,01,12361,3247442080,0.277469752407461,0.178244954989518
cn,FR,2018,02,798,127922422,0.0179128599968574,0.00702138045570319
cn,FR,2018,03,962,657294259,0.0215941996453344,0.0360774365559503
cn,FR,2018,04,7444,3609147716,0.167096904532088,0.198098181997118
cn,FR,2018,05,3481,2685370044,0.0781386787582213,0.14739405687044
cn,FR,2018,06,4422,1919159237,0.0992614873510068,0.105338430490739
cn,FR,2018,07,3845,2000553681,0.0863094570024019,0.109805992544125
cn,FR,2018,08,2349,627305428,0.0527284563065389,0.0344314155646281
cn,FR,2018,09,1993,540333957,0.0447372556061865,0.0296577427625047
cn,FR,2018,10,973,222016263,0.0218411187680981,0.0121859844857883
cn,FR,2018,unresolved,5921,2582439457,0.132909829625805,0.141744423283485
cn,FR,2019,01,12996,3711049211,0.281927240384407,0.188908728404282
cn,FR,2019,02,811,261483473,0.017593335791917,0.0133106589470029
cn,FR,2019,03,1038,349843519,0.0225177343427989,0.0178085739523138
cn,FR,2019,04,7301,4931509921,0.158383408898627,0.251035546908896
cn,FR,2019,05,3671,1954384929,0.0796364188558909,0.0994867895191279
cn,FR,2019,06,4779,1593978513,0.103672690196759,0.0811405176471474
cn,FR,2019,07,3901,2273304918,0.0846258975638328,0.115721219773008
cn,FR,2019,08,2392,582598176,0.0518905785625963,0.0296568097972371
cn,FR,2019,09,2144,1256831387,0.0465106189122936,0.0639782459453782
cn,FR,2019,10,1012,324703843,0.0219537063149446,0.016528853863564
cn,FR,2019,unresolved,6052,2404979894,0.131288370175933,0.122424055242043
cn,FR,2020,01,11618,3195371606,0.284469038466247,0.180381403547121
cn,FR,2020,02,662,288975833,0.0162092015376705,0.0163129278140486
cn,FR,2020,03,835,375305018,0.0204451409123185,0.0211862826151425
cn,FR,2020,04,6519,3032493002,0.159619010308269,0.171186769926998
cn,FR,2020,05,3084,1644069757,0.0755123527827428,0.0928091148272646
cn,FR,2020,06,4486,1773192408,0.10984060135648,0.100098196627131
cn,FR,2020,07,3357,3725730836,0.0821968120271296,0.210320626300411
cn,FR,2020,08,1993,546527409,0.0487990010038932,0.0308519300000288
cn,FR,2020,09,1856,482928779,0.0454445287823511,0.0272617340674078
cn,FR,2020,10,855,232922501,0.0209348448862663,0.0131486702733397
cn,FR,2020,unresolved,5576,2417011861,0.136529467936632,0.136442344001106
cn,FR,2021,01,13812,4327783288,0.291792542516109,0.157098673465821
cn,FR,2021,02,727,618173752,0.0153586141333052,0.0224397272108948
cn,FR,2021,03,856,2019790396,0.0180838702862575,0.0733184567652514
cn,FR,2021,04,6983,4411736342,0.14752297454315,0.16014617204399
cn,FR,2021,05,3752,4129179597,0.0792648146192036,0.149889353052752
cn,FR,2021,06,5172,2696962247,0.109263758318369,0.097899816879902
cn,FR,2021,07,3683,3174337850,0.0778071194676244,0.115228566723775
cn,FR,2021,08,2568,748265688,0.0542516108587726,0.0271620686994043
cn,FR,2021,09,2337,1268398574,0.0493715010034858,0.0460429093004389
cn,FR,2021,10,1030,276159485,0.0217597971902398,0.0100245982461274
cn,FR,2021,unresolved,6415,3877397578,0.135523397063484,0.140749657611642
cn,FR,2022,01,14491,4869517613,0.292257426940685,0.153779874074701
cn,FR,2022,02,756,273279586,0.0152471613254543,0.00863019782700321
cn,FR,2022,03,937,468598513,0.0188976060343263,0.0147983899120424
cn,FR,2022,04,7435,6330350140,0.149950587903112,0.199913117631836
cn,FR,2022,05,4044,4277264010,0.0815602121694936,0.13507644352411
cn,FR,2022,06,5399,3690218457,0.108888126979005,0.116537483735681
cn,FR,2022,07,3790,2950174265,0.0764374886553859,0.0931668109709585
cn,FR,2022,08,2767,1870918066,0.0558054171792752,0.0590837876477691
cn,FR,2022,09,2250,1327451293,0.0453784563257568,0.0419210502766979
cn,FR,2022,10,1048,1152987342,0.021136276546397,0.0364114605087648
cn,FR,2022,unresolved,6666,4454747286,0.134441239941109,0.140681383890437
cn,FR,2023,01,15557,4573870059,0.296143303129521,0.16462641157114
cn,FR,2023,02,770,585769113,0.0146577324297571,0.0210834732597286
cn,FR,2023,03,1101,1048220060,0.0209586537729384,0.0377283798596617
cn,FR,2023,04,7872,6392227060,0.149851519074088,0.230074179909215
cn,FR,2023,05,4013,3322034403,0.0763915327800198,0.11956933533904
cn,FR,2023,06,5814,2897602929,0.110675397852737,0.10429285620405
cn,FR,2023,07,3911,3752511824,0.0744498591334805,0.135063425063382
cn,FR,2023,08,2885,953776187,0.0549189065712328,0.0343290799874939
cn,FR,2023,09,2296,1210025717,0.0437066930632757,0.0435522192648512
cn,FR,2023,10,1017,266415559,0.0193596284169649,0.00958904317331621
cn,FR,2023,unresolved,7291,2780877937,0.138791593695271,0.100091596368122
cn,FR,2023,unmapped,5,0,9.51800807127084e-05,0
cn,FR,2024,01,17684,13570340655,0.343065551826488,0.246264357895601
cn,FR,2024,02,699,160625957,0.0135604399868082,0.00291491932056966
cn,FR,2024,03,1272,276777646,0.024676508817196,0.00502275300266188
cn,FR,2024,04,8204,15699645285,0.159155721962481,0.284905380313699
cn,FR,2024,05,4496,8389581427,0.0872213707878247,0.152247827498109
cn,FR,2024,06,6929,6484132624,0.134421013832037,0.117669172628392
cn,FR,2024,07,4034,2709575358,0.0782586765476167,0.0491713401064664
cn,FR,2024,08,3293,6214245154,0.0638834461753351,0.112771457368817
cn,FR,2024,09,3346,1096560814,0.0649116340427183,0.0198995627021116
cn,FR,2024,10,1271,491758887,0.0246571090461133,0.00892407122454144
cn,FR,2024,unresolved,309,11525600,0.00599452926455468,0.000209157939031969
cn,FR,2024,unmapped,10,0,0.000193997710827012,0
cn,FR,2025,01,17930,12828838213,0.337779284879997,0.244904305438206
cn,FR,2025,02,824,713193359,0.0155231528578426,0.0136149603985216
cn,FR,2025,03,1250,483425994,0.0235484721751253,0.00922866944969122
cn,FR,2025,04,8616,14280528708,0.162314909008704,0.272617278856871
cn,FR,2025,05,4854,6954656243,0.0914434271504465,0.132765354779161
cn,FR,2025,06,6955,4970515999,0.131023699182397,0.0948878416107114
cn,FR,2025,07,4214,3765818617,0.0793866093967823,0.0718900010655743
cn,FR,2025,08,3534,6296715793,0.0665762405335142,0.120205180096806
cn,FR,2025,09,3393,1152413960,0.0639199728721601,0.0219997427487312
cn,FR,2025,10,1365,877841741,0.0257149316152368,0.0167581209065693
cn,FR,2025,unresolved,141,59116628,0.00265626766135413,0.00112854464915753
cn,FR,2025,unmapped,6,0,0.000113032666440601,0
cn,FR,2026,01,11398,7848436120,0.321459796373072,0.232285622384099
cn,FR,2026,02,644,101506409,0.0181628451363624,0.00300422645098116
cn,FR,2026,03,987,351723668,0.0278365343937727,0.0104097618785994
cn,FR,2026,04,5830,8425724830,0.164424514200299,0.249371302288654
cn,FR,2026,05,3099,4426192282,0.0874016414248244,0.130999451775632
cn,FR,2026,06,4691,2709766461,0.132301097103534,0.0801993899529812
cn,FR,2026,07,3025,5005855851,0.0853146064246834,0.148155419007808
cn,FR,2026,08,2302,3185680984,0.0649237104097921,0.0942847567045789
cn,FR,2026,09,2427,1285178331,0.0684491073694898,0.0380366794003915
cn,FR,2026,10,953,434502649,0.026877626420735,0.0128597234796
cn,FR,2026,unmapped,10,0,0.000282031756775813,0
cn,FR,2026,unresolved,91,13301158,0.0025664889866599,0.000393666676675358
cn,GR,2016,01,278,441059780,0.1727781230578,0.185805180012901
cn,GR,2016,02,117,37040076,0.0727159726538223,0.0156038666433642
cn,GR,2016,03,30,54162786,0.0186451211932878,0.0228171478313671
cn,GR,2016,04,549,1138090893,0.341205717837166,0.479443360818137
cn,GR,2016,05,114,269798343,0.0708514605344935,0.113657902990605
cn,GR,2016,07,222,89272920,0.137973896830329,0.0376079881300383
cn,GR,2016,08,23,8844124,0.0142945929148539,0.00372576264350474
cn,GR,2016,09,96,126473753,0.0596643878185208,0.0532795768480005
cn,GR,2016,10,22,8576977,0.0136730888750777,0.00361322167133787
cn,GR,2016,unresolved,139,127404652,0.0863890615288999,0.0536717365145854
cn,GR,2016,06,19,73051174,0.0118085767557489,0.0307742558961594
cn,GR,2017,01,353,371618035,0.173464373464373,0.0777917702503954
cn,GR,2017,02,121,64649334,0.0594594594594595,0.013533213309653
cn,GR,2017,03,51,123442749,0.0250614250614251,0.0258405918574033
cn,GR,2017,04,635,2650594588,0.312039312039312,0.554855862193657
cn,GR,2017,05,138,268828271,0.0678132678132678,0.056274521483983
cn,GR,2017,06,62,157445888,0.0304668304668305,0.0329585574235263
cn,GR,2017,07,322,143295852,0.158230958230958,0.0299964935679687
cn,GR,2017,08,57,75898236,0.028009828009828,0.0158879752359766
cn,GR,2017,09,132,785909826,0.0648648648648649,0.164516548885256
cn,GR,2017,unresolved,151,116025941,0.0742014742014742,0.024288012139556
cn,GR,2017,10,13,19378031,0.00638820638820639,0.00405645365262491
cn,GR,2018,01,502,533964450,0.17732250088308,0.0581788366430147
cn,GR,2018,02,112,100134413,0.0395619922288944,0.0109102837394347
cn,GR,2018,03,47,76154663,0.0166019074531968,0.00829753684590957
cn,GR,2018,04,761,4760234266,0.268809607912398,0.518657921410489
cn,GR,2018,05,234,740286272,0.0826563051925115,0.0806589166895931
cn,GR,2018,06,116,316808345,0.0409749205227835,0.0345182922775081
cn,GR,2018,07,470,231557022,0.166019074531968,0.0252296162347156
cn,GR,2018,08,126,64406259,0.0445072412575062,0.00701747320659399
cn,GR,2018,09,196,345692870,0.0692334864005652,0.037665445728428
cn,GR,2018,10,20,34520412,0.00706464146944543,0.00376121932948451
cn,GR,2018,unresolved,247,1974225340,0.087248322147651,0.215104457894828
cn,GR,2019,01,485,558816142,0.178374402353807,0.0751292662554151
cn,GR,2019,02,80,106743834,0.0294225818315557,0.0143510276868663
cn,GR,2019,03,51,107584063,0.0187568959176168,0.0144639911170754
cn,GR,2019,04,665,3858792945,0.244575211474807,0.518790100715134
cn,GR,2019,05,262,1033494990,0.096358955498345,0.138946809946209
cn,GR,2019,06,134,395373577,0.0492828245678558,0.0531554558006824
cn,GR,2019,07,419,212103600,0.154100772342773,0.0285159762584884
cn,GR,2019,08,136,89478010,0.0500183891136447,0.0120297477686224
cn,GR,2019,09,219,464983275,0.0805443177638838,0.0625140357376969
cn,GR,2019,10,16,24400430,0.00588451636631114,0.00328048219161253
cn,GR,2019,unresolved,252,586291155,0.0926811327694005,0.0788231065221982
cn,GR,2020,01,698,1321437382,0.215631757800433,0.186701465117233
cn,GR,2020,02,155,117185226,0.047883843064566,0.0165567083861216
cn,GR,2020,03,69,126671873,0.0213160333642261,0.0178970449908492
cn,GR,2020,04,689,2405068220,0.21285140562249,0.339804039523452
cn,GR,2020,05,354,1001446676,0.109360518999073,0.141491049211125
cn,GR,2020,06,129,328314693,0.0398517145505097,0.0463864841706245
cn,GR,2020,07,459,300064716,0.14179796107507,0.0423951394672944
cn,GR,2020,08,127,109140499,0.0392338585109669,0.0154200958323774
cn,GR,2020,09,224,486949665,0.0691998764287921,0.0687994884451102
cn,GR,2020,unresolved,316,849812501,0.0976212542477603,0.120067164114508
cn,GR,2020,10,17,31717934,0.00525177633611369,0.00448132074130448
cn,GR,2021,01,691,861217652,0.184808772399037,0.0707023923989511
cn,GR,2021,02,156,269959615,0.0417223856646162,0.022162563188614
cn,GR,2021,03,102,177002246,0.0272800213960952,0.014531149266536
cn,GR,2021,04,758,5111691665,0.202728002139609,0.41964865569346
cn,GR,2021,05,410,2416366540,0.109654987964696,0.198373657221294
cn,GR,2021,06,161,1243868064,0.0430596416154052,0.102116401991087
cn,GR,2021,07,619,601160533,0.165552286707676,0.0493527830046482
cn,GR,2021,08,153,121896409,0.0409200320941428,0.0100071889157481
cn,GR,2021,09,266,579796937,0.0711420165819738,0.0475989205008584
cn,GR,2021,10,38,260850448,0.0101631452259963,0.0214147384103295
cn,GR,2021,unresolved,385,537074056,0.102968708210752,0.0440915494084743
cn,GR,2022,01,939,1608842728,0.225287907869482,0.130829502611959
cn,GR,2022,02,157,186390381,0.0376679462571977,0.0151570818038863
cn,GR,2022,04,774,4175870562,0.185700575815739,0.339577672254849
cn,GR,2022,05,387,1710797263,0.0928502879078695,0.139120344762618
cn,GR,2022,06,208,717771141,0.0499040307101727,0.0583684407008416
cn,GR,2022,07,676,615040780,0.162188099808061,0.0500145091456517
cn,GR,2022,08,209,605341820,0.0501439539347409,0.0492257992919355
cn,GR,2022,09,266,606756114,0.0638195777351248,0.0493408082840183
cn,GR,2022,10,47,110365488,0.0112763915547025,0.00897481254647914
cn,GR,2022,unresolved,414,1331827612,0.0993282149712092,0.108302906810188
cn,GR,2022,03,91,628243260,0.0218330134357006,0.0510881217875733
cn,GR,2023,01,1127,1307040940,0.249446657813192,0.122258812188613
cn,GR,2023,02,168,65882346,0.0371845949535193,0.00616254404866554
cn,GR,2023,03,103,730357397,0.0227976980965029,0.0683166265858414
cn,GR,2023,04,795,3056989175,0.175962815405047,0.285946563700558
cn,GR,2023,05,425,2135782885,0.0940681717574148,0.199778194103751
cn,GR,2023,06,262,802835039,0.0579902611775122,0.0750960855530192
cn,GR,2023,07,712,863534496,0.15759185480301,0.0807738292917224
cn,GR,2023,08,238,246326807,0.0526781761841523,0.023041070797701
cn,GR,2023,09,228,320669250,0.050464807436919,0.0299949606860925
cn,GR,2023,unresolved,415,1111578270,0.0918548030101815,0.103975502821567
cn,GR,2023,10,42,49774200,0.00929614873837981,0.00465581022246974
cn,GR,2023,unmapped,3,0,0.000664010624169987,0
cn,GR,2024,01,1022,3303653811,0.276066990815775,0.226235668901036
cn,GR,2024,02,162,104416934,0.0437601296596434,0.00715051765697413
cn,GR,2024,03,99,725766689,0.026742301458671,0.0497008227088736
cn,GR,2024,04,703,6462710867,0.18989735278228,0.442569288295729
cn,GR,2024,05,243,888722523,0.0656401944894652,0.0608601100360033
cn,GR,2024,06,122,331743739,0.0329551593733117,0.0227179574465394
cn,GR,2024,07,767,735271177,0.207185305240411,0.0503516942357516
cn,GR,2024,08,191,383185079,0.0515937331172339,0.0262406830799928
cn,GR,2024,09,296,785499812,0.0799567801188547,0.0537913732963645
cn,GR,2024,10,48,867200068,0.0129659643435981,0.0593862428326345
cn,GR,2024,unresolved,49,14539064,0.0132360886007563,0.000995641510101004
cn,GR,2025,01,1137,2556997999,0.2983468905799,0.248898219363954
cn,GR,2025,02,145,193382039,0.0380477564943584,0.0188238102583164
cn,GR,2025,03,138,542866592,0.0362109682498032,0.0528426413136893
cn,GR,2025,04,624,3472833157,0.163736552086067,0.338045625871997
cn,GR,2025,05,261,1305910681,0.0684859616898452,0.127117363125191
cn,GR,2025,06,118,243566308,0.0309630018367882,0.0237087476728418
cn,GR,2025,07,779,1163098943,0.204408291786933,0.113216066641434
cn,GR,2025,08,215,294298905,0.0564156389399108,0.0286470593422085
cn,GR,2025,09,289,397604196,0.0758331146680661,0.0387027977474912
cn,GR,2025,10,84,76231625,0.0220414589346628,0.00742038739535231
cn,GR,2025,unresolved,18,25980456,0.00472316977171346,0.00252893793393366
cn,GR,2025,unmapped,3,496644,0.000787194961952244,4.83433335912406e-05
cn,GR,2026,01,717,2260217355,0.256437768240343,0.142836994828771
cn,GR,2026,02,109,96972790,0.0389842632331903,0.00612830525927957
cn,GR,2026,03,76,201079899,0.0271816881258941,0.0127074718854341
cn,GR,2026,04,489,7609387720,0.174892703862661,0.480883872521079
cn,GR,2026,05,191,987514290,0.0683118741058655,0.06240708364708
cn,GR,2026,06,95,426286463,0.0339771101573677,0.0269396556824093
cn,GR,2026,07,649,2602308042,0.232117310443491,0.164455803118113
cn,GR,2026,08,170,802130463,0.0608011444921316,0.0506915428032055
cn,GR,2026,09,221,541991971,0.0790414878397711,0.0342517962653915
cn,GR,2026,10,70,288683152,0.025035765379113,0.0182436586455541
cn,GR,2026,unresolved,9,7181062,0.00321888412017167,0.000453815343683652
cn,HR,2016,01,251,281766406,0.153516819571865,0.162115813617606
cn,HR,2016,02,36,67781858,0.0220183486238532,0.0389986557098047
cn,HR,2016,03,43,35699714,0.0262996941896024,0.0205400220103806
cn,HR,2016,04,490,775152347,0.299694189602447,0.445988062223081
cn,HR,2016,05,77,99821518,0.0470948012232416,0.0574328460118646
cn,HR,2016,06,81,138311579,0.0495412844036697,0.0795783091413701
cn,HR,2016,07,381,158479080,0.23302752293578,0.0911817890581665
cn,HR,2016,09,25,49727307,0.0152905198776758,0.0286108729133504
cn,HR,2016,unresolved,238,129537735,0.145565749235474,0.0745302309165517
cn,HR,2016,08,11,1088455,0.00672782874617737,0.000626248424771942
cn,HR,2016,10,2,690269,0.00122324159021407,0.000397149973052541
cn,HR,2017,01,282,128439907,0.193018480492813,0.0749321998741267
cn,HR,2017,02,31,35106476,0.0212183436002738,0.0204812159861516
cn,HR,2017,04,421,1019554255,0.288158795345654,0.594810795200718
cn,HR,2017,05,89,154623208,0.0609171800136893,0.0902076106846968
cn,HR,2017,07,300,154229438,0.205338809034908,0.0899778841687438
cn,HR,2017,08,18,6400718,0.0123203285420945,0.00373419672838848
cn,HR,2017,unresolved,194,127934108,0.132785763175907,0.0746371153272021
cn,HR,2017,03,48,22993952,0.0328542094455852,0.0134147357110752
cn,HR,2017,06,43,25882282,0.0294318959616701,0.0150997954866357
cn,HR,2017,09,31,38069847,0.0212183436002738,0.0222100548903498
cn,HR,2017,10,4,847435,0.0027378507871321,0.000494395941911812
cn,HR,2018,01,317,150644625,0.159858799798285,0.0552603730565706
cn,HR,2018,02,34,79786292,0.0171457387796268,0.0292676905048585
cn,HR,2018,03,46,22220516,0.0231971759959657,0.00815106415957088
cn,HR,2018,04,537,1267307112,0.270801815431165,0.464881264674163
cn,HR,2018,05,173,229330929,0.0872415532022189,0.0841245593060483
cn,HR,2018,06,77,338069974,0.0388300554715078,0.124012873890888
cn,HR,2018,07,458,385818060,0.230963187090267,0.141528115772882
cn,HR,2018,08,26,16744543,0.0131114473020676,0.006142334602657
cn,HR,2018,09,49,61632995,0.0247100353000504,0.0226085882340226
cn,HR,2018,unresolved,263,173736059,0.13262733232476,0.0637309126277712
cn,HR,2018,10,3,796626,0.00151285930408472,0.00029222317056824
cn,HR,2019,01,345,198636249,0.150655021834061,0.0696250831793425
cn,HR,2019,02,24,57357099,0.0104803493449782,0.0201045519581916
cn,HR,2019,03,69,71730913,0.0301310043668122,0.0251427964900564
cn,HR,2019,04,523,787428750,0.228384279475983,0.276005978226843
cn,HR,2019,05,172,567302672,0.0751091703056769,0.198848376994187
cn,HR,2019,06,129,407348576,0.0563318777292577,0.142781987828348
cn,HR,2019,07,566,424128396,0.247161572052402,0.148663574744714
cn,HR,2019,08,37,32278687,0.0161572052401747,0.0113141799576318
cn,HR,2019,09,90,97365860,0.0393013100436681,0.0341282426317274
cn,HR,2019,unresolved,331,202667876,0.144541484716157,0.0710382309136368
cn,HR,2019,10,4,6695844,0.00174672489082969,0.00234699707532184
cn,HR,2020,01,354,287084592,0.148739495798319,0.0706322568044149
cn,HR,2020,04,579,1494513483,0.24327731092437,0.367699497188329
cn,HR,2020,05,160,460549061,0.0672268907563025,0.113310224421881
cn,HR,2020,06,137,914178815,0.057563025210084,0.224918071626205
cn,HR,2020,07,610,418805343,0.256302521008403,0.103039896121757
cn,HR,2020,08,34,18245927,0.0142857142857143,0.00448909846578812
cn,HR,2020,09,116,84866562,0.0487394957983193,0.0208799669795299
cn,HR,2020,unresolved,327,339531994,0.137394957983193,0.0835360435976413
cn,HR,2020,02,10,7497554,0.00420168067226891,0.00184464500809214
cn,HR,2020,03,49,37951770,0.0205882352941176,0.00933738430943759
cn,HR,2020,10,4,1271844,0.00168067226890756,0.000312915476923799
cn,HR,2021,01,329,196076227,0.130815109343936,0.0641813688806184
cn,HR,2021,02,14,41186718,0.00556660039761431,0.01348159326291
cn,HR,2021,03,60,23229944,0.0238568588469185,0.00760382646969288
cn,HR,2021,04,577,1278689012,0.229423459244533,0.418551562412334
cn,HR,2021,05,193,328122236,0.0767395626242545,0.10740381222579
cn,HR,2021,06,104,301034803,0.041351888667992,0.0985373190460631
cn,HR,2021,07,642,449508466,0.255268389662028,0.14713700438201
cn,HR,2021,08,32,17060197,0.0127236580516899,0.0055842914441281
cn,HR,2021,09,156,135793908,0.0620278330019881,0.0444492381072223
cn,HR,2021,10,7,1182393,0.00278330019880716,0.000387031117723726
cn,HR,2021,unresolved,401,283149518,0.159443339960239,0.0926829526515079
cn,HR,2022,01,403,322473483,0.13464751085867,0.0761377022257696
cn,HR,2022,02,28,66664675,0.00935516204477113,0.0157398838717158
cn,HR,2022,03,102,45349698,0.0340795188773806,0.0107073045827851
cn,HR,2022,04,751,1303876342,0.250918810557969,0.307852130174752
cn,HR,2022,05,223,377574632,0.0745071834279987,0.0891473761866508
cn,HR,2022,06,104,185958814,0.0347477447377213,0.0439058637469093
cn,HR,2022,07,746,1319557816,0.249248245907117,0.311554609481781
cn,HR,2022,08,32,51862764,0.0106916137654527,0.0122450740609806
cn,HR,2022,09,153,247539048,0.0511192783160708,0.0584452840913883
cn,HR,2022,unresolved,443,312527907,0.148012028065486,0.0737894989040355
cn,HR,2022,10,8,2012969,0.00267290344136318,0.00047527267323157
cn,HR,2023,01,534,441533916,0.164459501077918,0.145603578751937
cn,HR,2023,02,31,5920311,0.00954727440714506,0.00195232673569851
cn,HR,2023,03,80,62359137,0.0246381275023098,0.0205640227988337
cn,HR,2023,04,824,1128675159,0.253772713273791,0.372200495689241
cn,HR,2023,05,230,226970320,0.0708346165691408,0.0748474571599442
cn,HR,2023,06,192,196394257,0.0591315060055436,0.0647644623194194
cn,HR,2023,07,683,396439661,0.21034801355097,0.130732954613626
cn,HR,2023,08,36,105764267,0.0110871573760394,0.0348776282437959
cn,HR,2023,09,155,188433495,0.0477363720357253,0.0621392609593671
cn,HR,2023,unresolved,468,276452348,0.144133045888512,0.0911650266594151
cn,HR,2023,10,14,3495753,0.00431167231290422,0.00115278606872144
cn,HR,2024,01,811,1060318820,0.270423474491497,0.144057551451483
cn,HR,2024,02,33,41224319,0.0110036678892964,0.00560083848685706
cn,HR,2024,04,949,3907178299,0.316438812937646,0.530838959208808
cn,HR,2024,05,188,345422385,0.0626875625208403,0.0469299441460745
cn,HR,2024,06,156,499104102,0.0520173391130377,0.0678095243593916
cn,HR,2024,07,530,775227665,0.176725575191731,0.105324358231566
cn,HR,2024,08,73,232721886,0.0243414471490497,0.0316181741132646
cn,HR,2024,09,126,287296425,0.0420140046682227,0.0390328066856955
cn,HR,2024,03,97,114359521,0.0323441147049016,0.0155371688870188
cn,HR,2024,10,35,97308045,0.0116705568522841,0.0132205129578203
cn,HR,2024,unmapped,1,222000,0.000333444481493831,3.01614720204903e-05
cn,HR,2025,01,816,1002575274,0.276142131979695,0.139811163390304
cn,HR,2025,02,35,75684066,0.011844331641286,0.0105542971106312
cn,HR,2025,03,102,130229093,0.0345177664974619,0.0181607121896705
cn,HR,2025,04,946,3886477430,0.320135363790186,0.541977191209343
cn,HR,2025,05,149,426741830,0.0504230118443316,0.059510017119779
cn,HR,2025,06,122,306236232,0.0412859560067682,0.0427052661067152
cn,HR,2025,07,515,567952533,0.174280879864636,0.0792021371845639
cn,HR,2025,08,65,232627949,0.0219966159052454,0.0324404411621169
cn,HR,2025,09,171,501341405,0.0578680203045685,0.0699130797522335
cn,HR,2025,10,33,40717024,0.0111675126903553,0.00567807190428567
cn,HR,2025,unmapped,1,341500,0.000338409475465313,4.76228703579505e-05
cn,HR,2026,01,527,650586330,0.23835368611488,0.132285712366889
cn,HR,2026,03,92,150586318,0.04161013116237,0.0306191775491762
cn,HR,2026,04,608,2797597587,0.274988692899141,0.568844091317113
cn,HR,2026,05,160,403845103,0.0723654454997739,0.0821150624794633
cn,HR,2026,06,86,80257156,0.0388964269561285,0.0163189334980349
cn,HR,2026,07,439,300318807,0.198552691090005,0.0610647434310052
cn,HR,2026,08,53,72509202,0.0239710538218001,0.0147435182656307
cn,HR,2026,09,173,390235087,0.0782451379466305,0.0793476962148128
cn,HR,2026,10,32,20240287,0.0144730890999548,0.00411551958723954
cn,HR,2026,02,38,50856106,0.0171867933061963,0.0103407278945071
cn,HR,2026,unmapped,3,1007300,0.00135685210312076,0.000204817396128147
cn,HU,2016,01,134,53654253,0.072198275862069,0.0507729270627035
cn,HU,2016,02,22,1123812,0.0118534482758621,0.00106346135707436
cn,HU,2016,03,57,15049716,0.0307112068965517,0.0142415202907103
cn,HU,2016,04,630,455120467,0.339439655172414,0.430679712859567
cn,HU,2016,05,72,116057650,0.0387931034482759,0.109825154000723
cn,HU,2016,06,33,6498105,0.0177801724137931,0.00614914555255832
cn,HU,2016,07,232,110920475,0.125,0.104963854159621
cn,HU,2016,08,77,118204420,0.0414870689655172,0.111856638748641
cn,HU,2016,09,59,12983771,0.0317887931034483,0.0122865201008734
cn,HU,2016,10,26,7651552,0.0140086206896552,0.00724065045901362
cn,HU,2016,unresolved,514,159485037,0.276939655172414,0.150920415408515
cn,HU,2017,01,163,31827293,0.0633255633255633,0.0311825338370805
cn,HU,2017,02,37,5226556,0.0143745143745144,0.00512067612289226
cn,HU,2017,03,87,10931719,0.0337995337995338,0.0107102635971886
cn,HU,2017,04,762,448606005,0.296037296037296,0.439518118315308
cn,HU,2017,05,108,68547124,0.041958041958042,0.0671584923532312
cn,HU,2017,06,31,22799903,0.012043512043512,0.0223380212316408
cn,HU,2017,07,455,55835653,0.176767676767677,0.0547045310761422
cn,HU,2017,08,95,22445401,0.0369075369075369,0.0219907007538888
cn,HU,2017,09,124,14429718,0.0481740481740482,0.0141373999288764
cn,HU,2017,10,23,1455416,0.00893550893550894,0.00142593209755628
cn,HU,2017,unresolved,689,338572145,0.267676767676768,0.331713330686195
cn,HU,2018,01,232,35221111,0.0839363241678726,0.0656629176473536
cn,HU,2018,02,57,0,0.0206222865412446,0
cn,HU,2018,03,43,7400344,0.0155571635311143,0.0137965034275633
cn,HU,2018,04,741,173116021,0.268089725036179,0.322741182989956
cn,HU,2018,05,144,53923741,0.0520984081041968,0.100530337175344
cn,HU,2018,06,32,1255488,0.0115774240231548,0.00234061342219559
cn,HU,2018,07,461,51702001,0.166787264833575,0.0963883346515217
cn,HU,2018,08,141,87711420,0.0510130246020261,0.163520899388791
cn,HU,2018,09,167,21449629,0.0604196816208394,0.0399886653942656
cn,HU,2018,unresolved,720,104364603,0.260492040520984,0.194567523213216
cn,HU,2018,10,26,248362,0.00940665701881331,0.000463022689793404
cn,HU,2019,01,244,37550471,0.0831629175187458,0.0658119526418011
cn,HU,2019,02,16,0,0.005453306066803,0
cn,HU,2019,03,66,4344414,0.0224948875255624,0.00761413534398484
cn,HU,2019,04,877,289503895,0.298909338786639,0.507392214264289
cn,HU,2019,05,107,34456580,0.0364689843217451,0.0603895171157356
cn,HU,2019,06,37,1812697,0.0126107702794819,0.00317698089906609
cn,HU,2019,07,582,21427975,0.198364008179959,0.0375552380131184
cn,HU,2019,08,133,13196081,0.0453306066802999,0.0231278019876068
cn,HU,2019,09,193,2797663,0.0657805044308112,0.00490325846681708
cn,HU,2019,10,26,1990433,0.00886162235855488,0.00348848573251393
cn,HU,2019,unresolved,653,163491997,0.222563053851397,0.286540415535067
cn,HU,2020,01,208,15162775,0.0687376074025116,0.0169517663930583
cn,HU,2020,03,80,4457063,0.0264375413086583,0.0049829329245566
cn,HU,2020,04,891,212601189,0.294448116325182,0.237685099911754
cn,HU,2020,05,139,9304978,0.0459352280237938,0.010402832815797
cn,HU,2020,06,49,13502920,0.0161929940515532,0.0150960721546125
cn,HU,2020,07,518,331610467,0.171183079973562,0.370735776932453
cn,HU,2020,08,120,12122587,0.0396563119629874,0.0135528795292106
cn,HU,2020,09,195,1142521,0.0644415069398546,0.00127732219802532
cn,HU,2020,10,34,257082,0.0112359550561798,0.000287414012795166
cn,HU,2020,unresolved,776,294304201,0.256444150693985,0.329027903127738
cn,HU,2020,02,16,0,0.00528750826173166,0
cn,HU,2021,01,324,2743783,0.0861702127659575,0.00145402518415521
cn,HU,2021,02,30,57403862,0.00797872340425532,0.0304202850647337
cn,HU,2021,03,135,4851849,0.0359042553191489,0.00257116201817646
cn,HU,2021,04,1000,118781022,0.265957446808511,0.0629461576909303
cn,HU,2021,05,145,1533415,0.038563829787234,0.000812609462104459
cn,HU,2021,06,61,2424099,0.0162234042553191,0.00128461361371707
cn,HU,2021,07,518,1578123827,0.137765957446809,0.836302210551417
cn,HU,2021,08,179,14667314,0.0476063829787234,0.00777271524020386
cn,HU,2021,09,247,33181700,0.0656914893617021,0.0175841265337247
cn,HU,2021,10,36,460085,0.00957446808510638,0.000243814899666646
cn,HU,2021,unresolved,1085,72854819,0.288563829787234,0.038608279741171
cn,HU,2022,01,343,11989344,0.102083333333333,0.00657663173313773
cn,HU,2022,02,22,0,0.00654761904761905,0
cn,HU,2022,03,111,10453760,0.0330357142857143,0.00573430287316853
cn,HU,2022,04,920,128264852,0.273809523809524,0.070358369557952
cn,HU,2022,05,184,11992693,0.0547619047619048,0.00657846879275286
cn,HU,2022,06,69,2169202,0.0205357142857143,0.00118989351784266
cn,HU,2022,07,527,1572373188,0.156845238095238,0.862509191873696
cn,HU,2022,08,127,25980646,0.037797619047619,0.0142514170025498
cn,HU,2022,09,232,3978160,0.0690476190476191,0.0021821788828062
cn,HU,2022,10,39,1777320,0.0116071428571429,0.000974930664425039
cn,HU,2022,unresolved,786,54042784,0.233928571428571,0.0296446151016693
cn,HU,2023,01,447,21011499,0.132759132759133,0.0178934956198877
cn,HU,2023,03,104,86603848,0.0308880308880309,0.0737522617902425
cn,HU,2023,04,904,290341858,0.268488268488269,0.247256550538972
cn,HU,2023,05,143,4904461,0.0424710424710425,0.00417666304633525
cn,HU,2023,06,77,0,0.0228690228690229,0
cn,HU,2023,07,532,311393605,0.158004158004158,0.265184321553095
cn,HU,2023,08,154,20154881,0.0457380457380458,0.0171639955289652
cn,HU,2023,09,327,2963270,0.0971190971190971,0.00252353526826166
cn,HU,2023,10,45,565105,0.0133650133650134,0.000481246190111264
cn,HU,2023,unresolved,604,436125807,0.179388179388179,0.371406876647615
cn,HU,2023,02,29,189118,0.00861300861300861,0.000161053816514563
cn,HU,2023,unmapped,1,0,0.000297000297000297,0
cn,HU,2024,01,748,51683789,0.256779951939581,0.030212907953276
cn,HU,2024,02,66,0,0.0226570545829042,0
cn,HU,2024,03,99,7299189,0.0339855818743563,0.00426690321389875
cn,HU,2024,04,716,813343885,0.245794713353931,0.475458251171657
cn,HU,2024,05,136,1068994,0.0466872639890148,0.000624904209801731
cn,HU,2024,06,48,2868178,0.0164778578784758,0.00167665721852574
cn,HU,2024,07,477,815139285,0.163748712667353,0.476507792159051
cn,HU,2024,08,183,16333344,0.062821833161689,0.00954801937685323
cn,HU,2024,09,374,2463328,0.128389975969791,0.00143999314993581
cn,HU,2024,10,60,452590,0.0205973223480947,0.000264571547000418
cn,HU,2024,unmapped,3,0,0.00102986611740474,0
cn,HU,2024,unresolved,3,0,0.00102986611740474,0
cn,HU,2025,01,807,9193002431,0.262609827530101,0.535100161605002
cn,HU,2025,03,102,18615714,0.0331923202082655,0.00108357107969446
cn,HU,2025,04,800,7313171378,0.260331923202083,0.42568020791736
cn,HU,2025,05,145,3833062,0.0471851610803775,0.000223112319510056
cn,HU,2025,07,503,597860277,0.163683696713309,0.0347998527402882
cn,HU,2025,08,202,51744243,0.0657338106085259,0.00301189442722867
cn,HU,2025,09,352,1738611,0.114546046208916,0.00010119991091605
cn,HU,2025,10,63,0,0.020501138952164,0
cn,HU,2025,02,39,0,0.0126911812561015,0
cn,HU,2025,06,49,0,0.0159453302961276,0
cn,HU,2025,unmapped,3,0,0.00097624471200781,0
cn,HU,2025,unresolved,8,0,0.00260331923202083,0
cn,HU,2026,01,602,49378304,0.279739776951673,0.0368283605491425
cn,HU,2026,02,42,0,0.0195167286245353,0
cn,HU,2026,03,107,191938385,0.0497211895910781,0.143155505016943
cn,HU,2026,04,516,285931603,0.239776951672862,0.213259494851793
cn,HU,2026,05,108,3104827,0.050185873605948,0.00231570708055733
cn,HU,2026,06,46,0,0.0213754646840149,0
cn,HU,2026,07,357,799418441,0.16589219330855,0.596238999516496
cn,HU,2026,08,109,6129770,0.0506505576208178,0.00457183340366079
cn,HU,2026,09,203,3911036,0.0943308550185874,0.00291701075696476
cn,HU,2026,unmapped,5,0,0.00232342007434944,0
cn,HU,2026,10,50,956087,0.0232342007434944,0.000713088824442978
cn,HU,2026,unresolved,7,0,0.00325278810408922,0
cn,IE,2016,01,307,787474200,0.209842788790157,0.25549790578701
cn,IE,2016,02,29,4379000,0.0198222829801777,0.00142077712443318
cn,IE,2016,03,26,32920000,0.0177717019822283,0.0106809734953963
cn,IE,2016,04,331,584064696,0.226247436773753,0.189501201019826
cn,IE,2016,05,67,19187000,0.0457963089542037,0.00622526848287266
cn,IE,2016,06,67,165630000,0.0457963089542037,0.0537390534642309
cn,IE,2016,07,208,722334884,0.142173615857826,0.234363297412033
cn,IE,2016,08,80,133705000,0.0546821599453178,0.0433809101215661
cn,IE,2016,09,176,225340985,0.120300751879699,0.0731124267378944
cn,IE,2016,10,24,103651800,0.0164046479835954,0.0336300768089342
cn,IE,2016,unresolved,148,303428500,0.101161995898838,0.0984481095458032
cn,IE,2017,01,320,1031060715,0.201511335012594,0.290647032452135
cn,IE,2017,03,37,12235000,0.0232997481108312,0.00344893990268252
cn,IE,2017,04,378,1319542513,0.238035264483627,0.3719675379135
cn,IE,2017,05,62,39678200,0.0390428211586902,0.0111849388840717
cn,IE,2017,06,68,196102000,0.0428211586901763,0.0552794452632488
cn,IE,2017,07,186,241968584,0.117128463476071,0.0682088356806856
cn,IE,2017,08,69,77234210,0.0434508816120907,0.021771650896703
cn,IE,2017,09,229,224099986,0.144206549118388,0.0631718335844704
cn,IE,2017,unresolved,191,319053150,0.120277078085642,0.0899383032375605
cn,IE,2017,02,34,64081500,0.0214105793450882,0.0180640165405599
cn,IE,2017,10,14,22411000,0.00881612090680101,0.00631746564438235
cn,IE,2018,01,311,975605570,0.19280843149411,0.16960257053501
cn,IE,2018,02,34,9348000,0.0210787352758834,0.00162508792294131
cn,IE,2018,03,28,24743501,0.0173589584624923,0.00430149386461128
cn,IE,2018,04,423,1410471000,0.262244265344079,0.245201047043106
cn,IE,2018,05,67,42552640,0.041537507749535,0.00739749479602795
cn,IE,2018,06,59,248540000,0.0365778053316801,0.0432070338433711
cn,IE,2018,07,183,968327700,0.113453192808432,0.168337361009792
cn,IE,2018,08,80,57209552,0.0495970241785493,0.00994550192897763
cn,IE,2018,09,211,728849250,0.130812151270924,0.126705617652956
cn,IE,2018,10,19,231519700,0.0117792932424055,0.0402481673505557
cn,IE,2018,unresolved,198,1055137235,0.12275263484191,0.183428624052652
cn,IE,2019,01,347,868853725,0.189721159103335,0.195673491119061
cn,IE,2019,02,39,133110000,0.0213231273920175,0.0299775412746929
cn,IE,2019,04,402,1047961678,0.219792236194642,0.23601017546797
cn,IE,2019,05,60,25461780,0.0328048113723346,0.00573421651924837
cn,IE,2019,06,82,691363226,0.0448332422088573,0.155701071619111
cn,IE,2019,07,186,416900882,0.101694915254237,0.0938897407979181
cn,IE,2019,08,92,92320370,0.0503007107709131,0.0207913582914125
cn,IE,2019,09,330,746542996,0.18042646254784,0.168128040537322
cn,IE,2019,10,31,32266308,0.0169491525423729,0.00726665599768578
cn,IE,2019,unresolved,230,348518169,0.125751776927283,0.0784893531378401
cn,IE,2019,03,30,37025000,0.0164024056861673,0.0083383552377395
cn,IE,2020,01,377,2033997091,0.187655550024888,0.303915603235874
cn,IE,2020,02,36,35501000,0.0179193628670981,0.00530448537916653
cn,IE,2020,03,55,55842969,0.0273768043802887,0.00834393996196586
cn,IE,2020,04,412,1909661890,0.205077152812344,0.285337696815767
cn,IE,2020,05,77,106286122,0.0383275261324042,0.01588105067906
cn,IE,2020,06,72,458126000,0.0358387257341961,0.0684522314530872
cn,IE,2020,07,169,654822000,0.0841214534594326,0.0978421375441984
cn,IE,2020,08,82,101530000,0.0408163265306122,0.0151704008491811
cn,IE,2020,09,517,1019169222,0.257341961174714,0.152282139573407
cn,IE,2020,10,27,41112070,0.0134395221503235,0.00614287975612718
cn,IE,2020,unresolved,185,276589557,0.0920856147336984,0.0413274347521661
cn,IE,2021,01,455,1981777038,0.202132385606397,0.240382333265987
cn,IE,2021,02,45,29029000,0.0199911150599733,0.00352111192055215
cn,IE,2021,03,52,97811533,0.0231008440693025,0.0118641825351814
cn,IE,2021,04,460,2408057430,0.204353620613061,0.292088591482558
cn,IE,2021,05,96,94713785,0.0426477121279431,0.0114884369907373
cn,IE,2021,06,75,436632000,0.0333185250999556,0.0529618705465062
cn,IE,2021,07,201,1542240100,0.0892936472678809,0.187068104325452
cn,IE,2021,08,94,98619832,0.0417592181252777,0.0119622262585019
cn,IE,2021,09,551,1122860855,0.24478009773434,0.136198930092731
cn,IE,2021,unresolved,194,218546673,0.0861839182585518,0.0265089150675984
cn,IE,2021,10,28,213982500,0.0124389160373167,0.0259552975141945
cn,IE,2022,01,429,3016702915,0.160074626865672,0.301536484262957
cn,IE,2022,02,63,64921000,0.0235074626865672,0.00648922039936287
cn,IE,2022,03,58,49985000,0.0216417910447761,0.00499628289247167
cn,IE,2022,04,479,1926431175,0.178731343283582,0.192557669764461
cn,IE,2022,05,83,44163485,0.0309701492537313,0.00441438960843111
cn,IE,2022,06,102,1597894948,0.0380597014925373,0.159718619439018
cn,IE,2022,07,230,775247451,0.0858208955223881,0.0774903586448648
cn,IE,2022,08,117,145772662,0.0436567164179105,0.0145708003869292
cn,IE,2022,09,864,1697161585,0.322388059701493,0.169640880121949
cn,IE,2022,10,18,150429000,0.00671641791044776,0.0150362276529283
cn,IE,2022,unresolved,237,535728293,0.0884328358208955,0.053549066826627
cn,IE,2023,01,802,987608130,0.220814977973568,0.081256732081495
cn,IE,2023,02,64,102276000,0.0176211453744493,0.00841488975021599
cn,IE,2023,03,94,507187250,0.0258810572687225,0.0417294848397008
cn,IE,2023,04,574,4029121885,0.158039647577093,0.331501197274604
cn,IE,2023,05,185,126187586,0.0509361233480176,0.0103822463142467
cn,IE,2023,06,226,1376616800,0.0622246696035242,0.113262921900496
cn,IE,2023,07,373,2849866527,0.102698237885463,0.234476442445304
cn,IE,2023,08,231,88886531,0.0636013215859031,0.00731325392706164
cn,IE,2023,09,769,998013789,0.211729074889868,0.0821128710902883
cn,IE,2023,unresolved,281,812667400,0.0773678414096916,0.0668632579940033
cn,IE,2023,10,29,275708036,0.00798458149779736,0.0226842340939085
cn,IE,2023,unmapped,4,30000,0.00110132158590308,2.46828867482576e-06
cn,IE,2024,01,1375,3724432231,0.300941124972642,0.277270859690462
cn,IE,2024,02,60,45137711,0.0131319763624425,0.00336034357915254
cn,IE,2024,03,73,130920096,0.0159772379076384,0.00974653996024819
cn,IE,2024,04,601,2268339295,0.131538629897133,0.168869869925231
cn,IE,2024,05,198,240845249,0.0433355219960604,0.0179300803721869
cn,IE,2024,06,283,2767059538,0.0619391551761874,0.205997835194857
cn,IE,2024,07,477,1959235373,0.104399212081418,0.145858171800273
cn,IE,2024,08,310,372765128,0.0678485445392865,0.0277510506548898
cn,IE,2024,09,1118,1653349997,0.244692492886846,0.123086083087173
cn,IE,2024,10,63,267064395,0.0137885751805647,0.0198820034307568
cn,IE,2024,unresolved,4,2500000,0.000875465090829503,0.000186116193350641
cn,IE,2024,unmapped,7,820000,0.00153206390895163,6.10461114190102e-05
cn,IE,2025,01,1395,4597737451,0.277999202869669,0.289058444905323
cn,IE,2025,02,71,71361417,0.0141490633718613,0.00448647197542213
cn,IE,2025,03,114,432167680,0.022718214428059,0.0271702590351198
cn,IE,2025,04,592,1694413026,0.117975288959745,0.106527264669355
cn,IE,2025,05,255,71283421,0.0508170585890793,0.00448156838910188
cn,IE,2025,06,260,2627935589,0.0518134715025907,0.165217562499676
cn,IE,2025,07,575,2836408249,0.114587485053806,0.178324179296981
cn,IE,2025,08,434,483972143,0.086488640892786,0.0304271908789941
cn,IE,2025,09,1221,1842224320,0.243324033479474,0.115820118652087
cn,IE,2025,10,81,1240501156,0.016141889198884,0.0779899545979133
cn,IE,2025,unresolved,14,3665000,0.00278995615783181,0.000230417506842978
cn,IE,2025,unmapped,6,4240000,0.00119569549621363,0.0002665675931826
cn,IE,2026,01,1113,2066840904,0.281914893617021,0.167236605974693
cn,IE,2026,02,48,21976999,0.0121580547112462,0.00177824946039931
cn,IE,2026,03,116,465118766,0.0293819655521783,0.0376346740818022
cn,IE,2026,04,487,2604475605,0.123353596757852,0.210738842879067
cn,IE,2026,05,216,960815128,0.0547112462006079,0.0777435073328026
cn,IE,2026,06,201,2923396409,0.0509118541033435,0.236544038011629
cn,IE,2026,07,370,862519902,0.0937183383991895,0.0697900359514585
cn,IE,2026,08,300,406648864,0.0759878419452888,0.032903633611668
cn,IE,2026,09,1024,1963716451,0.259371833839919,0.158892381956608
cn,IE,2026,10,64,80613859,0.0162107396149949,0.00652279918961894
cn,IE,2026,unresolved,7,2e+06,0.00177304964539007,0.000161828233272369
cn,IE,2026,unmapped,2,660000,0.000506585612968592,5.34033169798818e-05
cn,IS,2016,01,62,0,0.413333333333333,0
cn,IS,2016,04,53,60135586,0.353333333333333,0.969819560970745
cn,IS,2016,07,23,0,0.153333333333333,0
cn,IS,2016,10,1,0,0.00666666666666667,0
cn,IS,2016,05,3,0,0.02,0
cn,IS,2016,09,2,0,0.0133333333333333,0
cn,IS,2016,unresolved,4,1871398,0.0266666666666667,0.0301804390292552
cn,IS,2016,03,1,0,0.00666666666666667,0
cn,IS,2016,06,1,0,0.00666666666666667,0
cn,IS,2017,01,71,1037000,0.387978142076503,0.0340371641193279
cn,IS,2017,04,38,2789248,0.207650273224044,0.091550715473006
cn,IS,2017,05,19,8074000,0.103825136612022,0.265010668369772
cn,IS,2017,07,23,6404513,0.12568306010929,0.210213558423693
cn,IS,2017,09,8,0,0.0437158469945355,0
cn,IS,2017,unresolved,14,7881201,0.0765027322404372,0.258682480129616
cn,IS,2017,08,4,2621536,0.0218579234972678,0.086045950893661
cn,IS,2017,03,4,0,0.0218579234972678,0
cn,IS,2017,06,2,1659200,0.0109289617486339,0.0544594625909247
cn,IS,2018,01,57,3018219,0.367741935483871,0.00306644236635045
cn,IS,2018,04,34,1211979,0.219354838709677,0.00123134330302972
cn,IS,2018,07,28,121979826,0.180645161290323,0.123928749466641
cn,IS,2018,10,4,0,0.0258064516129032,0
cn,IS,2018,unresolved,10,0,0.0645161290322581,0
cn,IS,2018,03,3,14170000,0.0193548387096774,0.0143964001058856
cn,IS,2018,05,4,0,0.0258064516129032,0
cn,IS,2018,06,6,843893815,0.0387096774193548,0.857377064758093
cn,IS,2018,08,5,0,0.032258064516129,0
cn,IS,2018,09,4,0,0.0258064516129032,0
cn,IS,2019,01,84,433421,0.415841584158416,0.0134232808557209
cn,IS,2019,04,75,22385635,0.371287128712871,0.693295123537289
cn,IS,2019,05,5,0,0.0247524752475248,0
cn,IS,2019,06,7,7284382,0.0346534653465347,0.225601217860597
cn,IS,2019,07,14,0,0.0693069306930693,0
cn,IS,2019,unresolved,10,0,0.0495049504950495,0
cn,IS,2019,03,2,0,0.0099009900990099,0
cn,IS,2019,08,4,2185315,0.0198019801980198,0.0676803777463936
cn,IS,2019,09,1,0,0.00495049504950495,0
cn,IS,2020,01,97,33807689,0.412765957446809,0.503801847879561
cn,IS,2020,04,86,27466224,0.365957446808511,0.409301399024167
cn,IS,2020,05,7,1023112,0.0297872340425532,0.01524640492841
cn,IS,2020,06,8,280000,0.0340425531914894,0.00417255723709115
cn,IS,2020,07,21,2264053,0.0893617021276596,0.0337388954653855
cn,IS,2020,08,4,0,0.0170212765957447,0
cn,IS,2020,03,3,0,0.0127659574468085,0
cn,IS,2020,unresolved,6,0,0.025531914893617,0
cn,IS,2020,09,3,2264053,0.0127659574468085,0.0337388954653855
cn,IS,2021,01,135,11371740,0.487364620938628,0.68419695720332
cn,IS,2021,03,3,740000,0.0108303249097473,0.0445231555004297
cn,IS,2021,04,81,646021,0.292418772563177,0.0388687749183015
cn,IS,2021,07,22,0,0.0794223826714802,0
cn,IS,2021,08,5,0,0.0180505415162455,0
cn,IS,2021,unresolved,9,932401,0.0324909747292419,0.0560992360969678
cn,IS,2021,05,16,2930403,0.0577617328519856,0.176311876280981
cn,IS,2021,09,4,0,0.0144404332129964,0
cn,IS,2021,06,2,0,0.0072202166064982,0
cn,IS,2022,01,130,93721193,0.476190476190476,0.96650754695422
cn,IS,2022,03,3,0,0.010989010989011,0
cn,IS,2022,04,87,1582725,0.318681318681319,0.0163219823423835
cn,IS,2022,05,13,0,0.0476190476190476,0
cn,IS,2022,07,20,1665002,0.0732600732600733,0.0171704707033965
cn,IS,2022,08,4,0,0.0146520146520147,0
cn,IS,2022,06,4,0,0.0146520146520147,0
cn,IS,2022,unresolved,5,0,0.0183150183150183,0
cn,IS,2022,09,7,0,0.0256410256410256,0
cn,IS,2023,01,153,69396705,0.425,0.78941761828995
cn,IS,2023,04,140,13323305,0.388888888888889,0.151558372992645
cn,IS,2023,05,18,2800000,0.05,0.0318512144231035
cn,IS,2023,06,12,2019594,0.0333333333333333,0.0229737576934333
cn,IS,2023,07,21,369132,0.0583333333333333,0.00419903660086752
cn,IS,2023,03,1,0,0.00277777777777778,0
cn,IS,2023,unresolved,5,0,0.0138888888888889,0
cn,IS,2023,08,3,0,0.00833333333333333,0
cn,IS,2023,09,3,0,0.00833333333333333,0
cn,IS,2023,10,3,0,0.00833333333333333,0
cn,IS,2023,02,1,0,0.00277777777777778,0
cn,IS,2024,01,148,510285934,0.480519480519481,0.598471071967316
cn,IS,2024,04,88,342363355,0.285714285714286,0.401528928032684
cn,IS,2024,05,18,0,0.0584415584415584,0
cn,IS,2024,06,12,0,0.038961038961039,0
cn,IS,2024,07,27,0,0.0876623376623377,0
cn,IS,2024,08,2,0,0.00649350649350649,0
cn,IS,2024,09,7,0,0.0227272727272727,0
cn,IS,2024,10,1,0,0.00324675324675325,0
cn,IS,2024,03,3,0,0.00974025974025974,0
cn,IS,2024,02,2,0,0.00649350649350649,0
cn,IS,2025,01,129,93320981,0.412140575079872,0.420546495146608
cn,IS,2025,04,98,1257903,0.313099041533546,0.0056686791353426
cn,IS,2025,05,15,0,0.0479233226837061,0
cn,IS,2025,06,13,0,0.0415335463258786,0
cn,IS,2025,07,37,126412214,0.118210862619808,0.569670538947967
cn,IS,2025,10,1,0,0.00319488817891374,0
cn,IS,2025,02,2,0,0.00638977635782748,0
cn,IS,2025,03,7,0,0.0223642172523962,0
cn,IS,2025,09,9,912977,0.0287539936102236,0.00411428677008297
cn,IS,2025,08,2,0,0.00638977635782748,0
cn,IS,2026,01,112,38039326,0.4375,0.940966328194784
cn,IS,2026,03,3,0,0.01171875,0
cn,IS,2026,04,88,0,0.34375,0
cn,IS,2026,05,12,624826,0.046875,0.0154561157834562
cn,IS,2026,06,13,0,0.05078125,0
cn,IS,2026,07,19,1761658,0.07421875,0.0435775560217594
cn,IS,2026,08,1,0,0.00390625,0
cn,IS,2026,09,7,0,0.02734375,0
cn,IS,2026,10,1,0,0.00390625,0
cn,IT,2016,01,1375,10671191938,0.163243499940639,0.231049625241222
cn,IT,2016,03,104,585806071,0.0123471447227829,0.0126837071205328
cn,IT,2016,04,1377,8762272627,0.163480945031461,0.189718245018204
cn,IT,2016,05,1172,5509640977,0.13914282322213,0.119293185835819
cn,IT,2016,06,261,805450992,0.0309865843523685,0.0174393967359047
cn,IT,2016,07,1632,11330244291,0.193755194111362,0.24531924011271
cn,IT,2016,08,355,847537829,0.0421465036210376,0.0183506490095904
cn,IT,2016,09,445,1147485110,0.0528315327080613,0.02484502257815
cn,IT,2016,10,611,1814520073,0.0725394752463493,0.0392874746602955
cn,IT,2016,unresolved,1020,4472402442,0.121096996319601,0.0968351908723792
cn,IT,2016,02,71,239161766,0.00842930072420753,0.00517826281519263
cn,IT,2017,01,1600,9287663571,0.160513643659711,0.156057473705975
cn,IT,2017,02,93,573319167,0.00932985553772071,0.00963328830176398
cn,IT,2017,03,109,1451915213,0.0109349919743178,0.0243960408819649
cn,IT,2017,04,1652,14553413237,0.165730337078652,0.244536086627519
cn,IT,2017,05,1348,6340032150,0.135232744783307,0.106529418618587
cn,IT,2017,06,299,788585661,0.0299959871589085,0.0132503384856312
cn,IT,2017,07,1893,12894501496,0.189907704654896,0.216661953006875
cn,IT,2017,08,458,1592284657,0.0459470304975923,0.0267546212341378
cn,IT,2017,09,557,2441503587,0.0558788121990369,0.0410237600574793
cn,IT,2017,10,840,3435626370,0.0842696629213483,0.0577276693757438
cn,IT,2017,unresolved,1119,6155533475,0.11225922953451,0.103429349704323
cn,IT,2018,01,1811,7282940314,0.16838679683868,0.125939590295995
cn,IT,2018,02,127,220767511,0.0118084611808461,0.00381760232643403
cn,IT,2018,03,159,437306909,0.0147838214783821,0.00756209038912466
cn,IT,2018,04,1822,18006058507,0.169409576940958,0.311368147128453
cn,IT,2018,05,1510,6561761530,0.140399814039981,0.11346867104206
cn,IT,2018,06,380,1031123779,0.0353324035332404,0.0178306152011282
cn,IT,2018,07,1967,13552615509,0.182891678289168,0.234357384662566
cn,IT,2018,08,541,1455799420,0.0503021850302185,0.0251742805245166
cn,IT,2018,09,570,2122968503,0.0529986052998605,0.0367112418819586
cn,IT,2018,10,609,2531721856,0.0566248256624826,0.0437795724722805
cn,IT,2018,unresolved,1259,4625775345,0.117061831706183,0.0799908040754836
cn,IT,2019,01,1907,5996562628,0.174394147233653,0.0972665588945948
cn,IT,2019,02,82,416038206,0.00749885688157293,0.00674830018073157
cn,IT,2019,03,144,1165319967,0.0131687242798354,0.0189019393663961
cn,IT,2019,04,1652,16634245018,0.151074531321445,0.269813870559048
cn,IT,2019,05,1547,6158710859,0.141472336534065,0.0998966657472395
cn,IT,2019,06,434,1218768107,0.0396890717878372,0.0197688888138749
cn,IT,2019,07,2002,15600273787,0.183081847279378,0.253042458356034
cn,IT,2019,08,481,2041153422,0.0439871970736168,0.033108295843828
cn,IT,2019,09,616,2640368533,0.0563328760859625,0.0428277960809249
cn,IT,2019,10,739,3584807826,0.0675811614083219,0.0581469657142107
cn,IT,2019,unresolved,1331,6194566646,0.121719250114312,0.100478260443118
cn,IT,2020,01,1877,6131225445,0.179188544152745,0.124781486382868
cn,IT,2020,02,128,375722874,0.0122195704057279,0.00764663754519026
cn,IT,2020,03,139,799099926,0.0132696897374702,0.0162631234863554
cn,IT,2020,04,1530,13252394700,0.146062052505967,0.269710113195558
cn,IT,2020,05,1515,5406171965,0.144630071599045,0.110025341505623
cn,IT,2020,06,382,876281985,0.0364677804295943,0.0178339174704462
cn,IT,2020,07,1992,12924703342,0.190167064439141,0.263041003554613
cn,IT,2020,08,480,1085250682,0.0458233890214797,0.0220868070196986
cn,IT,2020,09,421,1432174249,0.0401909307875895,0.0291473267705763
cn,IT,2020,10,706,2008000458,0.0673985680190931,0.0408664277727793
cn,IT,2020,unresolved,1305,4844672487,0.124582338902148,0.0985978152962933
cn,IT,2021,01,2300,9066238157,0.18555869302138,0.138956672333406
cn,IT,2021,02,152,844912979,0.0122630092779347,0.0129498358569476
cn,IT,2021,03,156,1268649013,0.0125857200484066,0.0194443651438198
cn,IT,2021,04,1838,16989820806,0.148285599031868,0.260400060296213
cn,IT,2021,05,1549,5887441736,0.124969745865268,0.0902358065191263
cn,IT,2021,06,469,1940717508,0.0378378378378378,0.0297450433333968
cn,IT,2021,07,2317,14992223964,0.186930213795885,0.229783237197018
cn,IT,2021,08,549,1150540024,0.0442920532472771,0.0176341289907544
cn,IT,2021,09,709,3103759084,0.0572004840661557,0.0475707814606906
cn,IT,2021,10,911,3679347265,0.0734973779749899,0.0563927224775879
cn,IT,2021,unresolved,1445,6321421937,0.116579265832997,0.0968873463910391
cn,IT,2022,01,2516,15414138225,0.195402298850575,0.166082597451258
cn,IT,2022,02,168,1756353613,0.0130475302889096,0.0189241698648347
cn,IT,2022,03,135,726461294,0.0104846225535881,0.00782739695817941
cn,IT,2022,04,1994,31675952822,0.154861758310034,0.341298647036186
cn,IT,2022,05,1643,6308303283,0.127601739670705,0.0679700272216118
cn,IT,2022,06,641,5033724914,0.0497825411618515,0.0542368374001155
cn,IT,2022,07,2344,18842061627,0.182044113078596,0.20301741755977
cn,IT,2022,08,587,1889506281,0.0455886921404163,0.0203588489001594
cn,IT,2022,09,702,2707838886,0.054520037278658,0.0291761309715646
cn,IT,2022,10,754,3751915571,0.0585585585585586,0.0404257360582673
cn,IT,2022,unresolved,1392,4703817878,0.108108108108108,0.0506821905780532
cn,IT,2023,01,2611,11403365569,0.182345135833508,0.143925721853422
cn,IT,2023,02,181,510794426,0.0126405475242685,0.00644690868111854
cn,IT,2023,03,161,1078051819,0.0112438019414764,0.0136064555070277
cn,IT,2023,04,2161,22990355361,0.150918360220686,0.290169026940069
cn,IT,2023,05,1707,5909559788,0.119212235491305,0.0745865466802221
cn,IT,2023,06,620,2280790902,0.0432991130665549,0.0287866310152726
cn,IT,2023,07,2708,17742387095,0.18911935191005,0.223932649935614
cn,IT,2023,08,710,2247922373,0.0495844681891194,0.0283717862280946
cn,IT,2023,09,907,3541434429,0.0633424121796215,0.044697638035565
cn,IT,2023,10,863,4932930007,0.0602695718974789,0.0622601729124555
cn,IT,2023,unresolved,1689,6593315828,0.117955164466792,0.083216462211139
cn,IT,2023,unmapped,1,0,6.98372791396047e-05,0
cn,IT,2024,01,4010,18102881463,0.278549597110308,0.203195829807345
cn,IT,2024,02,161,1136884031,0.011183662128369,0.0127609571186731
cn,IT,2024,03,245,3267986297,0.0170186162823006,0.0366815188385984
cn,IT,2024,04,2211,22638578381,0.153584328980272,0.254106769090207
cn,IT,2024,05,1816,7808252352,0.126146151708808,0.0876437444090111
cn,IT,2024,06,514,1814946816,0.0357043623228675,0.0203718742282591
cn,IT,2024,07,2598,21545938316,0.180466796332315,0.241842428457904
cn,IT,2024,08,697,2387808511,0.0484162267296471,0.0268019614891342
cn,IT,2024,09,1110,4228759205,0.0771047513198111,0.0474657162989028
cn,IT,2024,10,979,5957365635,0.0680050013892748,0.0668684626888665
cn,IT,2024,unresolved,50,198966718,0.00347318699638789,0.00223330233094031
cn,IT,2024,unmapped,5,2444228,0.000347318699638789,2.74352421581864e-05
cn,IT,2025,01,4352,27800525587,0.290501301648755,0.278497997642763
cn,IT,2025,02,185,1264865189,0.0123489753688005,0.012671070599804
cn,IT,2025,03,256,1386561639,0.0170883118616915,0.0138901920706974
cn,IT,2025,04,2222,24619839311,0.148321206862025,0.246634759797719
cn,IT,2025,05,1907,9241684877,0.12729457312596,0.0925806501404224
cn,IT,2025,06,542,1832473272,0.0361791602696749,0.0183572118228055
cn,IT,2025,07,2781,20126494850,0.185635137841266,0.201621674300772
cn,IT,2025,08,799,3567373885,0.0533342233495761,0.0357369676593512
cn,IT,2025,09,1025,4504929389,0.0684199986649756,0.045129140110402
cn,IT,2025,10,863,5308088567,0.057606301314999,0.0531749672355554
cn,IT,2025,unresolved,46,166776235,0.00307055603764769,0.00167071832352761
cn,IT,2025,unmapped,3,3458899,0.000200253654629197,3.46502961799762e-05
cn,IT,2026,01,3296,16703649858,0.272239200462542,0.232056404909581
cn,IT,2026,02,149,618306327,0.0123069298752788,0.00858985578578497
cn,IT,2026,03,173,652695674,0.0142892541504915,0.0090676117433062
cn,IT,2026,04,1875,19071673701,0.154869084000991,0.264954310721679
cn,IT,2026,05,1377,5491145505,0.113735855290328,0.0762860509863607
cn,IT,2026,06,547,4353839774,0.0451804741058892,0.0604859664861146
cn,IT,2026,07,2162,14048824834,0.178574378458743,0.19517409739172
cn,IT,2026,08,753,3019032631,0.0621954241347981,0.0419420823957847
cn,IT,2026,09,895,3412691625,0.0739241760964731,0.0474110123413086
cn,IT,2026,10,853,4413935898,0.0704551086148509,0.0613208553040074
cn,IT,2026,unresolved,22,189229668,0.00181713058561163,0.00262888391648622
cn,IT,2026,unmapped,5,5964922,0.000412984224002643,8.28680178675514e-05
cn,LI,2016,01,3,687947,0.333333333333333,0.0943395993549307
cn,LI,2016,04,2,642084,0.222222222222222,0.0880503110155453
cn,LI,2016,10,1,5962209,0.111111111111111,0.817610089629524
cn,LI,2016,03,2,0,0.222222222222222,0
cn,LI,2016,05,1,0,0.111111111111111,0
cn,LI,2017,10,1,1664118,0.0833333333333333,0.140364168580933
cn,LI,2017,01,11,10191600,0.916666666666667,0.859635831419067
cn,LI,2018,01,11,6467533,0.785714285714286,0.825245585070296
cn,LI,2018,03,1,519481,0.0714285714285714,0.0662848418056626
cn,LI,2018,10,1,580087,0.0714285714285714,0.0740180584631996
cn,LI,2018,04,1,270000,0.0714285714285714,0.0344515146608421
cn,LI,2019,03,2,0,0.117647058823529,0
cn,LI,2019,01,11,18687181,0.647058823529412,0.884860443465769
cn,LI,2019,unresolved,1,1078749,0.0588235294117647,0.0510800595621274
cn,LI,2019,04,2,552859,0.117647058823529,0.0261785370363803
cn,LI,2019,07,1,8e+05,0.0588235294117647,0.0378809599357236
cn,LI,2020,01,18,34821948,0.75,0.185626290189135
cn,LI,2020,03,1,0,0.0416666666666667,0
cn,LI,2020,04,5,152769734,0.208333333333333,0.814373709810865
cn,LI,2021,01,16,6762556,0.551724137931035,0.407728920785303
cn,LI,2021,07,3,4088456,0.103448275862069,0.246501729901859
cn,LI,2021,04,7,5734900,0.241379310344828,0.345769349312839
cn,LI,2021,03,2,0,0.0689655172413793,0
cn,LI,2021,10,1,0,0.0344827586206897,0
cn,LI,2022,01,70,0,0.921052631578947,0
cn,LI,2022,04,2,1183979,0.0263157894736842,0.59424316721165
cn,LI,2022,05,2,808436,0.0263157894736842,0.40575683278835
cn,LI,2022,08,2,0,0.0263157894736842,0
cn,LI,2023,01,88,741422,0.98876404494382,1
cn,LI,2023,09,1,0,0.0112359550561798,0
cn,LI,2024,01,72,0,0.923076923076923,0
cn,LI,2024,03,1,0,0.0128205128205128,0
cn,LI,2024,04,4,8812209,0.0512820512820513,1
cn,LI,2024,07,1,0,0.0128205128205128,0
cn,LI,2025,05,1,0,0.0126582278481013,0
cn,LI,2025,01,64,0,0.810126582278481,0
cn,LI,2025,03,2,531155,0.0253164556962025,1
cn,LI,2025,07,7,0,0.0886075949367089,0
cn,LI,2025,09,1,0,0.0126582278481013,0
cn,LI,2025,04,2,0,0.0253164556962025,0
cn,LI,2025,10,1,0,0.0126582278481013,0
cn,LI,2025,08,1,0,0.0126582278481013,0
cn,LI,2026,01,70,5792049,0.804597701149425,0.677111736052107
cn,LI,2026,04,9,1463682,0.103448275862069,0.171109785163803
cn,LI,2026,09,2,0,0.0229885057471264,0
cn,LI,2026,03,2,1298321,0.0229885057471264,0.15177847878409
cn,LI,2026,08,3,0,0.0344827586206897,0
cn,LI,2026,10,1,0,0.0114942528735632,0
cn,LT,2016,01,435,44588847,0.195945945945946,0.156581968216564
cn,LT,2016,02,150,15740386,0.0675675675675676,0.0552752714231084
cn,LT,2016,03,78,1008264,0.0351351351351351,0.00354070518131823
cn,LT,2016,04,448,149156221,0.201801801801802,0.523789607206592
cn,LT,2016,05,146,20758719,0.0657657657657658,0.0728980742353483
cn,LT,2016,07,651,23596190,0.293243243243243,0.0828623775046709
cn,LT,2016,09,59,8454407,0.0265765765765766,0.0296892110299219
cn,LT,2016,10,24,0,0.0108108108108108,0
cn,LT,2016,unresolved,166,18308145,0.0747747747747748,0.0642924312103036
cn,LT,2016,06,34,2904500,0.0153153153153153,0.0101996879776912
cn,LT,2016,08,29,247934,0.0130630630630631,0.000870666014481281
cn,LT,2017,01,402,379781056,0.15833005120126,0.587891736636819
cn,LT,2017,02,135,2967573,0.0531705395825128,0.00459373003735746
cn,LT,2017,03,140,11386498,0.0551398188263096,0.0176260189329498
cn,LT,2017,04,401,134524048,0.157936195352501,0.208239918628629
cn,LT,2017,05,198,26785378,0.0779834580543521,0.0414631065455083
cn,LT,2017,06,51,28886911,0.0200866482867271,0.0447162279570449
cn,LT,2017,07,915,42943215,0.360378101614809,0.0664750409328429
cn,LT,2017,08,31,7255637,0.01220953131154,0.0112315476745011
cn,LT,2017,09,63,1730327,0.0248129184718393,0.00267850365074444
cn,LT,2017,10,39,348926,0.0153603781016148,0.000540128868612496
cn,LT,2017,unresolved,164,9395524,0.0645923591965341,0.0145440401349901
cn,LT,2018,01,515,121784461,0.153456495828367,0.0554020980427252
cn,LT,2018,02,114,11990830,0.033969010727056,0.00545485962510152
cn,LT,2018,03,158,32967691,0.0470798569725864,0.0149976379090291
cn,LT,2018,04,714,1724565728,0.212753277711561,0.784538181301963
cn,LT,2018,05,224,54614163,0.066746126340882,0.0248450351399706
cn,LT,2018,06,88,18983117,0.0262216924910608,0.00863578571974403
cn,LT,2018,07,1042,77190476,0.310488676996424,0.0351154349594455
cn,LT,2018,08,69,39853826,0.0205601907032181,0.0181302734133685
cn,LT,2018,09,128,25200861,0.0381406436233611,0.0114643572785783
cn,LT,2018,10,44,10968258,0.0131108462455304,0.0049896719177819
cn,LT,2018,unresolved,260,80072811,0.0774731823599523,0.0364266646922928
cn,LT,2019,01,587,842531231,0.158391797085807,0.447622290533398
cn,LT,2019,02,134,93114086,0.0361575822989746,0.04946990559243
cn,LT,2019,03,144,110374741,0.0388559093362115,0.0586401934618025
cn,LT,2019,04,798,609642077,0.215326497571506,0.323892305556894
cn,LT,2019,05,213,37985037,0.0574743658931463,0.0201807940671292
cn,LT,2019,06,58,13156353,0.0156502968159741,0.00698974310772576
cn,LT,2019,07,1182,36049746,0.318942255801403,0.0191526073858587
cn,LT,2019,08,85,19947539,0.0229357798165138,0.0105977829297633
cn,LT,2019,09,178,65826127,0.0480302212628171,0.0349722843029927
cn,LT,2019,10,54,5628956,0.0145709660010793,0.0029905670974845
cn,LT,2019,unresolved,273,47981093,0.0736643281165677,0.0254915259645206
cn,LT,2020,01,584,1790140412,0.142230881636629,0.390047869563435
cn,LT,2020,02,118,10602466,0.0287384315635655,0.00231013681814963
cn,LT,2020,03,163,62230283,0.0396980029225524,0.0135591538762936
cn,LT,2020,04,616,1324622499,0.15002435460302,0.288617686214629
cn,LT,2020,05,234,42323442,0.0569897710667316,0.00922171706422077
cn,LT,2020,06,69,23232012,0.0168046760837798,0.00506194750173158
cn,LT,2020,07,1564,1123985404,0.380905991232343,0.24490152242348
cn,LT,2020,09,250,67423874,0.0608865075499269,0.0146907685202369
cn,LT,2020,10,93,15776519,0.0226497808085728,0.00343749439084617
cn,LT,2020,unresolved,338,115859725,0.0823185582075012,0.0252442984927461
cn,LT,2020,08,77,13343653,0.0187530443253775,0.0029074051342313
cn,LT,2021,01,676,629832362,0.155259531465319,0.245804258840063
cn,LT,2021,02,112,71007828,0.0257234726688103,0.0277121780118733
cn,LT,2021,03,221,85564231,0.0507579237482775,0.0333930957713712
cn,LT,2021,04,692,1109742307,0.158934313275149,0.433098395276799
cn,LT,2021,05,247,60921865,0.0567294441892513,0.0237759359108311
cn,LT,2021,06,81,39655697,0.0186035829122646,0.0154764026080182
cn,LT,2021,07,1582,379551092,0.363344051446945,0.148127153334487
cn,LT,2021,08,77,9499627,0.0176848874598071,0.00370741313859647
cn,LT,2021,09,206,26446767,0.0473128158015618,0.0103213622439281
cn,LT,2021,10,50,10933163,0.0114836931557189,0.00426687828402281
cn,LT,2021,unresolved,410,139178053,0.0941662838768948,0.0543169265800095
cn,LT,2022,01,786,788822174,0.160637645616186,0.140930865291617
cn,LT,2022,02,140,12542107,0.0286123032904149,0.00224077117802986
cn,LT,2022,03,219,287246054,0.0447578172900061,0.0513193420217199
cn,LT,2022,04,687,2182344670,0.140404659717964,0.389897410145128
cn,LT,2022,05,308,182668907,0.0629470672389127,0.0326356027681646
cn,LT,2022,06,79,40560784,0.0161455139995913,0.00724658430561105
cn,LT,2022,07,1765,1059773304,0.360719395054159,0.189338958346367
cn,LT,2022,08,129,17650913,0.026364193746168,0.00315350978239242
cn,LT,2022,09,318,843756476,0.0649908031882281,0.150745420422329
cn,LT,2022,10,57,8165751,0.0116492949110975,0.00145889199380682
cn,LT,2022,unresolved,405,173696780,0.0827713059472716,0.0310326437448343
cn,LT,2023,01,809,2050040757,0.175793133420252,0.249321813728145
cn,LT,2023,02,130,119938488,0.0282485875706215,0.014586676514535
cn,LT,2023,03,236,140930039,0.0512820512820513,0.0171396265231707
cn,LT,2023,04,733,2984468611,0.159278574532812,0.362965040850277
cn,LT,2023,05,289,780610027,0.0627987831377662,0.0949362138686574
cn,LT,2023,06,86,26191899,0.0186875271621034,0.0031854058224777
cn,LT,2023,07,1380,1935063395,0.29986962190352,0.23533849933128
cn,LT,2023,08,105,33398212,0.0228161668839635,0.00406182304555865
cn,LT,2023,09,335,29154602,0.0727944372012169,0.00354572377370652
cn,LT,2023,10,90,11704341,0.0195567144719687,0.00142345829791358
cn,LT,2023,unresolved,409,110968118,0.0888744024337245,0.0134957182442782
cn,LT,2024,01,1461,252415678,0.294972743791641,0.301857328781713
cn,LT,2024,02,137,1415444,0.0276600040379568,0.00169269257862859
cn,LT,2024,03,200,27886789,0.0403795679386231,0.0333490839496874
cn,LT,2024,04,875,504902997,0.176660609731476,0.603800331167627
cn,LT,2024,05,301,12870581,0.0607712497476277,0.0153915922787041
cn,LT,2024,06,96,273300,0.0193821926105391,0.000326832345002128
cn,LT,2024,07,1339,18668835,0.270341207349081,0.0223255730754036
cn,LT,2024,08,100,5045211,0.0201897839693115,0.00603343630501476
cn,LT,2024,09,320,4924603,0.0646073087017969,0.00588920434209483
cn,LT,2024,unresolved,58,0,0.0117100747022007,0
cn,LT,2024,10,64,7805108,0.0129214617403594,0.00933392517612467
cn,LT,2024,unmapped,2,0,0.000403795679386231,0
cn,LT,2025,01,1773,3858167383,0.287731256085686,0.510173911083487
cn,LT,2025,02,215,43580561,0.0348912690684843,0.0057627528941718
cn,LT,2025,03,178,213691500,0.0288867250892567,0.0282568944003477
cn,LT,2025,04,998,2075546324,0.161960402466732,0.274454029759246
cn,LT,2025,05,322,167164424,0.0522557611165206,0.0221045173835316
cn,LT,2025,06,144,19806767,0.0233690360272639,0.00261909211892514
cn,LT,2025,07,1806,461375361,0.293086660175268,0.0610086730389337
cn,LT,2025,08,158,163432163,0.0256410256410256,0.0216109923488366
cn,LT,2025,09,457,519659347,0.0741642323920805,0.0687156919780742
cn,LT,2025,10,79,32564316,0.0128205128205128,0.00430605072467344
cn,LT,2025,unresolved,30,7467125,0.00486854917234664,0.000987394269772997
cn,LT,2025,unmapped,2,0,0.000324569944823109,0
cn,LT,2026,01,1032,2383034538,0.255952380952381,0.374761305375445
cn,LT,2026,02,104,27994860,0.0257936507936508,0.00440253387439692
cn,LT,2026,03,133,116266754,0.0329861111111111,0.0182843680215287
cn,LT,2026,04,728,3066571416,0.180555555555556,0.482255833292159
cn,LT,2026,05,277,136828604,0.0687003968253968,0.0215179702308367
cn,LT,2026,06,97,221778605,0.0240575396825397,0.0348773961051777
cn,LT,2026,07,1121,192821878,0.278025793650794,0.0303235968895658
cn,LT,2026,08,85,49745159,0.0210813492063492,0.00782303421359353
cn,LT,2026,09,358,71631555,0.0887896825396826,0.0112649374693507
cn,LT,2026,10,64,8524247,0.0158730158730159,0.00134054201990031
cn,LT,2026,unresolved,30,83589273,0.00744047619047619,0.0131454347661932
cn,LT,2026,unmapped,3,19380,0.000744047619047619,3.04774185281914e-06
cn,LU,2016,01,167,47292000,0.248511904761905,0.40060312404703
cn,LU,2016,03,7,0,0.0104166666666667,0
cn,LU,2016,04,78,8e+05,0.116071428571429,0.00677667468573171
cn,LU,2016,07,38,49500000,0.0565476190476191,0.41930674617965
cn,LU,2016,09,47,17260000,0.0699404761904762,0.146206756344662
cn,LU,2016,unresolved,294,2880000,0.4375,0.0243960288686342
cn,LU,2016,05,14,150000,0.0208333333333333,0.0012706265035747
cn,LU,2016,08,17,170000,0.025297619047619,0.00144004337071799
cn,LU,2016,06,7,0,0.0104166666666667,0
cn,LU,2016,10,2,0,0.00297619047619048,0
cn,LU,2016,02,1,0,0.00148809523809524,0
cn,LU,2017,01,286,197125629,0.381333333333333,0.619340351611395
cn,LU,2017,03,8,0,0.0106666666666667,0
cn,LU,2017,04,107,39446000,0.142666666666667,0.123933654054
cn,LU,2017,05,16,16000,0.0213333333333333,5.02696969239972e-05
cn,LU,2017,06,27,3e+05,0.036,0.000942556817324948
cn,LU,2017,07,38,4740000,0.0506666666666667,0.0148923977137342
cn,LU,2017,09,44,69405000,0.0586666666666667,0.218060519688127
cn,LU,2017,unresolved,195,3387971,0.26,0.0106445172098307
cn,LU,2017,08,23,2362600,0.0306666666666667,0.00742294912203974
cn,LU,2017,10,4,1500000,0.00533333333333333,0.00471278408662474
cn,LU,2017,02,2,0,0.00266666666666667,0
cn,LU,2018,01,350,121659831,0.441361916771753,0.432220174413766
cn,LU,2018,03,7,3e+05,0.00882723833543506,0.00106580825617068
cn,LU,2018,04,146,46906690,0.184110970996217,0.166645124905462
cn,LU,2018,05,31,15896000,0.0390920554854981,0.0564736268002971
cn,LU,2018,06,37,3220000,0.0466582597730139,0.0114396752828986
cn,LU,2018,07,52,3724000,0.0655737704918033,0.0132302331532654
cn,LU,2018,08,22,3647000,0.0277427490542245,0.0129566757008482
cn,LU,2018,unresolved,97,14840000,0.122320302648171,0.0527219817385763
cn,LU,2018,09,42,71283000,0.0529634300126103,0.253246699748715
cn,LU,2018,02,2,0,0.00252206809583859,0
cn,LU,2018,10,7,0,0.00882723833543506,0
cn,LU,2019,01,411,574122406,0.413897280966767,0.699962385652787
cn,LU,2019,04,193,71847000,0.19436052366566,0.0875949048433337
cn,LU,2019,05,39,28164375,0.0392749244712991,0.0343376306331088
cn,LU,2019,06,107,20300000,0.107754279959718,0.0247494894472932
cn,LU,2019,07,50,49849000,0.0503524672708963,0.0607752364265083
cn,LU,2019,08,14,2200000,0.014098690835851,0.002682210679017
cn,LU,2019,09,27,16969999,0.027190332326284,0.0206895966094126
cn,LU,2019,unresolved,125,26522212,0.125881168177241,0.0323355273897967
cn,LU,2019,03,16,29643948,0.0161127895266868,0.0361415063153748
cn,LU,2019,02,7,0,0.00704934541792548,0
cn,LU,2019,10,4,6e+05,0.0040281973816717,0.000731512003368271
cn,LU,2020,01,492,271903645,0.477206595538312,0.518501760753264
cn,LU,2020,03,22,1700000,0.0213385063045587,0.00324178439491147
cn,LU,2020,04,178,132136652,0.172647914645975,0.251975609676146
cn,LU,2020,05,39,22578500,0.037827352085354,0.0430556640944169
cn,LU,2020,06,80,8540000,0.0775945683802134,0.0162851992544376
cn,LU,2020,07,45,3017000,0.04364694471387,0.00575321383496936
cn,LU,2020,08,23,350000,0.0223084384093113,0.000667426198952362
cn,LU,2020,09,31,24570000,0.0300678952473327,0.0468533191664559
cn,LU,2020,unresolved,102,57293752,0.0989330746847721,0.109255288917369
cn,LU,2020,02,16,1282000,0.0155189136760427,0.00244468682016265
cn,LU,2020,10,3,1031000,0.002909796314258,0.00196604688891396
cn,LU,2021,01,619,461361838,0.504482477587612,0.652445374215938
cn,LU,2021,04,195,196472800,0.158924205378973,0.277846494792344
cn,LU,2021,05,53,2460000,0.0431947840260799,0.00347886515176231
cn,LU,2021,06,85,10879999,0.0692746536267319,0.0153861989318328
cn,LU,2021,07,65,5358098,0.0529747351263244,0.00757727659021436
cn,LU,2021,08,26,7383415,0.0211898940505297,0.0104414248554874
cn,LU,2021,09,37,6240000,0.0301548492257539,0.00882443843373854
cn,LU,2021,unresolved,114,12428000,0.0929095354523227,0.0175753398805293
cn,LU,2021,03,24,4003000,0.019559902200489,0.00566093382215631
cn,LU,2021,02,6,540000,0.00488997555012225,0.000763653325996605
cn,LU,2021,10,3,0,0.00244498777506113,0
cn,LU,2022,01,644,192606296,0.456737588652482,0.347121976280965
cn,LU,2022,03,28,2950000,0.0198581560283688,0.00531659582939514
cn,LU,2022,04,246,282855082,0.174468085106383,0.509771576028617
cn,LU,2022,05,55,13930000,0.0390070921985816,0.0251051457299913
cn,LU,2022,06,159,5287580,0.112765957446809,0.00952946636460785
cn,LU,2022,07,49,5200000,0.0347517730496454,0.00937162654673042
cn,LU,2022,08,25,21100000,0.0177304964539007,0.038027176949233
cn,LU,2022,09,27,16370000,0.0191489361702128,0.0295026012634571
cn,LU,2022,unresolved,150,13767369,0.106382978723404,0.0248120463075064
cn,LU,2022,02,17,0,0.0120567375886525,0
cn,LU,2022,10,10,8e+05,0.00709219858156028,0.00144178869949699
cn,LU,2023,01,623,433329762,0.436580238262088,0.685457360107548
cn,LU,2023,03,38,0,0.0266292922214436,0
cn,LU,2023,04,259,184473797,0.181499649614576,0.291807609329718
cn,LU,2023,05,62,680000,0.043447792571829,0.00107564964548438
cn,LU,2023,06,158,744740,0.110721793973371,0.00117805781908535
cn,LU,2023,07,80,2219000,0.0560616678346181,0.00351009788724978
cn,LU,2023,unresolved,134,8748803,0.0939032936229853,0.0138391865372981
cn,LU,2023,08,18,0,0.0126138752627891,0
cn,LU,2023,09,35,1180000,0.0245269796776454,0.0018665685024582
cn,LU,2023,02,11,0,0.00770847932725999,0
cn,LU,2023,10,8,8e+05,0.00560616678346181,0.0012654701711581
cn,LU,2023,unmapped,1,0,0.000700770847932726,0
cn,LU,2024,01,513,605235705,0.366690493209435,0.804890601546223
cn,LU,2024,03,305,16048000,0.218012866333095,0.0213419074038499
cn,LU,2024,04,165,119569670,0.117941386704789,0.15901326180514
cn,LU,2024,05,53,2704410,0.0378842030021444,0.00359653961877153
cn,LU,2024,06,166,0,0.118656182987848,0
cn,LU,2024,07,69,1500000,0.0493209435310936,0.00199481936102784
cn,LU,2024,09,54,4310000,0.0385989992852037,0.00573178096402
cn,LU,2024,10,21,80000,0.0150107219442459,0.000106390365921485
cn,LU,2024,08,38,2500000,0.0271622587562545,0.0033246989350464
cn,LU,2024,unresolved,2,0,0.00142959256611866,0
cn,LU,2024,02,13,0,0.00929235167977127,0
cn,LU,2025,01,590,1071752370,0.368059887710543,0.847828353209829
cn,LU,2025,03,385,33700000,0.240174672489083,0.026658971141973
cn,LU,2025,04,182,146092000,0.11353711790393,0.115568617568936
cn,LU,2025,05,59,4144431,0.0368059887710543,0.00327852422637681
cn,LU,2025,06,176,0,0.109794135995009,0
cn,LU,2025,07,79,1300000,0.0492825951341235,0.00102838761081795
cn,LU,2025,08,36,3383000,0.0224578914535246,0.00267618099030548
cn,LU,2025,09,64,990000,0.0399251403618216,0.000783156719007517
cn,LU,2025,10,18,2753000,0.0112289457267623,0.00217780853275525
cn,LU,2025,02,14,0,0.00873362445414847,0
cn,LU,2026,01,533,410292525,0.401053423626787,0.727898717543103
cn,LU,2026,03,210,3560000,0.158013544018059,0.00631578514488765
cn,LU,2026,04,154,26102776,0.115876598946576,0.0463088553093061
cn,LU,2026,05,53,2261752,0.0398796087283672,0.00401256732669099
cn,LU,2026,06,154,0,0.115876598946576,0
cn,LU,2026,07,93,0,0.0699774266365689,0
cn,LU,2026,08,17,450000,0.0127915726109857,0.000798343627865012
cn,LU,2026,09,95,1.21e+08,0.0714823175319789,0.214665731048148
cn,LU,2026,02,10,0,0.00752445447705041,0
cn,LU,2026,10,10,0,0.00752445447705041,0
cn,LV,2016,01,165,22683175,0.146797153024911,0.0668246677980432
cn,LV,2016,02,56,21291809,0.0498220640569395,0.0627257014612984
cn,LV,2016,03,50,12131882,0.0444839857651246,0.0357405426892426
cn,LV,2016,04,327,155606824,0.290925266903915,0.458417938445944
cn,LV,2016,05,53,13399473,0.047153024911032,0.0394748676891065
cn,LV,2016,06,36,54101831,0.0320284697508897,0.159384075811295
cn,LV,2016,07,190,7762508,0.169039145907473,0.0228683602881719
cn,LV,2016,09,58,13268700,0.0516014234875445,0.0390896102336598
cn,LV,2016,unresolved,150,22247399,0.133451957295374,0.0655408710440897
cn,LV,2016,08,20,1489734,0.0177935943060498,0.00438875861326512
cn,LV,2016,10,19,15459804,0.0169039145907473,0.0455446059258838
cn,LV,2017,01,165,34959705,0.123873873873874,0.0488652034900734
cn,LV,2017,02,65,7932219,0.0487987987987988,0.0110873216911535
cn,LV,2017,03,48,13446265,0.036036036036036,0.0187946229925696
cn,LV,2017,04,365,424589305,0.274024024024024,0.593473051003544
cn,LV,2017,05,56,24779174,0.042042042042042,0.034635285962108
cn,LV,2017,06,31,34050046,0.0232732732732733,0.0475937204457635
cn,LV,2017,07,242,26510945,0.181681681681682,0.0370558825407464
cn,LV,2017,08,17,37017188,0.0127627627627628,0.0517410665865259
cn,LV,2017,09,122,50348380,0.0915915915915916,0.0703748453854385
cn,LV,2017,unresolved,195,34439554,0.146396396396396,0.0481381583259176
cn,LV,2017,10,26,27358702,0.0195195195195195,0.0382408415761597
cn,LV,2018,01,212,109671300,0.131269349845201,0.0707684006646537
cn,LV,2018,02,65,779072,0.0402476780185759,0.000502717478890221
cn,LV,2018,04,392,998213561,0.242724458204334,0.64412455431584
cn,LV,2018,05,81,75525462,0.0501547987616099,0.0487348664162737
cn,LV,2018,06,34,46162501,0.0210526315789474,0.0297876141383432
cn,LV,2018,07,291,87656828,0.180185758513932,0.0565629615487063
cn,LV,2018,08,30,16118535,0.0185758513931889,0.0104009247907816
cn,LV,2018,09,235,110282617,0.145510835913313,0.0711628696496034
cn,LV,2018,10,28,21109574,0.0173374613003096,0.0136215289751481
cn,LV,2018,unresolved,203,70782182,0.125696594427245,0.0456741354911854
cn,LV,2018,03,44,13419698,0.0272445820433437,0.00865942653057502
cn,LV,2019,01,230,108366115,0.136986301369863,0.0712626833357354
cn,LV,2019,02,61,5306275,0.0363311494937463,0.00348946158139313
cn,LV,2019,03,64,165537175,0.038117927337701,0.108858966498127
cn,LV,2019,04,366,799113467,0.217986896962478,0.525505320073001
cn,LV,2019,05,76,51447020,0.04526503871352,0.0338320949756965
cn,LV,2019,06,41,21730024,0.0244192972007147,0.0142898895950079
cn,LV,2019,07,335,92103780,0.199523525908279,0.0605684028458918
cn,LV,2019,09,247,170031125,0.14711137581894,0.111814234718056
cn,LV,2019,10,25,34740084,0.0148898153662895,0.022845440248078
cn,LV,2019,unresolved,217,50395758,0.129243597379393,0.0331407741600624
cn,LV,2019,08,17,21886412,0.0101250744490768,0.0143927319689503
cn,LV,2020,01,267,94286271,0.157058823529412,0.0726119236566901
cn,LV,2020,02,64,2189851,0.0376470588235294,0.0016864522474489
cn,LV,2020,03,65,39928081,0.0382352941176471,0.0307494902341629
cn,LV,2020,04,366,626001249,0.215294117647059,0.482097281176606
cn,LV,2020,05,58,64764375,0.0341176470588235,0.0498764645509551
cn,LV,2020,06,57,36704657,0.0335294117647059,0.028267060767829
cn,LV,2020,07,351,111838484,0.206470588235294,0.0861292675588788
cn,LV,2020,08,29,11422766,0.0170588235294118,0.00879692243571957
cn,LV,2020,09,205,134905813,0.120588235294118,0.103893923160878
cn,LV,2020,10,32,62879245,0.0188235294117647,0.0484246846238125
cn,LV,2020,unresolved,206,113574913,0.121176470588235,0.0874665295870193
cn,LV,2021,01,328,97394430,0.154789995280793,0.0576808810243839
cn,LV,2021,02,79,954948,0.0372817366682397,0.000565558440790437
cn,LV,2021,03,64,40506222,0.0302029259084474,0.0239894064981876
cn,LV,2021,04,492,1092027647,0.232184992921189,0.646742496279766
cn,LV,2021,05,75,43561242,0.0353940537989618,0.0257987116622213
cn,LV,2021,06,56,19307814,0.0264275601698915,0.0114348605169201
cn,LV,2021,07,427,125583097,0.201510146295422,0.0743753382686326
cn,LV,2021,08,40,19954257,0.0188768286927796,0.0118177099444699
cn,LV,2021,09,235,87141709,0.11090136857008,0.0516088091391929
cn,LV,2021,10,28,16135065,0.0132137800849457,0.00955583152533159
cn,LV,2021,unresolved,295,145938118,0.13921661160925,0.0864303967001039
cn,LV,2022,01,678,96631613,0.216336949585195,0.0654249144389547
cn,LV,2022,02,106,537190,0.0338225909380983,0.000363707162659719
cn,LV,2022,03,87,64750332,0.0277600510529675,0.0438395344905803
cn,LV,2022,04,857,745788662,0.273452456924059,0.504939924793478
cn,LV,2022,05,110,76877085,0.0350989151244416,0.0520500129542621
cn,LV,2022,06,93,63596318,0.0296745373324825,0.0430582035692869
cn,LV,2022,07,544,116467371,0.173580089342693,0.0788548130993631
cn,LV,2022,08,51,37340210,0.0162731333758775,0.0252813749924944
cn,LV,2022,09,221,166887748,0.0705169112954691,0.112992180248609
cn,LV,2022,unresolved,348,87780430,0.11104020421187,0.0594321769436328
cn,LV,2022,10,39,20327976,0.0124441608168475,0.013763157306679
cn,LV,2023,01,837,121783674,0.26504116529449,0.0954200943856473
cn,LV,2023,03,98,24922868,0.0310322989233692,0.0195275962599144
cn,LV,2023,04,787,653866866,0.249208359721343,0.512318572926018
cn,LV,2023,05,132,87783957,0.0417986067131096,0.0687805942074437
cn,LV,2023,06,140,51095191,0.0443318556048132,0.0400341670417389
cn,LV,2023,07,493,79030109,0.156111462951235,0.0619217684308654
cn,LV,2023,08,86,18151645,0.0272324255858138,0.0142221992674877
cn,LV,2023,09,232,127870697,0.0734642178594047,0.100189406150602
cn,LV,2023,10,42,6615550,0.013299556681444,0.0051834238915552
cn,LV,2023,unresolved,264,105169042,0.0835972134262191,0.0824021774387272
cn,LV,2023,02,47,0,0.0148828372387587,0
cn,LV,2024,01,901,118221542,0.260179035518337,0.0630783509235343
cn,LV,2024,02,75,8194102,0.0216575223794398,0.00437204956656067
cn,LV,2024,03,177,80802794,0.0511117528154779,0.043113183175483
cn,LV,2024,04,863,971971003,0.249205890846087,0.518605382551461
cn,LV,2024,05,198,280395999,0.0571758590817211,0.149608243330788
cn,LV,2024,06,219,79433864,0.0632399653479642,0.0423827761323254
cn,LV,2024,07,574,159972774,0.165752237943979,0.0853551612157389
cn,LV,2024,08,62,7942564,0.0179035518336702,0.00423783881303655
cn,LV,2024,09,308,131568765,0.0889402252382327,0.0701999025629865
cn,LV,2024,10,86,35698126,0.024833958995091,0.0190471117280854
cn,LV,2025,01,1222,236500149,0.29143811113761,0.164994926681286
cn,LV,2025,02,110,7017038,0.0262341998569044,0.00489545429559029
cn,LV,2025,03,182,24638940,0.0434056761268781,0.0171894187635569
cn,LV,2025,04,840,637231196,0.200333889816361,0.444565954430109
cn,LV,2025,05,216,74262988,0.0515144288099213,0.051809761270777
cn,LV,2025,06,231,99513886,0.0550918196994992,0.069426114079699
cn,LV,2025,07,700,97324989,0.166944908180301,0.0678990245554218
cn,LV,2025,08,119,21647686,0.0283806343906511,0.0151025628503494
cn,LV,2025,09,476,169915309,0.113522537562604,0.118541844768491
cn,LV,2025,10,74,27842718,0.0176484617219175,0.0194245425824984
cn,LV,2025,unresolved,22,37483410,0.00524683997138087,0.0261503957222224
cn,LV,2025,unmapped,1,0,0.000238492725971858,0
cn,LV,2026,01,1039,198853936,0.318321078431373,0.131492935519035
cn,LV,2026,02,83,20052147,0.0254289215686275,0.0132595598836385
cn,LV,2026,03,102,26196008,0.03125,0.0173222117705537
cn,LV,2026,04,642,747527766,0.196691176470588,0.494305631110699
cn,LV,2026,05,181,185994792,0.055453431372549,0.122989776734077
cn,LV,2026,06,195,95375206,0.0597426470588235,0.0630672244409218
cn,LV,2026,07,487,65177734,0.149203431372549,0.0430990290991215
cn,LV,2026,08,103,24657366,0.0315563725490196,0.016304778787518
cn,LV,2026,09,352,103042665,0.107843137254902,0.0681373614075939
cn,LV,2026,10,69,42910855,0.0211397058823529,0.0283749691008463
cn,LV,2026,unresolved,9,2490000,0.00275735294117647,0.00164652214599563
cn,LV,2026,unmapped,2,0,0.000612745098039216,0
cn,MK,2016,01,514,117795111,0.295742232451093,0.255221621565874
cn,MK,2016,02,48,5387032,0.0276179516685846,0.0116718514953244
cn,MK,2016,03,38,6124813,0.0218642117376295,0.0132703699871529
cn,MK,2016,04,360,119907717,0.207134637514384,0.259798914498259
cn,MK,2016,05,49,5407621,0.0281933256616801,0.0117164607997498
cn,MK,2016,06,92,5210478,0.0529344073647871,0.0112893195057417
cn,MK,2016,07,359,30665609,0.206559263521289,0.0664418615411387
cn,MK,2016,08,34,15669007,0.0195627157652474,0.0339493663269865
cn,MK,2016,09,61,21531220,0.0350978135788262,0.0466507721419065
cn,MK,2016,10,19,11313891,0.0109321058688147,0.0245133230295063
cn,MK,2016,unresolved,164,122527986,0.094361334867664,0.26547613910836
cn,MK,2017,01,456,95329549,0.279411764705882,0.202120535805863
cn,MK,2017,02,28,9030809,0.017156862745098,0.0191473889574407
cn,MK,2017,03,67,7431523,0.0410539215686275,0.015756535369884
cn,MK,2017,04,309,232603188,0.189338235294118,0.49317217464977
cn,MK,2017,05,55,6337913,0.0337009803921569,0.0134378310281416
cn,MK,2017,06,68,12286177,0.0416666666666667,0.0260495166954547
cn,MK,2017,07,414,79971627,0.253676470588235,0.169558214300443
cn,MK,2017,08,21,2167204,0.0128676470588235,0.00459497016691654
cn,MK,2017,09,41,11673092,0.0251225490196078,0.0247496357037326
cn,MK,2017,10,24,1587180,0.0147058823529412,0.00336518608747797
cn,MK,2017,unresolved,149,13228761,0.0912990196078431,0.0280480112348764
cn,MK,2018,01,593,89133843,0.301321138211382,0.162585895000675
cn,MK,2018,03,87,22682354,0.0442073170731707,0.0413740808394422
cn,MK,2018,04,350,157156309,0.177845528455285,0.28666327282408
cn,MK,2018,05,54,6457236,0.0274390243902439,0.0117784161319128
cn,MK,2018,06,86,726840,0.0436991869918699,0.00132580317357449
cn,MK,2018,07,475,86841573,0.241361788617886,0.158404646251721
cn,MK,2018,08,23,100405207,0.0116869918699187,0.183145591992741
cn,MK,2018,09,49,10155400,0.0248983739837398,0.0185241064731143
cn,MK,2018,10,31,8807182,0.0157520325203252,0.0160648696354743
cn,MK,2018,unresolved,180,53345545,0.0914634146341463,0.0973057245845867
cn,MK,2018,02,40,12514684,0.0203252032520325,0.0228275930926778
cn,MK,2019,01,282,147699224,0.230958230958231,0.331499727707566
cn,MK,2019,02,31,6794172,0.0253890253890254,0.0152490047476375
cn,MK,2019,03,84,12003974,0.0687960687960688,0.0269420109641788
cn,MK,2019,04,233,96258666,0.190827190827191,0.216045289232485
cn,MK,2019,07,342,90823583,0.28009828009828,0.203846656864802
cn,MK,2019,08,17,1942422,0.0139230139230139,0.00435961914121624
cn,MK,2019,09,30,4571943,0.0245700245700246,0.0102613799757981
cn,MK,2019,10,27,2827025,0.0221130221130221,0.00634504361189116
cn,MK,2019,unresolved,122,56445481,0.0999180999180999,0.126687609285087
cn,MK,2019,05,33,21363702,0.027027027027027,0.0479492119459313
cn,MK,2019,06,20,4818361,0.0163800163800164,0.0108144465234073
cn,MK,2020,01,169,96224346,0.19674039580908,0.294279067778008
cn,MK,2020,02,31,8321311,0.0360884749708964,0.0254487325252477
cn,MK,2020,03,58,870382,0.0675203725261933,0.00266185444971232
cn,MK,2020,04,228,88131536,0.265424912689173,0.269529150719548
cn,MK,2020,07,237,115529884,0.275902211874272,0.353320422297507
cn,MK,2020,08,5,2296780,0.00582072176949942,0.00702415038800236
cn,MK,2020,10,11,421564,0.0128055878928987,0.00128925231592396
cn,MK,2020,unresolved,83,8826750,0.0966239813736903,0.0269944963981312
cn,MK,2020,06,11,906043,0.0128055878928987,0.00277091505934257
cn,MK,2020,09,10,1029760,0.0116414435389988,0.00314927381096549
cn,MK,2020,05,16,4424962,0.0186263096623981,0.013532684257611
cn,MK,2021,01,208,128933222,0.202926829268293,0.322461385763846
cn,MK,2021,02,30,11221472,0.0292682926829268,0.0280648490381338
cn,MK,2021,03,131,3108653,0.127804878048781,0.00777472662739272
cn,MK,2021,04,227,121126889,0.221463414634146,0.302937783407007
cn,MK,2021,05,36,21857324,0.0351219512195122,0.0546650651926574
cn,MK,2021,07,274,26737197,0.267317073170732,0.0668696047637819
cn,MK,2021,09,28,7224043,0.0273170731707317,0.0180672977876688
cn,MK,2021,10,7,375803,0.00682926829268293,0.000939881547008967
cn,MK,2021,unresolved,70,37272574,0.0682926829268293,0.0932185334127886
cn,MK,2021,06,5,397745,0.00487804878048781,0.000994758386481964
cn,MK,2021,08,9,41585889,0.00878048780487805,0.104006114073233
cn,MK,2022,01,187,50302316,0.17911877394636,0.171815608450626
cn,MK,2022,04,331,137915567,0.317049808429119,0.471072684981702
cn,MK,2022,05,25,7859772,0.0239463601532567,0.0268463087954676
cn,MK,2022,07,240,56142675,0.229885057471264,0.191764289047262
cn,MK,2022,09,17,11560798,0.0162835249042146,0.0394877552465929
cn,MK,2022,unresolved,88,10649116,0.0842911877394636,0.0363737595104228
cn,MK,2022,03,86,1672493,0.0823754789272031,0.00571266743313394
cn,MK,2022,06,11,162000,0.010536398467433,0.000553336919298136
cn,MK,2022,10,17,1237279,0.0162835249042146,0.0042261243837795
cn,MK,2022,02,36,14647080,0.0344827586206897,0.0500294452093417
cn,MK,2022,08,6,620091,0.00574712643678161,0.00211802002237346
cn,MK,2023,01,228,97923237,0.194207836456559,0.0546376096427087
cn,MK,2023,03,64,392081,0.0545144804088586,0.000218766957492662
cn,MK,2023,04,305,1565583712,0.259795570698467,0.873538848794784
cn,MK,2023,07,326,54515335,0.277683134582624,0.0304175769155945
cn,MK,2023,08,19,12673831,0.0161839863713799,0.007071537380404
cn,MK,2023,09,32,11585931,0.0272572402044293,0.00646452869328
cn,MK,2023,unresolved,118,33523860,0.100511073253833,0.0187050962826813
cn,MK,2023,05,26,7643752,0.0221465076660988,0.00426493599248229
cn,MK,2023,06,10,2189736,0.00851788756388416,0.00122179315608803
cn,MK,2023,10,13,1276227,0.0110732538330494,0.000712088313027123
cn,MK,2023,02,33,4923650,0.0281090289608177,0.00274721787145703
cn,MK,2024,01,257,149212389,0.261977573904179,0.552267315278655
cn,MK,2024,03,43,0,0.0438328236493374,0
cn,MK,2024,04,270,95624770,0.275229357798165,0.353927950326155
cn,MK,2024,05,18,1550000,0.018348623853211,0.00573688515021307
cn,MK,2024,06,5,735896,0.00509683995922528,0.00272371021580722
cn,MK,2024,07,305,7893332,0.310907237512742,0.0292149284751623
cn,MK,2024,10,11,1500000,0.0112130479102956,0.00555182433891587
cn,MK,2024,unresolved,14,0,0.0142711518858308,0
cn,MK,2024,08,13,13500000,0.0132517838939857,0.0499664190502428
cn,MK,2024,02,22,0,0.0224260958205912,0
cn,MK,2024,09,23,165072,0.0234454638124363,0.000610967164849014
cn,MK,2025,01,324,21485436,0.288512911843277,0.242783806023868
cn,MK,2025,03,61,0,0.0543187889581478,0
cn,MK,2025,04,242,2833764,0.215494211932324,0.0320213194320757
cn,MK,2025,05,17,9450000,0.0151380231522707,0.106784287129456
cn,MK,2025,07,387,54726966,0.344612644701692,0.618410587414601
cn,MK,2025,08,11,0,0.00979519145146928,0
cn,MK,2025,09,26,0,0.0231522707034728,0
cn,MK,2025,10,13,0,0.0115761353517364,0
cn,MK,2025,unresolved,4,0,0.00356188780053428,0
cn,MK,2025,02,29,0,0.0258236865538736,0
cn,MK,2025,06,9,0,0.00801424755120214,0
cn,MK,2026,01,217,8561187,0.275730622617535,0.437839994943035
cn,MK,2026,02,12,0,0.0152477763659466,0
cn,MK,2026,03,38,0,0.048284625158831,0
cn,MK,2026,04,173,8711821,0.219822109275731,0.445543785293398
cn,MK,2026,05,11,0,0.0139771283354511,0
cn,MK,2026,07,289,1936024,0.367217280813215,0.0990129918163913
cn,MK,2026,09,18,0,0.02287166454892,0
cn,MK,2026,06,8,0,0.0101651842439644,0
cn,MK,2026,unresolved,7,0,0.00889453621346887,0
cn,MK,2026,08,8,344200,0.0101651842439644,0.0176032279471752
cn,MK,2026,10,6,0,0.00762388818297332,0
cn,MT,2016,01,98,15800,0.198380566801619,0.00077043311750641
cn,MT,2016,04,87,360000,0.176113360323887,0.0175541722976144
cn,MT,2016,05,19,4e+05,0.0384615384615385,0.0195046358862382
cn,MT,2016,06,5,0,0.0101214574898785,0
cn,MT,2016,07,68,0,0.137651821862348,0
cn,MT,2016,08,16,43000,0.0323886639676113,0.00209674835777061
cn,MT,2016,09,17,0,0.034412955465587,0
cn,MT,2016,unresolved,172,19689145,0.348178137651822,0.96007401034087
cn,MT,2016,03,9,0,0.0182186234817814,0
cn,MT,2016,02,1,0,0.00202429149797571,0
cn,MT,2016,10,2,0,0.00404858299595142,0
cn,MT,2017,01,134,4074534,0.268,0.122577770501491
cn,MT,2017,04,60,2337500,0.12,0.0703210572171531
cn,MT,2017,05,26,1139074,0.052,0.0342677595416349
cn,MT,2017,08,22,2689000,0.044,0.0808955391901283
cn,MT,2017,09,61,3056779,0.122,0.0919597565600822
cn,MT,2017,unresolved,60,18765514,0.12,0.564539372707289
cn,MT,2017,06,13,0,0.026,0
cn,MT,2017,07,112,960000,0.224,0.0288805197554939
cn,MT,2017,03,4,0,0.008,0
cn,MT,2017,02,6,207998,0.012,0.00625738577927419
cn,MT,2017,10,2,10000,0.004,0.000300838747453062
cn,MT,2018,01,181,5688516,0.225124378109453,0.133499256668091
cn,MT,2018,02,3,0,0.00373134328358209,0
cn,MT,2018,03,12,0,0.0149253731343284,0
cn,MT,2018,04,90,1936054,0.111940298507463,0.0454357111537148
cn,MT,2018,05,76,1500000,0.0945273631840796,0.0352023067179801
cn,MT,2018,06,58,3e+05,0.0721393034825871,0.00704046134359601
cn,MT,2018,07,175,0,0.217661691542289,0
cn,MT,2018,09,100,1924169,0.124378109452736,0.045156791543486
cn,MT,2018,10,7,1495000,0.00870646766169154,0.0350849656955868
cn,MT,2018,unresolved,85,29767105,0.105721393034826,0.698580506877545
cn,MT,2018,08,17,0,0.0211442786069652,0
cn,MT,2019,01,170,13050626,0.274193548387097,0.126502816510689
cn,MT,2019,04,32,70140000,0.0516129032258065,0.679883673783904
cn,MT,2019,05,60,656000,0.0967741935483871,0.00635876375822984
cn,MT,2019,06,33,7e+05,0.0532258064516129,0.00678526620542818
cn,MT,2019,07,146,2e+05,0.235483870967742,0.00193864748726519
cn,MT,2019,09,73,980820,0.117741935483871,0.00950732114229724
cn,MT,2019,10,4,0,0.00645161290322581,0
cn,MT,2019,unresolved,73,17437261,0.117741935483871,0.169023511112187
cn,MT,2019,03,13,0,0.0209677419354839,0
cn,MT,2019,08,11,0,0.017741935483871,0
cn,MT,2019,02,5,0,0.00806451612903226,0
cn,MT,2020,01,168,11548892,0.240687679083095,0.112857076057771
cn,MT,2020,03,16,1794301,0.0229226361031519,0.0175341118808224
cn,MT,2020,04,46,4201840,0.0659025787965616,0.0410608547090566
cn,MT,2020,05,69,33133935,0.0988538681948424,0.323788552389983
cn,MT,2020,06,47,2978296,0.0673352435530086,0.0291042446491452
cn,MT,2020,07,200,11179600,0.286532951289398,0.109248312954651
cn,MT,2020,08,17,87480,0.0243553008595989,0.000854864433188382
cn,MT,2020,09,51,2213200,0.0730659025787966,0.0216276401867001
cn,MT,2020,unresolved,78,33961118,0.111747851002865,0.331871878023706
cn,MT,2020,10,3,0,0.00429799426934097,0
cn,MT,2020,02,3,1233353,0.00429799426934097,0.012052464714977
cn,MT,2021,01,207,6990698,0.273087071240106,0.0578064457360079
cn,MT,2021,02,10,213000,0.0131926121372032,0.00176130808994605
cn,MT,2021,03,17,50000,0.0224274406332454,0.000413452603273721
cn,MT,2021,04,83,30009950,0.109498680738786,0.248153839032284
cn,MT,2021,05,55,11237744,0.0725593667546174,0.0929254902344728
cn,MT,2021,06,43,234000,0.0567282321899736,0.00193495818332101
cn,MT,2021,07,162,9590948,0.213720316622691,0.0793080483692578
cn,MT,2021,08,21,672550,0.0277044854881266,0.00556135096663482
cn,MT,2021,09,78,0,0.102902374670185,0
cn,MT,2021,10,3,7817400,0.00395778364116095,0.0646424876166397
cn,MT,2021,unresolved,79,54116556,0.104221635883905,0.447492619168162
cn,MT,2022,01,259,7244689,0.318965517241379,0.273676922102878
cn,MT,2022,04,73,0,0.0899014778325123,0
cn,MT,2022,05,69,140000,0.0849753694581281,0.00528866996145769
cn,MT,2022,06,41,0,0.0504926108374384,0
cn,MT,2022,07,201,0,0.247536945812808,0
cn,MT,2022,08,14,1000,0.0172413793103448,3.7776214010412e-05
cn,MT,2022,09,74,2930000,0.0911330049261084,0.110684307050507
cn,MT,2022,unresolved,63,15605995,0.0775862068965517,0.58953540696542
cn,MT,2022,02,4,0,0.00492610837438424,0
cn,MT,2022,03,11,550000,0.0135467980295567,0.0207769177057266
cn,MT,2022,10,3,0,0.00369458128078818,0
cn,MT,2023,01,255,174718971,0.263975155279503,0.462174019875616
cn,MT,2023,04,111,30484615,0.114906832298137,0.0806391943489095
cn,MT,2023,05,62,4090253,0.0641821946169772,0.0108197104212473
cn,MT,2023,07,328,78579649,0.339544513457557,0.207862214680425
cn,MT,2023,08,14,904890,0.0144927536231884,0.00239365334200169
cn,MT,2023,09,63,2148900,0.0652173913043478,0.0056843612667036
cn,MT,2023,10,4,0,0.0041407867494824,0
cn,MT,2023,unresolved,68,54035000,0.0703933747412008,0.142935669899171
cn,MT,2023,03,18,373113,0.0186335403726708,0.00098697430559988
cn,MT,2023,06,40,32684084,0.041407867494824,0.0864573228755582
cn,MT,2023,02,3,17722,0.0031055900621118,4.68789847682634e-05
cn,MT,2024,01,301,596451360,0.318181818181818,0.271884813800888
cn,MT,2024,02,12,5542695,0.0126849894291755,0.0025265674606394
cn,MT,2024,04,111,582321255,0.117336152219873,0.265443784029555
cn,MT,2024,05,76,17611851,0.080338266384778,0.00802813967902426
cn,MT,2024,06,76,108136046,0.080338266384778,0.0492924498183293
cn,MT,2024,07,243,748309352,0.256871035940803,0.341107360093845
cn,MT,2024,09,63,72876492,0.0665961945031713,0.0332198277792206
cn,MT,2024,10,8,8462778,0.00845665961945032,0.00385765038873958
cn,MT,2024,08,37,36070246,0.0391120507399577,0.0164421657408279
cn,MT,2024,unresolved,6,3606050,0.00634249471458774,0.00164377231499094
cn,MT,2024,03,13,14376770,0.0137420718816068,0.00655346889393998
cn,MT,2025,01,331,362336823,0.335699797160243,0.192090501661674
cn,MT,2025,02,5,4050600,0.0050709939148073,0.00214739915084693
cn,MT,2025,03,29,19741522,0.0294117647058824,0.0104658390310636
cn,MT,2025,04,114,248416816,0.115618661257607,0.131696553531452
cn,MT,2025,05,88,706004741,0.0892494929006085,0.374283805193628
cn,MT,2025,07,263,306776510,0.266734279918864,0.162635564379051
cn,MT,2025,08,41,32935484,0.0415821501014199,0.0174605318654848
cn,MT,2025,09,46,81700630,0.0466531440162272,0.0433130557165999
cn,MT,2025,unresolved,8,248910,0.00811359026369168,0.000131958011809932
cn,MT,2025,06,53,118361132,0.0537525354969574,0.0627483815607766
cn,MT,2025,10,7,5708662,0.00709939148073022,0.00302640989761323
cn,MT,2025,unmapped,1,0,0.00101419878296146,0
cn,MT,2026,01,273,356473316,0.355932203389831,0.146900639101549
cn,MT,2026,02,4,498900,0.00521512385919166,0.000205593870728216
cn,MT,2026,04,86,172010608,0.112125162972621,0.0708845995290317
cn,MT,2026,05,41,523862149,0.0534550195567145,0.215880631270619
cn,MT,2026,06,50,109960101,0.0651890482398957,0.0453139362402398
cn,MT,2026,07,237,409150231,0.308996088657106,0.168608498097081
cn,MT,2026,08,24,793336359,0.0312907431551499,0.326929430419403
cn,MT,2026,10,11,14984077,0.0143415906127771,0.00617485345704478
cn,MT,2026,unmapped,5,27156,0.00651890482398957,1.11908341421035e-05
cn,MT,2026,03,7,925554,0.0091264667535854,0.000381415573116824
cn,MT,2026,09,28,45390361,0.0365058670143416,0.0187051112682724
cn,MT,2026,unresolved,1,9950,0.00130378096479791,4.10033877279165e-06
cn,NL,2016,01,1335,207793600,0.285073670723895,0.193731835123171
cn,NL,2016,02,104,46008291,0.0222079863335469,0.0428948275900262
cn,NL,2016,03,207,13970000,0.0442024343369635,0.0130246250927396
cn,NL,2016,04,827,528309340,0.176596199017724,0.492557701252162
cn,NL,2016,05,373,36584999,0.0796497971385864,0.0341092266280067
cn,NL,2016,06,221,18704999,0.0471919709587871,0.0174391982344359
cn,NL,2016,07,296,45664382,0.0632073457185565,0.042574191527677
cn,NL,2016,08,187,20692000,0.0399316677343583,0.0192917353198975
cn,NL,2016,09,761,75527896,0.162502669229127,0.0704167880775539
cn,NL,2016,10,84,4980000,0.0179372197309417,0.00464299448545765
cn,NL,2016,unresolved,288,74348149,0.0614990390775144,0.0693168766688722
cn,NL,2017,01,1434,480419504,0.278825588178106,0.192031903310474
cn,NL,2017,02,122,19434835,0.0237215632899086,0.00776843638632751
cn,NL,2017,03,225,44526200,0.043748784755979,0.017797884686178
cn,NL,2017,04,912,1146677470,0.177328407544235,0.458346622512101
cn,NL,2017,05,383,46862868,0.0744701536068443,0.0187318909030544
cn,NL,2017,06,192,26179194,0.0373322963251021,0.0104642721810773
cn,NL,2017,07,392,408738014,0.0762201049970834,0.163379584155607
cn,NL,2017,08,251,87960750,0.0488041998833366,0.0351594181719915
cn,NL,2017,09,823,92569380,0.160023332685203,0.0370015665094032
cn,NL,2017,10,93,15769000,0.0180828310324713,0.00630313935652134
cn,NL,2017,unresolved,316,132632000,0.0614427377017305,0.0530152818272648
cn,NL,2018,01,2039,3787686386,0.346121201833305,0.673900931124277
cn,NL,2018,02,117,10500000,0.0198608046172127,0.00186814827197916
cn,NL,2018,03,226,50407750,0.0383636054999151,0.00896849057684359
cn,NL,2018,04,839,414763464,0.142420641656765,0.0737942522430183
cn,NL,2018,05,423,44776009,0.0718044474622305,0.00796649750852128
cn,NL,2018,06,220,123827142,0.0373451026990324,0.0220311867953732
cn,NL,2018,07,342,657018850,0.058054659650314,0.116896059931927
cn,NL,2018,08,262,123990148,0.0444746223052113,0.0220601886408229
cn,NL,2018,09,939,224722595,0.159395688338143,0.0399823930975165
cn,NL,2018,10,116,14208788,0.0196910541503989,0.00252801169039222
cn,NL,2018,unresolved,368,168637750,0.0624681717874724,0.030003840119329
cn,NL,2019,01,1628,344379243,0.290040976305006,0.112252941295759
cn,NL,2019,02,145,101245826,0.0258328879387137,0.0330018199221684
cn,NL,2019,03,209,82788669,0.0372349902013184,0.026985574160203
cn,NL,2019,04,816,633727579,0.14537680384821,0.206568154640466
cn,NL,2019,05,422,86718977,0.0751826117940495,0.0282666868932322
cn,NL,2019,06,226,341903500,0.0402636736148227,0.111445954698015
cn,NL,2019,07,396,738580003,0.0705505077498664,0.240745571645794
cn,NL,2019,08,281,65989110,0.0500623552467486,0.0215096346297196
cn,NL,2019,09,968,257626762,0.172456796721896,0.0839753335278764
cn,NL,2019,10,96,16214918,0.017103153393907,0.00528537150646316
cn,NL,2019,unresolved,426,398711555,0.0758952431854623,0.129962957080302
cn,NL,2020,01,1768,985919503,0.302584288892692,0.33700344934033
cn,NL,2020,02,147,48962140,0.0251583090877974,0.0167360621398359
cn,NL,2020,03,235,192512432,0.0402190655485196,0.0658039053162901
cn,NL,2020,04,826,718096000,0.141365736779052,0.245456985302677
cn,NL,2020,05,454,38643235,0.0776998117405443,0.0132088912421778
cn,NL,2020,06,227,18130000,0.0388499058702721,0.00619713122415044
cn,NL,2020,07,367,212323045,0.062810200239603,0.0725754976158963
cn,NL,2020,08,264,131249987,0.0451822693821667,0.0448633972756227
cn,NL,2020,09,1073,238395874,0.183638541844943,0.081487618007393
cn,NL,2020,10,104,16490000,0.0177990758172172,0.00563655233790628
cn,NL,2020,unresolved,378,324825000,0.0646927947971932,0.11103051019772
cn,NL,2021,01,1910,1551586413,0.285074626865672,0.343246729163575
cn,NL,2021,02,111,37235702,0.0165671641791045,0.00823739677824157
cn,NL,2021,03,296,117901807,0.0441791044776119,0.0260826011855681
cn,NL,2021,04,891,817675273,0.132985074626866,0.180888644437481
cn,NL,2021,05,484,88012500,0.0722388059701493,0.0194703965550317
cn,NL,2021,06,254,144396000,0.037910447761194,0.0319437282313348
cn,NL,2021,07,451,728737500,0.0673134328358209,0.161213556137167
cn,NL,2021,08,303,141363165,0.0452238805970149,0.0312727951236969
cn,NL,2021,09,1418,286348589,0.211641791044776,0.0633469175492548
cn,NL,2021,10,149,172134510,0.0222388059701493,0.0380801269195406
cn,NL,2021,unresolved,433,434932498,0.0646268656716418,0.0962171079191084
cn,NL,2022,01,2034,683576993,0.313356955784933,0.15953122298886
cn,NL,2022,02,115,174348006,0.0177168386997381,0.0406888337490451
cn,NL,2022,03,240,287168937,0.0369742720690186,0.067018656556835
cn,NL,2022,04,900,870907406,0.13865352025882,0.203249853362511
cn,NL,2022,05,531,137714553,0.0818055769527037,0.0321394243639417
cn,NL,2022,06,244,219888109,0.0375905099368356,0.0513168513696274
cn,NL,2022,07,401,674356586,0.061777846248652,0.157379391051525
cn,NL,2022,08,321,96326000,0.0494530888923124,0.0224802834837728
cn,NL,2022,09,1079,319254698,0.16623016484363,0.0745067387264733
cn,NL,2022,10,149,190876076,0.0229548605761824,0.0445461069571056
cn,NL,2022,unresolved,477,630493014,0.0734863657371746,0.147142637390303
cn,NL,2023,01,2333,2824926725,0.332762801312224,0.270355527949661
cn,NL,2023,02,127,149818661,0.0181143916702325,0.0143381783438529
cn,NL,2023,03,252,569735826,0.0359435173299101,0.054525743505813
cn,NL,2023,04,1065,2520047016,0.151904150620454,0.24117745619354
cn,NL,2023,05,522,457491500,0.0744544287548139,0.0437835625683291
cn,NL,2023,06,273,1040534000,0.038938810440736,0.0995828020705821
cn,NL,2023,07,381,500651388,0.0543431750106975,0.0479141172489954
cn,NL,2023,08,318,73338995,0.0453572956782199,0.00701880248328302
cn,NL,2023,09,1214,1293046134,0.173156468406789,0.123749110774135
cn,NL,2023,10,136,103008942,0.0193980887177293,0.00985832186424093
cn,NL,2023,unresolved,390,916333544,0.0556268720581943,0.0876963769975676
cn,NL,2024,01,2790,4499698639,0.365709791584742,0.291992577193043
cn,NL,2024,02,148,575934177,0.0193996591951763,0.0373732816634044
cn,NL,2024,03,262,898917414,0.0343426399265959,0.0583321758756488
cn,NL,2024,04,1122,4610490237,0.147070389303972,0.299182019603912
cn,NL,2024,05,604,461411536,0.0791715821208546,0.0299417259581594
cn,NL,2024,06,349,1033846625,0.0457464936426793,0.0670879462548113
cn,NL,2024,07,508,1553255600,0.0665880193996592,0.100793217961886
cn,NL,2024,08,423,264993469,0.0554463232402674,0.017195846246679
cn,NL,2024,09,1219,1042992290,0.159785030803513,0.0676814229535281
cn,NL,2024,10,164,319024198,0.0214969196487089,0.0207019858960301
cn,NL,2024,unresolved,40,149754400,0.00524315113383143,0.00971780039289824
cn,NL,2025,01,3026,4853345613,0.375341106425205,0.266815347995992
cn,NL,2025,02,137,418829434,0.016993301910196,0.0230253787993883
cn,NL,2025,03,295,1228631863,0.0365914165219548,0.0675447133225434
cn,NL,2025,04,1144,3768173636,0.14190027288514,0.207157420915093
cn,NL,2025,05,636,966457927,0.0788886132473332,0.0531315568018234
cn,NL,2025,06,395,306811629,0.0489952865293972,0.0168671382770638
cn,NL,2025,07,500,3231486796,0.0620193500372116,0.177652766312316
cn,NL,2025,08,404,342617471,0.050111634830067,0.0188355841606477
cn,NL,2025,09,1268,760900225,0.157281071694369,0.0418309089259586
cn,NL,2025,10,227,2197909294,0.0281567849168941,0.120831273909575
cn,NL,2025,unresolved,29,114740289,0.00359712230215827,0.00630791057959953
cn,NL,2025,unmapped,1,0,0.000124038700074423,0
cn,NL,2026,01,2154,3656609043,0.372728845821076,0.318928752967327
cn,NL,2026,02,81,159013712,0.0140162657899291,0.0138691460521189
cn,NL,2026,03,190,166086059,0.0328776604948953,0.0144859948272375
cn,NL,2026,04,848,1685127766,0.14673818999827,0.146976526798738
cn,NL,2026,05,439,559670863,0.0759646997750476,0.0488143874036626
cn,NL,2026,06,295,320946500,0.0510468939262848,0.0279928933639156
cn,NL,2026,07,346,931045908,0.0598719501643883,0.0812056489774898
cn,NL,2026,08,320,214353051,0.0553729018861395,0.0186958327910507
cn,NL,2026,09,911,743305529,0.157639730057103,0.0648309684327632
cn,NL,2026,10,169,2541745655,0.0292438138086174,0.221690577958042
cn,NL,2026,unresolved,26,487380900,0.00449904827824883,0.0425092704276544
cn,NO,2016,01,1644,1033584555,0.372620126926564,0.199992317711259
cn,NO,2016,02,143,161311433,0.0324116047144152,0.0312127800313293
cn,NO,2016,03,120,314135793,0.0271985494106981,0.0607833631164643
cn,NO,2016,04,655,1834348912,0.148458748866727,0.354935344793349
cn,NO,2016,05,236,133642606,0.0534904805077063,0.0258590304872663
cn,NO,2016,06,98,91334251,0.0222121486854034,0.0176726214179079
cn,NO,2016,07,504,825814802,0.114233907524932,0.15979013565295
cn,NO,2016,08,139,81840784,0.0315049864007253,0.0158356933608267
cn,NO,2016,09,311,241427896,0.0704895738893926,0.046714827778355
cn,NO,2016,10,58,148375778,0.0131459655485041,0.0287098095563465
cn,NO,2016,unresolved,504,302304480,0.114233907524932,0.0584940760939456
cn,NO,2017,01,1606,1847659439,0.371673223790789,0.265998096278202
cn,NO,2017,02,118,541425430,0.0273084934043046,0.0779462549302662
cn,NO,2017,03,133,93181088,0.0307799120573941,0.0134148055068776
cn,NO,2017,04,658,781496973,0.152279564915529,0.112508129299892
cn,NO,2017,05,218,199070620,0.0504512844249016,0.0286591808139602
cn,NO,2017,06,90,51045351,0.0208285119185374,0.00734873857338197
cn,NO,2017,07,549,1066363622,0.127053922703078,0.153518926380636
cn,NO,2017,08,144,293210035,0.0333256190696598,0.0422119517663259
cn,NO,2017,09,328,361841966,0.0759083545475584,0.0520925404746961
cn,NO,2017,10,53,75308246,0.0122656792409165,0.0108417436932491
cn,NO,2017,unresolved,424,1635535059,0.0981254339273316,0.235459632282514
cn,NO,2018,01,1665,1501400010,0.360623781676413,0.189405022415782
cn,NO,2018,02,117,262855431,0.0253411306042885,0.0331598098235426
cn,NO,2018,03,142,99551966,0.0307559021009313,0.0125587066912069
cn,NO,2018,04,746,2752844480,0.161576781459822,0.347277585565995
cn,NO,2018,05,261,153063611,0.0565302144249513,0.0193093222854684
cn,NO,2018,06,91,40739776,0.0197097682477799,0.00513941530245089
cn,NO,2018,07,644,911302860,0.13948451375352,0.114962926252988
cn,NO,2018,08,147,98120863,0.0318388564002599,0.0123781697963162
cn,NO,2018,09,344,366482105,0.0745072557938055,0.046232550186614
cn,NO,2018,10,63,170302162,0.01364522417154,0.0214840046598015
cn,NO,2018,unresolved,397,1570264918,0.0859865713666883,0.198092487019835
cn,NO,2019,01,1657,1170057087,0.344777361631294,0.151720349960551
cn,NO,2019,02,114,268629901,0.0237203495630462,0.0348330205785832
cn,NO,2019,03,149,150034312,0.0310029130253849,0.0194548270983042
cn,NO,2019,04,739,2005123542,0.153766125676238,0.260002737376163
cn,NO,2019,05,277,200773275,0.0576362879733666,0.026034107125344
cn,NO,2019,06,133,57770198,0.0276737411568872,0.00749101454555807
cn,NO,2019,07,671,612063524,0.139617145235123,0.0793657788932891
cn,NO,2019,08,150,125901677,0.031210986267166,0.0163255679635572
cn,NO,2019,09,362,429372052,0.0753225135247607,0.0556763244430652
cn,NO,2019,10,95,33245019,0.0197669579692052,0.00431085454989014
cn,NO,2019,unresolved,459,2658961842,0.0955056179775281,0.344785417465695
cn,NO,2020,01,1858,1474621888,0.365316555249705,0.185751657472765
cn,NO,2020,02,159,379243762,0.0312622886354699,0.0477716748618523
cn,NO,2020,03,148,149472623,0.0290994887927645,0.0188284113337749
cn,NO,2020,04,829,2224189686,0.162996460872985,0.28017142839828
cn,NO,2020,05,295,201321955,0.0580023594180102,0.0253596444832557
cn,NO,2020,06,122,246148395,0.0239874164372788,0.031006234701645
cn,NO,2020,07,666,1130619103,0.13094769956744,0.142419134058466
cn,NO,2020,08,147,75323609,0.0289028706252458,0.00948818495943854
cn,NO,2020,09,366,317105800,0.0719622493118364,0.0399444280758072
cn,NO,2020,10,96,258989536,0.0188753440817932,0.0326237769638357
cn,NO,2020,unresolved,400,1481637828,0.0786472670074715,0.18663542469088
cn,NO,2021,01,2133,1638688033,0.39245630174793,0.201476525753805
cn,NO,2021,02,157,189665307,0.028886844526219,0.0233193300621295
cn,NO,2021,03,144,110553646,0.0264949402023919,0.0135925594481326
cn,NO,2021,04,816,2664508144,0.150137994480221,0.327601003293492
cn,NO,2021,05,293,201527405,0.0539098436062558,0.0247777737958131
cn,NO,2021,06,146,198887174,0.0268629254829807,0.0244531576648869
cn,NO,2021,07,750,1883236060,0.137994480220791,0.231543680616531
cn,NO,2021,08,159,111911976,0.0292548298068077,0.0137595659824552
cn,NO,2021,09,379,445487237,0.0697332106715731,0.0547726101435573
cn,NO,2021,10,101,163145828,0.0185832566697332,0.0200587628363231
cn,NO,2021,unresolved,357,525783524,0.0656853725850966,0.0646450304028749
cn,NO,2022,01,2064,2196653452,0.377124063584871,0.15721305304337
cn,NO,2022,02,111,298132721,0.020281381326512,0.0213371641475186
cn,NO,2022,03,142,186863023,0.0259455508861685,0.0133736645259161
cn,NO,2022,04,950,7285381134,0.173579389731409,0.521409970069649
cn,NO,2022,05,335,196809670,0.0612095742737073,0.0140855395560857
cn,NO,2022,06,122,54836520,0.0222912479444546,0.00392461392561699
cn,NO,2022,07,770,2071743500,0.140690663255984,0.148273329350704
cn,NO,2022,08,171,196929150,0.0312442901516536,0.0140940906616597
cn,NO,2022,09,348,273990731,0.0635848711858213,0.0196093376890543
cn,NO,2022,10,73,341593773,0.0133382057372556,0.0244476432570821
cn,NO,2022,unresolved,387,869528596,0.0707107619221633,0.0622315937733429
cn,NO,2023,01,2346,3208839837,0.393294216261526,0.270699408831576
cn,NO,2023,02,149,208313731,0.0249790444258173,0.0175734554224184
cn,NO,2023,03,187,80695991,0.031349538977368,0.0068075560540288
cn,NO,2023,04,916,4860615827,0.153562447611065,0.41004409623524
cn,NO,2023,05,347,275117621,0.0581726739312657,0.0232090665620372
cn,NO,2023,06,189,272704238,0.0316848281642917,0.0230054723084845
cn,NO,2023,07,856,1449321335,0.143503772003353,0.12226550670048
cn,NO,2023,08,195,222897935,0.0326906957250629,0.0188037865083009
cn,NO,2023,09,386,522440770,0.0647108130762783,0.0440733769126767
cn,NO,2023,10,97,497283495,0.0162615255658005,0.0419510960210632
cn,NO,2023,unresolved,297,255654867,0.0497904442581727,0.0215671784436947
cn,NO,2024,01,2438,4456427202,0.444322945143065,0.238462003859119
cn,NO,2024,02,148,296930297,0.0269728449061418,0.0158886458635128
cn,NO,2024,03,151,289096178,0.0275195917623474,0.0154694446445695
cn,NO,2024,04,929,8470839287,0.16930927647166,0.45327191922714
cn,NO,2024,05,295,549160333,0.0537634408602151,0.0293853949613157
cn,NO,2024,06,126,98830588,0.0229633679606342,0.00528839336733207
cn,NO,2024,07,780,3503762938,0.14215418261345,0.187485241735313
cn,NO,2024,08,171,133676018,0.0311645708037179,0.00715296125691939
cn,NO,2024,09,315,484709693,0.0574084199015856,0.0259366616896255
cn,NO,2024,10,72,368570274,0.0131219245489338,0.0197220782741611
cn,NO,2024,unresolved,62,36203824,0.0112994350282486,0.00193725512099207
cn,NO,2025,01,2718,3040686144,0.443972557987586,0.282639095164932
cn,NO,2025,02,130,35247954,0.021234890558641,0.00327638215625557
cn,NO,2025,03,274,257966394,0.0447566154851356,0.0239785971751777
cn,NO,2025,04,904,4868681773,0.147664162038549,0.452555688354108
cn,NO,2025,05,410,491629326,0.0669715779157138,0.0456981290658276
cn,NO,2025,06,144,132518257,0.0235217249264946,0.0123178909224884
cn,NO,2025,07,844,1145173641,0.137863443319177,0.106446646043246
cn,NO,2025,08,200,117575858,0.0326690623979092,0.010928958973268
cn,NO,2025,09,347,251972187,0.0566808232603724,0.0234214212081499
cn,NO,2025,10,73,265293516,0.0119242077752369,0.0246596707994087
cn,NO,2025,unresolved,78,151448689,0.0127409343351846,0.0140775201371376
cn,NO,2026,01,1892,2034144711,0.425073017299483,0.232033989628555
cn,NO,2026,02,187,124779411,0.0420130307796001,0.0142335323545382
cn,NO,2026,03,152,110142161,0.0341496292967872,0.0125638677056446
cn,NO,2026,04,705,3169434125,0.15839137272523,0.361535952143298
cn,NO,2026,05,259,251018245,0.0581891709728151,0.0286335404467239
cn,NO,2026,06,149,130420853,0.0334756234554033,0.0148770491542228
cn,NO,2026,07,615,872459528,0.138171197483712,0.0995210733909707
cn,NO,2026,08,140,46861926,0.0314536059312514,0.00534551922125176
cn,NO,2026,09,236,394964254,0.0530217928555381,0.0450533981779657
cn,NO,2026,10,51,362333094,0.0114580993035273,0.0413311761550863
cn,NO,2026,unresolved,64,1266464577,0.0143787912828578,0.14446505547783
cn,NO,2026,unmapped,1,3557883,0.000224668613794653,0.000405846143913608
cn,PL,2016,01,1341,661979459,0.0741949762089189,0.0622805573725353
cn,PL,2016,02,785,231995779,0.0434325550514551,0.0218266990429314
cn,PL,2016,03,543,162300754,0.0300431559145734,0.0152696300220136
cn,PL,2016,04,3850,4326291429,0.213013168086754,0.407027495930417
cn,PL,2016,05,1165,759135572,0.0644572313820958,0.0714212290165312
cn,PL,2016,06,482,112962781,0.0266681420825495,0.0106277994994882
cn,PL,2016,07,5662,1976488925,0.313267677326546,0.185952645835259
cn,PL,2016,08,288,98112055,0.0159344915348014,0.00923060887658879
cn,PL,2016,09,1449,189745073,0.0801704105344694,0.0178516549788177
cn,PL,2016,10,55,8048702,0.00304304525838221,0.000757240485139343
cn,PL,2016,unresolved,2454,2101930073,0.135775146619453,0.197754438940278
cn,PL,2017,01,2282,961657040,0.101934158216822,0.0685239925590858
cn,PL,2017,02,713,221492516,0.0318488408451333,0.0157827072303003
cn,PL,2017,03,828,251820499,0.0369857506588645,0.0179437629861279
cn,PL,2017,04,5187,5656916854,0.231696966989771,0.403090199818912
cn,PL,2017,05,1540,721550678,0.0687899227230089,0.0514149340499554
cn,PL,2017,06,654,517626028,0.0292133827667843,0.0368840455751888
cn,PL,2017,07,6641,1805842320,0.296645374547729,0.128677398023897
cn,PL,2017,08,414,145606714,0.0184928753294323,0.0103753760141858
cn,PL,2017,09,1528,222518694,0.0682538973511413,0.0158558287390206
cn,PL,2017,10,40,13397880,0.00178675123955867,0.000954681545748914
cn,PL,2017,unresolved,2560,3515444229,0.114352079331755,0.250497073457578
cn,PL,2018,01,2512,1014060228,0.101605792177325,0.0844168709034027
cn,PL,2018,02,715,361290081,0.0289204384581159,0.0300761012850382
cn,PL,2018,03,791,156993579,0.0319944990494681,0.0130691514420642
cn,PL,2018,04,6079,4654953196,0.245884399142499,0.387508130343629
cn,PL,2018,05,1735,1029969793,0.0701775674473163,0.0857412850335014
cn,PL,2018,06,900,430959530,0.0364033491081179,0.0358758326222425
cn,PL,2018,07,6915,1631683315,0.279699065647373,0.135831774044876
cn,PL,2018,08,491,156124919,0.0198600493467621,0.012996838617782
cn,PL,2018,09,1801,215650027,0.0728471463819116,0.0179520900109439
cn,PL,2018,10,42,5752913,0.00169882295837884,0.000478909339534325
cn,PL,2018,unresolved,2742,2355092819,0.110908870282733,0.196053016356987
cn,PL,2019,01,1984,598784538,0.0781964370171843,0.0599589015215797
cn,PL,2019,02,744,167758273,0.0293236638814441,0.0167983659094372
cn,PL,2019,03,788,97906409,0.0310578590572284,0.00980379479264794
cn,PL,2019,04,6297,4477239022,0.248186977770771,0.448325426881133
cn,PL,2019,05,2690,811421102,0.106022386883178,0.0812511260057782
cn,PL,2019,06,832,231073620,0.0327920542330128,0.0231384071340448
cn,PL,2019,07,7028,1692473464,0.276998265804824,0.169474733089823
cn,PL,2019,08,477,125942678,0.018800252246571,0.012611188413095
cn,PL,2019,09,1949,193830318,0.0768169635819013,0.0194090732330474
cn,PL,2019,10,45,2212989,0.0017736087025067,0.0002215962188378
cn,PL,2019,unresolved,2538,1587940443,0.100031530821378,0.159007386800577
cn,PL,2020,01,2182,623610085,0.077538111652038,0.0761388669491653
cn,PL,2020,02,776,148076341,0.0275754237589283,0.0180791893795595
cn,PL,2020,03,841,213694356,0.0298852208521375,0.0260907360715174
cn,PL,2020,04,6211,2891411019,0.220709996091113,0.353023089533569
cn,PL,2020,05,3525,613828599,0.12526207313173,0.0749446090642577
cn,PL,2020,06,1010,255307688,0.0358906932944814,0.0311714620326113
cn,PL,2020,07,8095,1795973261,0.287658576454284,0.219277032961289
cn,PL,2020,08,483,54831390,0.0171635691695391,0.00669456766057238
cn,PL,2020,09,2023,178529798,0.0718879926086493,0.0217973648331607
cn,PL,2020,10,59,4372238,0.00209658505383604,0.000533822744948207
cn,PL,2020,unresolved,2936,1410795553,0.104331757933265,0.17224925876935
cn,PL,2021,01,1632,260151461,0.0684563758389262,0.0336013781522363
cn,PL,2021,02,598,182614185,0.0250838926174497,0.0235865993700779
cn,PL,2021,03,774,118890220,0.0324664429530201,0.0153559592764408
cn,PL,2021,04,5533,4064555716,0.232088926174497,0.52498138241918
cn,PL,2021,05,2916,421204169,0.122315436241611,0.0544030792964389
cn,PL,2021,06,755,159218355,0.0316694630872483,0.0205647745915676
cn,PL,2021,07,6963,1385153618,0.292072147651007,0.178907588442704
cn,PL,2021,08,392,90271810,0.0164429530201342,0.0116595817399497
cn,PL,2021,09,2015,158764030,0.0845218120805369,0.0205060935983096
cn,PL,2021,unresolved,2220,899507219,0.0931208053691275,0.116181097350383
cn,PL,2021,10,42,1954662,0.00176174496644295,0.000252465762711233
cn,PL,2022,01,2807,759314848,0.089292530856343,0.0687173504583087
cn,PL,2022,02,911,232498933,0.0289795139330704,0.0210409564651946
cn,PL,2022,03,1001,281520344,0.0318424735971498,0.0254773526301327
cn,PL,2022,04,8023,5926450312,0.255216948721211,0.536338732392939
cn,PL,2022,05,3259,811716880,0.103670950502608,0.0734596899597108
cn,PL,2022,06,844,148627102,0.0268481995164779,0.0134506268152639
cn,PL,2022,07,8880,1843638865,0.282478686855834,0.166847755365853
cn,PL,2022,08,515,176454738,0.016382491411121,0.015969004297905
cn,PL,2022,09,2322,163290620,0.0738643593332485,0.0147776627714443
cn,PL,2022,10,87,17147344,0.00276752767527675,0.00155182010490223
cn,PL,2022,unresolved,2787,689167211,0.0886563175976587,0.0623690487383465
cn,PL,2023,01,2931,846679769,0.0887912753710997,0.106035353037187
cn,PL,2023,02,1126,182208786,0.0341108754922751,0.0228192212184383
cn,PL,2023,03,1304,397120420,0.0395031808542866,0.0497340381508229
cn,PL,2023,04,7624,3677325768,0.230960315056044,0.460536025920591
cn,PL,2023,05,3199,350552396,0.0969100272644653,0.043902013994965
cn,PL,2023,06,758,96732490,0.0229627385640715,0.0121144547240459
cn,PL,2023,07,10426,1823650681,0.315843683732202,0.228387934678927
cn,PL,2023,08,572,113874249,0.0173280823992729,0.0142612315029338
cn,PL,2023,09,2458,157724116,0.0744622841563163,0.019752842733317
cn,PL,2023,10,74,26124343,0.00224174492578007,0.00327172566806608
cn,PL,2023,unresolved,2530,312888861,0.0766434413813996,0.0391851583707066
cn,PL,2023,unmapped,8,0,0.000242350802787034,0
cn,PL,2024,01,4877,2110443993,0.155874456660701,0.143199214219758
cn,PL,2024,02,1263,539955227,0.0403669138327793,0.0366373921680521
cn,PL,2024,03,1665,540421216,0.0532152902071082,0.0366690107558262
cn,PL,2024,04,6207,6205510815,0.198382766555868,0.42106034345741
cn,PL,2024,05,3293,1026554944,0.105248018409614,0.069654471676002
cn,PL,2024,06,671,237033259,0.0214459217591409,0.0160833343814532
cn,PL,2024,07,10380,3547669170,0.331756583993863,0.24071874882285
cn,PL,2024,08,562,163675127,0.0179621580158527,0.0111057908437559
cn,PL,2024,09,2236,311962876,0.0714650984402966,0.0211675073383175
cn,PL,2024,10,74,17763727,0.00236512400920481,0.00120531592236112
cn,PL,2024,unresolved,48,36809082,0.00153413449245717,0.00249759369878271
cn,PL,2024,unmapped,12,18816,0.000383533623114293,1.27671543224836e-06
cn,PL,2025,01,5114,2772264685,0.144741310992868,0.142799493603479
cn,PL,2025,02,1231,493470987,0.0348409373938639,0.0254187154036516
cn,PL,2025,03,1896,874718761,0.0536624023548058,0.0450568074513645
cn,PL,2025,04,6496,6962251413,0.183855994565833,0.358625921073083
cn,PL,2025,05,3503,1271945087,0.0991452507641798,0.0655179555176684
cn,PL,2025,06,866,305391942,0.0245103588814672,0.0157307543194358
cn,PL,2025,07,11988,5027907945,0.339295822483867,0.258987791575504
cn,PL,2025,08,673,951249194,0.0190478885995698,0.048998893911141
cn,PL,2025,09,3422,581584911,0.0968527114230726,0.0299574680684664
cn,PL,2025,10,88,6401653,0.0024906600249066,0.000329749468573991
cn,PL,2025,unmapped,6,47072,0.000169817728970905,2.42468109169849e-06
cn,PL,2025,unresolved,49,166453437,0.00138684478659572,0.00857402492654074
cn,PL,2026,01,3947,1228995402,0.14809395167342,0.0687247837336719
cn,PL,2026,02,872,1816938489,0.0327179948971935,0.101602255395508
cn,PL,2026,03,1241,763120590,0.0465631097103407,0.0426733065275228
cn,PL,2026,04,4566,4997763956,0.171319225574066,0.279472361303464
cn,PL,2026,05,2287,2779424149,0.0858096953324328,0.155423952956473
cn,PL,2026,06,805,188617571,0.030204112261744,0.0105473964786611
cn,PL,2026,07,9915,5077728148,0.372017109410176,0.283943917334264
cn,PL,2026,08,543,533961081,0.0203737055380459,0.029858825959971
cn,PL,2026,09,2370,468156539,0.0889239081494822,0.0261790701933638
cn,PL,2026,10,69,10426376,0.00258892390814948,0.000583037523622848
cn,PL,2026,unresolved,35,17467555,0.00131322227224974,0.000976776591496978
cn,PL,2026,unmapped,2,256011,7.5041272699985e-05,1.43160019799985e-05
cn,PT,2016,01,266,172635558,0.155464640561075,0.110590136213111
cn,PT,2016,02,70,28554265,0.0409117475160725,0.0182918287078219
cn,PT,2016,03,38,47030887,0.0222092343658679,0.030127931115752
cn,PT,2016,04,282,509771838,0.164815897136178,0.326559242227651
cn,PT,2016,05,173,238169390,0.101110461718293,0.152571032219755
cn,PT,2016,06,41,45464777,0.0239625949736996,0.029124682884442
cn,PT,2016,07,451,201910083,0.263588544710696,0.129343362633151
cn,PT,2016,08,44,42178039,0.0257159555815313,0.0270192023720391
cn,PT,2016,09,78,44559045,0.0455873758036236,0.0285444720263025
cn,PT,2016,unresolved,254,192568728,0.148451198129749,0.123359301563502
cn,PT,2016,10,14,38196773,0.00818234950321449,0.0244688080364722
cn,PT,2017,01,401,363701745,0.172770357604481,0.0901734981598459
cn,PT,2017,02,51,35221606,0.021973287376131,0.00873258230814322
cn,PT,2017,03,41,110545890,0.017664799655321,0.0274079235129695
cn,PT,2017,04,405,1527164835,0.174493752692805,0.378633859561641
cn,PT,2017,05,288,408195419,0.124084446359328,0.101204927856626
cn,PT,2017,06,47,108784736,0.020249892287807,0.026971276124934
cn,PT,2017,07,568,686659092,0.244722102542008,0.17024513415217
cn,PT,2017,08,39,29879921,0.016803102111159,0.0074082047676451
cn,PT,2017,09,170,311624740,0.0732442912537699,0.0772619139315718
cn,PT,2017,10,46,181344478,0.019819043515726,0.0449611974042941
cn,PT,2017,unresolved,265,270232708,0.114174924601465,0.0669994822201587
cn,PT,2018,01,462,356001453,0.181603773584906,0.0947215437085433
cn,PT,2018,02,67,61156842,0.0263364779874214,0.0162720416834351
cn,PT,2018,03,68,103410412,0.0267295597484277,0.0275144771956211
cn,PT,2018,04,465,1767679232,0.182783018867925,0.470327590591526
cn,PT,2018,05,288,342189610,0.113207547169811,0.0910466174423855
cn,PT,2018,06,43,52049155,0.0169025157232704,0.013848753337322
cn,PT,2018,07,626,547743643,0.246069182389937,0.145738515908533
cn,PT,2018,08,56,51234937,0.0220125786163522,0.0136321138117657
cn,PT,2018,09,143,172972815,0.0562106918238994,0.04602299209271
cn,PT,2018,unresolved,282,249018976,0.110849056603774,0.0662566447992579
cn,PT,2018,10,44,54942958,0.0172955974842767,0.0146187094289013
cn,PT,2019,01,582,595962813,0.183076439131802,0.0955873186347755
cn,PT,2019,02,64,43865542,0.0201321170179302,0.00703565633421683
cn,PT,2019,03,82,383932505,0.025794274929223,0.0615794775934829
cn,PT,2019,04,517,2645821768,0.162629757785467,0.424367096187663
cn,PT,2019,05,344,848604205,0.108210128971375,0.136108828887861
cn,PT,2019,06,66,105796400,0.0207612456747405,0.0169688342571337
cn,PT,2019,07,839,723922539,0.263919471531928,0.116110960101614
cn,PT,2019,08,75,122359679,0.0235923246303869,0.0196254420066003
cn,PT,2019,09,181,212828519,0.0569361434413338,0.0341358672327435
cn,PT,2019,10,65,196075513,0.0204466813463353,0.0314488289013564
cn,PT,2019,unresolved,364,355578196,0.114501415539478,0.057031689862553
cn,PT,2020,01,695,627998997,0.21176112126752,0.110342340680841
cn,PT,2020,02,63,45193581,0.0191956124314442,0.0079407220952762
cn,PT,2020,04,529,2773024742,0.161182205971968,0.48723332721846
cn,PT,2020,05,409,550341160,0.124619134673979,0.0966974980175157
cn,PT,2020,06,67,140177563,0.0204143814747105,0.0246298489109786
cn,PT,2020,07,810,637651283,0.246800731261426,0.112038292163644
cn,PT,2020,08,72,58934533,0.0219378427787934,0.0103550711851731
cn,PT,2020,09,164,325727131,0.0499695307739184,0.0572317698427709
cn,PT,2020,10,51,70617540,0.0155393053016453,0.0124078297798984
cn,PT,2020,unresolved,351,401893483,0.106946983546618,0.0706145516639987
cn,PT,2020,03,71,59809167,0.0216331505179768,0.0105087484414427
cn,PT,2021,01,816,843942041,0.211234791612736,0.13926334460256
cn,PT,2021,02,68,105062218,0.0176028993010614,0.0173368728647603
cn,PT,2021,03,78,88735974,0.0201915609629821,0.0146427928998098
cn,PT,2021,04,545,2295326173,0.141082060574683,0.378763924862672
cn,PT,2021,05,407,573928901,0.105358529640176,0.0947070467334753
cn,PT,2021,06,60,121308211,0.0155319699715247,0.020017710187296
cn,PT,2021,07,1100,895804574,0.284752782811287,0.147821455769273
cn,PT,2021,08,79,88243494,0.0204504271291742,0.0145615261674776
cn,PT,2021,09,213,546860898,0.0551384933989128,0.0902404122415788
cn,PT,2021,10,65,83240212,0.0168263008024851,0.0137359081137968
cn,PT,2021,unresolved,432,417591628,0.111830183794978,0.0689090055573
cn,PT,2022,01,893,998773858,0.210961493030947,0.157730122401643
cn,PT,2022,02,91,108162254,0.0214977557287975,0.0170813897720755
cn,PT,2022,03,90,194648244,0.0212615166548547,0.0307395824444825
cn,PT,2022,04,682,1930267759,0.16111504842901,0.30483514106455
cn,PT,2022,05,426,547624737,0.100637845499646,0.0864829571832641
cn,PT,2022,06,74,194827137,0.0174816914717694,0.0307678338995649
cn,PT,2022,07,1053,1180100922,0.2487597448618,0.18636597402147
cn,PT,2022,08,90,176473728,0.0212615166548547,0.0278693945532906
cn,PT,2022,09,269,314164673,0.0635483108906213,0.0496140662169415
cn,PT,2022,10,95,85332010,0.0224427120245689,0.0134759518125856
cn,PT,2022,unresolved,470,601794100,0.11103236475313,0.0950375866301323
cn,PT,2023,01,1270,1107869158,0.236807756852508,0.157503852750794
cn,PT,2023,02,122,176728999,0.0227484616818945,0.025125257828769
cn,PT,2023,03,135,127223706,0.0251724780906209,0.0180871754679123
cn,PT,2023,04,772,2758217022,0.143949282118217,0.392130970115716
cn,PT,2023,05,439,735722473,0.0818571694946858,0.104596398605441
cn,PT,2023,06,83,141351171,0.0154764124557151,0.020095652868907
cn,PT,2023,07,1303,842560985,0.24296102927466,0.119785446103198
cn,PT,2023,08,126,101004508,0.0234943128845795,0.0143596371830746
cn,PT,2023,09,343,445724784,0.0639567406302443,0.0633679259320219
cn,PT,2023,10,125,174885088,0.0233078500839083,0.0248631121732713
cn,PT,2023,unresolved,645,422629935,0.120268506432967,0.0600845709708958
cn,PT,2024,01,1831,5341977477,0.304102308586614,0.256294361218835
cn,PT,2024,02,135,232739248,0.0224215246636771,0.0111662314477242
cn,PT,2024,03,129,446586387,0.0214250124564026,0.0214260680203149
cn,PT,2024,04,808,5007341561,0.134196977246305,0.240239389309769
cn,PT,2024,05,482,812075375,0.0800531473177213,0.0389612910936597
cn,PT,2024,06,173,1550453508,0.0287327686430825,0.0743867777697037
cn,PT,2024,07,1410,3907009681,0.234180368709517,0.187448291345108
cn,PT,2024,08,206,556230659,0.0342135857830925,0.0266865186258322
cn,PT,2024,09,652,2760541491,0.108287659857167,0.132443691704081
cn,PT,2024,10,153,224047687,0.0254110612855007,0.0107492326707581
cn,PT,2024,unresolved,40,2150000,0.00664341471516359,0.000103151478828389
cn,PT,2024,unmapped,2,1980000,0.00033217073575818,9.4995315386144e-05
cn,PT,2025,01,2232,3748785965,0.301988905425518,0.234370418762628
cn,PT,2025,02,142,122175245,0.0192125558111216,0.00763827639145483
cn,PT,2025,03,204,393355661,0.027601136517386,0.0245922098119092
cn,PT,2025,04,921,3899446070,0.124611013394669,0.243789540640842
cn,PT,2025,05,543,1472872583,0.0734677310242187,0.0920825481328071
cn,PT,2025,06,151,1015241703,0.0204302530104181,0.0634719147209019
cn,PT,2025,07,2036,3099689712,0.275470166418617,0.193789558171175
cn,PT,2025,08,201,251017417,0.0271952374509539,0.0156933625147637
cn,PT,2025,09,811,1678393956,0.10972804762549,0.104931542635133
cn,PT,2025,10,142,302092952,0.0192125558111216,0.0188865548277517
cn,PT,2025,unresolved,8,12061504,0.00108239751048573,0.000754073390633578
cn,PT,2026,01,1896,2033040832,0.345796097027175,0.163848238330565
cn,PT,2026,02,149,78402290,0.0271749042494985,0.00631865179261784
cn,PT,2026,03,115,112442925,0.0209739193871968,0.00906207828391802
cn,PT,2026,04,656,4773392321,0.119642531460879,0.384700548235962
cn,PT,2026,05,424,855426848,0.077329928871056,0.0689411544811845
cn,PT,2026,06,95,329728982,0.0173262812329017,0.0265737470575458
cn,PT,2026,07,1547,3446264817,0.282144811234726,0.277743766971256
cn,PT,2026,08,160,164186457,0.0291811052343608,0.0132322289418666
cn,PT,2026,09,354,502273109,0.0645631953310232,0.0404795431430202
cn,PT,2026,10,83,112069592,0.0151376983403246,0.00903199037156631
cn,PT,2026,unmapped,3,533399,0.000547145723144264,4.29880625620828e-05
cn,PT,2026,unresolved,1,311000,0.000182381907714755,2.50643279361374e-05
cn,RO,2016,01,366,364889198,0.102177554438861,0.0843500304678486
cn,RO,2016,02,127,200535460,0.0354550530429927,0.0463570098912165
cn,RO,2016,03,227,73393369,0.0633724176437744,0.0169660624244844
cn,RO,2016,04,928,2261418320,0.259073143495254,0.52276336279089
cn,RO,2016,05,103,984817969,0.0287548855388051,0.227656576697112
cn,RO,2016,06,94,160332402,0.0262423227247348,0.0370634238223828
cn,RO,2016,07,1270,99541192,0.354550530429927,0.0230105539545349
cn,RO,2016,09,83,21064458,0.0231714126186488,0.00486938962245936
cn,RO,2016,10,112,15605630,0.0312674483528755,0.00360749337931887
cn,RO,2016,unresolved,246,125177798,0.0686767169179229,0.028936869419736
cn,RO,2016,08,26,19117105,0.00725851479620324,0.004419227530016
cn,RO,2017,01,640,259334763,0.122581880865735,0.0263663513093631
cn,RO,2017,02,181,92584901,0.0346676881823406,0.00941303046868654
cn,RO,2017,03,212,55456942,0.0406052480367746,0.00563826152113272
cn,RO,2017,04,1322,7072333527,0.253208197663283,0.719038312460521
cn,RO,2017,05,181,1148243808,0.0346676881823406,0.116741000243492
cn,RO,2017,06,178,535810814,0.0340930856157824,0.0544754432219325
cn,RO,2017,07,1730,111312800,0.331354146715189,0.0113170805027357
cn,RO,2017,08,58,49486042,0.0111089829534572,0.00503120504628181
cn,RO,2017,09,119,335484643,0.0227925684734725,0.034108446757808
cn,RO,2017,10,158,25999775,0.0302624018387282,0.00264337566504494
cn,RO,2017,unresolved,442,149774923,0.0846581114728979,0.0152274928030023
cn,RO,2018,01,619,354177705,0.112894400875433,0.0585016932474907
cn,RO,2018,02,179,72043582,0.0326463614809411,0.0118998781547089
cn,RO,2018,03,242,147694182,0.0441364216669706,0.0243955494878004
cn,RO,2018,04,1553,3935825739,0.283239102681014,0.650104359500992
cn,RO,2018,05,199,462899383,0.0362939996352362,0.0764599163821413
cn,RO,2018,06,212,299615185,0.038664964435528,0.0494892687984417
cn,RO,2018,07,1696,121045368,0.309319715484224,0.0199938022292104
cn,RO,2018,08,62,151669931,0.0113076782783148,0.0250522482159911
cn,RO,2018,09,118,66392930,0.0215210651103411,0.0109665254752897
cn,RO,2018,10,163,280386696,0.029728250957505,0.0463131819098253
cn,RO,2018,unresolved,440,162393809,0.0802480393944921,0.026823576598108
cn,RO,2019,01,860,778462916,0.128511655708308,0.057137660015676
cn,RO,2019,02,220,116110682,0.0328750747160789,0.00852229764057799
cn,RO,2019,03,318,177966616,0.047519426180514,0.0130624025758323
cn,RO,2019,04,1737,8567231641,0.259563658099223,0.628818096171198
cn,RO,2019,05,199,619861534,0.0297369994022714,0.0454966278528383
cn,RO,2019,06,327,1115403353,0.0488643156007173,0.0818684310506822
cn,RO,2019,07,2167,1172970471,0.323819485953377,0.0860937452548161
cn,RO,2019,08,90,395145717,0.0134488942020323,0.0290029250855111
cn,RO,2019,09,189,123409707,0.0282426778242678,0.00905803184232887
cn,RO,2019,10,166,286138998,0.0248057381948595,0.0210020444762589
cn,RO,2019,unresolved,419,271638525,0.0626120741183503,0.01993773803428
cn,RO,2020,01,869,887623150,0.132671755725191,0.072521595707569
cn,RO,2020,02,277,549424526,0.0422900763358779,0.0448897072438847
cn,RO,2020,03,358,345031710,0.0546564885496183,0.0281901730243417
cn,RO,2020,04,1355,6962623439,0.206870229007634,0.568868175764908
cn,RO,2020,05,192,475910447,0.0293129770992366,0.0388833763859611
cn,RO,2020,06,347,1724532565,0.0529770992366412,0.140899720183579
cn,RO,2020,07,2314,563179778,0.353282442748092,0.0460135544806312
cn,RO,2020,08,65,155495525,0.0099236641221374,0.0127044721607207
cn,RO,2020,09,249,150692956,0.0380152671755725,0.0123120872084178
cn,RO,2020,10,185,298720413,0.0282442748091603,0.0244063947872293
cn,RO,2020,unresolved,339,126197640,0.0517557251908397,0.0103107430527576
cn,RO,2021,01,998,794783423,0.128707763734847,0.06695015155535
cn,RO,2021,02,283,339529020,0.0364972917204024,0.0286008976642175
cn,RO,2021,03,398,344989349,0.0513283466597885,0.0290608592632053
cn,RO,2021,04,1543,6631448563,0.198994067578024,0.55861316866489
cn,RO,2021,05,244,615395854,0.0314676296105236,0.0518390853401506
cn,RO,2021,06,417,1723140595,0.0537786948671653,0.145152151703126
cn,RO,2021,07,2798,732567421,0.360846014960021,0.0617092637329225
cn,RO,2021,08,85,236526190,0.0109620840856332,0.0199242508198482
cn,RO,2021,09,379,246539096,0.0488779984524117,0.0207677077350404
cn,RO,2021,10,220,45035767,0.0283724529275213,0.0037936767914464
cn,RO,2021,unresolved,389,161316176,0.0501676554036626,0.0135887867298026
cn,RO,2022,01,1222,1054493436,0.129765318041839,0.0390654472368271
cn,RO,2022,02,319,335816689,0.0338749070829351,0.0124408827001703
cn,RO,2022,03,498,480425795,0.0528830837846448,0.0177981653607782
cn,RO,2022,04,2329,18717398003,0.247318678984815,0.693416856979744
cn,RO,2022,05,312,878640458,0.0331315705638738,0.0325506838452626
cn,RO,2022,06,535,2975585206,0.0568121482425401,0.110235457988831
cn,RO,2022,07,2799,1717261144,0.297228416693214,0.0636187692805946
cn,RO,2022,08,121,255255953,0.0128491026866306,0.00945637746369768
cn,RO,2022,09,473,218707498,0.0502283105022831,0.00810237971307531
cn,RO,2022,10,226,65980150,0.0239991504725496,0.00244434339798294
cn,RO,2022,unresolved,583,293431028,0.0619093129446745,0.0108706360330364
cn,RO,2023,01,1466,1281632896,0.148455696202532,0.0494965721082063
cn,RO,2023,02,346,1259075407,0.0350379746835443,0.0486254034729807
cn,RO,2023,03,496,516946334,0.0502278481012658,0.019964430982352
cn,RO,2023,04,2142,14223018422,0.216911392405063,0.549291968954634
cn,RO,2023,05,355,2586814436,0.0359493670886076,0.0999025911878771
cn,RO,2023,06,631,3112685825,0.0638987341772152,0.120211707165251
cn,RO,2023,07,2771,1861043394,0.280607594936709,0.07187336470148
cn,RO,2023,08,142,446830567,0.014379746835443,0.01725656500289
cn,RO,2023,09,668,312855951,0.0676455696202532,0.0120824747761101
cn,RO,2023,10,202,21530751,0.0204556962025316,0.000831516086034776
cn,RO,2023,unresolved,650,270932798,0.0658227848101266,0.0104634055621845
cn,RO,2023,unmapped,6,0,0.000607594936708861,0
cn,RO,2024,01,2209,3167348268,0.207126113455227,0.0738513098066076
cn,RO,2024,02,287,305949381,0.026910454758556,0.00713365269921459
cn,RO,2024,03,497,266626062,0.046601031411158,0.0062167725937228
cn,RO,2024,04,2112,29589417742,0.19803094233474,0.689920107219979
cn,RO,2024,05,402,2867353407,0.0376933895921238,0.0668564953607397
cn,RO,2024,06,281,1216316405,0.026347866854196,0.0283601776779775
cn,RO,2024,07,3060,3835650749,0.286919831223629,0.0894337495614946
cn,RO,2024,08,248,708475595,0.0232536333802157,0.0165191340609361
cn,RO,2024,09,1376,832250630,0.129020159399906,0.0194051281742013
cn,RO,2024,10,189,97648184,0.0177215189873418,0.00227680876192066
cn,RO,2024,unmapped,4,1143574,0.000375058602906704,2.66640832061419e-05
cn,RO,2025,01,1729,2796536411,0.176915993042055,0.106745695494774
cn,RO,2025,02,257,343641420,0.0262969405504963,0.0131170265598633
cn,RO,2025,03,442,590427386,0.0452266448378185,0.0225370146120123
cn,RO,2025,04,2003,14096354218,0.204952419932467,0.538067421193716
cn,RO,2025,05,345,2880336390,0.035301340427709,0.109944397648487
cn,RO,2025,06,206,965705725,0.021078481530748,0.0368616438723743
cn,RO,2025,07,3318,2548676093,0.339506804461271,0.0972846986965935
cn,RO,2025,08,134,1195312379,0.0137112452675739,0.0456258859094353
cn,RO,2025,09,1142,717798004,0.116852552952011,0.0273988376694662
cn,RO,2025,10,193,62102476,0.0197482860943416,0.00237049371733265
cn,RO,2025,unresolved,1,0,0.000102322725877417,0
cn,RO,2025,unmapped,3,1228289,0.000306968177632252,4.68846259458126e-05
cn,RO,2026,01,1078,3221330913,0.161837561927638,0.136637079574721
cn,RO,2026,02,183,363113361,0.0274733523494971,0.0154019411670425
cn,RO,2026,03,367,362707709,0.0550968323074613,0.0153847348923378
cn,RO,2026,04,1388,12548235344,0.20837712055247,0.532250264727909
cn,RO,2026,05,299,4150419287,0.0448881549316919,0.176045611488618
cn,RO,2026,06,165,858041118,0.0247710553970875,0.0363949670756933
cn,RO,2026,07,2243,1061062883,0.336736225791923,0.0450064080635647
cn,RO,2026,08,103,511193864,0.0154631436721213,0.0216829746958309
cn,RO,2026,09,690,480695890,0.103588049842366,0.0203893621447301
cn,RO,2026,10,142,18642459,0.021318120402342,0.000790744950657438
cn,RO,2026,unmapped,2,375120,0.000300255216934394,1.59112188950298e-05
cn,RO,2026,unresolved,1,0,0.000150127608467197,0
cn,SE,2016,01,2586,473423428,0.347954790096878,0.215303859226106
cn,SE,2016,02,97,45239563,0.0130516684607104,0.020574082158863
cn,SE,2016,03,190,2904244,0.0255651237890205,0.00132079424961255
cn,SE,2016,04,1090,994291405,0.146663078579117,0.452184585786589
cn,SE,2016,05,438,63440279,0.0589343379978472,0.0288514173385625
cn,SE,2016,06,491,89321370,0.0660656620021529,0.0406216391816649
cn,SE,2016,07,1060,226362724,0.142626480086114,0.102945408232171
cn,SE,2016,08,158,2291057,0.021259418729817,0.00104192860900619
cn,SE,2016,09,421,59826380,0.0566469321851453,0.0272078856594472
cn,SE,2016,10,83,1689742,0.0111679224973089,0.000768462125402967
cn,SE,2016,unresolved,818,240071592,0.110064585575888,0.109179937432575
cn,SE,2017,01,3321,2548954425,0.394043663977219,0.382608981856667
cn,SE,2017,02,108,47802306,0.0128144280968201,0.00717533097087872
cn,SE,2017,03,244,72824202,0.0289511153298529,0.0109312247831753
cn,SE,2017,04,1223,1770835968,0.145111532985287,0.265810067102963
cn,SE,2017,05,472,117902255,0.0560037968675843,0.0176976337049083
cn,SE,2017,06,763,627317207,0.090531561461794,0.0941630009220106
cn,SE,2017,07,1199,587472383,0.142263882297105,0.0881821220983737
cn,SE,2017,08,193,240173947,0.0228998576174656,0.0360511386272303
cn,SE,2017,09,520,245177528,0.0616990982439488,0.0368021975764492
cn,SE,2017,10,151,136459405,0.0179164689131467,0.0204831414401678
cn,SE,2017,unresolved,234,267115365,0.0277645942097769,0.0400951609171757
cn,SE,2018,01,3353,1698696523,0.392439138576779,0.347472600095539
cn,SE,2018,02,90,43384382,0.0105337078651685,0.00887438327739375
cn,SE,2018,03,279,49501613,0.0326544943820225,0.0101256780979666
cn,SE,2018,04,1221,959493644,0.142907303370787,0.196266812077194
cn,SE,2018,05,543,253319749,0.0635533707865169,0.0518171849113624
cn,SE,2018,06,644,418614878,0.075374531835206,0.0856287147985979
cn,SE,2018,07,1272,958852714,0.148876404494382,0.196135708251075
cn,SE,2018,08,273,102479879,0.0319522471910112,0.0209625142169119
cn,SE,2018,09,550,229448349,0.06437265917603,0.0469342306498962
cn,SE,2018,10,143,109374848,0.0167368913857678,0.0223728972803781
cn,SE,2018,unresolved,176,65554208,0.0205992509363296,0.013409276343685
cn,SE,2019,01,3594,2927926036,0.411731011570627,0.49525424375666
cn,SE,2019,02,78,223305097,0.00893573146981327,0.0377717181315241
cn,SE,2019,03,330,228598688,0.0378050177569023,0.038667121012344
cn,SE,2019,04,1233,675777077,0.141253293618971,0.114306666596998
cn,SE,2019,05,542,180740915,0.0620918776492153,0.030572051367971
cn,SE,2019,06,574,756507139,0.0657578187650361,0.127962034018389
cn,SE,2019,07,1188,497967343,0.136098063924848,0.0842304200450023
cn,SE,2019,08,233,30098668,0.0266926337495704,0.00509114399583241
cn,SE,2019,09,589,150619165,0.0674762286630771,0.0254770030868822
cn,SE,2019,10,155,113310387,0.0177569022797571,0.0191662799310753
cn,SE,2019,unresolved,213,127115052,0.0244014205521824,0.0215013180573215
cn,SE,2020,01,3608,2295757655,0.412154443682888,0.325613952499271
cn,SE,2020,02,99,150597616,0.0113091158327622,0.0213596957309187
cn,SE,2020,03,260,328286754,0.0297007082476582,0.0465618604343044
cn,SE,2020,04,1298,1354103799,0.148275074251771,0.192056460805602
cn,SE,2020,05,529,415849039,0.0604295179346585,0.0589810727351418
cn,SE,2020,06,740,549104420,0.0845327850125657,0.0778810690848028
cn,SE,2020,07,1148,1046820695,0.131140050262737,0.148473608838727
cn,SE,2020,08,222,184364032,0.0253598355037697,0.0261488842376188
cn,SE,2020,09,493,224906057,0.0563171121772904,0.0318990769784872
cn,SE,2020,10,159,127016849,0.0181631254283756,0.0180151673007895
cn,SE,2020,unresolved,198,373743705,0.0226182316655243,0.0530091513543365
cn,SE,2021,01,4012,6052479436,0.408304498269896,0.473027625261369
cn,SE,2021,02,102,30237620,0.0103806228373702,0.00236320168179018
cn,SE,2021,03,252,459673484,0.0256462446570324,0.0359254845607277
cn,SE,2021,04,1457,1936219048,0.148280073274985,0.151323950448077
cn,SE,2021,05,615,293779139,0.0625890494606147,0.0229601190622698
cn,SE,2021,06,798,812401900,0.0812131080806025,0.0634927463328641
cn,SE,2021,07,1364,1707654383,0.138815387746794,0.133460626524904
cn,SE,2021,08,262,416368206,0.0266639527783432,0.0325409884991994
cn,SE,2021,09,588,380182380,0.0598412375330755,0.0297129086152612
cn,SE,2021,10,175,498361504,0.0178098921229391,0.0389491218023206
cn,SE,2021,unresolved,201,207835216,0.0204559332383472,0.0162432272112165
cn,SE,2022,01,4039,5251447147,0.420160199729533,0.363031817818927
cn,SE,2022,02,93,462663973,0.00967439925101425,0.0319838967156832
cn,SE,2022,03,268,591266318,0.0278789139706647,0.0408741591089356
cn,SE,2022,04,1422,2095592225,0.14792468532196,0.144868001819949
cn,SE,2022,05,662,577213819,0.0688650785394778,0.0399027117889749
cn,SE,2022,06,687,1696085958,0.0714657234994279,0.117250188619274
cn,SE,2022,07,1341,2270946386,0.139498595651722,0.156990210812628
cn,SE,2022,08,233,371775489,0.0242380110267346,0.0257007883378
cn,SE,2022,09,541,497457573,0.0562779569333195,0.0343891734904253
cn,SE,2022,10,180,458613611,0.0187246437116405,0.0317038957486117
cn,SE,2022,unresolved,147,192466111,0.0152917923645064,0.0133051557387919
cn,SE,2023,01,4178,8643218162,0.408646322378717,0.366162601188255
cn,SE,2023,02,119,39906424,0.0116392801251956,0.00169060178073536
cn,SE,2023,03,341,361157125,0.0333528951486698,0.0153001150554172
cn,SE,2023,04,1486,5716904575,0.145344287949922,0.242191809889784
cn,SE,2023,05,724,583016709,0.0708137715179969,0.0246990080202092
cn,SE,2023,06,711,2034091335,0.0695422535211268,0.0861725528984848
cn,SE,2023,07,1483,4037854852,0.145050860719875,0.171060293529235
cn,SE,2023,08,229,286584994,0.0223982785602504,0.0121409300214029
cn,SE,2023,09,608,901255038,0.0594679186228482,0.038180904711971
cn,SE,2023,10,176,540717480,0.0172143974960876,0.0229070370866289
cn,SE,2023,unresolved,169,460156648,0.0165297339593114,0.0194941458178767
cn,SE,2024,01,4285,10096922418,0.417926460548132,0.218864788825396
cn,SE,2024,02,126,1587225281,0.0122890861211353,0.0344053080298111
cn,SE,2024,03,361,2280896770,0.0352092070613479,0.0494415990568204
cn,SE,2024,04,1545,9088440967,0.150687603628206,0.197004555511732
cn,SE,2024,05,663,2039903587,0.0646640007802594,0.0442177377729479
cn,SE,2024,06,766,5528699881,0.0747098410221399,0.119842233290502
cn,SE,2024,07,1525,7886287949,0.14873695503755,0.170946222533821
cn,SE,2024,08,225,1197182653,0.0219447966448844,0.0259505934270785
cn,SE,2024,09,575,1322753102,0.0560811469813713,0.0286725069632369
cn,SE,2024,10,152,2766693926,0.0148249292889886,0.0599719257799784
cn,SE,2024,unresolved,28,2338144770,0.00273090802691895,0.0506825288086762
cn,SE,2024,unmapped,2,0,0.000195064859065639,0
cn,SE,2025,01,4950,13354821814,0.44506383743931,0.262301373437763
cn,SE,2025,02,126,271643495,0.0113288976802733,0.00533533601693131
cn,SE,2025,03,350,1195075008,0.0314691602229815,0.023472407219311
cn,SE,2025,04,1593,14129383458,0.143229634957741,0.277514499143449
cn,SE,2025,05,754,4396114035,0.0677935623089372,0.0863438513242246
cn,SE,2025,06,771,4010633734,0.0693220643769106,0.0787726524124199
cn,SE,2025,07,1591,8772989197,0.143049811185039,0.172309832926069
cn,SE,2025,08,278,959341393,0.0249955044056824,0.018842375322133
cn,SE,2025,09,509,816371979,0.0457651501528502,0.0160343203608546
cn,SE,2025,10,172,2012923679,0.0154648444524366,0.0395357312123472
cn,SE,2025,unmapped,3,0,0.000269735659054127,0
cn,SE,2025,unresolved,25,994739138,0.00224779715878439,0.0195376206244976
cn,SE,2026,01,3549,10635729581,0.439885969261279,0.333979397252988
cn,SE,2026,02,93,81430470,0.0115270203272186,0.00255705065473003
cn,SE,2026,03,279,1324917456,0.0345810609816559,0.0416045866900687
cn,SE,2026,04,1099,8236444037,0.13621715418939,0.258637886008248
cn,SE,2026,05,546,930809658,0.0676747645017353,0.0292289537984729
cn,SE,2026,06,532,1786459721,0.0659395141298959,0.0560977727284623
cn,SE,2026,07,1224,4415854953,0.151710461080813,0.138665106547481
cn,SE,2026,08,205,523757875,0.0254090233019336,0.0164468584939858
cn,SE,2026,09,390,781440037,0.0483391175012395,0.0245385020894894
cn,SE,2026,10,134,2140041936,0.0166088249876054,0.0672008356773394
cn,SE,2026,unresolved,14,979368860,0.00173525037183937,0.0307537925875314
cn,SE,2026,unmapped,3,9211539,0.00037183936539415,0.000289257471202379
cn,SI,2016,01,212,49319318,0.156688839615669,0.121203629036252
cn,SI,2016,02,38,12232722,0.0280857354028086,0.0300622628113307
cn,SI,2016,03,35,1873352,0.0258684405025868,0.00460381590966688
cn,SI,2016,04,387,206561484,0.286031042128603,0.507630731631642
cn,SI,2016,05,69,5573710,0.0509977827050998,0.0136975511136558
cn,SI,2016,06,25,5998067,0.0184774575018477,0.0147404205306039
cn,SI,2016,07,245,24114899,0.181079083518108,0.0592630512985332
cn,SI,2016,09,163,16566838,0.120473022912047,0.0407134763553639
cn,SI,2016,10,42,7691897,0.0310421286031042,0.0189030560108933
cn,SI,2016,unresolved,113,72947800,0.0835181079083518,0.179271296699818
cn,SI,2016,08,24,4032795,0.0177383592017738,0.00991070860224081
cn,SI,2017,01,283,75977696,0.179796696315121,0.134171343725221
cn,SI,2017,02,43,22989399,0.0273189326556544,0.0405976848161498
cn,SI,2017,04,436,377238978,0.277001270648031,0.666177881779792
cn,SI,2017,05,113,3215381,0.0717916137229987,0.00567813992883575
cn,SI,2017,06,20,23451803,0.0127064803049555,0.0414142582224284
cn,SI,2017,07,271,27291257,0.172172808132147,0.0481944678032924
cn,SI,2017,08,17,597591,0.0108005082592122,0.0010553042759825
cn,SI,2017,09,196,9466518,0.124523506988564,0.016717214489618
cn,SI,2017,10,32,4682960,0.0203303684879288,0.00826978269795731
cn,SI,2017,unresolved,134,21152063,0.085133418043202,0.037353076819683
cn,SI,2017,03,29,210000,0.0184243964421855,0.000370845441039649
cn,SI,2018,01,280,44046462,0.182173064411191,0.157387521467971
cn,SI,2018,02,48,11947243,0.0312296681847755,0.0426900794925496
cn,SI,2018,04,395,117756642,0.256994144437215,0.420769913841688
cn,SI,2018,05,94,8580469,0.0611581001951854,0.0306598688662612
cn,SI,2018,06,19,7251925,0.0123617436564737,0.0259126942277819
cn,SI,2018,07,299,25056674,0.194534808067664,0.0895329077075691
cn,SI,2018,08,29,2766031,0.0188679245283019,0.00988362614444658
cn,SI,2018,09,157,19301383,0.102147039687703,0.068968009990769
cn,SI,2018,10,39,3505297,0.0253741054001301,0.0125251832221874
cn,SI,2018,unresolved,151,36560157,0.0982433311646064,0.130637336880994
cn,SI,2018,03,26,3087655,0.0169160702667534,0.0110328581577832
cn,SI,2019,01,350,49378111,0.183534347142108,0.107826101665045
cn,SI,2019,02,58,21821796,0.0304142632406922,0.0476518673225446
cn,SI,2019,03,39,1852066,0.0204509701101206,0.00404432354259915
cn,SI,2019,04,496,183324683,0.260094389092816,0.400322845620203
cn,SI,2019,05,142,9028079,0.0744625065547981,0.0197144553402228
cn,SI,2019,06,32,83526291,0.0167802831672784,0.18239487422008
cn,SI,2019,07,348,39897443,0.182485579444153,0.0871233357852299
cn,SI,2019,08,24,4460516,0.0125852123754588,0.00974034935630814
cn,SI,2019,09,185,7471205,0.0970110120608285,0.0163147373112429
cn,SI,2019,10,52,10347281,0.0272679601468275,0.0225951732552668
cn,SI,2019,unresolved,181,46834625,0.0949134766649187,0.102271936581257
cn,SI,2020,01,317,50244377,0.153066151617576,0.13754118888886
cn,SI,2020,02,75,22434028,0.0362143891839691,0.0614119045139314
cn,SI,2020,03,46,3385000,0.0222114920328344,0.00926624932355696
cn,SI,2020,04,458,115522363,0.221149203283438,0.316236046677829
cn,SI,2020,05,192,17713582,0.0927088363109609,0.0484899460045113
cn,SI,2020,06,43,31241010,0.0207629164654756,0.0855205281476325
cn,SI,2020,07,435,62097266,0.210043457267021,0.169987813609228
cn,SI,2020,08,20,2028280,0.00965717044905842,0.00555230374534242
cn,SI,2020,09,253,11130687,0.122163206180589,0.0304696368934931
cn,SI,2020,10,48,2317352,0.0231772090777402,0.00634362227546333
cn,SI,2020,unresolved,184,47190277,0.0888459681313375,0.129180759920152
cn,SI,2021,01,485,100327610,0.187258687258687,0.187220955661372
cn,SI,2021,02,68,33419217,0.0262548262548263,0.0623634684828509
cn,SI,2021,03,53,6221902,0.0204633204633205,0.0116106666796049
cn,SI,2021,04,623,160655969,0.240540540540541,0.299799467453512
cn,SI,2021,05,230,16723226,0.0888030888030888,0.0312071458042417
cn,SI,2021,07,564,106955984,0.217760617760618,0.199590138130295
cn,SI,2021,08,28,3402488,0.0108108108108108,0.00634936938083493
cn,SI,2021,09,238,5523433,0.0918918918918919,0.0103072564450759
cn,SI,2021,10,56,1604042,0.0216216216216216,0.00299329642319774
cn,SI,2021,unresolved,210,68320512,0.0810810810810811,0.127492636851553
cn,SI,2021,06,35,32723717,0.0135135135135135,0.0610655986874627
cn,SI,2022,01,454,161063828,0.182329317269076,0.189723856610607
cn,SI,2022,02,81,48050492,0.0325301204819277,0.0566006953111603
cn,SI,2022,03,58,10539628,0.0232931726907631,0.0124150710698441
cn,SI,2022,04,594,452692124,0.23855421686747,0.533245091023959
cn,SI,2022,05,178,32503318,0.0714859437751004,0.0382870252133891
cn,SI,2022,06,34,28531432,0.0136546184738956,0.0336083736545942
cn,SI,2022,07,580,69772391,0.232931726907631,0.0821878336671796
cn,SI,2022,08,35,8120856,0.0140562248995984,0.00956589780853457
cn,SI,2022,09,195,11738379,0.0783132530120482,0.0138271302867393
cn,SI,2022,unresolved,229,23697232,0.0919678714859438,0.0279139661702086
cn,SI,2022,10,52,2228513,0.0208835341365462,0.00262505918378442
cn,SI,2023,01,405,72528234,0.155529953917051,0.196125222976526
cn,SI,2023,02,90,17350249,0.0345622119815668,0.0469171971541902
cn,SI,2023,03,79,3845643,0.0303379416282642,0.0103990894203093
cn,SI,2023,04,618,87131596,0.237327188940092,0.235614501434029
cn,SI,2023,05,155,11903746,0.0595238095238095,0.0321891863312972
cn,SI,2023,06,38,5279809,0.0145929339477727,0.0142772498417439
cn,SI,2023,07,592,123120348,0.227342549923195,0.332932492254636
cn,SI,2023,08,35,4734899,0.0134408602150538,0.0128037464988646
cn,SI,2023,09,272,16143215,0.104454685099846,0.0436532294641697
cn,SI,2023,10,71,11025100,0.0272657450076805,0.0298132199915207
cn,SI,2023,unresolved,248,16742905,0.0952380952380952,0.0452748646327138
cn,SI,2023,unmapped,1,0,0.000384024577572965,0
cn,SI,2024,01,585,137264952,0.186009538950715,0.272280610755943
cn,SI,2024,02,85,11041772,0.027027027027027,0.0219026079139843
cn,SI,2024,03,81,13105294,0.0257551669316375,0.0259958379940729
cn,SI,2024,04,921,180654837,0.292845786963434,0.358349372055114
cn,SI,2024,05,226,23888641,0.0718600953895072,0.0473858305914059
cn,SI,2024,06,38,6749095,0.0120826709062003,0.0133875959002986
cn,SI,2024,07,737,70546071,0.234340222575517,0.139936138238056
cn,SI,2024,08,66,33973539,0.0209856915739269,0.0673903703289158
cn,SI,2024,09,339,17671752,0.107790143084261,0.0350539256931919
cn,SI,2024,10,60,9234516,0.0190779014308426,0.0183177105290178
cn,SI,2024,unresolved,7,0,0.00222575516693164,0
cn,SI,2025,01,723,174942548,0.215114549241297,0.324503865829255
cn,SI,2025,02,112,28291242,0.0333234156501041,0.052477899190716
cn,SI,2025,03,93,4747020,0.0276703362094615,0.00880532699894591
cn,SI,2025,04,889,108431851,0.264504611722702,0.201132058671752
cn,SI,2025,05,221,15462370,0.0657542398095805,0.0286814093955137
cn,SI,2025,06,44,16625803,0.0130913418625409,0.0308394807763725
cn,SI,2025,07,859,131631549,0.255578696816424,0.244165567518732
cn,SI,2025,08,58,5366851,0.0172567688188039,0.00995506191455268
cn,SI,2025,09,305,7274957,0.0907468015471586,0.0134944397302456
cn,SI,2025,10,56,46333556,0.0166617078250521,0.0859448899739146
cn,SI,2025,unmapped,1,0,0.00029753049687593,0
cn,SI,2026,01,517,62589906,0.204509493670886,0.0534398577285582
cn,SI,2026,02,79,1704918,0.03125,0.00145567522275649
cn,SI,2026,03,85,3965000,0.033623417721519,0.00338535475502604
cn,SI,2026,04,700,47497372,0.276898734177215,0.0405537084871225
cn,SI,2026,05,144,8754137,0.0569620253164557,0.00747436552814614
cn,SI,2026,06,42,4339849,0.0166139240506329,0.00370540440056621
cn,SI,2026,07,638,1021326385,0.252373417721519,0.872018192659095
cn,SI,2026,08,40,984049,0.0158227848101266,0.000840190406388051
cn,SI,2026,09,232,11498591,0.0917721518987342,0.00981760648624203
cn,SI,2026,10,50,8561212,0.0197784810126582,0.00730964432609988
cn,SI,2026,unmapped,1,0,0.000395569620253165,0
cn,SK,2016,01,106,230525393,0.0903665814151748,0.119367254249293
cn,SK,2016,02,14,1024810,0.0119352088661552,0.000530651978227918
cn,SK,2016,03,34,19103072,0.0289855072463768,0.0098916705994578
cn,SK,2016,04,490,579043718,0.417732310315431,0.299831865845521
cn,SK,2016,05,83,239919752,0.0707587382779199,0.124231702476314
cn,SK,2016,07,87,122090920,0.0741687979539642,0.0632193169676979
cn,SK,2016,08,12,29798375,0.010230179028133,0.0154297544342145
cn,SK,2016,09,47,14618148,0.0400682011935209,0.00756935349404132
cn,SK,2016,10,6,1062000,0.0051150895140665,0.000549909154748733
cn,SK,2016,unresolved,291,690573035,0.248081841432225,0.357582329537775
cn,SK,2016,06,3,3468855,0.00255754475703325,0.00179619126270802
cn,SK,2017,01,119,112875384,0.071773220747889,0.0322832170111418
cn,SK,2017,04,545,1812540386,0.328709288299156,0.518400315011968
cn,SK,2017,05,80,253258316,0.0482509047044632,0.0724338016453998
cn,SK,2017,07,156,142715506,0.0940892641737033,0.0408177185120621
cn,SK,2017,09,51,42777085,0.0307599517490953,0.0122345711635325
cn,SK,2017,unresolved,583,900486315,0.351628468033776,0.257545924474626
cn,SK,2017,02,37,2437710,0.0223160434258142,0.000697203572217576
cn,SK,2017,03,46,51176098,0.0277442702050663,0.0146367526644912
cn,SK,2017,08,35,32174268,0.0211097708082027,0.00920208498266226
cn,SK,2017,06,5,145969589,0.00301568154402895,0.0417484109618992
cn,SK,2017,10,1,0,0.00060313630880579,0
cn,SK,2018,01,148,204900742,0.0845714285714286,0.0622220111708913
cn,SK,2018,03,64,121756068,0.0365714285714286,0.0369735480177998
cn,SK,2018,04,666,1012854010,0.380571428571429,0.307572402664613
cn,SK,2018,05,118,299114755,0.0674285714285714,0.0908318898473702
cn,SK,2018,06,5,8679385,0.00285714285714286,0.00263566049178322
cn,SK,2018,07,256,281842296,0.146285714285714,0.0855867788421267
cn,SK,2018,09,45,34647185,0.0257142857142857,0.0105212773319773
cn,SK,2018,10,4,27500000,0.00228571428571429,0.00835089853993555
cn,SK,2018,unresolved,403,988443092,0.230285714285714,0.300159562683352
cn,SK,2018,02,20,687082,0.0114285714285714,0.000208645529840582
cn,SK,2018,08,21,312634194,0.012,0.0949373248803101
cn,SK,2019,01,152,421681364,0.101604278074866,0.113654571793419
cn,SK,2019,03,86,163458788,0.0574866310160428,0.0440565795457141
cn,SK,2019,04,423,1523313070,0.282754010695187,0.410574214226285
cn,SK,2019,05,72,174908693,0.0481283422459893,0.0471426396872059
cn,SK,2019,06,10,42810451,0.00668449197860963,0.0115385783960994
cn,SK,2019,07,317,442302703,0.211898395721925,0.119212582305479
cn,SK,2019,08,23,18054328,0.0153743315508021,0.00486613138032329
cn,SK,2019,09,82,89942595,0.0548128342245989,0.0242419703440199
cn,SK,2019,unresolved,279,798092357,0.186497326203209,0.215107549989891
cn,SK,2019,02,40,35305462,0.0267379679144385,0.00951578017941247
cn,SK,2019,10,12,331700,0.00802139037433155,8.94021521517299e-05
cn,SK,2020,01,151,237079798,0.0986283474853037,0.0551037050346193
cn,SK,2020,02,27,19511931,0.0176355323318093,0.00453509619777829
cn,SK,2020,03,55,104642924,0.0359242325277596,0.024321822722559
cn,SK,2020,04,448,2711191320,0.292619203135206,0.630153594064139
cn,SK,2020,05,80,128916330,0.0522534291312867,0.0299636134432072
cn,SK,2020,07,253,265566696,0.165251469627694,0.0617248243285681
cn,SK,2020,08,20,30264999,0.0130633572828217,0.00703439766626192
cn,SK,2020,09,100,94150535,0.0653167864141084,0.0218831100467346
cn,SK,2020,unresolved,375,690326552,0.244937949052907,0.160450409608388
cn,SK,2020,06,11,20066843,0.00718484650555193,0.00466407263282726
cn,SK,2020,10,11,711425,0.00718484650555193,0.000165354254917385
cn,SK,2021,01,183,340969072,0.0974960042621204,0.0635671131060414
cn,SK,2021,02,33,7278109,0.0175812466702184,0.0013568631761449
cn,SK,2021,03,76,154480571,0.0404901438465637,0.028799925670217
cn,SK,2021,04,493,2667936591,0.262653169952051,0.497385367080577
cn,SK,2021,05,133,322316642,0.0708577517314864,0.0600897269590875
cn,SK,2021,06,20,35420066,0.0106553010122536,0.00660338877200408
cn,SK,2021,07,415,205002204,0.221097496004262,0.0382187106068546
cn,SK,2021,09,125,173784721,0.066595631326585,0.0323988124527284
cn,SK,2021,10,20,1241091,0.0106553010122536,0.000231377501511017
cn,SK,2021,unresolved,341,1380685415,0.181672882258924,0.257402190246647
cn,SK,2021,08,38,74808077,0.0202450719232818,0.0139465244281876
cn,SK,2022,01,314,484212386,0.128741287412874,0.075267848367773
cn,SK,2022,02,60,54803207,0.02460024600246,0.00851882271872259
cn,SK,2022,03,161,438550777,0.0660106601066011,0.0681700310425455
cn,SK,2022,04,734,3374065901,0.300943009430094,0.5244778695507
cn,SK,2022,05,134,419554457,0.0549405494054941,0.0652171694994587
cn,SK,2022,07,323,494530984,0.132431324313243,0.076871811199141
cn,SK,2022,08,39,64803438,0.015990159901599,0.0100732973507505
cn,SK,2022,09,201,133762475,0.0824108241082411,0.0207925571024076
cn,SK,2022,10,36,7406042,0.014760147601476,0.00115122384800243
cn,SK,2022,unresolved,417,931454361,0.170971709717097,0.144788872883662
cn,SK,2022,06,20,30046192,0.00820008200082001,0.00467049643683628
cn,SK,2023,01,400,498002751,0.150093808630394,0.0801774905966016
cn,SK,2023,02,63,121602585,0.0236397748592871,0.0195777836483477
cn,SK,2023,03,160,428549208,0.0600375234521576,0.0689956029873439
cn,SK,2023,04,761,3149553169,0.285553470919325,0.507072037421324
cn,SK,2023,05,145,252596269,0.0544090056285178,0.0406675162774034
cn,SK,2023,06,19,66638244,0.00712945590994372,0.0107286298538621
cn,SK,2023,07,441,1015446888,0.165478424015009,0.163485007162076
cn,SK,2023,08,52,49116776,0.0195121951219512,0.00790770701159317
cn,SK,2023,09,218,182415275,0.0818011257035647,0.0293685104482264
cn,SK,2023,10,52,26796350,0.0195121951219512,0.00431416110821493
cn,SK,2023,unresolved,354,420536383,0.132833020637899,0.0677055534850075
cn,SK,2024,01,562,4002081623,0.23864118895966,0.399549030419826
cn,SK,2024,03,134,326612198,0.0569002123142251,0.0326074276656971
cn,SK,2024,04,659,3382913319,0.279830148619958,0.337734175343372
cn,SK,2024,05,159,264545879,0.067515923566879,0.0264110179184146
cn,SK,2024,06,33,109884931,0.0140127388535032,0.0109703953528785
cn,SK,2024,07,456,702252132,0.193630573248408,0.0701095541975796
cn,SK,2024,08,48,89631919,0.0203821656050955,0.00894842976847462
cn,SK,2024,09,206,916323993,0.0874734607218684,0.0914814832484924
cn,SK,2024,10,44,59078501,0.0186836518046709,0.00589812003272247
cn,SK,2024,unresolved,1,0,0.000424628450106157,0
cn,SK,2024,02,53,163172401,0.0225053078556263,0.0162903660525429
cn,SK,2025,01,590,1838656176,0.244508910070452,0.195602871391315
cn,SK,2025,02,55,164645777,0.0227932034811438,0.0175156112186872
cn,SK,2025,03,114,418056613,0.047244094488189,0.0444743693651443
cn,SK,2025,04,624,5113598141,0.258599254040613,0.544003002071275
cn,SK,2025,05,141,655419198,0.0584334852880232,0.0697258567247175
cn,SK,2025,06,67,351874905,0.0277662660588479,0.0374337207178566
cn,SK,2025,07,514,409399754,0.213012847078326,0.0435534215013009
cn,SK,2025,08,37,68870673,0.0153336096145877,0.00732671043629221
cn,SK,2025,09,229,351058766,0.0949026108578533,0.0373468969092848
cn,SK,2025,10,37,24953935,0.0153336096145877,0.00265468955111064
cn,SK,2025,unresolved,5,3410771,0.00207210940737671,0.000362850113015489
cn,SK,2026,01,407,1790416863,0.242695289206917,0.22948278076734
cn,SK,2026,02,36,49619266,0.0214669051878354,0.00635984131775591
cn,SK,2026,03,64,229627003,0.0381633870005963,0.0294319408382998
cn,SK,2026,04,512,2959731701,0.30530709600477,0.379357162628963
cn,SK,2026,05,108,775315171,0.0644007155635063,0.0993743329215872
cn,SK,2026,06,39,203784214,0.0232558139534884,0.0261195976599818
cn,SK,2026,07,311,1494883010,0.185450208706023,0.191603373016629
cn,SK,2026,08,32,99392580,0.0190816935002982,0.0127394274022989
cn,SK,2026,09,138,143935230,0.0822898032200358,0.0184485845242995
cn,SK,2026,10,24,54341241,0.0143112701252236,0.00696507017596616
cn,SK,2026,unresolved,5,570484,0.00298151460942159,7.31205438290575e-05
cn,SK,2026,unmapped,1,349280,0.000596302921884317,4.47682030497143e-05
cn,UK,2016,01,2111,10561148015,0.193315018315018,0.173818471249251
cn,UK,2016,02,174,2508939179,0.0159340659340659,0.0412928567928162
cn,UK,2016,03,290,1314872644,0.0265567765567766,0.0216405595814898
cn,UK,2016,04,1271,9510914470,0.116391941391941,0.156533419568571
cn,UK,2016,05,497,2047143505,0.0455128205128205,0.0336924881614712
cn,UK,2016,06,1003,5051317001,0.0918498168498169,0.0831360565785204
cn,UK,2016,07,2343,17467954652,0.21456043956044,0.287492720407808
cn,UK,2016,08,305,1401347865,0.0279304029304029,0.0230637941288906
cn,UK,2016,09,1910,5753170034,0.174908424908425,0.094687359624784
cn,UK,2016,10,361,3194585908,0.0330586080586081,0.0525774317351009
cn,UK,2016,unresolved,655,1948248318,0.059981684981685,0.0320648421712972
cn,UK,2017,01,2194,15339664170,0.20363838871357,0.240134052813635
cn,UK,2017,02,165,1357266938,0.0153146463708929,0.0212472715803851
cn,UK,2017,03,339,1157128347,0.031464637089289,0.0181142114006693
cn,UK,2017,04,1205,10323810940,0.111843326526824,0.161613613833369
cn,UK,2017,05,499,2647029533,0.0463152032671246,0.0414377995914544
cn,UK,2017,06,1023,7374223812,0.0949508074995359,0.115439440570906
cn,UK,2017,07,2273,14495530687,0.210970855763876,0.226919604821682
cn,UK,2017,08,361,1474524050,0.0335065899387414,0.0230828675369674
cn,UK,2017,09,1729,4941290188,0.160478930759235,0.0773531953387404
cn,UK,2017,10,390,2301652162,0.0361982550584741,0.0360311057467124
cn,UK,2017,unresolved,596,2467466388,0.0553183590124374,0.0386268367654793
cn,UK,2018,01,2292,16005774047,0.210101750847924,0.189045863958884
cn,UK,2018,02,183,1668648771,0.0167751397928316,0.0197085843915653
cn,UK,2018,03,320,2165568887,0.0293335777798148,0.0255777596261974
cn,UK,2018,04,1160,13274752605,0.106334219451829,0.156789485324706
cn,UK,2018,05,573,6332189419,0.0525254377119809,0.0747901486020621
cn,UK,2018,06,1145,8650290378,0.1049592079934,0.102169480413897
cn,UK,2018,07,2190,19484427180,0.200751672930608,0.230132598346749
cn,UK,2018,08,323,3005343485,0.0296085800715006,0.035496424849351
cn,UK,2018,09,1706,5638155387,0.156384636538638,0.0665928403799771
cn,UK,2018,10,346,2679251882,0.0317169309744248,0.0316449229702259
cn,UK,2018,unresolved,671,5761687509,0.0615088459070492,0.0680518911363847
cn,UK,2019,01,2372,17183962017,0.215695189597163,0.211721263717871
cn,UK,2019,02,172,1020464357,0.0156406292625261,0.0125730028400519
cn,UK,2019,03,333,1926841429,0.0302809857233791,0.0237403517261177
cn,UK,2019,04,1281,10963668313,0.116486314449395,0.135081869240373
cn,UK,2019,05,570,4767619827,0.0518323179048832,0.0587411968031712
cn,UK,2019,06,1126,12791417059,0.10239156133491,0.157601313468604
cn,UK,2019,07,2120,19964737514,0.192779849049741,0.245982821195598
cn,UK,2019,08,367,1069199811,0.0333727380194599,0.0131734657541654
cn,UK,2019,09,1649,5897645001,0.149949986359916,0.072664083599336
cn,UK,2019,10,322,1897515753,0.0292807129217059,0.0233790340523497
cn,UK,2019,unresolved,685,3680066316,0.062289715376921,0.0453415976023621
cn,UK,2020,01,1771,13318436063,0.208795095496345,0.175187404060828
cn,UK,2020,02,151,1609072489,0.0178024050931384,0.0211653403567948
cn,UK,2020,03,296,1746097039,0.0348974298514501,0.0229677272957382
cn,UK,2020,04,1031,14265129143,0.12155152086772,0.187639969988467
cn,UK,2020,05,447,4000756416,0.0526998349445885,0.0526249574261851
cn,UK,2020,06,940,10479544335,0.110822919122848,0.137845326516173
cn,UK,2020,07,1463,19010412433,0.172482904975242,0.250058249220051
cn,UK,2020,08,253,1219156656,0.0298278707851922,0.0160364842161513
cn,UK,2020,09,1360,6273844791,0.160339542560717,0.0825245980246321
cn,UK,2020,10,223,927294985,0.0262909691110587,0.0121974081981051
cn,UK,2020,unresolved,547,3174192042,0.0644895071917001,0.041752534696875
cn,UK,2021,01,53,191461705,0.189285714285714,0.132444131533693
cn,UK,2021,04,28,24552838,0.1,0.0169844894340488
cn,UK,2021,05,12,2879246,0.0428571428571429,0.00199172589600547
cn,UK,2021,07,2,290833,0.00714285714285714,0.000201184482851746
cn,UK,2021,09,83,284888650,0.296428571428571,0.197072463305684
cn,UK,2021,10,3,0,0.0107142857142857,0
cn,UK,2021,unresolved,78,13389174,0.278571428571429,0.0092619958773662
cn,UK,2021,08,12,43788237,0.0428571428571429,0.0302906266339607
cn,UK,2021,06,8,884352854,0.0285714285714286,0.61175338283639
cn,UK,2021,02,1,0,0.00357142857142857,0
cn,UK,2022,01,17,8700454,0.11038961038961,0.0324337700163467
cn,UK,2022,05,9,10906235,0.0584415584415584,0.0406565355939162
cn,UK,2022,09,55,77777351,0.357142857142857,0.289940354240672
cn,UK,2022,unresolved,38,39377036,0.246753246753247,0.146790699605952
cn,UK,2022,03,1,174500,0.00649350649350649,0.000650505464180662
cn,UK,2022,04,21,47577362,0.136363636363636,0.177360079955882
cn,UK,2022,07,8,59416504,0.051948051948052,0.221494329596058
cn,UK,2022,06,3,24323493,0.0194805194805195,0.0906737255269919
cn,UK,2022,10,1,0,0.00649350649350649,0
cn,UK,2022,08,1,0,0.00649350649350649,0
cn,UK,2023,01,10,37813283,0.1,0.541365672988747
cn,UK,2023,04,18,5586320,0.18,0.0799782945672952
cn,UK,2023,07,4,8724988,0.04,0.124914015015272
cn,UK,2023,09,32,1076082,0.32,0.0154060639516827
cn,UK,2023,unresolved,10,12796650,0.1,0.183207235384757
cn,UK,2023,05,7,3489995,0.07,0.0499656031427465
cn,UK,2023,08,5,174500,0.05,0.00249828373634038
cn,UK,2023,10,13,186133,0.13,0.00266483121315899
cn,UK,2023,06,1,0,0.01,0
cn,UK,2024,01,8,175655300,0.0677966101694915,0.221473202934947
cn,UK,2024,04,5,0,0.0423728813559322,0
cn,UK,2024,09,22,0,0.186440677966102,0
cn,UK,2024,10,71,8812340,0.601694915254237,0.0111109494854511
cn,UK,2024,unresolved,2,0,0.0169491525423729,0
cn,UK,2024,05,1,0,0.00847457627118644,0
cn,UK,2024,08,4,0,0.0338983050847458,0
cn,UK,2024,07,3,840000,0.0254237288135593,0.00105910547797508
cn,UK,2024,06,2,607814497,0.0169491525423729,0.766356742101627
cn,UK,2025,08,3,0,0.0526315789473684,0
cn,UK,2025,09,16,508571,0.280701754385965,0.000428731235986139
cn,UK,2025,10,10,2025729,0.175438596491228,0.00170771297998306
cn,UK,2025,01,20,1183450043,0.350877192982456,0.997662076019355
cn,UK,2025,05,3,189000,0.0526315789473684,0.000159329186291354
cn,UK,2025,07,1,0,0.0175438596491228,0
cn,UK,2025,04,4,50000,0.0701754385964912,4.21505783839562e-05
cn,UK,2026,01,14,65521155,0.466666666666667,0.204672869126143
cn,UK,2026,04,1,3142487,0.0333333333333333,0.00981639945879475
cn,UK,2026,08,4,317940,0.133333333333333,0.000993170709673326
cn,UK,2026,05,1,60000,0.0333333333333333,0.000187426063346542
cn,UK,2026,09,4,2021215,0.133333333333333,0.00631380617711635
cn,UK,2026,06,2,241737400,0.0666666666666667,0.75513148742714
cn,UK,2026,07,4,7326038,0.133333333333333,0.0228848410377862
