country,year,cofog,sec_div,green,procedures,value_eur
RO,2024,04,none,FALSE,2610,11092597329.7056
NO,2025,09,none,FALSE,195,296820620.747648
CZ,2025,02,none,FALSE,324,1057940374.03897
DE,2023,05,none,FALSE,2385,1947623279.57
PL,2025,01,01,FALSE,560,689857440.327676
NO,2024,01,04,FALSE,16,6605616.17283883
NO,2024,03,none,FALSE,97,51246122.2214383
FR,2024,06,none,FALSE,3746,10150363757.41
FR,2024,08,none,FALSE,1354,4654778741.54
NL,2025,01,none,FALSE,3265,4377436507.051
ES,2023,05,none,FALSE,1495,4933199494.68
FI,2024,04,none,FALSE,1388,3577313147.36583
DE,2024,03,none,FALSE,1908,1569127869.91
ES,2025,03,04,FALSE,10,6970598.56
FI,2024,07,none,FALSE,965,2704493540.64
RO,2025,04,none,FALSE,1835,14941810726.2598
EE,2025,07,none,FALSE,614,147118512.97
IT,2025,10,none,FALSE,763,2238160105.14299
HU,2024,07,none,FALSE,486,330176922.754318
NL,2025,08,06,FALSE,154,328235388.15
SE,2024,07,none,FALSE,1106,1724520537.73867
AT,2025,07,none,FALSE,721,1193483664.72
FR,2024,01,04,FALSE,189,1087374203.08
SE,2025,02,none,FALSE,81,314632361.45109
PT,2024,01,none,FALSE,1021,1816048800.67
EE,2024,06,none,FALSE,98,158285176.66
DE,2023,10,none,FALSE,937,593090202.32
BE,2024,10,none,FALSE,91,21806878.28
PL,2024,07,01,FALSE,134,55660036.3504213
AT,2025,07,04,FALSE,24,26606651.44
LT,2024,01,01,FALSE,148,87632799.93
LV,2025,01,none,FALSE,1163,484295637.54
EE,2024,01,01,FALSE,46,14909756.9
BG,2025,09,04,FALSE,13,5397229.56846303
GR,2025,05,none,FALSE,175,903912084.49
SI,2024,09,none,FALSE,330,294764238.37
NL,2024,10,10,FALSE,7,21964680
DE,2024,06,05,TRUE,186,163489413.3
RO,2025,06,none,FALSE,192,575070656.574143
MT,2025,04,none,FALSE,135,359180258.12
CH,2025,05,none,FALSE,145,891467284.349583
PL,2025,unresolved,none,FALSE,76,187594377.582682
HU,2025,08,none,FALSE,191,121881736.863144
RO,2024,07,07,FALSE,26,224763.631772085
PL,2024,03,03,FALSE,4,84682956.6011358
BE,2025,08,06,FALSE,75,34628406.23
CH,2024,05,none,FALSE,188,299997921.332269
DE,2025,unresolved,none,FALSE,72,85709706.16
FR,2020,01,none,FALSE,9763,13826573324.99
ES,2022,01,none,FALSE,5598,5499557748.2
PL,2022,unresolved,none,FALSE,2969,3522407162.82
DE,2018,04,none,FALSE,5897,8275834293.98
IT,2018,01,none,FALSE,1413,2230375644.59
PL,2019,04,none,FALSE,6002,11429968596.43
BG,2020,04,none,FALSE,2912,3310285696.52
DE,2020,09,none,FALSE,4167,2077743405.09
PL,2021,04,none,FALSE,5974,11341011397.84
SE,2019,01,none,FALSE,2772,6420208829.78
IT,2021,07,none,FALSE,1817,12765622051.95
DE,2022,unresolved,none,FALSE,6942,5332784447.9
ES,2017,01,none,FALSE,2366,2919266012.07
NL,2019,10,none,FALSE,83,328972000
UK,2019,10,none,FALSE,3315,1842647579.65
UK,2016,10,none,FALSE,5074,4752383162.04
RO,2019,07,none,FALSE,3620,3580204734.06
PT,2023,05,none,FALSE,262,742843017.46
SE,2018,04,none,FALSE,1107,3789360564.38
IT,2016,unresolved,none,FALSE,955,2094516413.07
PL,2019,03,none,FALSE,754,510134344.55
CZ,2017,03,none,FALSE,483,181746989.03
BE,2017,05,none,FALSE,283,261976425
IT,2017,04,none,FALSE,1425,6693145027.95
BG,2017,04,none,FALSE,2599,1172747075.38
SE,2022,07,none,FALSE,1297,4281183452.24
LV,2019,07,none,FALSE,451,116975925.6
GR,2022,07,none,FALSE,945,208452724.67
PL,2022,04,none,FALSE,8533,15447958132.31
PL,2017,02,none,FALSE,653,1275348057.79
LU,2020,01,none,FALSE,321,604109472.5
BG,2021,09,none,FALSE,772,142341583.47
GR,2021,04,none,FALSE,632,1120532131.3
FR,2023,05,none,FALSE,2862,9782601973.44
NO,2023,unresolved,none,FALSE,219,1104123099.76638
SI,2020,10,none,FALSE,212,45780520.26
FR,2022,unresolved,none,FALSE,4312,4679506673.34
HU,2020,05,none,FALSE,114,164508361.27
SK,2017,unresolved,none,FALSE,343,630887930.86
NL,2022,07,none,FALSE,360,486688892.73
PT,2021,07,none,FALSE,839,541317370.82
DE,2023,03,none,FALSE,2066,933491572.15
CH,2019,04,none,FALSE,590,1728976253.47
PT,2021,unresolved,none,FALSE,331,409955513.97
EE,2018,05,none,FALSE,43,13193578.51
SI,2020,06,none,FALSE,58,86648709.77
CZ,2018,09,none,FALSE,2004,429708232.53
SE,2016,unresolved,none,FALSE,495,235702934.84
DK,2017,01,none,FALSE,505,872811609.66
LV,2020,04,none,FALSE,546,708993546.84
CZ,2017,07,none,FALSE,1665,938923551.12
NL,2022,06,none,FALSE,188,795107648.21
IT,2016,09,none,FALSE,450,1078201170.08
BE,2019,01,none,FALSE,1061,1615574668.44
PT,2023,07,none,FALSE,1135,963470619.3
RO,2023,09,none,FALSE,830,580867777.896298
AT,2019,05,none,FALSE,141,166889035.53
BE,2018,10,none,FALSE,120,92347631.2
IE,2016,unresolved,none,FALSE,87,808235649.31
LV,2020,07,none,FALSE,465,177968345.94
ES,2022,09,none,FALSE,2034,1690853710.33
IT,2016,06,none,FALSE,149,518488945.59
CH,2022,01,none,FALSE,1014,2541472344.58
GR,2019,04,none,FALSE,773,1159172687.5
CZ,2019,05,none,FALSE,324,364991058.78
UK,2018,01,none,FALSE,2645,9435084902.6
ES,2021,04,none,FALSE,3552,9923175800.38
IE,2020,07,none,FALSE,119,635148986.65
CH,2022,07,none,FALSE,300,536187260.28
CZ,2018,05,none,FALSE,336,526670497.62
SK,2019,01,none,FALSE,143,99826229.73
ES,2023,09,none,FALSE,1554,2519501360.99
ES,2017,08,none,FALSE,494,688535565.53
HU,2020,unresolved,none,FALSE,805,3150852571.62
BG,2016,unresolved,none,FALSE,836,183445781.54
IE,2022,08,none,FALSE,59,38071348.84
DE,2019,10,none,FALSE,920,592441069.85
IT,2020,01,07,FALSE,1,
DE,2023,06,04,FALSE,80,47564377.67
PL,2020,03,01,FALSE,51,25921108.23
RO,2018,unresolved,01,FALSE,18,12368065.66
PL,2019,01,01,FALSE,258,88194417.68
NL,2018,04,05,TRUE,26,63564331.55
FR,2021,08,06,FALSE,509,207771754.17
FR,2017,09,01,FALSE,45,48270996.49
PL,2020,07,01,FALSE,114,37128293.9
FR,2017,01,01,FALSE,350,1148868013.5
ES,2018,unresolved,04,FALSE,33,107406003.74
FR,2020,01,03,FALSE,51,28662877.35
SE,2022,01,01,FALSE,179,783628431.64
IT,2016,10,none,FALSE,416,843689973.22
EE,2020,09,none,FALSE,239,128082456.53
BG,2019,05,none,FALSE,236,265479645.83
DK,2021,04,none,FALSE,565,3233138086.4
CY,2019,01,none,FALSE,79,88230960.55
SI,2020,05,none,FALSE,390,155340798.47
CY,2023,06,none,FALSE,6,2716249.85
HU,2021,unresolved,none,FALSE,1076,4165905970.15
BE,2016,01,none,FALSE,862,956587390.82
NL,2017,02,none,FALSE,163,82035746.99
LT,2018,08,none,FALSE,35,33264097.74
LT,2022,10,none,FALSE,46,19659704.43
LT,2023,unresolved,none,FALSE,609,373164199.5
HR,2021,05,none,FALSE,197,243891599.01
RO,2021,unresolved,none,FALSE,592,256284215.81
FI,2022,03,none,FALSE,99,87103014.63
GR,2021,09,none,FALSE,414,218543013.51
HR,2022,08,none,FALSE,33,32704069.38
IE,2017,08,none,FALSE,50,98485361.33
HU,2018,09,none,FALSE,162,127909681.73
SE,2021,10,none,FALSE,133,398708880.69
FI,2022,06,none,FALSE,227,418580972.19
PL,2016,08,none,FALSE,266,164984442.78
PT,2016,01,none,FALSE,150,88324553.68
CH,2020,07,none,FALSE,253,718449472.9
LT,2022,01,none,FALSE,728,341521702.43
GR,2022,unresolved,none,FALSE,330,295129287.68
EE,2021,05,none,FALSE,72,36666925.55
IT,2020,06,none,FALSE,284,516444052.2
BE,2019,02,none,FALSE,91,283112273.88
LT,2020,09,none,FALSE,211,70444719.6
GR,2020,unresolved,none,FALSE,350,308201988.03
PL,2018,10,none,FALSE,42,19568206.41
HU,2017,08,none,FALSE,117,924931135.56
PL,2019,08,none,FALSE,283,536336366.23
MK,2016,04,none,FALSE,159,23858882.35
SK,2022,06,none,FALSE,18,9154020.41
IS,2020,07,none,FALSE,21,140199538.98
CY,2016,07,none,FALSE,238,160771804.05
DE,2019,04,03,FALSE,65,130986613.77
PL,2016,05,04,FALSE,7,42501954.35
FR,2018,08,06,FALSE,450,117300315.96
RO,2020,01,04,FALSE,66,126300669.51
NO,2022,07,10,FALSE,22,484943194.22
RO,2021,01,01,FALSE,101,41683120.84
ES,2020,03,04,FALSE,11,4032783.62
RO,2022,03,04,FALSE,41,27468784.13
ES,2018,unresolved,01,FALSE,63,44980595.73
SI,2022,unresolved,04,FALSE,10,801398.23
IT,2021,04,04,FALSE,52,371590640.75
NL,2021,04,04,FALSE,18,63775123.7
BE,2019,05,04,FALSE,23,97758268.48
BE,2020,unresolved,01,FALSE,31,7152133.02
ES,2021,01,07,FALSE,3,217427
RO,2023,01,01,FALSE,157,53366884.4593404
AT,2018,02,03,FALSE,14,22267230
IT,2020,06,05,TRUE,57,186666964.7
RO,2023,unresolved,04,FALSE,34,9293794.47156594
CZ,2021,04,05,TRUE,93,79563237.6
MT,2022,09,04,FALSE,2,
BG,2023,01,04,FALSE,50,12636641.0675059
SE,2023,unresolved,04,FALSE,3,197112.3
SK,2017,05,06,FALSE,1,
RO,2023,07,07,FALSE,56,44206835.2569008
CH,2016,unresolved,04,FALSE,68,
SK,2019,03,01,FALSE,3,1371600
DE,2017,unresolved,01,FALSE,160,89360828.05
NL,2018,07,04,FALSE,5,329073
FR,2022,04,01,FALSE,96,143861488.01
AT,2021,08,05,TRUE,2,241500
FR,2021,10,09,FALSE,90,276197385.85
UK,2017,07,01,FALSE,28,33397304.23
DE,2016,unresolved,04,FALSE,116,69467916.74
IT,2020,04,04,FALSE,57,343323431.98
CZ,2023,07,01,FALSE,83,21322266.5280406
RO,2023,01,04,FALSE,50,991940320.061145
BE,2021,04,01,FALSE,11,787000
ES,2021,04,05,TRUE,94,342489128.08
HR,2021,04,03,FALSE,4,
ES,2017,07,10,FALSE,33,46699842.3
IE,2020,unresolved,01,FALSE,13,18901212
FR,2019,05,01,FALSE,27,7596314.97
PL,2020,02,01,FALSE,23,19370229.13
BE,2021,08,06,FALSE,45,9427049.89
DE,2021,01,03,FALSE,74,21401952.06
BG,2018,06,04,FALSE,12,4828181.99
BG,2019,04,04,FALSE,76,49654961.62
FR,2019,unresolved,08,FALSE,14,4369558.79
FI,2021,01,01,FALSE,22,69556664
LV,2020,04,04,FALSE,9,4146065.3
AT,2023,06,04,FALSE,16,18909500.45
FR,2017,01,08,FALSE,18,39281886.57
FR,2024,unresolved,none,FALSE,311,2751185098.15
SK,2016,04,01,FALSE,11,5992639.84
DE,2022,01,09,FALSE,50,23945459.83
NL,2018,01,05,TRUE,5,1206472.88
SK,2019,04,01,FALSE,15,3740743.26
CH,2017,01,01,FALSE,27,32777964.43
RO,2016,07,04,FALSE,1,12601.77
SE,2020,04,01,FALSE,13,12086544.34
DE,2021,08,08,FALSE,5,734185
PL,2021,08,05,TRUE,18,15563427.71
DE,2022,03,02,FALSE,88,37804082.8
CZ,2020,02,03,FALSE,29,14689263.77
RO,2022,04,01,FALSE,36,36307071.66
FR,2020,08,04,FALSE,4,15320445.57
FI,2017,07,10,FALSE,108,456408768
DE,2020,01,03,FALSE,55,8210711.21
CZ,2023,07,05,TRUE,11,1028230.79630024
BG,2023,09,04,FALSE,5,259261.688535638
RO,2024,04,01,FALSE,25,17768455.7483668
PL,2024,06,04,FALSE,25,34099406.8275851
CZ,2024,unmapped,none,FALSE,13,16289888.4404137
SI,2024,04,03,FALSE,8,6860836
LV,2024,01,04,FALSE,7,428740.55
IE,2025,07,10,FALSE,13,19914151
DE,2025,09,06,FALSE,11,38260738.18
PL,2024,01,05,TRUE,13,6019356.70125932
IS,2025,07,none,FALSE,17,32144274.2336701
ES,2024,05,04,FALSE,42,39621003.47
UK,2025,10,06,FALSE,86,10753388.234836
SK,2024,05,none,FALSE,136,330268862.61
PT,2025,02,none,FALSE,120,1557532039.24
EE,2025,09,01,FALSE,17,2868562.86
EE,2025,10,none,FALSE,47,14492099.96
PT,2016,02,none,FALSE,39,18318129.52
AT,2019,unresolved,01,FALSE,35,23092067.35
CZ,2018,01,09,FALSE,10,488706.56
RO,2018,09,none,FALSE,109,164364949.77
FR,2016,09,01,FALSE,33,7750177.03
DE,2017,02,01,FALSE,30,
PL,2017,09,04,FALSE,5,1437409.55
HU,2021,05,06,FALSE,5,366249.17
RO,2019,01,05,TRUE,3,401210.35
BG,2020,02,none,FALSE,131,33759033.62
DE,2019,04,07,FALSE,7,1316800
DE,2021,09,04,FALSE,46,19658972.15
ES,2023,05,04,FALSE,59,29782023.66
UK,2023,09,none,FALSE,125,245171248.002716
IE,2020,08,none,FALSE,60,99627721.72
LT,2022,04,05,TRUE,44,46278553.12
SE,2020,05,04,FALSE,26,46760887.34
NL,2017,09,03,FALSE,1,
SI,2016,01,01,FALSE,26,10861013.32
CZ,2021,04,06,FALSE,7,542987.28
DE,2017,02,03,FALSE,52,4557941.64
NL,2024,unresolved,none,FALSE,23,186935664.36
FI,2024,09,01,FALSE,5,856895
ES,2020,05,04,FALSE,36,15169239.02
IT,2025,04,07,FALSE,11,11570662.54
DE,2022,05,08,FALSE,4,32406.4
LV,2022,01,01,FALSE,14,12330350.79
AT,2020,unresolved,03,FALSE,1,1994521
FR,2017,10,08,FALSE,6,295060
ES,2023,04,06,FALSE,14,42022652.71
NL,2019,unresolved,01,FALSE,40,13164874
NL,2016,04,04,FALSE,10,37458688
AT,2018,01,04,FALSE,14,16457358.51
ES,2020,01,08,FALSE,16,8367382.96
SI,2021,04,04,FALSE,36,104603953.39
PL,2020,03,04,FALSE,6,11971068.28
DK,2023,01,07,FALSE,1,804244.46107091
MT,2023,05,04,FALSE,1,1170000
PT,2025,10,07,FALSE,37,6517631.5
FR,2025,02,01,FALSE,12,42570159.3
GR,2023,unmapped,none,FALSE,3,772918.98
NL,2025,06,04,FALSE,31,11773666.9
HU,2024,10,none,FALSE,71,31639214.8317717
LU,2025,01,01,FALSE,10,38895057.47
BG,2023,04,06,FALSE,4,2590710.14350547
NL,2019,03,05,TRUE,3,593600
PT,2019,01,05,TRUE,3,785398.4
SE,2022,10,01,FALSE,6,2759572.27
RO,2021,04,03,FALSE,6,7806818.92
IE,2018,05,06,FALSE,2,
BG,2019,07,04,FALSE,5,1044082.21
NO,2023,03,01,FALSE,3,67340934.406384
CZ,2018,07,01,FALSE,59,13293308.78
SK,2020,03,02,FALSE,1,294000
CH,2017,08,06,FALSE,6,8925014.75
DE,2019,05,01,FALSE,14,2712300.72
LT,2023,05,05,TRUE,2,233800
FI,2022,unresolved,04,FALSE,24,1472588
CH,2021,01,01,FALSE,13,15500616.37
UK,2022,01,04,FALSE,3,221956408.8
HU,2018,unresolved,06,FALSE,1,634470.86
BG,2018,09,08,FALSE,4,4077991.26
NL,2020,04,01,FALSE,15,257399
IT,2020,02,01,FALSE,4,3487365.37
BE,2019,03,02,FALSE,13,13677873.19
NL,2021,10,10,FALSE,12,
LU,2021,03,02,FALSE,4,13181712
CH,2022,04,01,FALSE,6,
ES,2019,06,04,FALSE,34,97744112.01
BE,2021,06,01,FALSE,3,
NL,2016,06,01,FALSE,4,470000
SI,2016,09,01,FALSE,10,2559181.2
AT,2020,04,08,FALSE,1,6050000
IT,2016,06,05,TRUE,23,145943583.43
FI,2019,08,04,FALSE,2,
NO,2018,03,01,FALSE,7,12045480.59
IT,2018,05,04,FALSE,30,69835907.26
SE,2023,05,04,FALSE,21,28694398.3721218
SK,2023,02,none,FALSE,69,26880544.65
CH,2018,05,none,FALSE,132,191561538.86
FI,2019,08,none,FALSE,96,177128180
SK,2016,04,none,FALSE,408,1181185440.2
LT,2017,04,none,FALSE,255,798344351.46
UK,2016,02,none,FALSE,140,1714466427.14
HR,2017,05,none,FALSE,69,89197272.27
BE,2016,unresolved,none,FALSE,524,829717801.16
MK,2019,04,none,FALSE,127,180306440.54
LU,2016,01,none,FALSE,103,140864590.2
IT,2019,02,none,FALSE,211,1281637789.71
LV,2020,05,none,FALSE,82,309637041.68
PT,2018,10,none,FALSE,46,60344144.28
BE,2020,06,none,FALSE,212,423668833.92
NL,2022,08,none,FALSE,164,61583830.42
GR,2022,unresolved,01,FALSE,30,56622630.82
RO,2023,01,07,FALSE,18,20266821.08
FR,2022,05,04,FALSE,72,77143518.46
SI,2017,02,none,FALSE,62,24268961.7
SI,2020,02,03,FALSE,17,29377439.13
IT,2017,unresolved,03,FALSE,5,4950485.75
IT,2021,04,09,FALSE,5,25426227.54
FI,2021,06,01,FALSE,3,3120980
LU,2022,01,04,FALSE,5,3851135.83
NO,2021,07,10,FALSE,20,263591309.7
BG,2019,unresolved,04,FALSE,25,5885781.21
IE,2016,08,none,FALSE,33,42833927.4
ES,2019,01,03,FALSE,7,497726732.28
PT,2019,09,01,FALSE,7,2035161.82
HU,2016,02,03,FALSE,7,22154441.51
GR,2020,06,04,FALSE,11,31186392.7
FR,2016,01,06,FALSE,9,1485235.28
SK,2022,01,01,FALSE,36,30476606.43
RO,2023,03,01,FALSE,35,41090466.1169564
ES,2017,04,03,FALSE,9,3284094.47
LV,2021,unresolved,01,FALSE,38,72422011.66
MK,2020,01,none,FALSE,90,544903870.34
NL,2016,03,03,FALSE,2,
ES,2022,unresolved,04,FALSE,28,144945016.81
BE,2022,01,04,FALSE,6,8690277.45
ES,2022,01,08,FALSE,19,11268002.96
DK,2021,05,04,FALSE,12,3258731.34
ES,2018,04,05,TRUE,99,337598616.89
IE,2019,07,none,FALSE,92,126572213.09
MK,2016,10,none,FALSE,9,3143982.69
LT,2021,10,01,FALSE,4,769000
DE,2016,06,04,FALSE,70,25232657.19
PL,2023,unresolved,03,FALSE,26,11903086.2163517
MT,2023,03,none,FALSE,12,4206041.22
LV,2024,01,06,FALSE,2,91750.02
LV,2025,09,04,FALSE,8,1425149.32
BE,2024,02,03,FALSE,11,7410251
NO,2025,07,01,FALSE,10,2652827.72068568
IE,2025,03,02,FALSE,4,913880.36
SK,2025,08,none,FALSE,39,87927069.56
DE,2024,04,09,FALSE,4,731647.04
FI,2024,07,01,FALSE,39,54563942.01
CZ,2025,09,06,FALSE,2,111599.184924747
PL,2024,06,05,TRUE,85,71092467.7888628
AT,2024,04,06,FALSE,1,
HR,2025,06,none,FALSE,92,167483076.68
NO,2024,07,04,FALSE,3,427465.78320845
EE,2024,03,01,FALSE,12,2913406.43
LV,2024,06,05,TRUE,29,72257333.5
RO,2024,04,06,FALSE,4,1007221.42366416
NO,2025,04,01,FALSE,4,3728523.40475249
CY,2023,09,none,FALSE,23,48905021.7
DK,2018,10,none,FALSE,33,474352591.76
EE,2018,03,none,FALSE,20,825123.38
DK,2016,10,none,FALSE,38,33359255.63
NO,2018,10,none,FALSE,45,103584660.19
HU,2016,06,none,FALSE,35,51474497.02
DK,2023,02,none,FALSE,111,977827786.395004
RO,2025,05,07,FALSE,20,
CZ,2024,09,08,FALSE,15,3112036.60058539
FI,2024,04,04,FALSE,31,71561053
LU,2025,05,none,FALSE,18,9315945.86
GR,2025,04,05,TRUE,18,113163597.52
FR,2024,07,04,FALSE,26,39017435.82
CY,2024,04,none,FALSE,41,69900307.87
LV,2021,03,02,FALSE,4,
BE,2022,06,04,FALSE,7,3919566.21
LT,2022,09,01,FALSE,10,3420477.76
CZ,2021,03,09,FALSE,1,150318.8
FR,2022,04,08,FALSE,2,59903498
LT,2018,03,04,FALSE,2,247247.66
PT,2020,05,07,FALSE,10,1631665.37
LU,2021,06,04,FALSE,2,682240
CH,2019,09,01,FALSE,5,2380193.68
NO,2021,06,05,TRUE,11,47853725.57
AT,2017,08,06,FALSE,10,2470604
RO,2019,01,04,FALSE,22,1059838826.88
EE,2017,02,08,FALSE,1,250000
NO,2022,01,04,FALSE,35,15787882.68
GR,2016,06,05,TRUE,8,15847580.91
RO,2017,05,04,FALSE,8,3659074.49
PT,2018,10,04,FALSE,3,1303876.91
FR,2016,08,01,FALSE,12,3137863
IE,2016,03,none,FALSE,16,6105110
PT,2023,02,none,FALSE,49,212624405.86
UK,2016,04,03,FALSE,16,41470130.1
GR,2021,04,05,TRUE,8,21324627.52
BE,2023,05,04,FALSE,18,2818686.67
DE,2021,08,09,FALSE,55,7356497.27
RO,2022,06,05,TRUE,32,152283875.15
EE,2020,04,01,FALSE,23,2746549.42
GR,2019,03,01,FALSE,5,1349154.2
SI,2016,06,none,FALSE,22,19532898.94
BG,2016,02,none,FALSE,48,44130399.47
CZ,2016,02,04,FALSE,7,21086986.02
HU,2023,01,01,FALSE,14,4668585.67241413
IT,2020,09,10,FALSE,7,10997707.89
NO,2022,01,09,FALSE,8,
BE,2021,01,04,FALSE,13,4584637.8
IT,2018,01,04,FALSE,9,72696774.74
GR,2020,09,05,TRUE,14,1789180
FR,2022,08,05,TRUE,16,4162116.52
CZ,2023,06,04,FALSE,13,4882665.46111016
SE,2023,06,05,TRUE,35,38195297.5373484
SE,2021,04,04,FALSE,23,71796678.66
FR,2023,01,07,FALSE,11,2272536.12
NO,2023,08,06,FALSE,8,2457461.15
DE,2024,07,05,TRUE,19,11448481.72
BE,2025,10,01,FALSE,5,
NO,2024,04,01,FALSE,6,4838605.94717385
IS,2024,01,none,FALSE,78,1653531612.39241
RO,2025,02,03,FALSE,7,345813.566631617
PL,2024,01,08,FALSE,14,9973094.14884199
DE,2024,01,08,FALSE,32,3989770.89
UK,2019,02,03,FALSE,26,435022264.19
PL,2021,03,05,TRUE,6,694754.04
HR,2022,05,06,FALSE,2,928926.79
DK,2023,10,10,FALSE,3,14333420.9951662
DE,2018,05,05,TRUE,23,13247202.16
BE,2018,07,09,FALSE,4,7568310.45
HR,2016,03,01,FALSE,6,3726328.89
UK,2019,07,09,FALSE,8,11779851.21
CZ,2023,02,09,FALSE,1,1045143.69
DE,2016,09,04,FALSE,41,6983871.93
FR,2018,02,01,FALSE,13,357625000
ES,2020,08,06,FALSE,28,13241741.28
NO,2019,07,01,FALSE,16,230272862.91
LV,2021,01,04,FALSE,7,4962910.2
SI,2019,unresolved,04,FALSE,11,1203254.88
UK,2016,08,05,TRUE,9,454740.22
CH,2021,unresolved,04,FALSE,1,2188768.15
NL,2018,08,09,FALSE,15,697617
DE,2016,unresolved,08,FALSE,16,4512310.89
CZ,2023,09,04,FALSE,9,15370101.9465394
PL,2023,05,05,TRUE,15,8442178.60359736
HR,2025,03,01,FALSE,6,6738809
HR,2019,04,01,FALSE,17,5974657.91
BG,2022,07,10,FALSE,12,257518.17
NO,2022,04,07,FALSE,10,1575275.75
SE,2021,05,05,TRUE,5,292021.88
DE,2024,02,05,TRUE,2,
DE,2025,01,08,FALSE,23,1781296.02
NO,2018,09,04,FALSE,2,833550.4
GR,2022,07,07,FALSE,6,1311785
SE,2023,03,01,FALSE,9,1606461.59
PL,2024,03,07,FALSE,4,858971.385444364
BG,2021,03,02,FALSE,13,2210110.96
FR,2025,04,07,FALSE,10,189505
HR,2024,02,none,FALSE,20,34625445.95
DE,2025,10,05,TRUE,5,3443301.63
IT,2025,09,09,FALSE,1,
FR,2024,unmapped,none,FALSE,5,
FR,2017,unresolved,08,FALSE,16,8675035.21
HR,2019,01,04,FALSE,2,
NL,2020,05,04,FALSE,21,29653493.01
BE,2020,04,05,TRUE,19,2069940.02
DK,2016,03,01,FALSE,3,1509825.15
MT,2019,unresolved,none,FALSE,30,8436813.82
FR,2019,03,06,FALSE,11,401564
HU,2017,01,04,FALSE,4,1185755.42
SE,2025,01,08,FALSE,6,
LT,2025,01,06,FALSE,5,1012598
HR,2017,06,05,TRUE,9,54127512.65
SE,2018,09,01,FALSE,14,3591639.95
ES,2018,03,01,FALSE,7,4665628.89
UK,2018,09,06,FALSE,5,3810066.39
AT,2022,05,03,FALSE,1,
UK,2019,06,03,FALSE,7,12218739.53
HU,2019,08,06,FALSE,9,12105863.27
FR,2017,10,01,FALSE,15,6225094.71
HU,2023,02,none,FALSE,26,40602344.7021696
ES,2023,09,06,FALSE,2,156596.18
ES,2021,09,10,FALSE,7,9131360.33
FI,2019,01,01,FALSE,19,10909532
LV,2017,03,03,FALSE,1,
PL,2019,unresolved,08,FALSE,9,460994.51
IE,2022,07,09,FALSE,3,3713564.9
CH,2019,08,09,FALSE,9,7354612.03
FI,2020,08,06,FALSE,5,2075263
DE,2023,07,09,FALSE,3,454975.54
LV,2025,03,01,FALSE,8,648734.9
GR,2024,06,04,FALSE,15,32904918.37
EE,2016,08,08,FALSE,3,887881.25
MT,2021,03,none,FALSE,8,1120813.99
MT,2021,09,01,FALSE,2,190000
NO,2019,05,06,FALSE,3,1898265.17
LU,2023,04,03,FALSE,1,
FI,2022,01,05,TRUE,7,1177652
LT,2022,unresolved,04,FALSE,14,3909447.69
PT,2022,10,01,FALSE,6,9370861.26
CZ,2016,05,05,TRUE,1,269622.74
SE,2022,10,07,FALSE,5,14586310.55
FI,2017,04,04,FALSE,14,24749885
FR,2018,unresolved,09,FALSE,9,457000
PT,2019,01,03,FALSE,6,1401034.52
BG,2022,05,06,FALSE,3,1250278.15
LI,2019,04,none,FALSE,8,2987183.31
PL,2017,03,02,FALSE,13,55339895.56
MT,2022,04,07,FALSE,1,
CH,2018,09,04,FALSE,12,29258478.39
IT,2024,09,10,FALSE,5,7994080.61
BE,2025,10,04,FALSE,3,135154.48
LV,2025,07,09,FALSE,15,414781.18
IT,2018,02,07,FALSE,1,315000
NO,2020,01,05,TRUE,4,195564.59
NO,2021,03,08,FALSE,10,144620.64
BG,2022,03,01,FALSE,6,875169.67
AT,2022,01,08,FALSE,1,
NL,2017,04,01,FALSE,18,11573412
BE,2022,04,01,FALSE,9,51332181.26
MK,2016,03,none,FALSE,11,966535.23
DE,2016,03,03,FALSE,1,
FI,2022,04,04,FALSE,6,480748396
IE,2022,06,none,FALSE,36,88042396.45
MK,2021,04,04,FALSE,2,793043.03
BE,2018,unresolved,01,FALSE,25,8776197.82
UK,2020,07,03,FALSE,4,4881506.13
FR,2023,07,10,FALSE,16,310960564.75
DE,2019,09,08,FALSE,6,501912.81
RO,2022,unresolved,01,FALSE,30,20873783.58
ES,2021,01,08,FALSE,10,4018786.33
CZ,2018,unresolved,08,FALSE,3,559771.51
RO,2025,02,04,FALSE,7,1187435.63682261
ES,2024,01,07,FALSE,9,1099705.64
NL,2025,06,01,FALSE,2,1088880
LU,2018,unresolved,04,FALSE,2,1122767
ES,2018,unresolved,05,TRUE,1,422031.4
SI,2019,06,04,FALSE,1,163739.87
PT,2019,07,01,FALSE,8,4910972.02
SE,2016,08,06,FALSE,6,3168266.64
LV,2018,04,01,FALSE,6,2660434.08
ES,2020,02,04,FALSE,13,10319663.41
EE,2018,06,05,TRUE,6,173488.9
PL,2024,09,04,FALSE,11,2390572.37858546
DE,2017,03,04,FALSE,12,2926139.96
HU,2022,07,01,FALSE,4,4612982.24
BG,2019,04,07,FALSE,3,144668.97
IT,2022,07,04,FALSE,2,1620600
RO,2018,04,01,FALSE,9,9899366.34
NL,2024,10,01,FALSE,5,8380550
CY,2024,06,05,TRUE,2,61800
MK,2018,04,07,FALSE,1,113799.86
CZ,2020,01,08,FALSE,4,80643.98
NO,2022,09,03,FALSE,1,275501.07
SI,2023,08,09,FALSE,7,1170324.79
BE,2016,unresolved,08,FALSE,1,3e+05
IE,2017,05,04,FALSE,4,50000
FR,2021,02,02,FALSE,2,374499.56
CZ,2023,04,06,FALSE,6,328299.867791057
FR,2022,10,04,FALSE,7,7809446.71
IE,2019,01,01,FALSE,21,9236419.5
CY,2018,03,01,FALSE,1,278949
NL,2016,08,01,FALSE,1,
FI,2017,10,09,FALSE,2,1650000
LV,2023,02,01,FALSE,4,740349.69
FI,2020,01,08,FALSE,1,
BE,2020,03,04,FALSE,1,
RO,2019,09,01,FALSE,11,9671240.25
IE,2024,10,01,FALSE,3,2750000
CY,2025,06,none,FALSE,15,87692328.85
CZ,2025,06,05,TRUE,21,73272128.921318
CZ,2019,05,07,FALSE,9,2793432.67
FI,2019,10,09,FALSE,4,4400000
FI,2023,03,01,FALSE,3,10274522
NL,2022,03,05,TRUE,3,9e+05
DE,2023,09,10,FALSE,2,21174101.07
FI,2017,06,04,FALSE,7,6416682
BG,2017,03,03,FALSE,2,5493504.96
BE,2019,09,09,FALSE,5,135837.8
FR,2022,01,07,FALSE,14,433592
CZ,2019,unresolved,09,FALSE,3,402324.9
BG,2017,03,02,FALSE,4,1424386.58
BE,2025,07,07,FALSE,2,58249.17
NL,2024,05,05,TRUE,3,28895247
CY,2023,04,09,FALSE,1,1530000
RO,2020,07,03,FALSE,1,234193.83
RO,2023,03,05,TRUE,2,273761.49
LT,2019,unresolved,04,FALSE,6,2464973.7
DE,2020,08,03,FALSE,4,357806.18
BE,2022,05,03,FALSE,1,821570
UK,2016,07,05,TRUE,2,393830.24
RO,2023,09,09,FALSE,12,1189819.39
RO,2020,05,08,FALSE,2,3765712.54
NO,2020,09,06,FALSE,1,1119110.68
DE,2021,08,01,FALSE,10,1152528.51
IE,2018,09,10,FALSE,1,327000
CH,2024,08,06,FALSE,3,1586386.845724
AT,2024,09,03,FALSE,1,411883.2
PL,2024,08,08,FALSE,5,2513236.60469617
HR,2025,09,01,FALSE,5,4551162.52
CZ,2025,02,03,FALSE,25,13513808.7003838
ES,2024,06,01,FALSE,12,13270152.92
EE,2021,01,08,FALSE,5,
IE,2018,04,01,FALSE,8,260000
AT,2025,09,04,FALSE,6,2730321.11
AT,2024,03,02,FALSE,6,1840227.07
BE,2020,07,09,FALSE,3,19993591.44
LU,2022,04,01,FALSE,2,505160.86
MT,2022,04,05,TRUE,2,337871.15
NL,2017,10,05,TRUE,1,4e+05
BE,2019,08,05,TRUE,5,1413044.15
DK,2022,02,01,FALSE,1,3833638.16
MK,2021,01,04,FALSE,3,1209185.36
LU,2022,05,05,TRUE,1,101653
UK,2016,10,01,FALSE,4,4425565.54
PL,2018,01,06,FALSE,5,2750532.3
SK,2023,05,05,TRUE,1,
NO,2019,08,05,TRUE,4,4267630.91
UK,2017,08,05,TRUE,1,340579.69
AT,2023,05,05,TRUE,1,588900
IT,2016,10,01,FALSE,1,2149000
LV,2023,07,09,FALSE,6,79186.45
RO,2017,10,08,FALSE,1,
UK,2018,02,03,FALSE,6,92896923.84
FR,2017,unresolved,07,FALSE,8,1529014
PT,2018,04,07,FALSE,1,142805
RO,2020,unresolved,03,FALSE,4,5526107.92
SK,2020,08,06,FALSE,4,
FR,2017,03,01,FALSE,7,31807727.8
LU,2023,04,01,FALSE,4,2815492.72
SI,2024,04,05,TRUE,21,28240731.22
SI,2023,01,06,FALSE,3,514129.61
CH,2021,08,06,FALSE,2,1053422.3
MK,2018,04,04,FALSE,3,360782.86
LV,2017,09,04,FALSE,1,3e+05
FI,2022,09,01,FALSE,10,2906995
BE,2020,02,07,FALSE,1,753169
PT,2020,07,04,FALSE,1,729794.99
PT,2016,06,04,FALSE,1,1500000
SE,2017,01,09,FALSE,6,1764766.32
FI,2021,10,04,FALSE,4,21906000
HU,2019,unresolved,06,FALSE,2,304299.87
DE,2021,01,08,FALSE,13,4925987.29
IE,2019,03,01,FALSE,1,229275
SK,2023,09,06,FALSE,1,297000
HU,2018,06,05,TRUE,3,3794483.28
FI,2018,01,09,FALSE,1,
ES,2018,01,07,FALSE,9,3179128.66
SE,2018,10,08,FALSE,1,487410.19
LT,2018,03,01,FALSE,5,847828.57
RO,2018,06,01,FALSE,6,2391109.04
SE,2019,01,09,FALSE,6,1586221.68
FI,2023,05,07,FALSE,1,3766599
BG,2023,08,04,FALSE,1,2477.57
PL,2019,08,08,FALSE,2,626044.77
DE,2023,unresolved,08,FALSE,22,2927003.9
DE,2016,03,08,FALSE,2,349839.75
DK,2016,05,01,FALSE,4,1041270.08
NL,2022,05,03,FALSE,2,
ES,2023,10,06,FALSE,4,2184462.38
MT,2024,10,none,FALSE,6,20062392.9
FR,2025,08,03,FALSE,3,553600
NL,2023,09,08,FALSE,6,6383122.5
BG,2024,03,03,FALSE,1,63277.942529911
RO,2024,09,04,FALSE,5,6463623.0466519
LU,2024,08,none,FALSE,2,1346141
SE,2025,01,09,FALSE,8,660282.320509892
FR,2024,07,03,FALSE,6,2458999.15
DE,2024,09,06,FALSE,12,506138
FR,2024,10,05,TRUE,1,258106.87
NL,2025,05,01,FALSE,3,1618400
DK,2025,04,09,FALSE,2,
SE,2022,02,03,FALSE,7,38782764.69
NO,2023,01,06,FALSE,5,855053.15
CZ,2018,03,07,FALSE,3,5021677.4
PL,2023,07,07,FALSE,4,1670820.97351868
LV,2018,07,09,FALSE,6,390083.28
UK,2016,03,03,FALSE,4,1374042.08
CZ,2022,08,04,FALSE,1,232046.55
BE,2020,07,04,FALSE,9,1393041.5
DE,2016,03,05,TRUE,5,953436.01
SE,2022,unresolved,05,TRUE,1,
FI,2022,07,01,FALSE,4,1573807
SI,2024,09,04,FALSE,2,863719.83
SK,2025,02,02,FALSE,1,102636
ES,2020,unresolved,03,FALSE,3,397998.26
SE,2016,09,08,FALSE,1,
ES,2017,07,03,FALSE,1,199174.71
DE,2016,01,09,FALSE,4,
RO,2017,08,09,FALSE,3,168054.39
CY,2024,10,none,FALSE,6,16050563
BG,2023,unresolved,03,FALSE,1,21602413.33
LU,2025,09,09,FALSE,2,3e+05
ES,2023,unresolved,07,FALSE,2,334712.63
EE,2017,02,05,TRUE,1,
SI,2016,unresolved,04,FALSE,1,192720
DE,2020,06,01,FALSE,9,
GR,2024,02,03,FALSE,1,
CH,2025,10,04,FALSE,4,2472398.83408688
BG,2025,04,09,FALSE,1,51141.2209837407
LT,2024,08,01,FALSE,2,2423710
SK,2024,01,05,TRUE,1,6047644.44
LT,2024,09,05,TRUE,2,166497
SE,2020,03,04,FALSE,1,190752.33
HU,2020,unresolved,06,FALSE,1,249654.36
DK,2022,05,05,TRUE,3,38346564.21
BE,2021,08,09,FALSE,11,888778.51
FI,2020,10,09,FALSE,2,5e+06
NO,2016,09,01,FALSE,4,344434.15
HU,2016,01,06,FALSE,1,287849.99
GR,2022,09,09,FALSE,5,361093.32
IT,2022,02,04,FALSE,4,3100453.89
HR,2022,03,02,FALSE,1,466393.92
DE,2017,10,10,FALSE,2,
HR,2016,02,none,FALSE,7,4842665.92
DE,2024,03,05,TRUE,3,
PL,2017,10,07,FALSE,8,3882878.79
FI,2023,08,09,FALSE,8,626335
UK,2019,04,01,FALSE,7,34865715.4
IE,2020,09,07,FALSE,1,521750
BE,2018,10,09,FALSE,2,6301258
MT,2023,01,08,FALSE,3,3263977.3
CZ,2025,10,04,FALSE,2,454899.74769176
EE,2025,06,04,FALSE,1,2526765.9
HU,2021,09,06,FALSE,3,10488255.13
BE,2020,01,09,FALSE,3,2222479.34
IT,2020,unresolved,07,FALSE,2,366600
CH,2021,unresolved,08,FALSE,1,9424018.13
LV,2022,02,01,FALSE,1,
NL,2017,10,10,FALSE,10,
DE,2020,05,07,FALSE,8,5020386.55
RO,2025,05,06,FALSE,14,6113032.30599771
NL,2024,06,05,TRUE,2,999751.41
FI,2020,01,06,FALSE,1,
IT,2022,03,03,FALSE,1,547336.87
HR,2023,08,01,FALSE,2,386856
MT,2020,04,07,FALSE,1,155705
EE,2018,05,01,FALSE,2,329500
NL,2022,06,01,FALSE,2,45085
IT,2023,unresolved,07,FALSE,3,473635.01
EE,2016,03,03,FALSE,1,
HR,2023,05,05,TRUE,1,321019.44
SK,2020,02,04,FALSE,1,19783912
SK,2019,05,04,FALSE,2,168298.33
SK,2022,09,09,FALSE,2,5815.7
PL,2022,07,05,TRUE,4,253964.32
NL,2018,08,05,TRUE,1,240000
IE,2017,02,03,FALSE,2,2599380
IE,2022,05,04,FALSE,3,1458950
EE,2016,06,none,FALSE,6,5877425.71
FR,2021,05,03,FALSE,3,189527.88
SE,2023,08,08,FALSE,1,1774949.2
IT,2025,04,08,FALSE,4,72728812.46
FI,2023,05,04,FALSE,4,1695620
GR,2024,09,09,FALSE,1,132599.03
SK,2025,08,06,FALSE,1,185435.42
IT,2020,04,09,FALSE,2,244000.21
CH,2018,07,07,FALSE,1,355959.31
DE,2020,01,02,FALSE,1,
UK,2022,04,01,FALSE,3,1560725.92
GR,2025,10,01,FALSE,3,8737342.72
MT,2024,06,03,FALSE,1,20580
FR,2016,08,08,FALSE,3,
CZ,2018,04,06,FALSE,1,2749042.77
NL,2021,03,07,FALSE,2,
IE,2019,08,01,FALSE,5,729528
MK,2023,04,01,FALSE,3,870424.58
BE,2022,10,04,FALSE,1,
EE,2016,04,03,FALSE,1,
HU,2023,01,04,FALSE,7,6928010.39429643
FI,2023,10,04,FALSE,1,4.2e+07
DK,2019,03,07,FALSE,1,
PL,2021,10,07,FALSE,3,81642.21
LT,2019,01,03,FALSE,1,5100000
SI,2016,06,04,FALSE,2,123212.16
GR,2025,04,03,FALSE,1,3194527.05
PL,2017,06,01,FALSE,1,1479915.43
PL,2016,09,08,FALSE,2,4257.44
IT,2019,unresolved,06,FALSE,1,233071.69
NO,2019,04,06,FALSE,2,
IE,2017,04,04,FALSE,4,
LV,2023,05,01,FALSE,1,766896
PL,2019,04,10,FALSE,1,172780.85
DK,2021,05,01,FALSE,5,
NL,2020,09,10,FALSE,1,
BG,2019,05,07,FALSE,4,1133605.07
HU,2023,04,03,FALSE,4,4023173.5060991
DK,2017,03,02,FALSE,10,1613206.79
ES,2021,10,08,FALSE,4,2241738.84
SI,2024,10,04,FALSE,2,432459.63
LT,2024,unresolved,04,FALSE,2,178577.36
IE,2025,03,06,FALSE,1,4e+05
NL,2024,09,04,FALSE,5,1444945
IE,2025,09,08,FALSE,2,25484
AT,2025,06,01,FALSE,2,1246648.64
NO,2021,06,01,FALSE,2,2272883.81
PL,2017,02,06,FALSE,2,2005087.75
FI,2023,02,03,FALSE,2,1628115
BE,2022,06,01,FALSE,2,378166
SI,2018,08,06,FALSE,1,
NO,2025,10,08,FALSE,2,
IT,2024,10,06,FALSE,1,8757732.85
BE,2023,08,08,FALSE,1,9790000
PT,2021,07,01,FALSE,8,2540021.7
NL,2021,07,09,FALSE,5,1e+06
GR,2021,10,08,FALSE,1,9598996.97
HR,2019,04,07,FALSE,1,
NO,2021,unresolved,05,TRUE,1,
UK,2021,03,08,FALSE,1,
BE,2020,unresolved,09,FALSE,1,
FR,2023,02,05,TRUE,1,
UK,2020,03,08,FALSE,1,
LT,2020,09,04,FALSE,2,150000
MT,2019,unresolved,01,FALSE,2,179042
EE,2025,01,05,TRUE,2,434390.8
HU,2016,08,01,FALSE,2,232894.72
BE,2017,01,03,FALSE,4,2612394.51
SK,2020,05,04,FALSE,1,367440
BG,2016,06,05,TRUE,5,2813329.94
NO,2018,01,06,FALSE,2,1415380.26
UK,2016,09,03,FALSE,3,3270366.57
PL,2022,05,08,FALSE,2,466952.16
GR,2020,09,09,FALSE,2,331844.19
SK,2021,01,05,TRUE,1,
GR,2017,05,06,FALSE,1,768000
AT,2016,05,05,TRUE,2,478500
BE,2022,08,05,TRUE,4,541850.8
DE,2017,03,09,FALSE,2,356600
SE,2023,09,09,FALSE,1,
DE,2018,04,09,FALSE,1,
IT,2024,05,06,FALSE,5,18153977.91
CZ,2025,06,04,FALSE,5,1063678.22854904
IE,2019,05,04,FALSE,2,5100344.91
IT,2024,01,09,FALSE,1,3618880
PT,2020,02,04,FALSE,2,548351
BE,2024,09,03,FALSE,3,654000
CZ,2025,07,09,FALSE,1,123725.580278477
AT,2022,06,04,FALSE,5,1174312.42
FI,2016,08,08,FALSE,1,315117
LI,2023,09,none,FALSE,1,55738.03
GR,2022,02,04,FALSE,1,81950
NO,2017,10,01,FALSE,1,96494.05
CH,2021,01,06,FALSE,3,1097774.86
AT,2019,05,06,FALSE,2,
IT,2021,unresolved,05,TRUE,4,4245016.02
BE,2024,05,01,FALSE,2,305253.74
LT,2025,09,09,FALSE,3,1733299.2
CY,2024,01,04,FALSE,2,105980
UK,2019,10,07,FALSE,2,6835503.61
MK,2022,10,none,FALSE,5,410319.83
IE,2016,05,05,TRUE,1,
NO,2022,05,05,TRUE,3,5791229.23
ES,2016,07,07,FALSE,1,2271374.06
IT,2024,01,06,FALSE,1,9509543.73
BG,2016,03,04,FALSE,1,449943.76
BG,2017,05,04,FALSE,3,689306.65
SE,2019,unresolved,04,FALSE,2,1036442.19
AT,2022,01,03,FALSE,2,67972.82
CY,2023,01,01,FALSE,5,1797241
IT,2023,02,09,FALSE,1,1978800
LV,2021,09,04,FALSE,2,594858
EE,2019,05,01,FALSE,1,
DE,2021,02,02,FALSE,1,366193.36
LT,2025,unresolved,03,FALSE,1,
AT,2017,09,04,FALSE,2,181888.16
DK,2023,05,08,FALSE,2,1300000
DE,2021,05,03,FALSE,2,534079.27
HU,2023,04,09,FALSE,1,
IS,2017,unresolved,none,FALSE,2,
LU,2020,04,04,FALSE,3,581281.2
SE,2021,09,03,FALSE,1,
SK,2020,05,07,FALSE,1,
NL,2021,02,04,FALSE,2,
IT,2020,01,09,FALSE,2,
IS,2020,08,05,TRUE,1,
ES,2018,08,04,FALSE,3,912154.22
NO,2024,04,03,FALSE,3,1724323.06603453
IT,2016,03,07,FALSE,1,26450000
IE,2018,01,04,FALSE,1,
BG,2022,02,01,FALSE,1,92701.2
LV,2021,03,01,FALSE,4,156900
HU,2022,06,04,FALSE,2,133816.66
HU,2024,unresolved,01,FALSE,1,969799.73885001
LT,2024,09,04,FALSE,1,113229
GR,2024,04,02,FALSE,1,
PT,2024,09,05,TRUE,1,254000
CZ,2024,02,08,FALSE,2,170464.516651096
FI,2024,07,07,FALSE,1,58363.6
IT,2016,unresolved,07,FALSE,2,502650
CH,2017,09,06,FALSE,1,117074.56
BE,2023,02,04,FALSE,3,5509288.5
IT,2024,10,07,FALSE,1,
BE,2023,06,04,FALSE,4,953386.91
DE,2025,10,03,FALSE,1,223251
SE,2024,02,09,FALSE,1,
HR,2023,02,04,FALSE,2,3032733.91
LT,2019,01,09,FALSE,2,
DE,2021,02,05,TRUE,1,
ES,2023,10,10,FALSE,3,3255892.1
NO,2025,05,05,TRUE,1,685049.096824709
LU,2025,02,03,FALSE,1,1229410
NL,2017,08,01,FALSE,1,1193843
DK,2021,07,09,FALSE,4,1063760.39
BE,2023,unresolved,07,FALSE,1,
FI,2025,10,07,FALSE,1,3500000
AT,2018,08,01,FALSE,1,4041300
IE,2020,05,01,FALSE,1,6e+06
AT,2022,04,07,FALSE,1,345600
IT,2018,04,07,FALSE,2,276396.89
CZ,2020,01,05,TRUE,2,232383.95
LU,2017,07,01,FALSE,1,8500000
NL,2019,03,03,FALSE,2,
CZ,2025,09,05,TRUE,2,203740.407180316
NL,2025,05,08,FALSE,1,332170
BE,2024,unresolved,01,FALSE,1,616504.71
CH,2020,04,09,FALSE,1,
NL,2021,10,01,FALSE,2,703193
HR,2020,unresolved,08,FALSE,3,1498475.44
BG,2023,07,03,FALSE,1,3625.11504243788
SI,2017,01,04,FALSE,3,943451.48
GR,2024,10,08,FALSE,1,16099714.93
NL,2018,02,09,FALSE,1,65000
IE,2022,03,08,FALSE,2,180000
MT,2017,unresolved,09,FALSE,1,11000
LV,2020,02,06,FALSE,1,106920
IS,2018,10,none,FALSE,1,
BG,2017,02,04,FALSE,1,34086.67
SI,2024,07,07,FALSE,1,
DK,2023,08,08,FALSE,2,6321997.05140055
RO,2019,08,01,FALSE,2,899028.04
CH,2023,unresolved,06,FALSE,1,131118.14
IE,2019,01,08,FALSE,1,1336000
MT,2024,09,05,TRUE,1,109000
ES,2018,07,05,TRUE,1,
GR,2023,05,08,FALSE,1,72352
NO,2020,08,05,TRUE,1,317081.36
BE,2016,07,09,FALSE,2,3758540.7
DK,2023,08,01,FALSE,1,511598.2
SI,2024,unresolved,04,FALSE,1,350203.52
PL,2024,03,06,FALSE,1,251281.199251
NO,2024,08,05,TRUE,2,34479018.1093261
IS,2019,03,none,FALSE,1,101407.92
LT,2021,09,04,FALSE,1,150000
AT,2022,06,01,FALSE,1,
BE,2018,05,08,FALSE,1,
SK,2019,unresolved,09,FALSE,1,189870
LU,2021,05,05,TRUE,1,1252274
FI,2023,unmapped,none,FALSE,1,65000
SE,2025,04,07,FALSE,1,55068.2452896983
ES,2018,07,06,FALSE,1,156918.23
MT,2018,07,07,FALSE,1,986705.8
GR,2019,08,05,TRUE,1,305916.19
PL,2022,10,04,FALSE,1,834040.48
RO,2020,09,06,FALSE,1,
GR,2020,04,03,FALSE,1,1861862
EE,2025,06,05,TRUE,2,14989559.91
LU,2020,08,09,FALSE,1,453046
LU,2024,02,04,FALSE,1,445430
ES,2024,01,02,FALSE,1,695200
CZ,2022,unresolved,06,FALSE,3,528131.99
NO,2023,09,06,FALSE,1,
CH,2022,04,06,FALSE,1,
SK,2019,04,03,FALSE,1,
IT,2023,07,08,FALSE,1,
LV,2022,01,08,FALSE,3,99092
LU,2022,05,04,FALSE,1,1057377
DK,2016,unresolved,05,TRUE,1,300700
EE,2016,03,02,FALSE,1,
DE,2025,07,06,FALSE,2,
PT,2017,02,03,FALSE,1,60000
IS,2023,01,04,FALSE,1,39853172.5222863
NL,2025,09,05,TRUE,1,4e+05
FR,2017,07,09,FALSE,3,
IT,2017,10,07,FALSE,1,
HU,2021,03,03,FALSE,1,
NO,2021,09,06,FALSE,1,216555.65
AT,2019,08,01,FALSE,1,
EE,2023,10,01,FALSE,1,
CY,2019,unresolved,01,FALSE,2,557615
BE,2018,02,06,FALSE,1,179980
IS,2016,01,01,FALSE,1,
SK,2023,unresolved,03,FALSE,1,
FI,2018,03,05,TRUE,1,450000
FI,2025,03,03,FALSE,1,5e+05
AT,2025,07,06,FALSE,1,609620.4
AT,2018,07,08,FALSE,1,
CH,2019,03,03,FALSE,1,468043.19
BG,2017,10,08,FALSE,1,153380.71
PT,2024,08,01,FALSE,1,8e+05
BE,2019,03,06,FALSE,2,165013.25
IE,2018,03,01,FALSE,1,
HR,2024,09,04,FALSE,1,
MK,2021,07,01,FALSE,1,
NL,2022,02,07,FALSE,1,62730
CZ,2025,02,02,FALSE,1,
SI,2020,05,05,TRUE,1,934943
HR,2018,10,none,FALSE,2,238332.75
NL,2024,unresolved,04,FALSE,1,1400000
LU,2019,02,02,FALSE,1,3011067.26
DE,2020,03,09,FALSE,1,
NL,2020,10,07,FALSE,1,
RO,2022,unresolved,05,TRUE,1,327948.59
UK,2023,01,09,FALSE,1,62213.1544164034
DK,2024,04,06,FALSE,1,2375930.85928373
EE,2023,unresolved,04,FALSE,1,397440
LV,2023,09,04,FALSE,1,6780
ES,2020,unresolved,07,FALSE,1,
DE,2017,07,06,FALSE,1,563748
ES,2019,06,06,FALSE,1,33080
IT,2017,unresolved,09,FALSE,1,591300
IS,2022,01,04,FALSE,1,1038961.04
LV,2025,04,06,FALSE,1,2e+06
NL,2024,03,04,FALSE,1,
PL,2025,01,none,FALSE,4726,9355635378.1476
RO,2024,03,none,FALSE,606,268309205.822996
NL,2024,01,none,FALSE,3324,5083155071.28
LV,2024,04,none,FALSE,785,1740935546.32
PL,2025,04,05,TRUE,444,1883363651.44833
FR,2025,04,06,FALSE,11,12926412.75
BE,2025,09,01,FALSE,28,18799012.37
ES,2025,04,05,TRUE,132,485403233.86
ES,2024,07,none,FALSE,4221,6705000748.5
IT,2025,09,none,FALSE,992,2958941189.51219
ES,2025,06,none,FALSE,565,2860681077.94
ES,2025,03,none,FALSE,611,1148067674.75
IE,2025,01,none,FALSE,1435,3650418798.45
FR,2025,06,none,FALSE,4050,10234273322.3
BG,2025,04,none,FALSE,3073,3812785851.09934
BG,2024,09,none,FALSE,823,173287276.046884
FI,2025,08,none,FALSE,150,1019459012.07
LT,2025,09,none,FALSE,511,158216201.7
NO,2025,01,none,FALSE,1434,4031345718.99345
HR,2025,09,none,FALSE,147,368713306.68
DE,2025,03,02,FALSE,101,9768778.8
FR,2025,06,04,FALSE,200,382248102.8
CY,2024,01,none,FALSE,160,318590435.03
ES,2025,01,04,FALSE,197,848479614.76
RO,2024,08,none,FALSE,126,686824752.093828
CZ,2025,10,none,FALSE,86,65517801.8882079
PL,2024,08,none,FALSE,364,734021875.367503
DE,2025,04,05,TRUE,239,309547457.22
ES,2025,09,01,FALSE,66,31337426.8
AT,2024,07,04,FALSE,44,46239236
BE,2025,08,none,FALSE,129,333754848.658
AT,2023,09,none,FALSE,426,1587605806.66
LV,2024,01,01,FALSE,16,6755390.2
CZ,2025,09,01,FALSE,73,24897762.6506976
IT,2023,01,none,FALSE,2272,15621509178.16
DE,2024,01,05,TRUE,309,154401987.9
IE,2025,04,none,FALSE,459,2918990752.43
CZ,2025,06,none,FALSE,135,323318871.988207
LT,2025,03,none,FALSE,311,90543803.48
SE,2025,08,01,FALSE,2,227078.285347006
RO,2025,05,none,FALSE,314,834702839.955666
LU,2025,01,none,FALSE,266,924738076.83
FR,2024,02,none,FALSE,416,880653330.49
EE,2024,02,none,FALSE,97,175220136.96
BE,2023,07,none,FALSE,640,568565537.96
NL,2023,05,none,FALSE,478,664288116.24
EE,2023,01,04,FALSE,1,1500000
CZ,2024,unresolved,none,FALSE,357,674394705.232696
ES,2024,07,01,FALSE,85,141813268.16
SK,2024,01,01,FALSE,39,387590747.7
ES,2025,06,04,FALSE,54,148780627.84
GR,2024,01,04,FALSE,9,5877594.61
GR,2024,07,none,FALSE,434,371669421.6
PT,2024,05,none,FALSE,264,868555471.28
CZ,2022,07,none,FALSE,4242,2745528365.17
BE,2022,unresolved,none,FALSE,529,701247623.61
DE,2022,06,none,FALSE,1231,778350067
RO,2022,01,none,FALSE,1814,2541136919.71
DE,2018,unresolved,none,FALSE,4075,5419733464.38
PL,2019,unresolved,none,FALSE,2613,6271990103.46
UK,2021,01,none,FALSE,1044,6666503088.57
NL,2016,01,none,FALSE,1733,2550249957.69
EE,2017,01,none,FALSE,177,51369610.92
ES,2020,01,none,FALSE,3904,2939395439.48
IE,2018,09,none,FALSE,128,607457815.28
AT,2022,09,none,FALSE,375,515006272.46
ES,2019,01,none,FALSE,3728,5509614167.69
NO,2020,10,none,FALSE,60,118289527.37
FI,2022,unresolved,none,FALSE,589,1521595534.54
FR,2017,10,none,FALSE,637,868703708.63
ES,2019,06,none,FALSE,383,713726089.29
LV,2022,02,none,FALSE,283,147101855.21
ES,2022,05,none,FALSE,1489,5589413908.54
SE,2023,07,none,FALSE,1484,5078912291.47271
RO,2023,01,none,FALSE,1958,3668225061.97993
HR,2017,04,none,FALSE,421,570403891.96
SE,2020,04,none,FALSE,1164,3167392063.9
LV,2023,03,none,FALSE,192,87177448.45
DE,2020,06,none,FALSE,1357,1008929051.26
CH,2019,unresolved,none,FALSE,336,3903923148.98
PT,2020,01,none,FALSE,538,432112084.78
IT,2022,05,none,FALSE,1183,3989218030.67
ES,2019,03,none,FALSE,497,598791329.7
FI,2021,09,none,FALSE,380,264149253.41
SE,2017,04,none,FALSE,870,3075181723.79
ES,2018,10,none,FALSE,558,2059182891.93
UK,2018,10,none,FALSE,3950,1149334296.47
PL,2020,03,none,FALSE,717,312903128.38
CZ,2020,03,none,FALSE,668,392271456.54
IT,2017,05,none,FALSE,938,4074680248.61
FI,2021,03,none,FALSE,62,38727112
RO,2021,09,none,FALSE,484,158158252.35
DE,2022,03,none,FALSE,1952,909210404.1
FI,2016,03,none,FALSE,59,84560315
NO,2019,04,none,FALSE,437,3346014430.37
DK,2017,04,none,FALSE,526,2243193980.44
FR,2018,06,none,FALSE,3394,5858494552.73
CH,2021,07,none,FALSE,311,383671733.41
SE,2017,01,none,FALSE,2291,2074271806.84
LV,2021,07,none,FALSE,740,234120406.82
RO,2020,06,none,FALSE,535,1000951396.42
SE,2021,06,none,FALSE,561,1757347428.28
SI,2022,05,none,FALSE,232,208276353.04
UK,2021,unresolved,none,FALSE,222,2797814716.4
LT,2017,unresolved,none,FALSE,111,69141116.13
SK,2023,09,none,FALSE,388,313087047.46
GR,2021,01,none,FALSE,708,415578388.58
NO,2019,03,none,FALSE,100,145469645.11
FI,2022,07,none,FALSE,785,1484183722.86
HU,2019,02,none,FALSE,42,56881985.01
BE,2016,07,none,FALSE,551,243997022.54
CH,2017,06,none,FALSE,127,156179712.01
CZ,2016,09,none,FALSE,438,77921673.85
SK,2017,unresolved,01,FALSE,22,11279265
CH,2022,10,06,FALSE,6,3409457.27
FR,2018,06,01,FALSE,30,10332909.62
CZ,2020,07,01,FALSE,91,37100724.39
DE,2022,09,08,FALSE,4,658003.72
PL,2018,06,04,FALSE,21,8389198.62
IT,2022,unresolved,04,FALSE,22,45182631.26
DE,2020,01,01,FALSE,295,104272194.1
PL,2018,08,06,FALSE,182,68802822.76
SE,2020,04,04,FALSE,56,12530350.32
NL,2019,01,01,FALSE,160,34348275.83
LT,2019,05,04,FALSE,11,20597850.07
FR,2020,08,06,FALSE,403,146469829.32
BG,2021,04,none,FALSE,2933,1620004144.27
IT,2023,05,none,FALSE,1297,6345600325.38
GR,2023,01,none,FALSE,978,1769758436.03
IT,2020,08,none,FALSE,243,517766906.49
RO,2016,02,none,FALSE,127,204414234.63
RO,2023,03,none,FALSE,1332,2046571468.92196
NO,2018,02,none,FALSE,69,87787646.64
IE,2020,unresolved,none,FALSE,132,259859941.6
HU,2021,08,none,FALSE,195,297874261.39
HR,2020,01,none,FALSE,318,125275928.36
EE,2020,07,none,FALSE,421,212883663.95
DE,2016,02,none,FALSE,569,770360720.48
SE,2019,03,none,FALSE,268,279171114.02
NL,2020,unresolved,none,FALSE,384,309953165.93
SK,2023,unresolved,none,FALSE,424,743126777.59
LV,2020,03,none,FALSE,113,16067290.7
GR,2018,01,none,FALSE,408,322409084.73
SE,2020,08,none,FALSE,143,208972293.9
DK,2019,09,none,FALSE,255,815726481.72
NO,2018,unresolved,none,FALSE,262,2205961319.22
IT,2022,10,none,FALSE,578,1288327293.86
CY,2019,07,none,FALSE,109,124918465.8
BE,2019,04,none,FALSE,645,2191026310.25
AT,2016,08,none,FALSE,59,26578437.09
DE,2018,08,none,FALSE,882,415193253.86
SI,2021,05,none,FALSE,418,160260863.28
FR,2019,10,none,FALSE,633,1409882114.44
MT,2023,07,none,FALSE,255,250043756.6
SE,2017,09,none,FALSE,371,488141643.75
BE,2018,03,none,FALSE,119,64694925.67
FI,2018,08,none,FALSE,67,83520766
BE,2021,06,none,FALSE,197,358682373.05
MT,2019,07,none,FALSE,165,128455655.14
GR,2023,unresolved,none,FALSE,471,695651141.61
SK,2021,02,none,FALSE,32,3416224.62
LU,2020,unresolved,none,FALSE,93,127297424.52
AT,2020,06,none,FALSE,142,179668787.96
LV,2019,02,none,FALSE,112,57260505.05
LV,2019,06,none,FALSE,40,21463625.78
FI,2019,05,none,FALSE,131,148803897.02
LU,2017,unresolved,none,FALSE,152,72136580
GR,2017,unresolved,none,FALSE,100,66482005.7
IE,2023,06,none,FALSE,70,340276840.63
MT,2017,07,none,FALSE,255,24071003.05
FR,2022,06,04,FALSE,167,271173390.82
CZ,2021,04,04,FALSE,114,54391754.78
RO,2020,06,04,FALSE,60,15276177.28
PL,2017,02,03,FALSE,67,146912503.88
DE,2021,10,05,TRUE,7,3615451.72
FR,2019,02,03,FALSE,30,6965079.66
SI,2017,07,01,FALSE,7,1537892.93
ES,2021,unresolved,01,FALSE,113,141468688.14
DE,2021,01,01,FALSE,309,78042136.98
PL,2022,04,05,TRUE,399,646684785.44
FR,2022,10,09,FALSE,107,372735480.06
FR,2019,01,04,FALSE,282,1768228613.12
DE,2020,09,09,FALSE,8,897758.7
PL,2019,05,01,FALSE,22,9432251.72
IT,2019,unresolved,01,FALSE,105,164379805.7
HU,2020,01,04,FALSE,9,3245985.12
EE,2022,04,01,FALSE,17,10932977.38
CZ,2018,09,08,FALSE,45,14154418.49
FR,2017,08,09,FALSE,118,38917394.96
HR,2018,05,07,FALSE,5,1023738.51
PL,2022,07,10,FALSE,71,82466138.37
DE,2023,unresolved,04,FALSE,197,137159694.17
DE,2023,07,10,FALSE,57,84786783.27
NL,2016,09,01,FALSE,49,15353750
DE,2021,07,09,FALSE,7,217270
FR,2019,unresolved,05,TRUE,18,32874381.92
CZ,2016,05,08,FALSE,1,
DK,2016,04,04,FALSE,11,106483316.14
ES,2021,04,01,FALSE,115,155599984.75
RO,2020,08,06,FALSE,37,106946697.86
DK,2019,04,03,FALSE,2,24510788.77
IT,2022,08,01,FALSE,3,1786702.55
SE,2018,08,06,FALSE,13,3147792.52
ES,2017,04,01,FALSE,81,65203702.26
LT,2018,07,01,FALSE,14,3780800.16
DE,2023,07,04,FALSE,175,114857008.54
BE,2019,05,06,FALSE,2,74007.5
MT,2018,01,01,FALSE,11,6462470
RO,2019,05,07,FALSE,31,9218560.54
SK,2017,01,01,FALSE,20,27326829.95
DE,2019,04,08,FALSE,6,496784
HR,2017,unresolved,04,FALSE,6,511064.21
CH,2016,unresolved,06,FALSE,13,
UK,2017,09,07,FALSE,3,650700.95
LT,2021,04,05,TRUE,27,5885196
GR,2017,03,01,FALSE,3,478460
ES,2017,01,04,FALSE,64,166695452.61
GR,2019,06,05,TRUE,4,9764512.86
EE,2018,09,01,FALSE,19,1509893.82
LT,2018,unresolved,06,FALSE,2,48367.26
PT,2018,01,01,FALSE,24,14204380.95
PL,2020,01,01,FALSE,199,63314016.13
SE,2016,unresolved,04,FALSE,21,2559431.39
ES,2017,07,04,FALSE,11,11227506.42
FR,2022,02,01,FALSE,7,
PL,2017,03,01,FALSE,20,23611272.92
CZ,2016,unresolved,04,FALSE,19,4212373.03
BG,2022,10,01,FALSE,2,484763.27
FR,2017,09,08,FALSE,2,954870.2
GR,2020,09,01,FALSE,12,1105443.8
DE,2022,02,03,FALSE,62,6498700
HU,2019,03,none,FALSE,57,53869903.83
ES,2024,unresolved,none,FALSE,136,402540529.12
PT,2020,08,06,FALSE,16,20925473.27
SI,2022,04,04,FALSE,19,59244493.17
DE,2016,09,01,FALSE,38,9075910.74
UK,2022,07,10,FALSE,37,438315870.56
GR,2019,06,04,FALSE,7,12625424.99
RO,2019,05,04,FALSE,31,40238826.74
RO,2020,07,07,FALSE,25,3499705.19
FI,2019,01,04,FALSE,14,8164285
CH,2016,unresolved,09,FALSE,5,
DE,2020,05,05,TRUE,32,31752944.23
SK,2020,04,01,FALSE,10,18836657.23
IT,2022,01,04,FALSE,16,12732645.75
IT,2021,01,01,FALSE,86,440368193.96
CZ,2017,08,06,FALSE,20,6422464.92
ES,2020,10,01,FALSE,9,4774778
ES,2017,06,01,FALSE,3,4188118.03
AT,2023,07,04,FALSE,17,32954071.72
RO,2023,02,01,FALSE,22,24761642.2468371
DK,2023,06,05,TRUE,10,28051473.4376455
FR,2023,04,03,FALSE,25,17137208.34
IT,2025,unresolved,none,FALSE,23,143993812.12
BG,2025,07,10,FALSE,7,821997.136721546
PL,2024,04,03,FALSE,33,18720148.3050936
BG,2025,08,none,FALSE,249,93656996.0527661
FR,2025,01,05,TRUE,61,85169791.83
HR,2024,01,01,FALSE,65,39447289.87
AT,2024,08,none,FALSE,237,340473445.25
MT,2024,08,none,FALSE,35,31812155.26
IE,2025,10,06,FALSE,8,37282993.1807416
IT,2024,08,none,FALSE,250,1469954097.611
HU,2025,01,01,FALSE,62,36459428.7963808
LT,2025,02,none,FALSE,108,414345915.95
SI,2025,10,none,FALSE,46,67861586.78
PT,2025,06,none,FALSE,90,158995106.43
PT,2025,09,01,FALSE,19,7998110.7
HU,2025,08,05,TRUE,9,5754874.3844317
IT,2025,03,none,FALSE,163,1125813376.43
CZ,2025,08,09,FALSE,19,5757317.59321526
CZ,2024,08,06,FALSE,52,34107675.7966968
DE,2025,03,04,FALSE,27,39349010.1
ES,2025,07,10,FALSE,54,156213762.23
PL,2025,03,01,FALSE,85,400178028.018289
IT,2018,07,10,FALSE,60,124943851.22
FR,2020,01,05,TRUE,55,19133113.8
CH,2018,04,03,FALSE,8,43900132.89
DE,2020,07,05,TRUE,20,9044239.58
FR,2016,06,07,FALSE,17,1780565.98
GR,2020,04,05,TRUE,9,926662.12
IT,2016,01,01,FALSE,36,59058051.72
UK,2019,05,06,FALSE,9,1803371.75
LT,2021,05,none,FALSE,222,73094349.4
DK,2017,04,05,TRUE,15,874344.64
HU,2020,04,03,FALSE,6,7213695.46
DK,2021,04,05,TRUE,16,24500540.14
PL,2019,03,01,FALSE,59,81529482.52
BE,2021,01,01,FALSE,34,7103039.33
CZ,2019,01,09,FALSE,9,798432.93
BG,2022,04,06,FALSE,5,3082625.27
FI,2018,07,10,FALSE,96,150014106
MT,2020,05,none,FALSE,40,4946790.35
NO,2020,06,none,FALSE,62,78595956.93
MK,2017,03,none,FALSE,12,332683.38
ES,2022,05,05,TRUE,37,13568530.81
FR,2016,02,03,FALSE,19,16119600
CZ,2021,03,01,FALSE,86,123297658.62
HR,2023,unresolved,04,FALSE,8,5876934.27
HR,2022,unresolved,04,FALSE,6,1654197.71
LT,2025,04,01,FALSE,46,18772201.27
MT,2024,09,09,FALSE,4,
LV,2025,04,05,TRUE,55,41671441.24
IE,2024,01,01,FALSE,41,45755566.64
LV,2025,09,08,FALSE,4,308496.27
CH,2019,03,02,FALSE,7,6130102.87
SE,2018,06,04,FALSE,40,33018519.74
IT,2018,01,01,FALSE,35,68432266.21
NL,2022,01,06,FALSE,11,1037879
IT,2023,04,05,TRUE,151,2113796400.97
BG,2021,08,09,FALSE,8,3919121.29
IT,2020,01,01,FALSE,57,381990256.61
SE,2017,04,04,FALSE,18,1442642.01
AT,2023,04,04,FALSE,47,49077543.65
IE,2024,02,none,FALSE,22,8596000
SI,2025,03,none,FALSE,97,37530179.85
CZ,2021,07,05,TRUE,9,810732.73
SE,2019,03,01,FALSE,8,2302764.17
UK,2018,04,01,FALSE,6,11049877.36
NO,2017,09,01,FALSE,7,2668606.72
SE,2018,07,01,FALSE,18,13265952.19
LV,2019,04,05,TRUE,41,8434218.66
ES,2018,06,06,FALSE,1,
LV,2016,08,09,FALSE,4,908630.07
RO,2018,07,10,FALSE,2,357754.36
NO,2017,unresolved,01,FALSE,22,23712096.7
FI,2016,09,08,FALSE,5,604815
NL,2022,01,05,TRUE,8,2285035.32
PT,2022,07,10,FALSE,10,5566128.92
SE,2019,05,05,TRUE,6,7835771.68
PL,2022,09,05,TRUE,12,872716.85
CZ,2016,05,01,FALSE,6,2578523.67
SK,2019,04,05,TRUE,10,1099445.44
AT,2018,09,01,FALSE,3,10334012.1
GR,2023,01,06,FALSE,8,3120477.4
PL,2021,01,05,TRUE,13,1417613.68
AT,2021,04,04,FALSE,36,56585197.9
DK,2022,03,02,FALSE,16,138815958.36
DE,2022,06,01,FALSE,9,1878691.25
NO,2020,05,04,FALSE,10,8140170.42
LV,2022,07,10,FALSE,2,
PT,2018,03,02,FALSE,2,952660
LV,2022,04,01,FALSE,7,7167140.75
RO,2023,03,02,FALSE,6,2425835.35293947
DE,2022,10,03,FALSE,1,31423
DE,2018,10,04,FALSE,48,6870695.99
DK,2022,05,04,FALSE,19,30777426.65
CZ,2022,01,03,FALSE,4,1130733.63
HR,2021,01,none,FALSE,348,219650573.8
LT,2020,unresolved,none,FALSE,401,163025609.07
SI,2016,08,none,FALSE,27,10360037.8
NO,2018,03,none,FALSE,91,73550107.94
CH,2019,08,none,FALSE,70,56660237.91
GR,2019,09,none,FALSE,260,275612069.22
LV,2018,unresolved,none,FALSE,245,103660326.54
UK,2021,08,none,FALSE,90,320970285.45
RO,2018,10,none,FALSE,205,32080945.47
IE,2020,05,none,FALSE,51,7310854.48
BG,2022,08,none,FALSE,104,30799614.27
DK,2020,04,none,FALSE,545,3044257530.98
BG,2022,05,none,FALSE,298,235906933.72
NO,2019,07,none,FALSE,331,299810046.71
MK,2021,03,none,FALSE,5,554337.53
MK,2020,unresolved,none,FALSE,14,1951653.1
CY,2019,06,none,FALSE,9,3179601.5
HU,2019,01,none,FALSE,285,525557269.25
DK,2019,08,none,FALSE,50,118727531.63
LU,2021,06,none,FALSE,39,27432733.84
MK,2020,02,none,FALSE,7,1393873.76
EE,2020,08,none,FALSE,27,18137255.05
CH,2016,03,none,FALSE,53,
NL,2016,08,none,FALSE,99,69746664.36
SE,2021,06,05,TRUE,31,22227108.27
BE,2023,04,01,FALSE,8,4163439.43
HR,2018,unresolved,none,FALSE,213,82975832.7
PT,2019,unresolved,04,FALSE,7,964939.28
NO,2017,04,07,FALSE,2,332368.39
CH,2017,09,01,FALSE,8,4508097.26
FI,2021,unresolved,01,FALSE,19,12976376
BE,2019,04,05,TRUE,15,14721255.39
LV,2023,10,none,FALSE,49,37002022.05
LT,2023,06,none,FALSE,90,39757220.45
UK,2022,03,none,FALSE,37,55364770.29
SE,2022,01,09,FALSE,11,7386783.62
PT,2023,08,06,FALSE,19,18854024.51
IS,2019,01,none,FALSE,66,312139731.29
LU,2020,09,none,FALSE,37,27658431.2
GR,2022,05,04,FALSE,23,154581456.46
DE,2022,03,08,FALSE,3,1990855
CY,2018,01,none,FALSE,45,27559194.61
LU,2021,03,04,FALSE,1,1391149.28
FR,2021,01,03,FALSE,58,11050607.73
IE,2022,07,01,FALSE,10,5383218
CH,2016,03,02,FALSE,9,
UK,2019,09,04,FALSE,15,25061280.7
BG,2021,04,01,FALSE,14,8098460.74
NL,2022,05,04,FALSE,28,6367972.04
NL,2016,01,04,FALSE,14,2304105.49
RO,2020,01,01,FALSE,91,48553510.73
HR,2022,04,01,FALSE,37,104587144.48
PT,2019,06,none,FALSE,49,47927452.55
DK,2020,03,none,FALSE,49,225022653.34
LT,2017,03,none,FALSE,86,44933402.1
LU,2021,02,none,FALSE,12,119252945.11
AT,2016,unresolved,05,TRUE,7,2280947.46
BE,2021,04,04,FALSE,11,2291574.02
LT,2021,09,01,FALSE,6,2604340.53
SE,2017,02,03,FALSE,5,8612813.77
FI,2021,04,04,FALSE,17,12242748
HR,2021,04,05,TRUE,34,67930428.39
RO,2022,05,07,FALSE,70,20096408.43
PT,2023,10,none,FALSE,88,95455202.94
HU,2016,05,none,FALSE,92,165481715.25
HU,2018,10,none,FALSE,33,40220617.9
DE,2024,09,05,TRUE,22,7788301.77
SI,2024,01,01,FALSE,38,84759956.24
HR,2025,08,none,FALSE,59,227508073.99
CZ,2025,07,01,FALSE,187,106847641.629974
ES,2023,05,07,FALSE,9,3788357.96
ES,2024,04,03,FALSE,13,74374522.26
ES,2024,01,03,FALSE,22,12838922.34
SK,2024,08,06,FALSE,3,3737280.31
HR,2024,09,01,FALSE,4,1318983.52
GR,2025,04,07,FALSE,8,5425151.24
BE,2025,01,05,TRUE,8,3378212.07
CY,2024,06,none,FALSE,14,9008154
HR,2025,01,08,FALSE,2,611552.4
CH,2024,04,03,FALSE,9,14063315.4549242
RO,2024,05,07,FALSE,37,98983.358061145
CY,2016,04,none,FALSE,29,49713213.28
CZ,2020,10,none,FALSE,76,17131915.28
MK,2022,06,none,FALSE,4,191116.57
ES,2024,10,09,FALSE,8,12787743.57
MT,2024,unresolved,none,FALSE,18,214513085.39
BE,2024,04,05,TRUE,19,2651593.95
NL,2025,04,03,FALSE,6,2080537
DE,2024,05,01,FALSE,20,3598040.25
BE,2025,10,03,FALSE,2,
BG,2024,08,09,FALSE,12,2701563.50853871
PL,2024,04,01,FALSE,81,170880626.710365
CZ,2024,02,09,FALSE,1,25156748.0969529
CZ,2025,10,01,FALSE,2,24492000.3612762
CZ,2020,09,06,FALSE,4,287023.3
CY,2018,03,none,FALSE,14,6809783.8
NL,2021,03,09,FALSE,1,
SK,2017,05,04,FALSE,3,8852150
CY,2021,02,none,FALSE,14,6114091.11
NO,2018,04,01,FALSE,12,9206776.76
IT,2023,08,09,FALSE,21,12319240.17
FR,2020,09,06,FALSE,2,37090000
GR,2019,10,none,FALSE,14,13691279.85
PT,2022,10,05,TRUE,1,351336
CY,2018,05,none,FALSE,18,11983438.59
EE,2017,08,none,FALSE,38,27527145.42
NL,2023,05,01,FALSE,4,2e+05
HU,2018,03,01,FALSE,9,23173818.52
ES,2020,02,01,FALSE,10,8972542.2
RO,2021,07,04,FALSE,11,1136437.03
DE,2016,03,02,FALSE,39,16341188.51
NL,2018,04,01,FALSE,21,10934000
ES,2018,10,10,FALSE,6,6779712.6
ES,2023,04,07,FALSE,34,28011850.78
DK,2020,07,09,FALSE,1,
FI,2021,07,05,TRUE,1,160000
PL,2023,08,05,TRUE,15,15959500.5275159
GR,2023,unresolved,08,FALSE,10,1566741
PT,2021,04,01,FALSE,7,4472463.97
HR,2019,05,07,FALSE,3,1218225.94
DK,2019,03,none,FALSE,50,338670551.99
HR,2019,03,04,FALSE,2,
NO,2023,03,07,FALSE,1,
PL,2017,08,08,FALSE,3,1267566.16
ES,2022,08,06,FALSE,44,118739414.44
RO,2020,01,08,FALSE,22,5020388.01
SE,2023,06,04,FALSE,23,53379033.9124606
CY,2025,08,none,FALSE,15,4726974
SI,2025,06,05,TRUE,1,337178.82
FI,2024,unresolved,01,FALSE,2,33330847
EE,2024,04,01,FALSE,16,13309492
CZ,2024,07,03,FALSE,3,2662569.83296236
SI,2025,02,04,FALSE,7,2880979.1
PL,2025,04,03,FALSE,29,28384108.8928575
BE,2023,unresolved,05,TRUE,1,4122600
HU,2017,01,08,FALSE,1,323378.39
DE,2016,08,04,FALSE,29,20440933.71
UK,2022,08,none,FALSE,14,141281573.76
SI,2017,04,05,TRUE,21,11068255.94
BE,2021,07,10,FALSE,9,1543420.77
BE,2017,06,04,FALSE,7,2716767.26
HU,2023,07,01,FALSE,4,500610.74
FR,2022,03,02,FALSE,14,131290857.29
HU,2021,01,04,FALSE,8,3047120.39
SK,2020,01,01,FALSE,14,5147078.8
NO,2022,05,07,FALSE,1,
HR,2021,06,05,TRUE,32,453227992.97
IT,2023,02,03,FALSE,11,20645959.52
BE,2022,04,05,TRUE,17,5486960.62
PL,2017,01,08,FALSE,11,940446.08
UK,2018,08,01,FALSE,4,2325298.69
SI,2020,01,01,FALSE,26,17622236.87
FR,2020,09,03,FALSE,9,1897214.2
DE,2019,unresolved,09,FALSE,6,
CZ,2018,05,01,FALSE,7,376921.28
MT,2022,07,10,FALSE,21,66146147.08
EE,2019,04,05,TRUE,20,34035368.59
SE,2018,05,05,TRUE,7,243705.1
SI,2016,04,03,FALSE,1,
DE,2020,04,06,FALSE,19,7944021.79
IE,2016,07,01,FALSE,3,842000
ES,2022,07,09,FALSE,2,595785.9
LV,2023,08,09,FALSE,27,29092643.19
RO,2023,05,05,TRUE,3,12949880.83
IE,2023,07,01,FALSE,12,172489376.28
ES,2019,unresolved,08,FALSE,5,1034032.23
LT,2025,06,06,FALSE,1,290000
CZ,2024,03,04,FALSE,33,15847729.92533
LV,2016,03,05,TRUE,1,164623.5
HU,2020,unresolved,08,FALSE,3,38768879.42
DE,2020,unresolved,06,FALSE,5,846801.96
LT,2025,08,09,FALSE,16,1208793.97
MK,2016,08,none,FALSE,15,3000794.1
NO,2018,07,10,FALSE,29,564514110.05
PT,2018,04,04,FALSE,12,17904091.08
PT,2016,04,04,FALSE,9,22259771.1
PT,2020,08,none,FALSE,36,48038553.79
RO,2024,01,07,FALSE,9,19261142.1768558
IT,2025,10,07,FALSE,6,19858361.28
NO,2024,unresolved,none,FALSE,17,58910485.2298682
ES,2025,09,10,FALSE,12,63509073.31
MT,2017,07,05,TRUE,3,156447.94
AT,2025,07,01,FALSE,23,14250624.62
HR,2025,04,04,FALSE,12,16487216.43
BE,2024,10,09,FALSE,4,53618377.53
FI,2023,07,04,FALSE,2,1207800
SE,2024,05,06,FALSE,8,1353146.76950028
SK,2017,04,09,FALSE,1,
CZ,2022,08,09,FALSE,30,1379000.24
SE,2019,01,05,TRUE,13,2918095.01
CZ,2020,09,09,FALSE,12,117170.89
CZ,2018,09,09,FALSE,11,816290.94
DE,2022,unresolved,06,FALSE,7,215000
SI,2023,10,01,FALSE,2,966653.48
IS,2020,05,none,FALSE,7,11615052.4
NL,2020,07,01,FALSE,16,3886160
NO,2025,10,04,FALSE,1,
IT,2024,06,04,FALSE,9,44005306.12
DE,2021,07,05,TRUE,21,9227554.29
IT,2022,09,10,FALSE,6,7474475.1
UK,2017,09,04,FALSE,7,6560223.57
FI,2017,05,01,FALSE,2,2325000
SI,2021,01,01,FALSE,45,68817563.53
AT,2022,unresolved,04,FALSE,26,66004694.66
FR,2016,04,07,FALSE,14,3091361.6
FR,2016,09,09,FALSE,13,2459425
LT,2021,06,05,TRUE,4,1499500.84
SK,2017,05,05,TRUE,1,
DE,2023,02,04,FALSE,22,62255276.2
DE,2021,unresolved,03,FALSE,18,2249295.2
ES,2022,02,01,FALSE,7,1409768.14
PL,2017,08,05,TRUE,26,7496650.06
LU,2023,04,05,TRUE,3,1271690.58
BE,2020,unresolved,04,FALSE,11,4084680.57
EE,2019,07,01,FALSE,6,258549
BG,2022,unresolved,03,FALSE,5,109873760.01
ES,2016,05,01,FALSE,5,5804949.55
HU,2021,05,07,FALSE,7,3204107.92
DE,2017,09,05,TRUE,4,1989317.98
BG,2019,unresolved,08,FALSE,1,
CZ,2016,02,01,FALSE,10,9507528.66
SE,2019,04,03,FALSE,11,7566117.61
CZ,2019,06,05,TRUE,14,137672243.02
HR,2023,09,09,FALSE,2,744733
NL,2025,01,04,FALSE,24,18450884.14
HR,2025,10,none,FALSE,22,11978624.24
AT,2024,08,01,FALSE,8,1997067.55
CZ,2025,02,01,FALSE,26,39050749.3532516
HR,2025,08,09,FALSE,4,1386455.29
NL,2017,03,09,FALSE,2,
FR,2017,10,07,FALSE,4,14407667.95
EE,2017,09,04,FALSE,3,
SK,2016,06,04,FALSE,1,568891.61
FR,2020,08,01,FALSE,13,550000
LV,2017,08,06,FALSE,5,1122716.01
DK,2017,10,07,FALSE,2,19770179.06
SK,2017,08,06,FALSE,2,
SK,2019,05,06,FALSE,2,
SE,2019,03,02,FALSE,10,8288117.54
GR,2019,09,07,FALSE,1,59850
PL,2022,07,07,FALSE,5,256286.69
GR,2016,08,04,FALSE,1,394378
DK,2019,unresolved,01,FALSE,5,3606898.91
DE,2022,04,08,FALSE,2,268853.91
FR,2023,08,04,FALSE,5,8478177.25
FI,2018,unresolved,08,FALSE,2,
MT,2024,03,02,FALSE,2,
NL,2024,02,01,FALSE,5,47044091
FI,2024,01,04,FALSE,19,9780729
BE,2024,01,05,TRUE,13,2555288.11
LT,2025,03,05,TRUE,1,9830.04
LU,2025,01,03,FALSE,2,861741.82
ES,2024,08,09,FALSE,44,11443788.98
SI,2024,07,10,FALSE,5,1912087.15
PT,2025,03,05,TRUE,1,585760.74
EE,2024,01,03,FALSE,1,28451525
RO,2025,09,09,FALSE,4,602924.009120087
GR,2021,04,03,FALSE,2,1008190
LV,2019,08,none,FALSE,27,13747696.07
LT,2020,03,01,FALSE,8,1195072.13
PT,2018,04,01,FALSE,2,416936.25
DE,2020,06,03,FALSE,5,514482.94
GR,2016,04,07,FALSE,1,796363.28
AT,2017,02,03,FALSE,4,2009578
ES,2021,08,03,FALSE,1,244812.86
SI,2017,05,04,FALSE,5,876972
SI,2020,04,01,FALSE,23,17887735.48
UK,2020,04,07,FALSE,6,11012546.92
BG,2023,01,08,FALSE,2,43790.9017875038
FI,2016,01,04,FALSE,9,66560550
BG,2020,05,04,FALSE,6,10210285.61
IE,2019,04,04,FALSE,2,
NL,2020,unresolved,04,FALSE,15,3238274.8
RO,2023,01,06,FALSE,4,4846379.42013094
FI,2025,04,03,FALSE,2,3e+06
ES,2024,08,05,TRUE,6,1706416.33
FR,2022,08,03,FALSE,1,
SE,2018,05,04,FALSE,23,8478315.92
FI,2022,05,06,FALSE,1,275450
BG,2020,unresolved,07,FALSE,2,589519.12
LT,2022,01,08,FALSE,8,2576725.21
FR,2016,10,07,FALSE,1,
HR,2016,03,02,FALSE,1,5029033.32
FR,2020,09,04,FALSE,8,2201513.84
UK,2018,09,10,FALSE,4,28326387.18
IT,2024,08,09,FALSE,10,7919842.12
BE,2019,05,01,FALSE,4,797593.3
BE,2021,09,04,FALSE,3,1533871.36
PL,2022,05,05,TRUE,13,37244881.93
UK,2019,01,09,FALSE,1,
FI,2020,04,04,FALSE,16,56384500
SI,2017,01,09,FALSE,1,25503.48
PL,2016,04,03,FALSE,5,1470325.96
HR,2020,04,04,FALSE,10,9175782.44
BE,2021,07,04,FALSE,3,
DK,2021,07,05,TRUE,2,
GR,2017,01,08,FALSE,2,39766.36
CZ,2019,01,08,FALSE,4,1461565.74
CY,2016,01,04,FALSE,1,213262
IS,2019,04,04,FALSE,1,779035.08
IE,2018,06,05,TRUE,3,
PL,2017,08,01,FALSE,6,1371022.54
EE,2018,04,04,FALSE,4,230000.88
GR,2023,03,01,FALSE,3,1323150
FR,2021,04,07,FALSE,5,5440000
FR,2016,08,04,FALSE,6,142298056.83
DK,2016,08,06,FALSE,4,3483444.51
SE,2018,09,08,FALSE,2,1062554.23
IE,2017,unresolved,01,FALSE,12,5530196
GR,2020,08,05,TRUE,5,1985463.77
DK,2019,02,03,FALSE,3,1104994.58
CY,2019,08,none,FALSE,4,31807200
DK,2017,03,01,FALSE,2,4506086.49
DK,2021,06,05,TRUE,6,
ES,2021,04,09,FALSE,8,7411893.48
FI,2022,06,05,TRUE,3,190996
IT,2016,unresolved,08,FALSE,3,2315154.25
SE,2016,06,06,FALSE,1,
BE,2018,10,07,FALSE,1,
NL,2025,03,05,TRUE,1,684826
BE,2024,03,03,FALSE,2,
RO,2024,09,09,FALSE,2,160298.198958851
MT,2023,09,09,FALSE,6,667733.44
BG,2019,unresolved,03,FALSE,6,188766.55
CY,2017,02,none,FALSE,10,627732.01
DK,2019,07,01,FALSE,6,5216913.78
FI,2021,01,06,FALSE,1,280000
IE,2022,10,01,FALSE,2,
CH,2020,unresolved,04,FALSE,7,32806069.21
FR,2022,02,03,FALSE,32,126054047.93
LT,2017,06,05,TRUE,3,12297200.35
RO,2020,unresolved,06,FALSE,2,33823.86
BG,2025,unresolved,none,FALSE,1,201186.215359444
NL,2025,03,04,FALSE,5,9525000
IE,2024,07,10,FALSE,15,111934293
CY,2024,02,none,FALSE,15,22736474.19
FR,2024,03,04,FALSE,4,377496.7
LT,2024,06,04,FALSE,2,1739451.31
HR,2024,04,03,FALSE,1,
CY,2025,04,05,TRUE,2,1578997
CZ,2024,06,01,FALSE,2,
SK,2025,02,03,FALSE,3,2930990
LT,2024,02,07,FALSE,1,350500
IT,2024,01,04,FALSE,11,17572355.65
BG,2018,01,07,FALSE,2,589324.06
CZ,2021,10,01,FALSE,5,9381455.19
DK,2023,01,05,TRUE,6,3889909.61152713
LU,2025,05,04,FALSE,4,15401016
PT,2025,08,09,FALSE,10,1881144.05
BE,2025,02,01,FALSE,3,2036599.63
SK,2023,03,08,FALSE,4,18736227.73
RO,2017,09,05,TRUE,1,131084.75
NL,2018,03,05,TRUE,2,
MT,2016,unresolved,05,TRUE,4,2056852.64
ES,2021,05,06,FALSE,10,4696797.75
SK,2018,04,04,FALSE,9,5858273.03
LV,2017,08,09,FALSE,8,384918.9
PL,2020,10,07,FALSE,1,998514.52
BE,2017,02,04,FALSE,5,1352107.44
PL,2016,10,08,FALSE,1,192131.33
CZ,2018,10,01,FALSE,9,7098036.38
LV,2020,01,03,FALSE,4,1494299.22
HU,2017,08,09,FALSE,2,101866.37
IT,2025,03,01,FALSE,3,1799155.33
SK,2023,unmapped,none,FALSE,1,2417900
CZ,2019,unresolved,06,FALSE,5,970039.63
SE,2022,08,05,TRUE,7,1269455.7
HU,2017,05,04,FALSE,3,5983539.55
EE,2017,02,01,FALSE,2,
MT,2019,01,04,FALSE,5,10334807.8
LV,2016,08,01,FALSE,2,383400
FI,2018,unresolved,07,FALSE,1,967000
SI,2021,08,09,FALSE,9,764198.29
BE,2023,06,05,TRUE,7,1668393.88
GR,2016,unresolved,04,FALSE,2,1261425.48
PT,2021,unresolved,08,FALSE,2,2275910
PT,2021,01,03,FALSE,5,922674.81
HU,2023,05,04,FALSE,8,1873432.91890951
PL,2018,07,08,FALSE,1,
LU,2022,04,04,FALSE,1,230000
FI,2020,01,05,TRUE,2,
FR,2020,09,09,FALSE,16,9467576
IE,2018,09,04,FALSE,2,259763
NL,2019,08,09,FALSE,14,1063076
PT,2016,07,10,FALSE,3,87678000
FR,2019,07,05,TRUE,6,400529.6
FR,2017,unresolved,09,FALSE,9,2114890.16
LT,2019,07,07,FALSE,4,409476.42
CZ,2018,07,10,FALSE,4,1403177.44
PL,2023,03,06,FALSE,2,166428.37
NL,2020,01,05,TRUE,5,232970.92
NO,2021,06,04,FALSE,5,724912.19
CZ,2021,07,10,FALSE,7,4521840.87
SK,2021,05,04,FALSE,3,
UK,2021,05,07,FALSE,4,4023256.17
LV,2020,05,08,FALSE,2,1132666.28
LT,2021,04,03,FALSE,4,1726047.8
IE,2016,04,01,FALSE,7,687400
AT,2020,04,05,TRUE,5,15020485
CZ,2023,10,07,FALSE,4,13515075.79
LV,2019,04,01,FALSE,9,1610966.31
UK,2016,09,06,FALSE,3,73749481.38
UK,2018,02,01,FALSE,4,115177224.18
SK,2020,05,06,FALSE,1,
UK,2016,07,09,FALSE,4,2160872.75
FR,2021,07,05,TRUE,4,763842.8
NO,2023,10,04,FALSE,3,15837507.18
CZ,2021,08,04,FALSE,1,128624.14
HR,2016,unresolved,08,FALSE,1,3476162.82
HU,2020,05,07,FALSE,2,1547772.07
LU,2023,02,03,FALSE,3,8526912.14
BG,2024,06,04,FALSE,7,4498010.75263319
EE,2023,02,03,FALSE,4,2972418.99
IE,2023,06,04,FALSE,2,4e+06
FI,2024,07,04,FALSE,5,4932359
PL,2025,02,08,FALSE,2,167737.130392151
PL,2025,05,08,FALSE,5,6582970.06762819
IS,2018,08,none,FALSE,4,2470873.41
MT,2018,02,none,FALSE,8,49511092.59
MT,2025,07,10,FALSE,7,89781114.28
IT,2025,10,04,FALSE,2,538625.54
HU,2024,05,05,TRUE,2,819122.819035173
CZ,2024,02,05,TRUE,3,
MT,2025,03,04,FALSE,2,382085.35
CH,2016,unresolved,03,FALSE,5,
NL,2022,09,06,FALSE,2,838307.57
BE,2016,08,03,FALSE,1,
SE,2017,07,07,FALSE,4,547360.18
UK,2018,01,08,FALSE,4,6320952.36
AT,2018,08,09,FALSE,6,1426146.98
AT,2022,07,05,TRUE,1,1633479
DK,2016,03,02,FALSE,3,161177.67
BE,2019,03,07,FALSE,2,3187300
DK,2016,06,05,TRUE,5,295492.4
NO,2023,04,09,FALSE,1,2149917.24773067
FR,2025,07,04,FALSE,10,14318456.76
GR,2025,08,09,FALSE,4,2222439.94
IE,2025,07,09,FALSE,1,34320
UK,2020,04,01,FALSE,9,10343709.23
DK,2020,07,01,FALSE,8,14422347.85
CH,2019,01,09,FALSE,3,970163.88
IT,2021,03,02,FALSE,5,6549988.2
GR,2017,04,07,FALSE,3,4681766.66
GR,2021,02,03,FALSE,2,15267130.2
SK,2016,07,07,FALSE,1,211836
PT,2016,unresolved,04,FALSE,6,2489985.17
LV,2023,09,07,FALSE,1,4490
UK,2021,07,04,FALSE,2,898092.14
IE,2020,04,06,FALSE,1,
HR,2016,07,01,FALSE,2,478010.96
MT,2018,06,01,FALSE,1,
FR,2021,09,05,TRUE,1,220000
PT,2023,01,08,FALSE,4,2631797.62
SK,2024,05,04,FALSE,3,668767.5
GR,2025,10,08,FALSE,1,17782799.64
CY,2024,04,07,FALSE,1,133532.88
EE,2025,06,01,FALSE,2,511872.4
CY,2025,01,04,FALSE,6,2236822
CH,2024,04,05,TRUE,12,588015954.708818
FR,2019,09,06,FALSE,3,12258260.26
SK,2019,unresolved,08,FALSE,1,834390
DK,2021,07,06,FALSE,1,
HR,2017,unresolved,08,FALSE,3,1371516.73
FI,2020,unresolved,04,FALSE,8,2509606
HR,2016,03,04,FALSE,3,942501.39
SE,2019,unresolved,03,FALSE,1,
DK,2022,09,09,FALSE,1,
SK,2019,09,04,FALSE,1,768493.24
SK,2016,05,01,FALSE,1,717048.26
FR,2022,unresolved,06,FALSE,5,798790
GR,2021,unresolved,06,FALSE,1,
DE,2016,06,01,FALSE,3,6e+05
EE,2023,07,04,FALSE,1,63858
IT,2024,03,04,FALSE,1,
PL,2025,04,06,FALSE,5,9198150.92707529
FI,2025,05,01,FALSE,4,1811684
DK,2019,01,04,FALSE,4,449177.75
NO,2019,03,03,FALSE,3,
AT,2016,08,09,FALSE,5,3126282.37
FI,2024,05,04,FALSE,7,9500804
HU,2025,05,04,FALSE,6,14625639.9119425
BE,2024,09,08,FALSE,2,219552.58
FI,2024,05,01,FALSE,2,673430
DE,2019,02,08,FALSE,1,
SK,2020,unresolved,03,FALSE,2,3749214.95
BG,2023,10,09,FALSE,1,64791.9
BE,2020,10,07,FALSE,4,7212914.75
DE,2024,09,07,FALSE,1,1056500
LT,2025,unmapped,none,FALSE,3,2637167.16
LT,2021,unresolved,06,FALSE,1,1070070
SK,2017,01,04,FALSE,4,499999.99
IE,2020,08,09,FALSE,1,44500
HR,2017,05,04,FALSE,1,1357799.79
LU,2020,04,05,TRUE,12,14426579.6
HR,2018,unresolved,08,FALSE,2,260457.99
AT,2022,05,05,TRUE,1,
FR,2022,02,08,FALSE,1,
LT,2021,08,08,FALSE,2,299000
CZ,2018,02,05,TRUE,3,
SE,2019,10,10,FALSE,1,897148.96
AT,2020,05,07,FALSE,1,168714.03
BG,2021,10,01,FALSE,5,792964.52
LV,2020,05,04,FALSE,2,
PT,2023,01,03,FALSE,2,193235
DK,2018,04,03,FALSE,3,35000
SK,2018,03,04,FALSE,1,
ES,2019,09,10,FALSE,4,2254767.71
IE,2025,01,05,TRUE,4,1223477
BG,2024,07,07,FALSE,3,395048.062174047
SK,2024,07,01,FALSE,5,4488234.34
SE,2025,05,06,FALSE,6,1302424.45452647
CZ,2025,03,06,FALSE,1,86034.7583874795
PL,2024,07,07,FALSE,3,1072361.08378512
LU,2023,01,03,FALSE,1,154166.16
ES,2021,07,07,FALSE,2,69580.57
ES,2022,10,06,FALSE,3,1821871
GR,2018,08,04,FALSE,1,262500
IE,2022,unresolved,08,FALSE,2,1999446
UK,2016,10,10,FALSE,3,4515058.33
DK,2024,01,08,FALSE,2,4058628.77865413
SI,2016,07,04,FALSE,6,998825.12
CZ,2021,05,06,FALSE,6,2136454.45
FI,2022,unresolved,09,FALSE,2,6e+05
HU,2018,06,04,FALSE,2,5256374.35
BG,2022,07,07,FALSE,4,377390.33
SE,2019,01,06,FALSE,4,1690417.51
IT,2018,04,08,FALSE,1,
DE,2018,07,07,FALSE,1,306433.46
NL,2020,01,03,FALSE,7,
DE,2024,05,08,FALSE,2,
PT,2020,04,07,FALSE,1,747895
FR,2018,03,05,TRUE,1,
MT,2023,01,05,TRUE,5,9804763.04
DK,2023,09,05,TRUE,2,1126664.31827278
BE,2017,unresolved,09,FALSE,2,
ES,2017,05,07,FALSE,4,2184572.75
IE,2021,10,09,FALSE,1,
FR,2019,04,07,FALSE,6,3500000
GR,2019,01,04,FALSE,3,782670
DK,2019,01,09,FALSE,1,194211.17
PL,2025,07,08,FALSE,1,272675.575454531
LU,2020,08,08,FALSE,1,
CY,2020,07,10,FALSE,1,16859615.6
SI,2016,02,05,TRUE,2,497400
BE,2019,02,04,FALSE,1,129470
AT,2019,01,05,TRUE,4,2122485.54
LV,2019,01,06,FALSE,1,
FI,2022,01,09,FALSE,1,
LT,2021,03,03,FALSE,1,87500
BE,2019,08,09,FALSE,5,465736.3
LU,2025,04,01,FALSE,2,
SK,2022,03,08,FALSE,6,415030.64
IE,2021,05,04,FALSE,1,406969
UK,2021,01,05,TRUE,1,104699.86
CY,2023,06,05,TRUE,1,682600
HU,2023,01,08,FALSE,2,1900768.92542205
DK,2019,03,01,FALSE,1,141001.33
EE,2025,02,08,FALSE,1,
MK,2021,08,none,FALSE,2,
MK,2021,05,none,FALSE,7,1259231.61
SK,2025,02,06,FALSE,1,112254.72
CY,2021,10,none,FALSE,2,
LU,2017,03,none,FALSE,3,3674497
HU,2018,01,05,TRUE,1,
HU,2016,unresolved,04,FALSE,2,535590.04
IS,2021,01,01,FALSE,3,26640026.64
LU,2017,04,05,TRUE,4,5744500
PT,2023,08,08,FALSE,1,1563858.17
LV,2017,09,01,FALSE,6,1621229.5
PT,2020,03,08,FALSE,2,77172
CY,2022,08,05,TRUE,1,2474388
SK,2016,06,none,FALSE,1,260924.86
GR,2016,05,07,FALSE,1,839250
AT,2016,06,06,FALSE,1,
HU,2025,07,07,FALSE,1,
SE,2024,09,09,FALSE,1,
PT,2022,unresolved,05,TRUE,4,5236157.05
DE,2020,03,05,TRUE,4,329069.32
ES,2022,05,08,FALSE,7,8438077.06
BG,2020,unresolved,05,TRUE,1,4783854.18
GR,2022,01,08,FALSE,3,11427118.82
MK,2023,01,08,FALSE,1,
AT,2023,05,04,FALSE,4,449360
PT,2019,05,04,FALSE,3,11066779.03
ES,2016,08,03,FALSE,1,233975.16
CH,2016,08,05,TRUE,1,
CH,2022,05,06,FALSE,2,
NL,2021,unresolved,08,FALSE,1,
IS,2016,unresolved,none,FALSE,1,4599467
FI,2019,unresolved,05,TRUE,2,5038000
RO,2018,01,06,FALSE,1,1332187.37
DK,2019,07,04,FALSE,2,
ES,2020,09,06,FALSE,1,
UK,2016,03,08,FALSE,1,192685.61
DK,2019,03,03,FALSE,1,
BE,2017,09,08,FALSE,1,
FR,2018,02,07,FALSE,3,779472
ES,2019,08,01,FALSE,3,439462.18
BG,2022,02,08,FALSE,1,103044.14
SE,2020,08,08,FALSE,1,
LU,2025,03,04,FALSE,1,116894.13
CY,2022,08,06,FALSE,1,635394
AT,2018,06,05,TRUE,2,
DK,2024,unresolved,01,FALSE,1,10997088.0198474
HR,2019,07,04,FALSE,1,135009.65
CH,2018,08,04,FALSE,3,2705301.82
SK,2022,04,07,FALSE,2,
RO,2017,09,07,FALSE,2,2141.44
NO,2022,02,04,FALSE,3,11542256.94
CZ,2016,10,07,FALSE,2,10477.01
UK,2016,01,05,TRUE,2,8664030.85
CZ,2025,unresolved,04,FALSE,4,3393172.3075723
GR,2025,09,06,FALSE,1,9483870.97
LT,2021,07,05,TRUE,2,8000
BG,2018,10,08,FALSE,1,178904.8
ES,2017,08,08,FALSE,2,451000
ES,2022,unresolved,07,FALSE,1,
BG,2019,09,04,FALSE,2,511299.73
IT,2023,02,02,FALSE,3,4182099.1
CH,2018,08,09,FALSE,2,1137211.43
DK,2022,04,06,FALSE,4,3819836.63
RO,2023,10,04,FALSE,1,655027.417655586
UK,2019,10,06,FALSE,2,9715050.64
CH,2021,03,05,TRUE,1,24817315.72
PL,2018,09,06,FALSE,1,381362.43
UK,2023,05,06,FALSE,1,1605397.86
CY,2020,unresolved,01,FALSE,1,480000
UK,2018,08,06,FALSE,2,11151004.93
FI,2021,04,07,FALSE,1,6e+05
HR,2016,06,04,FALSE,2,
CH,2019,08,06,FALSE,1,
HR,2023,07,04,FALSE,2,352479.44
LT,2022,04,03,FALSE,1,35181.15
PL,2022,07,03,FALSE,1,362027.16
CH,2018,05,05,TRUE,3,359683.98
ES,2024,07,03,FALSE,1,476759.05
SK,2023,01,08,FALSE,2,4059188.78
SE,2019,07,06,FALSE,3,4532963.14
ES,2019,03,03,FALSE,1,160330.75
RO,2016,09,04,FALSE,1,105789.78
LV,2024,05,01,FALSE,3,567800
LT,2024,03,02,FALSE,1,19540
CY,2025,03,04,FALSE,1,237233
CH,2023,09,10,FALSE,1,24335080.5251267
AT,2024,04,08,FALSE,1,3271777
RO,2020,unresolved,09,FALSE,1,334399.43
AT,2022,unresolved,09,FALSE,2,
NL,2018,06,06,FALSE,1,
HR,2017,04,06,FALSE,1,1228571.29
GR,2021,05,06,FALSE,1,197630.38
NO,2017,05,05,TRUE,2,30601043.86
HU,2023,06,06,FALSE,1,
SK,2025,10,07,FALSE,1,
RO,2025,07,06,FALSE,1,
AT,2023,09,09,FALSE,1,
FI,2024,10,08,FALSE,1,
PT,2020,03,04,FALSE,2,193161
FR,2017,03,07,FALSE,2,53400
NL,2023,02,01,FALSE,1,
IT,2020,06,01,FALSE,2,2648729.5
GR,2024,06,06,FALSE,1,1126215
CH,2020,07,05,TRUE,1,837926.2
MK,2018,08,09,FALSE,1,37897.52
LT,2016,04,10,FALSE,1,1305785.12
ES,2025,02,02,FALSE,2,596075.73
GR,2025,04,04,FALSE,2,17313550
LU,2025,10,01,FALSE,1,273280
CZ,2021,01,06,FALSE,3,616899.73
CZ,2017,09,04,FALSE,4,2330094.64
NO,2020,unresolved,03,FALSE,3,1809399.41
ES,2021,09,06,FALSE,1,12290937.8
LT,2018,10,04,FALSE,1,824925.32
LT,2022,unresolved,09,FALSE,1,92070
SE,2017,07,05,TRUE,2,518935.97
EE,2021,unresolved,08,FALSE,1,
CZ,2018,10,10,FALSE,3,44206.73
BE,2018,03,05,TRUE,1,256106.4
RO,2024,07,03,FALSE,1,
EE,2025,05,01,FALSE,1,
PT,2024,09,04,FALSE,3,765535.78
NO,2016,06,01,FALSE,2,1153519.04
NL,2025,08,04,FALSE,1,
LT,2025,02,04,FALSE,1,846930
LT,2022,06,01,FALSE,2,3283200
FI,2018,08,04,FALSE,2,569887
SE,2021,09,08,FALSE,1,
CZ,2025,10,10,FALSE,1,903766.470672798
PT,2022,10,04,FALSE,3,1759284.2
IT,2018,unresolved,02,FALSE,1,
HR,2022,01,07,FALSE,2,
FI,2021,03,04,FALSE,1,
SE,2025,02,05,TRUE,1,290898.873386679
DK,2023,01,09,FALSE,1,
CZ,2018,09,07,FALSE,1,72460.95
SK,2017,02,08,FALSE,1,
NL,2019,01,09,FALSE,1,
NO,2017,01,05,TRUE,3,1786510.73
PL,2019,08,04,FALSE,1,8601777.74
EE,2019,03,04,FALSE,1,
IE,2016,09,03,FALSE,1,1250000
IS,2018,07,01,FALSE,1,374931.58
IE,2016,08,08,FALSE,1,253659
CZ,2016,03,08,FALSE,1,163257.38
GR,2020,03,04,FALSE,1,
ES,2025,02,06,FALSE,1,
FI,2025,08,04,FALSE,2,453601
AT,2024,01,02,FALSE,1,
PL,2021,08,01,FALSE,2,1453152.86
PT,2017,10,05,TRUE,1,365603.34
RO,2017,01,03,FALSE,1,7306.95
FR,2016,09,05,TRUE,1,130630
HR,2021,01,05,TRUE,1,
DK,2017,09,01,FALSE,1,1680423.74
CH,2016,unresolved,08,FALSE,1,
LT,2020,09,06,FALSE,1,
PL,2023,04,10,FALSE,1,766193.894589051
LV,2020,04,07,FALSE,1,2e+05
FR,2022,02,05,TRUE,1,
IT,2023,02,01,FALSE,1,1270000
HR,2024,06,06,FALSE,1,81756
PL,2021,01,09,FALSE,2,62320.39
UK,2020,unresolved,09,FALSE,1,180000
NL,2016,08,08,FALSE,1,
AT,2024,05,01,FALSE,1,
NO,2023,09,07,FALSE,1,4335286.49398537
SE,2020,09,07,FALSE,1,572256.98
MT,2019,02,none,FALSE,1,25714.8
NL,2025,unresolved,01,FALSE,1,100916
CH,2025,10,09,FALSE,1,4500147.08229429
LT,2018,09,08,FALSE,1,221900.83
AT,2018,09,06,FALSE,1,244796
SK,2020,08,09,FALSE,2,254112
BE,2021,07,05,TRUE,1,
RO,2018,unresolved,07,FALSE,1,744977.83
RO,2016,02,04,FALSE,1,
LU,2024,06,03,FALSE,1,378460
SE,2022,09,10,FALSE,1,231808.57
LU,2017,04,06,FALSE,1,
RO,2016,08,09,FALSE,1,11112.6
ES,2022,02,05,TRUE,1,74040
CY,2024,09,01,FALSE,1,515571
SK,2024,01,03,FALSE,1,
LT,2016,08,08,FALSE,1,101942.13
BE,2016,09,04,FALSE,1,
LU,2020,05,06,FALSE,1,
LV,2022,unresolved,08,FALSE,1,77332
NL,2017,01,09,FALSE,1,
CH,2024,01,08,FALSE,1,380684.167011162
AT,2020,08,09,FALSE,1,
PL,2024,05,none,FALSE,3432,6362876535.02484
ES,2023,10,none,FALSE,911,3758582689.81
RO,2024,02,none,FALSE,353,1139407789.98367
IE,2025,06,05,TRUE,3,364621.4
DE,2024,06,none,FALSE,1568,1232805434.32
NL,2024,09,none,FALSE,1337,2208253296.38215
BG,2024,01,none,FALSE,3028,1910104495.24566
DK,2024,04,05,TRUE,9,9611951.7920427
DE,2025,07,none,FALSE,4245,1762469658.70744
NO,2025,07,none,FALSE,362,696054306.724677
MT,2023,05,none,FALSE,61,15146567.17
PL,2024,09,none,FALSE,2047,992417173.374366
PL,2025,02,01,FALSE,29,533593093.117051
GR,2025,01,05,TRUE,6,974097739
DE,2024,04,04,FALSE,231,229505023.06
ES,2024,03,01,FALSE,6,5415496.18
ES,2025,10,none,FALSE,958,3752177717.22
SE,2024,06,none,FALSE,468,1971362538.12536
CZ,2025,05,none,FALSE,547,923511531.801672
FI,2025,07,10,FALSE,90,1250198169.76
BE,2025,04,none,FALSE,735,2374755510.1695
PL,2025,02,none,FALSE,1295,3270518929.90768
SE,2023,01,none,FALSE,3728,9861608673.17619
DE,2023,01,05,TRUE,238,87874662.07
RO,2024,05,06,FALSE,8,10998178.6112215
LV,2024,01,none,FALSE,883,422757062.49
NL,2025,09,01,FALSE,53,49919414.34
CZ,2024,04,04,FALSE,129,532594305.19038
DK,2025,03,02,FALSE,16,28217758.6012289
FR,2024,05,04,FALSE,61,536012671.4
FI,2025,01,01,FALSE,76,287729557.19
CY,2024,07,none,FALSE,319,840699825.18
BE,2025,01,06,FALSE,7,1818485.73
EE,2024,07,none,FALSE,504,115030474.43
IE,2025,03,none,FALSE,63,127116190.55
DK,2025,04,04,FALSE,30,105142032.091368
CZ,2025,05,01,FALSE,10,4324307.31617715
NL,2025,10,none,FALSE,211,1446321500.87
BG,2025,02,none,FALSE,117,63768398.195112
MT,2025,07,none,FALSE,276,579143158.21
DE,2023,08,05,TRUE,27,10209063.43
IE,2024,06,none,FALSE,87,965463448.57
GR,2025,01,01,FALSE,61,248484498.81
DE,2025,06,04,FALSE,76,90499047.19
CZ,2024,04,01,FALSE,144,135354798.485851
IT,2020,04,none,FALSE,1681,11414100861.65
FR,2020,05,none,FALSE,2317,5004134725.88
DE,2020,07,none,FALSE,4929,2592071792.91
CZ,2020,09,none,FALSE,1394,320912955.11
IT,2022,01,none,FALSE,1946,7075805876.53
FR,2017,07,none,FALSE,3026,4974163387.85
FR,2016,unresolved,none,FALSE,5113,3033978065.14
DE,2016,08,none,FALSE,856,293363362.48
IT,2016,04,none,FALSE,1402,7996393060.4
SI,2019,04,none,FALSE,1233,925200424.27
RO,2021,04,none,FALSE,4207,9521358803.58
IE,2021,09,none,FALSE,307,276401488.37
UK,2021,07,none,FALSE,882,8234886720.31
FR,2022,01,none,FALSE,11139,11880797591.19
IT,2021,10,none,FALSE,776,1758050549.57
DE,2018,05,none,FALSE,1704,1142391772.59
PL,2017,04,none,FALSE,4498,9849760647.34
DK,2022,05,none,FALSE,375,1301108941.24
PL,2016,01,none,FALSE,1160,1135850802.71
CH,2016,04,none,FALSE,185,17881876.49
SE,2020,03,none,FALSE,205,355132094.04
PL,2020,unresolved,none,FALSE,2501,4914773704.31
SE,2018,01,none,FALSE,2634,4275884226.19
NO,2020,09,none,FALSE,290,418791744.43
FR,2022,04,none,FALSE,5266,18244854132.58
HR,2022,unresolved,none,FALSE,436,177287306.92
AT,2016,04,none,FALSE,497,998421299.04
IT,2021,01,none,FALSE,1998,4981242571.65
ES,2022,03,none,FALSE,658,1006427608.84
RO,2017,unresolved,none,FALSE,441,92294075.51
FI,2017,04,none,FALSE,552,1525905604.5
FI,2017,unresolved,none,FALSE,235,741659435
NO,2018,04,none,FALSE,452,4261177232.35
BE,2022,05,none,FALSE,363,366997167.65
FR,2023,08,none,FALSE,1354,5122965017.78
HR,2023,06,none,FALSE,110,235923720.9
SE,2023,10,none,FALSE,147,608058828.13358
GR,2019,01,none,FALSE,558,247278688.74
NO,2022,01,none,FALSE,1496,2945235629
PL,2016,09,none,FALSE,1086,156683377.6
IE,2021,01,none,FALSE,277,455253112.25
CZ,2019,03,none,FALSE,600,496782664.24
RO,2023,unresolved,none,FALSE,968,633904423.289528
CZ,2020,05,none,FALSE,329,300519083.41
NL,2021,04,none,FALSE,1003,2590690021.07
IE,2021,04,none,FALSE,301,508263607.28
SI,2017,09,none,FALSE,1316,103581081.61
SE,2018,07,none,FALSE,959,1846692059.67
FR,2018,05,none,FALSE,2721,6294582043.21
CZ,2021,02,none,FALSE,362,204320349.69
BG,2018,07,none,FALSE,1470,741997310.3
HR,2020,06,none,FALSE,115,58645659.8
RO,2022,05,none,FALSE,349,1109377612.81
PT,2022,05,none,FALSE,289,397985275.38
AT,2019,04,none,FALSE,655,1700325837.06
SE,2017,unresolved,none,FALSE,275,153621977.8
FI,2021,unresolved,none,FALSE,510,809741658.06
PL,2020,02,none,FALSE,683,916206693.04
RO,2019,03,none,FALSE,540,616090993.02
AT,2019,unresolved,none,FALSE,634,1174982160.15
LT,2019,01,none,FALSE,550,168537848.35
GR,2019,05,none,FALSE,199,275089462.92
ES,2018,09,none,FALSE,832,896033355.33
IT,2017,09,none,FALSE,445,1015938483.06
SK,2017,04,none,FALSE,475,740968162.2
EE,2021,04,none,FALSE,449,272331037.23
CZ,2021,unresolved,none,FALSE,1706,1437602778.71
MK,2023,01,none,FALSE,102,739373049.065351
MT,2022,07,none,FALSE,178,116826988.2
PL,2022,09,07,FALSE,83,1158357.48
FI,2016,04,05,TRUE,5,17451500
DE,2018,01,04,FALSE,520,971150854.37
NL,2020,03,01,FALSE,18,1820250
BG,2023,09,01,FALSE,57,17483912.8826393
LT,2020,unresolved,06,FALSE,2,1394834.51
IT,2023,08,06,FALSE,116,228287452.04
DE,2020,10,04,FALSE,75,29688455.9
DE,2022,01,01,FALSE,352,125979851.74
PL,2021,09,07,FALSE,124,1637910.39
LT,2019,04,01,FALSE,25,20244068.64
NL,2022,06,05,TRUE,4,1746500
ES,2020,04,05,TRUE,79,127600587.46
LT,2022,10,01,FALSE,5,2723207.08
FR,2018,04,03,FALSE,16,17717650.27
PL,2016,08,06,FALSE,74,37786702.78
BE,2018,08,09,FALSE,13,1582767.69
FI,2018,01,01,FALSE,20,26430354
HU,2020,unresolved,04,FALSE,15,8797934.46
DE,2019,01,04,FALSE,718,944005751.78
BE,2016,10,09,FALSE,3,
NO,2019,01,04,FALSE,15,17187250.78
CZ,2019,02,01,FALSE,21,14281042.72
DE,2020,01,04,FALSE,748,707033871.55
CZ,2022,01,01,FALSE,102,48973565.6
BG,2022,01,04,FALSE,32,6701632.7
CZ,2023,10,none,FALSE,139,126910832.95756
LT,2021,04,none,FALSE,839,829764047.38
MT,2017,unresolved,none,FALSE,82,329126710.09
FI,2016,01,none,FALSE,653,1416372185
SK,2020,03,none,FALSE,81,30219015.63
DE,2018,02,none,FALSE,645,617319420.76
NO,2017,09,none,FALSE,165,337544543.14
LV,2021,09,none,FALSE,347,146277427.06
NO,2018,01,none,FALSE,1016,1579811893.37
LV,2021,03,none,FALSE,131,39333975.65
AT,2017,03,none,FALSE,82,80428541.6
RO,2018,06,none,FALSE,190,318372155.06
HU,2021,07,none,FALSE,563,428867568.49
IS,2018,04,none,FALSE,27,117575042.36
RO,2016,unresolved,none,FALSE,243,117831269.25
LT,2018,04,none,FALSE,459,666664249.73
PL,2016,02,none,FALSE,700,869416446.14
IT,2020,02,none,FALSE,216,791004974.83
LV,2017,03,none,FALSE,68,12301051.11
PL,2018,03,none,FALSE,758,543270074.24
AT,2017,01,none,FALSE,395,422174383.18
CY,2017,unresolved,none,FALSE,23,3536536
HR,2021,03,none,FALSE,80,36811632.94
AT,2021,01,none,FALSE,584,757161295.67
IE,2018,05,none,FALSE,39,6901662.2
EE,2017,04,none,FALSE,246,364027692.77
CZ,2021,06,none,FALSE,90,414559608.01
IE,2017,01,none,FALSE,213,197381270.24
CH,2019,09,none,FALSE,340,571885547.79
SI,2018,02,none,FALSE,74,48614166.87
BE,2021,09,none,FALSE,246,495851375.32
BE,2016,09,none,FALSE,192,76306644.56
CH,2021,08,none,FALSE,66,74701061.87
PT,2019,03,none,FALSE,77,203291012.91
IT,2019,10,none,FALSE,542,1256829948.98
RO,2020,08,none,FALSE,173,141218751.47
MK,2019,unresolved,none,FALSE,47,56494764.69
IS,2018,07,none,FALSE,23,40564375.93
GR,2023,08,none,FALSE,164,263754307.95
FI,2023,06,none,FALSE,324,1239849668.91
CH,2016,09,none,FALSE,170,10911394.18
EE,2021,09,none,FALSE,289,216541442.7
PT,2019,08,none,FALSE,40,39868865.51
UK,2020,04,05,TRUE,50,36992523.03
MT,2017,04,01,FALSE,1,1696465
CZ,2018,01,04,FALSE,60,56882487.93
SE,2021,04,01,FALSE,19,4766450.7
ES,2018,04,04,FALSE,53,181838609.77
DK,2022,01,01,FALSE,16,14995801.64
CZ,2020,03,04,FALSE,317,4501338.19
ES,2020,01,05,TRUE,19,2135802.04
FI,2020,01,01,FALSE,15,9805019.33
RO,2021,unresolved,04,FALSE,41,8507265.52
EE,2021,09,01,FALSE,23,1015324.4
PL,2017,04,05,TRUE,186,423894561.04
HR,2020,unresolved,04,FALSE,7,2433116.43
FR,2018,01,03,FALSE,91,29883578.34
IT,2020,01,04,FALSE,10,9868479.07
IT,2017,04,05,TRUE,71,286358028.06
BG,2019,10,04,FALSE,2,
BG,2017,unresolved,03,FALSE,5,1077.36
SE,2017,unresolved,01,FALSE,15,7049832.29
ES,2019,01,01,FALSE,191,92729614.28
ES,2023,02,04,FALSE,22,7178394.26
IE,2023,09,01,FALSE,16,354568781
NO,2023,05,06,FALSE,1,4454298.89
BG,2018,06,05,TRUE,29,29331889.15
DE,2023,09,01,FALSE,123,26448856.33
NL,2023,04,03,FALSE,11,19819230
PL,2019,07,01,FALSE,98,109834351.07
FR,2020,05,04,FALSE,65,330761318.97
DE,2022,01,06,FALSE,11,1144878.49
FR,2020,10,09,FALSE,65,213923609.04
RO,2019,unresolved,01,FALSE,28,9338285.48
PL,2022,unresolved,03,FALSE,40,3431181.3
MT,2023,07,10,FALSE,16,21348685.11
DE,2018,08,04,FALSE,20,7953037.88
DE,2016,07,05,TRUE,13,3843958.71
SK,2022,09,01,FALSE,9,6473698.26
LT,2018,01,04,FALSE,5,2147260
NO,2020,01,01,FALSE,67,39979101.56
CZ,2021,08,06,FALSE,71,20776254.48
NL,2022,unresolved,01,FALSE,30,16346000
RO,2020,04,09,FALSE,37,51894489.07
ES,2016,unresolved,09,FALSE,1,865880
CZ,2016,09,01,FALSE,18,2168123.55
PT,2020,05,04,FALSE,24,59327648.84
GR,2023,unresolved,04,FALSE,13,409461258.84
FR,2023,03,01,FALSE,10,11273289
SI,2020,unresolved,04,FALSE,10,1002082.84
ES,2021,09,01,FALSE,51,22600139.17
PL,2023,06,05,TRUE,84,62303608.3766097
IT,2016,07,10,FALSE,59,171964451.24
PL,2018,unresolved,01,FALSE,178,175200024.99
DE,2019,07,10,FALSE,85,76439572.52
DE,2019,02,03,FALSE,65,13048787.05
SK,2021,unresolved,01,FALSE,23,6637662.05
DE,2019,06,04,FALSE,100,56196517.48
DE,2020,07,03,FALSE,16,2505275.07
UK,2021,01,01,FALSE,34,89714058.62
IT,2017,05,04,FALSE,19,44069696.22
FR,2016,unresolved,05,TRUE,18,11932065.88
DE,2019,unresolved,04,FALSE,189,129570615.48
FR,2021,06,05,TRUE,87,92029729.07
FR,2016,05,04,FALSE,80,379425921.37
DE,2019,07,04,FALSE,194,73598568.16
ES,2022,01,03,FALSE,19,11128367.43
SE,2020,01,04,FALSE,84,65977183.19
SI,2017,04,01,FALSE,23,9162041.46
UK,2020,unresolved,01,FALSE,13,6031621.96
FR,2016,01,03,FALSE,83,16181240.29
NO,2020,04,07,FALSE,4,634162.72
LT,2017,01,01,FALSE,37,21840081.79
AT,2019,04,01,FALSE,11,3091475.62
ES,2016,01,04,FALSE,43,115378885.64
UK,2021,06,04,FALSE,5,19364852.74
BG,2022,05,07,FALSE,10,863321.03
NL,2023,01,04,FALSE,22,14395542.06
CH,2023,01,05,TRUE,11,9540969.57395895
RO,2023,09,01,FALSE,36,19287791.5252046
BG,2024,02,03,FALSE,11,2173609.94477963
AT,2024,unresolved,none,FALSE,39,87516431.72
PT,2025,01,01,FALSE,141,1722143839.42
PL,2024,02,04,FALSE,13,7410057.34848855
LT,2024,02,none,FALSE,144,506671654.2
LU,2024,08,06,FALSE,1,231762.77
SE,2024,10,none,FALSE,143,909775708.885966
DK,2025,03,none,FALSE,40,75675133.3003971
CZ,2022,07,01,FALSE,134,35350092.25
MK,2016,05,none,FALSE,35,4165096.91
MT,2016,unresolved,none,FALSE,146,60335226.7
LV,2023,08,06,FALSE,14,12715724.98
CH,2017,04,04,FALSE,25,8017103.04
LT,2017,04,01,FALSE,25,7918485.95
LV,2019,10,none,FALSE,36,18690184.3
IE,2019,02,none,FALSE,17,17233938.46
LV,2016,10,none,FALSE,36,16351764.59
MK,2018,04,none,FALSE,134,29034337.19
NL,2018,04,04,FALSE,11,
UK,2018,07,01,FALSE,30,24291282.82
PL,2022,06,05,TRUE,121,86259747.48
SK,2018,03,01,FALSE,4,4077092
PL,2018,08,05,TRUE,28,20339199.81
IE,2019,05,none,FALSE,44,106424003.02
DK,2021,03,none,FALSE,48,65567055.94
FR,2021,09,01,FALSE,28,22698025.18
RO,2018,04,05,TRUE,43,115763540.3
BE,2017,01,01,FALSE,30,5570912.26
SK,2025,06,none,FALSE,32,76524114.88
PL,2025,01,05,TRUE,11,14803183.4159501
PL,2021,05,07,FALSE,83,33875733.24
HU,2017,04,09,FALSE,12,5242110.17
NL,2022,04,07,FALSE,1,399466.67
PL,2021,02,04,FALSE,33,39906380.89
SI,2022,02,03,FALSE,9,4548299.31
NO,2023,01,01,FALSE,90,417347962.733768
UK,2017,04,01,FALSE,13,7523588.12
LT,2023,01,08,FALSE,7,949959.6
MT,2023,07,01,FALSE,5,2532872.39
FR,2025,04,03,FALSE,28,11317528.93
NO,2024,10,01,FALSE,2,4292422.78348185
IT,2024,unresolved,01,FALSE,4,1458048
IT,2024,04,05,TRUE,84,694189266.62
DE,2025,08,01,FALSE,23,5979253.21
DE,2019,07,03,FALSE,21,4319412.78
ES,2021,05,04,FALSE,47,22077567.53
RO,2023,02,05,TRUE,1,149534.61
BG,2016,09,01,FALSE,7,5546309.23
CH,2017,05,04,FALSE,4,484511.34
LU,2023,01,01,FALSE,10,17374319.5
FI,2021,07,01,FALSE,9,4757084
FR,2017,06,01,FALSE,26,14603559.92
NO,2016,08,09,FALSE,10,1240222.27
LV,2018,04,04,FALSE,8,5559552
ES,2019,10,06,FALSE,11,7435485.49
IE,2018,08,08,FALSE,3,747398
CH,2021,09,01,FALSE,20,17466506.36
BE,2021,07,01,FALSE,17,2785564.89
AT,2022,unresolved,01,FALSE,44,12737177.88
RO,2021,05,01,FALSE,2,483732.84
IT,2017,04,03,FALSE,8,7601334.54
FI,2020,10,10,FALSE,1,
GR,2023,04,01,FALSE,5,240000
SE,2023,09,08,FALSE,3,4939038.15
PL,2023,06,04,FALSE,34,18369901.2940496
ES,2020,06,04,FALSE,45,28997892.18
SE,2020,01,05,TRUE,13,57845643.2
BE,2021,06,04,FALSE,5,3765429.55
PT,2022,unresolved,07,FALSE,2,391307
NL,2019,06,04,FALSE,32,26180395.66
SK,2022,01,03,FALSE,2,
SK,2018,05,04,FALSE,8,2252000
ES,2019,01,09,FALSE,6,5542702.89
DK,2017,08,06,FALSE,11,8019319.14
AT,2016,07,10,FALSE,4,2061000
HR,2016,04,05,TRUE,32,63498087.21
RO,2022,unresolved,07,FALSE,4,2896075.39
FR,2019,10,09,FALSE,99,299679980.64
RO,2021,03,01,FALSE,33,55544497.84
DE,2017,06,05,TRUE,74,122358787.8
PT,2025,06,04,FALSE,4,4288858.1
GR,2020,05,07,FALSE,13,3259413.92
SE,2020,08,09,FALSE,25,37257458.48
MT,2018,09,01,FALSE,5,5430970
FR,2023,08,08,FALSE,3,441026
DE,2018,02,03,FALSE,46,9949460.85
FR,2024,01,07,FALSE,12,784705
HR,2024,unresolved,none,FALSE,34,12007498.25
PT,2022,unresolved,none,FALSE,304,348173125.18
SI,2017,01,none,FALSE,537,298402355.86
CH,2017,10,none,FALSE,25,29820274.5
NO,2018,09,none,FALSE,224,260841400.56
DK,2018,05,none,FALSE,216,407259154.36
EE,2022,10,none,FALSE,58,14264230.97
CZ,2021,10,none,FALSE,52,18653773.95
DK,2020,08,none,FALSE,48,112217894.55
SK,2021,09,none,FALSE,210,78360355.95
CY,2019,unresolved,none,FALSE,23,15153578.91
DK,2020,unresolved,none,FALSE,196,670675672.73
DK,2021,09,none,FALSE,200,370653691.16
SI,2016,09,none,FALSE,192,36382011.55
EE,2021,01,none,FALSE,271,94843880.87
HR,2017,unresolved,none,FALSE,178,86773885.2
LU,2020,02,none,FALSE,22,14646218.28
SE,2019,08,none,FALSE,153,196576980.06
BE,2022,08,none,FALSE,104,89775719.48
BG,2016,09,none,FALSE,230,27423637.06
LT,2017,06,none,FALSE,21,25476452.89
DK,2017,06,none,FALSE,201,729691322.03
SK,2016,10,none,FALSE,9,2377620
LV,2016,06,none,FALSE,32,44894291.71
BE,2016,03,none,FALSE,95,38099066.66
RO,2016,03,none,FALSE,183,21900734.37
IT,2023,03,none,FALSE,168,873734828.2
HU,2017,01,none,FALSE,156,283823254.01
FI,2016,08,none,FALSE,49,121349524.71
LV,2016,02,none,FALSE,45,109829705.73
SE,2016,10,none,FALSE,59,83814381.81
LT,2019,10,none,FALSE,45,35526117.44
NO,2016,06,none,FALSE,42,55315510.92
FI,2016,02,none,FALSE,54,43690474.33
SE,2017,06,05,TRUE,33,8083715.8
PT,2016,05,07,FALSE,6,5973751.96
BG,2018,09,01,FALSE,14,4300338.15
BE,2022,03,02,FALSE,17,4629238.24
DK,2023,06,none,FALSE,226,1658033595.97669
SK,2019,08,none,FALSE,20,185324439.65
PL,2022,09,09,FALSE,12,763508.4
DK,2017,07,04,FALSE,1,467539.59
CZ,2020,04,07,FALSE,10,1061615.15
GR,2016,10,none,FALSE,12,9066592.73
LU,2021,09,none,FALSE,35,35470381.31
LU,2021,03,none,FALSE,16,13076357.43
UK,2019,06,01,FALSE,37,33143984.48
NO,2020,unresolved,01,FALSE,15,2370835.97
RO,2022,08,06,FALSE,76,1021455566.87
CZ,2018,08,06,FALSE,30,7770047.11
ES,2021,04,04,FALSE,72,109172317.68
BE,2018,09,none,FALSE,250,257701109.3
SE,2021,05,04,FALSE,14,7545527.42
LT,2023,06,06,FALSE,2,
CY,2020,09,none,FALSE,19,42709947.35
CY,2020,03,none,FALSE,9,12962856.04
CH,2024,05,05,TRUE,1,3247969.5372658
AT,2025,01,01,FALSE,40,53862985.9962966
BG,2025,04,05,TRUE,52,29696214.6333981
HR,2025,03,04,FALSE,2,143310
NL,2025,10,01,FALSE,8,74601898
DK,2025,04,01,FALSE,17,751761081.182144
LU,2025,04,none,FALSE,52,150410613.46
HU,2024,08,05,TRUE,18,51259320.7654067
LU,2024,10,none,FALSE,9,3015866.05
LT,2025,10,none,FALSE,50,29952669.93
CZ,2025,05,06,FALSE,3,11880093.7366137
MT,2025,06,none,FALSE,51,88892528.67
RO,2025,07,07,FALSE,17,206367.207864937
SI,2024,05,04,FALSE,3,831238.02
PL,2024,09,10,FALSE,3,988117.148324363
HU,2024,04,03,FALSE,2,220881.292082741
DK,2024,02,01,FALSE,3,670278.082417391
RO,2025,01,09,FALSE,4,22980.6502580983
LU,2016,08,none,FALSE,7,155196
SI,2020,03,none,FALSE,50,15246848.37
MT,2020,09,none,FALSE,22,11647542.86
UK,2022,07,none,FALSE,104,435183276.39
LU,2016,09,none,FALSE,18,11915527.89
GR,2019,03,none,FALSE,58,82468636.86
CH,2024,09,01,FALSE,17,382489108.500456
BE,2024,07,10,FALSE,6,2769670.02
IT,2024,08,06,FALSE,73,95546949.05
NL,2024,02,03,FALSE,10,13372488
PT,2025,01,04,FALSE,28,22970618.14
NL,2025,01,03,FALSE,5,900913.76
FR,2024,07,09,FALSE,6,870000
HU,2025,unresolved,none,FALSE,14,18176473.7934611
RO,2023,05,04,FALSE,12,40446380.5183917
SI,2025,07,10,FALSE,12,479576.77
DE,2021,unresolved,06,FALSE,5,3388731.51
UK,2020,02,03,FALSE,9,987766.4
SI,2022,02,04,FALSE,5,1877985.33
ES,2020,07,04,FALSE,19,9217639.61
UK,2017,04,05,TRUE,54,76878224.24
DE,2020,07,08,FALSE,4,
LT,2019,05,01,FALSE,2,828850
LT,2016,01,08,FALSE,15,1265358.87
PT,2017,05,07,FALSE,6,940932.94
IE,2023,03,none,FALSE,48,66825500
RO,2018,05,04,FALSE,20,82492252.89
PL,2023,03,03,FALSE,5,418057.2
CZ,2017,07,10,FALSE,4,
NL,2019,04,01,FALSE,15,12800000
BE,2018,05,04,FALSE,13,10152631.09
SE,2023,07,09,FALSE,3,517423.04
HR,2018,unresolved,04,FALSE,8,787199.72
BG,2021,01,01,FALSE,18,3153882.51
BG,2019,04,06,FALSE,8,5434426.54
PT,2022,08,06,FALSE,14,10527726.51
FR,2017,04,09,FALSE,2,6727.91
DE,2021,06,03,FALSE,6,1033014.78
FR,2021,09,04,FALSE,10,16989862.8
UK,2020,10,09,FALSE,9,40031947.84
GR,2017,09,01,FALSE,6,170775.2
HU,2016,08,09,FALSE,9,3185125.18
PL,2022,09,04,FALSE,7,4795183.44
PL,2022,03,02,FALSE,17,15366329.57
CZ,2019,02,04,FALSE,14,7421402.69
SI,2016,04,05,TRUE,11,7514716.79
HR,2020,04,01,FALSE,18,21135065.1
DE,2017,07,10,FALSE,49,47264169.95
NO,2022,07,01,FALSE,6,9317839.67
FR,2020,07,05,TRUE,7,1338050
IT,2021,08,05,TRUE,33,166672618.93
FR,2019,09,03,FALSE,7,48500
IT,2022,06,07,FALSE,1,737240
IT,2016,05,01,FALSE,5,4739223
PL,2016,05,07,FALSE,5,1635738.82
SI,2023,08,none,FALSE,32,8854143.09
LT,2021,03,04,FALSE,4,
ES,2017,09,10,FALSE,4,2843120.04
HU,2017,04,04,FALSE,8,4787870.49
DK,2022,05,01,FALSE,4,
NL,2023,03,02,FALSE,26,23331199.9
PT,2023,02,03,FALSE,6,3150518.65
EE,2024,07,06,FALSE,1,
NL,2025,03,02,FALSE,22,115660864
FR,2025,09,05,TRUE,5,2027101
SE,2024,06,01,FALSE,11,18552653.4391738
IE,2025,04,03,FALSE,6,212464468
DE,2025,08,03,FALSE,4,458542.92
FI,2024,08,01,FALSE,10,23060300
RO,2025,07,05,TRUE,2,
ES,2024,01,08,FALSE,31,17440244
FR,2020,10,08,FALSE,6,1316858
RO,2016,07,07,FALSE,9,160541.42
IT,2016,04,04,FALSE,26,310066697.84
FR,2016,10,09,FALSE,36,41600147
CZ,2022,08,05,TRUE,9,105823.71
SI,2018,03,none,FALSE,42,10945730.71
GR,2022,01,01,FALSE,23,86064909.92
IT,2016,unresolved,05,TRUE,4,532630.8
HU,2018,unresolved,04,FALSE,9,12280187.61
DE,2022,10,05,TRUE,8,3092086.17
ES,2022,07,04,FALSE,37,41050112.81
SK,2019,06,04,FALSE,1,
FR,2016,05,06,FALSE,12,9006625.15
RO,2018,05,06,FALSE,3,7219993.8
SE,2022,09,01,FALSE,14,15473307.94
HU,2023,unresolved,05,TRUE,3,26886.28
UK,2021,08,01,FALSE,3,298456.84
HU,2017,04,01,FALSE,22,11825112.6
ES,2022,08,05,TRUE,6,2826578.49
UK,2017,unresolved,04,FALSE,12,5005490.09
PL,2016,03,09,FALSE,1,938302.16
IT,2020,unresolved,09,FALSE,1,249633.6
CZ,2021,07,07,FALSE,7,626730.35
DE,2022,07,03,FALSE,15,4187102.6
RO,2021,02,01,FALSE,15,12537013.67
SE,2017,04,01,FALSE,15,3628190.05
NO,2021,07,01,FALSE,11,10551252.99
DE,2019,10,09,FALSE,1,
GR,2020,08,09,FALSE,11,1470608.32
FR,2018,02,03,FALSE,27,13417277.99
NO,2016,06,05,TRUE,14,3751754.5
CZ,2019,10,07,FALSE,4,86302.6
BE,2022,07,10,FALSE,7,28018608.93
DK,2020,04,01,FALSE,9,36713663.23
CZ,2024,08,01,FALSE,10,11631059.1926388
NO,2023,unmapped,none,FALSE,2,819859.200619121
CZ,2020,07,10,FALSE,6,1526583.74
EE,2017,01,08,FALSE,1,
IT,2022,04,08,FALSE,2,32836793.36
GR,2016,06,none,FALSE,18,39463696.81
FI,2025,04,05,TRUE,10,13183090
LV,2024,04,04,FALSE,8,2613098.3
GR,2025,04,01,FALSE,8,35251199.45
FR,2025,07,03,FALSE,8,199444
DE,2021,09,09,FALSE,12,2017941.71
BE,2025,02,04,FALSE,3,14399750.39
SI,2025,10,01,FALSE,3,1365176.03
EE,2024,08,01,FALSE,3,2092896
CH,2025,05,04,FALSE,11,3841681.45659364
CZ,2024,05,05,TRUE,19,6763315.01257165
HU,2024,09,04,FALSE,10,8181986.14536271
SI,2025,08,09,FALSE,6,2522900.07
CZ,2024,09,06,FALSE,5,89726.1302720772
ES,2022,05,01,FALSE,16,12062587.95
NO,2020,05,06,FALSE,6,8849513.1
LV,2022,01,04,FALSE,9,1452759
SE,2018,02,09,FALSE,1,
CZ,2020,07,04,FALSE,20,4827862.89
IE,2024,09,03,FALSE,1,35000
ES,2024,06,04,FALSE,39,47639404.7928
PL,2024,08,09,FALSE,26,8397912.86528769
BE,2025,unmapped,none,FALSE,6,491974.45
UK,2017,06,06,FALSE,3,2565817.24
GR,2020,06,01,FALSE,3,2589540
DE,2018,09,05,TRUE,10,5062619.14
SI,2019,05,04,FALSE,6,311968.6
UK,2021,06,05,TRUE,6,8783154.96
BG,2016,10,04,FALSE,4,18918.09
BE,2016,05,06,FALSE,6,656883.41
CZ,2023,07,10,FALSE,7,9401154.64429694
CZ,2016,09,04,FALSE,6,1390711.21
PL,2021,unresolved,08,FALSE,6,4099286.4
SK,2022,04,03,FALSE,2,479325
LV,2021,10,03,FALSE,2,
PT,2019,02,03,FALSE,11,1513626.88
FR,2016,07,05,TRUE,5,309752.56
LT,2020,01,04,FALSE,8,2063159.84
DK,2021,01,01,FALSE,3,1600749.09
MK,2025,01,04,FALSE,3,
IT,2025,07,01,FALSE,16,21990201.8
FI,2025,08,06,FALSE,8,8989779
UK,2020,06,05,TRUE,10,22468504
UK,2017,07,05,TRUE,2,
LT,2021,06,01,FALSE,5,240000
AT,2017,07,10,FALSE,15,12026462.96
UK,2017,06,04,FALSE,17,417443833.13
CH,2018,07,04,FALSE,7,3889724.16
FI,2021,09,04,FALSE,2,152900
MT,2018,08,06,FALSE,1,9900
HU,2020,03,03,FALSE,1,
ES,2019,08,05,TRUE,9,4033772.87
BG,2022,unresolved,05,TRUE,8,974864.5
IT,2017,unresolved,08,FALSE,2,1600000
UK,2016,04,06,FALSE,2,
NL,2020,02,01,FALSE,3,1250000
PL,2020,08,09,FALSE,17,1724450.48
NL,2020,05,06,FALSE,10,2301050
LT,2022,03,03,FALSE,4,251352.46
SI,2021,01,08,FALSE,2,1063450.18
MT,2018,01,03,FALSE,4,112919.39
PL,2018,06,08,FALSE,1,295327.14
IT,2018,05,01,FALSE,10,3695691.81
PL,2023,02,01,FALSE,30,120948754.291251
PT,2023,02,01,FALSE,3,2677455.24
IT,2021,10,06,FALSE,3,10575959.2
DK,2023,08,06,FALSE,5,71615162.45
NL,2017,03,01,FALSE,18,4217698.55
DE,2023,08,08,FALSE,3,
CY,2023,02,none,FALSE,20,4106661.08
DK,2025,02,03,FALSE,6,1111794750.11888
BG,2025,01,09,FALSE,2,541159.627773801
LV,2024,05,08,FALSE,3,617460.88
LT,2025,09,01,FALSE,16,10584802.16
FI,2023,01,05,TRUE,6,1812320
PT,2022,unresolved,04,FALSE,17,51448603.83
BG,2023,05,01,FALSE,8,76936.2287125473
PT,2018,01,04,FALSE,13,4476006.62
IE,2021,07,05,TRUE,2,
CH,2019,10,01,FALSE,2,1043300.07
MT,2023,05,07,FALSE,1,218920
IS,2019,08,none,FALSE,1,2480827.51
MK,2022,05,none,FALSE,7,239308.2
UK,2018,unresolved,01,FALSE,23,192295239.85
RO,2017,09,04,FALSE,4,675397.61
FR,2022,07,05,TRUE,7,1.56e+08
ES,2022,04,09,FALSE,12,10279329.81
BE,2018,06,09,FALSE,1,709467.4
UK,2021,07,07,FALSE,2,9306654.26
CZ,2018,10,07,FALSE,5,95198.06
LT,2022,unresolved,05,TRUE,9,1321207.49
DK,2020,06,04,FALSE,3,1716718.5
IT,2019,06,04,FALSE,18,209125760.87
UK,2021,03,02,FALSE,7,11282853.65
CZ,2019,10,04,FALSE,1,498636.54
SK,2023,07,01,FALSE,7,13980408.65
IT,2025,04,03,FALSE,11,5374564.41
BE,2023,10,04,FALSE,1,
SK,2020,01,05,TRUE,1,
BG,2019,10,10,FALSE,5,266372.74
SE,2017,06,01,FALSE,4,27041.96
NL,2022,07,04,FALSE,1,
LT,2020,07,04,FALSE,12,806627.18
ES,2018,10,07,FALSE,1,99905.62
CZ,2021,10,07,FALSE,3,458902.34
SI,2021,01,04,FALSE,9,1216082.85
CH,2020,04,03,FALSE,5,4799627.26
FR,2016,06,03,FALSE,6,1257664.52
LT,2020,02,02,FALSE,2,
BG,2022,03,02,FALSE,10,951692.4
BG,2023,09,08,FALSE,6,545785.36
LT,2016,unresolved,01,FALSE,13,2807127.32
HU,2019,02,03,FALSE,3,5918431.46
PT,2021,01,08,FALSE,4,1571998.24
NL,2016,02,03,FALSE,5,
CH,2022,09,01,FALSE,12,9186468.18
LT,2022,05,05,TRUE,2,11168362.15
SE,2021,06,08,FALSE,3,1306972.84
CH,2021,07,01,FALSE,11,21024090.44
GR,2022,unresolved,08,FALSE,7,425760
LV,2019,06,06,FALSE,2,240000
HU,2017,unresolved,07,FALSE,1,174313.53
HR,2024,01,05,TRUE,2,828000
UK,2021,09,01,FALSE,13,7916044.53
ES,2018,02,02,FALSE,1,449200
DK,2022,08,09,FALSE,1,273824.12
IT,2021,03,07,FALSE,1,38612600
UK,2019,unresolved,04,FALSE,14,4541770.05
IE,2023,05,05,TRUE,4,2468907
NL,2024,08,01,FALSE,2,2100000
LU,2023,08,none,FALSE,11,10430802.85
SI,2018,01,01,FALSE,25,33231602.27
FR,2018,05,06,FALSE,14,8763422.58
RO,2022,05,03,FALSE,1,702257.44
FR,2016,03,07,FALSE,5,4125580.85
DK,2022,09,05,TRUE,1,
AT,2016,05,06,FALSE,1,287500
HR,2022,01,05,TRUE,4,256362.57
DK,2018,04,01,FALSE,9,999570.65
GR,2025,05,07,FALSE,3,1197817.74
DE,2024,unresolved,04,FALSE,7,106956722.5
ES,2024,08,01,FALSE,6,5531273.53
CH,2019,02,none,FALSE,7,4495951.97
IT,2025,05,01,FALSE,12,144160880.14
NL,2024,09,09,FALSE,3,
SK,2021,unresolved,05,TRUE,4,556495.06
DE,2020,03,07,FALSE,14,72950000
DE,2017,10,09,FALSE,2,487920
EE,2016,unresolved,09,FALSE,1,388860.15
HR,2020,07,04,FALSE,2,339314.2
DE,2021,08,03,FALSE,3,696227.43
AT,2020,01,05,TRUE,2,1349021
SK,2023,03,02,FALSE,5,2013829
IS,2018,01,01,FALSE,5,2189794.76
ES,2019,10,04,FALSE,2,950214.32
PT,2017,07,04,FALSE,3,121677.96
MT,2021,01,05,TRUE,3,499792.52
CZ,2018,02,03,FALSE,14,8239260.92
CZ,2018,01,06,FALSE,1,233945.49
RO,2017,02,05,TRUE,3,494164.3
ES,2017,05,06,FALSE,12,23585100.38
GR,2019,09,09,FALSE,3,255688.56
CZ,2019,04,09,FALSE,4,180796.46
UK,2022,unresolved,01,FALSE,2,2210330.39
NL,2022,unresolved,06,FALSE,1,
GR,2020,01,01,FALSE,5,2805658.16
FR,2018,04,07,FALSE,3,585869.72
DE,2021,02,06,FALSE,1,
HU,2022,08,01,FALSE,2,248180.85
NO,2023,02,04,FALSE,4,2822698.45929169
PL,2021,03,04,FALSE,9,2658903.61
HR,2020,04,03,FALSE,5,5518868.57
LT,2021,10,04,FALSE,4,11784482
FR,2020,04,06,FALSE,12,27561876.36
CY,2019,01,01,FALSE,8,2618706.12
IT,2018,09,09,FALSE,1,890000
HU,2019,01,01,FALSE,4,1633095.96
BE,2022,06,05,TRUE,8,8413679.75
LT,2020,07,10,FALSE,3,124480
NL,2016,01,05,TRUE,4,
IT,2017,unresolved,05,TRUE,4,14068007.65
SK,2021,07,04,FALSE,2,
PL,2019,03,03,FALSE,5,9690654.99
NO,2017,unresolved,08,FALSE,1,
RO,2023,unresolved,05,TRUE,4,951610.65
PL,2019,unresolved,05,TRUE,6,892569.56
FI,2021,06,04,FALSE,8,1736500
IT,2016,10,07,FALSE,6,14387903.58
PL,2021,09,08,FALSE,5,505448.38
FI,2021,03,01,FALSE,2,450000
MT,2016,06,none,FALSE,4,857882.16
PL,2023,09,08,FALSE,10,1550000.14893002
HU,2021,unresolved,09,FALSE,3,953001.04
LV,2016,03,04,FALSE,2,121137
SE,2017,01,03,FALSE,11,10171145.08
NO,2025,08,05,TRUE,3,11453865.0363234
SK,2023,06,none,FALSE,19,12921042.31
MT,2021,02,none,FALSE,2,
CZ,2024,10,04,FALSE,2,585314.132525163
NL,2023,01,03,FALSE,3,485000
BE,2025,09,10,FALSE,1,
MT,2023,02,none,FALSE,5,4043400
ES,2025,03,01,FALSE,7,4335091.21
MT,2024,06,04,FALSE,1,963585.31
PT,2024,10,01,FALSE,8,7547158.54
LV,2024,10,09,FALSE,5,2300400
PL,2025,10,04,FALSE,3,9171.30427703188
SK,2025,01,05,TRUE,2,274814.62
CH,2020,05,05,TRUE,2,634906.62
SE,2025,04,03,FALSE,7,3279715.71725698
LT,2024,05,07,FALSE,1,108900
LT,2019,10,10,FALSE,1,931316.4
LU,2019,01,01,FALSE,5,797981.11
AT,2017,unresolved,04,FALSE,14,32402265.16
RO,2021,08,05,TRUE,2,312865.91
ES,2018,unresolved,03,FALSE,3,1922501.87
UK,2022,02,04,FALSE,1,3669148.44
CZ,2019,07,03,FALSE,1,112582.78
CZ,2023,08,04,FALSE,2,308011.73
DK,2017,03,04,FALSE,3,322641.36
DK,2022,03,04,FALSE,1,
PT,2024,unresolved,04,FALSE,3,916049.4
BG,2024,07,05,TRUE,3,423579.854790879
SI,2024,08,09,FALSE,7,3920048.14
DE,2023,08,03,FALSE,2,158132.2
FI,2016,unresolved,01,FALSE,7,1627787
MK,2023,unresolved,06,FALSE,1,148889.7
DE,2017,07,07,FALSE,1,
LT,2021,08,06,FALSE,9,3076818.74
SI,2022,01,05,TRUE,1,548500
SK,2022,07,04,FALSE,3,
DK,2018,01,06,FALSE,2,166526.06
UK,2020,05,05,TRUE,3,1003914.24
FR,2018,05,03,FALSE,2,177067.5
IT,2017,01,03,FALSE,2,171500
IT,2017,10,06,FALSE,1,258070.34
BE,2020,04,06,FALSE,2,
PL,2019,01,05,TRUE,7,1824110.32
FI,2018,02,04,FALSE,2,180000
DE,2019,02,02,FALSE,2,
CZ,2022,10,01,FALSE,4,8416475.37
GR,2019,08,06,FALSE,5,879544.76
PL,2024,05,03,FALSE,7,19599294.4931651
SI,2016,02,04,FALSE,2,550558.15
IT,2018,03,02,FALSE,7,14056095.23
CZ,2021,10,09,FALSE,1,
BE,2020,06,06,FALSE,1,5092862.27
CH,2018,04,06,FALSE,1,507272.73
LT,2024,unresolved,01,FALSE,7,1667223.63
PT,2025,01,03,FALSE,3,1306019.35
IS,2017,09,none,FALSE,2,7228551.32
MT,2022,09,09,FALSE,8,
GR,2019,07,07,FALSE,6,508711.35
FR,2023,07,03,FALSE,5,2234354.41
PT,2024,03,07,FALSE,2,6e+07
SI,2024,06,04,FALSE,3,489956.92
SE,2022,05,08,FALSE,2,788449.22
UK,2021,09,08,FALSE,1,281875.29
LU,2021,08,09,FALSE,1,160113
HU,2023,02,06,FALSE,1,
IT,2016,03,02,FALSE,3,3695476.03
HU,2018,08,09,FALSE,4,1459002.14
GR,2016,unresolved,01,FALSE,3,923704.5
FR,2020,08,03,FALSE,3,20698830
LT,2018,06,05,TRUE,5,3477033.76
CH,2023,10,06,FALSE,10,8788429.69849916
FI,2018,06,01,FALSE,3,210000
GR,2022,09,04,FALSE,3,1009425
PL,2025,07,05,TRUE,3,521915.297465094
NO,2024,09,09,FALSE,1,
MT,2023,10,07,FALSE,1,1525700
MT,2016,04,05,TRUE,2,294000
SK,2021,unresolved,04,FALSE,6,579739.9
BG,2021,03,04,FALSE,4,4128375.89
HR,2019,10,07,FALSE,1,6500496.42
ES,2022,02,06,FALSE,2,190822.31
RO,2019,09,04,FALSE,1,2251701.68
AT,2025,06,05,TRUE,2,3492904.91
UK,2018,09,04,FALSE,11,1840872.65
EE,2019,06,04,FALSE,1,273439
SK,2025,05,07,FALSE,2,520368
IS,2018,06,04,FALSE,2,684770.51
CH,2017,03,01,FALSE,1,253950.4
IE,2021,04,03,FALSE,2,22910934.65
DE,2023,unresolved,06,FALSE,6,307565.46
AT,2023,09,08,FALSE,3,2155457.61
FR,2020,10,01,FALSE,9,8491734
LT,2017,unresolved,04,FALSE,2,41453500
LV,2021,08,09,FALSE,3,213054.45
PL,2018,01,09,FALSE,3,490764.84
UK,2022,unresolved,06,FALSE,1,
LT,2016,03,04,FALSE,2,103756.55
PT,2017,07,08,FALSE,1,206997
HR,2020,01,05,TRUE,2,206137.91
FI,2021,02,01,FALSE,4,6354224
LU,2017,08,08,FALSE,1,
NO,2017,08,01,FALSE,3,536078.05
MK,2019,02,08,FALSE,1,74625.17
CH,2025,04,06,FALSE,7,15001318.6312409
PL,2024,07,05,TRUE,6,1010498.90973751
PT,2020,01,03,FALSE,2,171133.45
MK,2021,04,05,TRUE,1,826787
DK,2022,unresolved,03,FALSE,3,1281133.12
IS,2017,07,none,FALSE,7,977200.04
BG,2020,09,04,FALSE,3,1081124.62
NO,2018,08,06,FALSE,5,2582169.32
AT,2025,01,08,FALSE,2,
BE,2018,05,01,FALSE,1,221908
HU,2018,06,06,FALSE,1,81676.48
FI,2018,10,10,FALSE,1,
MK,2016,03,02,FALSE,1,223207.86
NL,2016,04,03,FALSE,3,1400000
ES,2019,09,09,FALSE,1,
FR,2016,03,06,FALSE,2,4e+05
DE,2022,02,08,FALSE,1,
IT,2017,04,06,FALSE,5,17443578.69
UK,2016,05,03,FALSE,1,
FI,2021,07,08,FALSE,1,
RO,2022,05,01,FALSE,3,1515594.84
CY,2017,03,01,FALSE,2,471903.25
IT,2023,05,03,FALSE,3,11865917.21
IE,2024,03,09,FALSE,1,168000
BE,2024,05,06,FALSE,1,5279575
BG,2025,05,05,TRUE,1,480110.440740362
BE,2025,07,09,FALSE,1,245383.46
RO,2025,05,05,TRUE,1,24174310.0240134
DK,2019,01,08,FALSE,2,695142.04
EE,2017,02,03,FALSE,6,
PL,2023,08,04,FALSE,2,1273581.6017868
MK,2024,04,05,TRUE,1,1360000
MT,2024,09,01,FALSE,3,758922.8
AT,2016,07,01,FALSE,3,1204680
HR,2024,01,08,FALSE,2,816702.8
NO,2017,01,03,FALSE,7,5543971.05
CZ,2018,05,06,FALSE,2,913214.8
GR,2018,09,04,FALSE,1,158850
BE,2018,07,07,FALSE,1,
DE,2018,06,01,FALSE,2,
RO,2022,01,05,TRUE,6,2408329.05
HR,2023,unresolved,03,FALSE,1,255153.36
GR,2023,09,09,FALSE,1,115781.76
FR,2018,unresolved,06,FALSE,2,
LU,2023,06,03,FALSE,1,17956
CY,2025,08,05,TRUE,2,4412442
EE,2020,01,04,FALSE,2,7e+05
NO,2017,08,04,FALSE,1,290232.66
CH,2019,unresolved,03,FALSE,1,673306.41
IT,2021,09,01,FALSE,5,3089514.94
EE,2024,04,03,FALSE,4,142348
SI,2022,05,07,FALSE,1,
MT,2022,06,01,FALSE,1,30899.2
CZ,2023,08,09,FALSE,6,390113.970217137
EE,2021,01,04,FALSE,2,
LI,2019,01,01,FALSE,1,914059.69
UK,2017,04,07,FALSE,3,51365637.59
LV,2019,05,04,FALSE,2,1686513.2
DK,2019,unresolved,05,TRUE,1,
BE,2019,08,08,FALSE,2,8440079.28
IS,2020,06,none,FALSE,2,586504
BE,2019,05,07,FALSE,1,210737
NO,2017,02,03,FALSE,1,
AT,2021,unresolved,08,FALSE,1,
BE,2018,10,04,FALSE,1,1479223.28
IE,2024,unresolved,01,FALSE,2,
CY,2025,05,01,FALSE,3,190040
AT,2025,03,05,TRUE,1,
FI,2020,01,09,FALSE,1,2e+05
NO,2016,03,02,FALSE,2,1274406.39
PL,2016,07,05,TRUE,2,285725.84
GR,2019,01,05,TRUE,3,173212.9
UK,2021,01,03,FALSE,1,123983.02
IT,2016,04,08,FALSE,1,
IT,2019,unresolved,08,FALSE,5,1379309.4
FI,2025,02,04,FALSE,1,4017000
DE,2017,unresolved,06,FALSE,3,1626730
DE,2023,02,07,FALSE,1,
PT,2020,05,08,FALSE,2,696300
PL,2017,04,08,FALSE,1,105552.75
BG,2018,09,04,FALSE,5,979214.18
DK,2017,01,03,FALSE,3,1092678.73
AT,2020,10,09,FALSE,1,474095.5
BG,2020,unresolved,09,FALSE,3,307802.43
EE,2017,08,08,FALSE,2,313405.08
SK,2021,01,03,FALSE,2,
AT,2020,unresolved,06,FALSE,1,261296.32
FI,2024,02,03,FALSE,2,14789907
AT,2024,08,05,TRUE,2,3530176.36
PT,2025,05,07,FALSE,5,2354591.51
DK,2019,08,08,FALSE,1,661084.83
MT,2017,01,05,TRUE,2,31990
BE,2019,09,10,FALSE,1,
RO,2023,03,07,FALSE,1,261513.19
ES,2017,10,07,FALSE,1,5308965
SE,2020,07,09,FALSE,2,2861284.91
UK,2017,07,09,FALSE,4,4002062.81
SE,2025,10,10,FALSE,2,
SI,2025,07,03,FALSE,3,731568.17
BE,2023,03,05,TRUE,1,302371.4
SE,2019,unresolved,06,FALSE,1,
PT,2022,05,03,FALSE,1,244484
SE,2022,01,08,FALSE,3,512492
ES,2020,06,06,FALSE,2,779875.95
PL,2025,05,03,FALSE,1,992773.448220074
DK,2025,09,01,FALSE,3,4255485.5528998
LT,2025,04,07,FALSE,2,240081.72
DE,2025,10,08,FALSE,5,376526.94
PL,2019,08,03,FALSE,1,21485.2
DE,2019,07,06,FALSE,2,1160035.4
CY,2025,01,03,FALSE,1,27477
EE,2025,01,08,FALSE,1,215371
IT,2019,03,01,FALSE,3,1620769.1
MT,2017,05,01,FALSE,2,2049870
BE,2017,08,01,FALSE,3,224900
FI,2021,05,07,FALSE,1,556958
LT,2021,08,05,TRUE,1,289256.2
SI,2018,09,04,FALSE,1,
DK,2019,06,03,FALSE,1,319472.55
AT,2023,01,05,TRUE,4,1315629.7
BE,2021,10,07,FALSE,1,19510231.96
CH,2018,08,06,FALSE,2,717228.04
BG,2022,01,03,FALSE,1,45898.56
CH,2022,07,06,FALSE,1,1369899.18
CY,2023,05,04,FALSE,1,390620
FR,2023,03,03,FALSE,1,2556000
NL,2017,04,03,FALSE,4,
GR,2016,01,04,FALSE,1,203521.5
LT,2020,05,05,TRUE,1,120000
FI,2018,01,05,TRUE,1,1900000
SE,2020,03,07,FALSE,1,52456.89
BG,2021,10,04,FALSE,4,6135.6
FR,2022,03,03,FALSE,1,
CZ,2022,07,08,FALSE,2,54968.41
DE,2016,unresolved,06,FALSE,4,1414031.57
FR,2023,unresolved,09,FALSE,5,
HU,2019,05,05,TRUE,1,
NO,2023,05,07,FALSE,1,
LU,2019,08,08,FALSE,3,13052310.85
DK,2016,03,06,FALSE,1,
RO,2017,01,07,FALSE,2,6262215.64
FI,2017,09,04,FALSE,4,1458891
HU,2022,07,03,FALSE,1,
SE,2021,03,05,TRUE,1,246390.38
GR,2023,07,01,FALSE,5,752263.58
IT,2022,10,01,FALSE,1,1200000
BG,2025,03,06,FALSE,1,766949.585847224
HU,2024,08,08,FALSE,1,2672873
IS,2024,01,05,TRUE,1,3403026.79149532
SI,2024,09,05,TRUE,2,1397304.42
CY,2022,05,07,FALSE,1,12917465
FR,2025,unresolved,09,FALSE,1,770000
GR,2025,unresolved,08,FALSE,1,219600
LT,2024,09,08,FALSE,1,284000
IE,2025,unresolved,01,FALSE,1,38526
PL,2024,03,09,FALSE,2,672618.522783354
GR,2024,03,01,FALSE,1,970920
PT,2018,03,04,FALSE,1,3156341.4
NO,2025,04,03,FALSE,2,5048463.80450767
LV,2024,01,09,FALSE,1,2e+05
FR,2024,09,06,FALSE,1,
CH,2017,03,04,FALSE,1,485027.44
ES,2017,02,02,FALSE,1,6964900
ES,2022,03,03,FALSE,2,426715.62
NO,2023,09,05,TRUE,1,138578.19
SK,2019,unresolved,05,TRUE,2,
HU,2018,07,04,FALSE,1,383338.15
CZ,2024,10,05,TRUE,1,96323.2000853336
PT,2022,10,07,FALSE,1,29280
DK,2016,05,06,FALSE,1,127504.97
SK,2018,unresolved,05,TRUE,1,
HR,2023,09,04,FALSE,1,219957
IE,2023,06,01,FALSE,1,5e+05
NO,2020,01,09,FALSE,3,610129.72
DE,2018,03,09,FALSE,1,423670
DK,2025,unresolved,09,FALSE,1,
CH,2024,01,09,FALSE,1,394388.122395998
HU,2025,01,08,FALSE,2,2550857
DK,2020,09,09,FALSE,1,
UK,2016,09,08,FALSE,3,292868.65
CH,2020,04,06,FALSE,1,
IS,2019,01,06,FALSE,1,364219.11
IE,2018,10,09,FALSE,1,1733040
EE,2020,06,01,FALSE,2,352912
GR,2022,unresolved,06,FALSE,1,473943.37
PT,2023,02,04,FALSE,2,8179732.87
IT,2021,05,08,FALSE,2,682342.3
IT,2017,07,05,TRUE,1,160000
NO,2017,03,04,FALSE,1,877812.8
SK,2019,05,07,FALSE,2,
LU,2020,05,01,FALSE,1,1e+06
PL,2019,10,01,FALSE,1,
FR,2024,03,05,TRUE,1,
MT,2025,09,01,FALSE,3,625531
NO,2024,06,04,FALSE,1,
HU,2019,unresolved,08,FALSE,4,2753885.34
MT,2018,08,09,FALSE,2,216406.76
CH,2018,10,04,FALSE,1,188623.38
EE,2023,06,06,FALSE,1,
RO,2023,05,06,FALSE,3,701697.65
CY,2019,01,04,FALSE,2,
RO,2020,06,03,FALSE,1,682065.02
ES,2022,06,07,FALSE,1,790497.2
CZ,2024,03,08,FALSE,1,
IT,2020,07,04,FALSE,2,648697.65
UK,2023,04,05,TRUE,3,13768990.51
PT,2024,07,04,FALSE,2,743897.09
UK,2016,05,08,FALSE,1,
IS,2020,01,05,TRUE,1,1413729.12
UK,2021,06,03,FALSE,2,1279664.96
PT,2018,unresolved,08,FALSE,2,275993
LU,2022,05,06,FALSE,1,262280
IT,2025,08,01,FALSE,2,717160
IE,2025,02,01,FALSE,1,6079571
SK,2018,08,01,FALSE,1,
AT,2021,01,08,FALSE,1,
DE,2021,03,09,FALSE,1,
EE,2023,07,09,FALSE,1,806800.67
SK,2024,02,04,FALSE,1,
FR,2024,03,03,FALSE,3,
DE,2016,06,07,FALSE,1,
UK,2017,10,07,FALSE,2,20039490.35
IT,2024,07,04,FALSE,1,355993.23
UK,2018,07,03,FALSE,3,3199431.56
FI,2018,04,03,FALSE,1,
DE,2020,07,06,FALSE,3,504201.68
EE,2025,09,06,FALSE,1,732012.45
BG,2018,09,09,FALSE,1,76694.96
MK,2023,unresolved,03,FALSE,1,100582.61
CZ,2023,unresolved,08,FALSE,2,2229259.57320413
SK,2017,09,10,FALSE,1,
FR,2021,07,06,FALSE,1,2126600
LU,2019,04,03,FALSE,1,
RO,2023,05,08,FALSE,1,1019018.5
LT,2016,06,05,TRUE,2,7633308.07
NO,2020,05,01,FALSE,1,2797776.7
ES,2024,10,10,FALSE,2,989388.84
DK,2022,08,08,FALSE,2,
RO,2017,01,05,TRUE,1,292093.55
BG,2022,07,09,FALSE,1,575212.19
GR,2021,unresolved,05,TRUE,2,72160
PT,2016,07,06,FALSE,1,3033.36
HU,2016,07,04,FALSE,1,635756.49
GR,2019,10,04,FALSE,1,1879837.8
IT,2016,unresolved,09,FALSE,1,60720
NO,2017,06,06,FALSE,1,5896858.58
RO,2021,09,06,FALSE,1,5618856.45
UK,2020,10,07,FALSE,1,
FI,2025,03,05,TRUE,1,2e+07
NL,2023,02,04,FALSE,1,
FI,2022,09,07,FALSE,1,
SE,2019,06,03,FALSE,1,14543256.75
MK,2019,01,06,FALSE,1,
SE,2018,09,05,TRUE,1,126726.65
FR,2023,09,10,FALSE,1,882108
SE,2023,10,07,FALSE,1,
PL,2025,06,none,FALSE,762,905409312.742987
HR,2025,01,none,FALSE,714,724429636.4
BE,2024,03,02,FALSE,13,561970.95
DE,2025,06,05,TRUE,205,140149351.15
CH,2024,01,none,FALSE,1619,9248090145.79515
PL,2024,04,none,FALSE,6112,26333862270.5276
BG,2024,03,none,FALSE,393,360156395.278658
LV,2025,07,none,FALSE,694,239608912
BE,2025,07,none,FALSE,854,631521482.73
FR,2024,05,none,FALSE,2612,7127293372.51
SI,2024,01,none,FALSE,531,981012578.6
DK,2025,06,none,FALSE,239,1930855351.6508
NL,2024,06,none,FALSE,260,2869585067.28
RO,2024,09,none,FALSE,1155,239571483.369825
FI,2024,09,none,FALSE,347,485374890.310464
NL,2024,04,none,FALSE,1107,4587721484.34
HR,2024,06,none,FALSE,131,269504990.41
LV,2024,05,none,FALSE,195,434991976.19
RO,2025,06,05,TRUE,32,490162043.099681
CY,2025,03,01,FALSE,6,4120488
PL,2024,01,01,FALSE,352,452824365.68734
CZ,2024,03,01,FALSE,87,149715883.321386
CH,2025,09,none,FALSE,326,1118939474.35237
GR,2024,08,05,TRUE,9,4165864.15
PL,2025,07,10,FALSE,111,182446331.32698
RO,2025,08,none,FALSE,95,325057472.445741
AT,2024,02,none,FALSE,57,281361722.2
GR,2025,05,04,FALSE,21,58641642.01
ES,2025,08,05,TRUE,14,3639028.67
IT,2025,02,none,FALSE,63,487343820.57
CZ,2025,04,01,FALSE,117,145087031.907801
PT,2024,03,none,FALSE,71,99357984.39
CH,2024,04,07,FALSE,1,242328.482713029
PL,2020,05,none,FALSE,3452,2746633978.97
BG,2022,07,none,FALSE,3080,1259341466.02
PL,2017,unresolved,none,FALSE,2210,5369417365.52
UK,2017,unresolved,none,FALSE,492,2433705357.8
SI,2018,04,none,FALSE,993,1119669554.45
DK,2020,01,none,FALSE,564,977969051.71
NL,2022,09,none,FALSE,1327,1377129773.67
SE,2016,09,none,FALSE,323,101463904.26
FR,2019,06,none,FALSE,3394,6507763243.28
UK,2019,08,none,FALSE,249,1034758688.61
DE,2016,04,none,FALSE,4624,7258008412.51
DE,2016,03,none,FALSE,1275,596980162.51
ES,2020,04,none,FALSE,3178,7993546843.38
PT,2020,09,none,FALSE,161,232826630.3
DK,2022,07,none,FALSE,469,523117557.52
DE,2017,04,none,FALSE,5532,7734327733.83
CZ,2021,04,none,FALSE,3888,6197398852.63
ES,2021,07,none,FALSE,4701,6330850413.44
IT,2021,unresolved,none,FALSE,1367,3953262906.63
DK,2016,05,none,FALSE,207,226950023.82
UK,2016,04,none,FALSE,1851,7365829860.88
PL,2023,09,none,FALSE,2684,804943276.333499
PL,2020,01,none,FALSE,1812,1126078746.24
CZ,2017,01,none,FALSE,1038,539781433.72
HU,2022,09,none,FALSE,264,501348679.65
FR,2021,05,none,FALSE,2705,5310250073.7
SI,2018,01,none,FALSE,1269,329153605.88
SE,2023,04,none,FALSE,1386,5811464684.2018
DE,2020,05,none,FALSE,2185,1391482502.16
SI,2020,04,none,FALSE,1303,1004104585.15
IT,2018,07,none,FALSE,1381,7801118136.32
BG,2016,06,none,FALSE,136,68939173.09
IT,2017,07,none,FALSE,1243,3533642169.74
AT,2020,01,none,FALSE,535,677522687.7
UK,2020,09,none,FALSE,1308,3986145832.91
BG,2023,09,none,FALSE,1251,181695972.866765
FR,2023,02,none,FALSE,524,1215109270.97
AT,2017,unresolved,none,FALSE,367,417174597.65
SI,2017,05,none,FALSE,208,51115169.12
DE,2019,08,none,FALSE,1124,705502086.27
DK,2019,04,none,FALSE,534,1578387808.28
FR,2017,06,none,FALSE,3305,4591746580.97
SE,2017,07,none,FALSE,844,1204771794.97
FR,2023,10,none,FALSE,528,1253336654.67
BG,2022,unresolved,none,FALSE,1361,459751959.81
RO,2016,04,none,FALSE,924,1125428276.04
BE,2017,unresolved,none,FALSE,453,784682770.03
FR,2016,08,none,FALSE,935,789917864.56
FI,2019,09,none,FALSE,283,384223039.72
DK,2022,04,none,FALSE,616,4211567175.69
EE,2021,08,none,FALSE,36,23256277.11
LV,2022,03,none,FALSE,155,34004303.34
ES,2018,06,none,FALSE,408,602141580.92
GR,2020,05,none,FALSE,207,207229623.66
BE,2018,05,none,FALSE,352,341446831.91
FR,2020,03,none,FALSE,680,594186708.53
HU,2020,04,none,FALSE,950,2564528686.82
MT,2017,09,none,FALSE,45,11633555.76
GR,2016,07,none,FALSE,138,34051543.88
CZ,2022,05,none,FALSE,478,523727854.7
DK,2019,02,none,FALSE,81,198230929.8
IT,2018,unresolved,none,FALSE,1031,2122130320.92
LT,2023,01,none,FALSE,802,291616366.58
DE,2021,04,04,FALSE,302,278427670.79
IT,2017,06,05,TRUE,16,16567131.67
CZ,2022,03,04,FALSE,267,3560578.95
GR,2022,06,04,FALSE,22,82661478.36
HR,2019,02,03,FALSE,12,49768988.79
UK,2020,07,01,FALSE,56,471242431.06
SE,2019,01,04,FALSE,74,136979175.57
FR,2019,unresolved,09,FALSE,6,381350
PL,2022,unresolved,01,FALSE,317,374113633.91
ES,2019,04,04,FALSE,72,83332960.58
PL,2020,07,10,FALSE,69,58837079.89
FR,2018,04,01,FALSE,110,35563155.57
RO,2022,03,01,FALSE,57,88845795.29
FR,2016,04,05,TRUE,93,152599391.88
IT,2018,06,none,FALSE,206,346154694.98
IT,2016,01,none,FALSE,1020,2000424122.36
LT,2019,02,none,FALSE,124,126202350.95
ES,2022,unresolved,none,FALSE,1185,2541075084.48
FI,2022,05,none,FALSE,173,179457643
MK,2019,01,none,FALSE,186,544359178.65
BG,2019,09,none,FALSE,372,85157907.4
CH,2020,01,none,FALSE,974,2442219384.28
IE,2018,unresolved,none,FALSE,173,124096553.56
FI,2017,01,none,FALSE,667,1205614518.27
LT,2020,05,none,FALSE,226,103447393.52
AT,2018,01,none,FALSE,350,447429661.07
BE,2019,10,none,FALSE,123,138956147.93
SE,2018,06,none,FALSE,468,1655792967.86
NL,2018,02,none,FALSE,126,37510387.28
NL,2022,03,none,FALSE,351,456777306.01
LV,2021,02,none,FALSE,222,68572323.69
RO,2016,07,none,FALSE,1305,142834856.11
FI,2021,02,none,FALSE,80,101960274.33
LU,2020,07,none,FALSE,67,242259754.02
LT,2018,unresolved,none,FALSE,173,130730426.68
EE,2016,02,none,FALSE,62,39291208.07
SI,2016,02,none,FALSE,43,36772222.29
AT,2022,06,none,FALSE,174,612698779.8
HU,2021,01,none,FALSE,323,821943043.53
CH,2017,05,none,FALSE,108,184863617.1
LT,2022,02,none,FALSE,110,168516803.12
GR,2023,04,none,FALSE,659,3180397161.94
BG,2020,08,none,FALSE,107,9038783.28
CH,2020,09,none,FALSE,268,241242983.48
ES,2018,03,none,FALSE,365,548900422.89
NO,2020,07,none,FALSE,366,627363618.04
CH,2023,10,none,FALSE,41,49070468.4295662
NL,2019,07,none,FALSE,377,194508555.8
RO,2022,02,none,FALSE,700,984791966.56
BG,2022,10,none,FALSE,97,22786030.66
NO,2022,08,none,FALSE,103,78878211.39
BG,2020,10,none,FALSE,103,19517100.74
IE,2022,03,none,FALSE,39,514040323.89
RO,2018,05,none,FALSE,129,522677425.92
EE,2020,03,none,FALSE,12,1230257.8
SK,2018,03,none,FALSE,62,101817180.91
LT,2019,09,none,FALSE,134,45745967.05
LV,2019,01,none,FALSE,326,166377247.1
BG,2016,05,none,FALSE,93,157458938.25
PL,2019,06,05,TRUE,148,197871697.07
GR,2022,08,09,FALSE,47,2786584.62
FR,2022,06,07,FALSE,25,4585405.84
RO,2021,08,09,FALSE,4,501510.77
BE,2018,08,06,FALSE,27,10231378.75
UK,2019,01,01,FALSE,110,62450447.35
DE,2023,07,01,FALSE,255,74521634.28
CZ,2021,01,04,FALSE,75,21750276.55
CZ,2021,08,05,TRUE,7,1131098.37
NO,2022,08,09,FALSE,17,8009781.66
FI,2022,07,10,FALSE,288,512409341
UK,2016,05,04,FALSE,14,29659416.53
RO,2023,04,07,FALSE,43,7324063.84
FR,2020,05,05,TRUE,14,5733101.2
PL,2023,unresolved,01,FALSE,311,408203934.795627
FR,2020,02,03,FALSE,29,124669355.78
CZ,2022,08,06,FALSE,73,50031607.18
FR,2016,07,07,FALSE,4,296557
BG,2023,01,05,TRUE,9,225243.285586461
DE,2017,01,04,FALSE,409,266137985.49
BG,2020,07,10,FALSE,9,232664.39
LT,2017,01,08,FALSE,10,336167.79
ES,2017,04,04,FALSE,58,169001167.14
DE,2016,10,04,FALSE,30,7540098.66
NL,2023,01,01,FALSE,161,129219828.19
CZ,2019,unresolved,04,FALSE,46,24656588.14
NL,2019,04,09,FALSE,7,2032010
DE,2020,08,04,FALSE,25,9329286.75
PT,2021,04,04,FALSE,16,24821581.81
RO,2019,06,04,FALSE,42,24833844.48
SK,2021,04,04,FALSE,12,11576260.9
FR,2021,unresolved,05,TRUE,17,4458956.83
SE,2016,10,10,FALSE,1,12440.73
CZ,2017,01,06,FALSE,1,375632
UK,2016,09,01,FALSE,47,37179833.16
EE,2016,01,01,FALSE,21,1547338.35
RO,2018,04,07,FALSE,24,3614928.16
SE,2017,05,04,FALSE,12,2658876.41
AT,2020,01,01,FALSE,12,123157536.42
DK,2018,04,05,TRUE,14,1449042.02
CZ,2022,unresolved,01,FALSE,147,65193989.62
SE,2016,03,02,FALSE,5,
IT,2019,01,04,FALSE,11,15448581.88
FR,2022,04,04,FALSE,83,40596943.02
NL,2022,06,04,FALSE,34,14384666.11
SE,2021,07,10,FALSE,43,151655166.8
NO,2020,07,01,FALSE,11,54115743.66
IE,2017,07,01,FALSE,9,28770000
SE,2021,09,06,FALSE,2,7552499.29
BG,2017,04,04,FALSE,77,33733761.43
CH,2021,03,01,FALSE,4,4127202.81
UK,2016,06,05,TRUE,15,47089257.84
DE,2023,02,03,FALSE,77,21309983
BG,2020,04,05,TRUE,58,36783452.36
DE,2021,05,07,FALSE,7,1010400
HR,2020,04,05,TRUE,30,23392005.25
FR,2022,07,10,FALSE,22,19419385
DE,2019,07,05,TRUE,14,8843456.05
FR,2018,01,05,TRUE,50,30726787.63
LT,2017,07,04,FALSE,1,62113.12
RO,2023,02,07,FALSE,2,198280.66
BG,2020,02,08,FALSE,1,98497.29
FR,2022,01,01,FALSE,322,263588015.88
HU,2019,01,04,FALSE,5,1324080.07
SK,2016,unresolved,04,FALSE,6,985382.28
AT,2023,unresolved,01,FALSE,37,32803427.92
ES,2021,05,08,FALSE,18,31977655.76
IT,2017,07,09,FALSE,2,360000
ES,2021,05,07,FALSE,18,24815820.07
ES,2020,01,06,FALSE,36,11586234.33
DK,2021,unresolved,04,FALSE,7,
IE,2018,01,01,FALSE,10,14894587
DE,2016,10,07,FALSE,7,909350.2
RO,2022,07,05,TRUE,3,817463.26
HR,2016,09,01,FALSE,1,172266.34
UK,2019,04,03,FALSE,25,97024102.44
FR,2019,01,03,FALSE,97,84617613.32
IT,2020,10,09,FALSE,11,8173583.94
UK,2019,02,01,FALSE,9,50864393.11
DE,2021,04,06,FALSE,18,1791976.29
FI,2023,07,10,FALSE,173,1207054333.42
PT,2023,04,05,TRUE,38,70190163.21
GR,2023,unresolved,01,FALSE,36,99266471.66
PL,2024,03,04,FALSE,57,185897283.601046
LU,2025,03,01,FALSE,5,3749570.5
DE,2025,08,06,FALSE,110,18450481.41
EE,2025,10,10,FALSE,2,
CH,2024,01,04,FALSE,32,47369479.5080792
LV,2025,03,none,FALSE,168,87318095.34
CZ,2025,07,05,TRUE,9,5680124.02832342
BE,2025,04,03,FALSE,3,87801.95
CH,2024,08,09,FALSE,10,12184196.7687583
DE,2024,03,07,FALSE,5,1.2e+07
RO,2025,01,01,FALSE,128,58994502.9292162
BE,2025,08,01,FALSE,3,
FR,2025,10,09,FALSE,78,194292198.6
EE,2025,07,01,FALSE,8,3250208
HR,2024,08,09,FALSE,3,1018864.67
PT,2025,08,05,TRUE,1,233728.64
IE,2019,08,none,FALSE,65,55573087.34
ES,2021,07,04,FALSE,32,20726649.66
ES,2016,01,09,FALSE,1,265692.33
CZ,2023,04,01,FALSE,136,95855796.609788
PL,2016,unresolved,01,FALSE,109,77653853.84
SE,2022,07,01,FALSE,40,201302058.27
IS,2020,04,none,FALSE,67,114954048.04
DK,2016,04,05,TRUE,21,47348126.34
FR,2016,05,05,TRUE,15,39079344.97
IE,2017,06,none,FALSE,10,39935383.3
FR,2021,03,04,FALSE,5,1488852
SE,2024,01,08,FALSE,5,
IT,2025,04,04,FALSE,41,973464361.166
DE,2025,05,01,FALSE,12,2639419.34
PL,2019,06,04,FALSE,25,17506547.35
PL,2021,10,none,FALSE,53,21990661.49
FI,2024,unresolved,none,FALSE,42,185725266.4
FR,2018,04,06,FALSE,26,11949338.18
UK,2018,06,03,FALSE,7,6906217.86
NL,2017,01,04,FALSE,21,4672760
DE,2020,01,08,FALSE,16,4623500.32
IE,2016,01,01,FALSE,21,39290325
GR,2023,05,01,FALSE,1,285000
SI,2023,04,03,FALSE,6,505600
BG,2023,07,01,FALSE,7,387014.006984354
PT,2024,04,05,TRUE,41,89700429.83
HU,2025,04,04,FALSE,15,12821230.6163361
EE,2025,06,06,FALSE,3,3822823.16
CZ,2024,03,03,FALSE,1,
FR,2025,01,08,FALSE,27,126603024.44
CH,2024,10,07,FALSE,26,39261163.0177722
NO,2020,06,04,FALSE,5,2959960.09
DE,2021,unresolved,05,TRUE,59,22747927.44
NO,2017,05,04,FALSE,6,14737668.05
BE,2020,03,02,FALSE,19,13505356.67
UK,2019,07,04,FALSE,11,13486664.66
PL,2021,09,03,FALSE,1,161986.55
DE,2022,09,05,TRUE,6,3897365.11
CZ,2022,02,03,FALSE,35,18372383.66
CZ,2017,08,05,TRUE,5,160140.16
MT,2023,01,01,FALSE,10,2604549.8
ES,2022,04,03,FALSE,34,74267294.41
FR,2020,06,05,TRUE,68,113996036.54
BE,2022,unresolved,04,FALSE,11,57911595
ES,2022,05,03,FALSE,5,1110675.27
CH,2023,04,03,FALSE,10,7931943.91045633
MT,2017,01,04,FALSE,4,63111
IE,2021,01,04,FALSE,5,874491
FR,2019,06,07,FALSE,21,4991871.96
MT,2022,01,01,FALSE,6,1422515
UK,2017,04,03,FALSE,22,38451112.65
RO,2016,03,04,FALSE,9,1815728.15
ES,2022,01,07,FALSE,7,549103.98
PL,2018,01,05,TRUE,4,452380.4
RO,2017,07,07,FALSE,15,772322.7
LT,2019,03,03,FALSE,1,170071.21
FR,2018,01,08,FALSE,27,467166994.76
RO,2021,07,01,FALSE,16,4501748.5
SE,2020,01,08,FALSE,8,4974740.62
ES,2018,05,08,FALSE,16,38144798.26
ES,2023,07,03,FALSE,1,274555.6
IT,2023,04,07,FALSE,5,3999768
PT,2024,05,05,TRUE,2,736125
SE,2018,08,none,FALSE,145,227270653.74
HR,2019,03,none,FALSE,66,33713684.36
RO,2016,08,none,FALSE,36,20970496.21
LT,2016,06,none,FALSE,23,14264133.59
RO,2017,10,none,FALSE,128,8131872.94
CH,2018,07,none,FALSE,309,684080167.72
MT,2018,05,none,FALSE,51,14419044
LT,2018,05,none,FALSE,176,110851697.49
PT,2019,09,none,FALSE,141,133278215.85
HU,2022,05,none,FALSE,210,315705054.14
GR,2020,06,none,FALSE,76,105124952.37
GR,2019,08,none,FALSE,127,50183495.05
NO,2019,06,none,FALSE,49,81012998.35
HU,2019,05,none,FALSE,125,374810787.27
CY,2017,05,none,FALSE,10,5071001.32
UK,2023,06,none,FALSE,257,375290529.353102
EE,2016,09,none,FALSE,119,16042916.68
BE,2018,08,none,FALSE,84,366111149.3
SI,2023,02,none,FALSE,93,88501914.98
RO,2017,02,none,FALSE,174,204726729.73
DK,2017,03,none,FALSE,44,125813568.78
MK,2022,unresolved,none,FALSE,17,2338636.92
SK,2020,02,none,FALSE,31,2076818.32
HR,2020,02,none,FALSE,11,4335427.55
SE,2024,05,04,FALSE,12,65926922.8423197
NO,2024,06,05,TRUE,14,29605343.2531934
BG,2022,06,none,FALSE,302,92792375.09
LT,2022,05,07,FALSE,5,1358726.8
IE,2020,09,01,FALSE,10,1370618
IT,2022,04,03,FALSE,6,1805700
SE,2021,01,09,FALSE,7,121816074.44
ES,2019,05,04,FALSE,40,30467233.44
AT,2018,04,05,TRUE,11,29151009.47
SE,2017,unresolved,04,FALSE,11,1292357.1
BE,2016,05,04,FALSE,12,9093545.26
NL,2020,01,01,FALSE,146,85020569.77
CZ,2022,01,04,FALSE,94,13720493.85
SK,2022,08,none,FALSE,56,147291301.5
CH,2018,06,none,FALSE,115,178623033.44
EE,2018,02,none,FALSE,62,6157267.66
NO,2016,02,01,FALSE,4,1165.69
HU,2021,04,05,TRUE,28,243121927.02
UK,2020,10,10,FALSE,7,17809205.35
CZ,2023,06,none,FALSE,120,280225903.757555
ES,2020,05,06,FALSE,7,4180717.7
NL,2016,09,09,FALSE,3,
ES,2019,09,03,FALSE,8,2176682.24
IT,2021,08,09,FALSE,14,13208018.02
LV,2016,07,10,FALSE,5,3103098.29
CZ,2021,09,04,FALSE,16,2796916.59
BG,2017,01,01,FALSE,22,1721065.9
NO,2023,05,05,TRUE,4,2243932.75840827
LV,2023,04,01,FALSE,14,7766424.51
DE,2021,02,04,FALSE,22,20359932.23
MT,2017,06,none,FALSE,12,2329756.38
HU,2019,10,none,FALSE,21,31741984.76
SI,2018,06,04,FALSE,2,559456.52
DK,2022,10,07,FALSE,2,288968.7
CZ,2017,07,07,FALSE,5,1174674.5
SK,2016,02,none,FALSE,25,3753426.96
CY,2019,02,none,FALSE,16,4593449
MT,2019,06,none,FALSE,33,26192963.93
IE,2019,unresolved,01,FALSE,19,25247750.75
HU,2021,04,06,FALSE,6,898496.48
FR,2021,05,06,FALSE,8,5846844
ES,2021,06,01,FALSE,15,6087544.49
PT,2022,04,06,FALSE,1,130290
RO,2016,unresolved,01,FALSE,14,8885489.71
SE,2016,unresolved,01,FALSE,20,4889268.02
LV,2021,06,04,FALSE,3,347675.96
PL,2021,08,none,FALSE,305,361134324.22
BE,2018,02,none,FALSE,98,47905126.24
HR,2023,03,none,FALSE,95,64730107.59
DK,2024,08,09,FALSE,7,1418587.64710613
FR,2025,unresolved,none,FALSE,52,46823497.05
BG,2024,01,01,FALSE,104,52375144.2325391
PL,2024,unmapped,none,FALSE,17,4294165.21651562
CZ,2024,01,09,FALSE,4,308329.981702627
DE,2024,03,03,FALSE,3,446357.34
RO,2024,10,01,FALSE,1,199678.262618138
LU,2024,06,none,FALSE,30,27958918.49
LT,2025,06,05,TRUE,14,2356589.2
CZ,2024,06,05,TRUE,29,48655283.9623844
GR,2024,05,07,FALSE,8,4539753.96
LT,2024,05,04,FALSE,13,28126192.28
SK,2025,08,08,FALSE,1,
PL,2024,08,05,TRUE,28,48083786.2570659
LT,2025,08,06,FALSE,13,3242080.28
NO,2025,01,04,FALSE,15,22957595.0767547
HU,2025,08,06,FALSE,14,6918871.51084406
LT,2025,07,01,FALSE,32,24096637.5
GR,2024,01,01,FALSE,46,241848735.16
NL,2024,07,01,FALSE,9,8803830.28
PL,2025,07,04,FALSE,33,12787571.2282424
ES,2024,07,10,FALSE,27,111773776.34
FI,2016,10,none,FALSE,45,44406790
CH,2023,unresolved,none,FALSE,79,150140715.48
LI,2017,04,none,FALSE,1,475800
SI,2022,06,none,FALSE,43,57043685.71
LT,2018,10,none,FALSE,26,6714090.16
CY,2022,08,none,FALSE,5,346703
MT,2018,08,none,FALSE,16,1976899.08
HU,2020,02,none,FALSE,19,53260448.11
EE,2024,04,04,FALSE,10,9403215.77
IE,2025,04,01,FALSE,4,737984.51
BE,2025,05,04,FALSE,21,26403869.91
LI,2025,01,01,FALSE,3,4879184.87535678
DE,2024,10,06,FALSE,7,1610519.58
LU,2024,06,05,TRUE,2,8858706.1
PL,2023,05,04,FALSE,30,40065147.8973032
GR,2019,01,08,FALSE,1,
ES,2023,06,04,FALSE,49,70330187.07
LU,2022,06,03,FALSE,4,1117706.1
IT,2022,unresolved,08,FALSE,7,2206190.07
PT,2020,09,01,FALSE,5,1358705.07
SI,2020,04,04,FALSE,29,19967485.35
BE,2017,07,04,FALSE,8,14229247.86
PT,2017,01,01,FALSE,17,7585590.04
SE,2023,03,07,FALSE,3,
PT,2021,03,01,FALSE,8,4714308.38
FR,2022,04,06,FALSE,15,56374812.22
NO,2016,01,05,TRUE,2,
UK,2022,01,01,FALSE,2,29611233.14
AT,2016,08,04,FALSE,3,347549
IE,2018,04,05,TRUE,13,3765005
NO,2020,09,09,FALSE,4,923266.31
DE,2017,08,04,FALSE,30,11537417.81
AT,2018,01,01,FALSE,10,5198802.7
HR,2016,unresolved,09,FALSE,1,226100.59
CZ,2016,04,07,FALSE,2,202418.9
CZ,2023,04,07,FALSE,11,1253304.72000414
DE,2019,02,04,FALSE,34,25789280.7
PL,2016,05,01,FALSE,11,7853418.87
BE,2016,09,09,FALSE,4,
BG,2019,08,none,FALSE,94,10824400.9
UK,2017,07,04,FALSE,11,5175183.62
BE,2021,05,05,TRUE,9,627000
GR,2022,05,07,FALSE,14,2853459.44
LT,2016,09,01,FALSE,6,838557.51
MT,2016,10,none,FALSE,1,294925.25
LU,2021,04,05,TRUE,14,721499
DE,2023,10,05,TRUE,5,2446477.73
AT,2020,08,01,FALSE,1,406352
PL,2020,09,09,FALSE,8,1003554.02
DK,2023,03,none,FALSE,37,68939836.9581089
RO,2023,09,07,FALSE,11,912145.560964116
ES,2024,03,03,FALSE,2,609500
EE,2025,05,none,FALSE,69,75181675.81
DE,2024,09,10,FALSE,15,8647113.35
GR,2024,01,05,TRUE,13,11217383.64
RO,2024,07,04,FALSE,4,119597.885428983
BG,2022,06,04,FALSE,9,2572047.06
FR,2018,08,05,TRUE,15,3105465.71
HU,2021,01,01,FALSE,8,1533436.76
FR,2021,09,06,FALSE,1,
BG,2019,03,01,FALSE,15,6963911.61
AT,2022,04,01,FALSE,11,3869940.98
MT,2022,01,08,FALSE,1,209000
HR,2020,01,04,FALSE,9,844149.08
CZ,2016,03,02,FALSE,4,448738.62
IT,2018,07,08,FALSE,1,4543270.63
PL,2019,10,07,FALSE,3,
MT,2019,01,01,FALSE,9,1706315.22
SE,2021,06,04,FALSE,23,76364446.99
NO,2017,01,04,FALSE,15,19146493.63
AT,2019,10,01,FALSE,4,2129184
LT,2022,07,06,FALSE,7,115702.48
DE,2023,07,05,TRUE,20,11035496.9
SE,2016,01,05,TRUE,11,369631.11
SE,2020,03,02,FALSE,10,476221.77
HR,2018,04,04,FALSE,18,2406635.03
EE,2018,unresolved,08,FALSE,2,
CZ,2016,01,04,FALSE,19,2458801.62
NO,2021,08,09,FALSE,6,708431.32
CZ,2023,10,05,TRUE,7,781211.26
ES,2018,04,06,FALSE,6,3555456.21
SE,2021,07,05,TRUE,5,1758241.76
RO,2018,10,10,FALSE,1,29168.46
SI,2023,05,07,FALSE,2,462328
CY,2022,04,07,FALSE,1,
SE,2016,05,07,FALSE,3,316826.66
SK,2023,04,01,FALSE,17,130357636.03
EE,2017,unresolved,01,FALSE,20,1431252.02
DE,2016,03,01,FALSE,17,2832919.72
PL,2016,02,04,FALSE,6,15083972.09
PL,2022,08,01,FALSE,9,8572900.76
MK,2017,01,06,FALSE,1,96143.38
SE,2018,04,07,FALSE,3,243705.1
HU,2018,04,04,FALSE,14,12012991.63
HR,2019,02,04,FALSE,1,1595001
NO,2021,01,05,TRUE,6,1727013.86
IE,2016,unresolved,01,FALSE,15,8710705.91
FR,2016,04,06,FALSE,16,3662216.09
RO,2020,03,02,FALSE,7,10959991.68
DE,2022,07,08,FALSE,4,
PT,2023,08,none,FALSE,54,81106185.19
RO,2025,01,06,FALSE,3,352257.195554017
DE,2022,04,06,FALSE,16,5783509.79
PT,2018,05,06,FALSE,4,122035843.65
SE,2020,09,08,FALSE,3,816758.07
GR,2019,09,04,FALSE,3,571104.9
MK,2019,06,none,FALSE,26,15379279.5
IE,2021,06,none,FALSE,29,68876396.95
IS,2022,05,none,FALSE,5,22805966.61
DK,2021,04,04,FALSE,9,1325736.49
LT,2023,07,08,FALSE,1,
BE,2023,01,04,FALSE,12,31927613.91
DE,2024,09,09,FALSE,12,1169490.5
HU,2024,01,08,FALSE,4,1736927.47245185
AT,2024,03,01,FALSE,4,1227000
PL,2018,08,01,FALSE,4,440516.14
PL,2016,05,06,FALSE,3,7181643.45
UK,2018,03,03,FALSE,2,
LV,2018,01,04,FALSE,4,313788.64
NL,2016,06,05,TRUE,7,12463000
FI,2018,09,04,FALSE,5,1677500
CH,2022,09,06,FALSE,1,583387.29
PT,2023,06,05,TRUE,6,8543429.28
ES,2023,10,07,FALSE,3,7626869.35
IE,2016,10,09,FALSE,1,1377723
DK,2018,10,04,FALSE,1,
AT,2023,04,01,FALSE,25,33179189.8
DE,2016,09,03,FALSE,4,904373.05
PL,2022,unresolved,08,FALSE,4,2156148.64
IE,2016,01,05,TRUE,2,1023349.54
RO,2017,04,01,FALSE,5,3107653.96
SE,2021,04,09,FALSE,2,
CZ,2021,06,04,FALSE,5,2165244.65
LV,2022,08,06,FALSE,2,407000
HR,2016,06,01,FALSE,1,
CY,2022,09,none,FALSE,20,28218359.85
IS,2017,05,none,FALSE,8,12171148.71
FR,2022,03,01,FALSE,6,500649
DE,2022,07,06,FALSE,2,
ES,2020,03,01,FALSE,13,14237707.02
CZ,2019,05,06,FALSE,7,1099721.97
ES,2022,02,08,FALSE,2,234480.1
HR,2018,02,01,FALSE,2,332859.72
PT,2022,02,none,FALSE,34,37687802.74
MT,2022,03,none,FALSE,5,650150.02
MK,2024,unresolved,none,FALSE,1,
BE,2025,unresolved,none,FALSE,8,22602589.23
NL,2025,06,05,TRUE,8,8101588.66
PT,2025,05,05,TRUE,9,121799011.57
SE,2016,04,01,FALSE,4,
HR,2021,07,01,FALSE,9,5502781.76
ES,2016,05,06,FALSE,11,13725844.78
CZ,2023,03,05,TRUE,4,1132001.86556126
ES,2017,04,08,FALSE,3,2902460.22
LV,2021,04,04,FALSE,12,4863358.02
SI,2019,02,03,FALSE,9,9038024.91
SK,2017,unresolved,04,FALSE,7,398784
FR,2019,03,04,FALSE,3,460490
RO,2022,05,04,FALSE,11,30288866.37
SE,2019,09,04,FALSE,3,1180459.15
LT,2021,01,04,FALSE,9,1478921.49
NO,2023,03,02,FALSE,7,1543785.59671053
BE,2019,unresolved,04,FALSE,17,2666171.68
ES,2022,04,06,FALSE,13,5569040.59
IE,2016,06,none,FALSE,14,6596355
DK,2019,03,02,FALSE,32,103087802.52
CH,2018,01,06,FALSE,7,2310397.56
EE,2017,04,06,FALSE,1,356850
GR,2023,09,10,FALSE,1,
AT,2025,04,08,FALSE,3,2924095
IS,2025,05,04,FALSE,4,21161458.302031
IE,2025,07,01,FALSE,17,34154083
CZ,2025,06,01,FALSE,2,2631983.18130452
EE,2023,03,01,FALSE,2,133505.02
PL,2024,02,02,FALSE,10,722335.258593085
SE,2025,08,05,TRUE,1,
HU,2024,02,01,FALSE,4,66525576.4580754
DE,2025,unmapped,none,FALSE,6,190258.06
SE,2019,unresolved,01,FALSE,14,4740118.3
EE,2016,unresolved,06,FALSE,3,1689407.16
BG,2017,unresolved,05,TRUE,3,1709860.32
IT,2020,05,06,FALSE,6,1918080.8
LU,2016,10,01,FALSE,1,
PL,2018,10,10,FALSE,8,966936.43
PT,2022,02,01,FALSE,4,4217656.24
DK,2021,03,07,FALSE,1,
HU,2022,07,07,FALSE,1,420605.28
SK,2022,unresolved,03,FALSE,1,310502
SE,2019,09,01,FALSE,20,14071848.29
BE,2019,04,04,FALSE,9,309291676.43
BE,2022,07,04,FALSE,6,549305
AT,2019,02,03,FALSE,8,15607516
DK,2017,07,05,TRUE,3,1067069.08
DE,2023,05,08,FALSE,3,1744543.68
LU,2021,01,04,FALSE,10,7449541.29
HR,2023,05,01,FALSE,5,2586695.12
SE,2017,03,02,FALSE,6,594708.2
NL,2018,03,02,FALSE,13,1520000
HR,2016,01,06,FALSE,2,1472871.27
LU,2023,01,04,FALSE,14,19043982.06
PT,2025,09,03,FALSE,2,245375.61
PL,2019,01,03,FALSE,4,925831.06
CZ,2018,unresolved,06,FALSE,8,1537392.02
SE,2016,09,06,FALSE,1,
UK,2020,05,01,FALSE,4,1396709.87
SE,2023,07,04,FALSE,12,34471401.1848522
HU,2020,07,04,FALSE,3,2341607.71
LV,2019,02,03,FALSE,10,7361537.18
LI,2018,03,none,FALSE,1,450169.7
PL,2020,02,04,FALSE,7,13285191.84
HR,2021,05,01,FALSE,5,4191988.29
CH,2021,10,04,FALSE,2,727723.01
ES,2018,07,07,FALSE,5,9780566.98
BG,2022,03,06,FALSE,1,306779.83
SI,2024,unresolved,06,FALSE,1,513005.16
BG,2025,08,09,FALSE,10,1664701.60548113
RO,2022,03,08,FALSE,2,255597.89
HR,2018,01,06,FALSE,4,3443467.69
DK,2018,unresolved,09,FALSE,1,
BE,2021,01,06,FALSE,1,495867.76
SI,2023,09,01,FALSE,6,3323193.39
SK,2016,unresolved,08,FALSE,1,
GR,2023,06,05,TRUE,13,42142313.2
NL,2018,04,09,FALSE,4,1189000
LV,2017,09,07,FALSE,1,
GR,2017,06,05,TRUE,2,3981209.55
NO,2020,03,02,FALSE,1,
HU,2017,01,05,TRUE,3,323173.19
RO,2019,04,03,FALSE,6,3623725.39
BG,2016,01,01,FALSE,17,2015654.87
NL,2021,05,05,TRUE,6,1105875
CZ,2019,08,01,FALSE,7,482656.73
MK,2019,04,01,FALSE,5,1095314.28
AT,2019,unresolved,05,TRUE,2,663843
CH,2017,01,06,FALSE,3,1744994.85
MK,2020,04,04,FALSE,2,353707.62
IT,2023,05,08,FALSE,3,776952.42
CH,2022,02,none,FALSE,4,7769223.39
IE,2018,02,03,FALSE,3,2683800
LT,2016,10,01,FALSE,6,4148848.98
HU,2018,05,07,FALSE,3,1315752.66
RO,2020,unresolved,01,FALSE,19,14541086.21
BE,2024,04,06,FALSE,2,
CZ,2024,05,01,FALSE,12,2197041.84869975
DK,2023,06,06,FALSE,1,
ES,2018,07,09,FALSE,5,691168.5
CH,2020,08,06,FALSE,3,6736058.18
DE,2019,unresolved,08,FALSE,12,2001494
ES,2018,04,08,FALSE,6,968285.28
SE,2022,05,05,TRUE,15,6632473.25
NO,2024,05,06,FALSE,4,765271.332943776
MT,2025,01,05,TRUE,4,1578397.32
CY,2024,01,05,TRUE,3,2366907.35
MK,2022,03,none,FALSE,6,785778.84
PL,2023,unresolved,08,FALSE,13,19337117.3497746
GR,2024,08,06,FALSE,5,5203681.74
FI,2024,09,04,FALSE,4,463203
CH,2024,09,04,FALSE,3,279868.351313007
FI,2024,04,05,TRUE,15,10432377
BE,2019,01,06,FALSE,3,
RO,2016,03,01,FALSE,7,2395123.94
HU,2016,05,01,FALSE,1,
MT,2018,04,05,TRUE,8,3997472.38
PL,2021,08,07,FALSE,1,202181.72
HU,2019,07,01,FALSE,6,2689450.92
BG,2021,01,05,TRUE,4,694293.39
CZ,2020,05,07,FALSE,2,774531.7
FI,2021,10,01,FALSE,4,11550808
PL,2021,09,04,FALSE,5,2300766.94
IE,2021,07,01,FALSE,13,14272568
RO,2022,07,01,FALSE,8,2625597.04
CY,2018,06,05,TRUE,1,
EE,2019,08,06,FALSE,4,2716240.67
LT,2016,04,05,TRUE,9,3973545.11
CH,2017,07,04,FALSE,3,1236582.01
CH,2019,05,05,TRUE,3,40182.67
LT,2020,10,07,FALSE,2,495867.77
SI,2022,06,04,FALSE,2,
RO,2019,10,08,FALSE,3,286009.31
LU,2021,unresolved,01,FALSE,5,3523183.2
BE,2020,03,05,TRUE,1,
ES,2016,10,04,FALSE,2,3910741.89
DE,2016,08,08,FALSE,2,5146401
IS,2020,01,08,FALSE,1,131413.59
SI,2017,unresolved,03,FALSE,2,1343320.47
DE,2017,09,03,FALSE,5,871622.36
UK,2022,05,03,FALSE,1,23892.6
DE,2018,08,05,TRUE,13,3927670.47
DK,2018,01,09,FALSE,3,1074726.29
AT,2022,04,05,TRUE,19,7669226.97
SK,2023,05,01,FALSE,4,1338606.3
LV,2022,05,08,FALSE,5,1942472.3
ES,2017,10,01,FALSE,9,3905012.91
FR,2016,09,03,FALSE,1,
IT,2022,10,04,FALSE,1,861300
LT,2017,07,01,FALSE,4,1846475
FR,2022,10,03,FALSE,2,300583.38
CH,2022,08,06,FALSE,4,8399990.77
FI,2022,02,04,FALSE,6,8006480
LV,2016,02,03,FALSE,5,5594500.29
GR,2021,05,05,TRUE,1,2705705.45
NO,2020,03,01,FALSE,4,1059797.82
SE,2016,05,06,FALSE,2,
HU,2017,03,03,FALSE,1,
IE,2019,07,10,FALSE,1,
NL,2017,03,07,FALSE,1,
CY,2022,01,01,FALSE,5,7552206
IT,2022,08,04,FALSE,2,481218.72
FI,2017,10,01,FALSE,2,485000
LU,2025,04,05,TRUE,7,53842866
BG,2024,01,08,FALSE,2,2492279.37416914
SI,2025,02,01,FALSE,4,1566629.08145129
FR,2025,05,08,FALSE,5,798402.33
IT,2021,07,04,FALSE,1,1621561
SK,2023,01,05,TRUE,2,141646
RO,2025,08,08,FALSE,1,715534.621052388
ES,2025,04,06,FALSE,4,1153864.01
UK,2021,05,05,TRUE,1,552582.6
ES,2020,09,09,FALSE,5,1639000.86
UK,2020,10,01,FALSE,2,471188.04
FI,2021,08,06,FALSE,6,3273611
HU,2019,unresolved,04,FALSE,9,2119916.08
BE,2021,04,06,FALSE,1,
FR,2016,06,06,FALSE,1,106863
HR,2024,03,01,FALSE,5,10759984.91
LI,2024,04,none,FALSE,4,11884205.2760532
SK,2024,03,01,FALSE,4,255100
IT,2025,09,06,FALSE,2,27385711.22
FI,2025,07,05,TRUE,2,520000
MK,2022,04,05,TRUE,2,1621557.43
NO,2018,09,06,FALSE,2,145871.32
CZ,2022,07,06,FALSE,1,111466.46
SK,2020,04,03,FALSE,2,
NL,2019,04,06,FALSE,2,250000
NL,2022,unresolved,05,TRUE,1,760000
PT,2023,05,08,FALSE,3,775800
IT,2020,unresolved,08,FALSE,6,1122972.12
IE,2020,01,05,TRUE,5,945890
IT,2022,01,08,FALSE,4,33516600
FI,2016,05,07,FALSE,2,
DK,2017,09,04,FALSE,2,1747640.69
NO,2019,07,04,FALSE,1,
NO,2023,04,07,FALSE,3,328628.27
PT,2021,unresolved,05,TRUE,1,7524552.09
CZ,2016,01,06,FALSE,3,2175204.3
SE,2020,07,07,FALSE,2,209827.56
MK,2018,unresolved,06,FALSE,1,48771.37
BE,2020,05,03,FALSE,1,
CY,2024,08,06,FALSE,1,199024
IT,2024,03,01,FALSE,3,2122597.02
CY,2025,04,04,FALSE,3,4183430
LT,2019,06,05,TRUE,2,2131300
IE,2016,08,09,FALSE,3,795268.78
RO,2020,06,06,FALSE,6,1791983.79
UK,2019,unresolved,05,TRUE,1,472287.09
FI,2023,01,04,FALSE,13,9102335
UK,2017,01,04,FALSE,23,677689694.78
EE,2016,02,01,FALSE,3,
HU,2022,08,05,TRUE,18,40669074.99
ES,2024,07,08,FALSE,1,946056.59
IE,2024,05,07,FALSE,1,38888
SE,2020,10,07,FALSE,3,14306424.54
ES,2021,02,05,TRUE,1,177282.77
BG,2021,01,03,FALSE,4,7671.54
IS,2019,01,03,FALSE,1,2427210.37
BE,2018,02,01,FALSE,1,537190.08
RO,2019,03,05,TRUE,4,27161.4
BE,2022,05,07,FALSE,6,12968423.73
LT,2019,08,05,TRUE,3,548144.22
UK,2025,07,none,FALSE,2,999078.809515025
LV,2024,09,07,FALSE,1,168084
LT,2025,07,04,FALSE,4,722647.69
PL,2024,02,08,FALSE,1,171089.897148741
PT,2023,05,01,FALSE,3,2483051.12
ES,2018,09,10,FALSE,3,5521693.7
IE,2017,02,01,FALSE,1,1200000
HR,2020,02,04,FALSE,1,423133.12
CY,2023,10,none,FALSE,13,4556733
SK,2020,08,01,FALSE,1,249000
NO,2022,01,08,FALSE,4,6514252.65
HU,2017,04,03,FALSE,6,5582000.57
SE,2019,07,03,FALSE,1,
HU,2019,05,06,FALSE,5,413844.57
HU,2018,07,07,FALSE,4,1044981.15
BE,2016,10,08,FALSE,1,18266039.67
DE,2021,09,08,FALSE,5,322756.6
RO,2021,05,05,TRUE,1,497612.52
GR,2021,01,05,TRUE,8,4158777.65
BE,2016,07,08,FALSE,1,
LT,2025,09,05,TRUE,2,95127.89
FR,2018,02,08,FALSE,2,383229.88
AT,2020,05,04,FALSE,3,5811158
PT,2021,09,06,FALSE,1,9638500.01
DK,2023,04,03,FALSE,1,266624.42
CH,2019,09,05,TRUE,1,
SE,2016,08,05,TRUE,6,
NL,2023,09,09,FALSE,1,1160000
BE,2017,03,03,FALSE,1,
MK,2018,unresolved,03,FALSE,1,146163.93
LV,2020,06,05,TRUE,4,25913929.11
UK,2017,06,03,FALSE,2,738020.01
SE,2017,01,08,FALSE,5,3840126.21
UK,2018,07,04,FALSE,9,138902228.98
SI,2023,unresolved,03,FALSE,2,3652915.85
NO,2018,04,03,FALSE,5,
LV,2025,02,04,FALSE,2,165289.26
BG,2024,01,07,FALSE,3,916158.344411494
HR,2024,07,03,FALSE,1,367546.54
SE,2024,02,04,FALSE,2,
HU,2022,02,04,FALSE,1,3291308.71
CZ,2020,03,05,TRUE,4,2049789.08
LV,2020,01,01,FALSE,7,4347176.25
AT,2020,08,06,FALSE,4,915506.33
MK,2016,09,04,FALSE,2,97762.99
SE,2021,10,08,FALSE,2,6480066.98
IT,2023,unresolved,08,FALSE,5,2368783.7
SI,2023,07,10,FALSE,1,
PT,2016,02,04,FALSE,2,1940332.6
MK,2024,01,01,FALSE,2,
CZ,2024,04,09,FALSE,3,
BG,2025,10,01,FALSE,3,605254.402290623
CZ,2022,10,04,FALSE,4,1137118.12
EE,2016,04,07,FALSE,1,596458
PL,2018,03,09,FALSE,1,2572333.69
CZ,2017,03,02,FALSE,2,18194.18
IE,2021,08,01,FALSE,4,1505000
IT,2019,10,10,FALSE,4,21503451.79
ES,2017,unresolved,03,FALSE,2,354706.72
DE,2019,03,03,FALSE,3,450197
ES,2019,unresolved,07,FALSE,2,357556.53
LT,2019,04,09,FALSE,1,702817.5
GR,2017,09,04,FALSE,1,132380
PL,2020,06,03,FALSE,2,478505.51
CH,2019,unresolved,06,FALSE,2,529315.9
FR,2025,05,09,FALSE,1,
PL,2024,06,06,FALSE,4,857790.127603097
HU,2021,01,07,FALSE,2,446279.15
AT,2022,09,01,FALSE,6,2380805.78
IT,2025,06,07,FALSE,1,
PL,2021,03,06,FALSE,2,
PL,2019,07,03,FALSE,2,12232.41
BE,2016,02,06,FALSE,1,94672
GR,2023,08,01,FALSE,5,4702983.43
MK,2017,04,07,FALSE,1,
MT,2022,05,07,FALSE,1,
NL,2022,01,03,FALSE,3,
SE,2023,05,08,FALSE,1,591336.91
BE,2019,03,03,FALSE,1,1644062.7
LU,2019,unresolved,01,FALSE,3,409000
DK,2017,01,09,FALSE,2,
NO,2023,07,04,FALSE,4,6272979.61591521
CH,2022,unresolved,03,FALSE,1,28687.89
AT,2021,10,04,FALSE,4,7998199.82
GR,2022,09,06,FALSE,1,225749.4
GR,2025,06,06,FALSE,1,620800
SE,2021,03,07,FALSE,1,234169.42
FI,2016,unresolved,09,FALSE,1,4480000
CZ,2016,08,08,FALSE,1,129466.6
LU,2021,unresolved,05,TRUE,1,781724.2
RO,2017,08,05,TRUE,1,
EE,2020,05,08,FALSE,1,304640
SI,2025,04,06,FALSE,2,211770.72
FI,2021,05,01,FALSE,2,13000
GR,2021,01,06,FALSE,2,1158058.38
NL,2018,06,05,TRUE,3,
NO,2022,10,08,FALSE,2,1574291.82
FR,2023,06,09,FALSE,1,
LV,2017,01,04,FALSE,2,122084.89
NL,2022,03,04,FALSE,3,2558600
NL,2017,02,04,FALSE,3,196890
SK,2019,08,06,FALSE,1,
BE,2017,04,06,FALSE,3,416713.5
RO,2024,06,01,FALSE,2,1813784.06949486
IT,2017,05,06,FALSE,2,960266.22
RO,2021,04,06,FALSE,3,1224142.23
LT,2023,07,05,TRUE,3,
FR,2016,09,10,FALSE,3,
LU,2019,04,04,FALSE,3,27526196.54
CY,2025,04,03,FALSE,1,243520
CY,2025,07,10,FALSE,1,30000
ES,2024,06,03,FALSE,1,142347.97
RO,2020,07,04,FALSE,3,26961247.59
CZ,2025,07,10,FALSE,6,3474144.13527118
ES,2023,unresolved,05,TRUE,2,906062
ES,2023,07,08,FALSE,2,3253239.7
FR,2024,04,09,FALSE,1,
AT,2024,08,04,FALSE,1,90120
IT,2021,05,03,FALSE,2,3891480
NO,2020,02,01,FALSE,5,1914925.77
LV,2022,08,09,FALSE,4,300292.16
PL,2020,unresolved,05,TRUE,2,423763.45
CH,2016,06,05,TRUE,2,
LV,2016,02,01,FALSE,2,4448530.88
SE,2017,unresolved,07,FALSE,1,
DK,2022,01,04,FALSE,4,
UK,2021,unresolved,05,TRUE,3,348999.53
NO,2019,07,09,FALSE,2,
GR,2016,01,06,FALSE,1,2725600
MK,2018,unresolved,04,FALSE,2,89414.17
BE,2019,03,01,FALSE,2,464628.1
ES,2018,07,03,FALSE,3,490488.7
LI,2022,01,01,FALSE,4,6292540.6
SI,2020,07,03,FALSE,1,
LV,2023,01,05,TRUE,1,155465.76
SE,2019,09,10,FALSE,1,396634.27
HR,2023,04,07,FALSE,1,46940
IS,2024,04,05,TRUE,1,574987
NL,2022,08,05,TRUE,4,1635506
DK,2022,07,05,TRUE,1,1428748.15
DE,2018,08,08,FALSE,4,1088622.76
SI,2020,03,04,FALSE,2,1270000
SK,2023,08,03,FALSE,1,246986
RO,2024,04,03,FALSE,4,
SE,2024,10,09,FALSE,1,
DE,2025,06,09,FALSE,1,
IS,2024,06,none,FALSE,2,1969184.96817427
MT,2023,06,01,FALSE,2,750000
AT,2023,07,05,TRUE,4,1505103.26
PL,2021,03,08,FALSE,5,562240.23
BG,2018,unresolved,08,FALSE,1,
PT,2018,03,07,FALSE,1,38750000
PL,2020,unresolved,06,FALSE,2,961489.43
IE,2021,06,05,TRUE,3,185000
PT,2025,05,08,FALSE,1,1033200
PT,2024,01,09,FALSE,2,663631.96
GR,2025,07,10,FALSE,1,119300
HR,2025,01,03,FALSE,1,228851.82
CY,2025,03,05,TRUE,2,3493326.95
IT,2016,10,04,FALSE,1,
NO,2020,07,04,FALSE,1,13704019.66
DE,2023,02,05,TRUE,2,
UK,2018,09,09,FALSE,2,
BG,2020,04,06,FALSE,3,184900.3
GR,2025,01,06,FALSE,6,4404739.37
IE,2025,09,05,TRUE,1,251183.5
UK,2018,02,08,FALSE,1,12588305.77
BG,2017,06,01,FALSE,1,637958.16
SI,2016,05,04,FALSE,3,659223.17
RO,2021,02,06,FALSE,1,
RO,2018,06,06,FALSE,1,261273.31
DK,2019,01,06,FALSE,1,
DE,2019,10,06,FALSE,2,709130
CH,2019,09,09,FALSE,3,923445.36
NO,2023,07,05,TRUE,2,2384825.40660425
RO,2024,07,10,FALSE,2,
RO,2016,unresolved,05,TRUE,1,214029.93
IS,2018,unresolved,01,FALSE,1,2189381.46
NL,2022,02,05,TRUE,2,
AT,2017,07,03,FALSE,1,42645
LU,2019,04,01,FALSE,1,
ES,2019,unresolved,03,FALSE,3,434914.68
LU,2022,06,04,FALSE,5,8878827.19
CH,2021,06,04,FALSE,4,3226188.62
SK,2024,01,08,FALSE,2,
FR,2025,09,08,FALSE,3,1460228.5
IT,2016,09,04,FALSE,1,1080000
BE,2022,02,01,FALSE,1,804300
GR,2024,04,03,FALSE,3,1979785.78
GR,2025,05,08,FALSE,1,101920
DK,2025,01,06,FALSE,1,
MK,2016,07,01,FALSE,1,219116.72
UK,2021,10,06,FALSE,4,10958527.82
SK,2022,04,06,FALSE,1,5651713
RO,2019,07,03,FALSE,1,343551.21
SE,2022,unresolved,03,FALSE,1,1576898.44
LT,2020,01,03,FALSE,2,194750.6
RO,2016,05,05,TRUE,1,566106.36
SE,2019,07,05,TRUE,3,3305285.62
LT,2020,03,09,FALSE,1,123920
RO,2016,02,01,FALSE,2,
CZ,2019,06,04,FALSE,2,3607635.37
RO,2021,03,05,TRUE,1,95997.16
LT,2021,02,02,FALSE,3,1411564.05
BG,2023,02,04,FALSE,2,91778.3004397178
PT,2024,08,05,TRUE,2,342800
SE,2021,10,10,FALSE,3,
ES,2017,08,01,FALSE,1,7e+06
AT,2016,03,02,FALSE,1,272674
LU,2023,unresolved,03,FALSE,1,928240.42
LT,2018,09,04,FALSE,1,27149.98
LI,2020,07,none,FALSE,1,101456.95
IT,2025,02,09,FALSE,1,269835.08
LU,2025,04,04,FALSE,1,320411.7
SE,2024,10,06,FALSE,1,7764670.50271517
HU,2021,02,02,FALSE,1,18448547.45
UK,2019,07,03,FALSE,2,208945.66
MT,2018,01,04,FALSE,1,282478.52
CH,2022,10,07,FALSE,1,1169754.14
LU,2024,01,04,FALSE,1,
IS,2018,04,01,FALSE,2,495000
LV,2024,07,04,FALSE,1,451287.8
IT,2020,unresolved,06,FALSE,2,846198
MT,2021,05,08,FALSE,1,212810
FI,2018,08,01,FALSE,1,
UK,2017,01,05,TRUE,4,4972618.46
LV,2017,01,03,FALSE,1,2638092
DK,2017,01,05,TRUE,1,201373.11
LV,2018,unresolved,09,FALSE,1,350000
PT,2023,unresolved,08,FALSE,1,91281.97
PT,2020,08,04,FALSE,1,1495379.1
HR,2019,05,05,TRUE,1,460645.73
BE,2017,10,04,FALSE,1,1150788.4
PT,2020,03,07,FALSE,1,130442.52
AT,2020,unresolved,08,FALSE,1,
SE,2016,01,06,FALSE,1,
BE,2016,02,04,FALSE,2,4711191.6
RO,2022,09,05,TRUE,1,152162.55
IE,2019,05,05,TRUE,1,
HR,2020,05,05,TRUE,1,24361270.56
MK,2019,07,10,FALSE,1,130068.61
NO,2018,03,02,FALSE,1,
FR,2023,04,08,FALSE,1,
RO,2017,04,06,FALSE,2,532364.95
HU,2022,03,07,FALSE,1,183571.35
NO,2020,09,05,TRUE,1,102585.15
RO,2018,04,06,FALSE,1,735170
PT,2019,07,03,FALSE,1,227526.7
LV,2025,01,09,FALSE,1,57132
CZ,2016,08,03,FALSE,1,
AT,2020,07,06,FALSE,1,824575
IT,2023,07,07,FALSE,1,98520
MT,2019,09,04,FALSE,1,70274.2
RO,2019,07,05,TRUE,1,125975.44
HU,2023,02,04,FALSE,1,4931500
DK,2018,10,10,FALSE,1,
FR,2019,02,09,FALSE,1,
HU,2017,unresolved,08,FALSE,1,1782661.48
FI,2020,05,05,TRUE,2,412000
PL,2022,07,06,FALSE,1,21663.89
BG,2023,09,06,FALSE,1,199406.89
PL,2022,02,05,TRUE,1,
MK,2021,05,04,FALSE,1,959173.5
EE,2024,10,01,FALSE,1,242360
CY,2021,01,04,FALSE,1,1200000
FI,2023,06,03,FALSE,1,685900
LV,2024,05,07,FALSE,1,1200000
AT,2024,05,07,FALSE,1,
PL,2020,unresolved,09,FALSE,1,7103308.58
BG,2016,09,09,FALSE,1,10929.28
LV,2021,05,07,FALSE,1,
CH,2023,09,06,FALSE,1,474769.73
FR,2025,09,07,FALSE,1,
BE,2025,01,07,FALSE,2,
BG,2018,06,03,FALSE,1,
CH,2020,07,06,FALSE,1,203105.8
CZ,2024,01,none,FALSE,2537,3900398122.55719
ES,2025,09,none,FALSE,1250,2164906284.25
DE,2023,01,none,FALSE,17520,9515890395.01978
IE,2025,09,none,FALSE,900,677507622.28
DE,2024,09,none,FALSE,4761,2065962538.2205
FR,2025,09,none,FALSE,1850,4033985567.77
BG,2024,04,none,FALSE,3561,8440062545.7702
LV,2025,04,none,FALSE,819,1325966825.43
PT,2025,07,none,FALSE,1691,1518227418.66
AT,2025,10,none,FALSE,271,3775929315.19
GR,2025,06,05,TRUE,13,60649753.53
FR,2025,08,09,FALSE,135,65402722.58
GR,2024,04,none,FALSE,384,1658186690.18
HR,2025,07,none,FALSE,546,520473277.73
CZ,2025,01,none,FALSE,2409,3494601566.03182
FR,2024,06,01,FALSE,33,18089264.24
PL,2024,04,04,FALSE,654,1991145772.88664
ES,2024,10,07,FALSE,4,916716.29
SI,2025,09,none,FALSE,286,150095163.68
FR,2024,10,none,FALSE,583,676855259.83
ES,2025,05,none,FALSE,1444,7893665251.187
HU,2023,08,none,FALSE,167,444629976.441048
BE,2025,03,none,FALSE,165,128473038.96
AT,2025,09,none,FALSE,452,1032794616.46601
SE,2023,09,none,FALSE,742,1410720664.89231
RO,2023,04,none,FALSE,5528,22000651579.96
SE,2025,01,01,FALSE,149,463628623.92386
FI,2025,07,none,FALSE,918,2745153205.51
MK,2025,01,none,FALSE,48,25680095.6
CZ,2025,08,none,FALSE,364,616649374.443708
CH,2024,07,none,FALSE,343,1229456836.62658
ES,2025,01,05,TRUE,30,8980497.25
BG,2024,06,none,FALSE,416,275740359.165559
PL,2024,07,10,FALSE,113,263119844.468657
NL,2023,06,none,FALSE,268,1914605196.12
IT,2025,06,05,TRUE,63,150904122.182
FR,2025,04,05,TRUE,105,128747054.46
FR,2025,09,01,FALSE,42,10949912.94
DE,2025,01,03,FALSE,104,19787073.26
CY,2025,01,none,FALSE,247,269965436.84
LU,2025,03,02,FALSE,2,12202152
CY,2025,06,04,FALSE,2,743999
LV,2025,06,05,TRUE,39,26280247.49
ES,2024,06,05,TRUE,22,52282335.75
RO,2025,07,01,FALSE,141,53520252.6460317
FR,2025,05,07,FALSE,22,10267997.96
SE,2024,03,04,FALSE,2,
LV,2023,04,05,TRUE,92,130043320.92
ES,2023,03,none,FALSE,720,887098416.53
NL,2020,01,none,FALSE,2159,1924649983.46
FR,2022,09,none,FALSE,1483,2487066021.55
SE,2021,04,none,FALSE,1319,3649321989.96
RO,2021,07,none,FALSE,8180,5408020993.72
FI,2022,09,none,FALSE,311,270288489.1
SI,2019,09,none,FALSE,1247,102125908.24
PL,2019,09,none,FALSE,1703,649119724.98
DE,2021,07,none,FALSE,5208,2085166683.78
SE,2021,01,none,FALSE,3414,8104262928.84
DE,2021,unresolved,none,FALSE,6417,3941185210.39
ES,2016,05,none,FALSE,562,1512307326.47
FR,2019,unresolved,none,FALSE,4149,6115333499.23
GR,2020,04,none,FALSE,644,2122093513.4
PT,2021,01,none,FALSE,724,686310556.2
FI,2023,04,none,FALSE,1399,1990523918.18
LV,2017,unresolved,none,FALSE,215,70413310.04
RO,2021,02,none,FALSE,679,1168584136.05
DE,2023,unresolved,none,FALSE,5841,5361759761.11
UK,2019,01,none,FALSE,3060,11031109188.61
PL,2021,09,none,FALSE,2155,540585946.96
HR,2016,07,none,FALSE,347,106032786.91
ES,2022,07,none,FALSE,5280,9773438856.69
DE,2017,08,none,FALSE,864,566670802.37
DK,2020,06,none,FALSE,246,1370775075.96
ES,2018,05,none,FALSE,808,2526407539.69
NL,2016,unresolved,none,FALSE,239,71963032.99
UK,2021,10,none,FALSE,1104,484446618.23
GR,2022,01,none,FALSE,819,384641760.53
FR,2016,05,none,FALSE,2406,3157247428.86
NO,2023,08,none,FALSE,75,151436319.942534
CZ,2017,10,none,FALSE,72,45081406.79
NL,2018,01,none,FALSE,2172,1303900583.84
NL,2021,05,none,FALSE,429,336283244.01
UK,2023,04,none,FALSE,1192,228397363.986699
BG,2018,10,none,FALSE,99,23623357.44
BE,2018,unresolved,none,FALSE,518,445471486.35
BE,2017,04,none,FALSE,501,1080687073.47
CZ,2021,05,none,FALSE,450,256010526.96
SK,2019,04,none,FALSE,546,768038257.3
SI,2019,01,none,FALSE,1547,500472525.85
DK,2022,10,none,FALSE,60,75384137.14
UK,2017,09,none,FALSE,1454,3596887723.33
HR,2019,unresolved,none,FALSE,304,149530734.19
RO,2018,04,none,FALSE,1724,2324460620.32
FI,2016,04,none,FALSE,590,1890007795.46
BG,2020,05,none,FALSE,209,360907884.16
SE,2020,05,none,FALSE,430,429856347.78
FI,2019,07,none,FALSE,512,1520965586
FI,2021,01,none,FALSE,966,1779258100.73
LV,2019,09,none,FALSE,426,97102640.79
ES,2020,05,none,FALSE,1026,1318695354.42
HU,2023,07,none,FALSE,646,655198995.101341
IT,2020,unresolved,none,FALSE,1210,2595062721.3
PT,2022,04,none,FALSE,465,1169403725.56
IS,2022,07,none,FALSE,15,67827002.96
SE,2019,05,none,FALSE,415,702577896.42
LV,2023,08,none,FALSE,95,51470028.4
GR,2021,07,none,FALSE,639,115511830.97
HU,2019,07,none,FALSE,506,326251041.48
AT,2020,04,none,FALSE,772,3098174392.21
UK,2020,10,none,FALSE,3260,1879595153.31
UK,2021,02,none,FALSE,53,510038197.82
CZ,2023,03,none,FALSE,839,543484289.292602
GR,2016,01,none,FALSE,216,141825891.25
IT,2020,10,none,FALSE,439,968306334.91
MK,2022,01,none,FALSE,87,28493764.58
ES,2021,09,none,FALSE,1419,1639596548.98
LT,2021,09,none,FALSE,230,97915593.02
FI,2018,01,none,FALSE,738,991847091
BE,2020,04,none,FALSE,583,1598730843.27
DK,2020,09,none,FALSE,253,357822906.05
UK,2017,02,none,FALSE,175,3046922302.19
NO,2022,unresolved,none,FALSE,257,495683104.36
DE,2021,03,02,FALSE,59,6297406.65
NL,2019,09,10,FALSE,1,1.3e+07
ES,2022,07,01,FALSE,109,106963215.87
SE,2020,01,01,FALSE,130,137181408.56
FR,2018,01,01,FALSE,330,84785614.37
DE,2022,04,05,TRUE,269,94283535.38
CZ,2016,03,04,FALSE,177,1824139.55
DE,2019,09,04,FALSE,58,144840931.58
DE,2018,05,06,FALSE,19,14049601.32
PL,2016,01,01,FALSE,81,30714281.54
AT,2020,unresolved,04,FALSE,34,50814007.48
PL,2018,06,05,TRUE,127,207341339.67
PL,2023,08,06,FALSE,272,91632373.8964408
HR,2021,08,01,FALSE,11,2931585.26
IT,2023,04,01,FALSE,34,103670577.81
RO,2022,04,07,FALSE,316,57002597.75
ES,2019,unresolved,none,FALSE,941,1307861605.56
CZ,2017,06,none,FALSE,49,33111114.81
FI,2019,04,none,FALSE,715,2926613033.3
AT,2023,10,none,FALSE,195,2392820058.92
LV,2020,01,none,FALSE,484,223000130.39
SE,2020,07,none,FALSE,1014,2887308488.05
BE,2020,07,none,FALSE,636,571350946.3
FI,2020,05,none,FALSE,191,175435522.46
SI,2023,unresolved,none,FALSE,280,205247466.08
ES,2018,08,none,FALSE,575,748734746.06
CY,2020,07,none,FALSE,123,128250628.52
RO,2018,08,none,FALSE,204,204686900.84
FR,2020,10,none,FALSE,533,299328257.38
NO,2019,unresolved,none,FALSE,282,912991878.69
RO,2019,unresolved,none,FALSE,522,259078858.8
LT,2019,04,none,FALSE,729,724364673.35
LT,2020,04,none,FALSE,717,1236391615.68
SE,2017,02,none,FALSE,89,74432227.87
MK,2018,01,none,FALSE,215,52417933.64
UK,2022,06,none,FALSE,250,1912849234.08
EE,2022,02,none,FALSE,160,48824944.1
NL,2021,08,none,FALSE,124,110860636.98
CZ,2022,09,none,FALSE,1247,241691025.75
NO,2023,05,none,FALSE,185,231981994.762806
CH,2023,07,none,FALSE,266,753922364.923798
IS,2018,01,none,FALSE,53,85816093.09
EE,2018,10,none,FALSE,43,10597551.06
GR,2023,03,none,FALSE,77,56896730.71
FI,2019,03,none,FALSE,53,62520539
UK,2018,08,none,FALSE,281,954769585.11
LV,2021,05,none,FALSE,114,85321965.86
CH,2022,09,none,FALSE,256,372298094.73
MT,2023,10,none,FALSE,3,4004775
MK,2017,04,none,FALSE,114,23959117.68
EE,2019,09,none,FALSE,244,90670719.66
SK,2019,05,none,FALSE,90,135945800.1
MK,2019,09,none,FALSE,17,1686990.55
FR,2016,06,04,FALSE,210,148215736.11
IT,2020,08,06,FALSE,108,95923452.62
SE,2022,01,04,FALSE,77,263592275.27
FI,2018,10,09,FALSE,3,2419112
ES,2022,01,06,FALSE,53,50644395.83
FR,2022,04,05,TRUE,118,249767523.94
FR,2017,04,04,FALSE,106,102738793.11
IE,2023,01,01,FALSE,25,60770114
FR,2020,01,04,FALSE,215,1077146977.43
RO,2017,unresolved,04,FALSE,16,2863221.1
UK,2020,07,10,FALSE,693,5789577652.13
NL,2021,07,10,FALSE,83,405988390
ES,2019,07,04,FALSE,13,35664908.31
DE,2022,07,01,FALSE,195,41361158.25
NL,2020,04,05,TRUE,30,3634893.42
NL,2022,05,06,FALSE,4,1044524
CZ,2017,03,04,FALSE,311,118576214.73
CZ,2023,04,05,TRUE,169,439792660.709301
PL,2021,04,05,TRUE,323,205311173.58
PL,2020,09,07,FALSE,102,1714909.34
NL,2020,01,06,FALSE,6,226000
DE,2019,04,04,FALSE,210,159021101.69
NO,2021,unresolved,01,FALSE,11,4068560.4
FR,2020,04,05,TRUE,103,68952450.4
FR,2020,07,01,FALSE,59,39439527.21
IT,2019,01,01,FALSE,68,115966406.49
IE,2021,04,04,FALSE,12,1105358
BG,2019,09,01,FALSE,22,31514217.16
FR,2023,unresolved,01,FALSE,160,178699964.14
SE,2016,04,04,FALSE,17,
GR,2019,07,01,FALSE,8,1389522.64
FR,2016,08,06,FALSE,309,83655153.37
DE,2018,04,01,FALSE,77,39162020.23
HU,2017,04,05,TRUE,19,155857998.68
DE,2019,05,05,TRUE,39,8567211.59
FR,2016,unresolved,09,FALSE,16,180000
PT,2019,unresolved,01,FALSE,12,14145762.81
HU,2021,04,04,FALSE,33,11146236.13
NL,2021,unresolved,01,FALSE,26,15396018.38
NL,2021,08,06,FALSE,106,93527759.08
CH,2020,04,01,FALSE,7,7072205.29
RO,2022,06,04,FALSE,52,14601930.6
RO,2022,02,01,FALSE,27,18969718.79
DE,2017,07,05,TRUE,9,3193133.47
RO,2021,01,09,FALSE,27,14915995.21
NL,2020,08,06,FALSE,112,54372372.94
FI,2019,04,07,FALSE,1,544000
FR,2021,unresolved,01,FALSE,158,62271630.8
SI,2021,01,03,FALSE,2,417610.73
GR,2020,unresolved,01,FALSE,13,9193394.65
FR,2019,06,05,TRUE,90,60010789.36
NO,2019,01,08,FALSE,7,19080610.29
FR,2019,08,01,FALSE,18,9809442.14
FR,2020,03,02,FALSE,15,11426231.74
DK,2017,02,03,FALSE,11,36212051.05
HU,2021,02,03,FALSE,8,16611527.66
NO,2023,09,10,FALSE,1,398521.17
FR,2018,unresolved,07,FALSE,9,3361548.78
PT,2020,unresolved,01,FALSE,19,8195394.1
CH,2018,01,04,FALSE,29,21982034.12
FR,2017,01,04,FALSE,268,2912990955.64
PL,2019,02,04,FALSE,13,12999369.94
ES,2023,03,04,FALSE,12,84882509.87
DE,2023,02,02,FALSE,3,1625847
GR,2020,04,04,FALSE,10,14184250.31
SI,2021,02,03,FALSE,9,11213926
DE,2018,08,09,FALSE,34,3053519.46
DE,2018,01,03,FALSE,38,7318141.57
UK,2016,05,07,FALSE,14,162048977.65
RO,2021,01,04,FALSE,46,146607895.43
LT,2018,07,10,FALSE,5,3463174.95
SE,2018,01,01,FALSE,126,229089822.95
PL,2023,05,07,FALSE,88,50351726.7001615
DE,2016,04,01,FALSE,76,27644670.1
PL,2021,03,01,FALSE,46,49911237.75
ES,2023,07,01,FALSE,135,127609742.87
GR,2025,09,09,FALSE,1,127399.27
IE,2025,02,none,FALSE,55,212920738.58
EE,2023,01,none,FALSE,187,120057657.75
NL,2025,unresolved,04,FALSE,2,
FR,2024,04,05,TRUE,116,349134093.78
AT,2024,04,05,TRUE,33,55887976.36
FR,2025,02,03,FALSE,17,5433376.36
SI,2025,03,02,FALSE,7,12341289.78
HU,2023,10,none,FALSE,39,23337397.1937151
ES,2022,09,04,FALSE,16,9382639.01
SK,2021,06,none,FALSE,11,427250
BE,2016,06,none,FALSE,132,132179236.9
MT,2020,07,none,FALSE,83,43830996.49
GR,2020,08,01,FALSE,3,511170
PL,2021,05,04,FALSE,18,10817199.76
CH,2018,10,none,FALSE,25,49226633.77
IS,2016,04,none,FALSE,23,140785877.95
UK,2020,01,03,FALSE,7,14473302.23
FR,2017,04,06,FALSE,26,66595380.76
NL,2018,unresolved,01,FALSE,30,6870360
ES,2016,04,03,FALSE,5,2068680.28
DK,2023,04,05,TRUE,13,5693892.46535455
NO,2016,07,09,FALSE,1,
DE,2017,04,07,FALSE,8,2204390.1
CY,2021,07,none,FALSE,140,160239707.56
FR,2018,07,04,FALSE,41,16055312.88
IT,2018,05,05,TRUE,7,9019894.72
LV,2019,09,05,TRUE,4,213847
AT,2025,04,04,FALSE,66,225292916.53
SI,2024,06,none,FALSE,39,104705282.18
IS,2024,01,01,FALSE,3,123019479.886542
MK,2022,01,01,FALSE,4,471968.49
SE,2024,01,01,FALSE,153,244663142.181918
DE,2025,03,05,TRUE,5,
CY,2025,05,04,FALSE,2,446450
BG,2025,09,01,FALSE,34,40033528.7657225
PT,2023,04,06,FALSE,1,
FR,2019,05,07,FALSE,26,5077031.45
LT,2022,02,03,FALSE,16,61642699.25
FR,2023,05,04,FALSE,57,65399210.97
NL,2018,03,01,FALSE,23,76879310
HU,2021,04,01,FALSE,16,10074893.61
RO,2021,06,04,FALSE,53,17428043.27
DE,2020,10,09,FALSE,5,1654000
LT,2023,02,01,FALSE,9,19435210.66
LU,2023,07,01,FALSE,1,347785
HU,2025,10,none,FALSE,55,45557671.0377262
CZ,2023,09,06,FALSE,2,5355228.15403286
HR,2024,01,06,FALSE,8,11894491.01
BG,2025,10,none,FALSE,88,74036367.7421004
SI,2023,06,none,FALSE,36,81010510.42
DE,2025,unresolved,01,FALSE,23,40528409
SE,2020,07,08,FALSE,2,
IT,2017,08,09,FALSE,8,8123399.89
UK,2021,01,04,FALSE,12,151366113.12
BG,2020,01,04,FALSE,20,2600465.5
RO,2020,04,01,FALSE,26,27157126.71
LU,2023,06,04,FALSE,5,6256441.01
SE,2023,04,01,FALSE,23,1786113.77
PL,2021,01,06,FALSE,6,1467663.59
IT,2020,04,07,FALSE,3,3675980.9
IE,2017,04,01,FALSE,7,2036300
AT,2021,07,01,FALSE,11,14584550.14
RO,2021,unresolved,03,FALSE,4,1348711.8
HR,2018,08,01,FALSE,14,5479744.92
LU,2018,08,none,FALSE,11,6345312.77
FR,2017,07,01,FALSE,94,31291087.01
ES,2018,05,04,FALSE,39,24276815.63
HR,2016,04,04,FALSE,16,22043503.12
ES,2021,05,05,TRUE,30,9473482.89
NO,2021,04,01,FALSE,5,508102.68
PL,2019,10,10,FALSE,6,223824.91
SE,2021,unresolved,01,FALSE,10,1506593.9
RO,2019,03,09,FALSE,1,2987166.25
IT,2017,09,01,FALSE,3,758432.78
ES,2018,02,04,FALSE,10,101887191.03
SI,2021,09,01,FALSE,9,4354084.5
DE,2021,03,01,FALSE,45,85395272.07
IT,2022,07,07,FALSE,4,3099550.24
ES,2023,06,06,FALSE,6,1915756.52
DE,2021,06,01,FALSE,8,468600
IT,2023,04,09,FALSE,1,1132783.2
NL,2016,unresolved,04,FALSE,8,3878984
SI,2020,04,05,TRUE,22,3514532.86
BG,2019,01,01,FALSE,24,6982585.45
LT,2017,04,06,FALSE,2,5100
IT,2019,07,10,FALSE,24,143883867.1
IT,2021,03,01,FALSE,14,25506247.91
BG,2017,01,04,FALSE,5,28371818.7
AT,2019,09,06,FALSE,4,12748153.85
GR,2022,06,05,TRUE,11,38373367.06
PT,2021,03,none,FALSE,65,51858175.34
MK,2024,04,none,FALSE,26,485201679.66
SK,2021,01,01,FALSE,13,2522396.83
ES,2020,04,08,FALSE,7,793536
ES,2018,05,05,TRUE,17,9318463.35
FI,2016,01,08,FALSE,3,967625
EE,2017,04,05,TRUE,11,1441999.95
LT,2023,unresolved,04,FALSE,16,6276047.42
RO,2023,unmapped,none,FALSE,9,98144035.8714403
LV,2025,10,none,FALSE,76,42471623.5
LV,2016,04,none,FALSE,354,617560526.57
LU,2017,08,none,FALSE,14,38546795.64
SK,2017,01,none,FALSE,113,89622392.87
NL,2023,07,none,FALSE,348,840704939.72
NO,2019,05,none,FALSE,185,200356642.19
NO,2016,10,none,FALSE,18,13845899.36
LI,2016,04,none,FALSE,2,6374566.55
DK,2018,06,none,FALSE,205,1227388475.49
IT,2021,02,none,FALSE,238,925402300.88
RO,2017,06,none,FALSE,107,30179651.11
PT,2022,09,none,FALSE,177,263940260.16
SE,2021,unresolved,none,FALSE,143,518184635.4
GR,2021,06,none,FALSE,57,53549957.68
CY,2021,04,none,FALSE,36,128415551.63
GR,2023,05,none,FALSE,343,648034985.11
LV,2017,07,none,FALSE,365,57831275.21
SK,2016,08,none,FALSE,8,45945079.95
SI,2021,03,none,FALSE,79,17484235.13
NO,2022,03,none,FALSE,91,55578210.88
MT,2019,05,none,FALSE,52,30028651.08
GR,2023,02,none,FALSE,84,121492679.73
NO,2018,08,none,FALSE,60,148762705.58
LT,2016,08,none,FALSE,43,40117144.57
RO,2017,09,none,FALSE,111,16595257.77
IE,2017,09,none,FALSE,135,188884494.69
EE,2019,07,none,FALSE,335,67528677.68
LU,2019,07,none,FALSE,23,12281864.52
NL,2021,02,none,FALSE,93,189400276.67
IE,2016,01,none,FALSE,205,157722195.85
CZ,2022,08,none,FALSE,290,161205061.13
EE,2020,10,none,FALSE,82,3540057.3
UK,2017,08,none,FALSE,236,832853905.1
ES,2017,04,06,FALSE,4,4545660.52
NL,2017,04,04,FALSE,11,7947373.55
NO,2023,01,04,FALSE,33,63797228.1606147
ES,2023,10,01,FALSE,16,8668650.36
IT,2017,08,06,FALSE,33,34307902.63
BG,2017,06,04,FALSE,9,576850.96
DE,2016,08,09,FALSE,30,4218378.13
LV,2016,05,none,FALSE,50,60711079.94
FR,2023,08,01,FALSE,15,11155778
ES,2017,09,01,FALSE,27,7752710.54
LT,2022,08,06,FALSE,13,4961967.49
DK,2021,08,06,FALSE,16,20341565.8
HU,2019,unresolved,01,FALSE,54,37313271.66
HR,2017,01,06,FALSE,3,2897024.91
FR,2023,05,05,TRUE,16,3392634.48
LV,2018,01,01,FALSE,14,3293140.07
EE,2022,07,01,FALSE,7,2053444.8
LT,2019,06,none,FALSE,59,35658533.09
NL,2022,04,05,TRUE,34,25144044.24
FI,2016,05,04,FALSE,6,1767720
PT,2022,09,04,FALSE,2,376057.89
LV,2019,09,04,FALSE,2,24535
CZ,2021,05,05,TRUE,12,2928241.26
DE,2019,01,03,FALSE,70,12062591.86
NO,2021,10,none,FALSE,69,257089117.08
BE,2016,03,02,FALSE,4,
PL,2019,04,03,FALSE,22,7007372.42
PT,2017,03,03,FALSE,1,
FR,2019,06,01,FALSE,37,14676065.11
ES,2018,08,06,FALSE,45,58117685.77
DE,2023,05,01,FALSE,14,2927530.95
IE,2020,01,01,FALSE,14,2637359.67
PL,2016,02,03,FALSE,49,88052619.11
PL,2021,07,04,FALSE,15,5678243.75
AT,2020,06,04,FALSE,11,8860557.5
SI,2019,09,01,FALSE,10,2500287.6
HU,2022,05,05,TRUE,2,
DE,2022,unresolved,03,FALSE,28,9324212.78
SI,2019,04,01,FALSE,22,10707059.5
HR,2021,08,none,FALSE,28,12821740.09
CZ,2021,01,05,TRUE,5,792450.63
EE,2017,10,none,FALSE,35,6949998.8
LT,2020,10,none,FALSE,73,25136195.34
HU,2019,06,none,FALSE,47,26374284.93
NO,2017,08,09,FALSE,7,1061434.54
NL,2019,07,01,FALSE,13,1298077.9
BG,2018,10,01,FALSE,8,1989040.3
FI,2018,04,04,FALSE,11,3081680
DK,2022,02,none,FALSE,77,83560861.15
HR,2018,02,none,FALSE,15,26276869.33
LT,2023,10,none,FALSE,66,31814873.21
IS,2024,05,none,FALSE,9,92017198.3071493
MK,2025,04,01,FALSE,1,
CY,2024,03,none,FALSE,26,23850600.03
LT,2025,01,08,FALSE,1,201372
PT,2025,04,05,TRUE,51,414839199.41
SK,2024,03,none,FALSE,143,258485823.1
RO,2025,04,05,TRUE,101,458020556.104529
IT,2025,02,03,FALSE,6,10152147.58
IT,2025,09,01,FALSE,27,163025643.75
PL,2025,05,01,FALSE,25,29347999.6866728
CZ,2024,08,04,FALSE,4,465349.550581008
IE,2025,09,01,FALSE,37,8448709.53749877
NL,2025,04,07,FALSE,2,659600
PT,2024,10,07,FALSE,15,1217608.97
ES,2025,01,03,FALSE,36,12564645.49
CZ,2024,09,05,TRUE,4,315836.796589654
SE,2025,01,03,FALSE,6,
CZ,2024,02,03,FALSE,28,26592584.21549
RO,2024,03,08,FALSE,1,
EE,2023,05,none,FALSE,39,44695062.23
MK,2020,05,none,FALSE,8,1446727.75
LV,2020,06,none,FALSE,53,20645628.65
PT,2022,08,none,FALSE,34,134809292.03
NO,2016,03,none,FALSE,73,36883237.66
CH,2021,03,none,FALSE,82,222105472.52
PL,2024,09,08,FALSE,5,2891794.04562962
PT,2025,07,04,FALSE,3,407666.26
GR,2024,07,05,TRUE,1,170365
PT,2025,02,03,FALSE,3,1617197.3
BE,2024,09,01,FALSE,13,2476273.81
DE,2024,01,04,TRUE,1,3355195.96
FI,2025,unresolved,08,FALSE,1,
NL,2024,03,03,FALSE,1,
LT,2024,03,01,FALSE,6,1351432.54
FR,2025,09,04,FALSE,15,3082889.29
DK,2023,01,01,FALSE,19,43879506.7442077
LT,2024,08,05,TRUE,6,1327632.23
BE,2018,01,01,FALSE,42,21913303.45
PL,2018,05,06,FALSE,9,24454505.13
LV,2021,06,none,FALSE,62,31573952.35
FI,2021,10,07,FALSE,4,5984183
LV,2020,01,04,FALSE,4,1368560.7
SE,2018,04,05,TRUE,22,66972438.9
EE,2022,unresolved,08,FALSE,4,168520
FR,2021,07,01,FALSE,44,15929891.07
SE,2016,05,04,FALSE,21,1751893.04
AT,2022,02,none,FALSE,31,54410374.54
UK,2018,06,05,TRUE,18,2846710.21
CZ,2019,09,04,FALSE,18,1405107.74
HR,2020,06,04,FALSE,6,1410309.19
PT,2020,02,none,FALSE,38,19259445.84
RO,2021,03,02,FALSE,9,37339529.19
IT,2022,unresolved,01,FALSE,74,65912623.7
PL,2021,02,03,FALSE,53,24902985.91
FI,2023,04,04,FALSE,19,6687603
AT,2019,04,04,FALSE,32,11991228.66
RO,2018,06,05,TRUE,3,5002147.17
DK,2021,unresolved,01,FALSE,5,64563947.18
CZ,2021,09,01,FALSE,31,6428662.15
CZ,2020,07,07,FALSE,7,900932.49
PL,2020,08,04,FALSE,1,800248.48
IT,2022,04,04,FALSE,29,157206562.99
RO,2020,09,01,FALSE,12,9679934.31
NL,2016,03,01,FALSE,20,254600
SI,2018,02,03,FALSE,9,4564633.72
NL,2021,01,06,FALSE,5,963026
LV,2018,04,07,FALSE,3,238158.21
FI,2022,09,04,FALSE,8,2298219
BE,2016,04,04,FALSE,15,2985319.15
PL,2021,06,04,FALSE,23,24841958.26
IE,2025,05,01,FALSE,3,27516028.08
EE,2025,04,05,TRUE,23,67352817.08
ES,2025,05,01,FALSE,33,59258106.17
BG,2025,01,03,FALSE,6,1563139.37007874
HR,2025,08,01,FALSE,6,2490119.72
NO,2025,09,01,FALSE,7,1354915.61317094
IT,2025,05,04,FALSE,33,273313305.43
HU,2023,09,01,FALSE,13,4083967.56524366
LT,2025,03,03,FALSE,3,229690.08
FI,2023,10,10,FALSE,1,1500000
BE,2024,05,07,FALSE,5,72424.71
ES,2025,07,06,FALSE,1,215455.11
CH,2025,08,09,FALSE,1,762495.714775418
IE,2025,09,04,FALSE,9,1729949.2
FR,2024,04,08,FALSE,8,13199056.65
BE,2017,09,01,FALSE,8,1840138.55
UK,2018,04,04,FALSE,18,39418676.56
FR,2021,01,09,FALSE,33,3021602.34
NO,2019,08,06,FALSE,3,1015115.06
IT,2022,05,07,FALSE,10,68106980.42
FR,2022,04,09,FALSE,4,1800000
FR,2020,05,06,FALSE,10,18583905.55
SE,2019,05,04,FALSE,12,14173395.29
FR,2023,08,05,TRUE,8,1899098
HR,2022,04,03,FALSE,5,901883.53
RO,2018,05,07,FALSE,12,1514260.41
LT,2017,unresolved,01,FALSE,10,10986616.58
LT,2021,07,04,FALSE,14,638899.43
NL,2017,01,05,TRUE,5,451824
FI,2018,unresolved,01,FALSE,20,122481409
IT,2019,02,09,FALSE,1,615600
BG,2019,04,05,TRUE,28,7687880.58
UK,2016,09,04,FALSE,11,3961304.69
SK,2018,07,04,FALSE,1,
CH,2018,04,04,FALSE,26,3833716.5
NO,2023,06,04,FALSE,2,2859376.36354601
DK,2023,05,05,TRUE,3,4239846.04549326
GR,2025,08,01,FALSE,7,24733815.1
LV,2023,08,05,TRUE,1,1278488.2
BG,2022,07,04,FALSE,8,1276715.48
PT,2022,06,none,FALSE,42,78010403.13
CH,2016,10,none,FALSE,21,
BG,2024,04,06,FALSE,4,150783.311177012
DE,2020,02,05,TRUE,2,814781.31
LV,2021,02,03,FALSE,12,705389.6
EE,2023,04,05,TRUE,9,347996305.7
AT,2025,10,06,FALSE,2,
IE,2024,06,05,TRUE,12,10814452.89
FI,2024,10,01,FALSE,19,18160134.6
ES,2025,01,07,FALSE,18,4601016.76
PT,2024,08,09,FALSE,3,493375.6
PL,2025,09,09,FALSE,12,1017170.60312451
RO,2024,01,06,FALSE,4,285837.560205522
IT,2022,04,07,FALSE,1,1180800
FI,2020,unresolved,01,FALSE,13,10614600
ES,2020,09,10,FALSE,13,257778346
CZ,2019,03,07,FALSE,6,8393684.45
AT,2017,10,none,FALSE,44,48850398.99
ES,2024,04,06,FALSE,5,9098675.08
NL,2022,08,08,FALSE,1,
LI,2022,05,none,FALSE,1,
UK,2016,08,01,FALSE,3,1564824.64
GR,2021,06,05,TRUE,10,37633889.68
LT,2020,02,03,FALSE,9,1872994.09
HR,2017,04,01,FALSE,7,3118693.71
BG,2017,unresolved,08,FALSE,5,79749.97
MT,2019,06,05,TRUE,1,131913.55
PL,2018,07,04,FALSE,15,3735903.94
HU,2019,04,09,FALSE,8,4595644.42
DE,2023,10,06,FALSE,5,2903915.76
MK,2019,03,none,FALSE,16,7564220.34
PT,2022,03,07,FALSE,1,483464.88
DE,2017,09,04,FALSE,43,16686682.81
ES,2018,08,01,FALSE,3,1472637.19
PL,2019,02,01,FALSE,20,55383201.4
PT,2022,unresolved,01,FALSE,24,15848014.88
CH,2021,04,05,TRUE,12,6408112.11
CZ,2021,unresolved,06,FALSE,6,312046.53
HU,2017,02,03,FALSE,4,5357214.8
CH,2025,01,09,FALSE,1,7485884.78860344
ES,2024,09,10,FALSE,12,31761948.17
BE,2024,01,08,FALSE,6,217570
PL,2025,08,05,TRUE,10,8373474.83575742
BE,2025,09,08,FALSE,3,
FI,2022,02,01,FALSE,5,2990000
PL,2017,05,05,TRUE,6,6512314.21
GR,2016,04,04,FALSE,9,7775783.42
IT,2018,05,06,FALSE,7,7670615.81
IT,2023,unresolved,04,FALSE,23,40190863.2
SK,2023,06,05,TRUE,3,15859160.26
BG,2019,06,04,FALSE,3,933107.28
DE,2019,03,01,FALSE,25,2618548.44
IT,2018,02,01,FALSE,7,18528776.94
CY,2022,unresolved,none,FALSE,21,11679772.52
SE,2016,07,01,FALSE,9,3582164.88
FI,2019,10,10,FALSE,2,5200000
EE,2017,01,04,FALSE,5,360299.23
DK,2018,06,04,FALSE,5,4662654.61
RO,2022,06,06,FALSE,13,14798077.18
BE,2023,unresolved,09,FALSE,3,
ES,2018,09,08,FALSE,3,2010013.89
IS,2019,unresolved,none,FALSE,8,8808106.5
DE,2020,09,05,TRUE,12,7239559.72
PT,2024,06,05,TRUE,9,34084171.99
HU,2025,06,01,FALSE,2,1405150.2085317
SK,2023,05,07,FALSE,4,607500
SI,2024,05,05,TRUE,4,7520180
SI,2025,09,01,FALSE,17,4460190.9
CZ,2025,08,03,FALSE,1,258054.460160068
CH,2017,04,03,FALSE,4,1440235.98
CY,2022,unresolved,08,FALSE,1,308000
FR,2019,unresolved,07,FALSE,7,937654.96
BE,2020,09,01,FALSE,5,10578512
UK,2019,01,03,FALSE,7,7874931.85
SE,2017,01,05,TRUE,8,1037871.94
IT,2016,02,04,FALSE,4,603100.39
MK,2019,05,none,FALSE,20,10039435.58
LV,2017,04,03,FALSE,1,351086.02
RO,2016,04,01,FALSE,15,3397974.4
ES,2020,08,08,FALSE,2,210000
EE,2018,04,07,FALSE,2,1719045.22
NO,2017,02,01,FALSE,2,11013614.02
BE,2019,10,09,FALSE,1,
UK,2021,05,06,FALSE,3,34574220.57
NL,2019,01,05,TRUE,11,1749897.94
DE,2016,01,08,FALSE,6,683576.45
FI,2018,04,01,FALSE,6,918334
DE,2018,07,05,TRUE,13,4414891.33
IS,2025,06,none,FALSE,8,3094641.35946074
SI,2025,05,05,TRUE,6,2713813
IE,2023,09,03,FALSE,3,311000
CH,2023,01,06,FALSE,8,4066164.41
IT,2022,05,05,TRUE,10,9022630.84
LT,2023,02,04,FALSE,3,249567.77
NL,2022,09,09,FALSE,3,74000
RO,2019,02,03,FALSE,8,6183048.93
ES,2023,04,08,FALSE,8,5592882.94
EE,2017,05,08,FALSE,1,395519.13
ES,2021,02,01,FALSE,9,4920151.03
SI,2022,02,06,FALSE,1,
BE,2019,09,08,FALSE,5,287062.92
SK,2017,02,03,FALSE,4,1250700.94
HU,2022,04,01,FALSE,21,15081440.74
FI,2018,08,09,FALSE,5,4272000
EE,2024,02,04,FALSE,3,10529097.03
PL,2022,03,03,FALSE,3,1254743.77
LV,2022,07,05,TRUE,2,581000
NL,2017,09,04,FALSE,4,3e+05
PL,2023,08,01,FALSE,4,2083230.94
UK,2016,10,09,FALSE,4,6711573.19
UK,2021,07,09,FALSE,2,1110516.52
LT,2023,09,06,FALSE,1,989231
BE,2024,07,04,FALSE,5,1017892.45
FI,2020,05,04,FALSE,9,19388138
CY,2016,unresolved,01,FALSE,2,2529378
NO,2018,08,01,FALSE,3,1462880.95
MT,2018,unresolved,03,FALSE,1,14016.1
PT,2022,03,02,FALSE,5,1374088.37
MT,2021,05,07,FALSE,1,2975060
EE,2021,06,04,FALSE,5,3762170.84
HR,2016,06,05,TRUE,10,31668881.63
LU,2022,02,03,FALSE,3,603606.31
IT,2020,03,02,FALSE,12,528105726.35
AT,2024,09,01,FALSE,18,6926612.38
DE,2025,04,07,FALSE,13,17352581.44
SE,2025,03,05,TRUE,3,
BE,2025,01,03,FALSE,6,176705.56
FI,2020,04,05,TRUE,11,7693135
BG,2018,04,03,FALSE,5,3788376.94
RO,2019,unresolved,04,FALSE,15,5053531.59
IT,2018,02,05,TRUE,2,1064985.43
BE,2018,10,01,FALSE,7,914768.46
DK,2021,06,04,FALSE,3,256229.39
FR,2018,09,03,FALSE,10,340000
IT,2022,03,04,FALSE,6,3969593.29
PL,2016,unresolved,05,TRUE,3,2323455.26
PT,2017,01,07,FALSE,1,
CZ,2023,03,07,FALSE,6,2164301.36028696
EE,2021,04,04,FALSE,10,682006.5
SI,2024,02,03,FALSE,16,37051413.02
AT,2023,07,01,FALSE,7,6561438.87
IS,2017,01,04,FALSE,1,
DE,2019,06,01,FALSE,11,186736
LV,2022,07,09,FALSE,4,187305
ES,2016,unresolved,06,FALSE,4,4031159.84
FR,2018,07,07,FALSE,2,31820
CZ,2019,unresolved,03,FALSE,2,
BE,2022,03,05,TRUE,1,687320.12
BE,2022,05,04,FALSE,14,15773368.68
SE,2020,05,05,TRUE,9,5431672.51
LT,2021,01,08,FALSE,10,419220.48
ES,2024,05,08,FALSE,10,4944397.97
MK,2021,10,none,FALSE,5,1414020.68
RO,2019,02,07,FALSE,2,1254110.37
FI,2019,02,03,FALSE,5,8783500
GR,2020,06,05,TRUE,9,34719007.35
BE,2024,10,01,FALSE,6,669496.38
NO,2022,07,04,FALSE,3,17710782.92
AT,2022,10,01,FALSE,4,34214974.1
LT,2018,07,04,FALSE,2,299082.64
CH,2018,03,01,FALSE,1,1038156.93
LV,2018,03,02,FALSE,5,2313087.6
FR,2022,08,07,FALSE,1,381840
BG,2017,07,04,FALSE,2,1022599.45
SE,2019,05,08,FALSE,1,245535.5
IT,2016,01,08,FALSE,1,157022.06
SK,2018,05,06,FALSE,3,29028574.03
SE,2017,09,04,FALSE,2,2075743.89
CH,2020,04,05,TRUE,13,7485147.82
DK,2021,02,04,FALSE,1,
IT,2020,unresolved,03,FALSE,4,15699347.07
FR,2022,05,09,FALSE,1,4e+05
PL,2018,07,09,FALSE,10,184734.31
PT,2022,05,07,FALSE,8,3925544.22
LV,2017,02,03,FALSE,2,5685720.28
PT,2020,07,07,FALSE,1,1995596.85
LU,2023,unresolved,05,TRUE,2,3149001.44
BE,2020,05,04,FALSE,12,6222404.6
CY,2021,05,01,FALSE,1,57767.54
CH,2017,03,06,FALSE,1,
SE,2018,01,09,FALSE,4,909994.83
PL,2021,03,07,FALSE,1,
MK,2018,01,01,FALSE,7,615786.84
RO,2017,03,04,FALSE,7,3126254.16
HR,2022,02,03,FALSE,9,2557551.79
CY,2023,01,05,TRUE,1,1270029.2
NL,2022,03,06,FALSE,1,
FI,2021,09,01,FALSE,4,603092
PL,2019,unresolved,03,FALSE,4,393205.09
CH,2022,10,01,FALSE,4,138502.54
HR,2020,05,01,FALSE,2,108168.58
ES,2018,unresolved,06,FALSE,4,4089523.05
IT,2016,05,06,FALSE,2,9738049.87
FR,2016,09,08,FALSE,5,736398.88
MT,2019,03,02,FALSE,1,
AT,2022,05,04,FALSE,5,1754001.45
DK,2025,06,07,FALSE,2,680564.985857085
LT,2025,09,06,FALSE,2,426125.7
MT,2021,08,none,FALSE,6,170651
HR,2024,03,03,FALSE,2,786386.96
IE,2025,09,03,FALSE,5,660514
MT,2024,03,04,FALSE,1,239310
FI,2025,01,03,FALSE,2,5e+05
IE,2024,02,04,FALSE,1,1650000
FR,2024,09,05,TRUE,6,778960.5
LV,2025,01,08,FALSE,6,535675.5
GR,2025,unresolved,none,FALSE,8,17531874.39
SE,2018,03,08,FALSE,2,297763.76
EE,2025,08,09,FALSE,2,251300
BG,2020,03,03,FALSE,2,95704.06
NL,2017,06,05,TRUE,4,1061591.33
MT,2021,01,04,FALSE,2,721990
RO,2017,05,06,FALSE,2,91102.48
NL,2019,09,04,FALSE,9,5279121.1
SK,2018,unresolved,03,FALSE,1,
NO,2021,05,06,FALSE,4,274517.14
RO,2017,06,05,TRUE,3,10601316.52
NL,2019,07,09,FALSE,1,
FR,2016,10,01,FALSE,7,3e+05
AT,2020,07,01,FALSE,6,4271786.94
BG,2023,06,06,FALSE,2,
FI,2024,08,06,FALSE,3,491500
CH,2023,08,09,FALSE,3,664705.34
BG,2024,01,03,FALSE,3,939747.049800593
NL,2023,02,03,FALSE,5,12926160
FR,2024,02,04,FALSE,7,2070213.58
GR,2021,01,04,FALSE,2,402539.18
LI,2020,01,09,FALSE,1,2406121.63
UK,2020,unresolved,04,FALSE,12,68187760.72
DE,2016,10,05,TRUE,1,
GR,2019,04,07,FALSE,3,7320417.87
IT,2022,09,08,FALSE,1,392850
LT,2024,02,01,FALSE,4,5539153.04
FR,2017,07,08,FALSE,4,1317690.8
CZ,2019,01,05,TRUE,3,375671.4
SK,2018,01,04,FALSE,4,470700
LT,2018,02,01,FALSE,2,102970
DE,2021,10,06,FALSE,3,16190235
IT,2016,10,06,FALSE,2,7199241.9
FR,2020,03,07,FALSE,4,888996
IT,2022,unresolved,09,FALSE,2,631939.28
BG,2020,03,04,FALSE,4,4219858.89
AT,2025,05,08,FALSE,1,
BE,2024,06,04,FALSE,9,10217584.45
IT,2017,10,04,FALSE,1,
BE,2019,04,01,FALSE,13,
HU,2022,05,04,FALSE,7,3836223.72
UK,2016,07,04,FALSE,7,900279853.45
NL,2023,01,08,FALSE,3,1700000
PT,2018,05,01,FALSE,3,9e+05
LT,2025,04,08,FALSE,1,909090
IE,2024,unresolved,04,FALSE,2,215000
BE,2023,01,08,FALSE,3,3e+06
ES,2020,10,06,FALSE,3,1279128.63
FR,2024,06,06,FALSE,5,5047321
DE,2025,09,09,FALSE,8,498930.68
HU,2025,03,02,FALSE,1,413984.260540568
LV,2023,06,06,FALSE,1,148777.89
IT,2016,02,02,FALSE,1,1232136
MK,2022,04,04,FALSE,5,2384856.26
MK,2020,05,08,FALSE,1,295159.63
IT,2017,04,07,FALSE,2,270607.9
PT,2020,unresolved,03,FALSE,1,
CZ,2019,02,05,TRUE,1,976861.71
DK,2019,unresolved,06,FALSE,1,298578.51
ES,2022,10,10,FALSE,2,1215637.74
HR,2022,06,04,FALSE,9,4717205.44
GR,2024,09,01,FALSE,5,502246.8
HU,2022,01,04,FALSE,6,6339068.25
BE,2018,05,07,FALSE,4,1323572.8
BE,2017,02,02,FALSE,1,573710
ES,2022,10,07,FALSE,3,1346060
CZ,2016,unresolved,08,FALSE,4,1104961.38
IE,2016,09,01,FALSE,7,2235400
FI,2018,03,01,FALSE,4,2109320
DE,2017,07,08,FALSE,2,355000
PL,2021,05,08,FALSE,2,525399.77
IT,2024,09,05,TRUE,3,1243913.19
NO,2021,10,04,FALSE,1,
DK,2022,unresolved,04,FALSE,2,
EE,2019,08,05,TRUE,2,
PT,2016,03,01,FALSE,1,371096
FI,2019,unresolved,08,FALSE,2,
HU,2023,09,08,FALSE,2,316415.073577008
FR,2023,02,02,FALSE,2,
IT,2021,01,07,FALSE,2,615034.85
UK,2020,05,08,FALSE,2,482870.63
PL,2016,02,05,TRUE,4,5955111.38
IE,2020,02,04,FALSE,1,369271
GR,2019,05,04,FALSE,7,1464232
HR,2021,08,09,FALSE,4,1680081.69
ES,2018,09,03,FALSE,3,707331
CZ,2023,01,03,FALSE,6,1050667.04417765
PL,2016,06,06,FALSE,1,458407.76
MK,2023,unresolved,none,FALSE,7,8367241.21
LT,2024,02,08,FALSE,2,1090784.48
BE,2017,05,07,FALSE,1,
LV,2018,08,06,FALSE,4,5093536.08
LT,2020,04,03,FALSE,1,540000
PL,2019,09,05,TRUE,2,472212.13
CY,2024,05,07,FALSE,2,8329597.75
IE,2025,03,04,FALSE,2,499842.41
PT,2025,10,04,FALSE,1,467100
IE,2018,07,10,FALSE,4,24774700
LV,2021,01,03,FALSE,2,42556.98
BE,2019,01,05,TRUE,2,544654.73
HR,2019,unresolved,08,FALSE,2,1067086.74
EE,2024,09,04,FALSE,2,332307.88
BE,2022,unresolved,09,FALSE,1,
RO,2025,unresolved,none,FALSE,5,204103452.73313
MT,2020,08,none,FALSE,8,963105
LT,2023,01,05,TRUE,3,259061.16
FI,2016,09,01,FALSE,2,2132897.58
GR,2016,02,08,FALSE,1,
FR,2022,08,04,FALSE,5,3e+05
UK,2017,09,06,FALSE,2,678197.58
GR,2020,04,01,FALSE,5,321018.9
LU,2020,10,none,FALSE,2,15318600
PL,2022,unresolved,06,FALSE,4,2380917.51
NL,2019,01,08,FALSE,4,1850000
PL,2024,03,05,TRUE,5,891930.598476244
MT,2025,06,01,FALSE,1,1220279.38
HU,2023,09,05,TRUE,2,555914.666319088
LU,2024,01,01,FALSE,6,51987534.33
FR,2016,08,05,TRUE,9,1304258.28
DE,2017,06,08,FALSE,3,245846.82
NL,2019,05,08,FALSE,1,184650
BE,2016,03,01,FALSE,2,
NO,2021,02,03,FALSE,4,68875266.89
PL,2023,09,10,FALSE,2,200675.19
NL,2017,04,09,FALSE,3,
FI,2016,01,05,TRUE,3,950000
ES,2018,10,08,FALSE,2,438210
RO,2017,01,09,FALSE,1,
PL,2023,06,07,FALSE,2,853300.516785779
CH,2016,unresolved,07,FALSE,1,
IE,2022,02,03,FALSE,1,
IT,2021,10,04,FALSE,2,
HU,2018,02,01,FALSE,2,12444591.72
BE,2019,04,03,FALSE,3,
SI,2024,07,09,FALSE,1,163056
NL,2019,08,04,FALSE,1,4e+05
DK,2019,01,05,TRUE,2,582150.25
PL,2021,unresolved,03,FALSE,7,171030.84
BE,2018,03,04,FALSE,1,
CY,2024,03,04,FALSE,2,751152.47
BG,2024,05,06,FALSE,1,191226.096737908
FR,2019,09,05,TRUE,1,146329.33
PT,2020,unresolved,06,FALSE,2,566000
LT,2017,03,04,FALSE,2,442146
NO,2021,03,02,FALSE,3,
MT,2018,09,03,FALSE,1,92065.85
NO,2021,01,06,FALSE,2,
UK,2017,unresolved,08,FALSE,2,2662767.06
GR,2023,unresolved,05,TRUE,8,6270038.55
LV,2021,06,01,FALSE,1,184900
LV,2020,10,01,FALSE,6,1642338
LV,2023,06,01,FALSE,1,264000
MK,2023,unresolved,04,FALSE,3,681565.92
EE,2019,04,08,FALSE,1,
FR,2021,03,06,FALSE,2,74000
DK,2017,10,01,FALSE,1,954480.68
DK,2023,09,01,FALSE,2,1612989.95
UK,2017,06,07,FALSE,1,345800.59
AT,2022,08,09,FALSE,1,
HU,2022,03,02,FALSE,1,
LU,2024,05,04,FALSE,1,2276127.27
DE,2025,02,09,FALSE,1,
BG,2019,07,09,FALSE,3,943395.31
SI,2023,unresolved,06,FALSE,3,753933.68
LT,2022,08,05,TRUE,5,702066.11
IT,2021,02,07,FALSE,1,450000
BG,2016,07,04,FALSE,3,592810.84
DK,2023,07,05,TRUE,1,1647791.94683213
IE,2025,01,08,FALSE,1,75250
SK,2024,01,09,FALSE,1,5646900
NO,2017,03,01,FALSE,3,730781.6
NL,2020,02,02,FALSE,2,6500000
NL,2017,10,01,FALSE,2,
SE,2020,03,03,FALSE,2,70420.23
DE,2018,03,03,FALSE,4,
BE,2023,05,07,FALSE,2,
HR,2025,01,06,FALSE,2,419056.02
NO,2024,09,04,FALSE,1,175165.093100247
PT,2023,05,05,TRUE,1,367900
HU,2025,09,09,FALSE,2,1377120.59832135
BE,2022,01,06,FALSE,2,553035.18
ES,2024,04,08,FALSE,1,
HU,2018,03,02,FALSE,1,299938.91
SE,2022,01,06,FALSE,2,1665598.98
BG,2022,07,03,FALSE,1,2128.03
NL,2025,08,01,FALSE,4,1358610
GR,2025,09,04,FALSE,3,440749
BE,2024,09,05,TRUE,1,
RO,2025,02,02,FALSE,1,
MK,2023,10,none,FALSE,4,398756.55
ES,2023,08,08,FALSE,1,7339571.32
FR,2023,03,05,TRUE,1,2e+05
IE,2021,01,03,FALSE,1,805000
LV,2019,07,09,FALSE,3,315831
SE,2021,unresolved,04,FALSE,3,6308419.06
IT,2016,06,01,FALSE,1,451200
ES,2018,05,03,FALSE,3,793382.35
DE,2017,09,09,FALSE,1,334000
DK,2021,05,06,FALSE,1,228317.87
IT,2020,09,04,FALSE,1,1367119.99
LV,2017,03,04,FALSE,1,401652.89
PL,2023,03,08,FALSE,1,488078.706691544
NL,2025,07,05,TRUE,1,1115672.05
IE,2016,unresolved,03,FALSE,1,124097.5
DK,2022,02,04,FALSE,2,695172.79
PL,2016,10,10,FALSE,3,575747.71
SK,2018,02,02,FALSE,1,
LV,2018,01,08,FALSE,3,271199.04
DK,2021,01,06,FALSE,1,
RO,2023,10,10,FALSE,1,6257.22479916893
SK,2022,06,05,TRUE,1,19895765.54
EE,2021,10,10,FALSE,1,
BG,2019,unresolved,05,TRUE,2,953930.87
CH,2021,09,08,FALSE,1,192396.63
FI,2016,unresolved,06,FALSE,1,421858
FI,2024,10,07,FALSE,1,
DE,2024,05,07,FALSE,3,875000
CY,2025,08,08,FALSE,2,735900
AT,2016,09,08,FALSE,1,
CH,2025,04,08,FALSE,2,232408.0078125
BG,2025,06,06,FALSE,1,1023877.69710604
PT,2019,04,06,FALSE,2,200983.11
CY,2024,01,06,FALSE,1,28737.5
NL,2025,02,09,FALSE,1,
FR,2017,03,05,TRUE,1,
SK,2024,unresolved,01,FALSE,1,1200000
DE,2025,01,07,FALSE,3,163292.88
NL,2024,04,07,FALSE,2,18043500
CZ,2024,03,06,FALSE,1,2645602.6304849
IS,2019,04,05,TRUE,2,
IE,2019,05,01,FALSE,1,
MT,2020,06,09,FALSE,1,5040
DK,2018,01,07,FALSE,3,134170.56
BG,2018,03,02,FALSE,1,199790.37
IT,2023,08,08,FALSE,2,382800
SI,2022,02,05,TRUE,1,633770
IT,2020,01,03,FALSE,3,2062320.29
EE,2017,05,04,FALSE,1,2e+05
NL,2018,02,05,TRUE,1,332877
RO,2024,10,04,FALSE,1,893443.966874314
NO,2024,01,08,FALSE,1,264315.169408001
PT,2016,unresolved,06,FALSE,1,461069.28
FR,2020,03,06,FALSE,1,
AT,2017,05,05,TRUE,2,448979.6
DK,2024,05,01,FALSE,4,10280717.6193482
BG,2025,02,04,FALSE,1,92540.137028326
SK,2023,09,03,FALSE,1,1425000
LI,2020,03,none,FALSE,1,477392.99
PL,2025,07,09,FALSE,1,
CH,2019,08,08,FALSE,1,1187630.35
MT,2020,07,10,FALSE,1,
SE,2024,08,01,FALSE,2,1286930.97279871
IE,2024,02,02,FALSE,1,2420000
CH,2024,04,08,FALSE,1,1237477.13309885
SI,2021,09,04,FALSE,2,259691.18
NO,2018,04,09,FALSE,1,
RO,2020,unresolved,02,FALSE,2,593590.19
DE,2023,10,10,FALSE,1,
LT,2023,07,03,FALSE,1,30300
IS,2021,07,10,FALSE,1,599400.6
MK,2024,05,06,FALSE,2,1890570
HU,2024,03,04,FALSE,1,424389.584604931
EE,2025,03,05,TRUE,1,
PT,2020,01,09,FALSE,1,474087.94
PL,2023,05,03,FALSE,1,
EE,2025,01,09,FALSE,2,122341
IS,2025,01,09,FALSE,1,
SK,2025,08,09,FALSE,1,197449.43
GR,2017,04,03,FALSE,1,340000
NL,2018,unresolved,08,FALSE,1,
BG,2018,10,06,FALSE,1,389592.57
CZ,2022,09,03,FALSE,1,16224.34
DK,2020,10,10,FALSE,1,
HU,2021,04,07,FALSE,1,387007.7
FR,2021,09,07,FALSE,1,
SE,2019,06,08,FALSE,1,
ES,2022,03,06,FALSE,2,325559.06
BE,2023,02,01,FALSE,1,17229526.94
HR,2018,08,09,FALSE,1,697009.11
FR,2024,09,10,FALSE,1,
PL,2018,03,07,FALSE,2,510621.61
IS,2021,06,none,FALSE,3,2973405
MK,2017,unresolved,01,FALSE,1,64920.32
FI,2020,unresolved,09,FALSE,1,
BE,2021,02,01,FALSE,1,396000
NL,2024,03,06,FALSE,1,
LV,2017,06,04,FALSE,2,331308
DK,2022,06,06,FALSE,1,
BE,2018,07,03,FALSE,1,631017.06
DK,2018,09,06,FALSE,1,
LI,2021,07,none,FALSE,2,1654066.23
CY,2023,01,06,FALSE,1,312070
AT,2016,10,07,FALSE,2,
RO,2025,09,10,FALSE,1,8829121.41021393
EE,2025,01,06,FALSE,1,345100
ES,2025,10,05,TRUE,1,301914
NO,2017,unresolved,06,FALSE,1,2126955.08
EE,2020,07,05,TRUE,1,
CH,2017,01,05,TRUE,1,986588.56
FI,2023,06,06,FALSE,1,390842910.020964
SE,2017,07,09,FALSE,1,415148.78
RO,2016,01,07,FALSE,1,339912.41
UK,2016,unresolved,08,FALSE,1,
SI,2022,10,04,FALSE,1,59016.39
AT,2018,09,08,FALSE,1,5139625
RO,2017,09,09,FALSE,1,130320.12
ES,2022,03,07,FALSE,1,43064953.92
IE,2021,07,09,FALSE,1,380000
LT,2025,07,03,FALSE,1,67770
FI,2023,02,01,FALSE,1,
UK,2016,01,09,FALSE,2,397813.25
DE,2019,07,07,FALSE,2,
PL,2025,unresolved,08,FALSE,1,629972.096423371
IE,2023,03,03,FALSE,1,
NL,2022,10,07,FALSE,1,34999.98
CZ,2020,unresolved,03,FALSE,2,748822.27
RO,2023,10,09,FALSE,1,2298075.56
NL,2021,03,08,FALSE,1,
IS,2023,01,05,TRUE,1,
SE,2024,07,06,FALSE,1,
NL,2022,08,04,FALSE,1,670000
NO,2021,05,01,FALSE,1,324697.69
IT,2020,09,09,FALSE,1,245138.97
LT,2017,02,04,FALSE,1,493616.79
FR,2024,05,09,FALSE,1,
PT,2024,09,08,FALSE,1,6831.63
DK,2019,10,06,FALSE,1,725961.35
EE,2021,04,07,FALSE,1,187858
LU,2021,04,04,FALSE,1,689616
DE,2016,06,08,FALSE,1,62105
FR,2025,08,07,FALSE,1,
LU,2020,01,09,FALSE,1,3286500
CH,2018,10,09,FALSE,1,24384.42
CZ,2019,09,07,FALSE,1,20469.93
MK,2022,08,none,FALSE,1,
SK,2025,01,none,FALSE,509,1892022081.85
PL,2025,09,none,FALSE,3045,1354207594.11935
FI,2025,01,none,FALSE,1226,2691196949.15
ES,2023,01,none,FALSE,6457,8215285815.96
ES,2025,07,none,FALSE,5121,7868476359.07508
SE,2025,09,10,FALSE,2,208661.44783424
IE,2024,01,none,FALSE,1032,2330873355.68
PL,2023,04,none,FALSE,7992,19105368175.8343
SE,2024,04,none,FALSE,1131,5665085789.63412
DE,2024,08,none,FALSE,1403,402255430.58
DE,2024,05,none,FALSE,2553,1328392612.31
DE,2025,04,06,FALSE,15,8161233.25
LT,2024,05,none,FALSE,250,197294943.02
CZ,2025,09,none,FALSE,1290,721394059.703211
BG,2025,03,none,FALSE,357,429449214.397485
HR,2025,01,01,FALSE,92,74047576.04
PL,2025,05,none,FALSE,3641,6064442433.93585
FR,2025,08,none,FALSE,1523,6891055813.27
FI,2023,01,none,FALSE,1019,2320559081.48
DE,2025,03,none,FALSE,2017,2220140745.81
BE,2024,03,none,FALSE,162,130561558.39
EE,2023,08,none,FALSE,17,30281827.98
LT,2024,03,none,FALSE,283,149735215.88
SI,2025,04,01,FALSE,39,46424373.62
SI,2025,04,none,FALSE,859,1983624112.63
SK,2025,03,none,FALSE,116,180576319.42
SE,2024,01,04,FALSE,73,36619950.3208113
FI,2023,03,none,FALSE,129,68528629.47
IT,2024,09,none,FALSE,576,3118987969.681
PL,2025,09,07,FALSE,24,79293391.742874
CH,2023,01,none,FALSE,1295,5754424534.95933
PT,2025,08,none,FALSE,82,183721870.96
RO,2025,10,none,FALSE,191,20037741.0197657
HU,2024,08,none,FALSE,218,217005830.453275
PT,2024,07,none,FALSE,1511,3725435930.22
NL,2023,01,none,FALSE,2995,5823001828.9
BG,2024,10,none,FALSE,146,65052326.6847326
CH,2025,06,none,FALSE,239,450904524.988474
BE,2023,01,09,FALSE,1,
CZ,2024,01,01,FALSE,263,277922762.887032
NO,2025,04,none,FALSE,472,3913096529.96299
BE,2023,01,none,FALSE,1253,2240688557.16
SK,2025,09,none,FALSE,209,198140483.61
PL,2025,05,05,TRUE,21,13538625.9805414
DE,2025,10,04,FALSE,92,15960743.7
BE,2023,07,01,FALSE,27,8023898.03
DE,2024,09,04,FALSE,98,46006972.12
AT,2025,08,none,FALSE,251,257572375.39
RO,2025,02,none,FALSE,222,395216619.391974
PT,2024,10,none,FALSE,135,438161102.29
RO,2023,10,none,FALSE,773,357206367.896198
CY,2025,07,none,FALSE,423,536900847.18
PL,2025,01,08,FALSE,38,6088375.06240186
LV,2023,01,none,FALSE,1123,861750740.19
EE,2025,08,06,FALSE,13,8957427.35
NL,2025,03,01,FALSE,21,22983500
FR,2024,06,05,TRUE,109,112076560.26
SK,2024,07,none,FALSE,457,630574287.89
FR,2020,08,none,FALSE,1015,4133883239.99
RO,2022,07,none,FALSE,9335,7418636041.86
HU,2017,03,none,FALSE,72,62523119.41
PL,2018,01,none,FALSE,2484,1886346091.33
FR,2016,01,none,FALSE,8718,11646335061.35
CZ,2021,07,none,FALSE,3416,2283362122.48
IT,2022,unresolved,none,FALSE,1188,4101641690.25
AT,2019,09,none,FALSE,367,233220768.43
DK,2021,06,none,FALSE,229,1442006224.16
LT,2019,unresolved,none,FALSE,307,523902320.45
BE,2018,01,none,FALSE,949,1172128741.2
BG,2020,09,none,FALSE,563,116876116.3
AT,2017,05,none,FALSE,74,245415742.96
SK,2022,04,none,FALSE,783,2065685294.72
AT,2016,07,none,FALSE,431,365513989.52
DE,2019,unresolved,none,FALSE,5629,6564042636.73
BG,2016,04,none,FALSE,1663,1252912152.41
NO,2023,03,none,FALSE,119,548244814.136342
FR,2016,07,none,FALSE,2742,1717296484.98
DE,2019,03,none,FALSE,1930,867402808.78
BG,2019,04,none,FALSE,3098,3969665621.62
NO,2023,01,none,FALSE,1444,4721239408.13991
BG,2018,01,none,FALSE,1788,606412659.85
LT,2023,07,none,FALSE,1833,363869560.46
ES,2017,04,none,FALSE,2191,5310673688.53
HR,2021,07,none,FALSE,721,372221005.62
CH,2020,04,none,FALSE,549,868798455.66
DE,2020,08,none,FALSE,1285,681766829.07
IT,2020,05,none,FALSE,1261,3728775009.56
CZ,2017,02,none,FALSE,364,118103091.3
ES,2017,unresolved,none,FALSE,1024,921478277.58
LT,2017,02,none,FALSE,85,26877128.72
AT,2023,04,none,FALSE,1054,3861774211.79
ES,2017,05,none,FALSE,730,2165017655.63
DK,2021,05,none,FALSE,320,767822809.76
SI,2021,10,none,FALSE,216,28187256.37
BG,2019,07,none,FALSE,1515,728734987.72
HR,2020,04,none,FALSE,547,1117230864.42
CZ,2018,02,none,FALSE,357,475465618.9
ES,2022,10,none,FALSE,866,3925628029.19
EE,2022,08,none,FALSE,54,85235129.1
NL,2017,10,none,FALSE,89,575547466.28
LV,2022,01,none,FALSE,850,218243090.13
SE,2019,09,none,FALSE,501,1402696957.29
RO,2018,01,none,FALSE,468,185610544.26
RO,2021,05,none,FALSE,211,488480146.99
BE,2021,07,none,FALSE,650,466420159.32
NL,2018,03,none,FALSE,364,165524157.22
NL,2018,07,none,FALSE,305,1003332875.83
AT,2016,09,none,FALSE,281,143706409.52
SK,2016,07,none,FALSE,120,135715285
FI,2020,09,none,FALSE,303,223115801.25
PT,2017,07,none,FALSE,1985,298378875.95
FR,2018,10,none,FALSE,625,459609344.46
SE,2019,07,none,FALSE,1021,2041204300.72
LU,2017,01,none,FALSE,218,274353081.84
FR,2019,01,01,FALSE,336,178805504.81
BG,2017,09,08,FALSE,13,1395912.84
FR,2023,06,07,FALSE,21,8652778.06
PL,2019,04,04,FALSE,496,1174417587.55
FR,2018,06,04,FALSE,214,208468609.29
DE,2018,09,04,FALSE,45,24983023.93
FI,2016,03,02,FALSE,8,3021474
PL,2023,04,04,FALSE,926,2032114196.20174
PL,2023,02,03,FALSE,56,54263275.8071488
BE,2016,01,04,FALSE,8,3378736.16
SK,2023,04,04,FALSE,20,21652342.86
FR,2020,01,09,FALSE,44,12147135.26
CZ,2022,04,04,FALSE,155,201054353.84
NL,2017,07,10,FALSE,79,553028767.8
PT,2021,01,01,FALSE,48,70392780.75
IE,2020,10,none,FALSE,18,25828623
LV,2018,05,none,FALSE,117,111897648.04
BE,2023,04,none,FALSE,554,1285371344.87
SE,2021,09,none,FALSE,731,1072930322.59
FR,2021,02,none,FALSE,541,1243547565.84
LT,2020,01,none,FALSE,600,244777694.28
SE,2018,09,none,FALSE,428,795630387.6
IT,2017,06,none,FALSE,162,217985337.47
HU,2023,09,none,FALSE,304,330652443.303738
BE,2017,06,none,FALSE,117,407791500.92
AT,2017,06,none,FALSE,156,90013937
AT,2018,unresolved,none,FALSE,444,596909409.37
EE,2019,10,none,FALSE,44,6225623.09
GR,2020,01,none,FALSE,608,275092713.58
SE,2022,02,none,FALSE,91,998289826.8
SI,2023,05,none,FALSE,170,78023298.31
BG,2023,03,none,FALSE,380,208600581.989798
SE,2022,06,none,FALSE,500,1389196972.81
LU,2018,unresolved,none,FALSE,83,64496189.93
UK,2020,02,none,FALSE,103,1568092119.65
NL,2020,05,none,FALSE,404,274230451.93
FI,2019,10,none,FALSE,82,141200263
LU,2016,unresolved,none,FALSE,265,88279119.41
DK,2022,06,none,FALSE,271,1017523647.64
IT,2018,03,none,FALSE,115,1353337406.06
LU,2023,09,none,FALSE,20,10899983.93
ES,2020,02,none,FALSE,444,894723030.15
SE,2016,03,none,FALSE,122,6412563.24
LV,2018,06,none,FALSE,42,11324749.5
BG,2018,09,none,FALSE,309,55482008.61
AT,2020,03,none,FALSE,132,82302339.21
PL,2023,06,none,FALSE,812,895858734.839096
HR,2017,03,none,FALSE,40,19086575.01
GR,2022,06,none,FALSE,101,160466508.78
NO,2017,02,none,FALSE,53,62052615.93
NO,2020,01,03,FALSE,4,158540.68
NL,2023,08,06,FALSE,134,161757830.19
NL,2019,07,10,FALSE,55,174724819.09
FR,2017,04,05,TRUE,105,195553819.86
IT,2019,05,04,FALSE,24,77666590.07
PL,2020,04,04,FALSE,438,844675829.06
FR,2017,01,09,FALSE,37,6557327
UK,2021,07,01,FALSE,21,85537988.62
CZ,2023,05,07,FALSE,6,6704897.22
HU,2020,05,04,FALSE,4,5192677.29
ES,2023,05,01,FALSE,21,18211944.68
HU,2016,04,05,TRUE,34,87136039.97
PL,2022,08,09,FALSE,31,4920103.96
CZ,2019,04,04,FALSE,90,79950859.5
DE,2020,unresolved,08,FALSE,19,3271768.76
ES,2023,06,05,TRUE,51,168342558.07
CZ,2018,04,03,FALSE,15,6497757.65
BE,2017,07,05,TRUE,1,3937879.74
DK,2019,04,04,FALSE,3,
UK,2016,06,01,FALSE,21,7425224.35
DE,2019,05,04,FALSE,70,98490580.47
SI,2019,07,01,FALSE,15,8774009.59
CH,2022,01,05,TRUE,6,13896570.85
PL,2023,01,01,FALSE,248,89937385.6476485
FR,2021,09,03,FALSE,6,
AT,2018,06,04,FALSE,9,5157457.77
PL,2020,04,05,TRUE,247,384925229.47
SI,2018,04,04,FALSE,27,16623795.62
DE,2021,01,05,TRUE,224,86245454.33
PL,2020,unresolved,01,FALSE,202,153786435.07
DE,2018,10,06,FALSE,7,53049312.83
DE,2017,05,05,TRUE,30,40615964.09
CZ,2019,unresolved,01,FALSE,110,95174549.94
BE,2022,unresolved,01,FALSE,29,2929838.46
HR,2020,06,05,TRUE,34,441294217.08
FR,2022,unresolved,01,FALSE,167,101844836.2
RO,2019,04,05,TRUE,68,126061901.13
GR,2022,09,01,FALSE,16,4650430.71
NL,2017,01,01,FALSE,145,175505726.7
PL,2016,04,05,TRUE,105,266009724.89
IT,2021,02,03,FALSE,15,159659285.38
HR,2020,unresolved,01,FALSE,25,6808388.73
RO,2023,unresolved,01,FALSE,44,11694298.0781624
CZ,2022,04,07,FALSE,17,675758.96
ES,2021,07,01,FALSE,99,56354037
PL,2016,07,10,FALSE,33,28590943.33
CZ,2023,03,01,FALSE,151,336764535.145365
IT,2019,08,06,FALSE,69,90115112.6
DE,2020,10,01,FALSE,50,8494063.06
RO,2019,04,01,FALSE,11,16557453.43
SI,2017,04,04,FALSE,36,32264274.22
DK,2021,07,10,FALSE,29,315172076.92
IT,2020,08,05,TRUE,26,57007750.82
UK,2019,unresolved,01,FALSE,28,49706224.28
UK,2018,09,01,FALSE,65,51031310.18
DE,2019,06,05,TRUE,121,96455440.58
HU,2023,unresolved,04,FALSE,19,8390805.25620877
NO,2017,06,05,TRUE,10,21270853.61
DE,2017,07,03,FALSE,16,3142317.4
IT,2016,07,01,FALSE,24,29498463.82
PL,2018,09,05,TRUE,4,286730.02
RO,2020,01,03,FALSE,3,1254208.91
FI,2022,01,04,FALSE,21,4946940
SE,2019,08,09,FALSE,25,14759591.45
CZ,2019,03,01,FALSE,60,106663002.8
BE,2022,01,05,TRUE,7,17671151.77
UK,2020,10,06,FALSE,9,5460646.69
BE,2018,03,03,FALSE,1,
FR,2022,09,01,FALSE,40,41835334.4
IT,2019,04,05,TRUE,86,470723060.94
BE,2019,02,03,FALSE,18,36846591.21
PL,2019,02,05,TRUE,3,3628184.98
DE,2023,03,01,FALSE,48,18227317.39
UK,2017,06,05,TRUE,13,45241291.69
PT,2023,01,06,FALSE,5,1288600.11
PT,2023,01,01,FALSE,94,79000752.19
FR,2023,08,09,FALSE,168,216205268.91
EE,2024,04,05,TRUE,15,3055186.08
SE,2025,09,01,FALSE,13,9161936.06657126
IS,2025,01,none,FALSE,71,1389046809.54826
DE,2025,03,01,FALSE,42,10685264.08
SE,2025,06,05,TRUE,31,33842497.2791769
LT,2024,08,none,FALSE,67,121465937.67
IT,2024,06,05,TRUE,65,1228578565.78
GR,2024,02,none,FALSE,31,29968659.11
CZ,2025,01,06,FALSE,14,4825519.70039351
SE,2025,04,04,FALSE,41,14021743.1291608
LV,2024,08,none,FALSE,59,5880821.46
LV,2025,04,01,FALSE,23,13154308.93
DE,2021,07,10,FALSE,65,104619600.64
HR,2018,04,05,TRUE,33,25727323.55
BG,2020,04,01,FALSE,16,10787067.63
SK,2019,unresolved,01,FALSE,28,29913428.02
DE,2019,03,02,FALSE,50,23306578.01
DE,2016,07,03,FALSE,16,1041273.74
MT,2022,09,none,FALSE,58,15324530.29
SE,2021,09,01,FALSE,16,2211177.85
DK,2016,02,01,FALSE,7,5300717.24
DE,2022,unresolved,09,FALSE,11,677555.85
HR,2024,06,05,TRUE,49,346662389.77
AT,2019,01,04,FALSE,14,9771600.42
RO,2019,08,06,FALSE,22,134870224.6
ES,2016,05,07,FALSE,10,11519619.49
NO,2021,04,07,FALSE,6,1023289.68
SE,2023,09,01,FALSE,15,27883009.1877896
ES,2021,04,06,FALSE,17,7452937.41
DE,2017,03,01,FALSE,26,8099849.47
DE,2016,05,01,FALSE,10,9174154.14
FR,2023,01,09,FALSE,42,19107498.84
CH,2021,01,04,FALSE,28,38523980.93
DE,2022,unresolved,08,FALSE,26,3501436.28
FR,2019,10,04,FALSE,21,9705451.98
UK,2019,04,05,TRUE,59,43090494.86
LU,2016,08,06,FALSE,1,184275.59
DE,2016,02,09,FALSE,1,
LV,2023,02,04,FALSE,9,831165.35
NL,2023,06,04,FALSE,33,57332375.68
PL,2025,06,04,FALSE,26,24420495.8536512
RO,2024,01,04,FALSE,68,139911574.209606
CY,2025,05,none,FALSE,70,66061339.65
BG,2016,04,05,TRUE,18,20469306.22
RO,2022,04,03,FALSE,10,19473014.9
SK,2022,07,07,FALSE,4,1374079.32
IT,2017,02,01,FALSE,7,3685831.02
CH,2023,07,01,FALSE,14,21201360.6528843
FR,2020,08,08,FALSE,5,638000
FR,2017,10,09,FALSE,67,182471361.21
FR,2019,07,07,FALSE,3,1502256
NL,2022,01,08,FALSE,3,398529.89
ES,2019,06,05,TRUE,21,8208003.81
DE,2018,10,05,TRUE,2,389695.73
BE,2018,06,05,TRUE,4,2831632.46
LT,2019,09,01,FALSE,8,1734566.51
CH,2017,06,04,FALSE,6,3562019.34
CH,2019,04,05,TRUE,20,5091210.48
SI,2023,01,04,FALSE,12,18630036.8
CH,2016,04,04,FALSE,6,672573.84
PL,2021,02,02,FALSE,2,12695727.81
BE,2023,08,06,FALSE,54,12576977.22
DE,2023,04,03,FALSE,64,16756469.42
ES,2022,unresolved,03,FALSE,3,6872348.3
FR,2016,03,02,FALSE,14,3962909.95
RO,2017,06,04,FALSE,14,1676009.68
DE,2017,02,05,TRUE,6,2643809.4
IE,2020,04,01,FALSE,7,67675553
PT,2021,07,06,FALSE,2,722524.59
SK,2019,07,01,FALSE,10,12735777.2
IT,2024,09,06,FALSE,2,3e+07
ES,2022,09,01,FALSE,61,28814725.8
NL,2020,06,05,TRUE,4,5375000
PT,2023,07,01,FALSE,16,22097582.38
CZ,2023,06,05,TRUE,33,68062861.6765749
IT,2025,08,05,TRUE,27,59662762.48
HU,2020,01,none,FALSE,238,473252082.19
GR,2017,09,none,FALSE,89,50233216.06
HR,2016,06,none,FALSE,53,65926448.97
LT,2023,09,none,FALSE,346,64508923.21
SK,2021,03,none,FALSE,103,33401215.15
NL,2023,02,none,FALSE,123,436037341.87
CH,2016,01,none,FALSE,53,13693546.76
MT,2021,01,none,FALSE,172,190842870.66
LT,2020,03,none,FALSE,162,55080930.81
BG,2022,03,none,FALSE,292,137538367.3
LT,2019,03,none,FALSE,156,59902890.87
LV,2016,09,none,FALSE,132,78955357.4
FI,2017,09,none,FALSE,222,191181296.8
CH,2016,06,none,FALSE,34,
NO,2022,02,none,FALSE,65,54493230.39
RO,2016,10,none,FALSE,189,140242024.65
MT,2018,07,none,FALSE,170,93335034.08
PT,2018,08,none,FALSE,24,22770531.94
BG,2023,02,none,FALSE,161,67234631.7382902
HU,2016,08,none,FALSE,87,195426471.62
BG,2021,02,none,FALSE,120,15386033.99
EE,2018,01,none,FALSE,156,59393315.77
NO,2024,07,10,FALSE,41,201907898.507731
UK,2023,01,none,FALSE,78,1015017802.98809
FR,2023,unresolved,07,FALSE,5,4369615.52
FR,2017,03,02,FALSE,13,4675752.34
ES,2023,07,04,FALSE,29,23902794.96
DE,2019,10,01,FALSE,49,1375436.4
GR,2023,04,05,TRUE,28,23966515.71
GR,2020,08,none,FALSE,88,31745105.43
CZ,2017,08,none,FALSE,166,218946497.76
RO,2019,05,none,FALSE,154,368377261.83
PT,2022,01,01,FALSE,65,58566623.52
CZ,2023,07,04,FALSE,25,9854930.41334754
BE,2021,05,01,FALSE,2,110035
PL,2022,07,04,FALSE,19,3503722.24
HR,2018,03,none,FALSE,62,20437012.24
DE,2023,09,07,FALSE,3,2362977.94
LU,2017,07,none,FALSE,20,13724093.8
HU,2016,03,01,FALSE,3,1065913.54
DE,2019,05,07,FALSE,6,438800
IE,2023,04,05,TRUE,14,14814800
NO,2021,unresolved,04,FALSE,5,4663724.58
SI,2018,09,01,FALSE,9,967407.7
UK,2020,09,04,FALSE,8,20800723.84
ES,2021,04,07,FALSE,43,24116030.71
UK,2019,02,none,FALSE,189,1041223139.51
RO,2023,01,05,TRUE,21,2884550631.56304
DE,2019,01,07,FALSE,1,
PL,2019,09,01,FALSE,136,118613532.86
LU,2019,03,none,FALSE,9,13810879.27
UK,2019,08,09,FALSE,16,8311257.89
SE,2023,01,09,FALSE,10,6929685.58155655
ES,2016,07,10,FALSE,20,47195365.41
CZ,2018,08,09,FALSE,36,3401704.97
LT,2022,03,01,FALSE,7,1479295.47
MT,2017,08,none,FALSE,20,1058830.02
SI,2023,unresolved,01,FALSE,29,23352003.17
BG,2022,09,04,FALSE,8,807227.8
BE,2020,01,01,FALSE,23,20221243.53
IE,2020,03,01,FALSE,2,1750000
BG,2021,01,04,FALSE,16,2524169.05
PL,2020,05,07,FALSE,50,17637771.66
HR,2018,06,none,FALSE,33,21817591.62
UK,2023,03,none,FALSE,17,17256265.7746585
NL,2024,03,02,FALSE,33,19962453.8
ES,2023,02,03,FALSE,28,37446974.44
FR,2025,07,01,FALSE,51,16900470.4
FR,2024,09,04,FALSE,21,6223627.93
ES,2025,04,01,FALSE,25,39461291.1
RO,2025,03,01,FALSE,25,14616280.6202701
FI,2024,08,09,FALSE,12,3527677.23
NL,2025,unresolved,none,FALSE,35,351557445.89
FR,2024,04,06,FALSE,13,42084435.5
NL,2023,04,04,FALSE,21,23174902.45
HR,2024,01,07,FALSE,1,
HR,2024,05,07,FALSE,5,16696208.4
UK,2025,08,none,FALSE,5,3194245.61752038
SE,2025,08,09,FALSE,25,4062808.1001722
DK,2024,04,04,FALSE,25,195943815.48145
LV,2021,08,none,FALSE,47,22056626.63
LT,2021,06,none,FALSE,60,9608489.4
EE,2017,02,none,FALSE,39,30804488.39
IE,2023,02,none,FALSE,29,72440297.15
LT,2019,08,none,FALSE,56,49360925.67
DE,2023,06,03,FALSE,4,171289.03
EE,2024,10,none,FALSE,76,22779801.53
IE,2024,05,04,FALSE,2,1347605
IT,2024,02,04,FALSE,9,3240083.81
NL,2025,04,01,FALSE,5,9076399
PL,2019,04,07,FALSE,12,1604487.52
GR,2019,04,05,TRUE,14,43616167.78
CH,2022,01,06,FALSE,9,3221172.1
LT,2018,01,06,FALSE,2,
LV,2022,06,06,FALSE,1,312000
FR,2021,09,09,FALSE,20,1186145.02
SK,2020,07,04,FALSE,1,359166
LT,2020,08,none,FALSE,41,13285151.96
FR,2023,unresolved,03,FALSE,23,11007011.82
IT,2017,03,02,FALSE,4,8139725.36
BG,2020,04,07,FALSE,1,
IT,2020,01,06,FALSE,2,2670798
SK,2019,09,01,FALSE,2,10443166.67
NL,2020,04,09,FALSE,5,22480000
MK,2019,02,none,FALSE,7,542773.97
LU,2020,06,05,TRUE,1,822388
IE,2018,unresolved,04,FALSE,2,2400000
ES,2017,01,06,FALSE,17,7878185.28
CY,2021,05,none,FALSE,12,77386838.14
DK,2017,unresolved,06,FALSE,2,499751.3
DE,2023,01,08,FALSE,23,4065906.41
LV,2019,04,07,FALSE,1,2646.36
CZ,2019,10,01,FALSE,10,26571562.22
AT,2017,unresolved,01,FALSE,15,10290908.18
MK,2020,09,none,FALSE,3,309950.86
FR,2020,unresolved,03,FALSE,13,4144370.5
GR,2022,07,01,FALSE,7,1595624.92
ES,2021,02,02,FALSE,2,3974270
NL,2019,03,02,FALSE,12,3677888.2
HU,2021,08,09,FALSE,13,5793990.17
FR,2018,01,09,FALSE,38,8703232.45
SI,2021,02,04,FALSE,4,1768272.32
BE,2020,06,01,FALSE,1,5738488.8
SE,2016,01,03,FALSE,7,422435.55
IE,2017,01,01,FALSE,9,1508298
IE,2025,04,07,FALSE,35,2219966
IT,2023,01,04,FALSE,7,31583832.45
SI,2023,01,01,FALSE,35,18936409.11
PL,2023,07,09,FALSE,6,1626997.00113646
LU,2023,06,05,TRUE,2,430968.19
CH,2024,06,05,TRUE,5,13215533.9346532
HU,2025,09,01,FALSE,15,4052444.57273038
LV,2025,07,10,FALSE,3,2345642.26
SE,2025,09,09,FALSE,1,
LT,2025,09,03,FALSE,2,259308
NL,2024,04,08,FALSE,1,
BE,2023,04,03,FALSE,3,293321.65
PL,2025,01,06,FALSE,11,7568512.71040492
HU,2024,unresolved,none,FALSE,4,12743272.3887674
HR,2024,07,10,FALSE,1,7010000
SE,2016,07,06,FALSE,2,
PL,2018,05,07,FALSE,8,4035703.48
PL,2017,03,04,FALSE,17,4178647.91
ES,2020,04,07,FALSE,24,9707914.4
BG,2016,03,01,FALSE,5,588327.13
CZ,2022,02,05,TRUE,1,297746.29
BE,2021,unresolved,04,FALSE,12,72694220.75
PL,2018,09,09,FALSE,7,156305.04
CZ,2021,04,03,FALSE,14,2936818.98
BE,2021,02,03,FALSE,6,727235
FI,2022,01,01,FALSE,17,15190461.4
PL,2020,04,09,FALSE,3,958465.56
DE,2021,03,04,FALSE,22,2812381.53
SI,2019,01,05,TRUE,2,954720
UK,2020,07,09,FALSE,5,4140722.72
SI,2020,07,01,FALSE,15,4650869.44
AT,2023,06,05,TRUE,2,781991.58
AT,2024,01,08,FALSE,2,
CY,2020,05,none,FALSE,9,36024148.6
CY,2018,04,04,FALSE,1,130000
HU,2018,04,07,FALSE,2,
GR,2021,05,07,FALSE,13,3387180.15
SI,2023,02,03,FALSE,12,47799446.75
CY,2022,06,none,FALSE,5,12461878.5
CY,2019,05,none,FALSE,12,55719742.74
IE,2024,unresolved,none,FALSE,33,205723698
UK,2022,06,01,FALSE,2,
DK,2025,07,01,FALSE,7,26043910.7028623
BE,2024,01,01,FALSE,96,314508372.49
SE,2024,09,01,FALSE,8,5385497.02068281
BG,2024,09,09,FALSE,9,5043.966663258
BG,2025,09,03,FALSE,3,1341023.10563452
LV,2024,05,04,FALSE,6,1106394.04
SE,2024,04,05,TRUE,18,3387750.1499076
FI,2018,02,02,FALSE,2,350020
CZ,2017,07,04,FALSE,2,614621.28
FR,2022,unresolved,08,FALSE,22,10637996.93
NL,2018,09,04,FALSE,9,2500000
LT,2020,03,04,FALSE,3,3531877.62
UK,2020,09,01,FALSE,33,14609030.43
LT,2016,07,06,FALSE,1,279634.32
NL,2016,01,09,FALSE,1,
PT,2025,04,01,FALSE,14,6209329.5
IE,2024,04,06,FALSE,1,
MT,2025,04,05,TRUE,5,10600312.37
SE,2022,03,08,FALSE,1,
UK,2016,unresolved,04,FALSE,4,5542539.17
SI,2021,06,04,FALSE,11,1412898.55
AT,2017,04,01,FALSE,5,
BE,2018,04,04,FALSE,11,68331870.48
LT,2018,03,02,FALSE,7,1775660.26
CZ,2023,03,02,FALSE,4,461417.1579866
CH,2019,01,06,FALSE,8,4799536.17
FR,2018,10,08,FALSE,12,2089050.8
CH,2020,07,01,FALSE,8,5578454.78
SI,2018,03,02,FALSE,6,8590374.8
EE,2016,09,07,FALSE,1,351625
BE,2023,01,03,FALSE,1,
FI,2021,08,09,FALSE,7,
UK,2017,02,04,FALSE,6,21114199.25
AT,2025,02,none,FALSE,43,94930342.34
FR,2016,10,08,FALSE,10,354467
DK,2020,04,04,FALSE,16,8639280.78
RO,2017,06,06,FALSE,3,
PL,2021,03,03,FALSE,2,1246335.84
SI,2019,07,04,FALSE,10,1046866.52
LV,2019,05,08,FALSE,2,397983.42
PT,2018,07,04,FALSE,3,1169764.84
MT,2019,05,04,FALSE,2,776928
GR,2018,10,none,FALSE,11,4005500
IE,2021,07,10,FALSE,2,
HR,2020,04,07,FALSE,3,
UK,2018,08,09,FALSE,17,726226.67
ES,2016,09,04,FALSE,14,224701235.95
HU,2017,08,05,TRUE,6,10004542.22
NL,2018,05,06,FALSE,3,494500
EE,2022,02,01,FALSE,4,132697.57
HR,2021,01,04,FALSE,7,685258.6
DE,2016,08,06,FALSE,20,8183799.59
CY,2025,04,01,FALSE,3,619400
MT,2025,08,06,FALSE,2,24000
SE,2025,09,08,FALSE,1,
ES,2025,07,03,FALSE,2,1397269.98
PT,2017,unresolved,01,FALSE,7,4147384.22
MT,2023,06,04,FALSE,5,450231.05
NL,2022,04,04,FALSE,19,3081408.57
AT,2018,08,06,FALSE,10,3799610.25
BG,2022,03,04,FALSE,3,252582.06
CZ,2016,03,07,FALSE,2,33335342.63
AT,2018,01,05,TRUE,17,7493204.15
LT,2017,03,01,FALSE,8,2733369.95
LT,2023,07,10,FALSE,2,
NO,2019,04,01,FALSE,4,3451391.22
ES,2023,05,03,FALSE,2,215352.99
SK,2016,06,05,TRUE,2,23678875.24
DK,2022,06,05,TRUE,4,
GR,2021,07,07,FALSE,4,536295
LT,2018,unresolved,04,FALSE,5,2582760
CZ,2020,04,03,FALSE,16,16765664.94
BE,2016,08,06,FALSE,8,1580377.86
PT,2023,01,04,FALSE,23,47045559.03
FR,2021,07,09,FALSE,7,1021492
IT,2023,07,04,FALSE,7,6226020.28
LT,2020,10,10,FALSE,2,
SI,2017,07,04,FALSE,7,617902.85
EE,2019,08,09,FALSE,5,395130.73
EE,2018,10,07,FALSE,1,
SI,2016,unresolved,01,FALSE,7,4381715.1
ES,2023,unresolved,03,FALSE,3,603672.49
LT,2024,07,01,FALSE,19,10811539.94
DE,2025,03,09,FALSE,1,314567.35
DK,2017,unresolved,01,FALSE,2,1075471.19
FR,2022,03,04,FALSE,9,1096419989.85
EE,2018,09,04,FALSE,4,48170
SI,2023,02,09,FALSE,1,115471.2
FI,2016,01,01,FALSE,19,27179004
SE,2021,03,04,FALSE,2,394224.6
SE,2017,03,03,FALSE,2,
CY,2018,02,none,FALSE,7,13769206
IE,2024,01,06,FALSE,2,370000
PL,2020,08,05,TRUE,26,3102635.49
DK,2019,unresolved,03,FALSE,1,2195928.2
HR,2018,07,01,FALSE,5,801865.7
LV,2022,09,08,FALSE,1,161354
ES,2018,01,06,FALSE,15,6262116.19
LV,2017,07,01,FALSE,8,3657958.99
FI,2020,unresolved,05,TRUE,3,
PL,2020,10,10,FALSE,3,180654.98
BE,2025,08,05,TRUE,5,1530003.62
SK,2016,09,04,FALSE,1,
BG,2017,04,10,FALSE,4,203842.93
PL,2016,03,07,FALSE,1,
ES,2021,10,09,FALSE,7,10467578.28
NO,2019,04,03,FALSE,3,249515.28
PL,2023,10,09,FALSE,1,1322509.22309344
SI,2017,05,06,FALSE,1,432002.58
BG,2017,03,05,TRUE,4,178839.35
FR,2016,03,01,FALSE,4,6351831.27
MK,2016,06,06,FALSE,1,
MT,2018,05,01,FALSE,2,306060
ES,2016,01,06,FALSE,12,39810051.2
BG,2019,08,06,FALSE,4,4647714.48
LT,2023,unresolved,05,TRUE,8,1411879.66
HR,2022,03,01,FALSE,3,1086886.72
NO,2019,09,04,FALSE,4,5342860
RO,2019,04,06,FALSE,4,7223506.26
CZ,2023,07,07,FALSE,8,1738575.24537681
ES,2020,01,03,FALSE,4,1353673.76
NL,2022,01,09,FALSE,3,
EE,2018,09,09,FALSE,1,
HR,2016,09,06,FALSE,1,11080598.81
CH,2021,01,05,TRUE,3,2630977.39
LT,2022,01,03,FALSE,1,136859.51
FR,2021,01,07,FALSE,14,1151810
CZ,2024,02,04,FALSE,16,6958470.88116379
AT,2017,04,06,FALSE,5,1881516.68
BG,2018,07,01,FALSE,5,567468.31
AT,2021,01,01,FALSE,23,38572555.33
MK,2023,09,none,FALSE,5,1876369.38
FI,2022,10,09,FALSE,3,17520000
FI,2019,10,01,FALSE,1,850000
IE,2017,10,none,FALSE,11,3066316
BE,2023,07,08,FALSE,2,749265.82
UK,2017,02,07,FALSE,1,
LU,2021,08,none,FALSE,17,7906344.73
IE,2021,03,03,FALSE,1,8e+05
IS,2019,01,09,FALSE,2,1164848.48
LT,2024,06,01,FALSE,3,1742427.84
NO,2024,04,05,TRUE,12,173934539.802086
LT,2020,02,01,FALSE,8,568619.13
NL,2020,04,03,FALSE,5,998482
GR,2021,06,04,FALSE,8,13319865.62
RO,2022,03,02,FALSE,4,1648479.12
NO,2023,09,01,FALSE,6,9104101.63736929
MT,2018,01,05,TRUE,1,252752.25
LT,2023,08,05,TRUE,3,
RO,2022,07,09,FALSE,1,24504.72
DE,2018,02,02,FALSE,3,
PL,2021,07,10,FALSE,37,44725840.96
MT,2024,01,05,TRUE,9,3520763.3
SI,2025,09,04,FALSE,1,566028.84
SK,2025,01,06,FALSE,1,
FI,2025,02,03,FALSE,3,12586585
ES,2025,05,03,FALSE,5,4299597.63
LT,2025,01,03,FALSE,6,596925.29
SE,2025,02,04,FALSE,1,
HR,2024,05,04,FALSE,2,3812485.25
DE,2024,unmapped,none,FALSE,4,302192.3
DE,2024,06,03,FALSE,2,
LU,2025,06,04,FALSE,4,4514224.1
PT,2024,05,07,FALSE,10,4197395.85
PT,2025,05,04,FALSE,14,873359539.81
CH,2025,07,10,FALSE,11,61203103.0920771
EE,2025,05,06,FALSE,1,552437
GR,2019,07,04,FALSE,5,888056
DK,2023,07,04,FALSE,2,949617.068258487
FR,2025,unresolved,08,FALSE,1,
CY,2025,08,06,FALSE,4,1046243
IE,2024,10,09,FALSE,2,
HR,2024,02,03,FALSE,7,21911706.31
HU,2024,05,07,FALSE,6,3804943.55153124
LT,2021,05,05,TRUE,1,
PT,2019,03,04,FALSE,2,530903.75
NL,2022,07,09,FALSE,2,4330000
PT,2021,04,03,FALSE,3,503535.22
DK,2019,08,01,FALSE,1,1473326.1
CZ,2021,unresolved,05,TRUE,21,59526851.59
PL,2020,01,05,TRUE,6,2549390.78
FI,2017,01,05,TRUE,4,298424
UK,2020,05,06,FALSE,11,8102235.1
IS,2020,unresolved,04,FALSE,1,
DE,2022,10,10,FALSE,4,2271817
NO,2023,06,01,FALSE,3,4832548.94961255
AT,2023,10,10,FALSE,1,2539538.6
PT,2019,10,04,FALSE,2,12430959.13
NO,2017,04,03,FALSE,3,1072156.11
BE,2023,09,08,FALSE,5,2586991.54
PT,2020,03,02,FALSE,1,1279875.77
FI,2016,07,01,FALSE,4,673200
LV,2022,03,02,FALSE,7,388147.65
SI,2019,05,06,FALSE,1,218750
SE,2021,08,09,FALSE,16,14596166.16
CH,2022,04,08,FALSE,1,830295.99
CZ,2023,01,09,FALSE,8,227891.954559735
LT,2017,06,04,FALSE,3,577843.55
FR,2019,02,02,FALSE,1,9600000
BE,2016,07,05,TRUE,1,
MT,2023,06,05,TRUE,1,240500
UK,2020,08,01,FALSE,1,1123974.37
GR,2019,09,06,FALSE,1,
SK,2022,03,02,FALSE,7,1161845.5
IT,2021,05,01,FALSE,11,5735376.17
BE,2021,09,01,FALSE,5,81063.14
UK,2018,02,04,FALSE,4,811085.38
UK,2022,07,01,FALSE,1,
FI,2020,02,03,FALSE,8,9755331.64
SE,2021,02,03,FALSE,5,43722144.58
HR,2017,05,07,FALSE,1,
IT,2022,09,01,FALSE,10,18119249.12
CZ,2020,03,03,FALSE,4,1476579.71
AT,2021,06,05,TRUE,1,6e+05
IE,2022,unresolved,03,FALSE,3,822802
PL,2017,05,08,FALSE,4,2946608.94
DE,2018,04,07,FALSE,13,2415468.34
ES,2024,01,09,FALSE,8,1735240.61
EE,2024,05,04,FALSE,1,156905.06
CZ,2025,08,05,TRUE,2,2749369.10332736
RO,2024,05,05,TRUE,3,14661761.2193449
LU,2018,06,none,FALSE,3,5741074
AT,2025,02,01,FALSE,3,831416.35
UK,2023,05,none,FALSE,11,6237741.31
CZ,2024,05,07,FALSE,5,3533858.29855427
EE,2025,03,04,FALSE,2,
MK,2016,01,06,FALSE,1,277165.05
NO,2017,05,06,FALSE,4,1150781.17
LI,2022,07,none,FALSE,1,1739078.99
HU,2018,02,04,FALSE,1,444454.78
FI,2023,unresolved,02,FALSE,1,150000
NO,2022,03,01,FALSE,3,1111843.59
LT,2019,06,04,FALSE,4,5035857.77
CZ,2020,09,04,FALSE,14,2460114.53
ES,2018,01,09,FALSE,2,989990.65
FR,2019,05,09,FALSE,1,
LU,2022,03,07,FALSE,1,3418803.42
NO,2021,unresolved,03,FALSE,1,245983.1
IT,2023,07,09,FALSE,1,1298000
SI,2024,05,07,FALSE,3,1033022.06
DK,2024,08,05,TRUE,1,402184.385803241
BE,2025,09,09,FALSE,2,
FR,2025,10,01,FALSE,10,
HU,2021,08,08,FALSE,2,358658.51
NO,2022,09,04,FALSE,2,1869471.53
IS,2019,08,09,FALSE,1,
SK,2018,03,02,FALSE,3,346047
LV,2016,10,07,FALSE,1,138407.6
LV,2023,unresolved,05,TRUE,1,48677.69
MK,2022,01,04,FALSE,1,481228.76
LT,2022,03,06,FALSE,2,106002.7
CZ,2018,03,05,TRUE,5,1028943.88
FI,2019,04,04,FALSE,13,18541998
EE,2021,01,09,FALSE,1,
SI,2016,01,04,FALSE,5,2173520.27
SE,2021,09,05,TRUE,2,887005.37
LT,2022,02,02,FALSE,1,74380.17
HU,2016,03,06,FALSE,1,292342.02
MT,2025,unresolved,none,FALSE,5,4271432
LT,2018,10,01,FALSE,2,523057.83
RO,2022,08,05,TRUE,1,219445.79
SI,2018,04,03,FALSE,4,223100
RO,2025,09,06,FALSE,10,100944105.350085
LV,2023,unresolved,04,FALSE,5,211025.12
NO,2025,08,06,FALSE,14,4139885.75504707
BE,2024,03,01,FALSE,3,546047.55
NL,2025,01,08,FALSE,4,458138
BG,2025,02,01,FALSE,1,230084.875754167
CZ,2016,07,07,FALSE,2,253926.17
ES,2023,08,05,TRUE,6,4189295.13
NL,2016,01,03,FALSE,3,
BG,2022,02,03,FALSE,7,612074.34
PL,2021,04,07,FALSE,3,3213061.2
MK,2023,03,02,FALSE,1,137273.67
PT,2022,07,04,FALSE,5,1831087.01
DE,2025,03,03,FALSE,3,136993.86
IS,2025,02,none,FALSE,3,56058408
PT,2020,01,07,FALSE,1,
MT,2020,03,02,FALSE,1,
HU,2022,unresolved,02,FALSE,2,
GR,2018,03,01,FALSE,3,548429
NL,2021,08,05,TRUE,1,
DE,2021,03,05,TRUE,2,321809.67
BE,2021,04,10,FALSE,1,1100000
SE,2023,07,06,FALSE,2,6397230.38
ES,2016,02,02,FALSE,1,747570.96
MT,2023,04,07,FALSE,2,142750
HR,2017,01,05,TRUE,2,2013496.51
CH,2021,07,10,FALSE,3,1595711.78
HR,2023,unresolved,06,FALSE,4,4698876.11
BG,2024,01,06,FALSE,3,881491.655588506
IS,2018,10,07,FALSE,1,1563843.93
SE,2019,07,07,FALSE,2,297475.71
SI,2023,02,04,FALSE,5,1484245
PT,2018,09,01,FALSE,2,234651.64
IE,2021,04,07,FALSE,1,45749.02
CH,2022,unresolved,06,FALSE,1,351116.34
SI,2022,04,03,FALSE,3,1114229.2
EE,2019,02,08,FALSE,2,
BE,2020,04,08,FALSE,1,
BG,2020,10,08,FALSE,1,536714.39
PL,2023,01,06,FALSE,4,121442.155819875
CZ,2021,02,09,FALSE,1,
UK,2020,01,09,FALSE,1,261017.2
MK,2016,07,04,FALSE,1,140406.66
CZ,2022,07,09,FALSE,3,242995.13
FI,2020,02,01,FALSE,2,992432.35
FR,2021,02,04,FALSE,4,1125966.4
BG,2016,01,03,FALSE,2,148785.16
DE,2025,09,08,FALSE,6,1125924.29
ES,2016,05,05,TRUE,4,864281.56
SE,2023,01,08,FALSE,7,2959126.71208007
NO,2020,03,04,FALSE,1,1165740.29
ES,2025,unresolved,01,FALSE,4,3117545.07
CZ,2024,03,02,FALSE,3,1433733.24283308
BE,2025,10,06,FALSE,1,295180
FR,2024,10,07,FALSE,4,545000
NO,2016,04,01,FALSE,5,4671388.29
ES,2024,unmapped,none,FALSE,3,1051611
DE,2024,10,05,TRUE,7,302824.91
DK,2025,03,04,FALSE,1,2819494.25065766
SI,2024,08,08,FALSE,1,580146
BE,2022,02,08,FALSE,1,1481818.18
BE,2020,09,04,FALSE,3,248589.75
SK,2024,06,04,FALSE,3,4697694.64
UK,2020,01,06,FALSE,4,585625.49
LV,2017,03,01,FALSE,3,576060
FI,2019,03,04,FALSE,2,3700000
CZ,2019,05,05,TRUE,2,412559.41
PT,2019,02,01,FALSE,1,308062.52
SE,2023,unresolved,06,FALSE,2,580209.909139596
FR,2020,07,06,FALSE,1,
IT,2019,unresolved,09,FALSE,2,517088
RO,2018,02,06,FALSE,1,321014.18
CH,2024,03,01,FALSE,2,4035507.44109136
EE,2024,07,05,TRUE,2,
BG,2019,01,08,FALSE,2,416194.57
IT,2017,10,01,FALSE,2,1321297.62
SI,2020,02,04,FALSE,4,1939070.24
PT,2022,04,07,FALSE,2,1469036
LV,2023,07,03,FALSE,1,295881.84
DE,2020,01,07,FALSE,2,176524
CZ,2017,02,04,FALSE,4,3601201.92
CY,2022,04,05,TRUE,3,567725
MK,2017,04,05,TRUE,1,79623.61
SE,2016,07,04,FALSE,3,
IE,2016,08,01,FALSE,2,1173645
CZ,2023,10,01,FALSE,8,2632313.02378826
AT,2024,04,09,FALSE,2,1167715.2
FI,2023,04,03,FALSE,1,
IE,2020,04,03,FALSE,1,3e+06
RO,2021,02,04,FALSE,2,437283.56
PT,2022,01,05,TRUE,3,10573548.4
LU,2016,04,01,FALSE,2,1386855.5
IT,2018,10,01,FALSE,2,1066608.69
CH,2022,05,05,TRUE,2,1459526.41
PT,2019,04,07,FALSE,2,19473.93
HU,2021,09,01,FALSE,4,3289728.68
SE,2022,01,07,FALSE,2,394224.61
FR,2018,08,04,FALSE,5,2538603
LT,2024,07,06,FALSE,1,123966.94
PL,2023,unmapped,none,FALSE,4,2101667.53520924
LT,2018,02,03,FALSE,4,610160
CH,2020,unresolved,05,TRUE,2,364947.22
LI,2019,unresolved,none,FALSE,1,466880.66
PL,2017,10,08,FALSE,1,197301.96
FI,2020,05,07,FALSE,1,1053159
RO,2024,08,01,FALSE,1,211961.219970327
PT,2019,07,10,FALSE,3,820304.6
CY,2022,07,10,FALSE,2,297000
FI,2020,04,03,FALSE,1,
PL,2019,08,01,FALSE,7,9046836.57
RO,2016,03,03,FALSE,1,
SE,2019,02,01,FALSE,2,94436.73
BE,2021,unresolved,09,FALSE,2,
MT,2017,02,03,FALSE,1,
FR,2019,02,07,FALSE,2,958116
RO,2018,02,08,FALSE,1,
SK,2023,09,09,FALSE,2,892621.11
SK,2024,03,04,FALSE,2,
FR,2020,05,09,FALSE,1,
SK,2020,05,01,FALSE,1,
GR,2020,03,01,FALSE,3,5412371
PT,2022,01,08,FALSE,3,708332
LT,2023,03,06,FALSE,1,94050
LT,2025,07,09,FALSE,1,138800
DK,2018,04,04,FALSE,8,671121.13
PT,2016,04,05,TRUE,5,2107490.05
SK,2022,03,07,FALSE,1,
CZ,2023,07,06,FALSE,1,33104491.3359564
ES,2024,unresolved,04,FALSE,3,3904083.54
AT,2021,06,03,FALSE,1,650843.23
HU,2021,unresolved,05,TRUE,4,192609.19
HU,2023,07,10,FALSE,1,916586.67
UK,2022,09,03,FALSE,2,9306.65
PT,2020,04,09,FALSE,1,150000
MT,2018,05,07,FALSE,1,300121.2
PT,2017,09,01,FALSE,1,308000
PT,2023,05,03,FALSE,2,2075000
HU,2019,03,02,FALSE,4,597004
FI,2022,09,08,FALSE,2,108210
HU,2021,08,04,FALSE,1,823607.74
ES,2023,07,09,FALSE,2,581050
BE,2021,01,05,TRUE,5,242446.41
PT,2016,02,01,FALSE,1,1094400
IE,2025,01,03,FALSE,3,738545
DE,2023,10,03,FALSE,1,
DK,2023,10,01,FALSE,1,
GR,2016,05,04,FALSE,1,258600
GR,2016,09,01,FALSE,3,167786
LU,2025,09,01,FALSE,2,2905360
DK,2017,05,06,FALSE,1,132464.44
NO,2019,03,06,FALSE,1,
LT,2021,03,08,FALSE,2,20800
IT,2022,07,09,FALSE,1,8e+05
IT,2020,02,04,FALSE,2,1437225.19
DK,2019,09,01,FALSE,4,857207.91
BE,2024,06,05,TRUE,1,
MT,2025,05,05,TRUE,2,437628.95
RO,2024,03,02,FALSE,2,5580100.6572597
SI,2025,08,01,FALSE,2,431920
FR,2020,06,08,FALSE,1,
FR,2022,03,06,FALSE,2,2e+05
EE,2017,08,05,TRUE,3,2049600.96
EE,2020,02,06,FALSE,1,
CZ,2021,10,04,FALSE,1,
RO,2019,unresolved,03,FALSE,2,8741794.47
LI,2018,03,02,FALSE,1,276000
DE,2020,08,08,FALSE,2,697827.33
PT,2025,10,01,FALSE,9,3467528.44
PT,2018,01,08,FALSE,2,686536
SK,2018,04,06,FALSE,1,
PL,2021,07,09,FALSE,3,77151.06
CY,2023,03,01,FALSE,1,250000
HR,2022,05,01,FALSE,2,450834.18
SK,2017,08,09,FALSE,1,
BG,2017,07,07,FALSE,1,184067.9
NO,2018,01,09,FALSE,2,145871.32
NL,2016,03,09,FALSE,1,
LV,2019,08,06,FALSE,2,
PT,2016,01,07,FALSE,1,189180
HR,2017,05,06,FALSE,1,395173.76
EE,2016,06,04,FALSE,1,367200
ES,2023,03,06,FALSE,3,1039309.01
AT,2025,06,06,FALSE,1,1290696.6
SK,2017,01,08,FALSE,2,
LT,2017,05,01,FALSE,1,339257
LT,2022,02,09,FALSE,3,206131.6
MT,2018,09,10,FALSE,1,258048
DK,2024,07,01,FALSE,4,20761827.2309672
CH,2023,06,05,TRUE,1,862570.078323131
PL,2024,04,10,FALSE,1,1999912.90000256
IT,2025,02,01,FALSE,2,454410
EE,2023,01,08,FALSE,1,269367.83
RO,2022,02,07,FALSE,2,1135714.52
UK,2023,10,none,FALSE,1,
GR,2021,08,08,FALSE,1,324140
PL,2020,09,03,FALSE,1,1282916.95
LV,2025,03,04,FALSE,2,369586.78
LU,2024,07,01,FALSE,1,4801838
RO,2023,08,05,TRUE,2,1236257.307231
DK,2018,05,03,FALSE,1,4082756.67
FI,2020,unresolved,03,FALSE,1,1e+06
DK,2020,unresolved,03,FALSE,1,796319.13
BE,2022,10,09,FALSE,1,
LT,2023,03,01,FALSE,4,1394525.49
SE,2016,10,01,FALSE,1,
IT,2019,04,07,FALSE,2,820500
DK,2024,10,07,FALSE,1,
DE,2025,01,04,TRUE,1,8592018.11
CZ,2024,07,09,FALSE,1,224482.172503755
CH,2017,04,06,FALSE,1,240127.28
UK,2022,09,01,FALSE,3,35336202.89
ES,2019,unresolved,09,FALSE,2,
DE,2018,07,09,FALSE,1,
LV,2018,02,01,FALSE,1,172719
NO,2024,09,06,FALSE,1,370379.673222955
IS,2020,04,05,TRUE,1,2383930
HR,2025,09,03,FALSE,1,112196.7
RO,2025,unmapped,none,FALSE,2,1381589.88722273
FR,2024,07,08,FALSE,2,60000
GR,2016,07,09,FALSE,2,257786.74
BE,2021,04,07,FALSE,1,
NL,2022,09,10,FALSE,1,413223.14
DE,2019,06,03,FALSE,3,87396.75
LT,2016,04,03,FALSE,2,481432
MK,2019,06,04,FALSE,2,1058223.15
FI,2025,10,10,FALSE,2,4100000
IT,2025,02,05,TRUE,1,1969740
CH,2017,08,05,TRUE,1,74442.96
LI,2020,01,01,FALSE,1,200933
CH,2021,09,04,FALSE,2,1381645.52
NL,2016,03,04,FALSE,1,
MT,2022,09,03,FALSE,1,550083.3
DK,2020,07,06,FALSE,1,288705.7
GR,2022,unresolved,05,TRUE,2,35000
BE,2022,07,09,FALSE,2,18525735.65
LV,2024,05,05,TRUE,1,350695.7
BG,2024,07,09,FALSE,1,1295163.10461192
SK,2023,04,06,FALSE,1,224809
SK,2025,03,04,FALSE,3,305040
IT,2024,04,08,FALSE,1,54734095.6
LU,2023,01,05,TRUE,2,2944340.51
GR,2023,01,03,FALSE,1,1746800
LU,2025,06,03,FALSE,3,505766
HU,2017,02,02,FALSE,1,390760.37
LT,2024,03,04,FALSE,3,1481769.63
EE,2016,10,07,FALSE,1,44000
CY,2023,01,04,FALSE,1,1200000
LT,2017,02,08,FALSE,1,408347.17
EE,2017,06,05,TRUE,1,504000
DK,2022,06,03,FALSE,1,289167.27
PT,2025,09,07,FALSE,1,383596.1
BE,2023,05,01,FALSE,2,
NO,2020,07,09,FALSE,1,251799.9
CY,2021,02,01,FALSE,1,7918824
FI,2016,02,01,FALSE,1,425000
HU,2022,05,06,FALSE,1,376714.06
NL,2022,10,04,FALSE,1,
BG,2016,unresolved,07,FALSE,1,140607.42
UK,2020,01,08,FALSE,2,389371.08
AT,2020,05,06,FALSE,2,1371800
CZ,2017,07,09,FALSE,1,2108.18
HR,2025,09,04,FALSE,1,294156.14
DK,2018,unresolved,04,FALSE,2,2351783.8
EE,2020,03,02,FALSE,1,
FI,2025,02,05,TRUE,2,1e+05
SE,2024,unmapped,none,FALSE,1,
ES,2025,09,06,FALSE,1,
GR,2018,01,04,FALSE,1,
MK,2025,09,none,FALSE,1,
DE,2021,06,08,FALSE,2,
DE,2022,04,09,FALSE,3,545538
IE,2018,03,07,FALSE,1,1350000
FI,2024,unresolved,04,FALSE,1,
DE,2022,06,07,FALSE,1,
CY,2018,08,none,FALSE,1,569120
EE,2022,09,03,FALSE,1,
CH,2022,10,04,FALSE,1,1398133.34
PL,2018,unresolved,07,FALSE,1,159270.35
HR,2024,09,09,FALSE,1,300475.18
EE,2024,01,04,FALSE,1,
PT,2017,unresolved,07,FALSE,1,228016
NO,2018,08,05,TRUE,1,
PT,2019,10,08,FALSE,1,2400000
BE,2025,10,07,FALSE,1,472586.12
DE,2020,03,08,FALSE,4,679509
SK,2018,05,05,TRUE,1,375300
UK,2020,03,05,TRUE,1,177200.18
IT,2021,03,03,FALSE,3,6397706.26
GR,2021,09,05,TRUE,1,
LV,2016,05,04,FALSE,1,
SE,2019,09,07,FALSE,1,188873.46
CZ,2020,01,06,FALSE,1,37353.39
BG,2021,08,06,FALSE,4,281886.74
FR,2021,09,10,FALSE,1,11321161
PL,2019,04,08,FALSE,2,972217.05
HU,2021,10,08,FALSE,1,
LU,2018,09,09,FALSE,1,1873530.8
UK,2020,09,06,FALSE,1,
SE,2024,09,03,FALSE,1,
LV,2025,04,03,FALSE,1,1644941.42
BE,2017,04,03,FALSE,1,
NO,2022,10,07,FALSE,1,
FR,2018,03,07,FALSE,1,
LT,2016,05,07,FALSE,1,334675.2
MT,2024,08,05,TRUE,1,22800
DE,2020,02,08,FALSE,1,
NO,2023,02,03,FALSE,1,49196619.21
MT,2017,07,09,FALSE,1,
CH,2021,01,03,FALSE,1,1572463.23
HU,2024,02,04,FALSE,1,234076.648520758
NO,2017,08,05,TRUE,1,
SE,2023,04,07,FALSE,1,
LU,2017,06,05,TRUE,1,683572.15
IT,2024,02,05,TRUE,1,1096000
BE,2017,unresolved,08,FALSE,1,
LT,2016,01,03,FALSE,1,5821.5
EE,2023,03,03,FALSE,1,
NO,2021,07,03,FALSE,1,
FI,2017,08,08,FALSE,1,423000
SI,2023,unresolved,05,TRUE,1,4515947
AT,2020,10,06,FALSE,1,313192.25
DE,2024,05,03,FALSE,1,
HU,2023,02,05,TRUE,1,283935.956596997
SK,2024,04,03,FALSE,1,
PL,2025,08,none,FALSE,426,1204179317.75539
CZ,2024,04,none,FALSE,4044,12633370338.1623
NL,2024,07,none,FALSE,401,418076294.3
DE,2025,06,none,FALSE,1303,1676561146.02
HU,2024,04,none,FALSE,884,3497105608.09325
GR,2024,01,none,FALSE,619,1238083947.86
AT,2025,03,none,FALSE,68,114941947.92
IE,2025,08,none,FALSE,217,232133114.77
SE,2024,09,none,FALSE,495,1366418135.31354
DK,2024,01,none,FALSE,853,3787769937.28657
IE,2024,04,none,FALSE,373,2086738855.39032
HR,2025,04,none,FALSE,921,2489139857.23
DK,2025,01,none,FALSE,835,3045673845.75492
IT,2025,07,none,FALSE,1924,10004780730.4125
FR,2024,09,none,FALSE,1704,1820677485.02
BE,2024,09,none,FALSE,443,439409015.83
SI,2025,01,none,FALSE,687,1121113626.52
CZ,2024,04,07,FALSE,5,2097655.41983295
RO,2024,06,05,TRUE,58,344147076.436128
MT,2024,01,none,FALSE,260,443851879.49
BE,2024,04,none,FALSE,568,1394197339.03
CH,2024,03,02,FALSE,8,9872057.19861947
CZ,2024,05,04,FALSE,23,260849242.454202
PL,2025,09,01,FALSE,168,139323284.377838
BE,2023,03,none,FALSE,121,73460696.56
NO,2025,07,10,FALSE,37,213546936.085535
DE,2025,07,04,FALSE,153,120842674.04
PT,2025,03,none,FALSE,103,617446034.28
LU,2025,09,none,FALSE,37,20830882.51
HU,2025,06,04,FALSE,2,335520.772157393
PL,2025,08,06,FALSE,259,167387715.404074
LT,2024,01,09,FALSE,6,385323.08
SE,2025,05,none,FALSE,502,842505110.150361
RO,2024,09,01,FALSE,49,28031719.1816492
FR,2024,01,01,FALSE,295,396846431.76
RO,2024,08,06,FALSE,40,4591312.5323338
NL,2024,10,none,FALSE,163,1541244023.78
IE,2024,05,none,FALSE,145,70559849.47
NL,2024,01,01,FALSE,152,385510856.76
ES,2023,02,none,FALSE,549,876453131.05
FR,2025,01,04,FALSE,187,1715975432.14
SE,2025,08,none,FALSE,134,1149259533.84918
EE,2025,06,none,FALSE,84,104471029.79
DE,2020,02,none,FALSE,769,346139827.54
UK,2020,04,none,FALSE,2759,10516849625.45
NL,2020,04,none,FALSE,830,2453307723.54
ES,2021,01,none,FALSE,5121,5808864809.01
PL,2017,09,none,FALSE,1470,385495269.01
FR,2020,04,none,FALSE,5223,15270660645.21
UK,2016,01,none,FALSE,1727,6887396282.09
NL,2019,04,none,FALSE,823,1497787707.38
BG,2018,04,none,FALSE,2849,1270757604.91
SE,2021,03,none,FALSE,219,320403232.19
FR,2020,06,none,FALSE,3125,4497687777.92
LV,2023,unresolved,none,FALSE,586,392861017.41
FR,2021,09,none,FALSE,1538,1594048591.92
NL,2022,unresolved,none,FALSE,432,406535421.97
ES,2018,04,none,FALSE,2680,9429888169.87
NL,2018,05,none,FALSE,420,289083672.98
PL,2016,04,none,FALSE,3526,7174649509.57
DE,2019,07,none,FALSE,4669,1658518346.22
FI,2022,01,none,FALSE,944,1406581897.68
DE,2021,01,none,FALSE,14697,7674257023.4
RO,2021,10,none,FALSE,795,113970800.04
BG,2022,01,none,FALSE,2186,528358793.19
SI,2021,01,none,FALSE,1349,535249273.01
CZ,2019,unresolved,none,FALSE,1503,685229575.96
UK,2018,07,none,FALSE,5361,7651201031.74
HR,2022,04,none,FALSE,667,841259258.16
IT,2023,unresolved,none,FALSE,1475,5976973985.2
RO,2020,09,none,FALSE,339,123332303
IT,2019,07,none,FALSE,1506,9991003869.61
IE,2022,09,none,FALSE,316,903139390.84
DE,2017,05,none,FALSE,1414,924181833.12
GR,2020,07,none,FALSE,380,107631161.66
DE,2016,05,none,FALSE,1283,887292477.5
DE,2022,10,none,FALSE,980,572275800.86
AT,2021,07,none,FALSE,548,827715966.08
SI,2022,unresolved,none,FALSE,287,141565642.69
NO,2021,07,none,FALSE,495,541745623.74
UK,2020,07,none,FALSE,3730,15844266693.76
PL,2022,06,none,FALSE,887,528601848.21
FR,2016,09,none,FALSE,1344,1813614162.09
RO,2019,09,none,FALSE,275,115502946.72
CH,2017,04,none,FALSE,457,412140888.76
SE,2016,01,none,FALSE,1793,523883311.2
DK,2021,07,none,FALSE,475,2141416404.9
CH,2021,09,none,FALSE,279,294153286.34
GR,2023,07,none,FALSE,903,356254378.66
CH,2018,04,none,FALSE,522,1415716838.72
PL,2017,06,none,FALSE,501,397850149.43
CZ,2018,unresolved,none,FALSE,1220,455011656.36
AT,2018,07,none,FALSE,460,553278607.45
MK,2020,04,none,FALSE,78,32422022.04
HU,2022,01,none,FALSE,415,623088249
DE,2021,03,none,FALSE,1892,675416466.6
NO,2020,05,none,FALSE,187,169195431.46
RO,2020,02,none,FALSE,565,923481815.59
SI,2018,10,none,FALSE,187,25119555.22
LV,2022,unresolved,none,FALSE,605,400814448.6
BE,2022,10,none,FALSE,87,137687721.62
BE,2016,04,none,FALSE,593,761062643.19
RO,2022,unresolved,none,FALSE,746,339318573.68
CZ,2023,05,none,FALSE,526,473377331.08603
BE,2023,06,none,FALSE,167,405961307.62
RO,2020,unresolved,none,FALSE,593,403547869.51
SE,2017,05,none,FALSE,331,330091335.7
HU,2018,04,none,FALSE,777,3212611226.47
FI,2018,04,none,FALSE,677,3052479256.23
DE,2017,04,05,TRUE,282,144187940.82
PL,2016,04,01,FALSE,39,60030034.03
DE,2021,05,06,FALSE,24,4663151.74
PL,2022,07,01,FALSE,192,58572032.68
HU,2023,03,01,FALSE,12,17418155.5294047
CZ,2016,unresolved,01,FALSE,86,57932628.55
UK,2021,04,01,FALSE,7,3867666.35
DE,2023,05,05,TRUE,33,16940770.98
FR,2019,01,05,TRUE,73,67629588.47
PL,2021,01,04,FALSE,120,12319587.47
NO,2017,07,01,FALSE,11,13737000.11
CZ,2023,02,03,FALSE,40,32026548.7375146
DE,2018,10,10,FALSE,3,3356540
EE,2020,01,01,FALSE,25,7186838.24
IE,2021,09,10,FALSE,1,2e+05
ES,2016,04,06,FALSE,5,3371251.98
PL,2018,04,04,FALSE,423,580349171.24
DE,2022,08,09,FALSE,38,5522214.72
DE,2021,06,04,FALSE,89,39471968.66
FR,2023,04,05,TRUE,169,867696715.63
ES,2021,01,01,FALSE,244,183468013.34
RO,2019,02,none,FALSE,322,306479912.47
FI,2019,01,none,FALSE,823,1599131416.68
BG,2020,01,none,FALSE,1426,365252804.65
SI,2022,10,none,FALSE,74,86965259.89
FI,2022,10,none,FALSE,127,216104740
SE,2019,04,none,FALSE,1166,4570042523.41
BE,2019,05,none,FALSE,379,666372289.42
EE,2022,04,none,FALSE,697,545140720.05
LT,2016,01,none,FALSE,338,127328133.11
NL,2018,04,none,FALSE,880,3350492581.31
BE,2019,07,none,FALSE,744,677107106.54
DE,2016,06,none,FALSE,962,750786348.53
EE,2020,04,none,FALSE,328,461470984.74
CZ,2016,unresolved,none,FALSE,829,347669393.59
FI,2017,05,none,FALSE,148,159122437.02
EE,2020,01,none,FALSE,227,299094573.74
IE,2021,10,none,FALSE,17,13929433
LU,2022,06,none,FALSE,86,57025357.65
CY,2016,05,none,FALSE,10,5713876.13
NO,2017,unresolved,none,FALSE,295,1666271399.97
PL,2019,10,none,FALSE,37,12823336.57
AT,2017,09,none,FALSE,320,305839177.84
BE,2020,08,none,FALSE,104,47983933.73
NO,2023,10,none,FALSE,59,137004724.791544
DK,2018,09,none,FALSE,245,645786415.16
IE,2020,01,none,FALSE,263,573604832.26
PL,2020,06,none,FALSE,792,664195276.05
BG,2019,06,none,FALSE,255,121261507.66
SI,2016,01,none,FALSE,241,154110562.97
LT,2021,unresolved,none,FALSE,422,435443465.91
IT,2017,02,none,FALSE,118,259362487.75
UK,2019,03,none,FALSE,322,4209301315.74
EE,2020,06,none,FALSE,30,30395190.32
UK,2020,08,none,FALSE,181,1454722602.41
AT,2021,08,none,FALSE,85,67295568.93
LV,2016,03,none,FALSE,62,17203029.27
SE,2021,08,none,FALSE,172,282905418.39
CY,2018,04,none,FALSE,27,77108403.5
IT,2019,08,none,FALSE,330,1084132320.44
LU,2022,01,none,FALSE,287,789250424.61
NL,2017,06,none,FALSE,217,1454340995.67
UK,2016,03,none,FALSE,233,865572224.14
BG,2023,08,none,FALSE,125,19183998.8360998
LV,2019,unresolved,none,FALSE,406,615790835.2
HU,2023,05,none,FALSE,188,178704471.171307
SK,2021,unresolved,none,FALSE,423,477156662.32
AT,2023,08,none,FALSE,191,180721689.13
BE,2021,03,none,FALSE,116,74109261.81
LU,2018,04,none,FALSE,80,55166922.95
DE,2022,01,03,FALSE,54,8231986.62
FR,2021,unresolved,04,FALSE,84,356465053.16
PT,2021,06,05,TRUE,13,16012930.32
PL,2018,04,05,TRUE,320,587304989.85
DE,2020,06,05,TRUE,122,90832706.91
BG,2017,04,01,FALSE,44,17082461.02
DE,2020,07,01,FALSE,119,51040636.81
RO,2020,04,04,FALSE,63,64419336.24
CZ,2019,07,01,FALSE,86,34920632.9
PL,2020,05,01,FALSE,24,9707021.65
LT,2023,04,05,TRUE,56,42032779.38
CZ,2018,02,04,FALSE,7,5464658.31
NL,2018,01,01,FALSE,178,35658430.75
ES,2017,04,07,FALSE,12,2448010.36
CZ,2022,04,01,FALSE,122,149583016.96
ES,2022,04,05,TRUE,128,349221395.86
FR,2016,06,05,TRUE,63,18265846.18
CZ,2020,08,05,TRUE,5,3943058.83
ES,2021,09,08,FALSE,6,4232222.15
NL,2022,08,06,FALSE,142,84646193.29
AT,2017,07,04,FALSE,5,7409373
NL,2021,05,04,FALSE,19,22739851.95
DE,2016,07,04,FALSE,96,113968911.03
FR,2020,06,04,FALSE,185,225526792.75
NL,2022,unresolved,08,FALSE,1,
RO,2022,04,04,FALSE,101,146706911.16
DE,2022,01,08,FALSE,22,3714583.97
DE,2017,08,09,FALSE,29,5491489.8
SI,2023,03,02,FALSE,12,11210701.08
IE,2019,05,07,FALSE,2,199760
NL,2019,08,06,FALSE,95,39928344.68
CH,2019,unresolved,05,TRUE,1,1414990.61
LV,2022,09,07,FALSE,1,146700
CZ,2023,unresolved,01,FALSE,187,118792736.609601
DE,2021,07,01,FALSE,129,41123106.58
LT,2023,09,01,FALSE,17,14441429.08
ES,2019,09,04,FALSE,13,3247014.23
BG,2023,03,04,FALSE,9,22476215.0489917
ES,2018,04,07,FALSE,8,5453946.65
IT,2022,10,07,FALSE,2,2159478
LV,2019,03,04,FALSE,2,991736
HU,2022,08,06,FALSE,6,3304724.07
IE,2022,09,01,FALSE,11,2191000
HR,2018,05,04,FALSE,4,805451.45
UK,2016,04,09,FALSE,3,7074608.29
LT,2023,01,04,FALSE,27,5846414.13
AT,2023,03,none,FALSE,98,40267180.82
UK,2024,06,none,FALSE,34,6359648.04828274
PT,2024,unresolved,none,FALSE,62,94513051.18
SE,2017,09,08,FALSE,5,3340287.07
AT,2018,07,04,FALSE,17,28678248.06
BG,2023,04,05,TRUE,149,18796599.0812302
HR,2017,unresolved,01,FALSE,28,7196176.07
PL,2022,04,03,FALSE,14,7580432.72
LT,2019,01,01,FALSE,53,19902544.1
ES,2021,10,01,FALSE,8,3954381.23
IT,2021,04,05,TRUE,96,696841992.06
PL,2019,09,07,FALSE,59,1520514.93
NO,2021,01,01,FALSE,74,116095970.15
SE,2017,01,04,FALSE,71,46379038.04
DE,2022,unresolved,05,TRUE,64,16213882.44
SE,2016,01,04,FALSE,74,4576331.65
NO,2016,04,03,FALSE,2,
DK,2016,07,04,FALSE,5,17951671.14
PT,2023,unresolved,01,FALSE,31,15049063.93
FR,2023,05,07,FALSE,19,56100006.07
NO,2023,06,05,TRUE,18,43824040.987039
IT,2023,06,01,FALSE,11,14677858.73
GR,2023,05,04,FALSE,25,22053906.13
FI,2024,02,none,FALSE,70,89608392.6565352
CY,2025,03,none,FALSE,38,31630077.33
PL,2024,07,04,FALSE,23,6426489.79222271
DE,2024,08,03,FALSE,3,112997.8
MT,2025,01,04,FALSE,11,25269673.42
CZ,2025,01,05,TRUE,12,2985864.74175411
NL,2024,01,03,FALSE,4,1433767.67
IT,2024,03,none,FALSE,95,602108874.73
FR,2025,09,09,FALSE,15,1916669
FI,2025,06,none,FALSE,308,1540266558.4
SK,2025,01,04,FALSE,6,4519625
DE,2024,04,03,FALSE,67,16950507.07
ES,2025,09,04,FALSE,15,13427302.46
EE,2017,05,none,FALSE,53,63357910.35
FR,2020,07,07,FALSE,7,612725.75
DK,2022,04,04,FALSE,14,9701839.45
LV,2022,unresolved,01,FALSE,30,62049841.89
RO,2019,03,01,FALSE,27,47527562.55
NL,2023,03,01,FALSE,7,113346100
ES,2022,08,09,FALSE,47,9895973.06
BG,2017,unresolved,01,FALSE,40,6707110.8
LT,2020,02,none,FALSE,94,80236177.75
LT,2017,04,05,TRUE,5,2463964
IE,2022,07,10,FALSE,3,232785524
IT,2016,04,01,FALSE,28,12669917.11
CZ,2018,04,01,FALSE,54,45849906.71
LT,2022,05,04,FALSE,20,84531374.64
BG,2017,04,07,FALSE,2,70295.19
FR,2020,05,07,FALSE,19,3998005.89
IE,2022,unresolved,none,FALSE,161,221952152.26
FI,2016,06,05,TRUE,5,1774125
RO,2025,04,04,FALSE,39,226895028.739812
FR,2022,07,07,FALSE,2,
IS,2021,01,04,FALSE,6,1508463.54
FR,2024,05,05,TRUE,19,2663578.1
PL,2025,03,03,FALSE,3,5228811.3840988
ES,2025,05,04,FALSE,74,86997481.21
RO,2025,05,04,FALSE,17,35511403.7405468
DE,2024,06,01,FALSE,9,1969855
FR,2021,08,09,FALSE,128,39411679.21
PL,2016,03,04,FALSE,19,11613928.12
FI,2019,04,09,FALSE,2,2205000
DE,2023,09,05,TRUE,9,6126256.12
HR,2018,01,04,FALSE,4,
ES,2023,09,01,FALSE,60,28655093.21
FR,2020,07,10,FALSE,10,6697532.25
ES,2020,05,07,FALSE,14,5107401.19
RO,2023,04,03,FALSE,3,7170743.6237362
IT,2024,05,01,FALSE,11,16096113.18
PL,2025,02,03,FALSE,45,85528780.6909859
PT,2025,07,01,FALSE,28,42903391.05
UK,2020,03,01,FALSE,16,57617582.67
RO,2021,04,01,FALSE,21,18413979.52
LU,2016,01,01,FALSE,8,5577402.48
HU,2018,05,06,FALSE,2,58110.67
GR,2017,04,04,FALSE,6,3302881.43
PL,2023,03,04,FALSE,36,37428860.6302411
DE,2022,05,06,FALSE,29,12833043.9
EE,2021,06,none,FALSE,22,8355042.48
BG,2023,10,08,FALSE,1,171489.93
HR,2023,01,05,TRUE,4,316200
AT,2021,06,04,FALSE,14,5956058.5
NL,2022,03,08,FALSE,1,
SE,2021,07,01,FALSE,19,11264879.03
RO,2018,07,07,FALSE,9,1415629.04
PT,2018,04,05,TRUE,26,103810312.66
AT,2018,04,06,FALSE,4,3489131.7
IE,2017,03,01,FALSE,2,961000
BE,2020,07,01,FALSE,18,9814999.16
GR,2021,09,01,FALSE,11,1898107.84
LT,2022,04,01,FALSE,35,12581107.25
ES,2023,10,04,FALSE,7,5748885.16
GR,2023,10,08,FALSE,2,15157173.32
SE,2019,04,05,TRUE,33,34614707.83
PL,2022,01,06,FALSE,9,5355303.71
BG,2021,06,04,FALSE,13,5812772.79
PT,2020,04,04,FALSE,12,21141995.52
SE,2020,02,01,FALSE,1,2002899.44
LT,2020,unresolved,05,TRUE,3,608297.04
ES,2019,unresolved,04,FALSE,30,34197534.66
SE,2022,03,02,FALSE,16,39245651.72
SI,2017,01,01,FALSE,29,9490051.94
BG,2021,04,06,FALSE,4,3673791.22
MK,2019,01,04,FALSE,8,2430974.34
CZ,2017,06,04,FALSE,6,477852.15
LT,2020,unresolved,04,FALSE,8,707716.9
NO,2016,09,09,FALSE,2,
LV,2020,07,01,FALSE,9,2157531.4
HR,2022,unresolved,01,FALSE,36,33930240.83
HU,2016,08,06,FALSE,5,10442098.3
RO,2024,01,01,FALSE,127,32403504.4002583
FI,2020,09,01,FALSE,3,935580
FR,2016,09,04,FALSE,17,1442384.78
HR,2023,02,03,FALSE,11,20110339.45
AT,2017,07,01,FALSE,7,3142844.4
CH,2017,09,none,FALSE,221,300666147.96
LI,2022,01,none,FALSE,40,49549315.79
NL,2019,08,none,FALSE,179,78737154.72
BG,2016,03,none,FALSE,195,70460508.99
GR,2018,09,none,FALSE,159,115416112.29
SI,2019,08,none,FALSE,43,9001873.38
HU,2021,06,none,FALSE,72,74612192.12
HR,2019,06,none,FALSE,87,53107867.25
IE,2016,04,none,FALSE,175,427133070.96
CY,2022,01,none,FALSE,92,256337674.23
EE,2017,07,none,FALSE,242,65839575.79
FI,2016,05,none,FALSE,138,110345469.61
SE,2023,02,none,FALSE,107,1505109340.54136
GR,2022,08,none,FALSE,103,200055930.32
LV,2019,03,none,FALSE,100,19677270.54
MK,2022,04,none,FALSE,103,39974006.04
HR,2017,09,none,FALSE,30,17416446.36
AT,2022,10,none,FALSE,209,1322503638.47
NO,2019,10,none,FALSE,33,106042979.97
LT,2016,09,none,FALSE,56,20204782.92
PT,2020,05,none,FALSE,278,552530437.36
GR,2017,02,none,FALSE,30,9125939
CZ,2021,08,none,FALSE,247,159407529.49
HR,2020,08,none,FALSE,31,13159065.51
LT,2018,02,none,FALSE,98,69371216.11
PL,2017,10,none,FALSE,40,15023728.39
EE,2025,01,01,FALSE,40,8864879.85
SE,2021,01,04,FALSE,93,76239226.84
MT,2022,01,05,TRUE,6,682019.36
GR,2019,unresolved,01,FALSE,9,4099223.37
SE,2017,07,04,FALSE,11,20106007.2
CZ,2021,02,04,FALSE,7,7092310.48
IT,2023,06,04,FALSE,21,114314611.55
MT,2022,05,none,FALSE,70,60147697.84
RO,2016,07,01,FALSE,7,596979.42
ES,2017,01,05,TRUE,6,6929285.44
SK,2021,08,none,FALSE,32,5760793.62
NL,2019,06,none,FALSE,181,1032629143.75
SE,2020,04,09,FALSE,3,381504.65
LU,2023,05,04,FALSE,3,
AT,2021,04,01,FALSE,10,741646
IT,2017,07,04,FALSE,3,1853119.26
DE,2017,unresolved,08,FALSE,15,1430367.39
PL,2016,03,01,FALSE,30,10579491.74
LU,2019,04,none,FALSE,108,173742086.33
PL,2019,02,03,FALSE,61,61108878.2
AT,2022,07,01,FALSE,12,6693609.69
ES,2016,unresolved,08,FALSE,8,4354860.93
PL,2018,01,04,FALSE,59,15394221.55
BG,2017,08,none,FALSE,41,44165073.22
PL,2023,unresolved,04,FALSE,92,207417740.49952
NL,2022,07,01,FALSE,8,2507044.18
PL,2017,08,09,FALSE,34,4872113.04
LV,2020,unresolved,01,FALSE,27,59662797.67
NL,2016,06,04,FALSE,18,5952508
HU,2023,08,09,FALSE,11,6181681.27
ES,2017,01,08,FALSE,6,5195153.18
NL,2018,06,04,FALSE,23,770442660.6
SK,2021,05,none,FALSE,113,61056014.31
BE,2021,08,none,FALSE,103,272043080.71
BG,2019,unresolved,09,FALSE,16,310248.48
CY,2019,09,none,FALSE,20,8858516.38
SE,2019,02,none,FALSE,55,74144279.58
HR,2022,01,01,FALSE,18,2574701.53
LT,2021,05,01,FALSE,4,803522.95
CH,2023,10,01,FALSE,5,507959.9
RO,2016,04,04,FALSE,23,41799607.51
AT,2021,01,05,TRUE,1,1507739.48
HU,2016,09,none,FALSE,45,71956133.48
MK,2017,09,none,FALSE,20,3243297.68
IE,2023,05,none,FALSE,77,790800475.1
DK,2024,unresolved,none,FALSE,36,248180773.85944
SK,2025,07,01,FALSE,9,2367078
DE,2024,03,02,FALSE,64,62743838.17
IT,2024,02,none,FALSE,104,632577885.22
MT,2025,02,none,FALSE,8,5478603.61
PL,2025,02,04,FALSE,18,97642566.7982801
ES,2025,02,03,FALSE,18,30331808.47
IE,2024,06,04,FALSE,9,20055267.98
SE,2024,02,03,FALSE,8,10659512.1024875
HU,2025,02,none,FALSE,45,102406864.508241
BG,2024,10,10,FALSE,19,163042.233357194
ES,2025,07,04,FALSE,38,34414712.46
GR,2024,09,none,FALSE,173,477220489.04
CH,2025,02,none,FALSE,58,939840101.989591
BE,2025,04,01,FALSE,12,7221137.92
LU,2025,03,none,FALSE,91,404754085.26
DE,2025,07,03,FALSE,12,2672428.9
SK,2025,04,05,TRUE,29,34013931.15
NL,2025,01,05,TRUE,15,2482316.41
GR,2017,03,none,FALSE,25,11947633.56
HU,2016,03,none,FALSE,34,38159648.97
IS,2018,06,none,FALSE,2,138074.91
CY,2020,01,none,FALSE,60,52021320.36
DK,2020,02,none,FALSE,73,456589282.98
IT,2024,07,01,FALSE,15,19009030.19
HU,2024,08,09,FALSE,18,5093589.25476765
PL,2024,03,01,FALSE,76,46072459.1820602
HR,2025,02,none,FALSE,28,38988816.92
SK,2025,06,05,TRUE,4,17855014.71
CH,2025,01,01,FALSE,39,79714071.2455396
SK,2024,08,none,FALSE,53,35448144.79
BG,2024,03,02,FALSE,8,1218969.21975662
CH,2024,10,06,FALSE,3,1196270.41677638
DE,2024,04,07,FALSE,9,5220783.69
CH,2024,05,04,FALSE,9,5771871.24690901
PL,2024,05,05,TRUE,22,31480309.997863
NO,2024,03,02,FALSE,6,13575593.2890442
RO,2017,09,01,FALSE,5,568807.52
NL,2022,04,09,FALSE,3,
DE,2020,02,04,FALSE,24,9014901.17
ES,2019,08,06,FALSE,28,22176861.07
LT,2020,07,06,FALSE,1,
DE,2020,03,01,FALSE,37,22372423.43
CH,2020,01,04,FALSE,17,14897681.61
HU,2021,01,05,TRUE,4,3935472.44
LT,2016,01,01,FALSE,37,12441226.42
CY,2019,03,none,FALSE,22,7435165.39
LV,2023,09,01,FALSE,5,1098400.8
HU,2022,03,01,FALSE,11,4391832.57
DK,2022,07,01,FALSE,5,
BG,2019,04,01,FALSE,35,6257283.18
DE,2022,02,04,FALSE,15,7767471.81
CZ,2016,07,04,FALSE,11,1861545.9
LT,2017,05,04,FALSE,4,12317238.38
CZ,2022,unresolved,08,FALSE,2,1810280.11
FI,2023,06,05,TRUE,5,1582900
SI,2018,unresolved,08,FALSE,2,319594.5
FR,2023,03,07,FALSE,5,32672358.2
CY,2021,09,01,FALSE,1,339994.7
FR,2021,unresolved,03,FALSE,19,14707993.94
BG,2022,01,01,FALSE,13,2400580.86
AT,2020,03,02,FALSE,7,726867.94
CY,2016,03,none,FALSE,12,7343377.68
IT,2016,04,05,TRUE,56,202347656.98
CY,2020,02,07,FALSE,2,942706.53
FR,2019,01,06,FALSE,11,2260074.54
AT,2021,07,04,FALSE,12,7035057.34
FR,2020,05,08,FALSE,6,151160
ES,2022,03,02,FALSE,17,33098895.4
PL,2021,05,05,TRUE,9,2755177.03
SE,2022,08,01,FALSE,3,880967.03
FR,2019,10,07,FALSE,4,9952471.8
NL,2022,05,08,FALSE,5,1500000
NO,2022,04,05,TRUE,14,5039881.03
IT,2023,01,09,FALSE,2,2760110
IE,2022,02,04,FALSE,3,1752963.71
NL,2019,03,04,FALSE,4,
NO,2021,08,06,FALSE,10,4881493.54
AT,2018,04,04,FALSE,20,2587399.44
SE,2022,07,04,FALSE,7,29769463.17
FR,2017,06,07,FALSE,14,2746396.08
UK,2018,10,10,FALSE,12,4950019.77
SE,2018,unresolved,01,FALSE,6,911457.07
SI,2023,unresolved,04,FALSE,3,966507.43
PT,2024,08,06,FALSE,21,27519694.19
UK,2025,04,none,FALSE,9,1570802706.06824
ES,2024,09,04,FALSE,8,3553325.22
ES,2025,03,02,FALSE,13,12690907.25
HU,2025,02,01,FALSE,1,922652.219163118
FR,2024,01,08,FALSE,24,94950996
EE,2016,08,09,FALSE,3,251501.96
IE,2019,05,06,FALSE,3,196921
MK,2016,02,none,FALSE,8,1022041
SE,2017,02,04,FALSE,3,4641167.09
ES,2023,07,10,FALSE,51,203370955.83
FR,2022,06,08,FALSE,1,
ES,2019,01,07,FALSE,3,576725.52
PL,2020,04,03,FALSE,21,14738869.44
HU,2016,01,04,FALSE,5,3152915.28
GR,2020,02,none,FALSE,61,31333960.86
NL,2019,02,04,FALSE,5,14887000
NL,2019,06,01,FALSE,11,25838053.92
ES,2017,02,03,FALSE,12,6297874.84
UK,2019,unresolved,06,FALSE,2,1025325.54
CZ,2023,01,08,FALSE,12,1134205.87275572
RO,2020,08,05,TRUE,8,7200279.67
FR,2016,05,08,FALSE,5,1552234.5
CZ,2023,05,04,FALSE,40,529871129.551552
HU,2018,04,01,FALSE,10,6618545.58
NL,2022,06,03,FALSE,1,8940000
IT,2022,05,06,FALSE,7,14244130.86
DK,2018,09,09,FALSE,1,
PL,2023,01,08,FALSE,13,3382722.51
CZ,2020,03,02,FALSE,7,1314504.61
NO,2018,10,07,FALSE,2,26912586.19
IE,2022,01,01,FALSE,20,20493978
ES,2021,unresolved,04,FALSE,30,108835109.36
PL,2019,03,07,FALSE,3,463882.09
NO,2021,04,03,FALSE,5,4558165.16
MK,2023,05,none,FALSE,8,201766118.68
NL,2024,10,09,FALSE,4,1054432
FI,2018,02,03,FALSE,3,4721904
PL,2018,01,08,FALSE,11,6251128.81
MT,2022,08,none,FALSE,6,1090355.47
SE,2023,01,05,TRUE,18,9129432.15836102
CY,2017,03,none,FALSE,11,6315659.1
SK,2020,10,none,FALSE,11,1765294.14
FR,2024,02,03,FALSE,25,722083
SE,2024,08,06,FALSE,4,37954758.1386027
LV,2025,05,08,FALSE,4,1636202.35
DE,2024,05,06,FALSE,31,6638275.8
HR,2024,06,04,FALSE,10,6569398.06
FR,2025,08,05,TRUE,16,3650615.19
FR,2025,07,05,TRUE,6,530305
CZ,2025,07,04,FALSE,27,11845562.955588
IE,2018,unresolved,01,FALSE,10,4865409
IE,2016,01,03,FALSE,1,
FI,2017,06,01,FALSE,3,
UK,2020,01,05,TRUE,5,1073108.91
FR,2018,02,04,FALSE,9,203339983.54
LV,2021,03,04,FALSE,1,
PT,2023,09,01,FALSE,15,18424235.15
NO,2022,05,06,FALSE,3,3050190.39
FR,2017,05,06,FALSE,12,25436806.07
DE,2020,07,09,FALSE,5,
AT,2021,10,01,FALSE,1,1033804
SE,2022,05,06,FALSE,11,5125067.75
IE,2017,03,02,FALSE,1,
IT,2020,05,01,FALSE,7,4279393.15
NL,2022,09,08,FALSE,6,3e+06
CH,2016,05,04,FALSE,6,
CH,2021,unresolved,01,FALSE,9,22426020.66
NL,2022,09,07,FALSE,1,
UK,2021,unresolved,04,FALSE,3,
DE,2023,06,01,FALSE,13,1962139.83
EE,2016,08,none,FALSE,26,26820987.61
PL,2022,03,05,TRUE,11,210386.43
CH,2020,02,none,FALSE,2,2470598.97
CZ,2021,10,06,FALSE,2,10011114.62
ES,2023,unresolved,08,FALSE,8,11306679.48
CZ,2023,08,06,FALSE,53,10368168.4197758
CZ,2024,07,05,TRUE,10,2952569.27094661
IE,2025,09,09,FALSE,2,8e+05
EE,2024,08,09,FALSE,4,403083.8
MT,2019,04,none,FALSE,46,233002581.66
BE,2019,09,04,FALSE,2,
DK,2018,unresolved,01,FALSE,9,3845088.7
BG,2017,01,05,TRUE,1,4601.7
BG,2018,unresolved,01,FALSE,39,8473316.74
LT,2018,04,03,FALSE,1,770479.2
HR,2019,04,03,FALSE,7,2874938.81
IT,2021,01,04,FALSE,8,7678300.79
GR,2019,09,08,FALSE,2,1471169
LT,2020,unresolved,01,FALSE,27,13518364.6
PL,2018,05,01,FALSE,10,5201078.19
BE,2022,03,04,FALSE,2,
SE,2018,03,01,FALSE,8,1067701.28
DE,2017,01,08,FALSE,9,2955520.72
HU,2021,09,09,FALSE,3,1382208.24
BG,2019,04,10,FALSE,2,683658.86
IT,2021,03,04,FALSE,5,13924531.68
LU,2018,08,09,FALSE,2,2203280
LT,2020,03,05,TRUE,1,1398857.9
LT,2018,05,04,FALSE,9,18621323.1
BG,2024,05,04,FALSE,12,8749612.05133449
FR,2024,04,03,FALSE,22,11822694.41
RO,2025,09,04,FALSE,7,10811169.6679734
PT,2024,06,04,FALSE,3,784020
MT,2024,08,01,FALSE,1,2215212.58
IT,2025,09,03,FALSE,1,1484896.95
CZ,2024,09,03,FALSE,3,440448.688991063
HR,2024,04,07,FALSE,1,
DK,2025,05,05,TRUE,3,59124150.9703088
GR,2025,01,04,FALSE,7,120149289.72
NO,2017,03,02,FALSE,3,
DK,2019,10,10,FALSE,2,
FR,2019,01,08,FALSE,21,294577122.76
CH,2020,05,04,FALSE,5,15350826.64
SK,2022,10,none,FALSE,24,487203.56
GR,2017,05,07,FALSE,5,1448134.48
IT,2020,02,05,TRUE,4,2553513.67
NL,2023,05,07,FALSE,1,560000
BG,2023,06,04,FALSE,11,6243742.17162696
FR,2018,07,09,FALSE,6,216108
SE,2016,05,05,TRUE,8,
HR,2022,05,07,FALSE,12,3097663.48
FI,2019,01,03,FALSE,2,369500
SI,2022,07,04,FALSE,8,1420992.68
EE,2019,06,none,FALSE,20,3994749.98
CZ,2022,02,02,FALSE,1,9087.36
CZ,2023,01,06,FALSE,14,5453678.33708756
NO,2016,01,06,FALSE,1,
NL,2018,07,06,FALSE,1,196700
PT,2023,05,04,FALSE,7,17778498
ES,2017,05,05,TRUE,10,4090018.39
FI,2023,07,05,TRUE,3,1231000
CH,2025,10,07,FALSE,3,2097846.65552196
CZ,2022,05,05,TRUE,16,16733235.3
NO,2023,unresolved,01,FALSE,13,48196692.2503298
DK,2018,08,08,FALSE,2,524979.61
DE,2021,10,10,FALSE,1,
MK,2018,02,none,FALSE,11,822233.9
HU,2022,08,08,FALSE,3,787004.66
NL,2024,09,06,FALSE,1,
BE,2021,05,07,FALSE,4,496350.7
SE,2023,09,10,FALSE,2,9274315.96
HU,2021,03,06,FALSE,2,652506.32
SK,2016,08,06,FALSE,6,1194555.85
NL,2023,10,05,TRUE,2,
HR,2023,03,04,FALSE,3,2637202.2
FR,2023,03,08,FALSE,3,1339999.99
MK,2020,03,02,FALSE,2,122156.26
LU,2024,01,09,FALSE,2,
FR,2024,03,01,FALSE,13,8637835
IE,2021,08,04,FALSE,3,1551925
IE,2020,07,08,FALSE,1,
ES,2021,09,03,FALSE,4,1222410
RO,2020,07,01,FALSE,13,4507316.02
RO,2021,08,01,FALSE,2,295247.85
CZ,2019,05,01,FALSE,5,2049887.73
NL,2021,07,04,FALSE,5,4e+06
NO,2019,09,01,FALSE,14,5162990.94
IT,2020,02,03,FALSE,16,9738757.81
DE,2020,09,06,FALSE,6,34872709.44
IE,2019,10,none,FALSE,16,27103660.25
PL,2025,unresolved,01,FALSE,5,13497748.388234
LT,2025,07,10,FALSE,1,720000
BG,2024,09,08,FALSE,11,899162.209837407
IT,2020,05,05,TRUE,10,6127598.42
LU,2022,01,03,FALSE,4,701418
BG,2023,08,09,FALSE,6,634653.098852644
DE,2019,01,02,FALSE,1,
CZ,2019,09,09,FALSE,10,88350.22
HR,2019,unresolved,03,FALSE,3,1187929.02
CY,2020,08,none,FALSE,2,335200
CH,2022,07,01,FALSE,3,1392681.53
FR,2017,01,06,FALSE,6,19401229.82
CZ,2021,02,01,FALSE,14,13860759.25
EE,2025,03,02,FALSE,1,
PT,2024,07,07,FALSE,2,801285.59
CY,2025,01,01,FALSE,11,11237733.92
NL,2025,02,04,FALSE,3,8703578
CZ,2024,unresolved,06,FALSE,3,852242.505793124
SE,2023,06,03,FALSE,1,
PL,2025,03,05,TRUE,7,9041625.38613666
BE,2017,unresolved,06,FALSE,2,
CZ,2022,01,06,FALSE,1,
IT,2019,09,01,FALSE,4,1342132
PL,2021,09,09,FALSE,15,1347023.96
HU,2022,04,06,FALSE,6,2801812.88
RO,2023,02,02,FALSE,9,11594342.4400897
BE,2021,07,09,FALSE,2,1306432.11
FI,2017,10,04,FALSE,3,4600000
MT,2020,10,none,FALSE,2,4530432.36
AT,2020,09,01,FALSE,2,
FR,2025,09,03,FALSE,6,192818
DK,2025,05,04,FALSE,23,119244070.161971
FR,2024,02,09,FALSE,1,
BG,2025,05,04,FALSE,8,4168225.49340423
BE,2025,04,08,FALSE,1,
SI,2024,07,04,FALSE,10,3319804.46
LV,2024,04,06,FALSE,1,909648
IS,2020,unresolved,none,FALSE,3,2713435.49
IE,2025,05,06,FALSE,6,784241
DK,2021,04,03,FALSE,1,4437273.09
SE,2023,04,03,FALSE,5,4849469.59810006
MK,2023,01,01,FALSE,11,1170751.73
HU,2025,04,03,FALSE,4,387422.732944849
CZ,2020,03,08,FALSE,1,
IT,2017,07,01,FALSE,23,40028320.78
DE,2017,04,06,FALSE,9,695836.41
EE,2016,unresolved,01,FALSE,11,1037282.79
MK,2016,unresolved,01,FALSE,2,335634.24
HU,2021,02,01,FALSE,1,15373756.82
RO,2023,01,08,FALSE,7,625552.14
CZ,2020,08,01,FALSE,6,1085643.17
IT,2021,01,03,FALSE,5,101798897.99
ES,2018,03,02,FALSE,5,4582985.89
GR,2018,06,01,FALSE,1,363914.97
BG,2024,01,05,TRUE,13,6172212.66489416
IT,2023,02,05,TRUE,3,3934474.2
AT,2019,07,04,FALSE,16,13953078.82
BG,2021,07,09,FALSE,2,
HR,2019,08,09,FALSE,1,296563.84
SI,2020,04,03,FALSE,8,1328595.84
IE,2023,07,09,FALSE,2,898400
SE,2017,07,03,FALSE,2,
RO,2020,08,09,FALSE,8,632552.62
IT,2019,01,07,FALSE,3,1518055.95
ES,2022,03,05,TRUE,1,358620
DE,2019,08,03,FALSE,4,1034571.33
AT,2023,08,04,FALSE,6,2819922.06
DK,2019,04,05,TRUE,18,12858560.92
NL,2021,06,05,TRUE,7,957500
UK,2020,08,04,FALSE,1,110033.72
LU,2023,unresolved,04,FALSE,5,6600869
NL,2021,03,04,FALSE,3,
RO,2019,02,01,FALSE,2,668022.04
EE,2021,09,09,FALSE,1,6192
IT,2023,01,03,FALSE,3,9001444.8
NO,2021,09,03,FALSE,2,245983.1
IE,2022,09,10,FALSE,1,
RO,2022,05,06,FALSE,2,17829057.51
BE,2018,01,03,FALSE,4,330059.79
NL,2017,03,05,TRUE,1,
DE,2022,06,03,FALSE,3,156442.58
HR,2019,08,01,FALSE,10,2883492.05
SK,2018,07,07,FALSE,2,704415.12
NO,2018,06,04,FALSE,2,1797991.04
FI,2020,06,04,FALSE,5,1096648
IT,2020,08,04,FALSE,3,13273487.83
DE,2019,04,09,FALSE,1,
UK,2020,02,04,FALSE,3,6968641.11
ES,2022,02,04,FALSE,19,151716525.99
DE,2017,03,07,FALSE,4,
UK,2018,01,06,FALSE,4,5312475.27
CZ,2020,04,06,FALSE,2,907200.91
SE,2018,02,04,FALSE,2,
FR,2025,08,01,FALSE,16,1778710
BG,2024,04,09,FALSE,3,1027313.63125064
SK,2018,10,none,FALSE,2,
DK,2025,05,06,FALSE,2,3444626.74173278
AT,2024,10,01,FALSE,6,1289450.28
PL,2025,09,05,TRUE,5,954507.881353074
LT,2024,02,03,FALSE,4,212948378.37
CZ,2016,10,04,FALSE,1,157048.9
HU,2020,01,05,TRUE,2,3129434.74
SK,2023,02,01,FALSE,1,972500
AT,2023,08,08,FALSE,2,732578.35
PL,2017,04,07,FALSE,3,796907.14
MK,2021,06,none,FALSE,6,135547.33
HR,2016,10,none,FALSE,2,471825.1
NO,2017,unresolved,04,FALSE,8,2547981.23
SE,2020,unresolved,04,FALSE,5,12398901.26
BE,2016,06,05,TRUE,5,470827
LT,2017,03,02,FALSE,1,525492
FR,2020,06,03,FALSE,6,847591.5
PL,2023,10,10,FALSE,1,175034.47
BG,2016,01,04,FALSE,7,1203282.16
IT,2022,03,01,FALSE,8,17553255.53
SE,2020,01,06,FALSE,11,10502441.63
MT,2022,06,04,FALSE,3,
FR,2016,10,03,FALSE,1,
BG,2019,04,03,FALSE,15,1178726.3
EE,2017,07,01,FALSE,5,2541229.09
NO,2023,01,08,FALSE,5,1283857.82556235
RO,2020,02,08,FALSE,1,592508.89
PT,2023,04,07,FALSE,2,579575
SE,2024,09,08,FALSE,4,1941707.99902263
PL,2025,01,03,FALSE,4,959386.770750749
MT,2024,01,06,FALSE,1,14975
LI,2024,03,none,FALSE,1,338499.419438551
PL,2024,07,03,FALSE,1,27217.7986241141
MK,2018,04,05,TRUE,2,32176.02
FI,2018,10,01,FALSE,4,3205958
BG,2019,10,01,FALSE,5,590450.32
UK,2021,10,07,FALSE,1,3809911.59
FI,2021,07,04,FALSE,1,480000
GR,2019,01,06,FALSE,1,2212965
PT,2017,10,01,FALSE,2,3835879.92
IT,2016,01,04,FALSE,1,213696
CY,2018,09,01,FALSE,2,813211
LV,2021,01,08,FALSE,1,146405
DE,2019,09,09,FALSE,4,625167.8
FI,2020,09,04,FALSE,3,1076248
CY,2024,04,01,FALSE,3,4956720
SI,2016,08,09,FALSE,3,609900.45
SK,2016,03,01,FALSE,2,525000
BE,2023,08,05,TRUE,4,1611744.09
MK,2024,05,none,FALSE,7,6937000
CH,2017,08,03,FALSE,1,
SI,2023,05,03,FALSE,1,
UK,2019,05,03,FALSE,5,141935.82
BE,2016,04,08,FALSE,1,
RO,2021,01,03,FALSE,2,379632.14
DK,2016,02,04,FALSE,3,2145145.94
PL,2017,06,08,FALSE,1,404553.8
SE,2025,03,03,FALSE,1,455604.735555621
DE,2024,09,03,FALSE,11,1916122.14
CY,2024,03,01,FALSE,8,2504412
MK,2018,08,none,FALSE,3,493627.21
RO,2019,05,01,FALSE,6,2287779.49
BG,2018,05,04,FALSE,3,168728.91
FI,2019,06,04,FALSE,3,2140000
IS,2016,09,none,FALSE,1,
GR,2022,04,01,FALSE,4,23226872.2
SI,2019,05,07,FALSE,3,1275945
SK,2024,09,01,FALSE,2,126517.9
PL,2022,04,06,FALSE,4,4307643.17
IE,2019,02,03,FALSE,1,986034
FI,2022,07,08,FALSE,2,2e+05
NO,2025,07,03,FALSE,1,
MK,2017,06,04,FALSE,2,904631.12
BG,2017,05,07,FALSE,6,6632483.79
HU,2022,09,01,FALSE,6,3401456.05
MK,2019,04,04,FALSE,4,2435065.32
GR,2022,05,06,FALSE,2,
IT,2018,03,04,FALSE,5,9209808.42
CZ,2021,03,07,FALSE,8,5743643.14
BE,2018,03,08,FALSE,1,
LV,2021,09,07,FALSE,1,210000
SK,2021,06,04,FALSE,5,2669583.34
LV,2025,05,01,FALSE,2,392400
LV,2023,07,01,FALSE,6,1482905.63
HU,2022,09,06,FALSE,1,145181.91
IE,2018,02,01,FALSE,1,1500000
LU,2023,unresolved,01,FALSE,4,10258236.8
CZ,2016,10,01,FALSE,7,4628819.73
HR,2022,08,01,FALSE,5,1847057.66
LV,2022,01,03,FALSE,2,140000
IE,2018,08,01,FALSE,1,
CY,2024,08,none,FALSE,10,1910041
AT,2024,05,05,TRUE,7,2886756
FR,2024,03,06,FALSE,4,
PT,2020,02,01,FALSE,2,1392509.02
PL,2022,06,01,FALSE,3,1053935.65
IT,2020,10,07,FALSE,2,483820
FI,2017,07,03,FALSE,1,110740
GR,2017,10,08,FALSE,2,11541247.82
EE,2020,unresolved,04,FALSE,2,689000
PT,2017,08,09,FALSE,2,427796.29
NO,2023,03,09,FALSE,1,
FR,2019,unresolved,06,FALSE,7,2904539.74
IT,2022,10,10,FALSE,3,1769254.5
CZ,2025,09,04,FALSE,6,984524.21866466
RO,2022,03,03,FALSE,4,1646919.4
FI,2019,08,01,FALSE,2,2319992
UK,2017,03,07,FALSE,2,
IT,2023,09,08,FALSE,2,1139937.7
IT,2018,unresolved,03,FALSE,4,2171432
PT,2021,01,05,TRUE,5,1426045
DK,2020,01,04,FALSE,4,575380.32
SE,2024,07,07,FALSE,1,1329183.91652016
PL,2023,04,07,FALSE,5,16469345.1015403
CH,2025,09,10,FALSE,1,24547000.1560877
ES,2017,10,06,FALSE,2,933406
DE,2021,01,07,FALSE,3,332370
AT,2021,05,01,FALSE,2,1058125.05
HR,2017,01,04,FALSE,3,
ES,2022,08,03,FALSE,2,462318.12
HU,2020,09,04,FALSE,2,3587188.61
DK,2021,07,01,FALSE,3,569272
PT,2016,07,01,FALSE,1,62000
ES,2019,01,05,TRUE,4,361512.6
EE,2023,09,01,FALSE,5,221063.52
ES,2016,03,08,FALSE,1,467060
FI,2019,03,01,FALSE,3,1326296
FR,2022,06,06,FALSE,3,1278417
CZ,2023,07,08,FALSE,1,274961.65
BE,2023,02,05,TRUE,2,1161809.88
HU,2016,08,05,TRUE,8,22012811.13
DE,2016,04,06,FALSE,3,
PT,2018,05,07,FALSE,3,383237.9
NO,2021,07,04,FALSE,7,35107138.73
CH,2019,01,05,TRUE,3,1891752.42
DK,2024,03,03,FALSE,1,
DE,2025,05,08,FALSE,2,207000
LU,2025,01,05,TRUE,2,2793055
AT,2024,01,09,FALSE,1,
HR,2025,10,07,FALSE,2,10907599.66
AT,2024,09,10,FALSE,1,
FR,2025,06,06,FALSE,3,
LV,2024,07,10,FALSE,3,84000
SI,2020,01,06,FALSE,1,114027.21
FR,2017,02,08,FALSE,3,313881.41
LT,2020,01,06,FALSE,2,
MT,2020,01,01,FALSE,1,1974508.28
LV,2016,03,02,FALSE,2,833043.4
SK,2020,03,07,FALSE,2,91710
FI,2021,07,03,FALSE,1,
SE,2022,07,05,TRUE,2,689893.07
PL,2020,09,08,FALSE,3,37689.4
IT,2021,03,09,FALSE,1,278000
FR,2016,04,08,FALSE,1,1380969
EE,2016,02,03,FALSE,3,
LT,2023,09,09,FALSE,5,2079100
ES,2024,04,09,FALSE,2,140340
BG,2017,05,01,FALSE,1,55616.9
SE,2020,10,10,FALSE,3,667633.15
LT,2025,08,08,FALSE,2,712460.1
FR,2024,08,03,FALSE,1,
AT,2020,04,03,FALSE,3,1028200
LU,2019,10,none,FALSE,1,3986082
BE,2025,07,10,FALSE,6,275616.92
BG,2025,04,06,FALSE,5,2684066.87800389
ES,2024,02,07,FALSE,1,351391.19
HU,2021,10,07,FALSE,1,137436.95
SE,2022,01,03,FALSE,5,3618221.06
HU,2022,03,04,FALSE,2,1546814.55
MK,2024,09,none,FALSE,2,
MT,2021,02,03,FALSE,1,170000
SK,2024,01,06,FALSE,1,
LV,2025,05,09,FALSE,1,419467
CY,2024,06,04,FALSE,1,405360
FI,2019,05,05,TRUE,1,
CH,2020,03,03,FALSE,1,3119440.45
NO,2018,09,03,FALSE,1,211513.41
CZ,2022,03,08,FALSE,1,201787.83
ES,2020,09,07,FALSE,1,41999.25
LT,2023,unresolved,06,FALSE,1,1275633.07
GR,2022,06,01,FALSE,3,708127.47
SK,2020,09,01,FALSE,3,4690006
PT,2018,10,01,FALSE,3,751188.24
GR,2021,07,10,FALSE,1,17680
LT,2020,07,09,FALSE,3,
BG,2018,05,06,FALSE,1,511299.72
CZ,2017,10,03,FALSE,1,258623.7
NL,2023,unresolved,03,FALSE,1,
ES,2021,unresolved,09,FALSE,1,1031982.12
LU,2019,03,02,FALSE,2,1300250.63
DE,2019,03,09,FALSE,4,472315.75
IT,2019,03,03,FALSE,3,3030498.22
IT,2022,02,05,TRUE,1,1149559.2
CH,2022,09,05,TRUE,2,960506.98
CH,2022,01,03,FALSE,2,1483079.13
MT,2017,unresolved,01,FALSE,3,1030171.41
IE,2021,06,01,FALSE,1,
PT,2019,01,06,FALSE,2,599139.53
UK,2017,03,03,FALSE,7,20461044.94
ES,2021,05,03,FALSE,2,194950
ES,2020,01,07,FALSE,3,754104.15
PT,2023,08,01,FALSE,1,352794.84
AT,2025,04,06,FALSE,1,51568296.54
SI,2025,08,05,TRUE,2,186754.31
IE,2024,05,08,FALSE,1,367420
LV,2025,02,03,FALSE,2,27056.4
AT,2018,03,02,FALSE,1,280399
IS,2017,01,01,FALSE,3,1602103.65
SK,2018,05,01,FALSE,4,478456
PT,2017,unresolved,06,FALSE,1,665805.69
FR,2016,07,08,FALSE,2,
SE,2022,04,09,FALSE,4,
CZ,2020,07,05,TRUE,4,603122.05
FR,2016,unresolved,07,FALSE,6,217600
IE,2023,unresolved,04,FALSE,2,735910
LI,2025,09,none,FALSE,1,188054.431161305
GR,2023,10,01,FALSE,2,931000
FI,2018,04,06,FALSE,1,8400000
ES,2024,03,04,FALSE,5,9429671.85
NO,2019,08,08,FALSE,1,
NL,2023,02,07,FALSE,1,
BG,2017,02,01,FALSE,2,1377584.93
CH,2020,08,09,FALSE,1,611262.03
LU,2017,01,01,FALSE,5,1129920
UK,2022,06,05,TRUE,1,291501.86
LT,2022,unresolved,06,FALSE,2,235609.58
SE,2020,unresolved,01,FALSE,4,
CH,2025,02,03,FALSE,2,2088027.90945595
NO,2022,01,03,FALSE,1,521484.16
DE,2021,10,03,FALSE,3,243564.76
EE,2022,01,05,TRUE,3,698205.92
LV,2023,02,05,TRUE,1,
RO,2020,01,05,TRUE,3,337144.87
FR,2024,09,07,FALSE,2,
IE,2022,10,09,FALSE,1,1e+05
HR,2022,04,06,FALSE,1,708782.74
LT,2018,07,05,TRUE,1,35806.68
CZ,2020,unresolved,07,FALSE,1,414047.25
RO,2019,07,04,FALSE,3,448818.37
SI,2022,01,04,FALSE,2,246820
SK,2016,05,05,TRUE,1,1725000
FR,2025,unresolved,01,FALSE,2,
DK,2024,08,01,FALSE,1,536245.847737655
LT,2024,01,05,TRUE,4,224957
AT,2017,unresolved,05,TRUE,3,411444.71
SE,2019,02,04,FALSE,2,8561634.13
LT,2020,08,05,TRUE,1,867768.6
BE,2023,04,09,FALSE,2,8097220.31
MK,2019,06,01,FALSE,1,
HR,2018,01,08,FALSE,1,314994.88
CZ,2016,08,05,TRUE,3,1595336.67
NL,2024,09,03,FALSE,2,2217673
IE,2023,04,08,FALSE,1,2400000
PT,2024,07,08,FALSE,1,405430
NO,2025,06,04,FALSE,1,
HU,2024,09,09,FALSE,2,194372.407851471
GR,2019,06,01,FALSE,1,271800
IE,2019,02,01,FALSE,1,
RO,2020,unresolved,07,FALSE,1,
LV,2022,06,04,FALSE,3,349129.81
IE,2023,07,10,FALSE,3,998081000
FR,2016,02,08,FALSE,1,
CZ,2022,06,01,FALSE,1,
SI,2021,unresolved,08,FALSE,3,787119.57
BE,2022,05,01,FALSE,2,1630269
UK,2017,08,08,FALSE,1,288426.66
FI,2018,04,08,FALSE,1,
HR,2020,04,06,FALSE,2,338986.79
LT,2017,03,03,FALSE,2,123132.23
FI,2021,03,06,FALSE,1,
FI,2018,08,06,FALSE,2,302506
SI,2023,09,04,FALSE,1,60540
BG,2021,09,03,FALSE,2,50443.04
ES,2021,03,06,FALSE,1,217540.6
CH,2016,01,04,FALSE,1,
BE,2020,02,04,FALSE,4,4686806.21
CH,2021,04,01,FALSE,7,3719498.66
SI,2016,10,01,FALSE,2,1129914.43
DK,2023,08,09,FALSE,2,
RO,2022,02,08,FALSE,1,313091.54
EE,2017,09,08,FALSE,1,
FR,2018,01,07,FALSE,7,201547.15
LV,2023,10,07,FALSE,2,158500
PL,2021,unresolved,09,FALSE,1,
UK,2024,08,none,FALSE,1,23290180.6471286
SK,2020,01,07,FALSE,1,6e+05
NO,2024,04,07,FALSE,2,1044339.20867973
EE,2017,07,10,FALSE,1,1244480
RO,2023,06,03,FALSE,2,736060.23
IE,2021,10,06,FALSE,1,1300000
SE,2023,09,03,FALSE,2,686761.5
CH,2018,07,06,FALSE,1,114269.7
CY,2023,09,01,FALSE,2,2034244
CY,2017,08,06,FALSE,1,529603.5
CY,2023,04,01,FALSE,2,2105504.84
BE,2022,unresolved,03,FALSE,1,605745.06
CY,2024,04,03,FALSE,1,
BG,2024,08,08,FALSE,1,17451.1708763677
RO,2021,unresolved,06,FALSE,1,14893.14
IE,2024,07,09,FALSE,2,3e+05
DK,2025,unresolved,04,FALSE,1,
BE,2019,04,08,FALSE,1,
UK,2023,02,none,FALSE,2,16003684.5291076
SK,2018,07,10,FALSE,1,
UK,2016,09,07,FALSE,1,640650.17
CZ,2025,02,08,FALSE,2,164033.555957304
MT,2024,09,06,FALSE,1,179700
FI,2022,09,09,FALSE,1,440000
PL,2025,03,06,FALSE,1,103566.217727149
EE,2022,05,08,FALSE,1,322989.33
AT,2020,10,01,FALSE,2,952278.11
ES,2024,07,05,TRUE,3,690110.17
PT,2020,09,06,FALSE,1,262305.77
AT,2021,09,09,FALSE,1,518351
PT,2019,02,04,FALSE,1,1288066.24
IE,2019,unresolved,08,FALSE,1,1783318
HR,2017,09,06,FALSE,1,12554425.83
NL,2017,04,06,FALSE,1,499854.44
IE,2018,03,08,FALSE,1,280000
NO,2019,05,01,FALSE,2,680127.1
FI,2022,05,01,FALSE,1,302500
HR,2020,09,01,FALSE,1,103987.58
MK,2018,06,04,FALSE,1,
SI,2024,10,01,FALSE,1,460255.32
IT,2016,01,03,FALSE,2,607202.55
FR,2016,03,03,FALSE,1,425602
LV,2020,03,03,FALSE,2,1065512
FI,2022,03,04,FALSE,1,320000
PT,2020,06,04,FALSE,2,97020
CY,2018,05,07,FALSE,1,
ES,2023,06,07,FALSE,1,205970
FI,2018,03,04,FALSE,1,689247
FI,2019,06,06,FALSE,1,
IT,2021,08,03,FALSE,1,669290.96
HU,2017,10,08,FALSE,1,38112021.73
LT,2023,unresolved,03,FALSE,1,
CH,2024,10,01,FALSE,1,892328.704757609
SE,2023,03,05,TRUE,1,4233461.28
SI,2019,06,05,TRUE,1,1142953.5
UK,2016,06,06,FALSE,1,
FR,2018,10,07,FALSE,2,7121686.3
LT,2021,02,04,FALSE,1,546557
IT,2021,09,04,FALSE,1,8601823.4
AT,2023,06,08,FALSE,1,
LT,2025,03,06,FALSE,1,41322.31
LT,2025,01,07,FALSE,1,239096
DK,2022,06,01,FALSE,1,1008471.16
SI,2022,08,05,TRUE,1,
PL,2017,unresolved,06,FALSE,1,1874559.55
IT,2022,03,06,FALSE,1,262295
GR,2019,01,03,FALSE,1,177000
LU,2020,07,09,FALSE,1,366800
IE,2020,03,02,FALSE,1,560768
LV,2024,09,04,FALSE,2,158700
HR,2021,03,03,FALSE,1,
GR,2016,09,08,FALSE,1,551267.06
BE,2025,03,05,TRUE,1,121000
UK,2023,09,06,FALSE,1,210525.83
PT,2020,01,08,FALSE,1,226700.7
MT,2024,07,09,FALSE,1,5600
SK,2016,10,01,FALSE,1,677500
CY,2018,08,08,FALSE,1,93700
IE,2021,03,04,FALSE,1,4500000
MT,2024,03,05,TRUE,1,168000
AT,2022,05,09,FALSE,1,
CH,2018,10,01,FALSE,1,29242827.48
UK,2017,07,03,FALSE,1,376424.42
IE,2020,05,07,FALSE,1,
PT,2025,10,08,FALSE,1,17387
IT,2023,10,06,FALSE,1,788495816.7
IE,2018,04,03,FALSE,1,
NO,2020,05,03,FALSE,1,233148.06
PT,2020,03,01,FALSE,1,
ES,2024,02,08,FALSE,1,250000
PT,2024,01,08,FALSE,1,126093
AT,2018,unresolved,05,TRUE,1,266451.88
PL,2018,02,08,FALSE,1,
SE,2017,10,08,FALSE,1,1089765.54
LT,2017,07,10,FALSE,1,400585.91
SI,2017,08,06,FALSE,1,40908.85
IE,2016,02,04,FALSE,1,105000
PL,2025,04,none,FALSE,5750,22711219882.4923
FI,2025,04,none,FALSE,1319,4251187060.64202
SE,2025,07,none,FALSE,1123,3041948843.57057
DE,2024,04,none,FALSE,10104,12400242408.33
DE,2024,01,none,FALSE,22604,9730056824.26996
RO,2025,07,none,FALSE,3062,2011078398.63885
CH,2025,01,none,FALSE,1792,9890218153.17699
RO,2023,07,none,FALSE,9503,9767976329.83728
PL,2025,01,04,FALSE,106,90065200.7257001
ES,2023,04,none,FALSE,4270,19905163981.72
PT,2025,09,none,FALSE,723,2831708591.05
NO,2024,01,none,FALSE,1348,3761022682.76187
DE,2025,01,04,FALSE,1116,697234327.59
CH,2025,08,none,FALSE,83,99164282.8078643
LV,2024,06,04,FALSE,27,3944297.95
SE,2024,07,04,FALSE,8,1676027.52906959
HR,2023,04,04,FALSE,16,16935134.99
DE,2024,08,01,FALSE,13,5417371.65
IT,2024,06,none,FALSE,293,1528845116.4
DE,2025,04,03,FALSE,58,26602578.19
ES,2024,01,04,FALSE,180,807632135.9819
FR,2024,03,none,FALSE,733,591408337.33
DE,2025,10,none,FALSE,1102,599243778.14
PL,2025,05,07,FALSE,69,44937583.5429636
DE,2025,07,10,FALSE,76,155398022.32
CY,2024,09,none,FALSE,60,100547140.318
AT,2024,01,none,FALSE,776,738433044.347753
IT,2025,01,03,FALSE,6,2643309.81
ES,2024,01,01,FALSE,501,841319546.69
ES,2024,03,none,FALSE,581,1062165943.49
HU,2025,05,01,FALSE,1,77720.8426483848
HU,2025,06,none,FALSE,69,32207031.1271209
CH,2024,08,none,FALSE,42,60709993.6097035
LT,2025,05,none,FALSE,244,159878605.8
PL,2024,04,05,TRUE,281,812910175.761386
FR,2024,09,01,FALSE,57,49711338.06
EE,2025,01,none,FALSE,408,182408432.7
PL,2023,05,none,FALSE,3778,3716087547.9439
GR,2025,04,none,FALSE,436,3361219296.47
NL,2025,08,none,FALSE,203,356202646.45
BG,2025,01,01,FALSE,130,102774514.920953
PT,2025,08,06,FALSE,21,8491588.22
NO,2023,04,none,FALSE,518,1854583895.94793
SE,2024,05,none,FALSE,472,555730455.122431
NO,2025,06,none,FALSE,54,94408596.7596225
BG,2025,01,05,TRUE,12,15066724.153799
IT,2024,02,03,FALSE,17,78896799.62
DE,2024,06,04,FALSE,87,44183249.04
LV,2025,unresolved,none,FALSE,11,5614252.11
SK,2023,08,none,FALSE,48,77719678.15
NO,2025,02,03,FALSE,5,8380851.85612612
FR,2025,01,01,FALSE,245,45396955.6
HU,2025,05,05,TRUE,2,949424
MT,2025,01,03,FALSE,1,7260
BE,2025,10,none,FALSE,106,92391548.01
NL,2020,09,none,FALSE,1125,1111130919.76
ES,2022,04,none,FALSE,3818,12994640484.69
IT,2019,01,none,FALSE,1671,4816868044.99
PT,2022,07,none,FALSE,734,584046511.84
DE,2017,03,none,FALSE,1396,684033004.46
FR,2019,07,none,FALSE,2844,2725751255.14
FR,2017,04,none,FALSE,6140,12136946971.47
PT,2018,07,none,FALSE,2373,323866969.63
FI,2018,09,none,FALSE,194,193690493
PT,2016,07,none,FALSE,1419,716086373.2
ES,2016,01,none,FALSE,1620,2093523778.31
FR,2019,01,none,FALSE,11535,14179121664.35
DE,2019,01,none,FALSE,12030,7405998441.55
BG,2021,01,none,FALSE,1655,325097534.14
CZ,2020,01,none,FALSE,1400,1921537712.24
PL,2019,05,none,FALSE,2623,3164832807.51
ES,2021,05,none,FALSE,1329,3488937003.2
NO,2016,04,none,FALSE,362,1713585482.34
CZ,2019,07,none,FALSE,2866,1289695781.2
ES,2021,06,none,FALSE,513,1643127541
FR,2023,04,none,FALSE,5402,27835671018.55
PL,2020,04,none,FALSE,5868,11883894254.92
BG,2021,06,none,FALSE,341,240045734.31
AT,2022,01,none,FALSE,695,886683160.49
IT,2016,07,none,FALSE,1273,5280690512.99
NL,2019,01,none,FALSE,2054,1619834550.69
FR,2022,08,none,FALSE,1310,4853016707.97
BG,2021,unresolved,none,FALSE,1491,338876333.9
UK,2018,unresolved,none,FALSE,556,1614500864.75
LU,2018,01,none,FALSE,266,537660919.57
DK,2022,09,none,FALSE,195,270594321.19
FR,2020,02,none,FALSE,508,1279199359.87
PL,2022,03,none,FALSE,1037,655167322.32
LV,2022,07,none,FALSE,730,223402223.76
HR,2022,09,none,FALSE,206,213623888.85
DE,2021,02,none,FALSE,707,729788175.03
RO,2020,04,none,FALSE,3485,10754410630.39
AT,2021,04,none,FALSE,827,4084999186.7
FR,2018,09,none,FALSE,1424,3292889791.14
FR,2017,03,none,FALSE,649,340517506.03
SI,2023,07,none,FALSE,698,615158826.68
FR,2023,03,none,FALSE,739,2426417474.23
SE,2016,07,none,FALSE,866,178048877.66
HU,2016,04,none,FALSE,539,2952817049.37
CZ,2021,01,none,FALSE,1546,2411724145.65
SI,2022,03,none,FALSE,60,45346057.7
DE,2017,10,none,FALSE,600,434576077.25
IT,2019,05,none,FALSE,1200,3019514625.35
HR,2023,01,none,FALSE,447,409836483.24
IT,2023,06,none,FALSE,543,2541184980.78
IT,2018,08,none,FALSE,365,752568938.81
BG,2018,unresolved,none,FALSE,1294,261112284.79
DE,2022,08,none,FALSE,1262,633428419.16
BE,2022,07,none,FALSE,635,433779203.99
PL,2018,08,none,FALSE,324,441476530.21
CY,2022,02,none,FALSE,10,9348184.21
CH,2020,05,none,FALSE,126,203132542.35
AT,2016,10,none,FALSE,39,26020704.94
SK,2017,09,none,FALSE,64,24428259.31
DE,2018,03,none,FALSE,1647,903260119.48
DE,2021,01,09,FALSE,72,29461868.03
SE,2023,07,05,TRUE,4,2678946.03
GR,2021,09,06,FALSE,1,237238.6
FR,2018,unresolved,01,FALSE,208,83890314.14
BG,2020,05,07,FALSE,4,1176331.17
PT,2019,06,04,FALSE,24,1182926.78
SE,2019,07,04,FALSE,12,14316822.02
ES,2016,09,10,FALSE,10,46181331.91
HU,2023,03,04,FALSE,2,1077759.45567201
BG,2022,09,01,FALSE,41,25235566.32
ES,2021,01,03,FALSE,17,8512841.37
DE,2023,06,05,TRUE,152,130023020.27
DE,2021,unresolved,04,FALSE,200,103366524.55
HU,2017,07,none,FALSE,334,342348010.78
DK,2022,01,none,FALSE,664,1365587543.76
BG,2017,06,none,FALSE,210,52784321.91
SK,2022,unresolved,none,FALSE,498,727172886.04
LT,2021,03,none,FALSE,258,82871407.76
IT,2021,09,none,FALSE,641,1560802190.47
GR,2023,06,none,FALSE,123,259365018.78
IE,2021,unresolved,none,FALSE,151,146757045.87
PT,2021,04,none,FALSE,466,4156933163.34
GR,2019,06,none,FALSE,63,82761437.94
HR,2023,07,none,FALSE,792,2476233797.03
HU,2019,08,none,FALSE,182,443776847.45
MK,2023,07,none,FALSE,85,21979018.78
IT,2016,08,none,FALSE,229,560922988.1
PT,2020,04,none,FALSE,437,1837390351.67
NL,2021,03,none,FALSE,326,243826510.37
IE,2020,09,none,FALSE,225,127347481.28
NL,2017,07,none,FALSE,307,160305702.04
SK,2019,02,none,FALSE,33,12930615.5
NO,2017,05,none,FALSE,144,221996131.13
MK,2021,unresolved,none,FALSE,10,3894464.94
CH,2017,08,none,FALSE,58,40991199.81
HR,2018,09,none,FALSE,75,41773168.94
CZ,2018,10,none,FALSE,89,22597365.46
IE,2023,07,none,FALSE,154,296483348.83
EE,2019,04,none,FALSE,372,249139609.39
GR,2022,05,none,FALSE,331,737701433.41
HR,2022,05,none,FALSE,213,402839179.6
IS,2022,09,none,FALSE,7,21211780.45
FI,2017,08,none,FALSE,63,31444806
NL,2016,03,none,FALSE,209,19912940.96
SK,2022,03,none,FALSE,180,142483112.67
NL,2019,unresolved,none,FALSE,367,348272519.73
MT,2018,unresolved,none,FALSE,79,28368465.3
UK,2021,06,none,FALSE,555,4519945680.43
DK,2023,unresolved,none,FALSE,206,774938651.149658
FR,2023,unresolved,05,TRUE,19,12819703.62
PL,2023,07,10,FALSE,118,115144091.150738
CZ,2020,01,01,FALSE,103,32093150.75
HU,2019,08,08,FALSE,1,32585305.87
DE,2023,04,04,FALSE,205,226587294.66
LT,2020,09,01,FALSE,6,1296986.98
FI,2019,07,10,FALSE,175,316614375
DE,2018,04,05,TRUE,338,144738776.16
DE,2021,04,05,TRUE,338,177743663.54
DE,2019,08,05,TRUE,18,10884694.27
SE,2017,07,10,FALSE,44,173137733.32
SE,2020,08,06,FALSE,14,12283290.95
DE,2020,07,10,FALSE,61,234648090.22
DE,2022,08,06,FALSE,103,36607079.83
FR,2020,unresolved,08,FALSE,24,18743772.17
DK,2020,04,05,TRUE,18,2886169.42
RO,2023,04,05,TRUE,195,322919829.968296
SE,2023,08,09,FALSE,32,15082540.0050412
NL,2022,09,01,FALSE,56,30143154.62
CZ,2016,04,06,FALSE,2,1754663.02
MK,2020,01,01,FALSE,14,1924042.76
FR,2016,01,04,FALSE,208,70697639.16
DE,2020,05,04,FALSE,71,77773197.62
IE,2023,04,01,FALSE,9,2500000
CH,2017,07,01,FALSE,10,44138915.24
DE,2023,10,01,FALSE,53,10812277.07
FR,2018,07,01,FALSE,94,41309783.34
HR,2018,unresolved,01,FALSE,26,8460909.26
PL,2019,unresolved,01,FALSE,178,192251629.1
SE,2022,05,04,FALSE,28,13289343.12
PL,2023,07,01,FALSE,221,68922741.7512646
FR,2022,unresolved,05,TRUE,18,28390957.71
PL,2023,09,01,FALSE,220,104414770.260399
AT,2016,01,04,FALSE,26,14665881.51
ES,2019,05,07,FALSE,9,2154053.06
FR,2019,06,04,FALSE,221,381323062.88
DE,2020,01,09,FALSE,81,36415539.19
HR,2019,unresolved,01,FALSE,34,16245528.19
DE,2019,08,09,FALSE,77,16471109.8
CZ,2021,07,01,FALSE,78,24183759.01
EE,2018,07,01,FALSE,6,100347.84
FR,2020,unresolved,01,FALSE,153,61367981.15
IE,2021,04,05,TRUE,15,2943106
PT,2020,07,10,FALSE,2,2782225.65
ES,2016,07,01,FALSE,58,42859880.92
ES,2019,01,04,FALSE,96,268501038.47
BE,2021,unresolved,01,FALSE,39,27187604.38
SE,2022,08,06,FALSE,17,27902287.49
PL,2022,09,08,FALSE,4,1481843.56
PL,2021,07,01,FALSE,166,49634489.11
PT,2022,07,01,FALSE,12,26533488.35
DK,2016,05,04,FALSE,11,3737863.32
LT,2018,01,05,TRUE,2,272114.36
BE,2019,07,10,FALSE,13,3431619.71
CZ,2023,03,04,FALSE,309,7840032.46773572
FI,2017,04,01,FALSE,6,3142245
ES,2020,10,10,FALSE,2,585208.54
BG,2017,03,01,FALSE,20,22072359.03
LT,2023,03,04,FALSE,7,1124083.54
UK,2018,04,03,FALSE,24,308188547.41
CZ,2018,unresolved,01,FALSE,107,53408605.38
DE,2017,01,05,TRUE,85,34595396.17
NO,2023,06,none,FALSE,58,112229449.988704
LI,2023,01,none,FALSE,69,38402183.3474176
MK,2024,07,none,FALSE,23,825209
SI,2024,unresolved,none,FALSE,19,29071461.32
CH,2024,09,none,FALSE,330,613383567.35821
DE,2023,unresolved,01,FALSE,283,105542970.93
SE,2017,07,01,FALSE,15,5247059.7
CZ,2019,08,09,FALSE,14,2542480.92
PL,2019,03,02,FALSE,20,12285437.97
RO,2017,04,05,TRUE,31,6785769.22
IT,2017,unresolved,01,FALSE,74,343596018.73
FR,2016,05,07,FALSE,25,2825749.2
ES,2022,04,08,FALSE,16,3955571.34
CZ,2017,unresolved,04,FALSE,31,79307503.85
LT,2023,08,06,FALSE,18,7733632.4
NL,2017,08,09,FALSE,7,1e+06
PL,2019,08,09,FALSE,20,2426582.28
CZ,2021,03,05,TRUE,4,195701.16
IT,2023,unresolved,05,TRUE,6,2927996
FR,2018,10,09,FALSE,77,133882113.28
LV,2023,06,05,TRUE,29,29604929.77
LV,2018,02,03,FALSE,5,13785613.22
NO,2023,05,04,FALSE,6,1012120.57917373
SI,2025,06,none,FALSE,45,74564233.41
DE,2024,02,03,FALSE,85,249800
NL,2024,01,04,FALSE,22,85019368.76
NL,2024,08,none,FALSE,159,144960742.45
SI,2025,04,05,TRUE,25,40359542.83
LT,2024,04,01,FALSE,40,36969672.08
FR,2024,01,03,FALSE,72,19266376.3
FR,2024,07,01,FALSE,46,5190209.8
FR,2025,06,01,FALSE,33,77566458.79
RO,2025,09,01,FALSE,67,40233196.028972
BG,2025,01,07,FALSE,14,1191144.42172001
SE,2025,10,01,FALSE,9,16566137.880778
CZ,2024,06,none,FALSE,143,303404003.938124
PT,2024,01,04,FALSE,45,46124596.83
LI,2025,01,none,FALSE,32,65825581.7615931
IT,2024,08,05,TRUE,25,35341109.3
BE,2025,07,05,TRUE,1,43276.52
SI,2025,02,none,FALSE,117,355565740.11
SE,2021,05,06,FALSE,8,1557187.19
FR,2023,01,03,FALSE,86,47868944.02
LV,2019,01,01,FALSE,12,8716947.65
FI,2018,02,none,FALSE,62,93345498.18
GR,2016,unresolved,none,FALSE,123,83526472.84
ES,2020,09,01,FALSE,48,14293248.62
FR,2019,unresolved,03,FALSE,33,27076606.98
FR,2017,09,07,FALSE,1,
ES,2019,03,08,FALSE,3,2581818.24
PT,2016,05,none,FALSE,107,211704154.32
PT,2016,09,none,FALSE,52,35086283.23
SI,2019,02,none,FALSE,81,45394132.66
LT,2023,10,01,FALSE,9,1009018
LT,2021,01,01,FALSE,67,18907056.84
NO,2022,01,01,FALSE,109,142820851.79
FR,2017,01,05,TRUE,42,1027524842.92
RO,2020,03,01,FALSE,31,22328273.79
NL,2020,10,10,FALSE,15,3883850
PL,2019,06,06,FALSE,4,2136866.45
DE,2020,04,01,FALSE,110,83831716.76
SK,2025,05,none,FALSE,116,209772219.42
NL,2024,08,06,FALSE,133,168280713.83
CH,2024,10,none,FALSE,34,33382532.8615523
PT,2019,04,05,TRUE,25,41629509.44
IT,2022,08,09,FALSE,23,9053497.26
IT,2017,05,07,FALSE,15,133817301.49
BG,2018,unresolved,03,FALSE,5,178954.9
BG,2023,07,07,FALSE,5,507782.65
AT,2016,02,03,FALSE,6,6621471.5
LV,2021,07,01,FALSE,12,9436766.91
FR,2022,02,04,FALSE,4,1448000
NL,2020,09,04,FALSE,12,2888074
NL,2019,09,01,FALSE,54,42623331.55
PL,2018,02,04,FALSE,11,26464105.87
PL,2023,09,07,FALSE,94,7079648.88667153
PT,2023,04,01,FALSE,13,10937868.16
NL,2024,04,03,FALSE,7,25685511.4
NL,2024,02,none,FALSE,99,104874785.22
GR,2023,04,07,FALSE,13,12020188.47
BG,2024,04,04,FALSE,88,82247942.2793742
CH,2025,09,08,FALSE,1,237564.482813287
SE,2023,06,01,FALSE,14,10403907.5472854
NL,2019,01,04,FALSE,12,9119685.64
DE,2020,08,05,TRUE,16,5412450.93
UK,2019,07,06,FALSE,2,
ES,2022,07,10,FALSE,68,273766988.33
AT,2023,03,08,FALSE,1,
AT,2020,04,01,FALSE,9,7078340.4
LV,2023,unresolved,01,FALSE,36,63759500.92
FR,2017,10,04,FALSE,15,4304092.98
IT,2022,06,04,FALSE,17,69566484.11
DE,2016,05,07,FALSE,7,4554840.57
HR,2016,02,03,FALSE,28,37515026.12
DE,2017,unresolved,05,TRUE,39,22928199.02
LT,2019,04,05,TRUE,20,29091628.76
CZ,2021,09,08,FALSE,24,1831386.76
CZ,2018,unresolved,05,TRUE,10,2201306.32
HU,2021,03,01,FALSE,8,1479072.76
AT,2017,01,05,TRUE,11,384484.04
DE,2018,01,09,FALSE,21,3675658.95
CZ,2016,04,04,FALSE,31,20553938.2
RO,2018,06,04,FALSE,18,3817644.29
LT,2018,01,01,FALSE,34,6984100.39
DE,2018,unresolved,08,FALSE,21,1305082.28
DK,2023,03,02,FALSE,26,689466437.976028
PL,2016,09,04,FALSE,3,1588643.59
PL,2019,06,01,FALSE,6,4442769.69
PL,2021,03,02,FALSE,10,15294588.57
DE,2019,07,09,FALSE,2,50400
BE,2017,05,04,FALSE,15,107199223.31
PL,2022,01,08,FALSE,14,3710844.05
ES,2018,01,03,FALSE,7,6426112.67
ES,2016,04,09,FALSE,1,484874.3
DE,2020,unresolved,05,TRUE,50,21854325.92
DE,2023,09,06,FALSE,7,4532072
IS,2020,01,01,FALSE,3,472771.84
UK,2016,04,04,FALSE,13,1040862.99
NO,2025,05,04,FALSE,6,12692581.4927612
BG,2023,03,02,FALSE,10,1410356.88492382
GR,2024,unresolved,none,FALSE,40,34168499.15
GR,2022,03,none,FALSE,82,29407746.54
GR,2016,04,none,FALSE,406,594908199.02
AT,2020,08,none,FALSE,77,152823178.92
HR,2018,05,none,FALSE,108,113635883.33
MT,2021,06,none,FALSE,24,8847463.04
CY,2018,07,none,FALSE,203,197580536.91
RO,2018,02,none,FALSE,216,240721374.25
CY,2019,04,none,FALSE,49,91556397.75
MT,2022,04,none,FALSE,77,126255783.63
SK,2018,01,none,FALSE,126,66685461
GR,2021,02,none,FALSE,115,37112055.02
EE,2019,02,none,FALSE,87,43810924.66
CZ,2016,03,none,FALSE,230,63690174.45
CZ,2016,02,none,FALSE,151,51330821.96
HU,2017,05,none,FALSE,87,254967295.79
CY,2017,04,none,FALSE,13,13780835.02
LV,2023,06,none,FALSE,115,115641850.5
CY,2023,01,none,FALSE,129,193775373.61
AT,2017,02,none,FALSE,13,11789457.8
SK,2025,03,01,FALSE,3,1364415
IT,2025,01,01,FALSE,151,929162398.775
NO,2022,unresolved,04,FALSE,3,1812403.45
CH,2016,04,05,TRUE,40,
SE,2023,03,02,FALSE,12,6976999.83600025
SE,2020,10,04,FALSE,3,2861284.91
PT,2016,06,05,TRUE,3,10230475.24
AT,2023,unresolved,04,FALSE,26,30615284.41
CZ,2018,04,04,FALSE,58,81624554.01
NL,2019,02,01,FALSE,3,1280000
RO,2019,04,04,FALSE,56,229993862.76
NO,2022,09,01,FALSE,18,3211948.88
SK,2022,02,03,FALSE,2,
CY,2023,unresolved,none,FALSE,26,15352941.87
LV,2022,10,none,FALSE,50,25607496.91
LT,2023,05,04,FALSE,10,9151512.31
NL,2020,09,01,FALSE,53,34951361.67
GR,2022,03,06,FALSE,2,1624824.7
PT,2021,08,none,FALSE,38,100246338.66
FR,2020,10,04,FALSE,20,2740273.26
IT,2021,07,01,FALSE,15,12391298.86
NL,2021,08,09,FALSE,18,1466215.98
PL,2018,09,08,FALSE,5,392037.4
CY,2016,unresolved,none,FALSE,33,27324990.94
FI,2022,10,07,FALSE,2,1210000
NL,2016,04,05,TRUE,18,13120056
IT,2020,05,07,FALSE,7,97047357.81
IT,2018,04,04,FALSE,27,113215583.43
DK,2022,unresolved,none,FALSE,199,1470342590.77
MK,2018,unresolved,none,FALSE,42,7423399.73
SE,2022,09,04,FALSE,3,2156408.61
FR,2016,08,09,FALSE,126,35975515.9
CZ,2018,07,07,FALSE,3,
SK,2017,03,none,FALSE,41,30933762.83
IE,2018,08,none,FALSE,42,45087880.5
DK,2017,10,none,FALSE,39,83583760.11
BE,2018,07,01,FALSE,23,7763918.91
DE,2022,07,09,FALSE,8,1652720.9
PT,2016,03,none,FALSE,25,12573762.93
EE,2019,05,none,FALSE,47,25021078.08
GR,2025,09,01,FALSE,20,7111915.2
IS,2024,01,04,FALSE,8,10174014.5321618
PT,2024,09,01,FALSE,19,18121757.22
DE,2025,09,04,FALSE,112,69665010.17
IE,2024,04,01,FALSE,8,239714513.23
IE,2025,unresolved,none,FALSE,20,26049231.32
FI,2024,06,04,FALSE,12,28991330
HR,2024,01,04,FALSE,11,8700282.1
SE,2024,08,09,FALSE,15,7439204.53060148
NL,2025,02,none,FALSE,130,667023131.524026
CY,2025,09,none,FALSE,51,74574880.22
IT,2024,04,03,FALSE,7,19497113.11
ES,2025,07,01,FALSE,140,204234556.4
GR,2024,04,05,TRUE,20,222719885.6
IT,2023,07,10,FALSE,26,165861379.91
FR,2025,01,09,FALSE,33,4308620
HU,2025,07,04,FALSE,5,402564.420460135
MT,2020,03,none,FALSE,7,1106221.12
MT,2016,07,none,FALSE,67,23988107.45
GR,2018,02,none,FALSE,44,49505148.19
MT,2023,04,none,FALSE,87,60166570.63
LU,2019,06,none,FALSE,18,11003398.49
CY,2018,unresolved,none,FALSE,21,10152524.09
NL,2025,07,10,FALSE,63,253326260
NO,2025,08,01,FALSE,1,
RO,2024,02,02,FALSE,11,20952747.4328307
DK,2025,02,none,FALSE,66,780658056.01874
CH,2025,01,04,FALSE,37,33233639.3033613
FR,2024,01,09,FALSE,41,69200000
FR,2025,03,01,FALSE,8,257545
FR,2018,03,06,FALSE,5,1955651.26
FI,2021,02,03,FALSE,5,17240000
ES,2019,03,04,FALSE,13,5744040.69
FR,2022,05,01,FALSE,23,9252312
BG,2021,07,04,FALSE,3,1144050
CZ,2018,05,04,FALSE,17,8422632.12
MT,2022,unresolved,01,FALSE,7,4557270.2
MK,2017,01,01,FALSE,8,1280039.2
BG,2022,02,none,FALSE,94,30643015.05
BG,2021,02,08,FALSE,2,42330.85
HU,2020,04,04,FALSE,26,29058651.47
DE,2017,10,06,FALSE,15,11636538.62
CH,2022,04,03,FALSE,5,3789378.81
ES,2023,08,06,FALSE,43,44968084.11
PL,2022,03,01,FALSE,40,36597718.17
BG,2017,04,05,TRUE,38,16130848.62
HU,2021,08,01,FALSE,2,214242.38
LV,2021,02,04,FALSE,10,820585.36
NO,2016,04,04,FALSE,8,2871318.54
BG,2019,07,01,FALSE,10,4192983.52
PL,2016,04,06,FALSE,5,7827848.24
FI,2023,unresolved,05,TRUE,6,
ES,2023,05,08,FALSE,16,12932594.01
DE,2020,10,06,FALSE,22,1636765.19
CY,2018,06,04,FALSE,2,111337.2
NO,2018,01,04,FALSE,27,124905894.81
BE,2018,03,02,FALSE,13,4206544.12
BG,2021,unresolved,08,FALSE,5,1947240.56
RO,2020,06,05,TRUE,22,127960312.37
PT,2019,01,01,FALSE,26,24704956.18
PT,2017,04,04,FALSE,12,23492389.45
IT,2019,08,09,FALSE,14,17102024.5
CH,2018,05,06,FALSE,3,2263828.75
FR,2023,05,01,FALSE,31,8482102.97
DK,2017,10,10,FALSE,1,
LT,2017,01,05,TRUE,2,601406.68
BG,2023,01,07,FALSE,4,320924.774363432
UK,2021,04,03,FALSE,5,6754657.44
GR,2019,04,04,FALSE,6,18544395.01
UK,2024,09,none,FALSE,11,31552375.386935
RO,2025,04,03,FALSE,4,1821334.0182963
GR,2025,08,06,FALSE,12,25274988.3
RO,2024,05,01,FALSE,11,19088020.1200169
FR,2024,09,08,FALSE,5,786389
BG,2024,05,01,FALSE,5,535532.774312302
FR,2025,10,04,FALSE,16,4567362.1
IT,2025,03,04,FALSE,7,31992253.8
LT,2019,04,04,FALSE,14,12023811.77
SI,2022,05,05,TRUE,7,2182800
FR,2022,09,03,FALSE,13,1519435.62
ES,2022,unresolved,05,TRUE,2,210916.12
LU,2018,07,none,FALSE,13,33739898.65
GR,2021,08,09,FALSE,9,1446861.34
ES,2022,08,08,FALSE,5,6227858.58
NO,2019,05,05,TRUE,4,980083.13
ES,2017,05,01,FALSE,8,2387075.29
ES,2019,07,10,FALSE,37,74374035.21
DE,2017,unresolved,03,FALSE,7,5347015.09
MK,2017,06,01,FALSE,5,
HR,2023,01,06,FALSE,7,5594769.6
FI,2016,07,05,TRUE,1,260000
NL,2019,01,06,FALSE,6,768681.22
PL,2021,unresolved,06,FALSE,3,2938728.07
AT,2022,unresolved,03,FALSE,2,2613565.1
HR,2022,04,05,TRUE,15,5667269.87
PT,2022,02,03,FALSE,2,304816.67
RO,2018,09,01,FALSE,2,205585.38
NO,2016,04,05,TRUE,7,
RO,2020,09,04,FALSE,4,727203.47
PL,2024,unresolved,09,FALSE,2,
PL,2024,unresolved,03,FALSE,9,85259412.3117964
SK,2024,10,01,FALSE,2,
ES,2025,02,01,FALSE,14,18582791.47
RO,2020,02,04,FALSE,5,4456893.94
NL,2022,08,09,FALSE,4,
AT,2022,05,06,FALSE,3,4008743.92
SI,2017,08,05,TRUE,2,712268.76
PL,2019,05,05,TRUE,6,3724271.38
LV,2021,07,07,FALSE,2,355500
MT,2020,01,none,FALSE,124,107090815.98
LV,2023,06,04,FALSE,16,1974414.87
BE,2025,04,04,FALSE,16,134136842.74
HR,2025,02,01,FALSE,3,2206266.84
CY,2025,09,01,FALSE,11,3689686.89
SE,2024,04,06,FALSE,1,4208771.85826047
DE,2016,09,07,FALSE,5,401280
HU,2024,01,09,FALSE,2,5458063.28794851
GR,2025,03,02,FALSE,14,36124300.66
ES,2025,10,09,FALSE,13,57188403.72
CH,2024,01,05,TRUE,5,5851097.60945878
IT,2025,09,10,FALSE,6,2881765.96
RO,2024,03,01,FALSE,38,13627749.2109785
HR,2025,06,04,FALSE,6,3350252.2
NO,2018,03,04,FALSE,4,510549.62
FI,2023,03,02,FALSE,8,18371780.03
DE,2021,unresolved,08,FALSE,24,2030683.42
IT,2016,03,01,FALSE,4,766641.07
FR,2022,04,07,FALSE,11,13324212
IT,2018,08,06,FALSE,51,43039618.13
IT,2017,06,01,FALSE,1,1344000
CY,2023,08,none,FALSE,9,2494042.5
NO,2020,02,03,FALSE,3,
CH,2023,05,04,FALSE,10,6702429.19026757
RO,2016,07,05,TRUE,1,
FI,2021,01,04,FALSE,16,69347558
ES,2019,08,09,FALSE,21,28296463.79
CH,2020,01,08,FALSE,2,289489.02
GR,2016,03,none,FALSE,26,16069450.06
HR,2019,unresolved,04,FALSE,9,4294873.68
FR,2020,10,07,FALSE,4,828092
IS,2023,06,04,FALSE,1,211692.07
IE,2016,04,04,FALSE,2,2800000
NL,2018,05,04,FALSE,18,22016795.14
GR,2021,08,04,FALSE,2,378671.34
FR,2018,08,08,FALSE,3,475772
IE,2020,03,none,FALSE,24,929771865.52
UK,2024,04,none,FALSE,13,1409780.00542101
DE,2024,unresolved,01,FALSE,10,12454331.02
EE,2024,02,01,FALSE,3,160000
IE,2024,09,10,FALSE,2,465250
DK,2025,08,09,FALSE,3,8625955.61797481
FI,2024,05,05,TRUE,2,5536066
ES,2018,05,07,FALSE,12,16120059.4
FR,2016,07,03,FALSE,7,702361.98
DE,2016,10,03,FALSE,3,238120.34
NL,2020,08,01,FALSE,1,367736
ES,2022,09,05,TRUE,5,927511.66
ES,2020,04,09,FALSE,11,5845126.95
SI,2019,04,03,FALSE,6,5922991.06
EE,2020,unresolved,01,FALSE,30,4221730.14
IT,2018,08,03,FALSE,1,11500000
RO,2021,04,07,FALSE,20,5007793.33
SI,2018,unresolved,04,FALSE,11,1304564.24
FI,2018,05,05,TRUE,1,
NL,2017,07,01,FALSE,12,8845199.28
CH,2022,08,09,FALSE,10,9108836.84
RO,2022,01,03,FALSE,4,2157786.89
SK,2022,04,05,TRUE,28,7236012.56
UK,2016,06,03,FALSE,3,2344216.3
RO,2023,10,07,FALSE,5,113833.67
DE,2022,09,09,FALSE,11,2071740.11
AT,2021,unresolved,04,FALSE,15,19676690.65
LV,2023,04,04,FALSE,7,3299070
RO,2024,01,03,FALSE,11,1576233.27493352
DE,2025,10,09,FALSE,6,2770841.24
IE,2024,10,none,FALSE,26,206827636.1
RO,2025,07,04,FALSE,6,
NL,2023,09,04,FALSE,15,5470087.5
HR,2020,05,07,FALSE,4,1750006.02
SK,2020,06,05,TRUE,4,5628680.95
EE,2017,04,04,FALSE,5,1294166.67
DK,2022,05,06,FALSE,4,2944735.78
LU,2020,05,none,FALSE,26,85864050.42
GR,2023,07,04,FALSE,4,2075488.12
LU,2018,01,01,FALSE,9,17446238.81
HR,2021,04,04,FALSE,10,6965846.72
NL,2021,unresolved,04,FALSE,12,957006
DK,2018,02,04,FALSE,1,
LT,2016,01,04,FALSE,4,243589.18
GR,2017,07,04,FALSE,2,1126387
CZ,2019,03,06,FALSE,1,
ES,2016,06,05,TRUE,7,9817015.89
FI,2020,02,04,FALSE,2,
SE,2023,02,03,FALSE,8,74934305.55
NO,2022,06,05,TRUE,24,46152288.93
BG,2017,01,06,FALSE,4,246354.95
RO,2016,07,10,FALSE,1,
HR,2017,08,01,FALSE,9,2025057.56
MK,2021,01,01,FALSE,7,12458340.05
SE,2023,08,05,TRUE,13,16027140.885038
ES,2024,09,08,FALSE,4,3420264.71
AT,2024,08,06,FALSE,7,1813995.03
FI,2024,06,05,TRUE,7,1670745.93
SE,2024,04,07,FALSE,3,215836.654819633
FR,2025,05,05,TRUE,10,826168.5
BG,2021,02,01,FALSE,2,
BE,2018,01,04,FALSE,5,7965574.66
FR,2022,09,04,FALSE,11,5453461.71
PT,2016,unresolved,01,FALSE,6,1077400.26
FR,2023,07,07,FALSE,6,16928100
MT,2017,04,05,TRUE,3,306194.98
BG,2016,02,04,FALSE,2,1915243.72
SE,2022,10,10,FALSE,3,1387875.62
SI,2018,02,01,FALSE,6,2365726.69
BE,2017,08,05,TRUE,5,1281168.93
LV,2021,06,05,TRUE,1,246668.38
BG,2023,09,03,FALSE,8,541381.13
PT,2023,01,09,FALSE,2,711260
IT,2016,10,10,FALSE,6,14843958.87
NL,2022,05,05,TRUE,4,20171163.08
ES,2017,01,03,FALSE,4,1603710.36
PL,2021,02,05,TRUE,1,
NO,2022,05,04,FALSE,8,13003531.32
BE,2016,01,08,FALSE,7,
PL,2023,01,05,TRUE,5,4036958.15160084
LT,2021,unresolved,04,FALSE,7,2103065.84
UK,2020,06,04,FALSE,16,49978474.35
NO,2016,03,01,FALSE,3,558684.19
LV,2021,04,01,FALSE,3,1035726
AT,2021,04,05,TRUE,12,10693582
FI,2019,04,01,FALSE,8,2460000
ES,2020,07,09,FALSE,2,547976
RO,2017,07,01,FALSE,9,2555094.2
BE,2016,03,04,FALSE,2,478920
SI,2020,03,02,FALSE,10,2318845.32
PL,2024,09,07,FALSE,13,79662672.3980605
HR,2025,05,04,FALSE,6,8404146.66
LU,2018,10,none,FALSE,1,135000
LT,2023,06,01,FALSE,3,278629.56
BE,2022,10,01,FALSE,6,23693000
BE,2019,unresolved,09,FALSE,3,
CH,2018,05,04,FALSE,8,11050039
BG,2016,05,04,FALSE,2,639651.29
CH,2020,unresolved,01,FALSE,12,32406751.21
ES,2017,02,01,FALSE,13,4494259.42
SE,2018,03,04,FALSE,1,
NL,2024,01,08,FALSE,5,681787
NO,2025,06,05,TRUE,5,1507034.71090224
NL,2024,05,01,FALSE,4,650000
BE,2017,10,08,FALSE,1,
HR,2020,01,06,FALSE,12,5289595.66
FI,2020,06,05,TRUE,6,310968
ES,2019,03,01,FALSE,13,5266292.24
BG,2020,10,01,FALSE,2,145720.42
NL,2019,05,06,FALSE,5,
UK,2018,10,07,FALSE,8,50317083.56
SI,2024,09,01,FALSE,20,13042171.82
FR,2024,06,03,FALSE,8,206573
RO,2025,05,01,FALSE,1,6227748.67479586
PT,2025,03,04,FALSE,1,72367.07
CZ,2024,07,10,FALSE,9,27921148.483294
RO,2024,unresolved,none,FALSE,6,163667.758292736
CH,2021,05,04,FALSE,4,3684291.94
PL,2021,07,07,FALSE,3,486132.7
PL,2023,09,04,FALSE,11,6545544.81365286
IT,2025,10,01,FALSE,4,3772149.95
DE,2025,05,09,FALSE,1,
CH,2025,03,01,FALSE,2,16044511.6862993
FI,2023,08,01,FALSE,2,223000
DE,2016,02,06,FALSE,2,1627100
PL,2019,10,04,FALSE,1,
PL,2022,08,08,FALSE,4,487704.5
MT,2023,09,01,FALSE,1,150000
PL,2017,07,09,FALSE,5,173336.85
FI,2023,05,05,TRUE,2,
ES,2019,08,04,FALSE,5,1449097.7
AT,2018,unresolved,04,FALSE,20,57039633.66
DE,2016,06,03,FALSE,5,1969174.51
FR,2023,02,07,FALSE,1,279961.52
SK,2016,01,01,FALSE,9,14391055.36
CH,2021,02,none,FALSE,4,68456525.76
UK,2018,unresolved,05,TRUE,2,17084668.42
ES,2016,06,01,FALSE,8,4180511.07
DE,2017,04,08,FALSE,4,724508.95
ES,2020,01,09,FALSE,7,7409161.27
SI,2017,09,01,FALSE,15,2800499.91
HU,2024,09,05,TRUE,1,94062.6986483933
ES,2025,03,07,FALSE,3,916386.25
NO,2016,unresolved,04,FALSE,10,1285979.19
NL,2018,02,04,FALSE,3,1.2e+07
NL,2019,09,09,FALSE,3,470512
UK,2022,02,none,FALSE,15,150418797.92
IT,2017,09,10,FALSE,9,6818946.81
LV,2016,01,01,FALSE,14,15145841.68
PT,2021,06,04,FALSE,4,2015600.64
IT,2018,08,09,FALSE,14,6920392.41
HU,2017,07,10,FALSE,2,5007115.37
CY,2020,02,03,FALSE,1,239337.98
PT,2018,08,05,TRUE,1,142802.35
EE,2018,03,02,FALSE,1,
HU,2019,02,06,FALSE,1,122697.16
PL,2021,10,01,FALSE,3,220787.12
BE,2016,04,01,FALSE,13,
UK,2022,01,05,TRUE,1,
DE,2019,08,08,FALSE,4,335393.64
EE,2020,04,04,FALSE,4,750000
NL,2022,03,01,FALSE,12,319000
MK,2019,06,06,FALSE,1,
LT,2023,03,02,FALSE,8,29764134.3
PL,2023,01,09,FALSE,4,1567779.56023281
IT,2021,01,08,FALSE,3,1300000
NO,2018,07,01,FALSE,6,14466289.87
PL,2018,04,06,FALSE,8,24786677.75
SE,2018,04,03,FALSE,8,2392911.1
SI,2022,04,01,FALSE,12,2626498.36
UK,2016,unresolved,09,FALSE,3,1725820.03
SE,2020,01,09,FALSE,2,
GR,2018,10,01,FALSE,1,58952
FR,2018,04,09,FALSE,3,172000
LU,2018,unresolved,01,FALSE,4,608540
IE,2022,03,01,FALSE,5,1856797.6
DE,2017,08,01,FALSE,5,2395210.28
DK,2022,02,03,FALSE,6,7328223.75
FR,2016,unresolved,06,FALSE,4,320000
RO,2022,02,02,FALSE,6,19268839.58
FR,2023,10,07,FALSE,2,333333.33
FR,2016,unresolved,08,FALSE,15,1125175.8
SE,2019,unresolved,05,TRUE,1,570397.86
PL,2023,03,05,TRUE,4,264959.228437344
MK,2017,01,04,FALSE,5,350021.11
RO,2016,04,03,FALSE,1,6436253
DE,2019,09,10,FALSE,10,7296579.83
SE,2022,10,09,FALSE,1,
FR,2020,04,09,FALSE,3,974400
GR,2019,05,06,FALSE,1,
BE,2016,01,06,FALSE,1,
NO,2023,unresolved,04,FALSE,3,3999728.34682294
HR,2023,08,09,FALSE,2,530724
FI,2025,06,05,TRUE,9,8343780
ES,2024,02,06,FALSE,5,716392.04
SK,2024,06,05,TRUE,4,38903818.04
CH,2025,07,05,TRUE,3,2011440.76770495
ES,2024,06,07,FALSE,1,1143620
LV,2025,08,06,FALSE,5,1051868.56
SI,2024,04,06,FALSE,4,1976200
LU,2024,03,02,FALSE,2,8236624.92
GR,2023,01,09,FALSE,1,101678.6
SK,2017,06,none,FALSE,3,
BE,2025,05,01,FALSE,6,3074788.82
ES,2025,08,01,FALSE,8,4384748.14
NL,2025,04,04,FALSE,5,69225704
SE,2025,03,01,FALSE,8,6162961.61395905
IE,2025,03,01,FALSE,3,5897220
HR,2025,07,01,FALSE,11,3584015.55
ES,2024,08,08,FALSE,7,20453731.38
PT,2024,01,03,FALSE,2,177557.39
ES,2024,03,08,FALSE,1,1054626.8
IE,2022,04,04,FALSE,7,769060000
PL,2020,05,08,FALSE,3,705410.08
SI,2019,08,09,FALSE,6,498382.98
ES,2021,10,07,FALSE,7,16512399.44
DE,2021,03,06,FALSE,2,
CY,2020,04,01,FALSE,2,25361269
BE,2023,10,06,FALSE,4,2854286.48
MK,2023,03,none,FALSE,6,10786740.52
BE,2023,01,05,TRUE,10,5968675.96
BE,2021,08,01,FALSE,3,270000
FI,2019,04,03,FALSE,2,
EE,2023,08,05,TRUE,2,260100
ES,2020,09,03,FALSE,3,837968.34
CZ,2017,10,01,FALSE,9,3797522.79
MT,2023,03,02,FALSE,3,2680498.53
PL,2023,07,05,TRUE,4,220830.68261657
IE,2024,07,06,FALSE,1,36468
LI,2025,01,04,FALSE,2,608499.27920844
CZ,2025,03,05,TRUE,2,336446.746952328
IT,2024,05,05,TRUE,11,45735055.52
SI,2025,08,06,FALSE,2,
LT,2024,08,09,FALSE,7,596910.48
DE,2024,07,03,FALSE,12,1523408.44
HR,2017,07,01,FALSE,3,147366.59
ES,2017,unresolved,05,TRUE,1,719994.06
LT,2016,08,05,TRUE,1,184416
SI,2019,03,02,FALSE,2,138723.2
GR,2019,unresolved,04,FALSE,3,2292277.06
CZ,2020,10,01,FALSE,2,431936.72
PT,2018,07,01,FALSE,6,577002.93
CZ,2023,01,07,FALSE,1,
ES,2019,10,01,FALSE,5,8431882.83
IT,2019,07,07,FALSE,2,492680
AT,2023,01,08,FALSE,4,267468
CZ,2017,05,04,FALSE,6,2676089.14
BG,2018,03,04,FALSE,3,48491.49
HU,2020,03,01,FALSE,9,6979149.73
EE,2022,08,05,TRUE,4,1058522.56
IT,2019,02,04,FALSE,2,482304.75
DK,2018,07,03,FALSE,1,7835560.56
HR,2020,08,06,FALSE,2,
PT,2023,03,04,FALSE,2,821277.65
DK,2024,06,04,FALSE,2,6696145.21506847
AT,2024,06,05,TRUE,4,2581213.69
LI,2016,01,none,FALSE,2,553830.93
IT,2019,10,01,FALSE,1,641000
IT,2018,08,04,FALSE,4,2365557.18
EE,2023,03,07,FALSE,1,55910
PL,2016,03,02,FALSE,15,7570659.04
RO,2022,03,05,TRUE,1,51190.47
FI,2019,08,06,FALSE,4,2337794
GR,2021,unresolved,08,FALSE,3,186700
PT,2019,08,05,TRUE,1,179040
DK,2018,01,04,FALSE,5,872686.5
ES,2020,09,05,TRUE,5,2549438
BG,2024,10,08,FALSE,1,178947.745168218
HU,2019,06,04,FALSE,1,1523850.23
HR,2019,03,01,FALSE,7,4625927.77
BE,2019,09,03,FALSE,3,179520
PT,2019,03,01,FALSE,4,1432825.84
IT,2021,02,01,FALSE,2,1774998.05
AT,2025,04,09,FALSE,1,
CY,2024,02,03,FALSE,1,199500
GR,2025,07,05,TRUE,4,1550151.19
LT,2024,02,04,FALSE,4,4308039.83
SE,2025,05,05,TRUE,6,22739105.0190179
UK,2019,06,08,FALSE,1,
BE,2018,01,09,FALSE,2,823350.88
NL,2016,01,06,FALSE,6,491352.91
PL,2016,06,01,FALSE,3,2539048.7
BE,2021,06,06,FALSE,1,
BG,2020,07,04,FALSE,8,3983432.9
LT,2019,10,01,FALSE,7,2277909.74
BE,2025,02,05,TRUE,5,11407943.3
SE,2016,01,08,FALSE,4,950479.99
IE,2018,10,06,FALSE,1,1269910
SI,2021,05,05,TRUE,3,1844350
GR,2023,03,04,FALSE,1,
DE,2020,05,03,FALSE,1,232703.93
LT,2016,07,07,FALSE,2,147422.31
DE,2019,06,06,FALSE,1,
DK,2017,01,06,FALSE,1,723804.88
ES,2017,09,08,FALSE,1,1307429
UK,2019,04,07,FALSE,4,1625237.82
BE,2019,unresolved,03,FALSE,2,93157
GR,2023,03,05,TRUE,2,2637610
LT,2019,02,04,FALSE,2,8807428.68
CZ,2019,unresolved,08,FALSE,2,1929026.99
DE,2020,10,05,TRUE,5,942429.39
AT,2016,04,03,FALSE,3,1353368.3
NL,2016,06,03,FALSE,1,
LT,2022,03,05,TRUE,1,
GR,2019,02,03,FALSE,1,750000
DE,2025,05,03,FALSE,2,651013.15
NO,2022,04,03,FALSE,2,787145.91
BG,2021,01,07,FALSE,3,105276.61
NO,2019,02,01,FALSE,4,710580.54
CZ,2023,09,07,FALSE,2,
IS,2018,03,none,FALSE,3,8084865.72
IS,2022,unresolved,04,FALSE,1,
RO,2018,02,01,FALSE,1,
FI,2018,06,05,TRUE,4,2796180
LU,2022,unresolved,09,FALSE,1,
SE,2020,07,06,FALSE,2,1716770.94
EE,2024,02,03,FALSE,5,129880
FR,2024,02,05,TRUE,1,
LT,2025,02,08,FALSE,1,143789.38
EE,2016,10,01,FALSE,1,
MT,2019,05,01,FALSE,1,
SK,2021,01,08,FALSE,1,727827.03
NL,2016,02,04,FALSE,1,
PT,2019,unresolved,08,FALSE,2,539401.87
SE,2019,03,04,FALSE,3,3167624.82
ES,2024,09,03,FALSE,2,398373
RO,2024,02,05,TRUE,2,23633.1135587219
NL,2023,04,01,FALSE,6,7770000
DE,2017,08,03,FALSE,4,316272.84
SI,2021,08,01,FALSE,1,90138
LT,2017,07,06,FALSE,1,77387.52
UK,2020,06,06,FALSE,2,
LV,2024,08,06,FALSE,10,4104261.55
LV,2021,07,10,FALSE,2,112872
HR,2024,02,04,FALSE,1,
PL,2023,06,01,FALSE,3,1474241.93
NO,2021,07,09,FALSE,2,
BE,2021,01,09,FALSE,1,
LT,2018,07,06,FALSE,1,46278.47
CZ,2017,07,08,FALSE,1,3116.96
AT,2025,10,03,FALSE,1,206617.15
IS,2018,05,none,FALSE,6,5428486.79
BE,2024,09,04,FALSE,2,678451.14
HR,2025,05,07,FALSE,3,225600
LI,2021,01,none,FALSE,8,14681890.12
FI,2025,06,04,FALSE,15,12760626
HU,2022,06,09,FALSE,1,129865
CZ,2019,07,10,FALSE,6,1758837.01
RO,2018,04,03,FALSE,3,3428362.7
BE,2017,02,06,FALSE,1,126630
ES,2020,unresolved,09,FALSE,1,105280
FI,2022,07,05,TRUE,1,
NO,2016,09,04,FALSE,3,
HR,2016,05,06,FALSE,2,584928.01
NO,2023,10,01,FALSE,1,1580781.19
GR,2022,02,03,FALSE,3,1982633.19
EE,2023,06,04,FALSE,1,2134384.2
CH,2019,01,08,FALSE,1,253102.3
RO,2020,07,10,FALSE,5,1199214.21
PL,2018,unresolved,06,FALSE,2,1342800.19
SE,2021,03,02,FALSE,6,17097166.51
DE,2017,unmapped,none,FALSE,1,170294.8
EE,2025,07,04,FALSE,2,
CY,2025,04,07,FALSE,2,160345
PT,2021,09,04,FALSE,1,321225
ES,2020,02,09,FALSE,1,953223.14
FI,2019,01,06,FALSE,1,
UK,2017,09,09,FALSE,1,342204.02
BE,2020,09,08,FALSE,2,405422.33
IE,2019,09,10,FALSE,2,659505
SK,2018,unresolved,04,FALSE,5,2100643.08
SK,2024,02,08,FALSE,1,
RO,2022,03,07,FALSE,1,298142.17
CZ,2016,02,02,FALSE,1,
IT,2018,10,04,FALSE,1,1174510
DK,2017,06,04,FALSE,5,3900937.54
LU,2017,04,01,FALSE,1,1100000
BG,2018,02,03,FALSE,7,2661114.3
PL,2025,10,08,FALSE,1,38086.4509389213
BG,2025,08,08,FALSE,1,86920.9530626854
MT,2025,07,04,FALSE,2,979223.71
CH,2020,05,06,FALSE,3,4907161.79
RO,2018,03,05,TRUE,1,139647.61
IT,2018,04,09,FALSE,4,1550679.1
NO,2022,03,02,FALSE,2,
CH,2021,10,06,FALSE,1,
MK,2020,unresolved,04,FALSE,2,243209.98
IT,2025,01,07,FALSE,1,628527.07
IS,2016,10,none,FALSE,1,
BG,2016,04,07,FALSE,1,152573.88
LT,2018,05,07,FALSE,1,81856.5
LV,2024,01,05,TRUE,5,1083606.51
NO,2018,04,07,FALSE,1,
SE,2019,07,08,FALSE,1,1888734.64
AT,2023,05,06,FALSE,2,
MK,2017,01,08,FALSE,1,94834.6
GR,2020,unresolved,04,FALSE,4,3215857.1
UK,2021,unresolved,03,FALSE,2,3489995.35
SE,2018,07,09,FALSE,1,389928.16
IE,2016,09,07,FALSE,1,150000
BG,2019,03,02,FALSE,1,34340.93
HU,2020,07,10,FALSE,1,957611.27
MT,2019,10,09,FALSE,1,229000
RO,2025,09,07,FALSE,2,
CH,2025,05,06,FALSE,1,1174024.78072023
IE,2016,04,08,FALSE,1,
NL,2023,03,07,FALSE,1,
IT,2021,08,01,FALSE,1,917370
FI,2019,02,04,FALSE,5,27413246
LT,2016,08,06,FALSE,2,3244283.55
RO,2020,04,06,FALSE,2,932393.79
FR,2020,06,09,FALSE,2,206180
RO,2018,03,02,FALSE,1,436048.56
CH,2020,unresolved,06,FALSE,1,254086.88
AT,2021,unresolved,05,TRUE,2,586708.77
GR,2022,10,04,FALSE,1,21827060
AT,2022,10,09,FALSE,1,3200000
IT,2018,02,04,FALSE,4,5011203.59
IT,2017,05,08,FALSE,1,
UK,2016,08,08,FALSE,2,122028.6
GR,2020,01,04,FALSE,2,685092.5
PL,2017,02,08,FALSE,1,244456.19
MK,2020,06,04,FALSE,1,3952543.12
DK,2023,01,06,FALSE,1,1109220.1265832
SI,2017,08,09,FALSE,2,268253.18
AT,2022,unresolved,08,FALSE,1,
FR,2016,08,03,FALSE,2,569684
LV,2022,06,01,FALSE,1,1829396.89
FR,2021,10,06,FALSE,1,242120
IE,2017,09,03,FALSE,1,
MT,2024,01,09,FALSE,1,750000
BG,2025,01,08,FALSE,1,1789549.03364352
FI,2023,07,07,FALSE,1,3e+05
DK,2021,09,01,FALSE,2,2159876.29
SI,2025,10,04,FALSE,2,841390.26
ES,2025,06,07,FALSE,1,405606.26
IT,2024,08,08,FALSE,1,15762500
LI,2024,01,01,FALSE,3,7895749.25501745
MT,2025,09,10,FALSE,1,4624853.57
IT,2024,07,05,TRUE,1,545090
LV,2022,07,04,FALSE,1,16858.68
NL,2020,04,06,FALSE,3,405157
LU,2020,06,04,FALSE,2,725197.34
LT,2018,04,06,FALSE,1,261889
FR,2020,07,08,FALSE,4,472241.07
DK,2017,unresolved,08,FALSE,1,
BG,2024,06,01,FALSE,2,235070.048062174
BE,2022,09,06,FALSE,1,2e+05
SI,2020,unresolved,03,FALSE,1,238500
IS,2020,08,09,FALSE,1,260489.68
NL,2021,09,06,FALSE,1,
NO,2017,06,04,FALSE,2,10501574.46
HU,2019,04,07,FALSE,2,5771540.36
CH,2023,06,03,FALSE,1,407268.37
HU,2016,10,08,FALSE,1,6387508.7
PT,2025,01,07,FALSE,1,263904.84
AT,2024,09,08,FALSE,1,
LT,2024,07,10,FALSE,1,258542.8
LT,2022,08,08,FALSE,1,292000
DK,2020,unresolved,06,FALSE,2,509779.72
HR,2016,02,01,FALSE,2,560173.82
IE,2025,08,08,FALSE,1,
HU,2023,01,05,TRUE,2,492715.822906296
PL,2016,09,06,FALSE,1,30232.72
NO,2025,05,06,FALSE,3,
RO,2025,02,08,FALSE,1,405518.243038019
SI,2022,07,10,FALSE,2,1403068.5
FI,2020,03,04,FALSE,1,47974000
DE,2021,03,03,FALSE,1,81795.72
BE,2020,09,09,FALSE,1,
LI,2022,04,05,TRUE,1,
HU,2025,09,05,TRUE,1,209405.147661261
NL,2025,05,05,TRUE,2,3e+07
PL,2023,07,03,FALSE,1,
FI,2021,01,08,FALSE,1,
CY,2024,08,04,FALSE,1,
SK,2025,07,09,FALSE,1,
RO,2016,03,05,TRUE,2,344074.91
SK,2021,03,05,TRUE,1,32738.5
IE,2023,05,06,FALSE,1,
AT,2024,09,04,FALSE,1,
IE,2025,06,03,FALSE,1,
IE,2021,01,08,FALSE,1,8e+06
RO,2020,07,05,TRUE,1,203583.9
NO,2023,08,01,FALSE,1,
CH,2022,05,07,FALSE,1,148527.07
NO,2017,01,08,FALSE,1,533304.49
DE,2019,03,08,FALSE,4,
DE,2022,10,08,FALSE,1,
BE,2022,10,07,FALSE,2,
NO,2016,01,03,FALSE,1,
LU,2017,02,03,FALSE,1,784999
RO,2021,03,09,FALSE,1,134398.05
NL,2025,02,02,FALSE,1,30180887
SE,2016,10,09,FALSE,1,
BE,2017,08,08,FALSE,1,565050
AT,2023,05,08,FALSE,1,
UK,2017,04,09,FALSE,3,1320047.5
CZ,2016,09,05,TRUE,1,190214.4
NO,2018,01,03,FALSE,1,416775.2
NO,2018,unresolved,03,FALSE,1,
LV,2018,09,04,FALSE,1,
LT,2025,02,05,TRUE,1,
LI,2017,01,01,FALSE,1,385358.46
IT,2019,07,04,FALSE,1,723871.82
UK,2016,07,07,FALSE,2,890808.81
LU,2016,03,02,FALSE,1,
RO,2023,03,03,FALSE,1,
IE,2016,06,05,TRUE,1,
BG,2024,10,07,FALSE,1,902316.187749259
FI,2019,06,01,FALSE,1,
PL,2019,09,08,FALSE,1,40843.49
RO,2018,05,01,FALSE,1,212505.37
LV,2021,02,01,FALSE,1,156870
MK,2018,07,01,FALSE,1,128431.27
LT,2018,09,07,FALSE,1,1487200
GR,2025,08,08,FALSE,1,63387.1
MT,2019,07,05,TRUE,1,70400
LU,2017,05,05,TRUE,1,
LV,2024,10,01,FALSE,1,215000
DK,2025,03,01,FALSE,1,40188537.8271263
IT,2019,10,07,FALSE,1,1540200.31
CZ,2022,02,08,FALSE,1,16067.81
FR,2016,07,09,FALSE,1,143000
BG,2024,02,07,FALSE,1,143163.922691482
HU,2022,01,05,TRUE,1,1363070.41
MK,2022,08,09,FALSE,1,619398
PT,2022,01,06,FALSE,1,239333.55
LV,2019,10,01,FALSE,1,
MT,2020,09,01,FALSE,1,1560000
NL,2019,02,03,FALSE,1,
CY,2021,04,01,FALSE,1,237637
ES,2017,07,08,FALSE,1,304561.71
CY,2019,09,09,FALSE,1,122563
BG,2023,unmapped,none,FALSE,1,1324.26628489621
LV,2016,unresolved,08,FALSE,1,175381.92
NL,2018,09,09,FALSE,1,
AT,2020,08,08,FALSE,1,404990.54
BE,2025,09,04,FALSE,1,418931.5
FR,2022,06,09,FALSE,1,
FI,2022,01,03,FALSE,1,364786
UK,2022,06,04,FALSE,1,14389.25
RO,2024,01,none,FALSE,2088,2046983070.00382
SE,2025,06,none,FALSE,458,2133560982.43055
RO,2025,01,none,FALSE,1451,1929483012.03801
RO,2024,07,none,FALSE,3748,1402190347.77526
FR,2024,04,none,FALSE,4274,19459134804.11
FR,2024,01,none,FALSE,11600,13067598530.1
MT,2024,09,none,FALSE,46,12772550.25
PL,2024,01,none,FALSE,4339,6581773189.57956
BG,2024,07,none,FALSE,2043,3045804158.08661
SK,2024,01,none,FALSE,524,1439478496.75
ES,2025,01,none,FALSE,8322,10734383304.625
NL,2025,05,none,FALSE,525,578013551.2
CZ,2025,03,none,FALSE,424,404906442.797102
SE,2025,04,none,FALSE,1099,8161643917.80939
NL,2024,05,none,FALSE,444,546256549.850675
SI,2024,04,04,FALSE,28,17383190.98
CZ,2024,09,none,FALSE,1390,793178957.48576
AT,2025,06,none,FALSE,333,819794576.983976
DE,2024,01,01,FALSE,630,186649856.44
CH,2025,07,none,FALSE,319,714644016.601439
EE,2023,03,none,FALSE,24,4223295.46
PT,2024,04,none,FALSE,552,3022085631.74
LV,2024,09,none,FALSE,268,557329967.04
BE,2025,06,none,FALSE,224,681502287.43
NL,2024,07,10,FALSE,55,1230638680.78
SI,2024,05,none,FALSE,195,232622983.92
AT,2025,01,none,FALSE,627,1478309329.51435
ES,2025,02,none,FALSE,518,255464135.08
SK,2024,04,none,FALSE,640,4676579531.54
CH,2024,04,none,FALSE,782,5796668621.1473
SK,2025,07,none,FALSE,464,814107844.8
RO,2025,03,none,FALSE,409,169490525.584266
PT,2025,01,none,FALSE,1374,4225591043.94
HR,2024,01,none,FALSE,619,793906634.5
BE,2024,07,none,FALSE,781,1233053725.62
DE,2024,03,06,FALSE,2,
SI,2025,07,none,FALSE,817,443470978.23
SE,2025,01,05,TRUE,14,1771705.0426295
DK,2024,07,none,FALSE,441,964066911.222935
PL,2025,10,none,FALSE,74,39992164.3357971
AT,2024,09,none,FALSE,451,906142612.614964
LV,2025,06,04,FALSE,10,4914764.02
BG,2025,04,01,FALSE,46,44739642.0933633
CZ,2025,04,04,FALSE,84,523234357.998824
MT,2025,01,none,FALSE,315,340172096.05
DE,2024,02,none,FALSE,757,231152168.2
CZ,2025,04,05,TRUE,177,388218944.997816
DE,2023,08,none,FALSE,1379,903681431.06
CZ,2024,01,04,FALSE,90,243923039.201429
HU,2024,01,04,FALSE,29,22538298.3856228
GR,2025,09,none,FALSE,248,1113858605.6
BG,2024,07,01,FALSE,9,2980721.46436241
LT,2025,08,none,FALSE,108,77188644.4
DK,2025,05,none,FALSE,362,3138016292.7573
IE,2024,unmapped,none,FALSE,4,44800
DK,2024,05,none,FALSE,297,2222436917.6821
FR,2025,06,05,TRUE,111,607060865.98
NL,2025,03,none,FALSE,250,1060491323.47
NO,2024,10,none,FALSE,32,314800311.976353
PL,2018,unresolved,none,FALSE,2586,5938609617.41
DE,2017,07,none,FALSE,3853,2803450292.54
SI,2021,09,none,FALSE,1297,141248524.72
SI,2020,01,none,FALSE,1360,305272945.17
UK,2016,06,none,FALSE,949,5003578878.44
FR,2021,04,none,FALSE,5363,21094900215.61
FR,2021,unresolved,none,FALSE,4200,4512741939.25
FR,2017,09,none,FALSE,1424,2508210973.84
SK,2019,09,none,FALSE,104,14477223.11
FI,2021,07,none,FALSE,688,1571559240.36
HU,2023,unresolved,none,FALSE,741,1308380074.7121
BG,2021,03,none,FALSE,322,60488764.45
HU,2018,01,none,FALSE,213,368270208.23
PL,2019,01,none,FALSE,2098,1594928807.55
PL,2021,unresolved,none,FALSE,2527,3279108056.91
BG,2022,04,none,FALSE,3360,2560752637.24
DE,2022,09,none,FALSE,4402,2690395072.18
PL,2018,04,none,FALSE,5644,14142202919.28
FR,2016,10,none,FALSE,522,381201078.49
DE,2017,unresolved,none,FALSE,3485,3192703016.79
NL,2017,01,none,FALSE,1753,945608345.88
NL,2021,01,none,FALSE,2433,1454406945.61
SI,2016,07,none,FALSE,292,215952019.39
LV,2018,04,none,FALSE,521,1306465690.67
HR,2018,01,none,FALSE,269,104410520.97
SE,2021,07,none,FALSE,1189,4625359899.79
SK,2021,04,none,FALSE,443,1476506087.41
DE,2016,01,none,FALSE,6392,3280785026.19
PT,2019,04,none,FALSE,449,1706034480.3
SI,2019,07,none,FALSE,1148,390552823.97
PL,2021,02,none,FALSE,701,921062808.62
LV,2016,01,none,FALSE,165,202852536.92
LU,2019,unresolved,none,FALSE,112,137064695.33
IT,2018,04,none,FALSE,1808,10793778384.22
HR,2022,07,none,FALSE,816,487791359.85
UK,2022,04,none,FALSE,1005,995200683.31
HU,2023,01,none,FALSE,521,992734476.152893
SK,2016,09,none,FALSE,95,22878976.58
ES,2023,unresolved,none,FALSE,1275,2604743458.08
CY,2022,07,none,FALSE,293,397607697.91
DE,2016,10,none,FALSE,490,221487124.63
IT,2022,09,none,FALSE,598,2317375185.87
CH,2017,unresolved,none,FALSE,635,1197162807.33
CZ,2022,03,none,FALSE,791,295553408.27
LV,2020,unresolved,none,FALSE,337,189562763.27
HR,2019,01,none,FALSE,360,163278727.93
NO,2021,04,none,FALSE,539,2585747124.36
HR,2023,04,none,FALSE,749,1437234840.11
PT,2016,unresolved,none,FALSE,179,153093956.73
BG,2017,07,none,FALSE,1396,642587823.71
LV,2017,02,none,FALSE,119,37255457.45
DE,2020,10,none,FALSE,958,543697287.73
AT,2022,07,none,FALSE,561,1559060958.48
PT,2017,01,none,FALSE,244,169677228.8
HU,2022,unresolved,none,FALSE,1234,4754019232.45
UK,2019,01,04,FALSE,27,102536825.94
FR,2016,01,01,FALSE,308,87138879.33
ES,2023,05,05,TRUE,30,20798861.48
LT,2018,04,01,FALSE,31,6559519.91
UK,2019,07,10,FALSE,1549,8033675494.06
ES,2022,04,04,FALSE,74,262329223.63
DE,2021,10,04,FALSE,70,17001352.24
FR,2017,08,06,FALSE,393,166071646.47
FR,2022,unresolved,04,FALSE,94,172442385.18
FR,2022,05,07,FALSE,29,1924571.44
LT,2023,unresolved,01,FALSE,38,17416545.15
ES,2022,04,01,FALSE,110,162019431.69
ES,2016,unresolved,none,FALSE,971,993438504.05
NO,2021,08,none,FALSE,69,61947456.58
BG,2023,10,none,FALSE,207,37951342.05638
EE,2018,09,none,FALSE,250,28335684.63
NO,2020,01,none,FALSE,1152,1312297677.9
IE,2016,09,none,FALSE,119,48944672.49
CZ,2023,09,none,FALSE,1128,752364128.910434
HU,2018,unresolved,none,FALSE,814,1618215834.29
EE,2016,04,none,FALSE,225,405124572.05
PT,2022,01,none,FALSE,680,663320670.92
IT,2018,09,none,FALSE,474,945900491.73
PT,2021,02,none,FALSE,47,120322583.76
LT,2017,07,none,FALSE,730,371581041.34
SE,2016,04,none,FALSE,838,2981894547.43
GR,2017,07,none,FALSE,128,47789963.21
LV,2022,05,none,FALSE,151,68886224.13
HR,2017,07,none,FALSE,339,164665995.59
SI,2019,unresolved,none,FALSE,518,235048437.72
FI,2020,01,none,FALSE,910,1571143698.62
BE,2020,09,none,FALSE,292,316266503.33
AT,2018,03,none,FALSE,75,46391300.83
SE,2017,06,none,FALSE,420,1007852073.78
SE,2023,05,none,FALSE,577,1171783541.10039
UK,2022,09,none,FALSE,266,1542577316.71
GR,2022,09,none,FALSE,431,504100829.46
AT,2019,06,none,FALSE,119,374222532.24
IT,2017,08,none,FALSE,251,497622834.92
LU,2022,04,none,FALSE,128,1059152221.81
EE,2018,07,none,FALSE,218,71429824.14
HU,2021,09,none,FALSE,264,219258462.84
CZ,2023,02,none,FALSE,564,537710931.394032
SE,2022,08,none,FALSE,160,451349561.95
DE,2017,02,none,FALSE,570,763442548.31
SI,2019,06,none,FALSE,59,98496694.85
IT,2022,08,none,FALSE,312,440074535.37
SI,2021,06,none,FALSE,89,24181539.72
SK,2020,04,none,FALSE,442,1407034393.67
EE,2018,08,none,FALSE,36,19244023.5
HR,2020,09,none,FALSE,131,78014063.87
BG,2018,06,none,FALSE,196,60711055.41
SK,2022,09,none,FALSE,328,102619175.04
PT,2022,10,none,FALSE,63,59084192.3
DK,2022,03,none,FALSE,30,60975862.31
GR,2019,unresolved,none,FALSE,234,135829667.33
NO,2016,08,none,FALSE,69,18889523.34
CH,2019,05,none,FALSE,143,280559328.24
RO,2022,09,none,FALSE,621,199987723.15
LV,2022,06,none,FALSE,94,43836343.04
ES,2023,01,01,FALSE,398,362475423.74
FR,2021,07,10,FALSE,12,240204
HU,2016,unresolved,01,FALSE,38,27371591.61
IT,2018,05,07,FALSE,10,75363363
NO,2020,01,04,FALSE,15,14749836.15
DE,2019,04,05,TRUE,343,184828794.59
DK,2018,05,04,FALSE,17,2736320.58
UK,2020,04,04,FALSE,35,102219085.02
DE,2022,08,01,FALSE,12,2622362.47
HR,2017,04,04,FALSE,11,11206125.86
ES,2022,unresolved,01,FALSE,97,107227490.35
SE,2022,07,10,FALSE,51,224964477.18
CZ,2022,unresolved,04,FALSE,58,65603846.17
LU,2020,01,04,FALSE,10,6208956.46
RO,2022,04,05,TRUE,126,266724731.78
CZ,2017,09,01,FALSE,27,3156990.88
DE,2021,09,06,FALSE,24,22435133.09
CZ,2021,unresolved,04,FALSE,61,41285578.51
LU,2018,01,04,FALSE,9,20287036.99
DE,2020,02,03,FALSE,57,688455.66
DE,2018,09,06,FALSE,11,8611961.62
SI,2017,05,01,FALSE,2,1358760
SI,2021,01,06,FALSE,1,130168.68
IT,2021,04,01,FALSE,43,80506850.52
PL,2018,09,07,FALSE,47,1150911.69
SE,2018,01,06,FALSE,5,5607858.03
PL,2021,08,06,FALSE,249,46870925.25
FR,2017,08,01,FALSE,15,1967586
CZ,2019,01,01,FALSE,92,36680038.38
DE,2017,05,04,FALSE,54,68199077.05
EE,2021,06,05,TRUE,9,14699601.72
FR,2021,06,04,FALSE,208,350343674.71
DE,2022,10,01,FALSE,42,5385171.14
BG,2022,08,09,FALSE,9,565086.19
BG,2018,04,01,FALSE,52,58270600.63
UK,2020,04,03,FALSE,17,178803107.56
IE,2017,07,10,FALSE,5,1920531
PL,2017,07,01,FALSE,68,25496447.54
PL,2021,04,08,FALSE,1,
IT,2021,07,10,FALSE,35,152647578.76
BG,2020,04,03,FALSE,60,1696531.5
NO,2019,01,03,FALSE,7,1036192.91
SI,2021,04,01,FALSE,25,6064085.39
ES,2023,04,05,TRUE,148,311585415.28
HU,2023,04,04,FALSE,24,19008047.1741914
LV,2020,08,05,TRUE,1,1621060.16
SI,2019,04,04,FALSE,26,5921532.82
FR,2019,08,09,FALSE,169,132091306.54
LT,2021,04,01,FALSE,43,21350882.64
SI,2016,04,01,FALSE,14,5125483.71
FR,2017,04,03,FALSE,21,37819797.55
FR,2018,09,01,FALSE,38,30972484.69
HR,2017,01,01,FALSE,12,2634666.97
HU,2018,unresolved,01,FALSE,69,46076796.86
IE,2016,07,10,FALSE,6,17315226
NL,2019,06,03,FALSE,2,548397
SK,2023,01,01,FALSE,52,115934676.16
DE,2021,05,05,TRUE,50,14188028.97
DE,2018,06,04,FALSE,82,38182314.25
GR,2019,05,07,FALSE,11,2487787.93
CZ,2020,09,01,FALSE,46,6832329.89
CZ,2021,01,08,FALSE,4,469047.36
EE,2018,01,01,FALSE,28,6103499.28
BE,2018,02,03,FALSE,30,30572556.07
DE,2018,07,01,FALSE,91,50101029.21
DE,2022,07,04,FALSE,159,155520293
SE,2019,01,03,FALSE,19,10394335.73
ES,2022,02,03,FALSE,42,36064317.46
AT,2018,unresolved,01,FALSE,27,39771534.24
NL,2021,01,04,FALSE,12,4025150.56
FR,2023,unresolved,04,FALSE,79,256741310.16
FR,2022,08,09,FALSE,142,82374603.14
FR,2018,07,05,TRUE,5,550523.81
RO,2019,04,07,FALSE,76,27859478.3
UK,2019,05,04,FALSE,25,431415257.7
PL,2017,unresolved,08,FALSE,10,2301517.22
ES,2020,04,01,FALSE,100,134122880.85
HR,2023,04,03,FALSE,5,1498432.95
LT,2024,09,09,FALSE,3,382997.53
DE,2024,09,01,FALSE,143,28653418.18
DK,2024,02,03,FALSE,5,33516916.6581757
PL,2025,07,01,FALSE,206,250536551.609763
NO,2025,01,06,FALSE,3,601182.29630393
FR,2024,06,04,FALSE,167,300026457.93
BE,2025,03,02,FALSE,17,164011679.74
HU,2024,06,none,FALSE,71,57396019.1146048
LU,2024,07,none,FALSE,28,108395555.12
AT,2017,04,05,TRUE,5,821709
LV,2022,04,05,TRUE,75,77469022.51
LU,2022,04,05,TRUE,7,6928020
HU,2020,08,05,TRUE,11,7779005.54
LU,2023,04,none,FALSE,127,871052213.68
RO,2017,03,none,FALSE,165,59319051.22
DK,2018,03,none,FALSE,73,49347349.99
NL,2020,02,none,FALSE,107,38801139.73
DE,2018,08,06,FALSE,53,14540590.25
ES,2023,03,02,FALSE,23,5887738.24
NL,2018,01,04,FALSE,26,20520738.8
HR,2019,06,04,FALSE,6,2156921.75
CZ,2022,09,01,FALSE,33,10201682.01
RO,2016,01,04,FALSE,6,1136066.88
HU,2018,01,01,FALSE,5,873100.84
ES,2017,05,04,FALSE,22,17760549.69
HU,2016,10,none,FALSE,21,26019725.26
IE,2019,09,none,FALSE,149,219620969.78
NL,2020,06,none,FALSE,300,723991117.17
DE,2021,10,01,FALSE,48,8135525.6
BG,2019,02,04,FALSE,2,1935254.78
LU,2020,01,01,FALSE,5,10238230
BE,2018,04,06,FALSE,2,
HU,2021,03,02,FALSE,8,2382593.32
CZ,2025,05,05,TRUE,22,7379899.68060873
CH,2025,04,04,FALSE,32,624840408.980043
EE,2020,03,04,FALSE,1,1858188.88
BE,2017,06,05,TRUE,3,826848
FR,2021,05,05,TRUE,9,3415742.55
SI,2023,07,01,FALSE,16,3916694.32
EE,2023,08,06,FALSE,9,2655046.47
IT,2019,10,09,FALSE,15,20709328.18
LT,2022,01,06,FALSE,2,1835018.51
GR,2020,01,05,TRUE,2,102200
ES,2018,09,01,FALSE,35,14406317.22
LV,2020,04,05,TRUE,30,17698275.33
RO,2022,04,06,FALSE,2,47717.16
RO,2020,01,07,FALSE,15,9319501.72
SK,2022,04,01,FALSE,15,21958067.6
PT,2023,09,06,FALSE,2,13799600.19
SE,2023,07,01,FALSE,22,43372874.9944463
FR,2024,unresolved,04,FALSE,10,104251043.57
DE,2024,01,06,FALSE,22,5775772.27
SI,2024,04,01,FALSE,38,37904164.49
RO,2024,09,08,FALSE,1,327679.278282321
GR,2018,03,none,FALSE,37,21807226.8
ES,2016,unresolved,01,FALSE,57,58417958.46
RO,2022,unresolved,06,FALSE,10,1261734.81
HU,2022,01,01,FALSE,8,1387054.78
CZ,2023,01,04,FALSE,91,94975538.0910164
AT,2021,unresolved,01,FALSE,48,30453231.48
PL,2020,06,01,FALSE,3,727342.95
NO,2019,04,05,TRUE,13,36783441.06
LU,2020,09,01,FALSE,1,401000
FR,2016,04,09,FALSE,4,
DE,2016,02,03,FALSE,58,9594908.67
HU,2022,04,03,FALSE,1,172856.47
LT,2018,unresolved,05,TRUE,1,220400.08
DE,2023,01,09,FALSE,35,17275874.45
FR,2022,04,03,FALSE,20,16613717.04
PL,2019,07,10,FALSE,119,100236432.37
BG,2021,07,01,FALSE,14,2085006.23
AT,2018,unresolved,08,FALSE,1,699800
FR,2020,unresolved,07,FALSE,8,1776485.4
UK,2019,09,01,FALSE,79,147070494.82
SE,2018,05,06,FALSE,7,12253492.3
DE,2016,07,10,FALSE,26,2572383.78
FI,2023,06,01,FALSE,2,2751932
IT,2019,03,02,FALSE,11,43893506.15
CH,2020,09,01,FALSE,15,23245089.44
CZ,2018,03,02,FALSE,6,1330832.5
CH,2022,unresolved,04,FALSE,4,8653397.72
IT,2021,01,05,TRUE,7,1611348.57
LT,2022,02,04,FALSE,5,3709111.16
RO,2024,01,09,FALSE,2,216235.756768735
CH,2024,04,04,FALSE,27,246485758.044065
ES,2024,08,06,FALSE,42,137531670.27
PL,2016,09,01,FALSE,56,114076531.21
CY,2020,04,04,FALSE,3,10585372
UK,2020,05,07,FALSE,9,4326270.28
ES,2023,01,07,FALSE,10,3411535.11
LV,2016,08,none,FALSE,18,27921077.97
NO,2021,06,none,FALSE,64,55979458.34
CH,2021,06,none,FALSE,127,240021726.86
IE,2021,03,none,FALSE,64,226812639.7
HU,2021,05,none,FALSE,159,241430539.63
SK,2023,10,none,FALSE,49,24082085.78
FI,2021,05,none,FALSE,176,170278494.17
SE,2022,10,none,FALSE,136,428896469.35
LU,2019,01,none,FALSE,290,411644809.99
MT,2021,07,none,FALSE,152,64833704.86
FI,2020,02,none,FALSE,91,103074763.5
DK,2016,unresolved,none,FALSE,158,652363278.88
BE,2021,unresolved,none,FALSE,581,869230865.5
HR,2016,05,none,FALSE,53,28700876.17
BG,2020,03,none,FALSE,306,63856645
GR,2021,03,none,FALSE,87,40883256.38
IE,2017,05,none,FALSE,50,9839301.54
NO,2022,10,none,FALSE,53,168791749.83
DK,2017,02,none,FALSE,97,709314196.47
MK,2022,02,none,FALSE,3,340408.59
CY,2016,09,none,FALSE,17,85278715.91
BE,2024,05,04,FALSE,21,4008228.43
CH,2020,06,none,FALSE,115,270348135.37
FR,2023,09,07,FALSE,1,
AT,2021,02,03,FALSE,6,27374533.2
PL,2021,04,01,FALSE,52,77325557.37
SE,2018,01,05,TRUE,10,5887805.29
FI,2019,unresolved,04,FALSE,10,1846139
MT,2023,unresolved,none,FALSE,39,124228525.1
LT,2017,10,none,FALSE,28,10922897
ES,2020,08,09,FALSE,22,5611734.73
FR,2021,04,01,FALSE,74,79532143.31
CH,2022,04,05,TRUE,12,2126389.42
DK,2022,08,none,FALSE,45,40489265.39
EE,2023,02,04,FALSE,4,5465905.64
SE,2022,06,04,FALSE,28,56313736.75
PL,2017,05,01,FALSE,6,5436427.78
SE,2020,07,10,FALSE,34,343896186.76
PT,2021,10,none,FALSE,45,77003126.27
PT,2021,06,none,FALSE,49,74466543.07
RO,2022,09,09,FALSE,33,9296977.94
AT,2018,07,01,FALSE,8,14711444.54
HU,2020,07,01,FALSE,2,1132959.37
PL,2020,06,04,FALSE,38,8677893.54
FI,2016,unresolved,04,FALSE,8,3694400
SI,2017,08,none,FALSE,32,7490226.62
HU,2020,06,none,FALSE,54,22312770.87
DE,2021,09,01,FALSE,91,58739819.64
IE,2018,09,01,FALSE,6,1337860
ES,2021,06,04,FALSE,35,19027623.72
CZ,2017,06,05,TRUE,8,4464548.89
CY,2016,01,none,FALSE,33,16989500.37
NL,2017,02,03,FALSE,8,7205639.7
IE,2019,10,09,FALSE,2,6e+05
EE,2019,02,03,FALSE,5,67176.35
DE,2021,08,06,FALSE,79,15995070.18
DK,2019,10,none,FALSE,57,92187574.5
CZ,2017,unresolved,05,TRUE,14,17915233.88
FR,2018,06,03,FALSE,12,772978.7
DE,2018,04,03,FALSE,45,12502851.69
PT,2017,08,none,FALSE,14,20984475.58
IE,2022,02,none,FALSE,38,15689505.18
PT,2020,10,none,FALSE,31,15537922
CH,2024,07,01,FALSE,9,13891660.616437
LV,2024,04,05,TRUE,69,23719826.52
LT,2025,02,03,FALSE,11,32639071.55
BG,2025,04,04,FALSE,97,80272188.3270273
HU,2025,08,09,FALSE,9,4726438.63453658
LT,2025,09,04,FALSE,1,
FR,2025,08,08,FALSE,3,505857
PL,2025,09,04,FALSE,48,10182951.1737009
LT,2025,unresolved,none,FALSE,36,34644556.06
HR,2024,05,01,FALSE,3,903851
ES,2024,02,02,FALSE,4,771040
MT,2025,08,none,FALSE,28,30531094.12
SI,2024,08,none,FALSE,53,46545661.48
SK,2024,10,none,FALSE,43,29608602.39
LV,2024,02,none,FALSE,94,114072385.29
CH,2025,09,04,FALSE,7,9003172.60718386
DK,2025,07,10,FALSE,13,73624497.9204247
DE,2024,08,04,FALSE,39,9959856
SK,2024,04,04,FALSE,12,69028137.53
CZ,2025,10,07,FALSE,5,19047845.0155359
SE,2024,01,05,TRUE,8,552422.680926816
GR,2019,02,none,FALSE,67,22204876.35
SI,2017,03,none,FALSE,22,15726721.31
PT,2017,03,none,FALSE,27,14724250.2
EE,2023,06,none,FALSE,23,73513268.58
NL,2024,03,01,FALSE,13,8035884
DK,2025,01,01,FALSE,17,11927774.1728516
LU,2024,05,none,FALSE,20,27322421.41
HU,2024,07,04,FALSE,3,496758.741061379
PL,2024,02,05,TRUE,5,24876018.154331
ES,2024,08,04,FALSE,9,3844599.06
CH,2025,04,05,TRUE,9,122036668.42214
CZ,2025,04,09,FALSE,4,6091558.33368385
SE,2025,10,07,FALSE,2,13176867.4787425
PL,2020,04,07,FALSE,6,2799255.82
CH,2021,09,07,FALSE,1,716671.72
ES,2018,03,04,FALSE,9,5175548.17
RO,2021,09,01,FALSE,15,49130261.66
PT,2019,10,none,FALSE,70,144119993.6
IE,2023,10,none,FALSE,19,8402345.37
NL,2020,06,04,FALSE,28,49725379.96
CH,2022,05,04,FALSE,8,11225930.21
CZ,2018,02,01,FALSE,21,7776402.9
PL,2016,unresolved,06,FALSE,3,341734.83
AT,2022,08,05,TRUE,3,1448858
DE,2021,04,09,FALSE,6,296384.51
BG,2019,03,04,FALSE,6,17702387.6
FR,2023,01,06,FALSE,22,40820621.61
SI,2018,05,05,TRUE,4,1580663
EE,2016,01,04,FALSE,5,877704.48
BG,2020,01,05,TRUE,3,32801.15
HU,2018,08,05,TRUE,11,8790228.11
DE,2018,04,08,FALSE,3,611449.77
FI,2020,07,04,FALSE,1,4490000
ES,2021,09,05,TRUE,4,203100.99
DE,2018,06,05,TRUE,108,82694311.39
ES,2022,08,01,FALSE,1,662699.12
IT,2019,02,03,FALSE,13,17013298.48
PL,2017,05,06,FALSE,5,9661253.07
AT,2021,05,06,FALSE,4,642440
FI,2021,unresolved,04,FALSE,10,1552206
SE,2023,05,06,FALSE,4,2238818.61661132
FR,2017,04,07,FALSE,6,6515857.84
AT,2017,04,04,FALSE,19,2498684.44
CZ,2017,06,01,FALSE,1,148678.11
IT,2020,unresolved,05,TRUE,5,4949782.58
SI,2020,08,none,FALSE,50,10806838.16
FI,2018,04,05,TRUE,7,1421000
LU,2021,01,03,FALSE,2,1997685
EE,2018,unresolved,01,FALSE,23,6813015.02
BE,2020,08,09,FALSE,9,1039839.5
ES,2023,07,05,TRUE,10,1360578.08
PT,2024,05,01,FALSE,5,6190574.64
HU,2024,09,01,FALSE,17,60286059.8746923
BG,2025,01,04,FALSE,34,16503396.5896308
MK,2025,04,none,FALSE,26,8969969
FI,2025,01,05,TRUE,11,4778237
LT,2024,04,03,FALSE,4,576800
DE,2025,01,09,FALSE,27,3889208.44
IT,2024,10,09,FALSE,10,17104563.16
CZ,2024,08,09,FALSE,15,2527595.34861081
SE,2024,07,03,FALSE,1,
SK,2025,05,04,FALSE,2,109314
CZ,2025,01,09,FALSE,16,2030031.49080424
PT,2025,04,04,FALSE,19,33903181.1
LT,2024,07,04,FALSE,5,339338.84
GR,2024,04,04,FALSE,2,8502233
NL,2016,04,07,FALSE,5,750000
BE,2017,01,06,FALSE,3,1202771.98
SK,2021,02,03,FALSE,2,
RO,2019,07,07,FALSE,23,5551262.52
IE,2020,04,04,FALSE,4,2500000
NO,2019,04,07,FALSE,2,406046.03
CZ,2020,06,05,TRUE,12,20059081.72
IT,2023,01,07,FALSE,1,5697090
FI,2019,04,05,TRUE,12,20810926
SI,2018,07,01,FALSE,13,3347552.24
BE,2018,09,01,FALSE,5,2147118.27
DE,2021,09,10,FALSE,33,19976274.96
SK,2018,02,03,FALSE,3,1256000
LV,2020,08,09,FALSE,16,81147.78
AT,2022,01,01,FALSE,20,10627465.11
CZ,2017,08,04,FALSE,4,550228.63
BG,2019,01,06,FALSE,8,709061.81
GR,2020,unresolved,08,FALSE,14,966059.34
BG,2022,04,01,FALSE,18,9685522.64
HU,2021,unresolved,04,FALSE,9,16506607.94
NO,2018,05,04,FALSE,5,5418379.27
DE,2017,05,06,FALSE,21,37375619.33
IE,2023,08,06,FALSE,1,7e+05
ES,2022,10,09,FALSE,8,23494547.86
DE,2023,09,08,FALSE,4,1909
IS,2025,05,none,FALSE,8,11478044.9071793
PL,2024,02,09,FALSE,1,2289980.84302528
IT,2025,06,03,FALSE,1,
FR,2023,09,09,FALSE,16,4387803
LV,2021,10,04,FALSE,1,
LV,2021,04,05,TRUE,27,25633178.61
BE,2016,unresolved,04,FALSE,14,7797622.7
MT,2017,05,04,FALSE,4,210356.22
LU,2017,05,none,FALSE,7,4576644.4
CH,2018,02,none,FALSE,13,9400837.86
IS,2023,03,none,FALSE,1,136359.64
UK,2018,06,04,FALSE,19,30619650.85
DK,2020,10,none,FALSE,52,123173355.02
IS,2019,07,none,FALSE,19,39363097.83
LU,2019,09,none,FALSE,26,44997443.79
MK,2024,01,none,FALSE,26,12413595
NL,2025,06,08,FALSE,1,
ES,2025,01,09,FALSE,5,852412.51
CY,2024,01,01,FALSE,13,15243456.01
SE,2024,03,06,FALSE,1,
PT,2024,03,01,FALSE,2,1784108.27242711
LT,2025,unresolved,04,FALSE,1,60000
SK,2024,05,07,FALSE,2,1114512
SK,2023,03,04,FALSE,4,16992784.26
BG,2023,unresolved,05,TRUE,4,89794.46
PL,2019,01,04,FALSE,24,9283354.46
ES,2021,04,03,FALSE,17,25873237.56
GR,2021,01,08,FALSE,3,321689
BG,2018,unresolved,04,FALSE,29,5027368.4
RO,2019,07,01,FALSE,9,2423263.05
LT,2022,01,07,FALSE,1,280000
DE,2018,02,05,TRUE,4,972904.2
UK,2019,03,02,FALSE,19,70773981.27
FR,2025,10,07,FALSE,5,614906
DE,2022,02,02,FALSE,5,527767.6
IT,2019,09,10,FALSE,5,5186524.41
BE,2022,02,03,FALSE,23,211965099.17
DE,2016,05,05,TRUE,11,2317571.91
SK,2017,06,05,TRUE,2,13483333.33
DK,2023,10,07,FALSE,3,8734609.39
FR,2017,06,03,FALSE,12,3563491.79
RO,2016,unresolved,04,FALSE,9,3868909.56
ES,2022,05,07,FALSE,13,19339108.22
AT,2016,07,04,FALSE,11,4451860.28
NL,2021,04,01,FALSE,6,7500000
BE,2018,unresolved,04,FALSE,18,21861997.76
NO,2023,07,10,FALSE,31,927542485.461857
DE,2019,unresolved,03,FALSE,21,3821360.94
NL,2024,01,06,FALSE,7,3235250.5
BE,2025,10,09,FALSE,4,8395195.26
EE,2016,09,04,FALSE,3,1793688
NL,2021,06,04,FALSE,25,1853586.4
UK,2019,06,05,TRUE,18,3681494.61
AT,2020,06,05,TRUE,1,
CY,2018,01,01,FALSE,5,2902576.7
ES,2016,07,04,FALSE,8,3377981.12
FR,2022,07,03,FALSE,8,5414206
NO,2019,02,03,FALSE,4,1360000
FR,2017,03,03,FALSE,5,15502176.89
RO,2016,01,01,FALSE,7,2657183.04
ES,2018,10,09,FALSE,3,953997.92
PT,2017,04,01,FALSE,3,774324.42
PL,2021,04,09,FALSE,1,
AT,2019,unresolved,03,FALSE,3,196483.62
CH,2017,unresolved,06,FALSE,4,2200444.54
CH,2022,07,04,FALSE,9,3741958.45
ES,2018,01,08,FALSE,11,2449152.66
LU,2021,04,01,FALSE,5,2092300
DE,2025,09,05,TRUE,18,5753176
FR,2025,02,08,FALSE,1,
DK,2024,05,04,FALSE,10,78376526.8793571
CZ,2025,03,02,FALSE,9,12105560.7791206
BG,2025,08,01,FALSE,2,1309029.55312404
LT,2025,06,01,FALSE,2,578063.42
AT,2024,09,09,FALSE,3,1587177.03
UK,2021,02,04,FALSE,2,66361145.38
MT,2021,08,09,FALSE,2,
LV,2019,07,01,FALSE,2,380819.9
DK,2022,08,06,FALSE,9,57391855.83
GR,2023,10,none,FALSE,34,46810619.34
FR,2020,02,08,FALSE,2,621208.76
PL,2016,08,09,FALSE,16,1721811.85
PT,2016,04,01,FALSE,1,414381.58
UK,2017,08,01,FALSE,2,495055.15
SI,2018,08,05,TRUE,2,434846
EE,2022,09,01,FALSE,15,1582894.5
CZ,2016,unresolved,05,TRUE,6,4499412.33
CY,2020,01,01,FALSE,3,510285
DK,2022,unresolved,01,FALSE,6,691981401.47
FR,2021,unresolved,09,FALSE,7,138000
RO,2017,01,01,FALSE,9,1504184.18
SI,2023,04,04,FALSE,19,14161144.24
FR,2023,03,06,FALSE,2,5600000
RO,2018,08,04,FALSE,1,234636.87
DE,2021,03,08,FALSE,4,890704
PL,2020,09,04,FALSE,3,608247.11
AT,2016,06,04,FALSE,11,6967938
ES,2022,10,01,FALSE,9,7224596.96
SK,2022,09,05,TRUE,1,246885
SK,2023,unresolved,05,TRUE,4,47962599.3
SE,2018,08,05,TRUE,20,6578141.6
BE,2017,07,10,FALSE,10,5219572
IT,2019,unresolved,03,FALSE,1,1402334.45
IT,2019,04,08,FALSE,3,1741467
FI,2022,05,04,FALSE,3,1382400
FR,2016,02,04,FALSE,10,14332508
RO,2023,05,01,FALSE,6,278299.775104552
HU,2017,09,01,FALSE,3,1387882.6
FR,2018,07,03,FALSE,9,892983
FR,2023,06,06,FALSE,4,1404190
AT,2018,05,04,FALSE,7,44381683.72
IT,2023,05,06,FALSE,6,11900407.72
PT,2019,10,01,FALSE,4,1722354.88
FR,2020,01,07,FALSE,8,526996.33
FR,2019,09,04,FALSE,20,12242143.29
DK,2018,07,01,FALSE,5,26165595.99
IT,2020,10,10,FALSE,2,2904636.41
PL,2022,08,04,FALSE,4,5958080.94
CZ,2016,06,05,TRUE,9,2088340.27
AT,2019,09,09,FALSE,1,
SE,2018,10,07,FALSE,4,660440.82
LT,2018,08,01,FALSE,1,147107
NL,2019,05,04,FALSE,24,14069737.45
SK,2021,unresolved,06,FALSE,1,
UK,2017,01,08,FALSE,2,732456.91
LU,2018,01,05,TRUE,2,265488.32
IT,2018,08,08,FALSE,1,257752
SE,2019,10,07,FALSE,3,17783381.03
UK,2021,03,04,FALSE,2,244299.67
CH,2025,03,04,FALSE,2,3863741.40349664
SI,2024,01,04,FALSE,9,1277448.75
ES,2025,09,03,FALSE,6,1653975.78
PL,2024,01,06,FALSE,5,4728861.10827935
PT,2017,10,none,FALSE,23,81653115.88
NO,2019,10,07,FALSE,3,48534322.16
PT,2021,07,04,FALSE,5,547537.1
AT,2023,09,01,FALSE,7,4630251.49
HU,2023,06,05,TRUE,6,2813804.28
PL,2018,05,05,TRUE,9,3415866.43
RO,2017,02,04,FALSE,2,238990.54
PL,2017,04,06,FALSE,5,40767277.68
HU,2016,09,06,FALSE,1,22429872.09
IE,2017,01,05,TRUE,4,3600
PL,2019,unresolved,06,FALSE,1,489332.12
MT,2016,05,04,FALSE,1,326774
MK,2016,04,05,TRUE,1,69891.47
CZ,2022,03,07,FALSE,4,
SI,2020,06,04,FALSE,5,2089353.46
PL,2024,04,07,FALSE,3,1286289.33763158
GR,2023,07,07,FALSE,10,2468883.14
NL,2020,04,04,FALSE,13,1232032
ES,2021,03,04,FALSE,10,5531432.99
HU,2021,08,06,FALSE,10,24230997.67
BE,2016,02,01,FALSE,2,375169
BE,2018,04,03,FALSE,3,2500309.2
UK,2020,07,07,FALSE,1,
IT,2022,01,09,FALSE,4,1064608
SE,2022,08,09,FALSE,21,12286456.03
UK,2017,03,01,FALSE,19,5797599.6
NL,2016,unresolved,01,FALSE,11,1035000
CH,2020,01,05,TRUE,7,3685832.32
ES,2019,unresolved,06,FALSE,4,612954.72
BE,2022,09,01,FALSE,14,1928298
EE,2022,01,08,FALSE,1,248276.21
IS,2022,03,none,FALSE,4,5453849.39
LT,2025,05,01,FALSE,8,9261727.39
EE,2023,01,01,FALSE,13,11777603.48
DE,2024,02,01,FALSE,8,1001
CH,2025,01,06,FALSE,7,1754420.44957987
CY,2019,10,none,FALSE,2,
IE,2023,04,03,FALSE,7,2291060
LI,2025,03,none,FALSE,1,533030.098432892
SI,2025,06,04,FALSE,6,11025660.07
IT,2025,07,03,FALSE,2,1117806.31
PT,2018,unresolved,05,TRUE,2,1098988.29
HR,2023,09,01,FALSE,2,484301.07
PL,2024,03,08,FALSE,5,1207442.3154178
PT,2024,02,03,FALSE,2,302971
LT,2018,04,05,TRUE,16,55965444
CZ,2018,04,07,FALSE,9,555499.67
EE,2018,04,01,FALSE,11,2280864.23
NL,2019,06,05,TRUE,5,95330000
SK,2021,08,09,FALSE,2,708205
ES,2023,02,06,FALSE,2,200797.31
BG,2017,03,04,FALSE,5,2678932
RO,2023,unresolved,09,FALSE,1,683874.43
UK,2020,08,08,FALSE,1,
HR,2019,10,none,FALSE,5,205581.02
HR,2018,unresolved,03,FALSE,2,530957.67
NL,2016,09,04,FALSE,7,164123.49
MT,2019,03,none,FALSE,10,1434438.03
BE,2016,01,01,FALSE,30,2677153.79
IE,2019,08,09,FALSE,4,420000
PL,2021,unresolved,05,TRUE,5,464229.39
BE,2023,03,07,FALSE,1,
FI,2020,10,04,FALSE,1,1250000
PL,2020,08,01,FALSE,7,1063996.42
LT,2023,03,03,FALSE,1,178443
SE,2021,06,01,FALSE,9,4678208.25
BG,2020,03,02,FALSE,5,3620715.31
PL,2018,09,04,FALSE,3,1176483.69
IE,2020,07,03,FALSE,1,
PT,2023,07,04,FALSE,6,3730734.06
GR,2019,08,01,FALSE,1,408937.16
IE,2021,01,05,TRUE,2,
NL,2016,07,09,FALSE,1,
SI,2016,07,01,FALSE,7,21300726.4
EE,2016,08,03,FALSE,1,95314
BG,2017,09,09,FALSE,1,204519.89
RO,2023,04,01,FALSE,24,19874310.7695869
LV,2022,04,07,FALSE,4,578310
CY,2021,08,06,FALSE,1,568787
FI,2022,01,08,FALSE,3,
SE,2021,09,04,FALSE,2,983491.85
ES,2017,01,07,FALSE,4,1402339.94
PT,2016,05,05,TRUE,2,255695
SE,2023,04,09,FALSE,4,144878452.62
PT,2019,07,07,FALSE,2,778800
CZ,2023,unresolved,06,FALSE,4,1052574.58678811
NL,2025,09,08,FALSE,5,
FR,2025,05,03,FALSE,2,
IE,2025,10,01,FALSE,4,1284222.56
NL,2024,01,05,TRUE,12,5692000
NO,2023,03,03,FALSE,1,483224.331693815
FI,2025,03,01,FALSE,8,6622144
CY,2018,09,none,FALSE,8,3285064.88
RO,2025,07,03,FALSE,2,484800.589804409
BG,2025,07,04,FALSE,5,2802629.12363227
GR,2025,07,04,FALSE,4,21866721.2
SI,2023,03,01,FALSE,1,75853.75
MT,2022,09,01,FALSE,2,309791.24
PL,2017,07,07,FALSE,2,182113.7
SI,2023,01,03,FALSE,1,99785.66
CZ,2022,01,09,FALSE,4,578547.57
PT,2020,unresolved,08,FALSE,2,
CZ,2020,10,04,FALSE,1,626805.94
RO,2022,02,05,TRUE,4,3448283.04
CH,2017,04,08,FALSE,3,
CZ,2018,01,03,FALSE,3,266063.3
EE,2016,07,01,FALSE,5,1409671.39
MK,2024,10,none,FALSE,1,
PT,2024,01,07,FALSE,3,159000
IE,2020,09,05,TRUE,1,
SE,2022,04,06,FALSE,2,
LV,2018,08,01,FALSE,2,310000
DK,2017,02,01,FALSE,3,357515.44
LT,2017,04,04,FALSE,2,403540
ES,2022,01,09,FALSE,9,7466285.32
BE,2020,03,01,FALSE,3,1753225
HU,2022,02,03,FALSE,6,3400443.21
PT,2016,09,01,FALSE,1,219970.16
NL,2020,01,09,FALSE,1,
DK,2021,09,05,TRUE,1,415086.73
AT,2025,09,09,FALSE,2,1083175
SI,2021,07,10,FALSE,3,5151411.99
IE,2017,10,06,FALSE,1,2991750
BE,2024,02,04,FALSE,2,6703410
MT,2016,05,none,FALSE,10,2252950.9
PT,2025,03,08,FALSE,1,560970
SE,2020,09,03,FALSE,2,286128.49
CH,2023,04,08,FALSE,1,
CH,2023,unresolved,01,FALSE,6,8041106.19
BE,2017,10,01,FALSE,4,
MT,2022,10,none,FALSE,3,3100000
EE,2025,02,04,FALSE,6,1843543.55
IS,2025,01,01,FALSE,3,981407.783687363
CZ,2017,unresolved,03,FALSE,1,
CZ,2017,02,05,TRUE,2,407744.81
MK,2020,10,none,FALSE,3,404141.02
DE,2022,08,03,FALSE,2,160858.13
ES,2019,05,08,FALSE,3,1213251.3
FR,2022,unresolved,07,FALSE,11,5497427.49
GR,2016,10,08,FALSE,2,880670.12
SI,2025,06,01,FALSE,3,1002905.66
NO,2024,09,03,FALSE,1,
ES,2016,unresolved,05,TRUE,1,334635.32
RO,2023,03,08,FALSE,2,319703.21
UK,2022,07,05,TRUE,1,
RO,2018,07,04,FALSE,2,19810.49
SE,2018,03,06,FALSE,1,
EE,2020,08,09,FALSE,4,
UK,2018,05,05,TRUE,1,44082.24
GR,2022,03,02,FALSE,3,1395642.17
BE,2017,03,06,FALSE,3,4542515.1
ES,2018,10,06,FALSE,9,8022347.1
DE,2018,07,08,FALSE,4,407793.8
CZ,2017,unresolved,08,FALSE,5,2214327.99
FI,2017,01,04,FALSE,5,1453872
SE,2017,09,03,FALSE,4,3317142.53
SE,2020,05,01,FALSE,4,385921.91
AT,2019,04,03,FALSE,6,
LT,2021,04,04,FALSE,12,5018600
BG,2017,04,06,FALSE,1,75416.71
IE,2016,01,04,FALSE,4,283135
BE,2020,01,04,FALSE,7,123619865.15
CH,2018,01,03,FALSE,1,163906.75
BE,2016,08,05,TRUE,2,373636.68
HR,2019,05,06,FALSE,3,1213030.76
ES,2018,08,05,TRUE,5,7996520.58
HU,2019,09,03,FALSE,1,270591.12
SE,2016,02,04,FALSE,1,630739.79
GR,2020,04,06,FALSE,1,335200
LT,2020,10,05,TRUE,2,884538.73
NO,2020,01,06,FALSE,5,1585406.8
DE,2020,05,08,FALSE,2,810793
BE,2022,08,04,FALSE,1,129750.9
PT,2021,10,07,FALSE,2,475830
LV,2018,06,05,TRUE,2,4479
PL,2020,07,09,FALSE,4,370770.67
ES,2017,03,01,FALSE,7,7691501.38
CZ,2024,unresolved,05,TRUE,1,
LU,2020,01,03,FALSE,4,4330147.45
DK,2021,05,05,TRUE,3,2610248.82
FR,2017,08,08,FALSE,2,1e+06
LU,2025,08,09,FALSE,3,11533880.25
CZ,2025,unresolved,01,FALSE,5,4519377.59670415
FI,2025,08,09,FALSE,6,1210000
LV,2024,08,09,FALSE,5,93061.74
UK,2018,08,08,FALSE,3,1515490.8
MK,2018,03,02,FALSE,4,65028.49
PL,2017,09,09,FALSE,3,221209.52
MT,2024,04,01,FALSE,2,584000
CZ,2022,03,02,FALSE,4,7008592.13
HR,2020,02,03,FALSE,8,3478404.25
GR,2020,07,04,FALSE,3,532306.66
CH,2016,03,06,FALSE,1,
DK,2016,08,09,FALSE,5,3868264.12
SK,2017,unresolved,05,TRUE,4,
DE,2024,01,07,FALSE,1,128496
BG,2025,07,07,FALSE,1,167246.139687085
RO,2018,01,07,FALSE,3,419092.39
PL,2016,01,09,FALSE,1,139549.85
RO,2018,08,05,TRUE,1,
IE,2018,09,07,FALSE,1,4200000
CZ,2016,08,09,FALSE,4,247890.72
NO,2020,01,08,FALSE,3,746073.79
CY,2024,unresolved,06,FALSE,1,51110
DK,2016,01,07,FALSE,1,
HR,2022,unresolved,08,FALSE,2,813595.01
GR,2020,05,08,FALSE,2,
SE,2018,06,01,FALSE,7,2139633.28
MT,2020,unresolved,04,FALSE,3,1323775.75
CZ,2017,04,09,FALSE,3,7767.38
PT,2021,08,09,FALSE,1,137749
NO,2021,01,09,FALSE,2,11315222.41
SE,2021,08,04,FALSE,1,168080.32
IS,2016,04,05,TRUE,1,895601.63
BG,2017,01,03,FALSE,1,1094.18
PL,2018,unresolved,09,FALSE,2,
LI,2023,01,03,FALSE,2,255781.51408535
ES,2025,07,09,FALSE,3,2088677.35
HR,2017,10,none,FALSE,4,234186.8
IT,2025,07,09,FALSE,1,99868.17
RO,2021,03,06,FALSE,4,11743355.22
NL,2020,07,04,FALSE,5,158487598
MT,2019,07,10,FALSE,1,456450
RO,2017,05,01,FALSE,1,196971.85
FI,2016,10,07,FALSE,2,
PL,2025,03,07,FALSE,3,587315.79467328
AT,2022,05,01,FALSE,1,307000
PL,2022,09,10,FALSE,3,89533
RO,2023,08,01,FALSE,2,632490.42
IT,2023,10,07,FALSE,5,5811404.88
PL,2022,03,08,FALSE,1,229665.19
SK,2025,02,01,FALSE,1,2971373
SE,2024,08,08,FALSE,1,
CZ,2022,10,09,FALSE,1,437623.05
BG,2021,unresolved,07,FALSE,1,618238.21
LV,2025,04,07,FALSE,3,359352
IS,2024,07,10,FALSE,1,
HU,2017,04,06,FALSE,1,431123.71
AT,2022,10,08,FALSE,1,269577.85
PL,2023,04,08,FALSE,6,13169914.4911586
IS,2022,04,01,FALSE,1,
ES,2021,unresolved,06,FALSE,1,
BG,2023,unresolved,08,FALSE,2,270350.24
HU,2019,unresolved,05,TRUE,4,1333523.66
SK,2016,01,04,FALSE,2,
BG,2025,03,09,FALSE,2,257453.727374987
ES,2017,09,05,TRUE,1,335000
HU,2021,07,10,FALSE,3,2468093.12
BG,2016,03,02,FALSE,1,120666.73
EE,2020,04,03,FALSE,1,
HR,2022,09,03,FALSE,1,29687.58
HU,2017,08,06,FALSE,7,11229491.06
PL,2018,02,05,TRUE,4,10227793.02
HU,2021,unresolved,06,FALSE,1,415625.35
AT,2021,09,04,FALSE,4,9742516.55
CH,2025,08,08,FALSE,1,678309.22256789
LV,2016,09,01,FALSE,1,25000
SE,2021,06,03,FALSE,1,394224.61
SK,2019,05,01,FALSE,2,1057500
EE,2018,06,04,FALSE,2,179445.8
MT,2024,10,07,FALSE,1,80720
GR,2023,08,06,FALSE,2,1061643.39
FI,2022,04,03,FALSE,1,69871
BG,2023,04,07,FALSE,1,85898.3536148891
HR,2023,04,06,FALSE,1,256855
LV,2024,06,06,FALSE,1,240000
LV,2025,04,08,FALSE,11,666943.76
IT,2025,09,07,FALSE,1,13362001.02
PT,2019,05,06,FALSE,3,5849673.93
SE,2021,07,09,FALSE,1,
PT,2021,02,03,FALSE,2,348000
RO,2018,03,01,FALSE,4,1412603.75
CH,2023,01,08,FALSE,2,2451071.46
HR,2019,07,10,FALSE,3,110074.68
EE,2024,06,06,FALSE,1,
DK,2025,03,07,FALSE,1,
AT,2016,07,03,FALSE,1,
DE,2016,04,07,FALSE,2,14477871.64
EE,2016,06,05,TRUE,2,1607115.3
CH,2018,unresolved,03,FALSE,1,907412.99
DK,2022,07,04,FALSE,1,773020.57
DE,2022,06,06,FALSE,1,
PL,2024,05,08,FALSE,2,426087.875956192
AT,2020,unresolved,05,TRUE,2,
BE,2022,04,08,FALSE,2,
FI,2021,10,08,FALSE,1,5e+05
FI,2016,08,09,FALSE,5,2830363
NL,2016,01,07,FALSE,2,61384.22
LT,2022,unresolved,08,FALSE,1,17910.36
AT,2016,08,03,FALSE,1,
GR,2018,04,01,FALSE,1,967700.55
DE,2017,10,07,FALSE,1,
SI,2019,07,10,FALSE,1,
SE,2023,04,06,FALSE,1,430680.020026018
HU,2019,09,04,FALSE,1,604166.72
DE,2016,10,09,FALSE,2,425000
BG,2022,10,08,FALSE,1,5781572.76
LU,2022,07,04,FALSE,1,13470499.31
FR,2025,07,08,FALSE,1,
PL,2020,03,08,FALSE,2,1048084.29
GR,2021,05,08,FALSE,2,444097.05
LU,2020,unresolved,04,FALSE,2,2194795
NO,2016,02,03,FALSE,2,
LI,2020,05,none,FALSE,1,322279.31
CH,2024,05,03,FALSE,1,834794.383297622
EE,2024,09,05,TRUE,1,55000
CZ,2020,02,08,FALSE,1,249948.97
MT,2017,02,none,FALSE,2,495463
ES,2025,10,07,FALSE,1,390603.8
SK,2024,05,06,FALSE,1,592418.19
IS,2023,08,09,FALSE,1,130233.87
BE,2016,03,05,TRUE,1,
LT,2023,01,03,FALSE,1,312406.2
NL,2020,09,09,FALSE,1,
EE,2022,02,04,FALSE,2,
HR,2017,03,01,FALSE,2,907257.26
BE,2018,04,09,FALSE,1,
NO,2018,01,08,FALSE,1,380618.81
NO,2022,10,04,FALSE,3,12033493.06
CH,2021,08,04,FALSE,1,444341.87
CZ,2025,07,07,FALSE,3,1256521.48235037
LT,2025,05,07,FALSE,1,102850
EE,2019,02,06,FALSE,1,
MT,2017,10,none,FALSE,2,794250
BG,2025,04,07,FALSE,1,68475.8155230596
PL,2025,03,08,FALSE,5,1901492.29470136
SE,2018,10,06,FALSE,1,
FI,2016,05,03,FALSE,1,
MT,2025,09,06,FALSE,1,194895.31
NO,2019,04,09,FALSE,1,121813.81
HU,2017,05,07,FALSE,1,1731750.7
NO,2019,01,06,FALSE,3,173990.72
LV,2017,10,01,FALSE,1,34143
BG,2019,07,07,FALSE,1,184067.9
UK,2022,05,06,FALSE,1,
HU,2018,05,04,FALSE,2,1640963.09
CZ,2017,10,04,FALSE,1,
BE,2023,unresolved,06,FALSE,1,
LV,2019,04,03,FALSE,1,240395.8
SE,2022,09,03,FALSE,3,936283.44
GR,2018,10,08,FALSE,2,14237631.42
IT,2024,06,03,FALSE,1,445378
LT,2020,03,02,FALSE,1,3885000
IT,2023,09,03,FALSE,1,740000
RO,2020,10,08,FALSE,1,582912.18
AT,2016,01,05,TRUE,1,
EE,2022,07,04,FALSE,2,195466
BE,2021,03,05,TRUE,1,
CZ,2020,03,07,FALSE,2,110994519
LT,2021,10,07,FALSE,1,165289.26
PT,2022,03,01,FALSE,4,27354962.77
MT,2024,08,08,FALSE,1,6893220
EE,2021,09,08,FALSE,1,
SK,2017,04,07,FALSE,1,4e+05
PT,2022,09,09,FALSE,1,13447200
IE,2023,01,03,FALSE,1,882012
RO,2021,unresolved,08,FALSE,1,213826.4
LU,2021,01,05,TRUE,1,69421
IT,2020,01,05,TRUE,1,
GR,2016,09,04,FALSE,1,240000
DK,2018,03,03,FALSE,1,
IE,2016,10,01,FALSE,1,173175
ES,2020,08,01,FALSE,1,487331
NL,2016,03,06,FALSE,1,5e+05
HU,2020,04,07,FALSE,1,
DE,2020,02,06,FALSE,1,
AT,2022,09,05,TRUE,1,
PL,2022,02,02,FALSE,2,5519938.94
LV,2017,07,04,FALSE,1,240000
UK,2019,09,06,FALSE,1,256331.39
BG,2020,08,09,FALSE,3,645194.8
IT,2025,03,03,FALSE,2,1153436.77
DE,2022,09,07,FALSE,1,
SK,2023,02,06,FALSE,1,146700
LU,2019,01,06,FALSE,1,189932
BE,2016,02,05,TRUE,1,88190
MK,2020,04,05,TRUE,2,146260
PL,2019,03,05,TRUE,1,237451.12
BE,2018,unresolved,09,FALSE,1,
HU,2016,01,09,FALSE,1,160544.57
SE,2020,08,01,FALSE,2,252675.3
AT,2017,05,06,FALSE,1,
SI,2024,07,03,FALSE,2,896009.1
FR,2021,10,07,FALSE,1,
IE,2024,09,07,FALSE,2,5390400
BG,2020,07,09,FALSE,1,576490.44
NL,2016,01,08,FALSE,1,
NO,2022,02,03,FALSE,1,
SI,2017,04,09,FALSE,1,364876.12
NL,2025,02,05,TRUE,1,
FI,2020,unresolved,08,FALSE,1,
PL,2025,10,01,FALSE,1,252705.98978591
LU,2020,02,03,FALSE,1,1035590
HR,2017,07,04,FALSE,1,264267.83
EE,2016,01,06,FALSE,1,214523.53
IE,2017,01,04,FALSE,2,1250000
DK,2016,04,08,FALSE,1,668468.38
RO,2020,09,05,TRUE,1,7854
LT,2023,05,01,FALSE,2,1053100
NO,2024,01,06,FALSE,1,251927.826199126
CY,2019,04,04,FALSE,1,
EE,2020,07,09,FALSE,1,38000
MT,2021,01,06,FALSE,1,135000
SK,2023,02,05,TRUE,1,147376.67
UK,2020,unresolved,06,FALSE,2,365291.67
SI,2017,10,01,FALSE,1,1521311.94
DE,2022,05,03,FALSE,1,197475
DK,2020,01,06,FALSE,1,
MK,2016,09,01,FALSE,1,77451.36
CH,2023,07,05,TRUE,1,390890.99
DK,2021,05,07,FALSE,1,
SI,2019,07,03,FALSE,1,377770.6
SK,2019,08,01,FALSE,1,1297500
DE,2016,09,08,FALSE,1,231092
LT,2024,03,09,FALSE,1,111571
BG,2019,06,01,FALSE,1,458584.72
MT,2024,04,05,TRUE,1,216684
CH,2025,04,none,FALSE,820,7775796878.84723
PL,2024,07,none,FALSE,12270,18106529435.2359
CZ,2025,04,none,FALSE,2887,13587918144.4221
EE,2023,04,none,FALSE,501,1050444066.01
GR,2025,02,none,FALSE,47,92872921.68
CZ,2024,07,none,FALSE,3253,8462508504.73185
HU,2025,09,none,FALSE,388,450406837.879621
AT,2024,04,none,FALSE,1730,8150221020.48
ES,2025,06,05,TRUE,47,208202650.99
ES,2024,10,none,FALSE,968,3859543811.82
LU,2025,07,none,FALSE,58,142150066.36
DE,2025,09,none,FALSE,4614,2689049470.02467
BG,2025,09,none,FALSE,1053,246451364.577351
CH,2025,03,none,FALSE,90,177846170.32221
AT,2025,04,05,TRUE,35,91626358.34
FI,2025,03,none,FALSE,136,117035537.89
DE,2025,08,none,FALSE,1716,691647271.35
DE,2024,08,09,FALSE,55,16514271.6
HU,2025,01,none,FALSE,681,735665970.697262
SI,2024,04,none,FALSE,890,2183191613.15
PL,2023,06,06,FALSE,6,9707717.15158081
PL,2024,06,none,FALSE,636,832603666.125257
DE,2024,10,none,FALSE,1181,1137496596.54
CH,2025,01,05,TRUE,16,11756880.4958322
NO,2025,03,none,FALSE,136,290404065.458557
LV,2024,06,none,FALSE,165,88311022.22
NL,2024,03,none,FALSE,205,476270197.74
DE,2024,04,05,TRUE,222,128626097.17
NO,2025,01,01,FALSE,63,64988003.2902696
DK,2025,07,none,FALSE,519,1044714969.18412
FR,2024,07,10,FALSE,11,1226851586
FR,2024,04,04,FALSE,71,1277178406.8
GR,2024,10,none,FALSE,25,28781787.09
PL,2023,08,none,FALSE,414,581092096.263381
SI,2024,10,none,FALSE,60,35580687.44
EE,2024,04,none,FALSE,444,1677350186.82
BG,2024,08,none,FALSE,379,104795780.606401
PT,2024,06,none,FALSE,80,977466311.2
SE,2024,07,05,TRUE,4,279337.921511599
NO,2024,08,09,FALSE,11,245231.130340346
HU,2024,02,none,FALSE,45,78381341.3106478
LV,2023,04,none,FALSE,1188,2054892787.2
RO,2024,02,01,FALSE,31,1744843.55722536
FR,2025,unmapped,none,FALSE,5,360000
BE,2025,07,01,FALSE,50,15585026.97
DE,2024,01,03,FALSE,127,23338213.24
NO,2024,02,03,FALSE,5,636159.784831484
IE,2025,06,none,FALSE,170,733871022.76
DE,2025,04,04,FALSE,250,820561725.74
PL,2025,unresolved,04,FALSE,4,2024835.21941069
FR,2018,04,none,FALSE,6152,17213735728.61
UK,2020,01,none,FALSE,2823,8607767007.12
FR,2017,08,none,FALSE,1115,4107207798.87
UK,2019,04,none,FALSE,3422,7663803715.26
BG,2019,unresolved,none,FALSE,1523,433967829.94
LV,2021,unresolved,none,FALSE,549,453000869.39
CZ,2020,unresolved,none,FALSE,1502,865696595.79
DE,2021,06,none,FALSE,1150,1282202618.94
FR,2022,07,none,FALSE,2633,5058180102.36
FR,2018,01,none,FALSE,10819,8966393215.48
NO,2022,05,none,FALSE,192,206759205.18
CZ,2017,unresolved,none,FALSE,1203,732296048.04
FR,2017,05,none,FALSE,2408,5344170922.95
BG,2020,07,none,FALSE,1572,915812690.75
CZ,2016,08,none,FALSE,108,47979991.25
IT,2019,03,none,FALSE,143,284258298.16
BE,2017,03,none,FALSE,98,65186566.93
AT,2018,09,none,FALSE,305,252239515.42
SI,2022,07,none,FALSE,780,441670047.18
UK,2016,07,none,FALSE,2473,5817752098.67
LT,2021,02,none,FALSE,96,252987077.96
ES,2021,unresolved,none,FALSE,1131,1650732414.48
DE,2020,03,none,FALSE,2045,959763261.65
ES,2022,02,none,FALSE,446,542232846.7
DK,2018,01,none,FALSE,525,922245614.4
IT,2019,04,none,FALSE,1778,11514924319.25
CH,2022,04,none,FALSE,558,498232539.22
LT,2019,05,none,FALSE,194,131002547.08
DK,2017,07,none,FALSE,443,743178084.5
LV,2022,08,none,FALSE,55,7345660.94
SE,2022,05,none,FALSE,566,744021567.02
ES,2016,07,none,FALSE,2432,3272981923.2
ES,2018,02,none,FALSE,225,130944769.18
NL,2021,unresolved,none,FALSE,452,602558717.12
BE,2021,02,none,FALSE,98,1556073940.21
NO,2022,04,none,FALSE,523,5019356040.36
SE,2019,unresolved,none,FALSE,161,153441176.42
PL,2020,09,none,FALSE,1781,601305380.25
SE,2021,05,none,FALSE,524,588729522.16
LU,2021,04,none,FALSE,112,360616316.25
LT,2020,07,none,FALSE,1752,391315710.79
MT,2021,05,none,FALSE,45,7310525.42
IT,2023,10,none,FALSE,650,1974476184.96
HU,2022,04,none,FALSE,1164,3408620972.95
PT,2018,01,none,FALSE,322,258267538.81
NL,2021,07,none,FALSE,448,566398360.9
EE,2018,unresolved,none,FALSE,141,51497710.8
NL,2018,09,none,FALSE,881,711650003.75
LV,2020,09,none,FALSE,385,135787162.69
IE,2022,04,none,FALSE,301,2290080563.26
EE,2019,01,none,FALSE,173,148053852.26
DE,2021,10,none,FALSE,1092,469431288.68
FR,2018,03,none,FALSE,679,487721749.9
DK,2017,09,none,FALSE,208,533636553.55
SE,2016,06,none,FALSE,288,114130594.35
DK,2023,07,none,FALSE,451,1782855491.83316
SI,2023,04,none,FALSE,805,2133165180.16
SE,2020,09,none,FALSE,428,1140914093.05
SI,2022,09,none,FALSE,377,63124794.63
BG,2019,01,none,FALSE,1846,443612040.86
DE,2022,04,04,FALSE,219,153492560.12
BG,2023,09,09,FALSE,8,119547.992384702
NL,2018,04,07,FALSE,6,3e+06
FR,2021,01,04,FALSE,279,1231865485.84
RO,2022,01,01,FALSE,93,37700305.4
CZ,2018,unresolved,04,FALSE,37,21104220.62
HR,2017,09,01,FALSE,3,173839.78
ES,2023,01,06,FALSE,40,23360371.57
SK,2018,04,05,TRUE,7,241666.66
BE,2019,09,none,FALSE,335,257904035.18
AT,2016,unresolved,none,FALSE,400,514943976.7
HU,2016,07,none,FALSE,209,194227964.02
AT,2021,05,none,FALSE,120,124102722.76
SI,2018,09,none,FALSE,1266,92289913.16
NL,2017,03,none,FALSE,318,68279468.48
CH,2023,03,none,FALSE,71,205599711.924376
EE,2022,06,none,FALSE,24,3645958.13
HR,2019,02,none,FALSE,10,13298436.98
SI,2019,05,none,FALSE,305,74820706.38
NO,2022,06,none,FALSE,54,91992544.62
SK,2023,07,none,FALSE,460,163762004.02
EE,2020,02,none,FALSE,76,7065442.75
FI,2020,10,none,FALSE,75,162529499.2
CH,2022,10,none,FALSE,51,81230089.5
SK,2018,unresolved,none,FALSE,407,194865279.63
LU,2021,01,none,FALSE,374,571592559.7
LU,2017,04,none,FALSE,70,939249479.04
IT,2023,08,none,FALSE,341,1406185665.72
ES,2019,02,none,FALSE,492,497517555.01
UK,2018,03,none,FALSE,270,1604017945.65
NO,2023,07,none,FALSE,463,1564445523.58753
SK,2018,07,none,FALSE,201,78414602.84
GR,2021,unresolved,none,FALSE,344,277914104.91
LV,2022,09,none,FALSE,329,183592889.38
LU,2023,06,none,FALSE,85,49064446.33
IT,2018,10,none,FALSE,482,1136597857.73
EE,2016,05,none,FALSE,65,45506802.17
BE,2017,10,none,FALSE,101,140060180.58
MK,2017,01,none,FALSE,180,44419645.97
NL,2016,05,none,FALSE,297,57453518.76
AT,2022,unresolved,none,FALSE,765,2091958040.92
SE,2020,10,none,FALSE,126,634526542.97
IE,2021,08,none,FALSE,48,12957159.85
GR,2017,04,none,FALSE,474,3314094587.74
LI,2021,04,none,FALSE,6,
HR,2018,07,none,FALSE,406,210511563.67
BE,2020,05,none,FALSE,369,378338407.31
SE,2022,09,none,FALSE,655,1570531130
LT,2023,02,none,FALSE,130,449921624.47
HR,2021,06,none,FALSE,78,45823879.52
FR,2020,08,09,FALSE,127,30728706.17
FR,2017,05,07,FALSE,28,4462928.12
IT,2020,07,10,FALSE,23,78217593.47
UK,2016,04,05,TRUE,51,50101094.78
FR,2023,10,01,FALSE,16,48942705.27
PL,2019,04,05,TRUE,275,443909589.8
NL,2018,07,10,FALSE,78,116637383.65
FR,2018,unresolved,03,FALSE,18,10789161.72
NL,2018,08,06,FALSE,99,51238267.74
CZ,2022,03,01,FALSE,83,76600912
NO,2023,04,05,TRUE,11,193221715.2
SI,2022,07,01,FALSE,17,7456352.81
ES,2019,04,05,TRUE,84,140210734.43
NO,2018,09,01,FALSE,6,1358393.33
DE,2017,09,01,FALSE,43,16954090.01
CH,2016,05,05,TRUE,1,
ES,2023,04,01,FALSE,147,206188017.2
CH,2019,01,01,FALSE,34,103978082.65
HR,2016,05,04,FALSE,2,1476023.95
NL,2021,09,01,FALSE,49,12920100.55
GR,2018,02,04,FALSE,1,
PL,2023,02,05,TRUE,4,18685491.1811362
NL,2017,unresolved,01,FALSE,14,7054795
EE,2022,unresolved,01,FALSE,54,9208112.75
SE,2018,07,10,FALSE,40,112788689.16
BG,2019,05,04,FALSE,9,1548147.66
DK,2018,01,05,TRUE,5,
HU,2021,unresolved,01,FALSE,162,397058382.34
FR,2023,09,01,FALSE,37,40209814
PL,2017,02,01,FALSE,15,42732994.91
FR,2019,04,05,TRUE,116,180472215.95
FI,2020,07,10,FALSE,137,318642486
DE,2021,unresolved,01,FALSE,324,71499052.67
BG,2016,04,01,FALSE,21,10768150.54
NL,2019,04,05,TRUE,33,49299056
NO,2017,07,10,FALSE,13,3758812.05
DE,2022,unresolved,04,FALSE,217,189554324.66
UK,2017,01,01,FALSE,94,141857970.68
DE,2021,04,01,FALSE,151,30014932.06
ES,2020,04,06,FALSE,7,2375107.46
NL,2018,02,01,FALSE,10,25255791.48
IT,2023,06,05,TRUE,67,756518232.44
DE,2016,01,03,FALSE,31,5317196.46
ES,2018,02,01,FALSE,15,3180281.38
ES,2019,07,01,FALSE,91,57230140.98
ES,2020,unresolved,01,FALSE,64,60087321.88
CH,2018,01,05,TRUE,5,4251388.66
BE,2020,01,03,FALSE,4,338000
CZ,2020,04,01,FALSE,67,36616666.48
PT,2021,07,10,FALSE,8,3998935.12
FR,2016,04,03,FALSE,14,5935600
DE,2016,02,01,FALSE,17,452389.54
PL,2021,06,05,TRUE,125,130726044.42
RO,2021,06,06,FALSE,14,7414311.37
NL,2017,09,01,FALSE,59,23431092
RO,2017,unresolved,01,FALSE,14,4269278.93
CZ,2016,01,01,FALSE,50,38373866.03
BE,2022,08,06,FALSE,46,10312553.59
CZ,2023,09,01,FALSE,47,13099699.3271133
DE,2023,09,04,FALSE,62,39635182.12
SE,2023,07,10,FALSE,49,674879302.301782
BG,2021,unresolved,01,FALSE,95,26479530.58
FR,2023,07,01,FALSE,117,85708242.72
ES,2016,01,01,FALSE,101,71100612.1
NL,2022,01,01,FALSE,151,156130254.81
ES,2022,06,01,FALSE,11,5112530.21
RO,2021,09,09,FALSE,11,1184877.8
IT,2017,01,01,FALSE,44,121847014.95
IE,2022,unresolved,01,FALSE,11,17797725
GR,2023,06,04,FALSE,16,27880357.21
DE,2018,03,01,FALSE,34,6763608.89
CZ,2020,01,04,FALSE,64,20848771.51
HU,2023,06,none,FALSE,87,87883549.6150884
FR,2019,01,09,FALSE,47,16606822.17
RO,2021,unresolved,01,FALSE,29,20624337.73
UK,2017,10,01,FALSE,21,214791153.93
ES,2017,10,09,FALSE,6,3238714.11
NL,2020,02,04,FALSE,2,1563570
PL,2022,04,01,FALSE,68,92417134.18
BG,2018,unresolved,09,FALSE,2,303506.72
CZ,2022,04,03,FALSE,17,20756206.09
CH,2018,01,01,FALSE,20,22053855.35
IT,2022,08,05,TRUE,29,36473080.44
HR,2023,01,01,FALSE,57,12491657.28
FR,2017,07,07,FALSE,6,1713760
LT,2020,01,01,FALSE,47,11005909.32
DE,2018,04,06,FALSE,8,1655934.68
LT,2022,01,04,FALSE,41,8986078.9
FR,2018,04,04,FALSE,113,60290654.75
ES,2022,04,07,FALSE,27,47201464.88
DE,2018,unresolved,01,FALSE,197,69808232.62
SE,2023,01,03,FALSE,11,14405914.8673726
AT,2023,02,03,FALSE,15,20346645
AT,2024,04,04,FALSE,55,100326950.31
DE,2024,05,05,TRUE,59,28483895.05
SE,2024,10,10,FALSE,1,
ES,2024,10,08,FALSE,10,3804496.15
LT,2024,04,05,TRUE,42,20428880.96
BG,2024,09,01,FALSE,32,3789631.24041313
SE,2024,04,01,FALSE,10,37381394.2776553
PT,2025,07,10,FALSE,19,10889452.77
NO,2025,unresolved,none,FALSE,30,304496566.989169
DE,2024,03,01,FALSE,49,8569146.92
FR,2025,01,03,FALSE,72,12278274.26
FI,2025,09,01,FALSE,12,3338534.9
NO,2024,08,none,FALSE,70,45881758.0091139
LT,2025,02,02,FALSE,2,641250.7
SE,2024,08,none,FALSE,109,456930232.867138
DE,2025,02,04,FALSE,15,2138038.85
CH,2024,06,none,FALSE,128,160618537.252331
DE,2025,05,04,FALSE,100,60353053.55
FI,2016,07,10,FALSE,73,125386316
SE,2017,04,05,TRUE,25,6036159.45
SI,2016,04,04,FALSE,24,19233241.01
CZ,2020,09,08,FALSE,28,3415709.22
SI,2022,02,none,FALSE,90,98656060.92
LT,2019,unresolved,01,FALSE,18,3535039.38
BE,2018,09,03,FALSE,1,
CZ,2017,04,04,FALSE,58,60183546.63
EE,2016,03,none,FALSE,28,24964171.88
UK,2019,03,01,FALSE,30,143412746.83
DE,2023,04,01,FALSE,129,33278119.5
DE,2022,04,01,FALSE,136,122614757.15
NL,2022,10,05,TRUE,1,
LV,2017,05,none,FALSE,55,31856564.75
IE,2017,unresolved,none,FALSE,103,149411469.15
CY,2017,01,none,FALSE,25,31838499
LV,2017,10,none,FALSE,25,12640544.54
UK,2018,unresolved,04,FALSE,11,11611741.91
RO,2024,07,01,FALSE,24,8857271.03603345
FI,2023,02,none,FALSE,71,136653589.24
HU,2024,04,04,FALSE,10,2098690.21234372
NL,2024,09,01,FALSE,54,67000370.12
LT,2024,06,none,FALSE,88,117619242.84
HR,2024,03,none,FALSE,102,189411719.44
PL,2025,03,02,FALSE,20,20238289.1170528
CZ,2023,09,03,FALSE,2,2268956.48670658
PL,2023,04,01,FALSE,54,120777250.604328
DE,2023,03,07,FALSE,2,92603005
MT,2020,08,08,FALSE,1,1519950.84
LV,2021,09,01,FALSE,11,1275690.8
UK,2017,03,02,FALSE,17,71758814.31
GR,2023,07,06,FALSE,2,433893.51
BE,2023,09,01,FALSE,4,1709646.25
PT,2020,10,01,FALSE,6,5687081.61
SE,2021,01,03,FALSE,9,27861824.24
CZ,2023,03,06,FALSE,1,104807.451521292
AT,2024,unresolved,01,FALSE,2,6193409.95
BG,2024,09,04,FALSE,12,2601911.64229471
CZ,2019,06,none,FALSE,63,21767020.84
MK,2018,06,none,FALSE,46,458860.06
RO,2021,06,05,TRUE,43,417180243.86
LV,2016,07,01,FALSE,4,690154.17
PL,2017,04,01,FALSE,50,114582312.74
NL,2016,08,09,FALSE,7,4790000
FR,2021,01,08,FALSE,21,18849138.25
IT,2020,unresolved,01,FALSE,98,180017966.81
HU,2016,04,04,FALSE,11,9166341.97
BE,2021,04,05,TRUE,11,3357565.02
ES,2022,09,03,FALSE,7,956795.1
DE,2023,04,08,FALSE,4,81006.01
GR,2019,unresolved,05,TRUE,2,766694.8
IT,2016,08,09,FALSE,11,16413272.38
NO,2018,08,09,FALSE,13,4843224.89
NO,2020,10,07,FALSE,1,
DE,2020,04,07,FALSE,8,3646329.08
BG,2019,06,05,TRUE,30,30037564.65
DE,2022,08,08,FALSE,9,830413.8
SE,2018,08,09,FALSE,24,13392153.19
RO,2022,08,09,FALSE,14,1701949.16
HR,2022,unresolved,05,TRUE,1,184313.27
LU,2017,unresolved,04,FALSE,6,10176984
GR,2017,07,01,FALSE,3,5214552
PT,2023,03,02,FALSE,11,5355299.18
GR,2023,08,04,FALSE,4,184481.1
SI,2020,07,04,FALSE,16,1626968.67
NL,2019,unresolved,04,FALSE,8,1e+06
PT,2020,01,04,FALSE,16,6867286.46
SE,2016,09,01,FALSE,20,2378282.31
HR,2016,02,04,FALSE,3,2166736.85
CH,2019,05,04,FALSE,6,2781906.7
RO,2021,01,07,FALSE,19,9266341.1
FR,2023,04,09,FALSE,5,4e+05
HU,2023,08,06,FALSE,14,17510746.3156661
CH,2016,unresolved,05,TRUE,5,
ES,2022,06,05,TRUE,36,101343269.02
LV,2018,07,01,FALSE,4,1011244.16
RO,2021,02,03,FALSE,26,72718209.31
DE,2016,09,06,FALSE,34,10906171.62
CH,2019,07,01,FALSE,9,81946843.38
SK,2022,10,07,FALSE,2,
PT,2022,06,05,TRUE,10,23499001.2
FR,2017,unresolved,05,TRUE,26,25265675.98
NO,2019,06,05,TRUE,10,16471332.24
PL,2020,unresolved,04,FALSE,46,116700227.51
BG,2022,07,01,FALSE,8,2689107.98
NO,2020,08,none,FALSE,68,96054759.1
IT,2022,05,01,FALSE,4,340894.44
PL,2023,03,01,FALSE,42,36785438.4603745
DK,2024,03,none,FALSE,26,69100225.6415178
AT,2021,06,none,FALSE,152,375433087.76
FI,2020,08,none,FALSE,56,40695654
LV,2018,02,none,FALSE,160,77050502.22
MT,2017,01,none,FALSE,134,29979244.22
NO,2018,06,none,FALSE,41,46585464
SI,2018,08,none,FALSE,31,6133352.82
MT,2018,04,none,FALSE,74,75859599.8
IE,2021,02,none,FALSE,35,4384629.16
PT,2022,03,none,FALSE,65,44714960.32
CY,2017,09,none,FALSE,9,3709315.72
SK,2022,05,none,FALSE,159,157804630.15
HU,2020,09,none,FALSE,245,229614283.81
IS,2016,07,none,FALSE,5,
HR,2023,02,none,FALSE,18,2582981.86
SK,2018,08,none,FALSE,18,48357226.52
HU,2021,03,none,FALSE,90,45972710.48
PT,2021,05,none,FALSE,328,407950607.02
SI,2021,02,none,FALSE,143,86211058.4
BE,2023,10,none,FALSE,115,78711951.61
NO,2018,05,none,FALSE,164,206411663.1
SI,2018,06,none,FALSE,46,21238346.41
LT,2016,unresolved,none,FALSE,145,61208055.85
EE,2016,01,none,FALSE,122,34318932.39
MK,2018,09,none,FALSE,17,1978836.86
EE,2021,03,none,FALSE,17,6054151
AT,2019,08,none,FALSE,64,54027904.02
FI,2021,04,01,FALSE,7,758000
IT,2016,08,06,FALSE,26,29033465.79
UK,2020,01,04,FALSE,30,1263802181.12
IE,2021,07,none,FALSE,127,463957425.23
BE,2018,06,01,FALSE,2,
BG,2017,10,01,FALSE,5,574195.48
CZ,2016,05,07,FALSE,2,116610.31
PL,2018,09,01,FALSE,137,47194662.18
CH,2019,unresolved,04,FALSE,5,11284966.28
GR,2022,01,05,TRUE,14,8560152.25
AT,2017,05,04,FALSE,2,544477
DK,2022,07,10,FALSE,18,83108314.64
LI,2017,01,none,FALSE,5,7254932.76
DK,2016,09,none,FALSE,178,245482318.11
IT,2016,04,07,FALSE,4,4800
SE,2021,04,05,TRUE,24,9022903.8
ES,2022,06,04,FALSE,46,48147464
BG,2017,09,01,FALSE,8,9193872.28
PT,2020,01,01,FALSE,39,23760418.67
DK,2019,05,01,FALSE,4,1150000
CZ,2023,01,05,TRUE,8,2266460.58309169
SK,2021,10,none,FALSE,23,526059.43
DK,2018,08,none,FALSE,67,53648795
BE,2020,05,07,FALSE,4,1455493.72
LT,2023,04,01,FALSE,38,12595712.75
CZ,2018,06,none,FALSE,43,54640520.65
HU,2017,06,none,FALSE,31,46713150.15
BE,2017,unresolved,04,FALSE,7,1726918
FI,2020,07,01,FALSE,6,6266100
SE,2019,04,01,FALSE,21,12879762.7
RO,2023,05,07,FALSE,68,16571446.488387
BE,2017,04,04,FALSE,9,262882.26
RO,2023,02,03,FALSE,16,35267976.82
DE,2024,10,01,FALSE,93,21048173.76
BE,2024,01,04,FALSE,25,14594202.81
CH,2023,02,none,FALSE,3,1450919.09812037
BE,2025,09,03,FALSE,4,389083.4
IT,2024,09,09,FALSE,1,2344388.5
CZ,2025,05,04,FALSE,38,210414408.657919
DE,2025,04,08,FALSE,15,31584814.5
BG,2024,06,05,TRUE,25,289394136.537478
FR,2024,05,08,FALSE,8,775290
IT,2024,01,05,TRUE,18,128219534.1
DK,2025,02,04,FALSE,4,30590039.7965599
AT,2020,10,none,FALSE,68,60930710.5
IE,2022,10,none,FALSE,14,9719890
MK,2016,07,none,FALSE,106,7094500.7
CZ,2016,06,none,FALSE,29,87458407.41
CH,2018,03,none,FALSE,68,56939274.99
IS,2019,09,none,FALSE,3,39733714.73
MK,2025,05,none,FALSE,5,4198750
SI,2024,03,none,FALSE,60,36543941.77
BE,2025,04,05,TRUE,12,150673118.05
EE,2024,07,01,FALSE,14,6338263.37
SE,2024,06,03,FALSE,3,
FR,2024,05,01,FALSE,28,29030017.4
SK,2024,02,03,FALSE,8,164250
PL,2024,01,03,FALSE,9,943729.270504204
NL,2024,07,09,FALSE,2,2995200
LV,2024,03,04,FALSE,4,3564063.22
FR,2024,05,03,FALSE,3,
BE,2019,09,06,FALSE,1,353500
PL,2016,09,07,FALSE,10,867832.8
UK,2016,03,01,FALSE,11,4206941.8
FR,2023,06,01,FALSE,46,38247909.35
LV,2018,02,04,FALSE,3,35900
DE,2017,05,07,FALSE,7,592880
AT,2018,04,01,FALSE,6,2583068.13
LT,2018,08,09,FALSE,4,41398.11
IT,2019,07,01,FALSE,29,79288747.45
SK,2019,01,01,FALSE,17,53153457.77
NO,2021,09,04,FALSE,3,20406757.64
HR,2018,04,01,FALSE,12,6919789.22
GR,2017,01,04,FALSE,3,984686.99
IT,2022,01,03,FALSE,10,68959372.74
CH,2017,04,01,FALSE,6,4241794.55
FR,2019,03,07,FALSE,4,269350.61
EE,2016,04,05,TRUE,9,19557835
FI,2023,04,05,TRUE,14,5468075
LT,2021,01,05,TRUE,2,258697.2
IT,2020,04,01,FALSE,32,32213818.73
DK,2021,10,10,FALSE,4,5244050.02
PL,2017,01,09,FALSE,1,42396.05
CZ,2021,05,04,FALSE,24,17363920.6
AT,2021,07,10,FALSE,10,99066567.4
UK,2018,07,09,FALSE,3,361700.45
CZ,2021,09,06,FALSE,4,5523941.51
BE,2021,08,05,TRUE,6,776292.69
IT,2018,02,03,FALSE,10,3511787.78
SK,2020,unresolved,01,FALSE,23,32623564.32
CY,2022,01,05,TRUE,1,951083.1
CH,2019,01,03,FALSE,3,823307.81
LT,2016,02,01,FALSE,3,6929840.31
IE,2018,10,none,FALSE,17,12332000
FR,2017,07,04,FALSE,39,23159483.28
AT,2023,08,06,FALSE,8,4066828.82
FI,2022,02,03,FALSE,5,20476352.54
PL,2022,06,07,FALSE,3,1102359.47
PT,2018,unresolved,01,FALSE,9,4186375.88
SK,2018,08,09,FALSE,1,333400
NO,2020,09,01,FALSE,8,1512431.45
SK,2021,01,04,FALSE,6,9907005.64
RO,2025,01,03,FALSE,12,4668226.67782323
SI,2024,02,01,FALSE,5,4494599.37
NO,2024,08,06,FALSE,3,560043.429917188
BE,2025,01,08,FALSE,10,1018632.12
SE,2025,03,02,FALSE,17,48251479.5854372
RO,2025,03,08,FALSE,2,
ES,2023,04,09,FALSE,8,6584661.17
SK,2021,05,07,FALSE,8,1061019.5
CZ,2023,unresolved,03,FALSE,9,17332605.2
FI,2018,01,06,FALSE,1,270000
UK,2018,10,09,FALSE,12,80625034.26
LT,2016,03,02,FALSE,2,96933.69
CH,2018,04,05,TRUE,13,1528666.44
SI,2022,04,05,TRUE,12,10187373.94
GR,2017,09,09,FALSE,2,270179.57
ES,2020,10,08,FALSE,3,679296
NO,2021,03,03,FALSE,4,491966.19
PT,2019,08,06,FALSE,22,18000309.62
LV,2021,unresolved,06,FALSE,2,185739.36
FR,2018,unresolved,08,FALSE,19,2967512.96
IE,2021,01,01,FALSE,16,41881901
EE,2017,08,06,FALSE,5,2120942.29
ES,2021,09,04,FALSE,23,13229394.68
CZ,2019,unresolved,05,TRUE,21,5495356.35
RO,2018,07,01,FALSE,7,560955.43
DE,2020,02,01,FALSE,17,
BE,2023,08,09,FALSE,10,2340230.47
IT,2019,10,06,FALSE,3,4724693.78
BE,2022,01,08,FALSE,1,2199963.54
CZ,2017,02,03,FALSE,11,6022470.98
NO,2017,04,04,FALSE,6,1128826.52
GR,2017,04,05,TRUE,8,1462375
LT,2018,08,05,TRUE,5,15631127.34
BE,2018,04,01,FALSE,21,1989265.7
NL,2022,03,02,FALSE,12,5313303.6
SK,2021,09,01,FALSE,2,55652
LT,2018,04,04,FALSE,7,19250033.9
CZ,2017,08,09,FALSE,4,965745.49
IE,2022,04,01,FALSE,9,5470000
LV,2017,unresolved,01,FALSE,17,6822733.87
CH,2020,07,04,FALSE,11,67777223.77
PT,2017,05,05,TRUE,2,1512834
SE,2017,04,03,FALSE,4,62782949.83
IT,2019,05,01,FALSE,2,1149243
MK,2017,03,02,FALSE,4,202193.44
BG,2023,10,04,FALSE,3,893373.551853973
IE,2024,09,01,FALSE,17,142930969
SI,2023,08,01,FALSE,1,
HU,2019,03,01,FALSE,7,5547360.55
AT,2024,08,09,FALSE,6,3731159.6
PL,2023,09,05,TRUE,7,1024547.28424137
LU,2018,03,none,FALSE,8,4925157.49
LV,2017,08,none,FALSE,23,5921615.19
MT,2019,08,none,FALSE,6,258333.7
AT,2025,05,04,FALSE,3,1153147.1
ES,2024,09,09,FALSE,15,2150975.39
DE,2025,01,06,FALSE,13,1479252.3
EE,2020,09,01,FALSE,14,1956594.58
CZ,2016,04,09,FALSE,3,655519.8
ES,2025,05,06,FALSE,15,11229631
CH,2025,07,04,FALSE,8,5515929.25141445
LV,2025,01,05,TRUE,2,270000
HU,2025,06,06,FALSE,12,491140.472565235
SI,2024,03,02,FALSE,5,1590635.2
IE,2025,05,05,TRUE,4,38602858
ES,2025,02,04,FALSE,17,52818345.62
LT,2024,01,08,FALSE,3,2473744
NL,2023,07,09,FALSE,3,
IT,2020,05,09,FALSE,1,328000
AT,2019,04,05,TRUE,12,1249469.4
ES,2019,04,03,FALSE,8,4349793.41
BG,2017,06,05,TRUE,9,1943373.32
HR,2019,04,06,FALSE,4,4052742.22
IE,2021,unresolved,01,FALSE,16,18582527.66
AT,2021,unresolved,03,FALSE,2,346468.41
HU,2018,01,04,FALSE,5,1218466.64
LT,2017,unresolved,05,TRUE,2,173282
HR,2018,02,03,FALSE,22,63341459.57
CH,2021,04,04,FALSE,24,2864368.7
NO,2017,04,08,FALSE,1,
UK,2022,04,05,TRUE,5,35336.2
SE,2025,05,08,FALSE,1,
BE,2025,05,05,TRUE,7,1093475.2
DK,2023,06,04,FALSE,6,12732497.5
ES,2017,unresolved,06,FALSE,6,426860.05
FR,2020,unresolved,05,TRUE,18,18021702.8
HR,2019,01,01,FALSE,20,6634931.69
BE,2018,07,05,TRUE,2,1964617.84
CZ,2017,10,07,FALSE,7,84354.07
SI,2022,09,01,FALSE,10,6153821.98
NO,2016,05,04,FALSE,9,15531070.33
SI,2022,01,01,FALSE,24,6849109.28
LU,2021,01,01,FALSE,10,11376365
CZ,2019,09,08,FALSE,30,2953825.93
NL,2023,08,01,FALSE,6,7363636
CY,2016,04,05,TRUE,1,260610
CZ,2024,unresolved,04,FALSE,15,12571832.6022716
DE,2024,07,06,FALSE,1,
HU,2025,03,07,FALSE,1,818516.069082996
BG,2025,04,03,FALSE,15,7839948.22578996
CH,2025,04,03,FALSE,7,15793322.5496617
FR,2024,10,08,FALSE,8,50000
CZ,2024,01,08,FALSE,16,9308299.46966588
BG,2024,07,10,FALSE,6,956067.680744453
MT,2021,01,01,FALSE,7,1058852
SK,2019,unresolved,04,FALSE,10,6940347.77
PT,2022,04,05,TRUE,45,102777099.8
NO,2020,08,09,FALSE,12,3636010.27
SI,2021,03,02,FALSE,10,3543224.6
UK,2021,09,06,FALSE,3,405044.34
IE,2016,02,none,FALSE,18,4378000
IT,2017,07,06,FALSE,1,5114555.15
BE,2019,06,01,FALSE,4,1795969
PT,2019,05,05,TRUE,9,9183127.41
BG,2021,05,07,FALSE,4,273378.73
PL,2020,05,04,FALSE,27,396202302.28
RO,2022,09,04,FALSE,12,1522483.46
PT,2023,unresolved,04,FALSE,8,3078876.44
HU,2018,04,03,FALSE,2,1537106.84
HU,2023,04,05,TRUE,16,36448381.7001495
AT,2022,04,03,FALSE,5,8449248.33
LT,2018,05,05,TRUE,1,586776.86
ES,2021,05,09,FALSE,2,702303.5
NL,2018,09,08,FALSE,3,
SE,2020,07,01,FALSE,14,35090230.86
IT,2024,06,01,FALSE,3,6931416.4
SK,2025,02,05,TRUE,2,31571060.91
HU,2024,01,06,FALSE,3,721816.166316694
DK,2024,06,05,TRUE,7,6640782.38387953
IE,2024,04,04,FALSE,5,24572457
IT,2022,09,04,FALSE,2,1463913.83
SK,2021,06,05,TRUE,4,22900500.67
IE,2023,09,08,FALSE,1,560704
LT,2023,02,03,FALSE,12,10800541.16
DE,2018,01,06,FALSE,10,1601283.27
LV,2017,unresolved,04,FALSE,3,993583.32
FI,2019,07,04,FALSE,4,5290000
AT,2018,01,03,FALSE,2,429357
LT,2019,07,04,FALSE,1,278203.2
EE,2022,04,03,FALSE,2,
HR,2018,05,06,FALSE,2,363710.92
IE,2022,09,04,FALSE,2,584985
BE,2020,unresolved,08,FALSE,3,
LV,2016,04,05,TRUE,14,29121091.09
HU,2019,05,07,FALSE,3,2305045.69
BG,2025,10,10,FALSE,1,8139.89160445853
CH,2025,06,05,TRUE,11,15447355.4076421
FR,2024,07,07,FALSE,3,
GR,2024,08,09,FALSE,5,9125322.58
GR,2024,07,01,FALSE,8,4137026
FR,2019,05,05,TRUE,15,3374905.51
ES,2021,06,05,TRUE,25,385636220.9
SE,2023,unresolved,05,TRUE,3,
LT,2022,06,04,FALSE,2,
FI,2017,09,01,FALSE,10,2215944
HU,2020,02,03,FALSE,1,6725138
SE,2022,10,08,FALSE,2,5461587.74
PT,2017,04,05,TRUE,11,52407554.95
BG,2021,02,03,FALSE,10,812762.37
UK,2021,08,09,FALSE,8,1260958.59
IT,2022,03,02,FALSE,10,68676254.54
DE,2025,06,01,FALSE,17,571337.19
HU,2020,05,06,FALSE,5,129884.31
MT,2023,01,04,FALSE,4,9131942.23
UK,2018,08,05,TRUE,3,2278435.87
CZ,2020,01,09,FALSE,7,352581.58
HR,2023,08,06,FALSE,2,487831.16
CY,2024,04,05,TRUE,4,885679
DK,2018,unresolved,08,FALSE,1,
BG,2019,01,03,FALSE,5,1133608.25
IT,2020,02,02,FALSE,1,1570954.5
MK,2022,03,02,FALSE,1,
NL,2018,10,10,FALSE,18,
HR,2017,08,09,FALSE,1,213031.07
IT,2021,unresolved,03,FALSE,7,4535795.21
LU,2022,06,05,TRUE,3,128095.47
IS,2019,01,01,FALSE,5,8692184.47
SI,2023,04,01,FALSE,20,14365801.33
LV,2022,04,04,FALSE,9,116477666.3
CZ,2023,07,03,FALSE,4,683726.78656809
HR,2019,04,04,FALSE,12,3277327.57
LV,2020,02,03,FALSE,7,313278.72
IT,2019,unresolved,05,TRUE,11,10147472.32
LI,2020,04,none,FALSE,6,2383898.47
EE,2019,03,none,FALSE,20,3545745.69
NL,2024,01,09,FALSE,2,
CZ,2025,01,08,FALSE,7,1738861.90769338
SI,2024,04,07,FALSE,1,518310
RO,2023,08,09,FALSE,15,4302256.66211077
CZ,2022,02,01,FALSE,15,12884782.76
LT,2020,05,07,FALSE,2,357450
UK,2019,05,07,FALSE,9,64217099.7
IE,2017,04,07,FALSE,1,46100
BE,2022,02,04,FALSE,8,4309204.74
FR,2024,05,06,FALSE,18,44362213
DK,2024,01,04,FALSE,5,1907980.40869111
CH,2024,01,03,FALSE,1,1804742.18709376
HR,2024,08,06,FALSE,5,2313952
IS,2023,01,01,FALSE,5,2829066.35170648
CZ,2021,08,09,FALSE,14,4888926.3
AT,2017,06,05,TRUE,3,534005.35
IT,2021,04,06,FALSE,3,6897401.36
HU,2020,unresolved,05,TRUE,2,912603.93
PL,2021,06,01,FALSE,3,2001580.25
GR,2018,06,04,FALSE,7,7291140.41
LI,2022,01,04,FALSE,2,910151.93
CZ,2018,01,08,FALSE,8,1476943.8
FI,2021,01,09,FALSE,2,
PT,2020,06,05,TRUE,6,3708706.8
MT,2019,08,09,FALSE,2,
GR,2021,07,04,FALSE,2,407548
PL,2018,06,06,FALSE,4,4948270.24
LT,2018,02,04,FALSE,4,89052
PT,2025,09,06,FALSE,10,83911122.6
FI,2024,02,01,FALSE,3,1970187.56
AT,2025,07,08,FALSE,1,788335.33
NO,2024,08,01,FALSE,1,
LI,2025,07,none,FALSE,5,4222416.6849139
DE,2025,02,05,TRUE,4,
EE,2025,08,01,FALSE,1,
DK,2024,07,04,FALSE,3,3476011.57755771
GR,2021,04,01,FALSE,5,1427593.71
SI,2019,05,05,TRUE,1,507970
IT,2024,07,10,FALSE,4,9515462.61
RO,2025,08,05,TRUE,3,
GR,2024,10,01,FALSE,4,6290110
NL,2023,10,10,FALSE,11,12041400
AT,2021,04,03,FALSE,6,879336.81
PT,2021,07,07,FALSE,1,232594
IT,2023,06,07,FALSE,1,689925
CY,2018,06,none,FALSE,4,1160692
EE,2018,09,08,FALSE,1,30408.68
PT,2016,08,06,FALSE,7,4554897.46
EE,2021,08,09,FALSE,1,
HU,2016,01,01,FALSE,4,2438922.43
EE,2021,02,04,FALSE,1,
LT,2021,02,07,FALSE,3,304678.7
CH,2020,06,05,TRUE,5,5754082.34
AT,2022,03,04,FALSE,7,3742683.25
BG,2021,unresolved,03,FALSE,6,803733.28
LT,2022,01,09,FALSE,1,245940
ES,2023,09,08,FALSE,3,6450493.28
SE,2017,09,06,FALSE,3,290604.15
NO,2016,08,05,TRUE,2,397175.64
AT,2018,07,03,FALSE,1,605707.75
BG,2023,02,09,FALSE,1,2559.06
AT,2016,07,05,TRUE,2,
IT,2020,03,04,FALSE,7,1747528.54
CH,2021,04,06,FALSE,4,264590.32
NL,2023,06,01,FALSE,6,715035
AT,2022,01,04,FALSE,28,28772830.25
SI,2018,08,09,FALSE,5,662378.1
IE,2021,unresolved,04,FALSE,2,180000
DE,2016,10,06,FALSE,21,27536044.71
HR,2019,05,04,FALSE,4,1607848.55
LV,2019,01,04,FALSE,5,2396404.39
DE,2021,04,08,FALSE,10,1200000
BE,2022,01,09,FALSE,1,
IE,2025,02,04,FALSE,3,21503126
GR,2022,08,05,TRUE,5,1698085.77
CH,2020,09,05,TRUE,1,840120.04
PL,2017,02,05,TRUE,6,7858433.05
BE,2016,04,05,TRUE,10,1472168.6
FI,2021,09,03,FALSE,1,
FR,2021,07,04,FALSE,18,4823777.25
CH,2019,09,03,FALSE,2,1265368.21
IT,2019,04,09,FALSE,1,316220
BG,2020,09,01,FALSE,12,3457419.04
HU,2019,07,10,FALSE,1,616489.39
PL,2020,01,08,FALSE,9,2509286.91
PL,2023,10,07,FALSE,11,7400556.46446472
ES,2021,04,08,FALSE,8,9355121
PL,2020,03,03,FALSE,4,1447448.88
PL,2017,01,06,FALSE,3,2275314.67
RO,2017,03,01,FALSE,8,1632320.46
SE,2017,03,04,FALSE,2,518935.97
GR,2022,02,01,FALSE,2,1302872.44
SK,2022,03,09,FALSE,1,
BE,2016,01,03,FALSE,3,165528
GR,2023,05,05,TRUE,2,14516437.28
BE,2025,08,09,FALSE,15,1442917.71
MT,2025,08,09,FALSE,3,977140
AT,2025,01,04,FALSE,17,35601941.38
CY,2025,08,04,FALSE,1,257995
MK,2020,03,none,FALSE,20,3144390.25
LT,2023,07,06,FALSE,2,47726.87
CY,2016,08,none,FALSE,2,857958
CH,2024,07,04,FALSE,6,1568313.69964601
BE,2025,03,06,FALSE,1,
LU,2025,02,none,FALSE,16,38812729.92
BE,2025,03,04,FALSE,3,
AT,2024,05,09,FALSE,1,
LV,2024,03,01,FALSE,4,776908
CY,2023,05,01,FALSE,1,27905
CZ,2020,unresolved,09,FALSE,2,
SE,2021,07,04,FALSE,11,31660562.27
IT,2025,10,06,FALSE,4,6659867.79
SI,2017,06,04,FALSE,7,2887331.74
CZ,2017,unresolved,06,FALSE,7,217470.03
IT,2022,02,01,FALSE,7,2805077.01
AT,2017,06,03,FALSE,2,869165.37
LT,2016,01,05,TRUE,4,868710.75
RO,2022,09,07,FALSE,6,1063303.1
DK,2019,06,05,TRUE,5,7229601.93
AT,2019,07,10,FALSE,7,1652942.76
BE,2021,06,05,TRUE,9,14892313.86
BG,2017,05,06,FALSE,2,305643.22
NO,2016,unresolved,05,TRUE,3,373457.58
EE,2016,08,06,FALSE,2,781547.35
SI,2022,unresolved,08,FALSE,4,1195847.1
AT,2016,01,01,FALSE,9,4549178.44
PL,2020,04,08,FALSE,4,6241471.97
BE,2024,03,08,FALSE,1,
AT,2018,03,04,FALSE,3,2489880
MK,2017,04,01,FALSE,1,178644.8
NO,2021,02,04,FALSE,2,
IT,2023,02,04,FALSE,7,16827023.9
ES,2018,10,01,FALSE,3,5493877.22
ES,2016,01,08,FALSE,6,6096051.87
NL,2017,09,08,FALSE,6,750000
ES,2021,08,04,FALSE,2,605944.74
CH,2019,03,01,FALSE,3,21772693.32
CZ,2022,05,07,FALSE,11,5359521.77
UK,2018,07,08,FALSE,1,
CH,2017,06,05,TRUE,1,461239.96
DK,2016,06,04,FALSE,10,13247716.63
BE,2019,01,04,FALSE,7,79997247
RO,2025,08,01,FALSE,2,866519.836699337
LV,2023,09,08,FALSE,4,248620
HU,2022,unresolved,05,TRUE,6,8408611.75
IE,2021,08,05,TRUE,1,704595.72
HU,2019,04,03,FALSE,4,1126210.57
LT,2024,05,01,FALSE,10,1188036.68
EE,2025,04,03,FALSE,1,1148160
BE,2024,02,06,FALSE,1,
SK,2024,09,06,FALSE,2,5404849.52
FI,2022,08,06,FALSE,6,3104592
DK,2018,10,06,FALSE,2,
DK,2019,07,05,TRUE,2,
LV,2022,09,01,FALSE,6,420796
NO,2020,unresolved,08,FALSE,2,166001.42
FR,2021,10,08,FALSE,16,401856
FR,2019,06,03,FALSE,12,3763874.5
GR,2024,05,04,FALSE,12,22327226.94
SI,2024,05,01,FALSE,4,2009340.13
UK,2025,06,none,FALSE,2,111090469.329669
RO,2017,unresolved,06,FALSE,2,867316.14
BE,2022,04,04,FALSE,9,5039496.64
GR,2021,09,09,FALSE,5,351363.03
LV,2019,unresolved,04,FALSE,2,
AT,2019,04,08,FALSE,1,
BG,2022,05,01,FALSE,9,496479.61
DE,2019,10,08,FALSE,2,
BG,2022,03,05,TRUE,1,
UK,2017,02,03,FALSE,6,95945427.99
LV,2021,07,04,FALSE,2,142040.45
PT,2022,07,08,FALSE,1,310978
SE,2019,05,07,FALSE,1,199261.5
BG,2018,01,05,TRUE,2,60287.3
BG,2022,09,03,FALSE,3,39695.78
SE,2023,10,01,FALSE,4,752615.34
SE,2019,09,08,FALSE,2,719598.45
IE,2019,10,01,FALSE,3,312789.9
LU,2019,01,04,FALSE,4,6265460.2
CZ,2021,02,08,FALSE,2,21996.88
FR,2016,05,03,FALSE,3,858655.68
EE,2024,08,03,FALSE,1,297501
NL,2025,07,04,FALSE,3,2640144
IT,2020,05,08,FALSE,3,3335371.95
HU,2021,06,04,FALSE,2,663056.09
NL,2017,03,04,FALSE,3,7e+06
NL,2019,09,05,TRUE,2,
FI,2018,05,07,FALSE,1,360000
GR,2023,02,03,FALSE,3,1795200
IT,2020,04,03,FALSE,6,3754540.89
SK,2022,unresolved,08,FALSE,1,
HR,2016,01,04,FALSE,4,821877.26
MT,2018,unresolved,04,FALSE,4,8140108.86
FR,2018,09,08,FALSE,3,296074
CH,2022,07,10,FALSE,1,
LT,2017,02,01,FALSE,5,21429422.34
UK,2022,06,07,FALSE,1,
BG,2023,unresolved,09,FALSE,5,90303.1975703037
SK,2025,04,07,FALSE,2,
BE,2024,04,04,FALSE,4,292032
RO,2025,09,05,TRUE,1,45093.7223302896
SK,2016,01,07,FALSE,1,264800
CH,2021,03,04,FALSE,2,2195456.43
ES,2020,03,03,FALSE,3,1530969.17
MK,2023,01,04,FALSE,2,585224.95
CZ,2016,02,03,FALSE,4,7351689.17
BG,2017,10,04,FALSE,2,766949.59
DE,2018,03,07,FALSE,2,
RO,2016,06,04,FALSE,7,2714760.34
GR,2025,06,01,FALSE,2,502100
NL,2024,05,06,FALSE,2,711106
DK,2018,05,06,FALSE,1,697686.9
PL,2020,unresolved,08,FALSE,7,1662617.34
ES,2022,02,02,FALSE,1,333000
DK,2025,06,05,TRUE,4,4819955.2210708
GR,2025,09,10,FALSE,1,9389934.95
PT,2017,05,04,FALSE,2,551714.15
NO,2019,09,08,FALSE,1,507557.53
SK,2022,07,01,FALSE,2,348483.88
LV,2021,07,05,TRUE,1,141500
PT,2022,08,09,FALSE,2,490000
HU,2016,unresolved,08,FALSE,2,712179.87
SE,2021,07,07,FALSE,3,1528356.36
DK,2016,09,01,FALSE,2,
ES,2021,09,09,FALSE,2,137042.72
BE,2019,10,07,FALSE,1,3804333.34
IE,2021,06,03,FALSE,1,
SI,2022,04,07,FALSE,1,230217.5
SK,2019,01,06,FALSE,1,216349.63
NL,2017,09,07,FALSE,1,240000
UK,2018,02,05,TRUE,1,3224365.16
IT,2021,06,07,FALSE,3,2705198.76
IT,2023,09,04,FALSE,4,11689765.64
NL,2024,03,08,FALSE,1,218000
CY,2024,07,01,FALSE,1,67500
DK,2025,08,04,FALSE,1,
EE,2021,03,02,FALSE,1,6795833
HU,2021,06,05,TRUE,4,496241.72
SI,2020,09,04,FALSE,1,
PT,2017,08,06,FALSE,3,4192864.85
GR,2024,06,01,FALSE,4,2887836.16
GR,2024,03,02,FALSE,1,
FR,2020,04,07,FALSE,6,755416.53
LV,2025,03,08,FALSE,1,48633
EE,2016,09,10,FALSE,1,1014185.81
PL,2020,07,07,FALSE,2,295665.09
IT,2017,03,01,FALSE,6,1612750
IT,2019,03,04,FALSE,10,16037629.95
AT,2025,08,01,FALSE,2,544653.29
NO,2018,07,04,FALSE,1,109299.3
BE,2019,07,04,FALSE,2,1147500
IT,2019,08,01,FALSE,1,1468800
HU,2025,03,06,FALSE,4,265457.643918467
SE,2025,unresolved,05,TRUE,1,
PL,2017,06,06,FALSE,1,9985.55
BG,2018,02,01,FALSE,1,22310.77
CH,2019,10,07,FALSE,1,7525067.93
SK,2021,07,01,FALSE,5,1444105.33
RO,2023,09,05,TRUE,1,72556.93
CH,2022,03,01,FALSE,2,2774273.43
AT,2019,02,01,FALSE,1,
AT,2022,01,05,TRUE,2,21574686.87
BE,2018,01,08,FALSE,3,1279950
BG,2016,01,08,FALSE,1,428218.63
DE,2018,05,08,FALSE,1,
CY,2021,01,05,TRUE,1,121480
HU,2019,01,05,TRUE,4,1944732.49
NO,2022,01,06,FALSE,2,
LV,2019,02,04,FALSE,1,36960
MT,2017,08,09,FALSE,1,
NO,2016,07,04,FALSE,2,
FI,2020,04,07,FALSE,3,7170000
BE,2017,10,09,FALSE,1,
NL,2025,02,01,FALSE,1,
NO,2021,03,04,FALSE,2,34437633.45
GR,2021,10,04,FALSE,1,9770000
PL,2022,01,09,FALSE,1,22134.18
BG,2020,04,08,FALSE,1,2863278.45
SE,2016,04,06,FALSE,2,422435.55
PT,2022,05,05,TRUE,3,10392704.4
SK,2022,05,01,FALSE,2,
UK,2019,05,05,TRUE,5,452282.49
BE,2023,05,05,TRUE,3,
ES,2025,08,03,FALSE,1,39253
LT,2024,03,08,FALSE,3,217070.01
EE,2024,02,02,FALSE,1,7e+07
CH,2020,07,07,FALSE,1,1246055.11
UK,2021,09,04,FALSE,1,290832.95
DE,2019,03,06,FALSE,1,
BG,2017,07,09,FALSE,1,48573.47
SK,2023,04,07,FALSE,1,
CH,2023,07,10,FALSE,2,472299.634863546
BG,2025,09,06,FALSE,1,49154.6835054709
ES,2024,07,06,FALSE,1,990480.22
HU,2025,10,08,FALSE,2,5171442.59810496
ES,2023,02,02,FALSE,3,1500000
NO,2016,06,04,FALSE,2,21527.13
PT,2022,02,04,FALSE,1,698880
IS,2022,04,04,FALSE,1,963934
LI,2023,01,01,FALSE,1,411543.908353528
EE,2023,08,01,FALSE,1,234920
DE,2025,02,02,FALSE,3,4369150.12
FR,2025,07,06,FALSE,1,
CZ,2024,09,07,FALSE,2,450044.862828172
AT,2024,07,05,TRUE,4,1900555.95
SI,2021,08,05,TRUE,3,16980.46
DE,2016,07,09,FALSE,1,263280
IS,2016,07,04,FALSE,1,
BE,2017,02,08,FALSE,1,183427.5
SE,2018,08,01,FALSE,1,
FI,2024,04,07,FALSE,2,2462800
ES,2025,10,10,FALSE,1,903500
SI,2022,10,07,FALSE,4,9197.22
HR,2017,unresolved,03,FALSE,1,358408.67
GR,2016,04,01,FALSE,2,1257377.01
IE,2018,07,04,FALSE,2,272336
UK,2020,08,05,TRUE,1,30106738.23
ES,2017,08,04,FALSE,2,
SK,2022,02,04,FALSE,4,4716947.57
BG,2019,07,05,TRUE,1,204519.89
PL,2020,02,08,FALSE,2,1501561.53
FI,2019,01,08,FALSE,3,425000
BE,2019,02,01,FALSE,1,1291347.8
DE,2016,03,06,FALSE,2,106076
DE,2017,10,03,FALSE,1,516107.76
MK,2016,unresolved,07,FALSE,1,68186.8
GR,2022,01,06,FALSE,1,
HR,2017,07,10,FALSE,1,
CH,2017,08,01,FALSE,2,1431180.63
GR,2018,04,07,FALSE,2,3960137.35
SE,2019,04,07,FALSE,1,188873.46
SK,2018,08,06,FALSE,1,5413279.17
PT,2024,04,03,FALSE,3,6940926.59
IT,2019,01,08,FALSE,1,472870.87
IE,2023,03,01,FALSE,3,646768
PT,2023,04,09,FALSE,1,234999.99
HU,2019,02,04,FALSE,1,
PT,2025,08,01,FALSE,2,371082.46
FR,2022,03,07,FALSE,1,
MT,2024,02,none,FALSE,3,3520745.5
NO,2019,04,08,FALSE,1,
LT,2016,03,03,FALSE,2,1035353.6
IS,2024,04,04,FALSE,1,2290180
LT,2025,06,04,FALSE,4,660143.88
PT,2021,08,08,FALSE,1,1575123
NO,2016,01,08,FALSE,3,
PT,2016,04,07,FALSE,1,300079.7
AT,2023,05,01,FALSE,2,3779013.55
ES,2016,unmapped,none,FALSE,1,167834.09
CY,2019,04,01,FALSE,1,10245800
SE,2021,10,01,FALSE,1,59133691.42
PL,2018,02,06,FALSE,1,394995.11
SI,2018,unresolved,03,FALSE,1,2e+05
NO,2016,02,04,FALSE,1,
BE,2016,08,08,FALSE,2,243140
IT,2018,03,03,FALSE,1,3390469.19
LU,2019,08,09,FALSE,1,99806
LI,2023,01,04,FALSE,2,967110.587946623
CZ,2016,09,06,FALSE,1,952205.3
CZ,2024,06,09,FALSE,1,341581.064197972
LU,2020,07,10,FALSE,1,2.6e+07
SE,2024,03,08,FALSE,1,
SI,2021,10,04,FALSE,2,186743.24
NL,2023,09,03,FALSE,1,
RO,2023,unresolved,03,FALSE,2,5964240.00982317
GR,2022,05,03,FALSE,1,
HR,2018,04,06,FALSE,1,995625.62
IS,2019,unresolved,01,FALSE,1,
HU,2018,08,01,FALSE,1,168867.01
FI,2017,06,06,FALSE,1,
RO,2022,09,08,FALSE,2,121730.17
GR,2023,06,01,FALSE,3,1332290
HR,2019,09,04,FALSE,1,642040.06
GR,2023,02,04,FALSE,1,91188
CH,2017,04,09,FALSE,1,
UK,2020,09,05,TRUE,1,
NL,2018,08,01,FALSE,3,1183140
PT,2016,07,04,FALSE,1,348000
PL,2019,09,04,FALSE,3,1614890.8
DK,2021,unresolved,03,FALSE,2,1733351.75
SE,2018,02,01,FALSE,1,828597.33
DK,2024,01,09,FALSE,1,
SE,2024,10,04,FALSE,3,
IE,2025,07,04,FALSE,3,1206577.24
SK,2019,01,08,FALSE,1,
LU,2018,04,03,FALSE,1,
LV,2020,02,01,FALSE,1,
ES,2016,08,08,FALSE,1,337107.47
RO,2023,07,05,TRUE,1,9214.61
DE,2016,07,08,FALSE,1,292500.84
NL,2025,03,03,FALSE,1,
PL,2018,07,07,FALSE,2,275493.84
PT,2018,02,03,FALSE,1,217140
LU,2022,09,01,FALSE,1,263193.6
IE,2017,05,05,TRUE,1,77022
SE,2016,01,07,FALSE,1,
LT,2016,06,04,FALSE,1,253162.44
BG,2017,07,10,FALSE,2,102519.69
PL,2018,03,05,TRUE,1,260471.66
LV,2019,02,01,FALSE,2,220800
SI,2023,10,06,FALSE,1,51837.95
BE,2021,02,04,FALSE,2,231472.73
IS,2018,unresolved,none,FALSE,2,22245962.93
MT,2022,01,03,FALSE,1,
BE,2016,09,03,FALSE,1,
DK,2025,05,07,FALSE,2,5756671.19725099
DK,2021,09,06,FALSE,1,6756622.16
SI,2023,unresolved,09,FALSE,1,3118.5
ES,2024,08,03,FALSE,1,268092
DE,2017,08,08,FALSE,1,
SI,2016,01,06,FALSE,1,147226.55
EE,2016,05,04,FALSE,1,13380000
PL,2019,unresolved,09,FALSE,1,344297.75
AT,2018,09,04,FALSE,1,226342.28
RO,2020,10,07,FALSE,1,135726.91
PL,2017,01,05,TRUE,1,1903854.94
MK,2020,01,06,FALSE,2,511724.5
CH,2022,06,06,FALSE,1,689725.83
NO,2019,08,01,FALSE,1,
PL,2025,05,09,FALSE,1,62304.860796045
DE,2022,02,09,FALSE,1,
BG,2023,02,08,FALSE,1,118244.1
LU,2016,10,09,FALSE,1,9686820
IS,2018,01,04,FALSE,1,
UK,2018,04,09,FALSE,1,226062.78
RO,2022,02,09,FALSE,1,73194.91
PL,2022,03,09,FALSE,1,
NO,2016,04,06,FALSE,1,5446784.15
AT,2019,01,08,FALSE,2,
IT,2021,10,01,FALSE,1,1536261.52
NO,2018,04,06,FALSE,1,197968.22
LT,2017,01,04,FALSE,2,76417.62
AT,2016,06,01,FALSE,1,
SK,2022,01,09,FALSE,1,596600
GR,2024,05,01,FALSE,1,4970287
HU,2020,05,05,TRUE,1,248035.57
EE,2023,03,02,FALSE,1,154569.5
NO,2016,02,06,FALSE,1,
BE,2016,09,08,FALSE,1,
DK,2016,06,01,FALSE,1,167893.41
IS,2024,03,02,FALSE,1,827900000
ES,2025,unresolved,08,FALSE,1,
AT,2016,01,06,FALSE,1,
CZ,2019,08,05,TRUE,1,2719349.98
DE,2016,03,07,FALSE,1,
SI,2024,unmapped,none,FALSE,1,4686038.87
IS,2020,06,06,FALSE,1,
BE,2022,10,06,FALSE,1,
HU,2023,09,07,FALSE,2,269109.87
LT,2024,05,09,FALSE,1,67500
SK,2024,05,01,FALSE,1,
NL,2020,03,04,FALSE,1,
GR,2021,03,04,FALSE,1,
PT,2019,10,07,FALSE,1,246000
UK,2022,09,04,FALSE,1,1247736.16
SI,2023,05,01,FALSE,1,8582
PL,2017,03,03,FALSE,1,438149.69
FI,2019,10,04,FALSE,1,
SE,2018,02,08,FALSE,1,584892.23
FR,2025,01,none,FALSE,11645,13971069068.141
BE,2025,01,none,FALSE,1933,5242990206.37
FR,2025,05,none,FALSE,2800,7857694098.1
SI,2024,07,none,FALSE,670,698695278.94
DE,2025,05,none,FALSE,2655,1174160760.64
FR,2025,04,none,FALSE,4649,22246112764.5577
HU,2024,01,none,FALSE,852,2835232667.27606
LT,2024,04,none,FALSE,1495,2415830200.48
SK,2023,03,none,FALSE,180,194389234.47
BG,2025,01,none,FALSE,3644,1641557268.60293
ES,2024,06,none,FALSE,431,1505697853.12
PL,2024,02,none,FALSE,1227,6299641946.90873
SE,2025,01,none,FALSE,3513,6855660327.11659
ES,2024,05,07,FALSE,12,13017232.05
CZ,2024,01,06,FALSE,34,16538296.5532303
FR,2024,08,09,FALSE,136,91806297.43
HU,2025,04,none,FALSE,847,3110862276.43783
BE,2025,09,none,FALSE,465,430580822.75
ES,2025,01,01,FALSE,1044,1263173963.4
AT,2025,07,03,FALSE,1,
IT,2024,10,none,FALSE,379,1439381424.8298
AT,2025,04,none,FALSE,1778,7931103207.74311
DE,2024,01,04,FALSE,1038,486801866.38
CH,2023,03,02,FALSE,12,7557522.89040209
PL,2023,07,none,FALSE,12702,10493991478.7908
IT,2025,08,06,FALSE,137,1003024920.86
SE,2025,03,none,FALSE,219,819301103.239631
IE,2025,04,04,FALSE,9,16972363.76
RO,2023,05,none,FALSE,444,1337552680.0734
FR,2025,02,none,FALSE,428,1943501598.67
IE,2025,01,01,FALSE,64,252113634.1
DE,2024,04,01,FALSE,190,81032029.69
GR,2024,05,none,FALSE,190,729981633.4
IT,2024,03,02,FALSE,9,27597454.29
SI,2024,07,01,FALSE,19,16965171.47
FI,2025,10,none,FALSE,154,935376237.6
PL,2025,04,04,FALSE,597,1326161613.78318
FR,2025,10,none,FALSE,646,572094831.77
AT,2024,06,none,FALSE,293,663701494.53
LI,2024,01,none,FALSE,55,36861985.7665428
CZ,2024,10,none,FALSE,120,173961697.322353
IT,2024,04,01,FALSE,42,218023938.2
DK,2024,08,none,FALSE,85,193707580.62303
HU,2025,01,06,FALSE,5,373256.833012558
FI,2025,05,none,FALSE,186,251045348.18
AT,2024,03,none,FALSE,86,83474394.1
PL,2025,06,05,TRUE,118,79572035.2199915
FI,2023,10,01,FALSE,12,12108015
PL,2017,07,none,FALSE,6932,4098039834.36
BG,2017,01,none,FALSE,1809,502107477.01
HU,2020,07,none,FALSE,611,524383964.56
RO,2018,07,none,FALSE,1764,577091388.2
ES,2019,04,none,FALSE,3426,11250823540.07
PL,2022,07,none,FALSE,10201,7679784903.92
NO,2017,01,none,FALSE,953,1701741418.43
UK,2019,06,none,FALSE,1034,4139362498.08
FR,2019,05,none,FALSE,2779,7271491027.8
DE,2017,01,none,FALSE,7161,4813895392.83
FR,2017,01,none,FALSE,10311,12966473621.43
CZ,2018,07,none,FALSE,2563,1125561588.56
BG,2023,04,none,FALSE,3662,3569406885.19219
FR,2018,unresolved,none,FALSE,4317,5624648881.15
SI,2018,07,none,FALSE,944,317514260.43
DE,2022,07,none,FALSE,5348,1725266896.13
RO,2022,10,none,FALSE,775,115538213.37
FR,2019,08,none,FALSE,1399,6821083903.95
ES,2017,06,none,FALSE,301,552113921.17
IT,2021,05,none,FALSE,1371,3878634431.57
FR,2021,07,none,FALSE,2562,3315002314.24
FR,2022,06,none,FALSE,3415,6177667006.61
LV,2018,07,none,FALSE,401,132110286.16
FR,2022,05,none,FALSE,2818,6211851258.03
DE,2019,06,none,FALSE,1270,1181021756.07
LT,2022,07,none,FALSE,1836,284963953.14
IT,2022,07,none,FALSE,1794,8984431760.35
PL,2016,unresolved,none,FALSE,1775,1985903779.39
LV,2016,07,none,FALSE,203,33865553.02
LT,2022,09,none,FALSE,236,48576179.29
BE,2016,02,none,FALSE,111,80588763.05
CH,2021,01,none,FALSE,1105,2416978166.03
CZ,2023,01,none,FALSE,1850,1992487328.52962
DK,2019,05,none,FALSE,333,651603820.86
PL,2021,01,none,FALSE,1919,2000721638.01
CZ,2023,unresolved,none,FALSE,2212,2559558611.84645
RO,2023,02,none,FALSE,677,2342750577.0168
IT,2020,01,none,FALSE,1743,4496938270.18
BG,2018,03,none,FALSE,332,77511384.61
LU,2022,02,none,FALSE,11,11698718.33
UK,2017,04,none,FALSE,2515,8908308797.47
PL,2017,05,none,FALSE,1458,1698006480.66
SK,2019,unresolved,none,FALSE,360,629201830.01
BE,2018,07,none,FALSE,632,459676937.78
BE,2016,10,none,FALSE,91,121151625.98
DE,2019,05,none,FALSE,1943,1377504807.86
DE,2021,05,none,FALSE,2034,1037169509.13
HR,2016,09,none,FALSE,28,6392585.48
BE,2022,03,none,FALSE,101,38608367.54
BG,2019,03,none,FALSE,337,42552815.96
DK,2020,07,none,FALSE,529,779666570.14
CH,2019,03,none,FALSE,68,78085566.32
SI,2021,07,none,FALSE,1680,569379310.7
FI,2023,unresolved,none,FALSE,549,912425526.4
CZ,2018,03,none,FALSE,484,227315465.38
LT,2022,04,none,FALSE,875,1324385492.01
NL,2022,04,none,FALSE,1052,2429716335.28
GR,2017,01,none,FALSE,333,610204160.17
PL,2017,03,none,FALSE,672,409283277.28
NL,2022,02,none,FALSE,102,59087807.14
FI,2017,02,none,FALSE,67,144315925.32
CH,2023,04,none,FALSE,583,1750090274.52125
FR,2018,08,none,FALSE,1300,7037703454.28
CH,2018,09,none,FALSE,240,324947822.85
NL,2020,07,none,FALSE,370,304527462.71
PL,2017,04,04,FALSE,353,629489262.72
NL,2022,01,04,FALSE,19,10249919.96
UK,2018,07,10,FALSE,1054,7712720944.86
DE,2022,unresolved,01,FALSE,319,93563109.74
EE,2019,06,05,TRUE,6,22262630.54
CZ,2018,03,04,FALSE,337,6927429.59
SE,2018,06,05,TRUE,19,23604286.52
FR,2022,07,01,FALSE,164,22783472.94
PL,2017,07,10,FALSE,111,49922531.78
ES,2022,03,04,FALSE,19,26315783.63
DE,2019,09,01,FALSE,63,32669383.17
LU,2022,03,01,FALSE,1,240302.4
UK,2017,07,10,FALSE,769,5579190721.46
ES,2022,01,01,FALSE,301,318035179.65
DE,2022,09,01,FALSE,107,84694361.63
FR,2017,04,01,FALSE,74,52019385.9
DK,2019,01,none,FALSE,647,2494575268.22
MT,2019,01,none,FALSE,233,137917132.38
FR,2022,10,none,FALSE,583,1596676286.93
AT,2019,10,none,FALSE,86,129540741.79
GR,2022,04,none,FALSE,640,2730417660.86
FR,2017,02,none,FALSE,558,297346302.35
UK,2019,05,none,FALSE,497,3045187990.14
UK,2022,05,none,FALSE,30,1291913283.2
CZ,2016,10,none,FALSE,98,48817867.4
LV,2016,unresolved,none,FALSE,188,130587069
SE,2019,06,none,FALSE,436,1170122075.66
PT,2023,03,none,FALSE,75,72876601.63
AT,2016,05,none,FALSE,64,54552538.2
LV,2019,04,none,FALSE,565,710037425.67
SE,2016,05,none,FALSE,320,76547263.73
LT,2021,08,none,FALSE,52,31983194.29
BG,2021,10,none,FALSE,152,23767849.82
LU,2023,01,none,FALSE,300,800683626.73
CH,2020,unresolved,none,FALSE,324,2207584837.52
SK,2022,01,none,FALSE,335,186328609.71
PL,2020,08,none,FALSE,287,398167475.79
SE,2023,06,none,FALSE,571,1738391719.87523
EE,2021,07,none,FALSE,515,77717847.18
AT,2019,01,none,FALSE,463,493390463.35
SE,2021,02,none,FALSE,80,1188547490.37
FI,2023,09,none,FALSE,307,187836304.71
IE,2018,04,none,FALSE,257,487676301.28
DK,2019,unresolved,none,FALSE,203,378146008.44
LT,2016,10,none,FALSE,29,35826718.9
ES,2016,10,none,FALSE,244,741854653.99
SI,2017,06,none,FALSE,51,17281412.9
PL,2022,10,none,FALSE,79,72605628.22
NO,2022,07,none,FALSE,493,1041001018.74
SE,2018,unresolved,none,FALSE,147,259078456.78
AT,2022,08,none,FALSE,100,92928833.82
AT,2021,09,none,FALSE,412,792391661.7
NL,2016,02,none,FALSE,168,84003094.15
PT,2019,unresolved,none,FALSE,279,298106635.23
IE,2017,07,none,FALSE,105,89611868.11
HU,2019,09,none,FALSE,214,150627976.51
CH,2021,10,none,FALSE,48,74193551.09
NL,2021,05,01,FALSE,5,5097500
FR,2016,unresolved,03,FALSE,36,12621498.59
NL,2021,01,01,FALSE,155,205561991.89
DE,2020,08,09,FALSE,62,13170818.58
FI,2019,07,03,FALSE,1,311420
BG,2019,unresolved,01,FALSE,74,29519397.34
HU,2019,04,01,FALSE,14,28494553.04
BG,2020,02,03,FALSE,17,3838916.28
BE,2020,07,10,FALSE,8,10556400
NO,2020,04,05,TRUE,16,48709292.33
FR,2018,05,04,FALSE,76,402238271.96
FR,2020,06,07,FALSE,20,3611749.14
SE,2018,04,04,FALSE,15,7340397.54
GR,2020,04,07,FALSE,7,7077935.5
IT,2022,01,01,FALSE,92,712083208.76
IE,2020,06,04,FALSE,2,4106550
CZ,2023,09,08,FALSE,17,1969405.01445522
RO,2023,07,04,FALSE,11,3141800.76622931
DE,2022,03,01,FALSE,56,12974704.28
CZ,2021,02,03,FALSE,27,11528363.88
BG,2023,04,03,FALSE,34,1808740.63392167
SK,2016,unresolved,01,FALSE,20,18174819.43
FR,2017,01,03,FALSE,95,34169259.72
LT,2020,08,09,FALSE,11,1217088.51
BE,2019,07,03,FALSE,1,
HR,2016,01,01,FALSE,18,3707116.13
SI,2019,05,01,FALSE,2,43034.4
BG,2021,04,05,TRUE,57,56428180.78
CH,2018,06,05,TRUE,4,2853658.35
DE,2017,04,01,FALSE,73,24214062.99
PL,2019,08,06,FALSE,200,69445671.25
ES,2022,09,06,FALSE,3,473284.62
FI,2019,02,02,FALSE,1,
IE,2017,09,04,FALSE,5,2519262.5
FR,2021,09,08,FALSE,2,219233.39
UK,2017,06,01,FALSE,25,24807783.36
CZ,2022,01,08,FALSE,15,2200681.32
CZ,2019,01,04,FALSE,57,7298265.51
DE,2021,02,03,FALSE,70,4780748.22
BG,2017,unresolved,04,FALSE,18,616343.04
DE,2023,05,04,FALSE,106,91017159.32
UK,2021,07,10,FALSE,216,3124275473.19
CH,2018,09,10,FALSE,9,3756767.63
FR,2019,05,04,FALSE,99,875536448.37
CZ,2019,09,01,FALSE,70,11995995.45
FR,2023,04,04,FALSE,97,107181983.1
HU,2020,04,06,FALSE,5,580125.97
CZ,2022,07,04,FALSE,25,12938812.33
DE,2016,08,05,TRUE,18,2213740.52
CZ,2020,03,01,FALSE,58,91845306.76
FI,2022,07,03,FALSE,3,952699
PT,2019,04,03,FALSE,2,628284.89
UK,2018,01,03,FALSE,10,3628021.33
PL,2016,04,04,FALSE,316,545098907.63
DE,2021,08,05,TRUE,14,3774521.96
PL,2017,09,01,FALSE,67,32789082.19
DE,2017,07,04,FALSE,180,105836958.48
SK,2023,09,04,FALSE,2,
ES,2022,09,08,FALSE,7,3095714.93
FI,2018,unresolved,04,FALSE,5,8331439
EE,2022,01,01,FALSE,23,2818190.5
SI,2017,02,04,FALSE,1,217705
GR,2016,07,04,FALSE,1,193405
FR,2021,04,03,FALSE,21,16518705.74
IT,2021,06,05,TRUE,49,172371418.26
ES,2020,01,04,FALSE,106,59638314.49
IT,2017,04,04,FALSE,34,60296274.88
FR,2022,01,04,FALSE,246,178344138.92
BG,2019,01,04,FALSE,11,1266364.35
RO,2018,04,04,FALSE,21,11270336.94
DE,2019,01,01,FALSE,253,70130374.75
CZ,2021,unresolved,03,FALSE,4,
LT,2022,07,04,FALSE,13,966720.9
PL,2018,01,01,FALSE,267,117534350.87
DE,2016,05,04,FALSE,47,17797075.05
SE,2016,04,05,TRUE,26,211217.78
PL,2023,08,09,FALSE,34,6859098.77108247
SI,2023,09,none,FALSE,264,128687065.75
SI,2023,03,none,FALSE,69,27906616.03
PL,2024,unresolved,none,FALSE,252,555778334.79938
PL,2020,06,05,TRUE,148,126584865.42
FR,2020,01,01,FALSE,240,1061245683.02
SE,2019,06,04,FALSE,27,19933729.12
UK,2016,01,03,FALSE,13,2967709.54
AT,2017,03,02,FALSE,4,1253956.4
FR,2021,08,08,FALSE,1,159223
PL,2018,unresolved,04,FALSE,39,13349040.35
DK,2018,01,01,FALSE,11,4259647.34
RO,2022,01,04,FALSE,38,107499721.05
CZ,2023,01,01,FALSE,121,130950974.040295
FI,2020,04,01,FALSE,10,5298806
GR,2023,04,03,FALSE,7,19239668.94
LV,2023,03,01,FALSE,6,4643351.61
PL,2021,01,01,FALSE,206,88285490.38
IT,2022,07,10,FALSE,20,79157398.45
CZ,2019,04,01,FALSE,62,35565944.98
PL,2023,04,03,FALSE,16,10536220.341537
RO,2023,09,06,FALSE,1,388921.307338797
PL,2024,04,06,FALSE,7,43653970.2634339
FR,2024,unresolved,01,FALSE,9,147931225.2
FI,2023,08,none,FALSE,76,94046118
GR,2025,08,none,FALSE,117,145885150.59
AT,2024,01,01,FALSE,30,29680126.76
PL,2025,04,07,FALSE,5,6024416.72595931
IE,2025,05,none,FALSE,207,331028715.83
HR,2024,10,07,FALSE,7,64876149.81
PL,2025,08,01,FALSE,3,844657.312273156
SE,2025,01,04,FALSE,72,47110938.1452731
LT,2025,06,none,FALSE,106,81551172.1
DE,2025,05,05,TRUE,51,27351337.02
SI,2025,05,none,FALSE,209,140506898.630071
DK,2024,02,none,FALSE,80,453643898.073448
SE,2025,07,01,FALSE,33,83208696.0966125
IT,2025,08,09,FALSE,18,2493637.01
BG,2024,02,none,FALSE,105,98672631.3273341
MT,2024,06,none,FALSE,59,95971234.83
MT,2025,09,09,FALSE,10,
HU,2025,04,05,TRUE,30,54420636.2089133
IT,2018,09,04,FALSE,3,11778865.87
NO,2023,01,09,FALSE,3,16993568.157385
HR,2016,unresolved,none,FALSE,177,64476917.89
LT,2022,unresolved,01,FALSE,41,15956834.54
LV,2017,01,none,FALSE,171,128530565.11
FI,2022,10,04,FALSE,2,1013560
CH,2022,04,04,FALSE,22,
AT,2022,05,none,FALSE,129,74717236.54
LU,2019,05,none,FALSE,29,35120077.19
MK,2020,07,none,FALSE,38,11948500.7
ES,2018,08,09,FALSE,10,3131301.34
BG,2020,01,01,FALSE,13,997292.43
IS,2024,07,none,FALSE,18,19222700.241225
ES,2025,08,08,FALSE,5,117948619.71
NO,2025,04,05,TRUE,8,204047636.240333
CZ,2025,04,03,FALSE,18,19704913.0495644
DE,2017,09,06,FALSE,28,12325713.81
ES,2020,03,02,FALSE,13,6710806.7
ES,2019,05,06,FALSE,16,7963806.18
DK,2019,04,01,FALSE,15,5053376.51
BE,2019,01,01,FALSE,45,31075837.7
PL,2019,05,04,FALSE,24,5398082.92
IS,2024,04,none,FALSE,46,556527994.872075
RO,2024,09,05,TRUE,1,589692.307846931
EE,2024,05,none,FALSE,61,67516410.14
ES,2024,04,05,TRUE,105,257220294.58
PT,2022,09,01,FALSE,11,3983551.43
DE,2016,04,03,FALSE,22,2985479.97
DE,2021,02,01,FALSE,17,
PT,2020,unresolved,04,FALSE,11,5537279.17
BE,2019,05,05,TRUE,7,
DE,2016,unresolved,09,FALSE,2,
UK,2019,04,04,FALSE,22,168452375.53
ES,2019,09,01,FALSE,43,19145825.36
CZ,2020,05,01,FALSE,12,6997508.89
BG,2016,04,06,FALSE,4,1182321.41
FR,2022,10,08,FALSE,13,2920813.5
AT,2020,01,08,FALSE,3,99500
NL,2021,02,01,FALSE,2,990000
UK,2021,03,none,FALSE,133,1975428878.34
FR,2021,08,01,FALSE,8,3848717.5
SK,2023,07,07,FALSE,2,1359385.82
SE,2021,07,06,FALSE,1,295668.46
SE,2018,01,08,FALSE,15,6010745.84
ES,2019,06,01,FALSE,11,4692742.39
CZ,2019,03,03,FALSE,5,3619533.44
IT,2019,08,05,TRUE,26,13540824.97
LT,2022,07,05,TRUE,2,338309.46
ES,2023,01,08,FALSE,36,538146555.33
CZ,2019,07,07,FALSE,11,1213843.63
BE,2019,07,01,FALSE,32,23728668.12
DK,2020,07,04,FALSE,7,3922491.22
PL,2018,unresolved,08,FALSE,13,3318432.03
SE,2022,unresolved,04,FALSE,6,2309535.01
DE,2018,02,04,FALSE,22,6308413.3
HU,2017,09,06,FALSE,2,4377296.16
SE,2019,08,06,FALSE,10,9472406.54
AT,2016,06,05,TRUE,2,941155.83
ES,2021,08,05,TRUE,8,5247591.17
UK,2021,04,05,TRUE,26,49712241.95
CZ,2022,10,05,TRUE,5,955530.82
ES,2017,08,05,TRUE,8,6747626.61
NL,2019,10,10,FALSE,10,4e+06
NL,2024,04,05,TRUE,50,34931623.82
NO,2023,07,09,FALSE,5,2464712.06
LT,2019,08,09,FALSE,12,1358965.4
UK,2019,02,04,FALSE,5,40605746.49
LT,2018,07,09,FALSE,3,1560000
CH,2021,unresolved,none,FALSE,329,3750713020.37
PT,2019,05,none,FALSE,264,384611021.77
MK,2018,07,none,FALSE,146,11499258.12
NL,2023,unresolved,none,FALSE,368,871815310.05
SI,2018,05,none,FALSE,271,93923437.42
EE,2017,unresolved,none,FALSE,116,37505588.49
HR,2017,01,none,FALSE,268,249220373.29
GR,2020,10,none,FALSE,13,8695417.7
BE,2017,02,none,FALSE,91,381598041.74
NL,2018,unresolved,none,FALSE,318,240740278.88
GR,2020,09,none,FALSE,296,127659389.87
DK,2023,09,none,FALSE,223,469759238.85537
HR,2022,03,none,FALSE,105,34581568.44
AT,2016,06,none,FALSE,127,32226944.58
BG,2019,10,none,FALSE,61,15974053.27
LI,2020,01,none,FALSE,36,21632614.53
CH,2017,03,none,FALSE,71,47478888.18
MK,2017,unresolved,none,FALSE,37,7223741.77
AT,2022,03,none,FALSE,62,48995292.91
MK,2016,unresolved,none,FALSE,67,95019228.35
NO,2016,05,none,FALSE,129,146973167.45
BE,2018,06,none,FALSE,155,410522686.07
GR,2021,08,none,FALSE,96,59215235.09
NL,2016,07,none,FALSE,226,34298707
FI,2020,06,none,FALSE,197,703944824.46
EE,2020,unresolved,none,FALSE,198,53422448.68
MK,2019,07,none,FALSE,110,70805702.28
MK,2018,05,none,FALSE,22,1580335.28
FR,2023,01,01,FALSE,273,529740175.27
FR,2020,unresolved,04,FALSE,87,93147122.73
DE,2020,03,06,FALSE,1,
IE,2020,10,01,FALSE,9,5571230
PT,2020,04,05,TRUE,24,54670201.46
AT,2016,unresolved,04,FALSE,19,15746736.16
AT,2019,02,none,FALSE,20,14864404.6
BE,2022,07,01,FALSE,32,59728758.24
NL,2023,05,06,FALSE,4,392000
RO,2018,01,01,FALSE,21,4442522.94
HR,2016,04,01,FALSE,23,8267476.61
FR,2023,10,04,FALSE,14,9704491.56
RO,2022,10,07,FALSE,11,310041.95
IS,2023,06,none,FALSE,7,1501649.33
ES,2021,01,06,FALSE,42,19772908.63
FR,2017,05,04,FALSE,76,252093969.25
PL,2017,01,04,FALSE,14,3139111.43
GR,2021,08,01,FALSE,2,373050
EE,2019,08,none,FALSE,36,30940673.18
MK,2023,04,none,FALSE,78,28785293.24
LT,2016,04,01,FALSE,36,13820777.5
DK,2016,01,01,FALSE,11,13418194.89
CH,2022,09,04,FALSE,5,4551608.59
RO,2023,09,04,FALSE,4,195854.25
LV,2022,02,03,FALSE,21,34113223.8
IS,2022,01,none,FALSE,96,162044225.88
NO,2020,unresolved,09,FALSE,1,
CH,2016,unresolved,01,FALSE,77,5044352.99
SI,2021,08,none,FALSE,86,15749448.14
SE,2020,unresolved,none,FALSE,154,238826037.42
DE,2020,09,01,FALSE,71,46282255.36
CZ,2023,10,04,FALSE,1,176944.79
BG,2020,unresolved,03,FALSE,7,613960.27
CH,2023,08,none,FALSE,90,102247862.038389
LU,2023,10,none,FALSE,7,2726383.3
SK,2018,05,none,FALSE,87,71267138.82
CZ,2025,04,07,FALSE,5,1273158.93420943
FR,2024,08,01,FALSE,17,7165009
DE,2024,10,08,FALSE,2,
BG,2024,01,09,FALSE,3,2167754.42274261
GR,2025,10,none,FALSE,20,22288836.4
MT,2025,05,none,FALSE,92,593149100.31
MT,2024,05,none,FALSE,56,36790041.26
LV,2024,04,01,FALSE,16,11621726.58
CZ,2024,09,04,FALSE,9,17338036.0145889
UK,2024,07,10,FALSE,3,25521014.2408749
LV,2025,08,09,FALSE,12,310438.9
IT,2025,04,09,FALSE,1,1639344.26
NL,2025,10,10,FALSE,12,
PT,2025,02,01,FALSE,4,12080350.75
FI,2025,unresolved,none,FALSE,34,152548797.571429
LT,2024,06,06,FALSE,3,331944.1
UK,2023,07,none,FALSE,29,870641319.506315
LT,2020,06,none,FALSE,53,15657537.41
FI,2020,03,none,FALSE,63,68618873
IS,2021,08,none,FALSE,1,313230.1
IS,2019,04,none,FALSE,40,69611541.01
MT,2024,01,01,FALSE,10,150311062.07
ES,2025,08,09,FALSE,40,16583353.47
CH,2024,01,06,FALSE,9,2990166.18006573
PL,2025,05,04,FALSE,41,129625466.418045
SE,2025,unresolved,none,FALSE,11,18408305.2589206
HR,2025,02,03,FALSE,5,27346855.96
CH,2024,06,04,FALSE,13,12776959.6991007
DE,2024,06,08,FALSE,2,
NL,2018,07,01,FALSE,17,14822846.39
RO,2022,07,04,FALSE,23,4970687.43
BE,2019,01,08,FALSE,4,121843002
PT,2016,01,04,FALSE,10,4233855.22
FR,2019,02,01,FALSE,20,104377029.66
PL,2016,01,08,FALSE,7,1314968.81
CH,2022,01,01,FALSE,18,33257934.54
RO,2023,06,06,FALSE,22,16605745.9048286
UK,2017,unresolved,01,FALSE,30,26757952.66
BG,2016,01,06,FALSE,3,102579.81
RO,2023,07,01,FALSE,21,26569152.170499
IT,2021,04,03,FALSE,11,3064878.74
UK,2017,03,04,FALSE,5,3490632.92
PL,2018,02,01,FALSE,17,10311124.13
IE,2023,08,09,FALSE,4,733519
IT,2016,08,05,TRUE,15,14238762.55
PL,2017,02,04,FALSE,13,15525869.34
DE,2017,03,05,TRUE,2,266886.39
SE,2017,10,01,FALSE,5,674616765.78
AT,2022,07,04,FALSE,10,18446624.42
SK,2016,09,01,FALSE,1,299880
LV,2017,04,05,TRUE,11,3198467.94
BE,2020,10,01,FALSE,5,974669.52
RO,2022,unresolved,03,FALSE,2,1094970.84
HU,2017,02,01,FALSE,2,6237265.11
BG,2022,10,04,FALSE,7,697924.13
IS,2020,09,none,FALSE,5,3288368.3
BG,2023,04,01,FALSE,16,11634760.8771439
RO,2017,08,none,FALSE,58,22825208.17
LI,2022,08,none,FALSE,5,751641.61
ES,2023,03,07,FALSE,1,10414249.98
CH,2023,01,03,FALSE,4,816202.05
IT,2018,10,10,FALSE,6,5996952.85
FR,2023,07,05,TRUE,6,1587732.16
FR,2023,05,06,FALSE,18,24916277.43
BG,2024,04,03,FALSE,15,4863248.28714592
CZ,2024,04,06,FALSE,12,66470908.356934
DE,2025,06,03,FALSE,2,145914.5
CY,2024,unresolved,04,FALSE,2,342890
ES,2024,01,06,FALSE,33,13853199.24
CY,2024,05,none,FALSE,35,45479781.66
LT,2024,03,03,FALSE,3,12512802.44
SE,2025,07,04,FALSE,16,17027306.4407113
CZ,2024,06,04,FALSE,12,2716066.75062201
SK,2024,01,04,FALSE,9,3458804.4
NL,2017,03,02,FALSE,22,5580679.25
HR,2021,04,01,FALSE,26,28896302.23
DK,2018,07,10,FALSE,9,10653699.9
UK,2021,10,09,FALSE,4,581665.89
SK,2017,08,none,FALSE,13,1812258.43
LT,2025,01,09,FALSE,5,158644.14
NL,2018,05,08,FALSE,3,3935400
SE,2016,02,06,FALSE,1,
CH,2016,10,06,FALSE,1,
FR,2022,05,05,TRUE,9,256834106
RO,2017,01,04,FALSE,5,479012.01
FR,2019,07,04,FALSE,36,12847159.25
FI,2018,09,01,FALSE,10,3869788
HU,2019,04,05,TRUE,26,153290157.09
LV,2020,02,04,FALSE,2,
CZ,2023,05,05,TRUE,24,15717333.4996067
EE,2021,02,01,FALSE,4,
LV,2017,03,02,FALSE,7,1721492.36
IT,2017,unresolved,04,FALSE,7,6195867.89
CZ,2019,07,04,FALSE,15,1730609.68
DE,2018,09,09,FALSE,3,925464.53
LT,2023,06,04,FALSE,8,3140410
SE,2019,09,03,FALSE,5,874342.49
PL,2022,02,01,FALSE,25,15344162.78
FI,2022,unresolved,05,TRUE,8,4278070
ES,2017,03,07,FALSE,5,34355290
HU,2019,03,04,FALSE,3,536553.03
CY,2022,09,01,FALSE,1,622951
BE,2025,03,01,FALSE,3,185888.69
SE,2023,05,05,TRUE,3,
IT,2023,01,06,FALSE,2,540317.47
HR,2023,05,07,FALSE,4,847509.76
PT,2024,09,06,FALSE,10,108043447.87
LT,2025,05,04,FALSE,15,23144996.91
PL,2023,unresolved,06,FALSE,8,3432958.29885733
IT,2023,03,01,FALSE,8,8374933
NL,2023,unresolved,04,FALSE,7,3300000
BG,2023,05,07,FALSE,11,922620.563228346
RO,2017,01,08,FALSE,15,2974848.07
GR,2018,07,04,FALSE,4,361646.73
LU,2022,08,none,FALSE,7,10796472.58
HU,2024,06,04,FALSE,3,2861210.53347452
DK,2022,04,05,TRUE,10,3344730.23
PT,2018,06,05,TRUE,8,3355707.16
SI,2025,05,01,FALSE,8,2418109.6
NL,2024,unresolved,08,FALSE,1,
NL,2021,02,03,FALSE,4,25388967.74
ES,2016,08,09,FALSE,11,2307445.19
RO,2020,04,03,FALSE,5,3468761.28
ES,2017,10,10,FALSE,6,9030929.87
HU,2018,04,06,FALSE,3,1485738.43
IT,2020,04,08,FALSE,1,14618184.56
GR,2022,01,04,FALSE,6,3099161.99
PL,2024,05,04,FALSE,35,106084628.493286
UK,2019,08,01,FALSE,6,9647720.7
BE,2017,01,04,FALSE,10,107728878.46
CZ,2021,07,04,FALSE,21,6609614.2
NO,2019,04,04,FALSE,10,2741470.49
GR,2017,07,07,FALSE,1,216158.12
CZ,2017,09,09,FALSE,2,151891.44
BE,2020,04,01,FALSE,3,2993045.98
BG,2022,01,06,FALSE,3,118785.15
LI,2018,01,none,FALSE,8,5348402.57
GR,2017,08,none,FALSE,14,855158.06
DK,2018,02,03,FALSE,7,4091860.31
ES,2017,unresolved,04,FALSE,21,28729480.05
SK,2021,04,07,FALSE,2,
UK,2020,03,02,FALSE,8,1832159.51
CZ,2022,05,01,FALSE,6,1461429.01
PL,2017,05,04,FALSE,10,3576843.48
ES,2018,07,04,FALSE,9,3421349.25
PL,2023,05,06,FALSE,3,2129679.91181619
UK,2017,01,03,FALSE,10,1379276.13
FI,2017,08,06,FALSE,7,2770253
RO,2021,09,04,FALSE,3,78629.49
CZ,2017,09,08,FALSE,11,990512.53
NO,2022,03,08,FALSE,39,1404797.96
PT,2025,01,05,TRUE,12,9783739.66
ES,2025,06,01,FALSE,16,12887918.74
HR,2025,07,04,FALSE,2,961121.4
MT,2025,01,08,FALSE,1,170000
FR,2020,03,04,FALSE,10,3496252.65
MT,2017,01,03,FALSE,3,92540
HR,2019,08,none,FALSE,43,30519502.85
NL,2021,03,01,FALSE,17,3322300.9
GR,2018,09,01,FALSE,9,1458905.36
NL,2016,10,10,FALSE,12,2706000
LT,2019,01,04,FALSE,7,4729876.51
IT,2018,unresolved,08,FALSE,1,398345.87
DE,2022,04,07,FALSE,9,7872280
BE,2016,04,03,FALSE,3,7900000
DK,2023,unresolved,01,FALSE,16,581917026.935055
SE,2016,02,03,FALSE,3,
PT,2019,05,07,FALSE,8,2823585.43
PL,2023,02,06,FALSE,1,60488.83
BE,2017,02,01,FALSE,6,2247791.11
FR,2021,06,07,FALSE,15,3921953.07
FR,2021,06,03,FALSE,7,35821
PL,2018,04,03,FALSE,16,9401448.95
GR,2023,01,05,TRUE,20,7898674
NO,2018,02,01,FALSE,5,1701484.76
AT,2022,08,01,FALSE,1,
RO,2020,05,05,TRUE,1,7800000
SI,2023,06,04,FALSE,5,4327290.85
BG,2025,07,01,FALSE,11,1977405.33796912
LT,2025,05,05,TRUE,2,389500
PT,2024,09,10,FALSE,3,551780.9
AT,2025,10,01,FALSE,13,9097288.21
IE,2024,10,06,FALSE,7,73904725.25
ES,2024,05,06,FALSE,16,13756308.05
GR,2025,02,03,FALSE,2,3346988.66
IT,2019,03,06,FALSE,1,295483.32
CH,2019,06,04,FALSE,4,3507050.56
LV,2020,01,08,FALSE,7,504900
CZ,2018,04,08,FALSE,1,85351.11
UK,2016,02,04,FALSE,8,179591054.07
FR,2017,02,01,FALSE,6,2929700
NO,2016,01,09,FALSE,2,
FR,2021,02,01,FALSE,8,5459995.54
AT,2018,07,10,FALSE,14,64896907
UK,2023,07,10,FALSE,26,143196209.265472
PL,2019,02,02,FALSE,9,57661909.49
SI,2020,08,09,FALSE,8,908794.92
EE,2020,06,04,FALSE,7,3178654.27
SE,2019,05,06,FALSE,6,8349486.99
NL,2022,10,09,FALSE,2,
FR,2018,03,01,FALSE,11,20657874.44
SE,2020,02,03,FALSE,6,30616000
MT,2025,03,none,FALSE,26,20258227.62
FR,2024,unresolved,08,FALSE,2,595597
MT,2025,10,none,FALSE,9,6411186.1
FI,2016,unresolved,08,FALSE,5,9487047
SI,2017,unresolved,01,FALSE,13,1172810.11
BE,2018,03,07,FALSE,2,123600
EE,2019,09,04,FALSE,2,1478260
HR,2016,08,none,FALSE,15,1435618.48
GR,2021,unresolved,01,FALSE,10,31225309.95
CY,2019,04,05,TRUE,2,269370
FR,2019,10,03,FALSE,1,
ES,2022,07,05,TRUE,11,2925120.59
DK,2016,unresolved,04,FALSE,3,
IE,2023,02,01,FALSE,1,
HU,2022,unresolved,04,FALSE,12,13400263.05
PT,2017,07,10,FALSE,3,708513.24
DE,2021,unresolved,09,FALSE,12,1272486.78
PT,2020,07,01,FALSE,6,1524212.6
LU,2025,07,04,FALSE,3,52139250.82
NL,2019,08,01,FALSE,4,1031520
GR,2021,02,04,FALSE,3,
PL,2016,unresolved,08,FALSE,10,730079.96
HR,2017,04,03,FALSE,3,1050532.57
GR,2019,01,01,FALSE,10,16558575.86
CH,2019,07,04,FALSE,6,7811434.25
UK,2016,04,01,FALSE,17,35365372.55
LV,2022,07,01,FALSE,6,1758967.93
PT,2025,07,05,TRUE,2,1260000
SK,2022,01,08,FALSE,2,
IS,2019,05,none,FALSE,3,548998.08
SE,2017,08,09,FALSE,19,8885114.58
SK,2023,08,01,FALSE,2,425586
LT,2021,07,01,FALSE,27,3022986.3
NL,2016,05,04,FALSE,18,6911860
LV,2019,05,07,FALSE,1,
AT,2023,04,03,FALSE,5,68208
LU,2018,09,01,FALSE,1,1768619
NO,2016,unresolved,03,FALSE,1,
RO,2023,03,04,FALSE,25,47658814.7806932
PL,2018,unresolved,03,FALSE,7,1806049.33
DE,2025,05,07,FALSE,10,1773272
MK,2025,06,none,FALSE,2,2385896.35
BG,2025,05,06,FALSE,2,23141287.074343
CZ,2016,04,01,FALSE,26,18550370.08
BE,2023,unresolved,08,FALSE,1,
UK,2020,07,04,FALSE,9,6183996.62
CY,2018,05,04,FALSE,1,327249.47
CZ,2023,08,01,FALSE,4,491518.36
SI,2018,07,04,FALSE,6,1210206.66
DE,2022,09,03,FALSE,4,1426402.92
MT,2021,05,05,TRUE,1,
DK,2018,01,08,FALSE,1,181130.25
BG,2020,03,01,FALSE,5,1827032.02
NO,2016,01,04,FALSE,21,617292.1
SE,2016,08,01,FALSE,1,211217.78
FR,2025,04,09,FALSE,4,
DE,2024,03,08,FALSE,1,286790
RO,2024,08,05,TRUE,2,273367.005730032
HU,2024,08,01,FALSE,5,1032453.17698477
NL,2023,04,09,FALSE,4,1600000
MT,2025,05,04,FALSE,2,1394543
NO,2024,05,03,FALSE,1,383151.386092712
DK,2021,01,04,FALSE,5,10420868.63
UK,2020,06,03,FALSE,3,224907272.12
IT,2018,08,05,TRUE,22,19444284.14
SE,2020,08,05,TRUE,13,19054219.45
NO,2023,09,04,FALSE,5,4973519.77462543
DK,2025,04,05,TRUE,9,17547904.657651
ES,2025,10,01,FALSE,11,15402036.02
NL,2024,08,04,FALSE,1,5e+06
IT,2025,06,01,FALSE,7,18706145.38
CZ,2023,02,01,FALSE,15,12687658.1015346
CZ,2023,02,05,TRUE,1,298943.66
SE,2022,04,03,FALSE,2,
HR,2021,05,04,FALSE,2,
MK,2019,03,02,FALSE,7,334019.09
NL,2022,04,01,FALSE,6,8677454.37
SI,2016,02,03,FALSE,4,922900.48
LU,2018,05,05,TRUE,1,115000
SE,2018,07,08,FALSE,1,
AT,2017,09,01,FALSE,3,630355.68
SE,2021,09,10,FALSE,3,2774257.13
SK,2023,03,07,FALSE,2,1494547
CY,2018,09,09,FALSE,1,102115
DE,2017,03,03,FALSE,4,4262536.98
AT,2019,01,01,FALSE,8,5141756.75
LV,2018,05,04,FALSE,2,2e+05
BE,2019,09,01,FALSE,4,720000
NO,2020,unresolved,04,FALSE,3,1130059.6
CY,2020,09,01,FALSE,1,1052315
FR,2021,02,07,FALSE,3,120255.8
DK,2019,05,05,TRUE,2,865237.54
GR,2021,07,01,FALSE,2,192410
GR,2022,10,08,FALSE,1,13080436.37
FR,2019,08,05,TRUE,11,8342382.47
SI,2020,01,02,FALSE,1,
NO,2017,01,09,FALSE,1,
CH,2022,03,06,FALSE,1,745797.33
IT,2023,01,05,TRUE,12,28052813.95
BE,2024,07,09,FALSE,4,10063180
FR,2021,07,03,FALSE,4,500035.46
ES,2016,03,04,FALSE,5,3236857.6
LV,2022,unresolved,04,FALSE,3,229932.3
CZ,2022,09,09,FALSE,10,420936.36
UK,2017,01,06,FALSE,2,2620997.64
NL,2022,09,05,TRUE,1,180000
GR,2021,08,05,TRUE,6,1720940.73
FI,2022,03,02,FALSE,3,341185
CH,2022,unresolved,01,FALSE,7,2615131.09
DE,2023,09,03,FALSE,2,1247933
UK,2021,06,01,FALSE,6,1649289.2
LV,2023,01,03,FALSE,7,3876904.6
EE,2021,04,05,TRUE,11,535598
CZ,2022,04,09,FALSE,8,272035.88
HU,2019,07,04,FALSE,2,184292.82
NL,2017,07,04,FALSE,5,750000
SE,2019,03,03,FALSE,3,131873.82
BE,2016,09,01,FALSE,2,
ES,2019,09,08,FALSE,6,3659178.33
BG,2020,01,07,FALSE,3,494174.59
RO,2023,04,06,FALSE,4,552841.14
CZ,2022,unresolved,05,TRUE,7,6191003.38
LV,2023,02,06,FALSE,4,278965
DK,2022,09,01,FALSE,3,98973.11
SE,2020,06,08,FALSE,2,190752.33
GR,2016,06,04,FALSE,2,1948548.82
BG,2024,unresolved,01,FALSE,4,520872.788628694
CH,2025,06,04,FALSE,7,8522434.74775238
DK,2024,05,07,FALSE,1,522909.034259161
MT,2021,10,none,FALSE,1,578982
GR,2025,07,01,FALSE,8,12933536.99
CZ,2025,02,05,TRUE,2,84807.9547597311
IS,2019,04,01,FALSE,2,3932224
AT,2025,01,05,TRUE,3,1362832.46
CZ,2016,06,04,FALSE,5,3631437.74
HU,2021,unresolved,08,FALSE,9,47180224.22
EE,2022,01,04,FALSE,1,
FR,2016,02,01,FALSE,8,5586581.21
DE,2019,09,06,FALSE,4,8921892.06
DE,2017,02,02,FALSE,3,693000
EE,2019,09,01,FALSE,17,869457.3
NL,2018,05,05,TRUE,3,1394520
RO,2021,01,08,FALSE,6,898558.97
NL,2020,09,08,FALSE,2,
PL,2019,05,09,FALSE,2,258577.91
SE,2018,10,10,FALSE,3,292446.12
ES,2025,06,06,FALSE,2,6129092.12
GR,2025,06,04,FALSE,7,14532208.25
SK,2023,01,03,FALSE,3,1199530.49
PL,2020,07,05,TRUE,5,614438.97
MK,2016,01,04,FALSE,3,319389.96
LT,2021,03,01,FALSE,9,951986.23
FI,2023,01,09,FALSE,2,
SE,2021,03,01,FALSE,5,22514364.56
HU,2020,03,04,FALSE,1,
DK,2016,08,05,TRUE,2,16728550.88
HR,2022,05,04,FALSE,5,3099887.12
LV,2018,01,03,FALSE,1,
SI,2018,05,04,FALSE,7,408366.67
SK,2018,09,01,FALSE,5,2304643.6
BE,2024,01,06,FALSE,4,2073012.01
BG,2017,04,03,FALSE,6,2219065.82
LV,2017,06,06,FALSE,1,159000
BE,2020,07,08,FALSE,1,
GR,2018,05,04,FALSE,6,8508299.15
MT,2020,05,04,FALSE,1,2268823.95
SK,2020,01,04,FALSE,5,289940
LT,2020,03,03,FALSE,4,3257513
SK,2022,08,09,FALSE,4,1288353.16
PL,2016,09,09,FALSE,3,
NO,2025,03,01,FALSE,3,1637893.73636334
LV,2024,06,07,FALSE,1,270000
IE,2025,05,04,FALSE,3,952000
BE,2025,06,04,FALSE,9,663837
ES,2025,07,05,TRUE,3,211204.69
BE,2023,04,06,FALSE,3,27649973.79
IT,2022,09,03,FALSE,2,879586.9
FI,2023,04,07,FALSE,2,2700000
HU,2016,09,01,FALSE,2,1029996.15
HR,2022,05,05,TRUE,1,305132.48
RO,2017,unresolved,03,FALSE,2,311053.9
HU,2020,08,01,FALSE,2,56733.1
CH,2024,03,04,FALSE,2,601991.541664796
IT,2017,07,07,FALSE,3,56255375.35
IT,2021,09,03,FALSE,2,484443.76
NL,2020,unresolved,06,FALSE,1,
HU,2021,unresolved,03,FALSE,2,487873.91
PT,2016,03,02,FALSE,2,622327.12
FR,2025,07,09,FALSE,6,
ES,2024,02,04,FALSE,10,15945109.07
CH,2025,08,06,FALSE,2,2378333.26169996
DK,2025,10,10,FALSE,2,938054.043594939
CH,2025,05,03,FALSE,1,1961558.84912738
IS,2019,06,04,FALSE,2,1223376.78
HU,2016,06,04,FALSE,1,1926534.81
FI,2018,02,01,FALSE,3,1568800
BE,2018,03,01,FALSE,3,1841293.23
UK,2017,09,08,FALSE,1,
GR,2020,10,08,FALSE,2,9336917.9
SI,2019,02,01,FALSE,5,1661499.1
CZ,2022,02,09,FALSE,1,152106.08
DE,2018,10,09,FALSE,3,17135766.15
IE,2016,05,06,FALSE,1,
DE,2019,08,01,FALSE,4,1006202.85
GR,2020,unresolved,05,TRUE,3,208310
ES,2017,09,04,FALSE,6,13643124.96
IT,2016,03,04,FALSE,2,931000
BG,2020,01,06,FALSE,4,1963861.34
CZ,2025,03,04,FALSE,2,887350.997126823
UK,2021,02,01,FALSE,2,7481554.89
BG,2021,06,01,FALSE,1,30677.98
NL,2017,05,08,FALSE,1,120000
IE,2022,01,05,TRUE,4,792970
SK,2019,03,02,FALSE,2,
NL,2019,04,04,FALSE,6,
CZ,2021,04,09,FALSE,4,13688.15
LV,2020,10,03,FALSE,2,
BE,2019,04,06,FALSE,2,309824.38
DK,2016,09,09,FALSE,1,
LV,2018,08,08,FALSE,2,919405.88
PL,2017,09,08,FALSE,3,817223.4
EE,2024,01,06,FALSE,1,
EE,2025,08,05,TRUE,1,608755.66
MT,2024,07,10,FALSE,7,68255226.83
LU,2021,05,06,FALSE,2,4614800
HU,2016,02,01,FALSE,1,422359.05
DE,2017,02,06,FALSE,1,
AT,2020,01,04,FALSE,9,8536260.95
NL,2018,09,03,FALSE,4,845829
FI,2019,05,01,FALSE,2,610740
NO,2018,unresolved,01,FALSE,8,10699010.15
IT,2016,09,10,FALSE,4,3341488.1
FI,2023,09,06,FALSE,2,2563755
FI,2025,01,08,FALSE,4,933000
LT,2025,04,06,FALSE,1,
NO,2024,05,04,FALSE,4,2923609.11590734
IS,2017,03,none,FALSE,1,
HR,2019,01,07,FALSE,1,
RO,2017,03,02,FALSE,1,288005.6
PT,2019,08,09,FALSE,3,1169024.56
CH,2020,03,01,FALSE,2,5736177
HU,2019,08,01,FALSE,2,1182715.95
ES,2018,04,03,FALSE,8,17497435.38
DE,2017,06,01,FALSE,4,252100.84
DE,2020,05,01,FALSE,12,1346319.98
SE,2018,10,01,FALSE,4,243785520.02
BE,2025,05,03,FALSE,1,5962075.06
SK,2025,09,04,FALSE,1,16113
UK,2016,10,07,FALSE,2,
AT,2016,unresolved,03,FALSE,1,125779.2
ES,2016,03,07,FALSE,1,48318481.15
LT,2018,01,08,FALSE,3,651156.9
LV,2024,04,08,FALSE,2,341439
MT,2016,unresolved,03,FALSE,1,70720
IE,2016,03,02,FALSE,2,260000
CZ,2017,04,03,FALSE,2,65505.58
CH,2018,07,09,FALSE,1,544588.74
DE,2024,05,09,FALSE,2,
CH,2020,10,09,FALSE,1,169985.91
SE,2025,unresolved,01,FALSE,1,2733628.41333373
IE,2024,08,01,FALSE,1,107355
PT,2023,08,09,FALSE,2,608601.61
PT,2025,02,04,FALSE,3,4330924.95
CY,2025,05,05,TRUE,1,324480
FI,2025,05,04,FALSE,4,11384790.2
BG,2025,07,05,TRUE,1,159883.934962675
PL,2016,unresolved,09,FALSE,1,
BE,2016,08,01,FALSE,2,
NL,2023,08,04,FALSE,1,3e+06
NL,2020,01,04,FALSE,12,14979450
UK,2024,03,none,FALSE,1,2933585.98523829
DK,2020,07,05,TRUE,2,679199.65
FR,2019,09,07,FALSE,1,115011.94
PT,2023,05,07,FALSE,3,2730657.15
FI,2023,07,08,FALSE,1,
GR,2016,04,05,TRUE,4,2352362.36
ES,2020,08,04,FALSE,3,12841480.54
UK,2016,06,09,FALSE,1,24405.72
IT,2018,08,01,FALSE,1,
CZ,2022,04,06,FALSE,6,992387
ES,2021,10,06,FALSE,4,655453
ES,2016,01,03,FALSE,2,1627890.44
GR,2022,05,05,TRUE,3,4571999.99
CZ,2016,unresolved,03,FALSE,1,1182639.97
HU,2023,09,09,FALSE,1,30956.9
ES,2022,09,07,FALSE,3,237270.6
AT,2018,01,09,FALSE,1,
HR,2023,01,04,FALSE,7,14300863.9
MK,2019,08,09,FALSE,1,
EE,2021,01,06,FALSE,2,601774
GR,2022,10,01,FALSE,6,1443935.81
UK,2019,02,09,FALSE,1,126862.39
LU,2020,07,01,FALSE,2,199851
CY,2021,06,none,FALSE,1,1938000
LU,2023,04,06,FALSE,1,
SE,2024,03,05,TRUE,2,286303.645862871
HU,2025,07,01,FALSE,3,216045.821752344
DK,2019,unresolved,04,FALSE,3,8596870.6
FI,2016,02,04,FALSE,1,220000
HR,2021,03,02,FALSE,1,393701.18
DE,2023,04,09,FALSE,4,129871.97
SK,2020,10,06,FALSE,1,14975000
HR,2025,01,07,FALSE,2,240000
CZ,2024,10,07,FALSE,1,3840536.6714025
PL,2024,10,10,FALSE,2,1039895.55585663
IT,2023,04,06,FALSE,2,9770518.23
NL,2021,08,01,FALSE,3,1141855
SE,2022,02,06,FALSE,1,632080.03
LT,2016,01,06,FALSE,1,230400
CH,2019,01,07,FALSE,1,219613.45
DE,2021,07,06,FALSE,2,
DK,2021,02,01,FALSE,1,
MK,2018,01,08,FALSE,1,80436.18
BG,2020,05,05,TRUE,1,
CH,2020,03,05,TRUE,1,3814963.72
SK,2022,04,08,FALSE,1,
PT,2020,09,04,FALSE,2,1288654.71
IT,2017,04,08,FALSE,2,
MT,2018,10,10,FALSE,1,447142.5
SI,2017,unresolved,08,FALSE,2,830118.81
AT,2019,08,05,TRUE,1,545469.92
EE,2025,04,09,FALSE,1,442800
DE,2017,unresolved,09,FALSE,3,
LV,2021,05,08,FALSE,1,123672.7
PT,2021,03,08,FALSE,1,360669
DK,2023,03,08,FALSE,1,
CH,2023,03,01,FALSE,3,12941429.81
NL,2023,03,04,FALSE,1,31646000
FI,2020,07,08,FALSE,1,745000
RO,2019,10,09,FALSE,1,195193.14
FI,2023,09,01,FALSE,3,589623
LT,2023,01,02,FALSE,2,187831
BG,2020,01,03,FALSE,2,1503247.94
AT,2022,03,02,FALSE,2,
HR,2016,01,03,FALSE,2,336440.01
SI,2023,01,09,FALSE,1,411566.9
CY,2020,09,03,FALSE,1,351796
LT,2018,06,01,FALSE,1,492507.02
NL,2017,06,03,FALSE,1,3200
NO,2018,unresolved,08,FALSE,1,512557.33
UK,2019,09,07,FALSE,3,284812.65
BG,2024,unmapped,none,FALSE,1,
SE,2024,02,01,FALSE,1,548128.873099253
AT,2024,10,07,FALSE,1,
PT,2025,09,09,FALSE,1,338679.73
CH,2018,06,04,FALSE,3,1377353.92
DK,2022,03,01,FALSE,1,320155.98
PT,2022,09,07,FALSE,1,270810.15
IE,2024,05,03,FALSE,2,109780
PT,2024,08,04,FALSE,1,310194
CH,2024,07,05,TRUE,2,1168764.81575077
PT,2024,05,08,FALSE,2,773139.56
BE,2023,07,04,FALSE,2,1127292
IT,2022,04,09,FALSE,2,2069991.75
IE,2022,03,07,FALSE,1,
CZ,2025,08,04,FALSE,1,179282.053192709
BG,2017,08,09,FALSE,3,1048745.01
SI,2022,01,03,FALSE,1,327366.26
ES,2020,07,08,FALSE,1,290731.52
BG,2023,10,01,FALSE,2,273475.82
BG,2019,01,05,TRUE,4,1766362.87
SI,2021,05,01,FALSE,2,403996.76
SE,2023,05,03,FALSE,2,10664035.3532297
FR,2020,06,06,FALSE,3,1363628
BG,2021,09,08,FALSE,1,473484
RO,2019,10,01,FALSE,1,876324.19
EE,2019,01,08,FALSE,2,
UK,2021,06,06,FALSE,1,
GR,2018,08,05,TRUE,1,266127.31
BG,2017,09,03,FALSE,1,
NL,2016,unresolved,03,FALSE,1,
SI,2017,10,04,FALSE,2,616311.37
FI,2023,09,09,FALSE,1,
LT,2022,09,04,FALSE,1,777000
BG,2020,09,08,FALSE,2,
UK,2019,02,02,FALSE,2,11818585.73
MK,2018,09,04,FALSE,1,65025.96
AT,2020,unresolved,09,FALSE,1,
HU,2022,03,09,FALSE,1,340755.05
GR,2024,01,06,FALSE,2,1920800
PL,2024,07,09,FALSE,1,
BG,2023,07,09,FALSE,1,
LU,2017,09,09,FALSE,1,486268
MT,2016,unresolved,04,FALSE,3,654948.79
AT,2018,08,05,TRUE,2,998997.61
DK,2024,01,06,FALSE,2,1158520.94355894
BG,2018,03,03,FALSE,3,2754606.3
ES,2017,09,09,FALSE,2,569318.88
SE,2016,unresolved,08,FALSE,2,
DE,2018,unresolved,09,FALSE,2,49191.17
CZ,2022,09,06,FALSE,2,1581694.11
HR,2023,06,01,FALSE,1,490993
PT,2018,06,04,FALSE,1,2210.04
BG,2019,03,05,TRUE,1,33678.29
PT,2023,04,03,FALSE,1,1198474.24
IE,2023,06,05,TRUE,2,352180
AT,2017,03,04,FALSE,1,
HU,2023,unresolved,09,FALSE,1,9560.27
FI,2018,10,07,FALSE,1,2800000
MK,2023,08,none,FALSE,1,70915.31
DK,2025,01,09,FALSE,1,
FI,2024,03,05,TRUE,1,1500000
LU,2019,02,03,FALSE,1,150285
CH,2017,unresolved,05,TRUE,1,685296.79
BE,2018,10,08,FALSE,1,269295.6
FR,2022,09,08,FALSE,2,
DK,2024,07,05,TRUE,2,
FI,2017,unresolved,08,FALSE,1,5e+05
AT,2023,09,04,FALSE,1,154072.83
LT,2017,08,09,FALSE,1,141426.5
LT,2022,07,10,FALSE,1,2631.2
IT,2016,07,05,TRUE,1,318526
CH,2016,04,08,FALSE,1,
HR,2018,05,01,FALSE,1,51090.56
AT,2022,09,08,FALSE,1,
FI,2021,unresolved,06,FALSE,1,
EE,2020,unresolved,08,FALSE,1,41811.1
EE,2021,05,08,FALSE,2,575480
FI,2024,09,08,FALSE,1,98196
GR,2023,08,08,FALSE,1,40272
SE,2018,09,04,FALSE,1,
NO,2023,unresolved,05,TRUE,1,
SI,2019,08,01,FALSE,1,
SK,2023,07,03,FALSE,1,354253.11
UK,2024,04,05,TRUE,1,
NO,2024,02,04,FALSE,1,
DE,2024,02,08,FALSE,1,
CY,2022,06,05,TRUE,1,5285000
LV,2020,01,06,FALSE,2,939528.06
FR,2019,09,10,FALSE,1,
CH,2018,unresolved,06,FALSE,3,1115052.38
FI,2019,04,08,FALSE,1,
LU,2025,01,04,FALSE,1,243086.34
SK,2025,unresolved,none,FALSE,1,1471800
FR,2017,09,06,FALSE,1,
UK,2021,10,01,FALSE,1,
NL,2020,08,05,TRUE,2,250000
SE,2023,unmapped,none,FALSE,1,389695.045913162
FI,2021,10,09,FALSE,1,252000
MK,2016,06,05,TRUE,1,
RO,2022,09,03,FALSE,1,88648.99
BE,2020,10,09,FALSE,2,2.7e+07
GR,2022,03,04,FALSE,1,2129400
CY,2019,03,01,FALSE,1,279400
FI,2022,03,01,FALSE,2,10500000
IS,2018,01,09,FALSE,1,188791.93
NO,2025,01,08,FALSE,1,2155773.30462801
FI,2024,04,03,FALSE,1,9289962
DE,2019,10,10,FALSE,3,4420777.5
AT,2022,unresolved,06,FALSE,1,188921.7
SE,2020,07,05,TRUE,2,
PT,2024,06,01,FALSE,2,739678
DK,2017,04,06,FALSE,1,
AT,2023,08,05,TRUE,1,880235.94
SI,2016,10,04,FALSE,1,76969.18
RO,2019,02,02,FALSE,1,809595.55
UK,2017,01,09,FALSE,1,
CH,2023,03,06,FALSE,1,
DK,2021,02,08,FALSE,1,
CH,2020,02,03,FALSE,1,136478.94
SK,2025,05,05,TRUE,2,2257000
BE,2021,10,09,FALSE,2,11219242
LT,2021,03,06,FALSE,1,43186.8
IE,2020,01,03,FALSE,1,198600
PT,2023,10,01,FALSE,1,389196
EE,2018,05,04,FALSE,1,
BE,2017,09,09,FALSE,1,
BG,2020,04,09,FALSE,1,5943.68
SK,2021,10,07,FALSE,1,
CY,2020,08,05,TRUE,1,1875872
LU,2016,08,09,FALSE,1,121301.41
UK,2019,01,06,FALSE,1,398737.71
LV,2019,03,01,FALSE,1,156900
LT,2021,03,09,FALSE,1,9208
IS,2023,01,03,FALSE,1,140000
AT,2025,06,03,FALSE,1,383647.21
EE,2023,06,05,TRUE,1,561713
NL,2017,01,03,FALSE,1,
CH,2022,08,04,FALSE,1,907114.74
CY,2021,unresolved,01,FALSE,1,2629755
HR,2021,08,06,FALSE,1,
IT,2021,unresolved,09,FALSE,1,1451061
HU,2022,unresolved,07,FALSE,1,188253.93
CY,2025,04,08,FALSE,1,51500
FI,2024,05,none,FALSE,170,242973551.94
CZ,2025,07,none,FALSE,3292,3525814563.03112
BG,2025,07,none,FALSE,2373,2890248728.96343
DE,2023,04,none,FALSE,8673,11514073901.82
EE,2025,08,none,FALSE,38,25455738.48
FR,2025,03,none,FALSE,754,633568099.6
DK,2024,04,03,FALSE,3,22606260.8184128
HU,2025,03,none,FALSE,92,127697228.721033
AT,2024,07,none,FALSE,753,763124472.580683
IT,2025,05,none,FALSE,1727,4477804032.69344
LT,2025,01,none,FALSE,2150,907514151.82
LT,2024,07,none,FALSE,1518,587685643.77
LV,2024,07,none,FALSE,590,240316330.13
IT,2025,05,07,FALSE,6,199479202.038
MT,2024,07,none,FALSE,247,352918890.85
ES,2024,04,none,FALSE,3125,17698349806.7858
HR,2024,07,none,FALSE,581,1182749972.03
DE,2024,07,04,FALSE,141,49987168.02
CH,2024,03,none,FALSE,84,147382601.749635
LT,2024,09,none,FALSE,300,129219790.96
ES,2023,07,none,FALSE,5402,9492896480.44
EE,2024,01,none,FALSE,382,171050224.43
LT,2025,04,05,TRUE,95,40980345.83
IE,2024,06,01,FALSE,2,1221942
HR,2024,04,01,FALSE,51,64566711.86
DE,2025,01,01,FALSE,711,545597956.94
LU,2024,01,none,FALSE,216,675359552.31
DE,2025,09,01,FALSE,188,66677246.29
FI,2024,10,none,FALSE,151,1102585463.89
LV,2024,03,none,FALSE,168,146616102.01
FR,2024,07,05,TRUE,3,907000
CZ,2024,08,none,FALSE,360,374353597.486672
BE,2025,01,04,FALSE,18,49375275.17
FR,2024,04,01,FALSE,77,28068407.08
PL,2024,10,none,FALSE,69,59858934.8379156
DE,2024,01,09,FALSE,45,27773405.59
EE,2025,02,none,FALSE,86,108446046.8
BG,2025,06,none,FALSE,404,366189054.509664
GR,2024,06,none,FALSE,93,323901447.16
DK,2025,08,none,FALSE,82,220263411.838492
FR,2024,02,01,FALSE,10,520000
HR,2024,05,none,FALSE,181,491965385.52
GR,2024,08,none,FALSE,94,261361917.02
EE,2023,07,none,FALSE,345,103385535.06
LT,2024,unresolved,none,FALSE,91,70358939.49
BE,2023,05,none,FALSE,344,419701974.76
CZ,2025,08,06,FALSE,34,15211444.5194056
FI,2025,02,none,FALSE,81,186303770.445119
UK,2020,03,none,FALSE,501,7978726598.63
DE,2022,01,none,FALSE,15617,7747396143.75
ES,2020,unresolved,none,FALSE,1041,1119495954.45
ES,2020,07,none,FALSE,4107,6407803091.18
SK,2016,unresolved,none,FALSE,187,757967397.79
PL,2019,07,none,FALSE,7740,5391524598.75
CZ,2019,01,none,FALSE,1353,1925579427.19
HR,2016,04,none,FALSE,408,537670160.22
NO,2019,09,none,FALSE,263,694143662.12
IT,2022,06,none,FALSE,344,2155374582.75
NL,2020,03,none,FALSE,387,221620476.8
UK,2020,05,none,FALSE,392,3003223491.54
PT,2018,unresolved,none,FALSE,259,230152850.65
SI,2021,04,none,FALSE,1324,912474392.69
UK,2021,05,none,FALSE,204,887143115.35
CZ,2019,04,none,FALSE,2461,5685326139.11
ES,2018,07,none,FALSE,3181,4301079201.01
RO,2017,07,none,FALSE,1643,125127846.62
DE,2021,09,none,FALSE,4302,1801470708.12
PL,2021,05,none,FALSE,3591,3540540777.63
LV,2017,04,none,FALSE,332,463053414.21
IE,2023,04,none,FALSE,326,2711978465.7
BE,2020,01,none,FALSE,1036,1358351285.52
DK,2016,01,none,FALSE,525,1368102976.23
FI,2022,04,none,FALSE,1169,1571464006.25
FR,2021,10,none,FALSE,641,360421089.27
UK,2017,01,none,FALSE,2047,9405606818.18
ES,2020,08,none,FALSE,665,460086909.01
IT,2022,02,none,FALSE,196,1581683474.23
EE,2022,07,none,FALSE,442,129069298.21
PL,2023,03,none,FALSE,1188,846489646.899601
FR,2018,02,none,FALSE,537,477874090.65
PL,2017,01,none,FALSE,1874,1383875147.85
CZ,2022,01,none,FALSE,1720,2201156134.32
SE,2023,03,none,FALSE,256,1327966053.76024
BE,2023,02,none,FALSE,65,121455807.98
HU,2016,unresolved,none,FALSE,421,1086037007.12
NO,2019,01,none,FALSE,1064,2450612559.12
DE,2018,07,none,FALSE,3960,1549849614.07
SK,2022,07,none,FALSE,515,222192530.04
SE,2017,03,none,FALSE,140,92518935.5
AT,2020,unresolved,none,FALSE,687,1372172354.77
SK,2019,07,none,FALSE,351,163270906.82
FR,2019,02,none,FALSE,524,810891115.3
IT,2019,06,none,FALSE,262,426554561.04
FI,2018,06,none,FALSE,194,495145378
UK,2018,05,none,FALSE,433,1684448281.42
IT,2017,unresolved,none,FALSE,987,4486742085.61
UK,2021,04,none,FALSE,1452,4482701584.66
BG,2017,03,none,FALSE,331,100459428.79
AT,2020,07,none,FALSE,663,606798836.21
ES,2019,09,none,FALSE,1062,899145986.37
DK,2023,04,none,FALSE,734,6268800568.7456
UK,2020,unresolved,none,FALSE,504,1446585712.01
HR,2016,01,none,FALSE,190,154635506.9
SI,2017,07,none,FALSE,1064,442439215.29
RO,2022,07,07,FALSE,67,43279219.79
DE,2016,04,05,TRUE,250,165533050.46
ES,2018,01,01,FALSE,149,121714597.3
PL,2018,07,10,FALSE,125,67086176.89
PL,2023,01,04,FALSE,66,24662679.4749987
DE,2020,04,04,FALSE,230,132622556.09
RO,2019,01,08,FALSE,39,7712323.8
FR,2018,01,04,FALSE,284,1349315982.05
ES,2023,04,04,FALSE,76,192044875.43
CH,2019,01,04,FALSE,29,21773250.11
RO,2021,04,05,TRUE,104,249724311.38
UK,2021,03,01,FALSE,6,1271498.37
DE,2018,04,04,FALSE,214,189853429.98
FR,2018,unresolved,04,FALSE,106,1008349131.77
DE,2021,01,04,FALSE,811,665614766.26
FR,2016,07,10,FALSE,8,8980261.49
NL,2021,09,none,FALSE,1633,1086052297.76
SE,2017,10,none,FALSE,75,170287637.2
IE,2022,07,none,FALSE,101,918025131.37
HR,2023,05,none,FALSE,178,312656964.79
IT,2023,04,none,FALSE,2299,37625866380.74
NO,2016,unresolved,none,FALSE,306,268470997.01
SI,2017,unresolved,none,FALSE,302,116959730.2
UK,2016,05,none,FALSE,379,3155643844.14
HU,2019,unresolved,none,FALSE,690,1759652597.43
EE,2022,01,none,FALSE,277,112801538.81
DK,2017,unresolved,none,FALSE,161,349060714.22
CZ,2017,05,none,FALSE,278,439467687.89
IT,2018,02,none,FALSE,216,637698221.51
HU,2017,unresolved,none,FALSE,641,1769860346.71
MT,2017,03,none,FALSE,10,3488803.2
CZ,2023,08,none,FALSE,334,237187019.853338
HR,2022,01,none,FALSE,388,182696851.83
NO,2021,05,none,FALSE,192,209037830.41
LV,2019,05,none,FALSE,114,936478740.71
SI,2017,10,none,FALSE,214,32075182.67
UK,2018,06,none,FALSE,867,6392616113.01
NL,2023,04,none,FALSE,1071,3589529504.58
EE,2017,03,none,FALSE,16,659879.91
IT,2020,03,none,FALSE,160,512672069.13
LT,2022,05,none,FALSE,264,169283183.64
SK,2020,01,none,FALSE,180,114339742.79
HR,2023,09,none,FALSE,194,265358356.21
PT,2017,09,none,FALSE,101,555972069.36
CH,2018,unresolved,none,FALSE,339,2554589791.03
SI,2022,08,none,FALSE,36,37331167.97
MT,2018,01,none,FALSE,194,150990229.62
DK,2023,10,none,FALSE,37,107773614.435909
HU,2020,08,none,FALSE,160,165148314.1
FI,2021,08,none,FALSE,46,26296717
DK,2019,06,none,FALSE,253,1958846059.28
LT,2016,05,none,FALSE,95,62474582.13
BE,2023,08,none,FALSE,88,144524856.22
DE,2018,unresolved,05,TRUE,34,15568097.52
DE,2016,04,04,FALSE,157,246001225.92
FR,2019,07,01,FALSE,81,18593223.84
PL,2020,09,01,FALSE,170,73009287.58
PT,2021,04,05,TRUE,32,77378384.4
SE,2021,01,01,FALSE,158,112491281.05
AT,2021,08,06,FALSE,15,10419864.97
FR,2021,05,07,FALSE,34,18566699.97
PL,2022,04,04,FALSE,917,1462642568.28
FR,2022,07,09,FALSE,8,1112550
PL,2019,03,04,FALSE,13,9042207
ES,2016,unresolved,04,FALSE,27,80978310.07
FR,2022,08,06,FALSE,535,252065407.89
CZ,2020,08,06,FALSE,35,8717672.17
CZ,2020,05,04,FALSE,26,8609780.57
PT,2022,05,04,FALSE,19,10370586.35
LT,2021,02,01,FALSE,8,2779296.24
PL,2017,06,05,TRUE,80,96361985.27
NO,2023,04,03,FALSE,4,520234.379278245
CZ,2021,06,05,TRUE,12,15568498.62
CH,2018,07,01,FALSE,12,12543793.01
DE,2017,10,01,FALSE,34,1047685.05
BG,2020,unresolved,04,FALSE,16,2498327.36
FR,2023,06,04,FALSE,187,581664444.42
BE,2020,06,04,FALSE,11,1076454.24
NL,2017,04,05,TRUE,22,2882002.7
AT,2020,02,03,FALSE,5,3960893
IT,2021,unresolved,01,FALSE,113,158715648.68
NL,2016,01,01,FALSE,98,32209661.72
DE,2020,07,04,FALSE,165,97844492.09
ES,2018,04,01,FALSE,81,90360300.65
PL,2020,04,06,FALSE,9,46507336.84
FR,2016,unresolved,04,FALSE,125,618537644.69
NO,2018,unresolved,04,FALSE,7,673953.43
DE,2017,01,03,FALSE,43,11725268.14
CZ,2016,04,05,TRUE,36,151695713.76
PL,2017,06,04,FALSE,19,11944788.71
PL,2016,07,04,FALSE,9,3704379.76
RO,2020,04,05,TRUE,104,170572512.84
NO,2018,06,05,TRUE,12,14229602.25
HU,2020,unresolved,01,FALSE,97,203625573.38
IT,2018,unresolved,01,FALSE,83,447254781.07
DE,2021,01,06,FALSE,14,738872.42
DE,2017,01,01,FALSE,163,49733595.73
EE,2019,01,01,FALSE,21,4447674.14
HU,2022,unresolved,01,FALSE,187,457807329.82
CH,2022,01,04,FALSE,32,27792417.19
NL,2023,unresolved,01,FALSE,31,38066864.35
DE,2022,10,04,FALSE,61,23142381.28
PL,2021,09,01,FALSE,184,47100783.45
SE,2023,unresolved,none,FALSE,148,310644906.396413
DE,2024,unresolved,none,FALSE,83,174217416.25
BG,2024,unresolved,none,FALSE,96,58239362.915431
IT,2024,unresolved,none,FALSE,141,771699823.27
PL,2022,05,04,FALSE,26,111415453.45
CZ,2021,04,01,FALSE,84,31329667.71
ES,2016,05,04,FALSE,23,14758930.98
DK,2019,01,01,FALSE,17,11689551.54
MK,2016,01,01,FALSE,11,993378.18
PL,2018,04,01,FALSE,49,54756702.38
FI,2017,02,03,FALSE,2,964335
EE,2021,unresolved,01,FALSE,37,3738085.48
PL,2022,unresolved,04,FALSE,65,35703365.76
ES,2020,01,01,FALSE,171,135468618.85
UK,2018,unresolved,08,FALSE,1,2034565
FR,2022,06,01,FALSE,47,16565801.45
SE,2018,01,03,FALSE,15,3548325.27
NO,2020,09,03,FALSE,2,279777.67
CZ,2020,04,04,FALSE,99,71569444.28
NL,2022,09,04,FALSE,13,2112671
DE,2018,10,01,FALSE,18,1516827
RO,2020,unresolved,04,FALSE,19,4769668.65
FR,2017,03,04,FALSE,10,3376592.06
HU,2018,02,03,FALSE,5,5850020.21
ES,2019,05,01,FALSE,10,3778865.1
FI,2017,01,01,FALSE,28,7632706
HR,2024,04,04,FALSE,18,38986117.2
RO,2024,08,09,FALSE,77,3977553.41451545
HU,2024,04,05,TRUE,24,113851843.317458
LT,2025,01,05,TRUE,25,7217131.24
SK,2025,04,01,FALSE,19,40660075.56
IE,2024,08,none,FALSE,106,163909447.45
MT,2025,09,none,FALSE,48,68301945.4
NO,2024,06,01,FALSE,2,424259.394618207
IE,2024,07,01,FALSE,10,3752000.83
LV,2024,09,01,FALSE,11,2548346.79
IS,2025,04,none,FALSE,49,684800827.520912
PL,2017,01,01,FALSE,164,69764975.51
ES,2017,07,01,FALSE,55,37039530.02
CZ,2021,01,01,FALSE,98,30648107.41
EE,2021,10,none,FALSE,66,22424649
SK,2021,03,01,FALSE,6,1187532.2
LU,2023,03,02,FALSE,7,6409025.57
NL,2023,09,01,FALSE,51,30927877.96
BE,2019,02,05,TRUE,2,3132562
PT,2017,unresolved,05,TRUE,4,648400
LT,2018,06,none,FALSE,51,18991399.71
FR,2022,01,09,FALSE,29,2185618.56
CH,2017,05,05,TRUE,3,146374.02
SK,2022,unresolved,01,FALSE,36,21461352.17
RO,2016,05,07,FALSE,6,
UK,2016,03,04,FALSE,10,14461642.74
IT,2021,05,06,FALSE,8,1457278.2
IT,2019,04,01,FALSE,42,129556709.89
DE,2020,03,04,FALSE,20,4525784.71
HU,2019,02,02,FALSE,2,12465463.64
SI,2023,04,05,TRUE,14,3677901.29
BG,2024,04,05,TRUE,67,37309061.4515267
ES,2025,05,05,TRUE,28,19247636.88
CH,2017,unresolved,01,FALSE,26,51300750.99
DE,2021,07,08,FALSE,2,
PT,2019,01,04,FALSE,8,40788403.38
LT,2022,02,01,FALSE,5,7564698.08
NL,2017,06,04,FALSE,26,11834308.88
NL,2019,05,01,FALSE,7,638200
BE,2022,05,05,TRUE,2,
SE,2019,06,05,TRUE,22,7787945.38
DE,2017,08,05,TRUE,10,5170156.98
ES,2022,01,05,TRUE,43,8394106.88
UK,2016,01,04,FALSE,31,96920298.34
RO,2016,04,07,FALSE,21,1111896.29
AT,2019,01,03,FALSE,3,342376.69
DE,2016,unresolved,05,TRUE,32,14141751.29
EE,2019,04,04,FALSE,9,486865
ES,2023,02,08,FALSE,4,665513.25
CZ,2024,unresolved,01,FALSE,38,24235290.4473516
SE,2024,03,02,FALSE,15,26899081.7988455
GR,2024,06,05,TRUE,13,284458690.69
NL,2024,08,05,TRUE,3,524700
PT,2025,06,05,TRUE,26,66884147.66
HR,2024,09,none,FALSE,109,212355179.98
MT,2024,03,none,FALSE,11,11027627.56
UK,2019,07,08,FALSE,1,
FR,2019,06,06,FALSE,3,521591.25
CZ,2017,07,01,FALSE,27,11448777.66
LT,2022,05,01,FALSE,6,3732691.22
LV,2019,01,03,FALSE,7,373538.42
AT,2016,unresolved,06,FALSE,1,1023606.2
PL,2022,06,04,FALSE,31,17940167.01
CH,2017,unresolved,04,FALSE,11,1264661.19
MT,2017,unresolved,04,FALSE,6,85858.36
PL,2023,03,02,FALSE,15,16599702.3698404
FR,2022,01,05,TRUE,72,92131935.16
SI,2020,09,01,FALSE,14,4052747.98
IE,2017,03,none,FALSE,12,6958494.4
HU,2018,06,none,FALSE,47,10972693.95
SI,2019,03,none,FALSE,50,19646322.03
AT,2019,06,04,FALSE,8,4500299.63
HR,2022,07,01,FALSE,8,2057956.19
GR,2021,08,06,FALSE,12,35297592.56
HU,2022,04,05,TRUE,44,309681379.08
BG,2016,06,04,FALSE,9,1427344.71
MT,2019,02,03,FALSE,3,
CH,2017,01,03,FALSE,4,1812643.96
SI,2021,06,05,TRUE,6,5760366.32
HR,2023,unresolved,01,FALSE,36,36111598.34
FR,2016,01,05,TRUE,38,8589467.13
CH,2020,09,10,FALSE,4,1073072.39
LT,2018,08,06,FALSE,2,892934.3
HR,2023,06,04,FALSE,21,11682159.8
BG,2022,09,09,FALSE,5,8485.53
GR,2018,04,05,TRUE,11,47022130
BG,2016,05,06,FALSE,3,1914720.32
FR,2019,08,08,FALSE,10,6476211.64
PL,2016,02,01,FALSE,17,15005916.63
NL,2023,10,01,FALSE,3,1589000
HR,2018,01,01,FALSE,22,9766549.02
UK,2017,10,09,FALSE,5,3947179.67
PL,2018,10,07,FALSE,14,546568.36
FR,2019,04,03,FALSE,27,29438766.88
PL,2022,07,09,FALSE,7,2115010.49
CZ,2016,09,08,FALSE,9,170450.46
FI,2022,04,05,TRUE,11,3699368
DK,2023,04,01,FALSE,8,7193335.15267728
FR,2023,02,04,FALSE,17,11385014.45
CZ,2025,unmapped,none,FALSE,9,5925129.22657427
CZ,2025,05,07,FALSE,8,7095224.59773064
NL,2021,06,none,FALSE,230,759167244.16
EE,2022,unresolved,none,FALSE,281,75796531.87
GR,2022,02,none,FALSE,134,77752141.16
CH,2019,10,none,FALSE,33,29213259.33
LT,2016,04,none,FALSE,332,1140164644.19
HU,2018,02,none,FALSE,38,59815232.94
SE,2018,02,none,FALSE,87,78044376.61
BE,2017,09,none,FALSE,215,221116183.52
CZ,2020,08,none,FALSE,200,105169892.03
LU,2018,02,none,FALSE,13,4786653
GR,2023,09,none,FALSE,291,430936066.67
LU,2022,05,none,FALSE,23,21453352.63
SE,2022,unresolved,none,FALSE,121,266126159.16
LV,2018,03,none,FALSE,66,40136096.15
NO,2017,06,none,FALSE,42,49127204.98
HR,2023,10,none,FALSE,18,5623480.93
BE,2020,10,none,FALSE,109,145969643.33
PT,2016,04,none,FALSE,223,411708078.13
IS,2021,04,none,FALSE,47,119059153.67
AT,2018,06,none,FALSE,128,249733218.15
LU,2016,04,none,FALSE,110,1382891728.87
NO,2021,02,none,FALSE,79,50935724.33
NL,2023,10,none,FALSE,146,939038442.91
GR,2016,02,none,FALSE,35,11045996.78
CH,2016,05,none,FALSE,85,734690.68
SE,2024,06,04,FALSE,37,53678447.3385079
IT,2025,10,09,FALSE,24,31627932.04
DE,2019,unresolved,05,TRUE,62,31259668.34
RO,2020,05,07,FALSE,51,8468652.83
BG,2020,07,01,FALSE,4,111188.88
SI,2016,unresolved,none,FALSE,105,53179645.56
IT,2021,unresolved,08,FALSE,14,10472903.51
DE,2021,07,03,FALSE,12,1289108.93
DE,2023,01,03,FALSE,75,7110597.3
DE,2019,02,01,FALSE,14,3588789.01
NL,2020,10,01,FALSE,4,379950
ES,2022,10,08,FALSE,9,5159234.05
ES,2018,05,01,FALSE,11,3043477.57
DE,2023,10,04,FALSE,59,14444377.65
LU,2022,03,02,FALSE,8,29419723.48
ES,2017,01,01,FALSE,125,140469630.27
DK,2019,07,10,FALSE,23,42604884.49
DE,2018,03,02,FALSE,56,15565561.75
RO,2023,08,06,FALSE,89,119581964.584358
AT,2021,03,02,FALSE,6,11651587.39
NO,2022,03,04,FALSE,6,8764869.68
HU,2022,09,04,FALSE,4,2441301.55
CH,2022,03,none,FALSE,74,156143526.9
LV,2019,01,08,FALSE,1,
IT,2023,07,01,FALSE,19,64815023.25
FR,2018,01,06,FALSE,17,659151.4
RO,2016,06,05,TRUE,2,85488
MT,2018,unresolved,01,FALSE,6,2519816
HR,2017,06,none,FALSE,38,14210733.52
FR,2017,unresolved,03,FALSE,27,5256759.71
UK,2016,01,01,FALSE,87,73173212.86
DE,2023,unresolved,03,FALSE,20,17779985.56
HR,2023,07,01,FALSE,8,3395299.63
DE,2019,09,07,FALSE,2,1482084.04
PT,2021,10,01,FALSE,4,7818469.63
BG,2018,08,none,FALSE,54,16277414.08
CH,2018,08,none,FALSE,64,72722477.82
CY,2023,05,none,FALSE,37,86479405.79
IS,2023,07,none,FALSE,17,21925562.46
PT,2024,02,04,FALSE,5,5192474.89
HU,2025,04,01,FALSE,36,29083321.9823755
IT,2025,01,04,FALSE,20,43925202.34
SK,2025,10,none,FALSE,29,14026876.96
PL,2024,01,04,FALSE,54,35259612.5705362
IT,2024,09,01,FALSE,12,90206654.84
BE,2025,06,05,TRUE,7,2440960.39
BG,2024,10,01,FALSE,7,707510.788424174
LT,2024,10,none,FALSE,56,176158226.16
PT,2025,09,04,FALSE,5,1123004.95
PL,2024,03,02,FALSE,12,15249989.506645
FR,2024,10,09,FALSE,80,283193642.28
AT,2024,05,04,FALSE,7,3225306.53
PT,2018,06,none,FALSE,46,74101714.77
EE,2022,05,none,FALSE,102,219007000.32
EE,2016,10,none,FALSE,35,11661511.85
HU,2017,02,none,FALSE,26,44338569.18
HU,2016,02,none,FALSE,22,19145289.82
LV,2020,10,none,FALSE,33,10834856.55
PL,2025,06,01,FALSE,9,1942653.36672327
DK,2024,01,01,FALSE,9,8413438.44985377
AT,2025,08,04,FALSE,2,25848696
LV,2025,10,07,FALSE,1,354000
LV,2025,05,05,TRUE,1,
DE,2025,07,09,FALSE,10,5e+05
IT,2024,04,04,FALSE,32,106728555.51
LV,2025,03,02,FALSE,16,2579931.05
CZ,2024,01,05,TRUE,15,3094977.30993106
NL,2021,03,02,FALSE,17,2395329.5
LU,2022,09,none,FALSE,35,26059838.56
HR,2021,06,04,FALSE,9,3247624.49
HU,2017,07,01,FALSE,3,1707449.24
FR,2018,05,05,TRUE,11,43767030.29
GR,2022,10,none,FALSE,17,8838105.18
DK,2017,08,09,FALSE,6,1460414.73
IT,2023,03,02,FALSE,8,7976703.84
CH,2022,06,05,TRUE,4,3604298.02
LT,2021,05,04,FALSE,9,28316550.12
FI,2023,09,04,FALSE,5,657216
FR,2017,09,09,FALSE,11,7525360
MK,2019,01,01,FALSE,15,2489821.62
AT,2021,02,none,FALSE,38,92601447.63
MK,2016,09,none,FALSE,27,2014692.65
PT,2017,06,none,FALSE,24,23112058.94
IT,2020,unresolved,04,FALSE,15,12774219.3
LV,2017,04,04,FALSE,6,3858420.43
DE,2018,09,10,FALSE,12,8557578.67
DK,2018,08,09,FALSE,5,
DE,2020,01,06,FALSE,14,1197267
MT,2020,06,none,FALSE,24,6787484.75
LT,2023,01,01,FALSE,93,40068741.89
IT,2022,06,01,FALSE,5,2551474.75
PL,2017,02,02,FALSE,6,31689799.07
FI,2023,06,04,FALSE,9,1017000
CZ,2016,03,05,TRUE,1,152622.62
NO,2016,unresolved,01,FALSE,9,4706271.97
SE,2020,04,03,FALSE,16,31612384.87
FI,2016,03,01,FALSE,4,1471624
FR,2022,09,09,FALSE,10,4977584.75
IE,2018,03,none,FALSE,16,2432331
LT,2021,06,04,FALSE,3,49916776.86
BG,2018,01,06,FALSE,8,142180.08
CZ,2021,01,09,FALSE,4,30031.2
EE,2023,02,01,FALSE,21,19477380.57
LV,2018,10,none,FALSE,27,21428866.81
MK,2017,02,none,FALSE,9,389808.18
SE,2016,06,05,TRUE,20,
UK,2022,unresolved,none,FALSE,57,40821134.05
ES,2019,04,07,FALSE,24,7246659.83
LU,2016,03,none,FALSE,4,1482581.03
AT,2023,04,06,FALSE,2,2550905.89
BG,2023,05,04,FALSE,11,23655180.5229737
CH,2025,07,01,FALSE,14,18070744.5353025
CH,2024,01,07,FALSE,1,510490.671092433
IT,2025,07,05,TRUE,1,
BE,2024,01,03,FALSE,9,1971880.29
CH,2025,09,01,FALSE,15,33535840.2290393
PL,2024,06,01,FALSE,12,5679428.57961911
FR,2025,10,08,FALSE,20,3e+05
FR,2024,04,07,FALSE,6,2415928.36
AT,2024,07,10,FALSE,22,5489846
NO,2022,02,09,FALSE,1,
NL,2016,05,01,FALSE,5,90000
CH,2020,04,04,FALSE,15,634041.98
AT,2020,02,none,FALSE,27,13012659.38
UK,2021,04,04,FALSE,16,9583946.12
NL,2018,05,03,FALSE,1,4e+05
EE,2023,08,09,FALSE,7,1560219.53
CZ,2018,05,05,TRUE,5,11292509.84
IT,2022,01,05,TRUE,9,787577.44
BG,2018,08,09,FALSE,8,813277.68
ES,2017,10,04,FALSE,2,105773.33
SE,2023,03,04,FALSE,2,4329944.95459069
SE,2019,01,08,FALSE,14,4365721.64
FR,2016,05,01,FALSE,15,1900764
DK,2021,06,01,FALSE,1,800865.94
RO,2020,04,07,FALSE,26,9052531.35
BG,2016,09,08,FALSE,9,1211651.59
FI,2018,06,04,FALSE,10,1927327
RO,2022,02,04,FALSE,7,6794812.17
PL,2018,05,04,FALSE,15,16840627.52
NL,2016,unresolved,05,TRUE,2,
ES,2020,07,07,FALSE,1,2780019.79
LV,2020,09,01,FALSE,10,1076701.7
DK,2019,05,04,FALSE,16,8238282.25
EE,2022,04,05,TRUE,28,2044480
LT,2020,06,04,FALSE,3,765516.62
LT,2021,02,03,FALSE,12,23714038.01
UK,2021,01,08,FALSE,1,670079.11
FR,2023,07,08,FALSE,4,802686
MK,2018,01,06,FALSE,2,596203.05
PL,2018,unresolved,05,TRUE,4,907555.47
ES,2023,08,01,FALSE,3,568024.65
NO,2017,03,05,TRUE,1,
PT,2023,05,06,FALSE,4,1196266.67
PT,2023,unresolved,03,FALSE,2,1384000
ES,2022,05,06,FALSE,14,3922108.44
DE,2020,09,10,FALSE,53,58117331.08
FR,2025,07,07,FALSE,4,
BE,2024,04,03,FALSE,3,
AT,2019,08,06,FALSE,5,8789565.64
GR,2024,07,04,FALSE,5,2860358.24
CZ,2025,unresolved,none,FALSE,18,47824823.5113099
RO,2024,04,07,FALSE,16,54257.8539918278
LT,2025,10,01,FALSE,23,6143822.43
IS,2021,01,06,FALSE,1,217200
DE,2016,04,08,FALSE,3,205023
SK,2020,04,05,TRUE,11,7261849.05
HR,2020,08,01,FALSE,11,4211662.55
AT,2021,05,04,FALSE,2,735837.95
NL,2019,07,04,FALSE,4,397416
GR,2020,05,04,FALSE,11,313549897.87
DE,2023,07,08,FALSE,5,2142549.52
CH,2024,07,10,FALSE,11,21158876.5124556
ES,2020,06,01,FALSE,11,5920708.88
MT,2017,01,01,FALSE,6,9888329.5
AT,2016,unresolved,01,FALSE,10,2644136.53
LV,2019,06,05,TRUE,1,142460
CZ,2019,04,03,FALSE,18,1286944.26
SI,2017,01,06,FALSE,2,418013.58
DE,2016,02,04,FALSE,7,1288558.7
FR,2018,08,01,FALSE,24,4389198.87
DK,2022,06,04,FALSE,5,9841680.94
FR,2021,unresolved,07,FALSE,11,570072.55
SI,2017,07,10,FALSE,3,27225.67
ES,2020,10,04,FALSE,4,13167262.79
SE,2019,10,01,FALSE,2,
ES,2021,03,07,FALSE,4,2475053.43
UK,2017,08,06,FALSE,4,3963863.25
CZ,2016,08,06,FALSE,14,12552519.93
RO,2017,08,06,FALSE,20,2452118.88
UK,2023,08,09,FALSE,4,5803262.76013116
CH,2024,02,none,FALSE,15,16484356.4539115
RO,2024,10,07,FALSE,3,
ES,2024,10,06,FALSE,5,11194112.36
IE,2025,05,07,FALSE,3,599999
DK,2016,07,10,FALSE,6,8844979.33
EE,2020,08,05,TRUE,4,1118849.16
DE,2019,01,06,FALSE,19,857471.53
MK,2022,09,none,FALSE,8,3302230.54
UK,2020,unresolved,05,TRUE,3,536947.43
DK,2017,04,01,FALSE,8,5631617.3
GR,2018,05,07,FALSE,13,2615364.25
DE,2020,09,07,FALSE,1,352430.88
CH,2020,07,10,FALSE,2,2475713.55
HR,2018,01,05,TRUE,5,311913.94
FI,2019,03,02,FALSE,12,6825630
RO,2019,01,01,FALSE,37,51168771.2
GR,2021,01,01,FALSE,15,6182165.57
SI,2016,05,07,FALSE,2,520713.79
PL,2016,08,08,FALSE,3,906020.21
AT,2020,07,04,FALSE,15,38908587.96
FR,2018,03,03,FALSE,5,210999.99
UK,2016,unresolved,01,FALSE,19,31337381.75
BE,2023,07,10,FALSE,8,6255187.56
NL,2021,01,05,TRUE,7,189015.72
NO,2024,01,05,TRUE,8,375512.622442035
RO,2024,03,07,FALSE,2,2470177.31868452
BE,2023,01,07,FALSE,2,
RO,2024,03,05,TRUE,5,381059.359280384
CZ,2025,04,08,FALSE,3,327094.399192989
FR,2024,03,07,FALSE,5,620000
HU,2019,07,07,FALSE,1,216704.58
FR,2019,07,03,FALSE,4,3739328.64
LV,2021,09,08,FALSE,3,315131
FI,2020,06,06,FALSE,1,
AT,2016,04,01,FALSE,6,
FR,2017,07,10,FALSE,10,9036241
DE,2019,05,06,FALSE,25,11176929.53
CZ,2018,09,03,FALSE,7,567998.17
NL,2021,04,09,FALSE,7,3075000
RO,2018,08,09,FALSE,3,406379.5
CY,2017,01,04,FALSE,1,196316
SE,2022,unresolved,01,FALSE,4,660720.44
RO,2020,03,07,FALSE,1,296568.82
SK,2018,01,01,FALSE,24,75301617.45
FR,2022,unresolved,03,FALSE,17,4777299.23
EE,2016,02,04,FALSE,2,
ES,2017,05,08,FALSE,8,80582103.26
LT,2016,02,03,FALSE,11,5880240
IS,2023,05,none,FALSE,16,21890192.4646733
CZ,2024,07,07,FALSE,5,1428565.20067168
SE,2024,01,06,FALSE,4,260136.560383916
FR,2025,06,03,FALSE,9,3104745.5
NL,2017,08,05,TRUE,3,439172
DE,2021,10,08,FALSE,9,1495977
DE,2023,unresolved,09,FALSE,7,1377084
ES,2016,06,04,FALSE,16,28980004.92
CZ,2022,10,07,FALSE,2,1596373.87
SI,2019,02,04,FALSE,5,1761171.26
CZ,2025,04,06,FALSE,6,2410216.44431514
GR,2024,04,07,FALSE,4,3423603
CH,2024,05,06,FALSE,2,2355649.5435929
IE,2021,09,01,FALSE,12,3593060
SI,2021,08,03,FALSE,1,232431
PL,2023,09,03,FALSE,5,339773.75
UK,2018,01,05,TRUE,6,7218864.46
CZ,2021,02,02,FALSE,2,743681.83
PT,2019,06,05,TRUE,7,1525800.29
EE,2017,08,09,FALSE,2,395835.6
BE,2025,07,04,FALSE,9,5310890.94
FR,2023,05,08,FALSE,6,1766820
FI,2019,06,05,TRUE,7,1036350
SI,2022,02,01,FALSE,5,6377131.73
IT,2023,10,01,FALSE,4,7124956
CZ,2017,01,05,TRUE,7,2802007.3
FR,2017,01,07,FALSE,4,537964
ES,2021,07,09,FALSE,3,689374.1
NO,2019,unresolved,04,FALSE,6,1471916.84
BE,2018,07,04,FALSE,5,9715258.71
PT,2022,04,04,FALSE,15,19288851.52
MT,2016,09,none,FALSE,7,3020063.07
DK,2018,05,07,FALSE,1,
NL,2023,02,08,FALSE,1,
CZ,2016,03,01,FALSE,23,12247628.14
ES,2021,02,04,FALSE,12,29111970.86
CY,2020,07,01,FALSE,1,994553
UK,2019,10,10,FALSE,7,8845346.73
IT,2024,05,07,FALSE,8,229342115.79
NL,2024,04,06,FALSE,2,
RO,2024,03,03,FALSE,6,366937.275029617
GR,2025,07,07,FALSE,7,3865549.04
LT,2024,01,06,FALSE,2,530767.95
CZ,2022,07,05,TRUE,16,1893554.62
RO,2018,09,07,FALSE,2,786753.33
BG,2023,07,10,FALSE,11,268441.097238982
NO,2023,03,04,FALSE,1,1187813.04
UK,2017,04,04,FALSE,8,833339.97
IT,2024,01,07,FALSE,3,25304267.14
NO,2024,09,01,FALSE,4,534354.053438918
LT,2016,04,04,FALSE,6,3202930.61
DE,2023,07,03,FALSE,22,3927785.18
FI,2022,unresolved,01,FALSE,14,19665915
HU,2016,05,04,FALSE,2,716670.95
BE,2021,unresolved,03,FALSE,4,6e+06
IE,2018,01,05,TRUE,3,688145.46
BE,2020,10,04,FALSE,1,
NO,2019,unresolved,01,FALSE,21,43732309.67
GR,2018,01,01,FALSE,5,441710.14
DK,2023,01,04,FALSE,3,216543483.308842
DE,2016,unresolved,03,FALSE,5,556340.22
HU,2024,02,05,TRUE,3,1690290.93921273
FR,2025,03,04,FALSE,5,
BG,2024,08,06,FALSE,5,4903479.05205031
DK,2024,04,01,FALSE,11,892564520.448558
ES,2025,08,04,FALSE,8,3955161.2
ES,2024,10,01,FALSE,15,12582270.45
HR,2024,unresolved,01,FALSE,8,33120492.87
IE,2025,01,04,FALSE,19,10033085.39
EE,2023,02,02,FALSE,1,9806198.07
CZ,2024,05,06,FALSE,4,10449914.7583689
RO,2024,06,06,FALSE,10,1712889.86420585
SE,2024,03,01,FALSE,5,15021064.2704535
LT,2017,08,none,FALSE,20,16868008.4
LU,2023,02,none,FALSE,17,17774526.98
CY,2023,03,04,FALSE,1,969161.95
IT,2024,unresolved,05,TRUE,1,14083266.99
CZ,2023,unresolved,09,FALSE,1,4651.33048352982
CH,2025,03,02,FALSE,9,22890503.4765389
ES,2020,10,03,FALSE,1,154679.22
IT,2021,04,07,FALSE,3,536772.6
PL,2021,08,09,FALSE,15,1752852.84
HU,2016,05,07,FALSE,1,876573.34
IE,2019,unresolved,06,FALSE,1,
FR,2017,07,03,FALSE,5,4270877.12
MT,2018,04,03,FALSE,2,715984
IT,2019,01,05,TRUE,3,1396550.51
LT,2019,03,05,TRUE,2,317144.33
PL,2021,08,08,FALSE,6,11376939.61
MT,2019,06,04,FALSE,3,503386.42
DE,2018,unresolved,07,FALSE,1,
RO,2020,unresolved,05,TRUE,2,510368.93
UK,2020,09,07,FALSE,2,347308.08
IT,2016,06,04,FALSE,15,63092094.49
IE,2018,04,07,FALSE,1,230000
LV,2018,unresolved,01,FALSE,15,16650836.31
HR,2023,05,04,FALSE,7,62382524.44
AT,2017,01,09,FALSE,1,
PL,2023,09,09,FALSE,11,1515949.38847924
SE,2020,07,03,FALSE,3,477987.18
RO,2021,07,05,TRUE,3,254296.2
NL,2018,02,07,FALSE,1,
EE,2016,unresolved,04,FALSE,2,233215
AT,2020,07,05,TRUE,1,202427.46
PL,2019,05,08,FALSE,1,1163439.83
FR,2019,03,03,FALSE,8,477360
NO,2020,08,06,FALSE,7,3867515.76
PL,2019,09,09,FALSE,10,468805.78
LI,2017,05,04,FALSE,1,299840.78
SK,2022,05,07,FALSE,2,
NL,2019,04,03,FALSE,3,2003264
SK,2020,01,09,FALSE,1,1595000
IT,2020,03,01,FALSE,4,3246309.71
NO,2023,02,01,FALSE,5,1732227.35
CH,2021,07,04,FALSE,4,3499137.77
AT,2022,04,06,FALSE,3,4053403.9
MT,2023,unresolved,04,FALSE,2,287143.2
LU,2019,06,03,FALSE,1,53454.2
BG,2019,09,09,FALSE,1,112485.94
FI,2023,01,06,FALSE,2,580400
RO,2017,03,03,FALSE,1,115843.2
ES,2020,04,03,FALSE,5,10060044.63
FR,2023,07,09,FALSE,4,602576
LT,2025,unresolved,01,FALSE,3,174100
NL,2024,06,01,FALSE,7,1184170
LU,2025,08,none,FALSE,5,2210619.81
CY,2022,03,none,FALSE,7,4157679.14
AT,2024,02,03,FALSE,3,1825000
MT,2020,02,none,FALSE,1,
GR,2016,08,none,FALSE,14,27556388.76
PT,2024,unmapped,none,FALSE,2,559144
SI,2025,07,04,FALSE,11,6211999.12
FR,2019,07,10,FALSE,13,15500764.93
LV,2023,10,08,FALSE,4,117118.6
IT,2025,05,08,FALSE,3,3161309.51
IT,2018,03,01,FALSE,3,2529750
RO,2018,unresolved,09,FALSE,1,73055.44
PT,2019,09,04,FALSE,1,699300
DE,2018,03,05,TRUE,5,518319.3
HR,2022,01,04,FALSE,5,223208.12
PL,2016,10,01,FALSE,1,5654284.12
NL,2021,09,04,FALSE,12,9e+05
PL,2022,04,07,FALSE,7,8101148.22
CZ,2020,08,09,FALSE,10,2155549.54
LV,2019,09,01,FALSE,4,230555.96
SE,2018,04,06,FALSE,2,194964.08
SK,2023,08,06,FALSE,3,200593.85
FR,2025,01,06,FALSE,15,1387907.03
HU,2018,08,06,FALSE,9,10764465.81
UK,2016,08,06,FALSE,4,3992431.78
FR,2017,08,05,TRUE,9,12820683.61
MT,2023,04,01,FALSE,2,248712
BE,2023,01,06,FALSE,1,
CY,2025,02,03,FALSE,1,43485
NL,2024,02,04,FALSE,2,968375
ES,2024,03,07,FALSE,5,79261175.38
FR,2019,08,03,FALSE,1,152565
NO,2018,02,04,FALSE,2,101638.13
DK,2016,unresolved,03,FALSE,1,
CH,2019,09,10,FALSE,8,3237111.99
IT,2021,02,04,FALSE,4,6059885.65
MK,2019,04,05,TRUE,2,886564.59
FR,2023,unresolved,06,FALSE,5,1257206.67
FI,2021,05,04,FALSE,3,
LT,2019,unresolved,06,FALSE,2,112725.57
IS,2017,01,06,FALSE,1,257515
SI,2023,02,01,FALSE,3,2394486.07
LT,2016,09,04,FALSE,2,286345.62
FI,2022,04,01,FALSE,4,
FR,2021,05,09,FALSE,2,486825
IT,2019,04,06,FALSE,4,7769719.06
CY,2024,04,04,FALSE,2,510844
SE,2025,02,01,FALSE,4,21394096.3110587
PT,2024,05,06,FALSE,7,9031507.08
NL,2018,05,01,FALSE,5,157000
LV,2016,08,05,TRUE,1,1555573.76
SK,2016,04,05,TRUE,2,5953333.33
SK,2022,09,04,FALSE,3,3137681.34
UK,2020,09,08,FALSE,2,3708197.17
NL,2016,02,01,FALSE,2,
SK,2016,05,07,FALSE,1,
ES,2017,02,04,FALSE,7,5975011.86
HR,2016,unresolved,04,FALSE,3,204245.19
GR,2019,08,09,FALSE,3,227994.01
FI,2024,06,01,FALSE,1,
AT,2025,05,06,FALSE,2,
ES,2018,08,08,FALSE,1,
FR,2018,09,07,FALSE,2,94000
EE,2020,09,04,FALSE,1,
PL,2022,unresolved,09,FALSE,1,3445.19
BG,2017,07,01,FALSE,2,275364.04
UK,2017,02,01,FALSE,3,1106156.46
LV,2020,03,01,FALSE,6,3654744.84
PL,2016,03,03,FALSE,1,1027812.61
NO,2023,05,01,FALSE,2,8670572.98797075
PL,2018,03,03,FALSE,1,3418869.41
EE,2025,09,04,FALSE,1,
BE,2025,05,08,FALSE,1,
FI,2018,unresolved,05,TRUE,1,
RO,2021,unresolved,05,TRUE,2,862947.6
PT,2018,07,10,FALSE,5,1581091.94
ES,2019,03,07,FALSE,3,9329660.12
MT,2021,06,01,FALSE,1,
BE,2016,06,04,FALSE,7,10869853.06
NO,2020,09,08,FALSE,1,811355.24
SE,2024,01,09,FALSE,4,
HR,2022,09,09,FALSE,1,119416.08
FR,2023,08,03,FALSE,1,
IE,2021,09,04,FALSE,4,1824804.44
GR,2020,09,10,FALSE,1,2609863.09
BE,2022,09,04,FALSE,3,
IE,2022,unresolved,04,FALSE,1,8e+05
CH,2020,09,04,FALSE,2,817952.36
RO,2021,02,05,TRUE,2,7790307.83
EE,2025,09,05,TRUE,1,42800
BG,2024,06,06,FALSE,2,472440.94488189
DK,2025,01,03,FALSE,3,2141676.99097812
EE,2024,10,06,FALSE,4,6203639.77
IE,2019,09,05,TRUE,2,288274
GR,2019,10,08,FALSE,1,16840370.16
NO,2022,09,08,FALSE,2,839835.49
IS,2019,01,04,FALSE,1,
SK,2017,09,04,FALSE,3,
LT,2025,05,06,FALSE,1,1e+05
LT,2023,10,04,FALSE,1,680462.36
DK,2016,01,04,FALSE,5,570568.96
AT,2023,03,02,FALSE,6,5277716.98
HU,2018,unresolved,08,FALSE,5,2712251.62
HU,2017,09,09,FALSE,3,970277.18
UK,2017,unresolved,05,TRUE,3,396580.24
DE,2024,unresolved,03,FALSE,2,1457732.83
LT,2021,07,10,FALSE,3,110000
CZ,2018,04,09,FALSE,5,961212.09
FI,2024,07,08,FALSE,1,35000
FI,2025,01,06,FALSE,1,575000
DK,2025,04,03,FALSE,1,
BG,2024,07,04,FALSE,7,5737646.4873709
PL,2024,07,08,FALSE,2,17049.1816595891
IT,2025,08,04,FALSE,2,1840423.65
AT,2021,04,06,FALSE,1,6885000
IE,2021,01,09,FALSE,1,
AT,2023,08,09,FALSE,2,1524329.25
FI,2021,02,04,FALSE,3,1882680
LV,2022,10,01,FALSE,1,174580.4
FR,2025,03,03,FALSE,4,
PL,2025,08,08,FALSE,5,1676594.65149179
CH,2025,09,03,FALSE,1,603601.579882019
FR,2021,05,08,FALSE,8,5363980.84
LT,2018,03,08,FALSE,2,163026.81
BE,2016,01,09,FALSE,2,242135
PL,2018,04,07,FALSE,2,1859253.63
MK,2021,unresolved,01,FALSE,2,591991.69
NO,2016,05,01,FALSE,1,
SE,2019,02,06,FALSE,1,168097.38
LV,2021,01,01,FALSE,10,4800618.18
PL,2021,09,05,TRUE,4,718715.06
BE,2022,09,08,FALSE,1,
IE,2021,08,06,FALSE,1,180560.7
GR,2022,07,05,TRUE,3,316772.72
CZ,2025,07,03,FALSE,2,95971.2471382369
ES,2022,08,04,FALSE,3,357932.83
AT,2018,unresolved,03,FALSE,2,
GR,2019,09,05,TRUE,1,193780
BE,2017,03,01,FALSE,3,819875.4
AT,2023,01,06,FALSE,1,79345.22
IE,2020,03,04,FALSE,1,708365
CH,2021,01,08,FALSE,2,224254.93
NO,2018,05,05,TRUE,2,
LT,2020,06,05,TRUE,2,3272700
HU,2021,05,05,TRUE,2,744871.45
LV,2016,08,06,FALSE,1,1225895.76
EE,2016,09,06,FALSE,1,2880000
NO,2023,08,05,TRUE,2,13035201.99
SK,2019,09,03,FALSE,1,
GR,2018,07,07,FALSE,2,230672
SK,2023,05,09,FALSE,2,7190.1
EE,2025,03,01,FALSE,2,
LI,2025,05,none,FALSE,1,405111.471321698
SE,2017,03,01,FALSE,3,880297.56
AT,2017,05,01,FALSE,1,
FI,2023,unresolved,09,FALSE,1,
AT,2025,09,08,FALSE,1,845010.91
SK,2025,04,03,FALSE,1,625000
LT,2020,02,04,FALSE,2,1095950.84
IS,2018,04,04,FALSE,1,
LV,2016,05,08,FALSE,1,218714.4
PL,2019,07,05,TRUE,2,125757.5
FR,2018,02,02,FALSE,2,11113600
ES,2022,10,04,FALSE,2,2190000
RO,2017,07,04,FALSE,1,
MT,2020,08,09,FALSE,1,15453.6
RO,2019,03,03,FALSE,3,3141247.55
IE,2018,04,06,FALSE,1,
GR,2024,02,01,FALSE,2,392000
CY,2016,03,01,FALSE,1,209880
DE,2020,04,08,FALSE,4,
DK,2018,02,01,FALSE,4,1515456.45
LU,2024,09,01,FALSE,3,366000
BG,2022,04,07,FALSE,1,
MT,2016,unresolved,09,FALSE,1,8984250
LT,2018,07,07,FALSE,1,158638.25
MK,2019,03,04,FALSE,1,4877572.92
ES,2020,07,05,TRUE,1,671692.18
GR,2020,09,08,FALSE,1,
FR,2025,10,06,FALSE,1,350008
SK,2022,unresolved,05,TRUE,3,
NO,2019,unresolved,08,FALSE,2,
LV,2023,03,03,FALSE,1,961751
LT,2019,07,05,TRUE,1,35059.5
PL,2020,01,06,FALSE,2,971549.86
UK,2021,08,06,FALSE,2,24286340.06
IT,2024,06,07,FALSE,1,456748
EE,2022,06,06,FALSE,1,
GR,2017,10,07,FALSE,1,1469099.73
LV,2019,08,09,FALSE,1,144411.4
BG,2017,09,10,FALSE,1,377809.59
IT,2024,unresolved,08,FALSE,1,374053.65
EE,2018,06,01,FALSE,1,501285
CZ,2022,02,06,FALSE,1,
PL,2021,05,06,FALSE,1,6362547.1
FR,2023,02,09,FALSE,1,
SE,2023,08,01,FALSE,1,287836.32
BG,2018,04,07,FALSE,1,42608.31
DE,2021,09,07,FALSE,1,730054.6
MT,2023,01,03,FALSE,1,
UK,2018,03,07,FALSE,3,997479.4
HR,2016,05,07,FALSE,2,318519.11
IS,2018,03,04,FALSE,1,642785.14
FR,2025,10,03,FALSE,2,289262.5
BE,2024,06,01,FALSE,2,625000
AT,2024,01,05,TRUE,3,713028
FI,2024,10,09,FALSE,2,3960000
CZ,2018,08,01,FALSE,2,197443.53
LI,2023,08,none,FALSE,1,213397.03
HR,2025,10,04,FALSE,1,118061.15
GR,2025,05,05,TRUE,2,66421653
PL,2024,05,06,FALSE,3,1798338.33943611
NL,2025,09,09,FALSE,1,
LT,2019,09,07,FALSE,1,85507.95
RO,2016,03,06,FALSE,1,
CY,2016,04,04,FALSE,1,243000
MT,2021,unresolved,09,FALSE,1,
CH,2022,02,03,FALSE,2,3373147.53
FR,2022,09,06,FALSE,1,5585650
HR,2018,09,01,FALSE,2,674305.13
IS,2020,04,04,FALSE,1,
IT,2023,unresolved,09,FALSE,2,1064225.34
CZ,2024,07,06,FALSE,1,338875.837691284
IE,2017,04,03,FALSE,1,
AT,2019,09,04,FALSE,2,2284413
DE,2019,05,03,FALSE,1,130000
PT,2018,unresolved,03,FALSE,1,698900
DK,2021,10,01,FALSE,1,3337154.63
GR,2024,09,09,TRUE,1,978066.74
HR,2025,01,05,TRUE,2,195120
ES,2024,07,07,FALSE,2,284500
BG,2023,08,01,FALSE,1,429921.26
DK,2022,02,08,FALSE,3,1748016.67
PL,2016,02,08,FALSE,3,13066129.96
CH,2016,06,04,FALSE,1,3337302.89
MT,2021,01,09,FALSE,1,365200
BG,2023,unresolved,06,FALSE,1,24831.31
FR,2025,09,10,FALSE,1,15000
SI,2025,08,08,FALSE,1,180828
FI,2025,02,01,FALSE,1,1014722
CZ,2022,07,03,FALSE,1,974878.35
BG,2016,unresolved,08,FALSE,1,1433153.29
AT,2023,10,07,FALSE,1,7270000
DE,2024,unresolved,09,FALSE,1,252000
IE,2016,04,07,FALSE,1,
AT,2019,04,06,FALSE,3,3381712.91
SI,2017,02,01,FALSE,3,498970.76
MT,2021,09,09,FALSE,2,
HU,2024,03,02,FALSE,1,702645.593295356
DK,2018,unresolved,05,TRUE,1,939193.9
FR,2022,07,06,FALSE,1,
HU,2018,unresolved,05,TRUE,2,465704.29
PL,2024,unresolved,08,FALSE,2,
BG,2019,unresolved,07,FALSE,2,1520160.55
LT,2016,unresolved,04,FALSE,3,6472500.19
BG,2019,03,03,FALSE,3,1571749.15
NO,2024,01,03,FALSE,1,203789.68502949
EE,2021,03,03,FALSE,1,
AT,2018,01,08,FALSE,1,
AT,2021,unresolved,06,FALSE,1,
SI,2017,05,05,TRUE,1,
NL,2020,10,09,FALSE,1,
CH,2021,05,05,TRUE,1,
SE,2021,04,06,FALSE,1,18051254.72
IT,2022,08,08,FALSE,1,721267.92
NL,2019,unresolved,06,FALSE,1,85000
RO,2022,01,06,FALSE,1,543177.89
IE,2025,02,03,FALSE,2,4e+06
IT,2017,08,04,FALSE,2,2100773.74
CH,2021,10,01,FALSE,1,22000
LT,2016,02,04,FALSE,1,306954.84
PT,2022,08,04,FALSE,1,673554
MT,2021,unresolved,01,FALSE,1,34899.82
NO,2017,01,06,FALSE,1,321646.83
UK,2020,unresolved,03,FALSE,1,
SE,2017,01,07,FALSE,1,342497.74
LV,2019,08,01,FALSE,1,201320.1
BE,2022,03,01,FALSE,2,226661.44
IE,2018,08,06,FALSE,2,950656
FR,2024,10,10,FALSE,1,
GR,2020,07,09,FALSE,1,
IT,2018,unresolved,07,FALSE,1,
CY,2021,07,01,FALSE,1,279588
FR,2017,09,05,TRUE,1,4e+05
SI,2025,01,03,FALSE,1,115015.16
CZ,2024,07,08,FALSE,1,391264.379632174
PT,2018,02,01,FALSE,1,1640736
PT,2016,01,09,FALSE,1,312676.92
LV,2016,01,04,FALSE,1,
UK,2023,06,04,FALSE,1,809844.02
CH,2020,03,04,FALSE,1,172370.48
CY,2022,03,01,FALSE,2,1879888
DK,2020,01,09,FALSE,1,
NO,2024,03,01,FALSE,1,
SE,2025,09,06,FALSE,1,
CZ,2018,02,02,FALSE,1,551274.34
HU,2018,08,08,FALSE,1,382388.91
CH,2019,10,09,FALSE,1,142922.28
ES,2016,unresolved,03,FALSE,1,47174
PT,2022,10,08,FALSE,1,4358000
BE,2022,09,09,FALSE,1,
AT,2018,09,09,FALSE,1,
IE,2018,08,09,FALSE,1,
BE,2017,04,08,FALSE,1,1.8e+07
SE,2021,09,09,FALSE,1,246390.38
PL,2018,04,09,FALSE,1,409000
AT,2024,unresolved,05,TRUE,1,457927.27
LV,2020,09,04,FALSE,1,180000
CH,2022,03,03,FALSE,1,260749.88
SI,2020,08,01,FALSE,1,371700
DK,2017,01,08,FALSE,1,
LT,2020,04,07,FALSE,1,260134.56
IE,2023,03,04,FALSE,1,
LT,2020,05,01,FALSE,1,5e+05
UK,2019,09,03,FALSE,1,497939.09
LV,2021,07,03,FALSE,1,165917.77
MT,2024,01,08,FALSE,1,389360
BE,2024,01,none,FALSE,2098,3813999261.37
ES,2025,04,none,FALSE,3089,15900341151.8
DE,2023,07,none,FALSE,5954,2187645760.68
IT,2024,01,none,FALSE,2108,9582626773.871
IT,2025,01,08,FALSE,8,5941244.09
SK,2023,03,01,FALSE,18,170704978.78
ES,2024,01,none,FALSE,6821,10133814055.728
DK,2024,09,none,FALSE,216,265976538.475379
IT,2024,07,none,FALSE,850,6840095016.1404
RO,2025,09,none,FALSE,1031,565201421.213252
FI,2025,09,none,FALSE,289,351719639.834476
LT,2025,07,none,FALSE,1791,528630442.35
ES,2024,08,none,FALSE,933,1210994639.33
PL,2025,03,none,FALSE,1741,1308729080.25241
RO,2024,05,none,FALSE,345,784827174.192805
ES,2025,08,06,FALSE,48,159135496.24
DE,2025,07,01,FALSE,319,64641523.23
RO,2024,06,04,FALSE,8,1784972.04653229
FR,2024,08,06,FALSE,469,114974228.85
PT,2024,09,none,FALSE,369,942742016.24
HU,2023,04,none,FALSE,1210,2659240796.67091
LV,2023,05,none,FALSE,152,73812053.51
SI,2024,02,none,FALSE,98,260859694.49
SK,2023,04,none,FALSE,868,2350300882.21
PT,2025,10,none,FALSE,190,208507547.28
IT,2025,06,none,FALSE,412,908552489.222
EE,2024,09,none,FALSE,274,142026676.83
PL,2024,08,06,FALSE,209,140874542.533864
NL,2025,09,none,FALSE,1402,1991592179.94464
EE,2025,09,none,FALSE,308,152046559.56
GR,2025,01,none,FALSE,679,1402851808.55
DE,2025,02,none,FALSE,756,187623995.31
IT,2025,08,none,FALSE,446,1472511955.10937
CZ,2024,02,none,FALSE,441,916969586.818802
CH,2024,01,01,FALSE,38,432699910.623631
IT,2025,05,05,TRUE,17,130825420.03
ES,2023,01,03,FALSE,20,56500007.65
DK,2023,01,none,FALSE,652,2352446032.73974
HU,2024,01,01,FALSE,85,518233952.063433
RO,2024,04,05,TRUE,150,308500045.859566
NO,2025,10,none,FALSE,28,40155023.9673488
CY,2025,02,none,FALSE,16,7218954.05
NL,2025,02,03,FALSE,15,323211966.75
DE,2025,01,05,TRUE,340,227017745.15
DE,2024,10,04,FALSE,98,18131221.45
IE,2025,07,none,FALSE,346,1699706212.9142
HU,2025,07,none,FALSE,478,274772737.600894
BE,2024,08,none,FALSE,96,123175265.53
RO,2020,10,none,FALSE,641,319547859.77
DE,2022,04,none,FALSE,8244,8435101314.42
SE,2022,01,none,FALSE,3520,7077548699.94
FR,2017,unresolved,none,FALSE,4133,5822224273.29
PL,2018,05,none,FALSE,1771,1357109335.8
FI,2016,unresolved,none,FALSE,251,472505250.55
ES,2016,04,none,FALSE,1936,5245726030.97
BE,2021,01,none,FALSE,1111,1735031741.7
MT,2022,01,none,FALSE,218,86582492.79
AT,2021,03,none,FALSE,96,36253938.54
DE,2016,07,none,FALSE,3252,1763491633.33
FR,2016,02,none,FALSE,594,676798013.81
FR,2016,04,none,FALSE,5536,10595061859.23
SI,2018,unresolved,none,FALSE,406,107802607.02
BE,2020,unresolved,none,FALSE,558,571300769.16
HU,2017,04,none,FALSE,691,6558252067.51
UK,2017,06,none,FALSE,1403,4007702622.11
CZ,2021,03,none,FALSE,735,309279952.58
NL,2023,09,none,FALSE,1387,1820648011.24
SK,2020,09,none,FALSE,196,38081621.28
ES,2017,09,none,FALSE,808,1012648655.53
PL,2018,02,none,FALSE,748,1610018722.83
NL,2016,09,none,FALSE,713,328503546
ES,2016,08,none,FALSE,401,556646780.3
PT,2019,02,none,FALSE,71,40032562.93
LT,2023,04,none,FALSE,1306,2136155544.93
FR,2020,09,none,FALSE,1217,1421557430.05
PL,2018,09,none,FALSE,1735,421376685.41
SI,2016,04,none,FALSE,530,724660215.84
DK,2016,04,none,FALSE,472,2573239664.67
LV,2022,04,none,FALSE,967,1522508255.04
FR,2016,06,none,FALSE,2970,3240365946.58
UK,2019,09,none,FALSE,1575,6182445775.44
CZ,2023,07,none,FALSE,5002,4797291709.34374
LU,2023,unresolved,none,FALSE,140,332305248.82
FR,2020,07,none,FALSE,2634,4956903583.26
CZ,2021,09,none,FALSE,1265,247455894.13
HR,2021,09,none,FALSE,218,108396014.66
HR,2019,07,none,FALSE,609,382581651.64
RO,2021,06,none,FALSE,564,868362191.79
DE,2022,02,none,FALSE,829,341901814.44
NO,2016,01,none,FALSE,935,865393113.89
IT,2021,04,none,FALSE,1994,14345896799.85
CZ,2023,04,none,FALSE,4810,10932181442.0021
FR,2023,07,none,FALSE,2736,10471765022.75
PT,2023,04,none,FALSE,533,2169155204.42
DK,2023,05,none,FALSE,320,850464559.407916
NL,2017,unresolved,none,FALSE,280,871481018.69
CZ,2020,02,none,FALSE,314,165012322.52
IT,2023,07,none,FALSE,1993,13034956721.47
DE,2018,10,none,FALSE,721,220892514.87
DK,2021,01,none,FALSE,580,1284695409.87
DE,2019,02,none,FALSE,761,721875464.59
IT,2023,02,none,FALSE,189,775066386.06
LV,2023,02,none,FALSE,206,77877112.93
LT,2022,unresolved,none,FALSE,508,390789896.38
DK,2017,05,none,FALSE,228,405955922.28
CZ,2016,04,none,FALSE,1355,2007728165.71
RO,2022,08,none,FALSE,320,313749264.16
EE,2017,09,none,FALSE,192,119453236.06
LV,2018,09,none,FALSE,346,123421863.57
MT,2023,01,none,FALSE,230,197216660.28
SK,2018,04,none,FALSE,736,829213687.59
LV,2017,09,none,FALSE,185,56207065.66
CH,2019,01,none,FALSE,1089,2940677631.91
BG,2018,02,none,FALSE,106,64547068.66
RO,2023,06,none,FALSE,882,2434167291.25955
FI,2020,07,none,FALSE,673,1281747700.68
RO,2016,06,none,FALSE,96,100832958.32
ES,2016,09,none,FALSE,610,902294133.35
NL,2023,03,none,FALSE,268,302231445.47
HU,2017,09,none,FALSE,111,128446996.85
ES,2022,06,none,FALSE,563,1097832765.62
FR,2019,03,none,FALSE,780,832388937.03
AT,2021,09,06,FALSE,2,250000
DE,2022,01,04,FALSE,777,491770533.38
DE,2020,04,05,TRUE,394,129990016.17
DE,2019,07,01,FALSE,80,29740148.81
FR,2023,08,06,FALSE,499,344508775.64
ES,2016,02,03,FALSE,15,16212166.04
FR,2019,08,06,FALSE,493,136023531.51
FR,2017,06,05,TRUE,116,77375982.4
NO,2019,01,01,FALSE,87,133089683.69
SK,2023,unresolved,01,FALSE,30,8633905.88
DE,2017,06,04,FALSE,69,39193658.56
DE,2023,01,04,FALSE,971,724731674.96
NO,2020,06,05,TRUE,21,37265833.88
CZ,2018,01,01,FALSE,169,65005828.8
CZ,2017,04,05,TRUE,60,128670081.32
DE,2022,04,03,FALSE,53,9082358.73
PL,2022,08,06,FALSE,306,118264432.07
FR,2020,07,04,FALSE,30,172705516.15
RO,2023,06,05,TRUE,109,504370349.173196
NO,2018,01,01,FALSE,86,65231123.4
SE,2018,01,04,FALSE,73,111942643.07
DE,2019,unresolved,01,FALSE,236,139102795.49
IS,2021,07,none,FALSE,32,49105961.04
BG,2018,05,none,FALSE,166,176715214.83
ES,2016,06,none,FALSE,234,513189943.93
BG,2023,unresolved,none,FALSE,1732,492031382.995265
AT,2023,07,none,FALSE,550,986372528.69
BE,2016,05,none,FALSE,264,158824567.1
ES,2022,08,none,FALSE,993,1338472490.39
AT,2017,04,none,FALSE,477,945611094.99
CH,2022,06,none,FALSE,123,1051707371.86
BE,2022,02,none,FALSE,91,975709981.3
HR,2020,05,none,FALSE,140,207005453.98
MK,2017,07,none,FALSE,118,8000617.59
CH,2018,01,none,FALSE,988,2029818181
CZ,2019,08,none,FALSE,182,119955667.81
IE,2021,05,none,FALSE,66,37054494.62
UK,2016,unresolved,none,FALSE,654,3211905196.74
UK,2017,05,none,FALSE,373,2059603243.52
BE,2020,02,none,FALSE,111,203797911.56
SK,2023,05,none,FALSE,184,281803744.33
FI,2020,04,none,FALSE,808,1793299041.43
PT,2020,unresolved,none,FALSE,292,274503923.8
MK,2016,06,none,FALSE,54,1237600.03
IE,2019,03,none,FALSE,15,7288832.12
NO,2016,09,none,FALSE,149,137127857.45
PT,2018,09,none,FALSE,123,114551863.71
FI,2016,07,none,FALSE,333,695266481
PL,2020,10,none,FALSE,45,30393961.95
LT,2021,10,none,FALSE,54,37962853.92
NO,2019,02,none,FALSE,41,150668122.34
HR,2019,05,none,FALSE,192,335574147.01
IE,2018,07,none,FALSE,93,773260763.04
MT,2021,04,none,FALSE,46,37038729.36
CH,2017,07,none,FALSE,220,480143943.45
IS,2021,01,none,FALSE,99,143908963.43
RO,2018,03,none,FALSE,232,64858216.16
ES,2016,02,none,FALSE,183,215572100.25
CH,2019,06,none,FALSE,160,222198083.58
SK,2021,01,none,FALSE,202,129824883.84
IT,2022,03,none,FALSE,132,546605890.47
RO,2020,05,none,FALSE,197,777102781.14
LU,2021,unresolved,none,FALSE,90,110083886.84
ES,2021,08,06,FALSE,66,123308816.43
DE,2023,08,04,FALSE,20,21760547.71
PL,2018,07,01,FALSE,92,32765305.47
BE,2020,01,05,TRUE,9,1528156.35
BG,2022,unresolved,01,FALSE,86,23630400.89
IT,2023,08,05,TRUE,33,14355986.13
EE,2021,04,01,FALSE,26,4750990.31
HR,2023,04,05,TRUE,26,18429648.96
DE,2021,06,05,TRUE,171,116978493.88
NO,2022,07,07,FALSE,1,
FR,2022,01,08,FALSE,33,485027896.72
LU,2017,04,04,FALSE,4,1384500
SE,2022,06,01,FALSE,10,4162424.47
FR,2023,04,01,FALSE,114,71175641.27
HR,2023,04,01,FALSE,34,43667668.25
CZ,2021,03,04,FALSE,396,23550879.69
DE,2020,01,05,TRUE,155,56289388.63
NL,2018,09,01,FALSE,51,68335859.7
FI,2018,01,04,FALSE,25,9747177
CZ,2017,unresolved,01,FALSE,101,88317318.17
DE,2020,08,06,FALSE,55,15476869.16
FR,2021,04,04,FALSE,77,7254248.57
BG,2023,unresolved,04,FALSE,35,6496754.8403753
FR,2018,03,04,FALSE,10,82886238
PL,2023,04,05,TRUE,472,422057880.854177
CH,2018,unresolved,01,FALSE,20,131193305.33
DE,2018,07,04,FALSE,133,92305505.36
FR,2023,10,09,FALSE,121,470315370.43
DK,2020,03,02,FALSE,21,104716152.77
BE,2017,08,06,FALSE,18,2984422.33
FR,2016,01,09,FALSE,39,6319135
FR,2021,01,01,FALSE,292,181666566.67
ES,2017,04,05,TRUE,53,258929119.25
NO,2016,08,06,FALSE,8,474591.85
NL,2021,04,03,FALSE,7,6243565.08
BE,2019,10,01,FALSE,9,2346202.16
PL,2020,08,06,FALSE,192,49533602.66
LT,2020,04,05,TRUE,22,48646753.37
LV,2020,07,09,FALSE,11,706924.27
DK,2021,03,02,FALSE,21,41829452.44
DE,2022,01,05,TRUE,226,105594926.84
SE,2019,07,01,FALSE,21,53326189.19
SE,2022,09,09,FALSE,13,2487163.07
BG,2022,06,05,TRUE,16,18299946.43
IT,2020,04,05,TRUE,71,550743327.13
BE,2016,10,07,FALSE,1,19348786.35
IT,2019,06,05,TRUE,42,92998346.49
FR,2016,unresolved,01,FALSE,172,208611511.92
BG,2022,04,05,TRUE,68,22163173.15
CZ,2022,04,05,TRUE,155,384196316.95
DK,2023,07,10,FALSE,21,311018336.0617
PT,2023,09,09,FALSE,2,17213000
DE,2020,04,03,FALSE,53,23081608.96
RO,2019,08,09,FALSE,4,589260.9
FR,2023,02,03,FALSE,29,134488472.93
BE,2016,unresolved,01,FALSE,35,8966259.95
NL,2023,04,05,TRUE,32,25634477.83
FR,2019,04,04,FALSE,114,57163171.48
FR,2018,03,02,FALSE,18,69817601.02
IT,2017,08,05,TRUE,10,52439089.83
PL,2023,07,04,FALSE,38,70178616.7401753
FR,2020,03,03,FALSE,2,392636
PT,2017,06,05,TRUE,10,11997958.53
DE,2018,unresolved,04,FALSE,172,109857958.91
SE,2019,04,04,FALSE,82,91593051.38
NL,2020,08,09,FALSE,12,1396050
UK,2020,01,01,FALSE,67,92380395.88
CZ,2020,unresolved,05,TRUE,19,39746310.32
FR,2017,09,03,FALSE,11,5336190.21
IS,2023,04,none,FALSE,96,257695177.817192
ES,2019,02,03,FALSE,64,83705905.17
FR,2019,04,01,FALSE,97,148599588.61
PT,2020,08,05,TRUE,1,185000
HR,2018,03,01,FALSE,4,3037061.82
ES,2023,09,09,FALSE,4,598222.88
UK,2018,01,01,FALSE,124,103485285.35
RO,2016,04,05,TRUE,34,10604955.98
LV,2023,01,01,FALSE,6,1501616.69
DE,2019,01,08,FALSE,13,2103311.08
IT,2016,unresolved,01,FALSE,84,256249731.22
PL,2017,unresolved,03,FALSE,12,4307667.69
LV,2021,03,03,FALSE,2,797884.42
HU,2017,unresolved,01,FALSE,81,100250839.22
BG,2020,05,01,FALSE,5,313847.25
SE,2020,06,04,FALSE,31,39560644.53
HU,2020,04,05,TRUE,27,115898264.91
GR,2023,01,01,FALSE,42,84363626.46
MT,2023,04,04,FALSE,1,2332375.12
BG,2024,01,04,FALSE,26,24386617.7625524
DE,2024,03,04,FALSE,26,2474628.8
IT,2024,01,01,FALSE,94,1492708849.75
FR,2024,05,07,FALSE,23,8027304.85
SI,2025,01,01,FALSE,44,53919671.86
MT,2024,04,none,FALSE,95,206053528.27
SE,2025,04,01,FALSE,10,15641163.1457132
DE,2025,08,05,TRUE,13,1943232.66
IT,2025,07,10,FALSE,33,276013158.55
AT,2025,06,04,FALSE,22,7828811.52
LU,2024,04,none,FALSE,67,588743167.35
BE,2024,02,none,FALSE,73,318667725.67
SE,2019,10,none,FALSE,118,458289879.29
RO,2021,06,01,FALSE,12,6395614.44
DE,2016,unresolved,01,FALSE,133,30638616.49
AT,2019,08,08,FALSE,1,
SK,2019,04,04,FALSE,8,7159113
HR,2021,03,01,FALSE,3,7498601.83
IT,2017,04,01,FALSE,21,38905360.27
FR,2018,05,01,FALSE,31,3987580.12
DE,2021,05,04,FALSE,87,85381179.41
BE,2021,03,02,FALSE,10,4692715.62
IT,2021,10,09,FALSE,22,46276133.82
SE,2020,02,none,FALSE,61,89888180.51
NL,2017,02,01,FALSE,49,18702989.51
HU,2023,04,01,FALSE,37,29884588.5036829
PL,2018,01,03,FALSE,6,2546078.1
FI,2016,06,none,FALSE,156,264950810.85
ES,2019,04,09,FALSE,14,3839564.75
SI,2019,01,01,FALSE,27,9388334.81
GR,2020,07,07,FALSE,3,452384.76
IT,2018,04,01,FALSE,38,100311209.47
IT,2023,03,04,FALSE,5,4942936.2
FR,2016,04,01,FALSE,50,15106052
DE,2024,10,07,FALSE,21,7597835.46
AT,2025,09,01,FALSE,13,4691487.37
DE,2019,03,04,FALSE,24,10284277.03
SI,2021,07,04,FALSE,14,1302918.25
EE,2023,unresolved,01,FALSE,15,9329286.7
DK,2022,04,03,FALSE,3,82568639.1
FR,2022,08,08,FALSE,4,34563.35
GR,2024,03,none,FALSE,69,123294619.74
HR,2021,01,01,FALSE,25,2610042.11
SE,2019,02,03,FALSE,5,1419883.89
BG,2022,02,09,FALSE,1,3876.16
FR,2018,10,04,FALSE,13,2848422.06
AT,2023,01,01,FALSE,20,9065535.78
RO,2023,04,04,FALSE,96,96682252.9308873
PL,2020,04,01,FALSE,62,97030856.65
BE,2020,04,04,FALSE,12,14884631.06
MT,2025,06,04,FALSE,1,2191257.17
LU,2021,05,none,FALSE,42,61175223.33
FR,2016,06,01,FALSE,34,9264311.82
LU,2022,01,01,FALSE,9,2970359
NO,2021,01,04,FALSE,18,30308308.3
FR,2019,03,05,TRUE,2,
PL,2018,08,09,FALSE,40,7223826.01
UK,2019,07,01,FALSE,50,44764832.77
LV,2019,unresolved,01,FALSE,20,43557360.6
FR,2020,09,01,FALSE,37,18216763
EE,2018,04,05,TRUE,14,1898928.32
SI,2020,unresolved,08,FALSE,3,784842.5
LU,2020,04,01,FALSE,4,1620938
RO,2016,08,06,FALSE,11,2349919.98
NL,2022,09,03,FALSE,4,1451135.18
CZ,2023,unresolved,04,FALSE,73,73585932.6283063
IT,2023,05,01,FALSE,9,4812305.28
UK,2017,05,04,FALSE,15,77965198.33
NO,2022,04,04,FALSE,9,22294751.12
CZ,2017,02,01,FALSE,18,11833215.07
UK,2017,05,05,TRUE,2,1396192.41
BG,2022,08,06,FALSE,6,9200242
SK,2021,08,06,FALSE,6,1558648.71
PL,2022,05,07,FALSE,100,48544048.23
SK,2022,unresolved,04,FALSE,7,213071.66
GR,2021,04,07,FALSE,10,13947518.75
LT,2021,07,07,FALSE,3,512000
CZ,2023,05,01,FALSE,7,1138089.80399143
FR,2016,01,08,FALSE,23,11121011.84
BE,2016,07,01,FALSE,15,5182115.56
LV,2017,01,01,FALSE,15,3288811.21
BG,2016,04,04,FALSE,60,40698079.74
NO,2022,02,01,FALSE,6,3384727.39
PL,2020,02,03,FALSE,45,29893615.03
AT,2020,04,04,FALSE,30,21258523.27
HR,2018,09,06,FALSE,3,41494475.83
UK,2019,10,09,FALSE,10,20088808.01
LT,2022,07,01,FALSE,21,6728986.41
BE,2017,03,02,FALSE,12,2620885.88
ES,2020,02,03,FALSE,41,40161614.37
AT,2021,07,05,TRUE,3,3266346.77
FR,2021,unresolved,06,FALSE,8,624800
BG,2016,unresolved,04,FALSE,18,2921977.69
GR,2022,04,04,FALSE,8,23665401.89
HU,2017,01,01,FALSE,13,7403343.69
IE,2017,04,05,TRUE,13,1612053
GR,2023,03,07,FALSE,1,1400000
LT,2017,05,none,FALSE,113,78505153.67
MK,2021,04,none,FALSE,72,15612350.41
DK,2016,03,none,FALSE,42,66470571.28
CH,2022,08,none,FALSE,55,78537931.96
NL,2023,08,none,FALSE,152,180305583.86
CH,2016,07,none,FALSE,116,1307043.22
IE,2018,01,none,FALSE,266,440117126.16
CH,2020,10,none,FALSE,51,74842321.75
AT,2023,06,none,FALSE,232,348200386.29
AT,2019,07,none,FALSE,393,447841531.09
NL,2020,10,none,FALSE,81,49540188
BE,2017,07,none,FALSE,529,335248324.34
EE,2022,03,none,FALSE,31,16826540.33
IE,2017,02,none,FALSE,19,11862784.62
FI,2017,03,none,FALSE,49,62752012
SK,2017,05,none,FALSE,79,190261812.41
HR,2018,08,none,FALSE,14,2799209.56
IE,2018,02,none,FALSE,31,61893429.25
CH,2023,05,none,FALSE,157,1034116787.10566
MT,2021,09,none,FALSE,28,16514988.58
SE,2022,03,none,FALSE,188,362986719.81
RO,2021,08,none,FALSE,202,74626262.99
SK,2016,03,none,FALSE,35,38218718.08
FI,2017,10,none,FALSE,63,72272358
GR,2017,06,none,FALSE,15,25127178.28
PL,2023,10,none,FALSE,92,54958603.430392
SK,2018,02,none,FALSE,30,3890275.5
HU,2018,03,none,FALSE,58,72738006.25
LU,2021,07,none,FALSE,53,100401314.61
AT,2017,08,none,FALSE,50,21315564.68
ES,2019,05,05,TRUE,18,23769969.96
RO,2017,unresolved,05,TRUE,1,234133.16
NO,2020,04,04,FALSE,11,10581749.46
ES,2021,01,05,TRUE,23,10574167.14
DE,2019,01,05,TRUE,150,92173103.84
EE,2022,02,03,FALSE,8,13371620
DE,2020,09,03,FALSE,3,355983.66
GR,2018,09,09,FALSE,2,94264.63
IE,2017,04,none,FALSE,212,77442824.16
CH,2020,03,none,FALSE,88,186525376.23
SE,2017,06,04,FALSE,32,17680876.7
MT,2021,07,10,FALSE,2,5294754
DK,2017,04,04,FALSE,14,1831990.56
NL,2020,06,01,FALSE,5,6556494
SK,2020,07,01,FALSE,5,2320400
NO,2016,01,01,FALSE,53,23520318.19
DK,2020,07,10,FALSE,21,39720319.43
BE,2017,04,05,TRUE,11,1342504.71
EE,2023,10,none,FALSE,36,8139161.4
SE,2016,02,none,FALSE,44,22674764.63
HU,2020,04,01,FALSE,19,19959712.53
PL,2022,unresolved,05,TRUE,12,868127.57
DE,2017,08,06,FALSE,30,10023855.54
CH,2019,04,03,FALSE,10,4154093.36
LT,2016,02,none,FALSE,92,76023939.71
MK,2019,10,none,FALSE,16,1105372.8
AT,2017,01,08,FALSE,3,910320.5
IE,2016,04,05,TRUE,13,48105365.85
FR,2019,02,04,FALSE,8,5698067
FI,2018,03,none,FALSE,48,21886698
HU,2022,02,none,FALSE,22,51092346.47
LV,2017,06,none,FALSE,45,41422159.29
BG,2024,05,none,FALSE,282,229941942.218018
DE,2025,09,10,FALSE,20,12997987.96
FR,2025,03,07,FALSE,5,
RO,2024,02,03,FALSE,11,557187.854762634
GR,2025,06,none,FALSE,89,282216384.9
SK,2024,02,none,FALSE,44,121562790.24
LT,2024,01,03,FALSE,7,4853899.99
BE,2023,04,05,TRUE,27,13671495.3
CY,2024,unresolved,none,FALSE,29,26302930.08
LV,2025,04,04,FALSE,12,11287134.79
DK,2024,03,02,FALSE,26,11009250.3217776
IE,2024,01,05,TRUE,13,1865165.75
HU,2024,08,06,FALSE,12,28635376.8367017
SK,2024,06,none,FALSE,24,72074245.81
CZ,2024,09,01,FALSE,69,18178281.8487865
AT,2025,unresolved,none,FALSE,3,5190798.74
HR,2024,07,01,FALSE,10,9727311.14
RO,2025,06,06,FALSE,7,3158789.10305093
FI,2025,04,01,FALSE,26,31901670.58
SK,2024,04,01,FALSE,18,29577504.12
SE,2025,01,06,FALSE,6,2687942.65722331
EE,2025,02,01,FALSE,9,1374974.32
IE,2025,08,06,FALSE,3,80000
ES,2025,04,07,FALSE,30,13975123.09
PL,2024,05,10,FALSE,1,3365999.40502434
CH,2025,04,01,FALSE,15,42342745.2170236
LU,2022,07,none,FALSE,51,107689748.69
NL,2016,06,none,FALSE,142,95554770.03
HR,2023,08,none,FALSE,37,27809062.07
EE,2017,06,none,FALSE,14,11800172.63
MK,2017,05,none,FALSE,32,1817203.1
AT,2025,07,10,FALSE,37,171023235.34
NL,2023,06,05,TRUE,7,9597500.5
DE,2024,04,08,FALSE,12,14962445.15
ES,2024,05,01,FALSE,31,29539897.59
HR,2024,10,none,FALSE,26,51635186.69
GR,2024,10,07,FALSE,1,492850
PT,2024,05,04,FALSE,10,9223186.52
ES,2024,04,01,FALSE,37,35326796.04
MK,2025,01,01,FALSE,11,
NL,2025,04,06,FALSE,4,26286951.08
AT,2024,07,01,FALSE,16,9131165.15
CH,2023,04,04,FALSE,19,18816360.6609403
DE,2018,09,07,FALSE,5,1218382.12
LT,2020,04,01,FALSE,26,7658077.23
EE,2019,01,04,FALSE,2,
HU,2019,09,01,FALSE,5,764208.83
IS,2020,03,none,FALSE,3,1433686.19
IE,2022,04,05,TRUE,11,2879168
BE,2016,03,03,FALSE,2,605344.27
MK,2019,08,none,FALSE,11,1470947.86
IT,2020,03,09,FALSE,2,1082337.72
RO,2021,03,03,FALSE,4,553342.16
CH,2018,04,09,FALSE,1,
UK,2018,06,01,FALSE,31,46987846.34
NL,2022,02,04,FALSE,4,370972
SE,2022,02,04,FALSE,4,19345220.94
BE,2022,unresolved,05,TRUE,3,11018502.42
ES,2019,03,02,FALSE,12,2567255.94
SI,2021,unresolved,01,FALSE,19,6098576.16
MT,2021,09,03,FALSE,1,
CZ,2020,02,04,FALSE,7,6160980.22
FI,2018,07,01,FALSE,11,2235657
BG,2021,05,01,FALSE,7,209191.51
IT,2021,06,04,FALSE,14,33120543.85
MT,2020,04,05,TRUE,3,1969690.64
ES,2021,10,10,FALSE,3,3750362
CY,2022,05,none,FALSE,12,21146790.29
HR,2017,02,none,FALSE,12,6323649.06
LU,2018,05,none,FALSE,13,119675112.9
UK,2016,03,07,FALSE,2,139241.96
UK,2019,09,10,FALSE,3,3121968.17
CY,2017,01,01,FALSE,1,575906
CZ,2021,08,01,FALSE,5,349236.69
IT,2023,04,03,FALSE,15,37634397.86
SI,2021,unresolved,04,FALSE,16,2607257.7
FR,2023,10,08,FALSE,17,7060000
SE,2022,06,05,TRUE,41,60013593.76
BG,2022,07,05,TRUE,2,405757.24
HR,2020,01,03,FALSE,1,210917.85
NO,2020,09,04,FALSE,5,3068228.45
SE,2023,08,06,FALSE,21,15583513.9383493
FR,2023,01,08,FALSE,22,136555524.02
FR,2024,unresolved,03,FALSE,1,267545
DE,2024,04,06,FALSE,12,179767.25
NO,2024,unresolved,01,FALSE,3,3100833.25899888
FI,2024,01,01,FALSE,44,42753109.09
MT,2024,01,04,FALSE,5,2426173.58
EE,2025,04,01,FALSE,25,5229448.18
AT,2024,02,09,FALSE,1,240478
PT,2025,unresolved,none,FALSE,28,95127312.45
BG,2025,09,09,FALSE,8,49420.7894467737
CZ,2025,09,09,FALSE,3,252516.26876258
FR,2022,08,01,FALSE,15,509469.12
HU,2019,08,05,TRUE,8,33234667.81
MT,2020,04,none,FALSE,27,74602268.64
IE,2018,06,none,FALSE,26,40683033.74
RO,2019,unresolved,06,FALSE,2,854216.17
ES,2017,07,07,FALSE,6,12417876.36
CZ,2021,04,07,FALSE,12,1141801.06
DE,2018,07,03,FALSE,17,6106409.07
IE,2023,01,04,FALSE,5,209800
FR,2020,01,06,FALSE,11,
UK,2021,05,04,FALSE,6,3231735.69
LT,2020,08,08,FALSE,3,594520.87
NL,2019,05,05,TRUE,6,6231000
CZ,2023,08,05,TRUE,4,26250.88
BG,2021,07,07,FALSE,3,172529.09
EE,2019,04,01,FALSE,12,791749.68
DK,2020,02,03,FALSE,2,1270013.82
PL,2022,02,04,FALSE,11,4955991.11
CZ,2017,01,04,FALSE,37,2878872.93
IT,2020,04,06,FALSE,5,29189156.58
IT,2016,05,04,FALSE,11,32497316.37
NO,2025,01,05,TRUE,10,21881260.4537377
CZ,2024,04,08,FALSE,5,36266436.0657087
ES,2024,01,05,TRUE,19,8316066.31
BG,2024,04,01,FALSE,57,63697439.8832191
FI,2019,07,01,FALSE,12,21372458
FR,2019,05,03,FALSE,4,236678.5
BE,2020,unresolved,03,FALSE,1,
LV,2025,07,05,TRUE,1,396694.2
DK,2025,unresolved,none,FALSE,47,490721261.59446
IT,2022,02,03,FALSE,18,49809526.7
ES,2025,05,07,FALSE,20,7238701.91
DE,2025,09,03,FALSE,8,2427490.45
DE,2022,05,05,TRUE,48,34113322.69
DE,2024,08,05,TRUE,18,7815042.7
IE,2025,10,none,FALSE,46,185019388
RO,2025,04,01,FALSE,17,44919001.7320626
BG,2025,03,02,FALSE,3,648742.713978935
AT,2025,10,04,FALSE,3,5721778.54
CZ,2025,09,08,FALSE,13,3874558.26983232
IT,2025,02,04,FALSE,3,2988601.6
NL,2024,06,04,FALSE,35,139101908.02
AT,2023,07,10,FALSE,19,65560992.75
HR,2017,08,none,FALSE,14,2333875.62
LU,2016,unresolved,04,FALSE,12,
SK,2021,04,05,TRUE,22,17068438.04
IS,2016,05,none,FALSE,4,
SE,2023,01,06,FALSE,8,2805239.31162487
GR,2020,08,06,FALSE,6,1107734.04
UK,2020,05,04,FALSE,10,29121254.35
RO,2016,02,03,FALSE,8,
LU,2025,10,none,FALSE,19,24654359.39
NO,2022,01,05,TRUE,8,711870.18
DE,2025,07,05,TRUE,16,4876740.49
BG,2021,06,06,FALSE,2,20451.99
DE,2019,09,05,TRUE,10,5066462.24
SE,2018,07,04,FALSE,3,10342844.33
CZ,2020,06,04,FALSE,9,8899565.87
CY,2021,unresolved,none,FALSE,17,10913401.81
HR,2019,01,08,FALSE,1,269150.01
SE,2016,01,09,FALSE,5,
UK,2018,03,01,FALSE,24,46806598.84
LV,2023,02,03,FALSE,14,7514017.62
NO,2022,06,01,FALSE,2,787145.91
PT,2019,01,07,FALSE,3,685788
DE,2017,09,08,FALSE,3,271538.43
DK,2017,05,04,FALSE,11,17147413.51
UK,2018,09,03,FALSE,4,1214997.68
PT,2024,02,01,FALSE,3,2829364.08
DE,2025,10,10,FALSE,3,1282090.96
HU,2024,05,04,FALSE,3,417208.206044699
FR,2024,08,05,TRUE,13,6267607
FR,2025,06,07,FALSE,22,9125638.13
SK,2017,04,04,FALSE,6,9259932.42
CZ,2019,02,03,FALSE,20,19927699.8
PT,2021,05,01,FALSE,4,2833390.87
EE,2016,09,01,FALSE,7,1407725.99
SK,2019,02,09,FALSE,3,
GR,2017,02,03,FALSE,1,194040
IT,2020,07,09,FALSE,2,956907.62
MK,2023,02,none,FALSE,3,286601.76
DE,2019,05,08,FALSE,1,
HU,2021,04,03,FALSE,5,9997768.6
SK,2017,04,05,TRUE,11,45491080
BE,2020,01,08,FALSE,7,32942744.72
FI,2017,unresolved,01,FALSE,12,11852994
HR,2021,01,06,FALSE,4,3798794.95
DE,2018,unresolved,03,FALSE,21,7798198.36
SK,2019,08,09,FALSE,5,829947.03
LT,2022,03,02,FALSE,4,458100
SI,2022,09,04,FALSE,3,486385.76
IT,2018,09,10,FALSE,6,15532557.33
MT,2023,09,04,FALSE,1,127180
DK,2016,08,none,FALSE,35,46969990.23
AT,2021,08,09,FALSE,2,222760.5
HU,2025,02,03,FALSE,4,612948.695661855
PT,2025,01,08,FALSE,6,3113012.87
HR,2025,08,06,FALSE,4,376454.97
BG,2024,08,04,FALSE,1,97146.9475406483
DE,2023,03,04,FALSE,29,13053900.83
SI,2025,04,03,FALSE,8,8924944.34
PL,2024,08,01,FALSE,6,1528205.32936754
PL,2018,04,08,FALSE,12,5084481.04
AT,2023,unresolved,05,TRUE,3,1723616.19
BE,2021,04,03,FALSE,4,2050690.01
CZ,2020,05,06,FALSE,3,
FR,2017,05,01,FALSE,16,1090522.2
NO,2018,01,05,TRUE,5,629153.02
CY,2022,04,none,FALSE,28,64247542.65
SK,2019,unresolved,03,FALSE,3,36715742.51
FI,2016,02,03,FALSE,3,1485250
CZ,2016,07,05,TRUE,1,119427.2
MT,2017,07,04,FALSE,3,27292.18
CH,2019,06,05,TRUE,2,889273.17
IT,2018,unresolved,05,TRUE,4,2357029.22
CZ,2019,02,02,FALSE,2,621398.25
ES,2023,09,04,FALSE,10,9958362.32
FI,2017,04,05,TRUE,9,3587995.16
EE,2021,02,03,FALSE,12,1825000
SE,2024,06,05,TRUE,29,1199737.74631601
PT,2018,07,08,FALSE,2,11216.22
FI,2017,08,09,FALSE,7,8180372
UK,2024,01,none,FALSE,9,142273564.900647
FR,2021,07,07,FALSE,4,1199147.43
IT,2016,04,09,FALSE,1,520916.88
SE,2017,05,05,TRUE,4,2165364.14
SK,2023,05,04,FALSE,1,56933.33
BG,2018,09,03,FALSE,2,813818.73
BE,2020,08,01,FALSE,3,
RO,2016,05,04,FALSE,7,2343953.47
FR,2019,07,08,FALSE,3,778877.6
EE,2021,08,06,FALSE,3,192610.14
LV,2022,04,03,FALSE,1,3555852.91
BE,2023,02,03,FALSE,7,5230390.86
UK,2018,10,06,FALSE,7,9495044.7
AT,2023,10,01,FALSE,3,9616088.41
CZ,2017,03,07,FALSE,2,115917.72
FR,2018,10,01,FALSE,10,5187733.9
IT,2017,01,04,FALSE,5,10800034.52
CZ,2019,09,06,FALSE,1,71197.72
PL,2022,03,04,FALSE,16,10896491.8
IE,2025,08,04,FALSE,1,
LU,2020,unresolved,01,FALSE,7,2305355.11
EE,2019,07,07,FALSE,1,
NL,2020,02,03,FALSE,4,
FR,2017,06,09,FALSE,1,86790.5
SE,2016,unresolved,05,TRUE,2,
DE,2023,04,07,FALSE,5,5620000
DE,2018,09,08,FALSE,7,1779138.81
GR,2018,08,06,FALSE,8,6499379.1
SI,2022,08,09,FALSE,5,1969437.07
IT,2020,09,08,FALSE,3,2867377.69
NL,2016,05,05,TRUE,4,406672
CZ,2017,03,05,TRUE,7,927384.98
NL,2023,04,06,FALSE,9,2150273.29
FR,2019,10,08,FALSE,12,588120
LV,2020,07,10,FALSE,1,
IE,2020,06,05,TRUE,6,186000
BE,2023,09,09,FALSE,4,
SI,2018,01,04,FALSE,3,753735.08
DE,2016,03,04,FALSE,13,2023359.53
NL,2025,01,06,FALSE,9,3167408.2
HR,2024,03,02,FALSE,2,206940
FR,2019,04,08,FALSE,5,31143440.22
PL,2021,02,07,FALSE,1,
CH,2022,01,08,FALSE,2,764551.85
PL,2020,01,09,FALSE,2,263110.51
ES,2018,09,04,FALSE,7,8508999.03
SI,2022,03,02,FALSE,11,8849142.54
LT,2021,unresolved,07,FALSE,2,1443304.56
ES,2017,07,09,FALSE,3,1711021.24
BE,2017,01,05,TRUE,4,991929.79
GR,2023,08,09,FALSE,9,4366053.59
IT,2024,09,04,FALSE,5,5304504.73
FR,2025,07,10,FALSE,14,100243243
SK,2025,04,04,FALSE,13,14095289.88
IE,2023,unmapped,none,FALSE,2,360000
SK,2022,08,06,FALSE,6,5174376.39
DK,2018,06,05,TRUE,9,599602.86
DK,2017,07,10,FALSE,12,217917980.26
SE,2017,08,06,FALSE,11,6892241.76
HR,2020,08,09,FALSE,3,478564.12
HU,2017,03,05,TRUE,2,1855169.96
BG,2023,07,05,TRUE,1,272109.62
FR,2022,unresolved,09,FALSE,7,19998
FR,2021,01,06,FALSE,17,2370455.72
SI,2021,10,07,FALSE,5,
PL,2025,01,07,FALSE,1,
DK,2024,08,06,FALSE,17,9238728.78641513
FI,2025,04,04,FALSE,8,19854900
CH,2023,05,05,TRUE,4,38391139.4858088
EE,2024,06,04,FALSE,5,3401848.65
NO,2024,10,07,FALSE,2,14451120.1807704
PL,2025,07,07,FALSE,10,3964642.67445478
PT,2025,03,01,FALSE,5,32090246.96
SI,2021,02,08,FALSE,1,240751
HR,2018,04,07,FALSE,3,959531.6
IE,2019,09,01,FALSE,6,10317064
RO,2021,unresolved,07,FALSE,4,404445.26
CZ,2023,05,06,FALSE,3,1155027.14928398
PT,2023,unresolved,09,FALSE,1,248000
SI,2023,07,04,FALSE,10,5820271.51
BG,2024,10,04,FALSE,5,85507.7206258309
RO,2023,01,09,FALSE,1,21099.4886546098
DE,2024,01,02,FALSE,2,
SI,2025,01,06,FALSE,3,690587.11
BG,2016,04,03,FALSE,1,
IT,2019,04,03,FALSE,9,1779697.45
LU,2020,03,none,FALSE,11,11294960.21
BE,2018,05,05,TRUE,3,
NO,2020,05,05,TRUE,2,20032934.3
FR,2017,02,04,FALSE,14,141885163.69
DK,2020,unresolved,01,FALSE,8,1714410.94
GR,2018,04,04,FALSE,4,6280832.9
CZ,2023,02,02,FALSE,3,731503.67
IS,2023,08,none,FALSE,5,1095084.26
CZ,2016,07,08,FALSE,1,135524.08
SI,2018,05,01,FALSE,1,382140
IT,2021,07,07,FALSE,3,11198997.62
FR,2019,04,09,FALSE,2,1237019
NL,2020,05,05,TRUE,4,479250
BG,2021,09,09,FALSE,5,227558.2
DE,2018,08,01,FALSE,7,1894717
IE,2020,07,05,TRUE,2,
GR,2022,08,06,FALSE,5,2527760.09
HU,2017,03,01,FALSE,7,16106783.05
DK,2019,01,03,FALSE,1,
CH,2018,04,01,FALSE,12,9592700.57
AT,2023,10,04,FALSE,2,10592036.3
HU,2019,08,09,FALSE,6,1817635.99
DE,2018,02,01,FALSE,13,1145034.81
LT,2016,05,04,FALSE,1,4049586.78
HR,2020,01,09,FALSE,1,
PL,2023,01,07,FALSE,1,12287.7094943138
IT,2022,10,09,FALSE,17,32020242.16
CZ,2018,08,04,FALSE,4,935781.96
SE,2022,03,01,FALSE,6,6252500.85
NL,2017,05,01,FALSE,4,1470322
DK,2021,10,07,FALSE,4,11195374.48
LT,2019,07,01,FALSE,13,7770574.05
FI,2019,02,01,FALSE,3,6916840
ES,2016,10,09,FALSE,4,10495283.6
DE,2016,10,08,FALSE,1,
UK,2021,unresolved,01,FALSE,10,8943156.8
HR,2022,01,06,FALSE,5,2950121.11
NL,2018,06,01,FALSE,3,6450528.9
ES,2020,unresolved,06,FALSE,3,864247.89
CZ,2018,08,05,TRUE,4,3203060.9
CY,2016,05,07,FALSE,3,777447
CH,2023,04,01,FALSE,13,6564712.87498882
AT,2016,05,04,FALSE,3,3251008.29
UK,2019,unresolved,08,FALSE,4,1032408.26
AT,2019,07,03,FALSE,1,591595
SK,2017,03,05,TRUE,1,
ES,2023,07,06,FALSE,1,2171998.12
BG,2020,unresolved,08,FALSE,3,435301.36
AT,2021,09,01,FALSE,6,3567203
FR,2022,02,02,FALSE,1,
SI,2024,01,06,FALSE,5,1823633.17
LV,2025,02,09,FALSE,1,1715881.34
SE,2025,08,06,FALSE,4,6049365.52164424
CH,2025,08,05,TRUE,2,1097285.48398425
RO,2025,03,04,FALSE,15,23501356.9481786
LV,2023,03,06,FALSE,1,441142
DK,2018,09,01,FALSE,4,4829161.19
ES,2025,04,09,FALSE,3,3343478.78
MT,2025,03,02,FALSE,1,603744.2
DE,2016,08,03,FALSE,3,516600.5
HU,2019,06,05,TRUE,5,70862527.95
MT,2022,01,06,FALSE,1,70659
DK,2017,01,01,FALSE,10,6218329.68
IT,2017,05,01,FALSE,7,5761106
CZ,2020,03,06,FALSE,1,
EE,2021,06,01,FALSE,1,
GR,2017,10,none,FALSE,8,2624581.98
ES,2020,09,08,FALSE,3,886655.32
FR,2023,09,08,FALSE,2,469628
CH,2017,02,none,FALSE,4,1077843.83
FR,2016,03,04,FALSE,3,1775528
RO,2024,03,06,FALSE,1,
PT,2024,09,03,FALSE,2,354714.72
CZ,2024,10,01,FALSE,6,5858614.96880462
SI,2024,02,04,FALSE,2,496900.4
BG,2025,01,06,FALSE,9,2053097.81163718
PL,2018,08,08,FALSE,5,706667.54
HR,2021,04,06,FALSE,2,816242.49
GR,2019,10,01,FALSE,1,109125.91
NO,2021,01,03,FALSE,3,6378302.43
UK,2017,07,06,FALSE,1,293868.84
FI,2016,unresolved,05,TRUE,1,5e+05
BG,2021,03,01,FALSE,2,1634150.3
DK,2017,02,04,FALSE,1,3068432
FI,2017,01,09,FALSE,2,
BE,2018,09,06,FALSE,1,
LU,2017,05,04,FALSE,1,184643
IE,2018,04,04,FALSE,3,
NL,2018,unresolved,04,FALSE,4,250000
MT,2019,04,05,TRUE,3,440706
NL,2020,04,08,FALSE,1,
SE,2025,03,07,FALSE,1,
HU,2020,04,09,FALSE,5,1921658.5
ES,2018,unresolved,07,FALSE,2,2114712.6
EE,2018,02,01,FALSE,3,
NO,2021,10,08,FALSE,3,633632.78
MT,2016,01,none,FALSE,12,1530833.4
IT,2024,09,08,FALSE,1,383600
PL,2025,02,02,FALSE,5,279984.668232623
DK,2023,03,04,FALSE,3,614906461.525752
GR,2024,unresolved,01,FALSE,3,778284
NL,2021,02,05,TRUE,3,1318607
BE,2020,08,05,TRUE,1,351586.2
SE,2017,05,06,FALSE,2,48900.38
LV,2023,05,04,FALSE,1,2e+05
IE,2022,05,01,FALSE,2,655500
PT,2017,unresolved,08,FALSE,2,1622045
HU,2019,unresolved,07,FALSE,1,152668.92
NO,2021,02,01,FALSE,10,6953843.74
IE,2016,09,05,TRUE,1,
IT,2016,05,05,TRUE,4,106359584.07
CY,2023,02,03,FALSE,1,
SE,2024,09,04,FALSE,5,661384.501969465
HU,2024,07,01,FALSE,7,3040550.95649369
ES,2019,09,07,FALSE,1,42935.27
PL,2016,01,05,TRUE,1,231481.48
BE,2016,07,04,FALSE,4,452423.69
DK,2016,01,05,TRUE,3,189909.2
IT,2016,07,04,FALSE,3,1827673.54
CZ,2023,04,03,FALSE,9,371705.813668703
CH,2025,06,03,FALSE,2,644418.540120278
EE,2020,01,08,FALSE,1,
IT,2019,10,04,FALSE,2,
DK,2020,04,08,FALSE,2,
PT,2020,02,03,FALSE,7,1102127.4
IT,2022,03,07,FALSE,1,35751000
NO,2019,03,07,FALSE,2,
NL,2016,05,08,FALSE,1,
CH,2019,05,06,FALSE,1,
IT,2025,01,06,FALSE,3,926996
HU,2020,03,02,FALSE,5,1692417.99
RO,2023,02,04,FALSE,10,7727396.61776445
NL,2017,unresolved,05,TRUE,1,1058017
GR,2018,06,06,FALSE,1,740758
FR,2021,02,08,FALSE,2,
BG,2020,02,04,FALSE,1,596516.35
PT,2021,05,06,FALSE,5,16964625.24
CY,2020,05,04,FALSE,2,176421.63
EE,2025,05,08,FALSE,3,651398
HU,2024,01,05,TRUE,1,1289088
HU,2025,09,08,FALSE,2,616199.263896988
FI,2021,06,05,TRUE,5,136180
HU,2020,06,05,TRUE,4,891728.05
AT,2024,04,03,FALSE,9,5569789.89
SE,2025,05,01,FALSE,2,348441.989160287
MK,2019,unresolved,01,FALSE,2,64985.72
SK,2023,01,09,FALSE,2,178160715.68
GR,2018,05,06,FALSE,2,15389049.35
PT,2017,07,01,FALSE,5,426450
CY,2022,unresolved,01,FALSE,1,179500
LT,2019,05,05,TRUE,1,110853.6
ES,2024,07,09,FALSE,3,603369.23
DK,2024,03,01,FALSE,3,
LI,2024,01,04,FALSE,2,1195787.17656884
DK,2024,09,01,FALSE,4,844260.561525899
ES,2016,05,08,FALSE,8,2617068.73
PL,2016,08,01,FALSE,1,6250
HU,2019,04,06,FALSE,4,857026.74
BE,2016,05,07,FALSE,4,9185848.42
IT,2022,unresolved,06,FALSE,1,206858.28
LT,2016,05,01,FALSE,2,1426055.37
CY,2023,03,05,TRUE,1,247999.14
UK,2024,05,none,FALSE,1,38428801.9106423
IT,2020,09,01,FALSE,4,3401963.12
IT,2019,01,06,FALSE,1,
PT,2016,02,03,FALSE,2,613764
AT,2023,unresolved,03,FALSE,3,1856151.35
DE,2023,07,06,FALSE,5,729590.39
IS,2022,unresolved,none,FALSE,4,3701785.5
GR,2024,unresolved,04,FALSE,1,
PT,2024,09,07,FALSE,1,457350
LU,2025,unresolved,none,FALSE,2,6240382.56
FI,2024,02,04,FALSE,3,9912550
MT,2018,10,none,FALSE,6,1335442.09
LT,2022,10,07,FALSE,1,495867.77
HR,2023,03,01,FALSE,5,2486834.4
UK,2017,09,03,FALSE,1,285766.94
IE,2024,04,08,FALSE,2,
PT,2024,unresolved,01,FALSE,3,2049480.72
DE,2025,10,07,FALSE,4,551153.08
PT,2021,10,04,FALSE,1,213947.38
NO,2017,07,04,FALSE,1,289482.15
NL,2016,04,09,FALSE,2,
NO,2023,03,06,FALSE,2,989844.2
CH,2016,04,03,FALSE,5,388754.36
ES,2016,02,01,FALSE,6,14544067.7
EE,2018,01,04,FALSE,3,153314.93
IE,2019,06,05,TRUE,4,
FI,2021,unresolved,05,TRUE,2,5e+05
DE,2023,03,03,FALSE,1,379523
BE,2019,06,05,TRUE,5,932002.42
NL,2017,09,09,FALSE,2,75000
HR,2019,09,06,FALSE,3,13958821.25
ES,2020,03,07,FALSE,3,51900
AT,2017,unresolved,08,FALSE,1,
NL,2021,01,09,FALSE,1,1305000
NL,2025,09,04,FALSE,7,6927183
SK,2017,09,03,FALSE,1,298286.5
CH,2022,06,03,FALSE,1,218719.04
BE,2024,04,01,FALSE,2,
DE,2022,09,10,FALSE,1,19462077.77
CH,2018,07,10,FALSE,4,17324724.87
FI,2020,03,01,FALSE,1,
FI,2022,10,01,FALSE,2,1935655
RO,2016,09,09,FALSE,2,168466.06
PL,2019,01,06,FALSE,1,73815.8
NO,2016,unresolved,06,FALSE,1,
MK,2020,01,04,FALSE,2,486419.96
DE,2016,09,05,TRUE,5,2758122.72
LT,2018,09,09,FALSE,1,
BE,2025,05,07,FALSE,1,
CH,2025,10,01,FALSE,2,5063557.12122847
RO,2020,02,07,FALSE,2,83694.69
NL,2025,05,06,FALSE,2,4e+05
PL,2017,03,07,FALSE,1,482071.63
IE,2022,03,09,FALSE,1,3e+05
GR,2019,05,01,FALSE,1,217741.94
DE,2021,02,08,FALSE,1,
CY,2021,06,04,FALSE,1,828979
DK,2022,10,10,FALSE,2,5916364.13
GR,2025,03,01,FALSE,3,3084588.05
SI,2024,08,04,FALSE,1,325000
IE,2016,04,03,FALSE,1,7.3e+07
CH,2017,09,03,FALSE,1,249914.55
SE,2021,05,01,FALSE,2,1133395.75
DE,2019,02,05,TRUE,5,151956.07
PL,2018,05,08,FALSE,2,1362728
RO,2022,05,05,TRUE,2,10978897.18
IT,2023,10,04,FALSE,1,960000
NO,2020,04,09,FALSE,2,223822.14
IE,2019,04,03,FALSE,3,36901584
BG,2022,04,09,FALSE,1,7557.01
SI,2019,01,04,FALSE,2,1034896.38
DE,2020,09,08,FALSE,2,660752
PT,2022,01,07,FALSE,1,163325
PT,2016,unresolved,08,FALSE,1,47771
IT,2022,09,07,FALSE,1,22100000
MT,2019,09,01,FALSE,1,
BG,2016,07,01,FALSE,3,685909.58
NO,2018,unresolved,05,TRUE,2,45011.72
SI,2021,10,01,FALSE,2,1164846.2
BG,2021,03,05,TRUE,2,100020.45
PT,2018,09,06,FALSE,1,325000
IE,2021,10,01,FALSE,3,1156798.9
LT,2020,unresolved,03,FALSE,2,4958677.7
AT,2018,unresolved,06,FALSE,2,570004.3
UK,2016,unresolved,05,TRUE,5,1367963.8
EE,2021,04,03,FALSE,1,262980
DK,2017,01,07,FALSE,2,
CY,2025,01,08,FALSE,1,139900
AT,2021,10,07,FALSE,2,6980716.46
NO,2023,09,09,FALSE,1,1484766.3
SI,2019,10,01,FALSE,1,130736.63
BE,2018,09,09,FALSE,1,
IE,2022,04,03,FALSE,3,241224
ES,2025,03,03,FALSE,1,
LI,2019,03,none,FALSE,2,908953.08
MK,2024,03,02,FALSE,1,
HR,2024,03,04,FALSE,1,3998790
NL,2024,05,03,FALSE,1,
IT,2025,05,06,FALSE,4,1663900.49
LT,2025,unresolved,08,FALSE,1,
CZ,2024,08,05,TRUE,6,121247.859459677
IE,2023,03,02,FALSE,1,1e+06
EE,2019,01,06,FALSE,1,497290.6
IT,2019,05,07,FALSE,7,81635720.81
HU,2021,04,09,FALSE,2,2084786.35
LU,2019,01,09,FALSE,1,2567955.08
ES,2016,09,08,FALSE,4,763438.08
SE,2024,unresolved,04,FALSE,1,88453.4619800484
CH,2024,04,06,FALSE,3,4083979.67173335
CY,2025,01,06,FALSE,2,794342
SK,2021,02,08,FALSE,1,
GR,2018,01,05,TRUE,2,684694.42
NO,2019,02,07,FALSE,1,6300000
SK,2023,10,01,FALSE,1,
LV,2016,04,07,FALSE,1,170000
RO,2017,04,03,FALSE,1,2178461.74
BE,2023,04,08,FALSE,1,198244.4
UK,2018,03,08,FALSE,3,927715.52
BG,2021,01,08,FALSE,1,
NO,2019,09,03,FALSE,2,1006852.44
DE,2021,03,07,FALSE,4,
HU,2017,08,08,FALSE,2,669905.24
IT,2019,06,07,FALSE,1,821155
NO,2024,07,07,FALSE,1,
LV,2025,05,07,FALSE,1,158000
BE,2024,unresolved,none,FALSE,5,8317140.84
PT,2017,03,02,FALSE,2,19817162.48
ES,2022,09,09,FALSE,5,1807800.12
DK,2020,06,05,TRUE,3,
IS,2025,10,none,FALSE,1,69267.9888542862
DK,2023,02,03,FALSE,1,2033325.43162325
SK,2021,05,05,TRUE,1,
DE,2016,06,06,FALSE,2,
DE,2018,08,03,FALSE,1,164134
IT,2020,07,07,FALSE,1,7440552.54
LT,2022,03,08,FALSE,1,94520
DE,2019,07,08,FALSE,1,
DK,2020,01,08,FALSE,1,
NL,2021,10,09,FALSE,1,
CH,2019,03,04,FALSE,2,706872.53
FI,2017,03,04,FALSE,1,
ES,2023,unresolved,06,FALSE,1,468142.53
SK,2016,02,08,FALSE,1,
SK,2023,02,02,FALSE,1,
MK,2020,10,01,FALSE,1,251316.98
IT,2023,07,05,TRUE,1,
PL,2019,03,08,FALSE,1,224660.21
IT,2019,09,09,FALSE,1,390000
UK,2025,05,01,FALSE,1,189000
FI,2025,10,01,FALSE,2,1115600
BE,2023,10,01,FALSE,2,588670
PL,2024,unresolved,06,FALSE,1,1947143.69989607
BE,2018,04,08,FALSE,1,154992.25
LU,2018,03,07,FALSE,1,76000
RO,2016,08,05,TRUE,1,
DK,2022,09,04,FALSE,1,
BG,2018,04,09,FALSE,1,
CY,2019,unresolved,08,FALSE,1,349830
NL,2020,03,03,FALSE,1,
FR,2016,06,09,FALSE,1,
PL,2017,01,03,FALSE,2,1117988.88
LV,2022,09,04,FALSE,1,160000
IT,2023,03,05,TRUE,1,3595852.7
DK,2022,09,08,FALSE,1,712652.95
BE,2023,09,06,FALSE,2,1596645
SE,2021,02,04,FALSE,1,
DK,2016,10,07,FALSE,1,12338545.51
NO,2019,06,01,FALSE,1,146033.44
LU,2016,06,none,FALSE,1,
FI,2024,03,01,FALSE,1,836400
BG,2016,10,01,FALSE,1,56337.05
CH,2017,07,10,FALSE,1,313933.62
DE,2018,10,08,FALSE,2,
IE,2024,08,06,FALSE,1,29400
NO,2024,03,07,FALSE,1,1041540.99461957
FI,2024,08,04,FALSE,1,79670
LI,2021,10,none,FALSE,1,979091.67
EE,2022,10,10,FALSE,1,
IS,2023,10,none,FALSE,1,
BE,2019,04,09,FALSE,1,
GR,2021,06,06,FALSE,1,156451.62
NO,2018,unresolved,06,FALSE,1,
HU,2016,05,05,TRUE,2,3650544.01
BG,2020,04,10,FALSE,1,2556498.62
RO,2025,03,03,FALSE,1,
RO,2019,01,06,FALSE,1,453286.73
SE,2024,05,01,FALSE,1,126199.25365285
BG,2020,10,04,FALSE,1,766949.59
RO,2018,10,08,FALSE,1,
RO,2019,unresolved,08,FALSE,2,352872.1
FI,2016,05,01,FALSE,1,130848
ES,2018,unresolved,09,FALSE,1,
MT,2024,06,01,FALSE,1,421345
DE,2016,08,01,FALSE,1,340000
IE,2022,unresolved,06,FALSE,1,
PL,2018,07,05,TRUE,1,26493.96
SI,2024,01,08,FALSE,2,229700
LV,2025,07,07,FALSE,1,336000
BG,2019,03,06,FALSE,1,564986.19
SK,2016,unresolved,05,TRUE,1,95848525.62
FR,2016,10,06,FALSE,1,5760643.25
ES,2017,07,06,FALSE,1,555712.98
LV,2017,04,07,FALSE,1,131416.25
LT,2020,09,09,FALSE,1,80000
AT,2022,03,01,FALSE,1,
RO,2018,03,04,FALSE,1,
IE,2024,02,03,FALSE,1,8e+05
LV,2023,05,07,FALSE,1,
BG,2022,01,08,FALSE,1,
CH,2017,unresolved,09,FALSE,1,
BG,2020,01,09,FALSE,1,14076.59
BE,2024,08,05,TRUE,1,
MT,2024,05,07,FALSE,1,4344670
NL,2020,02,08,FALSE,1,
CH,2022,08,05,TRUE,1,289354.04
SK,2022,05,06,FALSE,1,
LV,2025,09,06,FALSE,1,4600
NO,2019,02,08,FALSE,1,
CH,2017,05,01,FALSE,1,320047.87
DE,2025,01,none,FALSE,23578,14732788498.68
LU,2025,06,none,FALSE,64,59272953.78
NL,2025,04,none,FALSE,1014,5674488248.11
SE,2024,01,none,FALSE,3307,5640232203.51876
NO,2024,07,none,FALSE,375,788305667.906696
RO,2024,10,none,FALSE,306,69764563.6619872
HU,2024,09,none,FALSE,366,452831287.6988
CZ,2024,03,none,FALSE,610,423942716.197718
CZ,2024,05,none,FALSE,530,686446093.011947
LV,2025,08,none,FALSE,97,26503259.29
HR,2024,04,none,FALSE,897,3058028538.41
LT,2025,01,01,FALSE,235,118274505.72
ES,2024,09,none,FALSE,1109,1821016848.06
IE,2024,09,none,FALSE,496,413562968.15
ES,2025,01,06,FALSE,42,18069621.29
SK,2024,09,none,FALSE,169,200674393.12
IT,2024,04,none,FALSE,1487,21736944575.58
AT,2025,05,none,FALSE,181,617401225.47
AT,2024,10,none,FALSE,229,3439123826.3
ES,2024,02,03,FALSE,35,51738069.18
SE,2025,09,none,FALSE,404,969904276.41176
EE,2025,04,none,FALSE,467,1957955254.56
NO,2024,04,none,FALSE,458,5507500956.46146
GR,2025,07,none,FALSE,403,290291552.87
FR,2025,08,06,FALSE,503,106865291.91
NL,2025,08,09,FALSE,15,11337316
EE,2023,09,none,FALSE,138,42779510.35
BE,2024,08,06,FALSE,44,25288511.12
DK,2025,04,none,FALSE,674,7467632186.25651
PL,2024,09,01,FALSE,136,51963777.1552744
IT,2025,04,06,FALSE,6,15407229.31
PT,2024,08,none,FALSE,73,143227376.05
BE,2024,08,09,FALSE,13,1114201.94
CZ,2024,07,01,FALSE,120,91778404.2769428
FI,2023,10,none,FALSE,163,448680284.74
DE,2025,08,09,FALSE,78,17254338.32
NL,2025,06,none,FALSE,305,4197228698.02
ES,2023,01,04,FALSE,158,181468106
HR,2025,04,01,FALSE,53,63862686.67
DK,2025,09,none,FALSE,223,288094687.263295
CZ,2022,unresolved,none,FALSE,1955,1049895580.77
IT,2019,unresolved,none,FALSE,1155,4181385828.29
ES,2019,08,none,FALSE,816,837978739.81
IT,2022,04,none,FALSE,1847,16162214087.75
PL,2022,09,none,FALSE,2451,746833524.28
SI,2020,09,none,FALSE,1330,95008706.19
LV,2021,01,none,FALSE,566,145276575.92
ES,2021,08,none,FALSE,927,1191680797.76
CH,2016,unresolved,none,FALSE,2692,2614268.55
DE,2019,09,none,FALSE,4024,1656555603.22
PL,2021,07,none,FALSE,8941,5671172142.87
DE,2021,04,none,FALSE,8484,8031979759.87
IE,2023,09,none,FALSE,579,482196748.42
PT,2019,01,none,FALSE,467,328310395.49
UK,2021,09,none,FALSE,628,2456694142.5
AT,2023,01,none,FALSE,759,814379125.54
UK,2019,unresolved,none,FALSE,559,3664153263.79
FR,2021,08,none,FALSE,1196,4415465200.14
HR,2021,04,none,FALSE,567,781352813.24
DE,2016,09,none,FALSE,2647,960241617.77
CZ,2016,07,none,FALSE,984,399549404.79
ES,2019,10,none,FALSE,608,1328783455.98
ES,2020,10,none,FALSE,688,2117664471.73
HU,2018,05,none,FALSE,137,317702568.27
LT,2022,08,none,FALSE,69,29929867.87
PT,2017,04,none,FALSE,271,774147093.56
IT,2018,05,none,FALSE,1111,2953690276.68
DE,2019,04,none,FALSE,6813,10523757266.18
MT,2021,unresolved,none,FALSE,42,16660710.78
NO,2021,unresolved,none,FALSE,258,1188329892.1
CH,2016,08,none,FALSE,54,4626536.42
UK,2020,06,none,FALSE,841,3881505387.83
FI,2022,02,none,FALSE,90,290891965
CH,2019,07,none,FALSE,293,446722820.69
FR,2018,07,none,FALSE,2874,2843091966.9
DE,2018,01,none,FALSE,9082,5861301272.17
CZ,2017,04,none,FALSE,1804,4526562876.59
DE,2018,06,none,FALSE,1144,1300440551.77
AT,2016,01,none,FALSE,501,364612676.81
AT,2021,unresolved,none,FALSE,703,2024970319.4
PL,2022,02,none,FALSE,985,3291047333.03
RO,2022,04,none,FALSE,5252,16912792091.75
CZ,2018,04,none,FALSE,2161,7376082852.44
HU,2018,07,none,FALSE,485,421568706.2
FI,2021,04,none,FALSE,956,1911145800.57
ES,2019,05,none,FALSE,957,1652096517.75
ES,2021,02,none,FALSE,368,836009500.37
AT,2017,07,none,FALSE,346,279280906.67
BG,2023,07,none,FALSE,2816,1363371553.10826
RO,2019,01,none,FALSE,959,1368755798.86
NO,2017,10,none,FALSE,43,281699983.15
SI,2022,01,none,FALSE,584,565659655.45
PL,2023,unresolved,none,FALSE,3156,4787804864.69853
SE,2020,01,none,FALSE,2858,4942225133.77
RO,2021,01,none,FALSE,1505,980396653.04
IE,2023,unresolved,none,FALSE,132,1169153961.41
NL,2017,09,none,FALSE,720,307124594.44
DK,2018,07,none,FALSE,515,2132427002.98
FI,2018,07,none,FALSE,395,808230068
SI,2020,07,none,FALSE,1443,679951818.78
PL,2019,06,none,FALSE,746,555733265.26
SI,2017,04,none,FALSE,1019,964815386.63
FR,2022,03,none,FALSE,654,2306816536.06
BE,2021,05,none,FALSE,356,381589205.69
LT,2021,01,none,FALSE,618,218745412.29
RO,2021,03,none,FALSE,991,980859243.66
IT,2023,09,none,FALSE,802,2611321507.36
FI,2019,unresolved,none,FALSE,406,715414610
BG,2017,unresolved,none,FALSE,1046,140025425.8
RO,2018,unresolved,none,FALSE,399,154736285.26
DK,2018,04,none,FALSE,494,1626149665.26
RO,2019,06,none,FALSE,329,326367104.76
ES,2018,01,none,FALSE,2827,5009802622.01
GR,2018,04,none,FALSE,627,2514744302.97
PL,2018,06,none,FALSE,790,573002889.22
UK,2016,09,none,FALSE,1416,3128010951.76
CH,2022,03,02,FALSE,13,9668396.07
ES,2023,unresolved,01,FALSE,125,700366971.75
CZ,2018,09,01,FALSE,80,9066613.38
PL,2022,01,01,FALSE,236,73407461.72
PL,2018,03,01,FALSE,55,42228474.66
GR,2016,10,09,FALSE,1970,89990013.88
LT,2023,06,05,TRUE,10,974420
CY,2018,08,05,TRUE,1,1509544
PL,2022,09,01,FALSE,191,117806133.06
SE,2023,01,04,FALSE,97,91239571.5220812
LV,2018,04,05,TRUE,29,17443749.75
NL,2020,unresolved,01,FALSE,25,2439933
SE,2023,01,01,FALSE,187,1024754300.38777
DE,2018,09,01,FALSE,55,18800707.69
RO,2019,10,none,FALSE,417,91961533.46
NL,2017,04,none,FALSE,750,3727539906.82
NO,2021,01,none,FALSE,1454,2989561018.89
CZ,2022,02,none,FALSE,443,414931530.4
FI,2017,06,none,FALSE,180,532894880
HU,2022,07,none,FALSE,579,413324738.29
MT,2019,09,none,FALSE,78,16815406.13
BG,2017,02,none,FALSE,76,22122585.82
FR,2021,03,none,FALSE,626,417855708.57
RO,2023,08,none,FALSE,310,354201336.48109
SE,2018,03,none,FALSE,232,116761680.64
LT,2018,09,none,FALSE,82,22811117.23
AT,2018,08,none,FALSE,65,32754871.81
DK,2019,07,none,FALSE,524,1134354381.94
HU,2020,03,none,FALSE,78,68114131.71
UK,2018,02,none,FALSE,124,588374090.74
ES,2020,06,none,FALSE,468,696717100.56
LV,2023,09,none,FALSE,307,97518094.1
CH,2022,05,none,FALSE,124,155692475.25
HU,2019,04,none,FALSE,882,4667736582.29
SI,2019,10,none,FALSE,215,28083662.87
NO,2019,08,none,FALSE,76,102677229.27
FI,2017,07,none,FALSE,383,922035311
HR,2018,04,none,FALSE,459,852285635.38
RO,2016,09,none,FALSE,68,9148503.18
SK,2016,05,none,FALSE,53,79382870.46
BG,2016,07,none,FALSE,1051,715595315.19
PL,2016,03,none,FALSE,433,145985414.5
NO,2017,08,none,FALSE,62,37159468.73
BG,2020,unresolved,none,FALSE,1332,416477613.32
NO,2020,04,none,FALSE,480,2084886544.24
IT,2020,09,none,FALSE,429,1108925429.1
LV,2020,02,none,FALSE,189,48410599.04
AT,2019,03,none,FALSE,132,72373478.69
PT,2018,05,none,FALSE,258,348716102.12
HU,2022,10,none,FALSE,43,37970109.85
NO,2017,03,none,FALSE,85,112835852.72
BG,2017,09,none,FALSE,324,47952728.9
CH,2021,04,none,FALSE,521,787024823.94
AT,2022,04,none,FALSE,901,2373835861.58
BE,2022,09,none,FALSE,301,262749823.04
IT,2021,03,none,FALSE,187,403185540.94
PT,2017,05,none,FALSE,152,229672552.32
LU,2016,05,none,FALSE,12,1153068.02
AT,2020,05,none,FALSE,159,192800078.22
FR,2022,02,none,FALSE,466,1364122239.78
SK,2019,03,none,FALSE,95,46580291.36
FI,2022,08,none,FALSE,44,16499666
NL,2020,08,none,FALSE,130,126094444.69
NL,2017,05,none,FALSE,335,438511124.67
AT,2018,05,none,FALSE,91,135401350.07
SK,2020,06,none,FALSE,6,11042071.96
SE,2019,01,01,FALSE,134,473332761.95
BG,2018,04,05,TRUE,38,66623956.86
CZ,2020,unresolved,01,FALSE,104,60208993.91
RO,2021,04,04,FALSE,78,76657302.69
CZ,2023,04,04,FALSE,173,147689824.325424
LV,2017,04,01,FALSE,13,14742477.96
HR,2019,06,05,TRUE,11,94094210.74
SE,2019,07,10,FALSE,32,129930076.98
LV,2022,06,05,TRUE,9,10582093.89
AT,2019,05,04,FALSE,5,16347320.79
BG,2021,04,04,FALSE,84,40175960.75
FR,2019,unresolved,01,FALSE,197,107995991.37
PL,2021,unresolved,01,FALSE,232,202119234.1
NO,2020,08,01,FALSE,2,853321.9
EE,2023,04,01,FALSE,20,12502449.09
DE,2016,01,04,FALSE,328,212828928.4
EE,2018,04,03,FALSE,4,257880
DE,2021,05,01,FALSE,19,2508987.2
FR,2019,08,04,FALSE,7,16415260.2
DE,2016,01,05,TRUE,62,25685840.14
DE,2016,07,01,FALSE,43,8107714.06
IT,2020,05,04,FALSE,23,132442130.51
IT,2023,01,01,FALSE,110,992179198.19
DE,2020,unresolved,04,FALSE,265,92591226.16
FR,2016,07,01,FALSE,75,12877992.2
HU,2022,04,04,FALSE,25,20583418.28
PT,2018,08,06,FALSE,9,4569431.49
SI,2021,07,01,FALSE,17,7928122.85
AT,2017,08,09,FALSE,3,682644.88
EE,2020,06,05,TRUE,3,17925556.1
ES,2019,unresolved,01,FALSE,69,383702233.12
ES,2017,08,09,FALSE,19,5074298.57
FR,2018,04,05,TRUE,132,216854232.86
DE,2017,07,01,FALSE,83,17628516.74
IT,2016,02,03,FALSE,9,14107743.41
SE,2023,04,05,TRUE,33,94189945.6894375
DE,2018,05,07,FALSE,5,1017823.29
FR,2016,04,04,FALSE,136,59479334.45
ES,2017,08,06,FALSE,42,118272510.98
BE,2017,07,01,FALSE,19,6868975.41
PL,2018,02,03,FALSE,49,43366026.76
LT,2020,07,01,FALSE,13,6797218
BG,2020,unresolved,01,FALSE,64,32689467.45
NL,2017,08,06,FALSE,65,26087338.12
FR,2018,06,05,TRUE,102,100267492.17
LT,2022,01,01,FALSE,86,36564880.5
HR,2021,unresolved,01,FALSE,26,24444984.98
DE,2023,04,05,TRUE,305,109844873.34
PL,2017,09,07,FALSE,26,972815.28
HU,2023,08,05,TRUE,12,11943419.3691796
ES,2016,04,01,FALSE,56,102716777.31
PT,2020,05,05,TRUE,5,1562125.38
IE,2020,01,04,FALSE,6,13308135
SE,2017,01,01,FALSE,108,65566386.07
ES,2016,04,04,FALSE,53,118770127.93
CZ,2019,01,06,FALSE,4,161329.69
FR,2022,01,03,FALSE,92,19203603.6
EE,2016,04,01,FALSE,22,2681713.26
LT,2023,03,none,FALSE,232,143534923.28
FR,2021,05,04,FALSE,73,347391804.39
NO,2018,04,05,TRUE,14,57892023.87
BG,2020,06,04,FALSE,6,1050701.75
ES,2016,03,01,FALSE,7,4206929.48
NL,2017,unresolved,04,FALSE,8,10130547.7
DE,2019,04,06,FALSE,12,3416652.08
AT,2022,08,06,FALSE,9,4410303.03
DE,2017,03,02,FALSE,41,25863823.58
NO,2020,07,10,FALSE,25,217242412.21
GR,2021,05,04,FALSE,15,20038046.04
SE,2020,07,04,FALSE,6,21613216.85
SI,2019,04,05,TRUE,29,14300078.45
FR,2022,05,06,FALSE,15,9081535.2
DE,2021,04,03,FALSE,62,11216942.21
LT,2022,04,04,FALSE,60,4458053.8
PL,2021,01,08,FALSE,11,2271680.27
HR,2017,04,05,TRUE,25,39943122.99
PL,2022,05,01,FALSE,14,16435687.19
SK,2018,04,01,FALSE,25,20544161.67
DK,2018,08,06,FALSE,16,56532678.35
BG,2025,03,01,FALSE,17,28374068.3761121
RO,2023,08,04,FALSE,1,132427.825170836
FR,2025,05,01,FALSE,21,1411821.17
AT,2023,unresolved,06,FALSE,1,631665.4
IE,2023,unresolved,01,FALSE,14,16642800.9
IT,2023,unresolved,01,FALSE,71,167507282.64
DE,2024,08,08,FALSE,4,577272.75
UK,2024,10,06,FALSE,6,184868.321715449
CZ,2023,unmapped,none,FALSE,1,9240.49136923693
LU,2023,unmapped,none,FALSE,1,630000
SI,2025,08,none,FALSE,39,31334413.95
DE,2025,02,01,FALSE,24,2211999.65
RO,2025,10,01,FALSE,3,17788212.6124861
IT,2025,01,05,TRUE,15,30639113
FR,2024,01,05,TRUE,61,53663057.15
FI,2025,07,01,FALSE,59,93059317.08
PL,2025,09,03,FALSE,1,495434.679360268
LT,2025,10,07,FALSE,2,991735.54
SI,2025,01,04,FALSE,9,2436582.31
SE,2024,04,04,FALSE,27,67023588.4623453
SE,2024,04,03,FALSE,11,90630944.8562232
CZ,2025,01,04,FALSE,65,31150904.5358248
RO,2024,01,05,TRUE,85,188394342.19262
NL,2024,04,01,FALSE,9,7239946.17
HR,2020,01,01,FALSE,27,14196578.32
CH,2023,01,01,FALSE,32,630379793.59595
HU,2021,10,none,FALSE,38,35423943.52
PL,2019,unresolved,04,FALSE,49,16115974.39
SE,2020,04,05,TRUE,35,37083549.54
BG,2021,04,03,FALSE,76,3413393.32
IS,2021,05,none,FALSE,13,4709420.74
ES,2017,02,none,FALSE,183,100857351.19
HU,2018,08,none,FALSE,141,204663288.77
DE,2020,04,09,FALSE,7,854405
ES,2022,03,01,FALSE,12,19037547.87
CH,2023,08,06,FALSE,8,16225222.63
DE,2016,09,10,FALSE,30,3552383.78
CZ,2019,08,06,FALSE,23,6199424.62
EE,2019,unresolved,none,FALSE,147,35754485.91
NO,2023,02,none,FALSE,49,192564673.489224
GR,2018,08,none,FALSE,49,11443471.36
DK,2018,03,02,FALSE,17,8506009.25
CY,2025,10,none,FALSE,16,9354085.63
AT,2025,04,01,FALSE,59,169673006.61
AT,2016,04,06,FALSE,6,
AT,2016,10,04,FALSE,2,
FR,2019,10,01,FALSE,13,3023399
DE,2022,05,09,FALSE,1,
PT,2021,unresolved,04,FALSE,11,5317228.98
DK,2023,05,04,FALSE,10,4007839.13
LU,2020,03,07,FALSE,1,1500000
SE,2018,04,01,FALSE,7,4615157.83
BE,2020,08,06,FALSE,40,12549026.01
FR,2022,07,04,FALSE,22,23614125.79
EE,2017,01,01,FALSE,18,3975777.1
SE,2022,01,05,TRUE,18,29558356.32
CZ,2021,unresolved,08,FALSE,3,437044.43
PT,2020,04,01,FALSE,5,3515253.85
FR,2021,08,05,TRUE,14,2406848.48
IT,2023,05,04,FALSE,42,149295124.42
DE,2023,04,06,FALSE,27,4721759.62
CZ,2025,02,04,FALSE,18,23113904.5887982
RO,2025,01,04,FALSE,62,135217302.772053
FR,2025,04,04,FALSE,76,243696000.89
NO,2025,09,04,FALSE,4,365308.09251494
SI,2016,05,none,FALSE,79,55760500.53
UK,2020,08,09,FALSE,13,6392042.26
FI,2023,unresolved,01,FALSE,28,48212133
DE,2022,08,04,FALSE,37,8434233.96
FR,2022,10,01,FALSE,10,1170780
BG,2021,09,01,FALSE,17,3270611.13
CH,2020,01,03,FALSE,2,275190.19
UK,2020,06,01,FALSE,16,5279084.99
UK,2019,06,04,FALSE,24,25035707.74
BG,2021,04,10,FALSE,1,
SK,2023,09,01,FALSE,20,3406327.15
LV,2016,unresolved,01,FALSE,18,10173928.47
UK,2018,01,04,FALSE,31,41277427.57
ES,2021,02,03,FALSE,21,18618419.6
FR,2023,01,05,TRUE,76,100534901.05
FR,2020,unresolved,09,FALSE,14,5060000
FR,2021,04,09,FALSE,5,
IT,2019,08,04,FALSE,3,371324
SE,2016,08,09,FALSE,16,3168266.64
CZ,2018,09,04,FALSE,8,15762244.51
NL,2023,07,01,FALSE,9,3944838.07
DK,2016,09,03,FALSE,1,
BG,2023,01,03,FALSE,7,2363329.92338583
FI,2017,unresolved,04,FALSE,4,460030
ES,2021,08,08,FALSE,3,125000
ES,2016,07,09,FALSE,2,889409.41
PT,2020,05,01,FALSE,2,1521497.36
LT,2023,04,04,FALSE,36,4523332.4
UK,2016,06,04,FALSE,13,26495555.5
FR,2021,04,06,FALSE,18,33554076.88
LT,2018,09,01,FALSE,5,994400.62
NO,2019,09,09,FALSE,2,4060460.25
GR,2023,09,04,FALSE,5,1625677.2
FI,2023,unresolved,04,FALSE,22,33247292
AT,2020,unresolved,01,FALSE,26,8834739.58
GR,2021,09,04,FALSE,3,1130479.69
PT,2023,06,none,FALSE,46,121999838.04
PL,2016,08,05,TRUE,17,1571521.55
BE,2018,05,06,FALSE,1,49774
DK,2020,05,04,FALSE,13,7509069.96
HR,2016,07,04,FALSE,2,718247.04
SE,2018,09,07,FALSE,1,6823742.73
LT,2022,06,none,FALSE,73,24102209.51
EE,2023,02,none,FALSE,128,94014686.28
EE,2023,unresolved,none,FALSE,87,105388145.51
GR,2021,05,none,FALSE,287,470255433.12
CH,2021,05,none,FALSE,141,188624880.19
IT,2016,02,none,FALSE,111,416641976.12
SI,2016,10,none,FALSE,58,15904721.73
BE,2021,10,none,FALSE,64,51836031.03
BG,2023,05,none,FALSE,331,186191112.243313
PT,2020,06,none,FALSE,40,49630203.43
LV,2020,08,none,FALSE,34,7077851.02
NL,2021,10,none,FALSE,104,525327757.85
AT,2016,03,none,FALSE,59,11839901.59
FI,2019,02,none,FALSE,70,103815269.34
BG,2021,05,none,FALSE,259,169649643.4
DK,2016,06,none,FALSE,162,762150693.55
EE,2021,02,none,FALSE,93,34851713.67
CZ,2022,06,none,FALSE,70,99528551.64
DK,2021,08,none,FALSE,46,82581923.59
IE,2019,06,none,FALSE,33,73290041.13
LT,2016,03,none,FALSE,75,40231479.65
MT,2020,unresolved,none,FALSE,42,9283077.58
CH,2025,10,none,FALSE,73,154826342.831442
BG,2024,03,04,FALSE,7,9575891.81920441
FI,2019,06,none,FALSE,250,725865283
AT,2023,04,05,TRUE,23,23534673.44
IE,2019,unresolved,none,FALSE,162,1478905797.65
SK,2016,01,none,FALSE,118,221759266.72
ES,2020,10,09,FALSE,6,10553173.55
NO,2018,04,04,FALSE,8,23543364.41
HR,2019,04,05,TRUE,39,57286953.77
SE,2016,07,10,FALSE,14,29570488.65
GR,2021,10,none,FALSE,21,19407498.76
DE,2022,07,10,FALSE,86,210288884.4
PL,2018,06,01,FALSE,3,599084.83
BE,2022,01,01,FALSE,47,56488065.27
DE,2020,06,04,FALSE,95,43717995.52
SI,2022,unresolved,01,FALSE,20,8030104.05
PL,2016,01,04,FALSE,10,16961362.04
NL,2023,07,10,FALSE,65,241513805.94
ES,2018,01,04,FALSE,60,184550694.21
DE,2017,09,07,FALSE,4,
UK,2018,05,04,FALSE,28,26458852.04
SK,2017,07,none,FALSE,133,127606832.35
NO,2021,03,none,FALSE,118,102057950.49
CZ,2022,07,07,FALSE,9,2103697.97
FR,2023,06,05,TRUE,132,308985087.6
ES,2018,06,04,FALSE,42,69632560.53
GR,2017,08,09,FALSE,2,450823.41
CH,2023,09,01,FALSE,9,8658479.07588337
PT,2021,01,07,FALSE,5,1501222
SK,2021,04,01,FALSE,12,17473644.68
SE,2016,09,04,FALSE,3,
NL,2019,01,03,FALSE,6,220000
NL,2017,04,07,FALSE,5,7e+06
PT,2023,04,04,FALSE,10,16844542.84
PT,2018,unresolved,04,FALSE,8,1128031.08
ES,2018,unresolved,08,FALSE,7,1888167.85
BG,2020,06,05,TRUE,38,143694749.19
RO,2022,01,09,FALSE,49,39630481.36
HU,2023,06,04,FALSE,6,378582.014127106
BG,2021,08,none,FALSE,89,38442579.54
MT,2017,04,none,FALSE,49,18447653.38
RO,2020,05,01,FALSE,5,1091056.55
ES,2016,04,05,TRUE,58,154315399.1
EE,2018,06,none,FALSE,17,2218003.04
FI,2024,07,10,FALSE,113,1213863969
AT,2024,04,01,FALSE,63,80784891.09
FR,2025,03,02,FALSE,8,33366872.07
SE,2025,05,04,FALSE,9,358301382.952283
SK,2025,07,04,FALSE,3,148481.64
CZ,2025,03,01,FALSE,67,40573689.253568
NL,2025,07,01,FALSE,10,6302110
LV,2025,01,04,FALSE,9,2220155.88
SI,2025,04,04,FALSE,24,32902858.93
MK,2025,10,none,FALSE,2,1384500
GR,2025,08,04,FALSE,5,943681.7
HU,2025,05,07,FALSE,12,8516415.62100017
ES,2024,03,02,FALSE,9,20095703.54
NO,2025,08,09,FALSE,5,2616639.65583691
DE,2025,07,08,FALSE,3,
HR,2016,03,none,FALSE,37,46372744.78
LU,2016,07,none,FALSE,22,2280472.4
SK,2022,02,none,FALSE,52,36270894.88
ES,2024,09,01,FALSE,49,22542792.08
LU,2024,02,none,FALSE,11,3502104.86
NL,2024,04,04,FALSE,13,44398214.95
LT,2025,04,04,FALSE,18,48659235.5
LT,2024,09,01,FALSE,21,4724693.68
PL,2025,01,09,FALSE,5,588602.688742591
NO,2025,02,none,FALSE,60,38542112.1219479
IT,2025,04,01,FALSE,27,61372836.96
DE,2023,02,01,FALSE,10,705675
ES,2024,04,07,FALSE,25,12763915.14
LT,2025,08,05,TRUE,3,915700.2
HU,2025,08,01,FALSE,3,1051631.8410608
EE,2021,01,01,FALSE,23,4894643
SK,2017,03,01,FALSE,2,1733900
RO,2016,09,01,FALSE,6,177988.15
IT,2017,10,10,FALSE,9,8170015.11
UK,2018,04,07,FALSE,8,8481116.98
PT,2019,unresolved,05,TRUE,4,728824.66
LI,2018,10,none,FALSE,1,328410.39
BG,2016,08,none,FALSE,24,23881525.63
SE,2018,02,03,FALSE,8,2144604.86
RO,2022,01,08,FALSE,10,10357474.78
DK,2023,07,01,FALSE,4,3275023.35
NO,2021,09,01,FALSE,9,950478.68
NO,2016,03,04,FALSE,4,1722170.8
UK,2017,09,01,FALSE,56,70244583.77
FR,2021,10,04,FALSE,20,6016166.56
DE,2022,03,04,FALSE,23,9586969.31
FI,2018,03,02,FALSE,10,6511211
RO,2023,01,03,FALSE,11,7946289.83822798
FR,2021,06,01,FALSE,44,7212785.75
LV,2019,06,04,FALSE,1,181390.3
EE,2020,05,none,FALSE,34,58515389.96
FI,2017,05,07,FALSE,3,1320712
ES,2018,07,10,FALSE,26,34614760.57
LU,2016,04,03,FALSE,3,3e+08
SK,2020,08,none,FALSE,27,12561521.85
PL,2022,06,06,FALSE,1,685661.09
EE,2022,unresolved,04,FALSE,4,1425464.3
FR,2020,04,03,FALSE,14,8064643.01
AT,2023,01,04,FALSE,16,13841124.31
BE,2023,unresolved,04,FALSE,10,1169876.27
SK,2023,05,06,FALSE,3,245700
FR,2019,09,01,FALSE,36,55273117.36
LV,2021,10,none,FALSE,33,10604093.35
ES,2019,08,08,FALSE,4,8886037.63
NO,2019,07,10,FALSE,28,304154385.9
PT,2017,01,04,FALSE,6,2819579.17
PL,2023,05,08,FALSE,2,119323.1
FR,2022,09,05,TRUE,2,621263
IT,2016,02,01,FALSE,8,7634046.66
ES,2023,01,05,TRUE,36,4371602
NL,2023,04,07,FALSE,1,176348
FR,2023,07,04,FALSE,22,12750150.61
LT,2023,03,08,FALSE,2,61759
BG,2024,unresolved,04,FALSE,3,
ES,2024,unresolved,01,FALSE,23,36553636.39
EE,2025,10,01,FALSE,4,
PL,2024,05,01,FALSE,28,24922380.8002148
IE,2025,07,05,TRUE,1,787392
PT,2024,07,01,FALSE,18,27664224.65
SI,2025,05,07,FALSE,1,210395.4
FR,2025,05,06,FALSE,19,44450840
SK,2025,10,01,FALSE,3,14882774.29
SE,2025,unmapped,none,FALSE,1,
ES,2025,10,04,FALSE,4,1852434.36
FI,2025,08,01,FALSE,11,2140000
DE,2025,unresolved,04,FALSE,3,1852041.17
IT,2019,05,06,FALSE,6,7942621.2
SI,2021,04,06,FALSE,1,70965.04
CZ,2019,03,05,TRUE,7,1026229.73
BG,2022,05,04,FALSE,8,790121.45
BE,2017,04,01,FALSE,19,3.8e+07
LV,2020,unresolved,04,FALSE,4,1661263.53
HR,2023,01,03,FALSE,1,171408.72
IE,2017,06,04,FALSE,2,1500000
RO,2021,07,07,FALSE,66,19414281.22
SE,2021,08,05,TRUE,12,15901887.38
CH,2019,04,01,FALSE,21,10878683.93
IT,2020,06,04,FALSE,13,57131951.64
FR,2020,01,08,FALSE,17,16392356.49
CH,2023,04,05,TRUE,10,36427012.0155709
FR,2017,03,06,FALSE,10,1008377
FI,2021,04,05,TRUE,9,2774110
ES,2022,09,10,FALSE,14,46464300.11
ES,2021,03,02,FALSE,17,14823473.28
CY,2021,01,01,FALSE,12,15404224.82
DK,2017,06,05,TRUE,6,
GR,2021,03,01,FALSE,3,25530850.91
IT,2019,unresolved,04,FALSE,18,7556345.15
DE,2017,02,04,FALSE,15,3184233.55
PL,2018,02,02,FALSE,4,8490438.59
NL,2016,08,06,FALSE,41,3802847.76
HU,2018,unresolved,09,FALSE,5,616359.04
DK,2021,04,01,FALSE,6,1131246.35
DE,2020,02,02,FALSE,3,893081.28
DE,2023,03,08,FALSE,2,1067512.4
DE,2021,09,05,TRUE,13,3739560.37
DK,2020,08,09,FALSE,6,
DK,2016,unresolved,01,FALSE,3,
AT,2023,02,none,FALSE,35,98319066.21
MK,2023,04,05,TRUE,2,177846.82
BG,2025,08,06,FALSE,6,8145311.38153185
LT,2021,01,09,FALSE,1,85440
LV,2021,09,09,FALSE,2,2479669
FR,2024,09,03,FALSE,9,1075635
SI,2016,03,none,FALSE,37,14006375.55
IE,2021,03,01,FALSE,4,2794523
UK,2022,10,none,FALSE,10,217771180
LU,2017,09,none,FALSE,31,48042849.89
IT,2016,unresolved,04,FALSE,6,964186.88
HR,2021,03,04,FALSE,2,933294.2
PT,2019,04,04,FALSE,14,12073644.35
AT,2025,03,02,FALSE,5,675781.52
HU,2023,09,04,FALSE,3,874499.532435988
DK,2025,01,04,FALSE,8,5537039.5175778
PT,2024,07,10,FALSE,10,4548317.83
CY,2021,03,none,FALSE,15,12175911.02
HR,2017,06,04,FALSE,4,
UK,2017,09,05,TRUE,3,2254153
DE,2023,08,01,FALSE,4,847024.96
IT,2023,05,05,TRUE,16,23180903.08
PT,2021,09,01,FALSE,7,1771040.79
NO,2021,unresolved,07,FALSE,1,
IT,2016,04,03,FALSE,6,6110001.06
PL,2024,04,08,FALSE,6,44169672.4467193
LI,2021,08,none,FALSE,2,261724.54
MK,2018,03,none,FALSE,11,1403107.14
SE,2023,02,04,FALSE,2,16933845.11
LU,2020,06,none,FALSE,25,17585881.49
SE,2016,04,03,FALSE,5,528044.44
PT,2021,unresolved,01,FALSE,13,7948964.65
ES,2020,09,04,FALSE,9,3448682
SK,2017,04,01,FALSE,12,2975780.49
FR,2018,05,08,FALSE,3,579488
UK,2016,09,09,FALSE,2,3233757.99
FR,2017,05,03,FALSE,2,6e+05
SI,2021,05,04,FALSE,9,9432286.72
DK,2020,unresolved,04,FALSE,3,
CZ,2022,05,04,FALSE,25,4650112.13
LV,2022,05,04,FALSE,2,
CH,2021,03,02,FALSE,12,63280649.15
LT,2025,07,05,TRUE,4,138022.31
FR,2023,unmapped,none,FALSE,3,4714765
SE,2024,05,05,TRUE,9,123790495.035361
MK,2025,07,none,FALSE,4,470776
CZ,2024,01,03,FALSE,8,1176486.47233968
BG,2025,05,01,FALSE,7,2127010.62480826
LV,2025,07,01,FALSE,11,4384644.26
BG,2020,08,06,FALSE,5,14149365.68
EE,2020,02,04,FALSE,3,
CZ,2020,04,09,FALSE,8,873789.64
RO,2020,03,04,FALSE,15,16198434.99
FR,2021,08,04,FALSE,6,7279873.25
IT,2018,06,04,FALSE,13,35387349.31
SE,2022,04,05,TRUE,49,58070445.56
BE,2018,04,05,TRUE,18,6251446.37
HR,2022,04,04,FALSE,6,2269782.5
CZ,2019,04,07,FALSE,11,1643127.34
RO,2022,unresolved,09,FALSE,4,1226856.63
DE,2017,05,01,FALSE,9,4460020.47
FR,2018,05,07,FALSE,21,9346248.73
DK,2018,01,03,FALSE,2,2893130
BE,2018,unresolved,08,FALSE,2,
ES,2022,unresolved,08,FALSE,10,6515840.74
DK,2019,08,09,FALSE,9,1402106.18
RO,2019,06,05,TRUE,6,8339321.84
PL,2021,04,06,FALSE,8,62393873.78
BG,2021,05,04,FALSE,13,2235678
ES,2021,03,01,FALSE,9,10611928.75
PL,2022,08,05,TRUE,20,8405227.11
HR,2023,unresolved,08,FALSE,4,1078749.31
NO,2024,04,04,FALSE,8,6711062.64639798
LV,2025,09,01,FALSE,17,4732823.51
EE,2025,02,03,FALSE,6,
HR,2025,06,05,TRUE,12,276216445.84
ES,2024,10,04,FALSE,4,779406.92
RO,2025,08,06,FALSE,30,10666656.8980286
BG,2025,10,04,FALSE,7,
FI,2017,10,07,FALSE,2,7e+05
DK,2016,02,03,FALSE,9,4329723.71
RO,2023,10,01,FALSE,7,6631476.46927228
IE,2019,08,08,FALSE,2,2091420
BE,2020,04,03,FALSE,9,108000
PL,2019,05,07,FALSE,34,7348143.67
UK,2019,unresolved,03,FALSE,3,1022917.25
EE,2019,02,01,FALSE,5,
BG,2018,06,06,FALSE,1,178954.9
CZ,2020,02,01,FALSE,11,4366119.35
SE,2023,unresolved,01,FALSE,11,24064832.59
EE,2022,08,09,FALSE,3,1615670
IT,2023,05,07,FALSE,10,98327348.5
UK,2021,04,09,FALSE,3,3041655.42
CH,2017,04,05,TRUE,14,3791809.18
CY,2016,01,01,FALSE,2,307124
FR,2020,02,04,FALSE,5,2405709.4
SE,2018,05,01,FALSE,3,
ES,2024,09,06,FALSE,7,45349205
AT,2020,07,10,FALSE,7,2212930.45
NO,2023,07,01,FALSE,10,14178935.8752414
IE,2023,02,03,FALSE,3,2030000
CZ,2019,03,02,FALSE,3,897790.46
FI,2020,03,02,FALSE,10,12063232
RO,2018,01,04,FALSE,7,39486408.66
BG,2021,05,05,TRUE,4,449453.42
LT,2022,08,09,FALSE,7,645674.33
BG,2018,unresolved,05,TRUE,3,2029265.87
CH,2018,03,02,FALSE,5,2149388.69
FR,2018,09,10,FALSE,3,52593
HR,2021,unresolved,08,FALSE,2,855217.75
SI,2021,02,01,FALSE,6,1854447.23
FR,2023,09,04,FALSE,12,14114035.18
NO,2023,10,08,FALSE,2,1107624.10469927
CY,2024,07,10,FALSE,5,88036000
NL,2024,07,04,FALSE,1,763832
CY,2024,08,05,TRUE,1,279300
HU,2024,03,06,FALSE,3,220312.01962575
LV,2021,08,06,FALSE,4,2771291.94
NO,2017,09,08,FALSE,2,482470.24
PL,2017,09,05,TRUE,2,210629.26
FR,2021,06,09,FALSE,1,
PT,2018,03,01,FALSE,1,271179
FI,2017,02,01,FALSE,2,543997
FI,2023,01,08,FALSE,4,4466990
LV,2019,04,04,FALSE,7,5062927
NO,2016,05,05,TRUE,3,5260359.62
PL,2017,04,09,FALSE,3,117618.04
HU,2019,06,06,FALSE,1,52090.24
LV,2023,03,02,FALSE,5,1575405.1
LI,2023,05,none,FALSE,1,355646.1
FR,2025,02,04,FALSE,13,14566603.12
LV,2024,01,03,FALSE,9,4412041.92
BE,2025,02,03,FALSE,8,815742.79
NL,2018,07,09,FALSE,1,291060
ES,2021,unresolved,08,FALSE,4,1057765
UK,2016,07,03,FALSE,1,
BE,2017,01,08,FALSE,4,
BG,2018,01,01,FALSE,18,8931883.24
LV,2020,04,01,FALSE,7,2189177.53
SK,2022,03,01,FALSE,7,11117620.85
DE,2020,10,03,FALSE,3,533603.19
DK,2020,02,04,FALSE,1,1325000
CY,2020,06,none,FALSE,7,9331114.13
CZ,2018,06,05,TRUE,9,8965675.8
RO,2017,02,01,FALSE,6,209572.32
BG,2022,06,01,FALSE,1,
DE,2016,01,07,FALSE,2,331653
MK,2018,01,04,FALSE,9,402141.72
SK,2023,unresolved,04,FALSE,3,221795.92
BE,2024,08,04,FALSE,2,
IE,2021,08,08,FALSE,3,202925
FR,2018,09,09,FALSE,10,2982711
IT,2020,01,08,FALSE,3,150000
LT,2020,01,08,FALSE,11,798962
IT,2021,05,07,FALSE,8,11125505.45
UK,2020,03,04,FALSE,4,5170280.99
NO,2019,03,02,FALSE,3,
IT,2016,06,07,FALSE,3,7166616.38
FR,2023,06,03,FALSE,7,5009289.22
SE,2025,02,02,FALSE,1,59657.2657305065
FR,2025,04,08,FALSE,3,48595651
DK,2025,01,05,TRUE,2,
FI,2023,08,06,FALSE,7,4806913
PL,2025,04,08,FALSE,5,3662307.7822873
RO,2024,05,04,FALSE,20,2194913.973779
IT,2024,unresolved,04,FALSE,3,36895275
GR,2024,04,01,FALSE,13,78149201.71
NL,2018,01,03,FALSE,3,3800000
BG,2023,01,06,FALSE,7,442554.18
SE,2023,03,03,FALSE,3,3138648.7642257
FI,2024,04,01,FALSE,18,23790267.16
IS,2018,09,none,FALSE,3,3545836.92
PT,2017,unresolved,04,FALSE,5,1490957.22
DE,2022,05,07,FALSE,5,1260079
HU,2018,07,01,FALSE,13,7791129.72
BG,2019,08,09,FALSE,5,318789.76
NL,2021,09,08,FALSE,2,
CZ,2018,09,06,FALSE,3,1069239.17
PT,2017,05,01,FALSE,3,137950
IT,2019,05,08,FALSE,3,1606935.03
GR,2021,10,01,FALSE,4,1719612
SE,2018,09,03,FALSE,1,1754676.7
NL,2022,10,01,FALSE,4,720000
UK,2019,09,08,FALSE,4,894978.18
SI,2024,02,05,TRUE,1,348137.5
DE,2018,unresolved,06,FALSE,7,3283854.68
SK,2016,07,10,FALSE,1,62590
NO,2023,09,08,FALSE,1,297196.76
NO,2017,09,04,FALSE,2,321646.83
SI,2021,unresolved,03,FALSE,1,175479.04
BG,2018,05,01,FALSE,2,279234.08
HU,2022,06,05,TRUE,5,8788913.29
FI,2023,02,04,FALSE,5,18802738
GR,2018,07,01,FALSE,2,
IT,2017,10,09,FALSE,18,21454291.8
FR,2023,04,07,FALSE,3,340000
FR,2024,unresolved,07,FALSE,1,
IT,2024,04,07,FALSE,2,749918
DK,2021,04,06,FALSE,1,
NL,2018,03,04,FALSE,4,547000
FI,2021,05,05,TRUE,1,412000
RO,2020,10,01,FALSE,3,1791931.96
BG,2019,10,08,FALSE,1,178904.8
SE,2022,03,04,FALSE,6,144175806.53
NO,2018,09,09,FALSE,1,260484.5
LT,2023,07,04,FALSE,7,993917.8
ES,2023,07,07,FALSE,2,8749029.5
LT,2021,01,06,FALSE,6,853095.84
IT,2016,07,07,FALSE,2,1158988.89
UK,2021,09,05,TRUE,2,969637.63
DK,2022,01,05,TRUE,1,1432889.61
FR,2020,05,03,FALSE,3,796086.95
GR,2018,09,08,FALSE,1,318320.79
SE,2017,01,06,FALSE,2,207574.39
NL,2021,07,01,FALSE,9,1989717
FI,2022,08,09,FALSE,14,21054964.79
CY,2021,04,05,TRUE,2,2413036.92
AT,2023,01,09,FALSE,3,
IT,2021,10,10,FALSE,2,511208.17
RO,2019,unresolved,02,FALSE,1,
SK,2018,10,07,FALSE,1,
SE,2017,09,01,FALSE,15,2951794.25
PL,2019,05,06,FALSE,6,3043706.81
LT,2022,07,07,FALSE,4,844946.77
SI,2017,04,03,FALSE,3,3288141.22
PL,2021,06,06,FALSE,4,1305701.92
ES,2020,05,08,FALSE,10,4733508.53
IT,2023,08,04,FALSE,2,1985666.6
CY,2016,04,01,FALSE,2,5089044
DE,2023,01,06,FALSE,12,1231706.06
ES,2023,09,10,FALSE,9,15965151.04
RO,2023,05,02,FALSE,1,6032.33040671891
NO,2023,04,01,FALSE,10,3972583.0105622
IS,2019,06,none,FALSE,4,1781595.92
DK,2025,02,01,FALSE,3,857805.88120972
HR,2025,05,05,TRUE,1,259500
HU,2024,02,03,FALSE,6,3991008.08739569
DK,2024,04,08,FALSE,2,7281382.69002728
FR,2025,08,04,FALSE,5,1973985.17
SI,2025,01,08,FALSE,3,1893979
BG,2025,unmapped,none,FALSE,2,60333.3674199816
SK,2024,07,04,FALSE,3,800198.15
HR,2025,05,01,FALSE,2,308197.5
EE,2025,01,04,FALSE,4,502712
CZ,2017,unresolved,09,FALSE,2,95407.09
AT,2017,04,03,FALSE,3,306900
NL,2021,09,09,FALSE,5,
FI,2017,04,07,FALSE,1,360000
IT,2019,06,06,FALSE,1,
BE,2022,04,03,FALSE,4,1691088.2
MT,2019,unresolved,04,FALSE,1,1512000
LT,2020,07,07,FALSE,4,260385.8
LT,2019,06,01,FALSE,7,949736.4
DE,2018,09,03,FALSE,4,329372.37
FR,2017,08,04,FALSE,5,65342544.87
FI,2016,04,04,FALSE,8,11739345
FR,2021,08,03,FALSE,2,
BG,2019,07,10,FALSE,4,198210.45
AT,2019,07,01,FALSE,6,57258036.18
PT,2016,08,07,FALSE,1,487000
ES,2023,10,08,FALSE,8,3806058.05
GR,2023,01,04,FALSE,10,5316976.44
HR,2024,05,06,FALSE,4,4232310.63
EE,2024,09,01,FALSE,11,1014115.81
CZ,2018,05,07,FALSE,3,1027128.68
BE,2021,01,08,FALSE,4,3254250
BG,2023,07,04,FALSE,5,710254.991716945
LU,2022,unresolved,01,FALSE,5,1276327.95
CY,2023,03,06,FALSE,1,139025
GR,2018,08,09,FALSE,4,289268.9
CZ,2020,10,07,FALSE,6,3752315.27
RO,2021,02,07,FALSE,5,977693.8
IE,2017,05,01,FALSE,1,336142
FI,2021,01,05,TRUE,3,962330
BG,2022,unresolved,07,FALSE,1,140104.08
LT,2025,03,02,FALSE,4,6867628.56
GR,2023,01,08,FALSE,2,131040
HR,2021,05,07,FALSE,7,1868552.69
CZ,2017,05,06,FALSE,2,2953956.47
IT,2017,05,05,TRUE,6,9610495.21
UK,2021,03,07,FALSE,1,465332.71
PT,2023,10,07,FALSE,5,1128664.5
DK,2024,01,03,FALSE,4,2472159.75677251
LV,2024,02,03,FALSE,4,68360
BG,2024,05,07,FALSE,5,1365594.64157889
LV,2025,09,05,TRUE,1,44406.4
ES,2025,07,08,FALSE,1,288162.83
PL,2024,10,07,FALSE,2,9168901.96270214
ES,2025,09,07,FALSE,1,1203236
IT,2023,unresolved,03,FALSE,5,2632881.9
FR,2019,05,08,FALSE,9,3902673
IT,2018,09,01,FALSE,3,707719
LV,2022,02,04,FALSE,4,2329320
CY,2019,02,03,FALSE,2,433010
EE,2021,08,01,FALSE,3,3934719
HU,2016,unresolved,03,FALSE,4,1876635.42
CY,2023,04,05,TRUE,6,2913500
PL,2018,09,03,FALSE,2,22368.88
LU,2021,unresolved,04,FALSE,3,3726651.05
IE,2023,09,04,FALSE,4,2070650
FI,2017,01,08,FALSE,1,78000
FI,2016,10,10,FALSE,1,357000
PL,2019,04,06,FALSE,6,5369983.63
NL,2024,09,08,FALSE,2,223000
EE,2024,06,01,FALSE,1,796642.68
DK,2025,06,04,FALSE,3,14434763.0532882
MT,2024,01,03,FALSE,4,372365.53
IE,2020,02,none,FALSE,15,190376663
CH,2020,07,03,FALSE,2,636765.11
EE,2018,08,06,FALSE,4,1045023.88
IE,2018,01,03,FALSE,3,20920000
NL,2021,01,03,FALSE,3,
CH,2023,unresolved,04,FALSE,2,154687.31
LV,2022,07,07,FALSE,1,102688.68
LU,2023,05,01,FALSE,2,1160000
IT,2018,01,03,FALSE,1,59154.25
RO,2023,unresolved,07,FALSE,1,11050.55
LV,2020,08,06,FALSE,1,1732225
SK,2022,05,04,FALSE,1,
NO,2023,09,03,FALSE,2,715049.247038792
BG,2023,10,10,FALSE,4,14244.8103078024
AT,2025,07,05,TRUE,2,339957.91
PL,2024,09,09,FALSE,2,3192.74820332569
LV,2023,unresolved,06,FALSE,3,19185.73
PL,2019,04,09,FALSE,3,3233701.77
IT,2022,02,02,FALSE,1,1888090.28
DE,2016,10,10,FALSE,4,1563445.38
PL,2020,07,03,FALSE,2,381724.06
MT,2022,04,01,FALSE,3,1480919.87
PL,2025,10,07,FALSE,3,217869.362270731
EE,2020,09,09,FALSE,4,15606.5
IE,2023,05,01,FALSE,2,1412000
RO,2021,05,04,FALSE,8,3423311.79
EE,2019,02,04,FALSE,2,
EE,2018,08,09,FALSE,2,7473451.94
RO,2025,02,06,FALSE,1,86029.5107971806
SK,2025,10,04,FALSE,1,
BG,2024,08,05,TRUE,4,518338.618468146
SE,2025,unresolved,04,FALSE,2,2208627.78823542
BE,2023,03,01,FALSE,2,1146930.66
LV,2022,03,01,FALSE,2,23907.18
BG,2018,07,10,FALSE,3,656874.5
BG,2018,04,06,FALSE,5,78616.16
LU,2017,08,06,FALSE,2,1.5e+08
BG,2019,06,06,FALSE,1,173841.91
RO,2025,02,05,TRUE,1,
NL,2025,06,06,FALSE,1,374221.4
HR,2024,unmapped,none,FALSE,1,220779
LU,2021,10,none,FALSE,2,
BG,2018,05,07,FALSE,5,1244293.59
IT,2018,10,07,FALSE,2,9333001.29
NO,2019,unresolved,05,TRUE,4,1661713.62
EE,2021,07,04,FALSE,1,
LT,2016,02,08,FALSE,1,139931.82
DE,2022,01,07,FALSE,1,
EE,2016,09,08,FALSE,1,198082.5
RO,2022,06,01,FALSE,7,2274687.94
BG,2021,09,04,FALSE,4,443155.23
SI,2020,01,05,TRUE,1,585000
NL,2021,01,08,FALSE,4,419948.17
IT,2018,06,01,FALSE,1,212401.74
BG,2023,08,05,TRUE,2,511299.72
PT,2022,01,09,FALSE,2,591389.62
SK,2023,unresolved,09,FALSE,2,4900
IT,2016,05,08,FALSE,1,297192.45
UK,2020,05,03,FALSE,3,2229770.32
CY,2021,03,01,FALSE,3,660414.34
MK,2016,04,07,FALSE,1,
FR,2019,01,07,FALSE,9,17490
PL,2020,10,01,FALSE,1,1861857.75
AT,2019,03,04,FALSE,3,1129350.72
IT,2018,unresolved,06,FALSE,3,924287.92
LV,2016,03,01,FALSE,3,1631186.14
EE,2022,03,07,FALSE,1,
BG,2019,04,08,FALSE,1,60128.85
CY,2021,05,05,TRUE,1,565760
CH,2023,05,06,FALSE,1,3382952.13
GR,2024,04,09,FALSE,1,6526586.1
PT,2021,04,08,FALSE,1,185369
BE,2023,08,01,FALSE,4,
AT,2022,06,05,TRUE,2,633300
CH,2016,02,none,FALSE,1,
AT,2025,05,01,FALSE,2,461828.29
LU,2024,03,01,FALSE,2,28343376
LI,2022,04,none,FALSE,1,1110280.64
FI,2017,05,04,FALSE,2,405995
IT,2021,04,08,FALSE,2,10390000
UK,2023,08,none,FALSE,3,
NO,2021,03,01,FALSE,5,15867346.03
CH,2020,03,02,FALSE,4,5525405.24
PT,2019,04,01,FALSE,3,5123184
LT,2017,10,01,FALSE,2,355202.92
PT,2018,09,04,FALSE,3,849124.44
NO,2021,04,05,TRUE,4,1569372.15
BE,2022,01,03,FALSE,3,98915.7
LT,2024,03,06,FALSE,1,104132.23
SI,2024,03,04,FALSE,1,433999.4
UK,2023,06,05,TRUE,1,
UK,2017,09,10,FALSE,3,570340.03
EE,2022,06,05,TRUE,1,101587.5
HU,2022,09,05,TRUE,5,126352.78
DK,2017,unresolved,04,FALSE,6,4361142.42
FR,2017,07,05,TRUE,2,226205
LU,2024,10,01,FALSE,1,324558
GR,2018,unresolved,01,FALSE,2,1295205.48
BE,2021,unresolved,08,FALSE,1,72376424
SK,2019,01,04,FALSE,4,492021.64
FI,2023,03,05,TRUE,1,
DK,2021,03,01,FALSE,1,293801.26
HU,2017,03,02,FALSE,5,1483212.33
ES,2020,06,07,FALSE,1,124530.9
IT,2023,10,10,FALSE,4,10048000.91
BG,2025,10,08,FALSE,2,8120966.35647817
NL,2016,09,03,FALSE,1,
IT,2021,08,04,FALSE,2,805873
ES,2023,08,04,FALSE,3,1242879.84
ES,2023,05,09,FALSE,2,537837.2
LV,2024,03,02,FALSE,4,13318331.82
DK,2024,08,08,FALSE,2,
SE,2024,01,03,FALSE,6,
PL,2023,04,09,FALSE,1,826234.441950619
FI,2022,04,09,FALSE,1,
DK,2016,unresolved,08,FALSE,1,
CZ,2023,02,08,FALSE,3,33686.87
DE,2021,10,09,FALSE,2,597294
AT,2019,06,05,TRUE,5,1202310.05
PL,2022,04,08,FALSE,4,31442803.61
CH,2017,10,01,FALSE,3,3482445.69
LV,2018,03,01,FALSE,1,
LT,2020,02,07,FALSE,1,370620.4
BG,2021,03,03,FALSE,1,92405.67
GR,2023,unresolved,03,FALSE,1,2258064.52
NO,2024,07,09,FALSE,1,
MT,2023,02,03,FALSE,1,
PL,2025,07,03,FALSE,3,763274.073746778
AT,2016,07,08,FALSE,1,9e+05
NO,2016,05,06,FALSE,3,86108.54
IT,2017,03,04,FALSE,3,1208851.8
DK,2020,05,06,FALSE,1,227522.74
GR,2022,04,07,FALSE,3,1106447.79
CY,2017,08,08,FALSE,1,273750
BG,2021,05,06,FALSE,1,4422742.61
HR,2023,06,06,FALSE,1,430525.83
LT,2021,03,05,TRUE,1,
CH,2023,03,04,FALSE,1,
CH,2020,09,09,FALSE,2,546325.71
PL,2017,unresolved,05,TRUE,1,895684.75
CH,2023,07,03,FALSE,1,420867.63
LU,2023,03,01,FALSE,1,332320
IT,2021,08,08,FALSE,1,
NO,2025,01,09,FALSE,1,
BG,2020,05,06,FALSE,1,51172.92
UK,2016,09,10,FALSE,1,2525992.09
DE,2022,02,05,TRUE,2,
CH,2021,unresolved,06,FALSE,2,398122.75
BG,2023,03,09,FALSE,1,25554.7602004295
BE,2021,09,10,FALSE,1,
CZ,2019,03,08,FALSE,3,627131.21
CY,2017,09,04,FALSE,1,90000
SE,2016,09,09,FALSE,2,
ES,2017,09,03,FALSE,1,320527
PL,2021,08,03,FALSE,2,158720.32
SK,2020,02,02,FALSE,1,
LV,2017,unresolved,03,FALSE,1,186857.72
SK,2017,06,04,FALSE,1,1548000
FI,2020,07,03,FALSE,1,
FR,2018,10,10,FALSE,1,84130
LU,2020,05,04,FALSE,1,224055
ES,2019,06,07,FALSE,1,249767
UK,2022,05,04,FALSE,1,
PT,2025,08,08,FALSE,1,628572
SK,2024,03,02,FALSE,2,6200584.67
AT,2025,05,05,TRUE,2,983305.14
NL,2020,03,06,FALSE,1,
BE,2016,07,07,FALSE,1,322136.96
DE,2016,09,09,FALSE,1,542000
LU,2018,01,06,FALSE,1,1162110
HU,2025,10,04,FALSE,1,409408.096282935
FR,2024,08,08,FALSE,2,
DK,2024,03,04,FALSE,1,
IE,2024,08,04,FALSE,1,
SE,2020,03,05,TRUE,2,515317.41
HR,2024,01,03,FALSE,2,407619
IE,2022,05,05,TRUE,2,160940
IE,2020,07,04,FALSE,1,1e+05
LU,2018,03,02,FALSE,1,662200
LT,2019,04,03,FALSE,1,252642
EE,2021,09,06,FALSE,1,10675.64
LV,2021,unresolved,05,TRUE,1,127333.2
SE,2016,08,08,FALSE,2,
UK,2017,02,09,FALSE,1,172470.83
HR,2021,01,07,FALSE,1,
SK,2018,07,01,FALSE,1,
FI,2017,08,04,FALSE,1,4101664
NO,2022,unresolved,05,TRUE,2,
IE,2022,01,08,FALSE,1,118920
IE,2024,01,03,FALSE,1,123010
LI,2021,03,none,FALSE,2,781564.61
SE,2022,07,03,FALSE,1,394224.61
RO,2024,02,09,FALSE,2,376850.990225885
IS,2025,08,none,FALSE,2,4270724.42251356
PL,2022,03,06,FALSE,2,219837.33
SI,2023,01,02,FALSE,1,207350
PT,2022,unresolved,03,FALSE,2,560419.53
NO,2022,09,05,TRUE,1,
CZ,2018,09,05,TRUE,1,31083.56
ES,2016,01,07,FALSE,2,457400
UK,2022,08,09,FALSE,2,
LT,2021,09,09,FALSE,1,
FR,2021,03,05,TRUE,1,
HU,2024,04,08,FALSE,1,41321418.8491995
SK,2022,03,05,TRUE,1,459000
SE,2022,07,07,FALSE,1,246390.38
MK,2018,05,04,FALSE,1,
LV,2023,03,04,FALSE,4,3592508.52
CH,2018,09,06,FALSE,1,605600.35
AT,2017,01,02,FALSE,1,74820
EE,2023,09,05,TRUE,1,64650
CH,2020,10,01,FALSE,1,234906.33
CZ,2017,07,05,TRUE,1,72931.7
SE,2025,07,07,FALSE,2,
FI,2025,09,08,FALSE,1,
PL,2020,02,05,TRUE,1,3618939.91
UK,2018,06,07,FALSE,1,
LV,2023,07,10,FALSE,1,211734683
CH,2016,08,09,FALSE,1,
RO,2019,03,06,FALSE,1,1064970.63
DK,2022,01,03,FALSE,3,2124774.06
NL,2017,05,05,TRUE,1,292000
LT,2025,02,01,FALSE,1,61140
SK,2020,02,09,FALSE,1,
PT,2021,02,01,FALSE,1,206964
BE,2022,04,09,FALSE,2,
IE,2023,unresolved,09,FALSE,1,1750000
HR,2017,02,04,FALSE,2,446007.14
IE,2016,03,07,FALSE,1,1500000
HU,2016,01,03,FALSE,1,603005.36
DK,2020,06,01,FALSE,2,314143.97
PT,2019,01,09,FALSE,4,1379009.29
SE,2023,09,04,FALSE,2,
BG,2018,06,01,FALSE,1,520809.9
CY,2017,06,04,FALSE,1,
AT,2023,unresolved,09,FALSE,1,
CY,2021,05,04,FALSE,1,328300
SK,2017,07,10,FALSE,1,
DK,2021,01,05,TRUE,1,
CY,2017,unresolved,01,FALSE,1,147640
SE,2016,unresolved,06,FALSE,1,
PT,2025,02,02,FALSE,1,178350
DK,2020,03,04,FALSE,1,
BE,2021,03,06,FALSE,1,
FI,2017,08,05,TRUE,1,270000
BG,2025,07,03,FALSE,1,147614.94529093
BE,2016,02,08,FALSE,1,29953
MT,2022,07,04,FALSE,1,2092142.59
SI,2021,01,02,FALSE,1,387375.4
DE,2018,07,06,FALSE,1,
GR,2017,01,05,TRUE,1,221435.78
LT,2023,10,10,FALSE,1,246000
NL,2023,10,09,FALSE,1,
FR,2023,10,03,FALSE,1,
DK,2021,06,06,FALSE,1,637681.73
NL,2018,10,04,FALSE,1,
NL,2024,unresolved,01,FALSE,1,
DE,2018,06,03,FALSE,1,1778186.38
SE,2020,06,03,FALSE,1,1144513.96
IT,2021,03,08,FALSE,1,1107300
DK,2025,05,01,FALSE,1,4711390.10013807
NL,2019,unresolved,08,FALSE,1,
DE,2018,03,06,FALSE,1,
HR,2018,02,04,FALSE,1,1073213.38
DK,2017,02,05,TRUE,1,
NL,2024,10,05,TRUE,1,425000
CZ,2017,04,06,FALSE,1,1404429.08
DK,2019,09,04,FALSE,1,84019.77
SE,2023,10,10,FALSE,1,
IE,2020,09,04,FALSE,1,
DE,2018,02,08,FALSE,1,77801
LU,2021,06,05,TRUE,1,115536
HR,2025,02,04,FALSE,1,784909
DE,2024,02,02,FALSE,1,224453.96
DE,2024,04,04,TRUE,1,8609615.02
NL,2021,07,05,TRUE,1,
CH,2017,unresolved,03,FALSE,1,
UK,2024,09,01,FALSE,1,
BG,2025,03,03,FALSE,1,191562.276306371
PL,2025,07,none,FALSE,13192,20680637158.4728
ES,2024,02,none,FALSE,495,1168800318.15
PL,2024,02,03,FALSE,59,103603435.476456
FR,2024,07,none,FALSE,2231,4205887629.41904
LT,2024,01,none,FALSE,1391,771653027.07
IT,2025,04,none,FALSE,2044,13146539003.5682
IE,2024,08,05,TRUE,1,60200
ES,2025,08,none,FALSE,1088,1614825908.53
PT,2025,05,none,FALSE,415,3667450160.65
DE,2024,07,none,FALSE,4158,1472388803.45
FI,2024,08,none,FALSE,163,206566857.02
ES,2024,05,none,FALSE,1355,3921148030.08
NO,2025,05,none,FALSE,189,380126624.187895
DK,2024,04,none,FALSE,699,3951024598.39608
NL,2025,01,01,FALSE,195,881318476.766
PL,2024,03,none,FALSE,1477,1812079655.29968
SE,2024,07,10,FALSE,85,535429545.849953
DE,2024,07,01,FALSE,296,211379047.06
SK,2023,01,none,FALSE,559,815343207.46
DK,2024,06,none,FALSE,262,2066579663.47121
IT,2024,05,none,FALSE,889,3289354433.3
ES,2025,01,08,FALSE,60,21879041.33
HR,2025,05,none,FALSE,146,163746843.18
LV,2023,07,none,FALSE,813,232246387.75
DE,2023,01,01,FALSE,391,144139411.14
NL,2025,07,none,FALSE,521,1218136622.59
BG,2025,05,none,FALSE,318,285896811.77012
LV,2025,02,none,FALSE,113,159819057.33
LV,2025,09,none,FALSE,405,177114342.77
FR,2025,05,04,FALSE,62,840413985.95
RO,2024,06,none,FALSE,249,702198757.74209
EE,2024,03,none,FALSE,74,44130870.81
HU,2024,05,none,FALSE,125,62603365.5590426
LU,2024,03,none,FALSE,70,209002133.23
DE,2025,10,01,FALSE,67,20456564.95
DE,2025,08,04,FALSE,40,16792222.62
HU,2024,03,none,FALSE,92,97768875.5066415
SI,2025,02,03,FALSE,6,740977.38
IT,2024,05,08,FALSE,4,2934291.88
CZ,2024,04,05,TRUE,171,467218878.558089
HU,2024,04,01,FALSE,39,35949312.4220483
DE,2024,07,10,FALSE,67,13329727.16
AT,2024,05,none,FALSE,165,230922421.9
BE,2025,05,none,FALSE,434,605864418.0168
NO,2024,01,01,FALSE,86,52732314.3359355
NO,2024,02,none,FALSE,57,52272882.0594353
FR,2019,09,none,FALSE,1624,1819904522.4
PL,2020,07,none,FALSE,7954,4982372671.5
RO,2020,07,none,FALSE,6549,4812380396
ES,2017,07,none,FALSE,2919,4529869573.15
SI,2022,04,none,FALSE,722,1594648998.56
CZ,2022,10,none,FALSE,155,93186664.24
CZ,2016,05,none,FALSE,215,200210301.95
BG,2023,01,none,FALSE,2559,777026085.238059
PL,2018,07,none,FALSE,8072,4739655126.37
FR,2019,04,none,FALSE,6064,22336307799.74
LT,2017,01,none,FALSE,362,1458876326
BG,2016,01,none,FALSE,1148,472616345.71
IE,2019,01,none,FALSE,276,301494446.15
BG,2021,07,none,FALSE,3181,720025135.45
IT,2020,07,none,FALSE,1449,6569511139.4
NL,2022,01,none,FALSE,2893,2620057501.25
BE,2022,06,none,FALSE,203,301937384.21
NL,2022,10,none,FALSE,116,809371510.71
DE,2020,unresolved,none,FALSE,6343,5187828462.71
SE,2022,04,none,FALSE,1372,3813795618.4
BE,2022,01,none,FALSE,1078,1573347189.15
NL,2016,04,none,FALSE,755,2139499571.34
FR,2021,06,none,FALSE,3567,7278485626.19
BE,2022,04,none,FALSE,569,1457730768.17
PL,2022,01,none,FALSE,2791,1896818170.14
CH,2017,01,none,FALSE,929,1235007620.65
FR,2023,06,none,FALSE,3812,10541840546.68
RO,2019,04,none,FALSE,2800,4909592246.32
IE,2019,04,none,FALSE,300,1611347366.51
LT,2021,07,none,FALSE,1837,324369433.72
PT,2023,unresolved,none,FALSE,362,385364679.72
HU,2023,03,none,FALSE,86,29678126.5273632
CZ,2016,01,none,FALSE,641,252387526.93
DE,2016,unresolved,none,FALSE,3301,1808333583.61
PT,2020,07,none,FALSE,985,611245384.44
PL,2016,07,none,FALSE,5557,3183187349.65
UK,2018,09,none,FALSE,1493,4198615659.86
DE,2018,09,none,FALSE,3239,1471662071.74
DK,2020,05,none,FALSE,303,523946488.82
GR,2019,07,none,FALSE,473,196993909.87
NL,2018,06,none,FALSE,182,1056815578.81
CZ,2018,01,none,FALSE,1504,1287706962.41
PL,2023,02,none,FALSE,1221,2002753634.52747
DK,2016,07,none,FALSE,460,519690709.03
NL,2019,09,none,FALSE,997,727203205.7
PT,2018,04,none,FALSE,391,1162021112.3
MT,2023,06,none,FALSE,17,12438719.67
HR,2023,unresolved,none,FALSE,479,332961456.97
UK,2017,10,none,FALSE,3398,3033913871.11
PL,2016,05,none,FALSE,1095,1006906375.08
NL,2019,05,none,FALSE,401,240253720.36
CZ,2018,08,none,FALSE,233,140492625.54
HR,2019,04,none,FALSE,530,952570640.63
BE,2017,08,none,FALSE,89,100539952.33
FI,2018,05,none,FALSE,132,119733849.84
PL,2022,08,none,FALSE,339,303080338.76
LU,2022,unresolved,none,FALSE,100,72094716.42
AT,2023,unresolved,none,FALSE,851,3215051908.58922
IT,2017,03,none,FALSE,101,236206404.85
SI,2020,02,none,FALSE,88,53732689.23
ES,2020,unresolved,04,FALSE,38,164220349.48
PL,2016,06,05,TRUE,65,21513524.94
PL,2021,unresolved,04,FALSE,50,172286663.98
SE,2021,04,03,FALSE,8,1106563.83
PL,2019,04,01,FALSE,59,45391702.62
DE,2019,08,06,FALSE,79,15433638.49
CZ,2021,unresolved,01,FALSE,125,78107887.48
FR,2018,08,09,FALSE,148,1063735513.57
BG,2021,unresolved,04,FALSE,27,5782282.63
NL,2016,07,01,FALSE,8,
IT,2022,04,05,TRUE,144,723703769.17
IT,2017,07,10,FALSE,37,118089803.36
BE,2023,unresolved,none,FALSE,443,1053364320.61
RO,2022,06,none,FALSE,727,2129826157.77
SI,2021,unresolved,none,FALSE,496,797027743.43
BE,2023,09,none,FALSE,341,283380851.3
IT,2016,05,none,FALSE,862,3754434631.05
FI,2023,07,none,FALSE,844,1199762500.39
DE,2023,02,none,FALSE,708,1099408505.63
LT,2018,03,none,FALSE,124,61603099.19
PT,2023,01,none,FALSE,983,990644953.15
PL,2021,06,none,FALSE,875,630395856.53
FI,2021,06,none,FALSE,213,1002307378.05
AT,2016,02,none,FALSE,5,10571433.2
HU,2022,03,none,FALSE,123,55204347.97
EE,2018,04,none,FALSE,279,301104762.69
LT,2016,07,none,FALSE,678,204716441.01
MT,2016,03,none,FALSE,5,283374.63
MT,2022,unresolved,none,FALSE,48,48048160.78
LV,2021,04,none,FALSE,661,1116201840.56
HR,2020,07,none,FALSE,683,331123987.08
HR,2019,09,none,FALSE,115,32562649.53
UK,2017,03,none,FALSE,228,1263718200.45
LT,2019,07,none,FALSE,1186,232671532.01
SK,2021,07,none,FALSE,425,158201193.9
MT,2018,09,none,FALSE,98,36055722.09
AT,2020,09,none,FALSE,356,396724685.94
FI,2020,unresolved,none,FALSE,510,861276900.74
IE,2020,06,none,FALSE,52,84827332.9
MK,2022,07,none,FALSE,77,30621542.73
CY,2023,04,none,FALSE,60,177081313.84
EE,2022,09,none,FALSE,254,171296651.25
CZ,2020,06,none,FALSE,62,153832931.52
ES,2023,06,none,FALSE,578,2417339873.04
HR,2020,03,none,FALSE,72,55298963.74
CZ,2017,09,none,FALSE,965,173760337.49
IE,2023,01,none,FALSE,436,3348337894.7
CH,2022,unresolved,none,FALSE,192,1526744307.09
CZ,2019,10,none,FALSE,99,66883288.12
FR,2017,06,04,FALSE,222,285676079.89
DE,2020,03,02,FALSE,72,12230013.57
ES,2019,10,08,FALSE,5,
FR,2017,unresolved,01,FALSE,168,50565108.63
ES,2019,04,01,FALSE,108,168934253.52
DE,2022,06,04,FALSE,69,46309714.11
FR,2023,01,04,FALSE,213,484161486.69
BG,2022,04,04,FALSE,137,60393658.44
AT,2017,01,04,FALSE,18,17896901.69
CZ,2016,unresolved,06,FALSE,4,1586979.07
FR,2019,unresolved,04,FALSE,102,980250158.16
DK,2021,08,09,FALSE,8,1273481.1
DE,2016,01,01,FALSE,155,46474430.14
DK,2018,05,01,FALSE,3,5657977.21
RO,2018,01,08,FALSE,54,9672069.19
ES,2021,01,04,FALSE,144,224035241.1
ES,2023,09,03,FALSE,3,244016.85
DE,2018,01,01,FALSE,179,52409414.71
CH,2018,01,09,FALSE,3,426974.03
PL,2023,04,06,FALSE,5,9518795.51288856
HU,2023,unresolved,01,FALSE,173,429258342.944485
PL,2022,01,04,FALSE,54,20278417.44
LT,2020,10,01,FALSE,16,1544722.54
RO,2022,09,01,FALSE,23,5890265.94
CZ,2019,05,04,FALSE,19,56146752.55
PL,2017,unresolved,01,FALSE,153,98149928.02
GR,2019,09,01,FALSE,6,460532.25
IT,2020,08,09,FALSE,12,7526435.68
IT,2018,04,05,TRUE,96,448768110.89
ES,2017,unresolved,01,FALSE,52,81679634.26
PL,2020,07,04,FALSE,21,6064854.49
HU,2016,04,01,FALSE,17,5269234.22
FR,2017,unresolved,04,FALSE,105,328631562.55
DK,2016,07,01,FALSE,6,7327828.67
EE,2019,04,03,FALSE,3,580000
NL,2020,07,10,FALSE,56,495292558.1
NO,2019,unresolved,03,FALSE,2,129427.17
CH,2021,04,03,FALSE,12,11675271.17
CZ,2020,unresolved,04,FALSE,50,25756630.51
FR,2021,04,05,TRUE,109,66852272.87
DE,2018,01,05,TRUE,103,52835735.87
MT,2016,08,09,FALSE,1,28475
SE,2023,04,04,FALSE,44,48786466.3944476
FR,2021,01,05,TRUE,53,17058190.6
PT,2022,05,01,FALSE,8,1696189.23
ES,2018,07,01,FALSE,57,51054165.87
NO,2016,07,10,FALSE,5,
UK,2017,10,10,FALSE,11,9292318.09
NO,2022,09,09,FALSE,4,2154811.92
IT,2022,07,01,FALSE,16,99560297.05
SE,2021,01,06,FALSE,10,1358866.29
FI,2021,07,10,FALSE,111,842275979
DE,2020,05,06,FALSE,23,10378496.23
DE,2016,10,01,FALSE,29,5065130.6
HU,2018,04,05,TRUE,28,90856353.55
BE,2023,01,01,FALSE,49,68173078.03
SI,2020,05,04,FALSE,5,1976196.9
PL,2016,06,04,FALSE,14,3367441.81
UK,2016,07,01,FALSE,41,54544080.42
AT,2016,04,04,FALSE,22,334516
IT,2021,09,08,FALSE,2,3463116.67
BE,2019,07,09,FALSE,6,6550830.82
IE,2023,08,none,FALSE,65,38505017.27
AT,2023,05,none,FALSE,163,132539922.65
PL,2016,07,01,FALSE,39,39950408.91
EE,2019,unresolved,01,FALSE,26,5778574.01
SK,2023,04,05,TRUE,16,6986474.14
ES,2019,01,08,FALSE,20,5857016.08
NL,2017,06,01,FALSE,7,1496711.48
FR,2022,06,05,TRUE,100,82711626.25
FR,2021,02,03,FALSE,27,68215677.3
PL,2016,06,07,FALSE,1,83195.82
ES,2023,04,03,FALSE,34,93353938.28
ES,2023,05,06,FALSE,10,10054595.27
CZ,2024,08,08,FALSE,1,
IT,2024,05,04,FALSE,17,51535865.729
PL,2025,04,01,FALSE,103,171031461.898708
LT,2025,01,04,FALSE,55,8231721.59
DK,2025,10,none,FALSE,42,39165980.2726605
NO,2024,05,none,FALSE,180,216904041.438424
DE,2025,02,03,FALSE,77,1824987.37
MK,2017,06,none,FALSE,53,165265.14
BG,2022,04,03,FALSE,39,1763344.85
EE,2019,09,09,FALSE,3,15340
DE,2022,09,04,FALSE,46,35822927.83
UK,2018,04,05,TRUE,49,52094568.42
FR,2018,unresolved,05,TRUE,28,56778524.63
LT,2020,08,06,FALSE,12,3469080.67
LT,2021,unresolved,01,FALSE,54,18690458.93
CY,2020,02,none,FALSE,9,1577140.69
NO,2020,02,none,FALSE,79,107987708.99
CH,2018,09,01,FALSE,7,14702798.61
LV,2019,unresolved,09,FALSE,1,660000
FR,2020,07,09,FALSE,7,892408
BG,2023,02,03,FALSE,14,1740774.76474588
CH,2019,unresolved,01,FALSE,26,56356286.63
IE,2019,04,05,TRUE,17,2384273.06
ES,2023,unresolved,04,FALSE,26,24539699.48
HR,2021,02,none,FALSE,10,871526.47
BE,2016,07,10,FALSE,8,
UK,2016,02,01,FALSE,13,10008828.6
CZ,2016,07,01,FALSE,34,7142306.17
IT,2023,10,09,FALSE,22,34730681.68
CY,2025,04,none,FALSE,71,151127950.69
SK,2025,02,none,FALSE,39,67648004.23
FR,2024,10,04,FALSE,12,28996646.35
DE,2024,05,04,FALSE,103,101702683.04
BE,2024,06,none,FALSE,175,642253881.31
DK,2019,08,06,FALSE,19,9854121.15
FR,2022,06,03,FALSE,8,5331344.2
ES,2019,04,08,FALSE,4,879401.33
SI,2021,04,05,TRUE,26,14227583.64
ES,2016,10,06,FALSE,6,4370324.74
PL,2020,09,05,TRUE,3,586010.15
MT,2023,04,05,TRUE,6,86498.58
NO,2023,01,05,TRUE,8,10827165.3524416
CZ,2023,02,04,FALSE,23,49628672.9300978
HR,2024,08,none,FALSE,48,187593334.27
RO,2025,08,09,FALSE,31,3750750.04591176
SE,2024,02,none,FALSE,90,86650711.913265
LU,2023,04,04,FALSE,3,709150
PT,2024,04,04,FALSE,12,47586199.32
ES,2025,unmapped,none,FALSE,7,2459392.25
HR,2024,08,01,FALSE,7,8165526.45
RO,2022,unresolved,04,FALSE,36,9564183.16
EE,2021,07,01,FALSE,11,406445
ES,2023,03,03,FALSE,4,4089210.16
BG,2021,06,05,TRUE,37,116860454.94
PL,2016,10,07,FALSE,3,255535.39
GR,2022,08,01,FALSE,2,1751010.96
RO,2019,01,07,FALSE,7,7314527.64
UK,2019,10,01,FALSE,6,27708191.22
PL,2018,03,02,FALSE,15,6605268.84
FI,2016,01,06,FALSE,1,
UK,2023,unresolved,none,FALSE,24,41887563.64
SE,2019,08,05,TRUE,14,15004669.06
NL,2022,10,10,FALSE,15,
CZ,2017,03,01,FALSE,37,11826796.79
SE,2021,01,05,TRUE,10,3916081.11
GR,2020,10,07,FALSE,2,416104.93
PL,2022,02,03,FALSE,45,54272874.2
SI,2023,05,05,TRUE,3,783200
RO,2020,02,03,FALSE,32,54194727.75
HU,2022,05,07,FALSE,6,2753803.2
RO,2019,03,04,FALSE,20,12198523.74
RO,2019,unresolved,05,TRUE,5,1544374.11
NL,2017,05,04,FALSE,28,8051516.18
FR,2017,05,08,FALSE,8,3758147.44
RO,2018,unresolved,04,FALSE,16,5181710.91
GR,2016,09,09,FALSE,4,1450223.98
DK,2023,04,04,FALSE,25,488904369.923417
DE,2022,10,09,FALSE,3,1100000
PT,2017,05,06,FALSE,3,5181779.54
ES,2019,10,09,FALSE,8,33575869.22
ES,2016,04,07,FALSE,7,8509628.35
IT,2021,02,08,FALSE,1,
FR,2021,03,07,FALSE,5,2496224
NO,2022,04,01,FALSE,5,
EE,2019,03,07,FALSE,1,
CZ,2017,04,01,FALSE,30,22485424.02
RO,2022,01,07,FALSE,19,6038528.08
ES,2020,05,03,FALSE,1,658307.68
SE,2018,03,02,FALSE,5,
SI,2020,02,01,FALSE,1,514710.68
NL,2018,04,03,FALSE,4,
DE,2022,03,07,FALSE,7,3e+07
FR,2019,03,02,FALSE,15,39229782.42
RO,2020,02,01,FALSE,13,3689138.15
BE,2019,unresolved,01,FALSE,33,28648747.98
IT,2023,04,04,FALSE,51,233817065.84
MK,2016,04,01,FALSE,4,841739.61
AT,2018,02,none,FALSE,12,3690251.98
DK,2017,08,none,FALSE,63,127606907.74
IE,2022,05,none,FALSE,54,27956392.48
DK,2021,10,none,FALSE,39,153527543.63
BG,2017,05,none,FALSE,134,152671584.42
NL,2017,08,none,FALSE,115,167035006.32
PL,2019,02,none,FALSE,752,1133163852.13
FI,2021,10,none,FALSE,85,253599889.8
IS,2022,04,none,FALSE,48,111863673.64
NO,2023,09,none,FALSE,286,523801842.637014
NO,2020,unresolved,none,FALSE,265,2099374807.82
SK,2018,09,none,FALSE,85,48435942.42
IE,2016,10,none,FALSE,6,1273500
NO,2016,07,none,FALSE,212,40951854.34
BG,2020,06,none,FALSE,322,89047105.23
CY,2020,unresolved,none,FALSE,16,8297052.87
EE,2016,unresolved,none,FALSE,94,74792561.56
FI,2018,unresolved,none,FALSE,282,516839096
LI,2017,03,none,FALSE,1,470516.46
SK,2020,05,none,FALSE,86,60402784.67
GR,2018,unresolved,none,FALSE,171,121476833.39
GR,2020,03,none,FALSE,99,37146847.98
SE,2018,10,none,FALSE,121,736260509.58
IT,2016,03,none,FALSE,111,285815097.3
HR,2022,02,none,FALSE,16,30720205.38
SI,2025,07,01,FALSE,20,15215261.56
GR,2020,07,01,FALSE,12,5147279.59
DE,2018,01,08,FALSE,13,5969494.96
AT,2021,10,none,FALSE,80,68870651.79
FR,2017,02,03,FALSE,22,40766612.78
BG,2017,10,none,FALSE,66,14239290.11
CH,2023,06,none,FALSE,122,184143444.581087
LT,2023,07,01,FALSE,24,2745512.07
SI,2018,unresolved,01,FALSE,20,9562650.41
FR,2019,09,09,FALSE,16,4976685.35
DE,2017,10,04,FALSE,44,12531809.8
CY,2021,09,none,FALSE,13,15921536.8
NO,2019,08,09,FALSE,15,6654079.24
SI,2019,unresolved,01,FALSE,16,3163672.45
NO,2021,04,04,FALSE,3,1865393.52
LV,2018,08,none,FALSE,25,39570683.61
BG,2019,02,none,FALSE,123,99431189.71
RO,2020,06,01,FALSE,4,1083352.16
IT,2022,05,04,FALSE,26,111586647.51
DK,2023,08,none,FALSE,91,113925282.656626
FR,2023,unresolved,08,FALSE,23,10887695.3
UK,2017,05,06,FALSE,16,9555156.68
DK,2020,01,01,FALSE,37,38044172.04
EE,2017,04,01,FALSE,14,3363991.65
BE,2019,08,none,FALSE,103,93980869.7
FR,2023,09,05,TRUE,4,1332552
IS,2017,01,none,FALSE,32,30143937.22
HU,2020,10,none,FALSE,40,49878736.93
RO,2016,05,none,FALSE,77,421461234.17
UK,2019,03,04,FALSE,6,777921658.69
IT,2017,02,03,FALSE,12,9416244.54
LU,2018,09,none,FALSE,41,41081571.68
PT,2017,unresolved,none,FALSE,170,164865181.58
PT,2018,02,none,FALSE,49,160611162.78
LU,2020,04,none,FALSE,97,137568950.18
IE,2024,01,04,FALSE,14,114079443
LT,2024,10,01,FALSE,6,2223266.67
FR,2024,03,02,FALSE,8,13957632.58
ES,2024,07,04,FALSE,28,55221204.1
NO,2024,07,01,FALSE,10,2983647.14341826
DE,2025,05,06,FALSE,22,21399413.13
SE,2025,04,05,TRUE,39,369434646.148206
DK,2025,08,06,FALSE,23,86892238.3411958
HU,2025,06,05,TRUE,28,17150808.1450035
BE,2025,01,01,FALSE,111,230416523.94
SE,2024,07,01,FALSE,30,131264487.30785
IE,2025,08,09,FALSE,7,6288731.66
NO,2025,08,none,FALSE,79,58357817.0949166
CY,2020,04,none,FALSE,37,669602483.17
IS,2016,01,none,FALSE,27,5691340.75
IS,2021,unresolved,none,FALSE,5,
BG,2016,10,none,FALSE,35,21593090.32
LU,2019,02,none,FALSE,14,3963665.85
CY,2021,01,none,FALSE,96,98237559.34
IE,2016,07,none,FALSE,89,39474615.98
PT,2016,10,none,FALSE,8,3298924.43
GR,2025,03,none,FALSE,78,1139334193.18
HU,2024,02,02,FALSE,2,1412596.14099931
CH,2024,04,01,FALSE,14,113873470.193415
IE,2025,10,04,FALSE,2,7e+05
LV,2024,04,07,FALSE,4,3e+05
LU,2024,04,05,TRUE,7,29671362.85
SK,2025,09,01,FALSE,12,3507525.89
HU,2024,06,05,TRUE,10,5933539.80000778
CH,2023,10,07,FALSE,15,40971391.5368456
IT,2024,01,08,FALSE,10,41239004.88
LV,2025,01,01,FALSE,17,10435606.6
ES,2025,04,03,FALSE,15,19113155.72
FR,2022,01,06,FALSE,12,528265.28
SE,2022,04,01,FALSE,10,47304944.17
MK,2021,09,none,FALSE,12,2255852.86
SI,2020,01,04,FALSE,9,14377019.78
MT,2023,09,none,FALSE,44,40143872.95
BG,2023,04,04,FALSE,117,72231545.3257757
HR,2016,unresolved,01,FALSE,32,7279101.1
IE,2023,09,10,FALSE,1,750000
IT,2016,05,07,FALSE,7,15874189.36
DE,2023,unresolved,05,TRUE,58,58638125.31
DE,2023,05,06,FALSE,37,19685719.8
IT,2016,10,09,FALSE,30,24601949.44
SK,2016,04,04,FALSE,8,779744.25
ES,2016,08,05,TRUE,5,6438071.13
ES,2021,07,10,FALSE,62,142967747.48
IS,2017,04,none,FALSE,25,68975199.98
FR,2021,04,08,FALSE,2,8638022.8
UK,2016,02,03,FALSE,4,2351881.7
PT,2021,01,04,FALSE,20,10685300.04
BE,2020,02,03,FALSE,21,47288222.63
NL,2023,08,09,FALSE,12,3473000
FI,2016,08,06,FALSE,6,2098551
ES,2020,06,05,TRUE,28,46428237.26
FR,2022,10,07,FALSE,2,76000
PL,2019,07,04,FALSE,11,4373510.6
IE,2019,04,01,FALSE,11,5093750
BE,2017,02,03,FALSE,19,4063084.1
DE,2022,02,01,FALSE,16,3167361.16
DE,2021,09,03,FALSE,8,769938.33
PL,2017,unresolved,04,FALSE,27,81093154.6
IE,2024,08,09,FALSE,8,1291651
HU,2021,05,04,FALSE,5,8986701.47
UK,2020,09,10,FALSE,4,18659175
IE,2024,04,07,FALSE,17,1003736
HR,2025,04,03,FALSE,4,1621613.11
FR,2024,08,04,FALSE,10,1220115.27
PL,2025,03,04,FALSE,19,69590659.2181452
SE,2025,07,05,TRUE,3,1781332.39363179
PT,2025,05,01,FALSE,10,3116644.07
IT,2024,04,06,FALSE,2,
NL,2023,07,04,FALSE,4,556700
DE,2020,unresolved,03,FALSE,24,24383073.52
LU,2023,03,none,FALSE,27,26972347.57
CH,2016,07,01,FALSE,2,251783.16
LU,2016,01,04,FALSE,4,750000
DK,2023,04,06,FALSE,5,8904016.68057783
DE,2018,03,04,FALSE,12,4646181.5
FI,2018,10,none,FALSE,62,216261292
GR,2018,06,05,TRUE,11,21639481.14
ES,2019,02,01,FALSE,12,23592902.33
SE,2021,08,06,FALSE,9,3483959.99
SE,2018,10,04,FALSE,3,1072302.43
GR,2016,08,06,FALSE,3,2832715.75
PL,2016,01,06,FALSE,6,3778585.44
LT,2019,02,01,FALSE,4,1082378.37
SK,2022,04,04,FALSE,10,2867059.15
PL,2019,01,08,FALSE,3,1142996.24
NL,2016,04,01,FALSE,16,6e+05
UK,2018,07,05,TRUE,3,5267262.72
NO,2019,05,04,FALSE,10,4733201.78
ES,2023,03,01,FALSE,11,5370691.8
HR,2021,unresolved,04,FALSE,8,1306353.01
UK,2020,02,01,FALSE,8,30505815.92
PL,2024,unresolved,01,FALSE,17,42466275.8668166
LT,2025,03,01,FALSE,10,1212545.47
IT,2025,03,02,FALSE,7,59538158.64
NL,2018,02,03,FALSE,9,6865781.65
SE,2020,09,05,TRUE,3,
RO,2020,05,04,FALSE,12,9457243.91
BG,2023,06,01,FALSE,6,1360777.75306269
FI,2019,08,09,FALSE,6,1190000
DK,2018,02,none,FALSE,93,208702291.5
EE,2023,07,01,FALSE,7,3287804.64
CZ,2018,06,04,FALSE,4,24597914.56
ES,2025,05,08,FALSE,16,73796890.95
BE,2025,01,09,FALSE,2,
HU,2025,03,01,FALSE,9,4614976.72875569
LV,2025,03,07,FALSE,1,84297.52
ES,2025,09,08,FALSE,4,4133128.87
FR,2021,10,01,FALSE,8,27935606.5
RO,2021,10,07,FALSE,7,578634.37
GR,2021,04,04,FALSE,11,17650442.4
SE,2016,06,04,FALSE,14,1603677.76
CZ,2016,07,10,FALSE,5,30005537.46
PT,2019,07,04,FALSE,10,2956430.64
AT,2019,03,02,FALSE,30,10322443.77
BE,2017,05,01,FALSE,5,211530
NL,2022,unresolved,04,FALSE,8,18389931
MT,2018,01,06,FALSE,1,96700
NO,2019,02,04,FALSE,4,5918120.82
UK,2025,01,none,FALSE,11,3087033.15202749
FR,2024,10,01,FALSE,13,6186468
PL,2016,07,09,FALSE,4,115933.91
RO,2019,06,01,FALSE,5,2203723.04
CH,2019,04,04,FALSE,20,3060126.62
BG,2018,03,01,FALSE,14,9355082.96
IT,2018,07,01,FALSE,7,2448747.22
NO,2023,04,04,FALSE,7,4553041.71503372
AT,2022,07,10,FALSE,32,44162776.72
CZ,2022,06,04,FALSE,18,16158683.87
UK,2018,07,06,FALSE,3,573660444.66
LT,2016,07,04,FALSE,4,1045182.98
ES,2021,08,09,FALSE,33,7243879.47
LV,2017,05,08,FALSE,3,558796.89
CZ,2023,unresolved,05,TRUE,24,4758078.13824725
HU,2025,01,04,FALSE,25,40255125.8247995
PL,2025,05,06,FALSE,10,26449835.4956922
HU,2024,10,08,FALSE,1,52707782.7645767
AT,2025,08,06,FALSE,9,14105357.78
RO,2025,04,06,FALSE,9,2156397.41415449
LU,2019,04,05,TRUE,9,8869484
RO,2020,05,06,FALSE,2,3382327.78
LU,2019,08,none,FALSE,13,11153802.01
SK,2018,unresolved,01,FALSE,23,9446906.67
BE,2018,06,04,FALSE,10,5599600.43
PL,2020,08,08,FALSE,6,1866219.89
ES,2018,05,06,FALSE,5,2357029.38
LI,2019,01,none,FALSE,19,8885244.26
LT,2021,08,09,FALSE,6,542640.1
ES,2016,03,02,FALSE,7,7560157.86
SI,2018,04,01,FALSE,17,9848106.91
FR,2020,06,01,FALSE,35,7468818.42
ES,2023,01,09,FALSE,5,11954510.01
RO,2021,03,04,FALSE,26,10883744.6
FR,2019,04,06,FALSE,20,7381270.44
DK,2020,04,03,FALSE,3,247931.64
PL,2022,01,05,TRUE,8,663904.16
IT,2017,06,04,FALSE,12,44184443.62
FI,2023,04,01,FALSE,2,1509434
AT,2018,10,none,FALSE,56,51974714.24
MT,2017,05,none,FALSE,28,4457923.93
BE,2023,04,04,FALSE,9,552356
SE,2020,01,03,FALSE,9,1740381.82
IE,2018,07,01,FALSE,11,1259813
AT,2020,03,06,FALSE,1,1200000
FR,2023,05,03,FALSE,4,1751416
FI,2023,07,01,FALSE,13,9257325
BE,2018,unresolved,03,FALSE,2,422517.6
CY,2023,03,none,FALSE,16,17958834.2
IE,2025,unmapped,none,FALSE,4,145364.39
IE,2024,04,03,FALSE,4,1086865
DK,2025,07,04,FALSE,2,36628503.4458056
SK,2025,02,08,FALSE,1,100904.91
CY,2025,07,01,FALSE,2,725000
DE,2024,09,08,FALSE,6,3371482.83
GR,2025,01,08,FALSE,5,3485185.85
FR,2016,02,07,FALSE,2,37711.99
IE,2022,08,09,FALSE,4,262130
PL,2016,05,05,TRUE,5,3084550.68
NO,2018,02,03,FALSE,3,171919.77
IE,2021,05,01,FALSE,2,1295000
RO,2019,02,04,FALSE,2,216171.5
SE,2019,05,01,FALSE,3,702231.54
PL,2016,02,02,FALSE,7,22872764.06
HU,2017,06,05,TRUE,3,470769.17
PL,2023,05,01,FALSE,23,20549621.27986
UK,2019,01,05,TRUE,4,6515006.33
FR,2019,02,08,FALSE,2,49404224.2
NO,2017,08,06,FALSE,4,713573.07
PT,2017,08,05,TRUE,1,168963.84
SE,2017,09,09,FALSE,2,4950649.19
BE,2017,unresolved,01,FALSE,33,30064088.52
LI,2021,07,01,FALSE,1,1211035.06
IS,2022,06,none,FALSE,3,1408655.96
PT,2025,03,07,FALSE,3,82062944.22
UK,2016,05,01,FALSE,4,6262293.17
NL,2020,07,09,FALSE,2,166000
UK,2018,01,09,FALSE,2,
HR,2021,06,01,FALSE,1,38387.97
IE,2017,09,01,FALSE,5,751825
CZ,2021,07,03,FALSE,1,196541.81
CZ,2025,01,03,FALSE,4,1197694.84602119
LV,2021,unresolved,04,FALSE,3,384339.51
RO,2020,02,09,FALSE,3,190248.46
PT,2019,03,02,FALSE,2,
EE,2020,07,01,FALSE,8,978653.08
NO,2018,05,06,FALSE,5,3486828.23
RO,2018,02,03,FALSE,3,1580675.04
HU,2022,08,09,FALSE,8,2877721.73
CH,2017,08,09,FALSE,5,7032121.91
IE,2019,01,04,FALSE,1,560040
LT,2020,06,01,FALSE,4,225000
PT,2023,01,07,FALSE,2,318705.72
NL,2019,09,08,FALSE,6,
LV,2023,05,08,FALSE,4,492680.98
HR,2022,06,05,TRUE,13,190087905.17
HU,2017,10,none,FALSE,21,7551791.03
AT,2024,08,08,FALSE,1,499345
IS,2024,09,none,FALSE,4,9112315.29010908
UK,2025,09,none,FALSE,10,4252299.179112
FR,2018,04,08,FALSE,6,3534310
DE,2019,10,05,TRUE,5,2309193.27
CY,2016,10,none,FALSE,1,151462.08
AT,2022,04,04,FALSE,25,13896231.64
SE,2022,unresolved,08,FALSE,1,4927807.62
LV,2018,05,01,FALSE,1,80991.74
RO,2020,01,09,FALSE,6,543773.65
DK,2017,01,04,FALSE,7,6510421.38
IE,2022,01,04,FALSE,2,1170352
RO,2022,07,03,FALSE,2,85599.92
NO,2019,03,01,FALSE,4,10790673.12
HU,2020,09,01,FALSE,6,1866476.86
DK,2024,09,04,FALSE,3,2977613.44866373
RO,2025,01,07,FALSE,6,9952446.2683296
SE,2025,02,03,FALSE,5,3484419.89160287
PT,2025,05,06,FALSE,5,5273292.47
LV,2020,06,04,FALSE,2,337092.29
FI,2017,07,01,FALSE,12,3724150
MT,2017,unresolved,05,TRUE,2,10500
UK,2019,05,01,FALSE,6,13122657.41
DE,2016,01,06,FALSE,15,1716060.41
UK,2018,10,01,FALSE,9,30254232.4
FI,2022,07,04,FALSE,2,2350000
SK,2017,10,none,FALSE,2,373358
IT,2023,06,06,FALSE,6,4222390.97
ES,2021,07,05,TRUE,3,455888.76
DE,2024,10,09,FALSE,5,3470077.42
PT,2025,09,10,FALSE,1,
LT,2024,06,05,TRUE,8,2600797.9
LV,2023,04,07,FALSE,5,805483.92
SK,2018,06,none,FALSE,6,1276800
PT,2023,08,05,TRUE,2,377640
DE,2023,unmapped,none,FALSE,2,781615
LV,2025,10,09,FALSE,2,
AT,2024,09,06,FALSE,1,149615.98
BE,2018,unresolved,05,TRUE,5,334093
GR,2019,03,03,FALSE,1,198618.01
NO,2025,09,09,FALSE,2,
NO,2025,04,07,FALSE,2,
MT,2025,01,01,FALSE,10,37172010.04
PT,2024,10,04,FALSE,3,1177844.26
FR,2024,01,06,FALSE,15,2501050
LV,2023,01,08,FALSE,2,95508
PL,2016,03,08,FALSE,2,500478.08
SK,2016,02,03,FALSE,4,2477333.34
IE,2017,08,09,FALSE,2,240476
BE,2023,10,08,FALSE,1,
EE,2020,09,08,FALSE,3,16800
NO,2016,07,01,FALSE,7,596798302.24
PL,2022,10,10,FALSE,2,451271.76
BG,2023,08,06,FALSE,3,2095675.06
FR,2022,05,08,FALSE,9,1824062
GR,2022,unresolved,04,FALSE,5,27492992.33
CZ,2021,05,07,FALSE,3,163757.8
NO,2020,04,01,FALSE,4,1492147.57
SE,2017,10,07,FALSE,3,4400577.04
NL,2022,04,03,FALSE,5,120000
IS,2024,10,none,FALSE,1,
LT,2021,05,07,FALSE,9,2113305
MT,2020,01,05,TRUE,3,114864
ES,2016,02,04,FALSE,5,3742401.57
RO,2018,08,06,FALSE,10,2239036.09
NO,2016,10,07,FALSE,2,35475869.92
CH,2017,07,06,FALSE,1,141923.94
PL,2021,07,05,TRUE,2,133908.41
HR,2021,unresolved,05,TRUE,2,548701.45
IE,2021,08,09,FALSE,7,705000
PT,2021,05,04,FALSE,18,69940603.09
BG,2023,10,06,FALSE,2,2730095.1
EE,2019,unresolved,04,FALSE,4,270123
NO,2019,10,04,FALSE,6,3004740.59
EE,2018,02,03,FALSE,3,
BG,2018,07,04,FALSE,3,523840.88
FR,2021,03,02,FALSE,12,14995302.5
AT,2022,02,03,FALSE,9,4907007.87
DE,2020,10,10,FALSE,2,
NL,2021,06,01,FALSE,2,
IS,2022,01,01,FALSE,3,4030004.34
SK,2022,02,01,FALSE,2,12272685
GR,2018,01,06,FALSE,1,185520
ES,2017,03,02,FALSE,4,2296179.1
PT,2018,05,05,TRUE,19,2867276.71
DE,2021,10,07,FALSE,6,5624942
EE,2018,02,04,FALSE,3,
MT,2016,07,10,FALSE,1,243598.53
SK,2021,03,08,FALSE,3,107608.56
IT,2016,08,01,FALSE,2,3169440
LT,2022,07,09,FALSE,4,15866.25
DE,2018,03,08,FALSE,2,270058
SE,2022,10,04,FALSE,3,
NL,2022,05,01,FALSE,4,667000
CH,2025,01,03,FALSE,4,1801277.08119616
IT,2025,09,04,FALSE,5,3956463.83
LV,2025,07,04,FALSE,9,1556118.13
LV,2024,07,05,TRUE,1,220000
BG,2023,03,01,FALSE,11,21742263.5899796
SK,2019,10,none,FALSE,14,
LU,2024,03,04,FALSE,1,7e+06
SE,2022,04,07,FALSE,1,147834.23
CY,2021,03,04,FALSE,1,456350
UK,2019,08,06,FALSE,7,24986576.32
ES,2018,04,09,FALSE,6,1826402
EE,2022,06,01,FALSE,2,1054650
FI,2021,03,02,FALSE,4,3622519.95
LU,2016,04,05,TRUE,4,2338000
GR,2020,09,04,FALSE,5,1420701
SK,2025,01,03,FALSE,2,323576.67
LU,2024,02,03,FALSE,5,2644723.56
BG,2025,05,07,FALSE,6,1304673.27947643
MT,2025,02,03,FALSE,1,
BE,2021,05,04,FALSE,21,203025705.75
RO,2017,07,10,FALSE,2,
ES,2021,unresolved,05,TRUE,2,896429.86
DE,2022,03,05,TRUE,2,
NL,2017,10,09,FALSE,2,
IT,2022,05,08,FALSE,5,2889103.47
NO,2023,07,03,FALSE,2,7998243.08561506
BG,2019,05,01,FALSE,8,3032209.33
IT,2020,07,01,FALSE,11,7562448.75
PL,2020,05,05,TRUE,6,1469611.13
LT,2018,03,03,FALSE,4,20763.6
RO,2022,07,10,FALSE,3,701178.1
FR,2021,03,01,FALSE,8,7695765.81
SI,2017,06,05,TRUE,2,2045257.2
GR,2021,09,08,FALSE,4,941969.22
MT,2025,04,04,FALSE,5,24756932.5
FI,2025,unresolved,01,FALSE,2,5288497
RO,2025,04,07,FALSE,7,1340888.3266791
MK,2020,08,none,FALSE,4,513482.4
FI,2024,09,03,FALSE,1,
PT,2017,01,05,TRUE,5,2572397.7
IE,2023,04,04,FALSE,9,814923207.52
CH,2017,03,02,FALSE,6,540794.12
DE,2019,10,03,FALSE,7,468361.98
MK,2017,06,05,TRUE,2,194885.24
LV,2025,01,03,FALSE,5,205087.29
AT,2024,01,03,FALSE,2,347043.44
DK,2024,05,05,TRUE,7,97485633.6936102
LV,2021,10,01,FALSE,2,576001.06
IT,2022,unresolved,07,FALSE,2,77531.32
GR,2017,09,08,FALSE,1,
CZ,2017,05,01,FALSE,3,3060943.38
SE,2022,06,03,FALSE,2,
LI,2021,01,01,FALSE,5,8163243.43
FI,2024,09,05,TRUE,1,310591.307269052
ES,2023,02,01,FALSE,10,33548598.61
SE,2025,09,04,FALSE,4,157500
LT,2022,01,05,TRUE,4,34871.07
BG,2020,09,09,FALSE,5,350998.57
CZ,2018,07,04,FALSE,6,1556864.01
HU,2019,05,04,FALSE,3,891764.53
HR,2021,10,none,FALSE,6,1107057.79
CH,2017,09,04,FALSE,3,1866661.91
AT,2020,04,06,FALSE,3,1044288.88
SE,2019,08,01,FALSE,1,
CY,2022,01,08,FALSE,1,140880
LT,2019,03,01,FALSE,8,2136075.75
LV,2020,03,04,FALSE,2,446403
RO,2023,07,10,FALSE,2,2427288.58855313
RO,2024,09,06,FALSE,2,26116124.9738253
RO,2017,03,09,FALSE,1,582937.53
RO,2020,03,03,FALSE,4,1033329.61
NL,2022,02,03,FALSE,4,1487529.28
EE,2017,04,03,FALSE,2,
NO,2019,03,04,FALSE,2,191498
HR,2022,08,06,FALSE,2,
IT,2024,07,09,FALSE,2,831950
DK,2024,03,07,FALSE,1,
AT,2024,10,04,FALSE,1,
AT,2017,08,05,TRUE,2,953955
PL,2022,10,07,FALSE,2,
LU,2021,07,10,FALSE,2,20466580
AT,2017,01,01,FALSE,3,682486.39
HU,2024,08,04,FALSE,1,521866.647092919
NL,2018,04,06,FALSE,1,4189000
CZ,2017,01,08,FALSE,5,1888328.04
SE,2021,unresolved,09,FALSE,1,
DE,2017,06,03,FALSE,2,
UK,2016,unresolved,06,FALSE,2,225752.92
HU,2017,unresolved,05,TRUE,1,2632289.72
DE,2018,05,03,FALSE,1,209777.67
IT,2023,01,08,FALSE,6,24643764.09
IT,2024,01,03,FALSE,3,2184779.95
PL,2025,09,10,FALSE,3,224252.227277087
ES,2021,unresolved,07,FALSE,7,3354326.56
NO,2022,08,06,FALSE,3,758841.71
CY,2016,02,none,FALSE,3,3748564.6
AT,2024,01,06,FALSE,1,513723.47
BE,2022,06,03,FALSE,1,69403.5
DK,2020,09,08,FALSE,2,
LT,2023,01,09,FALSE,3,208351.51
FR,2016,01,07,FALSE,5,193484
CY,2020,04,05,TRUE,1,128696
DE,2017,01,09,FALSE,2,329100
IE,2020,07,10,FALSE,1,
LI,2017,10,none,FALSE,3,5440783.05
PT,2019,09,06,FALSE,2,307611.92
DE,2020,10,07,FALSE,4,1650000
FI,2016,07,04,FALSE,3,280000
HR,2023,unmapped,none,FALSE,1,
PT,2024,01,06,FALSE,4,1419078
LV,2025,03,03,FALSE,2,886508.04
AT,2017,04,08,FALSE,2,4621500
SK,2021,03,07,FALSE,1,
LV,2018,03,04,FALSE,1,447910
IE,2019,07,04,FALSE,1,773000
DK,2019,08,05,TRUE,1,1366175.11
IE,2017,10,01,FALSE,2,442200
FR,2018,03,08,FALSE,2,37611.84
NO,2018,10,06,FALSE,1,6099893.55
LT,2022,03,09,FALSE,2,51305.4
SI,2016,unresolved,08,FALSE,4,1565061.98
BE,2021,unresolved,05,TRUE,1,
PT,2019,01,08,FALSE,1,226700.7
RO,2022,10,01,FALSE,6,10303656.61
ES,2021,01,09,FALSE,1,485520.57
UK,2017,05,07,FALSE,8,3079184.4
NL,2020,01,08,FALSE,2,
DE,2023,06,06,FALSE,2,1777207.36
NO,2023,01,03,FALSE,4,8881502.38511783
HU,2024,unresolved,04,FALSE,1,4778084.53685319
CH,2021,06,05,TRUE,3,3000590.04
AT,2019,02,02,FALSE,1,113900
CZ,2024,unresolved,03,FALSE,1,1047871.44044668
PL,2025,10,10,FALSE,2,450614.797105558
RO,2025,06,01,FALSE,3,552330.034552542
IT,2025,unmapped,none,FALSE,2,1259710
RO,2024,09,07,FALSE,3,
GR,2023,03,06,FALSE,1,620480
UK,2024,07,none,FALSE,1,
DK,2025,06,01,FALSE,4,1804781.19939508
CH,2019,02,03,FALSE,2,794073.27
HU,2020,06,06,FALSE,1,69822.11
DE,2018,10,07,FALSE,1,
EE,2024,05,08,FALSE,1,
NL,2025,04,09,FALSE,4,
LU,2016,unresolved,01,FALSE,4,82000
HU,2021,09,04,FALSE,1,
FR,2016,02,02,FALSE,1,
CY,2022,04,09,FALSE,1,
SI,2022,unresolved,06,FALSE,1,331167.51
PT,2019,unresolved,09,FALSE,1,172172
BE,2019,05,08,FALSE,1,
ES,2016,01,05,TRUE,2,485035.76
FI,2020,07,05,TRUE,3,429880
HU,2021,03,04,FALSE,6,1230411.98
PT,2023,07,08,FALSE,2,1230922.76
SE,2020,09,06,FALSE,2,8470214.02
LT,2020,06,06,FALSE,3,405595.42
MT,2020,06,06,FALSE,1,8464.9
PT,2016,05,04,FALSE,5,6877668
SE,2017,05,01,FALSE,1,
SK,2022,03,04,FALSE,1,48600
MT,2022,01,07,FALSE,1,616164.29
LV,2018,unresolved,04,FALSE,2,582933.72
PL,2021,10,10,FALSE,2,67253.92
HR,2022,08,09,FALSE,2,393908
NO,2025,03,04,FALSE,2,15468463.4035689
AT,2025,04,03,FALSE,3,6491297.23
HU,2023,01,06,FALSE,3,775942.445039386
FI,2025,06,01,FALSE,3,623176
CH,2017,01,09,FALSE,1,174074.4
RO,2018,05,08,FALSE,1,323822.36
HU,2020,08,09,FALSE,7,5160819.08
CZ,2023,07,09,FALSE,2,68332.5400802453
EE,2023,02,08,FALSE,1,
HR,2025,04,07,FALSE,2,58396.8
ES,2020,unresolved,05,TRUE,3,1008397.9
DK,2019,09,09,FALSE,1,
BG,2016,unresolved,05,TRUE,2,276476.77
HU,2025,01,03,FALSE,1,197290.311592192
AT,2025,unmapped,none,FALSE,1,362012
GR,2022,09,05,TRUE,1,155110
MT,2022,02,none,FALSE,2,
GR,2024,08,01,FALSE,1,4500000
SE,2020,06,06,FALSE,1,
LV,2016,01,03,FALSE,1,573000
IT,2023,unmapped,none,FALSE,1,1922278.14
AT,2025,09,06,FALSE,1,233677.13
GR,2025,02,01,FALSE,4,1958263.43
BE,2023,07,09,FALSE,3,496581
RO,2025,05,08,FALSE,1,
DK,2023,05,06,FALSE,3,3024356.15
PL,2024,01,09,FALSE,1,10725.9994353081
LT,2021,07,09,FALSE,2,3401044.35
LV,2023,07,04,FALSE,3,420000
SK,2018,06,05,TRUE,1,55623994.02
ES,2021,07,08,FALSE,2,115000
FI,2017,unresolved,05,TRUE,1,2400000
IT,2019,02,01,FALSE,1,510425
SE,2018,07,05,TRUE,1,194964.08
FI,2018,01,03,FALSE,1,119600
IT,2019,06,01,FALSE,5,1977205.5
SK,2022,06,04,FALSE,3,783231.86
SI,2022,06,05,TRUE,1,4774.23
SI,2022,01,09,FALSE,1,167790.6
GR,2020,09,06,FALSE,2,880000
FI,2017,10,10,FALSE,2,280000
UK,2020,09,03,FALSE,3,745589.53
BG,2016,01,05,TRUE,2,601767.03
IT,2018,09,03,FALSE,1,310000
UK,2018,05,03,FALSE,1,
CH,2023,unresolved,03,FALSE,1,202876.23
BG,2018,unresolved,07,FALSE,1,184067.9
PT,2018,10,07,FALSE,1,694467
CH,2018,06,06,FALSE,2,1528032.27
HR,2020,unresolved,05,TRUE,1,
FI,2021,08,05,TRUE,1,238000
IT,2021,09,09,FALSE,3,1188474
CZ,2017,03,03,FALSE,1,
DK,2023,unresolved,03,FALSE,2,7740023.06559092
LV,2024,02,05,TRUE,1,
HU,2024,09,08,FALSE,4,1118998.99815585
IE,2025,01,07,FALSE,1,285477
BE,2017,unresolved,05,TRUE,1,
FI,2020,06,01,FALSE,2,850000
GR,2023,02,01,FALSE,1,752165
CY,2022,04,01,FALSE,3,2833902.76
HR,2020,05,04,FALSE,1,963952.56
DK,2016,08,01,FALSE,1,862300.54
HR,2019,05,01,FALSE,3,1809094.49
PT,2024,07,03,FALSE,1,360000
SI,2019,01,03,FALSE,1,34000
PL,2020,03,09,FALSE,2,724323.65
LV,2021,10,07,FALSE,1,158400
PL,2023,unresolved,09,FALSE,3,522341.74
CY,2016,07,01,FALSE,1,292500
SI,2021,05,07,FALSE,2,316628.85
GR,2019,07,10,FALSE,3,881107.75
HR,2020,03,01,FALSE,2,313388.34
PL,2023,08,08,FALSE,1,260004.24
DE,2017,05,09,FALSE,1,
LT,2024,10,09,FALSE,1,181941.65
SI,2025,05,04,FALSE,2,16198324.43
HU,2022,07,04,FALSE,2,231897.81
PT,2018,07,07,FALSE,3,165000
DK,2016,06,06,FALSE,1,940203.08
DK,2025,04,08,FALSE,1,1365932.71634997
BE,2024,10,06,FALSE,2,
RO,2024,01,08,FALSE,1,
HR,2025,07,03,FALSE,1,282125.47
SE,2025,03,04,FALSE,1,245020.194828844
HU,2023,09,06,FALSE,1,2438866.52
FI,2019,09,01,FALSE,2,214000
PL,2017,unresolved,09,FALSE,1,3171.25
RO,2016,03,02,FALSE,1,120001
NO,2022,09,10,FALSE,1,
SK,2019,03,07,FALSE,1,
SE,2017,02,01,FALSE,1,
MK,2020,unresolved,03,FALSE,1,194005.68
LU,2024,06,04,FALSE,2,649066.42
CZ,2017,02,02,FALSE,1,
GR,2020,10,04,FALSE,1,
LT,2025,03,04,FALSE,2,833345.4
LV,2025,01,07,FALSE,1,61626.3
PT,2021,08,05,TRUE,2,1067652
DE,2025,unresolved,09,FALSE,1,
CH,2020,01,06,FALSE,3,2253336.83
LT,2023,03,09,FALSE,1,13130
ES,2020,08,05,TRUE,4,2763086.94
NO,2018,05,01,FALSE,1,427194.58
IT,2020,06,07,FALSE,1,514500
ES,2022,07,03,FALSE,1,186599.09
RO,2021,unresolved,09,FALSE,1,188989.55
PL,2019,07,08,FALSE,1,359340.1
GR,2018,unresolved,04,FALSE,1,177419.36
IE,2023,05,04,FALSE,4,
LU,2024,01,05,TRUE,1,1477904.44
DK,2024,08,04,FALSE,1,
ES,2016,10,08,FALSE,1,
CH,2021,unresolved,05,TRUE,1,323732.36
BE,2025,05,06,FALSE,1,
ES,2019,10,10,FALSE,2,1640349.96
CZ,2018,02,06,FALSE,1,
DK,2021,03,04,FALSE,1,
CZ,2019,02,09,FALSE,1,3891702.38
SK,2020,unresolved,09,FALSE,1,
SI,2016,05,01,FALSE,1,182400
IS,2021,03,none,FALSE,2,24941707.65
SI,2020,08,05,TRUE,2,165080.62
MT,2017,01,06,FALSE,1,14039
LV,2017,02,02,FALSE,1,6189374.4
RO,2021,09,07,FALSE,1,2972823.74
LT,2020,03,08,FALSE,1,101574
IT,2024,unmapped,none,FALSE,1,1980597.58
FI,2021,07,09,FALSE,1,450000
ES,2018,06,03,FALSE,1,553603.77
MT,2024,09,04,FALSE,1,250000
IE,2023,unresolved,06,FALSE,1,
SK,2019,06,none,FALSE,3,398374.56
RO,2018,07,09,FALSE,1,192393.64
DE,2025,03,08,FALSE,1,839389
DE,2019,10,07,FALSE,1,
SE,2016,07,05,TRUE,2,99668.92
BE,2019,08,01,FALSE,1,
PT,2024,03,02,FALSE,1,81216.26
EE,2021,09,04,FALSE,1,66870
CY,2023,08,06,FALSE,1,237000
BE,2025,02,06,FALSE,1,53072.93
DE,2016,07,06,FALSE,1,
NL,2018,01,06,FALSE,1,94728.5
PT,2019,09,05,TRUE,1,298000
PT,2020,04,03,FALSE,1,
CZ,2019,07,05,TRUE,2,325199.42
NL,2025,07,09,FALSE,2,2993760
BE,2024,05,05,TRUE,1,
SK,2023,04,03,FALSE,1,152506.02
PL,2017,03,09,FALSE,1,1830080.23
SE,2022,03,09,FALSE,1,
NO,2022,04,06,FALSE,1,
RO,2017,07,03,FALSE,1,
BG,2024,03,05,TRUE,1,402392.882707843
CZ,2025,unresolved,05,TRUE,1,1140435.63153753
AT,2019,10,09,FALSE,1,
NO,2017,08,08,FALSE,1,
PL,2018,07,03,FALSE,1,
BE,2023,02,02,FALSE,1,2336895
CY,2021,04,04,FALSE,1,2262250
IT,2020,03,03,FALSE,1,230972.26
AT,2019,08,09,FALSE,1,7100000
DK,2022,unresolved,08,FALSE,1,1538478.81
LV,2020,02,05,TRUE,1,
ES,2022,07,06,FALSE,1,160675.51
IT,2025,01,none,FALSE,3611,10503364173.8367
HU,2025,05,none,FALSE,143,141931383.583239
DE,2025,04,none,FALSE,10787,15243479049.7967
FI,2024,01,none,FALSE,1173,2949862162.55072
CZ,2025,01,01,FALSE,309,160998509.986679
IE,2024,07,none,FALSE,254,463207561.51
SK,2025,04,none,FALSE,568,3315737553.49
DE,2023,09,none,FALSE,4357,2875223034.21
PT,2024,02,none,FALSE,50,183195644.01
FR,2025,04,01,FALSE,75,4642420
ES,2025,04,04,FALSE,44,159081423.92
FR,2025,07,none,FALSE,2186,3730528740.64
SE,2025,07,10,FALSE,99,549021795.928209
ES,2024,05,05,TRUE,21,9447683.57
FI,2024,03,none,FALSE,99,114930782.41
BE,2024,05,none,FALSE,411,464796981.68
LT,2025,04,none,FALSE,1150,2855866394.77
BE,2025,02,none,FALSE,113,727102324.43
PT,2025,04,none,FALSE,569,4823233311.08
LV,2025,06,none,FALSE,195,84215942.71
IT,2025,04,05,TRUE,149,942041644.75
FI,2024,06,none,FALSE,307,1730187321.61
LV,2025,05,none,FALSE,198,224176915.36
IE,2025,04,05,TRUE,25,207039917.41
NO,2024,09,none,FALSE,181,155091478.554817
SE,2024,03,none,FALSE,216,227555992.515632
DE,2025,04,01,FALSE,207,588565934.09
SK,2025,01,01,FALSE,35,62924516.41
PL,2025,08,09,FALSE,30,11189917.8825608
IE,2024,09,04,FALSE,8,329490
MT,2024,01,07,FALSE,2,195978.76
SE,2025,10,none,FALSE,173,1736441002.50355
DE,2023,06,none,FALSE,1326,926558416.08
ES,2025,unresolved,none,FALSE,76,169622659.2
DK,2024,10,none,FALSE,39,440455551.992291
IE,2024,03,none,FALSE,60,124948822.32
RO,2025,01,05,TRUE,59,147890309.155627
DE,2020,01,none,FALSE,14013,8583233468.97
FR,2021,01,none,FALSE,11324,12475717941.65
PL,2022,05,none,FALSE,3830,3396496684.42
ES,2018,unresolved,none,FALSE,1012,1001218952.72
DE,2020,04,none,FALSE,7543,7844426282.56
RO,2022,03,none,FALSE,1159,968645137.99
RO,2016,01,none,FALSE,312,171697753.91
ES,2019,07,none,FALSE,3530,5294033253.73
EE,2021,unresolved,none,FALSE,217,107615267.54
ES,2021,10,none,FALSE,757,1554175990.71
PL,2017,08,none,FALSE,288,350556235.27
DE,2017,09,none,FALSE,3220,1334728215.7
BE,2019,unresolved,none,FALSE,595,709975269.49
FR,2023,unresolved,none,FALSE,4595,10745993901.57
FR,2023,01,none,FALSE,12074,18016058313.45
CZ,2022,04,none,FALSE,4453,8803217366.78
DE,2021,08,none,FALSE,1295,419861565.53
BE,2018,04,none,FALSE,601,1565024086.2
CZ,2020,04,none,FALSE,2928,6774830829.56
FR,2023,09,none,FALSE,1486,2840431456.4
PL,2016,06,none,FALSE,441,181065774.71
FR,2016,03,none,FALSE,595,234779354.77
BG,2023,06,none,FALSE,360,176207343.304492
UK,2018,04,none,FALSE,3325,4787174408.23
IT,2017,10,none,FALSE,505,956231114.27
RO,2020,03,none,FALSE,864,539183240.8
UK,2019,07,none,FALSE,4409,7344252185.2
CY,2023,07,none,FALSE,295,287023597.64
RO,2020,01,none,FALSE,1243,1347533643.82
NL,2022,05,none,FALSE,471,619234820.9
DK,2021,unresolved,none,FALSE,217,940205883.43
UK,2017,07,none,FALSE,3566,7259262101.35
EE,2016,07,none,FALSE,204,133931449.66
HU,2016,01,none,FALSE,137,269531540.99
DE,2022,05,none,FALSE,2285,1235388143.9
BE,2021,04,none,FALSE,570,916089450.05
LT,2018,07,none,FALSE,1113,298988331.45
GR,2018,05,none,FALSE,118,153187192.03
UK,2016,08,none,FALSE,192,1130878322
BE,2019,06,none,FALSE,198,365376045.17
IE,2020,04,none,FALSE,266,655388190.72
FR,2020,unresolved,none,FALSE,3960,4650661126
IT,2019,09,none,FALSE,599,1510493394.6
PL,2023,01,none,FALSE,2998,2739732737.60119
MT,2018,06,none,FALSE,35,15878581.57
PL,2021,03,none,FALSE,815,446202991.19
RO,2017,04,none,FALSE,1118,2374591886.17
LV,2018,01,none,FALSE,246,171717925.51
ES,2020,09,none,FALSE,1101,863561894.83
MT,2023,08,none,FALSE,10,1616146
HU,2021,04,none,FALSE,981,3340446127.22
LT,2023,05,none,FALSE,301,252327222.76
IT,2021,08,none,FALSE,325,929040605.06
PT,2021,09,none,FALSE,152,456540933.41
BG,2022,09,none,FALSE,867,91296026.03
CZ,2019,09,none,FALSE,1615,288577674.6
LU,2023,05,none,FALSE,29,22278524.21
AT,2018,04,none,FALSE,558,3095664613.38
NO,2021,09,none,FALSE,272,547397417.17
ES,2023,08,none,FALSE,948,1620710650.83
HR,2020,unresolved,none,FALSE,296,175166342.35
ES,2020,03,none,FALSE,568,578324579.73
SK,2020,07,none,FALSE,432,196433582.56
SE,2020,06,none,FALSE,454,1210614424.53
PT,2019,07,none,FALSE,1904,372270631.31
BE,2017,01,none,FALSE,870,1089716015.3
IT,2017,01,none,FALSE,1217,2982713689.32
SI,2023,01,none,FALSE,505,1006993953.76
ES,2017,10,none,FALSE,509,1613012415.64
SI,2020,unresolved,none,FALSE,497,196594940.7
NL,2018,10,none,FALSE,99,286493298
NO,2022,09,none,FALSE,279,397163470.54
ES,2017,03,none,FALSE,270,570169014.52
FR,2017,05,05,TRUE,15,5652449.26
UK,2016,07,10,FALSE,551,5306278297.66
RO,2023,06,04,FALSE,41,18566955.6988678
DE,2016,06,05,TRUE,82,48409286.81
DE,2023,03,02,FALSE,96,23815784.68
RO,2023,06,01,FALSE,12,8947354.03035362
PL,2020,01,04,FALSE,52,12656553.02
NO,2023,08,09,FALSE,11,10915297.1003146
DE,2019,04,01,FALSE,102,29629750.53
ES,2022,01,04,FALSE,131,86631710.5
BE,2019,03,none,FALSE,128,64757056.67
PT,2023,09,none,FALSE,279,396252010.11
CZ,2019,02,none,FALSE,387,164237754.82
CZ,2020,07,none,FALSE,2918,1400819962.34
SE,2018,05,none,FALSE,412,375673411.99
LT,2022,03,none,FALSE,269,100055965.54
ES,2016,03,none,FALSE,290,408684234.78
NO,2017,07,none,FALSE,223,242477658.15
NO,2017,04,none,FALSE,352,2575011278.45
DE,2017,06,none,FALSE,1136,638123484.2
NL,2018,08,none,FALSE,144,191719959.11
CH,2020,08,none,FALSE,69,110533245.22
IT,2021,06,none,FALSE,315,457426936.12
ES,2021,03,none,FALSE,563,965947366.43
IE,2022,01,none,FALSE,335,901021634.31
GR,2018,07,none,FALSE,274,79275167.7
NO,2018,07,none,FALSE,307,314670156.58
RO,2017,01,none,FALSE,429,262390749.96
DK,2021,02,none,FALSE,69,62998487.57
NL,2019,03,none,FALSE,417,113246660.44
IS,2023,01,none,FALSE,134,360216082.344227
FI,2016,09,none,FALSE,222,148104805.07
HR,2022,06,none,FALSE,81,65834887.69
DK,2016,02,none,FALSE,77,211360915.46
SK,2020,unresolved,none,FALSE,321,388277865.2
GR,2016,05,none,FALSE,75,117887505.13
PT,2017,02,none,FALSE,51,26220337.78
PT,2020,03,none,FALSE,80,335147850.25
LT,2018,01,none,FALSE,399,219940056.4
CY,2017,07,none,FALSE,177,116801663.26
MK,2016,01,none,FALSE,236,54811210.28
IS,2020,01,none,FALSE,81,665975479.9
RO,2017,05,none,FALSE,94,297269333.38
UK,2022,01,none,FALSE,108,1669439322.69
DE,2021,04,07,FALSE,6,11074871.19
LT,2016,07,05,TRUE,2,269071.19
IT,2021,08,06,FALSE,114,230043392.69
DE,2020,unresolved,01,FALSE,292,204907981.67
ES,2017,06,04,FALSE,29,52828211.52
IE,2021,04,01,FALSE,13,16679748
CZ,2019,03,04,FALSE,254,2520244.39
DK,2023,05,01,FALSE,7,7600000
ES,2020,07,10,FALSE,52,33961364.11
CZ,2017,01,01,FALSE,71,36507655.24
DE,2018,07,10,FALSE,58,79107119.95
SK,2020,unresolved,04,FALSE,8,7330698.96
HU,2018,04,09,FALSE,5,7841612.92
BE,2018,08,05,TRUE,3,749056.7
PL,2017,07,04,FALSE,23,5306874.47
IT,2021,unresolved,04,FALSE,17,20804540.67
IT,2022,08,06,FALSE,115,69884071.31
NL,2022,07,10,FALSE,89,1796887238
DE,2016,05,06,FALSE,16,14955688.93
DE,2022,07,05,TRUE,26,13857151.24
PL,2021,04,04,FALSE,441,936037600.61
DE,2021,07,04,FALSE,145,87412080.78
ES,2020,07,01,FALSE,60,47630414.32
DE,2022,08,05,TRUE,22,4217598.9
UK,2016,08,09,FALSE,16,10745586.63
BG,2023,unresolved,01,FALSE,85,44799780.8180612
BE,2021,04,08,FALSE,2,141069.2
LV,2016,04,01,FALSE,12,10691517.5
NL,2021,04,05,TRUE,21,20530853
ES,2023,08,09,FALSE,53,9671231.77
ES,2018,06,05,TRUE,20,26503985.38
IT,2022,06,05,TRUE,50,166696906.79
GR,2022,03,01,FALSE,7,2045878.2
ES,2019,01,06,FALSE,35,16291759.53
PT,2021,08,06,FALSE,10,6093808.25
SI,2022,05,04,FALSE,1,903891.5
GR,2022,08,08,FALSE,1,1760000
DE,2017,01,06,FALSE,18,4465948.23
SE,2022,09,06,FALSE,6,70430492.78
DE,2022,05,04,FALSE,78,45425480.37
ES,2021,08,01,FALSE,3,500735.2
MT,2017,09,01,FALSE,4,647622
AT,2017,06,04,FALSE,12,2889211.74
ES,2016,10,10,FALSE,4,263175
DE,2017,09,10,FALSE,20,7962787.21
FR,2020,04,01,FALSE,98,93277131.79
DE,2018,10,03,FALSE,5,368510.35
DE,2021,08,04,FALSE,25,8323830.41
LT,2023,08,none,FALSE,79,64764937.8
CZ,2022,09,08,FALSE,21,1164593.23
DE,2020,09,04,FALSE,44,15548144.63
DE,2022,06,05,TRUE,158,124842255.41
CZ,2018,04,05,TRUE,94,235446836.53
PL,2023,unresolved,05,TRUE,10,1643065.86
PT,2023,unresolved,05,TRUE,6,676114.56
CZ,2021,09,09,FALSE,16,510298.55
EE,2020,04,05,TRUE,7,859201.6
FR,2016,10,04,FALSE,13,5157439.75
FR,2019,07,09,FALSE,8,900360
UK,2017,08,09,FALSE,25,8478448.57
UK,2016,05,05,TRUE,6,4831710.96
RO,2021,05,07,FALSE,77,17178725.14
EE,2025,03,none,FALSE,75,10985580.9
AT,2024,01,04,FALSE,27,14024661.88
RO,2024,02,04,FALSE,12,18956806.1163812
SE,2024,unresolved,none,FALSE,41,2044664699.69154
AT,2024,06,04,FALSE,30,54723495.4
CZ,2025,08,01,FALSE,16,2293059.89388246
FI,2025,01,04,FALSE,26,15248450.38
HR,2025,03,none,FALSE,99,127169877.23
NO,2024,06,none,FALSE,43,46307919.1271056
LU,2024,09,none,FALSE,21,170365412.8
RO,2025,01,08,FALSE,1,315885.66443165
CZ,2024,07,04,FALSE,28,22319789.2744769
PL,2024,05,07,FALSE,79,50995295.8136128
ES,2024,04,04,FALSE,39,78853837.22
FR,2023,02,01,FALSE,12,10747647.42
DE,2017,04,03,FALSE,36,10113812.69
FI,2023,01,01,FALSE,44,48761055
RO,2021,10,01,FALSE,6,6361300.82
SK,2017,09,01,FALSE,7,15661540.76
ES,2020,05,05,TRUE,22,10504440.79
HU,2020,01,06,FALSE,1,103891.31
DE,2023,09,09,FALSE,8,394290.22
FI,2020,01,04,FALSE,18,9088779
CH,2017,01,04,FALSE,15,19144895.7
SI,2020,unresolved,01,FALSE,15,2121909.45
IT,2022,04,01,FALSE,54,77588337.17
RO,2017,04,04,FALSE,17,41913041.27
BE,2016,05,05,TRUE,3,539218
BG,2020,04,04,FALSE,63,40289536.28
RO,2022,02,03,FALSE,16,46079573.73
UK,2017,10,06,FALSE,15,240303548.82
LT,2020,04,04,FALSE,11,12924165.78
SE,2022,04,04,FALSE,25,18683536.19
PL,2021,05,01,FALSE,14,4684878.69
RO,2024,04,04,FALSE,50,16942124.8131715
BE,2024,07,07,FALSE,2,
IS,2025,09,none,FALSE,9,72868633.5343594
CZ,2024,03,07,FALSE,2,
DK,2020,05,01,FALSE,10,3261000
ES,2020,unresolved,08,FALSE,8,3226793.54
FI,2017,03,02,FALSE,5,5777278
CH,2023,06,04,FALSE,3,5173683.52983788
IT,2019,04,04,FALSE,37,235831388.68
PL,2022,01,07,FALSE,2,252916.37
LT,2017,02,03,FALSE,10,113710353.5
BG,2020,02,09,FALSE,1,5448.37
FR,2019,03,01,FALSE,7,14472145
HR,2022,06,01,FALSE,3,1066325.02
FI,2020,10,01,FALSE,6,3053000
BE,2016,02,03,FALSE,13,149800
DE,2023,08,09,FALSE,39,4482473.1
HU,2023,05,01,FALSE,1,249514.3
LV,2023,01,06,FALSE,5,644186.5
DE,2023,05,07,FALSE,6,7266516
PL,2024,unresolved,04,FALSE,6,56841660.2251239
PT,2025,09,08,FALSE,9,13479725.61
HU,2022,unresolved,08,FALSE,8,15824250.96
ES,2019,02,04,FALSE,25,22004271.55
FR,2019,05,06,FALSE,15,7042385.93
HR,2023,06,05,TRUE,34,162911643.71
NL,2020,03,02,FALSE,10,2200000
PT,2016,01,01,FALSE,11,2823839.68
CZ,2020,04,05,TRUE,103,74425429.71
ES,2017,03,04,FALSE,4,1837064.83
SK,2020,unresolved,05,TRUE,3,502000
HU,2017,07,04,FALSE,1,
FR,2023,03,02,FALSE,13,9130457.2
DE,2019,08,04,FALSE,21,14135381.82
LT,2019,02,03,FALSE,13,870576.04
BG,2018,04,04,FALSE,60,46303476.32
CZ,2018,03,03,FALSE,3,345342.16
BE,2019,06,04,FALSE,11,26122600.07
EE,2022,08,06,FALSE,10,1597212.86
HU,2017,unresolved,04,FALSE,7,2166065.63
LT,2023,07,09,FALSE,4,291169.2
NL,2016,09,08,FALSE,8,
FR,2019,09,08,FALSE,3,358283
AT,2019,unresolved,04,FALSE,35,50574879.84
BE,2017,08,09,FALSE,4,454112.71
SE,2016,01,01,FALSE,61,4721741.7
RO,2021,07,10,FALSE,11,3261427.62
ES,2018,10,04,FALSE,5,26834419.57
IE,2017,07,04,FALSE,1,
CH,2019,09,04,FALSE,4,7246156.7
ES,2021,05,01,FALSE,14,3954911.45
NO,2017,01,01,FALSE,60,48603821.82
EE,2017,09,01,FALSE,12,723670.21
LT,2019,08,01,FALSE,2,202699.6
DE,2019,01,09,FALSE,16,3053802.23
IT,2018,06,05,TRUE,38,80590152.61
FR,2017,09,10,FALSE,1,69092.44
UK,2018,05,06,FALSE,16,5952041
CZ,2022,unresolved,03,FALSE,6,84857.26
IT,2018,10,09,FALSE,15,17874851.98
FR,2020,04,04,FALSE,90,13102033.1
FR,2024,09,09,FALSE,10,275040
LT,2017,09,01,FALSE,3,456038.09
DE,2018,05,04,FALSE,60,81165296.85
RO,2021,08,06,FALSE,34,260532658.67
NL,2016,03,02,FALSE,15,207000
EE,2016,03,07,FALSE,1,134008
IT,2023,09,10,FALSE,10,17762454.03
CZ,2024,04,03,FALSE,13,8980966.85098314
PL,2025,06,06,FALSE,4,1036903.36507089
FI,2023,05,none,FALSE,209,333752032.81
DK,2018,unresolved,none,FALSE,171,193171591.4
HR,2021,unresolved,none,FALSE,365,128482870.83
HU,2022,08,none,FALSE,203,224760454.21
PT,2016,08,none,FALSE,20,35425112.93
GR,2017,05,none,FALSE,90,140479465.06
NL,2019,02,none,FALSE,134,47810238.58
CH,2023,09,none,FALSE,239,528826365.31045
BE,2020,03,none,FALSE,120,37303846.49
NO,2020,03,none,FALSE,94,28718188.33
MK,2020,06,none,FALSE,2,480923.7
MT,2016,04,none,FALSE,37,15005535.78
LT,2017,09,none,FALSE,108,31027301.65
DE,2017,unresolved,04,FALSE,105,104839554.85
CZ,2019,04,05,TRUE,68,116789516
SI,2018,04,05,TRUE,28,9786273.58
GR,2023,09,01,FALSE,15,8130464.62
DE,2023,08,06,FALSE,98,21854008.76
BE,2020,unresolved,05,TRUE,1,
HU,2020,08,06,FALSE,16,10763047.16
ES,2018,01,05,TRUE,13,17861309.27
SE,2016,08,none,FALSE,92,13534140.93
SE,2023,08,none,FALSE,178,390394178.837654
NO,2021,05,04,FALSE,10,39202976.11
HU,2022,06,none,FALSE,79,122295189.2
NO,2016,02,none,FALSE,60,292380928.27
GR,2016,09,none,FALSE,117,166926222.82
RO,2019,08,none,FALSE,188,243238528.42
MK,2021,01,none,FALSE,77,84927103.26
DE,2017,04,04,FALSE,205,168942203.89
FR,2016,07,04,FALSE,38,22253914.16
BE,2023,03,02,FALSE,22,21643673.33
IT,2023,09,01,FALSE,14,9795028.29
ES,2023,06,01,FALSE,15,11294679.89
FR,2020,07,03,FALSE,5,1201816.07
IT,2019,01,03,FALSE,8,6023152.23
PL,2016,unresolved,04,FALSE,56,12891067.03
EE,2022,04,04,FALSE,6,
DE,2019,10,04,FALSE,78,81783210.4
DE,2022,09,06,FALSE,15,23189142.52
ES,2023,10,09,FALSE,16,84608996.93
GR,2023,04,04,FALSE,14,8787608.45
PL,2018,03,04,FALSE,19,8504412.58
NO,2016,10,01,FALSE,1,215271.35
BG,2018,01,03,FALSE,5,1103876.16
HU,2023,05,07,FALSE,8,5052872.92
SE,2017,08,none,FALSE,89,69559328.68
PL,2016,10,none,FALSE,52,13428967.27
DK,2020,08,06,FALSE,16,36530192.2
IE,2022,08,01,FALSE,2,251412
ES,2017,unresolved,08,FALSE,4,932550
BE,2016,08,none,FALSE,54,30517356.37
MK,2017,10,none,FALSE,14,568133.79
PT,2024,01,01,FALSE,88,124209844.74
NL,2024,05,04,FALSE,41,28196520.01
LV,2024,10,none,FALSE,72,40433988.95
DE,2024,08,06,FALSE,87,43671624.19
IE,2024,03,02,FALSE,3,643596
PT,2025,04,03,FALSE,4,8218205.47
HU,2025,unmapped,none,FALSE,4,594149.419045645
EE,2024,08,none,FALSE,38,34869785.74
NL,2025,04,05,TRUE,41,24743332.86
CZ,2025,10,05,TRUE,1,93633.5408142805
LV,2024,09,06,FALSE,1,
GR,2024,01,08,FALSE,5,1090450
BG,2025,06,04,FALSE,6,2474758.83525923
HU,2024,03,01,FALSE,17,5089350.04913307
CZ,2024,02,01,FALSE,23,21589903.6558949
LT,2024,01,04,FALSE,28,16915561.55
DK,2024,07,10,FALSE,17,142043223.072742
SE,2025,06,04,FALSE,29,77405664.4707292
FR,2024,06,07,FALSE,20,17947330
PT,2018,03,none,FALSE,54,54511853.03
SK,2017,02,none,FALSE,25,3101213.52
FI,2025,03,02,FALSE,8,8198687.37
IE,2024,05,06,FALSE,5,4056881.06
NL,2025,05,04,FALSE,34,16933387.15
BG,2025,06,05,TRUE,55,429812902.648533
FR,2025,01,07,FALSE,15,
LT,2024,04,04,FALSE,17,7713181.39
HR,2025,04,05,TRUE,76,176738106.2
BG,2024,03,01,FALSE,9,26157818.570406
PL,2024,02,01,FALSE,33,258464046.480989
CZ,2022,06,05,TRUE,33,84645017.01
IT,2019,05,05,TRUE,12,11763021.61
DK,2021,02,03,FALSE,2,
ES,2022,05,04,FALSE,72,28787225.78
NL,2021,04,06,FALSE,3,
PL,2017,08,06,FALSE,79,33577617.39
DK,2020,unresolved,05,TRUE,2,520551.13
HR,2016,08,09,FALSE,2,595829.18
ES,2018,02,03,FALSE,17,16281117.21
SE,2020,09,01,FALSE,16,4278924.88
CY,2016,06,none,FALSE,4,6205379.8
SE,2017,08,05,TRUE,7,12502508.64
NL,2016,10,none,FALSE,70,7025330
FR,2023,04,06,FALSE,17,51820544.76
FI,2017,09,06,FALSE,1,36778
ES,2016,08,06,FALSE,13,6452227.96
LV,2023,01,04,FALSE,4,166839.43
CH,2020,01,01,FALSE,9,9850811.8
UK,2018,05,07,FALSE,9,11575852.53
PL,2017,05,07,FALSE,11,3916871.62
UK,2016,05,06,FALSE,9,1931081.9
NL,2023,05,08,FALSE,4,5891770
IE,2023,07,04,FALSE,3,90000
HR,2017,02,03,FALSE,16,37553314.36
HU,2019,04,04,FALSE,27,19928914.79
LU,2017,unresolved,01,FALSE,5,923046
FR,2020,05,01,FALSE,26,1042517.58
NL,2016,07,10,FALSE,55,40638688
DK,2020,10,07,FALSE,3,29295115.37
SE,2020,05,06,FALSE,4,1335266.29
HR,2020,07,01,FALSE,11,1781392.11
BG,2016,unresolved,01,FALSE,34,13803507.09
IT,2017,01,08,FALSE,3,244068
ES,2016,09,01,FALSE,38,20811398.52
EE,2016,04,04,FALSE,10,17033605
CH,2023,01,04,FALSE,26,19167192.2419127
MK,2023,04,04,FALSE,9,4730254.48
CH,2018,unresolved,04,FALSE,8,13956697.11
IE,2016,05,none,FALSE,26,22199813.46
HR,2022,10,none,FALSE,5,437217.06
PL,2017,04,03,FALSE,13,3181042.58
LT,2018,unresolved,01,FALSE,20,3702583.13
SE,2021,10,07,FALSE,4,
HU,2021,02,none,FALSE,20,24655275.43
MK,2021,07,none,FALSE,69,13797821.92
IE,2024,05,05,TRUE,3,244156
UK,2020,08,06,FALSE,3,1373128.02
LU,2024,unresolved,none,FALSE,7,10927580
BG,2023,06,05,TRUE,25,56229743.0569854
SK,2022,01,04,FALSE,6,90518.63
IE,2025,08,01,FALSE,6,2579425
DE,2024,10,03,FALSE,7,27450115.43
BE,2025,04,06,FALSE,4,
SE,2025,06,01,FALSE,11,15194100.2189245
MT,2024,05,04,FALSE,3,924950
IT,2025,06,04,FALSE,13,11066841.26
CY,2025,unresolved,none,FALSE,31,11999820.42
NL,2024,08,09,FALSE,15,2100000
RO,2025,02,01,FALSE,12,540883.420023073
BG,2024,02,04,FALSE,4,3208159.32099397
DE,2024,07,08,FALSE,6,618981
SI,2020,10,01,FALSE,4,4769537.45
FR,2016,09,06,FALSE,4,
HU,2017,10,01,FALSE,5,4330915.36
CY,2022,10,none,FALSE,6,
UK,2018,03,04,FALSE,5,1915882.05
ES,2016,04,08,FALSE,3,228000
ES,2016,09,09,FALSE,2,517707.22
LU,2023,07,none,FALSE,37,26194733.34
IE,2022,06,04,FALSE,2,5e+06
CZ,2016,05,04,FALSE,7,868201.38
ES,2020,05,01,FALSE,11,5560028.78
LT,2019,08,06,FALSE,7,1388544.64
FR,2018,07,10,FALSE,14,4409301.42
BG,2018,01,04,FALSE,10,2798070.69
NO,2017,04,05,TRUE,8,1275865.77
PT,2023,01,05,TRUE,8,20007180.33
IT,2017,01,07,FALSE,2,3231398.47
PL,2023,02,04,FALSE,22,11010347.6961973
SE,2020,06,05,TRUE,26,110331787.45
CZ,2018,03,01,FALSE,44,29114750.9
LT,2020,07,05,TRUE,2,210471.13
CY,2019,08,06,FALSE,2,1218382
PT,2022,04,01,FALSE,6,7144526.02
SK,2023,08,09,FALSE,5,2060106.53
BG,2023,01,01,FALSE,20,15674335.9238378
NL,2019,03,01,FALSE,23,7481432.5
PT,2017,04,07,FALSE,3,3300453.17
PL,2021,02,01,FALSE,24,12353153.29
ES,2022,07,07,FALSE,4,4224379.32
SE,2020,06,01,FALSE,10,1819252.63
PL,2019,08,05,TRUE,34,22730038.06
SK,2020,06,04,FALSE,3,895266.9
IS,2022,08,none,FALSE,3,8503130.66
GR,2018,06,none,FALSE,35,25993153.94
IT,2024,10,10,FALSE,4,14280464.61
BG,2025,09,08,FALSE,9,845072.763063708
HR,2018,06,04,FALSE,3,1493379.58
EE,2024,09,06,FALSE,2,181094
HU,2025,03,04,FALSE,2,318890.313530925
ES,2025,10,08,FALSE,8,2756487.62
RO,2025,10,08,FALSE,1,
FR,2024,02,07,FALSE,2,
GR,2024,09,03,FALSE,1,
CZ,2025,09,03,FALSE,4,5802688.53564282
FR,2020,08,05,TRUE,7,1352721.54
AT,2022,unresolved,05,TRUE,7,1158103.19
CZ,2021,05,01,FALSE,8,4866084.21
FR,2021,05,01,FALSE,24,17504109
GR,2019,04,01,FALSE,3,574422.09
CZ,2022,09,04,FALSE,16,2737885.43
IS,2017,06,none,FALSE,1,96761.55
LT,2022,03,04,FALSE,12,1951795.68
NO,2019,01,05,TRUE,3,782247.68
NO,2025,04,04,FALSE,6,1968876.12733657
PT,2022,01,04,FALSE,19,11289161.4
SI,2023,10,none,FALSE,62,31510343.59
IE,2019,03,04,FALSE,4,10218982
BG,2016,08,09,FALSE,4,5637.08
GR,2022,04,05,TRUE,14,4418788
PT,2020,05,06,FALSE,5,5642600.64
PL,2018,10,08,FALSE,1,309084.83
MT,2022,06,none,FALSE,25,41942812.19
ES,2020,04,04,FALSE,69,177139254
LT,2019,01,08,FALSE,4,784829.5
MT,2018,03,none,FALSE,5,580402
BE,2023,unresolved,01,FALSE,24,5006691.86
PT,2023,07,10,FALSE,7,2662123.49
RO,2020,09,09,FALSE,12,3317922.8
HU,2018,09,01,FALSE,2,1332747.97
EE,2020,02,01,FALSE,5,
RO,2021,02,02,FALSE,4,6500471.81
SI,2016,08,06,FALSE,2,551091.46
CZ,2022,02,04,FALSE,8,5370452.67
DE,2024,02,04,FALSE,10,2719542.15
RO,2024,03,04,FALSE,18,18171113.0792147
SK,2023,01,04,FALSE,9,621263.71
CZ,2022,07,10,FALSE,5,15525674.98
IT,2021,05,04,FALSE,18,43108837.71
SI,2018,02,04,FALSE,2,738018.54
BE,2019,08,06,FALSE,38,8152241.31
SK,2016,10,07,FALSE,1,1007760
LT,2023,08,09,FALSE,4,628777.39
LV,2016,04,04,FALSE,7,15690537.3
ES,2022,06,06,FALSE,6,1207766.76
GR,2023,08,05,TRUE,5,3109094.75
IS,2023,09,none,FALSE,2,7450289.43
LV,2022,02,06,FALSE,4,
AT,2022,09,04,FALSE,2,749402
RO,2017,04,07,FALSE,19,125178.94
BG,2016,02,03,FALSE,15,122836.71
ES,2019,07,07,FALSE,5,500008.58
EE,2023,04,04,FALSE,6,113880
ES,2019,04,06,FALSE,13,7790250.7
GR,2023,05,07,FALSE,18,6014778.12
SE,2020,09,04,FALSE,2,2046772.47
FR,2017,unresolved,06,FALSE,5,633796
BE,2016,08,09,FALSE,6,774347.23
HU,2019,unresolved,03,FALSE,2,1055237.22
FR,2021,unresolved,08,FALSE,9,3110842.9
NO,2022,unresolved,01,FALSE,11,10818926.91
BE,2018,01,05,TRUE,5,9987677
UK,2018,05,01,FALSE,4,14082659.85
UK,2018,09,08,FALSE,2,359670.18
PL,2021,04,03,FALSE,6,16488185.27
NL,2023,05,04,FALSE,24,12429945.1
LU,2018,04,05,TRUE,8,5784035
FI,2016,06,04,FALSE,9,5780825
HU,2021,08,05,TRUE,9,15328362.72
FR,2023,09,03,FALSE,10,4192212.03
EE,2024,08,06,FALSE,10,9555691.45
NL,2023,01,05,TRUE,13,2338516
DK,2024,10,10,FALSE,2,
RO,2024,unmapped,none,FALSE,3,337868.372623583
HR,2024,07,04,FALSE,3,459126.78
NO,2024,03,04,FALSE,7,54348500.5005222
IE,2025,06,04,FALSE,4,3564240
EE,2025,04,04,FALSE,12,8440565.28
FI,2024,01,05,TRUE,6,1080000
BE,2024,07,01,FALSE,26,8166608.36
ES,2024,02,01,FALSE,12,11937968.37
PT,2024,01,05,TRUE,10,8319951.11
ES,2025,unresolved,04,FALSE,1,
PT,2025,01,06,FALSE,7,1642844.36
CH,2022,03,04,FALSE,5,6102312.34
NL,2021,04,07,FALSE,4,
HR,2019,01,06,FALSE,9,3942661.43
BG,2022,unresolved,04,FALSE,26,2785517.11
SI,2021,04,03,FALSE,6,3644668.16
SE,2021,01,08,FALSE,11,6959734.89
IT,2019,01,09,FALSE,4,2354420
GR,2021,unresolved,04,FALSE,4,1373542.62
UK,2018,03,02,FALSE,13,1918412.99
IE,2023,08,01,FALSE,2,1092319
IT,2018,04,03,FALSE,9,15230595.34
SK,2023,unresolved,08,FALSE,7,4222327.86
DE,2020,03,03,FALSE,3,287620
HR,2018,06,05,TRUE,8,104200708.39
DK,2018,03,01,FALSE,3,1841490.9
ES,2016,10,01,FALSE,3,923738.52
DE,2025,08,08,FALSE,10,1963783.67
PL,2020,03,02,FALSE,10,27665392.78
FI,2018,07,04,FALSE,1,5350000
IT,2023,04,08,FALSE,3,136811008.52
DK,2024,01,05,TRUE,4,3064339.11358451
FR,2023,03,04,FALSE,8,3864131.1
PL,2025,unmapped,none,FALSE,11,4193587.33612171
IE,2024,04,05,TRUE,12,5737311
PL,2016,03,06,FALSE,3,211518.91
UK,2021,10,10,FALSE,2,1015588.65
IS,2021,09,none,FALSE,4,34002165.74
PT,2018,05,04,FALSE,7,52372822.2
RO,2022,08,01,FALSE,1,244488.47
BE,2016,03,08,FALSE,1,
HR,2021,02,03,FALSE,11,20548916.16
IT,2017,05,03,FALSE,1,1050039
HR,2017,02,01,FALSE,3,446567.38
ES,2016,09,07,FALSE,1,141222
DK,2021,07,04,FALSE,4,2312760.52
FR,2018,06,07,FALSE,17,3948221.23
LU,2025,06,05,TRUE,1,224549
UK,2019,01,08,FALSE,4,210761.36
FR,2020,02,01,FALSE,10,9176843
PT,2021,01,09,FALSE,2,501349.64
LV,2018,08,09,FALSE,5,1044680
BG,2016,05,01,FALSE,1,250311.89
IT,2017,06,03,FALSE,1,450000
FI,2016,04,01,FALSE,4,4872002
BG,2021,07,10,FALSE,4,42707.84
FI,2017,06,05,TRUE,5,9983550
IE,2019,07,01,FALSE,9,17627894
SI,2017,02,03,FALSE,13,1478304
NL,2023,09,06,FALSE,4,741940
NL,2021,05,08,FALSE,1,1800000
SI,2022,01,06,FALSE,4,473307.44
IT,2018,unresolved,04,FALSE,11,43655394.62
CZ,2022,01,05,TRUE,3,707419.97
SE,2020,10,01,FALSE,2,476880.82
MT,2023,09,05,TRUE,2,231160
FI,2017,02,02,FALSE,1,4711600
BE,2019,07,08,FALSE,1,
BE,2016,unresolved,03,FALSE,1,
DE,2021,05,08,FALSE,1,157934.84
MK,2019,09,01,FALSE,1,69757.3
BG,2025,02,03,FALSE,7,11568808.9272932
PT,2025,01,09,FALSE,2,666691.75
PT,2021,05,07,FALSE,7,4616018.21
FR,2017,04,08,FALSE,9,169730566.53
AT,2021,01,04,FALSE,14,10296566.7
FR,2022,05,03,FALSE,5,606089.67
MT,2019,10,none,FALSE,5,5457960.6
CH,2019,03,05,TRUE,1,7815674.22
NL,2017,01,06,FALSE,1,
PL,2025,09,08,FALSE,7,898728.207715482
PT,2024,04,01,FALSE,17,16265090.71
LV,2020,07,04,FALSE,5,513000
SK,2017,08,01,FALSE,1,
IE,2020,04,05,TRUE,14,1581086
AT,2025,03,01,FALSE,3,889709
IS,2025,03,none,FALSE,4,540990.682206351
IT,2025,08,08,FALSE,2,576000
HR,2024,04,05,TRUE,25,69311884.38
FI,2024,03,02,FALSE,12,12214757.476953
CZ,2024,03,05,TRUE,6,2474408.26518902
PL,2025,08,04,FALSE,5,630824.196586211
MK,2017,08,none,FALSE,6,641329.87
LU,2025,01,08,FALSE,1,270193.6
NO,2025,03,02,FALSE,2,2129366.5655753
RO,2025,08,04,FALSE,1,452402.541855876
NL,2025,01,09,FALSE,5,6439000
DK,2017,07,01,FALSE,4,3038957.33
BE,2018,07,10,FALSE,6,2612218.31
IT,2024,04,09,FALSE,1,12173554.14
AT,2025,08,09,FALSE,4,240767.74
SI,2017,unresolved,04,FALSE,11,488789.49
MK,2018,10,none,FALSE,17,738922.02
FR,2018,07,08,FALSE,3,397578.6
PT,2022,05,06,FALSE,6,6393272.45
PL,2020,02,02,FALSE,8,91062414.84
UK,2021,02,03,FALSE,5,761115.58
SI,2016,05,05,TRUE,1,1305070
BG,2023,03,05,TRUE,3,127824.93
LV,2018,09,01,FALSE,5,347502
SE,2020,04,08,FALSE,1,
CH,2022,09,03,FALSE,1,799374.71
AT,2016,01,03,FALSE,5,188333.34
DE,2022,05,01,FALSE,10,10532131.9
UK,2021,04,07,FALSE,3,242230558.4
HR,2025,08,04,FALSE,2,832181.25
GR,2019,02,08,FALSE,1,
ES,2017,06,05,TRUE,10,1772001.5
DE,2018,05,01,FALSE,4,974482.81
LV,2022,09,09,FALSE,1,979669
AT,2016,04,05,TRUE,6,8428739
NL,2019,10,01,FALSE,3,3535000
UK,2016,03,02,FALSE,13,11137996.2
IS,2018,04,05,TRUE,2,255882.15
BE,2017,07,07,FALSE,2,460586
LT,2017,02,05,TRUE,1,452869
LT,2021,unresolved,05,TRUE,2,299760
IT,2021,06,01,FALSE,2,2378435
LU,2017,01,04,FALSE,3,987321.3
PT,2018,01,05,TRUE,3,96800.44
LV,2020,07,07,FALSE,1,150000
FR,2017,09,04,FALSE,13,5672396.34
DK,2016,04,01,FALSE,4,14542238.27
RO,2017,05,07,FALSE,14,3786.55
NL,2022,04,06,FALSE,4,2e+06
GR,2017,06,04,FALSE,3,5894260.76
GR,2022,07,04,FALSE,7,1490733.09
HR,2017,03,04,FALSE,1,242277.96
BE,2018,09,04,FALSE,4,4573858.84
HU,2023,03,02,FALSE,3,115152
SK,2019,05,05,TRUE,1,
IT,2021,05,05,TRUE,7,18925488.92
BE,2021,10,01,FALSE,2,1156518
IT,2017,02,02,FALSE,1,
HU,2016,10,01,FALSE,2,880829.35
PT,2016,06,none,FALSE,12,10501886.23
RO,2019,05,08,FALSE,1,
RO,2016,01,08,FALSE,9,1501404.59
PL,2023,02,02,FALSE,12,92415418.43
CZ,2024,unresolved,09,FALSE,2,14324.2273994571
LU,2022,03,none,FALSE,8,4941948.09
PL,2025,06,07,FALSE,3,2015856.91836118
CH,2025,10,06,FALSE,5,16469727.4791909
IT,2024,08,01,FALSE,3,2995467.8
NL,2023,01,06,FALSE,6,9747492
MK,2021,02,none,FALSE,3,
ES,2025,02,05,TRUE,1,228823
IT,2024,10,01,FALSE,1,4e+06
SK,2024,04,05,TRUE,11,45959451.32
MT,2024,04,07,FALSE,2,220310
NL,2024,04,09,FALSE,7,
SE,2024,09,07,FALSE,2,
SE,2019,06,01,FALSE,7,1747079.55
LU,2020,08,none,FALSE,8,2068935
FR,2025,02,07,FALSE,1,
IE,2025,06,01,FALSE,3,669512
MK,2017,07,04,FALSE,2,131143.51
MT,2016,unresolved,01,FALSE,8,1353591.54
BE,2017,09,04,FALSE,1,950000
GR,2017,unresolved,01,FALSE,5,3842254.77
FR,2020,04,08,FALSE,3,39757216
BE,2019,01,03,FALSE,3,
IT,2021,09,10,FALSE,3,1900255.14
CH,2019,07,03,FALSE,1,853591.33
EE,2025,06,08,FALSE,2,253297
FI,2025,10,09,FALSE,2,7080000
GR,2024,07,07,FALSE,3,1908650
HR,2025,01,04,FALSE,12,3995350.26
BG,2025,03,04,FALSE,11,8036420.39063299
NL,2020,05,01,FALSE,6,1200166
IT,2018,05,08,FALSE,2,1257119.95
LT,2016,07,01,FALSE,8,7150534.74
BE,2022,08,09,FALSE,3,971298.39
CH,2023,07,04,FALSE,11,13572539.2657191
PL,2016,07,08,FALSE,6,183692.56
PL,2020,unresolved,03,FALSE,5,474212.25
DE,2019,03,07,FALSE,1,
DE,2020,unresolved,09,FALSE,7,5962100
LT,2016,03,01,FALSE,6,2142380.06
CZ,2018,07,09,FALSE,1,234933.52
SK,2020,04,04,FALSE,8,2488953.87
CH,2021,05,06,FALSE,1,
DE,2023,02,08,FALSE,6,
HU,2025,09,04,FALSE,6,11565643.887149
MK,2018,06,05,TRUE,1,
NO,2021,01,08,FALSE,3,253656.89
GR,2019,unresolved,06,FALSE,1,93375.57
IT,2022,unresolved,03,FALSE,5,1683926.07
FR,2018,09,04,FALSE,13,6412411.23
DK,2023,unresolved,04,FALSE,4,5331244.74740955
DE,2023,03,05,TRUE,3,
NO,2019,06,04,FALSE,1,223818.15
RO,2023,unresolved,08,FALSE,1,213084.15500944
RO,2019,01,09,FALSE,2,283080.1
LV,2018,05,08,FALSE,1,542910.18
ES,2021,unresolved,03,FALSE,2,15610104.69
DE,2019,unresolved,06,FALSE,7,1274479.39
BE,2021,05,06,FALSE,6,598240.2
BG,2020,03,05,TRUE,1,38270.78
DE,2023,10,09,FALSE,4,1.5e+07
GR,2023,unresolved,06,FALSE,3,9531429.44
CZ,2021,03,03,FALSE,4,912085.24
FR,2020,03,01,FALSE,6,1675567.59
ES,2019,07,09,FALSE,3,3428637.2
IE,2019,01,05,TRUE,3,231248
NO,2020,10,04,FALSE,2,
PT,2025,04,08,FALSE,2,7395042.2
ES,2025,07,07,FALSE,4,3861244.95
BE,2024,01,09,FALSE,4,250000
LV,2024,07,01,FALSE,8,4253678.52
HU,2023,unresolved,08,FALSE,7,2106444.14
RO,2017,02,03,FALSE,5,546884.15
AT,2018,10,04,FALSE,1,202000
FI,2020,08,09,FALSE,12,6450553
CY,2017,08,none,FALSE,1,136000
NL,2025,09,06,FALSE,1,2300000
SE,2024,03,03,FALSE,5,1738521.19648506
FI,2024,07,05,TRUE,1,
PL,2024,08,04,FALSE,2,1007463.49024904
FR,2024,06,09,FALSE,2,
EE,2024,03,04,FALSE,1,
SI,2017,03,02,FALSE,4,281606.83
SI,2020,06,05,TRUE,2,
IT,2021,02,02,FALSE,2,2571290
LU,2023,09,01,FALSE,3,698976.4
PT,2019,05,01,FALSE,2,1147432.95
BE,2021,03,04,FALSE,1,
IT,2017,08,01,FALSE,1,1378850
LT,2020,05,04,FALSE,11,10735675.86
IE,2020,07,01,FALSE,6,12134199
BE,2019,08,04,FALSE,2,188662.44
SE,2023,07,03,FALSE,3,1505230.68
MT,2018,05,04,FALSE,2,332707.02
LV,2017,08,01,FALSE,1,450000
EE,2020,02,03,FALSE,12,148889
IS,2025,01,04,FALSE,1,1537115.38067075
NO,2022,08,05,TRUE,2,245983.1
IT,2019,unresolved,07,FALSE,2,974991.47
MT,2019,01,03,FALSE,1,1654621.27
RO,2019,05,06,FALSE,4,4579992.83
CH,2021,07,06,FALSE,1,115670.61
GR,2025,08,05,TRUE,6,3126335.66
CH,2025,05,05,TRUE,6,10382175.7805873
CZ,2017,05,07,FALSE,3,1061714.5
SE,2021,08,01,FALSE,3,1477976.84
AT,2019,05,05,TRUE,1,241108
BE,2022,07,03,FALSE,1,634409.15
SE,2020,03,01,FALSE,7,14701622.15
BG,2017,02,03,FALSE,8,133694.65
BG,2019,02,03,FALSE,6,572872.37
GR,2017,06,01,FALSE,1,
IE,2020,05,06,FALSE,1,407122
AT,2025,07,09,FALSE,2,
FI,2019,01,09,FALSE,2,
IE,2023,10,01,FALSE,2,860939.41
HR,2022,03,03,FALSE,1,1035404.73
UK,2018,09,07,FALSE,1,
IT,2025,09,08,FALSE,2,2323003.9
DE,2024,07,09,FALSE,8,2000
PL,2024,09,05,TRUE,2,379501.577933305
IE,2024,09,09,FALSE,2,80000
HR,2019,07,01,FALSE,4,688136.25
IS,2020,08,none,FALSE,3,8069721.15
DE,2019,09,03,FALSE,2,117784.12
FI,2019,unresolved,01,FALSE,12,7139939
CH,2024,02,03,FALSE,2,3064665.4629905
IS,2022,02,none,FALSE,1,561000
LT,2020,10,04,FALSE,1,5657193
SE,2022,09,05,TRUE,1,354802.15
CH,2023,01,09,FALSE,4,2892878.83
CZ,2022,05,06,FALSE,6,3075650.15
DK,2022,04,01,FALSE,4,448852.22
SE,2023,03,08,FALSE,2,2351762.15
PL,2021,06,03,FALSE,2,1233242.79
AT,2018,07,06,FALSE,3,443749.25
ES,2018,03,03,FALSE,1,
PL,2025,06,03,FALSE,1,552392.337462726
MK,2024,04,04,FALSE,1,
HU,2025,02,04,FALSE,2,301542.986438942
EE,2024,06,05,TRUE,2,5803561.77
SE,2024,10,01,FALSE,4,1249008.42792233
PL,2023,03,07,FALSE,2,16091.6158016197
EE,2025,10,06,FALSE,3,968388
SE,2018,09,10,FALSE,1,
PT,2020,01,05,TRUE,3,743355.52
NL,2017,05,06,FALSE,5,1489944
MK,2021,03,02,FALSE,1,158699.23
SE,2021,04,07,FALSE,2,
UK,2016,01,06,FALSE,3,1155837.84
GR,2023,03,02,FALSE,5,48372700
AT,2023,09,05,TRUE,1,538628.2
MT,2024,06,05,TRUE,3,1450393
HU,2023,02,03,FALSE,4,1066271.42
FR,2017,06,08,FALSE,1,75000
RO,2016,05,06,FALSE,2,5320101.88
AT,2020,09,04,FALSE,5,1257756.28
GR,2024,05,05,TRUE,1,28377451
UK,2016,10,06,FALSE,5,19175744.38
CY,2022,01,04,FALSE,1,
IT,2022,01,07,FALSE,2,
EE,2019,09,08,FALSE,2,57422.7
MK,2020,unresolved,01,FALSE,1,199814
FI,2022,06,04,FALSE,8,2081110
HU,2021,07,01,FALSE,2,95379.21
LU,2019,01,03,FALSE,1,
SE,2019,04,08,FALSE,1,2216903.43
DE,2023,10,07,FALSE,4,1643369.12
LU,2019,unresolved,04,FALSE,1,3078835
SK,2020,09,10,FALSE,1,
IT,2025,01,09,FALSE,3,1056778.69
IT,2025,09,05,TRUE,1,249987
GR,2025,02,04,FALSE,1,
GR,2025,03,04,FALSE,1,204000
IT,2025,10,10,FALSE,2,628116
AT,2017,06,06,FALSE,2,930263
LT,2018,06,04,FALSE,1,
LT,2022,09,09,FALSE,1,
LV,2019,03,03,FALSE,2,
SE,2018,unresolved,04,FALSE,1,922570.02
DE,2016,04,09,FALSE,3,
LT,2019,05,07,FALSE,1,187170
BG,2022,03,09,FALSE,2,45940.28
FI,2019,01,05,TRUE,5,
LU,2017,01,03,FALSE,2,2126497
DK,2025,09,05,TRUE,1,
DK,2016,04,09,FALSE,1,
SK,2025,01,08,FALSE,2,449444.8
SE,2024,unresolved,01,FALSE,1,130389.089736379
LT,2022,06,05,TRUE,5,400900
RO,2019,09,06,FALSE,2,
HU,2016,04,03,FALSE,2,1930779.6
HU,2020,01,01,FALSE,2,370106.76
LT,2019,03,04,FALSE,1,
IT,2021,10,07,FALSE,1,20600000
SE,2024,10,07,FALSE,1,19419.2817647381
RO,2025,06,04,FALSE,3,346985.396230419
DE,2019,05,09,FALSE,1,286487.65
DK,2023,unresolved,08,FALSE,2,1921341.33
FR,2016,09,07,FALSE,1,674420
PL,2022,04,09,FALSE,3,1991853.81
LT,2024,08,06,FALSE,7,1944570.08
HR,2020,10,none,FALSE,1,307163.32
LV,2020,10,04,FALSE,1,244107
SE,2025,06,03,FALSE,2,112470.53760917
LT,2024,01,02,FALSE,1,454600
AT,2024,09,07,FALSE,1,18577753
BE,2018,08,08,FALSE,2,772000
PL,2021,08,04,FALSE,3,1732690.58
IE,2021,09,03,FALSE,1,
EE,2019,08,01,FALSE,1,115632
UK,2017,unresolved,03,FALSE,1,613685.88
MT,2016,08,none,FALSE,6,2053746.61
AT,2018,07,05,TRUE,1,235829.94
LT,2019,09,04,FALSE,1,
BE,2016,01,05,TRUE,5,846146.58
LT,2025,08,01,FALSE,1,124000
CZ,2024,10,06,FALSE,1,70843.585607126
LT,2024,05,05,TRUE,4,151607.6
CZ,2018,01,05,TRUE,1,71902.87
NL,2020,04,07,FALSE,2,7.5e+07
ES,2018,06,01,FALSE,5,3494162.85
LV,2018,03,03,FALSE,1,
LV,2016,unresolved,06,FALSE,1,438983.72
RO,2018,02,04,FALSE,4,1358758.06
PT,2022,05,08,FALSE,1,697500
NO,2017,04,01,FALSE,3,176905.76
SE,2022,07,06,FALSE,2,1331540.14
SE,2016,10,07,FALSE,1,
HR,2022,unresolved,03,FALSE,1,172533.34
SE,2020,02,04,FALSE,1,
LT,2017,06,01,FALSE,1,128590.48
MT,2020,05,06,FALSE,1,279901.54
IT,2021,06,06,FALSE,2,5392099.71
BG,2019,10,06,FALSE,1,389592.57
BE,2021,08,08,FALSE,1,
SK,2018,10,06,FALSE,1,
NL,2019,unresolved,09,FALSE,1,
FR,2018,06,06,FALSE,2,7899614
SK,2021,03,02,FALSE,2,
SK,2023,02,03,FALSE,2,4824411
LV,2025,05,04,FALSE,4,21273152.56
LU,2025,10,04,FALSE,2,1185088.27
ES,2016,07,05,TRUE,1,
NO,2017,10,07,FALSE,2,71911654.33
CZ,2024,09,09,FALSE,2,2682671.52181516
PL,2024,09,03,FALSE,1,230136.344059544
IT,2019,09,04,FALSE,1,57000
DK,2024,06,01,FALSE,1,832085.891215184
EE,2024,08,05,TRUE,3,2760753.43
GR,2025,03,03,FALSE,3,898209.36
LT,2024,02,02,FALSE,1,298500
ES,2017,07,05,TRUE,2,498610.23
IT,2016,09,01,FALSE,2,436204.53
SK,2020,03,04,FALSE,1,
IT,2023,unresolved,06,FALSE,1,522786
UK,2025,unresolved,none,FALSE,1,458747.005252484
PT,2023,08,04,FALSE,1,445337.4
LV,2017,02,04,FALSE,1,1400826.45
CH,2016,04,01,FALSE,1,
ES,2017,04,09,FALSE,2,431818.18
LT,2019,07,06,FALSE,2,504132.23
BE,2021,09,09,FALSE,3,781081.38
ES,2019,07,05,TRUE,2,475119.47
HU,2023,08,01,FALSE,3,46360.6902221457
IE,2025,09,10,FALSE,2,455741
DK,2017,06,01,FALSE,1,1613206.79
IE,2024,03,04,FALSE,2,120000
LT,2021,01,07,FALSE,1,278300
IE,2020,04,07,FALSE,1,
AT,2018,05,06,FALSE,1,443346
LU,2017,10,09,FALSE,1,
FI,2025,07,03,FALSE,1,8053974
DK,2018,05,05,TRUE,1,
BE,2019,unresolved,08,FALSE,2,
EE,2017,06,04,FALSE,2,380557.4
PT,2016,01,06,FALSE,1,748187.88
LU,2020,01,05,TRUE,1,107769
NL,2018,10,01,FALSE,3,1005000
ES,2024,unresolved,08,FALSE,1,369860
HR,2025,06,06,FALSE,1,1728800
SK,2024,08,09,FALSE,1,142180.81
FI,2019,05,04,FALSE,3,7064900
NL,2017,10,07,FALSE,1,
SK,2020,05,05,TRUE,1,1555000
DK,2016,03,07,FALSE,1,
CZ,2022,unresolved,09,FALSE,1,55578.56
PT,2021,03,04,FALSE,1,147663.7
RO,2020,08,03,FALSE,1,156356.57
IT,2022,unresolved,05,TRUE,5,1680221.71
CY,2019,09,01,FALSE,1,2236652
BG,2025,10,07,FALSE,1,138255.44534206
NO,2022,06,04,FALSE,3,2459830.96
LV,2025,10,08,FALSE,1,12500
SI,2024,08,01,FALSE,1,2898142.65
RO,2018,unresolved,06,FALSE,1,
FI,2018,05,04,FALSE,2,5610000
NO,2016,08,01,FALSE,2,678104.75
IE,2023,03,09,FALSE,1,6e+05
PT,2022,unresolved,08,FALSE,1,708939.9
ES,2022,02,09,FALSE,1,228513.58
EE,2017,unresolved,08,FALSE,1,104840
HR,2020,unresolved,03,FALSE,2,612670.86
EE,2020,01,06,FALSE,1,947217.65
BE,2017,07,09,FALSE,1,3834790.66
DE,2017,05,03,FALSE,1,629423.6
HU,2016,06,05,TRUE,2,255314.03
SE,2019,02,05,TRUE,1,2833101.96
PL,2023,01,03,FALSE,1,258263.8
HU,2018,09,06,FALSE,1,2884623.82
PL,2021,03,09,FALSE,1,8013.97
IS,2021,04,04,FALSE,2,16120067.13
ES,2025,04,08,FALSE,1,26266351.09
MT,2017,03,03,FALSE,1,
NL,2021,05,06,FALSE,3,141239
LU,2019,05,06,FALSE,1,1583250
BG,2021,01,06,FALSE,2,157828
BG,2020,06,06,FALSE,3,142141.32
HU,2024,unmapped,none,FALSE,1,
HU,2019,09,09,FALSE,1,1e+05
SK,2021,05,06,FALSE,1,320000
BE,2018,02,04,FALSE,2,187664.12
HR,2024,02,01,FALSE,2,463462
CY,2025,06,01,FALSE,1,75846
NL,2025,04,08,FALSE,1,1057040
AT,2022,10,03,FALSE,1,351363.32
RO,2025,03,09,FALSE,1,245618.939811298
SK,2019,02,03,FALSE,1,299106
EE,2020,05,04,FALSE,1,
LU,2017,06,none,FALSE,2,1366517.82
SK,2021,03,04,FALSE,1,
NO,2024,08,08,FALSE,1,
BG,2019,05,06,FALSE,1,255649.86
SE,2018,08,08,FALSE,1,4581655.83
HU,2016,09,09,FALSE,1,
RO,2021,01,06,FALSE,1,656149.82
IT,2017,10,03,FALSE,1,222100
DK,2017,04,03,FALSE,2,1539268.14
AT,2018,10,09,FALSE,1,
LT,2020,01,05,TRUE,1,165100
MT,2021,05,04,FALSE,1,6996600
NO,2016,04,07,FALSE,1,279852.75
EE,2016,04,09,FALSE,1,
BG,2024,unresolved,03,FALSE,1,
CY,2021,02,03,FALSE,1,159840
SI,2018,04,07,FALSE,1,
IS,2022,05,04,FALSE,1,2350982.35
MK,2025,04,04,FALSE,1,
HU,2023,06,01,FALSE,1,224723.12820329
DK,2018,03,07,FALSE,1,751355.12
SI,2024,01,09,FALSE,1,
MK,2025,03,none,FALSE,1,
CH,2023,09,08,FALSE,1,20758829.579444
IT,2020,06,06,FALSE,1,589915.49
SK,2017,unresolved,09,FALSE,1,
RO,2021,01,05,TRUE,1,438012.8
CH,2025,05,01,FALSE,1,1022356.14730545
BG,2024,09,03,FALSE,1,105807.510992944
