freq,unit,s_adj,sector,na_item,geo,time,values
Q,MIO_EUR,NSA,S13,P2,EU27_2020,1995-Q1,
Q,MIO_EUR,NSA,S13,P2,EU27_2020,1995-Q2,
Q,MIO_EUR,NSA,S13,P2,EU27_2020,1995-Q3,
Q,MIO_EUR,NSA,S13,P2,EU27_2020,1995-Q4,
Q,MIO_EUR,NSA,S13,P2,EU27_2020,1996-Q1,
Q,MIO_EUR,NSA,S13,P2,EU27_2020,1996-Q2,
Q,MIO_EUR,NSA,S13,P2,EU27_2020,1996-Q3,
Q,MIO_EUR,NSA,S13,P2,EU27_2020,1996-Q4,
Q,MIO_EUR,NSA,S13,P2,EU27_2020,1997-Q1,
Q,MIO_EUR,NSA,S13,P2,EU27_2020,1997-Q2,
Q,MIO_EUR,NSA,S13,P2,EU27_2020,1997-Q3,
Q,MIO_EUR,NSA,S13,P2,EU27_2020,1997-Q4,
Q,MIO_EUR,NSA,S13,P2,EU27_2020,1998-Q1,
Q,MIO_EUR,NSA,S13,P2,EU27_2020,1998-Q2,
Q,MIO_EUR,NSA,S13,P2,EU27_2020,1998-Q3,
Q,MIO_EUR,NSA,S13,P2,EU27_2020,1998-Q4,
Q,MIO_EUR,NSA,S13,P2,EU27_2020,1999-Q1,
Q,MIO_EUR,NSA,S13,P2,EU27_2020,1999-Q2,
Q,MIO_EUR,NSA,S13,P2,EU27_2020,1999-Q3,
Q,MIO_EUR,NSA,S13,P2,EU27_2020,1999-Q4,
Q,MIO_EUR,NSA,S13,P2,EU27_2020,2000-Q1,
Q,MIO_EUR,NSA,S13,P2,EU27_2020,2000-Q2,
Q,MIO_EUR,NSA,S13,P2,EU27_2020,2000-Q3,
Q,MIO_EUR,NSA,S13,P2,EU27_2020,2000-Q4,
Q,MIO_EUR,NSA,S13,P2,EU27_2020,2001-Q1,
Q,MIO_EUR,NSA,S13,P2,EU27_2020,2001-Q2,
Q,MIO_EUR,NSA,S13,P2,EU27_2020,2001-Q3,
Q,MIO_EUR,NSA,S13,P2,EU27_2020,2001-Q4,
Q,MIO_EUR,NSA,S13,P2,EU27_2020,2002-Q1,102103.3
Q,MIO_EUR,NSA,S13,P2,EU27_2020,2002-Q2,108842.5
Q,MIO_EUR,NSA,S13,P2,EU27_2020,2002-Q3,107295.4
Q,MIO_EUR,NSA,S13,P2,EU27_2020,2002-Q4,130379.7
Q,MIO_EUR,NSA,S13,P2,EU27_2020,2003-Q1,106144.2
Q,MIO_EUR,NSA,S13,P2,EU27_2020,2003-Q2,110534.7
Q,MIO_EUR,NSA,S13,P2,EU27_2020,2003-Q3,111501.3
Q,MIO_EUR,NSA,S13,P2,EU27_2020,2003-Q4,133565.7
Q,MIO_EUR,NSA,S13,P2,EU27_2020,2004-Q1,111254.4
Q,MIO_EUR,NSA,S13,P2,EU27_2020,2004-Q2,115717.8
Q,MIO_EUR,NSA,S13,P2,EU27_2020,2004-Q3,115342.8
Q,MIO_EUR,NSA,S13,P2,EU27_2020,2004-Q4,141597
Q,MIO_EUR,NSA,S13,P2,EU27_2020,2005-Q1,117646.7
Q,MIO_EUR,NSA,S13,P2,EU27_2020,2005-Q2,123446.3
Q,MIO_EUR,NSA,S13,P2,EU27_2020,2005-Q3,122856.6
Q,MIO_EUR,NSA,S13,P2,EU27_2020,2005-Q4,147454.3
Q,MIO_EUR,NSA,S13,P2,EU27_2020,2006-Q1,118096.9
Q,MIO_EUR,NSA,S13,P2,EU27_2020,2006-Q2,129884.8
Q,MIO_EUR,NSA,S13,P2,EU27_2020,2006-Q3,125287.6
Q,MIO_EUR,NSA,S13,P2,EU27_2020,2006-Q4,162590.4
Q,MIO_EUR,NSA,S13,P2,EU27_2020,2007-Q1,125622.6
Q,MIO_EUR,NSA,S13,P2,EU27_2020,2007-Q2,137922.5
Q,MIO_EUR,NSA,S13,P2,EU27_2020,2007-Q3,134014.7
Q,MIO_EUR,NSA,S13,P2,EU27_2020,2007-Q4,172568.8
Q,MIO_EUR,NSA,S13,P2,EU27_2020,2008-Q1,133607.3
Q,MIO_EUR,NSA,S13,P2,EU27_2020,2008-Q2,150935.3
Q,MIO_EUR,NSA,S13,P2,EU27_2020,2008-Q3,144463.3
Q,MIO_EUR,NSA,S13,P2,EU27_2020,2008-Q4,178346.5
Q,MIO_EUR,NSA,S13,P2,EU27_2020,2009-Q1,138920.1
Q,MIO_EUR,NSA,S13,P2,EU27_2020,2009-Q2,153452.1
Q,MIO_EUR,NSA,S13,P2,EU27_2020,2009-Q3,150094.7
Q,MIO_EUR,NSA,S13,P2,EU27_2020,2009-Q4,184660.1
Q,MIO_EUR,NSA,S13,P2,EU27_2020,2010-Q1,141498.3
Q,MIO_EUR,NSA,S13,P2,EU27_2020,2010-Q2,158391.6
Q,MIO_EUR,NSA,S13,P2,EU27_2020,2010-Q3,155908.8
Q,MIO_EUR,NSA,S13,P2,EU27_2020,2010-Q4,192687.8
Q,MIO_EUR,NSA,S13,P2,EU27_2020,2011-Q1,144844.5
Q,MIO_EUR,NSA,S13,P2,EU27_2020,2011-Q2,157809.7
Q,MIO_EUR,NSA,S13,P2,EU27_2020,2011-Q3,155959.6
Q,MIO_EUR,NSA,S13,P2,EU27_2020,2011-Q4,198055.6
Q,MIO_EUR,NSA,S13,P2,EU27_2020,2012-Q1,148220
Q,MIO_EUR,NSA,S13,P2,EU27_2020,2012-Q2,160830.5
Q,MIO_EUR,NSA,S13,P2,EU27_2020,2012-Q3,157442.6
Q,MIO_EUR,NSA,S13,P2,EU27_2020,2012-Q4,197347.6
Q,MIO_EUR,NSA,S13,P2,EU27_2020,2013-Q1,148632.3
Q,MIO_EUR,NSA,S13,P2,EU27_2020,2013-Q2,164681.5
Q,MIO_EUR,NSA,S13,P2,EU27_2020,2013-Q3,161401.8
Q,MIO_EUR,NSA,S13,P2,EU27_2020,2013-Q4,199864
Q,MIO_EUR,NSA,S13,P2,EU27_2020,2014-Q1,150360.6
Q,MIO_EUR,NSA,S13,P2,EU27_2020,2014-Q2,166527.1
Q,MIO_EUR,NSA,S13,P2,EU27_2020,2014-Q3,165157.7
Q,MIO_EUR,NSA,S13,P2,EU27_2020,2014-Q4,203455.1
Q,MIO_EUR,NSA,S13,P2,EU27_2020,2015-Q1,152255.1
Q,MIO_EUR,NSA,S13,P2,EU27_2020,2015-Q2,170538.2
Q,MIO_EUR,NSA,S13,P2,EU27_2020,2015-Q3,166840.3
Q,MIO_EUR,NSA,S13,P2,EU27_2020,2015-Q4,210739.8
Q,MIO_EUR,NSA,S13,P2,EU27_2020,2016-Q1,157274.7
Q,MIO_EUR,NSA,S13,P2,EU27_2020,2016-Q2,176860.3
Q,MIO_EUR,NSA,S13,P2,EU27_2020,2016-Q3,169517.1
Q,MIO_EUR,NSA,S13,P2,EU27_2020,2016-Q4,214143.8
Q,MIO_EUR,NSA,S13,P2,EU27_2020,2017-Q1,164306.1
Q,MIO_EUR,NSA,S13,P2,EU27_2020,2017-Q2,179912.7
Q,MIO_EUR,NSA,S13,P2,EU27_2020,2017-Q3,176255.7
Q,MIO_EUR,NSA,S13,P2,EU27_2020,2017-Q4,221537.8
Q,MIO_EUR,NSA,S13,P2,EU27_2020,2018-Q1,168919
Q,MIO_EUR,NSA,S13,P2,EU27_2020,2018-Q2,187001.1
Q,MIO_EUR,NSA,S13,P2,EU27_2020,2018-Q3,183208.4
Q,MIO_EUR,NSA,S13,P2,EU27_2020,2018-Q4,228236.6
Q,MIO_EUR,NSA,S13,P2,EU27_2020,2019-Q1,175549.9
Q,MIO_EUR,NSA,S13,P2,EU27_2020,2019-Q2,194590.5
Q,MIO_EUR,NSA,S13,P2,EU27_2020,2019-Q3,193172.2
Q,MIO_EUR,NSA,S13,P2,EU27_2020,2019-Q4,237280.4
Q,MIO_EUR,NSA,S13,P2,EU27_2020,2020-Q1,185768
Q,MIO_EUR,NSA,S13,P2,EU27_2020,2020-Q2,200609.4
Q,MIO_EUR,NSA,S13,P2,EU27_2020,2020-Q3,200864.9
Q,MIO_EUR,NSA,S13,P2,EU27_2020,2020-Q4,253325.2
Q,MIO_EUR,NSA,S13,P2,EU27_2020,2021-Q1,199673.8
Q,MIO_EUR,NSA,S13,P2,EU27_2020,2021-Q2,221886.4
Q,MIO_EUR,NSA,S13,P2,EU27_2020,2021-Q3,216025.7
Q,MIO_EUR,NSA,S13,P2,EU27_2020,2021-Q4,276592.6
Q,MIO_EUR,NSA,S13,P2,EU27_2020,2022-Q1,215825.5
Q,MIO_EUR,NSA,S13,P2,EU27_2020,2022-Q2,238009.7
Q,MIO_EUR,NSA,S13,P2,EU27_2020,2022-Q3,234221.7
Q,MIO_EUR,NSA,S13,P2,EU27_2020,2022-Q4,297615.5
Q,MIO_EUR,NSA,S13,P2,EU27_2020,2023-Q1,229767.7
Q,MIO_EUR,NSA,S13,P2,EU27_2020,2023-Q2,253256.9
Q,MIO_EUR,NSA,S13,P2,EU27_2020,2023-Q3,249367.9
Q,MIO_EUR,NSA,S13,P2,EU27_2020,2023-Q4,316162.4
Q,MIO_EUR,NSA,S13,P2,EU27_2020,2024-Q1,240105.4
Q,MIO_EUR,NSA,S13,P2,EU27_2020,2024-Q2,269168.2
Q,MIO_EUR,NSA,S13,P2,EU27_2020,2024-Q3,266011.2
Q,MIO_EUR,NSA,S13,P2,EU27_2020,2024-Q4,333889
Q,MIO_EUR,NSA,S13,P2,EU27_2020,2025-Q1,249612.2
Q,MIO_EUR,NSA,S13,P2,EU27_2020,2025-Q2,277762.8
Q,MIO_EUR,NSA,S13,P2,EU27_2020,2025-Q3,278465.7
Q,MIO_EUR,NSA,S13,P2,EU27_2020,2025-Q4,351158.3
Q,MIO_EUR,NSA,S13,P2,EU27_2020,2026-Q1,266738.1
Q,MIO_EUR,NSA,S13,P2,EA21,1995-Q1,
Q,MIO_EUR,NSA,S13,P2,EA21,1995-Q2,
Q,MIO_EUR,NSA,S13,P2,EA21,1995-Q3,
Q,MIO_EUR,NSA,S13,P2,EA21,1995-Q4,
Q,MIO_EUR,NSA,S13,P2,EA21,1996-Q1,
Q,MIO_EUR,NSA,S13,P2,EA21,1996-Q2,
Q,MIO_EUR,NSA,S13,P2,EA21,1996-Q3,
Q,MIO_EUR,NSA,S13,P2,EA21,1996-Q4,
Q,MIO_EUR,NSA,S13,P2,EA21,1997-Q1,
Q,MIO_EUR,NSA,S13,P2,EA21,1997-Q2,
Q,MIO_EUR,NSA,S13,P2,EA21,1997-Q3,
Q,MIO_EUR,NSA,S13,P2,EA21,1997-Q4,
Q,MIO_EUR,NSA,S13,P2,EA21,1998-Q1,
Q,MIO_EUR,NSA,S13,P2,EA21,1998-Q2,
Q,MIO_EUR,NSA,S13,P2,EA21,1998-Q3,
Q,MIO_EUR,NSA,S13,P2,EA21,1998-Q4,
Q,MIO_EUR,NSA,S13,P2,EA21,1999-Q1,
Q,MIO_EUR,NSA,S13,P2,EA21,1999-Q2,
Q,MIO_EUR,NSA,S13,P2,EA21,1999-Q3,
Q,MIO_EUR,NSA,S13,P2,EA21,1999-Q4,
Q,MIO_EUR,NSA,S13,P2,EA21,2000-Q1,
Q,MIO_EUR,NSA,S13,P2,EA21,2000-Q2,
Q,MIO_EUR,NSA,S13,P2,EA21,2000-Q3,
Q,MIO_EUR,NSA,S13,P2,EA21,2000-Q4,
Q,MIO_EUR,NSA,S13,P2,EA21,2001-Q1,
Q,MIO_EUR,NSA,S13,P2,EA21,2001-Q2,
Q,MIO_EUR,NSA,S13,P2,EA21,2001-Q3,
Q,MIO_EUR,NSA,S13,P2,EA21,2001-Q4,
Q,MIO_EUR,NSA,S13,P2,EA21,2002-Q1,86394.7
Q,MIO_EUR,NSA,S13,P2,EA21,2002-Q2,91936.1
Q,MIO_EUR,NSA,S13,P2,EA21,2002-Q3,91284.9
Q,MIO_EUR,NSA,S13,P2,EA21,2002-Q4,110793.8
Q,MIO_EUR,NSA,S13,P2,EA21,2003-Q1,90515.8
Q,MIO_EUR,NSA,S13,P2,EA21,2003-Q2,93660.3
Q,MIO_EUR,NSA,S13,P2,EA21,2003-Q3,94959.1
Q,MIO_EUR,NSA,S13,P2,EA21,2003-Q4,113934
Q,MIO_EUR,NSA,S13,P2,EA21,2004-Q1,95430.4
Q,MIO_EUR,NSA,S13,P2,EA21,2004-Q2,98449.3
Q,MIO_EUR,NSA,S13,P2,EA21,2004-Q3,99039.5
Q,MIO_EUR,NSA,S13,P2,EA21,2004-Q4,120243.8
Q,MIO_EUR,NSA,S13,P2,EA21,2005-Q1,100001.9
Q,MIO_EUR,NSA,S13,P2,EA21,2005-Q2,104542.5
Q,MIO_EUR,NSA,S13,P2,EA21,2005-Q3,104424.7
Q,MIO_EUR,NSA,S13,P2,EA21,2005-Q4,125476.4
Q,MIO_EUR,NSA,S13,P2,EA21,2006-Q1,98967
Q,MIO_EUR,NSA,S13,P2,EA21,2006-Q2,109647.2
Q,MIO_EUR,NSA,S13,P2,EA21,2006-Q3,106308.8
Q,MIO_EUR,NSA,S13,P2,EA21,2006-Q4,137149.6
Q,MIO_EUR,NSA,S13,P2,EA21,2007-Q1,105891.8
Q,MIO_EUR,NSA,S13,P2,EA21,2007-Q2,115552.6
Q,MIO_EUR,NSA,S13,P2,EA21,2007-Q3,113294.8
Q,MIO_EUR,NSA,S13,P2,EA21,2007-Q4,144835.9
Q,MIO_EUR,NSA,S13,P2,EA21,2008-Q1,111239.8
Q,MIO_EUR,NSA,S13,P2,EA21,2008-Q2,125151.6
Q,MIO_EUR,NSA,S13,P2,EA21,2008-Q3,120062.9
Q,MIO_EUR,NSA,S13,P2,EA21,2008-Q4,150055.7
Q,MIO_EUR,NSA,S13,P2,EA21,2009-Q1,117545.6
Q,MIO_EUR,NSA,S13,P2,EA21,2009-Q2,129617.8
Q,MIO_EUR,NSA,S13,P2,EA21,2009-Q3,128548.2
Q,MIO_EUR,NSA,S13,P2,EA21,2009-Q4,156612.9
Q,MIO_EUR,NSA,S13,P2,EA21,2010-Q1,118309.4
Q,MIO_EUR,NSA,S13,P2,EA21,2010-Q2,133262.5
Q,MIO_EUR,NSA,S13,P2,EA21,2010-Q3,131380.1
Q,MIO_EUR,NSA,S13,P2,EA21,2010-Q4,162273
Q,MIO_EUR,NSA,S13,P2,EA21,2011-Q1,120139.5
Q,MIO_EUR,NSA,S13,P2,EA21,2011-Q2,131362.2
Q,MIO_EUR,NSA,S13,P2,EA21,2011-Q3,132289.7
Q,MIO_EUR,NSA,S13,P2,EA21,2011-Q4,167586.2
Q,MIO_EUR,NSA,S13,P2,EA21,2012-Q1,123899.7
Q,MIO_EUR,NSA,S13,P2,EA21,2012-Q2,134565.9
Q,MIO_EUR,NSA,S13,P2,EA21,2012-Q3,132291.8
Q,MIO_EUR,NSA,S13,P2,EA21,2012-Q4,164946.2
Q,MIO_EUR,NSA,S13,P2,EA21,2013-Q1,123675.4
Q,MIO_EUR,NSA,S13,P2,EA21,2013-Q2,137479
Q,MIO_EUR,NSA,S13,P2,EA21,2013-Q3,135569
Q,MIO_EUR,NSA,S13,P2,EA21,2013-Q4,166106.5
Q,MIO_EUR,NSA,S13,P2,EA21,2014-Q1,126115.5
Q,MIO_EUR,NSA,S13,P2,EA21,2014-Q2,138498.7
Q,MIO_EUR,NSA,S13,P2,EA21,2014-Q3,138586.9
Q,MIO_EUR,NSA,S13,P2,EA21,2014-Q4,168825.5
Q,MIO_EUR,NSA,S13,P2,EA21,2015-Q1,127590.3
Q,MIO_EUR,NSA,S13,P2,EA21,2015-Q2,142176.5
Q,MIO_EUR,NSA,S13,P2,EA21,2015-Q3,140088.8
Q,MIO_EUR,NSA,S13,P2,EA21,2015-Q4,174239
Q,MIO_EUR,NSA,S13,P2,EA21,2016-Q1,132435.4
Q,MIO_EUR,NSA,S13,P2,EA21,2016-Q2,147434
Q,MIO_EUR,NSA,S13,P2,EA21,2016-Q3,142585.6
Q,MIO_EUR,NSA,S13,P2,EA21,2016-Q4,178177.1
Q,MIO_EUR,NSA,S13,P2,EA21,2017-Q1,138494.5
Q,MIO_EUR,NSA,S13,P2,EA21,2017-Q2,150140.2
Q,MIO_EUR,NSA,S13,P2,EA21,2017-Q3,147564.1
Q,MIO_EUR,NSA,S13,P2,EA21,2017-Q4,183371.7
Q,MIO_EUR,NSA,S13,P2,EA21,2018-Q1,141623.3
Q,MIO_EUR,NSA,S13,P2,EA21,2018-Q2,156030.4
Q,MIO_EUR,NSA,S13,P2,EA21,2018-Q3,153316.4
Q,MIO_EUR,NSA,S13,P2,EA21,2018-Q4,188986.8
Q,MIO_EUR,NSA,S13,P2,EA21,2019-Q1,146864.2
Q,MIO_EUR,NSA,S13,P2,EA21,2019-Q2,162355.9
Q,MIO_EUR,NSA,S13,P2,EA21,2019-Q3,161279.9
Q,MIO_EUR,NSA,S13,P2,EA21,2019-Q4,196211.5
Q,MIO_EUR,NSA,S13,P2,EA21,2020-Q1,156453.5
Q,MIO_EUR,NSA,S13,P2,EA21,2020-Q2,168750.8
Q,MIO_EUR,NSA,S13,P2,EA21,2020-Q3,169236.8
Q,MIO_EUR,NSA,S13,P2,EA21,2020-Q4,209698.2
Q,MIO_EUR,NSA,S13,P2,EA21,2021-Q1,169699.6
Q,MIO_EUR,NSA,S13,P2,EA21,2021-Q2,185951.4
Q,MIO_EUR,NSA,S13,P2,EA21,2021-Q3,181699.5
Q,MIO_EUR,NSA,S13,P2,EA21,2021-Q4,227776.9
Q,MIO_EUR,NSA,S13,P2,EA21,2022-Q1,181778.2
Q,MIO_EUR,NSA,S13,P2,EA21,2022-Q2,199125.9
Q,MIO_EUR,NSA,S13,P2,EA21,2022-Q3,195762.8
Q,MIO_EUR,NSA,S13,P2,EA21,2022-Q4,244674.3
Q,MIO_EUR,NSA,S13,P2,EA21,2023-Q1,192302.9
Q,MIO_EUR,NSA,S13,P2,EA21,2023-Q2,209275.7
Q,MIO_EUR,NSA,S13,P2,EA21,2023-Q3,207818.8
Q,MIO_EUR,NSA,S13,P2,EA21,2023-Q4,258210.8
Q,MIO_EUR,NSA,S13,P2,EA21,2024-Q1,199983.6
Q,MIO_EUR,NSA,S13,P2,EA21,2024-Q2,222366.5
Q,MIO_EUR,NSA,S13,P2,EA21,2024-Q3,220846.6
Q,MIO_EUR,NSA,S13,P2,EA21,2024-Q4,271448.4
Q,MIO_EUR,NSA,S13,P2,EA21,2025-Q1,208273.1
Q,MIO_EUR,NSA,S13,P2,EA21,2025-Q2,228403.8
Q,MIO_EUR,NSA,S13,P2,EA21,2025-Q3,229304.2
Q,MIO_EUR,NSA,S13,P2,EA21,2025-Q4,282213
Q,MIO_EUR,NSA,S13,P2,EA21,2026-Q1,219550.4
Q,MIO_EUR,NSA,S13,P2,EA20,1995-Q1,
Q,MIO_EUR,NSA,S13,P2,EA20,1995-Q2,
Q,MIO_EUR,NSA,S13,P2,EA20,1995-Q3,
Q,MIO_EUR,NSA,S13,P2,EA20,1995-Q4,
Q,MIO_EUR,NSA,S13,P2,EA20,1996-Q1,
Q,MIO_EUR,NSA,S13,P2,EA20,1996-Q2,
Q,MIO_EUR,NSA,S13,P2,EA20,1996-Q3,
Q,MIO_EUR,NSA,S13,P2,EA20,1996-Q4,
Q,MIO_EUR,NSA,S13,P2,EA20,1997-Q1,
Q,MIO_EUR,NSA,S13,P2,EA20,1997-Q2,
Q,MIO_EUR,NSA,S13,P2,EA20,1997-Q3,
Q,MIO_EUR,NSA,S13,P2,EA20,1997-Q4,
Q,MIO_EUR,NSA,S13,P2,EA20,1998-Q1,
Q,MIO_EUR,NSA,S13,P2,EA20,1998-Q2,
Q,MIO_EUR,NSA,S13,P2,EA20,1998-Q3,
Q,MIO_EUR,NSA,S13,P2,EA20,1998-Q4,
Q,MIO_EUR,NSA,S13,P2,EA20,1999-Q1,
Q,MIO_EUR,NSA,S13,P2,EA20,1999-Q2,
Q,MIO_EUR,NSA,S13,P2,EA20,1999-Q3,
Q,MIO_EUR,NSA,S13,P2,EA20,1999-Q4,
Q,MIO_EUR,NSA,S13,P2,EA20,2000-Q1,
Q,MIO_EUR,NSA,S13,P2,EA20,2000-Q2,
Q,MIO_EUR,NSA,S13,P2,EA20,2000-Q3,
Q,MIO_EUR,NSA,S13,P2,EA20,2000-Q4,
Q,MIO_EUR,NSA,S13,P2,EA20,2001-Q1,
Q,MIO_EUR,NSA,S13,P2,EA20,2001-Q2,
Q,MIO_EUR,NSA,S13,P2,EA20,2001-Q3,
Q,MIO_EUR,NSA,S13,P2,EA20,2001-Q4,
Q,MIO_EUR,NSA,S13,P2,EA20,2002-Q1,86110.5
Q,MIO_EUR,NSA,S13,P2,EA20,2002-Q2,91602
Q,MIO_EUR,NSA,S13,P2,EA20,2002-Q3,90977.8
Q,MIO_EUR,NSA,S13,P2,EA20,2002-Q4,110305.8
Q,MIO_EUR,NSA,S13,P2,EA20,2003-Q1,90210.8
Q,MIO_EUR,NSA,S13,P2,EA20,2003-Q2,93318.9
Q,MIO_EUR,NSA,S13,P2,EA20,2003-Q3,94624.4
Q,MIO_EUR,NSA,S13,P2,EA20,2003-Q4,113401.2
Q,MIO_EUR,NSA,S13,P2,EA20,2004-Q1,95131.7
Q,MIO_EUR,NSA,S13,P2,EA20,2004-Q2,98081.6
Q,MIO_EUR,NSA,S13,P2,EA20,2004-Q3,98665.5
Q,MIO_EUR,NSA,S13,P2,EA20,2004-Q4,119607.8
Q,MIO_EUR,NSA,S13,P2,EA20,2005-Q1,99607.4
Q,MIO_EUR,NSA,S13,P2,EA20,2005-Q2,104044.2
Q,MIO_EUR,NSA,S13,P2,EA20,2005-Q3,103985.8
Q,MIO_EUR,NSA,S13,P2,EA20,2005-Q4,124846
Q,MIO_EUR,NSA,S13,P2,EA20,2006-Q1,98554.9
Q,MIO_EUR,NSA,S13,P2,EA20,2006-Q2,109208.4
Q,MIO_EUR,NSA,S13,P2,EA20,2006-Q3,105894.4
Q,MIO_EUR,NSA,S13,P2,EA20,2006-Q4,136470.9
Q,MIO_EUR,NSA,S13,P2,EA20,2007-Q1,105437.2
Q,MIO_EUR,NSA,S13,P2,EA20,2007-Q2,115059.2
Q,MIO_EUR,NSA,S13,P2,EA20,2007-Q3,112812.3
Q,MIO_EUR,NSA,S13,P2,EA20,2007-Q4,143946.1
Q,MIO_EUR,NSA,S13,P2,EA20,2008-Q1,110773.3
Q,MIO_EUR,NSA,S13,P2,EA20,2008-Q2,124588.8
Q,MIO_EUR,NSA,S13,P2,EA20,2008-Q3,119516.9
Q,MIO_EUR,NSA,S13,P2,EA20,2008-Q4,149069.4
Q,MIO_EUR,NSA,S13,P2,EA20,2009-Q1,117005.1
Q,MIO_EUR,NSA,S13,P2,EA20,2009-Q2,128990.8
Q,MIO_EUR,NSA,S13,P2,EA20,2009-Q3,128066.5
Q,MIO_EUR,NSA,S13,P2,EA20,2009-Q4,156089.5
Q,MIO_EUR,NSA,S13,P2,EA20,2010-Q1,117757.9
Q,MIO_EUR,NSA,S13,P2,EA20,2010-Q2,132789.2
Q,MIO_EUR,NSA,S13,P2,EA20,2010-Q3,130948.8
Q,MIO_EUR,NSA,S13,P2,EA20,2010-Q4,161561.2
Q,MIO_EUR,NSA,S13,P2,EA20,2011-Q1,119616
Q,MIO_EUR,NSA,S13,P2,EA20,2011-Q2,130807.2
Q,MIO_EUR,NSA,S13,P2,EA20,2011-Q3,131811.1
Q,MIO_EUR,NSA,S13,P2,EA20,2011-Q4,166887.1
Q,MIO_EUR,NSA,S13,P2,EA20,2012-Q1,123407.6
Q,MIO_EUR,NSA,S13,P2,EA20,2012-Q2,134029.2
Q,MIO_EUR,NSA,S13,P2,EA20,2012-Q3,131794.5
Q,MIO_EUR,NSA,S13,P2,EA20,2012-Q4,164217.4
Q,MIO_EUR,NSA,S13,P2,EA20,2013-Q1,123133.9
Q,MIO_EUR,NSA,S13,P2,EA20,2013-Q2,136906.1
Q,MIO_EUR,NSA,S13,P2,EA20,2013-Q3,135038.8
Q,MIO_EUR,NSA,S13,P2,EA20,2013-Q4,165364.2
Q,MIO_EUR,NSA,S13,P2,EA20,2014-Q1,125506.1
Q,MIO_EUR,NSA,S13,P2,EA20,2014-Q2,137859.4
Q,MIO_EUR,NSA,S13,P2,EA20,2014-Q3,138088.5
Q,MIO_EUR,NSA,S13,P2,EA20,2014-Q4,168223.4
Q,MIO_EUR,NSA,S13,P2,EA20,2015-Q1,127059.7
Q,MIO_EUR,NSA,S13,P2,EA20,2015-Q2,141613.2
Q,MIO_EUR,NSA,S13,P2,EA20,2015-Q3,139473.3
Q,MIO_EUR,NSA,S13,P2,EA20,2015-Q4,173565.2
Q,MIO_EUR,NSA,S13,P2,EA20,2016-Q1,131943.5
Q,MIO_EUR,NSA,S13,P2,EA20,2016-Q2,146864
Q,MIO_EUR,NSA,S13,P2,EA20,2016-Q3,142102.4
Q,MIO_EUR,NSA,S13,P2,EA20,2016-Q4,177395.8
Q,MIO_EUR,NSA,S13,P2,EA20,2017-Q1,137952.3
Q,MIO_EUR,NSA,S13,P2,EA20,2017-Q2,149576.2
Q,MIO_EUR,NSA,S13,P2,EA20,2017-Q3,147037.4
Q,MIO_EUR,NSA,S13,P2,EA20,2017-Q4,182486.6
Q,MIO_EUR,NSA,S13,P2,EA20,2018-Q1,140971.1
Q,MIO_EUR,NSA,S13,P2,EA20,2018-Q2,155345
Q,MIO_EUR,NSA,S13,P2,EA20,2018-Q3,152672.1
Q,MIO_EUR,NSA,S13,P2,EA20,2018-Q4,188260.6
Q,MIO_EUR,NSA,S13,P2,EA20,2019-Q1,146239.3
Q,MIO_EUR,NSA,S13,P2,EA20,2019-Q2,161593
Q,MIO_EUR,NSA,S13,P2,EA20,2019-Q3,160624.8
Q,MIO_EUR,NSA,S13,P2,EA20,2019-Q4,195453
Q,MIO_EUR,NSA,S13,P2,EA20,2020-Q1,155856.6
Q,MIO_EUR,NSA,S13,P2,EA20,2020-Q2,167992.7
Q,MIO_EUR,NSA,S13,P2,EA20,2020-Q3,168411.9
Q,MIO_EUR,NSA,S13,P2,EA20,2020-Q4,208705.3
Q,MIO_EUR,NSA,S13,P2,EA20,2021-Q1,168777.4
Q,MIO_EUR,NSA,S13,P2,EA20,2021-Q2,185112.9
Q,MIO_EUR,NSA,S13,P2,EA20,2021-Q3,180894.4
Q,MIO_EUR,NSA,S13,P2,EA20,2021-Q4,226651.8
Q,MIO_EUR,NSA,S13,P2,EA20,2022-Q1,180975.5
Q,MIO_EUR,NSA,S13,P2,EA20,2022-Q2,197811.1
Q,MIO_EUR,NSA,S13,P2,EA20,2022-Q3,194781.7
Q,MIO_EUR,NSA,S13,P2,EA20,2022-Q4,243326.5
Q,MIO_EUR,NSA,S13,P2,EA20,2023-Q1,191398.3
Q,MIO_EUR,NSA,S13,P2,EA20,2023-Q2,208396
Q,MIO_EUR,NSA,S13,P2,EA20,2023-Q3,206831.3
Q,MIO_EUR,NSA,S13,P2,EA20,2023-Q4,256378.3
Q,MIO_EUR,NSA,S13,P2,EA20,2024-Q1,198881.1
Q,MIO_EUR,NSA,S13,P2,EA20,2024-Q2,221159.2
Q,MIO_EUR,NSA,S13,P2,EA20,2024-Q3,219610.9
Q,MIO_EUR,NSA,S13,P2,EA20,2024-Q4,270120.8
Q,MIO_EUR,NSA,S13,P2,EA20,2025-Q1,207169.3
Q,MIO_EUR,NSA,S13,P2,EA20,2025-Q2,227006.2
Q,MIO_EUR,NSA,S13,P2,EA20,2025-Q3,228004.3
Q,MIO_EUR,NSA,S13,P2,EA20,2025-Q4,280403.9
Q,MIO_EUR,NSA,S13,P2,EA20,2026-Q1,218436.1
Q,MIO_EUR,NSA,S13,P2,EA19,1995-Q1,
Q,MIO_EUR,NSA,S13,P2,EA19,1995-Q2,
Q,MIO_EUR,NSA,S13,P2,EA19,1995-Q3,
Q,MIO_EUR,NSA,S13,P2,EA19,1995-Q4,
Q,MIO_EUR,NSA,S13,P2,EA19,1996-Q1,
Q,MIO_EUR,NSA,S13,P2,EA19,1996-Q2,
Q,MIO_EUR,NSA,S13,P2,EA19,1996-Q3,
Q,MIO_EUR,NSA,S13,P2,EA19,1996-Q4,
Q,MIO_EUR,NSA,S13,P2,EA19,1997-Q1,
Q,MIO_EUR,NSA,S13,P2,EA19,1997-Q2,
Q,MIO_EUR,NSA,S13,P2,EA19,1997-Q3,
Q,MIO_EUR,NSA,S13,P2,EA19,1997-Q4,
Q,MIO_EUR,NSA,S13,P2,EA19,1998-Q1,
Q,MIO_EUR,NSA,S13,P2,EA19,1998-Q2,
Q,MIO_EUR,NSA,S13,P2,EA19,1998-Q3,
Q,MIO_EUR,NSA,S13,P2,EA19,1998-Q4,
Q,MIO_EUR,NSA,S13,P2,EA19,1999-Q1,
Q,MIO_EUR,NSA,S13,P2,EA19,1999-Q2,
Q,MIO_EUR,NSA,S13,P2,EA19,1999-Q3,
Q,MIO_EUR,NSA,S13,P2,EA19,1999-Q4,
Q,MIO_EUR,NSA,S13,P2,EA19,2000-Q1,
Q,MIO_EUR,NSA,S13,P2,EA19,2000-Q2,
Q,MIO_EUR,NSA,S13,P2,EA19,2000-Q3,
Q,MIO_EUR,NSA,S13,P2,EA19,2000-Q4,
Q,MIO_EUR,NSA,S13,P2,EA19,2001-Q1,
Q,MIO_EUR,NSA,S13,P2,EA19,2001-Q2,
Q,MIO_EUR,NSA,S13,P2,EA19,2001-Q3,
Q,MIO_EUR,NSA,S13,P2,EA19,2001-Q4,
Q,MIO_EUR,NSA,S13,P2,EA19,2002-Q1,85575.1
Q,MIO_EUR,NSA,S13,P2,EA19,2002-Q2,91009.4
Q,MIO_EUR,NSA,S13,P2,EA19,2002-Q3,90327.9
Q,MIO_EUR,NSA,S13,P2,EA19,2002-Q4,109715.8
Q,MIO_EUR,NSA,S13,P2,EA19,2003-Q1,89680.9
Q,MIO_EUR,NSA,S13,P2,EA19,2003-Q2,92719
Q,MIO_EUR,NSA,S13,P2,EA19,2003-Q3,93964.2
Q,MIO_EUR,NSA,S13,P2,EA19,2003-Q4,112831.3
Q,MIO_EUR,NSA,S13,P2,EA19,2004-Q1,94584.4
Q,MIO_EUR,NSA,S13,P2,EA19,2004-Q2,97447.9
Q,MIO_EUR,NSA,S13,P2,EA19,2004-Q3,97975.6
Q,MIO_EUR,NSA,S13,P2,EA19,2004-Q4,119020.1
Q,MIO_EUR,NSA,S13,P2,EA19,2005-Q1,99005.9
Q,MIO_EUR,NSA,S13,P2,EA19,2005-Q2,103328.3
Q,MIO_EUR,NSA,S13,P2,EA19,2005-Q3,103227.6
Q,MIO_EUR,NSA,S13,P2,EA19,2005-Q4,124167.1
Q,MIO_EUR,NSA,S13,P2,EA19,2006-Q1,97863.3
Q,MIO_EUR,NSA,S13,P2,EA19,2006-Q2,108424
Q,MIO_EUR,NSA,S13,P2,EA19,2006-Q3,105055.8
Q,MIO_EUR,NSA,S13,P2,EA19,2006-Q4,135735.6
Q,MIO_EUR,NSA,S13,P2,EA19,2007-Q1,104651.5
Q,MIO_EUR,NSA,S13,P2,EA19,2007-Q2,114183.7
Q,MIO_EUR,NSA,S13,P2,EA19,2007-Q3,111877
Q,MIO_EUR,NSA,S13,P2,EA19,2007-Q4,143126.1
Q,MIO_EUR,NSA,S13,P2,EA19,2008-Q1,109893.1
Q,MIO_EUR,NSA,S13,P2,EA19,2008-Q2,123608.1
Q,MIO_EUR,NSA,S13,P2,EA19,2008-Q3,118478.9
Q,MIO_EUR,NSA,S13,P2,EA19,2008-Q4,148186.4
Q,MIO_EUR,NSA,S13,P2,EA19,2009-Q1,116175
Q,MIO_EUR,NSA,S13,P2,EA19,2009-Q2,128049.3
Q,MIO_EUR,NSA,S13,P2,EA19,2009-Q3,127097
Q,MIO_EUR,NSA,S13,P2,EA19,2009-Q4,155223
Q,MIO_EUR,NSA,S13,P2,EA19,2010-Q1,116920.6
Q,MIO_EUR,NSA,S13,P2,EA19,2010-Q2,131920.1
Q,MIO_EUR,NSA,S13,P2,EA19,2010-Q3,129885.1
Q,MIO_EUR,NSA,S13,P2,EA19,2010-Q4,160657.1
Q,MIO_EUR,NSA,S13,P2,EA19,2011-Q1,118771.6
Q,MIO_EUR,NSA,S13,P2,EA19,2011-Q2,129904.8
Q,MIO_EUR,NSA,S13,P2,EA19,2011-Q3,130738.4
Q,MIO_EUR,NSA,S13,P2,EA19,2011-Q4,165971
Q,MIO_EUR,NSA,S13,P2,EA19,2012-Q1,122549.6
Q,MIO_EUR,NSA,S13,P2,EA19,2012-Q2,133061
Q,MIO_EUR,NSA,S13,P2,EA19,2012-Q3,130877.4
Q,MIO_EUR,NSA,S13,P2,EA19,2012-Q4,163289.5
Q,MIO_EUR,NSA,S13,P2,EA19,2013-Q1,122327.8
Q,MIO_EUR,NSA,S13,P2,EA19,2013-Q2,135934.8
Q,MIO_EUR,NSA,S13,P2,EA19,2013-Q3,134059.9
Q,MIO_EUR,NSA,S13,P2,EA19,2013-Q4,164429.7
Q,MIO_EUR,NSA,S13,P2,EA19,2014-Q1,124615.6
Q,MIO_EUR,NSA,S13,P2,EA19,2014-Q2,136864.4
Q,MIO_EUR,NSA,S13,P2,EA19,2014-Q3,137156.3
Q,MIO_EUR,NSA,S13,P2,EA19,2014-Q4,167260.3
Q,MIO_EUR,NSA,S13,P2,EA19,2015-Q1,126161.5
Q,MIO_EUR,NSA,S13,P2,EA19,2015-Q2,140613.4
Q,MIO_EUR,NSA,S13,P2,EA19,2015-Q3,138545
Q,MIO_EUR,NSA,S13,P2,EA19,2015-Q4,172606.5
Q,MIO_EUR,NSA,S13,P2,EA19,2016-Q1,131027.5
Q,MIO_EUR,NSA,S13,P2,EA19,2016-Q2,145814.6
Q,MIO_EUR,NSA,S13,P2,EA19,2016-Q3,141134
Q,MIO_EUR,NSA,S13,P2,EA19,2016-Q4,176406.2
Q,MIO_EUR,NSA,S13,P2,EA19,2017-Q1,136994
Q,MIO_EUR,NSA,S13,P2,EA19,2017-Q2,148485.7
Q,MIO_EUR,NSA,S13,P2,EA19,2017-Q3,146026.2
Q,MIO_EUR,NSA,S13,P2,EA19,2017-Q4,181451.1
Q,MIO_EUR,NSA,S13,P2,EA19,2018-Q1,139980.3
Q,MIO_EUR,NSA,S13,P2,EA19,2018-Q2,154210.7
Q,MIO_EUR,NSA,S13,P2,EA19,2018-Q3,151578.2
Q,MIO_EUR,NSA,S13,P2,EA19,2018-Q4,187186.7
Q,MIO_EUR,NSA,S13,P2,EA19,2019-Q1,145197.1
Q,MIO_EUR,NSA,S13,P2,EA19,2019-Q2,160380.5
Q,MIO_EUR,NSA,S13,P2,EA19,2019-Q3,159446.5
Q,MIO_EUR,NSA,S13,P2,EA19,2019-Q4,194186.8
Q,MIO_EUR,NSA,S13,P2,EA19,2020-Q1,154740.7
Q,MIO_EUR,NSA,S13,P2,EA19,2020-Q2,167016.9
Q,MIO_EUR,NSA,S13,P2,EA19,2020-Q3,167271.3
Q,MIO_EUR,NSA,S13,P2,EA19,2020-Q4,207501.4
Q,MIO_EUR,NSA,S13,P2,EA19,2021-Q1,167773.1
Q,MIO_EUR,NSA,S13,P2,EA19,2021-Q2,183904.1
Q,MIO_EUR,NSA,S13,P2,EA19,2021-Q3,179732.9
Q,MIO_EUR,NSA,S13,P2,EA19,2021-Q4,225109.5
Q,MIO_EUR,NSA,S13,P2,EA19,2022-Q1,179937
Q,MIO_EUR,NSA,S13,P2,EA19,2022-Q2,196545.1
Q,MIO_EUR,NSA,S13,P2,EA19,2022-Q3,193503.7
Q,MIO_EUR,NSA,S13,P2,EA19,2022-Q4,241650
Q,MIO_EUR,NSA,S13,P2,EA19,2023-Q1,190175.9
Q,MIO_EUR,NSA,S13,P2,EA19,2023-Q2,206871.8
Q,MIO_EUR,NSA,S13,P2,EA19,2023-Q3,205431.1
Q,MIO_EUR,NSA,S13,P2,EA19,2023-Q4,254438.9
Q,MIO_EUR,NSA,S13,P2,EA19,2024-Q1,197580.6
Q,MIO_EUR,NSA,S13,P2,EA19,2024-Q2,219583.9
Q,MIO_EUR,NSA,S13,P2,EA19,2024-Q3,218085.5
Q,MIO_EUR,NSA,S13,P2,EA19,2024-Q4,268011.7
Q,MIO_EUR,NSA,S13,P2,EA19,2025-Q1,205733.7
Q,MIO_EUR,NSA,S13,P2,EA19,2025-Q2,225253.2
Q,MIO_EUR,NSA,S13,P2,EA19,2025-Q3,226301.7
Q,MIO_EUR,NSA,S13,P2,EA19,2025-Q4,278035.5
Q,MIO_EUR,NSA,S13,P2,EA19,2026-Q1,216861.1
Q,MIO_EUR,NSA,S13,P2,BE,1995-Q1,1954.7
Q,MIO_EUR,NSA,S13,P2,BE,1995-Q2,1949.4
Q,MIO_EUR,NSA,S13,P2,BE,1995-Q3,1924.3
Q,MIO_EUR,NSA,S13,P2,BE,1995-Q4,2000.2
Q,MIO_EUR,NSA,S13,P2,BE,1996-Q1,2061.6
Q,MIO_EUR,NSA,S13,P2,BE,1996-Q2,2060.2
Q,MIO_EUR,NSA,S13,P2,BE,1996-Q3,2018.3
Q,MIO_EUR,NSA,S13,P2,BE,1996-Q4,2023.1
Q,MIO_EUR,NSA,S13,P2,BE,1997-Q1,2211.6
Q,MIO_EUR,NSA,S13,P2,BE,1997-Q2,1901
Q,MIO_EUR,NSA,S13,P2,BE,1997-Q3,1897.5
Q,MIO_EUR,NSA,S13,P2,BE,1997-Q4,2133.8
Q,MIO_EUR,NSA,S13,P2,BE,1998-Q1,2136.1
Q,MIO_EUR,NSA,S13,P2,BE,1998-Q2,2062.2
Q,MIO_EUR,NSA,S13,P2,BE,1998-Q3,2075
Q,MIO_EUR,NSA,S13,P2,BE,1998-Q4,2217.8
Q,MIO_EUR,NSA,S13,P2,BE,1999-Q1,2273.8
Q,MIO_EUR,NSA,S13,P2,BE,1999-Q2,2141.5
Q,MIO_EUR,NSA,S13,P2,BE,1999-Q3,2121.3
Q,MIO_EUR,NSA,S13,P2,BE,1999-Q4,2473.6
Q,MIO_EUR,NSA,S13,P2,BE,2000-Q1,2411.1
Q,MIO_EUR,NSA,S13,P2,BE,2000-Q2,2317.5
Q,MIO_EUR,NSA,S13,P2,BE,2000-Q3,2228.5
Q,MIO_EUR,NSA,S13,P2,BE,2000-Q4,2495.1
Q,MIO_EUR,NSA,S13,P2,BE,2001-Q1,2522.3
Q,MIO_EUR,NSA,S13,P2,BE,2001-Q2,2345.5
Q,MIO_EUR,NSA,S13,P2,BE,2001-Q3,2419.4
Q,MIO_EUR,NSA,S13,P2,BE,2001-Q4,2744.6
Q,MIO_EUR,NSA,S13,P2,BE,2002-Q1,2853.6
Q,MIO_EUR,NSA,S13,P2,BE,2002-Q2,2781.5
Q,MIO_EUR,NSA,S13,P2,BE,2002-Q3,2935.8
Q,MIO_EUR,NSA,S13,P2,BE,2002-Q4,2959.4
Q,MIO_EUR,NSA,S13,P2,BE,2003-Q1,3154.8
Q,MIO_EUR,NSA,S13,P2,BE,2003-Q2,2839.9
Q,MIO_EUR,NSA,S13,P2,BE,2003-Q3,2861.2
Q,MIO_EUR,NSA,S13,P2,BE,2003-Q4,2941.4
Q,MIO_EUR,NSA,S13,P2,BE,2004-Q1,3242.7
Q,MIO_EUR,NSA,S13,P2,BE,2004-Q2,2979.2
Q,MIO_EUR,NSA,S13,P2,BE,2004-Q3,2848.4
Q,MIO_EUR,NSA,S13,P2,BE,2004-Q4,3042.5
Q,MIO_EUR,NSA,S13,P2,BE,2005-Q1,3211.7
Q,MIO_EUR,NSA,S13,P2,BE,2005-Q2,3206.5
Q,MIO_EUR,NSA,S13,P2,BE,2005-Q3,3035.2
Q,MIO_EUR,NSA,S13,P2,BE,2005-Q4,3005.1
Q,MIO_EUR,NSA,S13,P2,BE,2006-Q1,3446.6
Q,MIO_EUR,NSA,S13,P2,BE,2006-Q2,3243.6
Q,MIO_EUR,NSA,S13,P2,BE,2006-Q3,3090.3
Q,MIO_EUR,NSA,S13,P2,BE,2006-Q4,3084
Q,MIO_EUR,NSA,S13,P2,BE,2007-Q1,3438.9
Q,MIO_EUR,NSA,S13,P2,BE,2007-Q2,3121.7
Q,MIO_EUR,NSA,S13,P2,BE,2007-Q3,3174.6
Q,MIO_EUR,NSA,S13,P2,BE,2007-Q4,3141.2
Q,MIO_EUR,NSA,S13,P2,BE,2008-Q1,3445.6
Q,MIO_EUR,NSA,S13,P2,BE,2008-Q2,3270.9
Q,MIO_EUR,NSA,S13,P2,BE,2008-Q3,3349.4
Q,MIO_EUR,NSA,S13,P2,BE,2008-Q4,3788
Q,MIO_EUR,NSA,S13,P2,BE,2009-Q1,3615.5
Q,MIO_EUR,NSA,S13,P2,BE,2009-Q2,3714.2
Q,MIO_EUR,NSA,S13,P2,BE,2009-Q3,3675.2
Q,MIO_EUR,NSA,S13,P2,BE,2009-Q4,3849.3
Q,MIO_EUR,NSA,S13,P2,BE,2010-Q1,3692.3
Q,MIO_EUR,NSA,S13,P2,BE,2010-Q2,3856.6
Q,MIO_EUR,NSA,S13,P2,BE,2010-Q3,3609.7
Q,MIO_EUR,NSA,S13,P2,BE,2010-Q4,3930.5
Q,MIO_EUR,NSA,S13,P2,BE,2011-Q1,3753.3
Q,MIO_EUR,NSA,S13,P2,BE,2011-Q2,3967
Q,MIO_EUR,NSA,S13,P2,BE,2011-Q3,3896.9
Q,MIO_EUR,NSA,S13,P2,BE,2011-Q4,4321.2
Q,MIO_EUR,NSA,S13,P2,BE,2012-Q1,3962.6
Q,MIO_EUR,NSA,S13,P2,BE,2012-Q2,4055.6
Q,MIO_EUR,NSA,S13,P2,BE,2012-Q3,3999.1
Q,MIO_EUR,NSA,S13,P2,BE,2012-Q4,4508.4
Q,MIO_EUR,NSA,S13,P2,BE,2013-Q1,3913.9
Q,MIO_EUR,NSA,S13,P2,BE,2013-Q2,4065.8
Q,MIO_EUR,NSA,S13,P2,BE,2013-Q3,4040.7
Q,MIO_EUR,NSA,S13,P2,BE,2013-Q4,4411
Q,MIO_EUR,NSA,S13,P2,BE,2014-Q1,4058
Q,MIO_EUR,NSA,S13,P2,BE,2014-Q2,4151.8
Q,MIO_EUR,NSA,S13,P2,BE,2014-Q3,4180.7
Q,MIO_EUR,NSA,S13,P2,BE,2014-Q4,4648.6
Q,MIO_EUR,NSA,S13,P2,BE,2015-Q1,4066.6
Q,MIO_EUR,NSA,S13,P2,BE,2015-Q2,4141.7
Q,MIO_EUR,NSA,S13,P2,BE,2015-Q3,4102.7
Q,MIO_EUR,NSA,S13,P2,BE,2015-Q4,4630.5
Q,MIO_EUR,NSA,S13,P2,BE,2016-Q1,4167.3
Q,MIO_EUR,NSA,S13,P2,BE,2016-Q2,4021.9
Q,MIO_EUR,NSA,S13,P2,BE,2016-Q3,4279.7
Q,MIO_EUR,NSA,S13,P2,BE,2016-Q4,4994.2
Q,MIO_EUR,NSA,S13,P2,BE,2017-Q1,4198.7
Q,MIO_EUR,NSA,S13,P2,BE,2017-Q2,4240.4
Q,MIO_EUR,NSA,S13,P2,BE,2017-Q3,4396.4
Q,MIO_EUR,NSA,S13,P2,BE,2017-Q4,5052.6
Q,MIO_EUR,NSA,S13,P2,BE,2018-Q1,4438.5
Q,MIO_EUR,NSA,S13,P2,BE,2018-Q2,4591.3
Q,MIO_EUR,NSA,S13,P2,BE,2018-Q3,4698.2
Q,MIO_EUR,NSA,S13,P2,BE,2018-Q4,5342.1
Q,MIO_EUR,NSA,S13,P2,BE,2019-Q1,4595.8
Q,MIO_EUR,NSA,S13,P2,BE,2019-Q2,4651.5
Q,MIO_EUR,NSA,S13,P2,BE,2019-Q3,4791.9
Q,MIO_EUR,NSA,S13,P2,BE,2019-Q4,5639.3
Q,MIO_EUR,NSA,S13,P2,BE,2020-Q1,4649.2
Q,MIO_EUR,NSA,S13,P2,BE,2020-Q2,4657.7
Q,MIO_EUR,NSA,S13,P2,BE,2020-Q3,5051.8
Q,MIO_EUR,NSA,S13,P2,BE,2020-Q4,5544.6
Q,MIO_EUR,NSA,S13,P2,BE,2021-Q1,4926.1
Q,MIO_EUR,NSA,S13,P2,BE,2021-Q2,5141.6
Q,MIO_EUR,NSA,S13,P2,BE,2021-Q3,5048.8
Q,MIO_EUR,NSA,S13,P2,BE,2021-Q4,6259.7
Q,MIO_EUR,NSA,S13,P2,BE,2022-Q1,5302.8
Q,MIO_EUR,NSA,S13,P2,BE,2022-Q2,5545.4
Q,MIO_EUR,NSA,S13,P2,BE,2022-Q3,5793.9
Q,MIO_EUR,NSA,S13,P2,BE,2022-Q4,7248.7
Q,MIO_EUR,NSA,S13,P2,BE,2023-Q1,5665.7
Q,MIO_EUR,NSA,S13,P2,BE,2023-Q2,6032.1
Q,MIO_EUR,NSA,S13,P2,BE,2023-Q3,6237.6
Q,MIO_EUR,NSA,S13,P2,BE,2023-Q4,7067
Q,MIO_EUR,NSA,S13,P2,BE,2024-Q1,6104.7
Q,MIO_EUR,NSA,S13,P2,BE,2024-Q2,6403.3
Q,MIO_EUR,NSA,S13,P2,BE,2024-Q3,6482.4
Q,MIO_EUR,NSA,S13,P2,BE,2024-Q4,7313.6
Q,MIO_EUR,NSA,S13,P2,BE,2025-Q1,6189.5
Q,MIO_EUR,NSA,S13,P2,BE,2025-Q2,6635.3
Q,MIO_EUR,NSA,S13,P2,BE,2025-Q3,6908.8
Q,MIO_EUR,NSA,S13,P2,BE,2025-Q4,7901.2
Q,MIO_EUR,NSA,S13,P2,BE,2026-Q1,6398.5
Q,MIO_EUR,NSA,S13,P2,BG,1995-Q1,
Q,MIO_EUR,NSA,S13,P2,BG,1995-Q2,
Q,MIO_EUR,NSA,S13,P2,BG,1995-Q3,
Q,MIO_EUR,NSA,S13,P2,BG,1995-Q4,
Q,MIO_EUR,NSA,S13,P2,BG,1996-Q1,
Q,MIO_EUR,NSA,S13,P2,BG,1996-Q2,
Q,MIO_EUR,NSA,S13,P2,BG,1996-Q3,
Q,MIO_EUR,NSA,S13,P2,BG,1996-Q4,
Q,MIO_EUR,NSA,S13,P2,BG,1997-Q1,
Q,MIO_EUR,NSA,S13,P2,BG,1997-Q2,
Q,MIO_EUR,NSA,S13,P2,BG,1997-Q3,
Q,MIO_EUR,NSA,S13,P2,BG,1997-Q4,
Q,MIO_EUR,NSA,S13,P2,BG,1998-Q1,
Q,MIO_EUR,NSA,S13,P2,BG,1998-Q2,
Q,MIO_EUR,NSA,S13,P2,BG,1998-Q3,
Q,MIO_EUR,NSA,S13,P2,BG,1998-Q4,
Q,MIO_EUR,NSA,S13,P2,BG,1999-Q1,181.2
Q,MIO_EUR,NSA,S13,P2,BG,1999-Q2,267.9
Q,MIO_EUR,NSA,S13,P2,BG,1999-Q3,203.9
Q,MIO_EUR,NSA,S13,P2,BG,1999-Q4,302.8
Q,MIO_EUR,NSA,S13,P2,BG,2000-Q1,226.8
Q,MIO_EUR,NSA,S13,P2,BG,2000-Q2,253.1
Q,MIO_EUR,NSA,S13,P2,BG,2000-Q3,276.1
Q,MIO_EUR,NSA,S13,P2,BG,2000-Q4,400.3
Q,MIO_EUR,NSA,S13,P2,BG,2001-Q1,247.3
Q,MIO_EUR,NSA,S13,P2,BG,2001-Q2,278.5
Q,MIO_EUR,NSA,S13,P2,BG,2001-Q3,243.3
Q,MIO_EUR,NSA,S13,P2,BG,2001-Q4,353.6
Q,MIO_EUR,NSA,S13,P2,BG,2002-Q1,284.2
Q,MIO_EUR,NSA,S13,P2,BG,2002-Q2,334.1
Q,MIO_EUR,NSA,S13,P2,BG,2002-Q3,307
Q,MIO_EUR,NSA,S13,P2,BG,2002-Q4,488
Q,MIO_EUR,NSA,S13,P2,BG,2003-Q1,305
Q,MIO_EUR,NSA,S13,P2,BG,2003-Q2,341.4
Q,MIO_EUR,NSA,S13,P2,BG,2003-Q3,334.7
Q,MIO_EUR,NSA,S13,P2,BG,2003-Q4,532.8
Q,MIO_EUR,NSA,S13,P2,BG,2004-Q1,298.7
Q,MIO_EUR,NSA,S13,P2,BG,2004-Q2,367.7
Q,MIO_EUR,NSA,S13,P2,BG,2004-Q3,374
Q,MIO_EUR,NSA,S13,P2,BG,2004-Q4,636
Q,MIO_EUR,NSA,S13,P2,BG,2005-Q1,394.5
Q,MIO_EUR,NSA,S13,P2,BG,2005-Q2,498.3
Q,MIO_EUR,NSA,S13,P2,BG,2005-Q3,439
Q,MIO_EUR,NSA,S13,P2,BG,2005-Q4,630.4
Q,MIO_EUR,NSA,S13,P2,BG,2006-Q1,412.1
Q,MIO_EUR,NSA,S13,P2,BG,2006-Q2,438.9
Q,MIO_EUR,NSA,S13,P2,BG,2006-Q3,414.5
Q,MIO_EUR,NSA,S13,P2,BG,2006-Q4,678.7
Q,MIO_EUR,NSA,S13,P2,BG,2007-Q1,454.6
Q,MIO_EUR,NSA,S13,P2,BG,2007-Q2,493.4
Q,MIO_EUR,NSA,S13,P2,BG,2007-Q3,482.4
Q,MIO_EUR,NSA,S13,P2,BG,2007-Q4,889.7
Q,MIO_EUR,NSA,S13,P2,BG,2008-Q1,466.5
Q,MIO_EUR,NSA,S13,P2,BG,2008-Q2,562.8
Q,MIO_EUR,NSA,S13,P2,BG,2008-Q3,545.9
Q,MIO_EUR,NSA,S13,P2,BG,2008-Q4,986.3
Q,MIO_EUR,NSA,S13,P2,BG,2009-Q1,540.5
Q,MIO_EUR,NSA,S13,P2,BG,2009-Q2,626.9
Q,MIO_EUR,NSA,S13,P2,BG,2009-Q3,481.7
Q,MIO_EUR,NSA,S13,P2,BG,2009-Q4,523.4
Q,MIO_EUR,NSA,S13,P2,BG,2010-Q1,551.5
Q,MIO_EUR,NSA,S13,P2,BG,2010-Q2,473.3
Q,MIO_EUR,NSA,S13,P2,BG,2010-Q3,431.2
Q,MIO_EUR,NSA,S13,P2,BG,2010-Q4,711.8
Q,MIO_EUR,NSA,S13,P2,BG,2011-Q1,523.5
Q,MIO_EUR,NSA,S13,P2,BG,2011-Q2,555
Q,MIO_EUR,NSA,S13,P2,BG,2011-Q3,478.7
Q,MIO_EUR,NSA,S13,P2,BG,2011-Q4,699.1
Q,MIO_EUR,NSA,S13,P2,BG,2012-Q1,492.1
Q,MIO_EUR,NSA,S13,P2,BG,2012-Q2,536.7
Q,MIO_EUR,NSA,S13,P2,BG,2012-Q3,497.3
Q,MIO_EUR,NSA,S13,P2,BG,2012-Q4,728.8
Q,MIO_EUR,NSA,S13,P2,BG,2013-Q1,541.5
Q,MIO_EUR,NSA,S13,P2,BG,2013-Q2,572.9
Q,MIO_EUR,NSA,S13,P2,BG,2013-Q3,530.2
Q,MIO_EUR,NSA,S13,P2,BG,2013-Q4,742.4
Q,MIO_EUR,NSA,S13,P2,BG,2014-Q1,609.4
Q,MIO_EUR,NSA,S13,P2,BG,2014-Q2,639.2
Q,MIO_EUR,NSA,S13,P2,BG,2014-Q3,498.3
Q,MIO_EUR,NSA,S13,P2,BG,2014-Q4,602.1
Q,MIO_EUR,NSA,S13,P2,BG,2015-Q1,530.6
Q,MIO_EUR,NSA,S13,P2,BG,2015-Q2,563.3
Q,MIO_EUR,NSA,S13,P2,BG,2015-Q3,615.5
Q,MIO_EUR,NSA,S13,P2,BG,2015-Q4,673.8
Q,MIO_EUR,NSA,S13,P2,BG,2016-Q1,491.9
Q,MIO_EUR,NSA,S13,P2,BG,2016-Q2,570
Q,MIO_EUR,NSA,S13,P2,BG,2016-Q3,483.2
Q,MIO_EUR,NSA,S13,P2,BG,2016-Q4,781.4
Q,MIO_EUR,NSA,S13,P2,BG,2017-Q1,542.2
Q,MIO_EUR,NSA,S13,P2,BG,2017-Q2,564
Q,MIO_EUR,NSA,S13,P2,BG,2017-Q3,526.7
Q,MIO_EUR,NSA,S13,P2,BG,2017-Q4,885.1
Q,MIO_EUR,NSA,S13,P2,BG,2018-Q1,652.1
Q,MIO_EUR,NSA,S13,P2,BG,2018-Q2,685.4
Q,MIO_EUR,NSA,S13,P2,BG,2018-Q3,644.3
Q,MIO_EUR,NSA,S13,P2,BG,2018-Q4,726.2
Q,MIO_EUR,NSA,S13,P2,BG,2019-Q1,624.9
Q,MIO_EUR,NSA,S13,P2,BG,2019-Q2,762.9
Q,MIO_EUR,NSA,S13,P2,BG,2019-Q3,655.1
Q,MIO_EUR,NSA,S13,P2,BG,2019-Q4,758.5
Q,MIO_EUR,NSA,S13,P2,BG,2020-Q1,597
Q,MIO_EUR,NSA,S13,P2,BG,2020-Q2,758.1
Q,MIO_EUR,NSA,S13,P2,BG,2020-Q3,824.9
Q,MIO_EUR,NSA,S13,P2,BG,2020-Q4,992.9
Q,MIO_EUR,NSA,S13,P2,BG,2021-Q1,922.1
Q,MIO_EUR,NSA,S13,P2,BG,2021-Q2,838.5
Q,MIO_EUR,NSA,S13,P2,BG,2021-Q3,805.1
Q,MIO_EUR,NSA,S13,P2,BG,2021-Q4,1125.2
Q,MIO_EUR,NSA,S13,P2,BG,2022-Q1,802.7
Q,MIO_EUR,NSA,S13,P2,BG,2022-Q2,1314.8
Q,MIO_EUR,NSA,S13,P2,BG,2022-Q3,981.1
Q,MIO_EUR,NSA,S13,P2,BG,2022-Q4,1347.7
Q,MIO_EUR,NSA,S13,P2,BG,2023-Q1,904.6
Q,MIO_EUR,NSA,S13,P2,BG,2023-Q2,879.8
Q,MIO_EUR,NSA,S13,P2,BG,2023-Q3,987.5
Q,MIO_EUR,NSA,S13,P2,BG,2023-Q4,1832.5
Q,MIO_EUR,NSA,S13,P2,BG,2024-Q1,1102.4
Q,MIO_EUR,NSA,S13,P2,BG,2024-Q2,1207.3
Q,MIO_EUR,NSA,S13,P2,BG,2024-Q3,1235.7
Q,MIO_EUR,NSA,S13,P2,BG,2024-Q4,1327.7
Q,MIO_EUR,NSA,S13,P2,BG,2025-Q1,1103.7
Q,MIO_EUR,NSA,S13,P2,BG,2025-Q2,1397.7
Q,MIO_EUR,NSA,S13,P2,BG,2025-Q3,1299.9
Q,MIO_EUR,NSA,S13,P2,BG,2025-Q4,1809.1
Q,MIO_EUR,NSA,S13,P2,BG,2026-Q1,1114.3
Q,MIO_EUR,NSA,S13,P2,CZ,1995-Q1,
Q,MIO_EUR,NSA,S13,P2,CZ,1995-Q2,
Q,MIO_EUR,NSA,S13,P2,CZ,1995-Q3,
Q,MIO_EUR,NSA,S13,P2,CZ,1995-Q4,
Q,MIO_EUR,NSA,S13,P2,CZ,1996-Q1,
Q,MIO_EUR,NSA,S13,P2,CZ,1996-Q2,
Q,MIO_EUR,NSA,S13,P2,CZ,1996-Q3,
Q,MIO_EUR,NSA,S13,P2,CZ,1996-Q4,
Q,MIO_EUR,NSA,S13,P2,CZ,1997-Q1,
Q,MIO_EUR,NSA,S13,P2,CZ,1997-Q2,
Q,MIO_EUR,NSA,S13,P2,CZ,1997-Q3,
Q,MIO_EUR,NSA,S13,P2,CZ,1997-Q4,
Q,MIO_EUR,NSA,S13,P2,CZ,1998-Q1,
Q,MIO_EUR,NSA,S13,P2,CZ,1998-Q2,
Q,MIO_EUR,NSA,S13,P2,CZ,1998-Q3,
Q,MIO_EUR,NSA,S13,P2,CZ,1998-Q4,
Q,MIO_EUR,NSA,S13,P2,CZ,1999-Q1,862
Q,MIO_EUR,NSA,S13,P2,CZ,1999-Q2,1002.6
Q,MIO_EUR,NSA,S13,P2,CZ,1999-Q3,1053.5
Q,MIO_EUR,NSA,S13,P2,CZ,1999-Q4,1466.5
Q,MIO_EUR,NSA,S13,P2,CZ,2000-Q1,961.1
Q,MIO_EUR,NSA,S13,P2,CZ,2000-Q2,1058.1
Q,MIO_EUR,NSA,S13,P2,CZ,2000-Q3,1165
Q,MIO_EUR,NSA,S13,P2,CZ,2000-Q4,1581.3
Q,MIO_EUR,NSA,S13,P2,CZ,2001-Q1,1048.4
Q,MIO_EUR,NSA,S13,P2,CZ,2001-Q2,1170.9
Q,MIO_EUR,NSA,S13,P2,CZ,2001-Q3,1272.8
Q,MIO_EUR,NSA,S13,P2,CZ,2001-Q4,1733.8
Q,MIO_EUR,NSA,S13,P2,CZ,2002-Q1,1221.1
Q,MIO_EUR,NSA,S13,P2,CZ,2002-Q2,1514.7
Q,MIO_EUR,NSA,S13,P2,CZ,2002-Q3,1626.6
Q,MIO_EUR,NSA,S13,P2,CZ,2002-Q4,2166
Q,MIO_EUR,NSA,S13,P2,CZ,2003-Q1,1383.5
Q,MIO_EUR,NSA,S13,P2,CZ,2003-Q2,1665.9
Q,MIO_EUR,NSA,S13,P2,CZ,2003-Q3,1593.7
Q,MIO_EUR,NSA,S13,P2,CZ,2003-Q4,2391.9
Q,MIO_EUR,NSA,S13,P2,CZ,2004-Q1,1361.3
Q,MIO_EUR,NSA,S13,P2,CZ,2004-Q2,1772.5
Q,MIO_EUR,NSA,S13,P2,CZ,2004-Q3,1578.8
Q,MIO_EUR,NSA,S13,P2,CZ,2004-Q4,2406.6
Q,MIO_EUR,NSA,S13,P2,CZ,2005-Q1,1552.1
Q,MIO_EUR,NSA,S13,P2,CZ,2005-Q2,1844.2
Q,MIO_EUR,NSA,S13,P2,CZ,2005-Q3,1748.1
Q,MIO_EUR,NSA,S13,P2,CZ,2005-Q4,2689.3
Q,MIO_EUR,NSA,S13,P2,CZ,2006-Q1,1771.5
Q,MIO_EUR,NSA,S13,P2,CZ,2006-Q2,2096.9
Q,MIO_EUR,NSA,S13,P2,CZ,2006-Q3,2037
Q,MIO_EUR,NSA,S13,P2,CZ,2006-Q4,3037.4
Q,MIO_EUR,NSA,S13,P2,CZ,2007-Q1,1881.9
Q,MIO_EUR,NSA,S13,P2,CZ,2007-Q2,2175
Q,MIO_EUR,NSA,S13,P2,CZ,2007-Q3,2100.9
Q,MIO_EUR,NSA,S13,P2,CZ,2007-Q4,3477.7
Q,MIO_EUR,NSA,S13,P2,CZ,2008-Q1,2134.5
Q,MIO_EUR,NSA,S13,P2,CZ,2008-Q2,2671.7
Q,MIO_EUR,NSA,S13,P2,CZ,2008-Q3,2646.6
Q,MIO_EUR,NSA,S13,P2,CZ,2008-Q4,3722.7
Q,MIO_EUR,NSA,S13,P2,CZ,2009-Q1,2063.9
Q,MIO_EUR,NSA,S13,P2,CZ,2009-Q2,2595.5
Q,MIO_EUR,NSA,S13,P2,CZ,2009-Q3,2619.8
Q,MIO_EUR,NSA,S13,P2,CZ,2009-Q4,3821.9
Q,MIO_EUR,NSA,S13,P2,CZ,2010-Q1,2219
Q,MIO_EUR,NSA,S13,P2,CZ,2010-Q2,2685.2
Q,MIO_EUR,NSA,S13,P2,CZ,2010-Q3,2703.9
Q,MIO_EUR,NSA,S13,P2,CZ,2010-Q4,3888.1
Q,MIO_EUR,NSA,S13,P2,CZ,2011-Q1,2345.6
Q,MIO_EUR,NSA,S13,P2,CZ,2011-Q2,2743.4
Q,MIO_EUR,NSA,S13,P2,CZ,2011-Q3,2622.6
Q,MIO_EUR,NSA,S13,P2,CZ,2011-Q4,3688.4
Q,MIO_EUR,NSA,S13,P2,CZ,2012-Q1,2124.3
Q,MIO_EUR,NSA,S13,P2,CZ,2012-Q2,2410.5
Q,MIO_EUR,NSA,S13,P2,CZ,2012-Q3,2336.2
Q,MIO_EUR,NSA,S13,P2,CZ,2012-Q4,3435.4
Q,MIO_EUR,NSA,S13,P2,CZ,2013-Q1,2108.4
Q,MIO_EUR,NSA,S13,P2,CZ,2013-Q2,2403.9
Q,MIO_EUR,NSA,S13,P2,CZ,2013-Q3,2445.5
Q,MIO_EUR,NSA,S13,P2,CZ,2013-Q4,3402.8
Q,MIO_EUR,NSA,S13,P2,CZ,2014-Q1,1937.9
Q,MIO_EUR,NSA,S13,P2,CZ,2014-Q2,2345
Q,MIO_EUR,NSA,S13,P2,CZ,2014-Q3,2260.5
Q,MIO_EUR,NSA,S13,P2,CZ,2014-Q4,3404.3
Q,MIO_EUR,NSA,S13,P2,CZ,2015-Q1,1933.6
Q,MIO_EUR,NSA,S13,P2,CZ,2015-Q2,2409.7
Q,MIO_EUR,NSA,S13,P2,CZ,2015-Q3,2466.7
Q,MIO_EUR,NSA,S13,P2,CZ,2015-Q4,3597.5
Q,MIO_EUR,NSA,S13,P2,CZ,2016-Q1,2100.3
Q,MIO_EUR,NSA,S13,P2,CZ,2016-Q2,2596.3
Q,MIO_EUR,NSA,S13,P2,CZ,2016-Q3,2506
Q,MIO_EUR,NSA,S13,P2,CZ,2016-Q4,3579.2
Q,MIO_EUR,NSA,S13,P2,CZ,2017-Q1,2176.6
Q,MIO_EUR,NSA,S13,P2,CZ,2017-Q2,2680
Q,MIO_EUR,NSA,S13,P2,CZ,2017-Q3,2630.5
Q,MIO_EUR,NSA,S13,P2,CZ,2017-Q4,3817.1
Q,MIO_EUR,NSA,S13,P2,CZ,2018-Q1,2463.7
Q,MIO_EUR,NSA,S13,P2,CZ,2018-Q2,2955.6
Q,MIO_EUR,NSA,S13,P2,CZ,2018-Q3,3014.3
Q,MIO_EUR,NSA,S13,P2,CZ,2018-Q4,4198
Q,MIO_EUR,NSA,S13,P2,CZ,2019-Q1,2568.4
Q,MIO_EUR,NSA,S13,P2,CZ,2019-Q2,3155.5
Q,MIO_EUR,NSA,S13,P2,CZ,2019-Q3,3244
Q,MIO_EUR,NSA,S13,P2,CZ,2019-Q4,4246.9
Q,MIO_EUR,NSA,S13,P2,CZ,2020-Q1,2826.3
Q,MIO_EUR,NSA,S13,P2,CZ,2020-Q2,2942.8
Q,MIO_EUR,NSA,S13,P2,CZ,2020-Q3,2962.9
Q,MIO_EUR,NSA,S13,P2,CZ,2020-Q4,4334.3
Q,MIO_EUR,NSA,S13,P2,CZ,2021-Q1,2570.9
Q,MIO_EUR,NSA,S13,P2,CZ,2021-Q2,3184.1
Q,MIO_EUR,NSA,S13,P2,CZ,2021-Q3,3263.1
Q,MIO_EUR,NSA,S13,P2,CZ,2021-Q4,4826
Q,MIO_EUR,NSA,S13,P2,CZ,2022-Q1,3067.4
Q,MIO_EUR,NSA,S13,P2,CZ,2022-Q2,3727.6
Q,MIO_EUR,NSA,S13,P2,CZ,2022-Q3,3843.6
Q,MIO_EUR,NSA,S13,P2,CZ,2022-Q4,5422.4
Q,MIO_EUR,NSA,S13,P2,CZ,2023-Q1,3730.3
Q,MIO_EUR,NSA,S13,P2,CZ,2023-Q2,4281.4
Q,MIO_EUR,NSA,S13,P2,CZ,2023-Q3,4016.7
Q,MIO_EUR,NSA,S13,P2,CZ,2023-Q4,5868.8
Q,MIO_EUR,NSA,S13,P2,CZ,2024-Q1,3680.2
Q,MIO_EUR,NSA,S13,P2,CZ,2024-Q2,4406.1
Q,MIO_EUR,NSA,S13,P2,CZ,2024-Q3,4409.5
Q,MIO_EUR,NSA,S13,P2,CZ,2024-Q4,6212.1
Q,MIO_EUR,NSA,S13,P2,CZ,2025-Q1,3919.5
Q,MIO_EUR,NSA,S13,P2,CZ,2025-Q2,4663.5
Q,MIO_EUR,NSA,S13,P2,CZ,2025-Q3,4783.9
Q,MIO_EUR,NSA,S13,P2,CZ,2025-Q4,6641
Q,MIO_EUR,NSA,S13,P2,CZ,2026-Q1,4115.8
Q,MIO_EUR,NSA,S13,P2,DK,1995-Q1,
Q,MIO_EUR,NSA,S13,P2,DK,1995-Q2,
Q,MIO_EUR,NSA,S13,P2,DK,1995-Q3,
Q,MIO_EUR,NSA,S13,P2,DK,1995-Q4,
Q,MIO_EUR,NSA,S13,P2,DK,1996-Q1,
Q,MIO_EUR,NSA,S13,P2,DK,1996-Q2,
Q,MIO_EUR,NSA,S13,P2,DK,1996-Q3,
Q,MIO_EUR,NSA,S13,P2,DK,1996-Q4,
Q,MIO_EUR,NSA,S13,P2,DK,1997-Q1,
Q,MIO_EUR,NSA,S13,P2,DK,1997-Q2,
Q,MIO_EUR,NSA,S13,P2,DK,1997-Q3,
Q,MIO_EUR,NSA,S13,P2,DK,1997-Q4,
Q,MIO_EUR,NSA,S13,P2,DK,1998-Q1,
Q,MIO_EUR,NSA,S13,P2,DK,1998-Q2,
Q,MIO_EUR,NSA,S13,P2,DK,1998-Q3,
Q,MIO_EUR,NSA,S13,P2,DK,1998-Q4,
Q,MIO_EUR,NSA,S13,P2,DK,1999-Q1,3053.7
Q,MIO_EUR,NSA,S13,P2,DK,1999-Q2,3084.3
Q,MIO_EUR,NSA,S13,P2,DK,1999-Q3,2984.2
Q,MIO_EUR,NSA,S13,P2,DK,1999-Q4,3376.3
Q,MIO_EUR,NSA,S13,P2,DK,2000-Q1,3185.5
Q,MIO_EUR,NSA,S13,P2,DK,2000-Q2,3254.1
Q,MIO_EUR,NSA,S13,P2,DK,2000-Q3,3336.4
Q,MIO_EUR,NSA,S13,P2,DK,2000-Q4,3587.3
Q,MIO_EUR,NSA,S13,P2,DK,2001-Q1,3360.1
Q,MIO_EUR,NSA,S13,P2,DK,2001-Q2,3496.1
Q,MIO_EUR,NSA,S13,P2,DK,2001-Q3,3549
Q,MIO_EUR,NSA,S13,P2,DK,2001-Q4,4008
Q,MIO_EUR,NSA,S13,P2,DK,2002-Q1,3547.4
Q,MIO_EUR,NSA,S13,P2,DK,2002-Q2,3701.1
Q,MIO_EUR,NSA,S13,P2,DK,2002-Q3,3736.2
Q,MIO_EUR,NSA,S13,P2,DK,2002-Q4,4134.8
Q,MIO_EUR,NSA,S13,P2,DK,2003-Q1,3696.8
Q,MIO_EUR,NSA,S13,P2,DK,2003-Q2,3755
Q,MIO_EUR,NSA,S13,P2,DK,2003-Q3,3711.5
Q,MIO_EUR,NSA,S13,P2,DK,2003-Q4,4085.5
Q,MIO_EUR,NSA,S13,P2,DK,2004-Q1,3826.4
Q,MIO_EUR,NSA,S13,P2,DK,2004-Q2,3892
Q,MIO_EUR,NSA,S13,P2,DK,2004-Q3,3979.1
Q,MIO_EUR,NSA,S13,P2,DK,2004-Q4,4530.5
Q,MIO_EUR,NSA,S13,P2,DK,2005-Q1,4171.7
Q,MIO_EUR,NSA,S13,P2,DK,2005-Q2,4205.9
Q,MIO_EUR,NSA,S13,P2,DK,2005-Q3,4260
Q,MIO_EUR,NSA,S13,P2,DK,2005-Q4,4727.1
Q,MIO_EUR,NSA,S13,P2,DK,2006-Q1,4528.1
Q,MIO_EUR,NSA,S13,P2,DK,2006-Q2,4427
Q,MIO_EUR,NSA,S13,P2,DK,2006-Q3,4447.4
Q,MIO_EUR,NSA,S13,P2,DK,2006-Q4,4904.9
Q,MIO_EUR,NSA,S13,P2,DK,2007-Q1,4616.3
Q,MIO_EUR,NSA,S13,P2,DK,2007-Q2,4432.1
Q,MIO_EUR,NSA,S13,P2,DK,2007-Q3,4509.4
Q,MIO_EUR,NSA,S13,P2,DK,2007-Q4,5234.6
Q,MIO_EUR,NSA,S13,P2,DK,2008-Q1,4646
Q,MIO_EUR,NSA,S13,P2,DK,2008-Q2,5148.3
Q,MIO_EUR,NSA,S13,P2,DK,2008-Q3,5221
Q,MIO_EUR,NSA,S13,P2,DK,2008-Q4,5763.4
Q,MIO_EUR,NSA,S13,P2,DK,2009-Q1,5443.4
Q,MIO_EUR,NSA,S13,P2,DK,2009-Q2,5550
Q,MIO_EUR,NSA,S13,P2,DK,2009-Q3,5485.2
Q,MIO_EUR,NSA,S13,P2,DK,2009-Q4,5945.6
Q,MIO_EUR,NSA,S13,P2,DK,2010-Q1,5474.7
Q,MIO_EUR,NSA,S13,P2,DK,2010-Q2,5721.1
Q,MIO_EUR,NSA,S13,P2,DK,2010-Q3,5597.1
Q,MIO_EUR,NSA,S13,P2,DK,2010-Q4,6201.1
Q,MIO_EUR,NSA,S13,P2,DK,2011-Q1,5420.7
Q,MIO_EUR,NSA,S13,P2,DK,2011-Q2,5715
Q,MIO_EUR,NSA,S13,P2,DK,2011-Q3,5532.8
Q,MIO_EUR,NSA,S13,P2,DK,2011-Q4,6208.3
Q,MIO_EUR,NSA,S13,P2,DK,2012-Q1,5515.6
Q,MIO_EUR,NSA,S13,P2,DK,2012-Q2,5848.1
Q,MIO_EUR,NSA,S13,P2,DK,2012-Q3,5845.2
Q,MIO_EUR,NSA,S13,P2,DK,2012-Q4,6743.2
Q,MIO_EUR,NSA,S13,P2,DK,2013-Q1,5444.8
Q,MIO_EUR,NSA,S13,P2,DK,2013-Q2,5888.1
Q,MIO_EUR,NSA,S13,P2,DK,2013-Q3,5918.1
Q,MIO_EUR,NSA,S13,P2,DK,2013-Q4,6675.6
Q,MIO_EUR,NSA,S13,P2,DK,2014-Q1,5592.3
Q,MIO_EUR,NSA,S13,P2,DK,2014-Q2,5914.1
Q,MIO_EUR,NSA,S13,P2,DK,2014-Q3,6110.8
Q,MIO_EUR,NSA,S13,P2,DK,2014-Q4,6704.8
Q,MIO_EUR,NSA,S13,P2,DK,2015-Q1,5803
Q,MIO_EUR,NSA,S13,P2,DK,2015-Q2,6084.2
Q,MIO_EUR,NSA,S13,P2,DK,2015-Q3,6097.4
Q,MIO_EUR,NSA,S13,P2,DK,2015-Q4,6561.3
Q,MIO_EUR,NSA,S13,P2,DK,2016-Q1,5769.2
Q,MIO_EUR,NSA,S13,P2,DK,2016-Q2,6327
Q,MIO_EUR,NSA,S13,P2,DK,2016-Q3,6310.3
Q,MIO_EUR,NSA,S13,P2,DK,2016-Q4,6582.8
Q,MIO_EUR,NSA,S13,P2,DK,2017-Q1,5949.9
Q,MIO_EUR,NSA,S13,P2,DK,2017-Q2,6421
Q,MIO_EUR,NSA,S13,P2,DK,2017-Q3,6385.5
Q,MIO_EUR,NSA,S13,P2,DK,2017-Q4,6966.4
Q,MIO_EUR,NSA,S13,P2,DK,2018-Q1,6045.2
Q,MIO_EUR,NSA,S13,P2,DK,2018-Q2,6585.5
Q,MIO_EUR,NSA,S13,P2,DK,2018-Q3,6400.6
Q,MIO_EUR,NSA,S13,P2,DK,2018-Q4,7223.3
Q,MIO_EUR,NSA,S13,P2,DK,2019-Q1,6009.5
Q,MIO_EUR,NSA,S13,P2,DK,2019-Q2,6492.3
Q,MIO_EUR,NSA,S13,P2,DK,2019-Q3,6453.8
Q,MIO_EUR,NSA,S13,P2,DK,2019-Q4,7440.9
Q,MIO_EUR,NSA,S13,P2,DK,2020-Q1,6220.2
Q,MIO_EUR,NSA,S13,P2,DK,2020-Q2,6598.5
Q,MIO_EUR,NSA,S13,P2,DK,2020-Q3,6492.7
Q,MIO_EUR,NSA,S13,P2,DK,2020-Q4,8348.4
Q,MIO_EUR,NSA,S13,P2,DK,2021-Q1,6451.2
Q,MIO_EUR,NSA,S13,P2,DK,2021-Q2,7409.5
Q,MIO_EUR,NSA,S13,P2,DK,2021-Q3,6778.9
Q,MIO_EUR,NSA,S13,P2,DK,2021-Q4,8787.5
Q,MIO_EUR,NSA,S13,P2,DK,2022-Q1,6864.3
Q,MIO_EUR,NSA,S13,P2,DK,2022-Q2,7317.4
Q,MIO_EUR,NSA,S13,P2,DK,2022-Q3,7287.5
Q,MIO_EUR,NSA,S13,P2,DK,2022-Q4,8889.8
Q,MIO_EUR,NSA,S13,P2,DK,2023-Q1,6689
Q,MIO_EUR,NSA,S13,P2,DK,2023-Q2,7748.7
Q,MIO_EUR,NSA,S13,P2,DK,2023-Q3,7337.1
Q,MIO_EUR,NSA,S13,P2,DK,2023-Q4,8829.8
Q,MIO_EUR,NSA,S13,P2,DK,2024-Q1,7206.7
Q,MIO_EUR,NSA,S13,P2,DK,2024-Q2,8106
Q,MIO_EUR,NSA,S13,P2,DK,2024-Q3,7719
Q,MIO_EUR,NSA,S13,P2,DK,2024-Q4,9634.4
Q,MIO_EUR,NSA,S13,P2,DK,2025-Q1,7553.3
Q,MIO_EUR,NSA,S13,P2,DK,2025-Q2,8325
Q,MIO_EUR,NSA,S13,P2,DK,2025-Q3,8159.6
Q,MIO_EUR,NSA,S13,P2,DK,2025-Q4,11252.2
Q,MIO_EUR,NSA,S13,P2,DK,2026-Q1,7944.8
Q,MIO_EUR,NSA,S13,P2,DE,1995-Q1,
Q,MIO_EUR,NSA,S13,P2,DE,1995-Q2,
Q,MIO_EUR,NSA,S13,P2,DE,1995-Q3,
Q,MIO_EUR,NSA,S13,P2,DE,1995-Q4,
Q,MIO_EUR,NSA,S13,P2,DE,1996-Q1,
Q,MIO_EUR,NSA,S13,P2,DE,1996-Q2,
Q,MIO_EUR,NSA,S13,P2,DE,1996-Q3,
Q,MIO_EUR,NSA,S13,P2,DE,1996-Q4,
Q,MIO_EUR,NSA,S13,P2,DE,1997-Q1,
Q,MIO_EUR,NSA,S13,P2,DE,1997-Q2,
Q,MIO_EUR,NSA,S13,P2,DE,1997-Q3,
Q,MIO_EUR,NSA,S13,P2,DE,1997-Q4,
Q,MIO_EUR,NSA,S13,P2,DE,1998-Q1,
Q,MIO_EUR,NSA,S13,P2,DE,1998-Q2,
Q,MIO_EUR,NSA,S13,P2,DE,1998-Q3,
Q,MIO_EUR,NSA,S13,P2,DE,1998-Q4,
Q,MIO_EUR,NSA,S13,P2,DE,1999-Q1,
Q,MIO_EUR,NSA,S13,P2,DE,1999-Q2,
Q,MIO_EUR,NSA,S13,P2,DE,1999-Q3,
Q,MIO_EUR,NSA,S13,P2,DE,1999-Q4,
Q,MIO_EUR,NSA,S13,P2,DE,2000-Q1,
Q,MIO_EUR,NSA,S13,P2,DE,2000-Q2,
Q,MIO_EUR,NSA,S13,P2,DE,2000-Q3,
Q,MIO_EUR,NSA,S13,P2,DE,2000-Q4,
Q,MIO_EUR,NSA,S13,P2,DE,2001-Q1,
Q,MIO_EUR,NSA,S13,P2,DE,2001-Q2,
Q,MIO_EUR,NSA,S13,P2,DE,2001-Q3,
Q,MIO_EUR,NSA,S13,P2,DE,2001-Q4,
Q,MIO_EUR,NSA,S13,P2,DE,2002-Q1,22404
Q,MIO_EUR,NSA,S13,P2,DE,2002-Q2,22726
Q,MIO_EUR,NSA,S13,P2,DE,2002-Q3,23963
Q,MIO_EUR,NSA,S13,P2,DE,2002-Q4,29359
Q,MIO_EUR,NSA,S13,P2,DE,2003-Q1,22121
Q,MIO_EUR,NSA,S13,P2,DE,2003-Q2,22931
Q,MIO_EUR,NSA,S13,P2,DE,2003-Q3,23947
Q,MIO_EUR,NSA,S13,P2,DE,2003-Q4,28292
Q,MIO_EUR,NSA,S13,P2,DE,2004-Q1,23044
Q,MIO_EUR,NSA,S13,P2,DE,2004-Q2,23084
Q,MIO_EUR,NSA,S13,P2,DE,2004-Q3,23968
Q,MIO_EUR,NSA,S13,P2,DE,2004-Q4,28834
Q,MIO_EUR,NSA,S13,P2,DE,2005-Q1,23044
Q,MIO_EUR,NSA,S13,P2,DE,2005-Q2,24389
Q,MIO_EUR,NSA,S13,P2,DE,2005-Q3,25026
Q,MIO_EUR,NSA,S13,P2,DE,2005-Q4,29980
Q,MIO_EUR,NSA,S13,P2,DE,2006-Q1,25024
Q,MIO_EUR,NSA,S13,P2,DE,2006-Q2,24999
Q,MIO_EUR,NSA,S13,P2,DE,2006-Q3,25587
Q,MIO_EUR,NSA,S13,P2,DE,2006-Q4,31277
Q,MIO_EUR,NSA,S13,P2,DE,2007-Q1,25907
Q,MIO_EUR,NSA,S13,P2,DE,2007-Q2,26054
Q,MIO_EUR,NSA,S13,P2,DE,2007-Q3,26875
Q,MIO_EUR,NSA,S13,P2,DE,2007-Q4,32793
Q,MIO_EUR,NSA,S13,P2,DE,2008-Q1,27164
Q,MIO_EUR,NSA,S13,P2,DE,2008-Q2,28312
Q,MIO_EUR,NSA,S13,P2,DE,2008-Q3,28626
Q,MIO_EUR,NSA,S13,P2,DE,2008-Q4,34908
Q,MIO_EUR,NSA,S13,P2,DE,2009-Q1,29058
Q,MIO_EUR,NSA,S13,P2,DE,2009-Q2,29692
Q,MIO_EUR,NSA,S13,P2,DE,2009-Q3,31821
Q,MIO_EUR,NSA,S13,P2,DE,2009-Q4,36455
Q,MIO_EUR,NSA,S13,P2,DE,2010-Q1,30671
Q,MIO_EUR,NSA,S13,P2,DE,2010-Q2,31246
Q,MIO_EUR,NSA,S13,P2,DE,2010-Q3,32786
Q,MIO_EUR,NSA,S13,P2,DE,2010-Q4,40138
Q,MIO_EUR,NSA,S13,P2,DE,2011-Q1,31827
Q,MIO_EUR,NSA,S13,P2,DE,2011-Q2,33036
Q,MIO_EUR,NSA,S13,P2,DE,2011-Q3,35347
Q,MIO_EUR,NSA,S13,P2,DE,2011-Q4,41211
Q,MIO_EUR,NSA,S13,P2,DE,2012-Q1,33158
Q,MIO_EUR,NSA,S13,P2,DE,2012-Q2,34137
Q,MIO_EUR,NSA,S13,P2,DE,2012-Q3,35749
Q,MIO_EUR,NSA,S13,P2,DE,2012-Q4,42455
Q,MIO_EUR,NSA,S13,P2,DE,2013-Q1,34598
Q,MIO_EUR,NSA,S13,P2,DE,2013-Q2,35803
Q,MIO_EUR,NSA,S13,P2,DE,2013-Q3,37338
Q,MIO_EUR,NSA,S13,P2,DE,2013-Q4,44117
Q,MIO_EUR,NSA,S13,P2,DE,2014-Q1,35814
Q,MIO_EUR,NSA,S13,P2,DE,2014-Q2,37139
Q,MIO_EUR,NSA,S13,P2,DE,2014-Q3,38481
Q,MIO_EUR,NSA,S13,P2,DE,2014-Q4,45646
Q,MIO_EUR,NSA,S13,P2,DE,2015-Q1,36779
Q,MIO_EUR,NSA,S13,P2,DE,2015-Q2,38563
Q,MIO_EUR,NSA,S13,P2,DE,2015-Q3,40091
Q,MIO_EUR,NSA,S13,P2,DE,2015-Q4,48259
Q,MIO_EUR,NSA,S13,P2,DE,2016-Q1,39445
Q,MIO_EUR,NSA,S13,P2,DE,2016-Q2,41555
Q,MIO_EUR,NSA,S13,P2,DE,2016-Q3,42710
Q,MIO_EUR,NSA,S13,P2,DE,2016-Q4,49962
Q,MIO_EUR,NSA,S13,P2,DE,2017-Q1,41922
Q,MIO_EUR,NSA,S13,P2,DE,2017-Q2,42587
Q,MIO_EUR,NSA,S13,P2,DE,2017-Q3,44131
Q,MIO_EUR,NSA,S13,P2,DE,2017-Q4,52414
Q,MIO_EUR,NSA,S13,P2,DE,2018-Q1,42464
Q,MIO_EUR,NSA,S13,P2,DE,2018-Q2,44665
Q,MIO_EUR,NSA,S13,P2,DE,2018-Q3,45748
Q,MIO_EUR,NSA,S13,P2,DE,2018-Q4,55296
Q,MIO_EUR,NSA,S13,P2,DE,2019-Q1,45003
Q,MIO_EUR,NSA,S13,P2,DE,2019-Q2,46708
Q,MIO_EUR,NSA,S13,P2,DE,2019-Q3,49856
Q,MIO_EUR,NSA,S13,P2,DE,2019-Q4,57931
Q,MIO_EUR,NSA,S13,P2,DE,2020-Q1,49550
Q,MIO_EUR,NSA,S13,P2,DE,2020-Q2,55674
Q,MIO_EUR,NSA,S13,P2,DE,2020-Q3,54376
Q,MIO_EUR,NSA,S13,P2,DE,2020-Q4,67280
Q,MIO_EUR,NSA,S13,P2,DE,2021-Q1,56262
Q,MIO_EUR,NSA,S13,P2,DE,2021-Q2,57612
Q,MIO_EUR,NSA,S13,P2,DE,2021-Q3,59188
Q,MIO_EUR,NSA,S13,P2,DE,2021-Q4,70670
Q,MIO_EUR,NSA,S13,P2,DE,2022-Q1,58874
Q,MIO_EUR,NSA,S13,P2,DE,2022-Q2,60275
Q,MIO_EUR,NSA,S13,P2,DE,2022-Q3,61916
Q,MIO_EUR,NSA,S13,P2,DE,2022-Q4,76036
Q,MIO_EUR,NSA,S13,P2,DE,2023-Q1,60802
Q,MIO_EUR,NSA,S13,P2,DE,2023-Q2,61873
Q,MIO_EUR,NSA,S13,P2,DE,2023-Q3,64512
Q,MIO_EUR,NSA,S13,P2,DE,2023-Q4,78654
Q,MIO_EUR,NSA,S13,P2,DE,2024-Q1,60903
Q,MIO_EUR,NSA,S13,P2,DE,2024-Q2,66788
Q,MIO_EUR,NSA,S13,P2,DE,2024-Q3,69209
Q,MIO_EUR,NSA,S13,P2,DE,2024-Q4,83493
Q,MIO_EUR,NSA,S13,P2,DE,2025-Q1,64434
Q,MIO_EUR,NSA,S13,P2,DE,2025-Q2,67553
Q,MIO_EUR,NSA,S13,P2,DE,2025-Q3,69975
Q,MIO_EUR,NSA,S13,P2,DE,2025-Q4,86933
Q,MIO_EUR,NSA,S13,P2,DE,2026-Q1,68598
Q,MIO_EUR,NSA,S13,P2,EE,1995-Q1,
Q,MIO_EUR,NSA,S13,P2,EE,1995-Q2,
Q,MIO_EUR,NSA,S13,P2,EE,1995-Q3,
Q,MIO_EUR,NSA,S13,P2,EE,1995-Q4,
Q,MIO_EUR,NSA,S13,P2,EE,1996-Q1,
Q,MIO_EUR,NSA,S13,P2,EE,1996-Q2,
Q,MIO_EUR,NSA,S13,P2,EE,1996-Q3,
Q,MIO_EUR,NSA,S13,P2,EE,1996-Q4,
Q,MIO_EUR,NSA,S13,P2,EE,1997-Q1,
Q,MIO_EUR,NSA,S13,P2,EE,1997-Q2,
Q,MIO_EUR,NSA,S13,P2,EE,1997-Q3,
Q,MIO_EUR,NSA,S13,P2,EE,1997-Q4,
Q,MIO_EUR,NSA,S13,P2,EE,1998-Q1,
Q,MIO_EUR,NSA,S13,P2,EE,1998-Q2,
Q,MIO_EUR,NSA,S13,P2,EE,1998-Q3,
Q,MIO_EUR,NSA,S13,P2,EE,1998-Q4,
Q,MIO_EUR,NSA,S13,P2,EE,1999-Q1,
Q,MIO_EUR,NSA,S13,P2,EE,1999-Q2,
Q,MIO_EUR,NSA,S13,P2,EE,1999-Q3,
Q,MIO_EUR,NSA,S13,P2,EE,1999-Q4,
Q,MIO_EUR,NSA,S13,P2,EE,2000-Q1,
Q,MIO_EUR,NSA,S13,P2,EE,2000-Q2,
Q,MIO_EUR,NSA,S13,P2,EE,2000-Q3,
Q,MIO_EUR,NSA,S13,P2,EE,2000-Q4,
Q,MIO_EUR,NSA,S13,P2,EE,2001-Q1,
Q,MIO_EUR,NSA,S13,P2,EE,2001-Q2,
Q,MIO_EUR,NSA,S13,P2,EE,2001-Q3,
Q,MIO_EUR,NSA,S13,P2,EE,2001-Q4,
Q,MIO_EUR,NSA,S13,P2,EE,2002-Q1,126.5
Q,MIO_EUR,NSA,S13,P2,EE,2002-Q2,137.9
Q,MIO_EUR,NSA,S13,P2,EE,2002-Q3,129.4
Q,MIO_EUR,NSA,S13,P2,EE,2002-Q4,169.8
Q,MIO_EUR,NSA,S13,P2,EE,2003-Q1,157.4
Q,MIO_EUR,NSA,S13,P2,EE,2003-Q2,159.4
Q,MIO_EUR,NSA,S13,P2,EE,2003-Q3,134.7
Q,MIO_EUR,NSA,S13,P2,EE,2003-Q4,185.4
Q,MIO_EUR,NSA,S13,P2,EE,2004-Q1,152.1
Q,MIO_EUR,NSA,S13,P2,EE,2004-Q2,155.8
Q,MIO_EUR,NSA,S13,P2,EE,2004-Q3,144.3
Q,MIO_EUR,NSA,S13,P2,EE,2004-Q4,196.9
Q,MIO_EUR,NSA,S13,P2,EE,2005-Q1,163.9
Q,MIO_EUR,NSA,S13,P2,EE,2005-Q2,175
Q,MIO_EUR,NSA,S13,P2,EE,2005-Q3,162.9
Q,MIO_EUR,NSA,S13,P2,EE,2005-Q4,229.8
Q,MIO_EUR,NSA,S13,P2,EE,2006-Q1,195.1
Q,MIO_EUR,NSA,S13,P2,EE,2006-Q2,203.9
Q,MIO_EUR,NSA,S13,P2,EE,2006-Q3,182.9
Q,MIO_EUR,NSA,S13,P2,EE,2006-Q4,247
Q,MIO_EUR,NSA,S13,P2,EE,2007-Q1,216.6
Q,MIO_EUR,NSA,S13,P2,EE,2007-Q2,227.3
Q,MIO_EUR,NSA,S13,P2,EE,2007-Q3,205.2
Q,MIO_EUR,NSA,S13,P2,EE,2007-Q4,288.1
Q,MIO_EUR,NSA,S13,P2,EE,2008-Q1,247.9
Q,MIO_EUR,NSA,S13,P2,EE,2008-Q2,264.8
Q,MIO_EUR,NSA,S13,P2,EE,2008-Q3,233.2
Q,MIO_EUR,NSA,S13,P2,EE,2008-Q4,317.5
Q,MIO_EUR,NSA,S13,P2,EE,2009-Q1,246.3
Q,MIO_EUR,NSA,S13,P2,EE,2009-Q2,232.5
Q,MIO_EUR,NSA,S13,P2,EE,2009-Q3,193.5
Q,MIO_EUR,NSA,S13,P2,EE,2009-Q4,288.8
Q,MIO_EUR,NSA,S13,P2,EE,2010-Q1,249.5
Q,MIO_EUR,NSA,S13,P2,EE,2010-Q2,236.2
Q,MIO_EUR,NSA,S13,P2,EE,2010-Q3,205.3
Q,MIO_EUR,NSA,S13,P2,EE,2010-Q4,309.4
Q,MIO_EUR,NSA,S13,P2,EE,2011-Q1,271.9
Q,MIO_EUR,NSA,S13,P2,EE,2011-Q2,254.7
Q,MIO_EUR,NSA,S13,P2,EE,2011-Q3,232.4
Q,MIO_EUR,NSA,S13,P2,EE,2011-Q4,324.2
Q,MIO_EUR,NSA,S13,P2,EE,2012-Q1,293.3
Q,MIO_EUR,NSA,S13,P2,EE,2012-Q2,287.6
Q,MIO_EUR,NSA,S13,P2,EE,2012-Q3,242.5
Q,MIO_EUR,NSA,S13,P2,EE,2012-Q4,349.5
Q,MIO_EUR,NSA,S13,P2,EE,2013-Q1,313.2
Q,MIO_EUR,NSA,S13,P2,EE,2013-Q2,307.6
Q,MIO_EUR,NSA,S13,P2,EE,2013-Q3,263.7
Q,MIO_EUR,NSA,S13,P2,EE,2013-Q4,352.4
Q,MIO_EUR,NSA,S13,P2,EE,2014-Q1,320.5
Q,MIO_EUR,NSA,S13,P2,EE,2014-Q2,320
Q,MIO_EUR,NSA,S13,P2,EE,2014-Q3,281.3
Q,MIO_EUR,NSA,S13,P2,EE,2014-Q4,391.8
Q,MIO_EUR,NSA,S13,P2,EE,2015-Q1,332.3
Q,MIO_EUR,NSA,S13,P2,EE,2015-Q2,333
Q,MIO_EUR,NSA,S13,P2,EE,2015-Q3,299.2
Q,MIO_EUR,NSA,S13,P2,EE,2015-Q4,407.2
Q,MIO_EUR,NSA,S13,P2,EE,2016-Q1,338.1
Q,MIO_EUR,NSA,S13,P2,EE,2016-Q2,362.4
Q,MIO_EUR,NSA,S13,P2,EE,2016-Q3,325
Q,MIO_EUR,NSA,S13,P2,EE,2016-Q4,443
Q,MIO_EUR,NSA,S13,P2,EE,2017-Q1,363.5
Q,MIO_EUR,NSA,S13,P2,EE,2017-Q2,380.6
Q,MIO_EUR,NSA,S13,P2,EE,2017-Q3,349.4
Q,MIO_EUR,NSA,S13,P2,EE,2017-Q4,478.8
Q,MIO_EUR,NSA,S13,P2,EE,2018-Q1,383.9
Q,MIO_EUR,NSA,S13,P2,EE,2018-Q2,393.5
Q,MIO_EUR,NSA,S13,P2,EE,2018-Q3,359.6
Q,MIO_EUR,NSA,S13,P2,EE,2018-Q4,527
Q,MIO_EUR,NSA,S13,P2,EE,2019-Q1,457.3
Q,MIO_EUR,NSA,S13,P2,EE,2019-Q2,418.4
Q,MIO_EUR,NSA,S13,P2,EE,2019-Q3,390.1
Q,MIO_EUR,NSA,S13,P2,EE,2019-Q4,571.8
Q,MIO_EUR,NSA,S13,P2,EE,2020-Q1,426.2
Q,MIO_EUR,NSA,S13,P2,EE,2020-Q2,369.7
Q,MIO_EUR,NSA,S13,P2,EE,2020-Q3,403.7
Q,MIO_EUR,NSA,S13,P2,EE,2020-Q4,556.3
Q,MIO_EUR,NSA,S13,P2,EE,2021-Q1,443.2
Q,MIO_EUR,NSA,S13,P2,EE,2021-Q2,425
Q,MIO_EUR,NSA,S13,P2,EE,2021-Q3,452.7
Q,MIO_EUR,NSA,S13,P2,EE,2021-Q4,649.1
Q,MIO_EUR,NSA,S13,P2,EE,2022-Q1,508.8
Q,MIO_EUR,NSA,S13,P2,EE,2022-Q2,522.8
Q,MIO_EUR,NSA,S13,P2,EE,2022-Q3,531.7
Q,MIO_EUR,NSA,S13,P2,EE,2022-Q4,706.5
Q,MIO_EUR,NSA,S13,P2,EE,2023-Q1,587.7
Q,MIO_EUR,NSA,S13,P2,EE,2023-Q2,541.5
Q,MIO_EUR,NSA,S13,P2,EE,2023-Q3,566.4
Q,MIO_EUR,NSA,S13,P2,EE,2023-Q4,763.9
Q,MIO_EUR,NSA,S13,P2,EE,2024-Q1,597.8
Q,MIO_EUR,NSA,S13,P2,EE,2024-Q2,594.6
Q,MIO_EUR,NSA,S13,P2,EE,2024-Q3,555.3
Q,MIO_EUR,NSA,S13,P2,EE,2024-Q4,752.6
Q,MIO_EUR,NSA,S13,P2,EE,2025-Q1,620.7
Q,MIO_EUR,NSA,S13,P2,EE,2025-Q2,637.2
Q,MIO_EUR,NSA,S13,P2,EE,2025-Q3,590.6
Q,MIO_EUR,NSA,S13,P2,EE,2025-Q4,820.5
Q,MIO_EUR,NSA,S13,P2,EE,2026-Q1,694.9
Q,MIO_EUR,NSA,S13,P2,IE,1995-Q1,
Q,MIO_EUR,NSA,S13,P2,IE,1995-Q2,
Q,MIO_EUR,NSA,S13,P2,IE,1995-Q3,
Q,MIO_EUR,NSA,S13,P2,IE,1995-Q4,
Q,MIO_EUR,NSA,S13,P2,IE,1996-Q1,
Q,MIO_EUR,NSA,S13,P2,IE,1996-Q2,
Q,MIO_EUR,NSA,S13,P2,IE,1996-Q3,
Q,MIO_EUR,NSA,S13,P2,IE,1996-Q4,
Q,MIO_EUR,NSA,S13,P2,IE,1997-Q1,
Q,MIO_EUR,NSA,S13,P2,IE,1997-Q2,
Q,MIO_EUR,NSA,S13,P2,IE,1997-Q3,
Q,MIO_EUR,NSA,S13,P2,IE,1997-Q4,
Q,MIO_EUR,NSA,S13,P2,IE,1998-Q1,
Q,MIO_EUR,NSA,S13,P2,IE,1998-Q2,
Q,MIO_EUR,NSA,S13,P2,IE,1998-Q3,
Q,MIO_EUR,NSA,S13,P2,IE,1998-Q4,
Q,MIO_EUR,NSA,S13,P2,IE,1999-Q1,
Q,MIO_EUR,NSA,S13,P2,IE,1999-Q2,
Q,MIO_EUR,NSA,S13,P2,IE,1999-Q3,
Q,MIO_EUR,NSA,S13,P2,IE,1999-Q4,
Q,MIO_EUR,NSA,S13,P2,IE,2000-Q1,
Q,MIO_EUR,NSA,S13,P2,IE,2000-Q2,
Q,MIO_EUR,NSA,S13,P2,IE,2000-Q3,
Q,MIO_EUR,NSA,S13,P2,IE,2000-Q4,
Q,MIO_EUR,NSA,S13,P2,IE,2001-Q1,
Q,MIO_EUR,NSA,S13,P2,IE,2001-Q2,
Q,MIO_EUR,NSA,S13,P2,IE,2001-Q3,
Q,MIO_EUR,NSA,S13,P2,IE,2001-Q4,
Q,MIO_EUR,NSA,S13,P2,IE,2002-Q1,1613.3
Q,MIO_EUR,NSA,S13,P2,IE,2002-Q2,1722.1
Q,MIO_EUR,NSA,S13,P2,IE,2002-Q3,1839.6
Q,MIO_EUR,NSA,S13,P2,IE,2002-Q4,2046.8
Q,MIO_EUR,NSA,S13,P2,IE,2003-Q1,1810.2
Q,MIO_EUR,NSA,S13,P2,IE,2003-Q2,1834.4
Q,MIO_EUR,NSA,S13,P2,IE,2003-Q3,1907.9
Q,MIO_EUR,NSA,S13,P2,IE,2003-Q4,2081.8
Q,MIO_EUR,NSA,S13,P2,IE,2004-Q1,1585.1
Q,MIO_EUR,NSA,S13,P2,IE,2004-Q2,2035.9
Q,MIO_EUR,NSA,S13,P2,IE,2004-Q3,2187.9
Q,MIO_EUR,NSA,S13,P2,IE,2004-Q4,2327.7
Q,MIO_EUR,NSA,S13,P2,IE,2005-Q1,1798.2
Q,MIO_EUR,NSA,S13,P2,IE,2005-Q2,2044.7
Q,MIO_EUR,NSA,S13,P2,IE,2005-Q3,1966.9
Q,MIO_EUR,NSA,S13,P2,IE,2005-Q4,2085.8
Q,MIO_EUR,NSA,S13,P2,IE,2006-Q1,2054.5
Q,MIO_EUR,NSA,S13,P2,IE,2006-Q2,2153.1
Q,MIO_EUR,NSA,S13,P2,IE,2006-Q3,2227
Q,MIO_EUR,NSA,S13,P2,IE,2006-Q4,2346.4
Q,MIO_EUR,NSA,S13,P2,IE,2007-Q1,2162.2
Q,MIO_EUR,NSA,S13,P2,IE,2007-Q2,2341.2
Q,MIO_EUR,NSA,S13,P2,IE,2007-Q3,2426.2
Q,MIO_EUR,NSA,S13,P2,IE,2007-Q4,2803.6
Q,MIO_EUR,NSA,S13,P2,IE,2008-Q1,2404.4
Q,MIO_EUR,NSA,S13,P2,IE,2008-Q2,2504.1
Q,MIO_EUR,NSA,S13,P2,IE,2008-Q3,2315.9
Q,MIO_EUR,NSA,S13,P2,IE,2008-Q4,2811.3
Q,MIO_EUR,NSA,S13,P2,IE,2009-Q1,2633.1
Q,MIO_EUR,NSA,S13,P2,IE,2009-Q2,2277.9
Q,MIO_EUR,NSA,S13,P2,IE,2009-Q3,2387.1
Q,MIO_EUR,NSA,S13,P2,IE,2009-Q4,2684.3
Q,MIO_EUR,NSA,S13,P2,IE,2010-Q1,2149.9
Q,MIO_EUR,NSA,S13,P2,IE,2010-Q2,1971.1
Q,MIO_EUR,NSA,S13,P2,IE,2010-Q3,1911.7
Q,MIO_EUR,NSA,S13,P2,IE,2010-Q4,3134.7
Q,MIO_EUR,NSA,S13,P2,IE,2011-Q1,2061.7
Q,MIO_EUR,NSA,S13,P2,IE,2011-Q2,2371.8
Q,MIO_EUR,NSA,S13,P2,IE,2011-Q3,2333.6
Q,MIO_EUR,NSA,S13,P2,IE,2011-Q4,2451.1
Q,MIO_EUR,NSA,S13,P2,IE,2012-Q1,1927.2
Q,MIO_EUR,NSA,S13,P2,IE,2012-Q2,2118.6
Q,MIO_EUR,NSA,S13,P2,IE,2012-Q3,2259.1
Q,MIO_EUR,NSA,S13,P2,IE,2012-Q4,2414.4
Q,MIO_EUR,NSA,S13,P2,IE,2013-Q1,1726.2
Q,MIO_EUR,NSA,S13,P2,IE,2013-Q2,2016.5
Q,MIO_EUR,NSA,S13,P2,IE,2013-Q3,2154.3
Q,MIO_EUR,NSA,S13,P2,IE,2013-Q4,2410.6
Q,MIO_EUR,NSA,S13,P2,IE,2014-Q1,1923.1
Q,MIO_EUR,NSA,S13,P2,IE,2014-Q2,2296.6
Q,MIO_EUR,NSA,S13,P2,IE,2014-Q3,2371.4
Q,MIO_EUR,NSA,S13,P2,IE,2014-Q4,2419.9
Q,MIO_EUR,NSA,S13,P2,IE,2015-Q1,2175.5
Q,MIO_EUR,NSA,S13,P2,IE,2015-Q2,2305.9
Q,MIO_EUR,NSA,S13,P2,IE,2015-Q3,2440
Q,MIO_EUR,NSA,S13,P2,IE,2015-Q4,2638.1
Q,MIO_EUR,NSA,S13,P2,IE,2016-Q1,2258.6
Q,MIO_EUR,NSA,S13,P2,IE,2016-Q2,2389.7
Q,MIO_EUR,NSA,S13,P2,IE,2016-Q3,2617.6
Q,MIO_EUR,NSA,S13,P2,IE,2016-Q4,2816.9
Q,MIO_EUR,NSA,S13,P2,IE,2017-Q1,2320.8
Q,MIO_EUR,NSA,S13,P2,IE,2017-Q2,2454.3
Q,MIO_EUR,NSA,S13,P2,IE,2017-Q3,2735
Q,MIO_EUR,NSA,S13,P2,IE,2017-Q4,2938
Q,MIO_EUR,NSA,S13,P2,IE,2018-Q1,2484.1
Q,MIO_EUR,NSA,S13,P2,IE,2018-Q2,2726.2
Q,MIO_EUR,NSA,S13,P2,IE,2018-Q3,3036.7
Q,MIO_EUR,NSA,S13,P2,IE,2018-Q4,2966.1
Q,MIO_EUR,NSA,S13,P2,IE,2019-Q1,2775.2
Q,MIO_EUR,NSA,S13,P2,IE,2019-Q2,2992.4
Q,MIO_EUR,NSA,S13,P2,IE,2019-Q3,3388.2
Q,MIO_EUR,NSA,S13,P2,IE,2019-Q4,3269.8
Q,MIO_EUR,NSA,S13,P2,IE,2020-Q1,2942.2
Q,MIO_EUR,NSA,S13,P2,IE,2020-Q2,3676.9
Q,MIO_EUR,NSA,S13,P2,IE,2020-Q3,4025.3
Q,MIO_EUR,NSA,S13,P2,IE,2020-Q4,3990.7
Q,MIO_EUR,NSA,S13,P2,IE,2021-Q1,3879.9
Q,MIO_EUR,NSA,S13,P2,IE,2021-Q2,3940.6
Q,MIO_EUR,NSA,S13,P2,IE,2021-Q3,4068.5
Q,MIO_EUR,NSA,S13,P2,IE,2021-Q4,4183.9
Q,MIO_EUR,NSA,S13,P2,IE,2022-Q1,4007.2
Q,MIO_EUR,NSA,S13,P2,IE,2022-Q2,4202.3
Q,MIO_EUR,NSA,S13,P2,IE,2022-Q3,4313.5
Q,MIO_EUR,NSA,S13,P2,IE,2022-Q4,4762.4
Q,MIO_EUR,NSA,S13,P2,IE,2023-Q1,4321.9
Q,MIO_EUR,NSA,S13,P2,IE,2023-Q2,4662.2
Q,MIO_EUR,NSA,S13,P2,IE,2023-Q3,4592.1
Q,MIO_EUR,NSA,S13,P2,IE,2023-Q4,5626.9
Q,MIO_EUR,NSA,S13,P2,IE,2024-Q1,4655.8
Q,MIO_EUR,NSA,S13,P2,IE,2024-Q2,5089.9
Q,MIO_EUR,NSA,S13,P2,IE,2024-Q3,4917.4
Q,MIO_EUR,NSA,S13,P2,IE,2024-Q4,5801
Q,MIO_EUR,NSA,S13,P2,IE,2025-Q1,4955.1
Q,MIO_EUR,NSA,S13,P2,IE,2025-Q2,5391.2
Q,MIO_EUR,NSA,S13,P2,IE,2025-Q3,5245.5
Q,MIO_EUR,NSA,S13,P2,IE,2025-Q4,6048.9
Q,MIO_EUR,NSA,S13,P2,IE,2026-Q1,5052.6
Q,MIO_EUR,NSA,S13,P2,EL,1995-Q1,
Q,MIO_EUR,NSA,S13,P2,EL,1995-Q2,
Q,MIO_EUR,NSA,S13,P2,EL,1995-Q3,
Q,MIO_EUR,NSA,S13,P2,EL,1995-Q4,
Q,MIO_EUR,NSA,S13,P2,EL,1996-Q1,
Q,MIO_EUR,NSA,S13,P2,EL,1996-Q2,
Q,MIO_EUR,NSA,S13,P2,EL,1996-Q3,
Q,MIO_EUR,NSA,S13,P2,EL,1996-Q4,
Q,MIO_EUR,NSA,S13,P2,EL,1997-Q1,
Q,MIO_EUR,NSA,S13,P2,EL,1997-Q2,
Q,MIO_EUR,NSA,S13,P2,EL,1997-Q3,
Q,MIO_EUR,NSA,S13,P2,EL,1997-Q4,
Q,MIO_EUR,NSA,S13,P2,EL,1998-Q1,
Q,MIO_EUR,NSA,S13,P2,EL,1998-Q2,
Q,MIO_EUR,NSA,S13,P2,EL,1998-Q3,
Q,MIO_EUR,NSA,S13,P2,EL,1998-Q4,
Q,MIO_EUR,NSA,S13,P2,EL,1999-Q1,1406.6
Q,MIO_EUR,NSA,S13,P2,EL,1999-Q2,1862.3
Q,MIO_EUR,NSA,S13,P2,EL,1999-Q3,1784.6
Q,MIO_EUR,NSA,S13,P2,EL,1999-Q4,2569.1
Q,MIO_EUR,NSA,S13,P2,EL,2000-Q1,1391.7
Q,MIO_EUR,NSA,S13,P2,EL,2000-Q2,1835.5
Q,MIO_EUR,NSA,S13,P2,EL,2000-Q3,1757.4
Q,MIO_EUR,NSA,S13,P2,EL,2000-Q4,2536
Q,MIO_EUR,NSA,S13,P2,EL,2001-Q1,1655
Q,MIO_EUR,NSA,S13,P2,EL,2001-Q2,2206
Q,MIO_EUR,NSA,S13,P2,EL,2001-Q3,2121
Q,MIO_EUR,NSA,S13,P2,EL,2001-Q4,3082
Q,MIO_EUR,NSA,S13,P2,EL,2002-Q1,1714
Q,MIO_EUR,NSA,S13,P2,EL,2002-Q2,2284
Q,MIO_EUR,NSA,S13,P2,EL,2002-Q3,2197
Q,MIO_EUR,NSA,S13,P2,EL,2002-Q4,3191
Q,MIO_EUR,NSA,S13,P2,EL,2003-Q1,1921
Q,MIO_EUR,NSA,S13,P2,EL,2003-Q2,2560
Q,MIO_EUR,NSA,S13,P2,EL,2003-Q3,2462
Q,MIO_EUR,NSA,S13,P2,EL,2003-Q4,3577
Q,MIO_EUR,NSA,S13,P2,EL,2004-Q1,2252
Q,MIO_EUR,NSA,S13,P2,EL,2004-Q2,3002
Q,MIO_EUR,NSA,S13,P2,EL,2004-Q3,2886
Q,MIO_EUR,NSA,S13,P2,EL,2004-Q4,4195
Q,MIO_EUR,NSA,S13,P2,EL,2005-Q1,2141
Q,MIO_EUR,NSA,S13,P2,EL,2005-Q2,2854
Q,MIO_EUR,NSA,S13,P2,EL,2005-Q3,2744
Q,MIO_EUR,NSA,S13,P2,EL,2005-Q4,3988
Q,MIO_EUR,NSA,S13,P2,EL,2006-Q1,2524
Q,MIO_EUR,NSA,S13,P2,EL,2006-Q2,3320
Q,MIO_EUR,NSA,S13,P2,EL,2006-Q3,3197
Q,MIO_EUR,NSA,S13,P2,EL,2006-Q4,4588
Q,MIO_EUR,NSA,S13,P2,EL,2007-Q1,2872
Q,MIO_EUR,NSA,S13,P2,EL,2007-Q2,3807
Q,MIO_EUR,NSA,S13,P2,EL,2007-Q3,3664
Q,MIO_EUR,NSA,S13,P2,EL,2007-Q4,5296
Q,MIO_EUR,NSA,S13,P2,EL,2008-Q1,2762
Q,MIO_EUR,NSA,S13,P2,EL,2008-Q2,3670
Q,MIO_EUR,NSA,S13,P2,EL,2008-Q3,3531
Q,MIO_EUR,NSA,S13,P2,EL,2008-Q4,5128
Q,MIO_EUR,NSA,S13,P2,EL,2009-Q1,3389
Q,MIO_EUR,NSA,S13,P2,EL,2009-Q2,3955
Q,MIO_EUR,NSA,S13,P2,EL,2009-Q3,3883
Q,MIO_EUR,NSA,S13,P2,EL,2009-Q4,4707
Q,MIO_EUR,NSA,S13,P2,EL,2010-Q1,2670
Q,MIO_EUR,NSA,S13,P2,EL,2010-Q2,3359
Q,MIO_EUR,NSA,S13,P2,EL,2010-Q3,3025
Q,MIO_EUR,NSA,S13,P2,EL,2010-Q4,4462
Q,MIO_EUR,NSA,S13,P2,EL,2011-Q1,1549
Q,MIO_EUR,NSA,S13,P2,EL,2011-Q2,2084
Q,MIO_EUR,NSA,S13,P2,EL,2011-Q3,2484
Q,MIO_EUR,NSA,S13,P2,EL,2011-Q4,3650
Q,MIO_EUR,NSA,S13,P2,EL,2012-Q1,1692
Q,MIO_EUR,NSA,S13,P2,EL,2012-Q2,2442
Q,MIO_EUR,NSA,S13,P2,EL,2012-Q3,1983
Q,MIO_EUR,NSA,S13,P2,EL,2012-Q4,3466
Q,MIO_EUR,NSA,S13,P2,EL,2013-Q1,1406
Q,MIO_EUR,NSA,S13,P2,EL,2013-Q2,2055
Q,MIO_EUR,NSA,S13,P2,EL,2013-Q3,2069
Q,MIO_EUR,NSA,S13,P2,EL,2013-Q4,3056
Q,MIO_EUR,NSA,S13,P2,EL,2014-Q1,1593
Q,MIO_EUR,NSA,S13,P2,EL,2014-Q2,2166
Q,MIO_EUR,NSA,S13,P2,EL,2014-Q3,2140
Q,MIO_EUR,NSA,S13,P2,EL,2014-Q4,2953
Q,MIO_EUR,NSA,S13,P2,EL,2015-Q1,1585
Q,MIO_EUR,NSA,S13,P2,EL,2015-Q2,1880
Q,MIO_EUR,NSA,S13,P2,EL,2015-Q3,1913
Q,MIO_EUR,NSA,S13,P2,EL,2015-Q4,3519
Q,MIO_EUR,NSA,S13,P2,EL,2016-Q1,1600
Q,MIO_EUR,NSA,S13,P2,EL,2016-Q2,1984
Q,MIO_EUR,NSA,S13,P2,EL,2016-Q3,1950
Q,MIO_EUR,NSA,S13,P2,EL,2016-Q4,3780
Q,MIO_EUR,NSA,S13,P2,EL,2017-Q1,1499
Q,MIO_EUR,NSA,S13,P2,EL,2017-Q2,2086
Q,MIO_EUR,NSA,S13,P2,EL,2017-Q3,2014
Q,MIO_EUR,NSA,S13,P2,EL,2017-Q4,3804
Q,MIO_EUR,NSA,S13,P2,EL,2018-Q1,1493
Q,MIO_EUR,NSA,S13,P2,EL,2018-Q2,1965
Q,MIO_EUR,NSA,S13,P2,EL,2018-Q3,1988
Q,MIO_EUR,NSA,S13,P2,EL,2018-Q4,3143
Q,MIO_EUR,NSA,S13,P2,EL,2019-Q1,1407
Q,MIO_EUR,NSA,S13,P2,EL,2019-Q2,2303
Q,MIO_EUR,NSA,S13,P2,EL,2019-Q3,1909
Q,MIO_EUR,NSA,S13,P2,EL,2019-Q4,3131
Q,MIO_EUR,NSA,S13,P2,EL,2020-Q1,1468
Q,MIO_EUR,NSA,S13,P2,EL,2020-Q2,1959
Q,MIO_EUR,NSA,S13,P2,EL,2020-Q3,2188
Q,MIO_EUR,NSA,S13,P2,EL,2020-Q4,3512
Q,MIO_EUR,NSA,S13,P2,EL,2021-Q1,1640
Q,MIO_EUR,NSA,S13,P2,EL,2021-Q2,2493
Q,MIO_EUR,NSA,S13,P2,EL,2021-Q3,2399
Q,MIO_EUR,NSA,S13,P2,EL,2021-Q4,3977
Q,MIO_EUR,NSA,S13,P2,EL,2022-Q1,2020
Q,MIO_EUR,NSA,S13,P2,EL,2022-Q2,2828
Q,MIO_EUR,NSA,S13,P2,EL,2022-Q3,2805
Q,MIO_EUR,NSA,S13,P2,EL,2022-Q4,3666
Q,MIO_EUR,NSA,S13,P2,EL,2023-Q1,2221
Q,MIO_EUR,NSA,S13,P2,EL,2023-Q2,3000
Q,MIO_EUR,NSA,S13,P2,EL,2023-Q3,2725
Q,MIO_EUR,NSA,S13,P2,EL,2023-Q4,4418
Q,MIO_EUR,NSA,S13,P2,EL,2024-Q1,1941
Q,MIO_EUR,NSA,S13,P2,EL,2024-Q2,2901
Q,MIO_EUR,NSA,S13,P2,EL,2024-Q3,2824
Q,MIO_EUR,NSA,S13,P2,EL,2024-Q4,4556
Q,MIO_EUR,NSA,S13,P2,EL,2025-Q1,2212
Q,MIO_EUR,NSA,S13,P2,EL,2025-Q2,3757
Q,MIO_EUR,NSA,S13,P2,EL,2025-Q3,3490
Q,MIO_EUR,NSA,S13,P2,EL,2025-Q4,4600
Q,MIO_EUR,NSA,S13,P2,EL,2026-Q1,2544
Q,MIO_EUR,NSA,S13,P2,ES,1995-Q1,4672.7
Q,MIO_EUR,NSA,S13,P2,ES,1995-Q2,4796
Q,MIO_EUR,NSA,S13,P2,ES,1995-Q3,4510.8
Q,MIO_EUR,NSA,S13,P2,ES,1995-Q4,5916.8
Q,MIO_EUR,NSA,S13,P2,ES,1996-Q1,5024.5
Q,MIO_EUR,NSA,S13,P2,ES,1996-Q2,5015.5
Q,MIO_EUR,NSA,S13,P2,ES,1996-Q3,4580.8
Q,MIO_EUR,NSA,S13,P2,ES,1996-Q4,5982.3
Q,MIO_EUR,NSA,S13,P2,ES,1997-Q1,5054.3
Q,MIO_EUR,NSA,S13,P2,ES,1997-Q2,5208.1
Q,MIO_EUR,NSA,S13,P2,ES,1997-Q3,4746.4
Q,MIO_EUR,NSA,S13,P2,ES,1997-Q4,6208.7
Q,MIO_EUR,NSA,S13,P2,ES,1998-Q1,5251.6
Q,MIO_EUR,NSA,S13,P2,ES,1998-Q2,5308.2
Q,MIO_EUR,NSA,S13,P2,ES,1998-Q3,4914.5
Q,MIO_EUR,NSA,S13,P2,ES,1998-Q4,6446.3
Q,MIO_EUR,NSA,S13,P2,ES,1999-Q1,5645
Q,MIO_EUR,NSA,S13,P2,ES,1999-Q2,5782
Q,MIO_EUR,NSA,S13,P2,ES,1999-Q3,5207
Q,MIO_EUR,NSA,S13,P2,ES,1999-Q4,6894
Q,MIO_EUR,NSA,S13,P2,ES,2000-Q1,6459
Q,MIO_EUR,NSA,S13,P2,ES,2000-Q2,6328
Q,MIO_EUR,NSA,S13,P2,ES,2000-Q3,5851
Q,MIO_EUR,NSA,S13,P2,ES,2000-Q4,7397
Q,MIO_EUR,NSA,S13,P2,ES,2001-Q1,6850
Q,MIO_EUR,NSA,S13,P2,ES,2001-Q2,6869
Q,MIO_EUR,NSA,S13,P2,ES,2001-Q3,6329
Q,MIO_EUR,NSA,S13,P2,ES,2001-Q4,8231
Q,MIO_EUR,NSA,S13,P2,ES,2002-Q1,7512
Q,MIO_EUR,NSA,S13,P2,ES,2002-Q2,7641
Q,MIO_EUR,NSA,S13,P2,ES,2002-Q3,7001
Q,MIO_EUR,NSA,S13,P2,ES,2002-Q4,9071
Q,MIO_EUR,NSA,S13,P2,ES,2003-Q1,8371
Q,MIO_EUR,NSA,S13,P2,ES,2003-Q2,8502
Q,MIO_EUR,NSA,S13,P2,ES,2003-Q3,7724
Q,MIO_EUR,NSA,S13,P2,ES,2003-Q4,9958
Q,MIO_EUR,NSA,S13,P2,ES,2004-Q1,9576
Q,MIO_EUR,NSA,S13,P2,ES,2004-Q2,9372
Q,MIO_EUR,NSA,S13,P2,ES,2004-Q3,8642
Q,MIO_EUR,NSA,S13,P2,ES,2004-Q4,11198
Q,MIO_EUR,NSA,S13,P2,ES,2005-Q1,10561
Q,MIO_EUR,NSA,S13,P2,ES,2005-Q2,10555
Q,MIO_EUR,NSA,S13,P2,ES,2005-Q3,9683
Q,MIO_EUR,NSA,S13,P2,ES,2005-Q4,12580
Q,MIO_EUR,NSA,S13,P2,ES,2006-Q1,11414
Q,MIO_EUR,NSA,S13,P2,ES,2006-Q2,11455
Q,MIO_EUR,NSA,S13,P2,ES,2006-Q3,10608
Q,MIO_EUR,NSA,S13,P2,ES,2006-Q4,13727
Q,MIO_EUR,NSA,S13,P2,ES,2007-Q1,13179
Q,MIO_EUR,NSA,S13,P2,ES,2007-Q2,13293
Q,MIO_EUR,NSA,S13,P2,ES,2007-Q3,12221
Q,MIO_EUR,NSA,S13,P2,ES,2007-Q4,15650
Q,MIO_EUR,NSA,S13,P2,ES,2008-Q1,14293
Q,MIO_EUR,NSA,S13,P2,ES,2008-Q2,14525
Q,MIO_EUR,NSA,S13,P2,ES,2008-Q3,13359
Q,MIO_EUR,NSA,S13,P2,ES,2008-Q4,17099
Q,MIO_EUR,NSA,S13,P2,ES,2009-Q1,14834
Q,MIO_EUR,NSA,S13,P2,ES,2009-Q2,15084
Q,MIO_EUR,NSA,S13,P2,ES,2009-Q3,13875
Q,MIO_EUR,NSA,S13,P2,ES,2009-Q4,17586
Q,MIO_EUR,NSA,S13,P2,ES,2010-Q1,14905
Q,MIO_EUR,NSA,S13,P2,ES,2010-Q2,14952
Q,MIO_EUR,NSA,S13,P2,ES,2010-Q3,13859
Q,MIO_EUR,NSA,S13,P2,ES,2010-Q4,17757
Q,MIO_EUR,NSA,S13,P2,ES,2011-Q1,15100
Q,MIO_EUR,NSA,S13,P2,ES,2011-Q2,14805
Q,MIO_EUR,NSA,S13,P2,ES,2011-Q3,13825
Q,MIO_EUR,NSA,S13,P2,ES,2011-Q4,17763
Q,MIO_EUR,NSA,S13,P2,ES,2012-Q1,14174
Q,MIO_EUR,NSA,S13,P2,ES,2012-Q2,14140
Q,MIO_EUR,NSA,S13,P2,ES,2012-Q3,13128
Q,MIO_EUR,NSA,S13,P2,ES,2012-Q4,16909
Q,MIO_EUR,NSA,S13,P2,ES,2013-Q1,13375
Q,MIO_EUR,NSA,S13,P2,ES,2013-Q2,13561
Q,MIO_EUR,NSA,S13,P2,ES,2013-Q3,12704
Q,MIO_EUR,NSA,S13,P2,ES,2013-Q4,15992
Q,MIO_EUR,NSA,S13,P2,ES,2014-Q1,13818
Q,MIO_EUR,NSA,S13,P2,ES,2014-Q2,13754
Q,MIO_EUR,NSA,S13,P2,ES,2014-Q3,12780
Q,MIO_EUR,NSA,S13,P2,ES,2014-Q4,15721
Q,MIO_EUR,NSA,S13,P2,ES,2015-Q1,13902
Q,MIO_EUR,NSA,S13,P2,ES,2015-Q2,14525
Q,MIO_EUR,NSA,S13,P2,ES,2015-Q3,13567
Q,MIO_EUR,NSA,S13,P2,ES,2015-Q4,16336
Q,MIO_EUR,NSA,S13,P2,ES,2016-Q1,14076
Q,MIO_EUR,NSA,S13,P2,ES,2016-Q2,14487
Q,MIO_EUR,NSA,S13,P2,ES,2016-Q3,13507
Q,MIO_EUR,NSA,S13,P2,ES,2016-Q4,16010
Q,MIO_EUR,NSA,S13,P2,ES,2017-Q1,14756
Q,MIO_EUR,NSA,S13,P2,ES,2017-Q2,14556
Q,MIO_EUR,NSA,S13,P2,ES,2017-Q3,13606
Q,MIO_EUR,NSA,S13,P2,ES,2017-Q4,16285
Q,MIO_EUR,NSA,S13,P2,ES,2018-Q1,14964
Q,MIO_EUR,NSA,S13,P2,ES,2018-Q2,15309
Q,MIO_EUR,NSA,S13,P2,ES,2018-Q3,14225
Q,MIO_EUR,NSA,S13,P2,ES,2018-Q4,17129
Q,MIO_EUR,NSA,S13,P2,ES,2019-Q1,15830
Q,MIO_EUR,NSA,S13,P2,ES,2019-Q2,15750
Q,MIO_EUR,NSA,S13,P2,ES,2019-Q3,14798
Q,MIO_EUR,NSA,S13,P2,ES,2019-Q4,18038
Q,MIO_EUR,NSA,S13,P2,ES,2020-Q1,15769
Q,MIO_EUR,NSA,S13,P2,ES,2020-Q2,16195
Q,MIO_EUR,NSA,S13,P2,ES,2020-Q3,15253
Q,MIO_EUR,NSA,S13,P2,ES,2020-Q4,19014
Q,MIO_EUR,NSA,S13,P2,ES,2021-Q1,17066
Q,MIO_EUR,NSA,S13,P2,ES,2021-Q2,17502
Q,MIO_EUR,NSA,S13,P2,ES,2021-Q3,16484
Q,MIO_EUR,NSA,S13,P2,ES,2021-Q4,20218
Q,MIO_EUR,NSA,S13,P2,ES,2022-Q1,18871
Q,MIO_EUR,NSA,S13,P2,ES,2022-Q2,18961
Q,MIO_EUR,NSA,S13,P2,ES,2022-Q3,18712
Q,MIO_EUR,NSA,S13,P2,ES,2022-Q4,22485
Q,MIO_EUR,NSA,S13,P2,ES,2023-Q1,20641
Q,MIO_EUR,NSA,S13,P2,ES,2023-Q2,21012
Q,MIO_EUR,NSA,S13,P2,ES,2023-Q3,20077
Q,MIO_EUR,NSA,S13,P2,ES,2023-Q4,23821
Q,MIO_EUR,NSA,S13,P2,ES,2024-Q1,21953
Q,MIO_EUR,NSA,S13,P2,ES,2024-Q2,21814
Q,MIO_EUR,NSA,S13,P2,ES,2024-Q3,21252
Q,MIO_EUR,NSA,S13,P2,ES,2024-Q4,24431
Q,MIO_EUR,NSA,S13,P2,ES,2025-Q1,23052
Q,MIO_EUR,NSA,S13,P2,ES,2025-Q2,23273
Q,MIO_EUR,NSA,S13,P2,ES,2025-Q3,22953
Q,MIO_EUR,NSA,S13,P2,ES,2025-Q4,26727
Q,MIO_EUR,NSA,S13,P2,ES,2026-Q1,24218
Q,MIO_EUR,NSA,S13,P2,FR,1995-Q1,16420.2
Q,MIO_EUR,NSA,S13,P2,FR,1995-Q2,16500.6
Q,MIO_EUR,NSA,S13,P2,FR,1995-Q3,16655
Q,MIO_EUR,NSA,S13,P2,FR,1995-Q4,17088.9
Q,MIO_EUR,NSA,S13,P2,FR,1996-Q1,17552.9
Q,MIO_EUR,NSA,S13,P2,FR,1996-Q2,17867.4
Q,MIO_EUR,NSA,S13,P2,FR,1996-Q3,17944.1
Q,MIO_EUR,NSA,S13,P2,FR,1996-Q4,18325.2
Q,MIO_EUR,NSA,S13,P2,FR,1997-Q1,18486
Q,MIO_EUR,NSA,S13,P2,FR,1997-Q2,18564.4
Q,MIO_EUR,NSA,S13,P2,FR,1997-Q3,18175
Q,MIO_EUR,NSA,S13,P2,FR,1997-Q4,18121.8
Q,MIO_EUR,NSA,S13,P2,FR,1998-Q1,17548.1
Q,MIO_EUR,NSA,S13,P2,FR,1998-Q2,17180.4
Q,MIO_EUR,NSA,S13,P2,FR,1998-Q3,16837.4
Q,MIO_EUR,NSA,S13,P2,FR,1998-Q4,17142
Q,MIO_EUR,NSA,S13,P2,FR,1999-Q1,17323.1
Q,MIO_EUR,NSA,S13,P2,FR,1999-Q2,17592.1
Q,MIO_EUR,NSA,S13,P2,FR,1999-Q3,17684.5
Q,MIO_EUR,NSA,S13,P2,FR,1999-Q4,18350.4
Q,MIO_EUR,NSA,S13,P2,FR,2000-Q1,18712.6
Q,MIO_EUR,NSA,S13,P2,FR,2000-Q2,19002.2
Q,MIO_EUR,NSA,S13,P2,FR,2000-Q3,19105.5
Q,MIO_EUR,NSA,S13,P2,FR,2000-Q4,19022.2
Q,MIO_EUR,NSA,S13,P2,FR,2001-Q1,18813.6
Q,MIO_EUR,NSA,S13,P2,FR,2001-Q2,18769.5
Q,MIO_EUR,NSA,S13,P2,FR,2001-Q3,18950.8
Q,MIO_EUR,NSA,S13,P2,FR,2001-Q4,19357.7
Q,MIO_EUR,NSA,S13,P2,FR,2002-Q1,19926
Q,MIO_EUR,NSA,S13,P2,FR,2002-Q2,20351.2
Q,MIO_EUR,NSA,S13,P2,FR,2002-Q3,20569.3
Q,MIO_EUR,NSA,S13,P2,FR,2002-Q4,20580.3
Q,MIO_EUR,NSA,S13,P2,FR,2003-Q1,20438
Q,MIO_EUR,NSA,S13,P2,FR,2003-Q2,20398.7
Q,MIO_EUR,NSA,S13,P2,FR,2003-Q3,20516.3
Q,MIO_EUR,NSA,S13,P2,FR,2003-Q4,20790.7
Q,MIO_EUR,NSA,S13,P2,FR,2004-Q1,21190.3
Q,MIO_EUR,NSA,S13,P2,FR,2004-Q2,21564.4
Q,MIO_EUR,NSA,S13,P2,FR,2004-Q3,21881.2
Q,MIO_EUR,NSA,S13,P2,FR,2004-Q4,22140.7
Q,MIO_EUR,NSA,S13,P2,FR,2005-Q1,22349.2
Q,MIO_EUR,NSA,S13,P2,FR,2005-Q2,22535.9
Q,MIO_EUR,NSA,S13,P2,FR,2005-Q3,22706.8
Q,MIO_EUR,NSA,S13,P2,FR,2005-Q4,22862.1
Q,MIO_EUR,NSA,S13,P2,FR,2006-Q1,17371
Q,MIO_EUR,NSA,S13,P2,FR,2006-Q2,24714.4
Q,MIO_EUR,NSA,S13,P2,FR,2006-Q3,23378.6
Q,MIO_EUR,NSA,S13,P2,FR,2006-Q4,27393.1
Q,MIO_EUR,NSA,S13,P2,FR,2007-Q1,18522.7
Q,MIO_EUR,NSA,S13,P2,FR,2007-Q2,24782.5
Q,MIO_EUR,NSA,S13,P2,FR,2007-Q3,23777.1
Q,MIO_EUR,NSA,S13,P2,FR,2007-Q4,27925
Q,MIO_EUR,NSA,S13,P2,FR,2008-Q1,19320.8
Q,MIO_EUR,NSA,S13,P2,FR,2008-Q2,26183.9
Q,MIO_EUR,NSA,S13,P2,FR,2008-Q3,24863.3
Q,MIO_EUR,NSA,S13,P2,FR,2008-Q4,27415.3
Q,MIO_EUR,NSA,S13,P2,FR,2009-Q1,20366.2
Q,MIO_EUR,NSA,S13,P2,FR,2009-Q2,27985.9
Q,MIO_EUR,NSA,S13,P2,FR,2009-Q3,25632.4
Q,MIO_EUR,NSA,S13,P2,FR,2009-Q4,29884.9
Q,MIO_EUR,NSA,S13,P2,FR,2010-Q1,18477.1
Q,MIO_EUR,NSA,S13,P2,FR,2010-Q2,28877.2
Q,MIO_EUR,NSA,S13,P2,FR,2010-Q3,28010.2
Q,MIO_EUR,NSA,S13,P2,FR,2010-Q4,32041.8
Q,MIO_EUR,NSA,S13,P2,FR,2011-Q1,20683.8
Q,MIO_EUR,NSA,S13,P2,FR,2011-Q2,27368.7
Q,MIO_EUR,NSA,S13,P2,FR,2011-Q3,28301
Q,MIO_EUR,NSA,S13,P2,FR,2011-Q4,32465.6
Q,MIO_EUR,NSA,S13,P2,FR,2012-Q1,22187.2
Q,MIO_EUR,NSA,S13,P2,FR,2012-Q2,29623.3
Q,MIO_EUR,NSA,S13,P2,FR,2012-Q3,27591.2
Q,MIO_EUR,NSA,S13,P2,FR,2012-Q4,32414.4
Q,MIO_EUR,NSA,S13,P2,FR,2013-Q1,21781.3
Q,MIO_EUR,NSA,S13,P2,FR,2013-Q2,30515.3
Q,MIO_EUR,NSA,S13,P2,FR,2013-Q3,29214.7
Q,MIO_EUR,NSA,S13,P2,FR,2013-Q4,32599.6
Q,MIO_EUR,NSA,S13,P2,FR,2014-Q1,21642.3
Q,MIO_EUR,NSA,S13,P2,FR,2014-Q2,30171.6
Q,MIO_EUR,NSA,S13,P2,FR,2014-Q3,29549.4
Q,MIO_EUR,NSA,S13,P2,FR,2014-Q4,32500.2
Q,MIO_EUR,NSA,S13,P2,FR,2015-Q1,22038.3
Q,MIO_EUR,NSA,S13,P2,FR,2015-Q2,31316.8
Q,MIO_EUR,NSA,S13,P2,FR,2015-Q3,28719.4
Q,MIO_EUR,NSA,S13,P2,FR,2015-Q4,33508.3
Q,MIO_EUR,NSA,S13,P2,FR,2016-Q1,21226.4
Q,MIO_EUR,NSA,S13,P2,FR,2016-Q2,31788.9
Q,MIO_EUR,NSA,S13,P2,FR,2016-Q3,28586.8
Q,MIO_EUR,NSA,S13,P2,FR,2016-Q4,34601.9
Q,MIO_EUR,NSA,S13,P2,FR,2017-Q1,22760
Q,MIO_EUR,NSA,S13,P2,FR,2017-Q2,32160.7
Q,MIO_EUR,NSA,S13,P2,FR,2017-Q3,30315.9
Q,MIO_EUR,NSA,S13,P2,FR,2017-Q4,35399.4
Q,MIO_EUR,NSA,S13,P2,FR,2018-Q1,22239.7
Q,MIO_EUR,NSA,S13,P2,FR,2018-Q2,32353.7
Q,MIO_EUR,NSA,S13,P2,FR,2018-Q3,31640.6
Q,MIO_EUR,NSA,S13,P2,FR,2018-Q4,36643.9
Q,MIO_EUR,NSA,S13,P2,FR,2019-Q1,22440.6
Q,MIO_EUR,NSA,S13,P2,FR,2019-Q2,33668.9
Q,MIO_EUR,NSA,S13,P2,FR,2019-Q3,32589.2
Q,MIO_EUR,NSA,S13,P2,FR,2019-Q4,38013
Q,MIO_EUR,NSA,S13,P2,FR,2020-Q1,26308.3
Q,MIO_EUR,NSA,S13,P2,FR,2020-Q2,29833.8
Q,MIO_EUR,NSA,S13,P2,FR,2020-Q3,32920.5
Q,MIO_EUR,NSA,S13,P2,FR,2020-Q4,37346.2
Q,MIO_EUR,NSA,S13,P2,FR,2021-Q1,25477.5
Q,MIO_EUR,NSA,S13,P2,FR,2021-Q2,35500.6
Q,MIO_EUR,NSA,S13,P2,FR,2021-Q3,33667.6
Q,MIO_EUR,NSA,S13,P2,FR,2021-Q4,41435.5
Q,MIO_EUR,NSA,S13,P2,FR,2022-Q1,26985.8
Q,MIO_EUR,NSA,S13,P2,FR,2022-Q2,38593.1
Q,MIO_EUR,NSA,S13,P2,FR,2022-Q3,36255.5
Q,MIO_EUR,NSA,S13,P2,FR,2022-Q4,44044.5
Q,MIO_EUR,NSA,S13,P2,FR,2023-Q1,29214
Q,MIO_EUR,NSA,S13,P2,FR,2023-Q2,40954.9
Q,MIO_EUR,NSA,S13,P2,FR,2023-Q3,39818.1
Q,MIO_EUR,NSA,S13,P2,FR,2023-Q4,47561.1
Q,MIO_EUR,NSA,S13,P2,FR,2024-Q1,30633.3
Q,MIO_EUR,NSA,S13,P2,FR,2024-Q2,42437.5
Q,MIO_EUR,NSA,S13,P2,FR,2024-Q3,41481.6
Q,MIO_EUR,NSA,S13,P2,FR,2024-Q4,47856.1
Q,MIO_EUR,NSA,S13,P2,FR,2025-Q1,30690.7
Q,MIO_EUR,NSA,S13,P2,FR,2025-Q2,41588.4
Q,MIO_EUR,NSA,S13,P2,FR,2025-Q3,42449.5
Q,MIO_EUR,NSA,S13,P2,FR,2025-Q4,48767.9
Q,MIO_EUR,NSA,S13,P2,FR,2026-Q1,32412.5
Q,MIO_EUR,NSA,S13,P2,HR,1995-Q1,
Q,MIO_EUR,NSA,S13,P2,HR,1995-Q2,
Q,MIO_EUR,NSA,S13,P2,HR,1995-Q3,
Q,MIO_EUR,NSA,S13,P2,HR,1995-Q4,
Q,MIO_EUR,NSA,S13,P2,HR,1996-Q1,
Q,MIO_EUR,NSA,S13,P2,HR,1996-Q2,
Q,MIO_EUR,NSA,S13,P2,HR,1996-Q3,
Q,MIO_EUR,NSA,S13,P2,HR,1996-Q4,
Q,MIO_EUR,NSA,S13,P2,HR,1997-Q1,
Q,MIO_EUR,NSA,S13,P2,HR,1997-Q2,
Q,MIO_EUR,NSA,S13,P2,HR,1997-Q3,
Q,MIO_EUR,NSA,S13,P2,HR,1997-Q4,
Q,MIO_EUR,NSA,S13,P2,HR,1998-Q1,
Q,MIO_EUR,NSA,S13,P2,HR,1998-Q2,
Q,MIO_EUR,NSA,S13,P2,HR,1998-Q3,
Q,MIO_EUR,NSA,S13,P2,HR,1998-Q4,
Q,MIO_EUR,NSA,S13,P2,HR,1999-Q1,464.8
Q,MIO_EUR,NSA,S13,P2,HR,1999-Q2,485.6
Q,MIO_EUR,NSA,S13,P2,HR,1999-Q3,530.2
Q,MIO_EUR,NSA,S13,P2,HR,1999-Q4,492.7
Q,MIO_EUR,NSA,S13,P2,HR,2000-Q1,444.9
Q,MIO_EUR,NSA,S13,P2,HR,2000-Q2,475.4
Q,MIO_EUR,NSA,S13,P2,HR,2000-Q3,528.6
Q,MIO_EUR,NSA,S13,P2,HR,2000-Q4,493.8
Q,MIO_EUR,NSA,S13,P2,HR,2001-Q1,440.9
Q,MIO_EUR,NSA,S13,P2,HR,2001-Q2,484.9
Q,MIO_EUR,NSA,S13,P2,HR,2001-Q3,531.4
Q,MIO_EUR,NSA,S13,P2,HR,2001-Q4,494.8
Q,MIO_EUR,NSA,S13,P2,HR,2002-Q1,535.5
Q,MIO_EUR,NSA,S13,P2,HR,2002-Q2,592.6
Q,MIO_EUR,NSA,S13,P2,HR,2002-Q3,650
Q,MIO_EUR,NSA,S13,P2,HR,2002-Q4,590
Q,MIO_EUR,NSA,S13,P2,HR,2003-Q1,530
Q,MIO_EUR,NSA,S13,P2,HR,2003-Q2,600
Q,MIO_EUR,NSA,S13,P2,HR,2003-Q3,660.2
Q,MIO_EUR,NSA,S13,P2,HR,2003-Q4,570
Q,MIO_EUR,NSA,S13,P2,HR,2004-Q1,547.4
Q,MIO_EUR,NSA,S13,P2,HR,2004-Q2,633.7
Q,MIO_EUR,NSA,S13,P2,HR,2004-Q3,689.9
Q,MIO_EUR,NSA,S13,P2,HR,2004-Q4,587.7
Q,MIO_EUR,NSA,S13,P2,HR,2005-Q1,601.5
Q,MIO_EUR,NSA,S13,P2,HR,2005-Q2,715.9
Q,MIO_EUR,NSA,S13,P2,HR,2005-Q3,758.2
Q,MIO_EUR,NSA,S13,P2,HR,2005-Q4,678.9
Q,MIO_EUR,NSA,S13,P2,HR,2006-Q1,691.7
Q,MIO_EUR,NSA,S13,P2,HR,2006-Q2,784.4
Q,MIO_EUR,NSA,S13,P2,HR,2006-Q3,838.5
Q,MIO_EUR,NSA,S13,P2,HR,2006-Q4,735.2
Q,MIO_EUR,NSA,S13,P2,HR,2007-Q1,785.7
Q,MIO_EUR,NSA,S13,P2,HR,2007-Q2,875.5
Q,MIO_EUR,NSA,S13,P2,HR,2007-Q3,935.4
Q,MIO_EUR,NSA,S13,P2,HR,2007-Q4,820
Q,MIO_EUR,NSA,S13,P2,HR,2008-Q1,880.1
Q,MIO_EUR,NSA,S13,P2,HR,2008-Q2,980.7
Q,MIO_EUR,NSA,S13,P2,HR,2008-Q3,1038.1
Q,MIO_EUR,NSA,S13,P2,HR,2008-Q4,883
Q,MIO_EUR,NSA,S13,P2,HR,2009-Q1,830.1
Q,MIO_EUR,NSA,S13,P2,HR,2009-Q2,941.6
Q,MIO_EUR,NSA,S13,P2,HR,2009-Q3,969.5
Q,MIO_EUR,NSA,S13,P2,HR,2009-Q4,866.5
Q,MIO_EUR,NSA,S13,P2,HR,2010-Q1,837.3
Q,MIO_EUR,NSA,S13,P2,HR,2010-Q2,869.1
Q,MIO_EUR,NSA,S13,P2,HR,2010-Q3,1063.7
Q,MIO_EUR,NSA,S13,P2,HR,2010-Q4,904.1
Q,MIO_EUR,NSA,S13,P2,HR,2011-Q1,844.4
Q,MIO_EUR,NSA,S13,P2,HR,2011-Q2,902.4
Q,MIO_EUR,NSA,S13,P2,HR,2011-Q3,1072.7
Q,MIO_EUR,NSA,S13,P2,HR,2011-Q4,916.1
Q,MIO_EUR,NSA,S13,P2,HR,2012-Q1,858
Q,MIO_EUR,NSA,S13,P2,HR,2012-Q2,968.1
Q,MIO_EUR,NSA,S13,P2,HR,2012-Q3,917.1
Q,MIO_EUR,NSA,S13,P2,HR,2012-Q4,927.9
Q,MIO_EUR,NSA,S13,P2,HR,2013-Q1,806
Q,MIO_EUR,NSA,S13,P2,HR,2013-Q2,971.4
Q,MIO_EUR,NSA,S13,P2,HR,2013-Q3,978.9
Q,MIO_EUR,NSA,S13,P2,HR,2013-Q4,934.5
Q,MIO_EUR,NSA,S13,P2,HR,2014-Q1,890.6
Q,MIO_EUR,NSA,S13,P2,HR,2014-Q2,995
Q,MIO_EUR,NSA,S13,P2,HR,2014-Q3,932.2
Q,MIO_EUR,NSA,S13,P2,HR,2014-Q4,963.2
Q,MIO_EUR,NSA,S13,P2,HR,2015-Q1,898.1
Q,MIO_EUR,NSA,S13,P2,HR,2015-Q2,999.8
Q,MIO_EUR,NSA,S13,P2,HR,2015-Q3,928.2
Q,MIO_EUR,NSA,S13,P2,HR,2015-Q4,958.7
Q,MIO_EUR,NSA,S13,P2,HR,2016-Q1,916
Q,MIO_EUR,NSA,S13,P2,HR,2016-Q2,1049.4
Q,MIO_EUR,NSA,S13,P2,HR,2016-Q3,968.4
Q,MIO_EUR,NSA,S13,P2,HR,2016-Q4,989.6
Q,MIO_EUR,NSA,S13,P2,HR,2017-Q1,958.3
Q,MIO_EUR,NSA,S13,P2,HR,2017-Q2,1090.5
Q,MIO_EUR,NSA,S13,P2,HR,2017-Q3,1011.2
Q,MIO_EUR,NSA,S13,P2,HR,2017-Q4,1035.5
Q,MIO_EUR,NSA,S13,P2,HR,2018-Q1,990.9
Q,MIO_EUR,NSA,S13,P2,HR,2018-Q2,1134.3
Q,MIO_EUR,NSA,S13,P2,HR,2018-Q3,1093.9
Q,MIO_EUR,NSA,S13,P2,HR,2018-Q4,1074
Q,MIO_EUR,NSA,S13,P2,HR,2019-Q1,1042.2
Q,MIO_EUR,NSA,S13,P2,HR,2019-Q2,1212.6
Q,MIO_EUR,NSA,S13,P2,HR,2019-Q3,1178.3
Q,MIO_EUR,NSA,S13,P2,HR,2019-Q4,1266.2
Q,MIO_EUR,NSA,S13,P2,HR,2020-Q1,1115.8
Q,MIO_EUR,NSA,S13,P2,HR,2020-Q2,975.8
Q,MIO_EUR,NSA,S13,P2,HR,2020-Q3,1140.6
Q,MIO_EUR,NSA,S13,P2,HR,2020-Q4,1204
Q,MIO_EUR,NSA,S13,P2,HR,2021-Q1,1004.4
Q,MIO_EUR,NSA,S13,P2,HR,2021-Q2,1208.9
Q,MIO_EUR,NSA,S13,P2,HR,2021-Q3,1161.5
Q,MIO_EUR,NSA,S13,P2,HR,2021-Q4,1542.3
Q,MIO_EUR,NSA,S13,P2,HR,2022-Q1,1038.5
Q,MIO_EUR,NSA,S13,P2,HR,2022-Q2,1266
Q,MIO_EUR,NSA,S13,P2,HR,2022-Q3,1278
Q,MIO_EUR,NSA,S13,P2,HR,2022-Q4,1676.5
Q,MIO_EUR,NSA,S13,P2,HR,2023-Q1,1222.4
Q,MIO_EUR,NSA,S13,P2,HR,2023-Q2,1524.2
Q,MIO_EUR,NSA,S13,P2,HR,2023-Q3,1400.2
Q,MIO_EUR,NSA,S13,P2,HR,2023-Q4,1939.4
Q,MIO_EUR,NSA,S13,P2,HR,2024-Q1,1300.5
Q,MIO_EUR,NSA,S13,P2,HR,2024-Q2,1575.3
Q,MIO_EUR,NSA,S13,P2,HR,2024-Q3,1525.4
Q,MIO_EUR,NSA,S13,P2,HR,2024-Q4,2109.1
Q,MIO_EUR,NSA,S13,P2,HR,2025-Q1,1435.6
Q,MIO_EUR,NSA,S13,P2,HR,2025-Q2,1753
Q,MIO_EUR,NSA,S13,P2,HR,2025-Q3,1702.6
Q,MIO_EUR,NSA,S13,P2,HR,2025-Q4,2368.4
Q,MIO_EUR,NSA,S13,P2,HR,2026-Q1,1575
Q,MIO_EUR,NSA,S13,P2,IT,1995-Q1,
Q,MIO_EUR,NSA,S13,P2,IT,1995-Q2,
Q,MIO_EUR,NSA,S13,P2,IT,1995-Q3,
Q,MIO_EUR,NSA,S13,P2,IT,1995-Q4,
Q,MIO_EUR,NSA,S13,P2,IT,1996-Q1,
Q,MIO_EUR,NSA,S13,P2,IT,1996-Q2,
Q,MIO_EUR,NSA,S13,P2,IT,1996-Q3,
Q,MIO_EUR,NSA,S13,P2,IT,1996-Q4,
Q,MIO_EUR,NSA,S13,P2,IT,1997-Q1,
Q,MIO_EUR,NSA,S13,P2,IT,1997-Q2,
Q,MIO_EUR,NSA,S13,P2,IT,1997-Q3,
Q,MIO_EUR,NSA,S13,P2,IT,1997-Q4,
Q,MIO_EUR,NSA,S13,P2,IT,1998-Q1,
Q,MIO_EUR,NSA,S13,P2,IT,1998-Q2,
Q,MIO_EUR,NSA,S13,P2,IT,1998-Q3,
Q,MIO_EUR,NSA,S13,P2,IT,1998-Q4,
Q,MIO_EUR,NSA,S13,P2,IT,1999-Q1,11513
Q,MIO_EUR,NSA,S13,P2,IT,1999-Q2,12849
Q,MIO_EUR,NSA,S13,P2,IT,1999-Q3,12132
Q,MIO_EUR,NSA,S13,P2,IT,1999-Q4,18750
Q,MIO_EUR,NSA,S13,P2,IT,2000-Q1,12212
Q,MIO_EUR,NSA,S13,P2,IT,2000-Q2,13148
Q,MIO_EUR,NSA,S13,P2,IT,2000-Q3,13701
Q,MIO_EUR,NSA,S13,P2,IT,2000-Q4,20146
Q,MIO_EUR,NSA,S13,P2,IT,2001-Q1,13766
Q,MIO_EUR,NSA,S13,P2,IT,2001-Q2,14635
Q,MIO_EUR,NSA,S13,P2,IT,2001-Q3,14112
Q,MIO_EUR,NSA,S13,P2,IT,2001-Q4,23456
Q,MIO_EUR,NSA,S13,P2,IT,2002-Q1,14082
Q,MIO_EUR,NSA,S13,P2,IT,2002-Q2,16861
Q,MIO_EUR,NSA,S13,P2,IT,2002-Q3,15491
Q,MIO_EUR,NSA,S13,P2,IT,2002-Q4,21247
Q,MIO_EUR,NSA,S13,P2,IT,2003-Q1,15155
Q,MIO_EUR,NSA,S13,P2,IT,2003-Q2,16059
Q,MIO_EUR,NSA,S13,P2,IT,2003-Q3,17204
Q,MIO_EUR,NSA,S13,P2,IT,2003-Q4,22662
Q,MIO_EUR,NSA,S13,P2,IT,2004-Q1,16541
Q,MIO_EUR,NSA,S13,P2,IT,2004-Q2,16971
Q,MIO_EUR,NSA,S13,P2,IT,2004-Q3,17626
Q,MIO_EUR,NSA,S13,P2,IT,2004-Q4,24030
Q,MIO_EUR,NSA,S13,P2,IT,2005-Q1,17909
Q,MIO_EUR,NSA,S13,P2,IT,2005-Q2,18145
Q,MIO_EUR,NSA,S13,P2,IT,2005-Q3,18793
Q,MIO_EUR,NSA,S13,P2,IT,2005-Q4,24890
Q,MIO_EUR,NSA,S13,P2,IT,2006-Q1,16920
Q,MIO_EUR,NSA,S13,P2,IT,2006-Q2,17791
Q,MIO_EUR,NSA,S13,P2,IT,2006-Q3,16628
Q,MIO_EUR,NSA,S13,P2,IT,2006-Q4,26998
Q,MIO_EUR,NSA,S13,P2,IT,2007-Q1,17771
Q,MIO_EUR,NSA,S13,P2,IT,2007-Q2,18566
Q,MIO_EUR,NSA,S13,P2,IT,2007-Q3,17867
Q,MIO_EUR,NSA,S13,P2,IT,2007-Q4,27497
Q,MIO_EUR,NSA,S13,P2,IT,2008-Q1,18547
Q,MIO_EUR,NSA,S13,P2,IT,2008-Q2,21383
Q,MIO_EUR,NSA,S13,P2,IT,2008-Q3,19076
Q,MIO_EUR,NSA,S13,P2,IT,2008-Q4,27375
Q,MIO_EUR,NSA,S13,P2,IT,2009-Q1,18618
Q,MIO_EUR,NSA,S13,P2,IT,2009-Q2,20074
Q,MIO_EUR,NSA,S13,P2,IT,2009-Q3,21398
Q,MIO_EUR,NSA,S13,P2,IT,2009-Q4,29118
Q,MIO_EUR,NSA,S13,P2,IT,2010-Q1,20058
Q,MIO_EUR,NSA,S13,P2,IT,2010-Q2,21646
Q,MIO_EUR,NSA,S13,P2,IT,2010-Q3,21445
Q,MIO_EUR,NSA,S13,P2,IT,2010-Q4,27632
Q,MIO_EUR,NSA,S13,P2,IT,2011-Q1,19340
Q,MIO_EUR,NSA,S13,P2,IT,2011-Q2,20187
Q,MIO_EUR,NSA,S13,P2,IT,2011-Q3,19376
Q,MIO_EUR,NSA,S13,P2,IT,2011-Q4,32001
Q,MIO_EUR,NSA,S13,P2,IT,2012-Q1,20527
Q,MIO_EUR,NSA,S13,P2,IT,2012-Q2,20374
Q,MIO_EUR,NSA,S13,P2,IT,2012-Q3,20735
Q,MIO_EUR,NSA,S13,P2,IT,2012-Q4,29902
Q,MIO_EUR,NSA,S13,P2,IT,2013-Q1,20435
Q,MIO_EUR,NSA,S13,P2,IT,2013-Q2,21321
Q,MIO_EUR,NSA,S13,P2,IT,2013-Q3,20529
Q,MIO_EUR,NSA,S13,P2,IT,2013-Q4,30423
Q,MIO_EUR,NSA,S13,P2,IT,2014-Q1,20021
Q,MIO_EUR,NSA,S13,P2,IT,2014-Q2,19973
Q,MIO_EUR,NSA,S13,P2,IT,2014-Q3,20819
Q,MIO_EUR,NSA,S13,P2,IT,2014-Q4,31054
Q,MIO_EUR,NSA,S13,P2,IT,2015-Q1,19617
Q,MIO_EUR,NSA,S13,P2,IT,2015-Q2,20680
Q,MIO_EUR,NSA,S13,P2,IT,2015-Q3,21264
Q,MIO_EUR,NSA,S13,P2,IT,2015-Q4,31705
Q,MIO_EUR,NSA,S13,P2,IT,2016-Q1,21816
Q,MIO_EUR,NSA,S13,P2,IT,2016-Q2,22077
Q,MIO_EUR,NSA,S13,P2,IT,2016-Q3,20994
Q,MIO_EUR,NSA,S13,P2,IT,2016-Q4,32013
Q,MIO_EUR,NSA,S13,P2,IT,2017-Q1,22180
Q,MIO_EUR,NSA,S13,P2,IT,2017-Q2,22356
Q,MIO_EUR,NSA,S13,P2,IT,2017-Q3,21394
Q,MIO_EUR,NSA,S13,P2,IT,2017-Q4,32836
Q,MIO_EUR,NSA,S13,P2,IT,2018-Q1,23160
Q,MIO_EUR,NSA,S13,P2,IT,2018-Q2,23265
Q,MIO_EUR,NSA,S13,P2,IT,2018-Q3,21536
Q,MIO_EUR,NSA,S13,P2,IT,2018-Q4,32559
Q,MIO_EUR,NSA,S13,P2,IT,2019-Q1,23254
Q,MIO_EUR,NSA,S13,P2,IT,2019-Q2,23527
Q,MIO_EUR,NSA,S13,P2,IT,2019-Q3,21790
Q,MIO_EUR,NSA,S13,P2,IT,2019-Q4,32479
Q,MIO_EUR,NSA,S13,P2,IT,2020-Q1,23329
Q,MIO_EUR,NSA,S13,P2,IT,2020-Q2,24077
Q,MIO_EUR,NSA,S13,P2,IT,2020-Q3,22317
Q,MIO_EUR,NSA,S13,P2,IT,2020-Q4,32628
Q,MIO_EUR,NSA,S13,P2,IT,2021-Q1,25653
Q,MIO_EUR,NSA,S13,P2,IT,2021-Q2,25518
Q,MIO_EUR,NSA,S13,P2,IT,2021-Q3,23985
Q,MIO_EUR,NSA,S13,P2,IT,2021-Q4,36278
Q,MIO_EUR,NSA,S13,P2,IT,2022-Q1,28395
Q,MIO_EUR,NSA,S13,P2,IT,2022-Q2,27400
Q,MIO_EUR,NSA,S13,P2,IT,2022-Q3,25911
Q,MIO_EUR,NSA,S13,P2,IT,2022-Q4,38240
Q,MIO_EUR,NSA,S13,P2,IT,2023-Q1,28267
Q,MIO_EUR,NSA,S13,P2,IT,2023-Q2,27460
Q,MIO_EUR,NSA,S13,P2,IT,2023-Q3,26088
Q,MIO_EUR,NSA,S13,P2,IT,2023-Q4,38350
Q,MIO_EUR,NSA,S13,P2,IT,2024-Q1,29603
Q,MIO_EUR,NSA,S13,P2,IT,2024-Q2,29211
Q,MIO_EUR,NSA,S13,P2,IT,2024-Q3,27712
Q,MIO_EUR,NSA,S13,P2,IT,2024-Q4,41749
Q,MIO_EUR,NSA,S13,P2,IT,2025-Q1,30911
Q,MIO_EUR,NSA,S13,P2,IT,2025-Q2,30635
Q,MIO_EUR,NSA,S13,P2,IT,2025-Q3,28903
Q,MIO_EUR,NSA,S13,P2,IT,2025-Q4,42507
Q,MIO_EUR,NSA,S13,P2,IT,2026-Q1,32183
Q,MIO_EUR,NSA,S13,P2,CY,1995-Q1,10.9
Q,MIO_EUR,NSA,S13,P2,CY,1995-Q2,22.2
Q,MIO_EUR,NSA,S13,P2,CY,1995-Q3,19.8
Q,MIO_EUR,NSA,S13,P2,CY,1995-Q4,44.5
Q,MIO_EUR,NSA,S13,P2,CY,1996-Q1,4.7
Q,MIO_EUR,NSA,S13,P2,CY,1996-Q2,21.2
Q,MIO_EUR,NSA,S13,P2,CY,1996-Q3,17.7
Q,MIO_EUR,NSA,S13,P2,CY,1996-Q4,55.1
Q,MIO_EUR,NSA,S13,P2,CY,1997-Q1,25.2
Q,MIO_EUR,NSA,S13,P2,CY,1997-Q2,47.7
Q,MIO_EUR,NSA,S13,P2,CY,1997-Q3,42.9
Q,MIO_EUR,NSA,S13,P2,CY,1997-Q4,93.4
Q,MIO_EUR,NSA,S13,P2,CY,1998-Q1,66.7
Q,MIO_EUR,NSA,S13,P2,CY,1998-Q2,91.2
Q,MIO_EUR,NSA,S13,P2,CY,1998-Q3,85.8
Q,MIO_EUR,NSA,S13,P2,CY,1998-Q4,140.1
Q,MIO_EUR,NSA,S13,P2,CY,1999-Q1,61.2
Q,MIO_EUR,NSA,S13,P2,CY,1999-Q2,97.9
Q,MIO_EUR,NSA,S13,P2,CY,1999-Q3,90.9
Q,MIO_EUR,NSA,S13,P2,CY,1999-Q4,175.4
Q,MIO_EUR,NSA,S13,P2,CY,2000-Q1,48.1
Q,MIO_EUR,NSA,S13,P2,CY,2000-Q2,78.3
Q,MIO_EUR,NSA,S13,P2,CY,2000-Q3,86.7
Q,MIO_EUR,NSA,S13,P2,CY,2000-Q4,150.2
Q,MIO_EUR,NSA,S13,P2,CY,2001-Q1,72.2
Q,MIO_EUR,NSA,S13,P2,CY,2001-Q2,112.5
Q,MIO_EUR,NSA,S13,P2,CY,2001-Q3,133.5
Q,MIO_EUR,NSA,S13,P2,CY,2001-Q4,204.9
Q,MIO_EUR,NSA,S13,P2,CY,2002-Q1,97.5
Q,MIO_EUR,NSA,S13,P2,CY,2002-Q2,125.6
Q,MIO_EUR,NSA,S13,P2,CY,2002-Q3,150.9
Q,MIO_EUR,NSA,S13,P2,CY,2002-Q4,225.4
Q,MIO_EUR,NSA,S13,P2,CY,2003-Q1,122.1
Q,MIO_EUR,NSA,S13,P2,CY,2003-Q2,115.7
Q,MIO_EUR,NSA,S13,P2,CY,2003-Q3,142.2
Q,MIO_EUR,NSA,S13,P2,CY,2003-Q4,239.7
Q,MIO_EUR,NSA,S13,P2,CY,2004-Q1,74.5
Q,MIO_EUR,NSA,S13,P2,CY,2004-Q2,110.3
Q,MIO_EUR,NSA,S13,P2,CY,2004-Q3,154.7
Q,MIO_EUR,NSA,S13,P2,CY,2004-Q4,195.5
Q,MIO_EUR,NSA,S13,P2,CY,2005-Q1,63
Q,MIO_EUR,NSA,S13,P2,CY,2005-Q2,104.4
Q,MIO_EUR,NSA,S13,P2,CY,2005-Q3,122.5
Q,MIO_EUR,NSA,S13,P2,CY,2005-Q4,309.7
Q,MIO_EUR,NSA,S13,P2,CY,2006-Q1,133.8
Q,MIO_EUR,NSA,S13,P2,CY,2006-Q2,173.4
Q,MIO_EUR,NSA,S13,P2,CY,2006-Q3,151.8
Q,MIO_EUR,NSA,S13,P2,CY,2006-Q4,253.6
Q,MIO_EUR,NSA,S13,P2,CY,2007-Q1,158.2
Q,MIO_EUR,NSA,S13,P2,CY,2007-Q2,160.5
Q,MIO_EUR,NSA,S13,P2,CY,2007-Q3,172.5
Q,MIO_EUR,NSA,S13,P2,CY,2007-Q4,279.1
Q,MIO_EUR,NSA,S13,P2,CY,2008-Q1,141.7
Q,MIO_EUR,NSA,S13,P2,CY,2008-Q2,174.6
Q,MIO_EUR,NSA,S13,P2,CY,2008-Q3,202.1
Q,MIO_EUR,NSA,S13,P2,CY,2008-Q4,332
Q,MIO_EUR,NSA,S13,P2,CY,2009-Q1,200
Q,MIO_EUR,NSA,S13,P2,CY,2009-Q2,214.9
Q,MIO_EUR,NSA,S13,P2,CY,2009-Q3,227.5
Q,MIO_EUR,NSA,S13,P2,CY,2009-Q4,291.9
Q,MIO_EUR,NSA,S13,P2,CY,2010-Q1,171.7
Q,MIO_EUR,NSA,S13,P2,CY,2010-Q2,200.9
Q,MIO_EUR,NSA,S13,P2,CY,2010-Q3,211.1
Q,MIO_EUR,NSA,S13,P2,CY,2010-Q4,301.5
Q,MIO_EUR,NSA,S13,P2,CY,2011-Q1,195.6
Q,MIO_EUR,NSA,S13,P2,CY,2011-Q2,209.4
Q,MIO_EUR,NSA,S13,P2,CY,2011-Q3,214.3
Q,MIO_EUR,NSA,S13,P2,CY,2011-Q4,283.6
Q,MIO_EUR,NSA,S13,P2,CY,2012-Q1,195.4
Q,MIO_EUR,NSA,S13,P2,CY,2012-Q2,198.8
Q,MIO_EUR,NSA,S13,P2,CY,2012-Q3,213.2
Q,MIO_EUR,NSA,S13,P2,CY,2012-Q4,227.6
Q,MIO_EUR,NSA,S13,P2,CY,2013-Q1,141.1
Q,MIO_EUR,NSA,S13,P2,CY,2013-Q2,175.7
Q,MIO_EUR,NSA,S13,P2,CY,2013-Q3,171.2
Q,MIO_EUR,NSA,S13,P2,CY,2013-Q4,258.9
Q,MIO_EUR,NSA,S13,P2,CY,2014-Q1,135.9
Q,MIO_EUR,NSA,S13,P2,CY,2014-Q2,163
Q,MIO_EUR,NSA,S13,P2,CY,2014-Q3,173.5
Q,MIO_EUR,NSA,S13,P2,CY,2014-Q4,179.1
Q,MIO_EUR,NSA,S13,P2,CY,2015-Q1,139.2
Q,MIO_EUR,NSA,S13,P2,CY,2015-Q2,167.8
Q,MIO_EUR,NSA,S13,P2,CY,2015-Q3,176.9
Q,MIO_EUR,NSA,S13,P2,CY,2015-Q4,214.9
Q,MIO_EUR,NSA,S13,P2,CY,2016-Q1,131.9
Q,MIO_EUR,NSA,S13,P2,CY,2016-Q2,150.6
Q,MIO_EUR,NSA,S13,P2,CY,2016-Q3,163.3
Q,MIO_EUR,NSA,S13,P2,CY,2016-Q4,235.5
Q,MIO_EUR,NSA,S13,P2,CY,2017-Q1,134.5
Q,MIO_EUR,NSA,S13,P2,CY,2017-Q2,184.3
Q,MIO_EUR,NSA,S13,P2,CY,2017-Q3,161
Q,MIO_EUR,NSA,S13,P2,CY,2017-Q4,257.9
Q,MIO_EUR,NSA,S13,P2,CY,2018-Q1,139.1
Q,MIO_EUR,NSA,S13,P2,CY,2018-Q2,186.9
Q,MIO_EUR,NSA,S13,P2,CY,2018-Q3,185.2
Q,MIO_EUR,NSA,S13,P2,CY,2018-Q4,313.5
Q,MIO_EUR,NSA,S13,P2,CY,2019-Q1,187.4
Q,MIO_EUR,NSA,S13,P2,CY,2019-Q2,229
Q,MIO_EUR,NSA,S13,P2,CY,2019-Q3,238.6
Q,MIO_EUR,NSA,S13,P2,CY,2019-Q4,368.6
Q,MIO_EUR,NSA,S13,P2,CY,2020-Q1,172.8
Q,MIO_EUR,NSA,S13,P2,CY,2020-Q2,212.1
Q,MIO_EUR,NSA,S13,P2,CY,2020-Q3,225.3
Q,MIO_EUR,NSA,S13,P2,CY,2020-Q4,329
Q,MIO_EUR,NSA,S13,P2,CY,2021-Q1,185.1
Q,MIO_EUR,NSA,S13,P2,CY,2021-Q2,257.3
Q,MIO_EUR,NSA,S13,P2,CY,2021-Q3,258.5
Q,MIO_EUR,NSA,S13,P2,CY,2021-Q4,402.8
Q,MIO_EUR,NSA,S13,P2,CY,2022-Q1,229.9
Q,MIO_EUR,NSA,S13,P2,CY,2022-Q2,316.1
Q,MIO_EUR,NSA,S13,P2,CY,2022-Q3,321.1
Q,MIO_EUR,NSA,S13,P2,CY,2022-Q4,430.9
Q,MIO_EUR,NSA,S13,P2,CY,2023-Q1,269
Q,MIO_EUR,NSA,S13,P2,CY,2023-Q2,299
Q,MIO_EUR,NSA,S13,P2,CY,2023-Q3,308
Q,MIO_EUR,NSA,S13,P2,CY,2023-Q4,489.7
Q,MIO_EUR,NSA,S13,P2,CY,2024-Q1,273.3
Q,MIO_EUR,NSA,S13,P2,CY,2024-Q2,321.3
Q,MIO_EUR,NSA,S13,P2,CY,2024-Q3,377.5
Q,MIO_EUR,NSA,S13,P2,CY,2024-Q4,503.6
Q,MIO_EUR,NSA,S13,P2,CY,2025-Q1,278.1
Q,MIO_EUR,NSA,S13,P2,CY,2025-Q2,379.3
Q,MIO_EUR,NSA,S13,P2,CY,2025-Q3,382.5
Q,MIO_EUR,NSA,S13,P2,CY,2025-Q4,545.8
Q,MIO_EUR,NSA,S13,P2,CY,2026-Q1,303.9
Q,MIO_EUR,NSA,S13,P2,LV,1995-Q1,
Q,MIO_EUR,NSA,S13,P2,LV,1995-Q2,
Q,MIO_EUR,NSA,S13,P2,LV,1995-Q3,
Q,MIO_EUR,NSA,S13,P2,LV,1995-Q4,
Q,MIO_EUR,NSA,S13,P2,LV,1996-Q1,
Q,MIO_EUR,NSA,S13,P2,LV,1996-Q2,
Q,MIO_EUR,NSA,S13,P2,LV,1996-Q3,
Q,MIO_EUR,NSA,S13,P2,LV,1996-Q4,
Q,MIO_EUR,NSA,S13,P2,LV,1997-Q1,
Q,MIO_EUR,NSA,S13,P2,LV,1997-Q2,
Q,MIO_EUR,NSA,S13,P2,LV,1997-Q3,
Q,MIO_EUR,NSA,S13,P2,LV,1997-Q4,
Q,MIO_EUR,NSA,S13,P2,LV,1998-Q1,
Q,MIO_EUR,NSA,S13,P2,LV,1998-Q2,
Q,MIO_EUR,NSA,S13,P2,LV,1998-Q3,
Q,MIO_EUR,NSA,S13,P2,LV,1998-Q4,
Q,MIO_EUR,NSA,S13,P2,LV,1999-Q1,118.2
Q,MIO_EUR,NSA,S13,P2,LV,1999-Q2,139.1
Q,MIO_EUR,NSA,S13,P2,LV,1999-Q3,115.2
Q,MIO_EUR,NSA,S13,P2,LV,1999-Q4,145
Q,MIO_EUR,NSA,S13,P2,LV,2000-Q1,131.2
Q,MIO_EUR,NSA,S13,P2,LV,2000-Q2,144.4
Q,MIO_EUR,NSA,S13,P2,LV,2000-Q3,132.2
Q,MIO_EUR,NSA,S13,P2,LV,2000-Q4,175.5
Q,MIO_EUR,NSA,S13,P2,LV,2001-Q1,161.8
Q,MIO_EUR,NSA,S13,P2,LV,2001-Q2,176.2
Q,MIO_EUR,NSA,S13,P2,LV,2001-Q3,159.5
Q,MIO_EUR,NSA,S13,P2,LV,2001-Q4,207.5
Q,MIO_EUR,NSA,S13,P2,LV,2002-Q1,180.9
Q,MIO_EUR,NSA,S13,P2,LV,2002-Q2,157.8
Q,MIO_EUR,NSA,S13,P2,LV,2002-Q3,185.1
Q,MIO_EUR,NSA,S13,P2,LV,2002-Q4,251.2
Q,MIO_EUR,NSA,S13,P2,LV,2003-Q1,189.7
Q,MIO_EUR,NSA,S13,P2,LV,2003-Q2,212.4
Q,MIO_EUR,NSA,S13,P2,LV,2003-Q3,171.2
Q,MIO_EUR,NSA,S13,P2,LV,2003-Q4,281.2
Q,MIO_EUR,NSA,S13,P2,LV,2004-Q1,174.2
Q,MIO_EUR,NSA,S13,P2,LV,2004-Q2,271.1
Q,MIO_EUR,NSA,S13,P2,LV,2004-Q3,188.1
Q,MIO_EUR,NSA,S13,P2,LV,2004-Q4,326.6
Q,MIO_EUR,NSA,S13,P2,LV,2005-Q1,194.5
Q,MIO_EUR,NSA,S13,P2,LV,2005-Q2,215.6
Q,MIO_EUR,NSA,S13,P2,LV,2005-Q3,211.3
Q,MIO_EUR,NSA,S13,P2,LV,2005-Q4,306
Q,MIO_EUR,NSA,S13,P2,LV,2006-Q1,208.7
Q,MIO_EUR,NSA,S13,P2,LV,2006-Q2,240.7
Q,MIO_EUR,NSA,S13,P2,LV,2006-Q3,237.3
Q,MIO_EUR,NSA,S13,P2,LV,2006-Q4,404.4
Q,MIO_EUR,NSA,S13,P2,LV,2007-Q1,277.7
Q,MIO_EUR,NSA,S13,P2,LV,2007-Q2,297.6
Q,MIO_EUR,NSA,S13,P2,LV,2007-Q3,305.2
Q,MIO_EUR,NSA,S13,P2,LV,2007-Q4,404.6
Q,MIO_EUR,NSA,S13,P2,LV,2008-Q1,309.5
Q,MIO_EUR,NSA,S13,P2,LV,2008-Q2,379
Q,MIO_EUR,NSA,S13,P2,LV,2008-Q3,393.7
Q,MIO_EUR,NSA,S13,P2,LV,2008-Q4,484.6
Q,MIO_EUR,NSA,S13,P2,LV,2009-Q1,402.1
Q,MIO_EUR,NSA,S13,P2,LV,2009-Q2,275.8
Q,MIO_EUR,NSA,S13,P2,LV,2009-Q3,199.2
Q,MIO_EUR,NSA,S13,P2,LV,2009-Q4,320.4
Q,MIO_EUR,NSA,S13,P2,LV,2010-Q1,273.5
Q,MIO_EUR,NSA,S13,P2,LV,2010-Q2,268.3
Q,MIO_EUR,NSA,S13,P2,LV,2010-Q3,265.1
Q,MIO_EUR,NSA,S13,P2,LV,2010-Q4,411.4
Q,MIO_EUR,NSA,S13,P2,LV,2011-Q1,330.7
Q,MIO_EUR,NSA,S13,P2,LV,2011-Q2,302.3
Q,MIO_EUR,NSA,S13,P2,LV,2011-Q3,314.8
Q,MIO_EUR,NSA,S13,P2,LV,2011-Q4,425
Q,MIO_EUR,NSA,S13,P2,LV,2012-Q1,235.7
Q,MIO_EUR,NSA,S13,P2,LV,2012-Q2,364.9
Q,MIO_EUR,NSA,S13,P2,LV,2012-Q3,320.7
Q,MIO_EUR,NSA,S13,P2,LV,2012-Q4,467.8
Q,MIO_EUR,NSA,S13,P2,LV,2013-Q1,346.6
Q,MIO_EUR,NSA,S13,P2,LV,2013-Q2,362.9
Q,MIO_EUR,NSA,S13,P2,LV,2013-Q3,346.1
Q,MIO_EUR,NSA,S13,P2,LV,2013-Q4,422.8
Q,MIO_EUR,NSA,S13,P2,LV,2014-Q1,350
Q,MIO_EUR,NSA,S13,P2,LV,2014-Q2,364.1
Q,MIO_EUR,NSA,S13,P2,LV,2014-Q3,361.6
Q,MIO_EUR,NSA,S13,P2,LV,2014-Q4,464.8
Q,MIO_EUR,NSA,S13,P2,LV,2015-Q1,346.6
Q,MIO_EUR,NSA,S13,P2,LV,2015-Q2,389.9
Q,MIO_EUR,NSA,S13,P2,LV,2015-Q3,372.4
Q,MIO_EUR,NSA,S13,P2,LV,2015-Q4,476.3
Q,MIO_EUR,NSA,S13,P2,LV,2016-Q1,353.7
Q,MIO_EUR,NSA,S13,P2,LV,2016-Q2,361.2
Q,MIO_EUR,NSA,S13,P2,LV,2016-Q3,345.5
Q,MIO_EUR,NSA,S13,P2,LV,2016-Q4,460.8
Q,MIO_EUR,NSA,S13,P2,LV,2017-Q1,382.3
Q,MIO_EUR,NSA,S13,P2,LV,2017-Q2,389.9
Q,MIO_EUR,NSA,S13,P2,LV,2017-Q3,365.4
Q,MIO_EUR,NSA,S13,P2,LV,2017-Q4,478.7
Q,MIO_EUR,NSA,S13,P2,LV,2018-Q1,388.1
Q,MIO_EUR,NSA,S13,P2,LV,2018-Q2,399.9
Q,MIO_EUR,NSA,S13,P2,LV,2018-Q3,379.8
Q,MIO_EUR,NSA,S13,P2,LV,2018-Q4,542.2
Q,MIO_EUR,NSA,S13,P2,LV,2019-Q1,443.9
Q,MIO_EUR,NSA,S13,P2,LV,2019-Q2,437.6
Q,MIO_EUR,NSA,S13,P2,LV,2019-Q3,438.2
Q,MIO_EUR,NSA,S13,P2,LV,2019-Q4,619.3
Q,MIO_EUR,NSA,S13,P2,LV,2020-Q1,455.7
Q,MIO_EUR,NSA,S13,P2,LV,2020-Q2,425
Q,MIO_EUR,NSA,S13,P2,LV,2020-Q3,481.2
Q,MIO_EUR,NSA,S13,P2,LV,2020-Q4,605.2
Q,MIO_EUR,NSA,S13,P2,LV,2021-Q1,377.3
Q,MIO_EUR,NSA,S13,P2,LV,2021-Q2,470.3
Q,MIO_EUR,NSA,S13,P2,LV,2021-Q3,444.7
Q,MIO_EUR,NSA,S13,P2,LV,2021-Q4,787.7
Q,MIO_EUR,NSA,S13,P2,LV,2022-Q1,460.3
Q,MIO_EUR,NSA,S13,P2,LV,2022-Q2,416.1
Q,MIO_EUR,NSA,S13,P2,LV,2022-Q3,645.8
Q,MIO_EUR,NSA,S13,P2,LV,2022-Q4,904.5
Q,MIO_EUR,NSA,S13,P2,LV,2023-Q1,543.6
Q,MIO_EUR,NSA,S13,P2,LV,2023-Q2,507.1
Q,MIO_EUR,NSA,S13,P2,LV,2023-Q3,635.7
Q,MIO_EUR,NSA,S13,P2,LV,2023-Q4,821
Q,MIO_EUR,NSA,S13,P2,LV,2024-Q1,553.2
Q,MIO_EUR,NSA,S13,P2,LV,2024-Q2,565.6
Q,MIO_EUR,NSA,S13,P2,LV,2024-Q3,524.1
Q,MIO_EUR,NSA,S13,P2,LV,2024-Q4,838.5
Q,MIO_EUR,NSA,S13,P2,LV,2025-Q1,591.4
Q,MIO_EUR,NSA,S13,P2,LV,2025-Q2,718.3
Q,MIO_EUR,NSA,S13,P2,LV,2025-Q3,734.2
Q,MIO_EUR,NSA,S13,P2,LV,2025-Q4,1098.3
Q,MIO_EUR,NSA,S13,P2,LV,2026-Q1,579.8
Q,MIO_EUR,NSA,S13,P2,LT,1995-Q1,
Q,MIO_EUR,NSA,S13,P2,LT,1995-Q2,
Q,MIO_EUR,NSA,S13,P2,LT,1995-Q3,
Q,MIO_EUR,NSA,S13,P2,LT,1995-Q4,
Q,MIO_EUR,NSA,S13,P2,LT,1996-Q1,
Q,MIO_EUR,NSA,S13,P2,LT,1996-Q2,
Q,MIO_EUR,NSA,S13,P2,LT,1996-Q3,
Q,MIO_EUR,NSA,S13,P2,LT,1996-Q4,
Q,MIO_EUR,NSA,S13,P2,LT,1997-Q1,
Q,MIO_EUR,NSA,S13,P2,LT,1997-Q2,
Q,MIO_EUR,NSA,S13,P2,LT,1997-Q3,
Q,MIO_EUR,NSA,S13,P2,LT,1997-Q4,
Q,MIO_EUR,NSA,S13,P2,LT,1998-Q1,
Q,MIO_EUR,NSA,S13,P2,LT,1998-Q2,
Q,MIO_EUR,NSA,S13,P2,LT,1998-Q3,
Q,MIO_EUR,NSA,S13,P2,LT,1998-Q4,
Q,MIO_EUR,NSA,S13,P2,LT,1999-Q1,173.2
Q,MIO_EUR,NSA,S13,P2,LT,1999-Q2,192.8
Q,MIO_EUR,NSA,S13,P2,LT,1999-Q3,169.4
Q,MIO_EUR,NSA,S13,P2,LT,1999-Q4,180.1
Q,MIO_EUR,NSA,S13,P2,LT,2000-Q1,194.3
Q,MIO_EUR,NSA,S13,P2,LT,2000-Q2,213.6
Q,MIO_EUR,NSA,S13,P2,LT,2000-Q3,213.8
Q,MIO_EUR,NSA,S13,P2,LT,2000-Q4,291.5
Q,MIO_EUR,NSA,S13,P2,LT,2001-Q1,156.3
Q,MIO_EUR,NSA,S13,P2,LT,2001-Q2,221
Q,MIO_EUR,NSA,S13,P2,LT,2001-Q3,208.7
Q,MIO_EUR,NSA,S13,P2,LT,2001-Q4,241.9
Q,MIO_EUR,NSA,S13,P2,LT,2002-Q1,180.3
Q,MIO_EUR,NSA,S13,P2,LT,2002-Q2,225.6
Q,MIO_EUR,NSA,S13,P2,LT,2002-Q3,246.1
Q,MIO_EUR,NSA,S13,P2,LT,2002-Q4,299.7
Q,MIO_EUR,NSA,S13,P2,LT,2003-Q1,195.1
Q,MIO_EUR,NSA,S13,P2,LT,2003-Q2,250.7
Q,MIO_EUR,NSA,S13,P2,LT,2003-Q3,248.2
Q,MIO_EUR,NSA,S13,P2,LT,2003-Q4,293.1
Q,MIO_EUR,NSA,S13,P2,LT,2004-Q1,197.3
Q,MIO_EUR,NSA,S13,P2,LT,2004-Q2,248.3
Q,MIO_EUR,NSA,S13,P2,LT,2004-Q3,251.2
Q,MIO_EUR,NSA,S13,P2,LT,2004-Q4,321.3
Q,MIO_EUR,NSA,S13,P2,LT,2005-Q1,201.1
Q,MIO_EUR,NSA,S13,P2,LT,2005-Q2,282.3
Q,MIO_EUR,NSA,S13,P2,LT,2005-Q3,278.2
Q,MIO_EUR,NSA,S13,P2,LT,2005-Q4,404.9
Q,MIO_EUR,NSA,S13,P2,LT,2006-Q1,234.1
Q,MIO_EUR,NSA,S13,P2,LT,2006-Q2,327.1
Q,MIO_EUR,NSA,S13,P2,LT,2006-Q3,339.6
Q,MIO_EUR,NSA,S13,P2,LT,2006-Q4,498.7
Q,MIO_EUR,NSA,S13,P2,LT,2007-Q1,258.1
Q,MIO_EUR,NSA,S13,P2,LT,2007-Q2,332.7
Q,MIO_EUR,NSA,S13,P2,LT,2007-Q3,380.9
Q,MIO_EUR,NSA,S13,P2,LT,2007-Q4,512.2
Q,MIO_EUR,NSA,S13,P2,LT,2008-Q1,324.3
Q,MIO_EUR,NSA,S13,P2,LT,2008-Q2,422.7
Q,MIO_EUR,NSA,S13,P2,LT,2008-Q3,460.2
Q,MIO_EUR,NSA,S13,P2,LT,2008-Q4,612.7
Q,MIO_EUR,NSA,S13,P2,LT,2009-Q1,393.9
Q,MIO_EUR,NSA,S13,P2,LT,2009-Q2,357.8
Q,MIO_EUR,NSA,S13,P2,LT,2009-Q3,307.9
Q,MIO_EUR,NSA,S13,P2,LT,2009-Q4,463.6
Q,MIO_EUR,NSA,S13,P2,LT,2010-Q1,369.3
Q,MIO_EUR,NSA,S13,P2,LT,2010-Q2,411.3
Q,MIO_EUR,NSA,S13,P2,LT,2010-Q3,409.7
Q,MIO_EUR,NSA,S13,P2,LT,2010-Q4,591.9
Q,MIO_EUR,NSA,S13,P2,LT,2011-Q1,374.9
Q,MIO_EUR,NSA,S13,P2,LT,2011-Q2,363
Q,MIO_EUR,NSA,S13,P2,LT,2011-Q3,391.9
Q,MIO_EUR,NSA,S13,P2,LT,2011-Q4,480.7
Q,MIO_EUR,NSA,S13,P2,LT,2012-Q1,389.3
Q,MIO_EUR,NSA,S13,P2,LT,2012-Q2,376.9
Q,MIO_EUR,NSA,S13,P2,LT,2012-Q3,361.3
Q,MIO_EUR,NSA,S13,P2,LT,2012-Q4,543.9
Q,MIO_EUR,NSA,S13,P2,LT,2013-Q1,362.8
Q,MIO_EUR,NSA,S13,P2,LT,2013-Q2,380.7
Q,MIO_EUR,NSA,S13,P2,LT,2013-Q3,358.7
Q,MIO_EUR,NSA,S13,P2,LT,2013-Q4,541.4
Q,MIO_EUR,NSA,S13,P2,LT,2014-Q1,372.1
Q,MIO_EUR,NSA,S13,P2,LT,2014-Q2,409.1
Q,MIO_EUR,NSA,S13,P2,LT,2014-Q3,388.3
Q,MIO_EUR,NSA,S13,P2,LT,2014-Q4,529.7
Q,MIO_EUR,NSA,S13,P2,LT,2015-Q1,389.3
Q,MIO_EUR,NSA,S13,P2,LT,2015-Q2,408.3
Q,MIO_EUR,NSA,S13,P2,LT,2015-Q3,408.5
Q,MIO_EUR,NSA,S13,P2,LT,2015-Q4,655
Q,MIO_EUR,NSA,S13,P2,LT,2016-Q1,386.7
Q,MIO_EUR,NSA,S13,P2,LT,2016-Q2,434.8
Q,MIO_EUR,NSA,S13,P2,LT,2016-Q3,406.5
Q,MIO_EUR,NSA,S13,P2,LT,2016-Q4,606.5
Q,MIO_EUR,NSA,S13,P2,LT,2017-Q1,387.2
Q,MIO_EUR,NSA,S13,P2,LT,2017-Q2,438.4
Q,MIO_EUR,NSA,S13,P2,LT,2017-Q3,448.7
Q,MIO_EUR,NSA,S13,P2,LT,2017-Q4,641.2
Q,MIO_EUR,NSA,S13,P2,LT,2018-Q1,375.5
Q,MIO_EUR,NSA,S13,P2,LT,2018-Q2,464.5
Q,MIO_EUR,NSA,S13,P2,LT,2018-Q3,452.4
Q,MIO_EUR,NSA,S13,P2,LT,2018-Q4,661.1
Q,MIO_EUR,NSA,S13,P2,LT,2019-Q1,461.9
Q,MIO_EUR,NSA,S13,P2,LT,2019-Q2,495.6
Q,MIO_EUR,NSA,S13,P2,LT,2019-Q3,480.7
Q,MIO_EUR,NSA,S13,P2,LT,2019-Q4,666.6
Q,MIO_EUR,NSA,S13,P2,LT,2020-Q1,508.5
Q,MIO_EUR,NSA,S13,P2,LT,2020-Q2,453.8
Q,MIO_EUR,NSA,S13,P2,LT,2020-Q3,498.2
Q,MIO_EUR,NSA,S13,P2,LT,2020-Q4,777.2
Q,MIO_EUR,NSA,S13,P2,LT,2021-Q1,462.5
Q,MIO_EUR,NSA,S13,P2,LT,2021-Q2,536.3
Q,MIO_EUR,NSA,S13,P2,LT,2021-Q3,595.4
Q,MIO_EUR,NSA,S13,P2,LT,2021-Q4,826.2
Q,MIO_EUR,NSA,S13,P2,LT,2022-Q1,583.5
Q,MIO_EUR,NSA,S13,P2,LT,2022-Q2,629.3
Q,MIO_EUR,NSA,S13,P2,LT,2022-Q3,664.9
Q,MIO_EUR,NSA,S13,P2,LT,2022-Q4,1021.6
Q,MIO_EUR,NSA,S13,P2,LT,2023-Q1,641.3
Q,MIO_EUR,NSA,S13,P2,LT,2023-Q2,662.1
Q,MIO_EUR,NSA,S13,P2,LT,2023-Q3,704.1
Q,MIO_EUR,NSA,S13,P2,LT,2023-Q4,966.8
Q,MIO_EUR,NSA,S13,P2,LT,2024-Q1,687.6
Q,MIO_EUR,NSA,S13,P2,LT,2024-Q2,791.3
Q,MIO_EUR,NSA,S13,P2,LT,2024-Q3,754.8
Q,MIO_EUR,NSA,S13,P2,LT,2024-Q4,1235.3
Q,MIO_EUR,NSA,S13,P2,LT,2025-Q1,704.4
Q,MIO_EUR,NSA,S13,P2,LT,2025-Q2,913.8
Q,MIO_EUR,NSA,S13,P2,LT,2025-Q3,928.4
Q,MIO_EUR,NSA,S13,P2,LT,2025-Q4,1196.5
Q,MIO_EUR,NSA,S13,P2,LT,2026-Q1,836.9
Q,MIO_EUR,NSA,S13,P2,LU,1995-Q1,
Q,MIO_EUR,NSA,S13,P2,LU,1995-Q2,
Q,MIO_EUR,NSA,S13,P2,LU,1995-Q3,
Q,MIO_EUR,NSA,S13,P2,LU,1995-Q4,
Q,MIO_EUR,NSA,S13,P2,LU,1996-Q1,
Q,MIO_EUR,NSA,S13,P2,LU,1996-Q2,
Q,MIO_EUR,NSA,S13,P2,LU,1996-Q3,
Q,MIO_EUR,NSA,S13,P2,LU,1996-Q4,
Q,MIO_EUR,NSA,S13,P2,LU,1997-Q1,
Q,MIO_EUR,NSA,S13,P2,LU,1997-Q2,
Q,MIO_EUR,NSA,S13,P2,LU,1997-Q3,
Q,MIO_EUR,NSA,S13,P2,LU,1997-Q4,
Q,MIO_EUR,NSA,S13,P2,LU,1998-Q1,
Q,MIO_EUR,NSA,S13,P2,LU,1998-Q2,
Q,MIO_EUR,NSA,S13,P2,LU,1998-Q3,
Q,MIO_EUR,NSA,S13,P2,LU,1998-Q4,
Q,MIO_EUR,NSA,S13,P2,LU,1999-Q1,
Q,MIO_EUR,NSA,S13,P2,LU,1999-Q2,
Q,MIO_EUR,NSA,S13,P2,LU,1999-Q3,
Q,MIO_EUR,NSA,S13,P2,LU,1999-Q4,
Q,MIO_EUR,NSA,S13,P2,LU,2000-Q1,
Q,MIO_EUR,NSA,S13,P2,LU,2000-Q2,
Q,MIO_EUR,NSA,S13,P2,LU,2000-Q3,
Q,MIO_EUR,NSA,S13,P2,LU,2000-Q4,
Q,MIO_EUR,NSA,S13,P2,LU,2001-Q1,
Q,MIO_EUR,NSA,S13,P2,LU,2001-Q2,
Q,MIO_EUR,NSA,S13,P2,LU,2001-Q3,
Q,MIO_EUR,NSA,S13,P2,LU,2001-Q4,
Q,MIO_EUR,NSA,S13,P2,LU,2002-Q1,221.3
Q,MIO_EUR,NSA,S13,P2,LU,2002-Q2,225.3
Q,MIO_EUR,NSA,S13,P2,LU,2002-Q3,238.4
Q,MIO_EUR,NSA,S13,P2,LU,2002-Q4,351.4
Q,MIO_EUR,NSA,S13,P2,LU,2003-Q1,245
Q,MIO_EUR,NSA,S13,P2,LU,2003-Q2,274.5
Q,MIO_EUR,NSA,S13,P2,LU,2003-Q3,252.9
Q,MIO_EUR,NSA,S13,P2,LU,2003-Q4,357.8
Q,MIO_EUR,NSA,S13,P2,LU,2004-Q1,217.3
Q,MIO_EUR,NSA,S13,P2,LU,2004-Q2,299.7
Q,MIO_EUR,NSA,S13,P2,LU,2004-Q3,274.6
Q,MIO_EUR,NSA,S13,P2,LU,2004-Q4,399.1
Q,MIO_EUR,NSA,S13,P2,LU,2005-Q1,277.8
Q,MIO_EUR,NSA,S13,P2,LU,2005-Q2,325.3
Q,MIO_EUR,NSA,S13,P2,LU,2005-Q3,270.4
Q,MIO_EUR,NSA,S13,P2,LU,2005-Q4,398.5
Q,MIO_EUR,NSA,S13,P2,LU,2006-Q1,306.5
Q,MIO_EUR,NSA,S13,P2,LU,2006-Q2,269.9
Q,MIO_EUR,NSA,S13,P2,LU,2006-Q3,280.7
Q,MIO_EUR,NSA,S13,P2,LU,2006-Q4,443.7
Q,MIO_EUR,NSA,S13,P2,LU,2007-Q1,310.2
Q,MIO_EUR,NSA,S13,P2,LU,2007-Q2,311.5
Q,MIO_EUR,NSA,S13,P2,LU,2007-Q3,268.7
Q,MIO_EUR,NSA,S13,P2,LU,2007-Q4,445.7
Q,MIO_EUR,NSA,S13,P2,LU,2008-Q1,372.8
Q,MIO_EUR,NSA,S13,P2,LU,2008-Q2,375.3
Q,MIO_EUR,NSA,S13,P2,LU,2008-Q3,296.2
Q,MIO_EUR,NSA,S13,P2,LU,2008-Q4,462.3
Q,MIO_EUR,NSA,S13,P2,LU,2009-Q1,365.3
Q,MIO_EUR,NSA,S13,P2,LU,2009-Q2,384.8
Q,MIO_EUR,NSA,S13,P2,LU,2009-Q3,346.7
Q,MIO_EUR,NSA,S13,P2,LU,2009-Q4,579.5
Q,MIO_EUR,NSA,S13,P2,LU,2010-Q1,376.8
Q,MIO_EUR,NSA,S13,P2,LU,2010-Q2,421.4
Q,MIO_EUR,NSA,S13,P2,LU,2010-Q3,345.7
Q,MIO_EUR,NSA,S13,P2,LU,2010-Q4,612.4
Q,MIO_EUR,NSA,S13,P2,LU,2011-Q1,451.8
Q,MIO_EUR,NSA,S13,P2,LU,2011-Q2,390.7
Q,MIO_EUR,NSA,S13,P2,LU,2011-Q3,402.7
Q,MIO_EUR,NSA,S13,P2,LU,2011-Q4,559.6
Q,MIO_EUR,NSA,S13,P2,LU,2012-Q1,478.8
Q,MIO_EUR,NSA,S13,P2,LU,2012-Q2,442.5
Q,MIO_EUR,NSA,S13,P2,LU,2012-Q3,408
Q,MIO_EUR,NSA,S13,P2,LU,2012-Q4,594.2
Q,MIO_EUR,NSA,S13,P2,LU,2013-Q1,353.6
Q,MIO_EUR,NSA,S13,P2,LU,2013-Q2,437.9
Q,MIO_EUR,NSA,S13,P2,LU,2013-Q3,365.2
Q,MIO_EUR,NSA,S13,P2,LU,2013-Q4,760.1
Q,MIO_EUR,NSA,S13,P2,LU,2014-Q1,325.8
Q,MIO_EUR,NSA,S13,P2,LU,2014-Q2,470.2
Q,MIO_EUR,NSA,S13,P2,LU,2014-Q3,431.2
Q,MIO_EUR,NSA,S13,P2,LU,2014-Q4,738.8
Q,MIO_EUR,NSA,S13,P2,LU,2015-Q1,440.6
Q,MIO_EUR,NSA,S13,P2,LU,2015-Q2,458.6
Q,MIO_EUR,NSA,S13,P2,LU,2015-Q3,432
Q,MIO_EUR,NSA,S13,P2,LU,2015-Q4,817.6
Q,MIO_EUR,NSA,S13,P2,LU,2016-Q1,475
Q,MIO_EUR,NSA,S13,P2,LU,2016-Q2,499.8
Q,MIO_EUR,NSA,S13,P2,LU,2016-Q3,487.3
Q,MIO_EUR,NSA,S13,P2,LU,2016-Q4,818.1
Q,MIO_EUR,NSA,S13,P2,LU,2017-Q1,453
Q,MIO_EUR,NSA,S13,P2,LU,2017-Q2,506.1
Q,MIO_EUR,NSA,S13,P2,LU,2017-Q3,481.6
Q,MIO_EUR,NSA,S13,P2,LU,2017-Q4,918.4
Q,MIO_EUR,NSA,S13,P2,LU,2018-Q1,541
Q,MIO_EUR,NSA,S13,P2,LU,2018-Q2,509.3
Q,MIO_EUR,NSA,S13,P2,LU,2018-Q3,529.7
Q,MIO_EUR,NSA,S13,P2,LU,2018-Q4,891.2
Q,MIO_EUR,NSA,S13,P2,LU,2019-Q1,397.6
Q,MIO_EUR,NSA,S13,P2,LU,2019-Q2,522.2
Q,MIO_EUR,NSA,S13,P2,LU,2019-Q3,584.3
Q,MIO_EUR,NSA,S13,P2,LU,2019-Q4,1155.2
Q,MIO_EUR,NSA,S13,P2,LU,2020-Q1,498.8
Q,MIO_EUR,NSA,S13,P2,LU,2020-Q2,482.3
Q,MIO_EUR,NSA,S13,P2,LU,2020-Q3,583.5
Q,MIO_EUR,NSA,S13,P2,LU,2020-Q4,1227
Q,MIO_EUR,NSA,S13,P2,LU,2021-Q1,481.6
Q,MIO_EUR,NSA,S13,P2,LU,2021-Q2,622.2
Q,MIO_EUR,NSA,S13,P2,LU,2021-Q3,667.3
Q,MIO_EUR,NSA,S13,P2,LU,2021-Q4,1255.5
Q,MIO_EUR,NSA,S13,P2,LU,2022-Q1,515
Q,MIO_EUR,NSA,S13,P2,LU,2022-Q2,666.4
Q,MIO_EUR,NSA,S13,P2,LU,2022-Q3,658.7
Q,MIO_EUR,NSA,S13,P2,LU,2022-Q4,1604
Q,MIO_EUR,NSA,S13,P2,LU,2023-Q1,524.2
Q,MIO_EUR,NSA,S13,P2,LU,2023-Q2,666.6
Q,MIO_EUR,NSA,S13,P2,LU,2023-Q3,700.7
Q,MIO_EUR,NSA,S13,P2,LU,2023-Q4,1763.7
Q,MIO_EUR,NSA,S13,P2,LU,2024-Q1,514.4
Q,MIO_EUR,NSA,S13,P2,LU,2024-Q2,789.4
Q,MIO_EUR,NSA,S13,P2,LU,2024-Q3,745.2
Q,MIO_EUR,NSA,S13,P2,LU,2024-Q4,1882.9
Q,MIO_EUR,NSA,S13,P2,LU,2025-Q1,593.9
Q,MIO_EUR,NSA,S13,P2,LU,2025-Q2,757.2
Q,MIO_EUR,NSA,S13,P2,LU,2025-Q3,825
Q,MIO_EUR,NSA,S13,P2,LU,2025-Q4,1996.2
Q,MIO_EUR,NSA,S13,P2,LU,2026-Q1,647.8
Q,MIO_EUR,NSA,S13,P2,HU,1995-Q1,
Q,MIO_EUR,NSA,S13,P2,HU,1995-Q2,
Q,MIO_EUR,NSA,S13,P2,HU,1995-Q3,
Q,MIO_EUR,NSA,S13,P2,HU,1995-Q4,
Q,MIO_EUR,NSA,S13,P2,HU,1996-Q1,
Q,MIO_EUR,NSA,S13,P2,HU,1996-Q2,
Q,MIO_EUR,NSA,S13,P2,HU,1996-Q3,
Q,MIO_EUR,NSA,S13,P2,HU,1996-Q4,
Q,MIO_EUR,NSA,S13,P2,HU,1997-Q1,
Q,MIO_EUR,NSA,S13,P2,HU,1997-Q2,
Q,MIO_EUR,NSA,S13,P2,HU,1997-Q3,
Q,MIO_EUR,NSA,S13,P2,HU,1997-Q4,
Q,MIO_EUR,NSA,S13,P2,HU,1998-Q1,
Q,MIO_EUR,NSA,S13,P2,HU,1998-Q2,
Q,MIO_EUR,NSA,S13,P2,HU,1998-Q3,
Q,MIO_EUR,NSA,S13,P2,HU,1998-Q4,
Q,MIO_EUR,NSA,S13,P2,HU,1999-Q1,706
Q,MIO_EUR,NSA,S13,P2,HU,1999-Q2,719.4
Q,MIO_EUR,NSA,S13,P2,HU,1999-Q3,751.6
Q,MIO_EUR,NSA,S13,P2,HU,1999-Q4,959.9
Q,MIO_EUR,NSA,S13,P2,HU,2000-Q1,800.4
Q,MIO_EUR,NSA,S13,P2,HU,2000-Q2,800.8
Q,MIO_EUR,NSA,S13,P2,HU,2000-Q3,795.9
Q,MIO_EUR,NSA,S13,P2,HU,2000-Q4,1037.1
Q,MIO_EUR,NSA,S13,P2,HU,2001-Q1,765.2
Q,MIO_EUR,NSA,S13,P2,HU,2001-Q2,943.8
Q,MIO_EUR,NSA,S13,P2,HU,2001-Q3,920.9
Q,MIO_EUR,NSA,S13,P2,HU,2001-Q4,1308.8
Q,MIO_EUR,NSA,S13,P2,HU,2002-Q1,995.1
Q,MIO_EUR,NSA,S13,P2,HU,2002-Q2,1114.1
Q,MIO_EUR,NSA,S13,P2,HU,2002-Q3,1069.5
Q,MIO_EUR,NSA,S13,P2,HU,2002-Q4,1476.6
Q,MIO_EUR,NSA,S13,P2,HU,2003-Q1,1152.9
Q,MIO_EUR,NSA,S13,P2,HU,2003-Q2,1203.8
Q,MIO_EUR,NSA,S13,P2,HU,2003-Q3,1094.3
Q,MIO_EUR,NSA,S13,P2,HU,2003-Q4,1531.9
Q,MIO_EUR,NSA,S13,P2,HU,2004-Q1,1140.4
Q,MIO_EUR,NSA,S13,P2,HU,2004-Q2,1333.1
Q,MIO_EUR,NSA,S13,P2,HU,2004-Q3,1255.4
Q,MIO_EUR,NSA,S13,P2,HU,2004-Q4,1608.8
Q,MIO_EUR,NSA,S13,P2,HU,2005-Q1,1311.8
Q,MIO_EUR,NSA,S13,P2,HU,2005-Q2,1470.7
Q,MIO_EUR,NSA,S13,P2,HU,2005-Q3,1385.2
Q,MIO_EUR,NSA,S13,P2,HU,2005-Q4,1576.6
Q,MIO_EUR,NSA,S13,P2,HU,2006-Q1,1537.8
Q,MIO_EUR,NSA,S13,P2,HU,2006-Q2,1548.4
Q,MIO_EUR,NSA,S13,P2,HU,2006-Q3,1274.3
Q,MIO_EUR,NSA,S13,P2,HU,2006-Q4,1580.4
Q,MIO_EUR,NSA,S13,P2,HU,2007-Q1,1259.5
Q,MIO_EUR,NSA,S13,P2,HU,2007-Q2,1672.4
Q,MIO_EUR,NSA,S13,P2,HU,2007-Q3,1497
Q,MIO_EUR,NSA,S13,P2,HU,2007-Q4,2059
Q,MIO_EUR,NSA,S13,P2,HU,2008-Q1,1663.3
Q,MIO_EUR,NSA,S13,P2,HU,2008-Q2,1937.2
Q,MIO_EUR,NSA,S13,P2,HU,2008-Q3,1912.1
Q,MIO_EUR,NSA,S13,P2,HU,2008-Q4,2151.3
Q,MIO_EUR,NSA,S13,P2,HU,2009-Q1,1563.5
Q,MIO_EUR,NSA,S13,P2,HU,2009-Q2,1886.5
Q,MIO_EUR,NSA,S13,P2,HU,2009-Q3,1569.9
Q,MIO_EUR,NSA,S13,P2,HU,2009-Q4,2261.7
Q,MIO_EUR,NSA,S13,P2,HU,2010-Q1,1858.6
Q,MIO_EUR,NSA,S13,P2,HU,2010-Q2,1936.6
Q,MIO_EUR,NSA,S13,P2,HU,2010-Q3,1713.9
Q,MIO_EUR,NSA,S13,P2,HU,2010-Q4,2157.7
Q,MIO_EUR,NSA,S13,P2,HU,2011-Q1,1801.5
Q,MIO_EUR,NSA,S13,P2,HU,2011-Q2,1962.6
Q,MIO_EUR,NSA,S13,P2,HU,2011-Q3,1775.3
Q,MIO_EUR,NSA,S13,P2,HU,2011-Q4,1947.1
Q,MIO_EUR,NSA,S13,P2,HU,2012-Q1,1558
Q,MIO_EUR,NSA,S13,P2,HU,2012-Q2,1900.5
Q,MIO_EUR,NSA,S13,P2,HU,2012-Q3,1658.2
Q,MIO_EUR,NSA,S13,P2,HU,2012-Q4,2245.7
Q,MIO_EUR,NSA,S13,P2,HU,2013-Q1,1697.9
Q,MIO_EUR,NSA,S13,P2,HU,2013-Q2,1975.2
Q,MIO_EUR,NSA,S13,P2,HU,2013-Q3,1741.5
Q,MIO_EUR,NSA,S13,P2,HU,2013-Q4,2172.1
Q,MIO_EUR,NSA,S13,P2,HU,2014-Q1,1764.8
Q,MIO_EUR,NSA,S13,P2,HU,2014-Q2,2039.1
Q,MIO_EUR,NSA,S13,P2,HU,2014-Q3,1759.3
Q,MIO_EUR,NSA,S13,P2,HU,2014-Q4,2576.8
Q,MIO_EUR,NSA,S13,P2,HU,2015-Q1,2077.7
Q,MIO_EUR,NSA,S13,P2,HU,2015-Q2,2210.8
Q,MIO_EUR,NSA,S13,P2,HU,2015-Q3,1839.8
Q,MIO_EUR,NSA,S13,P2,HU,2015-Q4,2687.6
Q,MIO_EUR,NSA,S13,P2,HU,2016-Q1,2028.3
Q,MIO_EUR,NSA,S13,P2,HU,2016-Q2,2186.9
Q,MIO_EUR,NSA,S13,P2,HU,2016-Q3,1910.5
Q,MIO_EUR,NSA,S13,P2,HU,2016-Q4,2566.5
Q,MIO_EUR,NSA,S13,P2,HU,2017-Q1,1956.9
Q,MIO_EUR,NSA,S13,P2,HU,2017-Q2,2395.6
Q,MIO_EUR,NSA,S13,P2,HU,2017-Q3,2562.9
Q,MIO_EUR,NSA,S13,P2,HU,2017-Q4,3433.7
Q,MIO_EUR,NSA,S13,P2,HU,2018-Q1,2261.5
Q,MIO_EUR,NSA,S13,P2,HU,2018-Q2,2759.5
Q,MIO_EUR,NSA,S13,P2,HU,2018-Q3,2664.2
Q,MIO_EUR,NSA,S13,P2,HU,2018-Q4,3441.9
Q,MIO_EUR,NSA,S13,P2,HU,2019-Q1,2560.4
Q,MIO_EUR,NSA,S13,P2,HU,2019-Q2,3033
Q,MIO_EUR,NSA,S13,P2,HU,2019-Q3,3100.3
Q,MIO_EUR,NSA,S13,P2,HU,2019-Q4,4057.8
Q,MIO_EUR,NSA,S13,P2,HU,2020-Q1,2498.3
Q,MIO_EUR,NSA,S13,P2,HU,2020-Q2,2840.2
Q,MIO_EUR,NSA,S13,P2,HU,2020-Q3,2753.8
Q,MIO_EUR,NSA,S13,P2,HU,2020-Q4,4041.5
Q,MIO_EUR,NSA,S13,P2,HU,2021-Q1,2666.7
Q,MIO_EUR,NSA,S13,P2,HU,2021-Q2,3031.6
Q,MIO_EUR,NSA,S13,P2,HU,2021-Q3,3134.8
Q,MIO_EUR,NSA,S13,P2,HU,2021-Q4,4582.7
Q,MIO_EUR,NSA,S13,P2,HU,2022-Q1,3264.4
Q,MIO_EUR,NSA,S13,P2,HU,2022-Q2,3321.5
Q,MIO_EUR,NSA,S13,P2,HU,2022-Q3,3261.5
Q,MIO_EUR,NSA,S13,P2,HU,2022-Q4,4666.5
Q,MIO_EUR,NSA,S13,P2,HU,2023-Q1,3594.5
Q,MIO_EUR,NSA,S13,P2,HU,2023-Q2,4508.1
Q,MIO_EUR,NSA,S13,P2,HU,2023-Q3,4185.8
Q,MIO_EUR,NSA,S13,P2,HU,2023-Q4,5043.2
Q,MIO_EUR,NSA,S13,P2,HU,2024-Q1,3328.6
Q,MIO_EUR,NSA,S13,P2,HU,2024-Q2,4572.6
Q,MIO_EUR,NSA,S13,P2,HU,2024-Q3,4413.8
Q,MIO_EUR,NSA,S13,P2,HU,2024-Q4,5097.9
Q,MIO_EUR,NSA,S13,P2,HU,2025-Q1,3570.1
Q,MIO_EUR,NSA,S13,P2,HU,2025-Q2,4446.4
Q,MIO_EUR,NSA,S13,P2,HU,2025-Q3,4464
Q,MIO_EUR,NSA,S13,P2,HU,2025-Q4,6098.1
Q,MIO_EUR,NSA,S13,P2,HU,2026-Q1,4157.1
Q,MIO_EUR,NSA,S13,P2,MT,1995-Q1,
Q,MIO_EUR,NSA,S13,P2,MT,1995-Q2,
Q,MIO_EUR,NSA,S13,P2,MT,1995-Q3,
Q,MIO_EUR,NSA,S13,P2,MT,1995-Q4,
Q,MIO_EUR,NSA,S13,P2,MT,1996-Q1,
Q,MIO_EUR,NSA,S13,P2,MT,1996-Q2,
Q,MIO_EUR,NSA,S13,P2,MT,1996-Q3,
Q,MIO_EUR,NSA,S13,P2,MT,1996-Q4,
Q,MIO_EUR,NSA,S13,P2,MT,1997-Q1,
Q,MIO_EUR,NSA,S13,P2,MT,1997-Q2,
Q,MIO_EUR,NSA,S13,P2,MT,1997-Q3,
Q,MIO_EUR,NSA,S13,P2,MT,1997-Q4,
Q,MIO_EUR,NSA,S13,P2,MT,1998-Q1,
Q,MIO_EUR,NSA,S13,P2,MT,1998-Q2,
Q,MIO_EUR,NSA,S13,P2,MT,1998-Q3,
Q,MIO_EUR,NSA,S13,P2,MT,1998-Q4,
Q,MIO_EUR,NSA,S13,P2,MT,1999-Q1,41
Q,MIO_EUR,NSA,S13,P2,MT,1999-Q2,41.6
Q,MIO_EUR,NSA,S13,P2,MT,1999-Q3,40.4
Q,MIO_EUR,NSA,S13,P2,MT,1999-Q4,46
Q,MIO_EUR,NSA,S13,P2,MT,2000-Q1,48.2
Q,MIO_EUR,NSA,S13,P2,MT,2000-Q2,52
Q,MIO_EUR,NSA,S13,P2,MT,2000-Q3,50.6
Q,MIO_EUR,NSA,S13,P2,MT,2000-Q4,64.5
Q,MIO_EUR,NSA,S13,P2,MT,2001-Q1,47.5
Q,MIO_EUR,NSA,S13,P2,MT,2001-Q2,47.4
Q,MIO_EUR,NSA,S13,P2,MT,2001-Q3,39.3
Q,MIO_EUR,NSA,S13,P2,MT,2001-Q4,70.6
Q,MIO_EUR,NSA,S13,P2,MT,2002-Q1,62.1
Q,MIO_EUR,NSA,S13,P2,MT,2002-Q2,56.5
Q,MIO_EUR,NSA,S13,P2,MT,2002-Q3,53.2
Q,MIO_EUR,NSA,S13,P2,MT,2002-Q4,46.4
Q,MIO_EUR,NSA,S13,P2,MT,2003-Q1,69
Q,MIO_EUR,NSA,S13,P2,MT,2003-Q2,59.4
Q,MIO_EUR,NSA,S13,P2,MT,2003-Q3,48.7
Q,MIO_EUR,NSA,S13,P2,MT,2003-Q4,53.9
Q,MIO_EUR,NSA,S13,P2,MT,2004-Q1,65.6
Q,MIO_EUR,NSA,S13,P2,MT,2004-Q2,58.9
Q,MIO_EUR,NSA,S13,P2,MT,2004-Q3,59
Q,MIO_EUR,NSA,S13,P2,MT,2004-Q4,73.9
Q,MIO_EUR,NSA,S13,P2,MT,2005-Q1,51.6
Q,MIO_EUR,NSA,S13,P2,MT,2005-Q2,59.1
Q,MIO_EUR,NSA,S13,P2,MT,2005-Q3,58.6
Q,MIO_EUR,NSA,S13,P2,MT,2005-Q4,76.9
Q,MIO_EUR,NSA,S13,P2,MT,2006-Q1,63.7
Q,MIO_EUR,NSA,S13,P2,MT,2006-Q2,65.8
Q,MIO_EUR,NSA,S13,P2,MT,2006-Q3,71.1
Q,MIO_EUR,NSA,S13,P2,MT,2006-Q4,94.8
Q,MIO_EUR,NSA,S13,P2,MT,2007-Q1,61.2
Q,MIO_EUR,NSA,S13,P2,MT,2007-Q2,70.4
Q,MIO_EUR,NSA,S13,P2,MT,2007-Q3,69.3
Q,MIO_EUR,NSA,S13,P2,MT,2007-Q4,105
Q,MIO_EUR,NSA,S13,P2,MT,2008-Q1,92.2
Q,MIO_EUR,NSA,S13,P2,MT,2008-Q2,93.4
Q,MIO_EUR,NSA,S13,P2,MT,2008-Q3,96.8
Q,MIO_EUR,NSA,S13,P2,MT,2008-Q4,109.7
Q,MIO_EUR,NSA,S13,P2,MT,2009-Q1,62.8
Q,MIO_EUR,NSA,S13,P2,MT,2009-Q2,97.2
Q,MIO_EUR,NSA,S13,P2,MT,2009-Q3,106.7
Q,MIO_EUR,NSA,S13,P2,MT,2009-Q4,98.5
Q,MIO_EUR,NSA,S13,P2,MT,2010-Q1,87.9
Q,MIO_EUR,NSA,S13,P2,MT,2010-Q2,109.8
Q,MIO_EUR,NSA,S13,P2,MT,2010-Q3,93.5
Q,MIO_EUR,NSA,S13,P2,MT,2010-Q4,120
Q,MIO_EUR,NSA,S13,P2,MT,2011-Q1,97.2
Q,MIO_EUR,NSA,S13,P2,MT,2011-Q2,103.7
Q,MIO_EUR,NSA,S13,P2,MT,2011-Q3,94.8
Q,MIO_EUR,NSA,S13,P2,MT,2011-Q4,142.4
Q,MIO_EUR,NSA,S13,P2,MT,2012-Q1,121.6
Q,MIO_EUR,NSA,S13,P2,MT,2012-Q2,114
Q,MIO_EUR,NSA,S13,P2,MT,2012-Q3,116.9
Q,MIO_EUR,NSA,S13,P2,MT,2012-Q4,135
Q,MIO_EUR,NSA,S13,P2,MT,2013-Q1,117.2
Q,MIO_EUR,NSA,S13,P2,MT,2013-Q2,110.6
Q,MIO_EUR,NSA,S13,P2,MT,2013-Q3,115.3
Q,MIO_EUR,NSA,S13,P2,MT,2013-Q4,135
Q,MIO_EUR,NSA,S13,P2,MT,2014-Q1,113.8
Q,MIO_EUR,NSA,S13,P2,MT,2014-Q2,135.8
Q,MIO_EUR,NSA,S13,P2,MT,2014-Q3,117.5
Q,MIO_EUR,NSA,S13,P2,MT,2014-Q4,155.2
Q,MIO_EUR,NSA,S13,P2,MT,2015-Q1,112.2
Q,MIO_EUR,NSA,S13,P2,MT,2015-Q2,146.3
Q,MIO_EUR,NSA,S13,P2,MT,2015-Q3,126.9
Q,MIO_EUR,NSA,S13,P2,MT,2015-Q4,208.8
Q,MIO_EUR,NSA,S13,P2,MT,2016-Q1,142.1
Q,MIO_EUR,NSA,S13,P2,MT,2016-Q2,140.4
Q,MIO_EUR,NSA,S13,P2,MT,2016-Q3,148.7
Q,MIO_EUR,NSA,S13,P2,MT,2016-Q4,195.8
Q,MIO_EUR,NSA,S13,P2,MT,2017-Q1,161.1
Q,MIO_EUR,NSA,S13,P2,MT,2017-Q2,184.4
Q,MIO_EUR,NSA,S13,P2,MT,2017-Q3,193.9
Q,MIO_EUR,NSA,S13,P2,MT,2017-Q4,177.7
Q,MIO_EUR,NSA,S13,P2,MT,2018-Q1,162.4
Q,MIO_EUR,NSA,S13,P2,MT,2018-Q2,211.1
Q,MIO_EUR,NSA,S13,P2,MT,2018-Q3,196.3
Q,MIO_EUR,NSA,S13,P2,MT,2018-Q4,260.6
Q,MIO_EUR,NSA,S13,P2,MT,2019-Q1,208.5
Q,MIO_EUR,NSA,S13,P2,MT,2019-Q2,242
Q,MIO_EUR,NSA,S13,P2,MT,2019-Q3,220.9
Q,MIO_EUR,NSA,S13,P2,MT,2019-Q4,296.3
Q,MIO_EUR,NSA,S13,P2,MT,2020-Q1,193.3
Q,MIO_EUR,NSA,S13,P2,MT,2020-Q2,328.8
Q,MIO_EUR,NSA,S13,P2,MT,2020-Q3,304.6
Q,MIO_EUR,NSA,S13,P2,MT,2020-Q4,362.5
Q,MIO_EUR,NSA,S13,P2,MT,2021-Q1,276.4
Q,MIO_EUR,NSA,S13,P2,MT,2021-Q2,275.6
Q,MIO_EUR,NSA,S13,P2,MT,2021-Q3,302
Q,MIO_EUR,NSA,S13,P2,MT,2021-Q4,395.9
Q,MIO_EUR,NSA,S13,P2,MT,2022-Q1,309.2
Q,MIO_EUR,NSA,S13,P2,MT,2022-Q2,327.3
Q,MIO_EUR,NSA,S13,P2,MT,2022-Q3,284.5
Q,MIO_EUR,NSA,S13,P2,MT,2022-Q4,382.5
Q,MIO_EUR,NSA,S13,P2,MT,2023-Q1,327.3
Q,MIO_EUR,NSA,S13,P2,MT,2023-Q2,372.4
Q,MIO_EUR,NSA,S13,P2,MT,2023-Q3,321.7
Q,MIO_EUR,NSA,S13,P2,MT,2023-Q4,455.1
Q,MIO_EUR,NSA,S13,P2,MT,2024-Q1,328.7
Q,MIO_EUR,NSA,S13,P2,MT,2024-Q2,420.3
Q,MIO_EUR,NSA,S13,P2,MT,2024-Q3,398.4
Q,MIO_EUR,NSA,S13,P2,MT,2024-Q4,568.3
Q,MIO_EUR,NSA,S13,P2,MT,2025-Q1,416.8
Q,MIO_EUR,NSA,S13,P2,MT,2025-Q2,505.4
Q,MIO_EUR,NSA,S13,P2,MT,2025-Q3,456.7
Q,MIO_EUR,NSA,S13,P2,MT,2025-Q4,611.7
Q,MIO_EUR,NSA,S13,P2,MT,2026-Q1,510.1
Q,MIO_EUR,NSA,S13,P2,NL,1995-Q1,
Q,MIO_EUR,NSA,S13,P2,NL,1995-Q2,
Q,MIO_EUR,NSA,S13,P2,NL,1995-Q3,
Q,MIO_EUR,NSA,S13,P2,NL,1995-Q4,
Q,MIO_EUR,NSA,S13,P2,NL,1996-Q1,
Q,MIO_EUR,NSA,S13,P2,NL,1996-Q2,
Q,MIO_EUR,NSA,S13,P2,NL,1996-Q3,
Q,MIO_EUR,NSA,S13,P2,NL,1996-Q4,
Q,MIO_EUR,NSA,S13,P2,NL,1997-Q1,
Q,MIO_EUR,NSA,S13,P2,NL,1997-Q2,
Q,MIO_EUR,NSA,S13,P2,NL,1997-Q3,
Q,MIO_EUR,NSA,S13,P2,NL,1997-Q4,
Q,MIO_EUR,NSA,S13,P2,NL,1998-Q1,
Q,MIO_EUR,NSA,S13,P2,NL,1998-Q2,
Q,MIO_EUR,NSA,S13,P2,NL,1998-Q3,
Q,MIO_EUR,NSA,S13,P2,NL,1998-Q4,
Q,MIO_EUR,NSA,S13,P2,NL,1999-Q1,5915
Q,MIO_EUR,NSA,S13,P2,NL,1999-Q2,5809
Q,MIO_EUR,NSA,S13,P2,NL,1999-Q3,5677
Q,MIO_EUR,NSA,S13,P2,NL,1999-Q4,6683
Q,MIO_EUR,NSA,S13,P2,NL,2000-Q1,6485
Q,MIO_EUR,NSA,S13,P2,NL,2000-Q2,6294
Q,MIO_EUR,NSA,S13,P2,NL,2000-Q3,6132
Q,MIO_EUR,NSA,S13,P2,NL,2000-Q4,7351
Q,MIO_EUR,NSA,S13,P2,NL,2001-Q1,7197
Q,MIO_EUR,NSA,S13,P2,NL,2001-Q2,6881
Q,MIO_EUR,NSA,S13,P2,NL,2001-Q3,6738
Q,MIO_EUR,NSA,S13,P2,NL,2001-Q4,8232
Q,MIO_EUR,NSA,S13,P2,NL,2002-Q1,7751
Q,MIO_EUR,NSA,S13,P2,NL,2002-Q2,7432
Q,MIO_EUR,NSA,S13,P2,NL,2002-Q3,7308
Q,MIO_EUR,NSA,S13,P2,NL,2002-Q4,8833
Q,MIO_EUR,NSA,S13,P2,NL,2003-Q1,8352
Q,MIO_EUR,NSA,S13,P2,NL,2003-Q2,7992
Q,MIO_EUR,NSA,S13,P2,NL,2003-Q3,7871
Q,MIO_EUR,NSA,S13,P2,NL,2003-Q4,9480
Q,MIO_EUR,NSA,S13,P2,NL,2004-Q1,8515
Q,MIO_EUR,NSA,S13,P2,NL,2004-Q2,8101
Q,MIO_EUR,NSA,S13,P2,NL,2004-Q3,7965
Q,MIO_EUR,NSA,S13,P2,NL,2004-Q4,9647
Q,MIO_EUR,NSA,S13,P2,NL,2005-Q1,8355
Q,MIO_EUR,NSA,S13,P2,NL,2005-Q2,8345
Q,MIO_EUR,NSA,S13,P2,NL,2005-Q3,8228
Q,MIO_EUR,NSA,S13,P2,NL,2005-Q4,9484
Q,MIO_EUR,NSA,S13,P2,NL,2006-Q1,8682
Q,MIO_EUR,NSA,S13,P2,NL,2006-Q2,8615
Q,MIO_EUR,NSA,S13,P2,NL,2006-Q3,8521
Q,MIO_EUR,NSA,S13,P2,NL,2006-Q4,9850
Q,MIO_EUR,NSA,S13,P2,NL,2007-Q1,9492
Q,MIO_EUR,NSA,S13,P2,NL,2007-Q2,9427
Q,MIO_EUR,NSA,S13,P2,NL,2007-Q3,9288
Q,MIO_EUR,NSA,S13,P2,NL,2007-Q4,10772
Q,MIO_EUR,NSA,S13,P2,NL,2008-Q1,9693
Q,MIO_EUR,NSA,S13,P2,NL,2008-Q2,9595
Q,MIO_EUR,NSA,S13,P2,NL,2008-Q3,9471
Q,MIO_EUR,NSA,S13,P2,NL,2008-Q4,11063
Q,MIO_EUR,NSA,S13,P2,NL,2009-Q1,10334
Q,MIO_EUR,NSA,S13,P2,NL,2009-Q2,10213
Q,MIO_EUR,NSA,S13,P2,NL,2009-Q3,10120
Q,MIO_EUR,NSA,S13,P2,NL,2009-Q4,11832
Q,MIO_EUR,NSA,S13,P2,NL,2010-Q1,10605
Q,MIO_EUR,NSA,S13,P2,NL,2010-Q2,10550
Q,MIO_EUR,NSA,S13,P2,NL,2010-Q3,10441
Q,MIO_EUR,NSA,S13,P2,NL,2010-Q4,12029
Q,MIO_EUR,NSA,S13,P2,NL,2011-Q1,10188
Q,MIO_EUR,NSA,S13,P2,NL,2011-Q2,10351
Q,MIO_EUR,NSA,S13,P2,NL,2011-Q3,10210
Q,MIO_EUR,NSA,S13,P2,NL,2011-Q4,11937
Q,MIO_EUR,NSA,S13,P2,NL,2012-Q1,10270
Q,MIO_EUR,NSA,S13,P2,NL,2012-Q2,10141
Q,MIO_EUR,NSA,S13,P2,NL,2012-Q3,10035
Q,MIO_EUR,NSA,S13,P2,NL,2012-Q4,11474
Q,MIO_EUR,NSA,S13,P2,NL,2013-Q1,10281
Q,MIO_EUR,NSA,S13,P2,NL,2013-Q2,10090
Q,MIO_EUR,NSA,S13,P2,NL,2013-Q3,10132
Q,MIO_EUR,NSA,S13,P2,NL,2013-Q4,11350
Q,MIO_EUR,NSA,S13,P2,NL,2014-Q1,10692
Q,MIO_EUR,NSA,S13,P2,NL,2014-Q2,10555
Q,MIO_EUR,NSA,S13,P2,NL,2014-Q3,10745
Q,MIO_EUR,NSA,S13,P2,NL,2014-Q4,11810
Q,MIO_EUR,NSA,S13,P2,NL,2015-Q1,10786
Q,MIO_EUR,NSA,S13,P2,NL,2015-Q2,10608
Q,MIO_EUR,NSA,S13,P2,NL,2015-Q3,10479
Q,MIO_EUR,NSA,S13,P2,NL,2015-Q4,11433
Q,MIO_EUR,NSA,S13,P2,NL,2016-Q1,10749
Q,MIO_EUR,NSA,S13,P2,NL,2016-Q2,10685
Q,MIO_EUR,NSA,S13,P2,NL,2016-Q3,10245
Q,MIO_EUR,NSA,S13,P2,NL,2016-Q4,11356
Q,MIO_EUR,NSA,S13,P2,NL,2017-Q1,11092
Q,MIO_EUR,NSA,S13,P2,NL,2017-Q2,10846
Q,MIO_EUR,NSA,S13,P2,NL,2017-Q3,10491
Q,MIO_EUR,NSA,S13,P2,NL,2017-Q4,11537
Q,MIO_EUR,NSA,S13,P2,NL,2018-Q1,11996
Q,MIO_EUR,NSA,S13,P2,NL,2018-Q2,11450
Q,MIO_EUR,NSA,S13,P2,NL,2018-Q3,11129
Q,MIO_EUR,NSA,S13,P2,NL,2018-Q4,11977
Q,MIO_EUR,NSA,S13,P2,NL,2019-Q1,12467
Q,MIO_EUR,NSA,S13,P2,NL,2019-Q2,12222
Q,MIO_EUR,NSA,S13,P2,NL,2019-Q3,11828
Q,MIO_EUR,NSA,S13,P2,NL,2019-Q4,12365
Q,MIO_EUR,NSA,S13,P2,NL,2020-Q1,13047
Q,MIO_EUR,NSA,S13,P2,NL,2020-Q2,12673
Q,MIO_EUR,NSA,S13,P2,NL,2020-Q3,12446
Q,MIO_EUR,NSA,S13,P2,NL,2020-Q4,12956
Q,MIO_EUR,NSA,S13,P2,NL,2021-Q1,13835
Q,MIO_EUR,NSA,S13,P2,NL,2021-Q2,14832
Q,MIO_EUR,NSA,S13,P2,NL,2021-Q3,13894
Q,MIO_EUR,NSA,S13,P2,NL,2021-Q4,14295
Q,MIO_EUR,NSA,S13,P2,NL,2022-Q1,14250
Q,MIO_EUR,NSA,S13,P2,NL,2022-Q2,15994
Q,MIO_EUR,NSA,S13,P2,NL,2022-Q3,15279
Q,MIO_EUR,NSA,S13,P2,NL,2022-Q4,15040
Q,MIO_EUR,NSA,S13,P2,NL,2023-Q1,15997
Q,MIO_EUR,NSA,S13,P2,NL,2023-Q2,16778
Q,MIO_EUR,NSA,S13,P2,NL,2023-Q3,17199
Q,MIO_EUR,NSA,S13,P2,NL,2023-Q4,17379
Q,MIO_EUR,NSA,S13,P2,NL,2024-Q1,17701
Q,MIO_EUR,NSA,S13,P2,NL,2024-Q2,18363
Q,MIO_EUR,NSA,S13,P2,NL,2024-Q3,18762
Q,MIO_EUR,NSA,S13,P2,NL,2024-Q4,19482
Q,MIO_EUR,NSA,S13,P2,NL,2025-Q1,18462
Q,MIO_EUR,NSA,S13,P2,NL,2025-Q2,19105
Q,MIO_EUR,NSA,S13,P2,NL,2025-Q3,19219
Q,MIO_EUR,NSA,S13,P2,NL,2025-Q4,19922
Q,MIO_EUR,NSA,S13,P2,NL,2026-Q1,19538
Q,MIO_EUR,NSA,S13,P2,AT,1995-Q1,
Q,MIO_EUR,NSA,S13,P2,AT,1995-Q2,
Q,MIO_EUR,NSA,S13,P2,AT,1995-Q3,
Q,MIO_EUR,NSA,S13,P2,AT,1995-Q4,
Q,MIO_EUR,NSA,S13,P2,AT,1996-Q1,
Q,MIO_EUR,NSA,S13,P2,AT,1996-Q2,
Q,MIO_EUR,NSA,S13,P2,AT,1996-Q3,
Q,MIO_EUR,NSA,S13,P2,AT,1996-Q4,
Q,MIO_EUR,NSA,S13,P2,AT,1997-Q1,
Q,MIO_EUR,NSA,S13,P2,AT,1997-Q2,
Q,MIO_EUR,NSA,S13,P2,AT,1997-Q3,
Q,MIO_EUR,NSA,S13,P2,AT,1997-Q4,
Q,MIO_EUR,NSA,S13,P2,AT,1998-Q1,
Q,MIO_EUR,NSA,S13,P2,AT,1998-Q2,
Q,MIO_EUR,NSA,S13,P2,AT,1998-Q3,
Q,MIO_EUR,NSA,S13,P2,AT,1998-Q4,
Q,MIO_EUR,NSA,S13,P2,AT,1999-Q1,
Q,MIO_EUR,NSA,S13,P2,AT,1999-Q2,
Q,MIO_EUR,NSA,S13,P2,AT,1999-Q3,
Q,MIO_EUR,NSA,S13,P2,AT,1999-Q4,
Q,MIO_EUR,NSA,S13,P2,AT,2000-Q1,
Q,MIO_EUR,NSA,S13,P2,AT,2000-Q2,
Q,MIO_EUR,NSA,S13,P2,AT,2000-Q3,
Q,MIO_EUR,NSA,S13,P2,AT,2000-Q4,
Q,MIO_EUR,NSA,S13,P2,AT,2001-Q1,2470.8
Q,MIO_EUR,NSA,S13,P2,AT,2001-Q2,2756.5
Q,MIO_EUR,NSA,S13,P2,AT,2001-Q3,2810.7
Q,MIO_EUR,NSA,S13,P2,AT,2001-Q4,4086.5
Q,MIO_EUR,NSA,S13,P2,AT,2002-Q1,2653.7
Q,MIO_EUR,NSA,S13,P2,AT,2002-Q2,2884.8
Q,MIO_EUR,NSA,S13,P2,AT,2002-Q3,2909.6
Q,MIO_EUR,NSA,S13,P2,AT,2002-Q4,4146.7
Q,MIO_EUR,NSA,S13,P2,AT,2003-Q1,2782.7
Q,MIO_EUR,NSA,S13,P2,AT,2003-Q2,3048.9
Q,MIO_EUR,NSA,S13,P2,AT,2003-Q3,3118
Q,MIO_EUR,NSA,S13,P2,AT,2003-Q4,4182.1
Q,MIO_EUR,NSA,S13,P2,AT,2004-Q1,2981.3
Q,MIO_EUR,NSA,S13,P2,AT,2004-Q2,3154.2
Q,MIO_EUR,NSA,S13,P2,AT,2004-Q3,3211
Q,MIO_EUR,NSA,S13,P2,AT,2004-Q4,4334
Q,MIO_EUR,NSA,S13,P2,AT,2005-Q1,3566.4
Q,MIO_EUR,NSA,S13,P2,AT,2005-Q2,3852.4
Q,MIO_EUR,NSA,S13,P2,AT,2005-Q3,3885.1
Q,MIO_EUR,NSA,S13,P2,AT,2005-Q4,4991.3
Q,MIO_EUR,NSA,S13,P2,AT,2006-Q1,3817.1
Q,MIO_EUR,NSA,S13,P2,AT,2006-Q2,4103.1
Q,MIO_EUR,NSA,S13,P2,AT,2006-Q3,4119.1
Q,MIO_EUR,NSA,S13,P2,AT,2006-Q4,5172.9
Q,MIO_EUR,NSA,S13,P2,AT,2007-Q1,3786.9
Q,MIO_EUR,NSA,S13,P2,AT,2007-Q2,4078.8
Q,MIO_EUR,NSA,S13,P2,AT,2007-Q3,4109.5
Q,MIO_EUR,NSA,S13,P2,AT,2007-Q4,5275.5
Q,MIO_EUR,NSA,S13,P2,AT,2008-Q1,4050.5
Q,MIO_EUR,NSA,S13,P2,AT,2008-Q2,4360.7
Q,MIO_EUR,NSA,S13,P2,AT,2008-Q3,4554
Q,MIO_EUR,NSA,S13,P2,AT,2008-Q4,5677.8
Q,MIO_EUR,NSA,S13,P2,AT,2009-Q1,4324.2
Q,MIO_EUR,NSA,S13,P2,AT,2009-Q2,4567.4
Q,MIO_EUR,NSA,S13,P2,AT,2009-Q3,4712.9
Q,MIO_EUR,NSA,S13,P2,AT,2009-Q4,5748.7
Q,MIO_EUR,NSA,S13,P2,AT,2010-Q1,4530.8
Q,MIO_EUR,NSA,S13,P2,AT,2010-Q2,4622.6
Q,MIO_EUR,NSA,S13,P2,AT,2010-Q3,4793.4
Q,MIO_EUR,NSA,S13,P2,AT,2010-Q4,5933.3
Q,MIO_EUR,NSA,S13,P2,AT,2011-Q1,4518.3
Q,MIO_EUR,NSA,S13,P2,AT,2011-Q2,4796.2
Q,MIO_EUR,NSA,S13,P2,AT,2011-Q3,4916.6
Q,MIO_EUR,NSA,S13,P2,AT,2011-Q4,5989.6
Q,MIO_EUR,NSA,S13,P2,AT,2012-Q1,4670.7
Q,MIO_EUR,NSA,S13,P2,AT,2012-Q2,4990.4
Q,MIO_EUR,NSA,S13,P2,AT,2012-Q3,5028.7
Q,MIO_EUR,NSA,S13,P2,AT,2012-Q4,5923.7
Q,MIO_EUR,NSA,S13,P2,AT,2013-Q1,4795.5
Q,MIO_EUR,NSA,S13,P2,AT,2013-Q2,5012.2
Q,MIO_EUR,NSA,S13,P2,AT,2013-Q3,5164.8
Q,MIO_EUR,NSA,S13,P2,AT,2013-Q4,6174
Q,MIO_EUR,NSA,S13,P2,AT,2014-Q1,4855.1
Q,MIO_EUR,NSA,S13,P2,AT,2014-Q2,5118.7
Q,MIO_EUR,NSA,S13,P2,AT,2014-Q3,5169.1
Q,MIO_EUR,NSA,S13,P2,AT,2014-Q4,6305.2
Q,MIO_EUR,NSA,S13,P2,AT,2015-Q1,5054.2
Q,MIO_EUR,NSA,S13,P2,AT,2015-Q2,5247.7
Q,MIO_EUR,NSA,S13,P2,AT,2015-Q3,5303.2
Q,MIO_EUR,NSA,S13,P2,AT,2015-Q4,6468.1
Q,MIO_EUR,NSA,S13,P2,AT,2016-Q1,5237
Q,MIO_EUR,NSA,S13,P2,AT,2016-Q2,5317
Q,MIO_EUR,NSA,S13,P2,AT,2016-Q3,5469.3
Q,MIO_EUR,NSA,S13,P2,AT,2016-Q4,6632.9
Q,MIO_EUR,NSA,S13,P2,AT,2017-Q1,5408.3
Q,MIO_EUR,NSA,S13,P2,AT,2017-Q2,5446.9
Q,MIO_EUR,NSA,S13,P2,AT,2017-Q3,5589.9
Q,MIO_EUR,NSA,S13,P2,AT,2017-Q4,6638
Q,MIO_EUR,NSA,S13,P2,AT,2018-Q1,5495.2
Q,MIO_EUR,NSA,S13,P2,AT,2018-Q2,5712.5
Q,MIO_EUR,NSA,S13,P2,AT,2018-Q3,5750.1
Q,MIO_EUR,NSA,S13,P2,AT,2018-Q4,6957.3
Q,MIO_EUR,NSA,S13,P2,AT,2019-Q1,5738.7
Q,MIO_EUR,NSA,S13,P2,AT,2019-Q2,5916.3
Q,MIO_EUR,NSA,S13,P2,AT,2019-Q3,6031.6
Q,MIO_EUR,NSA,S13,P2,AT,2019-Q4,7257.1
Q,MIO_EUR,NSA,S13,P2,AT,2020-Q1,5738
Q,MIO_EUR,NSA,S13,P2,AT,2020-Q2,5892.4
Q,MIO_EUR,NSA,S13,P2,AT,2020-Q3,6209.2
Q,MIO_EUR,NSA,S13,P2,AT,2020-Q4,8065.8
Q,MIO_EUR,NSA,S13,P2,AT,2021-Q1,6514.2
Q,MIO_EUR,NSA,S13,P2,AT,2021-Q2,7355.8
Q,MIO_EUR,NSA,S13,P2,AT,2021-Q3,7188.8
Q,MIO_EUR,NSA,S13,P2,AT,2021-Q4,9095.7
Q,MIO_EUR,NSA,S13,P2,AT,2022-Q1,7181.1
Q,MIO_EUR,NSA,S13,P2,AT,2022-Q2,7598.1
Q,MIO_EUR,NSA,S13,P2,AT,2022-Q3,7448.9
Q,MIO_EUR,NSA,S13,P2,AT,2022-Q4,9442.5
Q,MIO_EUR,NSA,S13,P2,AT,2023-Q1,7482.1
Q,MIO_EUR,NSA,S13,P2,AT,2023-Q2,8017.1
Q,MIO_EUR,NSA,S13,P2,AT,2023-Q3,7975.2
Q,MIO_EUR,NSA,S13,P2,AT,2023-Q4,9626.2
Q,MIO_EUR,NSA,S13,P2,AT,2024-Q1,8014.3
Q,MIO_EUR,NSA,S13,P2,AT,2024-Q2,8353.5
Q,MIO_EUR,NSA,S13,P2,AT,2024-Q3,8482.7
Q,MIO_EUR,NSA,S13,P2,AT,2024-Q4,10043.3
Q,MIO_EUR,NSA,S13,P2,AT,2025-Q1,8101.8
Q,MIO_EUR,NSA,S13,P2,AT,2025-Q2,8714.2
Q,MIO_EUR,NSA,S13,P2,AT,2025-Q3,8858.7
Q,MIO_EUR,NSA,S13,P2,AT,2025-Q4,10409.1
Q,MIO_EUR,NSA,S13,P2,AT,2026-Q1,8369.4
Q,MIO_EUR,NSA,S13,P2,PL,1995-Q1,
Q,MIO_EUR,NSA,S13,P2,PL,1995-Q2,
Q,MIO_EUR,NSA,S13,P2,PL,1995-Q3,
Q,MIO_EUR,NSA,S13,P2,PL,1995-Q4,
Q,MIO_EUR,NSA,S13,P2,PL,1996-Q1,
Q,MIO_EUR,NSA,S13,P2,PL,1996-Q2,
Q,MIO_EUR,NSA,S13,P2,PL,1996-Q3,
Q,MIO_EUR,NSA,S13,P2,PL,1996-Q4,
Q,MIO_EUR,NSA,S13,P2,PL,1997-Q1,
Q,MIO_EUR,NSA,S13,P2,PL,1997-Q2,
Q,MIO_EUR,NSA,S13,P2,PL,1997-Q3,
Q,MIO_EUR,NSA,S13,P2,PL,1997-Q4,
Q,MIO_EUR,NSA,S13,P2,PL,1998-Q1,
Q,MIO_EUR,NSA,S13,P2,PL,1998-Q2,
Q,MIO_EUR,NSA,S13,P2,PL,1998-Q3,
Q,MIO_EUR,NSA,S13,P2,PL,1998-Q4,
Q,MIO_EUR,NSA,S13,P2,PL,1999-Q1,2429.6
Q,MIO_EUR,NSA,S13,P2,PL,1999-Q2,2574.5
Q,MIO_EUR,NSA,S13,P2,PL,1999-Q3,2921.3
Q,MIO_EUR,NSA,S13,P2,PL,1999-Q4,2739.2
Q,MIO_EUR,NSA,S13,P2,PL,2000-Q1,2783.2
Q,MIO_EUR,NSA,S13,P2,PL,2000-Q2,2819.4
Q,MIO_EUR,NSA,S13,P2,PL,2000-Q3,3282.7
Q,MIO_EUR,NSA,S13,P2,PL,2000-Q4,3574.6
Q,MIO_EUR,NSA,S13,P2,PL,2001-Q1,3228
Q,MIO_EUR,NSA,S13,P2,PL,2001-Q2,3774.4
Q,MIO_EUR,NSA,S13,P2,PL,2001-Q3,3620.5
Q,MIO_EUR,NSA,S13,P2,PL,2001-Q4,4034.3
Q,MIO_EUR,NSA,S13,P2,PL,2002-Q1,3412.1
Q,MIO_EUR,NSA,S13,P2,PL,2002-Q2,3888.9
Q,MIO_EUR,NSA,S13,P2,PL,2002-Q3,3297.7
Q,MIO_EUR,NSA,S13,P2,PL,2002-Q4,3894.2
Q,MIO_EUR,NSA,S13,P2,PL,2003-Q1,3013
Q,MIO_EUR,NSA,S13,P2,PL,2003-Q2,3294.5
Q,MIO_EUR,NSA,S13,P2,PL,2003-Q3,3338.5
Q,MIO_EUR,NSA,S13,P2,PL,2003-Q4,3420.4
Q,MIO_EUR,NSA,S13,P2,PL,2004-Q1,2945.7
Q,MIO_EUR,NSA,S13,P2,PL,2004-Q2,3020.3
Q,MIO_EUR,NSA,S13,P2,PL,2004-Q3,3123.4
Q,MIO_EUR,NSA,S13,P2,PL,2004-Q4,4402.5
Q,MIO_EUR,NSA,S13,P2,PL,2005-Q1,3677.5
Q,MIO_EUR,NSA,S13,P2,PL,2005-Q2,3677.6
Q,MIO_EUR,NSA,S13,P2,PL,2005-Q3,3689.8
Q,MIO_EUR,NSA,S13,P2,PL,2005-Q4,4208.9
Q,MIO_EUR,NSA,S13,P2,PL,2006-Q1,4381
Q,MIO_EUR,NSA,S13,P2,PL,2006-Q2,4131.3
Q,MIO_EUR,NSA,S13,P2,PL,2006-Q3,4044.3
Q,MIO_EUR,NSA,S13,P2,PL,2006-Q4,4595.2
Q,MIO_EUR,NSA,S13,P2,PL,2007-Q1,4269.1
Q,MIO_EUR,NSA,S13,P2,PL,2007-Q2,5010.1
Q,MIO_EUR,NSA,S13,P2,PL,2007-Q3,4904
Q,MIO_EUR,NSA,S13,P2,PL,2007-Q4,5031.7
Q,MIO_EUR,NSA,S13,P2,PL,2008-Q1,5764.4
Q,MIO_EUR,NSA,S13,P2,PL,2008-Q2,5780.7
Q,MIO_EUR,NSA,S13,P2,PL,2008-Q3,5912.8
Q,MIO_EUR,NSA,S13,P2,PL,2008-Q4,5713
Q,MIO_EUR,NSA,S13,P2,PL,2009-Q1,4763.9
Q,MIO_EUR,NSA,S13,P2,PL,2009-Q2,4690.7
Q,MIO_EUR,NSA,S13,P2,PL,2009-Q3,4256
Q,MIO_EUR,NSA,S13,P2,PL,2009-Q4,5224.4
Q,MIO_EUR,NSA,S13,P2,PL,2010-Q1,5651.6
Q,MIO_EUR,NSA,S13,P2,PL,2010-Q2,5050
Q,MIO_EUR,NSA,S13,P2,PL,2010-Q3,5751.4
Q,MIO_EUR,NSA,S13,P2,PL,2010-Q4,6144.5
Q,MIO_EUR,NSA,S13,P2,PL,2011-Q1,6004.7
Q,MIO_EUR,NSA,S13,P2,PL,2011-Q2,5251.9
Q,MIO_EUR,NSA,S13,P2,PL,2011-Q3,4582.4
Q,MIO_EUR,NSA,S13,P2,PL,2011-Q4,5720.5
Q,MIO_EUR,NSA,S13,P2,PL,2012-Q1,5539.5
Q,MIO_EUR,NSA,S13,P2,PL,2012-Q2,5196.1
Q,MIO_EUR,NSA,S13,P2,PL,2012-Q3,5157.9
Q,MIO_EUR,NSA,S13,P2,PL,2012-Q4,6223.3
Q,MIO_EUR,NSA,S13,P2,PL,2013-Q1,5337.6
Q,MIO_EUR,NSA,S13,P2,PL,2013-Q2,5142.7
Q,MIO_EUR,NSA,S13,P2,PL,2013-Q3,4939.4
Q,MIO_EUR,NSA,S13,P2,PL,2013-Q4,6923
Q,MIO_EUR,NSA,S13,P2,PL,2014-Q1,4731.9
Q,MIO_EUR,NSA,S13,P2,PL,2014-Q2,5819.6
Q,MIO_EUR,NSA,S13,P2,PL,2014-Q3,5756.6
Q,MIO_EUR,NSA,S13,P2,PL,2014-Q4,7138.5
Q,MIO_EUR,NSA,S13,P2,PL,2015-Q1,4880.9
Q,MIO_EUR,NSA,S13,P2,PL,2015-Q2,5916.6
Q,MIO_EUR,NSA,S13,P2,PL,2015-Q3,5713.6
Q,MIO_EUR,NSA,S13,P2,PL,2015-Q4,7880.7
Q,MIO_EUR,NSA,S13,P2,PL,2016-Q1,4696.1
Q,MIO_EUR,NSA,S13,P2,PL,2016-Q2,5637.8
Q,MIO_EUR,NSA,S13,P2,PL,2016-Q3,5444.4
Q,MIO_EUR,NSA,S13,P2,PL,2016-Q4,7867.3
Q,MIO_EUR,NSA,S13,P2,PL,2017-Q1,5111.8
Q,MIO_EUR,NSA,S13,P2,PL,2017-Q2,6040.6
Q,MIO_EUR,NSA,S13,P2,PL,2017-Q3,6046
Q,MIO_EUR,NSA,S13,P2,PL,2017-Q4,8670.7
Q,MIO_EUR,NSA,S13,P2,PL,2018-Q1,5905
Q,MIO_EUR,NSA,S13,P2,PL,2018-Q2,6530.3
Q,MIO_EUR,NSA,S13,P2,PL,2018-Q3,6676.7
Q,MIO_EUR,NSA,S13,P2,PL,2018-Q4,8995.4
Q,MIO_EUR,NSA,S13,P2,PL,2019-Q1,6429.5
Q,MIO_EUR,NSA,S13,P2,PL,2019-Q2,7141.5
Q,MIO_EUR,NSA,S13,P2,PL,2019-Q3,7423.6
Q,MIO_EUR,NSA,S13,P2,PL,2019-Q4,9252.9
Q,MIO_EUR,NSA,S13,P2,PL,2020-Q1,6698.3
Q,MIO_EUR,NSA,S13,P2,PL,2020-Q2,6791.9
Q,MIO_EUR,NSA,S13,P2,PL,2020-Q3,7279.4
Q,MIO_EUR,NSA,S13,P2,PL,2020-Q4,9678.8
Q,MIO_EUR,NSA,S13,P2,PL,2021-Q1,6734.1
Q,MIO_EUR,NSA,S13,P2,PL,2021-Q2,8086.8
Q,MIO_EUR,NSA,S13,P2,PL,2021-Q3,8308.8
Q,MIO_EUR,NSA,S13,P2,PL,2021-Q4,10899
Q,MIO_EUR,NSA,S13,P2,PL,2022-Q1,8021.2
Q,MIO_EUR,NSA,S13,P2,PL,2022-Q2,9526.2
Q,MIO_EUR,NSA,S13,P2,PL,2022-Q3,9908.9
Q,MIO_EUR,NSA,S13,P2,PL,2022-Q4,13908.9
Q,MIO_EUR,NSA,S13,P2,PL,2023-Q1,9833.1
Q,MIO_EUR,NSA,S13,P2,PL,2023-Q2,11649.5
Q,MIO_EUR,NSA,S13,P2,PL,2023-Q3,11449.8
Q,MIO_EUR,NSA,S13,P2,PL,2023-Q4,16903.3
Q,MIO_EUR,NSA,S13,P2,PL,2024-Q1,11948.4
Q,MIO_EUR,NSA,S13,P2,PL,2024-Q2,13115.3
Q,MIO_EUR,NSA,S13,P2,PL,2024-Q3,13067.3
Q,MIO_EUR,NSA,S13,P2,PL,2024-Q4,19661
Q,MIO_EUR,NSA,S13,P2,PL,2025-Q1,12412.7
Q,MIO_EUR,NSA,S13,P2,PL,2025-Q2,14166.6
Q,MIO_EUR,NSA,S13,P2,PL,2025-Q3,14706.4
Q,MIO_EUR,NSA,S13,P2,PL,2025-Q4,21932.7
Q,MIO_EUR,NSA,S13,P2,PL,2026-Q1,14037.1
Q,MIO_EUR,NSA,S13,P2,PT,1995-Q1,
Q,MIO_EUR,NSA,S13,P2,PT,1995-Q2,
Q,MIO_EUR,NSA,S13,P2,PT,1995-Q3,
Q,MIO_EUR,NSA,S13,P2,PT,1995-Q4,
Q,MIO_EUR,NSA,S13,P2,PT,1996-Q1,
Q,MIO_EUR,NSA,S13,P2,PT,1996-Q2,
Q,MIO_EUR,NSA,S13,P2,PT,1996-Q3,
Q,MIO_EUR,NSA,S13,P2,PT,1996-Q4,
Q,MIO_EUR,NSA,S13,P2,PT,1997-Q1,
Q,MIO_EUR,NSA,S13,P2,PT,1997-Q2,
Q,MIO_EUR,NSA,S13,P2,PT,1997-Q3,
Q,MIO_EUR,NSA,S13,P2,PT,1997-Q4,
Q,MIO_EUR,NSA,S13,P2,PT,1998-Q1,
Q,MIO_EUR,NSA,S13,P2,PT,1998-Q2,
Q,MIO_EUR,NSA,S13,P2,PT,1998-Q3,
Q,MIO_EUR,NSA,S13,P2,PT,1998-Q4,
Q,MIO_EUR,NSA,S13,P2,PT,1999-Q1,729.9
Q,MIO_EUR,NSA,S13,P2,PT,1999-Q2,1174.9
Q,MIO_EUR,NSA,S13,P2,PT,1999-Q3,1233.1
Q,MIO_EUR,NSA,S13,P2,PT,1999-Q4,2078.4
Q,MIO_EUR,NSA,S13,P2,PT,2000-Q1,838.1
Q,MIO_EUR,NSA,S13,P2,PT,2000-Q2,1368.9
Q,MIO_EUR,NSA,S13,P2,PT,2000-Q3,1277.8
Q,MIO_EUR,NSA,S13,P2,PT,2000-Q4,2411
Q,MIO_EUR,NSA,S13,P2,PT,2001-Q1,924.2
Q,MIO_EUR,NSA,S13,P2,PT,2001-Q2,1433.5
Q,MIO_EUR,NSA,S13,P2,PT,2001-Q3,1375.8
Q,MIO_EUR,NSA,S13,P2,PT,2001-Q4,2447.1
Q,MIO_EUR,NSA,S13,P2,PT,2002-Q1,839.9
Q,MIO_EUR,NSA,S13,P2,PT,2002-Q2,1576.9
Q,MIO_EUR,NSA,S13,P2,PT,2002-Q3,1649.5
Q,MIO_EUR,NSA,S13,P2,PT,2002-Q4,2343
Q,MIO_EUR,NSA,S13,P2,PT,2003-Q1,1117.4
Q,MIO_EUR,NSA,S13,P2,PT,2003-Q2,1530.4
Q,MIO_EUR,NSA,S13,P2,PT,2003-Q3,1672.5
Q,MIO_EUR,NSA,S13,P2,PT,2003-Q4,2442.9
Q,MIO_EUR,NSA,S13,P2,PT,2004-Q1,1097.4
Q,MIO_EUR,NSA,S13,P2,PT,2004-Q2,1775.1
Q,MIO_EUR,NSA,S13,P2,PT,2004-Q3,1803.4
Q,MIO_EUR,NSA,S13,P2,PT,2004-Q4,2619.1
Q,MIO_EUR,NSA,S13,P2,PT,2005-Q1,1348.6
Q,MIO_EUR,NSA,S13,P2,PT,2005-Q2,1790.4
Q,MIO_EUR,NSA,S13,P2,PT,2005-Q3,1941.8
Q,MIO_EUR,NSA,S13,P2,PT,2005-Q4,2871.4
Q,MIO_EUR,NSA,S13,P2,PT,2006-Q1,1269
Q,MIO_EUR,NSA,S13,P2,PT,2006-Q2,1821.3
Q,MIO_EUR,NSA,S13,P2,PT,2006-Q3,2014
Q,MIO_EUR,NSA,S13,P2,PT,2006-Q4,3208.8
Q,MIO_EUR,NSA,S13,P2,PT,2007-Q1,1518.8
Q,MIO_EUR,NSA,S13,P2,PT,2007-Q2,2188.1
Q,MIO_EUR,NSA,S13,P2,PT,2007-Q3,2281.6
Q,MIO_EUR,NSA,S13,P2,PT,2007-Q4,3380.9
Q,MIO_EUR,NSA,S13,P2,PT,2008-Q1,1811.5
Q,MIO_EUR,NSA,S13,P2,PT,2008-Q2,2345.6
Q,MIO_EUR,NSA,S13,P2,PT,2008-Q3,2345.4
Q,MIO_EUR,NSA,S13,P2,PT,2008-Q4,3242.1
Q,MIO_EUR,NSA,S13,P2,PT,2009-Q1,1973.1
Q,MIO_EUR,NSA,S13,P2,PT,2009-Q2,2582
Q,MIO_EUR,NSA,S13,P2,PT,2009-Q3,2570.1
Q,MIO_EUR,NSA,S13,P2,PT,2009-Q4,3598.3
Q,MIO_EUR,NSA,S13,P2,PT,2010-Q1,1832.6
Q,MIO_EUR,NSA,S13,P2,PT,2010-Q2,2704.9
Q,MIO_EUR,NSA,S13,P2,PT,2010-Q3,2544
Q,MIO_EUR,NSA,S13,P2,PT,2010-Q4,3425.5
Q,MIO_EUR,NSA,S13,P2,PT,2011-Q1,1944.9
Q,MIO_EUR,NSA,S13,P2,PT,2011-Q2,2589.8
Q,MIO_EUR,NSA,S13,P2,PT,2011-Q3,2335.6
Q,MIO_EUR,NSA,S13,P2,PT,2011-Q4,3669.6
Q,MIO_EUR,NSA,S13,P2,PT,2012-Q1,1976.4
Q,MIO_EUR,NSA,S13,P2,PT,2012-Q2,2324.1
Q,MIO_EUR,NSA,S13,P2,PT,2012-Q3,2270.2
Q,MIO_EUR,NSA,S13,P2,PT,2012-Q4,3010
Q,MIO_EUR,NSA,S13,P2,PT,2013-Q1,1927.8
Q,MIO_EUR,NSA,S13,P2,PT,2013-Q2,2461.7
Q,MIO_EUR,NSA,S13,P2,PT,2013-Q3,2383.7
Q,MIO_EUR,NSA,S13,P2,PT,2013-Q4,2709.4
Q,MIO_EUR,NSA,S13,P2,PT,2014-Q1,2030.4
Q,MIO_EUR,NSA,S13,P2,PT,2014-Q2,2441.4
Q,MIO_EUR,NSA,S13,P2,PT,2014-Q3,2401.2
Q,MIO_EUR,NSA,S13,P2,PT,2014-Q4,2870.6
Q,MIO_EUR,NSA,S13,P2,PT,2015-Q1,2198.8
Q,MIO_EUR,NSA,S13,P2,PT,2015-Q2,2493.4
Q,MIO_EUR,NSA,S13,P2,PT,2015-Q3,2418.9
Q,MIO_EUR,NSA,S13,P2,PT,2015-Q4,2794.6
Q,MIO_EUR,NSA,S13,P2,PT,2016-Q1,2232.1
Q,MIO_EUR,NSA,S13,P2,PT,2016-Q2,2507.8
Q,MIO_EUR,NSA,S13,P2,PT,2016-Q3,2562.4
Q,MIO_EUR,NSA,S13,P2,PT,2016-Q4,2966.7
Q,MIO_EUR,NSA,S13,P2,PT,2017-Q1,2428.1
Q,MIO_EUR,NSA,S13,P2,PT,2017-Q2,2481.1
Q,MIO_EUR,NSA,S13,P2,PT,2017-Q3,2607.3
Q,MIO_EUR,NSA,S13,P2,PT,2017-Q4,2967.9
Q,MIO_EUR,NSA,S13,P2,PT,2018-Q1,2380.2
Q,MIO_EUR,NSA,S13,P2,PT,2018-Q2,2587.5
Q,MIO_EUR,NSA,S13,P2,PT,2018-Q3,2722.4
Q,MIO_EUR,NSA,S13,P2,PT,2018-Q4,3056.9
Q,MIO_EUR,NSA,S13,P2,PT,2019-Q1,2302.1
Q,MIO_EUR,NSA,S13,P2,PT,2019-Q2,2666.8
Q,MIO_EUR,NSA,S13,P2,PT,2019-Q3,2824.2
Q,MIO_EUR,NSA,S13,P2,PT,2019-Q4,3124.3
Q,MIO_EUR,NSA,S13,P2,PT,2020-Q1,2414.3
Q,MIO_EUR,NSA,S13,P2,PT,2020-Q2,2597.7
Q,MIO_EUR,NSA,S13,P2,PT,2020-Q3,2652.5
Q,MIO_EUR,NSA,S13,P2,PT,2020-Q4,3258.4
Q,MIO_EUR,NSA,S13,P2,PT,2021-Q1,2521.4
Q,MIO_EUR,NSA,S13,P2,PT,2021-Q2,2835.8
Q,MIO_EUR,NSA,S13,P2,PT,2021-Q3,3040.7
Q,MIO_EUR,NSA,S13,P2,PT,2021-Q4,3567.7
Q,MIO_EUR,NSA,S13,P2,PT,2022-Q1,2930.4
Q,MIO_EUR,NSA,S13,P2,PT,2022-Q2,3180.8
Q,MIO_EUR,NSA,S13,P2,PT,2022-Q3,3215.4
Q,MIO_EUR,NSA,S13,P2,PT,2022-Q4,3829.7
Q,MIO_EUR,NSA,S13,P2,PT,2023-Q1,2938.9
Q,MIO_EUR,NSA,S13,P2,PT,2023-Q2,3490.5
Q,MIO_EUR,NSA,S13,P2,PT,2023-Q3,3431.3
Q,MIO_EUR,NSA,S13,P2,PT,2023-Q4,4165.2
Q,MIO_EUR,NSA,S13,P2,PT,2024-Q1,3132.1
Q,MIO_EUR,NSA,S13,P2,PT,2024-Q2,3708.5
Q,MIO_EUR,NSA,S13,P2,PT,2024-Q3,3607.5
Q,MIO_EUR,NSA,S13,P2,PT,2024-Q4,4628.1
Q,MIO_EUR,NSA,S13,P2,PT,2025-Q1,3249.6
Q,MIO_EUR,NSA,S13,P2,PT,2025-Q2,3657.4
Q,MIO_EUR,NSA,S13,P2,PT,2025-Q3,4101.6
Q,MIO_EUR,NSA,S13,P2,PT,2025-Q4,4714.4
Q,MIO_EUR,NSA,S13,P2,PT,2026-Q1,3475.5
Q,MIO_EUR,NSA,S13,P2,RO,1995-Q1,333.9
Q,MIO_EUR,NSA,S13,P2,RO,1995-Q2,719.7
Q,MIO_EUR,NSA,S13,P2,RO,1995-Q3,169.4
Q,MIO_EUR,NSA,S13,P2,RO,1995-Q4,509.1
Q,MIO_EUR,NSA,S13,P2,RO,1996-Q1,299.6
Q,MIO_EUR,NSA,S13,P2,RO,1996-Q2,369.5
Q,MIO_EUR,NSA,S13,P2,RO,1996-Q3,408.2
Q,MIO_EUR,NSA,S13,P2,RO,1996-Q4,600.5
Q,MIO_EUR,NSA,S13,P2,RO,1997-Q1,278.2
Q,MIO_EUR,NSA,S13,P2,RO,1997-Q2,428.7
Q,MIO_EUR,NSA,S13,P2,RO,1997-Q3,546.8
Q,MIO_EUR,NSA,S13,P2,RO,1997-Q4,1153.7
Q,MIO_EUR,NSA,S13,P2,RO,1998-Q1,505.1
Q,MIO_EUR,NSA,S13,P2,RO,1998-Q2,613.8
Q,MIO_EUR,NSA,S13,P2,RO,1998-Q3,490.6
Q,MIO_EUR,NSA,S13,P2,RO,1998-Q4,812.6
Q,MIO_EUR,NSA,S13,P2,RO,1999-Q1,696.7
Q,MIO_EUR,NSA,S13,P2,RO,1999-Q2,625.5
Q,MIO_EUR,NSA,S13,P2,RO,1999-Q3,747.2
Q,MIO_EUR,NSA,S13,P2,RO,1999-Q4,1123.5
Q,MIO_EUR,NSA,S13,P2,RO,2000-Q1,786.3
Q,MIO_EUR,NSA,S13,P2,RO,2000-Q2,887
Q,MIO_EUR,NSA,S13,P2,RO,2000-Q3,788.9
Q,MIO_EUR,NSA,S13,P2,RO,2000-Q4,1328.3
Q,MIO_EUR,NSA,S13,P2,RO,2001-Q1,784.1
Q,MIO_EUR,NSA,S13,P2,RO,2001-Q2,852.9
Q,MIO_EUR,NSA,S13,P2,RO,2001-Q3,739
Q,MIO_EUR,NSA,S13,P2,RO,2001-Q4,1065.2
Q,MIO_EUR,NSA,S13,P2,RO,2002-Q1,896.2
Q,MIO_EUR,NSA,S13,P2,RO,2002-Q2,641.2
Q,MIO_EUR,NSA,S13,P2,RO,2002-Q3,849.3
Q,MIO_EUR,NSA,S13,P2,RO,2002-Q4,975.6
Q,MIO_EUR,NSA,S13,P2,RO,2003-Q1,625
Q,MIO_EUR,NSA,S13,P2,RO,2003-Q2,688
Q,MIO_EUR,NSA,S13,P2,RO,2003-Q3,1134.1
Q,MIO_EUR,NSA,S13,P2,RO,2003-Q4,1080.4
Q,MIO_EUR,NSA,S13,P2,RO,2004-Q1,627.7
Q,MIO_EUR,NSA,S13,P2,RO,2004-Q2,879.2
Q,MIO_EUR,NSA,S13,P2,RO,2004-Q3,694.5
Q,MIO_EUR,NSA,S13,P2,RO,2004-Q4,1219.6
Q,MIO_EUR,NSA,S13,P2,RO,2005-Q1,771.8
Q,MIO_EUR,NSA,S13,P2,RO,2005-Q2,1046
Q,MIO_EUR,NSA,S13,P2,RO,2005-Q3,1668.5
Q,MIO_EUR,NSA,S13,P2,RO,2005-Q4,1677.3
Q,MIO_EUR,NSA,S13,P2,RO,2006-Q1,682.7
Q,MIO_EUR,NSA,S13,P2,RO,2006-Q2,1088.7
Q,MIO_EUR,NSA,S13,P2,RO,2006-Q3,953.6
Q,MIO_EUR,NSA,S13,P2,RO,2006-Q4,3243.7
Q,MIO_EUR,NSA,S13,P2,RO,2007-Q1,1286.6
Q,MIO_EUR,NSA,S13,P2,RO,2007-Q2,1733.1
Q,MIO_EUR,NSA,S13,P2,RO,2007-Q3,1601.7
Q,MIO_EUR,NSA,S13,P2,RO,2007-Q4,3446.2
Q,MIO_EUR,NSA,S13,P2,RO,2008-Q1,1726.3
Q,MIO_EUR,NSA,S13,P2,RO,2008-Q2,2438.2
Q,MIO_EUR,NSA,S13,P2,RO,2008-Q3,2201.9
Q,MIO_EUR,NSA,S13,P2,RO,2008-Q4,2810.3
Q,MIO_EUR,NSA,S13,P2,RO,2009-Q1,1500
Q,MIO_EUR,NSA,S13,P2,RO,2009-Q2,2256.8
Q,MIO_EUR,NSA,S13,P2,RO,2009-Q3,1575.7
Q,MIO_EUR,NSA,S13,P2,RO,2009-Q4,2245.5
Q,MIO_EUR,NSA,S13,P2,RO,2010-Q1,1318.6
Q,MIO_EUR,NSA,S13,P2,RO,2010-Q2,1682.6
Q,MIO_EUR,NSA,S13,P2,RO,2010-Q3,1871.8
Q,MIO_EUR,NSA,S13,P2,RO,2010-Q4,1983.5
Q,MIO_EUR,NSA,S13,P2,RO,2011-Q1,1432.6
Q,MIO_EUR,NSA,S13,P2,RO,2011-Q2,1907.3
Q,MIO_EUR,NSA,S13,P2,RO,2011-Q3,1795.6
Q,MIO_EUR,NSA,S13,P2,RO,2011-Q4,2386.9
Q,MIO_EUR,NSA,S13,P2,RO,2012-Q1,1694.5
Q,MIO_EUR,NSA,S13,P2,RO,2012-Q2,1993
Q,MIO_EUR,NSA,S13,P2,RO,2012-Q3,1992.6
Q,MIO_EUR,NSA,S13,P2,RO,2012-Q4,2302.3
Q,MIO_EUR,NSA,S13,P2,RO,2013-Q1,1601.5
Q,MIO_EUR,NSA,S13,P2,RO,2013-Q2,1763.8
Q,MIO_EUR,NSA,S13,P2,RO,2013-Q3,2145.8
Q,MIO_EUR,NSA,S13,P2,RO,2013-Q4,2723.5
Q,MIO_EUR,NSA,S13,P2,RO,2014-Q1,1681.8
Q,MIO_EUR,NSA,S13,P2,RO,2014-Q2,2224.4
Q,MIO_EUR,NSA,S13,P2,RO,2014-Q3,2188.9
Q,MIO_EUR,NSA,S13,P2,RO,2014-Q4,3016.3
Q,MIO_EUR,NSA,S13,P2,RO,2015-Q1,1656.1
Q,MIO_EUR,NSA,S13,P2,RO,2015-Q2,2139.9
Q,MIO_EUR,NSA,S13,P2,RO,2015-Q3,2192.4
Q,MIO_EUR,NSA,S13,P2,RO,2015-Q4,3519.9
Q,MIO_EUR,NSA,S13,P2,RO,2016-Q1,1747.4
Q,MIO_EUR,NSA,S13,P2,RO,2016-Q2,2221
Q,MIO_EUR,NSA,S13,P2,RO,2016-Q3,2173.7
Q,MIO_EUR,NSA,S13,P2,RO,2016-Q4,3362.1
Q,MIO_EUR,NSA,S13,P2,RO,2017-Q1,1797.5
Q,MIO_EUR,NSA,S13,P2,RO,2017-Q2,2373.8
Q,MIO_EUR,NSA,S13,P2,RO,2017-Q3,2261
Q,MIO_EUR,NSA,S13,P2,RO,2017-Q4,3314.7
Q,MIO_EUR,NSA,S13,P2,RO,2018-Q1,1931.9
Q,MIO_EUR,NSA,S13,P2,RO,2018-Q2,2353.8
Q,MIO_EUR,NSA,S13,P2,RO,2018-Q3,2489
Q,MIO_EUR,NSA,S13,P2,RO,2018-Q4,3465.4
Q,MIO_EUR,NSA,S13,P2,RO,2019-Q1,2262.2
Q,MIO_EUR,NSA,S13,P2,RO,2019-Q2,3017.4
Q,MIO_EUR,NSA,S13,P2,RO,2019-Q3,2900
Q,MIO_EUR,NSA,S13,P2,RO,2019-Q4,4404.5
Q,MIO_EUR,NSA,S13,P2,RO,2020-Q1,2477.2
Q,MIO_EUR,NSA,S13,P2,RO,2020-Q2,2800.6
Q,MIO_EUR,NSA,S13,P2,RO,2020-Q3,3148.2
Q,MIO_EUR,NSA,S13,P2,RO,2020-Q4,4545.2
Q,MIO_EUR,NSA,S13,P2,RO,2021-Q1,2241.6
Q,MIO_EUR,NSA,S13,P2,RO,2021-Q2,3327.7
Q,MIO_EUR,NSA,S13,P2,RO,2021-Q3,3122.8
Q,MIO_EUR,NSA,S13,P2,RO,2021-Q4,5608.8
Q,MIO_EUR,NSA,S13,P2,RO,2022-Q1,2935.5
Q,MIO_EUR,NSA,S13,P2,RO,2022-Q2,3678.9
Q,MIO_EUR,NSA,S13,P2,RO,2022-Q3,3817.1
Q,MIO_EUR,NSA,S13,P2,RO,2022-Q4,5594
Q,MIO_EUR,NSA,S13,P2,RO,2023-Q1,3441.6
Q,MIO_EUR,NSA,S13,P2,RO,2023-Q2,4246.4
Q,MIO_EUR,NSA,S13,P2,RO,2023-Q3,4762
Q,MIO_EUR,NSA,S13,P2,RO,2023-Q4,7179.3
Q,MIO_EUR,NSA,S13,P2,RO,2024-Q1,3385.9
Q,MIO_EUR,NSA,S13,P2,RO,2024-Q2,5316.2
Q,MIO_EUR,NSA,S13,P2,RO,2024-Q3,5249
Q,MIO_EUR,NSA,S13,P2,RO,2024-Q4,7979.6
Q,MIO_EUR,NSA,S13,P2,RO,2025-Q1,3172.8
Q,MIO_EUR,NSA,S13,P2,RO,2025-Q2,5367.3
Q,MIO_EUR,NSA,S13,P2,RO,2025-Q3,5864.6
Q,MIO_EUR,NSA,S13,P2,RO,2025-Q4,6935.9
Q,MIO_EUR,NSA,S13,P2,RO,2026-Q1,4793.1
Q,MIO_EUR,NSA,S13,P2,SI,1995-Q1,
Q,MIO_EUR,NSA,S13,P2,SI,1995-Q2,
Q,MIO_EUR,NSA,S13,P2,SI,1995-Q3,
Q,MIO_EUR,NSA,S13,P2,SI,1995-Q4,
Q,MIO_EUR,NSA,S13,P2,SI,1996-Q1,
Q,MIO_EUR,NSA,S13,P2,SI,1996-Q2,
Q,MIO_EUR,NSA,S13,P2,SI,1996-Q3,
Q,MIO_EUR,NSA,S13,P2,SI,1996-Q4,
Q,MIO_EUR,NSA,S13,P2,SI,1997-Q1,
Q,MIO_EUR,NSA,S13,P2,SI,1997-Q2,
Q,MIO_EUR,NSA,S13,P2,SI,1997-Q3,
Q,MIO_EUR,NSA,S13,P2,SI,1997-Q4,
Q,MIO_EUR,NSA,S13,P2,SI,1998-Q1,
Q,MIO_EUR,NSA,S13,P2,SI,1998-Q2,
Q,MIO_EUR,NSA,S13,P2,SI,1998-Q3,
Q,MIO_EUR,NSA,S13,P2,SI,1998-Q4,
Q,MIO_EUR,NSA,S13,P2,SI,1999-Q1,298.6
Q,MIO_EUR,NSA,S13,P2,SI,1999-Q2,333.7
Q,MIO_EUR,NSA,S13,P2,SI,1999-Q3,332.7
Q,MIO_EUR,NSA,S13,P2,SI,1999-Q4,355.8
Q,MIO_EUR,NSA,S13,P2,SI,2000-Q1,326.4
Q,MIO_EUR,NSA,S13,P2,SI,2000-Q2,361.4
Q,MIO_EUR,NSA,S13,P2,SI,2000-Q3,350.5
Q,MIO_EUR,NSA,S13,P2,SI,2000-Q4,374.5
Q,MIO_EUR,NSA,S13,P2,SI,2001-Q1,331.4
Q,MIO_EUR,NSA,S13,P2,SI,2001-Q2,370.8
Q,MIO_EUR,NSA,S13,P2,SI,2001-Q3,361.3
Q,MIO_EUR,NSA,S13,P2,SI,2001-Q4,391.4
Q,MIO_EUR,NSA,S13,P2,SI,2002-Q1,365.1
Q,MIO_EUR,NSA,S13,P2,SI,2002-Q2,408
Q,MIO_EUR,NSA,S13,P2,SI,2002-Q3,398.6
Q,MIO_EUR,NSA,S13,P2,SI,2002-Q4,428.7
Q,MIO_EUR,NSA,S13,P2,SI,2003-Q1,366.6
Q,MIO_EUR,NSA,S13,P2,SI,2003-Q2,411.5
Q,MIO_EUR,NSA,S13,P2,SI,2003-Q3,402.9
Q,MIO_EUR,NSA,S13,P2,SI,2003-Q4,432.4
Q,MIO_EUR,NSA,S13,P2,SI,2004-Q1,373.2
Q,MIO_EUR,NSA,S13,P2,SI,2004-Q2,421.1
Q,MIO_EUR,NSA,S13,P2,SI,2004-Q3,413.4
Q,MIO_EUR,NSA,S13,P2,SI,2004-Q4,446.7
Q,MIO_EUR,NSA,S13,P2,SI,2005-Q1,391.9
Q,MIO_EUR,NSA,S13,P2,SI,2005-Q2,444.3
Q,MIO_EUR,NSA,S13,P2,SI,2005-Q3,437.3
Q,MIO_EUR,NSA,S13,P2,SI,2005-Q4,472.5
Q,MIO_EUR,NSA,S13,P2,SI,2006-Q1,422
Q,MIO_EUR,NSA,S13,P2,SI,2006-Q2,483.7
Q,MIO_EUR,NSA,S13,P2,SI,2006-Q3,471.8
Q,MIO_EUR,NSA,S13,P2,SI,2006-Q4,509.8
Q,MIO_EUR,NSA,S13,P2,SI,2007-Q1,443.3
Q,MIO_EUR,NSA,S13,P2,SI,2007-Q2,506.5
Q,MIO_EUR,NSA,S13,P2,SI,2007-Q3,494.3
Q,MIO_EUR,NSA,S13,P2,SI,2007-Q4,533.6
Q,MIO_EUR,NSA,S13,P2,SI,2008-Q1,514.2
Q,MIO_EUR,NSA,S13,P2,SI,2008-Q2,585.8
Q,MIO_EUR,NSA,S13,P2,SI,2008-Q3,577.8
Q,MIO_EUR,NSA,S13,P2,SI,2008-Q4,625.2
Q,MIO_EUR,NSA,S13,P2,SI,2009-Q1,532.4
Q,MIO_EUR,NSA,S13,P2,SI,2009-Q2,601.2
Q,MIO_EUR,NSA,S13,P2,SI,2009-Q3,599.7
Q,MIO_EUR,NSA,S13,P2,SI,2009-Q4,649.8
Q,MIO_EUR,NSA,S13,P2,SI,2010-Q1,552
Q,MIO_EUR,NSA,S13,P2,SI,2010-Q2,625.9
Q,MIO_EUR,NSA,S13,P2,SI,2010-Q3,615.7
Q,MIO_EUR,NSA,S13,P2,SI,2010-Q4,663.1
Q,MIO_EUR,NSA,S13,P2,SI,2011-Q1,587.9
Q,MIO_EUR,NSA,S13,P2,SI,2011-Q2,672.8
Q,MIO_EUR,NSA,S13,P2,SI,2011-Q3,654.2
Q,MIO_EUR,NSA,S13,P2,SI,2011-Q4,716
Q,MIO_EUR,NSA,S13,P2,SI,2012-Q1,561.7
Q,MIO_EUR,NSA,S13,P2,SI,2012-Q2,629.9
Q,MIO_EUR,NSA,S13,P2,SI,2012-Q3,623
Q,MIO_EUR,NSA,S13,P2,SI,2012-Q4,672.5
Q,MIO_EUR,NSA,S13,P2,SI,2013-Q1,551.3
Q,MIO_EUR,NSA,S13,P2,SI,2013-Q2,626.5
Q,MIO_EUR,NSA,S13,P2,SI,2013-Q3,620.3
Q,MIO_EUR,NSA,S13,P2,SI,2013-Q4,672.6
Q,MIO_EUR,NSA,S13,P2,SI,2014-Q1,546.8
Q,MIO_EUR,NSA,S13,P2,SI,2014-Q2,620.3
Q,MIO_EUR,NSA,S13,P2,SI,2014-Q3,613.8
Q,MIO_EUR,NSA,S13,P2,SI,2014-Q4,686.1
Q,MIO_EUR,NSA,S13,P2,SI,2015-Q1,575.2
Q,MIO_EUR,NSA,S13,P2,SI,2015-Q2,646.2
Q,MIO_EUR,NSA,S13,P2,SI,2015-Q3,640.9
Q,MIO_EUR,NSA,S13,P2,SI,2015-Q4,697.8
Q,MIO_EUR,NSA,S13,P2,SI,2016-Q1,586.5
Q,MIO_EUR,NSA,S13,P2,SI,2016-Q2,661.8
Q,MIO_EUR,NSA,S13,P2,SI,2016-Q3,651.7
Q,MIO_EUR,NSA,S13,P2,SI,2016-Q4,699.3
Q,MIO_EUR,NSA,S13,P2,SI,2017-Q1,610.3
Q,MIO_EUR,NSA,S13,P2,SI,2017-Q2,685.8
Q,MIO_EUR,NSA,S13,P2,SI,2017-Q3,675.3
Q,MIO_EUR,NSA,S13,P2,SI,2017-Q4,728.6
Q,MIO_EUR,NSA,S13,P2,SI,2018-Q1,643.2
Q,MIO_EUR,NSA,S13,P2,SI,2018-Q2,723.3
Q,MIO_EUR,NSA,S13,P2,SI,2018-Q3,715.4
Q,MIO_EUR,NSA,S13,P2,SI,2018-Q4,775.2
Q,MIO_EUR,NSA,S13,P2,SI,2019-Q1,659.5
Q,MIO_EUR,NSA,S13,P2,SI,2019-Q2,745.1
Q,MIO_EUR,NSA,S13,P2,SI,2019-Q3,735.5
Q,MIO_EUR,NSA,S13,P2,SI,2019-Q4,791.4
Q,MIO_EUR,NSA,S13,P2,SI,2020-Q1,643
Q,MIO_EUR,NSA,S13,P2,SI,2020-Q2,724.6
Q,MIO_EUR,NSA,S13,P2,SI,2020-Q3,721.7
Q,MIO_EUR,NSA,S13,P2,SI,2020-Q4,778.2
Q,MIO_EUR,NSA,S13,P2,SI,2021-Q1,767.5
Q,MIO_EUR,NSA,S13,P2,SI,2021-Q2,864
Q,MIO_EUR,NSA,S13,P2,SI,2021-Q3,856
Q,MIO_EUR,NSA,S13,P2,SI,2021-Q4,919.6
Q,MIO_EUR,NSA,S13,P2,SI,2022-Q1,843.9
Q,MIO_EUR,NSA,S13,P2,SI,2022-Q2,950.2
Q,MIO_EUR,NSA,S13,P2,SI,2022-Q3,941.9
Q,MIO_EUR,NSA,S13,P2,SI,2022-Q4,1021.5
Q,MIO_EUR,NSA,S13,P2,SI,2023-Q1,915.9
Q,MIO_EUR,NSA,S13,P2,SI,2023-Q2,1023.5
Q,MIO_EUR,NSA,S13,P2,SI,2023-Q3,1009.7
Q,MIO_EUR,NSA,S13,P2,SI,2023-Q4,1229.2
Q,MIO_EUR,NSA,S13,P2,SI,2024-Q1,965.8
Q,MIO_EUR,NSA,S13,P2,SI,2024-Q2,1166.6
Q,MIO_EUR,NSA,S13,P2,SI,2024-Q3,1053
Q,MIO_EUR,NSA,S13,P2,SI,2024-Q4,1183.8
Q,MIO_EUR,NSA,S13,P2,SI,2025-Q1,1137.3
Q,MIO_EUR,NSA,S13,P2,SI,2025-Q2,1193
Q,MIO_EUR,NSA,S13,P2,SI,2025-Q3,1133.5
Q,MIO_EUR,NSA,S13,P2,SI,2025-Q4,1342.6
Q,MIO_EUR,NSA,S13,P2,SI,2026-Q1,1194.7
Q,MIO_EUR,NSA,S13,P2,SK,1995-Q1,
Q,MIO_EUR,NSA,S13,P2,SK,1995-Q2,
Q,MIO_EUR,NSA,S13,P2,SK,1995-Q3,
Q,MIO_EUR,NSA,S13,P2,SK,1995-Q4,
Q,MIO_EUR,NSA,S13,P2,SK,1996-Q1,
Q,MIO_EUR,NSA,S13,P2,SK,1996-Q2,
Q,MIO_EUR,NSA,S13,P2,SK,1996-Q3,
Q,MIO_EUR,NSA,S13,P2,SK,1996-Q4,
Q,MIO_EUR,NSA,S13,P2,SK,1997-Q1,
Q,MIO_EUR,NSA,S13,P2,SK,1997-Q2,
Q,MIO_EUR,NSA,S13,P2,SK,1997-Q3,
Q,MIO_EUR,NSA,S13,P2,SK,1997-Q4,
Q,MIO_EUR,NSA,S13,P2,SK,1998-Q1,
Q,MIO_EUR,NSA,S13,P2,SK,1998-Q2,
Q,MIO_EUR,NSA,S13,P2,SK,1998-Q3,
Q,MIO_EUR,NSA,S13,P2,SK,1998-Q4,
Q,MIO_EUR,NSA,S13,P2,SK,1999-Q1,322.5
Q,MIO_EUR,NSA,S13,P2,SK,1999-Q2,262.8
Q,MIO_EUR,NSA,S13,P2,SK,1999-Q3,261.8
Q,MIO_EUR,NSA,S13,P2,SK,1999-Q4,274.7
Q,MIO_EUR,NSA,S13,P2,SK,2000-Q1,302.1
Q,MIO_EUR,NSA,S13,P2,SK,2000-Q2,313.3
Q,MIO_EUR,NSA,S13,P2,SK,2000-Q3,335.3
Q,MIO_EUR,NSA,S13,P2,SK,2000-Q4,444.9
Q,MIO_EUR,NSA,S13,P2,SK,2001-Q1,299.1
Q,MIO_EUR,NSA,S13,P2,SK,2001-Q2,349.4
Q,MIO_EUR,NSA,S13,P2,SK,2001-Q3,338.3
Q,MIO_EUR,NSA,S13,P2,SK,2001-Q4,506.2
Q,MIO_EUR,NSA,S13,P2,SK,2002-Q1,295.9
Q,MIO_EUR,NSA,S13,P2,SK,2002-Q2,331.3
Q,MIO_EUR,NSA,S13,P2,SK,2002-Q3,372.4
Q,MIO_EUR,NSA,S13,P2,SK,2002-Q4,496
Q,MIO_EUR,NSA,S13,P2,SK,2003-Q1,347.9
Q,MIO_EUR,NSA,S13,P2,SK,2003-Q2,377.9
Q,MIO_EUR,NSA,S13,P2,SK,2003-Q3,353.5
Q,MIO_EUR,NSA,S13,P2,SK,2003-Q4,615
Q,MIO_EUR,NSA,S13,P2,SK,2004-Q1,329.5
Q,MIO_EUR,NSA,S13,P2,SK,2004-Q2,417
Q,MIO_EUR,NSA,S13,P2,SK,2004-Q3,413.5
Q,MIO_EUR,NSA,S13,P2,SK,2004-Q4,652.2
Q,MIO_EUR,NSA,S13,P2,SK,2005-Q1,369.9
Q,MIO_EUR,NSA,S13,P2,SK,2005-Q2,435.3
Q,MIO_EUR,NSA,S13,P2,SK,2005-Q3,480.7
Q,MIO_EUR,NSA,S13,P2,SK,2005-Q4,777.1
Q,MIO_EUR,NSA,S13,P2,SK,2006-Q1,540.3
Q,MIO_EUR,NSA,S13,P2,SK,2006-Q2,643
Q,MIO_EUR,NSA,S13,P2,SK,2006-Q3,578.7
Q,MIO_EUR,NSA,S13,P2,SK,2006-Q4,962.4
Q,MIO_EUR,NSA,S13,P2,SK,2007-Q1,661.8
Q,MIO_EUR,NSA,S13,P2,SK,2007-Q2,589.9
Q,MIO_EUR,NSA,S13,P2,SK,2007-Q3,652.8
Q,MIO_EUR,NSA,S13,P2,SK,2007-Q4,1028.8
Q,MIO_EUR,NSA,S13,P2,SK,2008-Q1,577.7
Q,MIO_EUR,NSA,S13,P2,SK,2008-Q2,718.3
Q,MIO_EUR,NSA,S13,P2,SK,2008-Q3,761.9
Q,MIO_EUR,NSA,S13,P2,SK,2008-Q4,1187.9
Q,MIO_EUR,NSA,S13,P2,SK,2009-Q1,777.2
Q,MIO_EUR,NSA,S13,P2,SK,2009-Q2,945.8
Q,MIO_EUR,NSA,S13,P2,SK,2009-Q3,850.2
Q,MIO_EUR,NSA,S13,P2,SK,2009-Q4,1327.1
Q,MIO_EUR,NSA,S13,P2,SK,2010-Q1,865.3
Q,MIO_EUR,NSA,S13,P2,SK,2010-Q2,980.9
Q,MIO_EUR,NSA,S13,P2,SK,2010-Q3,903.1
Q,MIO_EUR,NSA,S13,P2,SK,2010-Q4,1322.6
Q,MIO_EUR,NSA,S13,P2,SK,2011-Q1,884.6
Q,MIO_EUR,NSA,S13,P2,SK,2011-Q2,977.7
Q,MIO_EUR,NSA,S13,P2,SK,2011-Q3,939.6
Q,MIO_EUR,NSA,S13,P2,SK,2011-Q4,1403.4
Q,MIO_EUR,NSA,S13,P2,SK,2012-Q1,964.6
Q,MIO_EUR,NSA,S13,P2,SK,2012-Q2,965.3
Q,MIO_EUR,NSA,S13,P2,SK,2012-Q3,968.4
Q,MIO_EUR,NSA,S13,P2,SK,2012-Q4,1395.1
Q,MIO_EUR,NSA,S13,P2,SK,2013-Q1,965.4
Q,MIO_EUR,NSA,S13,P2,SK,2013-Q2,951.3
Q,MIO_EUR,NSA,S13,P2,SK,2013-Q3,1010.3
Q,MIO_EUR,NSA,S13,P2,SK,2013-Q4,1374.9
Q,MIO_EUR,NSA,S13,P2,SK,2014-Q1,962.8
Q,MIO_EUR,NSA,S13,P2,SK,2014-Q2,967.9
Q,MIO_EUR,NSA,S13,P2,SK,2014-Q3,1034.2
Q,MIO_EUR,NSA,S13,P2,SK,2014-Q4,1426.3
Q,MIO_EUR,NSA,S13,P2,SK,2015-Q1,997.9
Q,MIO_EUR,NSA,S13,P2,SK,2015-Q2,1070.8
Q,MIO_EUR,NSA,S13,P2,SK,2015-Q3,1130
Q,MIO_EUR,NSA,S13,P2,SK,2015-Q4,1532.3
Q,MIO_EUR,NSA,S13,P2,SK,2016-Q1,1013.9
Q,MIO_EUR,NSA,S13,P2,SK,2016-Q2,1027.3
Q,MIO_EUR,NSA,S13,P2,SK,2016-Q3,1084.1
Q,MIO_EUR,NSA,S13,P2,SK,2016-Q4,1399.7
Q,MIO_EUR,NSA,S13,P2,SK,2017-Q1,1128.3
Q,MIO_EUR,NSA,S13,P2,SK,2017-Q2,1130.8
Q,MIO_EUR,NSA,S13,P2,SK,2017-Q3,1166.3
Q,MIO_EUR,NSA,S13,P2,SK,2017-Q4,1412
Q,MIO_EUR,NSA,S13,P2,SK,2018-Q1,1073.4
Q,MIO_EUR,NSA,S13,P2,SK,2018-Q2,1102
Q,MIO_EUR,NSA,S13,P2,SK,2018-Q3,1151.8
Q,MIO_EUR,NSA,S13,P2,SK,2018-Q4,1567.6
Q,MIO_EUR,NSA,S13,P2,SK,2019-Q1,1113.5
Q,MIO_EUR,NSA,S13,P2,SK,2019-Q2,1095.6
Q,MIO_EUR,NSA,S13,P2,SK,2019-Q3,1170.2
Q,MIO_EUR,NSA,S13,P2,SK,2019-Q4,1713.1
Q,MIO_EUR,NSA,S13,P2,SK,2020-Q1,1119.5
Q,MIO_EUR,NSA,S13,P2,SK,2020-Q2,1110.1
Q,MIO_EUR,NSA,S13,P2,SK,2020-Q3,1185.8
Q,MIO_EUR,NSA,S13,P2,SK,2020-Q4,1739.2
Q,MIO_EUR,NSA,S13,P2,SK,2021-Q1,1160.4
Q,MIO_EUR,NSA,S13,P2,SK,2021-Q2,1350.9
Q,MIO_EUR,NSA,S13,P2,SK,2021-Q3,1290.8
Q,MIO_EUR,NSA,S13,P2,SK,2021-Q4,1916.4
Q,MIO_EUR,NSA,S13,P2,SK,2022-Q1,1388.1
Q,MIO_EUR,NSA,S13,P2,SK,2022-Q2,1469.3
Q,MIO_EUR,NSA,S13,P2,SK,2022-Q3,1484.8
Q,MIO_EUR,NSA,S13,P2,SK,2022-Q4,2257.7
Q,MIO_EUR,NSA,S13,P2,SK,2023-Q1,1484.3
Q,MIO_EUR,NSA,S13,P2,SK,2023-Q2,1501.7
Q,MIO_EUR,NSA,S13,P2,SK,2023-Q3,1461.5
Q,MIO_EUR,NSA,S13,P2,SK,2023-Q4,2228.2
Q,MIO_EUR,NSA,S13,P2,SK,2024-Q1,1576.6
Q,MIO_EUR,NSA,S13,P2,SK,2024-Q2,1687.1
Q,MIO_EUR,NSA,S13,P2,SK,2024-Q3,1636.6
Q,MIO_EUR,NSA,S13,P2,SK,2024-Q4,2522.7
Q,MIO_EUR,NSA,S13,P2,SK,2025-Q1,1674.4
Q,MIO_EUR,NSA,S13,P2,SK,2025-Q2,1711.5
Q,MIO_EUR,NSA,S13,P2,SK,2025-Q3,1792.7
Q,MIO_EUR,NSA,S13,P2,SK,2025-Q4,2623.3
Q,MIO_EUR,NSA,S13,P2,SK,2026-Q1,1790.5
Q,MIO_EUR,NSA,S13,P2,FI,1995-Q1,
Q,MIO_EUR,NSA,S13,P2,FI,1995-Q2,
Q,MIO_EUR,NSA,S13,P2,FI,1995-Q3,
Q,MIO_EUR,NSA,S13,P2,FI,1995-Q4,
Q,MIO_EUR,NSA,S13,P2,FI,1996-Q1,
Q,MIO_EUR,NSA,S13,P2,FI,1996-Q2,
Q,MIO_EUR,NSA,S13,P2,FI,1996-Q3,
Q,MIO_EUR,NSA,S13,P2,FI,1996-Q4,
Q,MIO_EUR,NSA,S13,P2,FI,1997-Q1,
Q,MIO_EUR,NSA,S13,P2,FI,1997-Q2,
Q,MIO_EUR,NSA,S13,P2,FI,1997-Q3,
Q,MIO_EUR,NSA,S13,P2,FI,1997-Q4,
Q,MIO_EUR,NSA,S13,P2,FI,1998-Q1,
Q,MIO_EUR,NSA,S13,P2,FI,1998-Q2,
Q,MIO_EUR,NSA,S13,P2,FI,1998-Q3,
Q,MIO_EUR,NSA,S13,P2,FI,1998-Q4,
Q,MIO_EUR,NSA,S13,P2,FI,1999-Q1,2098
Q,MIO_EUR,NSA,S13,P2,FI,1999-Q2,2398
Q,MIO_EUR,NSA,S13,P2,FI,1999-Q3,2150
Q,MIO_EUR,NSA,S13,P2,FI,1999-Q4,2989
Q,MIO_EUR,NSA,S13,P2,FI,2000-Q1,2174
Q,MIO_EUR,NSA,S13,P2,FI,2000-Q2,2523
Q,MIO_EUR,NSA,S13,P2,FI,2000-Q3,2288
Q,MIO_EUR,NSA,S13,P2,FI,2000-Q4,3214
Q,MIO_EUR,NSA,S13,P2,FI,2001-Q1,2374
Q,MIO_EUR,NSA,S13,P2,FI,2001-Q2,2760
Q,MIO_EUR,NSA,S13,P2,FI,2001-Q3,2493
Q,MIO_EUR,NSA,S13,P2,FI,2001-Q4,3447
Q,MIO_EUR,NSA,S13,P2,FI,2002-Q1,2696
Q,MIO_EUR,NSA,S13,P2,FI,2002-Q2,3081
Q,MIO_EUR,NSA,S13,P2,FI,2002-Q3,2690
Q,MIO_EUR,NSA,S13,P2,FI,2002-Q4,3670
Q,MIO_EUR,NSA,S13,P2,FI,2003-Q1,2765
Q,MIO_EUR,NSA,S13,P2,FI,2003-Q2,3161
Q,MIO_EUR,NSA,S13,P2,FI,2003-Q3,2926
Q,MIO_EUR,NSA,S13,P2,FI,2003-Q4,3965
Q,MIO_EUR,NSA,S13,P2,FI,2004-Q1,2976
Q,MIO_EUR,NSA,S13,P2,FI,2004-Q2,3427
Q,MIO_EUR,NSA,S13,P2,FI,2004-Q3,3058
Q,MIO_EUR,NSA,S13,P2,FI,2004-Q4,4040
Q,MIO_EUR,NSA,S13,P2,FI,2005-Q1,3008
Q,MIO_EUR,NSA,S13,P2,FI,2005-Q2,3569
Q,MIO_EUR,NSA,S13,P2,FI,2005-Q3,3196
Q,MIO_EUR,NSA,S13,P2,FI,2005-Q4,4454
Q,MIO_EUR,NSA,S13,P2,FI,2006-Q1,3237
Q,MIO_EUR,NSA,S13,P2,FI,2006-Q2,3801
Q,MIO_EUR,NSA,S13,P2,FI,2006-Q3,3372
Q,MIO_EUR,NSA,S13,P2,FI,2006-Q4,4676
Q,MIO_EUR,NSA,S13,P2,FI,2007-Q1,3614
Q,MIO_EUR,NSA,S13,P2,FI,2007-Q2,4028
Q,MIO_EUR,NSA,S13,P2,FI,2007-Q3,3644
Q,MIO_EUR,NSA,S13,P2,FI,2007-Q4,4995
Q,MIO_EUR,NSA,S13,P2,FI,2008-Q1,3821
Q,MIO_EUR,NSA,S13,P2,FI,2008-Q2,4444
Q,MIO_EUR,NSA,S13,P2,FI,2008-Q3,3966
Q,MIO_EUR,NSA,S13,P2,FI,2008-Q4,5547
Q,MIO_EUR,NSA,S13,P2,FI,2009-Q1,4050
Q,MIO_EUR,NSA,S13,P2,FI,2009-Q2,4794
Q,MIO_EUR,NSA,S13,P2,FI,2009-Q3,4191
Q,MIO_EUR,NSA,S13,P2,FI,2009-Q4,5740
Q,MIO_EUR,NSA,S13,P2,FI,2010-Q1,4383
Q,MIO_EUR,NSA,S13,P2,FI,2010-Q2,4880
Q,MIO_EUR,NSA,S13,P2,FI,2010-Q3,4411
Q,MIO_EUR,NSA,S13,P2,FI,2010-Q4,5841
Q,MIO_EUR,NSA,S13,P2,FI,2011-Q1,4611
Q,MIO_EUR,NSA,S13,P2,FI,2011-Q2,5074
Q,MIO_EUR,NSA,S13,P2,FI,2011-Q3,4468
Q,MIO_EUR,NSA,S13,P2,FI,2011-Q4,6177
Q,MIO_EUR,NSA,S13,P2,FI,2012-Q1,4764
Q,MIO_EUR,NSA,S13,P2,FI,2012-Q2,5335
Q,MIO_EUR,NSA,S13,P2,FI,2012-Q3,4845
Q,MIO_EUR,NSA,S13,P2,FI,2012-Q4,6427
Q,MIO_EUR,NSA,S13,P2,FI,2013-Q1,4937
Q,MIO_EUR,NSA,S13,P2,FI,2013-Q2,5680
Q,MIO_EUR,NSA,S13,P2,FI,2013-Q3,5079
Q,MIO_EUR,NSA,S13,P2,FI,2013-Q4,6669
Q,MIO_EUR,NSA,S13,P2,FI,2014-Q1,5041
Q,MIO_EUR,NSA,S13,P2,FI,2014-Q2,5647
Q,MIO_EUR,NSA,S13,P2,FI,2014-Q3,5118
Q,MIO_EUR,NSA,S13,P2,FI,2014-Q4,6760
Q,MIO_EUR,NSA,S13,P2,FI,2015-Q1,4626
Q,MIO_EUR,NSA,S13,P2,FI,2015-Q2,5231
Q,MIO_EUR,NSA,S13,P2,FI,2015-Q3,4660
Q,MIO_EUR,NSA,S13,P2,FI,2015-Q4,6305
Q,MIO_EUR,NSA,S13,P2,FI,2016-Q1,4792
Q,MIO_EUR,NSA,S13,P2,FI,2016-Q2,5363
Q,MIO_EUR,NSA,S13,P2,FI,2016-Q3,4600
Q,MIO_EUR,NSA,S13,P2,FI,2016-Q4,6414
Q,MIO_EUR,NSA,S13,P2,FI,2017-Q1,4809
Q,MIO_EUR,NSA,S13,P2,FI,2017-Q2,5371
Q,MIO_EUR,NSA,S13,P2,FI,2017-Q3,4904
Q,MIO_EUR,NSA,S13,P2,FI,2017-Q4,6486
Q,MIO_EUR,NSA,S13,P2,FI,2018-Q1,5159
Q,MIO_EUR,NSA,S13,P2,FI,2018-Q2,5595
Q,MIO_EUR,NSA,S13,P2,FI,2018-Q3,5134
Q,MIO_EUR,NSA,S13,P2,FI,2018-Q4,6578
Q,MIO_EUR,NSA,S13,P2,FI,2019-Q1,5454
Q,MIO_EUR,NSA,S13,P2,FI,2019-Q2,5789
Q,MIO_EUR,NSA,S13,P2,FI,2019-Q3,5382
Q,MIO_EUR,NSA,S13,P2,FI,2019-Q4,6757
Q,MIO_EUR,NSA,S13,P2,FI,2020-Q1,5508
Q,MIO_EUR,NSA,S13,P2,FI,2020-Q2,5674
Q,MIO_EUR,NSA,S13,P2,FI,2020-Q3,5428
Q,MIO_EUR,NSA,S13,P2,FI,2020-Q4,7531
Q,MIO_EUR,NSA,S13,P2,FI,2021-Q1,5844
Q,MIO_EUR,NSA,S13,P2,FI,2021-Q2,6371
Q,MIO_EUR,NSA,S13,P2,FI,2021-Q3,5901
Q,MIO_EUR,NSA,S13,P2,FI,2021-Q4,7976
Q,MIO_EUR,NSA,S13,P2,FI,2022-Q1,6281
Q,MIO_EUR,NSA,S13,P2,FI,2022-Q2,6670
Q,MIO_EUR,NSA,S13,P2,FI,2022-Q3,6320
Q,MIO_EUR,NSA,S13,P2,FI,2022-Q4,8526
Q,MIO_EUR,NSA,S13,P2,FI,2023-Q1,7332
Q,MIO_EUR,NSA,S13,P2,FI,2023-Q2,8018
Q,MIO_EUR,NSA,S13,P2,FI,2023-Q3,7068
Q,MIO_EUR,NSA,S13,P2,FI,2023-Q4,9053
Q,MIO_EUR,NSA,S13,P2,FI,2024-Q1,7442
Q,MIO_EUR,NSA,S13,P2,FI,2024-Q2,8178
Q,MIO_EUR,NSA,S13,P2,FI,2024-Q3,7310
Q,MIO_EUR,NSA,S13,P2,FI,2024-Q4,9171
Q,MIO_EUR,NSA,S13,P2,FI,2025-Q1,7459
Q,MIO_EUR,NSA,S13,P2,FI,2025-Q2,8128
Q,MIO_EUR,NSA,S13,P2,FI,2025-Q3,7354
Q,MIO_EUR,NSA,S13,P2,FI,2025-Q4,9270
Q,MIO_EUR,NSA,S13,P2,FI,2026-Q1,7513
Q,MIO_EUR,NSA,S13,P2,SE,1995-Q1,4647.5
Q,MIO_EUR,NSA,S13,P2,SE,1995-Q2,4911.5
Q,MIO_EUR,NSA,S13,P2,SE,1995-Q3,4413.2
Q,MIO_EUR,NSA,S13,P2,SE,1995-Q4,5542.7
Q,MIO_EUR,NSA,S13,P2,SE,1996-Q1,4798
Q,MIO_EUR,NSA,S13,P2,SE,1996-Q2,5381.5
Q,MIO_EUR,NSA,S13,P2,SE,1996-Q3,5003
Q,MIO_EUR,NSA,S13,P2,SE,1996-Q4,5742.7
Q,MIO_EUR,NSA,S13,P2,SE,1997-Q1,4808
Q,MIO_EUR,NSA,S13,P2,SE,1997-Q2,5134.3
Q,MIO_EUR,NSA,S13,P2,SE,1997-Q3,5239.8
Q,MIO_EUR,NSA,S13,P2,SE,1997-Q4,5924.4
Q,MIO_EUR,NSA,S13,P2,SE,1998-Q1,5302.6
Q,MIO_EUR,NSA,S13,P2,SE,1998-Q2,5760.9
Q,MIO_EUR,NSA,S13,P2,SE,1998-Q3,5442.8
Q,MIO_EUR,NSA,S13,P2,SE,1998-Q4,5782.3
Q,MIO_EUR,NSA,S13,P2,SE,1999-Q1,5450.5
Q,MIO_EUR,NSA,S13,P2,SE,1999-Q2,5672.4
Q,MIO_EUR,NSA,S13,P2,SE,1999-Q3,5316.6
Q,MIO_EUR,NSA,S13,P2,SE,1999-Q4,6294.4
Q,MIO_EUR,NSA,S13,P2,SE,2000-Q1,5686.7
Q,MIO_EUR,NSA,S13,P2,SE,2000-Q2,5928.2
Q,MIO_EUR,NSA,S13,P2,SE,2000-Q3,5611
Q,MIO_EUR,NSA,S13,P2,SE,2000-Q4,6439.9
Q,MIO_EUR,NSA,S13,P2,SE,2001-Q1,5526.2
Q,MIO_EUR,NSA,S13,P2,SE,2001-Q2,5676.5
Q,MIO_EUR,NSA,S13,P2,SE,2001-Q3,5173.2
Q,MIO_EUR,NSA,S13,P2,SE,2001-Q4,6213.3
Q,MIO_EUR,NSA,S13,P2,SE,2002-Q1,5636.7
Q,MIO_EUR,NSA,S13,P2,SE,2002-Q2,6046.5
Q,MIO_EUR,NSA,S13,P2,SE,2002-Q3,5431.3
Q,MIO_EUR,NSA,S13,P2,SE,2002-Q4,6938.8
Q,MIO_EUR,NSA,S13,P2,SE,2003-Q1,5757.2
Q,MIO_EUR,NSA,S13,P2,SE,2003-Q2,6267.2
Q,MIO_EUR,NSA,S13,P2,SE,2003-Q3,5670
Q,MIO_EUR,NSA,S13,P2,SE,2003-Q4,7121.6
Q,MIO_EUR,NSA,S13,P2,SE,2004-Q1,5922.5
Q,MIO_EUR,NSA,S13,P2,SE,2004-Q2,6371.5
Q,MIO_EUR,NSA,S13,P2,SE,2004-Q3,5672.2
Q,MIO_EUR,NSA,S13,P2,SE,2004-Q4,7185.2
Q,MIO_EUR,NSA,S13,P2,SE,2005-Q1,6160
Q,MIO_EUR,NSA,S13,P2,SE,2005-Q2,6659.4
Q,MIO_EUR,NSA,S13,P2,SE,2005-Q3,5680.2
Q,MIO_EUR,NSA,S13,P2,SE,2005-Q4,7098.7
Q,MIO_EUR,NSA,S13,P2,SE,2006-Q1,6228.8
Q,MIO_EUR,NSA,S13,P2,SE,2006-Q2,6945.1
Q,MIO_EUR,NSA,S13,P2,SE,2006-Q3,6222.2
Q,MIO_EUR,NSA,S13,P2,SE,2006-Q4,8079.4
Q,MIO_EUR,NSA,S13,P2,SE,2007-Q1,6417.4
Q,MIO_EUR,NSA,S13,P2,SE,2007-Q2,7347.2
Q,MIO_EUR,NSA,S13,P2,SE,2007-Q3,6107
Q,MIO_EUR,NSA,S13,P2,SE,2007-Q4,8483.8
Q,MIO_EUR,NSA,S13,P2,SE,2008-Q1,6432.9
Q,MIO_EUR,NSA,S13,P2,SE,2008-Q2,7807.4
Q,MIO_EUR,NSA,S13,P2,SE,2008-Q3,6506.2
Q,MIO_EUR,NSA,S13,P2,SE,2008-Q4,8130.2
Q,MIO_EUR,NSA,S13,P2,SE,2009-Q1,6039.9
Q,MIO_EUR,NSA,S13,P2,SE,2009-Q2,6854.9
Q,MIO_EUR,NSA,S13,P2,SE,2009-Q3,6039.9
Q,MIO_EUR,NSA,S13,P2,SE,2009-Q4,8548
Q,MIO_EUR,NSA,S13,P2,SE,2010-Q1,6666.3
Q,MIO_EUR,NSA,S13,P2,SE,2010-Q2,8053.6
Q,MIO_EUR,NSA,S13,P2,SE,2010-Q3,6890.6
Q,MIO_EUR,NSA,S13,P2,SE,2010-Q4,10039.8
Q,MIO_EUR,NSA,S13,P2,SE,2011-Q1,7700
Q,MIO_EUR,NSA,S13,P2,SE,2011-Q2,8867.3
Q,MIO_EUR,NSA,S13,P2,SE,2011-Q3,7361.1
Q,MIO_EUR,NSA,S13,P2,SE,2011-Q4,10518.1
Q,MIO_EUR,NSA,S13,P2,SE,2012-Q1,7888.4
Q,MIO_EUR,NSA,S13,P2,SE,2012-Q2,8916.3
Q,MIO_EUR,NSA,S13,P2,SE,2012-Q3,8160.7
Q,MIO_EUR,NSA,S13,P2,SE,2012-Q4,11451.6
Q,MIO_EUR,NSA,S13,P2,SE,2013-Q1,8766.7
Q,MIO_EUR,NSA,S13,P2,SE,2013-Q2,10028.7
Q,MIO_EUR,NSA,S13,P2,SE,2013-Q3,8642.6
Q,MIO_EUR,NSA,S13,P2,SE,2013-Q4,11860.3
Q,MIO_EUR,NSA,S13,P2,SE,2014-Q1,8536.3
Q,MIO_EUR,NSA,S13,P2,SE,2014-Q2,9686.1
Q,MIO_EUR,NSA,S13,P2,SE,2014-Q3,8494.8
Q,MIO_EUR,NSA,S13,P2,SE,2014-Q4,11788.9
Q,MIO_EUR,NSA,S13,P2,SE,2015-Q1,8313.5
Q,MIO_EUR,NSA,S13,P2,SE,2015-Q2,9600.5
Q,MIO_EUR,NSA,S13,P2,SE,2015-Q3,8441.6
Q,MIO_EUR,NSA,S13,P2,SE,2015-Q4,12253.9
Q,MIO_EUR,NSA,S13,P2,SE,2016-Q1,8498.1
Q,MIO_EUR,NSA,S13,P2,SE,2016-Q2,10457.3
Q,MIO_EUR,NSA,S13,P2,SE,2016-Q3,8586.4
Q,MIO_EUR,NSA,S13,P2,SE,2016-Q4,12008.7
Q,MIO_EUR,NSA,S13,P2,SE,2017-Q1,8818.9
Q,MIO_EUR,NSA,S13,P2,SE,2017-Q2,9861.5
Q,MIO_EUR,NSA,S13,P2,SE,2017-Q3,8805.7
Q,MIO_EUR,NSA,S13,P2,SE,2017-Q4,11963.6
Q,MIO_EUR,NSA,S13,P2,SE,2018-Q1,8688.5
Q,MIO_EUR,NSA,S13,P2,SE,2018-Q2,9786.1
Q,MIO_EUR,NSA,S13,P2,SE,2018-Q3,8647.3
Q,MIO_EUR,NSA,S13,P2,SE,2018-Q4,11925.8
Q,MIO_EUR,NSA,S13,P2,SE,2019-Q1,8855.7
Q,MIO_EUR,NSA,S13,P2,SE,2019-Q2,9395
Q,MIO_EUR,NSA,S13,P2,SE,2019-Q3,8770.7
Q,MIO_EUR,NSA,S13,P2,SE,2019-Q4,11666.1
Q,MIO_EUR,NSA,S13,P2,SE,2020-Q1,8594.1
Q,MIO_EUR,NSA,S13,P2,SE,2020-Q2,9884.6
Q,MIO_EUR,NSA,S13,P2,SE,2020-Q3,8991.1
Q,MIO_EUR,NSA,S13,P2,SE,2020-Q4,12678.8
Q,MIO_EUR,NSA,S13,P2,SE,2021-Q1,9309.8
Q,MIO_EUR,NSA,S13,P2,SE,2021-Q2,10895.3
Q,MIO_EUR,NSA,S13,P2,SE,2021-Q3,9717.7
Q,MIO_EUR,NSA,S13,P2,SE,2021-Q4,14111.7
Q,MIO_EUR,NSA,S13,P2,SE,2022-Q1,9894.6
Q,MIO_EUR,NSA,S13,P2,SE,2022-Q2,11312.2
Q,MIO_EUR,NSA,S13,P2,SE,2022-Q3,10340.3
Q,MIO_EUR,NSA,S13,P2,SE,2022-Q4,14459.6
Q,MIO_EUR,NSA,S13,P2,SE,2023-Q1,10176.3
Q,MIO_EUR,NSA,S13,P2,SE,2023-Q2,11547.2
Q,MIO_EUR,NSA,S13,P2,SE,2023-Q3,9797.8
Q,MIO_EUR,NSA,S13,P2,SE,2023-Q4,14127.1
Q,MIO_EUR,NSA,S13,P2,SE,2024-Q1,10572.1
Q,MIO_EUR,NSA,S13,P2,SE,2024-Q2,11285.3
Q,MIO_EUR,NSA,S13,P2,SE,2024-Q3,10306.1
Q,MIO_EUR,NSA,S13,P2,SE,2024-Q4,13855.6
Q,MIO_EUR,NSA,S13,P2,SE,2025-Q1,10710.7
Q,MIO_EUR,NSA,S13,P2,SE,2025-Q2,12390.1
Q,MIO_EUR,NSA,S13,P2,SE,2025-Q3,11183
Q,MIO_EUR,NSA,S13,P2,SE,2025-Q4,16085.4
Q,MIO_EUR,NSA,S13,P2,SE,2026-Q1,12139.8
Q,MIO_EUR,NSA,S13,P2,IS,1995-Q1,
Q,MIO_EUR,NSA,S13,P2,IS,1995-Q2,
Q,MIO_EUR,NSA,S13,P2,IS,1995-Q3,
Q,MIO_EUR,NSA,S13,P2,IS,1995-Q4,
Q,MIO_EUR,NSA,S13,P2,IS,1996-Q1,
Q,MIO_EUR,NSA,S13,P2,IS,1996-Q2,
Q,MIO_EUR,NSA,S13,P2,IS,1996-Q3,
Q,MIO_EUR,NSA,S13,P2,IS,1996-Q4,
Q,MIO_EUR,NSA,S13,P2,IS,1997-Q1,
Q,MIO_EUR,NSA,S13,P2,IS,1997-Q2,
Q,MIO_EUR,NSA,S13,P2,IS,1997-Q3,
Q,MIO_EUR,NSA,S13,P2,IS,1997-Q4,
Q,MIO_EUR,NSA,S13,P2,IS,1998-Q1,
Q,MIO_EUR,NSA,S13,P2,IS,1998-Q2,
Q,MIO_EUR,NSA,S13,P2,IS,1998-Q3,
Q,MIO_EUR,NSA,S13,P2,IS,1998-Q4,
Q,MIO_EUR,NSA,S13,P2,IS,1999-Q1,
Q,MIO_EUR,NSA,S13,P2,IS,1999-Q2,
Q,MIO_EUR,NSA,S13,P2,IS,1999-Q3,
Q,MIO_EUR,NSA,S13,P2,IS,1999-Q4,
Q,MIO_EUR,NSA,S13,P2,IS,2000-Q1,
Q,MIO_EUR,NSA,S13,P2,IS,2000-Q2,
Q,MIO_EUR,NSA,S13,P2,IS,2000-Q3,
Q,MIO_EUR,NSA,S13,P2,IS,2000-Q4,
Q,MIO_EUR,NSA,S13,P2,IS,2001-Q1,
Q,MIO_EUR,NSA,S13,P2,IS,2001-Q2,
Q,MIO_EUR,NSA,S13,P2,IS,2001-Q3,
Q,MIO_EUR,NSA,S13,P2,IS,2001-Q4,
Q,MIO_EUR,NSA,S13,P2,IS,2002-Q1,202.6
Q,MIO_EUR,NSA,S13,P2,IS,2002-Q2,225.9
Q,MIO_EUR,NSA,S13,P2,IS,2002-Q3,225.8
Q,MIO_EUR,NSA,S13,P2,IS,2002-Q4,248.4
Q,MIO_EUR,NSA,S13,P2,IS,2003-Q1,223.8
Q,MIO_EUR,NSA,S13,P2,IS,2003-Q2,235.7
Q,MIO_EUR,NSA,S13,P2,IS,2003-Q3,223.5
Q,MIO_EUR,NSA,S13,P2,IS,2003-Q4,243.5
Q,MIO_EUR,NSA,S13,P2,IS,2004-Q1,236
Q,MIO_EUR,NSA,S13,P2,IS,2004-Q2,249
Q,MIO_EUR,NSA,S13,P2,IS,2004-Q3,245.8
Q,MIO_EUR,NSA,S13,P2,IS,2004-Q4,273.2
Q,MIO_EUR,NSA,S13,P2,IS,2005-Q1,289.2
Q,MIO_EUR,NSA,S13,P2,IS,2005-Q2,310.2
Q,MIO_EUR,NSA,S13,P2,IS,2005-Q3,310
Q,MIO_EUR,NSA,S13,P2,IS,2005-Q4,353.4
Q,MIO_EUR,NSA,S13,P2,IS,2006-Q1,342.9
Q,MIO_EUR,NSA,S13,P2,IS,2006-Q2,309.7
Q,MIO_EUR,NSA,S13,P2,IS,2006-Q3,308
Q,MIO_EUR,NSA,S13,P2,IS,2006-Q4,339.9
Q,MIO_EUR,NSA,S13,P2,IS,2007-Q1,348.4
Q,MIO_EUR,NSA,S13,P2,IS,2007-Q2,384.3
Q,MIO_EUR,NSA,S13,P2,IS,2007-Q3,366
Q,MIO_EUR,NSA,S13,P2,IS,2007-Q4,392.6
Q,MIO_EUR,NSA,S13,P2,IS,2008-Q1,365.9
Q,MIO_EUR,NSA,S13,P2,IS,2008-Q2,329.1
Q,MIO_EUR,NSA,S13,P2,IS,2008-Q3,300.2
Q,MIO_EUR,NSA,S13,P2,IS,2008-Q4,158.5
Q,MIO_EUR,NSA,S13,P2,IS,2009-Q1,247.6
Q,MIO_EUR,NSA,S13,P2,IS,2009-Q2,233.1
Q,MIO_EUR,NSA,S13,P2,IS,2009-Q3,216.5
Q,MIO_EUR,NSA,S13,P2,IS,2009-Q4,228.5
Q,MIO_EUR,NSA,S13,P2,IS,2010-Q1,222.4
Q,MIO_EUR,NSA,S13,P2,IS,2010-Q2,254.7
Q,MIO_EUR,NSA,S13,P2,IS,2010-Q3,262.5
Q,MIO_EUR,NSA,S13,P2,IS,2010-Q4,286.3
Q,MIO_EUR,NSA,S13,P2,IS,2011-Q1,266.2
Q,MIO_EUR,NSA,S13,P2,IS,2011-Q2,269.4
Q,MIO_EUR,NSA,S13,P2,IS,2011-Q3,264.3
Q,MIO_EUR,NSA,S13,P2,IS,2011-Q4,291.3
Q,MIO_EUR,NSA,S13,P2,IS,2012-Q1,269.8
Q,MIO_EUR,NSA,S13,P2,IS,2012-Q2,283.5
Q,MIO_EUR,NSA,S13,P2,IS,2012-Q3,293.1
Q,MIO_EUR,NSA,S13,P2,IS,2012-Q4,301.4
Q,MIO_EUR,NSA,S13,P2,IS,2013-Q1,272.2
Q,MIO_EUR,NSA,S13,P2,IS,2013-Q2,304.2
Q,MIO_EUR,NSA,S13,P2,IS,2013-Q3,291.8
Q,MIO_EUR,NSA,S13,P2,IS,2013-Q4,309.1
Q,MIO_EUR,NSA,S13,P2,IS,2014-Q1,301.1
Q,MIO_EUR,NSA,S13,P2,IS,2014-Q2,317.3
Q,MIO_EUR,NSA,S13,P2,IS,2014-Q3,312.1
Q,MIO_EUR,NSA,S13,P2,IS,2014-Q4,339.7
Q,MIO_EUR,NSA,S13,P2,IS,2015-Q1,328.6
Q,MIO_EUR,NSA,S13,P2,IS,2015-Q2,345.7
Q,MIO_EUR,NSA,S13,P2,IS,2015-Q3,345.2
Q,MIO_EUR,NSA,S13,P2,IS,2015-Q4,391.7
Q,MIO_EUR,NSA,S13,P2,IS,2016-Q1,366.4
Q,MIO_EUR,NSA,S13,P2,IS,2016-Q2,383.7
Q,MIO_EUR,NSA,S13,P2,IS,2016-Q3,399.8
Q,MIO_EUR,NSA,S13,P2,IS,2016-Q4,469.5
Q,MIO_EUR,NSA,S13,P2,IS,2017-Q1,460.8
Q,MIO_EUR,NSA,S13,P2,IS,2017-Q2,493.1
Q,MIO_EUR,NSA,S13,P2,IS,2017-Q3,451.3
Q,MIO_EUR,NSA,S13,P2,IS,2017-Q4,481.6
Q,MIO_EUR,NSA,S13,P2,IS,2018-Q1,484.8
Q,MIO_EUR,NSA,S13,P2,IS,2018-Q2,505.3
Q,MIO_EUR,NSA,S13,P2,IS,2018-Q3,487.1
Q,MIO_EUR,NSA,S13,P2,IS,2018-Q4,480.5
Q,MIO_EUR,NSA,S13,P2,IS,2019-Q1,467
Q,MIO_EUR,NSA,S13,P2,IS,2019-Q2,477.9
Q,MIO_EUR,NSA,S13,P2,IS,2019-Q3,475.3
Q,MIO_EUR,NSA,S13,P2,IS,2019-Q4,490.6
Q,MIO_EUR,NSA,S13,P2,IS,2020-Q1,482.3
Q,MIO_EUR,NSA,S13,P2,IS,2020-Q2,455.3
Q,MIO_EUR,NSA,S13,P2,IS,2020-Q3,439
Q,MIO_EUR,NSA,S13,P2,IS,2020-Q4,449.3
Q,MIO_EUR,NSA,S13,P2,IS,2021-Q1,494.1
Q,MIO_EUR,NSA,S13,P2,IS,2021-Q2,530.2
Q,MIO_EUR,NSA,S13,P2,IS,2021-Q3,532.6
Q,MIO_EUR,NSA,S13,P2,IS,2021-Q4,539
Q,MIO_EUR,NSA,S13,P2,IS,2022-Q1,593.1
Q,MIO_EUR,NSA,S13,P2,IS,2022-Q2,638.9
Q,MIO_EUR,NSA,S13,P2,IS,2022-Q3,640.5
Q,MIO_EUR,NSA,S13,P2,IS,2022-Q4,618.3
Q,MIO_EUR,NSA,S13,P2,IS,2023-Q1,628.5
Q,MIO_EUR,NSA,S13,P2,IS,2023-Q2,662.1
Q,MIO_EUR,NSA,S13,P2,IS,2023-Q3,691.7
Q,MIO_EUR,NSA,S13,P2,IS,2023-Q4,679.1
Q,MIO_EUR,NSA,S13,P2,IS,2024-Q1,690.1
Q,MIO_EUR,NSA,S13,P2,IS,2024-Q2,714.9
Q,MIO_EUR,NSA,S13,P2,IS,2024-Q3,711.8
Q,MIO_EUR,NSA,S13,P2,IS,2024-Q4,743.6
Q,MIO_EUR,NSA,S13,P2,IS,2025-Q1,760.2
Q,MIO_EUR,NSA,S13,P2,IS,2025-Q2,792.2
Q,MIO_EUR,NSA,S13,P2,IS,2025-Q3,809.9
Q,MIO_EUR,NSA,S13,P2,IS,2025-Q4,814.1
Q,MIO_EUR,NSA,S13,P2,IS,2026-Q1,828.5
Q,MIO_EUR,NSA,S13,P2,NO,1995-Q1,
Q,MIO_EUR,NSA,S13,P2,NO,1995-Q2,
Q,MIO_EUR,NSA,S13,P2,NO,1995-Q3,
Q,MIO_EUR,NSA,S13,P2,NO,1995-Q4,
Q,MIO_EUR,NSA,S13,P2,NO,1996-Q1,
Q,MIO_EUR,NSA,S13,P2,NO,1996-Q2,
Q,MIO_EUR,NSA,S13,P2,NO,1996-Q3,
Q,MIO_EUR,NSA,S13,P2,NO,1996-Q4,
Q,MIO_EUR,NSA,S13,P2,NO,1997-Q1,
Q,MIO_EUR,NSA,S13,P2,NO,1997-Q2,
Q,MIO_EUR,NSA,S13,P2,NO,1997-Q3,
Q,MIO_EUR,NSA,S13,P2,NO,1997-Q4,
Q,MIO_EUR,NSA,S13,P2,NO,1998-Q1,
Q,MIO_EUR,NSA,S13,P2,NO,1998-Q2,
Q,MIO_EUR,NSA,S13,P2,NO,1998-Q3,
Q,MIO_EUR,NSA,S13,P2,NO,1998-Q4,
Q,MIO_EUR,NSA,S13,P2,NO,1999-Q1,
Q,MIO_EUR,NSA,S13,P2,NO,1999-Q2,
Q,MIO_EUR,NSA,S13,P2,NO,1999-Q3,
Q,MIO_EUR,NSA,S13,P2,NO,1999-Q4,
Q,MIO_EUR,NSA,S13,P2,NO,2000-Q1,
Q,MIO_EUR,NSA,S13,P2,NO,2000-Q2,
Q,MIO_EUR,NSA,S13,P2,NO,2000-Q3,
Q,MIO_EUR,NSA,S13,P2,NO,2000-Q4,
Q,MIO_EUR,NSA,S13,P2,NO,2001-Q1,
Q,MIO_EUR,NSA,S13,P2,NO,2001-Q2,
Q,MIO_EUR,NSA,S13,P2,NO,2001-Q3,
Q,MIO_EUR,NSA,S13,P2,NO,2001-Q4,
Q,MIO_EUR,NSA,S13,P2,NO,2002-Q1,3576.4
Q,MIO_EUR,NSA,S13,P2,NO,2002-Q2,3723.2
Q,MIO_EUR,NSA,S13,P2,NO,2002-Q3,3793.4
Q,MIO_EUR,NSA,S13,P2,NO,2002-Q4,3848.1
Q,MIO_EUR,NSA,S13,P2,NO,2003-Q1,3688.6
Q,MIO_EUR,NSA,S13,P2,NO,2003-Q2,3499.7
Q,MIO_EUR,NSA,S13,P2,NO,2003-Q3,3387.1
Q,MIO_EUR,NSA,S13,P2,NO,2003-Q4,3387
Q,MIO_EUR,NSA,S13,P2,NO,2004-Q1,3336.7
Q,MIO_EUR,NSA,S13,P2,NO,2004-Q2,3485
Q,MIO_EUR,NSA,S13,P2,NO,2004-Q3,3442.2
Q,MIO_EUR,NSA,S13,P2,NO,2004-Q4,3561.9
Q,MIO_EUR,NSA,S13,P2,NO,2005-Q1,3619.9
Q,MIO_EUR,NSA,S13,P2,NO,2005-Q2,3717.2
Q,MIO_EUR,NSA,S13,P2,NO,2005-Q3,3805.4
Q,MIO_EUR,NSA,S13,P2,NO,2005-Q4,3823.4
Q,MIO_EUR,NSA,S13,P2,NO,2006-Q1,3832.1
Q,MIO_EUR,NSA,S13,P2,NO,2006-Q2,3970.4
Q,MIO_EUR,NSA,S13,P2,NO,2006-Q3,3987.3
Q,MIO_EUR,NSA,S13,P2,NO,2006-Q4,3961.5
Q,MIO_EUR,NSA,S13,P2,NO,2007-Q1,4008.7
Q,MIO_EUR,NSA,S13,P2,NO,2007-Q2,4128.1
Q,MIO_EUR,NSA,S13,P2,NO,2007-Q3,4314
Q,MIO_EUR,NSA,S13,P2,NO,2007-Q4,4423.7
Q,MIO_EUR,NSA,S13,P2,NO,2008-Q1,4515.2
Q,MIO_EUR,NSA,S13,P2,NO,2008-Q2,4606.9
Q,MIO_EUR,NSA,S13,P2,NO,2008-Q3,4625.8
Q,MIO_EUR,NSA,S13,P2,NO,2008-Q4,4275
Q,MIO_EUR,NSA,S13,P2,NO,2009-Q1,4517.1
Q,MIO_EUR,NSA,S13,P2,NO,2009-Q2,4623.2
Q,MIO_EUR,NSA,S13,P2,NO,2009-Q3,4816.1
Q,MIO_EUR,NSA,S13,P2,NO,2009-Q4,4742.8
Q,MIO_EUR,NSA,S13,P2,NO,2010-Q1,5242.4
Q,MIO_EUR,NSA,S13,P2,NO,2010-Q2,5364.2
Q,MIO_EUR,NSA,S13,P2,NO,2010-Q3,5382
Q,MIO_EUR,NSA,S13,P2,NO,2010-Q4,5309.1
Q,MIO_EUR,NSA,S13,P2,NO,2011-Q1,5594.9
Q,MIO_EUR,NSA,S13,P2,NO,2011-Q2,5565.4
Q,MIO_EUR,NSA,S13,P2,NO,2011-Q3,5763.9
Q,MIO_EUR,NSA,S13,P2,NO,2011-Q4,5790.7
Q,MIO_EUR,NSA,S13,P2,NO,2012-Q1,5948.2
Q,MIO_EUR,NSA,S13,P2,NO,2012-Q2,6008
Q,MIO_EUR,NSA,S13,P2,NO,2012-Q3,6242.1
Q,MIO_EUR,NSA,S13,P2,NO,2012-Q4,6287.7
Q,MIO_EUR,NSA,S13,P2,NO,2013-Q1,6479.2
Q,MIO_EUR,NSA,S13,P2,NO,2013-Q2,6378.9
Q,MIO_EUR,NSA,S13,P2,NO,2013-Q3,6165.8
Q,MIO_EUR,NSA,S13,P2,NO,2013-Q4,6033.1
Q,MIO_EUR,NSA,S13,P2,NO,2014-Q1,6077.2
Q,MIO_EUR,NSA,S13,P2,NO,2014-Q2,6268
Q,MIO_EUR,NSA,S13,P2,NO,2014-Q3,6334.8
Q,MIO_EUR,NSA,S13,P2,NO,2014-Q4,6233.6
Q,MIO_EUR,NSA,S13,P2,NO,2015-Q1,6283.8
Q,MIO_EUR,NSA,S13,P2,NO,2015-Q2,6476.6
Q,MIO_EUR,NSA,S13,P2,NO,2015-Q3,6069.8
Q,MIO_EUR,NSA,S13,P2,NO,2015-Q4,5946.2
Q,MIO_EUR,NSA,S13,P2,NO,2016-Q1,5824.5
Q,MIO_EUR,NSA,S13,P2,NO,2016-Q2,6143.7
Q,MIO_EUR,NSA,S13,P2,NO,2016-Q3,6192.3
Q,MIO_EUR,NSA,S13,P2,NO,2016-Q4,6601.9
Q,MIO_EUR,NSA,S13,P2,NO,2017-Q1,6676.9
Q,MIO_EUR,NSA,S13,P2,NO,2017-Q2,6482.5
Q,MIO_EUR,NSA,S13,P2,NO,2017-Q3,6471.5
Q,MIO_EUR,NSA,S13,P2,NO,2017-Q4,6549.7
Q,MIO_EUR,NSA,S13,P2,NO,2018-Q1,6504.3
Q,MIO_EUR,NSA,S13,P2,NO,2018-Q2,6617.6
Q,MIO_EUR,NSA,S13,P2,NO,2018-Q3,6552.4
Q,MIO_EUR,NSA,S13,P2,NO,2018-Q4,6868.3
Q,MIO_EUR,NSA,S13,P2,NO,2019-Q1,6771.5
Q,MIO_EUR,NSA,S13,P2,NO,2019-Q2,6911.8
Q,MIO_EUR,NSA,S13,P2,NO,2019-Q3,6811.9
Q,MIO_EUR,NSA,S13,P2,NO,2019-Q4,6883.5
Q,MIO_EUR,NSA,S13,P2,NO,2020-Q1,6727.9
Q,MIO_EUR,NSA,S13,P2,NO,2020-Q2,6335.2
Q,MIO_EUR,NSA,S13,P2,NO,2020-Q3,6559.8
Q,MIO_EUR,NSA,S13,P2,NO,2020-Q4,6870.1
Q,MIO_EUR,NSA,S13,P2,NO,2021-Q1,7265.1
Q,MIO_EUR,NSA,S13,P2,NO,2021-Q2,7521.3
Q,MIO_EUR,NSA,S13,P2,NO,2021-Q3,7417.7
Q,MIO_EUR,NSA,S13,P2,NO,2021-Q4,8130.2
Q,MIO_EUR,NSA,S13,P2,NO,2022-Q1,8165.9
Q,MIO_EUR,NSA,S13,P2,NO,2022-Q2,8309.9
Q,MIO_EUR,NSA,S13,P2,NO,2022-Q3,8329.6
Q,MIO_EUR,NSA,S13,P2,NO,2022-Q4,8544.5
Q,MIO_EUR,NSA,S13,P2,NO,2023-Q1,8070.7
Q,MIO_EUR,NSA,S13,P2,NO,2023-Q2,7745.9
Q,MIO_EUR,NSA,S13,P2,NO,2023-Q3,7845.5
Q,MIO_EUR,NSA,S13,P2,NO,2023-Q4,8071.2
Q,MIO_EUR,NSA,S13,P2,NO,2024-Q1,8178.8
Q,MIO_EUR,NSA,S13,P2,NO,2024-Q2,8167.8
Q,MIO_EUR,NSA,S13,P2,NO,2024-Q3,7945.5
Q,MIO_EUR,NSA,S13,P2,NO,2024-Q4,8302.8
Q,MIO_EUR,NSA,S13,P2,NO,2025-Q1,8351.4
Q,MIO_EUR,NSA,S13,P2,NO,2025-Q2,8470
Q,MIO_EUR,NSA,S13,P2,NO,2025-Q3,8334.8
Q,MIO_EUR,NSA,S13,P2,NO,2025-Q4,8770.9
Q,MIO_EUR,NSA,S13,P2,NO,2026-Q1,9072.2
Q,MIO_EUR,NSA,S13,P2,CH,1995-Q1,2651.9
Q,MIO_EUR,NSA,S13,P2,CH,1995-Q2,2687.6
Q,MIO_EUR,NSA,S13,P2,CH,1995-Q3,2880.1
Q,MIO_EUR,NSA,S13,P2,CH,1995-Q4,3102.1
Q,MIO_EUR,NSA,S13,P2,CH,1996-Q1,2843
Q,MIO_EUR,NSA,S13,P2,CH,1996-Q2,2791.7
Q,MIO_EUR,NSA,S13,P2,CH,1996-Q3,3061
Q,MIO_EUR,NSA,S13,P2,CH,1996-Q4,3082.8
Q,MIO_EUR,NSA,S13,P2,CH,1997-Q1,2658
Q,MIO_EUR,NSA,S13,P2,CH,1997-Q2,2689.8
Q,MIO_EUR,NSA,S13,P2,CH,1997-Q3,2983.1
Q,MIO_EUR,NSA,S13,P2,CH,1997-Q4,3167.7
Q,MIO_EUR,NSA,S13,P2,CH,1998-Q1,2899.9
Q,MIO_EUR,NSA,S13,P2,CH,1998-Q2,2812.5
Q,MIO_EUR,NSA,S13,P2,CH,1998-Q3,3056.9
Q,MIO_EUR,NSA,S13,P2,CH,1998-Q4,3291.3
Q,MIO_EUR,NSA,S13,P2,CH,1999-Q1,3019.5
Q,MIO_EUR,NSA,S13,P2,CH,1999-Q2,3014.6
Q,MIO_EUR,NSA,S13,P2,CH,1999-Q3,3321.7
Q,MIO_EUR,NSA,S13,P2,CH,1999-Q4,3531
Q,MIO_EUR,NSA,S13,P2,CH,2000-Q1,3191.2
Q,MIO_EUR,NSA,S13,P2,CH,2000-Q2,3224.1
Q,MIO_EUR,NSA,S13,P2,CH,2000-Q3,3568.6
Q,MIO_EUR,NSA,S13,P2,CH,2000-Q4,3818.8
Q,MIO_EUR,NSA,S13,P2,CH,2001-Q1,3429.6
Q,MIO_EUR,NSA,S13,P2,CH,2001-Q2,3373
Q,MIO_EUR,NSA,S13,P2,CH,2001-Q3,3654.4
Q,MIO_EUR,NSA,S13,P2,CH,2001-Q4,3872.5
Q,MIO_EUR,NSA,S13,P2,CH,2002-Q1,3508.3
Q,MIO_EUR,NSA,S13,P2,CH,2002-Q2,3486.3
Q,MIO_EUR,NSA,S13,P2,CH,2002-Q3,3791
Q,MIO_EUR,NSA,S13,P2,CH,2002-Q4,3974.8
Q,MIO_EUR,NSA,S13,P2,CH,2003-Q1,3663.8
Q,MIO_EUR,NSA,S13,P2,CH,2003-Q2,3510.2
Q,MIO_EUR,NSA,S13,P2,CH,2003-Q3,3741.3
Q,MIO_EUR,NSA,S13,P2,CH,2003-Q4,3860.3
Q,MIO_EUR,NSA,S13,P2,CH,2004-Q1,3429.8
Q,MIO_EUR,NSA,S13,P2,CH,2004-Q2,3433
Q,MIO_EUR,NSA,S13,P2,CH,2004-Q3,3710.2
Q,MIO_EUR,NSA,S13,P2,CH,2004-Q4,3893.5
Q,MIO_EUR,NSA,S13,P2,CH,2005-Q1,3523.2
Q,MIO_EUR,NSA,S13,P2,CH,2005-Q2,3496.2
Q,MIO_EUR,NSA,S13,P2,CH,2005-Q3,3743.6
Q,MIO_EUR,NSA,S13,P2,CH,2005-Q4,3923.8
Q,MIO_EUR,NSA,S13,P2,CH,2006-Q1,3591
Q,MIO_EUR,NSA,S13,P2,CH,2006-Q2,3543.9
Q,MIO_EUR,NSA,S13,P2,CH,2006-Q3,3781.7
Q,MIO_EUR,NSA,S13,P2,CH,2006-Q4,3899.3
Q,MIO_EUR,NSA,S13,P2,CH,2007-Q1,3516.9
Q,MIO_EUR,NSA,S13,P2,CH,2007-Q2,3427.1
Q,MIO_EUR,NSA,S13,P2,CH,2007-Q3,3732.4
Q,MIO_EUR,NSA,S13,P2,CH,2007-Q4,3931.7
Q,MIO_EUR,NSA,S13,P2,CH,2008-Q1,3828.2
Q,MIO_EUR,NSA,S13,P2,CH,2008-Q2,3877.8
Q,MIO_EUR,NSA,S13,P2,CH,2008-Q3,4281.9
Q,MIO_EUR,NSA,S13,P2,CH,2008-Q4,4728.1
Q,MIO_EUR,NSA,S13,P2,CH,2009-Q1,4503.3
Q,MIO_EUR,NSA,S13,P2,CH,2009-Q2,4378.1
Q,MIO_EUR,NSA,S13,P2,CH,2009-Q3,4763.8
Q,MIO_EUR,NSA,S13,P2,CH,2009-Q4,4939.4
Q,MIO_EUR,NSA,S13,P2,CH,2010-Q1,4795.6
Q,MIO_EUR,NSA,S13,P2,CH,2010-Q2,4824.3
Q,MIO_EUR,NSA,S13,P2,CH,2010-Q3,5430.4
Q,MIO_EUR,NSA,S13,P2,CH,2010-Q4,5571.4
Q,MIO_EUR,NSA,S13,P2,CH,2011-Q1,5370.7
Q,MIO_EUR,NSA,S13,P2,CH,2011-Q2,5426.5
Q,MIO_EUR,NSA,S13,P2,CH,2011-Q3,6299.4
Q,MIO_EUR,NSA,S13,P2,CH,2011-Q4,6296.3
Q,MIO_EUR,NSA,S13,P2,CH,2012-Q1,5856
Q,MIO_EUR,NSA,S13,P2,CH,2012-Q2,5910.7
Q,MIO_EUR,NSA,S13,P2,CH,2012-Q3,6445.9
Q,MIO_EUR,NSA,S13,P2,CH,2012-Q4,6703.4
Q,MIO_EUR,NSA,S13,P2,CH,2013-Q1,5974.6
Q,MIO_EUR,NSA,S13,P2,CH,2013-Q2,5989.8
Q,MIO_EUR,NSA,S13,P2,CH,2013-Q3,6484.9
Q,MIO_EUR,NSA,S13,P2,CH,2013-Q4,6785.3
Q,MIO_EUR,NSA,S13,P2,CH,2014-Q1,6212.6
Q,MIO_EUR,NSA,S13,P2,CH,2014-Q2,6215.3
Q,MIO_EUR,NSA,S13,P2,CH,2014-Q3,6735.1
Q,MIO_EUR,NSA,S13,P2,CH,2014-Q4,7039.9
Q,MIO_EUR,NSA,S13,P2,CH,2015-Q1,7215.4
Q,MIO_EUR,NSA,S13,P2,CH,2015-Q2,7387.8
Q,MIO_EUR,NSA,S13,P2,CH,2015-Q3,7676.1
Q,MIO_EUR,NSA,S13,P2,CH,2015-Q4,8016.9
Q,MIO_EUR,NSA,S13,P2,CH,2016-Q1,7210
Q,MIO_EUR,NSA,S13,P2,CH,2016-Q2,7198.1
Q,MIO_EUR,NSA,S13,P2,CH,2016-Q3,7749.7
Q,MIO_EUR,NSA,S13,P2,CH,2016-Q4,8225.2
Q,MIO_EUR,NSA,S13,P2,CH,2017-Q1,7597.6
Q,MIO_EUR,NSA,S13,P2,CH,2017-Q2,7471.2
Q,MIO_EUR,NSA,S13,P2,CH,2017-Q3,7546.9
Q,MIO_EUR,NSA,S13,P2,CH,2017-Q4,7517.1
Q,MIO_EUR,NSA,S13,P2,CH,2018-Q1,7095.3
Q,MIO_EUR,NSA,S13,P2,CH,2018-Q2,6965.1
Q,MIO_EUR,NSA,S13,P2,CH,2018-Q3,7565.9
Q,MIO_EUR,NSA,S13,P2,CH,2018-Q4,7876.8
Q,MIO_EUR,NSA,S13,P2,CH,2019-Q1,7508
Q,MIO_EUR,NSA,S13,P2,CH,2019-Q2,7430.2
Q,MIO_EUR,NSA,S13,P2,CH,2019-Q3,8083.6
Q,MIO_EUR,NSA,S13,P2,CH,2019-Q4,8256.4
Q,MIO_EUR,NSA,S13,P2,CH,2020-Q1,8107.3
Q,MIO_EUR,NSA,S13,P2,CH,2020-Q2,7934.4
Q,MIO_EUR,NSA,S13,P2,CH,2020-Q3,8359.7
Q,MIO_EUR,NSA,S13,P2,CH,2020-Q4,8472.9
Q,MIO_EUR,NSA,S13,P2,CH,2021-Q1,8124.7
Q,MIO_EUR,NSA,S13,P2,CH,2021-Q2,8157.1
Q,MIO_EUR,NSA,S13,P2,CH,2021-Q3,8617.6
Q,MIO_EUR,NSA,S13,P2,CH,2021-Q4,8995
Q,MIO_EUR,NSA,S13,P2,CH,2022-Q1,8796.5
Q,MIO_EUR,NSA,S13,P2,CH,2022-Q2,9006.4
Q,MIO_EUR,NSA,S13,P2,CH,2022-Q3,10247.6
Q,MIO_EUR,NSA,S13,P2,CH,2022-Q4,10180.4
Q,MIO_EUR,NSA,S13,P2,CH,2023-Q1,9642.7
Q,MIO_EUR,NSA,S13,P2,CH,2023-Q2,10009.4
Q,MIO_EUR,NSA,S13,P2,CH,2023-Q3,10901.7
Q,MIO_EUR,NSA,S13,P2,CH,2023-Q4,11010.5
Q,MIO_EUR,NSA,S13,P2,CH,2024-Q1,10548.3
Q,MIO_EUR,NSA,S13,P2,CH,2024-Q2,10469.3
Q,MIO_EUR,NSA,S13,P2,CH,2024-Q3,11600.9
Q,MIO_EUR,NSA,S13,P2,CH,2024-Q4,11626
Q,MIO_EUR,NSA,S13,P2,CH,2025-Q1,10794.3
Q,MIO_EUR,NSA,S13,P2,CH,2025-Q2,10767.4
Q,MIO_EUR,NSA,S13,P2,CH,2025-Q3,11933.3
Q,MIO_EUR,NSA,S13,P2,CH,2025-Q4,12470.7
Q,MIO_EUR,NSA,S13,P2,CH,2026-Q1,11004.9
Q,MIO_EUR,NSA,S13,P51G,EU27_2020,1995-Q1,
Q,MIO_EUR,NSA,S13,P51G,EU27_2020,1995-Q2,
Q,MIO_EUR,NSA,S13,P51G,EU27_2020,1995-Q3,
Q,MIO_EUR,NSA,S13,P51G,EU27_2020,1995-Q4,
Q,MIO_EUR,NSA,S13,P51G,EU27_2020,1996-Q1,
Q,MIO_EUR,NSA,S13,P51G,EU27_2020,1996-Q2,
Q,MIO_EUR,NSA,S13,P51G,EU27_2020,1996-Q3,
Q,MIO_EUR,NSA,S13,P51G,EU27_2020,1996-Q4,
Q,MIO_EUR,NSA,S13,P51G,EU27_2020,1997-Q1,
Q,MIO_EUR,NSA,S13,P51G,EU27_2020,1997-Q2,
Q,MIO_EUR,NSA,S13,P51G,EU27_2020,1997-Q3,
Q,MIO_EUR,NSA,S13,P51G,EU27_2020,1997-Q4,
Q,MIO_EUR,NSA,S13,P51G,EU27_2020,1998-Q1,
Q,MIO_EUR,NSA,S13,P51G,EU27_2020,1998-Q2,
Q,MIO_EUR,NSA,S13,P51G,EU27_2020,1998-Q3,
Q,MIO_EUR,NSA,S13,P51G,EU27_2020,1998-Q4,
Q,MIO_EUR,NSA,S13,P51G,EU27_2020,1999-Q1,
Q,MIO_EUR,NSA,S13,P51G,EU27_2020,1999-Q2,
Q,MIO_EUR,NSA,S13,P51G,EU27_2020,1999-Q3,
Q,MIO_EUR,NSA,S13,P51G,EU27_2020,1999-Q4,
Q,MIO_EUR,NSA,S13,P51G,EU27_2020,2000-Q1,
Q,MIO_EUR,NSA,S13,P51G,EU27_2020,2000-Q2,
Q,MIO_EUR,NSA,S13,P51G,EU27_2020,2000-Q3,
Q,MIO_EUR,NSA,S13,P51G,EU27_2020,2000-Q4,
Q,MIO_EUR,NSA,S13,P51G,EU27_2020,2001-Q1,
Q,MIO_EUR,NSA,S13,P51G,EU27_2020,2001-Q2,
Q,MIO_EUR,NSA,S13,P51G,EU27_2020,2001-Q3,
Q,MIO_EUR,NSA,S13,P51G,EU27_2020,2001-Q4,
Q,MIO_EUR,NSA,S13,P51G,EU27_2020,2002-Q1,62734.3
Q,MIO_EUR,NSA,S13,P51G,EU27_2020,2002-Q2,71364.9
Q,MIO_EUR,NSA,S13,P51G,EU27_2020,2002-Q3,74762.6
Q,MIO_EUR,NSA,S13,P51G,EU27_2020,2002-Q4,75835.7
Q,MIO_EUR,NSA,S13,P51G,EU27_2020,2003-Q1,67304.9
Q,MIO_EUR,NSA,S13,P51G,EU27_2020,2003-Q2,75088.1
Q,MIO_EUR,NSA,S13,P51G,EU27_2020,2003-Q3,77438.9
Q,MIO_EUR,NSA,S13,P51G,EU27_2020,2003-Q4,85854.9
Q,MIO_EUR,NSA,S13,P51G,EU27_2020,2004-Q1,67139.9
Q,MIO_EUR,NSA,S13,P51G,EU27_2020,2004-Q2,76187
Q,MIO_EUR,NSA,S13,P51G,EU27_2020,2004-Q3,78701.5
Q,MIO_EUR,NSA,S13,P51G,EU27_2020,2004-Q4,88393.9
Q,MIO_EUR,NSA,S13,P51G,EU27_2020,2005-Q1,68913.9
Q,MIO_EUR,NSA,S13,P51G,EU27_2020,2005-Q2,80375.5
Q,MIO_EUR,NSA,S13,P51G,EU27_2020,2005-Q3,83622.1
Q,MIO_EUR,NSA,S13,P51G,EU27_2020,2005-Q4,92916.8
Q,MIO_EUR,NSA,S13,P51G,EU27_2020,2006-Q1,75100
Q,MIO_EUR,NSA,S13,P51G,EU27_2020,2006-Q2,86784.1
Q,MIO_EUR,NSA,S13,P51G,EU27_2020,2006-Q3,88627.9
Q,MIO_EUR,NSA,S13,P51G,EU27_2020,2006-Q4,105926.2
Q,MIO_EUR,NSA,S13,P51G,EU27_2020,2007-Q1,81844.4
Q,MIO_EUR,NSA,S13,P51G,EU27_2020,2007-Q2,91846.4
Q,MIO_EUR,NSA,S13,P51G,EU27_2020,2007-Q3,95003.1
Q,MIO_EUR,NSA,S13,P51G,EU27_2020,2007-Q4,114710.8
Q,MIO_EUR,NSA,S13,P51G,EU27_2020,2008-Q1,86226.3
Q,MIO_EUR,NSA,S13,P51G,EU27_2020,2008-Q2,100797.2
Q,MIO_EUR,NSA,S13,P51G,EU27_2020,2008-Q3,102445.6
Q,MIO_EUR,NSA,S13,P51G,EU27_2020,2008-Q4,119356.7
Q,MIO_EUR,NSA,S13,P51G,EU27_2020,2009-Q1,90721.6
Q,MIO_EUR,NSA,S13,P51G,EU27_2020,2009-Q2,103952.6
Q,MIO_EUR,NSA,S13,P51G,EU27_2020,2009-Q3,106208.1
Q,MIO_EUR,NSA,S13,P51G,EU27_2020,2009-Q4,121566.1
Q,MIO_EUR,NSA,S13,P51G,EU27_2020,2010-Q1,90327.7
Q,MIO_EUR,NSA,S13,P51G,EU27_2020,2010-Q2,101633.1
Q,MIO_EUR,NSA,S13,P51G,EU27_2020,2010-Q3,104116.1
Q,MIO_EUR,NSA,S13,P51G,EU27_2020,2010-Q4,122308.6
Q,MIO_EUR,NSA,S13,P51G,EU27_2020,2011-Q1,86904.9
Q,MIO_EUR,NSA,S13,P51G,EU27_2020,2011-Q2,98436
Q,MIO_EUR,NSA,S13,P51G,EU27_2020,2011-Q3,98073.9
Q,MIO_EUR,NSA,S13,P51G,EU27_2020,2011-Q4,116572.4
Q,MIO_EUR,NSA,S13,P51G,EU27_2020,2012-Q1,82559.6
Q,MIO_EUR,NSA,S13,P51G,EU27_2020,2012-Q2,91359.3
Q,MIO_EUR,NSA,S13,P51G,EU27_2020,2012-Q3,93036.3
Q,MIO_EUR,NSA,S13,P51G,EU27_2020,2012-Q4,116168.7
Q,MIO_EUR,NSA,S13,P51G,EU27_2020,2013-Q1,80126.9
Q,MIO_EUR,NSA,S13,P51G,EU27_2020,2013-Q2,91001.1
Q,MIO_EUR,NSA,S13,P51G,EU27_2020,2013-Q3,93770.8
Q,MIO_EUR,NSA,S13,P51G,EU27_2020,2013-Q4,109694.2
Q,MIO_EUR,NSA,S13,P51G,EU27_2020,2014-Q1,80333.6
Q,MIO_EUR,NSA,S13,P51G,EU27_2020,2014-Q2,89374.5
Q,MIO_EUR,NSA,S13,P51G,EU27_2020,2014-Q3,92327.9
Q,MIO_EUR,NSA,S13,P51G,EU27_2020,2014-Q4,110674.9
Q,MIO_EUR,NSA,S13,P51G,EU27_2020,2015-Q1,81303.4
Q,MIO_EUR,NSA,S13,P51G,EU27_2020,2015-Q2,92360.5
Q,MIO_EUR,NSA,S13,P51G,EU27_2020,2015-Q3,96749.8
Q,MIO_EUR,NSA,S13,P51G,EU27_2020,2015-Q4,119626.7
Q,MIO_EUR,NSA,S13,P51G,EU27_2020,2016-Q1,77900.3
Q,MIO_EUR,NSA,S13,P51G,EU27_2020,2016-Q2,90113.1
Q,MIO_EUR,NSA,S13,P51G,EU27_2020,2016-Q3,93222
Q,MIO_EUR,NSA,S13,P51G,EU27_2020,2016-Q4,109001
Q,MIO_EUR,NSA,S13,P51G,EU27_2020,2017-Q1,79742.1
Q,MIO_EUR,NSA,S13,P51G,EU27_2020,2017-Q2,92312.7
Q,MIO_EUR,NSA,S13,P51G,EU27_2020,2017-Q3,100576.5
Q,MIO_EUR,NSA,S13,P51G,EU27_2020,2017-Q4,115067.4
Q,MIO_EUR,NSA,S13,P51G,EU27_2020,2018-Q1,84395.8
Q,MIO_EUR,NSA,S13,P51G,EU27_2020,2018-Q2,100557.8
Q,MIO_EUR,NSA,S13,P51G,EU27_2020,2018-Q3,106446.6
Q,MIO_EUR,NSA,S13,P51G,EU27_2020,2018-Q4,127924.9
Q,MIO_EUR,NSA,S13,P51G,EU27_2020,2019-Q1,91365.5
Q,MIO_EUR,NSA,S13,P51G,EU27_2020,2019-Q2,109189.1
Q,MIO_EUR,NSA,S13,P51G,EU27_2020,2019-Q3,114101.2
Q,MIO_EUR,NSA,S13,P51G,EU27_2020,2019-Q4,133081.2
Q,MIO_EUR,NSA,S13,P51G,EU27_2020,2020-Q1,97645.1
Q,MIO_EUR,NSA,S13,P51G,EU27_2020,2020-Q2,110984.5
Q,MIO_EUR,NSA,S13,P51G,EU27_2020,2020-Q3,118369.4
Q,MIO_EUR,NSA,S13,P51G,EU27_2020,2020-Q4,142123.6
Q,MIO_EUR,NSA,S13,P51G,EU27_2020,2021-Q1,99195.8
Q,MIO_EUR,NSA,S13,P51G,EU27_2020,2021-Q2,117100.8
Q,MIO_EUR,NSA,S13,P51G,EU27_2020,2021-Q3,126198.5
Q,MIO_EUR,NSA,S13,P51G,EU27_2020,2021-Q4,154473.6
Q,MIO_EUR,NSA,S13,P51G,EU27_2020,2022-Q1,107494
Q,MIO_EUR,NSA,S13,P51G,EU27_2020,2022-Q2,124802.1
Q,MIO_EUR,NSA,S13,P51G,EU27_2020,2022-Q3,133268.3
Q,MIO_EUR,NSA,S13,P51G,EU27_2020,2022-Q4,167681.7
Q,MIO_EUR,NSA,S13,P51G,EU27_2020,2023-Q1,119579.3
Q,MIO_EUR,NSA,S13,P51G,EU27_2020,2023-Q2,143636.9
Q,MIO_EUR,NSA,S13,P51G,EU27_2020,2023-Q3,151666.4
Q,MIO_EUR,NSA,S13,P51G,EU27_2020,2023-Q4,199759.6
Q,MIO_EUR,NSA,S13,P51G,EU27_2020,2024-Q1,135602.5
Q,MIO_EUR,NSA,S13,P51G,EU27_2020,2024-Q2,158656
Q,MIO_EUR,NSA,S13,P51G,EU27_2020,2024-Q3,162725.5
Q,MIO_EUR,NSA,S13,P51G,EU27_2020,2024-Q4,204544.5
Q,MIO_EUR,NSA,S13,P51G,EU27_2020,2025-Q1,147425.5
Q,MIO_EUR,NSA,S13,P51G,EU27_2020,2025-Q2,171654
Q,MIO_EUR,NSA,S13,P51G,EU27_2020,2025-Q3,177795.7
Q,MIO_EUR,NSA,S13,P51G,EU27_2020,2025-Q4,233439.6
Q,MIO_EUR,NSA,S13,P51G,EU27_2020,2026-Q1,154481.3
Q,MIO_EUR,NSA,S13,P51G,EA21,1995-Q1,
Q,MIO_EUR,NSA,S13,P51G,EA21,1995-Q2,
Q,MIO_EUR,NSA,S13,P51G,EA21,1995-Q3,
Q,MIO_EUR,NSA,S13,P51G,EA21,1995-Q4,
Q,MIO_EUR,NSA,S13,P51G,EA21,1996-Q1,
Q,MIO_EUR,NSA,S13,P51G,EA21,1996-Q2,
Q,MIO_EUR,NSA,S13,P51G,EA21,1996-Q3,
Q,MIO_EUR,NSA,S13,P51G,EA21,1996-Q4,
Q,MIO_EUR,NSA,S13,P51G,EA21,1997-Q1,
Q,MIO_EUR,NSA,S13,P51G,EA21,1997-Q2,
Q,MIO_EUR,NSA,S13,P51G,EA21,1997-Q3,
Q,MIO_EUR,NSA,S13,P51G,EA21,1997-Q4,
Q,MIO_EUR,NSA,S13,P51G,EA21,1998-Q1,
Q,MIO_EUR,NSA,S13,P51G,EA21,1998-Q2,
Q,MIO_EUR,NSA,S13,P51G,EA21,1998-Q3,
Q,MIO_EUR,NSA,S13,P51G,EA21,1998-Q4,
Q,MIO_EUR,NSA,S13,P51G,EA21,1999-Q1,
Q,MIO_EUR,NSA,S13,P51G,EA21,1999-Q2,
Q,MIO_EUR,NSA,S13,P51G,EA21,1999-Q3,
Q,MIO_EUR,NSA,S13,P51G,EA21,1999-Q4,
Q,MIO_EUR,NSA,S13,P51G,EA21,2000-Q1,
Q,MIO_EUR,NSA,S13,P51G,EA21,2000-Q2,
Q,MIO_EUR,NSA,S13,P51G,EA21,2000-Q3,
Q,MIO_EUR,NSA,S13,P51G,EA21,2000-Q4,
Q,MIO_EUR,NSA,S13,P51G,EA21,2001-Q1,
Q,MIO_EUR,NSA,S13,P51G,EA21,2001-Q2,
Q,MIO_EUR,NSA,S13,P51G,EA21,2001-Q3,
Q,MIO_EUR,NSA,S13,P51G,EA21,2001-Q4,
Q,MIO_EUR,NSA,S13,P51G,EA21,2002-Q1,56820.5
Q,MIO_EUR,NSA,S13,P51G,EA21,2002-Q2,63870.3
Q,MIO_EUR,NSA,S13,P51G,EA21,2002-Q3,67424
Q,MIO_EUR,NSA,S13,P51G,EA21,2002-Q4,64377.6
Q,MIO_EUR,NSA,S13,P51G,EA21,2003-Q1,58775.4
Q,MIO_EUR,NSA,S13,P51G,EA21,2003-Q2,67398.3
Q,MIO_EUR,NSA,S13,P51G,EA21,2003-Q3,69984.8
Q,MIO_EUR,NSA,S13,P51G,EA21,2003-Q4,75292
Q,MIO_EUR,NSA,S13,P51G,EA21,2004-Q1,60879
Q,MIO_EUR,NSA,S13,P51G,EA21,2004-Q2,68343.5
Q,MIO_EUR,NSA,S13,P51G,EA21,2004-Q3,70468.4
Q,MIO_EUR,NSA,S13,P51G,EA21,2004-Q4,76374.8
Q,MIO_EUR,NSA,S13,P51G,EA21,2005-Q1,62013.8
Q,MIO_EUR,NSA,S13,P51G,EA21,2005-Q2,71647
Q,MIO_EUR,NSA,S13,P51G,EA21,2005-Q3,74711.3
Q,MIO_EUR,NSA,S13,P51G,EA21,2005-Q4,79682.7
Q,MIO_EUR,NSA,S13,P51G,EA21,2006-Q1,67673
Q,MIO_EUR,NSA,S13,P51G,EA21,2006-Q2,76340
Q,MIO_EUR,NSA,S13,P51G,EA21,2006-Q3,78168
Q,MIO_EUR,NSA,S13,P51G,EA21,2006-Q4,87120.9
Q,MIO_EUR,NSA,S13,P51G,EA21,2007-Q1,72814.1
Q,MIO_EUR,NSA,S13,P51G,EA21,2007-Q2,80202.7
Q,MIO_EUR,NSA,S13,P51G,EA21,2007-Q3,83065.7
Q,MIO_EUR,NSA,S13,P51G,EA21,2007-Q4,93481.3
Q,MIO_EUR,NSA,S13,P51G,EA21,2008-Q1,76462.5
Q,MIO_EUR,NSA,S13,P51G,EA21,2008-Q2,86816.2
Q,MIO_EUR,NSA,S13,P51G,EA21,2008-Q3,87596.7
Q,MIO_EUR,NSA,S13,P51G,EA21,2008-Q4,97486
Q,MIO_EUR,NSA,S13,P51G,EA21,2009-Q1,81200.9
Q,MIO_EUR,NSA,S13,P51G,EA21,2009-Q2,91384.5
Q,MIO_EUR,NSA,S13,P51G,EA21,2009-Q3,92059.2
Q,MIO_EUR,NSA,S13,P51G,EA21,2009-Q4,101104
Q,MIO_EUR,NSA,S13,P51G,EA21,2010-Q1,80346.1
Q,MIO_EUR,NSA,S13,P51G,EA21,2010-Q2,87842.4
Q,MIO_EUR,NSA,S13,P51G,EA21,2010-Q3,88747.9
Q,MIO_EUR,NSA,S13,P51G,EA21,2010-Q4,97111.6
Q,MIO_EUR,NSA,S13,P51G,EA21,2011-Q1,76175.2
Q,MIO_EUR,NSA,S13,P51G,EA21,2011-Q2,83214.3
Q,MIO_EUR,NSA,S13,P51G,EA21,2011-Q3,82579.9
Q,MIO_EUR,NSA,S13,P51G,EA21,2011-Q4,91543.5
Q,MIO_EUR,NSA,S13,P51G,EA21,2012-Q1,71460.5
Q,MIO_EUR,NSA,S13,P51G,EA21,2012-Q2,76621.7
Q,MIO_EUR,NSA,S13,P51G,EA21,2012-Q3,77223.5
Q,MIO_EUR,NSA,S13,P51G,EA21,2012-Q4,92676.8
Q,MIO_EUR,NSA,S13,P51G,EA21,2013-Q1,69168.8
Q,MIO_EUR,NSA,S13,P51G,EA21,2013-Q2,76388.2
Q,MIO_EUR,NSA,S13,P51G,EA21,2013-Q3,78636.5
Q,MIO_EUR,NSA,S13,P51G,EA21,2013-Q4,87274.6
Q,MIO_EUR,NSA,S13,P51G,EA21,2014-Q1,68255.6
Q,MIO_EUR,NSA,S13,P51G,EA21,2014-Q2,73681.3
Q,MIO_EUR,NSA,S13,P51G,EA21,2014-Q3,75556.3
Q,MIO_EUR,NSA,S13,P51G,EA21,2014-Q4,86490.9
Q,MIO_EUR,NSA,S13,P51G,EA21,2015-Q1,68508
Q,MIO_EUR,NSA,S13,P51G,EA21,2015-Q2,75449.8
Q,MIO_EUR,NSA,S13,P51G,EA21,2015-Q3,79058.2
Q,MIO_EUR,NSA,S13,P51G,EA21,2015-Q4,92953.4
Q,MIO_EUR,NSA,S13,P51G,EA21,2016-Q1,67385.6
Q,MIO_EUR,NSA,S13,P51G,EA21,2016-Q2,75427.6
Q,MIO_EUR,NSA,S13,P51G,EA21,2016-Q3,77686.5
Q,MIO_EUR,NSA,S13,P51G,EA21,2016-Q4,88303.3
Q,MIO_EUR,NSA,S13,P51G,EA21,2017-Q1,68612.7
Q,MIO_EUR,NSA,S13,P51G,EA21,2017-Q2,76403.2
Q,MIO_EUR,NSA,S13,P51G,EA21,2017-Q3,83539
Q,MIO_EUR,NSA,S13,P51G,EA21,2017-Q4,91392.5
Q,MIO_EUR,NSA,S13,P51G,EA21,2018-Q1,71604.9
Q,MIO_EUR,NSA,S13,P51G,EA21,2018-Q2,83460.7
Q,MIO_EUR,NSA,S13,P51G,EA21,2018-Q3,85650.9
Q,MIO_EUR,NSA,S13,P51G,EA21,2018-Q4,99797.6
Q,MIO_EUR,NSA,S13,P51G,EA21,2019-Q1,77856.1
Q,MIO_EUR,NSA,S13,P51G,EA21,2019-Q2,90250.6
Q,MIO_EUR,NSA,S13,P51G,EA21,2019-Q3,92445.5
Q,MIO_EUR,NSA,S13,P51G,EA21,2019-Q4,103653.4
Q,MIO_EUR,NSA,S13,P51G,EA21,2020-Q1,82731.5
Q,MIO_EUR,NSA,S13,P51G,EA21,2020-Q2,90566.7
Q,MIO_EUR,NSA,S13,P51G,EA21,2020-Q3,96228.5
Q,MIO_EUR,NSA,S13,P51G,EA21,2020-Q4,110354.2
Q,MIO_EUR,NSA,S13,P51G,EA21,2021-Q1,83614.5
Q,MIO_EUR,NSA,S13,P51G,EA21,2021-Q2,96319.3
Q,MIO_EUR,NSA,S13,P51G,EA21,2021-Q3,104294.3
Q,MIO_EUR,NSA,S13,P51G,EA21,2021-Q4,120434.2
Q,MIO_EUR,NSA,S13,P51G,EA21,2022-Q1,91167.3
Q,MIO_EUR,NSA,S13,P51G,EA21,2022-Q2,103511.6
Q,MIO_EUR,NSA,S13,P51G,EA21,2022-Q3,109696.9
Q,MIO_EUR,NSA,S13,P51G,EA21,2022-Q4,130461.6
Q,MIO_EUR,NSA,S13,P51G,EA21,2023-Q1,101126.1
Q,MIO_EUR,NSA,S13,P51G,EA21,2023-Q2,118000.2
Q,MIO_EUR,NSA,S13,P51G,EA21,2023-Q3,123060.8
Q,MIO_EUR,NSA,S13,P51G,EA21,2023-Q4,149461.6
Q,MIO_EUR,NSA,S13,P51G,EA21,2024-Q1,113265.7
Q,MIO_EUR,NSA,S13,P51G,EA21,2024-Q2,129760.6
Q,MIO_EUR,NSA,S13,P51G,EA21,2024-Q3,131769.7
Q,MIO_EUR,NSA,S13,P51G,EA21,2024-Q4,157626.3
Q,MIO_EUR,NSA,S13,P51G,EA21,2025-Q1,122297.3
Q,MIO_EUR,NSA,S13,P51G,EA21,2025-Q2,140786.1
Q,MIO_EUR,NSA,S13,P51G,EA21,2025-Q3,142938.4
Q,MIO_EUR,NSA,S13,P51G,EA21,2025-Q4,178368.2
Q,MIO_EUR,NSA,S13,P51G,EA21,2026-Q1,130344
Q,MIO_EUR,NSA,S13,P51G,EA20,1995-Q1,
Q,MIO_EUR,NSA,S13,P51G,EA20,1995-Q2,
Q,MIO_EUR,NSA,S13,P51G,EA20,1995-Q3,
Q,MIO_EUR,NSA,S13,P51G,EA20,1995-Q4,
Q,MIO_EUR,NSA,S13,P51G,EA20,1996-Q1,
Q,MIO_EUR,NSA,S13,P51G,EA20,1996-Q2,
Q,MIO_EUR,NSA,S13,P51G,EA20,1996-Q3,
Q,MIO_EUR,NSA,S13,P51G,EA20,1996-Q4,
Q,MIO_EUR,NSA,S13,P51G,EA20,1997-Q1,
Q,MIO_EUR,NSA,S13,P51G,EA20,1997-Q2,
Q,MIO_EUR,NSA,S13,P51G,EA20,1997-Q3,
Q,MIO_EUR,NSA,S13,P51G,EA20,1997-Q4,
Q,MIO_EUR,NSA,S13,P51G,EA20,1998-Q1,
Q,MIO_EUR,NSA,S13,P51G,EA20,1998-Q2,
Q,MIO_EUR,NSA,S13,P51G,EA20,1998-Q3,
Q,MIO_EUR,NSA,S13,P51G,EA20,1998-Q4,
Q,MIO_EUR,NSA,S13,P51G,EA20,1999-Q1,
Q,MIO_EUR,NSA,S13,P51G,EA20,1999-Q2,
Q,MIO_EUR,NSA,S13,P51G,EA20,1999-Q3,
Q,MIO_EUR,NSA,S13,P51G,EA20,1999-Q4,
Q,MIO_EUR,NSA,S13,P51G,EA20,2000-Q1,
Q,MIO_EUR,NSA,S13,P51G,EA20,2000-Q2,
Q,MIO_EUR,NSA,S13,P51G,EA20,2000-Q3,
Q,MIO_EUR,NSA,S13,P51G,EA20,2000-Q4,
Q,MIO_EUR,NSA,S13,P51G,EA20,2001-Q1,
Q,MIO_EUR,NSA,S13,P51G,EA20,2001-Q2,
Q,MIO_EUR,NSA,S13,P51G,EA20,2001-Q3,
Q,MIO_EUR,NSA,S13,P51G,EA20,2001-Q4,
Q,MIO_EUR,NSA,S13,P51G,EA20,2002-Q1,56735.8
Q,MIO_EUR,NSA,S13,P51G,EA20,2002-Q2,63729.9
Q,MIO_EUR,NSA,S13,P51G,EA20,2002-Q3,67303.4
Q,MIO_EUR,NSA,S13,P51G,EA20,2002-Q4,64129.2
Q,MIO_EUR,NSA,S13,P51G,EA20,2003-Q1,58680
Q,MIO_EUR,NSA,S13,P51G,EA20,2003-Q2,67280.8
Q,MIO_EUR,NSA,S13,P51G,EA20,2003-Q3,69843.1
Q,MIO_EUR,NSA,S13,P51G,EA20,2003-Q4,75036.9
Q,MIO_EUR,NSA,S13,P51G,EA20,2004-Q1,60766
Q,MIO_EUR,NSA,S13,P51G,EA20,2004-Q2,68210.9
Q,MIO_EUR,NSA,S13,P51G,EA20,2004-Q3,70322.4
Q,MIO_EUR,NSA,S13,P51G,EA20,2004-Q4,76042.7
Q,MIO_EUR,NSA,S13,P51G,EA20,2005-Q1,61894.8
Q,MIO_EUR,NSA,S13,P51G,EA20,2005-Q2,71429.8
Q,MIO_EUR,NSA,S13,P51G,EA20,2005-Q3,74491.4
Q,MIO_EUR,NSA,S13,P51G,EA20,2005-Q4,79355.2
Q,MIO_EUR,NSA,S13,P51G,EA20,2006-Q1,67551.5
Q,MIO_EUR,NSA,S13,P51G,EA20,2006-Q2,76119.3
Q,MIO_EUR,NSA,S13,P51G,EA20,2006-Q3,77905.9
Q,MIO_EUR,NSA,S13,P51G,EA20,2006-Q4,86585.5
Q,MIO_EUR,NSA,S13,P51G,EA20,2007-Q1,72638.6
Q,MIO_EUR,NSA,S13,P51G,EA20,2007-Q2,79907.3
Q,MIO_EUR,NSA,S13,P51G,EA20,2007-Q3,82750.9
Q,MIO_EUR,NSA,S13,P51G,EA20,2007-Q4,92569.1
Q,MIO_EUR,NSA,S13,P51G,EA20,2008-Q1,76237.5
Q,MIO_EUR,NSA,S13,P51G,EA20,2008-Q2,86517.6
Q,MIO_EUR,NSA,S13,P51G,EA20,2008-Q3,87154.1
Q,MIO_EUR,NSA,S13,P51G,EA20,2008-Q4,96378.2
Q,MIO_EUR,NSA,S13,P51G,EA20,2009-Q1,80902.3
Q,MIO_EUR,NSA,S13,P51G,EA20,2009-Q2,90776.2
Q,MIO_EUR,NSA,S13,P51G,EA20,2009-Q3,91584.9
Q,MIO_EUR,NSA,S13,P51G,EA20,2009-Q4,100636.5
Q,MIO_EUR,NSA,S13,P51G,EA20,2010-Q1,80089.5
Q,MIO_EUR,NSA,S13,P51G,EA20,2010-Q2,87572.4
Q,MIO_EUR,NSA,S13,P51G,EA20,2010-Q3,88341.2
Q,MIO_EUR,NSA,S13,P51G,EA20,2010-Q4,96288.5
Q,MIO_EUR,NSA,S13,P51G,EA20,2011-Q1,76008
Q,MIO_EUR,NSA,S13,P51G,EA20,2011-Q2,82945.8
Q,MIO_EUR,NSA,S13,P51G,EA20,2011-Q3,82198.6
Q,MIO_EUR,NSA,S13,P51G,EA20,2011-Q4,90946.9
Q,MIO_EUR,NSA,S13,P51G,EA20,2012-Q1,71240.5
Q,MIO_EUR,NSA,S13,P51G,EA20,2012-Q2,76320.1
Q,MIO_EUR,NSA,S13,P51G,EA20,2012-Q3,76858.1
Q,MIO_EUR,NSA,S13,P51G,EA20,2012-Q4,92127.6
Q,MIO_EUR,NSA,S13,P51G,EA20,2013-Q1,68914.4
Q,MIO_EUR,NSA,S13,P51G,EA20,2013-Q2,76043.2
Q,MIO_EUR,NSA,S13,P51G,EA20,2013-Q3,78184.9
Q,MIO_EUR,NSA,S13,P51G,EA20,2013-Q4,86594.9
Q,MIO_EUR,NSA,S13,P51G,EA20,2014-Q1,67897
Q,MIO_EUR,NSA,S13,P51G,EA20,2014-Q2,73272
Q,MIO_EUR,NSA,S13,P51G,EA20,2014-Q3,74978.9
Q,MIO_EUR,NSA,S13,P51G,EA20,2014-Q4,85572.6
Q,MIO_EUR,NSA,S13,P51G,EA20,2015-Q1,68160.5
Q,MIO_EUR,NSA,S13,P51G,EA20,2015-Q2,74944.4
Q,MIO_EUR,NSA,S13,P51G,EA20,2015-Q3,78368.1
Q,MIO_EUR,NSA,S13,P51G,EA20,2015-Q4,91486.5
Q,MIO_EUR,NSA,S13,P51G,EA20,2016-Q1,67247.3
Q,MIO_EUR,NSA,S13,P51G,EA20,2016-Q2,75197.5
Q,MIO_EUR,NSA,S13,P51G,EA20,2016-Q3,77458
Q,MIO_EUR,NSA,S13,P51G,EA20,2016-Q4,87602.1
Q,MIO_EUR,NSA,S13,P51G,EA20,2017-Q1,68494.6
Q,MIO_EUR,NSA,S13,P51G,EA20,2017-Q2,76221.8
Q,MIO_EUR,NSA,S13,P51G,EA20,2017-Q3,83323.7
Q,MIO_EUR,NSA,S13,P51G,EA20,2017-Q4,90706.1
Q,MIO_EUR,NSA,S13,P51G,EA20,2018-Q1,71389.2
Q,MIO_EUR,NSA,S13,P51G,EA20,2018-Q2,83150.5
Q,MIO_EUR,NSA,S13,P51G,EA20,2018-Q3,85362.6
Q,MIO_EUR,NSA,S13,P51G,EA20,2018-Q4,98887.3
Q,MIO_EUR,NSA,S13,P51G,EA20,2019-Q1,77551.1
Q,MIO_EUR,NSA,S13,P51G,EA20,2019-Q2,89818.3
Q,MIO_EUR,NSA,S13,P51G,EA20,2019-Q3,92032.5
Q,MIO_EUR,NSA,S13,P51G,EA20,2019-Q4,102744
Q,MIO_EUR,NSA,S13,P51G,EA20,2020-Q1,82538
Q,MIO_EUR,NSA,S13,P51G,EA20,2020-Q2,90225.7
Q,MIO_EUR,NSA,S13,P51G,EA20,2020-Q3,95652.7
Q,MIO_EUR,NSA,S13,P51G,EA20,2020-Q4,109410.8
Q,MIO_EUR,NSA,S13,P51G,EA20,2021-Q1,83319.2
Q,MIO_EUR,NSA,S13,P51G,EA20,2021-Q2,96036.2
Q,MIO_EUR,NSA,S13,P51G,EA20,2021-Q3,103964.6
Q,MIO_EUR,NSA,S13,P51G,EA20,2021-Q4,119408.9
Q,MIO_EUR,NSA,S13,P51G,EA20,2022-Q1,90874.2
Q,MIO_EUR,NSA,S13,P51G,EA20,2022-Q2,103215.3
Q,MIO_EUR,NSA,S13,P51G,EA20,2022-Q3,109346
Q,MIO_EUR,NSA,S13,P51G,EA20,2022-Q4,129368.5
Q,MIO_EUR,NSA,S13,P51G,EA20,2023-Q1,100759.1
Q,MIO_EUR,NSA,S13,P51G,EA20,2023-Q2,116634.8
Q,MIO_EUR,NSA,S13,P51G,EA20,2023-Q3,122413.8
Q,MIO_EUR,NSA,S13,P51G,EA20,2023-Q4,148232.8
Q,MIO_EUR,NSA,S13,P51G,EA20,2024-Q1,112895.2
Q,MIO_EUR,NSA,S13,P51G,EA20,2024-Q2,128897.9
Q,MIO_EUR,NSA,S13,P51G,EA20,2024-Q3,131104.6
Q,MIO_EUR,NSA,S13,P51G,EA20,2024-Q4,156213.3
Q,MIO_EUR,NSA,S13,P51G,EA20,2025-Q1,121914.8
Q,MIO_EUR,NSA,S13,P51G,EA20,2025-Q2,139715.6
Q,MIO_EUR,NSA,S13,P51G,EA20,2025-Q3,142005
Q,MIO_EUR,NSA,S13,P51G,EA20,2025-Q4,175511.1
Q,MIO_EUR,NSA,S13,P51G,EA20,2026-Q1,129695.6
Q,MIO_EUR,NSA,S13,P51G,EA19,1995-Q1,
Q,MIO_EUR,NSA,S13,P51G,EA19,1995-Q2,
Q,MIO_EUR,NSA,S13,P51G,EA19,1995-Q3,
Q,MIO_EUR,NSA,S13,P51G,EA19,1995-Q4,
Q,MIO_EUR,NSA,S13,P51G,EA19,1996-Q1,
Q,MIO_EUR,NSA,S13,P51G,EA19,1996-Q2,
Q,MIO_EUR,NSA,S13,P51G,EA19,1996-Q3,
Q,MIO_EUR,NSA,S13,P51G,EA19,1996-Q4,
Q,MIO_EUR,NSA,S13,P51G,EA19,1997-Q1,
Q,MIO_EUR,NSA,S13,P51G,EA19,1997-Q2,
Q,MIO_EUR,NSA,S13,P51G,EA19,1997-Q3,
Q,MIO_EUR,NSA,S13,P51G,EA19,1997-Q4,
Q,MIO_EUR,NSA,S13,P51G,EA19,1998-Q1,
Q,MIO_EUR,NSA,S13,P51G,EA19,1998-Q2,
Q,MIO_EUR,NSA,S13,P51G,EA19,1998-Q3,
Q,MIO_EUR,NSA,S13,P51G,EA19,1998-Q4,
Q,MIO_EUR,NSA,S13,P51G,EA19,1999-Q1,
Q,MIO_EUR,NSA,S13,P51G,EA19,1999-Q2,
Q,MIO_EUR,NSA,S13,P51G,EA19,1999-Q3,
Q,MIO_EUR,NSA,S13,P51G,EA19,1999-Q4,
Q,MIO_EUR,NSA,S13,P51G,EA19,2000-Q1,
Q,MIO_EUR,NSA,S13,P51G,EA19,2000-Q2,
Q,MIO_EUR,NSA,S13,P51G,EA19,2000-Q3,
Q,MIO_EUR,NSA,S13,P51G,EA19,2000-Q4,
Q,MIO_EUR,NSA,S13,P51G,EA19,2001-Q1,
Q,MIO_EUR,NSA,S13,P51G,EA19,2001-Q2,
Q,MIO_EUR,NSA,S13,P51G,EA19,2001-Q3,
Q,MIO_EUR,NSA,S13,P51G,EA19,2001-Q4,
Q,MIO_EUR,NSA,S13,P51G,EA19,2002-Q1,56440.9
Q,MIO_EUR,NSA,S13,P51G,EA19,2002-Q2,63371.8
Q,MIO_EUR,NSA,S13,P51G,EA19,2002-Q3,66942.1
Q,MIO_EUR,NSA,S13,P51G,EA19,2002-Q4,63784.2
Q,MIO_EUR,NSA,S13,P51G,EA19,2003-Q1,58283.7
Q,MIO_EUR,NSA,S13,P51G,EA19,2003-Q2,66738.9
Q,MIO_EUR,NSA,S13,P51G,EA19,2003-Q3,69305.3
Q,MIO_EUR,NSA,S13,P51G,EA19,2003-Q4,74553.3
Q,MIO_EUR,NSA,S13,P51G,EA19,2004-Q1,60310.2
Q,MIO_EUR,NSA,S13,P51G,EA19,2004-Q2,67605.5
Q,MIO_EUR,NSA,S13,P51G,EA19,2004-Q3,69760.8
Q,MIO_EUR,NSA,S13,P51G,EA19,2004-Q4,75533.6
Q,MIO_EUR,NSA,S13,P51G,EA19,2005-Q1,61514.8
Q,MIO_EUR,NSA,S13,P51G,EA19,2005-Q2,70898.2
Q,MIO_EUR,NSA,S13,P51G,EA19,2005-Q3,73992.1
Q,MIO_EUR,NSA,S13,P51G,EA19,2005-Q4,78876.5
Q,MIO_EUR,NSA,S13,P51G,EA19,2006-Q1,67108.6
Q,MIO_EUR,NSA,S13,P51G,EA19,2006-Q2,75560.9
Q,MIO_EUR,NSA,S13,P51G,EA19,2006-Q3,77377.5
Q,MIO_EUR,NSA,S13,P51G,EA19,2006-Q4,86082.7
Q,MIO_EUR,NSA,S13,P51G,EA19,2007-Q1,71990.6
Q,MIO_EUR,NSA,S13,P51G,EA19,2007-Q2,79157.8
Q,MIO_EUR,NSA,S13,P51G,EA19,2007-Q3,82030.4
Q,MIO_EUR,NSA,S13,P51G,EA19,2007-Q4,91887.9
Q,MIO_EUR,NSA,S13,P51G,EA19,2008-Q1,75609.1
Q,MIO_EUR,NSA,S13,P51G,EA19,2008-Q2,85756.8
Q,MIO_EUR,NSA,S13,P51G,EA19,2008-Q3,86465.5
Q,MIO_EUR,NSA,S13,P51G,EA19,2008-Q4,95749.7
Q,MIO_EUR,NSA,S13,P51G,EA19,2009-Q1,80297.5
Q,MIO_EUR,NSA,S13,P51G,EA19,2009-Q2,90089.2
Q,MIO_EUR,NSA,S13,P51G,EA19,2009-Q3,90916.6
Q,MIO_EUR,NSA,S13,P51G,EA19,2009-Q4,100030.8
Q,MIO_EUR,NSA,S13,P51G,EA19,2010-Q1,79692.6
Q,MIO_EUR,NSA,S13,P51G,EA19,2010-Q2,87103.9
Q,MIO_EUR,NSA,S13,P51G,EA19,2010-Q3,87875.2
Q,MIO_EUR,NSA,S13,P51G,EA19,2010-Q4,95861.5
Q,MIO_EUR,NSA,S13,P51G,EA19,2011-Q1,75629.7
Q,MIO_EUR,NSA,S13,P51G,EA19,2011-Q2,82505.4
Q,MIO_EUR,NSA,S13,P51G,EA19,2011-Q3,81770.3
Q,MIO_EUR,NSA,S13,P51G,EA19,2011-Q4,90539.8
Q,MIO_EUR,NSA,S13,P51G,EA19,2012-Q1,70862
Q,MIO_EUR,NSA,S13,P51G,EA19,2012-Q2,75851.5
Q,MIO_EUR,NSA,S13,P51G,EA19,2012-Q3,76445.5
Q,MIO_EUR,NSA,S13,P51G,EA19,2012-Q4,91727.1
Q,MIO_EUR,NSA,S13,P51G,EA19,2013-Q1,68510.5
Q,MIO_EUR,NSA,S13,P51G,EA19,2013-Q2,75532.8
Q,MIO_EUR,NSA,S13,P51G,EA19,2013-Q3,77726.2
Q,MIO_EUR,NSA,S13,P51G,EA19,2013-Q4,86143.9
Q,MIO_EUR,NSA,S13,P51G,EA19,2014-Q1,67551.6
Q,MIO_EUR,NSA,S13,P51G,EA19,2014-Q2,72795.7
Q,MIO_EUR,NSA,S13,P51G,EA19,2014-Q3,74587.9
Q,MIO_EUR,NSA,S13,P51G,EA19,2014-Q4,85163.7
Q,MIO_EUR,NSA,S13,P51G,EA19,2015-Q1,67828.9
Q,MIO_EUR,NSA,S13,P51G,EA19,2015-Q2,74491.4
Q,MIO_EUR,NSA,S13,P51G,EA19,2015-Q3,77989.3
Q,MIO_EUR,NSA,S13,P51G,EA19,2015-Q4,91079.2
Q,MIO_EUR,NSA,S13,P51G,EA19,2016-Q1,66926.2
Q,MIO_EUR,NSA,S13,P51G,EA19,2016-Q2,74757.6
Q,MIO_EUR,NSA,S13,P51G,EA19,2016-Q3,77114.2
Q,MIO_EUR,NSA,S13,P51G,EA19,2016-Q4,87214.4
Q,MIO_EUR,NSA,S13,P51G,EA19,2017-Q1,68131.5
Q,MIO_EUR,NSA,S13,P51G,EA19,2017-Q2,75934.5
Q,MIO_EUR,NSA,S13,P51G,EA19,2017-Q3,83017.8
Q,MIO_EUR,NSA,S13,P51G,EA19,2017-Q4,90352.8
Q,MIO_EUR,NSA,S13,P51G,EA19,2018-Q1,71088.5
Q,MIO_EUR,NSA,S13,P51G,EA19,2018-Q2,82846.1
Q,MIO_EUR,NSA,S13,P51G,EA19,2018-Q3,84939.5
Q,MIO_EUR,NSA,S13,P51G,EA19,2018-Q4,98065.1
Q,MIO_EUR,NSA,S13,P51G,EA19,2019-Q1,77113.5
Q,MIO_EUR,NSA,S13,P51G,EA19,2019-Q2,89385.4
Q,MIO_EUR,NSA,S13,P51G,EA19,2019-Q3,91384
Q,MIO_EUR,NSA,S13,P51G,EA19,2019-Q4,101861
Q,MIO_EUR,NSA,S13,P51G,EA19,2020-Q1,82069.9
Q,MIO_EUR,NSA,S13,P51G,EA19,2020-Q2,89697.9
Q,MIO_EUR,NSA,S13,P51G,EA19,2020-Q3,94950
Q,MIO_EUR,NSA,S13,P51G,EA19,2020-Q4,108281.7
Q,MIO_EUR,NSA,S13,P51G,EA19,2021-Q1,82791.1
Q,MIO_EUR,NSA,S13,P51G,EA19,2021-Q2,95281.1
Q,MIO_EUR,NSA,S13,P51G,EA19,2021-Q3,103291.6
Q,MIO_EUR,NSA,S13,P51G,EA19,2021-Q4,118561.2
Q,MIO_EUR,NSA,S13,P51G,EA19,2022-Q1,90366.4
Q,MIO_EUR,NSA,S13,P51G,EA19,2022-Q2,102584.5
Q,MIO_EUR,NSA,S13,P51G,EA19,2022-Q3,108734.8
Q,MIO_EUR,NSA,S13,P51G,EA19,2022-Q4,128358.3
Q,MIO_EUR,NSA,S13,P51G,EA19,2023-Q1,100158.6
Q,MIO_EUR,NSA,S13,P51G,EA19,2023-Q2,115489.2
Q,MIO_EUR,NSA,S13,P51G,EA19,2023-Q3,121538.5
Q,MIO_EUR,NSA,S13,P51G,EA19,2023-Q4,146372.7
Q,MIO_EUR,NSA,S13,P51G,EA19,2024-Q1,112158.1
Q,MIO_EUR,NSA,S13,P51G,EA19,2024-Q2,127802.3
Q,MIO_EUR,NSA,S13,P51G,EA19,2024-Q3,130077
Q,MIO_EUR,NSA,S13,P51G,EA19,2024-Q4,154589.8
Q,MIO_EUR,NSA,S13,P51G,EA19,2025-Q1,121009.6
Q,MIO_EUR,NSA,S13,P51G,EA19,2025-Q2,138361
Q,MIO_EUR,NSA,S13,P51G,EA19,2025-Q3,140658.1
Q,MIO_EUR,NSA,S13,P51G,EA19,2025-Q4,173523.6
Q,MIO_EUR,NSA,S13,P51G,EA19,2026-Q1,128751.1
Q,MIO_EUR,NSA,S13,P51G,BE,1995-Q1,1175.3
Q,MIO_EUR,NSA,S13,P51G,BE,1995-Q2,1232.8
Q,MIO_EUR,NSA,S13,P51G,BE,1995-Q3,1237.5
Q,MIO_EUR,NSA,S13,P51G,BE,1995-Q4,1243.8
Q,MIO_EUR,NSA,S13,P51G,BE,1996-Q1,1121
Q,MIO_EUR,NSA,S13,P51G,BE,1996-Q2,1135
Q,MIO_EUR,NSA,S13,P51G,BE,1996-Q3,1159.9
Q,MIO_EUR,NSA,S13,P51G,BE,1996-Q4,1156.4
Q,MIO_EUR,NSA,S13,P51G,BE,1997-Q1,1173.7
Q,MIO_EUR,NSA,S13,P51G,BE,1997-Q2,1161.7
Q,MIO_EUR,NSA,S13,P51G,BE,1997-Q3,1170.9
Q,MIO_EUR,NSA,S13,P51G,BE,1997-Q4,1202.8
Q,MIO_EUR,NSA,S13,P51G,BE,1998-Q1,1132.7
Q,MIO_EUR,NSA,S13,P51G,BE,1998-Q2,1146.7
Q,MIO_EUR,NSA,S13,P51G,BE,1998-Q3,1170.6
Q,MIO_EUR,NSA,S13,P51G,BE,1998-Q4,1306.5
Q,MIO_EUR,NSA,S13,P51G,BE,1999-Q1,1319.5
Q,MIO_EUR,NSA,S13,P51G,BE,1999-Q2,1407.5
Q,MIO_EUR,NSA,S13,P51G,BE,1999-Q3,1448.6
Q,MIO_EUR,NSA,S13,P51G,BE,1999-Q4,1519.9
Q,MIO_EUR,NSA,S13,P51G,BE,2000-Q1,1501
Q,MIO_EUR,NSA,S13,P51G,BE,2000-Q2,1530.9
Q,MIO_EUR,NSA,S13,P51G,BE,2000-Q3,1517.6
Q,MIO_EUR,NSA,S13,P51G,BE,2000-Q4,1548.5
Q,MIO_EUR,NSA,S13,P51G,BE,2001-Q1,1504
Q,MIO_EUR,NSA,S13,P51G,BE,2001-Q2,1468.3
Q,MIO_EUR,NSA,S13,P51G,BE,2001-Q3,1456.1
Q,MIO_EUR,NSA,S13,P51G,BE,2001-Q4,1178
Q,MIO_EUR,NSA,S13,P51G,BE,2002-Q1,1431.2
Q,MIO_EUR,NSA,S13,P51G,BE,2002-Q2,1421.8
Q,MIO_EUR,NSA,S13,P51G,BE,2002-Q3,1451.4
Q,MIO_EUR,NSA,S13,P51G,BE,2002-Q4,1337.5
Q,MIO_EUR,NSA,S13,P51G,BE,2003-Q1,1472.6
Q,MIO_EUR,NSA,S13,P51G,BE,2003-Q2,1495.7
Q,MIO_EUR,NSA,S13,P51G,BE,2003-Q3,1549
Q,MIO_EUR,NSA,S13,P51G,BE,2003-Q4,1373.2
Q,MIO_EUR,NSA,S13,P51G,BE,2004-Q1,1614
Q,MIO_EUR,NSA,S13,P51G,BE,2004-Q2,1416.8
Q,MIO_EUR,NSA,S13,P51G,BE,2004-Q3,1597.3
Q,MIO_EUR,NSA,S13,P51G,BE,2004-Q4,1347.7
Q,MIO_EUR,NSA,S13,P51G,BE,2005-Q1,1600.5
Q,MIO_EUR,NSA,S13,P51G,BE,2005-Q2,1605.8
Q,MIO_EUR,NSA,S13,P51G,BE,2005-Q3,1613.3
Q,MIO_EUR,NSA,S13,P51G,BE,2005-Q4,1582
Q,MIO_EUR,NSA,S13,P51G,BE,2006-Q1,1716.8
Q,MIO_EUR,NSA,S13,P51G,BE,2006-Q2,1707.8
Q,MIO_EUR,NSA,S13,P51G,BE,2006-Q3,1703.3
Q,MIO_EUR,NSA,S13,P51G,BE,2006-Q4,1083.8
Q,MIO_EUR,NSA,S13,P51G,BE,2007-Q1,1750.9
Q,MIO_EUR,NSA,S13,P51G,BE,2007-Q2,1676.3
Q,MIO_EUR,NSA,S13,P51G,BE,2007-Q3,1688.6
Q,MIO_EUR,NSA,S13,P51G,BE,2007-Q4,1701.7
Q,MIO_EUR,NSA,S13,P51G,BE,2008-Q1,1698.5
Q,MIO_EUR,NSA,S13,P51G,BE,2008-Q2,1798.2
Q,MIO_EUR,NSA,S13,P51G,BE,2008-Q3,1768
Q,MIO_EUR,NSA,S13,P51G,BE,2008-Q4,1910.5
Q,MIO_EUR,NSA,S13,P51G,BE,2009-Q1,1860.9
Q,MIO_EUR,NSA,S13,P51G,BE,2009-Q2,1966.6
Q,MIO_EUR,NSA,S13,P51G,BE,2009-Q3,1955.4
Q,MIO_EUR,NSA,S13,P51G,BE,2009-Q4,2067.7
Q,MIO_EUR,NSA,S13,P51G,BE,2010-Q1,1974.6
Q,MIO_EUR,NSA,S13,P51G,BE,2010-Q2,2016
Q,MIO_EUR,NSA,S13,P51G,BE,2010-Q3,2037.1
Q,MIO_EUR,NSA,S13,P51G,BE,2010-Q4,2113
Q,MIO_EUR,NSA,S13,P51G,BE,2011-Q1,2117.9
Q,MIO_EUR,NSA,S13,P51G,BE,2011-Q2,2190.5
Q,MIO_EUR,NSA,S13,P51G,BE,2011-Q3,2286.9
Q,MIO_EUR,NSA,S13,P51G,BE,2011-Q4,2378.2
Q,MIO_EUR,NSA,S13,P51G,BE,2012-Q1,2334
Q,MIO_EUR,NSA,S13,P51G,BE,2012-Q2,2355.8
Q,MIO_EUR,NSA,S13,P51G,BE,2012-Q3,2395.5
Q,MIO_EUR,NSA,S13,P51G,BE,2012-Q4,2509.9
Q,MIO_EUR,NSA,S13,P51G,BE,2013-Q1,2252.3
Q,MIO_EUR,NSA,S13,P51G,BE,2013-Q2,2247.9
Q,MIO_EUR,NSA,S13,P51G,BE,2013-Q3,2311
Q,MIO_EUR,NSA,S13,P51G,BE,2013-Q4,2363.3
Q,MIO_EUR,NSA,S13,P51G,BE,2014-Q1,2512.7
Q,MIO_EUR,NSA,S13,P51G,BE,2014-Q2,2561.3
Q,MIO_EUR,NSA,S13,P51G,BE,2014-Q3,2570.9
Q,MIO_EUR,NSA,S13,P51G,BE,2014-Q4,2663
Q,MIO_EUR,NSA,S13,P51G,BE,2015-Q1,2550.7
Q,MIO_EUR,NSA,S13,P51G,BE,2015-Q2,2533.3
Q,MIO_EUR,NSA,S13,P51G,BE,2015-Q3,2625.9
Q,MIO_EUR,NSA,S13,P51G,BE,2015-Q4,2646.7
Q,MIO_EUR,NSA,S13,P51G,BE,2016-Q1,2495.3
Q,MIO_EUR,NSA,S13,P51G,BE,2016-Q2,2514.8
Q,MIO_EUR,NSA,S13,P51G,BE,2016-Q3,2544
Q,MIO_EUR,NSA,S13,P51G,BE,2016-Q4,2895.7
Q,MIO_EUR,NSA,S13,P51G,BE,2017-Q1,2490.9
Q,MIO_EUR,NSA,S13,P51G,BE,2017-Q2,2600.7
Q,MIO_EUR,NSA,S13,P51G,BE,2017-Q3,2686.2
Q,MIO_EUR,NSA,S13,P51G,BE,2017-Q4,3106.5
Q,MIO_EUR,NSA,S13,P51G,BE,2018-Q1,2832.9
Q,MIO_EUR,NSA,S13,P51G,BE,2018-Q2,2946
Q,MIO_EUR,NSA,S13,P51G,BE,2018-Q3,3034
Q,MIO_EUR,NSA,S13,P51G,BE,2018-Q4,3436.2
Q,MIO_EUR,NSA,S13,P51G,BE,2019-Q1,3055.4
Q,MIO_EUR,NSA,S13,P51G,BE,2019-Q2,3024.9
Q,MIO_EUR,NSA,S13,P51G,BE,2019-Q3,3160.5
Q,MIO_EUR,NSA,S13,P51G,BE,2019-Q4,3396.8
Q,MIO_EUR,NSA,S13,P51G,BE,2020-Q1,3091.5
Q,MIO_EUR,NSA,S13,P51G,BE,2020-Q2,3070.2
Q,MIO_EUR,NSA,S13,P51G,BE,2020-Q3,3104.7
Q,MIO_EUR,NSA,S13,P51G,BE,2020-Q4,3488.6
Q,MIO_EUR,NSA,S13,P51G,BE,2021-Q1,3145
Q,MIO_EUR,NSA,S13,P51G,BE,2021-Q2,3212.4
Q,MIO_EUR,NSA,S13,P51G,BE,2021-Q3,3565.8
Q,MIO_EUR,NSA,S13,P51G,BE,2021-Q4,4094.1
Q,MIO_EUR,NSA,S13,P51G,BE,2022-Q1,3340.1
Q,MIO_EUR,NSA,S13,P51G,BE,2022-Q2,3823.8
Q,MIO_EUR,NSA,S13,P51G,BE,2022-Q3,3871.1
Q,MIO_EUR,NSA,S13,P51G,BE,2022-Q4,4295.3
Q,MIO_EUR,NSA,S13,P51G,BE,2023-Q1,3841.3
Q,MIO_EUR,NSA,S13,P51G,BE,2023-Q2,4171.9
Q,MIO_EUR,NSA,S13,P51G,BE,2023-Q3,4294.9
Q,MIO_EUR,NSA,S13,P51G,BE,2023-Q4,4872.3
Q,MIO_EUR,NSA,S13,P51G,BE,2024-Q1,4227.9
Q,MIO_EUR,NSA,S13,P51G,BE,2024-Q2,4646.4
Q,MIO_EUR,NSA,S13,P51G,BE,2024-Q3,4604.2
Q,MIO_EUR,NSA,S13,P51G,BE,2024-Q4,5888.8
Q,MIO_EUR,NSA,S13,P51G,BE,2025-Q1,4791.9
Q,MIO_EUR,NSA,S13,P51G,BE,2025-Q2,4751.5
Q,MIO_EUR,NSA,S13,P51G,BE,2025-Q3,4649.4
Q,MIO_EUR,NSA,S13,P51G,BE,2025-Q4,5753.9
Q,MIO_EUR,NSA,S13,P51G,BE,2026-Q1,4979.9
Q,MIO_EUR,NSA,S13,P51G,BG,1995-Q1,
Q,MIO_EUR,NSA,S13,P51G,BG,1995-Q2,
Q,MIO_EUR,NSA,S13,P51G,BG,1995-Q3,
Q,MIO_EUR,NSA,S13,P51G,BG,1995-Q4,
Q,MIO_EUR,NSA,S13,P51G,BG,1996-Q1,
Q,MIO_EUR,NSA,S13,P51G,BG,1996-Q2,
Q,MIO_EUR,NSA,S13,P51G,BG,1996-Q3,
Q,MIO_EUR,NSA,S13,P51G,BG,1996-Q4,
Q,MIO_EUR,NSA,S13,P51G,BG,1997-Q1,
Q,MIO_EUR,NSA,S13,P51G,BG,1997-Q2,
Q,MIO_EUR,NSA,S13,P51G,BG,1997-Q3,
Q,MIO_EUR,NSA,S13,P51G,BG,1997-Q4,
Q,MIO_EUR,NSA,S13,P51G,BG,1998-Q1,
Q,MIO_EUR,NSA,S13,P51G,BG,1998-Q2,
Q,MIO_EUR,NSA,S13,P51G,BG,1998-Q3,
Q,MIO_EUR,NSA,S13,P51G,BG,1998-Q4,
Q,MIO_EUR,NSA,S13,P51G,BG,1999-Q1,62.9
Q,MIO_EUR,NSA,S13,P51G,BG,1999-Q2,124.9
Q,MIO_EUR,NSA,S13,P51G,BG,1999-Q3,126.6
Q,MIO_EUR,NSA,S13,P51G,BG,1999-Q4,211.6
Q,MIO_EUR,NSA,S13,P51G,BG,2000-Q1,85.1
Q,MIO_EUR,NSA,S13,P51G,BG,2000-Q2,95.4
Q,MIO_EUR,NSA,S13,P51G,BG,2000-Q3,154.2
Q,MIO_EUR,NSA,S13,P51G,BG,2000-Q4,225.1
Q,MIO_EUR,NSA,S13,P51G,BG,2001-Q1,92.4
Q,MIO_EUR,NSA,S13,P51G,BG,2001-Q2,190.3
Q,MIO_EUR,NSA,S13,P51G,BG,2001-Q3,162.1
Q,MIO_EUR,NSA,S13,P51G,BG,2001-Q4,170.2
Q,MIO_EUR,NSA,S13,P51G,BG,2002-Q1,84.7
Q,MIO_EUR,NSA,S13,P51G,BG,2002-Q2,140.4
Q,MIO_EUR,NSA,S13,P51G,BG,2002-Q3,120.6
Q,MIO_EUR,NSA,S13,P51G,BG,2002-Q4,248.5
Q,MIO_EUR,NSA,S13,P51G,BG,2003-Q1,95.3
Q,MIO_EUR,NSA,S13,P51G,BG,2003-Q2,117.4
Q,MIO_EUR,NSA,S13,P51G,BG,2003-Q3,141.6
Q,MIO_EUR,NSA,S13,P51G,BG,2003-Q4,255
Q,MIO_EUR,NSA,S13,P51G,BG,2004-Q1,113
Q,MIO_EUR,NSA,S13,P51G,BG,2004-Q2,132.5
Q,MIO_EUR,NSA,S13,P51G,BG,2004-Q3,146.1
Q,MIO_EUR,NSA,S13,P51G,BG,2004-Q4,332.1
Q,MIO_EUR,NSA,S13,P51G,BG,2005-Q1,119
Q,MIO_EUR,NSA,S13,P51G,BG,2005-Q2,217.2
Q,MIO_EUR,NSA,S13,P51G,BG,2005-Q3,219.9
Q,MIO_EUR,NSA,S13,P51G,BG,2005-Q4,327.5
Q,MIO_EUR,NSA,S13,P51G,BG,2006-Q1,121.6
Q,MIO_EUR,NSA,S13,P51G,BG,2006-Q2,220.7
Q,MIO_EUR,NSA,S13,P51G,BG,2006-Q3,262.1
Q,MIO_EUR,NSA,S13,P51G,BG,2006-Q4,535.4
Q,MIO_EUR,NSA,S13,P51G,BG,2007-Q1,175.5
Q,MIO_EUR,NSA,S13,P51G,BG,2007-Q2,295.4
Q,MIO_EUR,NSA,S13,P51G,BG,2007-Q3,314.8
Q,MIO_EUR,NSA,S13,P51G,BG,2007-Q4,912.2
Q,MIO_EUR,NSA,S13,P51G,BG,2008-Q1,224.9
Q,MIO_EUR,NSA,S13,P51G,BG,2008-Q2,298.5
Q,MIO_EUR,NSA,S13,P51G,BG,2008-Q3,442.6
Q,MIO_EUR,NSA,S13,P51G,BG,2008-Q4,1107.8
Q,MIO_EUR,NSA,S13,P51G,BG,2009-Q1,298.5
Q,MIO_EUR,NSA,S13,P51G,BG,2009-Q2,608.3
Q,MIO_EUR,NSA,S13,P51G,BG,2009-Q3,474.3
Q,MIO_EUR,NSA,S13,P51G,BG,2009-Q4,467.5
Q,MIO_EUR,NSA,S13,P51G,BG,2010-Q1,256.7
Q,MIO_EUR,NSA,S13,P51G,BG,2010-Q2,270
Q,MIO_EUR,NSA,S13,P51G,BG,2010-Q3,406.7
Q,MIO_EUR,NSA,S13,P51G,BG,2010-Q4,823.1
Q,MIO_EUR,NSA,S13,P51G,BG,2011-Q1,167.2
Q,MIO_EUR,NSA,S13,P51G,BG,2011-Q2,268.5
Q,MIO_EUR,NSA,S13,P51G,BG,2011-Q3,381.4
Q,MIO_EUR,NSA,S13,P51G,BG,2011-Q4,596.6
Q,MIO_EUR,NSA,S13,P51G,BG,2012-Q1,220
Q,MIO_EUR,NSA,S13,P51G,BG,2012-Q2,301.6
Q,MIO_EUR,NSA,S13,P51G,BG,2012-Q3,365.4
Q,MIO_EUR,NSA,S13,P51G,BG,2012-Q4,549.1
Q,MIO_EUR,NSA,S13,P51G,BG,2013-Q1,254.4
Q,MIO_EUR,NSA,S13,P51G,BG,2013-Q2,345
Q,MIO_EUR,NSA,S13,P51G,BG,2013-Q3,451.6
Q,MIO_EUR,NSA,S13,P51G,BG,2013-Q4,679.8
Q,MIO_EUR,NSA,S13,P51G,BG,2014-Q1,358.6
Q,MIO_EUR,NSA,S13,P51G,BG,2014-Q2,409.2
Q,MIO_EUR,NSA,S13,P51G,BG,2014-Q3,577.4
Q,MIO_EUR,NSA,S13,P51G,BG,2014-Q4,918.3
Q,MIO_EUR,NSA,S13,P51G,BG,2015-Q1,347.5
Q,MIO_EUR,NSA,S13,P51G,BG,2015-Q2,505.4
Q,MIO_EUR,NSA,S13,P51G,BG,2015-Q3,690.1
Q,MIO_EUR,NSA,S13,P51G,BG,2015-Q4,1467
Q,MIO_EUR,NSA,S13,P51G,BG,2016-Q1,138.3
Q,MIO_EUR,NSA,S13,P51G,BG,2016-Q2,230.1
Q,MIO_EUR,NSA,S13,P51G,BG,2016-Q3,228.5
Q,MIO_EUR,NSA,S13,P51G,BG,2016-Q4,701.2
Q,MIO_EUR,NSA,S13,P51G,BG,2017-Q1,118.1
Q,MIO_EUR,NSA,S13,P51G,BG,2017-Q2,181.4
Q,MIO_EUR,NSA,S13,P51G,BG,2017-Q3,215.3
Q,MIO_EUR,NSA,S13,P51G,BG,2017-Q4,686.3
Q,MIO_EUR,NSA,S13,P51G,BG,2018-Q1,215.8
Q,MIO_EUR,NSA,S13,P51G,BG,2018-Q2,310.2
Q,MIO_EUR,NSA,S13,P51G,BG,2018-Q3,288.3
Q,MIO_EUR,NSA,S13,P51G,BG,2018-Q4,910.3
Q,MIO_EUR,NSA,S13,P51G,BG,2019-Q1,304.9
Q,MIO_EUR,NSA,S13,P51G,BG,2019-Q2,432.3
Q,MIO_EUR,NSA,S13,P51G,BG,2019-Q3,413
Q,MIO_EUR,NSA,S13,P51G,BG,2019-Q4,909.3
Q,MIO_EUR,NSA,S13,P51G,BG,2020-Q1,193.6
Q,MIO_EUR,NSA,S13,P51G,BG,2020-Q2,341
Q,MIO_EUR,NSA,S13,P51G,BG,2020-Q3,575.8
Q,MIO_EUR,NSA,S13,P51G,BG,2020-Q4,943.4
Q,MIO_EUR,NSA,S13,P51G,BG,2021-Q1,295.4
Q,MIO_EUR,NSA,S13,P51G,BG,2021-Q2,283.1
Q,MIO_EUR,NSA,S13,P51G,BG,2021-Q3,329.7
Q,MIO_EUR,NSA,S13,P51G,BG,2021-Q4,1025.3
Q,MIO_EUR,NSA,S13,P51G,BG,2022-Q1,293.1
Q,MIO_EUR,NSA,S13,P51G,BG,2022-Q2,296.3
Q,MIO_EUR,NSA,S13,P51G,BG,2022-Q3,350.9
Q,MIO_EUR,NSA,S13,P51G,BG,2022-Q4,1093
Q,MIO_EUR,NSA,S13,P51G,BG,2023-Q1,367
Q,MIO_EUR,NSA,S13,P51G,BG,2023-Q2,1365.4
Q,MIO_EUR,NSA,S13,P51G,BG,2023-Q3,646.9
Q,MIO_EUR,NSA,S13,P51G,BG,2023-Q4,1228.8
Q,MIO_EUR,NSA,S13,P51G,BG,2024-Q1,370.4
Q,MIO_EUR,NSA,S13,P51G,BG,2024-Q2,862.8
Q,MIO_EUR,NSA,S13,P51G,BG,2024-Q3,665.1
Q,MIO_EUR,NSA,S13,P51G,BG,2024-Q4,1413
Q,MIO_EUR,NSA,S13,P51G,BG,2025-Q1,382.5
Q,MIO_EUR,NSA,S13,P51G,BG,2025-Q2,1070.5
Q,MIO_EUR,NSA,S13,P51G,BG,2025-Q3,933.4
Q,MIO_EUR,NSA,S13,P51G,BG,2025-Q4,2857.1
Q,MIO_EUR,NSA,S13,P51G,BG,2026-Q1,648.4
Q,MIO_EUR,NSA,S13,P51G,CZ,1995-Q1,
Q,MIO_EUR,NSA,S13,P51G,CZ,1995-Q2,
Q,MIO_EUR,NSA,S13,P51G,CZ,1995-Q3,
Q,MIO_EUR,NSA,S13,P51G,CZ,1995-Q4,
Q,MIO_EUR,NSA,S13,P51G,CZ,1996-Q1,
Q,MIO_EUR,NSA,S13,P51G,CZ,1996-Q2,
Q,MIO_EUR,NSA,S13,P51G,CZ,1996-Q3,
Q,MIO_EUR,NSA,S13,P51G,CZ,1996-Q4,
Q,MIO_EUR,NSA,S13,P51G,CZ,1997-Q1,
Q,MIO_EUR,NSA,S13,P51G,CZ,1997-Q2,
Q,MIO_EUR,NSA,S13,P51G,CZ,1997-Q3,
Q,MIO_EUR,NSA,S13,P51G,CZ,1997-Q4,
Q,MIO_EUR,NSA,S13,P51G,CZ,1998-Q1,
Q,MIO_EUR,NSA,S13,P51G,CZ,1998-Q2,
Q,MIO_EUR,NSA,S13,P51G,CZ,1998-Q3,
Q,MIO_EUR,NSA,S13,P51G,CZ,1998-Q4,
Q,MIO_EUR,NSA,S13,P51G,CZ,1999-Q1,519.8
Q,MIO_EUR,NSA,S13,P51G,CZ,1999-Q2,530.2
Q,MIO_EUR,NSA,S13,P51G,CZ,1999-Q3,556.9
Q,MIO_EUR,NSA,S13,P51G,CZ,1999-Q4,648.3
Q,MIO_EUR,NSA,S13,P51G,CZ,2000-Q1,704.8
Q,MIO_EUR,NSA,S13,P51G,CZ,2000-Q2,705
Q,MIO_EUR,NSA,S13,P51G,CZ,2000-Q3,746.7
Q,MIO_EUR,NSA,S13,P51G,CZ,2000-Q4,912.3
Q,MIO_EUR,NSA,S13,P51G,CZ,2001-Q1,731.7
Q,MIO_EUR,NSA,S13,P51G,CZ,2001-Q2,731.4
Q,MIO_EUR,NSA,S13,P51G,CZ,2001-Q3,759.4
Q,MIO_EUR,NSA,S13,P51G,CZ,2001-Q4,898.5
Q,MIO_EUR,NSA,S13,P51G,CZ,2002-Q1,814.9
Q,MIO_EUR,NSA,S13,P51G,CZ,2002-Q2,852.6
Q,MIO_EUR,NSA,S13,P51G,CZ,2002-Q3,886.9
Q,MIO_EUR,NSA,S13,P51G,CZ,2002-Q4,978
Q,MIO_EUR,NSA,S13,P51G,CZ,2003-Q1,3498.6
Q,MIO_EUR,NSA,S13,P51G,CZ,2003-Q2,1058.8
Q,MIO_EUR,NSA,S13,P51G,CZ,2003-Q3,1066.2
Q,MIO_EUR,NSA,S13,P51G,CZ,2003-Q4,1159
Q,MIO_EUR,NSA,S13,P51G,CZ,2004-Q1,1075.9
Q,MIO_EUR,NSA,S13,P51G,CZ,2004-Q2,1189.7
Q,MIO_EUR,NSA,S13,P51G,CZ,2004-Q3,1194.5
Q,MIO_EUR,NSA,S13,P51G,CZ,2004-Q4,1363.5
Q,MIO_EUR,NSA,S13,P51G,CZ,2005-Q1,1209.1
Q,MIO_EUR,NSA,S13,P51G,CZ,2005-Q2,1477.4
Q,MIO_EUR,NSA,S13,P51G,CZ,2005-Q3,1535.9
Q,MIO_EUR,NSA,S13,P51G,CZ,2005-Q4,1486.6
Q,MIO_EUR,NSA,S13,P51G,CZ,2006-Q1,1409
Q,MIO_EUR,NSA,S13,P51G,CZ,2006-Q2,1545
Q,MIO_EUR,NSA,S13,P51G,CZ,2006-Q3,1583.3
Q,MIO_EUR,NSA,S13,P51G,CZ,2006-Q4,1814.6
Q,MIO_EUR,NSA,S13,P51G,CZ,2007-Q1,1476.2
Q,MIO_EUR,NSA,S13,P51G,CZ,2007-Q2,1487.7
Q,MIO_EUR,NSA,S13,P51G,CZ,2007-Q3,1500.4
Q,MIO_EUR,NSA,S13,P51G,CZ,2007-Q4,1809.8
Q,MIO_EUR,NSA,S13,P51G,CZ,2008-Q1,1871.2
Q,MIO_EUR,NSA,S13,P51G,CZ,2008-Q2,2033
Q,MIO_EUR,NSA,S13,P51G,CZ,2008-Q3,2052.9
Q,MIO_EUR,NSA,S13,P51G,CZ,2008-Q4,2209.9
Q,MIO_EUR,NSA,S13,P51G,CZ,2009-Q1,2012.9
Q,MIO_EUR,NSA,S13,P51G,CZ,2009-Q2,2096.9
Q,MIO_EUR,NSA,S13,P51G,CZ,2009-Q3,2317.3
Q,MIO_EUR,NSA,S13,P51G,CZ,2009-Q4,2417.3
Q,MIO_EUR,NSA,S13,P51G,CZ,2010-Q1,1737.7
Q,MIO_EUR,NSA,S13,P51G,CZ,2010-Q2,1869.8
Q,MIO_EUR,NSA,S13,P51G,CZ,2010-Q3,2134.1
Q,MIO_EUR,NSA,S13,P51G,CZ,2010-Q4,2232
Q,MIO_EUR,NSA,S13,P51G,CZ,2011-Q1,1670.1
Q,MIO_EUR,NSA,S13,P51G,CZ,2011-Q2,1743.2
Q,MIO_EUR,NSA,S13,P51G,CZ,2011-Q3,1833
Q,MIO_EUR,NSA,S13,P51G,CZ,2011-Q4,1996.1
Q,MIO_EUR,NSA,S13,P51G,CZ,2012-Q1,1581.4
Q,MIO_EUR,NSA,S13,P51G,CZ,2012-Q2,1601.4
Q,MIO_EUR,NSA,S13,P51G,CZ,2012-Q3,1701.6
Q,MIO_EUR,NSA,S13,P51G,CZ,2012-Q4,1818.7
Q,MIO_EUR,NSA,S13,P51G,CZ,2013-Q1,1473.1
Q,MIO_EUR,NSA,S13,P51G,CZ,2013-Q2,1388.1
Q,MIO_EUR,NSA,S13,P51G,CZ,2013-Q3,1474.6
Q,MIO_EUR,NSA,S13,P51G,CZ,2013-Q4,1553
Q,MIO_EUR,NSA,S13,P51G,CZ,2014-Q1,1486.7
Q,MIO_EUR,NSA,S13,P51G,CZ,2014-Q2,1554
Q,MIO_EUR,NSA,S13,P51G,CZ,2014-Q3,1605.7
Q,MIO_EUR,NSA,S13,P51G,CZ,2014-Q4,1837.9
Q,MIO_EUR,NSA,S13,P51G,CZ,2015-Q1,1576.3
Q,MIO_EUR,NSA,S13,P51G,CZ,2015-Q2,1997.6
Q,MIO_EUR,NSA,S13,P51G,CZ,2015-Q3,2270.4
Q,MIO_EUR,NSA,S13,P51G,CZ,2015-Q4,2827.6
Q,MIO_EUR,NSA,S13,P51G,CZ,2016-Q1,1456.6
Q,MIO_EUR,NSA,S13,P51G,CZ,2016-Q2,1309.4
Q,MIO_EUR,NSA,S13,P51G,CZ,2016-Q3,1474.9
Q,MIO_EUR,NSA,S13,P51G,CZ,2016-Q4,1515.4
Q,MIO_EUR,NSA,S13,P51G,CZ,2017-Q1,1547.7
Q,MIO_EUR,NSA,S13,P51G,CZ,2017-Q2,1509.4
Q,MIO_EUR,NSA,S13,P51G,CZ,2017-Q3,1653.7
Q,MIO_EUR,NSA,S13,P51G,CZ,2017-Q4,1788.7
Q,MIO_EUR,NSA,S13,P51G,CZ,2018-Q1,1778.1
Q,MIO_EUR,NSA,S13,P51G,CZ,2018-Q2,2014.4
Q,MIO_EUR,NSA,S13,P51G,CZ,2018-Q3,2417.3
Q,MIO_EUR,NSA,S13,P51G,CZ,2018-Q4,2530.5
Q,MIO_EUR,NSA,S13,P51G,CZ,2019-Q1,2077.1
Q,MIO_EUR,NSA,S13,P51G,CZ,2019-Q2,2297.6
Q,MIO_EUR,NSA,S13,P51G,CZ,2019-Q3,2567.4
Q,MIO_EUR,NSA,S13,P51G,CZ,2019-Q4,2901.9
Q,MIO_EUR,NSA,S13,P51G,CZ,2020-Q1,2378.4
Q,MIO_EUR,NSA,S13,P51G,CZ,2020-Q2,2413.9
Q,MIO_EUR,NSA,S13,P51G,CZ,2020-Q3,2626.9
Q,MIO_EUR,NSA,S13,P51G,CZ,2020-Q4,3035.8
Q,MIO_EUR,NSA,S13,P51G,CZ,2021-Q1,2388.6
Q,MIO_EUR,NSA,S13,P51G,CZ,2021-Q2,2630.9
Q,MIO_EUR,NSA,S13,P51G,CZ,2021-Q3,2971
Q,MIO_EUR,NSA,S13,P51G,CZ,2021-Q4,3220.5
Q,MIO_EUR,NSA,S13,P51G,CZ,2022-Q1,2687.7
Q,MIO_EUR,NSA,S13,P51G,CZ,2022-Q2,3086.5
Q,MIO_EUR,NSA,S13,P51G,CZ,2022-Q3,3572.6
Q,MIO_EUR,NSA,S13,P51G,CZ,2022-Q4,3664.4
Q,MIO_EUR,NSA,S13,P51G,CZ,2023-Q1,3125.8
Q,MIO_EUR,NSA,S13,P51G,CZ,2023-Q2,3799.1
Q,MIO_EUR,NSA,S13,P51G,CZ,2023-Q3,4000
Q,MIO_EUR,NSA,S13,P51G,CZ,2023-Q4,4482
Q,MIO_EUR,NSA,S13,P51G,CZ,2024-Q1,3030.2
Q,MIO_EUR,NSA,S13,P51G,CZ,2024-Q2,3711.4
Q,MIO_EUR,NSA,S13,P51G,CZ,2024-Q3,4119.4
Q,MIO_EUR,NSA,S13,P51G,CZ,2024-Q4,4238.8
Q,MIO_EUR,NSA,S13,P51G,CZ,2025-Q1,3393
Q,MIO_EUR,NSA,S13,P51G,CZ,2025-Q2,4214.1
Q,MIO_EUR,NSA,S13,P51G,CZ,2025-Q3,4913.6
Q,MIO_EUR,NSA,S13,P51G,CZ,2025-Q4,5476.6
Q,MIO_EUR,NSA,S13,P51G,CZ,2026-Q1,3981.7
Q,MIO_EUR,NSA,S13,P51G,DK,1995-Q1,
Q,MIO_EUR,NSA,S13,P51G,DK,1995-Q2,
Q,MIO_EUR,NSA,S13,P51G,DK,1995-Q3,
Q,MIO_EUR,NSA,S13,P51G,DK,1995-Q4,
Q,MIO_EUR,NSA,S13,P51G,DK,1996-Q1,
Q,MIO_EUR,NSA,S13,P51G,DK,1996-Q2,
Q,MIO_EUR,NSA,S13,P51G,DK,1996-Q3,
Q,MIO_EUR,NSA,S13,P51G,DK,1996-Q4,
Q,MIO_EUR,NSA,S13,P51G,DK,1997-Q1,
Q,MIO_EUR,NSA,S13,P51G,DK,1997-Q2,
Q,MIO_EUR,NSA,S13,P51G,DK,1997-Q3,
Q,MIO_EUR,NSA,S13,P51G,DK,1997-Q4,
Q,MIO_EUR,NSA,S13,P51G,DK,1998-Q1,
Q,MIO_EUR,NSA,S13,P51G,DK,1998-Q2,
Q,MIO_EUR,NSA,S13,P51G,DK,1998-Q3,
Q,MIO_EUR,NSA,S13,P51G,DK,1998-Q4,
Q,MIO_EUR,NSA,S13,P51G,DK,1999-Q1,979.5
Q,MIO_EUR,NSA,S13,P51G,DK,1999-Q2,1129.8
Q,MIO_EUR,NSA,S13,P51G,DK,1999-Q3,1183.2
Q,MIO_EUR,NSA,S13,P51G,DK,1999-Q4,1280.6
Q,MIO_EUR,NSA,S13,P51G,DK,2000-Q1,1181.7
Q,MIO_EUR,NSA,S13,P51G,DK,2000-Q2,1186.6
Q,MIO_EUR,NSA,S13,P51G,DK,2000-Q3,1215.9
Q,MIO_EUR,NSA,S13,P51G,DK,2000-Q4,1351.1
Q,MIO_EUR,NSA,S13,P51G,DK,2001-Q1,1285.3
Q,MIO_EUR,NSA,S13,P51G,DK,2001-Q2,1343
Q,MIO_EUR,NSA,S13,P51G,DK,2001-Q3,1381.1
Q,MIO_EUR,NSA,S13,P51G,DK,2001-Q4,1520.4
Q,MIO_EUR,NSA,S13,P51G,DK,2002-Q1,1233.9
Q,MIO_EUR,NSA,S13,P51G,DK,2002-Q2,1299.9
Q,MIO_EUR,NSA,S13,P51G,DK,2002-Q3,1267.5
Q,MIO_EUR,NSA,S13,P51G,DK,2002-Q4,1395
Q,MIO_EUR,NSA,S13,P51G,DK,2003-Q1,1229.2
Q,MIO_EUR,NSA,S13,P51G,DK,2003-Q2,1268.9
Q,MIO_EUR,NSA,S13,P51G,DK,2003-Q3,1266.8
Q,MIO_EUR,NSA,S13,P51G,DK,2003-Q4,1314.9
Q,MIO_EUR,NSA,S13,P51G,DK,2004-Q1,1292.2
Q,MIO_EUR,NSA,S13,P51G,DK,2004-Q2,1228.3
Q,MIO_EUR,NSA,S13,P51G,DK,2004-Q3,1411.7
Q,MIO_EUR,NSA,S13,P51G,DK,2004-Q4,1790.2
Q,MIO_EUR,NSA,S13,P51G,DK,2005-Q1,1272.2
Q,MIO_EUR,NSA,S13,P51G,DK,2005-Q2,1475.8
Q,MIO_EUR,NSA,S13,P51G,DK,2005-Q3,1471
Q,MIO_EUR,NSA,S13,P51G,DK,2005-Q4,1560.8
Q,MIO_EUR,NSA,S13,P51G,DK,2006-Q1,1462.1
Q,MIO_EUR,NSA,S13,P51G,DK,2006-Q2,1451.8
Q,MIO_EUR,NSA,S13,P51G,DK,2006-Q3,1634.1
Q,MIO_EUR,NSA,S13,P51G,DK,2006-Q4,2046.5
Q,MIO_EUR,NSA,S13,P51G,DK,2007-Q1,1573.9
Q,MIO_EUR,NSA,S13,P51G,DK,2007-Q2,1612.1
Q,MIO_EUR,NSA,S13,P51G,DK,2007-Q3,1920.6
Q,MIO_EUR,NSA,S13,P51G,DK,2007-Q4,1957
Q,MIO_EUR,NSA,S13,P51G,DK,2008-Q1,1568.9
Q,MIO_EUR,NSA,S13,P51G,DK,2008-Q2,1734.3
Q,MIO_EUR,NSA,S13,P51G,DK,2008-Q3,1926
Q,MIO_EUR,NSA,S13,P51G,DK,2008-Q4,1975.3
Q,MIO_EUR,NSA,S13,P51G,DK,2009-Q1,1800.1
Q,MIO_EUR,NSA,S13,P51G,DK,2009-Q2,1658.3
Q,MIO_EUR,NSA,S13,P51G,DK,2009-Q3,1777
Q,MIO_EUR,NSA,S13,P51G,DK,2009-Q4,1968.9
Q,MIO_EUR,NSA,S13,P51G,DK,2010-Q1,1858.4
Q,MIO_EUR,NSA,S13,P51G,DK,2010-Q2,1847.4
Q,MIO_EUR,NSA,S13,P51G,DK,2010-Q3,1963.5
Q,MIO_EUR,NSA,S13,P51G,DK,2010-Q4,2284.9
Q,MIO_EUR,NSA,S13,P51G,DK,2011-Q1,1685
Q,MIO_EUR,NSA,S13,P51G,DK,2011-Q2,1913.9
Q,MIO_EUR,NSA,S13,P51G,DK,2011-Q3,2033.5
Q,MIO_EUR,NSA,S13,P51G,DK,2011-Q4,2538.5
Q,MIO_EUR,NSA,S13,P51G,DK,2012-Q1,1957.4
Q,MIO_EUR,NSA,S13,P51G,DK,2012-Q2,2347.1
Q,MIO_EUR,NSA,S13,P51G,DK,2012-Q3,2390.5
Q,MIO_EUR,NSA,S13,P51G,DK,2012-Q4,2931
Q,MIO_EUR,NSA,S13,P51G,DK,2013-Q1,2024.9
Q,MIO_EUR,NSA,S13,P51G,DK,2013-Q2,2357
Q,MIO_EUR,NSA,S13,P51G,DK,2013-Q3,2477
Q,MIO_EUR,NSA,S13,P51G,DK,2013-Q4,2588.3
Q,MIO_EUR,NSA,S13,P51G,DK,2014-Q1,2118.8
Q,MIO_EUR,NSA,S13,P51G,DK,2014-Q2,2535.3
Q,MIO_EUR,NSA,S13,P51G,DK,2014-Q3,2603.9
Q,MIO_EUR,NSA,S13,P51G,DK,2014-Q4,2923.4
Q,MIO_EUR,NSA,S13,P51G,DK,2015-Q1,2097.1
Q,MIO_EUR,NSA,S13,P51G,DK,2015-Q2,2462.2
Q,MIO_EUR,NSA,S13,P51G,DK,2015-Q3,2438
Q,MIO_EUR,NSA,S13,P51G,DK,2015-Q4,2835.3
Q,MIO_EUR,NSA,S13,P51G,DK,2016-Q1,2231.8
Q,MIO_EUR,NSA,S13,P51G,DK,2016-Q2,2801.8
Q,MIO_EUR,NSA,S13,P51G,DK,2016-Q3,2797.2
Q,MIO_EUR,NSA,S13,P51G,DK,2016-Q4,2743.9
Q,MIO_EUR,NSA,S13,P51G,DK,2017-Q1,2063.4
Q,MIO_EUR,NSA,S13,P51G,DK,2017-Q2,2595.6
Q,MIO_EUR,NSA,S13,P51G,DK,2017-Q3,2398.4
Q,MIO_EUR,NSA,S13,P51G,DK,2017-Q4,2827.2
Q,MIO_EUR,NSA,S13,P51G,DK,2018-Q1,2000.9
Q,MIO_EUR,NSA,S13,P51G,DK,2018-Q2,2547.2
Q,MIO_EUR,NSA,S13,P51G,DK,2018-Q3,2523
Q,MIO_EUR,NSA,S13,P51G,DK,2018-Q4,3174.9
Q,MIO_EUR,NSA,S13,P51G,DK,2019-Q1,2137
Q,MIO_EUR,NSA,S13,P51G,DK,2019-Q2,2490.2
Q,MIO_EUR,NSA,S13,P51G,DK,2019-Q3,2649.1
Q,MIO_EUR,NSA,S13,P51G,DK,2019-Q4,2676.5
Q,MIO_EUR,NSA,S13,P51G,DK,2020-Q1,2182.7
Q,MIO_EUR,NSA,S13,P51G,DK,2020-Q2,2573.1
Q,MIO_EUR,NSA,S13,P51G,DK,2020-Q3,2665.2
Q,MIO_EUR,NSA,S13,P51G,DK,2020-Q4,3698.9
Q,MIO_EUR,NSA,S13,P51G,DK,2021-Q1,2254.3
Q,MIO_EUR,NSA,S13,P51G,DK,2021-Q2,2866.3
Q,MIO_EUR,NSA,S13,P51G,DK,2021-Q3,2375.1
Q,MIO_EUR,NSA,S13,P51G,DK,2021-Q4,3466
Q,MIO_EUR,NSA,S13,P51G,DK,2022-Q1,2203
Q,MIO_EUR,NSA,S13,P51G,DK,2022-Q2,2778.9
Q,MIO_EUR,NSA,S13,P51G,DK,2022-Q3,2817.3
Q,MIO_EUR,NSA,S13,P51G,DK,2022-Q4,3850.7
Q,MIO_EUR,NSA,S13,P51G,DK,2023-Q1,2440.1
Q,MIO_EUR,NSA,S13,P51G,DK,2023-Q2,2900.5
Q,MIO_EUR,NSA,S13,P51G,DK,2023-Q3,2988.5
Q,MIO_EUR,NSA,S13,P51G,DK,2023-Q4,3559
Q,MIO_EUR,NSA,S13,P51G,DK,2024-Q1,2400
Q,MIO_EUR,NSA,S13,P51G,DK,2024-Q2,3005.6
Q,MIO_EUR,NSA,S13,P51G,DK,2024-Q3,2928.5
Q,MIO_EUR,NSA,S13,P51G,DK,2024-Q4,4186.5
Q,MIO_EUR,NSA,S13,P51G,DK,2025-Q1,2686.3
Q,MIO_EUR,NSA,S13,P51G,DK,2025-Q2,3411
Q,MIO_EUR,NSA,S13,P51G,DK,2025-Q3,3309.7
Q,MIO_EUR,NSA,S13,P51G,DK,2025-Q4,4581.6
Q,MIO_EUR,NSA,S13,P51G,DK,2026-Q1,2597.8
Q,MIO_EUR,NSA,S13,P51G,DE,1995-Q1,
Q,MIO_EUR,NSA,S13,P51G,DE,1995-Q2,
Q,MIO_EUR,NSA,S13,P51G,DE,1995-Q3,
Q,MIO_EUR,NSA,S13,P51G,DE,1995-Q4,
Q,MIO_EUR,NSA,S13,P51G,DE,1996-Q1,
Q,MIO_EUR,NSA,S13,P51G,DE,1996-Q2,
Q,MIO_EUR,NSA,S13,P51G,DE,1996-Q3,
Q,MIO_EUR,NSA,S13,P51G,DE,1996-Q4,
Q,MIO_EUR,NSA,S13,P51G,DE,1997-Q1,
Q,MIO_EUR,NSA,S13,P51G,DE,1997-Q2,
Q,MIO_EUR,NSA,S13,P51G,DE,1997-Q3,
Q,MIO_EUR,NSA,S13,P51G,DE,1997-Q4,
Q,MIO_EUR,NSA,S13,P51G,DE,1998-Q1,
Q,MIO_EUR,NSA,S13,P51G,DE,1998-Q2,
Q,MIO_EUR,NSA,S13,P51G,DE,1998-Q3,
Q,MIO_EUR,NSA,S13,P51G,DE,1998-Q4,
Q,MIO_EUR,NSA,S13,P51G,DE,1999-Q1,
Q,MIO_EUR,NSA,S13,P51G,DE,1999-Q2,
Q,MIO_EUR,NSA,S13,P51G,DE,1999-Q3,
Q,MIO_EUR,NSA,S13,P51G,DE,1999-Q4,
Q,MIO_EUR,NSA,S13,P51G,DE,2000-Q1,
Q,MIO_EUR,NSA,S13,P51G,DE,2000-Q2,
Q,MIO_EUR,NSA,S13,P51G,DE,2000-Q3,
Q,MIO_EUR,NSA,S13,P51G,DE,2000-Q4,
Q,MIO_EUR,NSA,S13,P51G,DE,2001-Q1,
Q,MIO_EUR,NSA,S13,P51G,DE,2001-Q2,
Q,MIO_EUR,NSA,S13,P51G,DE,2001-Q3,
Q,MIO_EUR,NSA,S13,P51G,DE,2001-Q4,
Q,MIO_EUR,NSA,S13,P51G,DE,2002-Q1,11857
Q,MIO_EUR,NSA,S13,P51G,DE,2002-Q2,14709
Q,MIO_EUR,NSA,S13,P51G,DE,2002-Q3,15641
Q,MIO_EUR,NSA,S13,P51G,DE,2002-Q4,16054
Q,MIO_EUR,NSA,S13,P51G,DE,2003-Q1,10443
Q,MIO_EUR,NSA,S13,P51G,DE,2003-Q2,14644
Q,MIO_EUR,NSA,S13,P51G,DE,2003-Q3,15455
Q,MIO_EUR,NSA,S13,P51G,DE,2003-Q4,15802
Q,MIO_EUR,NSA,S13,P51G,DE,2004-Q1,9982
Q,MIO_EUR,NSA,S13,P51G,DE,2004-Q2,13200
Q,MIO_EUR,NSA,S13,P51G,DE,2004-Q3,13967
Q,MIO_EUR,NSA,S13,P51G,DE,2004-Q4,14223
Q,MIO_EUR,NSA,S13,P51G,DE,2005-Q1,8925
Q,MIO_EUR,NSA,S13,P51G,DE,2005-Q2,13300
Q,MIO_EUR,NSA,S13,P51G,DE,2005-Q3,14493
Q,MIO_EUR,NSA,S13,P51G,DE,2005-Q4,14626
Q,MIO_EUR,NSA,S13,P51G,DE,2006-Q1,9460
Q,MIO_EUR,NSA,S13,P51G,DE,2006-Q2,14520
Q,MIO_EUR,NSA,S13,P51G,DE,2006-Q3,15320
Q,MIO_EUR,NSA,S13,P51G,DE,2006-Q4,16758
Q,MIO_EUR,NSA,S13,P51G,DE,2007-Q1,10984
Q,MIO_EUR,NSA,S13,P51G,DE,2007-Q2,14189
Q,MIO_EUR,NSA,S13,P51G,DE,2007-Q3,15349
Q,MIO_EUR,NSA,S13,P51G,DE,2007-Q4,16279
Q,MIO_EUR,NSA,S13,P51G,DE,2008-Q1,11552
Q,MIO_EUR,NSA,S13,P51G,DE,2008-Q2,15683
Q,MIO_EUR,NSA,S13,P51G,DE,2008-Q3,16509
Q,MIO_EUR,NSA,S13,P51G,DE,2008-Q4,17640
Q,MIO_EUR,NSA,S13,P51G,DE,2009-Q1,11740
Q,MIO_EUR,NSA,S13,P51G,DE,2009-Q2,16381
Q,MIO_EUR,NSA,S13,P51G,DE,2009-Q3,18054
Q,MIO_EUR,NSA,S13,P51G,DE,2009-Q4,19521
Q,MIO_EUR,NSA,S13,P51G,DE,2010-Q1,12445
Q,MIO_EUR,NSA,S13,P51G,DE,2010-Q2,17562
Q,MIO_EUR,NSA,S13,P51G,DE,2010-Q3,19001
Q,MIO_EUR,NSA,S13,P51G,DE,2010-Q4,19486
Q,MIO_EUR,NSA,S13,P51G,DE,2011-Q1,13627
Q,MIO_EUR,NSA,S13,P51G,DE,2011-Q2,17723
Q,MIO_EUR,NSA,S13,P51G,DE,2011-Q3,19158
Q,MIO_EUR,NSA,S13,P51G,DE,2011-Q4,20017
Q,MIO_EUR,NSA,S13,P51G,DE,2012-Q1,13399
Q,MIO_EUR,NSA,S13,P51G,DE,2012-Q2,16870
Q,MIO_EUR,NSA,S13,P51G,DE,2012-Q3,18488
Q,MIO_EUR,NSA,S13,P51G,DE,2012-Q4,20280
Q,MIO_EUR,NSA,S13,P51G,DE,2013-Q1,11626
Q,MIO_EUR,NSA,S13,P51G,DE,2013-Q2,17729
Q,MIO_EUR,NSA,S13,P51G,DE,2013-Q3,19311
Q,MIO_EUR,NSA,S13,P51G,DE,2013-Q4,21159
Q,MIO_EUR,NSA,S13,P51G,DE,2014-Q1,13231
Q,MIO_EUR,NSA,S13,P51G,DE,2014-Q2,17491
Q,MIO_EUR,NSA,S13,P51G,DE,2014-Q3,18859
Q,MIO_EUR,NSA,S13,P51G,DE,2014-Q4,20546
Q,MIO_EUR,NSA,S13,P51G,DE,2015-Q1,13144
Q,MIO_EUR,NSA,S13,P51G,DE,2015-Q2,17797
Q,MIO_EUR,NSA,S13,P51G,DE,2015-Q3,19521
Q,MIO_EUR,NSA,S13,P51G,DE,2015-Q4,23178
Q,MIO_EUR,NSA,S13,P51G,DE,2016-Q1,14939
Q,MIO_EUR,NSA,S13,P51G,DE,2016-Q2,19338
Q,MIO_EUR,NSA,S13,P51G,DE,2016-Q3,20647
Q,MIO_EUR,NSA,S13,P51G,DE,2016-Q4,23160
Q,MIO_EUR,NSA,S13,P51G,DE,2017-Q1,15194
Q,MIO_EUR,NSA,S13,P51G,DE,2017-Q2,20930
Q,MIO_EUR,NSA,S13,P51G,DE,2017-Q3,22387
Q,MIO_EUR,NSA,S13,P51G,DE,2017-Q4,24322
Q,MIO_EUR,NSA,S13,P51G,DE,2018-Q1,16821
Q,MIO_EUR,NSA,S13,P51G,DE,2018-Q2,22233
Q,MIO_EUR,NSA,S13,P51G,DE,2018-Q3,24343
Q,MIO_EUR,NSA,S13,P51G,DE,2018-Q4,27485
Q,MIO_EUR,NSA,S13,P51G,DE,2019-Q1,17399
Q,MIO_EUR,NSA,S13,P51G,DE,2019-Q2,24163
Q,MIO_EUR,NSA,S13,P51G,DE,2019-Q3,25972
Q,MIO_EUR,NSA,S13,P51G,DE,2019-Q4,28103
Q,MIO_EUR,NSA,S13,P51G,DE,2020-Q1,19550
Q,MIO_EUR,NSA,S13,P51G,DE,2020-Q2,27288
Q,MIO_EUR,NSA,S13,P51G,DE,2020-Q3,27049
Q,MIO_EUR,NSA,S13,P51G,DE,2020-Q4,30686
Q,MIO_EUR,NSA,S13,P51G,DE,2021-Q1,19629
Q,MIO_EUR,NSA,S13,P51G,DE,2021-Q2,26049
Q,MIO_EUR,NSA,S13,P51G,DE,2021-Q3,27625
Q,MIO_EUR,NSA,S13,P51G,DE,2021-Q4,32378
Q,MIO_EUR,NSA,S13,P51G,DE,2022-Q1,21337
Q,MIO_EUR,NSA,S13,P51G,DE,2022-Q2,27458
Q,MIO_EUR,NSA,S13,P51G,DE,2022-Q3,31084
Q,MIO_EUR,NSA,S13,P51G,DE,2022-Q4,34820
Q,MIO_EUR,NSA,S13,P51G,DE,2023-Q1,22603
Q,MIO_EUR,NSA,S13,P51G,DE,2023-Q2,29460
Q,MIO_EUR,NSA,S13,P51G,DE,2023-Q3,32199
Q,MIO_EUR,NSA,S13,P51G,DE,2023-Q4,37221
Q,MIO_EUR,NSA,S13,P51G,DE,2024-Q1,24706
Q,MIO_EUR,NSA,S13,P51G,DE,2024-Q2,32899
Q,MIO_EUR,NSA,S13,P51G,DE,2024-Q3,34627
Q,MIO_EUR,NSA,S13,P51G,DE,2024-Q4,40060
Q,MIO_EUR,NSA,S13,P51G,DE,2025-Q1,27360
Q,MIO_EUR,NSA,S13,P51G,DE,2025-Q2,34561
Q,MIO_EUR,NSA,S13,P51G,DE,2025-Q3,37273
Q,MIO_EUR,NSA,S13,P51G,DE,2025-Q4,48797
Q,MIO_EUR,NSA,S13,P51G,DE,2026-Q1,28011
Q,MIO_EUR,NSA,S13,P51G,EE,1995-Q1,
Q,MIO_EUR,NSA,S13,P51G,EE,1995-Q2,
Q,MIO_EUR,NSA,S13,P51G,EE,1995-Q3,
Q,MIO_EUR,NSA,S13,P51G,EE,1995-Q4,
Q,MIO_EUR,NSA,S13,P51G,EE,1996-Q1,
Q,MIO_EUR,NSA,S13,P51G,EE,1996-Q2,
Q,MIO_EUR,NSA,S13,P51G,EE,1996-Q3,
Q,MIO_EUR,NSA,S13,P51G,EE,1996-Q4,
Q,MIO_EUR,NSA,S13,P51G,EE,1997-Q1,
Q,MIO_EUR,NSA,S13,P51G,EE,1997-Q2,
Q,MIO_EUR,NSA,S13,P51G,EE,1997-Q3,
Q,MIO_EUR,NSA,S13,P51G,EE,1997-Q4,
Q,MIO_EUR,NSA,S13,P51G,EE,1998-Q1,
Q,MIO_EUR,NSA,S13,P51G,EE,1998-Q2,
Q,MIO_EUR,NSA,S13,P51G,EE,1998-Q3,
Q,MIO_EUR,NSA,S13,P51G,EE,1998-Q4,
Q,MIO_EUR,NSA,S13,P51G,EE,1999-Q1,
Q,MIO_EUR,NSA,S13,P51G,EE,1999-Q2,
Q,MIO_EUR,NSA,S13,P51G,EE,1999-Q3,
Q,MIO_EUR,NSA,S13,P51G,EE,1999-Q4,
Q,MIO_EUR,NSA,S13,P51G,EE,2000-Q1,
Q,MIO_EUR,NSA,S13,P51G,EE,2000-Q2,
Q,MIO_EUR,NSA,S13,P51G,EE,2000-Q3,
Q,MIO_EUR,NSA,S13,P51G,EE,2000-Q4,
Q,MIO_EUR,NSA,S13,P51G,EE,2001-Q1,
Q,MIO_EUR,NSA,S13,P51G,EE,2001-Q2,
Q,MIO_EUR,NSA,S13,P51G,EE,2001-Q3,
Q,MIO_EUR,NSA,S13,P51G,EE,2001-Q4,
Q,MIO_EUR,NSA,S13,P51G,EE,2002-Q1,84.9
Q,MIO_EUR,NSA,S13,P51G,EE,2002-Q2,95.3
Q,MIO_EUR,NSA,S13,P51G,EE,2002-Q3,138.6
Q,MIO_EUR,NSA,S13,P51G,EE,2002-Q4,143.5
Q,MIO_EUR,NSA,S13,P51G,EE,2003-Q1,77.9
Q,MIO_EUR,NSA,S13,P51G,EE,2003-Q2,90.5
Q,MIO_EUR,NSA,S13,P51G,EE,2003-Q3,116.5
Q,MIO_EUR,NSA,S13,P51G,EE,2003-Q4,170.6
Q,MIO_EUR,NSA,S13,P51G,EE,2004-Q1,50.7
Q,MIO_EUR,NSA,S13,P51G,EE,2004-Q2,87.7
Q,MIO_EUR,NSA,S13,P51G,EE,2004-Q3,109.3
Q,MIO_EUR,NSA,S13,P51G,EE,2004-Q4,181.5
Q,MIO_EUR,NSA,S13,P51G,EE,2005-Q1,59.4
Q,MIO_EUR,NSA,S13,P51G,EE,2005-Q2,108.1
Q,MIO_EUR,NSA,S13,P51G,EE,2005-Q3,135.5
Q,MIO_EUR,NSA,S13,P51G,EE,2005-Q4,222.7
Q,MIO_EUR,NSA,S13,P51G,EE,2006-Q1,85.7
Q,MIO_EUR,NSA,S13,P51G,EE,2006-Q2,107.4
Q,MIO_EUR,NSA,S13,P51G,EE,2006-Q3,223.1
Q,MIO_EUR,NSA,S13,P51G,EE,2006-Q4,320
Q,MIO_EUR,NSA,S13,P51G,EE,2007-Q1,119
Q,MIO_EUR,NSA,S13,P51G,EE,2007-Q2,255.6
Q,MIO_EUR,NSA,S13,P51G,EE,2007-Q3,291.6
Q,MIO_EUR,NSA,S13,P51G,EE,2007-Q4,320.2
Q,MIO_EUR,NSA,S13,P51G,EE,2008-Q1,160.4
Q,MIO_EUR,NSA,S13,P51G,EE,2008-Q2,232.6
Q,MIO_EUR,NSA,S13,P51G,EE,2008-Q3,295.9
Q,MIO_EUR,NSA,S13,P51G,EE,2008-Q4,335.4
Q,MIO_EUR,NSA,S13,P51G,EE,2009-Q1,171.8
Q,MIO_EUR,NSA,S13,P51G,EE,2009-Q2,239.4
Q,MIO_EUR,NSA,S13,P51G,EE,2009-Q3,198.3
Q,MIO_EUR,NSA,S13,P51G,EE,2009-Q4,254.3
Q,MIO_EUR,NSA,S13,P51G,EE,2010-Q1,121
Q,MIO_EUR,NSA,S13,P51G,EE,2010-Q2,167.9
Q,MIO_EUR,NSA,S13,P51G,EE,2010-Q3,185.8
Q,MIO_EUR,NSA,S13,P51G,EE,2010-Q4,239.4
Q,MIO_EUR,NSA,S13,P51G,EE,2011-Q1,105.8
Q,MIO_EUR,NSA,S13,P51G,EE,2011-Q2,184.9
Q,MIO_EUR,NSA,S13,P51G,EE,2011-Q3,248.2
Q,MIO_EUR,NSA,S13,P51G,EE,2011-Q4,311.6
Q,MIO_EUR,NSA,S13,P51G,EE,2012-Q1,154.7
Q,MIO_EUR,NSA,S13,P51G,EE,2012-Q2,286
Q,MIO_EUR,NSA,S13,P51G,EE,2012-Q3,373.8
Q,MIO_EUR,NSA,S13,P51G,EE,2012-Q4,335.9
Q,MIO_EUR,NSA,S13,P51G,EE,2013-Q1,121.7
Q,MIO_EUR,NSA,S13,P51G,EE,2013-Q2,247.5
Q,MIO_EUR,NSA,S13,P51G,EE,2013-Q3,335.3
Q,MIO_EUR,NSA,S13,P51G,EE,2013-Q4,356.3
Q,MIO_EUR,NSA,S13,P51G,EE,2014-Q1,158.6
Q,MIO_EUR,NSA,S13,P51G,EE,2014-Q2,232.5
Q,MIO_EUR,NSA,S13,P51G,EE,2014-Q3,331.2
Q,MIO_EUR,NSA,S13,P51G,EE,2014-Q4,304.1
Q,MIO_EUR,NSA,S13,P51G,EE,2015-Q1,156.6
Q,MIO_EUR,NSA,S13,P51G,EE,2015-Q2,260.8
Q,MIO_EUR,NSA,S13,P51G,EE,2015-Q3,315.7
Q,MIO_EUR,NSA,S13,P51G,EE,2015-Q4,367.5
Q,MIO_EUR,NSA,S13,P51G,EE,2016-Q1,121.2
Q,MIO_EUR,NSA,S13,P51G,EE,2016-Q2,194.8
Q,MIO_EUR,NSA,S13,P51G,EE,2016-Q3,297.8
Q,MIO_EUR,NSA,S13,P51G,EE,2016-Q4,400.2
Q,MIO_EUR,NSA,S13,P51G,EE,2017-Q1,195
Q,MIO_EUR,NSA,S13,P51G,EE,2017-Q2,365.9
Q,MIO_EUR,NSA,S13,P51G,EE,2017-Q3,390.1
Q,MIO_EUR,NSA,S13,P51G,EE,2017-Q4,414.5
Q,MIO_EUR,NSA,S13,P51G,EE,2018-Q1,198.6
Q,MIO_EUR,NSA,S13,P51G,EE,2018-Q2,340.6
Q,MIO_EUR,NSA,S13,P51G,EE,2018-Q3,418.6
Q,MIO_EUR,NSA,S13,P51G,EE,2018-Q4,418.4
Q,MIO_EUR,NSA,S13,P51G,EE,2019-Q1,196.2
Q,MIO_EUR,NSA,S13,P51G,EE,2019-Q2,372.4
Q,MIO_EUR,NSA,S13,P51G,EE,2019-Q3,419.9
Q,MIO_EUR,NSA,S13,P51G,EE,2019-Q4,483.1
Q,MIO_EUR,NSA,S13,P51G,EE,2020-Q1,241.1
Q,MIO_EUR,NSA,S13,P51G,EE,2020-Q2,366.2
Q,MIO_EUR,NSA,S13,P51G,EE,2020-Q3,471.2
Q,MIO_EUR,NSA,S13,P51G,EE,2020-Q4,543.6
Q,MIO_EUR,NSA,S13,P51G,EE,2021-Q1,276.3
Q,MIO_EUR,NSA,S13,P51G,EE,2021-Q2,407.8
Q,MIO_EUR,NSA,S13,P51G,EE,2021-Q3,523.7
Q,MIO_EUR,NSA,S13,P51G,EE,2021-Q4,610.9
Q,MIO_EUR,NSA,S13,P51G,EE,2022-Q1,297.6
Q,MIO_EUR,NSA,S13,P51G,EE,2022-Q2,436.4
Q,MIO_EUR,NSA,S13,P51G,EE,2022-Q3,555.1
Q,MIO_EUR,NSA,S13,P51G,EE,2022-Q4,675.6
Q,MIO_EUR,NSA,S13,P51G,EE,2023-Q1,378.5
Q,MIO_EUR,NSA,S13,P51G,EE,2023-Q2,524.6
Q,MIO_EUR,NSA,S13,P51G,EE,2023-Q3,645
Q,MIO_EUR,NSA,S13,P51G,EE,2023-Q4,952.1
Q,MIO_EUR,NSA,S13,P51G,EE,2024-Q1,389.7
Q,MIO_EUR,NSA,S13,P51G,EE,2024-Q2,579.7
Q,MIO_EUR,NSA,S13,P51G,EE,2024-Q3,656.3
Q,MIO_EUR,NSA,S13,P51G,EE,2024-Q4,852.7
Q,MIO_EUR,NSA,S13,P51G,EE,2025-Q1,490
Q,MIO_EUR,NSA,S13,P51G,EE,2025-Q2,691.9
Q,MIO_EUR,NSA,S13,P51G,EE,2025-Q3,740.2
Q,MIO_EUR,NSA,S13,P51G,EE,2025-Q4,862.7
Q,MIO_EUR,NSA,S13,P51G,EE,2026-Q1,501.2
Q,MIO_EUR,NSA,S13,P51G,IE,1995-Q1,
Q,MIO_EUR,NSA,S13,P51G,IE,1995-Q2,
Q,MIO_EUR,NSA,S13,P51G,IE,1995-Q3,
Q,MIO_EUR,NSA,S13,P51G,IE,1995-Q4,
Q,MIO_EUR,NSA,S13,P51G,IE,1996-Q1,
Q,MIO_EUR,NSA,S13,P51G,IE,1996-Q2,
Q,MIO_EUR,NSA,S13,P51G,IE,1996-Q3,
Q,MIO_EUR,NSA,S13,P51G,IE,1996-Q4,
Q,MIO_EUR,NSA,S13,P51G,IE,1997-Q1,
Q,MIO_EUR,NSA,S13,P51G,IE,1997-Q2,
Q,MIO_EUR,NSA,S13,P51G,IE,1997-Q3,
Q,MIO_EUR,NSA,S13,P51G,IE,1997-Q4,
Q,MIO_EUR,NSA,S13,P51G,IE,1998-Q1,
Q,MIO_EUR,NSA,S13,P51G,IE,1998-Q2,
Q,MIO_EUR,NSA,S13,P51G,IE,1998-Q3,
Q,MIO_EUR,NSA,S13,P51G,IE,1998-Q4,
Q,MIO_EUR,NSA,S13,P51G,IE,1999-Q1,
Q,MIO_EUR,NSA,S13,P51G,IE,1999-Q2,
Q,MIO_EUR,NSA,S13,P51G,IE,1999-Q3,
Q,MIO_EUR,NSA,S13,P51G,IE,1999-Q4,
Q,MIO_EUR,NSA,S13,P51G,IE,2000-Q1,
Q,MIO_EUR,NSA,S13,P51G,IE,2000-Q2,
Q,MIO_EUR,NSA,S13,P51G,IE,2000-Q3,
Q,MIO_EUR,NSA,S13,P51G,IE,2000-Q4,
Q,MIO_EUR,NSA,S13,P51G,IE,2001-Q1,
Q,MIO_EUR,NSA,S13,P51G,IE,2001-Q2,
Q,MIO_EUR,NSA,S13,P51G,IE,2001-Q3,
Q,MIO_EUR,NSA,S13,P51G,IE,2001-Q4,
Q,MIO_EUR,NSA,S13,P51G,IE,2002-Q1,974.3
Q,MIO_EUR,NSA,S13,P51G,IE,2002-Q2,1201.5
Q,MIO_EUR,NSA,S13,P51G,IE,2002-Q3,1263.9
Q,MIO_EUR,NSA,S13,P51G,IE,2002-Q4,2301.6
Q,MIO_EUR,NSA,S13,P51G,IE,2003-Q1,902.3
Q,MIO_EUR,NSA,S13,P51G,IE,2003-Q2,1024.9
Q,MIO_EUR,NSA,S13,P51G,IE,2003-Q3,1166.8
Q,MIO_EUR,NSA,S13,P51G,IE,2003-Q4,2257.6
Q,MIO_EUR,NSA,S13,P51G,IE,2004-Q1,818.9
Q,MIO_EUR,NSA,S13,P51G,IE,2004-Q2,1057.2
Q,MIO_EUR,NSA,S13,P51G,IE,2004-Q3,1234.7
Q,MIO_EUR,NSA,S13,P51G,IE,2004-Q4,2395.7
Q,MIO_EUR,NSA,S13,P51G,IE,2005-Q1,755.9
Q,MIO_EUR,NSA,S13,P51G,IE,2005-Q2,1169.2
Q,MIO_EUR,NSA,S13,P51G,IE,2005-Q3,1339.8
Q,MIO_EUR,NSA,S13,P51G,IE,2005-Q4,2758.8
Q,MIO_EUR,NSA,S13,P51G,IE,2006-Q1,882.4
Q,MIO_EUR,NSA,S13,P51G,IE,2006-Q2,1297
Q,MIO_EUR,NSA,S13,P51G,IE,2006-Q3,1645.9
Q,MIO_EUR,NSA,S13,P51G,IE,2006-Q4,3202.3
Q,MIO_EUR,NSA,S13,P51G,IE,2007-Q1,1433.3
Q,MIO_EUR,NSA,S13,P51G,IE,2007-Q2,1877.3
Q,MIO_EUR,NSA,S13,P51G,IE,2007-Q3,2494.9
Q,MIO_EUR,NSA,S13,P51G,IE,2007-Q4,3400.5
Q,MIO_EUR,NSA,S13,P51G,IE,2008-Q1,2028.1
Q,MIO_EUR,NSA,S13,P51G,IE,2008-Q2,2218.5
Q,MIO_EUR,NSA,S13,P51G,IE,2008-Q3,2331.6
Q,MIO_EUR,NSA,S13,P51G,IE,2008-Q4,3298.9
Q,MIO_EUR,NSA,S13,P51G,IE,2009-Q1,1337.4
Q,MIO_EUR,NSA,S13,P51G,IE,2009-Q2,1383.2
Q,MIO_EUR,NSA,S13,P51G,IE,2009-Q3,1749.9
Q,MIO_EUR,NSA,S13,P51G,IE,2009-Q4,1937.2
Q,MIO_EUR,NSA,S13,P51G,IE,2010-Q1,1208.1
Q,MIO_EUR,NSA,S13,P51G,IE,2010-Q2,1079.2
Q,MIO_EUR,NSA,S13,P51G,IE,2010-Q3,1042.9
Q,MIO_EUR,NSA,S13,P51G,IE,2010-Q4,2361.9
Q,MIO_EUR,NSA,S13,P51G,IE,2011-Q1,697.2
Q,MIO_EUR,NSA,S13,P51G,IE,2011-Q2,758.7
Q,MIO_EUR,NSA,S13,P51G,IE,2011-Q3,994.9
Q,MIO_EUR,NSA,S13,P51G,IE,2011-Q4,1813.6
Q,MIO_EUR,NSA,S13,P51G,IE,2012-Q1,1243.7
Q,MIO_EUR,NSA,S13,P51G,IE,2012-Q2,1263.1
Q,MIO_EUR,NSA,S13,P51G,IE,2012-Q3,236.9
Q,MIO_EUR,NSA,S13,P51G,IE,2012-Q4,858.5
Q,MIO_EUR,NSA,S13,P51G,IE,2013-Q1,1406.9
Q,MIO_EUR,NSA,S13,P51G,IE,2013-Q2,445.4
Q,MIO_EUR,NSA,S13,P51G,IE,2013-Q3,298.5
Q,MIO_EUR,NSA,S13,P51G,IE,2013-Q4,1487.6
Q,MIO_EUR,NSA,S13,P51G,IE,2014-Q1,1081.8
Q,MIO_EUR,NSA,S13,P51G,IE,2014-Q2,1098.6
Q,MIO_EUR,NSA,S13,P51G,IE,2014-Q3,729.8
Q,MIO_EUR,NSA,S13,P51G,IE,2014-Q4,1358.4
Q,MIO_EUR,NSA,S13,P51G,IE,2015-Q1,1229.1
Q,MIO_EUR,NSA,S13,P51G,IE,2015-Q2,1151.5
Q,MIO_EUR,NSA,S13,P51G,IE,2015-Q3,1036
Q,MIO_EUR,NSA,S13,P51G,IE,2015-Q4,1189.4
Q,MIO_EUR,NSA,S13,P51G,IE,2016-Q1,1233.2
Q,MIO_EUR,NSA,S13,P51G,IE,2016-Q2,1433.2
Q,MIO_EUR,NSA,S13,P51G,IE,2016-Q3,1308.2
Q,MIO_EUR,NSA,S13,P51G,IE,2016-Q4,1389.2
Q,MIO_EUR,NSA,S13,P51G,IE,2017-Q1,1540.6
Q,MIO_EUR,NSA,S13,P51G,IE,2017-Q2,1365.6
Q,MIO_EUR,NSA,S13,P51G,IE,2017-Q3,1490.6
Q,MIO_EUR,NSA,S13,P51G,IE,2017-Q4,1204.8
Q,MIO_EUR,NSA,S13,P51G,IE,2018-Q1,1676.8
Q,MIO_EUR,NSA,S13,P51G,IE,2018-Q2,1751
Q,MIO_EUR,NSA,S13,P51G,IE,2018-Q3,1507
Q,MIO_EUR,NSA,S13,P51G,IE,2018-Q4,1806.2
Q,MIO_EUR,NSA,S13,P51G,IE,2019-Q1,2087.5
Q,MIO_EUR,NSA,S13,P51G,IE,2019-Q2,2007.6
Q,MIO_EUR,NSA,S13,P51G,IE,2019-Q3,2029.8
Q,MIO_EUR,NSA,S13,P51G,IE,2019-Q4,2120.3
Q,MIO_EUR,NSA,S13,P51G,IE,2020-Q1,2396.3
Q,MIO_EUR,NSA,S13,P51G,IE,2020-Q2,2096.2
Q,MIO_EUR,NSA,S13,P51G,IE,2020-Q3,2560.7
Q,MIO_EUR,NSA,S13,P51G,IE,2020-Q4,2083.4
Q,MIO_EUR,NSA,S13,P51G,IE,2021-Q1,1788.1
Q,MIO_EUR,NSA,S13,P51G,IE,2021-Q2,2140.9
Q,MIO_EUR,NSA,S13,P51G,IE,2021-Q3,2400.1
Q,MIO_EUR,NSA,S13,P51G,IE,2021-Q4,2710.6
Q,MIO_EUR,NSA,S13,P51G,IE,2022-Q1,2014.7
Q,MIO_EUR,NSA,S13,P51G,IE,2022-Q2,2498.9
Q,MIO_EUR,NSA,S13,P51G,IE,2022-Q3,2853.8
Q,MIO_EUR,NSA,S13,P51G,IE,2022-Q4,3249.9
Q,MIO_EUR,NSA,S13,P51G,IE,2023-Q1,2368.2
Q,MIO_EUR,NSA,S13,P51G,IE,2023-Q2,2676.5
Q,MIO_EUR,NSA,S13,P51G,IE,2023-Q3,3097.6
Q,MIO_EUR,NSA,S13,P51G,IE,2023-Q4,3800.3
Q,MIO_EUR,NSA,S13,P51G,IE,2024-Q1,3088.4
Q,MIO_EUR,NSA,S13,P51G,IE,2024-Q2,3673.8
Q,MIO_EUR,NSA,S13,P51G,IE,2024-Q3,3599.1
Q,MIO_EUR,NSA,S13,P51G,IE,2024-Q4,3918.3
Q,MIO_EUR,NSA,S13,P51G,IE,2025-Q1,3788.5
Q,MIO_EUR,NSA,S13,P51G,IE,2025-Q2,4069.7
Q,MIO_EUR,NSA,S13,P51G,IE,2025-Q3,4422.9
Q,MIO_EUR,NSA,S13,P51G,IE,2025-Q4,4435.2
Q,MIO_EUR,NSA,S13,P51G,IE,2026-Q1,4022.4
Q,MIO_EUR,NSA,S13,P51G,EL,1995-Q1,
Q,MIO_EUR,NSA,S13,P51G,EL,1995-Q2,
Q,MIO_EUR,NSA,S13,P51G,EL,1995-Q3,
Q,MIO_EUR,NSA,S13,P51G,EL,1995-Q4,
Q,MIO_EUR,NSA,S13,P51G,EL,1996-Q1,
Q,MIO_EUR,NSA,S13,P51G,EL,1996-Q2,
Q,MIO_EUR,NSA,S13,P51G,EL,1996-Q3,
Q,MIO_EUR,NSA,S13,P51G,EL,1996-Q4,
Q,MIO_EUR,NSA,S13,P51G,EL,1997-Q1,
Q,MIO_EUR,NSA,S13,P51G,EL,1997-Q2,
Q,MIO_EUR,NSA,S13,P51G,EL,1997-Q3,
Q,MIO_EUR,NSA,S13,P51G,EL,1997-Q4,
Q,MIO_EUR,NSA,S13,P51G,EL,1998-Q1,
Q,MIO_EUR,NSA,S13,P51G,EL,1998-Q2,
Q,MIO_EUR,NSA,S13,P51G,EL,1998-Q3,
Q,MIO_EUR,NSA,S13,P51G,EL,1998-Q4,
Q,MIO_EUR,NSA,S13,P51G,EL,1999-Q1,1838.6
Q,MIO_EUR,NSA,S13,P51G,EL,1999-Q2,1892.7
Q,MIO_EUR,NSA,S13,P51G,EL,1999-Q3,1917.3
Q,MIO_EUR,NSA,S13,P51G,EL,1999-Q4,1955.3
Q,MIO_EUR,NSA,S13,P51G,EL,2000-Q1,1613.9
Q,MIO_EUR,NSA,S13,P51G,EL,2000-Q2,1869.9
Q,MIO_EUR,NSA,S13,P51G,EL,2000-Q3,1813.9
Q,MIO_EUR,NSA,S13,P51G,EL,2000-Q4,1922.8
Q,MIO_EUR,NSA,S13,P51G,EL,2001-Q1,1958
Q,MIO_EUR,NSA,S13,P51G,EL,2001-Q2,2275
Q,MIO_EUR,NSA,S13,P51G,EL,2001-Q3,2335
Q,MIO_EUR,NSA,S13,P51G,EL,2001-Q4,2477
Q,MIO_EUR,NSA,S13,P51G,EL,2002-Q1,1809
Q,MIO_EUR,NSA,S13,P51G,EL,2002-Q2,2052
Q,MIO_EUR,NSA,S13,P51G,EL,2002-Q3,2128
Q,MIO_EUR,NSA,S13,P51G,EL,2002-Q4,2022
Q,MIO_EUR,NSA,S13,P51G,EL,2003-Q1,2490
Q,MIO_EUR,NSA,S13,P51G,EL,2003-Q2,2670
Q,MIO_EUR,NSA,S13,P51G,EL,2003-Q3,2858
Q,MIO_EUR,NSA,S13,P51G,EL,2003-Q4,2618
Q,MIO_EUR,NSA,S13,P51G,EL,2004-Q1,2622
Q,MIO_EUR,NSA,S13,P51G,EL,2004-Q2,2769
Q,MIO_EUR,NSA,S13,P51G,EL,2004-Q3,2768
Q,MIO_EUR,NSA,S13,P51G,EL,2004-Q4,2866
Q,MIO_EUR,NSA,S13,P51G,EL,2005-Q1,1998
Q,MIO_EUR,NSA,S13,P51G,EL,2005-Q2,2157
Q,MIO_EUR,NSA,S13,P51G,EL,2005-Q3,2082
Q,MIO_EUR,NSA,S13,P51G,EL,2005-Q4,2574
Q,MIO_EUR,NSA,S13,P51G,EL,2006-Q1,2913
Q,MIO_EUR,NSA,S13,P51G,EL,2006-Q2,3188
Q,MIO_EUR,NSA,S13,P51G,EL,2006-Q3,3203
Q,MIO_EUR,NSA,S13,P51G,EL,2006-Q4,3178
Q,MIO_EUR,NSA,S13,P51G,EL,2007-Q1,2608
Q,MIO_EUR,NSA,S13,P51G,EL,2007-Q2,2871
Q,MIO_EUR,NSA,S13,P51G,EL,2007-Q3,2893
Q,MIO_EUR,NSA,S13,P51G,EL,2007-Q4,2914
Q,MIO_EUR,NSA,S13,P51G,EL,2008-Q1,3047
Q,MIO_EUR,NSA,S13,P51G,EL,2008-Q2,3326
Q,MIO_EUR,NSA,S13,P51G,EL,2008-Q3,3351
Q,MIO_EUR,NSA,S13,P51G,EL,2008-Q4,3786
Q,MIO_EUR,NSA,S13,P51G,EL,2009-Q1,2826
Q,MIO_EUR,NSA,S13,P51G,EL,2009-Q2,3591
Q,MIO_EUR,NSA,S13,P51G,EL,2009-Q3,2960
Q,MIO_EUR,NSA,S13,P51G,EL,2009-Q4,4182
Q,MIO_EUR,NSA,S13,P51G,EL,2010-Q1,1950
Q,MIO_EUR,NSA,S13,P51G,EL,2010-Q2,2034
Q,MIO_EUR,NSA,S13,P51G,EL,2010-Q3,1792
Q,MIO_EUR,NSA,S13,P51G,EL,2010-Q4,2554
Q,MIO_EUR,NSA,S13,P51G,EL,2011-Q1,617
Q,MIO_EUR,NSA,S13,P51G,EL,2011-Q2,1276
Q,MIO_EUR,NSA,S13,P51G,EL,2011-Q3,1169
Q,MIO_EUR,NSA,S13,P51G,EL,2011-Q4,2027
Q,MIO_EUR,NSA,S13,P51G,EL,2012-Q1,494
Q,MIO_EUR,NSA,S13,P51G,EL,2012-Q2,1325
Q,MIO_EUR,NSA,S13,P51G,EL,2012-Q3,885
Q,MIO_EUR,NSA,S13,P51G,EL,2012-Q4,2121
Q,MIO_EUR,NSA,S13,P51G,EL,2013-Q1,598
Q,MIO_EUR,NSA,S13,P51G,EL,2013-Q2,1389
Q,MIO_EUR,NSA,S13,P51G,EL,2013-Q3,1243
Q,MIO_EUR,NSA,S13,P51G,EL,2013-Q4,2991
Q,MIO_EUR,NSA,S13,P51G,EL,2014-Q1,899
Q,MIO_EUR,NSA,S13,P51G,EL,2014-Q2,1113
Q,MIO_EUR,NSA,S13,P51G,EL,2014-Q3,1360
Q,MIO_EUR,NSA,S13,P51G,EL,2014-Q4,3199
Q,MIO_EUR,NSA,S13,P51G,EL,2015-Q1,1397
Q,MIO_EUR,NSA,S13,P51G,EL,2015-Q2,1088
Q,MIO_EUR,NSA,S13,P51G,EL,2015-Q3,1127
Q,MIO_EUR,NSA,S13,P51G,EL,2015-Q4,3200
Q,MIO_EUR,NSA,S13,P51G,EL,2016-Q1,639
Q,MIO_EUR,NSA,S13,P51G,EL,2016-Q2,939
Q,MIO_EUR,NSA,S13,P51G,EL,2016-Q3,1362
Q,MIO_EUR,NSA,S13,P51G,EL,2016-Q4,3297
Q,MIO_EUR,NSA,S13,P51G,EL,2017-Q1,616
Q,MIO_EUR,NSA,S13,P51G,EL,2017-Q2,803
Q,MIO_EUR,NSA,S13,P51G,EL,2017-Q3,3273
Q,MIO_EUR,NSA,S13,P51G,EL,2017-Q4,3341
Q,MIO_EUR,NSA,S13,P51G,EL,2018-Q1,673
Q,MIO_EUR,NSA,S13,P51G,EL,2018-Q2,2100
Q,MIO_EUR,NSA,S13,P51G,EL,2018-Q3,914
Q,MIO_EUR,NSA,S13,P51G,EL,2018-Q4,2121
Q,MIO_EUR,NSA,S13,P51G,EL,2019-Q1,677
Q,MIO_EUR,NSA,S13,P51G,EL,2019-Q2,1018
Q,MIO_EUR,NSA,S13,P51G,EL,2019-Q3,983
Q,MIO_EUR,NSA,S13,P51G,EL,2019-Q4,1897
Q,MIO_EUR,NSA,S13,P51G,EL,2020-Q1,849
Q,MIO_EUR,NSA,S13,P51G,EL,2020-Q2,1201
Q,MIO_EUR,NSA,S13,P51G,EL,2020-Q3,1174
Q,MIO_EUR,NSA,S13,P51G,EL,2020-Q4,1922
Q,MIO_EUR,NSA,S13,P51G,EL,2021-Q1,923
Q,MIO_EUR,NSA,S13,P51G,EL,2021-Q2,1347
Q,MIO_EUR,NSA,S13,P51G,EL,2021-Q3,1518
Q,MIO_EUR,NSA,S13,P51G,EL,2021-Q4,2972
Q,MIO_EUR,NSA,S13,P51G,EL,2022-Q1,1352
Q,MIO_EUR,NSA,S13,P51G,EL,2022-Q2,1848
Q,MIO_EUR,NSA,S13,P51G,EL,2022-Q3,1673
Q,MIO_EUR,NSA,S13,P51G,EL,2022-Q4,3361
Q,MIO_EUR,NSA,S13,P51G,EL,2023-Q1,1317
Q,MIO_EUR,NSA,S13,P51G,EL,2023-Q2,1828
Q,MIO_EUR,NSA,S13,P51G,EL,2023-Q3,2052
Q,MIO_EUR,NSA,S13,P51G,EL,2023-Q4,3859
Q,MIO_EUR,NSA,S13,P51G,EL,2024-Q1,1433
Q,MIO_EUR,NSA,S13,P51G,EL,2024-Q2,2312
Q,MIO_EUR,NSA,S13,P51G,EL,2024-Q3,2024
Q,MIO_EUR,NSA,S13,P51G,EL,2024-Q4,4298
Q,MIO_EUR,NSA,S13,P51G,EL,2025-Q1,1411
Q,MIO_EUR,NSA,S13,P51G,EL,2025-Q2,2401
Q,MIO_EUR,NSA,S13,P51G,EL,2025-Q3,2400
Q,MIO_EUR,NSA,S13,P51G,EL,2025-Q4,5642
Q,MIO_EUR,NSA,S13,P51G,EL,2026-Q1,1694
Q,MIO_EUR,NSA,S13,P51G,ES,1995-Q1,4835
Q,MIO_EUR,NSA,S13,P51G,ES,1995-Q2,5178.3
Q,MIO_EUR,NSA,S13,P51G,ES,1995-Q3,5151.9
Q,MIO_EUR,NSA,S13,P51G,ES,1995-Q4,5508.8
Q,MIO_EUR,NSA,S13,P51G,ES,1996-Q1,4425.7
Q,MIO_EUR,NSA,S13,P51G,ES,1996-Q2,4638.8
Q,MIO_EUR,NSA,S13,P51G,ES,1996-Q3,4737.6
Q,MIO_EUR,NSA,S13,P51G,ES,1996-Q4,5060
Q,MIO_EUR,NSA,S13,P51G,ES,1997-Q1,4141.6
Q,MIO_EUR,NSA,S13,P51G,ES,1997-Q2,4723.5
Q,MIO_EUR,NSA,S13,P51G,ES,1997-Q3,5054
Q,MIO_EUR,NSA,S13,P51G,ES,1997-Q4,5461.7
Q,MIO_EUR,NSA,S13,P51G,ES,1998-Q1,4587.5
Q,MIO_EUR,NSA,S13,P51G,ES,1998-Q2,5125.5
Q,MIO_EUR,NSA,S13,P51G,ES,1998-Q3,5468.9
Q,MIO_EUR,NSA,S13,P51G,ES,1998-Q4,6162.4
Q,MIO_EUR,NSA,S13,P51G,ES,1999-Q1,5142
Q,MIO_EUR,NSA,S13,P51G,ES,1999-Q2,5809
Q,MIO_EUR,NSA,S13,P51G,ES,1999-Q3,5824
Q,MIO_EUR,NSA,S13,P51G,ES,1999-Q4,6311
Q,MIO_EUR,NSA,S13,P51G,ES,2000-Q1,5278
Q,MIO_EUR,NSA,S13,P51G,ES,2000-Q2,5708
Q,MIO_EUR,NSA,S13,P51G,ES,2000-Q3,6026
Q,MIO_EUR,NSA,S13,P51G,ES,2000-Q4,6916
Q,MIO_EUR,NSA,S13,P51G,ES,2001-Q1,5879
Q,MIO_EUR,NSA,S13,P51G,ES,2001-Q2,6443
Q,MIO_EUR,NSA,S13,P51G,ES,2001-Q3,6612
Q,MIO_EUR,NSA,S13,P51G,ES,2001-Q4,7602
Q,MIO_EUR,NSA,S13,P51G,ES,2002-Q1,6511
Q,MIO_EUR,NSA,S13,P51G,ES,2002-Q2,7555
Q,MIO_EUR,NSA,S13,P51G,ES,2002-Q3,7782
Q,MIO_EUR,NSA,S13,P51G,ES,2002-Q4,8639
Q,MIO_EUR,NSA,S13,P51G,ES,2003-Q1,7559
Q,MIO_EUR,NSA,S13,P51G,ES,2003-Q2,8391
Q,MIO_EUR,NSA,S13,P51G,ES,2003-Q3,8332
Q,MIO_EUR,NSA,S13,P51G,ES,2003-Q4,8983
Q,MIO_EUR,NSA,S13,P51G,ES,2004-Q1,7464
Q,MIO_EUR,NSA,S13,P51G,ES,2004-Q2,8149
Q,MIO_EUR,NSA,S13,P51G,ES,2004-Q3,8850
Q,MIO_EUR,NSA,S13,P51G,ES,2004-Q4,9941
Q,MIO_EUR,NSA,S13,P51G,ES,2005-Q1,8337
Q,MIO_EUR,NSA,S13,P51G,ES,2005-Q2,9253
Q,MIO_EUR,NSA,S13,P51G,ES,2005-Q3,10305
Q,MIO_EUR,NSA,S13,P51G,ES,2005-Q4,11239
Q,MIO_EUR,NSA,S13,P51G,ES,2006-Q1,9694
Q,MIO_EUR,NSA,S13,P51G,ES,2006-Q2,10738
Q,MIO_EUR,NSA,S13,P51G,ES,2006-Q3,11044
Q,MIO_EUR,NSA,S13,P51G,ES,2006-Q4,12356
Q,MIO_EUR,NSA,S13,P51G,ES,2007-Q1,11451
Q,MIO_EUR,NSA,S13,P51G,ES,2007-Q2,12357
Q,MIO_EUR,NSA,S13,P51G,ES,2007-Q3,12288
Q,MIO_EUR,NSA,S13,P51G,ES,2007-Q4,14322
Q,MIO_EUR,NSA,S13,P51G,ES,2008-Q1,11987
Q,MIO_EUR,NSA,S13,P51G,ES,2008-Q2,13011
Q,MIO_EUR,NSA,S13,P51G,ES,2008-Q3,13072
Q,MIO_EUR,NSA,S13,P51G,ES,2008-Q4,13642
Q,MIO_EUR,NSA,S13,P51G,ES,2009-Q1,13497
Q,MIO_EUR,NSA,S13,P51G,ES,2009-Q2,13951
Q,MIO_EUR,NSA,S13,P51G,ES,2009-Q3,13987
Q,MIO_EUR,NSA,S13,P51G,ES,2009-Q4,13918
Q,MIO_EUR,NSA,S13,P51G,ES,2010-Q1,13589
Q,MIO_EUR,NSA,S13,P51G,ES,2010-Q2,12852
Q,MIO_EUR,NSA,S13,P51G,ES,2010-Q3,12651
Q,MIO_EUR,NSA,S13,P51G,ES,2010-Q4,11867
Q,MIO_EUR,NSA,S13,P51G,ES,2011-Q1,10827
Q,MIO_EUR,NSA,S13,P51G,ES,2011-Q2,10245
Q,MIO_EUR,NSA,S13,P51G,ES,2011-Q3,10111
Q,MIO_EUR,NSA,S13,P51G,ES,2011-Q4,8818
Q,MIO_EUR,NSA,S13,P51G,ES,2012-Q1,7697
Q,MIO_EUR,NSA,S13,P51G,ES,2012-Q2,7313
Q,MIO_EUR,NSA,S13,P51G,ES,2012-Q3,6412
Q,MIO_EUR,NSA,S13,P51G,ES,2012-Q4,11127
Q,MIO_EUR,NSA,S13,P51G,ES,2013-Q1,7560
Q,MIO_EUR,NSA,S13,P51G,ES,2013-Q2,5835
Q,MIO_EUR,NSA,S13,P51G,ES,2013-Q3,5567
Q,MIO_EUR,NSA,S13,P51G,ES,2013-Q4,5689
Q,MIO_EUR,NSA,S13,P51G,ES,2014-Q1,5517
Q,MIO_EUR,NSA,S13,P51G,ES,2014-Q2,5372
Q,MIO_EUR,NSA,S13,P51G,ES,2014-Q3,5013
Q,MIO_EUR,NSA,S13,P51G,ES,2014-Q4,6177
Q,MIO_EUR,NSA,S13,P51G,ES,2015-Q1,6098
Q,MIO_EUR,NSA,S13,P51G,ES,2015-Q2,6471
Q,MIO_EUR,NSA,S13,P51G,ES,2015-Q3,8017
Q,MIO_EUR,NSA,S13,P51G,ES,2015-Q4,7416
Q,MIO_EUR,NSA,S13,P51G,ES,2016-Q1,5469
Q,MIO_EUR,NSA,S13,P51G,ES,2016-Q2,5679
Q,MIO_EUR,NSA,S13,P51G,ES,2016-Q3,5342
Q,MIO_EUR,NSA,S13,P51G,ES,2016-Q4,5709
Q,MIO_EUR,NSA,S13,P51G,ES,2017-Q1,5415
Q,MIO_EUR,NSA,S13,P51G,ES,2017-Q2,5874
Q,MIO_EUR,NSA,S13,P51G,ES,2017-Q3,5758
Q,MIO_EUR,NSA,S13,P51G,ES,2017-Q4,6071
Q,MIO_EUR,NSA,S13,P51G,ES,2018-Q1,6218
Q,MIO_EUR,NSA,S13,P51G,ES,2018-Q2,6625
Q,MIO_EUR,NSA,S13,P51G,ES,2018-Q3,5977
Q,MIO_EUR,NSA,S13,P51G,ES,2018-Q4,7069
Q,MIO_EUR,NSA,S13,P51G,ES,2019-Q1,6903
Q,MIO_EUR,NSA,S13,P51G,ES,2019-Q2,6748
Q,MIO_EUR,NSA,S13,P51G,ES,2019-Q3,6635
Q,MIO_EUR,NSA,S13,P51G,ES,2019-Q4,6920
Q,MIO_EUR,NSA,S13,P51G,ES,2020-Q1,8435
Q,MIO_EUR,NSA,S13,P51G,ES,2020-Q2,7011
Q,MIO_EUR,NSA,S13,P51G,ES,2020-Q3,6888
Q,MIO_EUR,NSA,S13,P51G,ES,2020-Q4,7360
Q,MIO_EUR,NSA,S13,P51G,ES,2021-Q1,6847
Q,MIO_EUR,NSA,S13,P51G,ES,2021-Q2,7653
Q,MIO_EUR,NSA,S13,P51G,ES,2021-Q3,9529
Q,MIO_EUR,NSA,S13,P51G,ES,2021-Q4,9562
Q,MIO_EUR,NSA,S13,P51G,ES,2022-Q1,8754
Q,MIO_EUR,NSA,S13,P51G,ES,2022-Q2,9860
Q,MIO_EUR,NSA,S13,P51G,ES,2022-Q3,9033
Q,MIO_EUR,NSA,S13,P51G,ES,2022-Q4,9703
Q,MIO_EUR,NSA,S13,P51G,ES,2023-Q1,10386
Q,MIO_EUR,NSA,S13,P51G,ES,2023-Q2,11042
Q,MIO_EUR,NSA,S13,P51G,ES,2023-Q3,10989
Q,MIO_EUR,NSA,S13,P51G,ES,2023-Q4,12279
Q,MIO_EUR,NSA,S13,P51G,ES,2024-Q1,11414
Q,MIO_EUR,NSA,S13,P51G,ES,2024-Q2,10025
Q,MIO_EUR,NSA,S13,P51G,ES,2024-Q3,10675
Q,MIO_EUR,NSA,S13,P51G,ES,2024-Q4,11371
Q,MIO_EUR,NSA,S13,P51G,ES,2025-Q1,11649
Q,MIO_EUR,NSA,S13,P51G,ES,2025-Q2,12386
Q,MIO_EUR,NSA,S13,P51G,ES,2025-Q3,12412
Q,MIO_EUR,NSA,S13,P51G,ES,2025-Q4,13185
Q,MIO_EUR,NSA,S13,P51G,ES,2026-Q1,12693
Q,MIO_EUR,NSA,S13,P51G,FR,1995-Q1,13781.9
Q,MIO_EUR,NSA,S13,P51G,FR,1995-Q2,14277.8
Q,MIO_EUR,NSA,S13,P51G,FR,1995-Q3,14084.8
Q,MIO_EUR,NSA,S13,P51G,FR,1995-Q4,14431.7
Q,MIO_EUR,NSA,S13,P51G,FR,1996-Q1,14130.2
Q,MIO_EUR,NSA,S13,P51G,FR,1996-Q2,14754.6
Q,MIO_EUR,NSA,S13,P51G,FR,1996-Q3,14445.4
Q,MIO_EUR,NSA,S13,P51G,FR,1996-Q4,14275.6
Q,MIO_EUR,NSA,S13,P51G,FR,1997-Q1,13381.8
Q,MIO_EUR,NSA,S13,P51G,FR,1997-Q2,13584.4
Q,MIO_EUR,NSA,S13,P51G,FR,1997-Q3,13193.3
Q,MIO_EUR,NSA,S13,P51G,FR,1997-Q4,13524.8
Q,MIO_EUR,NSA,S13,P51G,FR,1998-Q1,13129.2
Q,MIO_EUR,NSA,S13,P51G,FR,1998-Q2,13615.6
Q,MIO_EUR,NSA,S13,P51G,FR,1998-Q3,13607.6
Q,MIO_EUR,NSA,S13,P51G,FR,1998-Q4,13952.4
Q,MIO_EUR,NSA,S13,P51G,FR,1999-Q1,13605.8
Q,MIO_EUR,NSA,S13,P51G,FR,1999-Q2,14313
Q,MIO_EUR,NSA,S13,P51G,FR,1999-Q3,14581.2
Q,MIO_EUR,NSA,S13,P51G,FR,1999-Q4,15067.2
Q,MIO_EUR,NSA,S13,P51G,FR,2000-Q1,14783.3
Q,MIO_EUR,NSA,S13,P51G,FR,2000-Q2,15197.5
Q,MIO_EUR,NSA,S13,P51G,FR,2000-Q3,16200.4
Q,MIO_EUR,NSA,S13,P51G,FR,2000-Q4,16897.1
Q,MIO_EUR,NSA,S13,P51G,FR,2001-Q1,15507.5
Q,MIO_EUR,NSA,S13,P51G,FR,2001-Q2,15445.9
Q,MIO_EUR,NSA,S13,P51G,FR,2001-Q3,16321
Q,MIO_EUR,NSA,S13,P51G,FR,2001-Q4,16941.9
Q,MIO_EUR,NSA,S13,P51G,FR,2002-Q1,15210.8
Q,MIO_EUR,NSA,S13,P51G,FR,2002-Q2,15483.2
Q,MIO_EUR,NSA,S13,P51G,FR,2002-Q3,16509.9
Q,MIO_EUR,NSA,S13,P51G,FR,2002-Q4,17484
Q,MIO_EUR,NSA,S13,P51G,FR,2003-Q1,16277.6
Q,MIO_EUR,NSA,S13,P51G,FR,2003-Q2,16551.9
Q,MIO_EUR,NSA,S13,P51G,FR,2003-Q3,17743.9
Q,MIO_EUR,NSA,S13,P51G,FR,2003-Q4,18588.9
Q,MIO_EUR,NSA,S13,P51G,FR,2004-Q1,17285
Q,MIO_EUR,NSA,S13,P51G,FR,2004-Q2,17652.8
Q,MIO_EUR,NSA,S13,P51G,FR,2004-Q3,18707.1
Q,MIO_EUR,NSA,S13,P51G,FR,2004-Q4,19971.2
Q,MIO_EUR,NSA,S13,P51G,FR,2005-Q1,18376.6
Q,MIO_EUR,NSA,S13,P51G,FR,2005-Q2,18924.9
Q,MIO_EUR,NSA,S13,P51G,FR,2005-Q3,20130.6
Q,MIO_EUR,NSA,S13,P51G,FR,2005-Q4,20952.9
Q,MIO_EUR,NSA,S13,P51G,FR,2006-Q1,19147.6
Q,MIO_EUR,NSA,S13,P51G,FR,2006-Q2,19463.3
Q,MIO_EUR,NSA,S13,P51G,FR,2006-Q3,20467.7
Q,MIO_EUR,NSA,S13,P51G,FR,2006-Q4,21798.9
Q,MIO_EUR,NSA,S13,P51G,FR,2007-Q1,20053.5
Q,MIO_EUR,NSA,S13,P51G,FR,2007-Q2,20262.9
Q,MIO_EUR,NSA,S13,P51G,FR,2007-Q3,21556
Q,MIO_EUR,NSA,S13,P51G,FR,2007-Q4,22947.5
Q,MIO_EUR,NSA,S13,P51G,FR,2008-Q1,20906.7
Q,MIO_EUR,NSA,S13,P51G,FR,2008-Q2,21261.4
Q,MIO_EUR,NSA,S13,P51G,FR,2008-Q3,22424.4
Q,MIO_EUR,NSA,S13,P51G,FR,2008-Q4,23816.8
Q,MIO_EUR,NSA,S13,P51G,FR,2009-Q1,21862.8
Q,MIO_EUR,NSA,S13,P51G,FR,2009-Q2,22425.7
Q,MIO_EUR,NSA,S13,P51G,FR,2009-Q3,23699.3
Q,MIO_EUR,NSA,S13,P51G,FR,2009-Q4,25442.4
Q,MIO_EUR,NSA,S13,P51G,FR,2010-Q1,22907.9
Q,MIO_EUR,NSA,S13,P51G,FR,2010-Q2,23366.7
Q,MIO_EUR,NSA,S13,P51G,FR,2010-Q3,24215.1
Q,MIO_EUR,NSA,S13,P51G,FR,2010-Q4,25267.7
Q,MIO_EUR,NSA,S13,P51G,FR,2011-Q1,22200.9
Q,MIO_EUR,NSA,S13,P51G,FR,2011-Q2,22492.8
Q,MIO_EUR,NSA,S13,P51G,FR,2011-Q3,23076.3
Q,MIO_EUR,NSA,S13,P51G,FR,2011-Q4,24873.7
Q,MIO_EUR,NSA,S13,P51G,FR,2012-Q1,22541.1
Q,MIO_EUR,NSA,S13,P51G,FR,2012-Q2,22936.3
Q,MIO_EUR,NSA,S13,P51G,FR,2012-Q3,23936.9
Q,MIO_EUR,NSA,S13,P51G,FR,2012-Q4,25688.6
Q,MIO_EUR,NSA,S13,P51G,FR,2013-Q1,23316.8
Q,MIO_EUR,NSA,S13,P51G,FR,2013-Q2,23710.7
Q,MIO_EUR,NSA,S13,P51G,FR,2013-Q3,24267.6
Q,MIO_EUR,NSA,S13,P51G,FR,2013-Q4,25700.1
Q,MIO_EUR,NSA,S13,P51G,FR,2014-Q1,22642.8
Q,MIO_EUR,NSA,S13,P51G,FR,2014-Q2,22486.6
Q,MIO_EUR,NSA,S13,P51G,FR,2014-Q3,22765.9
Q,MIO_EUR,NSA,S13,P51G,FR,2014-Q4,23877.9
Q,MIO_EUR,NSA,S13,P51G,FR,2015-Q1,20919.9
Q,MIO_EUR,NSA,S13,P51G,FR,2015-Q2,20976.9
Q,MIO_EUR,NSA,S13,P51G,FR,2015-Q3,21389.4
Q,MIO_EUR,NSA,S13,P51G,FR,2015-Q4,23481.5
Q,MIO_EUR,NSA,S13,P51G,FR,2016-Q1,20784.8
Q,MIO_EUR,NSA,S13,P51G,FR,2016-Q2,21401.9
Q,MIO_EUR,NSA,S13,P51G,FR,2016-Q3,21619.6
Q,MIO_EUR,NSA,S13,P51G,FR,2016-Q4,23718
Q,MIO_EUR,NSA,S13,P51G,FR,2017-Q1,21196.7
Q,MIO_EUR,NSA,S13,P51G,FR,2017-Q2,21377.5
Q,MIO_EUR,NSA,S13,P51G,FR,2017-Q3,21708.1
Q,MIO_EUR,NSA,S13,P51G,FR,2017-Q4,23875.9
Q,MIO_EUR,NSA,S13,P51G,FR,2018-Q1,21219.7
Q,MIO_EUR,NSA,S13,P51G,FR,2018-Q2,22005.1
Q,MIO_EUR,NSA,S13,P51G,FR,2018-Q3,22970.5
Q,MIO_EUR,NSA,S13,P51G,FR,2018-Q4,25986.8
Q,MIO_EUR,NSA,S13,P51G,FR,2019-Q1,23423.8
Q,MIO_EUR,NSA,S13,P51G,FR,2019-Q2,24631.8
Q,MIO_EUR,NSA,S13,P51G,FR,2019-Q3,25487.7
Q,MIO_EUR,NSA,S13,P51G,FR,2019-Q4,27526
Q,MIO_EUR,NSA,S13,P51G,FR,2020-Q1,23276.3
Q,MIO_EUR,NSA,S13,P51G,FR,2020-Q2,21685.3
Q,MIO_EUR,NSA,S13,P51G,FR,2020-Q3,24270.5
Q,MIO_EUR,NSA,S13,P51G,FR,2020-Q4,27032.9
Q,MIO_EUR,NSA,S13,P51G,FR,2021-Q1,23697.6
Q,MIO_EUR,NSA,S13,P51G,FR,2021-Q2,24839.4
Q,MIO_EUR,NSA,S13,P51G,FR,2021-Q3,25568.3
Q,MIO_EUR,NSA,S13,P51G,FR,2021-Q4,28053.9
Q,MIO_EUR,NSA,S13,P51G,FR,2022-Q1,25108.4
Q,MIO_EUR,NSA,S13,P51G,FR,2022-Q2,26621.5
Q,MIO_EUR,NSA,S13,P51G,FR,2022-Q3,27804.5
Q,MIO_EUR,NSA,S13,P51G,FR,2022-Q4,30681.1
Q,MIO_EUR,NSA,S13,P51G,FR,2023-Q1,27644.4
Q,MIO_EUR,NSA,S13,P51G,FR,2023-Q2,29209.1
Q,MIO_EUR,NSA,S13,P51G,FR,2023-Q3,30030.4
Q,MIO_EUR,NSA,S13,P51G,FR,2023-Q4,32915.2
Q,MIO_EUR,NSA,S13,P51G,FR,2024-Q1,29588.2
Q,MIO_EUR,NSA,S13,P51G,FR,2024-Q2,31287.4
Q,MIO_EUR,NSA,S13,P51G,FR,2024-Q3,32218.1
Q,MIO_EUR,NSA,S13,P51G,FR,2024-Q4,34436.1
Q,MIO_EUR,NSA,S13,P51G,FR,2025-Q1,30916
Q,MIO_EUR,NSA,S13,P51G,FR,2025-Q2,32254.4
Q,MIO_EUR,NSA,S13,P51G,FR,2025-Q3,33082.3
Q,MIO_EUR,NSA,S13,P51G,FR,2025-Q4,35946.3
Q,MIO_EUR,NSA,S13,P51G,FR,2026-Q1,31786.8
Q,MIO_EUR,NSA,S13,P51G,HR,1995-Q1,
Q,MIO_EUR,NSA,S13,P51G,HR,1995-Q2,
Q,MIO_EUR,NSA,S13,P51G,HR,1995-Q3,
Q,MIO_EUR,NSA,S13,P51G,HR,1995-Q4,
Q,MIO_EUR,NSA,S13,P51G,HR,1996-Q1,
Q,MIO_EUR,NSA,S13,P51G,HR,1996-Q2,
Q,MIO_EUR,NSA,S13,P51G,HR,1996-Q3,
Q,MIO_EUR,NSA,S13,P51G,HR,1996-Q4,
Q,MIO_EUR,NSA,S13,P51G,HR,1997-Q1,
Q,MIO_EUR,NSA,S13,P51G,HR,1997-Q2,
Q,MIO_EUR,NSA,S13,P51G,HR,1997-Q3,
Q,MIO_EUR,NSA,S13,P51G,HR,1997-Q4,
Q,MIO_EUR,NSA,S13,P51G,HR,1998-Q1,
Q,MIO_EUR,NSA,S13,P51G,HR,1998-Q2,
Q,MIO_EUR,NSA,S13,P51G,HR,1998-Q3,
Q,MIO_EUR,NSA,S13,P51G,HR,1998-Q4,
Q,MIO_EUR,NSA,S13,P51G,HR,1999-Q1,290.4
Q,MIO_EUR,NSA,S13,P51G,HR,1999-Q2,333.6
Q,MIO_EUR,NSA,S13,P51G,HR,1999-Q3,334.9
Q,MIO_EUR,NSA,S13,P51G,HR,1999-Q4,323.6
Q,MIO_EUR,NSA,S13,P51G,HR,2000-Q1,280.3
Q,MIO_EUR,NSA,S13,P51G,HR,2000-Q2,329.4
Q,MIO_EUR,NSA,S13,P51G,HR,2000-Q3,336.8
Q,MIO_EUR,NSA,S13,P51G,HR,2000-Q4,327.1
Q,MIO_EUR,NSA,S13,P51G,HR,2001-Q1,256.4
Q,MIO_EUR,NSA,S13,P51G,HR,2001-Q2,310.2
Q,MIO_EUR,NSA,S13,P51G,HR,2001-Q3,312.5
Q,MIO_EUR,NSA,S13,P51G,HR,2001-Q4,302.5
Q,MIO_EUR,NSA,S13,P51G,HR,2002-Q1,294.9
Q,MIO_EUR,NSA,S13,P51G,HR,2002-Q2,358.1
Q,MIO_EUR,NSA,S13,P51G,HR,2002-Q3,361.3
Q,MIO_EUR,NSA,S13,P51G,HR,2002-Q4,344.9
Q,MIO_EUR,NSA,S13,P51G,HR,2003-Q1,396.3
Q,MIO_EUR,NSA,S13,P51G,HR,2003-Q2,541.9
Q,MIO_EUR,NSA,S13,P51G,HR,2003-Q3,537.9
Q,MIO_EUR,NSA,S13,P51G,HR,2003-Q4,483.6
Q,MIO_EUR,NSA,S13,P51G,HR,2004-Q1,455.8
Q,MIO_EUR,NSA,S13,P51G,HR,2004-Q2,605.5
Q,MIO_EUR,NSA,S13,P51G,HR,2004-Q3,561.5
Q,MIO_EUR,NSA,S13,P51G,HR,2004-Q4,509.1
Q,MIO_EUR,NSA,S13,P51G,HR,2005-Q1,380
Q,MIO_EUR,NSA,S13,P51G,HR,2005-Q2,531.5
Q,MIO_EUR,NSA,S13,P51G,HR,2005-Q3,499.3
Q,MIO_EUR,NSA,S13,P51G,HR,2005-Q4,478.7
Q,MIO_EUR,NSA,S13,P51G,HR,2006-Q1,442.9
Q,MIO_EUR,NSA,S13,P51G,HR,2006-Q2,558.5
Q,MIO_EUR,NSA,S13,P51G,HR,2006-Q3,528.4
Q,MIO_EUR,NSA,S13,P51G,HR,2006-Q4,502.8
Q,MIO_EUR,NSA,S13,P51G,HR,2007-Q1,648
Q,MIO_EUR,NSA,S13,P51G,HR,2007-Q2,749.5
Q,MIO_EUR,NSA,S13,P51G,HR,2007-Q3,720.5
Q,MIO_EUR,NSA,S13,P51G,HR,2007-Q4,681.3
Q,MIO_EUR,NSA,S13,P51G,HR,2008-Q1,628.5
Q,MIO_EUR,NSA,S13,P51G,HR,2008-Q2,760.9
Q,MIO_EUR,NSA,S13,P51G,HR,2008-Q3,688.6
Q,MIO_EUR,NSA,S13,P51G,HR,2008-Q4,628.5
Q,MIO_EUR,NSA,S13,P51G,HR,2009-Q1,604.8
Q,MIO_EUR,NSA,S13,P51G,HR,2009-Q2,687.1
Q,MIO_EUR,NSA,S13,P51G,HR,2009-Q3,668.3
Q,MIO_EUR,NSA,S13,P51G,HR,2009-Q4,605.7
Q,MIO_EUR,NSA,S13,P51G,HR,2010-Q1,396.9
Q,MIO_EUR,NSA,S13,P51G,HR,2010-Q2,468.5
Q,MIO_EUR,NSA,S13,P51G,HR,2010-Q3,466.1
Q,MIO_EUR,NSA,S13,P51G,HR,2010-Q4,427
Q,MIO_EUR,NSA,S13,P51G,HR,2011-Q1,378.3
Q,MIO_EUR,NSA,S13,P51G,HR,2011-Q2,440.4
Q,MIO_EUR,NSA,S13,P51G,HR,2011-Q3,428.3
Q,MIO_EUR,NSA,S13,P51G,HR,2011-Q4,407.1
Q,MIO_EUR,NSA,S13,P51G,HR,2012-Q1,378.4
Q,MIO_EUR,NSA,S13,P51G,HR,2012-Q2,468.6
Q,MIO_EUR,NSA,S13,P51G,HR,2012-Q3,412.6
Q,MIO_EUR,NSA,S13,P51G,HR,2012-Q4,400.5
Q,MIO_EUR,NSA,S13,P51G,HR,2013-Q1,403.9
Q,MIO_EUR,NSA,S13,P51G,HR,2013-Q2,510.5
Q,MIO_EUR,NSA,S13,P51G,HR,2013-Q3,458.7
Q,MIO_EUR,NSA,S13,P51G,HR,2013-Q4,451
Q,MIO_EUR,NSA,S13,P51G,HR,2014-Q1,345.4
Q,MIO_EUR,NSA,S13,P51G,HR,2014-Q2,476.3
Q,MIO_EUR,NSA,S13,P51G,HR,2014-Q3,391
Q,MIO_EUR,NSA,S13,P51G,HR,2014-Q4,409
Q,MIO_EUR,NSA,S13,P51G,HR,2015-Q1,331.6
Q,MIO_EUR,NSA,S13,P51G,HR,2015-Q2,453
Q,MIO_EUR,NSA,S13,P51G,HR,2015-Q3,378.8
Q,MIO_EUR,NSA,S13,P51G,HR,2015-Q4,407.3
Q,MIO_EUR,NSA,S13,P51G,HR,2016-Q1,321.1
Q,MIO_EUR,NSA,S13,P51G,HR,2016-Q2,439.9
Q,MIO_EUR,NSA,S13,P51G,HR,2016-Q3,343.8
Q,MIO_EUR,NSA,S13,P51G,HR,2016-Q4,387.7
Q,MIO_EUR,NSA,S13,P51G,HR,2017-Q1,363.1
Q,MIO_EUR,NSA,S13,P51G,HR,2017-Q2,287.2
Q,MIO_EUR,NSA,S13,P51G,HR,2017-Q3,305.9
Q,MIO_EUR,NSA,S13,P51G,HR,2017-Q4,353.4
Q,MIO_EUR,NSA,S13,P51G,HR,2018-Q1,300.7
Q,MIO_EUR,NSA,S13,P51G,HR,2018-Q2,304.4
Q,MIO_EUR,NSA,S13,P51G,HR,2018-Q3,423.1
Q,MIO_EUR,NSA,S13,P51G,HR,2018-Q4,822.3
Q,MIO_EUR,NSA,S13,P51G,HR,2019-Q1,437.6
Q,MIO_EUR,NSA,S13,P51G,HR,2019-Q2,432.9
Q,MIO_EUR,NSA,S13,P51G,HR,2019-Q3,648.5
Q,MIO_EUR,NSA,S13,P51G,HR,2019-Q4,883.1
Q,MIO_EUR,NSA,S13,P51G,HR,2020-Q1,468.1
Q,MIO_EUR,NSA,S13,P51G,HR,2020-Q2,527.8
Q,MIO_EUR,NSA,S13,P51G,HR,2020-Q3,702.7
Q,MIO_EUR,NSA,S13,P51G,HR,2020-Q4,1129.1
Q,MIO_EUR,NSA,S13,P51G,HR,2021-Q1,528
Q,MIO_EUR,NSA,S13,P51G,HR,2021-Q2,755.1
Q,MIO_EUR,NSA,S13,P51G,HR,2021-Q3,673
Q,MIO_EUR,NSA,S13,P51G,HR,2021-Q4,847.7
Q,MIO_EUR,NSA,S13,P51G,HR,2022-Q1,507.8
Q,MIO_EUR,NSA,S13,P51G,HR,2022-Q2,630.8
Q,MIO_EUR,NSA,S13,P51G,HR,2022-Q3,611.2
Q,MIO_EUR,NSA,S13,P51G,HR,2022-Q4,1010.3
Q,MIO_EUR,NSA,S13,P51G,HR,2023-Q1,600.5
Q,MIO_EUR,NSA,S13,P51G,HR,2023-Q2,1145.6
Q,MIO_EUR,NSA,S13,P51G,HR,2023-Q3,875.3
Q,MIO_EUR,NSA,S13,P51G,HR,2023-Q4,1860.2
Q,MIO_EUR,NSA,S13,P51G,HR,2024-Q1,737.2
Q,MIO_EUR,NSA,S13,P51G,HR,2024-Q2,1095.5
Q,MIO_EUR,NSA,S13,P51G,HR,2024-Q3,1027.6
Q,MIO_EUR,NSA,S13,P51G,HR,2024-Q4,1623.5
Q,MIO_EUR,NSA,S13,P51G,HR,2025-Q1,905.2
Q,MIO_EUR,NSA,S13,P51G,HR,2025-Q2,1354.6
Q,MIO_EUR,NSA,S13,P51G,HR,2025-Q3,1346.9
Q,MIO_EUR,NSA,S13,P51G,HR,2025-Q4,1987.4
Q,MIO_EUR,NSA,S13,P51G,HR,2026-Q1,944.6
Q,MIO_EUR,NSA,S13,P51G,IT,1995-Q1,
Q,MIO_EUR,NSA,S13,P51G,IT,1995-Q2,
Q,MIO_EUR,NSA,S13,P51G,IT,1995-Q3,
Q,MIO_EUR,NSA,S13,P51G,IT,1995-Q4,
Q,MIO_EUR,NSA,S13,P51G,IT,1996-Q1,
Q,MIO_EUR,NSA,S13,P51G,IT,1996-Q2,
Q,MIO_EUR,NSA,S13,P51G,IT,1996-Q3,
Q,MIO_EUR,NSA,S13,P51G,IT,1996-Q4,
Q,MIO_EUR,NSA,S13,P51G,IT,1997-Q1,
Q,MIO_EUR,NSA,S13,P51G,IT,1997-Q2,
Q,MIO_EUR,NSA,S13,P51G,IT,1997-Q3,
Q,MIO_EUR,NSA,S13,P51G,IT,1997-Q4,
Q,MIO_EUR,NSA,S13,P51G,IT,1998-Q1,
Q,MIO_EUR,NSA,S13,P51G,IT,1998-Q2,
Q,MIO_EUR,NSA,S13,P51G,IT,1998-Q3,
Q,MIO_EUR,NSA,S13,P51G,IT,1998-Q4,
Q,MIO_EUR,NSA,S13,P51G,IT,1999-Q1,7385.1
Q,MIO_EUR,NSA,S13,P51G,IT,1999-Q2,8937.5
Q,MIO_EUR,NSA,S13,P51G,IT,1999-Q3,8613.4
Q,MIO_EUR,NSA,S13,P51G,IT,1999-Q4,8590
Q,MIO_EUR,NSA,S13,P51G,IT,2000-Q1,8167.6
Q,MIO_EUR,NSA,S13,P51G,IT,2000-Q2,9112.3
Q,MIO_EUR,NSA,S13,P51G,IT,2000-Q3,8557
Q,MIO_EUR,NSA,S13,P51G,IT,2000-Q4,8768
Q,MIO_EUR,NSA,S13,P51G,IT,2001-Q1,8992.5
Q,MIO_EUR,NSA,S13,P51G,IT,2001-Q2,9885.4
Q,MIO_EUR,NSA,S13,P51G,IT,2001-Q3,9706.8
Q,MIO_EUR,NSA,S13,P51G,IT,2001-Q4,10095.3
Q,MIO_EUR,NSA,S13,P51G,IT,2002-Q1,9266.8
Q,MIO_EUR,NSA,S13,P51G,IT,2002-Q2,10466.7
Q,MIO_EUR,NSA,S13,P51G,IT,2002-Q3,10332.9
Q,MIO_EUR,NSA,S13,P51G,IT,2002-Q4,3035.7
Q,MIO_EUR,NSA,S13,P51G,IT,2003-Q1,9447.5
Q,MIO_EUR,NSA,S13,P51G,IT,2003-Q2,11465.9
Q,MIO_EUR,NSA,S13,P51G,IT,2003-Q3,10810.7
Q,MIO_EUR,NSA,S13,P51G,IT,2003-Q4,10669.9
Q,MIO_EUR,NSA,S13,P51G,IT,2004-Q1,10922.9
Q,MIO_EUR,NSA,S13,P51G,IT,2004-Q2,12642.5
Q,MIO_EUR,NSA,S13,P51G,IT,2004-Q3,11835.3
Q,MIO_EUR,NSA,S13,P51G,IT,2004-Q4,9972.3
Q,MIO_EUR,NSA,S13,P51G,IT,2005-Q1,11390.3
Q,MIO_EUR,NSA,S13,P51G,IT,2005-Q2,13117.1
Q,MIO_EUR,NSA,S13,P51G,IT,2005-Q3,12114.2
Q,MIO_EUR,NSA,S13,P51G,IT,2005-Q4,10501.5
Q,MIO_EUR,NSA,S13,P51G,IT,2006-Q1,12440.7
Q,MIO_EUR,NSA,S13,P51G,IT,2006-Q2,12759.4
Q,MIO_EUR,NSA,S13,P51G,IT,2006-Q3,11773.2
Q,MIO_EUR,NSA,S13,P51G,IT,2006-Q4,11873.6
Q,MIO_EUR,NSA,S13,P51G,IT,2007-Q1,12265.9
Q,MIO_EUR,NSA,S13,P51G,IT,2007-Q2,13270.8
Q,MIO_EUR,NSA,S13,P51G,IT,2007-Q3,12214.6
Q,MIO_EUR,NSA,S13,P51G,IT,2007-Q4,13000.7
Q,MIO_EUR,NSA,S13,P51G,IT,2008-Q1,11514.9
Q,MIO_EUR,NSA,S13,P51G,IT,2008-Q2,13950.4
Q,MIO_EUR,NSA,S13,P51G,IT,2008-Q3,12382
Q,MIO_EUR,NSA,S13,P51G,IT,2008-Q4,13646.7
Q,MIO_EUR,NSA,S13,P51G,IT,2009-Q1,13489.9
Q,MIO_EUR,NSA,S13,P51G,IT,2009-Q2,15611.1
Q,MIO_EUR,NSA,S13,P51G,IT,2009-Q3,13037.3
Q,MIO_EUR,NSA,S13,P51G,IT,2009-Q4,15212.8
Q,MIO_EUR,NSA,S13,P51G,IT,2010-Q1,12411.1
Q,MIO_EUR,NSA,S13,P51G,IT,2010-Q2,12905.3
Q,MIO_EUR,NSA,S13,P51G,IT,2010-Q3,12276.5
Q,MIO_EUR,NSA,S13,P51G,IT,2010-Q4,11832.2
Q,MIO_EUR,NSA,S13,P51G,IT,2011-Q1,11553.1
Q,MIO_EUR,NSA,S13,P51G,IT,2011-Q2,12828.6
Q,MIO_EUR,NSA,S13,P51G,IT,2011-Q3,10415.2
Q,MIO_EUR,NSA,S13,P51G,IT,2011-Q4,12619.1
Q,MIO_EUR,NSA,S13,P51G,IT,2012-Q1,10457.7
Q,MIO_EUR,NSA,S13,P51G,IT,2012-Q2,10309.2
Q,MIO_EUR,NSA,S13,P51G,IT,2012-Q3,9711.3
Q,MIO_EUR,NSA,S13,P51G,IT,2012-Q4,12380.8
Q,MIO_EUR,NSA,S13,P51G,IT,2013-Q1,9418.3
Q,MIO_EUR,NSA,S13,P51G,IT,2013-Q2,10654.9
Q,MIO_EUR,NSA,S13,P51G,IT,2013-Q3,10141.9
Q,MIO_EUR,NSA,S13,P51G,IT,2013-Q4,10151.9
Q,MIO_EUR,NSA,S13,P51G,IT,2014-Q1,9010.1
Q,MIO_EUR,NSA,S13,P51G,IT,2014-Q2,9247.2
Q,MIO_EUR,NSA,S13,P51G,IT,2014-Q3,8838.9
Q,MIO_EUR,NSA,S13,P51G,IT,2014-Q4,10520.8
Q,MIO_EUR,NSA,S13,P51G,IT,2015-Q1,9289.2
Q,MIO_EUR,NSA,S13,P51G,IT,2015-Q2,10301
Q,MIO_EUR,NSA,S13,P51G,IT,2015-Q3,9313.9
Q,MIO_EUR,NSA,S13,P51G,IT,2015-Q4,11263.9
Q,MIO_EUR,NSA,S13,P51G,IT,2016-Q1,9093.1
Q,MIO_EUR,NSA,S13,P51G,IT,2016-Q2,9574.5
Q,MIO_EUR,NSA,S13,P51G,IT,2016-Q3,9426
Q,MIO_EUR,NSA,S13,P51G,IT,2016-Q4,10488.5
Q,MIO_EUR,NSA,S13,P51G,IT,2017-Q1,8688.5
Q,MIO_EUR,NSA,S13,P51G,IT,2017-Q2,9232.8
Q,MIO_EUR,NSA,S13,P51G,IT,2017-Q3,10068.5
Q,MIO_EUR,NSA,S13,P51G,IT,2017-Q4,9921.2
Q,MIO_EUR,NSA,S13,P51G,IT,2018-Q1,8655.1
Q,MIO_EUR,NSA,S13,P51G,IT,2018-Q2,10425.9
Q,MIO_EUR,NSA,S13,P51G,IT,2018-Q3,9179.7
Q,MIO_EUR,NSA,S13,P51G,IT,2018-Q4,9562.3
Q,MIO_EUR,NSA,S13,P51G,IT,2019-Q1,9307.3
Q,MIO_EUR,NSA,S13,P51G,IT,2019-Q2,11587.6
Q,MIO_EUR,NSA,S13,P51G,IT,2019-Q3,10207.3
Q,MIO_EUR,NSA,S13,P51G,IT,2019-Q4,10762.9
Q,MIO_EUR,NSA,S13,P51G,IT,2020-Q1,9637.4
Q,MIO_EUR,NSA,S13,P51G,IT,2020-Q2,10394.6
Q,MIO_EUR,NSA,S13,P51G,IT,2020-Q3,11846.9
Q,MIO_EUR,NSA,S13,P51G,IT,2020-Q4,12006.1
Q,MIO_EUR,NSA,S13,P51G,IT,2021-Q1,11718.4
Q,MIO_EUR,NSA,S13,P51G,IT,2021-Q2,12471.8
Q,MIO_EUR,NSA,S13,P51G,IT,2021-Q3,13362.1
Q,MIO_EUR,NSA,S13,P51G,IT,2021-Q4,14849.7
Q,MIO_EUR,NSA,S13,P51G,IT,2022-Q1,12236.6
Q,MIO_EUR,NSA,S13,P51G,IT,2022-Q2,12138.8
Q,MIO_EUR,NSA,S13,P51G,IT,2022-Q3,12169.7
Q,MIO_EUR,NSA,S13,P51G,IT,2022-Q4,16244
Q,MIO_EUR,NSA,S13,P51G,IT,2023-Q1,15114.2
Q,MIO_EUR,NSA,S13,P51G,IT,2023-Q2,16333.5
Q,MIO_EUR,NSA,S13,P51G,IT,2023-Q3,15156.9
Q,MIO_EUR,NSA,S13,P51G,IT,2023-Q4,20977.4
Q,MIO_EUR,NSA,S13,P51G,IT,2024-Q1,18368.2
Q,MIO_EUR,NSA,S13,P51G,IT,2024-Q2,20540.2
Q,MIO_EUR,NSA,S13,P51G,IT,2024-Q3,17459.7
Q,MIO_EUR,NSA,S13,P51G,IT,2024-Q4,22739.9
Q,MIO_EUR,NSA,S13,P51G,IT,2025-Q1,20530
Q,MIO_EUR,NSA,S13,P51G,IT,2025-Q2,22218.2
Q,MIO_EUR,NSA,S13,P51G,IT,2025-Q3,19945.9
Q,MIO_EUR,NSA,S13,P51G,IT,2025-Q4,24021.9
Q,MIO_EUR,NSA,S13,P51G,IT,2026-Q1,21880.7
Q,MIO_EUR,NSA,S13,P51G,CY,1995-Q1,71
Q,MIO_EUR,NSA,S13,P51G,CY,1995-Q2,82.2
Q,MIO_EUR,NSA,S13,P51G,CY,1995-Q3,87.3
Q,MIO_EUR,NSA,S13,P51G,CY,1995-Q4,112.5
Q,MIO_EUR,NSA,S13,P51G,CY,1996-Q1,87.7
Q,MIO_EUR,NSA,S13,P51G,CY,1996-Q2,99.8
Q,MIO_EUR,NSA,S13,P51G,CY,1996-Q3,105
Q,MIO_EUR,NSA,S13,P51G,CY,1996-Q4,121.2
Q,MIO_EUR,NSA,S13,P51G,CY,1997-Q1,91
Q,MIO_EUR,NSA,S13,P51G,CY,1997-Q2,103.3
Q,MIO_EUR,NSA,S13,P51G,CY,1997-Q3,108.8
Q,MIO_EUR,NSA,S13,P51G,CY,1997-Q4,123.5
Q,MIO_EUR,NSA,S13,P51G,CY,1998-Q1,51.8
Q,MIO_EUR,NSA,S13,P51G,CY,1998-Q2,63
Q,MIO_EUR,NSA,S13,P51G,CY,1998-Q3,67.8
Q,MIO_EUR,NSA,S13,P51G,CY,1998-Q4,87.1
Q,MIO_EUR,NSA,S13,P51G,CY,1999-Q1,56.1
Q,MIO_EUR,NSA,S13,P51G,CY,1999-Q2,80.9
Q,MIO_EUR,NSA,S13,P51G,CY,1999-Q3,77.7
Q,MIO_EUR,NSA,S13,P51G,CY,1999-Q4,101.8
Q,MIO_EUR,NSA,S13,P51G,CY,2000-Q1,61.1
Q,MIO_EUR,NSA,S13,P51G,CY,2000-Q2,80.5
Q,MIO_EUR,NSA,S13,P51G,CY,2000-Q3,92.5
Q,MIO_EUR,NSA,S13,P51G,CY,2000-Q4,139.4
Q,MIO_EUR,NSA,S13,P51G,CY,2001-Q1,71.1
Q,MIO_EUR,NSA,S13,P51G,CY,2001-Q2,94.2
Q,MIO_EUR,NSA,S13,P51G,CY,2001-Q3,95.1
Q,MIO_EUR,NSA,S13,P51G,CY,2001-Q4,130.1
Q,MIO_EUR,NSA,S13,P51G,CY,2002-Q1,71.4
Q,MIO_EUR,NSA,S13,P51G,CY,2002-Q2,97
Q,MIO_EUR,NSA,S13,P51G,CY,2002-Q3,99.8
Q,MIO_EUR,NSA,S13,P51G,CY,2002-Q4,185.2
Q,MIO_EUR,NSA,S13,P51G,CY,2003-Q1,94.4
Q,MIO_EUR,NSA,S13,P51G,CY,2003-Q2,113.8
Q,MIO_EUR,NSA,S13,P51G,CY,2003-Q3,128.4
Q,MIO_EUR,NSA,S13,P51G,CY,2003-Q4,211.8
Q,MIO_EUR,NSA,S13,P51G,CY,2004-Q1,82.5
Q,MIO_EUR,NSA,S13,P51G,CY,2004-Q2,116.1
Q,MIO_EUR,NSA,S13,P51G,CY,2004-Q3,85.3
Q,MIO_EUR,NSA,S13,P51G,CY,2004-Q4,336.9
Q,MIO_EUR,NSA,S13,P51G,CY,2005-Q1,125.8
Q,MIO_EUR,NSA,S13,P51G,CY,2005-Q2,156.2
Q,MIO_EUR,NSA,S13,P51G,CY,2005-Q3,139.9
Q,MIO_EUR,NSA,S13,P51G,CY,2005-Q4,137.5
Q,MIO_EUR,NSA,S13,P51G,CY,2006-Q1,124.9
Q,MIO_EUR,NSA,S13,P51G,CY,2006-Q2,161.1
Q,MIO_EUR,NSA,S13,P51G,CY,2006-Q3,136
Q,MIO_EUR,NSA,S13,P51G,CY,2006-Q4,165.3
Q,MIO_EUR,NSA,S13,P51G,CY,2007-Q1,122.3
Q,MIO_EUR,NSA,S13,P51G,CY,2007-Q2,118.5
Q,MIO_EUR,NSA,S13,P51G,CY,2007-Q3,140.9
Q,MIO_EUR,NSA,S13,P51G,CY,2007-Q4,214.4
Q,MIO_EUR,NSA,S13,P51G,CY,2008-Q1,119.6
Q,MIO_EUR,NSA,S13,P51G,CY,2008-Q2,138.4
Q,MIO_EUR,NSA,S13,P51G,CY,2008-Q3,172.7
Q,MIO_EUR,NSA,S13,P51G,CY,2008-Q4,247.6
Q,MIO_EUR,NSA,S13,P51G,CY,2009-Q1,163.6
Q,MIO_EUR,NSA,S13,P51G,CY,2009-Q2,194
Q,MIO_EUR,NSA,S13,P51G,CY,2009-Q3,235.2
Q,MIO_EUR,NSA,S13,P51G,CY,2009-Q4,267.9
Q,MIO_EUR,NSA,S13,P51G,CY,2010-Q1,201.1
Q,MIO_EUR,NSA,S13,P51G,CY,2010-Q2,200.3
Q,MIO_EUR,NSA,S13,P51G,CY,2010-Q3,222.4
Q,MIO_EUR,NSA,S13,P51G,CY,2010-Q4,310.9
Q,MIO_EUR,NSA,S13,P51G,CY,2011-Q1,172.4
Q,MIO_EUR,NSA,S13,P51G,CY,2011-Q2,217.6
Q,MIO_EUR,NSA,S13,P51G,CY,2011-Q3,201.6
Q,MIO_EUR,NSA,S13,P51G,CY,2011-Q4,296.7
Q,MIO_EUR,NSA,S13,P51G,CY,2012-Q1,155.9
Q,MIO_EUR,NSA,S13,P51G,CY,2012-Q2,160
Q,MIO_EUR,NSA,S13,P51G,CY,2012-Q3,161
Q,MIO_EUR,NSA,S13,P51G,CY,2012-Q4,189.8
Q,MIO_EUR,NSA,S13,P51G,CY,2013-Q1,79.9
Q,MIO_EUR,NSA,S13,P51G,CY,2013-Q2,88
Q,MIO_EUR,NSA,S13,P51G,CY,2013-Q3,109.2
Q,MIO_EUR,NSA,S13,P51G,CY,2013-Q4,200.2
Q,MIO_EUR,NSA,S13,P51G,CY,2014-Q1,72.7
Q,MIO_EUR,NSA,S13,P51G,CY,2014-Q2,97.6
Q,MIO_EUR,NSA,S13,P51G,CY,2014-Q3,96.7
Q,MIO_EUR,NSA,S13,P51G,CY,2014-Q4,144.7
Q,MIO_EUR,NSA,S13,P51G,CY,2015-Q1,65.9
Q,MIO_EUR,NSA,S13,P51G,CY,2015-Q2,90.4
Q,MIO_EUR,NSA,S13,P51G,CY,2015-Q3,110.3
Q,MIO_EUR,NSA,S13,P51G,CY,2015-Q4,153.5
Q,MIO_EUR,NSA,S13,P51G,CY,2016-Q1,55.1
Q,MIO_EUR,NSA,S13,P51G,CY,2016-Q2,110.2
Q,MIO_EUR,NSA,S13,P51G,CY,2016-Q3,114.4
Q,MIO_EUR,NSA,S13,P51G,CY,2016-Q4,214.7
Q,MIO_EUR,NSA,S13,P51G,CY,2017-Q1,65.9
Q,MIO_EUR,NSA,S13,P51G,CY,2017-Q2,108.3
Q,MIO_EUR,NSA,S13,P51G,CY,2017-Q3,98.2
Q,MIO_EUR,NSA,S13,P51G,CY,2017-Q4,288.4
Q,MIO_EUR,NSA,S13,P51G,CY,2018-Q1,62.7
Q,MIO_EUR,NSA,S13,P51G,CY,2018-Q2,111.5
Q,MIO_EUR,NSA,S13,P51G,CY,2018-Q3,638.2
Q,MIO_EUR,NSA,S13,P51G,CY,2018-Q4,265.2
Q,MIO_EUR,NSA,S13,P51G,CY,2019-Q1,71.1
Q,MIO_EUR,NSA,S13,P51G,CY,2019-Q2,115.3
Q,MIO_EUR,NSA,S13,P51G,CY,2019-Q3,120.2
Q,MIO_EUR,NSA,S13,P51G,CY,2019-Q4,293.8
Q,MIO_EUR,NSA,S13,P51G,CY,2020-Q1,119.2
Q,MIO_EUR,NSA,S13,P51G,CY,2020-Q2,85.1
Q,MIO_EUR,NSA,S13,P51G,CY,2020-Q3,128.6
Q,MIO_EUR,NSA,S13,P51G,CY,2020-Q4,308.6
Q,MIO_EUR,NSA,S13,P51G,CY,2021-Q1,87.6
Q,MIO_EUR,NSA,S13,P51G,CY,2021-Q2,148.3
Q,MIO_EUR,NSA,S13,P51G,CY,2021-Q3,164.5
Q,MIO_EUR,NSA,S13,P51G,CY,2021-Q4,302.5
Q,MIO_EUR,NSA,S13,P51G,CY,2022-Q1,81.1
Q,MIO_EUR,NSA,S13,P51G,CY,2022-Q2,136
Q,MIO_EUR,NSA,S13,P51G,CY,2022-Q3,223.1
Q,MIO_EUR,NSA,S13,P51G,CY,2022-Q4,266.5
Q,MIO_EUR,NSA,S13,P51G,CY,2023-Q1,157.1
Q,MIO_EUR,NSA,S13,P51G,CY,2023-Q2,184.4
Q,MIO_EUR,NSA,S13,P51G,CY,2023-Q3,242.6
Q,MIO_EUR,NSA,S13,P51G,CY,2023-Q4,424.3
Q,MIO_EUR,NSA,S13,P51G,CY,2024-Q1,133.1
Q,MIO_EUR,NSA,S13,P51G,CY,2024-Q2,208.9
Q,MIO_EUR,NSA,S13,P51G,CY,2024-Q3,225.1
Q,MIO_EUR,NSA,S13,P51G,CY,2024-Q4,397.6
Q,MIO_EUR,NSA,S13,P51G,CY,2025-Q1,169.2
Q,MIO_EUR,NSA,S13,P51G,CY,2025-Q2,255.9
Q,MIO_EUR,NSA,S13,P51G,CY,2025-Q3,327.4
Q,MIO_EUR,NSA,S13,P51G,CY,2025-Q4,448.4
Q,MIO_EUR,NSA,S13,P51G,CY,2026-Q1,182
Q,MIO_EUR,NSA,S13,P51G,LV,1995-Q1,
Q,MIO_EUR,NSA,S13,P51G,LV,1995-Q2,
Q,MIO_EUR,NSA,S13,P51G,LV,1995-Q3,
Q,MIO_EUR,NSA,S13,P51G,LV,1995-Q4,
Q,MIO_EUR,NSA,S13,P51G,LV,1996-Q1,
Q,MIO_EUR,NSA,S13,P51G,LV,1996-Q2,
Q,MIO_EUR,NSA,S13,P51G,LV,1996-Q3,
Q,MIO_EUR,NSA,S13,P51G,LV,1996-Q4,
Q,MIO_EUR,NSA,S13,P51G,LV,1997-Q1,
Q,MIO_EUR,NSA,S13,P51G,LV,1997-Q2,
Q,MIO_EUR,NSA,S13,P51G,LV,1997-Q3,
Q,MIO_EUR,NSA,S13,P51G,LV,1997-Q4,
Q,MIO_EUR,NSA,S13,P51G,LV,1998-Q1,
Q,MIO_EUR,NSA,S13,P51G,LV,1998-Q2,
Q,MIO_EUR,NSA,S13,P51G,LV,1998-Q3,
Q,MIO_EUR,NSA,S13,P51G,LV,1998-Q4,
Q,MIO_EUR,NSA,S13,P51G,LV,1999-Q1,16.5
Q,MIO_EUR,NSA,S13,P51G,LV,1999-Q2,32.3
Q,MIO_EUR,NSA,S13,P51G,LV,1999-Q3,41.9
Q,MIO_EUR,NSA,S13,P51G,LV,1999-Q4,34.9
Q,MIO_EUR,NSA,S13,P51G,LV,2000-Q1,24.2
Q,MIO_EUR,NSA,S13,P51G,LV,2000-Q2,38.4
Q,MIO_EUR,NSA,S13,P51G,LV,2000-Q3,43.1
Q,MIO_EUR,NSA,S13,P51G,LV,2000-Q4,48.7
Q,MIO_EUR,NSA,S13,P51G,LV,2001-Q1,31.5
Q,MIO_EUR,NSA,S13,P51G,LV,2001-Q2,36.8
Q,MIO_EUR,NSA,S13,P51G,LV,2001-Q3,39.2
Q,MIO_EUR,NSA,S13,P51G,LV,2001-Q4,33
Q,MIO_EUR,NSA,S13,P51G,LV,2002-Q1,22.5
Q,MIO_EUR,NSA,S13,P51G,LV,2002-Q2,30.6
Q,MIO_EUR,NSA,S13,P51G,LV,2002-Q3,43.7
Q,MIO_EUR,NSA,S13,P51G,LV,2002-Q4,61.4
Q,MIO_EUR,NSA,S13,P51G,LV,2003-Q1,34.9
Q,MIO_EUR,NSA,S13,P51G,LV,2003-Q2,65.9
Q,MIO_EUR,NSA,S13,P51G,LV,2003-Q3,87.9
Q,MIO_EUR,NSA,S13,P51G,LV,2003-Q4,111.6
Q,MIO_EUR,NSA,S13,P51G,LV,2004-Q1,70.5
Q,MIO_EUR,NSA,S13,P51G,LV,2004-Q2,94.6
Q,MIO_EUR,NSA,S13,P51G,LV,2004-Q3,119.4
Q,MIO_EUR,NSA,S13,P51G,LV,2004-Q4,144.3
Q,MIO_EUR,NSA,S13,P51G,LV,2005-Q1,53.6
Q,MIO_EUR,NSA,S13,P51G,LV,2005-Q2,116.4
Q,MIO_EUR,NSA,S13,P51G,LV,2005-Q3,144.5
Q,MIO_EUR,NSA,S13,P51G,LV,2005-Q4,168.9
Q,MIO_EUR,NSA,S13,P51G,LV,2006-Q1,80.4
Q,MIO_EUR,NSA,S13,P51G,LV,2006-Q2,145.7
Q,MIO_EUR,NSA,S13,P51G,LV,2006-Q3,260.5
Q,MIO_EUR,NSA,S13,P51G,LV,2006-Q4,377.2
Q,MIO_EUR,NSA,S13,P51G,LV,2007-Q1,167.1
Q,MIO_EUR,NSA,S13,P51G,LV,2007-Q2,281.8
Q,MIO_EUR,NSA,S13,P51G,LV,2007-Q3,430.1
Q,MIO_EUR,NSA,S13,P51G,LV,2007-Q4,484.9
Q,MIO_EUR,NSA,S13,P51G,LV,2008-Q1,174.2
Q,MIO_EUR,NSA,S13,P51G,LV,2008-Q2,281
Q,MIO_EUR,NSA,S13,P51G,LV,2008-Q3,389.4
Q,MIO_EUR,NSA,S13,P51G,LV,2008-Q4,468.9
Q,MIO_EUR,NSA,S13,P51G,LV,2009-Q1,173.8
Q,MIO_EUR,NSA,S13,P51G,LV,2009-Q2,218.2
Q,MIO_EUR,NSA,S13,P51G,LV,2009-Q3,253.5
Q,MIO_EUR,NSA,S13,P51G,LV,2009-Q4,303.8
Q,MIO_EUR,NSA,S13,P51G,LV,2010-Q1,140.4
Q,MIO_EUR,NSA,S13,P51G,LV,2010-Q2,177.1
Q,MIO_EUR,NSA,S13,P51G,LV,2010-Q3,262
Q,MIO_EUR,NSA,S13,P51G,LV,2010-Q4,293.9
Q,MIO_EUR,NSA,S13,P51G,LV,2011-Q1,114.1
Q,MIO_EUR,NSA,S13,P51G,LV,2011-Q2,163.7
Q,MIO_EUR,NSA,S13,P51G,LV,2011-Q3,246.6
Q,MIO_EUR,NSA,S13,P51G,LV,2011-Q4,540.3
Q,MIO_EUR,NSA,S13,P51G,LV,2012-Q1,133.6
Q,MIO_EUR,NSA,S13,P51G,LV,2012-Q2,201.9
Q,MIO_EUR,NSA,S13,P51G,LV,2012-Q3,329.7
Q,MIO_EUR,NSA,S13,P51G,LV,2012-Q4,500
Q,MIO_EUR,NSA,S13,P51G,LV,2013-Q1,142.7
Q,MIO_EUR,NSA,S13,P51G,LV,2013-Q2,197.2
Q,MIO_EUR,NSA,S13,P51G,LV,2013-Q3,334.3
Q,MIO_EUR,NSA,S13,P51G,LV,2013-Q4,391.3
Q,MIO_EUR,NSA,S13,P51G,LV,2014-Q1,142.3
Q,MIO_EUR,NSA,S13,P51G,LV,2014-Q2,212.2
Q,MIO_EUR,NSA,S13,P51G,LV,2014-Q3,294.3
Q,MIO_EUR,NSA,S13,P51G,LV,2014-Q4,444.1
Q,MIO_EUR,NSA,S13,P51G,LV,2015-Q1,195.5
Q,MIO_EUR,NSA,S13,P51G,LV,2015-Q2,229.5
Q,MIO_EUR,NSA,S13,P51G,LV,2015-Q3,293.2
Q,MIO_EUR,NSA,S13,P51G,LV,2015-Q4,470.2
Q,MIO_EUR,NSA,S13,P51G,LV,2016-Q1,125.6
Q,MIO_EUR,NSA,S13,P51G,LV,2016-Q2,175.2
Q,MIO_EUR,NSA,S13,P51G,LV,2016-Q3,268.1
Q,MIO_EUR,NSA,S13,P51G,LV,2016-Q4,334.3
Q,MIO_EUR,NSA,S13,P51G,LV,2017-Q1,157.6
Q,MIO_EUR,NSA,S13,P51G,LV,2017-Q2,234.2
Q,MIO_EUR,NSA,S13,P51G,LV,2017-Q3,351.7
Q,MIO_EUR,NSA,S13,P51G,LV,2017-Q4,504
Q,MIO_EUR,NSA,S13,P51G,LV,2018-Q1,197.2
Q,MIO_EUR,NSA,S13,P51G,LV,2018-Q2,299.8
Q,MIO_EUR,NSA,S13,P51G,LV,2018-Q3,455.1
Q,MIO_EUR,NSA,S13,P51G,LV,2018-Q4,691.1
Q,MIO_EUR,NSA,S13,P51G,LV,2019-Q1,243.2
Q,MIO_EUR,NSA,S13,P51G,LV,2019-Q2,266.9
Q,MIO_EUR,NSA,S13,P51G,LV,2019-Q3,419
Q,MIO_EUR,NSA,S13,P51G,LV,2019-Q4,587.5
Q,MIO_EUR,NSA,S13,P51G,LV,2020-Q1,301.8
Q,MIO_EUR,NSA,S13,P51G,LV,2020-Q2,338.2
Q,MIO_EUR,NSA,S13,P51G,LV,2020-Q3,450
Q,MIO_EUR,NSA,S13,P51G,LV,2020-Q4,645.1
Q,MIO_EUR,NSA,S13,P51G,LV,2021-Q1,287.9
Q,MIO_EUR,NSA,S13,P51G,LV,2021-Q2,349.5
Q,MIO_EUR,NSA,S13,P51G,LV,2021-Q3,541
Q,MIO_EUR,NSA,S13,P51G,LV,2021-Q4,638.5
Q,MIO_EUR,NSA,S13,P51G,LV,2022-Q1,216.6
Q,MIO_EUR,NSA,S13,P51G,LV,2022-Q2,261.5
Q,MIO_EUR,NSA,S13,P51G,LV,2022-Q3,487.2
Q,MIO_EUR,NSA,S13,P51G,LV,2022-Q4,752.3
Q,MIO_EUR,NSA,S13,P51G,LV,2023-Q1,378.7
Q,MIO_EUR,NSA,S13,P51G,LV,2023-Q2,452.5
Q,MIO_EUR,NSA,S13,P51G,LV,2023-Q3,556.4
Q,MIO_EUR,NSA,S13,P51G,LV,2023-Q4,843.7
Q,MIO_EUR,NSA,S13,P51G,LV,2024-Q1,354.3
Q,MIO_EUR,NSA,S13,P51G,LV,2024-Q2,549.5
Q,MIO_EUR,NSA,S13,P51G,LV,2024-Q3,700.5
Q,MIO_EUR,NSA,S13,P51G,LV,2024-Q4,956.3
Q,MIO_EUR,NSA,S13,P51G,LV,2025-Q1,458.5
Q,MIO_EUR,NSA,S13,P51G,LV,2025-Q2,564
Q,MIO_EUR,NSA,S13,P51G,LV,2025-Q3,739.5
Q,MIO_EUR,NSA,S13,P51G,LV,2025-Q4,949.9
Q,MIO_EUR,NSA,S13,P51G,LV,2026-Q1,504.7
Q,MIO_EUR,NSA,S13,P51G,LT,1995-Q1,
Q,MIO_EUR,NSA,S13,P51G,LT,1995-Q2,
Q,MIO_EUR,NSA,S13,P51G,LT,1995-Q3,
Q,MIO_EUR,NSA,S13,P51G,LT,1995-Q4,
Q,MIO_EUR,NSA,S13,P51G,LT,1996-Q1,
Q,MIO_EUR,NSA,S13,P51G,LT,1996-Q2,
Q,MIO_EUR,NSA,S13,P51G,LT,1996-Q3,
Q,MIO_EUR,NSA,S13,P51G,LT,1996-Q4,
Q,MIO_EUR,NSA,S13,P51G,LT,1997-Q1,
Q,MIO_EUR,NSA,S13,P51G,LT,1997-Q2,
Q,MIO_EUR,NSA,S13,P51G,LT,1997-Q3,
Q,MIO_EUR,NSA,S13,P51G,LT,1997-Q4,
Q,MIO_EUR,NSA,S13,P51G,LT,1998-Q1,
Q,MIO_EUR,NSA,S13,P51G,LT,1998-Q2,
Q,MIO_EUR,NSA,S13,P51G,LT,1998-Q3,
Q,MIO_EUR,NSA,S13,P51G,LT,1998-Q4,
Q,MIO_EUR,NSA,S13,P51G,LT,1999-Q1,33.5
Q,MIO_EUR,NSA,S13,P51G,LT,1999-Q2,76.7
Q,MIO_EUR,NSA,S13,P51G,LT,1999-Q3,95.1
Q,MIO_EUR,NSA,S13,P51G,LT,1999-Q4,60.8
Q,MIO_EUR,NSA,S13,P51G,LT,2000-Q1,30.8
Q,MIO_EUR,NSA,S13,P51G,LT,2000-Q2,65.5
Q,MIO_EUR,NSA,S13,P51G,LT,2000-Q3,102.5
Q,MIO_EUR,NSA,S13,P51G,LT,2000-Q4,109.7
Q,MIO_EUR,NSA,S13,P51G,LT,2001-Q1,26.2
Q,MIO_EUR,NSA,S13,P51G,LT,2001-Q2,57.7
Q,MIO_EUR,NSA,S13,P51G,LT,2001-Q3,86.7
Q,MIO_EUR,NSA,S13,P51G,LT,2001-Q4,142.2
Q,MIO_EUR,NSA,S13,P51G,LT,2002-Q1,51.2
Q,MIO_EUR,NSA,S13,P51G,LT,2002-Q2,107.8
Q,MIO_EUR,NSA,S13,P51G,LT,2002-Q3,124
Q,MIO_EUR,NSA,S13,P51G,LT,2002-Q4,168.3
Q,MIO_EUR,NSA,S13,P51G,LT,2003-Q1,53.6
Q,MIO_EUR,NSA,S13,P51G,LT,2003-Q2,119.9
Q,MIO_EUR,NSA,S13,P51G,LT,2003-Q3,152.6
Q,MIO_EUR,NSA,S13,P51G,LT,2003-Q4,186.9
Q,MIO_EUR,NSA,S13,P51G,LT,2004-Q1,47.6
Q,MIO_EUR,NSA,S13,P51G,LT,2004-Q2,117.9
Q,MIO_EUR,NSA,S13,P51G,LT,2004-Q3,188
Q,MIO_EUR,NSA,S13,P51G,LT,2004-Q4,304.3
Q,MIO_EUR,NSA,S13,P51G,LT,2005-Q1,78.5
Q,MIO_EUR,NSA,S13,P51G,LT,2005-Q2,92.2
Q,MIO_EUR,NSA,S13,P51G,LT,2005-Q3,191.7
Q,MIO_EUR,NSA,S13,P51G,LT,2005-Q4,395
Q,MIO_EUR,NSA,S13,P51G,LT,2006-Q1,91.4
Q,MIO_EUR,NSA,S13,P51G,LT,2006-Q2,128.7
Q,MIO_EUR,NSA,S13,P51G,LT,2006-Q3,248.4
Q,MIO_EUR,NSA,S13,P51G,LT,2006-Q4,560.9
Q,MIO_EUR,NSA,S13,P51G,LT,2007-Q1,174.9
Q,MIO_EUR,NSA,S13,P51G,LT,2007-Q2,274.5
Q,MIO_EUR,NSA,S13,P51G,LT,2007-Q3,403.1
Q,MIO_EUR,NSA,S13,P51G,LT,2007-Q4,719.8
Q,MIO_EUR,NSA,S13,P51G,LT,2008-Q1,191.2
Q,MIO_EUR,NSA,S13,P51G,LT,2008-Q2,350.6
Q,MIO_EUR,NSA,S13,P51G,LT,2008-Q3,484.7
Q,MIO_EUR,NSA,S13,P51G,LT,2008-Q4,732.7
Q,MIO_EUR,NSA,S13,P51G,LT,2009-Q1,275
Q,MIO_EUR,NSA,S13,P51G,LT,2009-Q2,255.4
Q,MIO_EUR,NSA,S13,P51G,LT,2009-Q3,251.9
Q,MIO_EUR,NSA,S13,P51G,LT,2009-Q4,406.8
Q,MIO_EUR,NSA,S13,P51G,LT,2010-Q1,228.5
Q,MIO_EUR,NSA,S13,P51G,LT,2010-Q2,209.4
Q,MIO_EUR,NSA,S13,P51G,LT,2010-Q3,322.3
Q,MIO_EUR,NSA,S13,P51G,LT,2010-Q4,634
Q,MIO_EUR,NSA,S13,P51G,LT,2011-Q1,231.8
Q,MIO_EUR,NSA,S13,P51G,LT,2011-Q2,315.1
Q,MIO_EUR,NSA,S13,P51G,LT,2011-Q3,369.7
Q,MIO_EUR,NSA,S13,P51G,LT,2011-Q4,626.5
Q,MIO_EUR,NSA,S13,P51G,LT,2012-Q1,222.3
Q,MIO_EUR,NSA,S13,P51G,LT,2012-Q2,254.1
Q,MIO_EUR,NSA,S13,P51G,LT,2012-Q3,329.4
Q,MIO_EUR,NSA,S13,P51G,LT,2012-Q4,577.5
Q,MIO_EUR,NSA,S13,P51G,LT,2013-Q1,196.1
Q,MIO_EUR,NSA,S13,P51G,LT,2013-Q2,268.2
Q,MIO_EUR,NSA,S13,P51G,LT,2013-Q3,375.7
Q,MIO_EUR,NSA,S13,P51G,LT,2013-Q4,530.3
Q,MIO_EUR,NSA,S13,P51G,LT,2014-Q1,199.7
Q,MIO_EUR,NSA,S13,P51G,LT,2014-Q2,271.3
Q,MIO_EUR,NSA,S13,P51G,LT,2014-Q3,357.7
Q,MIO_EUR,NSA,S13,P51G,LT,2014-Q4,519.8
Q,MIO_EUR,NSA,S13,P51G,LT,2015-Q1,233.6
Q,MIO_EUR,NSA,S13,P51G,LT,2015-Q2,288
Q,MIO_EUR,NSA,S13,P51G,LT,2015-Q3,373.5
Q,MIO_EUR,NSA,S13,P51G,LT,2015-Q4,535.9
Q,MIO_EUR,NSA,S13,P51G,LT,2016-Q1,115.7
Q,MIO_EUR,NSA,S13,P51G,LT,2016-Q2,222.7
Q,MIO_EUR,NSA,S13,P51G,LT,2016-Q3,305.7
Q,MIO_EUR,NSA,S13,P51G,LT,2016-Q4,591.2
Q,MIO_EUR,NSA,S13,P51G,LT,2017-Q1,150.6
Q,MIO_EUR,NSA,S13,P51G,LT,2017-Q2,236.6
Q,MIO_EUR,NSA,S13,P51G,LT,2017-Q3,351.5
Q,MIO_EUR,NSA,S13,P51G,LT,2017-Q4,683
Q,MIO_EUR,NSA,S13,P51G,LT,2018-Q1,140.5
Q,MIO_EUR,NSA,S13,P51G,LT,2018-Q2,230.7
Q,MIO_EUR,NSA,S13,P51G,LT,2018-Q3,370.7
Q,MIO_EUR,NSA,S13,P51G,LT,2018-Q4,762.9
Q,MIO_EUR,NSA,S13,P51G,LT,2019-Q1,174
Q,MIO_EUR,NSA,S13,P51G,LT,2019-Q2,281.1
Q,MIO_EUR,NSA,S13,P51G,LT,2019-Q3,368.6
Q,MIO_EUR,NSA,S13,P51G,LT,2019-Q4,730.2
Q,MIO_EUR,NSA,S13,P51G,LT,2020-Q1,231.1
Q,MIO_EUR,NSA,S13,P51G,LT,2020-Q2,395.1
Q,MIO_EUR,NSA,S13,P51G,LT,2020-Q3,467.4
Q,MIO_EUR,NSA,S13,P51G,LT,2020-Q4,1168.7
Q,MIO_EUR,NSA,S13,P51G,LT,2021-Q1,194.5
Q,MIO_EUR,NSA,S13,P51G,LT,2021-Q2,422.3
Q,MIO_EUR,NSA,S13,P51G,LT,2021-Q3,406
Q,MIO_EUR,NSA,S13,P51G,LT,2021-Q4,780.9
Q,MIO_EUR,NSA,S13,P51G,LT,2022-Q1,359.9
Q,MIO_EUR,NSA,S13,P51G,LT,2022-Q2,364.7
Q,MIO_EUR,NSA,S13,P51G,LT,2022-Q3,483
Q,MIO_EUR,NSA,S13,P51G,LT,2022-Q4,931.2
Q,MIO_EUR,NSA,S13,P51G,LT,2023-Q1,341.3
Q,MIO_EUR,NSA,S13,P51G,LT,2023-Q2,612.6
Q,MIO_EUR,NSA,S13,P51G,LT,2023-Q3,673.3
Q,MIO_EUR,NSA,S13,P51G,LT,2023-Q4,1473.5
Q,MIO_EUR,NSA,S13,P51G,LT,2024-Q1,474.6
Q,MIO_EUR,NSA,S13,P51G,LT,2024-Q2,723.7
Q,MIO_EUR,NSA,S13,P51G,LT,2024-Q3,748
Q,MIO_EUR,NSA,S13,P51G,LT,2024-Q4,1380.2
Q,MIO_EUR,NSA,S13,P51G,LT,2025-Q1,458.3
Q,MIO_EUR,NSA,S13,P51G,LT,2025-Q2,778.4
Q,MIO_EUR,NSA,S13,P51G,LT,2025-Q3,649.2
Q,MIO_EUR,NSA,S13,P51G,LT,2025-Q4,1561.1
Q,MIO_EUR,NSA,S13,P51G,LT,2026-Q1,409.6
Q,MIO_EUR,NSA,S13,P51G,LU,1995-Q1,
Q,MIO_EUR,NSA,S13,P51G,LU,1995-Q2,
Q,MIO_EUR,NSA,S13,P51G,LU,1995-Q3,
Q,MIO_EUR,NSA,S13,P51G,LU,1995-Q4,
Q,MIO_EUR,NSA,S13,P51G,LU,1996-Q1,
Q,MIO_EUR,NSA,S13,P51G,LU,1996-Q2,
Q,MIO_EUR,NSA,S13,P51G,LU,1996-Q3,
Q,MIO_EUR,NSA,S13,P51G,LU,1996-Q4,
Q,MIO_EUR,NSA,S13,P51G,LU,1997-Q1,
Q,MIO_EUR,NSA,S13,P51G,LU,1997-Q2,
Q,MIO_EUR,NSA,S13,P51G,LU,1997-Q3,
Q,MIO_EUR,NSA,S13,P51G,LU,1997-Q4,
Q,MIO_EUR,NSA,S13,P51G,LU,1998-Q1,
Q,MIO_EUR,NSA,S13,P51G,LU,1998-Q2,
Q,MIO_EUR,NSA,S13,P51G,LU,1998-Q3,
Q,MIO_EUR,NSA,S13,P51G,LU,1998-Q4,
Q,MIO_EUR,NSA,S13,P51G,LU,1999-Q1,
Q,MIO_EUR,NSA,S13,P51G,LU,1999-Q2,
Q,MIO_EUR,NSA,S13,P51G,LU,1999-Q3,
Q,MIO_EUR,NSA,S13,P51G,LU,1999-Q4,
Q,MIO_EUR,NSA,S13,P51G,LU,2000-Q1,
Q,MIO_EUR,NSA,S13,P51G,LU,2000-Q2,
Q,MIO_EUR,NSA,S13,P51G,LU,2000-Q3,
Q,MIO_EUR,NSA,S13,P51G,LU,2000-Q4,
Q,MIO_EUR,NSA,S13,P51G,LU,2001-Q1,
Q,MIO_EUR,NSA,S13,P51G,LU,2001-Q2,
Q,MIO_EUR,NSA,S13,P51G,LU,2001-Q3,
Q,MIO_EUR,NSA,S13,P51G,LU,2001-Q4,
Q,MIO_EUR,NSA,S13,P51G,LU,2002-Q1,211
Q,MIO_EUR,NSA,S13,P51G,LU,2002-Q2,265.2
Q,MIO_EUR,NSA,S13,P51G,LU,2002-Q3,299.8
Q,MIO_EUR,NSA,S13,P51G,LU,2002-Q4,506.6
Q,MIO_EUR,NSA,S13,P51G,LU,2003-Q1,241.5
Q,MIO_EUR,NSA,S13,P51G,LU,2003-Q2,282.5
Q,MIO_EUR,NSA,S13,P51G,LU,2003-Q3,315.7
Q,MIO_EUR,NSA,S13,P51G,LU,2003-Q4,514.8
Q,MIO_EUR,NSA,S13,P51G,LU,2004-Q1,154.9
Q,MIO_EUR,NSA,S13,P51G,LU,2004-Q2,340.4
Q,MIO_EUR,NSA,S13,P51G,LU,2004-Q3,373.5
Q,MIO_EUR,NSA,S13,P51G,LU,2004-Q4,579.6
Q,MIO_EUR,NSA,S13,P51G,LU,2005-Q1,253.1
Q,MIO_EUR,NSA,S13,P51G,LU,2005-Q2,309.9
Q,MIO_EUR,NSA,S13,P51G,LU,2005-Q3,412.9
Q,MIO_EUR,NSA,S13,P51G,LU,2005-Q4,678.4
Q,MIO_EUR,NSA,S13,P51G,LU,2006-Q1,216
Q,MIO_EUR,NSA,S13,P51G,LU,2006-Q2,236.2
Q,MIO_EUR,NSA,S13,P51G,LU,2006-Q3,322.2
Q,MIO_EUR,NSA,S13,P51G,LU,2006-Q4,470.8
Q,MIO_EUR,NSA,S13,P51G,LU,2007-Q1,282.6
Q,MIO_EUR,NSA,S13,P51G,LU,2007-Q2,323.4
Q,MIO_EUR,NSA,S13,P51G,LU,2007-Q3,315
Q,MIO_EUR,NSA,S13,P51G,LU,2007-Q4,503.5
Q,MIO_EUR,NSA,S13,P51G,LU,2008-Q1,274.7
Q,MIO_EUR,NSA,S13,P51G,LU,2008-Q2,356.5
Q,MIO_EUR,NSA,S13,P51G,LU,2008-Q3,368.9
Q,MIO_EUR,NSA,S13,P51G,LU,2008-Q4,477.5
Q,MIO_EUR,NSA,S13,P51G,LU,2009-Q1,370.3
Q,MIO_EUR,NSA,S13,P51G,LU,2009-Q2,368.4
Q,MIO_EUR,NSA,S13,P51G,LU,2009-Q3,442
Q,MIO_EUR,NSA,S13,P51G,LU,2009-Q4,476.9
Q,MIO_EUR,NSA,S13,P51G,LU,2010-Q1,350.4
Q,MIO_EUR,NSA,S13,P51G,LU,2010-Q2,402.1
Q,MIO_EUR,NSA,S13,P51G,LU,2010-Q3,545.8
Q,MIO_EUR,NSA,S13,P51G,LU,2010-Q4,674
Q,MIO_EUR,NSA,S13,P51G,LU,2011-Q1,403.9
Q,MIO_EUR,NSA,S13,P51G,LU,2011-Q2,405.3
Q,MIO_EUR,NSA,S13,P51G,LU,2011-Q3,443.3
Q,MIO_EUR,NSA,S13,P51G,LU,2011-Q4,605.1
Q,MIO_EUR,NSA,S13,P51G,LU,2012-Q1,325.8
Q,MIO_EUR,NSA,S13,P51G,LU,2012-Q2,412.5
Q,MIO_EUR,NSA,S13,P51G,LU,2012-Q3,419.4
Q,MIO_EUR,NSA,S13,P51G,LU,2012-Q4,663.3
Q,MIO_EUR,NSA,S13,P51G,LU,2013-Q1,376
Q,MIO_EUR,NSA,S13,P51G,LU,2013-Q2,354.8
Q,MIO_EUR,NSA,S13,P51G,LU,2013-Q3,405.1
Q,MIO_EUR,NSA,S13,P51G,LU,2013-Q4,570.3
Q,MIO_EUR,NSA,S13,P51G,LU,2014-Q1,404.2
Q,MIO_EUR,NSA,S13,P51G,LU,2014-Q2,352
Q,MIO_EUR,NSA,S13,P51G,LU,2014-Q3,449.7
Q,MIO_EUR,NSA,S13,P51G,LU,2014-Q4,686.8
Q,MIO_EUR,NSA,S13,P51G,LU,2015-Q1,356
Q,MIO_EUR,NSA,S13,P51G,LU,2015-Q2,419.9
Q,MIO_EUR,NSA,S13,P51G,LU,2015-Q3,519.6
Q,MIO_EUR,NSA,S13,P51G,LU,2015-Q4,795.5
Q,MIO_EUR,NSA,S13,P51G,LU,2016-Q1,433.2
Q,MIO_EUR,NSA,S13,P51G,LU,2016-Q2,471.1
Q,MIO_EUR,NSA,S13,P51G,LU,2016-Q3,539.6
Q,MIO_EUR,NSA,S13,P51G,LU,2016-Q4,696.6
Q,MIO_EUR,NSA,S13,P51G,LU,2017-Q1,487.9
Q,MIO_EUR,NSA,S13,P51G,LU,2017-Q2,496.1
Q,MIO_EUR,NSA,S13,P51G,LU,2017-Q3,627.3
Q,MIO_EUR,NSA,S13,P51G,LU,2017-Q4,737.1
Q,MIO_EUR,NSA,S13,P51G,LU,2018-Q1,454.6
Q,MIO_EUR,NSA,S13,P51G,LU,2018-Q2,473.2
Q,MIO_EUR,NSA,S13,P51G,LU,2018-Q3,629.8
Q,MIO_EUR,NSA,S13,P51G,LU,2018-Q4,789.8
Q,MIO_EUR,NSA,S13,P51G,LU,2019-Q1,263.2
Q,MIO_EUR,NSA,S13,P51G,LU,2019-Q2,506.2
Q,MIO_EUR,NSA,S13,P51G,LU,2019-Q3,670.7
Q,MIO_EUR,NSA,S13,P51G,LU,2019-Q4,1131
Q,MIO_EUR,NSA,S13,P51G,LU,2020-Q1,262.2
Q,MIO_EUR,NSA,S13,P51G,LU,2020-Q2,628
Q,MIO_EUR,NSA,S13,P51G,LU,2020-Q3,901.5
Q,MIO_EUR,NSA,S13,P51G,LU,2020-Q4,1229.9
Q,MIO_EUR,NSA,S13,P51G,LU,2021-Q1,293.7
Q,MIO_EUR,NSA,S13,P51G,LU,2021-Q2,629.6
Q,MIO_EUR,NSA,S13,P51G,LU,2021-Q3,765.8
Q,MIO_EUR,NSA,S13,P51G,LU,2021-Q4,1270.1
Q,MIO_EUR,NSA,S13,P51G,LU,2022-Q1,377.7
Q,MIO_EUR,NSA,S13,P51G,LU,2022-Q2,703.6
Q,MIO_EUR,NSA,S13,P51G,LU,2022-Q3,774.5
Q,MIO_EUR,NSA,S13,P51G,LU,2022-Q4,1435.2
Q,MIO_EUR,NSA,S13,P51G,LU,2023-Q1,486.9
Q,MIO_EUR,NSA,S13,P51G,LU,2023-Q2,806.7
Q,MIO_EUR,NSA,S13,P51G,LU,2023-Q3,846.1
Q,MIO_EUR,NSA,S13,P51G,LU,2023-Q4,1697.7
Q,MIO_EUR,NSA,S13,P51G,LU,2024-Q1,412.1
Q,MIO_EUR,NSA,S13,P51G,LU,2024-Q2,734.1
Q,MIO_EUR,NSA,S13,P51G,LU,2024-Q3,945.4
Q,MIO_EUR,NSA,S13,P51G,LU,2024-Q4,1926.4
Q,MIO_EUR,NSA,S13,P51G,LU,2025-Q1,441.2
Q,MIO_EUR,NSA,S13,P51G,LU,2025-Q2,807.7
Q,MIO_EUR,NSA,S13,P51G,LU,2025-Q3,1216.1
Q,MIO_EUR,NSA,S13,P51G,LU,2025-Q4,2046.6
Q,MIO_EUR,NSA,S13,P51G,LU,2026-Q1,594.3
Q,MIO_EUR,NSA,S13,P51G,HU,1995-Q1,
Q,MIO_EUR,NSA,S13,P51G,HU,1995-Q2,
Q,MIO_EUR,NSA,S13,P51G,HU,1995-Q3,
Q,MIO_EUR,NSA,S13,P51G,HU,1995-Q4,
Q,MIO_EUR,NSA,S13,P51G,HU,1996-Q1,
Q,MIO_EUR,NSA,S13,P51G,HU,1996-Q2,
Q,MIO_EUR,NSA,S13,P51G,HU,1996-Q3,
Q,MIO_EUR,NSA,S13,P51G,HU,1996-Q4,
Q,MIO_EUR,NSA,S13,P51G,HU,1997-Q1,
Q,MIO_EUR,NSA,S13,P51G,HU,1997-Q2,
Q,MIO_EUR,NSA,S13,P51G,HU,1997-Q3,
Q,MIO_EUR,NSA,S13,P51G,HU,1997-Q4,
Q,MIO_EUR,NSA,S13,P51G,HU,1998-Q1,
Q,MIO_EUR,NSA,S13,P51G,HU,1998-Q2,
Q,MIO_EUR,NSA,S13,P51G,HU,1998-Q3,
Q,MIO_EUR,NSA,S13,P51G,HU,1998-Q4,
Q,MIO_EUR,NSA,S13,P51G,HU,1999-Q1,319.1
Q,MIO_EUR,NSA,S13,P51G,HU,1999-Q2,309.8
Q,MIO_EUR,NSA,S13,P51G,HU,1999-Q3,364.5
Q,MIO_EUR,NSA,S13,P51G,HU,1999-Q4,552.4
Q,MIO_EUR,NSA,S13,P51G,HU,2000-Q1,323.4
Q,MIO_EUR,NSA,S13,P51G,HU,2000-Q2,371.9
Q,MIO_EUR,NSA,S13,P51G,HU,2000-Q3,470.6
Q,MIO_EUR,NSA,S13,P51G,HU,2000-Q4,653.7
Q,MIO_EUR,NSA,S13,P51G,HU,2001-Q1,292.4
Q,MIO_EUR,NSA,S13,P51G,HU,2001-Q2,366.3
Q,MIO_EUR,NSA,S13,P51G,HU,2001-Q3,597.2
Q,MIO_EUR,NSA,S13,P51G,HU,2001-Q4,1118.3
Q,MIO_EUR,NSA,S13,P51G,HU,2002-Q1,585.7
Q,MIO_EUR,NSA,S13,P51G,HU,2002-Q2,713.8
Q,MIO_EUR,NSA,S13,P51G,HU,2002-Q3,875.2
Q,MIO_EUR,NSA,S13,P51G,HU,2002-Q4,1517.8
Q,MIO_EUR,NSA,S13,P51G,HU,2003-Q1,444.8
Q,MIO_EUR,NSA,S13,P51G,HU,2003-Q2,603.7
Q,MIO_EUR,NSA,S13,P51G,HU,2003-Q3,711.1
Q,MIO_EUR,NSA,S13,P51G,HU,2003-Q4,1067.6
Q,MIO_EUR,NSA,S13,P51G,HU,2004-Q1,569.5
Q,MIO_EUR,NSA,S13,P51G,HU,2004-Q2,705.2
Q,MIO_EUR,NSA,S13,P51G,HU,2004-Q3,922.7
Q,MIO_EUR,NSA,S13,P51G,HU,2004-Q4,994.8
Q,MIO_EUR,NSA,S13,P51G,HU,2005-Q1,689
Q,MIO_EUR,NSA,S13,P51G,HU,2005-Q2,831.2
Q,MIO_EUR,NSA,S13,P51G,HU,2005-Q3,970
Q,MIO_EUR,NSA,S13,P51G,HU,2005-Q4,1285
Q,MIO_EUR,NSA,S13,P51G,HU,2006-Q1,1012
Q,MIO_EUR,NSA,S13,P51G,HU,2006-Q2,1072.1
Q,MIO_EUR,NSA,S13,P51G,HU,2006-Q3,1066.6
Q,MIO_EUR,NSA,S13,P51G,HU,2006-Q4,1563.2
Q,MIO_EUR,NSA,S13,P51G,HU,2007-Q1,959.8
Q,MIO_EUR,NSA,S13,P51G,HU,2007-Q2,1029.9
Q,MIO_EUR,NSA,S13,P51G,HU,2007-Q3,943.1
Q,MIO_EUR,NSA,S13,P51G,HU,2007-Q4,1393.9
Q,MIO_EUR,NSA,S13,P51G,HU,2008-Q1,472.2
Q,MIO_EUR,NSA,S13,P51G,HU,2008-Q2,848.1
Q,MIO_EUR,NSA,S13,P51G,HU,2008-Q3,835.6
Q,MIO_EUR,NSA,S13,P51G,HU,2008-Q4,1286.8
Q,MIO_EUR,NSA,S13,P51G,HU,2009-Q1,380.7
Q,MIO_EUR,NSA,S13,P51G,HU,2009-Q2,722.2
Q,MIO_EUR,NSA,S13,P51G,HU,2009-Q3,842.7
Q,MIO_EUR,NSA,S13,P51G,HU,2009-Q4,1322.2
Q,MIO_EUR,NSA,S13,P51G,HU,2010-Q1,442.1
Q,MIO_EUR,NSA,S13,P51G,HU,2010-Q2,841.7
Q,MIO_EUR,NSA,S13,P51G,HU,2010-Q3,968.7
Q,MIO_EUR,NSA,S13,P51G,HU,2010-Q4,1348.8
Q,MIO_EUR,NSA,S13,P51G,HU,2011-Q1,485.7
Q,MIO_EUR,NSA,S13,P51G,HU,2011-Q2,853.1
Q,MIO_EUR,NSA,S13,P51G,HU,2011-Q3,888.1
Q,MIO_EUR,NSA,S13,P51G,HU,2011-Q4,1126
Q,MIO_EUR,NSA,S13,P51G,HU,2012-Q1,394.3
Q,MIO_EUR,NSA,S13,P51G,HU,2012-Q2,742.2
Q,MIO_EUR,NSA,S13,P51G,HU,2012-Q3,861
Q,MIO_EUR,NSA,S13,P51G,HU,2012-Q4,1738.4
Q,MIO_EUR,NSA,S13,P51G,HU,2013-Q1,421.8
Q,MIO_EUR,NSA,S13,P51G,HU,2013-Q2,1051.6
Q,MIO_EUR,NSA,S13,P51G,HU,2013-Q3,1094.3
Q,MIO_EUR,NSA,S13,P51G,HU,2013-Q4,1881.4
Q,MIO_EUR,NSA,S13,P51G,HU,2014-Q1,683.1
Q,MIO_EUR,NSA,S13,P51G,HU,2014-Q2,1215.9
Q,MIO_EUR,NSA,S13,P51G,HU,2014-Q3,1512.9
Q,MIO_EUR,NSA,S13,P51G,HU,2014-Q4,2244.9
Q,MIO_EUR,NSA,S13,P51G,HU,2015-Q1,760.3
Q,MIO_EUR,NSA,S13,P51G,HU,2015-Q2,1732.5
Q,MIO_EUR,NSA,S13,P51G,HU,2015-Q3,1627.7
Q,MIO_EUR,NSA,S13,P51G,HU,2015-Q4,3218.1
Q,MIO_EUR,NSA,S13,P51G,HU,2016-Q1,468.6
Q,MIO_EUR,NSA,S13,P51G,HU,2016-Q2,700.4
Q,MIO_EUR,NSA,S13,P51G,HU,2016-Q3,992.5
Q,MIO_EUR,NSA,S13,P51G,HU,2016-Q4,1515.1
Q,MIO_EUR,NSA,S13,P51G,HU,2017-Q1,777.2
Q,MIO_EUR,NSA,S13,P51G,HU,2017-Q2,1409.7
Q,MIO_EUR,NSA,S13,P51G,HU,2017-Q3,1440.2
Q,MIO_EUR,NSA,S13,P51G,HU,2017-Q4,2126.8
Q,MIO_EUR,NSA,S13,P51G,HU,2018-Q1,967.2
Q,MIO_EUR,NSA,S13,P51G,HU,2018-Q2,1831.1
Q,MIO_EUR,NSA,S13,P51G,HU,2018-Q3,2272.2
Q,MIO_EUR,NSA,S13,P51G,HU,2018-Q4,2779.1
Q,MIO_EUR,NSA,S13,P51G,HU,2019-Q1,1210.4
Q,MIO_EUR,NSA,S13,P51G,HU,2019-Q2,2317.8
Q,MIO_EUR,NSA,S13,P51G,HU,2019-Q3,2539.7
Q,MIO_EUR,NSA,S13,P51G,HU,2019-Q4,3061.7
Q,MIO_EUR,NSA,S13,P51G,HU,2020-Q1,1173.6
Q,MIO_EUR,NSA,S13,P51G,HU,2020-Q2,2273.7
Q,MIO_EUR,NSA,S13,P51G,HU,2020-Q3,2194.7
Q,MIO_EUR,NSA,S13,P51G,HU,2020-Q4,3206.3
Q,MIO_EUR,NSA,S13,P51G,HU,2021-Q1,1135.6
Q,MIO_EUR,NSA,S13,P51G,HU,2021-Q2,2256
Q,MIO_EUR,NSA,S13,P51G,HU,2021-Q3,2563.4
Q,MIO_EUR,NSA,S13,P51G,HU,2021-Q4,3688.9
Q,MIO_EUR,NSA,S13,P51G,HU,2022-Q1,1281.3
Q,MIO_EUR,NSA,S13,P51G,HU,2022-Q2,2291
Q,MIO_EUR,NSA,S13,P51G,HU,2022-Q3,2182.4
Q,MIO_EUR,NSA,S13,P51G,HU,2022-Q4,3127.9
Q,MIO_EUR,NSA,S13,P51G,HU,2023-Q1,1143.2
Q,MIO_EUR,NSA,S13,P51G,HU,2023-Q2,2031.2
Q,MIO_EUR,NSA,S13,P51G,HU,2023-Q3,2534
Q,MIO_EUR,NSA,S13,P51G,HU,2023-Q4,4857.8
Q,MIO_EUR,NSA,S13,P51G,HU,2024-Q1,1142.6
Q,MIO_EUR,NSA,S13,P51G,HU,2024-Q2,1712.1
Q,MIO_EUR,NSA,S13,P51G,HU,2024-Q3,2151.7
Q,MIO_EUR,NSA,S13,P51G,HU,2024-Q4,3916.7
Q,MIO_EUR,NSA,S13,P51G,HU,2025-Q1,1266.5
Q,MIO_EUR,NSA,S13,P51G,HU,2025-Q2,2080.6
Q,MIO_EUR,NSA,S13,P51G,HU,2025-Q3,1800.7
Q,MIO_EUR,NSA,S13,P51G,HU,2025-Q4,3221
Q,MIO_EUR,NSA,S13,P51G,HU,2026-Q1,986
Q,MIO_EUR,NSA,S13,P51G,MT,1995-Q1,
Q,MIO_EUR,NSA,S13,P51G,MT,1995-Q2,
Q,MIO_EUR,NSA,S13,P51G,MT,1995-Q3,
Q,MIO_EUR,NSA,S13,P51G,MT,1995-Q4,
Q,MIO_EUR,NSA,S13,P51G,MT,1996-Q1,
Q,MIO_EUR,NSA,S13,P51G,MT,1996-Q2,
Q,MIO_EUR,NSA,S13,P51G,MT,1996-Q3,
Q,MIO_EUR,NSA,S13,P51G,MT,1996-Q4,
Q,MIO_EUR,NSA,S13,P51G,MT,1997-Q1,
Q,MIO_EUR,NSA,S13,P51G,MT,1997-Q2,
Q,MIO_EUR,NSA,S13,P51G,MT,1997-Q3,
Q,MIO_EUR,NSA,S13,P51G,MT,1997-Q4,
Q,MIO_EUR,NSA,S13,P51G,MT,1998-Q1,
Q,MIO_EUR,NSA,S13,P51G,MT,1998-Q2,
Q,MIO_EUR,NSA,S13,P51G,MT,1998-Q3,
Q,MIO_EUR,NSA,S13,P51G,MT,1998-Q4,
Q,MIO_EUR,NSA,S13,P51G,MT,1999-Q1,28.8
Q,MIO_EUR,NSA,S13,P51G,MT,1999-Q2,33.5
Q,MIO_EUR,NSA,S13,P51G,MT,1999-Q3,33.8
Q,MIO_EUR,NSA,S13,P51G,MT,1999-Q4,76.6
Q,MIO_EUR,NSA,S13,P51G,MT,2000-Q1,26
Q,MIO_EUR,NSA,S13,P51G,MT,2000-Q2,36.5
Q,MIO_EUR,NSA,S13,P51G,MT,2000-Q3,38.2
Q,MIO_EUR,NSA,S13,P51G,MT,2000-Q4,69.6
Q,MIO_EUR,NSA,S13,P51G,MT,2001-Q1,35.9
Q,MIO_EUR,NSA,S13,P51G,MT,2001-Q2,31.2
Q,MIO_EUR,NSA,S13,P51G,MT,2001-Q3,37.9
Q,MIO_EUR,NSA,S13,P51G,MT,2001-Q4,54.3
Q,MIO_EUR,NSA,S13,P51G,MT,2002-Q1,38.1
Q,MIO_EUR,NSA,S13,P51G,MT,2002-Q2,48.2
Q,MIO_EUR,NSA,S13,P51G,MT,2002-Q3,43.4
Q,MIO_EUR,NSA,S13,P51G,MT,2002-Q4,64.1
Q,MIO_EUR,NSA,S13,P51G,MT,2003-Q1,61.6
Q,MIO_EUR,NSA,S13,P51G,MT,2003-Q2,49.7
Q,MIO_EUR,NSA,S13,P51G,MT,2003-Q3,50.8
Q,MIO_EUR,NSA,S13,P51G,MT,2003-Q4,55.2
Q,MIO_EUR,NSA,S13,P51G,MT,2004-Q1,42.9
Q,MIO_EUR,NSA,S13,P51G,MT,2004-Q2,40.5
Q,MIO_EUR,NSA,S13,P51G,MT,2004-Q3,52.5
Q,MIO_EUR,NSA,S13,P51G,MT,2004-Q4,46.7
Q,MIO_EUR,NSA,S13,P51G,MT,2005-Q1,48.4
Q,MIO_EUR,NSA,S13,P51G,MT,2005-Q2,62.2
Q,MIO_EUR,NSA,S13,P51G,MT,2005-Q3,52.2
Q,MIO_EUR,NSA,S13,P51G,MT,2005-Q4,71.6
Q,MIO_EUR,NSA,S13,P51G,MT,2006-Q1,57
Q,MIO_EUR,NSA,S13,P51G,MT,2006-Q2,35
Q,MIO_EUR,NSA,S13,P51G,MT,2006-Q3,49.3
Q,MIO_EUR,NSA,S13,P51G,MT,2006-Q4,73.2
Q,MIO_EUR,NSA,S13,P51G,MT,2007-Q1,53.3
Q,MIO_EUR,NSA,S13,P51G,MT,2007-Q2,72.1
Q,MIO_EUR,NSA,S13,P51G,MT,2007-Q3,34.7
Q,MIO_EUR,NSA,S13,P51G,MT,2007-Q4,57.3
Q,MIO_EUR,NSA,S13,P51G,MT,2008-Q1,51.2
Q,MIO_EUR,NSA,S13,P51G,MT,2008-Q2,32.7
Q,MIO_EUR,NSA,S13,P51G,MT,2008-Q3,34.4
Q,MIO_EUR,NSA,S13,P51G,MT,2008-Q4,35.3
Q,MIO_EUR,NSA,S13,P51G,MT,2009-Q1,36.3
Q,MIO_EUR,NSA,S13,P51G,MT,2009-Q2,32
Q,MIO_EUR,NSA,S13,P51G,MT,2009-Q3,34.1
Q,MIO_EUR,NSA,S13,P51G,MT,2009-Q4,46.5
Q,MIO_EUR,NSA,S13,P51G,MT,2010-Q1,39.1
Q,MIO_EUR,NSA,S13,P51G,MT,2010-Q2,20.1
Q,MIO_EUR,NSA,S13,P51G,MT,2010-Q3,25.4
Q,MIO_EUR,NSA,S13,P51G,MT,2010-Q4,65.7
Q,MIO_EUR,NSA,S13,P51G,MT,2011-Q1,45.2
Q,MIO_EUR,NSA,S13,P51G,MT,2011-Q2,46
Q,MIO_EUR,NSA,S13,P51G,MT,2011-Q3,53.3
Q,MIO_EUR,NSA,S13,P51G,MT,2011-Q4,57
Q,MIO_EUR,NSA,S13,P51G,MT,2012-Q1,44.4
Q,MIO_EUR,NSA,S13,P51G,MT,2012-Q2,64.6
Q,MIO_EUR,NSA,S13,P51G,MT,2012-Q3,55.2
Q,MIO_EUR,NSA,S13,P51G,MT,2012-Q4,85.2
Q,MIO_EUR,NSA,S13,P51G,MT,2013-Q1,49.2
Q,MIO_EUR,NSA,S13,P51G,MT,2013-Q2,50.7
Q,MIO_EUR,NSA,S13,P51G,MT,2013-Q3,58.5
Q,MIO_EUR,NSA,S13,P51G,MT,2013-Q4,68.4
Q,MIO_EUR,NSA,S13,P51G,MT,2014-Q1,64.1
Q,MIO_EUR,NSA,S13,P51G,MT,2014-Q2,62.7
Q,MIO_EUR,NSA,S13,P51G,MT,2014-Q3,73.5
Q,MIO_EUR,NSA,S13,P51G,MT,2014-Q4,106.7
Q,MIO_EUR,NSA,S13,P51G,MT,2015-Q1,78.6
Q,MIO_EUR,NSA,S13,P51G,MT,2015-Q2,100.5
Q,MIO_EUR,NSA,S13,P51G,MT,2015-Q3,92.1
Q,MIO_EUR,NSA,S13,P51G,MT,2015-Q4,141.4
Q,MIO_EUR,NSA,S13,P51G,MT,2016-Q1,63.7
Q,MIO_EUR,NSA,S13,P51G,MT,2016-Q2,46.9
Q,MIO_EUR,NSA,S13,P51G,MT,2016-Q3,60.3
Q,MIO_EUR,NSA,S13,P51G,MT,2016-Q4,100.2
Q,MIO_EUR,NSA,S13,P51G,MT,2017-Q1,53.4
Q,MIO_EUR,NSA,S13,P51G,MT,2017-Q2,70.1
Q,MIO_EUR,NSA,S13,P51G,MT,2017-Q3,64.3
Q,MIO_EUR,NSA,S13,P51G,MT,2017-Q4,99
Q,MIO_EUR,NSA,S13,P51G,MT,2018-Q1,65
Q,MIO_EUR,NSA,S13,P51G,MT,2018-Q2,81.2
Q,MIO_EUR,NSA,S13,P51G,MT,2018-Q3,111.9
Q,MIO_EUR,NSA,S13,P51G,MT,2018-Q4,183.7
Q,MIO_EUR,NSA,S13,P51G,MT,2019-Q1,117.3
Q,MIO_EUR,NSA,S13,P51G,MT,2019-Q2,147.9
Q,MIO_EUR,NSA,S13,P51G,MT,2019-Q3,95.4
Q,MIO_EUR,NSA,S13,P51G,MT,2019-Q4,143.2
Q,MIO_EUR,NSA,S13,P51G,MT,2020-Q1,115.7
Q,MIO_EUR,NSA,S13,P51G,MT,2020-Q2,135
Q,MIO_EUR,NSA,S13,P51G,MT,2020-Q3,114.8
Q,MIO_EUR,NSA,S13,P51G,MT,2020-Q4,161.5
Q,MIO_EUR,NSA,S13,P51G,MT,2021-Q1,119.6
Q,MIO_EUR,NSA,S13,P51G,MT,2021-Q2,143.3
Q,MIO_EUR,NSA,S13,P51G,MT,2021-Q3,153.4
Q,MIO_EUR,NSA,S13,P51G,MT,2021-Q4,189.7
Q,MIO_EUR,NSA,S13,P51G,MT,2022-Q1,108.5
Q,MIO_EUR,NSA,S13,P51G,MT,2022-Q2,136.7
Q,MIO_EUR,NSA,S13,P51G,MT,2022-Q3,132.8
Q,MIO_EUR,NSA,S13,P51G,MT,2022-Q4,213
Q,MIO_EUR,NSA,S13,P51G,MT,2023-Q1,119.4
Q,MIO_EUR,NSA,S13,P51G,MT,2023-Q2,171.9
Q,MIO_EUR,NSA,S13,P51G,MT,2023-Q3,167.4
Q,MIO_EUR,NSA,S13,P51G,MT,2023-Q4,278.1
Q,MIO_EUR,NSA,S13,P51G,MT,2024-Q1,134.4
Q,MIO_EUR,NSA,S13,P51G,MT,2024-Q2,166.2
Q,MIO_EUR,NSA,S13,P51G,MT,2024-Q3,200.4
Q,MIO_EUR,NSA,S13,P51G,MT,2024-Q4,242.7
Q,MIO_EUR,NSA,S13,P51G,MT,2025-Q1,115.6
Q,MIO_EUR,NSA,S13,P51G,MT,2025-Q2,204.2
Q,MIO_EUR,NSA,S13,P51G,MT,2025-Q3,168.1
Q,MIO_EUR,NSA,S13,P51G,MT,2025-Q4,273.5
Q,MIO_EUR,NSA,S13,P51G,MT,2026-Q1,156.2
Q,MIO_EUR,NSA,S13,P51G,NL,1995-Q1,
Q,MIO_EUR,NSA,S13,P51G,NL,1995-Q2,
Q,MIO_EUR,NSA,S13,P51G,NL,1995-Q3,
Q,MIO_EUR,NSA,S13,P51G,NL,1995-Q4,
Q,MIO_EUR,NSA,S13,P51G,NL,1996-Q1,
Q,MIO_EUR,NSA,S13,P51G,NL,1996-Q2,
Q,MIO_EUR,NSA,S13,P51G,NL,1996-Q3,
Q,MIO_EUR,NSA,S13,P51G,NL,1996-Q4,
Q,MIO_EUR,NSA,S13,P51G,NL,1997-Q1,
Q,MIO_EUR,NSA,S13,P51G,NL,1997-Q2,
Q,MIO_EUR,NSA,S13,P51G,NL,1997-Q3,
Q,MIO_EUR,NSA,S13,P51G,NL,1997-Q4,
Q,MIO_EUR,NSA,S13,P51G,NL,1998-Q1,
Q,MIO_EUR,NSA,S13,P51G,NL,1998-Q2,
Q,MIO_EUR,NSA,S13,P51G,NL,1998-Q3,
Q,MIO_EUR,NSA,S13,P51G,NL,1998-Q4,
Q,MIO_EUR,NSA,S13,P51G,NL,1999-Q1,3510
Q,MIO_EUR,NSA,S13,P51G,NL,1999-Q2,3848
Q,MIO_EUR,NSA,S13,P51G,NL,1999-Q3,3932
Q,MIO_EUR,NSA,S13,P51G,NL,1999-Q4,4520
Q,MIO_EUR,NSA,S13,P51G,NL,2000-Q1,3779
Q,MIO_EUR,NSA,S13,P51G,NL,2000-Q2,4057
Q,MIO_EUR,NSA,S13,P51G,NL,2000-Q3,4030
Q,MIO_EUR,NSA,S13,P51G,NL,2000-Q4,5252
Q,MIO_EUR,NSA,S13,P51G,NL,2001-Q1,4286
Q,MIO_EUR,NSA,S13,P51G,NL,2001-Q2,4470
Q,MIO_EUR,NSA,S13,P51G,NL,2001-Q3,4586
Q,MIO_EUR,NSA,S13,P51G,NL,2001-Q4,5603
Q,MIO_EUR,NSA,S13,P51G,NL,2002-Q1,4919
Q,MIO_EUR,NSA,S13,P51G,NL,2002-Q2,5149
Q,MIO_EUR,NSA,S13,P51G,NL,2002-Q3,5094
Q,MIO_EUR,NSA,S13,P51G,NL,2002-Q4,6243
Q,MIO_EUR,NSA,S13,P51G,NL,2003-Q1,5143
Q,MIO_EUR,NSA,S13,P51G,NL,2003-Q2,5293
Q,MIO_EUR,NSA,S13,P51G,NL,2003-Q3,5540
Q,MIO_EUR,NSA,S13,P51G,NL,2003-Q4,6263
Q,MIO_EUR,NSA,S13,P51G,NL,2004-Q1,5163
Q,MIO_EUR,NSA,S13,P51G,NL,2004-Q2,5077
Q,MIO_EUR,NSA,S13,P51G,NL,2004-Q3,5025
Q,MIO_EUR,NSA,S13,P51G,NL,2004-Q4,5780
Q,MIO_EUR,NSA,S13,P51G,NL,2005-Q1,5156
Q,MIO_EUR,NSA,S13,P51G,NL,2005-Q2,5100
Q,MIO_EUR,NSA,S13,P51G,NL,2005-Q3,5103
Q,MIO_EUR,NSA,S13,P51G,NL,2005-Q4,6037
Q,MIO_EUR,NSA,S13,P51G,NL,2006-Q1,5712
Q,MIO_EUR,NSA,S13,P51G,NL,2006-Q2,5755
Q,MIO_EUR,NSA,S13,P51G,NL,2006-Q3,5566
Q,MIO_EUR,NSA,S13,P51G,NL,2006-Q4,6743
Q,MIO_EUR,NSA,S13,P51G,NL,2007-Q1,5980
Q,MIO_EUR,NSA,S13,P51G,NL,2007-Q2,5976
Q,MIO_EUR,NSA,S13,P51G,NL,2007-Q3,5709
Q,MIO_EUR,NSA,S13,P51G,NL,2007-Q4,6891
Q,MIO_EUR,NSA,S13,P51G,NL,2008-Q1,6831
Q,MIO_EUR,NSA,S13,P51G,NL,2008-Q2,6741
Q,MIO_EUR,NSA,S13,P51G,NL,2008-Q3,5878
Q,MIO_EUR,NSA,S13,P51G,NL,2008-Q4,6784
Q,MIO_EUR,NSA,S13,P51G,NL,2009-Q1,6886
Q,MIO_EUR,NSA,S13,P51G,NL,2009-Q2,6925
Q,MIO_EUR,NSA,S13,P51G,NL,2009-Q3,6635
Q,MIO_EUR,NSA,S13,P51G,NL,2009-Q4,7060
Q,MIO_EUR,NSA,S13,P51G,NL,2010-Q1,6687
Q,MIO_EUR,NSA,S13,P51G,NL,2010-Q2,7045
Q,MIO_EUR,NSA,S13,P51G,NL,2010-Q3,6439
Q,MIO_EUR,NSA,S13,P51G,NL,2010-Q4,7172
Q,MIO_EUR,NSA,S13,P51G,NL,2011-Q1,7395
Q,MIO_EUR,NSA,S13,P51G,NL,2011-Q2,6949
Q,MIO_EUR,NSA,S13,P51G,NL,2011-Q3,6512
Q,MIO_EUR,NSA,S13,P51G,NL,2011-Q4,7057
Q,MIO_EUR,NSA,S13,P51G,NL,2012-Q1,6148
Q,MIO_EUR,NSA,S13,P51G,NL,2012-Q2,6118
Q,MIO_EUR,NSA,S13,P51G,NL,2012-Q3,6439
Q,MIO_EUR,NSA,S13,P51G,NL,2012-Q4,6680
Q,MIO_EUR,NSA,S13,P51G,NL,2013-Q1,6084
Q,MIO_EUR,NSA,S13,P51G,NL,2013-Q2,6199
Q,MIO_EUR,NSA,S13,P51G,NL,2013-Q3,6252
Q,MIO_EUR,NSA,S13,P51G,NL,2013-Q4,6371
Q,MIO_EUR,NSA,S13,P51G,NL,2014-Q1,6048
Q,MIO_EUR,NSA,S13,P51G,NL,2014-Q2,6060
Q,MIO_EUR,NSA,S13,P51G,NL,2014-Q3,5971
Q,MIO_EUR,NSA,S13,P51G,NL,2014-Q4,6093
Q,MIO_EUR,NSA,S13,P51G,NL,2015-Q1,6350
Q,MIO_EUR,NSA,S13,P51G,NL,2015-Q2,6219
Q,MIO_EUR,NSA,S13,P51G,NL,2015-Q3,6127
Q,MIO_EUR,NSA,S13,P51G,NL,2015-Q4,6469
Q,MIO_EUR,NSA,S13,P51G,NL,2016-Q1,6123
Q,MIO_EUR,NSA,S13,P51G,NL,2016-Q2,6076
Q,MIO_EUR,NSA,S13,P51G,NL,2016-Q3,6191
Q,MIO_EUR,NSA,S13,P51G,NL,2016-Q4,6453
Q,MIO_EUR,NSA,S13,P51G,NL,2017-Q1,6123
Q,MIO_EUR,NSA,S13,P51G,NL,2017-Q2,5927
Q,MIO_EUR,NSA,S13,P51G,NL,2017-Q3,6451
Q,MIO_EUR,NSA,S13,P51G,NL,2017-Q4,6854
Q,MIO_EUR,NSA,S13,P51G,NL,2018-Q1,6165
Q,MIO_EUR,NSA,S13,P51G,NL,2018-Q2,6284
Q,MIO_EUR,NSA,S13,P51G,NL,2018-Q3,6571
Q,MIO_EUR,NSA,S13,P51G,NL,2018-Q4,7305
Q,MIO_EUR,NSA,S13,P51G,NL,2019-Q1,7010
Q,MIO_EUR,NSA,S13,P51G,NL,2019-Q2,7012
Q,MIO_EUR,NSA,S13,P51G,NL,2019-Q3,6918
Q,MIO_EUR,NSA,S13,P51G,NL,2019-Q4,7212
Q,MIO_EUR,NSA,S13,P51G,NL,2020-Q1,7078
Q,MIO_EUR,NSA,S13,P51G,NL,2020-Q2,7256
Q,MIO_EUR,NSA,S13,P51G,NL,2020-Q3,7165
Q,MIO_EUR,NSA,S13,P51G,NL,2020-Q4,8291
Q,MIO_EUR,NSA,S13,P51G,NL,2021-Q1,7068
Q,MIO_EUR,NSA,S13,P51G,NL,2021-Q2,7409
Q,MIO_EUR,NSA,S13,P51G,NL,2021-Q3,7769
Q,MIO_EUR,NSA,S13,P51G,NL,2021-Q4,8165
Q,MIO_EUR,NSA,S13,P51G,NL,2022-Q1,7611
Q,MIO_EUR,NSA,S13,P51G,NL,2022-Q2,7803
Q,MIO_EUR,NSA,S13,P51G,NL,2022-Q3,7907
Q,MIO_EUR,NSA,S13,P51G,NL,2022-Q4,8266
Q,MIO_EUR,NSA,S13,P51G,NL,2023-Q1,8170
Q,MIO_EUR,NSA,S13,P51G,NL,2023-Q2,8523
Q,MIO_EUR,NSA,S13,P51G,NL,2023-Q3,8918
Q,MIO_EUR,NSA,S13,P51G,NL,2023-Q4,9099
Q,MIO_EUR,NSA,S13,P51G,NL,2024-Q1,8756
Q,MIO_EUR,NSA,S13,P51G,NL,2024-Q2,8996
Q,MIO_EUR,NSA,S13,P51G,NL,2024-Q3,9020
Q,MIO_EUR,NSA,S13,P51G,NL,2024-Q4,9888
Q,MIO_EUR,NSA,S13,P51G,NL,2025-Q1,9521
Q,MIO_EUR,NSA,S13,P51G,NL,2025-Q2,10700
Q,MIO_EUR,NSA,S13,P51G,NL,2025-Q3,9866
Q,MIO_EUR,NSA,S13,P51G,NL,2025-Q4,10930
Q,MIO_EUR,NSA,S13,P51G,NL,2026-Q1,10410
Q,MIO_EUR,NSA,S13,P51G,AT,1995-Q1,
Q,MIO_EUR,NSA,S13,P51G,AT,1995-Q2,
Q,MIO_EUR,NSA,S13,P51G,AT,1995-Q3,
Q,MIO_EUR,NSA,S13,P51G,AT,1995-Q4,
Q,MIO_EUR,NSA,S13,P51G,AT,1996-Q1,
Q,MIO_EUR,NSA,S13,P51G,AT,1996-Q2,
Q,MIO_EUR,NSA,S13,P51G,AT,1996-Q3,
Q,MIO_EUR,NSA,S13,P51G,AT,1996-Q4,
Q,MIO_EUR,NSA,S13,P51G,AT,1997-Q1,
Q,MIO_EUR,NSA,S13,P51G,AT,1997-Q2,
Q,MIO_EUR,NSA,S13,P51G,AT,1997-Q3,
Q,MIO_EUR,NSA,S13,P51G,AT,1997-Q4,
Q,MIO_EUR,NSA,S13,P51G,AT,1998-Q1,
Q,MIO_EUR,NSA,S13,P51G,AT,1998-Q2,
Q,MIO_EUR,NSA,S13,P51G,AT,1998-Q3,
Q,MIO_EUR,NSA,S13,P51G,AT,1998-Q4,
Q,MIO_EUR,NSA,S13,P51G,AT,1999-Q1,
Q,MIO_EUR,NSA,S13,P51G,AT,1999-Q2,
Q,MIO_EUR,NSA,S13,P51G,AT,1999-Q3,
Q,MIO_EUR,NSA,S13,P51G,AT,1999-Q4,
Q,MIO_EUR,NSA,S13,P51G,AT,2000-Q1,
Q,MIO_EUR,NSA,S13,P51G,AT,2000-Q2,
Q,MIO_EUR,NSA,S13,P51G,AT,2000-Q3,
Q,MIO_EUR,NSA,S13,P51G,AT,2000-Q4,
Q,MIO_EUR,NSA,S13,P51G,AT,2001-Q1,1021.7
Q,MIO_EUR,NSA,S13,P51G,AT,2001-Q2,1112.8
Q,MIO_EUR,NSA,S13,P51G,AT,2001-Q3,1287.6
Q,MIO_EUR,NSA,S13,P51G,AT,2001-Q4,1987.1
Q,MIO_EUR,NSA,S13,P51G,AT,2002-Q1,1133.9
Q,MIO_EUR,NSA,S13,P51G,AT,2002-Q2,1289
Q,MIO_EUR,NSA,S13,P51G,AT,2002-Q3,1459.7
Q,MIO_EUR,NSA,S13,P51G,AT,2002-Q4,2231.2
Q,MIO_EUR,NSA,S13,P51G,AT,2003-Q1,1148
Q,MIO_EUR,NSA,S13,P51G,AT,2003-Q2,1257.3
Q,MIO_EUR,NSA,S13,P51G,AT,2003-Q3,1498.3
Q,MIO_EUR,NSA,S13,P51G,AT,2003-Q4,2085.1
Q,MIO_EUR,NSA,S13,P51G,AT,2004-Q1,1122.6
Q,MIO_EUR,NSA,S13,P51G,AT,2004-Q2,1284.5
Q,MIO_EUR,NSA,S13,P51G,AT,2004-Q3,1460.8
Q,MIO_EUR,NSA,S13,P51G,AT,2004-Q4,2154.2
Q,MIO_EUR,NSA,S13,P51G,AT,2005-Q1,1583.7
Q,MIO_EUR,NSA,S13,P51G,AT,2005-Q2,1722.7
Q,MIO_EUR,NSA,S13,P51G,AT,2005-Q3,1843.6
Q,MIO_EUR,NSA,S13,P51G,AT,2005-Q4,2424.2
Q,MIO_EUR,NSA,S13,P51G,AT,2006-Q1,1687.6
Q,MIO_EUR,NSA,S13,P51G,AT,2006-Q2,1781.2
Q,MIO_EUR,NSA,S13,P51G,AT,2006-Q3,1921.6
Q,MIO_EUR,NSA,S13,P51G,AT,2006-Q4,2468.5
Q,MIO_EUR,NSA,S13,P51G,AT,2007-Q1,1711.5
Q,MIO_EUR,NSA,S13,P51G,AT,2007-Q2,1830.6
Q,MIO_EUR,NSA,S13,P51G,AT,2007-Q3,2206
Q,MIO_EUR,NSA,S13,P51G,AT,2007-Q4,2824.7
Q,MIO_EUR,NSA,S13,P51G,AT,2008-Q1,1910
Q,MIO_EUR,NSA,S13,P51G,AT,2008-Q2,2322.6
Q,MIO_EUR,NSA,S13,P51G,AT,2008-Q3,2323.6
Q,MIO_EUR,NSA,S13,P51G,AT,2008-Q4,3102.5
Q,MIO_EUR,NSA,S13,P51G,AT,2009-Q1,2124.2
Q,MIO_EUR,NSA,S13,P51G,AT,2009-Q2,2217.9
Q,MIO_EUR,NSA,S13,P51G,AT,2009-Q3,2562.9
Q,MIO_EUR,NSA,S13,P51G,AT,2009-Q4,2901.3
Q,MIO_EUR,NSA,S13,P51G,AT,2010-Q1,2173.7
Q,MIO_EUR,NSA,S13,P51G,AT,2010-Q2,2251.9
Q,MIO_EUR,NSA,S13,P51G,AT,2010-Q3,2391.9
Q,MIO_EUR,NSA,S13,P51G,AT,2010-Q4,2856.4
Q,MIO_EUR,NSA,S13,P51G,AT,2011-Q1,2068.2
Q,MIO_EUR,NSA,S13,P51G,AT,2011-Q2,2171.7
Q,MIO_EUR,NSA,S13,P51G,AT,2011-Q3,2321.1
Q,MIO_EUR,NSA,S13,P51G,AT,2011-Q4,2832.6
Q,MIO_EUR,NSA,S13,P51G,AT,2012-Q1,2091.6
Q,MIO_EUR,NSA,S13,P51G,AT,2012-Q2,2125.3
Q,MIO_EUR,NSA,S13,P51G,AT,2012-Q3,2302.8
Q,MIO_EUR,NSA,S13,P51G,AT,2012-Q4,2841.9
Q,MIO_EUR,NSA,S13,P51G,AT,2013-Q1,2123.5
Q,MIO_EUR,NSA,S13,P51G,AT,2013-Q2,2311.5
Q,MIO_EUR,NSA,S13,P51G,AT,2013-Q3,2483.2
Q,MIO_EUR,NSA,S13,P51G,AT,2013-Q4,2980.8
Q,MIO_EUR,NSA,S13,P51G,AT,2014-Q1,2169.6
Q,MIO_EUR,NSA,S13,P51G,AT,2014-Q2,2216.3
Q,MIO_EUR,NSA,S13,P51G,AT,2014-Q3,2453.7
Q,MIO_EUR,NSA,S13,P51G,AT,2014-Q4,3082.3
Q,MIO_EUR,NSA,S13,P51G,AT,2015-Q1,2231.4
Q,MIO_EUR,NSA,S13,P51G,AT,2015-Q2,2342.2
Q,MIO_EUR,NSA,S13,P51G,AT,2015-Q3,2502.2
Q,MIO_EUR,NSA,S13,P51G,AT,2015-Q4,3163.9
Q,MIO_EUR,NSA,S13,P51G,AT,2016-Q1,2312.3
Q,MIO_EUR,NSA,S13,P51G,AT,2016-Q2,2470.2
Q,MIO_EUR,NSA,S13,P51G,AT,2016-Q3,2625.9
Q,MIO_EUR,NSA,S13,P51G,AT,2016-Q4,3234
Q,MIO_EUR,NSA,S13,P51G,AT,2017-Q1,2453.5
Q,MIO_EUR,NSA,S13,P51G,AT,2017-Q2,2713.5
Q,MIO_EUR,NSA,S13,P51G,AT,2017-Q3,2873.4
Q,MIO_EUR,NSA,S13,P51G,AT,2017-Q4,3380.8
Q,MIO_EUR,NSA,S13,P51G,AT,2018-Q1,2224.8
Q,MIO_EUR,NSA,S13,P51G,AT,2018-Q2,2695.6
Q,MIO_EUR,NSA,S13,P51G,AT,2018-Q3,2968.3
Q,MIO_EUR,NSA,S13,P51G,AT,2018-Q4,3931.2
Q,MIO_EUR,NSA,S13,P51G,AT,2019-Q1,2398.1
Q,MIO_EUR,NSA,S13,P51G,AT,2019-Q2,2924.7
Q,MIO_EUR,NSA,S13,P51G,AT,2019-Q3,3153.5
Q,MIO_EUR,NSA,S13,P51G,AT,2019-Q4,3938.9
Q,MIO_EUR,NSA,S13,P51G,AT,2020-Q1,2425.5
Q,MIO_EUR,NSA,S13,P51G,AT,2020-Q2,2857
Q,MIO_EUR,NSA,S13,P51G,AT,2020-Q3,3050.1
Q,MIO_EUR,NSA,S13,P51G,AT,2020-Q4,4314.3
Q,MIO_EUR,NSA,S13,P51G,AT,2021-Q1,2839.5
Q,MIO_EUR,NSA,S13,P51G,AT,2021-Q2,3038.7
Q,MIO_EUR,NSA,S13,P51G,AT,2021-Q3,3959.3
Q,MIO_EUR,NSA,S13,P51G,AT,2021-Q4,4713.5
Q,MIO_EUR,NSA,S13,P51G,AT,2022-Q1,2844
Q,MIO_EUR,NSA,S13,P51G,AT,2022-Q2,3647.8
Q,MIO_EUR,NSA,S13,P51G,AT,2022-Q3,3822.7
Q,MIO_EUR,NSA,S13,P51G,AT,2022-Q4,5148.8
Q,MIO_EUR,NSA,S13,P51G,AT,2023-Q1,3561.8
Q,MIO_EUR,NSA,S13,P51G,AT,2023-Q2,3950.2
Q,MIO_EUR,NSA,S13,P51G,AT,2023-Q3,4518
Q,MIO_EUR,NSA,S13,P51G,AT,2023-Q4,5632.4
Q,MIO_EUR,NSA,S13,P51G,AT,2024-Q1,4110.5
Q,MIO_EUR,NSA,S13,P51G,AT,2024-Q2,4222
Q,MIO_EUR,NSA,S13,P51G,AT,2024-Q3,5110.2
Q,MIO_EUR,NSA,S13,P51G,AT,2024-Q4,6000.4
Q,MIO_EUR,NSA,S13,P51G,AT,2025-Q1,3789.2
Q,MIO_EUR,NSA,S13,P51G,AT,2025-Q2,4540.6
Q,MIO_EUR,NSA,S13,P51G,AT,2025-Q3,4980.7
Q,MIO_EUR,NSA,S13,P51G,AT,2025-Q4,6693.5
Q,MIO_EUR,NSA,S13,P51G,AT,2026-Q1,4101.6
Q,MIO_EUR,NSA,S13,P51G,PL,1995-Q1,
Q,MIO_EUR,NSA,S13,P51G,PL,1995-Q2,
Q,MIO_EUR,NSA,S13,P51G,PL,1995-Q3,
Q,MIO_EUR,NSA,S13,P51G,PL,1995-Q4,
Q,MIO_EUR,NSA,S13,P51G,PL,1996-Q1,
Q,MIO_EUR,NSA,S13,P51G,PL,1996-Q2,
Q,MIO_EUR,NSA,S13,P51G,PL,1996-Q3,
Q,MIO_EUR,NSA,S13,P51G,PL,1996-Q4,
Q,MIO_EUR,NSA,S13,P51G,PL,1997-Q1,
Q,MIO_EUR,NSA,S13,P51G,PL,1997-Q2,
Q,MIO_EUR,NSA,S13,P51G,PL,1997-Q3,
Q,MIO_EUR,NSA,S13,P51G,PL,1997-Q4,
Q,MIO_EUR,NSA,S13,P51G,PL,1998-Q1,
Q,MIO_EUR,NSA,S13,P51G,PL,1998-Q2,
Q,MIO_EUR,NSA,S13,P51G,PL,1998-Q3,
Q,MIO_EUR,NSA,S13,P51G,PL,1998-Q4,
Q,MIO_EUR,NSA,S13,P51G,PL,1999-Q1,566.5
Q,MIO_EUR,NSA,S13,P51G,PL,1999-Q2,874.1
Q,MIO_EUR,NSA,S13,P51G,PL,1999-Q3,1123.9
Q,MIO_EUR,NSA,S13,P51G,PL,1999-Q4,2230.8
Q,MIO_EUR,NSA,S13,P51G,PL,2000-Q1,527.3
Q,MIO_EUR,NSA,S13,P51G,PL,2000-Q2,725.5
Q,MIO_EUR,NSA,S13,P51G,PL,2000-Q3,825.4
Q,MIO_EUR,NSA,S13,P51G,PL,2000-Q4,3390.9
Q,MIO_EUR,NSA,S13,P51G,PL,2001-Q1,804.3
Q,MIO_EUR,NSA,S13,P51G,PL,2001-Q2,1257.1
Q,MIO_EUR,NSA,S13,P51G,PL,2001-Q3,1241.3
Q,MIO_EUR,NSA,S13,P51G,PL,2001-Q4,2713.9
Q,MIO_EUR,NSA,S13,P51G,PL,2002-Q1,802.1
Q,MIO_EUR,NSA,S13,P51G,PL,2002-Q2,1216.5
Q,MIO_EUR,NSA,S13,P51G,PL,2002-Q3,1270.2
Q,MIO_EUR,NSA,S13,P51G,PL,2002-Q4,2621.6
Q,MIO_EUR,NSA,S13,P51G,PL,2003-Q1,678.4
Q,MIO_EUR,NSA,S13,P51G,PL,2003-Q2,1111.7
Q,MIO_EUR,NSA,S13,P51G,PL,2003-Q3,1177.7
Q,MIO_EUR,NSA,S13,P51G,PL,2003-Q4,2329.5
Q,MIO_EUR,NSA,S13,P51G,PL,2004-Q1,612.2
Q,MIO_EUR,NSA,S13,P51G,PL,2004-Q2,1086
Q,MIO_EUR,NSA,S13,P51G,PL,2004-Q3,1356.4
Q,MIO_EUR,NSA,S13,P51G,PL,2004-Q4,3065
Q,MIO_EUR,NSA,S13,P51G,PL,2005-Q1,806.1
Q,MIO_EUR,NSA,S13,P51G,PL,2005-Q2,1392.2
Q,MIO_EUR,NSA,S13,P51G,PL,2005-Q3,1741.7
Q,MIO_EUR,NSA,S13,P51G,PL,2005-Q4,4265.2
Q,MIO_EUR,NSA,S13,P51G,PL,2006-Q1,1035.3
Q,MIO_EUR,NSA,S13,P51G,PL,2006-Q2,1800.6
Q,MIO_EUR,NSA,S13,P51G,PL,2006-Q3,2341.9
Q,MIO_EUR,NSA,S13,P51G,PL,2006-Q4,5427.8
Q,MIO_EUR,NSA,S13,P51G,PL,2007-Q1,1377.9
Q,MIO_EUR,NSA,S13,P51G,PL,2007-Q2,2458.6
Q,MIO_EUR,NSA,S13,P51G,PL,2007-Q3,3107.1
Q,MIO_EUR,NSA,S13,P51G,PL,2007-Q4,6942.8
Q,MIO_EUR,NSA,S13,P51G,PL,2008-Q1,1500.6
Q,MIO_EUR,NSA,S13,P51G,PL,2008-Q2,3418.8
Q,MIO_EUR,NSA,S13,P51G,PL,2008-Q3,4063.1
Q,MIO_EUR,NSA,S13,P51G,PL,2008-Q4,8006.5
Q,MIO_EUR,NSA,S13,P51G,PL,2009-Q1,1562.6
Q,MIO_EUR,NSA,S13,P51G,PL,2009-Q2,2706.5
Q,MIO_EUR,NSA,S13,P51G,PL,2009-Q3,3846.1
Q,MIO_EUR,NSA,S13,P51G,PL,2009-Q4,7914.7
Q,MIO_EUR,NSA,S13,P51G,PL,2010-Q1,2089.3
Q,MIO_EUR,NSA,S13,P51G,PL,2010-Q2,3785.6
Q,MIO_EUR,NSA,S13,P51G,PL,2010-Q3,4501.7
Q,MIO_EUR,NSA,S13,P51G,PL,2010-Q4,10237.2
Q,MIO_EUR,NSA,S13,P51G,PL,2011-Q1,2497
Q,MIO_EUR,NSA,S13,P51G,PL,2011-Q2,4530.5
Q,MIO_EUR,NSA,S13,P51G,PL,2011-Q3,5035.3
Q,MIO_EUR,NSA,S13,P51G,PL,2011-Q4,10280.7
Q,MIO_EUR,NSA,S13,P51G,PL,2012-Q1,2320.6
Q,MIO_EUR,NSA,S13,P51G,PL,2012-Q2,3888.2
Q,MIO_EUR,NSA,S13,P51G,PL,2012-Q3,4532.7
Q,MIO_EUR,NSA,S13,P51G,PL,2012-Q4,8267.6
Q,MIO_EUR,NSA,S13,P51G,PL,2013-Q1,2276.6
Q,MIO_EUR,NSA,S13,P51G,PL,2013-Q2,3263.3
Q,MIO_EUR,NSA,S13,P51G,PL,2013-Q3,3972.7
Q,MIO_EUR,NSA,S13,P51G,PL,2013-Q4,7219.1
Q,MIO_EUR,NSA,S13,P51G,PL,2014-Q1,2553.8
Q,MIO_EUR,NSA,S13,P51G,PL,2014-Q2,3925.8
Q,MIO_EUR,NSA,S13,P51G,PL,2014-Q3,4972.1
Q,MIO_EUR,NSA,S13,P51G,PL,2014-Q4,7756.2
Q,MIO_EUR,NSA,S13,P51G,PL,2015-Q1,2995.3
Q,MIO_EUR,NSA,S13,P51G,PL,2015-Q2,4122.7
Q,MIO_EUR,NSA,S13,P51G,PL,2015-Q3,4869
Q,MIO_EUR,NSA,S13,P51G,PL,2015-Q4,7525.1
Q,MIO_EUR,NSA,S13,P51G,PL,2016-Q1,1742.2
Q,MIO_EUR,NSA,S13,P51G,PL,2016-Q2,3179.1
Q,MIO_EUR,NSA,S13,P51G,PL,2016-Q3,3838.7
Q,MIO_EUR,NSA,S13,P51G,PL,2016-Q4,5291.3
Q,MIO_EUR,NSA,S13,P51G,PL,2017-Q1,1999.5
Q,MIO_EUR,NSA,S13,P51G,PL,2017-Q2,3731.4
Q,MIO_EUR,NSA,S13,P51G,PL,2017-Q3,4796.7
Q,MIO_EUR,NSA,S13,P51G,PL,2017-Q4,7240.7
Q,MIO_EUR,NSA,S13,P51G,PL,2018-Q1,2689.7
Q,MIO_EUR,NSA,S13,P51G,PL,2018-Q2,4540.3
Q,MIO_EUR,NSA,S13,P51G,PL,2018-Q3,6331.3
Q,MIO_EUR,NSA,S13,P51G,PL,2018-Q4,9589.7
Q,MIO_EUR,NSA,S13,P51G,PL,2019-Q1,2782.5
Q,MIO_EUR,NSA,S13,P51G,PL,2019-Q2,4827.5
Q,MIO_EUR,NSA,S13,P51G,PL,2019-Q3,5795.4
Q,MIO_EUR,NSA,S13,P51G,PL,2019-Q4,9587.4
Q,MIO_EUR,NSA,S13,P51G,PL,2020-Q1,3055.7
Q,MIO_EUR,NSA,S13,P51G,PL,2020-Q2,5202.2
Q,MIO_EUR,NSA,S13,P51G,PL,2020-Q3,5621.6
Q,MIO_EUR,NSA,S13,P51G,PL,2020-Q4,9494.8
Q,MIO_EUR,NSA,S13,P51G,PL,2021-Q1,2873.9
Q,MIO_EUR,NSA,S13,P51G,PL,2021-Q2,4618.6
Q,MIO_EUR,NSA,S13,P51G,PL,2021-Q3,5825.5
Q,MIO_EUR,NSA,S13,P51G,PL,2021-Q4,10388.3
Q,MIO_EUR,NSA,S13,P51G,PL,2022-Q1,3534.3
Q,MIO_EUR,NSA,S13,P51G,PL,2022-Q2,4179
Q,MIO_EUR,NSA,S13,P51G,PL,2022-Q3,5471
Q,MIO_EUR,NSA,S13,P51G,PL,2022-Q4,11583.3
Q,MIO_EUR,NSA,S13,P51G,PL,2023-Q1,4352.5
Q,MIO_EUR,NSA,S13,P51G,PL,2023-Q2,6624.6
Q,MIO_EUR,NSA,S13,P51G,PL,2023-Q3,8678.2
Q,MIO_EUR,NSA,S13,P51G,PL,2023-Q4,19220.6
Q,MIO_EUR,NSA,S13,P51G,PL,2024-Q1,5666.8
Q,MIO_EUR,NSA,S13,P51G,PL,2024-Q2,9254.7
Q,MIO_EUR,NSA,S13,P51G,PL,2024-Q3,8970.7
Q,MIO_EUR,NSA,S13,P51G,PL,2024-Q4,17083
Q,MIO_EUR,NSA,S13,P51G,PL,2025-Q1,7508.7
Q,MIO_EUR,NSA,S13,P51G,PL,2025-Q2,8650.7
Q,MIO_EUR,NSA,S13,P51G,PL,2025-Q3,11926.5
Q,MIO_EUR,NSA,S13,P51G,PL,2025-Q4,19970.7
Q,MIO_EUR,NSA,S13,P51G,PL,2026-Q1,6874.6
Q,MIO_EUR,NSA,S13,P51G,PT,1995-Q1,
Q,MIO_EUR,NSA,S13,P51G,PT,1995-Q2,
Q,MIO_EUR,NSA,S13,P51G,PT,1995-Q3,
Q,MIO_EUR,NSA,S13,P51G,PT,1995-Q4,
Q,MIO_EUR,NSA,S13,P51G,PT,1996-Q1,
Q,MIO_EUR,NSA,S13,P51G,PT,1996-Q2,
Q,MIO_EUR,NSA,S13,P51G,PT,1996-Q3,
Q,MIO_EUR,NSA,S13,P51G,PT,1996-Q4,
Q,MIO_EUR,NSA,S13,P51G,PT,1997-Q1,
Q,MIO_EUR,NSA,S13,P51G,PT,1997-Q2,
Q,MIO_EUR,NSA,S13,P51G,PT,1997-Q3,
Q,MIO_EUR,NSA,S13,P51G,PT,1997-Q4,
Q,MIO_EUR,NSA,S13,P51G,PT,1998-Q1,
Q,MIO_EUR,NSA,S13,P51G,PT,1998-Q2,
Q,MIO_EUR,NSA,S13,P51G,PT,1998-Q3,
Q,MIO_EUR,NSA,S13,P51G,PT,1998-Q4,
Q,MIO_EUR,NSA,S13,P51G,PT,1999-Q1,904.6
Q,MIO_EUR,NSA,S13,P51G,PT,1999-Q2,1361.6
Q,MIO_EUR,NSA,S13,P51G,PT,1999-Q3,1293.7
Q,MIO_EUR,NSA,S13,P51G,PT,1999-Q4,2343.9
Q,MIO_EUR,NSA,S13,P51G,PT,2000-Q1,1418
Q,MIO_EUR,NSA,S13,P51G,PT,2000-Q2,863.4
Q,MIO_EUR,NSA,S13,P51G,PT,2000-Q3,1372.1
Q,MIO_EUR,NSA,S13,P51G,PT,2000-Q4,2263.2
Q,MIO_EUR,NSA,S13,P51G,PT,2001-Q1,789
Q,MIO_EUR,NSA,S13,P51G,PT,2001-Q2,1489.6
Q,MIO_EUR,NSA,S13,P51G,PT,2001-Q3,1548.4
Q,MIO_EUR,NSA,S13,P51G,PT,2001-Q4,3006.8
Q,MIO_EUR,NSA,S13,P51G,PT,2002-Q1,1330.3
Q,MIO_EUR,NSA,S13,P51G,PT,2002-Q2,1546.1
Q,MIO_EUR,NSA,S13,P51G,PT,2002-Q3,2543.9
Q,MIO_EUR,NSA,S13,P51G,PT,2002-Q4,1148.3
Q,MIO_EUR,NSA,S13,P51G,PT,2003-Q1,1250.9
Q,MIO_EUR,NSA,S13,P51G,PT,2003-Q2,1302.3
Q,MIO_EUR,NSA,S13,P51G,PT,2003-Q3,1453.9
Q,MIO_EUR,NSA,S13,P51G,PT,2003-Q4,2385.4
Q,MIO_EUR,NSA,S13,P51G,PT,2004-Q1,1234.9
Q,MIO_EUR,NSA,S13,P51G,PT,2004-Q2,1525.7
Q,MIO_EUR,NSA,S13,P51G,PT,2004-Q3,1221.6
Q,MIO_EUR,NSA,S13,P51G,PT,2004-Q4,2772.8
Q,MIO_EUR,NSA,S13,P51G,PT,2005-Q1,1197.8
Q,MIO_EUR,NSA,S13,P51G,PT,2005-Q2,1620.3
Q,MIO_EUR,NSA,S13,P51G,PT,2005-Q3,1703.4
Q,MIO_EUR,NSA,S13,P51G,PT,2005-Q4,1946.5
Q,MIO_EUR,NSA,S13,P51G,PT,2006-Q1,1065.5
Q,MIO_EUR,NSA,S13,P51G,PT,2006-Q2,1380.9
Q,MIO_EUR,NSA,S13,P51G,PT,2006-Q3,1262.2
Q,MIO_EUR,NSA,S13,P51G,PT,2006-Q4,1871
Q,MIO_EUR,NSA,S13,P51G,PT,2007-Q1,938.7
Q,MIO_EUR,NSA,S13,P51G,PT,2007-Q2,1118.9
Q,MIO_EUR,NSA,S13,P51G,PT,2007-Q3,1471.5
Q,MIO_EUR,NSA,S13,P51G,PT,2007-Q4,2115.5
Q,MIO_EUR,NSA,S13,P51G,PT,2008-Q1,1122.9
Q,MIO_EUR,NSA,S13,P51G,PT,2008-Q2,1377.5
Q,MIO_EUR,NSA,S13,P51G,PT,2008-Q3,1740.9
Q,MIO_EUR,NSA,S13,P51G,PT,2008-Q4,2409.5
Q,MIO_EUR,NSA,S13,P51G,PT,2009-Q1,1449.9
Q,MIO_EUR,NSA,S13,P51G,PT,2009-Q2,1646.1
Q,MIO_EUR,NSA,S13,P51G,PT,2009-Q3,1789.6
Q,MIO_EUR,NSA,S13,P51G,PT,2009-Q4,2319.9
Q,MIO_EUR,NSA,S13,P51G,PT,2010-Q1,1204.6
Q,MIO_EUR,NSA,S13,P51G,PT,2010-Q2,2093.6
Q,MIO_EUR,NSA,S13,P51G,PT,2010-Q3,1731.3
Q,MIO_EUR,NSA,S13,P51G,PT,2010-Q4,4449.2
Q,MIO_EUR,NSA,S13,P51G,PT,2011-Q1,1158.5
Q,MIO_EUR,NSA,S13,P51G,PT,2011-Q2,1705.6
Q,MIO_EUR,NSA,S13,P51G,PT,2011-Q3,1258.8
Q,MIO_EUR,NSA,S13,P51G,PT,2011-Q4,2016.9
Q,MIO_EUR,NSA,S13,P51G,PT,2012-Q1,921.8
Q,MIO_EUR,NSA,S13,P51G,PT,2012-Q2,991.6
Q,MIO_EUR,NSA,S13,P51G,PT,2012-Q3,937.9
Q,MIO_EUR,NSA,S13,P51G,PT,2012-Q4,1307.3
Q,MIO_EUR,NSA,S13,P51G,PT,2013-Q1,704
Q,MIO_EUR,NSA,S13,P51G,PT,2013-Q2,865.6
Q,MIO_EUR,NSA,S13,P51G,PT,2013-Q3,958.8
Q,MIO_EUR,NSA,S13,P51G,PT,2013-Q4,1192.7
Q,MIO_EUR,NSA,S13,P51G,PT,2014-Q1,723.1
Q,MIO_EUR,NSA,S13,P51G,PT,2014-Q2,585.1
Q,MIO_EUR,NSA,S13,P51G,PT,2014-Q3,867.3
Q,MIO_EUR,NSA,S13,P51G,PT,2014-Q4,1273.8
Q,MIO_EUR,NSA,S13,P51G,PT,2015-Q1,816.8
Q,MIO_EUR,NSA,S13,P51G,PT,2015-Q2,826.6
Q,MIO_EUR,NSA,S13,P51G,PT,2015-Q3,843.4
Q,MIO_EUR,NSA,S13,P51G,PT,2015-Q4,1555.9
Q,MIO_EUR,NSA,S13,P51G,PT,2016-Q1,576
Q,MIO_EUR,NSA,S13,P51G,PT,2016-Q2,733.1
Q,MIO_EUR,NSA,S13,P51G,PT,2016-Q3,705.1
Q,MIO_EUR,NSA,S13,P51G,PT,2016-Q4,875.8
Q,MIO_EUR,NSA,S13,P51G,PT,2017-Q1,615.4
Q,MIO_EUR,NSA,S13,P51G,PT,2017-Q2,730.8
Q,MIO_EUR,NSA,S13,P51G,PT,2017-Q3,882.2
Q,MIO_EUR,NSA,S13,P51G,PT,2017-Q4,1269
Q,MIO_EUR,NSA,S13,P51G,PT,2018-Q1,658.2
Q,MIO_EUR,NSA,S13,P51G,PT,2018-Q2,832.2
Q,MIO_EUR,NSA,S13,P51G,PT,2018-Q3,954.6
Q,MIO_EUR,NSA,S13,P51G,PT,2018-Q4,1352.2
Q,MIO_EUR,NSA,S13,P51G,PT,2019-Q1,694.9
Q,MIO_EUR,NSA,S13,P51G,PT,2019-Q2,870.6
Q,MIO_EUR,NSA,S13,P51G,PT,2019-Q3,1006.9
Q,MIO_EUR,NSA,S13,P51G,PT,2019-Q4,1389.6
Q,MIO_EUR,NSA,S13,P51G,PT,2020-Q1,758.3
Q,MIO_EUR,NSA,S13,P51G,PT,2020-Q2,879.3
Q,MIO_EUR,NSA,S13,P51G,PT,2020-Q3,1157
Q,MIO_EUR,NSA,S13,P51G,PT,2020-Q4,1850.8
Q,MIO_EUR,NSA,S13,P51G,PT,2021-Q1,919.7
Q,MIO_EUR,NSA,S13,P51G,PT,2021-Q2,1219.8
Q,MIO_EUR,NSA,S13,P51G,PT,2021-Q3,1352.3
Q,MIO_EUR,NSA,S13,P51G,PT,2021-Q4,2097.6
Q,MIO_EUR,NSA,S13,P51G,PT,2022-Q1,933.9
Q,MIO_EUR,NSA,S13,P51G,PT,2022-Q2,1279.3
Q,MIO_EUR,NSA,S13,P51G,PT,2022-Q3,1439.7
Q,MIO_EUR,NSA,S13,P51G,PT,2022-Q4,2153.6
Q,MIO_EUR,NSA,S13,P51G,PT,2023-Q1,1003.7
Q,MIO_EUR,NSA,S13,P51G,PT,2023-Q2,1523.5
Q,MIO_EUR,NSA,S13,P51G,PT,2023-Q3,1660.2
Q,MIO_EUR,NSA,S13,P51G,PT,2023-Q4,2752.8
Q,MIO_EUR,NSA,S13,P51G,PT,2024-Q1,1018.4
Q,MIO_EUR,NSA,S13,P51G,PT,2024-Q2,1596
Q,MIO_EUR,NSA,S13,P51G,PT,2024-Q3,2069.9
Q,MIO_EUR,NSA,S13,P51G,PT,2024-Q4,3196.5
Q,MIO_EUR,NSA,S13,P51G,PT,2025-Q1,1255.5
Q,MIO_EUR,NSA,S13,P51G,PT,2025-Q2,1863.1
Q,MIO_EUR,NSA,S13,P51G,PT,2025-Q3,2387.9
Q,MIO_EUR,NSA,S13,P51G,PT,2025-Q4,3660.5
Q,MIO_EUR,NSA,S13,P51G,PT,2026-Q1,1586.1
Q,MIO_EUR,NSA,S13,P51G,RO,1995-Q1,216.2
Q,MIO_EUR,NSA,S13,P51G,RO,1995-Q2,621.9
Q,MIO_EUR,NSA,S13,P51G,RO,1995-Q3,53.2
Q,MIO_EUR,NSA,S13,P51G,RO,1995-Q4,301.2
Q,MIO_EUR,NSA,S13,P51G,RO,1996-Q1,198
Q,MIO_EUR,NSA,S13,P51G,RO,1996-Q2,268
Q,MIO_EUR,NSA,S13,P51G,RO,1996-Q3,326.9
Q,MIO_EUR,NSA,S13,P51G,RO,1996-Q4,329.3
Q,MIO_EUR,NSA,S13,P51G,RO,1997-Q1,114.9
Q,MIO_EUR,NSA,S13,P51G,RO,1997-Q2,184.4
Q,MIO_EUR,NSA,S13,P51G,RO,1997-Q3,341.1
Q,MIO_EUR,NSA,S13,P51G,RO,1997-Q4,191
Q,MIO_EUR,NSA,S13,P51G,RO,1998-Q1,69.2
Q,MIO_EUR,NSA,S13,P51G,RO,1998-Q2,101.1
Q,MIO_EUR,NSA,S13,P51G,RO,1998-Q3,179.5
Q,MIO_EUR,NSA,S13,P51G,RO,1998-Q4,289.3
Q,MIO_EUR,NSA,S13,P51G,RO,1999-Q1,53.5
Q,MIO_EUR,NSA,S13,P51G,RO,1999-Q2,97.3
Q,MIO_EUR,NSA,S13,P51G,RO,1999-Q3,270.5
Q,MIO_EUR,NSA,S13,P51G,RO,1999-Q4,118.3
Q,MIO_EUR,NSA,S13,P51G,RO,2000-Q1,165.2
Q,MIO_EUR,NSA,S13,P51G,RO,2000-Q2,382.1
Q,MIO_EUR,NSA,S13,P51G,RO,2000-Q3,377.6
Q,MIO_EUR,NSA,S13,P51G,RO,2000-Q4,454.1
Q,MIO_EUR,NSA,S13,P51G,RO,2001-Q1,216.8
Q,MIO_EUR,NSA,S13,P51G,RO,2001-Q2,228.4
Q,MIO_EUR,NSA,S13,P51G,RO,2001-Q3,343.1
Q,MIO_EUR,NSA,S13,P51G,RO,2001-Q4,434.3
Q,MIO_EUR,NSA,S13,P51G,RO,2002-Q1,243.6
Q,MIO_EUR,NSA,S13,P51G,RO,2002-Q2,204.1
Q,MIO_EUR,NSA,S13,P51G,RO,2002-Q3,375.2
Q,MIO_EUR,NSA,S13,P51G,RO,2002-Q4,715.8
Q,MIO_EUR,NSA,S13,P51G,RO,2003-Q1,297.4
Q,MIO_EUR,NSA,S13,P51G,RO,2003-Q2,411.9
Q,MIO_EUR,NSA,S13,P51G,RO,2003-Q3,528.4
Q,MIO_EUR,NSA,S13,P51G,RO,2003-Q4,595.2
Q,MIO_EUR,NSA,S13,P51G,RO,2004-Q1,278.8
Q,MIO_EUR,NSA,S13,P51G,RO,2004-Q2,310.7
Q,MIO_EUR,NSA,S13,P51G,RO,2004-Q3,567.4
Q,MIO_EUR,NSA,S13,P51G,RO,2004-Q4,552.4
Q,MIO_EUR,NSA,S13,P51G,RO,2005-Q1,404.8
Q,MIO_EUR,NSA,S13,P51G,RO,2005-Q2,441
Q,MIO_EUR,NSA,S13,P51G,RO,2005-Q3,880.4
Q,MIO_EUR,NSA,S13,P51G,RO,2005-Q4,549.7
Q,MIO_EUR,NSA,S13,P51G,RO,2006-Q1,345.2
Q,MIO_EUR,NSA,S13,P51G,RO,2006-Q2,634.7
Q,MIO_EUR,NSA,S13,P51G,RO,2006-Q3,935.9
Q,MIO_EUR,NSA,S13,P51G,RO,2006-Q4,3230.9
Q,MIO_EUR,NSA,S13,P51G,RO,2007-Q1,902.8
Q,MIO_EUR,NSA,S13,P51G,RO,2007-Q2,1234.1
Q,MIO_EUR,NSA,S13,P51G,RO,2007-Q3,1354.6
Q,MIO_EUR,NSA,S13,P51G,RO,2007-Q4,4280.6
Q,MIO_EUR,NSA,S13,P51G,RO,2008-Q1,1379.3
Q,MIO_EUR,NSA,S13,P51G,RO,2008-Q2,1900.2
Q,MIO_EUR,NSA,S13,P51G,RO,2008-Q3,2669.8
Q,MIO_EUR,NSA,S13,P51G,RO,2008-Q4,3505.4
Q,MIO_EUR,NSA,S13,P51G,RO,2009-Q1,1132.9
Q,MIO_EUR,NSA,S13,P51G,RO,2009-Q2,1650.3
Q,MIO_EUR,NSA,S13,P51G,RO,2009-Q3,2249.3
Q,MIO_EUR,NSA,S13,P51G,RO,2009-Q4,2179.6
Q,MIO_EUR,NSA,S13,P51G,RO,2010-Q1,936.1
Q,MIO_EUR,NSA,S13,P51G,RO,2010-Q2,1377
Q,MIO_EUR,NSA,S13,P51G,RO,2010-Q3,1845.3
Q,MIO_EUR,NSA,S13,P51G,RO,2010-Q4,2977
Q,MIO_EUR,NSA,S13,P51G,RO,2011-Q1,913.8
Q,MIO_EUR,NSA,S13,P51G,RO,2011-Q2,1484.4
Q,MIO_EUR,NSA,S13,P51G,RO,2011-Q3,1561.2
Q,MIO_EUR,NSA,S13,P51G,RO,2011-Q4,3127.5
Q,MIO_EUR,NSA,S13,P51G,RO,2012-Q1,885.5
Q,MIO_EUR,NSA,S13,P51G,RO,2012-Q2,1294.9
Q,MIO_EUR,NSA,S13,P51G,RO,2012-Q3,1768.3
Q,MIO_EUR,NSA,S13,P51G,RO,2012-Q4,2404.7
Q,MIO_EUR,NSA,S13,P51G,RO,2013-Q1,812.3
Q,MIO_EUR,NSA,S13,P51G,RO,2013-Q2,1353.4
Q,MIO_EUR,NSA,S13,P51G,RO,2013-Q3,1472
Q,MIO_EUR,NSA,S13,P51G,RO,2013-Q4,2678.6
Q,MIO_EUR,NSA,S13,P51G,RO,2014-Q1,726.7
Q,MIO_EUR,NSA,S13,P51G,RO,2014-Q2,1222.3
Q,MIO_EUR,NSA,S13,P51G,RO,2014-Q3,1544.4
Q,MIO_EUR,NSA,S13,P51G,RO,2014-Q4,3273
Q,MIO_EUR,NSA,S13,P51G,RO,2015-Q1,1008.9
Q,MIO_EUR,NSA,S13,P51G,RO,2015-Q2,1343.5
Q,MIO_EUR,NSA,S13,P51G,RO,2015-Q3,2010.6
Q,MIO_EUR,NSA,S13,P51G,RO,2015-Q4,3950.7
Q,MIO_EUR,NSA,S13,P51G,RO,2016-Q1,566.9
Q,MIO_EUR,NSA,S13,P51G,RO,2016-Q2,1277.8
Q,MIO_EUR,NSA,S13,P51G,RO,2016-Q3,1577.4
Q,MIO_EUR,NSA,S13,P51G,RO,2016-Q4,2638
Q,MIO_EUR,NSA,S13,P51G,RO,2017-Q1,480.4
Q,MIO_EUR,NSA,S13,P51G,RO,2017-Q2,573.8
Q,MIO_EUR,NSA,S13,P51G,RO,2017-Q3,1439.5
Q,MIO_EUR,NSA,S13,P51G,RO,2017-Q4,2357.8
Q,MIO_EUR,NSA,S13,P51G,RO,2018-Q1,543.8
Q,MIO_EUR,NSA,S13,P51G,RO,2018-Q2,319.9
Q,MIO_EUR,NSA,S13,P51G,RO,2018-Q3,1754.1
Q,MIO_EUR,NSA,S13,P51G,RO,2018-Q4,2540.3
Q,MIO_EUR,NSA,S13,P51G,RO,2019-Q1,456.4
Q,MIO_EUR,NSA,S13,P51G,RO,2019-Q2,1090.5
Q,MIO_EUR,NSA,S13,P51G,RO,2019-Q3,2389.5
Q,MIO_EUR,NSA,S13,P51G,RO,2019-Q4,3606.9
Q,MIO_EUR,NSA,S13,P51G,RO,2020-Q1,1112.5
Q,MIO_EUR,NSA,S13,P51G,RO,2020-Q2,1668.5
Q,MIO_EUR,NSA,S13,P51G,RO,2020-Q3,2799.8
Q,MIO_EUR,NSA,S13,P51G,RO,2020-Q4,4148.2
Q,MIO_EUR,NSA,S13,P51G,RO,2021-Q1,1294.7
Q,MIO_EUR,NSA,S13,P51G,RO,2021-Q2,1887.3
Q,MIO_EUR,NSA,S13,P51G,RO,2021-Q3,2051.5
Q,MIO_EUR,NSA,S13,P51G,RO,2021-Q4,4572.1
Q,MIO_EUR,NSA,S13,P51G,RO,2022-Q1,1391.8
Q,MIO_EUR,NSA,S13,P51G,RO,2022-Q2,2137
Q,MIO_EUR,NSA,S13,P51G,RO,2022-Q3,2952.3
Q,MIO_EUR,NSA,S13,P51G,RO,2022-Q4,5716.5
Q,MIO_EUR,NSA,S13,P51G,RO,2023-Q1,1751.7
Q,MIO_EUR,NSA,S13,P51G,RO,2023-Q2,3113.2
Q,MIO_EUR,NSA,S13,P51G,RO,2023-Q3,3763.3
Q,MIO_EUR,NSA,S13,P51G,RO,2023-Q4,8638.8
Q,MIO_EUR,NSA,S13,P51G,RO,2024-Q1,3735.5
Q,MIO_EUR,NSA,S13,P51G,RO,2024-Q2,3816.7
Q,MIO_EUR,NSA,S13,P51G,RO,2024-Q3,5440.9
Q,MIO_EUR,NSA,S13,P51G,RO,2024-Q4,7750
Q,MIO_EUR,NSA,S13,P51G,RO,2025-Q1,3895.2
Q,MIO_EUR,NSA,S13,P51G,RO,2025-Q2,4482.9
Q,MIO_EUR,NSA,S13,P51G,RO,2025-Q3,5131.3
Q,MIO_EUR,NSA,S13,P51G,RO,2025-Q4,9315.6
Q,MIO_EUR,NSA,S13,P51G,RO,2026-Q1,1952
Q,MIO_EUR,NSA,S13,P51G,SI,1995-Q1,
Q,MIO_EUR,NSA,S13,P51G,SI,1995-Q2,
Q,MIO_EUR,NSA,S13,P51G,SI,1995-Q3,
Q,MIO_EUR,NSA,S13,P51G,SI,1995-Q4,
Q,MIO_EUR,NSA,S13,P51G,SI,1996-Q1,
Q,MIO_EUR,NSA,S13,P51G,SI,1996-Q2,
Q,MIO_EUR,NSA,S13,P51G,SI,1996-Q3,
Q,MIO_EUR,NSA,S13,P51G,SI,1996-Q4,
Q,MIO_EUR,NSA,S13,P51G,SI,1997-Q1,
Q,MIO_EUR,NSA,S13,P51G,SI,1997-Q2,
Q,MIO_EUR,NSA,S13,P51G,SI,1997-Q3,
Q,MIO_EUR,NSA,S13,P51G,SI,1997-Q4,
Q,MIO_EUR,NSA,S13,P51G,SI,1998-Q1,
Q,MIO_EUR,NSA,S13,P51G,SI,1998-Q2,
Q,MIO_EUR,NSA,S13,P51G,SI,1998-Q3,
Q,MIO_EUR,NSA,S13,P51G,SI,1998-Q4,
Q,MIO_EUR,NSA,S13,P51G,SI,1999-Q1,204.8
Q,MIO_EUR,NSA,S13,P51G,SI,1999-Q2,219
Q,MIO_EUR,NSA,S13,P51G,SI,1999-Q3,209.7
Q,MIO_EUR,NSA,S13,P51G,SI,1999-Q4,224.1
Q,MIO_EUR,NSA,S13,P51G,SI,2000-Q1,188.7
Q,MIO_EUR,NSA,S13,P51G,SI,2000-Q2,213.8
Q,MIO_EUR,NSA,S13,P51G,SI,2000-Q3,199.4
Q,MIO_EUR,NSA,S13,P51G,SI,2000-Q4,210.6
Q,MIO_EUR,NSA,S13,P51G,SI,2001-Q1,202.3
Q,MIO_EUR,NSA,S13,P51G,SI,2001-Q2,230.3
Q,MIO_EUR,NSA,S13,P51G,SI,2001-Q3,227.4
Q,MIO_EUR,NSA,S13,P51G,SI,2001-Q4,253.7
Q,MIO_EUR,NSA,S13,P51G,SI,2002-Q1,215.9
Q,MIO_EUR,NSA,S13,P51G,SI,2002-Q2,232.3
Q,MIO_EUR,NSA,S13,P51G,SI,2002-Q3,235.4
Q,MIO_EUR,NSA,S13,P51G,SI,2002-Q4,249.5
Q,MIO_EUR,NSA,S13,P51G,SI,2003-Q1,222.8
Q,MIO_EUR,NSA,S13,P51G,SI,2003-Q2,247.8
Q,MIO_EUR,NSA,S13,P51G,SI,2003-Q3,252.4
Q,MIO_EUR,NSA,S13,P51G,SI,2003-Q4,265.8
Q,MIO_EUR,NSA,S13,P51G,SI,2004-Q1,251.9
Q,MIO_EUR,NSA,S13,P51G,SI,2004-Q2,253.9
Q,MIO_EUR,NSA,S13,P51G,SI,2004-Q3,273.1
Q,MIO_EUR,NSA,S13,P51G,SI,2004-Q4,317
Q,MIO_EUR,NSA,S13,P51G,SI,2005-Q1,236.9
Q,MIO_EUR,NSA,S13,P51G,SI,2005-Q2,283.6
Q,MIO_EUR,NSA,S13,P51G,SI,2005-Q3,275.6
Q,MIO_EUR,NSA,S13,P51G,SI,2005-Q4,310.6
Q,MIO_EUR,NSA,S13,P51G,SI,2006-Q1,295.8
Q,MIO_EUR,NSA,S13,P51G,SI,2006-Q2,348.7
Q,MIO_EUR,NSA,S13,P51G,SI,2006-Q3,343.3
Q,MIO_EUR,NSA,S13,P51G,SI,2006-Q4,371.4
Q,MIO_EUR,NSA,S13,P51G,SI,2007-Q1,352.3
Q,MIO_EUR,NSA,S13,P51G,SI,2007-Q2,404.1
Q,MIO_EUR,NSA,S13,P51G,SI,2007-Q3,417.1
Q,MIO_EUR,NSA,S13,P51G,SI,2007-Q4,427.8
Q,MIO_EUR,NSA,S13,P51G,SI,2008-Q1,409.6
Q,MIO_EUR,NSA,S13,P51G,SI,2008-Q2,473.1
Q,MIO_EUR,NSA,S13,P51G,SI,2008-Q3,467.8
Q,MIO_EUR,NSA,S13,P51G,SI,2008-Q4,446.5
Q,MIO_EUR,NSA,S13,P51G,SI,2009-Q1,410.2
Q,MIO_EUR,NSA,S13,P51G,SI,2009-Q2,461.7
Q,MIO_EUR,NSA,S13,P51G,SI,2009-Q3,473.3
Q,MIO_EUR,NSA,S13,P51G,SI,2009-Q4,491.7
Q,MIO_EUR,NSA,S13,P51G,SI,2010-Q1,394.6
Q,MIO_EUR,NSA,S13,P51G,SI,2010-Q2,458.6
Q,MIO_EUR,NSA,S13,P51G,SI,2010-Q3,460.8
Q,MIO_EUR,NSA,S13,P51G,SI,2010-Q4,487.9
Q,MIO_EUR,NSA,S13,P51G,SI,2011-Q1,362.5
Q,MIO_EUR,NSA,S13,P51G,SI,2011-Q2,382.3
Q,MIO_EUR,NSA,S13,P51G,SI,2011-Q3,373.5
Q,MIO_EUR,NSA,S13,P51G,SI,2011-Q4,386.2
Q,MIO_EUR,NSA,S13,P51G,SI,2012-Q1,356.9
Q,MIO_EUR,NSA,S13,P51G,SI,2012-Q2,359.7
Q,MIO_EUR,NSA,S13,P51G,SI,2012-Q3,380.1
Q,MIO_EUR,NSA,S13,P51G,SI,2012-Q4,368.3
Q,MIO_EUR,NSA,S13,P51G,SI,2013-Q1,346
Q,MIO_EUR,NSA,S13,P51G,SI,2013-Q2,389.7
Q,MIO_EUR,NSA,S13,P51G,SI,2013-Q3,418.4
Q,MIO_EUR,NSA,S13,P51G,SI,2013-Q4,421.9
Q,MIO_EUR,NSA,S13,P51G,SI,2014-Q1,425.5
Q,MIO_EUR,NSA,S13,P51G,SI,2014-Q2,480.6
Q,MIO_EUR,NSA,S13,P51G,SI,2014-Q3,494.2
Q,MIO_EUR,NSA,S13,P51G,SI,2014-Q4,507.7
Q,MIO_EUR,NSA,S13,P51G,SI,2015-Q1,419.1
Q,MIO_EUR,NSA,S13,P51G,SI,2015-Q2,469.4
Q,MIO_EUR,NSA,S13,P51G,SI,2015-Q3,474.5
Q,MIO_EUR,NSA,S13,P51G,SI,2015-Q4,486.2
Q,MIO_EUR,NSA,S13,P51G,SI,2016-Q1,308.6
Q,MIO_EUR,NSA,S13,P51G,SI,2016-Q2,343.3
Q,MIO_EUR,NSA,S13,P51G,SI,2016-Q3,335.3
Q,MIO_EUR,NSA,S13,P51G,SI,2016-Q4,351.7
Q,MIO_EUR,NSA,S13,P51G,SI,2017-Q1,301.1
Q,MIO_EUR,NSA,S13,P51G,SI,2017-Q2,330.3
Q,MIO_EUR,NSA,S13,P51G,SI,2017-Q3,335.4
Q,MIO_EUR,NSA,S13,P51G,SI,2017-Q4,345.8
Q,MIO_EUR,NSA,S13,P51G,SI,2018-Q1,394.9
Q,MIO_EUR,NSA,S13,P51G,SI,2018-Q2,415.1
Q,MIO_EUR,NSA,S13,P51G,SI,2018-Q3,432
Q,MIO_EUR,NSA,S13,P51G,SI,2018-Q4,437.1
Q,MIO_EUR,NSA,S13,P51G,SI,2019-Q1,430.1
Q,MIO_EUR,NSA,S13,P51G,SI,2019-Q2,453.6
Q,MIO_EUR,NSA,S13,P51G,SI,2019-Q3,409.9
Q,MIO_EUR,NSA,S13,P51G,SI,2019-Q4,566.8
Q,MIO_EUR,NSA,S13,P51G,SI,2020-Q1,447.3
Q,MIO_EUR,NSA,S13,P51G,SI,2020-Q2,445.1
Q,MIO_EUR,NSA,S13,P51G,SI,2020-Q3,469.4
Q,MIO_EUR,NSA,S13,P51G,SI,2020-Q4,571.5
Q,MIO_EUR,NSA,S13,P51G,SI,2021-Q1,494.2
Q,MIO_EUR,NSA,S13,P51G,SI,2021-Q2,590.4
Q,MIO_EUR,NSA,S13,P51G,SI,2021-Q3,652.1
Q,MIO_EUR,NSA,S13,P51G,SI,2021-Q4,704.9
Q,MIO_EUR,NSA,S13,P51G,SI,2022-Q1,638.4
Q,MIO_EUR,NSA,S13,P51G,SI,2022-Q2,769.7
Q,MIO_EUR,NSA,S13,P51G,SI,2022-Q3,798.7
Q,MIO_EUR,NSA,S13,P51G,SI,2022-Q4,931.8
Q,MIO_EUR,NSA,S13,P51G,SI,2023-Q1,792
Q,MIO_EUR,NSA,S13,P51G,SI,2023-Q2,865.4
Q,MIO_EUR,NSA,S13,P51G,SI,2023-Q3,899.9
Q,MIO_EUR,NSA,S13,P51G,SI,2023-Q4,951.3
Q,MIO_EUR,NSA,S13,P51G,SI,2024-Q1,807.2
Q,MIO_EUR,NSA,S13,P51G,SI,2024-Q2,817.9
Q,MIO_EUR,NSA,S13,P51G,SI,2024-Q3,878.9
Q,MIO_EUR,NSA,S13,P51G,SI,2024-Q4,957.6
Q,MIO_EUR,NSA,S13,P51G,SI,2025-Q1,825.7
Q,MIO_EUR,NSA,S13,P51G,SI,2025-Q2,921.5
Q,MIO_EUR,NSA,S13,P51G,SI,2025-Q3,958.8
Q,MIO_EUR,NSA,S13,P51G,SI,2025-Q4,1233.7
Q,MIO_EUR,NSA,S13,P51G,SI,2026-Q1,1010.7
Q,MIO_EUR,NSA,S13,P51G,SK,1995-Q1,
Q,MIO_EUR,NSA,S13,P51G,SK,1995-Q2,
Q,MIO_EUR,NSA,S13,P51G,SK,1995-Q3,
Q,MIO_EUR,NSA,S13,P51G,SK,1995-Q4,
Q,MIO_EUR,NSA,S13,P51G,SK,1996-Q1,
Q,MIO_EUR,NSA,S13,P51G,SK,1996-Q2,
Q,MIO_EUR,NSA,S13,P51G,SK,1996-Q3,
Q,MIO_EUR,NSA,S13,P51G,SK,1996-Q4,
Q,MIO_EUR,NSA,S13,P51G,SK,1997-Q1,
Q,MIO_EUR,NSA,S13,P51G,SK,1997-Q2,
Q,MIO_EUR,NSA,S13,P51G,SK,1997-Q3,
Q,MIO_EUR,NSA,S13,P51G,SK,1997-Q4,
Q,MIO_EUR,NSA,S13,P51G,SK,1998-Q1,
Q,MIO_EUR,NSA,S13,P51G,SK,1998-Q2,
Q,MIO_EUR,NSA,S13,P51G,SK,1998-Q3,
Q,MIO_EUR,NSA,S13,P51G,SK,1998-Q4,
Q,MIO_EUR,NSA,S13,P51G,SK,1999-Q1,155.3
Q,MIO_EUR,NSA,S13,P51G,SK,1999-Q2,188.7
Q,MIO_EUR,NSA,S13,P51G,SK,1999-Q3,162.6
Q,MIO_EUR,NSA,S13,P51G,SK,1999-Q4,236.1
Q,MIO_EUR,NSA,S13,P51G,SK,2000-Q1,166.6
Q,MIO_EUR,NSA,S13,P51G,SK,2000-Q2,210
Q,MIO_EUR,NSA,S13,P51G,SK,2000-Q3,196.2
Q,MIO_EUR,NSA,S13,P51G,SK,2000-Q4,263.9
Q,MIO_EUR,NSA,S13,P51G,SK,2001-Q1,157.2
Q,MIO_EUR,NSA,S13,P51G,SK,2001-Q2,242.8
Q,MIO_EUR,NSA,S13,P51G,SK,2001-Q3,246.1
Q,MIO_EUR,NSA,S13,P51G,SK,2001-Q4,314.4
Q,MIO_EUR,NSA,S13,P51G,SK,2002-Q1,159.5
Q,MIO_EUR,NSA,S13,P51G,SK,2002-Q2,266.2
Q,MIO_EUR,NSA,S13,P51G,SK,2002-Q3,268.6
Q,MIO_EUR,NSA,S13,P51G,SK,2002-Q4,403.3
Q,MIO_EUR,NSA,S13,P51G,SK,2003-Q1,115.9
Q,MIO_EUR,NSA,S13,P51G,SK,2003-Q2,226.8
Q,MIO_EUR,NSA,S13,P51G,SK,2003-Q3,225.3
Q,MIO_EUR,NSA,S13,P51G,SK,2003-Q4,404.6
Q,MIO_EUR,NSA,S13,P51G,SK,2004-Q1,129.8
Q,MIO_EUR,NSA,S13,P51G,SK,2004-Q2,258
Q,MIO_EUR,NSA,S13,P51G,SK,2004-Q3,231.9
Q,MIO_EUR,NSA,S13,P51G,SK,2004-Q4,427.5
Q,MIO_EUR,NSA,S13,P51G,SK,2005-Q1,185.4
Q,MIO_EUR,NSA,S13,P51G,SK,2005-Q2,337.6
Q,MIO_EUR,NSA,S13,P51G,SK,2005-Q3,278
Q,MIO_EUR,NSA,S13,P51G,SK,2005-Q4,579.9
Q,MIO_EUR,NSA,S13,P51G,SK,2006-Q1,313.9
Q,MIO_EUR,NSA,S13,P51G,SK,2006-Q2,442.4
Q,MIO_EUR,NSA,S13,P51G,SK,2006-Q3,342
Q,MIO_EUR,NSA,S13,P51G,SK,2006-Q4,668.9
Q,MIO_EUR,NSA,S13,P51G,SK,2007-Q1,241.3
Q,MIO_EUR,NSA,S13,P51G,SK,2007-Q2,446.9
Q,MIO_EUR,NSA,S13,P51G,SK,2007-Q3,396.5
Q,MIO_EUR,NSA,S13,P51G,SK,2007-Q4,828.3
Q,MIO_EUR,NSA,S13,P51G,SK,2008-Q1,323.2
Q,MIO_EUR,NSA,S13,P51G,SK,2008-Q2,596.3
Q,MIO_EUR,NSA,S13,P51G,SK,2008-Q3,519.3
Q,MIO_EUR,NSA,S13,P51G,SK,2008-Q4,868.7
Q,MIO_EUR,NSA,S13,P51G,SK,2009-Q1,408.4
Q,MIO_EUR,NSA,S13,P51G,SK,2009-Q2,676.6
Q,MIO_EUR,NSA,S13,P51G,SK,2009-Q3,594.9
Q,MIO_EUR,NSA,S13,P51G,SK,2009-Q4,860.5
Q,MIO_EUR,NSA,S13,P51G,SK,2010-Q1,403.6
Q,MIO_EUR,NSA,S13,P51G,SK,2010-Q2,668.7
Q,MIO_EUR,NSA,S13,P51G,SK,2010-Q3,579.8
Q,MIO_EUR,NSA,S13,P51G,SK,2010-Q4,861.1
Q,MIO_EUR,NSA,S13,P51G,SK,2011-Q1,449.2
Q,MIO_EUR,NSA,S13,P51G,SK,2011-Q2,703.6
Q,MIO_EUR,NSA,S13,P51G,SK,2011-Q3,599.8
Q,MIO_EUR,NSA,S13,P51G,SK,2011-Q4,935.3
Q,MIO_EUR,NSA,S13,P51G,SK,2012-Q1,371.5
Q,MIO_EUR,NSA,S13,P51G,SK,2012-Q2,488.3
Q,MIO_EUR,NSA,S13,P51G,SK,2012-Q3,603.5
Q,MIO_EUR,NSA,S13,P51G,SK,2012-Q4,948.1
Q,MIO_EUR,NSA,S13,P51G,SK,2013-Q1,262.1
Q,MIO_EUR,NSA,S13,P51G,SK,2013-Q2,492.7
Q,MIO_EUR,NSA,S13,P51G,SK,2013-Q3,733.9
Q,MIO_EUR,NSA,S13,P51G,SK,2013-Q4,1043.8
Q,MIO_EUR,NSA,S13,P51G,SK,2014-Q1,362.4
Q,MIO_EUR,NSA,S13,P51G,SK,2014-Q2,673.7
Q,MIO_EUR,NSA,S13,P51G,SK,2014-Q3,863.1
Q,MIO_EUR,NSA,S13,P51G,SK,2014-Q4,1258.6
Q,MIO_EUR,NSA,S13,P51G,SK,2015-Q1,512.6
Q,MIO_EUR,NSA,S13,P51G,SK,2015-Q2,928.4
Q,MIO_EUR,NSA,S13,P51G,SK,2015-Q3,1427.8
Q,MIO_EUR,NSA,S13,P51G,SK,2015-Q4,2319.7
Q,MIO_EUR,NSA,S13,P51G,SK,2016-Q1,476.4
Q,MIO_EUR,NSA,S13,P51G,SK,2016-Q2,685.9
Q,MIO_EUR,NSA,S13,P51G,SK,2016-Q3,620.2
Q,MIO_EUR,NSA,S13,P51G,SK,2016-Q4,1000.2
Q,MIO_EUR,NSA,S13,P51G,SK,2017-Q1,427.6
Q,MIO_EUR,NSA,S13,P51G,SK,2017-Q2,581.1
Q,MIO_EUR,NSA,S13,P51G,SK,2017-Q3,756.4
Q,MIO_EUR,NSA,S13,P51G,SK,2017-Q4,1101.8
Q,MIO_EUR,NSA,S13,P51G,SK,2018-Q1,406.5
Q,MIO_EUR,NSA,S13,P51G,SK,2018-Q2,701.3
Q,MIO_EUR,NSA,S13,P51G,SK,2018-Q3,868.1
Q,MIO_EUR,NSA,S13,P51G,SK,2018-Q4,1394.9
Q,MIO_EUR,NSA,S13,P51G,SK,2019-Q1,502.4
Q,MIO_EUR,NSA,S13,P51G,SK,2019-Q2,658.6
Q,MIO_EUR,NSA,S13,P51G,SK,2019-Q3,750.5
Q,MIO_EUR,NSA,S13,P51G,SK,2019-Q4,1476.9
Q,MIO_EUR,NSA,S13,P51G,SK,2020-Q1,535.2
Q,MIO_EUR,NSA,S13,P51G,SK,2020-Q2,664.7
Q,MIO_EUR,NSA,S13,P51G,SK,2020-Q3,703.2
Q,MIO_EUR,NSA,S13,P51G,SK,2020-Q4,1305.6
Q,MIO_EUR,NSA,S13,P51G,SK,2021-Q1,563
Q,MIO_EUR,NSA,S13,P51G,SK,2021-Q2,549
Q,MIO_EUR,NSA,S13,P51G,SK,2021-Q3,803.3
Q,MIO_EUR,NSA,S13,P51G,SK,2021-Q4,1156.3
Q,MIO_EUR,NSA,S13,P51G,SK,2022-Q1,565.1
Q,MIO_EUR,NSA,S13,P51G,SK,2022-Q2,329.9
Q,MIO_EUR,NSA,S13,P51G,SK,2022-Q3,883.9
Q,MIO_EUR,NSA,S13,P51G,SK,2022-Q4,1599.9
Q,MIO_EUR,NSA,S13,P51G,SK,2023-Q1,-446.9
Q,MIO_EUR,NSA,S13,P51G,SK,2023-Q2,569.6
Q,MIO_EUR,NSA,S13,P51G,SK,2023-Q3,1550.8
Q,MIO_EUR,NSA,S13,P51G,SK,2023-Q4,2864.7
Q,MIO_EUR,NSA,S13,P51G,SK,2024-Q1,581
Q,MIO_EUR,NSA,S13,P51G,SK,2024-Q2,788.4
Q,MIO_EUR,NSA,S13,P51G,SK,2024-Q3,1124.1
Q,MIO_EUR,NSA,S13,P51G,SK,2024-Q4,2131.5
Q,MIO_EUR,NSA,S13,P51G,SK,2025-Q1,766.9
Q,MIO_EUR,NSA,S13,P51G,SK,2025-Q2,1275.9
Q,MIO_EUR,NSA,S13,P51G,SK,2025-Q3,1326.6
Q,MIO_EUR,NSA,S13,P51G,SK,2025-Q4,2822.5
Q,MIO_EUR,NSA,S13,P51G,SK,2026-Q1,1117.8
Q,MIO_EUR,NSA,S13,P51G,FI,1995-Q1,
Q,MIO_EUR,NSA,S13,P51G,FI,1995-Q2,
Q,MIO_EUR,NSA,S13,P51G,FI,1995-Q3,
Q,MIO_EUR,NSA,S13,P51G,FI,1995-Q4,
Q,MIO_EUR,NSA,S13,P51G,FI,1996-Q1,
Q,MIO_EUR,NSA,S13,P51G,FI,1996-Q2,
Q,MIO_EUR,NSA,S13,P51G,FI,1996-Q3,
Q,MIO_EUR,NSA,S13,P51G,FI,1996-Q4,
Q,MIO_EUR,NSA,S13,P51G,FI,1997-Q1,
Q,MIO_EUR,NSA,S13,P51G,FI,1997-Q2,
Q,MIO_EUR,NSA,S13,P51G,FI,1997-Q3,
Q,MIO_EUR,NSA,S13,P51G,FI,1997-Q4,
Q,MIO_EUR,NSA,S13,P51G,FI,1998-Q1,
Q,MIO_EUR,NSA,S13,P51G,FI,1998-Q2,
Q,MIO_EUR,NSA,S13,P51G,FI,1998-Q3,
Q,MIO_EUR,NSA,S13,P51G,FI,1998-Q4,
Q,MIO_EUR,NSA,S13,P51G,FI,1999-Q1,1014
Q,MIO_EUR,NSA,S13,P51G,FI,1999-Q2,1298
Q,MIO_EUR,NSA,S13,P51G,FI,1999-Q3,1341
Q,MIO_EUR,NSA,S13,P51G,FI,1999-Q4,1343
Q,MIO_EUR,NSA,S13,P51G,FI,2000-Q1,995
Q,MIO_EUR,NSA,S13,P51G,FI,2000-Q2,1173
Q,MIO_EUR,NSA,S13,P51G,FI,2000-Q3,1282
Q,MIO_EUR,NSA,S13,P51G,FI,2000-Q4,1359
Q,MIO_EUR,NSA,S13,P51G,FI,2001-Q1,955
Q,MIO_EUR,NSA,S13,P51G,FI,2001-Q2,1183
Q,MIO_EUR,NSA,S13,P51G,FI,2001-Q3,1338
Q,MIO_EUR,NSA,S13,P51G,FI,2001-Q4,1445
Q,MIO_EUR,NSA,S13,P51G,FI,2002-Q1,1143
Q,MIO_EUR,NSA,S13,P51G,FI,2002-Q2,1356
Q,MIO_EUR,NSA,S13,P51G,FI,2002-Q3,1482
Q,MIO_EUR,NSA,S13,P51G,FI,2002-Q4,1506
Q,MIO_EUR,NSA,S13,P51G,FI,2003-Q1,1247
Q,MIO_EUR,NSA,S13,P51G,FI,2003-Q2,1446
Q,MIO_EUR,NSA,S13,P51G,FI,2003-Q3,1568
Q,MIO_EUR,NSA,S13,P51G,FI,2003-Q4,1606
Q,MIO_EUR,NSA,S13,P51G,FI,2004-Q1,1250
Q,MIO_EUR,NSA,S13,P51G,FI,2004-Q2,1522
Q,MIO_EUR,NSA,S13,P51G,FI,2004-Q3,1661
Q,MIO_EUR,NSA,S13,P51G,FI,2004-Q4,1772
Q,MIO_EUR,NSA,S13,P51G,FI,2005-Q1,1153
Q,MIO_EUR,NSA,S13,P51G,FI,2005-Q2,1462
Q,MIO_EUR,NSA,S13,P51G,FI,2005-Q3,1634
Q,MIO_EUR,NSA,S13,P51G,FI,2005-Q4,1670
Q,MIO_EUR,NSA,S13,P51G,FI,2006-Q1,1124
Q,MIO_EUR,NSA,S13,P51G,FI,2006-Q2,1365
Q,MIO_EUR,NSA,S13,P51G,FI,2006-Q3,1546
Q,MIO_EUR,NSA,S13,P51G,FI,2006-Q4,1742
Q,MIO_EUR,NSA,S13,P51G,FI,2007-Q1,1301
Q,MIO_EUR,NSA,S13,P51G,FI,2007-Q2,1551
Q,MIO_EUR,NSA,S13,P51G,FI,2007-Q3,1731
Q,MIO_EUR,NSA,S13,P51G,FI,2007-Q4,1935
Q,MIO_EUR,NSA,S13,P51G,FI,2008-Q1,1307
Q,MIO_EUR,NSA,S13,P51G,FI,2008-Q2,1606
Q,MIO_EUR,NSA,S13,P51G,FI,2008-Q3,1952
Q,MIO_EUR,NSA,S13,P51G,FI,2008-Q4,2100
Q,MIO_EUR,NSA,S13,P51G,FI,2009-Q1,1214
Q,MIO_EUR,NSA,S13,P51G,FI,2009-Q2,1545
Q,MIO_EUR,NSA,S13,P51G,FI,2009-Q3,2003
Q,MIO_EUR,NSA,S13,P51G,FI,2009-Q4,2360
Q,MIO_EUR,NSA,S13,P51G,FI,2010-Q1,1263
Q,MIO_EUR,NSA,S13,P51G,FI,2010-Q2,1594
Q,MIO_EUR,NSA,S13,P51G,FI,2010-Q3,1693
Q,MIO_EUR,NSA,S13,P51G,FI,2010-Q4,2335
Q,MIO_EUR,NSA,S13,P51G,FI,2011-Q1,1483
Q,MIO_EUR,NSA,S13,P51G,FI,2011-Q2,1746
Q,MIO_EUR,NSA,S13,P51G,FI,2011-Q3,1931
Q,MIO_EUR,NSA,S13,P51G,FI,2011-Q4,2328
Q,MIO_EUR,NSA,S13,P51G,FI,2012-Q1,1769
Q,MIO_EUR,NSA,S13,P51G,FI,2012-Q2,2017
Q,MIO_EUR,NSA,S13,P51G,FI,2012-Q3,2048
Q,MIO_EUR,NSA,S13,P51G,FI,2012-Q4,2264
Q,MIO_EUR,NSA,S13,P51G,FI,2013-Q1,1847
Q,MIO_EUR,NSA,S13,P51G,FI,2013-Q2,2056
Q,MIO_EUR,NSA,S13,P51G,FI,2013-Q3,2122
Q,MIO_EUR,NSA,S13,P51G,FI,2013-Q4,2475
Q,MIO_EUR,NSA,S13,P51G,FI,2014-Q1,1887
Q,MIO_EUR,NSA,S13,P51G,FI,2014-Q2,2182
Q,MIO_EUR,NSA,S13,P51G,FI,2014-Q3,2198
Q,MIO_EUR,NSA,S13,P51G,FI,2014-Q4,2400
Q,MIO_EUR,NSA,S13,P51G,FI,2015-Q1,1785
Q,MIO_EUR,NSA,S13,P51G,FI,2015-Q2,1998
Q,MIO_EUR,NSA,S13,P51G,FI,2015-Q3,1880
Q,MIO_EUR,NSA,S13,P51G,FI,2015-Q4,2245
Q,MIO_EUR,NSA,S13,P51G,FI,2016-Q1,1562
Q,MIO_EUR,NSA,S13,P51G,FI,2016-Q2,2348
Q,MIO_EUR,NSA,S13,P51G,FI,2016-Q3,2802
Q,MIO_EUR,NSA,S13,P51G,FI,2016-Q4,2305
Q,MIO_EUR,NSA,S13,P51G,FI,2017-Q1,1959
Q,MIO_EUR,NSA,S13,P51G,FI,2017-Q2,1957
Q,MIO_EUR,NSA,S13,P51G,FI,2017-Q3,2465
Q,MIO_EUR,NSA,S13,P51G,FI,2017-Q4,2833
Q,MIO_EUR,NSA,S13,P51G,FI,2018-Q1,2024
Q,MIO_EUR,NSA,S13,P51G,FI,2018-Q2,2295
Q,MIO_EUR,NSA,S13,P51G,FI,2018-Q3,2596
Q,MIO_EUR,NSA,S13,P51G,FI,2018-Q4,3067
Q,MIO_EUR,NSA,S13,P51G,FI,2019-Q1,2160
Q,MIO_EUR,NSA,S13,P51G,FI,2019-Q2,2595
Q,MIO_EUR,NSA,S13,P51G,FI,2019-Q3,2576
Q,MIO_EUR,NSA,S13,P51G,FI,2019-Q4,3182
Q,MIO_EUR,NSA,S13,P51G,FI,2020-Q1,2319
Q,MIO_EUR,NSA,S13,P51G,FI,2020-Q2,2902
Q,MIO_EUR,NSA,S13,P51G,FI,2020-Q3,2978
Q,MIO_EUR,NSA,S13,P51G,FI,2020-Q4,3312
Q,MIO_EUR,NSA,S13,P51G,FI,2021-Q1,1899
Q,MIO_EUR,NSA,S13,P51G,FI,2021-Q2,2660
Q,MIO_EUR,NSA,S13,P51G,FI,2021-Q3,2633
Q,MIO_EUR,NSA,S13,P51G,FI,2021-Q4,3311
Q,MIO_EUR,NSA,S13,P51G,FI,2022-Q1,2190
Q,MIO_EUR,NSA,S13,P51G,FI,2022-Q2,2467
Q,MIO_EUR,NSA,S13,P51G,FI,2022-Q3,2738
Q,MIO_EUR,NSA,S13,P51G,FI,2022-Q4,3630
Q,MIO_EUR,NSA,S13,P51G,FI,2023-Q1,1942
Q,MIO_EUR,NSA,S13,P51G,FI,2023-Q2,2584
Q,MIO_EUR,NSA,S13,P51G,FI,2023-Q3,3041
Q,MIO_EUR,NSA,S13,P51G,FI,2023-Q4,3479
Q,MIO_EUR,NSA,S13,P51G,FI,2024-Q1,2161
Q,MIO_EUR,NSA,S13,P51G,FI,2024-Q2,3036
Q,MIO_EUR,NSA,S13,P51G,FI,2024-Q3,3191
Q,MIO_EUR,NSA,S13,P51G,FI,2024-Q4,3948
Q,MIO_EUR,NSA,S13,P51G,FI,2025-Q1,2272
Q,MIO_EUR,NSA,S13,P51G,FI,2025-Q2,3116
Q,MIO_EUR,NSA,S13,P51G,FI,2025-Q3,3112
Q,MIO_EUR,NSA,S13,P51G,FI,2025-Q4,4260
Q,MIO_EUR,NSA,S13,P51G,FI,2026-Q1,3109
Q,MIO_EUR,NSA,S13,P51G,SE,1995-Q1,2283.8
Q,MIO_EUR,NSA,S13,P51G,SE,1995-Q2,2456.1
Q,MIO_EUR,NSA,S13,P51G,SE,1995-Q3,2527.2
Q,MIO_EUR,NSA,S13,P51G,SE,1995-Q4,3126
Q,MIO_EUR,NSA,S13,P51G,SE,1996-Q1,2238
Q,MIO_EUR,NSA,S13,P51G,SE,1996-Q2,2581.6
Q,MIO_EUR,NSA,S13,P51G,SE,1996-Q3,2999.2
Q,MIO_EUR,NSA,S13,P51G,SE,1996-Q4,3429.1
Q,MIO_EUR,NSA,S13,P51G,SE,1997-Q1,2155.3
Q,MIO_EUR,NSA,S13,P51G,SE,1997-Q2,2408.6
Q,MIO_EUR,NSA,S13,P51G,SE,1997-Q3,2680
Q,MIO_EUR,NSA,S13,P51G,SE,1997-Q4,2975
Q,MIO_EUR,NSA,S13,P51G,SE,1998-Q1,2217.5
Q,MIO_EUR,NSA,S13,P51G,SE,1998-Q2,2651.9
Q,MIO_EUR,NSA,S13,P51G,SE,1998-Q3,2552.4
Q,MIO_EUR,NSA,S13,P51G,SE,1998-Q4,2935.8
Q,MIO_EUR,NSA,S13,P51G,SE,1999-Q1,2287.3
Q,MIO_EUR,NSA,S13,P51G,SE,1999-Q2,2707.8
Q,MIO_EUR,NSA,S13,P51G,SE,1999-Q3,2672.3
Q,MIO_EUR,NSA,S13,P51G,SE,1999-Q4,3734.1
Q,MIO_EUR,NSA,S13,P51G,SE,2000-Q1,2253.4
Q,MIO_EUR,NSA,S13,P51G,SE,2000-Q2,2762.8
Q,MIO_EUR,NSA,S13,P51G,SE,2000-Q3,2533.1
Q,MIO_EUR,NSA,S13,P51G,SE,2000-Q4,3623
Q,MIO_EUR,NSA,S13,P51G,SE,2001-Q1,2095.9
Q,MIO_EUR,NSA,S13,P51G,SE,2001-Q2,2755.9
Q,MIO_EUR,NSA,S13,P51G,SE,2001-Q3,2487.4
Q,MIO_EUR,NSA,S13,P51G,SE,2001-Q4,3823.5
Q,MIO_EUR,NSA,S13,P51G,SE,2002-Q1,2233.7
Q,MIO_EUR,NSA,S13,P51G,SE,2002-Q2,3207.8
Q,MIO_EUR,NSA,S13,P51G,SE,2002-Q3,2663.6
Q,MIO_EUR,NSA,S13,P51G,SE,2002-Q4,4229.9
Q,MIO_EUR,NSA,S13,P51G,SE,2003-Q1,2381
Q,MIO_EUR,NSA,S13,P51G,SE,2003-Q2,3234.7
Q,MIO_EUR,NSA,S13,P51G,SE,2003-Q3,2704
Q,MIO_EUR,NSA,S13,P51G,SE,2003-Q4,4096.8
Q,MIO_EUR,NSA,S13,P51G,SE,2004-Q1,2432.4
Q,MIO_EUR,NSA,S13,P51G,SE,2004-Q2,3323.6
Q,MIO_EUR,NSA,S13,P51G,SE,2004-Q3,2780.4
Q,MIO_EUR,NSA,S13,P51G,SE,2004-Q4,4253.1
Q,MIO_EUR,NSA,S13,P51G,SE,2005-Q1,2518.8
Q,MIO_EUR,NSA,S13,P51G,SE,2005-Q2,3110.9
Q,MIO_EUR,NSA,S13,P51G,SE,2005-Q3,2311.8
Q,MIO_EUR,NSA,S13,P51G,SE,2005-Q4,4086.7
Q,MIO_EUR,NSA,S13,P51G,SE,2006-Q1,2163.4
Q,MIO_EUR,NSA,S13,P51G,SE,2006-Q2,3939.8
Q,MIO_EUR,NSA,S13,P51G,SE,2006-Q3,2898.1
Q,MIO_EUR,NSA,S13,P51G,SE,2006-Q4,4722.3
Q,MIO_EUR,NSA,S13,P51G,SE,2007-Q1,2739.6
Q,MIO_EUR,NSA,S13,P51G,SE,2007-Q2,3821.3
Q,MIO_EUR,NSA,S13,P51G,SE,2007-Q3,3111.6
Q,MIO_EUR,NSA,S13,P51G,SE,2007-Q4,4845.5
Q,MIO_EUR,NSA,S13,P51G,SE,2008-Q1,2971.6
Q,MIO_EUR,NSA,S13,P51G,SE,2008-Q2,4046.5
Q,MIO_EUR,NSA,S13,P51G,SE,2008-Q3,3301.5
Q,MIO_EUR,NSA,S13,P51G,SE,2008-Q4,4886.8
Q,MIO_EUR,NSA,S13,P51G,SE,2009-Q1,2631.4
Q,MIO_EUR,NSA,S13,P51G,SE,2009-Q2,3733.9
Q,MIO_EUR,NSA,S13,P51G,SE,2009-Q3,3116.5
Q,MIO_EUR,NSA,S13,P51G,SE,2009-Q4,4659.3
Q,MIO_EUR,NSA,S13,P51G,SE,2010-Q1,2917.9
Q,MIO_EUR,NSA,S13,P51G,SE,2010-Q2,4069.2
Q,MIO_EUR,NSA,S13,P51G,SE,2010-Q3,3954.9
Q,MIO_EUR,NSA,S13,P51G,SE,2010-Q4,6117.1
Q,MIO_EUR,NSA,S13,P51G,SE,2011-Q1,3478.1
Q,MIO_EUR,NSA,S13,P51G,SE,2011-Q2,4696.5
Q,MIO_EUR,NSA,S13,P51G,SE,2011-Q3,4143
Q,MIO_EUR,NSA,S13,P51G,SE,2011-Q4,5960.1
Q,MIO_EUR,NSA,S13,P51G,SE,2012-Q1,3959.8
Q,MIO_EUR,NSA,S13,P51G,SE,2012-Q2,4863.6
Q,MIO_EUR,NSA,S13,P51G,SE,2012-Q3,4558.9
Q,MIO_EUR,NSA,S13,P51G,SE,2012-Q4,6331.4
Q,MIO_EUR,NSA,S13,P51G,SE,2013-Q1,3949.4
Q,MIO_EUR,NSA,S13,P51G,SE,2013-Q2,5199.5
Q,MIO_EUR,NSA,S13,P51G,SE,2013-Q3,4643.7
Q,MIO_EUR,NSA,S13,P51G,SE,2013-Q4,6499.1
Q,MIO_EUR,NSA,S13,P51G,SE,2014-Q1,4508.9
Q,MIO_EUR,NSA,S13,P51G,SE,2014-Q2,5239.8
Q,MIO_EUR,NSA,S13,P51G,SE,2014-Q3,4532.5
Q,MIO_EUR,NSA,S13,P51G,SE,2014-Q4,6148.4
Q,MIO_EUR,NSA,S13,P51G,SE,2015-Q1,4357.5
Q,MIO_EUR,NSA,S13,P51G,SE,2015-Q2,5252.1
Q,MIO_EUR,NSA,S13,P51G,SE,2015-Q3,4475.8
Q,MIO_EUR,NSA,S13,P51G,SE,2015-Q4,6316.5
Q,MIO_EUR,NSA,S13,P51G,SE,2016-Q1,4048.6
Q,MIO_EUR,NSA,S13,P51G,SE,2016-Q2,5417.1
Q,MIO_EUR,NSA,S13,P51G,SE,2016-Q3,4854.8
Q,MIO_EUR,NSA,S13,P51G,SE,2016-Q4,6994.1
Q,MIO_EUR,NSA,S13,P51G,SE,2017-Q1,4261.2
Q,MIO_EUR,NSA,S13,P51G,SE,2017-Q2,6089.6
Q,MIO_EUR,NSA,S13,P51G,SE,2017-Q3,5309
Q,MIO_EUR,NSA,S13,P51G,SE,2017-Q4,7333.8
Q,MIO_EUR,NSA,S13,P51G,SE,2018-Q1,4811.2
Q,MIO_EUR,NSA,S13,P51G,SE,2018-Q2,5844.3
Q,MIO_EUR,NSA,S13,P51G,SE,2018-Q3,5497.7
Q,MIO_EUR,NSA,S13,P51G,SE,2018-Q4,7512.7
Q,MIO_EUR,NSA,S13,P51G,SE,2019-Q1,4846.1
Q,MIO_EUR,NSA,S13,P51G,SE,2019-Q2,5914.8
Q,MIO_EUR,NSA,S13,P51G,SE,2019-Q3,5714.5
Q,MIO_EUR,NSA,S13,P51G,SE,2019-Q4,7593.5
Q,MIO_EUR,NSA,S13,P51G,SE,2020-Q1,5010.6
Q,MIO_EUR,NSA,S13,P51G,SE,2020-Q2,6286.3
Q,MIO_EUR,NSA,S13,P51G,SE,2020-Q3,6232.7
Q,MIO_EUR,NSA,S13,P51G,SE,2020-Q4,8185.5
Q,MIO_EUR,NSA,S13,P51G,SE,2021-Q1,5634.2
Q,MIO_EUR,NSA,S13,P51G,SE,2021-Q2,6522.4
Q,MIO_EUR,NSA,S13,P51G,SE,2021-Q3,6117.5
Q,MIO_EUR,NSA,S13,P51G,SE,2021-Q4,8703.7
Q,MIO_EUR,NSA,S13,P51G,SE,2022-Q1,5228.7
Q,MIO_EUR,NSA,S13,P51G,SE,2022-Q2,6818.2
Q,MIO_EUR,NSA,S13,P51G,SE,2022-Q3,6575.8
Q,MIO_EUR,NSA,S13,P51G,SE,2022-Q4,9277.4
Q,MIO_EUR,NSA,S13,P51G,SE,2023-Q1,5639.8
Q,MIO_EUR,NSA,S13,P51G,SE,2023-Q2,7168.2
Q,MIO_EUR,NSA,S13,P51G,SE,2023-Q3,6641.6
Q,MIO_EUR,NSA,S13,P51G,SE,2023-Q4,9539.8
Q,MIO_EUR,NSA,S13,P51G,SE,2024-Q1,6361.7
Q,MIO_EUR,NSA,S13,P51G,SE,2024-Q2,7394.9
Q,MIO_EUR,NSA,S13,P51G,SE,2024-Q3,7344.6
Q,MIO_EUR,NSA,S13,P51G,SE,2024-Q4,9743.2
Q,MIO_EUR,NSA,S13,P51G,SE,2025-Q1,6378.5
Q,MIO_EUR,NSA,S13,P51G,SE,2025-Q2,8028.6
Q,MIO_EUR,NSA,S13,P51G,SE,2025-Q3,7775.5
Q,MIO_EUR,NSA,S13,P51G,SE,2025-Q4,12505.9
Q,MIO_EUR,NSA,S13,P51G,SE,2026-Q1,7745.1
Q,MIO_EUR,NSA,S13,P51G,IS,1995-Q1,
Q,MIO_EUR,NSA,S13,P51G,IS,1995-Q2,
Q,MIO_EUR,NSA,S13,P51G,IS,1995-Q3,
Q,MIO_EUR,NSA,S13,P51G,IS,1995-Q4,
Q,MIO_EUR,NSA,S13,P51G,IS,1996-Q1,
Q,MIO_EUR,NSA,S13,P51G,IS,1996-Q2,
Q,MIO_EUR,NSA,S13,P51G,IS,1996-Q3,
Q,MIO_EUR,NSA,S13,P51G,IS,1996-Q4,
Q,MIO_EUR,NSA,S13,P51G,IS,1997-Q1,
Q,MIO_EUR,NSA,S13,P51G,IS,1997-Q2,
Q,MIO_EUR,NSA,S13,P51G,IS,1997-Q3,
Q,MIO_EUR,NSA,S13,P51G,IS,1997-Q4,
Q,MIO_EUR,NSA,S13,P51G,IS,1998-Q1,
Q,MIO_EUR,NSA,S13,P51G,IS,1998-Q2,
Q,MIO_EUR,NSA,S13,P51G,IS,1998-Q3,
Q,MIO_EUR,NSA,S13,P51G,IS,1998-Q4,
Q,MIO_EUR,NSA,S13,P51G,IS,1999-Q1,
Q,MIO_EUR,NSA,S13,P51G,IS,1999-Q2,
Q,MIO_EUR,NSA,S13,P51G,IS,1999-Q3,
Q,MIO_EUR,NSA,S13,P51G,IS,1999-Q4,
Q,MIO_EUR,NSA,S13,P51G,IS,2000-Q1,
Q,MIO_EUR,NSA,S13,P51G,IS,2000-Q2,
Q,MIO_EUR,NSA,S13,P51G,IS,2000-Q3,
Q,MIO_EUR,NSA,S13,P51G,IS,2000-Q4,
Q,MIO_EUR,NSA,S13,P51G,IS,2001-Q1,
Q,MIO_EUR,NSA,S13,P51G,IS,2001-Q2,
Q,MIO_EUR,NSA,S13,P51G,IS,2001-Q3,
Q,MIO_EUR,NSA,S13,P51G,IS,2001-Q4,
Q,MIO_EUR,NSA,S13,P51G,IS,2002-Q1,77
Q,MIO_EUR,NSA,S13,P51G,IS,2002-Q2,130.2
Q,MIO_EUR,NSA,S13,P51G,IS,2002-Q3,137.9
Q,MIO_EUR,NSA,S13,P51G,IS,2002-Q4,101.8
Q,MIO_EUR,NSA,S13,P51G,IS,2003-Q1,76.7
Q,MIO_EUR,NSA,S13,P51G,IS,2003-Q2,125.2
Q,MIO_EUR,NSA,S13,P51G,IS,2003-Q3,128.1
Q,MIO_EUR,NSA,S13,P51G,IS,2003-Q4,96.7
Q,MIO_EUR,NSA,S13,P51G,IS,2004-Q1,88.4
Q,MIO_EUR,NSA,S13,P51G,IS,2004-Q2,142.5
Q,MIO_EUR,NSA,S13,P51G,IS,2004-Q3,151
Q,MIO_EUR,NSA,S13,P51G,IS,2004-Q4,114.2
Q,MIO_EUR,NSA,S13,P51G,IS,2005-Q1,89.3
Q,MIO_EUR,NSA,S13,P51G,IS,2005-Q2,143.6
Q,MIO_EUR,NSA,S13,P51G,IS,2005-Q3,157.8
Q,MIO_EUR,NSA,S13,P51G,IS,2005-Q4,123.3
Q,MIO_EUR,NSA,S13,P51G,IS,2006-Q1,134.6
Q,MIO_EUR,NSA,S13,P51G,IS,2006-Q2,164.8
Q,MIO_EUR,NSA,S13,P51G,IS,2006-Q3,175.5
Q,MIO_EUR,NSA,S13,P51G,IS,2006-Q4,145.7
Q,MIO_EUR,NSA,S13,P51G,IS,2007-Q1,137.5
Q,MIO_EUR,NSA,S13,P51G,IS,2007-Q2,210.5
Q,MIO_EUR,NSA,S13,P51G,IS,2007-Q3,219.4
Q,MIO_EUR,NSA,S13,P51G,IS,2007-Q4,182.1
Q,MIO_EUR,NSA,S13,P51G,IS,2008-Q1,154.1
Q,MIO_EUR,NSA,S13,P51G,IS,2008-Q2,180.1
Q,MIO_EUR,NSA,S13,P51G,IS,2008-Q3,174.6
Q,MIO_EUR,NSA,S13,P51G,IS,2008-Q4,64.9
Q,MIO_EUR,NSA,S13,P51G,IS,2009-Q1,86.1
Q,MIO_EUR,NSA,S13,P51G,IS,2009-Q2,88.6
Q,MIO_EUR,NSA,S13,P51G,IS,2009-Q3,122.1
Q,MIO_EUR,NSA,S13,P51G,IS,2009-Q4,69.1
Q,MIO_EUR,NSA,S13,P51G,IS,2010-Q1,65
Q,MIO_EUR,NSA,S13,P51G,IS,2010-Q2,84.1
Q,MIO_EUR,NSA,S13,P51G,IS,2010-Q3,107.1
Q,MIO_EUR,NSA,S13,P51G,IS,2010-Q4,85.9
Q,MIO_EUR,NSA,S13,P51G,IS,2011-Q1,53.2
Q,MIO_EUR,NSA,S13,P51G,IS,2011-Q2,220.1
Q,MIO_EUR,NSA,S13,P51G,IS,2011-Q3,79.1
Q,MIO_EUR,NSA,S13,P51G,IS,2011-Q4,99
Q,MIO_EUR,NSA,S13,P51G,IS,2012-Q1,57
Q,MIO_EUR,NSA,S13,P51G,IS,2012-Q2,66.4
Q,MIO_EUR,NSA,S13,P51G,IS,2012-Q3,85.7
Q,MIO_EUR,NSA,S13,P51G,IS,2012-Q4,78.9
Q,MIO_EUR,NSA,S13,P51G,IS,2013-Q1,64
Q,MIO_EUR,NSA,S13,P51G,IS,2013-Q2,116.8
Q,MIO_EUR,NSA,S13,P51G,IS,2013-Q3,96.9
Q,MIO_EUR,NSA,S13,P51G,IS,2013-Q4,90.7
Q,MIO_EUR,NSA,S13,P51G,IS,2014-Q1,79.5
Q,MIO_EUR,NSA,S13,P51G,IS,2014-Q2,95.1
Q,MIO_EUR,NSA,S13,P51G,IS,2014-Q3,116.2
Q,MIO_EUR,NSA,S13,P51G,IS,2014-Q4,107.5
Q,MIO_EUR,NSA,S13,P51G,IS,2015-Q1,88.5
Q,MIO_EUR,NSA,S13,P51G,IS,2015-Q2,101.6
Q,MIO_EUR,NSA,S13,P51G,IS,2015-Q3,117.8
Q,MIO_EUR,NSA,S13,P51G,IS,2015-Q4,119.8
Q,MIO_EUR,NSA,S13,P51G,IS,2016-Q1,96.2
Q,MIO_EUR,NSA,S13,P51G,IS,2016-Q2,120.9
Q,MIO_EUR,NSA,S13,P51G,IS,2016-Q3,144.6
Q,MIO_EUR,NSA,S13,P51G,IS,2016-Q4,137.3
Q,MIO_EUR,NSA,S13,P51G,IS,2017-Q1,136.5
Q,MIO_EUR,NSA,S13,P51G,IS,2017-Q2,188.5
Q,MIO_EUR,NSA,S13,P51G,IS,2017-Q3,194.1
Q,MIO_EUR,NSA,S13,P51G,IS,2017-Q4,162
Q,MIO_EUR,NSA,S13,P51G,IS,2018-Q1,159.7
Q,MIO_EUR,NSA,S13,P51G,IS,2018-Q2,206.3
Q,MIO_EUR,NSA,S13,P51G,IS,2018-Q3,272.1
Q,MIO_EUR,NSA,S13,P51G,IS,2018-Q4,302.8
Q,MIO_EUR,NSA,S13,P51G,IS,2019-Q1,137.2
Q,MIO_EUR,NSA,S13,P51G,IS,2019-Q2,217.4
Q,MIO_EUR,NSA,S13,P51G,IS,2019-Q3,220.9
Q,MIO_EUR,NSA,S13,P51G,IS,2019-Q4,230.4
Q,MIO_EUR,NSA,S13,P51G,IS,2020-Q1,144.2
Q,MIO_EUR,NSA,S13,P51G,IS,2020-Q2,176.6
Q,MIO_EUR,NSA,S13,P51G,IS,2020-Q3,210.2
Q,MIO_EUR,NSA,S13,P51G,IS,2020-Q4,216.8
Q,MIO_EUR,NSA,S13,P51G,IS,2021-Q1,154.3
Q,MIO_EUR,NSA,S13,P51G,IS,2021-Q2,221.1
Q,MIO_EUR,NSA,S13,P51G,IS,2021-Q3,267.5
Q,MIO_EUR,NSA,S13,P51G,IS,2021-Q4,312.1
Q,MIO_EUR,NSA,S13,P51G,IS,2022-Q1,184.9
Q,MIO_EUR,NSA,S13,P51G,IS,2022-Q2,268.9
Q,MIO_EUR,NSA,S13,P51G,IS,2022-Q3,358.5
Q,MIO_EUR,NSA,S13,P51G,IS,2022-Q4,307.5
Q,MIO_EUR,NSA,S13,P51G,IS,2023-Q1,217.4
Q,MIO_EUR,NSA,S13,P51G,IS,2023-Q2,304.1
Q,MIO_EUR,NSA,S13,P51G,IS,2023-Q3,301.6
Q,MIO_EUR,NSA,S13,P51G,IS,2023-Q4,354
Q,MIO_EUR,NSA,S13,P51G,IS,2024-Q1,231.4
Q,MIO_EUR,NSA,S13,P51G,IS,2024-Q2,304.2
Q,MIO_EUR,NSA,S13,P51G,IS,2024-Q3,346.5
Q,MIO_EUR,NSA,S13,P51G,IS,2024-Q4,338.8
Q,MIO_EUR,NSA,S13,P51G,IS,2025-Q1,283.8
Q,MIO_EUR,NSA,S13,P51G,IS,2025-Q2,364.6
Q,MIO_EUR,NSA,S13,P51G,IS,2025-Q3,322.2
Q,MIO_EUR,NSA,S13,P51G,IS,2025-Q4,374.1
Q,MIO_EUR,NSA,S13,P51G,IS,2026-Q1,241.8
Q,MIO_EUR,NSA,S13,P51G,NO,1995-Q1,
Q,MIO_EUR,NSA,S13,P51G,NO,1995-Q2,
Q,MIO_EUR,NSA,S13,P51G,NO,1995-Q3,
Q,MIO_EUR,NSA,S13,P51G,NO,1995-Q4,
Q,MIO_EUR,NSA,S13,P51G,NO,1996-Q1,
Q,MIO_EUR,NSA,S13,P51G,NO,1996-Q2,
Q,MIO_EUR,NSA,S13,P51G,NO,1996-Q3,
Q,MIO_EUR,NSA,S13,P51G,NO,1996-Q4,
Q,MIO_EUR,NSA,S13,P51G,NO,1997-Q1,
Q,MIO_EUR,NSA,S13,P51G,NO,1997-Q2,
Q,MIO_EUR,NSA,S13,P51G,NO,1997-Q3,
Q,MIO_EUR,NSA,S13,P51G,NO,1997-Q4,
Q,MIO_EUR,NSA,S13,P51G,NO,1998-Q1,
Q,MIO_EUR,NSA,S13,P51G,NO,1998-Q2,
Q,MIO_EUR,NSA,S13,P51G,NO,1998-Q3,
Q,MIO_EUR,NSA,S13,P51G,NO,1998-Q4,
Q,MIO_EUR,NSA,S13,P51G,NO,1999-Q1,
Q,MIO_EUR,NSA,S13,P51G,NO,1999-Q2,
Q,MIO_EUR,NSA,S13,P51G,NO,1999-Q3,
Q,MIO_EUR,NSA,S13,P51G,NO,1999-Q4,
Q,MIO_EUR,NSA,S13,P51G,NO,2000-Q1,
Q,MIO_EUR,NSA,S13,P51G,NO,2000-Q2,
Q,MIO_EUR,NSA,S13,P51G,NO,2000-Q3,
Q,MIO_EUR,NSA,S13,P51G,NO,2000-Q4,
Q,MIO_EUR,NSA,S13,P51G,NO,2001-Q1,
Q,MIO_EUR,NSA,S13,P51G,NO,2001-Q2,
Q,MIO_EUR,NSA,S13,P51G,NO,2001-Q3,
Q,MIO_EUR,NSA,S13,P51G,NO,2001-Q4,
Q,MIO_EUR,NSA,S13,P51G,NO,2002-Q1,1724.3
Q,MIO_EUR,NSA,S13,P51G,NO,2002-Q2,1889.6
Q,MIO_EUR,NSA,S13,P51G,NO,2002-Q3,1919.2
Q,MIO_EUR,NSA,S13,P51G,NO,2002-Q4,2066.1
Q,MIO_EUR,NSA,S13,P51G,NO,2003-Q1,1970.1
Q,MIO_EUR,NSA,S13,P51G,NO,2003-Q2,1955
Q,MIO_EUR,NSA,S13,P51G,NO,2003-Q3,1986
Q,MIO_EUR,NSA,S13,P51G,NO,2003-Q4,2045.7
Q,MIO_EUR,NSA,S13,P51G,NO,2004-Q1,1738.8
Q,MIO_EUR,NSA,S13,P51G,NO,2004-Q2,2007.5
Q,MIO_EUR,NSA,S13,P51G,NO,2004-Q3,2015.5
Q,MIO_EUR,NSA,S13,P51G,NO,2004-Q4,2436.8
Q,MIO_EUR,NSA,S13,P51G,NO,2005-Q1,1799
Q,MIO_EUR,NSA,S13,P51G,NO,2005-Q2,2118.7
Q,MIO_EUR,NSA,S13,P51G,NO,2005-Q3,2097.8
Q,MIO_EUR,NSA,S13,P51G,NO,2005-Q4,2665.7
Q,MIO_EUR,NSA,S13,P51G,NO,2006-Q1,2048.2
Q,MIO_EUR,NSA,S13,P51G,NO,2006-Q2,2762.1
Q,MIO_EUR,NSA,S13,P51G,NO,2006-Q3,2161.2
Q,MIO_EUR,NSA,S13,P51G,NO,2006-Q4,2794
Q,MIO_EUR,NSA,S13,P51G,NO,2007-Q1,2395.2
Q,MIO_EUR,NSA,S13,P51G,NO,2007-Q2,2633.7
Q,MIO_EUR,NSA,S13,P51G,NO,2007-Q3,2587.8
Q,MIO_EUR,NSA,S13,P51G,NO,2007-Q4,3626.9
Q,MIO_EUR,NSA,S13,P51G,NO,2008-Q1,2738.7
Q,MIO_EUR,NSA,S13,P51G,NO,2008-Q2,2932.6
Q,MIO_EUR,NSA,S13,P51G,NO,2008-Q3,3455.3
Q,MIO_EUR,NSA,S13,P51G,NO,2008-Q4,3130.7
Q,MIO_EUR,NSA,S13,P51G,NO,2009-Q1,2580.5
Q,MIO_EUR,NSA,S13,P51G,NO,2009-Q2,3031.9
Q,MIO_EUR,NSA,S13,P51G,NO,2009-Q3,3081.6
Q,MIO_EUR,NSA,S13,P51G,NO,2009-Q4,4061.6
Q,MIO_EUR,NSA,S13,P51G,NO,2010-Q1,2899.5
Q,MIO_EUR,NSA,S13,P51G,NO,2010-Q2,3301.2
Q,MIO_EUR,NSA,S13,P51G,NO,2010-Q3,3387.8
Q,MIO_EUR,NSA,S13,P51G,NO,2010-Q4,3838.1
Q,MIO_EUR,NSA,S13,P51G,NO,2011-Q1,3510.7
Q,MIO_EUR,NSA,S13,P51G,NO,2011-Q2,3298.5
Q,MIO_EUR,NSA,S13,P51G,NO,2011-Q3,3647
Q,MIO_EUR,NSA,S13,P51G,NO,2011-Q4,4058.5
Q,MIO_EUR,NSA,S13,P51G,NO,2012-Q1,3378.2
Q,MIO_EUR,NSA,S13,P51G,NO,2012-Q2,3524.4
Q,MIO_EUR,NSA,S13,P51G,NO,2012-Q3,4018.5
Q,MIO_EUR,NSA,S13,P51G,NO,2012-Q4,4494.5
Q,MIO_EUR,NSA,S13,P51G,NO,2013-Q1,4225.2
Q,MIO_EUR,NSA,S13,P51G,NO,2013-Q2,4106.6
Q,MIO_EUR,NSA,S13,P51G,NO,2013-Q3,4223.9
Q,MIO_EUR,NSA,S13,P51G,NO,2013-Q4,4328.7
Q,MIO_EUR,NSA,S13,P51G,NO,2014-Q1,4145.2
Q,MIO_EUR,NSA,S13,P51G,NO,2014-Q2,4522.2
Q,MIO_EUR,NSA,S13,P51G,NO,2014-Q3,4360.4
Q,MIO_EUR,NSA,S13,P51G,NO,2014-Q4,4293.5
Q,MIO_EUR,NSA,S13,P51G,NO,2015-Q1,4262.9
Q,MIO_EUR,NSA,S13,P51G,NO,2015-Q2,4170
Q,MIO_EUR,NSA,S13,P51G,NO,2015-Q3,4308
Q,MIO_EUR,NSA,S13,P51G,NO,2015-Q4,4250.5
Q,MIO_EUR,NSA,S13,P51G,NO,2016-Q1,3300.9
Q,MIO_EUR,NSA,S13,P51G,NO,2016-Q2,4243.3
Q,MIO_EUR,NSA,S13,P51G,NO,2016-Q3,4405.9
Q,MIO_EUR,NSA,S13,P51G,NO,2016-Q4,5894
Q,MIO_EUR,NSA,S13,P51G,NO,2017-Q1,3698.9
Q,MIO_EUR,NSA,S13,P51G,NO,2017-Q2,4536.3
Q,MIO_EUR,NSA,S13,P51G,NO,2017-Q3,4025
Q,MIO_EUR,NSA,S13,P51G,NO,2017-Q4,6291.5
Q,MIO_EUR,NSA,S13,P51G,NO,2018-Q1,3849.6
Q,MIO_EUR,NSA,S13,P51G,NO,2018-Q2,4932.2
Q,MIO_EUR,NSA,S13,P51G,NO,2018-Q3,4990.1
Q,MIO_EUR,NSA,S13,P51G,NO,2018-Q4,6434.3
Q,MIO_EUR,NSA,S13,P51G,NO,2019-Q1,4055.3
Q,MIO_EUR,NSA,S13,P51G,NO,2019-Q2,5484
Q,MIO_EUR,NSA,S13,P51G,NO,2019-Q3,5246.2
Q,MIO_EUR,NSA,S13,P51G,NO,2019-Q4,6907.6
Q,MIO_EUR,NSA,S13,P51G,NO,2020-Q1,3904.4
Q,MIO_EUR,NSA,S13,P51G,NO,2020-Q2,4956.9
Q,MIO_EUR,NSA,S13,P51G,NO,2020-Q3,4970.6
Q,MIO_EUR,NSA,S13,P51G,NO,2020-Q4,6408.7
Q,MIO_EUR,NSA,S13,P51G,NO,2021-Q1,4114.4
Q,MIO_EUR,NSA,S13,P51G,NO,2021-Q2,5037.5
Q,MIO_EUR,NSA,S13,P51G,NO,2021-Q3,5174.1
Q,MIO_EUR,NSA,S13,P51G,NO,2021-Q4,7415.1
Q,MIO_EUR,NSA,S13,P51G,NO,2022-Q1,4527.8
Q,MIO_EUR,NSA,S13,P51G,NO,2022-Q2,5670.7
Q,MIO_EUR,NSA,S13,P51G,NO,2022-Q3,5834
Q,MIO_EUR,NSA,S13,P51G,NO,2022-Q4,7740.4
Q,MIO_EUR,NSA,S13,P51G,NO,2023-Q1,4806
Q,MIO_EUR,NSA,S13,P51G,NO,2023-Q2,5201.7
Q,MIO_EUR,NSA,S13,P51G,NO,2023-Q3,5344
Q,MIO_EUR,NSA,S13,P51G,NO,2023-Q4,7540.9
Q,MIO_EUR,NSA,S13,P51G,NO,2024-Q1,4757
Q,MIO_EUR,NSA,S13,P51G,NO,2024-Q2,5518.5
Q,MIO_EUR,NSA,S13,P51G,NO,2024-Q3,6106.7
Q,MIO_EUR,NSA,S13,P51G,NO,2024-Q4,7857.6
Q,MIO_EUR,NSA,S13,P51G,NO,2025-Q1,4796.5
Q,MIO_EUR,NSA,S13,P51G,NO,2025-Q2,5762.6
Q,MIO_EUR,NSA,S13,P51G,NO,2025-Q3,5737.6
Q,MIO_EUR,NSA,S13,P51G,NO,2025-Q4,8122.5
Q,MIO_EUR,NSA,S13,P51G,NO,2026-Q1,4716.9
Q,MIO_EUR,NSA,S13,P51G,CH,1995-Q1,2403.9
Q,MIO_EUR,NSA,S13,P51G,CH,1995-Q2,2339.7
Q,MIO_EUR,NSA,S13,P51G,CH,1995-Q3,2453.3
Q,MIO_EUR,NSA,S13,P51G,CH,1995-Q4,2791.4
Q,MIO_EUR,NSA,S13,P51G,CH,1996-Q1,2362.8
Q,MIO_EUR,NSA,S13,P51G,CH,1996-Q2,2172.7
Q,MIO_EUR,NSA,S13,P51G,CH,1996-Q3,2279.5
Q,MIO_EUR,NSA,S13,P51G,CH,1996-Q4,2422.3
Q,MIO_EUR,NSA,S13,P51G,CH,1997-Q1,2040.3
Q,MIO_EUR,NSA,S13,P51G,CH,1997-Q2,2000.6
Q,MIO_EUR,NSA,S13,P51G,CH,1997-Q3,2159.4
Q,MIO_EUR,NSA,S13,P51G,CH,1997-Q4,2445.7
Q,MIO_EUR,NSA,S13,P51G,CH,1998-Q1,2203.3
Q,MIO_EUR,NSA,S13,P51G,CH,1998-Q2,2086.4
Q,MIO_EUR,NSA,S13,P51G,CH,1998-Q3,2207.2
Q,MIO_EUR,NSA,S13,P51G,CH,1998-Q4,2513.3
Q,MIO_EUR,NSA,S13,P51G,CH,1999-Q1,2218.4
Q,MIO_EUR,NSA,S13,P51G,CH,1999-Q2,2133.8
Q,MIO_EUR,NSA,S13,P51G,CH,1999-Q3,2214.1
Q,MIO_EUR,NSA,S13,P51G,CH,1999-Q4,2430.6
Q,MIO_EUR,NSA,S13,P51G,CH,2000-Q1,2078.2
Q,MIO_EUR,NSA,S13,P51G,CH,2000-Q2,2043.8
Q,MIO_EUR,NSA,S13,P51G,CH,2000-Q3,2174.4
Q,MIO_EUR,NSA,S13,P51G,CH,2000-Q4,2502.4
Q,MIO_EUR,NSA,S13,P51G,CH,2001-Q1,2247.7
Q,MIO_EUR,NSA,S13,P51G,CH,2001-Q2,2239.7
Q,MIO_EUR,NSA,S13,P51G,CH,2001-Q3,2403
Q,MIO_EUR,NSA,S13,P51G,CH,2001-Q4,2732.4
Q,MIO_EUR,NSA,S13,P51G,CH,2002-Q1,2448
Q,MIO_EUR,NSA,S13,P51G,CH,2002-Q2,2404.5
Q,MIO_EUR,NSA,S13,P51G,CH,2002-Q3,2513.6
Q,MIO_EUR,NSA,S13,P51G,CH,2002-Q4,2755.4
Q,MIO_EUR,NSA,S13,P51G,CH,2003-Q1,2468.2
Q,MIO_EUR,NSA,S13,P51G,CH,2003-Q2,2332.7
Q,MIO_EUR,NSA,S13,P51G,CH,2003-Q3,2382.7
Q,MIO_EUR,NSA,S13,P51G,CH,2003-Q4,2605.4
Q,MIO_EUR,NSA,S13,P51G,CH,2004-Q1,2327
Q,MIO_EUR,NSA,S13,P51G,CH,2004-Q2,2316
Q,MIO_EUR,NSA,S13,P51G,CH,2004-Q3,2403.5
Q,MIO_EUR,NSA,S13,P51G,CH,2004-Q4,2645.5
Q,MIO_EUR,NSA,S13,P51G,CH,2005-Q1,2329.7
Q,MIO_EUR,NSA,S13,P51G,CH,2005-Q2,2279.1
Q,MIO_EUR,NSA,S13,P51G,CH,2005-Q3,2356.5
Q,MIO_EUR,NSA,S13,P51G,CH,2005-Q4,2601.2
Q,MIO_EUR,NSA,S13,P51G,CH,2006-Q1,2335.2
Q,MIO_EUR,NSA,S13,P51G,CH,2006-Q2,2296.2
Q,MIO_EUR,NSA,S13,P51G,CH,2006-Q3,2368.5
Q,MIO_EUR,NSA,S13,P51G,CH,2006-Q4,2567.2
Q,MIO_EUR,NSA,S13,P51G,CH,2007-Q1,2313.9
Q,MIO_EUR,NSA,S13,P51G,CH,2007-Q2,2255.4
Q,MIO_EUR,NSA,S13,P51G,CH,2007-Q3,2343.1
Q,MIO_EUR,NSA,S13,P51G,CH,2007-Q4,2542.8
Q,MIO_EUR,NSA,S13,P51G,CH,2008-Q1,2481.6
Q,MIO_EUR,NSA,S13,P51G,CH,2008-Q2,2450.1
Q,MIO_EUR,NSA,S13,P51G,CH,2008-Q3,2565.9
Q,MIO_EUR,NSA,S13,P51G,CH,2008-Q4,2981.8
Q,MIO_EUR,NSA,S13,P51G,CH,2009-Q1,2783
Q,MIO_EUR,NSA,S13,P51G,CH,2009-Q2,2794.4
Q,MIO_EUR,NSA,S13,P51G,CH,2009-Q3,2927.9
Q,MIO_EUR,NSA,S13,P51G,CH,2009-Q4,3187.9
Q,MIO_EUR,NSA,S13,P51G,CH,2010-Q1,2997.1
Q,MIO_EUR,NSA,S13,P51G,CH,2010-Q2,3117.9
Q,MIO_EUR,NSA,S13,P51G,CH,2010-Q3,3388.7
Q,MIO_EUR,NSA,S13,P51G,CH,2010-Q4,3723.8
Q,MIO_EUR,NSA,S13,P51G,CH,2011-Q1,3507.1
Q,MIO_EUR,NSA,S13,P51G,CH,2011-Q2,3596.6
Q,MIO_EUR,NSA,S13,P51G,CH,2011-Q3,4021.6
Q,MIO_EUR,NSA,S13,P51G,CH,2011-Q4,4145.3
Q,MIO_EUR,NSA,S13,P51G,CH,2012-Q1,3826.6
Q,MIO_EUR,NSA,S13,P51G,CH,2012-Q2,3842.6
Q,MIO_EUR,NSA,S13,P51G,CH,2012-Q3,3940.1
Q,MIO_EUR,NSA,S13,P51G,CH,2012-Q4,4214.3
Q,MIO_EUR,NSA,S13,P51G,CH,2013-Q1,3804.6
Q,MIO_EUR,NSA,S13,P51G,CH,2013-Q2,3797.5
Q,MIO_EUR,NSA,S13,P51G,CH,2013-Q3,3870.9
Q,MIO_EUR,NSA,S13,P51G,CH,2013-Q4,4180.1
Q,MIO_EUR,NSA,S13,P51G,CH,2014-Q1,3915.3
Q,MIO_EUR,NSA,S13,P51G,CH,2014-Q2,3984.9
Q,MIO_EUR,NSA,S13,P51G,CH,2014-Q3,4097.8
Q,MIO_EUR,NSA,S13,P51G,CH,2014-Q4,4385.2
Q,MIO_EUR,NSA,S13,P51G,CH,2015-Q1,4579.2
Q,MIO_EUR,NSA,S13,P51G,CH,2015-Q2,4719.8
Q,MIO_EUR,NSA,S13,P51G,CH,2015-Q3,4686.6
Q,MIO_EUR,NSA,S13,P51G,CH,2015-Q4,4874.1
Q,MIO_EUR,NSA,S13,P51G,CH,2016-Q1,4422.6
Q,MIO_EUR,NSA,S13,P51G,CH,2016-Q2,4439.8
Q,MIO_EUR,NSA,S13,P51G,CH,2016-Q3,4565.7
Q,MIO_EUR,NSA,S13,P51G,CH,2016-Q4,5024.2
Q,MIO_EUR,NSA,S13,P51G,CH,2017-Q1,4647.1
Q,MIO_EUR,NSA,S13,P51G,CH,2017-Q2,4627.3
Q,MIO_EUR,NSA,S13,P51G,CH,2017-Q3,4609.5
Q,MIO_EUR,NSA,S13,P51G,CH,2017-Q4,4810.8
Q,MIO_EUR,NSA,S13,P51G,CH,2018-Q1,4445.8
Q,MIO_EUR,NSA,S13,P51G,CH,2018-Q2,4426.3
Q,MIO_EUR,NSA,S13,P51G,CH,2018-Q3,4619.6
Q,MIO_EUR,NSA,S13,P51G,CH,2018-Q4,5055.8
Q,MIO_EUR,NSA,S13,P51G,CH,2019-Q1,4697.9
Q,MIO_EUR,NSA,S13,P51G,CH,2019-Q2,4778.1
Q,MIO_EUR,NSA,S13,P51G,CH,2019-Q3,5150.7
Q,MIO_EUR,NSA,S13,P51G,CH,2019-Q4,5570
Q,MIO_EUR,NSA,S13,P51G,CH,2020-Q1,5324.6
Q,MIO_EUR,NSA,S13,P51G,CH,2020-Q2,5253.2
Q,MIO_EUR,NSA,S13,P51G,CH,2020-Q3,5449.9
Q,MIO_EUR,NSA,S13,P51G,CH,2020-Q4,5896.5
Q,MIO_EUR,NSA,S13,P51G,CH,2021-Q1,5276.9
Q,MIO_EUR,NSA,S13,P51G,CH,2021-Q2,5123.3
Q,MIO_EUR,NSA,S13,P51G,CH,2021-Q3,5260.5
Q,MIO_EUR,NSA,S13,P51G,CH,2021-Q4,5711.3
Q,MIO_EUR,NSA,S13,P51G,CH,2022-Q1,5379
Q,MIO_EUR,NSA,S13,P51G,CH,2022-Q2,5497.1
Q,MIO_EUR,NSA,S13,P51G,CH,2022-Q3,6091.1
Q,MIO_EUR,NSA,S13,P51G,CH,2022-Q4,6645.8
Q,MIO_EUR,NSA,S13,P51G,CH,2023-Q1,6251.2
Q,MIO_EUR,NSA,S13,P51G,CH,2023-Q2,6398
Q,MIO_EUR,NSA,S13,P51G,CH,2023-Q3,6817.3
Q,MIO_EUR,NSA,S13,P51G,CH,2023-Q4,7657.7
Q,MIO_EUR,NSA,S13,P51G,CH,2024-Q1,6757
Q,MIO_EUR,NSA,S13,P51G,CH,2024-Q2,6424.5
Q,MIO_EUR,NSA,S13,P51G,CH,2024-Q3,6781.6
Q,MIO_EUR,NSA,S13,P51G,CH,2024-Q4,7540.6
Q,MIO_EUR,NSA,S13,P51G,CH,2025-Q1,6957.3
Q,MIO_EUR,NSA,S13,P51G,CH,2025-Q2,6841.8
Q,MIO_EUR,NSA,S13,P51G,CH,2025-Q3,6941.2
Q,MIO_EUR,NSA,S13,P51G,CH,2025-Q4,7532.3
Q,MIO_EUR,NSA,S13,P51G,CH,2026-Q1,7742.4
Q,MIO_EUR,NSA,S13,TE,EU27_2020,1995-Q1,
Q,MIO_EUR,NSA,S13,TE,EU27_2020,1995-Q2,
Q,MIO_EUR,NSA,S13,TE,EU27_2020,1995-Q3,
Q,MIO_EUR,NSA,S13,TE,EU27_2020,1995-Q4,
Q,MIO_EUR,NSA,S13,TE,EU27_2020,1996-Q1,
Q,MIO_EUR,NSA,S13,TE,EU27_2020,1996-Q2,
Q,MIO_EUR,NSA,S13,TE,EU27_2020,1996-Q3,
Q,MIO_EUR,NSA,S13,TE,EU27_2020,1996-Q4,
Q,MIO_EUR,NSA,S13,TE,EU27_2020,1997-Q1,
Q,MIO_EUR,NSA,S13,TE,EU27_2020,1997-Q2,
Q,MIO_EUR,NSA,S13,TE,EU27_2020,1997-Q3,
Q,MIO_EUR,NSA,S13,TE,EU27_2020,1997-Q4,
Q,MIO_EUR,NSA,S13,TE,EU27_2020,1998-Q1,
Q,MIO_EUR,NSA,S13,TE,EU27_2020,1998-Q2,
Q,MIO_EUR,NSA,S13,TE,EU27_2020,1998-Q3,
Q,MIO_EUR,NSA,S13,TE,EU27_2020,1998-Q4,
Q,MIO_EUR,NSA,S13,TE,EU27_2020,1999-Q1,
Q,MIO_EUR,NSA,S13,TE,EU27_2020,1999-Q2,
Q,MIO_EUR,NSA,S13,TE,EU27_2020,1999-Q3,
Q,MIO_EUR,NSA,S13,TE,EU27_2020,1999-Q4,
Q,MIO_EUR,NSA,S13,TE,EU27_2020,2000-Q1,
Q,MIO_EUR,NSA,S13,TE,EU27_2020,2000-Q2,
Q,MIO_EUR,NSA,S13,TE,EU27_2020,2000-Q3,
Q,MIO_EUR,NSA,S13,TE,EU27_2020,2000-Q4,
Q,MIO_EUR,NSA,S13,TE,EU27_2020,2001-Q1,
Q,MIO_EUR,NSA,S13,TE,EU27_2020,2001-Q2,
Q,MIO_EUR,NSA,S13,TE,EU27_2020,2001-Q3,
Q,MIO_EUR,NSA,S13,TE,EU27_2020,2001-Q4,
Q,MIO_EUR,NSA,S13,TE,EU27_2020,2002-Q1,972428.4
Q,MIO_EUR,NSA,S13,TE,EU27_2020,2002-Q2,1011582.8
Q,MIO_EUR,NSA,S13,TE,EU27_2020,2002-Q3,996732.2
Q,MIO_EUR,NSA,S13,TE,EU27_2020,2002-Q4,1109506.1
Q,MIO_EUR,NSA,S13,TE,EU27_2020,2003-Q1,1014318.3
Q,MIO_EUR,NSA,S13,TE,EU27_2020,2003-Q2,1043993.7
Q,MIO_EUR,NSA,S13,TE,EU27_2020,2003-Q3,1034307.7
Q,MIO_EUR,NSA,S13,TE,EU27_2020,2003-Q4,1139488.6
Q,MIO_EUR,NSA,S13,TE,EU27_2020,2004-Q1,1041917.8
Q,MIO_EUR,NSA,S13,TE,EU27_2020,2004-Q2,1076665.4
Q,MIO_EUR,NSA,S13,TE,EU27_2020,2004-Q3,1054444.7
Q,MIO_EUR,NSA,S13,TE,EU27_2020,2004-Q4,1187236
Q,MIO_EUR,NSA,S13,TE,EU27_2020,2005-Q1,1092091.7
Q,MIO_EUR,NSA,S13,TE,EU27_2020,2005-Q2,1119868.7
Q,MIO_EUR,NSA,S13,TE,EU27_2020,2005-Q3,1091671.8
Q,MIO_EUR,NSA,S13,TE,EU27_2020,2005-Q4,1231166.6
Q,MIO_EUR,NSA,S13,TE,EU27_2020,2006-Q1,1120003
Q,MIO_EUR,NSA,S13,TE,EU27_2020,2006-Q2,1165686.4
Q,MIO_EUR,NSA,S13,TE,EU27_2020,2006-Q3,1136513.6
Q,MIO_EUR,NSA,S13,TE,EU27_2020,2006-Q4,1309252
Q,MIO_EUR,NSA,S13,TE,EU27_2020,2007-Q1,1169071.7
Q,MIO_EUR,NSA,S13,TE,EU27_2020,2007-Q2,1214436.1
Q,MIO_EUR,NSA,S13,TE,EU27_2020,2007-Q3,1189429.9
Q,MIO_EUR,NSA,S13,TE,EU27_2020,2007-Q4,1371024.8
Q,MIO_EUR,NSA,S13,TE,EU27_2020,2008-Q1,1235358.9
Q,MIO_EUR,NSA,S13,TE,EU27_2020,2008-Q2,1297905
Q,MIO_EUR,NSA,S13,TE,EU27_2020,2008-Q3,1261662
Q,MIO_EUR,NSA,S13,TE,EU27_2020,2008-Q4,1436745.4
Q,MIO_EUR,NSA,S13,TE,EU27_2020,2009-Q1,1270232.5
Q,MIO_EUR,NSA,S13,TE,EU27_2020,2009-Q2,1339079.5
Q,MIO_EUR,NSA,S13,TE,EU27_2020,2009-Q3,1314161.4
Q,MIO_EUR,NSA,S13,TE,EU27_2020,2009-Q4,1493578.5
Q,MIO_EUR,NSA,S13,TE,EU27_2020,2010-Q1,1331011
Q,MIO_EUR,NSA,S13,TE,EU27_2020,2010-Q2,1374795.1
Q,MIO_EUR,NSA,S13,TE,EU27_2020,2010-Q3,1375458.1
Q,MIO_EUR,NSA,S13,TE,EU27_2020,2010-Q4,1517410.1
Q,MIO_EUR,NSA,S13,TE,EU27_2020,2011-Q1,1340730.8
Q,MIO_EUR,NSA,S13,TE,EU27_2020,2011-Q2,1390003.2
Q,MIO_EUR,NSA,S13,TE,EU27_2020,2011-Q3,1354892.9
Q,MIO_EUR,NSA,S13,TE,EU27_2020,2011-Q4,1533878.6
Q,MIO_EUR,NSA,S13,TE,EU27_2020,2012-Q1,1360968.1
Q,MIO_EUR,NSA,S13,TE,EU27_2020,2012-Q2,1415044.3
Q,MIO_EUR,NSA,S13,TE,EU27_2020,2012-Q3,1375623
Q,MIO_EUR,NSA,S13,TE,EU27_2020,2012-Q4,1577117.7
Q,MIO_EUR,NSA,S13,TE,EU27_2020,2013-Q1,1387952.6
Q,MIO_EUR,NSA,S13,TE,EU27_2020,2013-Q2,1447821.7
Q,MIO_EUR,NSA,S13,TE,EU27_2020,2013-Q3,1401805.7
Q,MIO_EUR,NSA,S13,TE,EU27_2020,2013-Q4,1554670
Q,MIO_EUR,NSA,S13,TE,EU27_2020,2014-Q1,1395408.2
Q,MIO_EUR,NSA,S13,TE,EU27_2020,2014-Q2,1451280.8
Q,MIO_EUR,NSA,S13,TE,EU27_2020,2014-Q3,1410854.1
Q,MIO_EUR,NSA,S13,TE,EU27_2020,2014-Q4,1587556.8
Q,MIO_EUR,NSA,S13,TE,EU27_2020,2015-Q1,1413972.4
Q,MIO_EUR,NSA,S13,TE,EU27_2020,2015-Q2,1478743.9
Q,MIO_EUR,NSA,S13,TE,EU27_2020,2015-Q3,1422593.6
Q,MIO_EUR,NSA,S13,TE,EU27_2020,2015-Q4,1628203
Q,MIO_EUR,NSA,S13,TE,EU27_2020,2016-Q1,1424265.8
Q,MIO_EUR,NSA,S13,TE,EU27_2020,2016-Q2,1492926.7
Q,MIO_EUR,NSA,S13,TE,EU27_2020,2016-Q3,1457695.3
Q,MIO_EUR,NSA,S13,TE,EU27_2020,2016-Q4,1631179.6
Q,MIO_EUR,NSA,S13,TE,EU27_2020,2017-Q1,1461476.6
Q,MIO_EUR,NSA,S13,TE,EU27_2020,2017-Q2,1544899.4
Q,MIO_EUR,NSA,S13,TE,EU27_2020,2017-Q3,1495187.2
Q,MIO_EUR,NSA,S13,TE,EU27_2020,2017-Q4,1684066
Q,MIO_EUR,NSA,S13,TE,EU27_2020,2018-Q1,1500540.8
Q,MIO_EUR,NSA,S13,TE,EU27_2020,2018-Q2,1570367.5
Q,MIO_EUR,NSA,S13,TE,EU27_2020,2018-Q3,1539944.5
Q,MIO_EUR,NSA,S13,TE,EU27_2020,2018-Q4,1750661.8
Q,MIO_EUR,NSA,S13,TE,EU27_2020,2019-Q1,1548079
Q,MIO_EUR,NSA,S13,TE,EU27_2020,2019-Q2,1636096.6
Q,MIO_EUR,NSA,S13,TE,EU27_2020,2019-Q3,1602806.8
Q,MIO_EUR,NSA,S13,TE,EU27_2020,2019-Q4,1796941.8
Q,MIO_EUR,NSA,S13,TE,EU27_2020,2020-Q1,1629869.2
Q,MIO_EUR,NSA,S13,TE,EU27_2020,2020-Q2,1834137.7
Q,MIO_EUR,NSA,S13,TE,EU27_2020,2020-Q3,1729862.3
Q,MIO_EUR,NSA,S13,TE,EU27_2020,2020-Q4,1992254
Q,MIO_EUR,NSA,S13,TE,EU27_2020,2021-Q1,1801174.6
Q,MIO_EUR,NSA,S13,TE,EU27_2020,2021-Q2,1883436.2
Q,MIO_EUR,NSA,S13,TE,EU27_2020,2021-Q3,1801308
Q,MIO_EUR,NSA,S13,TE,EU27_2020,2021-Q4,2081637.5
Q,MIO_EUR,NSA,S13,TE,EU27_2020,2022-Q1,1820000.1
Q,MIO_EUR,NSA,S13,TE,EU27_2020,2022-Q2,1932193.3
Q,MIO_EUR,NSA,S13,TE,EU27_2020,2022-Q3,1946404.3
Q,MIO_EUR,NSA,S13,TE,EU27_2020,2022-Q4,2248997.8
Q,MIO_EUR,NSA,S13,TE,EU27_2020,2023-Q1,1949496.2
Q,MIO_EUR,NSA,S13,TE,EU27_2020,2023-Q2,2082122
Q,MIO_EUR,NSA,S13,TE,EU27_2020,2023-Q3,2044858.7
Q,MIO_EUR,NSA,S13,TE,EU27_2020,2023-Q4,2368959.5
Q,MIO_EUR,NSA,S13,TE,EU27_2020,2024-Q1,2049652.9
Q,MIO_EUR,NSA,S13,TE,EU27_2020,2024-Q2,2193818
Q,MIO_EUR,NSA,S13,TE,EU27_2020,2024-Q3,2151747.5
Q,MIO_EUR,NSA,S13,TE,EU27_2020,2024-Q4,2461777.9
Q,MIO_EUR,NSA,S13,TE,EU27_2020,2025-Q1,2153103.2
Q,MIO_EUR,NSA,S13,TE,EU27_2020,2025-Q2,2299993.1
Q,MIO_EUR,NSA,S13,TE,EU27_2020,2025-Q3,2262120.5
Q,MIO_EUR,NSA,S13,TE,EU27_2020,2025-Q4,2606316.6
Q,MIO_EUR,NSA,S13,TE,EU27_2020,2026-Q1,2262980.8
Q,MIO_EUR,NSA,S13,TE,EA21,1995-Q1,
Q,MIO_EUR,NSA,S13,TE,EA21,1995-Q2,
Q,MIO_EUR,NSA,S13,TE,EA21,1995-Q3,
Q,MIO_EUR,NSA,S13,TE,EA21,1995-Q4,
Q,MIO_EUR,NSA,S13,TE,EA21,1996-Q1,
Q,MIO_EUR,NSA,S13,TE,EA21,1996-Q2,
Q,MIO_EUR,NSA,S13,TE,EA21,1996-Q3,
Q,MIO_EUR,NSA,S13,TE,EA21,1996-Q4,
Q,MIO_EUR,NSA,S13,TE,EA21,1997-Q1,
Q,MIO_EUR,NSA,S13,TE,EA21,1997-Q2,
Q,MIO_EUR,NSA,S13,TE,EA21,1997-Q3,
Q,MIO_EUR,NSA,S13,TE,EA21,1997-Q4,
Q,MIO_EUR,NSA,S13,TE,EA21,1998-Q1,
Q,MIO_EUR,NSA,S13,TE,EA21,1998-Q2,
Q,MIO_EUR,NSA,S13,TE,EA21,1998-Q3,
Q,MIO_EUR,NSA,S13,TE,EA21,1998-Q4,
Q,MIO_EUR,NSA,S13,TE,EA21,1999-Q1,
Q,MIO_EUR,NSA,S13,TE,EA21,1999-Q2,
Q,MIO_EUR,NSA,S13,TE,EA21,1999-Q3,
Q,MIO_EUR,NSA,S13,TE,EA21,1999-Q4,
Q,MIO_EUR,NSA,S13,TE,EA21,2000-Q1,
Q,MIO_EUR,NSA,S13,TE,EA21,2000-Q2,
Q,MIO_EUR,NSA,S13,TE,EA21,2000-Q3,
Q,MIO_EUR,NSA,S13,TE,EA21,2000-Q4,
Q,MIO_EUR,NSA,S13,TE,EA21,2001-Q1,
Q,MIO_EUR,NSA,S13,TE,EA21,2001-Q2,
Q,MIO_EUR,NSA,S13,TE,EA21,2001-Q3,
Q,MIO_EUR,NSA,S13,TE,EA21,2001-Q4,
Q,MIO_EUR,NSA,S13,TE,EA21,2002-Q1,866716.8
Q,MIO_EUR,NSA,S13,TE,EA21,2002-Q2,899582.5
Q,MIO_EUR,NSA,S13,TE,EA21,2002-Q3,892137.2
Q,MIO_EUR,NSA,S13,TE,EA21,2002-Q4,990366.3
Q,MIO_EUR,NSA,S13,TE,EA21,2003-Q1,903341.6
Q,MIO_EUR,NSA,S13,TE,EA21,2003-Q2,933468.8
Q,MIO_EUR,NSA,S13,TE,EA21,2003-Q3,924763.7
Q,MIO_EUR,NSA,S13,TE,EA21,2003-Q4,1021218.4
Q,MIO_EUR,NSA,S13,TE,EA21,2004-Q1,933593.2
Q,MIO_EUR,NSA,S13,TE,EA21,2004-Q2,961972.6
Q,MIO_EUR,NSA,S13,TE,EA21,2004-Q3,941275.2
Q,MIO_EUR,NSA,S13,TE,EA21,2004-Q4,1060853.8
Q,MIO_EUR,NSA,S13,TE,EA21,2005-Q1,970504.7
Q,MIO_EUR,NSA,S13,TE,EA21,2005-Q2,995716.7
Q,MIO_EUR,NSA,S13,TE,EA21,2005-Q3,970789.2
Q,MIO_EUR,NSA,S13,TE,EA21,2005-Q4,1096714.8
Q,MIO_EUR,NSA,S13,TE,EA21,2006-Q1,991516.2
Q,MIO_EUR,NSA,S13,TE,EA21,2006-Q2,1033865.9
Q,MIO_EUR,NSA,S13,TE,EA21,2006-Q3,1007036.8
Q,MIO_EUR,NSA,S13,TE,EA21,2006-Q4,1158455.6
Q,MIO_EUR,NSA,S13,TE,EA21,2007-Q1,1031533.9
Q,MIO_EUR,NSA,S13,TE,EA21,2007-Q2,1072481.3
Q,MIO_EUR,NSA,S13,TE,EA21,2007-Q3,1049218.2
Q,MIO_EUR,NSA,S13,TE,EA21,2007-Q4,1208044.7
Q,MIO_EUR,NSA,S13,TE,EA21,2008-Q1,1086373.7
Q,MIO_EUR,NSA,S13,TE,EA21,2008-Q2,1139565
Q,MIO_EUR,NSA,S13,TE,EA21,2008-Q3,1103831
Q,MIO_EUR,NSA,S13,TE,EA21,2008-Q4,1266318.1
Q,MIO_EUR,NSA,S13,TE,EA21,2009-Q1,1129510.4
Q,MIO_EUR,NSA,S13,TE,EA21,2009-Q2,1192154.6
Q,MIO_EUR,NSA,S13,TE,EA21,2009-Q3,1165401.2
Q,MIO_EUR,NSA,S13,TE,EA21,2009-Q4,1326652.8
Q,MIO_EUR,NSA,S13,TE,EA21,2010-Q1,1176448.1
Q,MIO_EUR,NSA,S13,TE,EA21,2010-Q2,1211896.7
Q,MIO_EUR,NSA,S13,TE,EA21,2010-Q3,1216317.6
Q,MIO_EUR,NSA,S13,TE,EA21,2010-Q4,1332535.2
Q,MIO_EUR,NSA,S13,TE,EA21,2011-Q1,1176268
Q,MIO_EUR,NSA,S13,TE,EA21,2011-Q2,1219065.7
Q,MIO_EUR,NSA,S13,TE,EA21,2011-Q3,1189622
Q,MIO_EUR,NSA,S13,TE,EA21,2011-Q4,1347889.2
Q,MIO_EUR,NSA,S13,TE,EA21,2012-Q1,1194980.3
Q,MIO_EUR,NSA,S13,TE,EA21,2012-Q2,1242635
Q,MIO_EUR,NSA,S13,TE,EA21,2012-Q3,1202619.1
Q,MIO_EUR,NSA,S13,TE,EA21,2012-Q4,1381643.8
Q,MIO_EUR,NSA,S13,TE,EA21,2013-Q1,1216432.5
Q,MIO_EUR,NSA,S13,TE,EA21,2013-Q2,1270241.6
Q,MIO_EUR,NSA,S13,TE,EA21,2013-Q3,1228439.9
Q,MIO_EUR,NSA,S13,TE,EA21,2013-Q4,1363288.9
Q,MIO_EUR,NSA,S13,TE,EA21,2014-Q1,1224076.8
Q,MIO_EUR,NSA,S13,TE,EA21,2014-Q2,1273491.2
Q,MIO_EUR,NSA,S13,TE,EA21,2014-Q3,1236024.8
Q,MIO_EUR,NSA,S13,TE,EA21,2014-Q4,1391051.7
Q,MIO_EUR,NSA,S13,TE,EA21,2015-Q1,1240293.9
Q,MIO_EUR,NSA,S13,TE,EA21,2015-Q2,1297556.8
Q,MIO_EUR,NSA,S13,TE,EA21,2015-Q3,1243425.8
Q,MIO_EUR,NSA,S13,TE,EA21,2015-Q4,1421405.9
Q,MIO_EUR,NSA,S13,TE,EA21,2016-Q1,1251111.9
Q,MIO_EUR,NSA,S13,TE,EA21,2016-Q2,1309499.2
Q,MIO_EUR,NSA,S13,TE,EA21,2016-Q3,1276974.9
Q,MIO_EUR,NSA,S13,TE,EA21,2016-Q4,1427619.6
Q,MIO_EUR,NSA,S13,TE,EA21,2017-Q1,1282019.8
Q,MIO_EUR,NSA,S13,TE,EA21,2017-Q2,1353902.5
Q,MIO_EUR,NSA,S13,TE,EA21,2017-Q3,1304088.4
Q,MIO_EUR,NSA,S13,TE,EA21,2017-Q4,1467448.9
Q,MIO_EUR,NSA,S13,TE,EA21,2018-Q1,1308335.4
Q,MIO_EUR,NSA,S13,TE,EA21,2018-Q2,1372255
Q,MIO_EUR,NSA,S13,TE,EA21,2018-Q3,1341266.4
Q,MIO_EUR,NSA,S13,TE,EA21,2018-Q4,1524205.7
Q,MIO_EUR,NSA,S13,TE,EA21,2019-Q1,1349460.1
Q,MIO_EUR,NSA,S13,TE,EA21,2019-Q2,1427253.7
Q,MIO_EUR,NSA,S13,TE,EA21,2019-Q3,1393539
Q,MIO_EUR,NSA,S13,TE,EA21,2019-Q4,1559416.7
Q,MIO_EUR,NSA,S13,TE,EA21,2020-Q1,1420943.2
Q,MIO_EUR,NSA,S13,TE,EA21,2020-Q2,1593004.1
Q,MIO_EUR,NSA,S13,TE,EA21,2020-Q3,1505185.2
Q,MIO_EUR,NSA,S13,TE,EA21,2020-Q4,1728867.8
Q,MIO_EUR,NSA,S13,TE,EA21,2021-Q1,1572327.7
Q,MIO_EUR,NSA,S13,TE,EA21,2021-Q2,1643553.2
Q,MIO_EUR,NSA,S13,TE,EA21,2021-Q3,1570991.8
Q,MIO_EUR,NSA,S13,TE,EA21,2021-Q4,1805434.4
Q,MIO_EUR,NSA,S13,TE,EA21,2022-Q1,1579907
Q,MIO_EUR,NSA,S13,TE,EA21,2022-Q2,1679402.7
Q,MIO_EUR,NSA,S13,TE,EA21,2022-Q3,1691592
Q,MIO_EUR,NSA,S13,TE,EA21,2022-Q4,1947832.1
Q,MIO_EUR,NSA,S13,TE,EA21,2023-Q1,1688072.5
Q,MIO_EUR,NSA,S13,TE,EA21,2023-Q2,1795808
Q,MIO_EUR,NSA,S13,TE,EA21,2023-Q3,1761251.7
Q,MIO_EUR,NSA,S13,TE,EA21,2023-Q4,2031151.5
Q,MIO_EUR,NSA,S13,TE,EA21,2024-Q1,1758673.3
Q,MIO_EUR,NSA,S13,TE,EA21,2024-Q2,1881677.4
Q,MIO_EUR,NSA,S13,TE,EA21,2024-Q3,1840263.9
Q,MIO_EUR,NSA,S13,TE,EA21,2024-Q4,2099446.4
Q,MIO_EUR,NSA,S13,TE,EA21,2025-Q1,1841163.3
Q,MIO_EUR,NSA,S13,TE,EA21,2025-Q2,1963856.3
Q,MIO_EUR,NSA,S13,TE,EA21,2025-Q3,1928089.8
Q,MIO_EUR,NSA,S13,TE,EA21,2025-Q4,2207562.9
Q,MIO_EUR,NSA,S13,TE,EA21,2026-Q1,1928077.7
Q,MIO_EUR,NSA,S13,TE,EA20,1995-Q1,
Q,MIO_EUR,NSA,S13,TE,EA20,1995-Q2,
Q,MIO_EUR,NSA,S13,TE,EA20,1995-Q3,
Q,MIO_EUR,NSA,S13,TE,EA20,1995-Q4,
Q,MIO_EUR,NSA,S13,TE,EA20,1996-Q1,
Q,MIO_EUR,NSA,S13,TE,EA20,1996-Q2,
Q,MIO_EUR,NSA,S13,TE,EA20,1996-Q3,
Q,MIO_EUR,NSA,S13,TE,EA20,1996-Q4,
Q,MIO_EUR,NSA,S13,TE,EA20,1997-Q1,
Q,MIO_EUR,NSA,S13,TE,EA20,1997-Q2,
Q,MIO_EUR,NSA,S13,TE,EA20,1997-Q3,
Q,MIO_EUR,NSA,S13,TE,EA20,1997-Q4,
Q,MIO_EUR,NSA,S13,TE,EA20,1998-Q1,
Q,MIO_EUR,NSA,S13,TE,EA20,1998-Q2,
Q,MIO_EUR,NSA,S13,TE,EA20,1998-Q3,
Q,MIO_EUR,NSA,S13,TE,EA20,1998-Q4,
Q,MIO_EUR,NSA,S13,TE,EA20,1999-Q1,
Q,MIO_EUR,NSA,S13,TE,EA20,1999-Q2,
Q,MIO_EUR,NSA,S13,TE,EA20,1999-Q3,
Q,MIO_EUR,NSA,S13,TE,EA20,1999-Q4,
Q,MIO_EUR,NSA,S13,TE,EA20,2000-Q1,
Q,MIO_EUR,NSA,S13,TE,EA20,2000-Q2,
Q,MIO_EUR,NSA,S13,TE,EA20,2000-Q3,
Q,MIO_EUR,NSA,S13,TE,EA20,2000-Q4,
Q,MIO_EUR,NSA,S13,TE,EA20,2001-Q1,
Q,MIO_EUR,NSA,S13,TE,EA20,2001-Q2,
Q,MIO_EUR,NSA,S13,TE,EA20,2001-Q3,
Q,MIO_EUR,NSA,S13,TE,EA20,2001-Q4,
Q,MIO_EUR,NSA,S13,TE,EA20,2002-Q1,865040
Q,MIO_EUR,NSA,S13,TE,EA20,2002-Q2,898053.5
Q,MIO_EUR,NSA,S13,TE,EA20,2002-Q3,890633.5
Q,MIO_EUR,NSA,S13,TE,EA20,2002-Q4,988240.7
Q,MIO_EUR,NSA,S13,TE,EA20,2003-Q1,901678.5
Q,MIO_EUR,NSA,S13,TE,EA20,2003-Q2,931854.5
Q,MIO_EUR,NSA,S13,TE,EA20,2003-Q3,923106.6
Q,MIO_EUR,NSA,S13,TE,EA20,2003-Q4,1018902.4
Q,MIO_EUR,NSA,S13,TE,EA20,2004-Q1,931902.8
Q,MIO_EUR,NSA,S13,TE,EA20,2004-Q2,960149.5
Q,MIO_EUR,NSA,S13,TE,EA20,2004-Q3,939361.6
Q,MIO_EUR,NSA,S13,TE,EA20,2004-Q4,1058304.1
Q,MIO_EUR,NSA,S13,TE,EA20,2005-Q1,968576.7
Q,MIO_EUR,NSA,S13,TE,EA20,2005-Q2,993568.1
Q,MIO_EUR,NSA,S13,TE,EA20,2005-Q3,968685.6
Q,MIO_EUR,NSA,S13,TE,EA20,2005-Q4,1094061.1
Q,MIO_EUR,NSA,S13,TE,EA20,2006-Q1,989557.2
Q,MIO_EUR,NSA,S13,TE,EA20,2006-Q2,1031757.8
Q,MIO_EUR,NSA,S13,TE,EA20,2006-Q3,1004887.6
Q,MIO_EUR,NSA,S13,TE,EA20,2006-Q4,1155445.8
Q,MIO_EUR,NSA,S13,TE,EA20,2007-Q1,1029266.5
Q,MIO_EUR,NSA,S13,TE,EA20,2007-Q2,1070076.5
Q,MIO_EUR,NSA,S13,TE,EA20,2007-Q3,1046734.4
Q,MIO_EUR,NSA,S13,TE,EA20,2007-Q4,1202963.2
Q,MIO_EUR,NSA,S13,TE,EA20,2008-Q1,1083786.6
Q,MIO_EUR,NSA,S13,TE,EA20,2008-Q2,1136750.6
Q,MIO_EUR,NSA,S13,TE,EA20,2008-Q3,1100811.7
Q,MIO_EUR,NSA,S13,TE,EA20,2008-Q4,1260937.2
Q,MIO_EUR,NSA,S13,TE,EA20,2009-Q1,1126452.5
Q,MIO_EUR,NSA,S13,TE,EA20,2009-Q2,1188552.3
Q,MIO_EUR,NSA,S13,TE,EA20,2009-Q3,1161912.9
Q,MIO_EUR,NSA,S13,TE,EA20,2009-Q4,1322106.2
Q,MIO_EUR,NSA,S13,TE,EA20,2010-Q1,1173239.5
Q,MIO_EUR,NSA,S13,TE,EA20,2010-Q2,1208758.8
Q,MIO_EUR,NSA,S13,TE,EA20,2010-Q3,1212966.7
Q,MIO_EUR,NSA,S13,TE,EA20,2010-Q4,1328402.2
Q,MIO_EUR,NSA,S13,TE,EA20,2011-Q1,1173193
Q,MIO_EUR,NSA,S13,TE,EA20,2011-Q2,1215791.1
Q,MIO_EUR,NSA,S13,TE,EA20,2011-Q3,1186264.3
Q,MIO_EUR,NSA,S13,TE,EA20,2011-Q4,1343618.6
Q,MIO_EUR,NSA,S13,TE,EA20,2012-Q1,1191696
Q,MIO_EUR,NSA,S13,TE,EA20,2012-Q2,1239274.5
Q,MIO_EUR,NSA,S13,TE,EA20,2012-Q3,1199178.5
Q,MIO_EUR,NSA,S13,TE,EA20,2012-Q4,1377253.4
Q,MIO_EUR,NSA,S13,TE,EA20,2013-Q1,1213042.6
Q,MIO_EUR,NSA,S13,TE,EA20,2013-Q2,1266248.8
Q,MIO_EUR,NSA,S13,TE,EA20,2013-Q3,1224571.1
Q,MIO_EUR,NSA,S13,TE,EA20,2013-Q4,1358661.1
Q,MIO_EUR,NSA,S13,TE,EA20,2014-Q1,1220334.4
Q,MIO_EUR,NSA,S13,TE,EA20,2014-Q2,1269334.4
Q,MIO_EUR,NSA,S13,TE,EA20,2014-Q3,1231941.8
Q,MIO_EUR,NSA,S13,TE,EA20,2014-Q4,1384459.1
Q,MIO_EUR,NSA,S13,TE,EA20,2015-Q1,1236187.6
Q,MIO_EUR,NSA,S13,TE,EA20,2015-Q2,1293238.6
Q,MIO_EUR,NSA,S13,TE,EA20,2015-Q3,1239127.7
Q,MIO_EUR,NSA,S13,TE,EA20,2015-Q4,1415633.7
Q,MIO_EUR,NSA,S13,TE,EA20,2016-Q1,1247605.1
Q,MIO_EUR,NSA,S13,TE,EA20,2016-Q2,1305538.4
Q,MIO_EUR,NSA,S13,TE,EA20,2016-Q3,1273079.9
Q,MIO_EUR,NSA,S13,TE,EA20,2016-Q4,1422030.1
Q,MIO_EUR,NSA,S13,TE,EA20,2017-Q1,1278091.7
Q,MIO_EUR,NSA,S13,TE,EA20,2017-Q2,1349730.1
Q,MIO_EUR,NSA,S13,TE,EA20,2017-Q3,1299848.6
Q,MIO_EUR,NSA,S13,TE,EA20,2017-Q4,1461523.9
Q,MIO_EUR,NSA,S13,TE,EA20,2018-Q1,1304142.4
Q,MIO_EUR,NSA,S13,TE,EA20,2018-Q2,1367131.8
Q,MIO_EUR,NSA,S13,TE,EA20,2018-Q3,1336102
Q,MIO_EUR,NSA,S13,TE,EA20,2018-Q4,1517916.2
Q,MIO_EUR,NSA,S13,TE,EA20,2019-Q1,1344320.3
Q,MIO_EUR,NSA,S13,TE,EA20,2019-Q2,1422010.6
Q,MIO_EUR,NSA,S13,TE,EA20,2019-Q3,1388136.9
Q,MIO_EUR,NSA,S13,TE,EA20,2019-Q4,1552858.3
Q,MIO_EUR,NSA,S13,TE,EA20,2020-Q1,1416033
Q,MIO_EUR,NSA,S13,TE,EA20,2020-Q2,1587098.8
Q,MIO_EUR,NSA,S13,TE,EA20,2020-Q3,1498882.2
Q,MIO_EUR,NSA,S13,TE,EA20,2020-Q4,1720391.1
Q,MIO_EUR,NSA,S13,TE,EA20,2021-Q1,1565906.7
Q,MIO_EUR,NSA,S13,TE,EA20,2021-Q2,1637051.1
Q,MIO_EUR,NSA,S13,TE,EA20,2021-Q3,1564528.2
Q,MIO_EUR,NSA,S13,TE,EA20,2021-Q4,1795195.6
Q,MIO_EUR,NSA,S13,TE,EA20,2022-Q1,1572764
Q,MIO_EUR,NSA,S13,TE,EA20,2022-Q2,1671532.7
Q,MIO_EUR,NSA,S13,TE,EA20,2022-Q3,1682630.7
Q,MIO_EUR,NSA,S13,TE,EA20,2022-Q4,1936263.3
Q,MIO_EUR,NSA,S13,TE,EA20,2023-Q1,1680080.3
Q,MIO_EUR,NSA,S13,TE,EA20,2023-Q2,1787156.7
Q,MIO_EUR,NSA,S13,TE,EA20,2023-Q3,1752530.7
Q,MIO_EUR,NSA,S13,TE,EA20,2023-Q4,2019792.2
Q,MIO_EUR,NSA,S13,TE,EA20,2024-Q1,1749800.3
Q,MIO_EUR,NSA,S13,TE,EA20,2024-Q2,1872030.3
Q,MIO_EUR,NSA,S13,TE,EA20,2024-Q3,1830130.3
Q,MIO_EUR,NSA,S13,TE,EA20,2024-Q4,2087040.2
Q,MIO_EUR,NSA,S13,TE,EA20,2025-Q1,1831661.7
Q,MIO_EUR,NSA,S13,TE,EA20,2025-Q2,1951989.4
Q,MIO_EUR,NSA,S13,TE,EA20,2025-Q3,1916596.2
Q,MIO_EUR,NSA,S13,TE,EA20,2025-Q4,2192054.3
Q,MIO_EUR,NSA,S13,TE,EA20,2026-Q1,1916215.8
Q,MIO_EUR,NSA,S13,TE,EA19,1995-Q1,
Q,MIO_EUR,NSA,S13,TE,EA19,1995-Q2,
Q,MIO_EUR,NSA,S13,TE,EA19,1995-Q3,
Q,MIO_EUR,NSA,S13,TE,EA19,1995-Q4,
Q,MIO_EUR,NSA,S13,TE,EA19,1996-Q1,
Q,MIO_EUR,NSA,S13,TE,EA19,1996-Q2,
Q,MIO_EUR,NSA,S13,TE,EA19,1996-Q3,
Q,MIO_EUR,NSA,S13,TE,EA19,1996-Q4,
Q,MIO_EUR,NSA,S13,TE,EA19,1997-Q1,
Q,MIO_EUR,NSA,S13,TE,EA19,1997-Q2,
Q,MIO_EUR,NSA,S13,TE,EA19,1997-Q3,
Q,MIO_EUR,NSA,S13,TE,EA19,1997-Q4,
Q,MIO_EUR,NSA,S13,TE,EA19,1998-Q1,
Q,MIO_EUR,NSA,S13,TE,EA19,1998-Q2,
Q,MIO_EUR,NSA,S13,TE,EA19,1998-Q3,
Q,MIO_EUR,NSA,S13,TE,EA19,1998-Q4,
Q,MIO_EUR,NSA,S13,TE,EA19,1999-Q1,
Q,MIO_EUR,NSA,S13,TE,EA19,1999-Q2,
Q,MIO_EUR,NSA,S13,TE,EA19,1999-Q3,
Q,MIO_EUR,NSA,S13,TE,EA19,1999-Q4,
Q,MIO_EUR,NSA,S13,TE,EA19,2000-Q1,
Q,MIO_EUR,NSA,S13,TE,EA19,2000-Q2,
Q,MIO_EUR,NSA,S13,TE,EA19,2000-Q3,
Q,MIO_EUR,NSA,S13,TE,EA19,2000-Q4,
Q,MIO_EUR,NSA,S13,TE,EA19,2001-Q1,
Q,MIO_EUR,NSA,S13,TE,EA19,2001-Q2,
Q,MIO_EUR,NSA,S13,TE,EA19,2001-Q3,
Q,MIO_EUR,NSA,S13,TE,EA19,2001-Q4,
Q,MIO_EUR,NSA,S13,TE,EA19,2002-Q1,861812.4
Q,MIO_EUR,NSA,S13,TE,EA19,2002-Q2,894552.2
Q,MIO_EUR,NSA,S13,TE,EA19,2002-Q3,887086.4
Q,MIO_EUR,NSA,S13,TE,EA19,2002-Q4,984372.1
Q,MIO_EUR,NSA,S13,TE,EA19,2003-Q1,898192.8
Q,MIO_EUR,NSA,S13,TE,EA19,2003-Q2,927874.2
Q,MIO_EUR,NSA,S13,TE,EA19,2003-Q3,919092.5
Q,MIO_EUR,NSA,S13,TE,EA19,2003-Q4,1014981.1
Q,MIO_EUR,NSA,S13,TE,EA19,2004-Q1,928238.7
Q,MIO_EUR,NSA,S13,TE,EA19,2004-Q2,955797.6
Q,MIO_EUR,NSA,S13,TE,EA19,2004-Q3,935013.8
Q,MIO_EUR,NSA,S13,TE,EA19,2004-Q4,1054090.6
Q,MIO_EUR,NSA,S13,TE,EA19,2005-Q1,964819.1
Q,MIO_EUR,NSA,S13,TE,EA19,2005-Q2,989054.6
Q,MIO_EUR,NSA,S13,TE,EA19,2005-Q3,964275.9
Q,MIO_EUR,NSA,S13,TE,EA19,2005-Q4,1089615.9
Q,MIO_EUR,NSA,S13,TE,EA19,2006-Q1,985407.1
Q,MIO_EUR,NSA,S13,TE,EA19,2006-Q2,1027042.2
Q,MIO_EUR,NSA,S13,TE,EA19,2006-Q3,1000259.5
Q,MIO_EUR,NSA,S13,TE,EA19,2006-Q4,1150816.6
Q,MIO_EUR,NSA,S13,TE,EA19,2007-Q1,1024494.8
Q,MIO_EUR,NSA,S13,TE,EA19,2007-Q2,1064884.4
Q,MIO_EUR,NSA,S13,TE,EA19,2007-Q3,1041354.7
Q,MIO_EUR,NSA,S13,TE,EA19,2007-Q4,1197708
Q,MIO_EUR,NSA,S13,TE,EA19,2008-Q1,1078619.1
Q,MIO_EUR,NSA,S13,TE,EA19,2008-Q2,1131011.3
Q,MIO_EUR,NSA,S13,TE,EA19,2008-Q3,1095056.6
Q,MIO_EUR,NSA,S13,TE,EA19,2008-Q4,1255111.7
Q,MIO_EUR,NSA,S13,TE,EA19,2009-Q1,1121223.6
Q,MIO_EUR,NSA,S13,TE,EA19,2009-Q2,1182789.5
Q,MIO_EUR,NSA,S13,TE,EA19,2009-Q3,1156135.1
Q,MIO_EUR,NSA,S13,TE,EA19,2009-Q4,1316272.6
Q,MIO_EUR,NSA,S13,TE,EA19,2010-Q1,1167879.1
Q,MIO_EUR,NSA,S13,TE,EA19,2010-Q2,1203310
Q,MIO_EUR,NSA,S13,TE,EA19,2010-Q3,1207205.6
Q,MIO_EUR,NSA,S13,TE,EA19,2010-Q4,1322817.6
Q,MIO_EUR,NSA,S13,TE,EA19,2011-Q1,1167308.2
Q,MIO_EUR,NSA,S13,TE,EA19,2011-Q2,1210367
Q,MIO_EUR,NSA,S13,TE,EA19,2011-Q3,1180821.7
Q,MIO_EUR,NSA,S13,TE,EA19,2011-Q4,1338112.7
Q,MIO_EUR,NSA,S13,TE,EA19,2012-Q1,1186639.1
Q,MIO_EUR,NSA,S13,TE,EA19,2012-Q2,1233754.3
Q,MIO_EUR,NSA,S13,TE,EA19,2012-Q3,1193857.1
Q,MIO_EUR,NSA,S13,TE,EA19,2012-Q4,1371917.4
Q,MIO_EUR,NSA,S13,TE,EA19,2013-Q1,1207985
Q,MIO_EUR,NSA,S13,TE,EA19,2013-Q2,1260832.7
Q,MIO_EUR,NSA,S13,TE,EA19,2013-Q3,1219019.6
Q,MIO_EUR,NSA,S13,TE,EA19,2013-Q4,1353201.1
Q,MIO_EUR,NSA,S13,TE,EA19,2014-Q1,1215064.2
Q,MIO_EUR,NSA,S13,TE,EA19,2014-Q2,1263821
Q,MIO_EUR,NSA,S13,TE,EA19,2014-Q3,1226614.5
Q,MIO_EUR,NSA,S13,TE,EA19,2014-Q4,1378983.1
Q,MIO_EUR,NSA,S13,TE,EA19,2015-Q1,1231020.2
Q,MIO_EUR,NSA,S13,TE,EA19,2015-Q2,1287647.8
Q,MIO_EUR,NSA,S13,TE,EA19,2015-Q3,1233792.1
Q,MIO_EUR,NSA,S13,TE,EA19,2015-Q4,1410069.3
Q,MIO_EUR,NSA,S13,TE,EA19,2016-Q1,1242469.6
Q,MIO_EUR,NSA,S13,TE,EA19,2016-Q2,1299931.1
Q,MIO_EUR,NSA,S13,TE,EA19,2016-Q3,1267617.3
Q,MIO_EUR,NSA,S13,TE,EA19,2016-Q4,1416390.7
Q,MIO_EUR,NSA,S13,TE,EA19,2017-Q1,1272669.6
Q,MIO_EUR,NSA,S13,TE,EA19,2017-Q2,1344076.9
Q,MIO_EUR,NSA,S13,TE,EA19,2017-Q3,1294382.8
Q,MIO_EUR,NSA,S13,TE,EA19,2017-Q4,1455821.6
Q,MIO_EUR,NSA,S13,TE,EA19,2018-Q1,1298632.1
Q,MIO_EUR,NSA,S13,TE,EA19,2018-Q2,1361333.8
Q,MIO_EUR,NSA,S13,TE,EA19,2018-Q3,1330256.2
Q,MIO_EUR,NSA,S13,TE,EA19,2018-Q4,1511116.4
Q,MIO_EUR,NSA,S13,TE,EA19,2019-Q1,1338440.6
Q,MIO_EUR,NSA,S13,TE,EA19,2019-Q2,1415782
Q,MIO_EUR,NSA,S13,TE,EA19,2019-Q3,1381728.5
Q,MIO_EUR,NSA,S13,TE,EA19,2019-Q4,1545524.2
Q,MIO_EUR,NSA,S13,TE,EA19,2020-Q1,1409869.1
Q,MIO_EUR,NSA,S13,TE,EA19,2020-Q2,1580049
Q,MIO_EUR,NSA,S13,TE,EA19,2020-Q3,1492466.1
Q,MIO_EUR,NSA,S13,TE,EA19,2020-Q4,1712766.6
Q,MIO_EUR,NSA,S13,TE,EA19,2021-Q1,1559300.1
Q,MIO_EUR,NSA,S13,TE,EA19,2021-Q2,1629943.5
Q,MIO_EUR,NSA,S13,TE,EA19,2021-Q3,1557829.7
Q,MIO_EUR,NSA,S13,TE,EA19,2021-Q4,1787470.1
Q,MIO_EUR,NSA,S13,TE,EA19,2022-Q1,1566240
Q,MIO_EUR,NSA,S13,TE,EA19,2022-Q2,1664412.9
Q,MIO_EUR,NSA,S13,TE,EA19,2022-Q3,1675333.5
Q,MIO_EUR,NSA,S13,TE,EA19,2022-Q4,1926685.9
Q,MIO_EUR,NSA,S13,TE,EA19,2023-Q1,1672231.5
Q,MIO_EUR,NSA,S13,TE,EA19,2023-Q2,1778122.5
Q,MIO_EUR,NSA,S13,TE,EA19,2023-Q3,1743980.8
Q,MIO_EUR,NSA,S13,TE,EA19,2023-Q4,2008252
Q,MIO_EUR,NSA,S13,TE,EA19,2024-Q1,1740981.4
Q,MIO_EUR,NSA,S13,TE,EA19,2024-Q2,1861779.4
Q,MIO_EUR,NSA,S13,TE,EA19,2024-Q3,1819931.1
Q,MIO_EUR,NSA,S13,TE,EA19,2024-Q4,2074635
Q,MIO_EUR,NSA,S13,TE,EA19,2025-Q1,1821578.3
Q,MIO_EUR,NSA,S13,TE,EA19,2025-Q2,1940528.7
Q,MIO_EUR,NSA,S13,TE,EA19,2025-Q3,1905347.3
Q,MIO_EUR,NSA,S13,TE,EA19,2025-Q4,2178298.6
Q,MIO_EUR,NSA,S13,TE,EA19,2026-Q1,1905033
Q,MIO_EUR,NSA,S13,TE,BE,1995-Q1,28458.8
Q,MIO_EUR,NSA,S13,TE,BE,1995-Q2,29698.8
Q,MIO_EUR,NSA,S13,TE,BE,1995-Q3,28324.2
Q,MIO_EUR,NSA,S13,TE,BE,1995-Q4,29498.4
Q,MIO_EUR,NSA,S13,TE,BE,1996-Q1,29413.7
Q,MIO_EUR,NSA,S13,TE,BE,1996-Q2,29983.6
Q,MIO_EUR,NSA,S13,TE,BE,1996-Q3,28771
Q,MIO_EUR,NSA,S13,TE,BE,1996-Q4,28541.8
Q,MIO_EUR,NSA,S13,TE,BE,1997-Q1,29301.8
Q,MIO_EUR,NSA,S13,TE,BE,1997-Q2,29493.2
Q,MIO_EUR,NSA,S13,TE,BE,1997-Q3,27663.8
Q,MIO_EUR,NSA,S13,TE,BE,1997-Q4,28655.5
Q,MIO_EUR,NSA,S13,TE,BE,1998-Q1,29617.7
Q,MIO_EUR,NSA,S13,TE,BE,1998-Q2,29658.2
Q,MIO_EUR,NSA,S13,TE,BE,1998-Q3,28675
Q,MIO_EUR,NSA,S13,TE,BE,1998-Q4,29764
Q,MIO_EUR,NSA,S13,TE,BE,1999-Q1,30547.7
Q,MIO_EUR,NSA,S13,TE,BE,1999-Q2,30732
Q,MIO_EUR,NSA,S13,TE,BE,1999-Q3,29594.1
Q,MIO_EUR,NSA,S13,TE,BE,1999-Q4,31483.9
Q,MIO_EUR,NSA,S13,TE,BE,2000-Q1,31600.8
Q,MIO_EUR,NSA,S13,TE,BE,2000-Q2,31968.3
Q,MIO_EUR,NSA,S13,TE,BE,2000-Q3,30492.1
Q,MIO_EUR,NSA,S13,TE,BE,2000-Q4,32584.4
Q,MIO_EUR,NSA,S13,TE,BE,2001-Q1,32488.5
Q,MIO_EUR,NSA,S13,TE,BE,2001-Q2,33109
Q,MIO_EUR,NSA,S13,TE,BE,2001-Q3,31706.9
Q,MIO_EUR,NSA,S13,TE,BE,2001-Q4,33222.5
Q,MIO_EUR,NSA,S13,TE,BE,2002-Q1,33699
Q,MIO_EUR,NSA,S13,TE,BE,2002-Q2,34712.6
Q,MIO_EUR,NSA,S13,TE,BE,2002-Q3,33300.3
Q,MIO_EUR,NSA,S13,TE,BE,2002-Q4,34652.4
Q,MIO_EUR,NSA,S13,TE,BE,2003-Q1,35494.1
Q,MIO_EUR,NSA,S13,TE,BE,2003-Q2,36212.2
Q,MIO_EUR,NSA,S13,TE,BE,2003-Q3,35018.6
Q,MIO_EUR,NSA,S13,TE,BE,2003-Q4,36820.2
Q,MIO_EUR,NSA,S13,TE,BE,2004-Q1,36916.3
Q,MIO_EUR,NSA,S13,TE,BE,2004-Q2,36870.3
Q,MIO_EUR,NSA,S13,TE,BE,2004-Q3,35385.2
Q,MIO_EUR,NSA,S13,TE,BE,2004-Q4,37216.4
Q,MIO_EUR,NSA,S13,TE,BE,2005-Q1,45735.1
Q,MIO_EUR,NSA,S13,TE,BE,2005-Q2,38853.6
Q,MIO_EUR,NSA,S13,TE,BE,2005-Q3,37319.6
Q,MIO_EUR,NSA,S13,TE,BE,2005-Q4,38883.3
Q,MIO_EUR,NSA,S13,TE,BE,2006-Q1,40207.4
Q,MIO_EUR,NSA,S13,TE,BE,2006-Q2,40159.5
Q,MIO_EUR,NSA,S13,TE,BE,2006-Q3,38865.1
Q,MIO_EUR,NSA,S13,TE,BE,2006-Q4,39407.4
Q,MIO_EUR,NSA,S13,TE,BE,2007-Q1,41950.9
Q,MIO_EUR,NSA,S13,TE,BE,2007-Q2,41837.6
Q,MIO_EUR,NSA,S13,TE,BE,2007-Q3,40664.9
Q,MIO_EUR,NSA,S13,TE,BE,2007-Q4,42417.9
Q,MIO_EUR,NSA,S13,TE,BE,2008-Q1,43599.2
Q,MIO_EUR,NSA,S13,TE,BE,2008-Q2,44581.2
Q,MIO_EUR,NSA,S13,TE,BE,2008-Q3,43406.8
Q,MIO_EUR,NSA,S13,TE,BE,2008-Q4,47011.5
Q,MIO_EUR,NSA,S13,TE,BE,2009-Q1,47084
Q,MIO_EUR,NSA,S13,TE,BE,2009-Q2,47872.8
Q,MIO_EUR,NSA,S13,TE,BE,2009-Q3,45942.4
Q,MIO_EUR,NSA,S13,TE,BE,2009-Q4,48722
Q,MIO_EUR,NSA,S13,TE,BE,2010-Q1,48658.5
Q,MIO_EUR,NSA,S13,TE,BE,2010-Q2,49014.8
Q,MIO_EUR,NSA,S13,TE,BE,2010-Q3,47784.6
Q,MIO_EUR,NSA,S13,TE,BE,2010-Q4,50338.7
Q,MIO_EUR,NSA,S13,TE,BE,2011-Q1,50730.2
Q,MIO_EUR,NSA,S13,TE,BE,2011-Q2,52137
Q,MIO_EUR,NSA,S13,TE,BE,2011-Q3,50780.4
Q,MIO_EUR,NSA,S13,TE,BE,2011-Q4,54765.5
Q,MIO_EUR,NSA,S13,TE,BE,2012-Q1,53332.4
Q,MIO_EUR,NSA,S13,TE,BE,2012-Q2,54389.8
Q,MIO_EUR,NSA,S13,TE,BE,2012-Q3,52308.3
Q,MIO_EUR,NSA,S13,TE,BE,2012-Q4,58163.9
Q,MIO_EUR,NSA,S13,TE,BE,2013-Q1,54912
Q,MIO_EUR,NSA,S13,TE,BE,2013-Q2,55730.9
Q,MIO_EUR,NSA,S13,TE,BE,2013-Q3,53988.8
Q,MIO_EUR,NSA,S13,TE,BE,2013-Q4,55966.9
Q,MIO_EUR,NSA,S13,TE,BE,2014-Q1,56746.3
Q,MIO_EUR,NSA,S13,TE,BE,2014-Q2,57039.6
Q,MIO_EUR,NSA,S13,TE,BE,2014-Q3,53689.3
Q,MIO_EUR,NSA,S13,TE,BE,2014-Q4,56938.9
Q,MIO_EUR,NSA,S13,TE,BE,2015-Q1,56090.8
Q,MIO_EUR,NSA,S13,TE,BE,2015-Q2,56753.8
Q,MIO_EUR,NSA,S13,TE,BE,2015-Q3,53787.7
Q,MIO_EUR,NSA,S13,TE,BE,2015-Q4,57263.4
Q,MIO_EUR,NSA,S13,TE,BE,2016-Q1,56157.1
Q,MIO_EUR,NSA,S13,TE,BE,2016-Q2,57012.2
Q,MIO_EUR,NSA,S13,TE,BE,2016-Q3,55649.1
Q,MIO_EUR,NSA,S13,TE,BE,2016-Q4,59890.3
Q,MIO_EUR,NSA,S13,TE,BE,2017-Q1,56610.6
Q,MIO_EUR,NSA,S13,TE,BE,2017-Q2,58461.7
Q,MIO_EUR,NSA,S13,TE,BE,2017-Q3,56374.9
Q,MIO_EUR,NSA,S13,TE,BE,2017-Q4,60252.3
Q,MIO_EUR,NSA,S13,TE,BE,2018-Q1,59152.4
Q,MIO_EUR,NSA,S13,TE,BE,2018-Q2,60916.9
Q,MIO_EUR,NSA,S13,TE,BE,2018-Q3,57845.2
Q,MIO_EUR,NSA,S13,TE,BE,2018-Q4,63093.7
Q,MIO_EUR,NSA,S13,TE,BE,2019-Q1,60888.9
Q,MIO_EUR,NSA,S13,TE,BE,2019-Q2,62884.5
Q,MIO_EUR,NSA,S13,TE,BE,2019-Q3,59890.6
Q,MIO_EUR,NSA,S13,TE,BE,2019-Q4,64455.4
Q,MIO_EUR,NSA,S13,TE,BE,2020-Q1,64946.6
Q,MIO_EUR,NSA,S13,TE,BE,2020-Q2,69504.4
Q,MIO_EUR,NSA,S13,TE,BE,2020-Q3,65264.3
Q,MIO_EUR,NSA,S13,TE,BE,2020-Q4,71360.9
Q,MIO_EUR,NSA,S13,TE,BE,2021-Q1,68756.6
Q,MIO_EUR,NSA,S13,TE,BE,2021-Q2,70409.3
Q,MIO_EUR,NSA,S13,TE,BE,2021-Q3,67667.2
Q,MIO_EUR,NSA,S13,TE,BE,2021-Q4,71184.8
Q,MIO_EUR,NSA,S13,TE,BE,2022-Q1,70137.4
Q,MIO_EUR,NSA,S13,TE,BE,2022-Q2,74848.5
Q,MIO_EUR,NSA,S13,TE,BE,2022-Q3,71823.6
Q,MIO_EUR,NSA,S13,TE,BE,2022-Q4,77936.4
Q,MIO_EUR,NSA,S13,TE,BE,2023-Q1,77502.7
Q,MIO_EUR,NSA,S13,TE,BE,2023-Q2,81098.1
Q,MIO_EUR,NSA,S13,TE,BE,2023-Q3,76648.6
Q,MIO_EUR,NSA,S13,TE,BE,2023-Q4,82801.5
Q,MIO_EUR,NSA,S13,TE,BE,2024-Q1,81184.3
Q,MIO_EUR,NSA,S13,TE,BE,2024-Q2,85532.5
Q,MIO_EUR,NSA,S13,TE,BE,2024-Q3,80754.2
Q,MIO_EUR,NSA,S13,TE,BE,2024-Q4,87629.1
Q,MIO_EUR,NSA,S13,TE,BE,2025-Q1,84147.5
Q,MIO_EUR,NSA,S13,TE,BE,2025-Q2,88364.5
Q,MIO_EUR,NSA,S13,TE,BE,2025-Q3,84469.3
Q,MIO_EUR,NSA,S13,TE,BE,2025-Q4,90975.1
Q,MIO_EUR,NSA,S13,TE,BE,2026-Q1,87364.7
Q,MIO_EUR,NSA,S13,TE,BG,1995-Q1,
Q,MIO_EUR,NSA,S13,TE,BG,1995-Q2,
Q,MIO_EUR,NSA,S13,TE,BG,1995-Q3,
Q,MIO_EUR,NSA,S13,TE,BG,1995-Q4,
Q,MIO_EUR,NSA,S13,TE,BG,1996-Q1,
Q,MIO_EUR,NSA,S13,TE,BG,1996-Q2,
Q,MIO_EUR,NSA,S13,TE,BG,1996-Q3,
Q,MIO_EUR,NSA,S13,TE,BG,1996-Q4,
Q,MIO_EUR,NSA,S13,TE,BG,1997-Q1,
Q,MIO_EUR,NSA,S13,TE,BG,1997-Q2,
Q,MIO_EUR,NSA,S13,TE,BG,1997-Q3,
Q,MIO_EUR,NSA,S13,TE,BG,1997-Q4,
Q,MIO_EUR,NSA,S13,TE,BG,1998-Q1,
Q,MIO_EUR,NSA,S13,TE,BG,1998-Q2,
Q,MIO_EUR,NSA,S13,TE,BG,1998-Q3,
Q,MIO_EUR,NSA,S13,TE,BG,1998-Q4,
Q,MIO_EUR,NSA,S13,TE,BG,1999-Q1,1113.7
Q,MIO_EUR,NSA,S13,TE,BG,1999-Q2,1331.3
Q,MIO_EUR,NSA,S13,TE,BG,1999-Q3,1241.9
Q,MIO_EUR,NSA,S13,TE,BG,1999-Q4,1621.5
Q,MIO_EUR,NSA,S13,TE,BG,2000-Q1,1351.2
Q,MIO_EUR,NSA,S13,TE,BG,2000-Q2,1319.4
Q,MIO_EUR,NSA,S13,TE,BG,2000-Q3,1497.8
Q,MIO_EUR,NSA,S13,TE,BG,2000-Q4,2026.9
Q,MIO_EUR,NSA,S13,TE,BG,2001-Q1,1446.6
Q,MIO_EUR,NSA,S13,TE,BG,2001-Q2,1627.6
Q,MIO_EUR,NSA,S13,TE,BG,2001-Q3,1525.4
Q,MIO_EUR,NSA,S13,TE,BG,2001-Q4,1863.3
Q,MIO_EUR,NSA,S13,TE,BG,2002-Q1,1676.9
Q,MIO_EUR,NSA,S13,TE,BG,2002-Q2,1529
Q,MIO_EUR,NSA,S13,TE,BG,2002-Q3,1503.6
Q,MIO_EUR,NSA,S13,TE,BG,2002-Q4,2125.5
Q,MIO_EUR,NSA,S13,TE,BG,2003-Q1,1663.1
Q,MIO_EUR,NSA,S13,TE,BG,2003-Q2,1614.3
Q,MIO_EUR,NSA,S13,TE,BG,2003-Q3,1657
Q,MIO_EUR,NSA,S13,TE,BG,2003-Q4,2315.9
Q,MIO_EUR,NSA,S13,TE,BG,2004-Q1,1690.4
Q,MIO_EUR,NSA,S13,TE,BG,2004-Q2,1823.1
Q,MIO_EUR,NSA,S13,TE,BG,2004-Q3,1913.7
Q,MIO_EUR,NSA,S13,TE,BG,2004-Q4,2549.7
Q,MIO_EUR,NSA,S13,TE,BG,2005-Q1,1928
Q,MIO_EUR,NSA,S13,TE,BG,2005-Q2,2148.5
Q,MIO_EUR,NSA,S13,TE,BG,2005-Q3,2103.6
Q,MIO_EUR,NSA,S13,TE,BG,2005-Q4,2653.7
Q,MIO_EUR,NSA,S13,TE,BG,2006-Q1,1959.1
Q,MIO_EUR,NSA,S13,TE,BG,2006-Q2,2108.1
Q,MIO_EUR,NSA,S13,TE,BG,2006-Q3,2149.2
Q,MIO_EUR,NSA,S13,TE,BG,2006-Q4,3009.9
Q,MIO_EUR,NSA,S13,TE,BG,2007-Q1,2267.3
Q,MIO_EUR,NSA,S13,TE,BG,2007-Q2,2404.8
Q,MIO_EUR,NSA,S13,TE,BG,2007-Q3,2483.8
Q,MIO_EUR,NSA,S13,TE,BG,2007-Q4,5081.4
Q,MIO_EUR,NSA,S13,TE,BG,2008-Q1,2587.1
Q,MIO_EUR,NSA,S13,TE,BG,2008-Q2,2814.4
Q,MIO_EUR,NSA,S13,TE,BG,2008-Q3,3019.3
Q,MIO_EUR,NSA,S13,TE,BG,2008-Q4,5380.9
Q,MIO_EUR,NSA,S13,TE,BG,2009-Q1,3057.9
Q,MIO_EUR,NSA,S13,TE,BG,2009-Q2,3602.2
Q,MIO_EUR,NSA,S13,TE,BG,2009-Q3,3488.3
Q,MIO_EUR,NSA,S13,TE,BG,2009-Q4,4546.6
Q,MIO_EUR,NSA,S13,TE,BG,2010-Q1,3208.6
Q,MIO_EUR,NSA,S13,TE,BG,2010-Q2,3138
Q,MIO_EUR,NSA,S13,TE,BG,2010-Q3,3350.9
Q,MIO_EUR,NSA,S13,TE,BG,2010-Q4,4133
Q,MIO_EUR,NSA,S13,TE,BG,2011-Q1,3075
Q,MIO_EUR,NSA,S13,TE,BG,2011-Q2,3274.6
Q,MIO_EUR,NSA,S13,TE,BG,2011-Q3,3357.7
Q,MIO_EUR,NSA,S13,TE,BG,2011-Q4,4270.6
Q,MIO_EUR,NSA,S13,TE,BG,2012-Q1,3284.4
Q,MIO_EUR,NSA,S13,TE,BG,2012-Q2,3360.5
Q,MIO_EUR,NSA,S13,TE,BG,2012-Q3,3440.6
Q,MIO_EUR,NSA,S13,TE,BG,2012-Q4,4390.4
Q,MIO_EUR,NSA,S13,TE,BG,2013-Q1,3389.9
Q,MIO_EUR,NSA,S13,TE,BG,2013-Q2,3992.8
Q,MIO_EUR,NSA,S13,TE,BG,2013-Q3,3868.8
Q,MIO_EUR,NSA,S13,TE,BG,2013-Q4,4627.7
Q,MIO_EUR,NSA,S13,TE,BG,2014-Q1,3742.4
Q,MIO_EUR,NSA,S13,TE,BG,2014-Q2,4156.8
Q,MIO_EUR,NSA,S13,TE,BG,2014-Q3,4083
Q,MIO_EUR,NSA,S13,TE,BG,2014-Q4,6592.6
Q,MIO_EUR,NSA,S13,TE,BG,2015-Q1,4106.3
Q,MIO_EUR,NSA,S13,TE,BG,2015-Q2,4318.2
Q,MIO_EUR,NSA,S13,TE,BG,2015-Q3,4298.1
Q,MIO_EUR,NSA,S13,TE,BG,2015-Q4,5772.3
Q,MIO_EUR,NSA,S13,TE,BG,2016-Q1,3506.7
Q,MIO_EUR,NSA,S13,TE,BG,2016-Q2,3960.8
Q,MIO_EUR,NSA,S13,TE,BG,2016-Q3,3895
Q,MIO_EUR,NSA,S13,TE,BG,2016-Q4,5589.5
Q,MIO_EUR,NSA,S13,TE,BG,2017-Q1,3928.2
Q,MIO_EUR,NSA,S13,TE,BG,2017-Q2,4172.3
Q,MIO_EUR,NSA,S13,TE,BG,2017-Q3,4239.8
Q,MIO_EUR,NSA,S13,TE,BG,2017-Q4,5925.1
Q,MIO_EUR,NSA,S13,TE,BG,2018-Q1,4193
Q,MIO_EUR,NSA,S13,TE,BG,2018-Q2,5123.2
Q,MIO_EUR,NSA,S13,TE,BG,2018-Q3,5164.3
Q,MIO_EUR,NSA,S13,TE,BG,2018-Q4,6289.5
Q,MIO_EUR,NSA,S13,TE,BG,2019-Q1,5139.8
Q,MIO_EUR,NSA,S13,TE,BG,2019-Q2,5243
Q,MIO_EUR,NSA,S13,TE,BG,2019-Q3,5402.1
Q,MIO_EUR,NSA,S13,TE,BG,2019-Q4,6558.5
Q,MIO_EUR,NSA,S13,TE,BG,2020-Q1,4910.3
Q,MIO_EUR,NSA,S13,TE,BG,2020-Q2,5905.3
Q,MIO_EUR,NSA,S13,TE,BG,2020-Q3,6303.1
Q,MIO_EUR,NSA,S13,TE,BG,2020-Q4,8476.8
Q,MIO_EUR,NSA,S13,TE,BG,2021-Q1,6421
Q,MIO_EUR,NSA,S13,TE,BG,2021-Q2,6502.1
Q,MIO_EUR,NSA,S13,TE,BG,2021-Q3,6463.7
Q,MIO_EUR,NSA,S13,TE,BG,2021-Q4,10238.8
Q,MIO_EUR,NSA,S13,TE,BG,2022-Q1,7142.9
Q,MIO_EUR,NSA,S13,TE,BG,2022-Q2,7869.9
Q,MIO_EUR,NSA,S13,TE,BG,2022-Q3,8961.3
Q,MIO_EUR,NSA,S13,TE,BG,2022-Q4,11568.7
Q,MIO_EUR,NSA,S13,TE,BG,2023-Q1,7992.2
Q,MIO_EUR,NSA,S13,TE,BG,2023-Q2,8651.4
Q,MIO_EUR,NSA,S13,TE,BG,2023-Q3,8721
Q,MIO_EUR,NSA,S13,TE,BG,2023-Q4,11359.3
Q,MIO_EUR,NSA,S13,TE,BG,2024-Q1,8873
Q,MIO_EUR,NSA,S13,TE,BG,2024-Q2,9647.1
Q,MIO_EUR,NSA,S13,TE,BG,2024-Q3,10133.6
Q,MIO_EUR,NSA,S13,TE,BG,2024-Q4,12406.2
Q,MIO_EUR,NSA,S13,TE,BG,2025-Q1,9501.6
Q,MIO_EUR,NSA,S13,TE,BG,2025-Q2,11867
Q,MIO_EUR,NSA,S13,TE,BG,2025-Q3,11493.6
Q,MIO_EUR,NSA,S13,TE,BG,2025-Q4,15508.6
Q,MIO_EUR,NSA,S13,TE,BG,2026-Q1,11861.9
Q,MIO_EUR,NSA,S13,TE,CZ,1995-Q1,
Q,MIO_EUR,NSA,S13,TE,CZ,1995-Q2,
Q,MIO_EUR,NSA,S13,TE,CZ,1995-Q3,
Q,MIO_EUR,NSA,S13,TE,CZ,1995-Q4,
Q,MIO_EUR,NSA,S13,TE,CZ,1996-Q1,
Q,MIO_EUR,NSA,S13,TE,CZ,1996-Q2,
Q,MIO_EUR,NSA,S13,TE,CZ,1996-Q3,
Q,MIO_EUR,NSA,S13,TE,CZ,1996-Q4,
Q,MIO_EUR,NSA,S13,TE,CZ,1997-Q1,
Q,MIO_EUR,NSA,S13,TE,CZ,1997-Q2,
Q,MIO_EUR,NSA,S13,TE,CZ,1997-Q3,
Q,MIO_EUR,NSA,S13,TE,CZ,1997-Q4,
Q,MIO_EUR,NSA,S13,TE,CZ,1998-Q1,
Q,MIO_EUR,NSA,S13,TE,CZ,1998-Q2,
Q,MIO_EUR,NSA,S13,TE,CZ,1998-Q3,
Q,MIO_EUR,NSA,S13,TE,CZ,1998-Q4,
Q,MIO_EUR,NSA,S13,TE,CZ,1999-Q1,5262.5
Q,MIO_EUR,NSA,S13,TE,CZ,1999-Q2,6067.8
Q,MIO_EUR,NSA,S13,TE,CZ,1999-Q3,5857.1
Q,MIO_EUR,NSA,S13,TE,CZ,1999-Q4,7974.3
Q,MIO_EUR,NSA,S13,TE,CZ,2000-Q1,5998
Q,MIO_EUR,NSA,S13,TE,CZ,2000-Q2,6746.5
Q,MIO_EUR,NSA,S13,TE,CZ,2000-Q3,6460.1
Q,MIO_EUR,NSA,S13,TE,CZ,2000-Q4,8187.6
Q,MIO_EUR,NSA,S13,TE,CZ,2001-Q1,6810.2
Q,MIO_EUR,NSA,S13,TE,CZ,2001-Q2,7830.7
Q,MIO_EUR,NSA,S13,TE,CZ,2001-Q3,7475.2
Q,MIO_EUR,NSA,S13,TE,CZ,2001-Q4,10771.5
Q,MIO_EUR,NSA,S13,TE,CZ,2002-Q1,8913.2
Q,MIO_EUR,NSA,S13,TE,CZ,2002-Q2,10475.6
Q,MIO_EUR,NSA,S13,TE,CZ,2002-Q3,9353.5
Q,MIO_EUR,NSA,S13,TE,CZ,2002-Q4,10285.1
Q,MIO_EUR,NSA,S13,TE,CZ,2003-Q1,12120.2
Q,MIO_EUR,NSA,S13,TE,CZ,2003-Q2,10078.8
Q,MIO_EUR,NSA,S13,TE,CZ,2003-Q3,10300.4
Q,MIO_EUR,NSA,S13,TE,CZ,2003-Q4,11062.1
Q,MIO_EUR,NSA,S13,TE,CZ,2004-Q1,8792.2
Q,MIO_EUR,NSA,S13,TE,CZ,2004-Q2,10847.4
Q,MIO_EUR,NSA,S13,TE,CZ,2004-Q3,9361.6
Q,MIO_EUR,NSA,S13,TE,CZ,2004-Q4,11926.6
Q,MIO_EUR,NSA,S13,TE,CZ,2005-Q1,10443.2
Q,MIO_EUR,NSA,S13,TE,CZ,2005-Q2,12399.4
Q,MIO_EUR,NSA,S13,TE,CZ,2005-Q3,10951.1
Q,MIO_EUR,NSA,S13,TE,CZ,2005-Q4,12966.9
Q,MIO_EUR,NSA,S13,TE,CZ,2006-Q1,12041.8
Q,MIO_EUR,NSA,S13,TE,CZ,2006-Q2,13399.1
Q,MIO_EUR,NSA,S13,TE,CZ,2006-Q3,12000.2
Q,MIO_EUR,NSA,S13,TE,CZ,2006-Q4,14236.5
Q,MIO_EUR,NSA,S13,TE,CZ,2007-Q1,13108.9
Q,MIO_EUR,NSA,S13,TE,CZ,2007-Q2,13713.7
Q,MIO_EUR,NSA,S13,TE,CZ,2007-Q3,12893.4
Q,MIO_EUR,NSA,S13,TE,CZ,2007-Q4,16597.7
Q,MIO_EUR,NSA,S13,TE,CZ,2008-Q1,15014.3
Q,MIO_EUR,NSA,S13,TE,CZ,2008-Q2,16560.9
Q,MIO_EUR,NSA,S13,TE,CZ,2008-Q3,16441
Q,MIO_EUR,NSA,S13,TE,CZ,2008-Q4,18194.2
Q,MIO_EUR,NSA,S13,TE,CZ,2009-Q1,14989.6
Q,MIO_EUR,NSA,S13,TE,CZ,2009-Q2,16405.2
Q,MIO_EUR,NSA,S13,TE,CZ,2009-Q3,16426.1
Q,MIO_EUR,NSA,S13,TE,CZ,2009-Q4,18600
Q,MIO_EUR,NSA,S13,TE,CZ,2010-Q1,15791.3
Q,MIO_EUR,NSA,S13,TE,CZ,2010-Q2,17055.8
Q,MIO_EUR,NSA,S13,TE,CZ,2010-Q3,16696.7
Q,MIO_EUR,NSA,S13,TE,CZ,2010-Q4,19400.1
Q,MIO_EUR,NSA,S13,TE,CZ,2011-Q1,16940.8
Q,MIO_EUR,NSA,S13,TE,CZ,2011-Q2,18086.9
Q,MIO_EUR,NSA,S13,TE,CZ,2011-Q3,17361.4
Q,MIO_EUR,NSA,S13,TE,CZ,2011-Q4,18917.2
Q,MIO_EUR,NSA,S13,TE,CZ,2012-Q1,16693.7
Q,MIO_EUR,NSA,S13,TE,CZ,2012-Q2,17444.6
Q,MIO_EUR,NSA,S13,TE,CZ,2012-Q3,17243.1
Q,MIO_EUR,NSA,S13,TE,CZ,2012-Q4,21266.1
Q,MIO_EUR,NSA,S13,TE,CZ,2013-Q1,16513.3
Q,MIO_EUR,NSA,S13,TE,CZ,2013-Q2,17063.5
Q,MIO_EUR,NSA,S13,TE,CZ,2013-Q3,16622
Q,MIO_EUR,NSA,S13,TE,CZ,2013-Q4,17790.5
Q,MIO_EUR,NSA,S13,TE,CZ,2014-Q1,16340.4
Q,MIO_EUR,NSA,S13,TE,CZ,2014-Q2,16581
Q,MIO_EUR,NSA,S13,TE,CZ,2014-Q3,16227.7
Q,MIO_EUR,NSA,S13,TE,CZ,2014-Q4,18116.8
Q,MIO_EUR,NSA,S13,TE,CZ,2015-Q1,15999.4
Q,MIO_EUR,NSA,S13,TE,CZ,2015-Q2,17561
Q,MIO_EUR,NSA,S13,TE,CZ,2015-Q3,17272.6
Q,MIO_EUR,NSA,S13,TE,CZ,2015-Q4,20299.4
Q,MIO_EUR,NSA,S13,TE,CZ,2016-Q1,16651.8
Q,MIO_EUR,NSA,S13,TE,CZ,2016-Q2,17383.8
Q,MIO_EUR,NSA,S13,TE,CZ,2016-Q3,16996.4
Q,MIO_EUR,NSA,S13,TE,CZ,2016-Q4,19504.9
Q,MIO_EUR,NSA,S13,TE,CZ,2017-Q1,17419.3
Q,MIO_EUR,NSA,S13,TE,CZ,2017-Q2,18644.2
Q,MIO_EUR,NSA,S13,TE,CZ,2017-Q3,18388.7
Q,MIO_EUR,NSA,S13,TE,CZ,2017-Q4,21336.4
Q,MIO_EUR,NSA,S13,TE,CZ,2018-Q1,20085.3
Q,MIO_EUR,NSA,S13,TE,CZ,2018-Q2,21075.4
Q,MIO_EUR,NSA,S13,TE,CZ,2018-Q3,20985.8
Q,MIO_EUR,NSA,S13,TE,CZ,2018-Q4,23476.5
Q,MIO_EUR,NSA,S13,TE,CZ,2019-Q1,21697.5
Q,MIO_EUR,NSA,S13,TE,CZ,2019-Q2,22917.9
Q,MIO_EUR,NSA,S13,TE,CZ,2019-Q3,22642.8
Q,MIO_EUR,NSA,S13,TE,CZ,2019-Q4,25369.2
Q,MIO_EUR,NSA,S13,TE,CZ,2020-Q1,23757.3
Q,MIO_EUR,NSA,S13,TE,CZ,2020-Q2,24938.1
Q,MIO_EUR,NSA,S13,TE,CZ,2020-Q3,24004.3
Q,MIO_EUR,NSA,S13,TE,CZ,2020-Q4,29116.3
Q,MIO_EUR,NSA,S13,TE,CZ,2021-Q1,26385.5
Q,MIO_EUR,NSA,S13,TE,CZ,2021-Q2,27790.9
Q,MIO_EUR,NSA,S13,TE,CZ,2021-Q3,26632.4
Q,MIO_EUR,NSA,S13,TE,CZ,2021-Q4,29973
Q,MIO_EUR,NSA,S13,TE,CZ,2022-Q1,28030.3
Q,MIO_EUR,NSA,S13,TE,CZ,2022-Q2,30471.6
Q,MIO_EUR,NSA,S13,TE,CZ,2022-Q3,31089.4
Q,MIO_EUR,NSA,S13,TE,CZ,2022-Q4,34481.3
Q,MIO_EUR,NSA,S13,TE,CZ,2023-Q1,33709.1
Q,MIO_EUR,NSA,S13,TE,CZ,2023-Q2,35087.8
Q,MIO_EUR,NSA,S13,TE,CZ,2023-Q3,33730.7
Q,MIO_EUR,NSA,S13,TE,CZ,2023-Q4,37776.6
Q,MIO_EUR,NSA,S13,TE,CZ,2024-Q1,32574.7
Q,MIO_EUR,NSA,S13,TE,CZ,2024-Q2,34600.7
Q,MIO_EUR,NSA,S13,TE,CZ,2024-Q3,33806.8
Q,MIO_EUR,NSA,S13,TE,CZ,2024-Q4,37584.2
Q,MIO_EUR,NSA,S13,TE,CZ,2025-Q1,34264.7
Q,MIO_EUR,NSA,S13,TE,CZ,2025-Q2,36652.7
Q,MIO_EUR,NSA,S13,TE,CZ,2025-Q3,37038.9
Q,MIO_EUR,NSA,S13,TE,CZ,2025-Q4,41849.8
Q,MIO_EUR,NSA,S13,TE,CZ,2026-Q1,37055.6
Q,MIO_EUR,NSA,S13,TE,DK,1995-Q1,
Q,MIO_EUR,NSA,S13,TE,DK,1995-Q2,
Q,MIO_EUR,NSA,S13,TE,DK,1995-Q3,
Q,MIO_EUR,NSA,S13,TE,DK,1995-Q4,
Q,MIO_EUR,NSA,S13,TE,DK,1996-Q1,
Q,MIO_EUR,NSA,S13,TE,DK,1996-Q2,
Q,MIO_EUR,NSA,S13,TE,DK,1996-Q3,
Q,MIO_EUR,NSA,S13,TE,DK,1996-Q4,
Q,MIO_EUR,NSA,S13,TE,DK,1997-Q1,
Q,MIO_EUR,NSA,S13,TE,DK,1997-Q2,
Q,MIO_EUR,NSA,S13,TE,DK,1997-Q3,
Q,MIO_EUR,NSA,S13,TE,DK,1997-Q4,
Q,MIO_EUR,NSA,S13,TE,DK,1998-Q1,
Q,MIO_EUR,NSA,S13,TE,DK,1998-Q2,
Q,MIO_EUR,NSA,S13,TE,DK,1998-Q3,
Q,MIO_EUR,NSA,S13,TE,DK,1998-Q4,
Q,MIO_EUR,NSA,S13,TE,DK,1999-Q1,22544.2
Q,MIO_EUR,NSA,S13,TE,DK,1999-Q2,22629.6
Q,MIO_EUR,NSA,S13,TE,DK,1999-Q3,22718.2
Q,MIO_EUR,NSA,S13,TE,DK,1999-Q4,23346
Q,MIO_EUR,NSA,S13,TE,DK,2000-Q1,23105.7
Q,MIO_EUR,NSA,S13,TE,DK,2000-Q2,23390.6
Q,MIO_EUR,NSA,S13,TE,DK,2000-Q3,23473
Q,MIO_EUR,NSA,S13,TE,DK,2000-Q4,24080.6
Q,MIO_EUR,NSA,S13,TE,DK,2001-Q1,24004
Q,MIO_EUR,NSA,S13,TE,DK,2001-Q2,24209.8
Q,MIO_EUR,NSA,S13,TE,DK,2001-Q3,24249.5
Q,MIO_EUR,NSA,S13,TE,DK,2001-Q4,25130.3
Q,MIO_EUR,NSA,S13,TE,DK,2002-Q1,24867.6
Q,MIO_EUR,NSA,S13,TE,DK,2002-Q2,25142.1
Q,MIO_EUR,NSA,S13,TE,DK,2002-Q3,25125.8
Q,MIO_EUR,NSA,S13,TE,DK,2002-Q4,25727.3
Q,MIO_EUR,NSA,S13,TE,DK,2003-Q1,25745.6
Q,MIO_EUR,NSA,S13,TE,DK,2003-Q2,25930.4
Q,MIO_EUR,NSA,S13,TE,DK,2003-Q3,25681
Q,MIO_EUR,NSA,S13,TE,DK,2003-Q4,26244.6
Q,MIO_EUR,NSA,S13,TE,DK,2004-Q1,26661.1
Q,MIO_EUR,NSA,S13,TE,DK,2004-Q2,26292
Q,MIO_EUR,NSA,S13,TE,DK,2004-Q3,26730.5
Q,MIO_EUR,NSA,S13,TE,DK,2004-Q4,27435.1
Q,MIO_EUR,NSA,S13,TE,DK,2005-Q1,27661.5
Q,MIO_EUR,NSA,S13,TE,DK,2005-Q2,27092.6
Q,MIO_EUR,NSA,S13,TE,DK,2005-Q3,26968.7
Q,MIO_EUR,NSA,S13,TE,DK,2005-Q4,27220.7
Q,MIO_EUR,NSA,S13,TE,DK,2006-Q1,28194.4
Q,MIO_EUR,NSA,S13,TE,DK,2006-Q2,27706.1
Q,MIO_EUR,NSA,S13,TE,DK,2006-Q3,27707.7
Q,MIO_EUR,NSA,S13,TE,DK,2006-Q4,28704.5
Q,MIO_EUR,NSA,S13,TE,DK,2007-Q1,28870.4
Q,MIO_EUR,NSA,S13,TE,DK,2007-Q2,28449.6
Q,MIO_EUR,NSA,S13,TE,DK,2007-Q3,28857.1
Q,MIO_EUR,NSA,S13,TE,DK,2007-Q4,29526.4
Q,MIO_EUR,NSA,S13,TE,DK,2008-Q1,30768.7
Q,MIO_EUR,NSA,S13,TE,DK,2008-Q2,29700.8
Q,MIO_EUR,NSA,S13,TE,DK,2008-Q3,30162.2
Q,MIO_EUR,NSA,S13,TE,DK,2008-Q4,31417.3
Q,MIO_EUR,NSA,S13,TE,DK,2009-Q1,32166.4
Q,MIO_EUR,NSA,S13,TE,DK,2009-Q2,32427.8
Q,MIO_EUR,NSA,S13,TE,DK,2009-Q3,32750
Q,MIO_EUR,NSA,S13,TE,DK,2009-Q4,33490.5
Q,MIO_EUR,NSA,S13,TE,DK,2010-Q1,34491.4
Q,MIO_EUR,NSA,S13,TE,DK,2010-Q2,34439.3
Q,MIO_EUR,NSA,S13,TE,DK,2010-Q3,33850.3
Q,MIO_EUR,NSA,S13,TE,DK,2010-Q4,34796.3
Q,MIO_EUR,NSA,S13,TE,DK,2011-Q1,33836.1
Q,MIO_EUR,NSA,S13,TE,DK,2011-Q2,35086.9
Q,MIO_EUR,NSA,S13,TE,DK,2011-Q3,34359.8
Q,MIO_EUR,NSA,S13,TE,DK,2011-Q4,36377.1
Q,MIO_EUR,NSA,S13,TE,DK,2012-Q1,35602.2
Q,MIO_EUR,NSA,S13,TE,DK,2012-Q2,38251.4
Q,MIO_EUR,NSA,S13,TE,DK,2012-Q3,36341.3
Q,MIO_EUR,NSA,S13,TE,DK,2012-Q4,37060.4
Q,MIO_EUR,NSA,S13,TE,DK,2013-Q1,35895.8
Q,MIO_EUR,NSA,S13,TE,DK,2013-Q2,36117.5
Q,MIO_EUR,NSA,S13,TE,DK,2013-Q3,35916.5
Q,MIO_EUR,NSA,S13,TE,DK,2013-Q4,36317.3
Q,MIO_EUR,NSA,S13,TE,DK,2014-Q1,36635.7
Q,MIO_EUR,NSA,S13,TE,DK,2014-Q2,36355.9
Q,MIO_EUR,NSA,S13,TE,DK,2014-Q3,35988.7
Q,MIO_EUR,NSA,S13,TE,DK,2014-Q4,37387.9
Q,MIO_EUR,NSA,S13,TE,DK,2015-Q1,37292.4
Q,MIO_EUR,NSA,S13,TE,DK,2015-Q2,36720.4
Q,MIO_EUR,NSA,S13,TE,DK,2015-Q3,36506.2
Q,MIO_EUR,NSA,S13,TE,DK,2015-Q4,37604.9
Q,MIO_EUR,NSA,S13,TE,DK,2016-Q1,37093.4
Q,MIO_EUR,NSA,S13,TE,DK,2016-Q2,37131.7
Q,MIO_EUR,NSA,S13,TE,DK,2016-Q3,36789.1
Q,MIO_EUR,NSA,S13,TE,DK,2016-Q4,36753.6
Q,MIO_EUR,NSA,S13,TE,DK,2017-Q1,36751.1
Q,MIO_EUR,NSA,S13,TE,DK,2017-Q2,37295.2
Q,MIO_EUR,NSA,S13,TE,DK,2017-Q3,36778.3
Q,MIO_EUR,NSA,S13,TE,DK,2017-Q4,38121.3
Q,MIO_EUR,NSA,S13,TE,DK,2018-Q1,37909.5
Q,MIO_EUR,NSA,S13,TE,DK,2018-Q2,38467
Q,MIO_EUR,NSA,S13,TE,DK,2018-Q3,37513.9
Q,MIO_EUR,NSA,S13,TE,DK,2018-Q4,38889.7
Q,MIO_EUR,NSA,S13,TE,DK,2019-Q1,38188.9
Q,MIO_EUR,NSA,S13,TE,DK,2019-Q2,37810.5
Q,MIO_EUR,NSA,S13,TE,DK,2019-Q3,38082.7
Q,MIO_EUR,NSA,S13,TE,DK,2019-Q4,39596.3
Q,MIO_EUR,NSA,S13,TE,DK,2020-Q1,39636.9
Q,MIO_EUR,NSA,S13,TE,DK,2020-Q2,41850.3
Q,MIO_EUR,NSA,S13,TE,DK,2020-Q3,39911.2
Q,MIO_EUR,NSA,S13,TE,DK,2020-Q4,45088.9
Q,MIO_EUR,NSA,S13,TE,DK,2021-Q1,43121.9
Q,MIO_EUR,NSA,S13,TE,DK,2021-Q2,42644.9
Q,MIO_EUR,NSA,S13,TE,DK,2021-Q3,40498.6
Q,MIO_EUR,NSA,S13,TE,DK,2021-Q4,44382.4
Q,MIO_EUR,NSA,S13,TE,DK,2022-Q1,42525.4
Q,MIO_EUR,NSA,S13,TE,DK,2022-Q2,42397.9
Q,MIO_EUR,NSA,S13,TE,DK,2022-Q3,41991.3
Q,MIO_EUR,NSA,S13,TE,DK,2022-Q4,44681.2
Q,MIO_EUR,NSA,S13,TE,DK,2023-Q1,42897.7
Q,MIO_EUR,NSA,S13,TE,DK,2023-Q2,43846.4
Q,MIO_EUR,NSA,S13,TE,DK,2023-Q3,43238.6
Q,MIO_EUR,NSA,S13,TE,DK,2023-Q4,47341.2
Q,MIO_EUR,NSA,S13,TE,DK,2024-Q1,44486.7
Q,MIO_EUR,NSA,S13,TE,DK,2024-Q2,46062.2
Q,MIO_EUR,NSA,S13,TE,DK,2024-Q3,45297.2
Q,MIO_EUR,NSA,S13,TE,DK,2024-Q4,50222.7
Q,MIO_EUR,NSA,S13,TE,DK,2025-Q1,47507.1
Q,MIO_EUR,NSA,S13,TE,DK,2025-Q2,48519
Q,MIO_EUR,NSA,S13,TE,DK,2025-Q3,47541.4
Q,MIO_EUR,NSA,S13,TE,DK,2025-Q4,53771.3
Q,MIO_EUR,NSA,S13,TE,DK,2026-Q1,49004.8
Q,MIO_EUR,NSA,S13,TE,DE,1995-Q1,
Q,MIO_EUR,NSA,S13,TE,DE,1995-Q2,
Q,MIO_EUR,NSA,S13,TE,DE,1995-Q3,
Q,MIO_EUR,NSA,S13,TE,DE,1995-Q4,
Q,MIO_EUR,NSA,S13,TE,DE,1996-Q1,
Q,MIO_EUR,NSA,S13,TE,DE,1996-Q2,
Q,MIO_EUR,NSA,S13,TE,DE,1996-Q3,
Q,MIO_EUR,NSA,S13,TE,DE,1996-Q4,
Q,MIO_EUR,NSA,S13,TE,DE,1997-Q1,
Q,MIO_EUR,NSA,S13,TE,DE,1997-Q2,
Q,MIO_EUR,NSA,S13,TE,DE,1997-Q3,
Q,MIO_EUR,NSA,S13,TE,DE,1997-Q4,
Q,MIO_EUR,NSA,S13,TE,DE,1998-Q1,
Q,MIO_EUR,NSA,S13,TE,DE,1998-Q2,
Q,MIO_EUR,NSA,S13,TE,DE,1998-Q3,
Q,MIO_EUR,NSA,S13,TE,DE,1998-Q4,
Q,MIO_EUR,NSA,S13,TE,DE,1999-Q1,
Q,MIO_EUR,NSA,S13,TE,DE,1999-Q2,
Q,MIO_EUR,NSA,S13,TE,DE,1999-Q3,
Q,MIO_EUR,NSA,S13,TE,DE,1999-Q4,
Q,MIO_EUR,NSA,S13,TE,DE,2000-Q1,
Q,MIO_EUR,NSA,S13,TE,DE,2000-Q2,
Q,MIO_EUR,NSA,S13,TE,DE,2000-Q3,
Q,MIO_EUR,NSA,S13,TE,DE,2000-Q4,
Q,MIO_EUR,NSA,S13,TE,DE,2001-Q1,
Q,MIO_EUR,NSA,S13,TE,DE,2001-Q2,
Q,MIO_EUR,NSA,S13,TE,DE,2001-Q3,
Q,MIO_EUR,NSA,S13,TE,DE,2001-Q4,
Q,MIO_EUR,NSA,S13,TE,DE,2002-Q1,261325
Q,MIO_EUR,NSA,S13,TE,DE,2002-Q2,258605
Q,MIO_EUR,NSA,S13,TE,DE,2002-Q3,263611
Q,MIO_EUR,NSA,S13,TE,DE,2002-Q4,289097
Q,MIO_EUR,NSA,S13,TE,DE,2003-Q1,267234
Q,MIO_EUR,NSA,S13,TE,DE,2003-Q2,263788
Q,MIO_EUR,NSA,S13,TE,DE,2003-Q3,268918
Q,MIO_EUR,NSA,S13,TE,DE,2003-Q4,287161
Q,MIO_EUR,NSA,S13,TE,DE,2004-Q1,270001
Q,MIO_EUR,NSA,S13,TE,DE,2004-Q2,261387
Q,MIO_EUR,NSA,S13,TE,DE,2004-Q3,264427
Q,MIO_EUR,NSA,S13,TE,DE,2004-Q4,281265
Q,MIO_EUR,NSA,S13,TE,DE,2005-Q1,271939
Q,MIO_EUR,NSA,S13,TE,DE,2005-Q2,265491
Q,MIO_EUR,NSA,S13,TE,DE,2005-Q3,266733
Q,MIO_EUR,NSA,S13,TE,DE,2005-Q4,285830
Q,MIO_EUR,NSA,S13,TE,DE,2006-Q1,274826
Q,MIO_EUR,NSA,S13,TE,DE,2006-Q2,266298
Q,MIO_EUR,NSA,S13,TE,DE,2006-Q3,268376
Q,MIO_EUR,NSA,S13,TE,DE,2006-Q4,289774
Q,MIO_EUR,NSA,S13,TE,DE,2007-Q1,275713
Q,MIO_EUR,NSA,S13,TE,DE,2007-Q2,266300
Q,MIO_EUR,NSA,S13,TE,DE,2007-Q3,270514
Q,MIO_EUR,NSA,S13,TE,DE,2007-Q4,294352
Q,MIO_EUR,NSA,S13,TE,DE,2008-Q1,283660
Q,MIO_EUR,NSA,S13,TE,DE,2008-Q2,278791
Q,MIO_EUR,NSA,S13,TE,DE,2008-Q3,279524
Q,MIO_EUR,NSA,S13,TE,DE,2008-Q4,308305
Q,MIO_EUR,NSA,S13,TE,DE,2009-Q1,291330
Q,MIO_EUR,NSA,S13,TE,DE,2009-Q2,291904
Q,MIO_EUR,NSA,S13,TE,DE,2009-Q3,298590
Q,MIO_EUR,NSA,S13,TE,DE,2009-Q4,322995
Q,MIO_EUR,NSA,S13,TE,DE,2010-Q1,303143
Q,MIO_EUR,NSA,S13,TE,DE,2010-Q2,301222
Q,MIO_EUR,NSA,S13,TE,DE,2010-Q3,331875
Q,MIO_EUR,NSA,S13,TE,DE,2010-Q4,322467
Q,MIO_EUR,NSA,S13,TE,DE,2011-Q1,306307
Q,MIO_EUR,NSA,S13,TE,DE,2011-Q2,303819
Q,MIO_EUR,NSA,S13,TE,DE,2011-Q3,306283
Q,MIO_EUR,NSA,S13,TE,DE,2011-Q4,327654
Q,MIO_EUR,NSA,S13,TE,DE,2012-Q1,309106
Q,MIO_EUR,NSA,S13,TE,DE,2012-Q2,308613
Q,MIO_EUR,NSA,S13,TE,DE,2012-Q3,311502
Q,MIO_EUR,NSA,S13,TE,DE,2012-Q4,333286
Q,MIO_EUR,NSA,S13,TE,DE,2013-Q1,316813
Q,MIO_EUR,NSA,S13,TE,DE,2013-Q2,318280
Q,MIO_EUR,NSA,S13,TE,DE,2013-Q3,319117
Q,MIO_EUR,NSA,S13,TE,DE,2013-Q4,340390
Q,MIO_EUR,NSA,S13,TE,DE,2014-Q1,322559
Q,MIO_EUR,NSA,S13,TE,DE,2014-Q2,324152
Q,MIO_EUR,NSA,S13,TE,DE,2014-Q3,326801
Q,MIO_EUR,NSA,S13,TE,DE,2014-Q4,354820
Q,MIO_EUR,NSA,S13,TE,DE,2015-Q1,333730
Q,MIO_EUR,NSA,S13,TE,DE,2015-Q2,337085
Q,MIO_EUR,NSA,S13,TE,DE,2015-Q3,334061
Q,MIO_EUR,NSA,S13,TE,DE,2015-Q4,368417
Q,MIO_EUR,NSA,S13,TE,DE,2016-Q1,346071
Q,MIO_EUR,NSA,S13,TE,DE,2016-Q2,350131
Q,MIO_EUR,NSA,S13,TE,DE,2016-Q3,354853
Q,MIO_EUR,NSA,S13,TE,DE,2016-Q4,378201
Q,MIO_EUR,NSA,S13,TE,DE,2017-Q1,358505
Q,MIO_EUR,NSA,S13,TE,DE,2017-Q2,369538
Q,MIO_EUR,NSA,S13,TE,DE,2017-Q3,360628
Q,MIO_EUR,NSA,S13,TE,DE,2017-Q4,395881
Q,MIO_EUR,NSA,S13,TE,DE,2018-Q1,365788
Q,MIO_EUR,NSA,S13,TE,DE,2018-Q2,373320
Q,MIO_EUR,NSA,S13,TE,DE,2018-Q3,376484
Q,MIO_EUR,NSA,S13,TE,DE,2018-Q4,417736
Q,MIO_EUR,NSA,S13,TE,DE,2019-Q1,381160
Q,MIO_EUR,NSA,S13,TE,DE,2019-Q2,393634
Q,MIO_EUR,NSA,S13,TE,DE,2019-Q3,400133
Q,MIO_EUR,NSA,S13,TE,DE,2019-Q4,435688
Q,MIO_EUR,NSA,S13,TE,DE,2020-Q1,406412
Q,MIO_EUR,NSA,S13,TE,DE,2020-Q2,444220
Q,MIO_EUR,NSA,S13,TE,DE,2020-Q3,436569
Q,MIO_EUR,NSA,S13,TE,DE,2020-Q4,476583
Q,MIO_EUR,NSA,S13,TE,DE,2021-Q1,446352
Q,MIO_EUR,NSA,S13,TE,DE,2021-Q2,458001
Q,MIO_EUR,NSA,S13,TE,DE,2021-Q3,453857
Q,MIO_EUR,NSA,S13,TE,DE,2021-Q4,507609
Q,MIO_EUR,NSA,S13,TE,DE,2022-Q1,448380
Q,MIO_EUR,NSA,S13,TE,DE,2022-Q2,458092
Q,MIO_EUR,NSA,S13,TE,DE,2022-Q3,481753
Q,MIO_EUR,NSA,S13,TE,DE,2022-Q4,550983
Q,MIO_EUR,NSA,S13,TE,DE,2023-Q1,479192
Q,MIO_EUR,NSA,S13,TE,DE,2023-Q2,492247
Q,MIO_EUR,NSA,S13,TE,DE,2023-Q3,503127
Q,MIO_EUR,NSA,S13,TE,DE,2023-Q4,556867
Q,MIO_EUR,NSA,S13,TE,DE,2024-Q1,506543
Q,MIO_EUR,NSA,S13,TE,DE,2024-Q2,520187
Q,MIO_EUR,NSA,S13,TE,DE,2024-Q3,529019
Q,MIO_EUR,NSA,S13,TE,DE,2024-Q4,583968
Q,MIO_EUR,NSA,S13,TE,DE,2025-Q1,529287
Q,MIO_EUR,NSA,S13,TE,DE,2025-Q2,545781
Q,MIO_EUR,NSA,S13,TE,DE,2025-Q3,558828
Q,MIO_EUR,NSA,S13,TE,DE,2025-Q4,628691
Q,MIO_EUR,NSA,S13,TE,DE,2026-Q1,560944
Q,MIO_EUR,NSA,S13,TE,EE,1995-Q1,
Q,MIO_EUR,NSA,S13,TE,EE,1995-Q2,
Q,MIO_EUR,NSA,S13,TE,EE,1995-Q3,
Q,MIO_EUR,NSA,S13,TE,EE,1995-Q4,
Q,MIO_EUR,NSA,S13,TE,EE,1996-Q1,
Q,MIO_EUR,NSA,S13,TE,EE,1996-Q2,
Q,MIO_EUR,NSA,S13,TE,EE,1996-Q3,
Q,MIO_EUR,NSA,S13,TE,EE,1996-Q4,
Q,MIO_EUR,NSA,S13,TE,EE,1997-Q1,
Q,MIO_EUR,NSA,S13,TE,EE,1997-Q2,
Q,MIO_EUR,NSA,S13,TE,EE,1997-Q3,
Q,MIO_EUR,NSA,S13,TE,EE,1997-Q4,
Q,MIO_EUR,NSA,S13,TE,EE,1998-Q1,
Q,MIO_EUR,NSA,S13,TE,EE,1998-Q2,
Q,MIO_EUR,NSA,S13,TE,EE,1998-Q3,
Q,MIO_EUR,NSA,S13,TE,EE,1998-Q4,
Q,MIO_EUR,NSA,S13,TE,EE,1999-Q1,
Q,MIO_EUR,NSA,S13,TE,EE,1999-Q2,
Q,MIO_EUR,NSA,S13,TE,EE,1999-Q3,
Q,MIO_EUR,NSA,S13,TE,EE,1999-Q4,
Q,MIO_EUR,NSA,S13,TE,EE,2000-Q1,
Q,MIO_EUR,NSA,S13,TE,EE,2000-Q2,
Q,MIO_EUR,NSA,S13,TE,EE,2000-Q3,
Q,MIO_EUR,NSA,S13,TE,EE,2000-Q4,
Q,MIO_EUR,NSA,S13,TE,EE,2001-Q1,
Q,MIO_EUR,NSA,S13,TE,EE,2001-Q2,
Q,MIO_EUR,NSA,S13,TE,EE,2001-Q3,
Q,MIO_EUR,NSA,S13,TE,EE,2001-Q4,
Q,MIO_EUR,NSA,S13,TE,EE,2002-Q1,612.7
Q,MIO_EUR,NSA,S13,TE,EE,2002-Q2,704.1
Q,MIO_EUR,NSA,S13,TE,EE,2002-Q3,677
Q,MIO_EUR,NSA,S13,TE,EE,2002-Q4,812.6
Q,MIO_EUR,NSA,S13,TE,EE,2003-Q1,683.1
Q,MIO_EUR,NSA,S13,TE,EE,2003-Q2,779.3
Q,MIO_EUR,NSA,S13,TE,EE,2003-Q3,698.1
Q,MIO_EUR,NSA,S13,TE,EE,2003-Q4,905.1
Q,MIO_EUR,NSA,S13,TE,EE,2004-Q1,709.6
Q,MIO_EUR,NSA,S13,TE,EE,2004-Q2,828.7
Q,MIO_EUR,NSA,S13,TE,EE,2004-Q3,770.3
Q,MIO_EUR,NSA,S13,TE,EE,2004-Q4,1024.2
Q,MIO_EUR,NSA,S13,TE,EE,2005-Q1,821.7
Q,MIO_EUR,NSA,S13,TE,EE,2005-Q2,921.6
Q,MIO_EUR,NSA,S13,TE,EE,2005-Q3,896.5
Q,MIO_EUR,NSA,S13,TE,EE,2005-Q4,1185.2
Q,MIO_EUR,NSA,S13,TE,EE,2006-Q1,950.5
Q,MIO_EUR,NSA,S13,TE,EE,2006-Q2,1030.8
Q,MIO_EUR,NSA,S13,TE,EE,2006-Q3,1091
Q,MIO_EUR,NSA,S13,TE,EE,2006-Q4,1473.3
Q,MIO_EUR,NSA,S13,TE,EE,2007-Q1,1164.5
Q,MIO_EUR,NSA,S13,TE,EE,2007-Q2,1351.6
Q,MIO_EUR,NSA,S13,TE,EE,2007-Q3,1346.9
Q,MIO_EUR,NSA,S13,TE,EE,2007-Q4,1688
Q,MIO_EUR,NSA,S13,TE,EE,2008-Q1,1431.7
Q,MIO_EUR,NSA,S13,TE,EE,2008-Q2,1633.9
Q,MIO_EUR,NSA,S13,TE,EE,2008-Q3,1574.5
Q,MIO_EUR,NSA,S13,TE,EE,2008-Q4,1932.5
Q,MIO_EUR,NSA,S13,TE,EE,2009-Q1,1596
Q,MIO_EUR,NSA,S13,TE,EE,2009-Q2,1670.2
Q,MIO_EUR,NSA,S13,TE,EE,2009-Q3,1480.9
Q,MIO_EUR,NSA,S13,TE,EE,2009-Q4,1767.7
Q,MIO_EUR,NSA,S13,TE,EE,2010-Q1,1487.2
Q,MIO_EUR,NSA,S13,TE,EE,2010-Q2,1498.3
Q,MIO_EUR,NSA,S13,TE,EE,2010-Q3,1402.4
Q,MIO_EUR,NSA,S13,TE,EE,2010-Q4,1611.5
Q,MIO_EUR,NSA,S13,TE,EE,2011-Q1,1402.1
Q,MIO_EUR,NSA,S13,TE,EE,2011-Q2,1517.3
Q,MIO_EUR,NSA,S13,TE,EE,2011-Q3,1501.6
Q,MIO_EUR,NSA,S13,TE,EE,2011-Q4,1877.6
Q,MIO_EUR,NSA,S13,TE,EE,2012-Q1,1641
Q,MIO_EUR,NSA,S13,TE,EE,2012-Q2,1778.1
Q,MIO_EUR,NSA,S13,TE,EE,2012-Q3,1743.5
Q,MIO_EUR,NSA,S13,TE,EE,2012-Q4,1962.1
Q,MIO_EUR,NSA,S13,TE,EE,2013-Q1,1653.5
Q,MIO_EUR,NSA,S13,TE,EE,2013-Q2,1811.7
Q,MIO_EUR,NSA,S13,TE,EE,2013-Q3,1801.6
Q,MIO_EUR,NSA,S13,TE,EE,2013-Q4,2074
Q,MIO_EUR,NSA,S13,TE,EE,2014-Q1,1785
Q,MIO_EUR,NSA,S13,TE,EE,2014-Q2,1890.6
Q,MIO_EUR,NSA,S13,TE,EE,2014-Q3,1846
Q,MIO_EUR,NSA,S13,TE,EE,2014-Q4,2126.5
Q,MIO_EUR,NSA,S13,TE,EE,2015-Q1,1902.3
Q,MIO_EUR,NSA,S13,TE,EE,2015-Q2,2021.3
Q,MIO_EUR,NSA,S13,TE,EE,2015-Q3,1935.7
Q,MIO_EUR,NSA,S13,TE,EE,2015-Q4,2388.7
Q,MIO_EUR,NSA,S13,TE,EE,2016-Q1,1947.1
Q,MIO_EUR,NSA,S13,TE,EE,2016-Q2,2101.1
Q,MIO_EUR,NSA,S13,TE,EE,2016-Q3,2075.6
Q,MIO_EUR,NSA,S13,TE,EE,2016-Q4,2508.5
Q,MIO_EUR,NSA,S13,TE,EE,2017-Q1,2099
Q,MIO_EUR,NSA,S13,TE,EE,2017-Q2,2355.6
Q,MIO_EUR,NSA,S13,TE,EE,2017-Q3,2275
Q,MIO_EUR,NSA,S13,TE,EE,2017-Q4,2719
Q,MIO_EUR,NSA,S13,TE,EE,2018-Q1,2286.4
Q,MIO_EUR,NSA,S13,TE,EE,2018-Q2,2504.1
Q,MIO_EUR,NSA,S13,TE,EE,2018-Q3,2480.1
Q,MIO_EUR,NSA,S13,TE,EE,2018-Q4,2993.3
Q,MIO_EUR,NSA,S13,TE,EE,2019-Q1,2544.7
Q,MIO_EUR,NSA,S13,TE,EE,2019-Q2,2752.1
Q,MIO_EUR,NSA,S13,TE,EE,2019-Q3,2694.4
Q,MIO_EUR,NSA,S13,TE,EE,2019-Q4,3147.2
Q,MIO_EUR,NSA,S13,TE,EE,2020-Q1,2721.2
Q,MIO_EUR,NSA,S13,TE,EE,2020-Q2,3179.8
Q,MIO_EUR,NSA,S13,TE,EE,2020-Q3,2983.8
Q,MIO_EUR,NSA,S13,TE,EE,2020-Q4,3579
Q,MIO_EUR,NSA,S13,TE,EE,2021-Q1,2953.4
Q,MIO_EUR,NSA,S13,TE,EE,2021-Q2,3243.5
Q,MIO_EUR,NSA,S13,TE,EE,2021-Q3,3179.5
Q,MIO_EUR,NSA,S13,TE,EE,2021-Q4,3864.2
Q,MIO_EUR,NSA,S13,TE,EE,2022-Q1,3279.3
Q,MIO_EUR,NSA,S13,TE,EE,2022-Q2,3411
Q,MIO_EUR,NSA,S13,TE,EE,2022-Q3,3562.5
Q,MIO_EUR,NSA,S13,TE,EE,2022-Q4,4280.8
Q,MIO_EUR,NSA,S13,TE,EE,2023-Q1,3732.6
Q,MIO_EUR,NSA,S13,TE,EE,2023-Q2,3923.9
Q,MIO_EUR,NSA,S13,TE,EE,2023-Q3,3976.8
Q,MIO_EUR,NSA,S13,TE,EE,2023-Q4,4891
Q,MIO_EUR,NSA,S13,TE,EE,2024-Q1,3980.4
Q,MIO_EUR,NSA,S13,TE,EE,2024-Q2,4300.3
Q,MIO_EUR,NSA,S13,TE,EE,2024-Q3,4209.6
Q,MIO_EUR,NSA,S13,TE,EE,2024-Q4,5026.2
Q,MIO_EUR,NSA,S13,TE,EE,2025-Q1,4280.4
Q,MIO_EUR,NSA,S13,TE,EE,2025-Q2,4787.3
Q,MIO_EUR,NSA,S13,TE,EE,2025-Q3,4539.1
Q,MIO_EUR,NSA,S13,TE,EE,2025-Q4,5298.8
Q,MIO_EUR,NSA,S13,TE,EE,2026-Q1,4562.8
Q,MIO_EUR,NSA,S13,TE,IE,1995-Q1,
Q,MIO_EUR,NSA,S13,TE,IE,1995-Q2,
Q,MIO_EUR,NSA,S13,TE,IE,1995-Q3,
Q,MIO_EUR,NSA,S13,TE,IE,1995-Q4,
Q,MIO_EUR,NSA,S13,TE,IE,1996-Q1,
Q,MIO_EUR,NSA,S13,TE,IE,1996-Q2,
Q,MIO_EUR,NSA,S13,TE,IE,1996-Q3,
Q,MIO_EUR,NSA,S13,TE,IE,1996-Q4,
Q,MIO_EUR,NSA,S13,TE,IE,1997-Q1,
Q,MIO_EUR,NSA,S13,TE,IE,1997-Q2,
Q,MIO_EUR,NSA,S13,TE,IE,1997-Q3,
Q,MIO_EUR,NSA,S13,TE,IE,1997-Q4,
Q,MIO_EUR,NSA,S13,TE,IE,1998-Q1,
Q,MIO_EUR,NSA,S13,TE,IE,1998-Q2,
Q,MIO_EUR,NSA,S13,TE,IE,1998-Q3,
Q,MIO_EUR,NSA,S13,TE,IE,1998-Q4,
Q,MIO_EUR,NSA,S13,TE,IE,1999-Q1,
Q,MIO_EUR,NSA,S13,TE,IE,1999-Q2,
Q,MIO_EUR,NSA,S13,TE,IE,1999-Q3,
Q,MIO_EUR,NSA,S13,TE,IE,1999-Q4,
Q,MIO_EUR,NSA,S13,TE,IE,2000-Q1,
Q,MIO_EUR,NSA,S13,TE,IE,2000-Q2,
Q,MIO_EUR,NSA,S13,TE,IE,2000-Q3,
Q,MIO_EUR,NSA,S13,TE,IE,2000-Q4,
Q,MIO_EUR,NSA,S13,TE,IE,2001-Q1,
Q,MIO_EUR,NSA,S13,TE,IE,2001-Q2,
Q,MIO_EUR,NSA,S13,TE,IE,2001-Q3,
Q,MIO_EUR,NSA,S13,TE,IE,2001-Q4,
Q,MIO_EUR,NSA,S13,TE,IE,2002-Q1,10094.9
Q,MIO_EUR,NSA,S13,TE,IE,2002-Q2,10572.3
Q,MIO_EUR,NSA,S13,TE,IE,2002-Q3,10903.1
Q,MIO_EUR,NSA,S13,TE,IE,2002-Q4,13145.4
Q,MIO_EUR,NSA,S13,TE,IE,2003-Q1,10789.5
Q,MIO_EUR,NSA,S13,TE,IE,2003-Q2,11456.2
Q,MIO_EUR,NSA,S13,TE,IE,2003-Q3,11612
Q,MIO_EUR,NSA,S13,TE,IE,2003-Q4,13694.5
Q,MIO_EUR,NSA,S13,TE,IE,2004-Q1,11257.1
Q,MIO_EUR,NSA,S13,TE,IE,2004-Q2,12133.6
Q,MIO_EUR,NSA,S13,TE,IE,2004-Q3,12812.5
Q,MIO_EUR,NSA,S13,TE,IE,2004-Q4,15083.9
Q,MIO_EUR,NSA,S13,TE,IE,2005-Q1,12566
Q,MIO_EUR,NSA,S13,TE,IE,2005-Q2,13308.8
Q,MIO_EUR,NSA,S13,TE,IE,2005-Q3,13942.6
Q,MIO_EUR,NSA,S13,TE,IE,2005-Q4,16420.9
Q,MIO_EUR,NSA,S13,TE,IE,2006-Q1,13657.5
Q,MIO_EUR,NSA,S13,TE,IE,2006-Q2,14650.4
Q,MIO_EUR,NSA,S13,TE,IE,2006-Q3,15650.3
Q,MIO_EUR,NSA,S13,TE,IE,2006-Q4,18104.5
Q,MIO_EUR,NSA,S13,TE,IE,2007-Q1,15898
Q,MIO_EUR,NSA,S13,TE,IE,2007-Q2,16448
Q,MIO_EUR,NSA,S13,TE,IE,2007-Q3,17891
Q,MIO_EUR,NSA,S13,TE,IE,2007-Q4,19999.3
Q,MIO_EUR,NSA,S13,TE,IE,2008-Q1,18239.6
Q,MIO_EUR,NSA,S13,TE,IE,2008-Q2,18670.6
Q,MIO_EUR,NSA,S13,TE,IE,2008-Q3,19183.2
Q,MIO_EUR,NSA,S13,TE,IE,2008-Q4,21736.3
Q,MIO_EUR,NSA,S13,TE,IE,2009-Q1,18365.7
Q,MIO_EUR,NSA,S13,TE,IE,2009-Q2,21283.5
Q,MIO_EUR,NSA,S13,TE,IE,2009-Q3,20137.5
Q,MIO_EUR,NSA,S13,TE,IE,2009-Q4,19673.8
Q,MIO_EUR,NSA,S13,TE,IE,2010-Q1,29060.3
Q,MIO_EUR,NSA,S13,TE,IE,2010-Q2,19485.1
Q,MIO_EUR,NSA,S13,TE,IE,2010-Q3,26487.1
Q,MIO_EUR,NSA,S13,TE,IE,2010-Q4,33595.3
Q,MIO_EUR,NSA,S13,TE,IE,2011-Q1,17655
Q,MIO_EUR,NSA,S13,TE,IE,2011-Q2,17590.6
Q,MIO_EUR,NSA,S13,TE,IE,2011-Q3,25681.7
Q,MIO_EUR,NSA,S13,TE,IE,2011-Q4,20186.5
Q,MIO_EUR,NSA,S13,TE,IE,2012-Q1,18420.7
Q,MIO_EUR,NSA,S13,TE,IE,2012-Q2,18674.5
Q,MIO_EUR,NSA,S13,TE,IE,2012-Q3,18201.5
Q,MIO_EUR,NSA,S13,TE,IE,2012-Q4,19372
Q,MIO_EUR,NSA,S13,TE,IE,2013-Q1,18176.3
Q,MIO_EUR,NSA,S13,TE,IE,2013-Q2,17265.5
Q,MIO_EUR,NSA,S13,TE,IE,2013-Q3,17878.5
Q,MIO_EUR,NSA,S13,TE,IE,2013-Q4,19559
Q,MIO_EUR,NSA,S13,TE,IE,2014-Q1,17805.1
Q,MIO_EUR,NSA,S13,TE,IE,2014-Q2,17836.2
Q,MIO_EUR,NSA,S13,TE,IE,2014-Q3,18060.3
Q,MIO_EUR,NSA,S13,TE,IE,2014-Q4,19625
Q,MIO_EUR,NSA,S13,TE,IE,2015-Q1,18329.7
Q,MIO_EUR,NSA,S13,TE,IE,2015-Q2,18068.1
Q,MIO_EUR,NSA,S13,TE,IE,2015-Q3,18154.8
Q,MIO_EUR,NSA,S13,TE,IE,2015-Q4,21883.1
Q,MIO_EUR,NSA,S13,TE,IE,2016-Q1,18231.2
Q,MIO_EUR,NSA,S13,TE,IE,2016-Q2,18267.3
Q,MIO_EUR,NSA,S13,TE,IE,2016-Q3,18953
Q,MIO_EUR,NSA,S13,TE,IE,2016-Q4,20546.9
Q,MIO_EUR,NSA,S13,TE,IE,2017-Q1,18518.7
Q,MIO_EUR,NSA,S13,TE,IE,2017-Q2,18941.3
Q,MIO_EUR,NSA,S13,TE,IE,2017-Q3,19690.6
Q,MIO_EUR,NSA,S13,TE,IE,2017-Q4,20808.1
Q,MIO_EUR,NSA,S13,TE,IE,2018-Q1,19646.5
Q,MIO_EUR,NSA,S13,TE,IE,2018-Q2,20463.5
Q,MIO_EUR,NSA,S13,TE,IE,2018-Q3,20526.9
Q,MIO_EUR,NSA,S13,TE,IE,2018-Q4,22306
Q,MIO_EUR,NSA,S13,TE,IE,2019-Q1,20938.1
Q,MIO_EUR,NSA,S13,TE,IE,2019-Q2,20890.3
Q,MIO_EUR,NSA,S13,TE,IE,2019-Q3,21693.8
Q,MIO_EUR,NSA,S13,TE,IE,2019-Q4,23365.8
Q,MIO_EUR,NSA,S13,TE,IE,2020-Q1,21932
Q,MIO_EUR,NSA,S13,TE,IE,2020-Q2,26575
Q,MIO_EUR,NSA,S13,TE,IE,2020-Q3,26146.6
Q,MIO_EUR,NSA,S13,TE,IE,2020-Q4,27473.5
Q,MIO_EUR,NSA,S13,TE,IE,2021-Q1,25470.8
Q,MIO_EUR,NSA,S13,TE,IE,2021-Q2,25829.4
Q,MIO_EUR,NSA,S13,TE,IE,2021-Q3,26469.1
Q,MIO_EUR,NSA,S13,TE,IE,2021-Q4,27440.9
Q,MIO_EUR,NSA,S13,TE,IE,2022-Q1,24550.8
Q,MIO_EUR,NSA,S13,TE,IE,2022-Q2,25937.5
Q,MIO_EUR,NSA,S13,TE,IE,2022-Q3,26782.5
Q,MIO_EUR,NSA,S13,TE,IE,2022-Q4,29761.4
Q,MIO_EUR,NSA,S13,TE,IE,2023-Q1,27187.5
Q,MIO_EUR,NSA,S13,TE,IE,2023-Q2,28166
Q,MIO_EUR,NSA,S13,TE,IE,2023-Q3,28966.2
Q,MIO_EUR,NSA,S13,TE,IE,2023-Q4,31858.3
Q,MIO_EUR,NSA,S13,TE,IE,2024-Q1,29634.4
Q,MIO_EUR,NSA,S13,TE,IE,2024-Q2,30508.7
Q,MIO_EUR,NSA,S13,TE,IE,2024-Q3,31120.5
Q,MIO_EUR,NSA,S13,TE,IE,2024-Q4,34424.3
Q,MIO_EUR,NSA,S13,TE,IE,2025-Q1,30861.7
Q,MIO_EUR,NSA,S13,TE,IE,2025-Q2,32737.8
Q,MIO_EUR,NSA,S13,TE,IE,2025-Q3,33374.7
Q,MIO_EUR,NSA,S13,TE,IE,2025-Q4,37159.1
Q,MIO_EUR,NSA,S13,TE,IE,2026-Q1,32392.9
Q,MIO_EUR,NSA,S13,TE,EL,1995-Q1,
Q,MIO_EUR,NSA,S13,TE,EL,1995-Q2,
Q,MIO_EUR,NSA,S13,TE,EL,1995-Q3,
Q,MIO_EUR,NSA,S13,TE,EL,1995-Q4,
Q,MIO_EUR,NSA,S13,TE,EL,1996-Q1,
Q,MIO_EUR,NSA,S13,TE,EL,1996-Q2,
Q,MIO_EUR,NSA,S13,TE,EL,1996-Q3,
Q,MIO_EUR,NSA,S13,TE,EL,1996-Q4,
Q,MIO_EUR,NSA,S13,TE,EL,1997-Q1,
Q,MIO_EUR,NSA,S13,TE,EL,1997-Q2,
Q,MIO_EUR,NSA,S13,TE,EL,1997-Q3,
Q,MIO_EUR,NSA,S13,TE,EL,1997-Q4,
Q,MIO_EUR,NSA,S13,TE,EL,1998-Q1,
Q,MIO_EUR,NSA,S13,TE,EL,1998-Q2,
Q,MIO_EUR,NSA,S13,TE,EL,1998-Q3,
Q,MIO_EUR,NSA,S13,TE,EL,1998-Q4,
Q,MIO_EUR,NSA,S13,TE,EL,1999-Q1,15241.7
Q,MIO_EUR,NSA,S13,TE,EL,1999-Q2,15766.6
Q,MIO_EUR,NSA,S13,TE,EL,1999-Q3,14754.5
Q,MIO_EUR,NSA,S13,TE,EL,1999-Q4,18796.1
Q,MIO_EUR,NSA,S13,TE,EL,2000-Q1,15466.1
Q,MIO_EUR,NSA,S13,TE,EL,2000-Q2,16631.6
Q,MIO_EUR,NSA,S13,TE,EL,2000-Q3,15233.2
Q,MIO_EUR,NSA,S13,TE,EL,2000-Q4,19008.4
Q,MIO_EUR,NSA,S13,TE,EL,2001-Q1,15969
Q,MIO_EUR,NSA,S13,TE,EL,2001-Q2,17209
Q,MIO_EUR,NSA,S13,TE,EL,2001-Q3,16317
Q,MIO_EUR,NSA,S13,TE,EL,2001-Q4,20493
Q,MIO_EUR,NSA,S13,TE,EL,2002-Q1,16883
Q,MIO_EUR,NSA,S13,TE,EL,2002-Q2,19904
Q,MIO_EUR,NSA,S13,TE,EL,2002-Q3,18026
Q,MIO_EUR,NSA,S13,TE,EL,2002-Q4,20047
Q,MIO_EUR,NSA,S13,TE,EL,2003-Q1,18957
Q,MIO_EUR,NSA,S13,TE,EL,2003-Q2,20908
Q,MIO_EUR,NSA,S13,TE,EL,2003-Q3,20605
Q,MIO_EUR,NSA,S13,TE,EL,2003-Q4,22885
Q,MIO_EUR,NSA,S13,TE,EL,2004-Q1,20617
Q,MIO_EUR,NSA,S13,TE,EL,2004-Q2,26397
Q,MIO_EUR,NSA,S13,TE,EL,2004-Q3,21544
Q,MIO_EUR,NSA,S13,TE,EL,2004-Q4,23679
Q,MIO_EUR,NSA,S13,TE,EL,2005-Q1,19981
Q,MIO_EUR,NSA,S13,TE,EL,2005-Q2,25925
Q,MIO_EUR,NSA,S13,TE,EL,2005-Q3,20598
Q,MIO_EUR,NSA,S13,TE,EL,2005-Q4,24274
Q,MIO_EUR,NSA,S13,TE,EL,2006-Q1,21483
Q,MIO_EUR,NSA,S13,TE,EL,2006-Q2,27945
Q,MIO_EUR,NSA,S13,TE,EL,2006-Q3,22282
Q,MIO_EUR,NSA,S13,TE,EL,2006-Q4,26582
Q,MIO_EUR,NSA,S13,TE,EL,2007-Q1,24202
Q,MIO_EUR,NSA,S13,TE,EL,2007-Q2,31061
Q,MIO_EUR,NSA,S13,TE,EL,2007-Q3,24918
Q,MIO_EUR,NSA,S13,TE,EL,2007-Q4,29347
Q,MIO_EUR,NSA,S13,TE,EL,2008-Q1,26986
Q,MIO_EUR,NSA,S13,TE,EL,2008-Q2,35325
Q,MIO_EUR,NSA,S13,TE,EL,2008-Q3,28116
Q,MIO_EUR,NSA,S13,TE,EL,2008-Q4,32614
Q,MIO_EUR,NSA,S13,TE,EL,2009-Q1,28036
Q,MIO_EUR,NSA,S13,TE,EL,2009-Q2,32538
Q,MIO_EUR,NSA,S13,TE,EL,2009-Q3,29905
Q,MIO_EUR,NSA,S13,TE,EL,2009-Q4,37990
Q,MIO_EUR,NSA,S13,TE,EL,2010-Q1,28984
Q,MIO_EUR,NSA,S13,TE,EL,2010-Q2,28238
Q,MIO_EUR,NSA,S13,TE,EL,2010-Q3,27611
Q,MIO_EUR,NSA,S13,TE,EL,2010-Q4,33857
Q,MIO_EUR,NSA,S13,TE,EL,2011-Q1,24236
Q,MIO_EUR,NSA,S13,TE,EL,2011-Q2,28226
Q,MIO_EUR,NSA,S13,TE,EL,2011-Q3,27599
Q,MIO_EUR,NSA,S13,TE,EL,2011-Q4,32003
Q,MIO_EUR,NSA,S13,TE,EL,2012-Q1,23860
Q,MIO_EUR,NSA,S13,TE,EL,2012-Q2,25954
Q,MIO_EUR,NSA,S13,TE,EL,2012-Q3,28824
Q,MIO_EUR,NSA,S13,TE,EL,2012-Q4,29050
Q,MIO_EUR,NSA,S13,TE,EL,2013-Q1,24294
Q,MIO_EUR,NSA,S13,TE,EL,2013-Q2,34306
Q,MIO_EUR,NSA,S13,TE,EL,2013-Q3,26281
Q,MIO_EUR,NSA,S13,TE,EL,2013-Q4,28861
Q,MIO_EUR,NSA,S13,TE,EL,2014-Q1,20670
Q,MIO_EUR,NSA,S13,TE,EL,2014-Q2,22427
Q,MIO_EUR,NSA,S13,TE,EL,2014-Q3,21592
Q,MIO_EUR,NSA,S13,TE,EL,2014-Q4,25989
Q,MIO_EUR,NSA,S13,TE,EL,2015-Q1,21159
Q,MIO_EUR,NSA,S13,TE,EL,2015-Q2,21845
Q,MIO_EUR,NSA,S13,TE,EL,2015-Q3,21179
Q,MIO_EUR,NSA,S13,TE,EL,2015-Q4,31853
Q,MIO_EUR,NSA,S13,TE,EL,2016-Q1,20133
Q,MIO_EUR,NSA,S13,TE,EL,2016-Q2,20449
Q,MIO_EUR,NSA,S13,TE,EL,2016-Q3,21284
Q,MIO_EUR,NSA,S13,TE,EL,2016-Q4,25878
Q,MIO_EUR,NSA,S13,TE,EL,2017-Q1,19363
Q,MIO_EUR,NSA,S13,TE,EL,2017-Q2,20599
Q,MIO_EUR,NSA,S13,TE,EL,2017-Q3,20767
Q,MIO_EUR,NSA,S13,TE,EL,2017-Q4,25443
Q,MIO_EUR,NSA,S13,TE,EL,2018-Q1,20051
Q,MIO_EUR,NSA,S13,TE,EL,2018-Q2,20500
Q,MIO_EUR,NSA,S13,TE,EL,2018-Q3,21032
Q,MIO_EUR,NSA,S13,TE,EL,2018-Q4,26196
Q,MIO_EUR,NSA,S13,TE,EL,2019-Q1,19930
Q,MIO_EUR,NSA,S13,TE,EL,2019-Q2,22551
Q,MIO_EUR,NSA,S13,TE,EL,2019-Q3,21715
Q,MIO_EUR,NSA,S13,TE,EL,2019-Q4,24084
Q,MIO_EUR,NSA,S13,TE,EL,2020-Q1,20523
Q,MIO_EUR,NSA,S13,TE,EL,2020-Q2,23392
Q,MIO_EUR,NSA,S13,TE,EL,2020-Q3,23231
Q,MIO_EUR,NSA,S13,TE,EL,2020-Q4,32192
Q,MIO_EUR,NSA,S13,TE,EL,2021-Q1,23674
Q,MIO_EUR,NSA,S13,TE,EL,2021-Q2,24784
Q,MIO_EUR,NSA,S13,TE,EL,2021-Q3,23885
Q,MIO_EUR,NSA,S13,TE,EL,2021-Q4,32092
Q,MIO_EUR,NSA,S13,TE,EL,2022-Q1,22989
Q,MIO_EUR,NSA,S13,TE,EL,2022-Q2,26368
Q,MIO_EUR,NSA,S13,TE,EL,2022-Q3,28270
Q,MIO_EUR,NSA,S13,TE,EL,2022-Q4,32268
Q,MIO_EUR,NSA,S13,TE,EL,2023-Q1,25731
Q,MIO_EUR,NSA,S13,TE,EL,2023-Q2,27206
Q,MIO_EUR,NSA,S13,TE,EL,2023-Q3,25834
Q,MIO_EUR,NSA,S13,TE,EL,2023-Q4,32484
Q,MIO_EUR,NSA,S13,TE,EL,2024-Q1,25429
Q,MIO_EUR,NSA,S13,TE,EL,2024-Q2,27785
Q,MIO_EUR,NSA,S13,TE,EL,2024-Q3,26573
Q,MIO_EUR,NSA,S13,TE,EL,2024-Q4,34083
Q,MIO_EUR,NSA,S13,TE,EL,2025-Q1,25294
Q,MIO_EUR,NSA,S13,TE,EL,2025-Q2,29756
Q,MIO_EUR,NSA,S13,TE,EL,2025-Q3,28861
Q,MIO_EUR,NSA,S13,TE,EL,2025-Q4,35964
Q,MIO_EUR,NSA,S13,TE,EL,2026-Q1,27667
Q,MIO_EUR,NSA,S13,TE,ES,1995-Q1,45352.6
Q,MIO_EUR,NSA,S13,TE,ES,1995-Q2,53073.8
Q,MIO_EUR,NSA,S13,TE,ES,1995-Q3,48026.3
Q,MIO_EUR,NSA,S13,TE,ES,1995-Q4,61014.7
Q,MIO_EUR,NSA,S13,TE,ES,1996-Q1,50832.5
Q,MIO_EUR,NSA,S13,TE,ES,1996-Q2,56672.8
Q,MIO_EUR,NSA,S13,TE,ES,1996-Q3,49379.6
Q,MIO_EUR,NSA,S13,TE,ES,1996-Q4,59997.1
Q,MIO_EUR,NSA,S13,TE,ES,1997-Q1,48061.6
Q,MIO_EUR,NSA,S13,TE,ES,1997-Q2,56085
Q,MIO_EUR,NSA,S13,TE,ES,1997-Q3,49743.1
Q,MIO_EUR,NSA,S13,TE,ES,1997-Q4,62030.6
Q,MIO_EUR,NSA,S13,TE,ES,1998-Q1,50673.7
Q,MIO_EUR,NSA,S13,TE,ES,1998-Q2,58502.3
Q,MIO_EUR,NSA,S13,TE,ES,1998-Q3,52675.6
Q,MIO_EUR,NSA,S13,TE,ES,1998-Q4,64689.1
Q,MIO_EUR,NSA,S13,TE,ES,1999-Q1,53217
Q,MIO_EUR,NSA,S13,TE,ES,1999-Q2,61982
Q,MIO_EUR,NSA,S13,TE,ES,1999-Q3,53748
Q,MIO_EUR,NSA,S13,TE,ES,1999-Q4,68832
Q,MIO_EUR,NSA,S13,TE,ES,2000-Q1,56632
Q,MIO_EUR,NSA,S13,TE,ES,2000-Q2,64779
Q,MIO_EUR,NSA,S13,TE,ES,2000-Q3,58685
Q,MIO_EUR,NSA,S13,TE,ES,2000-Q4,73171
Q,MIO_EUR,NSA,S13,TE,ES,2001-Q1,58823
Q,MIO_EUR,NSA,S13,TE,ES,2001-Q2,69648
Q,MIO_EUR,NSA,S13,TE,ES,2001-Q3,61083
Q,MIO_EUR,NSA,S13,TE,ES,2001-Q4,79641
Q,MIO_EUR,NSA,S13,TE,ES,2002-Q1,62982
Q,MIO_EUR,NSA,S13,TE,ES,2002-Q2,74511
Q,MIO_EUR,NSA,S13,TE,ES,2002-Q3,67390
Q,MIO_EUR,NSA,S13,TE,ES,2002-Q4,84644
Q,MIO_EUR,NSA,S13,TE,ES,2003-Q1,68623
Q,MIO_EUR,NSA,S13,TE,ES,2003-Q2,81054
Q,MIO_EUR,NSA,S13,TE,ES,2003-Q3,70241
Q,MIO_EUR,NSA,S13,TE,ES,2003-Q4,87878
Q,MIO_EUR,NSA,S13,TE,ES,2004-Q1,73704
Q,MIO_EUR,NSA,S13,TE,ES,2004-Q2,84210
Q,MIO_EUR,NSA,S13,TE,ES,2004-Q3,75629
Q,MIO_EUR,NSA,S13,TE,ES,2004-Q4,100123
Q,MIO_EUR,NSA,S13,TE,ES,2005-Q1,78350
Q,MIO_EUR,NSA,S13,TE,ES,2005-Q2,91305
Q,MIO_EUR,NSA,S13,TE,ES,2005-Q3,80921
Q,MIO_EUR,NSA,S13,TE,ES,2005-Q4,106209
Q,MIO_EUR,NSA,S13,TE,ES,2006-Q1,83949
Q,MIO_EUR,NSA,S13,TE,ES,2006-Q2,97373
Q,MIO_EUR,NSA,S13,TE,ES,2006-Q3,88936
Q,MIO_EUR,NSA,S13,TE,ES,2006-Q4,115499
Q,MIO_EUR,NSA,S13,TE,ES,2007-Q1,91706
Q,MIO_EUR,NSA,S13,TE,ES,2007-Q2,106900
Q,MIO_EUR,NSA,S13,TE,ES,2007-Q3,94993
Q,MIO_EUR,NSA,S13,TE,ES,2007-Q4,128565
Q,MIO_EUR,NSA,S13,TE,ES,2008-Q1,100956
Q,MIO_EUR,NSA,S13,TE,ES,2008-Q2,117856
Q,MIO_EUR,NSA,S13,TE,ES,2008-Q3,103976
Q,MIO_EUR,NSA,S13,TE,ES,2008-Q4,137025
Q,MIO_EUR,NSA,S13,TE,ES,2009-Q1,108770
Q,MIO_EUR,NSA,S13,TE,ES,2009-Q2,128625
Q,MIO_EUR,NSA,S13,TE,ES,2009-Q3,112263
Q,MIO_EUR,NSA,S13,TE,ES,2009-Q4,144695
Q,MIO_EUR,NSA,S13,TE,ES,2010-Q1,112926
Q,MIO_EUR,NSA,S13,TE,ES,2010-Q2,128622
Q,MIO_EUR,NSA,S13,TE,ES,2010-Q3,112390
Q,MIO_EUR,NSA,S13,TE,ES,2010-Q4,139879
Q,MIO_EUR,NSA,S13,TE,ES,2011-Q1,111803
Q,MIO_EUR,NSA,S13,TE,ES,2011-Q2,125677
Q,MIO_EUR,NSA,S13,TE,ES,2011-Q3,109431
Q,MIO_EUR,NSA,S13,TE,ES,2011-Q4,143997
Q,MIO_EUR,NSA,S13,TE,ES,2012-Q1,110011
Q,MIO_EUR,NSA,S13,TE,ES,2012-Q2,126123
Q,MIO_EUR,NSA,S13,TE,ES,2012-Q3,109102
Q,MIO_EUR,NSA,S13,TE,ES,2012-Q4,164700
Q,MIO_EUR,NSA,S13,TE,ES,2013-Q1,109176
Q,MIO_EUR,NSA,S13,TE,ES,2013-Q2,123479
Q,MIO_EUR,NSA,S13,TE,ES,2013-Q3,107718
Q,MIO_EUR,NSA,S13,TE,ES,2013-Q4,133025
Q,MIO_EUR,NSA,S13,TE,ES,2014-Q1,106405
Q,MIO_EUR,NSA,S13,TE,ES,2014-Q2,121829
Q,MIO_EUR,NSA,S13,TE,ES,2014-Q3,104446
Q,MIO_EUR,NSA,S13,TE,ES,2014-Q4,135161
Q,MIO_EUR,NSA,S13,TE,ES,2015-Q1,108125
Q,MIO_EUR,NSA,S13,TE,ES,2015-Q2,123843
Q,MIO_EUR,NSA,S13,TE,ES,2015-Q3,106955
Q,MIO_EUR,NSA,S13,TE,ES,2015-Q4,135970
Q,MIO_EUR,NSA,S13,TE,ES,2016-Q1,107618
Q,MIO_EUR,NSA,S13,TE,ES,2016-Q2,124181
Q,MIO_EUR,NSA,S13,TE,ES,2016-Q3,107509
Q,MIO_EUR,NSA,S13,TE,ES,2016-Q4,133409
Q,MIO_EUR,NSA,S13,TE,ES,2017-Q1,108532
Q,MIO_EUR,NSA,S13,TE,ES,2017-Q2,125795
Q,MIO_EUR,NSA,S13,TE,ES,2017-Q3,108500
Q,MIO_EUR,NSA,S13,TE,ES,2017-Q4,137081
Q,MIO_EUR,NSA,S13,TE,ES,2018-Q1,112888
Q,MIO_EUR,NSA,S13,TE,ES,2018-Q2,130524
Q,MIO_EUR,NSA,S13,TE,ES,2018-Q3,114218
Q,MIO_EUR,NSA,S13,TE,ES,2018-Q4,145563
Q,MIO_EUR,NSA,S13,TE,ES,2019-Q1,119154
Q,MIO_EUR,NSA,S13,TE,ES,2019-Q2,139062
Q,MIO_EUR,NSA,S13,TE,ES,2019-Q3,119596
Q,MIO_EUR,NSA,S13,TE,ES,2019-Q4,148957
Q,MIO_EUR,NSA,S13,TE,ES,2020-Q1,126954
Q,MIO_EUR,NSA,S13,TE,ES,2020-Q2,161341
Q,MIO_EUR,NSA,S13,TE,ES,2020-Q3,128104
Q,MIO_EUR,NSA,S13,TE,ES,2020-Q4,163765
Q,MIO_EUR,NSA,S13,TE,ES,2021-Q1,139271
Q,MIO_EUR,NSA,S13,TE,ES,2021-Q2,156240
Q,MIO_EUR,NSA,S13,TE,ES,2021-Q3,137901
Q,MIO_EUR,NSA,S13,TE,ES,2021-Q4,177712
Q,MIO_EUR,NSA,S13,TE,ES,2022-Q1,137494
Q,MIO_EUR,NSA,S13,TE,ES,2022-Q2,164669
Q,MIO_EUR,NSA,S13,TE,ES,2022-Q3,144137
Q,MIO_EUR,NSA,S13,TE,ES,2022-Q4,190817
Q,MIO_EUR,NSA,S13,TE,ES,2023-Q1,147965
Q,MIO_EUR,NSA,S13,TE,ES,2023-Q2,179389
Q,MIO_EUR,NSA,S13,TE,ES,2023-Q3,154131
Q,MIO_EUR,NSA,S13,TE,ES,2023-Q4,198740
Q,MIO_EUR,NSA,S13,TE,ES,2024-Q1,156679
Q,MIO_EUR,NSA,S13,TE,ES,2024-Q2,186719
Q,MIO_EUR,NSA,S13,TE,ES,2024-Q3,164130
Q,MIO_EUR,NSA,S13,TE,ES,2024-Q4,217473
Q,MIO_EUR,NSA,S13,TE,ES,2025-Q1,167104
Q,MIO_EUR,NSA,S13,TE,ES,2025-Q2,198908
Q,MIO_EUR,NSA,S13,TE,ES,2025-Q3,173792
Q,MIO_EUR,NSA,S13,TE,ES,2025-Q4,225080
Q,MIO_EUR,NSA,S13,TE,ES,2026-Q1,179057
Q,MIO_EUR,NSA,S13,TE,FR,1995-Q1,167836
Q,MIO_EUR,NSA,S13,TE,FR,1995-Q2,169968.2
Q,MIO_EUR,NSA,S13,TE,FR,1995-Q3,171759.2
Q,MIO_EUR,NSA,S13,TE,FR,1995-Q4,174435.9
Q,MIO_EUR,NSA,S13,TE,FR,1996-Q1,175750.6
Q,MIO_EUR,NSA,S13,TE,FR,1996-Q2,176829
Q,MIO_EUR,NSA,S13,TE,FR,1996-Q3,175845.3
Q,MIO_EUR,NSA,S13,TE,FR,1996-Q4,177292.2
Q,MIO_EUR,NSA,S13,TE,FR,1997-Q1,176757.4
Q,MIO_EUR,NSA,S13,TE,FR,1997-Q2,177826.1
Q,MIO_EUR,NSA,S13,TE,FR,1997-Q3,176443.2
Q,MIO_EUR,NSA,S13,TE,FR,1997-Q4,179932.8
Q,MIO_EUR,NSA,S13,TE,FR,1998-Q1,178881.3
Q,MIO_EUR,NSA,S13,TE,FR,1998-Q2,179841.6
Q,MIO_EUR,NSA,S13,TE,FR,1998-Q3,179375.2
Q,MIO_EUR,NSA,S13,TE,FR,1998-Q4,183985.1
Q,MIO_EUR,NSA,S13,TE,FR,1999-Q1,184510.6
Q,MIO_EUR,NSA,S13,TE,FR,1999-Q2,186769.8
Q,MIO_EUR,NSA,S13,TE,FR,1999-Q3,186783.2
Q,MIO_EUR,NSA,S13,TE,FR,1999-Q4,190525.3
Q,MIO_EUR,NSA,S13,TE,FR,2000-Q1,191286.6
Q,MIO_EUR,NSA,S13,TE,FR,2000-Q2,192386.6
Q,MIO_EUR,NSA,S13,TE,FR,2000-Q3,193879
Q,MIO_EUR,NSA,S13,TE,FR,2000-Q4,197796.5
Q,MIO_EUR,NSA,S13,TE,FR,2001-Q1,197868.3
Q,MIO_EUR,NSA,S13,TE,FR,2001-Q2,199678.3
Q,MIO_EUR,NSA,S13,TE,FR,2001-Q3,203160.2
Q,MIO_EUR,NSA,S13,TE,FR,2001-Q4,207518.9
Q,MIO_EUR,NSA,S13,TE,FR,2002-Q1,207675.5
Q,MIO_EUR,NSA,S13,TE,FR,2002-Q2,210510
Q,MIO_EUR,NSA,S13,TE,FR,2002-Q3,214116.2
Q,MIO_EUR,NSA,S13,TE,FR,2002-Q4,218805.7
Q,MIO_EUR,NSA,S13,TE,FR,2003-Q1,217508.2
Q,MIO_EUR,NSA,S13,TE,FR,2003-Q2,216800.9
Q,MIO_EUR,NSA,S13,TE,FR,2003-Q3,221474.5
Q,MIO_EUR,NSA,S13,TE,FR,2003-Q4,226002.1
Q,MIO_EUR,NSA,S13,TE,FR,2004-Q1,225799.8
Q,MIO_EUR,NSA,S13,TE,FR,2004-Q2,226164.1
Q,MIO_EUR,NSA,S13,TE,FR,2004-Q3,230109.9
Q,MIO_EUR,NSA,S13,TE,FR,2004-Q4,233832.6
Q,MIO_EUR,NSA,S13,TE,FR,2005-Q1,235500.8
Q,MIO_EUR,NSA,S13,TE,FR,2005-Q2,237174.2
Q,MIO_EUR,NSA,S13,TE,FR,2005-Q3,239810
Q,MIO_EUR,NSA,S13,TE,FR,2005-Q4,243657.5
Q,MIO_EUR,NSA,S13,TE,FR,2006-Q1,237429.2
Q,MIO_EUR,NSA,S13,TE,FR,2006-Q2,248416.9
Q,MIO_EUR,NSA,S13,TE,FR,2006-Q3,248143.8
Q,MIO_EUR,NSA,S13,TE,FR,2006-Q4,258251
Q,MIO_EUR,NSA,S13,TE,FR,2007-Q1,249383.2
Q,MIO_EUR,NSA,S13,TE,FR,2007-Q2,258043.9
Q,MIO_EUR,NSA,S13,TE,FR,2007-Q3,260256
Q,MIO_EUR,NSA,S13,TE,FR,2007-Q4,271604.5
Q,MIO_EUR,NSA,S13,TE,FR,2008-Q1,261010.7
Q,MIO_EUR,NSA,S13,TE,FR,2008-Q2,268930.5
Q,MIO_EUR,NSA,S13,TE,FR,2008-Q3,270182.5
Q,MIO_EUR,NSA,S13,TE,FR,2008-Q4,280096.7
Q,MIO_EUR,NSA,S13,TE,FR,2009-Q1,267166
Q,MIO_EUR,NSA,S13,TE,FR,2009-Q2,281658.5
Q,MIO_EUR,NSA,S13,TE,FR,2009-Q3,279781.1
Q,MIO_EUR,NSA,S13,TE,FR,2009-Q4,294001.7
Q,MIO_EUR,NSA,S13,TE,FR,2010-Q1,277022.6
Q,MIO_EUR,NSA,S13,TE,FR,2010-Q2,288599.2
Q,MIO_EUR,NSA,S13,TE,FR,2010-Q3,288572.5
Q,MIO_EUR,NSA,S13,TE,FR,2010-Q4,297767.6
Q,MIO_EUR,NSA,S13,TE,FR,2011-Q1,284667.2
Q,MIO_EUR,NSA,S13,TE,FR,2011-Q2,293188.3
Q,MIO_EUR,NSA,S13,TE,FR,2011-Q3,292434.9
Q,MIO_EUR,NSA,S13,TE,FR,2011-Q4,305414.3
Q,MIO_EUR,NSA,S13,TE,FR,2012-Q1,293228.7
Q,MIO_EUR,NSA,S13,TE,FR,2012-Q2,302477.5
Q,MIO_EUR,NSA,S13,TE,FR,2012-Q3,297693.9
Q,MIO_EUR,NSA,S13,TE,FR,2012-Q4,315552.9
Q,MIO_EUR,NSA,S13,TE,FR,2013-Q1,300563.5
Q,MIO_EUR,NSA,S13,TE,FR,2013-Q2,312138.6
Q,MIO_EUR,NSA,S13,TE,FR,2013-Q3,310201.8
Q,MIO_EUR,NSA,S13,TE,FR,2013-Q4,319454.1
Q,MIO_EUR,NSA,S13,TE,FR,2014-Q1,305676.9
Q,MIO_EUR,NSA,S13,TE,FR,2014-Q2,315892.5
Q,MIO_EUR,NSA,S13,TE,FR,2014-Q3,312117.5
Q,MIO_EUR,NSA,S13,TE,FR,2014-Q4,323962.2
Q,MIO_EUR,NSA,S13,TE,FR,2015-Q1,307035.9
Q,MIO_EUR,NSA,S13,TE,FR,2015-Q2,321877.9
Q,MIO_EUR,NSA,S13,TE,FR,2015-Q3,312864.7
Q,MIO_EUR,NSA,S13,TE,FR,2015-Q4,326229.3
Q,MIO_EUR,NSA,S13,TE,FR,2016-Q1,306135.7
Q,MIO_EUR,NSA,S13,TE,FR,2016-Q2,322888.2
Q,MIO_EUR,NSA,S13,TE,FR,2016-Q3,316965.8
Q,MIO_EUR,NSA,S13,TE,FR,2016-Q4,334658.4
Q,MIO_EUR,NSA,S13,TE,FR,2017-Q1,317171.3
Q,MIO_EUR,NSA,S13,TE,FR,2017-Q2,331429.2
Q,MIO_EUR,NSA,S13,TE,FR,2017-Q3,329011.3
Q,MIO_EUR,NSA,S13,TE,FR,2017-Q4,343832.9
Q,MIO_EUR,NSA,S13,TE,FR,2018-Q1,321717.8
Q,MIO_EUR,NSA,S13,TE,FR,2018-Q2,331551.5
Q,MIO_EUR,NSA,S13,TE,FR,2018-Q3,328956.2
Q,MIO_EUR,NSA,S13,TE,FR,2018-Q4,345406.8
Q,MIO_EUR,NSA,S13,TE,FR,2019-Q1,322184.9
Q,MIO_EUR,NSA,S13,TE,FR,2019-Q2,339221.5
Q,MIO_EUR,NSA,S13,TE,FR,2019-Q3,335853.4
Q,MIO_EUR,NSA,S13,TE,FR,2019-Q4,348895.9
Q,MIO_EUR,NSA,S13,TE,FR,2020-Q1,338532.6
Q,MIO_EUR,NSA,S13,TE,FR,2020-Q2,363834.5
Q,MIO_EUR,NSA,S13,TE,FR,2020-Q3,348524.1
Q,MIO_EUR,NSA,S13,TE,FR,2020-Q4,379465.9
Q,MIO_EUR,NSA,S13,TE,FR,2021-Q1,369887.2
Q,MIO_EUR,NSA,S13,TE,FR,2021-Q2,376824.5
Q,MIO_EUR,NSA,S13,TE,FR,2021-Q3,361115.7
Q,MIO_EUR,NSA,S13,TE,FR,2021-Q4,383553.7
Q,MIO_EUR,NSA,S13,TE,FR,2022-Q1,365507.3
Q,MIO_EUR,NSA,S13,TE,FR,2022-Q2,387274.3
Q,MIO_EUR,NSA,S13,TE,FR,2022-Q3,387597.3
Q,MIO_EUR,NSA,S13,TE,FR,2022-Q4,409952.6
Q,MIO_EUR,NSA,S13,TE,FR,2023-Q1,381574.3
Q,MIO_EUR,NSA,S13,TE,FR,2023-Q2,404240.3
Q,MIO_EUR,NSA,S13,TE,FR,2023-Q3,398339.8
Q,MIO_EUR,NSA,S13,TE,FR,2023-Q4,424115.4
Q,MIO_EUR,NSA,S13,TE,FR,2024-Q1,395488.8
Q,MIO_EUR,NSA,S13,TE,FR,2024-Q2,421594.9
Q,MIO_EUR,NSA,S13,TE,FR,2024-Q3,417764
Q,MIO_EUR,NSA,S13,TE,FR,2024-Q4,437860.2
Q,MIO_EUR,NSA,S13,TE,FR,2025-Q1,406212.9
Q,MIO_EUR,NSA,S13,TE,FR,2025-Q2,431454.3
Q,MIO_EUR,NSA,S13,TE,FR,2025-Q3,427461.2
Q,MIO_EUR,NSA,S13,TE,FR,2025-Q4,449092.8
Q,MIO_EUR,NSA,S13,TE,FR,2026-Q1,415127
Q,MIO_EUR,NSA,S13,TE,HR,1995-Q1,
Q,MIO_EUR,NSA,S13,TE,HR,1995-Q2,
Q,MIO_EUR,NSA,S13,TE,HR,1995-Q3,
Q,MIO_EUR,NSA,S13,TE,HR,1995-Q4,
Q,MIO_EUR,NSA,S13,TE,HR,1996-Q1,
Q,MIO_EUR,NSA,S13,TE,HR,1996-Q2,
Q,MIO_EUR,NSA,S13,TE,HR,1996-Q3,
Q,MIO_EUR,NSA,S13,TE,HR,1996-Q4,
Q,MIO_EUR,NSA,S13,TE,HR,1997-Q1,
Q,MIO_EUR,NSA,S13,TE,HR,1997-Q2,
Q,MIO_EUR,NSA,S13,TE,HR,1997-Q3,
Q,MIO_EUR,NSA,S13,TE,HR,1997-Q4,
Q,MIO_EUR,NSA,S13,TE,HR,1998-Q1,
Q,MIO_EUR,NSA,S13,TE,HR,1998-Q2,
Q,MIO_EUR,NSA,S13,TE,HR,1998-Q3,
Q,MIO_EUR,NSA,S13,TE,HR,1998-Q4,
Q,MIO_EUR,NSA,S13,TE,HR,1999-Q1,2973.8
Q,MIO_EUR,NSA,S13,TE,HR,1999-Q2,3077.8
Q,MIO_EUR,NSA,S13,TE,HR,1999-Q3,3195.7
Q,MIO_EUR,NSA,S13,TE,HR,1999-Q4,3276.9
Q,MIO_EUR,NSA,S13,TE,HR,2000-Q1,2877.7
Q,MIO_EUR,NSA,S13,TE,HR,2000-Q2,3155.1
Q,MIO_EUR,NSA,S13,TE,HR,2000-Q3,3364
Q,MIO_EUR,NSA,S13,TE,HR,2000-Q4,3499.7
Q,MIO_EUR,NSA,S13,TE,HR,2001-Q1,2937.6
Q,MIO_EUR,NSA,S13,TE,HR,2001-Q2,3338.9
Q,MIO_EUR,NSA,S13,TE,HR,2001-Q3,3332.2
Q,MIO_EUR,NSA,S13,TE,HR,2001-Q4,3532.5
Q,MIO_EUR,NSA,S13,TE,HR,2002-Q1,3227.6
Q,MIO_EUR,NSA,S13,TE,HR,2002-Q2,3501.3
Q,MIO_EUR,NSA,S13,TE,HR,2002-Q3,3547.1
Q,MIO_EUR,NSA,S13,TE,HR,2002-Q4,3868.6
Q,MIO_EUR,NSA,S13,TE,HR,2003-Q1,3485.7
Q,MIO_EUR,NSA,S13,TE,HR,2003-Q2,3980.3
Q,MIO_EUR,NSA,S13,TE,HR,2003-Q3,4014.1
Q,MIO_EUR,NSA,S13,TE,HR,2003-Q4,3921.3
Q,MIO_EUR,NSA,S13,TE,HR,2004-Q1,3664.1
Q,MIO_EUR,NSA,S13,TE,HR,2004-Q2,4351.8
Q,MIO_EUR,NSA,S13,TE,HR,2004-Q3,4347.8
Q,MIO_EUR,NSA,S13,TE,HR,2004-Q4,4213.5
Q,MIO_EUR,NSA,S13,TE,HR,2005-Q1,3757.6
Q,MIO_EUR,NSA,S13,TE,HR,2005-Q2,4513.6
Q,MIO_EUR,NSA,S13,TE,HR,2005-Q3,4409.6
Q,MIO_EUR,NSA,S13,TE,HR,2005-Q4,4445.2
Q,MIO_EUR,NSA,S13,TE,HR,2006-Q1,4150
Q,MIO_EUR,NSA,S13,TE,HR,2006-Q2,4715.6
Q,MIO_EUR,NSA,S13,TE,HR,2006-Q3,4628.1
Q,MIO_EUR,NSA,S13,TE,HR,2006-Q4,4629.2
Q,MIO_EUR,NSA,S13,TE,HR,2007-Q1,4771.7
Q,MIO_EUR,NSA,S13,TE,HR,2007-Q2,5192.1
Q,MIO_EUR,NSA,S13,TE,HR,2007-Q3,5379.7
Q,MIO_EUR,NSA,S13,TE,HR,2007-Q4,5255.3
Q,MIO_EUR,NSA,S13,TE,HR,2008-Q1,5167.5
Q,MIO_EUR,NSA,S13,TE,HR,2008-Q2,5739.3
Q,MIO_EUR,NSA,S13,TE,HR,2008-Q3,5755.1
Q,MIO_EUR,NSA,S13,TE,HR,2008-Q4,5825.5
Q,MIO_EUR,NSA,S13,TE,HR,2009-Q1,5228.9
Q,MIO_EUR,NSA,S13,TE,HR,2009-Q2,5762.9
Q,MIO_EUR,NSA,S13,TE,HR,2009-Q3,5777.8
Q,MIO_EUR,NSA,S13,TE,HR,2009-Q4,5833.5
Q,MIO_EUR,NSA,S13,TE,HR,2010-Q1,5360.5
Q,MIO_EUR,NSA,S13,TE,HR,2010-Q2,5448.8
Q,MIO_EUR,NSA,S13,TE,HR,2010-Q3,5761.1
Q,MIO_EUR,NSA,S13,TE,HR,2010-Q4,5584.6
Q,MIO_EUR,NSA,S13,TE,HR,2011-Q1,5884.7
Q,MIO_EUR,NSA,S13,TE,HR,2011-Q2,5424.2
Q,MIO_EUR,NSA,S13,TE,HR,2011-Q3,5442.6
Q,MIO_EUR,NSA,S13,TE,HR,2011-Q4,5505.9
Q,MIO_EUR,NSA,S13,TE,HR,2012-Q1,5056.9
Q,MIO_EUR,NSA,S13,TE,HR,2012-Q2,5520.2
Q,MIO_EUR,NSA,S13,TE,HR,2012-Q3,5321.4
Q,MIO_EUR,NSA,S13,TE,HR,2012-Q4,5336
Q,MIO_EUR,NSA,S13,TE,HR,2013-Q1,5057.6
Q,MIO_EUR,NSA,S13,TE,HR,2013-Q2,5416.1
Q,MIO_EUR,NSA,S13,TE,HR,2013-Q3,5551.5
Q,MIO_EUR,NSA,S13,TE,HR,2013-Q4,5460.1
Q,MIO_EUR,NSA,S13,TE,HR,2014-Q1,5270.2
Q,MIO_EUR,NSA,S13,TE,HR,2014-Q2,5513.4
Q,MIO_EUR,NSA,S13,TE,HR,2014-Q3,5327.3
Q,MIO_EUR,NSA,S13,TE,HR,2014-Q4,5476
Q,MIO_EUR,NSA,S13,TE,HR,2015-Q1,5167.4
Q,MIO_EUR,NSA,S13,TE,HR,2015-Q2,5590.8
Q,MIO_EUR,NSA,S13,TE,HR,2015-Q3,5335.6
Q,MIO_EUR,NSA,S13,TE,HR,2015-Q4,5564.4
Q,MIO_EUR,NSA,S13,TE,HR,2016-Q1,5135.5
Q,MIO_EUR,NSA,S13,TE,HR,2016-Q2,5607.3
Q,MIO_EUR,NSA,S13,TE,HR,2016-Q3,5462.6
Q,MIO_EUR,NSA,S13,TE,HR,2016-Q4,5639.4
Q,MIO_EUR,NSA,S13,TE,HR,2017-Q1,5422.1
Q,MIO_EUR,NSA,S13,TE,HR,2017-Q2,5653.2
Q,MIO_EUR,NSA,S13,TE,HR,2017-Q3,5465.8
Q,MIO_EUR,NSA,S13,TE,HR,2017-Q4,5702.2
Q,MIO_EUR,NSA,S13,TE,HR,2018-Q1,5510.3
Q,MIO_EUR,NSA,S13,TE,HR,2018-Q2,5798
Q,MIO_EUR,NSA,S13,TE,HR,2018-Q3,5845.8
Q,MIO_EUR,NSA,S13,TE,HR,2018-Q4,6799.8
Q,MIO_EUR,NSA,S13,TE,HR,2019-Q1,5879.7
Q,MIO_EUR,NSA,S13,TE,HR,2019-Q2,6228.6
Q,MIO_EUR,NSA,S13,TE,HR,2019-Q3,6408.4
Q,MIO_EUR,NSA,S13,TE,HR,2019-Q4,7334.1
Q,MIO_EUR,NSA,S13,TE,HR,2020-Q1,6163.9
Q,MIO_EUR,NSA,S13,TE,HR,2020-Q2,7049.8
Q,MIO_EUR,NSA,S13,TE,HR,2020-Q3,6416
Q,MIO_EUR,NSA,S13,TE,HR,2020-Q4,7624.5
Q,MIO_EUR,NSA,S13,TE,HR,2021-Q1,6606.6
Q,MIO_EUR,NSA,S13,TE,HR,2021-Q2,7107.6
Q,MIO_EUR,NSA,S13,TE,HR,2021-Q3,6698.5
Q,MIO_EUR,NSA,S13,TE,HR,2021-Q4,7725.4
Q,MIO_EUR,NSA,S13,TE,HR,2022-Q1,6524
Q,MIO_EUR,NSA,S13,TE,HR,2022-Q2,7119.9
Q,MIO_EUR,NSA,S13,TE,HR,2022-Q3,7297.2
Q,MIO_EUR,NSA,S13,TE,HR,2022-Q4,9577.5
Q,MIO_EUR,NSA,S13,TE,HR,2023-Q1,7848.8
Q,MIO_EUR,NSA,S13,TE,HR,2023-Q2,9034.1
Q,MIO_EUR,NSA,S13,TE,HR,2023-Q3,8549.9
Q,MIO_EUR,NSA,S13,TE,HR,2023-Q4,11540.2
Q,MIO_EUR,NSA,S13,TE,HR,2024-Q1,8818.9
Q,MIO_EUR,NSA,S13,TE,HR,2024-Q2,10250.9
Q,MIO_EUR,NSA,S13,TE,HR,2024-Q3,10199.2
Q,MIO_EUR,NSA,S13,TE,HR,2024-Q4,12405.2
Q,MIO_EUR,NSA,S13,TE,HR,2025-Q1,10083.4
Q,MIO_EUR,NSA,S13,TE,HR,2025-Q2,11460.7
Q,MIO_EUR,NSA,S13,TE,HR,2025-Q3,11248.9
Q,MIO_EUR,NSA,S13,TE,HR,2025-Q4,13755.7
Q,MIO_EUR,NSA,S13,TE,HR,2026-Q1,11182.7
Q,MIO_EUR,NSA,S13,TE,IT,1995-Q1,
Q,MIO_EUR,NSA,S13,TE,IT,1995-Q2,
Q,MIO_EUR,NSA,S13,TE,IT,1995-Q3,
Q,MIO_EUR,NSA,S13,TE,IT,1995-Q4,
Q,MIO_EUR,NSA,S13,TE,IT,1996-Q1,
Q,MIO_EUR,NSA,S13,TE,IT,1996-Q2,
Q,MIO_EUR,NSA,S13,TE,IT,1996-Q3,
Q,MIO_EUR,NSA,S13,TE,IT,1996-Q4,
Q,MIO_EUR,NSA,S13,TE,IT,1997-Q1,
Q,MIO_EUR,NSA,S13,TE,IT,1997-Q2,
Q,MIO_EUR,NSA,S13,TE,IT,1997-Q3,
Q,MIO_EUR,NSA,S13,TE,IT,1997-Q4,
Q,MIO_EUR,NSA,S13,TE,IT,1998-Q1,
Q,MIO_EUR,NSA,S13,TE,IT,1998-Q2,
Q,MIO_EUR,NSA,S13,TE,IT,1998-Q3,
Q,MIO_EUR,NSA,S13,TE,IT,1998-Q4,
Q,MIO_EUR,NSA,S13,TE,IT,1999-Q1,128029
Q,MIO_EUR,NSA,S13,TE,IT,1999-Q2,132095
Q,MIO_EUR,NSA,S13,TE,IT,1999-Q3,128938
Q,MIO_EUR,NSA,S13,TE,IT,1999-Q4,165289
Q,MIO_EUR,NSA,S13,TE,IT,2000-Q1,131718
Q,MIO_EUR,NSA,S13,TE,IT,2000-Q2,137322
Q,MIO_EUR,NSA,S13,TE,IT,2000-Q3,134168
Q,MIO_EUR,NSA,S13,TE,IT,2000-Q4,173962
Q,MIO_EUR,NSA,S13,TE,IT,2001-Q1,141528
Q,MIO_EUR,NSA,S13,TE,IT,2001-Q2,148267
Q,MIO_EUR,NSA,S13,TE,IT,2001-Q3,141724
Q,MIO_EUR,NSA,S13,TE,IT,2001-Q4,185259
Q,MIO_EUR,NSA,S13,TE,IT,2002-Q1,145592
Q,MIO_EUR,NSA,S13,TE,IT,2002-Q2,152639
Q,MIO_EUR,NSA,S13,TE,IT,2002-Q3,151392
Q,MIO_EUR,NSA,S13,TE,IT,2002-Q4,180603
Q,MIO_EUR,NSA,S13,TE,IT,2003-Q1,150364
Q,MIO_EUR,NSA,S13,TE,IT,2003-Q2,158615
Q,MIO_EUR,NSA,S13,TE,IT,2003-Q3,156448
Q,MIO_EUR,NSA,S13,TE,IT,2003-Q4,191844
Q,MIO_EUR,NSA,S13,TE,IT,2004-Q1,156913
Q,MIO_EUR,NSA,S13,TE,IT,2004-Q2,163897
Q,MIO_EUR,NSA,S13,TE,IT,2004-Q3,157599
Q,MIO_EUR,NSA,S13,TE,IT,2004-Q4,201692
Q,MIO_EUR,NSA,S13,TE,IT,2005-Q1,163515
Q,MIO_EUR,NSA,S13,TE,IT,2005-Q2,167935
Q,MIO_EUR,NSA,S13,TE,IT,2005-Q3,162183
Q,MIO_EUR,NSA,S13,TE,IT,2005-Q4,211731
Q,MIO_EUR,NSA,S13,TE,IT,2006-Q1,168276
Q,MIO_EUR,NSA,S13,TE,IT,2006-Q2,174881
Q,MIO_EUR,NSA,S13,TE,IT,2006-Q3,167932
Q,MIO_EUR,NSA,S13,TE,IT,2006-Q4,230781
Q,MIO_EUR,NSA,S13,TE,IT,2007-Q1,172125
Q,MIO_EUR,NSA,S13,TE,IT,2007-Q2,178884
Q,MIO_EUR,NSA,S13,TE,IT,2007-Q3,173179
Q,MIO_EUR,NSA,S13,TE,IT,2007-Q4,231537
Q,MIO_EUR,NSA,S13,TE,IT,2008-Q1,178970
Q,MIO_EUR,NSA,S13,TE,IT,2008-Q2,190864
Q,MIO_EUR,NSA,S13,TE,IT,2008-Q3,180825
Q,MIO_EUR,NSA,S13,TE,IT,2008-Q4,234232
Q,MIO_EUR,NSA,S13,TE,IT,2009-Q1,185956
Q,MIO_EUR,NSA,S13,TE,IT,2009-Q2,193645
Q,MIO_EUR,NSA,S13,TE,IT,2009-Q3,187119
Q,MIO_EUR,NSA,S13,TE,IT,2009-Q4,242008
Q,MIO_EUR,NSA,S13,TE,IT,2010-Q1,187424
Q,MIO_EUR,NSA,S13,TE,IT,2010-Q2,194372
Q,MIO_EUR,NSA,S13,TE,IT,2010-Q3,188301
Q,MIO_EUR,NSA,S13,TE,IT,2010-Q4,235620
Q,MIO_EUR,NSA,S13,TE,IT,2011-Q1,188863
Q,MIO_EUR,NSA,S13,TE,IT,2011-Q2,194640
Q,MIO_EUR,NSA,S13,TE,IT,2011-Q3,184995
Q,MIO_EUR,NSA,S13,TE,IT,2011-Q4,244052
Q,MIO_EUR,NSA,S13,TE,IT,2012-Q1,193219
Q,MIO_EUR,NSA,S13,TE,IT,2012-Q2,197658
Q,MIO_EUR,NSA,S13,TE,IT,2012-Q3,189697
Q,MIO_EUR,NSA,S13,TE,IT,2012-Q4,243728
Q,MIO_EUR,NSA,S13,TE,IT,2013-Q1,192415
Q,MIO_EUR,NSA,S13,TE,IT,2013-Q2,199631
Q,MIO_EUR,NSA,S13,TE,IT,2013-Q3,191732
Q,MIO_EUR,NSA,S13,TE,IT,2013-Q4,241455
Q,MIO_EUR,NSA,S13,TE,IT,2014-Q1,191216
Q,MIO_EUR,NSA,S13,TE,IT,2014-Q2,198668
Q,MIO_EUR,NSA,S13,TE,IT,2014-Q3,192016
Q,MIO_EUR,NSA,S13,TE,IT,2014-Q4,247732
Q,MIO_EUR,NSA,S13,TE,IT,2015-Q1,191637
Q,MIO_EUR,NSA,S13,TE,IT,2015-Q2,202366
Q,MIO_EUR,NSA,S13,TE,IT,2015-Q3,192322
Q,MIO_EUR,NSA,S13,TE,IT,2015-Q4,249369
Q,MIO_EUR,NSA,S13,TE,IT,2016-Q1,193348
Q,MIO_EUR,NSA,S13,TE,IT,2016-Q2,199545
Q,MIO_EUR,NSA,S13,TE,IT,2016-Q3,194076
Q,MIO_EUR,NSA,S13,TE,IT,2016-Q4,248068
Q,MIO_EUR,NSA,S13,TE,IT,2017-Q1,193568
Q,MIO_EUR,NSA,S13,TE,IT,2017-Q2,208292
Q,MIO_EUR,NSA,S13,TE,IT,2017-Q3,198671
Q,MIO_EUR,NSA,S13,TE,IT,2017-Q4,250484
Q,MIO_EUR,NSA,S13,TE,IT,2018-Q1,197496
Q,MIO_EUR,NSA,S13,TE,IT,2018-Q2,205820
Q,MIO_EUR,NSA,S13,TE,IT,2018-Q3,201191
Q,MIO_EUR,NSA,S13,TE,IT,2018-Q4,254510
Q,MIO_EUR,NSA,S13,TE,IT,2019-Q1,201396
Q,MIO_EUR,NSA,S13,TE,IT,2019-Q2,210713
Q,MIO_EUR,NSA,S13,TE,IT,2019-Q3,204251
Q,MIO_EUR,NSA,S13,TE,IT,2019-Q4,257238
Q,MIO_EUR,NSA,S13,TE,IT,2020-Q1,209767
Q,MIO_EUR,NSA,S13,TE,IT,2020-Q2,232065
Q,MIO_EUR,NSA,S13,TE,IT,2020-Q3,225646
Q,MIO_EUR,NSA,S13,TE,IT,2020-Q4,280818
Q,MIO_EUR,NSA,S13,TE,IT,2021-Q1,235714
Q,MIO_EUR,NSA,S13,TE,IT,2021-Q2,252432
Q,MIO_EUR,NSA,S13,TE,IT,2021-Q3,240207
Q,MIO_EUR,NSA,S13,TE,IT,2021-Q4,304175
Q,MIO_EUR,NSA,S13,TE,IT,2022-Q1,245264
Q,MIO_EUR,NSA,S13,TE,IT,2022-Q2,260274
Q,MIO_EUR,NSA,S13,TE,IT,2022-Q3,267412
Q,MIO_EUR,NSA,S13,TE,IT,2022-Q4,324677
Q,MIO_EUR,NSA,S13,TE,IT,2023-Q1,260202
Q,MIO_EUR,NSA,S13,TE,IT,2023-Q2,268916
Q,MIO_EUR,NSA,S13,TE,IT,2023-Q3,270011
Q,MIO_EUR,NSA,S13,TE,IT,2023-Q4,349954
Q,MIO_EUR,NSA,S13,TE,IT,2024-Q1,256568
Q,MIO_EUR,NSA,S13,TE,IT,2024-Q2,268761
Q,MIO_EUR,NSA,S13,TE,IT,2024-Q3,261053
Q,MIO_EUR,NSA,S13,TE,IT,2024-Q4,323422
Q,MIO_EUR,NSA,S13,TE,IT,2025-Q1,267925
Q,MIO_EUR,NSA,S13,TE,IT,2025-Q2,277152
Q,MIO_EUR,NSA,S13,TE,IT,2025-Q3,271811
Q,MIO_EUR,NSA,S13,TE,IT,2025-Q4,338421
Q,MIO_EUR,NSA,S13,TE,IT,2026-Q1,274987
Q,MIO_EUR,NSA,S13,TE,CY,1995-Q1,504
Q,MIO_EUR,NSA,S13,TE,CY,1995-Q2,534.1
Q,MIO_EUR,NSA,S13,TE,CY,1995-Q3,605.6
Q,MIO_EUR,NSA,S13,TE,CY,1995-Q4,820.7
Q,MIO_EUR,NSA,S13,TE,CY,1996-Q1,548.2
Q,MIO_EUR,NSA,S13,TE,CY,1996-Q2,588
Q,MIO_EUR,NSA,S13,TE,CY,1996-Q3,667.1
Q,MIO_EUR,NSA,S13,TE,CY,1996-Q4,917.5
Q,MIO_EUR,NSA,S13,TE,CY,1997-Q1,610
Q,MIO_EUR,NSA,S13,TE,CY,1997-Q2,663.5
Q,MIO_EUR,NSA,S13,TE,CY,1997-Q3,731.8
Q,MIO_EUR,NSA,S13,TE,CY,1997-Q4,1015.1
Q,MIO_EUR,NSA,S13,TE,CY,1998-Q1,667.2
Q,MIO_EUR,NSA,S13,TE,CY,1998-Q2,709.6
Q,MIO_EUR,NSA,S13,TE,CY,1998-Q3,803.4
Q,MIO_EUR,NSA,S13,TE,CY,1998-Q4,1104.2
Q,MIO_EUR,NSA,S13,TE,CY,1999-Q1,670.6
Q,MIO_EUR,NSA,S13,TE,CY,1999-Q2,802.8
Q,MIO_EUR,NSA,S13,TE,CY,1999-Q3,873.3
Q,MIO_EUR,NSA,S13,TE,CY,1999-Q4,1187.6
Q,MIO_EUR,NSA,S13,TE,CY,2000-Q1,730.7
Q,MIO_EUR,NSA,S13,TE,CY,2000-Q2,869.7
Q,MIO_EUR,NSA,S13,TE,CY,2000-Q3,1018
Q,MIO_EUR,NSA,S13,TE,CY,2000-Q4,1319.1
Q,MIO_EUR,NSA,S13,TE,CY,2001-Q1,840.4
Q,MIO_EUR,NSA,S13,TE,CY,2001-Q2,953.9
Q,MIO_EUR,NSA,S13,TE,CY,2001-Q3,1087.2
Q,MIO_EUR,NSA,S13,TE,CY,2001-Q4,1428.1
Q,MIO_EUR,NSA,S13,TE,CY,2002-Q1,921.9
Q,MIO_EUR,NSA,S13,TE,CY,2002-Q2,1025.4
Q,MIO_EUR,NSA,S13,TE,CY,2002-Q3,1187.7
Q,MIO_EUR,NSA,S13,TE,CY,2002-Q4,1572.2
Q,MIO_EUR,NSA,S13,TE,CY,2003-Q1,1148.8
Q,MIO_EUR,NSA,S13,TE,CY,2003-Q2,1176.8
Q,MIO_EUR,NSA,S13,TE,CY,2003-Q3,1383.6
Q,MIO_EUR,NSA,S13,TE,CY,2003-Q4,1810.7
Q,MIO_EUR,NSA,S13,TE,CY,2004-Q1,1192.4
Q,MIO_EUR,NSA,S13,TE,CY,2004-Q2,1257.3
Q,MIO_EUR,NSA,S13,TE,CY,2004-Q3,1392.3
Q,MIO_EUR,NSA,S13,TE,CY,2004-Q4,1861.7
Q,MIO_EUR,NSA,S13,TE,CY,2005-Q1,1297
Q,MIO_EUR,NSA,S13,TE,CY,2005-Q2,1342
Q,MIO_EUR,NSA,S13,TE,CY,2005-Q3,1517
Q,MIO_EUR,NSA,S13,TE,CY,2005-Q4,2091.5
Q,MIO_EUR,NSA,S13,TE,CY,2006-Q1,1378.1
Q,MIO_EUR,NSA,S13,TE,CY,2006-Q2,1511.2
Q,MIO_EUR,NSA,S13,TE,CY,2006-Q3,1688.1
Q,MIO_EUR,NSA,S13,TE,CY,2006-Q4,2091
Q,MIO_EUR,NSA,S13,TE,CY,2007-Q1,1595.7
Q,MIO_EUR,NSA,S13,TE,CY,2007-Q2,1566.6
Q,MIO_EUR,NSA,S13,TE,CY,2007-Q3,1762.8
Q,MIO_EUR,NSA,S13,TE,CY,2007-Q4,2128.3
Q,MIO_EUR,NSA,S13,TE,CY,2008-Q1,1645.8
Q,MIO_EUR,NSA,S13,TE,CY,2008-Q2,1721.7
Q,MIO_EUR,NSA,S13,TE,CY,2008-Q3,1989.3
Q,MIO_EUR,NSA,S13,TE,CY,2008-Q4,2400.8
Q,MIO_EUR,NSA,S13,TE,CY,2009-Q1,1797.3
Q,MIO_EUR,NSA,S13,TE,CY,2009-Q2,2002.1
Q,MIO_EUR,NSA,S13,TE,CY,2009-Q3,2064.3
Q,MIO_EUR,NSA,S13,TE,CY,2009-Q4,2522
Q,MIO_EUR,NSA,S13,TE,CY,2010-Q1,1965.9
Q,MIO_EUR,NSA,S13,TE,CY,2010-Q2,2057.4
Q,MIO_EUR,NSA,S13,TE,CY,2010-Q3,2106.9
Q,MIO_EUR,NSA,S13,TE,CY,2010-Q4,2529.4
Q,MIO_EUR,NSA,S13,TE,CY,2011-Q1,2059.7
Q,MIO_EUR,NSA,S13,TE,CY,2011-Q2,2115.5
Q,MIO_EUR,NSA,S13,TE,CY,2011-Q3,2085.7
Q,MIO_EUR,NSA,S13,TE,CY,2011-Q4,2663
Q,MIO_EUR,NSA,S13,TE,CY,2012-Q1,2057
Q,MIO_EUR,NSA,S13,TE,CY,2012-Q2,3842.7
Q,MIO_EUR,NSA,S13,TE,CY,2012-Q3,2123
Q,MIO_EUR,NSA,S13,TE,CY,2012-Q4,2613.7
Q,MIO_EUR,NSA,S13,TE,CY,2013-Q1,1759.3
Q,MIO_EUR,NSA,S13,TE,CY,2013-Q2,1945.5
Q,MIO_EUR,NSA,S13,TE,CY,2013-Q3,1982.6
Q,MIO_EUR,NSA,S13,TE,CY,2013-Q4,2670.9
Q,MIO_EUR,NSA,S13,TE,CY,2014-Q1,3243.7
Q,MIO_EUR,NSA,S13,TE,CY,2014-Q2,1719
Q,MIO_EUR,NSA,S13,TE,CY,2014-Q3,1784.1
Q,MIO_EUR,NSA,S13,TE,CY,2014-Q4,2369.6
Q,MIO_EUR,NSA,S13,TE,CY,2015-Q1,1703.7
Q,MIO_EUR,NSA,S13,TE,CY,2015-Q2,1775.7
Q,MIO_EUR,NSA,S13,TE,CY,2015-Q3,1768.8
Q,MIO_EUR,NSA,S13,TE,CY,2015-Q4,2485.1
Q,MIO_EUR,NSA,S13,TE,CY,2016-Q1,1611.5
Q,MIO_EUR,NSA,S13,TE,CY,2016-Q2,1793.5
Q,MIO_EUR,NSA,S13,TE,CY,2016-Q3,1771.4
Q,MIO_EUR,NSA,S13,TE,CY,2016-Q4,2358.9
Q,MIO_EUR,NSA,S13,TE,CY,2017-Q1,1641.3
Q,MIO_EUR,NSA,S13,TE,CY,2017-Q2,1904.6
Q,MIO_EUR,NSA,S13,TE,CY,2017-Q3,1785.6
Q,MIO_EUR,NSA,S13,TE,CY,2017-Q4,2491.8
Q,MIO_EUR,NSA,S13,TE,CY,2018-Q1,1666.7
Q,MIO_EUR,NSA,S13,TE,CY,2018-Q2,1907.2
Q,MIO_EUR,NSA,S13,TE,CY,2018-Q3,3437.2
Q,MIO_EUR,NSA,S13,TE,CY,2018-Q4,2639.6
Q,MIO_EUR,NSA,S13,TE,CY,2019-Q1,2085.5
Q,MIO_EUR,NSA,S13,TE,CY,2019-Q2,2014.3
Q,MIO_EUR,NSA,S13,TE,CY,2019-Q3,2154.2
Q,MIO_EUR,NSA,S13,TE,CY,2019-Q4,3166.7
Q,MIO_EUR,NSA,S13,TE,CY,2020-Q1,1985.6
Q,MIO_EUR,NSA,S13,TE,CY,2020-Q2,2451
Q,MIO_EUR,NSA,S13,TE,CY,2020-Q3,2406.4
Q,MIO_EUR,NSA,S13,TE,CY,2020-Q4,3435.1
Q,MIO_EUR,NSA,S13,TE,CY,2021-Q1,2396.3
Q,MIO_EUR,NSA,S13,TE,CY,2021-Q2,2693.8
Q,MIO_EUR,NSA,S13,TE,CY,2021-Q3,2505
Q,MIO_EUR,NSA,S13,TE,CY,2021-Q4,3375.3
Q,MIO_EUR,NSA,S13,TE,CY,2022-Q1,2326.6
Q,MIO_EUR,NSA,S13,TE,CY,2022-Q2,2744.7
Q,MIO_EUR,NSA,S13,TE,CY,2022-Q3,2660.3
Q,MIO_EUR,NSA,S13,TE,CY,2022-Q4,3458.6
Q,MIO_EUR,NSA,S13,TE,CY,2023-Q1,3352.1
Q,MIO_EUR,NSA,S13,TE,CY,2023-Q2,2998.2
Q,MIO_EUR,NSA,S13,TE,CY,2023-Q3,2845.6
Q,MIO_EUR,NSA,S13,TE,CY,2023-Q4,3988.5
Q,MIO_EUR,NSA,S13,TE,CY,2024-Q1,2773.8
Q,MIO_EUR,NSA,S13,TE,CY,2024-Q2,3305.7
Q,MIO_EUR,NSA,S13,TE,CY,2024-Q3,3123.6
Q,MIO_EUR,NSA,S13,TE,CY,2024-Q4,4108.1
Q,MIO_EUR,NSA,S13,TE,CY,2025-Q1,3011.3
Q,MIO_EUR,NSA,S13,TE,CY,2025-Q2,3681.9
Q,MIO_EUR,NSA,S13,TE,CY,2025-Q3,3421.1
Q,MIO_EUR,NSA,S13,TE,CY,2025-Q4,4566
Q,MIO_EUR,NSA,S13,TE,CY,2026-Q1,3252.5
Q,MIO_EUR,NSA,S13,TE,LV,1995-Q1,
Q,MIO_EUR,NSA,S13,TE,LV,1995-Q2,
Q,MIO_EUR,NSA,S13,TE,LV,1995-Q3,
Q,MIO_EUR,NSA,S13,TE,LV,1995-Q4,
Q,MIO_EUR,NSA,S13,TE,LV,1996-Q1,
Q,MIO_EUR,NSA,S13,TE,LV,1996-Q2,
Q,MIO_EUR,NSA,S13,TE,LV,1996-Q3,
Q,MIO_EUR,NSA,S13,TE,LV,1996-Q4,
Q,MIO_EUR,NSA,S13,TE,LV,1997-Q1,
Q,MIO_EUR,NSA,S13,TE,LV,1997-Q2,
Q,MIO_EUR,NSA,S13,TE,LV,1997-Q3,
Q,MIO_EUR,NSA,S13,TE,LV,1997-Q4,
Q,MIO_EUR,NSA,S13,TE,LV,1998-Q1,
Q,MIO_EUR,NSA,S13,TE,LV,1998-Q2,
Q,MIO_EUR,NSA,S13,TE,LV,1998-Q3,
Q,MIO_EUR,NSA,S13,TE,LV,1998-Q4,
Q,MIO_EUR,NSA,S13,TE,LV,1999-Q1,601.5
Q,MIO_EUR,NSA,S13,TE,LV,1999-Q2,725.7
Q,MIO_EUR,NSA,S13,TE,LV,1999-Q3,721.2
Q,MIO_EUR,NSA,S13,TE,LV,1999-Q4,836.6
Q,MIO_EUR,NSA,S13,TE,LV,2000-Q1,699.2
Q,MIO_EUR,NSA,S13,TE,LV,2000-Q2,850
Q,MIO_EUR,NSA,S13,TE,LV,2000-Q3,762
Q,MIO_EUR,NSA,S13,TE,LV,2000-Q4,900.4
Q,MIO_EUR,NSA,S13,TE,LV,2001-Q1,716.3
Q,MIO_EUR,NSA,S13,TE,LV,2001-Q2,847.5
Q,MIO_EUR,NSA,S13,TE,LV,2001-Q3,808.7
Q,MIO_EUR,NSA,S13,TE,LV,2001-Q4,880.9
Q,MIO_EUR,NSA,S13,TE,LV,2002-Q1,805.9
Q,MIO_EUR,NSA,S13,TE,LV,2002-Q2,873.4
Q,MIO_EUR,NSA,S13,TE,LV,2002-Q3,842.1
Q,MIO_EUR,NSA,S13,TE,LV,2002-Q4,1032.5
Q,MIO_EUR,NSA,S13,TE,LV,2003-Q1,750.1
Q,MIO_EUR,NSA,S13,TE,LV,2003-Q2,878.6
Q,MIO_EUR,NSA,S13,TE,LV,2003-Q3,864.9
Q,MIO_EUR,NSA,S13,TE,LV,2003-Q4,1047.1
Q,MIO_EUR,NSA,S13,TE,LV,2004-Q1,830.4
Q,MIO_EUR,NSA,S13,TE,LV,2004-Q2,1017.7
Q,MIO_EUR,NSA,S13,TE,LV,2004-Q3,943.5
Q,MIO_EUR,NSA,S13,TE,LV,2004-Q4,1311.5
Q,MIO_EUR,NSA,S13,TE,LV,2005-Q1,932.2
Q,MIO_EUR,NSA,S13,TE,LV,2005-Q2,1077.6
Q,MIO_EUR,NSA,S13,TE,LV,2005-Q3,1092.7
Q,MIO_EUR,NSA,S13,TE,LV,2005-Q4,1695.9
Q,MIO_EUR,NSA,S13,TE,LV,2006-Q1,1180.9
Q,MIO_EUR,NSA,S13,TE,LV,2006-Q2,1404.2
Q,MIO_EUR,NSA,S13,TE,LV,2006-Q3,1386
Q,MIO_EUR,NSA,S13,TE,LV,2006-Q4,2361.4
Q,MIO_EUR,NSA,S13,TE,LV,2007-Q1,1525.2
Q,MIO_EUR,NSA,S13,TE,LV,2007-Q2,1855.9
Q,MIO_EUR,NSA,S13,TE,LV,2007-Q3,2012.6
Q,MIO_EUR,NSA,S13,TE,LV,2007-Q4,2479.6
Q,MIO_EUR,NSA,S13,TE,LV,2008-Q1,1940.2
Q,MIO_EUR,NSA,S13,TE,LV,2008-Q2,2244.2
Q,MIO_EUR,NSA,S13,TE,LV,2008-Q3,2362.5
Q,MIO_EUR,NSA,S13,TE,LV,2008-Q4,2838.6
Q,MIO_EUR,NSA,S13,TE,LV,2009-Q1,2164.8
Q,MIO_EUR,NSA,S13,TE,LV,2009-Q2,2087.1
Q,MIO_EUR,NSA,S13,TE,LV,2009-Q3,1913.8
Q,MIO_EUR,NSA,S13,TE,LV,2009-Q4,2369.3
Q,MIO_EUR,NSA,S13,TE,LV,2010-Q1,1878.8
Q,MIO_EUR,NSA,S13,TE,LV,2010-Q2,1870.6
Q,MIO_EUR,NSA,S13,TE,LV,2010-Q3,2023.5
Q,MIO_EUR,NSA,S13,TE,LV,2010-Q4,2461.6
Q,MIO_EUR,NSA,S13,TE,LV,2011-Q1,1722.5
Q,MIO_EUR,NSA,S13,TE,LV,2011-Q2,1854.5
Q,MIO_EUR,NSA,S13,TE,LV,2011-Q3,1873.1
Q,MIO_EUR,NSA,S13,TE,LV,2011-Q4,2891.9
Q,MIO_EUR,NSA,S13,TE,LV,2012-Q1,1757.7
Q,MIO_EUR,NSA,S13,TE,LV,2012-Q2,2090.2
Q,MIO_EUR,NSA,S13,TE,LV,2012-Q3,1939.7
Q,MIO_EUR,NSA,S13,TE,LV,2012-Q4,2797
Q,MIO_EUR,NSA,S13,TE,LV,2013-Q1,1879.3
Q,MIO_EUR,NSA,S13,TE,LV,2013-Q2,2041.4
Q,MIO_EUR,NSA,S13,TE,LV,2013-Q3,2190.1
Q,MIO_EUR,NSA,S13,TE,LV,2013-Q4,2673.6
Q,MIO_EUR,NSA,S13,TE,LV,2014-Q1,1892.2
Q,MIO_EUR,NSA,S13,TE,LV,2014-Q2,2167
Q,MIO_EUR,NSA,S13,TE,LV,2014-Q3,2216.6
Q,MIO_EUR,NSA,S13,TE,LV,2014-Q4,2920.5
Q,MIO_EUR,NSA,S13,TE,LV,2015-Q1,2091.4
Q,MIO_EUR,NSA,S13,TE,LV,2015-Q2,2329.4
Q,MIO_EUR,NSA,S13,TE,LV,2015-Q3,2286.9
Q,MIO_EUR,NSA,S13,TE,LV,2015-Q4,2786.1
Q,MIO_EUR,NSA,S13,TE,LV,2016-Q1,2054.2
Q,MIO_EUR,NSA,S13,TE,LV,2016-Q2,2281.8
Q,MIO_EUR,NSA,S13,TE,LV,2016-Q3,2313.2
Q,MIO_EUR,NSA,S13,TE,LV,2016-Q4,2866
Q,MIO_EUR,NSA,S13,TE,LV,2017-Q1,2237.3
Q,MIO_EUR,NSA,S13,TE,LV,2017-Q2,2468.8
Q,MIO_EUR,NSA,S13,TE,LV,2017-Q3,2456.9
Q,MIO_EUR,NSA,S13,TE,LV,2017-Q4,3129.9
Q,MIO_EUR,NSA,S13,TE,LV,2018-Q1,2446.5
Q,MIO_EUR,NSA,S13,TE,LV,2018-Q2,2766.6
Q,MIO_EUR,NSA,S13,TE,LV,2018-Q3,2724.8
Q,MIO_EUR,NSA,S13,TE,LV,2018-Q4,3519.5
Q,MIO_EUR,NSA,S13,TE,LV,2019-Q1,2620.9
Q,MIO_EUR,NSA,S13,TE,LV,2019-Q2,2747.7
Q,MIO_EUR,NSA,S13,TE,LV,2019-Q3,2852.9
Q,MIO_EUR,NSA,S13,TE,LV,2019-Q4,3503.2
Q,MIO_EUR,NSA,S13,TE,LV,2020-Q1,2760.9
Q,MIO_EUR,NSA,S13,TE,LV,2020-Q2,2985.2
Q,MIO_EUR,NSA,S13,TE,LV,2020-Q3,3462.4
Q,MIO_EUR,NSA,S13,TE,LV,2020-Q4,3725.2
Q,MIO_EUR,NSA,S13,TE,LV,2021-Q1,3334.1
Q,MIO_EUR,NSA,S13,TE,LV,2021-Q2,3763.7
Q,MIO_EUR,NSA,S13,TE,LV,2021-Q3,3377.2
Q,MIO_EUR,NSA,S13,TE,LV,2021-Q4,4546.8
Q,MIO_EUR,NSA,S13,TE,LV,2022-Q1,3447
Q,MIO_EUR,NSA,S13,TE,LV,2022-Q2,3747
Q,MIO_EUR,NSA,S13,TE,LV,2022-Q3,3627.6
Q,MIO_EUR,NSA,S13,TE,LV,2022-Q4,5143.2
Q,MIO_EUR,NSA,S13,TE,LV,2023-Q1,3810.7
Q,MIO_EUR,NSA,S13,TE,LV,2023-Q2,4071.1
Q,MIO_EUR,NSA,S13,TE,LV,2023-Q3,4231.2
Q,MIO_EUR,NSA,S13,TE,LV,2023-Q4,5069.5
Q,MIO_EUR,NSA,S13,TE,LV,2024-Q1,3882.1
Q,MIO_EUR,NSA,S13,TE,LV,2024-Q2,4541.9
Q,MIO_EUR,NSA,S13,TE,LV,2024-Q3,4444.7
Q,MIO_EUR,NSA,S13,TE,LV,2024-Q4,5544.8
Q,MIO_EUR,NSA,S13,TE,LV,2025-Q1,4319.3
Q,MIO_EUR,NSA,S13,TE,LV,2025-Q2,4732.2
Q,MIO_EUR,NSA,S13,TE,LV,2025-Q3,4962.1
Q,MIO_EUR,NSA,S13,TE,LV,2025-Q4,5819.1
Q,MIO_EUR,NSA,S13,TE,LV,2026-Q1,4494.9
Q,MIO_EUR,NSA,S13,TE,LT,1995-Q1,
Q,MIO_EUR,NSA,S13,TE,LT,1995-Q2,
Q,MIO_EUR,NSA,S13,TE,LT,1995-Q3,
Q,MIO_EUR,NSA,S13,TE,LT,1995-Q4,
Q,MIO_EUR,NSA,S13,TE,LT,1996-Q1,
Q,MIO_EUR,NSA,S13,TE,LT,1996-Q2,
Q,MIO_EUR,NSA,S13,TE,LT,1996-Q3,
Q,MIO_EUR,NSA,S13,TE,LT,1996-Q4,
Q,MIO_EUR,NSA,S13,TE,LT,1997-Q1,
Q,MIO_EUR,NSA,S13,TE,LT,1997-Q2,
Q,MIO_EUR,NSA,S13,TE,LT,1997-Q3,
Q,MIO_EUR,NSA,S13,TE,LT,1997-Q4,
Q,MIO_EUR,NSA,S13,TE,LT,1998-Q1,
Q,MIO_EUR,NSA,S13,TE,LT,1998-Q2,
Q,MIO_EUR,NSA,S13,TE,LT,1998-Q3,
Q,MIO_EUR,NSA,S13,TE,LT,1998-Q4,
Q,MIO_EUR,NSA,S13,TE,LT,1999-Q1,917.5
Q,MIO_EUR,NSA,S13,TE,LT,1999-Q2,1174.9
Q,MIO_EUR,NSA,S13,TE,LT,1999-Q3,958.6
Q,MIO_EUR,NSA,S13,TE,LT,1999-Q4,1160.5
Q,MIO_EUR,NSA,S13,TE,LT,2000-Q1,1029.2
Q,MIO_EUR,NSA,S13,TE,LT,2000-Q2,1197.5
Q,MIO_EUR,NSA,S13,TE,LT,2000-Q3,1188.7
Q,MIO_EUR,NSA,S13,TE,LT,2000-Q4,1538.9
Q,MIO_EUR,NSA,S13,TE,LT,2001-Q1,1174.8
Q,MIO_EUR,NSA,S13,TE,LT,2001-Q2,1299.1
Q,MIO_EUR,NSA,S13,TE,LT,2001-Q3,1210.8
Q,MIO_EUR,NSA,S13,TE,LT,2001-Q4,1394.2
Q,MIO_EUR,NSA,S13,TE,LT,2002-Q1,1196.2
Q,MIO_EUR,NSA,S13,TE,LT,2002-Q2,1314.5
Q,MIO_EUR,NSA,S13,TE,LT,2002-Q3,1270.3
Q,MIO_EUR,NSA,S13,TE,LT,2002-Q4,1552.8
Q,MIO_EUR,NSA,S13,TE,LT,2003-Q1,1202
Q,MIO_EUR,NSA,S13,TE,LT,2003-Q2,1505
Q,MIO_EUR,NSA,S13,TE,LT,2003-Q3,1317.6
Q,MIO_EUR,NSA,S13,TE,LT,2003-Q4,1572.5
Q,MIO_EUR,NSA,S13,TE,LT,2004-Q1,1262.8
Q,MIO_EUR,NSA,S13,TE,LT,2004-Q2,1552.9
Q,MIO_EUR,NSA,S13,TE,LT,2004-Q3,1520
Q,MIO_EUR,NSA,S13,TE,LT,2004-Q4,1871.6
Q,MIO_EUR,NSA,S13,TE,LT,2005-Q1,1454.5
Q,MIO_EUR,NSA,S13,TE,LT,2005-Q2,1694.4
Q,MIO_EUR,NSA,S13,TE,LT,2005-Q3,1656.2
Q,MIO_EUR,NSA,S13,TE,LT,2005-Q4,2352.3
Q,MIO_EUR,NSA,S13,TE,LT,2006-Q1,1599.7
Q,MIO_EUR,NSA,S13,TE,LT,2006-Q2,1792.5
Q,MIO_EUR,NSA,S13,TE,LT,2006-Q3,2019.1
Q,MIO_EUR,NSA,S13,TE,LT,2006-Q4,2850.3
Q,MIO_EUR,NSA,S13,TE,LT,2007-Q1,1951.2
Q,MIO_EUR,NSA,S13,TE,LT,2007-Q2,2411.2
Q,MIO_EUR,NSA,S13,TE,LT,2007-Q3,2416.3
Q,MIO_EUR,NSA,S13,TE,LT,2007-Q4,3459.9
Q,MIO_EUR,NSA,S13,TE,LT,2008-Q1,2500.9
Q,MIO_EUR,NSA,S13,TE,LT,2008-Q2,3015.9
Q,MIO_EUR,NSA,S13,TE,LT,2008-Q3,3023.3
Q,MIO_EUR,NSA,S13,TE,LT,2008-Q4,3914.2
Q,MIO_EUR,NSA,S13,TE,LT,2009-Q1,2869.8
Q,MIO_EUR,NSA,S13,TE,LT,2009-Q2,3107.3
Q,MIO_EUR,NSA,S13,TE,LT,2009-Q3,2755.9
Q,MIO_EUR,NSA,S13,TE,LT,2009-Q4,3357.7
Q,MIO_EUR,NSA,S13,TE,LT,2010-Q1,2770.5
Q,MIO_EUR,NSA,S13,TE,LT,2010-Q2,2924.5
Q,MIO_EUR,NSA,S13,TE,LT,2010-Q3,2714.9
Q,MIO_EUR,NSA,S13,TE,LT,2010-Q4,3491.3
Q,MIO_EUR,NSA,S13,TE,LT,2011-Q1,2853.1
Q,MIO_EUR,NSA,S13,TE,LT,2011-Q2,3002.7
Q,MIO_EUR,NSA,S13,TE,LT,2011-Q3,2825.8
Q,MIO_EUR,NSA,S13,TE,LT,2011-Q4,3767.1
Q,MIO_EUR,NSA,S13,TE,LT,2012-Q1,2892
Q,MIO_EUR,NSA,S13,TE,LT,2012-Q2,2944.6
Q,MIO_EUR,NSA,S13,TE,LT,2012-Q3,2785.3
Q,MIO_EUR,NSA,S13,TE,LT,2012-Q4,3545.3
Q,MIO_EUR,NSA,S13,TE,LT,2013-Q1,3179.4
Q,MIO_EUR,NSA,S13,TE,LT,2013-Q2,3049
Q,MIO_EUR,NSA,S13,TE,LT,2013-Q3,2863.9
Q,MIO_EUR,NSA,S13,TE,LT,2013-Q4,3370.2
Q,MIO_EUR,NSA,S13,TE,LT,2014-Q1,2998.9
Q,MIO_EUR,NSA,S13,TE,LT,2014-Q2,3419.9
Q,MIO_EUR,NSA,S13,TE,LT,2014-Q3,2890
Q,MIO_EUR,NSA,S13,TE,LT,2014-Q4,3437.1
Q,MIO_EUR,NSA,S13,TE,LT,2015-Q1,3095.7
Q,MIO_EUR,NSA,S13,TE,LT,2015-Q2,3279.4
Q,MIO_EUR,NSA,S13,TE,LT,2015-Q3,3032.9
Q,MIO_EUR,NSA,S13,TE,LT,2015-Q4,3771.3
Q,MIO_EUR,NSA,S13,TE,LT,2016-Q1,3064.6
Q,MIO_EUR,NSA,S13,TE,LT,2016-Q2,3302.9
Q,MIO_EUR,NSA,S13,TE,LT,2016-Q3,3125.9
Q,MIO_EUR,NSA,S13,TE,LT,2016-Q4,3886.8
Q,MIO_EUR,NSA,S13,TE,LT,2017-Q1,3201.2
Q,MIO_EUR,NSA,S13,TE,LT,2017-Q2,3457.7
Q,MIO_EUR,NSA,S13,TE,LT,2017-Q3,3257.6
Q,MIO_EUR,NSA,S13,TE,LT,2017-Q4,4190.3
Q,MIO_EUR,NSA,S13,TE,LT,2018-Q1,3412.2
Q,MIO_EUR,NSA,S13,TE,LT,2018-Q2,3707.4
Q,MIO_EUR,NSA,S13,TE,LT,2018-Q3,3707.7
Q,MIO_EUR,NSA,S13,TE,LT,2018-Q4,4698.1
Q,MIO_EUR,NSA,S13,TE,LT,2019-Q1,3782.8
Q,MIO_EUR,NSA,S13,TE,LT,2019-Q2,4169.9
Q,MIO_EUR,NSA,S13,TE,LT,2019-Q3,4002.8
Q,MIO_EUR,NSA,S13,TE,LT,2019-Q4,5102.3
Q,MIO_EUR,NSA,S13,TE,LT,2020-Q1,4355.9
Q,MIO_EUR,NSA,S13,TE,LT,2020-Q2,5039.2
Q,MIO_EUR,NSA,S13,TE,LT,2020-Q3,5121.6
Q,MIO_EUR,NSA,S13,TE,LT,2020-Q4,6768.7
Q,MIO_EUR,NSA,S13,TE,LT,2021-Q1,4832.2
Q,MIO_EUR,NSA,S13,TE,LT,2021-Q2,5285.8
Q,MIO_EUR,NSA,S13,TE,LT,2021-Q3,4873.2
Q,MIO_EUR,NSA,S13,TE,LT,2021-Q4,6185.1
Q,MIO_EUR,NSA,S13,TE,LT,2022-Q1,5130.5
Q,MIO_EUR,NSA,S13,TE,LT,2022-Q2,5475.9
Q,MIO_EUR,NSA,S13,TE,LT,2022-Q3,5625.5
Q,MIO_EUR,NSA,S13,TE,LT,2022-Q4,8285.1
Q,MIO_EUR,NSA,S13,TE,LT,2023-Q1,6161.1
Q,MIO_EUR,NSA,S13,TE,LT,2023-Q2,6515.5
Q,MIO_EUR,NSA,S13,TE,LT,2023-Q3,6157.6
Q,MIO_EUR,NSA,S13,TE,LT,2023-Q4,8806.4
Q,MIO_EUR,NSA,S13,TE,LT,2024-Q1,6718.5
Q,MIO_EUR,NSA,S13,TE,LT,2024-Q2,7440.8
Q,MIO_EUR,NSA,S13,TE,LT,2024-Q3,7487.5
Q,MIO_EUR,NSA,S13,TE,LT,2024-Q4,9490
Q,MIO_EUR,NSA,S13,TE,LT,2025-Q1,7428.3
Q,MIO_EUR,NSA,S13,TE,LT,2025-Q2,8813.8
Q,MIO_EUR,NSA,S13,TE,LT,2025-Q3,8097.8
Q,MIO_EUR,NSA,S13,TE,LT,2025-Q4,10398.6
Q,MIO_EUR,NSA,S13,TE,LT,2026-Q1,8507.2
Q,MIO_EUR,NSA,S13,TE,LU,1995-Q1,
Q,MIO_EUR,NSA,S13,TE,LU,1995-Q2,
Q,MIO_EUR,NSA,S13,TE,LU,1995-Q3,
Q,MIO_EUR,NSA,S13,TE,LU,1995-Q4,
Q,MIO_EUR,NSA,S13,TE,LU,1996-Q1,
Q,MIO_EUR,NSA,S13,TE,LU,1996-Q2,
Q,MIO_EUR,NSA,S13,TE,LU,1996-Q3,
Q,MIO_EUR,NSA,S13,TE,LU,1996-Q4,
Q,MIO_EUR,NSA,S13,TE,LU,1997-Q1,
Q,MIO_EUR,NSA,S13,TE,LU,1997-Q2,
Q,MIO_EUR,NSA,S13,TE,LU,1997-Q3,
Q,MIO_EUR,NSA,S13,TE,LU,1997-Q4,
Q,MIO_EUR,NSA,S13,TE,LU,1998-Q1,
Q,MIO_EUR,NSA,S13,TE,LU,1998-Q2,
Q,MIO_EUR,NSA,S13,TE,LU,1998-Q3,
Q,MIO_EUR,NSA,S13,TE,LU,1998-Q4,
Q,MIO_EUR,NSA,S13,TE,LU,1999-Q1,
Q,MIO_EUR,NSA,S13,TE,LU,1999-Q2,
Q,MIO_EUR,NSA,S13,TE,LU,1999-Q3,
Q,MIO_EUR,NSA,S13,TE,LU,1999-Q4,
Q,MIO_EUR,NSA,S13,TE,LU,2000-Q1,
Q,MIO_EUR,NSA,S13,TE,LU,2000-Q2,
Q,MIO_EUR,NSA,S13,TE,LU,2000-Q3,
Q,MIO_EUR,NSA,S13,TE,LU,2000-Q4,
Q,MIO_EUR,NSA,S13,TE,LU,2001-Q1,
Q,MIO_EUR,NSA,S13,TE,LU,2001-Q2,
Q,MIO_EUR,NSA,S13,TE,LU,2001-Q3,
Q,MIO_EUR,NSA,S13,TE,LU,2001-Q4,
Q,MIO_EUR,NSA,S13,TE,LU,2002-Q1,2301.6
Q,MIO_EUR,NSA,S13,TE,LU,2002-Q2,2414.1
Q,MIO_EUR,NSA,S13,TE,LU,2002-Q3,2483.7
Q,MIO_EUR,NSA,S13,TE,LU,2002-Q4,3245.2
Q,MIO_EUR,NSA,S13,TE,LU,2003-Q1,2588.1
Q,MIO_EUR,NSA,S13,TE,LU,2003-Q2,2663.6
Q,MIO_EUR,NSA,S13,TE,LU,2003-Q3,2706.8
Q,MIO_EUR,NSA,S13,TE,LU,2003-Q4,3407.7
Q,MIO_EUR,NSA,S13,TE,LU,2004-Q1,2864.4
Q,MIO_EUR,NSA,S13,TE,LU,2004-Q2,2924.6
Q,MIO_EUR,NSA,S13,TE,LU,2004-Q3,2946
Q,MIO_EUR,NSA,S13,TE,LU,2004-Q4,3576.9
Q,MIO_EUR,NSA,S13,TE,LU,2005-Q1,3119.3
Q,MIO_EUR,NSA,S13,TE,LU,2005-Q2,3079.9
Q,MIO_EUR,NSA,S13,TE,LU,2005-Q3,3139.5
Q,MIO_EUR,NSA,S13,TE,LU,2005-Q4,3815.5
Q,MIO_EUR,NSA,S13,TE,LU,2006-Q1,3315.2
Q,MIO_EUR,NSA,S13,TE,LU,2006-Q2,3081.4
Q,MIO_EUR,NSA,S13,TE,LU,2006-Q3,3223.9
Q,MIO_EUR,NSA,S13,TE,LU,2006-Q4,3841.8
Q,MIO_EUR,NSA,S13,TE,LU,2007-Q1,3543.3
Q,MIO_EUR,NSA,S13,TE,LU,2007-Q2,3287
Q,MIO_EUR,NSA,S13,TE,LU,2007-Q3,3318.7
Q,MIO_EUR,NSA,S13,TE,LU,2007-Q4,3923.7
Q,MIO_EUR,NSA,S13,TE,LU,2008-Q1,3928.9
Q,MIO_EUR,NSA,S13,TE,LU,2008-Q2,3576.9
Q,MIO_EUR,NSA,S13,TE,LU,2008-Q3,3591.5
Q,MIO_EUR,NSA,S13,TE,LU,2008-Q4,4075.8
Q,MIO_EUR,NSA,S13,TE,LU,2009-Q1,4004.2
Q,MIO_EUR,NSA,S13,TE,LU,2009-Q2,3974.7
Q,MIO_EUR,NSA,S13,TE,LU,2009-Q3,3998.9
Q,MIO_EUR,NSA,S13,TE,LU,2009-Q4,4694.9
Q,MIO_EUR,NSA,S13,TE,LU,2010-Q1,4162.3
Q,MIO_EUR,NSA,S13,TE,LU,2010-Q2,4175.5
Q,MIO_EUR,NSA,S13,TE,LU,2010-Q3,4341.8
Q,MIO_EUR,NSA,S13,TE,LU,2010-Q4,5137.5
Q,MIO_EUR,NSA,S13,TE,LU,2011-Q1,4494.6
Q,MIO_EUR,NSA,S13,TE,LU,2011-Q2,4285.4
Q,MIO_EUR,NSA,S13,TE,LU,2011-Q3,4513.5
Q,MIO_EUR,NSA,S13,TE,LU,2011-Q4,5100.1
Q,MIO_EUR,NSA,S13,TE,LU,2012-Q1,4755.4
Q,MIO_EUR,NSA,S13,TE,LU,2012-Q2,4620.4
Q,MIO_EUR,NSA,S13,TE,LU,2012-Q3,4611.6
Q,MIO_EUR,NSA,S13,TE,LU,2012-Q4,5466.4
Q,MIO_EUR,NSA,S13,TE,LU,2013-Q1,5156.7
Q,MIO_EUR,NSA,S13,TE,LU,2013-Q2,4733.3
Q,MIO_EUR,NSA,S13,TE,LU,2013-Q3,4778.4
Q,MIO_EUR,NSA,S13,TE,LU,2013-Q4,5576.4
Q,MIO_EUR,NSA,S13,TE,LU,2014-Q1,5124.5
Q,MIO_EUR,NSA,S13,TE,LU,2014-Q2,5015.1
Q,MIO_EUR,NSA,S13,TE,LU,2014-Q3,5119.5
Q,MIO_EUR,NSA,S13,TE,LU,2014-Q4,5771.4
Q,MIO_EUR,NSA,S13,TE,LU,2015-Q1,5413.8
Q,MIO_EUR,NSA,S13,TE,LU,2015-Q2,5133.9
Q,MIO_EUR,NSA,S13,TE,LU,2015-Q3,5220.6
Q,MIO_EUR,NSA,S13,TE,LU,2015-Q4,6093.1
Q,MIO_EUR,NSA,S13,TE,LU,2016-Q1,5588.2
Q,MIO_EUR,NSA,S13,TE,LU,2016-Q2,5328.6
Q,MIO_EUR,NSA,S13,TE,LU,2016-Q3,5364.8
Q,MIO_EUR,NSA,S13,TE,LU,2016-Q4,6228.1
Q,MIO_EUR,NSA,S13,TE,LU,2017-Q1,5853.7
Q,MIO_EUR,NSA,S13,TE,LU,2017-Q2,5648
Q,MIO_EUR,NSA,S13,TE,LU,2017-Q3,5799.8
Q,MIO_EUR,NSA,S13,TE,LU,2017-Q4,6709.1
Q,MIO_EUR,NSA,S13,TE,LU,2018-Q1,6216.5
Q,MIO_EUR,NSA,S13,TE,LU,2018-Q2,5908.2
Q,MIO_EUR,NSA,S13,TE,LU,2018-Q3,6080.7
Q,MIO_EUR,NSA,S13,TE,LU,2018-Q4,7267.1
Q,MIO_EUR,NSA,S13,TE,LU,2019-Q1,5950.2
Q,MIO_EUR,NSA,S13,TE,LU,2019-Q2,6432.7
Q,MIO_EUR,NSA,S13,TE,LU,2019-Q3,6469.8
Q,MIO_EUR,NSA,S13,TE,LU,2019-Q4,8030.5
Q,MIO_EUR,NSA,S13,TE,LU,2020-Q1,6521.9
Q,MIO_EUR,NSA,S13,TE,LU,2020-Q2,8549.5
Q,MIO_EUR,NSA,S13,TE,LU,2020-Q3,6677.3
Q,MIO_EUR,NSA,S13,TE,LU,2020-Q4,8591.8
Q,MIO_EUR,NSA,S13,TE,LU,2021-Q1,6978.3
Q,MIO_EUR,NSA,S13,TE,LU,2021-Q2,7352.4
Q,MIO_EUR,NSA,S13,TE,LU,2021-Q3,7455.4
Q,MIO_EUR,NSA,S13,TE,LU,2021-Q4,9179.9
Q,MIO_EUR,NSA,S13,TE,LU,2022-Q1,7503.1
Q,MIO_EUR,NSA,S13,TE,LU,2022-Q2,7811.9
Q,MIO_EUR,NSA,S13,TE,LU,2022-Q3,8046.7
Q,MIO_EUR,NSA,S13,TE,LU,2022-Q4,10641.9
Q,MIO_EUR,NSA,S13,TE,LU,2023-Q1,8811.7
Q,MIO_EUR,NSA,S13,TE,LU,2023-Q2,8743
Q,MIO_EUR,NSA,S13,TE,LU,2023-Q3,8693.6
Q,MIO_EUR,NSA,S13,TE,LU,2023-Q4,11853.1
Q,MIO_EUR,NSA,S13,TE,LU,2024-Q1,8863.4
Q,MIO_EUR,NSA,S13,TE,LU,2024-Q2,9355.7
Q,MIO_EUR,NSA,S13,TE,LU,2024-Q3,9405.8
Q,MIO_EUR,NSA,S13,TE,LU,2024-Q4,12754.8
Q,MIO_EUR,NSA,S13,TE,LU,2025-Q1,9593.9
Q,MIO_EUR,NSA,S13,TE,LU,2025-Q2,10128.8
Q,MIO_EUR,NSA,S13,TE,LU,2025-Q3,10349.6
Q,MIO_EUR,NSA,S13,TE,LU,2025-Q4,13860.7
Q,MIO_EUR,NSA,S13,TE,LU,2026-Q1,10674.6
Q,MIO_EUR,NSA,S13,TE,HU,1995-Q1,
Q,MIO_EUR,NSA,S13,TE,HU,1995-Q2,
Q,MIO_EUR,NSA,S13,TE,HU,1995-Q3,
Q,MIO_EUR,NSA,S13,TE,HU,1995-Q4,
Q,MIO_EUR,NSA,S13,TE,HU,1996-Q1,
Q,MIO_EUR,NSA,S13,TE,HU,1996-Q2,
Q,MIO_EUR,NSA,S13,TE,HU,1996-Q3,
Q,MIO_EUR,NSA,S13,TE,HU,1996-Q4,
Q,MIO_EUR,NSA,S13,TE,HU,1997-Q1,
Q,MIO_EUR,NSA,S13,TE,HU,1997-Q2,
Q,MIO_EUR,NSA,S13,TE,HU,1997-Q3,
Q,MIO_EUR,NSA,S13,TE,HU,1997-Q4,
Q,MIO_EUR,NSA,S13,TE,HU,1998-Q1,
Q,MIO_EUR,NSA,S13,TE,HU,1998-Q2,
Q,MIO_EUR,NSA,S13,TE,HU,1998-Q3,
Q,MIO_EUR,NSA,S13,TE,HU,1998-Q4,
Q,MIO_EUR,NSA,S13,TE,HU,1999-Q1,5172.9
Q,MIO_EUR,NSA,S13,TE,HU,1999-Q2,5340.5
Q,MIO_EUR,NSA,S13,TE,HU,1999-Q3,5444.7
Q,MIO_EUR,NSA,S13,TE,HU,1999-Q4,6597.3
Q,MIO_EUR,NSA,S13,TE,HU,2000-Q1,5475.6
Q,MIO_EUR,NSA,S13,TE,HU,2000-Q2,5571.8
Q,MIO_EUR,NSA,S13,TE,HU,2000-Q3,5779.8
Q,MIO_EUR,NSA,S13,TE,HU,2000-Q4,7400.7
Q,MIO_EUR,NSA,S13,TE,HU,2001-Q1,5908.7
Q,MIO_EUR,NSA,S13,TE,HU,2001-Q2,6473.4
Q,MIO_EUR,NSA,S13,TE,HU,2001-Q3,6839.5
Q,MIO_EUR,NSA,S13,TE,HU,2001-Q4,9215.1
Q,MIO_EUR,NSA,S13,TE,HU,2002-Q1,7897.5
Q,MIO_EUR,NSA,S13,TE,HU,2002-Q2,8221.9
Q,MIO_EUR,NSA,S13,TE,HU,2002-Q3,8501.9
Q,MIO_EUR,NSA,S13,TE,HU,2002-Q4,12025.2
Q,MIO_EUR,NSA,S13,TE,HU,2003-Q1,8682.2
Q,MIO_EUR,NSA,S13,TE,HU,2003-Q2,8832.3
Q,MIO_EUR,NSA,S13,TE,HU,2003-Q3,8595.9
Q,MIO_EUR,NSA,S13,TE,HU,2003-Q4,10905
Q,MIO_EUR,NSA,S13,TE,HU,2004-Q1,8941.7
Q,MIO_EUR,NSA,S13,TE,HU,2004-Q2,10249.2
Q,MIO_EUR,NSA,S13,TE,HU,2004-Q3,10225.1
Q,MIO_EUR,NSA,S13,TE,HU,2004-Q4,11514.6
Q,MIO_EUR,NSA,S13,TE,HU,2005-Q1,11225.4
Q,MIO_EUR,NSA,S13,TE,HU,2005-Q2,10750.5
Q,MIO_EUR,NSA,S13,TE,HU,2005-Q3,10694.7
Q,MIO_EUR,NSA,S13,TE,HU,2005-Q4,12237.8
Q,MIO_EUR,NSA,S13,TE,HU,2006-Q1,12234.6
Q,MIO_EUR,NSA,S13,TE,HU,2006-Q2,11106.7
Q,MIO_EUR,NSA,S13,TE,HU,2006-Q3,10540.9
Q,MIO_EUR,NSA,S13,TE,HU,2006-Q4,13533.6
Q,MIO_EUR,NSA,S13,TE,HU,2007-Q1,12560.4
Q,MIO_EUR,NSA,S13,TE,HU,2007-Q2,11808.3
Q,MIO_EUR,NSA,S13,TE,HU,2007-Q3,12253
Q,MIO_EUR,NSA,S13,TE,HU,2007-Q4,14428.1
Q,MIO_EUR,NSA,S13,TE,HU,2008-Q1,11999.3
Q,MIO_EUR,NSA,S13,TE,HU,2008-Q2,12775.5
Q,MIO_EUR,NSA,S13,TE,HU,2008-Q3,13126.4
Q,MIO_EUR,NSA,S13,TE,HU,2008-Q4,14823.8
Q,MIO_EUR,NSA,S13,TE,HU,2009-Q1,11042.6
Q,MIO_EUR,NSA,S13,TE,HU,2009-Q2,11634.9
Q,MIO_EUR,NSA,S13,TE,HU,2009-Q3,11957.7
Q,MIO_EUR,NSA,S13,TE,HU,2009-Q4,13257.1
Q,MIO_EUR,NSA,S13,TE,HU,2010-Q1,12109.9
Q,MIO_EUR,NSA,S13,TE,HU,2010-Q2,12330.7
Q,MIO_EUR,NSA,S13,TE,HU,2010-Q3,11400.8
Q,MIO_EUR,NSA,S13,TE,HU,2010-Q4,12892.8
Q,MIO_EUR,NSA,S13,TE,HU,2011-Q1,12087.2
Q,MIO_EUR,NSA,S13,TE,HU,2011-Q2,12478.8
Q,MIO_EUR,NSA,S13,TE,HU,2011-Q3,13013.2
Q,MIO_EUR,NSA,S13,TE,HU,2011-Q4,12533.6
Q,MIO_EUR,NSA,S13,TE,HU,2012-Q1,11159
Q,MIO_EUR,NSA,S13,TE,HU,2012-Q2,11892.1
Q,MIO_EUR,NSA,S13,TE,HU,2012-Q3,12226.3
Q,MIO_EUR,NSA,S13,TE,HU,2012-Q4,14025.4
Q,MIO_EUR,NSA,S13,TE,HU,2013-Q1,12014.7
Q,MIO_EUR,NSA,S13,TE,HU,2013-Q2,12698.5
Q,MIO_EUR,NSA,S13,TE,HU,2013-Q3,12513.3
Q,MIO_EUR,NSA,S13,TE,HU,2013-Q4,13960.1
Q,MIO_EUR,NSA,S13,TE,HU,2014-Q1,12008.6
Q,MIO_EUR,NSA,S13,TE,HU,2014-Q2,13125.6
Q,MIO_EUR,NSA,S13,TE,HU,2014-Q3,12838.1
Q,MIO_EUR,NSA,S13,TE,HU,2014-Q4,15223.4
Q,MIO_EUR,NSA,S13,TE,HU,2015-Q1,13048.7
Q,MIO_EUR,NSA,S13,TE,HU,2015-Q2,13717.8
Q,MIO_EUR,NSA,S13,TE,HU,2015-Q3,13076.7
Q,MIO_EUR,NSA,S13,TE,HU,2015-Q4,16968.8
Q,MIO_EUR,NSA,S13,TE,HU,2016-Q1,11787
Q,MIO_EUR,NSA,S13,TE,HU,2016-Q2,12854.4
Q,MIO_EUR,NSA,S13,TE,HU,2016-Q3,12720.8
Q,MIO_EUR,NSA,S13,TE,HU,2016-Q4,17074.9
Q,MIO_EUR,NSA,S13,TE,HU,2017-Q1,12101.3
Q,MIO_EUR,NSA,S13,TE,HU,2017-Q2,14178.4
Q,MIO_EUR,NSA,S13,TE,HU,2017-Q3,14891.8
Q,MIO_EUR,NSA,S13,TE,HU,2017-Q4,18144
Q,MIO_EUR,NSA,S13,TE,HU,2018-Q1,14143.4
Q,MIO_EUR,NSA,S13,TE,HU,2018-Q2,15255.2
Q,MIO_EUR,NSA,S13,TE,HU,2018-Q3,15034
Q,MIO_EUR,NSA,S13,TE,HU,2018-Q4,18236.7
Q,MIO_EUR,NSA,S13,TE,HU,2019-Q1,14582.9
Q,MIO_EUR,NSA,S13,TE,HU,2019-Q2,16419
Q,MIO_EUR,NSA,S13,TE,HU,2019-Q3,16582.7
Q,MIO_EUR,NSA,S13,TE,HU,2019-Q4,19881.7
Q,MIO_EUR,NSA,S13,TE,HU,2020-Q1,14940.7
Q,MIO_EUR,NSA,S13,TE,HU,2020-Q2,17100.9
Q,MIO_EUR,NSA,S13,TE,HU,2020-Q3,16357.2
Q,MIO_EUR,NSA,S13,TE,HU,2020-Q4,22315.1
Q,MIO_EUR,NSA,S13,TE,HU,2021-Q1,16346.1
Q,MIO_EUR,NSA,S13,TE,HU,2021-Q2,17240.2
Q,MIO_EUR,NSA,S13,TE,HU,2021-Q3,17719.4
Q,MIO_EUR,NSA,S13,TE,HU,2021-Q4,23135.9
Q,MIO_EUR,NSA,S13,TE,HU,2022-Q1,19666.8
Q,MIO_EUR,NSA,S13,TE,HU,2022-Q2,18923.2
Q,MIO_EUR,NSA,S13,TE,HU,2022-Q3,19291.2
Q,MIO_EUR,NSA,S13,TE,HU,2022-Q4,24586.1
Q,MIO_EUR,NSA,S13,TE,HU,2023-Q1,22943.1
Q,MIO_EUR,NSA,S13,TE,HU,2023-Q2,23847.5
Q,MIO_EUR,NSA,S13,TE,HU,2023-Q3,22482
Q,MIO_EUR,NSA,S13,TE,HU,2023-Q4,28758.4
Q,MIO_EUR,NSA,S13,TE,HU,2024-Q1,23397.6
Q,MIO_EUR,NSA,S13,TE,HU,2024-Q2,24330.7
Q,MIO_EUR,NSA,S13,TE,HU,2024-Q3,23337.4
Q,MIO_EUR,NSA,S13,TE,HU,2024-Q4,26407.9
Q,MIO_EUR,NSA,S13,TE,HU,2025-Q1,23750.4
Q,MIO_EUR,NSA,S13,TE,HU,2025-Q2,24350.6
Q,MIO_EUR,NSA,S13,TE,HU,2025-Q3,24933.1
Q,MIO_EUR,NSA,S13,TE,HU,2025-Q4,30563.7
Q,MIO_EUR,NSA,S13,TE,HU,2026-Q1,29720.6
Q,MIO_EUR,NSA,S13,TE,MT,1995-Q1,
Q,MIO_EUR,NSA,S13,TE,MT,1995-Q2,
Q,MIO_EUR,NSA,S13,TE,MT,1995-Q3,
Q,MIO_EUR,NSA,S13,TE,MT,1995-Q4,
Q,MIO_EUR,NSA,S13,TE,MT,1996-Q1,
Q,MIO_EUR,NSA,S13,TE,MT,1996-Q2,
Q,MIO_EUR,NSA,S13,TE,MT,1996-Q3,
Q,MIO_EUR,NSA,S13,TE,MT,1996-Q4,
Q,MIO_EUR,NSA,S13,TE,MT,1997-Q1,
Q,MIO_EUR,NSA,S13,TE,MT,1997-Q2,
Q,MIO_EUR,NSA,S13,TE,MT,1997-Q3,
Q,MIO_EUR,NSA,S13,TE,MT,1997-Q4,
Q,MIO_EUR,NSA,S13,TE,MT,1998-Q1,
Q,MIO_EUR,NSA,S13,TE,MT,1998-Q2,
Q,MIO_EUR,NSA,S13,TE,MT,1998-Q3,
Q,MIO_EUR,NSA,S13,TE,MT,1998-Q4,
Q,MIO_EUR,NSA,S13,TE,MT,1999-Q1,364.1
Q,MIO_EUR,NSA,S13,TE,MT,1999-Q2,395.4
Q,MIO_EUR,NSA,S13,TE,MT,1999-Q3,389.5
Q,MIO_EUR,NSA,S13,TE,MT,1999-Q4,455.7
Q,MIO_EUR,NSA,S13,TE,MT,2000-Q1,443.6
Q,MIO_EUR,NSA,S13,TE,MT,2000-Q2,406.2
Q,MIO_EUR,NSA,S13,TE,MT,2000-Q3,429.3
Q,MIO_EUR,NSA,S13,TE,MT,2000-Q4,489.1
Q,MIO_EUR,NSA,S13,TE,MT,2001-Q1,441
Q,MIO_EUR,NSA,S13,TE,MT,2001-Q2,473.8
Q,MIO_EUR,NSA,S13,TE,MT,2001-Q3,446.4
Q,MIO_EUR,NSA,S13,TE,MT,2001-Q4,533.9
Q,MIO_EUR,NSA,S13,TE,MT,2002-Q1,489.8
Q,MIO_EUR,NSA,S13,TE,MT,2002-Q2,516.6
Q,MIO_EUR,NSA,S13,TE,MT,2002-Q3,469.8
Q,MIO_EUR,NSA,S13,TE,MT,2002-Q4,486.1
Q,MIO_EUR,NSA,S13,TE,MT,2003-Q1,505.2
Q,MIO_EUR,NSA,S13,TE,MT,2003-Q2,530.9
Q,MIO_EUR,NSA,S13,TE,MT,2003-Q3,464.6
Q,MIO_EUR,NSA,S13,TE,MT,2003-Q4,668.9
Q,MIO_EUR,NSA,S13,TE,MT,2004-Q1,504
Q,MIO_EUR,NSA,S13,TE,MT,2004-Q2,518.8
Q,MIO_EUR,NSA,S13,TE,MT,2004-Q3,499
Q,MIO_EUR,NSA,S13,TE,MT,2004-Q4,534.3
Q,MIO_EUR,NSA,S13,TE,MT,2005-Q1,525.3
Q,MIO_EUR,NSA,S13,TE,MT,2005-Q2,566.9
Q,MIO_EUR,NSA,S13,TE,MT,2005-Q3,523.9
Q,MIO_EUR,NSA,S13,TE,MT,2005-Q4,571
Q,MIO_EUR,NSA,S13,TE,MT,2006-Q1,543.5
Q,MIO_EUR,NSA,S13,TE,MT,2006-Q2,541.4
Q,MIO_EUR,NSA,S13,TE,MT,2006-Q3,571.7
Q,MIO_EUR,NSA,S13,TE,MT,2006-Q4,629.3
Q,MIO_EUR,NSA,S13,TE,MT,2007-Q1,569.7
Q,MIO_EUR,NSA,S13,TE,MT,2007-Q2,572.3
Q,MIO_EUR,NSA,S13,TE,MT,2007-Q3,554.6
Q,MIO_EUR,NSA,S13,TE,MT,2007-Q4,681.9
Q,MIO_EUR,NSA,S13,TE,MT,2008-Q1,674
Q,MIO_EUR,NSA,S13,TE,MT,2008-Q2,639.3
Q,MIO_EUR,NSA,S13,TE,MT,2008-Q3,634.1
Q,MIO_EUR,NSA,S13,TE,MT,2008-Q4,679.7
Q,MIO_EUR,NSA,S13,TE,MT,2009-Q1,616.6
Q,MIO_EUR,NSA,S13,TE,MT,2009-Q2,661.4
Q,MIO_EUR,NSA,S13,TE,MT,2009-Q3,623.7
Q,MIO_EUR,NSA,S13,TE,MT,2009-Q4,685.6
Q,MIO_EUR,NSA,S13,TE,MT,2010-Q1,643.7
Q,MIO_EUR,NSA,S13,TE,MT,2010-Q2,695.8
Q,MIO_EUR,NSA,S13,TE,MT,2010-Q3,643.4
Q,MIO_EUR,NSA,S13,TE,MT,2010-Q4,766.3
Q,MIO_EUR,NSA,S13,TE,MT,2011-Q1,702.7
Q,MIO_EUR,NSA,S13,TE,MT,2011-Q2,705.6
Q,MIO_EUR,NSA,S13,TE,MT,2011-Q3,734.4
Q,MIO_EUR,NSA,S13,TE,MT,2011-Q4,775.5
Q,MIO_EUR,NSA,S13,TE,MT,2012-Q1,756.6
Q,MIO_EUR,NSA,S13,TE,MT,2012-Q2,776.4
Q,MIO_EUR,NSA,S13,TE,MT,2012-Q3,735.5
Q,MIO_EUR,NSA,S13,TE,MT,2012-Q4,849.5
Q,MIO_EUR,NSA,S13,TE,MT,2013-Q1,806.1
Q,MIO_EUR,NSA,S13,TE,MT,2013-Q2,778.3
Q,MIO_EUR,NSA,S13,TE,MT,2013-Q3,803.6
Q,MIO_EUR,NSA,S13,TE,MT,2013-Q4,870.2
Q,MIO_EUR,NSA,S13,TE,MT,2014-Q1,842.7
Q,MIO_EUR,NSA,S13,TE,MT,2014-Q2,877.8
Q,MIO_EUR,NSA,S13,TE,MT,2014-Q3,841.7
Q,MIO_EUR,NSA,S13,TE,MT,2014-Q4,978.9
Q,MIO_EUR,NSA,S13,TE,MT,2015-Q1,937.3
Q,MIO_EUR,NSA,S13,TE,MT,2015-Q2,933.2
Q,MIO_EUR,NSA,S13,TE,MT,2015-Q3,914.6
Q,MIO_EUR,NSA,S13,TE,MT,2015-Q4,1083.3
Q,MIO_EUR,NSA,S13,TE,MT,2016-Q1,928.8
Q,MIO_EUR,NSA,S13,TE,MT,2016-Q2,902.4
Q,MIO_EUR,NSA,S13,TE,MT,2016-Q3,962.9
Q,MIO_EUR,NSA,S13,TE,MT,2016-Q4,1058
Q,MIO_EUR,NSA,S13,TE,MT,2017-Q1,956.1
Q,MIO_EUR,NSA,S13,TE,MT,2017-Q2,1039.8
Q,MIO_EUR,NSA,S13,TE,MT,2017-Q3,1031.9
Q,MIO_EUR,NSA,S13,TE,MT,2017-Q4,1072.2
Q,MIO_EUR,NSA,S13,TE,MT,2018-Q1,1086.9
Q,MIO_EUR,NSA,S13,TE,MT,2018-Q2,1107.4
Q,MIO_EUR,NSA,S13,TE,MT,2018-Q3,1148.7
Q,MIO_EUR,NSA,S13,TE,MT,2018-Q4,1373.1
Q,MIO_EUR,NSA,S13,TE,MT,2019-Q1,1229.1
Q,MIO_EUR,NSA,S13,TE,MT,2019-Q2,1297.3
Q,MIO_EUR,NSA,S13,TE,MT,2019-Q3,1206.3
Q,MIO_EUR,NSA,S13,TE,MT,2019-Q4,1354.1
Q,MIO_EUR,NSA,S13,TE,MT,2020-Q1,1309.7
Q,MIO_EUR,NSA,S13,TE,MT,2020-Q2,1588.1
Q,MIO_EUR,NSA,S13,TE,MT,2020-Q3,1486.8
Q,MIO_EUR,NSA,S13,TE,MT,2020-Q4,1649
Q,MIO_EUR,NSA,S13,TE,MT,2021-Q1,1505.8
Q,MIO_EUR,NSA,S13,TE,MT,2021-Q2,1602.2
Q,MIO_EUR,NSA,S13,TE,MT,2021-Q3,1618
Q,MIO_EUR,NSA,S13,TE,MT,2021-Q4,1834.3
Q,MIO_EUR,NSA,S13,TE,MT,2022-Q1,1667.5
Q,MIO_EUR,NSA,S13,TE,MT,2022-Q2,1583.6
Q,MIO_EUR,NSA,S13,TE,MT,2022-Q3,1661.5
Q,MIO_EUR,NSA,S13,TE,MT,2022-Q4,1991
Q,MIO_EUR,NSA,S13,TE,MT,2023-Q1,1680.9
Q,MIO_EUR,NSA,S13,TE,MT,2023-Q2,1744.4
Q,MIO_EUR,NSA,S13,TE,MT,2023-Q3,1728.8
Q,MIO_EUR,NSA,S13,TE,MT,2023-Q4,2333.1
Q,MIO_EUR,NSA,S13,TE,MT,2024-Q1,1799.2
Q,MIO_EUR,NSA,S13,TE,MT,2024-Q2,1958.1
Q,MIO_EUR,NSA,S13,TE,MT,2024-Q3,2004.9
Q,MIO_EUR,NSA,S13,TE,MT,2024-Q4,2849.3
Q,MIO_EUR,NSA,S13,TE,MT,2025-Q1,2045
Q,MIO_EUR,NSA,S13,TE,MT,2025-Q2,2214.1
Q,MIO_EUR,NSA,S13,TE,MT,2025-Q3,2147
Q,MIO_EUR,NSA,S13,TE,MT,2025-Q4,2692.8
Q,MIO_EUR,NSA,S13,TE,MT,2026-Q1,2341.3
Q,MIO_EUR,NSA,S13,TE,NL,1995-Q1,
Q,MIO_EUR,NSA,S13,TE,NL,1995-Q2,
Q,MIO_EUR,NSA,S13,TE,NL,1995-Q3,
Q,MIO_EUR,NSA,S13,TE,NL,1995-Q4,
Q,MIO_EUR,NSA,S13,TE,NL,1996-Q1,
Q,MIO_EUR,NSA,S13,TE,NL,1996-Q2,
Q,MIO_EUR,NSA,S13,TE,NL,1996-Q3,
Q,MIO_EUR,NSA,S13,TE,NL,1996-Q4,
Q,MIO_EUR,NSA,S13,TE,NL,1997-Q1,
Q,MIO_EUR,NSA,S13,TE,NL,1997-Q2,
Q,MIO_EUR,NSA,S13,TE,NL,1997-Q3,
Q,MIO_EUR,NSA,S13,TE,NL,1997-Q4,
Q,MIO_EUR,NSA,S13,TE,NL,1998-Q1,
Q,MIO_EUR,NSA,S13,TE,NL,1998-Q2,
Q,MIO_EUR,NSA,S13,TE,NL,1998-Q3,
Q,MIO_EUR,NSA,S13,TE,NL,1998-Q4,
Q,MIO_EUR,NSA,S13,TE,NL,1999-Q1,44825
Q,MIO_EUR,NSA,S13,TE,NL,1999-Q2,48591
Q,MIO_EUR,NSA,S13,TE,NL,1999-Q3,44186
Q,MIO_EUR,NSA,S13,TE,NL,1999-Q4,48420
Q,MIO_EUR,NSA,S13,TE,NL,2000-Q1,46969
Q,MIO_EUR,NSA,S13,TE,NL,2000-Q2,50950
Q,MIO_EUR,NSA,S13,TE,NL,2000-Q3,46096
Q,MIO_EUR,NSA,S13,TE,NL,2000-Q4,51378
Q,MIO_EUR,NSA,S13,TE,NL,2001-Q1,50961
Q,MIO_EUR,NSA,S13,TE,NL,2001-Q2,55328
Q,MIO_EUR,NSA,S13,TE,NL,2001-Q3,50741
Q,MIO_EUR,NSA,S13,TE,NL,2001-Q4,55828
Q,MIO_EUR,NSA,S13,TE,NL,2002-Q1,53936
Q,MIO_EUR,NSA,S13,TE,NL,2002-Q2,58892
Q,MIO_EUR,NSA,S13,TE,NL,2002-Q3,53585
Q,MIO_EUR,NSA,S13,TE,NL,2002-Q4,58792
Q,MIO_EUR,NSA,S13,TE,NL,2003-Q1,56607
Q,MIO_EUR,NSA,S13,TE,NL,2003-Q2,61371
Q,MIO_EUR,NSA,S13,TE,NL,2003-Q3,56501
Q,MIO_EUR,NSA,S13,TE,NL,2003-Q4,61099
Q,MIO_EUR,NSA,S13,TE,NL,2004-Q1,57321
Q,MIO_EUR,NSA,S13,TE,NL,2004-Q2,61767
Q,MIO_EUR,NSA,S13,TE,NL,2004-Q3,56423
Q,MIO_EUR,NSA,S13,TE,NL,2004-Q4,61959
Q,MIO_EUR,NSA,S13,TE,NL,2005-Q1,56865
Q,MIO_EUR,NSA,S13,TE,NL,2005-Q2,61993
Q,MIO_EUR,NSA,S13,TE,NL,2005-Q3,56935
Q,MIO_EUR,NSA,S13,TE,NL,2005-Q4,64374
Q,MIO_EUR,NSA,S13,TE,NL,2006-Q1,61673
Q,MIO_EUR,NSA,S13,TE,NL,2006-Q2,66846
Q,MIO_EUR,NSA,S13,TE,NL,2006-Q3,61738
Q,MIO_EUR,NSA,S13,TE,NL,2006-Q4,68104
Q,MIO_EUR,NSA,S13,TE,NL,2007-Q1,64786
Q,MIO_EUR,NSA,S13,TE,NL,2007-Q2,69779
Q,MIO_EUR,NSA,S13,TE,NL,2007-Q3,64044
Q,MIO_EUR,NSA,S13,TE,NL,2007-Q4,70980
Q,MIO_EUR,NSA,S13,TE,NL,2008-Q1,70421
Q,MIO_EUR,NSA,S13,TE,NL,2008-Q2,74438
Q,MIO_EUR,NSA,S13,TE,NL,2008-Q3,67520
Q,MIO_EUR,NSA,S13,TE,NL,2008-Q4,75983
Q,MIO_EUR,NSA,S13,TE,NL,2009-Q1,74011
Q,MIO_EUR,NSA,S13,TE,NL,2009-Q2,76755
Q,MIO_EUR,NSA,S13,TE,NL,2009-Q3,74095
Q,MIO_EUR,NSA,S13,TE,NL,2009-Q4,80343
Q,MIO_EUR,NSA,S13,TE,NL,2010-Q1,75984
Q,MIO_EUR,NSA,S13,TE,NL,2010-Q2,81941
Q,MIO_EUR,NSA,S13,TE,NL,2010-Q3,75141
Q,MIO_EUR,NSA,S13,TE,NL,2010-Q4,81117
Q,MIO_EUR,NSA,S13,TE,NL,2011-Q1,76497
Q,MIO_EUR,NSA,S13,TE,NL,2011-Q2,81599
Q,MIO_EUR,NSA,S13,TE,NL,2011-Q3,75078
Q,MIO_EUR,NSA,S13,TE,NL,2011-Q4,80346
Q,MIO_EUR,NSA,S13,TE,NL,2012-Q1,75343
Q,MIO_EUR,NSA,S13,TE,NL,2012-Q2,82041
Q,MIO_EUR,NSA,S13,TE,NL,2012-Q3,75585
Q,MIO_EUR,NSA,S13,TE,NL,2012-Q4,80620
Q,MIO_EUR,NSA,S13,TE,NL,2013-Q1,76956
Q,MIO_EUR,NSA,S13,TE,NL,2013-Q2,82363
Q,MIO_EUR,NSA,S13,TE,NL,2013-Q3,76436
Q,MIO_EUR,NSA,S13,TE,NL,2013-Q4,80675
Q,MIO_EUR,NSA,S13,TE,NL,2014-Q1,77572
Q,MIO_EUR,NSA,S13,TE,NL,2014-Q2,83322
Q,MIO_EUR,NSA,S13,TE,NL,2014-Q3,75440
Q,MIO_EUR,NSA,S13,TE,NL,2014-Q4,80880
Q,MIO_EUR,NSA,S13,TE,NL,2015-Q1,77458
Q,MIO_EUR,NSA,S13,TE,NL,2015-Q2,82958
Q,MIO_EUR,NSA,S13,TE,NL,2015-Q3,75572
Q,MIO_EUR,NSA,S13,TE,NL,2015-Q4,80336
Q,MIO_EUR,NSA,S13,TE,NL,2016-Q1,77255
Q,MIO_EUR,NSA,S13,TE,NL,2016-Q2,83418
Q,MIO_EUR,NSA,S13,TE,NL,2016-Q3,76615
Q,MIO_EUR,NSA,S13,TE,NL,2016-Q4,78837
Q,MIO_EUR,NSA,S13,TE,NL,2017-Q1,77717
Q,MIO_EUR,NSA,S13,TE,NL,2017-Q2,84104
Q,MIO_EUR,NSA,S13,TE,NL,2017-Q3,77370
Q,MIO_EUR,NSA,S13,TE,NL,2017-Q4,81737
Q,MIO_EUR,NSA,S13,TE,NL,2018-Q1,79944
Q,MIO_EUR,NSA,S13,TE,NL,2018-Q2,86972
Q,MIO_EUR,NSA,S13,TE,NL,2018-Q3,80304
Q,MIO_EUR,NSA,S13,TE,NL,2018-Q4,86923
Q,MIO_EUR,NSA,S13,TE,NL,2019-Q1,84878
Q,MIO_EUR,NSA,S13,TE,NL,2019-Q2,90440
Q,MIO_EUR,NSA,S13,TE,NL,2019-Q3,85055
Q,MIO_EUR,NSA,S13,TE,NL,2019-Q4,89084
Q,MIO_EUR,NSA,S13,TE,NL,2020-Q1,88735
Q,MIO_EUR,NSA,S13,TE,NL,2020-Q2,104464
Q,MIO_EUR,NSA,S13,TE,NL,2020-Q3,93064
Q,MIO_EUR,NSA,S13,TE,NL,2020-Q4,104057
Q,MIO_EUR,NSA,S13,TE,NL,2021-Q1,99111
Q,MIO_EUR,NSA,S13,TE,NL,2021-Q2,105411
Q,MIO_EUR,NSA,S13,TE,NL,2021-Q3,97268
Q,MIO_EUR,NSA,S13,TE,NL,2021-Q4,107461
Q,MIO_EUR,NSA,S13,TE,NL,2022-Q1,99372
Q,MIO_EUR,NSA,S13,TE,NL,2022-Q2,107929
Q,MIO_EUR,NSA,S13,TE,NL,2022-Q3,106170
Q,MIO_EUR,NSA,S13,TE,NL,2022-Q4,116509
Q,MIO_EUR,NSA,S13,TE,NL,2023-Q1,108517
Q,MIO_EUR,NSA,S13,TE,NL,2023-Q2,119879
Q,MIO_EUR,NSA,S13,TE,NL,2023-Q3,112451
Q,MIO_EUR,NSA,S13,TE,NL,2023-Q4,121322
Q,MIO_EUR,NSA,S13,TE,NL,2024-Q1,114314
Q,MIO_EUR,NSA,S13,TE,NL,2024-Q2,129504
Q,MIO_EUR,NSA,S13,TE,NL,2024-Q3,120968
Q,MIO_EUR,NSA,S13,TE,NL,2024-Q4,132691
Q,MIO_EUR,NSA,S13,TE,NL,2025-Q1,124663
Q,MIO_EUR,NSA,S13,TE,NL,2025-Q2,135061
Q,MIO_EUR,NSA,S13,TE,NL,2025-Q3,128700
Q,MIO_EUR,NSA,S13,TE,NL,2025-Q4,140666
Q,MIO_EUR,NSA,S13,TE,NL,2026-Q1,131026
Q,MIO_EUR,NSA,S13,TE,AT,1995-Q1,
Q,MIO_EUR,NSA,S13,TE,AT,1995-Q2,
Q,MIO_EUR,NSA,S13,TE,AT,1995-Q3,
Q,MIO_EUR,NSA,S13,TE,AT,1995-Q4,
Q,MIO_EUR,NSA,S13,TE,AT,1996-Q1,
Q,MIO_EUR,NSA,S13,TE,AT,1996-Q2,
Q,MIO_EUR,NSA,S13,TE,AT,1996-Q3,
Q,MIO_EUR,NSA,S13,TE,AT,1996-Q4,
Q,MIO_EUR,NSA,S13,TE,AT,1997-Q1,
Q,MIO_EUR,NSA,S13,TE,AT,1997-Q2,
Q,MIO_EUR,NSA,S13,TE,AT,1997-Q3,
Q,MIO_EUR,NSA,S13,TE,AT,1997-Q4,
Q,MIO_EUR,NSA,S13,TE,AT,1998-Q1,
Q,MIO_EUR,NSA,S13,TE,AT,1998-Q2,
Q,MIO_EUR,NSA,S13,TE,AT,1998-Q3,
Q,MIO_EUR,NSA,S13,TE,AT,1998-Q4,
Q,MIO_EUR,NSA,S13,TE,AT,1999-Q1,
Q,MIO_EUR,NSA,S13,TE,AT,1999-Q2,
Q,MIO_EUR,NSA,S13,TE,AT,1999-Q3,
Q,MIO_EUR,NSA,S13,TE,AT,1999-Q4,
Q,MIO_EUR,NSA,S13,TE,AT,2000-Q1,
Q,MIO_EUR,NSA,S13,TE,AT,2000-Q2,
Q,MIO_EUR,NSA,S13,TE,AT,2000-Q3,
Q,MIO_EUR,NSA,S13,TE,AT,2000-Q4,
Q,MIO_EUR,NSA,S13,TE,AT,2001-Q1,26391.6
Q,MIO_EUR,NSA,S13,TE,AT,2001-Q2,27899.2
Q,MIO_EUR,NSA,S13,TE,AT,2001-Q3,27529.2
Q,MIO_EUR,NSA,S13,TE,AT,2001-Q4,31849.2
Q,MIO_EUR,NSA,S13,TE,AT,2002-Q1,27235.1
Q,MIO_EUR,NSA,S13,TE,AT,2002-Q2,28312.2
Q,MIO_EUR,NSA,S13,TE,AT,2002-Q3,28167.9
Q,MIO_EUR,NSA,S13,TE,AT,2002-Q4,32456.6
Q,MIO_EUR,NSA,S13,TE,AT,2003-Q1,28099.4
Q,MIO_EUR,NSA,S13,TE,AT,2003-Q2,29330.8
Q,MIO_EUR,NSA,S13,TE,AT,2003-Q3,30205
Q,MIO_EUR,NSA,S13,TE,AT,2003-Q4,31699.2
Q,MIO_EUR,NSA,S13,TE,AT,2004-Q1,28953.1
Q,MIO_EUR,NSA,S13,TE,AT,2004-Q2,31641.4
Q,MIO_EUR,NSA,S13,TE,AT,2004-Q3,30691.9
Q,MIO_EUR,NSA,S13,TE,AT,2004-Q4,39367.4
Q,MIO_EUR,NSA,S13,TE,AT,2005-Q1,30441.4
Q,MIO_EUR,NSA,S13,TE,AT,2005-Q2,33416.1
Q,MIO_EUR,NSA,S13,TE,AT,2005-Q3,32014.1
Q,MIO_EUR,NSA,S13,TE,AT,2005-Q4,34527.2
Q,MIO_EUR,NSA,S13,TE,AT,2006-Q1,31667.1
Q,MIO_EUR,NSA,S13,TE,AT,2006-Q2,33822.8
Q,MIO_EUR,NSA,S13,TE,AT,2006-Q3,32732.6
Q,MIO_EUR,NSA,S13,TE,AT,2006-Q4,37190.6
Q,MIO_EUR,NSA,S13,TE,AT,2007-Q1,32419
Q,MIO_EUR,NSA,S13,TE,AT,2007-Q2,34977.9
Q,MIO_EUR,NSA,S13,TE,AT,2007-Q3,35017.5
Q,MIO_EUR,NSA,S13,TE,AT,2007-Q4,37898.8
Q,MIO_EUR,NSA,S13,TE,AT,2008-Q1,34014.3
Q,MIO_EUR,NSA,S13,TE,AT,2008-Q2,36317
Q,MIO_EUR,NSA,S13,TE,AT,2008-Q3,35403
Q,MIO_EUR,NSA,S13,TE,AT,2008-Q4,41368.9
Q,MIO_EUR,NSA,S13,TE,AT,2009-Q1,35216.2
Q,MIO_EUR,NSA,S13,TE,AT,2009-Q2,37895.1
Q,MIO_EUR,NSA,S13,TE,AT,2009-Q3,38243.1
Q,MIO_EUR,NSA,S13,TE,AT,2009-Q4,44943.8
Q,MIO_EUR,NSA,S13,TE,AT,2010-Q1,37136.6
Q,MIO_EUR,NSA,S13,TE,AT,2010-Q2,39123.5
Q,MIO_EUR,NSA,S13,TE,AT,2010-Q3,38456.9
Q,MIO_EUR,NSA,S13,TE,AT,2010-Q4,42179.5
Q,MIO_EUR,NSA,S13,TE,AT,2011-Q1,36876
Q,MIO_EUR,NSA,S13,TE,AT,2011-Q2,39568.5
Q,MIO_EUR,NSA,S13,TE,AT,2011-Q3,37298.6
Q,MIO_EUR,NSA,S13,TE,AT,2011-Q4,44472
Q,MIO_EUR,NSA,S13,TE,AT,2012-Q1,38458.4
Q,MIO_EUR,NSA,S13,TE,AT,2012-Q2,41707.5
Q,MIO_EUR,NSA,S13,TE,AT,2012-Q3,38434.6
Q,MIO_EUR,NSA,S13,TE,AT,2012-Q4,45245.8
Q,MIO_EUR,NSA,S13,TE,AT,2013-Q1,39824.5
Q,MIO_EUR,NSA,S13,TE,AT,2013-Q2,41976.7
Q,MIO_EUR,NSA,S13,TE,AT,2013-Q3,39828.2
Q,MIO_EUR,NSA,S13,TE,AT,2013-Q4,46763.7
Q,MIO_EUR,NSA,S13,TE,AT,2014-Q1,40735.6
Q,MIO_EUR,NSA,S13,TE,AT,2014-Q2,43726.4
Q,MIO_EUR,NSA,S13,TE,AT,2014-Q3,39843.5
Q,MIO_EUR,NSA,S13,TE,AT,2014-Q4,48661.4
Q,MIO_EUR,NSA,S13,TE,AT,2015-Q1,41970.4
Q,MIO_EUR,NSA,S13,TE,AT,2015-Q2,44070.5
Q,MIO_EUR,NSA,S13,TE,AT,2015-Q3,40722.1
Q,MIO_EUR,NSA,S13,TE,AT,2015-Q4,48438
Q,MIO_EUR,NSA,S13,TE,AT,2016-Q1,42031.9
Q,MIO_EUR,NSA,S13,TE,AT,2016-Q2,44781.4
Q,MIO_EUR,NSA,S13,TE,AT,2016-Q3,42398.9
Q,MIO_EUR,NSA,S13,TE,AT,2016-Q4,50896.1
Q,MIO_EUR,NSA,S13,TE,AT,2017-Q1,42243.8
Q,MIO_EUR,NSA,S13,TE,AT,2017-Q2,47055.1
Q,MIO_EUR,NSA,S13,TE,AT,2017-Q3,42677.3
Q,MIO_EUR,NSA,S13,TE,AT,2017-Q4,51014
Q,MIO_EUR,NSA,S13,TE,AT,2018-Q1,43086.5
Q,MIO_EUR,NSA,S13,TE,AT,2018-Q2,47698.1
Q,MIO_EUR,NSA,S13,TE,AT,2018-Q3,44429
Q,MIO_EUR,NSA,S13,TE,AT,2018-Q4,53309.9
Q,MIO_EUR,NSA,S13,TE,AT,2019-Q1,45129.1
Q,MIO_EUR,NSA,S13,TE,AT,2019-Q2,49014.7
Q,MIO_EUR,NSA,S13,TE,AT,2019-Q3,46027.5
Q,MIO_EUR,NSA,S13,TE,AT,2019-Q4,54017.5
Q,MIO_EUR,NSA,S13,TE,AT,2020-Q1,45732.3
Q,MIO_EUR,NSA,S13,TE,AT,2020-Q2,56482
Q,MIO_EUR,NSA,S13,TE,AT,2020-Q3,50460.7
Q,MIO_EUR,NSA,S13,TE,AT,2020-Q4,65295.9
Q,MIO_EUR,NSA,S13,TE,AT,2021-Q1,56278.1
Q,MIO_EUR,NSA,S13,TE,AT,2021-Q2,58727.5
Q,MIO_EUR,NSA,S13,TE,AT,2021-Q3,51291.6
Q,MIO_EUR,NSA,S13,TE,AT,2021-Q4,61300.2
Q,MIO_EUR,NSA,S13,TE,AT,2022-Q1,55903.2
Q,MIO_EUR,NSA,S13,TE,AT,2022-Q2,57421
Q,MIO_EUR,NSA,S13,TE,AT,2022-Q3,58207.6
Q,MIO_EUR,NSA,S13,TE,AT,2022-Q4,66483.6
Q,MIO_EUR,NSA,S13,TE,AT,2023-Q1,57649.4
Q,MIO_EUR,NSA,S13,TE,AT,2023-Q2,62829.5
Q,MIO_EUR,NSA,S13,TE,AT,2023-Q3,59871.4
Q,MIO_EUR,NSA,S13,TE,AT,2023-Q4,69619.6
Q,MIO_EUR,NSA,S13,TE,AT,2024-Q1,62497.2
Q,MIO_EUR,NSA,S13,TE,AT,2024-Q2,68847
Q,MIO_EUR,NSA,S13,TE,AT,2024-Q3,65730.4
Q,MIO_EUR,NSA,S13,TE,AT,2024-Q4,76116.8
Q,MIO_EUR,NSA,S13,TE,AT,2025-Q1,66291.4
Q,MIO_EUR,NSA,S13,TE,AT,2025-Q2,71795.9
Q,MIO_EUR,NSA,S13,TE,AT,2025-Q3,67167.9
Q,MIO_EUR,NSA,S13,TE,AT,2025-Q4,77751.4
Q,MIO_EUR,NSA,S13,TE,AT,2026-Q1,67781.4
Q,MIO_EUR,NSA,S13,TE,PL,1995-Q1,
Q,MIO_EUR,NSA,S13,TE,PL,1995-Q2,
Q,MIO_EUR,NSA,S13,TE,PL,1995-Q3,
Q,MIO_EUR,NSA,S13,TE,PL,1995-Q4,
Q,MIO_EUR,NSA,S13,TE,PL,1996-Q1,
Q,MIO_EUR,NSA,S13,TE,PL,1996-Q2,
Q,MIO_EUR,NSA,S13,TE,PL,1996-Q3,
Q,MIO_EUR,NSA,S13,TE,PL,1996-Q4,
Q,MIO_EUR,NSA,S13,TE,PL,1997-Q1,
Q,MIO_EUR,NSA,S13,TE,PL,1997-Q2,
Q,MIO_EUR,NSA,S13,TE,PL,1997-Q3,
Q,MIO_EUR,NSA,S13,TE,PL,1997-Q4,
Q,MIO_EUR,NSA,S13,TE,PL,1998-Q1,
Q,MIO_EUR,NSA,S13,TE,PL,1998-Q2,
Q,MIO_EUR,NSA,S13,TE,PL,1998-Q3,
Q,MIO_EUR,NSA,S13,TE,PL,1998-Q4,
Q,MIO_EUR,NSA,S13,TE,PL,1999-Q1,16445
Q,MIO_EUR,NSA,S13,TE,PL,1999-Q2,17028.1
Q,MIO_EUR,NSA,S13,TE,PL,1999-Q3,17644
Q,MIO_EUR,NSA,S13,TE,PL,1999-Q4,18026.6
Q,MIO_EUR,NSA,S13,TE,PL,2000-Q1,19021.2
Q,MIO_EUR,NSA,S13,TE,PL,2000-Q2,19012.6
Q,MIO_EUR,NSA,S13,TE,PL,2000-Q3,19665.7
Q,MIO_EUR,NSA,S13,TE,PL,2000-Q4,22755.4
Q,MIO_EUR,NSA,S13,TE,PL,2001-Q1,22236
Q,MIO_EUR,NSA,S13,TE,PL,2001-Q2,25275.5
Q,MIO_EUR,NSA,S13,TE,PL,2001-Q3,22677
Q,MIO_EUR,NSA,S13,TE,PL,2001-Q4,25415.7
Q,MIO_EUR,NSA,S13,TE,PL,2002-Q1,24243.5
Q,MIO_EUR,NSA,S13,TE,PL,2002-Q2,24985.5
Q,MIO_EUR,NSA,S13,TE,PL,2002-Q3,22142
Q,MIO_EUR,NSA,S13,TE,PL,2002-Q4,24048.2
Q,MIO_EUR,NSA,S13,TE,PL,2003-Q1,22144.5
Q,MIO_EUR,NSA,S13,TE,PL,2003-Q2,22379.7
Q,MIO_EUR,NSA,S13,TE,PL,2003-Q3,21270.7
Q,MIO_EUR,NSA,S13,TE,PL,2003-Q4,22058.3
Q,MIO_EUR,NSA,S13,TE,PL,2004-Q1,19943.1
Q,MIO_EUR,NSA,S13,TE,PL,2004-Q2,21245
Q,MIO_EUR,NSA,S13,TE,PL,2004-Q3,22661
Q,MIO_EUR,NSA,S13,TE,PL,2004-Q4,26077.2
Q,MIO_EUR,NSA,S13,TE,PL,2005-Q1,25548.9
Q,MIO_EUR,NSA,S13,TE,PL,2005-Q2,26115.8
Q,MIO_EUR,NSA,S13,TE,PL,2005-Q3,26531.4
Q,MIO_EUR,NSA,S13,TE,PL,2005-Q4,30859
Q,MIO_EUR,NSA,S13,TE,PL,2006-Q1,28511.2
Q,MIO_EUR,NSA,S13,TE,PL,2006-Q2,29728.1
Q,MIO_EUR,NSA,S13,TE,PL,2006-Q3,29903
Q,MIO_EUR,NSA,S13,TE,PL,2006-Q4,33914.7
Q,MIO_EUR,NSA,S13,TE,PL,2007-Q1,30774
Q,MIO_EUR,NSA,S13,TE,PL,2007-Q2,33178.2
Q,MIO_EUR,NSA,S13,TE,PL,2007-Q3,33027.2
Q,MIO_EUR,NSA,S13,TE,PL,2007-Q4,37887.8
Q,MIO_EUR,NSA,S13,TE,PL,2008-Q1,35448.5
Q,MIO_EUR,NSA,S13,TE,PL,2008-Q2,40209.5
Q,MIO_EUR,NSA,S13,TE,PL,2008-Q3,41499.5
Q,MIO_EUR,NSA,S13,TE,PL,2008-Q4,44367.4
Q,MIO_EUR,NSA,S13,TE,PL,2009-Q1,32046.2
Q,MIO_EUR,NSA,S13,TE,PL,2009-Q2,33553
Q,MIO_EUR,NSA,S13,TE,PL,2009-Q3,34603.4
Q,MIO_EUR,NSA,S13,TE,PL,2009-Q4,42853.7
Q,MIO_EUR,NSA,S13,TE,PL,2010-Q1,37110.3
Q,MIO_EUR,NSA,S13,TE,PL,2010-Q2,40044.9
Q,MIO_EUR,NSA,S13,TE,PL,2010-Q3,39679.8
Q,MIO_EUR,NSA,S13,TE,PL,2010-Q4,49225.3
Q,MIO_EUR,NSA,S13,TE,PL,2011-Q1,40169.8
Q,MIO_EUR,NSA,S13,TE,PL,2011-Q2,41354.3
Q,MIO_EUR,NSA,S13,TE,PL,2011-Q3,39561.4
Q,MIO_EUR,NSA,S13,TE,PL,2011-Q4,46018.9
Q,MIO_EUR,NSA,S13,TE,PL,2012-Q1,39352.7
Q,MIO_EUR,NSA,S13,TE,PL,2012-Q2,39507.7
Q,MIO_EUR,NSA,S13,TE,PL,2012-Q3,41141
Q,MIO_EUR,NSA,S13,TE,PL,2012-Q4,47487.1
Q,MIO_EUR,NSA,S13,TE,PL,2013-Q1,39863.3
Q,MIO_EUR,NSA,S13,TE,PL,2013-Q2,41333.6
Q,MIO_EUR,NSA,S13,TE,PL,2013-Q3,40467.2
Q,MIO_EUR,NSA,S13,TE,PL,2013-Q4,46971.2
Q,MIO_EUR,NSA,S13,TE,PL,2014-Q1,39625.1
Q,MIO_EUR,NSA,S13,TE,PL,2014-Q2,42449.5
Q,MIO_EUR,NSA,S13,TE,PL,2014-Q3,42996.4
Q,MIO_EUR,NSA,S13,TE,PL,2014-Q4,49341.2
Q,MIO_EUR,NSA,S13,TE,PL,2015-Q1,40752
Q,MIO_EUR,NSA,S13,TE,PL,2015-Q2,43530.6
Q,MIO_EUR,NSA,S13,TE,PL,2015-Q3,43896.9
Q,MIO_EUR,NSA,S13,TE,PL,2015-Q4,51189.1
Q,MIO_EUR,NSA,S13,TE,PL,2016-Q1,39053.8
Q,MIO_EUR,NSA,S13,TE,PL,2016-Q2,42733.7
Q,MIO_EUR,NSA,S13,TE,PL,2016-Q3,43750.2
Q,MIO_EUR,NSA,S13,TE,PL,2016-Q4,50002.1
Q,MIO_EUR,NSA,S13,TE,PL,2017-Q1,42242.4
Q,MIO_EUR,NSA,S13,TE,PL,2017-Q2,46684.4
Q,MIO_EUR,NSA,S13,TE,PL,2017-Q3,47818.7
Q,MIO_EUR,NSA,S13,TE,PL,2017-Q4,56339.6
Q,MIO_EUR,NSA,S13,TE,PL,2018-Q1,46822.3
Q,MIO_EUR,NSA,S13,TE,PL,2018-Q2,48704.4
Q,MIO_EUR,NSA,S13,TE,PL,2018-Q3,50658
Q,MIO_EUR,NSA,S13,TE,PL,2018-Q4,60501.9
Q,MIO_EUR,NSA,S13,TE,PL,2019-Q1,48546.1
Q,MIO_EUR,NSA,S13,TE,PL,2019-Q2,53841.4
Q,MIO_EUR,NSA,S13,TE,PL,2019-Q3,54768.2
Q,MIO_EUR,NSA,S13,TE,PL,2019-Q4,65915.2
Q,MIO_EUR,NSA,S13,TE,PL,2020-Q1,53034.6
Q,MIO_EUR,NSA,S13,TE,PL,2020-Q2,71846.9
Q,MIO_EUR,NSA,S13,TE,PL,2020-Q3,60322.4
Q,MIO_EUR,NSA,S13,TE,PL,2020-Q4,68187.8
Q,MIO_EUR,NSA,S13,TE,PL,2021-Q1,56646.9
Q,MIO_EUR,NSA,S13,TE,PL,2021-Q2,61426.8
Q,MIO_EUR,NSA,S13,TE,PL,2021-Q3,59640.8
Q,MIO_EUR,NSA,S13,TE,PL,2021-Q4,76134.3
Q,MIO_EUR,NSA,S13,TE,PL,2022-Q1,59083.9
Q,MIO_EUR,NSA,S13,TE,PL,2022-Q2,68410.3
Q,MIO_EUR,NSA,S13,TE,PL,2022-Q3,69580.9
Q,MIO_EUR,NSA,S13,TE,PL,2022-Q4,88815.6
Q,MIO_EUR,NSA,S13,TE,PL,2023-Q1,68820.8
Q,MIO_EUR,NSA,S13,TE,PL,2023-Q2,85161.6
Q,MIO_EUR,NSA,S13,TE,PL,2023-Q3,90039.6
Q,MIO_EUR,NSA,S13,TE,PL,2023-Q4,109707.7
Q,MIO_EUR,NSA,S13,TE,PL,2024-Q1,88910.5
Q,MIO_EUR,NSA,S13,TE,PL,2024-Q2,102228.9
Q,MIO_EUR,NSA,S13,TE,PL,2024-Q3,103353.7
Q,MIO_EUR,NSA,S13,TE,PL,2024-Q4,125119.3
Q,MIO_EUR,NSA,S13,TE,PL,2025-Q1,101543.7
Q,MIO_EUR,NSA,S13,TE,PL,2025-Q2,113487
Q,MIO_EUR,NSA,S13,TE,PL,2025-Q3,115693.3
Q,MIO_EUR,NSA,S13,TE,PL,2025-Q4,138539.3
Q,MIO_EUR,NSA,S13,TE,PL,2026-Q1,108610.2
Q,MIO_EUR,NSA,S13,TE,PT,1995-Q1,
Q,MIO_EUR,NSA,S13,TE,PT,1995-Q2,
Q,MIO_EUR,NSA,S13,TE,PT,1995-Q3,
Q,MIO_EUR,NSA,S13,TE,PT,1995-Q4,
Q,MIO_EUR,NSA,S13,TE,PT,1996-Q1,
Q,MIO_EUR,NSA,S13,TE,PT,1996-Q2,
Q,MIO_EUR,NSA,S13,TE,PT,1996-Q3,
Q,MIO_EUR,NSA,S13,TE,PT,1996-Q4,
Q,MIO_EUR,NSA,S13,TE,PT,1997-Q1,
Q,MIO_EUR,NSA,S13,TE,PT,1997-Q2,
Q,MIO_EUR,NSA,S13,TE,PT,1997-Q3,
Q,MIO_EUR,NSA,S13,TE,PT,1997-Q4,
Q,MIO_EUR,NSA,S13,TE,PT,1998-Q1,
Q,MIO_EUR,NSA,S13,TE,PT,1998-Q2,
Q,MIO_EUR,NSA,S13,TE,PT,1998-Q3,
Q,MIO_EUR,NSA,S13,TE,PT,1998-Q4,
Q,MIO_EUR,NSA,S13,TE,PT,1999-Q1,10538.5
Q,MIO_EUR,NSA,S13,TE,PT,1999-Q2,12315.7
Q,MIO_EUR,NSA,S13,TE,PT,1999-Q3,11948.5
Q,MIO_EUR,NSA,S13,TE,PT,1999-Q4,16119.4
Q,MIO_EUR,NSA,S13,TE,PT,2000-Q1,11381.5
Q,MIO_EUR,NSA,S13,TE,PT,2000-Q2,13101.9
Q,MIO_EUR,NSA,S13,TE,PT,2000-Q3,13275.9
Q,MIO_EUR,NSA,S13,TE,PT,2000-Q4,17015.3
Q,MIO_EUR,NSA,S13,TE,PT,2001-Q1,11889.8
Q,MIO_EUR,NSA,S13,TE,PT,2001-Q2,14586.6
Q,MIO_EUR,NSA,S13,TE,PT,2001-Q3,14454.7
Q,MIO_EUR,NSA,S13,TE,PT,2001-Q4,18983.7
Q,MIO_EUR,NSA,S13,TE,PT,2002-Q1,13247.8
Q,MIO_EUR,NSA,S13,TE,PT,2002-Q2,15328.4
Q,MIO_EUR,NSA,S13,TE,PT,2002-Q3,16416.7
Q,MIO_EUR,NSA,S13,TE,PT,2002-Q4,17360.1
Q,MIO_EUR,NSA,S13,TE,PT,2003-Q1,14264.9
Q,MIO_EUR,NSA,S13,TE,PT,2003-Q2,16139.8
Q,MIO_EUR,NSA,S13,TE,PT,2003-Q3,16271.1
Q,MIO_EUR,NSA,S13,TE,PT,2003-Q4,19675.7
Q,MIO_EUR,NSA,S13,TE,PT,2004-Q1,14970
Q,MIO_EUR,NSA,S13,TE,PT,2004-Q2,17394.5
Q,MIO_EUR,NSA,S13,TE,PT,2004-Q3,16649.9
Q,MIO_EUR,NSA,S13,TE,PT,2004-Q4,21434
Q,MIO_EUR,NSA,S13,TE,PT,2005-Q1,16112.1
Q,MIO_EUR,NSA,S13,TE,PT,2005-Q2,17844.9
Q,MIO_EUR,NSA,S13,TE,PT,2005-Q3,18023.6
Q,MIO_EUR,NSA,S13,TE,PT,2005-Q4,22190.6
Q,MIO_EUR,NSA,S13,TE,PT,2006-Q1,16381.6
Q,MIO_EUR,NSA,S13,TE,PT,2006-Q2,18721.9
Q,MIO_EUR,NSA,S13,TE,PT,2006-Q3,17706.4
Q,MIO_EUR,NSA,S13,TE,PT,2006-Q4,22409.8
Q,MIO_EUR,NSA,S13,TE,PT,2007-Q1,17259.1
Q,MIO_EUR,NSA,S13,TE,PT,2007-Q2,19224.4
Q,MIO_EUR,NSA,S13,TE,PT,2007-Q3,18660.6
Q,MIO_EUR,NSA,S13,TE,PT,2007-Q4,22964.6
Q,MIO_EUR,NSA,S13,TE,PT,2008-Q1,17703
Q,MIO_EUR,NSA,S13,TE,PT,2008-Q2,19201
Q,MIO_EUR,NSA,S13,TE,PT,2008-Q3,20850.2
Q,MIO_EUR,NSA,S13,TE,PT,2008-Q4,23711.6
Q,MIO_EUR,NSA,S13,TE,PT,2009-Q1,19233.5
Q,MIO_EUR,NSA,S13,TE,PT,2009-Q2,21192.2
Q,MIO_EUR,NSA,S13,TE,PT,2009-Q3,21888.3
Q,MIO_EUR,NSA,S13,TE,PT,2009-Q4,25845.8
Q,MIO_EUR,NSA,S13,TE,PT,2010-Q1,19279.6
Q,MIO_EUR,NSA,S13,TE,PT,2010-Q2,22567.4
Q,MIO_EUR,NSA,S13,TE,PT,2010-Q3,21643.9
Q,MIO_EUR,NSA,S13,TE,PT,2010-Q4,29833.6
Q,MIO_EUR,NSA,S13,TE,PT,2011-Q1,19378.8
Q,MIO_EUR,NSA,S13,TE,PT,2011-Q2,21819.5
Q,MIO_EUR,NSA,S13,TE,PT,2011-Q3,20728.1
Q,MIO_EUR,NSA,S13,TE,PT,2011-Q4,26281.1
Q,MIO_EUR,NSA,S13,TE,PT,2012-Q1,19471.2
Q,MIO_EUR,NSA,S13,TE,PT,2012-Q2,20517.7
Q,MIO_EUR,NSA,S13,TE,PT,2012-Q3,20031
Q,MIO_EUR,NSA,S13,TE,PT,2012-Q4,22284.2
Q,MIO_EUR,NSA,S13,TE,PT,2013-Q1,20426.1
Q,MIO_EUR,NSA,S13,TE,PT,2013-Q2,20186.6
Q,MIO_EUR,NSA,S13,TE,PT,2013-Q3,21122.2
Q,MIO_EUR,NSA,S13,TE,PT,2013-Q4,23529.3
Q,MIO_EUR,NSA,S13,TE,PT,2014-Q1,19250.9
Q,MIO_EUR,NSA,S13,TE,PT,2014-Q2,21794.3
Q,MIO_EUR,NSA,S13,TE,PT,2014-Q3,26705.9
Q,MIO_EUR,NSA,S13,TE,PT,2014-Q4,21797.5
Q,MIO_EUR,NSA,S13,TE,PT,2015-Q1,19814.2
Q,MIO_EUR,NSA,S13,TE,PT,2015-Q2,20947.5
Q,MIO_EUR,NSA,S13,TE,PT,2015-Q3,21681.9
Q,MIO_EUR,NSA,S13,TE,PT,2015-Q4,24233.8
Q,MIO_EUR,NSA,S13,TE,PT,2016-Q1,19199.6
Q,MIO_EUR,NSA,S13,TE,PT,2016-Q2,20646.4
Q,MIO_EUR,NSA,S13,TE,PT,2016-Q3,21909.8
Q,MIO_EUR,NSA,S13,TE,PT,2016-Q4,21865.2
Q,MIO_EUR,NSA,S13,TE,PT,2017-Q1,23259.7
Q,MIO_EUR,NSA,S13,TE,PT,2017-Q2,20627.4
Q,MIO_EUR,NSA,S13,TE,PT,2017-Q3,21837
Q,MIO_EUR,NSA,S13,TE,PT,2017-Q4,23205
Q,MIO_EUR,NSA,S13,TE,PT,2018-Q1,19381.4
Q,MIO_EUR,NSA,S13,TE,PT,2018-Q2,21717.9
Q,MIO_EUR,NSA,S13,TE,PT,2018-Q3,22150
Q,MIO_EUR,NSA,S13,TE,PT,2018-Q4,25476.6
Q,MIO_EUR,NSA,S13,TE,PT,2019-Q1,19839.4
Q,MIO_EUR,NSA,S13,TE,PT,2019-Q2,22352.9
Q,MIO_EUR,NSA,S13,TE,PT,2019-Q3,23189.1
Q,MIO_EUR,NSA,S13,TE,PT,2019-Q4,25735.7
Q,MIO_EUR,NSA,S13,TE,PT,2020-Q1,20483.9
Q,MIO_EUR,NSA,S13,TE,PT,2020-Q2,24088
Q,MIO_EUR,NSA,S13,TE,PT,2020-Q3,25267.2
Q,MIO_EUR,NSA,S13,TE,PT,2020-Q4,28914.4
Q,MIO_EUR,NSA,S13,TE,PT,2021-Q1,22791.7
Q,MIO_EUR,NSA,S13,TE,PT,2021-Q2,25376.7
Q,MIO_EUR,NSA,S13,TE,PT,2021-Q3,25134.7
Q,MIO_EUR,NSA,S13,TE,PT,2021-Q4,29192.1
Q,MIO_EUR,NSA,S13,TE,PT,2022-Q1,22598.2
Q,MIO_EUR,NSA,S13,TE,PT,2022-Q2,24210
Q,MIO_EUR,NSA,S13,TE,PT,2022-Q3,26021.4
Q,MIO_EUR,NSA,S13,TE,PT,2022-Q4,34204
Q,MIO_EUR,NSA,S13,TE,PT,2023-Q1,23552.3
Q,MIO_EUR,NSA,S13,TE,PT,2023-Q2,26616.3
Q,MIO_EUR,NSA,S13,TE,PT,2023-Q3,28206.1
Q,MIO_EUR,NSA,S13,TE,PT,2023-Q4,35266.2
Q,MIO_EUR,NSA,S13,TE,PT,2024-Q1,26016.2
Q,MIO_EUR,NSA,S13,TE,PT,2024-Q2,28770.3
Q,MIO_EUR,NSA,S13,TE,PT,2024-Q3,30884.8
Q,MIO_EUR,NSA,S13,TE,PT,2024-Q4,37134.1
Q,MIO_EUR,NSA,S13,TE,PT,2025-Q1,27804.2
Q,MIO_EUR,NSA,S13,TE,PT,2025-Q2,30479.7
Q,MIO_EUR,NSA,S13,TE,PT,2025-Q3,34307.4
Q,MIO_EUR,NSA,S13,TE,PT,2025-Q4,38350.1
Q,MIO_EUR,NSA,S13,TE,PT,2026-Q1,30005.2
Q,MIO_EUR,NSA,S13,TE,RO,1995-Q1,2101.1
Q,MIO_EUR,NSA,S13,TE,RO,1995-Q2,4293.6
Q,MIO_EUR,NSA,S13,TE,RO,1995-Q3,1151.5
Q,MIO_EUR,NSA,S13,TE,RO,1995-Q4,2324.6
Q,MIO_EUR,NSA,S13,TE,RO,1996-Q1,2031.1
Q,MIO_EUR,NSA,S13,TE,RO,1996-Q2,2229.8
Q,MIO_EUR,NSA,S13,TE,RO,1996-Q3,2407.7
Q,MIO_EUR,NSA,S13,TE,RO,1996-Q4,2863.7
Q,MIO_EUR,NSA,S13,TE,RO,1997-Q1,1777.3
Q,MIO_EUR,NSA,S13,TE,RO,1997-Q2,2359.4
Q,MIO_EUR,NSA,S13,TE,RO,1997-Q3,2906.2
Q,MIO_EUR,NSA,S13,TE,RO,1997-Q4,3699.8
Q,MIO_EUR,NSA,S13,TE,RO,1998-Q1,2934.1
Q,MIO_EUR,NSA,S13,TE,RO,1998-Q2,3315.1
Q,MIO_EUR,NSA,S13,TE,RO,1998-Q3,3487.4
Q,MIO_EUR,NSA,S13,TE,RO,1998-Q4,3424.9
Q,MIO_EUR,NSA,S13,TE,RO,1999-Q1,2910.6
Q,MIO_EUR,NSA,S13,TE,RO,1999-Q2,2972.4
Q,MIO_EUR,NSA,S13,TE,RO,1999-Q3,3505.1
Q,MIO_EUR,NSA,S13,TE,RO,1999-Q4,3755.1
Q,MIO_EUR,NSA,S13,TE,RO,2000-Q1,3201.3
Q,MIO_EUR,NSA,S13,TE,RO,2000-Q2,3897.7
Q,MIO_EUR,NSA,S13,TE,RO,2000-Q3,3767.8
Q,MIO_EUR,NSA,S13,TE,RO,2000-Q4,4656
Q,MIO_EUR,NSA,S13,TE,RO,2001-Q1,3665.3
Q,MIO_EUR,NSA,S13,TE,RO,2001-Q2,4290.2
Q,MIO_EUR,NSA,S13,TE,RO,2001-Q3,3847.5
Q,MIO_EUR,NSA,S13,TE,RO,2001-Q4,4558.9
Q,MIO_EUR,NSA,S13,TE,RO,2002-Q1,4085.7
Q,MIO_EUR,NSA,S13,TE,RO,2002-Q2,4179.3
Q,MIO_EUR,NSA,S13,TE,RO,2002-Q3,4013.6
Q,MIO_EUR,NSA,S13,TE,RO,2002-Q4,4691.3
Q,MIO_EUR,NSA,S13,TE,RO,2003-Q1,3908.6
Q,MIO_EUR,NSA,S13,TE,RO,2003-Q2,4036.3
Q,MIO_EUR,NSA,S13,TE,RO,2003-Q3,4768.2
Q,MIO_EUR,NSA,S13,TE,RO,2003-Q4,4787.2
Q,MIO_EUR,NSA,S13,TE,RO,2004-Q1,4592
Q,MIO_EUR,NSA,S13,TE,RO,2004-Q2,5083.6
Q,MIO_EUR,NSA,S13,TE,RO,2004-Q3,4738.9
Q,MIO_EUR,NSA,S13,TE,RO,2004-Q4,6021.8
Q,MIO_EUR,NSA,S13,TE,RO,2005-Q1,5714.6
Q,MIO_EUR,NSA,S13,TE,RO,2005-Q2,6593.1
Q,MIO_EUR,NSA,S13,TE,RO,2005-Q3,6945.3
Q,MIO_EUR,NSA,S13,TE,RO,2005-Q4,7303.8
Q,MIO_EUR,NSA,S13,TE,RO,2006-Q1,6524.4
Q,MIO_EUR,NSA,S13,TE,RO,2006-Q2,6734.2
Q,MIO_EUR,NSA,S13,TE,RO,2006-Q3,7725.7
Q,MIO_EUR,NSA,S13,TE,RO,2006-Q4,13759.8
Q,MIO_EUR,NSA,S13,TE,RO,2007-Q1,9452
Q,MIO_EUR,NSA,S13,TE,RO,2007-Q2,10643.6
Q,MIO_EUR,NSA,S13,TE,RO,2007-Q3,11115.4
Q,MIO_EUR,NSA,S13,TE,RO,2007-Q4,16497.8
Q,MIO_EUR,NSA,S13,TE,RO,2008-Q1,12083.1
Q,MIO_EUR,NSA,S13,TE,RO,2008-Q2,13224.7
Q,MIO_EUR,NSA,S13,TE,RO,2008-Q3,13586.4
Q,MIO_EUR,NSA,S13,TE,RO,2008-Q4,16280.5
Q,MIO_EUR,NSA,S13,TE,RO,2009-Q1,11576.4
Q,MIO_EUR,NSA,S13,TE,RO,2009-Q2,12446.5
Q,MIO_EUR,NSA,S13,TE,RO,2009-Q3,12466.1
Q,MIO_EUR,NSA,S13,TE,RO,2009-Q4,13283.6
Q,MIO_EUR,NSA,S13,TE,RO,2010-Q1,12065.7
Q,MIO_EUR,NSA,S13,TE,RO,2010-Q2,12796.7
Q,MIO_EUR,NSA,S13,TE,RO,2010-Q3,11740.6
Q,MIO_EUR,NSA,S13,TE,RO,2010-Q4,13886.7
Q,MIO_EUR,NSA,S13,TE,RO,2011-Q1,11629.4
Q,MIO_EUR,NSA,S13,TE,RO,2011-Q2,12440.8
Q,MIO_EUR,NSA,S13,TE,RO,2011-Q3,12280.2
Q,MIO_EUR,NSA,S13,TE,RO,2011-Q4,16124.6
Q,MIO_EUR,NSA,S13,TE,RO,2012-Q1,11752.5
Q,MIO_EUR,NSA,S13,TE,RO,2012-Q2,12195.7
Q,MIO_EUR,NSA,S13,TE,RO,2012-Q3,11644.8
Q,MIO_EUR,NSA,S13,TE,RO,2012-Q4,14644.6
Q,MIO_EUR,NSA,S13,TE,RO,2013-Q1,11601.9
Q,MIO_EUR,NSA,S13,TE,RO,2013-Q2,12505
Q,MIO_EUR,NSA,S13,TE,RO,2013-Q3,12322.2
Q,MIO_EUR,NSA,S13,TE,RO,2013-Q4,14743
Q,MIO_EUR,NSA,S13,TE,RO,2014-Q1,11451.4
Q,MIO_EUR,NSA,S13,TE,RO,2014-Q2,12688.5
Q,MIO_EUR,NSA,S13,TE,RO,2014-Q3,13057.8
Q,MIO_EUR,NSA,S13,TE,RO,2014-Q4,16383.4
Q,MIO_EUR,NSA,S13,TE,RO,2015-Q1,12161.4
Q,MIO_EUR,NSA,S13,TE,RO,2015-Q2,12860.2
Q,MIO_EUR,NSA,S13,TE,RO,2015-Q3,14412.4
Q,MIO_EUR,NSA,S13,TE,RO,2015-Q4,18072.2
Q,MIO_EUR,NSA,S13,TE,RO,2016-Q1,12389.7
Q,MIO_EUR,NSA,S13,TE,RO,2016-Q2,13671.1
Q,MIO_EUR,NSA,S13,TE,RO,2016-Q3,14303.4
Q,MIO_EUR,NSA,S13,TE,RO,2016-Q4,17892.1
Q,MIO_EUR,NSA,S13,TE,RO,2017-Q1,13390.2
Q,MIO_EUR,NSA,S13,TE,RO,2017-Q2,14731.6
Q,MIO_EUR,NSA,S13,TE,RO,2017-Q3,15396.6
Q,MIO_EUR,NSA,S13,TE,RO,2017-Q4,18973
Q,MIO_EUR,NSA,S13,TE,RO,2018-Q1,15498.3
Q,MIO_EUR,NSA,S13,TE,RO,2018-Q2,16156.5
Q,MIO_EUR,NSA,S13,TE,RO,2018-Q3,18011.1
Q,MIO_EUR,NSA,S13,TE,RO,2018-Q4,21115.1
Q,MIO_EUR,NSA,S13,TE,RO,2019-Q1,17170.1
Q,MIO_EUR,NSA,S13,TE,RO,2019-Q2,19850.1
Q,MIO_EUR,NSA,S13,TE,RO,2019-Q3,20228
Q,MIO_EUR,NSA,S13,TE,RO,2019-Q4,23785.3
Q,MIO_EUR,NSA,S13,TE,RO,2020-Q1,19534
Q,MIO_EUR,NSA,S13,TE,RO,2020-Q2,21521.4
Q,MIO_EUR,NSA,S13,TE,RO,2020-Q3,23128
Q,MIO_EUR,NSA,S13,TE,RO,2020-Q4,27444.8
Q,MIO_EUR,NSA,S13,TE,RO,2021-Q1,21023.7
Q,MIO_EUR,NSA,S13,TE,RO,2021-Q2,23204.4
Q,MIO_EUR,NSA,S13,TE,RO,2021-Q3,22466.2
Q,MIO_EUR,NSA,S13,TE,RO,2021-Q4,29580.5
Q,MIO_EUR,NSA,S13,TE,RO,2022-Q1,25706.1
Q,MIO_EUR,NSA,S13,TE,RO,2022-Q2,25726.2
Q,MIO_EUR,NSA,S13,TE,RO,2022-Q3,28539.7
Q,MIO_EUR,NSA,S13,TE,RO,2022-Q4,34947.8
Q,MIO_EUR,NSA,S13,TE,RO,2023-Q1,28119.2
Q,MIO_EUR,NSA,S13,TE,RO,2023-Q2,31749.7
Q,MIO_EUR,NSA,S13,TE,RO,2023-Q3,30858
Q,MIO_EUR,NSA,S13,TE,RO,2023-Q4,41341.5
Q,MIO_EUR,NSA,S13,TE,RO,2024-Q1,33608.2
Q,MIO_EUR,NSA,S13,TE,RO,2024-Q2,36012.5
Q,MIO_EUR,NSA,S13,TE,RO,2024-Q3,37048.9
Q,MIO_EUR,NSA,S13,TE,RO,2024-Q4,46401.5
Q,MIO_EUR,NSA,S13,TE,RO,2025-Q1,36445.4
Q,MIO_EUR,NSA,S13,TE,RO,2025-Q2,39921.4
Q,MIO_EUR,NSA,S13,TE,RO,2025-Q3,38603.9
Q,MIO_EUR,NSA,S13,TE,RO,2025-Q4,49602.5
Q,MIO_EUR,NSA,S13,TE,RO,2026-Q1,35117.7
Q,MIO_EUR,NSA,S13,TE,SI,1995-Q1,
Q,MIO_EUR,NSA,S13,TE,SI,1995-Q2,
Q,MIO_EUR,NSA,S13,TE,SI,1995-Q3,
Q,MIO_EUR,NSA,S13,TE,SI,1995-Q4,
Q,MIO_EUR,NSA,S13,TE,SI,1996-Q1,
Q,MIO_EUR,NSA,S13,TE,SI,1996-Q2,
Q,MIO_EUR,NSA,S13,TE,SI,1996-Q3,
Q,MIO_EUR,NSA,S13,TE,SI,1996-Q4,
Q,MIO_EUR,NSA,S13,TE,SI,1997-Q1,
Q,MIO_EUR,NSA,S13,TE,SI,1997-Q2,
Q,MIO_EUR,NSA,S13,TE,SI,1997-Q3,
Q,MIO_EUR,NSA,S13,TE,SI,1997-Q4,
Q,MIO_EUR,NSA,S13,TE,SI,1998-Q1,
Q,MIO_EUR,NSA,S13,TE,SI,1998-Q2,
Q,MIO_EUR,NSA,S13,TE,SI,1998-Q3,
Q,MIO_EUR,NSA,S13,TE,SI,1998-Q4,
Q,MIO_EUR,NSA,S13,TE,SI,1999-Q1,2329.4
Q,MIO_EUR,NSA,S13,TE,SI,1999-Q2,2516.1
Q,MIO_EUR,NSA,S13,TE,SI,1999-Q3,2427.8
Q,MIO_EUR,NSA,S13,TE,SI,1999-Q4,2694.8
Q,MIO_EUR,NSA,S13,TE,SI,2000-Q1,2457.3
Q,MIO_EUR,NSA,S13,TE,SI,2000-Q2,2603.5
Q,MIO_EUR,NSA,S13,TE,SI,2000-Q3,2544.6
Q,MIO_EUR,NSA,S13,TE,SI,2000-Q4,2773.7
Q,MIO_EUR,NSA,S13,TE,SI,2001-Q1,2764.7
Q,MIO_EUR,NSA,S13,TE,SI,2001-Q2,2815
Q,MIO_EUR,NSA,S13,TE,SI,2001-Q3,2742.4
Q,MIO_EUR,NSA,S13,TE,SI,2001-Q4,2992.3
Q,MIO_EUR,NSA,S13,TE,SI,2002-Q1,2800.2
Q,MIO_EUR,NSA,S13,TE,SI,2002-Q2,2995.6
Q,MIO_EUR,NSA,S13,TE,SI,2002-Q3,2866.6
Q,MIO_EUR,NSA,S13,TE,SI,2002-Q4,3129.9
Q,MIO_EUR,NSA,S13,TE,SI,2003-Q1,2957.2
Q,MIO_EUR,NSA,S13,TE,SI,2003-Q2,3141.4
Q,MIO_EUR,NSA,S13,TE,SI,2003-Q3,3017.9
Q,MIO_EUR,NSA,S13,TE,SI,2003-Q4,3254.7
Q,MIO_EUR,NSA,S13,TE,SI,2004-Q1,3056.9
Q,MIO_EUR,NSA,S13,TE,SI,2004-Q2,3244.6
Q,MIO_EUR,NSA,S13,TE,SI,2004-Q3,3199.5
Q,MIO_EUR,NSA,S13,TE,SI,2004-Q4,3392.5
Q,MIO_EUR,NSA,S13,TE,SI,2005-Q1,3185.1
Q,MIO_EUR,NSA,S13,TE,SI,2005-Q2,3427.3
Q,MIO_EUR,NSA,S13,TE,SI,2005-Q3,3328.9
Q,MIO_EUR,NSA,S13,TE,SI,2005-Q4,3547.8
Q,MIO_EUR,NSA,S13,TE,SI,2006-Q1,3349.2
Q,MIO_EUR,NSA,S13,TE,SI,2006-Q2,3653
Q,MIO_EUR,NSA,S13,TE,SI,2006-Q3,3533
Q,MIO_EUR,NSA,S13,TE,SI,2006-Q4,3770.5
Q,MIO_EUR,NSA,S13,TE,SI,2007-Q1,3539.3
Q,MIO_EUR,NSA,S13,TE,SI,2007-Q2,3883.1
Q,MIO_EUR,NSA,S13,TE,SI,2007-Q3,3730.9
Q,MIO_EUR,NSA,S13,TE,SI,2007-Q4,4039.8
Q,MIO_EUR,NSA,S13,TE,SI,2008-Q1,3929.1
Q,MIO_EUR,NSA,S13,TE,SI,2008-Q2,4310.5
Q,MIO_EUR,NSA,S13,TE,SI,2008-Q3,4230
Q,MIO_EUR,NSA,S13,TE,SI,2008-Q4,4581.7
Q,MIO_EUR,NSA,S13,TE,SI,2009-Q1,4315.3
Q,MIO_EUR,NSA,S13,TE,SI,2009-Q2,4549.2
Q,MIO_EUR,NSA,S13,TE,SI,2009-Q3,4381.2
Q,MIO_EUR,NSA,S13,TE,SI,2009-Q4,4669.4
Q,MIO_EUR,NSA,S13,TE,SI,2010-Q1,4344.5
Q,MIO_EUR,NSA,S13,TE,SI,2010-Q2,4730.3
Q,MIO_EUR,NSA,S13,TE,SI,2010-Q3,4519.4
Q,MIO_EUR,NSA,S13,TE,SI,2010-Q4,4692
Q,MIO_EUR,NSA,S13,TE,SI,2011-Q1,4723.6
Q,MIO_EUR,NSA,S13,TE,SI,2011-Q2,4880.9
Q,MIO_EUR,NSA,S13,TE,SI,2011-Q3,4565.3
Q,MIO_EUR,NSA,S13,TE,SI,2011-Q4,4740.2
Q,MIO_EUR,NSA,S13,TE,SI,2012-Q1,4439.3
Q,MIO_EUR,NSA,S13,TE,SI,2012-Q2,4471.7
Q,MIO_EUR,NSA,S13,TE,SI,2012-Q3,4527.9
Q,MIO_EUR,NSA,S13,TE,SI,2012-Q4,4530.4
Q,MIO_EUR,NSA,S13,TE,SI,2013-Q1,4787.7
Q,MIO_EUR,NSA,S13,TE,SI,2013-Q2,4608.3
Q,MIO_EUR,NSA,S13,TE,SI,2013-Q3,4598.1
Q,MIO_EUR,NSA,S13,TE,SI,2013-Q4,6810.8
Q,MIO_EUR,NSA,S13,TE,SI,2014-Q1,4444.8
Q,MIO_EUR,NSA,S13,TE,SI,2014-Q2,4686.1
Q,MIO_EUR,NSA,S13,TE,SI,2014-Q3,4666.1
Q,MIO_EUR,NSA,S13,TE,SI,2014-Q4,5045.6
Q,MIO_EUR,NSA,S13,TE,SI,2015-Q1,4495.9
Q,MIO_EUR,NSA,S13,TE,SI,2015-Q2,4762.9
Q,MIO_EUR,NSA,S13,TE,SI,2015-Q3,4775.2
Q,MIO_EUR,NSA,S13,TE,SI,2015-Q4,5018.4
Q,MIO_EUR,NSA,S13,TE,SI,2016-Q1,4523.6
Q,MIO_EUR,NSA,S13,TE,SI,2016-Q2,4706
Q,MIO_EUR,NSA,S13,TE,SI,2016-Q3,4690.5
Q,MIO_EUR,NSA,S13,TE,SI,2016-Q4,4849.8
Q,MIO_EUR,NSA,S13,TE,SI,2017-Q1,4595.4
Q,MIO_EUR,NSA,S13,TE,SI,2017-Q2,4723.8
Q,MIO_EUR,NSA,S13,TE,SI,2017-Q3,4777.1
Q,MIO_EUR,NSA,S13,TE,SI,2017-Q4,4919.2
Q,MIO_EUR,NSA,S13,TE,SI,2018-Q1,4776.8
Q,MIO_EUR,NSA,S13,TE,SI,2018-Q2,4981.3
Q,MIO_EUR,NSA,S13,TE,SI,2018-Q3,5056.2
Q,MIO_EUR,NSA,S13,TE,SI,2018-Q4,5215.8
Q,MIO_EUR,NSA,S13,TE,SI,2019-Q1,5039.5
Q,MIO_EUR,NSA,S13,TE,SI,2019-Q2,5200.7
Q,MIO_EUR,NSA,S13,TE,SI,2019-Q3,5282.1
Q,MIO_EUR,NSA,S13,TE,SI,2019-Q4,5561.8
Q,MIO_EUR,NSA,S13,TE,SI,2020-Q1,5479.9
Q,MIO_EUR,NSA,S13,TE,SI,2020-Q2,6525.3
Q,MIO_EUR,NSA,S13,TE,SI,2020-Q3,5654.8
Q,MIO_EUR,NSA,S13,TE,SI,2020-Q4,6549.4
Q,MIO_EUR,NSA,S13,TE,SI,2021-Q1,6237.8
Q,MIO_EUR,NSA,S13,TE,SI,2021-Q2,6712
Q,MIO_EUR,NSA,S13,TE,SI,2021-Q3,6254.9
Q,MIO_EUR,NSA,S13,TE,SI,2021-Q4,6751
Q,MIO_EUR,NSA,S13,TE,SI,2022-Q1,6254.5
Q,MIO_EUR,NSA,S13,TE,SI,2022-Q2,6954.4
Q,MIO_EUR,NSA,S13,TE,SI,2022-Q3,6581.6
Q,MIO_EUR,NSA,S13,TE,SI,2022-Q4,7326
Q,MIO_EUR,NSA,S13,TE,SI,2023-Q1,6910
Q,MIO_EUR,NSA,S13,TE,SI,2023-Q2,7439.9
Q,MIO_EUR,NSA,S13,TE,SI,2023-Q3,7340.2
Q,MIO_EUR,NSA,S13,TE,SI,2023-Q4,8124.2
Q,MIO_EUR,NSA,S13,TE,SI,2024-Q1,7193.2
Q,MIO_EUR,NSA,S13,TE,SI,2024-Q2,8017.1
Q,MIO_EUR,NSA,S13,TE,SI,2024-Q3,7824.6
Q,MIO_EUR,NSA,S13,TE,SI,2024-Q4,8299.1
Q,MIO_EUR,NSA,S13,TE,SI,2025-Q1,8106.3
Q,MIO_EUR,NSA,S13,TE,SI,2025-Q2,8715.1
Q,MIO_EUR,NSA,S13,TE,SI,2025-Q3,8462.1
Q,MIO_EUR,NSA,S13,TE,SI,2025-Q4,9685.2
Q,MIO_EUR,NSA,S13,TE,SI,2026-Q1,8912.6
Q,MIO_EUR,NSA,S13,TE,SK,1995-Q1,
Q,MIO_EUR,NSA,S13,TE,SK,1995-Q2,
Q,MIO_EUR,NSA,S13,TE,SK,1995-Q3,
Q,MIO_EUR,NSA,S13,TE,SK,1995-Q4,
Q,MIO_EUR,NSA,S13,TE,SK,1996-Q1,
Q,MIO_EUR,NSA,S13,TE,SK,1996-Q2,
Q,MIO_EUR,NSA,S13,TE,SK,1996-Q3,
Q,MIO_EUR,NSA,S13,TE,SK,1996-Q4,
Q,MIO_EUR,NSA,S13,TE,SK,1997-Q1,
Q,MIO_EUR,NSA,S13,TE,SK,1997-Q2,
Q,MIO_EUR,NSA,S13,TE,SK,1997-Q3,
Q,MIO_EUR,NSA,S13,TE,SK,1997-Q4,
Q,MIO_EUR,NSA,S13,TE,SK,1998-Q1,
Q,MIO_EUR,NSA,S13,TE,SK,1998-Q2,
Q,MIO_EUR,NSA,S13,TE,SK,1998-Q3,
Q,MIO_EUR,NSA,S13,TE,SK,1998-Q4,
Q,MIO_EUR,NSA,S13,TE,SK,1999-Q1,2091.4
Q,MIO_EUR,NSA,S13,TE,SK,1999-Q2,2228.3
Q,MIO_EUR,NSA,S13,TE,SK,1999-Q3,2304.3
Q,MIO_EUR,NSA,S13,TE,SK,1999-Q4,2845.7
Q,MIO_EUR,NSA,S13,TE,SK,2000-Q1,2774.4
Q,MIO_EUR,NSA,S13,TE,SK,2000-Q2,3087.2
Q,MIO_EUR,NSA,S13,TE,SK,2000-Q3,3013.9
Q,MIO_EUR,NSA,S13,TE,SK,2000-Q4,3029.9
Q,MIO_EUR,NSA,S13,TE,SK,2001-Q1,2573.5
Q,MIO_EUR,NSA,S13,TE,SK,2001-Q2,2784.2
Q,MIO_EUR,NSA,S13,TE,SK,2001-Q3,2610.8
Q,MIO_EUR,NSA,S13,TE,SK,2001-Q4,3069.7
Q,MIO_EUR,NSA,S13,TE,SK,2002-Q1,2695.8
Q,MIO_EUR,NSA,S13,TE,SK,2002-Q2,2798
Q,MIO_EUR,NSA,S13,TE,SK,2002-Q3,2823
Q,MIO_EUR,NSA,S13,TE,SK,2002-Q4,3804.6
Q,MIO_EUR,NSA,S13,TE,SK,2003-Q1,2595.1
Q,MIO_EUR,NSA,S13,TE,SK,2003-Q2,2901.7
Q,MIO_EUR,NSA,S13,TE,SK,2003-Q3,2934.7
Q,MIO_EUR,NSA,S13,TE,SK,2003-Q4,3560.7
Q,MIO_EUR,NSA,S13,TE,SK,2004-Q1,2743.9
Q,MIO_EUR,NSA,S13,TE,SK,2004-Q2,3158.1
Q,MIO_EUR,NSA,S13,TE,SK,2004-Q3,3304.9
Q,MIO_EUR,NSA,S13,TE,SK,2004-Q4,4108.5
Q,MIO_EUR,NSA,S13,TE,SK,2005-Q1,3449.5
Q,MIO_EUR,NSA,S13,TE,SK,2005-Q2,3487.3
Q,MIO_EUR,NSA,S13,TE,SK,2005-Q3,3777.3
Q,MIO_EUR,NSA,S13,TE,SK,2005-Q4,4646.3
Q,MIO_EUR,NSA,S13,TE,SK,2006-Q1,3827.1
Q,MIO_EUR,NSA,S13,TE,SK,2006-Q2,4318.2
Q,MIO_EUR,NSA,S13,TE,SK,2006-Q3,4042.5
Q,MIO_EUR,NSA,S13,TE,SK,2006-Q4,5262.8
Q,MIO_EUR,NSA,S13,TE,SK,2007-Q1,4382.8
Q,MIO_EUR,NSA,S13,TE,SK,2007-Q2,4959.1
Q,MIO_EUR,NSA,S13,TE,SK,2007-Q3,4871.9
Q,MIO_EUR,NSA,S13,TE,SK,2007-Q4,6052.8
Q,MIO_EUR,NSA,S13,TE,SK,2008-Q1,5153.8
Q,MIO_EUR,NSA,S13,TE,SK,2008-Q2,5833.5
Q,MIO_EUR,NSA,S13,TE,SK,2008-Q3,5983.7
Q,MIO_EUR,NSA,S13,TE,SK,2008-Q4,7200.4
Q,MIO_EUR,NSA,S13,TE,SK,2009-Q1,6258.4
Q,MIO_EUR,NSA,S13,TE,SK,2009-Q2,6801.4
Q,MIO_EUR,NSA,S13,TE,SK,2009-Q3,6654.1
Q,MIO_EUR,NSA,S13,TE,SK,2009-Q4,7980.9
Q,MIO_EUR,NSA,S13,TE,SK,2010-Q1,6649.7
Q,MIO_EUR,NSA,S13,TE,SK,2010-Q2,6925.8
Q,MIO_EUR,NSA,S13,TE,SK,2010-Q3,6703.3
Q,MIO_EUR,NSA,S13,TE,SK,2010-Q4,7932.1
Q,MIO_EUR,NSA,S13,TE,SK,2011-Q1,6866.8
Q,MIO_EUR,NSA,S13,TE,SK,2011-Q2,7332.3
Q,MIO_EUR,NSA,S13,TE,SK,2011-Q3,6781.7
Q,MIO_EUR,NSA,S13,TE,SK,2011-Q4,8232.9
Q,MIO_EUR,NSA,S13,TE,SK,2012-Q1,7007.7
Q,MIO_EUR,NSA,S13,TE,SK,2012-Q2,7198.3
Q,MIO_EUR,NSA,S13,TE,SK,2012-Q3,6933.4
Q,MIO_EUR,NSA,S13,TE,SK,2012-Q4,8381.2
Q,MIO_EUR,NSA,S13,TE,SK,2013-Q1,7203.6
Q,MIO_EUR,NSA,S13,TE,SK,2013-Q2,7422.9
Q,MIO_EUR,NSA,S13,TE,SK,2013-Q3,7538
Q,MIO_EUR,NSA,S13,TE,SK,2013-Q4,8514
Q,MIO_EUR,NSA,S13,TE,SK,2014-Q1,7389.5
Q,MIO_EUR,NSA,S13,TE,SK,2014-Q2,7814.5
Q,MIO_EUR,NSA,S13,TE,SK,2014-Q3,7812.1
Q,MIO_EUR,NSA,S13,TE,SK,2014-Q4,9119.4
Q,MIO_EUR,NSA,S13,TE,SK,2015-Q1,7470
Q,MIO_EUR,NSA,S13,TE,SK,2015-Q2,8338.3
Q,MIO_EUR,NSA,S13,TE,SK,2015-Q3,8785.3
Q,MIO_EUR,NSA,S13,TE,SK,2015-Q4,10873.6
Q,MIO_EUR,NSA,S13,TE,SK,2016-Q1,7738.1
Q,MIO_EUR,NSA,S13,TE,SK,2016-Q2,8233.4
Q,MIO_EUR,NSA,S13,TE,SK,2016-Q3,7999.4
Q,MIO_EUR,NSA,S13,TE,SK,2016-Q4,9411.7
Q,MIO_EUR,NSA,S13,TE,SK,2017-Q1,7820.6
Q,MIO_EUR,NSA,S13,TE,SK,2017-Q2,8253
Q,MIO_EUR,NSA,S13,TE,SK,2017-Q3,8203.9
Q,MIO_EUR,NSA,S13,TE,SK,2017-Q4,9522.8
Q,MIO_EUR,NSA,S13,TE,SK,2018-Q1,8015.5
Q,MIO_EUR,NSA,S13,TE,SK,2018-Q2,8673.7
Q,MIO_EUR,NSA,S13,TE,SK,2018-Q3,8720.4
Q,MIO_EUR,NSA,S13,TE,SK,2018-Q4,10384.9
Q,MIO_EUR,NSA,S13,TE,SK,2019-Q1,8618.4
Q,MIO_EUR,NSA,S13,TE,SK,2019-Q2,9181.5
Q,MIO_EUR,NSA,S13,TE,SK,2019-Q3,9355.6
Q,MIO_EUR,NSA,S13,TE,SK,2019-Q4,11277
Q,MIO_EUR,NSA,S13,TE,SK,2020-Q1,9277.4
Q,MIO_EUR,NSA,S13,TE,SK,2020-Q2,10149.1
Q,MIO_EUR,NSA,S13,TE,SK,2020-Q3,10100.2
Q,MIO_EUR,NSA,S13,TE,SK,2020-Q4,12445.7
Q,MIO_EUR,NSA,S13,TE,SK,2021-Q1,10370.8
Q,MIO_EUR,NSA,S13,TE,SK,2021-Q2,11226.8
Q,MIO_EUR,NSA,S13,TE,SK,2021-Q3,10742.1
Q,MIO_EUR,NSA,S13,TE,SK,2021-Q4,13351
Q,MIO_EUR,NSA,S13,TE,SK,2022-Q1,10884.7
Q,MIO_EUR,NSA,S13,TE,SK,2022-Q2,11465.1
Q,MIO_EUR,NSA,S13,TE,SK,2022-Q3,11331.5
Q,MIO_EUR,NSA,S13,TE,SK,2022-Q4,13691.4
Q,MIO_EUR,NSA,S13,TE,SK,2023-Q1,12676.2
Q,MIO_EUR,NSA,S13,TE,SK,2023-Q2,13524.2
Q,MIO_EUR,NSA,S13,TE,SK,2023-Q3,14380.7
Q,MIO_EUR,NSA,S13,TE,SK,2023-Q4,19177.4
Q,MIO_EUR,NSA,S13,TE,SK,2024-Q1,13367.8
Q,MIO_EUR,NSA,S13,TE,SK,2024-Q2,14607.5
Q,MIO_EUR,NSA,S13,TE,SK,2024-Q3,14542.5
Q,MIO_EUR,NSA,S13,TE,SK,2024-Q4,19234.1
Q,MIO_EUR,NSA,S13,TE,SK,2025-Q1,14095.2
Q,MIO_EUR,NSA,S13,TE,SK,2025-Q2,15609.3
Q,MIO_EUR,NSA,S13,TE,SK,2025-Q3,15352.1
Q,MIO_EUR,NSA,S13,TE,SK,2025-Q4,20510.9
Q,MIO_EUR,NSA,S13,TE,SK,2026-Q1,15120
Q,MIO_EUR,NSA,S13,TE,FI,1995-Q1,
Q,MIO_EUR,NSA,S13,TE,FI,1995-Q2,
Q,MIO_EUR,NSA,S13,TE,FI,1995-Q3,
Q,MIO_EUR,NSA,S13,TE,FI,1995-Q4,
Q,MIO_EUR,NSA,S13,TE,FI,1996-Q1,
Q,MIO_EUR,NSA,S13,TE,FI,1996-Q2,
Q,MIO_EUR,NSA,S13,TE,FI,1996-Q3,
Q,MIO_EUR,NSA,S13,TE,FI,1996-Q4,
Q,MIO_EUR,NSA,S13,TE,FI,1997-Q1,
Q,MIO_EUR,NSA,S13,TE,FI,1997-Q2,
Q,MIO_EUR,NSA,S13,TE,FI,1997-Q3,
Q,MIO_EUR,NSA,S13,TE,FI,1997-Q4,
Q,MIO_EUR,NSA,S13,TE,FI,1998-Q1,
Q,MIO_EUR,NSA,S13,TE,FI,1998-Q2,
Q,MIO_EUR,NSA,S13,TE,FI,1998-Q3,
Q,MIO_EUR,NSA,S13,TE,FI,1998-Q4,
Q,MIO_EUR,NSA,S13,TE,FI,1999-Q1,15608
Q,MIO_EUR,NSA,S13,TE,FI,1999-Q2,16067
Q,MIO_EUR,NSA,S13,TE,FI,1999-Q3,15926
Q,MIO_EUR,NSA,S13,TE,FI,1999-Q4,17080
Q,MIO_EUR,NSA,S13,TE,FI,2000-Q1,15647
Q,MIO_EUR,NSA,S13,TE,FI,2000-Q2,16121
Q,MIO_EUR,NSA,S13,TE,FI,2000-Q3,16090
Q,MIO_EUR,NSA,S13,TE,FI,2000-Q4,17515
Q,MIO_EUR,NSA,S13,TE,FI,2001-Q1,16184
Q,MIO_EUR,NSA,S13,TE,FI,2001-Q2,16938
Q,MIO_EUR,NSA,S13,TE,FI,2001-Q3,16755
Q,MIO_EUR,NSA,S13,TE,FI,2001-Q4,18495
Q,MIO_EUR,NSA,S13,TE,FI,2002-Q1,17318
Q,MIO_EUR,NSA,S13,TE,FI,2002-Q2,17924
Q,MIO_EUR,NSA,S13,TE,FI,2002-Q3,17558
Q,MIO_EUR,NSA,S13,TE,FI,2002-Q4,19133
Q,MIO_EUR,NSA,S13,TE,FI,2003-Q1,17822
Q,MIO_EUR,NSA,S13,TE,FI,2003-Q2,18621
Q,MIO_EUR,NSA,S13,TE,FI,2003-Q3,18410
Q,MIO_EUR,NSA,S13,TE,FI,2003-Q4,19995
Q,MIO_EUR,NSA,S13,TE,FI,2004-Q1,18622
Q,MIO_EUR,NSA,S13,TE,FI,2004-Q2,19433
Q,MIO_EUR,NSA,S13,TE,FI,2004-Q3,19167
Q,MIO_EUR,NSA,S13,TE,FI,2004-Q4,20757
Q,MIO_EUR,NSA,S13,TE,FI,2005-Q1,19029
Q,MIO_EUR,NSA,S13,TE,FI,2005-Q2,20211
Q,MIO_EUR,NSA,S13,TE,FI,2005-Q3,19864
Q,MIO_EUR,NSA,S13,TE,FI,2005-Q4,21613
Q,MIO_EUR,NSA,S13,TE,FI,2006-Q1,19713
Q,MIO_EUR,NSA,S13,TE,FI,2006-Q2,20595
Q,MIO_EUR,NSA,S13,TE,FI,2006-Q3,20342
Q,MIO_EUR,NSA,S13,TE,FI,2006-Q4,22433
Q,MIO_EUR,NSA,S13,TE,FI,2007-Q1,20781
Q,MIO_EUR,NSA,S13,TE,FI,2007-Q2,21542
Q,MIO_EUR,NSA,S13,TE,FI,2007-Q3,21202
Q,MIO_EUR,NSA,S13,TE,FI,2007-Q4,23588
Q,MIO_EUR,NSA,S13,TE,FI,2008-Q1,21855
Q,MIO_EUR,NSA,S13,TE,FI,2008-Q2,23061
Q,MIO_EUR,NSA,S13,TE,FI,2008-Q3,22681
Q,MIO_EUR,NSA,S13,TE,FI,2008-Q4,25404
Q,MIO_EUR,NSA,S13,TE,FI,2009-Q1,22433
Q,MIO_EUR,NSA,S13,TE,FI,2009-Q2,24567
Q,MIO_EUR,NSA,S13,TE,FI,2009-Q3,24298
Q,MIO_EUR,NSA,S13,TE,FI,2009-Q4,27007
Q,MIO_EUR,NSA,S13,TE,FI,2010-Q1,24358
Q,MIO_EUR,NSA,S13,TE,FI,2010-Q2,25247
Q,MIO_EUR,NSA,S13,TE,FI,2010-Q3,24487
Q,MIO_EUR,NSA,S13,TE,FI,2010-Q4,27541
Q,MIO_EUR,NSA,S13,TE,FI,2011-Q1,25470
Q,MIO_EUR,NSA,S13,TE,FI,2011-Q2,26408
Q,MIO_EUR,NSA,S13,TE,FI,2011-Q3,25631
Q,MIO_EUR,NSA,S13,TE,FI,2011-Q4,28893
Q,MIO_EUR,NSA,S13,TE,FI,2012-Q1,26882
Q,MIO_EUR,NSA,S13,TE,FI,2012-Q2,27876
Q,MIO_EUR,NSA,S13,TE,FI,2012-Q3,27078
Q,MIO_EUR,NSA,S13,TE,FI,2012-Q4,29769
Q,MIO_EUR,NSA,S13,TE,FI,2013-Q1,28003
Q,MIO_EUR,NSA,S13,TE,FI,2013-Q2,29085
Q,MIO_EUR,NSA,S13,TE,FI,2013-Q3,28160
Q,MIO_EUR,NSA,S13,TE,FI,2013-Q4,30962
Q,MIO_EUR,NSA,S13,TE,FI,2014-Q1,28706
Q,MIO_EUR,NSA,S13,TE,FI,2014-Q2,29544
Q,MIO_EUR,NSA,S13,TE,FI,2014-Q3,28727
Q,MIO_EUR,NSA,S13,TE,FI,2014-Q4,31647
Q,MIO_EUR,NSA,S13,TE,FI,2015-Q1,28560
Q,MIO_EUR,NSA,S13,TE,FI,2015-Q2,29259
Q,MIO_EUR,NSA,S13,TE,FI,2015-Q3,27772
Q,MIO_EUR,NSA,S13,TE,FI,2015-Q4,31577
Q,MIO_EUR,NSA,S13,TE,FI,2016-Q1,28833
Q,MIO_EUR,NSA,S13,TE,FI,2016-Q2,29962
Q,MIO_EUR,NSA,S13,TE,FI,2016-Q3,29100
Q,MIO_EUR,NSA,S13,TE,FI,2016-Q4,30973
Q,MIO_EUR,NSA,S13,TE,FI,2017-Q1,28776
Q,MIO_EUR,NSA,S13,TE,FI,2017-Q2,29383
Q,MIO_EUR,NSA,S13,TE,FI,2017-Q3,29268
Q,MIO_EUR,NSA,S13,TE,FI,2017-Q4,31329
Q,MIO_EUR,NSA,S13,TE,FI,2018-Q1,29573
Q,MIO_EUR,NSA,S13,TE,FI,2018-Q2,30294
Q,MIO_EUR,NSA,S13,TE,FI,2018-Q3,29764
Q,MIO_EUR,NSA,S13,TE,FI,2018-Q4,32504
Q,MIO_EUR,NSA,S13,TE,FI,2019-Q1,31071
Q,MIO_EUR,NSA,S13,TE,FI,2019-Q2,31222
Q,MIO_EUR,NSA,S13,TE,FI,2019-Q3,30306
Q,MIO_EUR,NSA,S13,TE,FI,2019-Q4,32860
Q,MIO_EUR,NSA,S13,TE,FI,2020-Q1,31438
Q,MIO_EUR,NSA,S13,TE,FI,2020-Q2,33616
Q,MIO_EUR,NSA,S13,TE,FI,2020-Q3,32296
Q,MIO_EUR,NSA,S13,TE,FI,2020-Q4,36097
Q,MIO_EUR,NSA,S13,TE,FI,2021-Q1,33385
Q,MIO_EUR,NSA,S13,TE,FI,2021-Q2,34028
Q,MIO_EUR,NSA,S13,TE,FI,2021-Q3,33028
Q,MIO_EUR,NSA,S13,TE,FI,2021-Q4,36662
Q,MIO_EUR,NSA,S13,TE,FI,2022-Q1,33551
Q,MIO_EUR,NSA,S13,TE,FI,2022-Q2,34196
Q,MIO_EUR,NSA,S13,TE,FI,2022-Q3,34062
Q,MIO_EUR,NSA,S13,TE,FI,2022-Q4,38276
Q,MIO_EUR,NSA,S13,TE,FI,2023-Q1,36023
Q,MIO_EUR,NSA,S13,TE,FI,2023-Q2,38575
Q,MIO_EUR,NSA,S13,TE,FI,2023-Q3,37040
Q,MIO_EUR,NSA,S13,TE,FI,2023-Q4,40981
Q,MIO_EUR,NSA,S13,TE,FI,2024-Q1,38049
Q,MIO_EUR,NSA,S13,TE,FI,2024-Q2,40043
Q,MIO_EUR,NSA,S13,TE,FI,2024-Q3,38891
Q,MIO_EUR,NSA,S13,TE,FI,2024-Q4,42527
Q,MIO_EUR,NSA,S13,TE,FI,2025-Q1,39108
Q,MIO_EUR,NSA,S13,TE,FI,2025-Q2,40356
Q,MIO_EUR,NSA,S13,TE,FI,2025-Q3,39244
Q,MIO_EUR,NSA,S13,TE,FI,2025-Q4,43316
Q,MIO_EUR,NSA,S13,TE,FI,2026-Q1,40815
Q,MIO_EUR,NSA,S13,TE,SE,1995-Q1,31431.6
Q,MIO_EUR,NSA,S13,TE,SE,1995-Q2,31205.4
Q,MIO_EUR,NSA,S13,TE,SE,1995-Q3,31138.1
Q,MIO_EUR,NSA,S13,TE,SE,1995-Q4,35375.2
Q,MIO_EUR,NSA,S13,TE,SE,1996-Q1,33351.1
Q,MIO_EUR,NSA,S13,TE,SE,1996-Q2,35222.3
Q,MIO_EUR,NSA,S13,TE,SE,1996-Q3,34913.6
Q,MIO_EUR,NSA,S13,TE,SE,1996-Q4,36821.8
Q,MIO_EUR,NSA,S13,TE,SE,1997-Q1,33630
Q,MIO_EUR,NSA,S13,TE,SE,1997-Q2,33897.4
Q,MIO_EUR,NSA,S13,TE,SE,1997-Q3,34779.6
Q,MIO_EUR,NSA,S13,TE,SE,1997-Q4,36821.9
Q,MIO_EUR,NSA,S13,TE,SE,1998-Q1,34215.9
Q,MIO_EUR,NSA,S13,TE,SE,1998-Q2,35526.1
Q,MIO_EUR,NSA,S13,TE,SE,1998-Q3,32115.7
Q,MIO_EUR,NSA,S13,TE,SE,1998-Q4,34654.2
Q,MIO_EUR,NSA,S13,TE,SE,1999-Q1,34050.1
Q,MIO_EUR,NSA,S13,TE,SE,1999-Q2,35898.8
Q,MIO_EUR,NSA,S13,TE,SE,1999-Q3,35254.6
Q,MIO_EUR,NSA,S13,TE,SE,1999-Q4,39181.7
Q,MIO_EUR,NSA,S13,TE,SE,2000-Q1,36323.8
Q,MIO_EUR,NSA,S13,TE,SE,2000-Q2,38873.8
Q,MIO_EUR,NSA,S13,TE,SE,2000-Q3,36904.7
Q,MIO_EUR,NSA,S13,TE,SE,2000-Q4,39405.3
Q,MIO_EUR,NSA,S13,TE,SE,2001-Q1,34884.9
Q,MIO_EUR,NSA,S13,TE,SE,2001-Q2,36108.5
Q,MIO_EUR,NSA,S13,TE,SE,2001-Q3,33302.9
Q,MIO_EUR,NSA,S13,TE,SE,2001-Q4,38074.9
Q,MIO_EUR,NSA,S13,TE,SE,2002-Q1,35704.1
Q,MIO_EUR,NSA,S13,TE,SE,2002-Q2,38995.8
Q,MIO_EUR,NSA,S13,TE,SE,2002-Q3,35458.2
Q,MIO_EUR,NSA,S13,TE,SE,2002-Q4,42362.6
Q,MIO_EUR,NSA,S13,TE,SE,2003-Q1,38375.6
Q,MIO_EUR,NSA,S13,TE,SE,2003-Q2,39267.4
Q,MIO_EUR,NSA,S13,TE,SE,2003-Q3,38927.9
Q,MIO_EUR,NSA,S13,TE,SE,2003-Q4,43213
Q,MIO_EUR,NSA,S13,TE,SE,2004-Q1,39394.5
Q,MIO_EUR,NSA,S13,TE,SE,2004-Q2,40975.7
Q,MIO_EUR,NSA,S13,TE,SE,2004-Q3,39452.3
Q,MIO_EUR,NSA,S13,TE,SE,2004-Q4,43406.9
Q,MIO_EUR,NSA,S13,TE,SE,2005-Q1,40993.4
Q,MIO_EUR,NSA,S13,TE,SE,2005-Q2,41200.5
Q,MIO_EUR,NSA,S13,TE,SE,2005-Q3,38791.5
Q,MIO_EUR,NSA,S13,TE,SE,2005-Q4,43863.6
Q,MIO_EUR,NSA,S13,TE,SE,2006-Q1,40980.5
Q,MIO_EUR,NSA,S13,TE,SE,2006-Q2,43146.2
Q,MIO_EUR,NSA,S13,TE,SE,2006-Q3,41599.2
Q,MIO_EUR,NSA,S13,TE,SE,2006-Q4,46647.3
Q,MIO_EUR,NSA,S13,TE,SE,2007-Q1,42772.1
Q,MIO_EUR,NSA,S13,TE,SE,2007-Q2,44161.4
Q,MIO_EUR,NSA,S13,TE,SE,2007-Q3,42065.5
Q,MIO_EUR,NSA,S13,TE,SE,2007-Q4,48042.4
Q,MIO_EUR,NSA,S13,TE,SE,2008-Q1,43671.2
Q,MIO_EUR,NSA,S13,TE,SE,2008-Q2,45868.7
Q,MIO_EUR,NSA,S13,TE,SE,2008-Q3,43015.5
Q,MIO_EUR,NSA,S13,TE,SE,2008-Q4,45344
Q,MIO_EUR,NSA,S13,TE,SE,2009-Q1,38900.8
Q,MIO_EUR,NSA,S13,TE,SE,2009-Q2,40457.4
Q,MIO_EUR,NSA,S13,TE,SE,2009-Q3,40557
Q,MIO_EUR,NSA,S13,TE,SE,2009-Q4,45440.8
Q,MIO_EUR,NSA,S13,TE,SE,2010-Q1,42994.4
Q,MIO_EUR,NSA,S13,TE,SE,2010-Q2,46231
Q,MIO_EUR,NSA,S13,TE,SE,2010-Q3,45772.5
Q,MIO_EUR,NSA,S13,TE,SE,2010-Q4,54673.7
Q,MIO_EUR,NSA,S13,TE,SE,2011-Q1,49799.5
Q,MIO_EUR,NSA,S13,TE,SE,2011-Q2,51489.8
Q,MIO_EUR,NSA,S13,TE,SE,2011-Q3,48694.9
Q,MIO_EUR,NSA,S13,TE,SE,2011-Q4,56018
Q,MIO_EUR,NSA,S13,TE,SE,2012-Q1,51427.6
Q,MIO_EUR,NSA,S13,TE,SE,2012-Q2,53117.8
Q,MIO_EUR,NSA,S13,TE,SE,2012-Q3,54407.5
Q,MIO_EUR,NSA,S13,TE,SE,2012-Q4,60990.3
Q,MIO_EUR,NSA,S13,TE,SE,2013-Q1,55631
Q,MIO_EUR,NSA,S13,TE,SE,2013-Q2,57862.2
Q,MIO_EUR,NSA,S13,TE,SE,2013-Q3,55524.6
Q,MIO_EUR,NSA,S13,TE,SE,2013-Q4,61599
Q,MIO_EUR,NSA,S13,TE,SE,2014-Q1,55270
Q,MIO_EUR,NSA,S13,TE,SE,2014-Q2,56589
Q,MIO_EUR,NSA,S13,TE,SE,2014-Q3,53720.5
Q,MIO_EUR,NSA,S13,TE,SE,2014-Q4,60052.3
Q,MIO_EUR,NSA,S13,TE,SE,2015-Q1,54424.6
Q,MIO_EUR,NSA,S13,TE,SE,2015-Q2,56797.1
Q,MIO_EUR,NSA,S13,TE,SE,2015-Q3,54003.1
Q,MIO_EUR,NSA,S13,TE,SE,2015-Q4,62662.7
Q,MIO_EUR,NSA,S13,TE,SE,2016-Q1,56178.3
Q,MIO_EUR,NSA,S13,TE,SE,2016-Q2,59652.8
Q,MIO_EUR,NSA,S13,TE,SE,2016-Q3,56160.5
Q,MIO_EUR,NSA,S13,TE,SE,2016-Q4,62332.6
Q,MIO_EUR,NSA,S13,TE,SE,2017-Q1,57552.5
Q,MIO_EUR,NSA,S13,TE,SE,2017-Q2,59463.3
Q,MIO_EUR,NSA,S13,TE,SE,2017-Q3,57824.7
Q,MIO_EUR,NSA,S13,TE,SE,2017-Q4,63702.7
Q,MIO_EUR,NSA,S13,TE,SE,2018-Q1,57746.6
Q,MIO_EUR,NSA,S13,TE,SE,2018-Q2,58454
Q,MIO_EUR,NSA,S13,TE,SE,2018-Q3,56475.2
Q,MIO_EUR,NSA,S13,TE,SE,2018-Q4,64236.2
Q,MIO_EUR,NSA,S13,TE,SE,2019-Q1,58433.4
Q,MIO_EUR,NSA,S13,TE,SE,2019-Q2,58004.1
Q,MIO_EUR,NSA,S13,TE,SE,2019-Q3,56963.5
Q,MIO_EUR,NSA,S13,TE,SE,2019-Q4,62977.3
Q,MIO_EUR,NSA,S13,TE,SE,2020-Q1,58022.5
Q,MIO_EUR,NSA,S13,TE,SE,2020-Q2,63875.9
Q,MIO_EUR,NSA,S13,TE,SE,2020-Q3,60953.9
Q,MIO_EUR,NSA,S13,TE,SE,2020-Q4,71233.3
Q,MIO_EUR,NSA,S13,TE,SE,2021-Q1,65322.7
Q,MIO_EUR,NSA,S13,TE,SE,2021-Q2,67575.9
Q,MIO_EUR,NSA,S13,TE,SE,2021-Q3,63358.7
Q,MIO_EUR,NSA,S13,TE,SE,2021-Q4,72997
Q,MIO_EUR,NSA,S13,TE,SE,2022-Q1,65080.6
Q,MIO_EUR,NSA,S13,TE,SE,2022-Q2,66861.4
Q,MIO_EUR,NSA,S13,TE,SE,2022-Q3,64319.7
Q,MIO_EUR,NSA,S13,TE,SE,2022-Q4,73653.8
Q,MIO_EUR,NSA,S13,TE,SE,2023-Q1,64933.9
Q,MIO_EUR,NSA,S13,TE,SE,2023-Q2,66621
Q,MIO_EUR,NSA,S13,TE,SE,2023-Q3,63258.1
Q,MIO_EUR,NSA,S13,TE,SE,2023-Q4,72882.7
Q,MIO_EUR,NSA,S13,TE,SE,2024-Q1,68001.9
Q,MIO_EUR,NSA,S13,TE,SE,2024-Q2,68905.6
Q,MIO_EUR,NSA,S13,TE,SE,2024-Q3,68639.4
Q,MIO_EUR,NSA,S13,TE,SE,2024-Q4,76595.9
Q,MIO_EUR,NSA,S13,TE,SE,2025-Q1,68428.6
Q,MIO_EUR,NSA,S13,TE,SE,2025-Q2,73205.9
Q,MIO_EUR,NSA,S13,TE,SE,2025-Q3,70220.2
Q,MIO_EUR,NSA,S13,TE,SE,2025-Q4,84426.9
Q,MIO_EUR,NSA,S13,TE,SE,2026-Q1,75394.4
Q,MIO_EUR,NSA,S13,TE,IS,1995-Q1,
Q,MIO_EUR,NSA,S13,TE,IS,1995-Q2,
Q,MIO_EUR,NSA,S13,TE,IS,1995-Q3,
Q,MIO_EUR,NSA,S13,TE,IS,1995-Q4,
Q,MIO_EUR,NSA,S13,TE,IS,1996-Q1,
Q,MIO_EUR,NSA,S13,TE,IS,1996-Q2,
Q,MIO_EUR,NSA,S13,TE,IS,1996-Q3,
Q,MIO_EUR,NSA,S13,TE,IS,1996-Q4,
Q,MIO_EUR,NSA,S13,TE,IS,1997-Q1,
Q,MIO_EUR,NSA,S13,TE,IS,1997-Q2,
Q,MIO_EUR,NSA,S13,TE,IS,1997-Q3,
Q,MIO_EUR,NSA,S13,TE,IS,1997-Q4,
Q,MIO_EUR,NSA,S13,TE,IS,1998-Q1,
Q,MIO_EUR,NSA,S13,TE,IS,1998-Q2,
Q,MIO_EUR,NSA,S13,TE,IS,1998-Q3,
Q,MIO_EUR,NSA,S13,TE,IS,1998-Q4,
Q,MIO_EUR,NSA,S13,TE,IS,1999-Q1,
Q,MIO_EUR,NSA,S13,TE,IS,1999-Q2,
Q,MIO_EUR,NSA,S13,TE,IS,1999-Q3,
Q,MIO_EUR,NSA,S13,TE,IS,1999-Q4,
Q,MIO_EUR,NSA,S13,TE,IS,2000-Q1,
Q,MIO_EUR,NSA,S13,TE,IS,2000-Q2,
Q,MIO_EUR,NSA,S13,TE,IS,2000-Q3,
Q,MIO_EUR,NSA,S13,TE,IS,2000-Q4,
Q,MIO_EUR,NSA,S13,TE,IS,2001-Q1,
Q,MIO_EUR,NSA,S13,TE,IS,2001-Q2,
Q,MIO_EUR,NSA,S13,TE,IS,2001-Q3,
Q,MIO_EUR,NSA,S13,TE,IS,2001-Q4,
Q,MIO_EUR,NSA,S13,TE,IS,2002-Q1,1038.4
Q,MIO_EUR,NSA,S13,TE,IS,2002-Q2,1146.7
Q,MIO_EUR,NSA,S13,TE,IS,2002-Q3,1161.3
Q,MIO_EUR,NSA,S13,TE,IS,2002-Q4,1162.4
Q,MIO_EUR,NSA,S13,TE,IS,2003-Q1,1194.5
Q,MIO_EUR,NSA,S13,TE,IS,2003-Q2,1247.7
Q,MIO_EUR,NSA,S13,TE,IS,2003-Q3,1206.1
Q,MIO_EUR,NSA,S13,TE,IS,2003-Q4,1199.7
Q,MIO_EUR,NSA,S13,TE,IS,2004-Q1,1242
Q,MIO_EUR,NSA,S13,TE,IS,2004-Q2,1310.7
Q,MIO_EUR,NSA,S13,TE,IS,2004-Q3,1315
Q,MIO_EUR,NSA,S13,TE,IS,2004-Q4,1332.3
Q,MIO_EUR,NSA,S13,TE,IS,2005-Q1,1421.8
Q,MIO_EUR,NSA,S13,TE,IS,2005-Q2,1493.7
Q,MIO_EUR,NSA,S13,TE,IS,2005-Q3,1568.2
Q,MIO_EUR,NSA,S13,TE,IS,2005-Q4,1632.2
Q,MIO_EUR,NSA,S13,TE,IS,2006-Q1,1678.7
Q,MIO_EUR,NSA,S13,TE,IS,2006-Q2,1492.6
Q,MIO_EUR,NSA,S13,TE,IS,2006-Q3,1536.3
Q,MIO_EUR,NSA,S13,TE,IS,2006-Q4,1570.3
Q,MIO_EUR,NSA,S13,TE,IS,2007-Q1,1601.8
Q,MIO_EUR,NSA,S13,TE,IS,2007-Q2,1907.1
Q,MIO_EUR,NSA,S13,TE,IS,2007-Q3,1705.4
Q,MIO_EUR,NSA,S13,TE,IS,2007-Q4,1885.4
Q,MIO_EUR,NSA,S13,TE,IS,2008-Q1,1655.2
Q,MIO_EUR,NSA,S13,TE,IS,2008-Q2,1659.3
Q,MIO_EUR,NSA,S13,TE,IS,2008-Q3,1528.6
Q,MIO_EUR,NSA,S13,TE,IS,2008-Q4,1722.5
Q,MIO_EUR,NSA,S13,TE,IS,2009-Q1,1282.4
Q,MIO_EUR,NSA,S13,TE,IS,2009-Q2,1202.5
Q,MIO_EUR,NSA,S13,TE,IS,2009-Q3,1041.3
Q,MIO_EUR,NSA,S13,TE,IS,2009-Q4,1520.4
Q,MIO_EUR,NSA,S13,TE,IS,2010-Q1,1150.5
Q,MIO_EUR,NSA,S13,TE,IS,2010-Q2,1281.6
Q,MIO_EUR,NSA,S13,TE,IS,2010-Q3,1258.6
Q,MIO_EUR,NSA,S13,TE,IS,2010-Q4,1392
Q,MIO_EUR,NSA,S13,TE,IS,2011-Q1,1256.9
Q,MIO_EUR,NSA,S13,TE,IS,2011-Q2,1531
Q,MIO_EUR,NSA,S13,TE,IS,2011-Q3,1315.7
Q,MIO_EUR,NSA,S13,TE,IS,2011-Q4,1420.9
Q,MIO_EUR,NSA,S13,TE,IS,2012-Q1,1278.6
Q,MIO_EUR,NSA,S13,TE,IS,2012-Q2,1449.7
Q,MIO_EUR,NSA,S13,TE,IS,2012-Q3,1335
Q,MIO_EUR,NSA,S13,TE,IS,2012-Q4,1423.3
Q,MIO_EUR,NSA,S13,TE,IS,2013-Q1,1276
Q,MIO_EUR,NSA,S13,TE,IS,2013-Q2,1539.6
Q,MIO_EUR,NSA,S13,TE,IS,2013-Q3,1279.7
Q,MIO_EUR,NSA,S13,TE,IS,2013-Q4,1483.3
Q,MIO_EUR,NSA,S13,TE,IS,2014-Q1,1415.1
Q,MIO_EUR,NSA,S13,TE,IS,2014-Q2,1541.4
Q,MIO_EUR,NSA,S13,TE,IS,2014-Q3,1391.8
Q,MIO_EUR,NSA,S13,TE,IS,2014-Q4,1826.4
Q,MIO_EUR,NSA,S13,TE,IS,2015-Q1,1685.8
Q,MIO_EUR,NSA,S13,TE,IS,2015-Q2,1701
Q,MIO_EUR,NSA,S13,TE,IS,2015-Q3,1591
Q,MIO_EUR,NSA,S13,TE,IS,2015-Q4,1896.2
Q,MIO_EUR,NSA,S13,TE,IS,2016-Q1,1943.7
Q,MIO_EUR,NSA,S13,TE,IS,2016-Q2,1905.4
Q,MIO_EUR,NSA,S13,TE,IS,2016-Q3,1855.6
Q,MIO_EUR,NSA,S13,TE,IS,2016-Q4,3130.9
Q,MIO_EUR,NSA,S13,TE,IS,2017-Q1,2207.9
Q,MIO_EUR,NSA,S13,TE,IS,2017-Q2,2936.3
Q,MIO_EUR,NSA,S13,TE,IS,2017-Q3,2213.2
Q,MIO_EUR,NSA,S13,TE,IS,2017-Q4,2410.7
Q,MIO_EUR,NSA,S13,TE,IS,2018-Q1,2363.7
Q,MIO_EUR,NSA,S13,TE,IS,2018-Q2,2561.9
Q,MIO_EUR,NSA,S13,TE,IS,2018-Q3,2401.6
Q,MIO_EUR,NSA,S13,TE,IS,2018-Q4,2494.3
Q,MIO_EUR,NSA,S13,TE,IS,2019-Q1,2270
Q,MIO_EUR,NSA,S13,TE,IS,2019-Q2,2414.7
Q,MIO_EUR,NSA,S13,TE,IS,2019-Q3,2338.2
Q,MIO_EUR,NSA,S13,TE,IS,2019-Q4,2575.3
Q,MIO_EUR,NSA,S13,TE,IS,2020-Q1,2399.2
Q,MIO_EUR,NSA,S13,TE,IS,2020-Q2,2475.4
Q,MIO_EUR,NSA,S13,TE,IS,2020-Q3,2310.2
Q,MIO_EUR,NSA,S13,TE,IS,2020-Q4,2549.6
Q,MIO_EUR,NSA,S13,TE,IS,2021-Q1,2466.9
Q,MIO_EUR,NSA,S13,TE,IS,2021-Q2,2733.7
Q,MIO_EUR,NSA,S13,TE,IS,2021-Q3,2673.3
Q,MIO_EUR,NSA,S13,TE,IS,2021-Q4,2927.5
Q,MIO_EUR,NSA,S13,TE,IS,2022-Q1,2897.6
Q,MIO_EUR,NSA,S13,TE,IS,2022-Q2,3220.6
Q,MIO_EUR,NSA,S13,TE,IS,2022-Q3,3328.8
Q,MIO_EUR,NSA,S13,TE,IS,2022-Q4,3360.6
Q,MIO_EUR,NSA,S13,TE,IS,2023-Q1,3014.9
Q,MIO_EUR,NSA,S13,TE,IS,2023-Q2,3303.3
Q,MIO_EUR,NSA,S13,TE,IS,2023-Q3,3241.2
Q,MIO_EUR,NSA,S13,TE,IS,2023-Q4,3694.4
Q,MIO_EUR,NSA,S13,TE,IS,2024-Q1,3237.7
Q,MIO_EUR,NSA,S13,TE,IS,2024-Q2,3739.3
Q,MIO_EUR,NSA,S13,TE,IS,2024-Q3,3615.4
Q,MIO_EUR,NSA,S13,TE,IS,2024-Q4,3867.4
Q,MIO_EUR,NSA,S13,TE,IS,2025-Q1,3572.2
Q,MIO_EUR,NSA,S13,TE,IS,2025-Q2,3817.7
Q,MIO_EUR,NSA,S13,TE,IS,2025-Q3,3867.8
Q,MIO_EUR,NSA,S13,TE,IS,2025-Q4,4156.2
Q,MIO_EUR,NSA,S13,TE,IS,2026-Q1,3886.3
Q,MIO_EUR,NSA,S13,TE,NO,1995-Q1,
Q,MIO_EUR,NSA,S13,TE,NO,1995-Q2,
Q,MIO_EUR,NSA,S13,TE,NO,1995-Q3,
Q,MIO_EUR,NSA,S13,TE,NO,1995-Q4,
Q,MIO_EUR,NSA,S13,TE,NO,1996-Q1,
Q,MIO_EUR,NSA,S13,TE,NO,1996-Q2,
Q,MIO_EUR,NSA,S13,TE,NO,1996-Q3,
Q,MIO_EUR,NSA,S13,TE,NO,1996-Q4,
Q,MIO_EUR,NSA,S13,TE,NO,1997-Q1,
Q,MIO_EUR,NSA,S13,TE,NO,1997-Q2,
Q,MIO_EUR,NSA,S13,TE,NO,1997-Q3,
Q,MIO_EUR,NSA,S13,TE,NO,1997-Q4,
Q,MIO_EUR,NSA,S13,TE,NO,1998-Q1,
Q,MIO_EUR,NSA,S13,TE,NO,1998-Q2,
Q,MIO_EUR,NSA,S13,TE,NO,1998-Q3,
Q,MIO_EUR,NSA,S13,TE,NO,1998-Q4,
Q,MIO_EUR,NSA,S13,TE,NO,1999-Q1,
Q,MIO_EUR,NSA,S13,TE,NO,1999-Q2,
Q,MIO_EUR,NSA,S13,TE,NO,1999-Q3,
Q,MIO_EUR,NSA,S13,TE,NO,1999-Q4,
Q,MIO_EUR,NSA,S13,TE,NO,2000-Q1,
Q,MIO_EUR,NSA,S13,TE,NO,2000-Q2,
Q,MIO_EUR,NSA,S13,TE,NO,2000-Q3,
Q,MIO_EUR,NSA,S13,TE,NO,2000-Q4,
Q,MIO_EUR,NSA,S13,TE,NO,2001-Q1,
Q,MIO_EUR,NSA,S13,TE,NO,2001-Q2,
Q,MIO_EUR,NSA,S13,TE,NO,2001-Q3,
Q,MIO_EUR,NSA,S13,TE,NO,2001-Q4,
Q,MIO_EUR,NSA,S13,TE,NO,2002-Q1,22564
Q,MIO_EUR,NSA,S13,TE,NO,2002-Q2,24174.5
Q,MIO_EUR,NSA,S13,TE,NO,2002-Q3,25225.5
Q,MIO_EUR,NSA,S13,TE,NO,2002-Q4,26208.5
Q,MIO_EUR,NSA,S13,TE,NO,2003-Q1,25513
Q,MIO_EUR,NSA,S13,TE,NO,2003-Q2,24017.3
Q,MIO_EUR,NSA,S13,TE,NO,2003-Q3,24019.7
Q,MIO_EUR,NSA,S13,TE,NO,2003-Q4,24388.1
Q,MIO_EUR,NSA,S13,TE,NO,2004-Q1,22935.5
Q,MIO_EUR,NSA,S13,TE,NO,2004-Q2,24035.7
Q,MIO_EUR,NSA,S13,TE,NO,2004-Q3,24150.8
Q,MIO_EUR,NSA,S13,TE,NO,2004-Q4,25728
Q,MIO_EUR,NSA,S13,TE,NO,2005-Q1,24446.5
Q,MIO_EUR,NSA,S13,TE,NO,2005-Q2,26402.3
Q,MIO_EUR,NSA,S13,TE,NO,2005-Q3,26723.5
Q,MIO_EUR,NSA,S13,TE,NO,2005-Q4,28046.2
Q,MIO_EUR,NSA,S13,TE,NO,2006-Q1,27315
Q,MIO_EUR,NSA,S13,TE,NO,2006-Q2,28745.8
Q,MIO_EUR,NSA,S13,TE,NO,2006-Q3,28114.7
Q,MIO_EUR,NSA,S13,TE,NO,2006-Q4,29269.5
Q,MIO_EUR,NSA,S13,TE,NO,2007-Q1,28868
Q,MIO_EUR,NSA,S13,TE,NO,2007-Q2,29436.7
Q,MIO_EUR,NSA,S13,TE,NO,2007-Q3,30959.9
Q,MIO_EUR,NSA,S13,TE,NO,2007-Q4,33181.6
Q,MIO_EUR,NSA,S13,TE,NO,2008-Q1,31466.5
Q,MIO_EUR,NSA,S13,TE,NO,2008-Q2,32469.6
Q,MIO_EUR,NSA,S13,TE,NO,2008-Q3,33557
Q,MIO_EUR,NSA,S13,TE,NO,2008-Q4,31297.2
Q,MIO_EUR,NSA,S13,TE,NO,2009-Q1,29825.9
Q,MIO_EUR,NSA,S13,TE,NO,2009-Q2,31609.1
Q,MIO_EUR,NSA,S13,TE,NO,2009-Q3,32689.8
Q,MIO_EUR,NSA,S13,TE,NO,2009-Q4,35580.2
Q,MIO_EUR,NSA,S13,TE,NO,2010-Q1,34881.6
Q,MIO_EUR,NSA,S13,TE,NO,2010-Q2,36760.9
Q,MIO_EUR,NSA,S13,TE,NO,2010-Q3,37173
Q,MIO_EUR,NSA,S13,TE,NO,2010-Q4,38365.8
Q,MIO_EUR,NSA,S13,TE,NO,2011-Q1,38116.6
Q,MIO_EUR,NSA,S13,TE,NO,2011-Q2,38564.6
Q,MIO_EUR,NSA,S13,TE,NO,2011-Q3,40022.9
Q,MIO_EUR,NSA,S13,TE,NO,2011-Q4,41635.1
Q,MIO_EUR,NSA,S13,TE,NO,2012-Q1,40910.8
Q,MIO_EUR,NSA,S13,TE,NO,2012-Q2,41676.7
Q,MIO_EUR,NSA,S13,TE,NO,2012-Q3,43621.3
Q,MIO_EUR,NSA,S13,TE,NO,2012-Q4,45667.8
Q,MIO_EUR,NSA,S13,TE,NO,2013-Q1,44223.2
Q,MIO_EUR,NSA,S13,TE,NO,2013-Q2,44470.7
Q,MIO_EUR,NSA,S13,TE,NO,2013-Q3,43120.4
Q,MIO_EUR,NSA,S13,TE,NO,2013-Q4,43295.4
Q,MIO_EUR,NSA,S13,TE,NO,2014-Q1,41901.4
Q,MIO_EUR,NSA,S13,TE,NO,2014-Q2,43851.7
Q,MIO_EUR,NSA,S13,TE,NO,2014-Q3,44089.1
Q,MIO_EUR,NSA,S13,TE,NO,2014-Q4,43933.8
Q,MIO_EUR,NSA,S13,TE,NO,2015-Q1,42517
Q,MIO_EUR,NSA,S13,TE,NO,2015-Q2,45055.6
Q,MIO_EUR,NSA,S13,TE,NO,2015-Q3,41830
Q,MIO_EUR,NSA,S13,TE,NO,2015-Q4,41963
Q,MIO_EUR,NSA,S13,TE,NO,2016-Q1,39120.6
Q,MIO_EUR,NSA,S13,TE,NO,2016-Q2,43638.4
Q,MIO_EUR,NSA,S13,TE,NO,2016-Q3,42412.2
Q,MIO_EUR,NSA,S13,TE,NO,2016-Q4,46635.2
Q,MIO_EUR,NSA,S13,TE,NO,2017-Q1,43649.7
Q,MIO_EUR,NSA,S13,TE,NO,2017-Q2,45077.7
Q,MIO_EUR,NSA,S13,TE,NO,2017-Q3,42996.5
Q,MIO_EUR,NSA,S13,TE,NO,2017-Q4,46259.6
Q,MIO_EUR,NSA,S13,TE,NO,2018-Q1,42169.9
Q,MIO_EUR,NSA,S13,TE,NO,2018-Q2,46130.6
Q,MIO_EUR,NSA,S13,TE,NO,2018-Q3,44040.9
Q,MIO_EUR,NSA,S13,TE,NO,2018-Q4,48523.7
Q,MIO_EUR,NSA,S13,TE,NO,2019-Q1,43840.3
Q,MIO_EUR,NSA,S13,TE,NO,2019-Q2,47911.8
Q,MIO_EUR,NSA,S13,TE,NO,2019-Q3,45745.4
Q,MIO_EUR,NSA,S13,TE,NO,2019-Q4,48664.5
Q,MIO_EUR,NSA,S13,TE,NO,2020-Q1,43017.9
Q,MIO_EUR,NSA,S13,TE,NO,2020-Q2,47761.5
Q,MIO_EUR,NSA,S13,TE,NO,2020-Q3,46074.7
Q,MIO_EUR,NSA,S13,TE,NO,2020-Q4,49594.7
Q,MIO_EUR,NSA,S13,TE,NO,2021-Q1,46570.7
Q,MIO_EUR,NSA,S13,TE,NO,2021-Q2,51016.3
Q,MIO_EUR,NSA,S13,TE,NO,2021-Q3,48165.9
Q,MIO_EUR,NSA,S13,TE,NO,2021-Q4,54788.1
Q,MIO_EUR,NSA,S13,TE,NO,2022-Q1,50712.6
Q,MIO_EUR,NSA,S13,TE,NO,2022-Q2,54823.5
Q,MIO_EUR,NSA,S13,TE,NO,2022-Q3,53738.4
Q,MIO_EUR,NSA,S13,TE,NO,2022-Q4,57651.4
Q,MIO_EUR,NSA,S13,TE,NO,2023-Q1,49688.4
Q,MIO_EUR,NSA,S13,TE,NO,2023-Q2,51656
Q,MIO_EUR,NSA,S13,TE,NO,2023-Q3,50803.9
Q,MIO_EUR,NSA,S13,TE,NO,2023-Q4,56471.6
Q,MIO_EUR,NSA,S13,TE,NO,2024-Q1,52613.8
Q,MIO_EUR,NSA,S13,TE,NO,2024-Q2,55561.4
Q,MIO_EUR,NSA,S13,TE,NO,2024-Q3,53842.4
Q,MIO_EUR,NSA,S13,TE,NO,2024-Q4,58999.5
Q,MIO_EUR,NSA,S13,TE,NO,2025-Q1,53748.1
Q,MIO_EUR,NSA,S13,TE,NO,2025-Q2,58326.9
Q,MIO_EUR,NSA,S13,TE,NO,2025-Q3,55876.6
Q,MIO_EUR,NSA,S13,TE,NO,2025-Q4,64562.4
Q,MIO_EUR,NSA,S13,TE,NO,2026-Q1,58692.4
Q,MIO_EUR,NSA,S13,TE,CH,1995-Q1,21722.6
Q,MIO_EUR,NSA,S13,TE,CH,1995-Q2,22272
Q,MIO_EUR,NSA,S13,TE,CH,1995-Q3,22405.2
Q,MIO_EUR,NSA,S13,TE,CH,1995-Q4,23680.5
Q,MIO_EUR,NSA,S13,TE,CH,1996-Q1,22900.8
Q,MIO_EUR,NSA,S13,TE,CH,1996-Q2,22559.5
Q,MIO_EUR,NSA,S13,TE,CH,1996-Q3,22906.8
Q,MIO_EUR,NSA,S13,TE,CH,1996-Q4,22693.1
Q,MIO_EUR,NSA,S13,TE,CH,1997-Q1,21059
Q,MIO_EUR,NSA,S13,TE,CH,1997-Q2,21597.9
Q,MIO_EUR,NSA,S13,TE,CH,1997-Q3,22374.8
Q,MIO_EUR,NSA,S13,TE,CH,1997-Q4,23311.9
Q,MIO_EUR,NSA,S13,TE,CH,1998-Q1,22588.9
Q,MIO_EUR,NSA,S13,TE,CH,1998-Q2,22202.1
Q,MIO_EUR,NSA,S13,TE,CH,1998-Q3,22623.3
Q,MIO_EUR,NSA,S13,TE,CH,1998-Q4,23970.9
Q,MIO_EUR,NSA,S13,TE,CH,1999-Q1,23283.7
Q,MIO_EUR,NSA,S13,TE,CH,1999-Q2,23494.4
Q,MIO_EUR,NSA,S13,TE,CH,1999-Q3,24107.2
Q,MIO_EUR,NSA,S13,TE,CH,1999-Q4,25062.7
Q,MIO_EUR,NSA,S13,TE,CH,2000-Q1,24053.6
Q,MIO_EUR,NSA,S13,TE,CH,2000-Q2,24830.3
Q,MIO_EUR,NSA,S13,TE,CH,2000-Q3,25405
Q,MIO_EUR,NSA,S13,TE,CH,2000-Q4,26449.4
Q,MIO_EUR,NSA,S13,TE,CH,2001-Q1,25176
Q,MIO_EUR,NSA,S13,TE,CH,2001-Q2,25206.8
Q,MIO_EUR,NSA,S13,TE,CH,2001-Q3,26141.9
Q,MIO_EUR,NSA,S13,TE,CH,2001-Q4,27935.8
Q,MIO_EUR,NSA,S13,TE,CH,2002-Q1,27866
Q,MIO_EUR,NSA,S13,TE,CH,2002-Q2,28624.8
Q,MIO_EUR,NSA,S13,TE,CH,2002-Q3,29124
Q,MIO_EUR,NSA,S13,TE,CH,2002-Q4,29582.7
Q,MIO_EUR,NSA,S13,TE,CH,2003-Q1,28379.6
Q,MIO_EUR,NSA,S13,TE,CH,2003-Q2,27122.1
Q,MIO_EUR,NSA,S13,TE,CH,2003-Q3,26872.4
Q,MIO_EUR,NSA,S13,TE,CH,2003-Q4,27409.1
Q,MIO_EUR,NSA,S13,TE,CH,2004-Q1,26550.7
Q,MIO_EUR,NSA,S13,TE,CH,2004-Q2,27341.7
Q,MIO_EUR,NSA,S13,TE,CH,2004-Q3,27841.6
Q,MIO_EUR,NSA,S13,TE,CH,2004-Q4,28663.9
Q,MIO_EUR,NSA,S13,TE,CH,2005-Q1,27519
Q,MIO_EUR,NSA,S13,TE,CH,2005-Q2,27686.5
Q,MIO_EUR,NSA,S13,TE,CH,2005-Q3,27847.1
Q,MIO_EUR,NSA,S13,TE,CH,2005-Q4,28621
Q,MIO_EUR,NSA,S13,TE,CH,2006-Q1,27615
Q,MIO_EUR,NSA,S13,TE,CH,2006-Q2,27503.7
Q,MIO_EUR,NSA,S13,TE,CH,2006-Q3,27472.1
Q,MIO_EUR,NSA,S13,TE,CH,2006-Q4,27838.2
Q,MIO_EUR,NSA,S13,TE,CH,2007-Q1,26907.5
Q,MIO_EUR,NSA,S13,TE,CH,2007-Q2,26515.6
Q,MIO_EUR,NSA,S13,TE,CH,2007-Q3,26964.1
Q,MIO_EUR,NSA,S13,TE,CH,2007-Q4,27963.4
Q,MIO_EUR,NSA,S13,TE,CH,2008-Q1,29260.8
Q,MIO_EUR,NSA,S13,TE,CH,2008-Q2,29698
Q,MIO_EUR,NSA,S13,TE,CH,2008-Q3,27767.5
Q,MIO_EUR,NSA,S13,TE,CH,2008-Q4,32718
Q,MIO_EUR,NSA,S13,TE,CH,2009-Q1,32415
Q,MIO_EUR,NSA,S13,TE,CH,2009-Q2,32055.1
Q,MIO_EUR,NSA,S13,TE,CH,2009-Q3,32481.5
Q,MIO_EUR,NSA,S13,TE,CH,2009-Q4,33707.1
Q,MIO_EUR,NSA,S13,TE,CH,2010-Q1,33813.9
Q,MIO_EUR,NSA,S13,TE,CH,2010-Q2,35865.1
Q,MIO_EUR,NSA,S13,TE,CH,2010-Q3,37864.8
Q,MIO_EUR,NSA,S13,TE,CH,2010-Q4,39109.7
Q,MIO_EUR,NSA,S13,TE,CH,2011-Q1,39262.8
Q,MIO_EUR,NSA,S13,TE,CH,2011-Q2,40814.1
Q,MIO_EUR,NSA,S13,TE,CH,2011-Q3,44095.2
Q,MIO_EUR,NSA,S13,TE,CH,2011-Q4,42897.8
Q,MIO_EUR,NSA,S13,TE,CH,2012-Q1,42481.7
Q,MIO_EUR,NSA,S13,TE,CH,2012-Q2,43187.5
Q,MIO_EUR,NSA,S13,TE,CH,2012-Q3,43711.6
Q,MIO_EUR,NSA,S13,TE,CH,2012-Q4,44956
Q,MIO_EUR,NSA,S13,TE,CH,2013-Q1,43686.8
Q,MIO_EUR,NSA,S13,TE,CH,2013-Q2,44187.8
Q,MIO_EUR,NSA,S13,TE,CH,2013-Q3,44600.6
Q,MIO_EUR,NSA,S13,TE,CH,2013-Q4,45748.4
Q,MIO_EUR,NSA,S13,TE,CH,2014-Q1,44507.9
Q,MIO_EUR,NSA,S13,TE,CH,2014-Q2,45089.6
Q,MIO_EUR,NSA,S13,TE,CH,2014-Q3,45462.7
Q,MIO_EUR,NSA,S13,TE,CH,2014-Q4,46765.6
Q,MIO_EUR,NSA,S13,TE,CH,2015-Q1,51381.5
Q,MIO_EUR,NSA,S13,TE,CH,2015-Q2,53569
Q,MIO_EUR,NSA,S13,TE,CH,2015-Q3,52126.1
Q,MIO_EUR,NSA,S13,TE,CH,2015-Q4,52739.1
Q,MIO_EUR,NSA,S13,TE,CH,2016-Q1,51144.9
Q,MIO_EUR,NSA,S13,TE,CH,2016-Q2,51854.1
Q,MIO_EUR,NSA,S13,TE,CH,2016-Q3,52073.6
Q,MIO_EUR,NSA,S13,TE,CH,2016-Q4,53820.6
Q,MIO_EUR,NSA,S13,TE,CH,2017-Q1,53069
Q,MIO_EUR,NSA,S13,TE,CH,2017-Q2,53002.6
Q,MIO_EUR,NSA,S13,TE,CH,2017-Q3,50684.8
Q,MIO_EUR,NSA,S13,TE,CH,2017-Q4,50389.6
Q,MIO_EUR,NSA,S13,TE,CH,2018-Q1,49178.2
Q,MIO_EUR,NSA,S13,TE,CH,2018-Q2,49468.8
Q,MIO_EUR,NSA,S13,TE,CH,2018-Q3,51119.2
Q,MIO_EUR,NSA,S13,TE,CH,2018-Q4,52169.4
Q,MIO_EUR,NSA,S13,TE,CH,2019-Q1,51141.7
Q,MIO_EUR,NSA,S13,TE,CH,2019-Q2,51970.8
Q,MIO_EUR,NSA,S13,TE,CH,2019-Q3,54438
Q,MIO_EUR,NSA,S13,TE,CH,2019-Q4,56327.4
Q,MIO_EUR,NSA,S13,TE,CH,2020-Q1,60364.1
Q,MIO_EUR,NSA,S13,TE,CH,2020-Q2,62115.6
Q,MIO_EUR,NSA,S13,TE,CH,2020-Q3,62419.4
Q,MIO_EUR,NSA,S13,TE,CH,2020-Q4,63374.1
Q,MIO_EUR,NSA,S13,TE,CH,2021-Q1,60178.1
Q,MIO_EUR,NSA,S13,TE,CH,2021-Q2,60353.4
Q,MIO_EUR,NSA,S13,TE,CH,2021-Q3,61126
Q,MIO_EUR,NSA,S13,TE,CH,2021-Q4,64802.1
Q,MIO_EUR,NSA,S13,TE,CH,2022-Q1,61455.6
Q,MIO_EUR,NSA,S13,TE,CH,2022-Q2,62940
Q,MIO_EUR,NSA,S13,TE,CH,2022-Q3,66639.1
Q,MIO_EUR,NSA,S13,TE,CH,2022-Q4,66281.8
Q,MIO_EUR,NSA,S13,TE,CH,2023-Q1,66036.3
Q,MIO_EUR,NSA,S13,TE,CH,2023-Q2,67884.9
Q,MIO_EUR,NSA,S13,TE,CH,2023-Q3,70040.8
Q,MIO_EUR,NSA,S13,TE,CH,2023-Q4,72549.5
Q,MIO_EUR,NSA,S13,TE,CH,2024-Q1,72024.1
Q,MIO_EUR,NSA,S13,TE,CH,2024-Q2,71079.5
Q,MIO_EUR,NSA,S13,TE,CH,2024-Q3,73999.1
Q,MIO_EUR,NSA,S13,TE,CH,2024-Q4,75951.8
Q,MIO_EUR,NSA,S13,TE,CH,2025-Q1,74796.4
Q,MIO_EUR,NSA,S13,TE,CH,2025-Q2,76284.9
Q,MIO_EUR,NSA,S13,TE,CH,2025-Q3,76296.3
Q,MIO_EUR,NSA,S13,TE,CH,2025-Q4,78236.9
Q,MIO_EUR,NSA,S13,TE,CH,2026-Q1,80734.8
Q,MIO_EUR,SCA,S13,P2,EU27_2020,1995-Q1,
Q,MIO_EUR,SCA,S13,P2,EU27_2020,1995-Q2,
Q,MIO_EUR,SCA,S13,P2,EU27_2020,1995-Q3,
Q,MIO_EUR,SCA,S13,P2,EU27_2020,1995-Q4,
Q,MIO_EUR,SCA,S13,P2,EU27_2020,1996-Q1,
Q,MIO_EUR,SCA,S13,P2,EU27_2020,1996-Q2,
Q,MIO_EUR,SCA,S13,P2,EU27_2020,1996-Q3,
Q,MIO_EUR,SCA,S13,P2,EU27_2020,1996-Q4,
Q,MIO_EUR,SCA,S13,P2,EU27_2020,1997-Q1,
Q,MIO_EUR,SCA,S13,P2,EU27_2020,1997-Q2,
Q,MIO_EUR,SCA,S13,P2,EU27_2020,1997-Q3,
Q,MIO_EUR,SCA,S13,P2,EU27_2020,1997-Q4,
Q,MIO_EUR,SCA,S13,P2,EU27_2020,1998-Q1,
Q,MIO_EUR,SCA,S13,P2,EU27_2020,1998-Q2,
Q,MIO_EUR,SCA,S13,P2,EU27_2020,1998-Q3,
Q,MIO_EUR,SCA,S13,P2,EU27_2020,1998-Q4,
Q,MIO_EUR,SCA,S13,P2,EU27_2020,1999-Q1,
Q,MIO_EUR,SCA,S13,P2,EU27_2020,1999-Q2,
Q,MIO_EUR,SCA,S13,P2,EU27_2020,1999-Q3,
Q,MIO_EUR,SCA,S13,P2,EU27_2020,1999-Q4,
Q,MIO_EUR,SCA,S13,P2,EU27_2020,2000-Q1,
Q,MIO_EUR,SCA,S13,P2,EU27_2020,2000-Q2,
Q,MIO_EUR,SCA,S13,P2,EU27_2020,2000-Q3,
Q,MIO_EUR,SCA,S13,P2,EU27_2020,2000-Q4,
Q,MIO_EUR,SCA,S13,P2,EU27_2020,2001-Q1,
Q,MIO_EUR,SCA,S13,P2,EU27_2020,2001-Q2,
Q,MIO_EUR,SCA,S13,P2,EU27_2020,2001-Q3,
Q,MIO_EUR,SCA,S13,P2,EU27_2020,2001-Q4,
Q,MIO_EUR,SCA,S13,P2,EU27_2020,2002-Q1,
Q,MIO_EUR,SCA,S13,P2,EU27_2020,2002-Q2,
Q,MIO_EUR,SCA,S13,P2,EU27_2020,2002-Q3,
Q,MIO_EUR,SCA,S13,P2,EU27_2020,2002-Q4,
Q,MIO_EUR,SCA,S13,P2,EU27_2020,2003-Q1,
Q,MIO_EUR,SCA,S13,P2,EU27_2020,2003-Q2,
Q,MIO_EUR,SCA,S13,P2,EU27_2020,2003-Q3,
Q,MIO_EUR,SCA,S13,P2,EU27_2020,2003-Q4,
Q,MIO_EUR,SCA,S13,P2,EU27_2020,2004-Q1,
Q,MIO_EUR,SCA,S13,P2,EU27_2020,2004-Q2,
Q,MIO_EUR,SCA,S13,P2,EU27_2020,2004-Q3,
Q,MIO_EUR,SCA,S13,P2,EU27_2020,2004-Q4,
Q,MIO_EUR,SCA,S13,P2,EU27_2020,2005-Q1,
Q,MIO_EUR,SCA,S13,P2,EU27_2020,2005-Q2,
Q,MIO_EUR,SCA,S13,P2,EU27_2020,2005-Q3,
Q,MIO_EUR,SCA,S13,P2,EU27_2020,2005-Q4,
Q,MIO_EUR,SCA,S13,P2,EU27_2020,2006-Q1,
Q,MIO_EUR,SCA,S13,P2,EU27_2020,2006-Q2,
Q,MIO_EUR,SCA,S13,P2,EU27_2020,2006-Q3,
Q,MIO_EUR,SCA,S13,P2,EU27_2020,2006-Q4,
Q,MIO_EUR,SCA,S13,P2,EU27_2020,2007-Q1,
Q,MIO_EUR,SCA,S13,P2,EU27_2020,2007-Q2,
Q,MIO_EUR,SCA,S13,P2,EU27_2020,2007-Q3,
Q,MIO_EUR,SCA,S13,P2,EU27_2020,2007-Q4,
Q,MIO_EUR,SCA,S13,P2,EU27_2020,2008-Q1,
Q,MIO_EUR,SCA,S13,P2,EU27_2020,2008-Q2,
Q,MIO_EUR,SCA,S13,P2,EU27_2020,2008-Q3,
Q,MIO_EUR,SCA,S13,P2,EU27_2020,2008-Q4,
Q,MIO_EUR,SCA,S13,P2,EU27_2020,2009-Q1,
Q,MIO_EUR,SCA,S13,P2,EU27_2020,2009-Q2,
Q,MIO_EUR,SCA,S13,P2,EU27_2020,2009-Q3,
Q,MIO_EUR,SCA,S13,P2,EU27_2020,2009-Q4,
Q,MIO_EUR,SCA,S13,P2,EU27_2020,2010-Q1,
Q,MIO_EUR,SCA,S13,P2,EU27_2020,2010-Q2,
Q,MIO_EUR,SCA,S13,P2,EU27_2020,2010-Q3,
Q,MIO_EUR,SCA,S13,P2,EU27_2020,2010-Q4,
Q,MIO_EUR,SCA,S13,P2,EU27_2020,2011-Q1,
Q,MIO_EUR,SCA,S13,P2,EU27_2020,2011-Q2,
Q,MIO_EUR,SCA,S13,P2,EU27_2020,2011-Q3,
Q,MIO_EUR,SCA,S13,P2,EU27_2020,2011-Q4,
Q,MIO_EUR,SCA,S13,P2,EU27_2020,2012-Q1,
Q,MIO_EUR,SCA,S13,P2,EU27_2020,2012-Q2,
Q,MIO_EUR,SCA,S13,P2,EU27_2020,2012-Q3,
Q,MIO_EUR,SCA,S13,P2,EU27_2020,2012-Q4,
Q,MIO_EUR,SCA,S13,P2,EU27_2020,2013-Q1,
Q,MIO_EUR,SCA,S13,P2,EU27_2020,2013-Q2,
Q,MIO_EUR,SCA,S13,P2,EU27_2020,2013-Q3,
Q,MIO_EUR,SCA,S13,P2,EU27_2020,2013-Q4,
Q,MIO_EUR,SCA,S13,P2,EU27_2020,2014-Q1,
Q,MIO_EUR,SCA,S13,P2,EU27_2020,2014-Q2,
Q,MIO_EUR,SCA,S13,P2,EU27_2020,2014-Q3,
Q,MIO_EUR,SCA,S13,P2,EU27_2020,2014-Q4,
Q,MIO_EUR,SCA,S13,P2,EU27_2020,2015-Q1,
Q,MIO_EUR,SCA,S13,P2,EU27_2020,2015-Q2,
Q,MIO_EUR,SCA,S13,P2,EU27_2020,2015-Q3,
Q,MIO_EUR,SCA,S13,P2,EU27_2020,2015-Q4,
Q,MIO_EUR,SCA,S13,P2,EU27_2020,2016-Q1,
Q,MIO_EUR,SCA,S13,P2,EU27_2020,2016-Q2,
Q,MIO_EUR,SCA,S13,P2,EU27_2020,2016-Q3,
Q,MIO_EUR,SCA,S13,P2,EU27_2020,2016-Q4,
Q,MIO_EUR,SCA,S13,P2,EU27_2020,2017-Q1,
Q,MIO_EUR,SCA,S13,P2,EU27_2020,2017-Q2,
Q,MIO_EUR,SCA,S13,P2,EU27_2020,2017-Q3,
Q,MIO_EUR,SCA,S13,P2,EU27_2020,2017-Q4,
Q,MIO_EUR,SCA,S13,P2,EU27_2020,2018-Q1,
Q,MIO_EUR,SCA,S13,P2,EU27_2020,2018-Q2,
Q,MIO_EUR,SCA,S13,P2,EU27_2020,2018-Q3,
Q,MIO_EUR,SCA,S13,P2,EU27_2020,2018-Q4,
Q,MIO_EUR,SCA,S13,P2,EU27_2020,2019-Q1,
Q,MIO_EUR,SCA,S13,P2,EU27_2020,2019-Q2,
Q,MIO_EUR,SCA,S13,P2,EU27_2020,2019-Q3,
Q,MIO_EUR,SCA,S13,P2,EU27_2020,2019-Q4,
Q,MIO_EUR,SCA,S13,P2,EU27_2020,2020-Q1,
Q,MIO_EUR,SCA,S13,P2,EU27_2020,2020-Q2,
Q,MIO_EUR,SCA,S13,P2,EU27_2020,2020-Q3,
Q,MIO_EUR,SCA,S13,P2,EU27_2020,2020-Q4,
Q,MIO_EUR,SCA,S13,P2,EU27_2020,2021-Q1,
Q,MIO_EUR,SCA,S13,P2,EU27_2020,2021-Q2,
Q,MIO_EUR,SCA,S13,P2,EU27_2020,2021-Q3,
Q,MIO_EUR,SCA,S13,P2,EU27_2020,2021-Q4,
Q,MIO_EUR,SCA,S13,P2,EU27_2020,2022-Q1,
Q,MIO_EUR,SCA,S13,P2,EU27_2020,2022-Q2,
Q,MIO_EUR,SCA,S13,P2,EU27_2020,2022-Q3,
Q,MIO_EUR,SCA,S13,P2,EU27_2020,2022-Q4,
Q,MIO_EUR,SCA,S13,P2,EU27_2020,2023-Q1,
Q,MIO_EUR,SCA,S13,P2,EU27_2020,2023-Q2,
Q,MIO_EUR,SCA,S13,P2,EU27_2020,2023-Q3,
Q,MIO_EUR,SCA,S13,P2,EU27_2020,2023-Q4,
Q,MIO_EUR,SCA,S13,P2,EU27_2020,2024-Q1,
Q,MIO_EUR,SCA,S13,P2,EU27_2020,2024-Q2,
Q,MIO_EUR,SCA,S13,P2,EU27_2020,2024-Q3,
Q,MIO_EUR,SCA,S13,P2,EU27_2020,2024-Q4,
Q,MIO_EUR,SCA,S13,P2,EU27_2020,2025-Q1,
Q,MIO_EUR,SCA,S13,P2,EU27_2020,2025-Q2,
Q,MIO_EUR,SCA,S13,P2,EU27_2020,2025-Q3,
Q,MIO_EUR,SCA,S13,P2,EU27_2020,2025-Q4,
Q,MIO_EUR,SCA,S13,P2,EU27_2020,2026-Q1,
Q,MIO_EUR,SCA,S13,P2,EA21,1995-Q1,
Q,MIO_EUR,SCA,S13,P2,EA21,1995-Q2,
Q,MIO_EUR,SCA,S13,P2,EA21,1995-Q3,
Q,MIO_EUR,SCA,S13,P2,EA21,1995-Q4,
Q,MIO_EUR,SCA,S13,P2,EA21,1996-Q1,
Q,MIO_EUR,SCA,S13,P2,EA21,1996-Q2,
Q,MIO_EUR,SCA,S13,P2,EA21,1996-Q3,
Q,MIO_EUR,SCA,S13,P2,EA21,1996-Q4,
Q,MIO_EUR,SCA,S13,P2,EA21,1997-Q1,
Q,MIO_EUR,SCA,S13,P2,EA21,1997-Q2,
Q,MIO_EUR,SCA,S13,P2,EA21,1997-Q3,
Q,MIO_EUR,SCA,S13,P2,EA21,1997-Q4,
Q,MIO_EUR,SCA,S13,P2,EA21,1998-Q1,
Q,MIO_EUR,SCA,S13,P2,EA21,1998-Q2,
Q,MIO_EUR,SCA,S13,P2,EA21,1998-Q3,
Q,MIO_EUR,SCA,S13,P2,EA21,1998-Q4,
Q,MIO_EUR,SCA,S13,P2,EA21,1999-Q1,
Q,MIO_EUR,SCA,S13,P2,EA21,1999-Q2,
Q,MIO_EUR,SCA,S13,P2,EA21,1999-Q3,
Q,MIO_EUR,SCA,S13,P2,EA21,1999-Q4,
Q,MIO_EUR,SCA,S13,P2,EA21,2000-Q1,
Q,MIO_EUR,SCA,S13,P2,EA21,2000-Q2,
Q,MIO_EUR,SCA,S13,P2,EA21,2000-Q3,
Q,MIO_EUR,SCA,S13,P2,EA21,2000-Q4,
Q,MIO_EUR,SCA,S13,P2,EA21,2001-Q1,
Q,MIO_EUR,SCA,S13,P2,EA21,2001-Q2,
Q,MIO_EUR,SCA,S13,P2,EA21,2001-Q3,
Q,MIO_EUR,SCA,S13,P2,EA21,2001-Q4,
Q,MIO_EUR,SCA,S13,P2,EA21,2002-Q1,
Q,MIO_EUR,SCA,S13,P2,EA21,2002-Q2,
Q,MIO_EUR,SCA,S13,P2,EA21,2002-Q3,
Q,MIO_EUR,SCA,S13,P2,EA21,2002-Q4,
Q,MIO_EUR,SCA,S13,P2,EA21,2003-Q1,
Q,MIO_EUR,SCA,S13,P2,EA21,2003-Q2,
Q,MIO_EUR,SCA,S13,P2,EA21,2003-Q3,
Q,MIO_EUR,SCA,S13,P2,EA21,2003-Q4,
Q,MIO_EUR,SCA,S13,P2,EA21,2004-Q1,
Q,MIO_EUR,SCA,S13,P2,EA21,2004-Q2,
Q,MIO_EUR,SCA,S13,P2,EA21,2004-Q3,
Q,MIO_EUR,SCA,S13,P2,EA21,2004-Q4,
Q,MIO_EUR,SCA,S13,P2,EA21,2005-Q1,
Q,MIO_EUR,SCA,S13,P2,EA21,2005-Q2,
Q,MIO_EUR,SCA,S13,P2,EA21,2005-Q3,
Q,MIO_EUR,SCA,S13,P2,EA21,2005-Q4,
Q,MIO_EUR,SCA,S13,P2,EA21,2006-Q1,
Q,MIO_EUR,SCA,S13,P2,EA21,2006-Q2,
Q,MIO_EUR,SCA,S13,P2,EA21,2006-Q3,
Q,MIO_EUR,SCA,S13,P2,EA21,2006-Q4,
Q,MIO_EUR,SCA,S13,P2,EA21,2007-Q1,
Q,MIO_EUR,SCA,S13,P2,EA21,2007-Q2,
Q,MIO_EUR,SCA,S13,P2,EA21,2007-Q3,
Q,MIO_EUR,SCA,S13,P2,EA21,2007-Q4,
Q,MIO_EUR,SCA,S13,P2,EA21,2008-Q1,
Q,MIO_EUR,SCA,S13,P2,EA21,2008-Q2,
Q,MIO_EUR,SCA,S13,P2,EA21,2008-Q3,
Q,MIO_EUR,SCA,S13,P2,EA21,2008-Q4,
Q,MIO_EUR,SCA,S13,P2,EA21,2009-Q1,
Q,MIO_EUR,SCA,S13,P2,EA21,2009-Q2,
Q,MIO_EUR,SCA,S13,P2,EA21,2009-Q3,
Q,MIO_EUR,SCA,S13,P2,EA21,2009-Q4,
Q,MIO_EUR,SCA,S13,P2,EA21,2010-Q1,
Q,MIO_EUR,SCA,S13,P2,EA21,2010-Q2,
Q,MIO_EUR,SCA,S13,P2,EA21,2010-Q3,
Q,MIO_EUR,SCA,S13,P2,EA21,2010-Q4,
Q,MIO_EUR,SCA,S13,P2,EA21,2011-Q1,
Q,MIO_EUR,SCA,S13,P2,EA21,2011-Q2,
Q,MIO_EUR,SCA,S13,P2,EA21,2011-Q3,
Q,MIO_EUR,SCA,S13,P2,EA21,2011-Q4,
Q,MIO_EUR,SCA,S13,P2,EA21,2012-Q1,
Q,MIO_EUR,SCA,S13,P2,EA21,2012-Q2,
Q,MIO_EUR,SCA,S13,P2,EA21,2012-Q3,
Q,MIO_EUR,SCA,S13,P2,EA21,2012-Q4,
Q,MIO_EUR,SCA,S13,P2,EA21,2013-Q1,
Q,MIO_EUR,SCA,S13,P2,EA21,2013-Q2,
Q,MIO_EUR,SCA,S13,P2,EA21,2013-Q3,
Q,MIO_EUR,SCA,S13,P2,EA21,2013-Q4,
Q,MIO_EUR,SCA,S13,P2,EA21,2014-Q1,
Q,MIO_EUR,SCA,S13,P2,EA21,2014-Q2,
Q,MIO_EUR,SCA,S13,P2,EA21,2014-Q3,
Q,MIO_EUR,SCA,S13,P2,EA21,2014-Q4,
Q,MIO_EUR,SCA,S13,P2,EA21,2015-Q1,
Q,MIO_EUR,SCA,S13,P2,EA21,2015-Q2,
Q,MIO_EUR,SCA,S13,P2,EA21,2015-Q3,
Q,MIO_EUR,SCA,S13,P2,EA21,2015-Q4,
Q,MIO_EUR,SCA,S13,P2,EA21,2016-Q1,
Q,MIO_EUR,SCA,S13,P2,EA21,2016-Q2,
Q,MIO_EUR,SCA,S13,P2,EA21,2016-Q3,
Q,MIO_EUR,SCA,S13,P2,EA21,2016-Q4,
Q,MIO_EUR,SCA,S13,P2,EA21,2017-Q1,
Q,MIO_EUR,SCA,S13,P2,EA21,2017-Q2,
Q,MIO_EUR,SCA,S13,P2,EA21,2017-Q3,
Q,MIO_EUR,SCA,S13,P2,EA21,2017-Q4,
Q,MIO_EUR,SCA,S13,P2,EA21,2018-Q1,
Q,MIO_EUR,SCA,S13,P2,EA21,2018-Q2,
Q,MIO_EUR,SCA,S13,P2,EA21,2018-Q3,
Q,MIO_EUR,SCA,S13,P2,EA21,2018-Q4,
Q,MIO_EUR,SCA,S13,P2,EA21,2019-Q1,
Q,MIO_EUR,SCA,S13,P2,EA21,2019-Q2,
Q,MIO_EUR,SCA,S13,P2,EA21,2019-Q3,
Q,MIO_EUR,SCA,S13,P2,EA21,2019-Q4,
Q,MIO_EUR,SCA,S13,P2,EA21,2020-Q1,
Q,MIO_EUR,SCA,S13,P2,EA21,2020-Q2,
Q,MIO_EUR,SCA,S13,P2,EA21,2020-Q3,
Q,MIO_EUR,SCA,S13,P2,EA21,2020-Q4,
Q,MIO_EUR,SCA,S13,P2,EA21,2021-Q1,
Q,MIO_EUR,SCA,S13,P2,EA21,2021-Q2,
Q,MIO_EUR,SCA,S13,P2,EA21,2021-Q3,
Q,MIO_EUR,SCA,S13,P2,EA21,2021-Q4,
Q,MIO_EUR,SCA,S13,P2,EA21,2022-Q1,
Q,MIO_EUR,SCA,S13,P2,EA21,2022-Q2,
Q,MIO_EUR,SCA,S13,P2,EA21,2022-Q3,
Q,MIO_EUR,SCA,S13,P2,EA21,2022-Q4,
Q,MIO_EUR,SCA,S13,P2,EA21,2023-Q1,
Q,MIO_EUR,SCA,S13,P2,EA21,2023-Q2,
Q,MIO_EUR,SCA,S13,P2,EA21,2023-Q3,
Q,MIO_EUR,SCA,S13,P2,EA21,2023-Q4,
Q,MIO_EUR,SCA,S13,P2,EA21,2024-Q1,
Q,MIO_EUR,SCA,S13,P2,EA21,2024-Q2,
Q,MIO_EUR,SCA,S13,P2,EA21,2024-Q3,
Q,MIO_EUR,SCA,S13,P2,EA21,2024-Q4,
Q,MIO_EUR,SCA,S13,P2,EA21,2025-Q1,
Q,MIO_EUR,SCA,S13,P2,EA21,2025-Q2,
Q,MIO_EUR,SCA,S13,P2,EA21,2025-Q3,
Q,MIO_EUR,SCA,S13,P2,EA21,2025-Q4,
Q,MIO_EUR,SCA,S13,P2,EA21,2026-Q1,
Q,MIO_EUR,SCA,S13,P2,EA20,1995-Q1,
Q,MIO_EUR,SCA,S13,P2,EA20,1995-Q2,
Q,MIO_EUR,SCA,S13,P2,EA20,1995-Q3,
Q,MIO_EUR,SCA,S13,P2,EA20,1995-Q4,
Q,MIO_EUR,SCA,S13,P2,EA20,1996-Q1,
Q,MIO_EUR,SCA,S13,P2,EA20,1996-Q2,
Q,MIO_EUR,SCA,S13,P2,EA20,1996-Q3,
Q,MIO_EUR,SCA,S13,P2,EA20,1996-Q4,
Q,MIO_EUR,SCA,S13,P2,EA20,1997-Q1,
Q,MIO_EUR,SCA,S13,P2,EA20,1997-Q2,
Q,MIO_EUR,SCA,S13,P2,EA20,1997-Q3,
Q,MIO_EUR,SCA,S13,P2,EA20,1997-Q4,
Q,MIO_EUR,SCA,S13,P2,EA20,1998-Q1,
Q,MIO_EUR,SCA,S13,P2,EA20,1998-Q2,
Q,MIO_EUR,SCA,S13,P2,EA20,1998-Q3,
Q,MIO_EUR,SCA,S13,P2,EA20,1998-Q4,
Q,MIO_EUR,SCA,S13,P2,EA20,1999-Q1,
Q,MIO_EUR,SCA,S13,P2,EA20,1999-Q2,
Q,MIO_EUR,SCA,S13,P2,EA20,1999-Q3,
Q,MIO_EUR,SCA,S13,P2,EA20,1999-Q4,
Q,MIO_EUR,SCA,S13,P2,EA20,2000-Q1,
Q,MIO_EUR,SCA,S13,P2,EA20,2000-Q2,
Q,MIO_EUR,SCA,S13,P2,EA20,2000-Q3,
Q,MIO_EUR,SCA,S13,P2,EA20,2000-Q4,
Q,MIO_EUR,SCA,S13,P2,EA20,2001-Q1,
Q,MIO_EUR,SCA,S13,P2,EA20,2001-Q2,
Q,MIO_EUR,SCA,S13,P2,EA20,2001-Q3,
Q,MIO_EUR,SCA,S13,P2,EA20,2001-Q4,
Q,MIO_EUR,SCA,S13,P2,EA20,2002-Q1,
Q,MIO_EUR,SCA,S13,P2,EA20,2002-Q2,
Q,MIO_EUR,SCA,S13,P2,EA20,2002-Q3,
Q,MIO_EUR,SCA,S13,P2,EA20,2002-Q4,
Q,MIO_EUR,SCA,S13,P2,EA20,2003-Q1,
Q,MIO_EUR,SCA,S13,P2,EA20,2003-Q2,
Q,MIO_EUR,SCA,S13,P2,EA20,2003-Q3,
Q,MIO_EUR,SCA,S13,P2,EA20,2003-Q4,
Q,MIO_EUR,SCA,S13,P2,EA20,2004-Q1,
Q,MIO_EUR,SCA,S13,P2,EA20,2004-Q2,
Q,MIO_EUR,SCA,S13,P2,EA20,2004-Q3,
Q,MIO_EUR,SCA,S13,P2,EA20,2004-Q4,
Q,MIO_EUR,SCA,S13,P2,EA20,2005-Q1,
Q,MIO_EUR,SCA,S13,P2,EA20,2005-Q2,
Q,MIO_EUR,SCA,S13,P2,EA20,2005-Q3,
Q,MIO_EUR,SCA,S13,P2,EA20,2005-Q4,
Q,MIO_EUR,SCA,S13,P2,EA20,2006-Q1,
Q,MIO_EUR,SCA,S13,P2,EA20,2006-Q2,
Q,MIO_EUR,SCA,S13,P2,EA20,2006-Q3,
Q,MIO_EUR,SCA,S13,P2,EA20,2006-Q4,
Q,MIO_EUR,SCA,S13,P2,EA20,2007-Q1,
Q,MIO_EUR,SCA,S13,P2,EA20,2007-Q2,
Q,MIO_EUR,SCA,S13,P2,EA20,2007-Q3,
Q,MIO_EUR,SCA,S13,P2,EA20,2007-Q4,
Q,MIO_EUR,SCA,S13,P2,EA20,2008-Q1,
Q,MIO_EUR,SCA,S13,P2,EA20,2008-Q2,
Q,MIO_EUR,SCA,S13,P2,EA20,2008-Q3,
Q,MIO_EUR,SCA,S13,P2,EA20,2008-Q4,
Q,MIO_EUR,SCA,S13,P2,EA20,2009-Q1,
Q,MIO_EUR,SCA,S13,P2,EA20,2009-Q2,
Q,MIO_EUR,SCA,S13,P2,EA20,2009-Q3,
Q,MIO_EUR,SCA,S13,P2,EA20,2009-Q4,
Q,MIO_EUR,SCA,S13,P2,EA20,2010-Q1,
Q,MIO_EUR,SCA,S13,P2,EA20,2010-Q2,
Q,MIO_EUR,SCA,S13,P2,EA20,2010-Q3,
Q,MIO_EUR,SCA,S13,P2,EA20,2010-Q4,
Q,MIO_EUR,SCA,S13,P2,EA20,2011-Q1,
Q,MIO_EUR,SCA,S13,P2,EA20,2011-Q2,
Q,MIO_EUR,SCA,S13,P2,EA20,2011-Q3,
Q,MIO_EUR,SCA,S13,P2,EA20,2011-Q4,
Q,MIO_EUR,SCA,S13,P2,EA20,2012-Q1,
Q,MIO_EUR,SCA,S13,P2,EA20,2012-Q2,
Q,MIO_EUR,SCA,S13,P2,EA20,2012-Q3,
Q,MIO_EUR,SCA,S13,P2,EA20,2012-Q4,
Q,MIO_EUR,SCA,S13,P2,EA20,2013-Q1,
Q,MIO_EUR,SCA,S13,P2,EA20,2013-Q2,
Q,MIO_EUR,SCA,S13,P2,EA20,2013-Q3,
Q,MIO_EUR,SCA,S13,P2,EA20,2013-Q4,
Q,MIO_EUR,SCA,S13,P2,EA20,2014-Q1,
Q,MIO_EUR,SCA,S13,P2,EA20,2014-Q2,
Q,MIO_EUR,SCA,S13,P2,EA20,2014-Q3,
Q,MIO_EUR,SCA,S13,P2,EA20,2014-Q4,
Q,MIO_EUR,SCA,S13,P2,EA20,2015-Q1,
Q,MIO_EUR,SCA,S13,P2,EA20,2015-Q2,
Q,MIO_EUR,SCA,S13,P2,EA20,2015-Q3,
Q,MIO_EUR,SCA,S13,P2,EA20,2015-Q4,
Q,MIO_EUR,SCA,S13,P2,EA20,2016-Q1,
Q,MIO_EUR,SCA,S13,P2,EA20,2016-Q2,
Q,MIO_EUR,SCA,S13,P2,EA20,2016-Q3,
Q,MIO_EUR,SCA,S13,P2,EA20,2016-Q4,
Q,MIO_EUR,SCA,S13,P2,EA20,2017-Q1,
Q,MIO_EUR,SCA,S13,P2,EA20,2017-Q2,
Q,MIO_EUR,SCA,S13,P2,EA20,2017-Q3,
Q,MIO_EUR,SCA,S13,P2,EA20,2017-Q4,
Q,MIO_EUR,SCA,S13,P2,EA20,2018-Q1,
Q,MIO_EUR,SCA,S13,P2,EA20,2018-Q2,
Q,MIO_EUR,SCA,S13,P2,EA20,2018-Q3,
Q,MIO_EUR,SCA,S13,P2,EA20,2018-Q4,
Q,MIO_EUR,SCA,S13,P2,EA20,2019-Q1,
Q,MIO_EUR,SCA,S13,P2,EA20,2019-Q2,
Q,MIO_EUR,SCA,S13,P2,EA20,2019-Q3,
Q,MIO_EUR,SCA,S13,P2,EA20,2019-Q4,
Q,MIO_EUR,SCA,S13,P2,EA20,2020-Q1,
Q,MIO_EUR,SCA,S13,P2,EA20,2020-Q2,
Q,MIO_EUR,SCA,S13,P2,EA20,2020-Q3,
Q,MIO_EUR,SCA,S13,P2,EA20,2020-Q4,
Q,MIO_EUR,SCA,S13,P2,EA20,2021-Q1,
Q,MIO_EUR,SCA,S13,P2,EA20,2021-Q2,
Q,MIO_EUR,SCA,S13,P2,EA20,2021-Q3,
Q,MIO_EUR,SCA,S13,P2,EA20,2021-Q4,
Q,MIO_EUR,SCA,S13,P2,EA20,2022-Q1,
Q,MIO_EUR,SCA,S13,P2,EA20,2022-Q2,
Q,MIO_EUR,SCA,S13,P2,EA20,2022-Q3,
Q,MIO_EUR,SCA,S13,P2,EA20,2022-Q4,
Q,MIO_EUR,SCA,S13,P2,EA20,2023-Q1,
Q,MIO_EUR,SCA,S13,P2,EA20,2023-Q2,
Q,MIO_EUR,SCA,S13,P2,EA20,2023-Q3,
Q,MIO_EUR,SCA,S13,P2,EA20,2023-Q4,
Q,MIO_EUR,SCA,S13,P2,EA20,2024-Q1,
Q,MIO_EUR,SCA,S13,P2,EA20,2024-Q2,
Q,MIO_EUR,SCA,S13,P2,EA20,2024-Q3,
Q,MIO_EUR,SCA,S13,P2,EA20,2024-Q4,
Q,MIO_EUR,SCA,S13,P2,EA20,2025-Q1,
Q,MIO_EUR,SCA,S13,P2,EA20,2025-Q2,
Q,MIO_EUR,SCA,S13,P2,EA20,2025-Q3,
Q,MIO_EUR,SCA,S13,P2,EA20,2025-Q4,
Q,MIO_EUR,SCA,S13,P2,EA20,2026-Q1,
Q,MIO_EUR,SCA,S13,P2,EA19,1995-Q1,
Q,MIO_EUR,SCA,S13,P2,EA19,1995-Q2,
Q,MIO_EUR,SCA,S13,P2,EA19,1995-Q3,
Q,MIO_EUR,SCA,S13,P2,EA19,1995-Q4,
Q,MIO_EUR,SCA,S13,P2,EA19,1996-Q1,
Q,MIO_EUR,SCA,S13,P2,EA19,1996-Q2,
Q,MIO_EUR,SCA,S13,P2,EA19,1996-Q3,
Q,MIO_EUR,SCA,S13,P2,EA19,1996-Q4,
Q,MIO_EUR,SCA,S13,P2,EA19,1997-Q1,
Q,MIO_EUR,SCA,S13,P2,EA19,1997-Q2,
Q,MIO_EUR,SCA,S13,P2,EA19,1997-Q3,
Q,MIO_EUR,SCA,S13,P2,EA19,1997-Q4,
Q,MIO_EUR,SCA,S13,P2,EA19,1998-Q1,
Q,MIO_EUR,SCA,S13,P2,EA19,1998-Q2,
Q,MIO_EUR,SCA,S13,P2,EA19,1998-Q3,
Q,MIO_EUR,SCA,S13,P2,EA19,1998-Q4,
Q,MIO_EUR,SCA,S13,P2,EA19,1999-Q1,
Q,MIO_EUR,SCA,S13,P2,EA19,1999-Q2,
Q,MIO_EUR,SCA,S13,P2,EA19,1999-Q3,
Q,MIO_EUR,SCA,S13,P2,EA19,1999-Q4,
Q,MIO_EUR,SCA,S13,P2,EA19,2000-Q1,
Q,MIO_EUR,SCA,S13,P2,EA19,2000-Q2,
Q,MIO_EUR,SCA,S13,P2,EA19,2000-Q3,
Q,MIO_EUR,SCA,S13,P2,EA19,2000-Q4,
Q,MIO_EUR,SCA,S13,P2,EA19,2001-Q1,
Q,MIO_EUR,SCA,S13,P2,EA19,2001-Q2,
Q,MIO_EUR,SCA,S13,P2,EA19,2001-Q3,
Q,MIO_EUR,SCA,S13,P2,EA19,2001-Q4,
Q,MIO_EUR,SCA,S13,P2,EA19,2002-Q1,
Q,MIO_EUR,SCA,S13,P2,EA19,2002-Q2,
Q,MIO_EUR,SCA,S13,P2,EA19,2002-Q3,
Q,MIO_EUR,SCA,S13,P2,EA19,2002-Q4,
Q,MIO_EUR,SCA,S13,P2,EA19,2003-Q1,
Q,MIO_EUR,SCA,S13,P2,EA19,2003-Q2,
Q,MIO_EUR,SCA,S13,P2,EA19,2003-Q3,
Q,MIO_EUR,SCA,S13,P2,EA19,2003-Q4,
Q,MIO_EUR,SCA,S13,P2,EA19,2004-Q1,
Q,MIO_EUR,SCA,S13,P2,EA19,2004-Q2,
Q,MIO_EUR,SCA,S13,P2,EA19,2004-Q3,
Q,MIO_EUR,SCA,S13,P2,EA19,2004-Q4,
Q,MIO_EUR,SCA,S13,P2,EA19,2005-Q1,
Q,MIO_EUR,SCA,S13,P2,EA19,2005-Q2,
Q,MIO_EUR,SCA,S13,P2,EA19,2005-Q3,
Q,MIO_EUR,SCA,S13,P2,EA19,2005-Q4,
Q,MIO_EUR,SCA,S13,P2,EA19,2006-Q1,
Q,MIO_EUR,SCA,S13,P2,EA19,2006-Q2,
Q,MIO_EUR,SCA,S13,P2,EA19,2006-Q3,
Q,MIO_EUR,SCA,S13,P2,EA19,2006-Q4,
Q,MIO_EUR,SCA,S13,P2,EA19,2007-Q1,
Q,MIO_EUR,SCA,S13,P2,EA19,2007-Q2,
Q,MIO_EUR,SCA,S13,P2,EA19,2007-Q3,
Q,MIO_EUR,SCA,S13,P2,EA19,2007-Q4,
Q,MIO_EUR,SCA,S13,P2,EA19,2008-Q1,
Q,MIO_EUR,SCA,S13,P2,EA19,2008-Q2,
Q,MIO_EUR,SCA,S13,P2,EA19,2008-Q3,
Q,MIO_EUR,SCA,S13,P2,EA19,2008-Q4,
Q,MIO_EUR,SCA,S13,P2,EA19,2009-Q1,
Q,MIO_EUR,SCA,S13,P2,EA19,2009-Q2,
Q,MIO_EUR,SCA,S13,P2,EA19,2009-Q3,
Q,MIO_EUR,SCA,S13,P2,EA19,2009-Q4,
Q,MIO_EUR,SCA,S13,P2,EA19,2010-Q1,
Q,MIO_EUR,SCA,S13,P2,EA19,2010-Q2,
Q,MIO_EUR,SCA,S13,P2,EA19,2010-Q3,
Q,MIO_EUR,SCA,S13,P2,EA19,2010-Q4,
Q,MIO_EUR,SCA,S13,P2,EA19,2011-Q1,
Q,MIO_EUR,SCA,S13,P2,EA19,2011-Q2,
Q,MIO_EUR,SCA,S13,P2,EA19,2011-Q3,
Q,MIO_EUR,SCA,S13,P2,EA19,2011-Q4,
Q,MIO_EUR,SCA,S13,P2,EA19,2012-Q1,
Q,MIO_EUR,SCA,S13,P2,EA19,2012-Q2,
Q,MIO_EUR,SCA,S13,P2,EA19,2012-Q3,
Q,MIO_EUR,SCA,S13,P2,EA19,2012-Q4,
Q,MIO_EUR,SCA,S13,P2,EA19,2013-Q1,
Q,MIO_EUR,SCA,S13,P2,EA19,2013-Q2,
Q,MIO_EUR,SCA,S13,P2,EA19,2013-Q3,
Q,MIO_EUR,SCA,S13,P2,EA19,2013-Q4,
Q,MIO_EUR,SCA,S13,P2,EA19,2014-Q1,
Q,MIO_EUR,SCA,S13,P2,EA19,2014-Q2,
Q,MIO_EUR,SCA,S13,P2,EA19,2014-Q3,
Q,MIO_EUR,SCA,S13,P2,EA19,2014-Q4,
Q,MIO_EUR,SCA,S13,P2,EA19,2015-Q1,
Q,MIO_EUR,SCA,S13,P2,EA19,2015-Q2,
Q,MIO_EUR,SCA,S13,P2,EA19,2015-Q3,
Q,MIO_EUR,SCA,S13,P2,EA19,2015-Q4,
Q,MIO_EUR,SCA,S13,P2,EA19,2016-Q1,
Q,MIO_EUR,SCA,S13,P2,EA19,2016-Q2,
Q,MIO_EUR,SCA,S13,P2,EA19,2016-Q3,
Q,MIO_EUR,SCA,S13,P2,EA19,2016-Q4,
Q,MIO_EUR,SCA,S13,P2,EA19,2017-Q1,
Q,MIO_EUR,SCA,S13,P2,EA19,2017-Q2,
Q,MIO_EUR,SCA,S13,P2,EA19,2017-Q3,
Q,MIO_EUR,SCA,S13,P2,EA19,2017-Q4,
Q,MIO_EUR,SCA,S13,P2,EA19,2018-Q1,
Q,MIO_EUR,SCA,S13,P2,EA19,2018-Q2,
Q,MIO_EUR,SCA,S13,P2,EA19,2018-Q3,
Q,MIO_EUR,SCA,S13,P2,EA19,2018-Q4,
Q,MIO_EUR,SCA,S13,P2,EA19,2019-Q1,
Q,MIO_EUR,SCA,S13,P2,EA19,2019-Q2,
Q,MIO_EUR,SCA,S13,P2,EA19,2019-Q3,
Q,MIO_EUR,SCA,S13,P2,EA19,2019-Q4,
Q,MIO_EUR,SCA,S13,P2,EA19,2020-Q1,
Q,MIO_EUR,SCA,S13,P2,EA19,2020-Q2,
Q,MIO_EUR,SCA,S13,P2,EA19,2020-Q3,
Q,MIO_EUR,SCA,S13,P2,EA19,2020-Q4,
Q,MIO_EUR,SCA,S13,P2,EA19,2021-Q1,
Q,MIO_EUR,SCA,S13,P2,EA19,2021-Q2,
Q,MIO_EUR,SCA,S13,P2,EA19,2021-Q3,
Q,MIO_EUR,SCA,S13,P2,EA19,2021-Q4,
Q,MIO_EUR,SCA,S13,P2,EA19,2022-Q1,
Q,MIO_EUR,SCA,S13,P2,EA19,2022-Q2,
Q,MIO_EUR,SCA,S13,P2,EA19,2022-Q3,
Q,MIO_EUR,SCA,S13,P2,EA19,2022-Q4,
Q,MIO_EUR,SCA,S13,P2,EA19,2023-Q1,
Q,MIO_EUR,SCA,S13,P2,EA19,2023-Q2,
Q,MIO_EUR,SCA,S13,P2,EA19,2023-Q3,
Q,MIO_EUR,SCA,S13,P2,EA19,2023-Q4,
Q,MIO_EUR,SCA,S13,P2,EA19,2024-Q1,
Q,MIO_EUR,SCA,S13,P2,EA19,2024-Q2,
Q,MIO_EUR,SCA,S13,P2,EA19,2024-Q3,
Q,MIO_EUR,SCA,S13,P2,EA19,2024-Q4,
Q,MIO_EUR,SCA,S13,P2,EA19,2025-Q1,
Q,MIO_EUR,SCA,S13,P2,EA19,2025-Q2,
Q,MIO_EUR,SCA,S13,P2,EA19,2025-Q3,
Q,MIO_EUR,SCA,S13,P2,EA19,2025-Q4,
Q,MIO_EUR,SCA,S13,P2,EA19,2026-Q1,
Q,MIO_EUR,SCA,S13,P2,BE,1995-Q1,
Q,MIO_EUR,SCA,S13,P2,BE,1995-Q2,
Q,MIO_EUR,SCA,S13,P2,BE,1995-Q3,
Q,MIO_EUR,SCA,S13,P2,BE,1995-Q4,
Q,MIO_EUR,SCA,S13,P2,BE,1996-Q1,
Q,MIO_EUR,SCA,S13,P2,BE,1996-Q2,
Q,MIO_EUR,SCA,S13,P2,BE,1996-Q3,
Q,MIO_EUR,SCA,S13,P2,BE,1996-Q4,
Q,MIO_EUR,SCA,S13,P2,BE,1997-Q1,
Q,MIO_EUR,SCA,S13,P2,BE,1997-Q2,
Q,MIO_EUR,SCA,S13,P2,BE,1997-Q3,
Q,MIO_EUR,SCA,S13,P2,BE,1997-Q4,
Q,MIO_EUR,SCA,S13,P2,BE,1998-Q1,
Q,MIO_EUR,SCA,S13,P2,BE,1998-Q2,
Q,MIO_EUR,SCA,S13,P2,BE,1998-Q3,
Q,MIO_EUR,SCA,S13,P2,BE,1998-Q4,
Q,MIO_EUR,SCA,S13,P2,BE,1999-Q1,2179.6
Q,MIO_EUR,SCA,S13,P2,BE,1999-Q2,2199.3
Q,MIO_EUR,SCA,S13,P2,BE,1999-Q3,2219.2
Q,MIO_EUR,SCA,S13,P2,BE,1999-Q4,2412.2
Q,MIO_EUR,SCA,S13,P2,BE,2000-Q1,2308.5
Q,MIO_EUR,SCA,S13,P2,BE,2000-Q2,2377.6
Q,MIO_EUR,SCA,S13,P2,BE,2000-Q3,2328.2
Q,MIO_EUR,SCA,S13,P2,BE,2000-Q4,2438
Q,MIO_EUR,SCA,S13,P2,BE,2001-Q1,2406.1
Q,MIO_EUR,SCA,S13,P2,BE,2001-Q2,2407.1
Q,MIO_EUR,SCA,S13,P2,BE,2001-Q3,2522
Q,MIO_EUR,SCA,S13,P2,BE,2001-Q4,2696.7
Q,MIO_EUR,SCA,S13,P2,BE,2002-Q1,2713.7
Q,MIO_EUR,SCA,S13,P2,BE,2002-Q2,2839.2
Q,MIO_EUR,SCA,S13,P2,BE,2002-Q3,3041.2
Q,MIO_EUR,SCA,S13,P2,BE,2002-Q4,2936.2
Q,MIO_EUR,SCA,S13,P2,BE,2003-Q1,2981.2
Q,MIO_EUR,SCA,S13,P2,BE,2003-Q2,2892.9
Q,MIO_EUR,SCA,S13,P2,BE,2003-Q3,2974.8
Q,MIO_EUR,SCA,S13,P2,BE,2003-Q4,2948.5
Q,MIO_EUR,SCA,S13,P2,BE,2004-Q1,3059.5
Q,MIO_EUR,SCA,S13,P2,BE,2004-Q2,3017.9
Q,MIO_EUR,SCA,S13,P2,BE,2004-Q3,2966.6
Q,MIO_EUR,SCA,S13,P2,BE,2004-Q4,3068.7
Q,MIO_EUR,SCA,S13,P2,BE,2005-Q1,3036.3
Q,MIO_EUR,SCA,S13,P2,BE,2005-Q2,3103.3
Q,MIO_EUR,SCA,S13,P2,BE,2005-Q3,3154.9
Q,MIO_EUR,SCA,S13,P2,BE,2005-Q4,3164
Q,MIO_EUR,SCA,S13,P2,BE,2006-Q1,3223.9
Q,MIO_EUR,SCA,S13,P2,BE,2006-Q2,3215.5
Q,MIO_EUR,SCA,S13,P2,BE,2006-Q3,3201
Q,MIO_EUR,SCA,S13,P2,BE,2006-Q4,3224
Q,MIO_EUR,SCA,S13,P2,BE,2007-Q1,3235.2
Q,MIO_EUR,SCA,S13,P2,BE,2007-Q2,3151.1
Q,MIO_EUR,SCA,S13,P2,BE,2007-Q3,3263.1
Q,MIO_EUR,SCA,S13,P2,BE,2007-Q4,3227
Q,MIO_EUR,SCA,S13,P2,BE,2008-Q1,3342.4
Q,MIO_EUR,SCA,S13,P2,BE,2008-Q2,3316.6
Q,MIO_EUR,SCA,S13,P2,BE,2008-Q3,3486.7
Q,MIO_EUR,SCA,S13,P2,BE,2008-Q4,3708.2
Q,MIO_EUR,SCA,S13,P2,BE,2009-Q1,3637.2
Q,MIO_EUR,SCA,S13,P2,BE,2009-Q2,3695.5
Q,MIO_EUR,SCA,S13,P2,BE,2009-Q3,3789.8
Q,MIO_EUR,SCA,S13,P2,BE,2009-Q4,3731.7
Q,MIO_EUR,SCA,S13,P2,BE,2010-Q1,3746.6
Q,MIO_EUR,SCA,S13,P2,BE,2010-Q2,3799
Q,MIO_EUR,SCA,S13,P2,BE,2010-Q3,3748.5
Q,MIO_EUR,SCA,S13,P2,BE,2010-Q4,3795.1
Q,MIO_EUR,SCA,S13,P2,BE,2011-Q1,3870.8
Q,MIO_EUR,SCA,S13,P2,BE,2011-Q2,3958
Q,MIO_EUR,SCA,S13,P2,BE,2011-Q3,4032.3
Q,MIO_EUR,SCA,S13,P2,BE,2011-Q4,4077.4
Q,MIO_EUR,SCA,S13,P2,BE,2012-Q1,4121.6
Q,MIO_EUR,SCA,S13,P2,BE,2012-Q2,4108.7
Q,MIO_EUR,SCA,S13,P2,BE,2012-Q3,4125.2
Q,MIO_EUR,SCA,S13,P2,BE,2012-Q4,4170.2
Q,MIO_EUR,SCA,S13,P2,BE,2013-Q1,4098.3
Q,MIO_EUR,SCA,S13,P2,BE,2013-Q2,4133.9
Q,MIO_EUR,SCA,S13,P2,BE,2013-Q3,4126.8
Q,MIO_EUR,SCA,S13,P2,BE,2013-Q4,4072.3
Q,MIO_EUR,SCA,S13,P2,BE,2014-Q1,4239.6
Q,MIO_EUR,SCA,S13,P2,BE,2014-Q2,4247.6
Q,MIO_EUR,SCA,S13,P2,BE,2014-Q3,4264.1
Q,MIO_EUR,SCA,S13,P2,BE,2014-Q4,4287.8
Q,MIO_EUR,SCA,S13,P2,BE,2015-Q1,4235.6
Q,MIO_EUR,SCA,S13,P2,BE,2015-Q2,4243
Q,MIO_EUR,SCA,S13,P2,BE,2015-Q3,4218.8
Q,MIO_EUR,SCA,S13,P2,BE,2015-Q4,4244.1
Q,MIO_EUR,SCA,S13,P2,BE,2016-Q1,4338.2
Q,MIO_EUR,SCA,S13,P2,BE,2016-Q2,4285.4
Q,MIO_EUR,SCA,S13,P2,BE,2016-Q3,4393.5
Q,MIO_EUR,SCA,S13,P2,BE,2016-Q4,4446
Q,MIO_EUR,SCA,S13,P2,BE,2017-Q1,4389.5
Q,MIO_EUR,SCA,S13,P2,BE,2017-Q2,4473.8
Q,MIO_EUR,SCA,S13,P2,BE,2017-Q3,4505
Q,MIO_EUR,SCA,S13,P2,BE,2017-Q4,4519.8
Q,MIO_EUR,SCA,S13,P2,BE,2018-Q1,4659
Q,MIO_EUR,SCA,S13,P2,BE,2018-Q2,4815.3
Q,MIO_EUR,SCA,S13,P2,BE,2018-Q3,4817.3
Q,MIO_EUR,SCA,S13,P2,BE,2018-Q4,4778.4
Q,MIO_EUR,SCA,S13,P2,BE,2019-Q1,4860.4
Q,MIO_EUR,SCA,S13,P2,BE,2019-Q2,4886.4
Q,MIO_EUR,SCA,S13,P2,BE,2019-Q3,4917.7
Q,MIO_EUR,SCA,S13,P2,BE,2019-Q4,5014.1
Q,MIO_EUR,SCA,S13,P2,BE,2020-Q1,4940.4
Q,MIO_EUR,SCA,S13,P2,BE,2020-Q2,4873.2
Q,MIO_EUR,SCA,S13,P2,BE,2020-Q3,5172.7
Q,MIO_EUR,SCA,S13,P2,BE,2020-Q4,4917
Q,MIO_EUR,SCA,S13,P2,BE,2021-Q1,5300.6
Q,MIO_EUR,SCA,S13,P2,BE,2021-Q2,5351.7
Q,MIO_EUR,SCA,S13,P2,BE,2021-Q3,5263.4
Q,MIO_EUR,SCA,S13,P2,BE,2021-Q4,5460.6
Q,MIO_EUR,SCA,S13,P2,BE,2022-Q1,5645.2
Q,MIO_EUR,SCA,S13,P2,BE,2022-Q2,5776.5
Q,MIO_EUR,SCA,S13,P2,BE,2022-Q3,5929.9
Q,MIO_EUR,SCA,S13,P2,BE,2022-Q4,6539.2
Q,MIO_EUR,SCA,S13,P2,BE,2023-Q1,6037.8
Q,MIO_EUR,SCA,S13,P2,BE,2023-Q2,6259.2
Q,MIO_EUR,SCA,S13,P2,BE,2023-Q3,6352.1
Q,MIO_EUR,SCA,S13,P2,BE,2023-Q4,6353.3
Q,MIO_EUR,SCA,S13,P2,BE,2024-Q1,6487.8
Q,MIO_EUR,SCA,S13,P2,BE,2024-Q2,6629.1
Q,MIO_EUR,SCA,S13,P2,BE,2024-Q3,6596
Q,MIO_EUR,SCA,S13,P2,BE,2024-Q4,6591.1
Q,MIO_EUR,SCA,S13,P2,BE,2025-Q1,6584.2
Q,MIO_EUR,SCA,S13,P2,BE,2025-Q2,6874.9
Q,MIO_EUR,SCA,S13,P2,BE,2025-Q3,7038.2
Q,MIO_EUR,SCA,S13,P2,BE,2025-Q4,7137.4
Q,MIO_EUR,SCA,S13,P2,BE,2026-Q1,6890.1
Q,MIO_EUR,SCA,S13,P2,BG,1995-Q1,
Q,MIO_EUR,SCA,S13,P2,BG,1995-Q2,
Q,MIO_EUR,SCA,S13,P2,BG,1995-Q3,
Q,MIO_EUR,SCA,S13,P2,BG,1995-Q4,
Q,MIO_EUR,SCA,S13,P2,BG,1996-Q1,
Q,MIO_EUR,SCA,S13,P2,BG,1996-Q2,
Q,MIO_EUR,SCA,S13,P2,BG,1996-Q3,
Q,MIO_EUR,SCA,S13,P2,BG,1996-Q4,
Q,MIO_EUR,SCA,S13,P2,BG,1997-Q1,
Q,MIO_EUR,SCA,S13,P2,BG,1997-Q2,
Q,MIO_EUR,SCA,S13,P2,BG,1997-Q3,
Q,MIO_EUR,SCA,S13,P2,BG,1997-Q4,
Q,MIO_EUR,SCA,S13,P2,BG,1998-Q1,
Q,MIO_EUR,SCA,S13,P2,BG,1998-Q2,
Q,MIO_EUR,SCA,S13,P2,BG,1998-Q3,
Q,MIO_EUR,SCA,S13,P2,BG,1998-Q4,
Q,MIO_EUR,SCA,S13,P2,BG,1999-Q1,
Q,MIO_EUR,SCA,S13,P2,BG,1999-Q2,
Q,MIO_EUR,SCA,S13,P2,BG,1999-Q3,
Q,MIO_EUR,SCA,S13,P2,BG,1999-Q4,
Q,MIO_EUR,SCA,S13,P2,BG,2000-Q1,
Q,MIO_EUR,SCA,S13,P2,BG,2000-Q2,
Q,MIO_EUR,SCA,S13,P2,BG,2000-Q3,
Q,MIO_EUR,SCA,S13,P2,BG,2000-Q4,
Q,MIO_EUR,SCA,S13,P2,BG,2001-Q1,
Q,MIO_EUR,SCA,S13,P2,BG,2001-Q2,
Q,MIO_EUR,SCA,S13,P2,BG,2001-Q3,
Q,MIO_EUR,SCA,S13,P2,BG,2001-Q4,
Q,MIO_EUR,SCA,S13,P2,BG,2002-Q1,
Q,MIO_EUR,SCA,S13,P2,BG,2002-Q2,
Q,MIO_EUR,SCA,S13,P2,BG,2002-Q3,
Q,MIO_EUR,SCA,S13,P2,BG,2002-Q4,
Q,MIO_EUR,SCA,S13,P2,BG,2003-Q1,
Q,MIO_EUR,SCA,S13,P2,BG,2003-Q2,
Q,MIO_EUR,SCA,S13,P2,BG,2003-Q3,
Q,MIO_EUR,SCA,S13,P2,BG,2003-Q4,
Q,MIO_EUR,SCA,S13,P2,BG,2004-Q1,
Q,MIO_EUR,SCA,S13,P2,BG,2004-Q2,
Q,MIO_EUR,SCA,S13,P2,BG,2004-Q3,
Q,MIO_EUR,SCA,S13,P2,BG,2004-Q4,
Q,MIO_EUR,SCA,S13,P2,BG,2005-Q1,
Q,MIO_EUR,SCA,S13,P2,BG,2005-Q2,
Q,MIO_EUR,SCA,S13,P2,BG,2005-Q3,
Q,MIO_EUR,SCA,S13,P2,BG,2005-Q4,
Q,MIO_EUR,SCA,S13,P2,BG,2006-Q1,
Q,MIO_EUR,SCA,S13,P2,BG,2006-Q2,
Q,MIO_EUR,SCA,S13,P2,BG,2006-Q3,
Q,MIO_EUR,SCA,S13,P2,BG,2006-Q4,
Q,MIO_EUR,SCA,S13,P2,BG,2007-Q1,
Q,MIO_EUR,SCA,S13,P2,BG,2007-Q2,
Q,MIO_EUR,SCA,S13,P2,BG,2007-Q3,
Q,MIO_EUR,SCA,S13,P2,BG,2007-Q4,
Q,MIO_EUR,SCA,S13,P2,BG,2008-Q1,
Q,MIO_EUR,SCA,S13,P2,BG,2008-Q2,
Q,MIO_EUR,SCA,S13,P2,BG,2008-Q3,
Q,MIO_EUR,SCA,S13,P2,BG,2008-Q4,
Q,MIO_EUR,SCA,S13,P2,BG,2009-Q1,
Q,MIO_EUR,SCA,S13,P2,BG,2009-Q2,
Q,MIO_EUR,SCA,S13,P2,BG,2009-Q3,
Q,MIO_EUR,SCA,S13,P2,BG,2009-Q4,
Q,MIO_EUR,SCA,S13,P2,BG,2010-Q1,
Q,MIO_EUR,SCA,S13,P2,BG,2010-Q2,
Q,MIO_EUR,SCA,S13,P2,BG,2010-Q3,
Q,MIO_EUR,SCA,S13,P2,BG,2010-Q4,
Q,MIO_EUR,SCA,S13,P2,BG,2011-Q1,
Q,MIO_EUR,SCA,S13,P2,BG,2011-Q2,
Q,MIO_EUR,SCA,S13,P2,BG,2011-Q3,
Q,MIO_EUR,SCA,S13,P2,BG,2011-Q4,
Q,MIO_EUR,SCA,S13,P2,BG,2012-Q1,
Q,MIO_EUR,SCA,S13,P2,BG,2012-Q2,
Q,MIO_EUR,SCA,S13,P2,BG,2012-Q3,
Q,MIO_EUR,SCA,S13,P2,BG,2012-Q4,
Q,MIO_EUR,SCA,S13,P2,BG,2013-Q1,
Q,MIO_EUR,SCA,S13,P2,BG,2013-Q2,
Q,MIO_EUR,SCA,S13,P2,BG,2013-Q3,
Q,MIO_EUR,SCA,S13,P2,BG,2013-Q4,
Q,MIO_EUR,SCA,S13,P2,BG,2014-Q1,
Q,MIO_EUR,SCA,S13,P2,BG,2014-Q2,
Q,MIO_EUR,SCA,S13,P2,BG,2014-Q3,
Q,MIO_EUR,SCA,S13,P2,BG,2014-Q4,
Q,MIO_EUR,SCA,S13,P2,BG,2015-Q1,
Q,MIO_EUR,SCA,S13,P2,BG,2015-Q2,
Q,MIO_EUR,SCA,S13,P2,BG,2015-Q3,
Q,MIO_EUR,SCA,S13,P2,BG,2015-Q4,
Q,MIO_EUR,SCA,S13,P2,BG,2016-Q1,
Q,MIO_EUR,SCA,S13,P2,BG,2016-Q2,
Q,MIO_EUR,SCA,S13,P2,BG,2016-Q3,
Q,MIO_EUR,SCA,S13,P2,BG,2016-Q4,
Q,MIO_EUR,SCA,S13,P2,BG,2017-Q1,
Q,MIO_EUR,SCA,S13,P2,BG,2017-Q2,
Q,MIO_EUR,SCA,S13,P2,BG,2017-Q3,
Q,MIO_EUR,SCA,S13,P2,BG,2017-Q4,
Q,MIO_EUR,SCA,S13,P2,BG,2018-Q1,
Q,MIO_EUR,SCA,S13,P2,BG,2018-Q2,
Q,MIO_EUR,SCA,S13,P2,BG,2018-Q3,
Q,MIO_EUR,SCA,S13,P2,BG,2018-Q4,
Q,MIO_EUR,SCA,S13,P2,BG,2019-Q1,
Q,MIO_EUR,SCA,S13,P2,BG,2019-Q2,
Q,MIO_EUR,SCA,S13,P2,BG,2019-Q3,
Q,MIO_EUR,SCA,S13,P2,BG,2019-Q4,
Q,MIO_EUR,SCA,S13,P2,BG,2020-Q1,
Q,MIO_EUR,SCA,S13,P2,BG,2020-Q2,
Q,MIO_EUR,SCA,S13,P2,BG,2020-Q3,
Q,MIO_EUR,SCA,S13,P2,BG,2020-Q4,
Q,MIO_EUR,SCA,S13,P2,BG,2021-Q1,
Q,MIO_EUR,SCA,S13,P2,BG,2021-Q2,
Q,MIO_EUR,SCA,S13,P2,BG,2021-Q3,
Q,MIO_EUR,SCA,S13,P2,BG,2021-Q4,
Q,MIO_EUR,SCA,S13,P2,BG,2022-Q1,
Q,MIO_EUR,SCA,S13,P2,BG,2022-Q2,
Q,MIO_EUR,SCA,S13,P2,BG,2022-Q3,
Q,MIO_EUR,SCA,S13,P2,BG,2022-Q4,
Q,MIO_EUR,SCA,S13,P2,BG,2023-Q1,
Q,MIO_EUR,SCA,S13,P2,BG,2023-Q2,
Q,MIO_EUR,SCA,S13,P2,BG,2023-Q3,
Q,MIO_EUR,SCA,S13,P2,BG,2023-Q4,
Q,MIO_EUR,SCA,S13,P2,BG,2024-Q1,
Q,MIO_EUR,SCA,S13,P2,BG,2024-Q2,
Q,MIO_EUR,SCA,S13,P2,BG,2024-Q3,
Q,MIO_EUR,SCA,S13,P2,BG,2024-Q4,
Q,MIO_EUR,SCA,S13,P2,BG,2025-Q1,
Q,MIO_EUR,SCA,S13,P2,BG,2025-Q2,
Q,MIO_EUR,SCA,S13,P2,BG,2025-Q3,
Q,MIO_EUR,SCA,S13,P2,BG,2025-Q4,
Q,MIO_EUR,SCA,S13,P2,BG,2026-Q1,
Q,MIO_EUR,SCA,S13,P2,CZ,1995-Q1,
Q,MIO_EUR,SCA,S13,P2,CZ,1995-Q2,
Q,MIO_EUR,SCA,S13,P2,CZ,1995-Q3,
Q,MIO_EUR,SCA,S13,P2,CZ,1995-Q4,
Q,MIO_EUR,SCA,S13,P2,CZ,1996-Q1,
Q,MIO_EUR,SCA,S13,P2,CZ,1996-Q2,
Q,MIO_EUR,SCA,S13,P2,CZ,1996-Q3,
Q,MIO_EUR,SCA,S13,P2,CZ,1996-Q4,
Q,MIO_EUR,SCA,S13,P2,CZ,1997-Q1,
Q,MIO_EUR,SCA,S13,P2,CZ,1997-Q2,
Q,MIO_EUR,SCA,S13,P2,CZ,1997-Q3,
Q,MIO_EUR,SCA,S13,P2,CZ,1997-Q4,
Q,MIO_EUR,SCA,S13,P2,CZ,1998-Q1,
Q,MIO_EUR,SCA,S13,P2,CZ,1998-Q2,
Q,MIO_EUR,SCA,S13,P2,CZ,1998-Q3,
Q,MIO_EUR,SCA,S13,P2,CZ,1998-Q4,
Q,MIO_EUR,SCA,S13,P2,CZ,1999-Q1,
Q,MIO_EUR,SCA,S13,P2,CZ,1999-Q2,
Q,MIO_EUR,SCA,S13,P2,CZ,1999-Q3,
Q,MIO_EUR,SCA,S13,P2,CZ,1999-Q4,
Q,MIO_EUR,SCA,S13,P2,CZ,2000-Q1,
Q,MIO_EUR,SCA,S13,P2,CZ,2000-Q2,
Q,MIO_EUR,SCA,S13,P2,CZ,2000-Q3,
Q,MIO_EUR,SCA,S13,P2,CZ,2000-Q4,
Q,MIO_EUR,SCA,S13,P2,CZ,2001-Q1,
Q,MIO_EUR,SCA,S13,P2,CZ,2001-Q2,
Q,MIO_EUR,SCA,S13,P2,CZ,2001-Q3,
Q,MIO_EUR,SCA,S13,P2,CZ,2001-Q4,
Q,MIO_EUR,SCA,S13,P2,CZ,2002-Q1,
Q,MIO_EUR,SCA,S13,P2,CZ,2002-Q2,
Q,MIO_EUR,SCA,S13,P2,CZ,2002-Q3,
Q,MIO_EUR,SCA,S13,P2,CZ,2002-Q4,
Q,MIO_EUR,SCA,S13,P2,CZ,2003-Q1,
Q,MIO_EUR,SCA,S13,P2,CZ,2003-Q2,
Q,MIO_EUR,SCA,S13,P2,CZ,2003-Q3,
Q,MIO_EUR,SCA,S13,P2,CZ,2003-Q4,
Q,MIO_EUR,SCA,S13,P2,CZ,2004-Q1,
Q,MIO_EUR,SCA,S13,P2,CZ,2004-Q2,
Q,MIO_EUR,SCA,S13,P2,CZ,2004-Q3,
Q,MIO_EUR,SCA,S13,P2,CZ,2004-Q4,
Q,MIO_EUR,SCA,S13,P2,CZ,2005-Q1,
Q,MIO_EUR,SCA,S13,P2,CZ,2005-Q2,
Q,MIO_EUR,SCA,S13,P2,CZ,2005-Q3,
Q,MIO_EUR,SCA,S13,P2,CZ,2005-Q4,
Q,MIO_EUR,SCA,S13,P2,CZ,2006-Q1,
Q,MIO_EUR,SCA,S13,P2,CZ,2006-Q2,
Q,MIO_EUR,SCA,S13,P2,CZ,2006-Q3,
Q,MIO_EUR,SCA,S13,P2,CZ,2006-Q4,
Q,MIO_EUR,SCA,S13,P2,CZ,2007-Q1,
Q,MIO_EUR,SCA,S13,P2,CZ,2007-Q2,
Q,MIO_EUR,SCA,S13,P2,CZ,2007-Q3,
Q,MIO_EUR,SCA,S13,P2,CZ,2007-Q4,
Q,MIO_EUR,SCA,S13,P2,CZ,2008-Q1,
Q,MIO_EUR,SCA,S13,P2,CZ,2008-Q2,
Q,MIO_EUR,SCA,S13,P2,CZ,2008-Q3,
Q,MIO_EUR,SCA,S13,P2,CZ,2008-Q4,
Q,MIO_EUR,SCA,S13,P2,CZ,2009-Q1,
Q,MIO_EUR,SCA,S13,P2,CZ,2009-Q2,
Q,MIO_EUR,SCA,S13,P2,CZ,2009-Q3,
Q,MIO_EUR,SCA,S13,P2,CZ,2009-Q4,
Q,MIO_EUR,SCA,S13,P2,CZ,2010-Q1,
Q,MIO_EUR,SCA,S13,P2,CZ,2010-Q2,
Q,MIO_EUR,SCA,S13,P2,CZ,2010-Q3,
Q,MIO_EUR,SCA,S13,P2,CZ,2010-Q4,
Q,MIO_EUR,SCA,S13,P2,CZ,2011-Q1,
Q,MIO_EUR,SCA,S13,P2,CZ,2011-Q2,
Q,MIO_EUR,SCA,S13,P2,CZ,2011-Q3,
Q,MIO_EUR,SCA,S13,P2,CZ,2011-Q4,
Q,MIO_EUR,SCA,S13,P2,CZ,2012-Q1,
Q,MIO_EUR,SCA,S13,P2,CZ,2012-Q2,
Q,MIO_EUR,SCA,S13,P2,CZ,2012-Q3,
Q,MIO_EUR,SCA,S13,P2,CZ,2012-Q4,
Q,MIO_EUR,SCA,S13,P2,CZ,2013-Q1,
Q,MIO_EUR,SCA,S13,P2,CZ,2013-Q2,
Q,MIO_EUR,SCA,S13,P2,CZ,2013-Q3,
Q,MIO_EUR,SCA,S13,P2,CZ,2013-Q4,
Q,MIO_EUR,SCA,S13,P2,CZ,2014-Q1,
Q,MIO_EUR,SCA,S13,P2,CZ,2014-Q2,
Q,MIO_EUR,SCA,S13,P2,CZ,2014-Q3,
Q,MIO_EUR,SCA,S13,P2,CZ,2014-Q4,
Q,MIO_EUR,SCA,S13,P2,CZ,2015-Q1,
Q,MIO_EUR,SCA,S13,P2,CZ,2015-Q2,
Q,MIO_EUR,SCA,S13,P2,CZ,2015-Q3,
Q,MIO_EUR,SCA,S13,P2,CZ,2015-Q4,
Q,MIO_EUR,SCA,S13,P2,CZ,2016-Q1,
Q,MIO_EUR,SCA,S13,P2,CZ,2016-Q2,
Q,MIO_EUR,SCA,S13,P2,CZ,2016-Q3,
Q,MIO_EUR,SCA,S13,P2,CZ,2016-Q4,
Q,MIO_EUR,SCA,S13,P2,CZ,2017-Q1,
Q,MIO_EUR,SCA,S13,P2,CZ,2017-Q2,
Q,MIO_EUR,SCA,S13,P2,CZ,2017-Q3,
Q,MIO_EUR,SCA,S13,P2,CZ,2017-Q4,
Q,MIO_EUR,SCA,S13,P2,CZ,2018-Q1,
Q,MIO_EUR,SCA,S13,P2,CZ,2018-Q2,
Q,MIO_EUR,SCA,S13,P2,CZ,2018-Q3,
Q,MIO_EUR,SCA,S13,P2,CZ,2018-Q4,
Q,MIO_EUR,SCA,S13,P2,CZ,2019-Q1,
Q,MIO_EUR,SCA,S13,P2,CZ,2019-Q2,
Q,MIO_EUR,SCA,S13,P2,CZ,2019-Q3,
Q,MIO_EUR,SCA,S13,P2,CZ,2019-Q4,
Q,MIO_EUR,SCA,S13,P2,CZ,2020-Q1,
Q,MIO_EUR,SCA,S13,P2,CZ,2020-Q2,
Q,MIO_EUR,SCA,S13,P2,CZ,2020-Q3,
Q,MIO_EUR,SCA,S13,P2,CZ,2020-Q4,
Q,MIO_EUR,SCA,S13,P2,CZ,2021-Q1,
Q,MIO_EUR,SCA,S13,P2,CZ,2021-Q2,
Q,MIO_EUR,SCA,S13,P2,CZ,2021-Q3,
Q,MIO_EUR,SCA,S13,P2,CZ,2021-Q4,
Q,MIO_EUR,SCA,S13,P2,CZ,2022-Q1,
Q,MIO_EUR,SCA,S13,P2,CZ,2022-Q2,
Q,MIO_EUR,SCA,S13,P2,CZ,2022-Q3,
Q,MIO_EUR,SCA,S13,P2,CZ,2022-Q4,
Q,MIO_EUR,SCA,S13,P2,CZ,2023-Q1,
Q,MIO_EUR,SCA,S13,P2,CZ,2023-Q2,
Q,MIO_EUR,SCA,S13,P2,CZ,2023-Q3,
Q,MIO_EUR,SCA,S13,P2,CZ,2023-Q4,
Q,MIO_EUR,SCA,S13,P2,CZ,2024-Q1,
Q,MIO_EUR,SCA,S13,P2,CZ,2024-Q2,
Q,MIO_EUR,SCA,S13,P2,CZ,2024-Q3,
Q,MIO_EUR,SCA,S13,P2,CZ,2024-Q4,
Q,MIO_EUR,SCA,S13,P2,CZ,2025-Q1,
Q,MIO_EUR,SCA,S13,P2,CZ,2025-Q2,
Q,MIO_EUR,SCA,S13,P2,CZ,2025-Q3,
Q,MIO_EUR,SCA,S13,P2,CZ,2025-Q4,
Q,MIO_EUR,SCA,S13,P2,CZ,2026-Q1,
Q,MIO_EUR,SCA,S13,P2,DK,1995-Q1,
Q,MIO_EUR,SCA,S13,P2,DK,1995-Q2,
Q,MIO_EUR,SCA,S13,P2,DK,1995-Q3,
Q,MIO_EUR,SCA,S13,P2,DK,1995-Q4,
Q,MIO_EUR,SCA,S13,P2,DK,1996-Q1,
Q,MIO_EUR,SCA,S13,P2,DK,1996-Q2,
Q,MIO_EUR,SCA,S13,P2,DK,1996-Q3,
Q,MIO_EUR,SCA,S13,P2,DK,1996-Q4,
Q,MIO_EUR,SCA,S13,P2,DK,1997-Q1,
Q,MIO_EUR,SCA,S13,P2,DK,1997-Q2,
Q,MIO_EUR,SCA,S13,P2,DK,1997-Q3,
Q,MIO_EUR,SCA,S13,P2,DK,1997-Q4,
Q,MIO_EUR,SCA,S13,P2,DK,1998-Q1,
Q,MIO_EUR,SCA,S13,P2,DK,1998-Q2,
Q,MIO_EUR,SCA,S13,P2,DK,1998-Q3,
Q,MIO_EUR,SCA,S13,P2,DK,1998-Q4,
Q,MIO_EUR,SCA,S13,P2,DK,1999-Q1,
Q,MIO_EUR,SCA,S13,P2,DK,1999-Q2,
Q,MIO_EUR,SCA,S13,P2,DK,1999-Q3,
Q,MIO_EUR,SCA,S13,P2,DK,1999-Q4,
Q,MIO_EUR,SCA,S13,P2,DK,2000-Q1,
Q,MIO_EUR,SCA,S13,P2,DK,2000-Q2,
Q,MIO_EUR,SCA,S13,P2,DK,2000-Q3,
Q,MIO_EUR,SCA,S13,P2,DK,2000-Q4,
Q,MIO_EUR,SCA,S13,P2,DK,2001-Q1,
Q,MIO_EUR,SCA,S13,P2,DK,2001-Q2,
Q,MIO_EUR,SCA,S13,P2,DK,2001-Q3,
Q,MIO_EUR,SCA,S13,P2,DK,2001-Q4,
Q,MIO_EUR,SCA,S13,P2,DK,2002-Q1,
Q,MIO_EUR,SCA,S13,P2,DK,2002-Q2,
Q,MIO_EUR,SCA,S13,P2,DK,2002-Q3,
Q,MIO_EUR,SCA,S13,P2,DK,2002-Q4,
Q,MIO_EUR,SCA,S13,P2,DK,2003-Q1,
Q,MIO_EUR,SCA,S13,P2,DK,2003-Q2,
Q,MIO_EUR,SCA,S13,P2,DK,2003-Q3,
Q,MIO_EUR,SCA,S13,P2,DK,2003-Q4,
Q,MIO_EUR,SCA,S13,P2,DK,2004-Q1,
Q,MIO_EUR,SCA,S13,P2,DK,2004-Q2,
Q,MIO_EUR,SCA,S13,P2,DK,2004-Q3,
Q,MIO_EUR,SCA,S13,P2,DK,2004-Q4,
Q,MIO_EUR,SCA,S13,P2,DK,2005-Q1,
Q,MIO_EUR,SCA,S13,P2,DK,2005-Q2,
Q,MIO_EUR,SCA,S13,P2,DK,2005-Q3,
Q,MIO_EUR,SCA,S13,P2,DK,2005-Q4,
Q,MIO_EUR,SCA,S13,P2,DK,2006-Q1,
Q,MIO_EUR,SCA,S13,P2,DK,2006-Q2,
Q,MIO_EUR,SCA,S13,P2,DK,2006-Q3,
Q,MIO_EUR,SCA,S13,P2,DK,2006-Q4,
Q,MIO_EUR,SCA,S13,P2,DK,2007-Q1,
Q,MIO_EUR,SCA,S13,P2,DK,2007-Q2,
Q,MIO_EUR,SCA,S13,P2,DK,2007-Q3,
Q,MIO_EUR,SCA,S13,P2,DK,2007-Q4,
Q,MIO_EUR,SCA,S13,P2,DK,2008-Q1,
Q,MIO_EUR,SCA,S13,P2,DK,2008-Q2,
Q,MIO_EUR,SCA,S13,P2,DK,2008-Q3,
Q,MIO_EUR,SCA,S13,P2,DK,2008-Q4,
Q,MIO_EUR,SCA,S13,P2,DK,2009-Q1,
Q,MIO_EUR,SCA,S13,P2,DK,2009-Q2,
Q,MIO_EUR,SCA,S13,P2,DK,2009-Q3,
Q,MIO_EUR,SCA,S13,P2,DK,2009-Q4,
Q,MIO_EUR,SCA,S13,P2,DK,2010-Q1,
Q,MIO_EUR,SCA,S13,P2,DK,2010-Q2,
Q,MIO_EUR,SCA,S13,P2,DK,2010-Q3,
Q,MIO_EUR,SCA,S13,P2,DK,2010-Q4,
Q,MIO_EUR,SCA,S13,P2,DK,2011-Q1,
Q,MIO_EUR,SCA,S13,P2,DK,2011-Q2,
Q,MIO_EUR,SCA,S13,P2,DK,2011-Q3,
Q,MIO_EUR,SCA,S13,P2,DK,2011-Q4,
Q,MIO_EUR,SCA,S13,P2,DK,2012-Q1,
Q,MIO_EUR,SCA,S13,P2,DK,2012-Q2,
Q,MIO_EUR,SCA,S13,P2,DK,2012-Q3,
Q,MIO_EUR,SCA,S13,P2,DK,2012-Q4,
Q,MIO_EUR,SCA,S13,P2,DK,2013-Q1,
Q,MIO_EUR,SCA,S13,P2,DK,2013-Q2,
Q,MIO_EUR,SCA,S13,P2,DK,2013-Q3,
Q,MIO_EUR,SCA,S13,P2,DK,2013-Q4,
Q,MIO_EUR,SCA,S13,P2,DK,2014-Q1,
Q,MIO_EUR,SCA,S13,P2,DK,2014-Q2,
Q,MIO_EUR,SCA,S13,P2,DK,2014-Q3,
Q,MIO_EUR,SCA,S13,P2,DK,2014-Q4,
Q,MIO_EUR,SCA,S13,P2,DK,2015-Q1,
Q,MIO_EUR,SCA,S13,P2,DK,2015-Q2,
Q,MIO_EUR,SCA,S13,P2,DK,2015-Q3,
Q,MIO_EUR,SCA,S13,P2,DK,2015-Q4,
Q,MIO_EUR,SCA,S13,P2,DK,2016-Q1,
Q,MIO_EUR,SCA,S13,P2,DK,2016-Q2,
Q,MIO_EUR,SCA,S13,P2,DK,2016-Q3,
Q,MIO_EUR,SCA,S13,P2,DK,2016-Q4,
Q,MIO_EUR,SCA,S13,P2,DK,2017-Q1,
Q,MIO_EUR,SCA,S13,P2,DK,2017-Q2,
Q,MIO_EUR,SCA,S13,P2,DK,2017-Q3,
Q,MIO_EUR,SCA,S13,P2,DK,2017-Q4,
Q,MIO_EUR,SCA,S13,P2,DK,2018-Q1,
Q,MIO_EUR,SCA,S13,P2,DK,2018-Q2,
Q,MIO_EUR,SCA,S13,P2,DK,2018-Q3,
Q,MIO_EUR,SCA,S13,P2,DK,2018-Q4,
Q,MIO_EUR,SCA,S13,P2,DK,2019-Q1,
Q,MIO_EUR,SCA,S13,P2,DK,2019-Q2,
Q,MIO_EUR,SCA,S13,P2,DK,2019-Q3,
Q,MIO_EUR,SCA,S13,P2,DK,2019-Q4,
Q,MIO_EUR,SCA,S13,P2,DK,2020-Q1,
Q,MIO_EUR,SCA,S13,P2,DK,2020-Q2,
Q,MIO_EUR,SCA,S13,P2,DK,2020-Q3,
Q,MIO_EUR,SCA,S13,P2,DK,2020-Q4,
Q,MIO_EUR,SCA,S13,P2,DK,2021-Q1,
Q,MIO_EUR,SCA,S13,P2,DK,2021-Q2,
Q,MIO_EUR,SCA,S13,P2,DK,2021-Q3,
Q,MIO_EUR,SCA,S13,P2,DK,2021-Q4,
Q,MIO_EUR,SCA,S13,P2,DK,2022-Q1,
Q,MIO_EUR,SCA,S13,P2,DK,2022-Q2,
Q,MIO_EUR,SCA,S13,P2,DK,2022-Q3,
Q,MIO_EUR,SCA,S13,P2,DK,2022-Q4,
Q,MIO_EUR,SCA,S13,P2,DK,2023-Q1,
Q,MIO_EUR,SCA,S13,P2,DK,2023-Q2,
Q,MIO_EUR,SCA,S13,P2,DK,2023-Q3,
Q,MIO_EUR,SCA,S13,P2,DK,2023-Q4,
Q,MIO_EUR,SCA,S13,P2,DK,2024-Q1,
Q,MIO_EUR,SCA,S13,P2,DK,2024-Q2,
Q,MIO_EUR,SCA,S13,P2,DK,2024-Q3,
Q,MIO_EUR,SCA,S13,P2,DK,2024-Q4,
Q,MIO_EUR,SCA,S13,P2,DK,2025-Q1,
Q,MIO_EUR,SCA,S13,P2,DK,2025-Q2,
Q,MIO_EUR,SCA,S13,P2,DK,2025-Q3,
Q,MIO_EUR,SCA,S13,P2,DK,2025-Q4,
Q,MIO_EUR,SCA,S13,P2,DK,2026-Q1,
Q,MIO_EUR,SCA,S13,P2,DE,1995-Q1,
Q,MIO_EUR,SCA,S13,P2,DE,1995-Q2,
Q,MIO_EUR,SCA,S13,P2,DE,1995-Q3,
Q,MIO_EUR,SCA,S13,P2,DE,1995-Q4,
Q,MIO_EUR,SCA,S13,P2,DE,1996-Q1,
Q,MIO_EUR,SCA,S13,P2,DE,1996-Q2,
Q,MIO_EUR,SCA,S13,P2,DE,1996-Q3,
Q,MIO_EUR,SCA,S13,P2,DE,1996-Q4,
Q,MIO_EUR,SCA,S13,P2,DE,1997-Q1,
Q,MIO_EUR,SCA,S13,P2,DE,1997-Q2,
Q,MIO_EUR,SCA,S13,P2,DE,1997-Q3,
Q,MIO_EUR,SCA,S13,P2,DE,1997-Q4,
Q,MIO_EUR,SCA,S13,P2,DE,1998-Q1,
Q,MIO_EUR,SCA,S13,P2,DE,1998-Q2,
Q,MIO_EUR,SCA,S13,P2,DE,1998-Q3,
Q,MIO_EUR,SCA,S13,P2,DE,1998-Q4,
Q,MIO_EUR,SCA,S13,P2,DE,1999-Q1,
Q,MIO_EUR,SCA,S13,P2,DE,1999-Q2,
Q,MIO_EUR,SCA,S13,P2,DE,1999-Q3,
Q,MIO_EUR,SCA,S13,P2,DE,1999-Q4,
Q,MIO_EUR,SCA,S13,P2,DE,2000-Q1,
Q,MIO_EUR,SCA,S13,P2,DE,2000-Q2,
Q,MIO_EUR,SCA,S13,P2,DE,2000-Q3,
Q,MIO_EUR,SCA,S13,P2,DE,2000-Q4,
Q,MIO_EUR,SCA,S13,P2,DE,2001-Q1,
Q,MIO_EUR,SCA,S13,P2,DE,2001-Q2,
Q,MIO_EUR,SCA,S13,P2,DE,2001-Q3,
Q,MIO_EUR,SCA,S13,P2,DE,2001-Q4,
Q,MIO_EUR,SCA,S13,P2,DE,2002-Q1,
Q,MIO_EUR,SCA,S13,P2,DE,2002-Q2,
Q,MIO_EUR,SCA,S13,P2,DE,2002-Q3,
Q,MIO_EUR,SCA,S13,P2,DE,2002-Q4,
Q,MIO_EUR,SCA,S13,P2,DE,2003-Q1,
Q,MIO_EUR,SCA,S13,P2,DE,2003-Q2,
Q,MIO_EUR,SCA,S13,P2,DE,2003-Q3,
Q,MIO_EUR,SCA,S13,P2,DE,2003-Q4,
Q,MIO_EUR,SCA,S13,P2,DE,2004-Q1,
Q,MIO_EUR,SCA,S13,P2,DE,2004-Q2,
Q,MIO_EUR,SCA,S13,P2,DE,2004-Q3,
Q,MIO_EUR,SCA,S13,P2,DE,2004-Q4,
Q,MIO_EUR,SCA,S13,P2,DE,2005-Q1,
Q,MIO_EUR,SCA,S13,P2,DE,2005-Q2,
Q,MIO_EUR,SCA,S13,P2,DE,2005-Q3,
Q,MIO_EUR,SCA,S13,P2,DE,2005-Q4,
Q,MIO_EUR,SCA,S13,P2,DE,2006-Q1,
Q,MIO_EUR,SCA,S13,P2,DE,2006-Q2,
Q,MIO_EUR,SCA,S13,P2,DE,2006-Q3,
Q,MIO_EUR,SCA,S13,P2,DE,2006-Q4,
Q,MIO_EUR,SCA,S13,P2,DE,2007-Q1,
Q,MIO_EUR,SCA,S13,P2,DE,2007-Q2,
Q,MIO_EUR,SCA,S13,P2,DE,2007-Q3,
Q,MIO_EUR,SCA,S13,P2,DE,2007-Q4,
Q,MIO_EUR,SCA,S13,P2,DE,2008-Q1,
Q,MIO_EUR,SCA,S13,P2,DE,2008-Q2,
Q,MIO_EUR,SCA,S13,P2,DE,2008-Q3,
Q,MIO_EUR,SCA,S13,P2,DE,2008-Q4,
Q,MIO_EUR,SCA,S13,P2,DE,2009-Q1,
Q,MIO_EUR,SCA,S13,P2,DE,2009-Q2,
Q,MIO_EUR,SCA,S13,P2,DE,2009-Q3,
Q,MIO_EUR,SCA,S13,P2,DE,2009-Q4,
Q,MIO_EUR,SCA,S13,P2,DE,2010-Q1,
Q,MIO_EUR,SCA,S13,P2,DE,2010-Q2,
Q,MIO_EUR,SCA,S13,P2,DE,2010-Q3,
Q,MIO_EUR,SCA,S13,P2,DE,2010-Q4,
Q,MIO_EUR,SCA,S13,P2,DE,2011-Q1,
Q,MIO_EUR,SCA,S13,P2,DE,2011-Q2,
Q,MIO_EUR,SCA,S13,P2,DE,2011-Q3,
Q,MIO_EUR,SCA,S13,P2,DE,2011-Q4,
Q,MIO_EUR,SCA,S13,P2,DE,2012-Q1,
Q,MIO_EUR,SCA,S13,P2,DE,2012-Q2,
Q,MIO_EUR,SCA,S13,P2,DE,2012-Q3,
Q,MIO_EUR,SCA,S13,P2,DE,2012-Q4,
Q,MIO_EUR,SCA,S13,P2,DE,2013-Q1,
Q,MIO_EUR,SCA,S13,P2,DE,2013-Q2,
Q,MIO_EUR,SCA,S13,P2,DE,2013-Q3,
Q,MIO_EUR,SCA,S13,P2,DE,2013-Q4,
Q,MIO_EUR,SCA,S13,P2,DE,2014-Q1,
Q,MIO_EUR,SCA,S13,P2,DE,2014-Q2,
Q,MIO_EUR,SCA,S13,P2,DE,2014-Q3,
Q,MIO_EUR,SCA,S13,P2,DE,2014-Q4,
Q,MIO_EUR,SCA,S13,P2,DE,2015-Q1,
Q,MIO_EUR,SCA,S13,P2,DE,2015-Q2,
Q,MIO_EUR,SCA,S13,P2,DE,2015-Q3,
Q,MIO_EUR,SCA,S13,P2,DE,2015-Q4,
Q,MIO_EUR,SCA,S13,P2,DE,2016-Q1,
Q,MIO_EUR,SCA,S13,P2,DE,2016-Q2,
Q,MIO_EUR,SCA,S13,P2,DE,2016-Q3,
Q,MIO_EUR,SCA,S13,P2,DE,2016-Q4,
Q,MIO_EUR,SCA,S13,P2,DE,2017-Q1,
Q,MIO_EUR,SCA,S13,P2,DE,2017-Q2,
Q,MIO_EUR,SCA,S13,P2,DE,2017-Q3,
Q,MIO_EUR,SCA,S13,P2,DE,2017-Q4,
Q,MIO_EUR,SCA,S13,P2,DE,2018-Q1,
Q,MIO_EUR,SCA,S13,P2,DE,2018-Q2,
Q,MIO_EUR,SCA,S13,P2,DE,2018-Q3,
Q,MIO_EUR,SCA,S13,P2,DE,2018-Q4,
Q,MIO_EUR,SCA,S13,P2,DE,2019-Q1,
Q,MIO_EUR,SCA,S13,P2,DE,2019-Q2,
Q,MIO_EUR,SCA,S13,P2,DE,2019-Q3,
Q,MIO_EUR,SCA,S13,P2,DE,2019-Q4,
Q,MIO_EUR,SCA,S13,P2,DE,2020-Q1,
Q,MIO_EUR,SCA,S13,P2,DE,2020-Q2,
Q,MIO_EUR,SCA,S13,P2,DE,2020-Q3,
Q,MIO_EUR,SCA,S13,P2,DE,2020-Q4,
Q,MIO_EUR,SCA,S13,P2,DE,2021-Q1,
Q,MIO_EUR,SCA,S13,P2,DE,2021-Q2,
Q,MIO_EUR,SCA,S13,P2,DE,2021-Q3,
Q,MIO_EUR,SCA,S13,P2,DE,2021-Q4,
Q,MIO_EUR,SCA,S13,P2,DE,2022-Q1,
Q,MIO_EUR,SCA,S13,P2,DE,2022-Q2,
Q,MIO_EUR,SCA,S13,P2,DE,2022-Q3,
Q,MIO_EUR,SCA,S13,P2,DE,2022-Q4,
Q,MIO_EUR,SCA,S13,P2,DE,2023-Q1,
Q,MIO_EUR,SCA,S13,P2,DE,2023-Q2,
Q,MIO_EUR,SCA,S13,P2,DE,2023-Q3,
Q,MIO_EUR,SCA,S13,P2,DE,2023-Q4,
Q,MIO_EUR,SCA,S13,P2,DE,2024-Q1,
Q,MIO_EUR,SCA,S13,P2,DE,2024-Q2,
Q,MIO_EUR,SCA,S13,P2,DE,2024-Q3,
Q,MIO_EUR,SCA,S13,P2,DE,2024-Q4,
Q,MIO_EUR,SCA,S13,P2,DE,2025-Q1,
Q,MIO_EUR,SCA,S13,P2,DE,2025-Q2,
Q,MIO_EUR,SCA,S13,P2,DE,2025-Q3,
Q,MIO_EUR,SCA,S13,P2,DE,2025-Q4,
Q,MIO_EUR,SCA,S13,P2,DE,2026-Q1,
Q,MIO_EUR,SCA,S13,P2,EE,1995-Q1,
Q,MIO_EUR,SCA,S13,P2,EE,1995-Q2,
Q,MIO_EUR,SCA,S13,P2,EE,1995-Q3,
Q,MIO_EUR,SCA,S13,P2,EE,1995-Q4,
Q,MIO_EUR,SCA,S13,P2,EE,1996-Q1,
Q,MIO_EUR,SCA,S13,P2,EE,1996-Q2,
Q,MIO_EUR,SCA,S13,P2,EE,1996-Q3,
Q,MIO_EUR,SCA,S13,P2,EE,1996-Q4,
Q,MIO_EUR,SCA,S13,P2,EE,1997-Q1,
Q,MIO_EUR,SCA,S13,P2,EE,1997-Q2,
Q,MIO_EUR,SCA,S13,P2,EE,1997-Q3,
Q,MIO_EUR,SCA,S13,P2,EE,1997-Q4,
Q,MIO_EUR,SCA,S13,P2,EE,1998-Q1,
Q,MIO_EUR,SCA,S13,P2,EE,1998-Q2,
Q,MIO_EUR,SCA,S13,P2,EE,1998-Q3,
Q,MIO_EUR,SCA,S13,P2,EE,1998-Q4,
Q,MIO_EUR,SCA,S13,P2,EE,1999-Q1,
Q,MIO_EUR,SCA,S13,P2,EE,1999-Q2,
Q,MIO_EUR,SCA,S13,P2,EE,1999-Q3,
Q,MIO_EUR,SCA,S13,P2,EE,1999-Q4,
Q,MIO_EUR,SCA,S13,P2,EE,2000-Q1,
Q,MIO_EUR,SCA,S13,P2,EE,2000-Q2,
Q,MIO_EUR,SCA,S13,P2,EE,2000-Q3,
Q,MIO_EUR,SCA,S13,P2,EE,2000-Q4,
Q,MIO_EUR,SCA,S13,P2,EE,2001-Q1,
Q,MIO_EUR,SCA,S13,P2,EE,2001-Q2,
Q,MIO_EUR,SCA,S13,P2,EE,2001-Q3,
Q,MIO_EUR,SCA,S13,P2,EE,2001-Q4,
Q,MIO_EUR,SCA,S13,P2,EE,2002-Q1,
Q,MIO_EUR,SCA,S13,P2,EE,2002-Q2,
Q,MIO_EUR,SCA,S13,P2,EE,2002-Q3,
Q,MIO_EUR,SCA,S13,P2,EE,2002-Q4,
Q,MIO_EUR,SCA,S13,P2,EE,2003-Q1,
Q,MIO_EUR,SCA,S13,P2,EE,2003-Q2,
Q,MIO_EUR,SCA,S13,P2,EE,2003-Q3,
Q,MIO_EUR,SCA,S13,P2,EE,2003-Q4,
Q,MIO_EUR,SCA,S13,P2,EE,2004-Q1,
Q,MIO_EUR,SCA,S13,P2,EE,2004-Q2,
Q,MIO_EUR,SCA,S13,P2,EE,2004-Q3,
Q,MIO_EUR,SCA,S13,P2,EE,2004-Q4,
Q,MIO_EUR,SCA,S13,P2,EE,2005-Q1,
Q,MIO_EUR,SCA,S13,P2,EE,2005-Q2,
Q,MIO_EUR,SCA,S13,P2,EE,2005-Q3,
Q,MIO_EUR,SCA,S13,P2,EE,2005-Q4,
Q,MIO_EUR,SCA,S13,P2,EE,2006-Q1,
Q,MIO_EUR,SCA,S13,P2,EE,2006-Q2,
Q,MIO_EUR,SCA,S13,P2,EE,2006-Q3,
Q,MIO_EUR,SCA,S13,P2,EE,2006-Q4,
Q,MIO_EUR,SCA,S13,P2,EE,2007-Q1,
Q,MIO_EUR,SCA,S13,P2,EE,2007-Q2,
Q,MIO_EUR,SCA,S13,P2,EE,2007-Q3,
Q,MIO_EUR,SCA,S13,P2,EE,2007-Q4,
Q,MIO_EUR,SCA,S13,P2,EE,2008-Q1,
Q,MIO_EUR,SCA,S13,P2,EE,2008-Q2,
Q,MIO_EUR,SCA,S13,P2,EE,2008-Q3,
Q,MIO_EUR,SCA,S13,P2,EE,2008-Q4,
Q,MIO_EUR,SCA,S13,P2,EE,2009-Q1,
Q,MIO_EUR,SCA,S13,P2,EE,2009-Q2,
Q,MIO_EUR,SCA,S13,P2,EE,2009-Q3,
Q,MIO_EUR,SCA,S13,P2,EE,2009-Q4,
Q,MIO_EUR,SCA,S13,P2,EE,2010-Q1,
Q,MIO_EUR,SCA,S13,P2,EE,2010-Q2,
Q,MIO_EUR,SCA,S13,P2,EE,2010-Q3,
Q,MIO_EUR,SCA,S13,P2,EE,2010-Q4,
Q,MIO_EUR,SCA,S13,P2,EE,2011-Q1,
Q,MIO_EUR,SCA,S13,P2,EE,2011-Q2,
Q,MIO_EUR,SCA,S13,P2,EE,2011-Q3,
Q,MIO_EUR,SCA,S13,P2,EE,2011-Q4,
Q,MIO_EUR,SCA,S13,P2,EE,2012-Q1,
Q,MIO_EUR,SCA,S13,P2,EE,2012-Q2,
Q,MIO_EUR,SCA,S13,P2,EE,2012-Q3,
Q,MIO_EUR,SCA,S13,P2,EE,2012-Q4,
Q,MIO_EUR,SCA,S13,P2,EE,2013-Q1,
Q,MIO_EUR,SCA,S13,P2,EE,2013-Q2,
Q,MIO_EUR,SCA,S13,P2,EE,2013-Q3,
Q,MIO_EUR,SCA,S13,P2,EE,2013-Q4,
Q,MIO_EUR,SCA,S13,P2,EE,2014-Q1,
Q,MIO_EUR,SCA,S13,P2,EE,2014-Q2,
Q,MIO_EUR,SCA,S13,P2,EE,2014-Q3,
Q,MIO_EUR,SCA,S13,P2,EE,2014-Q4,
Q,MIO_EUR,SCA,S13,P2,EE,2015-Q1,
Q,MIO_EUR,SCA,S13,P2,EE,2015-Q2,
Q,MIO_EUR,SCA,S13,P2,EE,2015-Q3,
Q,MIO_EUR,SCA,S13,P2,EE,2015-Q4,
Q,MIO_EUR,SCA,S13,P2,EE,2016-Q1,
Q,MIO_EUR,SCA,S13,P2,EE,2016-Q2,
Q,MIO_EUR,SCA,S13,P2,EE,2016-Q3,
Q,MIO_EUR,SCA,S13,P2,EE,2016-Q4,
Q,MIO_EUR,SCA,S13,P2,EE,2017-Q1,
Q,MIO_EUR,SCA,S13,P2,EE,2017-Q2,
Q,MIO_EUR,SCA,S13,P2,EE,2017-Q3,
Q,MIO_EUR,SCA,S13,P2,EE,2017-Q4,
Q,MIO_EUR,SCA,S13,P2,EE,2018-Q1,
Q,MIO_EUR,SCA,S13,P2,EE,2018-Q2,
Q,MIO_EUR,SCA,S13,P2,EE,2018-Q3,
Q,MIO_EUR,SCA,S13,P2,EE,2018-Q4,
Q,MIO_EUR,SCA,S13,P2,EE,2019-Q1,
Q,MIO_EUR,SCA,S13,P2,EE,2019-Q2,
Q,MIO_EUR,SCA,S13,P2,EE,2019-Q3,
Q,MIO_EUR,SCA,S13,P2,EE,2019-Q4,
Q,MIO_EUR,SCA,S13,P2,EE,2020-Q1,
Q,MIO_EUR,SCA,S13,P2,EE,2020-Q2,
Q,MIO_EUR,SCA,S13,P2,EE,2020-Q3,
Q,MIO_EUR,SCA,S13,P2,EE,2020-Q4,
Q,MIO_EUR,SCA,S13,P2,EE,2021-Q1,
Q,MIO_EUR,SCA,S13,P2,EE,2021-Q2,
Q,MIO_EUR,SCA,S13,P2,EE,2021-Q3,
Q,MIO_EUR,SCA,S13,P2,EE,2021-Q4,
Q,MIO_EUR,SCA,S13,P2,EE,2022-Q1,
Q,MIO_EUR,SCA,S13,P2,EE,2022-Q2,
Q,MIO_EUR,SCA,S13,P2,EE,2022-Q3,
Q,MIO_EUR,SCA,S13,P2,EE,2022-Q4,
Q,MIO_EUR,SCA,S13,P2,EE,2023-Q1,
Q,MIO_EUR,SCA,S13,P2,EE,2023-Q2,
Q,MIO_EUR,SCA,S13,P2,EE,2023-Q3,
Q,MIO_EUR,SCA,S13,P2,EE,2023-Q4,
Q,MIO_EUR,SCA,S13,P2,EE,2024-Q1,
Q,MIO_EUR,SCA,S13,P2,EE,2024-Q2,
Q,MIO_EUR,SCA,S13,P2,EE,2024-Q3,
Q,MIO_EUR,SCA,S13,P2,EE,2024-Q4,
Q,MIO_EUR,SCA,S13,P2,EE,2025-Q1,
Q,MIO_EUR,SCA,S13,P2,EE,2025-Q2,
Q,MIO_EUR,SCA,S13,P2,EE,2025-Q3,
Q,MIO_EUR,SCA,S13,P2,EE,2025-Q4,
Q,MIO_EUR,SCA,S13,P2,EE,2026-Q1,
Q,MIO_EUR,SCA,S13,P2,IE,1995-Q1,
Q,MIO_EUR,SCA,S13,P2,IE,1995-Q2,
Q,MIO_EUR,SCA,S13,P2,IE,1995-Q3,
Q,MIO_EUR,SCA,S13,P2,IE,1995-Q4,
Q,MIO_EUR,SCA,S13,P2,IE,1996-Q1,
Q,MIO_EUR,SCA,S13,P2,IE,1996-Q2,
Q,MIO_EUR,SCA,S13,P2,IE,1996-Q3,
Q,MIO_EUR,SCA,S13,P2,IE,1996-Q4,
Q,MIO_EUR,SCA,S13,P2,IE,1997-Q1,
Q,MIO_EUR,SCA,S13,P2,IE,1997-Q2,
Q,MIO_EUR,SCA,S13,P2,IE,1997-Q3,
Q,MIO_EUR,SCA,S13,P2,IE,1997-Q4,
Q,MIO_EUR,SCA,S13,P2,IE,1998-Q1,
Q,MIO_EUR,SCA,S13,P2,IE,1998-Q2,
Q,MIO_EUR,SCA,S13,P2,IE,1998-Q3,
Q,MIO_EUR,SCA,S13,P2,IE,1998-Q4,
Q,MIO_EUR,SCA,S13,P2,IE,1999-Q1,
Q,MIO_EUR,SCA,S13,P2,IE,1999-Q2,
Q,MIO_EUR,SCA,S13,P2,IE,1999-Q3,
Q,MIO_EUR,SCA,S13,P2,IE,1999-Q4,
Q,MIO_EUR,SCA,S13,P2,IE,2000-Q1,
Q,MIO_EUR,SCA,S13,P2,IE,2000-Q2,
Q,MIO_EUR,SCA,S13,P2,IE,2000-Q3,
Q,MIO_EUR,SCA,S13,P2,IE,2000-Q4,
Q,MIO_EUR,SCA,S13,P2,IE,2001-Q1,
Q,MIO_EUR,SCA,S13,P2,IE,2001-Q2,
Q,MIO_EUR,SCA,S13,P2,IE,2001-Q3,
Q,MIO_EUR,SCA,S13,P2,IE,2001-Q4,
Q,MIO_EUR,SCA,S13,P2,IE,2002-Q1,
Q,MIO_EUR,SCA,S13,P2,IE,2002-Q2,
Q,MIO_EUR,SCA,S13,P2,IE,2002-Q3,
Q,MIO_EUR,SCA,S13,P2,IE,2002-Q4,
Q,MIO_EUR,SCA,S13,P2,IE,2003-Q1,
Q,MIO_EUR,SCA,S13,P2,IE,2003-Q2,
Q,MIO_EUR,SCA,S13,P2,IE,2003-Q3,
Q,MIO_EUR,SCA,S13,P2,IE,2003-Q4,
Q,MIO_EUR,SCA,S13,P2,IE,2004-Q1,
Q,MIO_EUR,SCA,S13,P2,IE,2004-Q2,
Q,MIO_EUR,SCA,S13,P2,IE,2004-Q3,
Q,MIO_EUR,SCA,S13,P2,IE,2004-Q4,
Q,MIO_EUR,SCA,S13,P2,IE,2005-Q1,
Q,MIO_EUR,SCA,S13,P2,IE,2005-Q2,
Q,MIO_EUR,SCA,S13,P2,IE,2005-Q3,
Q,MIO_EUR,SCA,S13,P2,IE,2005-Q4,
Q,MIO_EUR,SCA,S13,P2,IE,2006-Q1,
Q,MIO_EUR,SCA,S13,P2,IE,2006-Q2,
Q,MIO_EUR,SCA,S13,P2,IE,2006-Q3,
Q,MIO_EUR,SCA,S13,P2,IE,2006-Q4,
Q,MIO_EUR,SCA,S13,P2,IE,2007-Q1,
Q,MIO_EUR,SCA,S13,P2,IE,2007-Q2,
Q,MIO_EUR,SCA,S13,P2,IE,2007-Q3,
Q,MIO_EUR,SCA,S13,P2,IE,2007-Q4,
Q,MIO_EUR,SCA,S13,P2,IE,2008-Q1,
Q,MIO_EUR,SCA,S13,P2,IE,2008-Q2,
Q,MIO_EUR,SCA,S13,P2,IE,2008-Q3,
Q,MIO_EUR,SCA,S13,P2,IE,2008-Q4,
Q,MIO_EUR,SCA,S13,P2,IE,2009-Q1,
Q,MIO_EUR,SCA,S13,P2,IE,2009-Q2,
Q,MIO_EUR,SCA,S13,P2,IE,2009-Q3,
Q,MIO_EUR,SCA,S13,P2,IE,2009-Q4,
Q,MIO_EUR,SCA,S13,P2,IE,2010-Q1,
Q,MIO_EUR,SCA,S13,P2,IE,2010-Q2,
Q,MIO_EUR,SCA,S13,P2,IE,2010-Q3,
Q,MIO_EUR,SCA,S13,P2,IE,2010-Q4,
Q,MIO_EUR,SCA,S13,P2,IE,2011-Q1,
Q,MIO_EUR,SCA,S13,P2,IE,2011-Q2,
Q,MIO_EUR,SCA,S13,P2,IE,2011-Q3,
Q,MIO_EUR,SCA,S13,P2,IE,2011-Q4,
Q,MIO_EUR,SCA,S13,P2,IE,2012-Q1,
Q,MIO_EUR,SCA,S13,P2,IE,2012-Q2,
Q,MIO_EUR,SCA,S13,P2,IE,2012-Q3,
Q,MIO_EUR,SCA,S13,P2,IE,2012-Q4,
Q,MIO_EUR,SCA,S13,P2,IE,2013-Q1,
Q,MIO_EUR,SCA,S13,P2,IE,2013-Q2,
Q,MIO_EUR,SCA,S13,P2,IE,2013-Q3,
Q,MIO_EUR,SCA,S13,P2,IE,2013-Q4,
Q,MIO_EUR,SCA,S13,P2,IE,2014-Q1,
Q,MIO_EUR,SCA,S13,P2,IE,2014-Q2,
Q,MIO_EUR,SCA,S13,P2,IE,2014-Q3,
Q,MIO_EUR,SCA,S13,P2,IE,2014-Q4,
Q,MIO_EUR,SCA,S13,P2,IE,2015-Q1,
Q,MIO_EUR,SCA,S13,P2,IE,2015-Q2,
Q,MIO_EUR,SCA,S13,P2,IE,2015-Q3,
Q,MIO_EUR,SCA,S13,P2,IE,2015-Q4,
Q,MIO_EUR,SCA,S13,P2,IE,2016-Q1,
Q,MIO_EUR,SCA,S13,P2,IE,2016-Q2,
Q,MIO_EUR,SCA,S13,P2,IE,2016-Q3,
Q,MIO_EUR,SCA,S13,P2,IE,2016-Q4,
Q,MIO_EUR,SCA,S13,P2,IE,2017-Q1,
Q,MIO_EUR,SCA,S13,P2,IE,2017-Q2,
Q,MIO_EUR,SCA,S13,P2,IE,2017-Q3,
Q,MIO_EUR,SCA,S13,P2,IE,2017-Q4,
Q,MIO_EUR,SCA,S13,P2,IE,2018-Q1,
Q,MIO_EUR,SCA,S13,P2,IE,2018-Q2,
Q,MIO_EUR,SCA,S13,P2,IE,2018-Q3,
Q,MIO_EUR,SCA,S13,P2,IE,2018-Q4,
Q,MIO_EUR,SCA,S13,P2,IE,2019-Q1,
Q,MIO_EUR,SCA,S13,P2,IE,2019-Q2,
Q,MIO_EUR,SCA,S13,P2,IE,2019-Q3,
Q,MIO_EUR,SCA,S13,P2,IE,2019-Q4,
Q,MIO_EUR,SCA,S13,P2,IE,2020-Q1,
Q,MIO_EUR,SCA,S13,P2,IE,2020-Q2,
Q,MIO_EUR,SCA,S13,P2,IE,2020-Q3,
Q,MIO_EUR,SCA,S13,P2,IE,2020-Q4,
Q,MIO_EUR,SCA,S13,P2,IE,2021-Q1,
Q,MIO_EUR,SCA,S13,P2,IE,2021-Q2,
Q,MIO_EUR,SCA,S13,P2,IE,2021-Q3,
Q,MIO_EUR,SCA,S13,P2,IE,2021-Q4,
Q,MIO_EUR,SCA,S13,P2,IE,2022-Q1,
Q,MIO_EUR,SCA,S13,P2,IE,2022-Q2,
Q,MIO_EUR,SCA,S13,P2,IE,2022-Q3,
Q,MIO_EUR,SCA,S13,P2,IE,2022-Q4,
Q,MIO_EUR,SCA,S13,P2,IE,2023-Q1,
Q,MIO_EUR,SCA,S13,P2,IE,2023-Q2,
Q,MIO_EUR,SCA,S13,P2,IE,2023-Q3,
Q,MIO_EUR,SCA,S13,P2,IE,2023-Q4,
Q,MIO_EUR,SCA,S13,P2,IE,2024-Q1,
Q,MIO_EUR,SCA,S13,P2,IE,2024-Q2,
Q,MIO_EUR,SCA,S13,P2,IE,2024-Q3,
Q,MIO_EUR,SCA,S13,P2,IE,2024-Q4,
Q,MIO_EUR,SCA,S13,P2,IE,2025-Q1,
Q,MIO_EUR,SCA,S13,P2,IE,2025-Q2,
Q,MIO_EUR,SCA,S13,P2,IE,2025-Q3,
Q,MIO_EUR,SCA,S13,P2,IE,2025-Q4,
Q,MIO_EUR,SCA,S13,P2,IE,2026-Q1,
Q,MIO_EUR,SCA,S13,P2,EL,1995-Q1,
Q,MIO_EUR,SCA,S13,P2,EL,1995-Q2,
Q,MIO_EUR,SCA,S13,P2,EL,1995-Q3,
Q,MIO_EUR,SCA,S13,P2,EL,1995-Q4,
Q,MIO_EUR,SCA,S13,P2,EL,1996-Q1,
Q,MIO_EUR,SCA,S13,P2,EL,1996-Q2,
Q,MIO_EUR,SCA,S13,P2,EL,1996-Q3,
Q,MIO_EUR,SCA,S13,P2,EL,1996-Q4,
Q,MIO_EUR,SCA,S13,P2,EL,1997-Q1,
Q,MIO_EUR,SCA,S13,P2,EL,1997-Q2,
Q,MIO_EUR,SCA,S13,P2,EL,1997-Q3,
Q,MIO_EUR,SCA,S13,P2,EL,1997-Q4,
Q,MIO_EUR,SCA,S13,P2,EL,1998-Q1,
Q,MIO_EUR,SCA,S13,P2,EL,1998-Q2,
Q,MIO_EUR,SCA,S13,P2,EL,1998-Q3,
Q,MIO_EUR,SCA,S13,P2,EL,1998-Q4,
Q,MIO_EUR,SCA,S13,P2,EL,1999-Q1,
Q,MIO_EUR,SCA,S13,P2,EL,1999-Q2,
Q,MIO_EUR,SCA,S13,P2,EL,1999-Q3,
Q,MIO_EUR,SCA,S13,P2,EL,1999-Q4,
Q,MIO_EUR,SCA,S13,P2,EL,2000-Q1,
Q,MIO_EUR,SCA,S13,P2,EL,2000-Q2,
Q,MIO_EUR,SCA,S13,P2,EL,2000-Q3,
Q,MIO_EUR,SCA,S13,P2,EL,2000-Q4,
Q,MIO_EUR,SCA,S13,P2,EL,2001-Q1,
Q,MIO_EUR,SCA,S13,P2,EL,2001-Q2,
Q,MIO_EUR,SCA,S13,P2,EL,2001-Q3,
Q,MIO_EUR,SCA,S13,P2,EL,2001-Q4,
Q,MIO_EUR,SCA,S13,P2,EL,2002-Q1,
Q,MIO_EUR,SCA,S13,P2,EL,2002-Q2,
Q,MIO_EUR,SCA,S13,P2,EL,2002-Q3,
Q,MIO_EUR,SCA,S13,P2,EL,2002-Q4,
Q,MIO_EUR,SCA,S13,P2,EL,2003-Q1,
Q,MIO_EUR,SCA,S13,P2,EL,2003-Q2,
Q,MIO_EUR,SCA,S13,P2,EL,2003-Q3,
Q,MIO_EUR,SCA,S13,P2,EL,2003-Q4,
Q,MIO_EUR,SCA,S13,P2,EL,2004-Q1,
Q,MIO_EUR,SCA,S13,P2,EL,2004-Q2,
Q,MIO_EUR,SCA,S13,P2,EL,2004-Q3,
Q,MIO_EUR,SCA,S13,P2,EL,2004-Q4,
Q,MIO_EUR,SCA,S13,P2,EL,2005-Q1,
Q,MIO_EUR,SCA,S13,P2,EL,2005-Q2,
Q,MIO_EUR,SCA,S13,P2,EL,2005-Q3,
Q,MIO_EUR,SCA,S13,P2,EL,2005-Q4,
Q,MIO_EUR,SCA,S13,P2,EL,2006-Q1,
Q,MIO_EUR,SCA,S13,P2,EL,2006-Q2,
Q,MIO_EUR,SCA,S13,P2,EL,2006-Q3,
Q,MIO_EUR,SCA,S13,P2,EL,2006-Q4,
Q,MIO_EUR,SCA,S13,P2,EL,2007-Q1,
Q,MIO_EUR,SCA,S13,P2,EL,2007-Q2,
Q,MIO_EUR,SCA,S13,P2,EL,2007-Q3,
Q,MIO_EUR,SCA,S13,P2,EL,2007-Q4,
Q,MIO_EUR,SCA,S13,P2,EL,2008-Q1,
Q,MIO_EUR,SCA,S13,P2,EL,2008-Q2,
Q,MIO_EUR,SCA,S13,P2,EL,2008-Q3,
Q,MIO_EUR,SCA,S13,P2,EL,2008-Q4,
Q,MIO_EUR,SCA,S13,P2,EL,2009-Q1,
Q,MIO_EUR,SCA,S13,P2,EL,2009-Q2,
Q,MIO_EUR,SCA,S13,P2,EL,2009-Q3,
Q,MIO_EUR,SCA,S13,P2,EL,2009-Q4,
Q,MIO_EUR,SCA,S13,P2,EL,2010-Q1,
Q,MIO_EUR,SCA,S13,P2,EL,2010-Q2,
Q,MIO_EUR,SCA,S13,P2,EL,2010-Q3,
Q,MIO_EUR,SCA,S13,P2,EL,2010-Q4,
Q,MIO_EUR,SCA,S13,P2,EL,2011-Q1,
Q,MIO_EUR,SCA,S13,P2,EL,2011-Q2,
Q,MIO_EUR,SCA,S13,P2,EL,2011-Q3,
Q,MIO_EUR,SCA,S13,P2,EL,2011-Q4,
Q,MIO_EUR,SCA,S13,P2,EL,2012-Q1,
Q,MIO_EUR,SCA,S13,P2,EL,2012-Q2,
Q,MIO_EUR,SCA,S13,P2,EL,2012-Q3,
Q,MIO_EUR,SCA,S13,P2,EL,2012-Q4,
Q,MIO_EUR,SCA,S13,P2,EL,2013-Q1,
Q,MIO_EUR,SCA,S13,P2,EL,2013-Q2,
Q,MIO_EUR,SCA,S13,P2,EL,2013-Q3,
Q,MIO_EUR,SCA,S13,P2,EL,2013-Q4,
Q,MIO_EUR,SCA,S13,P2,EL,2014-Q1,
Q,MIO_EUR,SCA,S13,P2,EL,2014-Q2,
Q,MIO_EUR,SCA,S13,P2,EL,2014-Q3,
Q,MIO_EUR,SCA,S13,P2,EL,2014-Q4,
Q,MIO_EUR,SCA,S13,P2,EL,2015-Q1,
Q,MIO_EUR,SCA,S13,P2,EL,2015-Q2,
Q,MIO_EUR,SCA,S13,P2,EL,2015-Q3,
Q,MIO_EUR,SCA,S13,P2,EL,2015-Q4,
Q,MIO_EUR,SCA,S13,P2,EL,2016-Q1,
Q,MIO_EUR,SCA,S13,P2,EL,2016-Q2,
Q,MIO_EUR,SCA,S13,P2,EL,2016-Q3,
Q,MIO_EUR,SCA,S13,P2,EL,2016-Q4,
Q,MIO_EUR,SCA,S13,P2,EL,2017-Q1,
Q,MIO_EUR,SCA,S13,P2,EL,2017-Q2,
Q,MIO_EUR,SCA,S13,P2,EL,2017-Q3,
Q,MIO_EUR,SCA,S13,P2,EL,2017-Q4,
Q,MIO_EUR,SCA,S13,P2,EL,2018-Q1,
Q,MIO_EUR,SCA,S13,P2,EL,2018-Q2,
Q,MIO_EUR,SCA,S13,P2,EL,2018-Q3,
Q,MIO_EUR,SCA,S13,P2,EL,2018-Q4,
Q,MIO_EUR,SCA,S13,P2,EL,2019-Q1,
Q,MIO_EUR,SCA,S13,P2,EL,2019-Q2,
Q,MIO_EUR,SCA,S13,P2,EL,2019-Q3,
Q,MIO_EUR,SCA,S13,P2,EL,2019-Q4,
Q,MIO_EUR,SCA,S13,P2,EL,2020-Q1,
Q,MIO_EUR,SCA,S13,P2,EL,2020-Q2,
Q,MIO_EUR,SCA,S13,P2,EL,2020-Q3,
Q,MIO_EUR,SCA,S13,P2,EL,2020-Q4,
Q,MIO_EUR,SCA,S13,P2,EL,2021-Q1,
Q,MIO_EUR,SCA,S13,P2,EL,2021-Q2,
Q,MIO_EUR,SCA,S13,P2,EL,2021-Q3,
Q,MIO_EUR,SCA,S13,P2,EL,2021-Q4,
Q,MIO_EUR,SCA,S13,P2,EL,2022-Q1,
Q,MIO_EUR,SCA,S13,P2,EL,2022-Q2,
Q,MIO_EUR,SCA,S13,P2,EL,2022-Q3,
Q,MIO_EUR,SCA,S13,P2,EL,2022-Q4,
Q,MIO_EUR,SCA,S13,P2,EL,2023-Q1,
Q,MIO_EUR,SCA,S13,P2,EL,2023-Q2,
Q,MIO_EUR,SCA,S13,P2,EL,2023-Q3,
Q,MIO_EUR,SCA,S13,P2,EL,2023-Q4,
Q,MIO_EUR,SCA,S13,P2,EL,2024-Q1,
Q,MIO_EUR,SCA,S13,P2,EL,2024-Q2,
Q,MIO_EUR,SCA,S13,P2,EL,2024-Q3,
Q,MIO_EUR,SCA,S13,P2,EL,2024-Q4,
Q,MIO_EUR,SCA,S13,P2,EL,2025-Q1,
Q,MIO_EUR,SCA,S13,P2,EL,2025-Q2,
Q,MIO_EUR,SCA,S13,P2,EL,2025-Q3,
Q,MIO_EUR,SCA,S13,P2,EL,2025-Q4,
Q,MIO_EUR,SCA,S13,P2,EL,2026-Q1,
Q,MIO_EUR,SCA,S13,P2,ES,1995-Q1,
Q,MIO_EUR,SCA,S13,P2,ES,1995-Q2,
Q,MIO_EUR,SCA,S13,P2,ES,1995-Q3,
Q,MIO_EUR,SCA,S13,P2,ES,1995-Q4,
Q,MIO_EUR,SCA,S13,P2,ES,1996-Q1,
Q,MIO_EUR,SCA,S13,P2,ES,1996-Q2,
Q,MIO_EUR,SCA,S13,P2,ES,1996-Q3,
Q,MIO_EUR,SCA,S13,P2,ES,1996-Q4,
Q,MIO_EUR,SCA,S13,P2,ES,1997-Q1,
Q,MIO_EUR,SCA,S13,P2,ES,1997-Q2,
Q,MIO_EUR,SCA,S13,P2,ES,1997-Q3,
Q,MIO_EUR,SCA,S13,P2,ES,1997-Q4,
Q,MIO_EUR,SCA,S13,P2,ES,1998-Q1,
Q,MIO_EUR,SCA,S13,P2,ES,1998-Q2,
Q,MIO_EUR,SCA,S13,P2,ES,1998-Q3,
Q,MIO_EUR,SCA,S13,P2,ES,1998-Q4,
Q,MIO_EUR,SCA,S13,P2,ES,1999-Q1,
Q,MIO_EUR,SCA,S13,P2,ES,1999-Q2,
Q,MIO_EUR,SCA,S13,P2,ES,1999-Q3,
Q,MIO_EUR,SCA,S13,P2,ES,1999-Q4,
Q,MIO_EUR,SCA,S13,P2,ES,2000-Q1,
Q,MIO_EUR,SCA,S13,P2,ES,2000-Q2,
Q,MIO_EUR,SCA,S13,P2,ES,2000-Q3,
Q,MIO_EUR,SCA,S13,P2,ES,2000-Q4,
Q,MIO_EUR,SCA,S13,P2,ES,2001-Q1,
Q,MIO_EUR,SCA,S13,P2,ES,2001-Q2,
Q,MIO_EUR,SCA,S13,P2,ES,2001-Q3,
Q,MIO_EUR,SCA,S13,P2,ES,2001-Q4,
Q,MIO_EUR,SCA,S13,P2,ES,2002-Q1,
Q,MIO_EUR,SCA,S13,P2,ES,2002-Q2,
Q,MIO_EUR,SCA,S13,P2,ES,2002-Q3,
Q,MIO_EUR,SCA,S13,P2,ES,2002-Q4,
Q,MIO_EUR,SCA,S13,P2,ES,2003-Q1,
Q,MIO_EUR,SCA,S13,P2,ES,2003-Q2,
Q,MIO_EUR,SCA,S13,P2,ES,2003-Q3,
Q,MIO_EUR,SCA,S13,P2,ES,2003-Q4,
Q,MIO_EUR,SCA,S13,P2,ES,2004-Q1,
Q,MIO_EUR,SCA,S13,P2,ES,2004-Q2,
Q,MIO_EUR,SCA,S13,P2,ES,2004-Q3,
Q,MIO_EUR,SCA,S13,P2,ES,2004-Q4,
Q,MIO_EUR,SCA,S13,P2,ES,2005-Q1,
Q,MIO_EUR,SCA,S13,P2,ES,2005-Q2,
Q,MIO_EUR,SCA,S13,P2,ES,2005-Q3,
Q,MIO_EUR,SCA,S13,P2,ES,2005-Q4,
Q,MIO_EUR,SCA,S13,P2,ES,2006-Q1,
Q,MIO_EUR,SCA,S13,P2,ES,2006-Q2,
Q,MIO_EUR,SCA,S13,P2,ES,2006-Q3,
Q,MIO_EUR,SCA,S13,P2,ES,2006-Q4,
Q,MIO_EUR,SCA,S13,P2,ES,2007-Q1,
Q,MIO_EUR,SCA,S13,P2,ES,2007-Q2,
Q,MIO_EUR,SCA,S13,P2,ES,2007-Q3,
Q,MIO_EUR,SCA,S13,P2,ES,2007-Q4,
Q,MIO_EUR,SCA,S13,P2,ES,2008-Q1,
Q,MIO_EUR,SCA,S13,P2,ES,2008-Q2,
Q,MIO_EUR,SCA,S13,P2,ES,2008-Q3,
Q,MIO_EUR,SCA,S13,P2,ES,2008-Q4,
Q,MIO_EUR,SCA,S13,P2,ES,2009-Q1,
Q,MIO_EUR,SCA,S13,P2,ES,2009-Q2,
Q,MIO_EUR,SCA,S13,P2,ES,2009-Q3,
Q,MIO_EUR,SCA,S13,P2,ES,2009-Q4,
Q,MIO_EUR,SCA,S13,P2,ES,2010-Q1,
Q,MIO_EUR,SCA,S13,P2,ES,2010-Q2,
Q,MIO_EUR,SCA,S13,P2,ES,2010-Q3,
Q,MIO_EUR,SCA,S13,P2,ES,2010-Q4,
Q,MIO_EUR,SCA,S13,P2,ES,2011-Q1,
Q,MIO_EUR,SCA,S13,P2,ES,2011-Q2,
Q,MIO_EUR,SCA,S13,P2,ES,2011-Q3,
Q,MIO_EUR,SCA,S13,P2,ES,2011-Q4,
Q,MIO_EUR,SCA,S13,P2,ES,2012-Q1,
Q,MIO_EUR,SCA,S13,P2,ES,2012-Q2,
Q,MIO_EUR,SCA,S13,P2,ES,2012-Q3,
Q,MIO_EUR,SCA,S13,P2,ES,2012-Q4,
Q,MIO_EUR,SCA,S13,P2,ES,2013-Q1,
Q,MIO_EUR,SCA,S13,P2,ES,2013-Q2,
Q,MIO_EUR,SCA,S13,P2,ES,2013-Q3,
Q,MIO_EUR,SCA,S13,P2,ES,2013-Q4,
Q,MIO_EUR,SCA,S13,P2,ES,2014-Q1,
Q,MIO_EUR,SCA,S13,P2,ES,2014-Q2,
Q,MIO_EUR,SCA,S13,P2,ES,2014-Q3,
Q,MIO_EUR,SCA,S13,P2,ES,2014-Q4,
Q,MIO_EUR,SCA,S13,P2,ES,2015-Q1,
Q,MIO_EUR,SCA,S13,P2,ES,2015-Q2,
Q,MIO_EUR,SCA,S13,P2,ES,2015-Q3,
Q,MIO_EUR,SCA,S13,P2,ES,2015-Q4,
Q,MIO_EUR,SCA,S13,P2,ES,2016-Q1,
Q,MIO_EUR,SCA,S13,P2,ES,2016-Q2,
Q,MIO_EUR,SCA,S13,P2,ES,2016-Q3,
Q,MIO_EUR,SCA,S13,P2,ES,2016-Q4,
Q,MIO_EUR,SCA,S13,P2,ES,2017-Q1,
Q,MIO_EUR,SCA,S13,P2,ES,2017-Q2,
Q,MIO_EUR,SCA,S13,P2,ES,2017-Q3,
Q,MIO_EUR,SCA,S13,P2,ES,2017-Q4,
Q,MIO_EUR,SCA,S13,P2,ES,2018-Q1,
Q,MIO_EUR,SCA,S13,P2,ES,2018-Q2,
Q,MIO_EUR,SCA,S13,P2,ES,2018-Q3,
Q,MIO_EUR,SCA,S13,P2,ES,2018-Q4,
Q,MIO_EUR,SCA,S13,P2,ES,2019-Q1,
Q,MIO_EUR,SCA,S13,P2,ES,2019-Q2,
Q,MIO_EUR,SCA,S13,P2,ES,2019-Q3,
Q,MIO_EUR,SCA,S13,P2,ES,2019-Q4,
Q,MIO_EUR,SCA,S13,P2,ES,2020-Q1,
Q,MIO_EUR,SCA,S13,P2,ES,2020-Q2,
Q,MIO_EUR,SCA,S13,P2,ES,2020-Q3,
Q,MIO_EUR,SCA,S13,P2,ES,2020-Q4,
Q,MIO_EUR,SCA,S13,P2,ES,2021-Q1,
Q,MIO_EUR,SCA,S13,P2,ES,2021-Q2,
Q,MIO_EUR,SCA,S13,P2,ES,2021-Q3,
Q,MIO_EUR,SCA,S13,P2,ES,2021-Q4,
Q,MIO_EUR,SCA,S13,P2,ES,2022-Q1,
Q,MIO_EUR,SCA,S13,P2,ES,2022-Q2,
Q,MIO_EUR,SCA,S13,P2,ES,2022-Q3,
Q,MIO_EUR,SCA,S13,P2,ES,2022-Q4,
Q,MIO_EUR,SCA,S13,P2,ES,2023-Q1,
Q,MIO_EUR,SCA,S13,P2,ES,2023-Q2,
Q,MIO_EUR,SCA,S13,P2,ES,2023-Q3,
Q,MIO_EUR,SCA,S13,P2,ES,2023-Q4,
Q,MIO_EUR,SCA,S13,P2,ES,2024-Q1,
Q,MIO_EUR,SCA,S13,P2,ES,2024-Q2,
Q,MIO_EUR,SCA,S13,P2,ES,2024-Q3,
Q,MIO_EUR,SCA,S13,P2,ES,2024-Q4,
Q,MIO_EUR,SCA,S13,P2,ES,2025-Q1,
Q,MIO_EUR,SCA,S13,P2,ES,2025-Q2,
Q,MIO_EUR,SCA,S13,P2,ES,2025-Q3,
Q,MIO_EUR,SCA,S13,P2,ES,2025-Q4,
Q,MIO_EUR,SCA,S13,P2,ES,2026-Q1,
Q,MIO_EUR,SCA,S13,P2,FR,1995-Q1,16332.6
Q,MIO_EUR,SCA,S13,P2,FR,1995-Q2,16470.8
Q,MIO_EUR,SCA,S13,P2,FR,1995-Q3,16807.3
Q,MIO_EUR,SCA,S13,P2,FR,1995-Q4,17063.2
Q,MIO_EUR,SCA,S13,P2,FR,1996-Q1,17460.9
Q,MIO_EUR,SCA,S13,P2,FR,1996-Q2,17825.1
Q,MIO_EUR,SCA,S13,P2,FR,1996-Q3,18088.5
Q,MIO_EUR,SCA,S13,P2,FR,1996-Q4,18318.8
Q,MIO_EUR,SCA,S13,P2,FR,1997-Q1,18443.7
Q,MIO_EUR,SCA,S13,P2,FR,1997-Q2,18502.8
Q,MIO_EUR,SCA,S13,P2,FR,1997-Q3,18314.6
Q,MIO_EUR,SCA,S13,P2,FR,1997-Q4,18082.9
Q,MIO_EUR,SCA,S13,P2,FR,1998-Q1,17477.7
Q,MIO_EUR,SCA,S13,P2,FR,1998-Q2,17121.4
Q,MIO_EUR,SCA,S13,P2,FR,1998-Q3,17005.1
Q,MIO_EUR,SCA,S13,P2,FR,1998-Q4,17100.4
Q,MIO_EUR,SCA,S13,P2,FR,1999-Q1,17260.8
Q,MIO_EUR,SCA,S13,P2,FR,1999-Q2,17538.8
Q,MIO_EUR,SCA,S13,P2,FR,1999-Q3,17854.5
Q,MIO_EUR,SCA,S13,P2,FR,1999-Q4,18276.7
Q,MIO_EUR,SCA,S13,P2,FR,2000-Q1,18712.6
Q,MIO_EUR,SCA,S13,P2,FR,2000-Q2,19002.2
Q,MIO_EUR,SCA,S13,P2,FR,2000-Q3,19105.5
Q,MIO_EUR,SCA,S13,P2,FR,2000-Q4,19022.2
Q,MIO_EUR,SCA,S13,P2,FR,2001-Q1,18813.6
Q,MIO_EUR,SCA,S13,P2,FR,2001-Q2,18769.5
Q,MIO_EUR,SCA,S13,P2,FR,2001-Q3,18950.8
Q,MIO_EUR,SCA,S13,P2,FR,2001-Q4,19357.7
Q,MIO_EUR,SCA,S13,P2,FR,2002-Q1,19926
Q,MIO_EUR,SCA,S13,P2,FR,2002-Q2,20351.2
Q,MIO_EUR,SCA,S13,P2,FR,2002-Q3,20569.3
Q,MIO_EUR,SCA,S13,P2,FR,2002-Q4,20580.3
Q,MIO_EUR,SCA,S13,P2,FR,2003-Q1,20438
Q,MIO_EUR,SCA,S13,P2,FR,2003-Q2,20398.7
Q,MIO_EUR,SCA,S13,P2,FR,2003-Q3,20516.3
Q,MIO_EUR,SCA,S13,P2,FR,2003-Q4,20790.7
Q,MIO_EUR,SCA,S13,P2,FR,2004-Q1,21190.3
Q,MIO_EUR,SCA,S13,P2,FR,2004-Q2,21564.4
Q,MIO_EUR,SCA,S13,P2,FR,2004-Q3,21881.2
Q,MIO_EUR,SCA,S13,P2,FR,2004-Q4,22140.7
Q,MIO_EUR,SCA,S13,P2,FR,2005-Q1,22349.2
Q,MIO_EUR,SCA,S13,P2,FR,2005-Q2,22535.9
Q,MIO_EUR,SCA,S13,P2,FR,2005-Q3,22706.8
Q,MIO_EUR,SCA,S13,P2,FR,2005-Q4,22862.1
Q,MIO_EUR,SCA,S13,P2,FR,2006-Q1,23473.7
Q,MIO_EUR,SCA,S13,P2,FR,2006-Q2,23194.4
Q,MIO_EUR,SCA,S13,P2,FR,2006-Q3,22986.4
Q,MIO_EUR,SCA,S13,P2,FR,2006-Q4,23202.6
Q,MIO_EUR,SCA,S13,P2,FR,2007-Q1,23406
Q,MIO_EUR,SCA,S13,P2,FR,2007-Q2,23600.2
Q,MIO_EUR,SCA,S13,P2,FR,2007-Q3,23964.5
Q,MIO_EUR,SCA,S13,P2,FR,2007-Q4,24036.7
Q,MIO_EUR,SCA,S13,P2,FR,2008-Q1,24105.1
Q,MIO_EUR,SCA,S13,P2,FR,2008-Q2,24001.4
Q,MIO_EUR,SCA,S13,P2,FR,2008-Q3,24610.3
Q,MIO_EUR,SCA,S13,P2,FR,2008-Q4,25066.6
Q,MIO_EUR,SCA,S13,P2,FR,2009-Q1,25493.9
Q,MIO_EUR,SCA,S13,P2,FR,2009-Q2,25878.4
Q,MIO_EUR,SCA,S13,P2,FR,2009-Q3,26180.1
Q,MIO_EUR,SCA,S13,P2,FR,2009-Q4,26317.1
Q,MIO_EUR,SCA,S13,P2,FR,2010-Q1,26432.4
Q,MIO_EUR,SCA,S13,P2,FR,2010-Q2,26789.2
Q,MIO_EUR,SCA,S13,P2,FR,2010-Q3,27024.2
Q,MIO_EUR,SCA,S13,P2,FR,2010-Q4,27160.5
Q,MIO_EUR,SCA,S13,P2,FR,2011-Q1,27065.8
Q,MIO_EUR,SCA,S13,P2,FR,2011-Q2,27044.1
Q,MIO_EUR,SCA,S13,P2,FR,2011-Q3,27276.1
Q,MIO_EUR,SCA,S13,P2,FR,2011-Q4,27433
Q,MIO_EUR,SCA,S13,P2,FR,2012-Q1,27767.7
Q,MIO_EUR,SCA,S13,P2,FR,2012-Q2,27892.9
Q,MIO_EUR,SCA,S13,P2,FR,2012-Q3,28057.7
Q,MIO_EUR,SCA,S13,P2,FR,2012-Q4,28097.8
Q,MIO_EUR,SCA,S13,P2,FR,2013-Q1,28310
Q,MIO_EUR,SCA,S13,P2,FR,2013-Q2,28594.6
Q,MIO_EUR,SCA,S13,P2,FR,2013-Q3,28658
Q,MIO_EUR,SCA,S13,P2,FR,2013-Q4,28548.3
Q,MIO_EUR,SCA,S13,P2,FR,2014-Q1,28435
Q,MIO_EUR,SCA,S13,P2,FR,2014-Q2,28250.9
Q,MIO_EUR,SCA,S13,P2,FR,2014-Q3,28480.1
Q,MIO_EUR,SCA,S13,P2,FR,2014-Q4,28697.5
Q,MIO_EUR,SCA,S13,P2,FR,2015-Q1,28866.6
Q,MIO_EUR,SCA,S13,P2,FR,2015-Q2,28826.9
Q,MIO_EUR,SCA,S13,P2,FR,2015-Q3,28954.1
Q,MIO_EUR,SCA,S13,P2,FR,2015-Q4,28935.2
Q,MIO_EUR,SCA,S13,P2,FR,2016-Q1,28652.5
Q,MIO_EUR,SCA,S13,P2,FR,2016-Q2,28784
Q,MIO_EUR,SCA,S13,P2,FR,2016-Q3,29195.1
Q,MIO_EUR,SCA,S13,P2,FR,2016-Q4,29572.5
Q,MIO_EUR,SCA,S13,P2,FR,2017-Q1,29775.4
Q,MIO_EUR,SCA,S13,P2,FR,2017-Q2,30175.9
Q,MIO_EUR,SCA,S13,P2,FR,2017-Q3,30331.3
Q,MIO_EUR,SCA,S13,P2,FR,2017-Q4,30353.3
Q,MIO_EUR,SCA,S13,P2,FR,2018-Q1,30454.7
Q,MIO_EUR,SCA,S13,P2,FR,2018-Q2,30751.2
Q,MIO_EUR,SCA,S13,P2,FR,2018-Q3,30662.9
Q,MIO_EUR,SCA,S13,P2,FR,2018-Q4,31009.2
Q,MIO_EUR,SCA,S13,P2,FR,2019-Q1,31420.3
Q,MIO_EUR,SCA,S13,P2,FR,2019-Q2,31574.2
Q,MIO_EUR,SCA,S13,P2,FR,2019-Q3,32155.4
Q,MIO_EUR,SCA,S13,P2,FR,2019-Q4,31561.7
Q,MIO_EUR,SCA,S13,P2,FR,2020-Q1,33267.1
Q,MIO_EUR,SCA,S13,P2,FR,2020-Q2,29480.2
Q,MIO_EUR,SCA,S13,P2,FR,2020-Q3,31055.9
Q,MIO_EUR,SCA,S13,P2,FR,2020-Q4,32605.8
Q,MIO_EUR,SCA,S13,P2,FR,2021-Q1,32676.2
Q,MIO_EUR,SCA,S13,P2,FR,2021-Q2,33747.5
Q,MIO_EUR,SCA,S13,P2,FR,2021-Q3,34518
Q,MIO_EUR,SCA,S13,P2,FR,2021-Q4,35139.6
Q,MIO_EUR,SCA,S13,P2,FR,2022-Q1,35086.9
Q,MIO_EUR,SCA,S13,P2,FR,2022-Q2,36245.9
Q,MIO_EUR,SCA,S13,P2,FR,2022-Q3,36779.7
Q,MIO_EUR,SCA,S13,P2,FR,2022-Q4,37766.4
Q,MIO_EUR,SCA,S13,P2,FR,2023-Q1,38300.4
Q,MIO_EUR,SCA,S13,P2,FR,2023-Q2,39170
Q,MIO_EUR,SCA,S13,P2,FR,2023-Q3,39815.2
Q,MIO_EUR,SCA,S13,P2,FR,2023-Q4,40262.4
Q,MIO_EUR,SCA,S13,P2,FR,2024-Q1,40483.9
Q,MIO_EUR,SCA,S13,P2,FR,2024-Q2,40814
Q,MIO_EUR,SCA,S13,P2,FR,2024-Q3,40521.1
Q,MIO_EUR,SCA,S13,P2,FR,2024-Q4,40589.6
Q,MIO_EUR,SCA,S13,P2,FR,2025-Q1,40629.1
Q,MIO_EUR,SCA,S13,P2,FR,2025-Q2,40645
Q,MIO_EUR,SCA,S13,P2,FR,2025-Q3,41057.7
Q,MIO_EUR,SCA,S13,P2,FR,2025-Q4,41164.8
Q,MIO_EUR,SCA,S13,P2,FR,2026-Q1,41516.9
Q,MIO_EUR,SCA,S13,P2,HR,1995-Q1,
Q,MIO_EUR,SCA,S13,P2,HR,1995-Q2,
Q,MIO_EUR,SCA,S13,P2,HR,1995-Q3,
Q,MIO_EUR,SCA,S13,P2,HR,1995-Q4,
Q,MIO_EUR,SCA,S13,P2,HR,1996-Q1,
Q,MIO_EUR,SCA,S13,P2,HR,1996-Q2,
Q,MIO_EUR,SCA,S13,P2,HR,1996-Q3,
Q,MIO_EUR,SCA,S13,P2,HR,1996-Q4,
Q,MIO_EUR,SCA,S13,P2,HR,1997-Q1,
Q,MIO_EUR,SCA,S13,P2,HR,1997-Q2,
Q,MIO_EUR,SCA,S13,P2,HR,1997-Q3,
Q,MIO_EUR,SCA,S13,P2,HR,1997-Q4,
Q,MIO_EUR,SCA,S13,P2,HR,1998-Q1,
Q,MIO_EUR,SCA,S13,P2,HR,1998-Q2,
Q,MIO_EUR,SCA,S13,P2,HR,1998-Q3,
Q,MIO_EUR,SCA,S13,P2,HR,1998-Q4,
Q,MIO_EUR,SCA,S13,P2,HR,1999-Q1,502.3
Q,MIO_EUR,SCA,S13,P2,HR,1999-Q2,493.3
Q,MIO_EUR,SCA,S13,P2,HR,1999-Q3,490.5
Q,MIO_EUR,SCA,S13,P2,HR,1999-Q4,487.9
Q,MIO_EUR,SCA,S13,P2,HR,2000-Q1,481.5
Q,MIO_EUR,SCA,S13,P2,HR,2000-Q2,482.4
Q,MIO_EUR,SCA,S13,P2,HR,2000-Q3,488.3
Q,MIO_EUR,SCA,S13,P2,HR,2000-Q4,490
Q,MIO_EUR,SCA,S13,P2,HR,2001-Q1,479
Q,MIO_EUR,SCA,S13,P2,HR,2001-Q2,489.8
Q,MIO_EUR,SCA,S13,P2,HR,2001-Q3,488.5
Q,MIO_EUR,SCA,S13,P2,HR,2001-Q4,494.6
Q,MIO_EUR,SCA,S13,P2,HR,2002-Q1,585.6
Q,MIO_EUR,SCA,S13,P2,HR,2002-Q2,592.6
Q,MIO_EUR,SCA,S13,P2,HR,2002-Q3,592.9
Q,MIO_EUR,SCA,S13,P2,HR,2002-Q4,599.5
Q,MIO_EUR,SCA,S13,P2,HR,2003-Q1,581.5
Q,MIO_EUR,SCA,S13,P2,HR,2003-Q2,591.9
Q,MIO_EUR,SCA,S13,P2,HR,2003-Q3,598.6
Q,MIO_EUR,SCA,S13,P2,HR,2003-Q4,591.9
Q,MIO_EUR,SCA,S13,P2,HR,2004-Q1,598.4
Q,MIO_EUR,SCA,S13,P2,HR,2004-Q2,616.5
Q,MIO_EUR,SCA,S13,P2,HR,2004-Q3,626.3
Q,MIO_EUR,SCA,S13,P2,HR,2004-Q4,622
Q,MIO_EUR,SCA,S13,P2,HR,2005-Q1,650.1
Q,MIO_EUR,SCA,S13,P2,HR,2005-Q2,690.6
Q,MIO_EUR,SCA,S13,P2,HR,2005-Q3,692.3
Q,MIO_EUR,SCA,S13,P2,HR,2005-Q4,728
Q,MIO_EUR,SCA,S13,P2,HR,2006-Q1,736.6
Q,MIO_EUR,SCA,S13,P2,HR,2006-Q2,754.6
Q,MIO_EUR,SCA,S13,P2,HR,2006-Q3,770.8
Q,MIO_EUR,SCA,S13,P2,HR,2006-Q4,792.8
Q,MIO_EUR,SCA,S13,P2,HR,2007-Q1,827.9
Q,MIO_EUR,SCA,S13,P2,HR,2007-Q2,844.5
Q,MIO_EUR,SCA,S13,P2,HR,2007-Q3,861.9
Q,MIO_EUR,SCA,S13,P2,HR,2007-Q4,880.3
Q,MIO_EUR,SCA,S13,P2,HR,2008-Q1,930.5
Q,MIO_EUR,SCA,S13,P2,HR,2008-Q2,947.3
Q,MIO_EUR,SCA,S13,P2,HR,2008-Q3,959
Q,MIO_EUR,SCA,S13,P2,HR,2008-Q4,933
Q,MIO_EUR,SCA,S13,P2,HR,2009-Q1,884.4
Q,MIO_EUR,SCA,S13,P2,HR,2009-Q2,924.2
Q,MIO_EUR,SCA,S13,P2,HR,2009-Q3,886.7
Q,MIO_EUR,SCA,S13,P2,HR,2009-Q4,900
Q,MIO_EUR,SCA,S13,P2,HR,2010-Q1,902.2
Q,MIO_EUR,SCA,S13,P2,HR,2010-Q2,869.6
Q,MIO_EUR,SCA,S13,P2,HR,2010-Q3,957.5
Q,MIO_EUR,SCA,S13,P2,HR,2010-Q4,932.3
Q,MIO_EUR,SCA,S13,P2,HR,2011-Q1,917
Q,MIO_EUR,SCA,S13,P2,HR,2011-Q2,908.7
Q,MIO_EUR,SCA,S13,P2,HR,2011-Q3,962.2
Q,MIO_EUR,SCA,S13,P2,HR,2011-Q4,940.8
Q,MIO_EUR,SCA,S13,P2,HR,2012-Q1,939.9
Q,MIO_EUR,SCA,S13,P2,HR,2012-Q2,954.6
Q,MIO_EUR,SCA,S13,P2,HR,2012-Q3,842
Q,MIO_EUR,SCA,S13,P2,HR,2012-Q4,949.1
Q,MIO_EUR,SCA,S13,P2,HR,2013-Q1,877.8
Q,MIO_EUR,SCA,S13,P2,HR,2013-Q2,933.1
Q,MIO_EUR,SCA,S13,P2,HR,2013-Q3,939
Q,MIO_EUR,SCA,S13,P2,HR,2013-Q4,943.2
Q,MIO_EUR,SCA,S13,P2,HR,2014-Q1,955.8
Q,MIO_EUR,SCA,S13,P2,HR,2014-Q2,943.4
Q,MIO_EUR,SCA,S13,P2,HR,2014-Q3,926.2
Q,MIO_EUR,SCA,S13,P2,HR,2014-Q4,963.4
Q,MIO_EUR,SCA,S13,P2,HR,2015-Q1,949.7
Q,MIO_EUR,SCA,S13,P2,HR,2015-Q2,943.9
Q,MIO_EUR,SCA,S13,P2,HR,2015-Q3,940.8
Q,MIO_EUR,SCA,S13,P2,HR,2015-Q4,953.6
Q,MIO_EUR,SCA,S13,P2,HR,2016-Q1,964
Q,MIO_EUR,SCA,S13,P2,HR,2016-Q2,987.9
Q,MIO_EUR,SCA,S13,P2,HR,2016-Q3,987.5
Q,MIO_EUR,SCA,S13,P2,HR,2016-Q4,982.5
Q,MIO_EUR,SCA,S13,P2,HR,2017-Q1,1010
Q,MIO_EUR,SCA,S13,P2,HR,2017-Q2,1026.5
Q,MIO_EUR,SCA,S13,P2,HR,2017-Q3,1031
Q,MIO_EUR,SCA,S13,P2,HR,2017-Q4,1022.8
Q,MIO_EUR,SCA,S13,P2,HR,2018-Q1,1048.7
Q,MIO_EUR,SCA,S13,P2,HR,2018-Q2,1073.1
Q,MIO_EUR,SCA,S13,P2,HR,2018-Q3,1114.2
Q,MIO_EUR,SCA,S13,P2,HR,2018-Q4,1046.3
Q,MIO_EUR,SCA,S13,P2,HR,2019-Q1,1114.2
Q,MIO_EUR,SCA,S13,P2,HR,2019-Q2,1156.3
Q,MIO_EUR,SCA,S13,P2,HR,2019-Q3,1200.4
Q,MIO_EUR,SCA,S13,P2,HR,2019-Q4,1204.6
Q,MIO_EUR,SCA,S13,P2,HR,2020-Q1,1214.5
Q,MIO_EUR,SCA,S13,P2,HR,2020-Q2,938.2
Q,MIO_EUR,SCA,S13,P2,HR,2020-Q3,1169
Q,MIO_EUR,SCA,S13,P2,HR,2020-Q4,1105.4
Q,MIO_EUR,SCA,S13,P2,HR,2021-Q1,1120.1
Q,MIO_EUR,SCA,S13,P2,HR,2021-Q2,1175.4
Q,MIO_EUR,SCA,S13,P2,HR,2021-Q3,1203.5
Q,MIO_EUR,SCA,S13,P2,HR,2021-Q4,1355.9
Q,MIO_EUR,SCA,S13,P2,HR,2022-Q1,1191.5
Q,MIO_EUR,SCA,S13,P2,HR,2022-Q2,1243.6
Q,MIO_EUR,SCA,S13,P2,HR,2022-Q3,1345.3
Q,MIO_EUR,SCA,S13,P2,HR,2022-Q4,1415.9
Q,MIO_EUR,SCA,S13,P2,HR,2023-Q1,1431.9
Q,MIO_EUR,SCA,S13,P2,HR,2023-Q2,1516.7
Q,MIO_EUR,SCA,S13,P2,HR,2023-Q3,1493
Q,MIO_EUR,SCA,S13,P2,HR,2023-Q4,1587.6
Q,MIO_EUR,SCA,S13,P2,HR,2024-Q1,1547.6
Q,MIO_EUR,SCA,S13,P2,HR,2024-Q2,1582.8
Q,MIO_EUR,SCA,S13,P2,HR,2024-Q3,1641.3
Q,MIO_EUR,SCA,S13,P2,HR,2024-Q4,1692.6
Q,MIO_EUR,SCA,S13,P2,HR,2025-Q1,1722.2
Q,MIO_EUR,SCA,S13,P2,HR,2025-Q2,1777.1
Q,MIO_EUR,SCA,S13,P2,HR,2025-Q3,1836.4
Q,MIO_EUR,SCA,S13,P2,HR,2025-Q4,1881.2
Q,MIO_EUR,SCA,S13,P2,HR,2026-Q1,1899.1
Q,MIO_EUR,SCA,S13,P2,IT,1995-Q1,
Q,MIO_EUR,SCA,S13,P2,IT,1995-Q2,
Q,MIO_EUR,SCA,S13,P2,IT,1995-Q3,
Q,MIO_EUR,SCA,S13,P2,IT,1995-Q4,
Q,MIO_EUR,SCA,S13,P2,IT,1996-Q1,
Q,MIO_EUR,SCA,S13,P2,IT,1996-Q2,
Q,MIO_EUR,SCA,S13,P2,IT,1996-Q3,
Q,MIO_EUR,SCA,S13,P2,IT,1996-Q4,
Q,MIO_EUR,SCA,S13,P2,IT,1997-Q1,
Q,MIO_EUR,SCA,S13,P2,IT,1997-Q2,
Q,MIO_EUR,SCA,S13,P2,IT,1997-Q3,
Q,MIO_EUR,SCA,S13,P2,IT,1997-Q4,
Q,MIO_EUR,SCA,S13,P2,IT,1998-Q1,
Q,MIO_EUR,SCA,S13,P2,IT,1998-Q2,
Q,MIO_EUR,SCA,S13,P2,IT,1998-Q3,
Q,MIO_EUR,SCA,S13,P2,IT,1998-Q4,
Q,MIO_EUR,SCA,S13,P2,IT,1999-Q1,
Q,MIO_EUR,SCA,S13,P2,IT,1999-Q2,
Q,MIO_EUR,SCA,S13,P2,IT,1999-Q3,
Q,MIO_EUR,SCA,S13,P2,IT,1999-Q4,
Q,MIO_EUR,SCA,S13,P2,IT,2000-Q1,
Q,MIO_EUR,SCA,S13,P2,IT,2000-Q2,
Q,MIO_EUR,SCA,S13,P2,IT,2000-Q3,
Q,MIO_EUR,SCA,S13,P2,IT,2000-Q4,
Q,MIO_EUR,SCA,S13,P2,IT,2001-Q1,
Q,MIO_EUR,SCA,S13,P2,IT,2001-Q2,
Q,MIO_EUR,SCA,S13,P2,IT,2001-Q3,
Q,MIO_EUR,SCA,S13,P2,IT,2001-Q4,
Q,MIO_EUR,SCA,S13,P2,IT,2002-Q1,
Q,MIO_EUR,SCA,S13,P2,IT,2002-Q2,
Q,MIO_EUR,SCA,S13,P2,IT,2002-Q3,
Q,MIO_EUR,SCA,S13,P2,IT,2002-Q4,
Q,MIO_EUR,SCA,S13,P2,IT,2003-Q1,
Q,MIO_EUR,SCA,S13,P2,IT,2003-Q2,
Q,MIO_EUR,SCA,S13,P2,IT,2003-Q3,
Q,MIO_EUR,SCA,S13,P2,IT,2003-Q4,
Q,MIO_EUR,SCA,S13,P2,IT,2004-Q1,
Q,MIO_EUR,SCA,S13,P2,IT,2004-Q2,
Q,MIO_EUR,SCA,S13,P2,IT,2004-Q3,
Q,MIO_EUR,SCA,S13,P2,IT,2004-Q4,
Q,MIO_EUR,SCA,S13,P2,IT,2005-Q1,
Q,MIO_EUR,SCA,S13,P2,IT,2005-Q2,
Q,MIO_EUR,SCA,S13,P2,IT,2005-Q3,
Q,MIO_EUR,SCA,S13,P2,IT,2005-Q4,
Q,MIO_EUR,SCA,S13,P2,IT,2006-Q1,
Q,MIO_EUR,SCA,S13,P2,IT,2006-Q2,
Q,MIO_EUR,SCA,S13,P2,IT,2006-Q3,
Q,MIO_EUR,SCA,S13,P2,IT,2006-Q4,
Q,MIO_EUR,SCA,S13,P2,IT,2007-Q1,
Q,MIO_EUR,SCA,S13,P2,IT,2007-Q2,
Q,MIO_EUR,SCA,S13,P2,IT,2007-Q3,
Q,MIO_EUR,SCA,S13,P2,IT,2007-Q4,
Q,MIO_EUR,SCA,S13,P2,IT,2008-Q1,
Q,MIO_EUR,SCA,S13,P2,IT,2008-Q2,
Q,MIO_EUR,SCA,S13,P2,IT,2008-Q3,
Q,MIO_EUR,SCA,S13,P2,IT,2008-Q4,
Q,MIO_EUR,SCA,S13,P2,IT,2009-Q1,
Q,MIO_EUR,SCA,S13,P2,IT,2009-Q2,
Q,MIO_EUR,SCA,S13,P2,IT,2009-Q3,
Q,MIO_EUR,SCA,S13,P2,IT,2009-Q4,
Q,MIO_EUR,SCA,S13,P2,IT,2010-Q1,
Q,MIO_EUR,SCA,S13,P2,IT,2010-Q2,
Q,MIO_EUR,SCA,S13,P2,IT,2010-Q3,
Q,MIO_EUR,SCA,S13,P2,IT,2010-Q4,
Q,MIO_EUR,SCA,S13,P2,IT,2011-Q1,
Q,MIO_EUR,SCA,S13,P2,IT,2011-Q2,
Q,MIO_EUR,SCA,S13,P2,IT,2011-Q3,
Q,MIO_EUR,SCA,S13,P2,IT,2011-Q4,
Q,MIO_EUR,SCA,S13,P2,IT,2012-Q1,
Q,MIO_EUR,SCA,S13,P2,IT,2012-Q2,
Q,MIO_EUR,SCA,S13,P2,IT,2012-Q3,
Q,MIO_EUR,SCA,S13,P2,IT,2012-Q4,
Q,MIO_EUR,SCA,S13,P2,IT,2013-Q1,
Q,MIO_EUR,SCA,S13,P2,IT,2013-Q2,
Q,MIO_EUR,SCA,S13,P2,IT,2013-Q3,
Q,MIO_EUR,SCA,S13,P2,IT,2013-Q4,
Q,MIO_EUR,SCA,S13,P2,IT,2014-Q1,
Q,MIO_EUR,SCA,S13,P2,IT,2014-Q2,
Q,MIO_EUR,SCA,S13,P2,IT,2014-Q3,
Q,MIO_EUR,SCA,S13,P2,IT,2014-Q4,
Q,MIO_EUR,SCA,S13,P2,IT,2015-Q1,
Q,MIO_EUR,SCA,S13,P2,IT,2015-Q2,
Q,MIO_EUR,SCA,S13,P2,IT,2015-Q3,
Q,MIO_EUR,SCA,S13,P2,IT,2015-Q4,
Q,MIO_EUR,SCA,S13,P2,IT,2016-Q1,
Q,MIO_EUR,SCA,S13,P2,IT,2016-Q2,
Q,MIO_EUR,SCA,S13,P2,IT,2016-Q3,
Q,MIO_EUR,SCA,S13,P2,IT,2016-Q4,
Q,MIO_EUR,SCA,S13,P2,IT,2017-Q1,
Q,MIO_EUR,SCA,S13,P2,IT,2017-Q2,
Q,MIO_EUR,SCA,S13,P2,IT,2017-Q3,
Q,MIO_EUR,SCA,S13,P2,IT,2017-Q4,
Q,MIO_EUR,SCA,S13,P2,IT,2018-Q1,
Q,MIO_EUR,SCA,S13,P2,IT,2018-Q2,
Q,MIO_EUR,SCA,S13,P2,IT,2018-Q3,
Q,MIO_EUR,SCA,S13,P2,IT,2018-Q4,
Q,MIO_EUR,SCA,S13,P2,IT,2019-Q1,
Q,MIO_EUR,SCA,S13,P2,IT,2019-Q2,
Q,MIO_EUR,SCA,S13,P2,IT,2019-Q3,
Q,MIO_EUR,SCA,S13,P2,IT,2019-Q4,
Q,MIO_EUR,SCA,S13,P2,IT,2020-Q1,
Q,MIO_EUR,SCA,S13,P2,IT,2020-Q2,
Q,MIO_EUR,SCA,S13,P2,IT,2020-Q3,
Q,MIO_EUR,SCA,S13,P2,IT,2020-Q4,
Q,MIO_EUR,SCA,S13,P2,IT,2021-Q1,
Q,MIO_EUR,SCA,S13,P2,IT,2021-Q2,
Q,MIO_EUR,SCA,S13,P2,IT,2021-Q3,
Q,MIO_EUR,SCA,S13,P2,IT,2021-Q4,
Q,MIO_EUR,SCA,S13,P2,IT,2022-Q1,
Q,MIO_EUR,SCA,S13,P2,IT,2022-Q2,
Q,MIO_EUR,SCA,S13,P2,IT,2022-Q3,
Q,MIO_EUR,SCA,S13,P2,IT,2022-Q4,
Q,MIO_EUR,SCA,S13,P2,IT,2023-Q1,
Q,MIO_EUR,SCA,S13,P2,IT,2023-Q2,
Q,MIO_EUR,SCA,S13,P2,IT,2023-Q3,
Q,MIO_EUR,SCA,S13,P2,IT,2023-Q4,
Q,MIO_EUR,SCA,S13,P2,IT,2024-Q1,
Q,MIO_EUR,SCA,S13,P2,IT,2024-Q2,
Q,MIO_EUR,SCA,S13,P2,IT,2024-Q3,
Q,MIO_EUR,SCA,S13,P2,IT,2024-Q4,
Q,MIO_EUR,SCA,S13,P2,IT,2025-Q1,
Q,MIO_EUR,SCA,S13,P2,IT,2025-Q2,
Q,MIO_EUR,SCA,S13,P2,IT,2025-Q3,
Q,MIO_EUR,SCA,S13,P2,IT,2025-Q4,
Q,MIO_EUR,SCA,S13,P2,IT,2026-Q1,
Q,MIO_EUR,SCA,S13,P2,CY,1995-Q1,
Q,MIO_EUR,SCA,S13,P2,CY,1995-Q2,
Q,MIO_EUR,SCA,S13,P2,CY,1995-Q3,
Q,MIO_EUR,SCA,S13,P2,CY,1995-Q4,
Q,MIO_EUR,SCA,S13,P2,CY,1996-Q1,
Q,MIO_EUR,SCA,S13,P2,CY,1996-Q2,
Q,MIO_EUR,SCA,S13,P2,CY,1996-Q3,
Q,MIO_EUR,SCA,S13,P2,CY,1996-Q4,
Q,MIO_EUR,SCA,S13,P2,CY,1997-Q1,
Q,MIO_EUR,SCA,S13,P2,CY,1997-Q2,
Q,MIO_EUR,SCA,S13,P2,CY,1997-Q3,
Q,MIO_EUR,SCA,S13,P2,CY,1997-Q4,
Q,MIO_EUR,SCA,S13,P2,CY,1998-Q1,
Q,MIO_EUR,SCA,S13,P2,CY,1998-Q2,
Q,MIO_EUR,SCA,S13,P2,CY,1998-Q3,
Q,MIO_EUR,SCA,S13,P2,CY,1998-Q4,
Q,MIO_EUR,SCA,S13,P2,CY,1999-Q1,
Q,MIO_EUR,SCA,S13,P2,CY,1999-Q2,
Q,MIO_EUR,SCA,S13,P2,CY,1999-Q3,
Q,MIO_EUR,SCA,S13,P2,CY,1999-Q4,
Q,MIO_EUR,SCA,S13,P2,CY,2000-Q1,
Q,MIO_EUR,SCA,S13,P2,CY,2000-Q2,
Q,MIO_EUR,SCA,S13,P2,CY,2000-Q3,
Q,MIO_EUR,SCA,S13,P2,CY,2000-Q4,
Q,MIO_EUR,SCA,S13,P2,CY,2001-Q1,
Q,MIO_EUR,SCA,S13,P2,CY,2001-Q2,
Q,MIO_EUR,SCA,S13,P2,CY,2001-Q3,
Q,MIO_EUR,SCA,S13,P2,CY,2001-Q4,
Q,MIO_EUR,SCA,S13,P2,CY,2002-Q1,
Q,MIO_EUR,SCA,S13,P2,CY,2002-Q2,
Q,MIO_EUR,SCA,S13,P2,CY,2002-Q3,
Q,MIO_EUR,SCA,S13,P2,CY,2002-Q4,
Q,MIO_EUR,SCA,S13,P2,CY,2003-Q1,
Q,MIO_EUR,SCA,S13,P2,CY,2003-Q2,
Q,MIO_EUR,SCA,S13,P2,CY,2003-Q3,
Q,MIO_EUR,SCA,S13,P2,CY,2003-Q4,
Q,MIO_EUR,SCA,S13,P2,CY,2004-Q1,
Q,MIO_EUR,SCA,S13,P2,CY,2004-Q2,
Q,MIO_EUR,SCA,S13,P2,CY,2004-Q3,
Q,MIO_EUR,SCA,S13,P2,CY,2004-Q4,
Q,MIO_EUR,SCA,S13,P2,CY,2005-Q1,
Q,MIO_EUR,SCA,S13,P2,CY,2005-Q2,
Q,MIO_EUR,SCA,S13,P2,CY,2005-Q3,
Q,MIO_EUR,SCA,S13,P2,CY,2005-Q4,
Q,MIO_EUR,SCA,S13,P2,CY,2006-Q1,
Q,MIO_EUR,SCA,S13,P2,CY,2006-Q2,
Q,MIO_EUR,SCA,S13,P2,CY,2006-Q3,
Q,MIO_EUR,SCA,S13,P2,CY,2006-Q4,
Q,MIO_EUR,SCA,S13,P2,CY,2007-Q1,
Q,MIO_EUR,SCA,S13,P2,CY,2007-Q2,
Q,MIO_EUR,SCA,S13,P2,CY,2007-Q3,
Q,MIO_EUR,SCA,S13,P2,CY,2007-Q4,
Q,MIO_EUR,SCA,S13,P2,CY,2008-Q1,
Q,MIO_EUR,SCA,S13,P2,CY,2008-Q2,
Q,MIO_EUR,SCA,S13,P2,CY,2008-Q3,
Q,MIO_EUR,SCA,S13,P2,CY,2008-Q4,
Q,MIO_EUR,SCA,S13,P2,CY,2009-Q1,
Q,MIO_EUR,SCA,S13,P2,CY,2009-Q2,
Q,MIO_EUR,SCA,S13,P2,CY,2009-Q3,
Q,MIO_EUR,SCA,S13,P2,CY,2009-Q4,
Q,MIO_EUR,SCA,S13,P2,CY,2010-Q1,
Q,MIO_EUR,SCA,S13,P2,CY,2010-Q2,
Q,MIO_EUR,SCA,S13,P2,CY,2010-Q3,
Q,MIO_EUR,SCA,S13,P2,CY,2010-Q4,
Q,MIO_EUR,SCA,S13,P2,CY,2011-Q1,
Q,MIO_EUR,SCA,S13,P2,CY,2011-Q2,
Q,MIO_EUR,SCA,S13,P2,CY,2011-Q3,
Q,MIO_EUR,SCA,S13,P2,CY,2011-Q4,
Q,MIO_EUR,SCA,S13,P2,CY,2012-Q1,
Q,MIO_EUR,SCA,S13,P2,CY,2012-Q2,
Q,MIO_EUR,SCA,S13,P2,CY,2012-Q3,
Q,MIO_EUR,SCA,S13,P2,CY,2012-Q4,
Q,MIO_EUR,SCA,S13,P2,CY,2013-Q1,
Q,MIO_EUR,SCA,S13,P2,CY,2013-Q2,
Q,MIO_EUR,SCA,S13,P2,CY,2013-Q3,
Q,MIO_EUR,SCA,S13,P2,CY,2013-Q4,
Q,MIO_EUR,SCA,S13,P2,CY,2014-Q1,
Q,MIO_EUR,SCA,S13,P2,CY,2014-Q2,
Q,MIO_EUR,SCA,S13,P2,CY,2014-Q3,
Q,MIO_EUR,SCA,S13,P2,CY,2014-Q4,
Q,MIO_EUR,SCA,S13,P2,CY,2015-Q1,
Q,MIO_EUR,SCA,S13,P2,CY,2015-Q2,
Q,MIO_EUR,SCA,S13,P2,CY,2015-Q3,
Q,MIO_EUR,SCA,S13,P2,CY,2015-Q4,
Q,MIO_EUR,SCA,S13,P2,CY,2016-Q1,
Q,MIO_EUR,SCA,S13,P2,CY,2016-Q2,
Q,MIO_EUR,SCA,S13,P2,CY,2016-Q3,
Q,MIO_EUR,SCA,S13,P2,CY,2016-Q4,
Q,MIO_EUR,SCA,S13,P2,CY,2017-Q1,
Q,MIO_EUR,SCA,S13,P2,CY,2017-Q2,
Q,MIO_EUR,SCA,S13,P2,CY,2017-Q3,
Q,MIO_EUR,SCA,S13,P2,CY,2017-Q4,
Q,MIO_EUR,SCA,S13,P2,CY,2018-Q1,
Q,MIO_EUR,SCA,S13,P2,CY,2018-Q2,
Q,MIO_EUR,SCA,S13,P2,CY,2018-Q3,
Q,MIO_EUR,SCA,S13,P2,CY,2018-Q4,
Q,MIO_EUR,SCA,S13,P2,CY,2019-Q1,
Q,MIO_EUR,SCA,S13,P2,CY,2019-Q2,
Q,MIO_EUR,SCA,S13,P2,CY,2019-Q3,
Q,MIO_EUR,SCA,S13,P2,CY,2019-Q4,
Q,MIO_EUR,SCA,S13,P2,CY,2020-Q1,
Q,MIO_EUR,SCA,S13,P2,CY,2020-Q2,
Q,MIO_EUR,SCA,S13,P2,CY,2020-Q3,
Q,MIO_EUR,SCA,S13,P2,CY,2020-Q4,
Q,MIO_EUR,SCA,S13,P2,CY,2021-Q1,
Q,MIO_EUR,SCA,S13,P2,CY,2021-Q2,
Q,MIO_EUR,SCA,S13,P2,CY,2021-Q3,
Q,MIO_EUR,SCA,S13,P2,CY,2021-Q4,
Q,MIO_EUR,SCA,S13,P2,CY,2022-Q1,
Q,MIO_EUR,SCA,S13,P2,CY,2022-Q2,
Q,MIO_EUR,SCA,S13,P2,CY,2022-Q3,
Q,MIO_EUR,SCA,S13,P2,CY,2022-Q4,
Q,MIO_EUR,SCA,S13,P2,CY,2023-Q1,
Q,MIO_EUR,SCA,S13,P2,CY,2023-Q2,
Q,MIO_EUR,SCA,S13,P2,CY,2023-Q3,
Q,MIO_EUR,SCA,S13,P2,CY,2023-Q4,
Q,MIO_EUR,SCA,S13,P2,CY,2024-Q1,
Q,MIO_EUR,SCA,S13,P2,CY,2024-Q2,
Q,MIO_EUR,SCA,S13,P2,CY,2024-Q3,
Q,MIO_EUR,SCA,S13,P2,CY,2024-Q4,
Q,MIO_EUR,SCA,S13,P2,CY,2025-Q1,
Q,MIO_EUR,SCA,S13,P2,CY,2025-Q2,
Q,MIO_EUR,SCA,S13,P2,CY,2025-Q3,
Q,MIO_EUR,SCA,S13,P2,CY,2025-Q4,
Q,MIO_EUR,SCA,S13,P2,CY,2026-Q1,
Q,MIO_EUR,SCA,S13,P2,LV,1995-Q1,
Q,MIO_EUR,SCA,S13,P2,LV,1995-Q2,
Q,MIO_EUR,SCA,S13,P2,LV,1995-Q3,
Q,MIO_EUR,SCA,S13,P2,LV,1995-Q4,
Q,MIO_EUR,SCA,S13,P2,LV,1996-Q1,
Q,MIO_EUR,SCA,S13,P2,LV,1996-Q2,
Q,MIO_EUR,SCA,S13,P2,LV,1996-Q3,
Q,MIO_EUR,SCA,S13,P2,LV,1996-Q4,
Q,MIO_EUR,SCA,S13,P2,LV,1997-Q1,
Q,MIO_EUR,SCA,S13,P2,LV,1997-Q2,
Q,MIO_EUR,SCA,S13,P2,LV,1997-Q3,
Q,MIO_EUR,SCA,S13,P2,LV,1997-Q4,
Q,MIO_EUR,SCA,S13,P2,LV,1998-Q1,
Q,MIO_EUR,SCA,S13,P2,LV,1998-Q2,
Q,MIO_EUR,SCA,S13,P2,LV,1998-Q3,
Q,MIO_EUR,SCA,S13,P2,LV,1998-Q4,
Q,MIO_EUR,SCA,S13,P2,LV,1999-Q1,
Q,MIO_EUR,SCA,S13,P2,LV,1999-Q2,
Q,MIO_EUR,SCA,S13,P2,LV,1999-Q3,
Q,MIO_EUR,SCA,S13,P2,LV,1999-Q4,
Q,MIO_EUR,SCA,S13,P2,LV,2000-Q1,
Q,MIO_EUR,SCA,S13,P2,LV,2000-Q2,
Q,MIO_EUR,SCA,S13,P2,LV,2000-Q3,
Q,MIO_EUR,SCA,S13,P2,LV,2000-Q4,
Q,MIO_EUR,SCA,S13,P2,LV,2001-Q1,
Q,MIO_EUR,SCA,S13,P2,LV,2001-Q2,
Q,MIO_EUR,SCA,S13,P2,LV,2001-Q3,
Q,MIO_EUR,SCA,S13,P2,LV,2001-Q4,
Q,MIO_EUR,SCA,S13,P2,LV,2002-Q1,
Q,MIO_EUR,SCA,S13,P2,LV,2002-Q2,
Q,MIO_EUR,SCA,S13,P2,LV,2002-Q3,
Q,MIO_EUR,SCA,S13,P2,LV,2002-Q4,
Q,MIO_EUR,SCA,S13,P2,LV,2003-Q1,
Q,MIO_EUR,SCA,S13,P2,LV,2003-Q2,
Q,MIO_EUR,SCA,S13,P2,LV,2003-Q3,
Q,MIO_EUR,SCA,S13,P2,LV,2003-Q4,
Q,MIO_EUR,SCA,S13,P2,LV,2004-Q1,
Q,MIO_EUR,SCA,S13,P2,LV,2004-Q2,
Q,MIO_EUR,SCA,S13,P2,LV,2004-Q3,
Q,MIO_EUR,SCA,S13,P2,LV,2004-Q4,
Q,MIO_EUR,SCA,S13,P2,LV,2005-Q1,
Q,MIO_EUR,SCA,S13,P2,LV,2005-Q2,
Q,MIO_EUR,SCA,S13,P2,LV,2005-Q3,
Q,MIO_EUR,SCA,S13,P2,LV,2005-Q4,
Q,MIO_EUR,SCA,S13,P2,LV,2006-Q1,
Q,MIO_EUR,SCA,S13,P2,LV,2006-Q2,
Q,MIO_EUR,SCA,S13,P2,LV,2006-Q3,
Q,MIO_EUR,SCA,S13,P2,LV,2006-Q4,
Q,MIO_EUR,SCA,S13,P2,LV,2007-Q1,
Q,MIO_EUR,SCA,S13,P2,LV,2007-Q2,
Q,MIO_EUR,SCA,S13,P2,LV,2007-Q3,
Q,MIO_EUR,SCA,S13,P2,LV,2007-Q4,
Q,MIO_EUR,SCA,S13,P2,LV,2008-Q1,
Q,MIO_EUR,SCA,S13,P2,LV,2008-Q2,
Q,MIO_EUR,SCA,S13,P2,LV,2008-Q3,
Q,MIO_EUR,SCA,S13,P2,LV,2008-Q4,
Q,MIO_EUR,SCA,S13,P2,LV,2009-Q1,
Q,MIO_EUR,SCA,S13,P2,LV,2009-Q2,
Q,MIO_EUR,SCA,S13,P2,LV,2009-Q3,
Q,MIO_EUR,SCA,S13,P2,LV,2009-Q4,
Q,MIO_EUR,SCA,S13,P2,LV,2010-Q1,
Q,MIO_EUR,SCA,S13,P2,LV,2010-Q2,
Q,MIO_EUR,SCA,S13,P2,LV,2010-Q3,
Q,MIO_EUR,SCA,S13,P2,LV,2010-Q4,
Q,MIO_EUR,SCA,S13,P2,LV,2011-Q1,
Q,MIO_EUR,SCA,S13,P2,LV,2011-Q2,
Q,MIO_EUR,SCA,S13,P2,LV,2011-Q3,
Q,MIO_EUR,SCA,S13,P2,LV,2011-Q4,
Q,MIO_EUR,SCA,S13,P2,LV,2012-Q1,
Q,MIO_EUR,SCA,S13,P2,LV,2012-Q2,
Q,MIO_EUR,SCA,S13,P2,LV,2012-Q3,
Q,MIO_EUR,SCA,S13,P2,LV,2012-Q4,
Q,MIO_EUR,SCA,S13,P2,LV,2013-Q1,
Q,MIO_EUR,SCA,S13,P2,LV,2013-Q2,
Q,MIO_EUR,SCA,S13,P2,LV,2013-Q3,
Q,MIO_EUR,SCA,S13,P2,LV,2013-Q4,
Q,MIO_EUR,SCA,S13,P2,LV,2014-Q1,
Q,MIO_EUR,SCA,S13,P2,LV,2014-Q2,
Q,MIO_EUR,SCA,S13,P2,LV,2014-Q3,
Q,MIO_EUR,SCA,S13,P2,LV,2014-Q4,
Q,MIO_EUR,SCA,S13,P2,LV,2015-Q1,
Q,MIO_EUR,SCA,S13,P2,LV,2015-Q2,
Q,MIO_EUR,SCA,S13,P2,LV,2015-Q3,
Q,MIO_EUR,SCA,S13,P2,LV,2015-Q4,
Q,MIO_EUR,SCA,S13,P2,LV,2016-Q1,
Q,MIO_EUR,SCA,S13,P2,LV,2016-Q2,
Q,MIO_EUR,SCA,S13,P2,LV,2016-Q3,
Q,MIO_EUR,SCA,S13,P2,LV,2016-Q4,
Q,MIO_EUR,SCA,S13,P2,LV,2017-Q1,
Q,MIO_EUR,SCA,S13,P2,LV,2017-Q2,
Q,MIO_EUR,SCA,S13,P2,LV,2017-Q3,
Q,MIO_EUR,SCA,S13,P2,LV,2017-Q4,
Q,MIO_EUR,SCA,S13,P2,LV,2018-Q1,
Q,MIO_EUR,SCA,S13,P2,LV,2018-Q2,
Q,MIO_EUR,SCA,S13,P2,LV,2018-Q3,
Q,MIO_EUR,SCA,S13,P2,LV,2018-Q4,
Q,MIO_EUR,SCA,S13,P2,LV,2019-Q1,
Q,MIO_EUR,SCA,S13,P2,LV,2019-Q2,
Q,MIO_EUR,SCA,S13,P2,LV,2019-Q3,
Q,MIO_EUR,SCA,S13,P2,LV,2019-Q4,
Q,MIO_EUR,SCA,S13,P2,LV,2020-Q1,
Q,MIO_EUR,SCA,S13,P2,LV,2020-Q2,
Q,MIO_EUR,SCA,S13,P2,LV,2020-Q3,
Q,MIO_EUR,SCA,S13,P2,LV,2020-Q4,
Q,MIO_EUR,SCA,S13,P2,LV,2021-Q1,
Q,MIO_EUR,SCA,S13,P2,LV,2021-Q2,
Q,MIO_EUR,SCA,S13,P2,LV,2021-Q3,
Q,MIO_EUR,SCA,S13,P2,LV,2021-Q4,
Q,MIO_EUR,SCA,S13,P2,LV,2022-Q1,
Q,MIO_EUR,SCA,S13,P2,LV,2022-Q2,
Q,MIO_EUR,SCA,S13,P2,LV,2022-Q3,
Q,MIO_EUR,SCA,S13,P2,LV,2022-Q4,
Q,MIO_EUR,SCA,S13,P2,LV,2023-Q1,
Q,MIO_EUR,SCA,S13,P2,LV,2023-Q2,
Q,MIO_EUR,SCA,S13,P2,LV,2023-Q3,
Q,MIO_EUR,SCA,S13,P2,LV,2023-Q4,
Q,MIO_EUR,SCA,S13,P2,LV,2024-Q1,
Q,MIO_EUR,SCA,S13,P2,LV,2024-Q2,
Q,MIO_EUR,SCA,S13,P2,LV,2024-Q3,
Q,MIO_EUR,SCA,S13,P2,LV,2024-Q4,
Q,MIO_EUR,SCA,S13,P2,LV,2025-Q1,
Q,MIO_EUR,SCA,S13,P2,LV,2025-Q2,
Q,MIO_EUR,SCA,S13,P2,LV,2025-Q3,
Q,MIO_EUR,SCA,S13,P2,LV,2025-Q4,
Q,MIO_EUR,SCA,S13,P2,LV,2026-Q1,
Q,MIO_EUR,SCA,S13,P2,LT,1995-Q1,
Q,MIO_EUR,SCA,S13,P2,LT,1995-Q2,
Q,MIO_EUR,SCA,S13,P2,LT,1995-Q3,
Q,MIO_EUR,SCA,S13,P2,LT,1995-Q4,
Q,MIO_EUR,SCA,S13,P2,LT,1996-Q1,
Q,MIO_EUR,SCA,S13,P2,LT,1996-Q2,
Q,MIO_EUR,SCA,S13,P2,LT,1996-Q3,
Q,MIO_EUR,SCA,S13,P2,LT,1996-Q4,
Q,MIO_EUR,SCA,S13,P2,LT,1997-Q1,
Q,MIO_EUR,SCA,S13,P2,LT,1997-Q2,
Q,MIO_EUR,SCA,S13,P2,LT,1997-Q3,
Q,MIO_EUR,SCA,S13,P2,LT,1997-Q4,
Q,MIO_EUR,SCA,S13,P2,LT,1998-Q1,
Q,MIO_EUR,SCA,S13,P2,LT,1998-Q2,
Q,MIO_EUR,SCA,S13,P2,LT,1998-Q3,
Q,MIO_EUR,SCA,S13,P2,LT,1998-Q4,
Q,MIO_EUR,SCA,S13,P2,LT,1999-Q1,
Q,MIO_EUR,SCA,S13,P2,LT,1999-Q2,
Q,MIO_EUR,SCA,S13,P2,LT,1999-Q3,
Q,MIO_EUR,SCA,S13,P2,LT,1999-Q4,
Q,MIO_EUR,SCA,S13,P2,LT,2000-Q1,
Q,MIO_EUR,SCA,S13,P2,LT,2000-Q2,
Q,MIO_EUR,SCA,S13,P2,LT,2000-Q3,
Q,MIO_EUR,SCA,S13,P2,LT,2000-Q4,
Q,MIO_EUR,SCA,S13,P2,LT,2001-Q1,
Q,MIO_EUR,SCA,S13,P2,LT,2001-Q2,
Q,MIO_EUR,SCA,S13,P2,LT,2001-Q3,
Q,MIO_EUR,SCA,S13,P2,LT,2001-Q4,
Q,MIO_EUR,SCA,S13,P2,LT,2002-Q1,
Q,MIO_EUR,SCA,S13,P2,LT,2002-Q2,
Q,MIO_EUR,SCA,S13,P2,LT,2002-Q3,
Q,MIO_EUR,SCA,S13,P2,LT,2002-Q4,
Q,MIO_EUR,SCA,S13,P2,LT,2003-Q1,
Q,MIO_EUR,SCA,S13,P2,LT,2003-Q2,
Q,MIO_EUR,SCA,S13,P2,LT,2003-Q3,
Q,MIO_EUR,SCA,S13,P2,LT,2003-Q4,
Q,MIO_EUR,SCA,S13,P2,LT,2004-Q1,
Q,MIO_EUR,SCA,S13,P2,LT,2004-Q2,
Q,MIO_EUR,SCA,S13,P2,LT,2004-Q3,
Q,MIO_EUR,SCA,S13,P2,LT,2004-Q4,
Q,MIO_EUR,SCA,S13,P2,LT,2005-Q1,
Q,MIO_EUR,SCA,S13,P2,LT,2005-Q2,
Q,MIO_EUR,SCA,S13,P2,LT,2005-Q3,
Q,MIO_EUR,SCA,S13,P2,LT,2005-Q4,
Q,MIO_EUR,SCA,S13,P2,LT,2006-Q1,
Q,MIO_EUR,SCA,S13,P2,LT,2006-Q2,
Q,MIO_EUR,SCA,S13,P2,LT,2006-Q3,
Q,MIO_EUR,SCA,S13,P2,LT,2006-Q4,
Q,MIO_EUR,SCA,S13,P2,LT,2007-Q1,
Q,MIO_EUR,SCA,S13,P2,LT,2007-Q2,
Q,MIO_EUR,SCA,S13,P2,LT,2007-Q3,
Q,MIO_EUR,SCA,S13,P2,LT,2007-Q4,
Q,MIO_EUR,SCA,S13,P2,LT,2008-Q1,
Q,MIO_EUR,SCA,S13,P2,LT,2008-Q2,
Q,MIO_EUR,SCA,S13,P2,LT,2008-Q3,
Q,MIO_EUR,SCA,S13,P2,LT,2008-Q4,
Q,MIO_EUR,SCA,S13,P2,LT,2009-Q1,
Q,MIO_EUR,SCA,S13,P2,LT,2009-Q2,
Q,MIO_EUR,SCA,S13,P2,LT,2009-Q3,
Q,MIO_EUR,SCA,S13,P2,LT,2009-Q4,
Q,MIO_EUR,SCA,S13,P2,LT,2010-Q1,
Q,MIO_EUR,SCA,S13,P2,LT,2010-Q2,
Q,MIO_EUR,SCA,S13,P2,LT,2010-Q3,
Q,MIO_EUR,SCA,S13,P2,LT,2010-Q4,
Q,MIO_EUR,SCA,S13,P2,LT,2011-Q1,
Q,MIO_EUR,SCA,S13,P2,LT,2011-Q2,
Q,MIO_EUR,SCA,S13,P2,LT,2011-Q3,
Q,MIO_EUR,SCA,S13,P2,LT,2011-Q4,
Q,MIO_EUR,SCA,S13,P2,LT,2012-Q1,
Q,MIO_EUR,SCA,S13,P2,LT,2012-Q2,
Q,MIO_EUR,SCA,S13,P2,LT,2012-Q3,
Q,MIO_EUR,SCA,S13,P2,LT,2012-Q4,
Q,MIO_EUR,SCA,S13,P2,LT,2013-Q1,
Q,MIO_EUR,SCA,S13,P2,LT,2013-Q2,
Q,MIO_EUR,SCA,S13,P2,LT,2013-Q3,
Q,MIO_EUR,SCA,S13,P2,LT,2013-Q4,
Q,MIO_EUR,SCA,S13,P2,LT,2014-Q1,
Q,MIO_EUR,SCA,S13,P2,LT,2014-Q2,
Q,MIO_EUR,SCA,S13,P2,LT,2014-Q3,
Q,MIO_EUR,SCA,S13,P2,LT,2014-Q4,
Q,MIO_EUR,SCA,S13,P2,LT,2015-Q1,
Q,MIO_EUR,SCA,S13,P2,LT,2015-Q2,
Q,MIO_EUR,SCA,S13,P2,LT,2015-Q3,
Q,MIO_EUR,SCA,S13,P2,LT,2015-Q4,
Q,MIO_EUR,SCA,S13,P2,LT,2016-Q1,
Q,MIO_EUR,SCA,S13,P2,LT,2016-Q2,
Q,MIO_EUR,SCA,S13,P2,LT,2016-Q3,
Q,MIO_EUR,SCA,S13,P2,LT,2016-Q4,
Q,MIO_EUR,SCA,S13,P2,LT,2017-Q1,
Q,MIO_EUR,SCA,S13,P2,LT,2017-Q2,
Q,MIO_EUR,SCA,S13,P2,LT,2017-Q3,
Q,MIO_EUR,SCA,S13,P2,LT,2017-Q4,
Q,MIO_EUR,SCA,S13,P2,LT,2018-Q1,
Q,MIO_EUR,SCA,S13,P2,LT,2018-Q2,
Q,MIO_EUR,SCA,S13,P2,LT,2018-Q3,
Q,MIO_EUR,SCA,S13,P2,LT,2018-Q4,
Q,MIO_EUR,SCA,S13,P2,LT,2019-Q1,
Q,MIO_EUR,SCA,S13,P2,LT,2019-Q2,
Q,MIO_EUR,SCA,S13,P2,LT,2019-Q3,
Q,MIO_EUR,SCA,S13,P2,LT,2019-Q4,
Q,MIO_EUR,SCA,S13,P2,LT,2020-Q1,
Q,MIO_EUR,SCA,S13,P2,LT,2020-Q2,
Q,MIO_EUR,SCA,S13,P2,LT,2020-Q3,
Q,MIO_EUR,SCA,S13,P2,LT,2020-Q4,
Q,MIO_EUR,SCA,S13,P2,LT,2021-Q1,
Q,MIO_EUR,SCA,S13,P2,LT,2021-Q2,
Q,MIO_EUR,SCA,S13,P2,LT,2021-Q3,
Q,MIO_EUR,SCA,S13,P2,LT,2021-Q4,
Q,MIO_EUR,SCA,S13,P2,LT,2022-Q1,
Q,MIO_EUR,SCA,S13,P2,LT,2022-Q2,
Q,MIO_EUR,SCA,S13,P2,LT,2022-Q3,
Q,MIO_EUR,SCA,S13,P2,LT,2022-Q4,
Q,MIO_EUR,SCA,S13,P2,LT,2023-Q1,
Q,MIO_EUR,SCA,S13,P2,LT,2023-Q2,
Q,MIO_EUR,SCA,S13,P2,LT,2023-Q3,
Q,MIO_EUR,SCA,S13,P2,LT,2023-Q4,
Q,MIO_EUR,SCA,S13,P2,LT,2024-Q1,
Q,MIO_EUR,SCA,S13,P2,LT,2024-Q2,
Q,MIO_EUR,SCA,S13,P2,LT,2024-Q3,
Q,MIO_EUR,SCA,S13,P2,LT,2024-Q4,
Q,MIO_EUR,SCA,S13,P2,LT,2025-Q1,
Q,MIO_EUR,SCA,S13,P2,LT,2025-Q2,
Q,MIO_EUR,SCA,S13,P2,LT,2025-Q3,
Q,MIO_EUR,SCA,S13,P2,LT,2025-Q4,
Q,MIO_EUR,SCA,S13,P2,LT,2026-Q1,
Q,MIO_EUR,SCA,S13,P2,LU,1995-Q1,
Q,MIO_EUR,SCA,S13,P2,LU,1995-Q2,
Q,MIO_EUR,SCA,S13,P2,LU,1995-Q3,
Q,MIO_EUR,SCA,S13,P2,LU,1995-Q4,
Q,MIO_EUR,SCA,S13,P2,LU,1996-Q1,
Q,MIO_EUR,SCA,S13,P2,LU,1996-Q2,
Q,MIO_EUR,SCA,S13,P2,LU,1996-Q3,
Q,MIO_EUR,SCA,S13,P2,LU,1996-Q4,
Q,MIO_EUR,SCA,S13,P2,LU,1997-Q1,
Q,MIO_EUR,SCA,S13,P2,LU,1997-Q2,
Q,MIO_EUR,SCA,S13,P2,LU,1997-Q3,
Q,MIO_EUR,SCA,S13,P2,LU,1997-Q4,
Q,MIO_EUR,SCA,S13,P2,LU,1998-Q1,
Q,MIO_EUR,SCA,S13,P2,LU,1998-Q2,
Q,MIO_EUR,SCA,S13,P2,LU,1998-Q3,
Q,MIO_EUR,SCA,S13,P2,LU,1998-Q4,
Q,MIO_EUR,SCA,S13,P2,LU,1999-Q1,
Q,MIO_EUR,SCA,S13,P2,LU,1999-Q2,
Q,MIO_EUR,SCA,S13,P2,LU,1999-Q3,
Q,MIO_EUR,SCA,S13,P2,LU,1999-Q4,
Q,MIO_EUR,SCA,S13,P2,LU,2000-Q1,
Q,MIO_EUR,SCA,S13,P2,LU,2000-Q2,
Q,MIO_EUR,SCA,S13,P2,LU,2000-Q3,
Q,MIO_EUR,SCA,S13,P2,LU,2000-Q4,
Q,MIO_EUR,SCA,S13,P2,LU,2001-Q1,
Q,MIO_EUR,SCA,S13,P2,LU,2001-Q2,
Q,MIO_EUR,SCA,S13,P2,LU,2001-Q3,
Q,MIO_EUR,SCA,S13,P2,LU,2001-Q4,
Q,MIO_EUR,SCA,S13,P2,LU,2002-Q1,252.1
Q,MIO_EUR,SCA,S13,P2,LU,2002-Q2,235
Q,MIO_EUR,SCA,S13,P2,LU,2002-Q3,263.2
Q,MIO_EUR,SCA,S13,P2,LU,2002-Q4,279
Q,MIO_EUR,SCA,S13,P2,LU,2003-Q1,281.2
Q,MIO_EUR,SCA,S13,P2,LU,2003-Q2,282.5
Q,MIO_EUR,SCA,S13,P2,LU,2003-Q3,282.7
Q,MIO_EUR,SCA,S13,P2,LU,2003-Q4,283.7
Q,MIO_EUR,SCA,S13,P2,LU,2004-Q1,249.6
Q,MIO_EUR,SCA,S13,P2,LU,2004-Q2,304.5
Q,MIO_EUR,SCA,S13,P2,LU,2004-Q3,313.7
Q,MIO_EUR,SCA,S13,P2,LU,2004-Q4,315.6
Q,MIO_EUR,SCA,S13,P2,LU,2005-Q1,315.5
Q,MIO_EUR,SCA,S13,P2,LU,2005-Q2,328.6
Q,MIO_EUR,SCA,S13,P2,LU,2005-Q3,317.3
Q,MIO_EUR,SCA,S13,P2,LU,2005-Q4,314.6
Q,MIO_EUR,SCA,S13,P2,LU,2006-Q1,338.2
Q,MIO_EUR,SCA,S13,P2,LU,2006-Q2,275.1
Q,MIO_EUR,SCA,S13,P2,LU,2006-Q3,336.9
Q,MIO_EUR,SCA,S13,P2,LU,2006-Q4,349.9
Q,MIO_EUR,SCA,S13,P2,LU,2007-Q1,332.3
Q,MIO_EUR,SCA,S13,P2,LU,2007-Q2,320.9
Q,MIO_EUR,SCA,S13,P2,LU,2007-Q3,329.1
Q,MIO_EUR,SCA,S13,P2,LU,2007-Q4,350.8
Q,MIO_EUR,SCA,S13,P2,LU,2008-Q1,391.2
Q,MIO_EUR,SCA,S13,P2,LU,2008-Q2,389.5
Q,MIO_EUR,SCA,S13,P2,LU,2008-Q3,369.9
Q,MIO_EUR,SCA,S13,P2,LU,2008-Q4,360.6
Q,MIO_EUR,SCA,S13,P2,LU,2009-Q1,379.7
Q,MIO_EUR,SCA,S13,P2,LU,2009-Q2,403.5
Q,MIO_EUR,SCA,S13,P2,LU,2009-Q3,435.8
Q,MIO_EUR,SCA,S13,P2,LU,2009-Q4,449.5
Q,MIO_EUR,SCA,S13,P2,LU,2010-Q1,406.7
Q,MIO_EUR,SCA,S13,P2,LU,2010-Q2,418.9
Q,MIO_EUR,SCA,S13,P2,LU,2010-Q3,418.2
Q,MIO_EUR,SCA,S13,P2,LU,2010-Q4,425.7
Q,MIO_EUR,SCA,S13,P2,LU,2011-Q1,463.2
Q,MIO_EUR,SCA,S13,P2,LU,2011-Q2,424.4
Q,MIO_EUR,SCA,S13,P2,LU,2011-Q3,478.4
Q,MIO_EUR,SCA,S13,P2,LU,2011-Q4,445.8
Q,MIO_EUR,SCA,S13,P2,LU,2012-Q1,505.7
Q,MIO_EUR,SCA,S13,P2,LU,2012-Q2,504.9
Q,MIO_EUR,SCA,S13,P2,LU,2012-Q3,501.4
Q,MIO_EUR,SCA,S13,P2,LU,2012-Q4,473.9
Q,MIO_EUR,SCA,S13,P2,LU,2013-Q1,420.9
Q,MIO_EUR,SCA,S13,P2,LU,2013-Q2,463.6
Q,MIO_EUR,SCA,S13,P2,LU,2013-Q3,477.5
Q,MIO_EUR,SCA,S13,P2,LU,2013-Q4,495.5
Q,MIO_EUR,SCA,S13,P2,LU,2014-Q1,406.8
Q,MIO_EUR,SCA,S13,P2,LU,2014-Q2,511.9
Q,MIO_EUR,SCA,S13,P2,LU,2014-Q3,501.8
Q,MIO_EUR,SCA,S13,P2,LU,2014-Q4,512.9
Q,MIO_EUR,SCA,S13,P2,LU,2015-Q1,534.1
Q,MIO_EUR,SCA,S13,P2,LU,2015-Q2,557.2
Q,MIO_EUR,SCA,S13,P2,LU,2015-Q3,524.1
Q,MIO_EUR,SCA,S13,P2,LU,2015-Q4,519.3
Q,MIO_EUR,SCA,S13,P2,LU,2016-Q1,574.5
Q,MIO_EUR,SCA,S13,P2,LU,2016-Q2,584.2
Q,MIO_EUR,SCA,S13,P2,LU,2016-Q3,567.5
Q,MIO_EUR,SCA,S13,P2,LU,2016-Q4,577.2
Q,MIO_EUR,SCA,S13,P2,LU,2017-Q1,543.4
Q,MIO_EUR,SCA,S13,P2,LU,2017-Q2,582.1
Q,MIO_EUR,SCA,S13,P2,LU,2017-Q3,635.9
Q,MIO_EUR,SCA,S13,P2,LU,2017-Q4,619.3
Q,MIO_EUR,SCA,S13,P2,LU,2018-Q1,658
Q,MIO_EUR,SCA,S13,P2,LU,2018-Q2,647
Q,MIO_EUR,SCA,S13,P2,LU,2018-Q3,608.3
Q,MIO_EUR,SCA,S13,P2,LU,2018-Q4,622
Q,MIO_EUR,SCA,S13,P2,LU,2019-Q1,550.3
Q,MIO_EUR,SCA,S13,P2,LU,2019-Q2,626.6
Q,MIO_EUR,SCA,S13,P2,LU,2019-Q3,692
Q,MIO_EUR,SCA,S13,P2,LU,2019-Q4,669.5
Q,MIO_EUR,SCA,S13,P2,LU,2020-Q1,663.9
Q,MIO_EUR,SCA,S13,P2,LU,2020-Q2,633.2
Q,MIO_EUR,SCA,S13,P2,LU,2020-Q3,671.7
Q,MIO_EUR,SCA,S13,P2,LU,2020-Q4,727.6
Q,MIO_EUR,SCA,S13,P2,LU,2021-Q1,709.5
Q,MIO_EUR,SCA,S13,P2,LU,2021-Q2,741.2
Q,MIO_EUR,SCA,S13,P2,LU,2021-Q3,739.2
Q,MIO_EUR,SCA,S13,P2,LU,2021-Q4,724.7
Q,MIO_EUR,SCA,S13,P2,LU,2022-Q1,843.1
Q,MIO_EUR,SCA,S13,P2,LU,2022-Q2,860.7
Q,MIO_EUR,SCA,S13,P2,LU,2022-Q3,820.2
Q,MIO_EUR,SCA,S13,P2,LU,2022-Q4,872.2
Q,MIO_EUR,SCA,S13,P2,LU,2023-Q1,851.5
Q,MIO_EUR,SCA,S13,P2,LU,2023-Q2,915.4
Q,MIO_EUR,SCA,S13,P2,LU,2023-Q3,966.2
Q,MIO_EUR,SCA,S13,P2,LU,2023-Q4,962.5
Q,MIO_EUR,SCA,S13,P2,LU,2024-Q1,831.8
Q,MIO_EUR,SCA,S13,P2,LU,2024-Q2,1011
Q,MIO_EUR,SCA,S13,P2,LU,2024-Q3,1006.5
Q,MIO_EUR,SCA,S13,P2,LU,2024-Q4,954.1
Q,MIO_EUR,SCA,S13,P2,LU,2025-Q1,1028.8
Q,MIO_EUR,SCA,S13,P2,LU,2025-Q2,1028.4
Q,MIO_EUR,SCA,S13,P2,LU,2025-Q3,1028.2
Q,MIO_EUR,SCA,S13,P2,LU,2025-Q4,1093.4
Q,MIO_EUR,SCA,S13,P2,LU,2026-Q1,1078
Q,MIO_EUR,SCA,S13,P2,HU,1995-Q1,
Q,MIO_EUR,SCA,S13,P2,HU,1995-Q2,
Q,MIO_EUR,SCA,S13,P2,HU,1995-Q3,
Q,MIO_EUR,SCA,S13,P2,HU,1995-Q4,
Q,MIO_EUR,SCA,S13,P2,HU,1996-Q1,
Q,MIO_EUR,SCA,S13,P2,HU,1996-Q2,
Q,MIO_EUR,SCA,S13,P2,HU,1996-Q3,
Q,MIO_EUR,SCA,S13,P2,HU,1996-Q4,
Q,MIO_EUR,SCA,S13,P2,HU,1997-Q1,
Q,MIO_EUR,SCA,S13,P2,HU,1997-Q2,
Q,MIO_EUR,SCA,S13,P2,HU,1997-Q3,
Q,MIO_EUR,SCA,S13,P2,HU,1997-Q4,
Q,MIO_EUR,SCA,S13,P2,HU,1998-Q1,
Q,MIO_EUR,SCA,S13,P2,HU,1998-Q2,
Q,MIO_EUR,SCA,S13,P2,HU,1998-Q3,
Q,MIO_EUR,SCA,S13,P2,HU,1998-Q4,
Q,MIO_EUR,SCA,S13,P2,HU,1999-Q1,
Q,MIO_EUR,SCA,S13,P2,HU,1999-Q2,
Q,MIO_EUR,SCA,S13,P2,HU,1999-Q3,
Q,MIO_EUR,SCA,S13,P2,HU,1999-Q4,
Q,MIO_EUR,SCA,S13,P2,HU,2000-Q1,
Q,MIO_EUR,SCA,S13,P2,HU,2000-Q2,
Q,MIO_EUR,SCA,S13,P2,HU,2000-Q3,
Q,MIO_EUR,SCA,S13,P2,HU,2000-Q4,
Q,MIO_EUR,SCA,S13,P2,HU,2001-Q1,
Q,MIO_EUR,SCA,S13,P2,HU,2001-Q2,
Q,MIO_EUR,SCA,S13,P2,HU,2001-Q3,
Q,MIO_EUR,SCA,S13,P2,HU,2001-Q4,
Q,MIO_EUR,SCA,S13,P2,HU,2002-Q1,
Q,MIO_EUR,SCA,S13,P2,HU,2002-Q2,
Q,MIO_EUR,SCA,S13,P2,HU,2002-Q3,
Q,MIO_EUR,SCA,S13,P2,HU,2002-Q4,
Q,MIO_EUR,SCA,S13,P2,HU,2003-Q1,
Q,MIO_EUR,SCA,S13,P2,HU,2003-Q2,
Q,MIO_EUR,SCA,S13,P2,HU,2003-Q3,
Q,MIO_EUR,SCA,S13,P2,HU,2003-Q4,
Q,MIO_EUR,SCA,S13,P2,HU,2004-Q1,
Q,MIO_EUR,SCA,S13,P2,HU,2004-Q2,
Q,MIO_EUR,SCA,S13,P2,HU,2004-Q3,
Q,MIO_EUR,SCA,S13,P2,HU,2004-Q4,
Q,MIO_EUR,SCA,S13,P2,HU,2005-Q1,
Q,MIO_EUR,SCA,S13,P2,HU,2005-Q2,
Q,MIO_EUR,SCA,S13,P2,HU,2005-Q3,
Q,MIO_EUR,SCA,S13,P2,HU,2005-Q4,
Q,MIO_EUR,SCA,S13,P2,HU,2006-Q1,
Q,MIO_EUR,SCA,S13,P2,HU,2006-Q2,
Q,MIO_EUR,SCA,S13,P2,HU,2006-Q3,
Q,MIO_EUR,SCA,S13,P2,HU,2006-Q4,
Q,MIO_EUR,SCA,S13,P2,HU,2007-Q1,
Q,MIO_EUR,SCA,S13,P2,HU,2007-Q2,
Q,MIO_EUR,SCA,S13,P2,HU,2007-Q3,
Q,MIO_EUR,SCA,S13,P2,HU,2007-Q4,
Q,MIO_EUR,SCA,S13,P2,HU,2008-Q1,
Q,MIO_EUR,SCA,S13,P2,HU,2008-Q2,
Q,MIO_EUR,SCA,S13,P2,HU,2008-Q3,
Q,MIO_EUR,SCA,S13,P2,HU,2008-Q4,
Q,MIO_EUR,SCA,S13,P2,HU,2009-Q1,
Q,MIO_EUR,SCA,S13,P2,HU,2009-Q2,
Q,MIO_EUR,SCA,S13,P2,HU,2009-Q3,
Q,MIO_EUR,SCA,S13,P2,HU,2009-Q4,
Q,MIO_EUR,SCA,S13,P2,HU,2010-Q1,
Q,MIO_EUR,SCA,S13,P2,HU,2010-Q2,
Q,MIO_EUR,SCA,S13,P2,HU,2010-Q3,
Q,MIO_EUR,SCA,S13,P2,HU,2010-Q4,
Q,MIO_EUR,SCA,S13,P2,HU,2011-Q1,
Q,MIO_EUR,SCA,S13,P2,HU,2011-Q2,
Q,MIO_EUR,SCA,S13,P2,HU,2011-Q3,
Q,MIO_EUR,SCA,S13,P2,HU,2011-Q4,
Q,MIO_EUR,SCA,S13,P2,HU,2012-Q1,
Q,MIO_EUR,SCA,S13,P2,HU,2012-Q2,
Q,MIO_EUR,SCA,S13,P2,HU,2012-Q3,
Q,MIO_EUR,SCA,S13,P2,HU,2012-Q4,
Q,MIO_EUR,SCA,S13,P2,HU,2013-Q1,
Q,MIO_EUR,SCA,S13,P2,HU,2013-Q2,
Q,MIO_EUR,SCA,S13,P2,HU,2013-Q3,
Q,MIO_EUR,SCA,S13,P2,HU,2013-Q4,
Q,MIO_EUR,SCA,S13,P2,HU,2014-Q1,
Q,MIO_EUR,SCA,S13,P2,HU,2014-Q2,
Q,MIO_EUR,SCA,S13,P2,HU,2014-Q3,
Q,MIO_EUR,SCA,S13,P2,HU,2014-Q4,
Q,MIO_EUR,SCA,S13,P2,HU,2015-Q1,
Q,MIO_EUR,SCA,S13,P2,HU,2015-Q2,
Q,MIO_EUR,SCA,S13,P2,HU,2015-Q3,
Q,MIO_EUR,SCA,S13,P2,HU,2015-Q4,
Q,MIO_EUR,SCA,S13,P2,HU,2016-Q1,
Q,MIO_EUR,SCA,S13,P2,HU,2016-Q2,
Q,MIO_EUR,SCA,S13,P2,HU,2016-Q3,
Q,MIO_EUR,SCA,S13,P2,HU,2016-Q4,
Q,MIO_EUR,SCA,S13,P2,HU,2017-Q1,
Q,MIO_EUR,SCA,S13,P2,HU,2017-Q2,
Q,MIO_EUR,SCA,S13,P2,HU,2017-Q3,
Q,MIO_EUR,SCA,S13,P2,HU,2017-Q4,
Q,MIO_EUR,SCA,S13,P2,HU,2018-Q1,
Q,MIO_EUR,SCA,S13,P2,HU,2018-Q2,
Q,MIO_EUR,SCA,S13,P2,HU,2018-Q3,
Q,MIO_EUR,SCA,S13,P2,HU,2018-Q4,
Q,MIO_EUR,SCA,S13,P2,HU,2019-Q1,
Q,MIO_EUR,SCA,S13,P2,HU,2019-Q2,
Q,MIO_EUR,SCA,S13,P2,HU,2019-Q3,
Q,MIO_EUR,SCA,S13,P2,HU,2019-Q4,
Q,MIO_EUR,SCA,S13,P2,HU,2020-Q1,
Q,MIO_EUR,SCA,S13,P2,HU,2020-Q2,
Q,MIO_EUR,SCA,S13,P2,HU,2020-Q3,
Q,MIO_EUR,SCA,S13,P2,HU,2020-Q4,
Q,MIO_EUR,SCA,S13,P2,HU,2021-Q1,
Q,MIO_EUR,SCA,S13,P2,HU,2021-Q2,
Q,MIO_EUR,SCA,S13,P2,HU,2021-Q3,
Q,MIO_EUR,SCA,S13,P2,HU,2021-Q4,
Q,MIO_EUR,SCA,S13,P2,HU,2022-Q1,
Q,MIO_EUR,SCA,S13,P2,HU,2022-Q2,
Q,MIO_EUR,SCA,S13,P2,HU,2022-Q3,
Q,MIO_EUR,SCA,S13,P2,HU,2022-Q4,
Q,MIO_EUR,SCA,S13,P2,HU,2023-Q1,
Q,MIO_EUR,SCA,S13,P2,HU,2023-Q2,
Q,MIO_EUR,SCA,S13,P2,HU,2023-Q3,
Q,MIO_EUR,SCA,S13,P2,HU,2023-Q4,
Q,MIO_EUR,SCA,S13,P2,HU,2024-Q1,
Q,MIO_EUR,SCA,S13,P2,HU,2024-Q2,
Q,MIO_EUR,SCA,S13,P2,HU,2024-Q3,
Q,MIO_EUR,SCA,S13,P2,HU,2024-Q4,
Q,MIO_EUR,SCA,S13,P2,HU,2025-Q1,
Q,MIO_EUR,SCA,S13,P2,HU,2025-Q2,
Q,MIO_EUR,SCA,S13,P2,HU,2025-Q3,
Q,MIO_EUR,SCA,S13,P2,HU,2025-Q4,
Q,MIO_EUR,SCA,S13,P2,HU,2026-Q1,
Q,MIO_EUR,SCA,S13,P2,MT,1995-Q1,
Q,MIO_EUR,SCA,S13,P2,MT,1995-Q2,
Q,MIO_EUR,SCA,S13,P2,MT,1995-Q3,
Q,MIO_EUR,SCA,S13,P2,MT,1995-Q4,
Q,MIO_EUR,SCA,S13,P2,MT,1996-Q1,
Q,MIO_EUR,SCA,S13,P2,MT,1996-Q2,
Q,MIO_EUR,SCA,S13,P2,MT,1996-Q3,
Q,MIO_EUR,SCA,S13,P2,MT,1996-Q4,
Q,MIO_EUR,SCA,S13,P2,MT,1997-Q1,
Q,MIO_EUR,SCA,S13,P2,MT,1997-Q2,
Q,MIO_EUR,SCA,S13,P2,MT,1997-Q3,
Q,MIO_EUR,SCA,S13,P2,MT,1997-Q4,
Q,MIO_EUR,SCA,S13,P2,MT,1998-Q1,
Q,MIO_EUR,SCA,S13,P2,MT,1998-Q2,
Q,MIO_EUR,SCA,S13,P2,MT,1998-Q3,
Q,MIO_EUR,SCA,S13,P2,MT,1998-Q4,
Q,MIO_EUR,SCA,S13,P2,MT,1999-Q1,
Q,MIO_EUR,SCA,S13,P2,MT,1999-Q2,
Q,MIO_EUR,SCA,S13,P2,MT,1999-Q3,
Q,MIO_EUR,SCA,S13,P2,MT,1999-Q4,
Q,MIO_EUR,SCA,S13,P2,MT,2000-Q1,
Q,MIO_EUR,SCA,S13,P2,MT,2000-Q2,
Q,MIO_EUR,SCA,S13,P2,MT,2000-Q3,
Q,MIO_EUR,SCA,S13,P2,MT,2000-Q4,
Q,MIO_EUR,SCA,S13,P2,MT,2001-Q1,
Q,MIO_EUR,SCA,S13,P2,MT,2001-Q2,
Q,MIO_EUR,SCA,S13,P2,MT,2001-Q3,
Q,MIO_EUR,SCA,S13,P2,MT,2001-Q4,
Q,MIO_EUR,SCA,S13,P2,MT,2002-Q1,
Q,MIO_EUR,SCA,S13,P2,MT,2002-Q2,
Q,MIO_EUR,SCA,S13,P2,MT,2002-Q3,
Q,MIO_EUR,SCA,S13,P2,MT,2002-Q4,
Q,MIO_EUR,SCA,S13,P2,MT,2003-Q1,
Q,MIO_EUR,SCA,S13,P2,MT,2003-Q2,
Q,MIO_EUR,SCA,S13,P2,MT,2003-Q3,
Q,MIO_EUR,SCA,S13,P2,MT,2003-Q4,
Q,MIO_EUR,SCA,S13,P2,MT,2004-Q1,
Q,MIO_EUR,SCA,S13,P2,MT,2004-Q2,
Q,MIO_EUR,SCA,S13,P2,MT,2004-Q3,
Q,MIO_EUR,SCA,S13,P2,MT,2004-Q4,
Q,MIO_EUR,SCA,S13,P2,MT,2005-Q1,
Q,MIO_EUR,SCA,S13,P2,MT,2005-Q2,
Q,MIO_EUR,SCA,S13,P2,MT,2005-Q3,
Q,MIO_EUR,SCA,S13,P2,MT,2005-Q4,
Q,MIO_EUR,SCA,S13,P2,MT,2006-Q1,
Q,MIO_EUR,SCA,S13,P2,MT,2006-Q2,
Q,MIO_EUR,SCA,S13,P2,MT,2006-Q3,
Q,MIO_EUR,SCA,S13,P2,MT,2006-Q4,
Q,MIO_EUR,SCA,S13,P2,MT,2007-Q1,
Q,MIO_EUR,SCA,S13,P2,MT,2007-Q2,
Q,MIO_EUR,SCA,S13,P2,MT,2007-Q3,
Q,MIO_EUR,SCA,S13,P2,MT,2007-Q4,
Q,MIO_EUR,SCA,S13,P2,MT,2008-Q1,
Q,MIO_EUR,SCA,S13,P2,MT,2008-Q2,
Q,MIO_EUR,SCA,S13,P2,MT,2008-Q3,
Q,MIO_EUR,SCA,S13,P2,MT,2008-Q4,
Q,MIO_EUR,SCA,S13,P2,MT,2009-Q1,
Q,MIO_EUR,SCA,S13,P2,MT,2009-Q2,
Q,MIO_EUR,SCA,S13,P2,MT,2009-Q3,
Q,MIO_EUR,SCA,S13,P2,MT,2009-Q4,
Q,MIO_EUR,SCA,S13,P2,MT,2010-Q1,
Q,MIO_EUR,SCA,S13,P2,MT,2010-Q2,
Q,MIO_EUR,SCA,S13,P2,MT,2010-Q3,
Q,MIO_EUR,SCA,S13,P2,MT,2010-Q4,
Q,MIO_EUR,SCA,S13,P2,MT,2011-Q1,
Q,MIO_EUR,SCA,S13,P2,MT,2011-Q2,
Q,MIO_EUR,SCA,S13,P2,MT,2011-Q3,
Q,MIO_EUR,SCA,S13,P2,MT,2011-Q4,
Q,MIO_EUR,SCA,S13,P2,MT,2012-Q1,
Q,MIO_EUR,SCA,S13,P2,MT,2012-Q2,
Q,MIO_EUR,SCA,S13,P2,MT,2012-Q3,
Q,MIO_EUR,SCA,S13,P2,MT,2012-Q4,
Q,MIO_EUR,SCA,S13,P2,MT,2013-Q1,
Q,MIO_EUR,SCA,S13,P2,MT,2013-Q2,
Q,MIO_EUR,SCA,S13,P2,MT,2013-Q3,
Q,MIO_EUR,SCA,S13,P2,MT,2013-Q4,
Q,MIO_EUR,SCA,S13,P2,MT,2014-Q1,
Q,MIO_EUR,SCA,S13,P2,MT,2014-Q2,
Q,MIO_EUR,SCA,S13,P2,MT,2014-Q3,
Q,MIO_EUR,SCA,S13,P2,MT,2014-Q4,
Q,MIO_EUR,SCA,S13,P2,MT,2015-Q1,
Q,MIO_EUR,SCA,S13,P2,MT,2015-Q2,
Q,MIO_EUR,SCA,S13,P2,MT,2015-Q3,
Q,MIO_EUR,SCA,S13,P2,MT,2015-Q4,
Q,MIO_EUR,SCA,S13,P2,MT,2016-Q1,
Q,MIO_EUR,SCA,S13,P2,MT,2016-Q2,
Q,MIO_EUR,SCA,S13,P2,MT,2016-Q3,
Q,MIO_EUR,SCA,S13,P2,MT,2016-Q4,
Q,MIO_EUR,SCA,S13,P2,MT,2017-Q1,
Q,MIO_EUR,SCA,S13,P2,MT,2017-Q2,
Q,MIO_EUR,SCA,S13,P2,MT,2017-Q3,
Q,MIO_EUR,SCA,S13,P2,MT,2017-Q4,
Q,MIO_EUR,SCA,S13,P2,MT,2018-Q1,
Q,MIO_EUR,SCA,S13,P2,MT,2018-Q2,
Q,MIO_EUR,SCA,S13,P2,MT,2018-Q3,
Q,MIO_EUR,SCA,S13,P2,MT,2018-Q4,
Q,MIO_EUR,SCA,S13,P2,MT,2019-Q1,
Q,MIO_EUR,SCA,S13,P2,MT,2019-Q2,
Q,MIO_EUR,SCA,S13,P2,MT,2019-Q3,
Q,MIO_EUR,SCA,S13,P2,MT,2019-Q4,
Q,MIO_EUR,SCA,S13,P2,MT,2020-Q1,
Q,MIO_EUR,SCA,S13,P2,MT,2020-Q2,
Q,MIO_EUR,SCA,S13,P2,MT,2020-Q3,
Q,MIO_EUR,SCA,S13,P2,MT,2020-Q4,
Q,MIO_EUR,SCA,S13,P2,MT,2021-Q1,
Q,MIO_EUR,SCA,S13,P2,MT,2021-Q2,
Q,MIO_EUR,SCA,S13,P2,MT,2021-Q3,
Q,MIO_EUR,SCA,S13,P2,MT,2021-Q4,
Q,MIO_EUR,SCA,S13,P2,MT,2022-Q1,
Q,MIO_EUR,SCA,S13,P2,MT,2022-Q2,
Q,MIO_EUR,SCA,S13,P2,MT,2022-Q3,
Q,MIO_EUR,SCA,S13,P2,MT,2022-Q4,
Q,MIO_EUR,SCA,S13,P2,MT,2023-Q1,
Q,MIO_EUR,SCA,S13,P2,MT,2023-Q2,
Q,MIO_EUR,SCA,S13,P2,MT,2023-Q3,
Q,MIO_EUR,SCA,S13,P2,MT,2023-Q4,
Q,MIO_EUR,SCA,S13,P2,MT,2024-Q1,
Q,MIO_EUR,SCA,S13,P2,MT,2024-Q2,
Q,MIO_EUR,SCA,S13,P2,MT,2024-Q3,
Q,MIO_EUR,SCA,S13,P2,MT,2024-Q4,
Q,MIO_EUR,SCA,S13,P2,MT,2025-Q1,
Q,MIO_EUR,SCA,S13,P2,MT,2025-Q2,
Q,MIO_EUR,SCA,S13,P2,MT,2025-Q3,
Q,MIO_EUR,SCA,S13,P2,MT,2025-Q4,
Q,MIO_EUR,SCA,S13,P2,MT,2026-Q1,
Q,MIO_EUR,SCA,S13,P2,NL,1995-Q1,
Q,MIO_EUR,SCA,S13,P2,NL,1995-Q2,
Q,MIO_EUR,SCA,S13,P2,NL,1995-Q3,
Q,MIO_EUR,SCA,S13,P2,NL,1995-Q4,
Q,MIO_EUR,SCA,S13,P2,NL,1996-Q1,
Q,MIO_EUR,SCA,S13,P2,NL,1996-Q2,
Q,MIO_EUR,SCA,S13,P2,NL,1996-Q3,
Q,MIO_EUR,SCA,S13,P2,NL,1996-Q4,
Q,MIO_EUR,SCA,S13,P2,NL,1997-Q1,
Q,MIO_EUR,SCA,S13,P2,NL,1997-Q2,
Q,MIO_EUR,SCA,S13,P2,NL,1997-Q3,
Q,MIO_EUR,SCA,S13,P2,NL,1997-Q4,
Q,MIO_EUR,SCA,S13,P2,NL,1998-Q1,
Q,MIO_EUR,SCA,S13,P2,NL,1998-Q2,
Q,MIO_EUR,SCA,S13,P2,NL,1998-Q3,
Q,MIO_EUR,SCA,S13,P2,NL,1998-Q4,
Q,MIO_EUR,SCA,S13,P2,NL,1999-Q1,
Q,MIO_EUR,SCA,S13,P2,NL,1999-Q2,
Q,MIO_EUR,SCA,S13,P2,NL,1999-Q3,
Q,MIO_EUR,SCA,S13,P2,NL,1999-Q4,
Q,MIO_EUR,SCA,S13,P2,NL,2000-Q1,
Q,MIO_EUR,SCA,S13,P2,NL,2000-Q2,
Q,MIO_EUR,SCA,S13,P2,NL,2000-Q3,
Q,MIO_EUR,SCA,S13,P2,NL,2000-Q4,
Q,MIO_EUR,SCA,S13,P2,NL,2001-Q1,
Q,MIO_EUR,SCA,S13,P2,NL,2001-Q2,
Q,MIO_EUR,SCA,S13,P2,NL,2001-Q3,
Q,MIO_EUR,SCA,S13,P2,NL,2001-Q4,
Q,MIO_EUR,SCA,S13,P2,NL,2002-Q1,
Q,MIO_EUR,SCA,S13,P2,NL,2002-Q2,
Q,MIO_EUR,SCA,S13,P2,NL,2002-Q3,
Q,MIO_EUR,SCA,S13,P2,NL,2002-Q4,
Q,MIO_EUR,SCA,S13,P2,NL,2003-Q1,
Q,MIO_EUR,SCA,S13,P2,NL,2003-Q2,
Q,MIO_EUR,SCA,S13,P2,NL,2003-Q3,
Q,MIO_EUR,SCA,S13,P2,NL,2003-Q4,
Q,MIO_EUR,SCA,S13,P2,NL,2004-Q1,
Q,MIO_EUR,SCA,S13,P2,NL,2004-Q2,
Q,MIO_EUR,SCA,S13,P2,NL,2004-Q3,
Q,MIO_EUR,SCA,S13,P2,NL,2004-Q4,
Q,MIO_EUR,SCA,S13,P2,NL,2005-Q1,
Q,MIO_EUR,SCA,S13,P2,NL,2005-Q2,
Q,MIO_EUR,SCA,S13,P2,NL,2005-Q3,
Q,MIO_EUR,SCA,S13,P2,NL,2005-Q4,
Q,MIO_EUR,SCA,S13,P2,NL,2006-Q1,
Q,MIO_EUR,SCA,S13,P2,NL,2006-Q2,
Q,MIO_EUR,SCA,S13,P2,NL,2006-Q3,
Q,MIO_EUR,SCA,S13,P2,NL,2006-Q4,
Q,MIO_EUR,SCA,S13,P2,NL,2007-Q1,
Q,MIO_EUR,SCA,S13,P2,NL,2007-Q2,
Q,MIO_EUR,SCA,S13,P2,NL,2007-Q3,
Q,MIO_EUR,SCA,S13,P2,NL,2007-Q4,
Q,MIO_EUR,SCA,S13,P2,NL,2008-Q1,
Q,MIO_EUR,SCA,S13,P2,NL,2008-Q2,
Q,MIO_EUR,SCA,S13,P2,NL,2008-Q3,
Q,MIO_EUR,SCA,S13,P2,NL,2008-Q4,
Q,MIO_EUR,SCA,S13,P2,NL,2009-Q1,
Q,MIO_EUR,SCA,S13,P2,NL,2009-Q2,
Q,MIO_EUR,SCA,S13,P2,NL,2009-Q3,
Q,MIO_EUR,SCA,S13,P2,NL,2009-Q4,
Q,MIO_EUR,SCA,S13,P2,NL,2010-Q1,
Q,MIO_EUR,SCA,S13,P2,NL,2010-Q2,
Q,MIO_EUR,SCA,S13,P2,NL,2010-Q3,
Q,MIO_EUR,SCA,S13,P2,NL,2010-Q4,
Q,MIO_EUR,SCA,S13,P2,NL,2011-Q1,
Q,MIO_EUR,SCA,S13,P2,NL,2011-Q2,
Q,MIO_EUR,SCA,S13,P2,NL,2011-Q3,
Q,MIO_EUR,SCA,S13,P2,NL,2011-Q4,
Q,MIO_EUR,SCA,S13,P2,NL,2012-Q1,
Q,MIO_EUR,SCA,S13,P2,NL,2012-Q2,
Q,MIO_EUR,SCA,S13,P2,NL,2012-Q3,
Q,MIO_EUR,SCA,S13,P2,NL,2012-Q4,
Q,MIO_EUR,SCA,S13,P2,NL,2013-Q1,
Q,MIO_EUR,SCA,S13,P2,NL,2013-Q2,
Q,MIO_EUR,SCA,S13,P2,NL,2013-Q3,
Q,MIO_EUR,SCA,S13,P2,NL,2013-Q4,
Q,MIO_EUR,SCA,S13,P2,NL,2014-Q1,
Q,MIO_EUR,SCA,S13,P2,NL,2014-Q2,
Q,MIO_EUR,SCA,S13,P2,NL,2014-Q3,
Q,MIO_EUR,SCA,S13,P2,NL,2014-Q4,
Q,MIO_EUR,SCA,S13,P2,NL,2015-Q1,
Q,MIO_EUR,SCA,S13,P2,NL,2015-Q2,
Q,MIO_EUR,SCA,S13,P2,NL,2015-Q3,
Q,MIO_EUR,SCA,S13,P2,NL,2015-Q4,
Q,MIO_EUR,SCA,S13,P2,NL,2016-Q1,
Q,MIO_EUR,SCA,S13,P2,NL,2016-Q2,
Q,MIO_EUR,SCA,S13,P2,NL,2016-Q3,
Q,MIO_EUR,SCA,S13,P2,NL,2016-Q4,
Q,MIO_EUR,SCA,S13,P2,NL,2017-Q1,
Q,MIO_EUR,SCA,S13,P2,NL,2017-Q2,
Q,MIO_EUR,SCA,S13,P2,NL,2017-Q3,
Q,MIO_EUR,SCA,S13,P2,NL,2017-Q4,
Q,MIO_EUR,SCA,S13,P2,NL,2018-Q1,
Q,MIO_EUR,SCA,S13,P2,NL,2018-Q2,
Q,MIO_EUR,SCA,S13,P2,NL,2018-Q3,
Q,MIO_EUR,SCA,S13,P2,NL,2018-Q4,
Q,MIO_EUR,SCA,S13,P2,NL,2019-Q1,
Q,MIO_EUR,SCA,S13,P2,NL,2019-Q2,
Q,MIO_EUR,SCA,S13,P2,NL,2019-Q3,
Q,MIO_EUR,SCA,S13,P2,NL,2019-Q4,
Q,MIO_EUR,SCA,S13,P2,NL,2020-Q1,
Q,MIO_EUR,SCA,S13,P2,NL,2020-Q2,
Q,MIO_EUR,SCA,S13,P2,NL,2020-Q3,
Q,MIO_EUR,SCA,S13,P2,NL,2020-Q4,
Q,MIO_EUR,SCA,S13,P2,NL,2021-Q1,
Q,MIO_EUR,SCA,S13,P2,NL,2021-Q2,
Q,MIO_EUR,SCA,S13,P2,NL,2021-Q3,
Q,MIO_EUR,SCA,S13,P2,NL,2021-Q4,
Q,MIO_EUR,SCA,S13,P2,NL,2022-Q1,
Q,MIO_EUR,SCA,S13,P2,NL,2022-Q2,
Q,MIO_EUR,SCA,S13,P2,NL,2022-Q3,
Q,MIO_EUR,SCA,S13,P2,NL,2022-Q4,
Q,MIO_EUR,SCA,S13,P2,NL,2023-Q1,
Q,MIO_EUR,SCA,S13,P2,NL,2023-Q2,
Q,MIO_EUR,SCA,S13,P2,NL,2023-Q3,
Q,MIO_EUR,SCA,S13,P2,NL,2023-Q4,
Q,MIO_EUR,SCA,S13,P2,NL,2024-Q1,
Q,MIO_EUR,SCA,S13,P2,NL,2024-Q2,
Q,MIO_EUR,SCA,S13,P2,NL,2024-Q3,
Q,MIO_EUR,SCA,S13,P2,NL,2024-Q4,
Q,MIO_EUR,SCA,S13,P2,NL,2025-Q1,
Q,MIO_EUR,SCA,S13,P2,NL,2025-Q2,
Q,MIO_EUR,SCA,S13,P2,NL,2025-Q3,
Q,MIO_EUR,SCA,S13,P2,NL,2025-Q4,
Q,MIO_EUR,SCA,S13,P2,NL,2026-Q1,
Q,MIO_EUR,SCA,S13,P2,AT,1995-Q1,
Q,MIO_EUR,SCA,S13,P2,AT,1995-Q2,
Q,MIO_EUR,SCA,S13,P2,AT,1995-Q3,
Q,MIO_EUR,SCA,S13,P2,AT,1995-Q4,
Q,MIO_EUR,SCA,S13,P2,AT,1996-Q1,
Q,MIO_EUR,SCA,S13,P2,AT,1996-Q2,
Q,MIO_EUR,SCA,S13,P2,AT,1996-Q3,
Q,MIO_EUR,SCA,S13,P2,AT,1996-Q4,
Q,MIO_EUR,SCA,S13,P2,AT,1997-Q1,
Q,MIO_EUR,SCA,S13,P2,AT,1997-Q2,
Q,MIO_EUR,SCA,S13,P2,AT,1997-Q3,
Q,MIO_EUR,SCA,S13,P2,AT,1997-Q4,
Q,MIO_EUR,SCA,S13,P2,AT,1998-Q1,
Q,MIO_EUR,SCA,S13,P2,AT,1998-Q2,
Q,MIO_EUR,SCA,S13,P2,AT,1998-Q3,
Q,MIO_EUR,SCA,S13,P2,AT,1998-Q4,
Q,MIO_EUR,SCA,S13,P2,AT,1999-Q1,
Q,MIO_EUR,SCA,S13,P2,AT,1999-Q2,
Q,MIO_EUR,SCA,S13,P2,AT,1999-Q3,
Q,MIO_EUR,SCA,S13,P2,AT,1999-Q4,
Q,MIO_EUR,SCA,S13,P2,AT,2000-Q1,
Q,MIO_EUR,SCA,S13,P2,AT,2000-Q2,
Q,MIO_EUR,SCA,S13,P2,AT,2000-Q3,
Q,MIO_EUR,SCA,S13,P2,AT,2000-Q4,
Q,MIO_EUR,SCA,S13,P2,AT,2001-Q1,
Q,MIO_EUR,SCA,S13,P2,AT,2001-Q2,
Q,MIO_EUR,SCA,S13,P2,AT,2001-Q3,
Q,MIO_EUR,SCA,S13,P2,AT,2001-Q4,
Q,MIO_EUR,SCA,S13,P2,AT,2002-Q1,
Q,MIO_EUR,SCA,S13,P2,AT,2002-Q2,
Q,MIO_EUR,SCA,S13,P2,AT,2002-Q3,
Q,MIO_EUR,SCA,S13,P2,AT,2002-Q4,
Q,MIO_EUR,SCA,S13,P2,AT,2003-Q1,
Q,MIO_EUR,SCA,S13,P2,AT,2003-Q2,
Q,MIO_EUR,SCA,S13,P2,AT,2003-Q3,
Q,MIO_EUR,SCA,S13,P2,AT,2003-Q4,
Q,MIO_EUR,SCA,S13,P2,AT,2004-Q1,
Q,MIO_EUR,SCA,S13,P2,AT,2004-Q2,
Q,MIO_EUR,SCA,S13,P2,AT,2004-Q3,
Q,MIO_EUR,SCA,S13,P2,AT,2004-Q4,
Q,MIO_EUR,SCA,S13,P2,AT,2005-Q1,
Q,MIO_EUR,SCA,S13,P2,AT,2005-Q2,
Q,MIO_EUR,SCA,S13,P2,AT,2005-Q3,
Q,MIO_EUR,SCA,S13,P2,AT,2005-Q4,
Q,MIO_EUR,SCA,S13,P2,AT,2006-Q1,
Q,MIO_EUR,SCA,S13,P2,AT,2006-Q2,
Q,MIO_EUR,SCA,S13,P2,AT,2006-Q3,
Q,MIO_EUR,SCA,S13,P2,AT,2006-Q4,
Q,MIO_EUR,SCA,S13,P2,AT,2007-Q1,
Q,MIO_EUR,SCA,S13,P2,AT,2007-Q2,
Q,MIO_EUR,SCA,S13,P2,AT,2007-Q3,
Q,MIO_EUR,SCA,S13,P2,AT,2007-Q4,
Q,MIO_EUR,SCA,S13,P2,AT,2008-Q1,
Q,MIO_EUR,SCA,S13,P2,AT,2008-Q2,
Q,MIO_EUR,SCA,S13,P2,AT,2008-Q3,
Q,MIO_EUR,SCA,S13,P2,AT,2008-Q4,
Q,MIO_EUR,SCA,S13,P2,AT,2009-Q1,
Q,MIO_EUR,SCA,S13,P2,AT,2009-Q2,
Q,MIO_EUR,SCA,S13,P2,AT,2009-Q3,
Q,MIO_EUR,SCA,S13,P2,AT,2009-Q4,
Q,MIO_EUR,SCA,S13,P2,AT,2010-Q1,
Q,MIO_EUR,SCA,S13,P2,AT,2010-Q2,
Q,MIO_EUR,SCA,S13,P2,AT,2010-Q3,
Q,MIO_EUR,SCA,S13,P2,AT,2010-Q4,
Q,MIO_EUR,SCA,S13,P2,AT,2011-Q1,
Q,MIO_EUR,SCA,S13,P2,AT,2011-Q2,
Q,MIO_EUR,SCA,S13,P2,AT,2011-Q3,
Q,MIO_EUR,SCA,S13,P2,AT,2011-Q4,
Q,MIO_EUR,SCA,S13,P2,AT,2012-Q1,
Q,MIO_EUR,SCA,S13,P2,AT,2012-Q2,
Q,MIO_EUR,SCA,S13,P2,AT,2012-Q3,
Q,MIO_EUR,SCA,S13,P2,AT,2012-Q4,
Q,MIO_EUR,SCA,S13,P2,AT,2013-Q1,
Q,MIO_EUR,SCA,S13,P2,AT,2013-Q2,
Q,MIO_EUR,SCA,S13,P2,AT,2013-Q3,
Q,MIO_EUR,SCA,S13,P2,AT,2013-Q4,
Q,MIO_EUR,SCA,S13,P2,AT,2014-Q1,
Q,MIO_EUR,SCA,S13,P2,AT,2014-Q2,
Q,MIO_EUR,SCA,S13,P2,AT,2014-Q3,
Q,MIO_EUR,SCA,S13,P2,AT,2014-Q4,
Q,MIO_EUR,SCA,S13,P2,AT,2015-Q1,
Q,MIO_EUR,SCA,S13,P2,AT,2015-Q2,
Q,MIO_EUR,SCA,S13,P2,AT,2015-Q3,
Q,MIO_EUR,SCA,S13,P2,AT,2015-Q4,
Q,MIO_EUR,SCA,S13,P2,AT,2016-Q1,
Q,MIO_EUR,SCA,S13,P2,AT,2016-Q2,
Q,MIO_EUR,SCA,S13,P2,AT,2016-Q3,
Q,MIO_EUR,SCA,S13,P2,AT,2016-Q4,
Q,MIO_EUR,SCA,S13,P2,AT,2017-Q1,
Q,MIO_EUR,SCA,S13,P2,AT,2017-Q2,
Q,MIO_EUR,SCA,S13,P2,AT,2017-Q3,
Q,MIO_EUR,SCA,S13,P2,AT,2017-Q4,
Q,MIO_EUR,SCA,S13,P2,AT,2018-Q1,
Q,MIO_EUR,SCA,S13,P2,AT,2018-Q2,
Q,MIO_EUR,SCA,S13,P2,AT,2018-Q3,
Q,MIO_EUR,SCA,S13,P2,AT,2018-Q4,
Q,MIO_EUR,SCA,S13,P2,AT,2019-Q1,
Q,MIO_EUR,SCA,S13,P2,AT,2019-Q2,
Q,MIO_EUR,SCA,S13,P2,AT,2019-Q3,
Q,MIO_EUR,SCA,S13,P2,AT,2019-Q4,
Q,MIO_EUR,SCA,S13,P2,AT,2020-Q1,
Q,MIO_EUR,SCA,S13,P2,AT,2020-Q2,
Q,MIO_EUR,SCA,S13,P2,AT,2020-Q3,
Q,MIO_EUR,SCA,S13,P2,AT,2020-Q4,
Q,MIO_EUR,SCA,S13,P2,AT,2021-Q1,
Q,MIO_EUR,SCA,S13,P2,AT,2021-Q2,
Q,MIO_EUR,SCA,S13,P2,AT,2021-Q3,
Q,MIO_EUR,SCA,S13,P2,AT,2021-Q4,
Q,MIO_EUR,SCA,S13,P2,AT,2022-Q1,
Q,MIO_EUR,SCA,S13,P2,AT,2022-Q2,
Q,MIO_EUR,SCA,S13,P2,AT,2022-Q3,
Q,MIO_EUR,SCA,S13,P2,AT,2022-Q4,
Q,MIO_EUR,SCA,S13,P2,AT,2023-Q1,
Q,MIO_EUR,SCA,S13,P2,AT,2023-Q2,
Q,MIO_EUR,SCA,S13,P2,AT,2023-Q3,
Q,MIO_EUR,SCA,S13,P2,AT,2023-Q4,
Q,MIO_EUR,SCA,S13,P2,AT,2024-Q1,
Q,MIO_EUR,SCA,S13,P2,AT,2024-Q2,
Q,MIO_EUR,SCA,S13,P2,AT,2024-Q3,
Q,MIO_EUR,SCA,S13,P2,AT,2024-Q4,
Q,MIO_EUR,SCA,S13,P2,AT,2025-Q1,
Q,MIO_EUR,SCA,S13,P2,AT,2025-Q2,
Q,MIO_EUR,SCA,S13,P2,AT,2025-Q3,
Q,MIO_EUR,SCA,S13,P2,AT,2025-Q4,
Q,MIO_EUR,SCA,S13,P2,AT,2026-Q1,
Q,MIO_EUR,SCA,S13,P2,PL,1995-Q1,
Q,MIO_EUR,SCA,S13,P2,PL,1995-Q2,
Q,MIO_EUR,SCA,S13,P2,PL,1995-Q3,
Q,MIO_EUR,SCA,S13,P2,PL,1995-Q4,
Q,MIO_EUR,SCA,S13,P2,PL,1996-Q1,
Q,MIO_EUR,SCA,S13,P2,PL,1996-Q2,
Q,MIO_EUR,SCA,S13,P2,PL,1996-Q3,
Q,MIO_EUR,SCA,S13,P2,PL,1996-Q4,
Q,MIO_EUR,SCA,S13,P2,PL,1997-Q1,
Q,MIO_EUR,SCA,S13,P2,PL,1997-Q2,
Q,MIO_EUR,SCA,S13,P2,PL,1997-Q3,
Q,MIO_EUR,SCA,S13,P2,PL,1997-Q4,
Q,MIO_EUR,SCA,S13,P2,PL,1998-Q1,
Q,MIO_EUR,SCA,S13,P2,PL,1998-Q2,
Q,MIO_EUR,SCA,S13,P2,PL,1998-Q3,
Q,MIO_EUR,SCA,S13,P2,PL,1998-Q4,
Q,MIO_EUR,SCA,S13,P2,PL,1999-Q1,
Q,MIO_EUR,SCA,S13,P2,PL,1999-Q2,
Q,MIO_EUR,SCA,S13,P2,PL,1999-Q3,
Q,MIO_EUR,SCA,S13,P2,PL,1999-Q4,
Q,MIO_EUR,SCA,S13,P2,PL,2000-Q1,
Q,MIO_EUR,SCA,S13,P2,PL,2000-Q2,
Q,MIO_EUR,SCA,S13,P2,PL,2000-Q3,
Q,MIO_EUR,SCA,S13,P2,PL,2000-Q4,
Q,MIO_EUR,SCA,S13,P2,PL,2001-Q1,
Q,MIO_EUR,SCA,S13,P2,PL,2001-Q2,
Q,MIO_EUR,SCA,S13,P2,PL,2001-Q3,
Q,MIO_EUR,SCA,S13,P2,PL,2001-Q4,
Q,MIO_EUR,SCA,S13,P2,PL,2002-Q1,
Q,MIO_EUR,SCA,S13,P2,PL,2002-Q2,
Q,MIO_EUR,SCA,S13,P2,PL,2002-Q3,
Q,MIO_EUR,SCA,S13,P2,PL,2002-Q4,
Q,MIO_EUR,SCA,S13,P2,PL,2003-Q1,
Q,MIO_EUR,SCA,S13,P2,PL,2003-Q2,
Q,MIO_EUR,SCA,S13,P2,PL,2003-Q3,
Q,MIO_EUR,SCA,S13,P2,PL,2003-Q4,
Q,MIO_EUR,SCA,S13,P2,PL,2004-Q1,
Q,MIO_EUR,SCA,S13,P2,PL,2004-Q2,
Q,MIO_EUR,SCA,S13,P2,PL,2004-Q3,
Q,MIO_EUR,SCA,S13,P2,PL,2004-Q4,
Q,MIO_EUR,SCA,S13,P2,PL,2005-Q1,
Q,MIO_EUR,SCA,S13,P2,PL,2005-Q2,
Q,MIO_EUR,SCA,S13,P2,PL,2005-Q3,
Q,MIO_EUR,SCA,S13,P2,PL,2005-Q4,
Q,MIO_EUR,SCA,S13,P2,PL,2006-Q1,
Q,MIO_EUR,SCA,S13,P2,PL,2006-Q2,
Q,MIO_EUR,SCA,S13,P2,PL,2006-Q3,
Q,MIO_EUR,SCA,S13,P2,PL,2006-Q4,
Q,MIO_EUR,SCA,S13,P2,PL,2007-Q1,
Q,MIO_EUR,SCA,S13,P2,PL,2007-Q2,
Q,MIO_EUR,SCA,S13,P2,PL,2007-Q3,
Q,MIO_EUR,SCA,S13,P2,PL,2007-Q4,
Q,MIO_EUR,SCA,S13,P2,PL,2008-Q1,
Q,MIO_EUR,SCA,S13,P2,PL,2008-Q2,
Q,MIO_EUR,SCA,S13,P2,PL,2008-Q3,
Q,MIO_EUR,SCA,S13,P2,PL,2008-Q4,
Q,MIO_EUR,SCA,S13,P2,PL,2009-Q1,
Q,MIO_EUR,SCA,S13,P2,PL,2009-Q2,
Q,MIO_EUR,SCA,S13,P2,PL,2009-Q3,
Q,MIO_EUR,SCA,S13,P2,PL,2009-Q4,
Q,MIO_EUR,SCA,S13,P2,PL,2010-Q1,
Q,MIO_EUR,SCA,S13,P2,PL,2010-Q2,
Q,MIO_EUR,SCA,S13,P2,PL,2010-Q3,
Q,MIO_EUR,SCA,S13,P2,PL,2010-Q4,
Q,MIO_EUR,SCA,S13,P2,PL,2011-Q1,
Q,MIO_EUR,SCA,S13,P2,PL,2011-Q2,
Q,MIO_EUR,SCA,S13,P2,PL,2011-Q3,
Q,MIO_EUR,SCA,S13,P2,PL,2011-Q4,
Q,MIO_EUR,SCA,S13,P2,PL,2012-Q1,
Q,MIO_EUR,SCA,S13,P2,PL,2012-Q2,
Q,MIO_EUR,SCA,S13,P2,PL,2012-Q3,
Q,MIO_EUR,SCA,S13,P2,PL,2012-Q4,
Q,MIO_EUR,SCA,S13,P2,PL,2013-Q1,
Q,MIO_EUR,SCA,S13,P2,PL,2013-Q2,
Q,MIO_EUR,SCA,S13,P2,PL,2013-Q3,
Q,MIO_EUR,SCA,S13,P2,PL,2013-Q4,
Q,MIO_EUR,SCA,S13,P2,PL,2014-Q1,
Q,MIO_EUR,SCA,S13,P2,PL,2014-Q2,
Q,MIO_EUR,SCA,S13,P2,PL,2014-Q3,
Q,MIO_EUR,SCA,S13,P2,PL,2014-Q4,
Q,MIO_EUR,SCA,S13,P2,PL,2015-Q1,
Q,MIO_EUR,SCA,S13,P2,PL,2015-Q2,
Q,MIO_EUR,SCA,S13,P2,PL,2015-Q3,
Q,MIO_EUR,SCA,S13,P2,PL,2015-Q4,
Q,MIO_EUR,SCA,S13,P2,PL,2016-Q1,
Q,MIO_EUR,SCA,S13,P2,PL,2016-Q2,
Q,MIO_EUR,SCA,S13,P2,PL,2016-Q3,
Q,MIO_EUR,SCA,S13,P2,PL,2016-Q4,
Q,MIO_EUR,SCA,S13,P2,PL,2017-Q1,
Q,MIO_EUR,SCA,S13,P2,PL,2017-Q2,
Q,MIO_EUR,SCA,S13,P2,PL,2017-Q3,
Q,MIO_EUR,SCA,S13,P2,PL,2017-Q4,
Q,MIO_EUR,SCA,S13,P2,PL,2018-Q1,
Q,MIO_EUR,SCA,S13,P2,PL,2018-Q2,
Q,MIO_EUR,SCA,S13,P2,PL,2018-Q3,
Q,MIO_EUR,SCA,S13,P2,PL,2018-Q4,
Q,MIO_EUR,SCA,S13,P2,PL,2019-Q1,
Q,MIO_EUR,SCA,S13,P2,PL,2019-Q2,
Q,MIO_EUR,SCA,S13,P2,PL,2019-Q3,
Q,MIO_EUR,SCA,S13,P2,PL,2019-Q4,
Q,MIO_EUR,SCA,S13,P2,PL,2020-Q1,
Q,MIO_EUR,SCA,S13,P2,PL,2020-Q2,
Q,MIO_EUR,SCA,S13,P2,PL,2020-Q3,
Q,MIO_EUR,SCA,S13,P2,PL,2020-Q4,
Q,MIO_EUR,SCA,S13,P2,PL,2021-Q1,
Q,MIO_EUR,SCA,S13,P2,PL,2021-Q2,
Q,MIO_EUR,SCA,S13,P2,PL,2021-Q3,
Q,MIO_EUR,SCA,S13,P2,PL,2021-Q4,
Q,MIO_EUR,SCA,S13,P2,PL,2022-Q1,
Q,MIO_EUR,SCA,S13,P2,PL,2022-Q2,
Q,MIO_EUR,SCA,S13,P2,PL,2022-Q3,
Q,MIO_EUR,SCA,S13,P2,PL,2022-Q4,
Q,MIO_EUR,SCA,S13,P2,PL,2023-Q1,
Q,MIO_EUR,SCA,S13,P2,PL,2023-Q2,
Q,MIO_EUR,SCA,S13,P2,PL,2023-Q3,
Q,MIO_EUR,SCA,S13,P2,PL,2023-Q4,
Q,MIO_EUR,SCA,S13,P2,PL,2024-Q1,
Q,MIO_EUR,SCA,S13,P2,PL,2024-Q2,
Q,MIO_EUR,SCA,S13,P2,PL,2024-Q3,
Q,MIO_EUR,SCA,S13,P2,PL,2024-Q4,
Q,MIO_EUR,SCA,S13,P2,PL,2025-Q1,
Q,MIO_EUR,SCA,S13,P2,PL,2025-Q2,
Q,MIO_EUR,SCA,S13,P2,PL,2025-Q3,
Q,MIO_EUR,SCA,S13,P2,PL,2025-Q4,
Q,MIO_EUR,SCA,S13,P2,PL,2026-Q1,
Q,MIO_EUR,SCA,S13,P2,PT,1995-Q1,
Q,MIO_EUR,SCA,S13,P2,PT,1995-Q2,
Q,MIO_EUR,SCA,S13,P2,PT,1995-Q3,
Q,MIO_EUR,SCA,S13,P2,PT,1995-Q4,
Q,MIO_EUR,SCA,S13,P2,PT,1996-Q1,
Q,MIO_EUR,SCA,S13,P2,PT,1996-Q2,
Q,MIO_EUR,SCA,S13,P2,PT,1996-Q3,
Q,MIO_EUR,SCA,S13,P2,PT,1996-Q4,
Q,MIO_EUR,SCA,S13,P2,PT,1997-Q1,
Q,MIO_EUR,SCA,S13,P2,PT,1997-Q2,
Q,MIO_EUR,SCA,S13,P2,PT,1997-Q3,
Q,MIO_EUR,SCA,S13,P2,PT,1997-Q4,
Q,MIO_EUR,SCA,S13,P2,PT,1998-Q1,
Q,MIO_EUR,SCA,S13,P2,PT,1998-Q2,
Q,MIO_EUR,SCA,S13,P2,PT,1998-Q3,
Q,MIO_EUR,SCA,S13,P2,PT,1998-Q4,
Q,MIO_EUR,SCA,S13,P2,PT,1999-Q1,
Q,MIO_EUR,SCA,S13,P2,PT,1999-Q2,
Q,MIO_EUR,SCA,S13,P2,PT,1999-Q3,
Q,MIO_EUR,SCA,S13,P2,PT,1999-Q4,
Q,MIO_EUR,SCA,S13,P2,PT,2000-Q1,
Q,MIO_EUR,SCA,S13,P2,PT,2000-Q2,
Q,MIO_EUR,SCA,S13,P2,PT,2000-Q3,
Q,MIO_EUR,SCA,S13,P2,PT,2000-Q4,
Q,MIO_EUR,SCA,S13,P2,PT,2001-Q1,
Q,MIO_EUR,SCA,S13,P2,PT,2001-Q2,
Q,MIO_EUR,SCA,S13,P2,PT,2001-Q3,
Q,MIO_EUR,SCA,S13,P2,PT,2001-Q4,
Q,MIO_EUR,SCA,S13,P2,PT,2002-Q1,
Q,MIO_EUR,SCA,S13,P2,PT,2002-Q2,
Q,MIO_EUR,SCA,S13,P2,PT,2002-Q3,
Q,MIO_EUR,SCA,S13,P2,PT,2002-Q4,
Q,MIO_EUR,SCA,S13,P2,PT,2003-Q1,
Q,MIO_EUR,SCA,S13,P2,PT,2003-Q2,
Q,MIO_EUR,SCA,S13,P2,PT,2003-Q3,
Q,MIO_EUR,SCA,S13,P2,PT,2003-Q4,
Q,MIO_EUR,SCA,S13,P2,PT,2004-Q1,
Q,MIO_EUR,SCA,S13,P2,PT,2004-Q2,
Q,MIO_EUR,SCA,S13,P2,PT,2004-Q3,
Q,MIO_EUR,SCA,S13,P2,PT,2004-Q4,
Q,MIO_EUR,SCA,S13,P2,PT,2005-Q1,
Q,MIO_EUR,SCA,S13,P2,PT,2005-Q2,
Q,MIO_EUR,SCA,S13,P2,PT,2005-Q3,
Q,MIO_EUR,SCA,S13,P2,PT,2005-Q4,
Q,MIO_EUR,SCA,S13,P2,PT,2006-Q1,
Q,MIO_EUR,SCA,S13,P2,PT,2006-Q2,
Q,MIO_EUR,SCA,S13,P2,PT,2006-Q3,
Q,MIO_EUR,SCA,S13,P2,PT,2006-Q4,
Q,MIO_EUR,SCA,S13,P2,PT,2007-Q1,
Q,MIO_EUR,SCA,S13,P2,PT,2007-Q2,
Q,MIO_EUR,SCA,S13,P2,PT,2007-Q3,
Q,MIO_EUR,SCA,S13,P2,PT,2007-Q4,
Q,MIO_EUR,SCA,S13,P2,PT,2008-Q1,
Q,MIO_EUR,SCA,S13,P2,PT,2008-Q2,
Q,MIO_EUR,SCA,S13,P2,PT,2008-Q3,
Q,MIO_EUR,SCA,S13,P2,PT,2008-Q4,
Q,MIO_EUR,SCA,S13,P2,PT,2009-Q1,
Q,MIO_EUR,SCA,S13,P2,PT,2009-Q2,
Q,MIO_EUR,SCA,S13,P2,PT,2009-Q3,
Q,MIO_EUR,SCA,S13,P2,PT,2009-Q4,
Q,MIO_EUR,SCA,S13,P2,PT,2010-Q1,
Q,MIO_EUR,SCA,S13,P2,PT,2010-Q2,
Q,MIO_EUR,SCA,S13,P2,PT,2010-Q3,
Q,MIO_EUR,SCA,S13,P2,PT,2010-Q4,
Q,MIO_EUR,SCA,S13,P2,PT,2011-Q1,
Q,MIO_EUR,SCA,S13,P2,PT,2011-Q2,
Q,MIO_EUR,SCA,S13,P2,PT,2011-Q3,
Q,MIO_EUR,SCA,S13,P2,PT,2011-Q4,
Q,MIO_EUR,SCA,S13,P2,PT,2012-Q1,
Q,MIO_EUR,SCA,S13,P2,PT,2012-Q2,
Q,MIO_EUR,SCA,S13,P2,PT,2012-Q3,
Q,MIO_EUR,SCA,S13,P2,PT,2012-Q4,
Q,MIO_EUR,SCA,S13,P2,PT,2013-Q1,
Q,MIO_EUR,SCA,S13,P2,PT,2013-Q2,
Q,MIO_EUR,SCA,S13,P2,PT,2013-Q3,
Q,MIO_EUR,SCA,S13,P2,PT,2013-Q4,
Q,MIO_EUR,SCA,S13,P2,PT,2014-Q1,
Q,MIO_EUR,SCA,S13,P2,PT,2014-Q2,
Q,MIO_EUR,SCA,S13,P2,PT,2014-Q3,
Q,MIO_EUR,SCA,S13,P2,PT,2014-Q4,
Q,MIO_EUR,SCA,S13,P2,PT,2015-Q1,
Q,MIO_EUR,SCA,S13,P2,PT,2015-Q2,
Q,MIO_EUR,SCA,S13,P2,PT,2015-Q3,
Q,MIO_EUR,SCA,S13,P2,PT,2015-Q4,
Q,MIO_EUR,SCA,S13,P2,PT,2016-Q1,
Q,MIO_EUR,SCA,S13,P2,PT,2016-Q2,
Q,MIO_EUR,SCA,S13,P2,PT,2016-Q3,
Q,MIO_EUR,SCA,S13,P2,PT,2016-Q4,
Q,MIO_EUR,SCA,S13,P2,PT,2017-Q1,
Q,MIO_EUR,SCA,S13,P2,PT,2017-Q2,
Q,MIO_EUR,SCA,S13,P2,PT,2017-Q3,
Q,MIO_EUR,SCA,S13,P2,PT,2017-Q4,
Q,MIO_EUR,SCA,S13,P2,PT,2018-Q1,
Q,MIO_EUR,SCA,S13,P2,PT,2018-Q2,
Q,MIO_EUR,SCA,S13,P2,PT,2018-Q3,
Q,MIO_EUR,SCA,S13,P2,PT,2018-Q4,
Q,MIO_EUR,SCA,S13,P2,PT,2019-Q1,
Q,MIO_EUR,SCA,S13,P2,PT,2019-Q2,
Q,MIO_EUR,SCA,S13,P2,PT,2019-Q3,
Q,MIO_EUR,SCA,S13,P2,PT,2019-Q4,
Q,MIO_EUR,SCA,S13,P2,PT,2020-Q1,
Q,MIO_EUR,SCA,S13,P2,PT,2020-Q2,
Q,MIO_EUR,SCA,S13,P2,PT,2020-Q3,
Q,MIO_EUR,SCA,S13,P2,PT,2020-Q4,
Q,MIO_EUR,SCA,S13,P2,PT,2021-Q1,
Q,MIO_EUR,SCA,S13,P2,PT,2021-Q2,
Q,MIO_EUR,SCA,S13,P2,PT,2021-Q3,
Q,MIO_EUR,SCA,S13,P2,PT,2021-Q4,
Q,MIO_EUR,SCA,S13,P2,PT,2022-Q1,
Q,MIO_EUR,SCA,S13,P2,PT,2022-Q2,
Q,MIO_EUR,SCA,S13,P2,PT,2022-Q3,
Q,MIO_EUR,SCA,S13,P2,PT,2022-Q4,
Q,MIO_EUR,SCA,S13,P2,PT,2023-Q1,
Q,MIO_EUR,SCA,S13,P2,PT,2023-Q2,
Q,MIO_EUR,SCA,S13,P2,PT,2023-Q3,
Q,MIO_EUR,SCA,S13,P2,PT,2023-Q4,
Q,MIO_EUR,SCA,S13,P2,PT,2024-Q1,
Q,MIO_EUR,SCA,S13,P2,PT,2024-Q2,
Q,MIO_EUR,SCA,S13,P2,PT,2024-Q3,
Q,MIO_EUR,SCA,S13,P2,PT,2024-Q4,
Q,MIO_EUR,SCA,S13,P2,PT,2025-Q1,
Q,MIO_EUR,SCA,S13,P2,PT,2025-Q2,
Q,MIO_EUR,SCA,S13,P2,PT,2025-Q3,
Q,MIO_EUR,SCA,S13,P2,PT,2025-Q4,
Q,MIO_EUR,SCA,S13,P2,PT,2026-Q1,
Q,MIO_EUR,SCA,S13,P2,RO,1995-Q1,
Q,MIO_EUR,SCA,S13,P2,RO,1995-Q2,
Q,MIO_EUR,SCA,S13,P2,RO,1995-Q3,
Q,MIO_EUR,SCA,S13,P2,RO,1995-Q4,
Q,MIO_EUR,SCA,S13,P2,RO,1996-Q1,
Q,MIO_EUR,SCA,S13,P2,RO,1996-Q2,
Q,MIO_EUR,SCA,S13,P2,RO,1996-Q3,
Q,MIO_EUR,SCA,S13,P2,RO,1996-Q4,
Q,MIO_EUR,SCA,S13,P2,RO,1997-Q1,
Q,MIO_EUR,SCA,S13,P2,RO,1997-Q2,
Q,MIO_EUR,SCA,S13,P2,RO,1997-Q3,
Q,MIO_EUR,SCA,S13,P2,RO,1997-Q4,
Q,MIO_EUR,SCA,S13,P2,RO,1998-Q1,
Q,MIO_EUR,SCA,S13,P2,RO,1998-Q2,
Q,MIO_EUR,SCA,S13,P2,RO,1998-Q3,
Q,MIO_EUR,SCA,S13,P2,RO,1998-Q4,
Q,MIO_EUR,SCA,S13,P2,RO,1999-Q1,
Q,MIO_EUR,SCA,S13,P2,RO,1999-Q2,
Q,MIO_EUR,SCA,S13,P2,RO,1999-Q3,
Q,MIO_EUR,SCA,S13,P2,RO,1999-Q4,
Q,MIO_EUR,SCA,S13,P2,RO,2000-Q1,
Q,MIO_EUR,SCA,S13,P2,RO,2000-Q2,
Q,MIO_EUR,SCA,S13,P2,RO,2000-Q3,
Q,MIO_EUR,SCA,S13,P2,RO,2000-Q4,
Q,MIO_EUR,SCA,S13,P2,RO,2001-Q1,
Q,MIO_EUR,SCA,S13,P2,RO,2001-Q2,
Q,MIO_EUR,SCA,S13,P2,RO,2001-Q3,
Q,MIO_EUR,SCA,S13,P2,RO,2001-Q4,
Q,MIO_EUR,SCA,S13,P2,RO,2002-Q1,
Q,MIO_EUR,SCA,S13,P2,RO,2002-Q2,
Q,MIO_EUR,SCA,S13,P2,RO,2002-Q3,
Q,MIO_EUR,SCA,S13,P2,RO,2002-Q4,
Q,MIO_EUR,SCA,S13,P2,RO,2003-Q1,
Q,MIO_EUR,SCA,S13,P2,RO,2003-Q2,
Q,MIO_EUR,SCA,S13,P2,RO,2003-Q3,
Q,MIO_EUR,SCA,S13,P2,RO,2003-Q4,
Q,MIO_EUR,SCA,S13,P2,RO,2004-Q1,
Q,MIO_EUR,SCA,S13,P2,RO,2004-Q2,
Q,MIO_EUR,SCA,S13,P2,RO,2004-Q3,
Q,MIO_EUR,SCA,S13,P2,RO,2004-Q4,
Q,MIO_EUR,SCA,S13,P2,RO,2005-Q1,
Q,MIO_EUR,SCA,S13,P2,RO,2005-Q2,
Q,MIO_EUR,SCA,S13,P2,RO,2005-Q3,
Q,MIO_EUR,SCA,S13,P2,RO,2005-Q4,
Q,MIO_EUR,SCA,S13,P2,RO,2006-Q1,
Q,MIO_EUR,SCA,S13,P2,RO,2006-Q2,
Q,MIO_EUR,SCA,S13,P2,RO,2006-Q3,
Q,MIO_EUR,SCA,S13,P2,RO,2006-Q4,
Q,MIO_EUR,SCA,S13,P2,RO,2007-Q1,
Q,MIO_EUR,SCA,S13,P2,RO,2007-Q2,
Q,MIO_EUR,SCA,S13,P2,RO,2007-Q3,
Q,MIO_EUR,SCA,S13,P2,RO,2007-Q4,
Q,MIO_EUR,SCA,S13,P2,RO,2008-Q1,
Q,MIO_EUR,SCA,S13,P2,RO,2008-Q2,
Q,MIO_EUR,SCA,S13,P2,RO,2008-Q3,
Q,MIO_EUR,SCA,S13,P2,RO,2008-Q4,
Q,MIO_EUR,SCA,S13,P2,RO,2009-Q1,
Q,MIO_EUR,SCA,S13,P2,RO,2009-Q2,
Q,MIO_EUR,SCA,S13,P2,RO,2009-Q3,
Q,MIO_EUR,SCA,S13,P2,RO,2009-Q4,
Q,MIO_EUR,SCA,S13,P2,RO,2010-Q1,
Q,MIO_EUR,SCA,S13,P2,RO,2010-Q2,
Q,MIO_EUR,SCA,S13,P2,RO,2010-Q3,
Q,MIO_EUR,SCA,S13,P2,RO,2010-Q4,
Q,MIO_EUR,SCA,S13,P2,RO,2011-Q1,
Q,MIO_EUR,SCA,S13,P2,RO,2011-Q2,
Q,MIO_EUR,SCA,S13,P2,RO,2011-Q3,
Q,MIO_EUR,SCA,S13,P2,RO,2011-Q4,
Q,MIO_EUR,SCA,S13,P2,RO,2012-Q1,
Q,MIO_EUR,SCA,S13,P2,RO,2012-Q2,
Q,MIO_EUR,SCA,S13,P2,RO,2012-Q3,
Q,MIO_EUR,SCA,S13,P2,RO,2012-Q4,
Q,MIO_EUR,SCA,S13,P2,RO,2013-Q1,
Q,MIO_EUR,SCA,S13,P2,RO,2013-Q2,
Q,MIO_EUR,SCA,S13,P2,RO,2013-Q3,
Q,MIO_EUR,SCA,S13,P2,RO,2013-Q4,
Q,MIO_EUR,SCA,S13,P2,RO,2014-Q1,
Q,MIO_EUR,SCA,S13,P2,RO,2014-Q2,
Q,MIO_EUR,SCA,S13,P2,RO,2014-Q3,
Q,MIO_EUR,SCA,S13,P2,RO,2014-Q4,
Q,MIO_EUR,SCA,S13,P2,RO,2015-Q1,
Q,MIO_EUR,SCA,S13,P2,RO,2015-Q2,
Q,MIO_EUR,SCA,S13,P2,RO,2015-Q3,
Q,MIO_EUR,SCA,S13,P2,RO,2015-Q4,
Q,MIO_EUR,SCA,S13,P2,RO,2016-Q1,
Q,MIO_EUR,SCA,S13,P2,RO,2016-Q2,
Q,MIO_EUR,SCA,S13,P2,RO,2016-Q3,
Q,MIO_EUR,SCA,S13,P2,RO,2016-Q4,
Q,MIO_EUR,SCA,S13,P2,RO,2017-Q1,
Q,MIO_EUR,SCA,S13,P2,RO,2017-Q2,
Q,MIO_EUR,SCA,S13,P2,RO,2017-Q3,
Q,MIO_EUR,SCA,S13,P2,RO,2017-Q4,
Q,MIO_EUR,SCA,S13,P2,RO,2018-Q1,
Q,MIO_EUR,SCA,S13,P2,RO,2018-Q2,
Q,MIO_EUR,SCA,S13,P2,RO,2018-Q3,
Q,MIO_EUR,SCA,S13,P2,RO,2018-Q4,
Q,MIO_EUR,SCA,S13,P2,RO,2019-Q1,
Q,MIO_EUR,SCA,S13,P2,RO,2019-Q2,
Q,MIO_EUR,SCA,S13,P2,RO,2019-Q3,
Q,MIO_EUR,SCA,S13,P2,RO,2019-Q4,
Q,MIO_EUR,SCA,S13,P2,RO,2020-Q1,
Q,MIO_EUR,SCA,S13,P2,RO,2020-Q2,
Q,MIO_EUR,SCA,S13,P2,RO,2020-Q3,
Q,MIO_EUR,SCA,S13,P2,RO,2020-Q4,
Q,MIO_EUR,SCA,S13,P2,RO,2021-Q1,
Q,MIO_EUR,SCA,S13,P2,RO,2021-Q2,
Q,MIO_EUR,SCA,S13,P2,RO,2021-Q3,
Q,MIO_EUR,SCA,S13,P2,RO,2021-Q4,
Q,MIO_EUR,SCA,S13,P2,RO,2022-Q1,
Q,MIO_EUR,SCA,S13,P2,RO,2022-Q2,
Q,MIO_EUR,SCA,S13,P2,RO,2022-Q3,
Q,MIO_EUR,SCA,S13,P2,RO,2022-Q4,
Q,MIO_EUR,SCA,S13,P2,RO,2023-Q1,
Q,MIO_EUR,SCA,S13,P2,RO,2023-Q2,
Q,MIO_EUR,SCA,S13,P2,RO,2023-Q3,
Q,MIO_EUR,SCA,S13,P2,RO,2023-Q4,
Q,MIO_EUR,SCA,S13,P2,RO,2024-Q1,
Q,MIO_EUR,SCA,S13,P2,RO,2024-Q2,
Q,MIO_EUR,SCA,S13,P2,RO,2024-Q3,
Q,MIO_EUR,SCA,S13,P2,RO,2024-Q4,
Q,MIO_EUR,SCA,S13,P2,RO,2025-Q1,
Q,MIO_EUR,SCA,S13,P2,RO,2025-Q2,
Q,MIO_EUR,SCA,S13,P2,RO,2025-Q3,
Q,MIO_EUR,SCA,S13,P2,RO,2025-Q4,
Q,MIO_EUR,SCA,S13,P2,RO,2026-Q1,
Q,MIO_EUR,SCA,S13,P2,SI,1995-Q1,
Q,MIO_EUR,SCA,S13,P2,SI,1995-Q2,
Q,MIO_EUR,SCA,S13,P2,SI,1995-Q3,
Q,MIO_EUR,SCA,S13,P2,SI,1995-Q4,
Q,MIO_EUR,SCA,S13,P2,SI,1996-Q1,
Q,MIO_EUR,SCA,S13,P2,SI,1996-Q2,
Q,MIO_EUR,SCA,S13,P2,SI,1996-Q3,
Q,MIO_EUR,SCA,S13,P2,SI,1996-Q4,
Q,MIO_EUR,SCA,S13,P2,SI,1997-Q1,
Q,MIO_EUR,SCA,S13,P2,SI,1997-Q2,
Q,MIO_EUR,SCA,S13,P2,SI,1997-Q3,
Q,MIO_EUR,SCA,S13,P2,SI,1997-Q4,
Q,MIO_EUR,SCA,S13,P2,SI,1998-Q1,
Q,MIO_EUR,SCA,S13,P2,SI,1998-Q2,
Q,MIO_EUR,SCA,S13,P2,SI,1998-Q3,
Q,MIO_EUR,SCA,S13,P2,SI,1998-Q4,
Q,MIO_EUR,SCA,S13,P2,SI,1999-Q1,
Q,MIO_EUR,SCA,S13,P2,SI,1999-Q2,
Q,MIO_EUR,SCA,S13,P2,SI,1999-Q3,
Q,MIO_EUR,SCA,S13,P2,SI,1999-Q4,
Q,MIO_EUR,SCA,S13,P2,SI,2000-Q1,
Q,MIO_EUR,SCA,S13,P2,SI,2000-Q2,
Q,MIO_EUR,SCA,S13,P2,SI,2000-Q3,
Q,MIO_EUR,SCA,S13,P2,SI,2000-Q4,
Q,MIO_EUR,SCA,S13,P2,SI,2001-Q1,
Q,MIO_EUR,SCA,S13,P2,SI,2001-Q2,
Q,MIO_EUR,SCA,S13,P2,SI,2001-Q3,
Q,MIO_EUR,SCA,S13,P2,SI,2001-Q4,
Q,MIO_EUR,SCA,S13,P2,SI,2002-Q1,
Q,MIO_EUR,SCA,S13,P2,SI,2002-Q2,
Q,MIO_EUR,SCA,S13,P2,SI,2002-Q3,
Q,MIO_EUR,SCA,S13,P2,SI,2002-Q4,
Q,MIO_EUR,SCA,S13,P2,SI,2003-Q1,
Q,MIO_EUR,SCA,S13,P2,SI,2003-Q2,
Q,MIO_EUR,SCA,S13,P2,SI,2003-Q3,
Q,MIO_EUR,SCA,S13,P2,SI,2003-Q4,
Q,MIO_EUR,SCA,S13,P2,SI,2004-Q1,
Q,MIO_EUR,SCA,S13,P2,SI,2004-Q2,
Q,MIO_EUR,SCA,S13,P2,SI,2004-Q3,
Q,MIO_EUR,SCA,S13,P2,SI,2004-Q4,
Q,MIO_EUR,SCA,S13,P2,SI,2005-Q1,
Q,MIO_EUR,SCA,S13,P2,SI,2005-Q2,
Q,MIO_EUR,SCA,S13,P2,SI,2005-Q3,
Q,MIO_EUR,SCA,S13,P2,SI,2005-Q4,
Q,MIO_EUR,SCA,S13,P2,SI,2006-Q1,
Q,MIO_EUR,SCA,S13,P2,SI,2006-Q2,
Q,MIO_EUR,SCA,S13,P2,SI,2006-Q3,
Q,MIO_EUR,SCA,S13,P2,SI,2006-Q4,
Q,MIO_EUR,SCA,S13,P2,SI,2007-Q1,
Q,MIO_EUR,SCA,S13,P2,SI,2007-Q2,
Q,MIO_EUR,SCA,S13,P2,SI,2007-Q3,
Q,MIO_EUR,SCA,S13,P2,SI,2007-Q4,
Q,MIO_EUR,SCA,S13,P2,SI,2008-Q1,
Q,MIO_EUR,SCA,S13,P2,SI,2008-Q2,
Q,MIO_EUR,SCA,S13,P2,SI,2008-Q3,
Q,MIO_EUR,SCA,S13,P2,SI,2008-Q4,
Q,MIO_EUR,SCA,S13,P2,SI,2009-Q1,
Q,MIO_EUR,SCA,S13,P2,SI,2009-Q2,
Q,MIO_EUR,SCA,S13,P2,SI,2009-Q3,
Q,MIO_EUR,SCA,S13,P2,SI,2009-Q4,
Q,MIO_EUR,SCA,S13,P2,SI,2010-Q1,
Q,MIO_EUR,SCA,S13,P2,SI,2010-Q2,
Q,MIO_EUR,SCA,S13,P2,SI,2010-Q3,
Q,MIO_EUR,SCA,S13,P2,SI,2010-Q4,
Q,MIO_EUR,SCA,S13,P2,SI,2011-Q1,
Q,MIO_EUR,SCA,S13,P2,SI,2011-Q2,
Q,MIO_EUR,SCA,S13,P2,SI,2011-Q3,
Q,MIO_EUR,SCA,S13,P2,SI,2011-Q4,
Q,MIO_EUR,SCA,S13,P2,SI,2012-Q1,
Q,MIO_EUR,SCA,S13,P2,SI,2012-Q2,
Q,MIO_EUR,SCA,S13,P2,SI,2012-Q3,
Q,MIO_EUR,SCA,S13,P2,SI,2012-Q4,
Q,MIO_EUR,SCA,S13,P2,SI,2013-Q1,
Q,MIO_EUR,SCA,S13,P2,SI,2013-Q2,
Q,MIO_EUR,SCA,S13,P2,SI,2013-Q3,
Q,MIO_EUR,SCA,S13,P2,SI,2013-Q4,
Q,MIO_EUR,SCA,S13,P2,SI,2014-Q1,
Q,MIO_EUR,SCA,S13,P2,SI,2014-Q2,
Q,MIO_EUR,SCA,S13,P2,SI,2014-Q3,
Q,MIO_EUR,SCA,S13,P2,SI,2014-Q4,
Q,MIO_EUR,SCA,S13,P2,SI,2015-Q1,
Q,MIO_EUR,SCA,S13,P2,SI,2015-Q2,
Q,MIO_EUR,SCA,S13,P2,SI,2015-Q3,
Q,MIO_EUR,SCA,S13,P2,SI,2015-Q4,
Q,MIO_EUR,SCA,S13,P2,SI,2016-Q1,
Q,MIO_EUR,SCA,S13,P2,SI,2016-Q2,
Q,MIO_EUR,SCA,S13,P2,SI,2016-Q3,
Q,MIO_EUR,SCA,S13,P2,SI,2016-Q4,
Q,MIO_EUR,SCA,S13,P2,SI,2017-Q1,
Q,MIO_EUR,SCA,S13,P2,SI,2017-Q2,
Q,MIO_EUR,SCA,S13,P2,SI,2017-Q3,
Q,MIO_EUR,SCA,S13,P2,SI,2017-Q4,
Q,MIO_EUR,SCA,S13,P2,SI,2018-Q1,
Q,MIO_EUR,SCA,S13,P2,SI,2018-Q2,
Q,MIO_EUR,SCA,S13,P2,SI,2018-Q3,
Q,MIO_EUR,SCA,S13,P2,SI,2018-Q4,
Q,MIO_EUR,SCA,S13,P2,SI,2019-Q1,
Q,MIO_EUR,SCA,S13,P2,SI,2019-Q2,
Q,MIO_EUR,SCA,S13,P2,SI,2019-Q3,
Q,MIO_EUR,SCA,S13,P2,SI,2019-Q4,
Q,MIO_EUR,SCA,S13,P2,SI,2020-Q1,
Q,MIO_EUR,SCA,S13,P2,SI,2020-Q2,
Q,MIO_EUR,SCA,S13,P2,SI,2020-Q3,
Q,MIO_EUR,SCA,S13,P2,SI,2020-Q4,
Q,MIO_EUR,SCA,S13,P2,SI,2021-Q1,
Q,MIO_EUR,SCA,S13,P2,SI,2021-Q2,
Q,MIO_EUR,SCA,S13,P2,SI,2021-Q3,
Q,MIO_EUR,SCA,S13,P2,SI,2021-Q4,
Q,MIO_EUR,SCA,S13,P2,SI,2022-Q1,
Q,MIO_EUR,SCA,S13,P2,SI,2022-Q2,
Q,MIO_EUR,SCA,S13,P2,SI,2022-Q3,
Q,MIO_EUR,SCA,S13,P2,SI,2022-Q4,
Q,MIO_EUR,SCA,S13,P2,SI,2023-Q1,
Q,MIO_EUR,SCA,S13,P2,SI,2023-Q2,
Q,MIO_EUR,SCA,S13,P2,SI,2023-Q3,
Q,MIO_EUR,SCA,S13,P2,SI,2023-Q4,
Q,MIO_EUR,SCA,S13,P2,SI,2024-Q1,
Q,MIO_EUR,SCA,S13,P2,SI,2024-Q2,
Q,MIO_EUR,SCA,S13,P2,SI,2024-Q3,
Q,MIO_EUR,SCA,S13,P2,SI,2024-Q4,
Q,MIO_EUR,SCA,S13,P2,SI,2025-Q1,
Q,MIO_EUR,SCA,S13,P2,SI,2025-Q2,
Q,MIO_EUR,SCA,S13,P2,SI,2025-Q3,
Q,MIO_EUR,SCA,S13,P2,SI,2025-Q4,
Q,MIO_EUR,SCA,S13,P2,SI,2026-Q1,
Q,MIO_EUR,SCA,S13,P2,SK,1995-Q1,
Q,MIO_EUR,SCA,S13,P2,SK,1995-Q2,
Q,MIO_EUR,SCA,S13,P2,SK,1995-Q3,
Q,MIO_EUR,SCA,S13,P2,SK,1995-Q4,
Q,MIO_EUR,SCA,S13,P2,SK,1996-Q1,
Q,MIO_EUR,SCA,S13,P2,SK,1996-Q2,
Q,MIO_EUR,SCA,S13,P2,SK,1996-Q3,
Q,MIO_EUR,SCA,S13,P2,SK,1996-Q4,
Q,MIO_EUR,SCA,S13,P2,SK,1997-Q1,
Q,MIO_EUR,SCA,S13,P2,SK,1997-Q2,
Q,MIO_EUR,SCA,S13,P2,SK,1997-Q3,
Q,MIO_EUR,SCA,S13,P2,SK,1997-Q4,
Q,MIO_EUR,SCA,S13,P2,SK,1998-Q1,
Q,MIO_EUR,SCA,S13,P2,SK,1998-Q2,
Q,MIO_EUR,SCA,S13,P2,SK,1998-Q3,
Q,MIO_EUR,SCA,S13,P2,SK,1998-Q4,
Q,MIO_EUR,SCA,S13,P2,SK,1999-Q1,
Q,MIO_EUR,SCA,S13,P2,SK,1999-Q2,
Q,MIO_EUR,SCA,S13,P2,SK,1999-Q3,
Q,MIO_EUR,SCA,S13,P2,SK,1999-Q4,
Q,MIO_EUR,SCA,S13,P2,SK,2000-Q1,
Q,MIO_EUR,SCA,S13,P2,SK,2000-Q2,
Q,MIO_EUR,SCA,S13,P2,SK,2000-Q3,
Q,MIO_EUR,SCA,S13,P2,SK,2000-Q4,
Q,MIO_EUR,SCA,S13,P2,SK,2001-Q1,
Q,MIO_EUR,SCA,S13,P2,SK,2001-Q2,
Q,MIO_EUR,SCA,S13,P2,SK,2001-Q3,
Q,MIO_EUR,SCA,S13,P2,SK,2001-Q4,
Q,MIO_EUR,SCA,S13,P2,SK,2002-Q1,
Q,MIO_EUR,SCA,S13,P2,SK,2002-Q2,
Q,MIO_EUR,SCA,S13,P2,SK,2002-Q3,
Q,MIO_EUR,SCA,S13,P2,SK,2002-Q4,
Q,MIO_EUR,SCA,S13,P2,SK,2003-Q1,
Q,MIO_EUR,SCA,S13,P2,SK,2003-Q2,
Q,MIO_EUR,SCA,S13,P2,SK,2003-Q3,
Q,MIO_EUR,SCA,S13,P2,SK,2003-Q4,
Q,MIO_EUR,SCA,S13,P2,SK,2004-Q1,
Q,MIO_EUR,SCA,S13,P2,SK,2004-Q2,
Q,MIO_EUR,SCA,S13,P2,SK,2004-Q3,
Q,MIO_EUR,SCA,S13,P2,SK,2004-Q4,
Q,MIO_EUR,SCA,S13,P2,SK,2005-Q1,
Q,MIO_EUR,SCA,S13,P2,SK,2005-Q2,
Q,MIO_EUR,SCA,S13,P2,SK,2005-Q3,
Q,MIO_EUR,SCA,S13,P2,SK,2005-Q4,
Q,MIO_EUR,SCA,S13,P2,SK,2006-Q1,
Q,MIO_EUR,SCA,S13,P2,SK,2006-Q2,
Q,MIO_EUR,SCA,S13,P2,SK,2006-Q3,
Q,MIO_EUR,SCA,S13,P2,SK,2006-Q4,
Q,MIO_EUR,SCA,S13,P2,SK,2007-Q1,
Q,MIO_EUR,SCA,S13,P2,SK,2007-Q2,
Q,MIO_EUR,SCA,S13,P2,SK,2007-Q3,
Q,MIO_EUR,SCA,S13,P2,SK,2007-Q4,
Q,MIO_EUR,SCA,S13,P2,SK,2008-Q1,
Q,MIO_EUR,SCA,S13,P2,SK,2008-Q2,
Q,MIO_EUR,SCA,S13,P2,SK,2008-Q3,
Q,MIO_EUR,SCA,S13,P2,SK,2008-Q4,
Q,MIO_EUR,SCA,S13,P2,SK,2009-Q1,
Q,MIO_EUR,SCA,S13,P2,SK,2009-Q2,
Q,MIO_EUR,SCA,S13,P2,SK,2009-Q3,
Q,MIO_EUR,SCA,S13,P2,SK,2009-Q4,
Q,MIO_EUR,SCA,S13,P2,SK,2010-Q1,
Q,MIO_EUR,SCA,S13,P2,SK,2010-Q2,
Q,MIO_EUR,SCA,S13,P2,SK,2010-Q3,
Q,MIO_EUR,SCA,S13,P2,SK,2010-Q4,
Q,MIO_EUR,SCA,S13,P2,SK,2011-Q1,
Q,MIO_EUR,SCA,S13,P2,SK,2011-Q2,
Q,MIO_EUR,SCA,S13,P2,SK,2011-Q3,
Q,MIO_EUR,SCA,S13,P2,SK,2011-Q4,
Q,MIO_EUR,SCA,S13,P2,SK,2012-Q1,
Q,MIO_EUR,SCA,S13,P2,SK,2012-Q2,
Q,MIO_EUR,SCA,S13,P2,SK,2012-Q3,
Q,MIO_EUR,SCA,S13,P2,SK,2012-Q4,
Q,MIO_EUR,SCA,S13,P2,SK,2013-Q1,
Q,MIO_EUR,SCA,S13,P2,SK,2013-Q2,
Q,MIO_EUR,SCA,S13,P2,SK,2013-Q3,
Q,MIO_EUR,SCA,S13,P2,SK,2013-Q4,
Q,MIO_EUR,SCA,S13,P2,SK,2014-Q1,
Q,MIO_EUR,SCA,S13,P2,SK,2014-Q2,
Q,MIO_EUR,SCA,S13,P2,SK,2014-Q3,
Q,MIO_EUR,SCA,S13,P2,SK,2014-Q4,
Q,MIO_EUR,SCA,S13,P2,SK,2015-Q1,
Q,MIO_EUR,SCA,S13,P2,SK,2015-Q2,
Q,MIO_EUR,SCA,S13,P2,SK,2015-Q3,
Q,MIO_EUR,SCA,S13,P2,SK,2015-Q4,
Q,MIO_EUR,SCA,S13,P2,SK,2016-Q1,
Q,MIO_EUR,SCA,S13,P2,SK,2016-Q2,
Q,MIO_EUR,SCA,S13,P2,SK,2016-Q3,
Q,MIO_EUR,SCA,S13,P2,SK,2016-Q4,
Q,MIO_EUR,SCA,S13,P2,SK,2017-Q1,
Q,MIO_EUR,SCA,S13,P2,SK,2017-Q2,
Q,MIO_EUR,SCA,S13,P2,SK,2017-Q3,
Q,MIO_EUR,SCA,S13,P2,SK,2017-Q4,
Q,MIO_EUR,SCA,S13,P2,SK,2018-Q1,
Q,MIO_EUR,SCA,S13,P2,SK,2018-Q2,
Q,MIO_EUR,SCA,S13,P2,SK,2018-Q3,
Q,MIO_EUR,SCA,S13,P2,SK,2018-Q4,
Q,MIO_EUR,SCA,S13,P2,SK,2019-Q1,
Q,MIO_EUR,SCA,S13,P2,SK,2019-Q2,
Q,MIO_EUR,SCA,S13,P2,SK,2019-Q3,
Q,MIO_EUR,SCA,S13,P2,SK,2019-Q4,
Q,MIO_EUR,SCA,S13,P2,SK,2020-Q1,
Q,MIO_EUR,SCA,S13,P2,SK,2020-Q2,
Q,MIO_EUR,SCA,S13,P2,SK,2020-Q3,
Q,MIO_EUR,SCA,S13,P2,SK,2020-Q4,
Q,MIO_EUR,SCA,S13,P2,SK,2021-Q1,
Q,MIO_EUR,SCA,S13,P2,SK,2021-Q2,
Q,MIO_EUR,SCA,S13,P2,SK,2021-Q3,
Q,MIO_EUR,SCA,S13,P2,SK,2021-Q4,
Q,MIO_EUR,SCA,S13,P2,SK,2022-Q1,
Q,MIO_EUR,SCA,S13,P2,SK,2022-Q2,
Q,MIO_EUR,SCA,S13,P2,SK,2022-Q3,
Q,MIO_EUR,SCA,S13,P2,SK,2022-Q4,
Q,MIO_EUR,SCA,S13,P2,SK,2023-Q1,
Q,MIO_EUR,SCA,S13,P2,SK,2023-Q2,
Q,MIO_EUR,SCA,S13,P2,SK,2023-Q3,
Q,MIO_EUR,SCA,S13,P2,SK,2023-Q4,
Q,MIO_EUR,SCA,S13,P2,SK,2024-Q1,
Q,MIO_EUR,SCA,S13,P2,SK,2024-Q2,
Q,MIO_EUR,SCA,S13,P2,SK,2024-Q3,
Q,MIO_EUR,SCA,S13,P2,SK,2024-Q4,
Q,MIO_EUR,SCA,S13,P2,SK,2025-Q1,
Q,MIO_EUR,SCA,S13,P2,SK,2025-Q2,
Q,MIO_EUR,SCA,S13,P2,SK,2025-Q3,
Q,MIO_EUR,SCA,S13,P2,SK,2025-Q4,
Q,MIO_EUR,SCA,S13,P2,SK,2026-Q1,
Q,MIO_EUR,SCA,S13,P2,FI,1995-Q1,
Q,MIO_EUR,SCA,S13,P2,FI,1995-Q2,
Q,MIO_EUR,SCA,S13,P2,FI,1995-Q3,
Q,MIO_EUR,SCA,S13,P2,FI,1995-Q4,
Q,MIO_EUR,SCA,S13,P2,FI,1996-Q1,
Q,MIO_EUR,SCA,S13,P2,FI,1996-Q2,
Q,MIO_EUR,SCA,S13,P2,FI,1996-Q3,
Q,MIO_EUR,SCA,S13,P2,FI,1996-Q4,
Q,MIO_EUR,SCA,S13,P2,FI,1997-Q1,
Q,MIO_EUR,SCA,S13,P2,FI,1997-Q2,
Q,MIO_EUR,SCA,S13,P2,FI,1997-Q3,
Q,MIO_EUR,SCA,S13,P2,FI,1997-Q4,
Q,MIO_EUR,SCA,S13,P2,FI,1998-Q1,
Q,MIO_EUR,SCA,S13,P2,FI,1998-Q2,
Q,MIO_EUR,SCA,S13,P2,FI,1998-Q3,
Q,MIO_EUR,SCA,S13,P2,FI,1998-Q4,
Q,MIO_EUR,SCA,S13,P2,FI,1999-Q1,2378
Q,MIO_EUR,SCA,S13,P2,FI,1999-Q2,2368
Q,MIO_EUR,SCA,S13,P2,FI,1999-Q3,2421
Q,MIO_EUR,SCA,S13,P2,FI,1999-Q4,2468
Q,MIO_EUR,SCA,S13,P2,FI,2000-Q1,2466
Q,MIO_EUR,SCA,S13,P2,FI,2000-Q2,2492
Q,MIO_EUR,SCA,S13,P2,FI,2000-Q3,2578
Q,MIO_EUR,SCA,S13,P2,FI,2000-Q4,2663
Q,MIO_EUR,SCA,S13,P2,FI,2001-Q1,2691
Q,MIO_EUR,SCA,S13,P2,FI,2001-Q2,2725
Q,MIO_EUR,SCA,S13,P2,FI,2001-Q3,2804
Q,MIO_EUR,SCA,S13,P2,FI,2001-Q4,2854
Q,MIO_EUR,SCA,S13,P2,FI,2002-Q1,3040
Q,MIO_EUR,SCA,S13,P2,FI,2002-Q2,3033
Q,MIO_EUR,SCA,S13,P2,FI,2002-Q3,3012
Q,MIO_EUR,SCA,S13,P2,FI,2002-Q4,3052
Q,MIO_EUR,SCA,S13,P2,FI,2003-Q1,3110
Q,MIO_EUR,SCA,S13,P2,FI,2003-Q2,3121
Q,MIO_EUR,SCA,S13,P2,FI,2003-Q3,3283
Q,MIO_EUR,SCA,S13,P2,FI,2003-Q4,3303
Q,MIO_EUR,SCA,S13,P2,FI,2004-Q1,3338
Q,MIO_EUR,SCA,S13,P2,FI,2004-Q2,3372
Q,MIO_EUR,SCA,S13,P2,FI,2004-Q3,3418
Q,MIO_EUR,SCA,S13,P2,FI,2004-Q4,3373
Q,MIO_EUR,SCA,S13,P2,FI,2005-Q1,3382
Q,MIO_EUR,SCA,S13,P2,FI,2005-Q2,3531
Q,MIO_EUR,SCA,S13,P2,FI,2005-Q3,3588
Q,MIO_EUR,SCA,S13,P2,FI,2005-Q4,3726
Q,MIO_EUR,SCA,S13,P2,FI,2006-Q1,3653
Q,MIO_EUR,SCA,S13,P2,FI,2006-Q2,3768
Q,MIO_EUR,SCA,S13,P2,FI,2006-Q3,3770
Q,MIO_EUR,SCA,S13,P2,FI,2006-Q4,3895
Q,MIO_EUR,SCA,S13,P2,FI,2007-Q1,4063
Q,MIO_EUR,SCA,S13,P2,FI,2007-Q2,3982
Q,MIO_EUR,SCA,S13,P2,FI,2007-Q3,4071
Q,MIO_EUR,SCA,S13,P2,FI,2007-Q4,4165
Q,MIO_EUR,SCA,S13,P2,FI,2008-Q1,4289
Q,MIO_EUR,SCA,S13,P2,FI,2008-Q2,4404
Q,MIO_EUR,SCA,S13,P2,FI,2008-Q3,4452
Q,MIO_EUR,SCA,S13,P2,FI,2008-Q4,4633
Q,MIO_EUR,SCA,S13,P2,FI,2009-Q1,4532
Q,MIO_EUR,SCA,S13,P2,FI,2009-Q2,4755
Q,MIO_EUR,SCA,S13,P2,FI,2009-Q3,4701
Q,MIO_EUR,SCA,S13,P2,FI,2009-Q4,4787
Q,MIO_EUR,SCA,S13,P2,FI,2010-Q1,4872
Q,MIO_EUR,SCA,S13,P2,FI,2010-Q2,4828
Q,MIO_EUR,SCA,S13,P2,FI,2010-Q3,4925
Q,MIO_EUR,SCA,S13,P2,FI,2010-Q4,4890
Q,MIO_EUR,SCA,S13,P2,FI,2011-Q1,5097
Q,MIO_EUR,SCA,S13,P2,FI,2011-Q2,5043
Q,MIO_EUR,SCA,S13,P2,FI,2011-Q3,4998
Q,MIO_EUR,SCA,S13,P2,FI,2011-Q4,5192
Q,MIO_EUR,SCA,S13,P2,FI,2012-Q1,5252
Q,MIO_EUR,SCA,S13,P2,FI,2012-Q2,5308
Q,MIO_EUR,SCA,S13,P2,FI,2012-Q3,5411
Q,MIO_EUR,SCA,S13,P2,FI,2012-Q4,5400
Q,MIO_EUR,SCA,S13,P2,FI,2013-Q1,5465
Q,MIO_EUR,SCA,S13,P2,FI,2013-Q2,5653
Q,MIO_EUR,SCA,S13,P2,FI,2013-Q3,5666
Q,MIO_EUR,SCA,S13,P2,FI,2013-Q4,5581
Q,MIO_EUR,SCA,S13,P2,FI,2014-Q1,5611
Q,MIO_EUR,SCA,S13,P2,FI,2014-Q2,5626
Q,MIO_EUR,SCA,S13,P2,FI,2014-Q3,5703
Q,MIO_EUR,SCA,S13,P2,FI,2014-Q4,5626
Q,MIO_EUR,SCA,S13,P2,FI,2015-Q1,5148
Q,MIO_EUR,SCA,S13,P2,FI,2015-Q2,5226
Q,MIO_EUR,SCA,S13,P2,FI,2015-Q3,5212
Q,MIO_EUR,SCA,S13,P2,FI,2015-Q4,5236
Q,MIO_EUR,SCA,S13,P2,FI,2016-Q1,5303
Q,MIO_EUR,SCA,S13,P2,FI,2016-Q2,5355
Q,MIO_EUR,SCA,S13,P2,FI,2016-Q3,5146
Q,MIO_EUR,SCA,S13,P2,FI,2016-Q4,5365
Q,MIO_EUR,SCA,S13,P2,FI,2017-Q1,5266
Q,MIO_EUR,SCA,S13,P2,FI,2017-Q2,5376
Q,MIO_EUR,SCA,S13,P2,FI,2017-Q3,5470
Q,MIO_EUR,SCA,S13,P2,FI,2017-Q4,5458
Q,MIO_EUR,SCA,S13,P2,FI,2018-Q1,5591
Q,MIO_EUR,SCA,S13,P2,FI,2018-Q2,5613
Q,MIO_EUR,SCA,S13,P2,FI,2018-Q3,5690
Q,MIO_EUR,SCA,S13,P2,FI,2018-Q4,5572
Q,MIO_EUR,SCA,S13,P2,FI,2019-Q1,5858
Q,MIO_EUR,SCA,S13,P2,FI,2019-Q2,5837
Q,MIO_EUR,SCA,S13,P2,FI,2019-Q3,5954
Q,MIO_EUR,SCA,S13,P2,FI,2019-Q4,5733
Q,MIO_EUR,SCA,S13,P2,FI,2020-Q1,5920
Q,MIO_EUR,SCA,S13,P2,FI,2020-Q2,5785
Q,MIO_EUR,SCA,S13,P2,FI,2020-Q3,6039
Q,MIO_EUR,SCA,S13,P2,FI,2020-Q4,6397
Q,MIO_EUR,SCA,S13,P2,FI,2021-Q1,6284
Q,MIO_EUR,SCA,S13,P2,FI,2021-Q2,6474
Q,MIO_EUR,SCA,S13,P2,FI,2021-Q3,6563
Q,MIO_EUR,SCA,S13,P2,FI,2021-Q4,6771
Q,MIO_EUR,SCA,S13,P2,FI,2022-Q1,6723
Q,MIO_EUR,SCA,S13,P2,FI,2022-Q2,6733
Q,MIO_EUR,SCA,S13,P2,FI,2022-Q3,7044
Q,MIO_EUR,SCA,S13,P2,FI,2022-Q4,7297
Q,MIO_EUR,SCA,S13,P2,FI,2023-Q1,7784
Q,MIO_EUR,SCA,S13,P2,FI,2023-Q2,8002
Q,MIO_EUR,SCA,S13,P2,FI,2023-Q3,7862
Q,MIO_EUR,SCA,S13,P2,FI,2023-Q4,7823
Q,MIO_EUR,SCA,S13,P2,FI,2024-Q1,7911
Q,MIO_EUR,SCA,S13,P2,FI,2024-Q2,8139
Q,MIO_EUR,SCA,S13,P2,FI,2024-Q3,8098
Q,MIO_EUR,SCA,S13,P2,FI,2024-Q4,7953
Q,MIO_EUR,SCA,S13,P2,FI,2025-Q1,7953
Q,MIO_EUR,SCA,S13,P2,FI,2025-Q2,8091
Q,MIO_EUR,SCA,S13,P2,FI,2025-Q3,8123
Q,MIO_EUR,SCA,S13,P2,FI,2025-Q4,8044
Q,MIO_EUR,SCA,S13,P2,FI,2026-Q1,8027
Q,MIO_EUR,SCA,S13,P2,SE,1995-Q1,
Q,MIO_EUR,SCA,S13,P2,SE,1995-Q2,
Q,MIO_EUR,SCA,S13,P2,SE,1995-Q3,
Q,MIO_EUR,SCA,S13,P2,SE,1995-Q4,
Q,MIO_EUR,SCA,S13,P2,SE,1996-Q1,
Q,MIO_EUR,SCA,S13,P2,SE,1996-Q2,
Q,MIO_EUR,SCA,S13,P2,SE,1996-Q3,
Q,MIO_EUR,SCA,S13,P2,SE,1996-Q4,
Q,MIO_EUR,SCA,S13,P2,SE,1997-Q1,
Q,MIO_EUR,SCA,S13,P2,SE,1997-Q2,
Q,MIO_EUR,SCA,S13,P2,SE,1997-Q3,
Q,MIO_EUR,SCA,S13,P2,SE,1997-Q4,
Q,MIO_EUR,SCA,S13,P2,SE,1998-Q1,
Q,MIO_EUR,SCA,S13,P2,SE,1998-Q2,
Q,MIO_EUR,SCA,S13,P2,SE,1998-Q3,
Q,MIO_EUR,SCA,S13,P2,SE,1998-Q4,
Q,MIO_EUR,SCA,S13,P2,SE,1999-Q1,
Q,MIO_EUR,SCA,S13,P2,SE,1999-Q2,
Q,MIO_EUR,SCA,S13,P2,SE,1999-Q3,
Q,MIO_EUR,SCA,S13,P2,SE,1999-Q4,
Q,MIO_EUR,SCA,S13,P2,SE,2000-Q1,
Q,MIO_EUR,SCA,S13,P2,SE,2000-Q2,
Q,MIO_EUR,SCA,S13,P2,SE,2000-Q3,
Q,MIO_EUR,SCA,S13,P2,SE,2000-Q4,
Q,MIO_EUR,SCA,S13,P2,SE,2001-Q1,
Q,MIO_EUR,SCA,S13,P2,SE,2001-Q2,
Q,MIO_EUR,SCA,S13,P2,SE,2001-Q3,
Q,MIO_EUR,SCA,S13,P2,SE,2001-Q4,
Q,MIO_EUR,SCA,S13,P2,SE,2002-Q1,
Q,MIO_EUR,SCA,S13,P2,SE,2002-Q2,
Q,MIO_EUR,SCA,S13,P2,SE,2002-Q3,
Q,MIO_EUR,SCA,S13,P2,SE,2002-Q4,
Q,MIO_EUR,SCA,S13,P2,SE,2003-Q1,
Q,MIO_EUR,SCA,S13,P2,SE,2003-Q2,
Q,MIO_EUR,SCA,S13,P2,SE,2003-Q3,
Q,MIO_EUR,SCA,S13,P2,SE,2003-Q4,
Q,MIO_EUR,SCA,S13,P2,SE,2004-Q1,
Q,MIO_EUR,SCA,S13,P2,SE,2004-Q2,
Q,MIO_EUR,SCA,S13,P2,SE,2004-Q3,
Q,MIO_EUR,SCA,S13,P2,SE,2004-Q4,
Q,MIO_EUR,SCA,S13,P2,SE,2005-Q1,
Q,MIO_EUR,SCA,S13,P2,SE,2005-Q2,
Q,MIO_EUR,SCA,S13,P2,SE,2005-Q3,
Q,MIO_EUR,SCA,S13,P2,SE,2005-Q4,
Q,MIO_EUR,SCA,S13,P2,SE,2006-Q1,
Q,MIO_EUR,SCA,S13,P2,SE,2006-Q2,
Q,MIO_EUR,SCA,S13,P2,SE,2006-Q3,
Q,MIO_EUR,SCA,S13,P2,SE,2006-Q4,
Q,MIO_EUR,SCA,S13,P2,SE,2007-Q1,
Q,MIO_EUR,SCA,S13,P2,SE,2007-Q2,
Q,MIO_EUR,SCA,S13,P2,SE,2007-Q3,
Q,MIO_EUR,SCA,S13,P2,SE,2007-Q4,
Q,MIO_EUR,SCA,S13,P2,SE,2008-Q1,
Q,MIO_EUR,SCA,S13,P2,SE,2008-Q2,
Q,MIO_EUR,SCA,S13,P2,SE,2008-Q3,
Q,MIO_EUR,SCA,S13,P2,SE,2008-Q4,
Q,MIO_EUR,SCA,S13,P2,SE,2009-Q1,
Q,MIO_EUR,SCA,S13,P2,SE,2009-Q2,
Q,MIO_EUR,SCA,S13,P2,SE,2009-Q3,
Q,MIO_EUR,SCA,S13,P2,SE,2009-Q4,
Q,MIO_EUR,SCA,S13,P2,SE,2010-Q1,
Q,MIO_EUR,SCA,S13,P2,SE,2010-Q2,
Q,MIO_EUR,SCA,S13,P2,SE,2010-Q3,
Q,MIO_EUR,SCA,S13,P2,SE,2010-Q4,
Q,MIO_EUR,SCA,S13,P2,SE,2011-Q1,
Q,MIO_EUR,SCA,S13,P2,SE,2011-Q2,
Q,MIO_EUR,SCA,S13,P2,SE,2011-Q3,
Q,MIO_EUR,SCA,S13,P2,SE,2011-Q4,
Q,MIO_EUR,SCA,S13,P2,SE,2012-Q1,
Q,MIO_EUR,SCA,S13,P2,SE,2012-Q2,
Q,MIO_EUR,SCA,S13,P2,SE,2012-Q3,
Q,MIO_EUR,SCA,S13,P2,SE,2012-Q4,
Q,MIO_EUR,SCA,S13,P2,SE,2013-Q1,
Q,MIO_EUR,SCA,S13,P2,SE,2013-Q2,
Q,MIO_EUR,SCA,S13,P2,SE,2013-Q3,
Q,MIO_EUR,SCA,S13,P2,SE,2013-Q4,
Q,MIO_EUR,SCA,S13,P2,SE,2014-Q1,
Q,MIO_EUR,SCA,S13,P2,SE,2014-Q2,
Q,MIO_EUR,SCA,S13,P2,SE,2014-Q3,
Q,MIO_EUR,SCA,S13,P2,SE,2014-Q4,
Q,MIO_EUR,SCA,S13,P2,SE,2015-Q1,
Q,MIO_EUR,SCA,S13,P2,SE,2015-Q2,
Q,MIO_EUR,SCA,S13,P2,SE,2015-Q3,
Q,MIO_EUR,SCA,S13,P2,SE,2015-Q4,
Q,MIO_EUR,SCA,S13,P2,SE,2016-Q1,
Q,MIO_EUR,SCA,S13,P2,SE,2016-Q2,
Q,MIO_EUR,SCA,S13,P2,SE,2016-Q3,
Q,MIO_EUR,SCA,S13,P2,SE,2016-Q4,
Q,MIO_EUR,SCA,S13,P2,SE,2017-Q1,
Q,MIO_EUR,SCA,S13,P2,SE,2017-Q2,
Q,MIO_EUR,SCA,S13,P2,SE,2017-Q3,
Q,MIO_EUR,SCA,S13,P2,SE,2017-Q4,
Q,MIO_EUR,SCA,S13,P2,SE,2018-Q1,
Q,MIO_EUR,SCA,S13,P2,SE,2018-Q2,
Q,MIO_EUR,SCA,S13,P2,SE,2018-Q3,
Q,MIO_EUR,SCA,S13,P2,SE,2018-Q4,
Q,MIO_EUR,SCA,S13,P2,SE,2019-Q1,
Q,MIO_EUR,SCA,S13,P2,SE,2019-Q2,
Q,MIO_EUR,SCA,S13,P2,SE,2019-Q3,
Q,MIO_EUR,SCA,S13,P2,SE,2019-Q4,
Q,MIO_EUR,SCA,S13,P2,SE,2020-Q1,
Q,MIO_EUR,SCA,S13,P2,SE,2020-Q2,
Q,MIO_EUR,SCA,S13,P2,SE,2020-Q3,
Q,MIO_EUR,SCA,S13,P2,SE,2020-Q4,
Q,MIO_EUR,SCA,S13,P2,SE,2021-Q1,
Q,MIO_EUR,SCA,S13,P2,SE,2021-Q2,
Q,MIO_EUR,SCA,S13,P2,SE,2021-Q3,
Q,MIO_EUR,SCA,S13,P2,SE,2021-Q4,
Q,MIO_EUR,SCA,S13,P2,SE,2022-Q1,
Q,MIO_EUR,SCA,S13,P2,SE,2022-Q2,
Q,MIO_EUR,SCA,S13,P2,SE,2022-Q3,
Q,MIO_EUR,SCA,S13,P2,SE,2022-Q4,
Q,MIO_EUR,SCA,S13,P2,SE,2023-Q1,
Q,MIO_EUR,SCA,S13,P2,SE,2023-Q2,
Q,MIO_EUR,SCA,S13,P2,SE,2023-Q3,
Q,MIO_EUR,SCA,S13,P2,SE,2023-Q4,
Q,MIO_EUR,SCA,S13,P2,SE,2024-Q1,
Q,MIO_EUR,SCA,S13,P2,SE,2024-Q2,
Q,MIO_EUR,SCA,S13,P2,SE,2024-Q3,
Q,MIO_EUR,SCA,S13,P2,SE,2024-Q4,
Q,MIO_EUR,SCA,S13,P2,SE,2025-Q1,
Q,MIO_EUR,SCA,S13,P2,SE,2025-Q2,
Q,MIO_EUR,SCA,S13,P2,SE,2025-Q3,
Q,MIO_EUR,SCA,S13,P2,SE,2025-Q4,
Q,MIO_EUR,SCA,S13,P2,SE,2026-Q1,
Q,MIO_EUR,SCA,S13,P2,IS,1995-Q1,
Q,MIO_EUR,SCA,S13,P2,IS,1995-Q2,
Q,MIO_EUR,SCA,S13,P2,IS,1995-Q3,
Q,MIO_EUR,SCA,S13,P2,IS,1995-Q4,
Q,MIO_EUR,SCA,S13,P2,IS,1996-Q1,
Q,MIO_EUR,SCA,S13,P2,IS,1996-Q2,
Q,MIO_EUR,SCA,S13,P2,IS,1996-Q3,
Q,MIO_EUR,SCA,S13,P2,IS,1996-Q4,
Q,MIO_EUR,SCA,S13,P2,IS,1997-Q1,
Q,MIO_EUR,SCA,S13,P2,IS,1997-Q2,
Q,MIO_EUR,SCA,S13,P2,IS,1997-Q3,
Q,MIO_EUR,SCA,S13,P2,IS,1997-Q4,
Q,MIO_EUR,SCA,S13,P2,IS,1998-Q1,
Q,MIO_EUR,SCA,S13,P2,IS,1998-Q2,
Q,MIO_EUR,SCA,S13,P2,IS,1998-Q3,
Q,MIO_EUR,SCA,S13,P2,IS,1998-Q4,
Q,MIO_EUR,SCA,S13,P2,IS,1999-Q1,
Q,MIO_EUR,SCA,S13,P2,IS,1999-Q2,
Q,MIO_EUR,SCA,S13,P2,IS,1999-Q3,
Q,MIO_EUR,SCA,S13,P2,IS,1999-Q4,
Q,MIO_EUR,SCA,S13,P2,IS,2000-Q1,
Q,MIO_EUR,SCA,S13,P2,IS,2000-Q2,
Q,MIO_EUR,SCA,S13,P2,IS,2000-Q3,
Q,MIO_EUR,SCA,S13,P2,IS,2000-Q4,
Q,MIO_EUR,SCA,S13,P2,IS,2001-Q1,
Q,MIO_EUR,SCA,S13,P2,IS,2001-Q2,
Q,MIO_EUR,SCA,S13,P2,IS,2001-Q3,
Q,MIO_EUR,SCA,S13,P2,IS,2001-Q4,
Q,MIO_EUR,SCA,S13,P2,IS,2002-Q1,
Q,MIO_EUR,SCA,S13,P2,IS,2002-Q2,
Q,MIO_EUR,SCA,S13,P2,IS,2002-Q3,
Q,MIO_EUR,SCA,S13,P2,IS,2002-Q4,
Q,MIO_EUR,SCA,S13,P2,IS,2003-Q1,
Q,MIO_EUR,SCA,S13,P2,IS,2003-Q2,
Q,MIO_EUR,SCA,S13,P2,IS,2003-Q3,
Q,MIO_EUR,SCA,S13,P2,IS,2003-Q4,
Q,MIO_EUR,SCA,S13,P2,IS,2004-Q1,
Q,MIO_EUR,SCA,S13,P2,IS,2004-Q2,
Q,MIO_EUR,SCA,S13,P2,IS,2004-Q3,
Q,MIO_EUR,SCA,S13,P2,IS,2004-Q4,
Q,MIO_EUR,SCA,S13,P2,IS,2005-Q1,
Q,MIO_EUR,SCA,S13,P2,IS,2005-Q2,
Q,MIO_EUR,SCA,S13,P2,IS,2005-Q3,
Q,MIO_EUR,SCA,S13,P2,IS,2005-Q4,
Q,MIO_EUR,SCA,S13,P2,IS,2006-Q1,
Q,MIO_EUR,SCA,S13,P2,IS,2006-Q2,
Q,MIO_EUR,SCA,S13,P2,IS,2006-Q3,
Q,MIO_EUR,SCA,S13,P2,IS,2006-Q4,
Q,MIO_EUR,SCA,S13,P2,IS,2007-Q1,
Q,MIO_EUR,SCA,S13,P2,IS,2007-Q2,
Q,MIO_EUR,SCA,S13,P2,IS,2007-Q3,
Q,MIO_EUR,SCA,S13,P2,IS,2007-Q4,
Q,MIO_EUR,SCA,S13,P2,IS,2008-Q1,
Q,MIO_EUR,SCA,S13,P2,IS,2008-Q2,
Q,MIO_EUR,SCA,S13,P2,IS,2008-Q3,
Q,MIO_EUR,SCA,S13,P2,IS,2008-Q4,
Q,MIO_EUR,SCA,S13,P2,IS,2009-Q1,
Q,MIO_EUR,SCA,S13,P2,IS,2009-Q2,
Q,MIO_EUR,SCA,S13,P2,IS,2009-Q3,
Q,MIO_EUR,SCA,S13,P2,IS,2009-Q4,
Q,MIO_EUR,SCA,S13,P2,IS,2010-Q1,
Q,MIO_EUR,SCA,S13,P2,IS,2010-Q2,
Q,MIO_EUR,SCA,S13,P2,IS,2010-Q3,
Q,MIO_EUR,SCA,S13,P2,IS,2010-Q4,
Q,MIO_EUR,SCA,S13,P2,IS,2011-Q1,
Q,MIO_EUR,SCA,S13,P2,IS,2011-Q2,
Q,MIO_EUR,SCA,S13,P2,IS,2011-Q3,
Q,MIO_EUR,SCA,S13,P2,IS,2011-Q4,
Q,MIO_EUR,SCA,S13,P2,IS,2012-Q1,
Q,MIO_EUR,SCA,S13,P2,IS,2012-Q2,
Q,MIO_EUR,SCA,S13,P2,IS,2012-Q3,
Q,MIO_EUR,SCA,S13,P2,IS,2012-Q4,
Q,MIO_EUR,SCA,S13,P2,IS,2013-Q1,
Q,MIO_EUR,SCA,S13,P2,IS,2013-Q2,
Q,MIO_EUR,SCA,S13,P2,IS,2013-Q3,
Q,MIO_EUR,SCA,S13,P2,IS,2013-Q4,
Q,MIO_EUR,SCA,S13,P2,IS,2014-Q1,
Q,MIO_EUR,SCA,S13,P2,IS,2014-Q2,
Q,MIO_EUR,SCA,S13,P2,IS,2014-Q3,
Q,MIO_EUR,SCA,S13,P2,IS,2014-Q4,
Q,MIO_EUR,SCA,S13,P2,IS,2015-Q1,
Q,MIO_EUR,SCA,S13,P2,IS,2015-Q2,
Q,MIO_EUR,SCA,S13,P2,IS,2015-Q3,
Q,MIO_EUR,SCA,S13,P2,IS,2015-Q4,
Q,MIO_EUR,SCA,S13,P2,IS,2016-Q1,
Q,MIO_EUR,SCA,S13,P2,IS,2016-Q2,
Q,MIO_EUR,SCA,S13,P2,IS,2016-Q3,
Q,MIO_EUR,SCA,S13,P2,IS,2016-Q4,
Q,MIO_EUR,SCA,S13,P2,IS,2017-Q1,
Q,MIO_EUR,SCA,S13,P2,IS,2017-Q2,
Q,MIO_EUR,SCA,S13,P2,IS,2017-Q3,
Q,MIO_EUR,SCA,S13,P2,IS,2017-Q4,
Q,MIO_EUR,SCA,S13,P2,IS,2018-Q1,
Q,MIO_EUR,SCA,S13,P2,IS,2018-Q2,
Q,MIO_EUR,SCA,S13,P2,IS,2018-Q3,
Q,MIO_EUR,SCA,S13,P2,IS,2018-Q4,
Q,MIO_EUR,SCA,S13,P2,IS,2019-Q1,
Q,MIO_EUR,SCA,S13,P2,IS,2019-Q2,
Q,MIO_EUR,SCA,S13,P2,IS,2019-Q3,
Q,MIO_EUR,SCA,S13,P2,IS,2019-Q4,
Q,MIO_EUR,SCA,S13,P2,IS,2020-Q1,
Q,MIO_EUR,SCA,S13,P2,IS,2020-Q2,
Q,MIO_EUR,SCA,S13,P2,IS,2020-Q3,
Q,MIO_EUR,SCA,S13,P2,IS,2020-Q4,
Q,MIO_EUR,SCA,S13,P2,IS,2021-Q1,
Q,MIO_EUR,SCA,S13,P2,IS,2021-Q2,
Q,MIO_EUR,SCA,S13,P2,IS,2021-Q3,
Q,MIO_EUR,SCA,S13,P2,IS,2021-Q4,
Q,MIO_EUR,SCA,S13,P2,IS,2022-Q1,
Q,MIO_EUR,SCA,S13,P2,IS,2022-Q2,
Q,MIO_EUR,SCA,S13,P2,IS,2022-Q3,
Q,MIO_EUR,SCA,S13,P2,IS,2022-Q4,
Q,MIO_EUR,SCA,S13,P2,IS,2023-Q1,
Q,MIO_EUR,SCA,S13,P2,IS,2023-Q2,
Q,MIO_EUR,SCA,S13,P2,IS,2023-Q3,
Q,MIO_EUR,SCA,S13,P2,IS,2023-Q4,
Q,MIO_EUR,SCA,S13,P2,IS,2024-Q1,
Q,MIO_EUR,SCA,S13,P2,IS,2024-Q2,
Q,MIO_EUR,SCA,S13,P2,IS,2024-Q3,
Q,MIO_EUR,SCA,S13,P2,IS,2024-Q4,
Q,MIO_EUR,SCA,S13,P2,IS,2025-Q1,
Q,MIO_EUR,SCA,S13,P2,IS,2025-Q2,
Q,MIO_EUR,SCA,S13,P2,IS,2025-Q3,
Q,MIO_EUR,SCA,S13,P2,IS,2025-Q4,
Q,MIO_EUR,SCA,S13,P2,IS,2026-Q1,
Q,MIO_EUR,SCA,S13,P2,NO,1995-Q1,
Q,MIO_EUR,SCA,S13,P2,NO,1995-Q2,
Q,MIO_EUR,SCA,S13,P2,NO,1995-Q3,
Q,MIO_EUR,SCA,S13,P2,NO,1995-Q4,
Q,MIO_EUR,SCA,S13,P2,NO,1996-Q1,
Q,MIO_EUR,SCA,S13,P2,NO,1996-Q2,
Q,MIO_EUR,SCA,S13,P2,NO,1996-Q3,
Q,MIO_EUR,SCA,S13,P2,NO,1996-Q4,
Q,MIO_EUR,SCA,S13,P2,NO,1997-Q1,
Q,MIO_EUR,SCA,S13,P2,NO,1997-Q2,
Q,MIO_EUR,SCA,S13,P2,NO,1997-Q3,
Q,MIO_EUR,SCA,S13,P2,NO,1997-Q4,
Q,MIO_EUR,SCA,S13,P2,NO,1998-Q1,
Q,MIO_EUR,SCA,S13,P2,NO,1998-Q2,
Q,MIO_EUR,SCA,S13,P2,NO,1998-Q3,
Q,MIO_EUR,SCA,S13,P2,NO,1998-Q4,
Q,MIO_EUR,SCA,S13,P2,NO,1999-Q1,
Q,MIO_EUR,SCA,S13,P2,NO,1999-Q2,
Q,MIO_EUR,SCA,S13,P2,NO,1999-Q3,
Q,MIO_EUR,SCA,S13,P2,NO,1999-Q4,
Q,MIO_EUR,SCA,S13,P2,NO,2000-Q1,
Q,MIO_EUR,SCA,S13,P2,NO,2000-Q2,
Q,MIO_EUR,SCA,S13,P2,NO,2000-Q3,
Q,MIO_EUR,SCA,S13,P2,NO,2000-Q4,
Q,MIO_EUR,SCA,S13,P2,NO,2001-Q1,
Q,MIO_EUR,SCA,S13,P2,NO,2001-Q2,
Q,MIO_EUR,SCA,S13,P2,NO,2001-Q3,
Q,MIO_EUR,SCA,S13,P2,NO,2001-Q4,
Q,MIO_EUR,SCA,S13,P2,NO,2002-Q1,
Q,MIO_EUR,SCA,S13,P2,NO,2002-Q2,
Q,MIO_EUR,SCA,S13,P2,NO,2002-Q3,
Q,MIO_EUR,SCA,S13,P2,NO,2002-Q4,
Q,MIO_EUR,SCA,S13,P2,NO,2003-Q1,
Q,MIO_EUR,SCA,S13,P2,NO,2003-Q2,
Q,MIO_EUR,SCA,S13,P2,NO,2003-Q3,
Q,MIO_EUR,SCA,S13,P2,NO,2003-Q4,
Q,MIO_EUR,SCA,S13,P2,NO,2004-Q1,
Q,MIO_EUR,SCA,S13,P2,NO,2004-Q2,
Q,MIO_EUR,SCA,S13,P2,NO,2004-Q3,
Q,MIO_EUR,SCA,S13,P2,NO,2004-Q4,
Q,MIO_EUR,SCA,S13,P2,NO,2005-Q1,
Q,MIO_EUR,SCA,S13,P2,NO,2005-Q2,
Q,MIO_EUR,SCA,S13,P2,NO,2005-Q3,
Q,MIO_EUR,SCA,S13,P2,NO,2005-Q4,
Q,MIO_EUR,SCA,S13,P2,NO,2006-Q1,
Q,MIO_EUR,SCA,S13,P2,NO,2006-Q2,
Q,MIO_EUR,SCA,S13,P2,NO,2006-Q3,
Q,MIO_EUR,SCA,S13,P2,NO,2006-Q4,
Q,MIO_EUR,SCA,S13,P2,NO,2007-Q1,
Q,MIO_EUR,SCA,S13,P2,NO,2007-Q2,
Q,MIO_EUR,SCA,S13,P2,NO,2007-Q3,
Q,MIO_EUR,SCA,S13,P2,NO,2007-Q4,
Q,MIO_EUR,SCA,S13,P2,NO,2008-Q1,
Q,MIO_EUR,SCA,S13,P2,NO,2008-Q2,
Q,MIO_EUR,SCA,S13,P2,NO,2008-Q3,
Q,MIO_EUR,SCA,S13,P2,NO,2008-Q4,
Q,MIO_EUR,SCA,S13,P2,NO,2009-Q1,
Q,MIO_EUR,SCA,S13,P2,NO,2009-Q2,
Q,MIO_EUR,SCA,S13,P2,NO,2009-Q3,
Q,MIO_EUR,SCA,S13,P2,NO,2009-Q4,
Q,MIO_EUR,SCA,S13,P2,NO,2010-Q1,
Q,MIO_EUR,SCA,S13,P2,NO,2010-Q2,
Q,MIO_EUR,SCA,S13,P2,NO,2010-Q3,
Q,MIO_EUR,SCA,S13,P2,NO,2010-Q4,
Q,MIO_EUR,SCA,S13,P2,NO,2011-Q1,
Q,MIO_EUR,SCA,S13,P2,NO,2011-Q2,
Q,MIO_EUR,SCA,S13,P2,NO,2011-Q3,
Q,MIO_EUR,SCA,S13,P2,NO,2011-Q4,
Q,MIO_EUR,SCA,S13,P2,NO,2012-Q1,
Q,MIO_EUR,SCA,S13,P2,NO,2012-Q2,
Q,MIO_EUR,SCA,S13,P2,NO,2012-Q3,
Q,MIO_EUR,SCA,S13,P2,NO,2012-Q4,
Q,MIO_EUR,SCA,S13,P2,NO,2013-Q1,
Q,MIO_EUR,SCA,S13,P2,NO,2013-Q2,
Q,MIO_EUR,SCA,S13,P2,NO,2013-Q3,
Q,MIO_EUR,SCA,S13,P2,NO,2013-Q4,
Q,MIO_EUR,SCA,S13,P2,NO,2014-Q1,
Q,MIO_EUR,SCA,S13,P2,NO,2014-Q2,
Q,MIO_EUR,SCA,S13,P2,NO,2014-Q3,
Q,MIO_EUR,SCA,S13,P2,NO,2014-Q4,
Q,MIO_EUR,SCA,S13,P2,NO,2015-Q1,
Q,MIO_EUR,SCA,S13,P2,NO,2015-Q2,
Q,MIO_EUR,SCA,S13,P2,NO,2015-Q3,
Q,MIO_EUR,SCA,S13,P2,NO,2015-Q4,
Q,MIO_EUR,SCA,S13,P2,NO,2016-Q1,
Q,MIO_EUR,SCA,S13,P2,NO,2016-Q2,
Q,MIO_EUR,SCA,S13,P2,NO,2016-Q3,
Q,MIO_EUR,SCA,S13,P2,NO,2016-Q4,
Q,MIO_EUR,SCA,S13,P2,NO,2017-Q1,
Q,MIO_EUR,SCA,S13,P2,NO,2017-Q2,
Q,MIO_EUR,SCA,S13,P2,NO,2017-Q3,
Q,MIO_EUR,SCA,S13,P2,NO,2017-Q4,
Q,MIO_EUR,SCA,S13,P2,NO,2018-Q1,
Q,MIO_EUR,SCA,S13,P2,NO,2018-Q2,
Q,MIO_EUR,SCA,S13,P2,NO,2018-Q3,
Q,MIO_EUR,SCA,S13,P2,NO,2018-Q4,
Q,MIO_EUR,SCA,S13,P2,NO,2019-Q1,
Q,MIO_EUR,SCA,S13,P2,NO,2019-Q2,
Q,MIO_EUR,SCA,S13,P2,NO,2019-Q3,
Q,MIO_EUR,SCA,S13,P2,NO,2019-Q4,
Q,MIO_EUR,SCA,S13,P2,NO,2020-Q1,
Q,MIO_EUR,SCA,S13,P2,NO,2020-Q2,
Q,MIO_EUR,SCA,S13,P2,NO,2020-Q3,
Q,MIO_EUR,SCA,S13,P2,NO,2020-Q4,
Q,MIO_EUR,SCA,S13,P2,NO,2021-Q1,
Q,MIO_EUR,SCA,S13,P2,NO,2021-Q2,
Q,MIO_EUR,SCA,S13,P2,NO,2021-Q3,
Q,MIO_EUR,SCA,S13,P2,NO,2021-Q4,
Q,MIO_EUR,SCA,S13,P2,NO,2022-Q1,
Q,MIO_EUR,SCA,S13,P2,NO,2022-Q2,
Q,MIO_EUR,SCA,S13,P2,NO,2022-Q3,
Q,MIO_EUR,SCA,S13,P2,NO,2022-Q4,
Q,MIO_EUR,SCA,S13,P2,NO,2023-Q1,
Q,MIO_EUR,SCA,S13,P2,NO,2023-Q2,
Q,MIO_EUR,SCA,S13,P2,NO,2023-Q3,
Q,MIO_EUR,SCA,S13,P2,NO,2023-Q4,
Q,MIO_EUR,SCA,S13,P2,NO,2024-Q1,
Q,MIO_EUR,SCA,S13,P2,NO,2024-Q2,
Q,MIO_EUR,SCA,S13,P2,NO,2024-Q3,
Q,MIO_EUR,SCA,S13,P2,NO,2024-Q4,
Q,MIO_EUR,SCA,S13,P2,NO,2025-Q1,
Q,MIO_EUR,SCA,S13,P2,NO,2025-Q2,
Q,MIO_EUR,SCA,S13,P2,NO,2025-Q3,
Q,MIO_EUR,SCA,S13,P2,NO,2025-Q4,
Q,MIO_EUR,SCA,S13,P2,NO,2026-Q1,
Q,MIO_EUR,SCA,S13,P2,CH,1995-Q1,
Q,MIO_EUR,SCA,S13,P2,CH,1995-Q2,
Q,MIO_EUR,SCA,S13,P2,CH,1995-Q3,
Q,MIO_EUR,SCA,S13,P2,CH,1995-Q4,
Q,MIO_EUR,SCA,S13,P2,CH,1996-Q1,
Q,MIO_EUR,SCA,S13,P2,CH,1996-Q2,
Q,MIO_EUR,SCA,S13,P2,CH,1996-Q3,
Q,MIO_EUR,SCA,S13,P2,CH,1996-Q4,
Q,MIO_EUR,SCA,S13,P2,CH,1997-Q1,
Q,MIO_EUR,SCA,S13,P2,CH,1997-Q2,
Q,MIO_EUR,SCA,S13,P2,CH,1997-Q3,
Q,MIO_EUR,SCA,S13,P2,CH,1997-Q4,
Q,MIO_EUR,SCA,S13,P2,CH,1998-Q1,
Q,MIO_EUR,SCA,S13,P2,CH,1998-Q2,
Q,MIO_EUR,SCA,S13,P2,CH,1998-Q3,
Q,MIO_EUR,SCA,S13,P2,CH,1998-Q4,
Q,MIO_EUR,SCA,S13,P2,CH,1999-Q1,
Q,MIO_EUR,SCA,S13,P2,CH,1999-Q2,
Q,MIO_EUR,SCA,S13,P2,CH,1999-Q3,
Q,MIO_EUR,SCA,S13,P2,CH,1999-Q4,
Q,MIO_EUR,SCA,S13,P2,CH,2000-Q1,
Q,MIO_EUR,SCA,S13,P2,CH,2000-Q2,
Q,MIO_EUR,SCA,S13,P2,CH,2000-Q3,
Q,MIO_EUR,SCA,S13,P2,CH,2000-Q4,
Q,MIO_EUR,SCA,S13,P2,CH,2001-Q1,
Q,MIO_EUR,SCA,S13,P2,CH,2001-Q2,
Q,MIO_EUR,SCA,S13,P2,CH,2001-Q3,
Q,MIO_EUR,SCA,S13,P2,CH,2001-Q4,
Q,MIO_EUR,SCA,S13,P2,CH,2002-Q1,
Q,MIO_EUR,SCA,S13,P2,CH,2002-Q2,
Q,MIO_EUR,SCA,S13,P2,CH,2002-Q3,
Q,MIO_EUR,SCA,S13,P2,CH,2002-Q4,
Q,MIO_EUR,SCA,S13,P2,CH,2003-Q1,
Q,MIO_EUR,SCA,S13,P2,CH,2003-Q2,
Q,MIO_EUR,SCA,S13,P2,CH,2003-Q3,
Q,MIO_EUR,SCA,S13,P2,CH,2003-Q4,
Q,MIO_EUR,SCA,S13,P2,CH,2004-Q1,
Q,MIO_EUR,SCA,S13,P2,CH,2004-Q2,
Q,MIO_EUR,SCA,S13,P2,CH,2004-Q3,
Q,MIO_EUR,SCA,S13,P2,CH,2004-Q4,
Q,MIO_EUR,SCA,S13,P2,CH,2005-Q1,
Q,MIO_EUR,SCA,S13,P2,CH,2005-Q2,
Q,MIO_EUR,SCA,S13,P2,CH,2005-Q3,
Q,MIO_EUR,SCA,S13,P2,CH,2005-Q4,
Q,MIO_EUR,SCA,S13,P2,CH,2006-Q1,
Q,MIO_EUR,SCA,S13,P2,CH,2006-Q2,
Q,MIO_EUR,SCA,S13,P2,CH,2006-Q3,
Q,MIO_EUR,SCA,S13,P2,CH,2006-Q4,
Q,MIO_EUR,SCA,S13,P2,CH,2007-Q1,
Q,MIO_EUR,SCA,S13,P2,CH,2007-Q2,
Q,MIO_EUR,SCA,S13,P2,CH,2007-Q3,
Q,MIO_EUR,SCA,S13,P2,CH,2007-Q4,
Q,MIO_EUR,SCA,S13,P2,CH,2008-Q1,
Q,MIO_EUR,SCA,S13,P2,CH,2008-Q2,
Q,MIO_EUR,SCA,S13,P2,CH,2008-Q3,
Q,MIO_EUR,SCA,S13,P2,CH,2008-Q4,
Q,MIO_EUR,SCA,S13,P2,CH,2009-Q1,
Q,MIO_EUR,SCA,S13,P2,CH,2009-Q2,
Q,MIO_EUR,SCA,S13,P2,CH,2009-Q3,
Q,MIO_EUR,SCA,S13,P2,CH,2009-Q4,
Q,MIO_EUR,SCA,S13,P2,CH,2010-Q1,
Q,MIO_EUR,SCA,S13,P2,CH,2010-Q2,
Q,MIO_EUR,SCA,S13,P2,CH,2010-Q3,
Q,MIO_EUR,SCA,S13,P2,CH,2010-Q4,
Q,MIO_EUR,SCA,S13,P2,CH,2011-Q1,
Q,MIO_EUR,SCA,S13,P2,CH,2011-Q2,
Q,MIO_EUR,SCA,S13,P2,CH,2011-Q3,
Q,MIO_EUR,SCA,S13,P2,CH,2011-Q4,
Q,MIO_EUR,SCA,S13,P2,CH,2012-Q1,
Q,MIO_EUR,SCA,S13,P2,CH,2012-Q2,
Q,MIO_EUR,SCA,S13,P2,CH,2012-Q3,
Q,MIO_EUR,SCA,S13,P2,CH,2012-Q4,
Q,MIO_EUR,SCA,S13,P2,CH,2013-Q1,
Q,MIO_EUR,SCA,S13,P2,CH,2013-Q2,
Q,MIO_EUR,SCA,S13,P2,CH,2013-Q3,
Q,MIO_EUR,SCA,S13,P2,CH,2013-Q4,
Q,MIO_EUR,SCA,S13,P2,CH,2014-Q1,
Q,MIO_EUR,SCA,S13,P2,CH,2014-Q2,
Q,MIO_EUR,SCA,S13,P2,CH,2014-Q3,
Q,MIO_EUR,SCA,S13,P2,CH,2014-Q4,
Q,MIO_EUR,SCA,S13,P2,CH,2015-Q1,
Q,MIO_EUR,SCA,S13,P2,CH,2015-Q2,
Q,MIO_EUR,SCA,S13,P2,CH,2015-Q3,
Q,MIO_EUR,SCA,S13,P2,CH,2015-Q4,
Q,MIO_EUR,SCA,S13,P2,CH,2016-Q1,
Q,MIO_EUR,SCA,S13,P2,CH,2016-Q2,
Q,MIO_EUR,SCA,S13,P2,CH,2016-Q3,
Q,MIO_EUR,SCA,S13,P2,CH,2016-Q4,
Q,MIO_EUR,SCA,S13,P2,CH,2017-Q1,
Q,MIO_EUR,SCA,S13,P2,CH,2017-Q2,
Q,MIO_EUR,SCA,S13,P2,CH,2017-Q3,
Q,MIO_EUR,SCA,S13,P2,CH,2017-Q4,
Q,MIO_EUR,SCA,S13,P2,CH,2018-Q1,
Q,MIO_EUR,SCA,S13,P2,CH,2018-Q2,
Q,MIO_EUR,SCA,S13,P2,CH,2018-Q3,
Q,MIO_EUR,SCA,S13,P2,CH,2018-Q4,
Q,MIO_EUR,SCA,S13,P2,CH,2019-Q1,
Q,MIO_EUR,SCA,S13,P2,CH,2019-Q2,
Q,MIO_EUR,SCA,S13,P2,CH,2019-Q3,
Q,MIO_EUR,SCA,S13,P2,CH,2019-Q4,
Q,MIO_EUR,SCA,S13,P2,CH,2020-Q1,
Q,MIO_EUR,SCA,S13,P2,CH,2020-Q2,
Q,MIO_EUR,SCA,S13,P2,CH,2020-Q3,
Q,MIO_EUR,SCA,S13,P2,CH,2020-Q4,
Q,MIO_EUR,SCA,S13,P2,CH,2021-Q1,
Q,MIO_EUR,SCA,S13,P2,CH,2021-Q2,
Q,MIO_EUR,SCA,S13,P2,CH,2021-Q3,
Q,MIO_EUR,SCA,S13,P2,CH,2021-Q4,
Q,MIO_EUR,SCA,S13,P2,CH,2022-Q1,
Q,MIO_EUR,SCA,S13,P2,CH,2022-Q2,
Q,MIO_EUR,SCA,S13,P2,CH,2022-Q3,
Q,MIO_EUR,SCA,S13,P2,CH,2022-Q4,
Q,MIO_EUR,SCA,S13,P2,CH,2023-Q1,
Q,MIO_EUR,SCA,S13,P2,CH,2023-Q2,
Q,MIO_EUR,SCA,S13,P2,CH,2023-Q3,
Q,MIO_EUR,SCA,S13,P2,CH,2023-Q4,
Q,MIO_EUR,SCA,S13,P2,CH,2024-Q1,
Q,MIO_EUR,SCA,S13,P2,CH,2024-Q2,
Q,MIO_EUR,SCA,S13,P2,CH,2024-Q3,
Q,MIO_EUR,SCA,S13,P2,CH,2024-Q4,
Q,MIO_EUR,SCA,S13,P2,CH,2025-Q1,
Q,MIO_EUR,SCA,S13,P2,CH,2025-Q2,
Q,MIO_EUR,SCA,S13,P2,CH,2025-Q3,
Q,MIO_EUR,SCA,S13,P2,CH,2025-Q4,
Q,MIO_EUR,SCA,S13,P2,CH,2026-Q1,
Q,MIO_EUR,SCA,S13,P51G,EU27_2020,1995-Q1,
Q,MIO_EUR,SCA,S13,P51G,EU27_2020,1995-Q2,
Q,MIO_EUR,SCA,S13,P51G,EU27_2020,1995-Q3,
Q,MIO_EUR,SCA,S13,P51G,EU27_2020,1995-Q4,
Q,MIO_EUR,SCA,S13,P51G,EU27_2020,1996-Q1,
Q,MIO_EUR,SCA,S13,P51G,EU27_2020,1996-Q2,
Q,MIO_EUR,SCA,S13,P51G,EU27_2020,1996-Q3,
Q,MIO_EUR,SCA,S13,P51G,EU27_2020,1996-Q4,
Q,MIO_EUR,SCA,S13,P51G,EU27_2020,1997-Q1,
Q,MIO_EUR,SCA,S13,P51G,EU27_2020,1997-Q2,
Q,MIO_EUR,SCA,S13,P51G,EU27_2020,1997-Q3,
Q,MIO_EUR,SCA,S13,P51G,EU27_2020,1997-Q4,
Q,MIO_EUR,SCA,S13,P51G,EU27_2020,1998-Q1,
Q,MIO_EUR,SCA,S13,P51G,EU27_2020,1998-Q2,
Q,MIO_EUR,SCA,S13,P51G,EU27_2020,1998-Q3,
Q,MIO_EUR,SCA,S13,P51G,EU27_2020,1998-Q4,
Q,MIO_EUR,SCA,S13,P51G,EU27_2020,1999-Q1,
Q,MIO_EUR,SCA,S13,P51G,EU27_2020,1999-Q2,
Q,MIO_EUR,SCA,S13,P51G,EU27_2020,1999-Q3,
Q,MIO_EUR,SCA,S13,P51G,EU27_2020,1999-Q4,
Q,MIO_EUR,SCA,S13,P51G,EU27_2020,2000-Q1,
Q,MIO_EUR,SCA,S13,P51G,EU27_2020,2000-Q2,
Q,MIO_EUR,SCA,S13,P51G,EU27_2020,2000-Q3,
Q,MIO_EUR,SCA,S13,P51G,EU27_2020,2000-Q4,
Q,MIO_EUR,SCA,S13,P51G,EU27_2020,2001-Q1,
Q,MIO_EUR,SCA,S13,P51G,EU27_2020,2001-Q2,
Q,MIO_EUR,SCA,S13,P51G,EU27_2020,2001-Q3,
Q,MIO_EUR,SCA,S13,P51G,EU27_2020,2001-Q4,
Q,MIO_EUR,SCA,S13,P51G,EU27_2020,2002-Q1,
Q,MIO_EUR,SCA,S13,P51G,EU27_2020,2002-Q2,
Q,MIO_EUR,SCA,S13,P51G,EU27_2020,2002-Q3,
Q,MIO_EUR,SCA,S13,P51G,EU27_2020,2002-Q4,
Q,MIO_EUR,SCA,S13,P51G,EU27_2020,2003-Q1,
Q,MIO_EUR,SCA,S13,P51G,EU27_2020,2003-Q2,
Q,MIO_EUR,SCA,S13,P51G,EU27_2020,2003-Q3,
Q,MIO_EUR,SCA,S13,P51G,EU27_2020,2003-Q4,
Q,MIO_EUR,SCA,S13,P51G,EU27_2020,2004-Q1,
Q,MIO_EUR,SCA,S13,P51G,EU27_2020,2004-Q2,
Q,MIO_EUR,SCA,S13,P51G,EU27_2020,2004-Q3,
Q,MIO_EUR,SCA,S13,P51G,EU27_2020,2004-Q4,
Q,MIO_EUR,SCA,S13,P51G,EU27_2020,2005-Q1,
Q,MIO_EUR,SCA,S13,P51G,EU27_2020,2005-Q2,
Q,MIO_EUR,SCA,S13,P51G,EU27_2020,2005-Q3,
Q,MIO_EUR,SCA,S13,P51G,EU27_2020,2005-Q4,
Q,MIO_EUR,SCA,S13,P51G,EU27_2020,2006-Q1,
Q,MIO_EUR,SCA,S13,P51G,EU27_2020,2006-Q2,
Q,MIO_EUR,SCA,S13,P51G,EU27_2020,2006-Q3,
Q,MIO_EUR,SCA,S13,P51G,EU27_2020,2006-Q4,
Q,MIO_EUR,SCA,S13,P51G,EU27_2020,2007-Q1,
Q,MIO_EUR,SCA,S13,P51G,EU27_2020,2007-Q2,
Q,MIO_EUR,SCA,S13,P51G,EU27_2020,2007-Q3,
Q,MIO_EUR,SCA,S13,P51G,EU27_2020,2007-Q4,
Q,MIO_EUR,SCA,S13,P51G,EU27_2020,2008-Q1,
Q,MIO_EUR,SCA,S13,P51G,EU27_2020,2008-Q2,
Q,MIO_EUR,SCA,S13,P51G,EU27_2020,2008-Q3,
Q,MIO_EUR,SCA,S13,P51G,EU27_2020,2008-Q4,
Q,MIO_EUR,SCA,S13,P51G,EU27_2020,2009-Q1,
Q,MIO_EUR,SCA,S13,P51G,EU27_2020,2009-Q2,
Q,MIO_EUR,SCA,S13,P51G,EU27_2020,2009-Q3,
Q,MIO_EUR,SCA,S13,P51G,EU27_2020,2009-Q4,
Q,MIO_EUR,SCA,S13,P51G,EU27_2020,2010-Q1,
Q,MIO_EUR,SCA,S13,P51G,EU27_2020,2010-Q2,
Q,MIO_EUR,SCA,S13,P51G,EU27_2020,2010-Q3,
Q,MIO_EUR,SCA,S13,P51G,EU27_2020,2010-Q4,
Q,MIO_EUR,SCA,S13,P51G,EU27_2020,2011-Q1,
Q,MIO_EUR,SCA,S13,P51G,EU27_2020,2011-Q2,
Q,MIO_EUR,SCA,S13,P51G,EU27_2020,2011-Q3,
Q,MIO_EUR,SCA,S13,P51G,EU27_2020,2011-Q4,
Q,MIO_EUR,SCA,S13,P51G,EU27_2020,2012-Q1,
Q,MIO_EUR,SCA,S13,P51G,EU27_2020,2012-Q2,
Q,MIO_EUR,SCA,S13,P51G,EU27_2020,2012-Q3,
Q,MIO_EUR,SCA,S13,P51G,EU27_2020,2012-Q4,
Q,MIO_EUR,SCA,S13,P51G,EU27_2020,2013-Q1,
Q,MIO_EUR,SCA,S13,P51G,EU27_2020,2013-Q2,
Q,MIO_EUR,SCA,S13,P51G,EU27_2020,2013-Q3,
Q,MIO_EUR,SCA,S13,P51G,EU27_2020,2013-Q4,
Q,MIO_EUR,SCA,S13,P51G,EU27_2020,2014-Q1,
Q,MIO_EUR,SCA,S13,P51G,EU27_2020,2014-Q2,
Q,MIO_EUR,SCA,S13,P51G,EU27_2020,2014-Q3,
Q,MIO_EUR,SCA,S13,P51G,EU27_2020,2014-Q4,
Q,MIO_EUR,SCA,S13,P51G,EU27_2020,2015-Q1,
Q,MIO_EUR,SCA,S13,P51G,EU27_2020,2015-Q2,
Q,MIO_EUR,SCA,S13,P51G,EU27_2020,2015-Q3,
Q,MIO_EUR,SCA,S13,P51G,EU27_2020,2015-Q4,
Q,MIO_EUR,SCA,S13,P51G,EU27_2020,2016-Q1,
Q,MIO_EUR,SCA,S13,P51G,EU27_2020,2016-Q2,
Q,MIO_EUR,SCA,S13,P51G,EU27_2020,2016-Q3,
Q,MIO_EUR,SCA,S13,P51G,EU27_2020,2016-Q4,
Q,MIO_EUR,SCA,S13,P51G,EU27_2020,2017-Q1,
Q,MIO_EUR,SCA,S13,P51G,EU27_2020,2017-Q2,
Q,MIO_EUR,SCA,S13,P51G,EU27_2020,2017-Q3,
Q,MIO_EUR,SCA,S13,P51G,EU27_2020,2017-Q4,
Q,MIO_EUR,SCA,S13,P51G,EU27_2020,2018-Q1,
Q,MIO_EUR,SCA,S13,P51G,EU27_2020,2018-Q2,
Q,MIO_EUR,SCA,S13,P51G,EU27_2020,2018-Q3,
Q,MIO_EUR,SCA,S13,P51G,EU27_2020,2018-Q4,
Q,MIO_EUR,SCA,S13,P51G,EU27_2020,2019-Q1,
Q,MIO_EUR,SCA,S13,P51G,EU27_2020,2019-Q2,
Q,MIO_EUR,SCA,S13,P51G,EU27_2020,2019-Q3,
Q,MIO_EUR,SCA,S13,P51G,EU27_2020,2019-Q4,
Q,MIO_EUR,SCA,S13,P51G,EU27_2020,2020-Q1,
Q,MIO_EUR,SCA,S13,P51G,EU27_2020,2020-Q2,
Q,MIO_EUR,SCA,S13,P51G,EU27_2020,2020-Q3,
Q,MIO_EUR,SCA,S13,P51G,EU27_2020,2020-Q4,
Q,MIO_EUR,SCA,S13,P51G,EU27_2020,2021-Q1,
Q,MIO_EUR,SCA,S13,P51G,EU27_2020,2021-Q2,
Q,MIO_EUR,SCA,S13,P51G,EU27_2020,2021-Q3,
Q,MIO_EUR,SCA,S13,P51G,EU27_2020,2021-Q4,
Q,MIO_EUR,SCA,S13,P51G,EU27_2020,2022-Q1,
Q,MIO_EUR,SCA,S13,P51G,EU27_2020,2022-Q2,
Q,MIO_EUR,SCA,S13,P51G,EU27_2020,2022-Q3,
Q,MIO_EUR,SCA,S13,P51G,EU27_2020,2022-Q4,
Q,MIO_EUR,SCA,S13,P51G,EU27_2020,2023-Q1,
Q,MIO_EUR,SCA,S13,P51G,EU27_2020,2023-Q2,
Q,MIO_EUR,SCA,S13,P51G,EU27_2020,2023-Q3,
Q,MIO_EUR,SCA,S13,P51G,EU27_2020,2023-Q4,
Q,MIO_EUR,SCA,S13,P51G,EU27_2020,2024-Q1,
Q,MIO_EUR,SCA,S13,P51G,EU27_2020,2024-Q2,
Q,MIO_EUR,SCA,S13,P51G,EU27_2020,2024-Q3,
Q,MIO_EUR,SCA,S13,P51G,EU27_2020,2024-Q4,
Q,MIO_EUR,SCA,S13,P51G,EU27_2020,2025-Q1,
Q,MIO_EUR,SCA,S13,P51G,EU27_2020,2025-Q2,
Q,MIO_EUR,SCA,S13,P51G,EU27_2020,2025-Q3,
Q,MIO_EUR,SCA,S13,P51G,EU27_2020,2025-Q4,
Q,MIO_EUR,SCA,S13,P51G,EU27_2020,2026-Q1,
Q,MIO_EUR,SCA,S13,P51G,EA21,1995-Q1,
Q,MIO_EUR,SCA,S13,P51G,EA21,1995-Q2,
Q,MIO_EUR,SCA,S13,P51G,EA21,1995-Q3,
Q,MIO_EUR,SCA,S13,P51G,EA21,1995-Q4,
Q,MIO_EUR,SCA,S13,P51G,EA21,1996-Q1,
Q,MIO_EUR,SCA,S13,P51G,EA21,1996-Q2,
Q,MIO_EUR,SCA,S13,P51G,EA21,1996-Q3,
Q,MIO_EUR,SCA,S13,P51G,EA21,1996-Q4,
Q,MIO_EUR,SCA,S13,P51G,EA21,1997-Q1,
Q,MIO_EUR,SCA,S13,P51G,EA21,1997-Q2,
Q,MIO_EUR,SCA,S13,P51G,EA21,1997-Q3,
Q,MIO_EUR,SCA,S13,P51G,EA21,1997-Q4,
Q,MIO_EUR,SCA,S13,P51G,EA21,1998-Q1,
Q,MIO_EUR,SCA,S13,P51G,EA21,1998-Q2,
Q,MIO_EUR,SCA,S13,P51G,EA21,1998-Q3,
Q,MIO_EUR,SCA,S13,P51G,EA21,1998-Q4,
Q,MIO_EUR,SCA,S13,P51G,EA21,1999-Q1,
Q,MIO_EUR,SCA,S13,P51G,EA21,1999-Q2,
Q,MIO_EUR,SCA,S13,P51G,EA21,1999-Q3,
Q,MIO_EUR,SCA,S13,P51G,EA21,1999-Q4,
Q,MIO_EUR,SCA,S13,P51G,EA21,2000-Q1,
Q,MIO_EUR,SCA,S13,P51G,EA21,2000-Q2,
Q,MIO_EUR,SCA,S13,P51G,EA21,2000-Q3,
Q,MIO_EUR,SCA,S13,P51G,EA21,2000-Q4,
Q,MIO_EUR,SCA,S13,P51G,EA21,2001-Q1,
Q,MIO_EUR,SCA,S13,P51G,EA21,2001-Q2,
Q,MIO_EUR,SCA,S13,P51G,EA21,2001-Q3,
Q,MIO_EUR,SCA,S13,P51G,EA21,2001-Q4,
Q,MIO_EUR,SCA,S13,P51G,EA21,2002-Q1,
Q,MIO_EUR,SCA,S13,P51G,EA21,2002-Q2,
Q,MIO_EUR,SCA,S13,P51G,EA21,2002-Q3,
Q,MIO_EUR,SCA,S13,P51G,EA21,2002-Q4,
Q,MIO_EUR,SCA,S13,P51G,EA21,2003-Q1,
Q,MIO_EUR,SCA,S13,P51G,EA21,2003-Q2,
Q,MIO_EUR,SCA,S13,P51G,EA21,2003-Q3,
Q,MIO_EUR,SCA,S13,P51G,EA21,2003-Q4,
Q,MIO_EUR,SCA,S13,P51G,EA21,2004-Q1,
Q,MIO_EUR,SCA,S13,P51G,EA21,2004-Q2,
Q,MIO_EUR,SCA,S13,P51G,EA21,2004-Q3,
Q,MIO_EUR,SCA,S13,P51G,EA21,2004-Q4,
Q,MIO_EUR,SCA,S13,P51G,EA21,2005-Q1,
Q,MIO_EUR,SCA,S13,P51G,EA21,2005-Q2,
Q,MIO_EUR,SCA,S13,P51G,EA21,2005-Q3,
Q,MIO_EUR,SCA,S13,P51G,EA21,2005-Q4,
Q,MIO_EUR,SCA,S13,P51G,EA21,2006-Q1,
Q,MIO_EUR,SCA,S13,P51G,EA21,2006-Q2,
Q,MIO_EUR,SCA,S13,P51G,EA21,2006-Q3,
Q,MIO_EUR,SCA,S13,P51G,EA21,2006-Q4,
Q,MIO_EUR,SCA,S13,P51G,EA21,2007-Q1,
Q,MIO_EUR,SCA,S13,P51G,EA21,2007-Q2,
Q,MIO_EUR,SCA,S13,P51G,EA21,2007-Q3,
Q,MIO_EUR,SCA,S13,P51G,EA21,2007-Q4,
Q,MIO_EUR,SCA,S13,P51G,EA21,2008-Q1,
Q,MIO_EUR,SCA,S13,P51G,EA21,2008-Q2,
Q,MIO_EUR,SCA,S13,P51G,EA21,2008-Q3,
Q,MIO_EUR,SCA,S13,P51G,EA21,2008-Q4,
Q,MIO_EUR,SCA,S13,P51G,EA21,2009-Q1,
Q,MIO_EUR,SCA,S13,P51G,EA21,2009-Q2,
Q,MIO_EUR,SCA,S13,P51G,EA21,2009-Q3,
Q,MIO_EUR,SCA,S13,P51G,EA21,2009-Q4,
Q,MIO_EUR,SCA,S13,P51G,EA21,2010-Q1,
Q,MIO_EUR,SCA,S13,P51G,EA21,2010-Q2,
Q,MIO_EUR,SCA,S13,P51G,EA21,2010-Q3,
Q,MIO_EUR,SCA,S13,P51G,EA21,2010-Q4,
Q,MIO_EUR,SCA,S13,P51G,EA21,2011-Q1,
Q,MIO_EUR,SCA,S13,P51G,EA21,2011-Q2,
Q,MIO_EUR,SCA,S13,P51G,EA21,2011-Q3,
Q,MIO_EUR,SCA,S13,P51G,EA21,2011-Q4,
Q,MIO_EUR,SCA,S13,P51G,EA21,2012-Q1,
Q,MIO_EUR,SCA,S13,P51G,EA21,2012-Q2,
Q,MIO_EUR,SCA,S13,P51G,EA21,2012-Q3,
Q,MIO_EUR,SCA,S13,P51G,EA21,2012-Q4,
Q,MIO_EUR,SCA,S13,P51G,EA21,2013-Q1,
Q,MIO_EUR,SCA,S13,P51G,EA21,2013-Q2,
Q,MIO_EUR,SCA,S13,P51G,EA21,2013-Q3,
Q,MIO_EUR,SCA,S13,P51G,EA21,2013-Q4,
Q,MIO_EUR,SCA,S13,P51G,EA21,2014-Q1,
Q,MIO_EUR,SCA,S13,P51G,EA21,2014-Q2,
Q,MIO_EUR,SCA,S13,P51G,EA21,2014-Q3,
Q,MIO_EUR,SCA,S13,P51G,EA21,2014-Q4,
Q,MIO_EUR,SCA,S13,P51G,EA21,2015-Q1,
Q,MIO_EUR,SCA,S13,P51G,EA21,2015-Q2,
Q,MIO_EUR,SCA,S13,P51G,EA21,2015-Q3,
Q,MIO_EUR,SCA,S13,P51G,EA21,2015-Q4,
Q,MIO_EUR,SCA,S13,P51G,EA21,2016-Q1,
Q,MIO_EUR,SCA,S13,P51G,EA21,2016-Q2,
Q,MIO_EUR,SCA,S13,P51G,EA21,2016-Q3,
Q,MIO_EUR,SCA,S13,P51G,EA21,2016-Q4,
Q,MIO_EUR,SCA,S13,P51G,EA21,2017-Q1,
Q,MIO_EUR,SCA,S13,P51G,EA21,2017-Q2,
Q,MIO_EUR,SCA,S13,P51G,EA21,2017-Q3,
Q,MIO_EUR,SCA,S13,P51G,EA21,2017-Q4,
Q,MIO_EUR,SCA,S13,P51G,EA21,2018-Q1,
Q,MIO_EUR,SCA,S13,P51G,EA21,2018-Q2,
Q,MIO_EUR,SCA,S13,P51G,EA21,2018-Q3,
Q,MIO_EUR,SCA,S13,P51G,EA21,2018-Q4,
Q,MIO_EUR,SCA,S13,P51G,EA21,2019-Q1,
Q,MIO_EUR,SCA,S13,P51G,EA21,2019-Q2,
Q,MIO_EUR,SCA,S13,P51G,EA21,2019-Q3,
Q,MIO_EUR,SCA,S13,P51G,EA21,2019-Q4,
Q,MIO_EUR,SCA,S13,P51G,EA21,2020-Q1,
Q,MIO_EUR,SCA,S13,P51G,EA21,2020-Q2,
Q,MIO_EUR,SCA,S13,P51G,EA21,2020-Q3,
Q,MIO_EUR,SCA,S13,P51G,EA21,2020-Q4,
Q,MIO_EUR,SCA,S13,P51G,EA21,2021-Q1,
Q,MIO_EUR,SCA,S13,P51G,EA21,2021-Q2,
Q,MIO_EUR,SCA,S13,P51G,EA21,2021-Q3,
Q,MIO_EUR,SCA,S13,P51G,EA21,2021-Q4,
Q,MIO_EUR,SCA,S13,P51G,EA21,2022-Q1,
Q,MIO_EUR,SCA,S13,P51G,EA21,2022-Q2,
Q,MIO_EUR,SCA,S13,P51G,EA21,2022-Q3,
Q,MIO_EUR,SCA,S13,P51G,EA21,2022-Q4,
Q,MIO_EUR,SCA,S13,P51G,EA21,2023-Q1,
Q,MIO_EUR,SCA,S13,P51G,EA21,2023-Q2,
Q,MIO_EUR,SCA,S13,P51G,EA21,2023-Q3,
Q,MIO_EUR,SCA,S13,P51G,EA21,2023-Q4,
Q,MIO_EUR,SCA,S13,P51G,EA21,2024-Q1,
Q,MIO_EUR,SCA,S13,P51G,EA21,2024-Q2,
Q,MIO_EUR,SCA,S13,P51G,EA21,2024-Q3,
Q,MIO_EUR,SCA,S13,P51G,EA21,2024-Q4,
Q,MIO_EUR,SCA,S13,P51G,EA21,2025-Q1,
Q,MIO_EUR,SCA,S13,P51G,EA21,2025-Q2,
Q,MIO_EUR,SCA,S13,P51G,EA21,2025-Q3,
Q,MIO_EUR,SCA,S13,P51G,EA21,2025-Q4,
Q,MIO_EUR,SCA,S13,P51G,EA21,2026-Q1,
Q,MIO_EUR,SCA,S13,P51G,EA20,1995-Q1,
Q,MIO_EUR,SCA,S13,P51G,EA20,1995-Q2,
Q,MIO_EUR,SCA,S13,P51G,EA20,1995-Q3,
Q,MIO_EUR,SCA,S13,P51G,EA20,1995-Q4,
Q,MIO_EUR,SCA,S13,P51G,EA20,1996-Q1,
Q,MIO_EUR,SCA,S13,P51G,EA20,1996-Q2,
Q,MIO_EUR,SCA,S13,P51G,EA20,1996-Q3,
Q,MIO_EUR,SCA,S13,P51G,EA20,1996-Q4,
Q,MIO_EUR,SCA,S13,P51G,EA20,1997-Q1,
Q,MIO_EUR,SCA,S13,P51G,EA20,1997-Q2,
Q,MIO_EUR,SCA,S13,P51G,EA20,1997-Q3,
Q,MIO_EUR,SCA,S13,P51G,EA20,1997-Q4,
Q,MIO_EUR,SCA,S13,P51G,EA20,1998-Q1,
Q,MIO_EUR,SCA,S13,P51G,EA20,1998-Q2,
Q,MIO_EUR,SCA,S13,P51G,EA20,1998-Q3,
Q,MIO_EUR,SCA,S13,P51G,EA20,1998-Q4,
Q,MIO_EUR,SCA,S13,P51G,EA20,1999-Q1,
Q,MIO_EUR,SCA,S13,P51G,EA20,1999-Q2,
Q,MIO_EUR,SCA,S13,P51G,EA20,1999-Q3,
Q,MIO_EUR,SCA,S13,P51G,EA20,1999-Q4,
Q,MIO_EUR,SCA,S13,P51G,EA20,2000-Q1,
Q,MIO_EUR,SCA,S13,P51G,EA20,2000-Q2,
Q,MIO_EUR,SCA,S13,P51G,EA20,2000-Q3,
Q,MIO_EUR,SCA,S13,P51G,EA20,2000-Q4,
Q,MIO_EUR,SCA,S13,P51G,EA20,2001-Q1,
Q,MIO_EUR,SCA,S13,P51G,EA20,2001-Q2,
Q,MIO_EUR,SCA,S13,P51G,EA20,2001-Q3,
Q,MIO_EUR,SCA,S13,P51G,EA20,2001-Q4,
Q,MIO_EUR,SCA,S13,P51G,EA20,2002-Q1,
Q,MIO_EUR,SCA,S13,P51G,EA20,2002-Q2,
Q,MIO_EUR,SCA,S13,P51G,EA20,2002-Q3,
Q,MIO_EUR,SCA,S13,P51G,EA20,2002-Q4,
Q,MIO_EUR,SCA,S13,P51G,EA20,2003-Q1,
Q,MIO_EUR,SCA,S13,P51G,EA20,2003-Q2,
Q,MIO_EUR,SCA,S13,P51G,EA20,2003-Q3,
Q,MIO_EUR,SCA,S13,P51G,EA20,2003-Q4,
Q,MIO_EUR,SCA,S13,P51G,EA20,2004-Q1,
Q,MIO_EUR,SCA,S13,P51G,EA20,2004-Q2,
Q,MIO_EUR,SCA,S13,P51G,EA20,2004-Q3,
Q,MIO_EUR,SCA,S13,P51G,EA20,2004-Q4,
Q,MIO_EUR,SCA,S13,P51G,EA20,2005-Q1,
Q,MIO_EUR,SCA,S13,P51G,EA20,2005-Q2,
Q,MIO_EUR,SCA,S13,P51G,EA20,2005-Q3,
Q,MIO_EUR,SCA,S13,P51G,EA20,2005-Q4,
Q,MIO_EUR,SCA,S13,P51G,EA20,2006-Q1,
Q,MIO_EUR,SCA,S13,P51G,EA20,2006-Q2,
Q,MIO_EUR,SCA,S13,P51G,EA20,2006-Q3,
Q,MIO_EUR,SCA,S13,P51G,EA20,2006-Q4,
Q,MIO_EUR,SCA,S13,P51G,EA20,2007-Q1,
Q,MIO_EUR,SCA,S13,P51G,EA20,2007-Q2,
Q,MIO_EUR,SCA,S13,P51G,EA20,2007-Q3,
Q,MIO_EUR,SCA,S13,P51G,EA20,2007-Q4,
Q,MIO_EUR,SCA,S13,P51G,EA20,2008-Q1,
Q,MIO_EUR,SCA,S13,P51G,EA20,2008-Q2,
Q,MIO_EUR,SCA,S13,P51G,EA20,2008-Q3,
Q,MIO_EUR,SCA,S13,P51G,EA20,2008-Q4,
Q,MIO_EUR,SCA,S13,P51G,EA20,2009-Q1,
Q,MIO_EUR,SCA,S13,P51G,EA20,2009-Q2,
Q,MIO_EUR,SCA,S13,P51G,EA20,2009-Q3,
Q,MIO_EUR,SCA,S13,P51G,EA20,2009-Q4,
Q,MIO_EUR,SCA,S13,P51G,EA20,2010-Q1,
Q,MIO_EUR,SCA,S13,P51G,EA20,2010-Q2,
Q,MIO_EUR,SCA,S13,P51G,EA20,2010-Q3,
Q,MIO_EUR,SCA,S13,P51G,EA20,2010-Q4,
Q,MIO_EUR,SCA,S13,P51G,EA20,2011-Q1,
Q,MIO_EUR,SCA,S13,P51G,EA20,2011-Q2,
Q,MIO_EUR,SCA,S13,P51G,EA20,2011-Q3,
Q,MIO_EUR,SCA,S13,P51G,EA20,2011-Q4,
Q,MIO_EUR,SCA,S13,P51G,EA20,2012-Q1,
Q,MIO_EUR,SCA,S13,P51G,EA20,2012-Q2,
Q,MIO_EUR,SCA,S13,P51G,EA20,2012-Q3,
Q,MIO_EUR,SCA,S13,P51G,EA20,2012-Q4,
Q,MIO_EUR,SCA,S13,P51G,EA20,2013-Q1,
Q,MIO_EUR,SCA,S13,P51G,EA20,2013-Q2,
Q,MIO_EUR,SCA,S13,P51G,EA20,2013-Q3,
Q,MIO_EUR,SCA,S13,P51G,EA20,2013-Q4,
Q,MIO_EUR,SCA,S13,P51G,EA20,2014-Q1,
Q,MIO_EUR,SCA,S13,P51G,EA20,2014-Q2,
Q,MIO_EUR,SCA,S13,P51G,EA20,2014-Q3,
Q,MIO_EUR,SCA,S13,P51G,EA20,2014-Q4,
Q,MIO_EUR,SCA,S13,P51G,EA20,2015-Q1,
Q,MIO_EUR,SCA,S13,P51G,EA20,2015-Q2,
Q,MIO_EUR,SCA,S13,P51G,EA20,2015-Q3,
Q,MIO_EUR,SCA,S13,P51G,EA20,2015-Q4,
Q,MIO_EUR,SCA,S13,P51G,EA20,2016-Q1,
Q,MIO_EUR,SCA,S13,P51G,EA20,2016-Q2,
Q,MIO_EUR,SCA,S13,P51G,EA20,2016-Q3,
Q,MIO_EUR,SCA,S13,P51G,EA20,2016-Q4,
Q,MIO_EUR,SCA,S13,P51G,EA20,2017-Q1,
Q,MIO_EUR,SCA,S13,P51G,EA20,2017-Q2,
Q,MIO_EUR,SCA,S13,P51G,EA20,2017-Q3,
Q,MIO_EUR,SCA,S13,P51G,EA20,2017-Q4,
Q,MIO_EUR,SCA,S13,P51G,EA20,2018-Q1,
Q,MIO_EUR,SCA,S13,P51G,EA20,2018-Q2,
Q,MIO_EUR,SCA,S13,P51G,EA20,2018-Q3,
Q,MIO_EUR,SCA,S13,P51G,EA20,2018-Q4,
Q,MIO_EUR,SCA,S13,P51G,EA20,2019-Q1,
Q,MIO_EUR,SCA,S13,P51G,EA20,2019-Q2,
Q,MIO_EUR,SCA,S13,P51G,EA20,2019-Q3,
Q,MIO_EUR,SCA,S13,P51G,EA20,2019-Q4,
Q,MIO_EUR,SCA,S13,P51G,EA20,2020-Q1,
Q,MIO_EUR,SCA,S13,P51G,EA20,2020-Q2,
Q,MIO_EUR,SCA,S13,P51G,EA20,2020-Q3,
Q,MIO_EUR,SCA,S13,P51G,EA20,2020-Q4,
Q,MIO_EUR,SCA,S13,P51G,EA20,2021-Q1,
Q,MIO_EUR,SCA,S13,P51G,EA20,2021-Q2,
Q,MIO_EUR,SCA,S13,P51G,EA20,2021-Q3,
Q,MIO_EUR,SCA,S13,P51G,EA20,2021-Q4,
Q,MIO_EUR,SCA,S13,P51G,EA20,2022-Q1,
Q,MIO_EUR,SCA,S13,P51G,EA20,2022-Q2,
Q,MIO_EUR,SCA,S13,P51G,EA20,2022-Q3,
Q,MIO_EUR,SCA,S13,P51G,EA20,2022-Q4,
Q,MIO_EUR,SCA,S13,P51G,EA20,2023-Q1,
Q,MIO_EUR,SCA,S13,P51G,EA20,2023-Q2,
Q,MIO_EUR,SCA,S13,P51G,EA20,2023-Q3,
Q,MIO_EUR,SCA,S13,P51G,EA20,2023-Q4,
Q,MIO_EUR,SCA,S13,P51G,EA20,2024-Q1,
Q,MIO_EUR,SCA,S13,P51G,EA20,2024-Q2,
Q,MIO_EUR,SCA,S13,P51G,EA20,2024-Q3,
Q,MIO_EUR,SCA,S13,P51G,EA20,2024-Q4,
Q,MIO_EUR,SCA,S13,P51G,EA20,2025-Q1,
Q,MIO_EUR,SCA,S13,P51G,EA20,2025-Q2,
Q,MIO_EUR,SCA,S13,P51G,EA20,2025-Q3,
Q,MIO_EUR,SCA,S13,P51G,EA20,2025-Q4,
Q,MIO_EUR,SCA,S13,P51G,EA20,2026-Q1,
Q,MIO_EUR,SCA,S13,P51G,EA19,1995-Q1,
Q,MIO_EUR,SCA,S13,P51G,EA19,1995-Q2,
Q,MIO_EUR,SCA,S13,P51G,EA19,1995-Q3,
Q,MIO_EUR,SCA,S13,P51G,EA19,1995-Q4,
Q,MIO_EUR,SCA,S13,P51G,EA19,1996-Q1,
Q,MIO_EUR,SCA,S13,P51G,EA19,1996-Q2,
Q,MIO_EUR,SCA,S13,P51G,EA19,1996-Q3,
Q,MIO_EUR,SCA,S13,P51G,EA19,1996-Q4,
Q,MIO_EUR,SCA,S13,P51G,EA19,1997-Q1,
Q,MIO_EUR,SCA,S13,P51G,EA19,1997-Q2,
Q,MIO_EUR,SCA,S13,P51G,EA19,1997-Q3,
Q,MIO_EUR,SCA,S13,P51G,EA19,1997-Q4,
Q,MIO_EUR,SCA,S13,P51G,EA19,1998-Q1,
Q,MIO_EUR,SCA,S13,P51G,EA19,1998-Q2,
Q,MIO_EUR,SCA,S13,P51G,EA19,1998-Q3,
Q,MIO_EUR,SCA,S13,P51G,EA19,1998-Q4,
Q,MIO_EUR,SCA,S13,P51G,EA19,1999-Q1,
Q,MIO_EUR,SCA,S13,P51G,EA19,1999-Q2,
Q,MIO_EUR,SCA,S13,P51G,EA19,1999-Q3,
Q,MIO_EUR,SCA,S13,P51G,EA19,1999-Q4,
Q,MIO_EUR,SCA,S13,P51G,EA19,2000-Q1,
Q,MIO_EUR,SCA,S13,P51G,EA19,2000-Q2,
Q,MIO_EUR,SCA,S13,P51G,EA19,2000-Q3,
Q,MIO_EUR,SCA,S13,P51G,EA19,2000-Q4,
Q,MIO_EUR,SCA,S13,P51G,EA19,2001-Q1,
Q,MIO_EUR,SCA,S13,P51G,EA19,2001-Q2,
Q,MIO_EUR,SCA,S13,P51G,EA19,2001-Q3,
Q,MIO_EUR,SCA,S13,P51G,EA19,2001-Q4,
Q,MIO_EUR,SCA,S13,P51G,EA19,2002-Q1,
Q,MIO_EUR,SCA,S13,P51G,EA19,2002-Q2,
Q,MIO_EUR,SCA,S13,P51G,EA19,2002-Q3,
Q,MIO_EUR,SCA,S13,P51G,EA19,2002-Q4,
Q,MIO_EUR,SCA,S13,P51G,EA19,2003-Q1,
Q,MIO_EUR,SCA,S13,P51G,EA19,2003-Q2,
Q,MIO_EUR,SCA,S13,P51G,EA19,2003-Q3,
Q,MIO_EUR,SCA,S13,P51G,EA19,2003-Q4,
Q,MIO_EUR,SCA,S13,P51G,EA19,2004-Q1,
Q,MIO_EUR,SCA,S13,P51G,EA19,2004-Q2,
Q,MIO_EUR,SCA,S13,P51G,EA19,2004-Q3,
Q,MIO_EUR,SCA,S13,P51G,EA19,2004-Q4,
Q,MIO_EUR,SCA,S13,P51G,EA19,2005-Q1,
Q,MIO_EUR,SCA,S13,P51G,EA19,2005-Q2,
Q,MIO_EUR,SCA,S13,P51G,EA19,2005-Q3,
Q,MIO_EUR,SCA,S13,P51G,EA19,2005-Q4,
Q,MIO_EUR,SCA,S13,P51G,EA19,2006-Q1,
Q,MIO_EUR,SCA,S13,P51G,EA19,2006-Q2,
Q,MIO_EUR,SCA,S13,P51G,EA19,2006-Q3,
Q,MIO_EUR,SCA,S13,P51G,EA19,2006-Q4,
Q,MIO_EUR,SCA,S13,P51G,EA19,2007-Q1,
Q,MIO_EUR,SCA,S13,P51G,EA19,2007-Q2,
Q,MIO_EUR,SCA,S13,P51G,EA19,2007-Q3,
Q,MIO_EUR,SCA,S13,P51G,EA19,2007-Q4,
Q,MIO_EUR,SCA,S13,P51G,EA19,2008-Q1,
Q,MIO_EUR,SCA,S13,P51G,EA19,2008-Q2,
Q,MIO_EUR,SCA,S13,P51G,EA19,2008-Q3,
Q,MIO_EUR,SCA,S13,P51G,EA19,2008-Q4,
Q,MIO_EUR,SCA,S13,P51G,EA19,2009-Q1,
Q,MIO_EUR,SCA,S13,P51G,EA19,2009-Q2,
Q,MIO_EUR,SCA,S13,P51G,EA19,2009-Q3,
Q,MIO_EUR,SCA,S13,P51G,EA19,2009-Q4,
Q,MIO_EUR,SCA,S13,P51G,EA19,2010-Q1,
Q,MIO_EUR,SCA,S13,P51G,EA19,2010-Q2,
Q,MIO_EUR,SCA,S13,P51G,EA19,2010-Q3,
Q,MIO_EUR,SCA,S13,P51G,EA19,2010-Q4,
Q,MIO_EUR,SCA,S13,P51G,EA19,2011-Q1,
Q,MIO_EUR,SCA,S13,P51G,EA19,2011-Q2,
Q,MIO_EUR,SCA,S13,P51G,EA19,2011-Q3,
Q,MIO_EUR,SCA,S13,P51G,EA19,2011-Q4,
Q,MIO_EUR,SCA,S13,P51G,EA19,2012-Q1,
Q,MIO_EUR,SCA,S13,P51G,EA19,2012-Q2,
Q,MIO_EUR,SCA,S13,P51G,EA19,2012-Q3,
Q,MIO_EUR,SCA,S13,P51G,EA19,2012-Q4,
Q,MIO_EUR,SCA,S13,P51G,EA19,2013-Q1,
Q,MIO_EUR,SCA,S13,P51G,EA19,2013-Q2,
Q,MIO_EUR,SCA,S13,P51G,EA19,2013-Q3,
Q,MIO_EUR,SCA,S13,P51G,EA19,2013-Q4,
Q,MIO_EUR,SCA,S13,P51G,EA19,2014-Q1,
Q,MIO_EUR,SCA,S13,P51G,EA19,2014-Q2,
Q,MIO_EUR,SCA,S13,P51G,EA19,2014-Q3,
Q,MIO_EUR,SCA,S13,P51G,EA19,2014-Q4,
Q,MIO_EUR,SCA,S13,P51G,EA19,2015-Q1,
Q,MIO_EUR,SCA,S13,P51G,EA19,2015-Q2,
Q,MIO_EUR,SCA,S13,P51G,EA19,2015-Q3,
Q,MIO_EUR,SCA,S13,P51G,EA19,2015-Q4,
Q,MIO_EUR,SCA,S13,P51G,EA19,2016-Q1,
Q,MIO_EUR,SCA,S13,P51G,EA19,2016-Q2,
Q,MIO_EUR,SCA,S13,P51G,EA19,2016-Q3,
Q,MIO_EUR,SCA,S13,P51G,EA19,2016-Q4,
Q,MIO_EUR,SCA,S13,P51G,EA19,2017-Q1,
Q,MIO_EUR,SCA,S13,P51G,EA19,2017-Q2,
Q,MIO_EUR,SCA,S13,P51G,EA19,2017-Q3,
Q,MIO_EUR,SCA,S13,P51G,EA19,2017-Q4,
Q,MIO_EUR,SCA,S13,P51G,EA19,2018-Q1,
Q,MIO_EUR,SCA,S13,P51G,EA19,2018-Q2,
Q,MIO_EUR,SCA,S13,P51G,EA19,2018-Q3,
Q,MIO_EUR,SCA,S13,P51G,EA19,2018-Q4,
Q,MIO_EUR,SCA,S13,P51G,EA19,2019-Q1,
Q,MIO_EUR,SCA,S13,P51G,EA19,2019-Q2,
Q,MIO_EUR,SCA,S13,P51G,EA19,2019-Q3,
Q,MIO_EUR,SCA,S13,P51G,EA19,2019-Q4,
Q,MIO_EUR,SCA,S13,P51G,EA19,2020-Q1,
Q,MIO_EUR,SCA,S13,P51G,EA19,2020-Q2,
Q,MIO_EUR,SCA,S13,P51G,EA19,2020-Q3,
Q,MIO_EUR,SCA,S13,P51G,EA19,2020-Q4,
Q,MIO_EUR,SCA,S13,P51G,EA19,2021-Q1,
Q,MIO_EUR,SCA,S13,P51G,EA19,2021-Q2,
Q,MIO_EUR,SCA,S13,P51G,EA19,2021-Q3,
Q,MIO_EUR,SCA,S13,P51G,EA19,2021-Q4,
Q,MIO_EUR,SCA,S13,P51G,EA19,2022-Q1,
Q,MIO_EUR,SCA,S13,P51G,EA19,2022-Q2,
Q,MIO_EUR,SCA,S13,P51G,EA19,2022-Q3,
Q,MIO_EUR,SCA,S13,P51G,EA19,2022-Q4,
Q,MIO_EUR,SCA,S13,P51G,EA19,2023-Q1,
Q,MIO_EUR,SCA,S13,P51G,EA19,2023-Q2,
Q,MIO_EUR,SCA,S13,P51G,EA19,2023-Q3,
Q,MIO_EUR,SCA,S13,P51G,EA19,2023-Q4,
Q,MIO_EUR,SCA,S13,P51G,EA19,2024-Q1,
Q,MIO_EUR,SCA,S13,P51G,EA19,2024-Q2,
Q,MIO_EUR,SCA,S13,P51G,EA19,2024-Q3,
Q,MIO_EUR,SCA,S13,P51G,EA19,2024-Q4,
Q,MIO_EUR,SCA,S13,P51G,EA19,2025-Q1,
Q,MIO_EUR,SCA,S13,P51G,EA19,2025-Q2,
Q,MIO_EUR,SCA,S13,P51G,EA19,2025-Q3,
Q,MIO_EUR,SCA,S13,P51G,EA19,2025-Q4,
Q,MIO_EUR,SCA,S13,P51G,EA19,2026-Q1,
Q,MIO_EUR,SCA,S13,P51G,BE,1995-Q1,
Q,MIO_EUR,SCA,S13,P51G,BE,1995-Q2,
Q,MIO_EUR,SCA,S13,P51G,BE,1995-Q3,
Q,MIO_EUR,SCA,S13,P51G,BE,1995-Q4,
Q,MIO_EUR,SCA,S13,P51G,BE,1996-Q1,
Q,MIO_EUR,SCA,S13,P51G,BE,1996-Q2,
Q,MIO_EUR,SCA,S13,P51G,BE,1996-Q3,
Q,MIO_EUR,SCA,S13,P51G,BE,1996-Q4,
Q,MIO_EUR,SCA,S13,P51G,BE,1997-Q1,
Q,MIO_EUR,SCA,S13,P51G,BE,1997-Q2,
Q,MIO_EUR,SCA,S13,P51G,BE,1997-Q3,
Q,MIO_EUR,SCA,S13,P51G,BE,1997-Q4,
Q,MIO_EUR,SCA,S13,P51G,BE,1998-Q1,
Q,MIO_EUR,SCA,S13,P51G,BE,1998-Q2,
Q,MIO_EUR,SCA,S13,P51G,BE,1998-Q3,
Q,MIO_EUR,SCA,S13,P51G,BE,1998-Q4,
Q,MIO_EUR,SCA,S13,P51G,BE,1999-Q1,1331.3
Q,MIO_EUR,SCA,S13,P51G,BE,1999-Q2,1416.8
Q,MIO_EUR,SCA,S13,P51G,BE,1999-Q3,1454.8
Q,MIO_EUR,SCA,S13,P51G,BE,1999-Q4,1492.6
Q,MIO_EUR,SCA,S13,P51G,BE,2000-Q1,1510.6
Q,MIO_EUR,SCA,S13,P51G,BE,2000-Q2,1540.6
Q,MIO_EUR,SCA,S13,P51G,BE,2000-Q3,1524.7
Q,MIO_EUR,SCA,S13,P51G,BE,2000-Q4,1522.1
Q,MIO_EUR,SCA,S13,P51G,BE,2001-Q1,1512.4
Q,MIO_EUR,SCA,S13,P51G,BE,2001-Q2,1480.1
Q,MIO_EUR,SCA,S13,P51G,BE,2001-Q3,1465.1
Q,MIO_EUR,SCA,S13,P51G,BE,2001-Q4,1148.7
Q,MIO_EUR,SCA,S13,P51G,BE,2002-Q1,1437.1
Q,MIO_EUR,SCA,S13,P51G,BE,2002-Q2,1434
Q,MIO_EUR,SCA,S13,P51G,BE,2002-Q3,1460.3
Q,MIO_EUR,SCA,S13,P51G,BE,2002-Q4,1310.4
Q,MIO_EUR,SCA,S13,P51G,BE,2003-Q1,1474.9
Q,MIO_EUR,SCA,S13,P51G,BE,2003-Q2,1506.7
Q,MIO_EUR,SCA,S13,P51G,BE,2003-Q3,1558
Q,MIO_EUR,SCA,S13,P51G,BE,2003-Q4,1350.8
Q,MIO_EUR,SCA,S13,P51G,BE,2004-Q1,1614.1
Q,MIO_EUR,SCA,S13,P51G,BE,2004-Q2,1428.6
Q,MIO_EUR,SCA,S13,P51G,BE,2004-Q3,1608.9
Q,MIO_EUR,SCA,S13,P51G,BE,2004-Q4,1324.3
Q,MIO_EUR,SCA,S13,P51G,BE,2005-Q1,1587.9
Q,MIO_EUR,SCA,S13,P51G,BE,2005-Q2,1612.5
Q,MIO_EUR,SCA,S13,P51G,BE,2005-Q3,1635.8
Q,MIO_EUR,SCA,S13,P51G,BE,2005-Q4,1565.5
Q,MIO_EUR,SCA,S13,P51G,BE,2006-Q1,1707.1
Q,MIO_EUR,SCA,S13,P51G,BE,2006-Q2,1715.1
Q,MIO_EUR,SCA,S13,P51G,BE,2006-Q3,1725.1
Q,MIO_EUR,SCA,S13,P51G,BE,2006-Q4,1064.4
Q,MIO_EUR,SCA,S13,P51G,BE,2007-Q1,1747.1
Q,MIO_EUR,SCA,S13,P51G,BE,2007-Q2,1681.5
Q,MIO_EUR,SCA,S13,P51G,BE,2007-Q3,1709.6
Q,MIO_EUR,SCA,S13,P51G,BE,2007-Q4,1679.4
Q,MIO_EUR,SCA,S13,P51G,BE,2008-Q1,1710.8
Q,MIO_EUR,SCA,S13,P51G,BE,2008-Q2,1797.7
Q,MIO_EUR,SCA,S13,P51G,BE,2008-Q3,1791.3
Q,MIO_EUR,SCA,S13,P51G,BE,2008-Q4,1875.4
Q,MIO_EUR,SCA,S13,P51G,BE,2009-Q1,1886.1
Q,MIO_EUR,SCA,S13,P51G,BE,2009-Q2,1967.5
Q,MIO_EUR,SCA,S13,P51G,BE,2009-Q3,1975.2
Q,MIO_EUR,SCA,S13,P51G,BE,2009-Q4,2021.7
Q,MIO_EUR,SCA,S13,P51G,BE,2010-Q1,2006.7
Q,MIO_EUR,SCA,S13,P51G,BE,2010-Q2,2024.6
Q,MIO_EUR,SCA,S13,P51G,BE,2010-Q3,2048.6
Q,MIO_EUR,SCA,S13,P51G,BE,2010-Q4,2060.9
Q,MIO_EUR,SCA,S13,P51G,BE,2011-Q1,2159.3
Q,MIO_EUR,SCA,S13,P51G,BE,2011-Q2,2212.6
Q,MIO_EUR,SCA,S13,P51G,BE,2011-Q3,2290
Q,MIO_EUR,SCA,S13,P51G,BE,2011-Q4,2311.6
Q,MIO_EUR,SCA,S13,P51G,BE,2012-Q1,2381.6
Q,MIO_EUR,SCA,S13,P51G,BE,2012-Q2,2385.8
Q,MIO_EUR,SCA,S13,P51G,BE,2012-Q3,2395.2
Q,MIO_EUR,SCA,S13,P51G,BE,2012-Q4,2432.5
Q,MIO_EUR,SCA,S13,P51G,BE,2013-Q1,2302
Q,MIO_EUR,SCA,S13,P51G,BE,2013-Q2,2282.5
Q,MIO_EUR,SCA,S13,P51G,BE,2013-Q3,2305
Q,MIO_EUR,SCA,S13,P51G,BE,2013-Q4,2284.9
Q,MIO_EUR,SCA,S13,P51G,BE,2014-Q1,2566.8
Q,MIO_EUR,SCA,S13,P51G,BE,2014-Q2,2599.8
Q,MIO_EUR,SCA,S13,P51G,BE,2014-Q3,2559.7
Q,MIO_EUR,SCA,S13,P51G,BE,2014-Q4,2581.6
Q,MIO_EUR,SCA,S13,P51G,BE,2015-Q1,2602.1
Q,MIO_EUR,SCA,S13,P51G,BE,2015-Q2,2574.9
Q,MIO_EUR,SCA,S13,P51G,BE,2015-Q3,2607.3
Q,MIO_EUR,SCA,S13,P51G,BE,2015-Q4,2572.3
Q,MIO_EUR,SCA,S13,P51G,BE,2016-Q1,2613.3
Q,MIO_EUR,SCA,S13,P51G,BE,2016-Q2,2596.9
Q,MIO_EUR,SCA,S13,P51G,BE,2016-Q3,2595.6
Q,MIO_EUR,SCA,S13,P51G,BE,2016-Q4,2644
Q,MIO_EUR,SCA,S13,P51G,BE,2017-Q1,2600.5
Q,MIO_EUR,SCA,S13,P51G,BE,2017-Q2,2682.8
Q,MIO_EUR,SCA,S13,P51G,BE,2017-Q3,2739.9
Q,MIO_EUR,SCA,S13,P51G,BE,2017-Q4,2861
Q,MIO_EUR,SCA,S13,P51G,BE,2018-Q1,2960.6
Q,MIO_EUR,SCA,S13,P51G,BE,2018-Q2,3040.7
Q,MIO_EUR,SCA,S13,P51G,BE,2018-Q3,3091.6
Q,MIO_EUR,SCA,S13,P51G,BE,2018-Q4,3156.3
Q,MIO_EUR,SCA,S13,P51G,BE,2019-Q1,3195.4
Q,MIO_EUR,SCA,S13,P51G,BE,2019-Q2,3115.3
Q,MIO_EUR,SCA,S13,P51G,BE,2019-Q3,3211.2
Q,MIO_EUR,SCA,S13,P51G,BE,2019-Q4,3115.9
Q,MIO_EUR,SCA,S13,P51G,BE,2020-Q1,3242.3
Q,MIO_EUR,SCA,S13,P51G,BE,2020-Q2,3161.3
Q,MIO_EUR,SCA,S13,P51G,BE,2020-Q3,3156.3
Q,MIO_EUR,SCA,S13,P51G,BE,2020-Q4,3195.2
Q,MIO_EUR,SCA,S13,P51G,BE,2021-Q1,3254.5
Q,MIO_EUR,SCA,S13,P51G,BE,2021-Q2,3279.1
Q,MIO_EUR,SCA,S13,P51G,BE,2021-Q3,3628
Q,MIO_EUR,SCA,S13,P51G,BE,2021-Q4,3855.7
Q,MIO_EUR,SCA,S13,P51G,BE,2022-Q1,3560.3
Q,MIO_EUR,SCA,S13,P51G,BE,2022-Q2,3892.4
Q,MIO_EUR,SCA,S13,P51G,BE,2022-Q3,3933.6
Q,MIO_EUR,SCA,S13,P51G,BE,2022-Q4,3943.9
Q,MIO_EUR,SCA,S13,P51G,BE,2023-Q1,4118.3
Q,MIO_EUR,SCA,S13,P51G,BE,2023-Q2,4249.9
Q,MIO_EUR,SCA,S13,P51G,BE,2023-Q3,4355.3
Q,MIO_EUR,SCA,S13,P51G,BE,2023-Q4,4456.8
Q,MIO_EUR,SCA,S13,P51G,BE,2024-Q1,4547.8
Q,MIO_EUR,SCA,S13,P51G,BE,2024-Q2,4731.8
Q,MIO_EUR,SCA,S13,P51G,BE,2024-Q3,4657.5
Q,MIO_EUR,SCA,S13,P51G,BE,2024-Q4,5430.2
Q,MIO_EUR,SCA,S13,P51G,BE,2025-Q1,5130.4
Q,MIO_EUR,SCA,S13,P51G,BE,2025-Q2,4817.4
Q,MIO_EUR,SCA,S13,P51G,BE,2025-Q3,4683.4
Q,MIO_EUR,SCA,S13,P51G,BE,2025-Q4,5315.6
Q,MIO_EUR,SCA,S13,P51G,BE,2026-Q1,5302.3
Q,MIO_EUR,SCA,S13,P51G,BG,1995-Q1,
Q,MIO_EUR,SCA,S13,P51G,BG,1995-Q2,
Q,MIO_EUR,SCA,S13,P51G,BG,1995-Q3,
Q,MIO_EUR,SCA,S13,P51G,BG,1995-Q4,
Q,MIO_EUR,SCA,S13,P51G,BG,1996-Q1,
Q,MIO_EUR,SCA,S13,P51G,BG,1996-Q2,
Q,MIO_EUR,SCA,S13,P51G,BG,1996-Q3,
Q,MIO_EUR,SCA,S13,P51G,BG,1996-Q4,
Q,MIO_EUR,SCA,S13,P51G,BG,1997-Q1,
Q,MIO_EUR,SCA,S13,P51G,BG,1997-Q2,
Q,MIO_EUR,SCA,S13,P51G,BG,1997-Q3,
Q,MIO_EUR,SCA,S13,P51G,BG,1997-Q4,
Q,MIO_EUR,SCA,S13,P51G,BG,1998-Q1,
Q,MIO_EUR,SCA,S13,P51G,BG,1998-Q2,
Q,MIO_EUR,SCA,S13,P51G,BG,1998-Q3,
Q,MIO_EUR,SCA,S13,P51G,BG,1998-Q4,
Q,MIO_EUR,SCA,S13,P51G,BG,1999-Q1,
Q,MIO_EUR,SCA,S13,P51G,BG,1999-Q2,
Q,MIO_EUR,SCA,S13,P51G,BG,1999-Q3,
Q,MIO_EUR,SCA,S13,P51G,BG,1999-Q4,
Q,MIO_EUR,SCA,S13,P51G,BG,2000-Q1,
Q,MIO_EUR,SCA,S13,P51G,BG,2000-Q2,
Q,MIO_EUR,SCA,S13,P51G,BG,2000-Q3,
Q,MIO_EUR,SCA,S13,P51G,BG,2000-Q4,
Q,MIO_EUR,SCA,S13,P51G,BG,2001-Q1,
Q,MIO_EUR,SCA,S13,P51G,BG,2001-Q2,
Q,MIO_EUR,SCA,S13,P51G,BG,2001-Q3,
Q,MIO_EUR,SCA,S13,P51G,BG,2001-Q4,
Q,MIO_EUR,SCA,S13,P51G,BG,2002-Q1,
Q,MIO_EUR,SCA,S13,P51G,BG,2002-Q2,
Q,MIO_EUR,SCA,S13,P51G,BG,2002-Q3,
Q,MIO_EUR,SCA,S13,P51G,BG,2002-Q4,
Q,MIO_EUR,SCA,S13,P51G,BG,2003-Q1,
Q,MIO_EUR,SCA,S13,P51G,BG,2003-Q2,
Q,MIO_EUR,SCA,S13,P51G,BG,2003-Q3,
Q,MIO_EUR,SCA,S13,P51G,BG,2003-Q4,
Q,MIO_EUR,SCA,S13,P51G,BG,2004-Q1,
Q,MIO_EUR,SCA,S13,P51G,BG,2004-Q2,
Q,MIO_EUR,SCA,S13,P51G,BG,2004-Q3,
Q,MIO_EUR,SCA,S13,P51G,BG,2004-Q4,
Q,MIO_EUR,SCA,S13,P51G,BG,2005-Q1,
Q,MIO_EUR,SCA,S13,P51G,BG,2005-Q2,
Q,MIO_EUR,SCA,S13,P51G,BG,2005-Q3,
Q,MIO_EUR,SCA,S13,P51G,BG,2005-Q4,
Q,MIO_EUR,SCA,S13,P51G,BG,2006-Q1,
Q,MIO_EUR,SCA,S13,P51G,BG,2006-Q2,
Q,MIO_EUR,SCA,S13,P51G,BG,2006-Q3,
Q,MIO_EUR,SCA,S13,P51G,BG,2006-Q4,
Q,MIO_EUR,SCA,S13,P51G,BG,2007-Q1,
Q,MIO_EUR,SCA,S13,P51G,BG,2007-Q2,
Q,MIO_EUR,SCA,S13,P51G,BG,2007-Q3,
Q,MIO_EUR,SCA,S13,P51G,BG,2007-Q4,
Q,MIO_EUR,SCA,S13,P51G,BG,2008-Q1,
Q,MIO_EUR,SCA,S13,P51G,BG,2008-Q2,
Q,MIO_EUR,SCA,S13,P51G,BG,2008-Q3,
Q,MIO_EUR,SCA,S13,P51G,BG,2008-Q4,
Q,MIO_EUR,SCA,S13,P51G,BG,2009-Q1,
Q,MIO_EUR,SCA,S13,P51G,BG,2009-Q2,
Q,MIO_EUR,SCA,S13,P51G,BG,2009-Q3,
Q,MIO_EUR,SCA,S13,P51G,BG,2009-Q4,
Q,MIO_EUR,SCA,S13,P51G,BG,2010-Q1,
Q,MIO_EUR,SCA,S13,P51G,BG,2010-Q2,
Q,MIO_EUR,SCA,S13,P51G,BG,2010-Q3,
Q,MIO_EUR,SCA,S13,P51G,BG,2010-Q4,
Q,MIO_EUR,SCA,S13,P51G,BG,2011-Q1,
Q,MIO_EUR,SCA,S13,P51G,BG,2011-Q2,
Q,MIO_EUR,SCA,S13,P51G,BG,2011-Q3,
Q,MIO_EUR,SCA,S13,P51G,BG,2011-Q4,
Q,MIO_EUR,SCA,S13,P51G,BG,2012-Q1,
Q,MIO_EUR,SCA,S13,P51G,BG,2012-Q2,
Q,MIO_EUR,SCA,S13,P51G,BG,2012-Q3,
Q,MIO_EUR,SCA,S13,P51G,BG,2012-Q4,
Q,MIO_EUR,SCA,S13,P51G,BG,2013-Q1,
Q,MIO_EUR,SCA,S13,P51G,BG,2013-Q2,
Q,MIO_EUR,SCA,S13,P51G,BG,2013-Q3,
Q,MIO_EUR,SCA,S13,P51G,BG,2013-Q4,
Q,MIO_EUR,SCA,S13,P51G,BG,2014-Q1,
Q,MIO_EUR,SCA,S13,P51G,BG,2014-Q2,
Q,MIO_EUR,SCA,S13,P51G,BG,2014-Q3,
Q,MIO_EUR,SCA,S13,P51G,BG,2014-Q4,
Q,MIO_EUR,SCA,S13,P51G,BG,2015-Q1,
Q,MIO_EUR,SCA,S13,P51G,BG,2015-Q2,
Q,MIO_EUR,SCA,S13,P51G,BG,2015-Q3,
Q,MIO_EUR,SCA,S13,P51G,BG,2015-Q4,
Q,MIO_EUR,SCA,S13,P51G,BG,2016-Q1,
Q,MIO_EUR,SCA,S13,P51G,BG,2016-Q2,
Q,MIO_EUR,SCA,S13,P51G,BG,2016-Q3,
Q,MIO_EUR,SCA,S13,P51G,BG,2016-Q4,
Q,MIO_EUR,SCA,S13,P51G,BG,2017-Q1,
Q,MIO_EUR,SCA,S13,P51G,BG,2017-Q2,
Q,MIO_EUR,SCA,S13,P51G,BG,2017-Q3,
Q,MIO_EUR,SCA,S13,P51G,BG,2017-Q4,
Q,MIO_EUR,SCA,S13,P51G,BG,2018-Q1,
Q,MIO_EUR,SCA,S13,P51G,BG,2018-Q2,
Q,MIO_EUR,SCA,S13,P51G,BG,2018-Q3,
Q,MIO_EUR,SCA,S13,P51G,BG,2018-Q4,
Q,MIO_EUR,SCA,S13,P51G,BG,2019-Q1,
Q,MIO_EUR,SCA,S13,P51G,BG,2019-Q2,
Q,MIO_EUR,SCA,S13,P51G,BG,2019-Q3,
Q,MIO_EUR,SCA,S13,P51G,BG,2019-Q4,
Q,MIO_EUR,SCA,S13,P51G,BG,2020-Q1,
Q,MIO_EUR,SCA,S13,P51G,BG,2020-Q2,
Q,MIO_EUR,SCA,S13,P51G,BG,2020-Q3,
Q,MIO_EUR,SCA,S13,P51G,BG,2020-Q4,
Q,MIO_EUR,SCA,S13,P51G,BG,2021-Q1,
Q,MIO_EUR,SCA,S13,P51G,BG,2021-Q2,
Q,MIO_EUR,SCA,S13,P51G,BG,2021-Q3,
Q,MIO_EUR,SCA,S13,P51G,BG,2021-Q4,
Q,MIO_EUR,SCA,S13,P51G,BG,2022-Q1,
Q,MIO_EUR,SCA,S13,P51G,BG,2022-Q2,
Q,MIO_EUR,SCA,S13,P51G,BG,2022-Q3,
Q,MIO_EUR,SCA,S13,P51G,BG,2022-Q4,
Q,MIO_EUR,SCA,S13,P51G,BG,2023-Q1,
Q,MIO_EUR,SCA,S13,P51G,BG,2023-Q2,
Q,MIO_EUR,SCA,S13,P51G,BG,2023-Q3,
Q,MIO_EUR,SCA,S13,P51G,BG,2023-Q4,
Q,MIO_EUR,SCA,S13,P51G,BG,2024-Q1,
Q,MIO_EUR,SCA,S13,P51G,BG,2024-Q2,
Q,MIO_EUR,SCA,S13,P51G,BG,2024-Q3,
Q,MIO_EUR,SCA,S13,P51G,BG,2024-Q4,
Q,MIO_EUR,SCA,S13,P51G,BG,2025-Q1,
Q,MIO_EUR,SCA,S13,P51G,BG,2025-Q2,
Q,MIO_EUR,SCA,S13,P51G,BG,2025-Q3,
Q,MIO_EUR,SCA,S13,P51G,BG,2025-Q4,
Q,MIO_EUR,SCA,S13,P51G,BG,2026-Q1,
Q,MIO_EUR,SCA,S13,P51G,CZ,1995-Q1,
Q,MIO_EUR,SCA,S13,P51G,CZ,1995-Q2,
Q,MIO_EUR,SCA,S13,P51G,CZ,1995-Q3,
Q,MIO_EUR,SCA,S13,P51G,CZ,1995-Q4,
Q,MIO_EUR,SCA,S13,P51G,CZ,1996-Q1,
Q,MIO_EUR,SCA,S13,P51G,CZ,1996-Q2,
Q,MIO_EUR,SCA,S13,P51G,CZ,1996-Q3,
Q,MIO_EUR,SCA,S13,P51G,CZ,1996-Q4,
Q,MIO_EUR,SCA,S13,P51G,CZ,1997-Q1,
Q,MIO_EUR,SCA,S13,P51G,CZ,1997-Q2,
Q,MIO_EUR,SCA,S13,P51G,CZ,1997-Q3,
Q,MIO_EUR,SCA,S13,P51G,CZ,1997-Q4,
Q,MIO_EUR,SCA,S13,P51G,CZ,1998-Q1,
Q,MIO_EUR,SCA,S13,P51G,CZ,1998-Q2,
Q,MIO_EUR,SCA,S13,P51G,CZ,1998-Q3,
Q,MIO_EUR,SCA,S13,P51G,CZ,1998-Q4,
Q,MIO_EUR,SCA,S13,P51G,CZ,1999-Q1,
Q,MIO_EUR,SCA,S13,P51G,CZ,1999-Q2,
Q,MIO_EUR,SCA,S13,P51G,CZ,1999-Q3,
Q,MIO_EUR,SCA,S13,P51G,CZ,1999-Q4,
Q,MIO_EUR,SCA,S13,P51G,CZ,2000-Q1,
Q,MIO_EUR,SCA,S13,P51G,CZ,2000-Q2,
Q,MIO_EUR,SCA,S13,P51G,CZ,2000-Q3,
Q,MIO_EUR,SCA,S13,P51G,CZ,2000-Q4,
Q,MIO_EUR,SCA,S13,P51G,CZ,2001-Q1,
Q,MIO_EUR,SCA,S13,P51G,CZ,2001-Q2,
Q,MIO_EUR,SCA,S13,P51G,CZ,2001-Q3,
Q,MIO_EUR,SCA,S13,P51G,CZ,2001-Q4,
Q,MIO_EUR,SCA,S13,P51G,CZ,2002-Q1,
Q,MIO_EUR,SCA,S13,P51G,CZ,2002-Q2,
Q,MIO_EUR,SCA,S13,P51G,CZ,2002-Q3,
Q,MIO_EUR,SCA,S13,P51G,CZ,2002-Q4,
Q,MIO_EUR,SCA,S13,P51G,CZ,2003-Q1,
Q,MIO_EUR,SCA,S13,P51G,CZ,2003-Q2,
Q,MIO_EUR,SCA,S13,P51G,CZ,2003-Q3,
Q,MIO_EUR,SCA,S13,P51G,CZ,2003-Q4,
Q,MIO_EUR,SCA,S13,P51G,CZ,2004-Q1,
Q,MIO_EUR,SCA,S13,P51G,CZ,2004-Q2,
Q,MIO_EUR,SCA,S13,P51G,CZ,2004-Q3,
Q,MIO_EUR,SCA,S13,P51G,CZ,2004-Q4,
Q,MIO_EUR,SCA,S13,P51G,CZ,2005-Q1,
Q,MIO_EUR,SCA,S13,P51G,CZ,2005-Q2,
Q,MIO_EUR,SCA,S13,P51G,CZ,2005-Q3,
Q,MIO_EUR,SCA,S13,P51G,CZ,2005-Q4,
Q,MIO_EUR,SCA,S13,P51G,CZ,2006-Q1,
Q,MIO_EUR,SCA,S13,P51G,CZ,2006-Q2,
Q,MIO_EUR,SCA,S13,P51G,CZ,2006-Q3,
Q,MIO_EUR,SCA,S13,P51G,CZ,2006-Q4,
Q,MIO_EUR,SCA,S13,P51G,CZ,2007-Q1,
Q,MIO_EUR,SCA,S13,P51G,CZ,2007-Q2,
Q,MIO_EUR,SCA,S13,P51G,CZ,2007-Q3,
Q,MIO_EUR,SCA,S13,P51G,CZ,2007-Q4,
Q,MIO_EUR,SCA,S13,P51G,CZ,2008-Q1,
Q,MIO_EUR,SCA,S13,P51G,CZ,2008-Q2,
Q,MIO_EUR,SCA,S13,P51G,CZ,2008-Q3,
Q,MIO_EUR,SCA,S13,P51G,CZ,2008-Q4,
Q,MIO_EUR,SCA,S13,P51G,CZ,2009-Q1,
Q,MIO_EUR,SCA,S13,P51G,CZ,2009-Q2,
Q,MIO_EUR,SCA,S13,P51G,CZ,2009-Q3,
Q,MIO_EUR,SCA,S13,P51G,CZ,2009-Q4,
Q,MIO_EUR,SCA,S13,P51G,CZ,2010-Q1,
Q,MIO_EUR,SCA,S13,P51G,CZ,2010-Q2,
Q,MIO_EUR,SCA,S13,P51G,CZ,2010-Q3,
Q,MIO_EUR,SCA,S13,P51G,CZ,2010-Q4,
Q,MIO_EUR,SCA,S13,P51G,CZ,2011-Q1,
Q,MIO_EUR,SCA,S13,P51G,CZ,2011-Q2,
Q,MIO_EUR,SCA,S13,P51G,CZ,2011-Q3,
Q,MIO_EUR,SCA,S13,P51G,CZ,2011-Q4,
Q,MIO_EUR,SCA,S13,P51G,CZ,2012-Q1,
Q,MIO_EUR,SCA,S13,P51G,CZ,2012-Q2,
Q,MIO_EUR,SCA,S13,P51G,CZ,2012-Q3,
Q,MIO_EUR,SCA,S13,P51G,CZ,2012-Q4,
Q,MIO_EUR,SCA,S13,P51G,CZ,2013-Q1,
Q,MIO_EUR,SCA,S13,P51G,CZ,2013-Q2,
Q,MIO_EUR,SCA,S13,P51G,CZ,2013-Q3,
Q,MIO_EUR,SCA,S13,P51G,CZ,2013-Q4,
Q,MIO_EUR,SCA,S13,P51G,CZ,2014-Q1,
Q,MIO_EUR,SCA,S13,P51G,CZ,2014-Q2,
Q,MIO_EUR,SCA,S13,P51G,CZ,2014-Q3,
Q,MIO_EUR,SCA,S13,P51G,CZ,2014-Q4,
Q,MIO_EUR,SCA,S13,P51G,CZ,2015-Q1,
Q,MIO_EUR,SCA,S13,P51G,CZ,2015-Q2,
Q,MIO_EUR,SCA,S13,P51G,CZ,2015-Q3,
Q,MIO_EUR,SCA,S13,P51G,CZ,2015-Q4,
Q,MIO_EUR,SCA,S13,P51G,CZ,2016-Q1,
Q,MIO_EUR,SCA,S13,P51G,CZ,2016-Q2,
Q,MIO_EUR,SCA,S13,P51G,CZ,2016-Q3,
Q,MIO_EUR,SCA,S13,P51G,CZ,2016-Q4,
Q,MIO_EUR,SCA,S13,P51G,CZ,2017-Q1,
Q,MIO_EUR,SCA,S13,P51G,CZ,2017-Q2,
Q,MIO_EUR,SCA,S13,P51G,CZ,2017-Q3,
Q,MIO_EUR,SCA,S13,P51G,CZ,2017-Q4,
Q,MIO_EUR,SCA,S13,P51G,CZ,2018-Q1,
Q,MIO_EUR,SCA,S13,P51G,CZ,2018-Q2,
Q,MIO_EUR,SCA,S13,P51G,CZ,2018-Q3,
Q,MIO_EUR,SCA,S13,P51G,CZ,2018-Q4,
Q,MIO_EUR,SCA,S13,P51G,CZ,2019-Q1,
Q,MIO_EUR,SCA,S13,P51G,CZ,2019-Q2,
Q,MIO_EUR,SCA,S13,P51G,CZ,2019-Q3,
Q,MIO_EUR,SCA,S13,P51G,CZ,2019-Q4,
Q,MIO_EUR,SCA,S13,P51G,CZ,2020-Q1,
Q,MIO_EUR,SCA,S13,P51G,CZ,2020-Q2,
Q,MIO_EUR,SCA,S13,P51G,CZ,2020-Q3,
Q,MIO_EUR,SCA,S13,P51G,CZ,2020-Q4,
Q,MIO_EUR,SCA,S13,P51G,CZ,2021-Q1,
Q,MIO_EUR,SCA,S13,P51G,CZ,2021-Q2,
Q,MIO_EUR,SCA,S13,P51G,CZ,2021-Q3,
Q,MIO_EUR,SCA,S13,P51G,CZ,2021-Q4,
Q,MIO_EUR,SCA,S13,P51G,CZ,2022-Q1,
Q,MIO_EUR,SCA,S13,P51G,CZ,2022-Q2,
Q,MIO_EUR,SCA,S13,P51G,CZ,2022-Q3,
Q,MIO_EUR,SCA,S13,P51G,CZ,2022-Q4,
Q,MIO_EUR,SCA,S13,P51G,CZ,2023-Q1,
Q,MIO_EUR,SCA,S13,P51G,CZ,2023-Q2,
Q,MIO_EUR,SCA,S13,P51G,CZ,2023-Q3,
Q,MIO_EUR,SCA,S13,P51G,CZ,2023-Q4,
Q,MIO_EUR,SCA,S13,P51G,CZ,2024-Q1,
Q,MIO_EUR,SCA,S13,P51G,CZ,2024-Q2,
Q,MIO_EUR,SCA,S13,P51G,CZ,2024-Q3,
Q,MIO_EUR,SCA,S13,P51G,CZ,2024-Q4,
Q,MIO_EUR,SCA,S13,P51G,CZ,2025-Q1,
Q,MIO_EUR,SCA,S13,P51G,CZ,2025-Q2,
Q,MIO_EUR,SCA,S13,P51G,CZ,2025-Q3,
Q,MIO_EUR,SCA,S13,P51G,CZ,2025-Q4,
Q,MIO_EUR,SCA,S13,P51G,CZ,2026-Q1,
Q,MIO_EUR,SCA,S13,P51G,DK,1995-Q1,
Q,MIO_EUR,SCA,S13,P51G,DK,1995-Q2,
Q,MIO_EUR,SCA,S13,P51G,DK,1995-Q3,
Q,MIO_EUR,SCA,S13,P51G,DK,1995-Q4,
Q,MIO_EUR,SCA,S13,P51G,DK,1996-Q1,
Q,MIO_EUR,SCA,S13,P51G,DK,1996-Q2,
Q,MIO_EUR,SCA,S13,P51G,DK,1996-Q3,
Q,MIO_EUR,SCA,S13,P51G,DK,1996-Q4,
Q,MIO_EUR,SCA,S13,P51G,DK,1997-Q1,
Q,MIO_EUR,SCA,S13,P51G,DK,1997-Q2,
Q,MIO_EUR,SCA,S13,P51G,DK,1997-Q3,
Q,MIO_EUR,SCA,S13,P51G,DK,1997-Q4,
Q,MIO_EUR,SCA,S13,P51G,DK,1998-Q1,
Q,MIO_EUR,SCA,S13,P51G,DK,1998-Q2,
Q,MIO_EUR,SCA,S13,P51G,DK,1998-Q3,
Q,MIO_EUR,SCA,S13,P51G,DK,1998-Q4,
Q,MIO_EUR,SCA,S13,P51G,DK,1999-Q1,
Q,MIO_EUR,SCA,S13,P51G,DK,1999-Q2,
Q,MIO_EUR,SCA,S13,P51G,DK,1999-Q3,
Q,MIO_EUR,SCA,S13,P51G,DK,1999-Q4,
Q,MIO_EUR,SCA,S13,P51G,DK,2000-Q1,
Q,MIO_EUR,SCA,S13,P51G,DK,2000-Q2,
Q,MIO_EUR,SCA,S13,P51G,DK,2000-Q3,
Q,MIO_EUR,SCA,S13,P51G,DK,2000-Q4,
Q,MIO_EUR,SCA,S13,P51G,DK,2001-Q1,
Q,MIO_EUR,SCA,S13,P51G,DK,2001-Q2,
Q,MIO_EUR,SCA,S13,P51G,DK,2001-Q3,
Q,MIO_EUR,SCA,S13,P51G,DK,2001-Q4,
Q,MIO_EUR,SCA,S13,P51G,DK,2002-Q1,
Q,MIO_EUR,SCA,S13,P51G,DK,2002-Q2,
Q,MIO_EUR,SCA,S13,P51G,DK,2002-Q3,
Q,MIO_EUR,SCA,S13,P51G,DK,2002-Q4,
Q,MIO_EUR,SCA,S13,P51G,DK,2003-Q1,
Q,MIO_EUR,SCA,S13,P51G,DK,2003-Q2,
Q,MIO_EUR,SCA,S13,P51G,DK,2003-Q3,
Q,MIO_EUR,SCA,S13,P51G,DK,2003-Q4,
Q,MIO_EUR,SCA,S13,P51G,DK,2004-Q1,
Q,MIO_EUR,SCA,S13,P51G,DK,2004-Q2,
Q,MIO_EUR,SCA,S13,P51G,DK,2004-Q3,
Q,MIO_EUR,SCA,S13,P51G,DK,2004-Q4,
Q,MIO_EUR,SCA,S13,P51G,DK,2005-Q1,
Q,MIO_EUR,SCA,S13,P51G,DK,2005-Q2,
Q,MIO_EUR,SCA,S13,P51G,DK,2005-Q3,
Q,MIO_EUR,SCA,S13,P51G,DK,2005-Q4,
Q,MIO_EUR,SCA,S13,P51G,DK,2006-Q1,
Q,MIO_EUR,SCA,S13,P51G,DK,2006-Q2,
Q,MIO_EUR,SCA,S13,P51G,DK,2006-Q3,
Q,MIO_EUR,SCA,S13,P51G,DK,2006-Q4,
Q,MIO_EUR,SCA,S13,P51G,DK,2007-Q1,
Q,MIO_EUR,SCA,S13,P51G,DK,2007-Q2,
Q,MIO_EUR,SCA,S13,P51G,DK,2007-Q3,
Q,MIO_EUR,SCA,S13,P51G,DK,2007-Q4,
Q,MIO_EUR,SCA,S13,P51G,DK,2008-Q1,
Q,MIO_EUR,SCA,S13,P51G,DK,2008-Q2,
Q,MIO_EUR,SCA,S13,P51G,DK,2008-Q3,
Q,MIO_EUR,SCA,S13,P51G,DK,2008-Q4,
Q,MIO_EUR,SCA,S13,P51G,DK,2009-Q1,
Q,MIO_EUR,SCA,S13,P51G,DK,2009-Q2,
Q,MIO_EUR,SCA,S13,P51G,DK,2009-Q3,
Q,MIO_EUR,SCA,S13,P51G,DK,2009-Q4,
Q,MIO_EUR,SCA,S13,P51G,DK,2010-Q1,
Q,MIO_EUR,SCA,S13,P51G,DK,2010-Q2,
Q,MIO_EUR,SCA,S13,P51G,DK,2010-Q3,
Q,MIO_EUR,SCA,S13,P51G,DK,2010-Q4,
Q,MIO_EUR,SCA,S13,P51G,DK,2011-Q1,
Q,MIO_EUR,SCA,S13,P51G,DK,2011-Q2,
Q,MIO_EUR,SCA,S13,P51G,DK,2011-Q3,
Q,MIO_EUR,SCA,S13,P51G,DK,2011-Q4,
Q,MIO_EUR,SCA,S13,P51G,DK,2012-Q1,
Q,MIO_EUR,SCA,S13,P51G,DK,2012-Q2,
Q,MIO_EUR,SCA,S13,P51G,DK,2012-Q3,
Q,MIO_EUR,SCA,S13,P51G,DK,2012-Q4,
Q,MIO_EUR,SCA,S13,P51G,DK,2013-Q1,
Q,MIO_EUR,SCA,S13,P51G,DK,2013-Q2,
Q,MIO_EUR,SCA,S13,P51G,DK,2013-Q3,
Q,MIO_EUR,SCA,S13,P51G,DK,2013-Q4,
Q,MIO_EUR,SCA,S13,P51G,DK,2014-Q1,
Q,MIO_EUR,SCA,S13,P51G,DK,2014-Q2,
Q,MIO_EUR,SCA,S13,P51G,DK,2014-Q3,
Q,MIO_EUR,SCA,S13,P51G,DK,2014-Q4,
Q,MIO_EUR,SCA,S13,P51G,DK,2015-Q1,
Q,MIO_EUR,SCA,S13,P51G,DK,2015-Q2,
Q,MIO_EUR,SCA,S13,P51G,DK,2015-Q3,
Q,MIO_EUR,SCA,S13,P51G,DK,2015-Q4,
Q,MIO_EUR,SCA,S13,P51G,DK,2016-Q1,
Q,MIO_EUR,SCA,S13,P51G,DK,2016-Q2,
Q,MIO_EUR,SCA,S13,P51G,DK,2016-Q3,
Q,MIO_EUR,SCA,S13,P51G,DK,2016-Q4,
Q,MIO_EUR,SCA,S13,P51G,DK,2017-Q1,
Q,MIO_EUR,SCA,S13,P51G,DK,2017-Q2,
Q,MIO_EUR,SCA,S13,P51G,DK,2017-Q3,
Q,MIO_EUR,SCA,S13,P51G,DK,2017-Q4,
Q,MIO_EUR,SCA,S13,P51G,DK,2018-Q1,
Q,MIO_EUR,SCA,S13,P51G,DK,2018-Q2,
Q,MIO_EUR,SCA,S13,P51G,DK,2018-Q3,
Q,MIO_EUR,SCA,S13,P51G,DK,2018-Q4,
Q,MIO_EUR,SCA,S13,P51G,DK,2019-Q1,
Q,MIO_EUR,SCA,S13,P51G,DK,2019-Q2,
Q,MIO_EUR,SCA,S13,P51G,DK,2019-Q3,
Q,MIO_EUR,SCA,S13,P51G,DK,2019-Q4,
Q,MIO_EUR,SCA,S13,P51G,DK,2020-Q1,
Q,MIO_EUR,SCA,S13,P51G,DK,2020-Q2,
Q,MIO_EUR,SCA,S13,P51G,DK,2020-Q3,
Q,MIO_EUR,SCA,S13,P51G,DK,2020-Q4,
Q,MIO_EUR,SCA,S13,P51G,DK,2021-Q1,
Q,MIO_EUR,SCA,S13,P51G,DK,2021-Q2,
Q,MIO_EUR,SCA,S13,P51G,DK,2021-Q3,
Q,MIO_EUR,SCA,S13,P51G,DK,2021-Q4,
Q,MIO_EUR,SCA,S13,P51G,DK,2022-Q1,
Q,MIO_EUR,SCA,S13,P51G,DK,2022-Q2,
Q,MIO_EUR,SCA,S13,P51G,DK,2022-Q3,
Q,MIO_EUR,SCA,S13,P51G,DK,2022-Q4,
Q,MIO_EUR,SCA,S13,P51G,DK,2023-Q1,
Q,MIO_EUR,SCA,S13,P51G,DK,2023-Q2,
Q,MIO_EUR,SCA,S13,P51G,DK,2023-Q3,
Q,MIO_EUR,SCA,S13,P51G,DK,2023-Q4,
Q,MIO_EUR,SCA,S13,P51G,DK,2024-Q1,
Q,MIO_EUR,SCA,S13,P51G,DK,2024-Q2,
Q,MIO_EUR,SCA,S13,P51G,DK,2024-Q3,
Q,MIO_EUR,SCA,S13,P51G,DK,2024-Q4,
Q,MIO_EUR,SCA,S13,P51G,DK,2025-Q1,
Q,MIO_EUR,SCA,S13,P51G,DK,2025-Q2,
Q,MIO_EUR,SCA,S13,P51G,DK,2025-Q3,
Q,MIO_EUR,SCA,S13,P51G,DK,2025-Q4,
Q,MIO_EUR,SCA,S13,P51G,DK,2026-Q1,
Q,MIO_EUR,SCA,S13,P51G,DE,1995-Q1,
Q,MIO_EUR,SCA,S13,P51G,DE,1995-Q2,
Q,MIO_EUR,SCA,S13,P51G,DE,1995-Q3,
Q,MIO_EUR,SCA,S13,P51G,DE,1995-Q4,
Q,MIO_EUR,SCA,S13,P51G,DE,1996-Q1,
Q,MIO_EUR,SCA,S13,P51G,DE,1996-Q2,
Q,MIO_EUR,SCA,S13,P51G,DE,1996-Q3,
Q,MIO_EUR,SCA,S13,P51G,DE,1996-Q4,
Q,MIO_EUR,SCA,S13,P51G,DE,1997-Q1,
Q,MIO_EUR,SCA,S13,P51G,DE,1997-Q2,
Q,MIO_EUR,SCA,S13,P51G,DE,1997-Q3,
Q,MIO_EUR,SCA,S13,P51G,DE,1997-Q4,
Q,MIO_EUR,SCA,S13,P51G,DE,1998-Q1,
Q,MIO_EUR,SCA,S13,P51G,DE,1998-Q2,
Q,MIO_EUR,SCA,S13,P51G,DE,1998-Q3,
Q,MIO_EUR,SCA,S13,P51G,DE,1998-Q4,
Q,MIO_EUR,SCA,S13,P51G,DE,1999-Q1,
Q,MIO_EUR,SCA,S13,P51G,DE,1999-Q2,
Q,MIO_EUR,SCA,S13,P51G,DE,1999-Q3,
Q,MIO_EUR,SCA,S13,P51G,DE,1999-Q4,
Q,MIO_EUR,SCA,S13,P51G,DE,2000-Q1,
Q,MIO_EUR,SCA,S13,P51G,DE,2000-Q2,
Q,MIO_EUR,SCA,S13,P51G,DE,2000-Q3,
Q,MIO_EUR,SCA,S13,P51G,DE,2000-Q4,
Q,MIO_EUR,SCA,S13,P51G,DE,2001-Q1,
Q,MIO_EUR,SCA,S13,P51G,DE,2001-Q2,
Q,MIO_EUR,SCA,S13,P51G,DE,2001-Q3,
Q,MIO_EUR,SCA,S13,P51G,DE,2001-Q4,
Q,MIO_EUR,SCA,S13,P51G,DE,2002-Q1,
Q,MIO_EUR,SCA,S13,P51G,DE,2002-Q2,
Q,MIO_EUR,SCA,S13,P51G,DE,2002-Q3,
Q,MIO_EUR,SCA,S13,P51G,DE,2002-Q4,
Q,MIO_EUR,SCA,S13,P51G,DE,2003-Q1,
Q,MIO_EUR,SCA,S13,P51G,DE,2003-Q2,
Q,MIO_EUR,SCA,S13,P51G,DE,2003-Q3,
Q,MIO_EUR,SCA,S13,P51G,DE,2003-Q4,
Q,MIO_EUR,SCA,S13,P51G,DE,2004-Q1,
Q,MIO_EUR,SCA,S13,P51G,DE,2004-Q2,
Q,MIO_EUR,SCA,S13,P51G,DE,2004-Q3,
Q,MIO_EUR,SCA,S13,P51G,DE,2004-Q4,
Q,MIO_EUR,SCA,S13,P51G,DE,2005-Q1,
Q,MIO_EUR,SCA,S13,P51G,DE,2005-Q2,
Q,MIO_EUR,SCA,S13,P51G,DE,2005-Q3,
Q,MIO_EUR,SCA,S13,P51G,DE,2005-Q4,
Q,MIO_EUR,SCA,S13,P51G,DE,2006-Q1,
Q,MIO_EUR,SCA,S13,P51G,DE,2006-Q2,
Q,MIO_EUR,SCA,S13,P51G,DE,2006-Q3,
Q,MIO_EUR,SCA,S13,P51G,DE,2006-Q4,
Q,MIO_EUR,SCA,S13,P51G,DE,2007-Q1,
Q,MIO_EUR,SCA,S13,P51G,DE,2007-Q2,
Q,MIO_EUR,SCA,S13,P51G,DE,2007-Q3,
Q,MIO_EUR,SCA,S13,P51G,DE,2007-Q4,
Q,MIO_EUR,SCA,S13,P51G,DE,2008-Q1,
Q,MIO_EUR,SCA,S13,P51G,DE,2008-Q2,
Q,MIO_EUR,SCA,S13,P51G,DE,2008-Q3,
Q,MIO_EUR,SCA,S13,P51G,DE,2008-Q4,
Q,MIO_EUR,SCA,S13,P51G,DE,2009-Q1,
Q,MIO_EUR,SCA,S13,P51G,DE,2009-Q2,
Q,MIO_EUR,SCA,S13,P51G,DE,2009-Q3,
Q,MIO_EUR,SCA,S13,P51G,DE,2009-Q4,
Q,MIO_EUR,SCA,S13,P51G,DE,2010-Q1,
Q,MIO_EUR,SCA,S13,P51G,DE,2010-Q2,
Q,MIO_EUR,SCA,S13,P51G,DE,2010-Q3,
Q,MIO_EUR,SCA,S13,P51G,DE,2010-Q4,
Q,MIO_EUR,SCA,S13,P51G,DE,2011-Q1,
Q,MIO_EUR,SCA,S13,P51G,DE,2011-Q2,
Q,MIO_EUR,SCA,S13,P51G,DE,2011-Q3,
Q,MIO_EUR,SCA,S13,P51G,DE,2011-Q4,
Q,MIO_EUR,SCA,S13,P51G,DE,2012-Q1,
Q,MIO_EUR,SCA,S13,P51G,DE,2012-Q2,
Q,MIO_EUR,SCA,S13,P51G,DE,2012-Q3,
Q,MIO_EUR,SCA,S13,P51G,DE,2012-Q4,
Q,MIO_EUR,SCA,S13,P51G,DE,2013-Q1,
Q,MIO_EUR,SCA,S13,P51G,DE,2013-Q2,
Q,MIO_EUR,SCA,S13,P51G,DE,2013-Q3,
Q,MIO_EUR,SCA,S13,P51G,DE,2013-Q4,
Q,MIO_EUR,SCA,S13,P51G,DE,2014-Q1,
Q,MIO_EUR,SCA,S13,P51G,DE,2014-Q2,
Q,MIO_EUR,SCA,S13,P51G,DE,2014-Q3,
Q,MIO_EUR,SCA,S13,P51G,DE,2014-Q4,
Q,MIO_EUR,SCA,S13,P51G,DE,2015-Q1,
Q,MIO_EUR,SCA,S13,P51G,DE,2015-Q2,
Q,MIO_EUR,SCA,S13,P51G,DE,2015-Q3,
Q,MIO_EUR,SCA,S13,P51G,DE,2015-Q4,
Q,MIO_EUR,SCA,S13,P51G,DE,2016-Q1,
Q,MIO_EUR,SCA,S13,P51G,DE,2016-Q2,
Q,MIO_EUR,SCA,S13,P51G,DE,2016-Q3,
Q,MIO_EUR,SCA,S13,P51G,DE,2016-Q4,
Q,MIO_EUR,SCA,S13,P51G,DE,2017-Q1,
Q,MIO_EUR,SCA,S13,P51G,DE,2017-Q2,
Q,MIO_EUR,SCA,S13,P51G,DE,2017-Q3,
Q,MIO_EUR,SCA,S13,P51G,DE,2017-Q4,
Q,MIO_EUR,SCA,S13,P51G,DE,2018-Q1,
Q,MIO_EUR,SCA,S13,P51G,DE,2018-Q2,
Q,MIO_EUR,SCA,S13,P51G,DE,2018-Q3,
Q,MIO_EUR,SCA,S13,P51G,DE,2018-Q4,
Q,MIO_EUR,SCA,S13,P51G,DE,2019-Q1,
Q,MIO_EUR,SCA,S13,P51G,DE,2019-Q2,
Q,MIO_EUR,SCA,S13,P51G,DE,2019-Q3,
Q,MIO_EUR,SCA,S13,P51G,DE,2019-Q4,
Q,MIO_EUR,SCA,S13,P51G,DE,2020-Q1,
Q,MIO_EUR,SCA,S13,P51G,DE,2020-Q2,
Q,MIO_EUR,SCA,S13,P51G,DE,2020-Q3,
Q,MIO_EUR,SCA,S13,P51G,DE,2020-Q4,
Q,MIO_EUR,SCA,S13,P51G,DE,2021-Q1,
Q,MIO_EUR,SCA,S13,P51G,DE,2021-Q2,
Q,MIO_EUR,SCA,S13,P51G,DE,2021-Q3,
Q,MIO_EUR,SCA,S13,P51G,DE,2021-Q4,
Q,MIO_EUR,SCA,S13,P51G,DE,2022-Q1,
Q,MIO_EUR,SCA,S13,P51G,DE,2022-Q2,
Q,MIO_EUR,SCA,S13,P51G,DE,2022-Q3,
Q,MIO_EUR,SCA,S13,P51G,DE,2022-Q4,
Q,MIO_EUR,SCA,S13,P51G,DE,2023-Q1,
Q,MIO_EUR,SCA,S13,P51G,DE,2023-Q2,
Q,MIO_EUR,SCA,S13,P51G,DE,2023-Q3,
Q,MIO_EUR,SCA,S13,P51G,DE,2023-Q4,
Q,MIO_EUR,SCA,S13,P51G,DE,2024-Q1,
Q,MIO_EUR,SCA,S13,P51G,DE,2024-Q2,
Q,MIO_EUR,SCA,S13,P51G,DE,2024-Q3,
Q,MIO_EUR,SCA,S13,P51G,DE,2024-Q4,
Q,MIO_EUR,SCA,S13,P51G,DE,2025-Q1,
Q,MIO_EUR,SCA,S13,P51G,DE,2025-Q2,
Q,MIO_EUR,SCA,S13,P51G,DE,2025-Q3,
Q,MIO_EUR,SCA,S13,P51G,DE,2025-Q4,
Q,MIO_EUR,SCA,S13,P51G,DE,2026-Q1,
Q,MIO_EUR,SCA,S13,P51G,EE,1995-Q1,
Q,MIO_EUR,SCA,S13,P51G,EE,1995-Q2,
Q,MIO_EUR,SCA,S13,P51G,EE,1995-Q3,
Q,MIO_EUR,SCA,S13,P51G,EE,1995-Q4,
Q,MIO_EUR,SCA,S13,P51G,EE,1996-Q1,
Q,MIO_EUR,SCA,S13,P51G,EE,1996-Q2,
Q,MIO_EUR,SCA,S13,P51G,EE,1996-Q3,
Q,MIO_EUR,SCA,S13,P51G,EE,1996-Q4,
Q,MIO_EUR,SCA,S13,P51G,EE,1997-Q1,
Q,MIO_EUR,SCA,S13,P51G,EE,1997-Q2,
Q,MIO_EUR,SCA,S13,P51G,EE,1997-Q3,
Q,MIO_EUR,SCA,S13,P51G,EE,1997-Q4,
Q,MIO_EUR,SCA,S13,P51G,EE,1998-Q1,
Q,MIO_EUR,SCA,S13,P51G,EE,1998-Q2,
Q,MIO_EUR,SCA,S13,P51G,EE,1998-Q3,
Q,MIO_EUR,SCA,S13,P51G,EE,1998-Q4,
Q,MIO_EUR,SCA,S13,P51G,EE,1999-Q1,
Q,MIO_EUR,SCA,S13,P51G,EE,1999-Q2,
Q,MIO_EUR,SCA,S13,P51G,EE,1999-Q3,
Q,MIO_EUR,SCA,S13,P51G,EE,1999-Q4,
Q,MIO_EUR,SCA,S13,P51G,EE,2000-Q1,
Q,MIO_EUR,SCA,S13,P51G,EE,2000-Q2,
Q,MIO_EUR,SCA,S13,P51G,EE,2000-Q3,
Q,MIO_EUR,SCA,S13,P51G,EE,2000-Q4,
Q,MIO_EUR,SCA,S13,P51G,EE,2001-Q1,
Q,MIO_EUR,SCA,S13,P51G,EE,2001-Q2,
Q,MIO_EUR,SCA,S13,P51G,EE,2001-Q3,
Q,MIO_EUR,SCA,S13,P51G,EE,2001-Q4,
Q,MIO_EUR,SCA,S13,P51G,EE,2002-Q1,
Q,MIO_EUR,SCA,S13,P51G,EE,2002-Q2,
Q,MIO_EUR,SCA,S13,P51G,EE,2002-Q3,
Q,MIO_EUR,SCA,S13,P51G,EE,2002-Q4,
Q,MIO_EUR,SCA,S13,P51G,EE,2003-Q1,
Q,MIO_EUR,SCA,S13,P51G,EE,2003-Q2,
Q,MIO_EUR,SCA,S13,P51G,EE,2003-Q3,
Q,MIO_EUR,SCA,S13,P51G,EE,2003-Q4,
Q,MIO_EUR,SCA,S13,P51G,EE,2004-Q1,
Q,MIO_EUR,SCA,S13,P51G,EE,2004-Q2,
Q,MIO_EUR,SCA,S13,P51G,EE,2004-Q3,
Q,MIO_EUR,SCA,S13,P51G,EE,2004-Q4,
Q,MIO_EUR,SCA,S13,P51G,EE,2005-Q1,
Q,MIO_EUR,SCA,S13,P51G,EE,2005-Q2,
Q,MIO_EUR,SCA,S13,P51G,EE,2005-Q3,
Q,MIO_EUR,SCA,S13,P51G,EE,2005-Q4,
Q,MIO_EUR,SCA,S13,P51G,EE,2006-Q1,
Q,MIO_EUR,SCA,S13,P51G,EE,2006-Q2,
Q,MIO_EUR,SCA,S13,P51G,EE,2006-Q3,
Q,MIO_EUR,SCA,S13,P51G,EE,2006-Q4,
Q,MIO_EUR,SCA,S13,P51G,EE,2007-Q1,
Q,MIO_EUR,SCA,S13,P51G,EE,2007-Q2,
Q,MIO_EUR,SCA,S13,P51G,EE,2007-Q3,
Q,MIO_EUR,SCA,S13,P51G,EE,2007-Q4,
Q,MIO_EUR,SCA,S13,P51G,EE,2008-Q1,
Q,MIO_EUR,SCA,S13,P51G,EE,2008-Q2,
Q,MIO_EUR,SCA,S13,P51G,EE,2008-Q3,
Q,MIO_EUR,SCA,S13,P51G,EE,2008-Q4,
Q,MIO_EUR,SCA,S13,P51G,EE,2009-Q1,
Q,MIO_EUR,SCA,S13,P51G,EE,2009-Q2,
Q,MIO_EUR,SCA,S13,P51G,EE,2009-Q3,
Q,MIO_EUR,SCA,S13,P51G,EE,2009-Q4,
Q,MIO_EUR,SCA,S13,P51G,EE,2010-Q1,
Q,MIO_EUR,SCA,S13,P51G,EE,2010-Q2,
Q,MIO_EUR,SCA,S13,P51G,EE,2010-Q3,
Q,MIO_EUR,SCA,S13,P51G,EE,2010-Q4,
Q,MIO_EUR,SCA,S13,P51G,EE,2011-Q1,
Q,MIO_EUR,SCA,S13,P51G,EE,2011-Q2,
Q,MIO_EUR,SCA,S13,P51G,EE,2011-Q3,
Q,MIO_EUR,SCA,S13,P51G,EE,2011-Q4,
Q,MIO_EUR,SCA,S13,P51G,EE,2012-Q1,
Q,MIO_EUR,SCA,S13,P51G,EE,2012-Q2,
Q,MIO_EUR,SCA,S13,P51G,EE,2012-Q3,
Q,MIO_EUR,SCA,S13,P51G,EE,2012-Q4,
Q,MIO_EUR,SCA,S13,P51G,EE,2013-Q1,
Q,MIO_EUR,SCA,S13,P51G,EE,2013-Q2,
Q,MIO_EUR,SCA,S13,P51G,EE,2013-Q3,
Q,MIO_EUR,SCA,S13,P51G,EE,2013-Q4,
Q,MIO_EUR,SCA,S13,P51G,EE,2014-Q1,
Q,MIO_EUR,SCA,S13,P51G,EE,2014-Q2,
Q,MIO_EUR,SCA,S13,P51G,EE,2014-Q3,
Q,MIO_EUR,SCA,S13,P51G,EE,2014-Q4,
Q,MIO_EUR,SCA,S13,P51G,EE,2015-Q1,
Q,MIO_EUR,SCA,S13,P51G,EE,2015-Q2,
Q,MIO_EUR,SCA,S13,P51G,EE,2015-Q3,
Q,MIO_EUR,SCA,S13,P51G,EE,2015-Q4,
Q,MIO_EUR,SCA,S13,P51G,EE,2016-Q1,
Q,MIO_EUR,SCA,S13,P51G,EE,2016-Q2,
Q,MIO_EUR,SCA,S13,P51G,EE,2016-Q3,
Q,MIO_EUR,SCA,S13,P51G,EE,2016-Q4,
Q,MIO_EUR,SCA,S13,P51G,EE,2017-Q1,
Q,MIO_EUR,SCA,S13,P51G,EE,2017-Q2,
Q,MIO_EUR,SCA,S13,P51G,EE,2017-Q3,
Q,MIO_EUR,SCA,S13,P51G,EE,2017-Q4,
Q,MIO_EUR,SCA,S13,P51G,EE,2018-Q1,
Q,MIO_EUR,SCA,S13,P51G,EE,2018-Q2,
Q,MIO_EUR,SCA,S13,P51G,EE,2018-Q3,
Q,MIO_EUR,SCA,S13,P51G,EE,2018-Q4,
Q,MIO_EUR,SCA,S13,P51G,EE,2019-Q1,
Q,MIO_EUR,SCA,S13,P51G,EE,2019-Q2,
Q,MIO_EUR,SCA,S13,P51G,EE,2019-Q3,
Q,MIO_EUR,SCA,S13,P51G,EE,2019-Q4,
Q,MIO_EUR,SCA,S13,P51G,EE,2020-Q1,
Q,MIO_EUR,SCA,S13,P51G,EE,2020-Q2,
Q,MIO_EUR,SCA,S13,P51G,EE,2020-Q3,
Q,MIO_EUR,SCA,S13,P51G,EE,2020-Q4,
Q,MIO_EUR,SCA,S13,P51G,EE,2021-Q1,
Q,MIO_EUR,SCA,S13,P51G,EE,2021-Q2,
Q,MIO_EUR,SCA,S13,P51G,EE,2021-Q3,
Q,MIO_EUR,SCA,S13,P51G,EE,2021-Q4,
Q,MIO_EUR,SCA,S13,P51G,EE,2022-Q1,
Q,MIO_EUR,SCA,S13,P51G,EE,2022-Q2,
Q,MIO_EUR,SCA,S13,P51G,EE,2022-Q3,
Q,MIO_EUR,SCA,S13,P51G,EE,2022-Q4,
Q,MIO_EUR,SCA,S13,P51G,EE,2023-Q1,
Q,MIO_EUR,SCA,S13,P51G,EE,2023-Q2,
Q,MIO_EUR,SCA,S13,P51G,EE,2023-Q3,
Q,MIO_EUR,SCA,S13,P51G,EE,2023-Q4,
Q,MIO_EUR,SCA,S13,P51G,EE,2024-Q1,
Q,MIO_EUR,SCA,S13,P51G,EE,2024-Q2,
Q,MIO_EUR,SCA,S13,P51G,EE,2024-Q3,
Q,MIO_EUR,SCA,S13,P51G,EE,2024-Q4,
Q,MIO_EUR,SCA,S13,P51G,EE,2025-Q1,
Q,MIO_EUR,SCA,S13,P51G,EE,2025-Q2,
Q,MIO_EUR,SCA,S13,P51G,EE,2025-Q3,
Q,MIO_EUR,SCA,S13,P51G,EE,2025-Q4,
Q,MIO_EUR,SCA,S13,P51G,EE,2026-Q1,
Q,MIO_EUR,SCA,S13,P51G,IE,1995-Q1,
Q,MIO_EUR,SCA,S13,P51G,IE,1995-Q2,
Q,MIO_EUR,SCA,S13,P51G,IE,1995-Q3,
Q,MIO_EUR,SCA,S13,P51G,IE,1995-Q4,
Q,MIO_EUR,SCA,S13,P51G,IE,1996-Q1,
Q,MIO_EUR,SCA,S13,P51G,IE,1996-Q2,
Q,MIO_EUR,SCA,S13,P51G,IE,1996-Q3,
Q,MIO_EUR,SCA,S13,P51G,IE,1996-Q4,
Q,MIO_EUR,SCA,S13,P51G,IE,1997-Q1,
Q,MIO_EUR,SCA,S13,P51G,IE,1997-Q2,
Q,MIO_EUR,SCA,S13,P51G,IE,1997-Q3,
Q,MIO_EUR,SCA,S13,P51G,IE,1997-Q4,
Q,MIO_EUR,SCA,S13,P51G,IE,1998-Q1,
Q,MIO_EUR,SCA,S13,P51G,IE,1998-Q2,
Q,MIO_EUR,SCA,S13,P51G,IE,1998-Q3,
Q,MIO_EUR,SCA,S13,P51G,IE,1998-Q4,
Q,MIO_EUR,SCA,S13,P51G,IE,1999-Q1,
Q,MIO_EUR,SCA,S13,P51G,IE,1999-Q2,
Q,MIO_EUR,SCA,S13,P51G,IE,1999-Q3,
Q,MIO_EUR,SCA,S13,P51G,IE,1999-Q4,
Q,MIO_EUR,SCA,S13,P51G,IE,2000-Q1,
Q,MIO_EUR,SCA,S13,P51G,IE,2000-Q2,
Q,MIO_EUR,SCA,S13,P51G,IE,2000-Q3,
Q,MIO_EUR,SCA,S13,P51G,IE,2000-Q4,
Q,MIO_EUR,SCA,S13,P51G,IE,2001-Q1,
Q,MIO_EUR,SCA,S13,P51G,IE,2001-Q2,
Q,MIO_EUR,SCA,S13,P51G,IE,2001-Q3,
Q,MIO_EUR,SCA,S13,P51G,IE,2001-Q4,
Q,MIO_EUR,SCA,S13,P51G,IE,2002-Q1,
Q,MIO_EUR,SCA,S13,P51G,IE,2002-Q2,
Q,MIO_EUR,SCA,S13,P51G,IE,2002-Q3,
Q,MIO_EUR,SCA,S13,P51G,IE,2002-Q4,
Q,MIO_EUR,SCA,S13,P51G,IE,2003-Q1,
Q,MIO_EUR,SCA,S13,P51G,IE,2003-Q2,
Q,MIO_EUR,SCA,S13,P51G,IE,2003-Q3,
Q,MIO_EUR,SCA,S13,P51G,IE,2003-Q4,
Q,MIO_EUR,SCA,S13,P51G,IE,2004-Q1,
Q,MIO_EUR,SCA,S13,P51G,IE,2004-Q2,
Q,MIO_EUR,SCA,S13,P51G,IE,2004-Q3,
Q,MIO_EUR,SCA,S13,P51G,IE,2004-Q4,
Q,MIO_EUR,SCA,S13,P51G,IE,2005-Q1,
Q,MIO_EUR,SCA,S13,P51G,IE,2005-Q2,
Q,MIO_EUR,SCA,S13,P51G,IE,2005-Q3,
Q,MIO_EUR,SCA,S13,P51G,IE,2005-Q4,
Q,MIO_EUR,SCA,S13,P51G,IE,2006-Q1,
Q,MIO_EUR,SCA,S13,P51G,IE,2006-Q2,
Q,MIO_EUR,SCA,S13,P51G,IE,2006-Q3,
Q,MIO_EUR,SCA,S13,P51G,IE,2006-Q4,
Q,MIO_EUR,SCA,S13,P51G,IE,2007-Q1,
Q,MIO_EUR,SCA,S13,P51G,IE,2007-Q2,
Q,MIO_EUR,SCA,S13,P51G,IE,2007-Q3,
Q,MIO_EUR,SCA,S13,P51G,IE,2007-Q4,
Q,MIO_EUR,SCA,S13,P51G,IE,2008-Q1,
Q,MIO_EUR,SCA,S13,P51G,IE,2008-Q2,
Q,MIO_EUR,SCA,S13,P51G,IE,2008-Q3,
Q,MIO_EUR,SCA,S13,P51G,IE,2008-Q4,
Q,MIO_EUR,SCA,S13,P51G,IE,2009-Q1,
Q,MIO_EUR,SCA,S13,P51G,IE,2009-Q2,
Q,MIO_EUR,SCA,S13,P51G,IE,2009-Q3,
Q,MIO_EUR,SCA,S13,P51G,IE,2009-Q4,
Q,MIO_EUR,SCA,S13,P51G,IE,2010-Q1,
Q,MIO_EUR,SCA,S13,P51G,IE,2010-Q2,
Q,MIO_EUR,SCA,S13,P51G,IE,2010-Q3,
Q,MIO_EUR,SCA,S13,P51G,IE,2010-Q4,
Q,MIO_EUR,SCA,S13,P51G,IE,2011-Q1,
Q,MIO_EUR,SCA,S13,P51G,IE,2011-Q2,
Q,MIO_EUR,SCA,S13,P51G,IE,2011-Q3,
Q,MIO_EUR,SCA,S13,P51G,IE,2011-Q4,
Q,MIO_EUR,SCA,S13,P51G,IE,2012-Q1,
Q,MIO_EUR,SCA,S13,P51G,IE,2012-Q2,
Q,MIO_EUR,SCA,S13,P51G,IE,2012-Q3,
Q,MIO_EUR,SCA,S13,P51G,IE,2012-Q4,
Q,MIO_EUR,SCA,S13,P51G,IE,2013-Q1,
Q,MIO_EUR,SCA,S13,P51G,IE,2013-Q2,
Q,MIO_EUR,SCA,S13,P51G,IE,2013-Q3,
Q,MIO_EUR,SCA,S13,P51G,IE,2013-Q4,
Q,MIO_EUR,SCA,S13,P51G,IE,2014-Q1,
Q,MIO_EUR,SCA,S13,P51G,IE,2014-Q2,
Q,MIO_EUR,SCA,S13,P51G,IE,2014-Q3,
Q,MIO_EUR,SCA,S13,P51G,IE,2014-Q4,
Q,MIO_EUR,SCA,S13,P51G,IE,2015-Q1,
Q,MIO_EUR,SCA,S13,P51G,IE,2015-Q2,
Q,MIO_EUR,SCA,S13,P51G,IE,2015-Q3,
Q,MIO_EUR,SCA,S13,P51G,IE,2015-Q4,
Q,MIO_EUR,SCA,S13,P51G,IE,2016-Q1,
Q,MIO_EUR,SCA,S13,P51G,IE,2016-Q2,
Q,MIO_EUR,SCA,S13,P51G,IE,2016-Q3,
Q,MIO_EUR,SCA,S13,P51G,IE,2016-Q4,
Q,MIO_EUR,SCA,S13,P51G,IE,2017-Q1,
Q,MIO_EUR,SCA,S13,P51G,IE,2017-Q2,
Q,MIO_EUR,SCA,S13,P51G,IE,2017-Q3,
Q,MIO_EUR,SCA,S13,P51G,IE,2017-Q4,
Q,MIO_EUR,SCA,S13,P51G,IE,2018-Q1,
Q,MIO_EUR,SCA,S13,P51G,IE,2018-Q2,
Q,MIO_EUR,SCA,S13,P51G,IE,2018-Q3,
Q,MIO_EUR,SCA,S13,P51G,IE,2018-Q4,
Q,MIO_EUR,SCA,S13,P51G,IE,2019-Q1,
Q,MIO_EUR,SCA,S13,P51G,IE,2019-Q2,
Q,MIO_EUR,SCA,S13,P51G,IE,2019-Q3,
Q,MIO_EUR,SCA,S13,P51G,IE,2019-Q4,
Q,MIO_EUR,SCA,S13,P51G,IE,2020-Q1,
Q,MIO_EUR,SCA,S13,P51G,IE,2020-Q2,
Q,MIO_EUR,SCA,S13,P51G,IE,2020-Q3,
Q,MIO_EUR,SCA,S13,P51G,IE,2020-Q4,
Q,MIO_EUR,SCA,S13,P51G,IE,2021-Q1,
Q,MIO_EUR,SCA,S13,P51G,IE,2021-Q2,
Q,MIO_EUR,SCA,S13,P51G,IE,2021-Q3,
Q,MIO_EUR,SCA,S13,P51G,IE,2021-Q4,
Q,MIO_EUR,SCA,S13,P51G,IE,2022-Q1,
Q,MIO_EUR,SCA,S13,P51G,IE,2022-Q2,
Q,MIO_EUR,SCA,S13,P51G,IE,2022-Q3,
Q,MIO_EUR,SCA,S13,P51G,IE,2022-Q4,
Q,MIO_EUR,SCA,S13,P51G,IE,2023-Q1,
Q,MIO_EUR,SCA,S13,P51G,IE,2023-Q2,
Q,MIO_EUR,SCA,S13,P51G,IE,2023-Q3,
Q,MIO_EUR,SCA,S13,P51G,IE,2023-Q4,
Q,MIO_EUR,SCA,S13,P51G,IE,2024-Q1,
Q,MIO_EUR,SCA,S13,P51G,IE,2024-Q2,
Q,MIO_EUR,SCA,S13,P51G,IE,2024-Q3,
Q,MIO_EUR,SCA,S13,P51G,IE,2024-Q4,
Q,MIO_EUR,SCA,S13,P51G,IE,2025-Q1,
Q,MIO_EUR,SCA,S13,P51G,IE,2025-Q2,
Q,MIO_EUR,SCA,S13,P51G,IE,2025-Q3,
Q,MIO_EUR,SCA,S13,P51G,IE,2025-Q4,
Q,MIO_EUR,SCA,S13,P51G,IE,2026-Q1,
Q,MIO_EUR,SCA,S13,P51G,EL,1995-Q1,
Q,MIO_EUR,SCA,S13,P51G,EL,1995-Q2,
Q,MIO_EUR,SCA,S13,P51G,EL,1995-Q3,
Q,MIO_EUR,SCA,S13,P51G,EL,1995-Q4,
Q,MIO_EUR,SCA,S13,P51G,EL,1996-Q1,
Q,MIO_EUR,SCA,S13,P51G,EL,1996-Q2,
Q,MIO_EUR,SCA,S13,P51G,EL,1996-Q3,
Q,MIO_EUR,SCA,S13,P51G,EL,1996-Q4,
Q,MIO_EUR,SCA,S13,P51G,EL,1997-Q1,
Q,MIO_EUR,SCA,S13,P51G,EL,1997-Q2,
Q,MIO_EUR,SCA,S13,P51G,EL,1997-Q3,
Q,MIO_EUR,SCA,S13,P51G,EL,1997-Q4,
Q,MIO_EUR,SCA,S13,P51G,EL,1998-Q1,
Q,MIO_EUR,SCA,S13,P51G,EL,1998-Q2,
Q,MIO_EUR,SCA,S13,P51G,EL,1998-Q3,
Q,MIO_EUR,SCA,S13,P51G,EL,1998-Q4,
Q,MIO_EUR,SCA,S13,P51G,EL,1999-Q1,
Q,MIO_EUR,SCA,S13,P51G,EL,1999-Q2,
Q,MIO_EUR,SCA,S13,P51G,EL,1999-Q3,
Q,MIO_EUR,SCA,S13,P51G,EL,1999-Q4,
Q,MIO_EUR,SCA,S13,P51G,EL,2000-Q1,
Q,MIO_EUR,SCA,S13,P51G,EL,2000-Q2,
Q,MIO_EUR,SCA,S13,P51G,EL,2000-Q3,
Q,MIO_EUR,SCA,S13,P51G,EL,2000-Q4,
Q,MIO_EUR,SCA,S13,P51G,EL,2001-Q1,
Q,MIO_EUR,SCA,S13,P51G,EL,2001-Q2,
Q,MIO_EUR,SCA,S13,P51G,EL,2001-Q3,
Q,MIO_EUR,SCA,S13,P51G,EL,2001-Q4,
Q,MIO_EUR,SCA,S13,P51G,EL,2002-Q1,
Q,MIO_EUR,SCA,S13,P51G,EL,2002-Q2,
Q,MIO_EUR,SCA,S13,P51G,EL,2002-Q3,
Q,MIO_EUR,SCA,S13,P51G,EL,2002-Q4,
Q,MIO_EUR,SCA,S13,P51G,EL,2003-Q1,
Q,MIO_EUR,SCA,S13,P51G,EL,2003-Q2,
Q,MIO_EUR,SCA,S13,P51G,EL,2003-Q3,
Q,MIO_EUR,SCA,S13,P51G,EL,2003-Q4,
Q,MIO_EUR,SCA,S13,P51G,EL,2004-Q1,
Q,MIO_EUR,SCA,S13,P51G,EL,2004-Q2,
Q,MIO_EUR,SCA,S13,P51G,EL,2004-Q3,
Q,MIO_EUR,SCA,S13,P51G,EL,2004-Q4,
Q,MIO_EUR,SCA,S13,P51G,EL,2005-Q1,
Q,MIO_EUR,SCA,S13,P51G,EL,2005-Q2,
Q,MIO_EUR,SCA,S13,P51G,EL,2005-Q3,
Q,MIO_EUR,SCA,S13,P51G,EL,2005-Q4,
Q,MIO_EUR,SCA,S13,P51G,EL,2006-Q1,
Q,MIO_EUR,SCA,S13,P51G,EL,2006-Q2,
Q,MIO_EUR,SCA,S13,P51G,EL,2006-Q3,
Q,MIO_EUR,SCA,S13,P51G,EL,2006-Q4,
Q,MIO_EUR,SCA,S13,P51G,EL,2007-Q1,
Q,MIO_EUR,SCA,S13,P51G,EL,2007-Q2,
Q,MIO_EUR,SCA,S13,P51G,EL,2007-Q3,
Q,MIO_EUR,SCA,S13,P51G,EL,2007-Q4,
Q,MIO_EUR,SCA,S13,P51G,EL,2008-Q1,
Q,MIO_EUR,SCA,S13,P51G,EL,2008-Q2,
Q,MIO_EUR,SCA,S13,P51G,EL,2008-Q3,
Q,MIO_EUR,SCA,S13,P51G,EL,2008-Q4,
Q,MIO_EUR,SCA,S13,P51G,EL,2009-Q1,
Q,MIO_EUR,SCA,S13,P51G,EL,2009-Q2,
Q,MIO_EUR,SCA,S13,P51G,EL,2009-Q3,
Q,MIO_EUR,SCA,S13,P51G,EL,2009-Q4,
Q,MIO_EUR,SCA,S13,P51G,EL,2010-Q1,
Q,MIO_EUR,SCA,S13,P51G,EL,2010-Q2,
Q,MIO_EUR,SCA,S13,P51G,EL,2010-Q3,
Q,MIO_EUR,SCA,S13,P51G,EL,2010-Q4,
Q,MIO_EUR,SCA,S13,P51G,EL,2011-Q1,
Q,MIO_EUR,SCA,S13,P51G,EL,2011-Q2,
Q,MIO_EUR,SCA,S13,P51G,EL,2011-Q3,
Q,MIO_EUR,SCA,S13,P51G,EL,2011-Q4,
Q,MIO_EUR,SCA,S13,P51G,EL,2012-Q1,
Q,MIO_EUR,SCA,S13,P51G,EL,2012-Q2,
Q,MIO_EUR,SCA,S13,P51G,EL,2012-Q3,
Q,MIO_EUR,SCA,S13,P51G,EL,2012-Q4,
Q,MIO_EUR,SCA,S13,P51G,EL,2013-Q1,
Q,MIO_EUR,SCA,S13,P51G,EL,2013-Q2,
Q,MIO_EUR,SCA,S13,P51G,EL,2013-Q3,
Q,MIO_EUR,SCA,S13,P51G,EL,2013-Q4,
Q,MIO_EUR,SCA,S13,P51G,EL,2014-Q1,
Q,MIO_EUR,SCA,S13,P51G,EL,2014-Q2,
Q,MIO_EUR,SCA,S13,P51G,EL,2014-Q3,
Q,MIO_EUR,SCA,S13,P51G,EL,2014-Q4,
Q,MIO_EUR,SCA,S13,P51G,EL,2015-Q1,
Q,MIO_EUR,SCA,S13,P51G,EL,2015-Q2,
Q,MIO_EUR,SCA,S13,P51G,EL,2015-Q3,
Q,MIO_EUR,SCA,S13,P51G,EL,2015-Q4,
Q,MIO_EUR,SCA,S13,P51G,EL,2016-Q1,
Q,MIO_EUR,SCA,S13,P51G,EL,2016-Q2,
Q,MIO_EUR,SCA,S13,P51G,EL,2016-Q3,
Q,MIO_EUR,SCA,S13,P51G,EL,2016-Q4,
Q,MIO_EUR,SCA,S13,P51G,EL,2017-Q1,
Q,MIO_EUR,SCA,S13,P51G,EL,2017-Q2,
Q,MIO_EUR,SCA,S13,P51G,EL,2017-Q3,
Q,MIO_EUR,SCA,S13,P51G,EL,2017-Q4,
Q,MIO_EUR,SCA,S13,P51G,EL,2018-Q1,
Q,MIO_EUR,SCA,S13,P51G,EL,2018-Q2,
Q,MIO_EUR,SCA,S13,P51G,EL,2018-Q3,
Q,MIO_EUR,SCA,S13,P51G,EL,2018-Q4,
Q,MIO_EUR,SCA,S13,P51G,EL,2019-Q1,
Q,MIO_EUR,SCA,S13,P51G,EL,2019-Q2,
Q,MIO_EUR,SCA,S13,P51G,EL,2019-Q3,
Q,MIO_EUR,SCA,S13,P51G,EL,2019-Q4,
Q,MIO_EUR,SCA,S13,P51G,EL,2020-Q1,
Q,MIO_EUR,SCA,S13,P51G,EL,2020-Q2,
Q,MIO_EUR,SCA,S13,P51G,EL,2020-Q3,
Q,MIO_EUR,SCA,S13,P51G,EL,2020-Q4,
Q,MIO_EUR,SCA,S13,P51G,EL,2021-Q1,
Q,MIO_EUR,SCA,S13,P51G,EL,2021-Q2,
Q,MIO_EUR,SCA,S13,P51G,EL,2021-Q3,
Q,MIO_EUR,SCA,S13,P51G,EL,2021-Q4,
Q,MIO_EUR,SCA,S13,P51G,EL,2022-Q1,
Q,MIO_EUR,SCA,S13,P51G,EL,2022-Q2,
Q,MIO_EUR,SCA,S13,P51G,EL,2022-Q3,
Q,MIO_EUR,SCA,S13,P51G,EL,2022-Q4,
Q,MIO_EUR,SCA,S13,P51G,EL,2023-Q1,
Q,MIO_EUR,SCA,S13,P51G,EL,2023-Q2,
Q,MIO_EUR,SCA,S13,P51G,EL,2023-Q3,
Q,MIO_EUR,SCA,S13,P51G,EL,2023-Q4,
Q,MIO_EUR,SCA,S13,P51G,EL,2024-Q1,
Q,MIO_EUR,SCA,S13,P51G,EL,2024-Q2,
Q,MIO_EUR,SCA,S13,P51G,EL,2024-Q3,
Q,MIO_EUR,SCA,S13,P51G,EL,2024-Q4,
Q,MIO_EUR,SCA,S13,P51G,EL,2025-Q1,
Q,MIO_EUR,SCA,S13,P51G,EL,2025-Q2,
Q,MIO_EUR,SCA,S13,P51G,EL,2025-Q3,
Q,MIO_EUR,SCA,S13,P51G,EL,2025-Q4,
Q,MIO_EUR,SCA,S13,P51G,EL,2026-Q1,
Q,MIO_EUR,SCA,S13,P51G,ES,1995-Q1,
Q,MIO_EUR,SCA,S13,P51G,ES,1995-Q2,
Q,MIO_EUR,SCA,S13,P51G,ES,1995-Q3,
Q,MIO_EUR,SCA,S13,P51G,ES,1995-Q4,
Q,MIO_EUR,SCA,S13,P51G,ES,1996-Q1,
Q,MIO_EUR,SCA,S13,P51G,ES,1996-Q2,
Q,MIO_EUR,SCA,S13,P51G,ES,1996-Q3,
Q,MIO_EUR,SCA,S13,P51G,ES,1996-Q4,
Q,MIO_EUR,SCA,S13,P51G,ES,1997-Q1,
Q,MIO_EUR,SCA,S13,P51G,ES,1997-Q2,
Q,MIO_EUR,SCA,S13,P51G,ES,1997-Q3,
Q,MIO_EUR,SCA,S13,P51G,ES,1997-Q4,
Q,MIO_EUR,SCA,S13,P51G,ES,1998-Q1,
Q,MIO_EUR,SCA,S13,P51G,ES,1998-Q2,
Q,MIO_EUR,SCA,S13,P51G,ES,1998-Q3,
Q,MIO_EUR,SCA,S13,P51G,ES,1998-Q4,
Q,MIO_EUR,SCA,S13,P51G,ES,1999-Q1,5691
Q,MIO_EUR,SCA,S13,P51G,ES,1999-Q2,5873
Q,MIO_EUR,SCA,S13,P51G,ES,1999-Q3,5784
Q,MIO_EUR,SCA,S13,P51G,ES,1999-Q4,5738
Q,MIO_EUR,SCA,S13,P51G,ES,2000-Q1,5813
Q,MIO_EUR,SCA,S13,P51G,ES,2000-Q2,5808
Q,MIO_EUR,SCA,S13,P51G,ES,2000-Q3,6042
Q,MIO_EUR,SCA,S13,P51G,ES,2000-Q4,6265
Q,MIO_EUR,SCA,S13,P51G,ES,2001-Q1,6423
Q,MIO_EUR,SCA,S13,P51G,ES,2001-Q2,6511
Q,MIO_EUR,SCA,S13,P51G,ES,2001-Q3,6655
Q,MIO_EUR,SCA,S13,P51G,ES,2001-Q4,6947
Q,MIO_EUR,SCA,S13,P51G,ES,2002-Q1,7134
Q,MIO_EUR,SCA,S13,P51G,ES,2002-Q2,7564
Q,MIO_EUR,SCA,S13,P51G,ES,2002-Q3,7814
Q,MIO_EUR,SCA,S13,P51G,ES,2002-Q4,7975
Q,MIO_EUR,SCA,S13,P51G,ES,2003-Q1,8313
Q,MIO_EUR,SCA,S13,P51G,ES,2003-Q2,8421
Q,MIO_EUR,SCA,S13,P51G,ES,2003-Q3,8269
Q,MIO_EUR,SCA,S13,P51G,ES,2003-Q4,8262
Q,MIO_EUR,SCA,S13,P51G,ES,2004-Q1,8280
Q,MIO_EUR,SCA,S13,P51G,ES,2004-Q2,8349
Q,MIO_EUR,SCA,S13,P51G,ES,2004-Q3,8703
Q,MIO_EUR,SCA,S13,P51G,ES,2004-Q4,9072
Q,MIO_EUR,SCA,S13,P51G,ES,2005-Q1,9212
Q,MIO_EUR,SCA,S13,P51G,ES,2005-Q2,9515
Q,MIO_EUR,SCA,S13,P51G,ES,2005-Q3,10141
Q,MIO_EUR,SCA,S13,P51G,ES,2005-Q4,10266
Q,MIO_EUR,SCA,S13,P51G,ES,2006-Q1,10495
Q,MIO_EUR,SCA,S13,P51G,ES,2006-Q2,10891
Q,MIO_EUR,SCA,S13,P51G,ES,2006-Q3,11073
Q,MIO_EUR,SCA,S13,P51G,ES,2006-Q4,11373
Q,MIO_EUR,SCA,S13,P51G,ES,2007-Q1,12202
Q,MIO_EUR,SCA,S13,P51G,ES,2007-Q2,12419
Q,MIO_EUR,SCA,S13,P51G,ES,2007-Q3,12465
Q,MIO_EUR,SCA,S13,P51G,ES,2007-Q4,13332
Q,MIO_EUR,SCA,S13,P51G,ES,2008-Q1,12542
Q,MIO_EUR,SCA,S13,P51G,ES,2008-Q2,12971
Q,MIO_EUR,SCA,S13,P51G,ES,2008-Q3,13142
Q,MIO_EUR,SCA,S13,P51G,ES,2008-Q4,13057
Q,MIO_EUR,SCA,S13,P51G,ES,2009-Q1,13792
Q,MIO_EUR,SCA,S13,P51G,ES,2009-Q2,13927
Q,MIO_EUR,SCA,S13,P51G,ES,2009-Q3,13914
Q,MIO_EUR,SCA,S13,P51G,ES,2009-Q4,13720
Q,MIO_EUR,SCA,S13,P51G,ES,2010-Q1,13765
Q,MIO_EUR,SCA,S13,P51G,ES,2010-Q2,12949
Q,MIO_EUR,SCA,S13,P51G,ES,2010-Q3,12445
Q,MIO_EUR,SCA,S13,P51G,ES,2010-Q4,11800
Q,MIO_EUR,SCA,S13,P51G,ES,2011-Q1,11050
Q,MIO_EUR,SCA,S13,P51G,ES,2011-Q2,10300
Q,MIO_EUR,SCA,S13,P51G,ES,2011-Q3,9941
Q,MIO_EUR,SCA,S13,P51G,ES,2011-Q4,8710
Q,MIO_EUR,SCA,S13,P51G,ES,2012-Q1,7858
Q,MIO_EUR,SCA,S13,P51G,ES,2012-Q2,7312
Q,MIO_EUR,SCA,S13,P51G,ES,2012-Q3,6485
Q,MIO_EUR,SCA,S13,P51G,ES,2012-Q4,10894
Q,MIO_EUR,SCA,S13,P51G,ES,2013-Q1,7601
Q,MIO_EUR,SCA,S13,P51G,ES,2013-Q2,5806
Q,MIO_EUR,SCA,S13,P51G,ES,2013-Q3,5780
Q,MIO_EUR,SCA,S13,P51G,ES,2013-Q4,5464
Q,MIO_EUR,SCA,S13,P51G,ES,2014-Q1,5491
Q,MIO_EUR,SCA,S13,P51G,ES,2014-Q2,5383
Q,MIO_EUR,SCA,S13,P51G,ES,2014-Q3,5335
Q,MIO_EUR,SCA,S13,P51G,ES,2014-Q4,5870
Q,MIO_EUR,SCA,S13,P51G,ES,2015-Q1,6053
Q,MIO_EUR,SCA,S13,P51G,ES,2015-Q2,6406
Q,MIO_EUR,SCA,S13,P51G,ES,2015-Q3,8464
Q,MIO_EUR,SCA,S13,P51G,ES,2015-Q4,7079
Q,MIO_EUR,SCA,S13,P51G,ES,2016-Q1,5504
Q,MIO_EUR,SCA,S13,P51G,ES,2016-Q2,5565
Q,MIO_EUR,SCA,S13,P51G,ES,2016-Q3,5574
Q,MIO_EUR,SCA,S13,P51G,ES,2016-Q4,5556
Q,MIO_EUR,SCA,S13,P51G,ES,2017-Q1,5497
Q,MIO_EUR,SCA,S13,P51G,ES,2017-Q2,5713
Q,MIO_EUR,SCA,S13,P51G,ES,2017-Q3,6000
Q,MIO_EUR,SCA,S13,P51G,ES,2017-Q4,5908
Q,MIO_EUR,SCA,S13,P51G,ES,2018-Q1,6248
Q,MIO_EUR,SCA,S13,P51G,ES,2018-Q2,6491
Q,MIO_EUR,SCA,S13,P51G,ES,2018-Q3,6299
Q,MIO_EUR,SCA,S13,P51G,ES,2018-Q4,6851
Q,MIO_EUR,SCA,S13,P51G,ES,2019-Q1,6930
Q,MIO_EUR,SCA,S13,P51G,ES,2019-Q2,6673
Q,MIO_EUR,SCA,S13,P51G,ES,2019-Q3,6903
Q,MIO_EUR,SCA,S13,P51G,ES,2019-Q4,6700
Q,MIO_EUR,SCA,S13,P51G,ES,2020-Q1,8689
Q,MIO_EUR,SCA,S13,P51G,ES,2020-Q2,6948
Q,MIO_EUR,SCA,S13,P51G,ES,2020-Q3,7015
Q,MIO_EUR,SCA,S13,P51G,ES,2020-Q4,7042
Q,MIO_EUR,SCA,S13,P51G,ES,2021-Q1,7194
Q,MIO_EUR,SCA,S13,P51G,ES,2021-Q2,7572
Q,MIO_EUR,SCA,S13,P51G,ES,2021-Q3,9749
Q,MIO_EUR,SCA,S13,P51G,ES,2021-Q4,9076
Q,MIO_EUR,SCA,S13,P51G,ES,2022-Q1,9004
Q,MIO_EUR,SCA,S13,P51G,ES,2022-Q2,9571
Q,MIO_EUR,SCA,S13,P51G,ES,2022-Q3,9375
Q,MIO_EUR,SCA,S13,P51G,ES,2022-Q4,9400
Q,MIO_EUR,SCA,S13,P51G,ES,2023-Q1,10577
Q,MIO_EUR,SCA,S13,P51G,ES,2023-Q2,10669
Q,MIO_EUR,SCA,S13,P51G,ES,2023-Q3,11493
Q,MIO_EUR,SCA,S13,P51G,ES,2023-Q4,11957
Q,MIO_EUR,SCA,S13,P51G,ES,2024-Q1,11650
Q,MIO_EUR,SCA,S13,P51G,ES,2024-Q2,9570
Q,MIO_EUR,SCA,S13,P51G,ES,2024-Q3,11159
Q,MIO_EUR,SCA,S13,P51G,ES,2024-Q4,11106
Q,MIO_EUR,SCA,S13,P51G,ES,2025-Q1,11775
Q,MIO_EUR,SCA,S13,P51G,ES,2025-Q2,12151
Q,MIO_EUR,SCA,S13,P51G,ES,2025-Q3,12762
Q,MIO_EUR,SCA,S13,P51G,ES,2025-Q4,12944
Q,MIO_EUR,SCA,S13,P51G,ES,2026-Q1,12908
Q,MIO_EUR,SCA,S13,P51G,FR,1995-Q1,14020.6
Q,MIO_EUR,SCA,S13,P51G,FR,1995-Q2,14109.6
Q,MIO_EUR,SCA,S13,P51G,FR,1995-Q3,14129.4
Q,MIO_EUR,SCA,S13,P51G,FR,1995-Q4,14319.9
Q,MIO_EUR,SCA,S13,P51G,FR,1996-Q1,14377.9
Q,MIO_EUR,SCA,S13,P51G,FR,1996-Q2,14612
Q,MIO_EUR,SCA,S13,P51G,FR,1996-Q3,14469.6
Q,MIO_EUR,SCA,S13,P51G,FR,1996-Q4,14142.3
Q,MIO_EUR,SCA,S13,P51G,FR,1997-Q1,13670.4
Q,MIO_EUR,SCA,S13,P51G,FR,1997-Q2,13436.7
Q,MIO_EUR,SCA,S13,P51G,FR,1997-Q3,13213.2
Q,MIO_EUR,SCA,S13,P51G,FR,1997-Q4,13372.3
Q,MIO_EUR,SCA,S13,P51G,FR,1998-Q1,13455.2
Q,MIO_EUR,SCA,S13,P51G,FR,1998-Q2,13460.1
Q,MIO_EUR,SCA,S13,P51G,FR,1998-Q3,13608.2
Q,MIO_EUR,SCA,S13,P51G,FR,1998-Q4,13778.7
Q,MIO_EUR,SCA,S13,P51G,FR,1999-Q1,13967.9
Q,MIO_EUR,SCA,S13,P51G,FR,1999-Q2,14151.3
Q,MIO_EUR,SCA,S13,P51G,FR,1999-Q3,14559.2
Q,MIO_EUR,SCA,S13,P51G,FR,1999-Q4,14838.9
Q,MIO_EUR,SCA,S13,P51G,FR,2000-Q1,15321.8
Q,MIO_EUR,SCA,S13,P51G,FR,2000-Q2,15736.5
Q,MIO_EUR,SCA,S13,P51G,FR,2000-Q3,15958.1
Q,MIO_EUR,SCA,S13,P51G,FR,2000-Q4,16138.7
Q,MIO_EUR,SCA,S13,P51G,FR,2001-Q1,16119.8
Q,MIO_EUR,SCA,S13,P51G,FR,2001-Q2,16017.6
Q,MIO_EUR,SCA,S13,P51G,FR,2001-Q3,16032.6
Q,MIO_EUR,SCA,S13,P51G,FR,2001-Q4,16071.3
Q,MIO_EUR,SCA,S13,P51G,FR,2002-Q1,15870.5
Q,MIO_EUR,SCA,S13,P51G,FR,2002-Q2,16091.1
Q,MIO_EUR,SCA,S13,P51G,FR,2002-Q3,16191.8
Q,MIO_EUR,SCA,S13,P51G,FR,2002-Q4,16602.4
Q,MIO_EUR,SCA,S13,P51G,FR,2003-Q1,17010.4
Q,MIO_EUR,SCA,S13,P51G,FR,2003-Q2,17180.4
Q,MIO_EUR,SCA,S13,P51G,FR,2003-Q3,17455.7
Q,MIO_EUR,SCA,S13,P51G,FR,2003-Q4,17589.6
Q,MIO_EUR,SCA,S13,P51G,FR,2004-Q1,18025.6
Q,MIO_EUR,SCA,S13,P51G,FR,2004-Q2,18221.2
Q,MIO_EUR,SCA,S13,P51G,FR,2004-Q3,18352.5
Q,MIO_EUR,SCA,S13,P51G,FR,2004-Q4,18913.4
Q,MIO_EUR,SCA,S13,P51G,FR,2005-Q1,19174.1
Q,MIO_EUR,SCA,S13,P51G,FR,2005-Q2,19421.4
Q,MIO_EUR,SCA,S13,P51G,FR,2005-Q3,19879.5
Q,MIO_EUR,SCA,S13,P51G,FR,2005-Q4,19861.2
Q,MIO_EUR,SCA,S13,P51G,FR,2006-Q1,19890.6
Q,MIO_EUR,SCA,S13,P51G,FR,2006-Q2,20218.2
Q,MIO_EUR,SCA,S13,P51G,FR,2006-Q3,20280.4
Q,MIO_EUR,SCA,S13,P51G,FR,2006-Q4,20584.7
Q,MIO_EUR,SCA,S13,P51G,FR,2007-Q1,20954.6
Q,MIO_EUR,SCA,S13,P51G,FR,2007-Q2,21049
Q,MIO_EUR,SCA,S13,P51G,FR,2007-Q3,21296.5
Q,MIO_EUR,SCA,S13,P51G,FR,2007-Q4,21558.9
Q,MIO_EUR,SCA,S13,P51G,FR,2008-Q1,21967.8
Q,MIO_EUR,SCA,S13,P51G,FR,2008-Q2,21967.6
Q,MIO_EUR,SCA,S13,P51G,FR,2008-Q3,22154.4
Q,MIO_EUR,SCA,S13,P51G,FR,2008-Q4,22310.5
Q,MIO_EUR,SCA,S13,P51G,FR,2009-Q1,22862.4
Q,MIO_EUR,SCA,S13,P51G,FR,2009-Q2,23171
Q,MIO_EUR,SCA,S13,P51G,FR,2009-Q3,23459.2
Q,MIO_EUR,SCA,S13,P51G,FR,2009-Q4,23983.1
Q,MIO_EUR,SCA,S13,P51G,FR,2010-Q1,23900.2
Q,MIO_EUR,SCA,S13,P51G,FR,2010-Q2,23971.8
Q,MIO_EUR,SCA,S13,P51G,FR,2010-Q3,24048
Q,MIO_EUR,SCA,S13,P51G,FR,2010-Q4,23752.4
Q,MIO_EUR,SCA,S13,P51G,FR,2011-Q1,23166.5
Q,MIO_EUR,SCA,S13,P51G,FR,2011-Q2,23121.8
Q,MIO_EUR,SCA,S13,P51G,FR,2011-Q3,22995.1
Q,MIO_EUR,SCA,S13,P51G,FR,2011-Q4,23326.4
Q,MIO_EUR,SCA,S13,P51G,FR,2012-Q1,23484.1
Q,MIO_EUR,SCA,S13,P51G,FR,2012-Q2,23640.9
Q,MIO_EUR,SCA,S13,P51G,FR,2012-Q3,23880.5
Q,MIO_EUR,SCA,S13,P51G,FR,2012-Q4,24087.4
Q,MIO_EUR,SCA,S13,P51G,FR,2013-Q1,24376.1
Q,MIO_EUR,SCA,S13,P51G,FR,2013-Q2,24411.3
Q,MIO_EUR,SCA,S13,P51G,FR,2013-Q3,24200
Q,MIO_EUR,SCA,S13,P51G,FR,2013-Q4,24122.6
Q,MIO_EUR,SCA,S13,P51G,FR,2014-Q1,23682.5
Q,MIO_EUR,SCA,S13,P51G,FR,2014-Q2,23127.3
Q,MIO_EUR,SCA,S13,P51G,FR,2014-Q3,22824.1
Q,MIO_EUR,SCA,S13,P51G,FR,2014-Q4,22251.1
Q,MIO_EUR,SCA,S13,P51G,FR,2015-Q1,21943.4
Q,MIO_EUR,SCA,S13,P51G,FR,2015-Q2,21574.9
Q,MIO_EUR,SCA,S13,P51G,FR,2015-Q3,21508.3
Q,MIO_EUR,SCA,S13,P51G,FR,2015-Q4,21774.6
Q,MIO_EUR,SCA,S13,P51G,FR,2016-Q1,21819
Q,MIO_EUR,SCA,S13,P51G,FR,2016-Q2,21816.4
Q,MIO_EUR,SCA,S13,P51G,FR,2016-Q3,21822.9
Q,MIO_EUR,SCA,S13,P51G,FR,2016-Q4,22047.5
Q,MIO_EUR,SCA,S13,P51G,FR,2017-Q1,22148.9
Q,MIO_EUR,SCA,S13,P51G,FR,2017-Q2,21986.8
Q,MIO_EUR,SCA,S13,P51G,FR,2017-Q3,21996.7
Q,MIO_EUR,SCA,S13,P51G,FR,2017-Q4,22136.8
Q,MIO_EUR,SCA,S13,P51G,FR,2018-Q1,22276
Q,MIO_EUR,SCA,S13,P51G,FR,2018-Q2,22685.6
Q,MIO_EUR,SCA,S13,P51G,FR,2018-Q3,23211
Q,MIO_EUR,SCA,S13,P51G,FR,2018-Q4,24058.3
Q,MIO_EUR,SCA,S13,P51G,FR,2019-Q1,24679.4
Q,MIO_EUR,SCA,S13,P51G,FR,2019-Q2,25378.3
Q,MIO_EUR,SCA,S13,P51G,FR,2019-Q3,25578.9
Q,MIO_EUR,SCA,S13,P51G,FR,2019-Q4,25563.9
Q,MIO_EUR,SCA,S13,P51G,FR,2020-Q1,24621.4
Q,MIO_EUR,SCA,S13,P51G,FR,2020-Q2,22287.1
Q,MIO_EUR,SCA,S13,P51G,FR,2020-Q3,24385.5
Q,MIO_EUR,SCA,S13,P51G,FR,2020-Q4,24933.9
Q,MIO_EUR,SCA,S13,P51G,FR,2021-Q1,25142.6
Q,MIO_EUR,SCA,S13,P51G,FR,2021-Q2,25358.9
Q,MIO_EUR,SCA,S13,P51G,FR,2021-Q3,25578.8
Q,MIO_EUR,SCA,S13,P51G,FR,2021-Q4,25961.2
Q,MIO_EUR,SCA,S13,P51G,FR,2022-Q1,26565.5
Q,MIO_EUR,SCA,S13,P51G,FR,2022-Q2,27130.8
Q,MIO_EUR,SCA,S13,P51G,FR,2022-Q3,27901.3
Q,MIO_EUR,SCA,S13,P51G,FR,2022-Q4,28572.7
Q,MIO_EUR,SCA,S13,P51G,FR,2023-Q1,29111.6
Q,MIO_EUR,SCA,S13,P51G,FR,2023-Q2,29871.3
Q,MIO_EUR,SCA,S13,P51G,FR,2023-Q3,30192.5
Q,MIO_EUR,SCA,S13,P51G,FR,2023-Q4,30774.6
Q,MIO_EUR,SCA,S13,P51G,FR,2024-Q1,31193.3
Q,MIO_EUR,SCA,S13,P51G,FR,2024-Q2,31955.5
Q,MIO_EUR,SCA,S13,P51G,FR,2024-Q3,32199.3
Q,MIO_EUR,SCA,S13,P51G,FR,2024-Q4,32250.8
Q,MIO_EUR,SCA,S13,P51G,FR,2025-Q1,32653.7
Q,MIO_EUR,SCA,S13,P51G,FR,2025-Q2,32936.9
Q,MIO_EUR,SCA,S13,P51G,FR,2025-Q3,33224.5
Q,MIO_EUR,SCA,S13,P51G,FR,2025-Q4,33546.7
Q,MIO_EUR,SCA,S13,P51G,FR,2026-Q1,33466
Q,MIO_EUR,SCA,S13,P51G,HR,1995-Q1,
Q,MIO_EUR,SCA,S13,P51G,HR,1995-Q2,
Q,MIO_EUR,SCA,S13,P51G,HR,1995-Q3,
Q,MIO_EUR,SCA,S13,P51G,HR,1995-Q4,
Q,MIO_EUR,SCA,S13,P51G,HR,1996-Q1,
Q,MIO_EUR,SCA,S13,P51G,HR,1996-Q2,
Q,MIO_EUR,SCA,S13,P51G,HR,1996-Q3,
Q,MIO_EUR,SCA,S13,P51G,HR,1996-Q4,
Q,MIO_EUR,SCA,S13,P51G,HR,1997-Q1,
Q,MIO_EUR,SCA,S13,P51G,HR,1997-Q2,
Q,MIO_EUR,SCA,S13,P51G,HR,1997-Q3,
Q,MIO_EUR,SCA,S13,P51G,HR,1997-Q4,
Q,MIO_EUR,SCA,S13,P51G,HR,1998-Q1,
Q,MIO_EUR,SCA,S13,P51G,HR,1998-Q2,
Q,MIO_EUR,SCA,S13,P51G,HR,1998-Q3,
Q,MIO_EUR,SCA,S13,P51G,HR,1998-Q4,
Q,MIO_EUR,SCA,S13,P51G,HR,1999-Q1,333
Q,MIO_EUR,SCA,S13,P51G,HR,1999-Q2,293.1
Q,MIO_EUR,SCA,S13,P51G,HR,1999-Q3,302.9
Q,MIO_EUR,SCA,S13,P51G,HR,1999-Q4,303.5
Q,MIO_EUR,SCA,S13,P51G,HR,2000-Q1,310.1
Q,MIO_EUR,SCA,S13,P51G,HR,2000-Q2,325
Q,MIO_EUR,SCA,S13,P51G,HR,2000-Q3,324.7
Q,MIO_EUR,SCA,S13,P51G,HR,2000-Q4,366.9
Q,MIO_EUR,SCA,S13,P51G,HR,2001-Q1,263.7
Q,MIO_EUR,SCA,S13,P51G,HR,2001-Q2,300.8
Q,MIO_EUR,SCA,S13,P51G,HR,2001-Q3,299.2
Q,MIO_EUR,SCA,S13,P51G,HR,2001-Q4,327.3
Q,MIO_EUR,SCA,S13,P51G,HR,2002-Q1,325.5
Q,MIO_EUR,SCA,S13,P51G,HR,2002-Q2,321.8
Q,MIO_EUR,SCA,S13,P51G,HR,2002-Q3,346.6
Q,MIO_EUR,SCA,S13,P51G,HR,2002-Q4,378.9
Q,MIO_EUR,SCA,S13,P51G,HR,2003-Q1,450.6
Q,MIO_EUR,SCA,S13,P51G,HR,2003-Q2,500.8
Q,MIO_EUR,SCA,S13,P51G,HR,2003-Q3,521.3
Q,MIO_EUR,SCA,S13,P51G,HR,2003-Q4,497.8
Q,MIO_EUR,SCA,S13,P51G,HR,2004-Q1,523.5
Q,MIO_EUR,SCA,S13,P51G,HR,2004-Q2,557.1
Q,MIO_EUR,SCA,S13,P51G,HR,2004-Q3,526
Q,MIO_EUR,SCA,S13,P51G,HR,2004-Q4,501.7
Q,MIO_EUR,SCA,S13,P51G,HR,2005-Q1,447.8
Q,MIO_EUR,SCA,S13,P51G,HR,2005-Q2,438.4
Q,MIO_EUR,SCA,S13,P51G,HR,2005-Q3,485.3
Q,MIO_EUR,SCA,S13,P51G,HR,2005-Q4,490.5
Q,MIO_EUR,SCA,S13,P51G,HR,2006-Q1,473.7
Q,MIO_EUR,SCA,S13,P51G,HR,2006-Q2,500.3
Q,MIO_EUR,SCA,S13,P51G,HR,2006-Q3,517.6
Q,MIO_EUR,SCA,S13,P51G,HR,2006-Q4,538.4
Q,MIO_EUR,SCA,S13,P51G,HR,2007-Q1,673.1
Q,MIO_EUR,SCA,S13,P51G,HR,2007-Q2,712.4
Q,MIO_EUR,SCA,S13,P51G,HR,2007-Q3,710.7
Q,MIO_EUR,SCA,S13,P51G,HR,2007-Q4,718.9
Q,MIO_EUR,SCA,S13,P51G,HR,2008-Q1,696.9
Q,MIO_EUR,SCA,S13,P51G,HR,2008-Q2,686.3
Q,MIO_EUR,SCA,S13,P51G,HR,2008-Q3,676.2
Q,MIO_EUR,SCA,S13,P51G,HR,2008-Q4,647.5
Q,MIO_EUR,SCA,S13,P51G,HR,2009-Q1,662.4
Q,MIO_EUR,SCA,S13,P51G,HR,2009-Q2,660.9
Q,MIO_EUR,SCA,S13,P51G,HR,2009-Q3,633
Q,MIO_EUR,SCA,S13,P51G,HR,2009-Q4,599.9
Q,MIO_EUR,SCA,S13,P51G,HR,2010-Q1,457.3
Q,MIO_EUR,SCA,S13,P51G,HR,2010-Q2,424.7
Q,MIO_EUR,SCA,S13,P51G,HR,2010-Q3,430.5
Q,MIO_EUR,SCA,S13,P51G,HR,2010-Q4,419.3
Q,MIO_EUR,SCA,S13,P51G,HR,2011-Q1,417.3
Q,MIO_EUR,SCA,S13,P51G,HR,2011-Q2,376
Q,MIO_EUR,SCA,S13,P51G,HR,2011-Q3,420
Q,MIO_EUR,SCA,S13,P51G,HR,2011-Q4,413.3
Q,MIO_EUR,SCA,S13,P51G,HR,2012-Q1,425.4
Q,MIO_EUR,SCA,S13,P51G,HR,2012-Q2,438.2
Q,MIO_EUR,SCA,S13,P51G,HR,2012-Q3,415
Q,MIO_EUR,SCA,S13,P51G,HR,2012-Q4,419.8
Q,MIO_EUR,SCA,S13,P51G,HR,2013-Q1,445.4
Q,MIO_EUR,SCA,S13,P51G,HR,2013-Q2,457.8
Q,MIO_EUR,SCA,S13,P51G,HR,2013-Q3,470.8
Q,MIO_EUR,SCA,S13,P51G,HR,2013-Q4,461.3
Q,MIO_EUR,SCA,S13,P51G,HR,2014-Q1,404.8
Q,MIO_EUR,SCA,S13,P51G,HR,2014-Q2,427
Q,MIO_EUR,SCA,S13,P51G,HR,2014-Q3,410.3
Q,MIO_EUR,SCA,S13,P51G,HR,2014-Q4,391.8
Q,MIO_EUR,SCA,S13,P51G,HR,2015-Q1,381.3
Q,MIO_EUR,SCA,S13,P51G,HR,2015-Q2,441.2
Q,MIO_EUR,SCA,S13,P51G,HR,2015-Q3,379.2
Q,MIO_EUR,SCA,S13,P51G,HR,2015-Q4,357.2
Q,MIO_EUR,SCA,S13,P51G,HR,2016-Q1,388
Q,MIO_EUR,SCA,S13,P51G,HR,2016-Q2,398.3
Q,MIO_EUR,SCA,S13,P51G,HR,2016-Q3,360.6
Q,MIO_EUR,SCA,S13,P51G,HR,2016-Q4,328.1
Q,MIO_EUR,SCA,S13,P51G,HR,2017-Q1,368.1
Q,MIO_EUR,SCA,S13,P51G,HR,2017-Q2,324.6
Q,MIO_EUR,SCA,S13,P51G,HR,2017-Q3,313.8
Q,MIO_EUR,SCA,S13,P51G,HR,2017-Q4,266.8
Q,MIO_EUR,SCA,S13,P51G,HR,2018-Q1,328.3
Q,MIO_EUR,SCA,S13,P51G,HR,2018-Q2,395.8
Q,MIO_EUR,SCA,S13,P51G,HR,2018-Q3,427.5
Q,MIO_EUR,SCA,S13,P51G,HR,2018-Q4,673.8
Q,MIO_EUR,SCA,S13,P51G,HR,2019-Q1,521.8
Q,MIO_EUR,SCA,S13,P51G,HR,2019-Q2,523.6
Q,MIO_EUR,SCA,S13,P51G,HR,2019-Q3,660.7
Q,MIO_EUR,SCA,S13,P51G,HR,2019-Q4,673.2
Q,MIO_EUR,SCA,S13,P51G,HR,2020-Q1,618.9
Q,MIO_EUR,SCA,S13,P51G,HR,2020-Q2,614.4
Q,MIO_EUR,SCA,S13,P51G,HR,2020-Q3,715
Q,MIO_EUR,SCA,S13,P51G,HR,2020-Q4,834.6
Q,MIO_EUR,SCA,S13,P51G,HR,2021-Q1,707.5
Q,MIO_EUR,SCA,S13,P51G,HR,2021-Q2,807.3
Q,MIO_EUR,SCA,S13,P51G,HR,2021-Q3,708
Q,MIO_EUR,SCA,S13,P51G,HR,2021-Q4,513.5
Q,MIO_EUR,SCA,S13,P51G,HR,2022-Q1,703.3
Q,MIO_EUR,SCA,S13,P51G,HR,2022-Q2,683.1
Q,MIO_EUR,SCA,S13,P51G,HR,2022-Q3,681.9
Q,MIO_EUR,SCA,S13,P51G,HR,2022-Q4,683.6
Q,MIO_EUR,SCA,S13,P51G,HR,2023-Q1,815.6
Q,MIO_EUR,SCA,S13,P51G,HR,2023-Q2,1199.6
Q,MIO_EUR,SCA,S13,P51G,HR,2023-Q3,957
Q,MIO_EUR,SCA,S13,P51G,HR,2023-Q4,1493.6
Q,MIO_EUR,SCA,S13,P51G,HR,2024-Q1,1024.9
Q,MIO_EUR,SCA,S13,P51G,HR,2024-Q2,1096.6
Q,MIO_EUR,SCA,S13,P51G,HR,2024-Q3,1116.9
Q,MIO_EUR,SCA,S13,P51G,HR,2024-Q4,1212.8
Q,MIO_EUR,SCA,S13,P51G,HR,2025-Q1,1254.2
Q,MIO_EUR,SCA,S13,P51G,HR,2025-Q2,1366.7
Q,MIO_EUR,SCA,S13,P51G,HR,2025-Q3,1439
Q,MIO_EUR,SCA,S13,P51G,HR,2025-Q4,1523.7
Q,MIO_EUR,SCA,S13,P51G,HR,2026-Q1,1326.9
Q,MIO_EUR,SCA,S13,P51G,IT,1995-Q1,
Q,MIO_EUR,SCA,S13,P51G,IT,1995-Q2,
Q,MIO_EUR,SCA,S13,P51G,IT,1995-Q3,
Q,MIO_EUR,SCA,S13,P51G,IT,1995-Q4,
Q,MIO_EUR,SCA,S13,P51G,IT,1996-Q1,
Q,MIO_EUR,SCA,S13,P51G,IT,1996-Q2,
Q,MIO_EUR,SCA,S13,P51G,IT,1996-Q3,
Q,MIO_EUR,SCA,S13,P51G,IT,1996-Q4,
Q,MIO_EUR,SCA,S13,P51G,IT,1997-Q1,
Q,MIO_EUR,SCA,S13,P51G,IT,1997-Q2,
Q,MIO_EUR,SCA,S13,P51G,IT,1997-Q3,
Q,MIO_EUR,SCA,S13,P51G,IT,1997-Q4,
Q,MIO_EUR,SCA,S13,P51G,IT,1998-Q1,
Q,MIO_EUR,SCA,S13,P51G,IT,1998-Q2,
Q,MIO_EUR,SCA,S13,P51G,IT,1998-Q3,
Q,MIO_EUR,SCA,S13,P51G,IT,1998-Q4,
Q,MIO_EUR,SCA,S13,P51G,IT,1999-Q1,
Q,MIO_EUR,SCA,S13,P51G,IT,1999-Q2,
Q,MIO_EUR,SCA,S13,P51G,IT,1999-Q3,
Q,MIO_EUR,SCA,S13,P51G,IT,1999-Q4,
Q,MIO_EUR,SCA,S13,P51G,IT,2000-Q1,
Q,MIO_EUR,SCA,S13,P51G,IT,2000-Q2,
Q,MIO_EUR,SCA,S13,P51G,IT,2000-Q3,
Q,MIO_EUR,SCA,S13,P51G,IT,2000-Q4,
Q,MIO_EUR,SCA,S13,P51G,IT,2001-Q1,
Q,MIO_EUR,SCA,S13,P51G,IT,2001-Q2,
Q,MIO_EUR,SCA,S13,P51G,IT,2001-Q3,
Q,MIO_EUR,SCA,S13,P51G,IT,2001-Q4,
Q,MIO_EUR,SCA,S13,P51G,IT,2002-Q1,
Q,MIO_EUR,SCA,S13,P51G,IT,2002-Q2,
Q,MIO_EUR,SCA,S13,P51G,IT,2002-Q3,
Q,MIO_EUR,SCA,S13,P51G,IT,2002-Q4,
Q,MIO_EUR,SCA,S13,P51G,IT,2003-Q1,
Q,MIO_EUR,SCA,S13,P51G,IT,2003-Q2,
Q,MIO_EUR,SCA,S13,P51G,IT,2003-Q3,
Q,MIO_EUR,SCA,S13,P51G,IT,2003-Q4,
Q,MIO_EUR,SCA,S13,P51G,IT,2004-Q1,
Q,MIO_EUR,SCA,S13,P51G,IT,2004-Q2,
Q,MIO_EUR,SCA,S13,P51G,IT,2004-Q3,
Q,MIO_EUR,SCA,S13,P51G,IT,2004-Q4,
Q,MIO_EUR,SCA,S13,P51G,IT,2005-Q1,
Q,MIO_EUR,SCA,S13,P51G,IT,2005-Q2,
Q,MIO_EUR,SCA,S13,P51G,IT,2005-Q3,
Q,MIO_EUR,SCA,S13,P51G,IT,2005-Q4,
Q,MIO_EUR,SCA,S13,P51G,IT,2006-Q1,
Q,MIO_EUR,SCA,S13,P51G,IT,2006-Q2,
Q,MIO_EUR,SCA,S13,P51G,IT,2006-Q3,
Q,MIO_EUR,SCA,S13,P51G,IT,2006-Q4,
Q,MIO_EUR,SCA,S13,P51G,IT,2007-Q1,
Q,MIO_EUR,SCA,S13,P51G,IT,2007-Q2,
Q,MIO_EUR,SCA,S13,P51G,IT,2007-Q3,
Q,MIO_EUR,SCA,S13,P51G,IT,2007-Q4,
Q,MIO_EUR,SCA,S13,P51G,IT,2008-Q1,
Q,MIO_EUR,SCA,S13,P51G,IT,2008-Q2,
Q,MIO_EUR,SCA,S13,P51G,IT,2008-Q3,
Q,MIO_EUR,SCA,S13,P51G,IT,2008-Q4,
Q,MIO_EUR,SCA,S13,P51G,IT,2009-Q1,
Q,MIO_EUR,SCA,S13,P51G,IT,2009-Q2,
Q,MIO_EUR,SCA,S13,P51G,IT,2009-Q3,
Q,MIO_EUR,SCA,S13,P51G,IT,2009-Q4,
Q,MIO_EUR,SCA,S13,P51G,IT,2010-Q1,
Q,MIO_EUR,SCA,S13,P51G,IT,2010-Q2,
Q,MIO_EUR,SCA,S13,P51G,IT,2010-Q3,
Q,MIO_EUR,SCA,S13,P51G,IT,2010-Q4,
Q,MIO_EUR,SCA,S13,P51G,IT,2011-Q1,
Q,MIO_EUR,SCA,S13,P51G,IT,2011-Q2,
Q,MIO_EUR,SCA,S13,P51G,IT,2011-Q3,
Q,MIO_EUR,SCA,S13,P51G,IT,2011-Q4,
Q,MIO_EUR,SCA,S13,P51G,IT,2012-Q1,
Q,MIO_EUR,SCA,S13,P51G,IT,2012-Q2,
Q,MIO_EUR,SCA,S13,P51G,IT,2012-Q3,
Q,MIO_EUR,SCA,S13,P51G,IT,2012-Q4,
Q,MIO_EUR,SCA,S13,P51G,IT,2013-Q1,
Q,MIO_EUR,SCA,S13,P51G,IT,2013-Q2,
Q,MIO_EUR,SCA,S13,P51G,IT,2013-Q3,
Q,MIO_EUR,SCA,S13,P51G,IT,2013-Q4,
Q,MIO_EUR,SCA,S13,P51G,IT,2014-Q1,
Q,MIO_EUR,SCA,S13,P51G,IT,2014-Q2,
Q,MIO_EUR,SCA,S13,P51G,IT,2014-Q3,
Q,MIO_EUR,SCA,S13,P51G,IT,2014-Q4,
Q,MIO_EUR,SCA,S13,P51G,IT,2015-Q1,
Q,MIO_EUR,SCA,S13,P51G,IT,2015-Q2,
Q,MIO_EUR,SCA,S13,P51G,IT,2015-Q3,
Q,MIO_EUR,SCA,S13,P51G,IT,2015-Q4,
Q,MIO_EUR,SCA,S13,P51G,IT,2016-Q1,
Q,MIO_EUR,SCA,S13,P51G,IT,2016-Q2,
Q,MIO_EUR,SCA,S13,P51G,IT,2016-Q3,
Q,MIO_EUR,SCA,S13,P51G,IT,2016-Q4,
Q,MIO_EUR,SCA,S13,P51G,IT,2017-Q1,
Q,MIO_EUR,SCA,S13,P51G,IT,2017-Q2,
Q,MIO_EUR,SCA,S13,P51G,IT,2017-Q3,
Q,MIO_EUR,SCA,S13,P51G,IT,2017-Q4,
Q,MIO_EUR,SCA,S13,P51G,IT,2018-Q1,
Q,MIO_EUR,SCA,S13,P51G,IT,2018-Q2,
Q,MIO_EUR,SCA,S13,P51G,IT,2018-Q3,
Q,MIO_EUR,SCA,S13,P51G,IT,2018-Q4,
Q,MIO_EUR,SCA,S13,P51G,IT,2019-Q1,
Q,MIO_EUR,SCA,S13,P51G,IT,2019-Q2,
Q,MIO_EUR,SCA,S13,P51G,IT,2019-Q3,
Q,MIO_EUR,SCA,S13,P51G,IT,2019-Q4,
Q,MIO_EUR,SCA,S13,P51G,IT,2020-Q1,
Q,MIO_EUR,SCA,S13,P51G,IT,2020-Q2,
Q,MIO_EUR,SCA,S13,P51G,IT,2020-Q3,
Q,MIO_EUR,SCA,S13,P51G,IT,2020-Q4,
Q,MIO_EUR,SCA,S13,P51G,IT,2021-Q1,
Q,MIO_EUR,SCA,S13,P51G,IT,2021-Q2,
Q,MIO_EUR,SCA,S13,P51G,IT,2021-Q3,
Q,MIO_EUR,SCA,S13,P51G,IT,2021-Q4,
Q,MIO_EUR,SCA,S13,P51G,IT,2022-Q1,
Q,MIO_EUR,SCA,S13,P51G,IT,2022-Q2,
Q,MIO_EUR,SCA,S13,P51G,IT,2022-Q3,
Q,MIO_EUR,SCA,S13,P51G,IT,2022-Q4,
Q,MIO_EUR,SCA,S13,P51G,IT,2023-Q1,
Q,MIO_EUR,SCA,S13,P51G,IT,2023-Q2,
Q,MIO_EUR,SCA,S13,P51G,IT,2023-Q3,
Q,MIO_EUR,SCA,S13,P51G,IT,2023-Q4,
Q,MIO_EUR,SCA,S13,P51G,IT,2024-Q1,
Q,MIO_EUR,SCA,S13,P51G,IT,2024-Q2,
Q,MIO_EUR,SCA,S13,P51G,IT,2024-Q3,
Q,MIO_EUR,SCA,S13,P51G,IT,2024-Q4,
Q,MIO_EUR,SCA,S13,P51G,IT,2025-Q1,
Q,MIO_EUR,SCA,S13,P51G,IT,2025-Q2,
Q,MIO_EUR,SCA,S13,P51G,IT,2025-Q3,
Q,MIO_EUR,SCA,S13,P51G,IT,2025-Q4,
Q,MIO_EUR,SCA,S13,P51G,IT,2026-Q1,
Q,MIO_EUR,SCA,S13,P51G,CY,1995-Q1,
Q,MIO_EUR,SCA,S13,P51G,CY,1995-Q2,
Q,MIO_EUR,SCA,S13,P51G,CY,1995-Q3,
Q,MIO_EUR,SCA,S13,P51G,CY,1995-Q4,
Q,MIO_EUR,SCA,S13,P51G,CY,1996-Q1,
Q,MIO_EUR,SCA,S13,P51G,CY,1996-Q2,
Q,MIO_EUR,SCA,S13,P51G,CY,1996-Q3,
Q,MIO_EUR,SCA,S13,P51G,CY,1996-Q4,
Q,MIO_EUR,SCA,S13,P51G,CY,1997-Q1,
Q,MIO_EUR,SCA,S13,P51G,CY,1997-Q2,
Q,MIO_EUR,SCA,S13,P51G,CY,1997-Q3,
Q,MIO_EUR,SCA,S13,P51G,CY,1997-Q4,
Q,MIO_EUR,SCA,S13,P51G,CY,1998-Q1,
Q,MIO_EUR,SCA,S13,P51G,CY,1998-Q2,
Q,MIO_EUR,SCA,S13,P51G,CY,1998-Q3,
Q,MIO_EUR,SCA,S13,P51G,CY,1998-Q4,
Q,MIO_EUR,SCA,S13,P51G,CY,1999-Q1,
Q,MIO_EUR,SCA,S13,P51G,CY,1999-Q2,
Q,MIO_EUR,SCA,S13,P51G,CY,1999-Q3,
Q,MIO_EUR,SCA,S13,P51G,CY,1999-Q4,
Q,MIO_EUR,SCA,S13,P51G,CY,2000-Q1,
Q,MIO_EUR,SCA,S13,P51G,CY,2000-Q2,
Q,MIO_EUR,SCA,S13,P51G,CY,2000-Q3,
Q,MIO_EUR,SCA,S13,P51G,CY,2000-Q4,
Q,MIO_EUR,SCA,S13,P51G,CY,2001-Q1,
Q,MIO_EUR,SCA,S13,P51G,CY,2001-Q2,
Q,MIO_EUR,SCA,S13,P51G,CY,2001-Q3,
Q,MIO_EUR,SCA,S13,P51G,CY,2001-Q4,
Q,MIO_EUR,SCA,S13,P51G,CY,2002-Q1,
Q,MIO_EUR,SCA,S13,P51G,CY,2002-Q2,
Q,MIO_EUR,SCA,S13,P51G,CY,2002-Q3,
Q,MIO_EUR,SCA,S13,P51G,CY,2002-Q4,
Q,MIO_EUR,SCA,S13,P51G,CY,2003-Q1,
Q,MIO_EUR,SCA,S13,P51G,CY,2003-Q2,
Q,MIO_EUR,SCA,S13,P51G,CY,2003-Q3,
Q,MIO_EUR,SCA,S13,P51G,CY,2003-Q4,
Q,MIO_EUR,SCA,S13,P51G,CY,2004-Q1,
Q,MIO_EUR,SCA,S13,P51G,CY,2004-Q2,
Q,MIO_EUR,SCA,S13,P51G,CY,2004-Q3,
Q,MIO_EUR,SCA,S13,P51G,CY,2004-Q4,
Q,MIO_EUR,SCA,S13,P51G,CY,2005-Q1,
Q,MIO_EUR,SCA,S13,P51G,CY,2005-Q2,
Q,MIO_EUR,SCA,S13,P51G,CY,2005-Q3,
Q,MIO_EUR,SCA,S13,P51G,CY,2005-Q4,
Q,MIO_EUR,SCA,S13,P51G,CY,2006-Q1,
Q,MIO_EUR,SCA,S13,P51G,CY,2006-Q2,
Q,MIO_EUR,SCA,S13,P51G,CY,2006-Q3,
Q,MIO_EUR,SCA,S13,P51G,CY,2006-Q4,
Q,MIO_EUR,SCA,S13,P51G,CY,2007-Q1,
Q,MIO_EUR,SCA,S13,P51G,CY,2007-Q2,
Q,MIO_EUR,SCA,S13,P51G,CY,2007-Q3,
Q,MIO_EUR,SCA,S13,P51G,CY,2007-Q4,
Q,MIO_EUR,SCA,S13,P51G,CY,2008-Q1,
Q,MIO_EUR,SCA,S13,P51G,CY,2008-Q2,
Q,MIO_EUR,SCA,S13,P51G,CY,2008-Q3,
Q,MIO_EUR,SCA,S13,P51G,CY,2008-Q4,
Q,MIO_EUR,SCA,S13,P51G,CY,2009-Q1,
Q,MIO_EUR,SCA,S13,P51G,CY,2009-Q2,
Q,MIO_EUR,SCA,S13,P51G,CY,2009-Q3,
Q,MIO_EUR,SCA,S13,P51G,CY,2009-Q4,
Q,MIO_EUR,SCA,S13,P51G,CY,2010-Q1,
Q,MIO_EUR,SCA,S13,P51G,CY,2010-Q2,
Q,MIO_EUR,SCA,S13,P51G,CY,2010-Q3,
Q,MIO_EUR,SCA,S13,P51G,CY,2010-Q4,
Q,MIO_EUR,SCA,S13,P51G,CY,2011-Q1,
Q,MIO_EUR,SCA,S13,P51G,CY,2011-Q2,
Q,MIO_EUR,SCA,S13,P51G,CY,2011-Q3,
Q,MIO_EUR,SCA,S13,P51G,CY,2011-Q4,
Q,MIO_EUR,SCA,S13,P51G,CY,2012-Q1,
Q,MIO_EUR,SCA,S13,P51G,CY,2012-Q2,
Q,MIO_EUR,SCA,S13,P51G,CY,2012-Q3,
Q,MIO_EUR,SCA,S13,P51G,CY,2012-Q4,
Q,MIO_EUR,SCA,S13,P51G,CY,2013-Q1,
Q,MIO_EUR,SCA,S13,P51G,CY,2013-Q2,
Q,MIO_EUR,SCA,S13,P51G,CY,2013-Q3,
Q,MIO_EUR,SCA,S13,P51G,CY,2013-Q4,
Q,MIO_EUR,SCA,S13,P51G,CY,2014-Q1,
Q,MIO_EUR,SCA,S13,P51G,CY,2014-Q2,
Q,MIO_EUR,SCA,S13,P51G,CY,2014-Q3,
Q,MIO_EUR,SCA,S13,P51G,CY,2014-Q4,
Q,MIO_EUR,SCA,S13,P51G,CY,2015-Q1,
Q,MIO_EUR,SCA,S13,P51G,CY,2015-Q2,
Q,MIO_EUR,SCA,S13,P51G,CY,2015-Q3,
Q,MIO_EUR,SCA,S13,P51G,CY,2015-Q4,
Q,MIO_EUR,SCA,S13,P51G,CY,2016-Q1,
Q,MIO_EUR,SCA,S13,P51G,CY,2016-Q2,
Q,MIO_EUR,SCA,S13,P51G,CY,2016-Q3,
Q,MIO_EUR,SCA,S13,P51G,CY,2016-Q4,
Q,MIO_EUR,SCA,S13,P51G,CY,2017-Q1,
Q,MIO_EUR,SCA,S13,P51G,CY,2017-Q2,
Q,MIO_EUR,SCA,S13,P51G,CY,2017-Q3,
Q,MIO_EUR,SCA,S13,P51G,CY,2017-Q4,
Q,MIO_EUR,SCA,S13,P51G,CY,2018-Q1,
Q,MIO_EUR,SCA,S13,P51G,CY,2018-Q2,
Q,MIO_EUR,SCA,S13,P51G,CY,2018-Q3,
Q,MIO_EUR,SCA,S13,P51G,CY,2018-Q4,
Q,MIO_EUR,SCA,S13,P51G,CY,2019-Q1,
Q,MIO_EUR,SCA,S13,P51G,CY,2019-Q2,
Q,MIO_EUR,SCA,S13,P51G,CY,2019-Q3,
Q,MIO_EUR,SCA,S13,P51G,CY,2019-Q4,
Q,MIO_EUR,SCA,S13,P51G,CY,2020-Q1,
Q,MIO_EUR,SCA,S13,P51G,CY,2020-Q2,
Q,MIO_EUR,SCA,S13,P51G,CY,2020-Q3,
Q,MIO_EUR,SCA,S13,P51G,CY,2020-Q4,
Q,MIO_EUR,SCA,S13,P51G,CY,2021-Q1,
Q,MIO_EUR,SCA,S13,P51G,CY,2021-Q2,
Q,MIO_EUR,SCA,S13,P51G,CY,2021-Q3,
Q,MIO_EUR,SCA,S13,P51G,CY,2021-Q4,
Q,MIO_EUR,SCA,S13,P51G,CY,2022-Q1,
Q,MIO_EUR,SCA,S13,P51G,CY,2022-Q2,
Q,MIO_EUR,SCA,S13,P51G,CY,2022-Q3,
Q,MIO_EUR,SCA,S13,P51G,CY,2022-Q4,
Q,MIO_EUR,SCA,S13,P51G,CY,2023-Q1,
Q,MIO_EUR,SCA,S13,P51G,CY,2023-Q2,
Q,MIO_EUR,SCA,S13,P51G,CY,2023-Q3,
Q,MIO_EUR,SCA,S13,P51G,CY,2023-Q4,
Q,MIO_EUR,SCA,S13,P51G,CY,2024-Q1,
Q,MIO_EUR,SCA,S13,P51G,CY,2024-Q2,
Q,MIO_EUR,SCA,S13,P51G,CY,2024-Q3,
Q,MIO_EUR,SCA,S13,P51G,CY,2024-Q4,
Q,MIO_EUR,SCA,S13,P51G,CY,2025-Q1,
Q,MIO_EUR,SCA,S13,P51G,CY,2025-Q2,
Q,MIO_EUR,SCA,S13,P51G,CY,2025-Q3,
Q,MIO_EUR,SCA,S13,P51G,CY,2025-Q4,
Q,MIO_EUR,SCA,S13,P51G,CY,2026-Q1,
Q,MIO_EUR,SCA,S13,P51G,LV,1995-Q1,
Q,MIO_EUR,SCA,S13,P51G,LV,1995-Q2,
Q,MIO_EUR,SCA,S13,P51G,LV,1995-Q3,
Q,MIO_EUR,SCA,S13,P51G,LV,1995-Q4,
Q,MIO_EUR,SCA,S13,P51G,LV,1996-Q1,
Q,MIO_EUR,SCA,S13,P51G,LV,1996-Q2,
Q,MIO_EUR,SCA,S13,P51G,LV,1996-Q3,
Q,MIO_EUR,SCA,S13,P51G,LV,1996-Q4,
Q,MIO_EUR,SCA,S13,P51G,LV,1997-Q1,
Q,MIO_EUR,SCA,S13,P51G,LV,1997-Q2,
Q,MIO_EUR,SCA,S13,P51G,LV,1997-Q3,
Q,MIO_EUR,SCA,S13,P51G,LV,1997-Q4,
Q,MIO_EUR,SCA,S13,P51G,LV,1998-Q1,
Q,MIO_EUR,SCA,S13,P51G,LV,1998-Q2,
Q,MIO_EUR,SCA,S13,P51G,LV,1998-Q3,
Q,MIO_EUR,SCA,S13,P51G,LV,1998-Q4,
Q,MIO_EUR,SCA,S13,P51G,LV,1999-Q1,
Q,MIO_EUR,SCA,S13,P51G,LV,1999-Q2,
Q,MIO_EUR,SCA,S13,P51G,LV,1999-Q3,
Q,MIO_EUR,SCA,S13,P51G,LV,1999-Q4,
Q,MIO_EUR,SCA,S13,P51G,LV,2000-Q1,
Q,MIO_EUR,SCA,S13,P51G,LV,2000-Q2,
Q,MIO_EUR,SCA,S13,P51G,LV,2000-Q3,
Q,MIO_EUR,SCA,S13,P51G,LV,2000-Q4,
Q,MIO_EUR,SCA,S13,P51G,LV,2001-Q1,
Q,MIO_EUR,SCA,S13,P51G,LV,2001-Q2,
Q,MIO_EUR,SCA,S13,P51G,LV,2001-Q3,
Q,MIO_EUR,SCA,S13,P51G,LV,2001-Q4,
Q,MIO_EUR,SCA,S13,P51G,LV,2002-Q1,
Q,MIO_EUR,SCA,S13,P51G,LV,2002-Q2,
Q,MIO_EUR,SCA,S13,P51G,LV,2002-Q3,
Q,MIO_EUR,SCA,S13,P51G,LV,2002-Q4,
Q,MIO_EUR,SCA,S13,P51G,LV,2003-Q1,
Q,MIO_EUR,SCA,S13,P51G,LV,2003-Q2,
Q,MIO_EUR,SCA,S13,P51G,LV,2003-Q3,
Q,MIO_EUR,SCA,S13,P51G,LV,2003-Q4,
Q,MIO_EUR,SCA,S13,P51G,LV,2004-Q1,
Q,MIO_EUR,SCA,S13,P51G,LV,2004-Q2,
Q,MIO_EUR,SCA,S13,P51G,LV,2004-Q3,
Q,MIO_EUR,SCA,S13,P51G,LV,2004-Q4,
Q,MIO_EUR,SCA,S13,P51G,LV,2005-Q1,
Q,MIO_EUR,SCA,S13,P51G,LV,2005-Q2,
Q,MIO_EUR,SCA,S13,P51G,LV,2005-Q3,
Q,MIO_EUR,SCA,S13,P51G,LV,2005-Q4,
Q,MIO_EUR,SCA,S13,P51G,LV,2006-Q1,
Q,MIO_EUR,SCA,S13,P51G,LV,2006-Q2,
Q,MIO_EUR,SCA,S13,P51G,LV,2006-Q3,
Q,MIO_EUR,SCA,S13,P51G,LV,2006-Q4,
Q,MIO_EUR,SCA,S13,P51G,LV,2007-Q1,
Q,MIO_EUR,SCA,S13,P51G,LV,2007-Q2,
Q,MIO_EUR,SCA,S13,P51G,LV,2007-Q3,
Q,MIO_EUR,SCA,S13,P51G,LV,2007-Q4,
Q,MIO_EUR,SCA,S13,P51G,LV,2008-Q1,
Q,MIO_EUR,SCA,S13,P51G,LV,2008-Q2,
Q,MIO_EUR,SCA,S13,P51G,LV,2008-Q3,
Q,MIO_EUR,SCA,S13,P51G,LV,2008-Q4,
Q,MIO_EUR,SCA,S13,P51G,LV,2009-Q1,
Q,MIO_EUR,SCA,S13,P51G,LV,2009-Q2,
Q,MIO_EUR,SCA,S13,P51G,LV,2009-Q3,
Q,MIO_EUR,SCA,S13,P51G,LV,2009-Q4,
Q,MIO_EUR,SCA,S13,P51G,LV,2010-Q1,
Q,MIO_EUR,SCA,S13,P51G,LV,2010-Q2,
Q,MIO_EUR,SCA,S13,P51G,LV,2010-Q3,
Q,MIO_EUR,SCA,S13,P51G,LV,2010-Q4,
Q,MIO_EUR,SCA,S13,P51G,LV,2011-Q1,
Q,MIO_EUR,SCA,S13,P51G,LV,2011-Q2,
Q,MIO_EUR,SCA,S13,P51G,LV,2011-Q3,
Q,MIO_EUR,SCA,S13,P51G,LV,2011-Q4,
Q,MIO_EUR,SCA,S13,P51G,LV,2012-Q1,
Q,MIO_EUR,SCA,S13,P51G,LV,2012-Q2,
Q,MIO_EUR,SCA,S13,P51G,LV,2012-Q3,
Q,MIO_EUR,SCA,S13,P51G,LV,2012-Q4,
Q,MIO_EUR,SCA,S13,P51G,LV,2013-Q1,
Q,MIO_EUR,SCA,S13,P51G,LV,2013-Q2,
Q,MIO_EUR,SCA,S13,P51G,LV,2013-Q3,
Q,MIO_EUR,SCA,S13,P51G,LV,2013-Q4,
Q,MIO_EUR,SCA,S13,P51G,LV,2014-Q1,
Q,MIO_EUR,SCA,S13,P51G,LV,2014-Q2,
Q,MIO_EUR,SCA,S13,P51G,LV,2014-Q3,
Q,MIO_EUR,SCA,S13,P51G,LV,2014-Q4,
Q,MIO_EUR,SCA,S13,P51G,LV,2015-Q1,
Q,MIO_EUR,SCA,S13,P51G,LV,2015-Q2,
Q,MIO_EUR,SCA,S13,P51G,LV,2015-Q3,
Q,MIO_EUR,SCA,S13,P51G,LV,2015-Q4,
Q,MIO_EUR,SCA,S13,P51G,LV,2016-Q1,
Q,MIO_EUR,SCA,S13,P51G,LV,2016-Q2,
Q,MIO_EUR,SCA,S13,P51G,LV,2016-Q3,
Q,MIO_EUR,SCA,S13,P51G,LV,2016-Q4,
Q,MIO_EUR,SCA,S13,P51G,LV,2017-Q1,
Q,MIO_EUR,SCA,S13,P51G,LV,2017-Q2,
Q,MIO_EUR,SCA,S13,P51G,LV,2017-Q3,
Q,MIO_EUR,SCA,S13,P51G,LV,2017-Q4,
Q,MIO_EUR,SCA,S13,P51G,LV,2018-Q1,
Q,MIO_EUR,SCA,S13,P51G,LV,2018-Q2,
Q,MIO_EUR,SCA,S13,P51G,LV,2018-Q3,
Q,MIO_EUR,SCA,S13,P51G,LV,2018-Q4,
Q,MIO_EUR,SCA,S13,P51G,LV,2019-Q1,
Q,MIO_EUR,SCA,S13,P51G,LV,2019-Q2,
Q,MIO_EUR,SCA,S13,P51G,LV,2019-Q3,
Q,MIO_EUR,SCA,S13,P51G,LV,2019-Q4,
Q,MIO_EUR,SCA,S13,P51G,LV,2020-Q1,
Q,MIO_EUR,SCA,S13,P51G,LV,2020-Q2,
Q,MIO_EUR,SCA,S13,P51G,LV,2020-Q3,
Q,MIO_EUR,SCA,S13,P51G,LV,2020-Q4,
Q,MIO_EUR,SCA,S13,P51G,LV,2021-Q1,
Q,MIO_EUR,SCA,S13,P51G,LV,2021-Q2,
Q,MIO_EUR,SCA,S13,P51G,LV,2021-Q3,
Q,MIO_EUR,SCA,S13,P51G,LV,2021-Q4,
Q,MIO_EUR,SCA,S13,P51G,LV,2022-Q1,
Q,MIO_EUR,SCA,S13,P51G,LV,2022-Q2,
Q,MIO_EUR,SCA,S13,P51G,LV,2022-Q3,
Q,MIO_EUR,SCA,S13,P51G,LV,2022-Q4,
Q,MIO_EUR,SCA,S13,P51G,LV,2023-Q1,
Q,MIO_EUR,SCA,S13,P51G,LV,2023-Q2,
Q,MIO_EUR,SCA,S13,P51G,LV,2023-Q3,
Q,MIO_EUR,SCA,S13,P51G,LV,2023-Q4,
Q,MIO_EUR,SCA,S13,P51G,LV,2024-Q1,
Q,MIO_EUR,SCA,S13,P51G,LV,2024-Q2,
Q,MIO_EUR,SCA,S13,P51G,LV,2024-Q3,
Q,MIO_EUR,SCA,S13,P51G,LV,2024-Q4,
Q,MIO_EUR,SCA,S13,P51G,LV,2025-Q1,
Q,MIO_EUR,SCA,S13,P51G,LV,2025-Q2,
Q,MIO_EUR,SCA,S13,P51G,LV,2025-Q3,
Q,MIO_EUR,SCA,S13,P51G,LV,2025-Q4,
Q,MIO_EUR,SCA,S13,P51G,LV,2026-Q1,
Q,MIO_EUR,SCA,S13,P51G,LT,1995-Q1,
Q,MIO_EUR,SCA,S13,P51G,LT,1995-Q2,
Q,MIO_EUR,SCA,S13,P51G,LT,1995-Q3,
Q,MIO_EUR,SCA,S13,P51G,LT,1995-Q4,
Q,MIO_EUR,SCA,S13,P51G,LT,1996-Q1,
Q,MIO_EUR,SCA,S13,P51G,LT,1996-Q2,
Q,MIO_EUR,SCA,S13,P51G,LT,1996-Q3,
Q,MIO_EUR,SCA,S13,P51G,LT,1996-Q4,
Q,MIO_EUR,SCA,S13,P51G,LT,1997-Q1,
Q,MIO_EUR,SCA,S13,P51G,LT,1997-Q2,
Q,MIO_EUR,SCA,S13,P51G,LT,1997-Q3,
Q,MIO_EUR,SCA,S13,P51G,LT,1997-Q4,
Q,MIO_EUR,SCA,S13,P51G,LT,1998-Q1,
Q,MIO_EUR,SCA,S13,P51G,LT,1998-Q2,
Q,MIO_EUR,SCA,S13,P51G,LT,1998-Q3,
Q,MIO_EUR,SCA,S13,P51G,LT,1998-Q4,
Q,MIO_EUR,SCA,S13,P51G,LT,1999-Q1,67.4
Q,MIO_EUR,SCA,S13,P51G,LT,1999-Q2,79.6
Q,MIO_EUR,SCA,S13,P51G,LT,1999-Q3,75
Q,MIO_EUR,SCA,S13,P51G,LT,1999-Q4,56.7
Q,MIO_EUR,SCA,S13,P51G,LT,2000-Q1,76
Q,MIO_EUR,SCA,S13,P51G,LT,2000-Q2,68.6
Q,MIO_EUR,SCA,S13,P51G,LT,2000-Q3,76.2
Q,MIO_EUR,SCA,S13,P51G,LT,2000-Q4,80.9
Q,MIO_EUR,SCA,S13,P51G,LT,2001-Q1,64.4
Q,MIO_EUR,SCA,S13,P51G,LT,2001-Q2,71.2
Q,MIO_EUR,SCA,S13,P51G,LT,2001-Q3,76.2
Q,MIO_EUR,SCA,S13,P51G,LT,2001-Q4,101.9
Q,MIO_EUR,SCA,S13,P51G,LT,2002-Q1,113
Q,MIO_EUR,SCA,S13,P51G,LT,2002-Q2,122
Q,MIO_EUR,SCA,S13,P51G,LT,2002-Q3,110.3
Q,MIO_EUR,SCA,S13,P51G,LT,2002-Q4,112.3
Q,MIO_EUR,SCA,S13,P51G,LT,2003-Q1,123.3
Q,MIO_EUR,SCA,S13,P51G,LT,2003-Q2,134.2
Q,MIO_EUR,SCA,S13,P51G,LT,2003-Q3,135.6
Q,MIO_EUR,SCA,S13,P51G,LT,2003-Q4,131.9
Q,MIO_EUR,SCA,S13,P51G,LT,2004-Q1,135
Q,MIO_EUR,SCA,S13,P51G,LT,2004-Q2,175.3
Q,MIO_EUR,SCA,S13,P51G,LT,2004-Q3,191.6
Q,MIO_EUR,SCA,S13,P51G,LT,2004-Q4,197.8
Q,MIO_EUR,SCA,S13,P51G,LT,2005-Q1,185.1
Q,MIO_EUR,SCA,S13,P51G,LT,2005-Q2,165.8
Q,MIO_EUR,SCA,S13,P51G,LT,2005-Q3,195.4
Q,MIO_EUR,SCA,S13,P51G,LT,2005-Q4,225
Q,MIO_EUR,SCA,S13,P51G,LT,2006-Q1,229.9
Q,MIO_EUR,SCA,S13,P51G,LT,2006-Q2,221.5
Q,MIO_EUR,SCA,S13,P51G,LT,2006-Q3,256.2
Q,MIO_EUR,SCA,S13,P51G,LT,2006-Q4,304.8
Q,MIO_EUR,SCA,S13,P51G,LT,2007-Q1,360.7
Q,MIO_EUR,SCA,S13,P51G,LT,2007-Q2,403.9
Q,MIO_EUR,SCA,S13,P51G,LT,2007-Q3,398.7
Q,MIO_EUR,SCA,S13,P51G,LT,2007-Q4,408.8
Q,MIO_EUR,SCA,S13,P51G,LT,2008-Q1,366
Q,MIO_EUR,SCA,S13,P51G,LT,2008-Q2,488.3
Q,MIO_EUR,SCA,S13,P51G,LT,2008-Q3,488.7
Q,MIO_EUR,SCA,S13,P51G,LT,2008-Q4,418
Q,MIO_EUR,SCA,S13,P51G,LT,2009-Q1,400.7
Q,MIO_EUR,SCA,S13,P51G,LT,2009-Q2,308.9
Q,MIO_EUR,SCA,S13,P51G,LT,2009-Q3,242.6
Q,MIO_EUR,SCA,S13,P51G,LT,2009-Q4,235.8
Q,MIO_EUR,SCA,S13,P51G,LT,2010-Q1,341.3
Q,MIO_EUR,SCA,S13,P51G,LT,2010-Q2,291
Q,MIO_EUR,SCA,S13,P51G,LT,2010-Q3,357.2
Q,MIO_EUR,SCA,S13,P51G,LT,2010-Q4,403.4
Q,MIO_EUR,SCA,S13,P51G,LT,2011-Q1,367.2
Q,MIO_EUR,SCA,S13,P51G,LT,2011-Q2,421
Q,MIO_EUR,SCA,S13,P51G,LT,2011-Q3,379.9
Q,MIO_EUR,SCA,S13,P51G,LT,2011-Q4,373.8
Q,MIO_EUR,SCA,S13,P51G,LT,2012-Q1,366.7
Q,MIO_EUR,SCA,S13,P51G,LT,2012-Q2,334.8
Q,MIO_EUR,SCA,S13,P51G,LT,2012-Q3,332.1
Q,MIO_EUR,SCA,S13,P51G,LT,2012-Q4,352.9
Q,MIO_EUR,SCA,S13,P51G,LT,2013-Q1,329.9
Q,MIO_EUR,SCA,S13,P51G,LT,2013-Q2,346.5
Q,MIO_EUR,SCA,S13,P51G,LT,2013-Q3,362.7
Q,MIO_EUR,SCA,S13,P51G,LT,2013-Q4,330.7
Q,MIO_EUR,SCA,S13,P51G,LT,2014-Q1,345.5
Q,MIO_EUR,SCA,S13,P51G,LT,2014-Q2,346.1
Q,MIO_EUR,SCA,S13,P51G,LT,2014-Q3,339.1
Q,MIO_EUR,SCA,S13,P51G,LT,2014-Q4,316.7
Q,MIO_EUR,SCA,S13,P51G,LT,2015-Q1,414.8
Q,MIO_EUR,SCA,S13,P51G,LT,2015-Q2,353.4
Q,MIO_EUR,SCA,S13,P51G,LT,2015-Q3,344.7
Q,MIO_EUR,SCA,S13,P51G,LT,2015-Q4,317.1
Q,MIO_EUR,SCA,S13,P51G,LT,2016-Q1,256.4
Q,MIO_EUR,SCA,S13,P51G,LT,2016-Q2,317.7
Q,MIO_EUR,SCA,S13,P51G,LT,2016-Q3,316.5
Q,MIO_EUR,SCA,S13,P51G,LT,2016-Q4,346
Q,MIO_EUR,SCA,S13,P51G,LT,2017-Q1,348.6
Q,MIO_EUR,SCA,S13,P51G,LT,2017-Q2,341.2
Q,MIO_EUR,SCA,S13,P51G,LT,2017-Q3,358.1
Q,MIO_EUR,SCA,S13,P51G,LT,2017-Q4,373.6
Q,MIO_EUR,SCA,S13,P51G,LT,2018-Q1,339.2
Q,MIO_EUR,SCA,S13,P51G,LT,2018-Q2,341.4
Q,MIO_EUR,SCA,S13,P51G,LT,2018-Q3,420.6
Q,MIO_EUR,SCA,S13,P51G,LT,2018-Q4,427.7
Q,MIO_EUR,SCA,S13,P51G,LT,2019-Q1,405.1
Q,MIO_EUR,SCA,S13,P51G,LT,2019-Q2,384.6
Q,MIO_EUR,SCA,S13,P51G,LT,2019-Q3,380.5
Q,MIO_EUR,SCA,S13,P51G,LT,2019-Q4,398
Q,MIO_EUR,SCA,S13,P51G,LT,2020-Q1,504.7
Q,MIO_EUR,SCA,S13,P51G,LT,2020-Q2,553.5
Q,MIO_EUR,SCA,S13,P51G,LT,2020-Q3,529.7
Q,MIO_EUR,SCA,S13,P51G,LT,2020-Q4,654.4
Q,MIO_EUR,SCA,S13,P51G,LT,2021-Q1,456.4
Q,MIO_EUR,SCA,S13,P51G,LT,2021-Q2,518.8
Q,MIO_EUR,SCA,S13,P51G,LT,2021-Q3,420.5
Q,MIO_EUR,SCA,S13,P51G,LT,2021-Q4,402.5
Q,MIO_EUR,SCA,S13,P51G,LT,2022-Q1,634.1
Q,MIO_EUR,SCA,S13,P51G,LT,2022-Q2,438.6
Q,MIO_EUR,SCA,S13,P51G,LT,2022-Q3,530.5
Q,MIO_EUR,SCA,S13,P51G,LT,2022-Q4,531.7
Q,MIO_EUR,SCA,S13,P51G,LT,2023-Q1,643.7
Q,MIO_EUR,SCA,S13,P51G,LT,2023-Q2,774.5
Q,MIO_EUR,SCA,S13,P51G,LT,2023-Q3,798.4
Q,MIO_EUR,SCA,S13,P51G,LT,2023-Q4,864.9
Q,MIO_EUR,SCA,S13,P51G,LT,2024-Q1,883.1
Q,MIO_EUR,SCA,S13,P51G,LT,2024-Q2,827.1
Q,MIO_EUR,SCA,S13,P51G,LT,2024-Q3,854.9
Q,MIO_EUR,SCA,S13,P51G,LT,2024-Q4,780
Q,MIO_EUR,SCA,S13,P51G,LT,2025-Q1,814.9
Q,MIO_EUR,SCA,S13,P51G,LT,2025-Q2,906.5
Q,MIO_EUR,SCA,S13,P51G,LT,2025-Q3,802.2
Q,MIO_EUR,SCA,S13,P51G,LT,2025-Q4,935.9
Q,MIO_EUR,SCA,S13,P51G,LT,2026-Q1,782.3
Q,MIO_EUR,SCA,S13,P51G,LU,1995-Q1,
Q,MIO_EUR,SCA,S13,P51G,LU,1995-Q2,
Q,MIO_EUR,SCA,S13,P51G,LU,1995-Q3,
Q,MIO_EUR,SCA,S13,P51G,LU,1995-Q4,
Q,MIO_EUR,SCA,S13,P51G,LU,1996-Q1,
Q,MIO_EUR,SCA,S13,P51G,LU,1996-Q2,
Q,MIO_EUR,SCA,S13,P51G,LU,1996-Q3,
Q,MIO_EUR,SCA,S13,P51G,LU,1996-Q4,
Q,MIO_EUR,SCA,S13,P51G,LU,1997-Q1,
Q,MIO_EUR,SCA,S13,P51G,LU,1997-Q2,
Q,MIO_EUR,SCA,S13,P51G,LU,1997-Q3,
Q,MIO_EUR,SCA,S13,P51G,LU,1997-Q4,
Q,MIO_EUR,SCA,S13,P51G,LU,1998-Q1,
Q,MIO_EUR,SCA,S13,P51G,LU,1998-Q2,
Q,MIO_EUR,SCA,S13,P51G,LU,1998-Q3,
Q,MIO_EUR,SCA,S13,P51G,LU,1998-Q4,
Q,MIO_EUR,SCA,S13,P51G,LU,1999-Q1,
Q,MIO_EUR,SCA,S13,P51G,LU,1999-Q2,
Q,MIO_EUR,SCA,S13,P51G,LU,1999-Q3,
Q,MIO_EUR,SCA,S13,P51G,LU,1999-Q4,
Q,MIO_EUR,SCA,S13,P51G,LU,2000-Q1,
Q,MIO_EUR,SCA,S13,P51G,LU,2000-Q2,
Q,MIO_EUR,SCA,S13,P51G,LU,2000-Q3,
Q,MIO_EUR,SCA,S13,P51G,LU,2000-Q4,
Q,MIO_EUR,SCA,S13,P51G,LU,2001-Q1,
Q,MIO_EUR,SCA,S13,P51G,LU,2001-Q2,
Q,MIO_EUR,SCA,S13,P51G,LU,2001-Q3,
Q,MIO_EUR,SCA,S13,P51G,LU,2001-Q4,
Q,MIO_EUR,SCA,S13,P51G,LU,2002-Q1,
Q,MIO_EUR,SCA,S13,P51G,LU,2002-Q2,
Q,MIO_EUR,SCA,S13,P51G,LU,2002-Q3,
Q,MIO_EUR,SCA,S13,P51G,LU,2002-Q4,
Q,MIO_EUR,SCA,S13,P51G,LU,2003-Q1,
Q,MIO_EUR,SCA,S13,P51G,LU,2003-Q2,
Q,MIO_EUR,SCA,S13,P51G,LU,2003-Q3,
Q,MIO_EUR,SCA,S13,P51G,LU,2003-Q4,
Q,MIO_EUR,SCA,S13,P51G,LU,2004-Q1,
Q,MIO_EUR,SCA,S13,P51G,LU,2004-Q2,
Q,MIO_EUR,SCA,S13,P51G,LU,2004-Q3,
Q,MIO_EUR,SCA,S13,P51G,LU,2004-Q4,
Q,MIO_EUR,SCA,S13,P51G,LU,2005-Q1,
Q,MIO_EUR,SCA,S13,P51G,LU,2005-Q2,
Q,MIO_EUR,SCA,S13,P51G,LU,2005-Q3,
Q,MIO_EUR,SCA,S13,P51G,LU,2005-Q4,
Q,MIO_EUR,SCA,S13,P51G,LU,2006-Q1,
Q,MIO_EUR,SCA,S13,P51G,LU,2006-Q2,
Q,MIO_EUR,SCA,S13,P51G,LU,2006-Q3,
Q,MIO_EUR,SCA,S13,P51G,LU,2006-Q4,
Q,MIO_EUR,SCA,S13,P51G,LU,2007-Q1,
Q,MIO_EUR,SCA,S13,P51G,LU,2007-Q2,
Q,MIO_EUR,SCA,S13,P51G,LU,2007-Q3,
Q,MIO_EUR,SCA,S13,P51G,LU,2007-Q4,
Q,MIO_EUR,SCA,S13,P51G,LU,2008-Q1,
Q,MIO_EUR,SCA,S13,P51G,LU,2008-Q2,
Q,MIO_EUR,SCA,S13,P51G,LU,2008-Q3,
Q,MIO_EUR,SCA,S13,P51G,LU,2008-Q4,
Q,MIO_EUR,SCA,S13,P51G,LU,2009-Q1,
Q,MIO_EUR,SCA,S13,P51G,LU,2009-Q2,
Q,MIO_EUR,SCA,S13,P51G,LU,2009-Q3,
Q,MIO_EUR,SCA,S13,P51G,LU,2009-Q4,
Q,MIO_EUR,SCA,S13,P51G,LU,2010-Q1,
Q,MIO_EUR,SCA,S13,P51G,LU,2010-Q2,
Q,MIO_EUR,SCA,S13,P51G,LU,2010-Q3,
Q,MIO_EUR,SCA,S13,P51G,LU,2010-Q4,
Q,MIO_EUR,SCA,S13,P51G,LU,2011-Q1,
Q,MIO_EUR,SCA,S13,P51G,LU,2011-Q2,
Q,MIO_EUR,SCA,S13,P51G,LU,2011-Q3,
Q,MIO_EUR,SCA,S13,P51G,LU,2011-Q4,
Q,MIO_EUR,SCA,S13,P51G,LU,2012-Q1,
Q,MIO_EUR,SCA,S13,P51G,LU,2012-Q2,
Q,MIO_EUR,SCA,S13,P51G,LU,2012-Q3,
Q,MIO_EUR,SCA,S13,P51G,LU,2012-Q4,
Q,MIO_EUR,SCA,S13,P51G,LU,2013-Q1,
Q,MIO_EUR,SCA,S13,P51G,LU,2013-Q2,
Q,MIO_EUR,SCA,S13,P51G,LU,2013-Q3,
Q,MIO_EUR,SCA,S13,P51G,LU,2013-Q4,
Q,MIO_EUR,SCA,S13,P51G,LU,2014-Q1,
Q,MIO_EUR,SCA,S13,P51G,LU,2014-Q2,
Q,MIO_EUR,SCA,S13,P51G,LU,2014-Q3,
Q,MIO_EUR,SCA,S13,P51G,LU,2014-Q4,
Q,MIO_EUR,SCA,S13,P51G,LU,2015-Q1,
Q,MIO_EUR,SCA,S13,P51G,LU,2015-Q2,
Q,MIO_EUR,SCA,S13,P51G,LU,2015-Q3,
Q,MIO_EUR,SCA,S13,P51G,LU,2015-Q4,
Q,MIO_EUR,SCA,S13,P51G,LU,2016-Q1,
Q,MIO_EUR,SCA,S13,P51G,LU,2016-Q2,
Q,MIO_EUR,SCA,S13,P51G,LU,2016-Q3,
Q,MIO_EUR,SCA,S13,P51G,LU,2016-Q4,
Q,MIO_EUR,SCA,S13,P51G,LU,2017-Q1,
Q,MIO_EUR,SCA,S13,P51G,LU,2017-Q2,
Q,MIO_EUR,SCA,S13,P51G,LU,2017-Q3,
Q,MIO_EUR,SCA,S13,P51G,LU,2017-Q4,
Q,MIO_EUR,SCA,S13,P51G,LU,2018-Q1,
Q,MIO_EUR,SCA,S13,P51G,LU,2018-Q2,
Q,MIO_EUR,SCA,S13,P51G,LU,2018-Q3,
Q,MIO_EUR,SCA,S13,P51G,LU,2018-Q4,
Q,MIO_EUR,SCA,S13,P51G,LU,2019-Q1,
Q,MIO_EUR,SCA,S13,P51G,LU,2019-Q2,
Q,MIO_EUR,SCA,S13,P51G,LU,2019-Q3,
Q,MIO_EUR,SCA,S13,P51G,LU,2019-Q4,
Q,MIO_EUR,SCA,S13,P51G,LU,2020-Q1,
Q,MIO_EUR,SCA,S13,P51G,LU,2020-Q2,
Q,MIO_EUR,SCA,S13,P51G,LU,2020-Q3,
Q,MIO_EUR,SCA,S13,P51G,LU,2020-Q4,
Q,MIO_EUR,SCA,S13,P51G,LU,2021-Q1,
Q,MIO_EUR,SCA,S13,P51G,LU,2021-Q2,
Q,MIO_EUR,SCA,S13,P51G,LU,2021-Q3,
Q,MIO_EUR,SCA,S13,P51G,LU,2021-Q4,
Q,MIO_EUR,SCA,S13,P51G,LU,2022-Q1,
Q,MIO_EUR,SCA,S13,P51G,LU,2022-Q2,
Q,MIO_EUR,SCA,S13,P51G,LU,2022-Q3,
Q,MIO_EUR,SCA,S13,P51G,LU,2022-Q4,
Q,MIO_EUR,SCA,S13,P51G,LU,2023-Q1,
Q,MIO_EUR,SCA,S13,P51G,LU,2023-Q2,
Q,MIO_EUR,SCA,S13,P51G,LU,2023-Q3,
Q,MIO_EUR,SCA,S13,P51G,LU,2023-Q4,
Q,MIO_EUR,SCA,S13,P51G,LU,2024-Q1,
Q,MIO_EUR,SCA,S13,P51G,LU,2024-Q2,
Q,MIO_EUR,SCA,S13,P51G,LU,2024-Q3,
Q,MIO_EUR,SCA,S13,P51G,LU,2024-Q4,
Q,MIO_EUR,SCA,S13,P51G,LU,2025-Q1,
Q,MIO_EUR,SCA,S13,P51G,LU,2025-Q2,
Q,MIO_EUR,SCA,S13,P51G,LU,2025-Q3,
Q,MIO_EUR,SCA,S13,P51G,LU,2025-Q4,
Q,MIO_EUR,SCA,S13,P51G,LU,2026-Q1,
Q,MIO_EUR,SCA,S13,P51G,HU,1995-Q1,
Q,MIO_EUR,SCA,S13,P51G,HU,1995-Q2,
Q,MIO_EUR,SCA,S13,P51G,HU,1995-Q3,
Q,MIO_EUR,SCA,S13,P51G,HU,1995-Q4,
Q,MIO_EUR,SCA,S13,P51G,HU,1996-Q1,
Q,MIO_EUR,SCA,S13,P51G,HU,1996-Q2,
Q,MIO_EUR,SCA,S13,P51G,HU,1996-Q3,
Q,MIO_EUR,SCA,S13,P51G,HU,1996-Q4,
Q,MIO_EUR,SCA,S13,P51G,HU,1997-Q1,
Q,MIO_EUR,SCA,S13,P51G,HU,1997-Q2,
Q,MIO_EUR,SCA,S13,P51G,HU,1997-Q3,
Q,MIO_EUR,SCA,S13,P51G,HU,1997-Q4,
Q,MIO_EUR,SCA,S13,P51G,HU,1998-Q1,
Q,MIO_EUR,SCA,S13,P51G,HU,1998-Q2,
Q,MIO_EUR,SCA,S13,P51G,HU,1998-Q3,
Q,MIO_EUR,SCA,S13,P51G,HU,1998-Q4,
Q,MIO_EUR,SCA,S13,P51G,HU,1999-Q1,386.9
Q,MIO_EUR,SCA,S13,P51G,HU,1999-Q2,380.8
Q,MIO_EUR,SCA,S13,P51G,HU,1999-Q3,383
Q,MIO_EUR,SCA,S13,P51G,HU,1999-Q4,397.7
Q,MIO_EUR,SCA,S13,P51G,HU,2000-Q1,434.6
Q,MIO_EUR,SCA,S13,P51G,HU,2000-Q2,460.6
Q,MIO_EUR,SCA,S13,P51G,HU,2000-Q3,467.8
Q,MIO_EUR,SCA,S13,P51G,HU,2000-Q4,461.6
Q,MIO_EUR,SCA,S13,P51G,HU,2001-Q1,461.2
Q,MIO_EUR,SCA,S13,P51G,HU,2001-Q2,522.8
Q,MIO_EUR,SCA,S13,P51G,HU,2001-Q3,641.2
Q,MIO_EUR,SCA,S13,P51G,HU,2001-Q4,735.9
Q,MIO_EUR,SCA,S13,P51G,HU,2002-Q1,924.3
Q,MIO_EUR,SCA,S13,P51G,HU,2002-Q2,930.3
Q,MIO_EUR,SCA,S13,P51G,HU,2002-Q3,888.6
Q,MIO_EUR,SCA,S13,P51G,HU,2002-Q4,939.4
Q,MIO_EUR,SCA,S13,P51G,HU,2003-Q1,707.7
Q,MIO_EUR,SCA,S13,P51G,HU,2003-Q2,740.7
Q,MIO_EUR,SCA,S13,P51G,HU,2003-Q3,685.3
Q,MIO_EUR,SCA,S13,P51G,HU,2003-Q4,714.6
Q,MIO_EUR,SCA,S13,P51G,HU,2004-Q1,773.1
Q,MIO_EUR,SCA,S13,P51G,HU,2004-Q2,771.5
Q,MIO_EUR,SCA,S13,P51G,HU,2004-Q3,852.2
Q,MIO_EUR,SCA,S13,P51G,HU,2004-Q4,782.9
Q,MIO_EUR,SCA,S13,P51G,HU,2005-Q1,853.7
Q,MIO_EUR,SCA,S13,P51G,HU,2005-Q2,905
Q,MIO_EUR,SCA,S13,P51G,HU,2005-Q3,972.5
Q,MIO_EUR,SCA,S13,P51G,HU,2005-Q4,1049.2
Q,MIO_EUR,SCA,S13,P51G,HU,2006-Q1,1199.7
Q,MIO_EUR,SCA,S13,P51G,HU,2006-Q2,1167.7
Q,MIO_EUR,SCA,S13,P51G,HU,2006-Q3,1155.6
Q,MIO_EUR,SCA,S13,P51G,HU,2006-Q4,1187.4
Q,MIO_EUR,SCA,S13,P51G,HU,2007-Q1,1264.7
Q,MIO_EUR,SCA,S13,P51G,HU,2007-Q2,1090.1
Q,MIO_EUR,SCA,S13,P51G,HU,2007-Q3,1012.9
Q,MIO_EUR,SCA,S13,P51G,HU,2007-Q4,961
Q,MIO_EUR,SCA,S13,P51G,HU,2008-Q1,807.2
Q,MIO_EUR,SCA,S13,P51G,HU,2008-Q2,912.9
Q,MIO_EUR,SCA,S13,P51G,HU,2008-Q3,894
Q,MIO_EUR,SCA,S13,P51G,HU,2008-Q4,843.4
Q,MIO_EUR,SCA,S13,P51G,HU,2009-Q1,742
Q,MIO_EUR,SCA,S13,P51G,HU,2009-Q2,773.8
Q,MIO_EUR,SCA,S13,P51G,HU,2009-Q3,844.8
Q,MIO_EUR,SCA,S13,P51G,HU,2009-Q4,873.3
Q,MIO_EUR,SCA,S13,P51G,HU,2010-Q1,883.5
Q,MIO_EUR,SCA,S13,P51G,HU,2010-Q2,908.6
Q,MIO_EUR,SCA,S13,P51G,HU,2010-Q3,920.5
Q,MIO_EUR,SCA,S13,P51G,HU,2010-Q4,901.7
Q,MIO_EUR,SCA,S13,P51G,HU,2011-Q1,915.8
Q,MIO_EUR,SCA,S13,P51G,HU,2011-Q2,894.1
Q,MIO_EUR,SCA,S13,P51G,HU,2011-Q3,835.6
Q,MIO_EUR,SCA,S13,P51G,HU,2011-Q4,751.5
Q,MIO_EUR,SCA,S13,P51G,HU,2012-Q1,839.2
Q,MIO_EUR,SCA,S13,P51G,HU,2012-Q2,838.2
Q,MIO_EUR,SCA,S13,P51G,HU,2012-Q3,932.9
Q,MIO_EUR,SCA,S13,P51G,HU,2012-Q4,1100.6
Q,MIO_EUR,SCA,S13,P51G,HU,2013-Q1,907.1
Q,MIO_EUR,SCA,S13,P51G,HU,2013-Q2,1168.8
Q,MIO_EUR,SCA,S13,P51G,HU,2013-Q3,1160.1
Q,MIO_EUR,SCA,S13,P51G,HU,2013-Q4,1215.2
Q,MIO_EUR,SCA,S13,P51G,HU,2014-Q1,1361.4
Q,MIO_EUR,SCA,S13,P51G,HU,2014-Q2,1303.4
Q,MIO_EUR,SCA,S13,P51G,HU,2014-Q3,1524.7
Q,MIO_EUR,SCA,S13,P51G,HU,2014-Q4,1469.3
Q,MIO_EUR,SCA,S13,P51G,HU,2015-Q1,1501.3
Q,MIO_EUR,SCA,S13,P51G,HU,2015-Q2,1916.6
Q,MIO_EUR,SCA,S13,P51G,HU,2015-Q3,1730.6
Q,MIO_EUR,SCA,S13,P51G,HU,2015-Q4,2203.1
Q,MIO_EUR,SCA,S13,P51G,HU,2016-Q1,868.5
Q,MIO_EUR,SCA,S13,P51G,HU,2016-Q2,762.4
Q,MIO_EUR,SCA,S13,P51G,HU,2016-Q3,993.9
Q,MIO_EUR,SCA,S13,P51G,HU,2016-Q4,1047.6
Q,MIO_EUR,SCA,S13,P51G,HU,2017-Q1,1361.1
Q,MIO_EUR,SCA,S13,P51G,HU,2017-Q2,1453.4
Q,MIO_EUR,SCA,S13,P51G,HU,2017-Q3,1410.2
Q,MIO_EUR,SCA,S13,P51G,HU,2017-Q4,1533.6
Q,MIO_EUR,SCA,S13,P51G,HU,2018-Q1,1758.6
Q,MIO_EUR,SCA,S13,P51G,HU,2018-Q2,1893.8
Q,MIO_EUR,SCA,S13,P51G,HU,2018-Q3,2182.8
Q,MIO_EUR,SCA,S13,P51G,HU,2018-Q4,2045.1
Q,MIO_EUR,SCA,S13,P51G,HU,2019-Q1,2253.3
Q,MIO_EUR,SCA,S13,P51G,HU,2019-Q2,2341.4
Q,MIO_EUR,SCA,S13,P51G,HU,2019-Q3,2394.4
Q,MIO_EUR,SCA,S13,P51G,HU,2019-Q4,2183.6
Q,MIO_EUR,SCA,S13,P51G,HU,2020-Q1,2226.8
Q,MIO_EUR,SCA,S13,P51G,HU,2020-Q2,2311.2
Q,MIO_EUR,SCA,S13,P51G,HU,2020-Q3,2136.5
Q,MIO_EUR,SCA,S13,P51G,HU,2020-Q4,2236
Q,MIO_EUR,SCA,S13,P51G,HU,2021-Q1,2242
Q,MIO_EUR,SCA,S13,P51G,HU,2021-Q2,2406.8
Q,MIO_EUR,SCA,S13,P51G,HU,2021-Q3,2551
Q,MIO_EUR,SCA,S13,P51G,HU,2021-Q4,2457.4
Q,MIO_EUR,SCA,S13,P51G,HU,2022-Q1,2465.8
Q,MIO_EUR,SCA,S13,P51G,HU,2022-Q2,2423.7
Q,MIO_EUR,SCA,S13,P51G,HU,2022-Q3,2142.5
Q,MIO_EUR,SCA,S13,P51G,HU,2022-Q4,1991.1
Q,MIO_EUR,SCA,S13,P51G,HU,2023-Q1,2329
Q,MIO_EUR,SCA,S13,P51G,HU,2023-Q2,2446.3
Q,MIO_EUR,SCA,S13,P51G,HU,2023-Q3,2731.7
Q,MIO_EUR,SCA,S13,P51G,HU,2023-Q4,3048.5
Q,MIO_EUR,SCA,S13,P51G,HU,2024-Q1,2345.5
Q,MIO_EUR,SCA,S13,P51G,HU,2024-Q2,2063.9
Q,MIO_EUR,SCA,S13,P51G,HU,2024-Q3,2293.8
Q,MIO_EUR,SCA,S13,P51G,HU,2024-Q4,2295.5
Q,MIO_EUR,SCA,S13,P51G,HU,2025-Q1,2364.8
Q,MIO_EUR,SCA,S13,P51G,HU,2025-Q2,2252.5
Q,MIO_EUR,SCA,S13,P51G,HU,2025-Q3,1859.5
Q,MIO_EUR,SCA,S13,P51G,HU,2025-Q4,1830.2
Q,MIO_EUR,SCA,S13,P51G,HU,2026-Q1,1797.3
Q,MIO_EUR,SCA,S13,P51G,MT,1995-Q1,
Q,MIO_EUR,SCA,S13,P51G,MT,1995-Q2,
Q,MIO_EUR,SCA,S13,P51G,MT,1995-Q3,
Q,MIO_EUR,SCA,S13,P51G,MT,1995-Q4,
Q,MIO_EUR,SCA,S13,P51G,MT,1996-Q1,
Q,MIO_EUR,SCA,S13,P51G,MT,1996-Q2,
Q,MIO_EUR,SCA,S13,P51G,MT,1996-Q3,
Q,MIO_EUR,SCA,S13,P51G,MT,1996-Q4,
Q,MIO_EUR,SCA,S13,P51G,MT,1997-Q1,
Q,MIO_EUR,SCA,S13,P51G,MT,1997-Q2,
Q,MIO_EUR,SCA,S13,P51G,MT,1997-Q3,
Q,MIO_EUR,SCA,S13,P51G,MT,1997-Q4,
Q,MIO_EUR,SCA,S13,P51G,MT,1998-Q1,
Q,MIO_EUR,SCA,S13,P51G,MT,1998-Q2,
Q,MIO_EUR,SCA,S13,P51G,MT,1998-Q3,
Q,MIO_EUR,SCA,S13,P51G,MT,1998-Q4,
Q,MIO_EUR,SCA,S13,P51G,MT,1999-Q1,
Q,MIO_EUR,SCA,S13,P51G,MT,1999-Q2,
Q,MIO_EUR,SCA,S13,P51G,MT,1999-Q3,
Q,MIO_EUR,SCA,S13,P51G,MT,1999-Q4,
Q,MIO_EUR,SCA,S13,P51G,MT,2000-Q1,
Q,MIO_EUR,SCA,S13,P51G,MT,2000-Q2,
Q,MIO_EUR,SCA,S13,P51G,MT,2000-Q3,
Q,MIO_EUR,SCA,S13,P51G,MT,2000-Q4,
Q,MIO_EUR,SCA,S13,P51G,MT,2001-Q1,
Q,MIO_EUR,SCA,S13,P51G,MT,2001-Q2,
Q,MIO_EUR,SCA,S13,P51G,MT,2001-Q3,
Q,MIO_EUR,SCA,S13,P51G,MT,2001-Q4,
Q,MIO_EUR,SCA,S13,P51G,MT,2002-Q1,
Q,MIO_EUR,SCA,S13,P51G,MT,2002-Q2,
Q,MIO_EUR,SCA,S13,P51G,MT,2002-Q3,
Q,MIO_EUR,SCA,S13,P51G,MT,2002-Q4,
Q,MIO_EUR,SCA,S13,P51G,MT,2003-Q1,
Q,MIO_EUR,SCA,S13,P51G,MT,2003-Q2,
Q,MIO_EUR,SCA,S13,P51G,MT,2003-Q3,
Q,MIO_EUR,SCA,S13,P51G,MT,2003-Q4,
Q,MIO_EUR,SCA,S13,P51G,MT,2004-Q1,
Q,MIO_EUR,SCA,S13,P51G,MT,2004-Q2,
Q,MIO_EUR,SCA,S13,P51G,MT,2004-Q3,
Q,MIO_EUR,SCA,S13,P51G,MT,2004-Q4,
Q,MIO_EUR,SCA,S13,P51G,MT,2005-Q1,
Q,MIO_EUR,SCA,S13,P51G,MT,2005-Q2,
Q,MIO_EUR,SCA,S13,P51G,MT,2005-Q3,
Q,MIO_EUR,SCA,S13,P51G,MT,2005-Q4,
Q,MIO_EUR,SCA,S13,P51G,MT,2006-Q1,
Q,MIO_EUR,SCA,S13,P51G,MT,2006-Q2,
Q,MIO_EUR,SCA,S13,P51G,MT,2006-Q3,
Q,MIO_EUR,SCA,S13,P51G,MT,2006-Q4,
Q,MIO_EUR,SCA,S13,P51G,MT,2007-Q1,
Q,MIO_EUR,SCA,S13,P51G,MT,2007-Q2,
Q,MIO_EUR,SCA,S13,P51G,MT,2007-Q3,
Q,MIO_EUR,SCA,S13,P51G,MT,2007-Q4,
Q,MIO_EUR,SCA,S13,P51G,MT,2008-Q1,
Q,MIO_EUR,SCA,S13,P51G,MT,2008-Q2,
Q,MIO_EUR,SCA,S13,P51G,MT,2008-Q3,
Q,MIO_EUR,SCA,S13,P51G,MT,2008-Q4,
Q,MIO_EUR,SCA,S13,P51G,MT,2009-Q1,
Q,MIO_EUR,SCA,S13,P51G,MT,2009-Q2,
Q,MIO_EUR,SCA,S13,P51G,MT,2009-Q3,
Q,MIO_EUR,SCA,S13,P51G,MT,2009-Q4,
Q,MIO_EUR,SCA,S13,P51G,MT,2010-Q1,
Q,MIO_EUR,SCA,S13,P51G,MT,2010-Q2,
Q,MIO_EUR,SCA,S13,P51G,MT,2010-Q3,
Q,MIO_EUR,SCA,S13,P51G,MT,2010-Q4,
Q,MIO_EUR,SCA,S13,P51G,MT,2011-Q1,
Q,MIO_EUR,SCA,S13,P51G,MT,2011-Q2,
Q,MIO_EUR,SCA,S13,P51G,MT,2011-Q3,
Q,MIO_EUR,SCA,S13,P51G,MT,2011-Q4,
Q,MIO_EUR,SCA,S13,P51G,MT,2012-Q1,
Q,MIO_EUR,SCA,S13,P51G,MT,2012-Q2,
Q,MIO_EUR,SCA,S13,P51G,MT,2012-Q3,
Q,MIO_EUR,SCA,S13,P51G,MT,2012-Q4,
Q,MIO_EUR,SCA,S13,P51G,MT,2013-Q1,
Q,MIO_EUR,SCA,S13,P51G,MT,2013-Q2,
Q,MIO_EUR,SCA,S13,P51G,MT,2013-Q3,
Q,MIO_EUR,SCA,S13,P51G,MT,2013-Q4,
Q,MIO_EUR,SCA,S13,P51G,MT,2014-Q1,
Q,MIO_EUR,SCA,S13,P51G,MT,2014-Q2,
Q,MIO_EUR,SCA,S13,P51G,MT,2014-Q3,
Q,MIO_EUR,SCA,S13,P51G,MT,2014-Q4,
Q,MIO_EUR,SCA,S13,P51G,MT,2015-Q1,
Q,MIO_EUR,SCA,S13,P51G,MT,2015-Q2,
Q,MIO_EUR,SCA,S13,P51G,MT,2015-Q3,
Q,MIO_EUR,SCA,S13,P51G,MT,2015-Q4,
Q,MIO_EUR,SCA,S13,P51G,MT,2016-Q1,
Q,MIO_EUR,SCA,S13,P51G,MT,2016-Q2,
Q,MIO_EUR,SCA,S13,P51G,MT,2016-Q3,
Q,MIO_EUR,SCA,S13,P51G,MT,2016-Q4,
Q,MIO_EUR,SCA,S13,P51G,MT,2017-Q1,
Q,MIO_EUR,SCA,S13,P51G,MT,2017-Q2,
Q,MIO_EUR,SCA,S13,P51G,MT,2017-Q3,
Q,MIO_EUR,SCA,S13,P51G,MT,2017-Q4,
Q,MIO_EUR,SCA,S13,P51G,MT,2018-Q1,
Q,MIO_EUR,SCA,S13,P51G,MT,2018-Q2,
Q,MIO_EUR,SCA,S13,P51G,MT,2018-Q3,
Q,MIO_EUR,SCA,S13,P51G,MT,2018-Q4,
Q,MIO_EUR,SCA,S13,P51G,MT,2019-Q1,
Q,MIO_EUR,SCA,S13,P51G,MT,2019-Q2,
Q,MIO_EUR,SCA,S13,P51G,MT,2019-Q3,
Q,MIO_EUR,SCA,S13,P51G,MT,2019-Q4,
Q,MIO_EUR,SCA,S13,P51G,MT,2020-Q1,
Q,MIO_EUR,SCA,S13,P51G,MT,2020-Q2,
Q,MIO_EUR,SCA,S13,P51G,MT,2020-Q3,
Q,MIO_EUR,SCA,S13,P51G,MT,2020-Q4,
Q,MIO_EUR,SCA,S13,P51G,MT,2021-Q1,
Q,MIO_EUR,SCA,S13,P51G,MT,2021-Q2,
Q,MIO_EUR,SCA,S13,P51G,MT,2021-Q3,
Q,MIO_EUR,SCA,S13,P51G,MT,2021-Q4,
Q,MIO_EUR,SCA,S13,P51G,MT,2022-Q1,
Q,MIO_EUR,SCA,S13,P51G,MT,2022-Q2,
Q,MIO_EUR,SCA,S13,P51G,MT,2022-Q3,
Q,MIO_EUR,SCA,S13,P51G,MT,2022-Q4,
Q,MIO_EUR,SCA,S13,P51G,MT,2023-Q1,
Q,MIO_EUR,SCA,S13,P51G,MT,2023-Q2,
Q,MIO_EUR,SCA,S13,P51G,MT,2023-Q3,
Q,MIO_EUR,SCA,S13,P51G,MT,2023-Q4,
Q,MIO_EUR,SCA,S13,P51G,MT,2024-Q1,
Q,MIO_EUR,SCA,S13,P51G,MT,2024-Q2,
Q,MIO_EUR,SCA,S13,P51G,MT,2024-Q3,
Q,MIO_EUR,SCA,S13,P51G,MT,2024-Q4,
Q,MIO_EUR,SCA,S13,P51G,MT,2025-Q1,
Q,MIO_EUR,SCA,S13,P51G,MT,2025-Q2,
Q,MIO_EUR,SCA,S13,P51G,MT,2025-Q3,
Q,MIO_EUR,SCA,S13,P51G,MT,2025-Q4,
Q,MIO_EUR,SCA,S13,P51G,MT,2026-Q1,
Q,MIO_EUR,SCA,S13,P51G,NL,1995-Q1,
Q,MIO_EUR,SCA,S13,P51G,NL,1995-Q2,
Q,MIO_EUR,SCA,S13,P51G,NL,1995-Q3,
Q,MIO_EUR,SCA,S13,P51G,NL,1995-Q4,
Q,MIO_EUR,SCA,S13,P51G,NL,1996-Q1,
Q,MIO_EUR,SCA,S13,P51G,NL,1996-Q2,
Q,MIO_EUR,SCA,S13,P51G,NL,1996-Q3,
Q,MIO_EUR,SCA,S13,P51G,NL,1996-Q4,
Q,MIO_EUR,SCA,S13,P51G,NL,1997-Q1,
Q,MIO_EUR,SCA,S13,P51G,NL,1997-Q2,
Q,MIO_EUR,SCA,S13,P51G,NL,1997-Q3,
Q,MIO_EUR,SCA,S13,P51G,NL,1997-Q4,
Q,MIO_EUR,SCA,S13,P51G,NL,1998-Q1,
Q,MIO_EUR,SCA,S13,P51G,NL,1998-Q2,
Q,MIO_EUR,SCA,S13,P51G,NL,1998-Q3,
Q,MIO_EUR,SCA,S13,P51G,NL,1998-Q4,
Q,MIO_EUR,SCA,S13,P51G,NL,1999-Q1,
Q,MIO_EUR,SCA,S13,P51G,NL,1999-Q2,
Q,MIO_EUR,SCA,S13,P51G,NL,1999-Q3,
Q,MIO_EUR,SCA,S13,P51G,NL,1999-Q4,
Q,MIO_EUR,SCA,S13,P51G,NL,2000-Q1,
Q,MIO_EUR,SCA,S13,P51G,NL,2000-Q2,
Q,MIO_EUR,SCA,S13,P51G,NL,2000-Q3,
Q,MIO_EUR,SCA,S13,P51G,NL,2000-Q4,
Q,MIO_EUR,SCA,S13,P51G,NL,2001-Q1,
Q,MIO_EUR,SCA,S13,P51G,NL,2001-Q2,
Q,MIO_EUR,SCA,S13,P51G,NL,2001-Q3,
Q,MIO_EUR,SCA,S13,P51G,NL,2001-Q4,
Q,MIO_EUR,SCA,S13,P51G,NL,2002-Q1,
Q,MIO_EUR,SCA,S13,P51G,NL,2002-Q2,
Q,MIO_EUR,SCA,S13,P51G,NL,2002-Q3,
Q,MIO_EUR,SCA,S13,P51G,NL,2002-Q4,
Q,MIO_EUR,SCA,S13,P51G,NL,2003-Q1,
Q,MIO_EUR,SCA,S13,P51G,NL,2003-Q2,
Q,MIO_EUR,SCA,S13,P51G,NL,2003-Q3,
Q,MIO_EUR,SCA,S13,P51G,NL,2003-Q4,
Q,MIO_EUR,SCA,S13,P51G,NL,2004-Q1,
Q,MIO_EUR,SCA,S13,P51G,NL,2004-Q2,
Q,MIO_EUR,SCA,S13,P51G,NL,2004-Q3,
Q,MIO_EUR,SCA,S13,P51G,NL,2004-Q4,
Q,MIO_EUR,SCA,S13,P51G,NL,2005-Q1,
Q,MIO_EUR,SCA,S13,P51G,NL,2005-Q2,
Q,MIO_EUR,SCA,S13,P51G,NL,2005-Q3,
Q,MIO_EUR,SCA,S13,P51G,NL,2005-Q4,
Q,MIO_EUR,SCA,S13,P51G,NL,2006-Q1,
Q,MIO_EUR,SCA,S13,P51G,NL,2006-Q2,
Q,MIO_EUR,SCA,S13,P51G,NL,2006-Q3,
Q,MIO_EUR,SCA,S13,P51G,NL,2006-Q4,
Q,MIO_EUR,SCA,S13,P51G,NL,2007-Q1,
Q,MIO_EUR,SCA,S13,P51G,NL,2007-Q2,
Q,MIO_EUR,SCA,S13,P51G,NL,2007-Q3,
Q,MIO_EUR,SCA,S13,P51G,NL,2007-Q4,
Q,MIO_EUR,SCA,S13,P51G,NL,2008-Q1,
Q,MIO_EUR,SCA,S13,P51G,NL,2008-Q2,
Q,MIO_EUR,SCA,S13,P51G,NL,2008-Q3,
Q,MIO_EUR,SCA,S13,P51G,NL,2008-Q4,
Q,MIO_EUR,SCA,S13,P51G,NL,2009-Q1,
Q,MIO_EUR,SCA,S13,P51G,NL,2009-Q2,
Q,MIO_EUR,SCA,S13,P51G,NL,2009-Q3,
Q,MIO_EUR,SCA,S13,P51G,NL,2009-Q4,
Q,MIO_EUR,SCA,S13,P51G,NL,2010-Q1,
Q,MIO_EUR,SCA,S13,P51G,NL,2010-Q2,
Q,MIO_EUR,SCA,S13,P51G,NL,2010-Q3,
Q,MIO_EUR,SCA,S13,P51G,NL,2010-Q4,
Q,MIO_EUR,SCA,S13,P51G,NL,2011-Q1,
Q,MIO_EUR,SCA,S13,P51G,NL,2011-Q2,
Q,MIO_EUR,SCA,S13,P51G,NL,2011-Q3,
Q,MIO_EUR,SCA,S13,P51G,NL,2011-Q4,
Q,MIO_EUR,SCA,S13,P51G,NL,2012-Q1,
Q,MIO_EUR,SCA,S13,P51G,NL,2012-Q2,
Q,MIO_EUR,SCA,S13,P51G,NL,2012-Q3,
Q,MIO_EUR,SCA,S13,P51G,NL,2012-Q4,
Q,MIO_EUR,SCA,S13,P51G,NL,2013-Q1,
Q,MIO_EUR,SCA,S13,P51G,NL,2013-Q2,
Q,MIO_EUR,SCA,S13,P51G,NL,2013-Q3,
Q,MIO_EUR,SCA,S13,P51G,NL,2013-Q4,
Q,MIO_EUR,SCA,S13,P51G,NL,2014-Q1,
Q,MIO_EUR,SCA,S13,P51G,NL,2014-Q2,
Q,MIO_EUR,SCA,S13,P51G,NL,2014-Q3,
Q,MIO_EUR,SCA,S13,P51G,NL,2014-Q4,
Q,MIO_EUR,SCA,S13,P51G,NL,2015-Q1,
Q,MIO_EUR,SCA,S13,P51G,NL,2015-Q2,
Q,MIO_EUR,SCA,S13,P51G,NL,2015-Q3,
Q,MIO_EUR,SCA,S13,P51G,NL,2015-Q4,
Q,MIO_EUR,SCA,S13,P51G,NL,2016-Q1,
Q,MIO_EUR,SCA,S13,P51G,NL,2016-Q2,
Q,MIO_EUR,SCA,S13,P51G,NL,2016-Q3,
Q,MIO_EUR,SCA,S13,P51G,NL,2016-Q4,
Q,MIO_EUR,SCA,S13,P51G,NL,2017-Q1,
Q,MIO_EUR,SCA,S13,P51G,NL,2017-Q2,
Q,MIO_EUR,SCA,S13,P51G,NL,2017-Q3,
Q,MIO_EUR,SCA,S13,P51G,NL,2017-Q4,
Q,MIO_EUR,SCA,S13,P51G,NL,2018-Q1,
Q,MIO_EUR,SCA,S13,P51G,NL,2018-Q2,
Q,MIO_EUR,SCA,S13,P51G,NL,2018-Q3,
Q,MIO_EUR,SCA,S13,P51G,NL,2018-Q4,
Q,MIO_EUR,SCA,S13,P51G,NL,2019-Q1,
Q,MIO_EUR,SCA,S13,P51G,NL,2019-Q2,
Q,MIO_EUR,SCA,S13,P51G,NL,2019-Q3,
Q,MIO_EUR,SCA,S13,P51G,NL,2019-Q4,
Q,MIO_EUR,SCA,S13,P51G,NL,2020-Q1,
Q,MIO_EUR,SCA,S13,P51G,NL,2020-Q2,
Q,MIO_EUR,SCA,S13,P51G,NL,2020-Q3,
Q,MIO_EUR,SCA,S13,P51G,NL,2020-Q4,
Q,MIO_EUR,SCA,S13,P51G,NL,2021-Q1,
Q,MIO_EUR,SCA,S13,P51G,NL,2021-Q2,
Q,MIO_EUR,SCA,S13,P51G,NL,2021-Q3,
Q,MIO_EUR,SCA,S13,P51G,NL,2021-Q4,
Q,MIO_EUR,SCA,S13,P51G,NL,2022-Q1,
Q,MIO_EUR,SCA,S13,P51G,NL,2022-Q2,
Q,MIO_EUR,SCA,S13,P51G,NL,2022-Q3,
Q,MIO_EUR,SCA,S13,P51G,NL,2022-Q4,
Q,MIO_EUR,SCA,S13,P51G,NL,2023-Q1,
Q,MIO_EUR,SCA,S13,P51G,NL,2023-Q2,
Q,MIO_EUR,SCA,S13,P51G,NL,2023-Q3,
Q,MIO_EUR,SCA,S13,P51G,NL,2023-Q4,
Q,MIO_EUR,SCA,S13,P51G,NL,2024-Q1,
Q,MIO_EUR,SCA,S13,P51G,NL,2024-Q2,
Q,MIO_EUR,SCA,S13,P51G,NL,2024-Q3,
Q,MIO_EUR,SCA,S13,P51G,NL,2024-Q4,
Q,MIO_EUR,SCA,S13,P51G,NL,2025-Q1,
Q,MIO_EUR,SCA,S13,P51G,NL,2025-Q2,
Q,MIO_EUR,SCA,S13,P51G,NL,2025-Q3,
Q,MIO_EUR,SCA,S13,P51G,NL,2025-Q4,
Q,MIO_EUR,SCA,S13,P51G,NL,2026-Q1,
Q,MIO_EUR,SCA,S13,P51G,AT,1995-Q1,
Q,MIO_EUR,SCA,S13,P51G,AT,1995-Q2,
Q,MIO_EUR,SCA,S13,P51G,AT,1995-Q3,
Q,MIO_EUR,SCA,S13,P51G,AT,1995-Q4,
Q,MIO_EUR,SCA,S13,P51G,AT,1996-Q1,
Q,MIO_EUR,SCA,S13,P51G,AT,1996-Q2,
Q,MIO_EUR,SCA,S13,P51G,AT,1996-Q3,
Q,MIO_EUR,SCA,S13,P51G,AT,1996-Q4,
Q,MIO_EUR,SCA,S13,P51G,AT,1997-Q1,
Q,MIO_EUR,SCA,S13,P51G,AT,1997-Q2,
Q,MIO_EUR,SCA,S13,P51G,AT,1997-Q3,
Q,MIO_EUR,SCA,S13,P51G,AT,1997-Q4,
Q,MIO_EUR,SCA,S13,P51G,AT,1998-Q1,
Q,MIO_EUR,SCA,S13,P51G,AT,1998-Q2,
Q,MIO_EUR,SCA,S13,P51G,AT,1998-Q3,
Q,MIO_EUR,SCA,S13,P51G,AT,1998-Q4,
Q,MIO_EUR,SCA,S13,P51G,AT,1999-Q1,
Q,MIO_EUR,SCA,S13,P51G,AT,1999-Q2,
Q,MIO_EUR,SCA,S13,P51G,AT,1999-Q3,
Q,MIO_EUR,SCA,S13,P51G,AT,1999-Q4,
Q,MIO_EUR,SCA,S13,P51G,AT,2000-Q1,
Q,MIO_EUR,SCA,S13,P51G,AT,2000-Q2,
Q,MIO_EUR,SCA,S13,P51G,AT,2000-Q3,
Q,MIO_EUR,SCA,S13,P51G,AT,2000-Q4,
Q,MIO_EUR,SCA,S13,P51G,AT,2001-Q1,
Q,MIO_EUR,SCA,S13,P51G,AT,2001-Q2,
Q,MIO_EUR,SCA,S13,P51G,AT,2001-Q3,
Q,MIO_EUR,SCA,S13,P51G,AT,2001-Q4,
Q,MIO_EUR,SCA,S13,P51G,AT,2002-Q1,
Q,MIO_EUR,SCA,S13,P51G,AT,2002-Q2,
Q,MIO_EUR,SCA,S13,P51G,AT,2002-Q3,
Q,MIO_EUR,SCA,S13,P51G,AT,2002-Q4,
Q,MIO_EUR,SCA,S13,P51G,AT,2003-Q1,
Q,MIO_EUR,SCA,S13,P51G,AT,2003-Q2,
Q,MIO_EUR,SCA,S13,P51G,AT,2003-Q3,
Q,MIO_EUR,SCA,S13,P51G,AT,2003-Q4,
Q,MIO_EUR,SCA,S13,P51G,AT,2004-Q1,
Q,MIO_EUR,SCA,S13,P51G,AT,2004-Q2,
Q,MIO_EUR,SCA,S13,P51G,AT,2004-Q3,
Q,MIO_EUR,SCA,S13,P51G,AT,2004-Q4,
Q,MIO_EUR,SCA,S13,P51G,AT,2005-Q1,
Q,MIO_EUR,SCA,S13,P51G,AT,2005-Q2,
Q,MIO_EUR,SCA,S13,P51G,AT,2005-Q3,
Q,MIO_EUR,SCA,S13,P51G,AT,2005-Q4,
Q,MIO_EUR,SCA,S13,P51G,AT,2006-Q1,
Q,MIO_EUR,SCA,S13,P51G,AT,2006-Q2,
Q,MIO_EUR,SCA,S13,P51G,AT,2006-Q3,
Q,MIO_EUR,SCA,S13,P51G,AT,2006-Q4,
Q,MIO_EUR,SCA,S13,P51G,AT,2007-Q1,
Q,MIO_EUR,SCA,S13,P51G,AT,2007-Q2,
Q,MIO_EUR,SCA,S13,P51G,AT,2007-Q3,
Q,MIO_EUR,SCA,S13,P51G,AT,2007-Q4,
Q,MIO_EUR,SCA,S13,P51G,AT,2008-Q1,
Q,MIO_EUR,SCA,S13,P51G,AT,2008-Q2,
Q,MIO_EUR,SCA,S13,P51G,AT,2008-Q3,
Q,MIO_EUR,SCA,S13,P51G,AT,2008-Q4,
Q,MIO_EUR,SCA,S13,P51G,AT,2009-Q1,
Q,MIO_EUR,SCA,S13,P51G,AT,2009-Q2,
Q,MIO_EUR,SCA,S13,P51G,AT,2009-Q3,
Q,MIO_EUR,SCA,S13,P51G,AT,2009-Q4,
Q,MIO_EUR,SCA,S13,P51G,AT,2010-Q1,
Q,MIO_EUR,SCA,S13,P51G,AT,2010-Q2,
Q,MIO_EUR,SCA,S13,P51G,AT,2010-Q3,
Q,MIO_EUR,SCA,S13,P51G,AT,2010-Q4,
Q,MIO_EUR,SCA,S13,P51G,AT,2011-Q1,
Q,MIO_EUR,SCA,S13,P51G,AT,2011-Q2,
Q,MIO_EUR,SCA,S13,P51G,AT,2011-Q3,
Q,MIO_EUR,SCA,S13,P51G,AT,2011-Q4,
Q,MIO_EUR,SCA,S13,P51G,AT,2012-Q1,
Q,MIO_EUR,SCA,S13,P51G,AT,2012-Q2,
Q,MIO_EUR,SCA,S13,P51G,AT,2012-Q3,
Q,MIO_EUR,SCA,S13,P51G,AT,2012-Q4,
Q,MIO_EUR,SCA,S13,P51G,AT,2013-Q1,
Q,MIO_EUR,SCA,S13,P51G,AT,2013-Q2,
Q,MIO_EUR,SCA,S13,P51G,AT,2013-Q3,
Q,MIO_EUR,SCA,S13,P51G,AT,2013-Q4,
Q,MIO_EUR,SCA,S13,P51G,AT,2014-Q1,
Q,MIO_EUR,SCA,S13,P51G,AT,2014-Q2,
Q,MIO_EUR,SCA,S13,P51G,AT,2014-Q3,
Q,MIO_EUR,SCA,S13,P51G,AT,2014-Q4,
Q,MIO_EUR,SCA,S13,P51G,AT,2015-Q1,
Q,MIO_EUR,SCA,S13,P51G,AT,2015-Q2,
Q,MIO_EUR,SCA,S13,P51G,AT,2015-Q3,
Q,MIO_EUR,SCA,S13,P51G,AT,2015-Q4,
Q,MIO_EUR,SCA,S13,P51G,AT,2016-Q1,
Q,MIO_EUR,SCA,S13,P51G,AT,2016-Q2,
Q,MIO_EUR,SCA,S13,P51G,AT,2016-Q3,
Q,MIO_EUR,SCA,S13,P51G,AT,2016-Q4,
Q,MIO_EUR,SCA,S13,P51G,AT,2017-Q1,
Q,MIO_EUR,SCA,S13,P51G,AT,2017-Q2,
Q,MIO_EUR,SCA,S13,P51G,AT,2017-Q3,
Q,MIO_EUR,SCA,S13,P51G,AT,2017-Q4,
Q,MIO_EUR,SCA,S13,P51G,AT,2018-Q1,
Q,MIO_EUR,SCA,S13,P51G,AT,2018-Q2,
Q,MIO_EUR,SCA,S13,P51G,AT,2018-Q3,
Q,MIO_EUR,SCA,S13,P51G,AT,2018-Q4,
Q,MIO_EUR,SCA,S13,P51G,AT,2019-Q1,
Q,MIO_EUR,SCA,S13,P51G,AT,2019-Q2,
Q,MIO_EUR,SCA,S13,P51G,AT,2019-Q3,
Q,MIO_EUR,SCA,S13,P51G,AT,2019-Q4,
Q,MIO_EUR,SCA,S13,P51G,AT,2020-Q1,
Q,MIO_EUR,SCA,S13,P51G,AT,2020-Q2,
Q,MIO_EUR,SCA,S13,P51G,AT,2020-Q3,
Q,MIO_EUR,SCA,S13,P51G,AT,2020-Q4,
Q,MIO_EUR,SCA,S13,P51G,AT,2021-Q1,
Q,MIO_EUR,SCA,S13,P51G,AT,2021-Q2,
Q,MIO_EUR,SCA,S13,P51G,AT,2021-Q3,
Q,MIO_EUR,SCA,S13,P51G,AT,2021-Q4,
Q,MIO_EUR,SCA,S13,P51G,AT,2022-Q1,
Q,MIO_EUR,SCA,S13,P51G,AT,2022-Q2,
Q,MIO_EUR,SCA,S13,P51G,AT,2022-Q3,
Q,MIO_EUR,SCA,S13,P51G,AT,2022-Q4,
Q,MIO_EUR,SCA,S13,P51G,AT,2023-Q1,
Q,MIO_EUR,SCA,S13,P51G,AT,2023-Q2,
Q,MIO_EUR,SCA,S13,P51G,AT,2023-Q3,
Q,MIO_EUR,SCA,S13,P51G,AT,2023-Q4,
Q,MIO_EUR,SCA,S13,P51G,AT,2024-Q1,
Q,MIO_EUR,SCA,S13,P51G,AT,2024-Q2,
Q,MIO_EUR,SCA,S13,P51G,AT,2024-Q3,
Q,MIO_EUR,SCA,S13,P51G,AT,2024-Q4,
Q,MIO_EUR,SCA,S13,P51G,AT,2025-Q1,
Q,MIO_EUR,SCA,S13,P51G,AT,2025-Q2,
Q,MIO_EUR,SCA,S13,P51G,AT,2025-Q3,
Q,MIO_EUR,SCA,S13,P51G,AT,2025-Q4,
Q,MIO_EUR,SCA,S13,P51G,AT,2026-Q1,
Q,MIO_EUR,SCA,S13,P51G,PL,1995-Q1,
Q,MIO_EUR,SCA,S13,P51G,PL,1995-Q2,
Q,MIO_EUR,SCA,S13,P51G,PL,1995-Q3,
Q,MIO_EUR,SCA,S13,P51G,PL,1995-Q4,
Q,MIO_EUR,SCA,S13,P51G,PL,1996-Q1,
Q,MIO_EUR,SCA,S13,P51G,PL,1996-Q2,
Q,MIO_EUR,SCA,S13,P51G,PL,1996-Q3,
Q,MIO_EUR,SCA,S13,P51G,PL,1996-Q4,
Q,MIO_EUR,SCA,S13,P51G,PL,1997-Q1,
Q,MIO_EUR,SCA,S13,P51G,PL,1997-Q2,
Q,MIO_EUR,SCA,S13,P51G,PL,1997-Q3,
Q,MIO_EUR,SCA,S13,P51G,PL,1997-Q4,
Q,MIO_EUR,SCA,S13,P51G,PL,1998-Q1,
Q,MIO_EUR,SCA,S13,P51G,PL,1998-Q2,
Q,MIO_EUR,SCA,S13,P51G,PL,1998-Q3,
Q,MIO_EUR,SCA,S13,P51G,PL,1998-Q4,
Q,MIO_EUR,SCA,S13,P51G,PL,1999-Q1,
Q,MIO_EUR,SCA,S13,P51G,PL,1999-Q2,
Q,MIO_EUR,SCA,S13,P51G,PL,1999-Q3,
Q,MIO_EUR,SCA,S13,P51G,PL,1999-Q4,
Q,MIO_EUR,SCA,S13,P51G,PL,2000-Q1,
Q,MIO_EUR,SCA,S13,P51G,PL,2000-Q2,
Q,MIO_EUR,SCA,S13,P51G,PL,2000-Q3,
Q,MIO_EUR,SCA,S13,P51G,PL,2000-Q4,
Q,MIO_EUR,SCA,S13,P51G,PL,2001-Q1,
Q,MIO_EUR,SCA,S13,P51G,PL,2001-Q2,
Q,MIO_EUR,SCA,S13,P51G,PL,2001-Q3,
Q,MIO_EUR,SCA,S13,P51G,PL,2001-Q4,
Q,MIO_EUR,SCA,S13,P51G,PL,2002-Q1,
Q,MIO_EUR,SCA,S13,P51G,PL,2002-Q2,
Q,MIO_EUR,SCA,S13,P51G,PL,2002-Q3,
Q,MIO_EUR,SCA,S13,P51G,PL,2002-Q4,
Q,MIO_EUR,SCA,S13,P51G,PL,2003-Q1,
Q,MIO_EUR,SCA,S13,P51G,PL,2003-Q2,
Q,MIO_EUR,SCA,S13,P51G,PL,2003-Q3,
Q,MIO_EUR,SCA,S13,P51G,PL,2003-Q4,
Q,MIO_EUR,SCA,S13,P51G,PL,2004-Q1,
Q,MIO_EUR,SCA,S13,P51G,PL,2004-Q2,
Q,MIO_EUR,SCA,S13,P51G,PL,2004-Q3,
Q,MIO_EUR,SCA,S13,P51G,PL,2004-Q4,
Q,MIO_EUR,SCA,S13,P51G,PL,2005-Q1,
Q,MIO_EUR,SCA,S13,P51G,PL,2005-Q2,
Q,MIO_EUR,SCA,S13,P51G,PL,2005-Q3,
Q,MIO_EUR,SCA,S13,P51G,PL,2005-Q4,
Q,MIO_EUR,SCA,S13,P51G,PL,2006-Q1,
Q,MIO_EUR,SCA,S13,P51G,PL,2006-Q2,
Q,MIO_EUR,SCA,S13,P51G,PL,2006-Q3,
Q,MIO_EUR,SCA,S13,P51G,PL,2006-Q4,
Q,MIO_EUR,SCA,S13,P51G,PL,2007-Q1,
Q,MIO_EUR,SCA,S13,P51G,PL,2007-Q2,
Q,MIO_EUR,SCA,S13,P51G,PL,2007-Q3,
Q,MIO_EUR,SCA,S13,P51G,PL,2007-Q4,
Q,MIO_EUR,SCA,S13,P51G,PL,2008-Q1,
Q,MIO_EUR,SCA,S13,P51G,PL,2008-Q2,
Q,MIO_EUR,SCA,S13,P51G,PL,2008-Q3,
Q,MIO_EUR,SCA,S13,P51G,PL,2008-Q4,
Q,MIO_EUR,SCA,S13,P51G,PL,2009-Q1,
Q,MIO_EUR,SCA,S13,P51G,PL,2009-Q2,
Q,MIO_EUR,SCA,S13,P51G,PL,2009-Q3,
Q,MIO_EUR,SCA,S13,P51G,PL,2009-Q4,
Q,MIO_EUR,SCA,S13,P51G,PL,2010-Q1,
Q,MIO_EUR,SCA,S13,P51G,PL,2010-Q2,
Q,MIO_EUR,SCA,S13,P51G,PL,2010-Q3,
Q,MIO_EUR,SCA,S13,P51G,PL,2010-Q4,
Q,MIO_EUR,SCA,S13,P51G,PL,2011-Q1,
Q,MIO_EUR,SCA,S13,P51G,PL,2011-Q2,
Q,MIO_EUR,SCA,S13,P51G,PL,2011-Q3,
Q,MIO_EUR,SCA,S13,P51G,PL,2011-Q4,
Q,MIO_EUR,SCA,S13,P51G,PL,2012-Q1,
Q,MIO_EUR,SCA,S13,P51G,PL,2012-Q2,
Q,MIO_EUR,SCA,S13,P51G,PL,2012-Q3,
Q,MIO_EUR,SCA,S13,P51G,PL,2012-Q4,
Q,MIO_EUR,SCA,S13,P51G,PL,2013-Q1,
Q,MIO_EUR,SCA,S13,P51G,PL,2013-Q2,
Q,MIO_EUR,SCA,S13,P51G,PL,2013-Q3,
Q,MIO_EUR,SCA,S13,P51G,PL,2013-Q4,
Q,MIO_EUR,SCA,S13,P51G,PL,2014-Q1,
Q,MIO_EUR,SCA,S13,P51G,PL,2014-Q2,
Q,MIO_EUR,SCA,S13,P51G,PL,2014-Q3,
Q,MIO_EUR,SCA,S13,P51G,PL,2014-Q4,
Q,MIO_EUR,SCA,S13,P51G,PL,2015-Q1,
Q,MIO_EUR,SCA,S13,P51G,PL,2015-Q2,
Q,MIO_EUR,SCA,S13,P51G,PL,2015-Q3,
Q,MIO_EUR,SCA,S13,P51G,PL,2015-Q4,
Q,MIO_EUR,SCA,S13,P51G,PL,2016-Q1,
Q,MIO_EUR,SCA,S13,P51G,PL,2016-Q2,
Q,MIO_EUR,SCA,S13,P51G,PL,2016-Q3,
Q,MIO_EUR,SCA,S13,P51G,PL,2016-Q4,
Q,MIO_EUR,SCA,S13,P51G,PL,2017-Q1,
Q,MIO_EUR,SCA,S13,P51G,PL,2017-Q2,
Q,MIO_EUR,SCA,S13,P51G,PL,2017-Q3,
Q,MIO_EUR,SCA,S13,P51G,PL,2017-Q4,
Q,MIO_EUR,SCA,S13,P51G,PL,2018-Q1,
Q,MIO_EUR,SCA,S13,P51G,PL,2018-Q2,
Q,MIO_EUR,SCA,S13,P51G,PL,2018-Q3,
Q,MIO_EUR,SCA,S13,P51G,PL,2018-Q4,
Q,MIO_EUR,SCA,S13,P51G,PL,2019-Q1,
Q,MIO_EUR,SCA,S13,P51G,PL,2019-Q2,
Q,MIO_EUR,SCA,S13,P51G,PL,2019-Q3,
Q,MIO_EUR,SCA,S13,P51G,PL,2019-Q4,
Q,MIO_EUR,SCA,S13,P51G,PL,2020-Q1,
Q,MIO_EUR,SCA,S13,P51G,PL,2020-Q2,
Q,MIO_EUR,SCA,S13,P51G,PL,2020-Q3,
Q,MIO_EUR,SCA,S13,P51G,PL,2020-Q4,
Q,MIO_EUR,SCA,S13,P51G,PL,2021-Q1,
Q,MIO_EUR,SCA,S13,P51G,PL,2021-Q2,
Q,MIO_EUR,SCA,S13,P51G,PL,2021-Q3,
Q,MIO_EUR,SCA,S13,P51G,PL,2021-Q4,
Q,MIO_EUR,SCA,S13,P51G,PL,2022-Q1,
Q,MIO_EUR,SCA,S13,P51G,PL,2022-Q2,
Q,MIO_EUR,SCA,S13,P51G,PL,2022-Q3,
Q,MIO_EUR,SCA,S13,P51G,PL,2022-Q4,
Q,MIO_EUR,SCA,S13,P51G,PL,2023-Q1,
Q,MIO_EUR,SCA,S13,P51G,PL,2023-Q2,
Q,MIO_EUR,SCA,S13,P51G,PL,2023-Q3,
Q,MIO_EUR,SCA,S13,P51G,PL,2023-Q4,
Q,MIO_EUR,SCA,S13,P51G,PL,2024-Q1,
Q,MIO_EUR,SCA,S13,P51G,PL,2024-Q2,
Q,MIO_EUR,SCA,S13,P51G,PL,2024-Q3,
Q,MIO_EUR,SCA,S13,P51G,PL,2024-Q4,
Q,MIO_EUR,SCA,S13,P51G,PL,2025-Q1,
Q,MIO_EUR,SCA,S13,P51G,PL,2025-Q2,
Q,MIO_EUR,SCA,S13,P51G,PL,2025-Q3,
Q,MIO_EUR,SCA,S13,P51G,PL,2025-Q4,
Q,MIO_EUR,SCA,S13,P51G,PL,2026-Q1,
Q,MIO_EUR,SCA,S13,P51G,PT,1995-Q1,
Q,MIO_EUR,SCA,S13,P51G,PT,1995-Q2,
Q,MIO_EUR,SCA,S13,P51G,PT,1995-Q3,
Q,MIO_EUR,SCA,S13,P51G,PT,1995-Q4,
Q,MIO_EUR,SCA,S13,P51G,PT,1996-Q1,
Q,MIO_EUR,SCA,S13,P51G,PT,1996-Q2,
Q,MIO_EUR,SCA,S13,P51G,PT,1996-Q3,
Q,MIO_EUR,SCA,S13,P51G,PT,1996-Q4,
Q,MIO_EUR,SCA,S13,P51G,PT,1997-Q1,
Q,MIO_EUR,SCA,S13,P51G,PT,1997-Q2,
Q,MIO_EUR,SCA,S13,P51G,PT,1997-Q3,
Q,MIO_EUR,SCA,S13,P51G,PT,1997-Q4,
Q,MIO_EUR,SCA,S13,P51G,PT,1998-Q1,
Q,MIO_EUR,SCA,S13,P51G,PT,1998-Q2,
Q,MIO_EUR,SCA,S13,P51G,PT,1998-Q3,
Q,MIO_EUR,SCA,S13,P51G,PT,1998-Q4,
Q,MIO_EUR,SCA,S13,P51G,PT,1999-Q1,
Q,MIO_EUR,SCA,S13,P51G,PT,1999-Q2,
Q,MIO_EUR,SCA,S13,P51G,PT,1999-Q3,
Q,MIO_EUR,SCA,S13,P51G,PT,1999-Q4,
Q,MIO_EUR,SCA,S13,P51G,PT,2000-Q1,
Q,MIO_EUR,SCA,S13,P51G,PT,2000-Q2,
Q,MIO_EUR,SCA,S13,P51G,PT,2000-Q3,
Q,MIO_EUR,SCA,S13,P51G,PT,2000-Q4,
Q,MIO_EUR,SCA,S13,P51G,PT,2001-Q1,
Q,MIO_EUR,SCA,S13,P51G,PT,2001-Q2,
Q,MIO_EUR,SCA,S13,P51G,PT,2001-Q3,
Q,MIO_EUR,SCA,S13,P51G,PT,2001-Q4,
Q,MIO_EUR,SCA,S13,P51G,PT,2002-Q1,
Q,MIO_EUR,SCA,S13,P51G,PT,2002-Q2,
Q,MIO_EUR,SCA,S13,P51G,PT,2002-Q3,
Q,MIO_EUR,SCA,S13,P51G,PT,2002-Q4,
Q,MIO_EUR,SCA,S13,P51G,PT,2003-Q1,
Q,MIO_EUR,SCA,S13,P51G,PT,2003-Q2,
Q,MIO_EUR,SCA,S13,P51G,PT,2003-Q3,
Q,MIO_EUR,SCA,S13,P51G,PT,2003-Q4,
Q,MIO_EUR,SCA,S13,P51G,PT,2004-Q1,
Q,MIO_EUR,SCA,S13,P51G,PT,2004-Q2,
Q,MIO_EUR,SCA,S13,P51G,PT,2004-Q3,
Q,MIO_EUR,SCA,S13,P51G,PT,2004-Q4,
Q,MIO_EUR,SCA,S13,P51G,PT,2005-Q1,
Q,MIO_EUR,SCA,S13,P51G,PT,2005-Q2,
Q,MIO_EUR,SCA,S13,P51G,PT,2005-Q3,
Q,MIO_EUR,SCA,S13,P51G,PT,2005-Q4,
Q,MIO_EUR,SCA,S13,P51G,PT,2006-Q1,
Q,MIO_EUR,SCA,S13,P51G,PT,2006-Q2,
Q,MIO_EUR,SCA,S13,P51G,PT,2006-Q3,
Q,MIO_EUR,SCA,S13,P51G,PT,2006-Q4,
Q,MIO_EUR,SCA,S13,P51G,PT,2007-Q1,
Q,MIO_EUR,SCA,S13,P51G,PT,2007-Q2,
Q,MIO_EUR,SCA,S13,P51G,PT,2007-Q3,
Q,MIO_EUR,SCA,S13,P51G,PT,2007-Q4,
Q,MIO_EUR,SCA,S13,P51G,PT,2008-Q1,
Q,MIO_EUR,SCA,S13,P51G,PT,2008-Q2,
Q,MIO_EUR,SCA,S13,P51G,PT,2008-Q3,
Q,MIO_EUR,SCA,S13,P51G,PT,2008-Q4,
Q,MIO_EUR,SCA,S13,P51G,PT,2009-Q1,
Q,MIO_EUR,SCA,S13,P51G,PT,2009-Q2,
Q,MIO_EUR,SCA,S13,P51G,PT,2009-Q3,
Q,MIO_EUR,SCA,S13,P51G,PT,2009-Q4,
Q,MIO_EUR,SCA,S13,P51G,PT,2010-Q1,
Q,MIO_EUR,SCA,S13,P51G,PT,2010-Q2,
Q,MIO_EUR,SCA,S13,P51G,PT,2010-Q3,
Q,MIO_EUR,SCA,S13,P51G,PT,2010-Q4,
Q,MIO_EUR,SCA,S13,P51G,PT,2011-Q1,
Q,MIO_EUR,SCA,S13,P51G,PT,2011-Q2,
Q,MIO_EUR,SCA,S13,P51G,PT,2011-Q3,
Q,MIO_EUR,SCA,S13,P51G,PT,2011-Q4,
Q,MIO_EUR,SCA,S13,P51G,PT,2012-Q1,
Q,MIO_EUR,SCA,S13,P51G,PT,2012-Q2,
Q,MIO_EUR,SCA,S13,P51G,PT,2012-Q3,
Q,MIO_EUR,SCA,S13,P51G,PT,2012-Q4,
Q,MIO_EUR,SCA,S13,P51G,PT,2013-Q1,
Q,MIO_EUR,SCA,S13,P51G,PT,2013-Q2,
Q,MIO_EUR,SCA,S13,P51G,PT,2013-Q3,
Q,MIO_EUR,SCA,S13,P51G,PT,2013-Q4,
Q,MIO_EUR,SCA,S13,P51G,PT,2014-Q1,
Q,MIO_EUR,SCA,S13,P51G,PT,2014-Q2,
Q,MIO_EUR,SCA,S13,P51G,PT,2014-Q3,
Q,MIO_EUR,SCA,S13,P51G,PT,2014-Q4,
Q,MIO_EUR,SCA,S13,P51G,PT,2015-Q1,
Q,MIO_EUR,SCA,S13,P51G,PT,2015-Q2,
Q,MIO_EUR,SCA,S13,P51G,PT,2015-Q3,
Q,MIO_EUR,SCA,S13,P51G,PT,2015-Q4,
Q,MIO_EUR,SCA,S13,P51G,PT,2016-Q1,
Q,MIO_EUR,SCA,S13,P51G,PT,2016-Q2,
Q,MIO_EUR,SCA,S13,P51G,PT,2016-Q3,
Q,MIO_EUR,SCA,S13,P51G,PT,2016-Q4,
Q,MIO_EUR,SCA,S13,P51G,PT,2017-Q1,
Q,MIO_EUR,SCA,S13,P51G,PT,2017-Q2,
Q,MIO_EUR,SCA,S13,P51G,PT,2017-Q3,
Q,MIO_EUR,SCA,S13,P51G,PT,2017-Q4,
Q,MIO_EUR,SCA,S13,P51G,PT,2018-Q1,
Q,MIO_EUR,SCA,S13,P51G,PT,2018-Q2,
Q,MIO_EUR,SCA,S13,P51G,PT,2018-Q3,
Q,MIO_EUR,SCA,S13,P51G,PT,2018-Q4,
Q,MIO_EUR,SCA,S13,P51G,PT,2019-Q1,
Q,MIO_EUR,SCA,S13,P51G,PT,2019-Q2,
Q,MIO_EUR,SCA,S13,P51G,PT,2019-Q3,
Q,MIO_EUR,SCA,S13,P51G,PT,2019-Q4,
Q,MIO_EUR,SCA,S13,P51G,PT,2020-Q1,
Q,MIO_EUR,SCA,S13,P51G,PT,2020-Q2,
Q,MIO_EUR,SCA,S13,P51G,PT,2020-Q3,
Q,MIO_EUR,SCA,S13,P51G,PT,2020-Q4,
Q,MIO_EUR,SCA,S13,P51G,PT,2021-Q1,
Q,MIO_EUR,SCA,S13,P51G,PT,2021-Q2,
Q,MIO_EUR,SCA,S13,P51G,PT,2021-Q3,
Q,MIO_EUR,SCA,S13,P51G,PT,2021-Q4,
Q,MIO_EUR,SCA,S13,P51G,PT,2022-Q1,
Q,MIO_EUR,SCA,S13,P51G,PT,2022-Q2,
Q,MIO_EUR,SCA,S13,P51G,PT,2022-Q3,
Q,MIO_EUR,SCA,S13,P51G,PT,2022-Q4,
Q,MIO_EUR,SCA,S13,P51G,PT,2023-Q1,
Q,MIO_EUR,SCA,S13,P51G,PT,2023-Q2,
Q,MIO_EUR,SCA,S13,P51G,PT,2023-Q3,
Q,MIO_EUR,SCA,S13,P51G,PT,2023-Q4,
Q,MIO_EUR,SCA,S13,P51G,PT,2024-Q1,
Q,MIO_EUR,SCA,S13,P51G,PT,2024-Q2,
Q,MIO_EUR,SCA,S13,P51G,PT,2024-Q3,
Q,MIO_EUR,SCA,S13,P51G,PT,2024-Q4,
Q,MIO_EUR,SCA,S13,P51G,PT,2025-Q1,
Q,MIO_EUR,SCA,S13,P51G,PT,2025-Q2,
Q,MIO_EUR,SCA,S13,P51G,PT,2025-Q3,
Q,MIO_EUR,SCA,S13,P51G,PT,2025-Q4,
Q,MIO_EUR,SCA,S13,P51G,PT,2026-Q1,
Q,MIO_EUR,SCA,S13,P51G,RO,1995-Q1,283.4
Q,MIO_EUR,SCA,S13,P51G,RO,1995-Q2,317
Q,MIO_EUR,SCA,S13,P51G,RO,1995-Q3,258.1
Q,MIO_EUR,SCA,S13,P51G,RO,1995-Q4,262.3
Q,MIO_EUR,SCA,S13,P51G,RO,1996-Q1,257.9
Q,MIO_EUR,SCA,S13,P51G,RO,1996-Q2,243.2
Q,MIO_EUR,SCA,S13,P51G,RO,1996-Q3,278
Q,MIO_EUR,SCA,S13,P51G,RO,1996-Q4,298
Q,MIO_EUR,SCA,S13,P51G,RO,1997-Q1,197.8
Q,MIO_EUR,SCA,S13,P51G,RO,1997-Q2,203.1
Q,MIO_EUR,SCA,S13,P51G,RO,1997-Q3,225
Q,MIO_EUR,SCA,S13,P51G,RO,1997-Q4,159.6
Q,MIO_EUR,SCA,S13,P51G,RO,1998-Q1,166.1
Q,MIO_EUR,SCA,S13,P51G,RO,1998-Q2,154.7
Q,MIO_EUR,SCA,S13,P51G,RO,1998-Q3,134.2
Q,MIO_EUR,SCA,S13,P51G,RO,1998-Q4,188.2
Q,MIO_EUR,SCA,S13,P51G,RO,1999-Q1,135.9
Q,MIO_EUR,SCA,S13,P51G,RO,1999-Q2,122.5
Q,MIO_EUR,SCA,S13,P51G,RO,1999-Q3,175
Q,MIO_EUR,SCA,S13,P51G,RO,1999-Q4,159.3
Q,MIO_EUR,SCA,S13,P51G,RO,2000-Q1,258.3
Q,MIO_EUR,SCA,S13,P51G,RO,2000-Q2,343.7
Q,MIO_EUR,SCA,S13,P51G,RO,2000-Q3,334.6
Q,MIO_EUR,SCA,S13,P51G,RO,2000-Q4,355.8
Q,MIO_EUR,SCA,S13,P51G,RO,2001-Q1,308.8
Q,MIO_EUR,SCA,S13,P51G,RO,2001-Q2,306.7
Q,MIO_EUR,SCA,S13,P51G,RO,2001-Q3,302.3
Q,MIO_EUR,SCA,S13,P51G,RO,2001-Q4,281.1
Q,MIO_EUR,SCA,S13,P51G,RO,2002-Q1,335.7
Q,MIO_EUR,SCA,S13,P51G,RO,2002-Q2,332.8
Q,MIO_EUR,SCA,S13,P51G,RO,2002-Q3,376.9
Q,MIO_EUR,SCA,S13,P51G,RO,2002-Q4,466.7
Q,MIO_EUR,SCA,S13,P51G,RO,2003-Q1,453.1
Q,MIO_EUR,SCA,S13,P51G,RO,2003-Q2,478.9
Q,MIO_EUR,SCA,S13,P51G,RO,2003-Q3,470.9
Q,MIO_EUR,SCA,S13,P51G,RO,2003-Q4,439.6
Q,MIO_EUR,SCA,S13,P51G,RO,2004-Q1,421.8
Q,MIO_EUR,SCA,S13,P51G,RO,2004-Q2,418.7
Q,MIO_EUR,SCA,S13,P51G,RO,2004-Q3,432.4
Q,MIO_EUR,SCA,S13,P51G,RO,2004-Q4,475.1
Q,MIO_EUR,SCA,S13,P51G,RO,2005-Q1,545.3
Q,MIO_EUR,SCA,S13,P51G,RO,2005-Q2,548.4
Q,MIO_EUR,SCA,S13,P51G,RO,2005-Q3,599.7
Q,MIO_EUR,SCA,S13,P51G,RO,2005-Q4,501.1
Q,MIO_EUR,SCA,S13,P51G,RO,2006-Q1,701.4
Q,MIO_EUR,SCA,S13,P51G,RO,2006-Q2,729
Q,MIO_EUR,SCA,S13,P51G,RO,2006-Q3,705.4
Q,MIO_EUR,SCA,S13,P51G,RO,2006-Q4,2454.5
Q,MIO_EUR,SCA,S13,P51G,RO,2007-Q1,1861.8
Q,MIO_EUR,SCA,S13,P51G,RO,2007-Q2,1527.4
Q,MIO_EUR,SCA,S13,P51G,RO,2007-Q3,1196
Q,MIO_EUR,SCA,S13,P51G,RO,2007-Q4,2895
Q,MIO_EUR,SCA,S13,P51G,RO,2008-Q1,2461.6
Q,MIO_EUR,SCA,S13,P51G,RO,2008-Q2,2384
Q,MIO_EUR,SCA,S13,P51G,RO,2008-Q3,2431.9
Q,MIO_EUR,SCA,S13,P51G,RO,2008-Q4,2257.1
Q,MIO_EUR,SCA,S13,P51G,RO,2009-Q1,2040.5
Q,MIO_EUR,SCA,S13,P51G,RO,2009-Q2,2061.9
Q,MIO_EUR,SCA,S13,P51G,RO,2009-Q3,2017.9
Q,MIO_EUR,SCA,S13,P51G,RO,2009-Q4,1036.5
Q,MIO_EUR,SCA,S13,P51G,RO,2010-Q1,1897.1
Q,MIO_EUR,SCA,S13,P51G,RO,2010-Q2,1808.3
Q,MIO_EUR,SCA,S13,P51G,RO,2010-Q3,1777.1
Q,MIO_EUR,SCA,S13,P51G,RO,2010-Q4,1736.9
Q,MIO_EUR,SCA,S13,P51G,RO,2011-Q1,1784.2
Q,MIO_EUR,SCA,S13,P51G,RO,2011-Q2,1834.8
Q,MIO_EUR,SCA,S13,P51G,RO,2011-Q3,1707.2
Q,MIO_EUR,SCA,S13,P51G,RO,2011-Q4,1813.9
Q,MIO_EUR,SCA,S13,P51G,RO,2012-Q1,1723.1
Q,MIO_EUR,SCA,S13,P51G,RO,2012-Q2,1648.5
Q,MIO_EUR,SCA,S13,P51G,RO,2012-Q3,1655.6
Q,MIO_EUR,SCA,S13,P51G,RO,2012-Q4,1479.9
Q,MIO_EUR,SCA,S13,P51G,RO,2013-Q1,1588.8
Q,MIO_EUR,SCA,S13,P51G,RO,2013-Q2,1592
Q,MIO_EUR,SCA,S13,P51G,RO,2013-Q3,1512.5
Q,MIO_EUR,SCA,S13,P51G,RO,2013-Q4,1569.4
Q,MIO_EUR,SCA,S13,P51G,RO,2014-Q1,1527.5
Q,MIO_EUR,SCA,S13,P51G,RO,2014-Q2,1534.9
Q,MIO_EUR,SCA,S13,P51G,RO,2014-Q3,1498.9
Q,MIO_EUR,SCA,S13,P51G,RO,2014-Q4,2118.9
Q,MIO_EUR,SCA,S13,P51G,RO,2015-Q1,1918.9
Q,MIO_EUR,SCA,S13,P51G,RO,2015-Q2,1765.6
Q,MIO_EUR,SCA,S13,P51G,RO,2015-Q3,1771.9
Q,MIO_EUR,SCA,S13,P51G,RO,2015-Q4,2806.9
Q,MIO_EUR,SCA,S13,P51G,RO,2016-Q1,1567
Q,MIO_EUR,SCA,S13,P51G,RO,2016-Q2,1602.9
Q,MIO_EUR,SCA,S13,P51G,RO,2016-Q3,1453.5
Q,MIO_EUR,SCA,S13,P51G,RO,2016-Q4,1410.7
Q,MIO_EUR,SCA,S13,P51G,RO,2017-Q1,1316.1
Q,MIO_EUR,SCA,S13,P51G,RO,2017-Q2,1226.3
Q,MIO_EUR,SCA,S13,P51G,RO,2017-Q3,1188.5
Q,MIO_EUR,SCA,S13,P51G,RO,2017-Q4,1177.1
Q,MIO_EUR,SCA,S13,P51G,RO,2018-Q1,1237.7
Q,MIO_EUR,SCA,S13,P51G,RO,2018-Q2,1202.6
Q,MIO_EUR,SCA,S13,P51G,RO,2018-Q3,1301.9
Q,MIO_EUR,SCA,S13,P51G,RO,2018-Q4,1276.3
Q,MIO_EUR,SCA,S13,P51G,RO,2019-Q1,1319.4
Q,MIO_EUR,SCA,S13,P51G,RO,2019-Q2,1928.2
Q,MIO_EUR,SCA,S13,P51G,RO,2019-Q3,2021.8
Q,MIO_EUR,SCA,S13,P51G,RO,2019-Q4,2139.6
Q,MIO_EUR,SCA,S13,P51G,RO,2020-Q1,2235.9
Q,MIO_EUR,SCA,S13,P51G,RO,2020-Q2,2372
Q,MIO_EUR,SCA,S13,P51G,RO,2020-Q3,2473.5
Q,MIO_EUR,SCA,S13,P51G,RO,2020-Q4,2460.5
Q,MIO_EUR,SCA,S13,P51G,RO,2021-Q1,2557.3
Q,MIO_EUR,SCA,S13,P51G,RO,2021-Q2,2642
Q,MIO_EUR,SCA,S13,P51G,RO,2021-Q3,2042.5
Q,MIO_EUR,SCA,S13,P51G,RO,2021-Q4,2439
Q,MIO_EUR,SCA,S13,P51G,RO,2022-Q1,2727.2
Q,MIO_EUR,SCA,S13,P51G,RO,2022-Q2,2882.8
Q,MIO_EUR,SCA,S13,P51G,RO,2022-Q3,3093
Q,MIO_EUR,SCA,S13,P51G,RO,2022-Q4,3321.9
Q,MIO_EUR,SCA,S13,P51G,RO,2023-Q1,3467.6
Q,MIO_EUR,SCA,S13,P51G,RO,2023-Q2,3691.4
Q,MIO_EUR,SCA,S13,P51G,RO,2023-Q3,3821.6
Q,MIO_EUR,SCA,S13,P51G,RO,2023-Q4,6174.7
Q,MIO_EUR,SCA,S13,P51G,RO,2024-Q1,5523
Q,MIO_EUR,SCA,S13,P51G,RO,2024-Q2,4476.2
Q,MIO_EUR,SCA,S13,P51G,RO,2024-Q3,5508.5
Q,MIO_EUR,SCA,S13,P51G,RO,2024-Q4,5377.6
Q,MIO_EUR,SCA,S13,P51G,RO,2025-Q1,5381
Q,MIO_EUR,SCA,S13,P51G,RO,2025-Q2,5264.1
Q,MIO_EUR,SCA,S13,P51G,RO,2025-Q3,5257.1
Q,MIO_EUR,SCA,S13,P51G,RO,2025-Q4,7000.1
Q,MIO_EUR,SCA,S13,P51G,RO,2026-Q1,3355.3
Q,MIO_EUR,SCA,S13,P51G,SI,1995-Q1,
Q,MIO_EUR,SCA,S13,P51G,SI,1995-Q2,
Q,MIO_EUR,SCA,S13,P51G,SI,1995-Q3,
Q,MIO_EUR,SCA,S13,P51G,SI,1995-Q4,
Q,MIO_EUR,SCA,S13,P51G,SI,1996-Q1,
Q,MIO_EUR,SCA,S13,P51G,SI,1996-Q2,
Q,MIO_EUR,SCA,S13,P51G,SI,1996-Q3,
Q,MIO_EUR,SCA,S13,P51G,SI,1996-Q4,
Q,MIO_EUR,SCA,S13,P51G,SI,1997-Q1,
Q,MIO_EUR,SCA,S13,P51G,SI,1997-Q2,
Q,MIO_EUR,SCA,S13,P51G,SI,1997-Q3,
Q,MIO_EUR,SCA,S13,P51G,SI,1997-Q4,
Q,MIO_EUR,SCA,S13,P51G,SI,1998-Q1,
Q,MIO_EUR,SCA,S13,P51G,SI,1998-Q2,
Q,MIO_EUR,SCA,S13,P51G,SI,1998-Q3,
Q,MIO_EUR,SCA,S13,P51G,SI,1998-Q4,
Q,MIO_EUR,SCA,S13,P51G,SI,1999-Q1,217.9
Q,MIO_EUR,SCA,S13,P51G,SI,1999-Q2,209
Q,MIO_EUR,SCA,S13,P51G,SI,1999-Q3,207.2
Q,MIO_EUR,SCA,S13,P51G,SI,1999-Q4,203.9
Q,MIO_EUR,SCA,S13,P51G,SI,2000-Q1,175.5
Q,MIO_EUR,SCA,S13,P51G,SI,2000-Q2,209.8
Q,MIO_EUR,SCA,S13,P51G,SI,2000-Q3,209.2
Q,MIO_EUR,SCA,S13,P51G,SI,2000-Q4,214.8
Q,MIO_EUR,SCA,S13,P51G,SI,2001-Q1,219.9
Q,MIO_EUR,SCA,S13,P51G,SI,2001-Q2,235.2
Q,MIO_EUR,SCA,S13,P51G,SI,2001-Q3,237.4
Q,MIO_EUR,SCA,S13,P51G,SI,2001-Q4,246.3
Q,MIO_EUR,SCA,S13,P51G,SI,2002-Q1,243.4
Q,MIO_EUR,SCA,S13,P51G,SI,2002-Q2,233.3
Q,MIO_EUR,SCA,S13,P51G,SI,2002-Q3,237.1
Q,MIO_EUR,SCA,S13,P51G,SI,2002-Q4,240.6
Q,MIO_EUR,SCA,S13,P51G,SI,2003-Q1,245
Q,MIO_EUR,SCA,S13,P51G,SI,2003-Q2,250.2
Q,MIO_EUR,SCA,S13,P51G,SI,2003-Q3,251.5
Q,MIO_EUR,SCA,S13,P51G,SI,2003-Q4,246.5
Q,MIO_EUR,SCA,S13,P51G,SI,2004-Q1,250.5
Q,MIO_EUR,SCA,S13,P51G,SI,2004-Q2,249.9
Q,MIO_EUR,SCA,S13,P51G,SI,2004-Q3,263.3
Q,MIO_EUR,SCA,S13,P51G,SI,2004-Q4,273.6
Q,MIO_EUR,SCA,S13,P51G,SI,2005-Q1,264.2
Q,MIO_EUR,SCA,S13,P51G,SI,2005-Q2,268.7
Q,MIO_EUR,SCA,S13,P51G,SI,2005-Q3,276.7
Q,MIO_EUR,SCA,S13,P51G,SI,2005-Q4,298.4
Q,MIO_EUR,SCA,S13,P51G,SI,2006-Q1,319
Q,MIO_EUR,SCA,S13,P51G,SI,2006-Q2,344.6
Q,MIO_EUR,SCA,S13,P51G,SI,2006-Q3,353.4
Q,MIO_EUR,SCA,S13,P51G,SI,2006-Q4,376.2
Q,MIO_EUR,SCA,S13,P51G,SI,2007-Q1,393
Q,MIO_EUR,SCA,S13,P51G,SI,2007-Q2,408.2
Q,MIO_EUR,SCA,S13,P51G,SI,2007-Q3,423.4
Q,MIO_EUR,SCA,S13,P51G,SI,2007-Q4,428.1
Q,MIO_EUR,SCA,S13,P51G,SI,2008-Q1,434.5
Q,MIO_EUR,SCA,S13,P51G,SI,2008-Q2,447.5
Q,MIO_EUR,SCA,S13,P51G,SI,2008-Q3,456.2
Q,MIO_EUR,SCA,S13,P51G,SI,2008-Q4,437
Q,MIO_EUR,SCA,S13,P51G,SI,2009-Q1,456.6
Q,MIO_EUR,SCA,S13,P51G,SI,2009-Q2,451.6
Q,MIO_EUR,SCA,S13,P51G,SI,2009-Q3,447.6
Q,MIO_EUR,SCA,S13,P51G,SI,2009-Q4,449.4
Q,MIO_EUR,SCA,S13,P51G,SI,2010-Q1,434.3
Q,MIO_EUR,SCA,S13,P51G,SI,2010-Q2,446.7
Q,MIO_EUR,SCA,S13,P51G,SI,2010-Q3,444.6
Q,MIO_EUR,SCA,S13,P51G,SI,2010-Q4,452.8
Q,MIO_EUR,SCA,S13,P51G,SI,2011-Q1,393.9
Q,MIO_EUR,SCA,S13,P51G,SI,2011-Q2,381
Q,MIO_EUR,SCA,S13,P51G,SI,2011-Q3,366.2
Q,MIO_EUR,SCA,S13,P51G,SI,2011-Q4,367.1
Q,MIO_EUR,SCA,S13,P51G,SI,2012-Q1,386.4
Q,MIO_EUR,SCA,S13,P51G,SI,2012-Q2,358.3
Q,MIO_EUR,SCA,S13,P51G,SI,2012-Q3,372.6
Q,MIO_EUR,SCA,S13,P51G,SI,2012-Q4,351.3
Q,MIO_EUR,SCA,S13,P51G,SI,2013-Q1,374.1
Q,MIO_EUR,SCA,S13,P51G,SI,2013-Q2,387.8
Q,MIO_EUR,SCA,S13,P51G,SI,2013-Q3,410.3
Q,MIO_EUR,SCA,S13,P51G,SI,2013-Q4,402.7
Q,MIO_EUR,SCA,S13,P51G,SI,2014-Q1,459.9
Q,MIO_EUR,SCA,S13,P51G,SI,2014-Q2,477.9
Q,MIO_EUR,SCA,S13,P51G,SI,2014-Q3,485.5
Q,MIO_EUR,SCA,S13,P51G,SI,2014-Q4,483.5
Q,MIO_EUR,SCA,S13,P51G,SI,2015-Q1,452.9
Q,MIO_EUR,SCA,S13,P51G,SI,2015-Q2,467
Q,MIO_EUR,SCA,S13,P51G,SI,2015-Q3,467.6
Q,MIO_EUR,SCA,S13,P51G,SI,2015-Q4,461.7
Q,MIO_EUR,SCA,S13,P51G,SI,2016-Q1,332.9
Q,MIO_EUR,SCA,S13,P51G,SI,2016-Q2,341.8
Q,MIO_EUR,SCA,S13,P51G,SI,2016-Q3,331.6
Q,MIO_EUR,SCA,S13,P51G,SI,2016-Q4,333.1
Q,MIO_EUR,SCA,S13,P51G,SI,2017-Q1,324
Q,MIO_EUR,SCA,S13,P51G,SI,2017-Q2,329.5
Q,MIO_EUR,SCA,S13,P51G,SI,2017-Q3,332.8
Q,MIO_EUR,SCA,S13,P51G,SI,2017-Q4,326.5
Q,MIO_EUR,SCA,S13,P51G,SI,2018-Q1,423.6
Q,MIO_EUR,SCA,S13,P51G,SI,2018-Q2,415
Q,MIO_EUR,SCA,S13,P51G,SI,2018-Q3,430.7
Q,MIO_EUR,SCA,S13,P51G,SI,2018-Q4,411.2
Q,MIO_EUR,SCA,S13,P51G,SI,2019-Q1,460.4
Q,MIO_EUR,SCA,S13,P51G,SI,2019-Q2,454.5
Q,MIO_EUR,SCA,S13,P51G,SI,2019-Q3,410.1
Q,MIO_EUR,SCA,S13,P51G,SI,2019-Q4,530.2
Q,MIO_EUR,SCA,S13,P51G,SI,2020-Q1,479.5
Q,MIO_EUR,SCA,S13,P51G,SI,2020-Q2,447.2
Q,MIO_EUR,SCA,S13,P51G,SI,2020-Q3,469.9
Q,MIO_EUR,SCA,S13,P51G,SI,2020-Q4,531.5
Q,MIO_EUR,SCA,S13,P51G,SI,2021-Q1,531.9
Q,MIO_EUR,SCA,S13,P51G,SI,2021-Q2,594.3
Q,MIO_EUR,SCA,S13,P51G,SI,2021-Q3,651.8
Q,MIO_EUR,SCA,S13,P51G,SI,2021-Q4,652.3
Q,MIO_EUR,SCA,S13,P51G,SI,2022-Q1,689.6
Q,MIO_EUR,SCA,S13,P51G,SI,2022-Q2,776.8
Q,MIO_EUR,SCA,S13,P51G,SI,2022-Q3,798.1
Q,MIO_EUR,SCA,S13,P51G,SI,2022-Q4,858
Q,MIO_EUR,SCA,S13,P51G,SI,2023-Q1,856.7
Q,MIO_EUR,SCA,S13,P51G,SI,2023-Q2,876.4
Q,MIO_EUR,SCA,S13,P51G,SI,2023-Q3,899.7
Q,MIO_EUR,SCA,S13,P51G,SI,2023-Q4,871.7
Q,MIO_EUR,SCA,S13,P51G,SI,2024-Q1,873.7
Q,MIO_EUR,SCA,S13,P51G,SI,2024-Q2,830.8
Q,MIO_EUR,SCA,S13,P51G,SI,2024-Q3,880
Q,MIO_EUR,SCA,S13,P51G,SI,2024-Q4,873.6
Q,MIO_EUR,SCA,S13,P51G,SI,2025-Q1,894.2
Q,MIO_EUR,SCA,S13,P51G,SI,2025-Q2,937.8
Q,MIO_EUR,SCA,S13,P51G,SI,2025-Q3,962
Q,MIO_EUR,SCA,S13,P51G,SI,2025-Q4,1121.5
Q,MIO_EUR,SCA,S13,P51G,SI,2026-Q1,1094.8
Q,MIO_EUR,SCA,S13,P51G,SK,1995-Q1,
Q,MIO_EUR,SCA,S13,P51G,SK,1995-Q2,
Q,MIO_EUR,SCA,S13,P51G,SK,1995-Q3,
Q,MIO_EUR,SCA,S13,P51G,SK,1995-Q4,
Q,MIO_EUR,SCA,S13,P51G,SK,1996-Q1,
Q,MIO_EUR,SCA,S13,P51G,SK,1996-Q2,
Q,MIO_EUR,SCA,S13,P51G,SK,1996-Q3,
Q,MIO_EUR,SCA,S13,P51G,SK,1996-Q4,
Q,MIO_EUR,SCA,S13,P51G,SK,1997-Q1,
Q,MIO_EUR,SCA,S13,P51G,SK,1997-Q2,
Q,MIO_EUR,SCA,S13,P51G,SK,1997-Q3,
Q,MIO_EUR,SCA,S13,P51G,SK,1997-Q4,
Q,MIO_EUR,SCA,S13,P51G,SK,1998-Q1,
Q,MIO_EUR,SCA,S13,P51G,SK,1998-Q2,
Q,MIO_EUR,SCA,S13,P51G,SK,1998-Q3,
Q,MIO_EUR,SCA,S13,P51G,SK,1998-Q4,
Q,MIO_EUR,SCA,S13,P51G,SK,1999-Q1,
Q,MIO_EUR,SCA,S13,P51G,SK,1999-Q2,
Q,MIO_EUR,SCA,S13,P51G,SK,1999-Q3,
Q,MIO_EUR,SCA,S13,P51G,SK,1999-Q4,
Q,MIO_EUR,SCA,S13,P51G,SK,2000-Q1,
Q,MIO_EUR,SCA,S13,P51G,SK,2000-Q2,
Q,MIO_EUR,SCA,S13,P51G,SK,2000-Q3,
Q,MIO_EUR,SCA,S13,P51G,SK,2000-Q4,
Q,MIO_EUR,SCA,S13,P51G,SK,2001-Q1,
Q,MIO_EUR,SCA,S13,P51G,SK,2001-Q2,
Q,MIO_EUR,SCA,S13,P51G,SK,2001-Q3,
Q,MIO_EUR,SCA,S13,P51G,SK,2001-Q4,
Q,MIO_EUR,SCA,S13,P51G,SK,2002-Q1,
Q,MIO_EUR,SCA,S13,P51G,SK,2002-Q2,
Q,MIO_EUR,SCA,S13,P51G,SK,2002-Q3,
Q,MIO_EUR,SCA,S13,P51G,SK,2002-Q4,
Q,MIO_EUR,SCA,S13,P51G,SK,2003-Q1,
Q,MIO_EUR,SCA,S13,P51G,SK,2003-Q2,
Q,MIO_EUR,SCA,S13,P51G,SK,2003-Q3,
Q,MIO_EUR,SCA,S13,P51G,SK,2003-Q4,
Q,MIO_EUR,SCA,S13,P51G,SK,2004-Q1,
Q,MIO_EUR,SCA,S13,P51G,SK,2004-Q2,
Q,MIO_EUR,SCA,S13,P51G,SK,2004-Q3,
Q,MIO_EUR,SCA,S13,P51G,SK,2004-Q4,
Q,MIO_EUR,SCA,S13,P51G,SK,2005-Q1,
Q,MIO_EUR,SCA,S13,P51G,SK,2005-Q2,
Q,MIO_EUR,SCA,S13,P51G,SK,2005-Q3,
Q,MIO_EUR,SCA,S13,P51G,SK,2005-Q4,
Q,MIO_EUR,SCA,S13,P51G,SK,2006-Q1,
Q,MIO_EUR,SCA,S13,P51G,SK,2006-Q2,
Q,MIO_EUR,SCA,S13,P51G,SK,2006-Q3,
Q,MIO_EUR,SCA,S13,P51G,SK,2006-Q4,
Q,MIO_EUR,SCA,S13,P51G,SK,2007-Q1,
Q,MIO_EUR,SCA,S13,P51G,SK,2007-Q2,
Q,MIO_EUR,SCA,S13,P51G,SK,2007-Q3,
Q,MIO_EUR,SCA,S13,P51G,SK,2007-Q4,
Q,MIO_EUR,SCA,S13,P51G,SK,2008-Q1,
Q,MIO_EUR,SCA,S13,P51G,SK,2008-Q2,
Q,MIO_EUR,SCA,S13,P51G,SK,2008-Q3,
Q,MIO_EUR,SCA,S13,P51G,SK,2008-Q4,
Q,MIO_EUR,SCA,S13,P51G,SK,2009-Q1,
Q,MIO_EUR,SCA,S13,P51G,SK,2009-Q2,
Q,MIO_EUR,SCA,S13,P51G,SK,2009-Q3,
Q,MIO_EUR,SCA,S13,P51G,SK,2009-Q4,
Q,MIO_EUR,SCA,S13,P51G,SK,2010-Q1,
Q,MIO_EUR,SCA,S13,P51G,SK,2010-Q2,
Q,MIO_EUR,SCA,S13,P51G,SK,2010-Q3,
Q,MIO_EUR,SCA,S13,P51G,SK,2010-Q4,
Q,MIO_EUR,SCA,S13,P51G,SK,2011-Q1,
Q,MIO_EUR,SCA,S13,P51G,SK,2011-Q2,
Q,MIO_EUR,SCA,S13,P51G,SK,2011-Q3,
Q,MIO_EUR,SCA,S13,P51G,SK,2011-Q4,
Q,MIO_EUR,SCA,S13,P51G,SK,2012-Q1,
Q,MIO_EUR,SCA,S13,P51G,SK,2012-Q2,
Q,MIO_EUR,SCA,S13,P51G,SK,2012-Q3,
Q,MIO_EUR,SCA,S13,P51G,SK,2012-Q4,
Q,MIO_EUR,SCA,S13,P51G,SK,2013-Q1,
Q,MIO_EUR,SCA,S13,P51G,SK,2013-Q2,
Q,MIO_EUR,SCA,S13,P51G,SK,2013-Q3,
Q,MIO_EUR,SCA,S13,P51G,SK,2013-Q4,
Q,MIO_EUR,SCA,S13,P51G,SK,2014-Q1,
Q,MIO_EUR,SCA,S13,P51G,SK,2014-Q2,
Q,MIO_EUR,SCA,S13,P51G,SK,2014-Q3,
Q,MIO_EUR,SCA,S13,P51G,SK,2014-Q4,
Q,MIO_EUR,SCA,S13,P51G,SK,2015-Q1,
Q,MIO_EUR,SCA,S13,P51G,SK,2015-Q2,
Q,MIO_EUR,SCA,S13,P51G,SK,2015-Q3,
Q,MIO_EUR,SCA,S13,P51G,SK,2015-Q4,
Q,MIO_EUR,SCA,S13,P51G,SK,2016-Q1,
Q,MIO_EUR,SCA,S13,P51G,SK,2016-Q2,
Q,MIO_EUR,SCA,S13,P51G,SK,2016-Q3,
Q,MIO_EUR,SCA,S13,P51G,SK,2016-Q4,
Q,MIO_EUR,SCA,S13,P51G,SK,2017-Q1,
Q,MIO_EUR,SCA,S13,P51G,SK,2017-Q2,
Q,MIO_EUR,SCA,S13,P51G,SK,2017-Q3,
Q,MIO_EUR,SCA,S13,P51G,SK,2017-Q4,
Q,MIO_EUR,SCA,S13,P51G,SK,2018-Q1,
Q,MIO_EUR,SCA,S13,P51G,SK,2018-Q2,
Q,MIO_EUR,SCA,S13,P51G,SK,2018-Q3,
Q,MIO_EUR,SCA,S13,P51G,SK,2018-Q4,
Q,MIO_EUR,SCA,S13,P51G,SK,2019-Q1,
Q,MIO_EUR,SCA,S13,P51G,SK,2019-Q2,
Q,MIO_EUR,SCA,S13,P51G,SK,2019-Q3,
Q,MIO_EUR,SCA,S13,P51G,SK,2019-Q4,
Q,MIO_EUR,SCA,S13,P51G,SK,2020-Q1,
Q,MIO_EUR,SCA,S13,P51G,SK,2020-Q2,
Q,MIO_EUR,SCA,S13,P51G,SK,2020-Q3,
Q,MIO_EUR,SCA,S13,P51G,SK,2020-Q4,
Q,MIO_EUR,SCA,S13,P51G,SK,2021-Q1,
Q,MIO_EUR,SCA,S13,P51G,SK,2021-Q2,
Q,MIO_EUR,SCA,S13,P51G,SK,2021-Q3,
Q,MIO_EUR,SCA,S13,P51G,SK,2021-Q4,
Q,MIO_EUR,SCA,S13,P51G,SK,2022-Q1,
Q,MIO_EUR,SCA,S13,P51G,SK,2022-Q2,
Q,MIO_EUR,SCA,S13,P51G,SK,2022-Q3,
Q,MIO_EUR,SCA,S13,P51G,SK,2022-Q4,
Q,MIO_EUR,SCA,S13,P51G,SK,2023-Q1,
Q,MIO_EUR,SCA,S13,P51G,SK,2023-Q2,
Q,MIO_EUR,SCA,S13,P51G,SK,2023-Q3,
Q,MIO_EUR,SCA,S13,P51G,SK,2023-Q4,
Q,MIO_EUR,SCA,S13,P51G,SK,2024-Q1,
Q,MIO_EUR,SCA,S13,P51G,SK,2024-Q2,
Q,MIO_EUR,SCA,S13,P51G,SK,2024-Q3,
Q,MIO_EUR,SCA,S13,P51G,SK,2024-Q4,
Q,MIO_EUR,SCA,S13,P51G,SK,2025-Q1,
Q,MIO_EUR,SCA,S13,P51G,SK,2025-Q2,
Q,MIO_EUR,SCA,S13,P51G,SK,2025-Q3,
Q,MIO_EUR,SCA,S13,P51G,SK,2025-Q4,
Q,MIO_EUR,SCA,S13,P51G,SK,2026-Q1,
Q,MIO_EUR,SCA,S13,P51G,FI,1995-Q1,
Q,MIO_EUR,SCA,S13,P51G,FI,1995-Q2,
Q,MIO_EUR,SCA,S13,P51G,FI,1995-Q3,
Q,MIO_EUR,SCA,S13,P51G,FI,1995-Q4,
Q,MIO_EUR,SCA,S13,P51G,FI,1996-Q1,
Q,MIO_EUR,SCA,S13,P51G,FI,1996-Q2,
Q,MIO_EUR,SCA,S13,P51G,FI,1996-Q3,
Q,MIO_EUR,SCA,S13,P51G,FI,1996-Q4,
Q,MIO_EUR,SCA,S13,P51G,FI,1997-Q1,
Q,MIO_EUR,SCA,S13,P51G,FI,1997-Q2,
Q,MIO_EUR,SCA,S13,P51G,FI,1997-Q3,
Q,MIO_EUR,SCA,S13,P51G,FI,1997-Q4,
Q,MIO_EUR,SCA,S13,P51G,FI,1998-Q1,
Q,MIO_EUR,SCA,S13,P51G,FI,1998-Q2,
Q,MIO_EUR,SCA,S13,P51G,FI,1998-Q3,
Q,MIO_EUR,SCA,S13,P51G,FI,1998-Q4,
Q,MIO_EUR,SCA,S13,P51G,FI,1999-Q1,1250
Q,MIO_EUR,SCA,S13,P51G,FI,1999-Q2,1270
Q,MIO_EUR,SCA,S13,P51G,FI,1999-Q3,1249
Q,MIO_EUR,SCA,S13,P51G,FI,1999-Q4,1227
Q,MIO_EUR,SCA,S13,P51G,FI,2000-Q1,1202
Q,MIO_EUR,SCA,S13,P51G,FI,2000-Q2,1203
Q,MIO_EUR,SCA,S13,P51G,FI,2000-Q3,1203
Q,MIO_EUR,SCA,S13,P51G,FI,2000-Q4,1201
Q,MIO_EUR,SCA,S13,P51G,FI,2001-Q1,1156
Q,MIO_EUR,SCA,S13,P51G,FI,2001-Q2,1212
Q,MIO_EUR,SCA,S13,P51G,FI,2001-Q3,1256
Q,MIO_EUR,SCA,S13,P51G,FI,2001-Q4,1297
Q,MIO_EUR,SCA,S13,P51G,FI,2002-Q1,1338
Q,MIO_EUR,SCA,S13,P51G,FI,2002-Q2,1372
Q,MIO_EUR,SCA,S13,P51G,FI,2002-Q3,1386
Q,MIO_EUR,SCA,S13,P51G,FI,2002-Q4,1391
Q,MIO_EUR,SCA,S13,P51G,FI,2003-Q1,1445
Q,MIO_EUR,SCA,S13,P51G,FI,2003-Q2,1475
Q,MIO_EUR,SCA,S13,P51G,FI,2003-Q3,1472
Q,MIO_EUR,SCA,S13,P51G,FI,2003-Q4,1475
Q,MIO_EUR,SCA,S13,P51G,FI,2004-Q1,1519
Q,MIO_EUR,SCA,S13,P51G,FI,2004-Q2,1559
Q,MIO_EUR,SCA,S13,P51G,FI,2004-Q3,1564
Q,MIO_EUR,SCA,S13,P51G,FI,2004-Q4,1563
Q,MIO_EUR,SCA,S13,P51G,FI,2005-Q1,1489
Q,MIO_EUR,SCA,S13,P51G,FI,2005-Q2,1507
Q,MIO_EUR,SCA,S13,P51G,FI,2005-Q3,1486
Q,MIO_EUR,SCA,S13,P51G,FI,2005-Q4,1437
Q,MIO_EUR,SCA,S13,P51G,FI,2006-Q1,1417
Q,MIO_EUR,SCA,S13,P51G,FI,2006-Q2,1428
Q,MIO_EUR,SCA,S13,P51G,FI,2006-Q3,1442
Q,MIO_EUR,SCA,S13,P51G,FI,2006-Q4,1490
Q,MIO_EUR,SCA,S13,P51G,FI,2007-Q1,1555
Q,MIO_EUR,SCA,S13,P51G,FI,2007-Q2,1623
Q,MIO_EUR,SCA,S13,P51G,FI,2007-Q3,1645
Q,MIO_EUR,SCA,S13,P51G,FI,2007-Q4,1695
Q,MIO_EUR,SCA,S13,P51G,FI,2008-Q1,1669
Q,MIO_EUR,SCA,S13,P51G,FI,2008-Q2,1750
Q,MIO_EUR,SCA,S13,P51G,FI,2008-Q3,1788
Q,MIO_EUR,SCA,S13,P51G,FI,2008-Q4,1758
Q,MIO_EUR,SCA,S13,P51G,FI,2009-Q1,1758
Q,MIO_EUR,SCA,S13,P51G,FI,2009-Q2,1756
Q,MIO_EUR,SCA,S13,P51G,FI,2009-Q3,1784
Q,MIO_EUR,SCA,S13,P51G,FI,2009-Q4,1824
Q,MIO_EUR,SCA,S13,P51G,FI,2010-Q1,1790
Q,MIO_EUR,SCA,S13,P51G,FI,2010-Q2,1734
Q,MIO_EUR,SCA,S13,P51G,FI,2010-Q3,1533
Q,MIO_EUR,SCA,S13,P51G,FI,2010-Q4,1828
Q,MIO_EUR,SCA,S13,P51G,FI,2011-Q1,1815
Q,MIO_EUR,SCA,S13,P51G,FI,2011-Q2,1828
Q,MIO_EUR,SCA,S13,P51G,FI,2011-Q3,1883
Q,MIO_EUR,SCA,S13,P51G,FI,2011-Q4,1962
Q,MIO_EUR,SCA,S13,P51G,FI,2012-Q1,1982
Q,MIO_EUR,SCA,S13,P51G,FI,2012-Q2,2049
Q,MIO_EUR,SCA,S13,P51G,FI,2012-Q3,2055
Q,MIO_EUR,SCA,S13,P51G,FI,2012-Q4,2012
Q,MIO_EUR,SCA,S13,P51G,FI,2013-Q1,2071
Q,MIO_EUR,SCA,S13,P51G,FI,2013-Q2,2113
Q,MIO_EUR,SCA,S13,P51G,FI,2013-Q3,2114
Q,MIO_EUR,SCA,S13,P51G,FI,2013-Q4,2202
Q,MIO_EUR,SCA,S13,P51G,FI,2014-Q1,2180
Q,MIO_EUR,SCA,S13,P51G,FI,2014-Q2,2213
Q,MIO_EUR,SCA,S13,P51G,FI,2014-Q3,2151
Q,MIO_EUR,SCA,S13,P51G,FI,2014-Q4,2123
Q,MIO_EUR,SCA,S13,P51G,FI,2015-Q1,2059
Q,MIO_EUR,SCA,S13,P51G,FI,2015-Q2,2050
Q,MIO_EUR,SCA,S13,P51G,FI,2015-Q3,1831
Q,MIO_EUR,SCA,S13,P51G,FI,2015-Q4,1968
Q,MIO_EUR,SCA,S13,P51G,FI,2016-Q1,1886
Q,MIO_EUR,SCA,S13,P51G,FI,2016-Q2,2453
Q,MIO_EUR,SCA,S13,P51G,FI,2016-Q3,2754
Q,MIO_EUR,SCA,S13,P51G,FI,2016-Q4,1924
Q,MIO_EUR,SCA,S13,P51G,FI,2017-Q1,2343
Q,MIO_EUR,SCA,S13,P51G,FI,2017-Q2,2069
Q,MIO_EUR,SCA,S13,P51G,FI,2017-Q3,2393
Q,MIO_EUR,SCA,S13,P51G,FI,2017-Q4,2409
Q,MIO_EUR,SCA,S13,P51G,FI,2018-Q1,2434
Q,MIO_EUR,SCA,S13,P51G,FI,2018-Q2,2449
Q,MIO_EUR,SCA,S13,P51G,FI,2018-Q3,2531
Q,MIO_EUR,SCA,S13,P51G,FI,2018-Q4,2568
Q,MIO_EUR,SCA,S13,P51G,FI,2019-Q1,2620
Q,MIO_EUR,SCA,S13,P51G,FI,2019-Q2,2648
Q,MIO_EUR,SCA,S13,P51G,FI,2019-Q3,2548
Q,MIO_EUR,SCA,S13,P51G,FI,2019-Q4,2697
Q,MIO_EUR,SCA,S13,P51G,FI,2020-Q1,2902
Q,MIO_EUR,SCA,S13,P51G,FI,2020-Q2,2948
Q,MIO_EUR,SCA,S13,P51G,FI,2020-Q3,2900
Q,MIO_EUR,SCA,S13,P51G,FI,2020-Q4,2761
Q,MIO_EUR,SCA,S13,P51G,FI,2021-Q1,2491
Q,MIO_EUR,SCA,S13,P51G,FI,2021-Q2,2740
Q,MIO_EUR,SCA,S13,P51G,FI,2021-Q3,2563
Q,MIO_EUR,SCA,S13,P51G,FI,2021-Q4,2709
Q,MIO_EUR,SCA,S13,P51G,FI,2022-Q1,2960
Q,MIO_EUR,SCA,S13,P51G,FI,2022-Q2,2601
Q,MIO_EUR,SCA,S13,P51G,FI,2022-Q3,2711
Q,MIO_EUR,SCA,S13,P51G,FI,2022-Q4,2753
Q,MIO_EUR,SCA,S13,P51G,FI,2023-Q1,2694
Q,MIO_EUR,SCA,S13,P51G,FI,2023-Q2,2715
Q,MIO_EUR,SCA,S13,P51G,FI,2023-Q3,2841
Q,MIO_EUR,SCA,S13,P51G,FI,2023-Q4,2796
Q,MIO_EUR,SCA,S13,P51G,FI,2024-Q1,2912
Q,MIO_EUR,SCA,S13,P51G,FI,2024-Q2,3098
Q,MIO_EUR,SCA,S13,P51G,FI,2024-Q3,3143
Q,MIO_EUR,SCA,S13,P51G,FI,2024-Q4,3183
Q,MIO_EUR,SCA,S13,P51G,FI,2025-Q1,2984
Q,MIO_EUR,SCA,S13,P51G,FI,2025-Q2,3176
Q,MIO_EUR,SCA,S13,P51G,FI,2025-Q3,3260
Q,MIO_EUR,SCA,S13,P51G,FI,2025-Q4,3340
Q,MIO_EUR,SCA,S13,P51G,FI,2026-Q1,3211
Q,MIO_EUR,SCA,S13,P51G,SE,1995-Q1,
Q,MIO_EUR,SCA,S13,P51G,SE,1995-Q2,
Q,MIO_EUR,SCA,S13,P51G,SE,1995-Q3,
Q,MIO_EUR,SCA,S13,P51G,SE,1995-Q4,
Q,MIO_EUR,SCA,S13,P51G,SE,1996-Q1,
Q,MIO_EUR,SCA,S13,P51G,SE,1996-Q2,
Q,MIO_EUR,SCA,S13,P51G,SE,1996-Q3,
Q,MIO_EUR,SCA,S13,P51G,SE,1996-Q4,
Q,MIO_EUR,SCA,S13,P51G,SE,1997-Q1,
Q,MIO_EUR,SCA,S13,P51G,SE,1997-Q2,
Q,MIO_EUR,SCA,S13,P51G,SE,1997-Q3,
Q,MIO_EUR,SCA,S13,P51G,SE,1997-Q4,
Q,MIO_EUR,SCA,S13,P51G,SE,1998-Q1,
Q,MIO_EUR,SCA,S13,P51G,SE,1998-Q2,
Q,MIO_EUR,SCA,S13,P51G,SE,1998-Q3,
Q,MIO_EUR,SCA,S13,P51G,SE,1998-Q4,
Q,MIO_EUR,SCA,S13,P51G,SE,1999-Q1,
Q,MIO_EUR,SCA,S13,P51G,SE,1999-Q2,
Q,MIO_EUR,SCA,S13,P51G,SE,1999-Q3,
Q,MIO_EUR,SCA,S13,P51G,SE,1999-Q4,
Q,MIO_EUR,SCA,S13,P51G,SE,2000-Q1,
Q,MIO_EUR,SCA,S13,P51G,SE,2000-Q2,
Q,MIO_EUR,SCA,S13,P51G,SE,2000-Q3,
Q,MIO_EUR,SCA,S13,P51G,SE,2000-Q4,
Q,MIO_EUR,SCA,S13,P51G,SE,2001-Q1,
Q,MIO_EUR,SCA,S13,P51G,SE,2001-Q2,
Q,MIO_EUR,SCA,S13,P51G,SE,2001-Q3,
Q,MIO_EUR,SCA,S13,P51G,SE,2001-Q4,
Q,MIO_EUR,SCA,S13,P51G,SE,2002-Q1,
Q,MIO_EUR,SCA,S13,P51G,SE,2002-Q2,
Q,MIO_EUR,SCA,S13,P51G,SE,2002-Q3,
Q,MIO_EUR,SCA,S13,P51G,SE,2002-Q4,
Q,MIO_EUR,SCA,S13,P51G,SE,2003-Q1,
Q,MIO_EUR,SCA,S13,P51G,SE,2003-Q2,
Q,MIO_EUR,SCA,S13,P51G,SE,2003-Q3,
Q,MIO_EUR,SCA,S13,P51G,SE,2003-Q4,
Q,MIO_EUR,SCA,S13,P51G,SE,2004-Q1,
Q,MIO_EUR,SCA,S13,P51G,SE,2004-Q2,
Q,MIO_EUR,SCA,S13,P51G,SE,2004-Q3,
Q,MIO_EUR,SCA,S13,P51G,SE,2004-Q4,
Q,MIO_EUR,SCA,S13,P51G,SE,2005-Q1,
Q,MIO_EUR,SCA,S13,P51G,SE,2005-Q2,
Q,MIO_EUR,SCA,S13,P51G,SE,2005-Q3,
Q,MIO_EUR,SCA,S13,P51G,SE,2005-Q4,
Q,MIO_EUR,SCA,S13,P51G,SE,2006-Q1,
Q,MIO_EUR,SCA,S13,P51G,SE,2006-Q2,
Q,MIO_EUR,SCA,S13,P51G,SE,2006-Q3,
Q,MIO_EUR,SCA,S13,P51G,SE,2006-Q4,
Q,MIO_EUR,SCA,S13,P51G,SE,2007-Q1,
Q,MIO_EUR,SCA,S13,P51G,SE,2007-Q2,
Q,MIO_EUR,SCA,S13,P51G,SE,2007-Q3,
Q,MIO_EUR,SCA,S13,P51G,SE,2007-Q4,
Q,MIO_EUR,SCA,S13,P51G,SE,2008-Q1,
Q,MIO_EUR,SCA,S13,P51G,SE,2008-Q2,
Q,MIO_EUR,SCA,S13,P51G,SE,2008-Q3,
Q,MIO_EUR,SCA,S13,P51G,SE,2008-Q4,
Q,MIO_EUR,SCA,S13,P51G,SE,2009-Q1,
Q,MIO_EUR,SCA,S13,P51G,SE,2009-Q2,
Q,MIO_EUR,SCA,S13,P51G,SE,2009-Q3,
Q,MIO_EUR,SCA,S13,P51G,SE,2009-Q4,
Q,MIO_EUR,SCA,S13,P51G,SE,2010-Q1,
Q,MIO_EUR,SCA,S13,P51G,SE,2010-Q2,
Q,MIO_EUR,SCA,S13,P51G,SE,2010-Q3,
Q,MIO_EUR,SCA,S13,P51G,SE,2010-Q4,
Q,MIO_EUR,SCA,S13,P51G,SE,2011-Q1,
Q,MIO_EUR,SCA,S13,P51G,SE,2011-Q2,
Q,MIO_EUR,SCA,S13,P51G,SE,2011-Q3,
Q,MIO_EUR,SCA,S13,P51G,SE,2011-Q4,
Q,MIO_EUR,SCA,S13,P51G,SE,2012-Q1,
Q,MIO_EUR,SCA,S13,P51G,SE,2012-Q2,
Q,MIO_EUR,SCA,S13,P51G,SE,2012-Q3,
Q,MIO_EUR,SCA,S13,P51G,SE,2012-Q4,
Q,MIO_EUR,SCA,S13,P51G,SE,2013-Q1,
Q,MIO_EUR,SCA,S13,P51G,SE,2013-Q2,
Q,MIO_EUR,SCA,S13,P51G,SE,2013-Q3,
Q,MIO_EUR,SCA,S13,P51G,SE,2013-Q4,
Q,MIO_EUR,SCA,S13,P51G,SE,2014-Q1,
Q,MIO_EUR,SCA,S13,P51G,SE,2014-Q2,
Q,MIO_EUR,SCA,S13,P51G,SE,2014-Q3,
Q,MIO_EUR,SCA,S13,P51G,SE,2014-Q4,
Q,MIO_EUR,SCA,S13,P51G,SE,2015-Q1,
Q,MIO_EUR,SCA,S13,P51G,SE,2015-Q2,
Q,MIO_EUR,SCA,S13,P51G,SE,2015-Q3,
Q,MIO_EUR,SCA,S13,P51G,SE,2015-Q4,
Q,MIO_EUR,SCA,S13,P51G,SE,2016-Q1,
Q,MIO_EUR,SCA,S13,P51G,SE,2016-Q2,
Q,MIO_EUR,SCA,S13,P51G,SE,2016-Q3,
Q,MIO_EUR,SCA,S13,P51G,SE,2016-Q4,
Q,MIO_EUR,SCA,S13,P51G,SE,2017-Q1,
Q,MIO_EUR,SCA,S13,P51G,SE,2017-Q2,
Q,MIO_EUR,SCA,S13,P51G,SE,2017-Q3,
Q,MIO_EUR,SCA,S13,P51G,SE,2017-Q4,
Q,MIO_EUR,SCA,S13,P51G,SE,2018-Q1,
Q,MIO_EUR,SCA,S13,P51G,SE,2018-Q2,
Q,MIO_EUR,SCA,S13,P51G,SE,2018-Q3,
Q,MIO_EUR,SCA,S13,P51G,SE,2018-Q4,
Q,MIO_EUR,SCA,S13,P51G,SE,2019-Q1,
Q,MIO_EUR,SCA,S13,P51G,SE,2019-Q2,
Q,MIO_EUR,SCA,S13,P51G,SE,2019-Q3,
Q,MIO_EUR,SCA,S13,P51G,SE,2019-Q4,
Q,MIO_EUR,SCA,S13,P51G,SE,2020-Q1,
Q,MIO_EUR,SCA,S13,P51G,SE,2020-Q2,
Q,MIO_EUR,SCA,S13,P51G,SE,2020-Q3,
Q,MIO_EUR,SCA,S13,P51G,SE,2020-Q4,
Q,MIO_EUR,SCA,S13,P51G,SE,2021-Q1,
Q,MIO_EUR,SCA,S13,P51G,SE,2021-Q2,
Q,MIO_EUR,SCA,S13,P51G,SE,2021-Q3,
Q,MIO_EUR,SCA,S13,P51G,SE,2021-Q4,
Q,MIO_EUR,SCA,S13,P51G,SE,2022-Q1,
Q,MIO_EUR,SCA,S13,P51G,SE,2022-Q2,
Q,MIO_EUR,SCA,S13,P51G,SE,2022-Q3,
Q,MIO_EUR,SCA,S13,P51G,SE,2022-Q4,
Q,MIO_EUR,SCA,S13,P51G,SE,2023-Q1,
Q,MIO_EUR,SCA,S13,P51G,SE,2023-Q2,
Q,MIO_EUR,SCA,S13,P51G,SE,2023-Q3,
Q,MIO_EUR,SCA,S13,P51G,SE,2023-Q4,
Q,MIO_EUR,SCA,S13,P51G,SE,2024-Q1,
Q,MIO_EUR,SCA,S13,P51G,SE,2024-Q2,
Q,MIO_EUR,SCA,S13,P51G,SE,2024-Q3,
Q,MIO_EUR,SCA,S13,P51G,SE,2024-Q4,
Q,MIO_EUR,SCA,S13,P51G,SE,2025-Q1,
Q,MIO_EUR,SCA,S13,P51G,SE,2025-Q2,
Q,MIO_EUR,SCA,S13,P51G,SE,2025-Q3,
Q,MIO_EUR,SCA,S13,P51G,SE,2025-Q4,
Q,MIO_EUR,SCA,S13,P51G,SE,2026-Q1,
Q,MIO_EUR,SCA,S13,P51G,IS,1995-Q1,
Q,MIO_EUR,SCA,S13,P51G,IS,1995-Q2,
Q,MIO_EUR,SCA,S13,P51G,IS,1995-Q3,
Q,MIO_EUR,SCA,S13,P51G,IS,1995-Q4,
Q,MIO_EUR,SCA,S13,P51G,IS,1996-Q1,
Q,MIO_EUR,SCA,S13,P51G,IS,1996-Q2,
Q,MIO_EUR,SCA,S13,P51G,IS,1996-Q3,
Q,MIO_EUR,SCA,S13,P51G,IS,1996-Q4,
Q,MIO_EUR,SCA,S13,P51G,IS,1997-Q1,
Q,MIO_EUR,SCA,S13,P51G,IS,1997-Q2,
Q,MIO_EUR,SCA,S13,P51G,IS,1997-Q3,
Q,MIO_EUR,SCA,S13,P51G,IS,1997-Q4,
Q,MIO_EUR,SCA,S13,P51G,IS,1998-Q1,
Q,MIO_EUR,SCA,S13,P51G,IS,1998-Q2,
Q,MIO_EUR,SCA,S13,P51G,IS,1998-Q3,
Q,MIO_EUR,SCA,S13,P51G,IS,1998-Q4,
Q,MIO_EUR,SCA,S13,P51G,IS,1999-Q1,
Q,MIO_EUR,SCA,S13,P51G,IS,1999-Q2,
Q,MIO_EUR,SCA,S13,P51G,IS,1999-Q3,
Q,MIO_EUR,SCA,S13,P51G,IS,1999-Q4,
Q,MIO_EUR,SCA,S13,P51G,IS,2000-Q1,
Q,MIO_EUR,SCA,S13,P51G,IS,2000-Q2,
Q,MIO_EUR,SCA,S13,P51G,IS,2000-Q3,
Q,MIO_EUR,SCA,S13,P51G,IS,2000-Q4,
Q,MIO_EUR,SCA,S13,P51G,IS,2001-Q1,
Q,MIO_EUR,SCA,S13,P51G,IS,2001-Q2,
Q,MIO_EUR,SCA,S13,P51G,IS,2001-Q3,
Q,MIO_EUR,SCA,S13,P51G,IS,2001-Q4,
Q,MIO_EUR,SCA,S13,P51G,IS,2002-Q1,
Q,MIO_EUR,SCA,S13,P51G,IS,2002-Q2,
Q,MIO_EUR,SCA,S13,P51G,IS,2002-Q3,
Q,MIO_EUR,SCA,S13,P51G,IS,2002-Q4,
Q,MIO_EUR,SCA,S13,P51G,IS,2003-Q1,
Q,MIO_EUR,SCA,S13,P51G,IS,2003-Q2,
Q,MIO_EUR,SCA,S13,P51G,IS,2003-Q3,
Q,MIO_EUR,SCA,S13,P51G,IS,2003-Q4,
Q,MIO_EUR,SCA,S13,P51G,IS,2004-Q1,
Q,MIO_EUR,SCA,S13,P51G,IS,2004-Q2,
Q,MIO_EUR,SCA,S13,P51G,IS,2004-Q3,
Q,MIO_EUR,SCA,S13,P51G,IS,2004-Q4,
Q,MIO_EUR,SCA,S13,P51G,IS,2005-Q1,
Q,MIO_EUR,SCA,S13,P51G,IS,2005-Q2,
Q,MIO_EUR,SCA,S13,P51G,IS,2005-Q3,
Q,MIO_EUR,SCA,S13,P51G,IS,2005-Q4,
Q,MIO_EUR,SCA,S13,P51G,IS,2006-Q1,
Q,MIO_EUR,SCA,S13,P51G,IS,2006-Q2,
Q,MIO_EUR,SCA,S13,P51G,IS,2006-Q3,
Q,MIO_EUR,SCA,S13,P51G,IS,2006-Q4,
Q,MIO_EUR,SCA,S13,P51G,IS,2007-Q1,
Q,MIO_EUR,SCA,S13,P51G,IS,2007-Q2,
Q,MIO_EUR,SCA,S13,P51G,IS,2007-Q3,
Q,MIO_EUR,SCA,S13,P51G,IS,2007-Q4,
Q,MIO_EUR,SCA,S13,P51G,IS,2008-Q1,
Q,MIO_EUR,SCA,S13,P51G,IS,2008-Q2,
Q,MIO_EUR,SCA,S13,P51G,IS,2008-Q3,
Q,MIO_EUR,SCA,S13,P51G,IS,2008-Q4,
Q,MIO_EUR,SCA,S13,P51G,IS,2009-Q1,
Q,MIO_EUR,SCA,S13,P51G,IS,2009-Q2,
Q,MIO_EUR,SCA,S13,P51G,IS,2009-Q3,
Q,MIO_EUR,SCA,S13,P51G,IS,2009-Q4,
Q,MIO_EUR,SCA,S13,P51G,IS,2010-Q1,
Q,MIO_EUR,SCA,S13,P51G,IS,2010-Q2,
Q,MIO_EUR,SCA,S13,P51G,IS,2010-Q3,
Q,MIO_EUR,SCA,S13,P51G,IS,2010-Q4,
Q,MIO_EUR,SCA,S13,P51G,IS,2011-Q1,
Q,MIO_EUR,SCA,S13,P51G,IS,2011-Q2,
Q,MIO_EUR,SCA,S13,P51G,IS,2011-Q3,
Q,MIO_EUR,SCA,S13,P51G,IS,2011-Q4,
Q,MIO_EUR,SCA,S13,P51G,IS,2012-Q1,
Q,MIO_EUR,SCA,S13,P51G,IS,2012-Q2,
Q,MIO_EUR,SCA,S13,P51G,IS,2012-Q3,
Q,MIO_EUR,SCA,S13,P51G,IS,2012-Q4,
Q,MIO_EUR,SCA,S13,P51G,IS,2013-Q1,
Q,MIO_EUR,SCA,S13,P51G,IS,2013-Q2,
Q,MIO_EUR,SCA,S13,P51G,IS,2013-Q3,
Q,MIO_EUR,SCA,S13,P51G,IS,2013-Q4,
Q,MIO_EUR,SCA,S13,P51G,IS,2014-Q1,
Q,MIO_EUR,SCA,S13,P51G,IS,2014-Q2,
Q,MIO_EUR,SCA,S13,P51G,IS,2014-Q3,
Q,MIO_EUR,SCA,S13,P51G,IS,2014-Q4,
Q,MIO_EUR,SCA,S13,P51G,IS,2015-Q1,
Q,MIO_EUR,SCA,S13,P51G,IS,2015-Q2,
Q,MIO_EUR,SCA,S13,P51G,IS,2015-Q3,
Q,MIO_EUR,SCA,S13,P51G,IS,2015-Q4,
Q,MIO_EUR,SCA,S13,P51G,IS,2016-Q1,
Q,MIO_EUR,SCA,S13,P51G,IS,2016-Q2,
Q,MIO_EUR,SCA,S13,P51G,IS,2016-Q3,
Q,MIO_EUR,SCA,S13,P51G,IS,2016-Q4,
Q,MIO_EUR,SCA,S13,P51G,IS,2017-Q1,
Q,MIO_EUR,SCA,S13,P51G,IS,2017-Q2,
Q,MIO_EUR,SCA,S13,P51G,IS,2017-Q3,
Q,MIO_EUR,SCA,S13,P51G,IS,2017-Q4,
Q,MIO_EUR,SCA,S13,P51G,IS,2018-Q1,
Q,MIO_EUR,SCA,S13,P51G,IS,2018-Q2,
Q,MIO_EUR,SCA,S13,P51G,IS,2018-Q3,
Q,MIO_EUR,SCA,S13,P51G,IS,2018-Q4,
Q,MIO_EUR,SCA,S13,P51G,IS,2019-Q1,
Q,MIO_EUR,SCA,S13,P51G,IS,2019-Q2,
Q,MIO_EUR,SCA,S13,P51G,IS,2019-Q3,
Q,MIO_EUR,SCA,S13,P51G,IS,2019-Q4,
Q,MIO_EUR,SCA,S13,P51G,IS,2020-Q1,
Q,MIO_EUR,SCA,S13,P51G,IS,2020-Q2,
Q,MIO_EUR,SCA,S13,P51G,IS,2020-Q3,
Q,MIO_EUR,SCA,S13,P51G,IS,2020-Q4,
Q,MIO_EUR,SCA,S13,P51G,IS,2021-Q1,
Q,MIO_EUR,SCA,S13,P51G,IS,2021-Q2,
Q,MIO_EUR,SCA,S13,P51G,IS,2021-Q3,
Q,MIO_EUR,SCA,S13,P51G,IS,2021-Q4,
Q,MIO_EUR,SCA,S13,P51G,IS,2022-Q1,
Q,MIO_EUR,SCA,S13,P51G,IS,2022-Q2,
Q,MIO_EUR,SCA,S13,P51G,IS,2022-Q3,
Q,MIO_EUR,SCA,S13,P51G,IS,2022-Q4,
Q,MIO_EUR,SCA,S13,P51G,IS,2023-Q1,
Q,MIO_EUR,SCA,S13,P51G,IS,2023-Q2,
Q,MIO_EUR,SCA,S13,P51G,IS,2023-Q3,
Q,MIO_EUR,SCA,S13,P51G,IS,2023-Q4,
Q,MIO_EUR,SCA,S13,P51G,IS,2024-Q1,
Q,MIO_EUR,SCA,S13,P51G,IS,2024-Q2,
Q,MIO_EUR,SCA,S13,P51G,IS,2024-Q3,
Q,MIO_EUR,SCA,S13,P51G,IS,2024-Q4,
Q,MIO_EUR,SCA,S13,P51G,IS,2025-Q1,
Q,MIO_EUR,SCA,S13,P51G,IS,2025-Q2,
Q,MIO_EUR,SCA,S13,P51G,IS,2025-Q3,
Q,MIO_EUR,SCA,S13,P51G,IS,2025-Q4,
Q,MIO_EUR,SCA,S13,P51G,IS,2026-Q1,
Q,MIO_EUR,SCA,S13,P51G,NO,1995-Q1,
Q,MIO_EUR,SCA,S13,P51G,NO,1995-Q2,
Q,MIO_EUR,SCA,S13,P51G,NO,1995-Q3,
Q,MIO_EUR,SCA,S13,P51G,NO,1995-Q4,
Q,MIO_EUR,SCA,S13,P51G,NO,1996-Q1,
Q,MIO_EUR,SCA,S13,P51G,NO,1996-Q2,
Q,MIO_EUR,SCA,S13,P51G,NO,1996-Q3,
Q,MIO_EUR,SCA,S13,P51G,NO,1996-Q4,
Q,MIO_EUR,SCA,S13,P51G,NO,1997-Q1,
Q,MIO_EUR,SCA,S13,P51G,NO,1997-Q2,
Q,MIO_EUR,SCA,S13,P51G,NO,1997-Q3,
Q,MIO_EUR,SCA,S13,P51G,NO,1997-Q4,
Q,MIO_EUR,SCA,S13,P51G,NO,1998-Q1,
Q,MIO_EUR,SCA,S13,P51G,NO,1998-Q2,
Q,MIO_EUR,SCA,S13,P51G,NO,1998-Q3,
Q,MIO_EUR,SCA,S13,P51G,NO,1998-Q4,
Q,MIO_EUR,SCA,S13,P51G,NO,1999-Q1,
Q,MIO_EUR,SCA,S13,P51G,NO,1999-Q2,
Q,MIO_EUR,SCA,S13,P51G,NO,1999-Q3,
Q,MIO_EUR,SCA,S13,P51G,NO,1999-Q4,
Q,MIO_EUR,SCA,S13,P51G,NO,2000-Q1,
Q,MIO_EUR,SCA,S13,P51G,NO,2000-Q2,
Q,MIO_EUR,SCA,S13,P51G,NO,2000-Q3,
Q,MIO_EUR,SCA,S13,P51G,NO,2000-Q4,
Q,MIO_EUR,SCA,S13,P51G,NO,2001-Q1,
Q,MIO_EUR,SCA,S13,P51G,NO,2001-Q2,
Q,MIO_EUR,SCA,S13,P51G,NO,2001-Q3,
Q,MIO_EUR,SCA,S13,P51G,NO,2001-Q4,
Q,MIO_EUR,SCA,S13,P51G,NO,2002-Q1,
Q,MIO_EUR,SCA,S13,P51G,NO,2002-Q2,
Q,MIO_EUR,SCA,S13,P51G,NO,2002-Q3,
Q,MIO_EUR,SCA,S13,P51G,NO,2002-Q4,
Q,MIO_EUR,SCA,S13,P51G,NO,2003-Q1,
Q,MIO_EUR,SCA,S13,P51G,NO,2003-Q2,
Q,MIO_EUR,SCA,S13,P51G,NO,2003-Q3,
Q,MIO_EUR,SCA,S13,P51G,NO,2003-Q4,
Q,MIO_EUR,SCA,S13,P51G,NO,2004-Q1,
Q,MIO_EUR,SCA,S13,P51G,NO,2004-Q2,
Q,MIO_EUR,SCA,S13,P51G,NO,2004-Q3,
Q,MIO_EUR,SCA,S13,P51G,NO,2004-Q4,
Q,MIO_EUR,SCA,S13,P51G,NO,2005-Q1,
Q,MIO_EUR,SCA,S13,P51G,NO,2005-Q2,
Q,MIO_EUR,SCA,S13,P51G,NO,2005-Q3,
Q,MIO_EUR,SCA,S13,P51G,NO,2005-Q4,
Q,MIO_EUR,SCA,S13,P51G,NO,2006-Q1,
Q,MIO_EUR,SCA,S13,P51G,NO,2006-Q2,
Q,MIO_EUR,SCA,S13,P51G,NO,2006-Q3,
Q,MIO_EUR,SCA,S13,P51G,NO,2006-Q4,
Q,MIO_EUR,SCA,S13,P51G,NO,2007-Q1,
Q,MIO_EUR,SCA,S13,P51G,NO,2007-Q2,
Q,MIO_EUR,SCA,S13,P51G,NO,2007-Q3,
Q,MIO_EUR,SCA,S13,P51G,NO,2007-Q4,
Q,MIO_EUR,SCA,S13,P51G,NO,2008-Q1,
Q,MIO_EUR,SCA,S13,P51G,NO,2008-Q2,
Q,MIO_EUR,SCA,S13,P51G,NO,2008-Q3,
Q,MIO_EUR,SCA,S13,P51G,NO,2008-Q4,
Q,MIO_EUR,SCA,S13,P51G,NO,2009-Q1,
Q,MIO_EUR,SCA,S13,P51G,NO,2009-Q2,
Q,MIO_EUR,SCA,S13,P51G,NO,2009-Q3,
Q,MIO_EUR,SCA,S13,P51G,NO,2009-Q4,
Q,MIO_EUR,SCA,S13,P51G,NO,2010-Q1,
Q,MIO_EUR,SCA,S13,P51G,NO,2010-Q2,
Q,MIO_EUR,SCA,S13,P51G,NO,2010-Q3,
Q,MIO_EUR,SCA,S13,P51G,NO,2010-Q4,
Q,MIO_EUR,SCA,S13,P51G,NO,2011-Q1,
Q,MIO_EUR,SCA,S13,P51G,NO,2011-Q2,
Q,MIO_EUR,SCA,S13,P51G,NO,2011-Q3,
Q,MIO_EUR,SCA,S13,P51G,NO,2011-Q4,
Q,MIO_EUR,SCA,S13,P51G,NO,2012-Q1,
Q,MIO_EUR,SCA,S13,P51G,NO,2012-Q2,
Q,MIO_EUR,SCA,S13,P51G,NO,2012-Q3,
Q,MIO_EUR,SCA,S13,P51G,NO,2012-Q4,
Q,MIO_EUR,SCA,S13,P51G,NO,2013-Q1,
Q,MIO_EUR,SCA,S13,P51G,NO,2013-Q2,
Q,MIO_EUR,SCA,S13,P51G,NO,2013-Q3,
Q,MIO_EUR,SCA,S13,P51G,NO,2013-Q4,
Q,MIO_EUR,SCA,S13,P51G,NO,2014-Q1,
Q,MIO_EUR,SCA,S13,P51G,NO,2014-Q2,
Q,MIO_EUR,SCA,S13,P51G,NO,2014-Q3,
Q,MIO_EUR,SCA,S13,P51G,NO,2014-Q4,
Q,MIO_EUR,SCA,S13,P51G,NO,2015-Q1,
Q,MIO_EUR,SCA,S13,P51G,NO,2015-Q2,
Q,MIO_EUR,SCA,S13,P51G,NO,2015-Q3,
Q,MIO_EUR,SCA,S13,P51G,NO,2015-Q4,
Q,MIO_EUR,SCA,S13,P51G,NO,2016-Q1,
Q,MIO_EUR,SCA,S13,P51G,NO,2016-Q2,
Q,MIO_EUR,SCA,S13,P51G,NO,2016-Q3,
Q,MIO_EUR,SCA,S13,P51G,NO,2016-Q4,
Q,MIO_EUR,SCA,S13,P51G,NO,2017-Q1,
Q,MIO_EUR,SCA,S13,P51G,NO,2017-Q2,
Q,MIO_EUR,SCA,S13,P51G,NO,2017-Q3,
Q,MIO_EUR,SCA,S13,P51G,NO,2017-Q4,
Q,MIO_EUR,SCA,S13,P51G,NO,2018-Q1,
Q,MIO_EUR,SCA,S13,P51G,NO,2018-Q2,
Q,MIO_EUR,SCA,S13,P51G,NO,2018-Q3,
Q,MIO_EUR,SCA,S13,P51G,NO,2018-Q4,
Q,MIO_EUR,SCA,S13,P51G,NO,2019-Q1,
Q,MIO_EUR,SCA,S13,P51G,NO,2019-Q2,
Q,MIO_EUR,SCA,S13,P51G,NO,2019-Q3,
Q,MIO_EUR,SCA,S13,P51G,NO,2019-Q4,
Q,MIO_EUR,SCA,S13,P51G,NO,2020-Q1,
Q,MIO_EUR,SCA,S13,P51G,NO,2020-Q2,
Q,MIO_EUR,SCA,S13,P51G,NO,2020-Q3,
Q,MIO_EUR,SCA,S13,P51G,NO,2020-Q4,
Q,MIO_EUR,SCA,S13,P51G,NO,2021-Q1,
Q,MIO_EUR,SCA,S13,P51G,NO,2021-Q2,
Q,MIO_EUR,SCA,S13,P51G,NO,2021-Q3,
Q,MIO_EUR,SCA,S13,P51G,NO,2021-Q4,
Q,MIO_EUR,SCA,S13,P51G,NO,2022-Q1,
Q,MIO_EUR,SCA,S13,P51G,NO,2022-Q2,
Q,MIO_EUR,SCA,S13,P51G,NO,2022-Q3,
Q,MIO_EUR,SCA,S13,P51G,NO,2022-Q4,
Q,MIO_EUR,SCA,S13,P51G,NO,2023-Q1,
Q,MIO_EUR,SCA,S13,P51G,NO,2023-Q2,
Q,MIO_EUR,SCA,S13,P51G,NO,2023-Q3,
Q,MIO_EUR,SCA,S13,P51G,NO,2023-Q4,
Q,MIO_EUR,SCA,S13,P51G,NO,2024-Q1,
Q,MIO_EUR,SCA,S13,P51G,NO,2024-Q2,
Q,MIO_EUR,SCA,S13,P51G,NO,2024-Q3,
Q,MIO_EUR,SCA,S13,P51G,NO,2024-Q4,
Q,MIO_EUR,SCA,S13,P51G,NO,2025-Q1,
Q,MIO_EUR,SCA,S13,P51G,NO,2025-Q2,
Q,MIO_EUR,SCA,S13,P51G,NO,2025-Q3,
Q,MIO_EUR,SCA,S13,P51G,NO,2025-Q4,
Q,MIO_EUR,SCA,S13,P51G,NO,2026-Q1,
Q,MIO_EUR,SCA,S13,P51G,CH,1995-Q1,
Q,MIO_EUR,SCA,S13,P51G,CH,1995-Q2,
Q,MIO_EUR,SCA,S13,P51G,CH,1995-Q3,
Q,MIO_EUR,SCA,S13,P51G,CH,1995-Q4,
Q,MIO_EUR,SCA,S13,P51G,CH,1996-Q1,
Q,MIO_EUR,SCA,S13,P51G,CH,1996-Q2,
Q,MIO_EUR,SCA,S13,P51G,CH,1996-Q3,
Q,MIO_EUR,SCA,S13,P51G,CH,1996-Q4,
Q,MIO_EUR,SCA,S13,P51G,CH,1997-Q1,
Q,MIO_EUR,SCA,S13,P51G,CH,1997-Q2,
Q,MIO_EUR,SCA,S13,P51G,CH,1997-Q3,
Q,MIO_EUR,SCA,S13,P51G,CH,1997-Q4,
Q,MIO_EUR,SCA,S13,P51G,CH,1998-Q1,
Q,MIO_EUR,SCA,S13,P51G,CH,1998-Q2,
Q,MIO_EUR,SCA,S13,P51G,CH,1998-Q3,
Q,MIO_EUR,SCA,S13,P51G,CH,1998-Q4,
Q,MIO_EUR,SCA,S13,P51G,CH,1999-Q1,
Q,MIO_EUR,SCA,S13,P51G,CH,1999-Q2,
Q,MIO_EUR,SCA,S13,P51G,CH,1999-Q3,
Q,MIO_EUR,SCA,S13,P51G,CH,1999-Q4,
Q,MIO_EUR,SCA,S13,P51G,CH,2000-Q1,
Q,MIO_EUR,SCA,S13,P51G,CH,2000-Q2,
Q,MIO_EUR,SCA,S13,P51G,CH,2000-Q3,
Q,MIO_EUR,SCA,S13,P51G,CH,2000-Q4,
Q,MIO_EUR,SCA,S13,P51G,CH,2001-Q1,
Q,MIO_EUR,SCA,S13,P51G,CH,2001-Q2,
Q,MIO_EUR,SCA,S13,P51G,CH,2001-Q3,
Q,MIO_EUR,SCA,S13,P51G,CH,2001-Q4,
Q,MIO_EUR,SCA,S13,P51G,CH,2002-Q1,
Q,MIO_EUR,SCA,S13,P51G,CH,2002-Q2,
Q,MIO_EUR,SCA,S13,P51G,CH,2002-Q3,
Q,MIO_EUR,SCA,S13,P51G,CH,2002-Q4,
Q,MIO_EUR,SCA,S13,P51G,CH,2003-Q1,
Q,MIO_EUR,SCA,S13,P51G,CH,2003-Q2,
Q,MIO_EUR,SCA,S13,P51G,CH,2003-Q3,
Q,MIO_EUR,SCA,S13,P51G,CH,2003-Q4,
Q,MIO_EUR,SCA,S13,P51G,CH,2004-Q1,
Q,MIO_EUR,SCA,S13,P51G,CH,2004-Q2,
Q,MIO_EUR,SCA,S13,P51G,CH,2004-Q3,
Q,MIO_EUR,SCA,S13,P51G,CH,2004-Q4,
Q,MIO_EUR,SCA,S13,P51G,CH,2005-Q1,
Q,MIO_EUR,SCA,S13,P51G,CH,2005-Q2,
Q,MIO_EUR,SCA,S13,P51G,CH,2005-Q3,
Q,MIO_EUR,SCA,S13,P51G,CH,2005-Q4,
Q,MIO_EUR,SCA,S13,P51G,CH,2006-Q1,
Q,MIO_EUR,SCA,S13,P51G,CH,2006-Q2,
Q,MIO_EUR,SCA,S13,P51G,CH,2006-Q3,
Q,MIO_EUR,SCA,S13,P51G,CH,2006-Q4,
Q,MIO_EUR,SCA,S13,P51G,CH,2007-Q1,
Q,MIO_EUR,SCA,S13,P51G,CH,2007-Q2,
Q,MIO_EUR,SCA,S13,P51G,CH,2007-Q3,
Q,MIO_EUR,SCA,S13,P51G,CH,2007-Q4,
Q,MIO_EUR,SCA,S13,P51G,CH,2008-Q1,
Q,MIO_EUR,SCA,S13,P51G,CH,2008-Q2,
Q,MIO_EUR,SCA,S13,P51G,CH,2008-Q3,
Q,MIO_EUR,SCA,S13,P51G,CH,2008-Q4,
Q,MIO_EUR,SCA,S13,P51G,CH,2009-Q1,
Q,MIO_EUR,SCA,S13,P51G,CH,2009-Q2,
Q,MIO_EUR,SCA,S13,P51G,CH,2009-Q3,
Q,MIO_EUR,SCA,S13,P51G,CH,2009-Q4,
Q,MIO_EUR,SCA,S13,P51G,CH,2010-Q1,
Q,MIO_EUR,SCA,S13,P51G,CH,2010-Q2,
Q,MIO_EUR,SCA,S13,P51G,CH,2010-Q3,
Q,MIO_EUR,SCA,S13,P51G,CH,2010-Q4,
Q,MIO_EUR,SCA,S13,P51G,CH,2011-Q1,
Q,MIO_EUR,SCA,S13,P51G,CH,2011-Q2,
Q,MIO_EUR,SCA,S13,P51G,CH,2011-Q3,
Q,MIO_EUR,SCA,S13,P51G,CH,2011-Q4,
Q,MIO_EUR,SCA,S13,P51G,CH,2012-Q1,
Q,MIO_EUR,SCA,S13,P51G,CH,2012-Q2,
Q,MIO_EUR,SCA,S13,P51G,CH,2012-Q3,
Q,MIO_EUR,SCA,S13,P51G,CH,2012-Q4,
Q,MIO_EUR,SCA,S13,P51G,CH,2013-Q1,
Q,MIO_EUR,SCA,S13,P51G,CH,2013-Q2,
Q,MIO_EUR,SCA,S13,P51G,CH,2013-Q3,
Q,MIO_EUR,SCA,S13,P51G,CH,2013-Q4,
Q,MIO_EUR,SCA,S13,P51G,CH,2014-Q1,
Q,MIO_EUR,SCA,S13,P51G,CH,2014-Q2,
Q,MIO_EUR,SCA,S13,P51G,CH,2014-Q3,
Q,MIO_EUR,SCA,S13,P51G,CH,2014-Q4,
Q,MIO_EUR,SCA,S13,P51G,CH,2015-Q1,
Q,MIO_EUR,SCA,S13,P51G,CH,2015-Q2,
Q,MIO_EUR,SCA,S13,P51G,CH,2015-Q3,
Q,MIO_EUR,SCA,S13,P51G,CH,2015-Q4,
Q,MIO_EUR,SCA,S13,P51G,CH,2016-Q1,
Q,MIO_EUR,SCA,S13,P51G,CH,2016-Q2,
Q,MIO_EUR,SCA,S13,P51G,CH,2016-Q3,
Q,MIO_EUR,SCA,S13,P51G,CH,2016-Q4,
Q,MIO_EUR,SCA,S13,P51G,CH,2017-Q1,
Q,MIO_EUR,SCA,S13,P51G,CH,2017-Q2,
Q,MIO_EUR,SCA,S13,P51G,CH,2017-Q3,
Q,MIO_EUR,SCA,S13,P51G,CH,2017-Q4,
Q,MIO_EUR,SCA,S13,P51G,CH,2018-Q1,
Q,MIO_EUR,SCA,S13,P51G,CH,2018-Q2,
Q,MIO_EUR,SCA,S13,P51G,CH,2018-Q3,
Q,MIO_EUR,SCA,S13,P51G,CH,2018-Q4,
Q,MIO_EUR,SCA,S13,P51G,CH,2019-Q1,
Q,MIO_EUR,SCA,S13,P51G,CH,2019-Q2,
Q,MIO_EUR,SCA,S13,P51G,CH,2019-Q3,
Q,MIO_EUR,SCA,S13,P51G,CH,2019-Q4,
Q,MIO_EUR,SCA,S13,P51G,CH,2020-Q1,
Q,MIO_EUR,SCA,S13,P51G,CH,2020-Q2,
Q,MIO_EUR,SCA,S13,P51G,CH,2020-Q3,
Q,MIO_EUR,SCA,S13,P51G,CH,2020-Q4,
Q,MIO_EUR,SCA,S13,P51G,CH,2021-Q1,
Q,MIO_EUR,SCA,S13,P51G,CH,2021-Q2,
Q,MIO_EUR,SCA,S13,P51G,CH,2021-Q3,
Q,MIO_EUR,SCA,S13,P51G,CH,2021-Q4,
Q,MIO_EUR,SCA,S13,P51G,CH,2022-Q1,
Q,MIO_EUR,SCA,S13,P51G,CH,2022-Q2,
Q,MIO_EUR,SCA,S13,P51G,CH,2022-Q3,
Q,MIO_EUR,SCA,S13,P51G,CH,2022-Q4,
Q,MIO_EUR,SCA,S13,P51G,CH,2023-Q1,
Q,MIO_EUR,SCA,S13,P51G,CH,2023-Q2,
Q,MIO_EUR,SCA,S13,P51G,CH,2023-Q3,
Q,MIO_EUR,SCA,S13,P51G,CH,2023-Q4,
Q,MIO_EUR,SCA,S13,P51G,CH,2024-Q1,
Q,MIO_EUR,SCA,S13,P51G,CH,2024-Q2,
Q,MIO_EUR,SCA,S13,P51G,CH,2024-Q3,
Q,MIO_EUR,SCA,S13,P51G,CH,2024-Q4,
Q,MIO_EUR,SCA,S13,P51G,CH,2025-Q1,
Q,MIO_EUR,SCA,S13,P51G,CH,2025-Q2,
Q,MIO_EUR,SCA,S13,P51G,CH,2025-Q3,
Q,MIO_EUR,SCA,S13,P51G,CH,2025-Q4,
Q,MIO_EUR,SCA,S13,P51G,CH,2026-Q1,
Q,MIO_EUR,SCA,S13,TE,EU27_2020,1995-Q1,
Q,MIO_EUR,SCA,S13,TE,EU27_2020,1995-Q2,
Q,MIO_EUR,SCA,S13,TE,EU27_2020,1995-Q3,
Q,MIO_EUR,SCA,S13,TE,EU27_2020,1995-Q4,
Q,MIO_EUR,SCA,S13,TE,EU27_2020,1996-Q1,
Q,MIO_EUR,SCA,S13,TE,EU27_2020,1996-Q2,
Q,MIO_EUR,SCA,S13,TE,EU27_2020,1996-Q3,
Q,MIO_EUR,SCA,S13,TE,EU27_2020,1996-Q4,
Q,MIO_EUR,SCA,S13,TE,EU27_2020,1997-Q1,
Q,MIO_EUR,SCA,S13,TE,EU27_2020,1997-Q2,
Q,MIO_EUR,SCA,S13,TE,EU27_2020,1997-Q3,
Q,MIO_EUR,SCA,S13,TE,EU27_2020,1997-Q4,
Q,MIO_EUR,SCA,S13,TE,EU27_2020,1998-Q1,
Q,MIO_EUR,SCA,S13,TE,EU27_2020,1998-Q2,
Q,MIO_EUR,SCA,S13,TE,EU27_2020,1998-Q3,
Q,MIO_EUR,SCA,S13,TE,EU27_2020,1998-Q4,
Q,MIO_EUR,SCA,S13,TE,EU27_2020,1999-Q1,
Q,MIO_EUR,SCA,S13,TE,EU27_2020,1999-Q2,
Q,MIO_EUR,SCA,S13,TE,EU27_2020,1999-Q3,
Q,MIO_EUR,SCA,S13,TE,EU27_2020,1999-Q4,
Q,MIO_EUR,SCA,S13,TE,EU27_2020,2000-Q1,
Q,MIO_EUR,SCA,S13,TE,EU27_2020,2000-Q2,
Q,MIO_EUR,SCA,S13,TE,EU27_2020,2000-Q3,
Q,MIO_EUR,SCA,S13,TE,EU27_2020,2000-Q4,
Q,MIO_EUR,SCA,S13,TE,EU27_2020,2001-Q1,
Q,MIO_EUR,SCA,S13,TE,EU27_2020,2001-Q2,
Q,MIO_EUR,SCA,S13,TE,EU27_2020,2001-Q3,
Q,MIO_EUR,SCA,S13,TE,EU27_2020,2001-Q4,
Q,MIO_EUR,SCA,S13,TE,EU27_2020,2002-Q1,1007506.8
Q,MIO_EUR,SCA,S13,TE,EU27_2020,2002-Q2,1021157.4
Q,MIO_EUR,SCA,S13,TE,EU27_2020,2002-Q3,1029927.5
Q,MIO_EUR,SCA,S13,TE,EU27_2020,2002-Q4,1031658.2
Q,MIO_EUR,SCA,S13,TE,EU27_2020,2003-Q1,1046271.8
Q,MIO_EUR,SCA,S13,TE,EU27_2020,2003-Q2,1053044.2
Q,MIO_EUR,SCA,S13,TE,EU27_2020,2003-Q3,1070484.6
Q,MIO_EUR,SCA,S13,TE,EU27_2020,2003-Q4,1062408.5
Q,MIO_EUR,SCA,S13,TE,EU27_2020,2004-Q1,1075017.5
Q,MIO_EUR,SCA,S13,TE,EU27_2020,2004-Q2,1084461
Q,MIO_EUR,SCA,S13,TE,EU27_2020,2004-Q3,1093370.6
Q,MIO_EUR,SCA,S13,TE,EU27_2020,2004-Q4,1106316.7
Q,MIO_EUR,SCA,S13,TE,EU27_2020,2005-Q1,1127477.7
Q,MIO_EUR,SCA,S13,TE,EU27_2020,2005-Q2,1127632.3
Q,MIO_EUR,SCA,S13,TE,EU27_2020,2005-Q3,1133404.8
Q,MIO_EUR,SCA,S13,TE,EU27_2020,2005-Q4,1146121.1
Q,MIO_EUR,SCA,S13,TE,EU27_2020,2006-Q1,1163749.8
Q,MIO_EUR,SCA,S13,TE,EU27_2020,2006-Q2,1171401.2
Q,MIO_EUR,SCA,S13,TE,EU27_2020,2006-Q3,1181890.3
Q,MIO_EUR,SCA,S13,TE,EU27_2020,2006-Q4,1213580.6
Q,MIO_EUR,SCA,S13,TE,EU27_2020,2007-Q1,1215468.8
Q,MIO_EUR,SCA,S13,TE,EU27_2020,2007-Q2,1221575.1
Q,MIO_EUR,SCA,S13,TE,EU27_2020,2007-Q3,1238285.7
Q,MIO_EUR,SCA,S13,TE,EU27_2020,2007-Q4,1267199
Q,MIO_EUR,SCA,S13,TE,EU27_2020,2008-Q1,1284665.3
Q,MIO_EUR,SCA,S13,TE,EU27_2020,2008-Q2,1302903.4
Q,MIO_EUR,SCA,S13,TE,EU27_2020,2008-Q3,1315002.4
Q,MIO_EUR,SCA,S13,TE,EU27_2020,2008-Q4,1328310.5
Q,MIO_EUR,SCA,S13,TE,EU27_2020,2009-Q1,1325028.3
Q,MIO_EUR,SCA,S13,TE,EU27_2020,2009-Q2,1346454.1
Q,MIO_EUR,SCA,S13,TE,EU27_2020,2009-Q3,1367061
Q,MIO_EUR,SCA,S13,TE,EU27_2020,2009-Q4,1378625
Q,MIO_EUR,SCA,S13,TE,EU27_2020,2010-Q1,1388659.6
Q,MIO_EUR,SCA,S13,TE,EU27_2020,2010-Q2,1383051.1
Q,MIO_EUR,SCA,S13,TE,EU27_2020,2010-Q3,1424397.2
Q,MIO_EUR,SCA,S13,TE,EU27_2020,2010-Q4,1400394.8
Q,MIO_EUR,SCA,S13,TE,EU27_2020,2011-Q1,1397986.3
Q,MIO_EUR,SCA,S13,TE,EU27_2020,2011-Q2,1401565.2
Q,MIO_EUR,SCA,S13,TE,EU27_2020,2011-Q3,1406127.3
Q,MIO_EUR,SCA,S13,TE,EU27_2020,2011-Q4,1413931.2
Q,MIO_EUR,SCA,S13,TE,EU27_2020,2012-Q1,1416759.1
Q,MIO_EUR,SCA,S13,TE,EU27_2020,2012-Q2,1425417.7
Q,MIO_EUR,SCA,S13,TE,EU27_2020,2012-Q3,1429441
Q,MIO_EUR,SCA,S13,TE,EU27_2020,2012-Q4,1456829
Q,MIO_EUR,SCA,S13,TE,EU27_2020,2013-Q1,1441951.4
Q,MIO_EUR,SCA,S13,TE,EU27_2020,2013-Q2,1455290.8
Q,MIO_EUR,SCA,S13,TE,EU27_2020,2013-Q3,1451555.5
Q,MIO_EUR,SCA,S13,TE,EU27_2020,2013-Q4,1444453.1
Q,MIO_EUR,SCA,S13,TE,EU27_2020,2014-Q1,1452100.8
Q,MIO_EUR,SCA,S13,TE,EU27_2020,2014-Q2,1455939.2
Q,MIO_EUR,SCA,S13,TE,EU27_2020,2014-Q3,1463966.1
Q,MIO_EUR,SCA,S13,TE,EU27_2020,2014-Q4,1472795.1
Q,MIO_EUR,SCA,S13,TE,EU27_2020,2015-Q1,1473935.8
Q,MIO_EUR,SCA,S13,TE,EU27_2020,2015-Q2,1483701.4
Q,MIO_EUR,SCA,S13,TE,EU27_2020,2015-Q3,1478723.7
Q,MIO_EUR,SCA,S13,TE,EU27_2020,2015-Q4,1506934.8
Q,MIO_EUR,SCA,S13,TE,EU27_2020,2016-Q1,1488941.2
Q,MIO_EUR,SCA,S13,TE,EU27_2020,2016-Q2,1497050
Q,MIO_EUR,SCA,S13,TE,EU27_2020,2016-Q3,1512610
Q,MIO_EUR,SCA,S13,TE,EU27_2020,2016-Q4,1506849.2
Q,MIO_EUR,SCA,S13,TE,EU27_2020,2017-Q1,1528538.8
Q,MIO_EUR,SCA,S13,TE,EU27_2020,2017-Q2,1549645.7
Q,MIO_EUR,SCA,S13,TE,EU27_2020,2017-Q3,1549725.1
Q,MIO_EUR,SCA,S13,TE,EU27_2020,2017-Q4,1557271.5
Q,MIO_EUR,SCA,S13,TE,EU27_2020,2018-Q1,1569500.3
Q,MIO_EUR,SCA,S13,TE,EU27_2020,2018-Q2,1577874.9
Q,MIO_EUR,SCA,S13,TE,EU27_2020,2018-Q3,1595867
Q,MIO_EUR,SCA,S13,TE,EU27_2020,2018-Q4,1617326.7
Q,MIO_EUR,SCA,S13,TE,EU27_2020,2019-Q1,1621726.7
Q,MIO_EUR,SCA,S13,TE,EU27_2020,2019-Q2,1641028.5
Q,MIO_EUR,SCA,S13,TE,EU27_2020,2019-Q3,1660830.6
Q,MIO_EUR,SCA,S13,TE,EU27_2020,2019-Q4,1660312.4
Q,MIO_EUR,SCA,S13,TE,EU27_2020,2020-Q1,1707836.3
Q,MIO_EUR,SCA,S13,TE,EU27_2020,2020-Q2,1839406.4
Q,MIO_EUR,SCA,S13,TE,EU27_2020,2020-Q3,1795407.4
Q,MIO_EUR,SCA,S13,TE,EU27_2020,2020-Q4,1841369
Q,MIO_EUR,SCA,S13,TE,EU27_2020,2021-Q1,1878955.9
Q,MIO_EUR,SCA,S13,TE,EU27_2020,2021-Q2,1892064.1
Q,MIO_EUR,SCA,S13,TE,EU27_2020,2021-Q3,1876968.5
Q,MIO_EUR,SCA,S13,TE,EU27_2020,2021-Q4,1917198.9
Q,MIO_EUR,SCA,S13,TE,EU27_2020,2022-Q1,1910078.5
Q,MIO_EUR,SCA,S13,TE,EU27_2020,2022-Q2,1937837.4
Q,MIO_EUR,SCA,S13,TE,EU27_2020,2022-Q3,2019425.1
Q,MIO_EUR,SCA,S13,TE,EU27_2020,2022-Q4,2078115
Q,MIO_EUR,SCA,S13,TE,EU27_2020,2023-Q1,2046804.7
Q,MIO_EUR,SCA,S13,TE,EU27_2020,2023-Q2,2086226
Q,MIO_EUR,SCA,S13,TE,EU27_2020,2023-Q3,2122784.9
Q,MIO_EUR,SCA,S13,TE,EU27_2020,2023-Q4,2183613.8
Q,MIO_EUR,SCA,S13,TE,EU27_2020,2024-Q1,2159885.3
Q,MIO_EUR,SCA,S13,TE,EU27_2020,2024-Q2,2198522.1
Q,MIO_EUR,SCA,S13,TE,EU27_2020,2024-Q3,2232724.2
Q,MIO_EUR,SCA,S13,TE,EU27_2020,2024-Q4,2262478.7
Q,MIO_EUR,SCA,S13,TE,EU27_2020,2025-Q1,2275275.9
Q,MIO_EUR,SCA,S13,TE,EU27_2020,2025-Q2,2306118.3
Q,MIO_EUR,SCA,S13,TE,EU27_2020,2025-Q3,2343879.7
Q,MIO_EUR,SCA,S13,TE,EU27_2020,2025-Q4,2392060
Q,MIO_EUR,SCA,S13,TE,EU27_2020,2026-Q1,2390006.8
Q,MIO_EUR,SCA,S13,TE,EA21,1995-Q1,
Q,MIO_EUR,SCA,S13,TE,EA21,1995-Q2,
Q,MIO_EUR,SCA,S13,TE,EA21,1995-Q3,
Q,MIO_EUR,SCA,S13,TE,EA21,1995-Q4,
Q,MIO_EUR,SCA,S13,TE,EA21,1996-Q1,
Q,MIO_EUR,SCA,S13,TE,EA21,1996-Q2,
Q,MIO_EUR,SCA,S13,TE,EA21,1996-Q3,
Q,MIO_EUR,SCA,S13,TE,EA21,1996-Q4,
Q,MIO_EUR,SCA,S13,TE,EA21,1997-Q1,
Q,MIO_EUR,SCA,S13,TE,EA21,1997-Q2,
Q,MIO_EUR,SCA,S13,TE,EA21,1997-Q3,
Q,MIO_EUR,SCA,S13,TE,EA21,1997-Q4,
Q,MIO_EUR,SCA,S13,TE,EA21,1998-Q1,
Q,MIO_EUR,SCA,S13,TE,EA21,1998-Q2,
Q,MIO_EUR,SCA,S13,TE,EA21,1998-Q3,
Q,MIO_EUR,SCA,S13,TE,EA21,1998-Q4,
Q,MIO_EUR,SCA,S13,TE,EA21,1999-Q1,
Q,MIO_EUR,SCA,S13,TE,EA21,1999-Q2,
Q,MIO_EUR,SCA,S13,TE,EA21,1999-Q3,
Q,MIO_EUR,SCA,S13,TE,EA21,1999-Q4,
Q,MIO_EUR,SCA,S13,TE,EA21,2000-Q1,
Q,MIO_EUR,SCA,S13,TE,EA21,2000-Q2,
Q,MIO_EUR,SCA,S13,TE,EA21,2000-Q3,
Q,MIO_EUR,SCA,S13,TE,EA21,2000-Q4,
Q,MIO_EUR,SCA,S13,TE,EA21,2001-Q1,
Q,MIO_EUR,SCA,S13,TE,EA21,2001-Q2,
Q,MIO_EUR,SCA,S13,TE,EA21,2001-Q3,
Q,MIO_EUR,SCA,S13,TE,EA21,2001-Q4,
Q,MIO_EUR,SCA,S13,TE,EA21,2002-Q1,898667.8
Q,MIO_EUR,SCA,S13,TE,EA21,2002-Q2,908830.3
Q,MIO_EUR,SCA,S13,TE,EA21,2002-Q3,921795.7
Q,MIO_EUR,SCA,S13,TE,EA21,2002-Q4,919376.1
Q,MIO_EUR,SCA,S13,TE,EA21,2003-Q1,932171.2
Q,MIO_EUR,SCA,S13,TE,EA21,2003-Q2,942567.8
Q,MIO_EUR,SCA,S13,TE,EA21,2003-Q3,957225.3
Q,MIO_EUR,SCA,S13,TE,EA21,2003-Q4,950806
Q,MIO_EUR,SCA,S13,TE,EA21,2004-Q1,964268.9
Q,MIO_EUR,SCA,S13,TE,EA21,2004-Q2,969987.4
Q,MIO_EUR,SCA,S13,TE,EA21,2004-Q3,976195.8
Q,MIO_EUR,SCA,S13,TE,EA21,2004-Q4,986625.9
Q,MIO_EUR,SCA,S13,TE,EA21,2005-Q1,1003261.3
Q,MIO_EUR,SCA,S13,TE,EA21,2005-Q2,1003419.7
Q,MIO_EUR,SCA,S13,TE,EA21,2005-Q3,1008000.8
Q,MIO_EUR,SCA,S13,TE,EA21,2005-Q4,1018584
Q,MIO_EUR,SCA,S13,TE,EA21,2006-Q1,1032461.5
Q,MIO_EUR,SCA,S13,TE,EA21,2006-Q2,1039195.3
Q,MIO_EUR,SCA,S13,TE,EA21,2006-Q3,1047243.2
Q,MIO_EUR,SCA,S13,TE,EA21,2006-Q4,1071945.6
Q,MIO_EUR,SCA,S13,TE,EA21,2007-Q1,1073623.5
Q,MIO_EUR,SCA,S13,TE,EA21,2007-Q2,1078532.5
Q,MIO_EUR,SCA,S13,TE,EA21,2007-Q3,1092891.3
Q,MIO_EUR,SCA,S13,TE,EA21,2007-Q4,1116123
Q,MIO_EUR,SCA,S13,TE,EA21,2008-Q1,1130707
Q,MIO_EUR,SCA,S13,TE,EA21,2008-Q2,1142902.1
Q,MIO_EUR,SCA,S13,TE,EA21,2008-Q3,1150633.6
Q,MIO_EUR,SCA,S13,TE,EA21,2008-Q4,1171338.3
Q,MIO_EUR,SCA,S13,TE,EA21,2009-Q1,1179223.8
Q,MIO_EUR,SCA,S13,TE,EA21,2009-Q2,1198119.1
Q,MIO_EUR,SCA,S13,TE,EA21,2009-Q3,1212762.6
Q,MIO_EUR,SCA,S13,TE,EA21,2009-Q4,1224105.1
Q,MIO_EUR,SCA,S13,TE,EA21,2010-Q1,1227764.2
Q,MIO_EUR,SCA,S13,TE,EA21,2010-Q2,1218991
Q,MIO_EUR,SCA,S13,TE,EA21,2010-Q3,1258905.6
Q,MIO_EUR,SCA,S13,TE,EA21,2010-Q4,1230415.3
Q,MIO_EUR,SCA,S13,TE,EA21,2011-Q1,1225763.2
Q,MIO_EUR,SCA,S13,TE,EA21,2011-Q2,1228287.8
Q,MIO_EUR,SCA,S13,TE,EA21,2011-Q3,1235176.7
Q,MIO_EUR,SCA,S13,TE,EA21,2011-Q4,1243213.3
Q,MIO_EUR,SCA,S13,TE,EA21,2012-Q1,1243178
Q,MIO_EUR,SCA,S13,TE,EA21,2012-Q2,1251135.6
Q,MIO_EUR,SCA,S13,TE,EA21,2012-Q3,1250600.2
Q,MIO_EUR,SCA,S13,TE,EA21,2012-Q4,1277034.5
Q,MIO_EUR,SCA,S13,TE,EA21,2013-Q1,1262688.4
Q,MIO_EUR,SCA,S13,TE,EA21,2013-Q2,1275875.7
Q,MIO_EUR,SCA,S13,TE,EA21,2013-Q3,1272875.7
Q,MIO_EUR,SCA,S13,TE,EA21,2013-Q4,1267608.9
Q,MIO_EUR,SCA,S13,TE,EA21,2014-Q1,1272506
Q,MIO_EUR,SCA,S13,TE,EA21,2014-Q2,1276586
Q,MIO_EUR,SCA,S13,TE,EA21,2014-Q3,1283848.6
Q,MIO_EUR,SCA,S13,TE,EA21,2014-Q4,1291903.7
Q,MIO_EUR,SCA,S13,TE,EA21,2015-Q1,1291150
Q,MIO_EUR,SCA,S13,TE,EA21,2015-Q2,1299852.5
Q,MIO_EUR,SCA,S13,TE,EA21,2015-Q3,1293771.3
Q,MIO_EUR,SCA,S13,TE,EA21,2015-Q4,1317970.3
Q,MIO_EUR,SCA,S13,TE,EA21,2016-Q1,1306357.8
Q,MIO_EUR,SCA,S13,TE,EA21,2016-Q2,1311440.8
Q,MIO_EUR,SCA,S13,TE,EA21,2016-Q3,1326257.3
Q,MIO_EUR,SCA,S13,TE,EA21,2016-Q4,1320879
Q,MIO_EUR,SCA,S13,TE,EA21,2017-Q1,1338866.2
Q,MIO_EUR,SCA,S13,TE,EA21,2017-Q2,1356476.8
Q,MIO_EUR,SCA,S13,TE,EA21,2017-Q3,1353172.1
Q,MIO_EUR,SCA,S13,TE,EA21,2017-Q4,1359184.3
Q,MIO_EUR,SCA,S13,TE,EA21,2018-Q1,1366230.2
Q,MIO_EUR,SCA,S13,TE,EA21,2018-Q2,1377440.8
Q,MIO_EUR,SCA,S13,TE,EA21,2018-Q3,1391889.6
Q,MIO_EUR,SCA,S13,TE,EA21,2018-Q4,1410280.4
Q,MIO_EUR,SCA,S13,TE,EA21,2019-Q1,1411686.6
Q,MIO_EUR,SCA,S13,TE,EA21,2019-Q2,1429391.7
Q,MIO_EUR,SCA,S13,TE,EA21,2019-Q3,1445482.1
Q,MIO_EUR,SCA,S13,TE,EA21,2019-Q4,1443315.5
Q,MIO_EUR,SCA,S13,TE,EA21,2020-Q1,1486300.9
Q,MIO_EUR,SCA,S13,TE,EA21,2020-Q2,1595491.3
Q,MIO_EUR,SCA,S13,TE,EA21,2020-Q3,1562715.3
Q,MIO_EUR,SCA,S13,TE,EA21,2020-Q4,1602210.1
Q,MIO_EUR,SCA,S13,TE,EA21,2021-Q1,1637616.3
Q,MIO_EUR,SCA,S13,TE,EA21,2021-Q2,1648744
Q,MIO_EUR,SCA,S13,TE,EA21,2021-Q3,1637657.7
Q,MIO_EUR,SCA,S13,TE,EA21,2021-Q4,1666815.3
Q,MIO_EUR,SCA,S13,TE,EA21,2022-Q1,1657791.6
Q,MIO_EUR,SCA,S13,TE,EA21,2022-Q2,1680952.2
Q,MIO_EUR,SCA,S13,TE,EA21,2022-Q3,1755046.7
Q,MIO_EUR,SCA,S13,TE,EA21,2022-Q4,1803472.5
Q,MIO_EUR,SCA,S13,TE,EA21,2023-Q1,1771798.5
Q,MIO_EUR,SCA,S13,TE,EA21,2023-Q2,1796204.2
Q,MIO_EUR,SCA,S13,TE,EA21,2023-Q3,1828207.2
Q,MIO_EUR,SCA,S13,TE,EA21,2023-Q4,1879738.2
Q,MIO_EUR,SCA,S13,TE,EA21,2024-Q1,1850616.6
Q,MIO_EUR,SCA,S13,TE,EA21,2024-Q2,1882590.9
Q,MIO_EUR,SCA,S13,TE,EA21,2024-Q3,1909314.2
Q,MIO_EUR,SCA,S13,TE,EA21,2024-Q4,1936884.9
Q,MIO_EUR,SCA,S13,TE,EA21,2025-Q1,1942825.4
Q,MIO_EUR,SCA,S13,TE,EA21,2025-Q2,1965713.3
Q,MIO_EUR,SCA,S13,TE,EA21,2025-Q3,1997325.2
Q,MIO_EUR,SCA,S13,TE,EA21,2025-Q4,2034539.7
Q,MIO_EUR,SCA,S13,TE,EA21,2026-Q1,2033468.2
Q,MIO_EUR,SCA,S13,TE,EA20,1995-Q1,
Q,MIO_EUR,SCA,S13,TE,EA20,1995-Q2,
Q,MIO_EUR,SCA,S13,TE,EA20,1995-Q3,
Q,MIO_EUR,SCA,S13,TE,EA20,1995-Q4,
Q,MIO_EUR,SCA,S13,TE,EA20,1996-Q1,
Q,MIO_EUR,SCA,S13,TE,EA20,1996-Q2,
Q,MIO_EUR,SCA,S13,TE,EA20,1996-Q3,
Q,MIO_EUR,SCA,S13,TE,EA20,1996-Q4,
Q,MIO_EUR,SCA,S13,TE,EA20,1997-Q1,
Q,MIO_EUR,SCA,S13,TE,EA20,1997-Q2,
Q,MIO_EUR,SCA,S13,TE,EA20,1997-Q3,
Q,MIO_EUR,SCA,S13,TE,EA20,1997-Q4,
Q,MIO_EUR,SCA,S13,TE,EA20,1998-Q1,
Q,MIO_EUR,SCA,S13,TE,EA20,1998-Q2,
Q,MIO_EUR,SCA,S13,TE,EA20,1998-Q3,
Q,MIO_EUR,SCA,S13,TE,EA20,1998-Q4,
Q,MIO_EUR,SCA,S13,TE,EA20,1999-Q1,
Q,MIO_EUR,SCA,S13,TE,EA20,1999-Q2,
Q,MIO_EUR,SCA,S13,TE,EA20,1999-Q3,
Q,MIO_EUR,SCA,S13,TE,EA20,1999-Q4,
Q,MIO_EUR,SCA,S13,TE,EA20,2000-Q1,
Q,MIO_EUR,SCA,S13,TE,EA20,2000-Q2,
Q,MIO_EUR,SCA,S13,TE,EA20,2000-Q3,
Q,MIO_EUR,SCA,S13,TE,EA20,2000-Q4,
Q,MIO_EUR,SCA,S13,TE,EA20,2001-Q1,
Q,MIO_EUR,SCA,S13,TE,EA20,2001-Q2,
Q,MIO_EUR,SCA,S13,TE,EA20,2001-Q3,
Q,MIO_EUR,SCA,S13,TE,EA20,2001-Q4,
Q,MIO_EUR,SCA,S13,TE,EA20,2002-Q1,896805.5
Q,MIO_EUR,SCA,S13,TE,EA20,2002-Q2,907215.2
Q,MIO_EUR,SCA,S13,TE,EA20,2002-Q3,920196.8
Q,MIO_EUR,SCA,S13,TE,EA20,2002-Q4,917622.5
Q,MIO_EUR,SCA,S13,TE,EA20,2003-Q1,930323.7
Q,MIO_EUR,SCA,S13,TE,EA20,2003-Q2,940862.7
Q,MIO_EUR,SCA,S13,TE,EA20,2003-Q3,955463.6
Q,MIO_EUR,SCA,S13,TE,EA20,2003-Q4,948895.6
Q,MIO_EUR,SCA,S13,TE,EA20,2004-Q1,962390.3
Q,MIO_EUR,SCA,S13,TE,EA20,2004-Q2,968062
Q,MIO_EUR,SCA,S13,TE,EA20,2004-Q3,974161.7
Q,MIO_EUR,SCA,S13,TE,EA20,2004-Q4,984522.8
Q,MIO_EUR,SCA,S13,TE,EA20,2005-Q1,1001117.7
Q,MIO_EUR,SCA,S13,TE,EA20,2005-Q2,1001150.9
Q,MIO_EUR,SCA,S13,TE,EA20,2005-Q3,1005765.2
Q,MIO_EUR,SCA,S13,TE,EA20,2005-Q4,1016395.3
Q,MIO_EUR,SCA,S13,TE,EA20,2006-Q1,1030282.5
Q,MIO_EUR,SCA,S13,TE,EA20,2006-Q2,1036969.3
Q,MIO_EUR,SCA,S13,TE,EA20,2006-Q3,1044959.6
Q,MIO_EUR,SCA,S13,TE,EA20,2006-Q4,1069463.3
Q,MIO_EUR,SCA,S13,TE,EA20,2007-Q1,1071100.8
Q,MIO_EUR,SCA,S13,TE,EA20,2007-Q2,1075993.6
Q,MIO_EUR,SCA,S13,TE,EA20,2007-Q3,1090252.9
Q,MIO_EUR,SCA,S13,TE,EA20,2007-Q4,1111932.3
Q,MIO_EUR,SCA,S13,TE,EA20,2008-Q1,1127827.4
Q,MIO_EUR,SCA,S13,TE,EA20,2008-Q2,1139931.1
Q,MIO_EUR,SCA,S13,TE,EA20,2008-Q3,1147427.2
Q,MIO_EUR,SCA,S13,TE,EA20,2008-Q4,1166900.6
Q,MIO_EUR,SCA,S13,TE,EA20,2009-Q1,1175818.8
Q,MIO_EUR,SCA,S13,TE,EA20,2009-Q2,1194317.1
Q,MIO_EUR,SCA,S13,TE,EA20,2009-Q3,1209058.8
Q,MIO_EUR,SCA,S13,TE,EA20,2009-Q4,1220355.4
Q,MIO_EUR,SCA,S13,TE,EA20,2010-Q1,1224190.5
Q,MIO_EUR,SCA,S13,TE,EA20,2010-Q2,1215679.2
Q,MIO_EUR,SCA,S13,TE,EA20,2010-Q3,1255348.6
Q,MIO_EUR,SCA,S13,TE,EA20,2010-Q4,1227006.5
Q,MIO_EUR,SCA,S13,TE,EA20,2011-Q1,1222337.1
Q,MIO_EUR,SCA,S13,TE,EA20,2011-Q2,1224832.5
Q,MIO_EUR,SCA,S13,TE,EA20,2011-Q3,1231612.9
Q,MIO_EUR,SCA,S13,TE,EA20,2011-Q4,1239691
Q,MIO_EUR,SCA,S13,TE,EA20,2012-Q1,1239517.7
Q,MIO_EUR,SCA,S13,TE,EA20,2012-Q2,1247590.4
Q,MIO_EUR,SCA,S13,TE,EA20,2012-Q3,1246948.8
Q,MIO_EUR,SCA,S13,TE,EA20,2012-Q4,1273413.4
Q,MIO_EUR,SCA,S13,TE,EA20,2013-Q1,1258909.1
Q,MIO_EUR,SCA,S13,TE,EA20,2013-Q2,1271664.5
Q,MIO_EUR,SCA,S13,TE,EA20,2013-Q3,1268770.2
Q,MIO_EUR,SCA,S13,TE,EA20,2013-Q4,1263792.3
Q,MIO_EUR,SCA,S13,TE,EA20,2014-Q1,1268332.5
Q,MIO_EUR,SCA,S13,TE,EA20,2014-Q2,1272202.2
Q,MIO_EUR,SCA,S13,TE,EA20,2014-Q3,1279515.9
Q,MIO_EUR,SCA,S13,TE,EA20,2014-Q4,1286467.9
Q,MIO_EUR,SCA,S13,TE,EA20,2015-Q1,1286569.3
Q,MIO_EUR,SCA,S13,TE,EA20,2015-Q2,1295298.5
Q,MIO_EUR,SCA,S13,TE,EA20,2015-Q3,1289210.6
Q,MIO_EUR,SCA,S13,TE,EA20,2015-Q4,1313212.2
Q,MIO_EUR,SCA,S13,TE,EA20,2016-Q1,1302444.5
Q,MIO_EUR,SCA,S13,TE,EA20,2016-Q2,1307263.8
Q,MIO_EUR,SCA,S13,TE,EA20,2016-Q3,1322124.6
Q,MIO_EUR,SCA,S13,TE,EA20,2016-Q4,1316272.6
Q,MIO_EUR,SCA,S13,TE,EA20,2017-Q1,1334481.2
Q,MIO_EUR,SCA,S13,TE,EA20,2017-Q2,1352076.6
Q,MIO_EUR,SCA,S13,TE,EA20,2017-Q3,1348674.4
Q,MIO_EUR,SCA,S13,TE,EA20,2017-Q4,1354302
Q,MIO_EUR,SCA,S13,TE,EA20,2018-Q1,1361548.2
Q,MIO_EUR,SCA,S13,TE,EA20,2018-Q2,1372037.8
Q,MIO_EUR,SCA,S13,TE,EA20,2018-Q3,1386412.3
Q,MIO_EUR,SCA,S13,TE,EA20,2018-Q4,1405097.8
Q,MIO_EUR,SCA,S13,TE,EA20,2019-Q1,1405946.6
Q,MIO_EUR,SCA,S13,TE,EA20,2019-Q2,1423861.7
Q,MIO_EUR,SCA,S13,TE,EA20,2019-Q3,1439753.5
Q,MIO_EUR,SCA,S13,TE,EA20,2019-Q4,1437912.3
Q,MIO_EUR,SCA,S13,TE,EA20,2020-Q1,1480815.9
Q,MIO_EUR,SCA,S13,TE,EA20,2020-Q2,1589262.3
Q,MIO_EUR,SCA,S13,TE,EA20,2020-Q3,1556031.6
Q,MIO_EUR,SCA,S13,TE,EA20,2020-Q4,1595228.1
Q,MIO_EUR,SCA,S13,TE,EA20,2021-Q1,1630442.7
Q,MIO_EUR,SCA,S13,TE,EA20,2021-Q2,1641885.2
Q,MIO_EUR,SCA,S13,TE,EA20,2021-Q3,1630803.7
Q,MIO_EUR,SCA,S13,TE,EA20,2021-Q4,1658383.6
Q,MIO_EUR,SCA,S13,TE,EA20,2022-Q1,1649809.5
Q,MIO_EUR,SCA,S13,TE,EA20,2022-Q2,1672650.8
Q,MIO_EUR,SCA,S13,TE,EA20,2022-Q3,1745545.9
Q,MIO_EUR,SCA,S13,TE,EA20,2022-Q4,1793944.8
Q,MIO_EUR,SCA,S13,TE,EA20,2023-Q1,1762866
Q,MIO_EUR,SCA,S13,TE,EA20,2023-Q2,1787080
Q,MIO_EUR,SCA,S13,TE,EA20,2023-Q3,1818961.8
Q,MIO_EUR,SCA,S13,TE,EA20,2023-Q4,1870381.6
Q,MIO_EUR,SCA,S13,TE,EA20,2024-Q1,1840699
Q,MIO_EUR,SCA,S13,TE,EA20,2024-Q2,1872418.1
Q,MIO_EUR,SCA,S13,TE,EA20,2024-Q3,1898572
Q,MIO_EUR,SCA,S13,TE,EA20,2024-Q4,1926664.9
Q,MIO_EUR,SCA,S13,TE,EA20,2025-Q1,1932204
Q,MIO_EUR,SCA,S13,TE,EA20,2025-Q2,1953201.8
Q,MIO_EUR,SCA,S13,TE,EA20,2025-Q3,1985140.7
Q,MIO_EUR,SCA,S13,TE,EA20,2025-Q4,2021763.8
Q,MIO_EUR,SCA,S13,TE,EA20,2026-Q1,2020208.4
Q,MIO_EUR,SCA,S13,TE,EA19,1995-Q1,
Q,MIO_EUR,SCA,S13,TE,EA19,1995-Q2,
Q,MIO_EUR,SCA,S13,TE,EA19,1995-Q3,
Q,MIO_EUR,SCA,S13,TE,EA19,1995-Q4,
Q,MIO_EUR,SCA,S13,TE,EA19,1996-Q1,
Q,MIO_EUR,SCA,S13,TE,EA19,1996-Q2,
Q,MIO_EUR,SCA,S13,TE,EA19,1996-Q3,
Q,MIO_EUR,SCA,S13,TE,EA19,1996-Q4,
Q,MIO_EUR,SCA,S13,TE,EA19,1997-Q1,
Q,MIO_EUR,SCA,S13,TE,EA19,1997-Q2,
Q,MIO_EUR,SCA,S13,TE,EA19,1997-Q3,
Q,MIO_EUR,SCA,S13,TE,EA19,1997-Q4,
Q,MIO_EUR,SCA,S13,TE,EA19,1998-Q1,
Q,MIO_EUR,SCA,S13,TE,EA19,1998-Q2,
Q,MIO_EUR,SCA,S13,TE,EA19,1998-Q3,
Q,MIO_EUR,SCA,S13,TE,EA19,1998-Q4,
Q,MIO_EUR,SCA,S13,TE,EA19,1999-Q1,
Q,MIO_EUR,SCA,S13,TE,EA19,1999-Q2,
Q,MIO_EUR,SCA,S13,TE,EA19,1999-Q3,
Q,MIO_EUR,SCA,S13,TE,EA19,1999-Q4,
Q,MIO_EUR,SCA,S13,TE,EA19,2000-Q1,
Q,MIO_EUR,SCA,S13,TE,EA19,2000-Q2,
Q,MIO_EUR,SCA,S13,TE,EA19,2000-Q3,
Q,MIO_EUR,SCA,S13,TE,EA19,2000-Q4,
Q,MIO_EUR,SCA,S13,TE,EA19,2001-Q1,
Q,MIO_EUR,SCA,S13,TE,EA19,2001-Q2,
Q,MIO_EUR,SCA,S13,TE,EA19,2001-Q3,
Q,MIO_EUR,SCA,S13,TE,EA19,2001-Q4,
Q,MIO_EUR,SCA,S13,TE,EA19,2002-Q1,893311.5
Q,MIO_EUR,SCA,S13,TE,EA19,2002-Q2,903772.2
Q,MIO_EUR,SCA,S13,TE,EA19,2002-Q3,916702.9
Q,MIO_EUR,SCA,S13,TE,EA19,2002-Q4,913903.7
Q,MIO_EUR,SCA,S13,TE,EA19,2003-Q1,926540
Q,MIO_EUR,SCA,S13,TE,EA19,2003-Q2,936989.5
Q,MIO_EUR,SCA,S13,TE,EA19,2003-Q3,951521.6
Q,MIO_EUR,SCA,S13,TE,EA19,2003-Q4,945080.7
Q,MIO_EUR,SCA,S13,TE,EA19,2004-Q1,958409.3
Q,MIO_EUR,SCA,S13,TE,EA19,2004-Q2,963867.5
Q,MIO_EUR,SCA,S13,TE,EA19,2004-Q3,969897.8
Q,MIO_EUR,SCA,S13,TE,EA19,2004-Q4,980385.3
Q,MIO_EUR,SCA,S13,TE,EA19,2005-Q1,997038.1
Q,MIO_EUR,SCA,S13,TE,EA19,2005-Q2,996828.2
Q,MIO_EUR,SCA,S13,TE,EA19,2005-Q3,1001442.4
Q,MIO_EUR,SCA,S13,TE,EA19,2005-Q4,1011989.1
Q,MIO_EUR,SCA,S13,TE,EA19,2006-Q1,1025815.8
Q,MIO_EUR,SCA,S13,TE,EA19,2006-Q2,1032449.3
Q,MIO_EUR,SCA,S13,TE,EA19,2006-Q3,1040417.6
Q,MIO_EUR,SCA,S13,TE,EA19,2006-Q4,1064855.3
Q,MIO_EUR,SCA,S13,TE,EA19,2007-Q1,1066012.9
Q,MIO_EUR,SCA,S13,TE,EA19,2007-Q2,1070989.8
Q,MIO_EUR,SCA,S13,TE,EA19,2007-Q3,1084970.5
Q,MIO_EUR,SCA,S13,TE,EA19,2007-Q4,1106698.8
Q,MIO_EUR,SCA,S13,TE,EA19,2008-Q1,1122361.3
Q,MIO_EUR,SCA,S13,TE,EA19,2008-Q2,1134361.2
Q,MIO_EUR,SCA,S13,TE,EA19,2008-Q3,1141759.5
Q,MIO_EUR,SCA,S13,TE,EA19,2008-Q4,1161135
Q,MIO_EUR,SCA,S13,TE,EA19,2009-Q1,1170306.2
Q,MIO_EUR,SCA,S13,TE,EA19,2009-Q2,1188685.6
Q,MIO_EUR,SCA,S13,TE,EA19,2009-Q3,1203357.5
Q,MIO_EUR,SCA,S13,TE,EA19,2009-Q4,1214616.1
Q,MIO_EUR,SCA,S13,TE,EA19,2010-Q1,1218550.3
Q,MIO_EUR,SCA,S13,TE,EA19,2010-Q2,1210333.4
Q,MIO_EUR,SCA,S13,TE,EA19,2010-Q3,1249646
Q,MIO_EUR,SCA,S13,TE,EA19,2010-Q4,1221533.1
Q,MIO_EUR,SCA,S13,TE,EA19,2011-Q1,1216160.8
Q,MIO_EUR,SCA,S13,TE,EA19,2011-Q2,1219499.1
Q,MIO_EUR,SCA,S13,TE,EA19,2011-Q3,1226215.6
Q,MIO_EUR,SCA,S13,TE,EA19,2011-Q4,1234293.1
Q,MIO_EUR,SCA,S13,TE,EA19,2012-Q1,1234227.2
Q,MIO_EUR,SCA,S13,TE,EA19,2012-Q2,1242170.9
Q,MIO_EUR,SCA,S13,TE,EA19,2012-Q3,1241647.9
Q,MIO_EUR,SCA,S13,TE,EA19,2012-Q4,1268176.9
Q,MIO_EUR,SCA,S13,TE,EA19,2013-Q1,1253644
Q,MIO_EUR,SCA,S13,TE,EA19,2013-Q2,1266348.2
Q,MIO_EUR,SCA,S13,TE,EA19,2013-Q3,1263213.7
Q,MIO_EUR,SCA,S13,TE,EA19,2013-Q4,1258441.6
Q,MIO_EUR,SCA,S13,TE,EA19,2014-Q1,1262859.7
Q,MIO_EUR,SCA,S13,TE,EA19,2014-Q2,1266797.2
Q,MIO_EUR,SCA,S13,TE,EA19,2014-Q3,1274149.5
Q,MIO_EUR,SCA,S13,TE,EA19,2014-Q4,1281123
Q,MIO_EUR,SCA,S13,TE,EA19,2015-Q1,1281213.3
Q,MIO_EUR,SCA,S13,TE,EA19,2015-Q2,1289811.3
Q,MIO_EUR,SCA,S13,TE,EA19,2015-Q3,1283805
Q,MIO_EUR,SCA,S13,TE,EA19,2015-Q4,1307817.7
Q,MIO_EUR,SCA,S13,TE,EA19,2016-Q1,1297128.1
Q,MIO_EUR,SCA,S13,TE,EA19,2016-Q2,1301736
Q,MIO_EUR,SCA,S13,TE,EA19,2016-Q3,1316558.7
Q,MIO_EUR,SCA,S13,TE,EA19,2016-Q4,1310864.4
Q,MIO_EUR,SCA,S13,TE,EA19,2017-Q1,1328873.6
Q,MIO_EUR,SCA,S13,TE,EA19,2017-Q2,1346452.9
Q,MIO_EUR,SCA,S13,TE,EA19,2017-Q3,1343076.7
Q,MIO_EUR,SCA,S13,TE,EA19,2017-Q4,1348917.3
Q,MIO_EUR,SCA,S13,TE,EA19,2018-Q1,1355833.4
Q,MIO_EUR,SCA,S13,TE,EA19,2018-Q2,1366222.5
Q,MIO_EUR,SCA,S13,TE,EA19,2018-Q3,1380380.8
Q,MIO_EUR,SCA,S13,TE,EA19,2018-Q4,1398798.3
Q,MIO_EUR,SCA,S13,TE,EA19,2019-Q1,1399799
Q,MIO_EUR,SCA,S13,TE,EA19,2019-Q2,1417591.1
Q,MIO_EUR,SCA,S13,TE,EA19,2019-Q3,1433095.7
Q,MIO_EUR,SCA,S13,TE,EA19,2019-Q4,1431218.3
Q,MIO_EUR,SCA,S13,TE,EA19,2020-Q1,1474319.4
Q,MIO_EUR,SCA,S13,TE,EA19,2020-Q2,1582165.6
Q,MIO_EUR,SCA,S13,TE,EA19,2020-Q3,1549305.5
Q,MIO_EUR,SCA,S13,TE,EA19,2020-Q4,1588374.4
Q,MIO_EUR,SCA,S13,TE,EA19,2021-Q1,1623406.9
Q,MIO_EUR,SCA,S13,TE,EA19,2021-Q2,1634734.1
Q,MIO_EUR,SCA,S13,TE,EA19,2021-Q3,1623746.8
Q,MIO_EUR,SCA,S13,TE,EA19,2021-Q4,1651524.6
Q,MIO_EUR,SCA,S13,TE,EA19,2022-Q1,1642783
Q,MIO_EUR,SCA,S13,TE,EA19,2022-Q2,1665487.4
Q,MIO_EUR,SCA,S13,TE,EA19,2022-Q3,1737839.7
Q,MIO_EUR,SCA,S13,TE,EA19,2022-Q4,1785546.7
Q,MIO_EUR,SCA,S13,TE,EA19,2023-Q1,1754285.7
Q,MIO_EUR,SCA,S13,TE,EA19,2023-Q2,1778003.6
Q,MIO_EUR,SCA,S13,TE,EA19,2023-Q3,1809961.8
Q,MIO_EUR,SCA,S13,TE,EA19,2023-Q4,1860304.3
Q,MIO_EUR,SCA,S13,TE,EA19,2024-Q1,1830967
Q,MIO_EUR,SCA,S13,TE,EA19,2024-Q2,1862136
Q,MIO_EUR,SCA,S13,TE,EA19,2024-Q3,1887876.1
Q,MIO_EUR,SCA,S13,TE,EA19,2024-Q4,1915831.6
Q,MIO_EUR,SCA,S13,TE,EA19,2025-Q1,1921026.9
Q,MIO_EUR,SCA,S13,TE,EA19,2025-Q2,1941727.6
Q,MIO_EUR,SCA,S13,TE,EA19,2025-Q3,1973372.5
Q,MIO_EUR,SCA,S13,TE,EA19,2025-Q4,2009726.3
Q,MIO_EUR,SCA,S13,TE,EA19,2026-Q1,2007811.5
Q,MIO_EUR,SCA,S13,TE,BE,1995-Q1,
Q,MIO_EUR,SCA,S13,TE,BE,1995-Q2,
Q,MIO_EUR,SCA,S13,TE,BE,1995-Q3,
Q,MIO_EUR,SCA,S13,TE,BE,1995-Q4,
Q,MIO_EUR,SCA,S13,TE,BE,1996-Q1,
Q,MIO_EUR,SCA,S13,TE,BE,1996-Q2,
Q,MIO_EUR,SCA,S13,TE,BE,1996-Q3,
Q,MIO_EUR,SCA,S13,TE,BE,1996-Q4,
Q,MIO_EUR,SCA,S13,TE,BE,1997-Q1,
Q,MIO_EUR,SCA,S13,TE,BE,1997-Q2,
Q,MIO_EUR,SCA,S13,TE,BE,1997-Q3,
Q,MIO_EUR,SCA,S13,TE,BE,1997-Q4,
Q,MIO_EUR,SCA,S13,TE,BE,1998-Q1,
Q,MIO_EUR,SCA,S13,TE,BE,1998-Q2,
Q,MIO_EUR,SCA,S13,TE,BE,1998-Q3,
Q,MIO_EUR,SCA,S13,TE,BE,1998-Q4,
Q,MIO_EUR,SCA,S13,TE,BE,1999-Q1,30068.2
Q,MIO_EUR,SCA,S13,TE,BE,1999-Q2,30285.2
Q,MIO_EUR,SCA,S13,TE,BE,1999-Q3,30597.1
Q,MIO_EUR,SCA,S13,TE,BE,1999-Q4,31407.2
Q,MIO_EUR,SCA,S13,TE,BE,2000-Q1,31205
Q,MIO_EUR,SCA,S13,TE,BE,2000-Q2,31498.8
Q,MIO_EUR,SCA,S13,TE,BE,2000-Q3,31569
Q,MIO_EUR,SCA,S13,TE,BE,2000-Q4,32372.6
Q,MIO_EUR,SCA,S13,TE,BE,2001-Q1,32162.8
Q,MIO_EUR,SCA,S13,TE,BE,2001-Q2,32570.6
Q,MIO_EUR,SCA,S13,TE,BE,2001-Q3,32808.1
Q,MIO_EUR,SCA,S13,TE,BE,2001-Q4,32985.4
Q,MIO_EUR,SCA,S13,TE,BE,2002-Q1,33368.3
Q,MIO_EUR,SCA,S13,TE,BE,2002-Q2,34080.7
Q,MIO_EUR,SCA,S13,TE,BE,2002-Q3,34432.7
Q,MIO_EUR,SCA,S13,TE,BE,2002-Q4,34482.6
Q,MIO_EUR,SCA,S13,TE,BE,2003-Q1,35185
Q,MIO_EUR,SCA,S13,TE,BE,2003-Q2,35644.5
Q,MIO_EUR,SCA,S13,TE,BE,2003-Q3,36175.9
Q,MIO_EUR,SCA,S13,TE,BE,2003-Q4,36539.8
Q,MIO_EUR,SCA,S13,TE,BE,2004-Q1,36565.8
Q,MIO_EUR,SCA,S13,TE,BE,2004-Q2,36246.9
Q,MIO_EUR,SCA,S13,TE,BE,2004-Q3,36565.6
Q,MIO_EUR,SCA,S13,TE,BE,2004-Q4,37009.7
Q,MIO_EUR,SCA,S13,TE,BE,2005-Q1,45131.1
Q,MIO_EUR,SCA,S13,TE,BE,2005-Q2,38248
Q,MIO_EUR,SCA,S13,TE,BE,2005-Q3,38552.7
Q,MIO_EUR,SCA,S13,TE,BE,2005-Q4,38859.9
Q,MIO_EUR,SCA,S13,TE,BE,2006-Q1,39536.1
Q,MIO_EUR,SCA,S13,TE,BE,2006-Q2,39607.6
Q,MIO_EUR,SCA,S13,TE,BE,2006-Q3,40230.1
Q,MIO_EUR,SCA,S13,TE,BE,2006-Q4,39265.6
Q,MIO_EUR,SCA,S13,TE,BE,2007-Q1,41293.8
Q,MIO_EUR,SCA,S13,TE,BE,2007-Q2,41343.8
Q,MIO_EUR,SCA,S13,TE,BE,2007-Q3,42071.8
Q,MIO_EUR,SCA,S13,TE,BE,2007-Q4,42161.9
Q,MIO_EUR,SCA,S13,TE,BE,2008-Q1,43060.9
Q,MIO_EUR,SCA,S13,TE,BE,2008-Q2,44115.3
Q,MIO_EUR,SCA,S13,TE,BE,2008-Q3,44915.3
Q,MIO_EUR,SCA,S13,TE,BE,2008-Q4,46507.1
Q,MIO_EUR,SCA,S13,TE,BE,2009-Q1,46654.2
Q,MIO_EUR,SCA,S13,TE,BE,2009-Q2,47427.8
Q,MIO_EUR,SCA,S13,TE,BE,2009-Q3,47436.4
Q,MIO_EUR,SCA,S13,TE,BE,2009-Q4,48102.7
Q,MIO_EUR,SCA,S13,TE,BE,2010-Q1,48267.8
Q,MIO_EUR,SCA,S13,TE,BE,2010-Q2,48537.1
Q,MIO_EUR,SCA,S13,TE,BE,2010-Q3,49322.3
Q,MIO_EUR,SCA,S13,TE,BE,2010-Q4,49669.3
Q,MIO_EUR,SCA,S13,TE,BE,2011-Q1,50425.3
Q,MIO_EUR,SCA,S13,TE,BE,2011-Q2,51629.6
Q,MIO_EUR,SCA,S13,TE,BE,2011-Q3,52383
Q,MIO_EUR,SCA,S13,TE,BE,2011-Q4,53975.3
Q,MIO_EUR,SCA,S13,TE,BE,2012-Q1,53077.1
Q,MIO_EUR,SCA,S13,TE,BE,2012-Q2,53824.2
Q,MIO_EUR,SCA,S13,TE,BE,2012-Q3,54021.7
Q,MIO_EUR,SCA,S13,TE,BE,2012-Q4,57271.4
Q,MIO_EUR,SCA,S13,TE,BE,2013-Q1,54648.1
Q,MIO_EUR,SCA,S13,TE,BE,2013-Q2,55074.1
Q,MIO_EUR,SCA,S13,TE,BE,2013-Q3,55794.9
Q,MIO_EUR,SCA,S13,TE,BE,2013-Q4,55081.5
Q,MIO_EUR,SCA,S13,TE,BE,2014-Q1,56580.9
Q,MIO_EUR,SCA,S13,TE,BE,2014-Q2,56370.4
Q,MIO_EUR,SCA,S13,TE,BE,2014-Q3,55492.5
Q,MIO_EUR,SCA,S13,TE,BE,2014-Q4,55970.4
Q,MIO_EUR,SCA,S13,TE,BE,2015-Q1,56099.8
Q,MIO_EUR,SCA,S13,TE,BE,2015-Q2,56045.6
Q,MIO_EUR,SCA,S13,TE,BE,2015-Q3,55570
Q,MIO_EUR,SCA,S13,TE,BE,2015-Q4,56180.2
Q,MIO_EUR,SCA,S13,TE,BE,2016-Q1,56477.8
Q,MIO_EUR,SCA,S13,TE,BE,2016-Q2,56585.4
Q,MIO_EUR,SCA,S13,TE,BE,2016-Q3,57621.2
Q,MIO_EUR,SCA,S13,TE,BE,2016-Q4,58024.4
Q,MIO_EUR,SCA,S13,TE,BE,2017-Q1,57058
Q,MIO_EUR,SCA,S13,TE,BE,2017-Q2,57894.3
Q,MIO_EUR,SCA,S13,TE,BE,2017-Q3,58342.3
Q,MIO_EUR,SCA,S13,TE,BE,2017-Q4,58404.8
Q,MIO_EUR,SCA,S13,TE,BE,2018-Q1,59576.3
Q,MIO_EUR,SCA,S13,TE,BE,2018-Q2,60219
Q,MIO_EUR,SCA,S13,TE,BE,2018-Q3,60075.7
Q,MIO_EUR,SCA,S13,TE,BE,2018-Q4,61137.2
Q,MIO_EUR,SCA,S13,TE,BE,2019-Q1,61331.5
Q,MIO_EUR,SCA,S13,TE,BE,2019-Q2,61982.2
Q,MIO_EUR,SCA,S13,TE,BE,2019-Q3,62279.9
Q,MIO_EUR,SCA,S13,TE,BE,2019-Q4,62525.8
Q,MIO_EUR,SCA,S13,TE,BE,2020-Q1,65548.3
Q,MIO_EUR,SCA,S13,TE,BE,2020-Q2,68288.2
Q,MIO_EUR,SCA,S13,TE,BE,2020-Q3,67814.7
Q,MIO_EUR,SCA,S13,TE,BE,2020-Q4,69425
Q,MIO_EUR,SCA,S13,TE,BE,2021-Q1,69313.8
Q,MIO_EUR,SCA,S13,TE,BE,2021-Q2,69088.1
Q,MIO_EUR,SCA,S13,TE,BE,2021-Q3,70284
Q,MIO_EUR,SCA,S13,TE,BE,2021-Q4,69332
Q,MIO_EUR,SCA,S13,TE,BE,2022-Q1,70486
Q,MIO_EUR,SCA,S13,TE,BE,2022-Q2,73376.4
Q,MIO_EUR,SCA,S13,TE,BE,2022-Q3,74642.1
Q,MIO_EUR,SCA,S13,TE,BE,2022-Q4,76241.3
Q,MIO_EUR,SCA,S13,TE,BE,2023-Q1,77929
Q,MIO_EUR,SCA,S13,TE,BE,2023-Q2,79412.4
Q,MIO_EUR,SCA,S13,TE,BE,2023-Q3,79746.3
Q,MIO_EUR,SCA,S13,TE,BE,2023-Q4,80963.2
Q,MIO_EUR,SCA,S13,TE,BE,2024-Q1,81993.7
Q,MIO_EUR,SCA,S13,TE,BE,2024-Q2,83636.8
Q,MIO_EUR,SCA,S13,TE,BE,2024-Q3,83905.6
Q,MIO_EUR,SCA,S13,TE,BE,2024-Q4,85564
Q,MIO_EUR,SCA,S13,TE,BE,2025-Q1,85209.3
Q,MIO_EUR,SCA,S13,TE,BE,2025-Q2,86288.9
Q,MIO_EUR,SCA,S13,TE,BE,2025-Q3,87619.2
Q,MIO_EUR,SCA,S13,TE,BE,2025-Q4,88838.8
Q,MIO_EUR,SCA,S13,TE,BE,2026-Q1,88629.4
Q,MIO_EUR,SCA,S13,TE,BG,1995-Q1,
Q,MIO_EUR,SCA,S13,TE,BG,1995-Q2,
Q,MIO_EUR,SCA,S13,TE,BG,1995-Q3,
Q,MIO_EUR,SCA,S13,TE,BG,1995-Q4,
Q,MIO_EUR,SCA,S13,TE,BG,1996-Q1,
Q,MIO_EUR,SCA,S13,TE,BG,1996-Q2,
Q,MIO_EUR,SCA,S13,TE,BG,1996-Q3,
Q,MIO_EUR,SCA,S13,TE,BG,1996-Q4,
Q,MIO_EUR,SCA,S13,TE,BG,1997-Q1,
Q,MIO_EUR,SCA,S13,TE,BG,1997-Q2,
Q,MIO_EUR,SCA,S13,TE,BG,1997-Q3,
Q,MIO_EUR,SCA,S13,TE,BG,1997-Q4,
Q,MIO_EUR,SCA,S13,TE,BG,1998-Q1,
Q,MIO_EUR,SCA,S13,TE,BG,1998-Q2,
Q,MIO_EUR,SCA,S13,TE,BG,1998-Q3,
Q,MIO_EUR,SCA,S13,TE,BG,1998-Q4,
Q,MIO_EUR,SCA,S13,TE,BG,1999-Q1,1237
Q,MIO_EUR,SCA,S13,TE,BG,1999-Q2,1405.8
Q,MIO_EUR,SCA,S13,TE,BG,1999-Q3,1320.6
Q,MIO_EUR,SCA,S13,TE,BG,1999-Q4,1338.3
Q,MIO_EUR,SCA,S13,TE,BG,2000-Q1,1500.6
Q,MIO_EUR,SCA,S13,TE,BG,2000-Q2,1393.4
Q,MIO_EUR,SCA,S13,TE,BG,2000-Q3,1592.6
Q,MIO_EUR,SCA,S13,TE,BG,2000-Q4,1672.7
Q,MIO_EUR,SCA,S13,TE,BG,2001-Q1,1606.6
Q,MIO_EUR,SCA,S13,TE,BG,2001-Q2,1719
Q,MIO_EUR,SCA,S13,TE,BG,2001-Q3,1622.1
Q,MIO_EUR,SCA,S13,TE,BG,2001-Q4,1537.6
Q,MIO_EUR,SCA,S13,TE,BG,2002-Q1,1862.3
Q,MIO_EUR,SCA,S13,TE,BG,2002-Q2,1615
Q,MIO_EUR,SCA,S13,TE,BG,2002-Q3,1598.9
Q,MIO_EUR,SCA,S13,TE,BG,2002-Q4,1753.6
Q,MIO_EUR,SCA,S13,TE,BG,2003-Q1,1847.5
Q,MIO_EUR,SCA,S13,TE,BG,2003-Q2,1705.1
Q,MIO_EUR,SCA,S13,TE,BG,2003-Q3,1761.7
Q,MIO_EUR,SCA,S13,TE,BG,2003-Q4,1910.4
Q,MIO_EUR,SCA,S13,TE,BG,2004-Q1,1878.6
Q,MIO_EUR,SCA,S13,TE,BG,2004-Q2,1925.4
Q,MIO_EUR,SCA,S13,TE,BG,2004-Q3,2034.1
Q,MIO_EUR,SCA,S13,TE,BG,2004-Q4,2103.1
Q,MIO_EUR,SCA,S13,TE,BG,2005-Q1,2143.6
Q,MIO_EUR,SCA,S13,TE,BG,2005-Q2,2268.8
Q,MIO_EUR,SCA,S13,TE,BG,2005-Q3,2235.5
Q,MIO_EUR,SCA,S13,TE,BG,2005-Q4,2188.7
Q,MIO_EUR,SCA,S13,TE,BG,2006-Q1,2179
Q,MIO_EUR,SCA,S13,TE,BG,2006-Q2,2226
Q,MIO_EUR,SCA,S13,TE,BG,2006-Q3,2283.6
Q,MIO_EUR,SCA,S13,TE,BG,2006-Q4,2482.2
Q,MIO_EUR,SCA,S13,TE,BG,2007-Q1,2522.7
Q,MIO_EUR,SCA,S13,TE,BG,2007-Q2,2538.9
Q,MIO_EUR,SCA,S13,TE,BG,2007-Q3,2638.5
Q,MIO_EUR,SCA,S13,TE,BG,2007-Q4,4190.7
Q,MIO_EUR,SCA,S13,TE,BG,2008-Q1,2879.6
Q,MIO_EUR,SCA,S13,TE,BG,2008-Q2,2971
Q,MIO_EUR,SCA,S13,TE,BG,2008-Q3,3206.5
Q,MIO_EUR,SCA,S13,TE,BG,2008-Q4,4437.7
Q,MIO_EUR,SCA,S13,TE,BG,2009-Q1,3405
Q,MIO_EUR,SCA,S13,TE,BG,2009-Q2,3802
Q,MIO_EUR,SCA,S13,TE,BG,2009-Q3,3703.8
Q,MIO_EUR,SCA,S13,TE,BG,2009-Q4,3749.7
Q,MIO_EUR,SCA,S13,TE,BG,2010-Q1,3573.8
Q,MIO_EUR,SCA,S13,TE,BG,2010-Q2,3311.8
Q,MIO_EUR,SCA,S13,TE,BG,2010-Q3,3557
Q,MIO_EUR,SCA,S13,TE,BG,2010-Q4,3408.8
Q,MIO_EUR,SCA,S13,TE,BG,2011-Q1,3426
Q,MIO_EUR,SCA,S13,TE,BG,2011-Q2,3455.3
Q,MIO_EUR,SCA,S13,TE,BG,2011-Q3,3563.8
Q,MIO_EUR,SCA,S13,TE,BG,2011-Q4,3522.3
Q,MIO_EUR,SCA,S13,TE,BG,2012-Q1,3660.3
Q,MIO_EUR,SCA,S13,TE,BG,2012-Q2,3545.2
Q,MIO_EUR,SCA,S13,TE,BG,2012-Q3,3651.4
Q,MIO_EUR,SCA,S13,TE,BG,2012-Q4,3621.1
Q,MIO_EUR,SCA,S13,TE,BG,2013-Q1,3779.3
Q,MIO_EUR,SCA,S13,TE,BG,2013-Q2,4211.2
Q,MIO_EUR,SCA,S13,TE,BG,2013-Q3,4105.5
Q,MIO_EUR,SCA,S13,TE,BG,2013-Q4,3816.6
Q,MIO_EUR,SCA,S13,TE,BG,2014-Q1,4173.5
Q,MIO_EUR,SCA,S13,TE,BG,2014-Q2,4383.8
Q,MIO_EUR,SCA,S13,TE,BG,2014-Q3,4332.7
Q,MIO_EUR,SCA,S13,TE,BG,2014-Q4,5435.8
Q,MIO_EUR,SCA,S13,TE,BG,2015-Q1,4580.7
Q,MIO_EUR,SCA,S13,TE,BG,2015-Q2,4554
Q,MIO_EUR,SCA,S13,TE,BG,2015-Q3,4560.7
Q,MIO_EUR,SCA,S13,TE,BG,2015-Q4,4758.1
Q,MIO_EUR,SCA,S13,TE,BG,2016-Q1,3913.3
Q,MIO_EUR,SCA,S13,TE,BG,2016-Q2,4177
Q,MIO_EUR,SCA,S13,TE,BG,2016-Q3,4132.7
Q,MIO_EUR,SCA,S13,TE,BG,2016-Q4,4606.3
Q,MIO_EUR,SCA,S13,TE,BG,2017-Q1,4385
Q,MIO_EUR,SCA,S13,TE,BG,2017-Q2,4400.2
Q,MIO_EUR,SCA,S13,TE,BG,2017-Q3,4497.8
Q,MIO_EUR,SCA,S13,TE,BG,2017-Q4,4882.3
Q,MIO_EUR,SCA,S13,TE,BG,2018-Q1,4682
Q,MIO_EUR,SCA,S13,TE,BG,2018-Q2,5403
Q,MIO_EUR,SCA,S13,TE,BG,2018-Q3,5477.3
Q,MIO_EUR,SCA,S13,TE,BG,2018-Q4,5182.6
Q,MIO_EUR,SCA,S13,TE,BG,2019-Q1,5740
Q,MIO_EUR,SCA,S13,TE,BG,2019-Q2,5530
Q,MIO_EUR,SCA,S13,TE,BG,2019-Q3,5728.6
Q,MIO_EUR,SCA,S13,TE,BG,2019-Q4,5403.2
Q,MIO_EUR,SCA,S13,TE,BG,2020-Q1,5485
Q,MIO_EUR,SCA,S13,TE,BG,2020-Q2,6229
Q,MIO_EUR,SCA,S13,TE,BG,2020-Q3,6683.7
Q,MIO_EUR,SCA,S13,TE,BG,2020-Q4,6982
Q,MIO_EUR,SCA,S13,TE,BG,2021-Q1,7173.6
Q,MIO_EUR,SCA,S13,TE,BG,2021-Q2,6858.9
Q,MIO_EUR,SCA,S13,TE,BG,2021-Q3,6854
Q,MIO_EUR,SCA,S13,TE,BG,2021-Q4,8431.8
Q,MIO_EUR,SCA,S13,TE,BG,2022-Q1,7982.1
Q,MIO_EUR,SCA,S13,TE,BG,2022-Q2,8301.4
Q,MIO_EUR,SCA,S13,TE,BG,2022-Q3,9500.8
Q,MIO_EUR,SCA,S13,TE,BG,2022-Q4,9527.7
Q,MIO_EUR,SCA,S13,TE,BG,2023-Q1,8932.5
Q,MIO_EUR,SCA,S13,TE,BG,2023-Q2,9124.3
Q,MIO_EUR,SCA,S13,TE,BG,2023-Q3,9245.4
Q,MIO_EUR,SCA,S13,TE,BG,2023-Q4,9356.6
Q,MIO_EUR,SCA,S13,TE,BG,2024-Q1,9917.6
Q,MIO_EUR,SCA,S13,TE,BG,2024-Q2,10172.8
Q,MIO_EUR,SCA,S13,TE,BG,2024-Q3,10742.2
Q,MIO_EUR,SCA,S13,TE,BG,2024-Q4,10220
Q,MIO_EUR,SCA,S13,TE,BG,2025-Q1,10621.4
Q,MIO_EUR,SCA,S13,TE,BG,2025-Q2,12511.5
Q,MIO_EUR,SCA,S13,TE,BG,2025-Q3,12184.5
Q,MIO_EUR,SCA,S13,TE,BG,2025-Q4,12775.9
Q,MIO_EUR,SCA,S13,TE,BG,2026-Q1,13259.8
Q,MIO_EUR,SCA,S13,TE,CZ,1995-Q1,
Q,MIO_EUR,SCA,S13,TE,CZ,1995-Q2,
Q,MIO_EUR,SCA,S13,TE,CZ,1995-Q3,
Q,MIO_EUR,SCA,S13,TE,CZ,1995-Q4,
Q,MIO_EUR,SCA,S13,TE,CZ,1996-Q1,
Q,MIO_EUR,SCA,S13,TE,CZ,1996-Q2,
Q,MIO_EUR,SCA,S13,TE,CZ,1996-Q3,
Q,MIO_EUR,SCA,S13,TE,CZ,1996-Q4,
Q,MIO_EUR,SCA,S13,TE,CZ,1997-Q1,
Q,MIO_EUR,SCA,S13,TE,CZ,1997-Q2,
Q,MIO_EUR,SCA,S13,TE,CZ,1997-Q3,
Q,MIO_EUR,SCA,S13,TE,CZ,1997-Q4,
Q,MIO_EUR,SCA,S13,TE,CZ,1998-Q1,
Q,MIO_EUR,SCA,S13,TE,CZ,1998-Q2,
Q,MIO_EUR,SCA,S13,TE,CZ,1998-Q3,
Q,MIO_EUR,SCA,S13,TE,CZ,1998-Q4,
Q,MIO_EUR,SCA,S13,TE,CZ,1999-Q1,5934.8
Q,MIO_EUR,SCA,S13,TE,CZ,1999-Q2,5991.8
Q,MIO_EUR,SCA,S13,TE,CZ,1999-Q3,6302.1
Q,MIO_EUR,SCA,S13,TE,CZ,1999-Q4,6895
Q,MIO_EUR,SCA,S13,TE,CZ,2000-Q1,6646.7
Q,MIO_EUR,SCA,S13,TE,CZ,2000-Q2,6646.5
Q,MIO_EUR,SCA,S13,TE,CZ,2000-Q3,6921.2
Q,MIO_EUR,SCA,S13,TE,CZ,2000-Q4,7163.7
Q,MIO_EUR,SCA,S13,TE,CZ,2001-Q1,7442.8
Q,MIO_EUR,SCA,S13,TE,CZ,2001-Q2,7647.4
Q,MIO_EUR,SCA,S13,TE,CZ,2001-Q3,7980
Q,MIO_EUR,SCA,S13,TE,CZ,2001-Q4,9782.4
Q,MIO_EUR,SCA,S13,TE,CZ,2002-Q1,9565.9
Q,MIO_EUR,SCA,S13,TE,CZ,2002-Q2,10224.8
Q,MIO_EUR,SCA,S13,TE,CZ,2002-Q3,9963.2
Q,MIO_EUR,SCA,S13,TE,CZ,2002-Q4,9259
Q,MIO_EUR,SCA,S13,TE,CZ,2003-Q1,12805
Q,MIO_EUR,SCA,S13,TE,CZ,2003-Q2,9764.1
Q,MIO_EUR,SCA,S13,TE,CZ,2003-Q3,10956.5
Q,MIO_EUR,SCA,S13,TE,CZ,2003-Q4,10039.7
Q,MIO_EUR,SCA,S13,TE,CZ,2004-Q1,9427.8
Q,MIO_EUR,SCA,S13,TE,CZ,2004-Q2,10467.4
Q,MIO_EUR,SCA,S13,TE,CZ,2004-Q3,10120.3
Q,MIO_EUR,SCA,S13,TE,CZ,2004-Q4,10850.8
Q,MIO_EUR,SCA,S13,TE,CZ,2005-Q1,11022.9
Q,MIO_EUR,SCA,S13,TE,CZ,2005-Q2,12024
Q,MIO_EUR,SCA,S13,TE,CZ,2005-Q3,11764.6
Q,MIO_EUR,SCA,S13,TE,CZ,2005-Q4,11920.6
Q,MIO_EUR,SCA,S13,TE,CZ,2006-Q1,12583.5
Q,MIO_EUR,SCA,S13,TE,CZ,2006-Q2,13005.4
Q,MIO_EUR,SCA,S13,TE,CZ,2006-Q3,12904.4
Q,MIO_EUR,SCA,S13,TE,CZ,2006-Q4,13179
Q,MIO_EUR,SCA,S13,TE,CZ,2007-Q1,13846.2
Q,MIO_EUR,SCA,S13,TE,CZ,2007-Q2,13584.8
Q,MIO_EUR,SCA,S13,TE,CZ,2007-Q3,13725.8
Q,MIO_EUR,SCA,S13,TE,CZ,2007-Q4,15098.3
Q,MIO_EUR,SCA,S13,TE,CZ,2008-Q1,15927.3
Q,MIO_EUR,SCA,S13,TE,CZ,2008-Q2,16579.1
Q,MIO_EUR,SCA,S13,TE,CZ,2008-Q3,17202.5
Q,MIO_EUR,SCA,S13,TE,CZ,2008-Q4,16519.3
Q,MIO_EUR,SCA,S13,TE,CZ,2009-Q1,15915.9
Q,MIO_EUR,SCA,S13,TE,CZ,2009-Q2,16358.6
Q,MIO_EUR,SCA,S13,TE,CZ,2009-Q3,17126
Q,MIO_EUR,SCA,S13,TE,CZ,2009-Q4,16979.4
Q,MIO_EUR,SCA,S13,TE,CZ,2010-Q1,16785.6
Q,MIO_EUR,SCA,S13,TE,CZ,2010-Q2,17021.7
Q,MIO_EUR,SCA,S13,TE,CZ,2010-Q3,17380.3
Q,MIO_EUR,SCA,S13,TE,CZ,2010-Q4,17683.1
Q,MIO_EUR,SCA,S13,TE,CZ,2011-Q1,17840.9
Q,MIO_EUR,SCA,S13,TE,CZ,2011-Q2,18095
Q,MIO_EUR,SCA,S13,TE,CZ,2011-Q3,18062.3
Q,MIO_EUR,SCA,S13,TE,CZ,2011-Q4,17347
Q,MIO_EUR,SCA,S13,TE,CZ,2012-Q1,17429.1
Q,MIO_EUR,SCA,S13,TE,CZ,2012-Q2,17463
Q,MIO_EUR,SCA,S13,TE,CZ,2012-Q3,17892.3
Q,MIO_EUR,SCA,S13,TE,CZ,2012-Q4,19859.9
Q,MIO_EUR,SCA,S13,TE,CZ,2013-Q1,17147.8
Q,MIO_EUR,SCA,S13,TE,CZ,2013-Q2,17141.5
Q,MIO_EUR,SCA,S13,TE,CZ,2013-Q3,17215.6
Q,MIO_EUR,SCA,S13,TE,CZ,2013-Q4,16525.6
Q,MIO_EUR,SCA,S13,TE,CZ,2014-Q1,16921.5
Q,MIO_EUR,SCA,S13,TE,CZ,2014-Q2,16711
Q,MIO_EUR,SCA,S13,TE,CZ,2014-Q3,16838.6
Q,MIO_EUR,SCA,S13,TE,CZ,2014-Q4,16801.8
Q,MIO_EUR,SCA,S13,TE,CZ,2015-Q1,16753.7
Q,MIO_EUR,SCA,S13,TE,CZ,2015-Q2,17726.3
Q,MIO_EUR,SCA,S13,TE,CZ,2015-Q3,17986.9
Q,MIO_EUR,SCA,S13,TE,CZ,2015-Q4,18655.3
Q,MIO_EUR,SCA,S13,TE,CZ,2016-Q1,17446.5
Q,MIO_EUR,SCA,S13,TE,CZ,2016-Q2,17451.1
Q,MIO_EUR,SCA,S13,TE,CZ,2016-Q3,17705.1
Q,MIO_EUR,SCA,S13,TE,CZ,2016-Q4,17925.4
Q,MIO_EUR,SCA,S13,TE,CZ,2017-Q1,18177.9
Q,MIO_EUR,SCA,S13,TE,CZ,2017-Q2,18666.3
Q,MIO_EUR,SCA,S13,TE,CZ,2017-Q3,19152.5
Q,MIO_EUR,SCA,S13,TE,CZ,2017-Q4,19766.3
Q,MIO_EUR,SCA,S13,TE,CZ,2018-Q1,20901.9
Q,MIO_EUR,SCA,S13,TE,CZ,2018-Q2,21167.7
Q,MIO_EUR,SCA,S13,TE,CZ,2018-Q3,21815.2
Q,MIO_EUR,SCA,S13,TE,CZ,2018-Q4,21777.8
Q,MIO_EUR,SCA,S13,TE,CZ,2019-Q1,22486.2
Q,MIO_EUR,SCA,S13,TE,CZ,2019-Q2,23057.4
Q,MIO_EUR,SCA,S13,TE,CZ,2019-Q3,23504.7
Q,MIO_EUR,SCA,S13,TE,CZ,2019-Q4,23579.5
Q,MIO_EUR,SCA,S13,TE,CZ,2020-Q1,24868.2
Q,MIO_EUR,SCA,S13,TE,CZ,2020-Q2,25172.8
Q,MIO_EUR,SCA,S13,TE,CZ,2020-Q3,24995.6
Q,MIO_EUR,SCA,S13,TE,CZ,2020-Q4,26838.2
Q,MIO_EUR,SCA,S13,TE,CZ,2021-Q1,27473.1
Q,MIO_EUR,SCA,S13,TE,CZ,2021-Q2,28095.4
Q,MIO_EUR,SCA,S13,TE,CZ,2021-Q3,27470.5
Q,MIO_EUR,SCA,S13,TE,CZ,2021-Q4,27690.4
Q,MIO_EUR,SCA,S13,TE,CZ,2022-Q1,29081.8
Q,MIO_EUR,SCA,S13,TE,CZ,2022-Q2,30574.3
Q,MIO_EUR,SCA,S13,TE,CZ,2022-Q3,32079.1
Q,MIO_EUR,SCA,S13,TE,CZ,2022-Q4,32313.1
Q,MIO_EUR,SCA,S13,TE,CZ,2023-Q1,34817.1
Q,MIO_EUR,SCA,S13,TE,CZ,2023-Q2,35254
Q,MIO_EUR,SCA,S13,TE,CZ,2023-Q3,34898.9
Q,MIO_EUR,SCA,S13,TE,CZ,2023-Q4,35432.8
Q,MIO_EUR,SCA,S13,TE,CZ,2024-Q1,33930.1
Q,MIO_EUR,SCA,S13,TE,CZ,2024-Q2,34807.2
Q,MIO_EUR,SCA,S13,TE,CZ,2024-Q3,34846.4
Q,MIO_EUR,SCA,S13,TE,CZ,2024-Q4,34987.3
Q,MIO_EUR,SCA,S13,TE,CZ,2025-Q1,35933.4
Q,MIO_EUR,SCA,S13,TE,CZ,2025-Q2,36951.6
Q,MIO_EUR,SCA,S13,TE,CZ,2025-Q3,38042.8
Q,MIO_EUR,SCA,S13,TE,CZ,2025-Q4,38831.2
Q,MIO_EUR,SCA,S13,TE,CZ,2026-Q1,38987.3
Q,MIO_EUR,SCA,S13,TE,DK,1995-Q1,
Q,MIO_EUR,SCA,S13,TE,DK,1995-Q2,
Q,MIO_EUR,SCA,S13,TE,DK,1995-Q3,
Q,MIO_EUR,SCA,S13,TE,DK,1995-Q4,
Q,MIO_EUR,SCA,S13,TE,DK,1996-Q1,
Q,MIO_EUR,SCA,S13,TE,DK,1996-Q2,
Q,MIO_EUR,SCA,S13,TE,DK,1996-Q3,
Q,MIO_EUR,SCA,S13,TE,DK,1996-Q4,
Q,MIO_EUR,SCA,S13,TE,DK,1997-Q1,
Q,MIO_EUR,SCA,S13,TE,DK,1997-Q2,
Q,MIO_EUR,SCA,S13,TE,DK,1997-Q3,
Q,MIO_EUR,SCA,S13,TE,DK,1997-Q4,
Q,MIO_EUR,SCA,S13,TE,DK,1998-Q1,
Q,MIO_EUR,SCA,S13,TE,DK,1998-Q2,
Q,MIO_EUR,SCA,S13,TE,DK,1998-Q3,
Q,MIO_EUR,SCA,S13,TE,DK,1998-Q4,
Q,MIO_EUR,SCA,S13,TE,DK,1999-Q1,22540.1
Q,MIO_EUR,SCA,S13,TE,DK,1999-Q2,22655.6
Q,MIO_EUR,SCA,S13,TE,DK,1999-Q3,22991.8
Q,MIO_EUR,SCA,S13,TE,DK,1999-Q4,23128.2
Q,MIO_EUR,SCA,S13,TE,DK,2000-Q1,22872.2
Q,MIO_EUR,SCA,S13,TE,DK,2000-Q2,23501.2
Q,MIO_EUR,SCA,S13,TE,DK,2000-Q3,23687.4
Q,MIO_EUR,SCA,S13,TE,DK,2000-Q4,23766.9
Q,MIO_EUR,SCA,S13,TE,DK,2001-Q1,24166.6
Q,MIO_EUR,SCA,S13,TE,DK,2001-Q2,24126
Q,MIO_EUR,SCA,S13,TE,DK,2001-Q3,24399.6
Q,MIO_EUR,SCA,S13,TE,DK,2001-Q4,24781.8
Q,MIO_EUR,SCA,S13,TE,DK,2002-Q1,24808.2
Q,MIO_EUR,SCA,S13,TE,DK,2002-Q2,25258.4
Q,MIO_EUR,SCA,S13,TE,DK,2002-Q3,25269.9
Q,MIO_EUR,SCA,S13,TE,DK,2002-Q4,25641.8
Q,MIO_EUR,SCA,S13,TE,DK,2003-Q1,25596
Q,MIO_EUR,SCA,S13,TE,DK,2003-Q2,25922.1
Q,MIO_EUR,SCA,S13,TE,DK,2003-Q3,26059.6
Q,MIO_EUR,SCA,S13,TE,DK,2003-Q4,25997.8
Q,MIO_EUR,SCA,S13,TE,DK,2004-Q1,26101.5
Q,MIO_EUR,SCA,S13,TE,DK,2004-Q2,26413.5
Q,MIO_EUR,SCA,S13,TE,DK,2004-Q3,27097.5
Q,MIO_EUR,SCA,S13,TE,DK,2004-Q4,27301.4
Q,MIO_EUR,SCA,S13,TE,DK,2005-Q1,27445.2
Q,MIO_EUR,SCA,S13,TE,DK,2005-Q2,27341.3
Q,MIO_EUR,SCA,S13,TE,DK,2005-Q3,27178.3
Q,MIO_EUR,SCA,S13,TE,DK,2005-Q4,27300.7
Q,MIO_EUR,SCA,S13,TE,DK,2006-Q1,27888.7
Q,MIO_EUR,SCA,S13,TE,DK,2006-Q2,28019.2
Q,MIO_EUR,SCA,S13,TE,DK,2006-Q3,28002.5
Q,MIO_EUR,SCA,S13,TE,DK,2006-Q4,28503.3
Q,MIO_EUR,SCA,S13,TE,DK,2007-Q1,28641.6
Q,MIO_EUR,SCA,S13,TE,DK,2007-Q2,28556.8
Q,MIO_EUR,SCA,S13,TE,DK,2007-Q3,29085.4
Q,MIO_EUR,SCA,S13,TE,DK,2007-Q4,29242.2
Q,MIO_EUR,SCA,S13,TE,DK,2008-Q1,29958.9
Q,MIO_EUR,SCA,S13,TE,DK,2008-Q2,29779.6
Q,MIO_EUR,SCA,S13,TE,DK,2008-Q3,30647.7
Q,MIO_EUR,SCA,S13,TE,DK,2008-Q4,31121
Q,MIO_EUR,SCA,S13,TE,DK,2009-Q1,31886.4
Q,MIO_EUR,SCA,S13,TE,DK,2009-Q2,32643.5
Q,MIO_EUR,SCA,S13,TE,DK,2009-Q3,33058.5
Q,MIO_EUR,SCA,S13,TE,DK,2009-Q4,33375.6
Q,MIO_EUR,SCA,S13,TE,DK,2010-Q1,34374.8
Q,MIO_EUR,SCA,S13,TE,DK,2010-Q2,34453.9
Q,MIO_EUR,SCA,S13,TE,DK,2010-Q3,34397.5
Q,MIO_EUR,SCA,S13,TE,DK,2010-Q4,34408.6
Q,MIO_EUR,SCA,S13,TE,DK,2011-Q1,33945.7
Q,MIO_EUR,SCA,S13,TE,DK,2011-Q2,35142.1
Q,MIO_EUR,SCA,S13,TE,DK,2011-Q3,34727.2
Q,MIO_EUR,SCA,S13,TE,DK,2011-Q4,36160.6
Q,MIO_EUR,SCA,S13,TE,DK,2012-Q1,35428.2
Q,MIO_EUR,SCA,S13,TE,DK,2012-Q2,37998.9
Q,MIO_EUR,SCA,S13,TE,DK,2012-Q3,36730.8
Q,MIO_EUR,SCA,S13,TE,DK,2012-Q4,36373.9
Q,MIO_EUR,SCA,S13,TE,DK,2013-Q1,35957.2
Q,MIO_EUR,SCA,S13,TE,DK,2013-Q2,36164.4
Q,MIO_EUR,SCA,S13,TE,DK,2013-Q3,36257
Q,MIO_EUR,SCA,S13,TE,DK,2013-Q4,36007.6
Q,MIO_EUR,SCA,S13,TE,DK,2014-Q1,36635.9
Q,MIO_EUR,SCA,S13,TE,DK,2014-Q2,36200.9
Q,MIO_EUR,SCA,S13,TE,DK,2014-Q3,36614.4
Q,MIO_EUR,SCA,S13,TE,DK,2014-Q4,36854.1
Q,MIO_EUR,SCA,S13,TE,DK,2015-Q1,37278.8
Q,MIO_EUR,SCA,S13,TE,DK,2015-Q2,36793
Q,MIO_EUR,SCA,S13,TE,DK,2015-Q3,36878.1
Q,MIO_EUR,SCA,S13,TE,DK,2015-Q4,37436.8
Q,MIO_EUR,SCA,S13,TE,DK,2016-Q1,36788.6
Q,MIO_EUR,SCA,S13,TE,DK,2016-Q2,37185.5
Q,MIO_EUR,SCA,S13,TE,DK,2016-Q3,37210.7
Q,MIO_EUR,SCA,S13,TE,DK,2016-Q4,36597.4
Q,MIO_EUR,SCA,S13,TE,DK,2017-Q1,36799.4
Q,MIO_EUR,SCA,S13,TE,DK,2017-Q2,37372.2
Q,MIO_EUR,SCA,S13,TE,DK,2017-Q3,37365.7
Q,MIO_EUR,SCA,S13,TE,DK,2017-Q4,37497.9
Q,MIO_EUR,SCA,S13,TE,DK,2018-Q1,38101.5
Q,MIO_EUR,SCA,S13,TE,DK,2018-Q2,38268.4
Q,MIO_EUR,SCA,S13,TE,DK,2018-Q3,38077.1
Q,MIO_EUR,SCA,S13,TE,DK,2018-Q4,38089.6
Q,MIO_EUR,SCA,S13,TE,DK,2019-Q1,38091.6
Q,MIO_EUR,SCA,S13,TE,DK,2019-Q2,37930.4
Q,MIO_EUR,SCA,S13,TE,DK,2019-Q3,38725
Q,MIO_EUR,SCA,S13,TE,DK,2019-Q4,38994.4
Q,MIO_EUR,SCA,S13,TE,DK,2020-Q1,39290
Q,MIO_EUR,SCA,S13,TE,DK,2020-Q2,42037.5
Q,MIO_EUR,SCA,S13,TE,DK,2020-Q3,40736.6
Q,MIO_EUR,SCA,S13,TE,DK,2020-Q4,44230.7
Q,MIO_EUR,SCA,S13,TE,DK,2021-Q1,43155.6
Q,MIO_EUR,SCA,S13,TE,DK,2021-Q2,42743.7
Q,MIO_EUR,SCA,S13,TE,DK,2021-Q3,41712.3
Q,MIO_EUR,SCA,S13,TE,DK,2021-Q4,42955.6
Q,MIO_EUR,SCA,S13,TE,DK,2022-Q1,42797.7
Q,MIO_EUR,SCA,S13,TE,DK,2022-Q2,42686.4
Q,MIO_EUR,SCA,S13,TE,DK,2022-Q3,43181
Q,MIO_EUR,SCA,S13,TE,DK,2022-Q4,43233.4
Q,MIO_EUR,SCA,S13,TE,DK,2023-Q1,43435.6
Q,MIO_EUR,SCA,S13,TE,DK,2023-Q2,44167
Q,MIO_EUR,SCA,S13,TE,DK,2023-Q3,44688
Q,MIO_EUR,SCA,S13,TE,DK,2023-Q4,45050.8
Q,MIO_EUR,SCA,S13,TE,DK,2024-Q1,44870.9
Q,MIO_EUR,SCA,S13,TE,DK,2024-Q2,46334
Q,MIO_EUR,SCA,S13,TE,DK,2024-Q3,46701.9
Q,MIO_EUR,SCA,S13,TE,DK,2024-Q4,47839.4
Q,MIO_EUR,SCA,S13,TE,DK,2025-Q1,48350.4
Q,MIO_EUR,SCA,S13,TE,DK,2025-Q2,48502.9
Q,MIO_EUR,SCA,S13,TE,DK,2025-Q3,49508.6
Q,MIO_EUR,SCA,S13,TE,DK,2025-Q4,50613.9
Q,MIO_EUR,SCA,S13,TE,DK,2026-Q1,50054.8
Q,MIO_EUR,SCA,S13,TE,DE,1995-Q1,
Q,MIO_EUR,SCA,S13,TE,DE,1995-Q2,
Q,MIO_EUR,SCA,S13,TE,DE,1995-Q3,
Q,MIO_EUR,SCA,S13,TE,DE,1995-Q4,
Q,MIO_EUR,SCA,S13,TE,DE,1996-Q1,
Q,MIO_EUR,SCA,S13,TE,DE,1996-Q2,
Q,MIO_EUR,SCA,S13,TE,DE,1996-Q3,
Q,MIO_EUR,SCA,S13,TE,DE,1996-Q4,
Q,MIO_EUR,SCA,S13,TE,DE,1997-Q1,
Q,MIO_EUR,SCA,S13,TE,DE,1997-Q2,
Q,MIO_EUR,SCA,S13,TE,DE,1997-Q3,
Q,MIO_EUR,SCA,S13,TE,DE,1997-Q4,
Q,MIO_EUR,SCA,S13,TE,DE,1998-Q1,
Q,MIO_EUR,SCA,S13,TE,DE,1998-Q2,
Q,MIO_EUR,SCA,S13,TE,DE,1998-Q3,
Q,MIO_EUR,SCA,S13,TE,DE,1998-Q4,
Q,MIO_EUR,SCA,S13,TE,DE,1999-Q1,
Q,MIO_EUR,SCA,S13,TE,DE,1999-Q2,
Q,MIO_EUR,SCA,S13,TE,DE,1999-Q3,
Q,MIO_EUR,SCA,S13,TE,DE,1999-Q4,
Q,MIO_EUR,SCA,S13,TE,DE,2000-Q1,
Q,MIO_EUR,SCA,S13,TE,DE,2000-Q2,
Q,MIO_EUR,SCA,S13,TE,DE,2000-Q3,
Q,MIO_EUR,SCA,S13,TE,DE,2000-Q4,
Q,MIO_EUR,SCA,S13,TE,DE,2001-Q1,
Q,MIO_EUR,SCA,S13,TE,DE,2001-Q2,
Q,MIO_EUR,SCA,S13,TE,DE,2001-Q3,
Q,MIO_EUR,SCA,S13,TE,DE,2001-Q4,
Q,MIO_EUR,SCA,S13,TE,DE,2002-Q1,265204
Q,MIO_EUR,SCA,S13,TE,DE,2002-Q2,267199
Q,MIO_EUR,SCA,S13,TE,DE,2002-Q3,268114
Q,MIO_EUR,SCA,S13,TE,DE,2002-Q4,272121
Q,MIO_EUR,SCA,S13,TE,DE,2003-Q1,270336
Q,MIO_EUR,SCA,S13,TE,DE,2003-Q2,272253
Q,MIO_EUR,SCA,S13,TE,DE,2003-Q3,273792
Q,MIO_EUR,SCA,S13,TE,DE,2003-Q4,270721
Q,MIO_EUR,SCA,S13,TE,DE,2004-Q1,272588
Q,MIO_EUR,SCA,S13,TE,DE,2004-Q2,269451
Q,MIO_EUR,SCA,S13,TE,DE,2004-Q3,269410
Q,MIO_EUR,SCA,S13,TE,DE,2004-Q4,265632
Q,MIO_EUR,SCA,S13,TE,DE,2005-Q1,274180
Q,MIO_EUR,SCA,S13,TE,DE,2005-Q2,273404
Q,MIO_EUR,SCA,S13,TE,DE,2005-Q3,271896
Q,MIO_EUR,SCA,S13,TE,DE,2005-Q4,270513
Q,MIO_EUR,SCA,S13,TE,DE,2006-Q1,276810
Q,MIO_EUR,SCA,S13,TE,DE,2006-Q2,274034
Q,MIO_EUR,SCA,S13,TE,DE,2006-Q3,273532
Q,MIO_EUR,SCA,S13,TE,DE,2006-Q4,274897
Q,MIO_EUR,SCA,S13,TE,DE,2007-Q1,277528
Q,MIO_EUR,SCA,S13,TE,DE,2007-Q2,273831
Q,MIO_EUR,SCA,S13,TE,DE,2007-Q3,275738
Q,MIO_EUR,SCA,S13,TE,DE,2007-Q4,279782
Q,MIO_EUR,SCA,S13,TE,DE,2008-Q1,285528
Q,MIO_EUR,SCA,S13,TE,DE,2008-Q2,286378
Q,MIO_EUR,SCA,S13,TE,DE,2008-Q3,285003
Q,MIO_EUR,SCA,S13,TE,DE,2008-Q4,293370
Q,MIO_EUR,SCA,S13,TE,DE,2009-Q1,293438
Q,MIO_EUR,SCA,S13,TE,DE,2009-Q2,299430
Q,MIO_EUR,SCA,S13,TE,DE,2009-Q3,304532
Q,MIO_EUR,SCA,S13,TE,DE,2009-Q4,307418
Q,MIO_EUR,SCA,S13,TE,DE,2010-Q1,305551
Q,MIO_EUR,SCA,S13,TE,DE,2010-Q2,308198
Q,MIO_EUR,SCA,S13,TE,DE,2010-Q3,338371
Q,MIO_EUR,SCA,S13,TE,DE,2010-Q4,306587
Q,MIO_EUR,SCA,S13,TE,DE,2011-Q1,309483
Q,MIO_EUR,SCA,S13,TE,DE,2011-Q2,310515
Q,MIO_EUR,SCA,S13,TE,DE,2011-Q3,312465
Q,MIO_EUR,SCA,S13,TE,DE,2011-Q4,311600
Q,MIO_EUR,SCA,S13,TE,DE,2012-Q1,312955
Q,MIO_EUR,SCA,S13,TE,DE,2012-Q2,314903
Q,MIO_EUR,SCA,S13,TE,DE,2012-Q3,317792
Q,MIO_EUR,SCA,S13,TE,DE,2012-Q4,316858
Q,MIO_EUR,SCA,S13,TE,DE,2013-Q1,321323
Q,MIO_EUR,SCA,S13,TE,DE,2013-Q2,324355
Q,MIO_EUR,SCA,S13,TE,DE,2013-Q3,325525
Q,MIO_EUR,SCA,S13,TE,DE,2013-Q4,323397
Q,MIO_EUR,SCA,S13,TE,DE,2014-Q1,327871
Q,MIO_EUR,SCA,S13,TE,DE,2014-Q2,330116
Q,MIO_EUR,SCA,S13,TE,DE,2014-Q3,333489
Q,MIO_EUR,SCA,S13,TE,DE,2014-Q4,336856
Q,MIO_EUR,SCA,S13,TE,DE,2015-Q1,339982
Q,MIO_EUR,SCA,S13,TE,DE,2015-Q2,342963
Q,MIO_EUR,SCA,S13,TE,DE,2015-Q3,341013
Q,MIO_EUR,SCA,S13,TE,DE,2015-Q4,349334
Q,MIO_EUR,SCA,S13,TE,DE,2016-Q1,353250
Q,MIO_EUR,SCA,S13,TE,DE,2016-Q2,355817
Q,MIO_EUR,SCA,S13,TE,DE,2016-Q3,362211
Q,MIO_EUR,SCA,S13,TE,DE,2016-Q4,357978
Q,MIO_EUR,SCA,S13,TE,DE,2017-Q1,366856
Q,MIO_EUR,SCA,S13,TE,DE,2017-Q2,375334
Q,MIO_EUR,SCA,S13,TE,DE,2017-Q3,368280
Q,MIO_EUR,SCA,S13,TE,DE,2017-Q4,374081
Q,MIO_EUR,SCA,S13,TE,DE,2018-Q1,375331
Q,MIO_EUR,SCA,S13,TE,DE,2018-Q2,379286
Q,MIO_EUR,SCA,S13,TE,DE,2018-Q3,384637
Q,MIO_EUR,SCA,S13,TE,DE,2018-Q4,394075
Q,MIO_EUR,SCA,S13,TE,DE,2019-Q1,391942
Q,MIO_EUR,SCA,S13,TE,DE,2019-Q2,400027
Q,MIO_EUR,SCA,S13,TE,DE,2019-Q3,408515
Q,MIO_EUR,SCA,S13,TE,DE,2019-Q4,410131
Q,MIO_EUR,SCA,S13,TE,DE,2020-Q1,418851
Q,MIO_EUR,SCA,S13,TE,DE,2020-Q2,451680
Q,MIO_EUR,SCA,S13,TE,DE,2020-Q3,445580
Q,MIO_EUR,SCA,S13,TE,DE,2020-Q4,447673
Q,MIO_EUR,SCA,S13,TE,DE,2021-Q1,460988
Q,MIO_EUR,SCA,S13,TE,DE,2021-Q2,466043
Q,MIO_EUR,SCA,S13,TE,DE,2021-Q3,462887
Q,MIO_EUR,SCA,S13,TE,DE,2021-Q4,475901
Q,MIO_EUR,SCA,S13,TE,DE,2022-Q1,464485
Q,MIO_EUR,SCA,S13,TE,DE,2022-Q2,466936
Q,MIO_EUR,SCA,S13,TE,DE,2022-Q3,491495
Q,MIO_EUR,SCA,S13,TE,DE,2022-Q4,516292
Q,MIO_EUR,SCA,S13,TE,DE,2023-Q1,496660
Q,MIO_EUR,SCA,S13,TE,DE,2023-Q2,501717
Q,MIO_EUR,SCA,S13,TE,DE,2023-Q3,512364
Q,MIO_EUR,SCA,S13,TE,DE,2023-Q4,520692
Q,MIO_EUR,SCA,S13,TE,DE,2024-Q1,525500
Q,MIO_EUR,SCA,S13,TE,DE,2024-Q2,530637
Q,MIO_EUR,SCA,S13,TE,DE,2024-Q3,538292
Q,MIO_EUR,SCA,S13,TE,DE,2024-Q4,545287
Q,MIO_EUR,SCA,S13,TE,DE,2025-Q1,549879
Q,MIO_EUR,SCA,S13,TE,DE,2025-Q2,557527
Q,MIO_EUR,SCA,S13,TE,DE,2025-Q3,568599
Q,MIO_EUR,SCA,S13,TE,DE,2025-Q4,586582
Q,MIO_EUR,SCA,S13,TE,DE,2026-Q1,583288
Q,MIO_EUR,SCA,S13,TE,EE,1995-Q1,
Q,MIO_EUR,SCA,S13,TE,EE,1995-Q2,
Q,MIO_EUR,SCA,S13,TE,EE,1995-Q3,
Q,MIO_EUR,SCA,S13,TE,EE,1995-Q4,
Q,MIO_EUR,SCA,S13,TE,EE,1996-Q1,
Q,MIO_EUR,SCA,S13,TE,EE,1996-Q2,
Q,MIO_EUR,SCA,S13,TE,EE,1996-Q3,
Q,MIO_EUR,SCA,S13,TE,EE,1996-Q4,
Q,MIO_EUR,SCA,S13,TE,EE,1997-Q1,
Q,MIO_EUR,SCA,S13,TE,EE,1997-Q2,
Q,MIO_EUR,SCA,S13,TE,EE,1997-Q3,
Q,MIO_EUR,SCA,S13,TE,EE,1997-Q4,
Q,MIO_EUR,SCA,S13,TE,EE,1998-Q1,
Q,MIO_EUR,SCA,S13,TE,EE,1998-Q2,
Q,MIO_EUR,SCA,S13,TE,EE,1998-Q3,
Q,MIO_EUR,SCA,S13,TE,EE,1998-Q4,
Q,MIO_EUR,SCA,S13,TE,EE,1999-Q1,
Q,MIO_EUR,SCA,S13,TE,EE,1999-Q2,
Q,MIO_EUR,SCA,S13,TE,EE,1999-Q3,
Q,MIO_EUR,SCA,S13,TE,EE,1999-Q4,
Q,MIO_EUR,SCA,S13,TE,EE,2000-Q1,
Q,MIO_EUR,SCA,S13,TE,EE,2000-Q2,
Q,MIO_EUR,SCA,S13,TE,EE,2000-Q3,
Q,MIO_EUR,SCA,S13,TE,EE,2000-Q4,
Q,MIO_EUR,SCA,S13,TE,EE,2001-Q1,
Q,MIO_EUR,SCA,S13,TE,EE,2001-Q2,
Q,MIO_EUR,SCA,S13,TE,EE,2001-Q3,
Q,MIO_EUR,SCA,S13,TE,EE,2001-Q4,
Q,MIO_EUR,SCA,S13,TE,EE,2002-Q1,672
Q,MIO_EUR,SCA,S13,TE,EE,2002-Q2,696.5
Q,MIO_EUR,SCA,S13,TE,EE,2002-Q3,725.6
Q,MIO_EUR,SCA,S13,TE,EE,2002-Q4,706.4
Q,MIO_EUR,SCA,S13,TE,EE,2003-Q1,749
Q,MIO_EUR,SCA,S13,TE,EE,2003-Q2,772.1
Q,MIO_EUR,SCA,S13,TE,EE,2003-Q3,749.4
Q,MIO_EUR,SCA,S13,TE,EE,2003-Q4,783.5
Q,MIO_EUR,SCA,S13,TE,EE,2004-Q1,777.8
Q,MIO_EUR,SCA,S13,TE,EE,2004-Q2,825.1
Q,MIO_EUR,SCA,S13,TE,EE,2004-Q3,826.8
Q,MIO_EUR,SCA,S13,TE,EE,2004-Q4,883
Q,MIO_EUR,SCA,S13,TE,EE,2005-Q1,899.1
Q,MIO_EUR,SCA,S13,TE,EE,2005-Q2,923.8
Q,MIO_EUR,SCA,S13,TE,EE,2005-Q3,959.8
Q,MIO_EUR,SCA,S13,TE,EE,2005-Q4,1020.6
Q,MIO_EUR,SCA,S13,TE,EE,2006-Q1,1037.5
Q,MIO_EUR,SCA,S13,TE,EE,2006-Q2,1038.2
Q,MIO_EUR,SCA,S13,TE,EE,2006-Q3,1164.8
Q,MIO_EUR,SCA,S13,TE,EE,2006-Q4,1273.5
Q,MIO_EUR,SCA,S13,TE,EE,2007-Q1,1266.1
Q,MIO_EUR,SCA,S13,TE,EE,2007-Q2,1360.5
Q,MIO_EUR,SCA,S13,TE,EE,2007-Q3,1435.7
Q,MIO_EUR,SCA,S13,TE,EE,2007-Q4,1471.9
Q,MIO_EUR,SCA,S13,TE,EE,2008-Q1,1547.8
Q,MIO_EUR,SCA,S13,TE,EE,2008-Q2,1641.2
Q,MIO_EUR,SCA,S13,TE,EE,2008-Q3,1677.4
Q,MIO_EUR,SCA,S13,TE,EE,2008-Q4,1699.8
Q,MIO_EUR,SCA,S13,TE,EE,2009-Q1,1712.9
Q,MIO_EUR,SCA,S13,TE,EE,2009-Q2,1676.5
Q,MIO_EUR,SCA,S13,TE,EE,2009-Q3,1576.1
Q,MIO_EUR,SCA,S13,TE,EE,2009-Q4,1567.5
Q,MIO_EUR,SCA,S13,TE,EE,2010-Q1,1588
Q,MIO_EUR,SCA,S13,TE,EE,2010-Q2,1503.9
Q,MIO_EUR,SCA,S13,TE,EE,2010-Q3,1486.5
Q,MIO_EUR,SCA,S13,TE,EE,2010-Q4,1437.9
Q,MIO_EUR,SCA,S13,TE,EE,2011-Q1,1495.6
Q,MIO_EUR,SCA,S13,TE,EE,2011-Q2,1524
Q,MIO_EUR,SCA,S13,TE,EE,2011-Q3,1583.6
Q,MIO_EUR,SCA,S13,TE,EE,2011-Q4,1681.9
Q,MIO_EUR,SCA,S13,TE,EE,2012-Q1,1752
Q,MIO_EUR,SCA,S13,TE,EE,2012-Q2,1785.9
Q,MIO_EUR,SCA,S13,TE,EE,2012-Q3,1829.8
Q,MIO_EUR,SCA,S13,TE,EE,2012-Q4,1762.6
Q,MIO_EUR,SCA,S13,TE,EE,2013-Q1,1768.2
Q,MIO_EUR,SCA,S13,TE,EE,2013-Q2,1820.9
Q,MIO_EUR,SCA,S13,TE,EE,2013-Q3,1886.1
Q,MIO_EUR,SCA,S13,TE,EE,2013-Q4,1864
Q,MIO_EUR,SCA,S13,TE,EE,2014-Q1,1908.4
Q,MIO_EUR,SCA,S13,TE,EE,2014-Q2,1901
Q,MIO_EUR,SCA,S13,TE,EE,2014-Q3,1934.4
Q,MIO_EUR,SCA,S13,TE,EE,2014-Q4,1908.5
Q,MIO_EUR,SCA,S13,TE,EE,2015-Q1,2035.5
Q,MIO_EUR,SCA,S13,TE,EE,2015-Q2,2032.3
Q,MIO_EUR,SCA,S13,TE,EE,2015-Q3,2030.2
Q,MIO_EUR,SCA,S13,TE,EE,2015-Q4,2136.8
Q,MIO_EUR,SCA,S13,TE,EE,2016-Q1,2089.4
Q,MIO_EUR,SCA,S13,TE,EE,2016-Q2,2111.9
Q,MIO_EUR,SCA,S13,TE,EE,2016-Q3,2176.9
Q,MIO_EUR,SCA,S13,TE,EE,2016-Q4,2240.4
Q,MIO_EUR,SCA,S13,TE,EE,2017-Q1,2258
Q,MIO_EUR,SCA,S13,TE,EE,2017-Q2,2365
Q,MIO_EUR,SCA,S13,TE,EE,2017-Q3,2384.1
Q,MIO_EUR,SCA,S13,TE,EE,2017-Q4,2428.7
Q,MIO_EUR,SCA,S13,TE,EE,2018-Q1,2462.3
Q,MIO_EUR,SCA,S13,TE,EE,2018-Q2,2513.1
Q,MIO_EUR,SCA,S13,TE,EE,2018-Q3,2597.9
Q,MIO_EUR,SCA,S13,TE,EE,2018-Q4,2675.3
Q,MIO_EUR,SCA,S13,TE,EE,2019-Q1,2740.9
Q,MIO_EUR,SCA,S13,TE,EE,2019-Q2,2759.3
Q,MIO_EUR,SCA,S13,TE,EE,2019-Q3,2821.8
Q,MIO_EUR,SCA,S13,TE,EE,2019-Q4,2814.6
Q,MIO_EUR,SCA,S13,TE,EE,2020-Q1,2933.1
Q,MIO_EUR,SCA,S13,TE,EE,2020-Q2,3189.7
Q,MIO_EUR,SCA,S13,TE,EE,2020-Q3,3122.7
Q,MIO_EUR,SCA,S13,TE,EE,2020-Q4,3194.3
Q,MIO_EUR,SCA,S13,TE,EE,2021-Q1,3180.8
Q,MIO_EUR,SCA,S13,TE,EE,2021-Q2,3269.3
Q,MIO_EUR,SCA,S13,TE,EE,2021-Q3,3326
Q,MIO_EUR,SCA,S13,TE,EE,2021-Q4,3440.2
Q,MIO_EUR,SCA,S13,TE,EE,2022-Q1,3522.5
Q,MIO_EUR,SCA,S13,TE,EE,2022-Q2,3454.2
Q,MIO_EUR,SCA,S13,TE,EE,2022-Q3,3725.8
Q,MIO_EUR,SCA,S13,TE,EE,2022-Q4,3807.6
Q,MIO_EUR,SCA,S13,TE,EE,2023-Q1,4004.6
Q,MIO_EUR,SCA,S13,TE,EE,2023-Q2,3975
Q,MIO_EUR,SCA,S13,TE,EE,2023-Q3,4161.4
Q,MIO_EUR,SCA,S13,TE,EE,2023-Q4,4353.5
Q,MIO_EUR,SCA,S13,TE,EE,2024-Q1,4272.6
Q,MIO_EUR,SCA,S13,TE,EE,2024-Q2,4341.6
Q,MIO_EUR,SCA,S13,TE,EE,2024-Q3,4409.1
Q,MIO_EUR,SCA,S13,TE,EE,2024-Q4,4487.5
Q,MIO_EUR,SCA,S13,TE,EE,2025-Q1,4596.5
Q,MIO_EUR,SCA,S13,TE,EE,2025-Q2,4814
Q,MIO_EUR,SCA,S13,TE,EE,2025-Q3,4754.2
Q,MIO_EUR,SCA,S13,TE,EE,2025-Q4,4743.3
Q,MIO_EUR,SCA,S13,TE,EE,2026-Q1,4900.5
Q,MIO_EUR,SCA,S13,TE,IE,1995-Q1,
Q,MIO_EUR,SCA,S13,TE,IE,1995-Q2,
Q,MIO_EUR,SCA,S13,TE,IE,1995-Q3,
Q,MIO_EUR,SCA,S13,TE,IE,1995-Q4,
Q,MIO_EUR,SCA,S13,TE,IE,1996-Q1,
Q,MIO_EUR,SCA,S13,TE,IE,1996-Q2,
Q,MIO_EUR,SCA,S13,TE,IE,1996-Q3,
Q,MIO_EUR,SCA,S13,TE,IE,1996-Q4,
Q,MIO_EUR,SCA,S13,TE,IE,1997-Q1,
Q,MIO_EUR,SCA,S13,TE,IE,1997-Q2,
Q,MIO_EUR,SCA,S13,TE,IE,1997-Q3,
Q,MIO_EUR,SCA,S13,TE,IE,1997-Q4,
Q,MIO_EUR,SCA,S13,TE,IE,1998-Q1,
Q,MIO_EUR,SCA,S13,TE,IE,1998-Q2,
Q,MIO_EUR,SCA,S13,TE,IE,1998-Q3,
Q,MIO_EUR,SCA,S13,TE,IE,1998-Q4,
Q,MIO_EUR,SCA,S13,TE,IE,1999-Q1,
Q,MIO_EUR,SCA,S13,TE,IE,1999-Q2,
Q,MIO_EUR,SCA,S13,TE,IE,1999-Q3,
Q,MIO_EUR,SCA,S13,TE,IE,1999-Q4,
Q,MIO_EUR,SCA,S13,TE,IE,2000-Q1,7987.9
Q,MIO_EUR,SCA,S13,TE,IE,2000-Q2,7835.4
Q,MIO_EUR,SCA,S13,TE,IE,2000-Q3,8661.7
Q,MIO_EUR,SCA,S13,TE,IE,2000-Q4,8608.1
Q,MIO_EUR,SCA,S13,TE,IE,2001-Q1,8960.2
Q,MIO_EUR,SCA,S13,TE,IE,2001-Q2,9596.6
Q,MIO_EUR,SCA,S13,TE,IE,2001-Q3,10009.6
Q,MIO_EUR,SCA,S13,TE,IE,2001-Q4,10541.8
Q,MIO_EUR,SCA,S13,TE,IE,2002-Q1,10930.8
Q,MIO_EUR,SCA,S13,TE,IE,2002-Q2,10965.3
Q,MIO_EUR,SCA,S13,TE,IE,2002-Q3,11229.8
Q,MIO_EUR,SCA,S13,TE,IE,2002-Q4,11515.6
Q,MIO_EUR,SCA,S13,TE,IE,2003-Q1,11695.4
Q,MIO_EUR,SCA,S13,TE,IE,2003-Q2,11888.7
Q,MIO_EUR,SCA,S13,TE,IE,2003-Q3,11902.6
Q,MIO_EUR,SCA,S13,TE,IE,2003-Q4,12041.1
Q,MIO_EUR,SCA,S13,TE,IE,2004-Q1,12199.6
Q,MIO_EUR,SCA,S13,TE,IE,2004-Q2,12604.1
Q,MIO_EUR,SCA,S13,TE,IE,2004-Q3,13044.7
Q,MIO_EUR,SCA,S13,TE,IE,2004-Q4,13358.6
Q,MIO_EUR,SCA,S13,TE,IE,2005-Q1,13574.1
Q,MIO_EUR,SCA,S13,TE,IE,2005-Q2,13829.2
Q,MIO_EUR,SCA,S13,TE,IE,2005-Q3,14103.4
Q,MIO_EUR,SCA,S13,TE,IE,2005-Q4,14710.4
Q,MIO_EUR,SCA,S13,TE,IE,2006-Q1,14625.6
Q,MIO_EUR,SCA,S13,TE,IE,2006-Q2,15213.3
Q,MIO_EUR,SCA,S13,TE,IE,2006-Q3,15786.6
Q,MIO_EUR,SCA,S13,TE,IE,2006-Q4,16388.3
Q,MIO_EUR,SCA,S13,TE,IE,2007-Q1,16930.2
Q,MIO_EUR,SCA,S13,TE,IE,2007-Q2,16948.3
Q,MIO_EUR,SCA,S13,TE,IE,2007-Q3,18015.5
Q,MIO_EUR,SCA,S13,TE,IE,2007-Q4,18478.1
Q,MIO_EUR,SCA,S13,TE,IE,2008-Q1,19044.2
Q,MIO_EUR,SCA,S13,TE,IE,2008-Q2,19206.5
Q,MIO_EUR,SCA,S13,TE,IE,2008-Q3,19400.7
Q,MIO_EUR,SCA,S13,TE,IE,2008-Q4,20213.5
Q,MIO_EUR,SCA,S13,TE,IE,2009-Q1,19000.1
Q,MIO_EUR,SCA,S13,TE,IE,2009-Q2,22055.8
Q,MIO_EUR,SCA,S13,TE,IE,2009-Q3,20079.8
Q,MIO_EUR,SCA,S13,TE,IE,2009-Q4,18595.9
Q,MIO_EUR,SCA,S13,TE,IE,2010-Q1,29662.2
Q,MIO_EUR,SCA,S13,TE,IE,2010-Q2,20493.9
Q,MIO_EUR,SCA,S13,TE,IE,2010-Q3,26116.6
Q,MIO_EUR,SCA,S13,TE,IE,2010-Q4,31539.7
Q,MIO_EUR,SCA,S13,TE,IE,2011-Q1,18322.3
Q,MIO_EUR,SCA,S13,TE,IE,2011-Q2,18531.4
Q,MIO_EUR,SCA,S13,TE,IE,2011-Q3,24863.3
Q,MIO_EUR,SCA,S13,TE,IE,2011-Q4,19163.9
Q,MIO_EUR,SCA,S13,TE,IE,2012-Q1,19217.4
Q,MIO_EUR,SCA,S13,TE,IE,2012-Q2,19398.5
Q,MIO_EUR,SCA,S13,TE,IE,2012-Q3,17850.4
Q,MIO_EUR,SCA,S13,TE,IE,2012-Q4,18281.2
Q,MIO_EUR,SCA,S13,TE,IE,2013-Q1,18983.6
Q,MIO_EUR,SCA,S13,TE,IE,2013-Q2,17808.3
Q,MIO_EUR,SCA,S13,TE,IE,2013-Q3,17723.3
Q,MIO_EUR,SCA,S13,TE,IE,2013-Q4,18469.8
Q,MIO_EUR,SCA,S13,TE,IE,2014-Q1,18407.9
Q,MIO_EUR,SCA,S13,TE,IE,2014-Q2,18363.8
Q,MIO_EUR,SCA,S13,TE,IE,2014-Q3,18179.1
Q,MIO_EUR,SCA,S13,TE,IE,2014-Q4,18368.2
Q,MIO_EUR,SCA,S13,TE,IE,2015-Q1,18877.3
Q,MIO_EUR,SCA,S13,TE,IE,2015-Q2,18718.2
Q,MIO_EUR,SCA,S13,TE,IE,2015-Q3,18242.9
Q,MIO_EUR,SCA,S13,TE,IE,2015-Q4,20457.6
Q,MIO_EUR,SCA,S13,TE,IE,2016-Q1,18852.2
Q,MIO_EUR,SCA,S13,TE,IE,2016-Q2,18831.3
Q,MIO_EUR,SCA,S13,TE,IE,2016-Q3,19044
Q,MIO_EUR,SCA,S13,TE,IE,2016-Q4,19281.3
Q,MIO_EUR,SCA,S13,TE,IE,2017-Q1,19149.9
Q,MIO_EUR,SCA,S13,TE,IE,2017-Q2,19445.3
Q,MIO_EUR,SCA,S13,TE,IE,2017-Q3,19762.6
Q,MIO_EUR,SCA,S13,TE,IE,2017-Q4,19647.8
Q,MIO_EUR,SCA,S13,TE,IE,2018-Q1,20290.6
Q,MIO_EUR,SCA,S13,TE,IE,2018-Q2,20884.9
Q,MIO_EUR,SCA,S13,TE,IE,2018-Q3,20640.3
Q,MIO_EUR,SCA,S13,TE,IE,2018-Q4,21159.2
Q,MIO_EUR,SCA,S13,TE,IE,2019-Q1,21556.5
Q,MIO_EUR,SCA,S13,TE,IE,2019-Q2,21305.9
Q,MIO_EUR,SCA,S13,TE,IE,2019-Q3,21789.7
Q,MIO_EUR,SCA,S13,TE,IE,2019-Q4,22200.9
Q,MIO_EUR,SCA,S13,TE,IE,2020-Q1,22616.8
Q,MIO_EUR,SCA,S13,TE,IE,2020-Q2,27049.7
Q,MIO_EUR,SCA,S13,TE,IE,2020-Q3,26271.8
Q,MIO_EUR,SCA,S13,TE,IE,2020-Q4,26043
Q,MIO_EUR,SCA,S13,TE,IE,2021-Q1,26357.8
Q,MIO_EUR,SCA,S13,TE,IE,2021-Q2,26299.8
Q,MIO_EUR,SCA,S13,TE,IE,2021-Q3,26578
Q,MIO_EUR,SCA,S13,TE,IE,2021-Q4,25918.2
Q,MIO_EUR,SCA,S13,TE,IE,2022-Q1,25516.7
Q,MIO_EUR,SCA,S13,TE,IE,2022-Q2,26376.2
Q,MIO_EUR,SCA,S13,TE,IE,2022-Q3,26975.6
Q,MIO_EUR,SCA,S13,TE,IE,2022-Q4,27963.2
Q,MIO_EUR,SCA,S13,TE,IE,2023-Q1,28319.4
Q,MIO_EUR,SCA,S13,TE,IE,2023-Q2,28665.6
Q,MIO_EUR,SCA,S13,TE,IE,2023-Q3,29242.5
Q,MIO_EUR,SCA,S13,TE,IE,2023-Q4,29802.7
Q,MIO_EUR,SCA,S13,TE,IE,2024-Q1,30939.9
Q,MIO_EUR,SCA,S13,TE,IE,2024-Q2,31038.1
Q,MIO_EUR,SCA,S13,TE,IE,2024-Q3,31478.1
Q,MIO_EUR,SCA,S13,TE,IE,2024-Q4,32104.4
Q,MIO_EUR,SCA,S13,TE,IE,2025-Q1,32301.8
Q,MIO_EUR,SCA,S13,TE,IE,2025-Q2,33280.4
Q,MIO_EUR,SCA,S13,TE,IE,2025-Q3,33757.5
Q,MIO_EUR,SCA,S13,TE,IE,2025-Q4,34634.9
Q,MIO_EUR,SCA,S13,TE,IE,2026-Q1,33958.5
Q,MIO_EUR,SCA,S13,TE,EL,1995-Q1,
Q,MIO_EUR,SCA,S13,TE,EL,1995-Q2,
Q,MIO_EUR,SCA,S13,TE,EL,1995-Q3,
Q,MIO_EUR,SCA,S13,TE,EL,1995-Q4,
Q,MIO_EUR,SCA,S13,TE,EL,1996-Q1,
Q,MIO_EUR,SCA,S13,TE,EL,1996-Q2,
Q,MIO_EUR,SCA,S13,TE,EL,1996-Q3,
Q,MIO_EUR,SCA,S13,TE,EL,1996-Q4,
Q,MIO_EUR,SCA,S13,TE,EL,1997-Q1,
Q,MIO_EUR,SCA,S13,TE,EL,1997-Q2,
Q,MIO_EUR,SCA,S13,TE,EL,1997-Q3,
Q,MIO_EUR,SCA,S13,TE,EL,1997-Q4,
Q,MIO_EUR,SCA,S13,TE,EL,1998-Q1,
Q,MIO_EUR,SCA,S13,TE,EL,1998-Q2,
Q,MIO_EUR,SCA,S13,TE,EL,1998-Q3,
Q,MIO_EUR,SCA,S13,TE,EL,1998-Q4,
Q,MIO_EUR,SCA,S13,TE,EL,1999-Q1,15954.8
Q,MIO_EUR,SCA,S13,TE,EL,1999-Q2,16013.4
Q,MIO_EUR,SCA,S13,TE,EL,1999-Q3,16240.7
Q,MIO_EUR,SCA,S13,TE,EL,1999-Q4,16381.2
Q,MIO_EUR,SCA,S13,TE,EL,2000-Q1,16409.4
Q,MIO_EUR,SCA,S13,TE,EL,2000-Q2,16569.2
Q,MIO_EUR,SCA,S13,TE,EL,2000-Q3,16652.5
Q,MIO_EUR,SCA,S13,TE,EL,2000-Q4,16738.3
Q,MIO_EUR,SCA,S13,TE,EL,2001-Q1,17035.5
Q,MIO_EUR,SCA,S13,TE,EL,2001-Q2,17156.4
Q,MIO_EUR,SCA,S13,TE,EL,2001-Q3,17623.3
Q,MIO_EUR,SCA,S13,TE,EL,2001-Q4,18172.8
Q,MIO_EUR,SCA,S13,TE,EL,2002-Q1,18158.9
Q,MIO_EUR,SCA,S13,TE,EL,2002-Q2,18744.1
Q,MIO_EUR,SCA,S13,TE,EL,2002-Q3,18965.8
Q,MIO_EUR,SCA,S13,TE,EL,2002-Q4,18991.2
Q,MIO_EUR,SCA,S13,TE,EL,2003-Q1,19620.1
Q,MIO_EUR,SCA,S13,TE,EL,2003-Q2,19430
Q,MIO_EUR,SCA,S13,TE,EL,2003-Q3,21970.9
Q,MIO_EUR,SCA,S13,TE,EL,2003-Q4,22334.1
Q,MIO_EUR,SCA,S13,TE,EL,2004-Q1,22736.9
Q,MIO_EUR,SCA,S13,TE,EL,2004-Q2,23313.3
Q,MIO_EUR,SCA,S13,TE,EL,2004-Q3,23240.8
Q,MIO_EUR,SCA,S13,TE,EL,2004-Q4,22946
Q,MIO_EUR,SCA,S13,TE,EL,2005-Q1,22526.8
Q,MIO_EUR,SCA,S13,TE,EL,2005-Q2,22531
Q,MIO_EUR,SCA,S13,TE,EL,2005-Q3,22622
Q,MIO_EUR,SCA,S13,TE,EL,2005-Q4,23098.2
Q,MIO_EUR,SCA,S13,TE,EL,2006-Q1,23643
Q,MIO_EUR,SCA,S13,TE,EL,2006-Q2,24244.1
Q,MIO_EUR,SCA,S13,TE,EL,2006-Q3,24847.6
Q,MIO_EUR,SCA,S13,TE,EL,2006-Q4,25557.2
Q,MIO_EUR,SCA,S13,TE,EL,2007-Q1,26262
Q,MIO_EUR,SCA,S13,TE,EL,2007-Q2,26892.9
Q,MIO_EUR,SCA,S13,TE,EL,2007-Q3,27735
Q,MIO_EUR,SCA,S13,TE,EL,2007-Q4,28638.1
Q,MIO_EUR,SCA,S13,TE,EL,2008-Q1,29823.7
Q,MIO_EUR,SCA,S13,TE,EL,2008-Q2,31051.2
Q,MIO_EUR,SCA,S13,TE,EL,2008-Q3,31082.8
Q,MIO_EUR,SCA,S13,TE,EL,2008-Q4,31083.4
Q,MIO_EUR,SCA,S13,TE,EL,2009-Q1,31559.8
Q,MIO_EUR,SCA,S13,TE,EL,2009-Q2,31588.6
Q,MIO_EUR,SCA,S13,TE,EL,2009-Q3,32261.1
Q,MIO_EUR,SCA,S13,TE,EL,2009-Q4,33059.5
Q,MIO_EUR,SCA,S13,TE,EL,2010-Q1,33079.6
Q,MIO_EUR,SCA,S13,TE,EL,2010-Q2,28353.7
Q,MIO_EUR,SCA,S13,TE,EL,2010-Q3,28602.8
Q,MIO_EUR,SCA,S13,TE,EL,2010-Q4,28653.9
Q,MIO_EUR,SCA,S13,TE,EL,2011-Q1,28267.2
Q,MIO_EUR,SCA,S13,TE,EL,2011-Q2,28356.5
Q,MIO_EUR,SCA,S13,TE,EL,2011-Q3,27744.9
Q,MIO_EUR,SCA,S13,TE,EL,2011-Q4,27695.4
Q,MIO_EUR,SCA,S13,TE,EL,2012-Q1,27181.9
Q,MIO_EUR,SCA,S13,TE,EL,2012-Q2,26842.9
Q,MIO_EUR,SCA,S13,TE,EL,2012-Q3,27234.7
Q,MIO_EUR,SCA,S13,TE,EL,2012-Q4,26428.5
Q,MIO_EUR,SCA,S13,TE,EL,2013-Q1,26642.9
Q,MIO_EUR,SCA,S13,TE,EL,2013-Q2,35153.8
Q,MIO_EUR,SCA,S13,TE,EL,2013-Q3,26066.9
Q,MIO_EUR,SCA,S13,TE,EL,2013-Q4,25878.4
Q,MIO_EUR,SCA,S13,TE,EL,2014-Q1,22571.7
Q,MIO_EUR,SCA,S13,TE,EL,2014-Q2,22709.9
Q,MIO_EUR,SCA,S13,TE,EL,2014-Q3,22574.8
Q,MIO_EUR,SCA,S13,TE,EL,2014-Q4,22821.6
Q,MIO_EUR,SCA,S13,TE,EL,2015-Q1,22995.1
Q,MIO_EUR,SCA,S13,TE,EL,2015-Q2,22862.6
Q,MIO_EUR,SCA,S13,TE,EL,2015-Q3,22566
Q,MIO_EUR,SCA,S13,TE,EL,2015-Q4,27612.3
Q,MIO_EUR,SCA,S13,TE,EL,2016-Q1,22171.9
Q,MIO_EUR,SCA,S13,TE,EL,2016-Q2,21845.3
Q,MIO_EUR,SCA,S13,TE,EL,2016-Q3,21939.3
Q,MIO_EUR,SCA,S13,TE,EL,2016-Q4,21787.5
Q,MIO_EUR,SCA,S13,TE,EL,2017-Q1,21475
Q,MIO_EUR,SCA,S13,TE,EL,2017-Q2,21615.6
Q,MIO_EUR,SCA,S13,TE,EL,2017-Q3,21515.6
Q,MIO_EUR,SCA,S13,TE,EL,2017-Q4,21565.9
Q,MIO_EUR,SCA,S13,TE,EL,2018-Q1,21883
Q,MIO_EUR,SCA,S13,TE,EL,2018-Q2,21698.3
Q,MIO_EUR,SCA,S13,TE,EL,2018-Q3,22043.4
Q,MIO_EUR,SCA,S13,TE,EL,2018-Q4,22154.3
Q,MIO_EUR,SCA,S13,TE,EL,2019-Q1,22485.7
Q,MIO_EUR,SCA,S13,TE,EL,2019-Q2,23016.6
Q,MIO_EUR,SCA,S13,TE,EL,2019-Q3,23120
Q,MIO_EUR,SCA,S13,TE,EL,2019-Q4,19657.8
Q,MIO_EUR,SCA,S13,TE,EL,2020-Q1,23737.9
Q,MIO_EUR,SCA,S13,TE,EL,2020-Q2,24493.6
Q,MIO_EUR,SCA,S13,TE,EL,2020-Q3,25213.4
Q,MIO_EUR,SCA,S13,TE,EL,2020-Q4,25893.1
Q,MIO_EUR,SCA,S13,TE,EL,2021-Q1,26342.8
Q,MIO_EUR,SCA,S13,TE,EL,2021-Q2,25995.3
Q,MIO_EUR,SCA,S13,TE,EL,2021-Q3,25753.4
Q,MIO_EUR,SCA,S13,TE,EL,2021-Q4,26343.5
Q,MIO_EUR,SCA,S13,TE,EL,2022-Q1,26361.8
Q,MIO_EUR,SCA,S13,TE,EL,2022-Q2,27316.9
Q,MIO_EUR,SCA,S13,TE,EL,2022-Q3,28383.8
Q,MIO_EUR,SCA,S13,TE,EL,2022-Q4,27832.6
Q,MIO_EUR,SCA,S13,TE,EL,2023-Q1,28207.7
Q,MIO_EUR,SCA,S13,TE,EL,2023-Q2,27828.9
Q,MIO_EUR,SCA,S13,TE,EL,2023-Q3,27440.9
Q,MIO_EUR,SCA,S13,TE,EL,2023-Q4,27777.6
Q,MIO_EUR,SCA,S13,TE,EL,2024-Q1,28126.2
Q,MIO_EUR,SCA,S13,TE,EL,2024-Q2,28260.8
Q,MIO_EUR,SCA,S13,TE,EL,2024-Q3,28517.6
Q,MIO_EUR,SCA,S13,TE,EL,2024-Q4,28965.5
Q,MIO_EUR,SCA,S13,TE,EL,2025-Q1,29037.4
Q,MIO_EUR,SCA,S13,TE,EL,2025-Q2,29785.7
Q,MIO_EUR,SCA,S13,TE,EL,2025-Q3,30321.9
Q,MIO_EUR,SCA,S13,TE,EL,2025-Q4,30730
Q,MIO_EUR,SCA,S13,TE,EL,2026-Q1,31348.3
Q,MIO_EUR,SCA,S13,TE,ES,1995-Q1,
Q,MIO_EUR,SCA,S13,TE,ES,1995-Q2,
Q,MIO_EUR,SCA,S13,TE,ES,1995-Q3,
Q,MIO_EUR,SCA,S13,TE,ES,1995-Q4,
Q,MIO_EUR,SCA,S13,TE,ES,1996-Q1,
Q,MIO_EUR,SCA,S13,TE,ES,1996-Q2,
Q,MIO_EUR,SCA,S13,TE,ES,1996-Q3,
Q,MIO_EUR,SCA,S13,TE,ES,1996-Q4,
Q,MIO_EUR,SCA,S13,TE,ES,1997-Q1,
Q,MIO_EUR,SCA,S13,TE,ES,1997-Q2,
Q,MIO_EUR,SCA,S13,TE,ES,1997-Q3,
Q,MIO_EUR,SCA,S13,TE,ES,1997-Q4,
Q,MIO_EUR,SCA,S13,TE,ES,1998-Q1,
Q,MIO_EUR,SCA,S13,TE,ES,1998-Q2,
Q,MIO_EUR,SCA,S13,TE,ES,1998-Q3,
Q,MIO_EUR,SCA,S13,TE,ES,1998-Q4,
Q,MIO_EUR,SCA,S13,TE,ES,1999-Q1,58452
Q,MIO_EUR,SCA,S13,TE,ES,1999-Q2,59640
Q,MIO_EUR,SCA,S13,TE,ES,1999-Q3,59065
Q,MIO_EUR,SCA,S13,TE,ES,1999-Q4,60622
Q,MIO_EUR,SCA,S13,TE,ES,2000-Q1,62273
Q,MIO_EUR,SCA,S13,TE,ES,2000-Q2,62372
Q,MIO_EUR,SCA,S13,TE,ES,2000-Q3,64353
Q,MIO_EUR,SCA,S13,TE,ES,2000-Q4,64269
Q,MIO_EUR,SCA,S13,TE,ES,2001-Q1,65302
Q,MIO_EUR,SCA,S13,TE,ES,2001-Q2,66912
Q,MIO_EUR,SCA,S13,TE,ES,2001-Q3,67349
Q,MIO_EUR,SCA,S13,TE,ES,2001-Q4,69632
Q,MIO_EUR,SCA,S13,TE,ES,2002-Q1,69857
Q,MIO_EUR,SCA,S13,TE,ES,2002-Q2,71254
Q,MIO_EUR,SCA,S13,TE,ES,2002-Q3,74062
Q,MIO_EUR,SCA,S13,TE,ES,2002-Q4,74354
Q,MIO_EUR,SCA,S13,TE,ES,2003-Q1,75783
Q,MIO_EUR,SCA,S13,TE,ES,2003-Q2,77494
Q,MIO_EUR,SCA,S13,TE,ES,2003-Q3,77270
Q,MIO_EUR,SCA,S13,TE,ES,2003-Q4,77249
Q,MIO_EUR,SCA,S13,TE,ES,2004-Q1,81699
Q,MIO_EUR,SCA,S13,TE,ES,2004-Q2,81841
Q,MIO_EUR,SCA,S13,TE,ES,2004-Q3,83790
Q,MIO_EUR,SCA,S13,TE,ES,2004-Q4,86336
Q,MIO_EUR,SCA,S13,TE,ES,2005-Q1,86323
Q,MIO_EUR,SCA,S13,TE,ES,2005-Q2,88919
Q,MIO_EUR,SCA,S13,TE,ES,2005-Q3,89458
Q,MIO_EUR,SCA,S13,TE,ES,2005-Q4,92085
Q,MIO_EUR,SCA,S13,TE,ES,2006-Q1,93149
Q,MIO_EUR,SCA,S13,TE,ES,2006-Q2,94861
Q,MIO_EUR,SCA,S13,TE,ES,2006-Q3,98131
Q,MIO_EUR,SCA,S13,TE,ES,2006-Q4,99616
Q,MIO_EUR,SCA,S13,TE,ES,2007-Q1,101900
Q,MIO_EUR,SCA,S13,TE,ES,2007-Q2,103926
Q,MIO_EUR,SCA,S13,TE,ES,2007-Q3,105391
Q,MIO_EUR,SCA,S13,TE,ES,2007-Q4,110947
Q,MIO_EUR,SCA,S13,TE,ES,2008-Q1,111883
Q,MIO_EUR,SCA,S13,TE,ES,2008-Q2,113877
Q,MIO_EUR,SCA,S13,TE,ES,2008-Q3,116275
Q,MIO_EUR,SCA,S13,TE,ES,2008-Q4,117778
Q,MIO_EUR,SCA,S13,TE,ES,2009-Q1,121067
Q,MIO_EUR,SCA,S13,TE,ES,2009-Q2,123882
Q,MIO_EUR,SCA,S13,TE,ES,2009-Q3,124816
Q,MIO_EUR,SCA,S13,TE,ES,2009-Q4,124588
Q,MIO_EUR,SCA,S13,TE,ES,2010-Q1,124858
Q,MIO_EUR,SCA,S13,TE,ES,2010-Q2,123844
Q,MIO_EUR,SCA,S13,TE,ES,2010-Q3,123661
Q,MIO_EUR,SCA,S13,TE,ES,2010-Q4,121454
Q,MIO_EUR,SCA,S13,TE,ES,2011-Q1,123624
Q,MIO_EUR,SCA,S13,TE,ES,2011-Q2,121989
Q,MIO_EUR,SCA,S13,TE,ES,2011-Q3,121396
Q,MIO_EUR,SCA,S13,TE,ES,2011-Q4,123899
Q,MIO_EUR,SCA,S13,TE,ES,2012-Q1,122506
Q,MIO_EUR,SCA,S13,TE,ES,2012-Q2,123866
Q,MIO_EUR,SCA,S13,TE,ES,2012-Q3,123550
Q,MIO_EUR,SCA,S13,TE,ES,2012-Q4,140014
Q,MIO_EUR,SCA,S13,TE,ES,2013-Q1,118720
Q,MIO_EUR,SCA,S13,TE,ES,2013-Q2,118661
Q,MIO_EUR,SCA,S13,TE,ES,2013-Q3,119297
Q,MIO_EUR,SCA,S13,TE,ES,2013-Q4,116720
Q,MIO_EUR,SCA,S13,TE,ES,2014-Q1,115737
Q,MIO_EUR,SCA,S13,TE,ES,2014-Q2,116502
Q,MIO_EUR,SCA,S13,TE,ES,2014-Q3,116828
Q,MIO_EUR,SCA,S13,TE,ES,2014-Q4,118774
Q,MIO_EUR,SCA,S13,TE,ES,2015-Q1,117129
Q,MIO_EUR,SCA,S13,TE,ES,2015-Q2,118229
Q,MIO_EUR,SCA,S13,TE,ES,2015-Q3,119732
Q,MIO_EUR,SCA,S13,TE,ES,2015-Q4,119803
Q,MIO_EUR,SCA,S13,TE,ES,2016-Q1,117026
Q,MIO_EUR,SCA,S13,TE,ES,2016-Q2,118019
Q,MIO_EUR,SCA,S13,TE,ES,2016-Q3,119973
Q,MIO_EUR,SCA,S13,TE,ES,2016-Q4,117699
Q,MIO_EUR,SCA,S13,TE,ES,2017-Q1,118953
Q,MIO_EUR,SCA,S13,TE,ES,2017-Q2,119301
Q,MIO_EUR,SCA,S13,TE,ES,2017-Q3,120089
Q,MIO_EUR,SCA,S13,TE,ES,2017-Q4,121565
Q,MIO_EUR,SCA,S13,TE,ES,2018-Q1,123271
Q,MIO_EUR,SCA,S13,TE,ES,2018-Q2,124671
Q,MIO_EUR,SCA,S13,TE,ES,2018-Q3,126535
Q,MIO_EUR,SCA,S13,TE,ES,2018-Q4,128716
Q,MIO_EUR,SCA,S13,TE,ES,2019-Q1,129256
Q,MIO_EUR,SCA,S13,TE,ES,2019-Q2,132091
Q,MIO_EUR,SCA,S13,TE,ES,2019-Q3,132752
Q,MIO_EUR,SCA,S13,TE,ES,2019-Q4,132670
Q,MIO_EUR,SCA,S13,TE,ES,2020-Q1,138761
Q,MIO_EUR,SCA,S13,TE,ES,2020-Q2,153777
Q,MIO_EUR,SCA,S13,TE,ES,2020-Q3,143611
Q,MIO_EUR,SCA,S13,TE,ES,2020-Q4,144015
Q,MIO_EUR,SCA,S13,TE,ES,2021-Q1,150394
Q,MIO_EUR,SCA,S13,TE,ES,2021-Q2,149003
Q,MIO_EUR,SCA,S13,TE,ES,2021-Q3,158337
Q,MIO_EUR,SCA,S13,TE,ES,2021-Q4,153390
Q,MIO_EUR,SCA,S13,TE,ES,2022-Q1,150934
Q,MIO_EUR,SCA,S13,TE,ES,2022-Q2,157240
Q,MIO_EUR,SCA,S13,TE,ES,2022-Q3,162512
Q,MIO_EUR,SCA,S13,TE,ES,2022-Q4,166431
Q,MIO_EUR,SCA,S13,TE,ES,2023-Q1,164413
Q,MIO_EUR,SCA,S13,TE,ES,2023-Q2,170001
Q,MIO_EUR,SCA,S13,TE,ES,2023-Q3,171467
Q,MIO_EUR,SCA,S13,TE,ES,2023-Q4,174344
Q,MIO_EUR,SCA,S13,TE,ES,2024-Q1,174136
Q,MIO_EUR,SCA,S13,TE,ES,2024-Q2,178285
Q,MIO_EUR,SCA,S13,TE,ES,2024-Q3,183047
Q,MIO_EUR,SCA,S13,TE,ES,2024-Q4,189533
Q,MIO_EUR,SCA,S13,TE,ES,2025-Q1,186354
Q,MIO_EUR,SCA,S13,TE,ES,2025-Q2,190025
Q,MIO_EUR,SCA,S13,TE,ES,2025-Q3,192908
Q,MIO_EUR,SCA,S13,TE,ES,2025-Q4,195597
Q,MIO_EUR,SCA,S13,TE,ES,2026-Q1,199268
Q,MIO_EUR,SCA,S13,TE,FR,1995-Q1,167312.8
Q,MIO_EUR,SCA,S13,TE,FR,1995-Q2,169957.6
Q,MIO_EUR,SCA,S13,TE,FR,1995-Q3,172805.4
Q,MIO_EUR,SCA,S13,TE,FR,1995-Q4,174049
Q,MIO_EUR,SCA,S13,TE,FR,1996-Q1,175220.1
Q,MIO_EUR,SCA,S13,TE,FR,1996-Q2,176608
Q,MIO_EUR,SCA,S13,TE,FR,1996-Q3,177122.6
Q,MIO_EUR,SCA,S13,TE,FR,1996-Q4,176782.4
Q,MIO_EUR,SCA,S13,TE,FR,1997-Q1,176740.1
Q,MIO_EUR,SCA,S13,TE,FR,1997-Q2,177394.5
Q,MIO_EUR,SCA,S13,TE,FR,1997-Q3,177703.8
Q,MIO_EUR,SCA,S13,TE,FR,1997-Q4,179109.1
Q,MIO_EUR,SCA,S13,TE,FR,1998-Q1,178739.7
Q,MIO_EUR,SCA,S13,TE,FR,1998-Q2,179502.4
Q,MIO_EUR,SCA,S13,TE,FR,1998-Q3,180631.9
Q,MIO_EUR,SCA,S13,TE,FR,1998-Q4,183182.8
Q,MIO_EUR,SCA,S13,TE,FR,1999-Q1,184757.2
Q,MIO_EUR,SCA,S13,TE,FR,1999-Q2,186098.6
Q,MIO_EUR,SCA,S13,TE,FR,1999-Q3,187802.3
Q,MIO_EUR,SCA,S13,TE,FR,1999-Q4,189705.6
Q,MIO_EUR,SCA,S13,TE,FR,2000-Q1,191543.7
Q,MIO_EUR,SCA,S13,TE,FR,2000-Q2,193207.9
Q,MIO_EUR,SCA,S13,TE,FR,2000-Q3,194725.3
Q,MIO_EUR,SCA,S13,TE,FR,2000-Q4,196152.9
Q,MIO_EUR,SCA,S13,TE,FR,2001-Q1,198421.7
Q,MIO_EUR,SCA,S13,TE,FR,2001-Q2,200217.1
Q,MIO_EUR,SCA,S13,TE,FR,2001-Q3,203619.8
Q,MIO_EUR,SCA,S13,TE,FR,2001-Q4,206089.3
Q,MIO_EUR,SCA,S13,TE,FR,2002-Q1,208422.6
Q,MIO_EUR,SCA,S13,TE,FR,2002-Q2,211741
Q,MIO_EUR,SCA,S13,TE,FR,2002-Q3,214419.3
Q,MIO_EUR,SCA,S13,TE,FR,2002-Q4,216654.6
Q,MIO_EUR,SCA,S13,TE,FR,2003-Q1,217656.3
Q,MIO_EUR,SCA,S13,TE,FR,2003-Q2,219369.8
Q,MIO_EUR,SCA,S13,TE,FR,2003-Q3,221406.1
Q,MIO_EUR,SCA,S13,TE,FR,2003-Q4,223472.7
Q,MIO_EUR,SCA,S13,TE,FR,2004-Q1,225510.2
Q,MIO_EUR,SCA,S13,TE,FR,2004-Q2,227871.1
Q,MIO_EUR,SCA,S13,TE,FR,2004-Q3,229806.7
Q,MIO_EUR,SCA,S13,TE,FR,2004-Q4,232322.9
Q,MIO_EUR,SCA,S13,TE,FR,2005-Q1,235497.2
Q,MIO_EUR,SCA,S13,TE,FR,2005-Q2,238081.4
Q,MIO_EUR,SCA,S13,TE,FR,2005-Q3,240513.9
Q,MIO_EUR,SCA,S13,TE,FR,2005-Q4,241805.5
Q,MIO_EUR,SCA,S13,TE,FR,2006-Q1,245494.7
Q,MIO_EUR,SCA,S13,TE,FR,2006-Q2,246936.1
Q,MIO_EUR,SCA,S13,TE,FR,2006-Q3,248618.8
Q,MIO_EUR,SCA,S13,TE,FR,2006-Q4,251458.4
Q,MIO_EUR,SCA,S13,TE,FR,2007-Q1,255393.3
Q,MIO_EUR,SCA,S13,TE,FR,2007-Q2,258307.9
Q,MIO_EUR,SCA,S13,TE,FR,2007-Q3,261343
Q,MIO_EUR,SCA,S13,TE,FR,2007-Q4,264401.3
Q,MIO_EUR,SCA,S13,TE,FR,2008-Q1,266671.4
Q,MIO_EUR,SCA,S13,TE,FR,2008-Q2,268296.9
Q,MIO_EUR,SCA,S13,TE,FR,2008-Q3,271355.4
Q,MIO_EUR,SCA,S13,TE,FR,2008-Q4,273712.3
Q,MIO_EUR,SCA,S13,TE,FR,2009-Q1,275232.3
Q,MIO_EUR,SCA,S13,TE,FR,2009-Q2,279730.9
Q,MIO_EUR,SCA,S13,TE,FR,2009-Q3,282435.4
Q,MIO_EUR,SCA,S13,TE,FR,2009-Q4,285285.7
Q,MIO_EUR,SCA,S13,TE,FR,2010-Q1,285899.8
Q,MIO_EUR,SCA,S13,TE,FR,2010-Q2,287162.8
Q,MIO_EUR,SCA,S13,TE,FR,2010-Q3,288947.8
Q,MIO_EUR,SCA,S13,TE,FR,2010-Q4,289630.6
Q,MIO_EUR,SCA,S13,TE,FR,2011-Q1,291589.1
Q,MIO_EUR,SCA,S13,TE,FR,2011-Q2,293085.3
Q,MIO_EUR,SCA,S13,TE,FR,2011-Q3,294627.5
Q,MIO_EUR,SCA,S13,TE,FR,2011-Q4,296275.6
Q,MIO_EUR,SCA,S13,TE,FR,2012-Q1,298737.8
Q,MIO_EUR,SCA,S13,TE,FR,2012-Q2,300834.9
Q,MIO_EUR,SCA,S13,TE,FR,2012-Q3,302080.8
Q,MIO_EUR,SCA,S13,TE,FR,2012-Q4,307211.1
Q,MIO_EUR,SCA,S13,TE,FR,2013-Q1,308208.4
Q,MIO_EUR,SCA,S13,TE,FR,2013-Q2,310051.7
Q,MIO_EUR,SCA,S13,TE,FR,2013-Q3,311194.1
Q,MIO_EUR,SCA,S13,TE,FR,2013-Q4,313346.1
Q,MIO_EUR,SCA,S13,TE,FR,2014-Q1,313457.7
Q,MIO_EUR,SCA,S13,TE,FR,2014-Q2,313530.5
Q,MIO_EUR,SCA,S13,TE,FR,2014-Q3,315165.6
Q,MIO_EUR,SCA,S13,TE,FR,2014-Q4,315912.4
Q,MIO_EUR,SCA,S13,TE,FR,2015-Q1,317083.1
Q,MIO_EUR,SCA,S13,TE,FR,2015-Q2,317612.9
Q,MIO_EUR,SCA,S13,TE,FR,2015-Q3,317319.5
Q,MIO_EUR,SCA,S13,TE,FR,2015-Q4,316170
Q,MIO_EUR,SCA,S13,TE,FR,2016-Q1,317959.3
Q,MIO_EUR,SCA,S13,TE,FR,2016-Q2,318567
Q,MIO_EUR,SCA,S13,TE,FR,2016-Q3,320726.6
Q,MIO_EUR,SCA,S13,TE,FR,2016-Q4,323219.6
Q,MIO_EUR,SCA,S13,TE,FR,2017-Q1,326434.9
Q,MIO_EUR,SCA,S13,TE,FR,2017-Q2,328404.7
Q,MIO_EUR,SCA,S13,TE,FR,2017-Q3,333969.6
Q,MIO_EUR,SCA,S13,TE,FR,2017-Q4,333054.2
Q,MIO_EUR,SCA,S13,TE,FR,2018-Q1,331583.1
Q,MIO_EUR,SCA,S13,TE,FR,2018-Q2,330780.3
Q,MIO_EUR,SCA,S13,TE,FR,2018-Q3,331249.9
Q,MIO_EUR,SCA,S13,TE,FR,2018-Q4,334262.4
Q,MIO_EUR,SCA,S13,TE,FR,2019-Q1,333542.3
Q,MIO_EUR,SCA,S13,TE,FR,2019-Q2,335888.5
Q,MIO_EUR,SCA,S13,TE,FR,2019-Q3,337863.4
Q,MIO_EUR,SCA,S13,TE,FR,2019-Q4,339373.7
Q,MIO_EUR,SCA,S13,TE,FR,2020-Q1,346932.7
Q,MIO_EUR,SCA,S13,TE,FR,2020-Q2,361364.2
Q,MIO_EUR,SCA,S13,TE,FR,2020-Q3,350417.9
Q,MIO_EUR,SCA,S13,TE,FR,2020-Q4,371436.9
Q,MIO_EUR,SCA,S13,TE,FR,2021-Q1,375150
Q,MIO_EUR,SCA,S13,TE,FR,2021-Q2,374700.9
Q,MIO_EUR,SCA,S13,TE,FR,2021-Q3,366587.2
Q,MIO_EUR,SCA,S13,TE,FR,2021-Q4,374452.4
Q,MIO_EUR,SCA,S13,TE,FR,2022-Q1,379768.7
Q,MIO_EUR,SCA,S13,TE,FR,2022-Q2,381424.3
Q,MIO_EUR,SCA,S13,TE,FR,2022-Q3,391645
Q,MIO_EUR,SCA,S13,TE,FR,2022-Q4,397366.6
Q,MIO_EUR,SCA,S13,TE,FR,2023-Q1,398023.1
Q,MIO_EUR,SCA,S13,TE,FR,2023-Q2,399578.6
Q,MIO_EUR,SCA,S13,TE,FR,2023-Q3,402597.4
Q,MIO_EUR,SCA,S13,TE,FR,2023-Q4,408617.8
Q,MIO_EUR,SCA,S13,TE,FR,2024-Q1,413012.8
Q,MIO_EUR,SCA,S13,TE,FR,2024-Q2,416510.5
Q,MIO_EUR,SCA,S13,TE,FR,2024-Q3,420231.8
Q,MIO_EUR,SCA,S13,TE,FR,2024-Q4,423108.6
Q,MIO_EUR,SCA,S13,TE,FR,2025-Q1,425265.7
Q,MIO_EUR,SCA,S13,TE,FR,2025-Q2,427781.7
Q,MIO_EUR,SCA,S13,TE,FR,2025-Q3,430169.2
Q,MIO_EUR,SCA,S13,TE,FR,2025-Q4,431629.3
Q,MIO_EUR,SCA,S13,TE,FR,2026-Q1,433659.1
Q,MIO_EUR,SCA,S13,TE,HR,1995-Q1,
Q,MIO_EUR,SCA,S13,TE,HR,1995-Q2,
Q,MIO_EUR,SCA,S13,TE,HR,1995-Q3,
Q,MIO_EUR,SCA,S13,TE,HR,1995-Q4,
Q,MIO_EUR,SCA,S13,TE,HR,1996-Q1,
Q,MIO_EUR,SCA,S13,TE,HR,1996-Q2,
Q,MIO_EUR,SCA,S13,TE,HR,1996-Q3,
Q,MIO_EUR,SCA,S13,TE,HR,1996-Q4,
Q,MIO_EUR,SCA,S13,TE,HR,1997-Q1,
Q,MIO_EUR,SCA,S13,TE,HR,1997-Q2,
Q,MIO_EUR,SCA,S13,TE,HR,1997-Q3,
Q,MIO_EUR,SCA,S13,TE,HR,1997-Q4,
Q,MIO_EUR,SCA,S13,TE,HR,1998-Q1,
Q,MIO_EUR,SCA,S13,TE,HR,1998-Q2,
Q,MIO_EUR,SCA,S13,TE,HR,1998-Q3,
Q,MIO_EUR,SCA,S13,TE,HR,1998-Q4,
Q,MIO_EUR,SCA,S13,TE,HR,1999-Q1,3208.9
Q,MIO_EUR,SCA,S13,TE,HR,1999-Q2,3093.3
Q,MIO_EUR,SCA,S13,TE,HR,1999-Q3,3121
Q,MIO_EUR,SCA,S13,TE,HR,1999-Q4,3108.2
Q,MIO_EUR,SCA,S13,TE,HR,2000-Q1,3109.3
Q,MIO_EUR,SCA,S13,TE,HR,2000-Q2,3156.1
Q,MIO_EUR,SCA,S13,TE,HR,2000-Q3,3298.8
Q,MIO_EUR,SCA,S13,TE,HR,2000-Q4,3321.2
Q,MIO_EUR,SCA,S13,TE,HR,2001-Q1,3180
Q,MIO_EUR,SCA,S13,TE,HR,2001-Q2,3312.7
Q,MIO_EUR,SCA,S13,TE,HR,2001-Q3,3279.6
Q,MIO_EUR,SCA,S13,TE,HR,2001-Q4,3369.2
Q,MIO_EUR,SCA,S13,TE,HR,2002-Q1,3494
Q,MIO_EUR,SCA,S13,TE,HR,2002-Q2,3443.1
Q,MIO_EUR,SCA,S13,TE,HR,2002-Q3,3493.9
Q,MIO_EUR,SCA,S13,TE,HR,2002-Q4,3718.8
Q,MIO_EUR,SCA,S13,TE,HR,2003-Q1,3783.7
Q,MIO_EUR,SCA,S13,TE,HR,2003-Q2,3873.1
Q,MIO_EUR,SCA,S13,TE,HR,2003-Q3,3942
Q,MIO_EUR,SCA,S13,TE,HR,2003-Q4,3814.9
Q,MIO_EUR,SCA,S13,TE,HR,2004-Q1,3981
Q,MIO_EUR,SCA,S13,TE,HR,2004-Q2,4194.5
Q,MIO_EUR,SCA,S13,TE,HR,2004-Q3,4263.9
Q,MIO_EUR,SCA,S13,TE,HR,2004-Q4,4137.5
Q,MIO_EUR,SCA,S13,TE,HR,2005-Q1,4079.6
Q,MIO_EUR,SCA,S13,TE,HR,2005-Q2,4322.8
Q,MIO_EUR,SCA,S13,TE,HR,2005-Q3,4322.8
Q,MIO_EUR,SCA,S13,TE,HR,2005-Q4,4406.2
Q,MIO_EUR,SCA,S13,TE,HR,2006-Q1,4466.7
Q,MIO_EUR,SCA,S13,TE,HR,2006-Q2,4520
Q,MIO_EUR,SCA,S13,TE,HR,2006-Q3,4542
Q,MIO_EUR,SCA,S13,TE,HR,2006-Q4,4608
Q,MIO_EUR,SCA,S13,TE,HR,2007-Q1,5088
Q,MIO_EUR,SCA,S13,TE,HR,2007-Q2,5003.8
Q,MIO_EUR,SCA,S13,TE,HR,2007-Q3,5282.3
Q,MIO_EUR,SCA,S13,TE,HR,2007-Q4,5233.6
Q,MIO_EUR,SCA,S13,TE,HR,2008-Q1,5466.1
Q,MIO_EUR,SCA,S13,TE,HR,2008-Q2,5569.8
Q,MIO_EUR,SCA,S13,TE,HR,2008-Q3,5667.6
Q,MIO_EUR,SCA,S13,TE,HR,2008-Q4,5765.5
Q,MIO_EUR,SCA,S13,TE,HR,2009-Q1,5512.6
Q,MIO_EUR,SCA,S13,TE,HR,2009-Q2,5631.5
Q,MIO_EUR,SCA,S13,TE,HR,2009-Q3,5701.3
Q,MIO_EUR,SCA,S13,TE,HR,2009-Q4,5739.3
Q,MIO_EUR,SCA,S13,TE,HR,2010-Q1,5640.1
Q,MIO_EUR,SCA,S13,TE,HR,2010-Q2,5345.8
Q,MIO_EUR,SCA,S13,TE,HR,2010-Q3,5702.6
Q,MIO_EUR,SCA,S13,TE,HR,2010-Q4,5473.5
Q,MIO_EUR,SCA,S13,TE,HR,2011-Q1,6176.3
Q,MIO_EUR,SCA,S13,TE,HR,2011-Q2,5333.3
Q,MIO_EUR,SCA,S13,TE,HR,2011-Q3,5397.3
Q,MIO_EUR,SCA,S13,TE,HR,2011-Q4,5397.9
Q,MIO_EUR,SCA,S13,TE,HR,2012-Q1,5290.6
Q,MIO_EUR,SCA,S13,TE,HR,2012-Q2,5419.5
Q,MIO_EUR,SCA,S13,TE,HR,2012-Q3,5300.9
Q,MIO_EUR,SCA,S13,TE,HR,2012-Q4,5236.5
Q,MIO_EUR,SCA,S13,TE,HR,2013-Q1,5265.1
Q,MIO_EUR,SCA,S13,TE,HR,2013-Q2,5316.3
Q,MIO_EUR,SCA,S13,TE,HR,2013-Q3,5556.5
Q,MIO_EUR,SCA,S13,TE,HR,2013-Q4,5350.7
Q,MIO_EUR,SCA,S13,TE,HR,2014-Q1,5472.8
Q,MIO_EUR,SCA,S13,TE,HR,2014-Q2,5404.9
Q,MIO_EUR,SCA,S13,TE,HR,2014-Q3,5366.5
Q,MIO_EUR,SCA,S13,TE,HR,2014-Q4,5344.9
Q,MIO_EUR,SCA,S13,TE,HR,2015-Q1,5356
Q,MIO_EUR,SCA,S13,TE,HR,2015-Q2,5487.2
Q,MIO_EUR,SCA,S13,TE,HR,2015-Q3,5405.6
Q,MIO_EUR,SCA,S13,TE,HR,2015-Q4,5394.5
Q,MIO_EUR,SCA,S13,TE,HR,2016-Q1,5316.4
Q,MIO_EUR,SCA,S13,TE,HR,2016-Q2,5527.8
Q,MIO_EUR,SCA,S13,TE,HR,2016-Q3,5566
Q,MIO_EUR,SCA,S13,TE,HR,2016-Q4,5408.2
Q,MIO_EUR,SCA,S13,TE,HR,2017-Q1,5607.6
Q,MIO_EUR,SCA,S13,TE,HR,2017-Q2,5623.6
Q,MIO_EUR,SCA,S13,TE,HR,2017-Q3,5597.7
Q,MIO_EUR,SCA,S13,TE,HR,2017-Q4,5384.6
Q,MIO_EUR,SCA,S13,TE,HR,2018-Q1,5714.7
Q,MIO_EUR,SCA,S13,TE,HR,2018-Q2,5815.2
Q,MIO_EUR,SCA,S13,TE,HR,2018-Q3,6031.4
Q,MIO_EUR,SCA,S13,TE,HR,2018-Q4,6299.5
Q,MIO_EUR,SCA,S13,TE,HR,2019-Q1,6147.6
Q,MIO_EUR,SCA,S13,TE,HR,2019-Q2,6270.6
Q,MIO_EUR,SCA,S13,TE,HR,2019-Q3,6657.8
Q,MIO_EUR,SCA,S13,TE,HR,2019-Q4,6694
Q,MIO_EUR,SCA,S13,TE,HR,2020-Q1,6496.5
Q,MIO_EUR,SCA,S13,TE,HR,2020-Q2,7096.7
Q,MIO_EUR,SCA,S13,TE,HR,2020-Q3,6726.1
Q,MIO_EUR,SCA,S13,TE,HR,2020-Q4,6853.7
Q,MIO_EUR,SCA,S13,TE,HR,2021-Q1,7035.8
Q,MIO_EUR,SCA,S13,TE,HR,2021-Q2,7151
Q,MIO_EUR,SCA,S13,TE,HR,2021-Q3,7056.9
Q,MIO_EUR,SCA,S13,TE,HR,2021-Q4,6859
Q,MIO_EUR,SCA,S13,TE,HR,2022-Q1,7026.5
Q,MIO_EUR,SCA,S13,TE,HR,2022-Q2,7163.4
Q,MIO_EUR,SCA,S13,TE,HR,2022-Q3,7706.2
Q,MIO_EUR,SCA,S13,TE,HR,2022-Q4,8398.1
Q,MIO_EUR,SCA,S13,TE,HR,2023-Q1,8580.3
Q,MIO_EUR,SCA,S13,TE,HR,2023-Q2,9076.4
Q,MIO_EUR,SCA,S13,TE,HR,2023-Q3,9000
Q,MIO_EUR,SCA,S13,TE,HR,2023-Q4,10077.3
Q,MIO_EUR,SCA,S13,TE,HR,2024-Q1,9732
Q,MIO_EUR,SCA,S13,TE,HR,2024-Q2,10282.1
Q,MIO_EUR,SCA,S13,TE,HR,2024-Q3,10695.8
Q,MIO_EUR,SCA,S13,TE,HR,2024-Q4,10833.3
Q,MIO_EUR,SCA,S13,TE,HR,2025-Q1,11177.2
Q,MIO_EUR,SCA,S13,TE,HR,2025-Q2,11474.2
Q,MIO_EUR,SCA,S13,TE,HR,2025-Q3,11768.3
Q,MIO_EUR,SCA,S13,TE,HR,2025-Q4,12037.6
Q,MIO_EUR,SCA,S13,TE,HR,2026-Q1,12396.9
Q,MIO_EUR,SCA,S13,TE,IT,1995-Q1,
Q,MIO_EUR,SCA,S13,TE,IT,1995-Q2,
Q,MIO_EUR,SCA,S13,TE,IT,1995-Q3,
Q,MIO_EUR,SCA,S13,TE,IT,1995-Q4,
Q,MIO_EUR,SCA,S13,TE,IT,1996-Q1,
Q,MIO_EUR,SCA,S13,TE,IT,1996-Q2,
Q,MIO_EUR,SCA,S13,TE,IT,1996-Q3,
Q,MIO_EUR,SCA,S13,TE,IT,1996-Q4,
Q,MIO_EUR,SCA,S13,TE,IT,1997-Q1,
Q,MIO_EUR,SCA,S13,TE,IT,1997-Q2,
Q,MIO_EUR,SCA,S13,TE,IT,1997-Q3,
Q,MIO_EUR,SCA,S13,TE,IT,1997-Q4,
Q,MIO_EUR,SCA,S13,TE,IT,1998-Q1,
Q,MIO_EUR,SCA,S13,TE,IT,1998-Q2,
Q,MIO_EUR,SCA,S13,TE,IT,1998-Q3,
Q,MIO_EUR,SCA,S13,TE,IT,1998-Q4,
Q,MIO_EUR,SCA,S13,TE,IT,1999-Q1,
Q,MIO_EUR,SCA,S13,TE,IT,1999-Q2,
Q,MIO_EUR,SCA,S13,TE,IT,1999-Q3,
Q,MIO_EUR,SCA,S13,TE,IT,1999-Q4,
Q,MIO_EUR,SCA,S13,TE,IT,2000-Q1,
Q,MIO_EUR,SCA,S13,TE,IT,2000-Q2,
Q,MIO_EUR,SCA,S13,TE,IT,2000-Q3,
Q,MIO_EUR,SCA,S13,TE,IT,2000-Q4,
Q,MIO_EUR,SCA,S13,TE,IT,2001-Q1,
Q,MIO_EUR,SCA,S13,TE,IT,2001-Q2,
Q,MIO_EUR,SCA,S13,TE,IT,2001-Q3,
Q,MIO_EUR,SCA,S13,TE,IT,2001-Q4,
Q,MIO_EUR,SCA,S13,TE,IT,2002-Q1,
Q,MIO_EUR,SCA,S13,TE,IT,2002-Q2,
Q,MIO_EUR,SCA,S13,TE,IT,2002-Q3,
Q,MIO_EUR,SCA,S13,TE,IT,2002-Q4,
Q,MIO_EUR,SCA,S13,TE,IT,2003-Q1,
Q,MIO_EUR,SCA,S13,TE,IT,2003-Q2,
Q,MIO_EUR,SCA,S13,TE,IT,2003-Q3,
Q,MIO_EUR,SCA,S13,TE,IT,2003-Q4,
Q,MIO_EUR,SCA,S13,TE,IT,2004-Q1,
Q,MIO_EUR,SCA,S13,TE,IT,2004-Q2,
Q,MIO_EUR,SCA,S13,TE,IT,2004-Q3,
Q,MIO_EUR,SCA,S13,TE,IT,2004-Q4,
Q,MIO_EUR,SCA,S13,TE,IT,2005-Q1,
Q,MIO_EUR,SCA,S13,TE,IT,2005-Q2,
Q,MIO_EUR,SCA,S13,TE,IT,2005-Q3,
Q,MIO_EUR,SCA,S13,TE,IT,2005-Q4,
Q,MIO_EUR,SCA,S13,TE,IT,2006-Q1,
Q,MIO_EUR,SCA,S13,TE,IT,2006-Q2,
Q,MIO_EUR,SCA,S13,TE,IT,2006-Q3,
Q,MIO_EUR,SCA,S13,TE,IT,2006-Q4,
Q,MIO_EUR,SCA,S13,TE,IT,2007-Q1,
Q,MIO_EUR,SCA,S13,TE,IT,2007-Q2,
Q,MIO_EUR,SCA,S13,TE,IT,2007-Q3,
Q,MIO_EUR,SCA,S13,TE,IT,2007-Q4,
Q,MIO_EUR,SCA,S13,TE,IT,2008-Q1,
Q,MIO_EUR,SCA,S13,TE,IT,2008-Q2,
Q,MIO_EUR,SCA,S13,TE,IT,2008-Q3,
Q,MIO_EUR,SCA,S13,TE,IT,2008-Q4,
Q,MIO_EUR,SCA,S13,TE,IT,2009-Q1,
Q,MIO_EUR,SCA,S13,TE,IT,2009-Q2,
Q,MIO_EUR,SCA,S13,TE,IT,2009-Q3,
Q,MIO_EUR,SCA,S13,TE,IT,2009-Q4,
Q,MIO_EUR,SCA,S13,TE,IT,2010-Q1,
Q,MIO_EUR,SCA,S13,TE,IT,2010-Q2,
Q,MIO_EUR,SCA,S13,TE,IT,2010-Q3,
Q,MIO_EUR,SCA,S13,TE,IT,2010-Q4,
Q,MIO_EUR,SCA,S13,TE,IT,2011-Q1,
Q,MIO_EUR,SCA,S13,TE,IT,2011-Q2,
Q,MIO_EUR,SCA,S13,TE,IT,2011-Q3,
Q,MIO_EUR,SCA,S13,TE,IT,2011-Q4,
Q,MIO_EUR,SCA,S13,TE,IT,2012-Q1,
Q,MIO_EUR,SCA,S13,TE,IT,2012-Q2,
Q,MIO_EUR,SCA,S13,TE,IT,2012-Q3,
Q,MIO_EUR,SCA,S13,TE,IT,2012-Q4,
Q,MIO_EUR,SCA,S13,TE,IT,2013-Q1,
Q,MIO_EUR,SCA,S13,TE,IT,2013-Q2,
Q,MIO_EUR,SCA,S13,TE,IT,2013-Q3,
Q,MIO_EUR,SCA,S13,TE,IT,2013-Q4,
Q,MIO_EUR,SCA,S13,TE,IT,2014-Q1,
Q,MIO_EUR,SCA,S13,TE,IT,2014-Q2,
Q,MIO_EUR,SCA,S13,TE,IT,2014-Q3,
Q,MIO_EUR,SCA,S13,TE,IT,2014-Q4,
Q,MIO_EUR,SCA,S13,TE,IT,2015-Q1,
Q,MIO_EUR,SCA,S13,TE,IT,2015-Q2,
Q,MIO_EUR,SCA,S13,TE,IT,2015-Q3,
Q,MIO_EUR,SCA,S13,TE,IT,2015-Q4,
Q,MIO_EUR,SCA,S13,TE,IT,2016-Q1,
Q,MIO_EUR,SCA,S13,TE,IT,2016-Q2,
Q,MIO_EUR,SCA,S13,TE,IT,2016-Q3,
Q,MIO_EUR,SCA,S13,TE,IT,2016-Q4,
Q,MIO_EUR,SCA,S13,TE,IT,2017-Q1,
Q,MIO_EUR,SCA,S13,TE,IT,2017-Q2,
Q,MIO_EUR,SCA,S13,TE,IT,2017-Q3,
Q,MIO_EUR,SCA,S13,TE,IT,2017-Q4,
Q,MIO_EUR,SCA,S13,TE,IT,2018-Q1,
Q,MIO_EUR,SCA,S13,TE,IT,2018-Q2,
Q,MIO_EUR,SCA,S13,TE,IT,2018-Q3,
Q,MIO_EUR,SCA,S13,TE,IT,2018-Q4,
Q,MIO_EUR,SCA,S13,TE,IT,2019-Q1,
Q,MIO_EUR,SCA,S13,TE,IT,2019-Q2,
Q,MIO_EUR,SCA,S13,TE,IT,2019-Q3,
Q,MIO_EUR,SCA,S13,TE,IT,2019-Q4,
Q,MIO_EUR,SCA,S13,TE,IT,2020-Q1,
Q,MIO_EUR,SCA,S13,TE,IT,2020-Q2,
Q,MIO_EUR,SCA,S13,TE,IT,2020-Q3,
Q,MIO_EUR,SCA,S13,TE,IT,2020-Q4,
Q,MIO_EUR,SCA,S13,TE,IT,2021-Q1,
Q,MIO_EUR,SCA,S13,TE,IT,2021-Q2,
Q,MIO_EUR,SCA,S13,TE,IT,2021-Q3,
Q,MIO_EUR,SCA,S13,TE,IT,2021-Q4,
Q,MIO_EUR,SCA,S13,TE,IT,2022-Q1,
Q,MIO_EUR,SCA,S13,TE,IT,2022-Q2,
Q,MIO_EUR,SCA,S13,TE,IT,2022-Q3,
Q,MIO_EUR,SCA,S13,TE,IT,2022-Q4,
Q,MIO_EUR,SCA,S13,TE,IT,2023-Q1,
Q,MIO_EUR,SCA,S13,TE,IT,2023-Q2,
Q,MIO_EUR,SCA,S13,TE,IT,2023-Q3,
Q,MIO_EUR,SCA,S13,TE,IT,2023-Q4,
Q,MIO_EUR,SCA,S13,TE,IT,2024-Q1,
Q,MIO_EUR,SCA,S13,TE,IT,2024-Q2,
Q,MIO_EUR,SCA,S13,TE,IT,2024-Q3,
Q,MIO_EUR,SCA,S13,TE,IT,2024-Q4,
Q,MIO_EUR,SCA,S13,TE,IT,2025-Q1,
Q,MIO_EUR,SCA,S13,TE,IT,2025-Q2,
Q,MIO_EUR,SCA,S13,TE,IT,2025-Q3,
Q,MIO_EUR,SCA,S13,TE,IT,2025-Q4,
Q,MIO_EUR,SCA,S13,TE,IT,2026-Q1,
Q,MIO_EUR,SCA,S13,TE,CY,1995-Q1,
Q,MIO_EUR,SCA,S13,TE,CY,1995-Q2,
Q,MIO_EUR,SCA,S13,TE,CY,1995-Q3,
Q,MIO_EUR,SCA,S13,TE,CY,1995-Q4,
Q,MIO_EUR,SCA,S13,TE,CY,1996-Q1,
Q,MIO_EUR,SCA,S13,TE,CY,1996-Q2,
Q,MIO_EUR,SCA,S13,TE,CY,1996-Q3,
Q,MIO_EUR,SCA,S13,TE,CY,1996-Q4,
Q,MIO_EUR,SCA,S13,TE,CY,1997-Q1,
Q,MIO_EUR,SCA,S13,TE,CY,1997-Q2,
Q,MIO_EUR,SCA,S13,TE,CY,1997-Q3,
Q,MIO_EUR,SCA,S13,TE,CY,1997-Q4,
Q,MIO_EUR,SCA,S13,TE,CY,1998-Q1,
Q,MIO_EUR,SCA,S13,TE,CY,1998-Q2,
Q,MIO_EUR,SCA,S13,TE,CY,1998-Q3,
Q,MIO_EUR,SCA,S13,TE,CY,1998-Q4,
Q,MIO_EUR,SCA,S13,TE,CY,1999-Q1,821.9
Q,MIO_EUR,SCA,S13,TE,CY,1999-Q2,889.9
Q,MIO_EUR,SCA,S13,TE,CY,1999-Q3,884.9
Q,MIO_EUR,SCA,S13,TE,CY,1999-Q4,936.7
Q,MIO_EUR,SCA,S13,TE,CY,2000-Q1,894.6
Q,MIO_EUR,SCA,S13,TE,CY,2000-Q2,967.3
Q,MIO_EUR,SCA,S13,TE,CY,2000-Q3,1032.2
Q,MIO_EUR,SCA,S13,TE,CY,2000-Q4,1042.1
Q,MIO_EUR,SCA,S13,TE,CY,2001-Q1,1019.4
Q,MIO_EUR,SCA,S13,TE,CY,2001-Q2,1059.1
Q,MIO_EUR,SCA,S13,TE,CY,2001-Q3,1100.4
Q,MIO_EUR,SCA,S13,TE,CY,2001-Q4,1128.9
Q,MIO_EUR,SCA,S13,TE,CY,2002-Q1,1107.5
Q,MIO_EUR,SCA,S13,TE,CY,2002-Q2,1140.7
Q,MIO_EUR,SCA,S13,TE,CY,2002-Q3,1207
Q,MIO_EUR,SCA,S13,TE,CY,2002-Q4,1249.6
Q,MIO_EUR,SCA,S13,TE,CY,2003-Q1,1365.6
Q,MIO_EUR,SCA,S13,TE,CY,2003-Q2,1307.2
Q,MIO_EUR,SCA,S13,TE,CY,2003-Q3,1407.3
Q,MIO_EUR,SCA,S13,TE,CY,2003-Q4,1440.6
Q,MIO_EUR,SCA,S13,TE,CY,2004-Q1,1402.2
Q,MIO_EUR,SCA,S13,TE,CY,2004-Q2,1388.7
Q,MIO_EUR,SCA,S13,TE,CY,2004-Q3,1419
Q,MIO_EUR,SCA,S13,TE,CY,2004-Q4,1489.3
Q,MIO_EUR,SCA,S13,TE,CY,2005-Q1,1517.9
Q,MIO_EUR,SCA,S13,TE,CY,2005-Q2,1480.6
Q,MIO_EUR,SCA,S13,TE,CY,2005-Q3,1555.9
Q,MIO_EUR,SCA,S13,TE,CY,2005-Q4,1688.4
Q,MIO_EUR,SCA,S13,TE,CY,2006-Q1,1600.8
Q,MIO_EUR,SCA,S13,TE,CY,2006-Q2,1648.7
Q,MIO_EUR,SCA,S13,TE,CY,2006-Q3,1725.1
Q,MIO_EUR,SCA,S13,TE,CY,2006-Q4,1695.4
Q,MIO_EUR,SCA,S13,TE,CY,2007-Q1,1829.5
Q,MIO_EUR,SCA,S13,TE,CY,2007-Q2,1685.3
Q,MIO_EUR,SCA,S13,TE,CY,2007-Q3,1800.4
Q,MIO_EUR,SCA,S13,TE,CY,2007-Q4,1740.8
Q,MIO_EUR,SCA,S13,TE,CY,2008-Q1,1885
Q,MIO_EUR,SCA,S13,TE,CY,2008-Q2,1837.6
Q,MIO_EUR,SCA,S13,TE,CY,2008-Q3,2051
Q,MIO_EUR,SCA,S13,TE,CY,2008-Q4,1984
Q,MIO_EUR,SCA,S13,TE,CY,2009-Q1,2056.7
Q,MIO_EUR,SCA,S13,TE,CY,2009-Q2,2102
Q,MIO_EUR,SCA,S13,TE,CY,2009-Q3,2139.5
Q,MIO_EUR,SCA,S13,TE,CY,2009-Q4,2087.3
Q,MIO_EUR,SCA,S13,TE,CY,2010-Q1,2239.3
Q,MIO_EUR,SCA,S13,TE,CY,2010-Q2,2121
Q,MIO_EUR,SCA,S13,TE,CY,2010-Q3,2200.1
Q,MIO_EUR,SCA,S13,TE,CY,2010-Q4,2099.1
Q,MIO_EUR,SCA,S13,TE,CY,2011-Q1,2356.8
Q,MIO_EUR,SCA,S13,TE,CY,2011-Q2,2150.6
Q,MIO_EUR,SCA,S13,TE,CY,2011-Q3,2205.8
Q,MIO_EUR,SCA,S13,TE,CY,2011-Q4,2210.5
Q,MIO_EUR,SCA,S13,TE,CY,2012-Q1,2367.6
Q,MIO_EUR,SCA,S13,TE,CY,2012-Q2,3839.1
Q,MIO_EUR,SCA,S13,TE,CY,2012-Q3,2262.3
Q,MIO_EUR,SCA,S13,TE,CY,2012-Q4,2167.4
Q,MIO_EUR,SCA,S13,TE,CY,2013-Q1,2063.7
Q,MIO_EUR,SCA,S13,TE,CY,2013-Q2,2000.8
Q,MIO_EUR,SCA,S13,TE,CY,2013-Q3,2128.6
Q,MIO_EUR,SCA,S13,TE,CY,2013-Q4,2165.2
Q,MIO_EUR,SCA,S13,TE,CY,2014-Q1,3667.7
Q,MIO_EUR,SCA,S13,TE,CY,2014-Q2,1718.1
Q,MIO_EUR,SCA,S13,TE,CY,2014-Q3,1853.5
Q,MIO_EUR,SCA,S13,TE,CY,2014-Q4,1877
Q,MIO_EUR,SCA,S13,TE,CY,2015-Q1,1960.5
Q,MIO_EUR,SCA,S13,TE,CY,2015-Q2,1845.3
Q,MIO_EUR,SCA,S13,TE,CY,2015-Q3,1912.1
Q,MIO_EUR,SCA,S13,TE,CY,2015-Q4,2015.5
Q,MIO_EUR,SCA,S13,TE,CY,2016-Q1,1876.1
Q,MIO_EUR,SCA,S13,TE,CY,2016-Q2,1862.7
Q,MIO_EUR,SCA,S13,TE,CY,2016-Q3,1902.7
Q,MIO_EUR,SCA,S13,TE,CY,2016-Q4,1893.9
Q,MIO_EUR,SCA,S13,TE,CY,2017-Q1,1913.1
Q,MIO_EUR,SCA,S13,TE,CY,2017-Q2,1987.3
Q,MIO_EUR,SCA,S13,TE,CY,2017-Q3,1928.9
Q,MIO_EUR,SCA,S13,TE,CY,2017-Q4,1993.9
Q,MIO_EUR,SCA,S13,TE,CY,2018-Q1,1923.5
Q,MIO_EUR,SCA,S13,TE,CY,2018-Q2,1965.3
Q,MIO_EUR,SCA,S13,TE,CY,2018-Q3,3666.2
Q,MIO_EUR,SCA,S13,TE,CY,2018-Q4,2095.7
Q,MIO_EUR,SCA,S13,TE,CY,2019-Q1,2416.2
Q,MIO_EUR,SCA,S13,TE,CY,2019-Q2,2105.5
Q,MIO_EUR,SCA,S13,TE,CY,2019-Q3,2343.9
Q,MIO_EUR,SCA,S13,TE,CY,2019-Q4,2555.1
Q,MIO_EUR,SCA,S13,TE,CY,2020-Q1,2317.7
Q,MIO_EUR,SCA,S13,TE,CY,2020-Q2,2564
Q,MIO_EUR,SCA,S13,TE,CY,2020-Q3,2624.5
Q,MIO_EUR,SCA,S13,TE,CY,2020-Q4,2771.9
Q,MIO_EUR,SCA,S13,TE,CY,2021-Q1,2753.7
Q,MIO_EUR,SCA,S13,TE,CY,2021-Q2,2778.1
Q,MIO_EUR,SCA,S13,TE,CY,2021-Q3,2712.8
Q,MIO_EUR,SCA,S13,TE,CY,2021-Q4,2725.8
Q,MIO_EUR,SCA,S13,TE,CY,2022-Q1,2650.1
Q,MIO_EUR,SCA,S13,TE,CY,2022-Q2,2827.8
Q,MIO_EUR,SCA,S13,TE,CY,2022-Q3,2895.1
Q,MIO_EUR,SCA,S13,TE,CY,2022-Q4,2817.2
Q,MIO_EUR,SCA,S13,TE,CY,2023-Q1,3778.7
Q,MIO_EUR,SCA,S13,TE,CY,2023-Q2,3067.7
Q,MIO_EUR,SCA,S13,TE,CY,2023-Q3,3088
Q,MIO_EUR,SCA,S13,TE,CY,2023-Q4,3250
Q,MIO_EUR,SCA,S13,TE,CY,2024-Q1,3149.9
Q,MIO_EUR,SCA,S13,TE,CY,2024-Q2,3383.1
Q,MIO_EUR,SCA,S13,TE,CY,2024-Q3,3406.2
Q,MIO_EUR,SCA,S13,TE,CY,2024-Q4,3372
Q,MIO_EUR,SCA,S13,TE,CY,2025-Q1,3444.7
Q,MIO_EUR,SCA,S13,TE,CY,2025-Q2,3760.8
Q,MIO_EUR,SCA,S13,TE,CY,2025-Q3,3727.6
Q,MIO_EUR,SCA,S13,TE,CY,2025-Q4,3747.2
Q,MIO_EUR,SCA,S13,TE,CY,2026-Q1,3726.2
Q,MIO_EUR,SCA,S13,TE,LV,1995-Q1,
Q,MIO_EUR,SCA,S13,TE,LV,1995-Q2,
Q,MIO_EUR,SCA,S13,TE,LV,1995-Q3,
Q,MIO_EUR,SCA,S13,TE,LV,1995-Q4,
Q,MIO_EUR,SCA,S13,TE,LV,1996-Q1,
Q,MIO_EUR,SCA,S13,TE,LV,1996-Q2,
Q,MIO_EUR,SCA,S13,TE,LV,1996-Q3,
Q,MIO_EUR,SCA,S13,TE,LV,1996-Q4,
Q,MIO_EUR,SCA,S13,TE,LV,1997-Q1,
Q,MIO_EUR,SCA,S13,TE,LV,1997-Q2,
Q,MIO_EUR,SCA,S13,TE,LV,1997-Q3,
Q,MIO_EUR,SCA,S13,TE,LV,1997-Q4,
Q,MIO_EUR,SCA,S13,TE,LV,1998-Q1,
Q,MIO_EUR,SCA,S13,TE,LV,1998-Q2,
Q,MIO_EUR,SCA,S13,TE,LV,1998-Q3,
Q,MIO_EUR,SCA,S13,TE,LV,1998-Q4,
Q,MIO_EUR,SCA,S13,TE,LV,1999-Q1,675.9
Q,MIO_EUR,SCA,S13,TE,LV,1999-Q2,710.3
Q,MIO_EUR,SCA,S13,TE,LV,1999-Q3,747.3
Q,MIO_EUR,SCA,S13,TE,LV,1999-Q4,762.2
Q,MIO_EUR,SCA,S13,TE,LV,2000-Q1,783.2
Q,MIO_EUR,SCA,S13,TE,LV,2000-Q2,828
Q,MIO_EUR,SCA,S13,TE,LV,2000-Q3,796.8
Q,MIO_EUR,SCA,S13,TE,LV,2000-Q4,820.6
Q,MIO_EUR,SCA,S13,TE,LV,2001-Q1,796.8
Q,MIO_EUR,SCA,S13,TE,LV,2001-Q2,832.7
Q,MIO_EUR,SCA,S13,TE,LV,2001-Q3,840.6
Q,MIO_EUR,SCA,S13,TE,LV,2001-Q4,800.3
Q,MIO_EUR,SCA,S13,TE,LV,2002-Q1,896.7
Q,MIO_EUR,SCA,S13,TE,LV,2002-Q2,867.5
Q,MIO_EUR,SCA,S13,TE,LV,2002-Q3,881.2
Q,MIO_EUR,SCA,S13,TE,LV,2002-Q4,905.8
Q,MIO_EUR,SCA,S13,TE,LV,2003-Q1,852.8
Q,MIO_EUR,SCA,S13,TE,LV,2003-Q2,875.8
Q,MIO_EUR,SCA,S13,TE,LV,2003-Q3,914.2
Q,MIO_EUR,SCA,S13,TE,LV,2003-Q4,894.9
Q,MIO_EUR,SCA,S13,TE,LV,2004-Q1,949.7
Q,MIO_EUR,SCA,S13,TE,LV,2004-Q2,1024.4
Q,MIO_EUR,SCA,S13,TE,LV,2004-Q3,1015
Q,MIO_EUR,SCA,S13,TE,LV,2004-Q4,1076.9
Q,MIO_EUR,SCA,S13,TE,LV,2005-Q1,1076.6
Q,MIO_EUR,SCA,S13,TE,LV,2005-Q2,1105
Q,MIO_EUR,SCA,S13,TE,LV,2005-Q3,1179.7
Q,MIO_EUR,SCA,S13,TE,LV,2005-Q4,1358.5
Q,MIO_EUR,SCA,S13,TE,LV,2006-Q1,1378.9
Q,MIO_EUR,SCA,S13,TE,LV,2006-Q2,1450.7
Q,MIO_EUR,SCA,S13,TE,LV,2006-Q3,1479
Q,MIO_EUR,SCA,S13,TE,LV,2006-Q4,1894.4
Q,MIO_EUR,SCA,S13,TE,LV,2007-Q1,1789.4
Q,MIO_EUR,SCA,S13,TE,LV,2007-Q2,1934.4
Q,MIO_EUR,SCA,S13,TE,LV,2007-Q3,2096.3
Q,MIO_EUR,SCA,S13,TE,LV,2007-Q4,2040.4
Q,MIO_EUR,SCA,S13,TE,LV,2008-Q1,2237.4
Q,MIO_EUR,SCA,S13,TE,LV,2008-Q2,2360.3
Q,MIO_EUR,SCA,S13,TE,LV,2008-Q3,2453.6
Q,MIO_EUR,SCA,S13,TE,LV,2008-Q4,2344.4
Q,MIO_EUR,SCA,S13,TE,LV,2009-Q1,2458.4
Q,MIO_EUR,SCA,S13,TE,LV,2009-Q2,2218
Q,MIO_EUR,SCA,S13,TE,LV,2009-Q3,2012.2
Q,MIO_EUR,SCA,S13,TE,LV,2009-Q4,1935.3
Q,MIO_EUR,SCA,S13,TE,LV,2010-Q1,2121.3
Q,MIO_EUR,SCA,S13,TE,LV,2010-Q2,2010.8
Q,MIO_EUR,SCA,S13,TE,LV,2010-Q3,2120.5
Q,MIO_EUR,SCA,S13,TE,LV,2010-Q4,1974.9
Q,MIO_EUR,SCA,S13,TE,LV,2011-Q1,1987.7
Q,MIO_EUR,SCA,S13,TE,LV,2011-Q2,1977.9
Q,MIO_EUR,SCA,S13,TE,LV,2011-Q3,1997.8
Q,MIO_EUR,SCA,S13,TE,LV,2011-Q4,2250.8
Q,MIO_EUR,SCA,S13,TE,LV,2012-Q1,2071.5
Q,MIO_EUR,SCA,S13,TE,LV,2012-Q2,2202.1
Q,MIO_EUR,SCA,S13,TE,LV,2012-Q3,2071.3
Q,MIO_EUR,SCA,S13,TE,LV,2012-Q4,2198.9
Q,MIO_EUR,SCA,S13,TE,LV,2013-Q1,2188.3
Q,MIO_EUR,SCA,S13,TE,LV,2013-Q2,2172.2
Q,MIO_EUR,SCA,S13,TE,LV,2013-Q3,2224.7
Q,MIO_EUR,SCA,S13,TE,LV,2013-Q4,2189
Q,MIO_EUR,SCA,S13,TE,LV,2014-Q1,2219.1
Q,MIO_EUR,SCA,S13,TE,LV,2014-Q2,2269.9
Q,MIO_EUR,SCA,S13,TE,LV,2014-Q3,2307.4
Q,MIO_EUR,SCA,S13,TE,LV,2014-Q4,2378.4
Q,MIO_EUR,SCA,S13,TE,LV,2015-Q1,2398.5
Q,MIO_EUR,SCA,S13,TE,LV,2015-Q2,2399.5
Q,MIO_EUR,SCA,S13,TE,LV,2015-Q3,2377.7
Q,MIO_EUR,SCA,S13,TE,LV,2015-Q4,2349.2
Q,MIO_EUR,SCA,S13,TE,LV,2016-Q1,2344.2
Q,MIO_EUR,SCA,S13,TE,LV,2016-Q2,2360.3
Q,MIO_EUR,SCA,S13,TE,LV,2016-Q3,2400
Q,MIO_EUR,SCA,S13,TE,LV,2016-Q4,2436.1
Q,MIO_EUR,SCA,S13,TE,LV,2017-Q1,2495.1
Q,MIO_EUR,SCA,S13,TE,LV,2017-Q2,2538.7
Q,MIO_EUR,SCA,S13,TE,LV,2017-Q3,2593.5
Q,MIO_EUR,SCA,S13,TE,LV,2017-Q4,2661.2
Q,MIO_EUR,SCA,S13,TE,LV,2018-Q1,2743.3
Q,MIO_EUR,SCA,S13,TE,LV,2018-Q2,2835.6
Q,MIO_EUR,SCA,S13,TE,LV,2018-Q3,2871.9
Q,MIO_EUR,SCA,S13,TE,LV,2018-Q4,2927.3
Q,MIO_EUR,SCA,S13,TE,LV,2019-Q1,2922.1
Q,MIO_EUR,SCA,S13,TE,LV,2019-Q2,2913.6
Q,MIO_EUR,SCA,S13,TE,LV,2019-Q3,2966.3
Q,MIO_EUR,SCA,S13,TE,LV,2019-Q4,2985.6
Q,MIO_EUR,SCA,S13,TE,LV,2020-Q1,3047
Q,MIO_EUR,SCA,S13,TE,LV,2020-Q2,3087.9
Q,MIO_EUR,SCA,S13,TE,LV,2020-Q3,3647.4
Q,MIO_EUR,SCA,S13,TE,LV,2020-Q4,3182.1
Q,MIO_EUR,SCA,S13,TE,LV,2021-Q1,3702.8
Q,MIO_EUR,SCA,S13,TE,LV,2021-Q2,3762.1
Q,MIO_EUR,SCA,S13,TE,LV,2021-Q3,3722.1
Q,MIO_EUR,SCA,S13,TE,LV,2021-Q4,3768.8
Q,MIO_EUR,SCA,S13,TE,LV,2022-Q1,3821
Q,MIO_EUR,SCA,S13,TE,LV,2022-Q2,3884.9
Q,MIO_EUR,SCA,S13,TE,LV,2022-Q3,3979.3
Q,MIO_EUR,SCA,S13,TE,LV,2022-Q4,4166.7
Q,MIO_EUR,SCA,S13,TE,LV,2023-Q1,4233
Q,MIO_EUR,SCA,S13,TE,LV,2023-Q2,4261
Q,MIO_EUR,SCA,S13,TE,LV,2023-Q3,4377.6
Q,MIO_EUR,SCA,S13,TE,LV,2023-Q4,4350.7
Q,MIO_EUR,SCA,S13,TE,LV,2024-Q1,4429.3
Q,MIO_EUR,SCA,S13,TE,LV,2024-Q2,4584.6
Q,MIO_EUR,SCA,S13,TE,LV,2024-Q3,4620.4
Q,MIO_EUR,SCA,S13,TE,LV,2024-Q4,4759.8
Q,MIO_EUR,SCA,S13,TE,LV,2025-Q1,4861.5
Q,MIO_EUR,SCA,S13,TE,LV,2025-Q2,4896.4
Q,MIO_EUR,SCA,S13,TE,LV,2025-Q3,5007
Q,MIO_EUR,SCA,S13,TE,LV,2025-Q4,5056.6
Q,MIO_EUR,SCA,S13,TE,LV,2026-Q1,5136.7
Q,MIO_EUR,SCA,S13,TE,LT,1995-Q1,
Q,MIO_EUR,SCA,S13,TE,LT,1995-Q2,
Q,MIO_EUR,SCA,S13,TE,LT,1995-Q3,
Q,MIO_EUR,SCA,S13,TE,LT,1995-Q4,
Q,MIO_EUR,SCA,S13,TE,LT,1996-Q1,
Q,MIO_EUR,SCA,S13,TE,LT,1996-Q2,
Q,MIO_EUR,SCA,S13,TE,LT,1996-Q3,
Q,MIO_EUR,SCA,S13,TE,LT,1996-Q4,
Q,MIO_EUR,SCA,S13,TE,LT,1997-Q1,
Q,MIO_EUR,SCA,S13,TE,LT,1997-Q2,
Q,MIO_EUR,SCA,S13,TE,LT,1997-Q3,
Q,MIO_EUR,SCA,S13,TE,LT,1997-Q4,
Q,MIO_EUR,SCA,S13,TE,LT,1998-Q1,
Q,MIO_EUR,SCA,S13,TE,LT,1998-Q2,
Q,MIO_EUR,SCA,S13,TE,LT,1998-Q3,
Q,MIO_EUR,SCA,S13,TE,LT,1998-Q4,
Q,MIO_EUR,SCA,S13,TE,LT,1999-Q1,996.9
Q,MIO_EUR,SCA,S13,TE,LT,1999-Q2,1111.9
Q,MIO_EUR,SCA,S13,TE,LT,1999-Q3,1064.1
Q,MIO_EUR,SCA,S13,TE,LT,1999-Q4,1067.3
Q,MIO_EUR,SCA,S13,TE,LT,2000-Q1,1153
Q,MIO_EUR,SCA,S13,TE,LT,2000-Q2,1179.2
Q,MIO_EUR,SCA,S13,TE,LT,2000-Q3,1272.7
Q,MIO_EUR,SCA,S13,TE,LT,2000-Q4,1359.2
Q,MIO_EUR,SCA,S13,TE,LT,2001-Q1,1270
Q,MIO_EUR,SCA,S13,TE,LT,2001-Q2,1296.2
Q,MIO_EUR,SCA,S13,TE,LT,2001-Q3,1270.4
Q,MIO_EUR,SCA,S13,TE,LT,2001-Q4,1226.7
Q,MIO_EUR,SCA,S13,TE,LT,2002-Q1,1311.2
Q,MIO_EUR,SCA,S13,TE,LT,2002-Q2,1298.7
Q,MIO_EUR,SCA,S13,TE,LT,2002-Q3,1348.4
Q,MIO_EUR,SCA,S13,TE,LT,2002-Q4,1368.9
Q,MIO_EUR,SCA,S13,TE,LT,2003-Q1,1348.6
Q,MIO_EUR,SCA,S13,TE,LT,2003-Q2,1469.7
Q,MIO_EUR,SCA,S13,TE,LT,2003-Q3,1396.4
Q,MIO_EUR,SCA,S13,TE,LT,2003-Q4,1384.1
Q,MIO_EUR,SCA,S13,TE,LT,2004-Q1,1475.1
Q,MIO_EUR,SCA,S13,TE,LT,2004-Q2,1539.4
Q,MIO_EUR,SCA,S13,TE,LT,2004-Q3,1616
Q,MIO_EUR,SCA,S13,TE,LT,2004-Q4,1605
Q,MIO_EUR,SCA,S13,TE,LT,2005-Q1,1684.1
Q,MIO_EUR,SCA,S13,TE,LT,2005-Q2,1751
Q,MIO_EUR,SCA,S13,TE,LT,2005-Q3,1765.2
Q,MIO_EUR,SCA,S13,TE,LT,2005-Q4,1938.2
Q,MIO_EUR,SCA,S13,TE,LT,2006-Q1,1905.1
Q,MIO_EUR,SCA,S13,TE,LT,2006-Q2,1887.7
Q,MIO_EUR,SCA,S13,TE,LT,2006-Q3,2149.3
Q,MIO_EUR,SCA,S13,TE,LT,2006-Q4,2294.1
Q,MIO_EUR,SCA,S13,TE,LT,2007-Q1,2296.2
Q,MIO_EUR,SCA,S13,TE,LT,2007-Q2,2520.1
Q,MIO_EUR,SCA,S13,TE,LT,2007-Q3,2579.2
Q,MIO_EUR,SCA,S13,TE,LT,2007-Q4,2822.1
Q,MIO_EUR,SCA,S13,TE,LT,2008-Q1,2925.2
Q,MIO_EUR,SCA,S13,TE,LT,2008-Q2,3096.3
Q,MIO_EUR,SCA,S13,TE,LT,2008-Q3,3256.2
Q,MIO_EUR,SCA,S13,TE,LT,2008-Q4,3247.1
Q,MIO_EUR,SCA,S13,TE,LT,2009-Q1,3149.7
Q,MIO_EUR,SCA,S13,TE,LT,2009-Q2,3112.7
Q,MIO_EUR,SCA,S13,TE,LT,2009-Q3,2969.7
Q,MIO_EUR,SCA,S13,TE,LT,2009-Q4,2836.9
Q,MIO_EUR,SCA,S13,TE,LT,2010-Q1,2970.7
Q,MIO_EUR,SCA,S13,TE,LT,2010-Q2,2963.5
Q,MIO_EUR,SCA,S13,TE,LT,2010-Q3,2971.5
Q,MIO_EUR,SCA,S13,TE,LT,2010-Q4,2994.7
Q,MIO_EUR,SCA,S13,TE,LT,2011-Q1,3034.1
Q,MIO_EUR,SCA,S13,TE,LT,2011-Q2,3075.8
Q,MIO_EUR,SCA,S13,TE,LT,2011-Q3,3095.6
Q,MIO_EUR,SCA,S13,TE,LT,2011-Q4,3236.5
Q,MIO_EUR,SCA,S13,TE,LT,2012-Q1,3098.4
Q,MIO_EUR,SCA,S13,TE,LT,2012-Q2,3005.7
Q,MIO_EUR,SCA,S13,TE,LT,2012-Q3,3028.7
Q,MIO_EUR,SCA,S13,TE,LT,2012-Q4,3081.1
Q,MIO_EUR,SCA,S13,TE,LT,2013-Q1,3247.8
Q,MIO_EUR,SCA,S13,TE,LT,2013-Q2,3031.4
Q,MIO_EUR,SCA,S13,TE,LT,2013-Q3,3139.7
Q,MIO_EUR,SCA,S13,TE,LT,2013-Q4,3011.7
Q,MIO_EUR,SCA,S13,TE,LT,2014-Q1,3102.6
Q,MIO_EUR,SCA,S13,TE,LT,2014-Q2,3355.7
Q,MIO_EUR,SCA,S13,TE,LT,2014-Q3,3163.6
Q,MIO_EUR,SCA,S13,TE,LT,2014-Q4,3112.8
Q,MIO_EUR,SCA,S13,TE,LT,2015-Q1,3336.6
Q,MIO_EUR,SCA,S13,TE,LT,2015-Q2,3318.8
Q,MIO_EUR,SCA,S13,TE,LT,2015-Q3,3264.9
Q,MIO_EUR,SCA,S13,TE,LT,2015-Q4,3273.7
Q,MIO_EUR,SCA,S13,TE,LT,2016-Q1,3314.3
Q,MIO_EUR,SCA,S13,TE,LT,2016-Q2,3311.2
Q,MIO_EUR,SCA,S13,TE,LT,2016-Q3,3375.1
Q,MIO_EUR,SCA,S13,TE,LT,2016-Q4,3367.8
Q,MIO_EUR,SCA,S13,TE,LT,2017-Q1,3434.8
Q,MIO_EUR,SCA,S13,TE,LT,2017-Q2,3503.8
Q,MIO_EUR,SCA,S13,TE,LT,2017-Q3,3531.4
Q,MIO_EUR,SCA,S13,TE,LT,2017-Q4,3637
Q,MIO_EUR,SCA,S13,TE,LT,2018-Q1,3693
Q,MIO_EUR,SCA,S13,TE,LT,2018-Q2,3766.8
Q,MIO_EUR,SCA,S13,TE,LT,2018-Q3,3975.7
Q,MIO_EUR,SCA,S13,TE,LT,2018-Q4,4057.9
Q,MIO_EUR,SCA,S13,TE,LT,2019-Q1,4115.1
Q,MIO_EUR,SCA,S13,TE,LT,2019-Q2,4231.7
Q,MIO_EUR,SCA,S13,TE,LT,2019-Q3,4258.4
Q,MIO_EUR,SCA,S13,TE,LT,2019-Q4,4400.5
Q,MIO_EUR,SCA,S13,TE,LT,2020-Q1,4852.8
Q,MIO_EUR,SCA,S13,TE,LT,2020-Q2,5168.6
Q,MIO_EUR,SCA,S13,TE,LT,2020-Q3,5519.8
Q,MIO_EUR,SCA,S13,TE,LT,2020-Q4,5726.7
Q,MIO_EUR,SCA,S13,TE,LT,2021-Q1,5358
Q,MIO_EUR,SCA,S13,TE,LT,2021-Q2,5420.7
Q,MIO_EUR,SCA,S13,TE,LT,2021-Q3,5258.4
Q,MIO_EUR,SCA,S13,TE,LT,2021-Q4,5124.4
Q,MIO_EUR,SCA,S13,TE,LT,2022-Q1,5660.2
Q,MIO_EUR,SCA,S13,TE,LT,2022-Q2,5776.7
Q,MIO_EUR,SCA,S13,TE,LT,2022-Q3,6252.2
Q,MIO_EUR,SCA,S13,TE,LT,2022-Q4,6811.3
Q,MIO_EUR,SCA,S13,TE,LT,2023-Q1,6731.5
Q,MIO_EUR,SCA,S13,TE,LT,2023-Q2,6827.3
Q,MIO_EUR,SCA,S13,TE,LT,2023-Q3,6812.7
Q,MIO_EUR,SCA,S13,TE,LT,2023-Q4,7254.8
Q,MIO_EUR,SCA,S13,TE,LT,2024-Q1,7477.7
Q,MIO_EUR,SCA,S13,TE,LT,2024-Q2,7598.2
Q,MIO_EUR,SCA,S13,TE,LT,2024-Q3,8116.3
Q,MIO_EUR,SCA,S13,TE,LT,2024-Q4,8008.4
Q,MIO_EUR,SCA,S13,TE,LT,2025-Q1,8288.1
Q,MIO_EUR,SCA,S13,TE,LT,2025-Q2,8827.3
Q,MIO_EUR,SCA,S13,TE,LT,2025-Q3,8689.9
Q,MIO_EUR,SCA,S13,TE,LT,2025-Q4,8888.7
Q,MIO_EUR,SCA,S13,TE,LT,2026-Q1,9429.3
Q,MIO_EUR,SCA,S13,TE,LU,1995-Q1,
Q,MIO_EUR,SCA,S13,TE,LU,1995-Q2,
Q,MIO_EUR,SCA,S13,TE,LU,1995-Q3,
Q,MIO_EUR,SCA,S13,TE,LU,1995-Q4,
Q,MIO_EUR,SCA,S13,TE,LU,1996-Q1,
Q,MIO_EUR,SCA,S13,TE,LU,1996-Q2,
Q,MIO_EUR,SCA,S13,TE,LU,1996-Q3,
Q,MIO_EUR,SCA,S13,TE,LU,1996-Q4,
Q,MIO_EUR,SCA,S13,TE,LU,1997-Q1,
Q,MIO_EUR,SCA,S13,TE,LU,1997-Q2,
Q,MIO_EUR,SCA,S13,TE,LU,1997-Q3,
Q,MIO_EUR,SCA,S13,TE,LU,1997-Q4,
Q,MIO_EUR,SCA,S13,TE,LU,1998-Q1,
Q,MIO_EUR,SCA,S13,TE,LU,1998-Q2,
Q,MIO_EUR,SCA,S13,TE,LU,1998-Q3,
Q,MIO_EUR,SCA,S13,TE,LU,1998-Q4,
Q,MIO_EUR,SCA,S13,TE,LU,1999-Q1,
Q,MIO_EUR,SCA,S13,TE,LU,1999-Q2,
Q,MIO_EUR,SCA,S13,TE,LU,1999-Q3,
Q,MIO_EUR,SCA,S13,TE,LU,1999-Q4,
Q,MIO_EUR,SCA,S13,TE,LU,2000-Q1,
Q,MIO_EUR,SCA,S13,TE,LU,2000-Q2,
Q,MIO_EUR,SCA,S13,TE,LU,2000-Q3,
Q,MIO_EUR,SCA,S13,TE,LU,2000-Q4,
Q,MIO_EUR,SCA,S13,TE,LU,2001-Q1,
Q,MIO_EUR,SCA,S13,TE,LU,2001-Q2,
Q,MIO_EUR,SCA,S13,TE,LU,2001-Q3,
Q,MIO_EUR,SCA,S13,TE,LU,2001-Q4,
Q,MIO_EUR,SCA,S13,TE,LU,2002-Q1,2395.8
Q,MIO_EUR,SCA,S13,TE,LU,2002-Q2,2543
Q,MIO_EUR,SCA,S13,TE,LU,2002-Q3,2644.2
Q,MIO_EUR,SCA,S13,TE,LU,2002-Q4,2822.4
Q,MIO_EUR,SCA,S13,TE,LU,2003-Q1,2689.5
Q,MIO_EUR,SCA,S13,TE,LU,2003-Q2,2808.1
Q,MIO_EUR,SCA,S13,TE,LU,2003-Q3,2879.8
Q,MIO_EUR,SCA,S13,TE,LU,2003-Q4,2971.8
Q,MIO_EUR,SCA,S13,TE,LU,2004-Q1,2962
Q,MIO_EUR,SCA,S13,TE,LU,2004-Q2,3091.9
Q,MIO_EUR,SCA,S13,TE,LU,2004-Q3,3125.6
Q,MIO_EUR,SCA,S13,TE,LU,2004-Q4,3143.3
Q,MIO_EUR,SCA,S13,TE,LU,2005-Q1,3189.7
Q,MIO_EUR,SCA,S13,TE,LU,2005-Q2,3270.5
Q,MIO_EUR,SCA,S13,TE,LU,2005-Q3,3321.7
Q,MIO_EUR,SCA,S13,TE,LU,2005-Q4,3386.7
Q,MIO_EUR,SCA,S13,TE,LU,2006-Q1,3347.3
Q,MIO_EUR,SCA,S13,TE,LU,2006-Q2,3281.9
Q,MIO_EUR,SCA,S13,TE,LU,2006-Q3,3397.1
Q,MIO_EUR,SCA,S13,TE,LU,2006-Q4,3455.2
Q,MIO_EUR,SCA,S13,TE,LU,2007-Q1,3539
Q,MIO_EUR,SCA,S13,TE,LU,2007-Q2,3493.2
Q,MIO_EUR,SCA,S13,TE,LU,2007-Q3,3494.4
Q,MIO_EUR,SCA,S13,TE,LU,2007-Q4,3556.7
Q,MIO_EUR,SCA,S13,TE,LU,2008-Q1,3915.8
Q,MIO_EUR,SCA,S13,TE,LU,2008-Q2,3781.2
Q,MIO_EUR,SCA,S13,TE,LU,2008-Q3,3777.2
Q,MIO_EUR,SCA,S13,TE,LU,2008-Q4,3706.8
Q,MIO_EUR,SCA,S13,TE,LU,2009-Q1,4005.8
Q,MIO_EUR,SCA,S13,TE,LU,2009-Q2,4180.2
Q,MIO_EUR,SCA,S13,TE,LU,2009-Q3,4206.5
Q,MIO_EUR,SCA,S13,TE,LU,2009-Q4,4258.7
Q,MIO_EUR,SCA,S13,TE,LU,2010-Q1,4198.1
Q,MIO_EUR,SCA,S13,TE,LU,2010-Q2,4383.7
Q,MIO_EUR,SCA,S13,TE,LU,2010-Q3,4560.7
Q,MIO_EUR,SCA,S13,TE,LU,2010-Q4,4657.6
Q,MIO_EUR,SCA,S13,TE,LU,2011-Q1,4527.1
Q,MIO_EUR,SCA,S13,TE,LU,2011-Q2,4499.4
Q,MIO_EUR,SCA,S13,TE,LU,2011-Q3,4743.7
Q,MIO_EUR,SCA,S13,TE,LU,2011-Q4,4629
Q,MIO_EUR,SCA,S13,TE,LU,2012-Q1,4779.6
Q,MIO_EUR,SCA,S13,TE,LU,2012-Q2,4854.1
Q,MIO_EUR,SCA,S13,TE,LU,2012-Q3,4845.8
Q,MIO_EUR,SCA,S13,TE,LU,2012-Q4,4968.8
Q,MIO_EUR,SCA,S13,TE,LU,2013-Q1,5093.2
Q,MIO_EUR,SCA,S13,TE,LU,2013-Q2,5051.4
Q,MIO_EUR,SCA,S13,TE,LU,2013-Q3,5019.6
Q,MIO_EUR,SCA,S13,TE,LU,2013-Q4,5077.6
Q,MIO_EUR,SCA,S13,TE,LU,2014-Q1,5140.6
Q,MIO_EUR,SCA,S13,TE,LU,2014-Q2,5264
Q,MIO_EUR,SCA,S13,TE,LU,2014-Q3,5371.2
Q,MIO_EUR,SCA,S13,TE,LU,2014-Q4,5258.5
Q,MIO_EUR,SCA,S13,TE,LU,2015-Q1,5441.3
Q,MIO_EUR,SCA,S13,TE,LU,2015-Q2,5385.2
Q,MIO_EUR,SCA,S13,TE,LU,2015-Q3,5465.4
Q,MIO_EUR,SCA,S13,TE,LU,2015-Q4,5545.3
Q,MIO_EUR,SCA,S13,TE,LU,2016-Q1,5551.7
Q,MIO_EUR,SCA,S13,TE,LU,2016-Q2,5678.5
Q,MIO_EUR,SCA,S13,TE,LU,2016-Q3,5601.7
Q,MIO_EUR,SCA,S13,TE,LU,2016-Q4,5646.8
Q,MIO_EUR,SCA,S13,TE,LU,2017-Q1,5999.9
Q,MIO_EUR,SCA,S13,TE,LU,2017-Q2,5909.9
Q,MIO_EUR,SCA,S13,TE,LU,2017-Q3,6045.4
Q,MIO_EUR,SCA,S13,TE,LU,2017-Q4,6013.1
Q,MIO_EUR,SCA,S13,TE,LU,2018-Q1,6336.8
Q,MIO_EUR,SCA,S13,TE,LU,2018-Q2,6285.5
Q,MIO_EUR,SCA,S13,TE,LU,2018-Q3,6405.4
Q,MIO_EUR,SCA,S13,TE,LU,2018-Q4,6391.2
Q,MIO_EUR,SCA,S13,TE,LU,2019-Q1,6250.5
Q,MIO_EUR,SCA,S13,TE,LU,2019-Q2,6696.5
Q,MIO_EUR,SCA,S13,TE,LU,2019-Q3,6824.2
Q,MIO_EUR,SCA,S13,TE,LU,2019-Q4,7011.5
Q,MIO_EUR,SCA,S13,TE,LU,2020-Q1,6904.2
Q,MIO_EUR,SCA,S13,TE,LU,2020-Q2,8899.7
Q,MIO_EUR,SCA,S13,TE,LU,2020-Q3,7052.9
Q,MIO_EUR,SCA,S13,TE,LU,2020-Q4,7453.7
Q,MIO_EUR,SCA,S13,TE,LU,2021-Q1,7431.7
Q,MIO_EUR,SCA,S13,TE,LU,2021-Q2,7719.8
Q,MIO_EUR,SCA,S13,TE,LU,2021-Q3,7877.2
Q,MIO_EUR,SCA,S13,TE,LU,2021-Q4,7862.3
Q,MIO_EUR,SCA,S13,TE,LU,2022-Q1,8071.4
Q,MIO_EUR,SCA,S13,TE,LU,2022-Q2,8286
Q,MIO_EUR,SCA,S13,TE,LU,2022-Q3,8630.9
Q,MIO_EUR,SCA,S13,TE,LU,2022-Q4,8871.7
Q,MIO_EUR,SCA,S13,TE,LU,2023-Q1,9513.5
Q,MIO_EUR,SCA,S13,TE,LU,2023-Q2,9285.9
Q,MIO_EUR,SCA,S13,TE,LU,2023-Q3,9361
Q,MIO_EUR,SCA,S13,TE,LU,2023-Q4,9818.5
Q,MIO_EUR,SCA,S13,TE,LU,2024-Q1,9427.1
Q,MIO_EUR,SCA,S13,TE,LU,2024-Q2,10131.9
Q,MIO_EUR,SCA,S13,TE,LU,2024-Q3,10156.6
Q,MIO_EUR,SCA,S13,TE,LU,2024-Q4,10507.1
Q,MIO_EUR,SCA,S13,TE,LU,2025-Q1,10434.6
Q,MIO_EUR,SCA,S13,TE,LU,2025-Q2,10774
Q,MIO_EUR,SCA,S13,TE,LU,2025-Q3,11194.3
Q,MIO_EUR,SCA,S13,TE,LU,2025-Q4,11372.7
Q,MIO_EUR,SCA,S13,TE,LU,2026-Q1,11652.5
Q,MIO_EUR,SCA,S13,TE,HU,1995-Q1,
Q,MIO_EUR,SCA,S13,TE,HU,1995-Q2,
Q,MIO_EUR,SCA,S13,TE,HU,1995-Q3,
Q,MIO_EUR,SCA,S13,TE,HU,1995-Q4,
Q,MIO_EUR,SCA,S13,TE,HU,1996-Q1,
Q,MIO_EUR,SCA,S13,TE,HU,1996-Q2,
Q,MIO_EUR,SCA,S13,TE,HU,1996-Q3,
Q,MIO_EUR,SCA,S13,TE,HU,1996-Q4,
Q,MIO_EUR,SCA,S13,TE,HU,1997-Q1,
Q,MIO_EUR,SCA,S13,TE,HU,1997-Q2,
Q,MIO_EUR,SCA,S13,TE,HU,1997-Q3,
Q,MIO_EUR,SCA,S13,TE,HU,1997-Q4,
Q,MIO_EUR,SCA,S13,TE,HU,1998-Q1,
Q,MIO_EUR,SCA,S13,TE,HU,1998-Q2,
Q,MIO_EUR,SCA,S13,TE,HU,1998-Q3,
Q,MIO_EUR,SCA,S13,TE,HU,1998-Q4,
Q,MIO_EUR,SCA,S13,TE,HU,1999-Q1,5495.5
Q,MIO_EUR,SCA,S13,TE,HU,1999-Q2,5632
Q,MIO_EUR,SCA,S13,TE,HU,1999-Q3,5701
Q,MIO_EUR,SCA,S13,TE,HU,1999-Q4,5740.1
Q,MIO_EUR,SCA,S13,TE,HU,2000-Q1,5888
Q,MIO_EUR,SCA,S13,TE,HU,2000-Q2,5962.5
Q,MIO_EUR,SCA,S13,TE,HU,2000-Q3,6123.3
Q,MIO_EUR,SCA,S13,TE,HU,2000-Q4,6277.3
Q,MIO_EUR,SCA,S13,TE,HU,2001-Q1,6383.9
Q,MIO_EUR,SCA,S13,TE,HU,2001-Q2,6898.9
Q,MIO_EUR,SCA,S13,TE,HU,2001-Q3,7352.9
Q,MIO_EUR,SCA,S13,TE,HU,2001-Q4,7764.6
Q,MIO_EUR,SCA,S13,TE,HU,2002-Q1,8565.8
Q,MIO_EUR,SCA,S13,TE,HU,2002-Q2,8953.2
Q,MIO_EUR,SCA,S13,TE,HU,2002-Q3,9238.3
Q,MIO_EUR,SCA,S13,TE,HU,2002-Q4,9847.9
Q,MIO_EUR,SCA,S13,TE,HU,2003-Q1,9477.9
Q,MIO_EUR,SCA,S13,TE,HU,2003-Q2,9247.5
Q,MIO_EUR,SCA,S13,TE,HU,2003-Q3,9057.5
Q,MIO_EUR,SCA,S13,TE,HU,2003-Q4,9296.6
Q,MIO_EUR,SCA,S13,TE,HU,2004-Q1,9451.1
Q,MIO_EUR,SCA,S13,TE,HU,2004-Q2,10234.7
Q,MIO_EUR,SCA,S13,TE,HU,2004-Q3,10572.7
Q,MIO_EUR,SCA,S13,TE,HU,2004-Q4,10639.3
Q,MIO_EUR,SCA,S13,TE,HU,2005-Q1,11100.4
Q,MIO_EUR,SCA,S13,TE,HU,2005-Q2,10967.5
Q,MIO_EUR,SCA,S13,TE,HU,2005-Q3,11403.3
Q,MIO_EUR,SCA,S13,TE,HU,2005-Q4,11453.2
Q,MIO_EUR,SCA,S13,TE,HU,2006-Q1,11969.3
Q,MIO_EUR,SCA,S13,TE,HU,2006-Q2,11672.9
Q,MIO_EUR,SCA,S13,TE,HU,2006-Q3,11408.5
Q,MIO_EUR,SCA,S13,TE,HU,2006-Q4,12294.5
Q,MIO_EUR,SCA,S13,TE,HU,2007-Q1,12695.2
Q,MIO_EUR,SCA,S13,TE,HU,2007-Q2,12733.8
Q,MIO_EUR,SCA,S13,TE,HU,2007-Q3,12869.5
Q,MIO_EUR,SCA,S13,TE,HU,2007-Q4,12770.8
Q,MIO_EUR,SCA,S13,TE,HU,2008-Q1,12528.1
Q,MIO_EUR,SCA,S13,TE,HU,2008-Q2,13349.7
Q,MIO_EUR,SCA,S13,TE,HU,2008-Q3,14028.7
Q,MIO_EUR,SCA,S13,TE,HU,2008-Q4,12953.6
Q,MIO_EUR,SCA,S13,TE,HU,2009-Q1,11465.3
Q,MIO_EUR,SCA,S13,TE,HU,2009-Q2,11774.1
Q,MIO_EUR,SCA,S13,TE,HU,2009-Q3,12403.9
Q,MIO_EUR,SCA,S13,TE,HU,2009-Q4,12204.2
Q,MIO_EUR,SCA,S13,TE,HU,2010-Q1,12467.5
Q,MIO_EUR,SCA,S13,TE,HU,2010-Q2,12298.4
Q,MIO_EUR,SCA,S13,TE,HU,2010-Q3,11791.1
Q,MIO_EUR,SCA,S13,TE,HU,2010-Q4,12176.8
Q,MIO_EUR,SCA,S13,TE,HU,2011-Q1,12631.4
Q,MIO_EUR,SCA,S13,TE,HU,2011-Q2,12950.4
Q,MIO_EUR,SCA,S13,TE,HU,2011-Q3,13004.2
Q,MIO_EUR,SCA,S13,TE,HU,2011-Q4,11639.2
Q,MIO_EUR,SCA,S13,TE,HU,2012-Q1,11816.3
Q,MIO_EUR,SCA,S13,TE,HU,2012-Q2,12069.5
Q,MIO_EUR,SCA,S13,TE,HU,2012-Q3,12534.5
Q,MIO_EUR,SCA,S13,TE,HU,2012-Q4,12844.5
Q,MIO_EUR,SCA,S13,TE,HU,2013-Q1,12574.5
Q,MIO_EUR,SCA,S13,TE,HU,2013-Q2,12790.3
Q,MIO_EUR,SCA,S13,TE,HU,2013-Q3,12877.5
Q,MIO_EUR,SCA,S13,TE,HU,2013-Q4,12945.9
Q,MIO_EUR,SCA,S13,TE,HU,2014-Q1,12805.4
Q,MIO_EUR,SCA,S13,TE,HU,2014-Q2,13301.8
Q,MIO_EUR,SCA,S13,TE,HU,2014-Q3,13368.3
Q,MIO_EUR,SCA,S13,TE,HU,2014-Q4,13717.1
Q,MIO_EUR,SCA,S13,TE,HU,2015-Q1,14252.4
Q,MIO_EUR,SCA,S13,TE,HU,2015-Q2,14386.5
Q,MIO_EUR,SCA,S13,TE,HU,2015-Q3,14069.5
Q,MIO_EUR,SCA,S13,TE,HU,2015-Q4,14133.8
Q,MIO_EUR,SCA,S13,TE,HU,2016-Q1,13561.6
Q,MIO_EUR,SCA,S13,TE,HU,2016-Q2,13424.4
Q,MIO_EUR,SCA,S13,TE,HU,2016-Q3,13492.7
Q,MIO_EUR,SCA,S13,TE,HU,2016-Q4,13931.3
Q,MIO_EUR,SCA,S13,TE,HU,2017-Q1,14012.2
Q,MIO_EUR,SCA,S13,TE,HU,2017-Q2,14617.3
Q,MIO_EUR,SCA,S13,TE,HU,2017-Q3,15341.8
Q,MIO_EUR,SCA,S13,TE,HU,2017-Q4,15369.8
Q,MIO_EUR,SCA,S13,TE,HU,2018-Q1,15810.5
Q,MIO_EUR,SCA,S13,TE,HU,2018-Q2,15629.6
Q,MIO_EUR,SCA,S13,TE,HU,2018-Q3,15487
Q,MIO_EUR,SCA,S13,TE,HU,2018-Q4,15809.1
Q,MIO_EUR,SCA,S13,TE,HU,2019-Q1,16492.4
Q,MIO_EUR,SCA,S13,TE,HU,2019-Q2,16752.5
Q,MIO_EUR,SCA,S13,TE,HU,2019-Q3,17143.2
Q,MIO_EUR,SCA,S13,TE,HU,2019-Q4,17174.4
Q,MIO_EUR,SCA,S13,TE,HU,2020-Q1,17321.8
Q,MIO_EUR,SCA,S13,TE,HU,2020-Q2,17648.9
Q,MIO_EUR,SCA,S13,TE,HU,2020-Q3,17735.3
Q,MIO_EUR,SCA,S13,TE,HU,2020-Q4,18188.5
Q,MIO_EUR,SCA,S13,TE,HU,2021-Q1,17930.4
Q,MIO_EUR,SCA,S13,TE,HU,2021-Q2,18354.1
Q,MIO_EUR,SCA,S13,TE,HU,2021-Q3,18990.1
Q,MIO_EUR,SCA,S13,TE,HU,2021-Q4,19247.6
Q,MIO_EUR,SCA,S13,TE,HU,2022-Q1,20429.1
Q,MIO_EUR,SCA,S13,TE,HU,2022-Q2,20281.2
Q,MIO_EUR,SCA,S13,TE,HU,2022-Q3,20707.6
Q,MIO_EUR,SCA,S13,TE,HU,2022-Q4,21243.3
Q,MIO_EUR,SCA,S13,TE,HU,2023-Q1,23565.6
Q,MIO_EUR,SCA,S13,TE,HU,2023-Q2,24977.3
Q,MIO_EUR,SCA,S13,TE,HU,2023-Q3,24429.2
Q,MIO_EUR,SCA,S13,TE,HU,2023-Q4,25069
Q,MIO_EUR,SCA,S13,TE,HU,2024-Q1,24492.1
Q,MIO_EUR,SCA,S13,TE,HU,2024-Q2,24725.4
Q,MIO_EUR,SCA,S13,TE,HU,2024-Q3,24620.6
Q,MIO_EUR,SCA,S13,TE,HU,2024-Q4,23745
Q,MIO_EUR,SCA,S13,TE,HU,2025-Q1,24335.5
Q,MIO_EUR,SCA,S13,TE,HU,2025-Q2,24998.6
Q,MIO_EUR,SCA,S13,TE,HU,2025-Q3,26338.3
Q,MIO_EUR,SCA,S13,TE,HU,2025-Q4,27834.1
Q,MIO_EUR,SCA,S13,TE,HU,2026-Q1,29477.8
Q,MIO_EUR,SCA,S13,TE,MT,1995-Q1,
Q,MIO_EUR,SCA,S13,TE,MT,1995-Q2,
Q,MIO_EUR,SCA,S13,TE,MT,1995-Q3,
Q,MIO_EUR,SCA,S13,TE,MT,1995-Q4,
Q,MIO_EUR,SCA,S13,TE,MT,1996-Q1,
Q,MIO_EUR,SCA,S13,TE,MT,1996-Q2,
Q,MIO_EUR,SCA,S13,TE,MT,1996-Q3,
Q,MIO_EUR,SCA,S13,TE,MT,1996-Q4,
Q,MIO_EUR,SCA,S13,TE,MT,1997-Q1,
Q,MIO_EUR,SCA,S13,TE,MT,1997-Q2,
Q,MIO_EUR,SCA,S13,TE,MT,1997-Q3,
Q,MIO_EUR,SCA,S13,TE,MT,1997-Q4,
Q,MIO_EUR,SCA,S13,TE,MT,1998-Q1,
Q,MIO_EUR,SCA,S13,TE,MT,1998-Q2,
Q,MIO_EUR,SCA,S13,TE,MT,1998-Q3,
Q,MIO_EUR,SCA,S13,TE,MT,1998-Q4,
Q,MIO_EUR,SCA,S13,TE,MT,1999-Q1,368.8
Q,MIO_EUR,SCA,S13,TE,MT,1999-Q2,397.2
Q,MIO_EUR,SCA,S13,TE,MT,1999-Q3,408.9
Q,MIO_EUR,SCA,S13,TE,MT,1999-Q4,429.4
Q,MIO_EUR,SCA,S13,TE,MT,2000-Q1,448.4
Q,MIO_EUR,SCA,S13,TE,MT,2000-Q2,407.4
Q,MIO_EUR,SCA,S13,TE,MT,2000-Q3,450.4
Q,MIO_EUR,SCA,S13,TE,MT,2000-Q4,461.4
Q,MIO_EUR,SCA,S13,TE,MT,2001-Q1,446.5
Q,MIO_EUR,SCA,S13,TE,MT,2001-Q2,474.9
Q,MIO_EUR,SCA,S13,TE,MT,2001-Q3,469.2
Q,MIO_EUR,SCA,S13,TE,MT,2001-Q4,504.4
Q,MIO_EUR,SCA,S13,TE,MT,2002-Q1,494.7
Q,MIO_EUR,SCA,S13,TE,MT,2002-Q2,514.9
Q,MIO_EUR,SCA,S13,TE,MT,2002-Q3,492.5
Q,MIO_EUR,SCA,S13,TE,MT,2002-Q4,460.4
Q,MIO_EUR,SCA,S13,TE,MT,2003-Q1,512.3
Q,MIO_EUR,SCA,S13,TE,MT,2003-Q2,531.9
Q,MIO_EUR,SCA,S13,TE,MT,2003-Q3,489.8
Q,MIO_EUR,SCA,S13,TE,MT,2003-Q4,635.8
Q,MIO_EUR,SCA,S13,TE,MT,2004-Q1,510.6
Q,MIO_EUR,SCA,S13,TE,MT,2004-Q2,517.9
Q,MIO_EUR,SCA,S13,TE,MT,2004-Q3,522.6
Q,MIO_EUR,SCA,S13,TE,MT,2004-Q4,505.2
Q,MIO_EUR,SCA,S13,TE,MT,2005-Q1,531.6
Q,MIO_EUR,SCA,S13,TE,MT,2005-Q2,567
Q,MIO_EUR,SCA,S13,TE,MT,2005-Q3,548.7
Q,MIO_EUR,SCA,S13,TE,MT,2005-Q4,539.9
Q,MIO_EUR,SCA,S13,TE,MT,2006-Q1,550.7
Q,MIO_EUR,SCA,S13,TE,MT,2006-Q2,542.9
Q,MIO_EUR,SCA,S13,TE,MT,2006-Q3,598.2
Q,MIO_EUR,SCA,S13,TE,MT,2006-Q4,594.1
Q,MIO_EUR,SCA,S13,TE,MT,2007-Q1,578.2
Q,MIO_EUR,SCA,S13,TE,MT,2007-Q2,575.8
Q,MIO_EUR,SCA,S13,TE,MT,2007-Q3,581.4
Q,MIO_EUR,SCA,S13,TE,MT,2007-Q4,643.2
Q,MIO_EUR,SCA,S13,TE,MT,2008-Q1,683.2
Q,MIO_EUR,SCA,S13,TE,MT,2008-Q2,642
Q,MIO_EUR,SCA,S13,TE,MT,2008-Q3,662.4
Q,MIO_EUR,SCA,S13,TE,MT,2008-Q4,639.5
Q,MIO_EUR,SCA,S13,TE,MT,2009-Q1,625.6
Q,MIO_EUR,SCA,S13,TE,MT,2009-Q2,664.4
Q,MIO_EUR,SCA,S13,TE,MT,2009-Q3,651.8
Q,MIO_EUR,SCA,S13,TE,MT,2009-Q4,645.4
Q,MIO_EUR,SCA,S13,TE,MT,2010-Q1,655
Q,MIO_EUR,SCA,S13,TE,MT,2010-Q2,700.8
Q,MIO_EUR,SCA,S13,TE,MT,2010-Q3,672.8
Q,MIO_EUR,SCA,S13,TE,MT,2010-Q4,720.5
Q,MIO_EUR,SCA,S13,TE,MT,2011-Q1,714.4
Q,MIO_EUR,SCA,S13,TE,MT,2011-Q2,710.6
Q,MIO_EUR,SCA,S13,TE,MT,2011-Q3,765.6
Q,MIO_EUR,SCA,S13,TE,MT,2011-Q4,727.6
Q,MIO_EUR,SCA,S13,TE,MT,2012-Q1,769.8
Q,MIO_EUR,SCA,S13,TE,MT,2012-Q2,784.1
Q,MIO_EUR,SCA,S13,TE,MT,2012-Q3,767.6
Q,MIO_EUR,SCA,S13,TE,MT,2012-Q4,796.6
Q,MIO_EUR,SCA,S13,TE,MT,2013-Q1,820.5
Q,MIO_EUR,SCA,S13,TE,MT,2013-Q2,786.5
Q,MIO_EUR,SCA,S13,TE,MT,2013-Q3,837.2
Q,MIO_EUR,SCA,S13,TE,MT,2013-Q4,814.1
Q,MIO_EUR,SCA,S13,TE,MT,2014-Q1,859.4
Q,MIO_EUR,SCA,S13,TE,MT,2014-Q2,888.9
Q,MIO_EUR,SCA,S13,TE,MT,2014-Q3,878
Q,MIO_EUR,SCA,S13,TE,MT,2014-Q4,914.9
Q,MIO_EUR,SCA,S13,TE,MT,2015-Q1,958.6
Q,MIO_EUR,SCA,S13,TE,MT,2015-Q2,946.7
Q,MIO_EUR,SCA,S13,TE,MT,2015-Q3,953.4
Q,MIO_EUR,SCA,S13,TE,MT,2015-Q4,1009.8
Q,MIO_EUR,SCA,S13,TE,MT,2016-Q1,951.7
Q,MIO_EUR,SCA,S13,TE,MT,2016-Q2,915.4
Q,MIO_EUR,SCA,S13,TE,MT,2016-Q3,1001.5
Q,MIO_EUR,SCA,S13,TE,MT,2016-Q4,983.5
Q,MIO_EUR,SCA,S13,TE,MT,2017-Q1,979.7
Q,MIO_EUR,SCA,S13,TE,MT,2017-Q2,1052.2
Q,MIO_EUR,SCA,S13,TE,MT,2017-Q3,1072
Q,MIO_EUR,SCA,S13,TE,MT,2017-Q4,996
Q,MIO_EUR,SCA,S13,TE,MT,2018-Q1,1118.4
Q,MIO_EUR,SCA,S13,TE,MT,2018-Q2,1125
Q,MIO_EUR,SCA,S13,TE,MT,2018-Q3,1198.7
Q,MIO_EUR,SCA,S13,TE,MT,2018-Q4,1274
Q,MIO_EUR,SCA,S13,TE,MT,2019-Q1,1266
Q,MIO_EUR,SCA,S13,TE,MT,2019-Q2,1314.2
Q,MIO_EUR,SCA,S13,TE,MT,2019-Q3,1256.4
Q,MIO_EUR,SCA,S13,TE,MT,2019-Q4,1250.1
Q,MIO_EUR,SCA,S13,TE,MT,2020-Q1,1351.4
Q,MIO_EUR,SCA,S13,TE,MT,2020-Q2,1611.6
Q,MIO_EUR,SCA,S13,TE,MT,2020-Q3,1551.7
Q,MIO_EUR,SCA,S13,TE,MT,2020-Q4,1519
Q,MIO_EUR,SCA,S13,TE,MT,2021-Q1,1559.1
Q,MIO_EUR,SCA,S13,TE,MT,2021-Q2,1630.6
Q,MIO_EUR,SCA,S13,TE,MT,2021-Q3,1689.4
Q,MIO_EUR,SCA,S13,TE,MT,2021-Q4,1681.2
Q,MIO_EUR,SCA,S13,TE,MT,2022-Q1,1730.1
Q,MIO_EUR,SCA,S13,TE,MT,2022-Q2,1616.3
Q,MIO_EUR,SCA,S13,TE,MT,2022-Q3,1738.2
Q,MIO_EUR,SCA,S13,TE,MT,2022-Q4,1819.1
Q,MIO_EUR,SCA,S13,TE,MT,2023-Q1,1753.7
Q,MIO_EUR,SCA,S13,TE,MT,2023-Q2,1788.2
Q,MIO_EUR,SCA,S13,TE,MT,2023-Q3,1816.8
Q,MIO_EUR,SCA,S13,TE,MT,2023-Q4,2128.5
Q,MIO_EUR,SCA,S13,TE,MT,2024-Q1,1881.9
Q,MIO_EUR,SCA,S13,TE,MT,2024-Q2,2006.3
Q,MIO_EUR,SCA,S13,TE,MT,2024-Q3,2105.4
Q,MIO_EUR,SCA,S13,TE,MT,2024-Q4,2618
Q,MIO_EUR,SCA,S13,TE,MT,2025-Q1,2137.6
Q,MIO_EUR,SCA,S13,TE,MT,2025-Q2,2266.2
Q,MIO_EUR,SCA,S13,TE,MT,2025-Q3,2254.7
Q,MIO_EUR,SCA,S13,TE,MT,2025-Q4,2440.5
Q,MIO_EUR,SCA,S13,TE,MT,2026-Q1,2445.9
Q,MIO_EUR,SCA,S13,TE,NL,1995-Q1,
Q,MIO_EUR,SCA,S13,TE,NL,1995-Q2,
Q,MIO_EUR,SCA,S13,TE,NL,1995-Q3,
Q,MIO_EUR,SCA,S13,TE,NL,1995-Q4,
Q,MIO_EUR,SCA,S13,TE,NL,1996-Q1,
Q,MIO_EUR,SCA,S13,TE,NL,1996-Q2,
Q,MIO_EUR,SCA,S13,TE,NL,1996-Q3,
Q,MIO_EUR,SCA,S13,TE,NL,1996-Q4,
Q,MIO_EUR,SCA,S13,TE,NL,1997-Q1,
Q,MIO_EUR,SCA,S13,TE,NL,1997-Q2,
Q,MIO_EUR,SCA,S13,TE,NL,1997-Q3,
Q,MIO_EUR,SCA,S13,TE,NL,1997-Q4,
Q,MIO_EUR,SCA,S13,TE,NL,1998-Q1,
Q,MIO_EUR,SCA,S13,TE,NL,1998-Q2,
Q,MIO_EUR,SCA,S13,TE,NL,1998-Q3,
Q,MIO_EUR,SCA,S13,TE,NL,1998-Q4,
Q,MIO_EUR,SCA,S13,TE,NL,1999-Q1,45849
Q,MIO_EUR,SCA,S13,TE,NL,1999-Q2,46204
Q,MIO_EUR,SCA,S13,TE,NL,1999-Q3,46701
Q,MIO_EUR,SCA,S13,TE,NL,1999-Q4,47253
Q,MIO_EUR,SCA,S13,TE,NL,2000-Q1,48047
Q,MIO_EUR,SCA,S13,TE,NL,2000-Q2,48473
Q,MIO_EUR,SCA,S13,TE,NL,2000-Q3,48697
Q,MIO_EUR,SCA,S13,TE,NL,2000-Q4,50108
Q,MIO_EUR,SCA,S13,TE,NL,2001-Q1,52155
Q,MIO_EUR,SCA,S13,TE,NL,2001-Q2,52692
Q,MIO_EUR,SCA,S13,TE,NL,2001-Q3,53562
Q,MIO_EUR,SCA,S13,TE,NL,2001-Q4,54379
Q,MIO_EUR,SCA,S13,TE,NL,2002-Q1,55243
Q,MIO_EUR,SCA,S13,TE,NL,2002-Q2,56170
Q,MIO_EUR,SCA,S13,TE,NL,2002-Q3,56532
Q,MIO_EUR,SCA,S13,TE,NL,2002-Q4,57142
Q,MIO_EUR,SCA,S13,TE,NL,2003-Q1,58036
Q,MIO_EUR,SCA,S13,TE,NL,2003-Q2,58636
Q,MIO_EUR,SCA,S13,TE,NL,2003-Q3,59593
Q,MIO_EUR,SCA,S13,TE,NL,2003-Q4,59244
Q,MIO_EUR,SCA,S13,TE,NL,2004-Q1,58805
Q,MIO_EUR,SCA,S13,TE,NL,2004-Q2,59118
Q,MIO_EUR,SCA,S13,TE,NL,2004-Q3,59517
Q,MIO_EUR,SCA,S13,TE,NL,2004-Q4,59957
Q,MIO_EUR,SCA,S13,TE,NL,2005-Q1,58343
Q,MIO_EUR,SCA,S13,TE,NL,2005-Q2,59413
Q,MIO_EUR,SCA,S13,TE,NL,2005-Q3,60069
Q,MIO_EUR,SCA,S13,TE,NL,2005-Q4,62251
Q,MIO_EUR,SCA,S13,TE,NL,2006-Q1,63226
Q,MIO_EUR,SCA,S13,TE,NL,2006-Q2,64119
Q,MIO_EUR,SCA,S13,TE,NL,2006-Q3,65145
Q,MIO_EUR,SCA,S13,TE,NL,2006-Q4,65865
Q,MIO_EUR,SCA,S13,TE,NL,2007-Q1,66377
Q,MIO_EUR,SCA,S13,TE,NL,2007-Q2,66953
Q,MIO_EUR,SCA,S13,TE,NL,2007-Q3,67528
Q,MIO_EUR,SCA,S13,TE,NL,2007-Q4,68724
Q,MIO_EUR,SCA,S13,TE,NL,2008-Q1,72126
Q,MIO_EUR,SCA,S13,TE,NL,2008-Q2,71440
Q,MIO_EUR,SCA,S13,TE,NL,2008-Q3,71064
Q,MIO_EUR,SCA,S13,TE,NL,2008-Q4,73674
Q,MIO_EUR,SCA,S13,TE,NL,2009-Q1,75851
Q,MIO_EUR,SCA,S13,TE,NL,2009-Q2,73653
Q,MIO_EUR,SCA,S13,TE,NL,2009-Q3,77783
Q,MIO_EUR,SCA,S13,TE,NL,2009-Q4,78051
Q,MIO_EUR,SCA,S13,TE,NL,2010-Q1,77928
Q,MIO_EUR,SCA,S13,TE,NL,2010-Q2,78622
Q,MIO_EUR,SCA,S13,TE,NL,2010-Q3,78665
Q,MIO_EUR,SCA,S13,TE,NL,2010-Q4,78963
Q,MIO_EUR,SCA,S13,TE,NL,2011-Q1,78517
Q,MIO_EUR,SCA,S13,TE,NL,2011-Q2,78239
Q,MIO_EUR,SCA,S13,TE,NL,2011-Q3,78444
Q,MIO_EUR,SCA,S13,TE,NL,2011-Q4,78382
Q,MIO_EUR,SCA,S13,TE,NL,2012-Q1,77343
Q,MIO_EUR,SCA,S13,TE,NL,2012-Q2,78593
Q,MIO_EUR,SCA,S13,TE,NL,2012-Q3,78875
Q,MIO_EUR,SCA,S13,TE,NL,2012-Q4,78834
Q,MIO_EUR,SCA,S13,TE,NL,2013-Q1,78979
Q,MIO_EUR,SCA,S13,TE,NL,2013-Q2,78770
Q,MIO_EUR,SCA,S13,TE,NL,2013-Q3,79761
Q,MIO_EUR,SCA,S13,TE,NL,2013-Q4,79066
Q,MIO_EUR,SCA,S13,TE,NL,2014-Q1,79546
Q,MIO_EUR,SCA,S13,TE,NL,2014-Q2,79581
Q,MIO_EUR,SCA,S13,TE,NL,2014-Q3,78706
Q,MIO_EUR,SCA,S13,TE,NL,2014-Q4,79454
Q,MIO_EUR,SCA,S13,TE,NL,2015-Q1,79367
Q,MIO_EUR,SCA,S13,TE,NL,2015-Q2,79106
Q,MIO_EUR,SCA,S13,TE,NL,2015-Q3,78904
Q,MIO_EUR,SCA,S13,TE,NL,2015-Q4,79025
Q,MIO_EUR,SCA,S13,TE,NL,2016-Q1,79061
Q,MIO_EUR,SCA,S13,TE,NL,2016-Q2,79531
Q,MIO_EUR,SCA,S13,TE,NL,2016-Q3,80043
Q,MIO_EUR,SCA,S13,TE,NL,2016-Q4,77556
Q,MIO_EUR,SCA,S13,TE,NL,2017-Q1,79456
Q,MIO_EUR,SCA,S13,TE,NL,2017-Q2,80235
Q,MIO_EUR,SCA,S13,TE,NL,2017-Q3,80952
Q,MIO_EUR,SCA,S13,TE,NL,2017-Q4,80240
Q,MIO_EUR,SCA,S13,TE,NL,2018-Q1,81667
Q,MIO_EUR,SCA,S13,TE,NL,2018-Q2,83170
Q,MIO_EUR,SCA,S13,TE,NL,2018-Q3,84118
Q,MIO_EUR,SCA,S13,TE,NL,2018-Q4,84986
Q,MIO_EUR,SCA,S13,TE,NL,2019-Q1,86775
Q,MIO_EUR,SCA,S13,TE,NL,2019-Q2,86710
Q,MIO_EUR,SCA,S13,TE,NL,2019-Q3,89201
Q,MIO_EUR,SCA,S13,TE,NL,2019-Q4,86615
Q,MIO_EUR,SCA,S13,TE,NL,2020-Q1,90942
Q,MIO_EUR,SCA,S13,TE,NL,2020-Q2,100428
Q,MIO_EUR,SCA,S13,TE,NL,2020-Q3,97547
Q,MIO_EUR,SCA,S13,TE,NL,2020-Q4,100660
Q,MIO_EUR,SCA,S13,TE,NL,2021-Q1,102032
Q,MIO_EUR,SCA,S13,TE,NL,2021-Q2,101476
Q,MIO_EUR,SCA,S13,TE,NL,2021-Q3,101780
Q,MIO_EUR,SCA,S13,TE,NL,2021-Q4,103578
Q,MIO_EUR,SCA,S13,TE,NL,2022-Q1,102771
Q,MIO_EUR,SCA,S13,TE,NL,2022-Q2,104004
Q,MIO_EUR,SCA,S13,TE,NL,2022-Q3,110752
Q,MIO_EUR,SCA,S13,TE,NL,2022-Q4,112099
Q,MIO_EUR,SCA,S13,TE,NL,2023-Q1,112728
Q,MIO_EUR,SCA,S13,TE,NL,2023-Q2,115529
Q,MIO_EUR,SCA,S13,TE,NL,2023-Q3,116943
Q,MIO_EUR,SCA,S13,TE,NL,2023-Q4,116693
Q,MIO_EUR,SCA,S13,TE,NL,2024-Q1,119087
Q,MIO_EUR,SCA,S13,TE,NL,2024-Q2,124818
Q,MIO_EUR,SCA,S13,TE,NL,2024-Q3,125469
Q,MIO_EUR,SCA,S13,TE,NL,2024-Q4,127692
Q,MIO_EUR,SCA,S13,TE,NL,2025-Q1,130069
Q,MIO_EUR,SCA,S13,TE,NL,2025-Q2,130156
Q,MIO_EUR,SCA,S13,TE,NL,2025-Q3,133337
Q,MIO_EUR,SCA,S13,TE,NL,2025-Q4,135406
Q,MIO_EUR,SCA,S13,TE,NL,2026-Q1,136715
Q,MIO_EUR,SCA,S13,TE,AT,1995-Q1,
Q,MIO_EUR,SCA,S13,TE,AT,1995-Q2,
Q,MIO_EUR,SCA,S13,TE,AT,1995-Q3,
Q,MIO_EUR,SCA,S13,TE,AT,1995-Q4,
Q,MIO_EUR,SCA,S13,TE,AT,1996-Q1,
Q,MIO_EUR,SCA,S13,TE,AT,1996-Q2,
Q,MIO_EUR,SCA,S13,TE,AT,1996-Q3,
Q,MIO_EUR,SCA,S13,TE,AT,1996-Q4,
Q,MIO_EUR,SCA,S13,TE,AT,1997-Q1,
Q,MIO_EUR,SCA,S13,TE,AT,1997-Q2,
Q,MIO_EUR,SCA,S13,TE,AT,1997-Q3,
Q,MIO_EUR,SCA,S13,TE,AT,1997-Q4,
Q,MIO_EUR,SCA,S13,TE,AT,1998-Q1,
Q,MIO_EUR,SCA,S13,TE,AT,1998-Q2,
Q,MIO_EUR,SCA,S13,TE,AT,1998-Q3,
Q,MIO_EUR,SCA,S13,TE,AT,1998-Q4,
Q,MIO_EUR,SCA,S13,TE,AT,1999-Q1,
Q,MIO_EUR,SCA,S13,TE,AT,1999-Q2,
Q,MIO_EUR,SCA,S13,TE,AT,1999-Q3,
Q,MIO_EUR,SCA,S13,TE,AT,1999-Q4,
Q,MIO_EUR,SCA,S13,TE,AT,2000-Q1,
Q,MIO_EUR,SCA,S13,TE,AT,2000-Q2,
Q,MIO_EUR,SCA,S13,TE,AT,2000-Q3,
Q,MIO_EUR,SCA,S13,TE,AT,2000-Q4,
Q,MIO_EUR,SCA,S13,TE,AT,2001-Q1,27883.5
Q,MIO_EUR,SCA,S13,TE,AT,2001-Q2,28202.4
Q,MIO_EUR,SCA,S13,TE,AT,2001-Q3,28315.7
Q,MIO_EUR,SCA,S13,TE,AT,2001-Q4,29267.5
Q,MIO_EUR,SCA,S13,TE,AT,2002-Q1,28743.9
Q,MIO_EUR,SCA,S13,TE,AT,2002-Q2,28643
Q,MIO_EUR,SCA,S13,TE,AT,2002-Q3,28835.3
Q,MIO_EUR,SCA,S13,TE,AT,2002-Q4,29949.8
Q,MIO_EUR,SCA,S13,TE,AT,2003-Q1,29581.7
Q,MIO_EUR,SCA,S13,TE,AT,2003-Q2,29562.8
Q,MIO_EUR,SCA,S13,TE,AT,2003-Q3,30669.3
Q,MIO_EUR,SCA,S13,TE,AT,2003-Q4,29520.6
Q,MIO_EUR,SCA,S13,TE,AT,2004-Q1,30465
Q,MIO_EUR,SCA,S13,TE,AT,2004-Q2,31722.5
Q,MIO_EUR,SCA,S13,TE,AT,2004-Q3,31201.9
Q,MIO_EUR,SCA,S13,TE,AT,2004-Q4,37264.3
Q,MIO_EUR,SCA,S13,TE,AT,2005-Q1,32082.9
Q,MIO_EUR,SCA,S13,TE,AT,2005-Q2,33273
Q,MIO_EUR,SCA,S13,TE,AT,2005-Q3,32686.7
Q,MIO_EUR,SCA,S13,TE,AT,2005-Q4,32356.2
Q,MIO_EUR,SCA,S13,TE,AT,2006-Q1,33475
Q,MIO_EUR,SCA,S13,TE,AT,2006-Q2,33714.1
Q,MIO_EUR,SCA,S13,TE,AT,2006-Q3,33551.4
Q,MIO_EUR,SCA,S13,TE,AT,2006-Q4,34672.6
Q,MIO_EUR,SCA,S13,TE,AT,2007-Q1,34359.7
Q,MIO_EUR,SCA,S13,TE,AT,2007-Q2,34927.6
Q,MIO_EUR,SCA,S13,TE,AT,2007-Q3,35869
Q,MIO_EUR,SCA,S13,TE,AT,2007-Q4,35156.8
Q,MIO_EUR,SCA,S13,TE,AT,2008-Q1,36132.3
Q,MIO_EUR,SCA,S13,TE,AT,2008-Q2,36378.6
Q,MIO_EUR,SCA,S13,TE,AT,2008-Q3,36446.8
Q,MIO_EUR,SCA,S13,TE,AT,2008-Q4,38145.4
Q,MIO_EUR,SCA,S13,TE,AT,2009-Q1,37409
Q,MIO_EUR,SCA,S13,TE,AT,2009-Q2,37957.9
Q,MIO_EUR,SCA,S13,TE,AT,2009-Q3,39390.3
Q,MIO_EUR,SCA,S13,TE,AT,2009-Q4,41541
Q,MIO_EUR,SCA,S13,TE,AT,2010-Q1,39325.1
Q,MIO_EUR,SCA,S13,TE,AT,2010-Q2,39055.4
Q,MIO_EUR,SCA,S13,TE,AT,2010-Q3,39837.1
Q,MIO_EUR,SCA,S13,TE,AT,2010-Q4,38679
Q,MIO_EUR,SCA,S13,TE,AT,2011-Q1,39017
Q,MIO_EUR,SCA,S13,TE,AT,2011-Q2,39375.8
Q,MIO_EUR,SCA,S13,TE,AT,2011-Q3,39168.4
Q,MIO_EUR,SCA,S13,TE,AT,2011-Q4,40654
Q,MIO_EUR,SCA,S13,TE,AT,2012-Q1,40543.8
Q,MIO_EUR,SCA,S13,TE,AT,2012-Q2,41324.2
Q,MIO_EUR,SCA,S13,TE,AT,2012-Q3,40679.1
Q,MIO_EUR,SCA,S13,TE,AT,2012-Q4,41299
Q,MIO_EUR,SCA,S13,TE,AT,2013-Q1,41851.8
Q,MIO_EUR,SCA,S13,TE,AT,2013-Q2,41554.9
Q,MIO_EUR,SCA,S13,TE,AT,2013-Q3,42332.4
Q,MIO_EUR,SCA,S13,TE,AT,2013-Q4,42654
Q,MIO_EUR,SCA,S13,TE,AT,2014-Q1,42749.1
Q,MIO_EUR,SCA,S13,TE,AT,2014-Q2,43161.8
Q,MIO_EUR,SCA,S13,TE,AT,2014-Q3,42509.1
Q,MIO_EUR,SCA,S13,TE,AT,2014-Q4,44546.8
Q,MIO_EUR,SCA,S13,TE,AT,2015-Q1,44119.3
Q,MIO_EUR,SCA,S13,TE,AT,2015-Q2,43539.2
Q,MIO_EUR,SCA,S13,TE,AT,2015-Q3,43543.9
Q,MIO_EUR,SCA,S13,TE,AT,2015-Q4,43998.5
Q,MIO_EUR,SCA,S13,TE,AT,2016-Q1,44504.2
Q,MIO_EUR,SCA,S13,TE,AT,2016-Q2,44250.4
Q,MIO_EUR,SCA,S13,TE,AT,2016-Q3,45329.3
Q,MIO_EUR,SCA,S13,TE,AT,2016-Q4,46024.4
Q,MIO_EUR,SCA,S13,TE,AT,2017-Q1,45046
Q,MIO_EUR,SCA,S13,TE,AT,2017-Q2,46301.1
Q,MIO_EUR,SCA,S13,TE,AT,2017-Q3,45597.1
Q,MIO_EUR,SCA,S13,TE,AT,2017-Q4,46045.9
Q,MIO_EUR,SCA,S13,TE,AT,2018-Q1,46102.4
Q,MIO_EUR,SCA,S13,TE,AT,2018-Q2,46928.3
Q,MIO_EUR,SCA,S13,TE,AT,2018-Q3,47391.2
Q,MIO_EUR,SCA,S13,TE,AT,2018-Q4,48101.6
Q,MIO_EUR,SCA,S13,TE,AT,2019-Q1,48277.4
Q,MIO_EUR,SCA,S13,TE,AT,2019-Q2,48203.8
Q,MIO_EUR,SCA,S13,TE,AT,2019-Q3,48967.9
Q,MIO_EUR,SCA,S13,TE,AT,2019-Q4,48739.7
Q,MIO_EUR,SCA,S13,TE,AT,2020-Q1,48928.6
Q,MIO_EUR,SCA,S13,TE,AT,2020-Q2,55664.6
Q,MIO_EUR,SCA,S13,TE,AT,2020-Q3,53622.9
Q,MIO_EUR,SCA,S13,TE,AT,2020-Q4,59754.8
Q,MIO_EUR,SCA,S13,TE,AT,2021-Q1,59298.9
Q,MIO_EUR,SCA,S13,TE,AT,2021-Q2,57721.9
Q,MIO_EUR,SCA,S13,TE,AT,2021-Q3,54486.5
Q,MIO_EUR,SCA,S13,TE,AT,2021-Q4,56090.1
Q,MIO_EUR,SCA,S13,TE,AT,2022-Q1,58715.8
Q,MIO_EUR,SCA,S13,TE,AT,2022-Q2,56273.3
Q,MIO_EUR,SCA,S13,TE,AT,2022-Q3,61636.7
Q,MIO_EUR,SCA,S13,TE,AT,2022-Q4,61389.6
Q,MIO_EUR,SCA,S13,TE,AT,2023-Q1,60556.7
Q,MIO_EUR,SCA,S13,TE,AT,2023-Q2,61500.1
Q,MIO_EUR,SCA,S13,TE,AT,2023-Q3,63707.5
Q,MIO_EUR,SCA,S13,TE,AT,2023-Q4,64205.6
Q,MIO_EUR,SCA,S13,TE,AT,2024-Q1,65741.1
Q,MIO_EUR,SCA,S13,TE,AT,2024-Q2,67259.4
Q,MIO_EUR,SCA,S13,TE,AT,2024-Q3,69875.8
Q,MIO_EUR,SCA,S13,TE,AT,2024-Q4,70315.2
Q,MIO_EUR,SCA,S13,TE,AT,2025-Q1,69920.4
Q,MIO_EUR,SCA,S13,TE,AT,2025-Q2,70106
Q,MIO_EUR,SCA,S13,TE,AT,2025-Q3,71328.8
Q,MIO_EUR,SCA,S13,TE,AT,2025-Q4,71651.5
Q,MIO_EUR,SCA,S13,TE,AT,2026-Q1,71681.1
Q,MIO_EUR,SCA,S13,TE,PL,1995-Q1,
Q,MIO_EUR,SCA,S13,TE,PL,1995-Q2,
Q,MIO_EUR,SCA,S13,TE,PL,1995-Q3,
Q,MIO_EUR,SCA,S13,TE,PL,1995-Q4,
Q,MIO_EUR,SCA,S13,TE,PL,1996-Q1,
Q,MIO_EUR,SCA,S13,TE,PL,1996-Q2,
Q,MIO_EUR,SCA,S13,TE,PL,1996-Q3,
Q,MIO_EUR,SCA,S13,TE,PL,1996-Q4,
Q,MIO_EUR,SCA,S13,TE,PL,1997-Q1,
Q,MIO_EUR,SCA,S13,TE,PL,1997-Q2,
Q,MIO_EUR,SCA,S13,TE,PL,1997-Q3,
Q,MIO_EUR,SCA,S13,TE,PL,1997-Q4,
Q,MIO_EUR,SCA,S13,TE,PL,1998-Q1,
Q,MIO_EUR,SCA,S13,TE,PL,1998-Q2,
Q,MIO_EUR,SCA,S13,TE,PL,1998-Q3,
Q,MIO_EUR,SCA,S13,TE,PL,1998-Q4,
Q,MIO_EUR,SCA,S13,TE,PL,1999-Q1,16773.6
Q,MIO_EUR,SCA,S13,TE,PL,1999-Q2,17184.3
Q,MIO_EUR,SCA,S13,TE,PL,1999-Q3,17891.7
Q,MIO_EUR,SCA,S13,TE,PL,1999-Q4,17310
Q,MIO_EUR,SCA,S13,TE,PL,2000-Q1,19417.8
Q,MIO_EUR,SCA,S13,TE,PL,2000-Q2,19256.7
Q,MIO_EUR,SCA,S13,TE,PL,2000-Q3,20311.8
Q,MIO_EUR,SCA,S13,TE,PL,2000-Q4,21588.4
Q,MIO_EUR,SCA,S13,TE,PL,2001-Q1,22656.8
Q,MIO_EUR,SCA,S13,TE,PL,2001-Q2,25213.3
Q,MIO_EUR,SCA,S13,TE,PL,2001-Q3,23526.5
Q,MIO_EUR,SCA,S13,TE,PL,2001-Q4,24451.4
Q,MIO_EUR,SCA,S13,TE,PL,2002-Q1,24910
Q,MIO_EUR,SCA,S13,TE,PL,2002-Q2,24718.7
Q,MIO_EUR,SCA,S13,TE,PL,2002-Q3,22784.2
Q,MIO_EUR,SCA,S13,TE,PL,2002-Q4,23196.5
Q,MIO_EUR,SCA,S13,TE,PL,2003-Q1,22702.6
Q,MIO_EUR,SCA,S13,TE,PL,2003-Q2,22189.5
Q,MIO_EUR,SCA,S13,TE,PL,2003-Q3,21924.1
Q,MIO_EUR,SCA,S13,TE,PL,2003-Q4,21053.3
Q,MIO_EUR,SCA,S13,TE,PL,2004-Q1,20505.4
Q,MIO_EUR,SCA,S13,TE,PL,2004-Q2,21275.4
Q,MIO_EUR,SCA,S13,TE,PL,2004-Q3,23496.1
Q,MIO_EUR,SCA,S13,TE,PL,2004-Q4,24434.4
Q,MIO_EUR,SCA,S13,TE,PL,2005-Q1,26558
Q,MIO_EUR,SCA,S13,TE,PL,2005-Q2,26044.7
Q,MIO_EUR,SCA,S13,TE,PL,2005-Q3,27475.7
Q,MIO_EUR,SCA,S13,TE,PL,2005-Q4,28964.3
Q,MIO_EUR,SCA,S13,TE,PL,2006-Q1,29847.9
Q,MIO_EUR,SCA,S13,TE,PL,2006-Q2,29578.1
Q,MIO_EUR,SCA,S13,TE,PL,2006-Q3,30931.4
Q,MIO_EUR,SCA,S13,TE,PL,2006-Q4,31514
Q,MIO_EUR,SCA,S13,TE,PL,2007-Q1,32616.2
Q,MIO_EUR,SCA,S13,TE,PL,2007-Q2,33202
Q,MIO_EUR,SCA,S13,TE,PL,2007-Q3,34223.3
Q,MIO_EUR,SCA,S13,TE,PL,2007-Q4,34309.7
Q,MIO_EUR,SCA,S13,TE,PL,2008-Q1,37629
Q,MIO_EUR,SCA,S13,TE,PL,2008-Q2,40951.5
Q,MIO_EUR,SCA,S13,TE,PL,2008-Q3,43402.5
Q,MIO_EUR,SCA,S13,TE,PL,2008-Q4,39632.9
Q,MIO_EUR,SCA,S13,TE,PL,2009-Q1,33970.3
Q,MIO_EUR,SCA,S13,TE,PL,2009-Q2,34368.6
Q,MIO_EUR,SCA,S13,TE,PL,2009-Q3,36384.4
Q,MIO_EUR,SCA,S13,TE,PL,2009-Q4,37890.6
Q,MIO_EUR,SCA,S13,TE,PL,2010-Q1,39821.7
Q,MIO_EUR,SCA,S13,TE,PL,2010-Q2,40940.6
Q,MIO_EUR,SCA,S13,TE,PL,2010-Q3,41871.7
Q,MIO_EUR,SCA,S13,TE,PL,2010-Q4,42746.6
Q,MIO_EUR,SCA,S13,TE,PL,2011-Q1,43646.5
Q,MIO_EUR,SCA,S13,TE,PL,2011-Q2,42768.8
Q,MIO_EUR,SCA,S13,TE,PL,2011-Q3,41468.1
Q,MIO_EUR,SCA,S13,TE,PL,2011-Q4,39700.6
Q,MIO_EUR,SCA,S13,TE,PL,2012-Q1,42783.2
Q,MIO_EUR,SCA,S13,TE,PL,2012-Q2,40963.7
Q,MIO_EUR,SCA,S13,TE,PL,2012-Q3,42718.5
Q,MIO_EUR,SCA,S13,TE,PL,2012-Q4,41618.5
Q,MIO_EUR,SCA,S13,TE,PL,2013-Q1,43172.4
Q,MIO_EUR,SCA,S13,TE,PL,2013-Q2,42418.7
Q,MIO_EUR,SCA,S13,TE,PL,2013-Q3,41581.3
Q,MIO_EUR,SCA,S13,TE,PL,2013-Q4,41653.3
Q,MIO_EUR,SCA,S13,TE,PL,2014-Q1,43297.3
Q,MIO_EUR,SCA,S13,TE,PL,2014-Q2,43269.8
Q,MIO_EUR,SCA,S13,TE,PL,2014-Q3,43730.4
Q,MIO_EUR,SCA,S13,TE,PL,2014-Q4,43893.1
Q,MIO_EUR,SCA,S13,TE,PL,2015-Q1,44623.5
Q,MIO_EUR,SCA,S13,TE,PL,2015-Q2,44632
Q,MIO_EUR,SCA,S13,TE,PL,2015-Q3,44798.9
Q,MIO_EUR,SCA,S13,TE,PL,2015-Q4,45303.5
Q,MIO_EUR,SCA,S13,TE,PL,2016-Q1,42802.4
Q,MIO_EUR,SCA,S13,TE,PL,2016-Q2,43548.2
Q,MIO_EUR,SCA,S13,TE,PL,2016-Q3,44597.2
Q,MIO_EUR,SCA,S13,TE,PL,2016-Q4,44444.2
Q,MIO_EUR,SCA,S13,TE,PL,2017-Q1,46249.9
Q,MIO_EUR,SCA,S13,TE,PL,2017-Q2,47604.5
Q,MIO_EUR,SCA,S13,TE,PL,2017-Q3,48507.4
Q,MIO_EUR,SCA,S13,TE,PL,2017-Q4,50005.3
Q,MIO_EUR,SCA,S13,TE,PL,2018-Q1,51645.3
Q,MIO_EUR,SCA,S13,TE,PL,2018-Q2,49944.8
Q,MIO_EUR,SCA,S13,TE,PL,2018-Q3,51172.9
Q,MIO_EUR,SCA,S13,TE,PL,2018-Q4,53487.4
Q,MIO_EUR,SCA,S13,TE,PL,2019-Q1,53708.2
Q,MIO_EUR,SCA,S13,TE,PL,2019-Q2,55077.6
Q,MIO_EUR,SCA,S13,TE,PL,2019-Q3,55696.4
Q,MIO_EUR,SCA,S13,TE,PL,2019-Q4,58262.7
Q,MIO_EUR,SCA,S13,TE,PL,2020-Q1,58642.1
Q,MIO_EUR,SCA,S13,TE,PL,2020-Q2,72625.8
Q,MIO_EUR,SCA,S13,TE,PL,2020-Q3,61543.2
Q,MIO_EUR,SCA,S13,TE,PL,2020-Q4,60338.2
Q,MIO_EUR,SCA,S13,TE,PL,2021-Q1,62288
Q,MIO_EUR,SCA,S13,TE,PL,2021-Q2,62234.6
Q,MIO_EUR,SCA,S13,TE,PL,2021-Q3,61299.2
Q,MIO_EUR,SCA,S13,TE,PL,2021-Q4,67660.2
Q,MIO_EUR,SCA,S13,TE,PL,2022-Q1,64675.8
Q,MIO_EUR,SCA,S13,TE,PL,2022-Q2,69466.3
Q,MIO_EUR,SCA,S13,TE,PL,2022-Q3,71111.8
Q,MIO_EUR,SCA,S13,TE,PL,2022-Q4,80092.6
Q,MIO_EUR,SCA,S13,TE,PL,2023-Q1,75196.3
Q,MIO_EUR,SCA,S13,TE,PL,2023-Q2,85808.8
Q,MIO_EUR,SCA,S13,TE,PL,2023-Q3,91847.1
Q,MIO_EUR,SCA,S13,TE,PL,2023-Q4,96106.3
Q,MIO_EUR,SCA,S13,TE,PL,2024-Q1,98515.6
Q,MIO_EUR,SCA,S13,TE,PL,2024-Q2,103545
Q,MIO_EUR,SCA,S13,TE,PL,2024-Q3,106334.4
Q,MIO_EUR,SCA,S13,TE,PL,2024-Q4,109522.5
Q,MIO_EUR,SCA,S13,TE,PL,2025-Q1,112395.8
Q,MIO_EUR,SCA,S13,TE,PL,2025-Q2,115062.6
Q,MIO_EUR,SCA,S13,TE,PL,2025-Q3,118403.9
Q,MIO_EUR,SCA,S13,TE,PL,2025-Q4,121266.8
Q,MIO_EUR,SCA,S13,TE,PL,2026-Q1,120552.4
Q,MIO_EUR,SCA,S13,TE,PT,1995-Q1,
Q,MIO_EUR,SCA,S13,TE,PT,1995-Q2,
Q,MIO_EUR,SCA,S13,TE,PT,1995-Q3,
Q,MIO_EUR,SCA,S13,TE,PT,1995-Q4,
Q,MIO_EUR,SCA,S13,TE,PT,1996-Q1,
Q,MIO_EUR,SCA,S13,TE,PT,1996-Q2,
Q,MIO_EUR,SCA,S13,TE,PT,1996-Q3,
Q,MIO_EUR,SCA,S13,TE,PT,1996-Q4,
Q,MIO_EUR,SCA,S13,TE,PT,1997-Q1,
Q,MIO_EUR,SCA,S13,TE,PT,1997-Q2,
Q,MIO_EUR,SCA,S13,TE,PT,1997-Q3,
Q,MIO_EUR,SCA,S13,TE,PT,1997-Q4,
Q,MIO_EUR,SCA,S13,TE,PT,1998-Q1,
Q,MIO_EUR,SCA,S13,TE,PT,1998-Q2,
Q,MIO_EUR,SCA,S13,TE,PT,1998-Q3,
Q,MIO_EUR,SCA,S13,TE,PT,1998-Q4,
Q,MIO_EUR,SCA,S13,TE,PT,1999-Q1,12441.5
Q,MIO_EUR,SCA,S13,TE,PT,1999-Q2,12651.2
Q,MIO_EUR,SCA,S13,TE,PT,1999-Q3,12628.8
Q,MIO_EUR,SCA,S13,TE,PT,1999-Q4,13200.6
Q,MIO_EUR,SCA,S13,TE,PT,2000-Q1,13419.3
Q,MIO_EUR,SCA,S13,TE,PT,2000-Q2,13408.6
Q,MIO_EUR,SCA,S13,TE,PT,2000-Q3,13935.1
Q,MIO_EUR,SCA,S13,TE,PT,2000-Q4,14011.5
Q,MIO_EUR,SCA,S13,TE,PT,2001-Q1,14048.3
Q,MIO_EUR,SCA,S13,TE,PT,2001-Q2,14988.8
Q,MIO_EUR,SCA,S13,TE,PT,2001-Q3,15152.1
Q,MIO_EUR,SCA,S13,TE,PT,2001-Q4,15725.5
Q,MIO_EUR,SCA,S13,TE,PT,2002-Q1,15418.7
Q,MIO_EUR,SCA,S13,TE,PT,2002-Q2,15534.2
Q,MIO_EUR,SCA,S13,TE,PT,2002-Q3,16888.1
Q,MIO_EUR,SCA,S13,TE,PT,2002-Q4,14511.9
Q,MIO_EUR,SCA,S13,TE,PT,2003-Q1,16477.4
Q,MIO_EUR,SCA,S13,TE,PT,2003-Q2,16412.9
Q,MIO_EUR,SCA,S13,TE,PT,2003-Q3,16836.9
Q,MIO_EUR,SCA,S13,TE,PT,2003-Q4,16624.4
Q,MIO_EUR,SCA,S13,TE,PT,2004-Q1,17222.9
Q,MIO_EUR,SCA,S13,TE,PT,2004-Q2,17719.3
Q,MIO_EUR,SCA,S13,TE,PT,2004-Q3,17352.5
Q,MIO_EUR,SCA,S13,TE,PT,2004-Q4,18153.8
Q,MIO_EUR,SCA,S13,TE,PT,2005-Q1,18357.5
Q,MIO_EUR,SCA,S13,TE,PT,2005-Q2,18129.6
Q,MIO_EUR,SCA,S13,TE,PT,2005-Q3,18858.4
Q,MIO_EUR,SCA,S13,TE,PT,2005-Q4,18825.6
Q,MIO_EUR,SCA,S13,TE,PT,2006-Q1,18630.3
Q,MIO_EUR,SCA,S13,TE,PT,2006-Q2,18931.1
Q,MIO_EUR,SCA,S13,TE,PT,2006-Q3,18586.4
Q,MIO_EUR,SCA,S13,TE,PT,2006-Q4,19071.9
Q,MIO_EUR,SCA,S13,TE,PT,2007-Q1,19514.4
Q,MIO_EUR,SCA,S13,TE,PT,2007-Q2,19482.3
Q,MIO_EUR,SCA,S13,TE,PT,2007-Q3,19461.9
Q,MIO_EUR,SCA,S13,TE,PT,2007-Q4,19650
Q,MIO_EUR,SCA,S13,TE,PT,2008-Q1,19973.8
Q,MIO_EUR,SCA,S13,TE,PT,2008-Q2,19603.4
Q,MIO_EUR,SCA,S13,TE,PT,2008-Q3,21562.6
Q,MIO_EUR,SCA,S13,TE,PT,2008-Q4,20325.9
Q,MIO_EUR,SCA,S13,TE,PT,2009-Q1,21673.6
Q,MIO_EUR,SCA,S13,TE,PT,2009-Q2,21643.3
Q,MIO_EUR,SCA,S13,TE,PT,2009-Q3,22573
Q,MIO_EUR,SCA,S13,TE,PT,2009-Q4,22270
Q,MIO_EUR,SCA,S13,TE,PT,2010-Q1,21736.4
Q,MIO_EUR,SCA,S13,TE,PT,2010-Q2,22957.2
Q,MIO_EUR,SCA,S13,TE,PT,2010-Q3,22371.2
Q,MIO_EUR,SCA,S13,TE,PT,2010-Q4,26259.6
Q,MIO_EUR,SCA,S13,TE,PT,2011-Q1,21755.1
Q,MIO_EUR,SCA,S13,TE,PT,2011-Q2,22260.5
Q,MIO_EUR,SCA,S13,TE,PT,2011-Q3,21488.8
Q,MIO_EUR,SCA,S13,TE,PT,2011-Q4,22703.1
Q,MIO_EUR,SCA,S13,TE,PT,2012-Q1,20827.2
Q,MIO_EUR,SCA,S13,TE,PT,2012-Q2,21123.9
Q,MIO_EUR,SCA,S13,TE,PT,2012-Q3,19801
Q,MIO_EUR,SCA,S13,TE,PT,2012-Q4,20552.2
Q,MIO_EUR,SCA,S13,TE,PT,2013-Q1,21920.4
Q,MIO_EUR,SCA,S13,TE,PT,2013-Q2,21154
Q,MIO_EUR,SCA,S13,TE,PT,2013-Q3,20910.6
Q,MIO_EUR,SCA,S13,TE,PT,2013-Q4,21279.2
Q,MIO_EUR,SCA,S13,TE,PT,2014-Q1,20704.2
Q,MIO_EUR,SCA,S13,TE,PT,2014-Q2,21989.2
Q,MIO_EUR,SCA,S13,TE,PT,2014-Q3,26253.3
Q,MIO_EUR,SCA,S13,TE,PT,2014-Q4,20602
Q,MIO_EUR,SCA,S13,TE,PT,2015-Q1,21252.5
Q,MIO_EUR,SCA,S13,TE,PT,2015-Q2,21290.3
Q,MIO_EUR,SCA,S13,TE,PT,2015-Q3,21047.7
Q,MIO_EUR,SCA,S13,TE,PT,2015-Q4,23086.9
Q,MIO_EUR,SCA,S13,TE,PT,2016-Q1,20694.6
Q,MIO_EUR,SCA,S13,TE,PT,2016-Q2,21060.9
Q,MIO_EUR,SCA,S13,TE,PT,2016-Q3,21204.5
Q,MIO_EUR,SCA,S13,TE,PT,2016-Q4,20661
Q,MIO_EUR,SCA,S13,TE,PT,2017-Q1,24933.6
Q,MIO_EUR,SCA,S13,TE,PT,2017-Q2,21191.1
Q,MIO_EUR,SCA,S13,TE,PT,2017-Q3,21221.4
Q,MIO_EUR,SCA,S13,TE,PT,2017-Q4,21582.9
Q,MIO_EUR,SCA,S13,TE,PT,2018-Q1,21347
Q,MIO_EUR,SCA,S13,TE,PT,2018-Q2,22607.3
Q,MIO_EUR,SCA,S13,TE,PT,2018-Q3,21759.4
Q,MIO_EUR,SCA,S13,TE,PT,2018-Q4,23012.1
Q,MIO_EUR,SCA,S13,TE,PT,2019-Q1,21972.2
Q,MIO_EUR,SCA,S13,TE,PT,2019-Q2,23356.6
Q,MIO_EUR,SCA,S13,TE,PT,2019-Q3,22820
Q,MIO_EUR,SCA,S13,TE,PT,2019-Q4,22968.4
Q,MIO_EUR,SCA,S13,TE,PT,2020-Q1,22776.8
Q,MIO_EUR,SCA,S13,TE,PT,2020-Q2,25222.5
Q,MIO_EUR,SCA,S13,TE,PT,2020-Q3,24988.6
Q,MIO_EUR,SCA,S13,TE,PT,2020-Q4,25765.6
Q,MIO_EUR,SCA,S13,TE,PT,2021-Q1,25265.1
Q,MIO_EUR,SCA,S13,TE,PT,2021-Q2,26551.2
Q,MIO_EUR,SCA,S13,TE,PT,2021-Q3,24863.6
Q,MIO_EUR,SCA,S13,TE,PT,2021-Q4,25815.2
Q,MIO_EUR,SCA,S13,TE,PT,2022-Q1,25235.2
Q,MIO_EUR,SCA,S13,TE,PT,2022-Q2,25383
Q,MIO_EUR,SCA,S13,TE,PT,2022-Q3,25818
Q,MIO_EUR,SCA,S13,TE,PT,2022-Q4,30597.4
Q,MIO_EUR,SCA,S13,TE,PT,2023-Q1,26579.2
Q,MIO_EUR,SCA,S13,TE,PT,2023-Q2,27942.5
Q,MIO_EUR,SCA,S13,TE,PT,2023-Q3,27885.2
Q,MIO_EUR,SCA,S13,TE,PT,2023-Q4,31234
Q,MIO_EUR,SCA,S13,TE,PT,2024-Q1,29443.2
Q,MIO_EUR,SCA,S13,TE,PT,2024-Q2,30342.3
Q,MIO_EUR,SCA,S13,TE,PT,2024-Q3,30452.9
Q,MIO_EUR,SCA,S13,TE,PT,2024-Q4,32566.9
Q,MIO_EUR,SCA,S13,TE,PT,2025-Q1,31574.4
Q,MIO_EUR,SCA,S13,TE,PT,2025-Q2,32093.3
Q,MIO_EUR,SCA,S13,TE,PT,2025-Q3,33656.9
Q,MIO_EUR,SCA,S13,TE,PT,2025-Q4,33616.8
Q,MIO_EUR,SCA,S13,TE,PT,2026-Q1,34150.3
Q,MIO_EUR,SCA,S13,TE,RO,1995-Q1,2205.5
Q,MIO_EUR,SCA,S13,TE,RO,1995-Q2,4442.5
Q,MIO_EUR,SCA,S13,TE,RO,1995-Q3,1161.5
Q,MIO_EUR,SCA,S13,TE,RO,1995-Q4,2153.4
Q,MIO_EUR,SCA,S13,TE,RO,1996-Q1,2135.8
Q,MIO_EUR,SCA,S13,TE,RO,1996-Q2,2305.5
Q,MIO_EUR,SCA,S13,TE,RO,1996-Q3,2428
Q,MIO_EUR,SCA,S13,TE,RO,1996-Q4,2651.1
Q,MIO_EUR,SCA,S13,TE,RO,1997-Q1,1874.7
Q,MIO_EUR,SCA,S13,TE,RO,1997-Q2,2433.7
Q,MIO_EUR,SCA,S13,TE,RO,1997-Q3,2923.8
Q,MIO_EUR,SCA,S13,TE,RO,1997-Q4,3426.8
Q,MIO_EUR,SCA,S13,TE,RO,1998-Q1,3115.4
Q,MIO_EUR,SCA,S13,TE,RO,1998-Q2,3399.8
Q,MIO_EUR,SCA,S13,TE,RO,1998-Q3,3508.1
Q,MIO_EUR,SCA,S13,TE,RO,1998-Q4,3168.6
Q,MIO_EUR,SCA,S13,TE,RO,1999-Q1,3109.5
Q,MIO_EUR,SCA,S13,TE,RO,1999-Q2,3034.6
Q,MIO_EUR,SCA,S13,TE,RO,1999-Q3,3536.3
Q,MIO_EUR,SCA,S13,TE,RO,1999-Q4,3452
Q,MIO_EUR,SCA,S13,TE,RO,2000-Q1,3439.4
Q,MIO_EUR,SCA,S13,TE,RO,2000-Q2,3955.9
Q,MIO_EUR,SCA,S13,TE,RO,2000-Q3,3840.6
Q,MIO_EUR,SCA,S13,TE,RO,2000-Q4,4256.5
Q,MIO_EUR,SCA,S13,TE,RO,2001-Q1,3932.7
Q,MIO_EUR,SCA,S13,TE,RO,2001-Q2,4341.5
Q,MIO_EUR,SCA,S13,TE,RO,2001-Q3,3944.8
Q,MIO_EUR,SCA,S13,TE,RO,2001-Q4,4165.5
Q,MIO_EUR,SCA,S13,TE,RO,2002-Q1,4372.3
Q,MIO_EUR,SCA,S13,TE,RO,2002-Q2,4237.8
Q,MIO_EUR,SCA,S13,TE,RO,2002-Q3,4109
Q,MIO_EUR,SCA,S13,TE,RO,2002-Q4,4289.7
Q,MIO_EUR,SCA,S13,TE,RO,2003-Q1,4176.8
Q,MIO_EUR,SCA,S13,TE,RO,2003-Q2,4106.6
Q,MIO_EUR,SCA,S13,TE,RO,2003-Q3,4870.3
Q,MIO_EUR,SCA,S13,TE,RO,2003-Q4,4380.8
Q,MIO_EUR,SCA,S13,TE,RO,2004-Q1,4901.2
Q,MIO_EUR,SCA,S13,TE,RO,2004-Q2,5169.5
Q,MIO_EUR,SCA,S13,TE,RO,2004-Q3,4858.1
Q,MIO_EUR,SCA,S13,TE,RO,2004-Q4,5483.1
Q,MIO_EUR,SCA,S13,TE,RO,2005-Q1,6110.9
Q,MIO_EUR,SCA,S13,TE,RO,2005-Q2,6730.3
Q,MIO_EUR,SCA,S13,TE,RO,2005-Q3,7114.1
Q,MIO_EUR,SCA,S13,TE,RO,2005-Q4,6604.4
Q,MIO_EUR,SCA,S13,TE,RO,2006-Q1,6982.6
Q,MIO_EUR,SCA,S13,TE,RO,2006-Q2,6921.3
Q,MIO_EUR,SCA,S13,TE,RO,2006-Q3,7934.7
Q,MIO_EUR,SCA,S13,TE,RO,2006-Q4,12331.6
Q,MIO_EUR,SCA,S13,TE,RO,2007-Q1,10136.7
Q,MIO_EUR,SCA,S13,TE,RO,2007-Q2,10942
Q,MIO_EUR,SCA,S13,TE,RO,2007-Q3,11472.5
Q,MIO_EUR,SCA,S13,TE,RO,2007-Q4,14654.1
Q,MIO_EUR,SCA,S13,TE,RO,2008-Q1,13033.2
Q,MIO_EUR,SCA,S13,TE,RO,2008-Q2,13592
Q,MIO_EUR,SCA,S13,TE,RO,2008-Q3,14067.1
Q,MIO_EUR,SCA,S13,TE,RO,2008-Q4,14358
Q,MIO_EUR,SCA,S13,TE,RO,2009-Q1,12529.2
Q,MIO_EUR,SCA,S13,TE,RO,2009-Q2,12792.6
Q,MIO_EUR,SCA,S13,TE,RO,2009-Q3,12923.1
Q,MIO_EUR,SCA,S13,TE,RO,2009-Q4,11671.1
Q,MIO_EUR,SCA,S13,TE,RO,2010-Q1,13099.1
Q,MIO_EUR,SCA,S13,TE,RO,2010-Q2,13160.4
Q,MIO_EUR,SCA,S13,TE,RO,2010-Q3,12207.3
Q,MIO_EUR,SCA,S13,TE,RO,2010-Q4,12067.9
Q,MIO_EUR,SCA,S13,TE,RO,2011-Q1,12696.5
Q,MIO_EUR,SCA,S13,TE,RO,2011-Q2,12858.9
Q,MIO_EUR,SCA,S13,TE,RO,2011-Q3,12791.1
Q,MIO_EUR,SCA,S13,TE,RO,2011-Q4,13831.3
Q,MIO_EUR,SCA,S13,TE,RO,2012-Q1,12915.6
Q,MIO_EUR,SCA,S13,TE,RO,2012-Q2,12653.1
Q,MIO_EUR,SCA,S13,TE,RO,2012-Q3,12113
Q,MIO_EUR,SCA,S13,TE,RO,2012-Q4,12486
Q,MIO_EUR,SCA,S13,TE,RO,2013-Q1,12821.3
Q,MIO_EUR,SCA,S13,TE,RO,2013-Q2,13011.3
Q,MIO_EUR,SCA,S13,TE,RO,2013-Q3,12755.3
Q,MIO_EUR,SCA,S13,TE,RO,2013-Q4,12519.7
Q,MIO_EUR,SCA,S13,TE,RO,2014-Q1,12726
Q,MIO_EUR,SCA,S13,TE,RO,2014-Q2,13262.8
Q,MIO_EUR,SCA,S13,TE,RO,2014-Q3,13448.8
Q,MIO_EUR,SCA,S13,TE,RO,2014-Q4,13834.2
Q,MIO_EUR,SCA,S13,TE,RO,2015-Q1,13582.4
Q,MIO_EUR,SCA,S13,TE,RO,2015-Q2,13506.9
Q,MIO_EUR,SCA,S13,TE,RO,2015-Q3,14787.1
Q,MIO_EUR,SCA,S13,TE,RO,2015-Q4,15216.7
Q,MIO_EUR,SCA,S13,TE,RO,2016-Q1,13868.1
Q,MIO_EUR,SCA,S13,TE,RO,2016-Q2,14356.7
Q,MIO_EUR,SCA,S13,TE,RO,2016-Q3,14666
Q,MIO_EUR,SCA,S13,TE,RO,2016-Q4,15126.3
Q,MIO_EUR,SCA,S13,TE,RO,2017-Q1,14940.3
Q,MIO_EUR,SCA,S13,TE,RO,2017-Q2,15439.4
Q,MIO_EUR,SCA,S13,TE,RO,2017-Q3,15775.6
Q,MIO_EUR,SCA,S13,TE,RO,2017-Q4,16167.3
Q,MIO_EUR,SCA,S13,TE,RO,2018-Q1,17209
Q,MIO_EUR,SCA,S13,TE,RO,2018-Q2,16886.3
Q,MIO_EUR,SCA,S13,TE,RO,2018-Q3,18443.8
Q,MIO_EUR,SCA,S13,TE,RO,2018-Q4,18114.3
Q,MIO_EUR,SCA,S13,TE,RO,2019-Q1,19033.8
Q,MIO_EUR,SCA,S13,TE,RO,2019-Q2,20641.9
Q,MIO_EUR,SCA,S13,TE,RO,2019-Q3,20763.5
Q,MIO_EUR,SCA,S13,TE,RO,2019-Q4,20445.9
Q,MIO_EUR,SCA,S13,TE,RO,2020-Q1,21614.7
Q,MIO_EUR,SCA,S13,TE,RO,2020-Q2,22357.5
Q,MIO_EUR,SCA,S13,TE,RO,2020-Q3,23850
Q,MIO_EUR,SCA,S13,TE,RO,2020-Q4,23527.2
Q,MIO_EUR,SCA,S13,TE,RO,2021-Q1,23182.8
Q,MIO_EUR,SCA,S13,TE,RO,2021-Q2,24103.2
Q,MIO_EUR,SCA,S13,TE,RO,2021-Q3,23348.4
Q,MIO_EUR,SCA,S13,TE,RO,2021-Q4,25293.8
Q,MIO_EUR,SCA,S13,TE,RO,2022-Q1,28216.9
Q,MIO_EUR,SCA,S13,TE,RO,2022-Q2,26740.6
Q,MIO_EUR,SCA,S13,TE,RO,2022-Q3,29775.1
Q,MIO_EUR,SCA,S13,TE,RO,2022-Q4,29794.9
Q,MIO_EUR,SCA,S13,TE,RO,2023-Q1,30928.1
Q,MIO_EUR,SCA,S13,TE,RO,2023-Q2,32889.6
Q,MIO_EUR,SCA,S13,TE,RO,2023-Q3,32347.1
Q,MIO_EUR,SCA,S13,TE,RO,2023-Q4,35097
Q,MIO_EUR,SCA,S13,TE,RO,2024-Q1,37080.2
Q,MIO_EUR,SCA,S13,TE,RO,2024-Q2,37241
Q,MIO_EUR,SCA,S13,TE,RO,2024-Q3,38876.9
Q,MIO_EUR,SCA,S13,TE,RO,2024-Q4,39248
Q,MIO_EUR,SCA,S13,TE,RO,2025-Q1,40430
Q,MIO_EUR,SCA,S13,TE,RO,2025-Q2,41197.5
Q,MIO_EUR,SCA,S13,TE,RO,2025-Q3,40535.6
Q,MIO_EUR,SCA,S13,TE,RO,2025-Q4,41768
Q,MIO_EUR,SCA,S13,TE,RO,2026-Q1,39143.8
Q,MIO_EUR,SCA,S13,TE,SI,1995-Q1,
Q,MIO_EUR,SCA,S13,TE,SI,1995-Q2,
Q,MIO_EUR,SCA,S13,TE,SI,1995-Q3,
Q,MIO_EUR,SCA,S13,TE,SI,1995-Q4,
Q,MIO_EUR,SCA,S13,TE,SI,1996-Q1,
Q,MIO_EUR,SCA,S13,TE,SI,1996-Q2,
Q,MIO_EUR,SCA,S13,TE,SI,1996-Q3,
Q,MIO_EUR,SCA,S13,TE,SI,1996-Q4,
Q,MIO_EUR,SCA,S13,TE,SI,1997-Q1,
Q,MIO_EUR,SCA,S13,TE,SI,1997-Q2,
Q,MIO_EUR,SCA,S13,TE,SI,1997-Q3,
Q,MIO_EUR,SCA,S13,TE,SI,1997-Q4,
Q,MIO_EUR,SCA,S13,TE,SI,1998-Q1,
Q,MIO_EUR,SCA,S13,TE,SI,1998-Q2,
Q,MIO_EUR,SCA,S13,TE,SI,1998-Q3,
Q,MIO_EUR,SCA,S13,TE,SI,1998-Q4,
Q,MIO_EUR,SCA,S13,TE,SI,1999-Q1,2422.8
Q,MIO_EUR,SCA,S13,TE,SI,1999-Q2,2466.5
Q,MIO_EUR,SCA,S13,TE,SI,1999-Q3,2489.2
Q,MIO_EUR,SCA,S13,TE,SI,1999-Q4,2582.1
Q,MIO_EUR,SCA,S13,TE,SI,2000-Q1,2555
Q,MIO_EUR,SCA,S13,TE,SI,2000-Q2,2552.5
Q,MIO_EUR,SCA,S13,TE,SI,2000-Q3,2608.9
Q,MIO_EUR,SCA,S13,TE,SI,2000-Q4,2660.1
Q,MIO_EUR,SCA,S13,TE,SI,2001-Q1,2872.9
Q,MIO_EUR,SCA,S13,TE,SI,2001-Q2,2758.4
Q,MIO_EUR,SCA,S13,TE,SI,2001-Q3,2811.1
Q,MIO_EUR,SCA,S13,TE,SI,2001-Q4,2873.3
Q,MIO_EUR,SCA,S13,TE,SI,2002-Q1,2908.2
Q,MIO_EUR,SCA,S13,TE,SI,2002-Q2,2934
Q,MIO_EUR,SCA,S13,TE,SI,2002-Q3,2937.5
Q,MIO_EUR,SCA,S13,TE,SI,2002-Q4,3009.7
Q,MIO_EUR,SCA,S13,TE,SI,2003-Q1,3070.1
Q,MIO_EUR,SCA,S13,TE,SI,2003-Q2,3075.2
Q,MIO_EUR,SCA,S13,TE,SI,2003-Q3,3089.5
Q,MIO_EUR,SCA,S13,TE,SI,2003-Q4,3134.6
Q,MIO_EUR,SCA,S13,TE,SI,2004-Q1,3174.6
Q,MIO_EUR,SCA,S13,TE,SI,2004-Q2,3174.2
Q,MIO_EUR,SCA,S13,TE,SI,2004-Q3,3271.4
Q,MIO_EUR,SCA,S13,TE,SI,2004-Q4,3271.9
Q,MIO_EUR,SCA,S13,TE,SI,2005-Q1,3309.5
Q,MIO_EUR,SCA,S13,TE,SI,2005-Q2,3349.1
Q,MIO_EUR,SCA,S13,TE,SI,2005-Q3,3401.7
Q,MIO_EUR,SCA,S13,TE,SI,2005-Q4,3426.3
Q,MIO_EUR,SCA,S13,TE,SI,2006-Q1,3481.5
Q,MIO_EUR,SCA,S13,TE,SI,2006-Q2,3565
Q,MIO_EUR,SCA,S13,TE,SI,2006-Q3,3609.8
Q,MIO_EUR,SCA,S13,TE,SI,2006-Q4,3644.9
Q,MIO_EUR,SCA,S13,TE,SI,2007-Q1,3679.3
Q,MIO_EUR,SCA,S13,TE,SI,2007-Q2,3786.5
Q,MIO_EUR,SCA,S13,TE,SI,2007-Q3,3812.1
Q,MIO_EUR,SCA,S13,TE,SI,2007-Q4,3908
Q,MIO_EUR,SCA,S13,TE,SI,2008-Q1,4084
Q,MIO_EUR,SCA,S13,TE,SI,2008-Q2,4202.3
Q,MIO_EUR,SCA,S13,TE,SI,2008-Q3,4320.7
Q,MIO_EUR,SCA,S13,TE,SI,2008-Q4,4433.3
Q,MIO_EUR,SCA,S13,TE,SI,2009-Q1,4485.9
Q,MIO_EUR,SCA,S13,TE,SI,2009-Q2,4434.3
Q,MIO_EUR,SCA,S13,TE,SI,2009-Q3,4473.3
Q,MIO_EUR,SCA,S13,TE,SI,2009-Q4,4521.1
Q,MIO_EUR,SCA,S13,TE,SI,2010-Q1,4489.5
Q,MIO_EUR,SCA,S13,TE,SI,2010-Q2,4622.3
Q,MIO_EUR,SCA,S13,TE,SI,2010-Q3,4590
Q,MIO_EUR,SCA,S13,TE,SI,2010-Q4,4583.4
Q,MIO_EUR,SCA,S13,TE,SI,2011-Q1,4849.1
Q,MIO_EUR,SCA,S13,TE,SI,2011-Q2,4796.3
Q,MIO_EUR,SCA,S13,TE,SI,2011-Q3,4604.8
Q,MIO_EUR,SCA,S13,TE,SI,2011-Q4,4660
Q,MIO_EUR,SCA,S13,TE,SI,2012-Q1,4566
Q,MIO_EUR,SCA,S13,TE,SI,2012-Q2,4410.2
Q,MIO_EUR,SCA,S13,TE,SI,2012-Q3,4550.8
Q,MIO_EUR,SCA,S13,TE,SI,2012-Q4,4443.8
Q,MIO_EUR,SCA,S13,TE,SI,2013-Q1,4938.1
Q,MIO_EUR,SCA,S13,TE,SI,2013-Q2,4556.2
Q,MIO_EUR,SCA,S13,TE,SI,2013-Q3,4608.5
Q,MIO_EUR,SCA,S13,TE,SI,2013-Q4,6663.9
Q,MIO_EUR,SCA,S13,TE,SI,2014-Q1,4596.1
Q,MIO_EUR,SCA,S13,TE,SI,2014-Q2,4642.8
Q,MIO_EUR,SCA,S13,TE,SI,2014-Q3,4670.2
Q,MIO_EUR,SCA,S13,TE,SI,2014-Q4,4922.2
Q,MIO_EUR,SCA,S13,TE,SI,2015-Q1,4656.9
Q,MIO_EUR,SCA,S13,TE,SI,2015-Q2,4730
Q,MIO_EUR,SCA,S13,TE,SI,2015-Q3,4775.8
Q,MIO_EUR,SCA,S13,TE,SI,2015-Q4,4884
Q,MIO_EUR,SCA,S13,TE,SI,2016-Q1,4685.8
Q,MIO_EUR,SCA,S13,TE,SI,2016-Q2,4682.7
Q,MIO_EUR,SCA,S13,TE,SI,2016-Q3,4690.6
Q,MIO_EUR,SCA,S13,TE,SI,2016-Q4,4719.3
Q,MIO_EUR,SCA,S13,TE,SI,2017-Q1,4755.4
Q,MIO_EUR,SCA,S13,TE,SI,2017-Q2,4703.5
Q,MIO_EUR,SCA,S13,TE,SI,2017-Q3,4775.1
Q,MIO_EUR,SCA,S13,TE,SI,2017-Q4,4791.1
Q,MIO_EUR,SCA,S13,TE,SI,2018-Q1,4941.9
Q,MIO_EUR,SCA,S13,TE,SI,2018-Q2,4959.3
Q,MIO_EUR,SCA,S13,TE,SI,2018-Q3,5051.2
Q,MIO_EUR,SCA,S13,TE,SI,2018-Q4,5080.3
Q,MIO_EUR,SCA,S13,TE,SI,2019-Q1,5219.7
Q,MIO_EUR,SCA,S13,TE,SI,2019-Q2,5173.5
Q,MIO_EUR,SCA,S13,TE,SI,2019-Q3,5274.4
Q,MIO_EUR,SCA,S13,TE,SI,2019-Q4,5414.5
Q,MIO_EUR,SCA,S13,TE,SI,2020-Q1,5693.4
Q,MIO_EUR,SCA,S13,TE,SI,2020-Q2,6480.5
Q,MIO_EUR,SCA,S13,TE,SI,2020-Q3,5914.4
Q,MIO_EUR,SCA,S13,TE,SI,2020-Q4,6270.2
Q,MIO_EUR,SCA,S13,TE,SI,2021-Q1,6409.3
Q,MIO_EUR,SCA,S13,TE,SI,2021-Q2,6548.1
Q,MIO_EUR,SCA,S13,TE,SI,2021-Q3,6519.3
Q,MIO_EUR,SCA,S13,TE,SI,2021-Q4,6459.2
Q,MIO_EUR,SCA,S13,TE,SI,2022-Q1,6462.6
Q,MIO_EUR,SCA,S13,TE,SI,2022-Q2,6784.9
Q,MIO_EUR,SCA,S13,TE,SI,2022-Q3,6833
Q,MIO_EUR,SCA,S13,TE,SI,2022-Q4,6998.3
Q,MIO_EUR,SCA,S13,TE,SI,2023-Q1,7168.2
Q,MIO_EUR,SCA,S13,TE,SI,2023-Q2,7267.6
Q,MIO_EUR,SCA,S13,TE,SI,2023-Q3,7596.8
Q,MIO_EUR,SCA,S13,TE,SI,2023-Q4,7751.8
Q,MIO_EUR,SCA,S13,TE,SI,2024-Q1,7477.3
Q,MIO_EUR,SCA,S13,TE,SI,2024-Q2,7839.7
Q,MIO_EUR,SCA,S13,TE,SI,2024-Q3,8088.9
Q,MIO_EUR,SCA,S13,TE,SI,2024-Q4,7914.8
Q,MIO_EUR,SCA,S13,TE,SI,2025-Q1,8426.6
Q,MIO_EUR,SCA,S13,TE,SI,2025-Q2,8528.7
Q,MIO_EUR,SCA,S13,TE,SI,2025-Q3,8752.1
Q,MIO_EUR,SCA,S13,TE,SI,2025-Q4,9226.3
Q,MIO_EUR,SCA,S13,TE,SI,2026-Q1,9261.8
Q,MIO_EUR,SCA,S13,TE,SK,1995-Q1,
Q,MIO_EUR,SCA,S13,TE,SK,1995-Q2,
Q,MIO_EUR,SCA,S13,TE,SK,1995-Q3,
Q,MIO_EUR,SCA,S13,TE,SK,1995-Q4,
Q,MIO_EUR,SCA,S13,TE,SK,1996-Q1,
Q,MIO_EUR,SCA,S13,TE,SK,1996-Q2,
Q,MIO_EUR,SCA,S13,TE,SK,1996-Q3,
Q,MIO_EUR,SCA,S13,TE,SK,1996-Q4,
Q,MIO_EUR,SCA,S13,TE,SK,1997-Q1,
Q,MIO_EUR,SCA,S13,TE,SK,1997-Q2,
Q,MIO_EUR,SCA,S13,TE,SK,1997-Q3,
Q,MIO_EUR,SCA,S13,TE,SK,1997-Q4,
Q,MIO_EUR,SCA,S13,TE,SK,1998-Q1,
Q,MIO_EUR,SCA,S13,TE,SK,1998-Q2,
Q,MIO_EUR,SCA,S13,TE,SK,1998-Q3,
Q,MIO_EUR,SCA,S13,TE,SK,1998-Q4,
Q,MIO_EUR,SCA,S13,TE,SK,1999-Q1,2271.7
Q,MIO_EUR,SCA,S13,TE,SK,1999-Q2,2275.8
Q,MIO_EUR,SCA,S13,TE,SK,1999-Q3,2402.4
Q,MIO_EUR,SCA,S13,TE,SK,1999-Q4,2512.8
Q,MIO_EUR,SCA,S13,TE,SK,2000-Q1,2996.2
Q,MIO_EUR,SCA,S13,TE,SK,2000-Q2,3132
Q,MIO_EUR,SCA,S13,TE,SK,2000-Q3,3122.8
Q,MIO_EUR,SCA,S13,TE,SK,2000-Q4,2664
Q,MIO_EUR,SCA,S13,TE,SK,2001-Q1,2777.3
Q,MIO_EUR,SCA,S13,TE,SK,2001-Q2,2830.5
Q,MIO_EUR,SCA,S13,TE,SK,2001-Q3,2716
Q,MIO_EUR,SCA,S13,TE,SK,2001-Q4,2713.1
Q,MIO_EUR,SCA,S13,TE,SK,2002-Q1,2927.3
Q,MIO_EUR,SCA,S13,TE,SK,2002-Q2,2861.6
Q,MIO_EUR,SCA,S13,TE,SK,2002-Q3,2950.4
Q,MIO_EUR,SCA,S13,TE,SK,2002-Q4,3370.8
Q,MIO_EUR,SCA,S13,TE,SK,2003-Q1,2817.3
Q,MIO_EUR,SCA,S13,TE,SK,2003-Q2,2961.8
Q,MIO_EUR,SCA,S13,TE,SK,2003-Q3,3059.4
Q,MIO_EUR,SCA,S13,TE,SK,2003-Q4,3148.7
Q,MIO_EUR,SCA,S13,TE,SK,2004-Q1,2981.1
Q,MIO_EUR,SCA,S13,TE,SK,2004-Q2,3230.7
Q,MIO_EUR,SCA,S13,TE,SK,2004-Q3,3454.4
Q,MIO_EUR,SCA,S13,TE,SK,2004-Q4,3639.3
Q,MIO_EUR,SCA,S13,TE,SK,2005-Q1,3748
Q,MIO_EUR,SCA,S13,TE,SK,2005-Q2,3563.9
Q,MIO_EUR,SCA,S13,TE,SK,2005-Q3,3941.6
Q,MIO_EUR,SCA,S13,TE,SK,2005-Q4,4106.8
Q,MIO_EUR,SCA,S13,TE,SK,2006-Q1,4150.4
Q,MIO_EUR,SCA,S13,TE,SK,2006-Q2,4406.9
Q,MIO_EUR,SCA,S13,TE,SK,2006-Q3,4215.4
Q,MIO_EUR,SCA,S13,TE,SK,2006-Q4,4650.5
Q,MIO_EUR,SCA,S13,TE,SK,2007-Q1,4754.8
Q,MIO_EUR,SCA,S13,TE,SK,2007-Q2,5065.2
Q,MIO_EUR,SCA,S13,TE,SK,2007-Q3,5084.7
Q,MIO_EUR,SCA,S13,TE,SK,2007-Q4,5349.5
Q,MIO_EUR,SCA,S13,TE,SK,2008-Q1,5585.6
Q,MIO_EUR,SCA,S13,TE,SK,2008-Q2,5950.5
Q,MIO_EUR,SCA,S13,TE,SK,2008-Q3,6236.4
Q,MIO_EUR,SCA,S13,TE,SK,2008-Q4,6356.5
Q,MIO_EUR,SCA,S13,TE,SK,2009-Q1,6779.1
Q,MIO_EUR,SCA,S13,TE,SK,2009-Q2,6938.1
Q,MIO_EUR,SCA,S13,TE,SK,2009-Q3,6935.5
Q,MIO_EUR,SCA,S13,TE,SK,2009-Q4,7042.1
Q,MIO_EUR,SCA,S13,TE,SK,2010-Q1,7192.5
Q,MIO_EUR,SCA,S13,TE,SK,2010-Q2,7053.3
Q,MIO_EUR,SCA,S13,TE,SK,2010-Q3,6975.1
Q,MIO_EUR,SCA,S13,TE,SK,2010-Q4,6989.9
Q,MIO_EUR,SCA,S13,TE,SK,2011-Q1,7423.9
Q,MIO_EUR,SCA,S13,TE,SK,2011-Q2,7469.6
Q,MIO_EUR,SCA,S13,TE,SK,2011-Q3,7060.8
Q,MIO_EUR,SCA,S13,TE,SK,2011-Q4,7259.4
Q,MIO_EUR,SCA,S13,TE,SK,2012-Q1,7580.2
Q,MIO_EUR,SCA,S13,TE,SK,2012-Q2,7336.1
Q,MIO_EUR,SCA,S13,TE,SK,2012-Q3,7218
Q,MIO_EUR,SCA,S13,TE,SK,2012-Q4,7386.4
Q,MIO_EUR,SCA,S13,TE,SK,2013-Q1,7786.1
Q,MIO_EUR,SCA,S13,TE,SK,2013-Q2,7558
Q,MIO_EUR,SCA,S13,TE,SK,2013-Q3,7838.2
Q,MIO_EUR,SCA,S13,TE,SK,2013-Q4,7496.1
Q,MIO_EUR,SCA,S13,TE,SK,2014-Q1,7985.4
Q,MIO_EUR,SCA,S13,TE,SK,2014-Q2,7961.3
Q,MIO_EUR,SCA,S13,TE,SK,2014-Q3,8135.7
Q,MIO_EUR,SCA,S13,TE,SK,2014-Q4,8053.1
Q,MIO_EUR,SCA,S13,TE,SK,2015-Q1,8115.3
Q,MIO_EUR,SCA,S13,TE,SK,2015-Q2,8543.5
Q,MIO_EUR,SCA,S13,TE,SK,2015-Q3,9190.4
Q,MIO_EUR,SCA,S13,TE,SK,2015-Q4,9618
Q,MIO_EUR,SCA,S13,TE,SK,2016-Q1,8387.9
Q,MIO_EUR,SCA,S13,TE,SK,2016-Q2,8395.1
Q,MIO_EUR,SCA,S13,TE,SK,2016-Q3,8319.3
Q,MIO_EUR,SCA,S13,TE,SK,2016-Q4,8280.3
Q,MIO_EUR,SCA,S13,TE,SK,2017-Q1,8457.3
Q,MIO_EUR,SCA,S13,TE,SK,2017-Q2,8412.3
Q,MIO_EUR,SCA,S13,TE,SK,2017-Q3,8540.8
Q,MIO_EUR,SCA,S13,TE,SK,2017-Q4,8389.9
Q,MIO_EUR,SCA,S13,TE,SK,2018-Q1,8684.8
Q,MIO_EUR,SCA,S13,TE,SK,2018-Q2,8858
Q,MIO_EUR,SCA,S13,TE,SK,2018-Q3,9093.9
Q,MIO_EUR,SCA,S13,TE,SK,2018-Q4,9157.7
Q,MIO_EUR,SCA,S13,TE,SK,2019-Q1,9345.8
Q,MIO_EUR,SCA,S13,TE,SK,2019-Q2,9381.4
Q,MIO_EUR,SCA,S13,TE,SK,2019-Q3,9760.4
Q,MIO_EUR,SCA,S13,TE,SK,2019-Q4,9944.9
Q,MIO_EUR,SCA,S13,TE,SK,2020-Q1,10068.8
Q,MIO_EUR,SCA,S13,TE,SK,2020-Q2,10379.8
Q,MIO_EUR,SCA,S13,TE,SK,2020-Q3,10546.7
Q,MIO_EUR,SCA,S13,TE,SK,2020-Q4,10977.1
Q,MIO_EUR,SCA,S13,TE,SK,2021-Q1,11256
Q,MIO_EUR,SCA,S13,TE,SK,2021-Q2,11476.4
Q,MIO_EUR,SCA,S13,TE,SK,2021-Q3,11205.8
Q,MIO_EUR,SCA,S13,TE,SK,2021-Q4,11752.4
Q,MIO_EUR,SCA,S13,TE,SK,2022-Q1,11788.9
Q,MIO_EUR,SCA,S13,TE,SK,2022-Q2,11699.6
Q,MIO_EUR,SCA,S13,TE,SK,2022-Q3,11815
Q,MIO_EUR,SCA,S13,TE,SK,2022-Q4,12069.2
Q,MIO_EUR,SCA,S13,TE,SK,2023-Q1,13799.3
Q,MIO_EUR,SCA,S13,TE,SK,2023-Q2,13891.8
Q,MIO_EUR,SCA,S13,TE,SK,2023-Q3,15090.8
Q,MIO_EUR,SCA,S13,TE,SK,2023-Q4,16976.6
Q,MIO_EUR,SCA,S13,TE,SK,2024-Q1,14569.3
Q,MIO_EUR,SCA,S13,TE,SK,2024-Q2,14983.8
Q,MIO_EUR,SCA,S13,TE,SK,2024-Q3,15221.4
Q,MIO_EUR,SCA,S13,TE,SK,2024-Q4,16977.4
Q,MIO_EUR,SCA,S13,TE,SK,2025-Q1,15350.3
Q,MIO_EUR,SCA,S13,TE,SK,2025-Q2,16015.2
Q,MIO_EUR,SCA,S13,TE,SK,2025-Q3,16083.2
Q,MIO_EUR,SCA,S13,TE,SK,2025-Q4,18118.7
Q,MIO_EUR,SCA,S13,TE,SK,2026-Q1,16477.7
Q,MIO_EUR,SCA,S13,TE,FI,1995-Q1,
Q,MIO_EUR,SCA,S13,TE,FI,1995-Q2,
Q,MIO_EUR,SCA,S13,TE,FI,1995-Q3,
Q,MIO_EUR,SCA,S13,TE,FI,1995-Q4,
Q,MIO_EUR,SCA,S13,TE,FI,1996-Q1,
Q,MIO_EUR,SCA,S13,TE,FI,1996-Q2,
Q,MIO_EUR,SCA,S13,TE,FI,1996-Q3,
Q,MIO_EUR,SCA,S13,TE,FI,1996-Q4,
Q,MIO_EUR,SCA,S13,TE,FI,1997-Q1,
Q,MIO_EUR,SCA,S13,TE,FI,1997-Q2,
Q,MIO_EUR,SCA,S13,TE,FI,1997-Q3,
Q,MIO_EUR,SCA,S13,TE,FI,1997-Q4,
Q,MIO_EUR,SCA,S13,TE,FI,1998-Q1,
Q,MIO_EUR,SCA,S13,TE,FI,1998-Q2,
Q,MIO_EUR,SCA,S13,TE,FI,1998-Q3,
Q,MIO_EUR,SCA,S13,TE,FI,1998-Q4,
Q,MIO_EUR,SCA,S13,TE,FI,1999-Q1,16099
Q,MIO_EUR,SCA,S13,TE,FI,1999-Q2,16102
Q,MIO_EUR,SCA,S13,TE,FI,1999-Q3,16272
Q,MIO_EUR,SCA,S13,TE,FI,1999-Q4,16208
Q,MIO_EUR,SCA,S13,TE,FI,2000-Q1,16114
Q,MIO_EUR,SCA,S13,TE,FI,2000-Q2,16197
Q,MIO_EUR,SCA,S13,TE,FI,2000-Q3,16476
Q,MIO_EUR,SCA,S13,TE,FI,2000-Q4,16586
Q,MIO_EUR,SCA,S13,TE,FI,2001-Q1,16698
Q,MIO_EUR,SCA,S13,TE,FI,2001-Q2,16986
Q,MIO_EUR,SCA,S13,TE,FI,2001-Q3,17181
Q,MIO_EUR,SCA,S13,TE,FI,2001-Q4,17507
Q,MIO_EUR,SCA,S13,TE,FI,2002-Q1,17860
Q,MIO_EUR,SCA,S13,TE,FI,2002-Q2,17909
Q,MIO_EUR,SCA,S13,TE,FI,2002-Q3,18001
Q,MIO_EUR,SCA,S13,TE,FI,2002-Q4,18163
Q,MIO_EUR,SCA,S13,TE,FI,2003-Q1,18366
Q,MIO_EUR,SCA,S13,TE,FI,2003-Q2,18613
Q,MIO_EUR,SCA,S13,TE,FI,2003-Q3,18903
Q,MIO_EUR,SCA,S13,TE,FI,2003-Q4,18966
Q,MIO_EUR,SCA,S13,TE,FI,2004-Q1,19284
Q,MIO_EUR,SCA,S13,TE,FI,2004-Q2,19402
Q,MIO_EUR,SCA,S13,TE,FI,2004-Q3,19672
Q,MIO_EUR,SCA,S13,TE,FI,2004-Q4,19621
Q,MIO_EUR,SCA,S13,TE,FI,2005-Q1,19790
Q,MIO_EUR,SCA,S13,TE,FI,2005-Q2,20186
Q,MIO_EUR,SCA,S13,TE,FI,2005-Q3,20372
Q,MIO_EUR,SCA,S13,TE,FI,2005-Q4,20369
Q,MIO_EUR,SCA,S13,TE,FI,2006-Q1,20442
Q,MIO_EUR,SCA,S13,TE,FI,2006-Q2,20624
Q,MIO_EUR,SCA,S13,TE,FI,2006-Q3,20921
Q,MIO_EUR,SCA,S13,TE,FI,2006-Q4,21096
Q,MIO_EUR,SCA,S13,TE,FI,2007-Q1,21494
Q,MIO_EUR,SCA,S13,TE,FI,2007-Q2,21567
Q,MIO_EUR,SCA,S13,TE,FI,2007-Q3,21882
Q,MIO_EUR,SCA,S13,TE,FI,2007-Q4,22170
Q,MIO_EUR,SCA,S13,TE,FI,2008-Q1,22667
Q,MIO_EUR,SCA,S13,TE,FI,2008-Q2,23141
Q,MIO_EUR,SCA,S13,TE,FI,2008-Q3,23384
Q,MIO_EUR,SCA,S13,TE,FI,2008-Q4,23809
Q,MIO_EUR,SCA,S13,TE,FI,2009-Q1,23365
Q,MIO_EUR,SCA,S13,TE,FI,2009-Q2,24734
Q,MIO_EUR,SCA,S13,TE,FI,2009-Q3,24968
Q,MIO_EUR,SCA,S13,TE,FI,2009-Q4,25238
Q,MIO_EUR,SCA,S13,TE,FI,2010-Q1,25263
Q,MIO_EUR,SCA,S13,TE,FI,2010-Q2,25342
Q,MIO_EUR,SCA,S13,TE,FI,2010-Q3,25254
Q,MIO_EUR,SCA,S13,TE,FI,2010-Q4,25774
Q,MIO_EUR,SCA,S13,TE,FI,2011-Q1,26181
Q,MIO_EUR,SCA,S13,TE,FI,2011-Q2,26446
Q,MIO_EUR,SCA,S13,TE,FI,2011-Q3,26547
Q,MIO_EUR,SCA,S13,TE,FI,2011-Q4,27228
Q,MIO_EUR,SCA,S13,TE,FI,2012-Q1,27440
Q,MIO_EUR,SCA,S13,TE,FI,2012-Q2,27869
Q,MIO_EUR,SCA,S13,TE,FI,2012-Q3,28112
Q,MIO_EUR,SCA,S13,TE,FI,2012-Q4,28184
Q,MIO_EUR,SCA,S13,TE,FI,2013-Q1,28617
Q,MIO_EUR,SCA,S13,TE,FI,2013-Q2,29080
Q,MIO_EUR,SCA,S13,TE,FI,2013-Q3,29207
Q,MIO_EUR,SCA,S13,TE,FI,2013-Q4,29306
Q,MIO_EUR,SCA,S13,TE,FI,2014-Q1,29510
Q,MIO_EUR,SCA,S13,TE,FI,2014-Q2,29517
Q,MIO_EUR,SCA,S13,TE,FI,2014-Q3,29754
Q,MIO_EUR,SCA,S13,TE,FI,2014-Q4,29843
Q,MIO_EUR,SCA,S13,TE,FI,2015-Q1,29312
Q,MIO_EUR,SCA,S13,TE,FI,2015-Q2,29329
Q,MIO_EUR,SCA,S13,TE,FI,2015-Q3,28815
Q,MIO_EUR,SCA,S13,TE,FI,2015-Q4,29712
Q,MIO_EUR,SCA,S13,TE,FI,2016-Q1,29615
Q,MIO_EUR,SCA,S13,TE,FI,2016-Q2,29949
Q,MIO_EUR,SCA,S13,TE,FI,2016-Q3,30020
Q,MIO_EUR,SCA,S13,TE,FI,2016-Q4,29284
Q,MIO_EUR,SCA,S13,TE,FI,2017-Q1,29383
Q,MIO_EUR,SCA,S13,TE,FI,2017-Q2,29433
Q,MIO_EUR,SCA,S13,TE,FI,2017-Q3,30150
Q,MIO_EUR,SCA,S13,TE,FI,2017-Q4,29790
Q,MIO_EUR,SCA,S13,TE,FI,2018-Q1,30158
Q,MIO_EUR,SCA,S13,TE,FI,2018-Q2,30405
Q,MIO_EUR,SCA,S13,TE,FI,2018-Q3,30688
Q,MIO_EUR,SCA,S13,TE,FI,2018-Q4,30884
Q,MIO_EUR,SCA,S13,TE,FI,2019-Q1,31653
Q,MIO_EUR,SCA,S13,TE,FI,2019-Q2,31265
Q,MIO_EUR,SCA,S13,TE,FI,2019-Q3,31316
Q,MIO_EUR,SCA,S13,TE,FI,2019-Q4,31225
Q,MIO_EUR,SCA,S13,TE,FI,2020-Q1,32198
Q,MIO_EUR,SCA,S13,TE,FI,2020-Q2,33651
Q,MIO_EUR,SCA,S13,TE,FI,2020-Q3,33371
Q,MIO_EUR,SCA,S13,TE,FI,2020-Q4,34227
Q,MIO_EUR,SCA,S13,TE,FI,2021-Q1,34232
Q,MIO_EUR,SCA,S13,TE,FI,2021-Q2,34104
Q,MIO_EUR,SCA,S13,TE,FI,2021-Q3,34135
Q,MIO_EUR,SCA,S13,TE,FI,2021-Q4,34632
Q,MIO_EUR,SCA,S13,TE,FI,2022-Q1,34570
Q,MIO_EUR,SCA,S13,TE,FI,2022-Q2,34296
Q,MIO_EUR,SCA,S13,TE,FI,2022-Q3,35320
Q,MIO_EUR,SCA,S13,TE,FI,2022-Q4,35899
Q,MIO_EUR,SCA,S13,TE,FI,2023-Q1,37050
Q,MIO_EUR,SCA,S13,TE,FI,2023-Q2,38560
Q,MIO_EUR,SCA,S13,TE,FI,2023-Q3,38230
Q,MIO_EUR,SCA,S13,TE,FI,2023-Q4,38779
Q,MIO_EUR,SCA,S13,TE,FI,2024-Q1,39130
Q,MIO_EUR,SCA,S13,TE,FI,2024-Q2,39949
Q,MIO_EUR,SCA,S13,TE,FI,2024-Q3,40177
Q,MIO_EUR,SCA,S13,TE,FI,2024-Q4,40254
Q,MIO_EUR,SCA,S13,TE,FI,2025-Q1,40031
Q,MIO_EUR,SCA,S13,TE,FI,2025-Q2,40323
Q,MIO_EUR,SCA,S13,TE,FI,2025-Q3,40701
Q,MIO_EUR,SCA,S13,TE,FI,2025-Q4,40971
Q,MIO_EUR,SCA,S13,TE,FI,2026-Q1,41089
Q,MIO_EUR,SCA,S13,TE,SE,1995-Q1,32218.1
Q,MIO_EUR,SCA,S13,TE,SE,1995-Q2,31175.8
Q,MIO_EUR,SCA,S13,TE,SE,1995-Q3,31838.8
Q,MIO_EUR,SCA,S13,TE,SE,1995-Q4,33912.4
Q,MIO_EUR,SCA,S13,TE,SE,1996-Q1,34200.5
Q,MIO_EUR,SCA,S13,TE,SE,1996-Q2,35212.2
Q,MIO_EUR,SCA,S13,TE,SE,1996-Q3,35690.8
Q,MIO_EUR,SCA,S13,TE,SE,1996-Q4,35264.6
Q,MIO_EUR,SCA,S13,TE,SE,1997-Q1,34496.2
Q,MIO_EUR,SCA,S13,TE,SE,1997-Q2,33892.1
Q,MIO_EUR,SCA,S13,TE,SE,1997-Q3,35610.5
Q,MIO_EUR,SCA,S13,TE,SE,1997-Q4,35198.6
Q,MIO_EUR,SCA,S13,TE,SE,1998-Q1,35103.4
Q,MIO_EUR,SCA,S13,TE,SE,1998-Q2,35484.8
Q,MIO_EUR,SCA,S13,TE,SE,1998-Q3,32992.5
Q,MIO_EUR,SCA,S13,TE,SE,1998-Q4,33040.1
Q,MIO_EUR,SCA,S13,TE,SE,1999-Q1,34960.7
Q,MIO_EUR,SCA,S13,TE,SE,1999-Q2,35800.4
Q,MIO_EUR,SCA,S13,TE,SE,1999-Q3,36344
Q,MIO_EUR,SCA,S13,TE,SE,1999-Q4,37241
Q,MIO_EUR,SCA,S13,TE,SE,2000-Q1,37318.9
Q,MIO_EUR,SCA,S13,TE,SE,2000-Q2,38746.2
Q,MIO_EUR,SCA,S13,TE,SE,2000-Q3,38148.3
Q,MIO_EUR,SCA,S13,TE,SE,2000-Q4,37381.1
Q,MIO_EUR,SCA,S13,TE,SE,2001-Q1,35816.2
Q,MIO_EUR,SCA,S13,TE,SE,2001-Q2,35995.6
Q,MIO_EUR,SCA,S13,TE,SE,2001-Q3,34504.8
Q,MIO_EUR,SCA,S13,TE,SE,2001-Q4,36054.4
Q,MIO_EUR,SCA,S13,TE,SE,2002-Q1,36616.7
Q,MIO_EUR,SCA,S13,TE,SE,2002-Q2,38934.2
Q,MIO_EUR,SCA,S13,TE,SE,2002-Q3,36767.4
Q,MIO_EUR,SCA,S13,TE,SE,2002-Q4,40047.2
Q,MIO_EUR,SCA,S13,TE,SE,2003-Q1,39342.4
Q,MIO_EUR,SCA,S13,TE,SE,2003-Q2,39246.8
Q,MIO_EUR,SCA,S13,TE,SE,2003-Q3,40391.2
Q,MIO_EUR,SCA,S13,TE,SE,2003-Q4,40834.3
Q,MIO_EUR,SCA,S13,TE,SE,2004-Q1,40361.6
Q,MIO_EUR,SCA,S13,TE,SE,2004-Q2,40913.2
Q,MIO_EUR,SCA,S13,TE,SE,2004-Q3,41030
Q,MIO_EUR,SCA,S13,TE,SE,2004-Q4,40982
Q,MIO_EUR,SCA,S13,TE,SE,2005-Q1,41979.1
Q,MIO_EUR,SCA,S13,TE,SE,2005-Q2,41104.8
Q,MIO_EUR,SCA,S13,TE,SE,2005-Q3,40468.1
Q,MIO_EUR,SCA,S13,TE,SE,2005-Q4,41294
Q,MIO_EUR,SCA,S13,TE,SE,2006-Q1,42016.3
Q,MIO_EUR,SCA,S13,TE,SE,2006-Q2,43009
Q,MIO_EUR,SCA,S13,TE,SE,2006-Q3,43465.6
Q,MIO_EUR,SCA,S13,TE,SE,2006-Q4,43812.8
Q,MIO_EUR,SCA,S13,TE,SE,2007-Q1,43909.5
Q,MIO_EUR,SCA,S13,TE,SE,2007-Q2,44023.2
Q,MIO_EUR,SCA,S13,TE,SE,2007-Q3,44017.8
Q,MIO_EUR,SCA,S13,TE,SE,2007-Q4,45001
Q,MIO_EUR,SCA,S13,TE,SE,2008-Q1,44881.8
Q,MIO_EUR,SCA,S13,TE,SE,2008-Q2,45749.5
Q,MIO_EUR,SCA,S13,TE,SE,2008-Q3,45020.3
Q,MIO_EUR,SCA,S13,TE,SE,2008-Q4,42387.3
Q,MIO_EUR,SCA,S13,TE,SE,2009-Q1,40037.4
Q,MIO_EUR,SCA,S13,TE,SE,2009-Q2,40397.6
Q,MIO_EUR,SCA,S13,TE,SE,2009-Q3,42402.5
Q,MIO_EUR,SCA,S13,TE,SE,2009-Q4,42399
Q,MIO_EUR,SCA,S13,TE,SE,2010-Q1,44346.5
Q,MIO_EUR,SCA,S13,TE,SE,2010-Q2,46185
Q,MIO_EUR,SCA,S13,TE,SE,2010-Q3,47843.7
Q,MIO_EUR,SCA,S13,TE,SE,2010-Q4,50896.4
Q,MIO_EUR,SCA,S13,TE,SE,2011-Q1,51462
Q,MIO_EUR,SCA,S13,TE,SE,2011-Q2,51462.1
Q,MIO_EUR,SCA,S13,TE,SE,2011-Q3,50897.6
Q,MIO_EUR,SCA,S13,TE,SE,2011-Q4,52039.3
Q,MIO_EUR,SCA,S13,TE,SE,2012-Q1,53208.8
Q,MIO_EUR,SCA,S13,TE,SE,2012-Q2,53134
Q,MIO_EUR,SCA,S13,TE,SE,2012-Q3,56851.6
Q,MIO_EUR,SCA,S13,TE,SE,2012-Q4,56611.8
Q,MIO_EUR,SCA,S13,TE,SE,2013-Q1,57589.8
Q,MIO_EUR,SCA,S13,TE,SE,2013-Q2,57888.9
Q,MIO_EUR,SCA,S13,TE,SE,2013-Q3,57993
Q,MIO_EUR,SCA,S13,TE,SE,2013-Q4,57192.1
Q,MIO_EUR,SCA,S13,TE,SE,2014-Q1,57208.6
Q,MIO_EUR,SCA,S13,TE,SE,2014-Q2,56606.9
Q,MIO_EUR,SCA,S13,TE,SE,2014-Q3,56117
Q,MIO_EUR,SCA,S13,TE,SE,2014-Q4,55791.1
Q,MIO_EUR,SCA,S13,TE,SE,2015-Q1,56295.1
Q,MIO_EUR,SCA,S13,TE,SE,2015-Q2,56804.3
Q,MIO_EUR,SCA,S13,TE,SE,2015-Q3,56432
Q,MIO_EUR,SCA,S13,TE,SE,2015-Q4,58218.3
Q,MIO_EUR,SCA,S13,TE,SE,2016-Q1,58116.1
Q,MIO_EUR,SCA,S13,TE,SE,2016-Q2,59643.2
Q,MIO_EUR,SCA,S13,TE,SE,2016-Q3,58681.1
Q,MIO_EUR,SCA,S13,TE,SE,2016-Q4,57945.5
Q,MIO_EUR,SCA,S13,TE,SE,2017-Q1,59493.1
Q,MIO_EUR,SCA,S13,TE,SE,2017-Q2,59469.4
Q,MIO_EUR,SCA,S13,TE,SE,2017-Q3,60410
Q,MIO_EUR,SCA,S13,TE,SE,2017-Q4,59280.5
Q,MIO_EUR,SCA,S13,TE,SE,2018-Q1,59601.9
Q,MIO_EUR,SCA,S13,TE,SE,2018-Q2,58537.4
Q,MIO_EUR,SCA,S13,TE,SE,2018-Q3,58981.3
Q,MIO_EUR,SCA,S13,TE,SE,2018-Q4,59768.2
Q,MIO_EUR,SCA,S13,TE,SE,2019-Q1,60228
Q,MIO_EUR,SCA,S13,TE,SE,2019-Q2,58176.9
Q,MIO_EUR,SCA,S13,TE,SE,2019-Q3,59515.6
Q,MIO_EUR,SCA,S13,TE,SE,2019-Q4,58540
Q,MIO_EUR,SCA,S13,TE,SE,2020-Q1,59798.8
Q,MIO_EUR,SCA,S13,TE,SE,2020-Q2,64072.7
Q,MIO_EUR,SCA,S13,TE,SE,2020-Q3,63831.4
Q,MIO_EUR,SCA,S13,TE,SE,2020-Q4,66036.1
Q,MIO_EUR,SCA,S13,TE,SE,2021-Q1,67309.7
Q,MIO_EUR,SCA,S13,TE,SE,2021-Q2,67789.1
Q,MIO_EUR,SCA,S13,TE,SE,2021-Q3,66490.3
Q,MIO_EUR,SCA,S13,TE,SE,2021-Q4,67536.1
Q,MIO_EUR,SCA,S13,TE,SE,2022-Q1,67085.6
Q,MIO_EUR,SCA,S13,TE,SE,2022-Q2,67136.5
Q,MIO_EUR,SCA,S13,TE,SE,2022-Q3,67523.9
Q,MIO_EUR,SCA,S13,TE,SE,2022-Q4,67965.1
Q,MIO_EUR,SCA,S13,TE,SE,2023-Q1,67063.6
Q,MIO_EUR,SCA,S13,TE,SE,2023-Q2,66925.2
Q,MIO_EUR,SCA,S13,TE,SE,2023-Q3,66367.5
Q,MIO_EUR,SCA,S13,TE,SE,2023-Q4,67119.7
Q,MIO_EUR,SCA,S13,TE,SE,2024-Q1,70379.9
Q,MIO_EUR,SCA,S13,TE,SE,2024-Q2,69278.6
Q,MIO_EUR,SCA,S13,TE,SE,2024-Q3,72029.9
Q,MIO_EUR,SCA,S13,TE,SE,2024-Q4,70251.6
Q,MIO_EUR,SCA,S13,TE,SE,2025-Q1,71005.4
Q,MIO_EUR,SCA,S13,TE,SE,2025-Q2,73691.7
Q,MIO_EUR,SCA,S13,TE,SE,2025-Q3,73725.3
Q,MIO_EUR,SCA,S13,TE,SE,2025-Q4,77206.3
Q,MIO_EUR,SCA,S13,TE,SE,2026-Q1,78322.5
Q,MIO_EUR,SCA,S13,TE,IS,1995-Q1,
Q,MIO_EUR,SCA,S13,TE,IS,1995-Q2,
Q,MIO_EUR,SCA,S13,TE,IS,1995-Q3,
Q,MIO_EUR,SCA,S13,TE,IS,1995-Q4,
Q,MIO_EUR,SCA,S13,TE,IS,1996-Q1,
Q,MIO_EUR,SCA,S13,TE,IS,1996-Q2,
Q,MIO_EUR,SCA,S13,TE,IS,1996-Q3,
Q,MIO_EUR,SCA,S13,TE,IS,1996-Q4,
Q,MIO_EUR,SCA,S13,TE,IS,1997-Q1,
Q,MIO_EUR,SCA,S13,TE,IS,1997-Q2,
Q,MIO_EUR,SCA,S13,TE,IS,1997-Q3,
Q,MIO_EUR,SCA,S13,TE,IS,1997-Q4,
Q,MIO_EUR,SCA,S13,TE,IS,1998-Q1,
Q,MIO_EUR,SCA,S13,TE,IS,1998-Q2,
Q,MIO_EUR,SCA,S13,TE,IS,1998-Q3,
Q,MIO_EUR,SCA,S13,TE,IS,1998-Q4,
Q,MIO_EUR,SCA,S13,TE,IS,1999-Q1,
Q,MIO_EUR,SCA,S13,TE,IS,1999-Q2,
Q,MIO_EUR,SCA,S13,TE,IS,1999-Q3,
Q,MIO_EUR,SCA,S13,TE,IS,1999-Q4,
Q,MIO_EUR,SCA,S13,TE,IS,2000-Q1,
Q,MIO_EUR,SCA,S13,TE,IS,2000-Q2,
Q,MIO_EUR,SCA,S13,TE,IS,2000-Q3,
Q,MIO_EUR,SCA,S13,TE,IS,2000-Q4,
Q,MIO_EUR,SCA,S13,TE,IS,2001-Q1,
Q,MIO_EUR,SCA,S13,TE,IS,2001-Q2,
Q,MIO_EUR,SCA,S13,TE,IS,2001-Q3,
Q,MIO_EUR,SCA,S13,TE,IS,2001-Q4,
Q,MIO_EUR,SCA,S13,TE,IS,2002-Q1,1050.2
Q,MIO_EUR,SCA,S13,TE,IS,2002-Q2,1122.1
Q,MIO_EUR,SCA,S13,TE,IS,2002-Q3,1162.7
Q,MIO_EUR,SCA,S13,TE,IS,2002-Q4,1173.2
Q,MIO_EUR,SCA,S13,TE,IS,2003-Q1,1200.7
Q,MIO_EUR,SCA,S13,TE,IS,2003-Q2,1225.2
Q,MIO_EUR,SCA,S13,TE,IS,2003-Q3,1209.6
Q,MIO_EUR,SCA,S13,TE,IS,2003-Q4,1211.8
Q,MIO_EUR,SCA,S13,TE,IS,2004-Q1,1280.2
Q,MIO_EUR,SCA,S13,TE,IS,2004-Q2,1274.2
Q,MIO_EUR,SCA,S13,TE,IS,2004-Q3,1312.9
Q,MIO_EUR,SCA,S13,TE,IS,2004-Q4,1332.9
Q,MIO_EUR,SCA,S13,TE,IS,2005-Q1,1448.2
Q,MIO_EUR,SCA,S13,TE,IS,2005-Q2,1440.2
Q,MIO_EUR,SCA,S13,TE,IS,2005-Q3,1575.6
Q,MIO_EUR,SCA,S13,TE,IS,2005-Q4,1654.1
Q,MIO_EUR,SCA,S13,TE,IS,2006-Q1,1688.3
Q,MIO_EUR,SCA,S13,TE,IS,2006-Q2,1441.9
Q,MIO_EUR,SCA,S13,TE,IS,2006-Q3,1560.6
Q,MIO_EUR,SCA,S13,TE,IS,2006-Q4,1589.8
Q,MIO_EUR,SCA,S13,TE,IS,2007-Q1,1630.5
Q,MIO_EUR,SCA,S13,TE,IS,2007-Q2,1824.1
Q,MIO_EUR,SCA,S13,TE,IS,2007-Q3,1757.2
Q,MIO_EUR,SCA,S13,TE,IS,2007-Q4,1886.3
Q,MIO_EUR,SCA,S13,TE,IS,2008-Q1,1764.9
Q,MIO_EUR,SCA,S13,TE,IS,2008-Q2,1564
Q,MIO_EUR,SCA,S13,TE,IS,2008-Q3,1579.1
Q,MIO_EUR,SCA,S13,TE,IS,2008-Q4,1699.3
Q,MIO_EUR,SCA,S13,TE,IS,2009-Q1,1320
Q,MIO_EUR,SCA,S13,TE,IS,2009-Q2,1153.4
Q,MIO_EUR,SCA,S13,TE,IS,2009-Q3,1092.2
Q,MIO_EUR,SCA,S13,TE,IS,2009-Q4,1485.1
Q,MIO_EUR,SCA,S13,TE,IS,2010-Q1,1185.5
Q,MIO_EUR,SCA,S13,TE,IS,2010-Q2,1225.7
Q,MIO_EUR,SCA,S13,TE,IS,2010-Q3,1322.8
Q,MIO_EUR,SCA,S13,TE,IS,2010-Q4,1346.7
Q,MIO_EUR,SCA,S13,TE,IS,2011-Q1,1294
Q,MIO_EUR,SCA,S13,TE,IS,2011-Q2,1462.4
Q,MIO_EUR,SCA,S13,TE,IS,2011-Q3,1395.7
Q,MIO_EUR,SCA,S13,TE,IS,2011-Q4,1372.4
Q,MIO_EUR,SCA,S13,TE,IS,2012-Q1,1336.1
Q,MIO_EUR,SCA,S13,TE,IS,2012-Q2,1373.6
Q,MIO_EUR,SCA,S13,TE,IS,2012-Q3,1419.7
Q,MIO_EUR,SCA,S13,TE,IS,2012-Q4,1361.9
Q,MIO_EUR,SCA,S13,TE,IS,2013-Q1,1315.8
Q,MIO_EUR,SCA,S13,TE,IS,2013-Q2,1461.8
Q,MIO_EUR,SCA,S13,TE,IS,2013-Q3,1374.6
Q,MIO_EUR,SCA,S13,TE,IS,2013-Q4,1424.1
Q,MIO_EUR,SCA,S13,TE,IS,2014-Q1,1456.9
Q,MIO_EUR,SCA,S13,TE,IS,2014-Q2,1483.3
Q,MIO_EUR,SCA,S13,TE,IS,2014-Q3,1487.1
Q,MIO_EUR,SCA,S13,TE,IS,2014-Q4,1746.7
Q,MIO_EUR,SCA,S13,TE,IS,2015-Q1,1736.7
Q,MIO_EUR,SCA,S13,TE,IS,2015-Q2,1644.3
Q,MIO_EUR,SCA,S13,TE,IS,2015-Q3,1686.9
Q,MIO_EUR,SCA,S13,TE,IS,2015-Q4,1802.2
Q,MIO_EUR,SCA,S13,TE,IS,2016-Q1,2080.2
Q,MIO_EUR,SCA,S13,TE,IS,2016-Q2,1809.9
Q,MIO_EUR,SCA,S13,TE,IS,2016-Q3,1959.3
Q,MIO_EUR,SCA,S13,TE,IS,2016-Q4,2969.5
Q,MIO_EUR,SCA,S13,TE,IS,2017-Q1,2263.2
Q,MIO_EUR,SCA,S13,TE,IS,2017-Q2,2831.7
Q,MIO_EUR,SCA,S13,TE,IS,2017-Q3,2337.3
Q,MIO_EUR,SCA,S13,TE,IS,2017-Q4,2330.1
Q,MIO_EUR,SCA,S13,TE,IS,2018-Q1,2452.5
Q,MIO_EUR,SCA,S13,TE,IS,2018-Q2,2460.4
Q,MIO_EUR,SCA,S13,TE,IS,2018-Q3,2512.1
Q,MIO_EUR,SCA,S13,TE,IS,2018-Q4,2404.3
Q,MIO_EUR,SCA,S13,TE,IS,2019-Q1,2355.5
Q,MIO_EUR,SCA,S13,TE,IS,2019-Q2,2346.4
Q,MIO_EUR,SCA,S13,TE,IS,2019-Q3,2401.7
Q,MIO_EUR,SCA,S13,TE,IS,2019-Q4,2494.7
Q,MIO_EUR,SCA,S13,TE,IS,2020-Q1,2545.6
Q,MIO_EUR,SCA,S13,TE,IS,2020-Q2,2400.1
Q,MIO_EUR,SCA,S13,TE,IS,2020-Q3,2353.3
Q,MIO_EUR,SCA,S13,TE,IS,2020-Q4,2449.9
Q,MIO_EUR,SCA,S13,TE,IS,2021-Q1,2566.6
Q,MIO_EUR,SCA,S13,TE,IS,2021-Q2,2671.3
Q,MIO_EUR,SCA,S13,TE,IS,2021-Q3,2753.6
Q,MIO_EUR,SCA,S13,TE,IS,2021-Q4,2806.1
Q,MIO_EUR,SCA,S13,TE,IS,2022-Q1,3015.4
Q,MIO_EUR,SCA,S13,TE,IS,2022-Q2,3171.1
Q,MIO_EUR,SCA,S13,TE,IS,2022-Q3,3406
Q,MIO_EUR,SCA,S13,TE,IS,2022-Q4,3218.2
Q,MIO_EUR,SCA,S13,TE,IS,2023-Q1,3147.3
Q,MIO_EUR,SCA,S13,TE,IS,2023-Q2,3267.3
Q,MIO_EUR,SCA,S13,TE,IS,2023-Q3,3326.7
Q,MIO_EUR,SCA,S13,TE,IS,2023-Q4,3512.8
Q,MIO_EUR,SCA,S13,TE,IS,2024-Q1,3496.1
Q,MIO_EUR,SCA,S13,TE,IS,2024-Q2,3648.3
Q,MIO_EUR,SCA,S13,TE,IS,2024-Q3,3655.1
Q,MIO_EUR,SCA,S13,TE,IS,2024-Q4,3657.7
Q,MIO_EUR,SCA,S13,TE,IS,2025-Q1,3742.9
Q,MIO_EUR,SCA,S13,TE,IS,2025-Q2,3764.4
Q,MIO_EUR,SCA,S13,TE,IS,2025-Q3,3941.8
Q,MIO_EUR,SCA,S13,TE,IS,2025-Q4,3965.8
Q,MIO_EUR,SCA,S13,TE,IS,2026-Q1,4075.4
Q,MIO_EUR,SCA,S13,TE,NO,1995-Q1,
Q,MIO_EUR,SCA,S13,TE,NO,1995-Q2,
Q,MIO_EUR,SCA,S13,TE,NO,1995-Q3,
Q,MIO_EUR,SCA,S13,TE,NO,1995-Q4,
Q,MIO_EUR,SCA,S13,TE,NO,1996-Q1,
Q,MIO_EUR,SCA,S13,TE,NO,1996-Q2,
Q,MIO_EUR,SCA,S13,TE,NO,1996-Q3,
Q,MIO_EUR,SCA,S13,TE,NO,1996-Q4,
Q,MIO_EUR,SCA,S13,TE,NO,1997-Q1,
Q,MIO_EUR,SCA,S13,TE,NO,1997-Q2,
Q,MIO_EUR,SCA,S13,TE,NO,1997-Q3,
Q,MIO_EUR,SCA,S13,TE,NO,1997-Q4,
Q,MIO_EUR,SCA,S13,TE,NO,1998-Q1,
Q,MIO_EUR,SCA,S13,TE,NO,1998-Q2,
Q,MIO_EUR,SCA,S13,TE,NO,1998-Q3,
Q,MIO_EUR,SCA,S13,TE,NO,1998-Q4,
Q,MIO_EUR,SCA,S13,TE,NO,1999-Q1,
Q,MIO_EUR,SCA,S13,TE,NO,1999-Q2,
Q,MIO_EUR,SCA,S13,TE,NO,1999-Q3,
Q,MIO_EUR,SCA,S13,TE,NO,1999-Q4,
Q,MIO_EUR,SCA,S13,TE,NO,2000-Q1,
Q,MIO_EUR,SCA,S13,TE,NO,2000-Q2,
Q,MIO_EUR,SCA,S13,TE,NO,2000-Q3,
Q,MIO_EUR,SCA,S13,TE,NO,2000-Q4,
Q,MIO_EUR,SCA,S13,TE,NO,2001-Q1,
Q,MIO_EUR,SCA,S13,TE,NO,2001-Q2,
Q,MIO_EUR,SCA,S13,TE,NO,2001-Q3,
Q,MIO_EUR,SCA,S13,TE,NO,2001-Q4,
Q,MIO_EUR,SCA,S13,TE,NO,2002-Q1,
Q,MIO_EUR,SCA,S13,TE,NO,2002-Q2,
Q,MIO_EUR,SCA,S13,TE,NO,2002-Q3,
Q,MIO_EUR,SCA,S13,TE,NO,2002-Q4,
Q,MIO_EUR,SCA,S13,TE,NO,2003-Q1,
Q,MIO_EUR,SCA,S13,TE,NO,2003-Q2,
Q,MIO_EUR,SCA,S13,TE,NO,2003-Q3,
Q,MIO_EUR,SCA,S13,TE,NO,2003-Q4,
Q,MIO_EUR,SCA,S13,TE,NO,2004-Q1,
Q,MIO_EUR,SCA,S13,TE,NO,2004-Q2,
Q,MIO_EUR,SCA,S13,TE,NO,2004-Q3,
Q,MIO_EUR,SCA,S13,TE,NO,2004-Q4,
Q,MIO_EUR,SCA,S13,TE,NO,2005-Q1,
Q,MIO_EUR,SCA,S13,TE,NO,2005-Q2,
Q,MIO_EUR,SCA,S13,TE,NO,2005-Q3,
Q,MIO_EUR,SCA,S13,TE,NO,2005-Q4,
Q,MIO_EUR,SCA,S13,TE,NO,2006-Q1,
Q,MIO_EUR,SCA,S13,TE,NO,2006-Q2,
Q,MIO_EUR,SCA,S13,TE,NO,2006-Q3,
Q,MIO_EUR,SCA,S13,TE,NO,2006-Q4,
Q,MIO_EUR,SCA,S13,TE,NO,2007-Q1,
Q,MIO_EUR,SCA,S13,TE,NO,2007-Q2,
Q,MIO_EUR,SCA,S13,TE,NO,2007-Q3,
Q,MIO_EUR,SCA,S13,TE,NO,2007-Q4,
Q,MIO_EUR,SCA,S13,TE,NO,2008-Q1,
Q,MIO_EUR,SCA,S13,TE,NO,2008-Q2,
Q,MIO_EUR,SCA,S13,TE,NO,2008-Q3,
Q,MIO_EUR,SCA,S13,TE,NO,2008-Q4,
Q,MIO_EUR,SCA,S13,TE,NO,2009-Q1,
Q,MIO_EUR,SCA,S13,TE,NO,2009-Q2,
Q,MIO_EUR,SCA,S13,TE,NO,2009-Q3,
Q,MIO_EUR,SCA,S13,TE,NO,2009-Q4,
Q,MIO_EUR,SCA,S13,TE,NO,2010-Q1,
Q,MIO_EUR,SCA,S13,TE,NO,2010-Q2,
Q,MIO_EUR,SCA,S13,TE,NO,2010-Q3,
Q,MIO_EUR,SCA,S13,TE,NO,2010-Q4,
Q,MIO_EUR,SCA,S13,TE,NO,2011-Q1,
Q,MIO_EUR,SCA,S13,TE,NO,2011-Q2,
Q,MIO_EUR,SCA,S13,TE,NO,2011-Q3,
Q,MIO_EUR,SCA,S13,TE,NO,2011-Q4,
Q,MIO_EUR,SCA,S13,TE,NO,2012-Q1,
Q,MIO_EUR,SCA,S13,TE,NO,2012-Q2,
Q,MIO_EUR,SCA,S13,TE,NO,2012-Q3,
Q,MIO_EUR,SCA,S13,TE,NO,2012-Q4,
Q,MIO_EUR,SCA,S13,TE,NO,2013-Q1,
Q,MIO_EUR,SCA,S13,TE,NO,2013-Q2,
Q,MIO_EUR,SCA,S13,TE,NO,2013-Q3,
Q,MIO_EUR,SCA,S13,TE,NO,2013-Q4,
Q,MIO_EUR,SCA,S13,TE,NO,2014-Q1,
Q,MIO_EUR,SCA,S13,TE,NO,2014-Q2,
Q,MIO_EUR,SCA,S13,TE,NO,2014-Q3,
Q,MIO_EUR,SCA,S13,TE,NO,2014-Q4,
Q,MIO_EUR,SCA,S13,TE,NO,2015-Q1,
Q,MIO_EUR,SCA,S13,TE,NO,2015-Q2,
Q,MIO_EUR,SCA,S13,TE,NO,2015-Q3,
Q,MIO_EUR,SCA,S13,TE,NO,2015-Q4,
Q,MIO_EUR,SCA,S13,TE,NO,2016-Q1,
Q,MIO_EUR,SCA,S13,TE,NO,2016-Q2,
Q,MIO_EUR,SCA,S13,TE,NO,2016-Q3,
Q,MIO_EUR,SCA,S13,TE,NO,2016-Q4,
Q,MIO_EUR,SCA,S13,TE,NO,2017-Q1,
Q,MIO_EUR,SCA,S13,TE,NO,2017-Q2,
Q,MIO_EUR,SCA,S13,TE,NO,2017-Q3,
Q,MIO_EUR,SCA,S13,TE,NO,2017-Q4,
Q,MIO_EUR,SCA,S13,TE,NO,2018-Q1,
Q,MIO_EUR,SCA,S13,TE,NO,2018-Q2,
Q,MIO_EUR,SCA,S13,TE,NO,2018-Q3,
Q,MIO_EUR,SCA,S13,TE,NO,2018-Q4,
Q,MIO_EUR,SCA,S13,TE,NO,2019-Q1,
Q,MIO_EUR,SCA,S13,TE,NO,2019-Q2,
Q,MIO_EUR,SCA,S13,TE,NO,2019-Q3,
Q,MIO_EUR,SCA,S13,TE,NO,2019-Q4,
Q,MIO_EUR,SCA,S13,TE,NO,2020-Q1,
Q,MIO_EUR,SCA,S13,TE,NO,2020-Q2,
Q,MIO_EUR,SCA,S13,TE,NO,2020-Q3,
Q,MIO_EUR,SCA,S13,TE,NO,2020-Q4,
Q,MIO_EUR,SCA,S13,TE,NO,2021-Q1,
Q,MIO_EUR,SCA,S13,TE,NO,2021-Q2,
Q,MIO_EUR,SCA,S13,TE,NO,2021-Q3,
Q,MIO_EUR,SCA,S13,TE,NO,2021-Q4,
Q,MIO_EUR,SCA,S13,TE,NO,2022-Q1,
Q,MIO_EUR,SCA,S13,TE,NO,2022-Q2,
Q,MIO_EUR,SCA,S13,TE,NO,2022-Q3,
Q,MIO_EUR,SCA,S13,TE,NO,2022-Q4,
Q,MIO_EUR,SCA,S13,TE,NO,2023-Q1,
Q,MIO_EUR,SCA,S13,TE,NO,2023-Q2,
Q,MIO_EUR,SCA,S13,TE,NO,2023-Q3,
Q,MIO_EUR,SCA,S13,TE,NO,2023-Q4,
Q,MIO_EUR,SCA,S13,TE,NO,2024-Q1,
Q,MIO_EUR,SCA,S13,TE,NO,2024-Q2,
Q,MIO_EUR,SCA,S13,TE,NO,2024-Q3,
Q,MIO_EUR,SCA,S13,TE,NO,2024-Q4,
Q,MIO_EUR,SCA,S13,TE,NO,2025-Q1,
Q,MIO_EUR,SCA,S13,TE,NO,2025-Q2,
Q,MIO_EUR,SCA,S13,TE,NO,2025-Q3,
Q,MIO_EUR,SCA,S13,TE,NO,2025-Q4,
Q,MIO_EUR,SCA,S13,TE,NO,2026-Q1,
Q,MIO_EUR,SCA,S13,TE,CH,1995-Q1,
Q,MIO_EUR,SCA,S13,TE,CH,1995-Q2,
Q,MIO_EUR,SCA,S13,TE,CH,1995-Q3,
Q,MIO_EUR,SCA,S13,TE,CH,1995-Q4,
Q,MIO_EUR,SCA,S13,TE,CH,1996-Q1,
Q,MIO_EUR,SCA,S13,TE,CH,1996-Q2,
Q,MIO_EUR,SCA,S13,TE,CH,1996-Q3,
Q,MIO_EUR,SCA,S13,TE,CH,1996-Q4,
Q,MIO_EUR,SCA,S13,TE,CH,1997-Q1,
Q,MIO_EUR,SCA,S13,TE,CH,1997-Q2,
Q,MIO_EUR,SCA,S13,TE,CH,1997-Q3,
Q,MIO_EUR,SCA,S13,TE,CH,1997-Q4,
Q,MIO_EUR,SCA,S13,TE,CH,1998-Q1,
Q,MIO_EUR,SCA,S13,TE,CH,1998-Q2,
Q,MIO_EUR,SCA,S13,TE,CH,1998-Q3,
Q,MIO_EUR,SCA,S13,TE,CH,1998-Q4,
Q,MIO_EUR,SCA,S13,TE,CH,1999-Q1,
Q,MIO_EUR,SCA,S13,TE,CH,1999-Q2,
Q,MIO_EUR,SCA,S13,TE,CH,1999-Q3,
Q,MIO_EUR,SCA,S13,TE,CH,1999-Q4,
Q,MIO_EUR,SCA,S13,TE,CH,2000-Q1,
Q,MIO_EUR,SCA,S13,TE,CH,2000-Q2,
Q,MIO_EUR,SCA,S13,TE,CH,2000-Q3,
Q,MIO_EUR,SCA,S13,TE,CH,2000-Q4,
Q,MIO_EUR,SCA,S13,TE,CH,2001-Q1,
Q,MIO_EUR,SCA,S13,TE,CH,2001-Q2,
Q,MIO_EUR,SCA,S13,TE,CH,2001-Q3,
Q,MIO_EUR,SCA,S13,TE,CH,2001-Q4,
Q,MIO_EUR,SCA,S13,TE,CH,2002-Q1,
Q,MIO_EUR,SCA,S13,TE,CH,2002-Q2,
Q,MIO_EUR,SCA,S13,TE,CH,2002-Q3,
Q,MIO_EUR,SCA,S13,TE,CH,2002-Q4,
Q,MIO_EUR,SCA,S13,TE,CH,2003-Q1,
Q,MIO_EUR,SCA,S13,TE,CH,2003-Q2,
Q,MIO_EUR,SCA,S13,TE,CH,2003-Q3,
Q,MIO_EUR,SCA,S13,TE,CH,2003-Q4,
Q,MIO_EUR,SCA,S13,TE,CH,2004-Q1,
Q,MIO_EUR,SCA,S13,TE,CH,2004-Q2,
Q,MIO_EUR,SCA,S13,TE,CH,2004-Q3,
Q,MIO_EUR,SCA,S13,TE,CH,2004-Q4,
Q,MIO_EUR,SCA,S13,TE,CH,2005-Q1,
Q,MIO_EUR,SCA,S13,TE,CH,2005-Q2,
Q,MIO_EUR,SCA,S13,TE,CH,2005-Q3,
Q,MIO_EUR,SCA,S13,TE,CH,2005-Q4,
Q,MIO_EUR,SCA,S13,TE,CH,2006-Q1,
Q,MIO_EUR,SCA,S13,TE,CH,2006-Q2,
Q,MIO_EUR,SCA,S13,TE,CH,2006-Q3,
Q,MIO_EUR,SCA,S13,TE,CH,2006-Q4,
Q,MIO_EUR,SCA,S13,TE,CH,2007-Q1,
Q,MIO_EUR,SCA,S13,TE,CH,2007-Q2,
Q,MIO_EUR,SCA,S13,TE,CH,2007-Q3,
Q,MIO_EUR,SCA,S13,TE,CH,2007-Q4,
Q,MIO_EUR,SCA,S13,TE,CH,2008-Q1,
Q,MIO_EUR,SCA,S13,TE,CH,2008-Q2,
Q,MIO_EUR,SCA,S13,TE,CH,2008-Q3,
Q,MIO_EUR,SCA,S13,TE,CH,2008-Q4,
Q,MIO_EUR,SCA,S13,TE,CH,2009-Q1,
Q,MIO_EUR,SCA,S13,TE,CH,2009-Q2,
Q,MIO_EUR,SCA,S13,TE,CH,2009-Q3,
Q,MIO_EUR,SCA,S13,TE,CH,2009-Q4,
Q,MIO_EUR,SCA,S13,TE,CH,2010-Q1,
Q,MIO_EUR,SCA,S13,TE,CH,2010-Q2,
Q,MIO_EUR,SCA,S13,TE,CH,2010-Q3,
Q,MIO_EUR,SCA,S13,TE,CH,2010-Q4,
Q,MIO_EUR,SCA,S13,TE,CH,2011-Q1,
Q,MIO_EUR,SCA,S13,TE,CH,2011-Q2,
Q,MIO_EUR,SCA,S13,TE,CH,2011-Q3,
Q,MIO_EUR,SCA,S13,TE,CH,2011-Q4,
Q,MIO_EUR,SCA,S13,TE,CH,2012-Q1,
Q,MIO_EUR,SCA,S13,TE,CH,2012-Q2,
Q,MIO_EUR,SCA,S13,TE,CH,2012-Q3,
Q,MIO_EUR,SCA,S13,TE,CH,2012-Q4,
Q,MIO_EUR,SCA,S13,TE,CH,2013-Q1,
Q,MIO_EUR,SCA,S13,TE,CH,2013-Q2,
Q,MIO_EUR,SCA,S13,TE,CH,2013-Q3,
Q,MIO_EUR,SCA,S13,TE,CH,2013-Q4,
Q,MIO_EUR,SCA,S13,TE,CH,2014-Q1,
Q,MIO_EUR,SCA,S13,TE,CH,2014-Q2,
Q,MIO_EUR,SCA,S13,TE,CH,2014-Q3,
Q,MIO_EUR,SCA,S13,TE,CH,2014-Q4,
Q,MIO_EUR,SCA,S13,TE,CH,2015-Q1,
Q,MIO_EUR,SCA,S13,TE,CH,2015-Q2,
Q,MIO_EUR,SCA,S13,TE,CH,2015-Q3,
Q,MIO_EUR,SCA,S13,TE,CH,2015-Q4,
Q,MIO_EUR,SCA,S13,TE,CH,2016-Q1,
Q,MIO_EUR,SCA,S13,TE,CH,2016-Q2,
Q,MIO_EUR,SCA,S13,TE,CH,2016-Q3,
Q,MIO_EUR,SCA,S13,TE,CH,2016-Q4,
Q,MIO_EUR,SCA,S13,TE,CH,2017-Q1,
Q,MIO_EUR,SCA,S13,TE,CH,2017-Q2,
Q,MIO_EUR,SCA,S13,TE,CH,2017-Q3,
Q,MIO_EUR,SCA,S13,TE,CH,2017-Q4,
Q,MIO_EUR,SCA,S13,TE,CH,2018-Q1,
Q,MIO_EUR,SCA,S13,TE,CH,2018-Q2,
Q,MIO_EUR,SCA,S13,TE,CH,2018-Q3,
Q,MIO_EUR,SCA,S13,TE,CH,2018-Q4,
Q,MIO_EUR,SCA,S13,TE,CH,2019-Q1,
Q,MIO_EUR,SCA,S13,TE,CH,2019-Q2,
Q,MIO_EUR,SCA,S13,TE,CH,2019-Q3,
Q,MIO_EUR,SCA,S13,TE,CH,2019-Q4,
Q,MIO_EUR,SCA,S13,TE,CH,2020-Q1,
Q,MIO_EUR,SCA,S13,TE,CH,2020-Q2,
Q,MIO_EUR,SCA,S13,TE,CH,2020-Q3,
Q,MIO_EUR,SCA,S13,TE,CH,2020-Q4,
Q,MIO_EUR,SCA,S13,TE,CH,2021-Q1,
Q,MIO_EUR,SCA,S13,TE,CH,2021-Q2,
Q,MIO_EUR,SCA,S13,TE,CH,2021-Q3,
Q,MIO_EUR,SCA,S13,TE,CH,2021-Q4,
Q,MIO_EUR,SCA,S13,TE,CH,2022-Q1,
Q,MIO_EUR,SCA,S13,TE,CH,2022-Q2,
Q,MIO_EUR,SCA,S13,TE,CH,2022-Q3,
Q,MIO_EUR,SCA,S13,TE,CH,2022-Q4,
Q,MIO_EUR,SCA,S13,TE,CH,2023-Q1,
Q,MIO_EUR,SCA,S13,TE,CH,2023-Q2,
Q,MIO_EUR,SCA,S13,TE,CH,2023-Q3,
Q,MIO_EUR,SCA,S13,TE,CH,2023-Q4,
Q,MIO_EUR,SCA,S13,TE,CH,2024-Q1,
Q,MIO_EUR,SCA,S13,TE,CH,2024-Q2,
Q,MIO_EUR,SCA,S13,TE,CH,2024-Q3,
Q,MIO_EUR,SCA,S13,TE,CH,2024-Q4,
Q,MIO_EUR,SCA,S13,TE,CH,2025-Q1,
Q,MIO_EUR,SCA,S13,TE,CH,2025-Q2,
Q,MIO_EUR,SCA,S13,TE,CH,2025-Q3,
Q,MIO_EUR,SCA,S13,TE,CH,2025-Q4,
Q,MIO_EUR,SCA,S13,TE,CH,2026-Q1,
