freq,unit,s_adj,na_item,geo,time,values
Q,CP_MEUR,SCA,B1GQ,EU27_2020,1978-Q1,
Q,CP_MEUR,SCA,B1GQ,EU27_2020,1978-Q2,
Q,CP_MEUR,SCA,B1GQ,EU27_2020,1978-Q3,
Q,CP_MEUR,SCA,B1GQ,EU27_2020,1978-Q4,
Q,CP_MEUR,SCA,B1GQ,EU27_2020,1979-Q1,
Q,CP_MEUR,SCA,B1GQ,EU27_2020,1979-Q2,
Q,CP_MEUR,SCA,B1GQ,EU27_2020,1979-Q3,
Q,CP_MEUR,SCA,B1GQ,EU27_2020,1979-Q4,
Q,CP_MEUR,SCA,B1GQ,EU27_2020,1980-Q1,
Q,CP_MEUR,SCA,B1GQ,EU27_2020,1980-Q2,
Q,CP_MEUR,SCA,B1GQ,EU27_2020,1980-Q3,
Q,CP_MEUR,SCA,B1GQ,EU27_2020,1980-Q4,
Q,CP_MEUR,SCA,B1GQ,EU27_2020,1981-Q1,
Q,CP_MEUR,SCA,B1GQ,EU27_2020,1981-Q2,
Q,CP_MEUR,SCA,B1GQ,EU27_2020,1981-Q3,
Q,CP_MEUR,SCA,B1GQ,EU27_2020,1981-Q4,
Q,CP_MEUR,SCA,B1GQ,EU27_2020,1982-Q1,
Q,CP_MEUR,SCA,B1GQ,EU27_2020,1982-Q2,
Q,CP_MEUR,SCA,B1GQ,EU27_2020,1982-Q3,
Q,CP_MEUR,SCA,B1GQ,EU27_2020,1982-Q4,
Q,CP_MEUR,SCA,B1GQ,EU27_2020,1983-Q1,
Q,CP_MEUR,SCA,B1GQ,EU27_2020,1983-Q2,
Q,CP_MEUR,SCA,B1GQ,EU27_2020,1983-Q3,
Q,CP_MEUR,SCA,B1GQ,EU27_2020,1983-Q4,
Q,CP_MEUR,SCA,B1GQ,EU27_2020,1984-Q1,
Q,CP_MEUR,SCA,B1GQ,EU27_2020,1984-Q2,
Q,CP_MEUR,SCA,B1GQ,EU27_2020,1984-Q3,
Q,CP_MEUR,SCA,B1GQ,EU27_2020,1984-Q4,
Q,CP_MEUR,SCA,B1GQ,EU27_2020,1985-Q1,
Q,CP_MEUR,SCA,B1GQ,EU27_2020,1985-Q2,
Q,CP_MEUR,SCA,B1GQ,EU27_2020,1985-Q3,
Q,CP_MEUR,SCA,B1GQ,EU27_2020,1985-Q4,
Q,CP_MEUR,SCA,B1GQ,EU27_2020,1986-Q1,
Q,CP_MEUR,SCA,B1GQ,EU27_2020,1986-Q2,
Q,CP_MEUR,SCA,B1GQ,EU27_2020,1986-Q3,
Q,CP_MEUR,SCA,B1GQ,EU27_2020,1986-Q4,
Q,CP_MEUR,SCA,B1GQ,EU27_2020,1987-Q1,
Q,CP_MEUR,SCA,B1GQ,EU27_2020,1987-Q2,
Q,CP_MEUR,SCA,B1GQ,EU27_2020,1987-Q3,
Q,CP_MEUR,SCA,B1GQ,EU27_2020,1987-Q4,
Q,CP_MEUR,SCA,B1GQ,EU27_2020,1988-Q1,
Q,CP_MEUR,SCA,B1GQ,EU27_2020,1988-Q2,
Q,CP_MEUR,SCA,B1GQ,EU27_2020,1988-Q3,
Q,CP_MEUR,SCA,B1GQ,EU27_2020,1988-Q4,
Q,CP_MEUR,SCA,B1GQ,EU27_2020,1989-Q1,
Q,CP_MEUR,SCA,B1GQ,EU27_2020,1989-Q2,
Q,CP_MEUR,SCA,B1GQ,EU27_2020,1989-Q3,
Q,CP_MEUR,SCA,B1GQ,EU27_2020,1989-Q4,
Q,CP_MEUR,SCA,B1GQ,EU27_2020,1990-Q1,
Q,CP_MEUR,SCA,B1GQ,EU27_2020,1990-Q2,
Q,CP_MEUR,SCA,B1GQ,EU27_2020,1990-Q3,
Q,CP_MEUR,SCA,B1GQ,EU27_2020,1990-Q4,
Q,CP_MEUR,SCA,B1GQ,EU27_2020,1991-Q1,
Q,CP_MEUR,SCA,B1GQ,EU27_2020,1991-Q2,
Q,CP_MEUR,SCA,B1GQ,EU27_2020,1991-Q3,
Q,CP_MEUR,SCA,B1GQ,EU27_2020,1991-Q4,
Q,CP_MEUR,SCA,B1GQ,EU27_2020,1992-Q1,
Q,CP_MEUR,SCA,B1GQ,EU27_2020,1992-Q2,
Q,CP_MEUR,SCA,B1GQ,EU27_2020,1992-Q3,
Q,CP_MEUR,SCA,B1GQ,EU27_2020,1992-Q4,
Q,CP_MEUR,SCA,B1GQ,EU27_2020,1993-Q1,
Q,CP_MEUR,SCA,B1GQ,EU27_2020,1993-Q2,
Q,CP_MEUR,SCA,B1GQ,EU27_2020,1993-Q3,
Q,CP_MEUR,SCA,B1GQ,EU27_2020,1993-Q4,
Q,CP_MEUR,SCA,B1GQ,EU27_2020,1994-Q1,
Q,CP_MEUR,SCA,B1GQ,EU27_2020,1994-Q2,
Q,CP_MEUR,SCA,B1GQ,EU27_2020,1994-Q3,
Q,CP_MEUR,SCA,B1GQ,EU27_2020,1994-Q4,
Q,CP_MEUR,SCA,B1GQ,EU27_2020,1995-Q1,1555273.3
Q,CP_MEUR,SCA,B1GQ,EU27_2020,1995-Q2,1572531.1
Q,CP_MEUR,SCA,B1GQ,EU27_2020,1995-Q3,1598539.6
Q,CP_MEUR,SCA,B1GQ,EU27_2020,1995-Q4,1617310.5
Q,CP_MEUR,SCA,B1GQ,EU27_2020,1996-Q1,1635748
Q,CP_MEUR,SCA,B1GQ,EU27_2020,1996-Q2,1655173.1
Q,CP_MEUR,SCA,B1GQ,EU27_2020,1996-Q3,1671283.3
Q,CP_MEUR,SCA,B1GQ,EU27_2020,1996-Q4,1678022.6
Q,CP_MEUR,SCA,B1GQ,EU27_2020,1997-Q1,1677507.2
Q,CP_MEUR,SCA,B1GQ,EU27_2020,1997-Q2,1694621.1
Q,CP_MEUR,SCA,B1GQ,EU27_2020,1997-Q3,1713774.4
Q,CP_MEUR,SCA,B1GQ,EU27_2020,1997-Q4,1740672.3
Q,CP_MEUR,SCA,B1GQ,EU27_2020,1998-Q1,1750411.3
Q,CP_MEUR,SCA,B1GQ,EU27_2020,1998-Q2,1769483.1
Q,CP_MEUR,SCA,B1GQ,EU27_2020,1998-Q3,1785311.6
Q,CP_MEUR,SCA,B1GQ,EU27_2020,1998-Q4,1804819.2
Q,CP_MEUR,SCA,B1GQ,EU27_2020,1999-Q1,1824773.9
Q,CP_MEUR,SCA,B1GQ,EU27_2020,1999-Q2,1840521.3
Q,CP_MEUR,SCA,B1GQ,EU27_2020,1999-Q3,1870424.8
Q,CP_MEUR,SCA,B1GQ,EU27_2020,1999-Q4,1897651.2
Q,CP_MEUR,SCA,B1GQ,EU27_2020,2000-Q1,1933972.3
Q,CP_MEUR,SCA,B1GQ,EU27_2020,2000-Q2,1960983.9
Q,CP_MEUR,SCA,B1GQ,EU27_2020,2000-Q3,1985831.4
Q,CP_MEUR,SCA,B1GQ,EU27_2020,2000-Q4,2007433.6
Q,CP_MEUR,SCA,B1GQ,EU27_2020,2001-Q1,2039663
Q,CP_MEUR,SCA,B1GQ,EU27_2020,2001-Q2,2061299
Q,CP_MEUR,SCA,B1GQ,EU27_2020,2001-Q3,2072496.1
Q,CP_MEUR,SCA,B1GQ,EU27_2020,2001-Q4,2090471.8
Q,CP_MEUR,SCA,B1GQ,EU27_2020,2002-Q1,2114536.1
Q,CP_MEUR,SCA,B1GQ,EU27_2020,2002-Q2,2132837.4
Q,CP_MEUR,SCA,B1GQ,EU27_2020,2002-Q3,2150234.4
Q,CP_MEUR,SCA,B1GQ,EU27_2020,2002-Q4,2166938.9
Q,CP_MEUR,SCA,B1GQ,EU27_2020,2003-Q1,2172496.6
Q,CP_MEUR,SCA,B1GQ,EU27_2020,2003-Q2,2184473
Q,CP_MEUR,SCA,B1GQ,EU27_2020,2003-Q3,2211152.9
Q,CP_MEUR,SCA,B1GQ,EU27_2020,2003-Q4,2230953.9
Q,CP_MEUR,SCA,B1GQ,EU27_2020,2004-Q1,2253361.3
Q,CP_MEUR,SCA,B1GQ,EU27_2020,2004-Q2,2284316.4
Q,CP_MEUR,SCA,B1GQ,EU27_2020,2004-Q3,2306514.3
Q,CP_MEUR,SCA,B1GQ,EU27_2020,2004-Q4,2336317.1
Q,CP_MEUR,SCA,B1GQ,EU27_2020,2005-Q1,2356244.7
Q,CP_MEUR,SCA,B1GQ,EU27_2020,2005-Q2,2379993.8
Q,CP_MEUR,SCA,B1GQ,EU27_2020,2005-Q3,2413532.3
Q,CP_MEUR,SCA,B1GQ,EU27_2020,2005-Q4,2446325
Q,CP_MEUR,SCA,B1GQ,EU27_2020,2006-Q1,2481604.3
Q,CP_MEUR,SCA,B1GQ,EU27_2020,2006-Q2,2525511.5
Q,CP_MEUR,SCA,B1GQ,EU27_2020,2006-Q3,2556023.8
Q,CP_MEUR,SCA,B1GQ,EU27_2020,2006-Q4,2604474.8
Q,CP_MEUR,SCA,B1GQ,EU27_2020,2007-Q1,2649412.5
Q,CP_MEUR,SCA,B1GQ,EU27_2020,2007-Q2,2682484.4
Q,CP_MEUR,SCA,B1GQ,EU27_2020,2007-Q3,2710596
Q,CP_MEUR,SCA,B1GQ,EU27_2020,2007-Q4,2751992.4
Q,CP_MEUR,SCA,B1GQ,EU27_2020,2008-Q1,2785520.4
Q,CP_MEUR,SCA,B1GQ,EU27_2020,2008-Q2,2801504.1
Q,CP_MEUR,SCA,B1GQ,EU27_2020,2008-Q3,2803616.3
Q,CP_MEUR,SCA,B1GQ,EU27_2020,2008-Q4,2741594.7
Q,CP_MEUR,SCA,B1GQ,EU27_2020,2009-Q1,2640776.4
Q,CP_MEUR,SCA,B1GQ,EU27_2020,2009-Q2,2646910.9
Q,CP_MEUR,SCA,B1GQ,EU27_2020,2009-Q3,2669725.4
Q,CP_MEUR,SCA,B1GQ,EU27_2020,2009-Q4,2692290.9
Q,CP_MEUR,SCA,B1GQ,EU27_2020,2010-Q1,2712158.8
Q,CP_MEUR,SCA,B1GQ,EU27_2020,2010-Q2,2748102.8
Q,CP_MEUR,SCA,B1GQ,EU27_2020,2010-Q3,2775734.4
Q,CP_MEUR,SCA,B1GQ,EU27_2020,2010-Q4,2800962.7
Q,CP_MEUR,SCA,B1GQ,EU27_2020,2011-Q1,2845969.6
Q,CP_MEUR,SCA,B1GQ,EU27_2020,2011-Q2,2852610.2
Q,CP_MEUR,SCA,B1GQ,EU27_2020,2011-Q3,2856617.4
Q,CP_MEUR,SCA,B1GQ,EU27_2020,2011-Q4,2847659.9
Q,CP_MEUR,SCA,B1GQ,EU27_2020,2012-Q1,2860639.9
Q,CP_MEUR,SCA,B1GQ,EU27_2020,2012-Q2,2860130.1
Q,CP_MEUR,SCA,B1GQ,EU27_2020,2012-Q3,2878635.2
Q,CP_MEUR,SCA,B1GQ,EU27_2020,2012-Q4,2870848.6
Q,CP_MEUR,SCA,B1GQ,EU27_2020,2013-Q1,2875378.4
Q,CP_MEUR,SCA,B1GQ,EU27_2020,2013-Q2,2898769.5
Q,CP_MEUR,SCA,B1GQ,EU27_2020,2013-Q3,2910103.7
Q,CP_MEUR,SCA,B1GQ,EU27_2020,2013-Q4,2920960.9
Q,CP_MEUR,SCA,B1GQ,EU27_2020,2014-Q1,2945156.5
Q,CP_MEUR,SCA,B1GQ,EU27_2020,2014-Q2,2959556.4
Q,CP_MEUR,SCA,B1GQ,EU27_2020,2014-Q3,2978918
Q,CP_MEUR,SCA,B1GQ,EU27_2020,2014-Q4,2997409.2
Q,CP_MEUR,SCA,B1GQ,EU27_2020,2015-Q1,3037361.8
Q,CP_MEUR,SCA,B1GQ,EU27_2020,2015-Q2,3070238.1
Q,CP_MEUR,SCA,B1GQ,EU27_2020,2015-Q3,3091781.9
Q,CP_MEUR,SCA,B1GQ,EU27_2020,2015-Q4,3114108.1
Q,CP_MEUR,SCA,B1GQ,EU27_2020,2016-Q1,3129978.5
Q,CP_MEUR,SCA,B1GQ,EU27_2020,2016-Q2,3145301.8
Q,CP_MEUR,SCA,B1GQ,EU27_2020,2016-Q3,3169435.4
Q,CP_MEUR,SCA,B1GQ,EU27_2020,2016-Q4,3195899.8
Q,CP_MEUR,SCA,B1GQ,EU27_2020,2017-Q1,3241716.9
Q,CP_MEUR,SCA,B1GQ,EU27_2020,2017-Q2,3281094.7
Q,CP_MEUR,SCA,B1GQ,EU27_2020,2017-Q3,3315403.3
Q,CP_MEUR,SCA,B1GQ,EU27_2020,2017-Q4,3354373.5
Q,CP_MEUR,SCA,B1GQ,EU27_2020,2018-Q1,3375143.6
Q,CP_MEUR,SCA,B1GQ,EU27_2020,2018-Q2,3396657.5
Q,CP_MEUR,SCA,B1GQ,EU27_2020,2018-Q3,3421288.6
Q,CP_MEUR,SCA,B1GQ,EU27_2020,2018-Q4,3460066.8
Q,CP_MEUR,SCA,B1GQ,EU27_2020,2019-Q1,3499870.8
Q,CP_MEUR,SCA,B1GQ,EU27_2020,2019-Q2,3527580.4
Q,CP_MEUR,SCA,B1GQ,EU27_2020,2019-Q3,3552481.1
Q,CP_MEUR,SCA,B1GQ,EU27_2020,2019-Q4,3573204.8
Q,CP_MEUR,SCA,B1GQ,EU27_2020,2020-Q1,3492908.2
Q,CP_MEUR,SCA,B1GQ,EU27_2020,2020-Q2,3139959.9
Q,CP_MEUR,SCA,B1GQ,EU27_2020,2020-Q3,3459983.6
Q,CP_MEUR,SCA,B1GQ,EU27_2020,2020-Q4,3503379.2
Q,CP_MEUR,SCA,B1GQ,EU27_2020,2021-Q1,3561475.2
Q,CP_MEUR,SCA,B1GQ,EU27_2020,2021-Q2,3651297.4
Q,CP_MEUR,SCA,B1GQ,EU27_2020,2021-Q3,3758383.6
Q,CP_MEUR,SCA,B1GQ,EU27_2020,2021-Q4,3834123.5
Q,CP_MEUR,SCA,B1GQ,EU27_2020,2022-Q1,3929046.8
Q,CP_MEUR,SCA,B1GQ,EU27_2020,2022-Q2,4016968.3
Q,CP_MEUR,SCA,B1GQ,EU27_2020,2022-Q3,4086218.6
Q,CP_MEUR,SCA,B1GQ,EU27_2020,2022-Q4,4151080.6
Q,CP_MEUR,SCA,B1GQ,EU27_2020,2023-Q1,4251711.5
Q,CP_MEUR,SCA,B1GQ,EU27_2020,2023-Q2,4310254.1
Q,CP_MEUR,SCA,B1GQ,EU27_2020,2023-Q3,4343605.3
Q,CP_MEUR,SCA,B1GQ,EU27_2020,2023-Q4,4397104.4
Q,CP_MEUR,SCA,B1GQ,EU27_2020,2024-Q1,4463865.5
Q,CP_MEUR,SCA,B1GQ,EU27_2020,2024-Q2,4496448
Q,CP_MEUR,SCA,B1GQ,EU27_2020,2024-Q3,4547122.9
Q,CP_MEUR,SCA,B1GQ,EU27_2020,2024-Q4,4594586.8
Q,CP_MEUR,SCA,B1GQ,EU27_2020,2025-Q1,4655501.6
Q,CP_MEUR,SCA,B1GQ,EU27_2020,2025-Q2,4688297.2
Q,CP_MEUR,SCA,B1GQ,EU27_2020,2025-Q3,4731473.6
Q,CP_MEUR,SCA,B1GQ,EU27_2020,2025-Q4,4793507.1
Q,CP_MEUR,SCA,B1GQ,EU27_2020,2026-Q1,4820058.3
Q,CP_MEUR,SCA,B1GQ,EU27_2020,2026-Q2,4881331.9
Q,CP_MEUR,SCA,B1GQ,EA,1978-Q1,
Q,CP_MEUR,SCA,B1GQ,EA,1978-Q2,
Q,CP_MEUR,SCA,B1GQ,EA,1978-Q3,
Q,CP_MEUR,SCA,B1GQ,EA,1978-Q4,
Q,CP_MEUR,SCA,B1GQ,EA,1979-Q1,
Q,CP_MEUR,SCA,B1GQ,EA,1979-Q2,
Q,CP_MEUR,SCA,B1GQ,EA,1979-Q3,
Q,CP_MEUR,SCA,B1GQ,EA,1979-Q4,
Q,CP_MEUR,SCA,B1GQ,EA,1980-Q1,
Q,CP_MEUR,SCA,B1GQ,EA,1980-Q2,
Q,CP_MEUR,SCA,B1GQ,EA,1980-Q3,
Q,CP_MEUR,SCA,B1GQ,EA,1980-Q4,
Q,CP_MEUR,SCA,B1GQ,EA,1981-Q1,
Q,CP_MEUR,SCA,B1GQ,EA,1981-Q2,
Q,CP_MEUR,SCA,B1GQ,EA,1981-Q3,
Q,CP_MEUR,SCA,B1GQ,EA,1981-Q4,
Q,CP_MEUR,SCA,B1GQ,EA,1982-Q1,
Q,CP_MEUR,SCA,B1GQ,EA,1982-Q2,
Q,CP_MEUR,SCA,B1GQ,EA,1982-Q3,
Q,CP_MEUR,SCA,B1GQ,EA,1982-Q4,
Q,CP_MEUR,SCA,B1GQ,EA,1983-Q1,
Q,CP_MEUR,SCA,B1GQ,EA,1983-Q2,
Q,CP_MEUR,SCA,B1GQ,EA,1983-Q3,
Q,CP_MEUR,SCA,B1GQ,EA,1983-Q4,
Q,CP_MEUR,SCA,B1GQ,EA,1984-Q1,
Q,CP_MEUR,SCA,B1GQ,EA,1984-Q2,
Q,CP_MEUR,SCA,B1GQ,EA,1984-Q3,
Q,CP_MEUR,SCA,B1GQ,EA,1984-Q4,
Q,CP_MEUR,SCA,B1GQ,EA,1985-Q1,
Q,CP_MEUR,SCA,B1GQ,EA,1985-Q2,
Q,CP_MEUR,SCA,B1GQ,EA,1985-Q3,
Q,CP_MEUR,SCA,B1GQ,EA,1985-Q4,
Q,CP_MEUR,SCA,B1GQ,EA,1986-Q1,
Q,CP_MEUR,SCA,B1GQ,EA,1986-Q2,
Q,CP_MEUR,SCA,B1GQ,EA,1986-Q3,
Q,CP_MEUR,SCA,B1GQ,EA,1986-Q4,
Q,CP_MEUR,SCA,B1GQ,EA,1987-Q1,
Q,CP_MEUR,SCA,B1GQ,EA,1987-Q2,
Q,CP_MEUR,SCA,B1GQ,EA,1987-Q3,
Q,CP_MEUR,SCA,B1GQ,EA,1987-Q4,
Q,CP_MEUR,SCA,B1GQ,EA,1988-Q1,
Q,CP_MEUR,SCA,B1GQ,EA,1988-Q2,
Q,CP_MEUR,SCA,B1GQ,EA,1988-Q3,
Q,CP_MEUR,SCA,B1GQ,EA,1988-Q4,
Q,CP_MEUR,SCA,B1GQ,EA,1989-Q1,
Q,CP_MEUR,SCA,B1GQ,EA,1989-Q2,
Q,CP_MEUR,SCA,B1GQ,EA,1989-Q3,
Q,CP_MEUR,SCA,B1GQ,EA,1989-Q4,
Q,CP_MEUR,SCA,B1GQ,EA,1990-Q1,
Q,CP_MEUR,SCA,B1GQ,EA,1990-Q2,
Q,CP_MEUR,SCA,B1GQ,EA,1990-Q3,
Q,CP_MEUR,SCA,B1GQ,EA,1990-Q4,
Q,CP_MEUR,SCA,B1GQ,EA,1991-Q1,
Q,CP_MEUR,SCA,B1GQ,EA,1991-Q2,
Q,CP_MEUR,SCA,B1GQ,EA,1991-Q3,
Q,CP_MEUR,SCA,B1GQ,EA,1991-Q4,
Q,CP_MEUR,SCA,B1GQ,EA,1992-Q1,
Q,CP_MEUR,SCA,B1GQ,EA,1992-Q2,
Q,CP_MEUR,SCA,B1GQ,EA,1992-Q3,
Q,CP_MEUR,SCA,B1GQ,EA,1992-Q4,
Q,CP_MEUR,SCA,B1GQ,EA,1993-Q1,
Q,CP_MEUR,SCA,B1GQ,EA,1993-Q2,
Q,CP_MEUR,SCA,B1GQ,EA,1993-Q3,
Q,CP_MEUR,SCA,B1GQ,EA,1993-Q4,
Q,CP_MEUR,SCA,B1GQ,EA,1994-Q1,
Q,CP_MEUR,SCA,B1GQ,EA,1994-Q2,
Q,CP_MEUR,SCA,B1GQ,EA,1994-Q3,
Q,CP_MEUR,SCA,B1GQ,EA,1994-Q4,
Q,CP_MEUR,SCA,B1GQ,EA,1995-Q1,1370764.9
Q,CP_MEUR,SCA,B1GQ,EA,1995-Q2,1387075.5
Q,CP_MEUR,SCA,B1GQ,EA,1995-Q3,1408572.7
Q,CP_MEUR,SCA,B1GQ,EA,1995-Q4,1422558.1
Q,CP_MEUR,SCA,B1GQ,EA,1996-Q1,1434721
Q,CP_MEUR,SCA,B1GQ,EA,1996-Q2,1450632.3
Q,CP_MEUR,SCA,B1GQ,EA,1996-Q3,1462606.9
Q,CP_MEUR,SCA,B1GQ,EA,1996-Q4,1467290.6
Q,CP_MEUR,SCA,B1GQ,EA,1997-Q1,1463627.2
Q,CP_MEUR,SCA,B1GQ,EA,1997-Q2,1477171.3
Q,CP_MEUR,SCA,B1GQ,EA,1997-Q3,1490088.7
Q,CP_MEUR,SCA,B1GQ,EA,1997-Q4,1513693.5
Q,CP_MEUR,SCA,B1GQ,EA,1998-Q1,1520048
Q,CP_MEUR,SCA,B1GQ,EA,1998-Q2,1536161
Q,CP_MEUR,SCA,B1GQ,EA,1998-Q3,1550592.3
Q,CP_MEUR,SCA,B1GQ,EA,1998-Q4,1571700.1
Q,CP_MEUR,SCA,B1GQ,EA,1999-Q1,1590508.6
Q,CP_MEUR,SCA,B1GQ,EA,1999-Q2,1601340.1
Q,CP_MEUR,SCA,B1GQ,EA,1999-Q3,1623870.6
Q,CP_MEUR,SCA,B1GQ,EA,1999-Q4,1645804.5
Q,CP_MEUR,SCA,B1GQ,EA,2000-Q1,1675075.6
Q,CP_MEUR,SCA,B1GQ,EA,2000-Q2,1694335.8
Q,CP_MEUR,SCA,B1GQ,EA,2000-Q3,1714201
Q,CP_MEUR,SCA,B1GQ,EA,2000-Q4,1732353.1
Q,CP_MEUR,SCA,B1GQ,EA,2001-Q1,1800024.9
Q,CP_MEUR,SCA,B1GQ,EA,2001-Q2,1811910.1
Q,CP_MEUR,SCA,B1GQ,EA,2001-Q3,1826676.1
Q,CP_MEUR,SCA,B1GQ,EA,2001-Q4,1840281.1
Q,CP_MEUR,SCA,B1GQ,EA,2002-Q1,1855427.5
Q,CP_MEUR,SCA,B1GQ,EA,2002-Q2,1871622.8
Q,CP_MEUR,SCA,B1GQ,EA,2002-Q3,1892441.3
Q,CP_MEUR,SCA,B1GQ,EA,2002-Q4,1904260.3
Q,CP_MEUR,SCA,B1GQ,EA,2003-Q1,1910636.4
Q,CP_MEUR,SCA,B1GQ,EA,2003-Q2,1921863.1
Q,CP_MEUR,SCA,B1GQ,EA,2003-Q3,1946119.4
Q,CP_MEUR,SCA,B1GQ,EA,2003-Q4,1962622.3
Q,CP_MEUR,SCA,B1GQ,EA,2004-Q1,1981715.3
Q,CP_MEUR,SCA,B1GQ,EA,2004-Q2,2005931.6
Q,CP_MEUR,SCA,B1GQ,EA,2004-Q3,2018987.2
Q,CP_MEUR,SCA,B1GQ,EA,2004-Q4,2038738.8
Q,CP_MEUR,SCA,B1GQ,EA,2005-Q1,2051096.4
Q,CP_MEUR,SCA,B1GQ,EA,2005-Q2,2072060.9
Q,CP_MEUR,SCA,B1GQ,EA,2005-Q3,2097581.3
Q,CP_MEUR,SCA,B1GQ,EA,2005-Q4,2124995.4
Q,CP_MEUR,SCA,B1GQ,EA,2006-Q1,2150346.3
Q,CP_MEUR,SCA,B1GQ,EA,2006-Q2,2187154.5
Q,CP_MEUR,SCA,B1GQ,EA,2006-Q3,2210633.4
Q,CP_MEUR,SCA,B1GQ,EA,2006-Q4,2246902.2
Q,CP_MEUR,SCA,B1GQ,EA,2007-Q1,2288662.8
Q,CP_MEUR,SCA,B1GQ,EA,2007-Q2,2312870.3
Q,CP_MEUR,SCA,B1GQ,EA,2007-Q3,2332939.2
Q,CP_MEUR,SCA,B1GQ,EA,2007-Q4,2360755.9
Q,CP_MEUR,SCA,B1GQ,EA,2008-Q1,2391495.6
Q,CP_MEUR,SCA,B1GQ,EA,2008-Q2,2395004.6
Q,CP_MEUR,SCA,B1GQ,EA,2008-Q3,2387502.1
Q,CP_MEUR,SCA,B1GQ,EA,2008-Q4,2354101
Q,CP_MEUR,SCA,B1GQ,EA,2009-Q1,2307482.2
Q,CP_MEUR,SCA,B1GQ,EA,2009-Q2,2309185.5
Q,CP_MEUR,SCA,B1GQ,EA,2009-Q3,2320954.2
Q,CP_MEUR,SCA,B1GQ,EA,2009-Q4,2337353.9
Q,CP_MEUR,SCA,B1GQ,EA,2010-Q1,2348808.6
Q,CP_MEUR,SCA,B1GQ,EA,2010-Q2,2375241.3
Q,CP_MEUR,SCA,B1GQ,EA,2010-Q3,2394060.3
Q,CP_MEUR,SCA,B1GQ,EA,2010-Q4,2411838.6
Q,CP_MEUR,SCA,B1GQ,EA,2011-Q1,2448294.2
Q,CP_MEUR,SCA,B1GQ,EA,2011-Q2,2452494.7
Q,CP_MEUR,SCA,B1GQ,EA,2011-Q3,2460504.8
Q,CP_MEUR,SCA,B1GQ,EA,2011-Q4,2459958.1
Q,CP_MEUR,SCA,B1GQ,EA,2012-Q1,2463623.6
Q,CP_MEUR,SCA,B1GQ,EA,2012-Q2,2460843.2
Q,CP_MEUR,SCA,B1GQ,EA,2012-Q3,2468423.2
Q,CP_MEUR,SCA,B1GQ,EA,2012-Q4,2462230.6
Q,CP_MEUR,SCA,B1GQ,EA,2013-Q1,2467882.1
Q,CP_MEUR,SCA,B1GQ,EA,2013-Q2,2489990.7
Q,CP_MEUR,SCA,B1GQ,EA,2013-Q3,2500648.8
Q,CP_MEUR,SCA,B1GQ,EA,2013-Q4,2507226.3
Q,CP_MEUR,SCA,B1GQ,EA,2014-Q1,2536596.2
Q,CP_MEUR,SCA,B1GQ,EA,2014-Q2,2547891.8
Q,CP_MEUR,SCA,B1GQ,EA,2014-Q3,2564234.2
Q,CP_MEUR,SCA,B1GQ,EA,2014-Q4,2581636
Q,CP_MEUR,SCA,B1GQ,EA,2015-Q1,2623498.6
Q,CP_MEUR,SCA,B1GQ,EA,2015-Q2,2646467.9
Q,CP_MEUR,SCA,B1GQ,EA,2015-Q3,2667703.4
Q,CP_MEUR,SCA,B1GQ,EA,2015-Q4,2684174.5
Q,CP_MEUR,SCA,B1GQ,EA,2016-Q1,2703297.3
Q,CP_MEUR,SCA,B1GQ,EA,2016-Q2,2713037.1
Q,CP_MEUR,SCA,B1GQ,EA,2016-Q3,2734378.8
Q,CP_MEUR,SCA,B1GQ,EA,2016-Q4,2757538.4
Q,CP_MEUR,SCA,B1GQ,EA,2017-Q1,2789717.6
Q,CP_MEUR,SCA,B1GQ,EA,2017-Q2,2820717.2
Q,CP_MEUR,SCA,B1GQ,EA,2017-Q3,2847761.4
Q,CP_MEUR,SCA,B1GQ,EA,2017-Q4,2882828.7
Q,CP_MEUR,SCA,B1GQ,EA,2018-Q1,2896188.2
Q,CP_MEUR,SCA,B1GQ,EA,2018-Q2,2917509.1
Q,CP_MEUR,SCA,B1GQ,EA,2018-Q3,2936892.2
Q,CP_MEUR,SCA,B1GQ,EA,2018-Q4,2967422.4
Q,CP_MEUR,SCA,B1GQ,EA,2019-Q1,2999329.4
Q,CP_MEUR,SCA,B1GQ,EA,2019-Q2,3019288.9
Q,CP_MEUR,SCA,B1GQ,EA,2019-Q3,3042240.2
Q,CP_MEUR,SCA,B1GQ,EA,2019-Q4,3053492.9
Q,CP_MEUR,SCA,B1GQ,EA,2020-Q1,2973979.8
Q,CP_MEUR,SCA,B1GQ,EA,2020-Q2,2673202
Q,CP_MEUR,SCA,B1GQ,EA,2020-Q3,2952377
Q,CP_MEUR,SCA,B1GQ,EA,2020-Q4,2983336.7
Q,CP_MEUR,SCA,B1GQ,EA,2021-Q1,3026106.1
Q,CP_MEUR,SCA,B1GQ,EA,2021-Q2,3102318.1
Q,CP_MEUR,SCA,B1GQ,EA,2021-Q3,3194915.1
Q,CP_MEUR,SCA,B1GQ,EA,2021-Q4,3251540.1
Q,CP_MEUR,SCA,B1GQ,EA,2022-Q1,3329349.3
Q,CP_MEUR,SCA,B1GQ,EA,2022-Q2,3399780.7
Q,CP_MEUR,SCA,B1GQ,EA,2022-Q3,3457954.8
Q,CP_MEUR,SCA,B1GQ,EA,2022-Q4,3517950.5
Q,CP_MEUR,SCA,B1GQ,EA,2023-Q1,3615732.7
Q,CP_MEUR,SCA,B1GQ,EA,2023-Q2,3664168.9
Q,CP_MEUR,SCA,B1GQ,EA,2023-Q3,3695076.3
Q,CP_MEUR,SCA,B1GQ,EA,2023-Q4,3735007.7
Q,CP_MEUR,SCA,B1GQ,EA,2024-Q1,3779352.5
Q,CP_MEUR,SCA,B1GQ,EA,2024-Q2,3801123
Q,CP_MEUR,SCA,B1GQ,EA,2024-Q3,3840697.4
Q,CP_MEUR,SCA,B1GQ,EA,2024-Q4,3878851.3
Q,CP_MEUR,SCA,B1GQ,EA,2025-Q1,3924236.2
Q,CP_MEUR,SCA,B1GQ,EA,2025-Q2,3945182.7
Q,CP_MEUR,SCA,B1GQ,EA,2025-Q3,3975210
Q,CP_MEUR,SCA,B1GQ,EA,2025-Q4,4019945.6
Q,CP_MEUR,SCA,B1GQ,EA,2026-Q1,4068091.6
Q,CP_MEUR,SCA,B1GQ,EA,2026-Q2,4118504.7
Q,CP_MEUR,SCA,B1GQ,EA21,1978-Q1,
Q,CP_MEUR,SCA,B1GQ,EA21,1978-Q2,
Q,CP_MEUR,SCA,B1GQ,EA21,1978-Q3,
Q,CP_MEUR,SCA,B1GQ,EA21,1978-Q4,
Q,CP_MEUR,SCA,B1GQ,EA21,1979-Q1,
Q,CP_MEUR,SCA,B1GQ,EA21,1979-Q2,
Q,CP_MEUR,SCA,B1GQ,EA21,1979-Q3,
Q,CP_MEUR,SCA,B1GQ,EA21,1979-Q4,
Q,CP_MEUR,SCA,B1GQ,EA21,1980-Q1,
Q,CP_MEUR,SCA,B1GQ,EA21,1980-Q2,
Q,CP_MEUR,SCA,B1GQ,EA21,1980-Q3,
Q,CP_MEUR,SCA,B1GQ,EA21,1980-Q4,
Q,CP_MEUR,SCA,B1GQ,EA21,1981-Q1,
Q,CP_MEUR,SCA,B1GQ,EA21,1981-Q2,
Q,CP_MEUR,SCA,B1GQ,EA21,1981-Q3,
Q,CP_MEUR,SCA,B1GQ,EA21,1981-Q4,
Q,CP_MEUR,SCA,B1GQ,EA21,1982-Q1,
Q,CP_MEUR,SCA,B1GQ,EA21,1982-Q2,
Q,CP_MEUR,SCA,B1GQ,EA21,1982-Q3,
Q,CP_MEUR,SCA,B1GQ,EA21,1982-Q4,
Q,CP_MEUR,SCA,B1GQ,EA21,1983-Q1,
Q,CP_MEUR,SCA,B1GQ,EA21,1983-Q2,
Q,CP_MEUR,SCA,B1GQ,EA21,1983-Q3,
Q,CP_MEUR,SCA,B1GQ,EA21,1983-Q4,
Q,CP_MEUR,SCA,B1GQ,EA21,1984-Q1,
Q,CP_MEUR,SCA,B1GQ,EA21,1984-Q2,
Q,CP_MEUR,SCA,B1GQ,EA21,1984-Q3,
Q,CP_MEUR,SCA,B1GQ,EA21,1984-Q4,
Q,CP_MEUR,SCA,B1GQ,EA21,1985-Q1,
Q,CP_MEUR,SCA,B1GQ,EA21,1985-Q2,
Q,CP_MEUR,SCA,B1GQ,EA21,1985-Q3,
Q,CP_MEUR,SCA,B1GQ,EA21,1985-Q4,
Q,CP_MEUR,SCA,B1GQ,EA21,1986-Q1,
Q,CP_MEUR,SCA,B1GQ,EA21,1986-Q2,
Q,CP_MEUR,SCA,B1GQ,EA21,1986-Q3,
Q,CP_MEUR,SCA,B1GQ,EA21,1986-Q4,
Q,CP_MEUR,SCA,B1GQ,EA21,1987-Q1,
Q,CP_MEUR,SCA,B1GQ,EA21,1987-Q2,
Q,CP_MEUR,SCA,B1GQ,EA21,1987-Q3,
Q,CP_MEUR,SCA,B1GQ,EA21,1987-Q4,
Q,CP_MEUR,SCA,B1GQ,EA21,1988-Q1,
Q,CP_MEUR,SCA,B1GQ,EA21,1988-Q2,
Q,CP_MEUR,SCA,B1GQ,EA21,1988-Q3,
Q,CP_MEUR,SCA,B1GQ,EA21,1988-Q4,
Q,CP_MEUR,SCA,B1GQ,EA21,1989-Q1,
Q,CP_MEUR,SCA,B1GQ,EA21,1989-Q2,
Q,CP_MEUR,SCA,B1GQ,EA21,1989-Q3,
Q,CP_MEUR,SCA,B1GQ,EA21,1989-Q4,
Q,CP_MEUR,SCA,B1GQ,EA21,1990-Q1,
Q,CP_MEUR,SCA,B1GQ,EA21,1990-Q2,
Q,CP_MEUR,SCA,B1GQ,EA21,1990-Q3,
Q,CP_MEUR,SCA,B1GQ,EA21,1990-Q4,
Q,CP_MEUR,SCA,B1GQ,EA21,1991-Q1,
Q,CP_MEUR,SCA,B1GQ,EA21,1991-Q2,
Q,CP_MEUR,SCA,B1GQ,EA21,1991-Q3,
Q,CP_MEUR,SCA,B1GQ,EA21,1991-Q4,
Q,CP_MEUR,SCA,B1GQ,EA21,1992-Q1,
Q,CP_MEUR,SCA,B1GQ,EA21,1992-Q2,
Q,CP_MEUR,SCA,B1GQ,EA21,1992-Q3,
Q,CP_MEUR,SCA,B1GQ,EA21,1992-Q4,
Q,CP_MEUR,SCA,B1GQ,EA21,1993-Q1,
Q,CP_MEUR,SCA,B1GQ,EA21,1993-Q2,
Q,CP_MEUR,SCA,B1GQ,EA21,1993-Q3,
Q,CP_MEUR,SCA,B1GQ,EA21,1993-Q4,
Q,CP_MEUR,SCA,B1GQ,EA21,1994-Q1,
Q,CP_MEUR,SCA,B1GQ,EA21,1994-Q2,
Q,CP_MEUR,SCA,B1GQ,EA21,1994-Q3,
Q,CP_MEUR,SCA,B1GQ,EA21,1994-Q4,
Q,CP_MEUR,SCA,B1GQ,EA21,1995-Q1,1416850.8
Q,CP_MEUR,SCA,B1GQ,EA21,1995-Q2,1434121.6
Q,CP_MEUR,SCA,B1GQ,EA21,1995-Q3,1456332.8
Q,CP_MEUR,SCA,B1GQ,EA21,1995-Q4,1471374.6
Q,CP_MEUR,SCA,B1GQ,EA21,1996-Q1,1483748.8
Q,CP_MEUR,SCA,B1GQ,EA21,1996-Q2,1500149.4
Q,CP_MEUR,SCA,B1GQ,EA21,1996-Q3,1513401.4
Q,CP_MEUR,SCA,B1GQ,EA21,1996-Q4,1519230.7
Q,CP_MEUR,SCA,B1GQ,EA21,1997-Q1,1515902.6
Q,CP_MEUR,SCA,B1GQ,EA21,1997-Q2,1531651.6
Q,CP_MEUR,SCA,B1GQ,EA21,1997-Q3,1547341.1
Q,CP_MEUR,SCA,B1GQ,EA21,1997-Q4,1572094.3
Q,CP_MEUR,SCA,B1GQ,EA21,1998-Q1,1578381.8
Q,CP_MEUR,SCA,B1GQ,EA21,1998-Q2,1593586
Q,CP_MEUR,SCA,B1GQ,EA21,1998-Q3,1610152.2
Q,CP_MEUR,SCA,B1GQ,EA21,1998-Q4,1631733.2
Q,CP_MEUR,SCA,B1GQ,EA21,1999-Q1,1650467.1
Q,CP_MEUR,SCA,B1GQ,EA21,1999-Q2,1662182.9
Q,CP_MEUR,SCA,B1GQ,EA21,1999-Q3,1686157.4
Q,CP_MEUR,SCA,B1GQ,EA21,1999-Q4,1709256.7
Q,CP_MEUR,SCA,B1GQ,EA21,2000-Q1,1738931.5
Q,CP_MEUR,SCA,B1GQ,EA21,2000-Q2,1759391
Q,CP_MEUR,SCA,B1GQ,EA21,2000-Q3,1780376.2
Q,CP_MEUR,SCA,B1GQ,EA21,2000-Q4,1799535.6
Q,CP_MEUR,SCA,B1GQ,EA21,2001-Q1,1832306.2
Q,CP_MEUR,SCA,B1GQ,EA21,2001-Q2,1845622.3
Q,CP_MEUR,SCA,B1GQ,EA21,2001-Q3,1860723.6
Q,CP_MEUR,SCA,B1GQ,EA21,2001-Q4,1874973.3
Q,CP_MEUR,SCA,B1GQ,EA21,2002-Q1,1891140.6
Q,CP_MEUR,SCA,B1GQ,EA21,2002-Q2,1907983.7
Q,CP_MEUR,SCA,B1GQ,EA21,2002-Q3,1929320.4
Q,CP_MEUR,SCA,B1GQ,EA21,2002-Q4,1942176.9
Q,CP_MEUR,SCA,B1GQ,EA21,2003-Q1,1949081.8
Q,CP_MEUR,SCA,B1GQ,EA21,2003-Q2,1961188.2
Q,CP_MEUR,SCA,B1GQ,EA21,2003-Q3,1986229
Q,CP_MEUR,SCA,B1GQ,EA21,2003-Q4,2003604.1
Q,CP_MEUR,SCA,B1GQ,EA21,2004-Q1,2023955.7
Q,CP_MEUR,SCA,B1GQ,EA21,2004-Q2,2049037.2
Q,CP_MEUR,SCA,B1GQ,EA21,2004-Q3,2063451.6
Q,CP_MEUR,SCA,B1GQ,EA21,2004-Q4,2084107.4
Q,CP_MEUR,SCA,B1GQ,EA21,2005-Q1,2097565
Q,CP_MEUR,SCA,B1GQ,EA21,2005-Q2,2120113.2
Q,CP_MEUR,SCA,B1GQ,EA21,2005-Q3,2146924.4
Q,CP_MEUR,SCA,B1GQ,EA21,2005-Q4,2175891.8
Q,CP_MEUR,SCA,B1GQ,EA21,2006-Q1,2202545.3
Q,CP_MEUR,SCA,B1GQ,EA21,2006-Q2,2241181.3
Q,CP_MEUR,SCA,B1GQ,EA21,2006-Q3,2266554.9
Q,CP_MEUR,SCA,B1GQ,EA21,2006-Q4,2305342.2
Q,CP_MEUR,SCA,B1GQ,EA21,2007-Q1,2341875.1
Q,CP_MEUR,SCA,B1GQ,EA21,2007-Q2,2367803.6
Q,CP_MEUR,SCA,B1GQ,EA21,2007-Q3,2389857.4
Q,CP_MEUR,SCA,B1GQ,EA21,2007-Q4,2419331.9
Q,CP_MEUR,SCA,B1GQ,EA21,2008-Q1,2445911.2
Q,CP_MEUR,SCA,B1GQ,EA21,2008-Q2,2451377
Q,CP_MEUR,SCA,B1GQ,EA21,2008-Q3,2444940.8
Q,CP_MEUR,SCA,B1GQ,EA21,2008-Q4,2410399.7
Q,CP_MEUR,SCA,B1GQ,EA21,2009-Q1,2343838.8
Q,CP_MEUR,SCA,B1GQ,EA21,2009-Q2,2345254.8
Q,CP_MEUR,SCA,B1GQ,EA21,2009-Q3,2355959.4
Q,CP_MEUR,SCA,B1GQ,EA21,2009-Q4,2372713.6
Q,CP_MEUR,SCA,B1GQ,EA21,2010-Q1,2384008.1
Q,CP_MEUR,SCA,B1GQ,EA21,2010-Q2,2410897.1
Q,CP_MEUR,SCA,B1GQ,EA21,2010-Q3,2430430.2
Q,CP_MEUR,SCA,B1GQ,EA21,2010-Q4,2448864.1
Q,CP_MEUR,SCA,B1GQ,EA21,2011-Q1,2482141.4
Q,CP_MEUR,SCA,B1GQ,EA21,2011-Q2,2486989.8
Q,CP_MEUR,SCA,B1GQ,EA21,2011-Q3,2495198.3
Q,CP_MEUR,SCA,B1GQ,EA21,2011-Q4,2494249.4
Q,CP_MEUR,SCA,B1GQ,EA21,2012-Q1,2498550.4
Q,CP_MEUR,SCA,B1GQ,EA21,2012-Q2,2496215.4
Q,CP_MEUR,SCA,B1GQ,EA21,2012-Q3,2504044.9
Q,CP_MEUR,SCA,B1GQ,EA21,2012-Q4,2497943.6
Q,CP_MEUR,SCA,B1GQ,EA21,2013-Q1,2503664.5
Q,CP_MEUR,SCA,B1GQ,EA21,2013-Q2,2525821.8
Q,CP_MEUR,SCA,B1GQ,EA21,2013-Q3,2536531.7
Q,CP_MEUR,SCA,B1GQ,EA21,2013-Q4,2543455.8
Q,CP_MEUR,SCA,B1GQ,EA21,2014-Q1,2566940.6
Q,CP_MEUR,SCA,B1GQ,EA21,2014-Q2,2578673.3
Q,CP_MEUR,SCA,B1GQ,EA21,2014-Q3,2595514.6
Q,CP_MEUR,SCA,B1GQ,EA21,2014-Q4,2612944.6
Q,CP_MEUR,SCA,B1GQ,EA21,2015-Q1,2645846.5
Q,CP_MEUR,SCA,B1GQ,EA21,2015-Q2,2669450.9
Q,CP_MEUR,SCA,B1GQ,EA21,2015-Q3,2690607.2
Q,CP_MEUR,SCA,B1GQ,EA21,2015-Q4,2707224.4
Q,CP_MEUR,SCA,B1GQ,EA21,2016-Q1,2726978.2
Q,CP_MEUR,SCA,B1GQ,EA21,2016-Q2,2736838.4
Q,CP_MEUR,SCA,B1GQ,EA21,2016-Q3,2758618.4
Q,CP_MEUR,SCA,B1GQ,EA21,2016-Q4,2782141.6
Q,CP_MEUR,SCA,B1GQ,EA21,2017-Q1,2814686.6
Q,CP_MEUR,SCA,B1GQ,EA21,2017-Q2,2846252.2
Q,CP_MEUR,SCA,B1GQ,EA21,2017-Q3,2873752.9
Q,CP_MEUR,SCA,B1GQ,EA21,2017-Q4,2909038.4
Q,CP_MEUR,SCA,B1GQ,EA21,2018-Q1,2922431.4
Q,CP_MEUR,SCA,B1GQ,EA21,2018-Q2,2944871.9
Q,CP_MEUR,SCA,B1GQ,EA21,2018-Q3,2964669.2
Q,CP_MEUR,SCA,B1GQ,EA21,2018-Q4,2995074.4
Q,CP_MEUR,SCA,B1GQ,EA21,2019-Q1,3028172.1
Q,CP_MEUR,SCA,B1GQ,EA21,2019-Q2,3048626.3
Q,CP_MEUR,SCA,B1GQ,EA21,2019-Q3,3071406.5
Q,CP_MEUR,SCA,B1GQ,EA21,2019-Q4,3083108.7
Q,CP_MEUR,SCA,B1GQ,EA21,2020-Q1,3003258.4
Q,CP_MEUR,SCA,B1GQ,EA21,2020-Q2,2699628.8
Q,CP_MEUR,SCA,B1GQ,EA21,2020-Q3,2980059.5
Q,CP_MEUR,SCA,B1GQ,EA21,2020-Q4,3012522
Q,CP_MEUR,SCA,B1GQ,EA21,2021-Q1,3057165.9
Q,CP_MEUR,SCA,B1GQ,EA21,2021-Q2,3133623.1
Q,CP_MEUR,SCA,B1GQ,EA21,2021-Q3,3228027.4
Q,CP_MEUR,SCA,B1GQ,EA21,2021-Q4,3285797.3
Q,CP_MEUR,SCA,B1GQ,EA21,2022-Q1,3365390.7
Q,CP_MEUR,SCA,B1GQ,EA21,2022-Q2,3437297.6
Q,CP_MEUR,SCA,B1GQ,EA21,2022-Q3,3497114.3
Q,CP_MEUR,SCA,B1GQ,EA21,2022-Q4,3558920.5
Q,CP_MEUR,SCA,B1GQ,EA21,2023-Q1,3639197.8
Q,CP_MEUR,SCA,B1GQ,EA21,2023-Q2,3687271.6
Q,CP_MEUR,SCA,B1GQ,EA21,2023-Q3,3718383.8
Q,CP_MEUR,SCA,B1GQ,EA21,2023-Q4,3759657.4
Q,CP_MEUR,SCA,B1GQ,EA21,2024-Q1,3804942.9
Q,CP_MEUR,SCA,B1GQ,EA21,2024-Q2,3827309
Q,CP_MEUR,SCA,B1GQ,EA21,2024-Q3,3866832.9
Q,CP_MEUR,SCA,B1GQ,EA21,2024-Q4,3905706.6
Q,CP_MEUR,SCA,B1GQ,EA21,2025-Q1,3951161.2
Q,CP_MEUR,SCA,B1GQ,EA21,2025-Q2,3973692.4
Q,CP_MEUR,SCA,B1GQ,EA21,2025-Q3,4005277
Q,CP_MEUR,SCA,B1GQ,EA21,2025-Q4,4050462.2
Q,CP_MEUR,SCA,B1GQ,EA21,2026-Q1,4068091.6
Q,CP_MEUR,SCA,B1GQ,EA21,2026-Q2,4118504.7
Q,CP_MEUR,SCA,B1GQ,EA20,1978-Q1,
Q,CP_MEUR,SCA,B1GQ,EA20,1978-Q2,
Q,CP_MEUR,SCA,B1GQ,EA20,1978-Q3,
Q,CP_MEUR,SCA,B1GQ,EA20,1978-Q4,
Q,CP_MEUR,SCA,B1GQ,EA20,1979-Q1,
Q,CP_MEUR,SCA,B1GQ,EA20,1979-Q2,
Q,CP_MEUR,SCA,B1GQ,EA20,1979-Q3,
Q,CP_MEUR,SCA,B1GQ,EA20,1979-Q4,
Q,CP_MEUR,SCA,B1GQ,EA20,1980-Q1,
Q,CP_MEUR,SCA,B1GQ,EA20,1980-Q2,
Q,CP_MEUR,SCA,B1GQ,EA20,1980-Q3,
Q,CP_MEUR,SCA,B1GQ,EA20,1980-Q4,
Q,CP_MEUR,SCA,B1GQ,EA20,1981-Q1,
Q,CP_MEUR,SCA,B1GQ,EA20,1981-Q2,
Q,CP_MEUR,SCA,B1GQ,EA20,1981-Q3,
Q,CP_MEUR,SCA,B1GQ,EA20,1981-Q4,
Q,CP_MEUR,SCA,B1GQ,EA20,1982-Q1,
Q,CP_MEUR,SCA,B1GQ,EA20,1982-Q2,
Q,CP_MEUR,SCA,B1GQ,EA20,1982-Q3,
Q,CP_MEUR,SCA,B1GQ,EA20,1982-Q4,
Q,CP_MEUR,SCA,B1GQ,EA20,1983-Q1,
Q,CP_MEUR,SCA,B1GQ,EA20,1983-Q2,
Q,CP_MEUR,SCA,B1GQ,EA20,1983-Q3,
Q,CP_MEUR,SCA,B1GQ,EA20,1983-Q4,
Q,CP_MEUR,SCA,B1GQ,EA20,1984-Q1,
Q,CP_MEUR,SCA,B1GQ,EA20,1984-Q2,
Q,CP_MEUR,SCA,B1GQ,EA20,1984-Q3,
Q,CP_MEUR,SCA,B1GQ,EA20,1984-Q4,
Q,CP_MEUR,SCA,B1GQ,EA20,1985-Q1,
Q,CP_MEUR,SCA,B1GQ,EA20,1985-Q2,
Q,CP_MEUR,SCA,B1GQ,EA20,1985-Q3,
Q,CP_MEUR,SCA,B1GQ,EA20,1985-Q4,
Q,CP_MEUR,SCA,B1GQ,EA20,1986-Q1,
Q,CP_MEUR,SCA,B1GQ,EA20,1986-Q2,
Q,CP_MEUR,SCA,B1GQ,EA20,1986-Q3,
Q,CP_MEUR,SCA,B1GQ,EA20,1986-Q4,
Q,CP_MEUR,SCA,B1GQ,EA20,1987-Q1,
Q,CP_MEUR,SCA,B1GQ,EA20,1987-Q2,
Q,CP_MEUR,SCA,B1GQ,EA20,1987-Q3,
Q,CP_MEUR,SCA,B1GQ,EA20,1987-Q4,
Q,CP_MEUR,SCA,B1GQ,EA20,1988-Q1,
Q,CP_MEUR,SCA,B1GQ,EA20,1988-Q2,
Q,CP_MEUR,SCA,B1GQ,EA20,1988-Q3,
Q,CP_MEUR,SCA,B1GQ,EA20,1988-Q4,
Q,CP_MEUR,SCA,B1GQ,EA20,1989-Q1,
Q,CP_MEUR,SCA,B1GQ,EA20,1989-Q2,
Q,CP_MEUR,SCA,B1GQ,EA20,1989-Q3,
Q,CP_MEUR,SCA,B1GQ,EA20,1989-Q4,
Q,CP_MEUR,SCA,B1GQ,EA20,1990-Q1,
Q,CP_MEUR,SCA,B1GQ,EA20,1990-Q2,
Q,CP_MEUR,SCA,B1GQ,EA20,1990-Q3,
Q,CP_MEUR,SCA,B1GQ,EA20,1990-Q4,
Q,CP_MEUR,SCA,B1GQ,EA20,1991-Q1,
Q,CP_MEUR,SCA,B1GQ,EA20,1991-Q2,
Q,CP_MEUR,SCA,B1GQ,EA20,1991-Q3,
Q,CP_MEUR,SCA,B1GQ,EA20,1991-Q4,
Q,CP_MEUR,SCA,B1GQ,EA20,1992-Q1,
Q,CP_MEUR,SCA,B1GQ,EA20,1992-Q2,
Q,CP_MEUR,SCA,B1GQ,EA20,1992-Q3,
Q,CP_MEUR,SCA,B1GQ,EA20,1992-Q4,
Q,CP_MEUR,SCA,B1GQ,EA20,1993-Q1,
Q,CP_MEUR,SCA,B1GQ,EA20,1993-Q2,
Q,CP_MEUR,SCA,B1GQ,EA20,1993-Q3,
Q,CP_MEUR,SCA,B1GQ,EA20,1993-Q4,
Q,CP_MEUR,SCA,B1GQ,EA20,1994-Q1,
Q,CP_MEUR,SCA,B1GQ,EA20,1994-Q2,
Q,CP_MEUR,SCA,B1GQ,EA20,1994-Q3,
Q,CP_MEUR,SCA,B1GQ,EA20,1994-Q4,
Q,CP_MEUR,SCA,B1GQ,EA20,1995-Q1,1413584.1
Q,CP_MEUR,SCA,B1GQ,EA20,1995-Q2,1430898.8
Q,CP_MEUR,SCA,B1GQ,EA20,1995-Q3,1452539.5
Q,CP_MEUR,SCA,B1GQ,EA20,1995-Q4,1467139.1
Q,CP_MEUR,SCA,B1GQ,EA20,1996-Q1,1480227.7
Q,CP_MEUR,SCA,B1GQ,EA20,1996-Q2,1497884.5
Q,CP_MEUR,SCA,B1GQ,EA20,1996-Q3,1511391.2
Q,CP_MEUR,SCA,B1GQ,EA20,1996-Q4,1517199
Q,CP_MEUR,SCA,B1GQ,EA20,1997-Q1,1514780
Q,CP_MEUR,SCA,B1GQ,EA20,1997-Q2,1529424.8
Q,CP_MEUR,SCA,B1GQ,EA20,1997-Q3,1543938.2
Q,CP_MEUR,SCA,B1GQ,EA20,1997-Q4,1568781.8
Q,CP_MEUR,SCA,B1GQ,EA20,1998-Q1,1575533.5
Q,CP_MEUR,SCA,B1GQ,EA20,1998-Q2,1590603.2
Q,CP_MEUR,SCA,B1GQ,EA20,1998-Q3,1606419.3
Q,CP_MEUR,SCA,B1GQ,EA20,1998-Q4,1627859.7
Q,CP_MEUR,SCA,B1GQ,EA20,1999-Q1,1647888.9
Q,CP_MEUR,SCA,B1GQ,EA20,1999-Q2,1659346.4
Q,CP_MEUR,SCA,B1GQ,EA20,1999-Q3,1682494.5
Q,CP_MEUR,SCA,B1GQ,EA20,1999-Q4,1705530.1
Q,CP_MEUR,SCA,B1GQ,EA20,2000-Q1,1735491.8
Q,CP_MEUR,SCA,B1GQ,EA20,2000-Q2,1755879.2
Q,CP_MEUR,SCA,B1GQ,EA20,2000-Q3,1776701.2
Q,CP_MEUR,SCA,B1GQ,EA20,2000-Q4,1795722.2
Q,CP_MEUR,SCA,B1GQ,EA20,2001-Q1,1828471.2
Q,CP_MEUR,SCA,B1GQ,EA20,2001-Q2,1841703.9
Q,CP_MEUR,SCA,B1GQ,EA20,2001-Q3,1856679.3
Q,CP_MEUR,SCA,B1GQ,EA20,2001-Q4,1870865.8
Q,CP_MEUR,SCA,B1GQ,EA20,2002-Q1,1886894.2
Q,CP_MEUR,SCA,B1GQ,EA20,2002-Q2,1903652.7
Q,CP_MEUR,SCA,B1GQ,EA20,2002-Q3,1924915.7
Q,CP_MEUR,SCA,B1GQ,EA20,2002-Q4,1937680.8
Q,CP_MEUR,SCA,B1GQ,EA20,2003-Q1,1944564.4
Q,CP_MEUR,SCA,B1GQ,EA20,2003-Q2,1956564
Q,CP_MEUR,SCA,B1GQ,EA20,2003-Q3,1981461
Q,CP_MEUR,SCA,B1GQ,EA20,2003-Q4,1998715.5
Q,CP_MEUR,SCA,B1GQ,EA20,2004-Q1,2018866
Q,CP_MEUR,SCA,B1GQ,EA20,2004-Q2,2043835.2
Q,CP_MEUR,SCA,B1GQ,EA20,2004-Q3,2058095.4
Q,CP_MEUR,SCA,B1GQ,EA20,2004-Q4,2078662
Q,CP_MEUR,SCA,B1GQ,EA20,2005-Q1,2091817
Q,CP_MEUR,SCA,B1GQ,EA20,2005-Q2,2114186.1
Q,CP_MEUR,SCA,B1GQ,EA20,2005-Q3,2140851.4
Q,CP_MEUR,SCA,B1GQ,EA20,2005-Q4,2169600
Q,CP_MEUR,SCA,B1GQ,EA20,2006-Q1,2196145.8
Q,CP_MEUR,SCA,B1GQ,EA20,2006-Q2,2234473
Q,CP_MEUR,SCA,B1GQ,EA20,2006-Q3,2259526.7
Q,CP_MEUR,SCA,B1GQ,EA20,2006-Q4,2298068.6
Q,CP_MEUR,SCA,B1GQ,EA20,2007-Q1,2334067.1
Q,CP_MEUR,SCA,B1GQ,EA20,2007-Q2,2359960.3
Q,CP_MEUR,SCA,B1GQ,EA20,2007-Q3,2381623.9
Q,CP_MEUR,SCA,B1GQ,EA20,2007-Q4,2410752.5
Q,CP_MEUR,SCA,B1GQ,EA20,2008-Q1,2436939.9
Q,CP_MEUR,SCA,B1GQ,EA20,2008-Q2,2442137.9
Q,CP_MEUR,SCA,B1GQ,EA20,2008-Q3,2435409.7
Q,CP_MEUR,SCA,B1GQ,EA20,2008-Q4,2400895.1
Q,CP_MEUR,SCA,B1GQ,EA20,2009-Q1,2334493.2
Q,CP_MEUR,SCA,B1GQ,EA20,2009-Q2,2335755.5
Q,CP_MEUR,SCA,B1GQ,EA20,2009-Q3,2346754.6
Q,CP_MEUR,SCA,B1GQ,EA20,2009-Q4,2363346.3
Q,CP_MEUR,SCA,B1GQ,EA20,2010-Q1,2374932.3
Q,CP_MEUR,SCA,B1GQ,EA20,2010-Q2,2401452.9
Q,CP_MEUR,SCA,B1GQ,EA20,2010-Q3,2420816.6
Q,CP_MEUR,SCA,B1GQ,EA20,2010-Q4,2438708.2
Q,CP_MEUR,SCA,B1GQ,EA20,2011-Q1,2471636.5
Q,CP_MEUR,SCA,B1GQ,EA20,2011-Q2,2476464
Q,CP_MEUR,SCA,B1GQ,EA20,2011-Q3,2484750
Q,CP_MEUR,SCA,B1GQ,EA20,2011-Q4,2484249.1
Q,CP_MEUR,SCA,B1GQ,EA20,2012-Q1,2488195.2
Q,CP_MEUR,SCA,B1GQ,EA20,2012-Q2,2485558.8
Q,CP_MEUR,SCA,B1GQ,EA20,2012-Q3,2493411.7
Q,CP_MEUR,SCA,B1GQ,EA20,2012-Q4,2487334
Q,CP_MEUR,SCA,B1GQ,EA20,2013-Q1,2493075.7
Q,CP_MEUR,SCA,B1GQ,EA20,2013-Q2,2515411
Q,CP_MEUR,SCA,B1GQ,EA20,2013-Q3,2526167.2
Q,CP_MEUR,SCA,B1GQ,EA20,2013-Q4,2532764.4
Q,CP_MEUR,SCA,B1GQ,EA20,2014-Q1,2556589.2
Q,CP_MEUR,SCA,B1GQ,EA20,2014-Q2,2568121
Q,CP_MEUR,SCA,B1GQ,EA20,2014-Q3,2584475
Q,CP_MEUR,SCA,B1GQ,EA20,2014-Q4,2601864
Q,CP_MEUR,SCA,B1GQ,EA20,2015-Q1,2634692
Q,CP_MEUR,SCA,B1GQ,EA20,2015-Q2,2657873.2
Q,CP_MEUR,SCA,B1GQ,EA20,2015-Q3,2679192.4
Q,CP_MEUR,SCA,B1GQ,EA20,2015-Q4,2695574.1
Q,CP_MEUR,SCA,B1GQ,EA20,2016-Q1,2715004.4
Q,CP_MEUR,SCA,B1GQ,EA20,2016-Q2,2724867.4
Q,CP_MEUR,SCA,B1GQ,EA20,2016-Q3,2746350.5
Q,CP_MEUR,SCA,B1GQ,EA20,2016-Q4,2769602.8
Q,CP_MEUR,SCA,B1GQ,EA20,2017-Q1,2801962.3
Q,CP_MEUR,SCA,B1GQ,EA20,2017-Q2,2833280.8
Q,CP_MEUR,SCA,B1GQ,EA20,2017-Q3,2860512.9
Q,CP_MEUR,SCA,B1GQ,EA20,2017-Q4,2895473.1
Q,CP_MEUR,SCA,B1GQ,EA20,2018-Q1,2909073.6
Q,CP_MEUR,SCA,B1GQ,EA20,2018-Q2,2930830.3
Q,CP_MEUR,SCA,B1GQ,EA20,2018-Q3,2950296.2
Q,CP_MEUR,SCA,B1GQ,EA20,2018-Q4,2980847.2
Q,CP_MEUR,SCA,B1GQ,EA20,2019-Q1,3013049.3
Q,CP_MEUR,SCA,B1GQ,EA20,2019-Q2,3033173.4
Q,CP_MEUR,SCA,B1GQ,EA20,2019-Q3,3056313.9
Q,CP_MEUR,SCA,B1GQ,EA20,2019-Q4,3067582.5
Q,CP_MEUR,SCA,B1GQ,EA20,2020-Q1,2987806.8
Q,CP_MEUR,SCA,B1GQ,EA20,2020-Q2,2684843.4
Q,CP_MEUR,SCA,B1GQ,EA20,2020-Q3,2964419
Q,CP_MEUR,SCA,B1GQ,EA20,2020-Q4,2996543.9
Q,CP_MEUR,SCA,B1GQ,EA20,2021-Q1,3040218
Q,CP_MEUR,SCA,B1GQ,EA20,2021-Q2,3116428.3
Q,CP_MEUR,SCA,B1GQ,EA20,2021-Q3,3209711.1
Q,CP_MEUR,SCA,B1GQ,EA20,2021-Q4,3266912.4
Q,CP_MEUR,SCA,B1GQ,EA20,2022-Q1,3345331.7
Q,CP_MEUR,SCA,B1GQ,EA20,2022-Q2,3416350.5
Q,CP_MEUR,SCA,B1GQ,EA20,2022-Q3,3475125.5
Q,CP_MEUR,SCA,B1GQ,EA20,2022-Q4,3535837.1
Q,CP_MEUR,SCA,B1GQ,EA20,2023-Q1,3615732.7
Q,CP_MEUR,SCA,B1GQ,EA20,2023-Q2,3664168.9
Q,CP_MEUR,SCA,B1GQ,EA20,2023-Q3,3695076.3
Q,CP_MEUR,SCA,B1GQ,EA20,2023-Q4,3735007.7
Q,CP_MEUR,SCA,B1GQ,EA20,2024-Q1,3779352.5
Q,CP_MEUR,SCA,B1GQ,EA20,2024-Q2,3801123
Q,CP_MEUR,SCA,B1GQ,EA20,2024-Q3,3840697.4
Q,CP_MEUR,SCA,B1GQ,EA20,2024-Q4,3878851.3
Q,CP_MEUR,SCA,B1GQ,EA20,2025-Q1,3924236.2
Q,CP_MEUR,SCA,B1GQ,EA20,2025-Q2,3945182.7
Q,CP_MEUR,SCA,B1GQ,EA20,2025-Q3,3975210
Q,CP_MEUR,SCA,B1GQ,EA20,2025-Q4,4019945.6
Q,CP_MEUR,SCA,B1GQ,EA20,2026-Q1,4036478
Q,CP_MEUR,SCA,B1GQ,EA20,2026-Q2,4086705.5
Q,CP_MEUR,SCA,B1GQ,EA19,1978-Q1,
Q,CP_MEUR,SCA,B1GQ,EA19,1978-Q2,
Q,CP_MEUR,SCA,B1GQ,EA19,1978-Q3,
Q,CP_MEUR,SCA,B1GQ,EA19,1978-Q4,
Q,CP_MEUR,SCA,B1GQ,EA19,1979-Q1,
Q,CP_MEUR,SCA,B1GQ,EA19,1979-Q2,
Q,CP_MEUR,SCA,B1GQ,EA19,1979-Q3,
Q,CP_MEUR,SCA,B1GQ,EA19,1979-Q4,
Q,CP_MEUR,SCA,B1GQ,EA19,1980-Q1,
Q,CP_MEUR,SCA,B1GQ,EA19,1980-Q2,
Q,CP_MEUR,SCA,B1GQ,EA19,1980-Q3,
Q,CP_MEUR,SCA,B1GQ,EA19,1980-Q4,
Q,CP_MEUR,SCA,B1GQ,EA19,1981-Q1,
Q,CP_MEUR,SCA,B1GQ,EA19,1981-Q2,
Q,CP_MEUR,SCA,B1GQ,EA19,1981-Q3,
Q,CP_MEUR,SCA,B1GQ,EA19,1981-Q4,
Q,CP_MEUR,SCA,B1GQ,EA19,1982-Q1,
Q,CP_MEUR,SCA,B1GQ,EA19,1982-Q2,
Q,CP_MEUR,SCA,B1GQ,EA19,1982-Q3,
Q,CP_MEUR,SCA,B1GQ,EA19,1982-Q4,
Q,CP_MEUR,SCA,B1GQ,EA19,1983-Q1,
Q,CP_MEUR,SCA,B1GQ,EA19,1983-Q2,
Q,CP_MEUR,SCA,B1GQ,EA19,1983-Q3,
Q,CP_MEUR,SCA,B1GQ,EA19,1983-Q4,
Q,CP_MEUR,SCA,B1GQ,EA19,1984-Q1,
Q,CP_MEUR,SCA,B1GQ,EA19,1984-Q2,
Q,CP_MEUR,SCA,B1GQ,EA19,1984-Q3,
Q,CP_MEUR,SCA,B1GQ,EA19,1984-Q4,
Q,CP_MEUR,SCA,B1GQ,EA19,1985-Q1,
Q,CP_MEUR,SCA,B1GQ,EA19,1985-Q2,
Q,CP_MEUR,SCA,B1GQ,EA19,1985-Q3,
Q,CP_MEUR,SCA,B1GQ,EA19,1985-Q4,
Q,CP_MEUR,SCA,B1GQ,EA19,1986-Q1,
Q,CP_MEUR,SCA,B1GQ,EA19,1986-Q2,
Q,CP_MEUR,SCA,B1GQ,EA19,1986-Q3,
Q,CP_MEUR,SCA,B1GQ,EA19,1986-Q4,
Q,CP_MEUR,SCA,B1GQ,EA19,1987-Q1,
Q,CP_MEUR,SCA,B1GQ,EA19,1987-Q2,
Q,CP_MEUR,SCA,B1GQ,EA19,1987-Q3,
Q,CP_MEUR,SCA,B1GQ,EA19,1987-Q4,
Q,CP_MEUR,SCA,B1GQ,EA19,1988-Q1,
Q,CP_MEUR,SCA,B1GQ,EA19,1988-Q2,
Q,CP_MEUR,SCA,B1GQ,EA19,1988-Q3,
Q,CP_MEUR,SCA,B1GQ,EA19,1988-Q4,
Q,CP_MEUR,SCA,B1GQ,EA19,1989-Q1,
Q,CP_MEUR,SCA,B1GQ,EA19,1989-Q2,
Q,CP_MEUR,SCA,B1GQ,EA19,1989-Q3,
Q,CP_MEUR,SCA,B1GQ,EA19,1989-Q4,
Q,CP_MEUR,SCA,B1GQ,EA19,1990-Q1,
Q,CP_MEUR,SCA,B1GQ,EA19,1990-Q2,
Q,CP_MEUR,SCA,B1GQ,EA19,1990-Q3,
Q,CP_MEUR,SCA,B1GQ,EA19,1990-Q4,
Q,CP_MEUR,SCA,B1GQ,EA19,1991-Q1,
Q,CP_MEUR,SCA,B1GQ,EA19,1991-Q2,
Q,CP_MEUR,SCA,B1GQ,EA19,1991-Q3,
Q,CP_MEUR,SCA,B1GQ,EA19,1991-Q4,
Q,CP_MEUR,SCA,B1GQ,EA19,1992-Q1,
Q,CP_MEUR,SCA,B1GQ,EA19,1992-Q2,
Q,CP_MEUR,SCA,B1GQ,EA19,1992-Q3,
Q,CP_MEUR,SCA,B1GQ,EA19,1992-Q4,
Q,CP_MEUR,SCA,B1GQ,EA19,1993-Q1,
Q,CP_MEUR,SCA,B1GQ,EA19,1993-Q2,
Q,CP_MEUR,SCA,B1GQ,EA19,1993-Q3,
Q,CP_MEUR,SCA,B1GQ,EA19,1993-Q4,
Q,CP_MEUR,SCA,B1GQ,EA19,1994-Q1,
Q,CP_MEUR,SCA,B1GQ,EA19,1994-Q2,
Q,CP_MEUR,SCA,B1GQ,EA19,1994-Q3,
Q,CP_MEUR,SCA,B1GQ,EA19,1994-Q4,
Q,CP_MEUR,SCA,B1GQ,EA19,1995-Q1,1409195.8
Q,CP_MEUR,SCA,B1GQ,EA19,1995-Q2,1426465.6
Q,CP_MEUR,SCA,B1GQ,EA19,1995-Q3,1448390.8
Q,CP_MEUR,SCA,B1GQ,EA19,1995-Q4,1462589.1
Q,CP_MEUR,SCA,B1GQ,EA19,1996-Q1,1475655.9
Q,CP_MEUR,SCA,B1GQ,EA19,1996-Q2,1493197
Q,CP_MEUR,SCA,B1GQ,EA19,1996-Q3,1506475.5
Q,CP_MEUR,SCA,B1GQ,EA19,1996-Q4,1512197.1
Q,CP_MEUR,SCA,B1GQ,EA19,1997-Q1,1509674
Q,CP_MEUR,SCA,B1GQ,EA19,1997-Q2,1524180.2
Q,CP_MEUR,SCA,B1GQ,EA19,1997-Q3,1538570.6
Q,CP_MEUR,SCA,B1GQ,EA19,1997-Q4,1563219.7
Q,CP_MEUR,SCA,B1GQ,EA19,1998-Q1,1569775.1
Q,CP_MEUR,SCA,B1GQ,EA19,1998-Q2,1584871.2
Q,CP_MEUR,SCA,B1GQ,EA19,1998-Q3,1600668.3
Q,CP_MEUR,SCA,B1GQ,EA19,1998-Q4,1622165.1
Q,CP_MEUR,SCA,B1GQ,EA19,1999-Q1,1642323.9
Q,CP_MEUR,SCA,B1GQ,EA19,1999-Q2,1653817.4
Q,CP_MEUR,SCA,B1GQ,EA19,1999-Q3,1676977.8
Q,CP_MEUR,SCA,B1GQ,EA19,1999-Q4,1699951.9
Q,CP_MEUR,SCA,B1GQ,EA19,2000-Q1,1729844.4
Q,CP_MEUR,SCA,B1GQ,EA19,2000-Q2,1750067.3
Q,CP_MEUR,SCA,B1GQ,EA19,2000-Q3,1770649.5
Q,CP_MEUR,SCA,B1GQ,EA19,2000-Q4,1789601.8
Q,CP_MEUR,SCA,B1GQ,EA19,2001-Q1,1822344.6
Q,CP_MEUR,SCA,B1GQ,EA19,2001-Q2,1835149.3
Q,CP_MEUR,SCA,B1GQ,EA19,2001-Q3,1850122
Q,CP_MEUR,SCA,B1GQ,EA19,2001-Q4,1864167.7
Q,CP_MEUR,SCA,B1GQ,EA19,2002-Q1,1879982
Q,CP_MEUR,SCA,B1GQ,EA19,2002-Q2,1896548.3
Q,CP_MEUR,SCA,B1GQ,EA19,2002-Q3,1917583.3
Q,CP_MEUR,SCA,B1GQ,EA19,2002-Q4,1930268.9
Q,CP_MEUR,SCA,B1GQ,EA19,2003-Q1,1937086.3
Q,CP_MEUR,SCA,B1GQ,EA19,2003-Q2,1948839.5
Q,CP_MEUR,SCA,B1GQ,EA19,2003-Q3,1973541.1
Q,CP_MEUR,SCA,B1GQ,EA19,2003-Q4,1990821.7
Q,CP_MEUR,SCA,B1GQ,EA19,2004-Q1,2010788.7
Q,CP_MEUR,SCA,B1GQ,EA19,2004-Q2,2035397.8
Q,CP_MEUR,SCA,B1GQ,EA19,2004-Q3,2049461.2
Q,CP_MEUR,SCA,B1GQ,EA19,2004-Q4,2070008.2
Q,CP_MEUR,SCA,B1GQ,EA19,2005-Q1,2083185.3
Q,CP_MEUR,SCA,B1GQ,EA19,2005-Q2,2104958.5
Q,CP_MEUR,SCA,B1GQ,EA19,2005-Q3,2131459.3
Q,CP_MEUR,SCA,B1GQ,EA19,2005-Q4,2160016.4
Q,CP_MEUR,SCA,B1GQ,EA19,2006-Q1,2186351.4
Q,CP_MEUR,SCA,B1GQ,EA19,2006-Q2,2224361
Q,CP_MEUR,SCA,B1GQ,EA19,2006-Q3,2249242.1
Q,CP_MEUR,SCA,B1GQ,EA19,2006-Q4,2287638.5
Q,CP_MEUR,SCA,B1GQ,EA19,2007-Q1,2323297.4
Q,CP_MEUR,SCA,B1GQ,EA19,2007-Q2,2348946
Q,CP_MEUR,SCA,B1GQ,EA19,2007-Q3,2370371.9
Q,CP_MEUR,SCA,B1GQ,EA19,2007-Q4,2399365.5
Q,CP_MEUR,SCA,B1GQ,EA19,2008-Q1,2425039.2
Q,CP_MEUR,SCA,B1GQ,EA19,2008-Q2,2429997.4
Q,CP_MEUR,SCA,B1GQ,EA19,2008-Q3,2423031.7
Q,CP_MEUR,SCA,B1GQ,EA19,2008-Q4,2388757.8
Q,CP_MEUR,SCA,B1GQ,EA19,2009-Q1,2323191
Q,CP_MEUR,SCA,B1GQ,EA19,2009-Q2,2324238.1
Q,CP_MEUR,SCA,B1GQ,EA19,2009-Q3,2335343.7
Q,CP_MEUR,SCA,B1GQ,EA19,2009-Q4,2351715.6
Q,CP_MEUR,SCA,B1GQ,EA19,2010-Q1,2363436.4
Q,CP_MEUR,SCA,B1GQ,EA19,2010-Q2,2389978.7
Q,CP_MEUR,SCA,B1GQ,EA19,2010-Q3,2409178.4
Q,CP_MEUR,SCA,B1GQ,EA19,2010-Q4,2427332.7
Q,CP_MEUR,SCA,B1GQ,EA19,2011-Q1,2460262.2
Q,CP_MEUR,SCA,B1GQ,EA19,2011-Q2,2464897.3
Q,CP_MEUR,SCA,B1GQ,EA19,2011-Q3,2473285.9
Q,CP_MEUR,SCA,B1GQ,EA19,2011-Q4,2472895.4
Q,CP_MEUR,SCA,B1GQ,EA19,2012-Q1,2477065.7
Q,CP_MEUR,SCA,B1GQ,EA19,2012-Q2,2474389.9
Q,CP_MEUR,SCA,B1GQ,EA19,2012-Q3,2482082.5
Q,CP_MEUR,SCA,B1GQ,EA19,2012-Q4,2476093.9
Q,CP_MEUR,SCA,B1GQ,EA19,2013-Q1,2481814.6
Q,CP_MEUR,SCA,B1GQ,EA19,2013-Q2,2504121.4
Q,CP_MEUR,SCA,B1GQ,EA19,2013-Q3,2514976.4
Q,CP_MEUR,SCA,B1GQ,EA19,2013-Q4,2521706.5
Q,CP_MEUR,SCA,B1GQ,EA19,2014-Q1,2545605.6
Q,CP_MEUR,SCA,B1GQ,EA19,2014-Q2,2556988.8
Q,CP_MEUR,SCA,B1GQ,EA19,2014-Q3,2573397.1
Q,CP_MEUR,SCA,B1GQ,EA19,2014-Q4,2590776.9
Q,CP_MEUR,SCA,B1GQ,EA19,2015-Q1,2623498.6
Q,CP_MEUR,SCA,B1GQ,EA19,2015-Q2,2646467.9
Q,CP_MEUR,SCA,B1GQ,EA19,2015-Q3,2667703.4
Q,CP_MEUR,SCA,B1GQ,EA19,2015-Q4,2684174.5
Q,CP_MEUR,SCA,B1GQ,EA19,2016-Q1,2703297.3
Q,CP_MEUR,SCA,B1GQ,EA19,2016-Q2,2713037.1
Q,CP_MEUR,SCA,B1GQ,EA19,2016-Q3,2734378.8
Q,CP_MEUR,SCA,B1GQ,EA19,2016-Q4,2757538.4
Q,CP_MEUR,SCA,B1GQ,EA19,2017-Q1,2789717.6
Q,CP_MEUR,SCA,B1GQ,EA19,2017-Q2,2820717.2
Q,CP_MEUR,SCA,B1GQ,EA19,2017-Q3,2847761.4
Q,CP_MEUR,SCA,B1GQ,EA19,2017-Q4,2882828.7
Q,CP_MEUR,SCA,B1GQ,EA19,2018-Q1,2896188.2
Q,CP_MEUR,SCA,B1GQ,EA19,2018-Q2,2917509.1
Q,CP_MEUR,SCA,B1GQ,EA19,2018-Q3,2936892.2
Q,CP_MEUR,SCA,B1GQ,EA19,2018-Q4,2967422.4
Q,CP_MEUR,SCA,B1GQ,EA19,2019-Q1,2999329.4
Q,CP_MEUR,SCA,B1GQ,EA19,2019-Q2,3019288.9
Q,CP_MEUR,SCA,B1GQ,EA19,2019-Q3,3042240.2
Q,CP_MEUR,SCA,B1GQ,EA19,2019-Q4,3053492.9
Q,CP_MEUR,SCA,B1GQ,EA19,2020-Q1,2973979.8
Q,CP_MEUR,SCA,B1GQ,EA19,2020-Q2,2673202
Q,CP_MEUR,SCA,B1GQ,EA19,2020-Q3,2952377
Q,CP_MEUR,SCA,B1GQ,EA19,2020-Q4,2983336.7
Q,CP_MEUR,SCA,B1GQ,EA19,2021-Q1,3026106.1
Q,CP_MEUR,SCA,B1GQ,EA19,2021-Q2,3102318.1
Q,CP_MEUR,SCA,B1GQ,EA19,2021-Q3,3194915.1
Q,CP_MEUR,SCA,B1GQ,EA19,2021-Q4,3251540.1
Q,CP_MEUR,SCA,B1GQ,EA19,2022-Q1,3329349.3
Q,CP_MEUR,SCA,B1GQ,EA19,2022-Q2,3399780.7
Q,CP_MEUR,SCA,B1GQ,EA19,2022-Q3,3457954.8
Q,CP_MEUR,SCA,B1GQ,EA19,2022-Q4,3517950.5
Q,CP_MEUR,SCA,B1GQ,EA19,2023-Q1,3596791.5
Q,CP_MEUR,SCA,B1GQ,EA19,2023-Q2,3644481
Q,CP_MEUR,SCA,B1GQ,EA19,2023-Q3,3674949.9
Q,CP_MEUR,SCA,B1GQ,EA19,2023-Q4,3714576.7
Q,CP_MEUR,SCA,B1GQ,EA19,2024-Q1,3758245.7
Q,CP_MEUR,SCA,B1GQ,EA19,2024-Q2,3779807.4
Q,CP_MEUR,SCA,B1GQ,EA19,2024-Q3,3819080.9
Q,CP_MEUR,SCA,B1GQ,EA19,2024-Q4,3856985
Q,CP_MEUR,SCA,B1GQ,EA19,2025-Q1,3901860.4
Q,CP_MEUR,SCA,B1GQ,EA19,2025-Q2,3922167.8
Q,CP_MEUR,SCA,B1GQ,EA19,2025-Q3,3951741.6
Q,CP_MEUR,SCA,B1GQ,EA19,2025-Q4,3995829.6
Q,CP_MEUR,SCA,B1GQ,EA19,2026-Q1,4012192.7
Q,CP_MEUR,SCA,B1GQ,EA19,2026-Q2,4061873.6
Q,CP_MEUR,SCA,B1GQ,EA12,1978-Q1,
Q,CP_MEUR,SCA,B1GQ,EA12,1978-Q2,
Q,CP_MEUR,SCA,B1GQ,EA12,1978-Q3,
Q,CP_MEUR,SCA,B1GQ,EA12,1978-Q4,
Q,CP_MEUR,SCA,B1GQ,EA12,1979-Q1,
Q,CP_MEUR,SCA,B1GQ,EA12,1979-Q2,
Q,CP_MEUR,SCA,B1GQ,EA12,1979-Q3,
Q,CP_MEUR,SCA,B1GQ,EA12,1979-Q4,
Q,CP_MEUR,SCA,B1GQ,EA12,1980-Q1,
Q,CP_MEUR,SCA,B1GQ,EA12,1980-Q2,
Q,CP_MEUR,SCA,B1GQ,EA12,1980-Q3,
Q,CP_MEUR,SCA,B1GQ,EA12,1980-Q4,
Q,CP_MEUR,SCA,B1GQ,EA12,1981-Q1,
Q,CP_MEUR,SCA,B1GQ,EA12,1981-Q2,
Q,CP_MEUR,SCA,B1GQ,EA12,1981-Q3,
Q,CP_MEUR,SCA,B1GQ,EA12,1981-Q4,
Q,CP_MEUR,SCA,B1GQ,EA12,1982-Q1,
Q,CP_MEUR,SCA,B1GQ,EA12,1982-Q2,
Q,CP_MEUR,SCA,B1GQ,EA12,1982-Q3,
Q,CP_MEUR,SCA,B1GQ,EA12,1982-Q4,
Q,CP_MEUR,SCA,B1GQ,EA12,1983-Q1,
Q,CP_MEUR,SCA,B1GQ,EA12,1983-Q2,
Q,CP_MEUR,SCA,B1GQ,EA12,1983-Q3,
Q,CP_MEUR,SCA,B1GQ,EA12,1983-Q4,
Q,CP_MEUR,SCA,B1GQ,EA12,1984-Q1,
Q,CP_MEUR,SCA,B1GQ,EA12,1984-Q2,
Q,CP_MEUR,SCA,B1GQ,EA12,1984-Q3,
Q,CP_MEUR,SCA,B1GQ,EA12,1984-Q4,
Q,CP_MEUR,SCA,B1GQ,EA12,1985-Q1,
Q,CP_MEUR,SCA,B1GQ,EA12,1985-Q2,
Q,CP_MEUR,SCA,B1GQ,EA12,1985-Q3,
Q,CP_MEUR,SCA,B1GQ,EA12,1985-Q4,
Q,CP_MEUR,SCA,B1GQ,EA12,1986-Q1,
Q,CP_MEUR,SCA,B1GQ,EA12,1986-Q2,
Q,CP_MEUR,SCA,B1GQ,EA12,1986-Q3,
Q,CP_MEUR,SCA,B1GQ,EA12,1986-Q4,
Q,CP_MEUR,SCA,B1GQ,EA12,1987-Q1,
Q,CP_MEUR,SCA,B1GQ,EA12,1987-Q2,
Q,CP_MEUR,SCA,B1GQ,EA12,1987-Q3,
Q,CP_MEUR,SCA,B1GQ,EA12,1987-Q4,
Q,CP_MEUR,SCA,B1GQ,EA12,1988-Q1,
Q,CP_MEUR,SCA,B1GQ,EA12,1988-Q2,
Q,CP_MEUR,SCA,B1GQ,EA12,1988-Q3,
Q,CP_MEUR,SCA,B1GQ,EA12,1988-Q4,
Q,CP_MEUR,SCA,B1GQ,EA12,1989-Q1,
Q,CP_MEUR,SCA,B1GQ,EA12,1989-Q2,
Q,CP_MEUR,SCA,B1GQ,EA12,1989-Q3,
Q,CP_MEUR,SCA,B1GQ,EA12,1989-Q4,
Q,CP_MEUR,SCA,B1GQ,EA12,1990-Q1,
Q,CP_MEUR,SCA,B1GQ,EA12,1990-Q2,
Q,CP_MEUR,SCA,B1GQ,EA12,1990-Q3,
Q,CP_MEUR,SCA,B1GQ,EA12,1990-Q4,
Q,CP_MEUR,SCA,B1GQ,EA12,1991-Q1,
Q,CP_MEUR,SCA,B1GQ,EA12,1991-Q2,
Q,CP_MEUR,SCA,B1GQ,EA12,1991-Q3,
Q,CP_MEUR,SCA,B1GQ,EA12,1991-Q4,
Q,CP_MEUR,SCA,B1GQ,EA12,1992-Q1,
Q,CP_MEUR,SCA,B1GQ,EA12,1992-Q2,
Q,CP_MEUR,SCA,B1GQ,EA12,1992-Q3,
Q,CP_MEUR,SCA,B1GQ,EA12,1992-Q4,
Q,CP_MEUR,SCA,B1GQ,EA12,1993-Q1,
Q,CP_MEUR,SCA,B1GQ,EA12,1993-Q2,
Q,CP_MEUR,SCA,B1GQ,EA12,1993-Q3,
Q,CP_MEUR,SCA,B1GQ,EA12,1993-Q4,
Q,CP_MEUR,SCA,B1GQ,EA12,1994-Q1,
Q,CP_MEUR,SCA,B1GQ,EA12,1994-Q2,
Q,CP_MEUR,SCA,B1GQ,EA12,1994-Q3,
Q,CP_MEUR,SCA,B1GQ,EA12,1994-Q4,
Q,CP_MEUR,SCA,B1GQ,EA12,1995-Q1,1396186.3
Q,CP_MEUR,SCA,B1GQ,EA12,1995-Q2,1412692.8
Q,CP_MEUR,SCA,B1GQ,EA12,1995-Q3,1434658.6
Q,CP_MEUR,SCA,B1GQ,EA12,1995-Q4,1448639.9
Q,CP_MEUR,SCA,B1GQ,EA12,1996-Q1,1461315
Q,CP_MEUR,SCA,B1GQ,EA12,1996-Q2,1478437.4
Q,CP_MEUR,SCA,B1GQ,EA12,1996-Q3,1491204.2
Q,CP_MEUR,SCA,B1GQ,EA12,1996-Q4,1496556.6
Q,CP_MEUR,SCA,B1GQ,EA12,1997-Q1,1493397.8
Q,CP_MEUR,SCA,B1GQ,EA12,1997-Q2,1507228.1
Q,CP_MEUR,SCA,B1GQ,EA12,1997-Q3,1520990.7
Q,CP_MEUR,SCA,B1GQ,EA12,1997-Q4,1545441.9
Q,CP_MEUR,SCA,B1GQ,EA12,1998-Q1,1551446.2
Q,CP_MEUR,SCA,B1GQ,EA12,1998-Q2,1566250.9
Q,CP_MEUR,SCA,B1GQ,EA12,1998-Q3,1581870.4
Q,CP_MEUR,SCA,B1GQ,EA12,1998-Q4,1603688.1
Q,CP_MEUR,SCA,B1GQ,EA12,1999-Q1,1623661.9
Q,CP_MEUR,SCA,B1GQ,EA12,1999-Q2,1634789.1
Q,CP_MEUR,SCA,B1GQ,EA12,1999-Q3,1657627.7
Q,CP_MEUR,SCA,B1GQ,EA12,1999-Q4,1680033.8
Q,CP_MEUR,SCA,B1GQ,EA12,2000-Q1,1709071.3
Q,CP_MEUR,SCA,B1GQ,EA12,2000-Q2,1728651.5
Q,CP_MEUR,SCA,B1GQ,EA12,2000-Q3,1748865.5
Q,CP_MEUR,SCA,B1GQ,EA12,2000-Q4,1767204.9
Q,CP_MEUR,SCA,B1GQ,EA12,2001-Q1,1800024.9
Q,CP_MEUR,SCA,B1GQ,EA12,2001-Q2,1811910.1
Q,CP_MEUR,SCA,B1GQ,EA12,2001-Q3,1826676.1
Q,CP_MEUR,SCA,B1GQ,EA12,2001-Q4,1840281.1
Q,CP_MEUR,SCA,B1GQ,EA12,2002-Q1,1855427.5
Q,CP_MEUR,SCA,B1GQ,EA12,2002-Q2,1871622.8
Q,CP_MEUR,SCA,B1GQ,EA12,2002-Q3,1892441.3
Q,CP_MEUR,SCA,B1GQ,EA12,2002-Q4,1904260.3
Q,CP_MEUR,SCA,B1GQ,EA12,2003-Q1,1910636.4
Q,CP_MEUR,SCA,B1GQ,EA12,2003-Q2,1921863.1
Q,CP_MEUR,SCA,B1GQ,EA12,2003-Q3,1946119.4
Q,CP_MEUR,SCA,B1GQ,EA12,2003-Q4,1962622.3
Q,CP_MEUR,SCA,B1GQ,EA12,2004-Q1,1981715.3
Q,CP_MEUR,SCA,B1GQ,EA12,2004-Q2,2005931.6
Q,CP_MEUR,SCA,B1GQ,EA12,2004-Q3,2018987.2
Q,CP_MEUR,SCA,B1GQ,EA12,2004-Q4,2038738.8
Q,CP_MEUR,SCA,B1GQ,EA12,2005-Q1,2051096.4
Q,CP_MEUR,SCA,B1GQ,EA12,2005-Q2,2072060.9
Q,CP_MEUR,SCA,B1GQ,EA12,2005-Q3,2097581.3
Q,CP_MEUR,SCA,B1GQ,EA12,2005-Q4,2124995.4
Q,CP_MEUR,SCA,B1GQ,EA12,2006-Q1,2150346.3
Q,CP_MEUR,SCA,B1GQ,EA12,2006-Q2,2187154.5
Q,CP_MEUR,SCA,B1GQ,EA12,2006-Q3,2210633.4
Q,CP_MEUR,SCA,B1GQ,EA12,2006-Q4,2246902.2
Q,CP_MEUR,SCA,B1GQ,EA12,2007-Q1,2280280.5
Q,CP_MEUR,SCA,B1GQ,EA12,2007-Q2,2304254.6
Q,CP_MEUR,SCA,B1GQ,EA12,2007-Q3,2324074.4
Q,CP_MEUR,SCA,B1GQ,EA12,2007-Q4,2351681.8
Q,CP_MEUR,SCA,B1GQ,EA12,2008-Q1,2376017.6
Q,CP_MEUR,SCA,B1GQ,EA12,2008-Q2,2379279.6
Q,CP_MEUR,SCA,B1GQ,EA12,2008-Q3,2371578.9
Q,CP_MEUR,SCA,B1GQ,EA12,2008-Q4,2338239.1
Q,CP_MEUR,SCA,B1GQ,EA12,2009-Q1,2276641.6
Q,CP_MEUR,SCA,B1GQ,EA12,2009-Q2,2278194.6
Q,CP_MEUR,SCA,B1GQ,EA12,2009-Q3,2289715.7
Q,CP_MEUR,SCA,B1GQ,EA12,2009-Q4,2305575.2
Q,CP_MEUR,SCA,B1GQ,EA12,2010-Q1,2316609.9
Q,CP_MEUR,SCA,B1GQ,EA12,2010-Q2,2342650.2
Q,CP_MEUR,SCA,B1GQ,EA12,2010-Q3,2361011.7
Q,CP_MEUR,SCA,B1GQ,EA12,2010-Q4,2378576.4
Q,CP_MEUR,SCA,B1GQ,EA12,2011-Q1,2410699.4
Q,CP_MEUR,SCA,B1GQ,EA12,2011-Q2,2414581.1
Q,CP_MEUR,SCA,B1GQ,EA12,2011-Q3,2422428.6
Q,CP_MEUR,SCA,B1GQ,EA12,2011-Q4,2421498.1
Q,CP_MEUR,SCA,B1GQ,EA12,2012-Q1,2425075.5
Q,CP_MEUR,SCA,B1GQ,EA12,2012-Q2,2422210.1
Q,CP_MEUR,SCA,B1GQ,EA12,2012-Q3,2429608.7
Q,CP_MEUR,SCA,B1GQ,EA12,2012-Q4,2423503.7
Q,CP_MEUR,SCA,B1GQ,EA12,2013-Q1,2429175.9
Q,CP_MEUR,SCA,B1GQ,EA12,2013-Q2,2450976.4
Q,CP_MEUR,SCA,B1GQ,EA12,2013-Q3,2461538.4
Q,CP_MEUR,SCA,B1GQ,EA12,2013-Q4,2468040.3
Q,CP_MEUR,SCA,B1GQ,EA12,2014-Q1,2491295.4
Q,CP_MEUR,SCA,B1GQ,EA12,2014-Q2,2502253.4
Q,CP_MEUR,SCA,B1GQ,EA12,2014-Q3,2518145.9
Q,CP_MEUR,SCA,B1GQ,EA12,2014-Q4,2535243.1
Q,CP_MEUR,SCA,B1GQ,EA12,2015-Q1,2567153.3
Q,CP_MEUR,SCA,B1GQ,EA12,2015-Q2,2589386.9
Q,CP_MEUR,SCA,B1GQ,EA12,2015-Q3,2610006.7
Q,CP_MEUR,SCA,B1GQ,EA12,2015-Q4,2626065.7
Q,CP_MEUR,SCA,B1GQ,EA12,2016-Q1,2644951.7
Q,CP_MEUR,SCA,B1GQ,EA12,2016-Q2,2654197.2
Q,CP_MEUR,SCA,B1GQ,EA12,2016-Q3,2674981.6
Q,CP_MEUR,SCA,B1GQ,EA12,2016-Q4,2697100.5
Q,CP_MEUR,SCA,B1GQ,EA12,2017-Q1,2727907.8
Q,CP_MEUR,SCA,B1GQ,EA12,2017-Q2,2758042.2
Q,CP_MEUR,SCA,B1GQ,EA12,2017-Q3,2784166.6
Q,CP_MEUR,SCA,B1GQ,EA12,2017-Q4,2817866.4
Q,CP_MEUR,SCA,B1GQ,EA12,2018-Q1,2830173.5
Q,CP_MEUR,SCA,B1GQ,EA12,2018-Q2,2850080.2
Q,CP_MEUR,SCA,B1GQ,EA12,2018-Q3,2868324.9
Q,CP_MEUR,SCA,B1GQ,EA12,2018-Q4,2897669.3
Q,CP_MEUR,SCA,B1GQ,EA12,2019-Q1,2928602.4
Q,CP_MEUR,SCA,B1GQ,EA12,2019-Q2,2947751.5
Q,CP_MEUR,SCA,B1GQ,EA12,2019-Q3,2969858.5
Q,CP_MEUR,SCA,B1GQ,EA12,2019-Q4,2980161.7
Q,CP_MEUR,SCA,B1GQ,EA12,2020-Q1,2901429.4
Q,CP_MEUR,SCA,B1GQ,EA12,2020-Q2,2606612.5
Q,CP_MEUR,SCA,B1GQ,EA12,2020-Q3,2879943.7
Q,CP_MEUR,SCA,B1GQ,EA12,2020-Q4,2909766.2
Q,CP_MEUR,SCA,B1GQ,EA12,2021-Q1,2950519.6
Q,CP_MEUR,SCA,B1GQ,EA12,2021-Q2,3024491.7
Q,CP_MEUR,SCA,B1GQ,EA12,2021-Q3,3114567.6
Q,CP_MEUR,SCA,B1GQ,EA12,2021-Q4,3168547.5
Q,CP_MEUR,SCA,B1GQ,EA12,2022-Q1,3244516
Q,CP_MEUR,SCA,B1GQ,EA12,2022-Q2,3312424.9
Q,CP_MEUR,SCA,B1GQ,EA12,2022-Q3,3367626.8
Q,CP_MEUR,SCA,B1GQ,EA12,2022-Q4,3426320.2
Q,CP_MEUR,SCA,B1GQ,EA12,2023-Q1,3500825.1
Q,CP_MEUR,SCA,B1GQ,EA12,2023-Q2,3547021.1
Q,CP_MEUR,SCA,B1GQ,EA12,2023-Q3,3576041.8
Q,CP_MEUR,SCA,B1GQ,EA12,2023-Q4,3613860.9
Q,CP_MEUR,SCA,B1GQ,EA12,2024-Q1,3656394.2
Q,CP_MEUR,SCA,B1GQ,EA12,2024-Q2,3676527.6
Q,CP_MEUR,SCA,B1GQ,EA12,2024-Q3,3714994.5
Q,CP_MEUR,SCA,B1GQ,EA12,2024-Q4,3751136.2
Q,CP_MEUR,SCA,B1GQ,EA12,2025-Q1,3794967.9
Q,CP_MEUR,SCA,B1GQ,EA12,2025-Q2,3813419.4
Q,CP_MEUR,SCA,B1GQ,EA12,2025-Q3,3841486.5
Q,CP_MEUR,SCA,B1GQ,EA12,2025-Q4,3883494.1
Q,CP_MEUR,SCA,B1GQ,EA12,2026-Q1,3898113.1
Q,CP_MEUR,SCA,B1GQ,EA12,2026-Q2,3945391.4
Q,CP_MEUR,SCA,B1GQ,BE,1978-Q1,
Q,CP_MEUR,SCA,B1GQ,BE,1978-Q2,
Q,CP_MEUR,SCA,B1GQ,BE,1978-Q3,
Q,CP_MEUR,SCA,B1GQ,BE,1978-Q4,
Q,CP_MEUR,SCA,B1GQ,BE,1979-Q1,
Q,CP_MEUR,SCA,B1GQ,BE,1979-Q2,
Q,CP_MEUR,SCA,B1GQ,BE,1979-Q3,
Q,CP_MEUR,SCA,B1GQ,BE,1979-Q4,
Q,CP_MEUR,SCA,B1GQ,BE,1980-Q1,
Q,CP_MEUR,SCA,B1GQ,BE,1980-Q2,
Q,CP_MEUR,SCA,B1GQ,BE,1980-Q3,
Q,CP_MEUR,SCA,B1GQ,BE,1980-Q4,
Q,CP_MEUR,SCA,B1GQ,BE,1981-Q1,
Q,CP_MEUR,SCA,B1GQ,BE,1981-Q2,
Q,CP_MEUR,SCA,B1GQ,BE,1981-Q3,
Q,CP_MEUR,SCA,B1GQ,BE,1981-Q4,
Q,CP_MEUR,SCA,B1GQ,BE,1982-Q1,
Q,CP_MEUR,SCA,B1GQ,BE,1982-Q2,
Q,CP_MEUR,SCA,B1GQ,BE,1982-Q3,
Q,CP_MEUR,SCA,B1GQ,BE,1982-Q4,
Q,CP_MEUR,SCA,B1GQ,BE,1983-Q1,
Q,CP_MEUR,SCA,B1GQ,BE,1983-Q2,
Q,CP_MEUR,SCA,B1GQ,BE,1983-Q3,
Q,CP_MEUR,SCA,B1GQ,BE,1983-Q4,
Q,CP_MEUR,SCA,B1GQ,BE,1984-Q1,
Q,CP_MEUR,SCA,B1GQ,BE,1984-Q2,
Q,CP_MEUR,SCA,B1GQ,BE,1984-Q3,
Q,CP_MEUR,SCA,B1GQ,BE,1984-Q4,
Q,CP_MEUR,SCA,B1GQ,BE,1985-Q1,
Q,CP_MEUR,SCA,B1GQ,BE,1985-Q2,
Q,CP_MEUR,SCA,B1GQ,BE,1985-Q3,
Q,CP_MEUR,SCA,B1GQ,BE,1985-Q4,
Q,CP_MEUR,SCA,B1GQ,BE,1986-Q1,
Q,CP_MEUR,SCA,B1GQ,BE,1986-Q2,
Q,CP_MEUR,SCA,B1GQ,BE,1986-Q3,
Q,CP_MEUR,SCA,B1GQ,BE,1986-Q4,
Q,CP_MEUR,SCA,B1GQ,BE,1987-Q1,
Q,CP_MEUR,SCA,B1GQ,BE,1987-Q2,
Q,CP_MEUR,SCA,B1GQ,BE,1987-Q3,
Q,CP_MEUR,SCA,B1GQ,BE,1987-Q4,
Q,CP_MEUR,SCA,B1GQ,BE,1988-Q1,
Q,CP_MEUR,SCA,B1GQ,BE,1988-Q2,
Q,CP_MEUR,SCA,B1GQ,BE,1988-Q3,
Q,CP_MEUR,SCA,B1GQ,BE,1988-Q4,
Q,CP_MEUR,SCA,B1GQ,BE,1989-Q1,
Q,CP_MEUR,SCA,B1GQ,BE,1989-Q2,
Q,CP_MEUR,SCA,B1GQ,BE,1989-Q3,
Q,CP_MEUR,SCA,B1GQ,BE,1989-Q4,
Q,CP_MEUR,SCA,B1GQ,BE,1990-Q1,
Q,CP_MEUR,SCA,B1GQ,BE,1990-Q2,
Q,CP_MEUR,SCA,B1GQ,BE,1990-Q3,
Q,CP_MEUR,SCA,B1GQ,BE,1990-Q4,
Q,CP_MEUR,SCA,B1GQ,BE,1991-Q1,
Q,CP_MEUR,SCA,B1GQ,BE,1991-Q2,
Q,CP_MEUR,SCA,B1GQ,BE,1991-Q3,
Q,CP_MEUR,SCA,B1GQ,BE,1991-Q4,
Q,CP_MEUR,SCA,B1GQ,BE,1992-Q1,
Q,CP_MEUR,SCA,B1GQ,BE,1992-Q2,
Q,CP_MEUR,SCA,B1GQ,BE,1992-Q3,
Q,CP_MEUR,SCA,B1GQ,BE,1992-Q4,
Q,CP_MEUR,SCA,B1GQ,BE,1993-Q1,
Q,CP_MEUR,SCA,B1GQ,BE,1993-Q2,
Q,CP_MEUR,SCA,B1GQ,BE,1993-Q3,
Q,CP_MEUR,SCA,B1GQ,BE,1993-Q4,
Q,CP_MEUR,SCA,B1GQ,BE,1994-Q1,
Q,CP_MEUR,SCA,B1GQ,BE,1994-Q2,
Q,CP_MEUR,SCA,B1GQ,BE,1994-Q3,
Q,CP_MEUR,SCA,B1GQ,BE,1994-Q4,
Q,CP_MEUR,SCA,B1GQ,BE,1995-Q1,54342.8
Q,CP_MEUR,SCA,B1GQ,BE,1995-Q2,55316.5
Q,CP_MEUR,SCA,B1GQ,BE,1995-Q3,55274.6
Q,CP_MEUR,SCA,B1GQ,BE,1995-Q4,55358.3
Q,CP_MEUR,SCA,B1GQ,BE,1996-Q1,55226.8
Q,CP_MEUR,SCA,B1GQ,BE,1996-Q2,54794
Q,CP_MEUR,SCA,B1GQ,BE,1996-Q3,55031.5
Q,CP_MEUR,SCA,B1GQ,BE,1996-Q4,54920.3
Q,CP_MEUR,SCA,B1GQ,BE,1997-Q1,54790.9
Q,CP_MEUR,SCA,B1GQ,BE,1997-Q2,55615.7
Q,CP_MEUR,SCA,B1GQ,BE,1997-Q3,55996.4
Q,CP_MEUR,SCA,B1GQ,BE,1997-Q4,56645.4
Q,CP_MEUR,SCA,B1GQ,BE,1998-Q1,56928.9
Q,CP_MEUR,SCA,B1GQ,BE,1998-Q2,57506.7
Q,CP_MEUR,SCA,B1GQ,BE,1998-Q3,58071.6
Q,CP_MEUR,SCA,B1GQ,BE,1998-Q4,58498.5
Q,CP_MEUR,SCA,B1GQ,BE,1999-Q1,59147.3
Q,CP_MEUR,SCA,B1GQ,BE,1999-Q2,59977.6
Q,CP_MEUR,SCA,B1GQ,BE,1999-Q3,60992.9
Q,CP_MEUR,SCA,B1GQ,BE,1999-Q4,62189.8
Q,CP_MEUR,SCA,B1GQ,BE,2000-Q1,62979.7
Q,CP_MEUR,SCA,B1GQ,BE,2000-Q2,63734.3
Q,CP_MEUR,SCA,B1GQ,BE,2000-Q3,64321.7
Q,CP_MEUR,SCA,B1GQ,BE,2000-Q4,65340.7
Q,CP_MEUR,SCA,B1GQ,BE,2001-Q1,65254.8
Q,CP_MEUR,SCA,B1GQ,BE,2001-Q2,66230.2
Q,CP_MEUR,SCA,B1GQ,BE,2001-Q3,66316.8
Q,CP_MEUR,SCA,B1GQ,BE,2001-Q4,66533
Q,CP_MEUR,SCA,B1GQ,BE,2002-Q1,67280.9
Q,CP_MEUR,SCA,B1GQ,BE,2002-Q2,68026.5
Q,CP_MEUR,SCA,B1GQ,BE,2002-Q3,68680.7
Q,CP_MEUR,SCA,B1GQ,BE,2002-Q4,69267.8
Q,CP_MEUR,SCA,B1GQ,BE,2003-Q1,69338.9
Q,CP_MEUR,SCA,B1GQ,BE,2003-Q2,69948.7
Q,CP_MEUR,SCA,B1GQ,BE,2003-Q3,70520.6
Q,CP_MEUR,SCA,B1GQ,BE,2003-Q4,71392
Q,CP_MEUR,SCA,B1GQ,BE,2004-Q1,72890
Q,CP_MEUR,SCA,B1GQ,BE,2004-Q2,73663.3
Q,CP_MEUR,SCA,B1GQ,BE,2004-Q3,74770.3
Q,CP_MEUR,SCA,B1GQ,BE,2004-Q4,75496.1
Q,CP_MEUR,SCA,B1GQ,BE,2005-Q1,76091.6
Q,CP_MEUR,SCA,B1GQ,BE,2005-Q2,77011.6
Q,CP_MEUR,SCA,B1GQ,BE,2005-Q3,77810.7
Q,CP_MEUR,SCA,B1GQ,BE,2005-Q4,79123.7
Q,CP_MEUR,SCA,B1GQ,BE,2006-Q1,80029.2
Q,CP_MEUR,SCA,B1GQ,BE,2006-Q2,80491.3
Q,CP_MEUR,SCA,B1GQ,BE,2006-Q3,81646
Q,CP_MEUR,SCA,B1GQ,BE,2006-Q4,82984.9
Q,CP_MEUR,SCA,B1GQ,BE,2007-Q1,84905.9
Q,CP_MEUR,SCA,B1GQ,BE,2007-Q2,85519.8
Q,CP_MEUR,SCA,B1GQ,BE,2007-Q3,86221.5
Q,CP_MEUR,SCA,B1GQ,BE,2007-Q4,86971.7
Q,CP_MEUR,SCA,B1GQ,BE,2008-Q1,87981.6
Q,CP_MEUR,SCA,B1GQ,BE,2008-Q2,88599.7
Q,CP_MEUR,SCA,B1GQ,BE,2008-Q3,88571.5
Q,CP_MEUR,SCA,B1GQ,BE,2008-Q4,86590.2
Q,CP_MEUR,SCA,B1GQ,BE,2009-Q1,85668.8
Q,CP_MEUR,SCA,B1GQ,BE,2009-Q2,86040.4
Q,CP_MEUR,SCA,B1GQ,BE,2009-Q3,87777.6
Q,CP_MEUR,SCA,B1GQ,BE,2009-Q4,88248.1
Q,CP_MEUR,SCA,B1GQ,BE,2010-Q1,88887.8
Q,CP_MEUR,SCA,B1GQ,BE,2010-Q2,90639
Q,CP_MEUR,SCA,B1GQ,BE,2010-Q3,91388.8
Q,CP_MEUR,SCA,B1GQ,BE,2010-Q4,92326.8
Q,CP_MEUR,SCA,B1GQ,BE,2011-Q1,93724.5
Q,CP_MEUR,SCA,B1GQ,BE,2011-Q2,94429.8
Q,CP_MEUR,SCA,B1GQ,BE,2011-Q3,95030.2
Q,CP_MEUR,SCA,B1GQ,BE,2011-Q4,95560.9
Q,CP_MEUR,SCA,B1GQ,BE,2012-Q1,96667.6
Q,CP_MEUR,SCA,B1GQ,BE,2012-Q2,96798
Q,CP_MEUR,SCA,B1GQ,BE,2012-Q3,97107.1
Q,CP_MEUR,SCA,B1GQ,BE,2012-Q4,97362.3
Q,CP_MEUR,SCA,B1GQ,BE,2013-Q1,97547.8
Q,CP_MEUR,SCA,B1GQ,BE,2013-Q2,98529.8
Q,CP_MEUR,SCA,B1GQ,BE,2013-Q3,98908.2
Q,CP_MEUR,SCA,B1GQ,BE,2013-Q4,99630.4
Q,CP_MEUR,SCA,B1GQ,BE,2014-Q1,100380.8
Q,CP_MEUR,SCA,B1GQ,BE,2014-Q2,100596.3
Q,CP_MEUR,SCA,B1GQ,BE,2014-Q3,101783.9
Q,CP_MEUR,SCA,B1GQ,BE,2014-Q4,102197.3
Q,CP_MEUR,SCA,B1GQ,BE,2015-Q1,102890.4
Q,CP_MEUR,SCA,B1GQ,BE,2015-Q2,103522.7
Q,CP_MEUR,SCA,B1GQ,BE,2015-Q3,104228.8
Q,CP_MEUR,SCA,B1GQ,BE,2015-Q4,104896.1
Q,CP_MEUR,SCA,B1GQ,BE,2016-Q1,105098.2
Q,CP_MEUR,SCA,B1GQ,BE,2016-Q2,107231.7
Q,CP_MEUR,SCA,B1GQ,BE,2016-Q3,107699.9
Q,CP_MEUR,SCA,B1GQ,BE,2016-Q4,108437.3
Q,CP_MEUR,SCA,B1GQ,BE,2017-Q1,109947.4
Q,CP_MEUR,SCA,B1GQ,BE,2017-Q2,110720.9
Q,CP_MEUR,SCA,B1GQ,BE,2017-Q3,110816.5
Q,CP_MEUR,SCA,B1GQ,BE,2017-Q4,111922.3
Q,CP_MEUR,SCA,B1GQ,BE,2018-Q1,112827.8
Q,CP_MEUR,SCA,B1GQ,BE,2018-Q2,114466.8
Q,CP_MEUR,SCA,B1GQ,BE,2018-Q3,115057.3
Q,CP_MEUR,SCA,B1GQ,BE,2018-Q4,117139.9
Q,CP_MEUR,SCA,B1GQ,BE,2019-Q1,117566
Q,CP_MEUR,SCA,B1GQ,BE,2019-Q2,119006.3
Q,CP_MEUR,SCA,B1GQ,BE,2019-Q3,120762.4
Q,CP_MEUR,SCA,B1GQ,BE,2019-Q4,122110.3
Q,CP_MEUR,SCA,B1GQ,BE,2020-Q1,119326.1
Q,CP_MEUR,SCA,B1GQ,BE,2020-Q2,105828.8
Q,CP_MEUR,SCA,B1GQ,BE,2020-Q3,119016.7
Q,CP_MEUR,SCA,B1GQ,BE,2020-Q4,119579.4
Q,CP_MEUR,SCA,B1GQ,BE,2021-Q1,121990.5
Q,CP_MEUR,SCA,B1GQ,BE,2021-Q2,124536.4
Q,CP_MEUR,SCA,B1GQ,BE,2021-Q3,127976.9
Q,CP_MEUR,SCA,B1GQ,BE,2021-Q4,131543.4
Q,CP_MEUR,SCA,B1GQ,BE,2022-Q1,134810
Q,CP_MEUR,SCA,B1GQ,BE,2022-Q2,138669.1
Q,CP_MEUR,SCA,B1GQ,BE,2022-Q3,142468.3
Q,CP_MEUR,SCA,B1GQ,BE,2022-Q4,145730.8
Q,CP_MEUR,SCA,B1GQ,BE,2023-Q1,148725.7
Q,CP_MEUR,SCA,B1GQ,BE,2023-Q2,150312.3
Q,CP_MEUR,SCA,B1GQ,BE,2023-Q3,150950.9
Q,CP_MEUR,SCA,B1GQ,BE,2023-Q4,151877.6
Q,CP_MEUR,SCA,B1GQ,BE,2024-Q1,153312.6
Q,CP_MEUR,SCA,B1GQ,BE,2024-Q2,154132.3
Q,CP_MEUR,SCA,B1GQ,BE,2024-Q3,156023.8
Q,CP_MEUR,SCA,B1GQ,BE,2024-Q4,156445.6
Q,CP_MEUR,SCA,B1GQ,BE,2025-Q1,158602.8
Q,CP_MEUR,SCA,B1GQ,BE,2025-Q2,160016.4
Q,CP_MEUR,SCA,B1GQ,BE,2025-Q3,161145
Q,CP_MEUR,SCA,B1GQ,BE,2025-Q4,162251.1
Q,CP_MEUR,SCA,B1GQ,BE,2026-Q1,163989.6
Q,CP_MEUR,SCA,B1GQ,BE,2026-Q2,166010
Q,CP_MEUR,SCA,B1GQ,BG,1978-Q1,
Q,CP_MEUR,SCA,B1GQ,BG,1978-Q2,
Q,CP_MEUR,SCA,B1GQ,BG,1978-Q3,
Q,CP_MEUR,SCA,B1GQ,BG,1978-Q4,
Q,CP_MEUR,SCA,B1GQ,BG,1979-Q1,
Q,CP_MEUR,SCA,B1GQ,BG,1979-Q2,
Q,CP_MEUR,SCA,B1GQ,BG,1979-Q3,
Q,CP_MEUR,SCA,B1GQ,BG,1979-Q4,
Q,CP_MEUR,SCA,B1GQ,BG,1980-Q1,
Q,CP_MEUR,SCA,B1GQ,BG,1980-Q2,
Q,CP_MEUR,SCA,B1GQ,BG,1980-Q3,
Q,CP_MEUR,SCA,B1GQ,BG,1980-Q4,
Q,CP_MEUR,SCA,B1GQ,BG,1981-Q1,
Q,CP_MEUR,SCA,B1GQ,BG,1981-Q2,
Q,CP_MEUR,SCA,B1GQ,BG,1981-Q3,
Q,CP_MEUR,SCA,B1GQ,BG,1981-Q4,
Q,CP_MEUR,SCA,B1GQ,BG,1982-Q1,
Q,CP_MEUR,SCA,B1GQ,BG,1982-Q2,
Q,CP_MEUR,SCA,B1GQ,BG,1982-Q3,
Q,CP_MEUR,SCA,B1GQ,BG,1982-Q4,
Q,CP_MEUR,SCA,B1GQ,BG,1983-Q1,
Q,CP_MEUR,SCA,B1GQ,BG,1983-Q2,
Q,CP_MEUR,SCA,B1GQ,BG,1983-Q3,
Q,CP_MEUR,SCA,B1GQ,BG,1983-Q4,
Q,CP_MEUR,SCA,B1GQ,BG,1984-Q1,
Q,CP_MEUR,SCA,B1GQ,BG,1984-Q2,
Q,CP_MEUR,SCA,B1GQ,BG,1984-Q3,
Q,CP_MEUR,SCA,B1GQ,BG,1984-Q4,
Q,CP_MEUR,SCA,B1GQ,BG,1985-Q1,
Q,CP_MEUR,SCA,B1GQ,BG,1985-Q2,
Q,CP_MEUR,SCA,B1GQ,BG,1985-Q3,
Q,CP_MEUR,SCA,B1GQ,BG,1985-Q4,
Q,CP_MEUR,SCA,B1GQ,BG,1986-Q1,
Q,CP_MEUR,SCA,B1GQ,BG,1986-Q2,
Q,CP_MEUR,SCA,B1GQ,BG,1986-Q3,
Q,CP_MEUR,SCA,B1GQ,BG,1986-Q4,
Q,CP_MEUR,SCA,B1GQ,BG,1987-Q1,
Q,CP_MEUR,SCA,B1GQ,BG,1987-Q2,
Q,CP_MEUR,SCA,B1GQ,BG,1987-Q3,
Q,CP_MEUR,SCA,B1GQ,BG,1987-Q4,
Q,CP_MEUR,SCA,B1GQ,BG,1988-Q1,
Q,CP_MEUR,SCA,B1GQ,BG,1988-Q2,
Q,CP_MEUR,SCA,B1GQ,BG,1988-Q3,
Q,CP_MEUR,SCA,B1GQ,BG,1988-Q4,
Q,CP_MEUR,SCA,B1GQ,BG,1989-Q1,
Q,CP_MEUR,SCA,B1GQ,BG,1989-Q2,
Q,CP_MEUR,SCA,B1GQ,BG,1989-Q3,
Q,CP_MEUR,SCA,B1GQ,BG,1989-Q4,
Q,CP_MEUR,SCA,B1GQ,BG,1990-Q1,
Q,CP_MEUR,SCA,B1GQ,BG,1990-Q2,
Q,CP_MEUR,SCA,B1GQ,BG,1990-Q3,
Q,CP_MEUR,SCA,B1GQ,BG,1990-Q4,
Q,CP_MEUR,SCA,B1GQ,BG,1991-Q1,
Q,CP_MEUR,SCA,B1GQ,BG,1991-Q2,
Q,CP_MEUR,SCA,B1GQ,BG,1991-Q3,
Q,CP_MEUR,SCA,B1GQ,BG,1991-Q4,
Q,CP_MEUR,SCA,B1GQ,BG,1992-Q1,
Q,CP_MEUR,SCA,B1GQ,BG,1992-Q2,
Q,CP_MEUR,SCA,B1GQ,BG,1992-Q3,
Q,CP_MEUR,SCA,B1GQ,BG,1992-Q4,
Q,CP_MEUR,SCA,B1GQ,BG,1993-Q1,
Q,CP_MEUR,SCA,B1GQ,BG,1993-Q2,
Q,CP_MEUR,SCA,B1GQ,BG,1993-Q3,
Q,CP_MEUR,SCA,B1GQ,BG,1993-Q4,
Q,CP_MEUR,SCA,B1GQ,BG,1994-Q1,
Q,CP_MEUR,SCA,B1GQ,BG,1994-Q2,
Q,CP_MEUR,SCA,B1GQ,BG,1994-Q3,
Q,CP_MEUR,SCA,B1GQ,BG,1994-Q4,
Q,CP_MEUR,SCA,B1GQ,BG,1995-Q1,3173.9
Q,CP_MEUR,SCA,B1GQ,BG,1995-Q2,3162.1
Q,CP_MEUR,SCA,B1GQ,BG,1995-Q3,3797.8
Q,CP_MEUR,SCA,B1GQ,BG,1995-Q4,4338.5
Q,CP_MEUR,SCA,B1GQ,BG,1996-Q1,3755.9
Q,CP_MEUR,SCA,B1GQ,BG,1996-Q2,2562.1
Q,CP_MEUR,SCA,B1GQ,BG,1996-Q3,2299.9
Q,CP_MEUR,SCA,B1GQ,BG,1996-Q4,2244.5
Q,CP_MEUR,SCA,B1GQ,BG,1997-Q1,1189.1
Q,CP_MEUR,SCA,B1GQ,BG,1997-Q2,2194.9
Q,CP_MEUR,SCA,B1GQ,BG,1997-Q3,3321.3
Q,CP_MEUR,SCA,B1GQ,BG,1997-Q4,3230
Q,CP_MEUR,SCA,B1GQ,BG,1998-Q1,2814
Q,CP_MEUR,SCA,B1GQ,BG,1998-Q2,2981.9
Q,CP_MEUR,SCA,B1GQ,BG,1998-Q3,3750.9
Q,CP_MEUR,SCA,B1GQ,BG,1998-Q4,3895.9
Q,CP_MEUR,SCA,B1GQ,BG,1999-Q1,2591.2
Q,CP_MEUR,SCA,B1GQ,BG,1999-Q2,2840.5
Q,CP_MEUR,SCA,B1GQ,BG,1999-Q3,3658.3
Q,CP_MEUR,SCA,B1GQ,BG,1999-Q4,3714.3
Q,CP_MEUR,SCA,B1GQ,BG,2000-Q1,3420.6
Q,CP_MEUR,SCA,B1GQ,BG,2000-Q2,3489.1
Q,CP_MEUR,SCA,B1GQ,BG,2000-Q3,3651.7
Q,CP_MEUR,SCA,B1GQ,BG,2000-Q4,3792.8
Q,CP_MEUR,SCA,B1GQ,BG,2001-Q1,3819.8
Q,CP_MEUR,SCA,B1GQ,BG,2001-Q2,3907.7
Q,CP_MEUR,SCA,B1GQ,BG,2001-Q3,4036.5
Q,CP_MEUR,SCA,B1GQ,BG,2001-Q4,4101
Q,CP_MEUR,SCA,B1GQ,BG,2002-Q1,4239.7
Q,CP_MEUR,SCA,B1GQ,BG,2002-Q2,4323.8
Q,CP_MEUR,SCA,B1GQ,BG,2002-Q3,4396.6
Q,CP_MEUR,SCA,B1GQ,BG,2002-Q4,4487.4
Q,CP_MEUR,SCA,B1GQ,BG,2003-Q1,4507.7
Q,CP_MEUR,SCA,B1GQ,BG,2003-Q2,4613.8
Q,CP_MEUR,SCA,B1GQ,BG,2003-Q3,4757.1
Q,CP_MEUR,SCA,B1GQ,BG,2003-Q4,4877.6
Q,CP_MEUR,SCA,B1GQ,BG,2004-Q1,5078.8
Q,CP_MEUR,SCA,B1GQ,BG,2004-Q2,5190.8
Q,CP_MEUR,SCA,B1GQ,BG,2004-Q3,5344.7
Q,CP_MEUR,SCA,B1GQ,BG,2004-Q4,5433.1
Q,CP_MEUR,SCA,B1GQ,BG,2005-Q1,5734.8
Q,CP_MEUR,SCA,B1GQ,BG,2005-Q2,5911.9
Q,CP_MEUR,SCA,B1GQ,BG,2005-Q3,6054.6
Q,CP_MEUR,SCA,B1GQ,BG,2005-Q4,6269.4
Q,CP_MEUR,SCA,B1GQ,BG,2006-Q1,6372.1
Q,CP_MEUR,SCA,B1GQ,BG,2006-Q2,6677.6
Q,CP_MEUR,SCA,B1GQ,BG,2006-Q3,6996.7
Q,CP_MEUR,SCA,B1GQ,BG,2006-Q4,7243.1
Q,CP_MEUR,SCA,B1GQ,BG,2007-Q1,7780.6
Q,CP_MEUR,SCA,B1GQ,BG,2007-Q2,7817.2
Q,CP_MEUR,SCA,B1GQ,BG,2007-Q3,8206.7
Q,CP_MEUR,SCA,B1GQ,BG,2007-Q4,8549.5
Q,CP_MEUR,SCA,B1GQ,BG,2008-Q1,8936.4
Q,CP_MEUR,SCA,B1GQ,BG,2008-Q2,9204.4
Q,CP_MEUR,SCA,B1GQ,BG,2008-Q3,9501.8
Q,CP_MEUR,SCA,B1GQ,BG,2008-Q4,9486.1
Q,CP_MEUR,SCA,B1GQ,BG,2009-Q1,9343.6
Q,CP_MEUR,SCA,B1GQ,BG,2009-Q2,9503.5
Q,CP_MEUR,SCA,B1GQ,BG,2009-Q3,9206.6
Q,CP_MEUR,SCA,B1GQ,BG,2009-Q4,9357.9
Q,CP_MEUR,SCA,B1GQ,BG,2010-Q1,9046.5
Q,CP_MEUR,SCA,B1GQ,BG,2010-Q2,9405.6
Q,CP_MEUR,SCA,B1GQ,BG,2010-Q3,9576.8
Q,CP_MEUR,SCA,B1GQ,BG,2010-Q4,10131.7
Q,CP_MEUR,SCA,B1GQ,BG,2011-Q1,10504.1
Q,CP_MEUR,SCA,B1GQ,BG,2011-Q2,10538.1
Q,CP_MEUR,SCA,B1GQ,BG,2011-Q3,10462.6
Q,CP_MEUR,SCA,B1GQ,BG,2011-Q4,10006.2
Q,CP_MEUR,SCA,B1GQ,BG,2012-Q1,10341.6
Q,CP_MEUR,SCA,B1GQ,BG,2012-Q2,10631.6
Q,CP_MEUR,SCA,B1GQ,BG,2012-Q3,10604.7
Q,CP_MEUR,SCA,B1GQ,BG,2012-Q4,10585.8
Q,CP_MEUR,SCA,B1GQ,BG,2013-Q1,10577.5
Q,CP_MEUR,SCA,B1GQ,BG,2013-Q2,10404.9
Q,CP_MEUR,SCA,B1GQ,BG,2013-Q3,10357.3
Q,CP_MEUR,SCA,B1GQ,BG,2013-Q4,10676.3
Q,CP_MEUR,SCA,B1GQ,BG,2014-Q1,10321.4
Q,CP_MEUR,SCA,B1GQ,BG,2014-Q2,10514.1
Q,CP_MEUR,SCA,B1GQ,BG,2014-Q3,10999.5
Q,CP_MEUR,SCA,B1GQ,BG,2014-Q4,11045.2
Q,CP_MEUR,SCA,B1GQ,BG,2015-Q1,11130
Q,CP_MEUR,SCA,B1GQ,BG,2015-Q2,11560.7
Q,CP_MEUR,SCA,B1GQ,BG,2015-Q3,11401.7
Q,CP_MEUR,SCA,B1GQ,BG,2015-Q4,11637.5
Q,CP_MEUR,SCA,B1GQ,BG,2016-Q1,11957.5
Q,CP_MEUR,SCA,B1GQ,BG,2016-Q2,11952.2
Q,CP_MEUR,SCA,B1GQ,BG,2016-Q3,12247.2
Q,CP_MEUR,SCA,B1GQ,BG,2016-Q4,12516.9
Q,CP_MEUR,SCA,B1GQ,BG,2017-Q1,12701.6
Q,CP_MEUR,SCA,B1GQ,BG,2017-Q2,12947.2
Q,CP_MEUR,SCA,B1GQ,BG,2017-Q3,13213.7
Q,CP_MEUR,SCA,B1GQ,BG,2017-Q4,13536
Q,CP_MEUR,SCA,B1GQ,BG,2018-Q1,13325.3
Q,CP_MEUR,SCA,B1GQ,BG,2018-Q2,14009.4
Q,CP_MEUR,SCA,B1GQ,BG,2018-Q3,14345.2
Q,CP_MEUR,SCA,B1GQ,BG,2018-Q4,14207.8
Q,CP_MEUR,SCA,B1GQ,BG,2019-Q1,15115.3
Q,CP_MEUR,SCA,B1GQ,BG,2019-Q2,15453
Q,CP_MEUR,SCA,B1GQ,BG,2019-Q3,15095.7
Q,CP_MEUR,SCA,B1GQ,BG,2019-Q4,15527.6
Q,CP_MEUR,SCA,B1GQ,BG,2020-Q1,15448.8
Q,CP_MEUR,SCA,B1GQ,BG,2020-Q2,14782.1
Q,CP_MEUR,SCA,B1GQ,BG,2020-Q3,15623.2
Q,CP_MEUR,SCA,B1GQ,BG,2020-Q4,15950.9
Q,CP_MEUR,SCA,B1GQ,BG,2021-Q1,16909.7
Q,CP_MEUR,SCA,B1GQ,BG,2021-Q2,17143.6
Q,CP_MEUR,SCA,B1GQ,BG,2021-Q3,18250.4
Q,CP_MEUR,SCA,B1GQ,BG,2021-Q4,18803.8
Q,CP_MEUR,SCA,B1GQ,BG,2022-Q1,19960.9
Q,CP_MEUR,SCA,B1GQ,BG,2022-Q2,20844.8
Q,CP_MEUR,SCA,B1GQ,BG,2022-Q3,21895.1
Q,CP_MEUR,SCA,B1GQ,BG,2022-Q4,23010.7
Q,CP_MEUR,SCA,B1GQ,BG,2023-Q1,23425.8
Q,CP_MEUR,SCA,B1GQ,BG,2023-Q2,23087.6
Q,CP_MEUR,SCA,B1GQ,BG,2023-Q3,23307
Q,CP_MEUR,SCA,B1GQ,BG,2023-Q4,24653.4
Q,CP_MEUR,SCA,B1GQ,BG,2024-Q1,25588.3
Q,CP_MEUR,SCA,B1GQ,BG,2024-Q2,26172
Q,CP_MEUR,SCA,B1GQ,BG,2024-Q3,26102.3
Q,CP_MEUR,SCA,B1GQ,BG,2024-Q4,26796.1
Q,CP_MEUR,SCA,B1GQ,BG,2025-Q1,26832.9
Q,CP_MEUR,SCA,B1GQ,BG,2025-Q2,28393.1
Q,CP_MEUR,SCA,B1GQ,BG,2025-Q3,29933.7
Q,CP_MEUR,SCA,B1GQ,BG,2025-Q4,30374.6
Q,CP_MEUR,SCA,B1GQ,BG,2026-Q1,31471.4
Q,CP_MEUR,SCA,B1GQ,BG,2026-Q2,31656.4
Q,CP_MEUR,SCA,B1GQ,CZ,1978-Q1,
Q,CP_MEUR,SCA,B1GQ,CZ,1978-Q2,
Q,CP_MEUR,SCA,B1GQ,CZ,1978-Q3,
Q,CP_MEUR,SCA,B1GQ,CZ,1978-Q4,
Q,CP_MEUR,SCA,B1GQ,CZ,1979-Q1,
Q,CP_MEUR,SCA,B1GQ,CZ,1979-Q2,
Q,CP_MEUR,SCA,B1GQ,CZ,1979-Q3,
Q,CP_MEUR,SCA,B1GQ,CZ,1979-Q4,
Q,CP_MEUR,SCA,B1GQ,CZ,1980-Q1,
Q,CP_MEUR,SCA,B1GQ,CZ,1980-Q2,
Q,CP_MEUR,SCA,B1GQ,CZ,1980-Q3,
Q,CP_MEUR,SCA,B1GQ,CZ,1980-Q4,
Q,CP_MEUR,SCA,B1GQ,CZ,1981-Q1,
Q,CP_MEUR,SCA,B1GQ,CZ,1981-Q2,
Q,CP_MEUR,SCA,B1GQ,CZ,1981-Q3,
Q,CP_MEUR,SCA,B1GQ,CZ,1981-Q4,
Q,CP_MEUR,SCA,B1GQ,CZ,1982-Q1,
Q,CP_MEUR,SCA,B1GQ,CZ,1982-Q2,
Q,CP_MEUR,SCA,B1GQ,CZ,1982-Q3,
Q,CP_MEUR,SCA,B1GQ,CZ,1982-Q4,
Q,CP_MEUR,SCA,B1GQ,CZ,1983-Q1,
Q,CP_MEUR,SCA,B1GQ,CZ,1983-Q2,
Q,CP_MEUR,SCA,B1GQ,CZ,1983-Q3,
Q,CP_MEUR,SCA,B1GQ,CZ,1983-Q4,
Q,CP_MEUR,SCA,B1GQ,CZ,1984-Q1,
Q,CP_MEUR,SCA,B1GQ,CZ,1984-Q2,
Q,CP_MEUR,SCA,B1GQ,CZ,1984-Q3,
Q,CP_MEUR,SCA,B1GQ,CZ,1984-Q4,
Q,CP_MEUR,SCA,B1GQ,CZ,1985-Q1,
Q,CP_MEUR,SCA,B1GQ,CZ,1985-Q2,
Q,CP_MEUR,SCA,B1GQ,CZ,1985-Q3,
Q,CP_MEUR,SCA,B1GQ,CZ,1985-Q4,
Q,CP_MEUR,SCA,B1GQ,CZ,1986-Q1,
Q,CP_MEUR,SCA,B1GQ,CZ,1986-Q2,
Q,CP_MEUR,SCA,B1GQ,CZ,1986-Q3,
Q,CP_MEUR,SCA,B1GQ,CZ,1986-Q4,
Q,CP_MEUR,SCA,B1GQ,CZ,1987-Q1,
Q,CP_MEUR,SCA,B1GQ,CZ,1987-Q2,
Q,CP_MEUR,SCA,B1GQ,CZ,1987-Q3,
Q,CP_MEUR,SCA,B1GQ,CZ,1987-Q4,
Q,CP_MEUR,SCA,B1GQ,CZ,1988-Q1,
Q,CP_MEUR,SCA,B1GQ,CZ,1988-Q2,
Q,CP_MEUR,SCA,B1GQ,CZ,1988-Q3,
Q,CP_MEUR,SCA,B1GQ,CZ,1988-Q4,
Q,CP_MEUR,SCA,B1GQ,CZ,1989-Q1,
Q,CP_MEUR,SCA,B1GQ,CZ,1989-Q2,
Q,CP_MEUR,SCA,B1GQ,CZ,1989-Q3,
Q,CP_MEUR,SCA,B1GQ,CZ,1989-Q4,
Q,CP_MEUR,SCA,B1GQ,CZ,1990-Q1,
Q,CP_MEUR,SCA,B1GQ,CZ,1990-Q2,
Q,CP_MEUR,SCA,B1GQ,CZ,1990-Q3,
Q,CP_MEUR,SCA,B1GQ,CZ,1990-Q4,
Q,CP_MEUR,SCA,B1GQ,CZ,1991-Q1,
Q,CP_MEUR,SCA,B1GQ,CZ,1991-Q2,
Q,CP_MEUR,SCA,B1GQ,CZ,1991-Q3,
Q,CP_MEUR,SCA,B1GQ,CZ,1991-Q4,
Q,CP_MEUR,SCA,B1GQ,CZ,1992-Q1,
Q,CP_MEUR,SCA,B1GQ,CZ,1992-Q2,
Q,CP_MEUR,SCA,B1GQ,CZ,1992-Q3,
Q,CP_MEUR,SCA,B1GQ,CZ,1992-Q4,
Q,CP_MEUR,SCA,B1GQ,CZ,1993-Q1,
Q,CP_MEUR,SCA,B1GQ,CZ,1993-Q2,
Q,CP_MEUR,SCA,B1GQ,CZ,1993-Q3,
Q,CP_MEUR,SCA,B1GQ,CZ,1993-Q4,
Q,CP_MEUR,SCA,B1GQ,CZ,1994-Q1,
Q,CP_MEUR,SCA,B1GQ,CZ,1994-Q2,
Q,CP_MEUR,SCA,B1GQ,CZ,1994-Q3,
Q,CP_MEUR,SCA,B1GQ,CZ,1994-Q4,
Q,CP_MEUR,SCA,B1GQ,CZ,1995-Q1,11021.3
Q,CP_MEUR,SCA,B1GQ,CZ,1995-Q2,11358.4
Q,CP_MEUR,SCA,B1GQ,CZ,1995-Q3,11797.9
Q,CP_MEUR,SCA,B1GQ,CZ,1995-Q4,12108
Q,CP_MEUR,SCA,B1GQ,CZ,1996-Q1,12706.3
Q,CP_MEUR,SCA,B1GQ,CZ,1996-Q2,13092.3
Q,CP_MEUR,SCA,B1GQ,CZ,1996-Q3,13625.2
Q,CP_MEUR,SCA,B1GQ,CZ,1996-Q4,13943.1
Q,CP_MEUR,SCA,B1GQ,CZ,1997-Q1,14415.8
Q,CP_MEUR,SCA,B1GQ,CZ,1997-Q2,13679.3
Q,CP_MEUR,SCA,B1GQ,CZ,1997-Q3,13455.2
Q,CP_MEUR,SCA,B1GQ,CZ,1997-Q4,13652
Q,CP_MEUR,SCA,B1GQ,CZ,1998-Q1,13987.6
Q,CP_MEUR,SCA,B1GQ,CZ,1998-Q2,14869.2
Q,CP_MEUR,SCA,B1GQ,CZ,1998-Q3,15589.8
Q,CP_MEUR,SCA,B1GQ,CZ,1998-Q4,15681.6
Q,CP_MEUR,SCA,B1GQ,CZ,1999-Q1,14784.9
Q,CP_MEUR,SCA,B1GQ,CZ,1999-Q2,14908.2
Q,CP_MEUR,SCA,B1GQ,CZ,1999-Q3,15624.1
Q,CP_MEUR,SCA,B1GQ,CZ,1999-Q4,15985.3
Q,CP_MEUR,SCA,B1GQ,CZ,2000-Q1,16280.1
Q,CP_MEUR,SCA,B1GQ,CZ,2000-Q2,16421
Q,CP_MEUR,SCA,B1GQ,CZ,2000-Q3,17153.2
Q,CP_MEUR,SCA,B1GQ,CZ,2000-Q4,17625
Q,CP_MEUR,SCA,B1GQ,CZ,2001-Q1,18101.5
Q,CP_MEUR,SCA,B1GQ,CZ,2001-Q2,18676.7
Q,CP_MEUR,SCA,B1GQ,CZ,2001-Q3,19297.5
Q,CP_MEUR,SCA,B1GQ,CZ,2001-Q4,20090.1
Q,CP_MEUR,SCA,B1GQ,CZ,2002-Q1,20993.5
Q,CP_MEUR,SCA,B1GQ,CZ,2002-Q2,22292.6
Q,CP_MEUR,SCA,B1GQ,CZ,2002-Q3,22414.8
Q,CP_MEUR,SCA,B1GQ,CZ,2002-Q4,22077.9
Q,CP_MEUR,SCA,B1GQ,CZ,2003-Q1,22026
Q,CP_MEUR,SCA,B1GQ,CZ,2003-Q2,22470.2
Q,CP_MEUR,SCA,B1GQ,CZ,2003-Q3,22031.6
Q,CP_MEUR,SCA,B1GQ,CZ,2003-Q4,22424.7
Q,CP_MEUR,SCA,B1GQ,CZ,2004-Q1,22768.4
Q,CP_MEUR,SCA,B1GQ,CZ,2004-Q2,23557.1
Q,CP_MEUR,SCA,B1GQ,CZ,2004-Q3,24557.9
Q,CP_MEUR,SCA,B1GQ,CZ,2004-Q4,25800.9
Q,CP_MEUR,SCA,B1GQ,CZ,2005-Q1,26908.3
Q,CP_MEUR,SCA,B1GQ,CZ,2005-Q2,26927.9
Q,CP_MEUR,SCA,B1GQ,CZ,2005-Q3,27646.8
Q,CP_MEUR,SCA,B1GQ,CZ,2005-Q4,28831.1
Q,CP_MEUR,SCA,B1GQ,CZ,2006-Q1,29861.8
Q,CP_MEUR,SCA,B1GQ,CZ,2006-Q2,30744.1
Q,CP_MEUR,SCA,B1GQ,CZ,2006-Q3,31540.9
Q,CP_MEUR,SCA,B1GQ,CZ,2006-Q4,32536.1
Q,CP_MEUR,SCA,B1GQ,CZ,2007-Q1,33756.8
Q,CP_MEUR,SCA,B1GQ,CZ,2007-Q2,33670.1
Q,CP_MEUR,SCA,B1GQ,CZ,2007-Q3,34870.9
Q,CP_MEUR,SCA,B1GQ,CZ,2007-Q4,36754
Q,CP_MEUR,SCA,B1GQ,CZ,2008-Q1,39113
Q,CP_MEUR,SCA,B1GQ,CZ,2008-Q2,40800.2
Q,CP_MEUR,SCA,B1GQ,CZ,2008-Q3,42400.9
Q,CP_MEUR,SCA,B1GQ,CZ,2008-Q4,39381.4
Q,CP_MEUR,SCA,B1GQ,CZ,2009-Q1,36102
Q,CP_MEUR,SCA,B1GQ,CZ,2009-Q2,36822.3
Q,CP_MEUR,SCA,B1GQ,CZ,2009-Q3,38133.5
Q,CP_MEUR,SCA,B1GQ,CZ,2009-Q4,38284.1
Q,CP_MEUR,SCA,B1GQ,CZ,2010-Q1,38333.4
Q,CP_MEUR,SCA,B1GQ,CZ,2010-Q2,39413.6
Q,CP_MEUR,SCA,B1GQ,CZ,2010-Q3,40707.8
Q,CP_MEUR,SCA,B1GQ,CZ,2010-Q4,40867
Q,CP_MEUR,SCA,B1GQ,CZ,2011-Q1,41563.8
Q,CP_MEUR,SCA,B1GQ,CZ,2011-Q2,41931.2
Q,CP_MEUR,SCA,B1GQ,CZ,2011-Q3,42049.4
Q,CP_MEUR,SCA,B1GQ,CZ,2011-Q4,40837
Q,CP_MEUR,SCA,B1GQ,CZ,2012-Q1,41018.7
Q,CP_MEUR,SCA,B1GQ,CZ,2012-Q2,40732.5
Q,CP_MEUR,SCA,B1GQ,CZ,2012-Q3,41028.9
Q,CP_MEUR,SCA,B1GQ,CZ,2012-Q4,40920.8
Q,CP_MEUR,SCA,B1GQ,CZ,2013-Q1,40128.7
Q,CP_MEUR,SCA,B1GQ,CZ,2013-Q2,39992.5
Q,CP_MEUR,SCA,B1GQ,CZ,2013-Q3,40290.3
Q,CP_MEUR,SCA,B1GQ,CZ,2013-Q4,40033.8
Q,CP_MEUR,SCA,B1GQ,CZ,2014-Q1,38982.2
Q,CP_MEUR,SCA,B1GQ,CZ,2014-Q2,39578.7
Q,CP_MEUR,SCA,B1GQ,CZ,2014-Q3,39889.1
Q,CP_MEUR,SCA,B1GQ,CZ,2014-Q4,40495.9
Q,CP_MEUR,SCA,B1GQ,CZ,2015-Q1,41320.6
Q,CP_MEUR,SCA,B1GQ,CZ,2015-Q2,42282.9
Q,CP_MEUR,SCA,B1GQ,CZ,2015-Q3,43344.4
Q,CP_MEUR,SCA,B1GQ,CZ,2015-Q4,43669
Q,CP_MEUR,SCA,B1GQ,CZ,2016-Q1,44340.6
Q,CP_MEUR,SCA,B1GQ,CZ,2016-Q2,44354.7
Q,CP_MEUR,SCA,B1GQ,CZ,2016-Q3,44965.6
Q,CP_MEUR,SCA,B1GQ,CZ,2016-Q4,45393.8
Q,CP_MEUR,SCA,B1GQ,CZ,2017-Q1,46312.5
Q,CP_MEUR,SCA,B1GQ,CZ,2017-Q2,48724.1
Q,CP_MEUR,SCA,B1GQ,CZ,2017-Q3,50335.9
Q,CP_MEUR,SCA,B1GQ,CZ,2017-Q4,51842.4
Q,CP_MEUR,SCA,B1GQ,CZ,2018-Q1,52938
Q,CP_MEUR,SCA,B1GQ,CZ,2018-Q2,53070.7
Q,CP_MEUR,SCA,B1GQ,CZ,2018-Q3,53648.6
Q,CP_MEUR,SCA,B1GQ,CZ,2018-Q4,54117.1
Q,CP_MEUR,SCA,B1GQ,CZ,2019-Q1,56152.6
Q,CP_MEUR,SCA,B1GQ,CZ,2019-Q2,56930
Q,CP_MEUR,SCA,B1GQ,CZ,2019-Q3,57626.9
Q,CP_MEUR,SCA,B1GQ,CZ,2019-Q4,58818.2
Q,CP_MEUR,SCA,B1GQ,CZ,2020-Q1,57474.8
Q,CP_MEUR,SCA,B1GQ,CZ,2020-Q2,50433.2
Q,CP_MEUR,SCA,B1GQ,CZ,2020-Q3,55803.5
Q,CP_MEUR,SCA,B1GQ,CZ,2020-Q4,56818
Q,CP_MEUR,SCA,B1GQ,CZ,2021-Q1,57950.7
Q,CP_MEUR,SCA,B1GQ,CZ,2021-Q2,60780.4
Q,CP_MEUR,SCA,B1GQ,CZ,2021-Q3,63023.8
Q,CP_MEUR,SCA,B1GQ,CZ,2021-Q4,64216.1
Q,CP_MEUR,SCA,B1GQ,CZ,2022-Q1,68890.7
Q,CP_MEUR,SCA,B1GQ,CZ,2022-Q2,70434.3
Q,CP_MEUR,SCA,B1GQ,CZ,2022-Q3,72964.5
Q,CP_MEUR,SCA,B1GQ,CZ,2022-Q4,74650.7
Q,CP_MEUR,SCA,B1GQ,CZ,2023-Q1,79312
Q,CP_MEUR,SCA,B1GQ,CZ,2023-Q2,81437.9
Q,CP_MEUR,SCA,B1GQ,CZ,2023-Q3,79587.7
Q,CP_MEUR,SCA,B1GQ,CZ,2023-Q4,79247.7
Q,CP_MEUR,SCA,B1GQ,CZ,2024-Q1,78993.7
Q,CP_MEUR,SCA,B1GQ,CZ,2024-Q2,80155.8
Q,CP_MEUR,SCA,B1GQ,CZ,2024-Q3,80538.3
Q,CP_MEUR,SCA,B1GQ,CZ,2024-Q4,81455.8
Q,CP_MEUR,SCA,B1GQ,CZ,2025-Q1,83412.6
Q,CP_MEUR,SCA,B1GQ,CZ,2025-Q2,85470.8
Q,CP_MEUR,SCA,B1GQ,CZ,2025-Q3,88112.6
Q,CP_MEUR,SCA,B1GQ,CZ,2025-Q4,90495.6
Q,CP_MEUR,SCA,B1GQ,CZ,2026-Q1,90372.5
Q,CP_MEUR,SCA,B1GQ,CZ,2026-Q2,91707.4
Q,CP_MEUR,SCA,B1GQ,DK,1978-Q1,
Q,CP_MEUR,SCA,B1GQ,DK,1978-Q2,
Q,CP_MEUR,SCA,B1GQ,DK,1978-Q3,
Q,CP_MEUR,SCA,B1GQ,DK,1978-Q4,
Q,CP_MEUR,SCA,B1GQ,DK,1979-Q1,
Q,CP_MEUR,SCA,B1GQ,DK,1979-Q2,
Q,CP_MEUR,SCA,B1GQ,DK,1979-Q3,
Q,CP_MEUR,SCA,B1GQ,DK,1979-Q4,
Q,CP_MEUR,SCA,B1GQ,DK,1980-Q1,
Q,CP_MEUR,SCA,B1GQ,DK,1980-Q2,
Q,CP_MEUR,SCA,B1GQ,DK,1980-Q3,
Q,CP_MEUR,SCA,B1GQ,DK,1980-Q4,
Q,CP_MEUR,SCA,B1GQ,DK,1981-Q1,
Q,CP_MEUR,SCA,B1GQ,DK,1981-Q2,
Q,CP_MEUR,SCA,B1GQ,DK,1981-Q3,
Q,CP_MEUR,SCA,B1GQ,DK,1981-Q4,
Q,CP_MEUR,SCA,B1GQ,DK,1982-Q1,
Q,CP_MEUR,SCA,B1GQ,DK,1982-Q2,
Q,CP_MEUR,SCA,B1GQ,DK,1982-Q3,
Q,CP_MEUR,SCA,B1GQ,DK,1982-Q4,
Q,CP_MEUR,SCA,B1GQ,DK,1983-Q1,
Q,CP_MEUR,SCA,B1GQ,DK,1983-Q2,
Q,CP_MEUR,SCA,B1GQ,DK,1983-Q3,
Q,CP_MEUR,SCA,B1GQ,DK,1983-Q4,
Q,CP_MEUR,SCA,B1GQ,DK,1984-Q1,
Q,CP_MEUR,SCA,B1GQ,DK,1984-Q2,
Q,CP_MEUR,SCA,B1GQ,DK,1984-Q3,
Q,CP_MEUR,SCA,B1GQ,DK,1984-Q4,
Q,CP_MEUR,SCA,B1GQ,DK,1985-Q1,
Q,CP_MEUR,SCA,B1GQ,DK,1985-Q2,
Q,CP_MEUR,SCA,B1GQ,DK,1985-Q3,
Q,CP_MEUR,SCA,B1GQ,DK,1985-Q4,
Q,CP_MEUR,SCA,B1GQ,DK,1986-Q1,
Q,CP_MEUR,SCA,B1GQ,DK,1986-Q2,
Q,CP_MEUR,SCA,B1GQ,DK,1986-Q3,
Q,CP_MEUR,SCA,B1GQ,DK,1986-Q4,
Q,CP_MEUR,SCA,B1GQ,DK,1987-Q1,
Q,CP_MEUR,SCA,B1GQ,DK,1987-Q2,
Q,CP_MEUR,SCA,B1GQ,DK,1987-Q3,
Q,CP_MEUR,SCA,B1GQ,DK,1987-Q4,
Q,CP_MEUR,SCA,B1GQ,DK,1988-Q1,
Q,CP_MEUR,SCA,B1GQ,DK,1988-Q2,
Q,CP_MEUR,SCA,B1GQ,DK,1988-Q3,
Q,CP_MEUR,SCA,B1GQ,DK,1988-Q4,
Q,CP_MEUR,SCA,B1GQ,DK,1989-Q1,
Q,CP_MEUR,SCA,B1GQ,DK,1989-Q2,
Q,CP_MEUR,SCA,B1GQ,DK,1989-Q3,
Q,CP_MEUR,SCA,B1GQ,DK,1989-Q4,
Q,CP_MEUR,SCA,B1GQ,DK,1990-Q1,
Q,CP_MEUR,SCA,B1GQ,DK,1990-Q2,
Q,CP_MEUR,SCA,B1GQ,DK,1990-Q3,
Q,CP_MEUR,SCA,B1GQ,DK,1990-Q4,
Q,CP_MEUR,SCA,B1GQ,DK,1991-Q1,
Q,CP_MEUR,SCA,B1GQ,DK,1991-Q2,
Q,CP_MEUR,SCA,B1GQ,DK,1991-Q3,
Q,CP_MEUR,SCA,B1GQ,DK,1991-Q4,
Q,CP_MEUR,SCA,B1GQ,DK,1992-Q1,
Q,CP_MEUR,SCA,B1GQ,DK,1992-Q2,
Q,CP_MEUR,SCA,B1GQ,DK,1992-Q3,
Q,CP_MEUR,SCA,B1GQ,DK,1992-Q4,
Q,CP_MEUR,SCA,B1GQ,DK,1993-Q1,
Q,CP_MEUR,SCA,B1GQ,DK,1993-Q2,
Q,CP_MEUR,SCA,B1GQ,DK,1993-Q3,
Q,CP_MEUR,SCA,B1GQ,DK,1993-Q4,
Q,CP_MEUR,SCA,B1GQ,DK,1994-Q1,
Q,CP_MEUR,SCA,B1GQ,DK,1994-Q2,
Q,CP_MEUR,SCA,B1GQ,DK,1994-Q3,
Q,CP_MEUR,SCA,B1GQ,DK,1994-Q4,
Q,CP_MEUR,SCA,B1GQ,DK,1995-Q1,34548.3
Q,CP_MEUR,SCA,B1GQ,DK,1995-Q2,35385.2
Q,CP_MEUR,SCA,B1GQ,DK,1995-Q3,35384.2
Q,CP_MEUR,SCA,B1GQ,DK,1995-Q4,36046.1
Q,CP_MEUR,SCA,B1GQ,DK,1996-Q1,36252.8
Q,CP_MEUR,SCA,B1GQ,DK,1996-Q2,36860.9
Q,CP_MEUR,SCA,B1GQ,DK,1996-Q3,37309.5
Q,CP_MEUR,SCA,B1GQ,DK,1996-Q4,37290.6
Q,CP_MEUR,SCA,B1GQ,DK,1997-Q1,37738
Q,CP_MEUR,SCA,B1GQ,DK,1997-Q2,38335.4
Q,CP_MEUR,SCA,B1GQ,DK,1997-Q3,38069.2
Q,CP_MEUR,SCA,B1GQ,DK,1997-Q4,38760.3
Q,CP_MEUR,SCA,B1GQ,DK,1998-Q1,39010.3
Q,CP_MEUR,SCA,B1GQ,DK,1998-Q2,38833.9
Q,CP_MEUR,SCA,B1GQ,DK,1998-Q3,39733.2
Q,CP_MEUR,SCA,B1GQ,DK,1998-Q4,40462.7
Q,CP_MEUR,SCA,B1GQ,DK,1999-Q1,40842.1
Q,CP_MEUR,SCA,B1GQ,DK,1999-Q2,41409.2
Q,CP_MEUR,SCA,B1GQ,DK,1999-Q3,41785.8
Q,CP_MEUR,SCA,B1GQ,DK,1999-Q4,42862
Q,CP_MEUR,SCA,B1GQ,DK,2000-Q1,43450.7
Q,CP_MEUR,SCA,B1GQ,DK,2000-Q2,44126.5
Q,CP_MEUR,SCA,B1GQ,DK,2000-Q3,44434.7
Q,CP_MEUR,SCA,B1GQ,DK,2000-Q4,45879.4
Q,CP_MEUR,SCA,B1GQ,DK,2001-Q1,45243.5
Q,CP_MEUR,SCA,B1GQ,DK,2001-Q2,45692.4
Q,CP_MEUR,SCA,B1GQ,DK,2001-Q3,46331.8
Q,CP_MEUR,SCA,B1GQ,DK,2001-Q4,46881
Q,CP_MEUR,SCA,B1GQ,DK,2002-Q1,46916
Q,CP_MEUR,SCA,B1GQ,DK,2002-Q2,47313.2
Q,CP_MEUR,SCA,B1GQ,DK,2002-Q3,47808.4
Q,CP_MEUR,SCA,B1GQ,DK,2002-Q4,47919
Q,CP_MEUR,SCA,B1GQ,DK,2003-Q1,48108.2
Q,CP_MEUR,SCA,B1GQ,DK,2003-Q2,47898.9
Q,CP_MEUR,SCA,B1GQ,DK,2003-Q3,48345.5
Q,CP_MEUR,SCA,B1GQ,DK,2003-Q4,49290
Q,CP_MEUR,SCA,B1GQ,DK,2004-Q1,49923.5
Q,CP_MEUR,SCA,B1GQ,DK,2004-Q2,50240
Q,CP_MEUR,SCA,B1GQ,DK,2004-Q3,50877.4
Q,CP_MEUR,SCA,B1GQ,DK,2004-Q4,51875.6
Q,CP_MEUR,SCA,B1GQ,DK,2005-Q1,52015.8
Q,CP_MEUR,SCA,B1GQ,DK,2005-Q2,53298.3
Q,CP_MEUR,SCA,B1GQ,DK,2005-Q3,53679.7
Q,CP_MEUR,SCA,B1GQ,DK,2005-Q4,54386.6
Q,CP_MEUR,SCA,B1GQ,DK,2006-Q1,55263
Q,CP_MEUR,SCA,B1GQ,DK,2006-Q2,57023.8
Q,CP_MEUR,SCA,B1GQ,DK,2006-Q3,56981.9
Q,CP_MEUR,SCA,B1GQ,DK,2006-Q4,56663.5
Q,CP_MEUR,SCA,B1GQ,DK,2007-Q1,57753.1
Q,CP_MEUR,SCA,B1GQ,DK,2007-Q2,57481.3
Q,CP_MEUR,SCA,B1GQ,DK,2007-Q3,58609.6
Q,CP_MEUR,SCA,B1GQ,DK,2007-Q4,60113
Q,CP_MEUR,SCA,B1GQ,DK,2008-Q1,60369.9
Q,CP_MEUR,SCA,B1GQ,DK,2008-Q2,60787.8
Q,CP_MEUR,SCA,B1GQ,DK,2008-Q3,61352.8
Q,CP_MEUR,SCA,B1GQ,DK,2008-Q4,60211.2
Q,CP_MEUR,SCA,B1GQ,DK,2009-Q1,58310.7
Q,CP_MEUR,SCA,B1GQ,DK,2009-Q2,57318
Q,CP_MEUR,SCA,B1GQ,DK,2009-Q3,58073.1
Q,CP_MEUR,SCA,B1GQ,DK,2009-Q4,58566
Q,CP_MEUR,SCA,B1GQ,DK,2010-Q1,59841.7
Q,CP_MEUR,SCA,B1GQ,DK,2010-Q2,60658.2
Q,CP_MEUR,SCA,B1GQ,DK,2010-Q3,61477.8
Q,CP_MEUR,SCA,B1GQ,DK,2010-Q4,61454.7
Q,CP_MEUR,SCA,B1GQ,DK,2011-Q1,61966.2
Q,CP_MEUR,SCA,B1GQ,DK,2011-Q2,62116.4
Q,CP_MEUR,SCA,B1GQ,DK,2011-Q3,61523.1
Q,CP_MEUR,SCA,B1GQ,DK,2011-Q4,62497.4
Q,CP_MEUR,SCA,B1GQ,DK,2012-Q1,62883.7
Q,CP_MEUR,SCA,B1GQ,DK,2012-Q2,63611.5
Q,CP_MEUR,SCA,B1GQ,DK,2012-Q3,63840.5
Q,CP_MEUR,SCA,B1GQ,DK,2012-Q4,63965
Q,CP_MEUR,SCA,B1GQ,DK,2013-Q1,64132.8
Q,CP_MEUR,SCA,B1GQ,DK,2013-Q2,64629.1
Q,CP_MEUR,SCA,B1GQ,DK,2013-Q3,65218.1
Q,CP_MEUR,SCA,B1GQ,DK,2013-Q4,65549.9
Q,CP_MEUR,SCA,B1GQ,DK,2014-Q1,65721
Q,CP_MEUR,SCA,B1GQ,DK,2014-Q2,65781.6
Q,CP_MEUR,SCA,B1GQ,DK,2014-Q3,66628
Q,CP_MEUR,SCA,B1GQ,DK,2014-Q4,67503
Q,CP_MEUR,SCA,B1GQ,DK,2015-Q1,67680.1
Q,CP_MEUR,SCA,B1GQ,DK,2015-Q2,67828.3
Q,CP_MEUR,SCA,B1GQ,DK,2015-Q3,68129
Q,CP_MEUR,SCA,B1GQ,DK,2015-Q4,68557
Q,CP_MEUR,SCA,B1GQ,DK,2016-Q1,69248.4
Q,CP_MEUR,SCA,B1GQ,DK,2016-Q2,70328.8
Q,CP_MEUR,SCA,B1GQ,DK,2016-Q3,70699.5
Q,CP_MEUR,SCA,B1GQ,DK,2016-Q4,71987.4
Q,CP_MEUR,SCA,B1GQ,DK,2017-Q1,72790.2
Q,CP_MEUR,SCA,B1GQ,DK,2017-Q2,73908.9
Q,CP_MEUR,SCA,B1GQ,DK,2017-Q3,73511.8
Q,CP_MEUR,SCA,B1GQ,DK,2017-Q4,74141.4
Q,CP_MEUR,SCA,B1GQ,DK,2018-Q1,74232.8
Q,CP_MEUR,SCA,B1GQ,DK,2018-Q2,74897.6
Q,CP_MEUR,SCA,B1GQ,DK,2018-Q3,75778.1
Q,CP_MEUR,SCA,B1GQ,DK,2018-Q4,76109.5
Q,CP_MEUR,SCA,B1GQ,DK,2019-Q1,76001.7
Q,CP_MEUR,SCA,B1GQ,DK,2019-Q2,76854.7
Q,CP_MEUR,SCA,B1GQ,DK,2019-Q3,77634.9
Q,CP_MEUR,SCA,B1GQ,DK,2019-Q4,78055.2
Q,CP_MEUR,SCA,B1GQ,DK,2020-Q1,78535.7
Q,CP_MEUR,SCA,B1GQ,DK,2020-Q2,73968.9
Q,CP_MEUR,SCA,B1GQ,DK,2020-Q3,79319
Q,CP_MEUR,SCA,B1GQ,DK,2020-Q4,80295.1
Q,CP_MEUR,SCA,B1GQ,DK,2021-Q1,81727.5
Q,CP_MEUR,SCA,B1GQ,DK,2021-Q2,83978.9
Q,CP_MEUR,SCA,B1GQ,DK,2021-Q3,86434.3
Q,CP_MEUR,SCA,B1GQ,DK,2021-Q4,91176.2
Q,CP_MEUR,SCA,B1GQ,DK,2022-Q1,92283.7
Q,CP_MEUR,SCA,B1GQ,DK,2022-Q2,95186
Q,CP_MEUR,SCA,B1GQ,DK,2022-Q3,97319.2
Q,CP_MEUR,SCA,B1GQ,DK,2022-Q4,95781.7
Q,CP_MEUR,SCA,B1GQ,DK,2023-Q1,95231.2
Q,CP_MEUR,SCA,B1GQ,DK,2023-Q2,93042.8
Q,CP_MEUR,SCA,B1GQ,DK,2023-Q3,91704.6
Q,CP_MEUR,SCA,B1GQ,DK,2023-Q4,93307.6
Q,CP_MEUR,SCA,B1GQ,DK,2024-Q1,96322.5
Q,CP_MEUR,SCA,B1GQ,DK,2024-Q2,98690.6
Q,CP_MEUR,SCA,B1GQ,DK,2024-Q3,100858.9
Q,CP_MEUR,SCA,B1GQ,DK,2024-Q4,104394.1
Q,CP_MEUR,SCA,B1GQ,DK,2025-Q1,103469.7
Q,CP_MEUR,SCA,B1GQ,DK,2025-Q2,103344.5
Q,CP_MEUR,SCA,B1GQ,DK,2025-Q3,105089
Q,CP_MEUR,SCA,B1GQ,DK,2025-Q4,105942
Q,CP_MEUR,SCA,B1GQ,DK,2026-Q1,105090.7
Q,CP_MEUR,SCA,B1GQ,DK,2026-Q2,106835.7
Q,CP_MEUR,SCA,B1GQ,DE,1978-Q1,
Q,CP_MEUR,SCA,B1GQ,DE,1978-Q2,
Q,CP_MEUR,SCA,B1GQ,DE,1978-Q3,
Q,CP_MEUR,SCA,B1GQ,DE,1978-Q4,
Q,CP_MEUR,SCA,B1GQ,DE,1979-Q1,
Q,CP_MEUR,SCA,B1GQ,DE,1979-Q2,
Q,CP_MEUR,SCA,B1GQ,DE,1979-Q3,
Q,CP_MEUR,SCA,B1GQ,DE,1979-Q4,
Q,CP_MEUR,SCA,B1GQ,DE,1980-Q1,
Q,CP_MEUR,SCA,B1GQ,DE,1980-Q2,
Q,CP_MEUR,SCA,B1GQ,DE,1980-Q3,
Q,CP_MEUR,SCA,B1GQ,DE,1980-Q4,
Q,CP_MEUR,SCA,B1GQ,DE,1981-Q1,
Q,CP_MEUR,SCA,B1GQ,DE,1981-Q2,
Q,CP_MEUR,SCA,B1GQ,DE,1981-Q3,
Q,CP_MEUR,SCA,B1GQ,DE,1981-Q4,
Q,CP_MEUR,SCA,B1GQ,DE,1982-Q1,
Q,CP_MEUR,SCA,B1GQ,DE,1982-Q2,
Q,CP_MEUR,SCA,B1GQ,DE,1982-Q3,
Q,CP_MEUR,SCA,B1GQ,DE,1982-Q4,
Q,CP_MEUR,SCA,B1GQ,DE,1983-Q1,
Q,CP_MEUR,SCA,B1GQ,DE,1983-Q2,
Q,CP_MEUR,SCA,B1GQ,DE,1983-Q3,
Q,CP_MEUR,SCA,B1GQ,DE,1983-Q4,
Q,CP_MEUR,SCA,B1GQ,DE,1984-Q1,
Q,CP_MEUR,SCA,B1GQ,DE,1984-Q2,
Q,CP_MEUR,SCA,B1GQ,DE,1984-Q3,
Q,CP_MEUR,SCA,B1GQ,DE,1984-Q4,
Q,CP_MEUR,SCA,B1GQ,DE,1985-Q1,
Q,CP_MEUR,SCA,B1GQ,DE,1985-Q2,
Q,CP_MEUR,SCA,B1GQ,DE,1985-Q3,
Q,CP_MEUR,SCA,B1GQ,DE,1985-Q4,
Q,CP_MEUR,SCA,B1GQ,DE,1986-Q1,
Q,CP_MEUR,SCA,B1GQ,DE,1986-Q2,
Q,CP_MEUR,SCA,B1GQ,DE,1986-Q3,
Q,CP_MEUR,SCA,B1GQ,DE,1986-Q4,
Q,CP_MEUR,SCA,B1GQ,DE,1987-Q1,
Q,CP_MEUR,SCA,B1GQ,DE,1987-Q2,
Q,CP_MEUR,SCA,B1GQ,DE,1987-Q3,
Q,CP_MEUR,SCA,B1GQ,DE,1987-Q4,
Q,CP_MEUR,SCA,B1GQ,DE,1988-Q1,
Q,CP_MEUR,SCA,B1GQ,DE,1988-Q2,
Q,CP_MEUR,SCA,B1GQ,DE,1988-Q3,
Q,CP_MEUR,SCA,B1GQ,DE,1988-Q4,
Q,CP_MEUR,SCA,B1GQ,DE,1989-Q1,
Q,CP_MEUR,SCA,B1GQ,DE,1989-Q2,
Q,CP_MEUR,SCA,B1GQ,DE,1989-Q3,
Q,CP_MEUR,SCA,B1GQ,DE,1989-Q4,
Q,CP_MEUR,SCA,B1GQ,DE,1990-Q1,
Q,CP_MEUR,SCA,B1GQ,DE,1990-Q2,
Q,CP_MEUR,SCA,B1GQ,DE,1990-Q3,
Q,CP_MEUR,SCA,B1GQ,DE,1990-Q4,
Q,CP_MEUR,SCA,B1GQ,DE,1991-Q1,371916.2
Q,CP_MEUR,SCA,B1GQ,DE,1991-Q2,376948.5
Q,CP_MEUR,SCA,B1GQ,DE,1991-Q3,379022.7
Q,CP_MEUR,SCA,B1GQ,DE,1991-Q4,395068.9
Q,CP_MEUR,SCA,B1GQ,DE,1992-Q1,404300.5
Q,CP_MEUR,SCA,B1GQ,DE,1992-Q2,406079.3
Q,CP_MEUR,SCA,B1GQ,DE,1992-Q3,413472.6
Q,CP_MEUR,SCA,B1GQ,DE,1992-Q4,429979.2
Q,CP_MEUR,SCA,B1GQ,DE,1993-Q1,434386.7
Q,CP_MEUR,SCA,B1GQ,DE,1993-Q2,438926.6
Q,CP_MEUR,SCA,B1GQ,DE,1993-Q3,447274.4
Q,CP_MEUR,SCA,B1GQ,DE,1993-Q4,451941.3
Q,CP_MEUR,SCA,B1GQ,DE,1994-Q1,456770.1
Q,CP_MEUR,SCA,B1GQ,DE,1994-Q2,462260.6
Q,CP_MEUR,SCA,B1GQ,DE,1994-Q3,469872.5
Q,CP_MEUR,SCA,B1GQ,DE,1994-Q4,478060
Q,CP_MEUR,SCA,B1GQ,DE,1995-Q1,486852.8
Q,CP_MEUR,SCA,B1GQ,DE,1995-Q2,499692.8
Q,CP_MEUR,SCA,B1GQ,DE,1995-Q3,497712.9
Q,CP_MEUR,SCA,B1GQ,DE,1995-Q4,499708.1
Q,CP_MEUR,SCA,B1GQ,DE,1996-Q1,492088.3
Q,CP_MEUR,SCA,B1GQ,DE,1996-Q2,492904.3
Q,CP_MEUR,SCA,B1GQ,DE,1996-Q3,495886.2
Q,CP_MEUR,SCA,B1GQ,DE,1996-Q4,495615
Q,CP_MEUR,SCA,B1GQ,DE,1997-Q1,486887.5
Q,CP_MEUR,SCA,B1GQ,DE,1997-Q2,489388.4
Q,CP_MEUR,SCA,B1GQ,DE,1997-Q3,490204.9
Q,CP_MEUR,SCA,B1GQ,DE,1997-Q4,495018.2
Q,CP_MEUR,SCA,B1GQ,DE,1998-Q1,497610.9
Q,CP_MEUR,SCA,B1GQ,DE,1998-Q2,498844.4
Q,CP_MEUR,SCA,B1GQ,DE,1998-Q3,502876.7
Q,CP_MEUR,SCA,B1GQ,DE,1998-Q4,507396.5
Q,CP_MEUR,SCA,B1GQ,DE,1999-Q1,514200
Q,CP_MEUR,SCA,B1GQ,DE,1999-Q2,515209
Q,CP_MEUR,SCA,B1GQ,DE,1999-Q3,520562
Q,CP_MEUR,SCA,B1GQ,DE,1999-Q4,522439
Q,CP_MEUR,SCA,B1GQ,DE,2000-Q1,529327
Q,CP_MEUR,SCA,B1GQ,DE,2000-Q2,533173
Q,CP_MEUR,SCA,B1GQ,DE,2000-Q3,533978
Q,CP_MEUR,SCA,B1GQ,DE,2000-Q4,533210
Q,CP_MEUR,SCA,B1GQ,DE,2001-Q1,547373
Q,CP_MEUR,SCA,B1GQ,DE,2001-Q2,547601
Q,CP_MEUR,SCA,B1GQ,DE,2001-Q3,549807
Q,CP_MEUR,SCA,B1GQ,DE,2001-Q4,553573
Q,CP_MEUR,SCA,B1GQ,DE,2002-Q1,551645
Q,CP_MEUR,SCA,B1GQ,DE,2002-Q2,553636
Q,CP_MEUR,SCA,B1GQ,DE,2002-Q3,560387
Q,CP_MEUR,SCA,B1GQ,DE,2002-Q4,561405
Q,CP_MEUR,SCA,B1GQ,DE,2003-Q1,556128
Q,CP_MEUR,SCA,B1GQ,DE,2003-Q2,557338
Q,CP_MEUR,SCA,B1GQ,DE,2003-Q3,564699
Q,CP_MEUR,SCA,B1GQ,DE,2003-Q4,565976
Q,CP_MEUR,SCA,B1GQ,DE,2004-Q1,567112
Q,CP_MEUR,SCA,B1GQ,DE,2004-Q2,573483
Q,CP_MEUR,SCA,B1GQ,DE,2004-Q3,572407
Q,CP_MEUR,SCA,B1GQ,DE,2004-Q4,572491
Q,CP_MEUR,SCA,B1GQ,DE,2005-Q1,574340
Q,CP_MEUR,SCA,B1GQ,DE,2005-Q2,577785
Q,CP_MEUR,SCA,B1GQ,DE,2005-Q3,582974
Q,CP_MEUR,SCA,B1GQ,DE,2005-Q4,586943
Q,CP_MEUR,SCA,B1GQ,DE,2006-Q1,592014
Q,CP_MEUR,SCA,B1GQ,DE,2006-Q2,603797
Q,CP_MEUR,SCA,B1GQ,DE,2006-Q3,609598
Q,CP_MEUR,SCA,B1GQ,DE,2006-Q4,621425
Q,CP_MEUR,SCA,B1GQ,DE,2007-Q1,628103
Q,CP_MEUR,SCA,B1GQ,DE,2007-Q2,633266
Q,CP_MEUR,SCA,B1GQ,DE,2007-Q3,638967
Q,CP_MEUR,SCA,B1GQ,DE,2007-Q4,645317
Q,CP_MEUR,SCA,B1GQ,DE,2008-Q1,650597
Q,CP_MEUR,SCA,B1GQ,DE,2008-Q2,648692
Q,CP_MEUR,SCA,B1GQ,DE,2008-Q3,646972
Q,CP_MEUR,SCA,B1GQ,DE,2008-Q4,639472
Q,CP_MEUR,SCA,B1GQ,DE,2009-Q1,615500
Q,CP_MEUR,SCA,B1GQ,DE,2009-Q2,618510
Q,CP_MEUR,SCA,B1GQ,DE,2009-Q3,624940
Q,CP_MEUR,SCA,B1GQ,DE,2009-Q4,632835
Q,CP_MEUR,SCA,B1GQ,DE,2010-Q1,636738
Q,CP_MEUR,SCA,B1GQ,DE,2010-Q2,647928
Q,CP_MEUR,SCA,B1GQ,DE,2010-Q3,658892
Q,CP_MEUR,SCA,B1GQ,DE,2010-Q4,665843
Q,CP_MEUR,SCA,B1GQ,DE,2011-Q1,678752
Q,CP_MEUR,SCA,B1GQ,DE,2011-Q2,682517
Q,CP_MEUR,SCA,B1GQ,DE,2011-Q3,689494
Q,CP_MEUR,SCA,B1GQ,DE,2011-Q4,692280
Q,CP_MEUR,SCA,B1GQ,DE,2012-Q1,695188
Q,CP_MEUR,SCA,B1GQ,DE,2012-Q2,697956
Q,CP_MEUR,SCA,B1GQ,DE,2012-Q3,704039
Q,CP_MEUR,SCA,B1GQ,DE,2012-Q4,704832
Q,CP_MEUR,SCA,B1GQ,DE,2013-Q1,706963
Q,CP_MEUR,SCA,B1GQ,DE,2013-Q2,716474
Q,CP_MEUR,SCA,B1GQ,DE,2013-Q3,723373
Q,CP_MEUR,SCA,B1GQ,DE,2013-Q4,727304
Q,CP_MEUR,SCA,B1GQ,DE,2014-Q1,740276
Q,CP_MEUR,SCA,B1GQ,DE,2014-Q2,744468
Q,CP_MEUR,SCA,B1GQ,DE,2014-Q3,749485
Q,CP_MEUR,SCA,B1GQ,DE,2014-Q4,758702
Q,CP_MEUR,SCA,B1GQ,DE,2015-Q1,761470
Q,CP_MEUR,SCA,B1GQ,DE,2015-Q2,770621
Q,CP_MEUR,SCA,B1GQ,DE,2015-Q3,776704
Q,CP_MEUR,SCA,B1GQ,DE,2015-Q4,782462
Q,CP_MEUR,SCA,B1GQ,DE,2016-Q1,792168
Q,CP_MEUR,SCA,B1GQ,DE,2016-Q2,796968
Q,CP_MEUR,SCA,B1GQ,DE,2016-Q3,801705
Q,CP_MEUR,SCA,B1GQ,DE,2016-Q4,808358
Q,CP_MEUR,SCA,B1GQ,DE,2017-Q1,821330
Q,CP_MEUR,SCA,B1GQ,DE,2017-Q2,831407
Q,CP_MEUR,SCA,B1GQ,DE,2017-Q3,842510
Q,CP_MEUR,SCA,B1GQ,DE,2017-Q4,854393
Q,CP_MEUR,SCA,B1GQ,DE,2018-Q1,853397
Q,CP_MEUR,SCA,B1GQ,DE,2018-Q2,862510
Q,CP_MEUR,SCA,B1GQ,DE,2018-Q3,864323
Q,CP_MEUR,SCA,B1GQ,DE,2018-Q4,875242
Q,CP_MEUR,SCA,B1GQ,DE,2019-Q1,882382
Q,CP_MEUR,SCA,B1GQ,DE,2019-Q2,886035
Q,CP_MEUR,SCA,B1GQ,DE,2019-Q3,896946
Q,CP_MEUR,SCA,B1GQ,DE,2019-Q4,898425
Q,CP_MEUR,SCA,B1GQ,DE,2020-Q1,888402
Q,CP_MEUR,SCA,B1GQ,DE,2020-Q2,815930
Q,CP_MEUR,SCA,B1GQ,DE,2020-Q3,876207
Q,CP_MEUR,SCA,B1GQ,DE,2020-Q4,889751
Q,CP_MEUR,SCA,B1GQ,DE,2021-Q1,896435
Q,CP_MEUR,SCA,B1GQ,DE,2021-Q2,916357
Q,CP_MEUR,SCA,B1GQ,DE,2021-Q3,938789
Q,CP_MEUR,SCA,B1GQ,DE,2021-Q4,951572
Q,CP_MEUR,SCA,B1GQ,DE,2022-Q1,977676
Q,CP_MEUR,SCA,B1GQ,DE,2022-Q2,994359
Q,CP_MEUR,SCA,B1GQ,DE,2022-Q3,1008608
Q,CP_MEUR,SCA,B1GQ,DE,2022-Q4,1022681
Q,CP_MEUR,SCA,B1GQ,DE,2023-Q1,1047148
Q,CP_MEUR,SCA,B1GQ,DE,2023-Q2,1058111
Q,CP_MEUR,SCA,B1GQ,DE,2023-Q3,1069963
Q,CP_MEUR,SCA,B1GQ,DE,2023-Q4,1080795
Q,CP_MEUR,SCA,B1GQ,DE,2024-Q1,1087616
Q,CP_MEUR,SCA,B1GQ,DE,2024-Q2,1092383
Q,CP_MEUR,SCA,B1GQ,DE,2024-Q3,1099243
Q,CP_MEUR,SCA,B1GQ,DE,2024-Q4,1110167
Q,CP_MEUR,SCA,B1GQ,DE,2025-Q1,1121547
Q,CP_MEUR,SCA,B1GQ,DE,2025-Q2,1129281
Q,CP_MEUR,SCA,B1GQ,DE,2025-Q3,1137192
Q,CP_MEUR,SCA,B1GQ,DE,2025-Q4,1149224
Q,CP_MEUR,SCA,B1GQ,DE,2026-Q1,1159664
Q,CP_MEUR,SCA,B1GQ,DE,2026-Q2,1171696
Q,CP_MEUR,SCA,B1GQ,EE,1978-Q1,
Q,CP_MEUR,SCA,B1GQ,EE,1978-Q2,
Q,CP_MEUR,SCA,B1GQ,EE,1978-Q3,
Q,CP_MEUR,SCA,B1GQ,EE,1978-Q4,
Q,CP_MEUR,SCA,B1GQ,EE,1979-Q1,
Q,CP_MEUR,SCA,B1GQ,EE,1979-Q2,
Q,CP_MEUR,SCA,B1GQ,EE,1979-Q3,
Q,CP_MEUR,SCA,B1GQ,EE,1979-Q4,
Q,CP_MEUR,SCA,B1GQ,EE,1980-Q1,
Q,CP_MEUR,SCA,B1GQ,EE,1980-Q2,
Q,CP_MEUR,SCA,B1GQ,EE,1980-Q3,
Q,CP_MEUR,SCA,B1GQ,EE,1980-Q4,
Q,CP_MEUR,SCA,B1GQ,EE,1981-Q1,
Q,CP_MEUR,SCA,B1GQ,EE,1981-Q2,
Q,CP_MEUR,SCA,B1GQ,EE,1981-Q3,
Q,CP_MEUR,SCA,B1GQ,EE,1981-Q4,
Q,CP_MEUR,SCA,B1GQ,EE,1982-Q1,
Q,CP_MEUR,SCA,B1GQ,EE,1982-Q2,
Q,CP_MEUR,SCA,B1GQ,EE,1982-Q3,
Q,CP_MEUR,SCA,B1GQ,EE,1982-Q4,
Q,CP_MEUR,SCA,B1GQ,EE,1983-Q1,
Q,CP_MEUR,SCA,B1GQ,EE,1983-Q2,
Q,CP_MEUR,SCA,B1GQ,EE,1983-Q3,
Q,CP_MEUR,SCA,B1GQ,EE,1983-Q4,
Q,CP_MEUR,SCA,B1GQ,EE,1984-Q1,
Q,CP_MEUR,SCA,B1GQ,EE,1984-Q2,
Q,CP_MEUR,SCA,B1GQ,EE,1984-Q3,
Q,CP_MEUR,SCA,B1GQ,EE,1984-Q4,
Q,CP_MEUR,SCA,B1GQ,EE,1985-Q1,
Q,CP_MEUR,SCA,B1GQ,EE,1985-Q2,
Q,CP_MEUR,SCA,B1GQ,EE,1985-Q3,
Q,CP_MEUR,SCA,B1GQ,EE,1985-Q4,
Q,CP_MEUR,SCA,B1GQ,EE,1986-Q1,
Q,CP_MEUR,SCA,B1GQ,EE,1986-Q2,
Q,CP_MEUR,SCA,B1GQ,EE,1986-Q3,
Q,CP_MEUR,SCA,B1GQ,EE,1986-Q4,
Q,CP_MEUR,SCA,B1GQ,EE,1987-Q1,
Q,CP_MEUR,SCA,B1GQ,EE,1987-Q2,
Q,CP_MEUR,SCA,B1GQ,EE,1987-Q3,
Q,CP_MEUR,SCA,B1GQ,EE,1987-Q4,
Q,CP_MEUR,SCA,B1GQ,EE,1988-Q1,
Q,CP_MEUR,SCA,B1GQ,EE,1988-Q2,
Q,CP_MEUR,SCA,B1GQ,EE,1988-Q3,
Q,CP_MEUR,SCA,B1GQ,EE,1988-Q4,
Q,CP_MEUR,SCA,B1GQ,EE,1989-Q1,
Q,CP_MEUR,SCA,B1GQ,EE,1989-Q2,
Q,CP_MEUR,SCA,B1GQ,EE,1989-Q3,
Q,CP_MEUR,SCA,B1GQ,EE,1989-Q4,
Q,CP_MEUR,SCA,B1GQ,EE,1990-Q1,
Q,CP_MEUR,SCA,B1GQ,EE,1990-Q2,
Q,CP_MEUR,SCA,B1GQ,EE,1990-Q3,
Q,CP_MEUR,SCA,B1GQ,EE,1990-Q4,
Q,CP_MEUR,SCA,B1GQ,EE,1991-Q1,
Q,CP_MEUR,SCA,B1GQ,EE,1991-Q2,
Q,CP_MEUR,SCA,B1GQ,EE,1991-Q3,
Q,CP_MEUR,SCA,B1GQ,EE,1991-Q4,
Q,CP_MEUR,SCA,B1GQ,EE,1992-Q1,
Q,CP_MEUR,SCA,B1GQ,EE,1992-Q2,
Q,CP_MEUR,SCA,B1GQ,EE,1992-Q3,
Q,CP_MEUR,SCA,B1GQ,EE,1992-Q4,
Q,CP_MEUR,SCA,B1GQ,EE,1993-Q1,
Q,CP_MEUR,SCA,B1GQ,EE,1993-Q2,
Q,CP_MEUR,SCA,B1GQ,EE,1993-Q3,
Q,CP_MEUR,SCA,B1GQ,EE,1993-Q4,
Q,CP_MEUR,SCA,B1GQ,EE,1994-Q1,
Q,CP_MEUR,SCA,B1GQ,EE,1994-Q2,
Q,CP_MEUR,SCA,B1GQ,EE,1994-Q3,
Q,CP_MEUR,SCA,B1GQ,EE,1994-Q4,
Q,CP_MEUR,SCA,B1GQ,EE,1995-Q1,687.2
Q,CP_MEUR,SCA,B1GQ,EE,1995-Q2,731.4
Q,CP_MEUR,SCA,B1GQ,EE,1995-Q3,757.4
Q,CP_MEUR,SCA,B1GQ,EE,1995-Q4,810.1
Q,CP_MEUR,SCA,B1GQ,EE,1996-Q1,861.1
Q,CP_MEUR,SCA,B1GQ,EE,1996-Q2,915.9
Q,CP_MEUR,SCA,B1GQ,EE,1996-Q3,982.6
Q,CP_MEUR,SCA,B1GQ,EE,1996-Q4,1003.9
Q,CP_MEUR,SCA,B1GQ,EE,1997-Q1,1038.7
Q,CP_MEUR,SCA,B1GQ,EE,1997-Q2,1115.3
Q,CP_MEUR,SCA,B1GQ,EE,1997-Q3,1174.3
Q,CP_MEUR,SCA,B1GQ,EE,1997-Q4,1220.1
Q,CP_MEUR,SCA,B1GQ,EE,1998-Q1,1256
Q,CP_MEUR,SCA,B1GQ,EE,1998-Q2,1254.8
Q,CP_MEUR,SCA,B1GQ,EE,1998-Q3,1276.9
Q,CP_MEUR,SCA,B1GQ,EE,1998-Q4,1280.7
Q,CP_MEUR,SCA,B1GQ,EE,1999-Q1,1298.7
Q,CP_MEUR,SCA,B1GQ,EE,1999-Q2,1338.8
Q,CP_MEUR,SCA,B1GQ,EE,1999-Q3,1365.8
Q,CP_MEUR,SCA,B1GQ,EE,1999-Q4,1401.6
Q,CP_MEUR,SCA,B1GQ,EE,2000-Q1,1473.1
Q,CP_MEUR,SCA,B1GQ,EE,2000-Q2,1515.5
Q,CP_MEUR,SCA,B1GQ,EE,2000-Q3,1541.2
Q,CP_MEUR,SCA,B1GQ,EE,2000-Q4,1639.1
Q,CP_MEUR,SCA,B1GQ,EE,2001-Q1,1659.1
Q,CP_MEUR,SCA,B1GQ,EE,2001-Q2,1725.7
Q,CP_MEUR,SCA,B1GQ,EE,2001-Q3,1755.4
Q,CP_MEUR,SCA,B1GQ,EE,2001-Q4,1839.2
Q,CP_MEUR,SCA,B1GQ,EE,2002-Q1,1857.2
Q,CP_MEUR,SCA,B1GQ,EE,2002-Q2,1948.3
Q,CP_MEUR,SCA,B1GQ,EE,2002-Q3,1978.4
Q,CP_MEUR,SCA,B1GQ,EE,2002-Q4,2039.3
Q,CP_MEUR,SCA,B1GQ,EE,2003-Q1,2107.9
Q,CP_MEUR,SCA,B1GQ,EE,2003-Q2,2170.2
Q,CP_MEUR,SCA,B1GQ,EE,2003-Q3,2199.5
Q,CP_MEUR,SCA,B1GQ,EE,2003-Q4,2269.2
Q,CP_MEUR,SCA,B1GQ,EE,2004-Q1,2414.7
Q,CP_MEUR,SCA,B1GQ,EE,2004-Q2,2335.1
Q,CP_MEUR,SCA,B1GQ,EE,2004-Q3,2488.3
Q,CP_MEUR,SCA,B1GQ,EE,2004-Q4,2543.5
Q,CP_MEUR,SCA,B1GQ,EE,2005-Q1,2654.5
Q,CP_MEUR,SCA,B1GQ,EE,2005-Q2,2781.3
Q,CP_MEUR,SCA,B1GQ,EE,2005-Q3,2893.8
Q,CP_MEUR,SCA,B1GQ,EE,2005-Q4,3005.1
Q,CP_MEUR,SCA,B1GQ,EE,2006-Q1,3178.5
Q,CP_MEUR,SCA,B1GQ,EE,2006-Q2,3283.5
Q,CP_MEUR,SCA,B1GQ,EE,2006-Q3,3472.9
Q,CP_MEUR,SCA,B1GQ,EE,2006-Q4,3619.9
Q,CP_MEUR,SCA,B1GQ,EE,2007-Q1,3916.4
Q,CP_MEUR,SCA,B1GQ,EE,2007-Q2,4020.9
Q,CP_MEUR,SCA,B1GQ,EE,2007-Q3,4154.1
Q,CP_MEUR,SCA,B1GQ,EE,2007-Q4,4288.1
Q,CP_MEUR,SCA,B1GQ,EE,2008-Q1,4141.1
Q,CP_MEUR,SCA,B1GQ,EE,2008-Q2,4311
Q,CP_MEUR,SCA,B1GQ,EE,2008-Q3,4192.5
Q,CP_MEUR,SCA,B1GQ,EE,2008-Q4,3965.3
Q,CP_MEUR,SCA,B1GQ,EE,2009-Q1,3672.8
Q,CP_MEUR,SCA,B1GQ,EE,2009-Q2,3528.4
Q,CP_MEUR,SCA,B1GQ,EE,2009-Q3,3431
Q,CP_MEUR,SCA,B1GQ,EE,2009-Q4,3513.4
Q,CP_MEUR,SCA,B1GQ,EE,2010-Q1,3516.5
Q,CP_MEUR,SCA,B1GQ,EE,2010-Q2,3592.7
Q,CP_MEUR,SCA,B1GQ,EE,2010-Q3,3754.1
Q,CP_MEUR,SCA,B1GQ,EE,2010-Q4,3872.7
Q,CP_MEUR,SCA,B1GQ,EE,2011-Q1,4052.9
Q,CP_MEUR,SCA,B1GQ,EE,2011-Q2,4145.7
Q,CP_MEUR,SCA,B1GQ,EE,2011-Q3,4252.8
Q,CP_MEUR,SCA,B1GQ,EE,2011-Q4,4286.9
Q,CP_MEUR,SCA,B1GQ,EE,2012-Q1,4373.5
Q,CP_MEUR,SCA,B1GQ,EE,2012-Q2,4499.4
Q,CP_MEUR,SCA,B1GQ,EE,2012-Q3,4587.1
Q,CP_MEUR,SCA,B1GQ,EE,2012-Q4,4620.8
Q,CP_MEUR,SCA,B1GQ,EE,2013-Q1,4746.8
Q,CP_MEUR,SCA,B1GQ,EE,2013-Q2,4770.4
Q,CP_MEUR,SCA,B1GQ,EE,2013-Q3,4845.6
Q,CP_MEUR,SCA,B1GQ,EE,2013-Q4,4798.5
Q,CP_MEUR,SCA,B1GQ,EE,2014-Q1,4986.5
Q,CP_MEUR,SCA,B1GQ,EE,2014-Q2,5058.2
Q,CP_MEUR,SCA,B1GQ,EE,2014-Q3,5092.3
Q,CP_MEUR,SCA,B1GQ,EE,2014-Q4,5217
Q,CP_MEUR,SCA,B1GQ,EE,2015-Q1,5117.9
Q,CP_MEUR,SCA,B1GQ,EE,2015-Q2,5244.9
Q,CP_MEUR,SCA,B1GQ,EE,2015-Q3,5307.1
Q,CP_MEUR,SCA,B1GQ,EE,2015-Q4,5330.7
Q,CP_MEUR,SCA,B1GQ,EE,2016-Q1,5494.9
Q,CP_MEUR,SCA,B1GQ,EE,2016-Q2,5469
Q,CP_MEUR,SCA,B1GQ,EE,2016-Q3,5538.5
Q,CP_MEUR,SCA,B1GQ,EE,2016-Q4,5677.8
Q,CP_MEUR,SCA,B1GQ,EE,2017-Q1,5881.6
Q,CP_MEUR,SCA,B1GQ,EE,2017-Q2,6077.6
Q,CP_MEUR,SCA,B1GQ,EE,2017-Q3,6065.6
Q,CP_MEUR,SCA,B1GQ,EE,2017-Q4,6262
Q,CP_MEUR,SCA,B1GQ,EE,2018-Q1,6387
Q,CP_MEUR,SCA,B1GQ,EE,2018-Q2,6546.5
Q,CP_MEUR,SCA,B1GQ,EE,2018-Q3,6625.4
Q,CP_MEUR,SCA,B1GQ,EE,2018-Q4,6841.5
Q,CP_MEUR,SCA,B1GQ,EE,2019-Q1,6982.1
Q,CP_MEUR,SCA,B1GQ,EE,2019-Q2,7103.7
Q,CP_MEUR,SCA,B1GQ,EE,2019-Q3,7128.1
Q,CP_MEUR,SCA,B1GQ,EE,2019-Q4,7227.2
Q,CP_MEUR,SCA,B1GQ,EE,2020-Q1,7038.8
Q,CP_MEUR,SCA,B1GQ,EE,2020-Q2,6577.7
Q,CP_MEUR,SCA,B1GQ,EE,2020-Q3,7036.7
Q,CP_MEUR,SCA,B1GQ,EE,2020-Q4,7195.2
Q,CP_MEUR,SCA,B1GQ,EE,2021-Q1,7442.9
Q,CP_MEUR,SCA,B1GQ,EE,2021-Q2,7655.6
Q,CP_MEUR,SCA,B1GQ,EE,2021-Q3,7969.6
Q,CP_MEUR,SCA,B1GQ,EE,2021-Q4,8341.8
Q,CP_MEUR,SCA,B1GQ,EE,2022-Q1,8684.1
Q,CP_MEUR,SCA,B1GQ,EE,2022-Q2,8911.6
Q,CP_MEUR,SCA,B1GQ,EE,2022-Q3,9381.5
Q,CP_MEUR,SCA,B1GQ,EE,2022-Q4,9430.1
Q,CP_MEUR,SCA,B1GQ,EE,2023-Q1,9529.8
Q,CP_MEUR,SCA,B1GQ,EE,2023-Q2,9512.7
Q,CP_MEUR,SCA,B1GQ,EE,2023-Q3,9460.1
Q,CP_MEUR,SCA,B1GQ,EE,2023-Q4,9660.1
Q,CP_MEUR,SCA,B1GQ,EE,2024-Q1,9776.5
Q,CP_MEUR,SCA,B1GQ,EE,2024-Q2,9905.9
Q,CP_MEUR,SCA,B1GQ,EE,2024-Q3,10030.6
Q,CP_MEUR,SCA,B1GQ,EE,2024-Q4,10158.5
Q,CP_MEUR,SCA,B1GQ,EE,2025-Q1,10253.3
Q,CP_MEUR,SCA,B1GQ,EE,2025-Q2,10475.3
Q,CP_MEUR,SCA,B1GQ,EE,2025-Q3,10489.1
Q,CP_MEUR,SCA,B1GQ,EE,2025-Q4,10644.1
Q,CP_MEUR,SCA,B1GQ,EE,2026-Q1,10878.5
Q,CP_MEUR,SCA,B1GQ,EE,2026-Q2,11057.8
Q,CP_MEUR,SCA,B1GQ,IE,1978-Q1,
Q,CP_MEUR,SCA,B1GQ,IE,1978-Q2,
Q,CP_MEUR,SCA,B1GQ,IE,1978-Q3,
Q,CP_MEUR,SCA,B1GQ,IE,1978-Q4,
Q,CP_MEUR,SCA,B1GQ,IE,1979-Q1,
Q,CP_MEUR,SCA,B1GQ,IE,1979-Q2,
Q,CP_MEUR,SCA,B1GQ,IE,1979-Q3,
Q,CP_MEUR,SCA,B1GQ,IE,1979-Q4,
Q,CP_MEUR,SCA,B1GQ,IE,1980-Q1,
Q,CP_MEUR,SCA,B1GQ,IE,1980-Q2,
Q,CP_MEUR,SCA,B1GQ,IE,1980-Q3,
Q,CP_MEUR,SCA,B1GQ,IE,1980-Q4,
Q,CP_MEUR,SCA,B1GQ,IE,1981-Q1,
Q,CP_MEUR,SCA,B1GQ,IE,1981-Q2,
Q,CP_MEUR,SCA,B1GQ,IE,1981-Q3,
Q,CP_MEUR,SCA,B1GQ,IE,1981-Q4,
Q,CP_MEUR,SCA,B1GQ,IE,1982-Q1,
Q,CP_MEUR,SCA,B1GQ,IE,1982-Q2,
Q,CP_MEUR,SCA,B1GQ,IE,1982-Q3,
Q,CP_MEUR,SCA,B1GQ,IE,1982-Q4,
Q,CP_MEUR,SCA,B1GQ,IE,1983-Q1,
Q,CP_MEUR,SCA,B1GQ,IE,1983-Q2,
Q,CP_MEUR,SCA,B1GQ,IE,1983-Q3,
Q,CP_MEUR,SCA,B1GQ,IE,1983-Q4,
Q,CP_MEUR,SCA,B1GQ,IE,1984-Q1,
Q,CP_MEUR,SCA,B1GQ,IE,1984-Q2,
Q,CP_MEUR,SCA,B1GQ,IE,1984-Q3,
Q,CP_MEUR,SCA,B1GQ,IE,1984-Q4,
Q,CP_MEUR,SCA,B1GQ,IE,1985-Q1,
Q,CP_MEUR,SCA,B1GQ,IE,1985-Q2,
Q,CP_MEUR,SCA,B1GQ,IE,1985-Q3,
Q,CP_MEUR,SCA,B1GQ,IE,1985-Q4,
Q,CP_MEUR,SCA,B1GQ,IE,1986-Q1,
Q,CP_MEUR,SCA,B1GQ,IE,1986-Q2,
Q,CP_MEUR,SCA,B1GQ,IE,1986-Q3,
Q,CP_MEUR,SCA,B1GQ,IE,1986-Q4,
Q,CP_MEUR,SCA,B1GQ,IE,1987-Q1,
Q,CP_MEUR,SCA,B1GQ,IE,1987-Q2,
Q,CP_MEUR,SCA,B1GQ,IE,1987-Q3,
Q,CP_MEUR,SCA,B1GQ,IE,1987-Q4,
Q,CP_MEUR,SCA,B1GQ,IE,1988-Q1,
Q,CP_MEUR,SCA,B1GQ,IE,1988-Q2,
Q,CP_MEUR,SCA,B1GQ,IE,1988-Q3,
Q,CP_MEUR,SCA,B1GQ,IE,1988-Q4,
Q,CP_MEUR,SCA,B1GQ,IE,1989-Q1,
Q,CP_MEUR,SCA,B1GQ,IE,1989-Q2,
Q,CP_MEUR,SCA,B1GQ,IE,1989-Q3,
Q,CP_MEUR,SCA,B1GQ,IE,1989-Q4,
Q,CP_MEUR,SCA,B1GQ,IE,1990-Q1,
Q,CP_MEUR,SCA,B1GQ,IE,1990-Q2,
Q,CP_MEUR,SCA,B1GQ,IE,1990-Q3,
Q,CP_MEUR,SCA,B1GQ,IE,1990-Q4,
Q,CP_MEUR,SCA,B1GQ,IE,1991-Q1,
Q,CP_MEUR,SCA,B1GQ,IE,1991-Q2,
Q,CP_MEUR,SCA,B1GQ,IE,1991-Q3,
Q,CP_MEUR,SCA,B1GQ,IE,1991-Q4,
Q,CP_MEUR,SCA,B1GQ,IE,1992-Q1,
Q,CP_MEUR,SCA,B1GQ,IE,1992-Q2,
Q,CP_MEUR,SCA,B1GQ,IE,1992-Q3,
Q,CP_MEUR,SCA,B1GQ,IE,1992-Q4,
Q,CP_MEUR,SCA,B1GQ,IE,1993-Q1,
Q,CP_MEUR,SCA,B1GQ,IE,1993-Q2,
Q,CP_MEUR,SCA,B1GQ,IE,1993-Q3,
Q,CP_MEUR,SCA,B1GQ,IE,1993-Q4,
Q,CP_MEUR,SCA,B1GQ,IE,1994-Q1,
Q,CP_MEUR,SCA,B1GQ,IE,1994-Q2,
Q,CP_MEUR,SCA,B1GQ,IE,1994-Q3,
Q,CP_MEUR,SCA,B1GQ,IE,1994-Q4,
Q,CP_MEUR,SCA,B1GQ,IE,1995-Q1,12922.8
Q,CP_MEUR,SCA,B1GQ,IE,1995-Q2,13156
Q,CP_MEUR,SCA,B1GQ,IE,1995-Q3,13261.6
Q,CP_MEUR,SCA,B1GQ,IE,1995-Q4,13612
Q,CP_MEUR,SCA,B1GQ,IE,1996-Q1,14189.6
Q,CP_MEUR,SCA,B1GQ,IE,1996-Q2,14795.6
Q,CP_MEUR,SCA,B1GQ,IE,1996-Q3,14842.5
Q,CP_MEUR,SCA,B1GQ,IE,1996-Q4,15828
Q,CP_MEUR,SCA,B1GQ,IE,1997-Q1,17318
Q,CP_MEUR,SCA,B1GQ,IE,1997-Q2,17891.3
Q,CP_MEUR,SCA,B1GQ,IE,1997-Q3,18610.3
Q,CP_MEUR,SCA,B1GQ,IE,1997-Q4,19206.7
Q,CP_MEUR,SCA,B1GQ,IE,1998-Q1,19127.2
Q,CP_MEUR,SCA,B1GQ,IE,1998-Q2,19963.2
Q,CP_MEUR,SCA,B1GQ,IE,1998-Q3,20859
Q,CP_MEUR,SCA,B1GQ,IE,1998-Q4,20891.9
Q,CP_MEUR,SCA,B1GQ,IE,1999-Q1,21827.3
Q,CP_MEUR,SCA,B1GQ,IE,1999-Q2,22368
Q,CP_MEUR,SCA,B1GQ,IE,1999-Q3,23808.6
Q,CP_MEUR,SCA,B1GQ,IE,1999-Q4,24908.1
Q,CP_MEUR,SCA,B1GQ,IE,2000-Q1,25688.4
Q,CP_MEUR,SCA,B1GQ,IE,2000-Q2,26722.3
Q,CP_MEUR,SCA,B1GQ,IE,2000-Q3,27488.1
Q,CP_MEUR,SCA,B1GQ,IE,2000-Q4,28696.5
Q,CP_MEUR,SCA,B1GQ,IE,2001-Q1,29967.5
Q,CP_MEUR,SCA,B1GQ,IE,2001-Q2,30409.1
Q,CP_MEUR,SCA,B1GQ,IE,2001-Q3,30581.8
Q,CP_MEUR,SCA,B1GQ,IE,2001-Q4,31264.4
Q,CP_MEUR,SCA,B1GQ,IE,2002-Q1,33271.9
Q,CP_MEUR,SCA,B1GQ,IE,2002-Q2,33281.8
Q,CP_MEUR,SCA,B1GQ,IE,2002-Q3,34705.9
Q,CP_MEUR,SCA,B1GQ,IE,2002-Q4,34799.9
Q,CP_MEUR,SCA,B1GQ,IE,2003-Q1,35150.6
Q,CP_MEUR,SCA,B1GQ,IE,2003-Q2,35960.9
Q,CP_MEUR,SCA,B1GQ,IE,2003-Q3,36014.4
Q,CP_MEUR,SCA,B1GQ,IE,2003-Q4,38517.5
Q,CP_MEUR,SCA,B1GQ,IE,2004-Q1,37871.3
Q,CP_MEUR,SCA,B1GQ,IE,2004-Q2,39199.6
Q,CP_MEUR,SCA,B1GQ,IE,2004-Q3,38877.2
Q,CP_MEUR,SCA,B1GQ,IE,2004-Q4,40356.3
Q,CP_MEUR,SCA,B1GQ,IE,2005-Q1,41271.3
Q,CP_MEUR,SCA,B1GQ,IE,2005-Q2,42465.3
Q,CP_MEUR,SCA,B1GQ,IE,2005-Q3,42542.7
Q,CP_MEUR,SCA,B1GQ,IE,2005-Q4,43860.5
Q,CP_MEUR,SCA,B1GQ,IE,2006-Q1,45230.7
Q,CP_MEUR,SCA,B1GQ,IE,2006-Q2,45934.9
Q,CP_MEUR,SCA,B1GQ,IE,2006-Q3,46575.4
Q,CP_MEUR,SCA,B1GQ,IE,2006-Q4,47295.4
Q,CP_MEUR,SCA,B1GQ,IE,2007-Q1,49489.5
Q,CP_MEUR,SCA,B1GQ,IE,2007-Q2,49613.1
Q,CP_MEUR,SCA,B1GQ,IE,2007-Q3,48251.5
Q,CP_MEUR,SCA,B1GQ,IE,2007-Q4,49763.6
Q,CP_MEUR,SCA,B1GQ,IE,2008-Q1,48244.7
Q,CP_MEUR,SCA,B1GQ,IE,2008-Q2,47185.2
Q,CP_MEUR,SCA,B1GQ,IE,2008-Q3,46816.6
Q,CP_MEUR,SCA,B1GQ,IE,2008-Q4,44989.6
Q,CP_MEUR,SCA,B1GQ,IE,2009-Q1,43159.1
Q,CP_MEUR,SCA,B1GQ,IE,2009-Q2,43047.4
Q,CP_MEUR,SCA,B1GQ,IE,2009-Q3,42304.5
Q,CP_MEUR,SCA,B1GQ,IE,2009-Q4,41327.9
Q,CP_MEUR,SCA,B1GQ,IE,2010-Q1,41378.8
Q,CP_MEUR,SCA,B1GQ,IE,2010-Q2,41593.5
Q,CP_MEUR,SCA,B1GQ,IE,2010-Q3,42275.4
Q,CP_MEUR,SCA,B1GQ,IE,2010-Q4,42048.1
Q,CP_MEUR,SCA,B1GQ,IE,2011-Q1,42760
Q,CP_MEUR,SCA,B1GQ,IE,2011-Q2,43582.5
Q,CP_MEUR,SCA,B1GQ,IE,2011-Q3,43558.8
Q,CP_MEUR,SCA,B1GQ,IE,2011-Q4,42863.3
Q,CP_MEUR,SCA,B1GQ,IE,2012-Q1,43978.2
Q,CP_MEUR,SCA,B1GQ,IE,2012-Q2,44610.8
Q,CP_MEUR,SCA,B1GQ,IE,2012-Q3,44316.7
Q,CP_MEUR,SCA,B1GQ,IE,2012-Q4,43604.1
Q,CP_MEUR,SCA,B1GQ,IE,2013-Q1,44646.3
Q,CP_MEUR,SCA,B1GQ,IE,2013-Q2,45179.3
Q,CP_MEUR,SCA,B1GQ,IE,2013-Q3,47055
Q,CP_MEUR,SCA,B1GQ,IE,2013-Q4,45403.5
Q,CP_MEUR,SCA,B1GQ,IE,2014-Q1,48499.6
Q,CP_MEUR,SCA,B1GQ,IE,2014-Q2,50239.4
Q,CP_MEUR,SCA,B1GQ,IE,2014-Q3,50614.6
Q,CP_MEUR,SCA,B1GQ,IE,2014-Q4,50681.2
Q,CP_MEUR,SCA,B1GQ,IE,2015-Q1,66187.5
Q,CP_MEUR,SCA,B1GQ,IE,2015-Q2,66783.3
Q,CP_MEUR,SCA,B1GQ,IE,2015-Q3,69179
Q,CP_MEUR,SCA,B1GQ,IE,2015-Q4,70639.8
Q,CP_MEUR,SCA,B1GQ,IE,2016-Q1,66875.4
Q,CP_MEUR,SCA,B1GQ,IE,2016-Q2,66405
Q,CP_MEUR,SCA,B1GQ,IE,2016-Q3,68806.8
Q,CP_MEUR,SCA,B1GQ,IE,2016-Q4,72794
Q,CP_MEUR,SCA,B1GQ,IE,2017-Q1,73783.8
Q,CP_MEUR,SCA,B1GQ,IE,2017-Q2,74960.4
Q,CP_MEUR,SCA,B1GQ,IE,2017-Q3,78480.2
Q,CP_MEUR,SCA,B1GQ,IE,2017-Q4,81161.6
Q,CP_MEUR,SCA,B1GQ,IE,2018-Q1,82921.8
Q,CP_MEUR,SCA,B1GQ,IE,2018-Q2,82697.8
Q,CP_MEUR,SCA,B1GQ,IE,2018-Q3,84579.8
Q,CP_MEUR,SCA,B1GQ,IE,2018-Q4,85252.5
Q,CP_MEUR,SCA,B1GQ,IE,2019-Q1,87833.7
Q,CP_MEUR,SCA,B1GQ,IE,2019-Q2,89957
Q,CP_MEUR,SCA,B1GQ,IE,2019-Q3,92237.3
Q,CP_MEUR,SCA,B1GQ,IE,2019-Q4,93465.3
Q,CP_MEUR,SCA,B1GQ,IE,2020-Q1,95970
Q,CP_MEUR,SCA,B1GQ,IE,2020-Q2,89632.1
Q,CP_MEUR,SCA,B1GQ,IE,2020-Q3,99614.5
Q,CP_MEUR,SCA,B1GQ,IE,2020-Q4,97311.6
Q,CP_MEUR,SCA,B1GQ,IE,2021-Q1,107121.9
Q,CP_MEUR,SCA,B1GQ,IE,2021-Q2,110355.3
Q,CP_MEUR,SCA,B1GQ,IE,2021-Q3,116013.9
Q,CP_MEUR,SCA,B1GQ,IE,2021-Q4,115655.3
Q,CP_MEUR,SCA,B1GQ,IE,2022-Q1,123470.7
Q,CP_MEUR,SCA,B1GQ,IE,2022-Q2,130476.3
Q,CP_MEUR,SCA,B1GQ,IE,2022-Q3,135181.6
Q,CP_MEUR,SCA,B1GQ,IE,2022-Q4,133805.3
Q,CP_MEUR,SCA,B1GQ,IE,2023-Q1,130699.8
Q,CP_MEUR,SCA,B1GQ,IE,2023-Q2,131996.3
Q,CP_MEUR,SCA,B1GQ,IE,2023-Q3,131080.6
Q,CP_MEUR,SCA,B1GQ,IE,2023-Q4,127888.6
Q,CP_MEUR,SCA,B1GQ,IE,2024-Q1,133730.6
Q,CP_MEUR,SCA,B1GQ,IE,2024-Q2,136749.6
Q,CP_MEUR,SCA,B1GQ,IE,2024-Q3,142893.1
Q,CP_MEUR,SCA,B1GQ,IE,2024-Q4,148195.5
Q,CP_MEUR,SCA,B1GQ,IE,2025-Q1,158216.2
Q,CP_MEUR,SCA,B1GQ,IE,2025-Q2,151565.4
Q,CP_MEUR,SCA,B1GQ,IE,2025-Q3,146900.5
Q,CP_MEUR,SCA,B1GQ,IE,2025-Q4,145851.2
Q,CP_MEUR,SCA,B1GQ,IE,2026-Q1,137743.1
Q,CP_MEUR,SCA,B1GQ,IE,2026-Q2,153620.1
Q,CP_MEUR,SCA,B1GQ,EL,1978-Q1,
Q,CP_MEUR,SCA,B1GQ,EL,1978-Q2,
Q,CP_MEUR,SCA,B1GQ,EL,1978-Q3,
Q,CP_MEUR,SCA,B1GQ,EL,1978-Q4,
Q,CP_MEUR,SCA,B1GQ,EL,1979-Q1,
Q,CP_MEUR,SCA,B1GQ,EL,1979-Q2,
Q,CP_MEUR,SCA,B1GQ,EL,1979-Q3,
Q,CP_MEUR,SCA,B1GQ,EL,1979-Q4,
Q,CP_MEUR,SCA,B1GQ,EL,1980-Q1,
Q,CP_MEUR,SCA,B1GQ,EL,1980-Q2,
Q,CP_MEUR,SCA,B1GQ,EL,1980-Q3,
Q,CP_MEUR,SCA,B1GQ,EL,1980-Q4,
Q,CP_MEUR,SCA,B1GQ,EL,1981-Q1,
Q,CP_MEUR,SCA,B1GQ,EL,1981-Q2,
Q,CP_MEUR,SCA,B1GQ,EL,1981-Q3,
Q,CP_MEUR,SCA,B1GQ,EL,1981-Q4,
Q,CP_MEUR,SCA,B1GQ,EL,1982-Q1,
Q,CP_MEUR,SCA,B1GQ,EL,1982-Q2,
Q,CP_MEUR,SCA,B1GQ,EL,1982-Q3,
Q,CP_MEUR,SCA,B1GQ,EL,1982-Q4,
Q,CP_MEUR,SCA,B1GQ,EL,1983-Q1,
Q,CP_MEUR,SCA,B1GQ,EL,1983-Q2,
Q,CP_MEUR,SCA,B1GQ,EL,1983-Q3,
Q,CP_MEUR,SCA,B1GQ,EL,1983-Q4,
Q,CP_MEUR,SCA,B1GQ,EL,1984-Q1,
Q,CP_MEUR,SCA,B1GQ,EL,1984-Q2,
Q,CP_MEUR,SCA,B1GQ,EL,1984-Q3,
Q,CP_MEUR,SCA,B1GQ,EL,1984-Q4,
Q,CP_MEUR,SCA,B1GQ,EL,1985-Q1,
Q,CP_MEUR,SCA,B1GQ,EL,1985-Q2,
Q,CP_MEUR,SCA,B1GQ,EL,1985-Q3,
Q,CP_MEUR,SCA,B1GQ,EL,1985-Q4,
Q,CP_MEUR,SCA,B1GQ,EL,1986-Q1,
Q,CP_MEUR,SCA,B1GQ,EL,1986-Q2,
Q,CP_MEUR,SCA,B1GQ,EL,1986-Q3,
Q,CP_MEUR,SCA,B1GQ,EL,1986-Q4,
Q,CP_MEUR,SCA,B1GQ,EL,1987-Q1,
Q,CP_MEUR,SCA,B1GQ,EL,1987-Q2,
Q,CP_MEUR,SCA,B1GQ,EL,1987-Q3,
Q,CP_MEUR,SCA,B1GQ,EL,1987-Q4,
Q,CP_MEUR,SCA,B1GQ,EL,1988-Q1,
Q,CP_MEUR,SCA,B1GQ,EL,1988-Q2,
Q,CP_MEUR,SCA,B1GQ,EL,1988-Q3,
Q,CP_MEUR,SCA,B1GQ,EL,1988-Q4,
Q,CP_MEUR,SCA,B1GQ,EL,1989-Q1,
Q,CP_MEUR,SCA,B1GQ,EL,1989-Q2,
Q,CP_MEUR,SCA,B1GQ,EL,1989-Q3,
Q,CP_MEUR,SCA,B1GQ,EL,1989-Q4,
Q,CP_MEUR,SCA,B1GQ,EL,1990-Q1,
Q,CP_MEUR,SCA,B1GQ,EL,1990-Q2,
Q,CP_MEUR,SCA,B1GQ,EL,1990-Q3,
Q,CP_MEUR,SCA,B1GQ,EL,1990-Q4,
Q,CP_MEUR,SCA,B1GQ,EL,1991-Q1,
Q,CP_MEUR,SCA,B1GQ,EL,1991-Q2,
Q,CP_MEUR,SCA,B1GQ,EL,1991-Q3,
Q,CP_MEUR,SCA,B1GQ,EL,1991-Q4,
Q,CP_MEUR,SCA,B1GQ,EL,1992-Q1,
Q,CP_MEUR,SCA,B1GQ,EL,1992-Q2,
Q,CP_MEUR,SCA,B1GQ,EL,1992-Q3,
Q,CP_MEUR,SCA,B1GQ,EL,1992-Q4,
Q,CP_MEUR,SCA,B1GQ,EL,1993-Q1,
Q,CP_MEUR,SCA,B1GQ,EL,1993-Q2,
Q,CP_MEUR,SCA,B1GQ,EL,1993-Q3,
Q,CP_MEUR,SCA,B1GQ,EL,1993-Q4,
Q,CP_MEUR,SCA,B1GQ,EL,1994-Q1,
Q,CP_MEUR,SCA,B1GQ,EL,1994-Q2,
Q,CP_MEUR,SCA,B1GQ,EL,1994-Q3,
Q,CP_MEUR,SCA,B1GQ,EL,1994-Q4,
Q,CP_MEUR,SCA,B1GQ,EL,1995-Q1,25376.2
Q,CP_MEUR,SCA,B1GQ,EL,1995-Q2,25570.4
Q,CP_MEUR,SCA,B1GQ,EL,1995-Q3,26036.9
Q,CP_MEUR,SCA,B1GQ,EL,1995-Q4,26030.7
Q,CP_MEUR,SCA,B1GQ,EL,1996-Q1,26540.4
Q,CP_MEUR,SCA,B1GQ,EL,1996-Q2,27750.8
Q,CP_MEUR,SCA,B1GQ,EL,1996-Q3,28544.1
Q,CP_MEUR,SCA,B1GQ,EL,1996-Q4,29216
Q,CP_MEUR,SCA,B1GQ,EL,1997-Q1,29725.7
Q,CP_MEUR,SCA,B1GQ,EL,1997-Q2,30014.2
Q,CP_MEUR,SCA,B1GQ,EL,1997-Q3,30859.5
Q,CP_MEUR,SCA,B1GQ,EL,1997-Q4,31703.1
Q,CP_MEUR,SCA,B1GQ,EL,1998-Q1,31348.5
Q,CP_MEUR,SCA,B1GQ,EL,1998-Q2,30042
Q,CP_MEUR,SCA,B1GQ,EL,1998-Q3,31238.7
Q,CP_MEUR,SCA,B1GQ,EL,1998-Q4,31963.6
Q,CP_MEUR,SCA,B1GQ,EL,1999-Q1,33150.7
Q,CP_MEUR,SCA,B1GQ,EL,1999-Q2,33463.2
Q,CP_MEUR,SCA,B1GQ,EL,1999-Q3,33782.6
Q,CP_MEUR,SCA,B1GQ,EL,1999-Q4,34261.2
Q,CP_MEUR,SCA,B1GQ,EL,2000-Q1,34028.7
Q,CP_MEUR,SCA,B1GQ,EL,2000-Q2,34351.9
Q,CP_MEUR,SCA,B1GQ,EL,2000-Q3,34705.6
Q,CP_MEUR,SCA,B1GQ,EL,2000-Q4,34899.5
Q,CP_MEUR,SCA,B1GQ,EL,2001-Q1,35951.3
Q,CP_MEUR,SCA,B1GQ,EL,2001-Q2,36350.1
Q,CP_MEUR,SCA,B1GQ,EL,2001-Q3,37415.3
Q,CP_MEUR,SCA,B1GQ,EL,2001-Q4,37953.3
Q,CP_MEUR,SCA,B1GQ,EL,2002-Q1,38538.1
Q,CP_MEUR,SCA,B1GQ,EL,2002-Q2,39562.5
Q,CP_MEUR,SCA,B1GQ,EL,2002-Q3,39973.6
Q,CP_MEUR,SCA,B1GQ,EL,2002-Q4,41016.7
Q,CP_MEUR,SCA,B1GQ,EL,2003-Q1,42098.4
Q,CP_MEUR,SCA,B1GQ,EL,2003-Q2,42959
Q,CP_MEUR,SCA,B1GQ,EL,2003-Q3,44140.1
Q,CP_MEUR,SCA,B1GQ,EL,2003-Q4,45163.7
Q,CP_MEUR,SCA,B1GQ,EL,2004-Q1,46371.5
Q,CP_MEUR,SCA,B1GQ,EL,2004-Q2,46900.8
Q,CP_MEUR,SCA,B1GQ,EL,2004-Q3,47992.9
Q,CP_MEUR,SCA,B1GQ,EL,2004-Q4,47783.8
Q,CP_MEUR,SCA,B1GQ,EL,2005-Q1,47556.8
Q,CP_MEUR,SCA,B1GQ,EL,2005-Q2,48361.9
Q,CP_MEUR,SCA,B1GQ,EL,2005-Q3,49149
Q,CP_MEUR,SCA,B1GQ,EL,2005-Q4,49966.4
Q,CP_MEUR,SCA,B1GQ,EL,2006-Q1,52261.3
Q,CP_MEUR,SCA,B1GQ,EL,2006-Q2,53204.2
Q,CP_MEUR,SCA,B1GQ,EL,2006-Q3,53905.4
Q,CP_MEUR,SCA,B1GQ,EL,2006-Q4,55088.3
Q,CP_MEUR,SCA,B1GQ,EL,2007-Q1,56018.1
Q,CP_MEUR,SCA,B1GQ,EL,2007-Q2,57486
Q,CP_MEUR,SCA,B1GQ,EL,2007-Q3,57920.1
Q,CP_MEUR,SCA,B1GQ,EL,2007-Q4,57898
Q,CP_MEUR,SCA,B1GQ,EL,2008-Q1,59680.9
Q,CP_MEUR,SCA,B1GQ,EL,2008-Q2,59416.8
Q,CP_MEUR,SCA,B1GQ,EL,2008-Q3,60382.5
Q,CP_MEUR,SCA,B1GQ,EL,2008-Q4,59193.6
Q,CP_MEUR,SCA,B1GQ,EL,2009-Q1,57415.1
Q,CP_MEUR,SCA,B1GQ,EL,2009-Q2,58779.9
Q,CP_MEUR,SCA,B1GQ,EL,2009-Q3,58857.6
Q,CP_MEUR,SCA,B1GQ,EL,2009-Q4,59440.3
Q,CP_MEUR,SCA,B1GQ,EL,2010-Q1,58371.2
Q,CP_MEUR,SCA,B1GQ,EL,2010-Q2,56508.1
Q,CP_MEUR,SCA,B1GQ,EL,2010-Q3,54984.2
Q,CP_MEUR,SCA,B1GQ,EL,2010-Q4,54328.9
Q,CP_MEUR,SCA,B1GQ,EL,2011-Q1,52737.1
Q,CP_MEUR,SCA,B1GQ,EL,2011-Q2,51771.4
Q,CP_MEUR,SCA,B1GQ,EL,2011-Q3,50688.7
Q,CP_MEUR,SCA,B1GQ,EL,2011-Q4,48826
Q,CP_MEUR,SCA,B1GQ,EL,2012-Q1,47880.9
Q,CP_MEUR,SCA,B1GQ,EL,2012-Q2,46782.4
Q,CP_MEUR,SCA,B1GQ,EL,2012-Q3,46139.6
Q,CP_MEUR,SCA,B1GQ,EL,2012-Q4,45427.1
Q,CP_MEUR,SCA,B1GQ,EL,2013-Q1,45021.5
Q,CP_MEUR,SCA,B1GQ,EL,2013-Q2,44826.8
Q,CP_MEUR,SCA,B1GQ,EL,2013-Q3,44351
Q,CP_MEUR,SCA,B1GQ,EL,2013-Q4,43956.6
Q,CP_MEUR,SCA,B1GQ,EL,2014-Q1,43955.1
Q,CP_MEUR,SCA,B1GQ,EL,2014-Q2,43786.6
Q,CP_MEUR,SCA,B1GQ,EL,2014-Q3,44372.9
Q,CP_MEUR,SCA,B1GQ,EL,2014-Q4,44070.1
Q,CP_MEUR,SCA,B1GQ,EL,2015-Q1,44024.8
Q,CP_MEUR,SCA,B1GQ,EL,2015-Q2,43815.2
Q,CP_MEUR,SCA,B1GQ,EL,2015-Q3,43240.7
Q,CP_MEUR,SCA,B1GQ,EL,2015-Q4,44211.5
Q,CP_MEUR,SCA,B1GQ,EL,2016-Q1,43461.8
Q,CP_MEUR,SCA,B1GQ,EL,2016-Q2,43685.9
Q,CP_MEUR,SCA,B1GQ,EL,2016-Q3,43613.6
Q,CP_MEUR,SCA,B1GQ,EL,2016-Q4,43864.9
Q,CP_MEUR,SCA,B1GQ,EL,2017-Q1,44045.1
Q,CP_MEUR,SCA,B1GQ,EL,2017-Q2,44159.6
Q,CP_MEUR,SCA,B1GQ,EL,2017-Q3,44652.9
Q,CP_MEUR,SCA,B1GQ,EL,2017-Q4,44398.4
Q,CP_MEUR,SCA,B1GQ,EL,2018-Q1,44938.3
Q,CP_MEUR,SCA,B1GQ,EL,2018-Q2,45000
Q,CP_MEUR,SCA,B1GQ,EL,2018-Q3,45127
Q,CP_MEUR,SCA,B1GQ,EL,2018-Q4,45472.8
Q,CP_MEUR,SCA,B1GQ,EL,2019-Q1,46012.7
Q,CP_MEUR,SCA,B1GQ,EL,2019-Q2,46580.4
Q,CP_MEUR,SCA,B1GQ,EL,2019-Q3,46046.7
Q,CP_MEUR,SCA,B1GQ,EL,2019-Q4,45932.7
Q,CP_MEUR,SCA,B1GQ,EL,2020-Q1,45442.3
Q,CP_MEUR,SCA,B1GQ,EL,2020-Q2,38980.9
Q,CP_MEUR,SCA,B1GQ,EL,2020-Q3,41213.3
Q,CP_MEUR,SCA,B1GQ,EL,2020-Q4,42321.1
Q,CP_MEUR,SCA,B1GQ,EL,2021-Q1,43837.9
Q,CP_MEUR,SCA,B1GQ,EL,2021-Q2,45019
Q,CP_MEUR,SCA,B1GQ,EL,2021-Q3,46395.6
Q,CP_MEUR,SCA,B1GQ,EL,2021-Q4,48584
Q,CP_MEUR,SCA,B1GQ,EL,2022-Q1,50316.3
Q,CP_MEUR,SCA,B1GQ,EL,2022-Q2,51371.8
Q,CP_MEUR,SCA,B1GQ,EL,2022-Q3,51645.1
Q,CP_MEUR,SCA,B1GQ,EL,2022-Q4,52946
Q,CP_MEUR,SCA,B1GQ,EL,2023-Q1,54655.2
Q,CP_MEUR,SCA,B1GQ,EL,2023-Q2,56016.7
Q,CP_MEUR,SCA,B1GQ,EL,2023-Q3,56057.9
Q,CP_MEUR,SCA,B1GQ,EL,2023-Q4,57245.4
Q,CP_MEUR,SCA,B1GQ,EL,2024-Q1,57814
Q,CP_MEUR,SCA,B1GQ,EL,2024-Q2,58873.7
Q,CP_MEUR,SCA,B1GQ,EL,2024-Q3,59383
Q,CP_MEUR,SCA,B1GQ,EL,2024-Q4,60167.8
Q,CP_MEUR,SCA,B1GQ,EL,2025-Q1,60956.1
Q,CP_MEUR,SCA,B1GQ,EL,2025-Q2,61557.8
Q,CP_MEUR,SCA,B1GQ,EL,2025-Q3,62486.4
Q,CP_MEUR,SCA,B1GQ,EL,2025-Q4,62933.6
Q,CP_MEUR,SCA,B1GQ,EL,2026-Q1,63851
Q,CP_MEUR,SCA,B1GQ,EL,2026-Q2,65169.4
Q,CP_MEUR,SCA,B1GQ,ES,1978-Q1,
Q,CP_MEUR,SCA,B1GQ,ES,1978-Q2,
Q,CP_MEUR,SCA,B1GQ,ES,1978-Q3,
Q,CP_MEUR,SCA,B1GQ,ES,1978-Q4,
Q,CP_MEUR,SCA,B1GQ,ES,1979-Q1,
Q,CP_MEUR,SCA,B1GQ,ES,1979-Q2,
Q,CP_MEUR,SCA,B1GQ,ES,1979-Q3,
Q,CP_MEUR,SCA,B1GQ,ES,1979-Q4,
Q,CP_MEUR,SCA,B1GQ,ES,1980-Q1,
Q,CP_MEUR,SCA,B1GQ,ES,1980-Q2,
Q,CP_MEUR,SCA,B1GQ,ES,1980-Q3,
Q,CP_MEUR,SCA,B1GQ,ES,1980-Q4,
Q,CP_MEUR,SCA,B1GQ,ES,1981-Q1,
Q,CP_MEUR,SCA,B1GQ,ES,1981-Q2,
Q,CP_MEUR,SCA,B1GQ,ES,1981-Q3,
Q,CP_MEUR,SCA,B1GQ,ES,1981-Q4,
Q,CP_MEUR,SCA,B1GQ,ES,1982-Q1,
Q,CP_MEUR,SCA,B1GQ,ES,1982-Q2,
Q,CP_MEUR,SCA,B1GQ,ES,1982-Q3,
Q,CP_MEUR,SCA,B1GQ,ES,1982-Q4,
Q,CP_MEUR,SCA,B1GQ,ES,1983-Q1,
Q,CP_MEUR,SCA,B1GQ,ES,1983-Q2,
Q,CP_MEUR,SCA,B1GQ,ES,1983-Q3,
Q,CP_MEUR,SCA,B1GQ,ES,1983-Q4,
Q,CP_MEUR,SCA,B1GQ,ES,1984-Q1,
Q,CP_MEUR,SCA,B1GQ,ES,1984-Q2,
Q,CP_MEUR,SCA,B1GQ,ES,1984-Q3,
Q,CP_MEUR,SCA,B1GQ,ES,1984-Q4,
Q,CP_MEUR,SCA,B1GQ,ES,1985-Q1,
Q,CP_MEUR,SCA,B1GQ,ES,1985-Q2,
Q,CP_MEUR,SCA,B1GQ,ES,1985-Q3,
Q,CP_MEUR,SCA,B1GQ,ES,1985-Q4,
Q,CP_MEUR,SCA,B1GQ,ES,1986-Q1,
Q,CP_MEUR,SCA,B1GQ,ES,1986-Q2,
Q,CP_MEUR,SCA,B1GQ,ES,1986-Q3,
Q,CP_MEUR,SCA,B1GQ,ES,1986-Q4,
Q,CP_MEUR,SCA,B1GQ,ES,1987-Q1,
Q,CP_MEUR,SCA,B1GQ,ES,1987-Q2,
Q,CP_MEUR,SCA,B1GQ,ES,1987-Q3,
Q,CP_MEUR,SCA,B1GQ,ES,1987-Q4,
Q,CP_MEUR,SCA,B1GQ,ES,1988-Q1,
Q,CP_MEUR,SCA,B1GQ,ES,1988-Q2,
Q,CP_MEUR,SCA,B1GQ,ES,1988-Q3,
Q,CP_MEUR,SCA,B1GQ,ES,1988-Q4,
Q,CP_MEUR,SCA,B1GQ,ES,1989-Q1,
Q,CP_MEUR,SCA,B1GQ,ES,1989-Q2,
Q,CP_MEUR,SCA,B1GQ,ES,1989-Q3,
Q,CP_MEUR,SCA,B1GQ,ES,1989-Q4,
Q,CP_MEUR,SCA,B1GQ,ES,1990-Q1,
Q,CP_MEUR,SCA,B1GQ,ES,1990-Q2,
Q,CP_MEUR,SCA,B1GQ,ES,1990-Q3,
Q,CP_MEUR,SCA,B1GQ,ES,1990-Q4,
Q,CP_MEUR,SCA,B1GQ,ES,1991-Q1,
Q,CP_MEUR,SCA,B1GQ,ES,1991-Q2,
Q,CP_MEUR,SCA,B1GQ,ES,1991-Q3,
Q,CP_MEUR,SCA,B1GQ,ES,1991-Q4,
Q,CP_MEUR,SCA,B1GQ,ES,1992-Q1,
Q,CP_MEUR,SCA,B1GQ,ES,1992-Q2,
Q,CP_MEUR,SCA,B1GQ,ES,1992-Q3,
Q,CP_MEUR,SCA,B1GQ,ES,1992-Q4,
Q,CP_MEUR,SCA,B1GQ,ES,1993-Q1,
Q,CP_MEUR,SCA,B1GQ,ES,1993-Q2,
Q,CP_MEUR,SCA,B1GQ,ES,1993-Q3,
Q,CP_MEUR,SCA,B1GQ,ES,1993-Q4,
Q,CP_MEUR,SCA,B1GQ,ES,1994-Q1,
Q,CP_MEUR,SCA,B1GQ,ES,1994-Q2,
Q,CP_MEUR,SCA,B1GQ,ES,1994-Q3,
Q,CP_MEUR,SCA,B1GQ,ES,1994-Q4,
Q,CP_MEUR,SCA,B1GQ,ES,1995-Q1,112794.6
Q,CP_MEUR,SCA,B1GQ,ES,1995-Q2,116212.4
Q,CP_MEUR,SCA,B1GQ,ES,1995-Q3,119324.9
Q,CP_MEUR,SCA,B1GQ,ES,1995-Q4,121659.6
Q,CP_MEUR,SCA,B1GQ,ES,1996-Q1,124809.3
Q,CP_MEUR,SCA,B1GQ,ES,1996-Q2,126056
Q,CP_MEUR,SCA,B1GQ,ES,1996-Q3,127418
Q,CP_MEUR,SCA,B1GQ,ES,1996-Q4,127825.2
Q,CP_MEUR,SCA,B1GQ,ES,1997-Q1,127308.5
Q,CP_MEUR,SCA,B1GQ,ES,1997-Q2,128355.5
Q,CP_MEUR,SCA,B1GQ,ES,1997-Q3,130282.6
Q,CP_MEUR,SCA,B1GQ,ES,1997-Q4,134602.1
Q,CP_MEUR,SCA,B1GQ,ES,1998-Q1,133385.2
Q,CP_MEUR,SCA,B1GQ,ES,1998-Q2,136522.8
Q,CP_MEUR,SCA,B1GQ,ES,1998-Q3,139160.4
Q,CP_MEUR,SCA,B1GQ,ES,1998-Q4,143842.4
Q,CP_MEUR,SCA,B1GQ,ES,1999-Q1,144820
Q,CP_MEUR,SCA,B1GQ,ES,1999-Q2,146934
Q,CP_MEUR,SCA,B1GQ,ES,1999-Q3,149761
Q,CP_MEUR,SCA,B1GQ,ES,1999-Q4,153727
Q,CP_MEUR,SCA,B1GQ,ES,2000-Q1,157310
Q,CP_MEUR,SCA,B1GQ,ES,2000-Q2,160177
Q,CP_MEUR,SCA,B1GQ,ES,2000-Q3,163101
Q,CP_MEUR,SCA,B1GQ,ES,2000-Q4,166981
Q,CP_MEUR,SCA,B1GQ,ES,2001-Q1,170666
Q,CP_MEUR,SCA,B1GQ,ES,2001-Q2,173289
Q,CP_MEUR,SCA,B1GQ,ES,2001-Q3,176986
Q,CP_MEUR,SCA,B1GQ,ES,2001-Q4,180017
Q,CP_MEUR,SCA,B1GQ,ES,2002-Q1,182792
Q,CP_MEUR,SCA,B1GQ,ES,2002-Q2,186247
Q,CP_MEUR,SCA,B1GQ,ES,2002-Q3,188921
Q,CP_MEUR,SCA,B1GQ,ES,2002-Q4,191784
Q,CP_MEUR,SCA,B1GQ,ES,2003-Q1,195576
Q,CP_MEUR,SCA,B1GQ,ES,2003-Q2,199242
Q,CP_MEUR,SCA,B1GQ,ES,2003-Q3,202157
Q,CP_MEUR,SCA,B1GQ,ES,2003-Q4,205708
Q,CP_MEUR,SCA,B1GQ,ES,2004-Q1,209258
Q,CP_MEUR,SCA,B1GQ,ES,2004-Q2,212615
Q,CP_MEUR,SCA,B1GQ,ES,2004-Q3,216604
Q,CP_MEUR,SCA,B1GQ,ES,2004-Q4,221582
Q,CP_MEUR,SCA,B1GQ,ES,2005-Q1,224925
Q,CP_MEUR,SCA,B1GQ,ES,2005-Q2,229616
Q,CP_MEUR,SCA,B1GQ,ES,2005-Q3,234127
Q,CP_MEUR,SCA,B1GQ,ES,2005-Q4,239454
Q,CP_MEUR,SCA,B1GQ,ES,2006-Q1,243950
Q,CP_MEUR,SCA,B1GQ,ES,2006-Q2,249219
Q,CP_MEUR,SCA,B1GQ,ES,2006-Q3,253709
Q,CP_MEUR,SCA,B1GQ,ES,2006-Q4,258098
Q,CP_MEUR,SCA,B1GQ,ES,2007-Q1,264171
Q,CP_MEUR,SCA,B1GQ,ES,2007-Q2,267775
Q,CP_MEUR,SCA,B1GQ,ES,2007-Q3,269879
Q,CP_MEUR,SCA,B1GQ,ES,2007-Q4,275716
Q,CP_MEUR,SCA,B1GQ,ES,2008-Q1,278379
Q,CP_MEUR,SCA,B1GQ,ES,2008-Q2,279616
Q,CP_MEUR,SCA,B1GQ,ES,2008-Q3,278095
Q,CP_MEUR,SCA,B1GQ,ES,2008-Q4,276342
Q,CP_MEUR,SCA,B1GQ,ES,2009-Q1,269883
Q,CP_MEUR,SCA,B1GQ,ES,2009-Q2,268080
Q,CP_MEUR,SCA,B1GQ,ES,2009-Q3,267667
Q,CP_MEUR,SCA,B1GQ,ES,2009-Q4,267360
Q,CP_MEUR,SCA,B1GQ,ES,2010-Q1,269135
Q,CP_MEUR,SCA,B1GQ,ES,2010-Q2,268461
Q,CP_MEUR,SCA,B1GQ,ES,2010-Q3,269037
Q,CP_MEUR,SCA,B1GQ,ES,2010-Q4,270512
Q,CP_MEUR,SCA,B1GQ,ES,2011-Q1,269181
Q,CP_MEUR,SCA,B1GQ,ES,2011-Q2,268986
Q,CP_MEUR,SCA,B1GQ,ES,2011-Q3,266730
Q,CP_MEUR,SCA,B1GQ,ES,2011-Q4,263793
Q,CP_MEUR,SCA,B1GQ,ES,2012-Q1,262730
Q,CP_MEUR,SCA,B1GQ,ES,2012-Q2,260020
Q,CP_MEUR,SCA,B1GQ,ES,2012-Q3,258818
Q,CP_MEUR,SCA,B1GQ,ES,2012-Q4,254396
Q,CP_MEUR,SCA,B1GQ,ES,2013-Q1,257197
Q,CP_MEUR,SCA,B1GQ,ES,2013-Q2,256492
Q,CP_MEUR,SCA,B1GQ,ES,2013-Q3,256110
Q,CP_MEUR,SCA,B1GQ,ES,2013-Q4,255853
Q,CP_MEUR,SCA,B1GQ,ES,2014-Q1,257703
Q,CP_MEUR,SCA,B1GQ,ES,2014-Q2,258585
Q,CP_MEUR,SCA,B1GQ,ES,2014-Q3,260038
Q,CP_MEUR,SCA,B1GQ,ES,2014-Q4,262623
Q,CP_MEUR,SCA,B1GQ,ES,2015-Q1,268094
Q,CP_MEUR,SCA,B1GQ,ES,2015-Q2,270627
Q,CP_MEUR,SCA,B1GQ,ES,2015-Q3,273121
Q,CP_MEUR,SCA,B1GQ,ES,2015-Q4,275270
Q,CP_MEUR,SCA,B1GQ,ES,2016-Q1,277417
Q,CP_MEUR,SCA,B1GQ,ES,2016-Q2,279123
Q,CP_MEUR,SCA,B1GQ,ES,2016-Q3,282308
Q,CP_MEUR,SCA,B1GQ,ES,2016-Q4,284119
Q,CP_MEUR,SCA,B1GQ,ES,2017-Q1,287756
Q,CP_MEUR,SCA,B1GQ,ES,2017-Q2,291535
Q,CP_MEUR,SCA,B1GQ,ES,2017-Q3,293175
Q,CP_MEUR,SCA,B1GQ,ES,2017-Q4,297558
Q,CP_MEUR,SCA,B1GQ,ES,2018-Q1,298352
Q,CP_MEUR,SCA,B1GQ,ES,2018-Q2,301749
Q,CP_MEUR,SCA,B1GQ,ES,2018-Q3,304323
Q,CP_MEUR,SCA,B1GQ,ES,2018-Q4,307852
Q,CP_MEUR,SCA,B1GQ,ES,2019-Q1,311179
Q,CP_MEUR,SCA,B1GQ,ES,2019-Q2,311955
Q,CP_MEUR,SCA,B1GQ,ES,2019-Q3,312955
Q,CP_MEUR,SCA,B1GQ,ES,2019-Q4,317621
Q,CP_MEUR,SCA,B1GQ,ES,2020-Q1,301564
Q,CP_MEUR,SCA,B1GQ,ES,2020-Q2,247347
Q,CP_MEUR,SCA,B1GQ,ES,2020-Q3,287632
Q,CP_MEUR,SCA,B1GQ,ES,2020-Q4,292671
Q,CP_MEUR,SCA,B1GQ,ES,2021-Q1,298714
Q,CP_MEUR,SCA,B1GQ,ES,2021-Q2,301107
Q,CP_MEUR,SCA,B1GQ,ES,2021-Q3,310566
Q,CP_MEUR,SCA,B1GQ,ES,2021-Q4,325087
Q,CP_MEUR,SCA,B1GQ,ES,2022-Q1,332545
Q,CP_MEUR,SCA,B1GQ,ES,2022-Q2,339188
Q,CP_MEUR,SCA,B1GQ,ES,2022-Q3,345247
Q,CP_MEUR,SCA,B1GQ,ES,2022-Q4,358883
Q,CP_MEUR,SCA,B1GQ,ES,2023-Q1,368547
Q,CP_MEUR,SCA,B1GQ,ES,2023-Q2,369079
Q,CP_MEUR,SCA,B1GQ,ES,2023-Q3,373605
Q,CP_MEUR,SCA,B1GQ,ES,2023-Q4,385046
Q,CP_MEUR,SCA,B1GQ,ES,2024-Q1,392280
Q,CP_MEUR,SCA,B1GQ,ES,2024-Q2,396244
Q,CP_MEUR,SCA,B1GQ,ES,2024-Q3,401003
Q,CP_MEUR,SCA,B1GQ,ES,2024-Q4,409061
Q,CP_MEUR,SCA,B1GQ,ES,2025-Q1,413086
Q,CP_MEUR,SCA,B1GQ,ES,2025-Q2,417955
Q,CP_MEUR,SCA,B1GQ,ES,2025-Q3,423569
Q,CP_MEUR,SCA,B1GQ,ES,2025-Q4,435402
Q,CP_MEUR,SCA,B1GQ,ES,2026-Q1,437897
Q,CP_MEUR,SCA,B1GQ,ES,2026-Q2,441117
Q,CP_MEUR,SCA,B1GQ,FR,1978-Q1,
Q,CP_MEUR,SCA,B1GQ,FR,1978-Q2,
Q,CP_MEUR,SCA,B1GQ,FR,1978-Q3,
Q,CP_MEUR,SCA,B1GQ,FR,1978-Q4,
Q,CP_MEUR,SCA,B1GQ,FR,1979-Q1,
Q,CP_MEUR,SCA,B1GQ,FR,1979-Q2,
Q,CP_MEUR,SCA,B1GQ,FR,1979-Q3,
Q,CP_MEUR,SCA,B1GQ,FR,1979-Q4,
Q,CP_MEUR,SCA,B1GQ,FR,1980-Q1,120824.2
Q,CP_MEUR,SCA,B1GQ,FR,1980-Q2,123753.2
Q,CP_MEUR,SCA,B1GQ,FR,1980-Q3,127031.4
Q,CP_MEUR,SCA,B1GQ,FR,1980-Q4,128332.9
Q,CP_MEUR,SCA,B1GQ,FR,1981-Q1,130906.6
Q,CP_MEUR,SCA,B1GQ,FR,1981-Q2,134161.8
Q,CP_MEUR,SCA,B1GQ,FR,1981-Q3,140261.1
Q,CP_MEUR,SCA,B1GQ,FR,1981-Q4,142506
Q,CP_MEUR,SCA,B1GQ,FR,1982-Q1,146828.6
Q,CP_MEUR,SCA,B1GQ,FR,1982-Q2,149801.8
Q,CP_MEUR,SCA,B1GQ,FR,1982-Q3,145555.2
Q,CP_MEUR,SCA,B1GQ,FR,1982-Q4,148746.7
Q,CP_MEUR,SCA,B1GQ,FR,1983-Q1,155010.9
Q,CP_MEUR,SCA,B1GQ,FR,1983-Q2,152735.6
Q,CP_MEUR,SCA,B1GQ,FR,1983-Q3,156075.1
Q,CP_MEUR,SCA,B1GQ,FR,1983-Q4,158714.6
Q,CP_MEUR,SCA,B1GQ,FR,1984-Q1,162161.7
Q,CP_MEUR,SCA,B1GQ,FR,1984-Q2,165663.8
Q,CP_MEUR,SCA,B1GQ,FR,1984-Q3,168873
Q,CP_MEUR,SCA,B1GQ,FR,1984-Q4,171084.5
Q,CP_MEUR,SCA,B1GQ,FR,1985-Q1,175279.3
Q,CP_MEUR,SCA,B1GQ,FR,1985-Q2,178607.8
Q,CP_MEUR,SCA,B1GQ,FR,1985-Q3,182330
Q,CP_MEUR,SCA,B1GQ,FR,1985-Q4,187962.3
Q,CP_MEUR,SCA,B1GQ,FR,1986-Q1,193870.5
Q,CP_MEUR,SCA,B1GQ,FR,1986-Q2,192171.8
Q,CP_MEUR,SCA,B1GQ,FR,1986-Q3,195162.4
Q,CP_MEUR,SCA,B1GQ,FR,1986-Q4,198335.4
Q,CP_MEUR,SCA,B1GQ,FR,1987-Q1,196915.2
Q,CP_MEUR,SCA,B1GQ,FR,1987-Q2,199331.3
Q,CP_MEUR,SCA,B1GQ,FR,1987-Q3,202577
Q,CP_MEUR,SCA,B1GQ,FR,1987-Q4,204994.7
Q,CP_MEUR,SCA,B1GQ,FR,1988-Q1,208908.6
Q,CP_MEUR,SCA,B1GQ,FR,1988-Q2,211112.2
Q,CP_MEUR,SCA,B1GQ,FR,1988-Q3,216075.4
Q,CP_MEUR,SCA,B1GQ,FR,1988-Q4,218802.4
Q,CP_MEUR,SCA,B1GQ,FR,1989-Q1,223312.7
Q,CP_MEUR,SCA,B1GQ,FR,1989-Q2,228189.5
Q,CP_MEUR,SCA,B1GQ,FR,1989-Q3,233110.2
Q,CP_MEUR,SCA,B1GQ,FR,1989-Q4,239737.5
Q,CP_MEUR,SCA,B1GQ,FR,1990-Q1,244119.4
Q,CP_MEUR,SCA,B1GQ,FR,1990-Q2,247958.7
Q,CP_MEUR,SCA,B1GQ,FR,1990-Q3,248393.8
Q,CP_MEUR,SCA,B1GQ,FR,1990-Q4,250496.2
Q,CP_MEUR,SCA,B1GQ,FR,1991-Q1,250398.4
Q,CP_MEUR,SCA,B1GQ,FR,1991-Q2,253862.3
Q,CP_MEUR,SCA,B1GQ,FR,1991-Q3,256295
Q,CP_MEUR,SCA,B1GQ,FR,1991-Q4,258925.1
Q,CP_MEUR,SCA,B1GQ,FR,1992-Q1,263655.4
Q,CP_MEUR,SCA,B1GQ,FR,1992-Q2,265602.3
Q,CP_MEUR,SCA,B1GQ,FR,1992-Q3,268104.5
Q,CP_MEUR,SCA,B1GQ,FR,1992-Q4,276761.4
Q,CP_MEUR,SCA,B1GQ,FR,1993-Q1,280552.4
Q,CP_MEUR,SCA,B1GQ,FR,1993-Q2,281800.5
Q,CP_MEUR,SCA,B1GQ,FR,1993-Q3,278259
Q,CP_MEUR,SCA,B1GQ,FR,1993-Q4,281219.6
Q,CP_MEUR,SCA,B1GQ,FR,1994-Q1,286274.5
Q,CP_MEUR,SCA,B1GQ,FR,1994-Q2,289474.2
Q,CP_MEUR,SCA,B1GQ,FR,1994-Q3,294558.5
Q,CP_MEUR,SCA,B1GQ,FR,1994-Q4,297857.8
Q,CP_MEUR,SCA,B1GQ,FR,1995-Q1,299931.3
Q,CP_MEUR,SCA,B1GQ,FR,1995-Q2,303971.2
Q,CP_MEUR,SCA,B1GQ,FR,1995-Q3,308032.9
Q,CP_MEUR,SCA,B1GQ,FR,1995-Q4,309448.4
Q,CP_MEUR,SCA,B1GQ,FR,1996-Q1,313541.2
Q,CP_MEUR,SCA,B1GQ,FR,1996-Q2,315382.4
Q,CP_MEUR,SCA,B1GQ,FR,1996-Q3,315852.1
Q,CP_MEUR,SCA,B1GQ,FR,1996-Q4,315508.7
Q,CP_MEUR,SCA,B1GQ,FR,1997-Q1,315078.1
Q,CP_MEUR,SCA,B1GQ,FR,1997-Q2,318271.3
Q,CP_MEUR,SCA,B1GQ,FR,1997-Q3,320082
Q,CP_MEUR,SCA,B1GQ,FR,1997-Q4,326414.8
Q,CP_MEUR,SCA,B1GQ,FR,1998-Q1,329720.2
Q,CP_MEUR,SCA,B1GQ,FR,1998-Q2,333089.8
Q,CP_MEUR,SCA,B1GQ,FR,1998-Q3,335556.4
Q,CP_MEUR,SCA,B1GQ,FR,1998-Q4,339998.8
Q,CP_MEUR,SCA,B1GQ,FR,1999-Q1,342826.4
Q,CP_MEUR,SCA,B1GQ,FR,1999-Q2,345436.3
Q,CP_MEUR,SCA,B1GQ,FR,1999-Q3,350361.2
Q,CP_MEUR,SCA,B1GQ,FR,1999-Q4,355431
Q,CP_MEUR,SCA,B1GQ,FR,2000-Q1,361561
Q,CP_MEUR,SCA,B1GQ,FR,2000-Q2,366484.3
Q,CP_MEUR,SCA,B1GQ,FR,2000-Q3,371657
Q,CP_MEUR,SCA,B1GQ,FR,2000-Q4,375796.7
Q,CP_MEUR,SCA,B1GQ,FR,2001-Q1,379048.3
Q,CP_MEUR,SCA,B1GQ,FR,2001-Q2,381391.1
Q,CP_MEUR,SCA,B1GQ,FR,2001-Q3,385041.9
Q,CP_MEUR,SCA,B1GQ,FR,2001-Q4,385760.1
Q,CP_MEUR,SCA,B1GQ,FR,2002-Q1,390222.2
Q,CP_MEUR,SCA,B1GQ,FR,2002-Q2,393509.3
Q,CP_MEUR,SCA,B1GQ,FR,2002-Q3,397273.6
Q,CP_MEUR,SCA,B1GQ,FR,2002-Q4,399452.4
Q,CP_MEUR,SCA,B1GQ,FR,2003-Q1,401812.6
Q,CP_MEUR,SCA,B1GQ,FR,2003-Q2,402227.3
Q,CP_MEUR,SCA,B1GQ,FR,2003-Q3,408986.9
Q,CP_MEUR,SCA,B1GQ,FR,2003-Q4,411774.3
Q,CP_MEUR,SCA,B1GQ,FR,2004-Q1,418067.6
Q,CP_MEUR,SCA,B1GQ,FR,2004-Q2,420780.5
Q,CP_MEUR,SCA,B1GQ,FR,2004-Q3,424036.5
Q,CP_MEUR,SCA,B1GQ,FR,2004-Q4,429992.9
Q,CP_MEUR,SCA,B1GQ,FR,2005-Q1,433477
Q,CP_MEUR,SCA,B1GQ,FR,2005-Q2,437097.7
Q,CP_MEUR,SCA,B1GQ,FR,2005-Q3,442649.8
Q,CP_MEUR,SCA,B1GQ,FR,2005-Q4,447298.7
Q,CP_MEUR,SCA,B1GQ,FR,2006-Q1,452766.2
Q,CP_MEUR,SCA,B1GQ,FR,2006-Q2,460430.3
Q,CP_MEUR,SCA,B1GQ,FR,2006-Q3,464821.2
Q,CP_MEUR,SCA,B1GQ,FR,2006-Q4,470234.6
Q,CP_MEUR,SCA,B1GQ,FR,2007-Q1,477308
Q,CP_MEUR,SCA,B1GQ,FR,2007-Q2,482903.5
Q,CP_MEUR,SCA,B1GQ,FR,2007-Q3,487475.9
Q,CP_MEUR,SCA,B1GQ,FR,2007-Q4,491560.1
Q,CP_MEUR,SCA,B1GQ,FR,2008-Q1,499328.4
Q,CP_MEUR,SCA,B1GQ,FR,2008-Q2,499156.2
Q,CP_MEUR,SCA,B1GQ,FR,2008-Q3,498272.6
Q,CP_MEUR,SCA,B1GQ,FR,2008-Q4,492255.3
Q,CP_MEUR,SCA,B1GQ,FR,2009-Q1,481620.7
Q,CP_MEUR,SCA,B1GQ,FR,2009-Q2,482655.6
Q,CP_MEUR,SCA,B1GQ,FR,2009-Q3,483646.7
Q,CP_MEUR,SCA,B1GQ,FR,2009-Q4,489063.2
Q,CP_MEUR,SCA,B1GQ,FR,2010-Q1,492412.2
Q,CP_MEUR,SCA,B1GQ,FR,2010-Q2,497138.5
Q,CP_MEUR,SCA,B1GQ,FR,2010-Q3,501597.4
Q,CP_MEUR,SCA,B1GQ,FR,2010-Q4,502844.5
Q,CP_MEUR,SCA,B1GQ,FR,2011-Q1,512766.5
Q,CP_MEUR,SCA,B1GQ,FR,2011-Q2,513572.8
Q,CP_MEUR,SCA,B1GQ,FR,2011-Q3,515310.3
Q,CP_MEUR,SCA,B1GQ,FR,2011-Q4,519330.4
Q,CP_MEUR,SCA,B1GQ,FR,2012-Q1,520323.6
Q,CP_MEUR,SCA,B1GQ,FR,2012-Q2,520335.3
Q,CP_MEUR,SCA,B1GQ,FR,2012-Q3,524034.4
Q,CP_MEUR,SCA,B1GQ,FR,2012-Q4,523263
Q,CP_MEUR,SCA,B1GQ,FR,2013-Q1,526745.3
Q,CP_MEUR,SCA,B1GQ,FR,2013-Q2,532618.7
Q,CP_MEUR,SCA,B1GQ,FR,2013-Q3,530869.9
Q,CP_MEUR,SCA,B1GQ,FR,2013-Q4,532922.3
Q,CP_MEUR,SCA,B1GQ,FR,2014-Q1,535056.4
Q,CP_MEUR,SCA,B1GQ,FR,2014-Q2,537380.3
Q,CP_MEUR,SCA,B1GQ,FR,2014-Q3,541958.9
Q,CP_MEUR,SCA,B1GQ,FR,2014-Q4,542106.6
Q,CP_MEUR,SCA,B1GQ,FR,2015-Q1,546486.9
Q,CP_MEUR,SCA,B1GQ,FR,2015-Q2,548389.9
Q,CP_MEUR,SCA,B1GQ,FR,2015-Q3,552793.8
Q,CP_MEUR,SCA,B1GQ,FR,2015-Q4,555117.2
Q,CP_MEUR,SCA,B1GQ,FR,2016-Q1,557538.5
Q,CP_MEUR,SCA,B1GQ,FR,2016-Q2,555053.6
Q,CP_MEUR,SCA,B1GQ,FR,2016-Q3,557293.7
Q,CP_MEUR,SCA,B1GQ,FR,2016-Q4,560734
Q,CP_MEUR,SCA,B1GQ,FR,2017-Q1,566022.9
Q,CP_MEUR,SCA,B1GQ,FR,2017-Q2,571804.2
Q,CP_MEUR,SCA,B1GQ,FR,2017-Q3,575917.2
Q,CP_MEUR,SCA,B1GQ,FR,2017-Q4,580740.4
Q,CP_MEUR,SCA,B1GQ,FR,2018-Q1,582796.8
Q,CP_MEUR,SCA,B1GQ,FR,2018-Q2,585164.2
Q,CP_MEUR,SCA,B1GQ,FR,2018-Q3,591517.4
Q,CP_MEUR,SCA,B1GQ,FR,2018-Q4,597348.7
Q,CP_MEUR,SCA,B1GQ,FR,2019-Q1,604513.8
Q,CP_MEUR,SCA,B1GQ,FR,2019-Q2,609211.8
Q,CP_MEUR,SCA,B1GQ,FR,2019-Q3,611583.5
Q,CP_MEUR,SCA,B1GQ,FR,2019-Q4,610167.9
Q,CP_MEUR,SCA,B1GQ,FR,2020-Q1,588125.6
Q,CP_MEUR,SCA,B1GQ,FR,2020-Q2,532525.5
Q,CP_MEUR,SCA,B1GQ,FR,2020-Q3,595825.4
Q,CP_MEUR,SCA,B1GQ,FR,2020-Q4,600823.3
Q,CP_MEUR,SCA,B1GQ,FR,2021-Q1,606681.7
Q,CP_MEUR,SCA,B1GQ,FR,2021-Q2,617792.2
Q,CP_MEUR,SCA,B1GQ,FR,2021-Q3,637343.6
Q,CP_MEUR,SCA,B1GQ,FR,2021-Q4,642912.4
Q,CP_MEUR,SCA,B1GQ,FR,2022-Q1,649102.6
Q,CP_MEUR,SCA,B1GQ,FR,2022-Q2,655824.3
Q,CP_MEUR,SCA,B1GQ,FR,2022-Q3,667944.1
Q,CP_MEUR,SCA,B1GQ,FR,2022-Q4,679687.1
Q,CP_MEUR,SCA,B1GQ,FR,2023-Q1,691510.5
Q,CP_MEUR,SCA,B1GQ,FR,2023-Q2,708058.4
Q,CP_MEUR,SCA,B1GQ,FR,2023-Q3,714001.8
Q,CP_MEUR,SCA,B1GQ,FR,2023-Q4,724100.8
Q,CP_MEUR,SCA,B1GQ,FR,2024-Q1,728633.6
Q,CP_MEUR,SCA,B1GQ,FR,2024-Q2,729518.1
Q,CP_MEUR,SCA,B1GQ,FR,2024-Q3,739286.7
Q,CP_MEUR,SCA,B1GQ,FR,2024-Q4,739374
Q,CP_MEUR,SCA,B1GQ,FR,2025-Q1,743571.4
Q,CP_MEUR,SCA,B1GQ,FR,2025-Q2,745275.1
Q,CP_MEUR,SCA,B1GQ,FR,2025-Q3,750640
Q,CP_MEUR,SCA,B1GQ,FR,2025-Q4,755702.6
Q,CP_MEUR,SCA,B1GQ,FR,2026-Q1,756552.5
Q,CP_MEUR,SCA,B1GQ,FR,2026-Q2,759712.6
Q,CP_MEUR,SCA,B1GQ,HR,1978-Q1,
Q,CP_MEUR,SCA,B1GQ,HR,1978-Q2,
Q,CP_MEUR,SCA,B1GQ,HR,1978-Q3,
Q,CP_MEUR,SCA,B1GQ,HR,1978-Q4,
Q,CP_MEUR,SCA,B1GQ,HR,1979-Q1,
Q,CP_MEUR,SCA,B1GQ,HR,1979-Q2,
Q,CP_MEUR,SCA,B1GQ,HR,1979-Q3,
Q,CP_MEUR,SCA,B1GQ,HR,1979-Q4,
Q,CP_MEUR,SCA,B1GQ,HR,1980-Q1,
Q,CP_MEUR,SCA,B1GQ,HR,1980-Q2,
Q,CP_MEUR,SCA,B1GQ,HR,1980-Q3,
Q,CP_MEUR,SCA,B1GQ,HR,1980-Q4,
Q,CP_MEUR,SCA,B1GQ,HR,1981-Q1,
Q,CP_MEUR,SCA,B1GQ,HR,1981-Q2,
Q,CP_MEUR,SCA,B1GQ,HR,1981-Q3,
Q,CP_MEUR,SCA,B1GQ,HR,1981-Q4,
Q,CP_MEUR,SCA,B1GQ,HR,1982-Q1,
Q,CP_MEUR,SCA,B1GQ,HR,1982-Q2,
Q,CP_MEUR,SCA,B1GQ,HR,1982-Q3,
Q,CP_MEUR,SCA,B1GQ,HR,1982-Q4,
Q,CP_MEUR,SCA,B1GQ,HR,1983-Q1,
Q,CP_MEUR,SCA,B1GQ,HR,1983-Q2,
Q,CP_MEUR,SCA,B1GQ,HR,1983-Q3,
Q,CP_MEUR,SCA,B1GQ,HR,1983-Q4,
Q,CP_MEUR,SCA,B1GQ,HR,1984-Q1,
Q,CP_MEUR,SCA,B1GQ,HR,1984-Q2,
Q,CP_MEUR,SCA,B1GQ,HR,1984-Q3,
Q,CP_MEUR,SCA,B1GQ,HR,1984-Q4,
Q,CP_MEUR,SCA,B1GQ,HR,1985-Q1,
Q,CP_MEUR,SCA,B1GQ,HR,1985-Q2,
Q,CP_MEUR,SCA,B1GQ,HR,1985-Q3,
Q,CP_MEUR,SCA,B1GQ,HR,1985-Q4,
Q,CP_MEUR,SCA,B1GQ,HR,1986-Q1,
Q,CP_MEUR,SCA,B1GQ,HR,1986-Q2,
Q,CP_MEUR,SCA,B1GQ,HR,1986-Q3,
Q,CP_MEUR,SCA,B1GQ,HR,1986-Q4,
Q,CP_MEUR,SCA,B1GQ,HR,1987-Q1,
Q,CP_MEUR,SCA,B1GQ,HR,1987-Q2,
Q,CP_MEUR,SCA,B1GQ,HR,1987-Q3,
Q,CP_MEUR,SCA,B1GQ,HR,1987-Q4,
Q,CP_MEUR,SCA,B1GQ,HR,1988-Q1,
Q,CP_MEUR,SCA,B1GQ,HR,1988-Q2,
Q,CP_MEUR,SCA,B1GQ,HR,1988-Q3,
Q,CP_MEUR,SCA,B1GQ,HR,1988-Q4,
Q,CP_MEUR,SCA,B1GQ,HR,1989-Q1,
Q,CP_MEUR,SCA,B1GQ,HR,1989-Q2,
Q,CP_MEUR,SCA,B1GQ,HR,1989-Q3,
Q,CP_MEUR,SCA,B1GQ,HR,1989-Q4,
Q,CP_MEUR,SCA,B1GQ,HR,1990-Q1,
Q,CP_MEUR,SCA,B1GQ,HR,1990-Q2,
Q,CP_MEUR,SCA,B1GQ,HR,1990-Q3,
Q,CP_MEUR,SCA,B1GQ,HR,1990-Q4,
Q,CP_MEUR,SCA,B1GQ,HR,1991-Q1,
Q,CP_MEUR,SCA,B1GQ,HR,1991-Q2,
Q,CP_MEUR,SCA,B1GQ,HR,1991-Q3,
Q,CP_MEUR,SCA,B1GQ,HR,1991-Q4,
Q,CP_MEUR,SCA,B1GQ,HR,1992-Q1,
Q,CP_MEUR,SCA,B1GQ,HR,1992-Q2,
Q,CP_MEUR,SCA,B1GQ,HR,1992-Q3,
Q,CP_MEUR,SCA,B1GQ,HR,1992-Q4,
Q,CP_MEUR,SCA,B1GQ,HR,1993-Q1,
Q,CP_MEUR,SCA,B1GQ,HR,1993-Q2,
Q,CP_MEUR,SCA,B1GQ,HR,1993-Q3,
Q,CP_MEUR,SCA,B1GQ,HR,1993-Q4,
Q,CP_MEUR,SCA,B1GQ,HR,1994-Q1,
Q,CP_MEUR,SCA,B1GQ,HR,1994-Q2,
Q,CP_MEUR,SCA,B1GQ,HR,1994-Q3,
Q,CP_MEUR,SCA,B1GQ,HR,1994-Q4,
Q,CP_MEUR,SCA,B1GQ,HR,1995-Q1,4399.4
Q,CP_MEUR,SCA,B1GQ,HR,1995-Q2,4443.1
Q,CP_MEUR,SCA,B1GQ,HR,1995-Q3,4156.2
Q,CP_MEUR,SCA,B1GQ,HR,1995-Q4,4554.2
Q,CP_MEUR,SCA,B1GQ,HR,1996-Q1,4571.7
Q,CP_MEUR,SCA,B1GQ,HR,1996-Q2,4684
Q,CP_MEUR,SCA,B1GQ,HR,1996-Q3,4910.2
Q,CP_MEUR,SCA,B1GQ,HR,1996-Q4,4995.7
Q,CP_MEUR,SCA,B1GQ,HR,1997-Q1,5100.8
Q,CP_MEUR,SCA,B1GQ,HR,1997-Q2,5239.9
Q,CP_MEUR,SCA,B1GQ,HR,1997-Q3,5363.6
Q,CP_MEUR,SCA,B1GQ,HR,1997-Q4,5558.7
Q,CP_MEUR,SCA,B1GQ,HR,1998-Q1,5757
Q,CP_MEUR,SCA,B1GQ,HR,1998-Q2,5732.1
Q,CP_MEUR,SCA,B1GQ,HR,1998-Q3,5752.6
Q,CP_MEUR,SCA,B1GQ,HR,1998-Q4,5697.2
Q,CP_MEUR,SCA,B1GQ,HR,1999-Q1,5568.8
Q,CP_MEUR,SCA,B1GQ,HR,1999-Q2,5533.1
Q,CP_MEUR,SCA,B1GQ,HR,1999-Q3,5519.6
Q,CP_MEUR,SCA,B1GQ,HR,1999-Q4,5578.7
Q,CP_MEUR,SCA,B1GQ,HR,2000-Q1,5644
Q,CP_MEUR,SCA,B1GQ,HR,2000-Q2,5806.9
Q,CP_MEUR,SCA,B1GQ,HR,2000-Q3,6047
Q,CP_MEUR,SCA,B1GQ,HR,2000-Q4,6117.8
Q,CP_MEUR,SCA,B1GQ,HR,2001-Q1,6127.3
Q,CP_MEUR,SCA,B1GQ,HR,2001-Q2,6557.4
Q,CP_MEUR,SCA,B1GQ,HR,2001-Q3,6560.2
Q,CP_MEUR,SCA,B1GQ,HR,2001-Q4,6699.2
Q,CP_MEUR,SCA,B1GQ,HR,2002-Q1,6909.2
Q,CP_MEUR,SCA,B1GQ,HR,2002-Q2,7098.1
Q,CP_MEUR,SCA,B1GQ,HR,2002-Q3,7323.5
Q,CP_MEUR,SCA,B1GQ,HR,2002-Q4,7401.5
Q,CP_MEUR,SCA,B1GQ,HR,2003-Q1,7467.4
Q,CP_MEUR,SCA,B1GQ,HR,2003-Q2,7713.9
Q,CP_MEUR,SCA,B1GQ,HR,2003-Q3,7909.3
Q,CP_MEUR,SCA,B1GQ,HR,2003-Q4,7884.3
Q,CP_MEUR,SCA,B1GQ,HR,2004-Q1,8069.5
Q,CP_MEUR,SCA,B1GQ,HR,2004-Q2,8429.7
Q,CP_MEUR,SCA,B1GQ,HR,2004-Q3,8626
Q,CP_MEUR,SCA,B1GQ,HR,2004-Q4,8643.7
Q,CP_MEUR,SCA,B1GQ,HR,2005-Q1,8618.7
Q,CP_MEUR,SCA,B1GQ,HR,2005-Q2,9212.5
Q,CP_MEUR,SCA,B1GQ,HR,2005-Q3,9375.9
Q,CP_MEUR,SCA,B1GQ,HR,2005-Q4,9567.3
Q,CP_MEUR,SCA,B1GQ,HR,2006-Q1,9779.3
Q,CP_MEUR,SCA,B1GQ,HR,2006-Q2,10097.2
Q,CP_MEUR,SCA,B1GQ,HR,2006-Q3,10270
Q,CP_MEUR,SCA,B1GQ,HR,2006-Q4,10414.6
Q,CP_MEUR,SCA,B1GQ,HR,2007-Q1,10752.9
Q,CP_MEUR,SCA,B1GQ,HR,2007-Q2,10996
Q,CP_MEUR,SCA,B1GQ,HR,2007-Q3,11231.5
Q,CP_MEUR,SCA,B1GQ,HR,2007-Q4,11363.3
Q,CP_MEUR,SCA,B1GQ,HR,2008-Q1,11873
Q,CP_MEUR,SCA,B1GQ,HR,2008-Q2,12111.4
Q,CP_MEUR,SCA,B1GQ,HR,2008-Q3,12349.4
Q,CP_MEUR,SCA,B1GQ,HR,2008-Q4,12112.1
Q,CP_MEUR,SCA,B1GQ,HR,2009-Q1,11283.6
Q,CP_MEUR,SCA,B1GQ,HR,2009-Q2,11501.4
Q,CP_MEUR,SCA,B1GQ,HR,2009-Q3,11396.4
Q,CP_MEUR,SCA,B1GQ,HR,2009-Q4,11616.9
Q,CP_MEUR,SCA,B1GQ,HR,2010-Q1,11482.7
Q,CP_MEUR,SCA,B1GQ,HR,2010-Q2,11460.9
Q,CP_MEUR,SCA,B1GQ,HR,2010-Q3,11625.1
Q,CP_MEUR,SCA,B1GQ,HR,2010-Q4,11363
Q,CP_MEUR,SCA,B1GQ,HR,2011-Q1,11361.7
Q,CP_MEUR,SCA,B1GQ,HR,2011-Q2,11555.5
Q,CP_MEUR,SCA,B1GQ,HR,2011-Q3,11454.1
Q,CP_MEUR,SCA,B1GQ,HR,2011-Q4,11345.5
Q,CP_MEUR,SCA,B1GQ,HR,2012-Q1,11122.8
Q,CP_MEUR,SCA,B1GQ,HR,2012-Q2,11164.4
Q,CP_MEUR,SCA,B1GQ,HR,2012-Q3,11326.6
Q,CP_MEUR,SCA,B1GQ,HR,2012-Q4,11240.5
Q,CP_MEUR,SCA,B1GQ,HR,2013-Q1,11264.2
Q,CP_MEUR,SCA,B1GQ,HR,2013-Q2,11293.5
Q,CP_MEUR,SCA,B1GQ,HR,2013-Q3,11195
Q,CP_MEUR,SCA,B1GQ,HR,2013-Q4,11061.6
Q,CP_MEUR,SCA,B1GQ,HR,2014-Q1,10984.7
Q,CP_MEUR,SCA,B1GQ,HR,2014-Q2,11131.6
Q,CP_MEUR,SCA,B1GQ,HR,2014-Q3,11075.6
Q,CP_MEUR,SCA,B1GQ,HR,2014-Q4,11083.1
Q,CP_MEUR,SCA,B1GQ,HR,2015-Q1,11187.3
Q,CP_MEUR,SCA,B1GQ,HR,2015-Q2,11398.4
Q,CP_MEUR,SCA,B1GQ,HR,2015-Q3,11482.3
Q,CP_MEUR,SCA,B1GQ,HR,2015-Q4,11394.5
Q,CP_MEUR,SCA,B1GQ,HR,2016-Q1,11704.1
Q,CP_MEUR,SCA,B1GQ,HR,2016-Q2,11828.3
Q,CP_MEUR,SCA,B1GQ,HR,2016-Q3,11968.4
Q,CP_MEUR,SCA,B1GQ,HR,2016-Q4,12058.1
Q,CP_MEUR,SCA,B1GQ,HR,2017-Q1,12233.2
Q,CP_MEUR,SCA,B1GQ,HR,2017-Q2,12548.9
Q,CP_MEUR,SCA,B1GQ,HR,2017-Q3,12735.6
Q,CP_MEUR,SCA,B1GQ,HR,2017-Q4,12628.6
Q,CP_MEUR,SCA,B1GQ,HR,2018-Q1,12872.7
Q,CP_MEUR,SCA,B1GQ,HR,2018-Q2,13309.2
Q,CP_MEUR,SCA,B1GQ,HR,2018-Q3,13390.9
Q,CP_MEUR,SCA,B1GQ,HR,2018-Q4,13408
Q,CP_MEUR,SCA,B1GQ,HR,2019-Q1,13697.3
Q,CP_MEUR,SCA,B1GQ,HR,2019-Q2,13866.5
Q,CP_MEUR,SCA,B1GQ,HR,2019-Q3,14069.8
Q,CP_MEUR,SCA,B1GQ,HR,2019-Q4,14110.1
Q,CP_MEUR,SCA,B1GQ,HR,2020-Q1,13886
Q,CP_MEUR,SCA,B1GQ,HR,2020-Q2,11733.5
Q,CP_MEUR,SCA,B1GQ,HR,2020-Q3,12121.5
Q,CP_MEUR,SCA,B1GQ,HR,2020-Q4,13269.4
Q,CP_MEUR,SCA,B1GQ,HR,2021-Q1,14139.5
Q,CP_MEUR,SCA,B1GQ,HR,2021-Q2,14112.1
Q,CP_MEUR,SCA,B1GQ,HR,2021-Q3,14781.2
Q,CP_MEUR,SCA,B1GQ,HR,2021-Q4,15352.9
Q,CP_MEUR,SCA,B1GQ,HR,2022-Q1,15967.3
Q,CP_MEUR,SCA,B1GQ,HR,2022-Q2,16556.2
Q,CP_MEUR,SCA,B1GQ,HR,2022-Q3,17156.2
Q,CP_MEUR,SCA,B1GQ,HR,2022-Q4,17868
Q,CP_MEUR,SCA,B1GQ,HR,2023-Q1,18914.2
Q,CP_MEUR,SCA,B1GQ,HR,2023-Q2,19657.2
Q,CP_MEUR,SCA,B1GQ,HR,2023-Q3,20095.8
Q,CP_MEUR,SCA,B1GQ,HR,2023-Q4,20403.3
Q,CP_MEUR,SCA,B1GQ,HR,2024-Q1,21084.8
Q,CP_MEUR,SCA,B1GQ,HR,2024-Q2,21296.9
Q,CP_MEUR,SCA,B1GQ,HR,2024-Q3,21596.8
Q,CP_MEUR,SCA,B1GQ,HR,2024-Q4,21842.4
Q,CP_MEUR,SCA,B1GQ,HR,2025-Q1,22343.7
Q,CP_MEUR,SCA,B1GQ,HR,2025-Q2,22976.9
Q,CP_MEUR,SCA,B1GQ,HR,2025-Q3,23425.2
Q,CP_MEUR,SCA,B1GQ,HR,2025-Q4,24067.9
Q,CP_MEUR,SCA,B1GQ,HR,2026-Q1,24234.9
Q,CP_MEUR,SCA,B1GQ,HR,2026-Q2,24777.3
Q,CP_MEUR,SCA,B1GQ,IT,1978-Q1,
Q,CP_MEUR,SCA,B1GQ,IT,1978-Q2,
Q,CP_MEUR,SCA,B1GQ,IT,1978-Q3,
Q,CP_MEUR,SCA,B1GQ,IT,1978-Q4,
Q,CP_MEUR,SCA,B1GQ,IT,1979-Q1,
Q,CP_MEUR,SCA,B1GQ,IT,1979-Q2,
Q,CP_MEUR,SCA,B1GQ,IT,1979-Q3,
Q,CP_MEUR,SCA,B1GQ,IT,1979-Q4,
Q,CP_MEUR,SCA,B1GQ,IT,1980-Q1,
Q,CP_MEUR,SCA,B1GQ,IT,1980-Q2,
Q,CP_MEUR,SCA,B1GQ,IT,1980-Q3,
Q,CP_MEUR,SCA,B1GQ,IT,1980-Q4,
Q,CP_MEUR,SCA,B1GQ,IT,1981-Q1,
Q,CP_MEUR,SCA,B1GQ,IT,1981-Q2,
Q,CP_MEUR,SCA,B1GQ,IT,1981-Q3,
Q,CP_MEUR,SCA,B1GQ,IT,1981-Q4,
Q,CP_MEUR,SCA,B1GQ,IT,1982-Q1,
Q,CP_MEUR,SCA,B1GQ,IT,1982-Q2,
Q,CP_MEUR,SCA,B1GQ,IT,1982-Q3,
Q,CP_MEUR,SCA,B1GQ,IT,1982-Q4,
Q,CP_MEUR,SCA,B1GQ,IT,1983-Q1,
Q,CP_MEUR,SCA,B1GQ,IT,1983-Q2,
Q,CP_MEUR,SCA,B1GQ,IT,1983-Q3,
Q,CP_MEUR,SCA,B1GQ,IT,1983-Q4,
Q,CP_MEUR,SCA,B1GQ,IT,1984-Q1,
Q,CP_MEUR,SCA,B1GQ,IT,1984-Q2,
Q,CP_MEUR,SCA,B1GQ,IT,1984-Q3,
Q,CP_MEUR,SCA,B1GQ,IT,1984-Q4,
Q,CP_MEUR,SCA,B1GQ,IT,1985-Q1,
Q,CP_MEUR,SCA,B1GQ,IT,1985-Q2,
Q,CP_MEUR,SCA,B1GQ,IT,1985-Q3,
Q,CP_MEUR,SCA,B1GQ,IT,1985-Q4,
Q,CP_MEUR,SCA,B1GQ,IT,1986-Q1,
Q,CP_MEUR,SCA,B1GQ,IT,1986-Q2,
Q,CP_MEUR,SCA,B1GQ,IT,1986-Q3,
Q,CP_MEUR,SCA,B1GQ,IT,1986-Q4,
Q,CP_MEUR,SCA,B1GQ,IT,1987-Q1,
Q,CP_MEUR,SCA,B1GQ,IT,1987-Q2,
Q,CP_MEUR,SCA,B1GQ,IT,1987-Q3,
Q,CP_MEUR,SCA,B1GQ,IT,1987-Q4,
Q,CP_MEUR,SCA,B1GQ,IT,1988-Q1,
Q,CP_MEUR,SCA,B1GQ,IT,1988-Q2,
Q,CP_MEUR,SCA,B1GQ,IT,1988-Q3,
Q,CP_MEUR,SCA,B1GQ,IT,1988-Q4,
Q,CP_MEUR,SCA,B1GQ,IT,1989-Q1,
Q,CP_MEUR,SCA,B1GQ,IT,1989-Q2,
Q,CP_MEUR,SCA,B1GQ,IT,1989-Q3,
Q,CP_MEUR,SCA,B1GQ,IT,1989-Q4,
Q,CP_MEUR,SCA,B1GQ,IT,1990-Q1,
Q,CP_MEUR,SCA,B1GQ,IT,1990-Q2,
Q,CP_MEUR,SCA,B1GQ,IT,1990-Q3,
Q,CP_MEUR,SCA,B1GQ,IT,1990-Q4,
Q,CP_MEUR,SCA,B1GQ,IT,1991-Q1,
Q,CP_MEUR,SCA,B1GQ,IT,1991-Q2,
Q,CP_MEUR,SCA,B1GQ,IT,1991-Q3,
Q,CP_MEUR,SCA,B1GQ,IT,1991-Q4,
Q,CP_MEUR,SCA,B1GQ,IT,1992-Q1,
Q,CP_MEUR,SCA,B1GQ,IT,1992-Q2,
Q,CP_MEUR,SCA,B1GQ,IT,1992-Q3,
Q,CP_MEUR,SCA,B1GQ,IT,1992-Q4,
Q,CP_MEUR,SCA,B1GQ,IT,1993-Q1,
Q,CP_MEUR,SCA,B1GQ,IT,1993-Q2,
Q,CP_MEUR,SCA,B1GQ,IT,1993-Q3,
Q,CP_MEUR,SCA,B1GQ,IT,1993-Q4,
Q,CP_MEUR,SCA,B1GQ,IT,1994-Q1,
Q,CP_MEUR,SCA,B1GQ,IT,1994-Q2,
Q,CP_MEUR,SCA,B1GQ,IT,1994-Q3,
Q,CP_MEUR,SCA,B1GQ,IT,1994-Q4,
Q,CP_MEUR,SCA,B1GQ,IT,1995-Q1,223172.9
Q,CP_MEUR,SCA,B1GQ,IT,1995-Q2,214153.8
Q,CP_MEUR,SCA,B1GQ,IT,1995-Q3,228800.3
Q,CP_MEUR,SCA,B1GQ,IT,1995-Q4,234945.3
Q,CP_MEUR,SCA,B1GQ,IT,1996-Q1,247500.7
Q,CP_MEUR,SCA,B1GQ,IT,1996-Q2,259104.1
Q,CP_MEUR,SCA,B1GQ,IT,1996-Q3,262518.1
Q,CP_MEUR,SCA,B1GQ,IT,1996-Q4,266172.7
Q,CP_MEUR,SCA,B1GQ,IT,1997-Q1,268846
Q,CP_MEUR,SCA,B1GQ,IT,1997-Q2,272455.3
Q,CP_MEUR,SCA,B1GQ,IT,1997-Q3,277093.2
Q,CP_MEUR,SCA,B1GQ,IT,1997-Q4,280209.8
Q,CP_MEUR,SCA,B1GQ,IT,1998-Q1,279538.3
Q,CP_MEUR,SCA,B1GQ,IT,1998-Q2,283345.3
Q,CP_MEUR,SCA,B1GQ,IT,1998-Q3,284126.1
Q,CP_MEUR,SCA,B1GQ,IT,1998-Q4,287612.9
Q,CP_MEUR,SCA,B1GQ,IT,1999-Q1,289464.9
Q,CP_MEUR,SCA,B1GQ,IT,1999-Q2,290786.6
Q,CP_MEUR,SCA,B1GQ,IT,1999-Q3,294324
Q,CP_MEUR,SCA,B1GQ,IT,1999-Q4,300072.3
Q,CP_MEUR,SCA,B1GQ,IT,2000-Q1,305830.5
Q,CP_MEUR,SCA,B1GQ,IT,2000-Q2,308532.6
Q,CP_MEUR,SCA,B1GQ,IT,2000-Q3,313088.5
Q,CP_MEUR,SCA,B1GQ,IT,2000-Q4,318104.9
Q,CP_MEUR,SCA,B1GQ,IT,2001-Q1,323346.2
Q,CP_MEUR,SCA,B1GQ,IT,2001-Q2,326056.7
Q,CP_MEUR,SCA,B1GQ,IT,2001-Q3,327972.3
Q,CP_MEUR,SCA,B1GQ,IT,2001-Q4,330211
Q,CP_MEUR,SCA,B1GQ,IT,2002-Q1,333921
Q,CP_MEUR,SCA,B1GQ,IT,2002-Q2,336769.8
Q,CP_MEUR,SCA,B1GQ,IT,2002-Q3,340321.7
Q,CP_MEUR,SCA,B1GQ,IT,2002-Q4,343140.9
Q,CP_MEUR,SCA,B1GQ,IT,2003-Q1,345693.7
Q,CP_MEUR,SCA,B1GQ,IT,2003-Q2,348074.7
Q,CP_MEUR,SCA,B1GQ,IT,2003-Q3,351889.9
Q,CP_MEUR,SCA,B1GQ,IT,2003-Q4,353425.9
Q,CP_MEUR,SCA,B1GQ,IT,2004-Q1,357024.9
Q,CP_MEUR,SCA,B1GQ,IT,2004-Q2,362769.4
Q,CP_MEUR,SCA,B1GQ,IT,2004-Q3,365185.3
Q,CP_MEUR,SCA,B1GQ,IT,2004-Q4,368967.2
Q,CP_MEUR,SCA,B1GQ,IT,2005-Q1,369421.9
Q,CP_MEUR,SCA,B1GQ,IT,2005-Q2,372465.4
Q,CP_MEUR,SCA,B1GQ,IT,2005-Q3,376627.1
Q,CP_MEUR,SCA,B1GQ,IT,2005-Q4,382662
Q,CP_MEUR,SCA,B1GQ,IT,2006-Q1,383577.7
Q,CP_MEUR,SCA,B1GQ,IT,2006-Q2,389344
Q,CP_MEUR,SCA,B1GQ,IT,2006-Q3,392188.8
Q,CP_MEUR,SCA,B1GQ,IT,2006-Q4,398336.9
Q,CP_MEUR,SCA,B1GQ,IT,2007-Q1,400019.8
Q,CP_MEUR,SCA,B1GQ,IT,2007-Q2,403615
Q,CP_MEUR,SCA,B1GQ,IT,2007-Q3,407691
Q,CP_MEUR,SCA,B1GQ,IT,2007-Q4,411236.1
Q,CP_MEUR,SCA,B1GQ,IT,2008-Q1,414295.2
Q,CP_MEUR,SCA,B1GQ,IT,2008-Q2,416288
Q,CP_MEUR,SCA,B1GQ,IT,2008-Q3,410922
Q,CP_MEUR,SCA,B1GQ,IT,2008-Q4,402468.4
Q,CP_MEUR,SCA,B1GQ,IT,2009-Q1,395565.1
Q,CP_MEUR,SCA,B1GQ,IT,2009-Q2,394287.6
Q,CP_MEUR,SCA,B1GQ,IT,2009-Q3,396421.5
Q,CP_MEUR,SCA,B1GQ,IT,2009-Q4,397733
Q,CP_MEUR,SCA,B1GQ,IT,2010-Q1,399391.2
Q,CP_MEUR,SCA,B1GQ,IT,2010-Q2,403562
Q,CP_MEUR,SCA,B1GQ,IT,2010-Q3,404776.4
Q,CP_MEUR,SCA,B1GQ,IT,2010-Q4,409353.6
Q,CP_MEUR,SCA,B1GQ,IT,2011-Q1,415962
Q,CP_MEUR,SCA,B1GQ,IT,2011-Q2,414680.2
Q,CP_MEUR,SCA,B1GQ,IT,2011-Q3,415005.1
Q,CP_MEUR,SCA,B1GQ,IT,2011-Q4,413464.3
Q,CP_MEUR,SCA,B1GQ,IT,2012-Q1,411627.2
Q,CP_MEUR,SCA,B1GQ,IT,2012-Q2,408648.7
Q,CP_MEUR,SCA,B1GQ,IT,2012-Q3,407661.9
Q,CP_MEUR,SCA,B1GQ,IT,2012-Q4,405838.2
Q,CP_MEUR,SCA,B1GQ,IT,2013-Q1,402110
Q,CP_MEUR,SCA,B1GQ,IT,2013-Q2,405130.4
Q,CP_MEUR,SCA,B1GQ,IT,2013-Q3,407068.2
Q,CP_MEUR,SCA,B1GQ,IT,2013-Q4,407679.2
Q,CP_MEUR,SCA,B1GQ,IT,2014-Q1,408470.9
Q,CP_MEUR,SCA,B1GQ,IT,2014-Q2,409286.5
Q,CP_MEUR,SCA,B1GQ,IT,2014-Q3,409321
Q,CP_MEUR,SCA,B1GQ,IT,2014-Q4,410789.7
Q,CP_MEUR,SCA,B1GQ,IT,2015-Q1,412736
Q,CP_MEUR,SCA,B1GQ,IT,2015-Q2,415398.4
Q,CP_MEUR,SCA,B1GQ,IT,2015-Q3,416849.9
Q,CP_MEUR,SCA,B1GQ,IT,2015-Q4,418015
Q,CP_MEUR,SCA,B1GQ,IT,2016-Q1,423405.1
Q,CP_MEUR,SCA,B1GQ,IT,2016-Q2,424706.8
Q,CP_MEUR,SCA,B1GQ,IT,2016-Q3,428225.8
Q,CP_MEUR,SCA,B1GQ,IT,2016-Q4,430245.9
Q,CP_MEUR,SCA,B1GQ,IT,2017-Q1,432794
Q,CP_MEUR,SCA,B1GQ,IT,2017-Q2,435898.3
Q,CP_MEUR,SCA,B1GQ,IT,2017-Q3,436958.9
Q,CP_MEUR,SCA,B1GQ,IT,2017-Q4,442069.9
Q,CP_MEUR,SCA,B1GQ,IT,2018-Q1,443204.3
Q,CP_MEUR,SCA,B1GQ,IT,2018-Q2,444284.1
Q,CP_MEUR,SCA,B1GQ,IT,2018-Q3,444633.1
Q,CP_MEUR,SCA,B1GQ,IT,2018-Q4,446352.5
Q,CP_MEUR,SCA,B1GQ,IT,2019-Q1,448866.9
Q,CP_MEUR,SCA,B1GQ,IT,2019-Q2,451213.1
Q,CP_MEUR,SCA,B1GQ,IT,2019-Q3,451757
Q,CP_MEUR,SCA,B1GQ,IT,2019-Q4,452771.7
Q,CP_MEUR,SCA,B1GQ,IT,2020-Q1,426225.3
Q,CP_MEUR,SCA,B1GQ,IT,2020-Q2,378913.4
Q,CP_MEUR,SCA,B1GQ,IT,2020-Q3,430092.9
Q,CP_MEUR,SCA,B1GQ,IT,2020-Q4,433721.8
Q,CP_MEUR,SCA,B1GQ,IT,2021-Q1,440177.8
Q,CP_MEUR,SCA,B1GQ,IT,2021-Q2,454084.2
Q,CP_MEUR,SCA,B1GQ,IT,2021-Q3,468200.3
Q,CP_MEUR,SCA,B1GQ,IT,2021-Q4,476737.6
Q,CP_MEUR,SCA,B1GQ,IT,2022-Q1,485546.6
Q,CP_MEUR,SCA,B1GQ,IT,2022-Q2,499059.2
Q,CP_MEUR,SCA,B1GQ,IT,2022-Q3,502165.3
Q,CP_MEUR,SCA,B1GQ,IT,2022-Q4,510584.5
Q,CP_MEUR,SCA,B1GQ,IT,2023-Q1,527295.7
Q,CP_MEUR,SCA,B1GQ,IT,2023-Q2,535382.9
Q,CP_MEUR,SCA,B1GQ,IT,2023-Q3,538795.4
Q,CP_MEUR,SCA,B1GQ,IT,2023-Q4,542554.2
Q,CP_MEUR,SCA,B1GQ,IT,2024-Q1,546885.1
Q,CP_MEUR,SCA,B1GQ,IT,2024-Q2,547313
Q,CP_MEUR,SCA,B1GQ,IT,2024-Q3,550196
Q,CP_MEUR,SCA,B1GQ,IT,2024-Q4,554710.4
Q,CP_MEUR,SCA,B1GQ,IT,2025-Q1,558135.9
Q,CP_MEUR,SCA,B1GQ,IT,2025-Q2,562127.1
Q,CP_MEUR,SCA,B1GQ,IT,2025-Q3,566052.8
Q,CP_MEUR,SCA,B1GQ,IT,2025-Q4,571511.6
Q,CP_MEUR,SCA,B1GQ,IT,2026-Q1,573653.5
Q,CP_MEUR,SCA,B1GQ,IT,2026-Q2,574778.5
Q,CP_MEUR,SCA,B1GQ,CY,1978-Q1,
Q,CP_MEUR,SCA,B1GQ,CY,1978-Q2,
Q,CP_MEUR,SCA,B1GQ,CY,1978-Q3,
Q,CP_MEUR,SCA,B1GQ,CY,1978-Q4,
Q,CP_MEUR,SCA,B1GQ,CY,1979-Q1,
Q,CP_MEUR,SCA,B1GQ,CY,1979-Q2,
Q,CP_MEUR,SCA,B1GQ,CY,1979-Q3,
Q,CP_MEUR,SCA,B1GQ,CY,1979-Q4,
Q,CP_MEUR,SCA,B1GQ,CY,1980-Q1,
Q,CP_MEUR,SCA,B1GQ,CY,1980-Q2,
Q,CP_MEUR,SCA,B1GQ,CY,1980-Q3,
Q,CP_MEUR,SCA,B1GQ,CY,1980-Q4,
Q,CP_MEUR,SCA,B1GQ,CY,1981-Q1,
Q,CP_MEUR,SCA,B1GQ,CY,1981-Q2,
Q,CP_MEUR,SCA,B1GQ,CY,1981-Q3,
Q,CP_MEUR,SCA,B1GQ,CY,1981-Q4,
Q,CP_MEUR,SCA,B1GQ,CY,1982-Q1,
Q,CP_MEUR,SCA,B1GQ,CY,1982-Q2,
Q,CP_MEUR,SCA,B1GQ,CY,1982-Q3,
Q,CP_MEUR,SCA,B1GQ,CY,1982-Q4,
Q,CP_MEUR,SCA,B1GQ,CY,1983-Q1,
Q,CP_MEUR,SCA,B1GQ,CY,1983-Q2,
Q,CP_MEUR,SCA,B1GQ,CY,1983-Q3,
Q,CP_MEUR,SCA,B1GQ,CY,1983-Q4,
Q,CP_MEUR,SCA,B1GQ,CY,1984-Q1,
Q,CP_MEUR,SCA,B1GQ,CY,1984-Q2,
Q,CP_MEUR,SCA,B1GQ,CY,1984-Q3,
Q,CP_MEUR,SCA,B1GQ,CY,1984-Q4,
Q,CP_MEUR,SCA,B1GQ,CY,1985-Q1,
Q,CP_MEUR,SCA,B1GQ,CY,1985-Q2,
Q,CP_MEUR,SCA,B1GQ,CY,1985-Q3,
Q,CP_MEUR,SCA,B1GQ,CY,1985-Q4,
Q,CP_MEUR,SCA,B1GQ,CY,1986-Q1,
Q,CP_MEUR,SCA,B1GQ,CY,1986-Q2,
Q,CP_MEUR,SCA,B1GQ,CY,1986-Q3,
Q,CP_MEUR,SCA,B1GQ,CY,1986-Q4,
Q,CP_MEUR,SCA,B1GQ,CY,1987-Q1,
Q,CP_MEUR,SCA,B1GQ,CY,1987-Q2,
Q,CP_MEUR,SCA,B1GQ,CY,1987-Q3,
Q,CP_MEUR,SCA,B1GQ,CY,1987-Q4,
Q,CP_MEUR,SCA,B1GQ,CY,1988-Q1,
Q,CP_MEUR,SCA,B1GQ,CY,1988-Q2,
Q,CP_MEUR,SCA,B1GQ,CY,1988-Q3,
Q,CP_MEUR,SCA,B1GQ,CY,1988-Q4,
Q,CP_MEUR,SCA,B1GQ,CY,1989-Q1,
Q,CP_MEUR,SCA,B1GQ,CY,1989-Q2,
Q,CP_MEUR,SCA,B1GQ,CY,1989-Q3,
Q,CP_MEUR,SCA,B1GQ,CY,1989-Q4,
Q,CP_MEUR,SCA,B1GQ,CY,1990-Q1,
Q,CP_MEUR,SCA,B1GQ,CY,1990-Q2,
Q,CP_MEUR,SCA,B1GQ,CY,1990-Q3,
Q,CP_MEUR,SCA,B1GQ,CY,1990-Q4,
Q,CP_MEUR,SCA,B1GQ,CY,1991-Q1,
Q,CP_MEUR,SCA,B1GQ,CY,1991-Q2,
Q,CP_MEUR,SCA,B1GQ,CY,1991-Q3,
Q,CP_MEUR,SCA,B1GQ,CY,1991-Q4,
Q,CP_MEUR,SCA,B1GQ,CY,1992-Q1,
Q,CP_MEUR,SCA,B1GQ,CY,1992-Q2,
Q,CP_MEUR,SCA,B1GQ,CY,1992-Q3,
Q,CP_MEUR,SCA,B1GQ,CY,1992-Q4,
Q,CP_MEUR,SCA,B1GQ,CY,1993-Q1,
Q,CP_MEUR,SCA,B1GQ,CY,1993-Q2,
Q,CP_MEUR,SCA,B1GQ,CY,1993-Q3,
Q,CP_MEUR,SCA,B1GQ,CY,1993-Q4,
Q,CP_MEUR,SCA,B1GQ,CY,1994-Q1,
Q,CP_MEUR,SCA,B1GQ,CY,1994-Q2,
Q,CP_MEUR,SCA,B1GQ,CY,1994-Q3,
Q,CP_MEUR,SCA,B1GQ,CY,1994-Q4,
Q,CP_MEUR,SCA,B1GQ,CY,1995-Q1,1866.8
Q,CP_MEUR,SCA,B1GQ,CY,1995-Q2,1896
Q,CP_MEUR,SCA,B1GQ,CY,1995-Q3,1912.3
Q,CP_MEUR,SCA,B1GQ,CY,1995-Q4,1920.4
Q,CP_MEUR,SCA,B1GQ,CY,1996-Q1,1930.7
Q,CP_MEUR,SCA,B1GQ,CY,1996-Q2,1952.9
Q,CP_MEUR,SCA,B1GQ,CY,1996-Q3,1976.8
Q,CP_MEUR,SCA,B1GQ,CY,1996-Q4,2030.5
Q,CP_MEUR,SCA,B1GQ,CY,1997-Q1,2045
Q,CP_MEUR,SCA,B1GQ,CY,1997-Q2,2065.4
Q,CP_MEUR,SCA,B1GQ,CY,1997-Q3,2133.4
Q,CP_MEUR,SCA,B1GQ,CY,1997-Q4,2170.1
Q,CP_MEUR,SCA,B1GQ,CY,1998-Q1,2221.1
Q,CP_MEUR,SCA,B1GQ,CY,1998-Q2,2273.8
Q,CP_MEUR,SCA,B1GQ,CY,1998-Q3,2319.9
Q,CP_MEUR,SCA,B1GQ,CY,1998-Q4,2337.7
Q,CP_MEUR,SCA,B1GQ,CY,1999-Q1,2375.7
Q,CP_MEUR,SCA,B1GQ,CY,1999-Q2,2413.7
Q,CP_MEUR,SCA,B1GQ,CY,1999-Q3,2494.6
Q,CP_MEUR,SCA,B1GQ,CY,1999-Q4,2556
Q,CP_MEUR,SCA,B1GQ,CY,2000-Q1,2634.7
Q,CP_MEUR,SCA,B1GQ,CY,2000-Q2,2727.1
Q,CP_MEUR,SCA,B1GQ,CY,2000-Q3,2696.2
Q,CP_MEUR,SCA,B1GQ,CY,2000-Q4,2747.1
Q,CP_MEUR,SCA,B1GQ,CY,2001-Q1,2799.7
Q,CP_MEUR,SCA,B1GQ,CY,2001-Q2,2880.1
Q,CP_MEUR,SCA,B1GQ,CY,2001-Q3,2966.2
Q,CP_MEUR,SCA,B1GQ,CY,2001-Q4,2957.5
Q,CP_MEUR,SCA,B1GQ,CY,2002-Q1,2953.5
Q,CP_MEUR,SCA,B1GQ,CY,2002-Q2,2983.9
Q,CP_MEUR,SCA,B1GQ,CY,2002-Q3,3025.6
Q,CP_MEUR,SCA,B1GQ,CY,2002-Q4,3120.2
Q,CP_MEUR,SCA,B1GQ,CY,2003-Q1,3161.7
Q,CP_MEUR,SCA,B1GQ,CY,2003-Q2,3150.3
Q,CP_MEUR,SCA,B1GQ,CY,2003-Q3,3200
Q,CP_MEUR,SCA,B1GQ,CY,2003-Q4,3359.4
Q,CP_MEUR,SCA,B1GQ,CY,2004-Q1,3370.4
Q,CP_MEUR,SCA,B1GQ,CY,2004-Q2,3397.8
Q,CP_MEUR,SCA,B1GQ,CY,2004-Q3,3536.8
Q,CP_MEUR,SCA,B1GQ,CY,2004-Q4,3634.2
Q,CP_MEUR,SCA,B1GQ,CY,2005-Q1,3638
Q,CP_MEUR,SCA,B1GQ,CY,2005-Q2,3715.4
Q,CP_MEUR,SCA,B1GQ,CY,2005-Q3,3815.7
Q,CP_MEUR,SCA,B1GQ,CY,2005-Q4,3871
Q,CP_MEUR,SCA,B1GQ,CY,2006-Q1,3941.1
Q,CP_MEUR,SCA,B1GQ,CY,2006-Q2,4042.7
Q,CP_MEUR,SCA,B1GQ,CY,2006-Q3,4104
Q,CP_MEUR,SCA,B1GQ,CY,2006-Q4,4175.2
Q,CP_MEUR,SCA,B1GQ,CY,2007-Q1,4275.1
Q,CP_MEUR,SCA,B1GQ,CY,2007-Q2,4347.6
Q,CP_MEUR,SCA,B1GQ,CY,2007-Q3,4428.9
Q,CP_MEUR,SCA,B1GQ,CY,2007-Q4,4538.2
Q,CP_MEUR,SCA,B1GQ,CY,2008-Q1,4664.6
Q,CP_MEUR,SCA,B1GQ,CY,2008-Q2,4753.7
Q,CP_MEUR,SCA,B1GQ,CY,2008-Q3,4816.9
Q,CP_MEUR,SCA,B1GQ,CY,2008-Q4,4774.3
Q,CP_MEUR,SCA,B1GQ,CY,2009-Q1,4641.8
Q,CP_MEUR,SCA,B1GQ,CY,2009-Q2,4650.3
Q,CP_MEUR,SCA,B1GQ,CY,2009-Q3,4655.5
Q,CP_MEUR,SCA,B1GQ,CY,2009-Q4,4727.8
Q,CP_MEUR,SCA,B1GQ,CY,2010-Q1,4807
Q,CP_MEUR,SCA,B1GQ,CY,2010-Q2,4836.7
Q,CP_MEUR,SCA,B1GQ,CY,2010-Q3,4892.6
Q,CP_MEUR,SCA,B1GQ,CY,2010-Q4,4924.7
Q,CP_MEUR,SCA,B1GQ,CY,2011-Q1,4931.8
Q,CP_MEUR,SCA,B1GQ,CY,2011-Q2,4982.5
Q,CP_MEUR,SCA,B1GQ,CY,2011-Q3,4942.3
Q,CP_MEUR,SCA,B1GQ,CY,2011-Q4,5001.6
Q,CP_MEUR,SCA,B1GQ,CY,2012-Q1,4934.5
Q,CP_MEUR,SCA,B1GQ,CY,2012-Q2,4882.1
Q,CP_MEUR,SCA,B1GQ,CY,2012-Q3,4857.2
Q,CP_MEUR,SCA,B1GQ,CY,2012-Q4,4821.5
Q,CP_MEUR,SCA,B1GQ,CY,2013-Q1,4529.8
Q,CP_MEUR,SCA,B1GQ,CY,2013-Q2,4603.2
Q,CP_MEUR,SCA,B1GQ,CY,2013-Q3,4484
Q,CP_MEUR,SCA,B1GQ,CY,2013-Q4,4423.4
Q,CP_MEUR,SCA,B1GQ,CY,2014-Q1,4388
Q,CP_MEUR,SCA,B1GQ,CY,2014-Q2,4359.1
Q,CP_MEUR,SCA,B1GQ,CY,2014-Q3,4391.2
Q,CP_MEUR,SCA,B1GQ,CY,2014-Q4,4344.6
Q,CP_MEUR,SCA,B1GQ,CY,2015-Q1,4426.7
Q,CP_MEUR,SCA,B1GQ,CY,2015-Q2,4442.8
Q,CP_MEUR,SCA,B1GQ,CY,2015-Q3,4502.7
Q,CP_MEUR,SCA,B1GQ,CY,2015-Q4,4571.7
Q,CP_MEUR,SCA,B1GQ,CY,2016-Q1,4619.9
Q,CP_MEUR,SCA,B1GQ,CY,2016-Q2,4673.8
Q,CP_MEUR,SCA,B1GQ,CY,2016-Q3,4797.8
Q,CP_MEUR,SCA,B1GQ,CY,2016-Q4,4922.3
Q,CP_MEUR,SCA,B1GQ,CY,2017-Q1,5013.4
Q,CP_MEUR,SCA,B1GQ,CY,2017-Q2,4999.1
Q,CP_MEUR,SCA,B1GQ,CY,2017-Q3,5108.5
Q,CP_MEUR,SCA,B1GQ,CY,2017-Q4,5191.4
Q,CP_MEUR,SCA,B1GQ,CY,2018-Q1,5340.1
Q,CP_MEUR,SCA,B1GQ,CY,2018-Q2,5450.2
Q,CP_MEUR,SCA,B1GQ,CY,2018-Q3,5432.2
Q,CP_MEUR,SCA,B1GQ,CY,2018-Q4,5585.3
Q,CP_MEUR,SCA,B1GQ,CY,2019-Q1,5725.4
Q,CP_MEUR,SCA,B1GQ,CY,2019-Q2,5836.3
Q,CP_MEUR,SCA,B1GQ,CY,2019-Q3,5890
Q,CP_MEUR,SCA,B1GQ,CY,2019-Q4,5949.2
Q,CP_MEUR,SCA,B1GQ,CY,2020-Q1,5951.7
Q,CP_MEUR,SCA,B1GQ,CY,2020-Q2,5095.3
Q,CP_MEUR,SCA,B1GQ,CY,2020-Q3,5546.1
Q,CP_MEUR,SCA,B1GQ,CY,2020-Q4,5780.9
Q,CP_MEUR,SCA,B1GQ,CY,2021-Q1,6145
Q,CP_MEUR,SCA,B1GQ,CY,2021-Q2,6261.6
Q,CP_MEUR,SCA,B1GQ,CY,2021-Q3,6465
Q,CP_MEUR,SCA,B1GQ,CY,2021-Q4,6808.1
Q,CP_MEUR,SCA,B1GQ,CY,2022-Q1,7159.7
Q,CP_MEUR,SCA,B1GQ,CY,2022-Q2,7260.2
Q,CP_MEUR,SCA,B1GQ,CY,2022-Q3,7569.6
Q,CP_MEUR,SCA,B1GQ,CY,2022-Q4,7656
Q,CP_MEUR,SCA,B1GQ,CY,2023-Q1,7882.3
Q,CP_MEUR,SCA,B1GQ,CY,2023-Q2,8001.5
Q,CP_MEUR,SCA,B1GQ,CY,2023-Q3,8193.2
Q,CP_MEUR,SCA,B1GQ,CY,2023-Q4,8362
Q,CP_MEUR,SCA,B1GQ,CY,2024-Q1,8505.4
Q,CP_MEUR,SCA,B1GQ,CY,2024-Q2,8667
Q,CP_MEUR,SCA,B1GQ,CY,2024-Q3,8744.3
Q,CP_MEUR,SCA,B1GQ,CY,2024-Q4,8853.3
Q,CP_MEUR,SCA,B1GQ,CY,2025-Q1,8960.6
Q,CP_MEUR,SCA,B1GQ,CY,2025-Q2,9026.9
Q,CP_MEUR,SCA,B1GQ,CY,2025-Q3,9142
Q,CP_MEUR,SCA,B1GQ,CY,2025-Q4,9354.1
Q,CP_MEUR,SCA,B1GQ,CY,2026-Q1,9557.6
Q,CP_MEUR,SCA,B1GQ,CY,2026-Q2,9668.7
Q,CP_MEUR,SCA,B1GQ,LV,1978-Q1,
Q,CP_MEUR,SCA,B1GQ,LV,1978-Q2,
Q,CP_MEUR,SCA,B1GQ,LV,1978-Q3,
Q,CP_MEUR,SCA,B1GQ,LV,1978-Q4,
Q,CP_MEUR,SCA,B1GQ,LV,1979-Q1,
Q,CP_MEUR,SCA,B1GQ,LV,1979-Q2,
Q,CP_MEUR,SCA,B1GQ,LV,1979-Q3,
Q,CP_MEUR,SCA,B1GQ,LV,1979-Q4,
Q,CP_MEUR,SCA,B1GQ,LV,1980-Q1,
Q,CP_MEUR,SCA,B1GQ,LV,1980-Q2,
Q,CP_MEUR,SCA,B1GQ,LV,1980-Q3,
Q,CP_MEUR,SCA,B1GQ,LV,1980-Q4,
Q,CP_MEUR,SCA,B1GQ,LV,1981-Q1,
Q,CP_MEUR,SCA,B1GQ,LV,1981-Q2,
Q,CP_MEUR,SCA,B1GQ,LV,1981-Q3,
Q,CP_MEUR,SCA,B1GQ,LV,1981-Q4,
Q,CP_MEUR,SCA,B1GQ,LV,1982-Q1,
Q,CP_MEUR,SCA,B1GQ,LV,1982-Q2,
Q,CP_MEUR,SCA,B1GQ,LV,1982-Q3,
Q,CP_MEUR,SCA,B1GQ,LV,1982-Q4,
Q,CP_MEUR,SCA,B1GQ,LV,1983-Q1,
Q,CP_MEUR,SCA,B1GQ,LV,1983-Q2,
Q,CP_MEUR,SCA,B1GQ,LV,1983-Q3,
Q,CP_MEUR,SCA,B1GQ,LV,1983-Q4,
Q,CP_MEUR,SCA,B1GQ,LV,1984-Q1,
Q,CP_MEUR,SCA,B1GQ,LV,1984-Q2,
Q,CP_MEUR,SCA,B1GQ,LV,1984-Q3,
Q,CP_MEUR,SCA,B1GQ,LV,1984-Q4,
Q,CP_MEUR,SCA,B1GQ,LV,1985-Q1,
Q,CP_MEUR,SCA,B1GQ,LV,1985-Q2,
Q,CP_MEUR,SCA,B1GQ,LV,1985-Q3,
Q,CP_MEUR,SCA,B1GQ,LV,1985-Q4,
Q,CP_MEUR,SCA,B1GQ,LV,1986-Q1,
Q,CP_MEUR,SCA,B1GQ,LV,1986-Q2,
Q,CP_MEUR,SCA,B1GQ,LV,1986-Q3,
Q,CP_MEUR,SCA,B1GQ,LV,1986-Q4,
Q,CP_MEUR,SCA,B1GQ,LV,1987-Q1,
Q,CP_MEUR,SCA,B1GQ,LV,1987-Q2,
Q,CP_MEUR,SCA,B1GQ,LV,1987-Q3,
Q,CP_MEUR,SCA,B1GQ,LV,1987-Q4,
Q,CP_MEUR,SCA,B1GQ,LV,1988-Q1,
Q,CP_MEUR,SCA,B1GQ,LV,1988-Q2,
Q,CP_MEUR,SCA,B1GQ,LV,1988-Q3,
Q,CP_MEUR,SCA,B1GQ,LV,1988-Q4,
Q,CP_MEUR,SCA,B1GQ,LV,1989-Q1,
Q,CP_MEUR,SCA,B1GQ,LV,1989-Q2,
Q,CP_MEUR,SCA,B1GQ,LV,1989-Q3,
Q,CP_MEUR,SCA,B1GQ,LV,1989-Q4,
Q,CP_MEUR,SCA,B1GQ,LV,1990-Q1,
Q,CP_MEUR,SCA,B1GQ,LV,1990-Q2,
Q,CP_MEUR,SCA,B1GQ,LV,1990-Q3,
Q,CP_MEUR,SCA,B1GQ,LV,1990-Q4,
Q,CP_MEUR,SCA,B1GQ,LV,1991-Q1,
Q,CP_MEUR,SCA,B1GQ,LV,1991-Q2,
Q,CP_MEUR,SCA,B1GQ,LV,1991-Q3,
Q,CP_MEUR,SCA,B1GQ,LV,1991-Q4,
Q,CP_MEUR,SCA,B1GQ,LV,1992-Q1,
Q,CP_MEUR,SCA,B1GQ,LV,1992-Q2,
Q,CP_MEUR,SCA,B1GQ,LV,1992-Q3,
Q,CP_MEUR,SCA,B1GQ,LV,1992-Q4,
Q,CP_MEUR,SCA,B1GQ,LV,1993-Q1,
Q,CP_MEUR,SCA,B1GQ,LV,1993-Q2,
Q,CP_MEUR,SCA,B1GQ,LV,1993-Q3,
Q,CP_MEUR,SCA,B1GQ,LV,1993-Q4,
Q,CP_MEUR,SCA,B1GQ,LV,1994-Q1,
Q,CP_MEUR,SCA,B1GQ,LV,1994-Q2,
Q,CP_MEUR,SCA,B1GQ,LV,1994-Q3,
Q,CP_MEUR,SCA,B1GQ,LV,1994-Q4,
Q,CP_MEUR,SCA,B1GQ,LV,1995-Q1,999.6
Q,CP_MEUR,SCA,B1GQ,LV,1995-Q2,1005.9
Q,CP_MEUR,SCA,B1GQ,LV,1995-Q3,995.8
Q,CP_MEUR,SCA,B1GQ,LV,1995-Q4,1005.6
Q,CP_MEUR,SCA,B1GQ,LV,1996-Q1,1066.2
Q,CP_MEUR,SCA,B1GQ,LV,1996-Q2,1121.6
Q,CP_MEUR,SCA,B1GQ,LV,1996-Q3,1150.6
Q,CP_MEUR,SCA,B1GQ,LV,1996-Q4,1218.2
Q,CP_MEUR,SCA,B1GQ,LV,1997-Q1,1266.8
Q,CP_MEUR,SCA,B1GQ,LV,1997-Q2,1362.9
Q,CP_MEUR,SCA,B1GQ,LV,1997-Q3,1456.4
Q,CP_MEUR,SCA,B1GQ,LV,1997-Q4,1503.8
Q,CP_MEUR,SCA,B1GQ,LV,1998-Q1,1583.7
Q,CP_MEUR,SCA,B1GQ,LV,1998-Q2,1562.2
Q,CP_MEUR,SCA,B1GQ,LV,1998-Q3,1563
Q,CP_MEUR,SCA,B1GQ,LV,1998-Q4,1525.7
Q,CP_MEUR,SCA,B1GQ,LV,1999-Q1,1601.7
Q,CP_MEUR,SCA,B1GQ,LV,1999-Q2,1663.8
Q,CP_MEUR,SCA,B1GQ,LV,1999-Q3,1733.2
Q,CP_MEUR,SCA,B1GQ,LV,1999-Q4,1853.7
Q,CP_MEUR,SCA,B1GQ,LV,2000-Q1,1945.6
Q,CP_MEUR,SCA,B1GQ,LV,2000-Q2,2089
Q,CP_MEUR,SCA,B1GQ,LV,2000-Q3,2182.1
Q,CP_MEUR,SCA,B1GQ,LV,2000-Q4,2210.4
Q,CP_MEUR,SCA,B1GQ,LV,2001-Q1,2164.1
Q,CP_MEUR,SCA,B1GQ,LV,2001-Q2,2338.2
Q,CP_MEUR,SCA,B1GQ,LV,2001-Q3,2298
Q,CP_MEUR,SCA,B1GQ,LV,2001-Q4,2379.6
Q,CP_MEUR,SCA,B1GQ,LV,2002-Q1,2414.1
Q,CP_MEUR,SCA,B1GQ,LV,2002-Q2,2490
Q,CP_MEUR,SCA,B1GQ,LV,2002-Q3,2425.4
Q,CP_MEUR,SCA,B1GQ,LV,2002-Q4,2501.7
Q,CP_MEUR,SCA,B1GQ,LV,2003-Q1,2442.8
Q,CP_MEUR,SCA,B1GQ,LV,2003-Q2,2451.6
Q,CP_MEUR,SCA,B1GQ,LV,2003-Q3,2564.3
Q,CP_MEUR,SCA,B1GQ,LV,2003-Q4,2560.3
Q,CP_MEUR,SCA,B1GQ,LV,2004-Q1,2674.6
Q,CP_MEUR,SCA,B1GQ,LV,2004-Q2,2760.3
Q,CP_MEUR,SCA,B1GQ,LV,2004-Q3,2902.4
Q,CP_MEUR,SCA,B1GQ,LV,2004-Q4,2880.1
Q,CP_MEUR,SCA,B1GQ,LV,2005-Q1,3007.4
Q,CP_MEUR,SCA,B1GQ,LV,2005-Q2,3162.3
Q,CP_MEUR,SCA,B1GQ,LV,2005-Q3,3383.7
Q,CP_MEUR,SCA,B1GQ,LV,2005-Q4,3639.1
Q,CP_MEUR,SCA,B1GQ,LV,2006-Q1,3700.2
Q,CP_MEUR,SCA,B1GQ,LV,2006-Q2,3923.2
Q,CP_MEUR,SCA,B1GQ,LV,2006-Q3,4235.1
Q,CP_MEUR,SCA,B1GQ,LV,2006-Q4,4550.9
Q,CP_MEUR,SCA,B1GQ,LV,2007-Q1,4990.8
Q,CP_MEUR,SCA,B1GQ,LV,2007-Q2,5312.3
Q,CP_MEUR,SCA,B1GQ,LV,2007-Q3,5585.8
Q,CP_MEUR,SCA,B1GQ,LV,2007-Q4,5670.6
Q,CP_MEUR,SCA,B1GQ,LV,2008-Q1,5970.6
Q,CP_MEUR,SCA,B1GQ,LV,2008-Q2,5928.5
Q,CP_MEUR,SCA,B1GQ,LV,2008-Q3,5902.1
Q,CP_MEUR,SCA,B1GQ,LV,2008-Q4,5568.8
Q,CP_MEUR,SCA,B1GQ,LV,2009-Q1,4942.5
Q,CP_MEUR,SCA,B1GQ,LV,2009-Q2,4696.7
Q,CP_MEUR,SCA,B1GQ,LV,2009-Q3,4424.9
Q,CP_MEUR,SCA,B1GQ,LV,2009-Q4,4374.9
Q,CP_MEUR,SCA,B1GQ,LV,2010-Q1,4336.3
Q,CP_MEUR,SCA,B1GQ,LV,2010-Q2,4333.5
Q,CP_MEUR,SCA,B1GQ,LV,2010-Q3,4393.7
Q,CP_MEUR,SCA,B1GQ,LV,2010-Q4,4486.2
Q,CP_MEUR,SCA,B1GQ,LV,2011-Q1,4480.8
Q,CP_MEUR,SCA,B1GQ,LV,2011-Q2,4691.7
Q,CP_MEUR,SCA,B1GQ,LV,2011-Q3,4828.1
Q,CP_MEUR,SCA,B1GQ,LV,2011-Q4,4975.5
Q,CP_MEUR,SCA,B1GQ,LV,2012-Q1,5214.8
Q,CP_MEUR,SCA,B1GQ,LV,2012-Q2,5264.3
Q,CP_MEUR,SCA,B1GQ,LV,2012-Q3,5331.1
Q,CP_MEUR,SCA,B1GQ,LV,2012-Q4,5432.5
Q,CP_MEUR,SCA,B1GQ,LV,2013-Q1,5366.3
Q,CP_MEUR,SCA,B1GQ,LV,2013-Q2,5433.8
Q,CP_MEUR,SCA,B1GQ,LV,2013-Q3,5537.4
Q,CP_MEUR,SCA,B1GQ,LV,2013-Q4,5626.1
Q,CP_MEUR,SCA,B1GQ,LV,2014-Q1,5641.7
Q,CP_MEUR,SCA,B1GQ,LV,2014-Q2,5625.1
Q,CP_MEUR,SCA,B1GQ,LV,2014-Q3,5716.9
Q,CP_MEUR,SCA,B1GQ,LV,2014-Q4,5788
Q,CP_MEUR,SCA,B1GQ,LV,2015-Q1,5830.7
Q,CP_MEUR,SCA,B1GQ,LV,2015-Q2,5912
Q,CP_MEUR,SCA,B1GQ,LV,2015-Q3,6004
Q,CP_MEUR,SCA,B1GQ,LV,2015-Q4,5973.6
Q,CP_MEUR,SCA,B1GQ,LV,2016-Q1,6029.2
Q,CP_MEUR,SCA,B1GQ,LV,2016-Q2,6083
Q,CP_MEUR,SCA,B1GQ,LV,2016-Q3,6107.7
Q,CP_MEUR,SCA,B1GQ,LV,2016-Q4,6253.3
Q,CP_MEUR,SCA,B1GQ,LV,2017-Q1,6388.1
Q,CP_MEUR,SCA,B1GQ,LV,2017-Q2,6443.3
Q,CP_MEUR,SCA,B1GQ,LV,2017-Q3,6538.2
Q,CP_MEUR,SCA,B1GQ,LV,2017-Q4,6634.2
Q,CP_MEUR,SCA,B1GQ,LV,2018-Q1,6759
Q,CP_MEUR,SCA,B1GQ,LV,2018-Q2,7018.9
Q,CP_MEUR,SCA,B1GQ,LV,2018-Q3,7106.7
Q,CP_MEUR,SCA,B1GQ,LV,2018-Q4,7227.4
Q,CP_MEUR,SCA,B1GQ,LV,2019-Q1,7329.5
Q,CP_MEUR,SCA,B1GQ,LV,2019-Q2,7359.4
Q,CP_MEUR,SCA,B1GQ,LV,2019-Q3,7465.4
Q,CP_MEUR,SCA,B1GQ,LV,2019-Q4,7401.2
Q,CP_MEUR,SCA,B1GQ,LV,2020-Q1,7519.5
Q,CP_MEUR,SCA,B1GQ,LV,2020-Q2,6868.7
Q,CP_MEUR,SCA,B1GQ,LV,2020-Q3,7389.8
Q,CP_MEUR,SCA,B1GQ,LV,2020-Q4,7450.8
Q,CP_MEUR,SCA,B1GQ,LV,2021-Q1,7575.4
Q,CP_MEUR,SCA,B1GQ,LV,2021-Q2,7857.7
Q,CP_MEUR,SCA,B1GQ,LV,2021-Q3,8227.8
Q,CP_MEUR,SCA,B1GQ,LV,2021-Q4,8517.6
Q,CP_MEUR,SCA,B1GQ,LV,2022-Q1,8653.3
Q,CP_MEUR,SCA,B1GQ,LV,2022-Q2,8910.5
Q,CP_MEUR,SCA,B1GQ,LV,2022-Q3,9247.9
Q,CP_MEUR,SCA,B1GQ,LV,2022-Q4,9202.7
Q,CP_MEUR,SCA,B1GQ,LV,2023-Q1,10081.2
Q,CP_MEUR,SCA,B1GQ,LV,2023-Q2,9784.4
Q,CP_MEUR,SCA,B1GQ,LV,2023-Q3,9805.4
Q,CP_MEUR,SCA,B1GQ,LV,2023-Q4,9918
Q,CP_MEUR,SCA,B1GQ,LV,2024-Q1,9977.6
Q,CP_MEUR,SCA,B1GQ,LV,2024-Q2,10178.1
Q,CP_MEUR,SCA,B1GQ,LV,2024-Q3,10081.9
Q,CP_MEUR,SCA,B1GQ,LV,2024-Q4,10378.3
Q,CP_MEUR,SCA,B1GQ,LV,2025-Q1,10506.5
Q,CP_MEUR,SCA,B1GQ,LV,2025-Q2,10635.1
Q,CP_MEUR,SCA,B1GQ,LV,2025-Q3,10789.1
Q,CP_MEUR,SCA,B1GQ,LV,2025-Q4,11040.6
Q,CP_MEUR,SCA,B1GQ,LV,2026-Q1,11142.3
Q,CP_MEUR,SCA,B1GQ,LV,2026-Q2,11421
Q,CP_MEUR,SCA,B1GQ,LT,1978-Q1,
Q,CP_MEUR,SCA,B1GQ,LT,1978-Q2,
Q,CP_MEUR,SCA,B1GQ,LT,1978-Q3,
Q,CP_MEUR,SCA,B1GQ,LT,1978-Q4,
Q,CP_MEUR,SCA,B1GQ,LT,1979-Q1,
Q,CP_MEUR,SCA,B1GQ,LT,1979-Q2,
Q,CP_MEUR,SCA,B1GQ,LT,1979-Q3,
Q,CP_MEUR,SCA,B1GQ,LT,1979-Q4,
Q,CP_MEUR,SCA,B1GQ,LT,1980-Q1,
Q,CP_MEUR,SCA,B1GQ,LT,1980-Q2,
Q,CP_MEUR,SCA,B1GQ,LT,1980-Q3,
Q,CP_MEUR,SCA,B1GQ,LT,1980-Q4,
Q,CP_MEUR,SCA,B1GQ,LT,1981-Q1,
Q,CP_MEUR,SCA,B1GQ,LT,1981-Q2,
Q,CP_MEUR,SCA,B1GQ,LT,1981-Q3,
Q,CP_MEUR,SCA,B1GQ,LT,1981-Q4,
Q,CP_MEUR,SCA,B1GQ,LT,1982-Q1,
Q,CP_MEUR,SCA,B1GQ,LT,1982-Q2,
Q,CP_MEUR,SCA,B1GQ,LT,1982-Q3,
Q,CP_MEUR,SCA,B1GQ,LT,1982-Q4,
Q,CP_MEUR,SCA,B1GQ,LT,1983-Q1,
Q,CP_MEUR,SCA,B1GQ,LT,1983-Q2,
Q,CP_MEUR,SCA,B1GQ,LT,1983-Q3,
Q,CP_MEUR,SCA,B1GQ,LT,1983-Q4,
Q,CP_MEUR,SCA,B1GQ,LT,1984-Q1,
Q,CP_MEUR,SCA,B1GQ,LT,1984-Q2,
Q,CP_MEUR,SCA,B1GQ,LT,1984-Q3,
Q,CP_MEUR,SCA,B1GQ,LT,1984-Q4,
Q,CP_MEUR,SCA,B1GQ,LT,1985-Q1,
Q,CP_MEUR,SCA,B1GQ,LT,1985-Q2,
Q,CP_MEUR,SCA,B1GQ,LT,1985-Q3,
Q,CP_MEUR,SCA,B1GQ,LT,1985-Q4,
Q,CP_MEUR,SCA,B1GQ,LT,1986-Q1,
Q,CP_MEUR,SCA,B1GQ,LT,1986-Q2,
Q,CP_MEUR,SCA,B1GQ,LT,1986-Q3,
Q,CP_MEUR,SCA,B1GQ,LT,1986-Q4,
Q,CP_MEUR,SCA,B1GQ,LT,1987-Q1,
Q,CP_MEUR,SCA,B1GQ,LT,1987-Q2,
Q,CP_MEUR,SCA,B1GQ,LT,1987-Q3,
Q,CP_MEUR,SCA,B1GQ,LT,1987-Q4,
Q,CP_MEUR,SCA,B1GQ,LT,1988-Q1,
Q,CP_MEUR,SCA,B1GQ,LT,1988-Q2,
Q,CP_MEUR,SCA,B1GQ,LT,1988-Q3,
Q,CP_MEUR,SCA,B1GQ,LT,1988-Q4,
Q,CP_MEUR,SCA,B1GQ,LT,1989-Q1,
Q,CP_MEUR,SCA,B1GQ,LT,1989-Q2,
Q,CP_MEUR,SCA,B1GQ,LT,1989-Q3,
Q,CP_MEUR,SCA,B1GQ,LT,1989-Q4,
Q,CP_MEUR,SCA,B1GQ,LT,1990-Q1,
Q,CP_MEUR,SCA,B1GQ,LT,1990-Q2,
Q,CP_MEUR,SCA,B1GQ,LT,1990-Q3,
Q,CP_MEUR,SCA,B1GQ,LT,1990-Q4,
Q,CP_MEUR,SCA,B1GQ,LT,1991-Q1,
Q,CP_MEUR,SCA,B1GQ,LT,1991-Q2,
Q,CP_MEUR,SCA,B1GQ,LT,1991-Q3,
Q,CP_MEUR,SCA,B1GQ,LT,1991-Q4,
Q,CP_MEUR,SCA,B1GQ,LT,1992-Q1,
Q,CP_MEUR,SCA,B1GQ,LT,1992-Q2,
Q,CP_MEUR,SCA,B1GQ,LT,1992-Q3,
Q,CP_MEUR,SCA,B1GQ,LT,1992-Q4,
Q,CP_MEUR,SCA,B1GQ,LT,1993-Q1,
Q,CP_MEUR,SCA,B1GQ,LT,1993-Q2,
Q,CP_MEUR,SCA,B1GQ,LT,1993-Q3,
Q,CP_MEUR,SCA,B1GQ,LT,1993-Q4,
Q,CP_MEUR,SCA,B1GQ,LT,1994-Q1,
Q,CP_MEUR,SCA,B1GQ,LT,1994-Q2,
Q,CP_MEUR,SCA,B1GQ,LT,1994-Q3,
Q,CP_MEUR,SCA,B1GQ,LT,1994-Q4,
Q,CP_MEUR,SCA,B1GQ,LT,1995-Q1,1193.5
Q,CP_MEUR,SCA,B1GQ,LT,1995-Q2,1217.1
Q,CP_MEUR,SCA,B1GQ,LT,1995-Q3,1335.8
Q,CP_MEUR,SCA,B1GQ,LT,1995-Q4,1408
Q,CP_MEUR,SCA,B1GQ,LT,1996-Q1,1544.6
Q,CP_MEUR,SCA,B1GQ,LT,1996-Q2,1610.9
Q,CP_MEUR,SCA,B1GQ,LT,1996-Q3,1710.8
Q,CP_MEUR,SCA,B1GQ,LT,1996-Q4,1783.6
Q,CP_MEUR,SCA,B1GQ,LT,1997-Q1,2035.6
Q,CP_MEUR,SCA,B1GQ,LT,1997-Q2,2174.6
Q,CP_MEUR,SCA,B1GQ,LT,1997-Q3,2355.5
Q,CP_MEUR,SCA,B1GQ,LT,1997-Q4,2400.7
Q,CP_MEUR,SCA,B1GQ,LT,1998-Q1,2552.8
Q,CP_MEUR,SCA,B1GQ,LT,1998-Q2,2563.7
Q,CP_MEUR,SCA,B1GQ,LT,1998-Q3,2552.9
Q,CP_MEUR,SCA,B1GQ,LT,1998-Q4,2408.9
Q,CP_MEUR,SCA,B1GQ,LT,1999-Q1,2413.7
Q,CP_MEUR,SCA,B1GQ,LT,1999-Q2,2654.4
Q,CP_MEUR,SCA,B1GQ,LT,1999-Q3,2622.3
Q,CP_MEUR,SCA,B1GQ,LT,1999-Q4,2651.4
Q,CP_MEUR,SCA,B1GQ,LT,2000-Q1,2897.5
Q,CP_MEUR,SCA,B1GQ,LT,2000-Q2,3074.9
Q,CP_MEUR,SCA,B1GQ,LT,2000-Q3,3170.7
Q,CP_MEUR,SCA,B1GQ,LT,2000-Q4,3386.8
Q,CP_MEUR,SCA,B1GQ,LT,2001-Q1,3280.8
Q,CP_MEUR,SCA,B1GQ,LT,2001-Q2,3500.8
Q,CP_MEUR,SCA,B1GQ,LT,2001-Q3,3432.3
Q,CP_MEUR,SCA,B1GQ,LT,2001-Q4,3484.1
Q,CP_MEUR,SCA,B1GQ,LT,2002-Q1,3638.7
Q,CP_MEUR,SCA,B1GQ,LT,2002-Q2,3799.1
Q,CP_MEUR,SCA,B1GQ,LT,2002-Q3,3847.3
Q,CP_MEUR,SCA,B1GQ,LT,2002-Q4,3896
Q,CP_MEUR,SCA,B1GQ,LT,2003-Q1,4105.2
Q,CP_MEUR,SCA,B1GQ,LT,2003-Q2,4092.1
Q,CP_MEUR,SCA,B1GQ,LT,2003-Q3,4181.6
Q,CP_MEUR,SCA,B1GQ,LT,2003-Q4,4288.2
Q,CP_MEUR,SCA,B1GQ,LT,2004-Q1,4337.4
Q,CP_MEUR,SCA,B1GQ,LT,2004-Q2,4493
Q,CP_MEUR,SCA,B1GQ,LT,2004-Q3,4613.6
Q,CP_MEUR,SCA,B1GQ,LT,2004-Q4,4844.5
Q,CP_MEUR,SCA,B1GQ,LT,2005-Q1,4963.5
Q,CP_MEUR,SCA,B1GQ,LT,2005-Q2,5121.8
Q,CP_MEUR,SCA,B1GQ,LT,2005-Q3,5316.6
Q,CP_MEUR,SCA,B1GQ,LT,2005-Q4,5580.4
Q,CP_MEUR,SCA,B1GQ,LT,2006-Q1,5613.7
Q,CP_MEUR,SCA,B1GQ,LT,2006-Q2,5774.2
Q,CP_MEUR,SCA,B1GQ,LT,2006-Q3,6156.9
Q,CP_MEUR,SCA,B1GQ,LT,2006-Q4,6457
Q,CP_MEUR,SCA,B1GQ,LT,2007-Q1,6745.4
Q,CP_MEUR,SCA,B1GQ,LT,2007-Q2,7090.2
Q,CP_MEUR,SCA,B1GQ,LT,2007-Q3,7403.6
Q,CP_MEUR,SCA,B1GQ,LT,2007-Q4,7772.7
Q,CP_MEUR,SCA,B1GQ,LT,2008-Q1,8018
Q,CP_MEUR,SCA,B1GQ,LT,2008-Q2,8307.1
Q,CP_MEUR,SCA,B1GQ,LT,2008-Q3,8282.3
Q,CP_MEUR,SCA,B1GQ,LT,2008-Q4,8035.4
Q,CP_MEUR,SCA,B1GQ,LT,2009-Q1,7104.6
Q,CP_MEUR,SCA,B1GQ,LT,2009-Q2,6843.1
Q,CP_MEUR,SCA,B1GQ,LT,2009-Q3,6549
Q,CP_MEUR,SCA,B1GQ,LT,2009-Q4,6483.8
Q,CP_MEUR,SCA,B1GQ,LT,2010-Q1,6775.8
Q,CP_MEUR,SCA,B1GQ,LT,2010-Q2,6804
Q,CP_MEUR,SCA,B1GQ,LT,2010-Q3,6957.4
Q,CP_MEUR,SCA,B1GQ,LT,2010-Q4,7118
Q,CP_MEUR,SCA,B1GQ,LT,2011-Q1,7469
Q,CP_MEUR,SCA,B1GQ,LT,2011-Q2,7691.6
Q,CP_MEUR,SCA,B1GQ,LT,2011-Q3,7934.7
Q,CP_MEUR,SCA,B1GQ,LT,2011-Q4,7946.7
Q,CP_MEUR,SCA,B1GQ,LT,2012-Q1,8217.2
Q,CP_MEUR,SCA,B1GQ,LT,2012-Q2,8275.8
Q,CP_MEUR,SCA,B1GQ,LT,2012-Q3,8323.2
Q,CP_MEUR,SCA,B1GQ,LT,2012-Q4,8425.6
Q,CP_MEUR,SCA,B1GQ,LT,2013-Q1,8559
Q,CP_MEUR,SCA,B1GQ,LT,2013-Q2,8688.6
Q,CP_MEUR,SCA,B1GQ,LT,2013-Q3,8781.9
Q,CP_MEUR,SCA,B1GQ,LT,2013-Q4,8846.8
Q,CP_MEUR,SCA,B1GQ,LT,2014-Q1,9010
Q,CP_MEUR,SCA,B1GQ,LT,2014-Q2,9097.7
Q,CP_MEUR,SCA,B1GQ,LT,2014-Q3,9163.7
Q,CP_MEUR,SCA,B1GQ,LT,2014-Q4,9141.9
Q,CP_MEUR,SCA,B1GQ,LT,2015-Q1,9183.6
Q,CP_MEUR,SCA,B1GQ,LT,2015-Q2,9352
Q,CP_MEUR,SCA,B1GQ,LT,2015-Q3,9414.5
Q,CP_MEUR,SCA,B1GQ,LT,2015-Q4,9493.1
Q,CP_MEUR,SCA,B1GQ,LT,2016-Q1,9478
Q,CP_MEUR,SCA,B1GQ,LT,2016-Q2,9637.6
Q,CP_MEUR,SCA,B1GQ,LT,2016-Q3,9726.3
Q,CP_MEUR,SCA,B1GQ,LT,2016-Q4,9972.7
Q,CP_MEUR,SCA,B1GQ,LT,2017-Q1,10287.5
Q,CP_MEUR,SCA,B1GQ,LT,2017-Q2,10463.7
Q,CP_MEUR,SCA,B1GQ,LT,2017-Q3,10660.1
Q,CP_MEUR,SCA,B1GQ,LT,2017-Q4,10867.5
Q,CP_MEUR,SCA,B1GQ,LT,2018-Q1,11126.6
Q,CP_MEUR,SCA,B1GQ,LT,2018-Q2,11376.5
Q,CP_MEUR,SCA,B1GQ,LT,2018-Q3,11557.2
Q,CP_MEUR,SCA,B1GQ,LT,2018-Q4,11894
Q,CP_MEUR,SCA,B1GQ,LT,2019-Q1,11955.4
Q,CP_MEUR,SCA,B1GQ,LT,2019-Q2,12298.6
Q,CP_MEUR,SCA,B1GQ,LT,2019-Q3,12348.3
Q,CP_MEUR,SCA,B1GQ,LT,2019-Q4,12640.2
Q,CP_MEUR,SCA,B1GQ,LT,2020-Q1,12554.4
Q,CP_MEUR,SCA,B1GQ,LT,2020-Q2,12043.8
Q,CP_MEUR,SCA,B1GQ,LT,2020-Q3,12749.1
Q,CP_MEUR,SCA,B1GQ,LT,2020-Q4,12905.2
Q,CP_MEUR,SCA,B1GQ,LT,2021-Q1,13229.8
Q,CP_MEUR,SCA,B1GQ,LT,2021-Q2,13969.5
Q,CP_MEUR,SCA,B1GQ,LT,2021-Q3,14439.9
Q,CP_MEUR,SCA,B1GQ,LT,2021-Q4,15058.3
Q,CP_MEUR,SCA,B1GQ,LT,2022-Q1,15967.3
Q,CP_MEUR,SCA,B1GQ,LT,2022-Q2,16589
Q,CP_MEUR,SCA,B1GQ,LT,2022-Q3,17207.5
Q,CP_MEUR,SCA,B1GQ,LT,2022-Q4,17309.7
Q,CP_MEUR,SCA,B1GQ,LT,2023-Q1,18202.9
Q,CP_MEUR,SCA,B1GQ,LT,2023-Q2,18517.4
Q,CP_MEUR,SCA,B1GQ,LT,2023-Q3,18713.8
Q,CP_MEUR,SCA,B1GQ,LT,2023-Q4,18894.1
Q,CP_MEUR,SCA,B1GQ,LT,2024-Q1,19175.8
Q,CP_MEUR,SCA,B1GQ,LT,2024-Q2,19597.6
Q,CP_MEUR,SCA,B1GQ,LT,2024-Q3,19998.1
Q,CP_MEUR,SCA,B1GQ,LT,2024-Q4,20228.1
Q,CP_MEUR,SCA,B1GQ,LT,2025-Q1,20523.6
Q,CP_MEUR,SCA,B1GQ,LT,2025-Q2,20907.1
Q,CP_MEUR,SCA,B1GQ,LT,2025-Q3,21203
Q,CP_MEUR,SCA,B1GQ,LT,2025-Q4,21617.9
Q,CP_MEUR,SCA,B1GQ,LT,2026-Q1,22035
Q,CP_MEUR,SCA,B1GQ,LT,2026-Q2,22839.3
Q,CP_MEUR,SCA,B1GQ,LU,1978-Q1,
Q,CP_MEUR,SCA,B1GQ,LU,1978-Q2,
Q,CP_MEUR,SCA,B1GQ,LU,1978-Q3,
Q,CP_MEUR,SCA,B1GQ,LU,1978-Q4,
Q,CP_MEUR,SCA,B1GQ,LU,1979-Q1,
Q,CP_MEUR,SCA,B1GQ,LU,1979-Q2,
Q,CP_MEUR,SCA,B1GQ,LU,1979-Q3,
Q,CP_MEUR,SCA,B1GQ,LU,1979-Q4,
Q,CP_MEUR,SCA,B1GQ,LU,1980-Q1,
Q,CP_MEUR,SCA,B1GQ,LU,1980-Q2,
Q,CP_MEUR,SCA,B1GQ,LU,1980-Q3,
Q,CP_MEUR,SCA,B1GQ,LU,1980-Q4,
Q,CP_MEUR,SCA,B1GQ,LU,1981-Q1,
Q,CP_MEUR,SCA,B1GQ,LU,1981-Q2,
Q,CP_MEUR,SCA,B1GQ,LU,1981-Q3,
Q,CP_MEUR,SCA,B1GQ,LU,1981-Q4,
Q,CP_MEUR,SCA,B1GQ,LU,1982-Q1,
Q,CP_MEUR,SCA,B1GQ,LU,1982-Q2,
Q,CP_MEUR,SCA,B1GQ,LU,1982-Q3,
Q,CP_MEUR,SCA,B1GQ,LU,1982-Q4,
Q,CP_MEUR,SCA,B1GQ,LU,1983-Q1,
Q,CP_MEUR,SCA,B1GQ,LU,1983-Q2,
Q,CP_MEUR,SCA,B1GQ,LU,1983-Q3,
Q,CP_MEUR,SCA,B1GQ,LU,1983-Q4,
Q,CP_MEUR,SCA,B1GQ,LU,1984-Q1,
Q,CP_MEUR,SCA,B1GQ,LU,1984-Q2,
Q,CP_MEUR,SCA,B1GQ,LU,1984-Q3,
Q,CP_MEUR,SCA,B1GQ,LU,1984-Q4,
Q,CP_MEUR,SCA,B1GQ,LU,1985-Q1,
Q,CP_MEUR,SCA,B1GQ,LU,1985-Q2,
Q,CP_MEUR,SCA,B1GQ,LU,1985-Q3,
Q,CP_MEUR,SCA,B1GQ,LU,1985-Q4,
Q,CP_MEUR,SCA,B1GQ,LU,1986-Q1,
Q,CP_MEUR,SCA,B1GQ,LU,1986-Q2,
Q,CP_MEUR,SCA,B1GQ,LU,1986-Q3,
Q,CP_MEUR,SCA,B1GQ,LU,1986-Q4,
Q,CP_MEUR,SCA,B1GQ,LU,1987-Q1,
Q,CP_MEUR,SCA,B1GQ,LU,1987-Q2,
Q,CP_MEUR,SCA,B1GQ,LU,1987-Q3,
Q,CP_MEUR,SCA,B1GQ,LU,1987-Q4,
Q,CP_MEUR,SCA,B1GQ,LU,1988-Q1,
Q,CP_MEUR,SCA,B1GQ,LU,1988-Q2,
Q,CP_MEUR,SCA,B1GQ,LU,1988-Q3,
Q,CP_MEUR,SCA,B1GQ,LU,1988-Q4,
Q,CP_MEUR,SCA,B1GQ,LU,1989-Q1,
Q,CP_MEUR,SCA,B1GQ,LU,1989-Q2,
Q,CP_MEUR,SCA,B1GQ,LU,1989-Q3,
Q,CP_MEUR,SCA,B1GQ,LU,1989-Q4,
Q,CP_MEUR,SCA,B1GQ,LU,1990-Q1,
Q,CP_MEUR,SCA,B1GQ,LU,1990-Q2,
Q,CP_MEUR,SCA,B1GQ,LU,1990-Q3,
Q,CP_MEUR,SCA,B1GQ,LU,1990-Q4,
Q,CP_MEUR,SCA,B1GQ,LU,1991-Q1,
Q,CP_MEUR,SCA,B1GQ,LU,1991-Q2,
Q,CP_MEUR,SCA,B1GQ,LU,1991-Q3,
Q,CP_MEUR,SCA,B1GQ,LU,1991-Q4,
Q,CP_MEUR,SCA,B1GQ,LU,1992-Q1,
Q,CP_MEUR,SCA,B1GQ,LU,1992-Q2,
Q,CP_MEUR,SCA,B1GQ,LU,1992-Q3,
Q,CP_MEUR,SCA,B1GQ,LU,1992-Q4,
Q,CP_MEUR,SCA,B1GQ,LU,1993-Q1,
Q,CP_MEUR,SCA,B1GQ,LU,1993-Q2,
Q,CP_MEUR,SCA,B1GQ,LU,1993-Q3,
Q,CP_MEUR,SCA,B1GQ,LU,1993-Q4,
Q,CP_MEUR,SCA,B1GQ,LU,1994-Q1,
Q,CP_MEUR,SCA,B1GQ,LU,1994-Q2,
Q,CP_MEUR,SCA,B1GQ,LU,1994-Q3,
Q,CP_MEUR,SCA,B1GQ,LU,1994-Q4,
Q,CP_MEUR,SCA,B1GQ,LU,1995-Q1,3834.9
Q,CP_MEUR,SCA,B1GQ,LU,1995-Q2,4037.8
Q,CP_MEUR,SCA,B1GQ,LU,1995-Q3,3914.1
Q,CP_MEUR,SCA,B1GQ,LU,1995-Q4,4154.1
Q,CP_MEUR,SCA,B1GQ,LU,1996-Q1,4195.6
Q,CP_MEUR,SCA,B1GQ,LU,1996-Q2,4004.3
Q,CP_MEUR,SCA,B1GQ,LU,1996-Q3,4228
Q,CP_MEUR,SCA,B1GQ,LU,1996-Q4,4043
Q,CP_MEUR,SCA,B1GQ,LU,1997-Q1,4158.5
Q,CP_MEUR,SCA,B1GQ,LU,1997-Q2,4270.8
Q,CP_MEUR,SCA,B1GQ,LU,1997-Q3,4405.4
Q,CP_MEUR,SCA,B1GQ,LU,1997-Q4,4428.8
Q,CP_MEUR,SCA,B1GQ,LU,1998-Q1,4348.6
Q,CP_MEUR,SCA,B1GQ,LU,1998-Q2,4406.8
Q,CP_MEUR,SCA,B1GQ,LU,1998-Q3,4493
Q,CP_MEUR,SCA,B1GQ,LU,1998-Q4,4749.2
Q,CP_MEUR,SCA,B1GQ,LU,1999-Q1,4901.4
Q,CP_MEUR,SCA,B1GQ,LU,1999-Q2,5064.5
Q,CP_MEUR,SCA,B1GQ,LU,1999-Q3,5259.6
Q,CP_MEUR,SCA,B1GQ,LU,1999-Q4,5317.5
Q,CP_MEUR,SCA,B1GQ,LU,2000-Q1,5654.1
Q,CP_MEUR,SCA,B1GQ,LU,2000-Q2,5634
Q,CP_MEUR,SCA,B1GQ,LU,2000-Q3,5847.1
Q,CP_MEUR,SCA,B1GQ,LU,2000-Q4,5848.5
Q,CP_MEUR,SCA,B1GQ,LU,2001-Q1,5905.2
Q,CP_MEUR,SCA,B1GQ,LU,2001-Q2,5859.6
Q,CP_MEUR,SCA,B1GQ,LU,2001-Q3,5913.4
Q,CP_MEUR,SCA,B1GQ,LU,2001-Q4,6192.8
Q,CP_MEUR,SCA,B1GQ,LU,2002-Q1,6162.3
Q,CP_MEUR,SCA,B1GQ,LU,2002-Q2,6331.3
Q,CP_MEUR,SCA,B1GQ,LU,2002-Q3,6291.3
Q,CP_MEUR,SCA,B1GQ,LU,2002-Q4,6229.5
Q,CP_MEUR,SCA,B1GQ,LU,2003-Q1,6393.6
Q,CP_MEUR,SCA,B1GQ,LU,2003-Q2,6500.2
Q,CP_MEUR,SCA,B1GQ,LU,2003-Q3,6576.6
Q,CP_MEUR,SCA,B1GQ,LU,2003-Q4,6752.2
Q,CP_MEUR,SCA,B1GQ,LU,2004-Q1,6884.1
Q,CP_MEUR,SCA,B1GQ,LU,2004-Q2,7007.3
Q,CP_MEUR,SCA,B1GQ,LU,2004-Q3,7182.1
Q,CP_MEUR,SCA,B1GQ,LU,2004-Q4,7115.3
Q,CP_MEUR,SCA,B1GQ,LU,2005-Q1,7035.3
Q,CP_MEUR,SCA,B1GQ,LU,2005-Q2,7300.9
Q,CP_MEUR,SCA,B1GQ,LU,2005-Q3,7657.9
Q,CP_MEUR,SCA,B1GQ,LU,2005-Q4,8259.9
Q,CP_MEUR,SCA,B1GQ,LU,2006-Q1,8373.6
Q,CP_MEUR,SCA,B1GQ,LU,2006-Q2,8446.5
Q,CP_MEUR,SCA,B1GQ,LU,2006-Q3,8551.1
Q,CP_MEUR,SCA,B1GQ,LU,2006-Q4,8793.2
Q,CP_MEUR,SCA,B1GQ,LU,2007-Q1,9240
Q,CP_MEUR,SCA,B1GQ,LU,2007-Q2,9490
Q,CP_MEUR,SCA,B1GQ,LU,2007-Q3,9399.4
Q,CP_MEUR,SCA,B1GQ,LU,2007-Q4,9506.7
Q,CP_MEUR,SCA,B1GQ,LU,2008-Q1,10005.8
Q,CP_MEUR,SCA,B1GQ,LU,2008-Q2,10099.8
Q,CP_MEUR,SCA,B1GQ,LU,2008-Q3,10093.8
Q,CP_MEUR,SCA,B1GQ,LU,2008-Q4,9820
Q,CP_MEUR,SCA,B1GQ,LU,2009-Q1,9488.4
Q,CP_MEUR,SCA,B1GQ,LU,2009-Q2,9545.2
Q,CP_MEUR,SCA,B1GQ,LU,2009-Q3,9878.1
Q,CP_MEUR,SCA,B1GQ,LU,2009-Q4,10131.1
Q,CP_MEUR,SCA,B1GQ,LU,2010-Q1,10371.5
Q,CP_MEUR,SCA,B1GQ,LU,2010-Q2,10536.6
Q,CP_MEUR,SCA,B1GQ,LU,2010-Q3,10639.2
Q,CP_MEUR,SCA,B1GQ,LU,2010-Q4,10771.8
Q,CP_MEUR,SCA,B1GQ,LU,2011-Q1,11084.9
Q,CP_MEUR,SCA,B1GQ,LU,2011-Q2,11045.4
Q,CP_MEUR,SCA,B1GQ,LU,2011-Q3,11113.9
Q,CP_MEUR,SCA,B1GQ,LU,2011-Q4,11144.6
Q,CP_MEUR,SCA,B1GQ,LU,2012-Q1,11347.5
Q,CP_MEUR,SCA,B1GQ,LU,2012-Q2,11468.3
Q,CP_MEUR,SCA,B1GQ,LU,2012-Q3,11637.1
Q,CP_MEUR,SCA,B1GQ,LU,2012-Q4,11897.2
Q,CP_MEUR,SCA,B1GQ,LU,2013-Q1,11938.5
Q,CP_MEUR,SCA,B1GQ,LU,2013-Q2,12197.3
Q,CP_MEUR,SCA,B1GQ,LU,2013-Q3,12347.5
Q,CP_MEUR,SCA,B1GQ,LU,2013-Q4,12459.7
Q,CP_MEUR,SCA,B1GQ,LU,2014-Q1,12666.1
Q,CP_MEUR,SCA,B1GQ,LU,2014-Q2,12673.4
Q,CP_MEUR,SCA,B1GQ,LU,2014-Q3,13078.3
Q,CP_MEUR,SCA,B1GQ,LU,2014-Q4,13343.2
Q,CP_MEUR,SCA,B1GQ,LU,2015-Q1,13502.5
Q,CP_MEUR,SCA,B1GQ,LU,2015-Q2,13663.7
Q,CP_MEUR,SCA,B1GQ,LU,2015-Q3,13544.2
Q,CP_MEUR,SCA,B1GQ,LU,2015-Q4,13493.8
Q,CP_MEUR,SCA,B1GQ,LU,2016-Q1,13670.8
Q,CP_MEUR,SCA,B1GQ,LU,2016-Q2,13822.8
Q,CP_MEUR,SCA,B1GQ,LU,2016-Q3,14239.3
Q,CP_MEUR,SCA,B1GQ,LU,2016-Q4,14387.7
Q,CP_MEUR,SCA,B1GQ,LU,2017-Q1,14301.4
Q,CP_MEUR,SCA,B1GQ,LU,2017-Q2,14527.1
Q,CP_MEUR,SCA,B1GQ,LU,2017-Q3,14615.8
Q,CP_MEUR,SCA,B1GQ,LU,2017-Q4,14839.7
Q,CP_MEUR,SCA,B1GQ,LU,2018-Q1,14874.6
Q,CP_MEUR,SCA,B1GQ,LU,2018-Q2,15062.1
Q,CP_MEUR,SCA,B1GQ,LU,2018-Q3,15116.4
Q,CP_MEUR,SCA,B1GQ,LU,2018-Q4,15156.2
Q,CP_MEUR,SCA,B1GQ,LU,2019-Q1,15224.2
Q,CP_MEUR,SCA,B1GQ,LU,2019-Q2,15553.7
Q,CP_MEUR,SCA,B1GQ,LU,2019-Q3,15723.4
Q,CP_MEUR,SCA,B1GQ,LU,2019-Q4,15786.5
Q,CP_MEUR,SCA,B1GQ,LU,2020-Q1,15821.7
Q,CP_MEUR,SCA,B1GQ,LU,2020-Q2,15602.9
Q,CP_MEUR,SCA,B1GQ,LU,2020-Q3,16205.3
Q,CP_MEUR,SCA,B1GQ,LU,2020-Q4,16788.3
Q,CP_MEUR,SCA,B1GQ,LU,2021-Q1,17523.7
Q,CP_MEUR,SCA,B1GQ,LU,2021-Q2,17781.5
Q,CP_MEUR,SCA,B1GQ,LU,2021-Q3,18369.4
Q,CP_MEUR,SCA,B1GQ,LU,2021-Q4,19204.2
Q,CP_MEUR,SCA,B1GQ,LU,2022-Q1,18834.3
Q,CP_MEUR,SCA,B1GQ,LU,2022-Q2,19053.3
Q,CP_MEUR,SCA,B1GQ,LU,2022-Q3,19437.1
Q,CP_MEUR,SCA,B1GQ,LU,2022-Q4,19601.5
Q,CP_MEUR,SCA,B1GQ,LU,2023-Q1,20091.1
Q,CP_MEUR,SCA,B1GQ,LU,2023-Q2,20798.7
Q,CP_MEUR,SCA,B1GQ,LU,2023-Q3,20806.8
Q,CP_MEUR,SCA,B1GQ,LU,2023-Q4,20783.4
Q,CP_MEUR,SCA,B1GQ,LU,2024-Q1,21273.8
Q,CP_MEUR,SCA,B1GQ,LU,2024-Q2,21460.1
Q,CP_MEUR,SCA,B1GQ,LU,2024-Q3,21306.1
Q,CP_MEUR,SCA,B1GQ,LU,2024-Q4,21610.9
Q,CP_MEUR,SCA,B1GQ,LU,2025-Q1,22044.6
Q,CP_MEUR,SCA,B1GQ,LU,2025-Q2,21897.4
Q,CP_MEUR,SCA,B1GQ,LU,2025-Q3,22630.1
Q,CP_MEUR,SCA,B1GQ,LU,2025-Q4,22998.2
Q,CP_MEUR,SCA,B1GQ,LU,2026-Q1,22721
Q,CP_MEUR,SCA,B1GQ,LU,2026-Q2,
Q,CP_MEUR,SCA,B1GQ,HU,1978-Q1,
Q,CP_MEUR,SCA,B1GQ,HU,1978-Q2,
Q,CP_MEUR,SCA,B1GQ,HU,1978-Q3,
Q,CP_MEUR,SCA,B1GQ,HU,1978-Q4,
Q,CP_MEUR,SCA,B1GQ,HU,1979-Q1,
Q,CP_MEUR,SCA,B1GQ,HU,1979-Q2,
Q,CP_MEUR,SCA,B1GQ,HU,1979-Q3,
Q,CP_MEUR,SCA,B1GQ,HU,1979-Q4,
Q,CP_MEUR,SCA,B1GQ,HU,1980-Q1,
Q,CP_MEUR,SCA,B1GQ,HU,1980-Q2,
Q,CP_MEUR,SCA,B1GQ,HU,1980-Q3,
Q,CP_MEUR,SCA,B1GQ,HU,1980-Q4,
Q,CP_MEUR,SCA,B1GQ,HU,1981-Q1,
Q,CP_MEUR,SCA,B1GQ,HU,1981-Q2,
Q,CP_MEUR,SCA,B1GQ,HU,1981-Q3,
Q,CP_MEUR,SCA,B1GQ,HU,1981-Q4,
Q,CP_MEUR,SCA,B1GQ,HU,1982-Q1,
Q,CP_MEUR,SCA,B1GQ,HU,1982-Q2,
Q,CP_MEUR,SCA,B1GQ,HU,1982-Q3,
Q,CP_MEUR,SCA,B1GQ,HU,1982-Q4,
Q,CP_MEUR,SCA,B1GQ,HU,1983-Q1,
Q,CP_MEUR,SCA,B1GQ,HU,1983-Q2,
Q,CP_MEUR,SCA,B1GQ,HU,1983-Q3,
Q,CP_MEUR,SCA,B1GQ,HU,1983-Q4,
Q,CP_MEUR,SCA,B1GQ,HU,1984-Q1,
Q,CP_MEUR,SCA,B1GQ,HU,1984-Q2,
Q,CP_MEUR,SCA,B1GQ,HU,1984-Q3,
Q,CP_MEUR,SCA,B1GQ,HU,1984-Q4,
Q,CP_MEUR,SCA,B1GQ,HU,1985-Q1,
Q,CP_MEUR,SCA,B1GQ,HU,1985-Q2,
Q,CP_MEUR,SCA,B1GQ,HU,1985-Q3,
Q,CP_MEUR,SCA,B1GQ,HU,1985-Q4,
Q,CP_MEUR,SCA,B1GQ,HU,1986-Q1,
Q,CP_MEUR,SCA,B1GQ,HU,1986-Q2,
Q,CP_MEUR,SCA,B1GQ,HU,1986-Q3,
Q,CP_MEUR,SCA,B1GQ,HU,1986-Q4,
Q,CP_MEUR,SCA,B1GQ,HU,1987-Q1,
Q,CP_MEUR,SCA,B1GQ,HU,1987-Q2,
Q,CP_MEUR,SCA,B1GQ,HU,1987-Q3,
Q,CP_MEUR,SCA,B1GQ,HU,1987-Q4,
Q,CP_MEUR,SCA,B1GQ,HU,1988-Q1,
Q,CP_MEUR,SCA,B1GQ,HU,1988-Q2,
Q,CP_MEUR,SCA,B1GQ,HU,1988-Q3,
Q,CP_MEUR,SCA,B1GQ,HU,1988-Q4,
Q,CP_MEUR,SCA,B1GQ,HU,1989-Q1,
Q,CP_MEUR,SCA,B1GQ,HU,1989-Q2,
Q,CP_MEUR,SCA,B1GQ,HU,1989-Q3,
Q,CP_MEUR,SCA,B1GQ,HU,1989-Q4,
Q,CP_MEUR,SCA,B1GQ,HU,1990-Q1,
Q,CP_MEUR,SCA,B1GQ,HU,1990-Q2,
Q,CP_MEUR,SCA,B1GQ,HU,1990-Q3,
Q,CP_MEUR,SCA,B1GQ,HU,1990-Q4,
Q,CP_MEUR,SCA,B1GQ,HU,1991-Q1,
Q,CP_MEUR,SCA,B1GQ,HU,1991-Q2,
Q,CP_MEUR,SCA,B1GQ,HU,1991-Q3,
Q,CP_MEUR,SCA,B1GQ,HU,1991-Q4,
Q,CP_MEUR,SCA,B1GQ,HU,1992-Q1,
Q,CP_MEUR,SCA,B1GQ,HU,1992-Q2,
Q,CP_MEUR,SCA,B1GQ,HU,1992-Q3,
Q,CP_MEUR,SCA,B1GQ,HU,1992-Q4,
Q,CP_MEUR,SCA,B1GQ,HU,1993-Q1,
Q,CP_MEUR,SCA,B1GQ,HU,1993-Q2,
Q,CP_MEUR,SCA,B1GQ,HU,1993-Q3,
Q,CP_MEUR,SCA,B1GQ,HU,1993-Q4,
Q,CP_MEUR,SCA,B1GQ,HU,1994-Q1,
Q,CP_MEUR,SCA,B1GQ,HU,1994-Q2,
Q,CP_MEUR,SCA,B1GQ,HU,1994-Q3,
Q,CP_MEUR,SCA,B1GQ,HU,1994-Q4,
Q,CP_MEUR,SCA,B1GQ,HU,1995-Q1,9118.9
Q,CP_MEUR,SCA,B1GQ,HU,1995-Q2,8693.6
Q,CP_MEUR,SCA,B1GQ,HU,1995-Q3,8816.2
Q,CP_MEUR,SCA,B1GQ,HU,1995-Q4,9000.8
Q,CP_MEUR,SCA,B1GQ,HU,1996-Q1,9095
Q,CP_MEUR,SCA,B1GQ,HU,1996-Q2,9189
Q,CP_MEUR,SCA,B1GQ,HU,1996-Q3,9221.7
Q,CP_MEUR,SCA,B1GQ,HU,1996-Q4,9421
Q,CP_MEUR,SCA,B1GQ,HU,1997-Q1,10257.1
Q,CP_MEUR,SCA,B1GQ,HU,1997-Q2,10369.4
Q,CP_MEUR,SCA,B1GQ,HU,1997-Q3,10613.6
Q,CP_MEUR,SCA,B1GQ,HU,1997-Q4,10632.3
Q,CP_MEUR,SCA,B1GQ,HU,1998-Q1,10999.8
Q,CP_MEUR,SCA,B1GQ,HU,1998-Q2,10964.7
Q,CP_MEUR,SCA,B1GQ,HU,1998-Q3,10831.9
Q,CP_MEUR,SCA,B1GQ,HU,1998-Q4,10731.3
Q,CP_MEUR,SCA,B1GQ,HU,1999-Q1,10947.2
Q,CP_MEUR,SCA,B1GQ,HU,1999-Q2,11369.5
Q,CP_MEUR,SCA,B1GQ,HU,1999-Q3,11703.9
Q,CP_MEUR,SCA,B1GQ,HU,1999-Q4,11958.9
Q,CP_MEUR,SCA,B1GQ,HU,2000-Q1,12308.6
Q,CP_MEUR,SCA,B1GQ,HU,2000-Q2,12595.1
Q,CP_MEUR,SCA,B1GQ,HU,2000-Q3,13135.1
Q,CP_MEUR,SCA,B1GQ,HU,2000-Q4,13353.3
Q,CP_MEUR,SCA,B1GQ,HU,2001-Q1,13809.3
Q,CP_MEUR,SCA,B1GQ,HU,2001-Q2,15108.5
Q,CP_MEUR,SCA,B1GQ,HU,2001-Q3,15772.1
Q,CP_MEUR,SCA,B1GQ,HU,2001-Q4,15589
Q,CP_MEUR,SCA,B1GQ,HU,2002-Q1,17555.3
Q,CP_MEUR,SCA,B1GQ,HU,2002-Q2,17663.7
Q,CP_MEUR,SCA,B1GQ,HU,2002-Q3,18000.8
Q,CP_MEUR,SCA,B1GQ,HU,2002-Q4,18742.3
Q,CP_MEUR,SCA,B1GQ,HU,2003-Q1,18621.3
Q,CP_MEUR,SCA,B1GQ,HU,2003-Q2,18672.1
Q,CP_MEUR,SCA,B1GQ,HU,2003-Q3,18624.7
Q,CP_MEUR,SCA,B1GQ,HU,2003-Q4,19439.7
Q,CP_MEUR,SCA,B1GQ,HU,2004-Q1,20004.4
Q,CP_MEUR,SCA,B1GQ,HU,2004-Q2,20942.7
Q,CP_MEUR,SCA,B1GQ,HU,2004-Q3,21248.3
Q,CP_MEUR,SCA,B1GQ,HU,2004-Q4,21394.9
Q,CP_MEUR,SCA,B1GQ,HU,2005-Q1,22048.2
Q,CP_MEUR,SCA,B1GQ,HU,2005-Q2,22297.9
Q,CP_MEUR,SCA,B1GQ,HU,2005-Q3,23200.5
Q,CP_MEUR,SCA,B1GQ,HU,2005-Q4,23231.4
Q,CP_MEUR,SCA,B1GQ,HU,2006-Q1,22987.5
Q,CP_MEUR,SCA,B1GQ,HU,2006-Q2,22763.8
Q,CP_MEUR,SCA,B1GQ,HU,2006-Q3,22509.4
Q,CP_MEUR,SCA,B1GQ,HU,2006-Q4,23952.6
Q,CP_MEUR,SCA,B1GQ,HU,2007-Q1,25358.5
Q,CP_MEUR,SCA,B1GQ,HU,2007-Q2,25662.9
Q,CP_MEUR,SCA,B1GQ,HU,2007-Q3,25781.6
Q,CP_MEUR,SCA,B1GQ,HU,2007-Q4,25818.2
Q,CP_MEUR,SCA,B1GQ,HU,2008-Q1,26951.5
Q,CP_MEUR,SCA,B1GQ,HU,2008-Q2,27608.8
Q,CP_MEUR,SCA,B1GQ,HU,2008-Q3,28351.7
Q,CP_MEUR,SCA,B1GQ,HU,2008-Q4,25416.7
Q,CP_MEUR,SCA,B1GQ,HU,2009-Q1,22530.9
Q,CP_MEUR,SCA,B1GQ,HU,2009-Q2,23121.6
Q,CP_MEUR,SCA,B1GQ,HU,2009-Q3,24119.9
Q,CP_MEUR,SCA,B1GQ,HU,2009-Q4,24573.1
Q,CP_MEUR,SCA,B1GQ,HU,2010-Q1,25049.8
Q,CP_MEUR,SCA,B1GQ,HU,2010-Q2,24710.5
Q,CP_MEUR,SCA,B1GQ,HU,2010-Q3,24476.9
Q,CP_MEUR,SCA,B1GQ,HU,2010-Q4,25115
Q,CP_MEUR,SCA,B1GQ,HU,2011-Q1,25630.5
Q,CP_MEUR,SCA,B1GQ,HU,2011-Q2,26439.9
Q,CP_MEUR,SCA,B1GQ,HU,2011-Q3,25893.7
Q,CP_MEUR,SCA,B1GQ,HU,2011-Q4,23985.5
Q,CP_MEUR,SCA,B1GQ,HU,2012-Q1,24171.3
Q,CP_MEUR,SCA,B1GQ,HU,2012-Q2,24433.1
Q,CP_MEUR,SCA,B1GQ,HU,2012-Q3,25775.6
Q,CP_MEUR,SCA,B1GQ,HU,2012-Q4,25865
Q,CP_MEUR,SCA,B1GQ,HU,2013-Q1,25057.8
Q,CP_MEUR,SCA,B1GQ,HU,2013-Q2,25643.1
Q,CP_MEUR,SCA,B1GQ,HU,2013-Q3,25717.4
Q,CP_MEUR,SCA,B1GQ,HU,2013-Q4,26024.6
Q,CP_MEUR,SCA,B1GQ,HU,2014-Q1,26049.6
Q,CP_MEUR,SCA,B1GQ,HU,2014-Q2,26671.8
Q,CP_MEUR,SCA,B1GQ,HU,2014-Q3,26639
Q,CP_MEUR,SCA,B1GQ,HU,2014-Q4,26996.4
Q,CP_MEUR,SCA,B1GQ,HU,2015-Q1,27625
Q,CP_MEUR,SCA,B1GQ,HU,2015-Q2,28163.3
Q,CP_MEUR,SCA,B1GQ,HU,2015-Q3,28147.1
Q,CP_MEUR,SCA,B1GQ,HU,2015-Q4,28796.3
Q,CP_MEUR,SCA,B1GQ,HU,2016-Q1,28580.8
Q,CP_MEUR,SCA,B1GQ,HU,2016-Q2,28786.3
Q,CP_MEUR,SCA,B1GQ,HU,2016-Q3,29252.4
Q,CP_MEUR,SCA,B1GQ,HU,2016-Q4,29789.5
Q,CP_MEUR,SCA,B1GQ,HU,2017-Q1,30653.5
Q,CP_MEUR,SCA,B1GQ,HU,2017-Q2,31514.4
Q,CP_MEUR,SCA,B1GQ,HU,2017-Q3,32360.5
Q,CP_MEUR,SCA,B1GQ,HU,2017-Q4,32884
Q,CP_MEUR,SCA,B1GQ,HU,2018-Q1,33865.5
Q,CP_MEUR,SCA,B1GQ,HU,2018-Q2,33815.4
Q,CP_MEUR,SCA,B1GQ,HU,2018-Q3,34194.5
Q,CP_MEUR,SCA,B1GQ,HU,2018-Q4,35026.8
Q,CP_MEUR,SCA,B1GQ,HU,2019-Q1,36958.7
Q,CP_MEUR,SCA,B1GQ,HU,2019-Q2,36877.9
Q,CP_MEUR,SCA,B1GQ,HU,2019-Q3,36781.6
Q,CP_MEUR,SCA,B1GQ,HU,2019-Q4,37121.9
Q,CP_MEUR,SCA,B1GQ,HU,2020-Q1,37279.8
Q,CP_MEUR,SCA,B1GQ,HU,2020-Q2,31558.5
Q,CP_MEUR,SCA,B1GQ,HU,2020-Q3,34605
Q,CP_MEUR,SCA,B1GQ,HU,2020-Q4,35382.5
Q,CP_MEUR,SCA,B1GQ,HU,2021-Q1,36248.6
Q,CP_MEUR,SCA,B1GQ,HU,2021-Q2,38489.9
Q,CP_MEUR,SCA,B1GQ,HU,2021-Q3,39398.1
Q,CP_MEUR,SCA,B1GQ,HU,2021-Q4,40673.8
Q,CP_MEUR,SCA,B1GQ,HU,2022-Q1,42939
Q,CP_MEUR,SCA,B1GQ,HU,2022-Q2,41922.1
Q,CP_MEUR,SCA,B1GQ,HU,2022-Q3,41463.3
Q,CP_MEUR,SCA,B1GQ,HU,2022-Q4,41987.7
Q,CP_MEUR,SCA,B1GQ,HU,2023-Q1,46391.4
Q,CP_MEUR,SCA,B1GQ,HU,2023-Q2,49807.7
Q,CP_MEUR,SCA,B1GQ,HU,2023-Q3,49918.3
Q,CP_MEUR,SCA,B1GQ,HU,2023-Q4,51316.6
Q,CP_MEUR,SCA,B1GQ,HU,2024-Q1,50392.6
Q,CP_MEUR,SCA,B1GQ,HU,2024-Q2,52032.8
Q,CP_MEUR,SCA,B1GQ,HU,2024-Q3,52482.5
Q,CP_MEUR,SCA,B1GQ,HU,2024-Q4,51624.8
Q,CP_MEUR,SCA,B1GQ,HU,2025-Q1,51859.6
Q,CP_MEUR,SCA,B1GQ,HU,2025-Q2,53811.9
Q,CP_MEUR,SCA,B1GQ,HU,2025-Q3,55633.5
Q,CP_MEUR,SCA,B1GQ,HU,2025-Q4,57659.3
Q,CP_MEUR,SCA,B1GQ,HU,2026-Q1,59626.1
Q,CP_MEUR,SCA,B1GQ,HU,2026-Q2,63188.8
Q,CP_MEUR,SCA,B1GQ,MT,1978-Q1,
Q,CP_MEUR,SCA,B1GQ,MT,1978-Q2,
Q,CP_MEUR,SCA,B1GQ,MT,1978-Q3,
Q,CP_MEUR,SCA,B1GQ,MT,1978-Q4,
Q,CP_MEUR,SCA,B1GQ,MT,1979-Q1,
Q,CP_MEUR,SCA,B1GQ,MT,1979-Q2,
Q,CP_MEUR,SCA,B1GQ,MT,1979-Q3,
Q,CP_MEUR,SCA,B1GQ,MT,1979-Q4,
Q,CP_MEUR,SCA,B1GQ,MT,1980-Q1,
Q,CP_MEUR,SCA,B1GQ,MT,1980-Q2,
Q,CP_MEUR,SCA,B1GQ,MT,1980-Q3,
Q,CP_MEUR,SCA,B1GQ,MT,1980-Q4,
Q,CP_MEUR,SCA,B1GQ,MT,1981-Q1,
Q,CP_MEUR,SCA,B1GQ,MT,1981-Q2,
Q,CP_MEUR,SCA,B1GQ,MT,1981-Q3,
Q,CP_MEUR,SCA,B1GQ,MT,1981-Q4,
Q,CP_MEUR,SCA,B1GQ,MT,1982-Q1,
Q,CP_MEUR,SCA,B1GQ,MT,1982-Q2,
Q,CP_MEUR,SCA,B1GQ,MT,1982-Q3,
Q,CP_MEUR,SCA,B1GQ,MT,1982-Q4,
Q,CP_MEUR,SCA,B1GQ,MT,1983-Q1,
Q,CP_MEUR,SCA,B1GQ,MT,1983-Q2,
Q,CP_MEUR,SCA,B1GQ,MT,1983-Q3,
Q,CP_MEUR,SCA,B1GQ,MT,1983-Q4,
Q,CP_MEUR,SCA,B1GQ,MT,1984-Q1,
Q,CP_MEUR,SCA,B1GQ,MT,1984-Q2,
Q,CP_MEUR,SCA,B1GQ,MT,1984-Q3,
Q,CP_MEUR,SCA,B1GQ,MT,1984-Q4,
Q,CP_MEUR,SCA,B1GQ,MT,1985-Q1,
Q,CP_MEUR,SCA,B1GQ,MT,1985-Q2,
Q,CP_MEUR,SCA,B1GQ,MT,1985-Q3,
Q,CP_MEUR,SCA,B1GQ,MT,1985-Q4,
Q,CP_MEUR,SCA,B1GQ,MT,1986-Q1,
Q,CP_MEUR,SCA,B1GQ,MT,1986-Q2,
Q,CP_MEUR,SCA,B1GQ,MT,1986-Q3,
Q,CP_MEUR,SCA,B1GQ,MT,1986-Q4,
Q,CP_MEUR,SCA,B1GQ,MT,1987-Q1,
Q,CP_MEUR,SCA,B1GQ,MT,1987-Q2,
Q,CP_MEUR,SCA,B1GQ,MT,1987-Q3,
Q,CP_MEUR,SCA,B1GQ,MT,1987-Q4,
Q,CP_MEUR,SCA,B1GQ,MT,1988-Q1,
Q,CP_MEUR,SCA,B1GQ,MT,1988-Q2,
Q,CP_MEUR,SCA,B1GQ,MT,1988-Q3,
Q,CP_MEUR,SCA,B1GQ,MT,1988-Q4,
Q,CP_MEUR,SCA,B1GQ,MT,1989-Q1,
Q,CP_MEUR,SCA,B1GQ,MT,1989-Q2,
Q,CP_MEUR,SCA,B1GQ,MT,1989-Q3,
Q,CP_MEUR,SCA,B1GQ,MT,1989-Q4,
Q,CP_MEUR,SCA,B1GQ,MT,1990-Q1,
Q,CP_MEUR,SCA,B1GQ,MT,1990-Q2,
Q,CP_MEUR,SCA,B1GQ,MT,1990-Q3,
Q,CP_MEUR,SCA,B1GQ,MT,1990-Q4,
Q,CP_MEUR,SCA,B1GQ,MT,1991-Q1,
Q,CP_MEUR,SCA,B1GQ,MT,1991-Q2,
Q,CP_MEUR,SCA,B1GQ,MT,1991-Q3,
Q,CP_MEUR,SCA,B1GQ,MT,1991-Q4,
Q,CP_MEUR,SCA,B1GQ,MT,1992-Q1,
Q,CP_MEUR,SCA,B1GQ,MT,1992-Q2,
Q,CP_MEUR,SCA,B1GQ,MT,1992-Q3,
Q,CP_MEUR,SCA,B1GQ,MT,1992-Q4,
Q,CP_MEUR,SCA,B1GQ,MT,1993-Q1,
Q,CP_MEUR,SCA,B1GQ,MT,1993-Q2,
Q,CP_MEUR,SCA,B1GQ,MT,1993-Q3,
Q,CP_MEUR,SCA,B1GQ,MT,1993-Q4,
Q,CP_MEUR,SCA,B1GQ,MT,1994-Q1,
Q,CP_MEUR,SCA,B1GQ,MT,1994-Q2,
Q,CP_MEUR,SCA,B1GQ,MT,1994-Q3,
Q,CP_MEUR,SCA,B1GQ,MT,1994-Q4,
Q,CP_MEUR,SCA,B1GQ,MT,1995-Q1,703.3
Q,CP_MEUR,SCA,B1GQ,MT,1995-Q2,702.5
Q,CP_MEUR,SCA,B1GQ,MT,1995-Q3,713.9
Q,CP_MEUR,SCA,B1GQ,MT,1995-Q4,716.1
Q,CP_MEUR,SCA,B1GQ,MT,1996-Q1,735.4
Q,CP_MEUR,SCA,B1GQ,MT,1996-Q2,748.8
Q,CP_MEUR,SCA,B1GQ,MT,1996-Q3,754.5
Q,CP_MEUR,SCA,B1GQ,MT,1996-Q4,770
Q,CP_MEUR,SCA,B1GQ,MT,1997-Q1,808.3
Q,CP_MEUR,SCA,B1GQ,MT,1997-Q2,827.5
Q,CP_MEUR,SCA,B1GQ,MT,1997-Q3,850.8
Q,CP_MEUR,SCA,B1GQ,MT,1997-Q4,851.3
Q,CP_MEUR,SCA,B1GQ,MT,1998-Q1,887.5
Q,CP_MEUR,SCA,B1GQ,MT,1998-Q2,895.4
Q,CP_MEUR,SCA,B1GQ,MT,1998-Q3,902.8
Q,CP_MEUR,SCA,B1GQ,MT,1998-Q4,892.5
Q,CP_MEUR,SCA,B1GQ,MT,1999-Q1,906
Q,CP_MEUR,SCA,B1GQ,MT,1999-Q2,963.5
Q,CP_MEUR,SCA,B1GQ,MT,1999-Q3,984.8
Q,CP_MEUR,SCA,B1GQ,MT,1999-Q4,993.5
Q,CP_MEUR,SCA,B1GQ,MT,2000-Q1,1036.6
Q,CP_MEUR,SCA,B1GQ,MT,2000-Q2,1093
Q,CP_MEUR,SCA,B1GQ,MT,2000-Q3,1088.2
Q,CP_MEUR,SCA,B1GQ,MT,2000-Q4,1157.6
Q,CP_MEUR,SCA,B1GQ,MT,2001-Q1,1098.6
Q,CP_MEUR,SCA,B1GQ,MT,2001-Q2,1128.3
Q,CP_MEUR,SCA,B1GQ,MT,2001-Q3,1159.4
Q,CP_MEUR,SCA,B1GQ,MT,2001-Q4,1156.2
Q,CP_MEUR,SCA,B1GQ,MT,2002-Q1,1188.6
Q,CP_MEUR,SCA,B1GQ,MT,2002-Q2,1184.3
Q,CP_MEUR,SCA,B1GQ,MT,2002-Q3,1171.2
Q,CP_MEUR,SCA,B1GQ,MT,2002-Q4,1178.3
Q,CP_MEUR,SCA,B1GQ,MT,2003-Q1,1178.3
Q,CP_MEUR,SCA,B1GQ,MT,2003-Q2,1191.2
Q,CP_MEUR,SCA,B1GQ,MT,2003-Q3,1205.4
Q,CP_MEUR,SCA,B1GQ,MT,2003-Q4,1218
Q,CP_MEUR,SCA,B1GQ,MT,2004-Q1,1224.8
Q,CP_MEUR,SCA,B1GQ,MT,2004-Q2,1194.8
Q,CP_MEUR,SCA,B1GQ,MT,2004-Q3,1234
Q,CP_MEUR,SCA,B1GQ,MT,2004-Q4,1261.5
Q,CP_MEUR,SCA,B1GQ,MT,2005-Q1,1219.4
Q,CP_MEUR,SCA,B1GQ,MT,2005-Q2,1285
Q,CP_MEUR,SCA,B1GQ,MT,2005-Q3,1302.1
Q,CP_MEUR,SCA,B1GQ,MT,2005-Q4,1323.5
Q,CP_MEUR,SCA,B1GQ,MT,2006-Q1,1298.1
Q,CP_MEUR,SCA,B1GQ,MT,2006-Q2,1350.6
Q,CP_MEUR,SCA,B1GQ,MT,2006-Q3,1363.7
Q,CP_MEUR,SCA,B1GQ,MT,2006-Q4,1366.1
Q,CP_MEUR,SCA,B1GQ,MT,2007-Q1,1421
Q,CP_MEUR,SCA,B1GQ,MT,2007-Q2,1441.3
Q,CP_MEUR,SCA,B1GQ,MT,2007-Q3,1464.7
Q,CP_MEUR,SCA,B1GQ,MT,2007-Q4,1450
Q,CP_MEUR,SCA,B1GQ,MT,2008-Q1,1519.6
Q,CP_MEUR,SCA,B1GQ,MT,2008-Q2,1537.8
Q,CP_MEUR,SCA,B1GQ,MT,2008-Q3,1571.7
Q,CP_MEUR,SCA,B1GQ,MT,2008-Q4,1606.3
Q,CP_MEUR,SCA,B1GQ,MT,2009-Q1,1533.6
Q,CP_MEUR,SCA,B1GQ,MT,2009-Q2,1553.6
Q,CP_MEUR,SCA,B1GQ,MT,2009-Q3,1577
Q,CP_MEUR,SCA,B1GQ,MT,2009-Q4,1623.3
Q,CP_MEUR,SCA,B1GQ,MT,2010-Q1,1687.3
Q,CP_MEUR,SCA,B1GQ,MT,2010-Q2,1678
Q,CP_MEUR,SCA,B1GQ,MT,2010-Q3,1731.9
Q,CP_MEUR,SCA,B1GQ,MT,2010-Q4,1764.7
Q,CP_MEUR,SCA,B1GQ,MT,2011-Q1,1741.9
Q,CP_MEUR,SCA,B1GQ,MT,2011-Q2,1729.5
Q,CP_MEUR,SCA,B1GQ,MT,2011-Q3,1763.9
Q,CP_MEUR,SCA,B1GQ,MT,2011-Q4,1799.4
Q,CP_MEUR,SCA,B1GQ,MT,2012-Q1,1824.4
Q,CP_MEUR,SCA,B1GQ,MT,2012-Q2,1853.3
Q,CP_MEUR,SCA,B1GQ,MT,2012-Q3,1891.4
Q,CP_MEUR,SCA,B1GQ,MT,2012-Q4,1910.9
Q,CP_MEUR,SCA,B1GQ,MT,2013-Q1,1955.7
Q,CP_MEUR,SCA,B1GQ,MT,2013-Q2,2027
Q,CP_MEUR,SCA,B1GQ,MT,2013-Q3,2070.4
Q,CP_MEUR,SCA,B1GQ,MT,2013-Q4,2075.1
Q,CP_MEUR,SCA,B1GQ,MT,2014-Q1,2164.1
Q,CP_MEUR,SCA,B1GQ,MT,2014-Q2,2201.3
Q,CP_MEUR,SCA,B1GQ,MT,2014-Q3,2252.5
Q,CP_MEUR,SCA,B1GQ,MT,2014-Q4,2331.9
Q,CP_MEUR,SCA,B1GQ,MT,2015-Q1,2462.5
Q,CP_MEUR,SCA,B1GQ,MT,2015-Q2,2538.4
Q,CP_MEUR,SCA,B1GQ,MT,2015-Q3,2579.7
Q,CP_MEUR,SCA,B1GQ,MT,2015-Q4,2642.2
Q,CP_MEUR,SCA,B1GQ,MT,2016-Q1,2642.5
Q,CP_MEUR,SCA,B1GQ,MT,2016-Q2,2681.8
Q,CP_MEUR,SCA,B1GQ,MT,2016-Q3,2744.9
Q,CP_MEUR,SCA,B1GQ,MT,2016-Q4,2798.5
Q,CP_MEUR,SCA,B1GQ,MT,2017-Q1,3046.3
Q,CP_MEUR,SCA,B1GQ,MT,2017-Q2,3093.7
Q,CP_MEUR,SCA,B1GQ,MT,2017-Q3,3168.7
Q,CP_MEUR,SCA,B1GQ,MT,2017-Q4,3227.9
Q,CP_MEUR,SCA,B1GQ,MT,2018-Q1,3260.5
Q,CP_MEUR,SCA,B1GQ,MT,2018-Q2,3383.3
Q,CP_MEUR,SCA,B1GQ,MT,2018-Q3,3501.1
Q,CP_MEUR,SCA,B1GQ,MT,2018-Q4,3532.1
Q,CP_MEUR,SCA,B1GQ,MT,2019-Q1,3527
Q,CP_MEUR,SCA,B1GQ,MT,2019-Q2,3628.6
Q,CP_MEUR,SCA,B1GQ,MT,2019-Q3,3698
Q,CP_MEUR,SCA,B1GQ,MT,2019-Q4,3744.1
Q,CP_MEUR,SCA,B1GQ,MT,2020-Q1,3840.9
Q,CP_MEUR,SCA,B1GQ,MT,2020-Q2,3352.4
Q,CP_MEUR,SCA,B1GQ,MT,2020-Q3,3521.4
Q,CP_MEUR,SCA,B1GQ,MT,2020-Q4,3663.6
Q,CP_MEUR,SCA,B1GQ,MT,2021-Q1,3998.9
Q,CP_MEUR,SCA,B1GQ,MT,2021-Q2,4027.7
Q,CP_MEUR,SCA,B1GQ,MT,2021-Q3,4275.2
Q,CP_MEUR,SCA,B1GQ,MT,2021-Q4,4396.6
Q,CP_MEUR,SCA,B1GQ,MT,2022-Q1,4276.5
Q,CP_MEUR,SCA,B1GQ,MT,2022-Q2,4453.8
Q,CP_MEUR,SCA,B1GQ,MT,2022-Q3,4542
Q,CP_MEUR,SCA,B1GQ,MT,2022-Q4,4755.4
Q,CP_MEUR,SCA,B1GQ,MT,2023-Q1,4957.3
Q,CP_MEUR,SCA,B1GQ,MT,2023-Q2,5177.4
Q,CP_MEUR,SCA,B1GQ,MT,2023-Q3,5325.5
Q,CP_MEUR,SCA,B1GQ,MT,2023-Q4,5450.4
Q,CP_MEUR,SCA,B1GQ,MT,2024-Q1,5611.5
Q,CP_MEUR,SCA,B1GQ,MT,2024-Q2,5769.2
Q,CP_MEUR,SCA,B1GQ,MT,2024-Q3,5800.1
Q,CP_MEUR,SCA,B1GQ,MT,2024-Q4,5897.9
Q,CP_MEUR,SCA,B1GQ,MT,2025-Q1,5949.1
Q,CP_MEUR,SCA,B1GQ,MT,2025-Q2,6091.1
Q,CP_MEUR,SCA,B1GQ,MT,2025-Q3,6220.7
Q,CP_MEUR,SCA,B1GQ,MT,2025-Q4,6402.5
Q,CP_MEUR,SCA,B1GQ,MT,2026-Q1,6421.8
Q,CP_MEUR,SCA,B1GQ,MT,2026-Q2,6489.6
Q,CP_MEUR,SCA,B1GQ,NL,1978-Q1,
Q,CP_MEUR,SCA,B1GQ,NL,1978-Q2,
Q,CP_MEUR,SCA,B1GQ,NL,1978-Q3,
Q,CP_MEUR,SCA,B1GQ,NL,1978-Q4,
Q,CP_MEUR,SCA,B1GQ,NL,1979-Q1,
Q,CP_MEUR,SCA,B1GQ,NL,1979-Q2,
Q,CP_MEUR,SCA,B1GQ,NL,1979-Q3,
Q,CP_MEUR,SCA,B1GQ,NL,1979-Q4,
Q,CP_MEUR,SCA,B1GQ,NL,1980-Q1,
Q,CP_MEUR,SCA,B1GQ,NL,1980-Q2,
Q,CP_MEUR,SCA,B1GQ,NL,1980-Q3,
Q,CP_MEUR,SCA,B1GQ,NL,1980-Q4,
Q,CP_MEUR,SCA,B1GQ,NL,1981-Q1,
Q,CP_MEUR,SCA,B1GQ,NL,1981-Q2,
Q,CP_MEUR,SCA,B1GQ,NL,1981-Q3,
Q,CP_MEUR,SCA,B1GQ,NL,1981-Q4,
Q,CP_MEUR,SCA,B1GQ,NL,1982-Q1,
Q,CP_MEUR,SCA,B1GQ,NL,1982-Q2,
Q,CP_MEUR,SCA,B1GQ,NL,1982-Q3,
Q,CP_MEUR,SCA,B1GQ,NL,1982-Q4,
Q,CP_MEUR,SCA,B1GQ,NL,1983-Q1,
Q,CP_MEUR,SCA,B1GQ,NL,1983-Q2,
Q,CP_MEUR,SCA,B1GQ,NL,1983-Q3,
Q,CP_MEUR,SCA,B1GQ,NL,1983-Q4,
Q,CP_MEUR,SCA,B1GQ,NL,1984-Q1,
Q,CP_MEUR,SCA,B1GQ,NL,1984-Q2,
Q,CP_MEUR,SCA,B1GQ,NL,1984-Q3,
Q,CP_MEUR,SCA,B1GQ,NL,1984-Q4,
Q,CP_MEUR,SCA,B1GQ,NL,1985-Q1,
Q,CP_MEUR,SCA,B1GQ,NL,1985-Q2,
Q,CP_MEUR,SCA,B1GQ,NL,1985-Q3,
Q,CP_MEUR,SCA,B1GQ,NL,1985-Q4,
Q,CP_MEUR,SCA,B1GQ,NL,1986-Q1,
Q,CP_MEUR,SCA,B1GQ,NL,1986-Q2,
Q,CP_MEUR,SCA,B1GQ,NL,1986-Q3,
Q,CP_MEUR,SCA,B1GQ,NL,1986-Q4,
Q,CP_MEUR,SCA,B1GQ,NL,1987-Q1,
Q,CP_MEUR,SCA,B1GQ,NL,1987-Q2,
Q,CP_MEUR,SCA,B1GQ,NL,1987-Q3,
Q,CP_MEUR,SCA,B1GQ,NL,1987-Q4,
Q,CP_MEUR,SCA,B1GQ,NL,1988-Q1,
Q,CP_MEUR,SCA,B1GQ,NL,1988-Q2,
Q,CP_MEUR,SCA,B1GQ,NL,1988-Q3,
Q,CP_MEUR,SCA,B1GQ,NL,1988-Q4,
Q,CP_MEUR,SCA,B1GQ,NL,1989-Q1,
Q,CP_MEUR,SCA,B1GQ,NL,1989-Q2,
Q,CP_MEUR,SCA,B1GQ,NL,1989-Q3,
Q,CP_MEUR,SCA,B1GQ,NL,1989-Q4,
Q,CP_MEUR,SCA,B1GQ,NL,1990-Q1,
Q,CP_MEUR,SCA,B1GQ,NL,1990-Q2,
Q,CP_MEUR,SCA,B1GQ,NL,1990-Q3,
Q,CP_MEUR,SCA,B1GQ,NL,1990-Q4,
Q,CP_MEUR,SCA,B1GQ,NL,1991-Q1,
Q,CP_MEUR,SCA,B1GQ,NL,1991-Q2,
Q,CP_MEUR,SCA,B1GQ,NL,1991-Q3,
Q,CP_MEUR,SCA,B1GQ,NL,1991-Q4,
Q,CP_MEUR,SCA,B1GQ,NL,1992-Q1,
Q,CP_MEUR,SCA,B1GQ,NL,1992-Q2,
Q,CP_MEUR,SCA,B1GQ,NL,1992-Q3,
Q,CP_MEUR,SCA,B1GQ,NL,1992-Q4,
Q,CP_MEUR,SCA,B1GQ,NL,1993-Q1,
Q,CP_MEUR,SCA,B1GQ,NL,1993-Q2,
Q,CP_MEUR,SCA,B1GQ,NL,1993-Q3,
Q,CP_MEUR,SCA,B1GQ,NL,1993-Q4,
Q,CP_MEUR,SCA,B1GQ,NL,1994-Q1,
Q,CP_MEUR,SCA,B1GQ,NL,1994-Q2,
Q,CP_MEUR,SCA,B1GQ,NL,1994-Q3,
Q,CP_MEUR,SCA,B1GQ,NL,1994-Q4,
Q,CP_MEUR,SCA,B1GQ,NL,1995-Q1,85245.7
Q,CP_MEUR,SCA,B1GQ,NL,1995-Q2,86063.4
Q,CP_MEUR,SCA,B1GQ,NL,1995-Q3,87231.6
Q,CP_MEUR,SCA,B1GQ,NL,1995-Q4,88053
Q,CP_MEUR,SCA,B1GQ,NL,1996-Q1,87882.9
Q,CP_MEUR,SCA,B1GQ,NL,1996-Q2,88325.5
Q,CP_MEUR,SCA,B1GQ,NL,1996-Q3,89648.5
Q,CP_MEUR,SCA,B1GQ,NL,1996-Q4,89639.6
Q,CP_MEUR,SCA,B1GQ,NL,1997-Q1,90161.6
Q,CP_MEUR,SCA,B1GQ,NL,1997-Q2,91460.5
Q,CP_MEUR,SCA,B1GQ,NL,1997-Q3,92497.4
Q,CP_MEUR,SCA,B1GQ,NL,1997-Q4,94688.5
Q,CP_MEUR,SCA,B1GQ,NL,1998-Q1,95896.2
Q,CP_MEUR,SCA,B1GQ,NL,1998-Q2,97149.7
Q,CP_MEUR,SCA,B1GQ,NL,1998-Q3,98660
Q,CP_MEUR,SCA,B1GQ,NL,1998-Q4,100463.2
Q,CP_MEUR,SCA,B1GQ,NL,1999-Q1,102361
Q,CP_MEUR,SCA,B1GQ,NL,1999-Q2,103923
Q,CP_MEUR,SCA,B1GQ,NL,1999-Q3,105746
Q,CP_MEUR,SCA,B1GQ,NL,1999-Q4,107950
Q,CP_MEUR,SCA,B1GQ,NL,2000-Q1,109769
Q,CP_MEUR,SCA,B1GQ,NL,2000-Q2,111907
Q,CP_MEUR,SCA,B1GQ,NL,2000-Q3,114195
Q,CP_MEUR,SCA,B1GQ,NL,2000-Q4,116505
Q,CP_MEUR,SCA,B1GQ,NL,2001-Q1,119195
Q,CP_MEUR,SCA,B1GQ,NL,2001-Q2,120199
Q,CP_MEUR,SCA,B1GQ,NL,2001-Q3,121215
Q,CP_MEUR,SCA,B1GQ,NL,2001-Q4,122472
Q,CP_MEUR,SCA,B1GQ,NL,2002-Q1,124007
Q,CP_MEUR,SCA,B1GQ,NL,2002-Q2,125294
Q,CP_MEUR,SCA,B1GQ,NL,2002-Q3,126584
Q,CP_MEUR,SCA,B1GQ,NL,2002-Q4,127136
Q,CP_MEUR,SCA,B1GQ,NL,2003-Q1,127928
Q,CP_MEUR,SCA,B1GQ,NL,2003-Q2,128163
Q,CP_MEUR,SCA,B1GQ,NL,2003-Q3,128935
Q,CP_MEUR,SCA,B1GQ,NL,2003-Q4,130274
Q,CP_MEUR,SCA,B1GQ,NL,2004-Q1,130784
Q,CP_MEUR,SCA,B1GQ,NL,2004-Q2,132527
Q,CP_MEUR,SCA,B1GQ,NL,2004-Q3,133332
Q,CP_MEUR,SCA,B1GQ,NL,2004-Q4,134357
Q,CP_MEUR,SCA,B1GQ,NL,2005-Q1,135360
Q,CP_MEUR,SCA,B1GQ,NL,2005-Q2,136997
Q,CP_MEUR,SCA,B1GQ,NL,2005-Q3,139184
Q,CP_MEUR,SCA,B1GQ,NL,2005-Q4,141171
Q,CP_MEUR,SCA,B1GQ,NL,2006-Q1,143561
Q,CP_MEUR,SCA,B1GQ,NL,2006-Q2,146022
Q,CP_MEUR,SCA,B1GQ,NL,2006-Q3,147711
Q,CP_MEUR,SCA,B1GQ,NL,2006-Q4,150378
Q,CP_MEUR,SCA,B1GQ,NL,2007-Q1,153095
Q,CP_MEUR,SCA,B1GQ,NL,2007-Q2,154445
Q,CP_MEUR,SCA,B1GQ,NL,2007-Q3,156398
Q,CP_MEUR,SCA,B1GQ,NL,2007-Q4,158996
Q,CP_MEUR,SCA,B1GQ,NL,2008-Q1,161494
Q,CP_MEUR,SCA,B1GQ,NL,2008-Q2,162953
Q,CP_MEUR,SCA,B1GQ,NL,2008-Q3,163935
Q,CP_MEUR,SCA,B1GQ,NL,2008-Q4,163052
Q,CP_MEUR,SCA,B1GQ,NL,2009-Q1,158583
Q,CP_MEUR,SCA,B1GQ,NL,2009-Q2,157043
Q,CP_MEUR,SCA,B1GQ,NL,2009-Q3,156966
Q,CP_MEUR,SCA,B1GQ,NL,2009-Q4,157626
Q,CP_MEUR,SCA,B1GQ,NL,2010-Q1,157755
Q,CP_MEUR,SCA,B1GQ,NL,2010-Q2,161296
Q,CP_MEUR,SCA,B1GQ,NL,2010-Q3,161355
Q,CP_MEUR,SCA,B1GQ,NL,2010-Q4,162209
Q,CP_MEUR,SCA,B1GQ,NL,2011-Q1,163299
Q,CP_MEUR,SCA,B1GQ,NL,2011-Q2,163885
Q,CP_MEUR,SCA,B1GQ,NL,2011-Q3,164403
Q,CP_MEUR,SCA,B1GQ,NL,2011-Q4,164105
Q,CP_MEUR,SCA,B1GQ,NL,2012-Q1,163894
Q,CP_MEUR,SCA,B1GQ,NL,2012-Q2,164670
Q,CP_MEUR,SCA,B1GQ,NL,2012-Q3,164137
Q,CP_MEUR,SCA,B1GQ,NL,2012-Q4,165170
Q,CP_MEUR,SCA,B1GQ,NL,2013-Q1,165409
Q,CP_MEUR,SCA,B1GQ,NL,2013-Q2,166207
Q,CP_MEUR,SCA,B1GQ,NL,2013-Q3,166696
Q,CP_MEUR,SCA,B1GQ,NL,2013-Q4,167314
Q,CP_MEUR,SCA,B1GQ,NL,2014-Q1,169218
Q,CP_MEUR,SCA,B1GQ,NL,2014-Q2,168439
Q,CP_MEUR,SCA,B1GQ,NL,2014-Q3,169311
Q,CP_MEUR,SCA,B1GQ,NL,2014-Q4,171728
Q,CP_MEUR,SCA,B1GQ,NL,2015-Q1,171726
Q,CP_MEUR,SCA,B1GQ,NL,2015-Q2,174150
Q,CP_MEUR,SCA,B1GQ,NL,2015-Q3,176642
Q,CP_MEUR,SCA,B1GQ,NL,2015-Q4,176739
Q,CP_MEUR,SCA,B1GQ,NL,2016-Q1,177235
Q,CP_MEUR,SCA,B1GQ,NL,2016-Q2,179104
Q,CP_MEUR,SCA,B1GQ,NL,2016-Q3,181053
Q,CP_MEUR,SCA,B1GQ,NL,2016-Q4,182913
Q,CP_MEUR,SCA,B1GQ,NL,2017-Q1,184471
Q,CP_MEUR,SCA,B1GQ,NL,2017-Q2,186857
Q,CP_MEUR,SCA,B1GQ,NL,2017-Q3,188863
Q,CP_MEUR,SCA,B1GQ,NL,2017-Q4,190829
Q,CP_MEUR,SCA,B1GQ,NL,2018-Q1,194470
Q,CP_MEUR,SCA,B1GQ,NL,2018-Q2,195487
Q,CP_MEUR,SCA,B1GQ,NL,2018-Q3,197771
Q,CP_MEUR,SCA,B1GQ,NL,2018-Q4,199648
Q,CP_MEUR,SCA,B1GQ,NL,2019-Q1,204580
Q,CP_MEUR,SCA,B1GQ,NL,2019-Q2,206821
Q,CP_MEUR,SCA,B1GQ,NL,2019-Q3,208386
Q,CP_MEUR,SCA,B1GQ,NL,2019-Q4,209908
Q,CP_MEUR,SCA,B1GQ,NL,2020-Q1,208916
Q,CP_MEUR,SCA,B1GQ,NL,2020-Q2,192606
Q,CP_MEUR,SCA,B1GQ,NL,2020-Q3,206196
Q,CP_MEUR,SCA,B1GQ,NL,2020-Q4,208882
Q,CP_MEUR,SCA,B1GQ,NL,2021-Q1,211192
Q,CP_MEUR,SCA,B1GQ,NL,2021-Q2,221862
Q,CP_MEUR,SCA,B1GQ,NL,2021-Q3,227952
Q,CP_MEUR,SCA,B1GQ,NL,2021-Q4,230206
Q,CP_MEUR,SCA,B1GQ,NL,2022-Q1,239703
Q,CP_MEUR,SCA,B1GQ,NL,2022-Q2,245811
Q,CP_MEUR,SCA,B1GQ,NL,2022-Q3,252129
Q,CP_MEUR,SCA,B1GQ,NL,2022-Q4,255913
Q,CP_MEUR,SCA,B1GQ,NL,2023-Q1,257948
Q,CP_MEUR,SCA,B1GQ,NL,2023-Q2,261315
Q,CP_MEUR,SCA,B1GQ,NL,2023-Q3,264416
Q,CP_MEUR,SCA,B1GQ,NL,2023-Q4,266327
Q,CP_MEUR,SCA,B1GQ,NL,2024-Q1,273902
Q,CP_MEUR,SCA,B1GQ,NL,2024-Q2,276981
Q,CP_MEUR,SCA,B1GQ,NL,2024-Q3,280232
Q,CP_MEUR,SCA,B1GQ,NL,2024-Q4,284004
Q,CP_MEUR,SCA,B1GQ,NL,2025-Q1,287976
Q,CP_MEUR,SCA,B1GQ,NL,2025-Q2,290828
Q,CP_MEUR,SCA,B1GQ,NL,2025-Q3,293941
Q,CP_MEUR,SCA,B1GQ,NL,2025-Q4,297726
Q,CP_MEUR,SCA,B1GQ,NL,2026-Q1,300262
Q,CP_MEUR,SCA,B1GQ,NL,2026-Q2,305775
Q,CP_MEUR,SCA,B1GQ,AT,1978-Q1,
Q,CP_MEUR,SCA,B1GQ,AT,1978-Q2,
Q,CP_MEUR,SCA,B1GQ,AT,1978-Q3,
Q,CP_MEUR,SCA,B1GQ,AT,1978-Q4,
Q,CP_MEUR,SCA,B1GQ,AT,1979-Q1,
Q,CP_MEUR,SCA,B1GQ,AT,1979-Q2,
Q,CP_MEUR,SCA,B1GQ,AT,1979-Q3,
Q,CP_MEUR,SCA,B1GQ,AT,1979-Q4,
Q,CP_MEUR,SCA,B1GQ,AT,1980-Q1,
Q,CP_MEUR,SCA,B1GQ,AT,1980-Q2,
Q,CP_MEUR,SCA,B1GQ,AT,1980-Q3,
Q,CP_MEUR,SCA,B1GQ,AT,1980-Q4,
Q,CP_MEUR,SCA,B1GQ,AT,1981-Q1,
Q,CP_MEUR,SCA,B1GQ,AT,1981-Q2,
Q,CP_MEUR,SCA,B1GQ,AT,1981-Q3,
Q,CP_MEUR,SCA,B1GQ,AT,1981-Q4,
Q,CP_MEUR,SCA,B1GQ,AT,1982-Q1,
Q,CP_MEUR,SCA,B1GQ,AT,1982-Q2,
Q,CP_MEUR,SCA,B1GQ,AT,1982-Q3,
Q,CP_MEUR,SCA,B1GQ,AT,1982-Q4,
Q,CP_MEUR,SCA,B1GQ,AT,1983-Q1,
Q,CP_MEUR,SCA,B1GQ,AT,1983-Q2,
Q,CP_MEUR,SCA,B1GQ,AT,1983-Q3,
Q,CP_MEUR,SCA,B1GQ,AT,1983-Q4,
Q,CP_MEUR,SCA,B1GQ,AT,1984-Q1,
Q,CP_MEUR,SCA,B1GQ,AT,1984-Q2,
Q,CP_MEUR,SCA,B1GQ,AT,1984-Q3,
Q,CP_MEUR,SCA,B1GQ,AT,1984-Q4,
Q,CP_MEUR,SCA,B1GQ,AT,1985-Q1,
Q,CP_MEUR,SCA,B1GQ,AT,1985-Q2,
Q,CP_MEUR,SCA,B1GQ,AT,1985-Q3,
Q,CP_MEUR,SCA,B1GQ,AT,1985-Q4,
Q,CP_MEUR,SCA,B1GQ,AT,1986-Q1,
Q,CP_MEUR,SCA,B1GQ,AT,1986-Q2,
Q,CP_MEUR,SCA,B1GQ,AT,1986-Q3,
Q,CP_MEUR,SCA,B1GQ,AT,1986-Q4,
Q,CP_MEUR,SCA,B1GQ,AT,1987-Q1,
Q,CP_MEUR,SCA,B1GQ,AT,1987-Q2,
Q,CP_MEUR,SCA,B1GQ,AT,1987-Q3,
Q,CP_MEUR,SCA,B1GQ,AT,1987-Q4,
Q,CP_MEUR,SCA,B1GQ,AT,1988-Q1,
Q,CP_MEUR,SCA,B1GQ,AT,1988-Q2,
Q,CP_MEUR,SCA,B1GQ,AT,1988-Q3,
Q,CP_MEUR,SCA,B1GQ,AT,1988-Q4,
Q,CP_MEUR,SCA,B1GQ,AT,1989-Q1,
Q,CP_MEUR,SCA,B1GQ,AT,1989-Q2,
Q,CP_MEUR,SCA,B1GQ,AT,1989-Q3,
Q,CP_MEUR,SCA,B1GQ,AT,1989-Q4,
Q,CP_MEUR,SCA,B1GQ,AT,1990-Q1,
Q,CP_MEUR,SCA,B1GQ,AT,1990-Q2,
Q,CP_MEUR,SCA,B1GQ,AT,1990-Q3,
Q,CP_MEUR,SCA,B1GQ,AT,1990-Q4,
Q,CP_MEUR,SCA,B1GQ,AT,1991-Q1,
Q,CP_MEUR,SCA,B1GQ,AT,1991-Q2,
Q,CP_MEUR,SCA,B1GQ,AT,1991-Q3,
Q,CP_MEUR,SCA,B1GQ,AT,1991-Q4,
Q,CP_MEUR,SCA,B1GQ,AT,1992-Q1,
Q,CP_MEUR,SCA,B1GQ,AT,1992-Q2,
Q,CP_MEUR,SCA,B1GQ,AT,1992-Q3,
Q,CP_MEUR,SCA,B1GQ,AT,1992-Q4,
Q,CP_MEUR,SCA,B1GQ,AT,1993-Q1,
Q,CP_MEUR,SCA,B1GQ,AT,1993-Q2,
Q,CP_MEUR,SCA,B1GQ,AT,1993-Q3,
Q,CP_MEUR,SCA,B1GQ,AT,1993-Q4,
Q,CP_MEUR,SCA,B1GQ,AT,1994-Q1,
Q,CP_MEUR,SCA,B1GQ,AT,1994-Q2,
Q,CP_MEUR,SCA,B1GQ,AT,1994-Q3,
Q,CP_MEUR,SCA,B1GQ,AT,1994-Q4,
Q,CP_MEUR,SCA,B1GQ,AT,1995-Q1,44934.2
Q,CP_MEUR,SCA,B1GQ,AT,1995-Q2,46174.8
Q,CP_MEUR,SCA,B1GQ,AT,1995-Q3,46170.5
Q,CP_MEUR,SCA,B1GQ,AT,1995-Q4,46473
Q,CP_MEUR,SCA,B1GQ,AT,1996-Q1,46506.3
Q,CP_MEUR,SCA,B1GQ,AT,1996-Q2,46347.9
Q,CP_MEUR,SCA,B1GQ,AT,1996-Q3,46679.7
Q,CP_MEUR,SCA,B1GQ,AT,1996-Q4,46256.9
Q,CP_MEUR,SCA,B1GQ,AT,1997-Q1,46520.2
Q,CP_MEUR,SCA,B1GQ,AT,1997-Q2,46408.4
Q,CP_MEUR,SCA,B1GQ,AT,1997-Q3,46684.2
Q,CP_MEUR,SCA,B1GQ,AT,1997-Q4,47326.8
Q,CP_MEUR,SCA,B1GQ,AT,1998-Q1,47781.8
Q,CP_MEUR,SCA,B1GQ,AT,1998-Q2,48320.2
Q,CP_MEUR,SCA,B1GQ,AT,1998-Q3,48628.5
Q,CP_MEUR,SCA,B1GQ,AT,1998-Q4,49111.7
Q,CP_MEUR,SCA,B1GQ,AT,1999-Q1,50397.7
Q,CP_MEUR,SCA,B1GQ,AT,1999-Q2,50403.4
Q,CP_MEUR,SCA,B1GQ,AT,1999-Q3,51095.2
Q,CP_MEUR,SCA,B1GQ,AT,1999-Q4,50871
Q,CP_MEUR,SCA,B1GQ,AT,2000-Q1,52442.3
Q,CP_MEUR,SCA,B1GQ,AT,2000-Q2,52688.7
Q,CP_MEUR,SCA,B1GQ,AT,2000-Q3,53683
Q,CP_MEUR,SCA,B1GQ,AT,2000-Q4,53889.7
Q,CP_MEUR,SCA,B1GQ,AT,2001-Q1,54419.4
Q,CP_MEUR,SCA,B1GQ,AT,2001-Q2,54805.6
Q,CP_MEUR,SCA,B1GQ,AT,2001-Q3,55104.3
Q,CP_MEUR,SCA,B1GQ,AT,2001-Q4,55218.1
Q,CP_MEUR,SCA,B1GQ,AT,2002-Q1,55593.4
Q,CP_MEUR,SCA,B1GQ,AT,2002-Q2,56305.5
Q,CP_MEUR,SCA,B1GQ,AT,2002-Q3,56587.1
Q,CP_MEUR,SCA,B1GQ,AT,2002-Q4,56714.1
Q,CP_MEUR,SCA,B1GQ,AT,2003-Q1,57266
Q,CP_MEUR,SCA,B1GQ,AT,2003-Q2,57580.8
Q,CP_MEUR,SCA,B1GQ,AT,2003-Q3,57656.2
Q,CP_MEUR,SCA,B1GQ,AT,2003-Q4,58179.2
Q,CP_MEUR,SCA,B1GQ,AT,2004-Q1,59028.5
Q,CP_MEUR,SCA,B1GQ,AT,2004-Q2,59516.6
Q,CP_MEUR,SCA,B1GQ,AT,2004-Q3,60461.6
Q,CP_MEUR,SCA,B1GQ,AT,2004-Q4,61208.9
Q,CP_MEUR,SCA,B1GQ,AT,2005-Q1,61509.5
Q,CP_MEUR,SCA,B1GQ,AT,2005-Q2,62626
Q,CP_MEUR,SCA,B1GQ,AT,2005-Q3,63856.8
Q,CP_MEUR,SCA,B1GQ,AT,2005-Q4,64305.9
Q,CP_MEUR,SCA,B1GQ,AT,2006-Q1,65556.5
Q,CP_MEUR,SCA,B1GQ,AT,2006-Q2,66216.2
Q,CP_MEUR,SCA,B1GQ,AT,2006-Q3,66807.7
Q,CP_MEUR,SCA,B1GQ,AT,2006-Q4,67719.6
Q,CP_MEUR,SCA,B1GQ,AT,2007-Q1,69339.2
Q,CP_MEUR,SCA,B1GQ,AT,2007-Q2,70133.2
Q,CP_MEUR,SCA,B1GQ,AT,2007-Q3,70953.3
Q,CP_MEUR,SCA,B1GQ,AT,2007-Q4,71883.6
Q,CP_MEUR,SCA,B1GQ,AT,2008-Q1,72675.1
Q,CP_MEUR,SCA,B1GQ,AT,2008-Q2,73768
Q,CP_MEUR,SCA,B1GQ,AT,2008-Q3,73608.5
Q,CP_MEUR,SCA,B1GQ,AT,2008-Q4,71534.2
Q,CP_MEUR,SCA,B1GQ,AT,2009-Q1,70716.2
Q,CP_MEUR,SCA,B1GQ,AT,2009-Q2,71389.3
Q,CP_MEUR,SCA,B1GQ,AT,2009-Q3,71843.5
Q,CP_MEUR,SCA,B1GQ,AT,2009-Q4,72137.7
Q,CP_MEUR,SCA,B1GQ,AT,2010-Q1,71793.6
Q,CP_MEUR,SCA,B1GQ,AT,2010-Q2,73234.9
Q,CP_MEUR,SCA,B1GQ,AT,2010-Q3,73872.1
Q,CP_MEUR,SCA,B1GQ,AT,2010-Q4,74764.4
Q,CP_MEUR,SCA,B1GQ,AT,2011-Q1,76776.9
Q,CP_MEUR,SCA,B1GQ,AT,2011-Q2,76672.5
Q,CP_MEUR,SCA,B1GQ,AT,2011-Q3,77520.3
Q,CP_MEUR,SCA,B1GQ,AT,2011-Q4,77118.1
Q,CP_MEUR,SCA,B1GQ,AT,2012-Q1,78391.5
Q,CP_MEUR,SCA,B1GQ,AT,2012-Q2,78919.8
Q,CP_MEUR,SCA,B1GQ,AT,2012-Q3,79653.3
Q,CP_MEUR,SCA,B1GQ,AT,2012-Q4,79703.1
Q,CP_MEUR,SCA,B1GQ,AT,2013-Q1,79209.1
Q,CP_MEUR,SCA,B1GQ,AT,2013-Q2,80049.4
Q,CP_MEUR,SCA,B1GQ,AT,2013-Q3,80718.8
Q,CP_MEUR,SCA,B1GQ,AT,2013-Q4,80995.4
Q,CP_MEUR,SCA,B1GQ,AT,2014-Q1,80890.8
Q,CP_MEUR,SCA,B1GQ,AT,2014-Q2,82376.6
Q,CP_MEUR,SCA,B1GQ,AT,2014-Q3,83099.3
Q,CP_MEUR,SCA,B1GQ,AT,2014-Q4,83795.8
Q,CP_MEUR,SCA,B1GQ,AT,2015-Q1,83884.3
Q,CP_MEUR,SCA,B1GQ,AT,2015-Q2,85082.8
Q,CP_MEUR,SCA,B1GQ,AT,2015-Q3,85975.8
Q,CP_MEUR,SCA,B1GQ,AT,2015-Q4,86921.4
Q,CP_MEUR,SCA,B1GQ,AT,2016-Q1,88742.6
Q,CP_MEUR,SCA,B1GQ,AT,2016-Q2,88469.5
Q,CP_MEUR,SCA,B1GQ,AT,2016-Q3,89009.2
Q,CP_MEUR,SCA,B1GQ,AT,2016-Q4,89362.9
Q,CP_MEUR,SCA,B1GQ,AT,2017-Q1,90261.1
Q,CP_MEUR,SCA,B1GQ,AT,2017-Q2,91670.2
Q,CP_MEUR,SCA,B1GQ,AT,2017-Q3,92686.7
Q,CP_MEUR,SCA,B1GQ,AT,2017-Q4,93079.5
Q,CP_MEUR,SCA,B1GQ,AT,2018-Q1,94563.6
Q,CP_MEUR,SCA,B1GQ,AT,2018-Q2,95106.2
Q,CP_MEUR,SCA,B1GQ,AT,2018-Q3,96195.8
Q,CP_MEUR,SCA,B1GQ,AT,2018-Q4,97404.2
Q,CP_MEUR,SCA,B1GQ,AT,2019-Q1,98285.5
Q,CP_MEUR,SCA,B1GQ,AT,2019-Q2,98436.4
Q,CP_MEUR,SCA,B1GQ,AT,2019-Q3,99517.1
Q,CP_MEUR,SCA,B1GQ,AT,2019-Q4,99241.5
Q,CP_MEUR,SCA,B1GQ,AT,2020-Q1,98629
Q,CP_MEUR,SCA,B1GQ,AT,2020-Q2,87165.8
Q,CP_MEUR,SCA,B1GQ,AT,2020-Q3,97546.2
Q,CP_MEUR,SCA,B1GQ,AT,2020-Q4,96453.4
Q,CP_MEUR,SCA,B1GQ,AT,2021-Q1,95465.9
Q,CP_MEUR,SCA,B1GQ,AT,2021-Q2,100395
Q,CP_MEUR,SCA,B1GQ,AT,2021-Q3,104374.2
Q,CP_MEUR,SCA,B1GQ,AT,2021-Q4,105718.9
Q,CP_MEUR,SCA,B1GQ,AT,2022-Q1,108572.6
Q,CP_MEUR,SCA,B1GQ,AT,2022-Q2,112084.2
Q,CP_MEUR,SCA,B1GQ,AT,2022-Q3,113843.1
Q,CP_MEUR,SCA,B1GQ,AT,2022-Q4,115023.1
Q,CP_MEUR,SCA,B1GQ,AT,2023-Q1,119354
Q,CP_MEUR,SCA,B1GQ,AT,2023-Q2,119333.7
Q,CP_MEUR,SCA,B1GQ,AT,2023-Q3,119441.1
Q,CP_MEUR,SCA,B1GQ,AT,2023-Q4,120318.4
Q,CP_MEUR,SCA,B1GQ,AT,2024-Q1,122191.8
Q,CP_MEUR,SCA,B1GQ,AT,2024-Q2,123152.2
Q,CP_MEUR,SCA,B1GQ,AT,2024-Q3,123791.9
Q,CP_MEUR,SCA,B1GQ,AT,2024-Q4,124677
Q,CP_MEUR,SCA,B1GQ,AT,2025-Q1,126779.3
Q,CP_MEUR,SCA,B1GQ,AT,2025-Q2,128012.7
Q,CP_MEUR,SCA,B1GQ,AT,2025-Q3,129368.4
Q,CP_MEUR,SCA,B1GQ,AT,2025-Q4,130373.8
Q,CP_MEUR,SCA,B1GQ,AT,2026-Q1,130437.9
Q,CP_MEUR,SCA,B1GQ,AT,2026-Q2,131446.1
Q,CP_MEUR,SCA,B1GQ,PL,1978-Q1,
Q,CP_MEUR,SCA,B1GQ,PL,1978-Q2,
Q,CP_MEUR,SCA,B1GQ,PL,1978-Q3,
Q,CP_MEUR,SCA,B1GQ,PL,1978-Q4,
Q,CP_MEUR,SCA,B1GQ,PL,1979-Q1,
Q,CP_MEUR,SCA,B1GQ,PL,1979-Q2,
Q,CP_MEUR,SCA,B1GQ,PL,1979-Q3,
Q,CP_MEUR,SCA,B1GQ,PL,1979-Q4,
Q,CP_MEUR,SCA,B1GQ,PL,1980-Q1,
Q,CP_MEUR,SCA,B1GQ,PL,1980-Q2,
Q,CP_MEUR,SCA,B1GQ,PL,1980-Q3,
Q,CP_MEUR,SCA,B1GQ,PL,1980-Q4,
Q,CP_MEUR,SCA,B1GQ,PL,1981-Q1,
Q,CP_MEUR,SCA,B1GQ,PL,1981-Q2,
Q,CP_MEUR,SCA,B1GQ,PL,1981-Q3,
Q,CP_MEUR,SCA,B1GQ,PL,1981-Q4,
Q,CP_MEUR,SCA,B1GQ,PL,1982-Q1,
Q,CP_MEUR,SCA,B1GQ,PL,1982-Q2,
Q,CP_MEUR,SCA,B1GQ,PL,1982-Q3,
Q,CP_MEUR,SCA,B1GQ,PL,1982-Q4,
Q,CP_MEUR,SCA,B1GQ,PL,1983-Q1,
Q,CP_MEUR,SCA,B1GQ,PL,1983-Q2,
Q,CP_MEUR,SCA,B1GQ,PL,1983-Q3,
Q,CP_MEUR,SCA,B1GQ,PL,1983-Q4,
Q,CP_MEUR,SCA,B1GQ,PL,1984-Q1,
Q,CP_MEUR,SCA,B1GQ,PL,1984-Q2,
Q,CP_MEUR,SCA,B1GQ,PL,1984-Q3,
Q,CP_MEUR,SCA,B1GQ,PL,1984-Q4,
Q,CP_MEUR,SCA,B1GQ,PL,1985-Q1,
Q,CP_MEUR,SCA,B1GQ,PL,1985-Q2,
Q,CP_MEUR,SCA,B1GQ,PL,1985-Q3,
Q,CP_MEUR,SCA,B1GQ,PL,1985-Q4,
Q,CP_MEUR,SCA,B1GQ,PL,1986-Q1,
Q,CP_MEUR,SCA,B1GQ,PL,1986-Q2,
Q,CP_MEUR,SCA,B1GQ,PL,1986-Q3,
Q,CP_MEUR,SCA,B1GQ,PL,1986-Q4,
Q,CP_MEUR,SCA,B1GQ,PL,1987-Q1,
Q,CP_MEUR,SCA,B1GQ,PL,1987-Q2,
Q,CP_MEUR,SCA,B1GQ,PL,1987-Q3,
Q,CP_MEUR,SCA,B1GQ,PL,1987-Q4,
Q,CP_MEUR,SCA,B1GQ,PL,1988-Q1,
Q,CP_MEUR,SCA,B1GQ,PL,1988-Q2,
Q,CP_MEUR,SCA,B1GQ,PL,1988-Q3,
Q,CP_MEUR,SCA,B1GQ,PL,1988-Q4,
Q,CP_MEUR,SCA,B1GQ,PL,1989-Q1,
Q,CP_MEUR,SCA,B1GQ,PL,1989-Q2,
Q,CP_MEUR,SCA,B1GQ,PL,1989-Q3,
Q,CP_MEUR,SCA,B1GQ,PL,1989-Q4,
Q,CP_MEUR,SCA,B1GQ,PL,1990-Q1,
Q,CP_MEUR,SCA,B1GQ,PL,1990-Q2,
Q,CP_MEUR,SCA,B1GQ,PL,1990-Q3,
Q,CP_MEUR,SCA,B1GQ,PL,1990-Q4,
Q,CP_MEUR,SCA,B1GQ,PL,1991-Q1,
Q,CP_MEUR,SCA,B1GQ,PL,1991-Q2,
Q,CP_MEUR,SCA,B1GQ,PL,1991-Q3,
Q,CP_MEUR,SCA,B1GQ,PL,1991-Q4,
Q,CP_MEUR,SCA,B1GQ,PL,1992-Q1,
Q,CP_MEUR,SCA,B1GQ,PL,1992-Q2,
Q,CP_MEUR,SCA,B1GQ,PL,1992-Q3,
Q,CP_MEUR,SCA,B1GQ,PL,1992-Q4,
Q,CP_MEUR,SCA,B1GQ,PL,1993-Q1,
Q,CP_MEUR,SCA,B1GQ,PL,1993-Q2,
Q,CP_MEUR,SCA,B1GQ,PL,1993-Q3,
Q,CP_MEUR,SCA,B1GQ,PL,1993-Q4,
Q,CP_MEUR,SCA,B1GQ,PL,1994-Q1,
Q,CP_MEUR,SCA,B1GQ,PL,1994-Q2,
Q,CP_MEUR,SCA,B1GQ,PL,1994-Q3,
Q,CP_MEUR,SCA,B1GQ,PL,1994-Q4,
Q,CP_MEUR,SCA,B1GQ,PL,1995-Q1,26534.4
Q,CP_MEUR,SCA,B1GQ,PL,1995-Q2,27025.7
Q,CP_MEUR,SCA,B1GQ,PL,1995-Q3,28425.1
Q,CP_MEUR,SCA,B1GQ,PL,1995-Q4,27334.9
Q,CP_MEUR,SCA,B1GQ,PL,1996-Q1,30799.7
Q,CP_MEUR,SCA,B1GQ,PL,1996-Q2,31626.9
Q,CP_MEUR,SCA,B1GQ,PL,1996-Q3,31785.6
Q,CP_MEUR,SCA,B1GQ,PL,1996-Q4,32294.6
Q,CP_MEUR,SCA,B1GQ,PL,1997-Q1,34556.9
Q,CP_MEUR,SCA,B1GQ,PL,1997-Q2,35377.1
Q,CP_MEUR,SCA,B1GQ,PL,1997-Q3,35407.4
Q,CP_MEUR,SCA,B1GQ,PL,1997-Q4,35271.2
Q,CP_MEUR,SCA,B1GQ,PL,1998-Q1,38092.8
Q,CP_MEUR,SCA,B1GQ,PL,1998-Q2,39443.9
Q,CP_MEUR,SCA,B1GQ,PL,1998-Q3,38866
Q,CP_MEUR,SCA,B1GQ,PL,1998-Q4,38453.9
Q,CP_MEUR,SCA,B1GQ,PL,1999-Q1,37588.5
Q,CP_MEUR,SCA,B1GQ,PL,1999-Q2,39333.1
Q,CP_MEUR,SCA,B1GQ,PL,1999-Q3,41013.9
Q,CP_MEUR,SCA,B1GQ,PL,1999-Q4,41479.1
Q,CP_MEUR,SCA,B1GQ,PL,2000-Q1,44808.3
Q,CP_MEUR,SCA,B1GQ,PL,2000-Q2,45582.5
Q,CP_MEUR,SCA,B1GQ,PL,2000-Q3,47823.7
Q,CP_MEUR,SCA,B1GQ,PL,2000-Q4,49296.8
Q,CP_MEUR,SCA,B1GQ,PL,2001-Q1,51246.4
Q,CP_MEUR,SCA,B1GQ,PL,2001-Q2,56345.6
Q,CP_MEUR,SCA,B1GQ,PL,2001-Q3,52607.6
Q,CP_MEUR,SCA,B1GQ,PL,2001-Q4,54289.4
Q,CP_MEUR,SCA,B1GQ,PL,2002-Q1,56023.1
Q,CP_MEUR,SCA,B1GQ,PL,2002-Q2,54493
Q,CP_MEUR,SCA,B1GQ,PL,2002-Q3,50227.2
Q,CP_MEUR,SCA,B1GQ,PL,2002-Q4,51423.1
Q,CP_MEUR,SCA,B1GQ,PL,2003-Q1,49386.9
Q,CP_MEUR,SCA,B1GQ,PL,2003-Q2,48572.1
Q,CP_MEUR,SCA,B1GQ,PL,2003-Q3,48371.3
Q,CP_MEUR,SCA,B1GQ,PL,2003-Q4,47091.3
Q,CP_MEUR,SCA,B1GQ,PL,2004-Q1,47499.6
Q,CP_MEUR,SCA,B1GQ,PL,2004-Q2,49214.8
Q,CP_MEUR,SCA,B1GQ,PL,2004-Q3,53204.1
Q,CP_MEUR,SCA,B1GQ,PL,2004-Q4,57438.7
Q,CP_MEUR,SCA,B1GQ,PL,2005-Q1,60319.3
Q,CP_MEUR,SCA,B1GQ,PL,2005-Q2,60014.7
Q,CP_MEUR,SCA,B1GQ,PL,2005-Q3,62418.5
Q,CP_MEUR,SCA,B1GQ,PL,2005-Q4,64248.3
Q,CP_MEUR,SCA,B1GQ,PL,2006-Q1,67340.9
Q,CP_MEUR,SCA,B1GQ,PL,2006-Q2,66703.6
Q,CP_MEUR,SCA,B1GQ,PL,2006-Q3,68769.3
Q,CP_MEUR,SCA,B1GQ,PL,2006-Q4,72465.7
Q,CP_MEUR,SCA,B1GQ,PL,2007-Q1,73588.1
Q,CP_MEUR,SCA,B1GQ,PL,2007-Q2,77215.4
Q,CP_MEUR,SCA,B1GQ,PL,2007-Q3,79021.3
Q,CP_MEUR,SCA,B1GQ,PL,2007-Q4,84620.3
Q,CP_MEUR,SCA,B1GQ,PL,2008-Q1,88462
Q,CP_MEUR,SCA,B1GQ,PL,2008-Q2,94004.2
Q,CP_MEUR,SCA,B1GQ,PL,2008-Q3,98045.5
Q,CP_MEUR,SCA,B1GQ,PL,2008-Q4,87269.8
Q,CP_MEUR,SCA,B1GQ,PL,2009-Q1,75049.3
Q,CP_MEUR,SCA,B1GQ,PL,2009-Q2,76289.3
Q,CP_MEUR,SCA,B1GQ,PL,2009-Q3,82354.4
Q,CP_MEUR,SCA,B1GQ,PL,2009-Q4,83884.4
Q,CP_MEUR,SCA,B1GQ,PL,2010-Q1,87613.3
Q,CP_MEUR,SCA,B1GQ,PL,2010-Q2,89137.9
Q,CP_MEUR,SCA,B1GQ,PL,2010-Q3,90716.4
Q,CP_MEUR,SCA,B1GQ,PL,2010-Q4,92924.7
Q,CP_MEUR,SCA,B1GQ,PL,2011-Q1,96352.7
Q,CP_MEUR,SCA,B1GQ,PL,2011-Q2,97465.3
Q,CP_MEUR,SCA,B1GQ,PL,2011-Q3,94686.2
Q,CP_MEUR,SCA,B1GQ,PL,2011-Q4,90872.1
Q,CP_MEUR,SCA,B1GQ,PL,2012-Q1,95148.1
Q,CP_MEUR,SCA,B1GQ,PL,2012-Q2,95367.5
Q,CP_MEUR,SCA,B1GQ,PL,2012-Q3,98485.5
Q,CP_MEUR,SCA,B1GQ,PL,2012-Q4,98455.4
Q,CP_MEUR,SCA,B1GQ,PL,2013-Q1,96959.7
Q,CP_MEUR,SCA,B1GQ,PL,2013-Q2,97061.7
Q,CP_MEUR,SCA,B1GQ,PL,2013-Q3,96457
Q,CP_MEUR,SCA,B1GQ,PL,2013-Q4,99740.6
Q,CP_MEUR,SCA,B1GQ,PL,2014-Q1,101003.4
Q,CP_MEUR,SCA,B1GQ,PL,2014-Q2,102146.8
Q,CP_MEUR,SCA,B1GQ,PL,2014-Q3,103391
Q,CP_MEUR,SCA,B1GQ,PL,2014-Q4,102091.1
Q,CP_MEUR,SCA,B1GQ,PL,2015-Q1,105361.1
Q,CP_MEUR,SCA,B1GQ,PL,2015-Q2,109471.8
Q,CP_MEUR,SCA,B1GQ,PL,2015-Q3,108179.7
Q,CP_MEUR,SCA,B1GQ,PL,2015-Q4,108875.2
Q,CP_MEUR,SCA,B1GQ,PL,2016-Q1,104933.3
Q,CP_MEUR,SCA,B1GQ,PL,2016-Q2,106234.2
Q,CP_MEUR,SCA,B1GQ,PL,2016-Q3,107838.5
Q,CP_MEUR,SCA,B1GQ,PL,2016-Q4,108844.4
Q,CP_MEUR,SCA,B1GQ,PL,2017-Q1,113028.2
Q,CP_MEUR,SCA,B1GQ,PL,2017-Q2,117418.8
Q,CP_MEUR,SCA,B1GQ,PL,2017-Q3,118174.6
Q,CP_MEUR,SCA,B1GQ,PL,2017-Q4,120550.7
Q,CP_MEUR,SCA,B1GQ,PL,2018-Q1,124885.7
Q,CP_MEUR,SCA,B1GQ,PL,2018-Q2,124366.4
Q,CP_MEUR,SCA,B1GQ,PL,2018-Q3,125751.5
Q,CP_MEUR,SCA,B1GQ,PL,2018-Q4,128556.7
Q,CP_MEUR,SCA,B1GQ,PL,2019-Q1,130954.9
Q,CP_MEUR,SCA,B1GQ,PL,2019-Q2,134692.3
Q,CP_MEUR,SCA,B1GQ,PL,2019-Q3,134040
Q,CP_MEUR,SCA,B1GQ,PL,2019-Q4,138195.2
Q,CP_MEUR,SCA,B1GQ,PL,2020-Q1,138530.9
Q,CP_MEUR,SCA,B1GQ,PL,2020-Q2,123192
Q,CP_MEUR,SCA,B1GQ,PL,2020-Q3,133910.6
Q,CP_MEUR,SCA,B1GQ,PL,2020-Q4,136006.4
Q,CP_MEUR,SCA,B1GQ,PL,2021-Q1,139857.2
Q,CP_MEUR,SCA,B1GQ,PL,2021-Q2,144182.6
Q,CP_MEUR,SCA,B1GQ,PL,2021-Q3,147626.7
Q,CP_MEUR,SCA,B1GQ,PL,2021-Q4,151204.3
Q,CP_MEUR,SCA,B1GQ,PL,2022-Q1,158148.4
Q,CP_MEUR,SCA,B1GQ,PL,2022-Q2,163470.3
Q,CP_MEUR,SCA,B1GQ,PL,2022-Q3,166827.1
Q,CP_MEUR,SCA,B1GQ,PL,2022-Q4,172069.5
Q,CP_MEUR,SCA,B1GQ,PL,2023-Q1,177950.8
Q,CP_MEUR,SCA,B1GQ,PL,2023-Q2,187233.6
Q,CP_MEUR,SCA,B1GQ,PL,2023-Q3,190345.3
Q,CP_MEUR,SCA,B1GQ,PL,2023-Q4,196338.4
Q,CP_MEUR,SCA,B1GQ,PL,2024-Q1,204822
Q,CP_MEUR,SCA,B1GQ,PL,2024-Q2,210470.1
Q,CP_MEUR,SCA,B1GQ,PL,2024-Q3,215710.5
Q,CP_MEUR,SCA,B1GQ,PL,2024-Q4,218756.4
Q,CP_MEUR,SCA,B1GQ,PL,2025-Q1,226107.2
Q,CP_MEUR,SCA,B1GQ,PL,2025-Q2,227264.1
Q,CP_MEUR,SCA,B1GQ,PL,2025-Q3,230880.6
Q,CP_MEUR,SCA,B1GQ,PL,2025-Q4,236682.4
Q,CP_MEUR,SCA,B1GQ,PL,2026-Q1,239265.9
Q,CP_MEUR,SCA,B1GQ,PL,2026-Q2,241984.7
Q,CP_MEUR,SCA,B1GQ,PT,1978-Q1,
Q,CP_MEUR,SCA,B1GQ,PT,1978-Q2,
Q,CP_MEUR,SCA,B1GQ,PT,1978-Q3,
Q,CP_MEUR,SCA,B1GQ,PT,1978-Q4,
Q,CP_MEUR,SCA,B1GQ,PT,1979-Q1,
Q,CP_MEUR,SCA,B1GQ,PT,1979-Q2,
Q,CP_MEUR,SCA,B1GQ,PT,1979-Q3,
Q,CP_MEUR,SCA,B1GQ,PT,1979-Q4,
Q,CP_MEUR,SCA,B1GQ,PT,1980-Q1,
Q,CP_MEUR,SCA,B1GQ,PT,1980-Q2,
Q,CP_MEUR,SCA,B1GQ,PT,1980-Q3,
Q,CP_MEUR,SCA,B1GQ,PT,1980-Q4,
Q,CP_MEUR,SCA,B1GQ,PT,1981-Q1,
Q,CP_MEUR,SCA,B1GQ,PT,1981-Q2,
Q,CP_MEUR,SCA,B1GQ,PT,1981-Q3,
Q,CP_MEUR,SCA,B1GQ,PT,1981-Q4,
Q,CP_MEUR,SCA,B1GQ,PT,1982-Q1,
Q,CP_MEUR,SCA,B1GQ,PT,1982-Q2,
Q,CP_MEUR,SCA,B1GQ,PT,1982-Q3,
Q,CP_MEUR,SCA,B1GQ,PT,1982-Q4,
Q,CP_MEUR,SCA,B1GQ,PT,1983-Q1,
Q,CP_MEUR,SCA,B1GQ,PT,1983-Q2,
Q,CP_MEUR,SCA,B1GQ,PT,1983-Q3,
Q,CP_MEUR,SCA,B1GQ,PT,1983-Q4,
Q,CP_MEUR,SCA,B1GQ,PT,1984-Q1,
Q,CP_MEUR,SCA,B1GQ,PT,1984-Q2,
Q,CP_MEUR,SCA,B1GQ,PT,1984-Q3,
Q,CP_MEUR,SCA,B1GQ,PT,1984-Q4,
Q,CP_MEUR,SCA,B1GQ,PT,1985-Q1,
Q,CP_MEUR,SCA,B1GQ,PT,1985-Q2,
Q,CP_MEUR,SCA,B1GQ,PT,1985-Q3,
Q,CP_MEUR,SCA,B1GQ,PT,1985-Q4,
Q,CP_MEUR,SCA,B1GQ,PT,1986-Q1,
Q,CP_MEUR,SCA,B1GQ,PT,1986-Q2,
Q,CP_MEUR,SCA,B1GQ,PT,1986-Q3,
Q,CP_MEUR,SCA,B1GQ,PT,1986-Q4,
Q,CP_MEUR,SCA,B1GQ,PT,1987-Q1,
Q,CP_MEUR,SCA,B1GQ,PT,1987-Q2,
Q,CP_MEUR,SCA,B1GQ,PT,1987-Q3,
Q,CP_MEUR,SCA,B1GQ,PT,1987-Q4,
Q,CP_MEUR,SCA,B1GQ,PT,1988-Q1,
Q,CP_MEUR,SCA,B1GQ,PT,1988-Q2,
Q,CP_MEUR,SCA,B1GQ,PT,1988-Q3,
Q,CP_MEUR,SCA,B1GQ,PT,1988-Q4,
Q,CP_MEUR,SCA,B1GQ,PT,1989-Q1,
Q,CP_MEUR,SCA,B1GQ,PT,1989-Q2,
Q,CP_MEUR,SCA,B1GQ,PT,1989-Q3,
Q,CP_MEUR,SCA,B1GQ,PT,1989-Q4,
Q,CP_MEUR,SCA,B1GQ,PT,1990-Q1,
Q,CP_MEUR,SCA,B1GQ,PT,1990-Q2,
Q,CP_MEUR,SCA,B1GQ,PT,1990-Q3,
Q,CP_MEUR,SCA,B1GQ,PT,1990-Q4,
Q,CP_MEUR,SCA,B1GQ,PT,1991-Q1,
Q,CP_MEUR,SCA,B1GQ,PT,1991-Q2,
Q,CP_MEUR,SCA,B1GQ,PT,1991-Q3,
Q,CP_MEUR,SCA,B1GQ,PT,1991-Q4,
Q,CP_MEUR,SCA,B1GQ,PT,1992-Q1,
Q,CP_MEUR,SCA,B1GQ,PT,1992-Q2,
Q,CP_MEUR,SCA,B1GQ,PT,1992-Q3,
Q,CP_MEUR,SCA,B1GQ,PT,1992-Q4,
Q,CP_MEUR,SCA,B1GQ,PT,1993-Q1,
Q,CP_MEUR,SCA,B1GQ,PT,1993-Q2,
Q,CP_MEUR,SCA,B1GQ,PT,1993-Q3,
Q,CP_MEUR,SCA,B1GQ,PT,1993-Q4,
Q,CP_MEUR,SCA,B1GQ,PT,1994-Q1,
Q,CP_MEUR,SCA,B1GQ,PT,1994-Q2,
Q,CP_MEUR,SCA,B1GQ,PT,1994-Q3,
Q,CP_MEUR,SCA,B1GQ,PT,1994-Q4,
Q,CP_MEUR,SCA,B1GQ,PT,1995-Q1,22357
Q,CP_MEUR,SCA,B1GQ,PT,1995-Q2,22655.5
Q,CP_MEUR,SCA,B1GQ,PT,1995-Q3,22919.2
Q,CP_MEUR,SCA,B1GQ,PT,1995-Q4,23079.1
Q,CP_MEUR,SCA,B1GQ,PT,1996-Q1,23452.2
Q,CP_MEUR,SCA,B1GQ,PT,1996-Q2,23787
Q,CP_MEUR,SCA,B1GQ,PT,1996-Q3,24564.8
Q,CP_MEUR,SCA,B1GQ,PT,1996-Q4,24823.1
Q,CP_MEUR,SCA,B1GQ,PT,1997-Q1,25513.6
Q,CP_MEUR,SCA,B1GQ,PT,1997-Q2,25703.1
Q,CP_MEUR,SCA,B1GQ,PT,1997-Q3,25968.8
Q,CP_MEUR,SCA,B1GQ,PT,1997-Q4,26136.1
Q,CP_MEUR,SCA,B1GQ,PT,1998-Q1,26711.1
Q,CP_MEUR,SCA,B1GQ,PT,1998-Q2,27375.6
Q,CP_MEUR,SCA,B1GQ,PT,1998-Q3,28010.3
Q,CP_MEUR,SCA,B1GQ,PT,1998-Q4,28587
Q,CP_MEUR,SCA,B1GQ,PT,1999-Q1,29320.1
Q,CP_MEUR,SCA,B1GQ,PT,1999-Q2,29687.2
Q,CP_MEUR,SCA,B1GQ,PT,1999-Q3,30017.2
Q,CP_MEUR,SCA,B1GQ,PT,1999-Q4,30578.8
Q,CP_MEUR,SCA,B1GQ,PT,2000-Q1,31471.2
Q,CP_MEUR,SCA,B1GQ,PT,2000-Q2,31670.3
Q,CP_MEUR,SCA,B1GQ,PT,2000-Q3,32442.3
Q,CP_MEUR,SCA,B1GQ,PT,2000-Q4,32830.7
Q,CP_MEUR,SCA,B1GQ,PT,2001-Q1,33102.6
Q,CP_MEUR,SCA,B1GQ,PT,2001-Q2,33717.5
Q,CP_MEUR,SCA,B1GQ,PT,2001-Q3,34040.7
Q,CP_MEUR,SCA,B1GQ,PT,2001-Q4,34914.3
Q,CP_MEUR,SCA,B1GQ,PT,2002-Q1,35331.9
Q,CP_MEUR,SCA,B1GQ,PT,2002-Q2,35558.7
Q,CP_MEUR,SCA,B1GQ,PT,2002-Q3,35776.5
Q,CP_MEUR,SCA,B1GQ,PT,2002-Q4,35887.1
Q,CP_MEUR,SCA,B1GQ,PT,2003-Q1,36039.5
Q,CP_MEUR,SCA,B1GQ,PT,2003-Q2,36326.5
Q,CP_MEUR,SCA,B1GQ,PT,2003-Q3,36611
Q,CP_MEUR,SCA,B1GQ,PT,2003-Q4,37090.8
Q,CP_MEUR,SCA,B1GQ,PT,2004-Q1,37366.9
Q,CP_MEUR,SCA,B1GQ,PT,2004-Q2,37984.7
Q,CP_MEUR,SCA,B1GQ,PT,2004-Q3,38191
Q,CP_MEUR,SCA,B1GQ,PT,2004-Q4,38705.8
Q,CP_MEUR,SCA,B1GQ,PT,2005-Q1,38950.8
Q,CP_MEUR,SCA,B1GQ,PT,2005-Q2,39566.5
Q,CP_MEUR,SCA,B1GQ,PT,2005-Q3,39746
Q,CP_MEUR,SCA,B1GQ,PT,2005-Q4,40289.4
Q,CP_MEUR,SCA,B1GQ,PT,2006-Q1,40650.6
Q,CP_MEUR,SCA,B1GQ,PT,2006-Q2,41368.3
Q,CP_MEUR,SCA,B1GQ,PT,2006-Q3,41737.8
Q,CP_MEUR,SCA,B1GQ,PT,2006-Q4,42503.7
Q,CP_MEUR,SCA,B1GQ,PT,2007-Q1,43257.6
Q,CP_MEUR,SCA,B1GQ,PT,2007-Q2,43601.3
Q,CP_MEUR,SCA,B1GQ,PT,2007-Q3,43893.4
Q,CP_MEUR,SCA,B1GQ,PT,2007-Q4,44731.1
Q,CP_MEUR,SCA,B1GQ,PT,2008-Q1,44847.9
Q,CP_MEUR,SCA,B1GQ,PT,2008-Q2,44902.3
Q,CP_MEUR,SCA,B1GQ,PT,2008-Q3,44791.4
Q,CP_MEUR,SCA,B1GQ,PT,2008-Q4,44561.2
Q,CP_MEUR,SCA,B1GQ,PT,2009-Q1,43330.9
Q,CP_MEUR,SCA,B1GQ,PT,2009-Q2,43671.5
Q,CP_MEUR,SCA,B1GQ,PT,2009-Q3,44012.7
Q,CP_MEUR,SCA,B1GQ,PT,2009-Q4,44401.4
Q,CP_MEUR,SCA,B1GQ,PT,2010-Q1,44770.7
Q,CP_MEUR,SCA,B1GQ,PT,2010-Q2,44732.9
Q,CP_MEUR,SCA,B1GQ,PT,2010-Q3,45182.5
Q,CP_MEUR,SCA,B1GQ,PT,2010-Q4,45174.3
Q,CP_MEUR,SCA,B1GQ,PT,2011-Q1,44786.8
Q,CP_MEUR,SCA,B1GQ,PT,2011-Q2,44256.1
Q,CP_MEUR,SCA,B1GQ,PT,2011-Q3,44054
Q,CP_MEUR,SCA,B1GQ,PT,2011-Q4,43221
Q,CP_MEUR,SCA,B1GQ,PT,2012-Q1,42832.6
Q,CP_MEUR,SCA,B1GQ,PT,2012-Q2,42011.6
Q,CP_MEUR,SCA,B1GQ,PT,2012-Q3,41942
Q,CP_MEUR,SCA,B1GQ,PT,2012-Q4,41752.5
Q,CP_MEUR,SCA,B1GQ,PT,2013-Q1,42045.1
Q,CP_MEUR,SCA,B1GQ,PT,2013-Q2,42433.8
Q,CP_MEUR,SCA,B1GQ,PT,2013-Q3,42911
Q,CP_MEUR,SCA,B1GQ,PT,2013-Q4,43285.7
Q,CP_MEUR,SCA,B1GQ,PT,2014-Q1,43108.6
Q,CP_MEUR,SCA,B1GQ,PT,2014-Q2,43116
Q,CP_MEUR,SCA,B1GQ,PT,2014-Q3,43439.1
Q,CP_MEUR,SCA,B1GQ,PT,2014-Q4,43522.9
Q,CP_MEUR,SCA,B1GQ,PT,2015-Q1,44377.1
Q,CP_MEUR,SCA,B1GQ,PT,2015-Q2,44677.5
Q,CP_MEUR,SCA,B1GQ,PT,2015-Q3,45010.6
Q,CP_MEUR,SCA,B1GQ,PT,2015-Q4,45327.4
Q,CP_MEUR,SCA,B1GQ,PT,2016-Q1,45872.2
Q,CP_MEUR,SCA,B1GQ,PT,2016-Q2,46139.4
Q,CP_MEUR,SCA,B1GQ,PT,2016-Q3,46831.1
Q,CP_MEUR,SCA,B1GQ,PT,2016-Q4,47538.1
Q,CP_MEUR,SCA,B1GQ,PT,2017-Q1,47946.5
Q,CP_MEUR,SCA,B1GQ,PT,2017-Q2,48587.4
Q,CP_MEUR,SCA,B1GQ,PT,2017-Q3,49182.4
Q,CP_MEUR,SCA,B1GQ,PT,2017-Q4,49792.8
Q,CP_MEUR,SCA,B1GQ,PT,2018-Q1,50342.4
Q,CP_MEUR,SCA,B1GQ,PT,2018-Q2,50917.2
Q,CP_MEUR,SCA,B1GQ,PT,2018-Q3,51600.7
Q,CP_MEUR,SCA,B1GQ,PT,2018-Q4,52137.3
Q,CP_MEUR,SCA,B1GQ,PT,2019-Q1,52902.1
Q,CP_MEUR,SCA,B1GQ,PT,2019-Q2,53135.1
Q,CP_MEUR,SCA,B1GQ,PT,2019-Q3,53898.8
Q,CP_MEUR,SCA,B1GQ,PT,2019-Q4,54553.9
Q,CP_MEUR,SCA,B1GQ,PT,2020-Q1,52436.1
Q,CP_MEUR,SCA,B1GQ,PT,2020-Q2,45407.1
Q,CP_MEUR,SCA,B1GQ,PT,2020-Q3,51359.2
Q,CP_MEUR,SCA,B1GQ,PT,2020-Q4,51830.4
Q,CP_MEUR,SCA,B1GQ,PT,2021-Q1,51295.2
Q,CP_MEUR,SCA,B1GQ,PT,2021-Q2,53216.3
Q,CP_MEUR,SCA,B1GQ,PT,2021-Q3,55311.9
Q,CP_MEUR,SCA,B1GQ,PT,2021-Q4,56670.4
Q,CP_MEUR,SCA,B1GQ,PT,2022-Q1,58623.4
Q,CP_MEUR,SCA,B1GQ,PT,2022-Q2,60096.8
Q,CP_MEUR,SCA,B1GQ,PT,2022-Q3,61610.1
Q,CP_MEUR,SCA,B1GQ,PT,2022-Q4,63626.9
Q,CP_MEUR,SCA,B1GQ,PT,2023-Q1,66085.7
Q,CP_MEUR,SCA,B1GQ,PT,2023-Q2,67046.6
Q,CP_MEUR,SCA,B1GQ,PT,2023-Q3,68222.4
Q,CP_MEUR,SCA,B1GQ,PT,2023-Q4,68997.9
Q,CP_MEUR,SCA,B1GQ,PT,2024-Q1,71198
Q,CP_MEUR,SCA,B1GQ,PT,2024-Q2,72149.1
Q,CP_MEUR,SCA,B1GQ,PT,2024-Q3,73305.6
Q,CP_MEUR,SCA,B1GQ,PT,2024-Q4,74500.1
Q,CP_MEUR,SCA,B1GQ,PT,2025-Q1,75221.7
Q,CP_MEUR,SCA,B1GQ,PT,2025-Q2,76415.6
Q,CP_MEUR,SCA,B1GQ,PT,2025-Q3,77914.7
Q,CP_MEUR,SCA,B1GQ,PT,2025-Q4,78986.2
Q,CP_MEUR,SCA,B1GQ,PT,2026-Q1,80159.3
Q,CP_MEUR,SCA,B1GQ,PT,2026-Q2,81106.2
Q,CP_MEUR,SCA,B1GQ,RO,1978-Q1,
Q,CP_MEUR,SCA,B1GQ,RO,1978-Q2,
Q,CP_MEUR,SCA,B1GQ,RO,1978-Q3,
Q,CP_MEUR,SCA,B1GQ,RO,1978-Q4,
Q,CP_MEUR,SCA,B1GQ,RO,1979-Q1,
Q,CP_MEUR,SCA,B1GQ,RO,1979-Q2,
Q,CP_MEUR,SCA,B1GQ,RO,1979-Q3,
Q,CP_MEUR,SCA,B1GQ,RO,1979-Q4,
Q,CP_MEUR,SCA,B1GQ,RO,1980-Q1,
Q,CP_MEUR,SCA,B1GQ,RO,1980-Q2,
Q,CP_MEUR,SCA,B1GQ,RO,1980-Q3,
Q,CP_MEUR,SCA,B1GQ,RO,1980-Q4,
Q,CP_MEUR,SCA,B1GQ,RO,1981-Q1,
Q,CP_MEUR,SCA,B1GQ,RO,1981-Q2,
Q,CP_MEUR,SCA,B1GQ,RO,1981-Q3,
Q,CP_MEUR,SCA,B1GQ,RO,1981-Q4,
Q,CP_MEUR,SCA,B1GQ,RO,1982-Q1,
Q,CP_MEUR,SCA,B1GQ,RO,1982-Q2,
Q,CP_MEUR,SCA,B1GQ,RO,1982-Q3,
Q,CP_MEUR,SCA,B1GQ,RO,1982-Q4,
Q,CP_MEUR,SCA,B1GQ,RO,1983-Q1,
Q,CP_MEUR,SCA,B1GQ,RO,1983-Q2,
Q,CP_MEUR,SCA,B1GQ,RO,1983-Q3,
Q,CP_MEUR,SCA,B1GQ,RO,1983-Q4,
Q,CP_MEUR,SCA,B1GQ,RO,1984-Q1,
Q,CP_MEUR,SCA,B1GQ,RO,1984-Q2,
Q,CP_MEUR,SCA,B1GQ,RO,1984-Q3,
Q,CP_MEUR,SCA,B1GQ,RO,1984-Q4,
Q,CP_MEUR,SCA,B1GQ,RO,1985-Q1,
Q,CP_MEUR,SCA,B1GQ,RO,1985-Q2,
Q,CP_MEUR,SCA,B1GQ,RO,1985-Q3,
Q,CP_MEUR,SCA,B1GQ,RO,1985-Q4,
Q,CP_MEUR,SCA,B1GQ,RO,1986-Q1,
Q,CP_MEUR,SCA,B1GQ,RO,1986-Q2,
Q,CP_MEUR,SCA,B1GQ,RO,1986-Q3,
Q,CP_MEUR,SCA,B1GQ,RO,1986-Q4,
Q,CP_MEUR,SCA,B1GQ,RO,1987-Q1,
Q,CP_MEUR,SCA,B1GQ,RO,1987-Q2,
Q,CP_MEUR,SCA,B1GQ,RO,1987-Q3,
Q,CP_MEUR,SCA,B1GQ,RO,1987-Q4,
Q,CP_MEUR,SCA,B1GQ,RO,1988-Q1,
Q,CP_MEUR,SCA,B1GQ,RO,1988-Q2,
Q,CP_MEUR,SCA,B1GQ,RO,1988-Q3,
Q,CP_MEUR,SCA,B1GQ,RO,1988-Q4,
Q,CP_MEUR,SCA,B1GQ,RO,1989-Q1,
Q,CP_MEUR,SCA,B1GQ,RO,1989-Q2,
Q,CP_MEUR,SCA,B1GQ,RO,1989-Q3,
Q,CP_MEUR,SCA,B1GQ,RO,1989-Q4,
Q,CP_MEUR,SCA,B1GQ,RO,1990-Q1,
Q,CP_MEUR,SCA,B1GQ,RO,1990-Q2,
Q,CP_MEUR,SCA,B1GQ,RO,1990-Q3,
Q,CP_MEUR,SCA,B1GQ,RO,1990-Q4,
Q,CP_MEUR,SCA,B1GQ,RO,1991-Q1,
Q,CP_MEUR,SCA,B1GQ,RO,1991-Q2,
Q,CP_MEUR,SCA,B1GQ,RO,1991-Q3,
Q,CP_MEUR,SCA,B1GQ,RO,1991-Q4,
Q,CP_MEUR,SCA,B1GQ,RO,1992-Q1,
Q,CP_MEUR,SCA,B1GQ,RO,1992-Q2,
Q,CP_MEUR,SCA,B1GQ,RO,1992-Q3,
Q,CP_MEUR,SCA,B1GQ,RO,1992-Q4,
Q,CP_MEUR,SCA,B1GQ,RO,1993-Q1,
Q,CP_MEUR,SCA,B1GQ,RO,1993-Q2,
Q,CP_MEUR,SCA,B1GQ,RO,1993-Q3,
Q,CP_MEUR,SCA,B1GQ,RO,1993-Q4,
Q,CP_MEUR,SCA,B1GQ,RO,1994-Q1,
Q,CP_MEUR,SCA,B1GQ,RO,1994-Q2,
Q,CP_MEUR,SCA,B1GQ,RO,1994-Q3,
Q,CP_MEUR,SCA,B1GQ,RO,1994-Q4,
Q,CP_MEUR,SCA,B1GQ,RO,1995-Q1,7647.8
Q,CP_MEUR,SCA,B1GQ,RO,1995-Q2,7258.6
Q,CP_MEUR,SCA,B1GQ,RO,1995-Q3,7215.6
Q,CP_MEUR,SCA,B1GQ,RO,1995-Q4,6624.6
Q,CP_MEUR,SCA,B1GQ,RO,1996-Q1,6918.7
Q,CP_MEUR,SCA,B1GQ,RO,1996-Q2,7128.3
Q,CP_MEUR,SCA,B1GQ,RO,1996-Q3,7533.5
Q,CP_MEUR,SCA,B1GQ,RO,1996-Q4,7416
Q,CP_MEUR,SCA,B1GQ,RO,1997-Q1,6886.4
Q,CP_MEUR,SCA,B1GQ,RO,1997-Q2,7228
Q,CP_MEUR,SCA,B1GQ,RO,1997-Q3,8507.5
Q,CP_MEUR,SCA,B1GQ,RO,1997-Q4,8693.9
Q,CP_MEUR,SCA,B1GQ,RO,1998-Q1,9221.1
Q,CP_MEUR,SCA,B1GQ,RO,1998-Q2,9509.6
Q,CP_MEUR,SCA,B1GQ,RO,1998-Q3,9661.3
Q,CP_MEUR,SCA,B1GQ,RO,1998-Q4,8835.2
Q,CP_MEUR,SCA,B1GQ,RO,1999-Q1,8077.2
Q,CP_MEUR,SCA,B1GQ,RO,1999-Q2,8293.9
Q,CP_MEUR,SCA,B1GQ,RO,1999-Q3,8480.8
Q,CP_MEUR,SCA,B1GQ,RO,1999-Q4,8822.2
Q,CP_MEUR,SCA,B1GQ,RO,2000-Q1,9626.2
Q,CP_MEUR,SCA,B1GQ,RO,2000-Q2,10156.9
Q,CP_MEUR,SCA,B1GQ,RO,2000-Q3,10229.9
Q,CP_MEUR,SCA,B1GQ,RO,2000-Q4,10502.5
Q,CP_MEUR,SCA,B1GQ,RO,2001-Q1,10477.1
Q,CP_MEUR,SCA,B1GQ,RO,2001-Q2,11511.1
Q,CP_MEUR,SCA,B1GQ,RO,2001-Q3,11499
Q,CP_MEUR,SCA,B1GQ,RO,2001-Q4,11604.7
Q,CP_MEUR,SCA,B1GQ,RO,2002-Q1,12032.1
Q,CP_MEUR,SCA,B1GQ,RO,2002-Q2,12245
Q,CP_MEUR,SCA,B1GQ,RO,2002-Q3,12042.1
Q,CP_MEUR,SCA,B1GQ,RO,2002-Q4,12408.6
Q,CP_MEUR,SCA,B1GQ,RO,2003-Q1,12111.3
Q,CP_MEUR,SCA,B1GQ,RO,2003-Q2,12414.8
Q,CP_MEUR,SCA,B1GQ,RO,2003-Q3,13400.8
Q,CP_MEUR,SCA,B1GQ,RO,2003-Q4,13138.1
Q,CP_MEUR,SCA,B1GQ,RO,2004-Q1,13608.7
Q,CP_MEUR,SCA,B1GQ,RO,2004-Q2,14534.8
Q,CP_MEUR,SCA,B1GQ,RO,2004-Q3,15500.4
Q,CP_MEUR,SCA,B1GQ,RO,2004-Q4,16782.2
Q,CP_MEUR,SCA,B1GQ,RO,2005-Q1,18485.1
Q,CP_MEUR,SCA,B1GQ,RO,2005-Q2,18778
Q,CP_MEUR,SCA,B1GQ,RO,2005-Q3,20823
Q,CP_MEUR,SCA,B1GQ,RO,2005-Q4,21158.1
Q,CP_MEUR,SCA,B1GQ,RO,2006-Q1,22497.9
Q,CP_MEUR,SCA,B1GQ,RO,2006-Q2,23820.8
Q,CP_MEUR,SCA,B1GQ,RO,2006-Q3,24630.7
Q,CP_MEUR,SCA,B1GQ,RO,2006-Q4,26320.7
Q,CP_MEUR,SCA,B1GQ,RO,2007-Q1,28906.1
Q,CP_MEUR,SCA,B1GQ,RO,2007-Q2,31570.6
Q,CP_MEUR,SCA,B1GQ,RO,2007-Q3,33270.2
Q,CP_MEUR,SCA,B1GQ,RO,2007-Q4,33896.1
Q,CP_MEUR,SCA,B1GQ,RO,2008-Q1,33920.9
Q,CP_MEUR,SCA,B1GQ,RO,2008-Q2,36294.4
Q,CP_MEUR,SCA,B1GQ,RO,2008-Q3,38926.1
Q,CP_MEUR,SCA,B1GQ,RO,2008-Q4,37449.4
Q,CP_MEUR,SCA,B1GQ,RO,2009-Q1,29451.2
Q,CP_MEUR,SCA,B1GQ,RO,2009-Q2,31375.5
Q,CP_MEUR,SCA,B1GQ,RO,2009-Q3,31322.5
Q,CP_MEUR,SCA,B1GQ,RO,2009-Q4,33078
Q,CP_MEUR,SCA,B1GQ,RO,2010-Q1,31280.6
Q,CP_MEUR,SCA,B1GQ,RO,2010-Q2,32163
Q,CP_MEUR,SCA,B1GQ,RO,2010-Q3,32286.5
Q,CP_MEUR,SCA,B1GQ,RO,2010-Q4,32589.7
Q,CP_MEUR,SCA,B1GQ,RO,2011-Q1,34397.7
Q,CP_MEUR,SCA,B1GQ,RO,2011-Q2,34987.3
Q,CP_MEUR,SCA,B1GQ,RO,2011-Q3,34850.2
Q,CP_MEUR,SCA,B1GQ,RO,2011-Q4,34324.6
Q,CP_MEUR,SCA,B1GQ,RO,2012-Q1,34567.8
Q,CP_MEUR,SCA,B1GQ,RO,2012-Q2,35181.6
Q,CP_MEUR,SCA,B1GQ,RO,2012-Q3,34505
Q,CP_MEUR,SCA,B1GQ,RO,2012-Q4,35053.1
Q,CP_MEUR,SCA,B1GQ,RO,2013-Q1,34834.9
Q,CP_MEUR,SCA,B1GQ,RO,2013-Q2,35573.6
Q,CP_MEUR,SCA,B1GQ,RO,2013-Q3,35971.9
Q,CP_MEUR,SCA,B1GQ,RO,2013-Q4,36557.9
Q,CP_MEUR,SCA,B1GQ,RO,2014-Q1,36330.5
Q,CP_MEUR,SCA,B1GQ,RO,2014-Q2,37574.1
Q,CP_MEUR,SCA,B1GQ,RO,2014-Q3,38187.3
Q,CP_MEUR,SCA,B1GQ,RO,2014-Q4,38448.4
Q,CP_MEUR,SCA,B1GQ,RO,2015-Q1,39486.6
Q,CP_MEUR,SCA,B1GQ,RO,2015-Q2,38995.9
Q,CP_MEUR,SCA,B1GQ,RO,2015-Q3,40725.5
Q,CP_MEUR,SCA,B1GQ,RO,2015-Q4,41076.6
Q,CP_MEUR,SCA,B1GQ,RO,2016-Q1,40472.1
Q,CP_MEUR,SCA,B1GQ,RO,2016-Q2,41735.9
Q,CP_MEUR,SCA,B1GQ,RO,2016-Q3,42232.5
Q,CP_MEUR,SCA,B1GQ,RO,2016-Q4,43046.8
Q,CP_MEUR,SCA,B1GQ,RO,2017-Q1,45275
Q,CP_MEUR,SCA,B1GQ,RO,2017-Q2,45723.2
Q,CP_MEUR,SCA,B1GQ,RO,2017-Q3,47571.5
Q,CP_MEUR,SCA,B1GQ,RO,2017-Q4,47788.8
Q,CP_MEUR,SCA,B1GQ,RO,2018-Q1,48811.1
Q,CP_MEUR,SCA,B1GQ,RO,2018-Q2,50664.4
Q,CP_MEUR,SCA,B1GQ,RO,2018-Q3,52194.3
Q,CP_MEUR,SCA,B1GQ,RO,2018-Q4,53109.1
Q,CP_MEUR,SCA,B1GQ,RO,2019-Q1,53355.2
Q,CP_MEUR,SCA,B1GQ,RO,2019-Q2,55395.4
Q,CP_MEUR,SCA,B1GQ,RO,2019-Q3,56839.6
Q,CP_MEUR,SCA,B1GQ,RO,2019-Q4,57733.9
Q,CP_MEUR,SCA,B1GQ,RO,2020-Q1,56495.7
Q,CP_MEUR,SCA,B1GQ,RO,2020-Q2,49654.8
Q,CP_MEUR,SCA,B1GQ,RO,2020-Q3,55477.8
Q,CP_MEUR,SCA,B1GQ,RO,2020-Q4,58210.8
Q,CP_MEUR,SCA,B1GQ,RO,2021-Q1,58139.6
Q,CP_MEUR,SCA,B1GQ,RO,2021-Q2,58728.5
Q,CP_MEUR,SCA,B1GQ,RO,2021-Q3,61343
Q,CP_MEUR,SCA,B1GQ,RO,2021-Q4,62765.1
Q,CP_MEUR,SCA,B1GQ,RO,2022-Q1,66814.7
Q,CP_MEUR,SCA,B1GQ,RO,2022-Q2,69481.3
Q,CP_MEUR,SCA,B1GQ,RO,2022-Q3,71802.7
Q,CP_MEUR,SCA,B1GQ,RO,2022-Q4,72690.7
Q,CP_MEUR,SCA,B1GQ,RO,2023-Q1,78566.2
Q,CP_MEUR,SCA,B1GQ,RO,2023-Q2,78666.2
Q,CP_MEUR,SCA,B1GQ,RO,2023-Q3,80605.6
Q,CP_MEUR,SCA,B1GQ,RO,2023-Q4,83700.7
Q,CP_MEUR,SCA,B1GQ,RO,2024-Q1,85901.1
Q,CP_MEUR,SCA,B1GQ,RO,2024-Q2,88241.2
Q,CP_MEUR,SCA,B1GQ,RO,2024-Q3,88964.6
Q,CP_MEUR,SCA,B1GQ,RO,2024-Q4,90523.7
Q,CP_MEUR,SCA,B1GQ,RO,2025-Q1,93145.1
Q,CP_MEUR,SCA,B1GQ,RO,2025-Q2,93450.2
Q,CP_MEUR,SCA,B1GQ,RO,2025-Q3,96209.5
Q,CP_MEUR,SCA,B1GQ,RO,2025-Q4,97242.1
Q,CP_MEUR,SCA,B1GQ,RO,2026-Q1,98535.9
Q,CP_MEUR,SCA,B1GQ,RO,2026-Q2,100367.7
Q,CP_MEUR,SCA,B1GQ,SI,1978-Q1,
Q,CP_MEUR,SCA,B1GQ,SI,1978-Q2,
Q,CP_MEUR,SCA,B1GQ,SI,1978-Q3,
Q,CP_MEUR,SCA,B1GQ,SI,1978-Q4,
Q,CP_MEUR,SCA,B1GQ,SI,1979-Q1,
Q,CP_MEUR,SCA,B1GQ,SI,1979-Q2,
Q,CP_MEUR,SCA,B1GQ,SI,1979-Q3,
Q,CP_MEUR,SCA,B1GQ,SI,1979-Q4,
Q,CP_MEUR,SCA,B1GQ,SI,1980-Q1,
Q,CP_MEUR,SCA,B1GQ,SI,1980-Q2,
Q,CP_MEUR,SCA,B1GQ,SI,1980-Q3,
Q,CP_MEUR,SCA,B1GQ,SI,1980-Q4,
Q,CP_MEUR,SCA,B1GQ,SI,1981-Q1,
Q,CP_MEUR,SCA,B1GQ,SI,1981-Q2,
Q,CP_MEUR,SCA,B1GQ,SI,1981-Q3,
Q,CP_MEUR,SCA,B1GQ,SI,1981-Q4,
Q,CP_MEUR,SCA,B1GQ,SI,1982-Q1,
Q,CP_MEUR,SCA,B1GQ,SI,1982-Q2,
Q,CP_MEUR,SCA,B1GQ,SI,1982-Q3,
Q,CP_MEUR,SCA,B1GQ,SI,1982-Q4,
Q,CP_MEUR,SCA,B1GQ,SI,1983-Q1,
Q,CP_MEUR,SCA,B1GQ,SI,1983-Q2,
Q,CP_MEUR,SCA,B1GQ,SI,1983-Q3,
Q,CP_MEUR,SCA,B1GQ,SI,1983-Q4,
Q,CP_MEUR,SCA,B1GQ,SI,1984-Q1,
Q,CP_MEUR,SCA,B1GQ,SI,1984-Q2,
Q,CP_MEUR,SCA,B1GQ,SI,1984-Q3,
Q,CP_MEUR,SCA,B1GQ,SI,1984-Q4,
Q,CP_MEUR,SCA,B1GQ,SI,1985-Q1,
Q,CP_MEUR,SCA,B1GQ,SI,1985-Q2,
Q,CP_MEUR,SCA,B1GQ,SI,1985-Q3,
Q,CP_MEUR,SCA,B1GQ,SI,1985-Q4,
Q,CP_MEUR,SCA,B1GQ,SI,1986-Q1,
Q,CP_MEUR,SCA,B1GQ,SI,1986-Q2,
Q,CP_MEUR,SCA,B1GQ,SI,1986-Q3,
Q,CP_MEUR,SCA,B1GQ,SI,1986-Q4,
Q,CP_MEUR,SCA,B1GQ,SI,1987-Q1,
Q,CP_MEUR,SCA,B1GQ,SI,1987-Q2,
Q,CP_MEUR,SCA,B1GQ,SI,1987-Q3,
Q,CP_MEUR,SCA,B1GQ,SI,1987-Q4,
Q,CP_MEUR,SCA,B1GQ,SI,1988-Q1,
Q,CP_MEUR,SCA,B1GQ,SI,1988-Q2,
Q,CP_MEUR,SCA,B1GQ,SI,1988-Q3,
Q,CP_MEUR,SCA,B1GQ,SI,1988-Q4,
Q,CP_MEUR,SCA,B1GQ,SI,1989-Q1,
Q,CP_MEUR,SCA,B1GQ,SI,1989-Q2,
Q,CP_MEUR,SCA,B1GQ,SI,1989-Q3,
Q,CP_MEUR,SCA,B1GQ,SI,1989-Q4,
Q,CP_MEUR,SCA,B1GQ,SI,1990-Q1,
Q,CP_MEUR,SCA,B1GQ,SI,1990-Q2,
Q,CP_MEUR,SCA,B1GQ,SI,1990-Q3,
Q,CP_MEUR,SCA,B1GQ,SI,1990-Q4,
Q,CP_MEUR,SCA,B1GQ,SI,1991-Q1,
Q,CP_MEUR,SCA,B1GQ,SI,1991-Q2,
Q,CP_MEUR,SCA,B1GQ,SI,1991-Q3,
Q,CP_MEUR,SCA,B1GQ,SI,1991-Q4,
Q,CP_MEUR,SCA,B1GQ,SI,1992-Q1,
Q,CP_MEUR,SCA,B1GQ,SI,1992-Q2,
Q,CP_MEUR,SCA,B1GQ,SI,1992-Q3,
Q,CP_MEUR,SCA,B1GQ,SI,1992-Q4,
Q,CP_MEUR,SCA,B1GQ,SI,1993-Q1,
Q,CP_MEUR,SCA,B1GQ,SI,1993-Q2,
Q,CP_MEUR,SCA,B1GQ,SI,1993-Q3,
Q,CP_MEUR,SCA,B1GQ,SI,1993-Q4,
Q,CP_MEUR,SCA,B1GQ,SI,1994-Q1,
Q,CP_MEUR,SCA,B1GQ,SI,1994-Q2,
Q,CP_MEUR,SCA,B1GQ,SI,1994-Q3,
Q,CP_MEUR,SCA,B1GQ,SI,1994-Q4,
Q,CP_MEUR,SCA,B1GQ,SI,1995-Q1,3921.5
Q,CP_MEUR,SCA,B1GQ,SI,1995-Q2,4112
Q,CP_MEUR,SCA,B1GQ,SI,1995-Q3,4203.8
Q,CP_MEUR,SCA,B1GQ,SI,1995-Q4,4160.3
Q,CP_MEUR,SCA,B1GQ,SI,1996-Q1,4077.1
Q,CP_MEUR,SCA,B1GQ,SI,1996-Q2,4154.2
Q,CP_MEUR,SCA,B1GQ,SI,1996-Q3,4342.5
Q,CP_MEUR,SCA,B1GQ,SI,1996-Q4,4366.4
Q,CP_MEUR,SCA,B1GQ,SI,1997-Q1,4435.7
Q,CP_MEUR,SCA,B1GQ,SI,1997-Q2,4590
Q,CP_MEUR,SCA,B1GQ,SI,1997-Q3,4609.3
Q,CP_MEUR,SCA,B1GQ,SI,1997-Q4,4645.7
Q,CP_MEUR,SCA,B1GQ,SI,1998-Q1,4731.1
Q,CP_MEUR,SCA,B1GQ,SI,1998-Q2,4859.9
Q,CP_MEUR,SCA,B1GQ,SI,1998-Q3,4988.1
Q,CP_MEUR,SCA,B1GQ,SI,1998-Q4,5079
Q,CP_MEUR,SCA,B1GQ,SI,1999-Q1,5168.2
Q,CP_MEUR,SCA,B1GQ,SI,1999-Q2,5221.3
Q,CP_MEUR,SCA,B1GQ,SI,1999-Q3,5228
Q,CP_MEUR,SCA,B1GQ,SI,1999-Q4,5364.7
Q,CP_MEUR,SCA,B1GQ,SI,2000-Q1,5363.8
Q,CP_MEUR,SCA,B1GQ,SI,2000-Q2,5387.3
Q,CP_MEUR,SCA,B1GQ,SI,2000-Q3,5471.8
Q,CP_MEUR,SCA,B1GQ,SI,2000-Q4,5550.9
Q,CP_MEUR,SCA,B1GQ,SI,2001-Q1,5604.6
Q,CP_MEUR,SCA,B1GQ,SI,2001-Q2,5722.7
Q,CP_MEUR,SCA,B1GQ,SI,2001-Q3,5831.1
Q,CP_MEUR,SCA,B1GQ,SI,2001-Q4,5948.3
Q,CP_MEUR,SCA,B1GQ,SI,2002-Q1,6095.9
Q,CP_MEUR,SCA,B1GQ,SI,2002-Q2,6119
Q,CP_MEUR,SCA,B1GQ,SI,2002-Q3,6194
Q,CP_MEUR,SCA,B1GQ,SI,2002-Q4,6312.5
Q,CP_MEUR,SCA,B1GQ,SI,2003-Q1,6353
Q,CP_MEUR,SCA,B1GQ,SI,2003-Q2,6457.3
Q,CP_MEUR,SCA,B1GQ,SI,2003-Q3,6546.6
Q,CP_MEUR,SCA,B1GQ,SI,2003-Q4,6615
Q,CP_MEUR,SCA,B1GQ,SI,2004-Q1,6721.5
Q,CP_MEUR,SCA,B1GQ,SI,2004-Q2,6758
Q,CP_MEUR,SCA,B1GQ,SI,2004-Q3,6862.9
Q,CP_MEUR,SCA,B1GQ,SI,2004-Q4,6932.6
Q,CP_MEUR,SCA,B1GQ,SI,2005-Q1,7016.7
Q,CP_MEUR,SCA,B1GQ,SI,2005-Q2,7169.1
Q,CP_MEUR,SCA,B1GQ,SI,2005-Q3,7238.8
Q,CP_MEUR,SCA,B1GQ,SI,2005-Q4,7413.7
Q,CP_MEUR,SCA,B1GQ,SI,2006-Q1,7532.7
Q,CP_MEUR,SCA,B1GQ,SI,2006-Q2,7730.1
Q,CP_MEUR,SCA,B1GQ,SI,2006-Q3,7944.1
Q,CP_MEUR,SCA,B1GQ,SI,2006-Q4,8198.6
Q,CP_MEUR,SCA,B1GQ,SI,2007-Q1,8431.2
Q,CP_MEUR,SCA,B1GQ,SI,2007-Q2,8667.6
Q,CP_MEUR,SCA,B1GQ,SI,2007-Q3,8913.8
Q,CP_MEUR,SCA,B1GQ,SI,2007-Q4,9112.8
Q,CP_MEUR,SCA,B1GQ,SI,2008-Q1,9315.7
Q,CP_MEUR,SCA,B1GQ,SI,2008-Q2,9441.3
Q,CP_MEUR,SCA,B1GQ,SI,2008-Q3,9529
Q,CP_MEUR,SCA,B1GQ,SI,2008-Q4,9464.9
Q,CP_MEUR,SCA,B1GQ,SI,2009-Q1,8955.2
Q,CP_MEUR,SCA,B1GQ,SI,2009-Q2,8911.6
Q,CP_MEUR,SCA,B1GQ,SI,2009-Q3,8875.7
Q,CP_MEUR,SCA,B1GQ,SI,2009-Q4,8929.3
Q,CP_MEUR,SCA,B1GQ,SI,2010-Q1,8858.6
Q,CP_MEUR,SCA,B1GQ,SI,2010-Q2,8973.3
Q,CP_MEUR,SCA,B1GQ,SI,2010-Q3,9005.6
Q,CP_MEUR,SCA,B1GQ,SI,2010-Q4,9046.6
Q,CP_MEUR,SCA,B1GQ,SI,2011-Q1,9256.6
Q,CP_MEUR,SCA,B1GQ,SI,2011-Q2,9191.3
Q,CP_MEUR,SCA,B1GQ,SI,2011-Q3,9169.5
Q,CP_MEUR,SCA,B1GQ,SI,2011-Q4,9183.1
Q,CP_MEUR,SCA,B1GQ,SI,2012-Q1,9096.4
Q,CP_MEUR,SCA,B1GQ,SI,2012-Q2,8992.1
Q,CP_MEUR,SCA,B1GQ,SI,2012-Q3,8965.3
Q,CP_MEUR,SCA,B1GQ,SI,2012-Q4,8865.6
Q,CP_MEUR,SCA,B1GQ,SI,2013-Q1,8939
Q,CP_MEUR,SCA,B1GQ,SI,2013-Q2,9006
Q,CP_MEUR,SCA,B1GQ,SI,2013-Q3,9052.6
Q,CP_MEUR,SCA,B1GQ,SI,2013-Q4,9137.5
Q,CP_MEUR,SCA,B1GQ,SI,2014-Q1,9231.4
Q,CP_MEUR,SCA,B1GQ,SI,2014-Q2,9356.2
Q,CP_MEUR,SCA,B1GQ,SI,2014-Q3,9398.4
Q,CP_MEUR,SCA,B1GQ,SI,2014-Q4,9313.6
Q,CP_MEUR,SCA,B1GQ,SI,2015-Q1,9523.1
Q,CP_MEUR,SCA,B1GQ,SI,2015-Q2,9569.8
Q,CP_MEUR,SCA,B1GQ,SI,2015-Q3,9636.8
Q,CP_MEUR,SCA,B1GQ,SI,2015-Q4,9687.2
Q,CP_MEUR,SCA,B1GQ,SI,2016-Q1,9758.2
Q,CP_MEUR,SCA,B1GQ,SI,2016-Q2,9893.5
Q,CP_MEUR,SCA,B1GQ,SI,2016-Q3,10045.9
Q,CP_MEUR,SCA,B1GQ,SI,2016-Q4,10190.8
Q,CP_MEUR,SCA,B1GQ,SI,2017-Q1,10391.7
Q,CP_MEUR,SCA,B1GQ,SI,2017-Q2,10549
Q,CP_MEUR,SCA,B1GQ,SI,2017-Q3,10727.8
Q,CP_MEUR,SCA,B1GQ,SI,2017-Q4,11073.4
Q,CP_MEUR,SCA,B1GQ,SI,2018-Q1,11139.4
Q,CP_MEUR,SCA,B1GQ,SI,2018-Q2,11233.2
Q,CP_MEUR,SCA,B1GQ,SI,2018-Q3,11538.4
Q,CP_MEUR,SCA,B1GQ,SI,2018-Q4,11715.2
Q,CP_MEUR,SCA,B1GQ,SI,2019-Q1,11913.9
Q,CP_MEUR,SCA,B1GQ,SI,2019-Q2,11833.7
Q,CP_MEUR,SCA,B1GQ,SI,2019-Q3,12183.6
Q,CP_MEUR,SCA,B1GQ,SI,2019-Q4,12359.8
Q,CP_MEUR,SCA,B1GQ,SI,2020-Q1,11816.1
Q,CP_MEUR,SCA,B1GQ,SI,2020-Q2,10716.4
Q,CP_MEUR,SCA,B1GQ,SI,2020-Q3,11934
Q,CP_MEUR,SCA,B1GQ,SI,2020-Q4,11994.9
Q,CP_MEUR,SCA,B1GQ,SI,2021-Q1,12368.2
Q,CP_MEUR,SCA,B1GQ,SI,2021-Q2,12762.1
Q,CP_MEUR,SCA,B1GQ,SI,2021-Q3,13169.7
Q,CP_MEUR,SCA,B1GQ,SI,2021-Q4,13551.6
Q,CP_MEUR,SCA,B1GQ,SI,2022-Q1,13508.1
Q,CP_MEUR,SCA,B1GQ,SI,2022-Q2,14026.7
Q,CP_MEUR,SCA,B1GQ,SI,2022-Q3,14544.5
Q,CP_MEUR,SCA,B1GQ,SI,2022-Q4,14793
Q,CP_MEUR,SCA,B1GQ,SI,2023-Q1,15601.6
Q,CP_MEUR,SCA,B1GQ,SI,2023-Q2,16041.3
Q,CP_MEUR,SCA,B1GQ,SI,2023-Q3,16081.8
Q,CP_MEUR,SCA,B1GQ,SI,2023-Q4,16580.6
Q,CP_MEUR,SCA,B1GQ,SI,2024-Q1,16596
Q,CP_MEUR,SCA,B1GQ,SI,2024-Q2,16736.8
Q,CP_MEUR,SCA,B1GQ,SI,2024-Q3,16824.4
Q,CP_MEUR,SCA,B1GQ,SI,2024-Q4,17200.7
Q,CP_MEUR,SCA,B1GQ,SI,2025-Q1,17344.5
Q,CP_MEUR,SCA,B1GQ,SI,2025-Q2,17610.7
Q,CP_MEUR,SCA,B1GQ,SI,2025-Q3,17917.8
Q,CP_MEUR,SCA,B1GQ,SI,2025-Q4,18348.4
Q,CP_MEUR,SCA,B1GQ,SI,2026-Q1,18475.9
Q,CP_MEUR,SCA,B1GQ,SI,2026-Q2,19094.4
Q,CP_MEUR,SCA,B1GQ,SK,1978-Q1,
Q,CP_MEUR,SCA,B1GQ,SK,1978-Q2,
Q,CP_MEUR,SCA,B1GQ,SK,1978-Q3,
Q,CP_MEUR,SCA,B1GQ,SK,1978-Q4,
Q,CP_MEUR,SCA,B1GQ,SK,1979-Q1,
Q,CP_MEUR,SCA,B1GQ,SK,1979-Q2,
Q,CP_MEUR,SCA,B1GQ,SK,1979-Q3,
Q,CP_MEUR,SCA,B1GQ,SK,1979-Q4,
Q,CP_MEUR,SCA,B1GQ,SK,1980-Q1,
Q,CP_MEUR,SCA,B1GQ,SK,1980-Q2,
Q,CP_MEUR,SCA,B1GQ,SK,1980-Q3,
Q,CP_MEUR,SCA,B1GQ,SK,1980-Q4,
Q,CP_MEUR,SCA,B1GQ,SK,1981-Q1,
Q,CP_MEUR,SCA,B1GQ,SK,1981-Q2,
Q,CP_MEUR,SCA,B1GQ,SK,1981-Q3,
Q,CP_MEUR,SCA,B1GQ,SK,1981-Q4,
Q,CP_MEUR,SCA,B1GQ,SK,1982-Q1,
Q,CP_MEUR,SCA,B1GQ,SK,1982-Q2,
Q,CP_MEUR,SCA,B1GQ,SK,1982-Q3,
Q,CP_MEUR,SCA,B1GQ,SK,1982-Q4,
Q,CP_MEUR,SCA,B1GQ,SK,1983-Q1,
Q,CP_MEUR,SCA,B1GQ,SK,1983-Q2,
Q,CP_MEUR,SCA,B1GQ,SK,1983-Q3,
Q,CP_MEUR,SCA,B1GQ,SK,1983-Q4,
Q,CP_MEUR,SCA,B1GQ,SK,1984-Q1,
Q,CP_MEUR,SCA,B1GQ,SK,1984-Q2,
Q,CP_MEUR,SCA,B1GQ,SK,1984-Q3,
Q,CP_MEUR,SCA,B1GQ,SK,1984-Q4,
Q,CP_MEUR,SCA,B1GQ,SK,1985-Q1,
Q,CP_MEUR,SCA,B1GQ,SK,1985-Q2,
Q,CP_MEUR,SCA,B1GQ,SK,1985-Q3,
Q,CP_MEUR,SCA,B1GQ,SK,1985-Q4,
Q,CP_MEUR,SCA,B1GQ,SK,1986-Q1,
Q,CP_MEUR,SCA,B1GQ,SK,1986-Q2,
Q,CP_MEUR,SCA,B1GQ,SK,1986-Q3,
Q,CP_MEUR,SCA,B1GQ,SK,1986-Q4,
Q,CP_MEUR,SCA,B1GQ,SK,1987-Q1,
Q,CP_MEUR,SCA,B1GQ,SK,1987-Q2,
Q,CP_MEUR,SCA,B1GQ,SK,1987-Q3,
Q,CP_MEUR,SCA,B1GQ,SK,1987-Q4,
Q,CP_MEUR,SCA,B1GQ,SK,1988-Q1,
Q,CP_MEUR,SCA,B1GQ,SK,1988-Q2,
Q,CP_MEUR,SCA,B1GQ,SK,1988-Q3,
Q,CP_MEUR,SCA,B1GQ,SK,1988-Q4,
Q,CP_MEUR,SCA,B1GQ,SK,1989-Q1,
Q,CP_MEUR,SCA,B1GQ,SK,1989-Q2,
Q,CP_MEUR,SCA,B1GQ,SK,1989-Q3,
Q,CP_MEUR,SCA,B1GQ,SK,1989-Q4,
Q,CP_MEUR,SCA,B1GQ,SK,1990-Q1,
Q,CP_MEUR,SCA,B1GQ,SK,1990-Q2,
Q,CP_MEUR,SCA,B1GQ,SK,1990-Q3,
Q,CP_MEUR,SCA,B1GQ,SK,1990-Q4,
Q,CP_MEUR,SCA,B1GQ,SK,1991-Q1,
Q,CP_MEUR,SCA,B1GQ,SK,1991-Q2,
Q,CP_MEUR,SCA,B1GQ,SK,1991-Q3,
Q,CP_MEUR,SCA,B1GQ,SK,1991-Q4,
Q,CP_MEUR,SCA,B1GQ,SK,1992-Q1,
Q,CP_MEUR,SCA,B1GQ,SK,1992-Q2,
Q,CP_MEUR,SCA,B1GQ,SK,1992-Q3,
Q,CP_MEUR,SCA,B1GQ,SK,1992-Q4,
Q,CP_MEUR,SCA,B1GQ,SK,1993-Q1,
Q,CP_MEUR,SCA,B1GQ,SK,1993-Q2,
Q,CP_MEUR,SCA,B1GQ,SK,1993-Q3,
Q,CP_MEUR,SCA,B1GQ,SK,1993-Q4,
Q,CP_MEUR,SCA,B1GQ,SK,1994-Q1,
Q,CP_MEUR,SCA,B1GQ,SK,1994-Q2,
Q,CP_MEUR,SCA,B1GQ,SK,1994-Q3,
Q,CP_MEUR,SCA,B1GQ,SK,1994-Q4,
Q,CP_MEUR,SCA,B1GQ,SK,1995-Q1,3647.1
Q,CP_MEUR,SCA,B1GQ,SK,1995-Q2,4114.1
Q,CP_MEUR,SCA,B1GQ,SK,1995-Q3,3817.2
Q,CP_MEUR,SCA,B1GQ,SK,1995-Q4,3933.1
Q,CP_MEUR,SCA,B1GQ,SK,1996-Q1,4132.6
Q,CP_MEUR,SCA,B1GQ,SK,1996-Q2,4261.4
Q,CP_MEUR,SCA,B1GQ,SK,1996-Q3,4357.6
Q,CP_MEUR,SCA,B1GQ,SK,1996-Q4,4468.5
Q,CP_MEUR,SCA,B1GQ,SK,1997-Q1,4642.6
Q,CP_MEUR,SCA,B1GQ,SK,1997-Q2,4809.6
Q,CP_MEUR,SCA,B1GQ,SK,1997-Q3,4993.8
Q,CP_MEUR,SCA,B1GQ,SK,1997-Q4,4982.3
Q,CP_MEUR,SCA,B1GQ,SK,1998-Q1,5101.8
Q,CP_MEUR,SCA,B1GQ,SK,1998-Q2,5216.3
Q,CP_MEUR,SCA,B1GQ,SK,1998-Q3,5194.1
Q,CP_MEUR,SCA,B1GQ,SK,1998-Q4,4938.8
Q,CP_MEUR,SCA,B1GQ,SK,1999-Q1,4863.9
Q,CP_MEUR,SCA,B1GQ,SK,1999-Q2,4731.2
Q,CP_MEUR,SCA,B1GQ,SK,1999-Q3,4881.8
Q,CP_MEUR,SCA,B1GQ,SK,1999-Q4,5071.2
Q,CP_MEUR,SCA,B1GQ,SK,2000-Q1,5419.7
Q,CP_MEUR,SCA,B1GQ,SK,2000-Q2,5545.3
Q,CP_MEUR,SCA,B1GQ,SK,2000-Q3,5661
Q,CP_MEUR,SCA,B1GQ,SK,2000-Q4,5736.3
Q,CP_MEUR,SCA,B1GQ,SK,2001-Q1,5738.8
Q,CP_MEUR,SCA,B1GQ,SK,2001-Q2,5967.4
Q,CP_MEUR,SCA,B1GQ,SK,2001-Q3,6024.9
Q,CP_MEUR,SCA,B1GQ,SK,2001-Q4,6141.1
Q,CP_MEUR,SCA,B1GQ,SK,2002-Q1,6423.7
Q,CP_MEUR,SCA,B1GQ,SK,2002-Q2,6415.5
Q,CP_MEUR,SCA,B1GQ,SK,2002-Q3,6510.7
Q,CP_MEUR,SCA,B1GQ,SK,2002-Q4,6967.9
Q,CP_MEUR,SCA,B1GQ,SK,2003-Q1,7104.8
Q,CP_MEUR,SCA,B1GQ,SK,2003-Q2,7460
Q,CP_MEUR,SCA,B1GQ,SK,2003-Q3,7508.1
Q,CP_MEUR,SCA,B1GQ,SK,2003-Q4,7858.6
Q,CP_MEUR,SCA,B1GQ,SK,2004-Q1,8281.4
Q,CP_MEUR,SCA,B1GQ,SK,2004-Q2,8466.6
Q,CP_MEUR,SCA,B1GQ,SK,2004-Q3,8771.9
Q,CP_MEUR,SCA,B1GQ,SK,2004-Q4,9111.3
Q,CP_MEUR,SCA,B1GQ,SK,2005-Q1,9538.5
Q,CP_MEUR,SCA,B1GQ,SK,2005-Q2,9624.2
Q,CP_MEUR,SCA,B1GQ,SK,2005-Q3,9902.5
Q,CP_MEUR,SCA,B1GQ,SK,2005-Q4,10179.1
Q,CP_MEUR,SCA,B1GQ,SK,2006-Q1,10749.6
Q,CP_MEUR,SCA,B1GQ,SK,2006-Q2,11123.3
Q,CP_MEUR,SCA,B1GQ,SK,2006-Q3,11363.6
Q,CP_MEUR,SCA,B1GQ,SK,2006-Q4,12404.4
Q,CP_MEUR,SCA,B1GQ,SK,2007-Q1,13273.2
Q,CP_MEUR,SCA,B1GQ,SK,2007-Q2,13847.1
Q,CP_MEUR,SCA,B1GQ,SK,2007-Q3,14379.7
Q,CP_MEUR,SCA,B1GQ,SK,2007-Q4,14877.9
Q,CP_MEUR,SCA,B1GQ,SK,2008-Q1,15410.4
Q,CP_MEUR,SCA,B1GQ,SK,2008-Q2,16449.3
Q,CP_MEUR,SCA,B1GQ,SK,2008-Q3,17161.1
Q,CP_MEUR,SCA,B1GQ,SK,2008-Q4,17100
Q,CP_MEUR,SCA,B1GQ,SK,2009-Q1,15690.4
Q,CP_MEUR,SCA,B1GQ,SK,2009-Q2,15839
Q,CP_MEUR,SCA,B1GQ,SK,2009-Q3,16082
Q,CP_MEUR,SCA,B1GQ,SK,2009-Q4,16443.7
Q,CP_MEUR,SCA,B1GQ,SK,2010-Q1,16792.5
Q,CP_MEUR,SCA,B1GQ,SK,2010-Q2,17048.8
Q,CP_MEUR,SCA,B1GQ,SK,2010-Q3,17378.9
Q,CP_MEUR,SCA,B1GQ,SK,2010-Q4,17506.6
Q,CP_MEUR,SCA,B1GQ,SK,2011-Q1,17603.5
Q,CP_MEUR,SCA,B1GQ,SK,2011-Q2,17861.9
Q,CP_MEUR,SCA,B1GQ,SK,2011-Q3,17958.5
Q,CP_MEUR,SCA,B1GQ,SK,2011-Q4,18205.7
Q,CP_MEUR,SCA,B1GQ,SK,2012-Q1,18312.9
Q,CP_MEUR,SCA,B1GQ,SK,2012-Q2,18390.4
Q,CP_MEUR,SCA,B1GQ,SK,2012-Q3,18505.9
Q,CP_MEUR,SCA,B1GQ,SK,2012-Q4,18518.4
Q,CP_MEUR,SCA,B1GQ,SK,2013-Q1,18551.8
Q,CP_MEUR,SCA,B1GQ,SK,2013-Q2,18624.4
Q,CP_MEUR,SCA,B1GQ,SK,2013-Q3,18683.6
Q,CP_MEUR,SCA,B1GQ,SK,2013-Q4,18782.9
Q,CP_MEUR,SCA,B1GQ,SK,2014-Q1,18899.6
Q,CP_MEUR,SCA,B1GQ,SK,2014-Q2,19035.9
Q,CP_MEUR,SCA,B1GQ,SK,2014-Q3,19232.9
Q,CP_MEUR,SCA,B1GQ,SK,2014-Q4,19393.9
Q,CP_MEUR,SCA,B1GQ,SK,2015-Q1,19787.8
Q,CP_MEUR,SCA,B1GQ,SK,2015-Q2,19994.7
Q,CP_MEUR,SCA,B1GQ,SK,2015-Q3,20220.6
Q,CP_MEUR,SCA,B1GQ,SK,2015-Q4,20373.2
Q,CP_MEUR,SCA,B1GQ,SK,2016-Q1,20274.5
Q,CP_MEUR,SCA,B1GQ,SK,2016-Q2,20354.2
Q,CP_MEUR,SCA,B1GQ,SK,2016-Q3,20396.7
Q,CP_MEUR,SCA,B1GQ,SK,2016-Q4,20596.2
Q,CP_MEUR,SCA,B1GQ,SK,2017-Q1,20811.2
Q,CP_MEUR,SCA,B1GQ,SK,2017-Q2,21071.6
Q,CP_MEUR,SCA,B1GQ,SK,2017-Q3,21354.5
Q,CP_MEUR,SCA,B1GQ,SK,2017-Q4,21723
Q,CP_MEUR,SCA,B1GQ,SK,2018-Q1,22031.2
Q,CP_MEUR,SCA,B1GQ,SK,2018-Q2,22443.6
Q,CP_MEUR,SCA,B1GQ,SK,2018-Q3,22828.3
Q,CP_MEUR,SCA,B1GQ,SK,2018-Q4,22972.7
Q,CP_MEUR,SCA,B1GQ,SK,2019-Q1,23347
Q,CP_MEUR,SCA,B1GQ,SK,2019-Q2,23524.7
Q,CP_MEUR,SCA,B1GQ,SK,2019-Q3,23693.6
Q,CP_MEUR,SCA,B1GQ,SK,2019-Q4,23982.1
Q,CP_MEUR,SCA,B1GQ,SK,2020-Q1,23792.2
Q,CP_MEUR,SCA,B1GQ,SK,2020-Q2,21901.3
Q,CP_MEUR,SCA,B1GQ,SK,2020-Q3,24165.2
Q,CP_MEUR,SCA,B1GQ,SK,2020-Q4,24461.8
Q,CP_MEUR,SCA,B1GQ,SK,2021-Q1,24747.2
Q,CP_MEUR,SCA,B1GQ,SK,2021-Q2,25202
Q,CP_MEUR,SCA,B1GQ,SK,2021-Q3,25714
Q,CP_MEUR,SCA,B1GQ,SK,2021-Q4,26228.3
Q,CP_MEUR,SCA,B1GQ,SK,2022-Q1,26504.1
Q,CP_MEUR,SCA,B1GQ,SK,2022-Q2,27157.8
Q,CP_MEUR,SCA,B1GQ,SK,2022-Q3,27787.2
Q,CP_MEUR,SCA,B1GQ,SK,2022-Q4,28510.7
Q,CP_MEUR,SCA,B1GQ,SK,2023-Q1,29742.7
Q,CP_MEUR,SCA,B1GQ,SK,2023-Q2,30501.7
Q,CP_MEUR,SCA,B1GQ,SK,2023-Q3,31405.3
Q,CP_MEUR,SCA,B1GQ,SK,2023-Q4,31888.9
Q,CP_MEUR,SCA,B1GQ,SK,2024-Q1,32217.3
Q,CP_MEUR,SCA,B1GQ,SK,2024-Q2,32403.2
Q,CP_MEUR,SCA,B1GQ,SK,2024-Q3,32557.3
Q,CP_MEUR,SCA,B1GQ,SK,2024-Q4,33029.8
Q,CP_MEUR,SCA,B1GQ,SK,2025-Q1,33300.6
Q,CP_MEUR,SCA,B1GQ,SK,2025-Q2,34011.4
Q,CP_MEUR,SCA,B1GQ,SK,2025-Q3,34483.1
Q,CP_MEUR,SCA,B1GQ,SK,2025-Q4,34959.2
Q,CP_MEUR,SCA,B1GQ,SK,2026-Q1,35496.9
Q,CP_MEUR,SCA,B1GQ,SK,2026-Q2,35844.7
Q,CP_MEUR,SCA,B1GQ,FI,1978-Q1,
Q,CP_MEUR,SCA,B1GQ,FI,1978-Q2,
Q,CP_MEUR,SCA,B1GQ,FI,1978-Q3,
Q,CP_MEUR,SCA,B1GQ,FI,1978-Q4,
Q,CP_MEUR,SCA,B1GQ,FI,1979-Q1,
Q,CP_MEUR,SCA,B1GQ,FI,1979-Q2,
Q,CP_MEUR,SCA,B1GQ,FI,1979-Q3,
Q,CP_MEUR,SCA,B1GQ,FI,1979-Q4,
Q,CP_MEUR,SCA,B1GQ,FI,1980-Q1,
Q,CP_MEUR,SCA,B1GQ,FI,1980-Q2,
Q,CP_MEUR,SCA,B1GQ,FI,1980-Q3,
Q,CP_MEUR,SCA,B1GQ,FI,1980-Q4,
Q,CP_MEUR,SCA,B1GQ,FI,1981-Q1,
Q,CP_MEUR,SCA,B1GQ,FI,1981-Q2,
Q,CP_MEUR,SCA,B1GQ,FI,1981-Q3,
Q,CP_MEUR,SCA,B1GQ,FI,1981-Q4,
Q,CP_MEUR,SCA,B1GQ,FI,1982-Q1,
Q,CP_MEUR,SCA,B1GQ,FI,1982-Q2,
Q,CP_MEUR,SCA,B1GQ,FI,1982-Q3,
Q,CP_MEUR,SCA,B1GQ,FI,1982-Q4,
Q,CP_MEUR,SCA,B1GQ,FI,1983-Q1,
Q,CP_MEUR,SCA,B1GQ,FI,1983-Q2,
Q,CP_MEUR,SCA,B1GQ,FI,1983-Q3,
Q,CP_MEUR,SCA,B1GQ,FI,1983-Q4,
Q,CP_MEUR,SCA,B1GQ,FI,1984-Q1,
Q,CP_MEUR,SCA,B1GQ,FI,1984-Q2,
Q,CP_MEUR,SCA,B1GQ,FI,1984-Q3,
Q,CP_MEUR,SCA,B1GQ,FI,1984-Q4,
Q,CP_MEUR,SCA,B1GQ,FI,1985-Q1,
Q,CP_MEUR,SCA,B1GQ,FI,1985-Q2,
Q,CP_MEUR,SCA,B1GQ,FI,1985-Q3,
Q,CP_MEUR,SCA,B1GQ,FI,1985-Q4,
Q,CP_MEUR,SCA,B1GQ,FI,1986-Q1,
Q,CP_MEUR,SCA,B1GQ,FI,1986-Q2,
Q,CP_MEUR,SCA,B1GQ,FI,1986-Q3,
Q,CP_MEUR,SCA,B1GQ,FI,1986-Q4,
Q,CP_MEUR,SCA,B1GQ,FI,1987-Q1,
Q,CP_MEUR,SCA,B1GQ,FI,1987-Q2,
Q,CP_MEUR,SCA,B1GQ,FI,1987-Q3,
Q,CP_MEUR,SCA,B1GQ,FI,1987-Q4,
Q,CP_MEUR,SCA,B1GQ,FI,1988-Q1,
Q,CP_MEUR,SCA,B1GQ,FI,1988-Q2,
Q,CP_MEUR,SCA,B1GQ,FI,1988-Q3,
Q,CP_MEUR,SCA,B1GQ,FI,1988-Q4,
Q,CP_MEUR,SCA,B1GQ,FI,1989-Q1,
Q,CP_MEUR,SCA,B1GQ,FI,1989-Q2,
Q,CP_MEUR,SCA,B1GQ,FI,1989-Q3,
Q,CP_MEUR,SCA,B1GQ,FI,1989-Q4,
Q,CP_MEUR,SCA,B1GQ,FI,1990-Q1,28277.5
Q,CP_MEUR,SCA,B1GQ,FI,1990-Q2,28081.1
Q,CP_MEUR,SCA,B1GQ,FI,1990-Q3,27727.8
Q,CP_MEUR,SCA,B1GQ,FI,1990-Q4,27330.6
Q,CP_MEUR,SCA,B1GQ,FI,1991-Q1,26527.2
Q,CP_MEUR,SCA,B1GQ,FI,1991-Q2,26784.3
Q,CP_MEUR,SCA,B1GQ,FI,1991-Q3,25908.2
Q,CP_MEUR,SCA,B1GQ,FI,1991-Q4,24235.1
Q,CP_MEUR,SCA,B1GQ,FI,1992-Q1,22779.8
Q,CP_MEUR,SCA,B1GQ,FI,1992-Q2,22590.9
Q,CP_MEUR,SCA,B1GQ,FI,1992-Q3,21799
Q,CP_MEUR,SCA,B1GQ,FI,1992-Q4,19940
Q,CP_MEUR,SCA,B1GQ,FI,1993-Q1,18427.2
Q,CP_MEUR,SCA,B1GQ,FI,1993-Q2,18921.7
Q,CP_MEUR,SCA,B1GQ,FI,1993-Q3,19126.9
Q,CP_MEUR,SCA,B1GQ,FI,1993-Q4,19542.6
Q,CP_MEUR,SCA,B1GQ,FI,1994-Q1,20522.3
Q,CP_MEUR,SCA,B1GQ,FI,1994-Q2,20869.3
Q,CP_MEUR,SCA,B1GQ,FI,1994-Q3,21825.5
Q,CP_MEUR,SCA,B1GQ,FI,1994-Q4,23975.6
Q,CP_MEUR,SCA,B1GQ,FI,1995-Q1,24480.5
Q,CP_MEUR,SCA,B1GQ,FI,1995-Q2,25764.2
Q,CP_MEUR,SCA,B1GQ,FI,1995-Q3,26082.5
Q,CP_MEUR,SCA,B1GQ,FI,1995-Q4,26260.6
Q,CP_MEUR,SCA,B1GQ,FI,1996-Q1,25574.3
Q,CP_MEUR,SCA,B1GQ,FI,1996-Q2,25396.6
Q,CP_MEUR,SCA,B1GQ,FI,1996-Q3,26189
Q,CP_MEUR,SCA,B1GQ,FI,1996-Q4,26862.6
Q,CP_MEUR,SCA,B1GQ,FI,1997-Q1,27168.3
Q,CP_MEUR,SCA,B1GQ,FI,1997-Q2,27424.4
Q,CP_MEUR,SCA,B1GQ,FI,1997-Q3,28315.6
Q,CP_MEUR,SCA,B1GQ,FI,1997-Q4,29076.8
Q,CP_MEUR,SCA,B1GQ,FI,1998-Q1,29097.5
Q,CP_MEUR,SCA,B1GQ,FI,1998-Q2,29745.6
Q,CP_MEUR,SCA,B1GQ,FI,1998-Q3,30244.6
Q,CP_MEUR,SCA,B1GQ,FI,1998-Q4,30601.3
Q,CP_MEUR,SCA,B1GQ,FI,1999-Q1,31228
Q,CP_MEUR,SCA,B1GQ,FI,1999-Q2,31498
Q,CP_MEUR,SCA,B1GQ,FI,1999-Q3,31882
Q,CP_MEUR,SCA,B1GQ,FI,1999-Q4,32280
Q,CP_MEUR,SCA,B1GQ,FI,2000-Q1,33053
Q,CP_MEUR,SCA,B1GQ,FI,2000-Q2,33657
Q,CP_MEUR,SCA,B1GQ,FI,2000-Q3,34462
Q,CP_MEUR,SCA,B1GQ,FI,2000-Q4,35214
Q,CP_MEUR,SCA,B1GQ,FI,2001-Q1,35902
Q,CP_MEUR,SCA,B1GQ,FI,2001-Q2,36099
Q,CP_MEUR,SCA,B1GQ,FI,2001-Q3,36368
Q,CP_MEUR,SCA,B1GQ,FI,2001-Q4,36244
Q,CP_MEUR,SCA,B1GQ,FI,2002-Q1,36716
Q,CP_MEUR,SCA,B1GQ,FI,2002-Q2,37157
Q,CP_MEUR,SCA,B1GQ,FI,2002-Q3,37018
Q,CP_MEUR,SCA,B1GQ,FI,2002-Q4,37549
Q,CP_MEUR,SCA,B1GQ,FI,2003-Q1,37397
Q,CP_MEUR,SCA,B1GQ,FI,2003-Q2,37745
Q,CP_MEUR,SCA,B1GQ,FI,2003-Q3,38106
Q,CP_MEUR,SCA,B1GQ,FI,2003-Q4,38466
Q,CP_MEUR,SCA,B1GQ,FI,2004-Q1,39031
Q,CP_MEUR,SCA,B1GQ,FI,2004-Q2,39377
Q,CP_MEUR,SCA,B1GQ,FI,2004-Q3,39799
Q,CP_MEUR,SCA,B1GQ,FI,2004-Q4,40534
Q,CP_MEUR,SCA,B1GQ,FI,2005-Q1,41049
Q,CP_MEUR,SCA,B1GQ,FI,2005-Q2,40701
Q,CP_MEUR,SCA,B1GQ,FI,2005-Q3,41233
Q,CP_MEUR,SCA,B1GQ,FI,2005-Q4,41683
Q,CP_MEUR,SCA,B1GQ,FI,2006-Q1,42445
Q,CP_MEUR,SCA,B1GQ,FI,2006-Q2,42779
Q,CP_MEUR,SCA,B1GQ,FI,2006-Q3,43491
Q,CP_MEUR,SCA,B1GQ,FI,2006-Q4,44146
Q,CP_MEUR,SCA,B1GQ,FI,2007-Q1,45409
Q,CP_MEUR,SCA,B1GQ,FI,2007-Q2,46461
Q,CP_MEUR,SCA,B1GQ,FI,2007-Q3,47062
Q,CP_MEUR,SCA,B1GQ,FI,2007-Q4,48127
Q,CP_MEUR,SCA,B1GQ,FI,2008-Q1,48505
Q,CP_MEUR,SCA,B1GQ,FI,2008-Q2,48618
Q,CP_MEUR,SCA,B1GQ,FI,2008-Q3,49138
Q,CP_MEUR,SCA,B1GQ,FI,2008-Q4,47992
Q,CP_MEUR,SCA,B1GQ,FI,2009-Q1,45762
Q,CP_MEUR,SCA,B1GQ,FI,2009-Q2,45189
Q,CP_MEUR,SCA,B1GQ,FI,2009-Q3,45455
Q,CP_MEUR,SCA,B1GQ,FI,2009-Q4,45329
Q,CP_MEUR,SCA,B1GQ,FI,2010-Q1,45552
Q,CP_MEUR,SCA,B1GQ,FI,2010-Q2,47011
Q,CP_MEUR,SCA,B1GQ,FI,2010-Q3,47092
Q,CP_MEUR,SCA,B1GQ,FI,2010-Q4,48492
Q,CP_MEUR,SCA,B1GQ,FI,2011-Q1,48910
Q,CP_MEUR,SCA,B1GQ,FI,2011-Q2,49246
Q,CP_MEUR,SCA,B1GQ,FI,2011-Q3,49666
Q,CP_MEUR,SCA,B1GQ,FI,2011-Q4,49833
Q,CP_MEUR,SCA,B1GQ,FI,2012-Q1,50188
Q,CP_MEUR,SCA,B1GQ,FI,2012-Q2,49900
Q,CP_MEUR,SCA,B1GQ,FI,2012-Q3,50070
Q,CP_MEUR,SCA,B1GQ,FI,2012-Q4,50220
Q,CP_MEUR,SCA,B1GQ,FI,2013-Q1,50339
Q,CP_MEUR,SCA,B1GQ,FI,2013-Q2,50805
Q,CP_MEUR,SCA,B1GQ,FI,2013-Q3,51132
Q,CP_MEUR,SCA,B1GQ,FI,2013-Q4,51221
Q,CP_MEUR,SCA,B1GQ,FI,2014-Q1,51154
Q,CP_MEUR,SCA,B1GQ,FI,2014-Q2,51299
Q,CP_MEUR,SCA,B1GQ,FI,2014-Q3,51662
Q,CP_MEUR,SCA,B1GQ,FI,2014-Q4,51740
Q,CP_MEUR,SCA,B1GQ,FI,2015-Q1,51863
Q,CP_MEUR,SCA,B1GQ,FI,2015-Q2,52618
Q,CP_MEUR,SCA,B1GQ,FI,2015-Q3,52683
Q,CP_MEUR,SCA,B1GQ,FI,2015-Q4,53028
Q,CP_MEUR,SCA,B1GQ,FI,2016-Q1,53574
Q,CP_MEUR,SCA,B1GQ,FI,2016-Q2,53510
Q,CP_MEUR,SCA,B1GQ,FI,2016-Q3,54229
Q,CP_MEUR,SCA,B1GQ,FI,2016-Q4,54404
Q,CP_MEUR,SCA,B1GQ,FI,2017-Q1,55332
Q,CP_MEUR,SCA,B1GQ,FI,2017-Q2,55945
Q,CP_MEUR,SCA,B1GQ,FI,2017-Q3,56329
Q,CP_MEUR,SCA,B1GQ,FI,2017-Q4,57100
Q,CP_MEUR,SCA,B1GQ,FI,2018-Q1,57599
Q,CP_MEUR,SCA,B1GQ,FI,2018-Q2,57698
Q,CP_MEUR,SCA,B1GQ,FI,2018-Q3,58082
Q,CP_MEUR,SCA,B1GQ,FI,2018-Q4,58526
Q,CP_MEUR,SCA,B1GQ,FI,2019-Q1,59108
Q,CP_MEUR,SCA,B1GQ,FI,2019-Q2,59591
Q,CP_MEUR,SCA,B1GQ,FI,2019-Q3,59803
Q,CP_MEUR,SCA,B1GQ,FI,2019-Q4,60016
Q,CP_MEUR,SCA,B1GQ,FI,2020-Q1,60700
Q,CP_MEUR,SCA,B1GQ,FI,2020-Q2,56841
Q,CP_MEUR,SCA,B1GQ,FI,2020-Q3,59169
Q,CP_MEUR,SCA,B1GQ,FI,2020-Q4,59677
Q,CP_MEUR,SCA,B1GQ,FI,2021-Q1,59932
Q,CP_MEUR,SCA,B1GQ,FI,2021-Q2,61657
Q,CP_MEUR,SCA,B1GQ,FI,2021-Q3,62883
Q,CP_MEUR,SCA,B1GQ,FI,2021-Q4,64292
Q,CP_MEUR,SCA,B1GQ,FI,2022-Q1,64950
Q,CP_MEUR,SCA,B1GQ,FI,2022-Q2,66091
Q,CP_MEUR,SCA,B1GQ,FI,2022-Q3,67051
Q,CP_MEUR,SCA,B1GQ,FI,2022-Q4,67577
Q,CP_MEUR,SCA,B1GQ,FI,2023-Q1,67983
Q,CP_MEUR,SCA,B1GQ,FI,2023-Q2,68711
Q,CP_MEUR,SCA,B1GQ,FI,2023-Q3,68113
Q,CP_MEUR,SCA,B1GQ,FI,2023-Q4,67928
Q,CP_MEUR,SCA,B1GQ,FI,2024-Q1,68350
Q,CP_MEUR,SCA,B1GQ,FI,2024-Q2,68748
Q,CP_MEUR,SCA,B1GQ,FI,2024-Q3,69380
Q,CP_MEUR,SCA,B1GQ,FI,2024-Q4,69670
Q,CP_MEUR,SCA,B1GQ,FI,2025-Q1,69831
Q,CP_MEUR,SCA,B1GQ,FI,2025-Q2,70031
Q,CP_MEUR,SCA,B1GQ,FI,2025-Q3,70603
Q,CP_MEUR,SCA,B1GQ,FI,2025-Q4,71313
Q,CP_MEUR,SCA,B1GQ,FI,2026-Q1,72310
Q,CP_MEUR,SCA,B1GQ,FI,2026-Q2,73114
Q,CP_MEUR,SCA,B1GQ,SE,1978-Q1,
Q,CP_MEUR,SCA,B1GQ,SE,1978-Q2,
Q,CP_MEUR,SCA,B1GQ,SE,1978-Q3,
Q,CP_MEUR,SCA,B1GQ,SE,1978-Q4,
Q,CP_MEUR,SCA,B1GQ,SE,1979-Q1,
Q,CP_MEUR,SCA,B1GQ,SE,1979-Q2,
Q,CP_MEUR,SCA,B1GQ,SE,1979-Q3,
Q,CP_MEUR,SCA,B1GQ,SE,1979-Q4,
Q,CP_MEUR,SCA,B1GQ,SE,1980-Q1,
Q,CP_MEUR,SCA,B1GQ,SE,1980-Q2,
Q,CP_MEUR,SCA,B1GQ,SE,1980-Q3,
Q,CP_MEUR,SCA,B1GQ,SE,1980-Q4,
Q,CP_MEUR,SCA,B1GQ,SE,1981-Q1,
Q,CP_MEUR,SCA,B1GQ,SE,1981-Q2,
Q,CP_MEUR,SCA,B1GQ,SE,1981-Q3,
Q,CP_MEUR,SCA,B1GQ,SE,1981-Q4,
Q,CP_MEUR,SCA,B1GQ,SE,1982-Q1,
Q,CP_MEUR,SCA,B1GQ,SE,1982-Q2,
Q,CP_MEUR,SCA,B1GQ,SE,1982-Q3,
Q,CP_MEUR,SCA,B1GQ,SE,1982-Q4,
Q,CP_MEUR,SCA,B1GQ,SE,1983-Q1,
Q,CP_MEUR,SCA,B1GQ,SE,1983-Q2,
Q,CP_MEUR,SCA,B1GQ,SE,1983-Q3,
Q,CP_MEUR,SCA,B1GQ,SE,1983-Q4,
Q,CP_MEUR,SCA,B1GQ,SE,1984-Q1,
Q,CP_MEUR,SCA,B1GQ,SE,1984-Q2,
Q,CP_MEUR,SCA,B1GQ,SE,1984-Q3,
Q,CP_MEUR,SCA,B1GQ,SE,1984-Q4,
Q,CP_MEUR,SCA,B1GQ,SE,1985-Q1,
Q,CP_MEUR,SCA,B1GQ,SE,1985-Q2,
Q,CP_MEUR,SCA,B1GQ,SE,1985-Q3,
Q,CP_MEUR,SCA,B1GQ,SE,1985-Q4,
Q,CP_MEUR,SCA,B1GQ,SE,1986-Q1,
Q,CP_MEUR,SCA,B1GQ,SE,1986-Q2,
Q,CP_MEUR,SCA,B1GQ,SE,1986-Q3,
Q,CP_MEUR,SCA,B1GQ,SE,1986-Q4,
Q,CP_MEUR,SCA,B1GQ,SE,1987-Q1,
Q,CP_MEUR,SCA,B1GQ,SE,1987-Q2,
Q,CP_MEUR,SCA,B1GQ,SE,1987-Q3,
Q,CP_MEUR,SCA,B1GQ,SE,1987-Q4,
Q,CP_MEUR,SCA,B1GQ,SE,1988-Q1,
Q,CP_MEUR,SCA,B1GQ,SE,1988-Q2,
Q,CP_MEUR,SCA,B1GQ,SE,1988-Q3,
Q,CP_MEUR,SCA,B1GQ,SE,1988-Q4,
Q,CP_MEUR,SCA,B1GQ,SE,1989-Q1,
Q,CP_MEUR,SCA,B1GQ,SE,1989-Q2,
Q,CP_MEUR,SCA,B1GQ,SE,1989-Q3,
Q,CP_MEUR,SCA,B1GQ,SE,1989-Q4,
Q,CP_MEUR,SCA,B1GQ,SE,1990-Q1,
Q,CP_MEUR,SCA,B1GQ,SE,1990-Q2,
Q,CP_MEUR,SCA,B1GQ,SE,1990-Q3,
Q,CP_MEUR,SCA,B1GQ,SE,1990-Q4,
Q,CP_MEUR,SCA,B1GQ,SE,1991-Q1,
Q,CP_MEUR,SCA,B1GQ,SE,1991-Q2,
Q,CP_MEUR,SCA,B1GQ,SE,1991-Q3,
Q,CP_MEUR,SCA,B1GQ,SE,1991-Q4,
Q,CP_MEUR,SCA,B1GQ,SE,1992-Q1,
Q,CP_MEUR,SCA,B1GQ,SE,1992-Q2,
Q,CP_MEUR,SCA,B1GQ,SE,1992-Q3,
Q,CP_MEUR,SCA,B1GQ,SE,1992-Q4,
Q,CP_MEUR,SCA,B1GQ,SE,1993-Q1,45434.7
Q,CP_MEUR,SCA,B1GQ,SE,1993-Q2,46000.2
Q,CP_MEUR,SCA,B1GQ,SE,1993-Q3,44951.8
Q,CP_MEUR,SCA,B1GQ,SE,1993-Q4,44966.6
Q,CP_MEUR,SCA,B1GQ,SE,1994-Q1,47611.1
Q,CP_MEUR,SCA,B1GQ,SE,1994-Q2,47963.3
Q,CP_MEUR,SCA,B1GQ,SE,1994-Q3,47010.5
Q,CP_MEUR,SCA,B1GQ,SE,1994-Q4,49591.2
Q,CP_MEUR,SCA,B1GQ,SE,1995-Q1,49753.2
Q,CP_MEUR,SCA,B1GQ,SE,1995-Q2,48885.8
Q,CP_MEUR,SCA,B1GQ,SE,1995-Q3,50739.3
Q,CP_MEUR,SCA,B1GQ,SE,1995-Q4,54942.5
Q,CP_MEUR,SCA,B1GQ,SE,1996-Q1,56273.9
Q,CP_MEUR,SCA,B1GQ,SE,1996-Q2,57110.7
Q,CP_MEUR,SCA,B1GQ,SE,1996-Q3,58337.9
Q,CP_MEUR,SCA,B1GQ,SE,1996-Q4,58313.8
Q,CP_MEUR,SCA,B1GQ,SE,1997-Q1,57600.5
Q,CP_MEUR,SCA,B1GQ,SE,1997-Q2,57819.2
Q,CP_MEUR,SCA,B1GQ,SE,1997-Q3,60229.8
Q,CP_MEUR,SCA,B1GQ,SE,1997-Q4,61451
Q,CP_MEUR,SCA,B1GQ,SE,1998-Q1,60652.3
Q,CP_MEUR,SCA,B1GQ,SE,1998-Q2,62225.3
Q,CP_MEUR,SCA,B1GQ,SE,1998-Q3,60404.1
Q,CP_MEUR,SCA,B1GQ,SE,1998-Q4,58788.4
Q,CP_MEUR,SCA,B1GQ,SE,1999-Q1,61834.9
Q,CP_MEUR,SCA,B1GQ,SE,1999-Q2,62744.7
Q,CP_MEUR,SCA,B1GQ,SE,1999-Q3,65385.6
Q,CP_MEUR,SCA,B1GQ,SE,1999-Q4,67072.2
Q,CP_MEUR,SCA,B1GQ,SE,2000-Q1,68464.5
Q,CP_MEUR,SCA,B1GQ,SE,2000-Q2,72700.9
Q,CP_MEUR,SCA,B1GQ,SE,2000-Q3,72743.9
Q,CP_MEUR,SCA,B1GQ,SE,2000-Q4,71364.8
Q,CP_MEUR,SCA,B1GQ,SE,2001-Q1,68647.1
Q,CP_MEUR,SCA,B1GQ,SE,2001-Q2,68550.4
Q,CP_MEUR,SCA,B1GQ,SE,2001-Q3,66513.2
Q,CP_MEUR,SCA,B1GQ,SE,2001-Q4,67333.1
Q,CP_MEUR,SCA,B1GQ,SE,2002-Q1,70204.2
Q,CP_MEUR,SCA,B1GQ,SE,2002-Q2,71181.1
Q,CP_MEUR,SCA,B1GQ,SE,2002-Q3,70728.9
Q,CP_MEUR,SCA,B1GQ,SE,2002-Q4,72436.2
Q,CP_MEUR,SCA,B1GQ,SE,2003-Q1,73308.1
Q,CP_MEUR,SCA,B1GQ,SE,2003-Q2,73333.7
Q,CP_MEUR,SCA,B1GQ,SE,2003-Q3,74185.8
Q,CP_MEUR,SCA,B1GQ,SE,2003-Q4,75985.9
Q,CP_MEUR,SCA,B1GQ,SE,2004-Q1,75631.5
Q,CP_MEUR,SCA,B1GQ,SE,2004-Q2,76818.5
Q,CP_MEUR,SCA,B1GQ,SE,2004-Q3,77686.2
Q,CP_MEUR,SCA,B1GQ,SE,2004-Q4,78899.3
Q,CP_MEUR,SCA,B1GQ,SE,2005-Q1,78840.2
Q,CP_MEUR,SCA,B1GQ,SE,2005-Q2,78483.3
Q,CP_MEUR,SCA,B1GQ,SE,2005-Q3,78766.8
Q,CP_MEUR,SCA,B1GQ,SE,2005-Q4,78539
Q,CP_MEUR,SCA,B1GQ,SE,2006-Q1,81128.5
Q,CP_MEUR,SCA,B1GQ,SE,2006-Q2,83339.8
Q,CP_MEUR,SCA,B1GQ,SE,2006-Q3,85128.8
Q,CP_MEUR,SCA,B1GQ,SE,2006-Q4,87298.4
Q,CP_MEUR,SCA,B1GQ,SE,2007-Q1,88275.4
Q,CP_MEUR,SCA,B1GQ,SE,2007-Q2,89183.9
Q,CP_MEUR,SCA,B1GQ,SE,2007-Q3,89299.2
Q,CP_MEUR,SCA,B1GQ,SE,2007-Q4,91593.6
Q,CP_MEUR,SCA,B1GQ,SE,2008-Q1,90955.1
Q,CP_MEUR,SCA,B1GQ,SE,2008-Q2,90798.1
Q,CP_MEUR,SCA,B1GQ,SE,2008-Q3,89744.2
Q,CP_MEUR,SCA,B1GQ,SE,2008-Q4,81567.2
Q,CP_MEUR,SCA,B1GQ,SE,2009-Q1,75522.2
Q,CP_MEUR,SCA,B1GQ,SE,2009-Q2,76711.1
Q,CP_MEUR,SCA,B1GQ,SE,2009-Q3,79714.4
Q,CP_MEUR,SCA,B1GQ,SE,2009-Q4,81130.5
Q,CP_MEUR,SCA,B1GQ,SE,2010-Q1,85972.4
Q,CP_MEUR,SCA,B1GQ,SE,2010-Q2,91062.6
Q,CP_MEUR,SCA,B1GQ,SE,2010-Q3,95572.4
Q,CP_MEUR,SCA,B1GQ,SE,2010-Q4,99070.1
Q,CP_MEUR,SCA,B1GQ,SE,2011-Q1,103826.3
Q,CP_MEUR,SCA,B1GQ,SE,2011-Q2,102585.5
Q,CP_MEUR,SCA,B1GQ,SE,2011-Q3,102333.6
Q,CP_MEUR,SCA,B1GQ,SE,2011-Q4,100835.4
Q,CP_MEUR,SCA,B1GQ,SE,2012-Q1,104280.2
Q,CP_MEUR,SCA,B1GQ,SE,2012-Q2,104598.7
Q,CP_MEUR,SCA,B1GQ,SE,2012-Q3,110988.1
Q,CP_MEUR,SCA,B1GQ,SE,2012-Q4,108692.8
Q,CP_MEUR,SCA,B1GQ,SE,2013-Q1,110654.9
Q,CP_MEUR,SCA,B1GQ,SE,2013-Q2,110104.1
Q,CP_MEUR,SCA,B1GQ,SE,2013-Q3,109965.1
Q,CP_MEUR,SCA,B1GQ,SE,2013-Q4,109628
Q,CP_MEUR,SCA,B1GQ,SE,2014-Q1,110135.3
Q,CP_MEUR,SCA,B1GQ,SE,2014-Q2,109109.4
Q,CP_MEUR,SCA,B1GQ,SE,2014-Q3,108621.6
Q,CP_MEUR,SCA,B1GQ,SE,2014-Q4,108854.9
Q,CP_MEUR,SCA,B1GQ,SE,2015-Q1,109940
Q,CP_MEUR,SCA,B1GQ,SE,2015-Q2,113926.3
Q,CP_MEUR,SCA,B1GQ,SE,2015-Q3,112525.5
Q,CP_MEUR,SCA,B1GQ,SE,2015-Q4,115791.9
Q,CP_MEUR,SCA,B1GQ,SE,2016-Q1,115326.2
Q,CP_MEUR,SCA,B1GQ,SE,2016-Q2,116950.6
Q,CP_MEUR,SCA,B1GQ,SE,2016-Q3,115793.6
Q,CP_MEUR,SCA,B1GQ,SE,2016-Q4,114709.6
Q,CP_MEUR,SCA,B1GQ,SE,2017-Q1,119043.6
Q,CP_MEUR,SCA,B1GQ,SE,2017-Q2,117664
Q,CP_MEUR,SCA,B1GQ,SE,2017-Q3,119823.2
Q,CP_MEUR,SCA,B1GQ,SE,2017-Q4,118251.3
Q,CP_MEUR,SCA,B1GQ,SE,2018-Q1,118074.1
Q,CP_MEUR,SCA,B1GQ,SE,2018-Q2,115038.1
Q,CP_MEUR,SCA,B1GQ,SE,2018-Q3,115088.8
Q,CP_MEUR,SCA,B1GQ,SE,2018-Q4,118078.8
Q,CP_MEUR,SCA,B1GQ,SE,2019-Q1,118248.3
Q,CP_MEUR,SCA,B1GQ,SE,2019-Q2,118160.7
Q,CP_MEUR,SCA,B1GQ,SE,2019-Q3,118112.6
Q,CP_MEUR,SCA,B1GQ,SE,2019-Q4,120153.8
Q,CP_MEUR,SCA,B1GQ,SE,2020-Q1,121341
Q,CP_MEUR,SCA,B1GQ,SE,2020-Q2,111510.7
Q,CP_MEUR,SCA,B1GQ,SE,2020-Q3,120855.3
Q,CP_MEUR,SCA,B1GQ,SE,2020-Q4,124198.9
Q,CP_MEUR,SCA,B1GQ,SE,2021-Q1,130436.7
Q,CP_MEUR,SCA,B1GQ,SE,2021-Q2,131516.3
Q,CP_MEUR,SCA,B1GQ,SE,2021-Q3,132434.9
Q,CP_MEUR,SCA,B1GQ,SE,2021-Q4,138038.3
Q,CP_MEUR,SCA,B1GQ,SE,2022-Q1,134120.3
Q,CP_MEUR,SCA,B1GQ,SE,2022-Q2,138654.1
Q,CP_MEUR,SCA,B1GQ,SE,2022-Q3,138285
Q,CP_MEUR,SCA,B1GQ,SE,2022-Q4,134763.5
Q,CP_MEUR,SCA,B1GQ,SE,2023-Q1,135221.9
Q,CP_MEUR,SCA,B1GQ,SE,2023-Q2,133128.8
Q,CP_MEUR,SCA,B1GQ,SE,2023-Q3,133371.3
Q,CP_MEUR,SCA,B1GQ,SE,2023-Q4,133629.7
Q,CP_MEUR,SCA,B1GQ,SE,2024-Q1,142169.7
Q,CP_MEUR,SCA,B1GQ,SE,2024-Q2,138961.8
Q,CP_MEUR,SCA,B1GQ,SE,2024-Q3,141036.4
Q,CP_MEUR,SCA,B1GQ,SE,2024-Q4,141463.9
Q,CP_MEUR,SCA,B1GQ,SE,2025-Q1,145872.5
Q,CP_MEUR,SCA,B1GQ,SE,2025-Q2,150934.1
Q,CP_MEUR,SCA,B1GQ,SE,2025-Q3,150049.1
Q,CP_MEUR,SCA,B1GQ,SE,2025-Q4,154871.8
Q,CP_MEUR,SCA,B1GQ,SE,2026-Q1,158952.1
Q,CP_MEUR,SCA,B1GQ,SE,2026-Q2,158651.8
Q,CP_MEUR,SCA,B1GQ,IS,1978-Q1,
Q,CP_MEUR,SCA,B1GQ,IS,1978-Q2,
Q,CP_MEUR,SCA,B1GQ,IS,1978-Q3,
Q,CP_MEUR,SCA,B1GQ,IS,1978-Q4,
Q,CP_MEUR,SCA,B1GQ,IS,1979-Q1,
Q,CP_MEUR,SCA,B1GQ,IS,1979-Q2,
Q,CP_MEUR,SCA,B1GQ,IS,1979-Q3,
Q,CP_MEUR,SCA,B1GQ,IS,1979-Q4,
Q,CP_MEUR,SCA,B1GQ,IS,1980-Q1,
Q,CP_MEUR,SCA,B1GQ,IS,1980-Q2,
Q,CP_MEUR,SCA,B1GQ,IS,1980-Q3,
Q,CP_MEUR,SCA,B1GQ,IS,1980-Q4,
Q,CP_MEUR,SCA,B1GQ,IS,1981-Q1,
Q,CP_MEUR,SCA,B1GQ,IS,1981-Q2,
Q,CP_MEUR,SCA,B1GQ,IS,1981-Q3,
Q,CP_MEUR,SCA,B1GQ,IS,1981-Q4,
Q,CP_MEUR,SCA,B1GQ,IS,1982-Q1,
Q,CP_MEUR,SCA,B1GQ,IS,1982-Q2,
Q,CP_MEUR,SCA,B1GQ,IS,1982-Q3,
Q,CP_MEUR,SCA,B1GQ,IS,1982-Q4,
Q,CP_MEUR,SCA,B1GQ,IS,1983-Q1,
Q,CP_MEUR,SCA,B1GQ,IS,1983-Q2,
Q,CP_MEUR,SCA,B1GQ,IS,1983-Q3,
Q,CP_MEUR,SCA,B1GQ,IS,1983-Q4,
Q,CP_MEUR,SCA,B1GQ,IS,1984-Q1,
Q,CP_MEUR,SCA,B1GQ,IS,1984-Q2,
Q,CP_MEUR,SCA,B1GQ,IS,1984-Q3,
Q,CP_MEUR,SCA,B1GQ,IS,1984-Q4,
Q,CP_MEUR,SCA,B1GQ,IS,1985-Q1,
Q,CP_MEUR,SCA,B1GQ,IS,1985-Q2,
Q,CP_MEUR,SCA,B1GQ,IS,1985-Q3,
Q,CP_MEUR,SCA,B1GQ,IS,1985-Q4,
Q,CP_MEUR,SCA,B1GQ,IS,1986-Q1,
Q,CP_MEUR,SCA,B1GQ,IS,1986-Q2,
Q,CP_MEUR,SCA,B1GQ,IS,1986-Q3,
Q,CP_MEUR,SCA,B1GQ,IS,1986-Q4,
Q,CP_MEUR,SCA,B1GQ,IS,1987-Q1,
Q,CP_MEUR,SCA,B1GQ,IS,1987-Q2,
Q,CP_MEUR,SCA,B1GQ,IS,1987-Q3,
Q,CP_MEUR,SCA,B1GQ,IS,1987-Q4,
Q,CP_MEUR,SCA,B1GQ,IS,1988-Q1,
Q,CP_MEUR,SCA,B1GQ,IS,1988-Q2,
Q,CP_MEUR,SCA,B1GQ,IS,1988-Q3,
Q,CP_MEUR,SCA,B1GQ,IS,1988-Q4,
Q,CP_MEUR,SCA,B1GQ,IS,1989-Q1,
Q,CP_MEUR,SCA,B1GQ,IS,1989-Q2,
Q,CP_MEUR,SCA,B1GQ,IS,1989-Q3,
Q,CP_MEUR,SCA,B1GQ,IS,1989-Q4,
Q,CP_MEUR,SCA,B1GQ,IS,1990-Q1,
Q,CP_MEUR,SCA,B1GQ,IS,1990-Q2,
Q,CP_MEUR,SCA,B1GQ,IS,1990-Q3,
Q,CP_MEUR,SCA,B1GQ,IS,1990-Q4,
Q,CP_MEUR,SCA,B1GQ,IS,1991-Q1,
Q,CP_MEUR,SCA,B1GQ,IS,1991-Q2,
Q,CP_MEUR,SCA,B1GQ,IS,1991-Q3,
Q,CP_MEUR,SCA,B1GQ,IS,1991-Q4,
Q,CP_MEUR,SCA,B1GQ,IS,1992-Q1,
Q,CP_MEUR,SCA,B1GQ,IS,1992-Q2,
Q,CP_MEUR,SCA,B1GQ,IS,1992-Q3,
Q,CP_MEUR,SCA,B1GQ,IS,1992-Q4,
Q,CP_MEUR,SCA,B1GQ,IS,1993-Q1,
Q,CP_MEUR,SCA,B1GQ,IS,1993-Q2,
Q,CP_MEUR,SCA,B1GQ,IS,1993-Q3,
Q,CP_MEUR,SCA,B1GQ,IS,1993-Q4,
Q,CP_MEUR,SCA,B1GQ,IS,1994-Q1,
Q,CP_MEUR,SCA,B1GQ,IS,1994-Q2,
Q,CP_MEUR,SCA,B1GQ,IS,1994-Q3,
Q,CP_MEUR,SCA,B1GQ,IS,1994-Q4,
Q,CP_MEUR,SCA,B1GQ,IS,1995-Q1,1383.3
Q,CP_MEUR,SCA,B1GQ,IS,1995-Q2,1408.5
Q,CP_MEUR,SCA,B1GQ,IS,1995-Q3,1422.2
Q,CP_MEUR,SCA,B1GQ,IS,1995-Q4,1417.8
Q,CP_MEUR,SCA,B1GQ,IS,1996-Q1,1467.1
Q,CP_MEUR,SCA,B1GQ,IS,1996-Q2,1508.3
Q,CP_MEUR,SCA,B1GQ,IS,1996-Q3,1514.4
Q,CP_MEUR,SCA,B1GQ,IS,1996-Q4,1549.5
Q,CP_MEUR,SCA,B1GQ,IS,1997-Q1,1631.6
Q,CP_MEUR,SCA,B1GQ,IS,1997-Q2,1679
Q,CP_MEUR,SCA,B1GQ,IS,1997-Q3,1744.5
Q,CP_MEUR,SCA,B1GQ,IS,1997-Q4,1747
Q,CP_MEUR,SCA,B1GQ,IS,1998-Q1,1777.7
Q,CP_MEUR,SCA,B1GQ,IS,1998-Q2,1966.8
Q,CP_MEUR,SCA,B1GQ,IS,1998-Q3,1978.7
Q,CP_MEUR,SCA,B1GQ,IS,1998-Q4,1967.7
Q,CP_MEUR,SCA,B1GQ,IS,1999-Q1,2054.1
Q,CP_MEUR,SCA,B1GQ,IS,1999-Q2,2053.6
Q,CP_MEUR,SCA,B1GQ,IS,1999-Q3,2131.5
Q,CP_MEUR,SCA,B1GQ,IS,1999-Q4,2303.8
Q,CP_MEUR,SCA,B1GQ,IS,2000-Q1,2400.6
Q,CP_MEUR,SCA,B1GQ,IS,2000-Q2,2515
Q,CP_MEUR,SCA,B1GQ,IS,2000-Q3,2513.7
Q,CP_MEUR,SCA,B1GQ,IS,2000-Q4,2471.6
Q,CP_MEUR,SCA,B1GQ,IS,2001-Q1,2340.4
Q,CP_MEUR,SCA,B1GQ,IS,2001-Q2,2319.7
Q,CP_MEUR,SCA,B1GQ,IS,2001-Q3,2274.7
Q,CP_MEUR,SCA,B1GQ,IS,2001-Q4,2341
Q,CP_MEUR,SCA,B1GQ,IS,2002-Q1,2352.7
Q,CP_MEUR,SCA,B1GQ,IS,2002-Q2,2548.5
Q,CP_MEUR,SCA,B1GQ,IS,2002-Q3,2554.6
Q,CP_MEUR,SCA,B1GQ,IS,2002-Q4,2562.9
Q,CP_MEUR,SCA,B1GQ,IS,2003-Q1,2679.6
Q,CP_MEUR,SCA,B1GQ,IS,2003-Q2,2570.2
Q,CP_MEUR,SCA,B1GQ,IS,2003-Q3,2488.5
Q,CP_MEUR,SCA,B1GQ,IS,2003-Q4,2511.1
Q,CP_MEUR,SCA,B1GQ,IS,2004-Q1,2734.6
Q,CP_MEUR,SCA,B1GQ,IS,2004-Q2,2698.8
Q,CP_MEUR,SCA,B1GQ,IS,2004-Q3,2832.1
Q,CP_MEUR,SCA,B1GQ,IS,2004-Q4,2984.2
Q,CP_MEUR,SCA,B1GQ,IS,2005-Q1,3180.2
Q,CP_MEUR,SCA,B1GQ,IS,2005-Q2,3341.5
Q,CP_MEUR,SCA,B1GQ,IS,2005-Q3,3501.6
Q,CP_MEUR,SCA,B1GQ,IS,2005-Q4,3811.7
Q,CP_MEUR,SCA,B1GQ,IS,2006-Q1,3743
Q,CP_MEUR,SCA,B1GQ,IS,2006-Q2,3311.2
Q,CP_MEUR,SCA,B1GQ,IS,2006-Q3,3422.8
Q,CP_MEUR,SCA,B1GQ,IS,2006-Q4,3681.4
Q,CP_MEUR,SCA,B1GQ,IS,2007-Q1,3797.9
Q,CP_MEUR,SCA,B1GQ,IS,2007-Q2,4119.9
Q,CP_MEUR,SCA,B1GQ,IS,2007-Q3,4008.6
Q,CP_MEUR,SCA,B1GQ,IS,2007-Q4,4131.4
Q,CP_MEUR,SCA,B1GQ,IS,2008-Q1,3646.3
Q,CP_MEUR,SCA,B1GQ,IS,2008-Q2,3336.1
Q,CP_MEUR,SCA,B1GQ,IS,2008-Q3,3152.8
Q,CP_MEUR,SCA,B1GQ,IS,2008-Q4,1690.5
Q,CP_MEUR,SCA,B1GQ,IS,2009-Q1,2483.2
Q,CP_MEUR,SCA,B1GQ,IS,2009-Q2,2335.9
Q,CP_MEUR,SCA,B1GQ,IS,2009-Q3,2324.4
Q,CP_MEUR,SCA,B1GQ,IS,2009-Q4,2340.1
Q,CP_MEUR,SCA,B1GQ,IS,2010-Q1,2372.3
Q,CP_MEUR,SCA,B1GQ,IS,2010-Q2,2623.4
Q,CP_MEUR,SCA,B1GQ,IS,2010-Q3,2736.6
Q,CP_MEUR,SCA,B1GQ,IS,2010-Q4,2807
Q,CP_MEUR,SCA,B1GQ,IS,2011-Q1,2704.2
Q,CP_MEUR,SCA,B1GQ,IS,2011-Q2,2694
Q,CP_MEUR,SCA,B1GQ,IS,2011-Q3,2790.6
Q,CP_MEUR,SCA,B1GQ,IS,2011-Q4,2867.3
Q,CP_MEUR,SCA,B1GQ,IS,2012-Q1,2832.6
Q,CP_MEUR,SCA,B1GQ,IS,2012-Q2,2833.1
Q,CP_MEUR,SCA,B1GQ,IS,2012-Q3,3056.4
Q,CP_MEUR,SCA,B1GQ,IS,2012-Q4,2912.2
Q,CP_MEUR,SCA,B1GQ,IS,2013-Q1,2897.6
Q,CP_MEUR,SCA,B1GQ,IS,2013-Q2,3147.1
Q,CP_MEUR,SCA,B1GQ,IS,2013-Q3,3097.3
Q,CP_MEUR,SCA,B1GQ,IS,2013-Q4,3090.6
Q,CP_MEUR,SCA,B1GQ,IS,2014-Q1,3166.5
Q,CP_MEUR,SCA,B1GQ,IS,2014-Q2,3319.7
Q,CP_MEUR,SCA,B1GQ,IS,2014-Q3,3519.4
Q,CP_MEUR,SCA,B1GQ,IS,2014-Q4,3610.1
Q,CP_MEUR,SCA,B1GQ,IS,2015-Q1,3810.5
Q,CP_MEUR,SCA,B1GQ,IS,2015-Q2,3980
Q,CP_MEUR,SCA,B1GQ,IS,2015-Q3,3987.5
Q,CP_MEUR,SCA,B1GQ,IS,2015-Q4,4188.8
Q,CP_MEUR,SCA,B1GQ,IS,2016-Q1,4282.1
Q,CP_MEUR,SCA,B1GQ,IS,2016-Q2,4527.4
Q,CP_MEUR,SCA,B1GQ,IS,2016-Q3,4911.6
Q,CP_MEUR,SCA,B1GQ,IS,2016-Q4,5419.6
Q,CP_MEUR,SCA,B1GQ,IS,2017-Q1,5430.9
Q,CP_MEUR,SCA,B1GQ,IS,2017-Q2,5710.8
Q,CP_MEUR,SCA,B1GQ,IS,2017-Q3,5516.8
Q,CP_MEUR,SCA,B1GQ,IS,2017-Q4,5581.1
Q,CP_MEUR,SCA,B1GQ,IS,2018-Q1,5718.7
Q,CP_MEUR,SCA,B1GQ,IS,2018-Q2,5874.2
Q,CP_MEUR,SCA,B1GQ,IS,2018-Q3,5758.7
Q,CP_MEUR,SCA,B1GQ,IS,2018-Q4,5341.9
Q,CP_MEUR,SCA,B1GQ,IS,2019-Q1,5431.1
Q,CP_MEUR,SCA,B1GQ,IS,2019-Q2,5575.2
Q,CP_MEUR,SCA,B1GQ,IS,2019-Q3,5544
Q,CP_MEUR,SCA,B1GQ,IS,2019-Q4,5765.9
Q,CP_MEUR,SCA,B1GQ,IS,2020-Q1,5296.9
Q,CP_MEUR,SCA,B1GQ,IS,2020-Q2,4576.2
Q,CP_MEUR,SCA,B1GQ,IS,2020-Q3,4645
Q,CP_MEUR,SCA,B1GQ,IS,2020-Q4,4840.6
Q,CP_MEUR,SCA,B1GQ,IS,2021-Q1,4992.3
Q,CP_MEUR,SCA,B1GQ,IS,2021-Q2,5448
Q,CP_MEUR,SCA,B1GQ,IS,2021-Q3,5784.9
Q,CP_MEUR,SCA,B1GQ,IS,2021-Q4,5977.8
Q,CP_MEUR,SCA,B1GQ,IS,2022-Q1,6428.4
Q,CP_MEUR,SCA,B1GQ,IS,2022-Q2,7002.6
Q,CP_MEUR,SCA,B1GQ,IS,2022-Q3,7205.5
Q,CP_MEUR,SCA,B1GQ,IS,2022-Q4,7116.6
Q,CP_MEUR,SCA,B1GQ,IS,2023-Q1,7113.3
Q,CP_MEUR,SCA,B1GQ,IS,2023-Q2,7310
Q,CP_MEUR,SCA,B1GQ,IS,2023-Q3,7513.9
Q,CP_MEUR,SCA,B1GQ,IS,2023-Q4,7354.6
Q,CP_MEUR,SCA,B1GQ,IS,2024-Q1,7468.9
Q,CP_MEUR,SCA,B1GQ,IS,2024-Q2,7647.9
Q,CP_MEUR,SCA,B1GQ,IS,2024-Q3,7530.3
Q,CP_MEUR,SCA,B1GQ,IS,2024-Q4,8013.9
Q,CP_MEUR,SCA,B1GQ,IS,2025-Q1,8204.2
Q,CP_MEUR,SCA,B1GQ,IS,2025-Q2,8530.6
Q,CP_MEUR,SCA,B1GQ,IS,2025-Q3,8767.7
Q,CP_MEUR,SCA,B1GQ,IS,2025-Q4,8655.7
Q,CP_MEUR,SCA,B1GQ,IS,2026-Q1,9245.4
Q,CP_MEUR,SCA,B1GQ,IS,2026-Q2,8966.4
Q,CP_MEUR,SCA,B1GQ,NO,1978-Q1,8905
Q,CP_MEUR,SCA,B1GQ,NO,1978-Q2,8847.1
Q,CP_MEUR,SCA,B1GQ,NO,1978-Q3,9181.8
Q,CP_MEUR,SCA,B1GQ,NO,1978-Q4,9476.1
Q,CP_MEUR,SCA,B1GQ,NO,1979-Q1,9123
Q,CP_MEUR,SCA,B1GQ,NO,1979-Q2,9580.1
Q,CP_MEUR,SCA,B1GQ,NO,1979-Q3,9845.1
Q,CP_MEUR,SCA,B1GQ,NO,1979-Q4,10091.2
Q,CP_MEUR,SCA,B1GQ,NO,1980-Q1,10987.5
Q,CP_MEUR,SCA,B1GQ,NO,1980-Q2,11373.9
Q,CP_MEUR,SCA,B1GQ,NO,1980-Q3,11500.9
Q,CP_MEUR,SCA,B1GQ,NO,1980-Q4,12337.2
Q,CP_MEUR,SCA,B1GQ,NO,1981-Q1,13109.9
Q,CP_MEUR,SCA,B1GQ,NO,1981-Q2,14465.2
Q,CP_MEUR,SCA,B1GQ,NO,1981-Q3,14749
Q,CP_MEUR,SCA,B1GQ,NO,1981-Q4,14683.4
Q,CP_MEUR,SCA,B1GQ,NO,1982-Q1,15655.7
Q,CP_MEUR,SCA,B1GQ,NO,1982-Q2,16291.5
Q,CP_MEUR,SCA,B1GQ,NO,1982-Q3,16258.2
Q,CP_MEUR,SCA,B1GQ,NO,1982-Q4,15708.3
Q,CP_MEUR,SCA,B1GQ,NO,1983-Q1,16017
Q,CP_MEUR,SCA,B1GQ,NO,1983-Q2,16946.1
Q,CP_MEUR,SCA,B1GQ,NO,1983-Q3,17826.1
Q,CP_MEUR,SCA,B1GQ,NO,1983-Q4,18308.9
Q,CP_MEUR,SCA,B1GQ,NO,1984-Q1,18746.2
Q,CP_MEUR,SCA,B1GQ,NO,1984-Q2,19551.2
Q,CP_MEUR,SCA,B1GQ,NO,1984-Q3,20178.7
Q,CP_MEUR,SCA,B1GQ,NO,1984-Q4,20202.2
Q,CP_MEUR,SCA,B1GQ,NO,1985-Q1,21003.9
Q,CP_MEUR,SCA,B1GQ,NO,1985-Q2,21033.9
Q,CP_MEUR,SCA,B1GQ,NO,1985-Q3,22087.4
Q,CP_MEUR,SCA,B1GQ,NO,1985-Q4,21976.6
Q,CP_MEUR,SCA,B1GQ,NO,1986-Q1,21248.8
Q,CP_MEUR,SCA,B1GQ,NO,1986-Q2,19766.3
Q,CP_MEUR,SCA,B1GQ,NO,1986-Q3,19397.4
Q,CP_MEUR,SCA,B1GQ,NO,1986-Q4,19507.6
Q,CP_MEUR,SCA,B1GQ,NO,1987-Q1,19234.4
Q,CP_MEUR,SCA,B1GQ,NO,1987-Q2,20578.9
Q,CP_MEUR,SCA,B1GQ,NO,1987-Q3,20987.8
Q,CP_MEUR,SCA,B1GQ,NO,1987-Q4,20709.4
Q,CP_MEUR,SCA,B1GQ,NO,1988-Q1,21143.5
Q,CP_MEUR,SCA,B1GQ,NO,1988-Q2,21659.7
Q,CP_MEUR,SCA,B1GQ,NO,1988-Q3,21657.6
Q,CP_MEUR,SCA,B1GQ,NO,1988-Q4,21451.7
Q,CP_MEUR,SCA,B1GQ,NO,1989-Q1,22696.2
Q,CP_MEUR,SCA,B1GQ,NO,1989-Q2,23541.7
Q,CP_MEUR,SCA,B1GQ,NO,1989-Q3,23402.9
Q,CP_MEUR,SCA,B1GQ,NO,1989-Q4,23187.3
Q,CP_MEUR,SCA,B1GQ,NO,1990-Q1,22841.4
Q,CP_MEUR,SCA,B1GQ,NO,1990-Q2,22988.8
Q,CP_MEUR,SCA,B1GQ,NO,1990-Q3,23477.5
Q,CP_MEUR,SCA,B1GQ,NO,1990-Q4,24666.7
Q,CP_MEUR,SCA,B1GQ,NO,1991-Q1,24300.1
Q,CP_MEUR,SCA,B1GQ,NO,1991-Q2,24527.1
Q,CP_MEUR,SCA,B1GQ,NO,1991-Q3,24521.2
Q,CP_MEUR,SCA,B1GQ,NO,1991-Q4,24618.7
Q,CP_MEUR,SCA,B1GQ,NO,1992-Q1,24894.5
Q,CP_MEUR,SCA,B1GQ,NO,1992-Q2,25050.5
Q,CP_MEUR,SCA,B1GQ,NO,1992-Q3,25294
Q,CP_MEUR,SCA,B1GQ,NO,1992-Q4,25225.5
Q,CP_MEUR,SCA,B1GQ,NO,1993-Q1,24844.5
Q,CP_MEUR,SCA,B1GQ,NO,1993-Q2,25335.5
Q,CP_MEUR,SCA,B1GQ,NO,1993-Q3,25871.8
Q,CP_MEUR,SCA,B1GQ,NO,1993-Q4,26265.8
Q,CP_MEUR,SCA,B1GQ,NO,1994-Q1,25845.4
Q,CP_MEUR,SCA,B1GQ,NO,1994-Q2,26433.5
Q,CP_MEUR,SCA,B1GQ,NO,1994-Q3,26654.7
Q,CP_MEUR,SCA,B1GQ,NO,1994-Q4,27534.8
Q,CP_MEUR,SCA,B1GQ,NO,1995-Q1,28498.1
Q,CP_MEUR,SCA,B1GQ,NO,1995-Q2,28608.1
Q,CP_MEUR,SCA,B1GQ,NO,1995-Q3,28990.6
Q,CP_MEUR,SCA,B1GQ,NO,1995-Q4,29417.9
Q,CP_MEUR,SCA,B1GQ,NO,1996-Q1,30848.2
Q,CP_MEUR,SCA,B1GQ,NO,1996-Q2,31104.6
Q,CP_MEUR,SCA,B1GQ,NO,1996-Q3,32416.9
Q,CP_MEUR,SCA,B1GQ,NO,1996-Q4,33464.8
Q,CP_MEUR,SCA,B1GQ,NO,1997-Q1,35112.6
Q,CP_MEUR,SCA,B1GQ,NO,1997-Q2,34877
Q,CP_MEUR,SCA,B1GQ,NO,1997-Q3,34955
Q,CP_MEUR,SCA,B1GQ,NO,1997-Q4,36254.9
Q,CP_MEUR,SCA,B1GQ,NO,1998-Q1,34534.6
Q,CP_MEUR,SCA,B1GQ,NO,1998-Q2,34893.6
Q,CP_MEUR,SCA,B1GQ,NO,1998-Q3,33945.4
Q,CP_MEUR,SCA,B1GQ,NO,1998-Q4,33116.4
Q,CP_MEUR,SCA,B1GQ,NO,1999-Q1,34066.2
Q,CP_MEUR,SCA,B1GQ,NO,1999-Q2,36650.8
Q,CP_MEUR,SCA,B1GQ,NO,1999-Q3,39274.2
Q,CP_MEUR,SCA,B1GQ,NO,1999-Q4,41533.3
Q,CP_MEUR,SCA,B1GQ,NO,2000-Q1,44247.7
Q,CP_MEUR,SCA,B1GQ,NO,2000-Q2,44770.4
Q,CP_MEUR,SCA,B1GQ,NO,2000-Q3,47148.2
Q,CP_MEUR,SCA,B1GQ,NO,2000-Q4,48972.6
Q,CP_MEUR,SCA,B1GQ,NO,2001-Q1,47620.9
Q,CP_MEUR,SCA,B1GQ,NO,2001-Q2,49719
Q,CP_MEUR,SCA,B1GQ,NO,2001-Q3,48628.5
Q,CP_MEUR,SCA,B1GQ,NO,2001-Q4,47995.9
Q,CP_MEUR,SCA,B1GQ,NO,2002-Q1,48632.6
Q,CP_MEUR,SCA,B1GQ,NO,2002-Q2,52258.2
Q,CP_MEUR,SCA,B1GQ,NO,2002-Q3,52891.3
Q,CP_MEUR,SCA,B1GQ,NO,2002-Q4,54051.9
Q,CP_MEUR,SCA,B1GQ,NO,2003-Q1,53235.3
Q,CP_MEUR,SCA,B1GQ,NO,2003-Q2,49901
Q,CP_MEUR,SCA,B1GQ,NO,2003-Q3,49697.6
Q,CP_MEUR,SCA,B1GQ,NO,2003-Q4,50200.3
Q,CP_MEUR,SCA,B1GQ,NO,2004-Q1,49879.2
Q,CP_MEUR,SCA,B1GQ,NO,2004-Q2,53485.6
Q,CP_MEUR,SCA,B1GQ,NO,2004-Q3,53943.6
Q,CP_MEUR,SCA,B1GQ,NO,2004-Q4,56810.6
Q,CP_MEUR,SCA,B1GQ,NO,2005-Q1,57802.6
Q,CP_MEUR,SCA,B1GQ,NO,2005-Q2,61319.8
Q,CP_MEUR,SCA,B1GQ,NO,2005-Q3,64779.3
Q,CP_MEUR,SCA,B1GQ,NO,2005-Q4,66763.1
Q,CP_MEUR,SCA,B1GQ,NO,2006-Q1,68450
Q,CP_MEUR,SCA,B1GQ,NO,2006-Q2,71454.7
Q,CP_MEUR,SCA,B1GQ,NO,2006-Q3,70155.1
Q,CP_MEUR,SCA,B1GQ,NO,2006-Q4,68790.7
Q,CP_MEUR,SCA,B1GQ,NO,2007-Q1,70587.7
Q,CP_MEUR,SCA,B1GQ,NO,2007-Q2,72495.8
Q,CP_MEUR,SCA,B1GQ,NO,2007-Q3,75396.1
Q,CP_MEUR,SCA,B1GQ,NO,2007-Q4,79876.9
Q,CP_MEUR,SCA,B1GQ,NO,2008-Q1,81627.7
Q,CP_MEUR,SCA,B1GQ,NO,2008-Q2,84441.3
Q,CP_MEUR,SCA,B1GQ,NO,2008-Q3,84682.4
Q,CP_MEUR,SCA,B1GQ,NO,2008-Q4,73858
Q,CP_MEUR,SCA,B1GQ,NO,2009-Q1,68074.9
Q,CP_MEUR,SCA,B1GQ,NO,2009-Q2,70059
Q,CP_MEUR,SCA,B1GQ,NO,2009-Q3,71959.6
Q,CP_MEUR,SCA,B1GQ,NO,2009-Q4,75124.4
Q,CP_MEUR,SCA,B1GQ,NO,2010-Q1,81034.4
Q,CP_MEUR,SCA,B1GQ,NO,2010-Q2,83246.8
Q,CP_MEUR,SCA,B1GQ,NO,2010-Q3,82759.9
Q,CP_MEUR,SCA,B1GQ,NO,2010-Q4,85320.9
Q,CP_MEUR,SCA,B1GQ,NO,2011-Q1,89433.6
Q,CP_MEUR,SCA,B1GQ,NO,2011-Q2,91318.6
Q,CP_MEUR,SCA,B1GQ,NO,2011-Q3,93322.1
Q,CP_MEUR,SCA,B1GQ,NO,2011-Q4,94768.6
Q,CP_MEUR,SCA,B1GQ,NO,2012-Q1,101603.2
Q,CP_MEUR,SCA,B1GQ,NO,2012-Q2,101227.1
Q,CP_MEUR,SCA,B1GQ,NO,2012-Q3,102197.3
Q,CP_MEUR,SCA,B1GQ,NO,2012-Q4,103632.4
Q,CP_MEUR,SCA,B1GQ,NO,2013-Q1,104940.6
Q,CP_MEUR,SCA,B1GQ,NO,2013-Q2,102857.8
Q,CP_MEUR,SCA,B1GQ,NO,2013-Q3,101238.3
Q,CP_MEUR,SCA,B1GQ,NO,2013-Q4,98080.2
Q,CP_MEUR,SCA,B1GQ,NO,2014-Q1,96777.8
Q,CP_MEUR,SCA,B1GQ,NO,2014-Q2,99404.5
Q,CP_MEUR,SCA,B1GQ,NO,2014-Q3,98523
Q,CP_MEUR,SCA,B1GQ,NO,2014-Q4,94535.5
Q,CP_MEUR,SCA,B1GQ,NO,2015-Q1,92151.3
Q,CP_MEUR,SCA,B1GQ,NO,2015-Q2,95223.2
Q,CP_MEUR,SCA,B1GQ,NO,2015-Q3,89405.4
Q,CP_MEUR,SCA,B1GQ,NO,2015-Q4,85028.9
Q,CP_MEUR,SCA,B1GQ,NO,2016-Q1,82389.5
Q,CP_MEUR,SCA,B1GQ,NO,2016-Q2,85513
Q,CP_MEUR,SCA,B1GQ,NO,2016-Q3,86362
Q,CP_MEUR,SCA,B1GQ,NO,2016-Q4,91390.3
Q,CP_MEUR,SCA,B1GQ,NO,2017-Q1,94272.8
Q,CP_MEUR,SCA,B1GQ,NO,2017-Q2,91308
Q,CP_MEUR,SCA,B1GQ,NO,2017-Q3,92066
Q,CP_MEUR,SCA,B1GQ,NO,2017-Q4,91232.1
Q,CP_MEUR,SCA,B1GQ,NO,2018-Q1,92893.6
Q,CP_MEUR,SCA,B1GQ,NO,2018-Q2,96137
Q,CP_MEUR,SCA,B1GQ,NO,2018-Q3,98932.3
Q,CP_MEUR,SCA,B1GQ,NO,2018-Q4,98750.8
Q,CP_MEUR,SCA,B1GQ,NO,2019-Q1,95768.5
Q,CP_MEUR,SCA,B1GQ,NO,2019-Q2,95937
Q,CP_MEUR,SCA,B1GQ,NO,2019-Q3,94240.8
Q,CP_MEUR,SCA,B1GQ,NO,2019-Q4,94184.8
Q,CP_MEUR,SCA,B1GQ,NO,2020-Q1,89294.4
Q,CP_MEUR,SCA,B1GQ,NO,2020-Q2,76821.2
Q,CP_MEUR,SCA,B1GQ,NO,2020-Q3,83295.3
Q,CP_MEUR,SCA,B1GQ,NO,2020-Q4,85336.8
Q,CP_MEUR,SCA,B1GQ,NO,2021-Q1,95252.7
Q,CP_MEUR,SCA,B1GQ,NO,2021-Q2,101957
Q,CP_MEUR,SCA,B1GQ,NO,2021-Q3,110337.5
Q,CP_MEUR,SCA,B1GQ,NO,2021-Q4,130014.4
Q,CP_MEUR,SCA,B1GQ,NO,2022-Q1,139564.4
Q,CP_MEUR,SCA,B1GQ,NO,2022-Q2,145617.1
Q,CP_MEUR,SCA,B1GQ,NO,2022-Q3,167499.9
Q,CP_MEUR,SCA,B1GQ,NO,2022-Q4,135703.5
Q,CP_MEUR,SCA,B1GQ,NO,2023-Q1,124357.6
Q,CP_MEUR,SCA,B1GQ,NO,2023-Q2,111306.1
Q,CP_MEUR,SCA,B1GQ,NO,2023-Q3,113001
Q,CP_MEUR,SCA,B1GQ,NO,2023-Q4,115891.6
Q,CP_MEUR,SCA,B1GQ,NO,2024-Q1,114815.4
Q,CP_MEUR,SCA,B1GQ,NO,2024-Q2,117195
Q,CP_MEUR,SCA,B1GQ,NO,2024-Q3,114525.5
Q,CP_MEUR,SCA,B1GQ,NO,2024-Q4,116875.6
Q,CP_MEUR,SCA,B1GQ,NO,2025-Q1,122056.2
Q,CP_MEUR,SCA,B1GQ,NO,2025-Q2,117574.2
Q,CP_MEUR,SCA,B1GQ,NO,2025-Q3,116563.7
Q,CP_MEUR,SCA,B1GQ,NO,2025-Q4,115217.1
Q,CP_MEUR,SCA,B1GQ,NO,2026-Q1,125405.6
Q,CP_MEUR,SCA,B1GQ,NO,2026-Q2,135397.1
Q,CP_MEUR,SCA,B1GQ,CH,1978-Q1,
Q,CP_MEUR,SCA,B1GQ,CH,1978-Q2,
Q,CP_MEUR,SCA,B1GQ,CH,1978-Q3,
Q,CP_MEUR,SCA,B1GQ,CH,1978-Q4,
Q,CP_MEUR,SCA,B1GQ,CH,1979-Q1,
Q,CP_MEUR,SCA,B1GQ,CH,1979-Q2,
Q,CP_MEUR,SCA,B1GQ,CH,1979-Q3,
Q,CP_MEUR,SCA,B1GQ,CH,1979-Q4,
Q,CP_MEUR,SCA,B1GQ,CH,1980-Q1,
Q,CP_MEUR,SCA,B1GQ,CH,1980-Q2,
Q,CP_MEUR,SCA,B1GQ,CH,1980-Q3,
Q,CP_MEUR,SCA,B1GQ,CH,1980-Q4,
Q,CP_MEUR,SCA,B1GQ,CH,1981-Q1,
Q,CP_MEUR,SCA,B1GQ,CH,1981-Q2,
Q,CP_MEUR,SCA,B1GQ,CH,1981-Q3,
Q,CP_MEUR,SCA,B1GQ,CH,1981-Q4,
Q,CP_MEUR,SCA,B1GQ,CH,1982-Q1,
Q,CP_MEUR,SCA,B1GQ,CH,1982-Q2,
Q,CP_MEUR,SCA,B1GQ,CH,1982-Q3,
Q,CP_MEUR,SCA,B1GQ,CH,1982-Q4,
Q,CP_MEUR,SCA,B1GQ,CH,1983-Q1,
Q,CP_MEUR,SCA,B1GQ,CH,1983-Q2,
Q,CP_MEUR,SCA,B1GQ,CH,1983-Q3,
Q,CP_MEUR,SCA,B1GQ,CH,1983-Q4,
Q,CP_MEUR,SCA,B1GQ,CH,1984-Q1,
Q,CP_MEUR,SCA,B1GQ,CH,1984-Q2,
Q,CP_MEUR,SCA,B1GQ,CH,1984-Q3,
Q,CP_MEUR,SCA,B1GQ,CH,1984-Q4,
Q,CP_MEUR,SCA,B1GQ,CH,1985-Q1,
Q,CP_MEUR,SCA,B1GQ,CH,1985-Q2,
Q,CP_MEUR,SCA,B1GQ,CH,1985-Q3,
Q,CP_MEUR,SCA,B1GQ,CH,1985-Q4,
Q,CP_MEUR,SCA,B1GQ,CH,1986-Q1,
Q,CP_MEUR,SCA,B1GQ,CH,1986-Q2,
Q,CP_MEUR,SCA,B1GQ,CH,1986-Q3,
Q,CP_MEUR,SCA,B1GQ,CH,1986-Q4,
Q,CP_MEUR,SCA,B1GQ,CH,1987-Q1,
Q,CP_MEUR,SCA,B1GQ,CH,1987-Q2,
Q,CP_MEUR,SCA,B1GQ,CH,1987-Q3,
Q,CP_MEUR,SCA,B1GQ,CH,1987-Q4,
Q,CP_MEUR,SCA,B1GQ,CH,1988-Q1,
Q,CP_MEUR,SCA,B1GQ,CH,1988-Q2,
Q,CP_MEUR,SCA,B1GQ,CH,1988-Q3,
Q,CP_MEUR,SCA,B1GQ,CH,1988-Q4,
Q,CP_MEUR,SCA,B1GQ,CH,1989-Q1,
Q,CP_MEUR,SCA,B1GQ,CH,1989-Q2,
Q,CP_MEUR,SCA,B1GQ,CH,1989-Q3,
Q,CP_MEUR,SCA,B1GQ,CH,1989-Q4,
Q,CP_MEUR,SCA,B1GQ,CH,1990-Q1,
Q,CP_MEUR,SCA,B1GQ,CH,1990-Q2,
Q,CP_MEUR,SCA,B1GQ,CH,1990-Q3,
Q,CP_MEUR,SCA,B1GQ,CH,1990-Q4,
Q,CP_MEUR,SCA,B1GQ,CH,1991-Q1,
Q,CP_MEUR,SCA,B1GQ,CH,1991-Q2,
Q,CP_MEUR,SCA,B1GQ,CH,1991-Q3,
Q,CP_MEUR,SCA,B1GQ,CH,1991-Q4,
Q,CP_MEUR,SCA,B1GQ,CH,1992-Q1,
Q,CP_MEUR,SCA,B1GQ,CH,1992-Q2,
Q,CP_MEUR,SCA,B1GQ,CH,1992-Q3,
Q,CP_MEUR,SCA,B1GQ,CH,1992-Q4,
Q,CP_MEUR,SCA,B1GQ,CH,1993-Q1,
Q,CP_MEUR,SCA,B1GQ,CH,1993-Q2,
Q,CP_MEUR,SCA,B1GQ,CH,1993-Q3,
Q,CP_MEUR,SCA,B1GQ,CH,1993-Q4,
Q,CP_MEUR,SCA,B1GQ,CH,1994-Q1,
Q,CP_MEUR,SCA,B1GQ,CH,1994-Q2,
Q,CP_MEUR,SCA,B1GQ,CH,1994-Q3,
Q,CP_MEUR,SCA,B1GQ,CH,1994-Q4,
Q,CP_MEUR,SCA,B1GQ,CH,1995-Q1,66460.5
Q,CP_MEUR,SCA,B1GQ,CH,1995-Q2,68776
Q,CP_MEUR,SCA,B1GQ,CH,1995-Q3,68750.4
Q,CP_MEUR,SCA,B1GQ,CH,1995-Q4,70210.8
Q,CP_MEUR,SCA,B1GQ,CH,1996-Q1,69922.1
Q,CP_MEUR,SCA,B1GQ,CH,1996-Q2,68625.6
Q,CP_MEUR,SCA,B1GQ,CH,1996-Q3,68247.2
Q,CP_MEUR,SCA,B1GQ,CH,1996-Q4,65691.6
Q,CP_MEUR,SCA,B1GQ,CH,1997-Q1,63241.5
Q,CP_MEUR,SCA,B1GQ,CH,1997-Q2,65271.3
Q,CP_MEUR,SCA,B1GQ,CH,1997-Q3,67236.3
Q,CP_MEUR,SCA,B1GQ,CH,1997-Q4,68195.6
Q,CP_MEUR,SCA,B1GQ,CH,1998-Q1,68977.9
Q,CP_MEUR,SCA,B1GQ,CH,1998-Q2,68177.7
Q,CP_MEUR,SCA,B1GQ,CH,1998-Q3,67971.8
Q,CP_MEUR,SCA,B1GQ,CH,1998-Q4,69129.9
Q,CP_MEUR,SCA,B1GQ,CH,1999-Q1,69586.4
Q,CP_MEUR,SCA,B1GQ,CH,1999-Q2,70142.9
Q,CP_MEUR,SCA,B1GQ,CH,1999-Q3,70801.9
Q,CP_MEUR,SCA,B1GQ,CH,1999-Q4,72669.8
Q,CP_MEUR,SCA,B1GQ,CH,2000-Q1,73027.8
Q,CP_MEUR,SCA,B1GQ,CH,2000-Q2,75611.9
Q,CP_MEUR,SCA,B1GQ,CH,2000-Q3,77490
Q,CP_MEUR,SCA,B1GQ,CH,2000-Q4,80264.9
Q,CP_MEUR,SCA,B1GQ,CH,2001-Q1,79635.7
Q,CP_MEUR,SCA,B1GQ,CH,2001-Q2,80288.6
Q,CP_MEUR,SCA,B1GQ,CH,2001-Q3,81340.3
Q,CP_MEUR,SCA,B1GQ,CH,2001-Q4,83112.3
Q,CP_MEUR,SCA,B1GQ,CH,2002-Q1,82796.8
Q,CP_MEUR,SCA,B1GQ,CH,2002-Q2,83630.3
Q,CP_MEUR,SCA,B1GQ,CH,2002-Q3,83915.1
Q,CP_MEUR,SCA,B1GQ,CH,2002-Q4,83328.1
Q,CP_MEUR,SCA,B1GQ,CH,2003-Q1,83209.5
Q,CP_MEUR,SCA,B1GQ,CH,2003-Q2,80724
Q,CP_MEUR,SCA,B1GQ,CH,2003-Q3,80169.3
Q,CP_MEUR,SCA,B1GQ,CH,2003-Q4,80701.1
Q,CP_MEUR,SCA,B1GQ,CH,2004-Q1,80400.7
Q,CP_MEUR,SCA,B1GQ,CH,2004-Q2,82599.4
Q,CP_MEUR,SCA,B1GQ,CH,2004-Q3,82764.7
Q,CP_MEUR,SCA,B1GQ,CH,2004-Q4,83459.3
Q,CP_MEUR,SCA,B1GQ,CH,2005-Q1,83490.6
Q,CP_MEUR,SCA,B1GQ,CH,2005-Q2,84870.6
Q,CP_MEUR,SCA,B1GQ,CH,2005-Q3,85631.8
Q,CP_MEUR,SCA,B1GQ,CH,2005-Q4,87315.7
Q,CP_MEUR,SCA,B1GQ,CH,2006-Q1,88273.5
Q,CP_MEUR,SCA,B1GQ,CH,2006-Q2,89240.8
Q,CP_MEUR,SCA,B1GQ,CH,2006-Q3,89491.5
Q,CP_MEUR,SCA,B1GQ,CH,2006-Q4,90468.8
Q,CP_MEUR,SCA,B1GQ,CH,2007-Q1,90525.5
Q,CP_MEUR,SCA,B1GQ,CH,2007-Q2,90508.1
Q,CP_MEUR,SCA,B1GQ,CH,2007-Q3,91667.3
Q,CP_MEUR,SCA,B1GQ,CH,2007-Q4,92063
Q,CP_MEUR,SCA,B1GQ,CH,2008-Q1,96377.6
Q,CP_MEUR,SCA,B1GQ,CH,2008-Q2,97122.3
Q,CP_MEUR,SCA,B1GQ,CH,2008-Q3,97599.5
Q,CP_MEUR,SCA,B1GQ,CH,2008-Q4,101193
Q,CP_MEUR,SCA,B1GQ,CH,2009-Q1,101300.6
Q,CP_MEUR,SCA,B1GQ,CH,2009-Q2,100563.6
Q,CP_MEUR,SCA,B1GQ,CH,2009-Q3,101373.6
Q,CP_MEUR,SCA,B1GQ,CH,2009-Q4,102847.3
Q,CP_MEUR,SCA,B1GQ,CH,2010-Q1,107365.9
Q,CP_MEUR,SCA,B1GQ,CH,2010-Q2,112552.4
Q,CP_MEUR,SCA,B1GQ,CH,2010-Q3,119562.7
Q,CP_MEUR,SCA,B1GQ,CH,2010-Q4,121555.1
Q,CP_MEUR,SCA,B1GQ,CH,2011-Q1,125218.5
Q,CP_MEUR,SCA,B1GQ,CH,2011-Q2,129388.9
Q,CP_MEUR,SCA,B1GQ,CH,2011-Q3,138201.9
Q,CP_MEUR,SCA,B1GQ,CH,2011-Q4,131407
Q,CP_MEUR,SCA,B1GQ,CH,2012-Q1,134550.8
Q,CP_MEUR,SCA,B1GQ,CH,2012-Q2,135622.3
Q,CP_MEUR,SCA,B1GQ,CH,2012-Q3,136627.1
Q,CP_MEUR,SCA,B1GQ,CH,2012-Q4,136278.3
Q,CP_MEUR,SCA,B1GQ,CH,2013-Q1,134390.8
Q,CP_MEUR,SCA,B1GQ,CH,2013-Q2,134999.2
Q,CP_MEUR,SCA,B1GQ,CH,2013-Q3,135588.3
Q,CP_MEUR,SCA,B1GQ,CH,2013-Q4,136444.4
Q,CP_MEUR,SCA,B1GQ,CH,2014-Q1,137793.5
Q,CP_MEUR,SCA,B1GQ,CH,2014-Q2,139338.9
Q,CP_MEUR,SCA,B1GQ,CH,2014-Q3,140494.2
Q,CP_MEUR,SCA,B1GQ,CH,2014-Q4,141576.3
Q,CP_MEUR,SCA,B1GQ,CH,2015-Q1,158152
Q,CP_MEUR,SCA,B1GQ,CH,2015-Q2,162590.7
Q,CP_MEUR,SCA,B1GQ,CH,2015-Q3,158540.8
Q,CP_MEUR,SCA,B1GQ,CH,2015-Q4,157305.6
Q,CP_MEUR,SCA,B1GQ,CH,2016-Q1,156271
Q,CP_MEUR,SCA,B1GQ,CH,2016-Q2,157038.3
Q,CP_MEUR,SCA,B1GQ,CH,2016-Q3,158636.7
Q,CP_MEUR,SCA,B1GQ,CH,2016-Q4,159411.6
Q,CP_MEUR,SCA,B1GQ,CH,2017-Q1,160541.9
Q,CP_MEUR,SCA,B1GQ,CH,2017-Q2,159318.3
Q,CP_MEUR,SCA,B1GQ,CH,2017-Q3,154351.5
Q,CP_MEUR,SCA,B1GQ,CH,2017-Q4,152314.7
Q,CP_MEUR,SCA,B1GQ,CH,2018-Q1,153498.1
Q,CP_MEUR,SCA,B1GQ,CH,2018-Q2,155101.1
Q,CP_MEUR,SCA,B1GQ,CH,2018-Q3,158702.4
Q,CP_MEUR,SCA,B1GQ,CH,2018-Q4,160156.5
Q,CP_MEUR,SCA,B1GQ,CH,2019-Q1,160922.2
Q,CP_MEUR,SCA,B1GQ,CH,2019-Q2,162586.8
Q,CP_MEUR,SCA,B1GQ,CH,2019-Q3,167375.5
Q,CP_MEUR,SCA,B1GQ,CH,2019-Q4,167193.5
Q,CP_MEUR,SCA,B1GQ,CH,2020-Q1,168972.7
Q,CP_MEUR,SCA,B1GQ,CH,2020-Q2,158733.6
Q,CP_MEUR,SCA,B1GQ,CH,2020-Q3,166636.5
Q,CP_MEUR,SCA,B1GQ,CH,2020-Q4,168508.1
Q,CP_MEUR,SCA,B1GQ,CH,2021-Q1,168313.1
Q,CP_MEUR,SCA,B1GQ,CH,2021-Q2,173319.3
Q,CP_MEUR,SCA,B1GQ,CH,2021-Q3,180602.9
Q,CP_MEUR,SCA,B1GQ,CH,2021-Q4,188092.6
Q,CP_MEUR,SCA,B1GQ,CH,2022-Q1,194226.9
Q,CP_MEUR,SCA,B1GQ,CH,2022-Q2,198667
Q,CP_MEUR,SCA,B1GQ,CH,2022-Q3,212095.8
Q,CP_MEUR,SCA,B1GQ,CH,2022-Q4,211241.5
Q,CP_MEUR,SCA,B1GQ,CH,2023-Q1,210822.8
Q,CP_MEUR,SCA,B1GQ,CH,2023-Q2,213050.7
Q,CP_MEUR,SCA,B1GQ,CH,2023-Q3,217447.4
Q,CP_MEUR,SCA,B1GQ,CH,2023-Q4,220614.7
Q,CP_MEUR,SCA,B1GQ,CH,2024-Q1,223218.7
Q,CP_MEUR,SCA,B1GQ,CH,2024-Q2,220101.3
Q,CP_MEUR,SCA,B1GQ,CH,2024-Q3,227650.9
Q,CP_MEUR,SCA,B1GQ,CH,2024-Q4,233136.7
Q,CP_MEUR,SCA,B1GQ,CH,2025-Q1,233898.1
Q,CP_MEUR,SCA,B1GQ,CH,2025-Q2,236089.7
Q,CP_MEUR,SCA,B1GQ,CH,2025-Q3,234765.7
Q,CP_MEUR,SCA,B1GQ,CH,2025-Q4,236295.8
Q,CP_MEUR,SCA,B1GQ,CH,2026-Q1,242380.3
Q,CP_MEUR,SCA,B1GQ,CH,2026-Q2,246235.8
Q,CP_MEUR,SCA,B1GQ,BA,1978-Q1,
Q,CP_MEUR,SCA,B1GQ,BA,1978-Q2,
Q,CP_MEUR,SCA,B1GQ,BA,1978-Q3,
Q,CP_MEUR,SCA,B1GQ,BA,1978-Q4,
Q,CP_MEUR,SCA,B1GQ,BA,1979-Q1,
Q,CP_MEUR,SCA,B1GQ,BA,1979-Q2,
Q,CP_MEUR,SCA,B1GQ,BA,1979-Q3,
Q,CP_MEUR,SCA,B1GQ,BA,1979-Q4,
Q,CP_MEUR,SCA,B1GQ,BA,1980-Q1,
Q,CP_MEUR,SCA,B1GQ,BA,1980-Q2,
Q,CP_MEUR,SCA,B1GQ,BA,1980-Q3,
Q,CP_MEUR,SCA,B1GQ,BA,1980-Q4,
Q,CP_MEUR,SCA,B1GQ,BA,1981-Q1,
Q,CP_MEUR,SCA,B1GQ,BA,1981-Q2,
Q,CP_MEUR,SCA,B1GQ,BA,1981-Q3,
Q,CP_MEUR,SCA,B1GQ,BA,1981-Q4,
Q,CP_MEUR,SCA,B1GQ,BA,1982-Q1,
Q,CP_MEUR,SCA,B1GQ,BA,1982-Q2,
Q,CP_MEUR,SCA,B1GQ,BA,1982-Q3,
Q,CP_MEUR,SCA,B1GQ,BA,1982-Q4,
Q,CP_MEUR,SCA,B1GQ,BA,1983-Q1,
Q,CP_MEUR,SCA,B1GQ,BA,1983-Q2,
Q,CP_MEUR,SCA,B1GQ,BA,1983-Q3,
Q,CP_MEUR,SCA,B1GQ,BA,1983-Q4,
Q,CP_MEUR,SCA,B1GQ,BA,1984-Q1,
Q,CP_MEUR,SCA,B1GQ,BA,1984-Q2,
Q,CP_MEUR,SCA,B1GQ,BA,1984-Q3,
Q,CP_MEUR,SCA,B1GQ,BA,1984-Q4,
Q,CP_MEUR,SCA,B1GQ,BA,1985-Q1,
Q,CP_MEUR,SCA,B1GQ,BA,1985-Q2,
Q,CP_MEUR,SCA,B1GQ,BA,1985-Q3,
Q,CP_MEUR,SCA,B1GQ,BA,1985-Q4,
Q,CP_MEUR,SCA,B1GQ,BA,1986-Q1,
Q,CP_MEUR,SCA,B1GQ,BA,1986-Q2,
Q,CP_MEUR,SCA,B1GQ,BA,1986-Q3,
Q,CP_MEUR,SCA,B1GQ,BA,1986-Q4,
Q,CP_MEUR,SCA,B1GQ,BA,1987-Q1,
Q,CP_MEUR,SCA,B1GQ,BA,1987-Q2,
Q,CP_MEUR,SCA,B1GQ,BA,1987-Q3,
Q,CP_MEUR,SCA,B1GQ,BA,1987-Q4,
Q,CP_MEUR,SCA,B1GQ,BA,1988-Q1,
Q,CP_MEUR,SCA,B1GQ,BA,1988-Q2,
Q,CP_MEUR,SCA,B1GQ,BA,1988-Q3,
Q,CP_MEUR,SCA,B1GQ,BA,1988-Q4,
Q,CP_MEUR,SCA,B1GQ,BA,1989-Q1,
Q,CP_MEUR,SCA,B1GQ,BA,1989-Q2,
Q,CP_MEUR,SCA,B1GQ,BA,1989-Q3,
Q,CP_MEUR,SCA,B1GQ,BA,1989-Q4,
Q,CP_MEUR,SCA,B1GQ,BA,1990-Q1,
Q,CP_MEUR,SCA,B1GQ,BA,1990-Q2,
Q,CP_MEUR,SCA,B1GQ,BA,1990-Q3,
Q,CP_MEUR,SCA,B1GQ,BA,1990-Q4,
Q,CP_MEUR,SCA,B1GQ,BA,1991-Q1,
Q,CP_MEUR,SCA,B1GQ,BA,1991-Q2,
Q,CP_MEUR,SCA,B1GQ,BA,1991-Q3,
Q,CP_MEUR,SCA,B1GQ,BA,1991-Q4,
Q,CP_MEUR,SCA,B1GQ,BA,1992-Q1,
Q,CP_MEUR,SCA,B1GQ,BA,1992-Q2,
Q,CP_MEUR,SCA,B1GQ,BA,1992-Q3,
Q,CP_MEUR,SCA,B1GQ,BA,1992-Q4,
Q,CP_MEUR,SCA,B1GQ,BA,1993-Q1,
Q,CP_MEUR,SCA,B1GQ,BA,1993-Q2,
Q,CP_MEUR,SCA,B1GQ,BA,1993-Q3,
Q,CP_MEUR,SCA,B1GQ,BA,1993-Q4,
Q,CP_MEUR,SCA,B1GQ,BA,1994-Q1,
Q,CP_MEUR,SCA,B1GQ,BA,1994-Q2,
Q,CP_MEUR,SCA,B1GQ,BA,1994-Q3,
Q,CP_MEUR,SCA,B1GQ,BA,1994-Q4,
Q,CP_MEUR,SCA,B1GQ,BA,1995-Q1,
Q,CP_MEUR,SCA,B1GQ,BA,1995-Q2,
Q,CP_MEUR,SCA,B1GQ,BA,1995-Q3,
Q,CP_MEUR,SCA,B1GQ,BA,1995-Q4,
Q,CP_MEUR,SCA,B1GQ,BA,1996-Q1,
Q,CP_MEUR,SCA,B1GQ,BA,1996-Q2,
Q,CP_MEUR,SCA,B1GQ,BA,1996-Q3,
Q,CP_MEUR,SCA,B1GQ,BA,1996-Q4,
Q,CP_MEUR,SCA,B1GQ,BA,1997-Q1,
Q,CP_MEUR,SCA,B1GQ,BA,1997-Q2,
Q,CP_MEUR,SCA,B1GQ,BA,1997-Q3,
Q,CP_MEUR,SCA,B1GQ,BA,1997-Q4,
Q,CP_MEUR,SCA,B1GQ,BA,1998-Q1,
Q,CP_MEUR,SCA,B1GQ,BA,1998-Q2,
Q,CP_MEUR,SCA,B1GQ,BA,1998-Q3,
Q,CP_MEUR,SCA,B1GQ,BA,1998-Q4,
Q,CP_MEUR,SCA,B1GQ,BA,1999-Q1,
Q,CP_MEUR,SCA,B1GQ,BA,1999-Q2,
Q,CP_MEUR,SCA,B1GQ,BA,1999-Q3,
Q,CP_MEUR,SCA,B1GQ,BA,1999-Q4,
Q,CP_MEUR,SCA,B1GQ,BA,2000-Q1,1523.7
Q,CP_MEUR,SCA,B1GQ,BA,2000-Q2,1509.5
Q,CP_MEUR,SCA,B1GQ,BA,2000-Q3,1487.5
Q,CP_MEUR,SCA,B1GQ,BA,2000-Q4,1522
Q,CP_MEUR,SCA,B1GQ,BA,2001-Q1,1594.1
Q,CP_MEUR,SCA,B1GQ,BA,2001-Q2,1602.1
Q,CP_MEUR,SCA,B1GQ,BA,2001-Q3,1613.3
Q,CP_MEUR,SCA,B1GQ,BA,2001-Q4,1670.2
Q,CP_MEUR,SCA,B1GQ,BA,2002-Q1,1743.5
Q,CP_MEUR,SCA,B1GQ,BA,2002-Q2,1774.3
Q,CP_MEUR,SCA,B1GQ,BA,2002-Q3,1787.7
Q,CP_MEUR,SCA,B1GQ,BA,2002-Q4,1839.3
Q,CP_MEUR,SCA,B1GQ,BA,2003-Q1,1843
Q,CP_MEUR,SCA,B1GQ,BA,2003-Q2,1860.8
Q,CP_MEUR,SCA,B1GQ,BA,2003-Q3,1875.5
Q,CP_MEUR,SCA,B1GQ,BA,2003-Q4,1947.4
Q,CP_MEUR,SCA,B1GQ,BA,2004-Q1,1941.4
Q,CP_MEUR,SCA,B1GQ,BA,2004-Q2,1990.4
Q,CP_MEUR,SCA,B1GQ,BA,2004-Q3,2063.2
Q,CP_MEUR,SCA,B1GQ,BA,2004-Q4,2183.4
Q,CP_MEUR,SCA,B1GQ,BA,2005-Q1,2126.5
Q,CP_MEUR,SCA,B1GQ,BA,2005-Q2,2220
Q,CP_MEUR,SCA,B1GQ,BA,2005-Q3,2299.4
Q,CP_MEUR,SCA,B1GQ,BA,2005-Q4,2380.9
Q,CP_MEUR,SCA,B1GQ,BA,2006-Q1,2440.5
Q,CP_MEUR,SCA,B1GQ,BA,2006-Q2,2523.4
Q,CP_MEUR,SCA,B1GQ,BA,2006-Q3,2606.7
Q,CP_MEUR,SCA,B1GQ,BA,2006-Q4,2688.2
Q,CP_MEUR,SCA,B1GQ,BA,2007-Q1,2761.6
Q,CP_MEUR,SCA,B1GQ,BA,2007-Q2,2827.2
Q,CP_MEUR,SCA,B1GQ,BA,2007-Q3,2943.7
Q,CP_MEUR,SCA,B1GQ,BA,2007-Q4,2999.9
Q,CP_MEUR,SCA,B1GQ,BA,2008-Q1,3154.4
Q,CP_MEUR,SCA,B1GQ,BA,2008-Q2,3228.2
Q,CP_MEUR,SCA,B1GQ,BA,2008-Q3,3367.5
Q,CP_MEUR,SCA,B1GQ,BA,2008-Q4,3300.4
Q,CP_MEUR,SCA,B1GQ,BA,2009-Q1,3189.3
Q,CP_MEUR,SCA,B1GQ,BA,2009-Q2,3198
Q,CP_MEUR,SCA,B1GQ,BA,2009-Q3,3172.3
Q,CP_MEUR,SCA,B1GQ,BA,2009-Q4,3125.3
Q,CP_MEUR,SCA,B1GQ,BA,2010-Q1,3224.2
Q,CP_MEUR,SCA,B1GQ,BA,2010-Q2,3281.8
Q,CP_MEUR,SCA,B1GQ,BA,2010-Q3,3191.4
Q,CP_MEUR,SCA,B1GQ,BA,2010-Q4,3274.3
Q,CP_MEUR,SCA,B1GQ,BA,2011-Q1,3376.2
Q,CP_MEUR,SCA,B1GQ,BA,2011-Q2,3363.3
Q,CP_MEUR,SCA,B1GQ,BA,2011-Q3,3351.7
Q,CP_MEUR,SCA,B1GQ,BA,2011-Q4,3319.7
Q,CP_MEUR,SCA,B1GQ,BA,2012-Q1,3254.3
Q,CP_MEUR,SCA,B1GQ,BA,2012-Q2,3340.3
Q,CP_MEUR,SCA,B1GQ,BA,2012-Q3,3424
Q,CP_MEUR,SCA,B1GQ,BA,2012-Q4,3389.3
Q,CP_MEUR,SCA,B1GQ,BA,2013-Q1,3403.6
Q,CP_MEUR,SCA,B1GQ,BA,2013-Q2,3433.6
Q,CP_MEUR,SCA,B1GQ,BA,2013-Q3,3452.7
Q,CP_MEUR,SCA,B1GQ,BA,2013-Q4,3403
Q,CP_MEUR,SCA,B1GQ,BA,2014-Q1,3519
Q,CP_MEUR,SCA,B1GQ,BA,2014-Q2,3445
Q,CP_MEUR,SCA,B1GQ,BA,2014-Q3,3464.6
Q,CP_MEUR,SCA,B1GQ,BA,2014-Q4,3559.2
Q,CP_MEUR,SCA,B1GQ,BA,2015-Q1,3645.8
Q,CP_MEUR,SCA,B1GQ,BA,2015-Q2,3702.1
Q,CP_MEUR,SCA,B1GQ,BA,2015-Q3,3704.3
Q,CP_MEUR,SCA,B1GQ,BA,2015-Q4,3735
Q,CP_MEUR,SCA,B1GQ,BA,2016-Q1,3770.8
Q,CP_MEUR,SCA,B1GQ,BA,2016-Q2,3825.1
Q,CP_MEUR,SCA,B1GQ,BA,2016-Q3,3924.3
Q,CP_MEUR,SCA,B1GQ,BA,2016-Q4,3950.6
Q,CP_MEUR,SCA,B1GQ,BA,2017-Q1,3949.8
Q,CP_MEUR,SCA,B1GQ,BA,2017-Q2,4014.8
Q,CP_MEUR,SCA,B1GQ,BA,2017-Q3,4145.9
Q,CP_MEUR,SCA,B1GQ,BA,2017-Q4,4148.6
Q,CP_MEUR,SCA,B1GQ,BA,2018-Q1,4223.8
Q,CP_MEUR,SCA,B1GQ,BA,2018-Q2,4340.7
Q,CP_MEUR,SCA,B1GQ,BA,2018-Q3,4372.1
Q,CP_MEUR,SCA,B1GQ,BA,2018-Q4,4416.7
Q,CP_MEUR,SCA,B1GQ,BA,2019-Q1,4435.1
Q,CP_MEUR,SCA,B1GQ,BA,2019-Q2,4594.1
Q,CP_MEUR,SCA,B1GQ,BA,2019-Q3,4642.4
Q,CP_MEUR,SCA,B1GQ,BA,2019-Q4,4624.8
Q,CP_MEUR,SCA,B1GQ,BA,2020-Q1,4578.2
Q,CP_MEUR,SCA,B1GQ,BA,2020-Q2,4224.3
Q,CP_MEUR,SCA,B1GQ,BA,2020-Q3,4427.3
Q,CP_MEUR,SCA,B1GQ,BA,2020-Q4,4531.2
Q,CP_MEUR,SCA,B1GQ,BA,2021-Q1,4821.1
Q,CP_MEUR,SCA,B1GQ,BA,2021-Q2,4895.3
Q,CP_MEUR,SCA,B1GQ,BA,2021-Q3,5061.1
Q,CP_MEUR,SCA,B1GQ,BA,2021-Q4,5236.1
Q,CP_MEUR,SCA,B1GQ,BA,2022-Q1,5449.8
Q,CP_MEUR,SCA,B1GQ,BA,2022-Q2,5815.4
Q,CP_MEUR,SCA,B1GQ,BA,2022-Q3,5878.7
Q,CP_MEUR,SCA,B1GQ,BA,2022-Q4,6176.9
Q,CP_MEUR,SCA,B1GQ,BA,2023-Q1,6220.8
Q,CP_MEUR,SCA,B1GQ,BA,2023-Q2,6322.4
Q,CP_MEUR,SCA,B1GQ,BA,2023-Q3,6399.6
Q,CP_MEUR,SCA,B1GQ,BA,2023-Q4,6580.5
Q,CP_MEUR,SCA,B1GQ,BA,2024-Q1,6714.1
Q,CP_MEUR,SCA,B1GQ,BA,2024-Q2,6840.9
Q,CP_MEUR,SCA,B1GQ,BA,2024-Q3,6916.5
Q,CP_MEUR,SCA,B1GQ,BA,2024-Q4,7010.1
Q,CP_MEUR,SCA,B1GQ,BA,2025-Q1,7038.7
Q,CP_MEUR,SCA,B1GQ,BA,2025-Q2,7221.6
Q,CP_MEUR,SCA,B1GQ,BA,2025-Q3,7296.9
Q,CP_MEUR,SCA,B1GQ,BA,2025-Q4,7356.1
Q,CP_MEUR,SCA,B1GQ,BA,2026-Q1,7220.1
Q,CP_MEUR,SCA,B1GQ,BA,2026-Q2,
Q,CP_MEUR,SCA,B1GQ,ME,1978-Q1,
Q,CP_MEUR,SCA,B1GQ,ME,1978-Q2,
Q,CP_MEUR,SCA,B1GQ,ME,1978-Q3,
Q,CP_MEUR,SCA,B1GQ,ME,1978-Q4,
Q,CP_MEUR,SCA,B1GQ,ME,1979-Q1,
Q,CP_MEUR,SCA,B1GQ,ME,1979-Q2,
Q,CP_MEUR,SCA,B1GQ,ME,1979-Q3,
Q,CP_MEUR,SCA,B1GQ,ME,1979-Q4,
Q,CP_MEUR,SCA,B1GQ,ME,1980-Q1,
Q,CP_MEUR,SCA,B1GQ,ME,1980-Q2,
Q,CP_MEUR,SCA,B1GQ,ME,1980-Q3,
Q,CP_MEUR,SCA,B1GQ,ME,1980-Q4,
Q,CP_MEUR,SCA,B1GQ,ME,1981-Q1,
Q,CP_MEUR,SCA,B1GQ,ME,1981-Q2,
Q,CP_MEUR,SCA,B1GQ,ME,1981-Q3,
Q,CP_MEUR,SCA,B1GQ,ME,1981-Q4,
Q,CP_MEUR,SCA,B1GQ,ME,1982-Q1,
Q,CP_MEUR,SCA,B1GQ,ME,1982-Q2,
Q,CP_MEUR,SCA,B1GQ,ME,1982-Q3,
Q,CP_MEUR,SCA,B1GQ,ME,1982-Q4,
Q,CP_MEUR,SCA,B1GQ,ME,1983-Q1,
Q,CP_MEUR,SCA,B1GQ,ME,1983-Q2,
Q,CP_MEUR,SCA,B1GQ,ME,1983-Q3,
Q,CP_MEUR,SCA,B1GQ,ME,1983-Q4,
Q,CP_MEUR,SCA,B1GQ,ME,1984-Q1,
Q,CP_MEUR,SCA,B1GQ,ME,1984-Q2,
Q,CP_MEUR,SCA,B1GQ,ME,1984-Q3,
Q,CP_MEUR,SCA,B1GQ,ME,1984-Q4,
Q,CP_MEUR,SCA,B1GQ,ME,1985-Q1,
Q,CP_MEUR,SCA,B1GQ,ME,1985-Q2,
Q,CP_MEUR,SCA,B1GQ,ME,1985-Q3,
Q,CP_MEUR,SCA,B1GQ,ME,1985-Q4,
Q,CP_MEUR,SCA,B1GQ,ME,1986-Q1,
Q,CP_MEUR,SCA,B1GQ,ME,1986-Q2,
Q,CP_MEUR,SCA,B1GQ,ME,1986-Q3,
Q,CP_MEUR,SCA,B1GQ,ME,1986-Q4,
Q,CP_MEUR,SCA,B1GQ,ME,1987-Q1,
Q,CP_MEUR,SCA,B1GQ,ME,1987-Q2,
Q,CP_MEUR,SCA,B1GQ,ME,1987-Q3,
Q,CP_MEUR,SCA,B1GQ,ME,1987-Q4,
Q,CP_MEUR,SCA,B1GQ,ME,1988-Q1,
Q,CP_MEUR,SCA,B1GQ,ME,1988-Q2,
Q,CP_MEUR,SCA,B1GQ,ME,1988-Q3,
Q,CP_MEUR,SCA,B1GQ,ME,1988-Q4,
Q,CP_MEUR,SCA,B1GQ,ME,1989-Q1,
Q,CP_MEUR,SCA,B1GQ,ME,1989-Q2,
Q,CP_MEUR,SCA,B1GQ,ME,1989-Q3,
Q,CP_MEUR,SCA,B1GQ,ME,1989-Q4,
Q,CP_MEUR,SCA,B1GQ,ME,1990-Q1,
Q,CP_MEUR,SCA,B1GQ,ME,1990-Q2,
Q,CP_MEUR,SCA,B1GQ,ME,1990-Q3,
Q,CP_MEUR,SCA,B1GQ,ME,1990-Q4,
Q,CP_MEUR,SCA,B1GQ,ME,1991-Q1,
Q,CP_MEUR,SCA,B1GQ,ME,1991-Q2,
Q,CP_MEUR,SCA,B1GQ,ME,1991-Q3,
Q,CP_MEUR,SCA,B1GQ,ME,1991-Q4,
Q,CP_MEUR,SCA,B1GQ,ME,1992-Q1,
Q,CP_MEUR,SCA,B1GQ,ME,1992-Q2,
Q,CP_MEUR,SCA,B1GQ,ME,1992-Q3,
Q,CP_MEUR,SCA,B1GQ,ME,1992-Q4,
Q,CP_MEUR,SCA,B1GQ,ME,1993-Q1,
Q,CP_MEUR,SCA,B1GQ,ME,1993-Q2,
Q,CP_MEUR,SCA,B1GQ,ME,1993-Q3,
Q,CP_MEUR,SCA,B1GQ,ME,1993-Q4,
Q,CP_MEUR,SCA,B1GQ,ME,1994-Q1,
Q,CP_MEUR,SCA,B1GQ,ME,1994-Q2,
Q,CP_MEUR,SCA,B1GQ,ME,1994-Q3,
Q,CP_MEUR,SCA,B1GQ,ME,1994-Q4,
Q,CP_MEUR,SCA,B1GQ,ME,1995-Q1,
Q,CP_MEUR,SCA,B1GQ,ME,1995-Q2,
Q,CP_MEUR,SCA,B1GQ,ME,1995-Q3,
Q,CP_MEUR,SCA,B1GQ,ME,1995-Q4,
Q,CP_MEUR,SCA,B1GQ,ME,1996-Q1,
Q,CP_MEUR,SCA,B1GQ,ME,1996-Q2,
Q,CP_MEUR,SCA,B1GQ,ME,1996-Q3,
Q,CP_MEUR,SCA,B1GQ,ME,1996-Q4,
Q,CP_MEUR,SCA,B1GQ,ME,1997-Q1,
Q,CP_MEUR,SCA,B1GQ,ME,1997-Q2,
Q,CP_MEUR,SCA,B1GQ,ME,1997-Q3,
Q,CP_MEUR,SCA,B1GQ,ME,1997-Q4,
Q,CP_MEUR,SCA,B1GQ,ME,1998-Q1,
Q,CP_MEUR,SCA,B1GQ,ME,1998-Q2,
Q,CP_MEUR,SCA,B1GQ,ME,1998-Q3,
Q,CP_MEUR,SCA,B1GQ,ME,1998-Q4,
Q,CP_MEUR,SCA,B1GQ,ME,1999-Q1,
Q,CP_MEUR,SCA,B1GQ,ME,1999-Q2,
Q,CP_MEUR,SCA,B1GQ,ME,1999-Q3,
Q,CP_MEUR,SCA,B1GQ,ME,1999-Q4,
Q,CP_MEUR,SCA,B1GQ,ME,2000-Q1,
Q,CP_MEUR,SCA,B1GQ,ME,2000-Q2,
Q,CP_MEUR,SCA,B1GQ,ME,2000-Q3,
Q,CP_MEUR,SCA,B1GQ,ME,2000-Q4,
Q,CP_MEUR,SCA,B1GQ,ME,2001-Q1,
Q,CP_MEUR,SCA,B1GQ,ME,2001-Q2,
Q,CP_MEUR,SCA,B1GQ,ME,2001-Q3,
Q,CP_MEUR,SCA,B1GQ,ME,2001-Q4,
Q,CP_MEUR,SCA,B1GQ,ME,2002-Q1,
Q,CP_MEUR,SCA,B1GQ,ME,2002-Q2,
Q,CP_MEUR,SCA,B1GQ,ME,2002-Q3,
Q,CP_MEUR,SCA,B1GQ,ME,2002-Q4,
Q,CP_MEUR,SCA,B1GQ,ME,2003-Q1,
Q,CP_MEUR,SCA,B1GQ,ME,2003-Q2,
Q,CP_MEUR,SCA,B1GQ,ME,2003-Q3,
Q,CP_MEUR,SCA,B1GQ,ME,2003-Q4,
Q,CP_MEUR,SCA,B1GQ,ME,2004-Q1,
Q,CP_MEUR,SCA,B1GQ,ME,2004-Q2,
Q,CP_MEUR,SCA,B1GQ,ME,2004-Q3,
Q,CP_MEUR,SCA,B1GQ,ME,2004-Q4,
Q,CP_MEUR,SCA,B1GQ,ME,2005-Q1,
Q,CP_MEUR,SCA,B1GQ,ME,2005-Q2,
Q,CP_MEUR,SCA,B1GQ,ME,2005-Q3,
Q,CP_MEUR,SCA,B1GQ,ME,2005-Q4,
Q,CP_MEUR,SCA,B1GQ,ME,2006-Q1,493.9
Q,CP_MEUR,SCA,B1GQ,ME,2006-Q2,527.8
Q,CP_MEUR,SCA,B1GQ,ME,2006-Q3,546.5
Q,CP_MEUR,SCA,B1GQ,ME,2006-Q4,578.6
Q,CP_MEUR,SCA,B1GQ,ME,2007-Q1,616.5
Q,CP_MEUR,SCA,B1GQ,ME,2007-Q2,641.5
Q,CP_MEUR,SCA,B1GQ,ME,2007-Q3,684.9
Q,CP_MEUR,SCA,B1GQ,ME,2007-Q4,703.4
Q,CP_MEUR,SCA,B1GQ,ME,2008-Q1,719.6
Q,CP_MEUR,SCA,B1GQ,ME,2008-Q2,811.3
Q,CP_MEUR,SCA,B1GQ,ME,2008-Q3,765.6
Q,CP_MEUR,SCA,B1GQ,ME,2008-Q4,793.5
Q,CP_MEUR,SCA,B1GQ,ME,2009-Q1,727.1
Q,CP_MEUR,SCA,B1GQ,ME,2009-Q2,740.4
Q,CP_MEUR,SCA,B1GQ,ME,2009-Q3,758.9
Q,CP_MEUR,SCA,B1GQ,ME,2009-Q4,754.6
Q,CP_MEUR,SCA,B1GQ,ME,2010-Q1,779.4
Q,CP_MEUR,SCA,B1GQ,ME,2010-Q2,772.5
Q,CP_MEUR,SCA,B1GQ,ME,2010-Q3,769.5
Q,CP_MEUR,SCA,B1GQ,ME,2010-Q4,801.2
Q,CP_MEUR,SCA,B1GQ,ME,2011-Q1,799
Q,CP_MEUR,SCA,B1GQ,ME,2011-Q2,808.7
Q,CP_MEUR,SCA,B1GQ,ME,2011-Q3,812.9
Q,CP_MEUR,SCA,B1GQ,ME,2011-Q4,802.5
Q,CP_MEUR,SCA,B1GQ,ME,2012-Q1,787.3
Q,CP_MEUR,SCA,B1GQ,ME,2012-Q2,792.7
Q,CP_MEUR,SCA,B1GQ,ME,2012-Q3,794
Q,CP_MEUR,SCA,B1GQ,ME,2012-Q4,798.1
Q,CP_MEUR,SCA,B1GQ,ME,2013-Q1,816.8
Q,CP_MEUR,SCA,B1GQ,ME,2013-Q2,825.2
Q,CP_MEUR,SCA,B1GQ,ME,2013-Q3,835.4
Q,CP_MEUR,SCA,B1GQ,ME,2013-Q4,841.4
Q,CP_MEUR,SCA,B1GQ,ME,2014-Q1,850.2
Q,CP_MEUR,SCA,B1GQ,ME,2014-Q2,851.2
Q,CP_MEUR,SCA,B1GQ,ME,2014-Q3,863.2
Q,CP_MEUR,SCA,B1GQ,ME,2014-Q4,874.3
Q,CP_MEUR,SCA,B1GQ,ME,2015-Q1,881.7
Q,CP_MEUR,SCA,B1GQ,ME,2015-Q2,896.4
Q,CP_MEUR,SCA,B1GQ,ME,2015-Q3,905.8
Q,CP_MEUR,SCA,B1GQ,ME,2015-Q4,921
Q,CP_MEUR,SCA,B1GQ,ME,2016-Q1,945.3
Q,CP_MEUR,SCA,B1GQ,ME,2016-Q2,964.8
Q,CP_MEUR,SCA,B1GQ,ME,2016-Q3,987.8
Q,CP_MEUR,SCA,B1GQ,ME,2016-Q4,1013
Q,CP_MEUR,SCA,B1GQ,ME,2017-Q1,1027.2
Q,CP_MEUR,SCA,B1GQ,ME,2017-Q2,1047
Q,CP_MEUR,SCA,B1GQ,ME,2017-Q3,1069.4
Q,CP_MEUR,SCA,B1GQ,ME,2017-Q4,1087.4
Q,CP_MEUR,SCA,B1GQ,ME,2018-Q1,1113.6
Q,CP_MEUR,SCA,B1GQ,ME,2018-Q2,1136.9
Q,CP_MEUR,SCA,B1GQ,ME,2018-Q3,1148.3
Q,CP_MEUR,SCA,B1GQ,ME,2018-Q4,1166.9
Q,CP_MEUR,SCA,B1GQ,ME,2019-Q1,1185.6
Q,CP_MEUR,SCA,B1GQ,ME,2019-Q2,1207.5
Q,CP_MEUR,SCA,B1GQ,ME,2019-Q3,1229.2
Q,CP_MEUR,SCA,B1GQ,ME,2019-Q4,1224.5
Q,CP_MEUR,SCA,B1GQ,ME,2020-Q1,1205.5
Q,CP_MEUR,SCA,B1GQ,ME,2020-Q2,956.7
Q,CP_MEUR,SCA,B1GQ,ME,2020-Q3,942.1
Q,CP_MEUR,SCA,B1GQ,ME,2020-Q4,1136
Q,CP_MEUR,SCA,B1GQ,ME,2021-Q1,1194.3
Q,CP_MEUR,SCA,B1GQ,ME,2021-Q2,1225.2
Q,CP_MEUR,SCA,B1GQ,ME,2021-Q3,1264.5
Q,CP_MEUR,SCA,B1GQ,ME,2021-Q4,1305.3
Q,CP_MEUR,SCA,B1GQ,ME,2022-Q1,1403.3
Q,CP_MEUR,SCA,B1GQ,ME,2022-Q2,1447
Q,CP_MEUR,SCA,B1GQ,ME,2022-Q3,1508
Q,CP_MEUR,SCA,B1GQ,ME,2022-Q4,1599.8
Q,CP_MEUR,SCA,B1GQ,ME,2023-Q1,1661
Q,CP_MEUR,SCA,B1GQ,ME,2023-Q2,1748.6
Q,CP_MEUR,SCA,B1GQ,ME,2023-Q3,1802.4
Q,CP_MEUR,SCA,B1GQ,ME,2023-Q4,1839.3
Q,CP_MEUR,SCA,B1GQ,ME,2024-Q1,1867.8
Q,CP_MEUR,SCA,B1GQ,ME,2024-Q2,1893
Q,CP_MEUR,SCA,B1GQ,ME,2024-Q3,1930.3
Q,CP_MEUR,SCA,B1GQ,ME,2024-Q4,1967.5
Q,CP_MEUR,SCA,B1GQ,ME,2025-Q1,1993.9
Q,CP_MEUR,SCA,B1GQ,ME,2025-Q2,2035.5
Q,CP_MEUR,SCA,B1GQ,ME,2025-Q3,2064.7
Q,CP_MEUR,SCA,B1GQ,ME,2025-Q4,2087.8
Q,CP_MEUR,SCA,B1GQ,ME,2026-Q1,2118.2
Q,CP_MEUR,SCA,B1GQ,ME,2026-Q2,2160
Q,CP_MEUR,SCA,B1GQ,MD,1978-Q1,
Q,CP_MEUR,SCA,B1GQ,MD,1978-Q2,
Q,CP_MEUR,SCA,B1GQ,MD,1978-Q3,
Q,CP_MEUR,SCA,B1GQ,MD,1978-Q4,
Q,CP_MEUR,SCA,B1GQ,MD,1979-Q1,
Q,CP_MEUR,SCA,B1GQ,MD,1979-Q2,
Q,CP_MEUR,SCA,B1GQ,MD,1979-Q3,
Q,CP_MEUR,SCA,B1GQ,MD,1979-Q4,
Q,CP_MEUR,SCA,B1GQ,MD,1980-Q1,
Q,CP_MEUR,SCA,B1GQ,MD,1980-Q2,
Q,CP_MEUR,SCA,B1GQ,MD,1980-Q3,
Q,CP_MEUR,SCA,B1GQ,MD,1980-Q4,
Q,CP_MEUR,SCA,B1GQ,MD,1981-Q1,
Q,CP_MEUR,SCA,B1GQ,MD,1981-Q2,
Q,CP_MEUR,SCA,B1GQ,MD,1981-Q3,
Q,CP_MEUR,SCA,B1GQ,MD,1981-Q4,
Q,CP_MEUR,SCA,B1GQ,MD,1982-Q1,
Q,CP_MEUR,SCA,B1GQ,MD,1982-Q2,
Q,CP_MEUR,SCA,B1GQ,MD,1982-Q3,
Q,CP_MEUR,SCA,B1GQ,MD,1982-Q4,
Q,CP_MEUR,SCA,B1GQ,MD,1983-Q1,
Q,CP_MEUR,SCA,B1GQ,MD,1983-Q2,
Q,CP_MEUR,SCA,B1GQ,MD,1983-Q3,
Q,CP_MEUR,SCA,B1GQ,MD,1983-Q4,
Q,CP_MEUR,SCA,B1GQ,MD,1984-Q1,
Q,CP_MEUR,SCA,B1GQ,MD,1984-Q2,
Q,CP_MEUR,SCA,B1GQ,MD,1984-Q3,
Q,CP_MEUR,SCA,B1GQ,MD,1984-Q4,
Q,CP_MEUR,SCA,B1GQ,MD,1985-Q1,
Q,CP_MEUR,SCA,B1GQ,MD,1985-Q2,
Q,CP_MEUR,SCA,B1GQ,MD,1985-Q3,
Q,CP_MEUR,SCA,B1GQ,MD,1985-Q4,
Q,CP_MEUR,SCA,B1GQ,MD,1986-Q1,
Q,CP_MEUR,SCA,B1GQ,MD,1986-Q2,
Q,CP_MEUR,SCA,B1GQ,MD,1986-Q3,
Q,CP_MEUR,SCA,B1GQ,MD,1986-Q4,
Q,CP_MEUR,SCA,B1GQ,MD,1987-Q1,
Q,CP_MEUR,SCA,B1GQ,MD,1987-Q2,
Q,CP_MEUR,SCA,B1GQ,MD,1987-Q3,
Q,CP_MEUR,SCA,B1GQ,MD,1987-Q4,
Q,CP_MEUR,SCA,B1GQ,MD,1988-Q1,
Q,CP_MEUR,SCA,B1GQ,MD,1988-Q2,
Q,CP_MEUR,SCA,B1GQ,MD,1988-Q3,
Q,CP_MEUR,SCA,B1GQ,MD,1988-Q4,
Q,CP_MEUR,SCA,B1GQ,MD,1989-Q1,
Q,CP_MEUR,SCA,B1GQ,MD,1989-Q2,
Q,CP_MEUR,SCA,B1GQ,MD,1989-Q3,
Q,CP_MEUR,SCA,B1GQ,MD,1989-Q4,
Q,CP_MEUR,SCA,B1GQ,MD,1990-Q1,
Q,CP_MEUR,SCA,B1GQ,MD,1990-Q2,
Q,CP_MEUR,SCA,B1GQ,MD,1990-Q3,
Q,CP_MEUR,SCA,B1GQ,MD,1990-Q4,
Q,CP_MEUR,SCA,B1GQ,MD,1991-Q1,
Q,CP_MEUR,SCA,B1GQ,MD,1991-Q2,
Q,CP_MEUR,SCA,B1GQ,MD,1991-Q3,
Q,CP_MEUR,SCA,B1GQ,MD,1991-Q4,
Q,CP_MEUR,SCA,B1GQ,MD,1992-Q1,
Q,CP_MEUR,SCA,B1GQ,MD,1992-Q2,
Q,CP_MEUR,SCA,B1GQ,MD,1992-Q3,
Q,CP_MEUR,SCA,B1GQ,MD,1992-Q4,
Q,CP_MEUR,SCA,B1GQ,MD,1993-Q1,
Q,CP_MEUR,SCA,B1GQ,MD,1993-Q2,
Q,CP_MEUR,SCA,B1GQ,MD,1993-Q3,
Q,CP_MEUR,SCA,B1GQ,MD,1993-Q4,
Q,CP_MEUR,SCA,B1GQ,MD,1994-Q1,
Q,CP_MEUR,SCA,B1GQ,MD,1994-Q2,
Q,CP_MEUR,SCA,B1GQ,MD,1994-Q3,
Q,CP_MEUR,SCA,B1GQ,MD,1994-Q4,
Q,CP_MEUR,SCA,B1GQ,MD,1995-Q1,
Q,CP_MEUR,SCA,B1GQ,MD,1995-Q2,
Q,CP_MEUR,SCA,B1GQ,MD,1995-Q3,
Q,CP_MEUR,SCA,B1GQ,MD,1995-Q4,
Q,CP_MEUR,SCA,B1GQ,MD,1996-Q1,
Q,CP_MEUR,SCA,B1GQ,MD,1996-Q2,
Q,CP_MEUR,SCA,B1GQ,MD,1996-Q3,
Q,CP_MEUR,SCA,B1GQ,MD,1996-Q4,
Q,CP_MEUR,SCA,B1GQ,MD,1997-Q1,
Q,CP_MEUR,SCA,B1GQ,MD,1997-Q2,
Q,CP_MEUR,SCA,B1GQ,MD,1997-Q3,
Q,CP_MEUR,SCA,B1GQ,MD,1997-Q4,
Q,CP_MEUR,SCA,B1GQ,MD,1998-Q1,
Q,CP_MEUR,SCA,B1GQ,MD,1998-Q2,
Q,CP_MEUR,SCA,B1GQ,MD,1998-Q3,
Q,CP_MEUR,SCA,B1GQ,MD,1998-Q4,
Q,CP_MEUR,SCA,B1GQ,MD,1999-Q1,
Q,CP_MEUR,SCA,B1GQ,MD,1999-Q2,
Q,CP_MEUR,SCA,B1GQ,MD,1999-Q3,
Q,CP_MEUR,SCA,B1GQ,MD,1999-Q4,
Q,CP_MEUR,SCA,B1GQ,MD,2000-Q1,
Q,CP_MEUR,SCA,B1GQ,MD,2000-Q2,
Q,CP_MEUR,SCA,B1GQ,MD,2000-Q3,
Q,CP_MEUR,SCA,B1GQ,MD,2000-Q4,
Q,CP_MEUR,SCA,B1GQ,MD,2001-Q1,
Q,CP_MEUR,SCA,B1GQ,MD,2001-Q2,
Q,CP_MEUR,SCA,B1GQ,MD,2001-Q3,
Q,CP_MEUR,SCA,B1GQ,MD,2001-Q4,
Q,CP_MEUR,SCA,B1GQ,MD,2002-Q1,
Q,CP_MEUR,SCA,B1GQ,MD,2002-Q2,
Q,CP_MEUR,SCA,B1GQ,MD,2002-Q3,
Q,CP_MEUR,SCA,B1GQ,MD,2002-Q4,
Q,CP_MEUR,SCA,B1GQ,MD,2003-Q1,
Q,CP_MEUR,SCA,B1GQ,MD,2003-Q2,
Q,CP_MEUR,SCA,B1GQ,MD,2003-Q3,
Q,CP_MEUR,SCA,B1GQ,MD,2003-Q4,
Q,CP_MEUR,SCA,B1GQ,MD,2004-Q1,
Q,CP_MEUR,SCA,B1GQ,MD,2004-Q2,
Q,CP_MEUR,SCA,B1GQ,MD,2004-Q3,
Q,CP_MEUR,SCA,B1GQ,MD,2004-Q4,
Q,CP_MEUR,SCA,B1GQ,MD,2005-Q1,
Q,CP_MEUR,SCA,B1GQ,MD,2005-Q2,
Q,CP_MEUR,SCA,B1GQ,MD,2005-Q3,
Q,CP_MEUR,SCA,B1GQ,MD,2005-Q4,
Q,CP_MEUR,SCA,B1GQ,MD,2006-Q1,
Q,CP_MEUR,SCA,B1GQ,MD,2006-Q2,
Q,CP_MEUR,SCA,B1GQ,MD,2006-Q3,
Q,CP_MEUR,SCA,B1GQ,MD,2006-Q4,
Q,CP_MEUR,SCA,B1GQ,MD,2007-Q1,
Q,CP_MEUR,SCA,B1GQ,MD,2007-Q2,
Q,CP_MEUR,SCA,B1GQ,MD,2007-Q3,
Q,CP_MEUR,SCA,B1GQ,MD,2007-Q4,
Q,CP_MEUR,SCA,B1GQ,MD,2008-Q1,
Q,CP_MEUR,SCA,B1GQ,MD,2008-Q2,
Q,CP_MEUR,SCA,B1GQ,MD,2008-Q3,
Q,CP_MEUR,SCA,B1GQ,MD,2008-Q4,
Q,CP_MEUR,SCA,B1GQ,MD,2009-Q1,
Q,CP_MEUR,SCA,B1GQ,MD,2009-Q2,
Q,CP_MEUR,SCA,B1GQ,MD,2009-Q3,
Q,CP_MEUR,SCA,B1GQ,MD,2009-Q4,
Q,CP_MEUR,SCA,B1GQ,MD,2010-Q1,
Q,CP_MEUR,SCA,B1GQ,MD,2010-Q2,
Q,CP_MEUR,SCA,B1GQ,MD,2010-Q3,
Q,CP_MEUR,SCA,B1GQ,MD,2010-Q4,
Q,CP_MEUR,SCA,B1GQ,MD,2011-Q1,
Q,CP_MEUR,SCA,B1GQ,MD,2011-Q2,
Q,CP_MEUR,SCA,B1GQ,MD,2011-Q3,
Q,CP_MEUR,SCA,B1GQ,MD,2011-Q4,
Q,CP_MEUR,SCA,B1GQ,MD,2012-Q1,
Q,CP_MEUR,SCA,B1GQ,MD,2012-Q2,
Q,CP_MEUR,SCA,B1GQ,MD,2012-Q3,
Q,CP_MEUR,SCA,B1GQ,MD,2012-Q4,
Q,CP_MEUR,SCA,B1GQ,MD,2013-Q1,
Q,CP_MEUR,SCA,B1GQ,MD,2013-Q2,
Q,CP_MEUR,SCA,B1GQ,MD,2013-Q3,
Q,CP_MEUR,SCA,B1GQ,MD,2013-Q4,
Q,CP_MEUR,SCA,B1GQ,MD,2014-Q1,
Q,CP_MEUR,SCA,B1GQ,MD,2014-Q2,
Q,CP_MEUR,SCA,B1GQ,MD,2014-Q3,
Q,CP_MEUR,SCA,B1GQ,MD,2014-Q4,
Q,CP_MEUR,SCA,B1GQ,MD,2015-Q1,
Q,CP_MEUR,SCA,B1GQ,MD,2015-Q2,
Q,CP_MEUR,SCA,B1GQ,MD,2015-Q3,
Q,CP_MEUR,SCA,B1GQ,MD,2015-Q4,
Q,CP_MEUR,SCA,B1GQ,MD,2016-Q1,
Q,CP_MEUR,SCA,B1GQ,MD,2016-Q2,
Q,CP_MEUR,SCA,B1GQ,MD,2016-Q3,
Q,CP_MEUR,SCA,B1GQ,MD,2016-Q4,
Q,CP_MEUR,SCA,B1GQ,MD,2017-Q1,
Q,CP_MEUR,SCA,B1GQ,MD,2017-Q2,
Q,CP_MEUR,SCA,B1GQ,MD,2017-Q3,
Q,CP_MEUR,SCA,B1GQ,MD,2017-Q4,
Q,CP_MEUR,SCA,B1GQ,MD,2018-Q1,
Q,CP_MEUR,SCA,B1GQ,MD,2018-Q2,
Q,CP_MEUR,SCA,B1GQ,MD,2018-Q3,
Q,CP_MEUR,SCA,B1GQ,MD,2018-Q4,
Q,CP_MEUR,SCA,B1GQ,MD,2019-Q1,
Q,CP_MEUR,SCA,B1GQ,MD,2019-Q2,
Q,CP_MEUR,SCA,B1GQ,MD,2019-Q3,
Q,CP_MEUR,SCA,B1GQ,MD,2019-Q4,
Q,CP_MEUR,SCA,B1GQ,MD,2020-Q1,
Q,CP_MEUR,SCA,B1GQ,MD,2020-Q2,
Q,CP_MEUR,SCA,B1GQ,MD,2020-Q3,
Q,CP_MEUR,SCA,B1GQ,MD,2020-Q4,
Q,CP_MEUR,SCA,B1GQ,MD,2021-Q1,
Q,CP_MEUR,SCA,B1GQ,MD,2021-Q2,
Q,CP_MEUR,SCA,B1GQ,MD,2021-Q3,
Q,CP_MEUR,SCA,B1GQ,MD,2021-Q4,
Q,CP_MEUR,SCA,B1GQ,MD,2022-Q1,
Q,CP_MEUR,SCA,B1GQ,MD,2022-Q2,
Q,CP_MEUR,SCA,B1GQ,MD,2022-Q3,
Q,CP_MEUR,SCA,B1GQ,MD,2022-Q4,
Q,CP_MEUR,SCA,B1GQ,MD,2023-Q1,
Q,CP_MEUR,SCA,B1GQ,MD,2023-Q2,
Q,CP_MEUR,SCA,B1GQ,MD,2023-Q3,
Q,CP_MEUR,SCA,B1GQ,MD,2023-Q4,
Q,CP_MEUR,SCA,B1GQ,MD,2024-Q1,
Q,CP_MEUR,SCA,B1GQ,MD,2024-Q2,
Q,CP_MEUR,SCA,B1GQ,MD,2024-Q3,
Q,CP_MEUR,SCA,B1GQ,MD,2024-Q4,
Q,CP_MEUR,SCA,B1GQ,MD,2025-Q1,
Q,CP_MEUR,SCA,B1GQ,MD,2025-Q2,
Q,CP_MEUR,SCA,B1GQ,MD,2025-Q3,
Q,CP_MEUR,SCA,B1GQ,MD,2025-Q4,
Q,CP_MEUR,SCA,B1GQ,MD,2026-Q1,
Q,CP_MEUR,SCA,B1GQ,MD,2026-Q2,
Q,CP_MEUR,SCA,B1GQ,MK,1978-Q1,
Q,CP_MEUR,SCA,B1GQ,MK,1978-Q2,
Q,CP_MEUR,SCA,B1GQ,MK,1978-Q3,
Q,CP_MEUR,SCA,B1GQ,MK,1978-Q4,
Q,CP_MEUR,SCA,B1GQ,MK,1979-Q1,
Q,CP_MEUR,SCA,B1GQ,MK,1979-Q2,
Q,CP_MEUR,SCA,B1GQ,MK,1979-Q3,
Q,CP_MEUR,SCA,B1GQ,MK,1979-Q4,
Q,CP_MEUR,SCA,B1GQ,MK,1980-Q1,
Q,CP_MEUR,SCA,B1GQ,MK,1980-Q2,
Q,CP_MEUR,SCA,B1GQ,MK,1980-Q3,
Q,CP_MEUR,SCA,B1GQ,MK,1980-Q4,
Q,CP_MEUR,SCA,B1GQ,MK,1981-Q1,
Q,CP_MEUR,SCA,B1GQ,MK,1981-Q2,
Q,CP_MEUR,SCA,B1GQ,MK,1981-Q3,
Q,CP_MEUR,SCA,B1GQ,MK,1981-Q4,
Q,CP_MEUR,SCA,B1GQ,MK,1982-Q1,
Q,CP_MEUR,SCA,B1GQ,MK,1982-Q2,
Q,CP_MEUR,SCA,B1GQ,MK,1982-Q3,
Q,CP_MEUR,SCA,B1GQ,MK,1982-Q4,
Q,CP_MEUR,SCA,B1GQ,MK,1983-Q1,
Q,CP_MEUR,SCA,B1GQ,MK,1983-Q2,
Q,CP_MEUR,SCA,B1GQ,MK,1983-Q3,
Q,CP_MEUR,SCA,B1GQ,MK,1983-Q4,
Q,CP_MEUR,SCA,B1GQ,MK,1984-Q1,
Q,CP_MEUR,SCA,B1GQ,MK,1984-Q2,
Q,CP_MEUR,SCA,B1GQ,MK,1984-Q3,
Q,CP_MEUR,SCA,B1GQ,MK,1984-Q4,
Q,CP_MEUR,SCA,B1GQ,MK,1985-Q1,
Q,CP_MEUR,SCA,B1GQ,MK,1985-Q2,
Q,CP_MEUR,SCA,B1GQ,MK,1985-Q3,
Q,CP_MEUR,SCA,B1GQ,MK,1985-Q4,
Q,CP_MEUR,SCA,B1GQ,MK,1986-Q1,
Q,CP_MEUR,SCA,B1GQ,MK,1986-Q2,
Q,CP_MEUR,SCA,B1GQ,MK,1986-Q3,
Q,CP_MEUR,SCA,B1GQ,MK,1986-Q4,
Q,CP_MEUR,SCA,B1GQ,MK,1987-Q1,
Q,CP_MEUR,SCA,B1GQ,MK,1987-Q2,
Q,CP_MEUR,SCA,B1GQ,MK,1987-Q3,
Q,CP_MEUR,SCA,B1GQ,MK,1987-Q4,
Q,CP_MEUR,SCA,B1GQ,MK,1988-Q1,
Q,CP_MEUR,SCA,B1GQ,MK,1988-Q2,
Q,CP_MEUR,SCA,B1GQ,MK,1988-Q3,
Q,CP_MEUR,SCA,B1GQ,MK,1988-Q4,
Q,CP_MEUR,SCA,B1GQ,MK,1989-Q1,
Q,CP_MEUR,SCA,B1GQ,MK,1989-Q2,
Q,CP_MEUR,SCA,B1GQ,MK,1989-Q3,
Q,CP_MEUR,SCA,B1GQ,MK,1989-Q4,
Q,CP_MEUR,SCA,B1GQ,MK,1990-Q1,
Q,CP_MEUR,SCA,B1GQ,MK,1990-Q2,
Q,CP_MEUR,SCA,B1GQ,MK,1990-Q3,
Q,CP_MEUR,SCA,B1GQ,MK,1990-Q4,
Q,CP_MEUR,SCA,B1GQ,MK,1991-Q1,
Q,CP_MEUR,SCA,B1GQ,MK,1991-Q2,
Q,CP_MEUR,SCA,B1GQ,MK,1991-Q3,
Q,CP_MEUR,SCA,B1GQ,MK,1991-Q4,
Q,CP_MEUR,SCA,B1GQ,MK,1992-Q1,
Q,CP_MEUR,SCA,B1GQ,MK,1992-Q2,
Q,CP_MEUR,SCA,B1GQ,MK,1992-Q3,
Q,CP_MEUR,SCA,B1GQ,MK,1992-Q4,
Q,CP_MEUR,SCA,B1GQ,MK,1993-Q1,
Q,CP_MEUR,SCA,B1GQ,MK,1993-Q2,
Q,CP_MEUR,SCA,B1GQ,MK,1993-Q3,
Q,CP_MEUR,SCA,B1GQ,MK,1993-Q4,
Q,CP_MEUR,SCA,B1GQ,MK,1994-Q1,
Q,CP_MEUR,SCA,B1GQ,MK,1994-Q2,
Q,CP_MEUR,SCA,B1GQ,MK,1994-Q3,
Q,CP_MEUR,SCA,B1GQ,MK,1994-Q4,
Q,CP_MEUR,SCA,B1GQ,MK,1995-Q1,
Q,CP_MEUR,SCA,B1GQ,MK,1995-Q2,
Q,CP_MEUR,SCA,B1GQ,MK,1995-Q3,
Q,CP_MEUR,SCA,B1GQ,MK,1995-Q4,
Q,CP_MEUR,SCA,B1GQ,MK,1996-Q1,
Q,CP_MEUR,SCA,B1GQ,MK,1996-Q2,
Q,CP_MEUR,SCA,B1GQ,MK,1996-Q3,
Q,CP_MEUR,SCA,B1GQ,MK,1996-Q4,
Q,CP_MEUR,SCA,B1GQ,MK,1997-Q1,
Q,CP_MEUR,SCA,B1GQ,MK,1997-Q2,
Q,CP_MEUR,SCA,B1GQ,MK,1997-Q3,
Q,CP_MEUR,SCA,B1GQ,MK,1997-Q4,
Q,CP_MEUR,SCA,B1GQ,MK,1998-Q1,
Q,CP_MEUR,SCA,B1GQ,MK,1998-Q2,
Q,CP_MEUR,SCA,B1GQ,MK,1998-Q3,
Q,CP_MEUR,SCA,B1GQ,MK,1998-Q4,
Q,CP_MEUR,SCA,B1GQ,MK,1999-Q1,
Q,CP_MEUR,SCA,B1GQ,MK,1999-Q2,
Q,CP_MEUR,SCA,B1GQ,MK,1999-Q3,
Q,CP_MEUR,SCA,B1GQ,MK,1999-Q4,
Q,CP_MEUR,SCA,B1GQ,MK,2000-Q1,980.7
Q,CP_MEUR,SCA,B1GQ,MK,2000-Q2,1040.9
Q,CP_MEUR,SCA,B1GQ,MK,2000-Q3,1044.8
Q,CP_MEUR,SCA,B1GQ,MK,2000-Q4,1026.5
Q,CP_MEUR,SCA,B1GQ,MK,2001-Q1,1065.5
Q,CP_MEUR,SCA,B1GQ,MK,2001-Q2,1026.9
Q,CP_MEUR,SCA,B1GQ,MK,2001-Q3,1007.5
Q,CP_MEUR,SCA,B1GQ,MK,2001-Q4,1044.9
Q,CP_MEUR,SCA,B1GQ,MK,2002-Q1,1057
Q,CP_MEUR,SCA,B1GQ,MK,2002-Q2,1038.3
Q,CP_MEUR,SCA,B1GQ,MK,2002-Q3,1062.1
Q,CP_MEUR,SCA,B1GQ,MK,2002-Q4,1078.7
Q,CP_MEUR,SCA,B1GQ,MK,2003-Q1,1102.5
Q,CP_MEUR,SCA,B1GQ,MK,2003-Q2,1092.7
Q,CP_MEUR,SCA,B1GQ,MK,2003-Q3,1091.5
Q,CP_MEUR,SCA,B1GQ,MK,2003-Q4,1093.6
Q,CP_MEUR,SCA,B1GQ,MK,2004-Q1,1086.9
Q,CP_MEUR,SCA,B1GQ,MK,2004-Q2,1081.6
Q,CP_MEUR,SCA,B1GQ,MK,2004-Q3,1131.3
Q,CP_MEUR,SCA,B1GQ,MK,2004-Q4,1255.9
Q,CP_MEUR,SCA,B1GQ,MK,2005-Q1,1154.9
Q,CP_MEUR,SCA,B1GQ,MK,2005-Q2,1245.9
Q,CP_MEUR,SCA,B1GQ,MK,2005-Q3,1272
Q,CP_MEUR,SCA,B1GQ,MK,2005-Q4,1339.2
Q,CP_MEUR,SCA,B1GQ,MK,2006-Q1,1325.7
Q,CP_MEUR,SCA,B1GQ,MK,2006-Q2,1386.3
Q,CP_MEUR,SCA,B1GQ,MK,2006-Q3,1375
Q,CP_MEUR,SCA,B1GQ,MK,2006-Q4,1381.2
Q,CP_MEUR,SCA,B1GQ,MK,2007-Q1,1460
Q,CP_MEUR,SCA,B1GQ,MK,2007-Q2,1487.5
Q,CP_MEUR,SCA,B1GQ,MK,2007-Q3,1557.5
Q,CP_MEUR,SCA,B1GQ,MK,2007-Q4,1574.8
Q,CP_MEUR,SCA,B1GQ,MK,2008-Q1,1631.3
Q,CP_MEUR,SCA,B1GQ,MK,2008-Q2,1649.6
Q,CP_MEUR,SCA,B1GQ,MK,2008-Q3,1705.6
Q,CP_MEUR,SCA,B1GQ,MK,2008-Q4,1770.3
Q,CP_MEUR,SCA,B1GQ,MK,2009-Q1,1674.4
Q,CP_MEUR,SCA,B1GQ,MK,2009-Q2,1685.5
Q,CP_MEUR,SCA,B1GQ,MK,2009-Q3,1683.2
Q,CP_MEUR,SCA,B1GQ,MK,2009-Q4,1731.5
Q,CP_MEUR,SCA,B1GQ,MK,2010-Q1,1771.7
Q,CP_MEUR,SCA,B1GQ,MK,2010-Q2,1758.6
Q,CP_MEUR,SCA,B1GQ,MK,2010-Q3,1812.6
Q,CP_MEUR,SCA,B1GQ,MK,2010-Q4,1774.3
Q,CP_MEUR,SCA,B1GQ,MK,2011-Q1,1856.1
Q,CP_MEUR,SCA,B1GQ,MK,2011-Q2,1897.3
Q,CP_MEUR,SCA,B1GQ,MK,2011-Q3,1876.3
Q,CP_MEUR,SCA,B1GQ,MK,2011-Q4,1914.7
Q,CP_MEUR,SCA,B1GQ,MK,2012-Q1,1863.3
Q,CP_MEUR,SCA,B1GQ,MK,2012-Q2,1864.2
Q,CP_MEUR,SCA,B1GQ,MK,2012-Q3,1944.2
Q,CP_MEUR,SCA,B1GQ,MK,2012-Q4,1919.2
Q,CP_MEUR,SCA,B1GQ,MK,2013-Q1,1943.5
Q,CP_MEUR,SCA,B1GQ,MK,2013-Q2,2051.9
Q,CP_MEUR,SCA,B1GQ,MK,2013-Q3,2070.6
Q,CP_MEUR,SCA,B1GQ,MK,2013-Q4,2087.9
Q,CP_MEUR,SCA,B1GQ,MK,2014-Q1,2127
Q,CP_MEUR,SCA,B1GQ,MK,2014-Q2,2160.6
Q,CP_MEUR,SCA,B1GQ,MK,2014-Q3,2129.8
Q,CP_MEUR,SCA,B1GQ,MK,2014-Q4,2159.4
Q,CP_MEUR,SCA,B1GQ,MK,2015-Q1,2247.2
Q,CP_MEUR,SCA,B1GQ,MK,2015-Q2,2247.3
Q,CP_MEUR,SCA,B1GQ,MK,2015-Q3,2279.6
Q,CP_MEUR,SCA,B1GQ,MK,2015-Q4,2304.2
Q,CP_MEUR,SCA,B1GQ,MK,2016-Q1,2360.4
Q,CP_MEUR,SCA,B1GQ,MK,2016-Q2,2376.6
Q,CP_MEUR,SCA,B1GQ,MK,2016-Q3,2450.1
Q,CP_MEUR,SCA,B1GQ,MK,2016-Q4,2469.7
Q,CP_MEUR,SCA,B1GQ,MK,2017-Q1,2495.2
Q,CP_MEUR,SCA,B1GQ,MK,2017-Q2,2461.9
Q,CP_MEUR,SCA,B1GQ,MK,2017-Q3,2542.6
Q,CP_MEUR,SCA,B1GQ,MK,2017-Q4,2543.4
Q,CP_MEUR,SCA,B1GQ,MK,2018-Q1,2631.2
Q,CP_MEUR,SCA,B1GQ,MK,2018-Q2,2664.4
Q,CP_MEUR,SCA,B1GQ,MK,2018-Q3,2682.8
Q,CP_MEUR,SCA,B1GQ,MK,2018-Q4,2760.4
Q,CP_MEUR,SCA,B1GQ,MK,2019-Q1,2759.3
Q,CP_MEUR,SCA,B1GQ,MK,2019-Q2,2830.3
Q,CP_MEUR,SCA,B1GQ,MK,2019-Q3,2857.5
Q,CP_MEUR,SCA,B1GQ,MK,2019-Q4,2812.3
Q,CP_MEUR,SCA,B1GQ,MK,2020-Q1,2835.4
Q,CP_MEUR,SCA,B1GQ,MK,2020-Q2,2355.8
Q,CP_MEUR,SCA,B1GQ,MK,2020-Q3,2786.4
Q,CP_MEUR,SCA,B1GQ,MK,2020-Q4,2869
Q,CP_MEUR,SCA,B1GQ,MK,2021-Q1,2911.2
Q,CP_MEUR,SCA,B1GQ,MK,2021-Q2,2932
Q,CP_MEUR,SCA,B1GQ,MK,2021-Q3,2966.2
Q,CP_MEUR,SCA,B1GQ,MK,2021-Q4,3008.9
Q,CP_MEUR,SCA,B1GQ,MK,2022-Q1,3116.6
Q,CP_MEUR,SCA,B1GQ,MK,2022-Q2,3270.1
Q,CP_MEUR,SCA,B1GQ,MK,2022-Q3,3319.6
Q,CP_MEUR,SCA,B1GQ,MK,2022-Q4,3486.6
Q,CP_MEUR,SCA,B1GQ,MK,2023-Q1,3597.9
Q,CP_MEUR,SCA,B1GQ,MK,2023-Q2,3589
Q,CP_MEUR,SCA,B1GQ,MK,2023-Q3,3706.3
Q,CP_MEUR,SCA,B1GQ,MK,2023-Q4,3732.1
Q,CP_MEUR,SCA,B1GQ,MK,2024-Q1,3780.8
Q,CP_MEUR,SCA,B1GQ,MK,2024-Q2,3845.2
Q,CP_MEUR,SCA,B1GQ,MK,2024-Q3,3934.1
Q,CP_MEUR,SCA,B1GQ,MK,2024-Q4,4049.1
Q,CP_MEUR,SCA,B1GQ,MK,2025-Q1,4030.6
Q,CP_MEUR,SCA,B1GQ,MK,2025-Q2,4164.5
Q,CP_MEUR,SCA,B1GQ,MK,2025-Q3,4309.4
Q,CP_MEUR,SCA,B1GQ,MK,2025-Q4,4374.7
Q,CP_MEUR,SCA,B1GQ,MK,2026-Q1,4377.8
Q,CP_MEUR,SCA,B1GQ,MK,2026-Q2,4503.6
Q,CP_MEUR,SCA,B1GQ,AL,1978-Q1,
Q,CP_MEUR,SCA,B1GQ,AL,1978-Q2,
Q,CP_MEUR,SCA,B1GQ,AL,1978-Q3,
Q,CP_MEUR,SCA,B1GQ,AL,1978-Q4,
Q,CP_MEUR,SCA,B1GQ,AL,1979-Q1,
Q,CP_MEUR,SCA,B1GQ,AL,1979-Q2,
Q,CP_MEUR,SCA,B1GQ,AL,1979-Q3,
Q,CP_MEUR,SCA,B1GQ,AL,1979-Q4,
Q,CP_MEUR,SCA,B1GQ,AL,1980-Q1,
Q,CP_MEUR,SCA,B1GQ,AL,1980-Q2,
Q,CP_MEUR,SCA,B1GQ,AL,1980-Q3,
Q,CP_MEUR,SCA,B1GQ,AL,1980-Q4,
Q,CP_MEUR,SCA,B1GQ,AL,1981-Q1,
Q,CP_MEUR,SCA,B1GQ,AL,1981-Q2,
Q,CP_MEUR,SCA,B1GQ,AL,1981-Q3,
Q,CP_MEUR,SCA,B1GQ,AL,1981-Q4,
Q,CP_MEUR,SCA,B1GQ,AL,1982-Q1,
Q,CP_MEUR,SCA,B1GQ,AL,1982-Q2,
Q,CP_MEUR,SCA,B1GQ,AL,1982-Q3,
Q,CP_MEUR,SCA,B1GQ,AL,1982-Q4,
Q,CP_MEUR,SCA,B1GQ,AL,1983-Q1,
Q,CP_MEUR,SCA,B1GQ,AL,1983-Q2,
Q,CP_MEUR,SCA,B1GQ,AL,1983-Q3,
Q,CP_MEUR,SCA,B1GQ,AL,1983-Q4,
Q,CP_MEUR,SCA,B1GQ,AL,1984-Q1,
Q,CP_MEUR,SCA,B1GQ,AL,1984-Q2,
Q,CP_MEUR,SCA,B1GQ,AL,1984-Q3,
Q,CP_MEUR,SCA,B1GQ,AL,1984-Q4,
Q,CP_MEUR,SCA,B1GQ,AL,1985-Q1,
Q,CP_MEUR,SCA,B1GQ,AL,1985-Q2,
Q,CP_MEUR,SCA,B1GQ,AL,1985-Q3,
Q,CP_MEUR,SCA,B1GQ,AL,1985-Q4,
Q,CP_MEUR,SCA,B1GQ,AL,1986-Q1,
Q,CP_MEUR,SCA,B1GQ,AL,1986-Q2,
Q,CP_MEUR,SCA,B1GQ,AL,1986-Q3,
Q,CP_MEUR,SCA,B1GQ,AL,1986-Q4,
Q,CP_MEUR,SCA,B1GQ,AL,1987-Q1,
Q,CP_MEUR,SCA,B1GQ,AL,1987-Q2,
Q,CP_MEUR,SCA,B1GQ,AL,1987-Q3,
Q,CP_MEUR,SCA,B1GQ,AL,1987-Q4,
Q,CP_MEUR,SCA,B1GQ,AL,1988-Q1,
Q,CP_MEUR,SCA,B1GQ,AL,1988-Q2,
Q,CP_MEUR,SCA,B1GQ,AL,1988-Q3,
Q,CP_MEUR,SCA,B1GQ,AL,1988-Q4,
Q,CP_MEUR,SCA,B1GQ,AL,1989-Q1,
Q,CP_MEUR,SCA,B1GQ,AL,1989-Q2,
Q,CP_MEUR,SCA,B1GQ,AL,1989-Q3,
Q,CP_MEUR,SCA,B1GQ,AL,1989-Q4,
Q,CP_MEUR,SCA,B1GQ,AL,1990-Q1,
Q,CP_MEUR,SCA,B1GQ,AL,1990-Q2,
Q,CP_MEUR,SCA,B1GQ,AL,1990-Q3,
Q,CP_MEUR,SCA,B1GQ,AL,1990-Q4,
Q,CP_MEUR,SCA,B1GQ,AL,1991-Q1,
Q,CP_MEUR,SCA,B1GQ,AL,1991-Q2,
Q,CP_MEUR,SCA,B1GQ,AL,1991-Q3,
Q,CP_MEUR,SCA,B1GQ,AL,1991-Q4,
Q,CP_MEUR,SCA,B1GQ,AL,1992-Q1,
Q,CP_MEUR,SCA,B1GQ,AL,1992-Q2,
Q,CP_MEUR,SCA,B1GQ,AL,1992-Q3,
Q,CP_MEUR,SCA,B1GQ,AL,1992-Q4,
Q,CP_MEUR,SCA,B1GQ,AL,1993-Q1,
Q,CP_MEUR,SCA,B1GQ,AL,1993-Q2,
Q,CP_MEUR,SCA,B1GQ,AL,1993-Q3,
Q,CP_MEUR,SCA,B1GQ,AL,1993-Q4,
Q,CP_MEUR,SCA,B1GQ,AL,1994-Q1,
Q,CP_MEUR,SCA,B1GQ,AL,1994-Q2,
Q,CP_MEUR,SCA,B1GQ,AL,1994-Q3,
Q,CP_MEUR,SCA,B1GQ,AL,1994-Q4,
Q,CP_MEUR,SCA,B1GQ,AL,1995-Q1,512.8
Q,CP_MEUR,SCA,B1GQ,AL,1995-Q2,531.9
Q,CP_MEUR,SCA,B1GQ,AL,1995-Q3,571.3
Q,CP_MEUR,SCA,B1GQ,AL,1995-Q4,604.5
Q,CP_MEUR,SCA,B1GQ,AL,1996-Q1,629.7
Q,CP_MEUR,SCA,B1GQ,AL,1996-Q2,613.2
Q,CP_MEUR,SCA,B1GQ,AL,1996-Q3,619.1
Q,CP_MEUR,SCA,B1GQ,AL,1996-Q4,681.8
Q,CP_MEUR,SCA,B1GQ,AL,1997-Q1,556.3
Q,CP_MEUR,SCA,B1GQ,AL,1997-Q2,449.3
Q,CP_MEUR,SCA,B1GQ,AL,1997-Q3,488.3
Q,CP_MEUR,SCA,B1GQ,AL,1997-Q4,537.7
Q,CP_MEUR,SCA,B1GQ,AL,1998-Q1,539.4
Q,CP_MEUR,SCA,B1GQ,AL,1998-Q2,558.7
Q,CP_MEUR,SCA,B1GQ,AL,1998-Q3,600.5
Q,CP_MEUR,SCA,B1GQ,AL,1998-Q4,624.3
Q,CP_MEUR,SCA,B1GQ,AL,1999-Q1,681.1
Q,CP_MEUR,SCA,B1GQ,AL,1999-Q2,745.1
Q,CP_MEUR,SCA,B1GQ,AL,1999-Q3,818
Q,CP_MEUR,SCA,B1GQ,AL,1999-Q4,857.7
Q,CP_MEUR,SCA,B1GQ,AL,2000-Q1,902.2
Q,CP_MEUR,SCA,B1GQ,AL,2000-Q2,947.8
Q,CP_MEUR,SCA,B1GQ,AL,2000-Q3,1005.1
Q,CP_MEUR,SCA,B1GQ,AL,2000-Q4,1049.6
Q,CP_MEUR,SCA,B1GQ,AL,2001-Q1,1063.5
Q,CP_MEUR,SCA,B1GQ,AL,2001-Q2,1155.8
Q,CP_MEUR,SCA,B1GQ,AL,2001-Q3,1143.9
Q,CP_MEUR,SCA,B1GQ,AL,2001-Q4,1213.3
Q,CP_MEUR,SCA,B1GQ,AL,2002-Q1,1257
Q,CP_MEUR,SCA,B1GQ,AL,2002-Q2,1173.6
Q,CP_MEUR,SCA,B1GQ,AL,2002-Q3,1188.9
Q,CP_MEUR,SCA,B1GQ,AL,2002-Q4,1235.2
Q,CP_MEUR,SCA,B1GQ,AL,2003-Q1,1237
Q,CP_MEUR,SCA,B1GQ,AL,2003-Q2,1253.9
Q,CP_MEUR,SCA,B1GQ,AL,2003-Q3,1320.5
Q,CP_MEUR,SCA,B1GQ,AL,2003-Q4,1337.7
Q,CP_MEUR,SCA,B1GQ,AL,2004-Q1,1383
Q,CP_MEUR,SCA,B1GQ,AL,2004-Q2,1475.7
Q,CP_MEUR,SCA,B1GQ,AL,2004-Q3,1569.8
Q,CP_MEUR,SCA,B1GQ,AL,2004-Q4,1584.7
Q,CP_MEUR,SCA,B1GQ,AL,2005-Q1,1590.7
Q,CP_MEUR,SCA,B1GQ,AL,2005-Q2,1675.5
Q,CP_MEUR,SCA,B1GQ,AL,2005-Q3,1718.9
Q,CP_MEUR,SCA,B1GQ,AL,2005-Q4,1734.2
Q,CP_MEUR,SCA,B1GQ,AL,2006-Q1,1768.2
Q,CP_MEUR,SCA,B1GQ,AL,2006-Q2,1809.5
Q,CP_MEUR,SCA,B1GQ,AL,2006-Q3,1878.1
Q,CP_MEUR,SCA,B1GQ,AL,2006-Q4,1914.5
Q,CP_MEUR,SCA,B1GQ,AL,2007-Q1,1926.5
Q,CP_MEUR,SCA,B1GQ,AL,2007-Q2,1986.1
Q,CP_MEUR,SCA,B1GQ,AL,2007-Q3,2098.3
Q,CP_MEUR,SCA,B1GQ,AL,2007-Q4,2237.1
Q,CP_MEUR,SCA,B1GQ,AL,2008-Q1,2224.4
Q,CP_MEUR,SCA,B1GQ,AL,2008-Q2,2274.7
Q,CP_MEUR,SCA,B1GQ,AL,2008-Q3,2340.1
Q,CP_MEUR,SCA,B1GQ,AL,2008-Q4,2334.6
Q,CP_MEUR,SCA,B1GQ,AL,2009-Q1,2318.7
Q,CP_MEUR,SCA,B1GQ,AL,2009-Q2,2284.9
Q,CP_MEUR,SCA,B1GQ,AL,2009-Q3,2253.6
Q,CP_MEUR,SCA,B1GQ,AL,2009-Q4,2139.4
Q,CP_MEUR,SCA,B1GQ,AL,2010-Q1,2224.4
Q,CP_MEUR,SCA,B1GQ,AL,2010-Q2,2329.2
Q,CP_MEUR,SCA,B1GQ,AL,2010-Q3,2325.6
Q,CP_MEUR,SCA,B1GQ,AL,2010-Q4,2297.8
Q,CP_MEUR,SCA,B1GQ,AL,2011-Q1,2364
Q,CP_MEUR,SCA,B1GQ,AL,2011-Q2,2264.8
Q,CP_MEUR,SCA,B1GQ,AL,2011-Q3,2344.3
Q,CP_MEUR,SCA,B1GQ,AL,2011-Q4,2422.8
Q,CP_MEUR,SCA,B1GQ,AL,2012-Q1,2366.2
Q,CP_MEUR,SCA,B1GQ,AL,2012-Q2,2376.1
Q,CP_MEUR,SCA,B1GQ,AL,2012-Q3,2461.9
Q,CP_MEUR,SCA,B1GQ,AL,2012-Q4,2395.4
Q,CP_MEUR,SCA,B1GQ,AL,2013-Q1,2457.6
Q,CP_MEUR,SCA,B1GQ,AL,2013-Q2,2434.9
Q,CP_MEUR,SCA,B1GQ,AL,2013-Q3,2341
Q,CP_MEUR,SCA,B1GQ,AL,2013-Q4,2474.6
Q,CP_MEUR,SCA,B1GQ,AL,2014-Q1,2480.3
Q,CP_MEUR,SCA,B1GQ,AL,2014-Q2,2492.6
Q,CP_MEUR,SCA,B1GQ,AL,2014-Q3,2510.3
Q,CP_MEUR,SCA,B1GQ,AL,2014-Q4,2531.3
Q,CP_MEUR,SCA,B1GQ,AL,2015-Q1,2487.2
Q,CP_MEUR,SCA,B1GQ,AL,2015-Q2,2600
Q,CP_MEUR,SCA,B1GQ,AL,2015-Q3,2650.7
Q,CP_MEUR,SCA,B1GQ,AL,2015-Q4,2631.6
Q,CP_MEUR,SCA,B1GQ,AL,2016-Q1,2670.4
Q,CP_MEUR,SCA,B1GQ,AL,2016-Q2,2695.4
Q,CP_MEUR,SCA,B1GQ,AL,2016-Q3,2729.2
Q,CP_MEUR,SCA,B1GQ,AL,2016-Q4,2820.9
Q,CP_MEUR,SCA,B1GQ,AL,2017-Q1,2845.4
Q,CP_MEUR,SCA,B1GQ,AL,2017-Q2,2950.3
Q,CP_MEUR,SCA,B1GQ,AL,2017-Q3,2953.5
Q,CP_MEUR,SCA,B1GQ,AL,2017-Q4,3018
Q,CP_MEUR,SCA,B1GQ,AL,2018-Q1,3121.9
Q,CP_MEUR,SCA,B1GQ,AL,2018-Q2,3271.5
Q,CP_MEUR,SCA,B1GQ,AL,2018-Q3,3294.1
Q,CP_MEUR,SCA,B1GQ,AL,2018-Q4,3343.9
Q,CP_MEUR,SCA,B1GQ,AL,2019-Q1,3392.8
Q,CP_MEUR,SCA,B1GQ,AL,2019-Q2,3486.9
Q,CP_MEUR,SCA,B1GQ,AL,2019-Q3,3572.7
Q,CP_MEUR,SCA,B1GQ,AL,2019-Q4,3438.6
Q,CP_MEUR,SCA,B1GQ,AL,2020-Q1,3375.1
Q,CP_MEUR,SCA,B1GQ,AL,2020-Q2,3059.8
Q,CP_MEUR,SCA,B1GQ,AL,2020-Q3,3485.8
Q,CP_MEUR,SCA,B1GQ,AL,2020-Q4,3494.3
Q,CP_MEUR,SCA,B1GQ,AL,2021-Q1,3596.2
Q,CP_MEUR,SCA,B1GQ,AL,2021-Q2,3817.5
Q,CP_MEUR,SCA,B1GQ,AL,2021-Q3,3856.5
Q,CP_MEUR,SCA,B1GQ,AL,2021-Q4,3970.9
Q,CP_MEUR,SCA,B1GQ,AL,2022-Q1,4240.4
Q,CP_MEUR,SCA,B1GQ,AL,2022-Q2,4372.7
Q,CP_MEUR,SCA,B1GQ,AL,2022-Q3,4649.7
Q,CP_MEUR,SCA,B1GQ,AL,2022-Q4,4779.6
Q,CP_MEUR,SCA,B1GQ,AL,2023-Q1,4936.4
Q,CP_MEUR,SCA,B1GQ,AL,2023-Q2,5277.3
Q,CP_MEUR,SCA,B1GQ,AL,2023-Q3,5662.8
Q,CP_MEUR,SCA,B1GQ,AL,2023-Q4,5864.8
Q,CP_MEUR,SCA,B1GQ,AL,2024-Q1,5957.4
Q,CP_MEUR,SCA,B1GQ,AL,2024-Q2,6157
Q,CP_MEUR,SCA,B1GQ,AL,2024-Q3,6340.6
Q,CP_MEUR,SCA,B1GQ,AL,2024-Q4,6518
Q,CP_MEUR,SCA,B1GQ,AL,2025-Q1,6548.1
Q,CP_MEUR,SCA,B1GQ,AL,2025-Q2,6676.9
Q,CP_MEUR,SCA,B1GQ,AL,2025-Q3,6833.1
Q,CP_MEUR,SCA,B1GQ,AL,2025-Q4,6972
Q,CP_MEUR,SCA,B1GQ,AL,2026-Q1,7042.5
Q,CP_MEUR,SCA,B1GQ,AL,2026-Q2,
Q,CP_MEUR,SCA,B1GQ,RS,1978-Q1,
Q,CP_MEUR,SCA,B1GQ,RS,1978-Q2,
Q,CP_MEUR,SCA,B1GQ,RS,1978-Q3,
Q,CP_MEUR,SCA,B1GQ,RS,1978-Q4,
Q,CP_MEUR,SCA,B1GQ,RS,1979-Q1,
Q,CP_MEUR,SCA,B1GQ,RS,1979-Q2,
Q,CP_MEUR,SCA,B1GQ,RS,1979-Q3,
Q,CP_MEUR,SCA,B1GQ,RS,1979-Q4,
Q,CP_MEUR,SCA,B1GQ,RS,1980-Q1,
Q,CP_MEUR,SCA,B1GQ,RS,1980-Q2,
Q,CP_MEUR,SCA,B1GQ,RS,1980-Q3,
Q,CP_MEUR,SCA,B1GQ,RS,1980-Q4,
Q,CP_MEUR,SCA,B1GQ,RS,1981-Q1,
Q,CP_MEUR,SCA,B1GQ,RS,1981-Q2,
Q,CP_MEUR,SCA,B1GQ,RS,1981-Q3,
Q,CP_MEUR,SCA,B1GQ,RS,1981-Q4,
Q,CP_MEUR,SCA,B1GQ,RS,1982-Q1,
Q,CP_MEUR,SCA,B1GQ,RS,1982-Q2,
Q,CP_MEUR,SCA,B1GQ,RS,1982-Q3,
Q,CP_MEUR,SCA,B1GQ,RS,1982-Q4,
Q,CP_MEUR,SCA,B1GQ,RS,1983-Q1,
Q,CP_MEUR,SCA,B1GQ,RS,1983-Q2,
Q,CP_MEUR,SCA,B1GQ,RS,1983-Q3,
Q,CP_MEUR,SCA,B1GQ,RS,1983-Q4,
Q,CP_MEUR,SCA,B1GQ,RS,1984-Q1,
Q,CP_MEUR,SCA,B1GQ,RS,1984-Q2,
Q,CP_MEUR,SCA,B1GQ,RS,1984-Q3,
Q,CP_MEUR,SCA,B1GQ,RS,1984-Q4,
Q,CP_MEUR,SCA,B1GQ,RS,1985-Q1,
Q,CP_MEUR,SCA,B1GQ,RS,1985-Q2,
Q,CP_MEUR,SCA,B1GQ,RS,1985-Q3,
Q,CP_MEUR,SCA,B1GQ,RS,1985-Q4,
Q,CP_MEUR,SCA,B1GQ,RS,1986-Q1,
Q,CP_MEUR,SCA,B1GQ,RS,1986-Q2,
Q,CP_MEUR,SCA,B1GQ,RS,1986-Q3,
Q,CP_MEUR,SCA,B1GQ,RS,1986-Q4,
Q,CP_MEUR,SCA,B1GQ,RS,1987-Q1,
Q,CP_MEUR,SCA,B1GQ,RS,1987-Q2,
Q,CP_MEUR,SCA,B1GQ,RS,1987-Q3,
Q,CP_MEUR,SCA,B1GQ,RS,1987-Q4,
Q,CP_MEUR,SCA,B1GQ,RS,1988-Q1,
Q,CP_MEUR,SCA,B1GQ,RS,1988-Q2,
Q,CP_MEUR,SCA,B1GQ,RS,1988-Q3,
Q,CP_MEUR,SCA,B1GQ,RS,1988-Q4,
Q,CP_MEUR,SCA,B1GQ,RS,1989-Q1,
Q,CP_MEUR,SCA,B1GQ,RS,1989-Q2,
Q,CP_MEUR,SCA,B1GQ,RS,1989-Q3,
Q,CP_MEUR,SCA,B1GQ,RS,1989-Q4,
Q,CP_MEUR,SCA,B1GQ,RS,1990-Q1,
Q,CP_MEUR,SCA,B1GQ,RS,1990-Q2,
Q,CP_MEUR,SCA,B1GQ,RS,1990-Q3,
Q,CP_MEUR,SCA,B1GQ,RS,1990-Q4,
Q,CP_MEUR,SCA,B1GQ,RS,1991-Q1,
Q,CP_MEUR,SCA,B1GQ,RS,1991-Q2,
Q,CP_MEUR,SCA,B1GQ,RS,1991-Q3,
Q,CP_MEUR,SCA,B1GQ,RS,1991-Q4,
Q,CP_MEUR,SCA,B1GQ,RS,1992-Q1,
Q,CP_MEUR,SCA,B1GQ,RS,1992-Q2,
Q,CP_MEUR,SCA,B1GQ,RS,1992-Q3,
Q,CP_MEUR,SCA,B1GQ,RS,1992-Q4,
Q,CP_MEUR,SCA,B1GQ,RS,1993-Q1,
Q,CP_MEUR,SCA,B1GQ,RS,1993-Q2,
Q,CP_MEUR,SCA,B1GQ,RS,1993-Q3,
Q,CP_MEUR,SCA,B1GQ,RS,1993-Q4,
Q,CP_MEUR,SCA,B1GQ,RS,1994-Q1,
Q,CP_MEUR,SCA,B1GQ,RS,1994-Q2,
Q,CP_MEUR,SCA,B1GQ,RS,1994-Q3,
Q,CP_MEUR,SCA,B1GQ,RS,1994-Q4,
Q,CP_MEUR,SCA,B1GQ,RS,1995-Q1,7435.9
Q,CP_MEUR,SCA,B1GQ,RS,1995-Q2,8105.6
Q,CP_MEUR,SCA,B1GQ,RS,1995-Q3,8559.1
Q,CP_MEUR,SCA,B1GQ,RS,1995-Q4,5338.1
Q,CP_MEUR,SCA,B1GQ,RS,1996-Q1,4157.4
Q,CP_MEUR,SCA,B1GQ,RS,1996-Q2,4803
Q,CP_MEUR,SCA,B1GQ,RS,1996-Q3,5293.1
Q,CP_MEUR,SCA,B1GQ,RS,1996-Q4,5488.1
Q,CP_MEUR,SCA,B1GQ,RS,1997-Q1,5587.5
Q,CP_MEUR,SCA,B1GQ,RS,1997-Q2,6001.7
Q,CP_MEUR,SCA,B1GQ,RS,1997-Q3,6552.4
Q,CP_MEUR,SCA,B1GQ,RS,1997-Q4,6546.3
Q,CP_MEUR,SCA,B1GQ,RS,1998-Q1,7320
Q,CP_MEUR,SCA,B1GQ,RS,1998-Q2,4446.7
Q,CP_MEUR,SCA,B1GQ,RS,1998-Q3,4555.8
Q,CP_MEUR,SCA,B1GQ,RS,1998-Q4,4771
Q,CP_MEUR,SCA,B1GQ,RS,1999-Q1,5100
Q,CP_MEUR,SCA,B1GQ,RS,1999-Q2,4181.1
Q,CP_MEUR,SCA,B1GQ,RS,1999-Q3,5230.6
Q,CP_MEUR,SCA,B1GQ,RS,1999-Q4,6058.5
Q,CP_MEUR,SCA,B1GQ,RS,2000-Q1,7499.6
Q,CP_MEUR,SCA,B1GQ,RS,2000-Q2,8877.6
Q,CP_MEUR,SCA,B1GQ,RS,2000-Q3,10349.6
Q,CP_MEUR,SCA,B1GQ,RS,2000-Q4,5592.5
Q,CP_MEUR,SCA,B1GQ,RS,2001-Q1,3284.2
Q,CP_MEUR,SCA,B1GQ,RS,2001-Q2,3648.9
Q,CP_MEUR,SCA,B1GQ,RS,2001-Q3,3999.2
Q,CP_MEUR,SCA,B1GQ,RS,2001-Q4,4274.4
Q,CP_MEUR,SCA,B1GQ,RS,2002-Q1,4370
Q,CP_MEUR,SCA,B1GQ,RS,2002-Q2,4601.3
Q,CP_MEUR,SCA,B1GQ,RS,2002-Q3,4911.5
Q,CP_MEUR,SCA,B1GQ,RS,2002-Q4,5075.6
Q,CP_MEUR,SCA,B1GQ,RS,2003-Q1,5086.3
Q,CP_MEUR,SCA,B1GQ,RS,2003-Q2,5207.9
Q,CP_MEUR,SCA,B1GQ,RS,2003-Q3,5300.9
Q,CP_MEUR,SCA,B1GQ,RS,2003-Q4,5255.7
Q,CP_MEUR,SCA,B1GQ,RS,2004-Q1,5174.5
Q,CP_MEUR,SCA,B1GQ,RS,2004-Q2,5305.2
Q,CP_MEUR,SCA,B1GQ,RS,2004-Q3,5424.3
Q,CP_MEUR,SCA,B1GQ,RS,2004-Q4,5576.9
Q,CP_MEUR,SCA,B1GQ,RS,2005-Q1,5353.4
Q,CP_MEUR,SCA,B1GQ,RS,2005-Q2,5763.5
Q,CP_MEUR,SCA,B1GQ,RS,2005-Q3,5651.1
Q,CP_MEUR,SCA,B1GQ,RS,2005-Q4,5920.4
Q,CP_MEUR,SCA,B1GQ,RS,2006-Q1,5926.6
Q,CP_MEUR,SCA,B1GQ,RS,2006-Q2,6279.7
Q,CP_MEUR,SCA,B1GQ,RS,2006-Q3,6877.3
Q,CP_MEUR,SCA,B1GQ,RS,2006-Q4,7463.3
Q,CP_MEUR,SCA,B1GQ,RS,2007-Q1,7793.9
Q,CP_MEUR,SCA,B1GQ,RS,2007-Q2,7917.2
Q,CP_MEUR,SCA,B1GQ,RS,2007-Q3,8243.9
Q,CP_MEUR,SCA,B1GQ,RS,2007-Q4,8781.5
Q,CP_MEUR,SCA,B1GQ,RS,2008-Q1,8889.7
Q,CP_MEUR,SCA,B1GQ,RS,2008-Q2,9397.3
Q,CP_MEUR,SCA,B1GQ,RS,2008-Q3,9826.8
Q,CP_MEUR,SCA,B1GQ,RS,2008-Q4,8984.5
Q,CP_MEUR,SCA,B1GQ,RS,2009-Q1,8239.7
Q,CP_MEUR,SCA,B1GQ,RS,2009-Q2,8345.7
Q,CP_MEUR,SCA,B1GQ,RS,2009-Q3,8597.1
Q,CP_MEUR,SCA,B1GQ,RS,2009-Q4,8595.4
Q,CP_MEUR,SCA,B1GQ,RS,2010-Q1,8162.3
Q,CP_MEUR,SCA,B1GQ,RS,2010-Q2,8127.1
Q,CP_MEUR,SCA,B1GQ,RS,2010-Q3,8202.4
Q,CP_MEUR,SCA,B1GQ,RS,2010-Q4,8331.7
Q,CP_MEUR,SCA,B1GQ,RS,2011-Q1,8947.5
Q,CP_MEUR,SCA,B1GQ,RS,2011-Q2,9316.4
Q,CP_MEUR,SCA,B1GQ,RS,2011-Q3,9260.6
Q,CP_MEUR,SCA,B1GQ,RS,2011-Q4,9307.8
Q,CP_MEUR,SCA,B1GQ,RS,2012-Q1,8736.4
Q,CP_MEUR,SCA,B1GQ,RS,2012-Q2,8650.4
Q,CP_MEUR,SCA,B1GQ,RS,2012-Q3,8634.7
Q,CP_MEUR,SCA,B1GQ,RS,2012-Q4,9031.8
Q,CP_MEUR,SCA,B1GQ,RS,2013-Q1,9540.9
Q,CP_MEUR,SCA,B1GQ,RS,2013-Q2,9537.6
Q,CP_MEUR,SCA,B1GQ,RS,2013-Q3,9465.6
Q,CP_MEUR,SCA,B1GQ,RS,2013-Q4,9489.7
Q,CP_MEUR,SCA,B1GQ,RS,2014-Q1,9362.5
Q,CP_MEUR,SCA,B1GQ,RS,2014-Q2,9345.1
Q,CP_MEUR,SCA,B1GQ,RS,2014-Q3,9217.6
Q,CP_MEUR,SCA,B1GQ,RS,2014-Q4,9120.3
Q,CP_MEUR,SCA,B1GQ,RS,2015-Q1,9096.7
Q,CP_MEUR,SCA,B1GQ,RS,2015-Q2,9239.7
Q,CP_MEUR,SCA,B1GQ,RS,2015-Q3,9355
Q,CP_MEUR,SCA,B1GQ,RS,2015-Q4,9527.2
Q,CP_MEUR,SCA,B1GQ,RS,2016-Q1,9380.5
Q,CP_MEUR,SCA,B1GQ,RS,2016-Q2,9551.7
Q,CP_MEUR,SCA,B1GQ,RS,2016-Q3,9506.5
Q,CP_MEUR,SCA,B1GQ,RS,2016-Q4,9723.9
Q,CP_MEUR,SCA,B1GQ,RS,2017-Q1,9850
Q,CP_MEUR,SCA,B1GQ,RS,2017-Q2,9971.8
Q,CP_MEUR,SCA,B1GQ,RS,2017-Q3,10444.5
Q,CP_MEUR,SCA,B1GQ,RS,2017-Q4,10524.4
Q,CP_MEUR,SCA,B1GQ,RS,2018-Q1,11039.9
Q,CP_MEUR,SCA,B1GQ,RS,2018-Q2,11006
Q,CP_MEUR,SCA,B1GQ,RS,2018-Q3,11321
Q,CP_MEUR,SCA,B1GQ,RS,2018-Q4,11316.5
Q,CP_MEUR,SCA,B1GQ,RS,2019-Q1,11447.8
Q,CP_MEUR,SCA,B1GQ,RS,2019-Q2,11806
Q,CP_MEUR,SCA,B1GQ,RS,2019-Q3,12222.5
Q,CP_MEUR,SCA,B1GQ,RS,2019-Q4,12560.5
Q,CP_MEUR,SCA,B1GQ,RS,2020-Q1,12597.5
Q,CP_MEUR,SCA,B1GQ,RS,2020-Q2,11284.4
Q,CP_MEUR,SCA,B1GQ,RS,2020-Q3,12440.4
Q,CP_MEUR,SCA,B1GQ,RS,2020-Q4,12712.6
Q,CP_MEUR,SCA,B1GQ,RS,2021-Q1,13067.1
Q,CP_MEUR,SCA,B1GQ,RS,2021-Q2,13624.1
Q,CP_MEUR,SCA,B1GQ,RS,2021-Q3,14320.2
Q,CP_MEUR,SCA,B1GQ,RS,2021-Q4,14826.2
Q,CP_MEUR,SCA,B1GQ,RS,2022-Q1,14955.4
Q,CP_MEUR,SCA,B1GQ,RS,2022-Q2,15741.2
Q,CP_MEUR,SCA,B1GQ,RS,2022-Q3,16071
Q,CP_MEUR,SCA,B1GQ,RS,2022-Q4,16683.6
Q,CP_MEUR,SCA,B1GQ,RS,2023-Q1,18293.8
Q,CP_MEUR,SCA,B1GQ,RS,2023-Q2,18487.5
Q,CP_MEUR,SCA,B1GQ,RS,2023-Q3,18932.8
Q,CP_MEUR,SCA,B1GQ,RS,2023-Q4,19449.5
Q,CP_MEUR,SCA,B1GQ,RS,2024-Q1,20150.8
Q,CP_MEUR,SCA,B1GQ,RS,2024-Q2,20607.9
Q,CP_MEUR,SCA,B1GQ,RS,2024-Q3,20977.5
Q,CP_MEUR,SCA,B1GQ,RS,2024-Q4,21482.5
Q,CP_MEUR,SCA,B1GQ,RS,2025-Q1,21469.1
Q,CP_MEUR,SCA,B1GQ,RS,2025-Q2,21957.6
Q,CP_MEUR,SCA,B1GQ,RS,2025-Q3,22386.1
Q,CP_MEUR,SCA,B1GQ,RS,2025-Q4,22755.5
Q,CP_MEUR,SCA,B1GQ,RS,2026-Q1,23091
Q,CP_MEUR,SCA,B1GQ,RS,2026-Q2,23799.2
Q,CP_MEUR,SCA,B1GQ,TR,1978-Q1,
Q,CP_MEUR,SCA,B1GQ,TR,1978-Q2,
Q,CP_MEUR,SCA,B1GQ,TR,1978-Q3,
Q,CP_MEUR,SCA,B1GQ,TR,1978-Q4,
Q,CP_MEUR,SCA,B1GQ,TR,1979-Q1,
Q,CP_MEUR,SCA,B1GQ,TR,1979-Q2,
Q,CP_MEUR,SCA,B1GQ,TR,1979-Q3,
Q,CP_MEUR,SCA,B1GQ,TR,1979-Q4,
Q,CP_MEUR,SCA,B1GQ,TR,1980-Q1,
Q,CP_MEUR,SCA,B1GQ,TR,1980-Q2,
Q,CP_MEUR,SCA,B1GQ,TR,1980-Q3,
Q,CP_MEUR,SCA,B1GQ,TR,1980-Q4,
Q,CP_MEUR,SCA,B1GQ,TR,1981-Q1,
Q,CP_MEUR,SCA,B1GQ,TR,1981-Q2,
Q,CP_MEUR,SCA,B1GQ,TR,1981-Q3,
Q,CP_MEUR,SCA,B1GQ,TR,1981-Q4,
Q,CP_MEUR,SCA,B1GQ,TR,1982-Q1,
Q,CP_MEUR,SCA,B1GQ,TR,1982-Q2,
Q,CP_MEUR,SCA,B1GQ,TR,1982-Q3,
Q,CP_MEUR,SCA,B1GQ,TR,1982-Q4,
Q,CP_MEUR,SCA,B1GQ,TR,1983-Q1,
Q,CP_MEUR,SCA,B1GQ,TR,1983-Q2,
Q,CP_MEUR,SCA,B1GQ,TR,1983-Q3,
Q,CP_MEUR,SCA,B1GQ,TR,1983-Q4,
Q,CP_MEUR,SCA,B1GQ,TR,1984-Q1,
Q,CP_MEUR,SCA,B1GQ,TR,1984-Q2,
Q,CP_MEUR,SCA,B1GQ,TR,1984-Q3,
Q,CP_MEUR,SCA,B1GQ,TR,1984-Q4,
Q,CP_MEUR,SCA,B1GQ,TR,1985-Q1,
Q,CP_MEUR,SCA,B1GQ,TR,1985-Q2,
Q,CP_MEUR,SCA,B1GQ,TR,1985-Q3,
Q,CP_MEUR,SCA,B1GQ,TR,1985-Q4,
Q,CP_MEUR,SCA,B1GQ,TR,1986-Q1,
Q,CP_MEUR,SCA,B1GQ,TR,1986-Q2,
Q,CP_MEUR,SCA,B1GQ,TR,1986-Q3,
Q,CP_MEUR,SCA,B1GQ,TR,1986-Q4,
Q,CP_MEUR,SCA,B1GQ,TR,1987-Q1,
Q,CP_MEUR,SCA,B1GQ,TR,1987-Q2,
Q,CP_MEUR,SCA,B1GQ,TR,1987-Q3,
Q,CP_MEUR,SCA,B1GQ,TR,1987-Q4,
Q,CP_MEUR,SCA,B1GQ,TR,1988-Q1,
Q,CP_MEUR,SCA,B1GQ,TR,1988-Q2,
Q,CP_MEUR,SCA,B1GQ,TR,1988-Q3,
Q,CP_MEUR,SCA,B1GQ,TR,1988-Q4,
Q,CP_MEUR,SCA,B1GQ,TR,1989-Q1,
Q,CP_MEUR,SCA,B1GQ,TR,1989-Q2,
Q,CP_MEUR,SCA,B1GQ,TR,1989-Q3,
Q,CP_MEUR,SCA,B1GQ,TR,1989-Q4,
Q,CP_MEUR,SCA,B1GQ,TR,1990-Q1,
Q,CP_MEUR,SCA,B1GQ,TR,1990-Q2,
Q,CP_MEUR,SCA,B1GQ,TR,1990-Q3,
Q,CP_MEUR,SCA,B1GQ,TR,1990-Q4,
Q,CP_MEUR,SCA,B1GQ,TR,1991-Q1,
Q,CP_MEUR,SCA,B1GQ,TR,1991-Q2,
Q,CP_MEUR,SCA,B1GQ,TR,1991-Q3,
Q,CP_MEUR,SCA,B1GQ,TR,1991-Q4,
Q,CP_MEUR,SCA,B1GQ,TR,1992-Q1,
Q,CP_MEUR,SCA,B1GQ,TR,1992-Q2,
Q,CP_MEUR,SCA,B1GQ,TR,1992-Q3,
Q,CP_MEUR,SCA,B1GQ,TR,1992-Q4,
Q,CP_MEUR,SCA,B1GQ,TR,1993-Q1,
Q,CP_MEUR,SCA,B1GQ,TR,1993-Q2,
Q,CP_MEUR,SCA,B1GQ,TR,1993-Q3,
Q,CP_MEUR,SCA,B1GQ,TR,1993-Q4,
Q,CP_MEUR,SCA,B1GQ,TR,1994-Q1,
Q,CP_MEUR,SCA,B1GQ,TR,1994-Q2,
Q,CP_MEUR,SCA,B1GQ,TR,1994-Q3,
Q,CP_MEUR,SCA,B1GQ,TR,1994-Q4,
Q,CP_MEUR,SCA,B1GQ,TR,1995-Q1,42757.8
Q,CP_MEUR,SCA,B1GQ,TR,1995-Q2,43895.3
Q,CP_MEUR,SCA,B1GQ,TR,1995-Q3,47273.4
Q,CP_MEUR,SCA,B1GQ,TR,1995-Q4,45157
Q,CP_MEUR,SCA,B1GQ,TR,1996-Q1,47205.4
Q,CP_MEUR,SCA,B1GQ,TR,1996-Q2,48091.2
Q,CP_MEUR,SCA,B1GQ,TR,1996-Q3,49790.1
Q,CP_MEUR,SCA,B1GQ,TR,1996-Q4,51592.8
Q,CP_MEUR,SCA,B1GQ,TR,1997-Q1,53881.8
Q,CP_MEUR,SCA,B1GQ,TR,1997-Q2,57835.4
Q,CP_MEUR,SCA,B1GQ,TR,1997-Q3,61912
Q,CP_MEUR,SCA,B1GQ,TR,1997-Q4,59027
Q,CP_MEUR,SCA,B1GQ,TR,1998-Q1,63114.5
Q,CP_MEUR,SCA,B1GQ,TR,1998-Q2,61135.8
Q,CP_MEUR,SCA,B1GQ,TR,1998-Q3,62370.3
Q,CP_MEUR,SCA,B1GQ,TR,1998-Q4,59554.4
Q,CP_MEUR,SCA,B1GQ,TR,1999-Q1,57558.2
Q,CP_MEUR,SCA,B1GQ,TR,1999-Q2,59789.5
Q,CP_MEUR,SCA,B1GQ,TR,1999-Q3,60656.9
Q,CP_MEUR,SCA,B1GQ,TR,1999-Q4,61950.2
Q,CP_MEUR,SCA,B1GQ,TR,2000-Q1,68781.4
Q,CP_MEUR,SCA,B1GQ,TR,2000-Q2,72265.7
Q,CP_MEUR,SCA,B1GQ,TR,2000-Q3,76472.2
Q,CP_MEUR,SCA,B1GQ,TR,2000-Q4,80868.5
Q,CP_MEUR,SCA,B1GQ,TR,2001-Q1,69438.3
Q,CP_MEUR,SCA,B1GQ,TR,2001-Q2,57191.7
Q,CP_MEUR,SCA,B1GQ,TR,2001-Q3,52769.3
Q,CP_MEUR,SCA,B1GQ,TR,2001-Q4,51381
Q,CP_MEUR,SCA,B1GQ,TR,2002-Q1,66705.5
Q,CP_MEUR,SCA,B1GQ,TR,2002-Q2,66426
Q,CP_MEUR,SCA,B1GQ,TR,2002-Q3,58266.5
Q,CP_MEUR,SCA,B1GQ,TR,2002-Q4,62926.3
Q,CP_MEUR,SCA,B1GQ,TR,2003-Q1,61760.6
Q,CP_MEUR,SCA,B1GQ,TR,2003-Q2,66943.6
Q,CP_MEUR,SCA,B1GQ,TR,2003-Q3,77437.3
Q,CP_MEUR,SCA,B1GQ,TR,2003-Q4,73845.7
Q,CP_MEUR,SCA,B1GQ,TR,2004-Q1,81312.4
Q,CP_MEUR,SCA,B1GQ,TR,2004-Q2,80979.5
Q,CP_MEUR,SCA,B1GQ,TR,2004-Q3,82841.9
Q,CP_MEUR,SCA,B1GQ,TR,2004-Q4,83915.3
Q,CP_MEUR,SCA,B1GQ,TR,2005-Q1,93132.5
Q,CP_MEUR,SCA,B1GQ,TR,2005-Q2,96571.4
Q,CP_MEUR,SCA,B1GQ,TR,2005-Q3,106056.8
Q,CP_MEUR,SCA,B1GQ,TR,2005-Q4,112279.1
Q,CP_MEUR,SCA,B1GQ,TR,2006-Q1,115967.8
Q,CP_MEUR,SCA,B1GQ,TR,2006-Q2,107647.5
Q,CP_MEUR,SCA,B1GQ,TR,2006-Q3,106580
Q,CP_MEUR,SCA,B1GQ,TR,2006-Q4,112343.7
Q,CP_MEUR,SCA,B1GQ,TR,2007-Q1,116363.8
Q,CP_MEUR,SCA,B1GQ,TR,2007-Q2,120136.7
Q,CP_MEUR,SCA,B1GQ,TR,2007-Q3,127380.7
Q,CP_MEUR,SCA,B1GQ,TR,2007-Q4,136584.3
Q,CP_MEUR,SCA,B1GQ,TR,2008-Q1,138364.2
Q,CP_MEUR,SCA,B1GQ,TR,2008-Q2,129372.7
Q,CP_MEUR,SCA,B1GQ,TR,2008-Q3,139394.6
Q,CP_MEUR,SCA,B1GQ,TR,2008-Q4,123585.7
Q,CP_MEUR,SCA,B1GQ,TR,2009-Q1,111558.5
Q,CP_MEUR,SCA,B1GQ,TR,2009-Q2,116060.5
Q,CP_MEUR,SCA,B1GQ,TR,2009-Q3,119812.5
Q,CP_MEUR,SCA,B1GQ,TR,2009-Q4,121086.8
Q,CP_MEUR,SCA,B1GQ,TR,2010-Q1,132756.5
Q,CP_MEUR,SCA,B1GQ,TR,2010-Q2,147081.7
Q,CP_MEUR,SCA,B1GQ,TR,2010-Q3,152746.9
Q,CP_MEUR,SCA,B1GQ,TR,2010-Q4,157095.8
Q,CP_MEUR,SCA,B1GQ,TR,2011-Q1,154421.1
Q,CP_MEUR,SCA,B1GQ,TR,2011-Q2,153075.4
Q,CP_MEUR,SCA,B1GQ,TR,2011-Q3,147022.3
Q,CP_MEUR,SCA,B1GQ,TR,2011-Q4,151147.3
Q,CP_MEUR,SCA,B1GQ,TR,2012-Q1,160834
Q,CP_MEUR,SCA,B1GQ,TR,2012-Q2,169156.2
Q,CP_MEUR,SCA,B1GQ,TR,2012-Q3,178157.3
Q,CP_MEUR,SCA,B1GQ,TR,2012-Q4,179421.9
Q,CP_MEUR,SCA,B1GQ,TR,2013-Q1,182111.1
Q,CP_MEUR,SCA,B1GQ,TR,2013-Q2,189187.2
Q,CP_MEUR,SCA,B1GQ,TR,2013-Q3,179585.7
Q,CP_MEUR,SCA,B1GQ,TR,2013-Q4,173968.2
Q,CP_MEUR,SCA,B1GQ,TR,2014-Q1,164233.7
Q,CP_MEUR,SCA,B1GQ,TR,2014-Q2,173918.7
Q,CP_MEUR,SCA,B1GQ,TR,2014-Q3,182017.6
Q,CP_MEUR,SCA,B1GQ,TR,2014-Q4,190213.6
Q,CP_MEUR,SCA,B1GQ,TR,2015-Q1,199729
Q,CP_MEUR,SCA,B1GQ,TR,2015-Q2,197154.1
Q,CP_MEUR,SCA,B1GQ,TR,2015-Q3,189734.6
Q,CP_MEUR,SCA,B1GQ,TR,2015-Q4,193137.5
Q,CP_MEUR,SCA,B1GQ,TR,2016-Q1,194176.3
Q,CP_MEUR,SCA,B1GQ,TR,2016-Q2,199450.3
Q,CP_MEUR,SCA,B1GQ,TR,2016-Q3,193502.8
Q,CP_MEUR,SCA,B1GQ,TR,2016-Q4,199373.6
Q,CP_MEUR,SCA,B1GQ,TR,2017-Q1,185822.6
Q,CP_MEUR,SCA,B1GQ,TR,2017-Q2,193609.1
Q,CP_MEUR,SCA,B1GQ,TR,2017-Q3,194871.8
Q,CP_MEUR,SCA,B1GQ,TR,2017-Q4,190321.1
Q,CP_MEUR,SCA,B1GQ,TR,2018-Q1,190319
Q,CP_MEUR,SCA,B1GQ,TR,2018-Q2,178028.1
Q,CP_MEUR,SCA,B1GQ,TR,2018-Q3,151460
Q,CP_MEUR,SCA,B1GQ,TR,2018-Q4,156725.1
Q,CP_MEUR,SCA,B1GQ,TR,2019-Q1,170674.2
Q,CP_MEUR,SCA,B1GQ,TR,2019-Q2,164656.1
Q,CP_MEUR,SCA,B1GQ,TR,2019-Q3,176796.5
Q,CP_MEUR,SCA,B1GQ,TR,2019-Q4,180316.4
Q,CP_MEUR,SCA,B1GQ,TR,2020-Q1,177582.8
Q,CP_MEUR,SCA,B1GQ,TR,2020-Q2,146379
Q,CP_MEUR,SCA,B1GQ,TR,2020-Q3,162509.9
Q,CP_MEUR,SCA,B1GQ,TR,2020-Q4,155511.3
Q,CP_MEUR,SCA,B1GQ,TR,2021-Q1,174662.7
Q,CP_MEUR,SCA,B1GQ,TR,2021-Q2,166861.7
Q,CP_MEUR,SCA,B1GQ,TR,2021-Q3,189065.1
Q,CP_MEUR,SCA,B1GQ,TR,2021-Q4,177701.1
Q,CP_MEUR,SCA,B1GQ,TR,2022-Q1,180358.4
Q,CP_MEUR,SCA,B1GQ,TR,2022-Q2,216346.6
Q,CP_MEUR,SCA,B1GQ,TR,2022-Q3,228830.7
Q,CP_MEUR,SCA,B1GQ,TR,2022-Q4,248196.2
Q,CP_MEUR,SCA,B1GQ,TR,2023-Q1,262718.8
Q,CP_MEUR,SCA,B1GQ,TR,2023-Q2,261810
Q,CP_MEUR,SCA,B1GQ,TR,2023-Q3,254912.6
Q,CP_MEUR,SCA,B1GQ,TR,2023-Q4,271344.9
Q,CP_MEUR,SCA,B1GQ,TR,2024-Q1,294164.1
Q,CP_MEUR,SCA,B1GQ,TR,2024-Q2,303110.9
Q,CP_MEUR,SCA,B1GQ,TR,2024-Q3,314980.9
Q,CP_MEUR,SCA,B1GQ,TR,2024-Q4,341958.1
Q,CP_MEUR,SCA,B1GQ,TR,2025-Q1,358809.6
Q,CP_MEUR,SCA,B1GQ,TR,2025-Q2,345480.6
Q,CP_MEUR,SCA,B1GQ,TR,2025-Q3,347619.8
Q,CP_MEUR,SCA,B1GQ,TR,2025-Q4,361176.7
Q,CP_MEUR,SCA,B1GQ,TR,2026-Q1,366501
Q,CP_MEUR,SCA,B1GQ,TR,2026-Q2,393141.2
Q,CP_MEUR,SCA,B1GQ,XK,1978-Q1,
Q,CP_MEUR,SCA,B1GQ,XK,1978-Q2,
Q,CP_MEUR,SCA,B1GQ,XK,1978-Q3,
Q,CP_MEUR,SCA,B1GQ,XK,1978-Q4,
Q,CP_MEUR,SCA,B1GQ,XK,1979-Q1,
Q,CP_MEUR,SCA,B1GQ,XK,1979-Q2,
Q,CP_MEUR,SCA,B1GQ,XK,1979-Q3,
Q,CP_MEUR,SCA,B1GQ,XK,1979-Q4,
Q,CP_MEUR,SCA,B1GQ,XK,1980-Q1,
Q,CP_MEUR,SCA,B1GQ,XK,1980-Q2,
Q,CP_MEUR,SCA,B1GQ,XK,1980-Q3,
Q,CP_MEUR,SCA,B1GQ,XK,1980-Q4,
Q,CP_MEUR,SCA,B1GQ,XK,1981-Q1,
Q,CP_MEUR,SCA,B1GQ,XK,1981-Q2,
Q,CP_MEUR,SCA,B1GQ,XK,1981-Q3,
Q,CP_MEUR,SCA,B1GQ,XK,1981-Q4,
Q,CP_MEUR,SCA,B1GQ,XK,1982-Q1,
Q,CP_MEUR,SCA,B1GQ,XK,1982-Q2,
Q,CP_MEUR,SCA,B1GQ,XK,1982-Q3,
Q,CP_MEUR,SCA,B1GQ,XK,1982-Q4,
Q,CP_MEUR,SCA,B1GQ,XK,1983-Q1,
Q,CP_MEUR,SCA,B1GQ,XK,1983-Q2,
Q,CP_MEUR,SCA,B1GQ,XK,1983-Q3,
Q,CP_MEUR,SCA,B1GQ,XK,1983-Q4,
Q,CP_MEUR,SCA,B1GQ,XK,1984-Q1,
Q,CP_MEUR,SCA,B1GQ,XK,1984-Q2,
Q,CP_MEUR,SCA,B1GQ,XK,1984-Q3,
Q,CP_MEUR,SCA,B1GQ,XK,1984-Q4,
Q,CP_MEUR,SCA,B1GQ,XK,1985-Q1,
Q,CP_MEUR,SCA,B1GQ,XK,1985-Q2,
Q,CP_MEUR,SCA,B1GQ,XK,1985-Q3,
Q,CP_MEUR,SCA,B1GQ,XK,1985-Q4,
Q,CP_MEUR,SCA,B1GQ,XK,1986-Q1,
Q,CP_MEUR,SCA,B1GQ,XK,1986-Q2,
Q,CP_MEUR,SCA,B1GQ,XK,1986-Q3,
Q,CP_MEUR,SCA,B1GQ,XK,1986-Q4,
Q,CP_MEUR,SCA,B1GQ,XK,1987-Q1,
Q,CP_MEUR,SCA,B1GQ,XK,1987-Q2,
Q,CP_MEUR,SCA,B1GQ,XK,1987-Q3,
Q,CP_MEUR,SCA,B1GQ,XK,1987-Q4,
Q,CP_MEUR,SCA,B1GQ,XK,1988-Q1,
Q,CP_MEUR,SCA,B1GQ,XK,1988-Q2,
Q,CP_MEUR,SCA,B1GQ,XK,1988-Q3,
Q,CP_MEUR,SCA,B1GQ,XK,1988-Q4,
Q,CP_MEUR,SCA,B1GQ,XK,1989-Q1,
Q,CP_MEUR,SCA,B1GQ,XK,1989-Q2,
Q,CP_MEUR,SCA,B1GQ,XK,1989-Q3,
Q,CP_MEUR,SCA,B1GQ,XK,1989-Q4,
Q,CP_MEUR,SCA,B1GQ,XK,1990-Q1,
Q,CP_MEUR,SCA,B1GQ,XK,1990-Q2,
Q,CP_MEUR,SCA,B1GQ,XK,1990-Q3,
Q,CP_MEUR,SCA,B1GQ,XK,1990-Q4,
Q,CP_MEUR,SCA,B1GQ,XK,1991-Q1,
Q,CP_MEUR,SCA,B1GQ,XK,1991-Q2,
Q,CP_MEUR,SCA,B1GQ,XK,1991-Q3,
Q,CP_MEUR,SCA,B1GQ,XK,1991-Q4,
Q,CP_MEUR,SCA,B1GQ,XK,1992-Q1,
Q,CP_MEUR,SCA,B1GQ,XK,1992-Q2,
Q,CP_MEUR,SCA,B1GQ,XK,1992-Q3,
Q,CP_MEUR,SCA,B1GQ,XK,1992-Q4,
Q,CP_MEUR,SCA,B1GQ,XK,1993-Q1,
Q,CP_MEUR,SCA,B1GQ,XK,1993-Q2,
Q,CP_MEUR,SCA,B1GQ,XK,1993-Q3,
Q,CP_MEUR,SCA,B1GQ,XK,1993-Q4,
Q,CP_MEUR,SCA,B1GQ,XK,1994-Q1,
Q,CP_MEUR,SCA,B1GQ,XK,1994-Q2,
Q,CP_MEUR,SCA,B1GQ,XK,1994-Q3,
Q,CP_MEUR,SCA,B1GQ,XK,1994-Q4,
Q,CP_MEUR,SCA,B1GQ,XK,1995-Q1,
Q,CP_MEUR,SCA,B1GQ,XK,1995-Q2,
Q,CP_MEUR,SCA,B1GQ,XK,1995-Q3,
Q,CP_MEUR,SCA,B1GQ,XK,1995-Q4,
Q,CP_MEUR,SCA,B1GQ,XK,1996-Q1,
Q,CP_MEUR,SCA,B1GQ,XK,1996-Q2,
Q,CP_MEUR,SCA,B1GQ,XK,1996-Q3,
Q,CP_MEUR,SCA,B1GQ,XK,1996-Q4,
Q,CP_MEUR,SCA,B1GQ,XK,1997-Q1,
Q,CP_MEUR,SCA,B1GQ,XK,1997-Q2,
Q,CP_MEUR,SCA,B1GQ,XK,1997-Q3,
Q,CP_MEUR,SCA,B1GQ,XK,1997-Q4,
Q,CP_MEUR,SCA,B1GQ,XK,1998-Q1,
Q,CP_MEUR,SCA,B1GQ,XK,1998-Q2,
Q,CP_MEUR,SCA,B1GQ,XK,1998-Q3,
Q,CP_MEUR,SCA,B1GQ,XK,1998-Q4,
Q,CP_MEUR,SCA,B1GQ,XK,1999-Q1,
Q,CP_MEUR,SCA,B1GQ,XK,1999-Q2,
Q,CP_MEUR,SCA,B1GQ,XK,1999-Q3,
Q,CP_MEUR,SCA,B1GQ,XK,1999-Q4,
Q,CP_MEUR,SCA,B1GQ,XK,2000-Q1,
Q,CP_MEUR,SCA,B1GQ,XK,2000-Q2,
Q,CP_MEUR,SCA,B1GQ,XK,2000-Q3,
Q,CP_MEUR,SCA,B1GQ,XK,2000-Q4,
Q,CP_MEUR,SCA,B1GQ,XK,2001-Q1,
Q,CP_MEUR,SCA,B1GQ,XK,2001-Q2,
Q,CP_MEUR,SCA,B1GQ,XK,2001-Q3,
Q,CP_MEUR,SCA,B1GQ,XK,2001-Q4,
Q,CP_MEUR,SCA,B1GQ,XK,2002-Q1,
Q,CP_MEUR,SCA,B1GQ,XK,2002-Q2,
Q,CP_MEUR,SCA,B1GQ,XK,2002-Q3,
Q,CP_MEUR,SCA,B1GQ,XK,2002-Q4,
Q,CP_MEUR,SCA,B1GQ,XK,2003-Q1,
Q,CP_MEUR,SCA,B1GQ,XK,2003-Q2,
Q,CP_MEUR,SCA,B1GQ,XK,2003-Q3,
Q,CP_MEUR,SCA,B1GQ,XK,2003-Q4,
Q,CP_MEUR,SCA,B1GQ,XK,2004-Q1,
Q,CP_MEUR,SCA,B1GQ,XK,2004-Q2,
Q,CP_MEUR,SCA,B1GQ,XK,2004-Q3,
Q,CP_MEUR,SCA,B1GQ,XK,2004-Q4,
Q,CP_MEUR,SCA,B1GQ,XK,2005-Q1,
Q,CP_MEUR,SCA,B1GQ,XK,2005-Q2,
Q,CP_MEUR,SCA,B1GQ,XK,2005-Q3,
Q,CP_MEUR,SCA,B1GQ,XK,2005-Q4,
Q,CP_MEUR,SCA,B1GQ,XK,2006-Q1,
Q,CP_MEUR,SCA,B1GQ,XK,2006-Q2,
Q,CP_MEUR,SCA,B1GQ,XK,2006-Q3,
Q,CP_MEUR,SCA,B1GQ,XK,2006-Q4,
Q,CP_MEUR,SCA,B1GQ,XK,2007-Q1,
Q,CP_MEUR,SCA,B1GQ,XK,2007-Q2,
Q,CP_MEUR,SCA,B1GQ,XK,2007-Q3,
Q,CP_MEUR,SCA,B1GQ,XK,2007-Q4,
Q,CP_MEUR,SCA,B1GQ,XK,2008-Q1,
Q,CP_MEUR,SCA,B1GQ,XK,2008-Q2,
Q,CP_MEUR,SCA,B1GQ,XK,2008-Q3,
Q,CP_MEUR,SCA,B1GQ,XK,2008-Q4,
Q,CP_MEUR,SCA,B1GQ,XK,2009-Q1,
Q,CP_MEUR,SCA,B1GQ,XK,2009-Q2,
Q,CP_MEUR,SCA,B1GQ,XK,2009-Q3,
Q,CP_MEUR,SCA,B1GQ,XK,2009-Q4,
Q,CP_MEUR,SCA,B1GQ,XK,2010-Q1,
Q,CP_MEUR,SCA,B1GQ,XK,2010-Q2,
Q,CP_MEUR,SCA,B1GQ,XK,2010-Q3,
Q,CP_MEUR,SCA,B1GQ,XK,2010-Q4,
Q,CP_MEUR,SCA,B1GQ,XK,2011-Q1,
Q,CP_MEUR,SCA,B1GQ,XK,2011-Q2,
Q,CP_MEUR,SCA,B1GQ,XK,2011-Q3,
Q,CP_MEUR,SCA,B1GQ,XK,2011-Q4,
Q,CP_MEUR,SCA,B1GQ,XK,2012-Q1,
Q,CP_MEUR,SCA,B1GQ,XK,2012-Q2,
Q,CP_MEUR,SCA,B1GQ,XK,2012-Q3,
Q,CP_MEUR,SCA,B1GQ,XK,2012-Q4,
Q,CP_MEUR,SCA,B1GQ,XK,2013-Q1,
Q,CP_MEUR,SCA,B1GQ,XK,2013-Q2,
Q,CP_MEUR,SCA,B1GQ,XK,2013-Q3,
Q,CP_MEUR,SCA,B1GQ,XK,2013-Q4,
Q,CP_MEUR,SCA,B1GQ,XK,2014-Q1,
Q,CP_MEUR,SCA,B1GQ,XK,2014-Q2,
Q,CP_MEUR,SCA,B1GQ,XK,2014-Q3,
Q,CP_MEUR,SCA,B1GQ,XK,2014-Q4,
Q,CP_MEUR,SCA,B1GQ,XK,2015-Q1,
Q,CP_MEUR,SCA,B1GQ,XK,2015-Q2,
Q,CP_MEUR,SCA,B1GQ,XK,2015-Q3,
Q,CP_MEUR,SCA,B1GQ,XK,2015-Q4,
Q,CP_MEUR,SCA,B1GQ,XK,2016-Q1,
Q,CP_MEUR,SCA,B1GQ,XK,2016-Q2,
Q,CP_MEUR,SCA,B1GQ,XK,2016-Q3,
Q,CP_MEUR,SCA,B1GQ,XK,2016-Q4,
Q,CP_MEUR,SCA,B1GQ,XK,2017-Q1,
Q,CP_MEUR,SCA,B1GQ,XK,2017-Q2,
Q,CP_MEUR,SCA,B1GQ,XK,2017-Q3,
Q,CP_MEUR,SCA,B1GQ,XK,2017-Q4,
Q,CP_MEUR,SCA,B1GQ,XK,2018-Q1,
Q,CP_MEUR,SCA,B1GQ,XK,2018-Q2,
Q,CP_MEUR,SCA,B1GQ,XK,2018-Q3,
Q,CP_MEUR,SCA,B1GQ,XK,2018-Q4,
Q,CP_MEUR,SCA,B1GQ,XK,2019-Q1,
Q,CP_MEUR,SCA,B1GQ,XK,2019-Q2,
Q,CP_MEUR,SCA,B1GQ,XK,2019-Q3,
Q,CP_MEUR,SCA,B1GQ,XK,2019-Q4,
Q,CP_MEUR,SCA,B1GQ,XK,2020-Q1,
Q,CP_MEUR,SCA,B1GQ,XK,2020-Q2,
Q,CP_MEUR,SCA,B1GQ,XK,2020-Q3,
Q,CP_MEUR,SCA,B1GQ,XK,2020-Q4,
Q,CP_MEUR,SCA,B1GQ,XK,2021-Q1,
Q,CP_MEUR,SCA,B1GQ,XK,2021-Q2,
Q,CP_MEUR,SCA,B1GQ,XK,2021-Q3,
Q,CP_MEUR,SCA,B1GQ,XK,2021-Q4,
Q,CP_MEUR,SCA,B1GQ,XK,2022-Q1,
Q,CP_MEUR,SCA,B1GQ,XK,2022-Q2,
Q,CP_MEUR,SCA,B1GQ,XK,2022-Q3,
Q,CP_MEUR,SCA,B1GQ,XK,2022-Q4,
Q,CP_MEUR,SCA,B1GQ,XK,2023-Q1,
Q,CP_MEUR,SCA,B1GQ,XK,2023-Q2,
Q,CP_MEUR,SCA,B1GQ,XK,2023-Q3,
Q,CP_MEUR,SCA,B1GQ,XK,2023-Q4,
Q,CP_MEUR,SCA,B1GQ,XK,2024-Q1,
Q,CP_MEUR,SCA,B1GQ,XK,2024-Q2,
Q,CP_MEUR,SCA,B1GQ,XK,2024-Q3,
Q,CP_MEUR,SCA,B1GQ,XK,2024-Q4,
Q,CP_MEUR,SCA,B1GQ,XK,2025-Q1,
Q,CP_MEUR,SCA,B1GQ,XK,2025-Q2,
Q,CP_MEUR,SCA,B1GQ,XK,2025-Q3,
Q,CP_MEUR,SCA,B1GQ,XK,2025-Q4,
Q,CP_MEUR,SCA,B1GQ,XK,2026-Q1,
Q,CP_MEUR,SCA,B1GQ,XK,2026-Q2,
Q,CLV_PCH_SM,SCA,B1GQ,EU27_2020,1978-Q1,
Q,CLV_PCH_SM,SCA,B1GQ,EU27_2020,1978-Q2,
Q,CLV_PCH_SM,SCA,B1GQ,EU27_2020,1978-Q3,
Q,CLV_PCH_SM,SCA,B1GQ,EU27_2020,1978-Q4,
Q,CLV_PCH_SM,SCA,B1GQ,EU27_2020,1979-Q1,
Q,CLV_PCH_SM,SCA,B1GQ,EU27_2020,1979-Q2,
Q,CLV_PCH_SM,SCA,B1GQ,EU27_2020,1979-Q3,
Q,CLV_PCH_SM,SCA,B1GQ,EU27_2020,1979-Q4,
Q,CLV_PCH_SM,SCA,B1GQ,EU27_2020,1980-Q1,
Q,CLV_PCH_SM,SCA,B1GQ,EU27_2020,1980-Q2,
Q,CLV_PCH_SM,SCA,B1GQ,EU27_2020,1980-Q3,
Q,CLV_PCH_SM,SCA,B1GQ,EU27_2020,1980-Q4,
Q,CLV_PCH_SM,SCA,B1GQ,EU27_2020,1981-Q1,
Q,CLV_PCH_SM,SCA,B1GQ,EU27_2020,1981-Q2,
Q,CLV_PCH_SM,SCA,B1GQ,EU27_2020,1981-Q3,
Q,CLV_PCH_SM,SCA,B1GQ,EU27_2020,1981-Q4,
Q,CLV_PCH_SM,SCA,B1GQ,EU27_2020,1982-Q1,
Q,CLV_PCH_SM,SCA,B1GQ,EU27_2020,1982-Q2,
Q,CLV_PCH_SM,SCA,B1GQ,EU27_2020,1982-Q3,
Q,CLV_PCH_SM,SCA,B1GQ,EU27_2020,1982-Q4,
Q,CLV_PCH_SM,SCA,B1GQ,EU27_2020,1983-Q1,
Q,CLV_PCH_SM,SCA,B1GQ,EU27_2020,1983-Q2,
Q,CLV_PCH_SM,SCA,B1GQ,EU27_2020,1983-Q3,
Q,CLV_PCH_SM,SCA,B1GQ,EU27_2020,1983-Q4,
Q,CLV_PCH_SM,SCA,B1GQ,EU27_2020,1984-Q1,
Q,CLV_PCH_SM,SCA,B1GQ,EU27_2020,1984-Q2,
Q,CLV_PCH_SM,SCA,B1GQ,EU27_2020,1984-Q3,
Q,CLV_PCH_SM,SCA,B1GQ,EU27_2020,1984-Q4,
Q,CLV_PCH_SM,SCA,B1GQ,EU27_2020,1985-Q1,
Q,CLV_PCH_SM,SCA,B1GQ,EU27_2020,1985-Q2,
Q,CLV_PCH_SM,SCA,B1GQ,EU27_2020,1985-Q3,
Q,CLV_PCH_SM,SCA,B1GQ,EU27_2020,1985-Q4,
Q,CLV_PCH_SM,SCA,B1GQ,EU27_2020,1986-Q1,
Q,CLV_PCH_SM,SCA,B1GQ,EU27_2020,1986-Q2,
Q,CLV_PCH_SM,SCA,B1GQ,EU27_2020,1986-Q3,
Q,CLV_PCH_SM,SCA,B1GQ,EU27_2020,1986-Q4,
Q,CLV_PCH_SM,SCA,B1GQ,EU27_2020,1987-Q1,
Q,CLV_PCH_SM,SCA,B1GQ,EU27_2020,1987-Q2,
Q,CLV_PCH_SM,SCA,B1GQ,EU27_2020,1987-Q3,
Q,CLV_PCH_SM,SCA,B1GQ,EU27_2020,1987-Q4,
Q,CLV_PCH_SM,SCA,B1GQ,EU27_2020,1988-Q1,
Q,CLV_PCH_SM,SCA,B1GQ,EU27_2020,1988-Q2,
Q,CLV_PCH_SM,SCA,B1GQ,EU27_2020,1988-Q3,
Q,CLV_PCH_SM,SCA,B1GQ,EU27_2020,1988-Q4,
Q,CLV_PCH_SM,SCA,B1GQ,EU27_2020,1989-Q1,
Q,CLV_PCH_SM,SCA,B1GQ,EU27_2020,1989-Q2,
Q,CLV_PCH_SM,SCA,B1GQ,EU27_2020,1989-Q3,
Q,CLV_PCH_SM,SCA,B1GQ,EU27_2020,1989-Q4,
Q,CLV_PCH_SM,SCA,B1GQ,EU27_2020,1990-Q1,
Q,CLV_PCH_SM,SCA,B1GQ,EU27_2020,1990-Q2,
Q,CLV_PCH_SM,SCA,B1GQ,EU27_2020,1990-Q3,
Q,CLV_PCH_SM,SCA,B1GQ,EU27_2020,1990-Q4,
Q,CLV_PCH_SM,SCA,B1GQ,EU27_2020,1991-Q1,
Q,CLV_PCH_SM,SCA,B1GQ,EU27_2020,1991-Q2,
Q,CLV_PCH_SM,SCA,B1GQ,EU27_2020,1991-Q3,
Q,CLV_PCH_SM,SCA,B1GQ,EU27_2020,1991-Q4,
Q,CLV_PCH_SM,SCA,B1GQ,EU27_2020,1992-Q1,
Q,CLV_PCH_SM,SCA,B1GQ,EU27_2020,1992-Q2,
Q,CLV_PCH_SM,SCA,B1GQ,EU27_2020,1992-Q3,
Q,CLV_PCH_SM,SCA,B1GQ,EU27_2020,1992-Q4,
Q,CLV_PCH_SM,SCA,B1GQ,EU27_2020,1993-Q1,
Q,CLV_PCH_SM,SCA,B1GQ,EU27_2020,1993-Q2,
Q,CLV_PCH_SM,SCA,B1GQ,EU27_2020,1993-Q3,
Q,CLV_PCH_SM,SCA,B1GQ,EU27_2020,1993-Q4,
Q,CLV_PCH_SM,SCA,B1GQ,EU27_2020,1994-Q1,
Q,CLV_PCH_SM,SCA,B1GQ,EU27_2020,1994-Q2,
Q,CLV_PCH_SM,SCA,B1GQ,EU27_2020,1994-Q3,
Q,CLV_PCH_SM,SCA,B1GQ,EU27_2020,1994-Q4,
Q,CLV_PCH_SM,SCA,B1GQ,EU27_2020,1995-Q1,
Q,CLV_PCH_SM,SCA,B1GQ,EU27_2020,1995-Q2,
Q,CLV_PCH_SM,SCA,B1GQ,EU27_2020,1995-Q3,
Q,CLV_PCH_SM,SCA,B1GQ,EU27_2020,1995-Q4,
Q,CLV_PCH_SM,SCA,B1GQ,EU27_2020,1996-Q1,1.6
Q,CLV_PCH_SM,SCA,B1GQ,EU27_2020,1996-Q2,1.6
Q,CLV_PCH_SM,SCA,B1GQ,EU27_2020,1996-Q3,1.8
Q,CLV_PCH_SM,SCA,B1GQ,EU27_2020,1996-Q4,2
Q,CLV_PCH_SM,SCA,B1GQ,EU27_2020,1997-Q1,2.1
Q,CLV_PCH_SM,SCA,B1GQ,EU27_2020,1997-Q2,2.6
Q,CLV_PCH_SM,SCA,B1GQ,EU27_2020,1997-Q3,2.9
Q,CLV_PCH_SM,SCA,B1GQ,EU27_2020,1997-Q4,3.4
Q,CLV_PCH_SM,SCA,B1GQ,EU27_2020,1998-Q1,3.7
Q,CLV_PCH_SM,SCA,B1GQ,EU27_2020,1998-Q2,2.9
Q,CLV_PCH_SM,SCA,B1GQ,EU27_2020,1998-Q3,2.8
Q,CLV_PCH_SM,SCA,B1GQ,EU27_2020,1998-Q4,2.1
Q,CLV_PCH_SM,SCA,B1GQ,EU27_2020,1999-Q1,2.3
Q,CLV_PCH_SM,SCA,B1GQ,EU27_2020,1999-Q2,2.4
Q,CLV_PCH_SM,SCA,B1GQ,EU27_2020,1999-Q3,3.1
Q,CLV_PCH_SM,SCA,B1GQ,EU27_2020,1999-Q4,3.9
Q,CLV_PCH_SM,SCA,B1GQ,EU27_2020,2000-Q1,4.2
Q,CLV_PCH_SM,SCA,B1GQ,EU27_2020,2000-Q2,4.7
Q,CLV_PCH_SM,SCA,B1GQ,EU27_2020,2000-Q3,4
Q,CLV_PCH_SM,SCA,B1GQ,EU27_2020,2000-Q4,3.5
Q,CLV_PCH_SM,SCA,B1GQ,EU27_2020,2001-Q1,3.2
Q,CLV_PCH_SM,SCA,B1GQ,EU27_2020,2001-Q2,2.2
Q,CLV_PCH_SM,SCA,B1GQ,EU27_2020,2001-Q3,1.8
Q,CLV_PCH_SM,SCA,B1GQ,EU27_2020,2001-Q4,1.3
Q,CLV_PCH_SM,SCA,B1GQ,EU27_2020,2002-Q1,0.6
Q,CLV_PCH_SM,SCA,B1GQ,EU27_2020,2002-Q2,1
Q,CLV_PCH_SM,SCA,B1GQ,EU27_2020,2002-Q3,1.2
Q,CLV_PCH_SM,SCA,B1GQ,EU27_2020,2002-Q4,1.4
Q,CLV_PCH_SM,SCA,B1GQ,EU27_2020,2003-Q1,1
Q,CLV_PCH_SM,SCA,B1GQ,EU27_2020,2003-Q2,0.6
Q,CLV_PCH_SM,SCA,B1GQ,EU27_2020,2003-Q3,0.8
Q,CLV_PCH_SM,SCA,B1GQ,EU27_2020,2003-Q4,1.3
Q,CLV_PCH_SM,SCA,B1GQ,EU27_2020,2004-Q1,2.1
Q,CLV_PCH_SM,SCA,B1GQ,EU27_2020,2004-Q2,2.7
Q,CLV_PCH_SM,SCA,B1GQ,EU27_2020,2004-Q3,2.3
Q,CLV_PCH_SM,SCA,B1GQ,EU27_2020,2004-Q4,2.1
Q,CLV_PCH_SM,SCA,B1GQ,EU27_2020,2005-Q1,1.7
Q,CLV_PCH_SM,SCA,B1GQ,EU27_2020,2005-Q2,1.7
Q,CLV_PCH_SM,SCA,B1GQ,EU27_2020,2005-Q3,2.3
Q,CLV_PCH_SM,SCA,B1GQ,EU27_2020,2005-Q4,2.5
Q,CLV_PCH_SM,SCA,B1GQ,EU27_2020,2006-Q1,3.3
Q,CLV_PCH_SM,SCA,B1GQ,EU27_2020,2006-Q2,3.8
Q,CLV_PCH_SM,SCA,B1GQ,EU27_2020,2006-Q3,3.6
Q,CLV_PCH_SM,SCA,B1GQ,EU27_2020,2006-Q4,3.9
Q,CLV_PCH_SM,SCA,B1GQ,EU27_2020,2007-Q1,3.7
Q,CLV_PCH_SM,SCA,B1GQ,EU27_2020,2007-Q2,3.1
Q,CLV_PCH_SM,SCA,B1GQ,EU27_2020,2007-Q3,3
Q,CLV_PCH_SM,SCA,B1GQ,EU27_2020,2007-Q4,2.6
Q,CLV_PCH_SM,SCA,B1GQ,EU27_2020,2008-Q1,2.4
Q,CLV_PCH_SM,SCA,B1GQ,EU27_2020,2008-Q2,1.3
Q,CLV_PCH_SM,SCA,B1GQ,EU27_2020,2008-Q3,0.4
Q,CLV_PCH_SM,SCA,B1GQ,EU27_2020,2008-Q4,-2
Q,CLV_PCH_SM,SCA,B1GQ,EU27_2020,2009-Q1,-5.5
Q,CLV_PCH_SM,SCA,B1GQ,EU27_2020,2009-Q2,-5.1
Q,CLV_PCH_SM,SCA,B1GQ,EU27_2020,2009-Q3,-4.2
Q,CLV_PCH_SM,SCA,B1GQ,EU27_2020,2009-Q4,-2.1
Q,CLV_PCH_SM,SCA,B1GQ,EU27_2020,2010-Q1,1.2
Q,CLV_PCH_SM,SCA,B1GQ,EU27_2020,2010-Q2,2.2
Q,CLV_PCH_SM,SCA,B1GQ,EU27_2020,2010-Q3,2.3
Q,CLV_PCH_SM,SCA,B1GQ,EU27_2020,2010-Q4,2.4
Q,CLV_PCH_SM,SCA,B1GQ,EU27_2020,2011-Q1,3.1
Q,CLV_PCH_SM,SCA,B1GQ,EU27_2020,2011-Q2,2.2
Q,CLV_PCH_SM,SCA,B1GQ,EU27_2020,2011-Q3,1.8
Q,CLV_PCH_SM,SCA,B1GQ,EU27_2020,2011-Q4,0.8
Q,CLV_PCH_SM,SCA,B1GQ,EU27_2020,2012-Q1,-0.3
Q,CLV_PCH_SM,SCA,B1GQ,EU27_2020,2012-Q2,-0.7
Q,CLV_PCH_SM,SCA,B1GQ,EU27_2020,2012-Q3,-0.9
Q,CLV_PCH_SM,SCA,B1GQ,EU27_2020,2012-Q4,-1
Q,CLV_PCH_SM,SCA,B1GQ,EU27_2020,2013-Q1,-1.1
Q,CLV_PCH_SM,SCA,B1GQ,EU27_2020,2013-Q2,-0.1
Q,CLV_PCH_SM,SCA,B1GQ,EU27_2020,2013-Q3,0.3
Q,CLV_PCH_SM,SCA,B1GQ,EU27_2020,2013-Q4,1
Q,CLV_PCH_SM,SCA,B1GQ,EU27_2020,2014-Q1,1.8
Q,CLV_PCH_SM,SCA,B1GQ,EU27_2020,2014-Q2,1.4
Q,CLV_PCH_SM,SCA,B1GQ,EU27_2020,2014-Q3,1.6
Q,CLV_PCH_SM,SCA,B1GQ,EU27_2020,2014-Q4,1.8
Q,CLV_PCH_SM,SCA,B1GQ,EU27_2020,2015-Q1,2.1
Q,CLV_PCH_SM,SCA,B1GQ,EU27_2020,2015-Q2,2.4
Q,CLV_PCH_SM,SCA,B1GQ,EU27_2020,2015-Q3,2.3
Q,CLV_PCH_SM,SCA,B1GQ,EU27_2020,2015-Q4,2.4
Q,CLV_PCH_SM,SCA,B1GQ,EU27_2020,2016-Q1,2
Q,CLV_PCH_SM,SCA,B1GQ,EU27_2020,2016-Q2,1.7
Q,CLV_PCH_SM,SCA,B1GQ,EU27_2020,2016-Q3,1.8
Q,CLV_PCH_SM,SCA,B1GQ,EU27_2020,2016-Q4,2.1
Q,CLV_PCH_SM,SCA,B1GQ,EU27_2020,2017-Q1,2.5
Q,CLV_PCH_SM,SCA,B1GQ,EU27_2020,2017-Q2,3
Q,CLV_PCH_SM,SCA,B1GQ,EU27_2020,2017-Q3,3.2
Q,CLV_PCH_SM,SCA,B1GQ,EU27_2020,2017-Q4,3.2
Q,CLV_PCH_SM,SCA,B1GQ,EU27_2020,2018-Q1,2.5
Q,CLV_PCH_SM,SCA,B1GQ,EU27_2020,2018-Q2,2.3
Q,CLV_PCH_SM,SCA,B1GQ,EU27_2020,2018-Q3,1.8
Q,CLV_PCH_SM,SCA,B1GQ,EU27_2020,2018-Q4,1.5
Q,CLV_PCH_SM,SCA,B1GQ,EU27_2020,2019-Q1,2.1
Q,CLV_PCH_SM,SCA,B1GQ,EU27_2020,2019-Q2,2
Q,CLV_PCH_SM,SCA,B1GQ,EU27_2020,2019-Q3,2
Q,CLV_PCH_SM,SCA,B1GQ,EU27_2020,2019-Q4,1.5
Q,CLV_PCH_SM,SCA,B1GQ,EU27_2020,2020-Q1,-2.1
Q,CLV_PCH_SM,SCA,B1GQ,EU27_2020,2020-Q2,-13.1
Q,CLV_PCH_SM,SCA,B1GQ,EU27_2020,2020-Q3,-3.9
Q,CLV_PCH_SM,SCA,B1GQ,EU27_2020,2020-Q4,-3.6
Q,CLV_PCH_SM,SCA,B1GQ,EU27_2020,2021-Q1,0.2
Q,CLV_PCH_SM,SCA,B1GQ,EU27_2020,2021-Q2,14.7
Q,CLV_PCH_SM,SCA,B1GQ,EU27_2020,2021-Q3,5.3
Q,CLV_PCH_SM,SCA,B1GQ,EU27_2020,2021-Q4,5.8
Q,CLV_PCH_SM,SCA,B1GQ,EU27_2020,2022-Q1,5.5
Q,CLV_PCH_SM,SCA,B1GQ,EU27_2020,2022-Q2,4.2
Q,CLV_PCH_SM,SCA,B1GQ,EU27_2020,2022-Q3,3
Q,CLV_PCH_SM,SCA,B1GQ,EU27_2020,2022-Q4,1.9
Q,CLV_PCH_SM,SCA,B1GQ,EU27_2020,2023-Q1,1.1
Q,CLV_PCH_SM,SCA,B1GQ,EU27_2020,2023-Q2,0.4
Q,CLV_PCH_SM,SCA,B1GQ,EU27_2020,2023-Q3,0.2
Q,CLV_PCH_SM,SCA,B1GQ,EU27_2020,2023-Q4,0.4
Q,CLV_PCH_SM,SCA,B1GQ,EU27_2020,2024-Q1,1
Q,CLV_PCH_SM,SCA,B1GQ,EU27_2020,2024-Q2,1.1
Q,CLV_PCH_SM,SCA,B1GQ,EU27_2020,2024-Q3,1.3
Q,CLV_PCH_SM,SCA,B1GQ,EU27_2020,2024-Q4,1.8
Q,CLV_PCH_SM,SCA,B1GQ,EU27_2020,2025-Q1,1.7
Q,CLV_PCH_SM,SCA,B1GQ,EU27_2020,2025-Q2,1.6
Q,CLV_PCH_SM,SCA,B1GQ,EU27_2020,2025-Q3,1.4
Q,CLV_PCH_SM,SCA,B1GQ,EU27_2020,2025-Q4,1.3
Q,CLV_PCH_SM,SCA,B1GQ,EU27_2020,2026-Q1,0.9
Q,CLV_PCH_SM,SCA,B1GQ,EU27_2020,2026-Q2,1.4
Q,CLV_PCH_SM,SCA,B1GQ,EA,1978-Q1,
Q,CLV_PCH_SM,SCA,B1GQ,EA,1978-Q2,
Q,CLV_PCH_SM,SCA,B1GQ,EA,1978-Q3,
Q,CLV_PCH_SM,SCA,B1GQ,EA,1978-Q4,
Q,CLV_PCH_SM,SCA,B1GQ,EA,1979-Q1,
Q,CLV_PCH_SM,SCA,B1GQ,EA,1979-Q2,
Q,CLV_PCH_SM,SCA,B1GQ,EA,1979-Q3,
Q,CLV_PCH_SM,SCA,B1GQ,EA,1979-Q4,
Q,CLV_PCH_SM,SCA,B1GQ,EA,1980-Q1,
Q,CLV_PCH_SM,SCA,B1GQ,EA,1980-Q2,
Q,CLV_PCH_SM,SCA,B1GQ,EA,1980-Q3,
Q,CLV_PCH_SM,SCA,B1GQ,EA,1980-Q4,
Q,CLV_PCH_SM,SCA,B1GQ,EA,1981-Q1,
Q,CLV_PCH_SM,SCA,B1GQ,EA,1981-Q2,
Q,CLV_PCH_SM,SCA,B1GQ,EA,1981-Q3,
Q,CLV_PCH_SM,SCA,B1GQ,EA,1981-Q4,
Q,CLV_PCH_SM,SCA,B1GQ,EA,1982-Q1,
Q,CLV_PCH_SM,SCA,B1GQ,EA,1982-Q2,
Q,CLV_PCH_SM,SCA,B1GQ,EA,1982-Q3,
Q,CLV_PCH_SM,SCA,B1GQ,EA,1982-Q4,
Q,CLV_PCH_SM,SCA,B1GQ,EA,1983-Q1,
Q,CLV_PCH_SM,SCA,B1GQ,EA,1983-Q2,
Q,CLV_PCH_SM,SCA,B1GQ,EA,1983-Q3,
Q,CLV_PCH_SM,SCA,B1GQ,EA,1983-Q4,
Q,CLV_PCH_SM,SCA,B1GQ,EA,1984-Q1,
Q,CLV_PCH_SM,SCA,B1GQ,EA,1984-Q2,
Q,CLV_PCH_SM,SCA,B1GQ,EA,1984-Q3,
Q,CLV_PCH_SM,SCA,B1GQ,EA,1984-Q4,
Q,CLV_PCH_SM,SCA,B1GQ,EA,1985-Q1,
Q,CLV_PCH_SM,SCA,B1GQ,EA,1985-Q2,
Q,CLV_PCH_SM,SCA,B1GQ,EA,1985-Q3,
Q,CLV_PCH_SM,SCA,B1GQ,EA,1985-Q4,
Q,CLV_PCH_SM,SCA,B1GQ,EA,1986-Q1,
Q,CLV_PCH_SM,SCA,B1GQ,EA,1986-Q2,
Q,CLV_PCH_SM,SCA,B1GQ,EA,1986-Q3,
Q,CLV_PCH_SM,SCA,B1GQ,EA,1986-Q4,
Q,CLV_PCH_SM,SCA,B1GQ,EA,1987-Q1,
Q,CLV_PCH_SM,SCA,B1GQ,EA,1987-Q2,
Q,CLV_PCH_SM,SCA,B1GQ,EA,1987-Q3,
Q,CLV_PCH_SM,SCA,B1GQ,EA,1987-Q4,
Q,CLV_PCH_SM,SCA,B1GQ,EA,1988-Q1,
Q,CLV_PCH_SM,SCA,B1GQ,EA,1988-Q2,
Q,CLV_PCH_SM,SCA,B1GQ,EA,1988-Q3,
Q,CLV_PCH_SM,SCA,B1GQ,EA,1988-Q4,
Q,CLV_PCH_SM,SCA,B1GQ,EA,1989-Q1,
Q,CLV_PCH_SM,SCA,B1GQ,EA,1989-Q2,
Q,CLV_PCH_SM,SCA,B1GQ,EA,1989-Q3,
Q,CLV_PCH_SM,SCA,B1GQ,EA,1989-Q4,
Q,CLV_PCH_SM,SCA,B1GQ,EA,1990-Q1,
Q,CLV_PCH_SM,SCA,B1GQ,EA,1990-Q2,
Q,CLV_PCH_SM,SCA,B1GQ,EA,1990-Q3,
Q,CLV_PCH_SM,SCA,B1GQ,EA,1990-Q4,
Q,CLV_PCH_SM,SCA,B1GQ,EA,1991-Q1,
Q,CLV_PCH_SM,SCA,B1GQ,EA,1991-Q2,
Q,CLV_PCH_SM,SCA,B1GQ,EA,1991-Q3,
Q,CLV_PCH_SM,SCA,B1GQ,EA,1991-Q4,
Q,CLV_PCH_SM,SCA,B1GQ,EA,1992-Q1,
Q,CLV_PCH_SM,SCA,B1GQ,EA,1992-Q2,
Q,CLV_PCH_SM,SCA,B1GQ,EA,1992-Q3,
Q,CLV_PCH_SM,SCA,B1GQ,EA,1992-Q4,
Q,CLV_PCH_SM,SCA,B1GQ,EA,1993-Q1,
Q,CLV_PCH_SM,SCA,B1GQ,EA,1993-Q2,
Q,CLV_PCH_SM,SCA,B1GQ,EA,1993-Q3,
Q,CLV_PCH_SM,SCA,B1GQ,EA,1993-Q4,
Q,CLV_PCH_SM,SCA,B1GQ,EA,1994-Q1,
Q,CLV_PCH_SM,SCA,B1GQ,EA,1994-Q2,
Q,CLV_PCH_SM,SCA,B1GQ,EA,1994-Q3,
Q,CLV_PCH_SM,SCA,B1GQ,EA,1994-Q4,
Q,CLV_PCH_SM,SCA,B1GQ,EA,1995-Q1,
Q,CLV_PCH_SM,SCA,B1GQ,EA,1995-Q2,
Q,CLV_PCH_SM,SCA,B1GQ,EA,1995-Q3,
Q,CLV_PCH_SM,SCA,B1GQ,EA,1995-Q4,
Q,CLV_PCH_SM,SCA,B1GQ,EA,1996-Q1,1.4
Q,CLV_PCH_SM,SCA,B1GQ,EA,1996-Q2,1.4
Q,CLV_PCH_SM,SCA,B1GQ,EA,1996-Q3,1.6
Q,CLV_PCH_SM,SCA,B1GQ,EA,1996-Q4,2
Q,CLV_PCH_SM,SCA,B1GQ,EA,1997-Q1,2.1
Q,CLV_PCH_SM,SCA,B1GQ,EA,1997-Q2,2.5
Q,CLV_PCH_SM,SCA,B1GQ,EA,1997-Q3,2.8
Q,CLV_PCH_SM,SCA,B1GQ,EA,1997-Q4,3.3
Q,CLV_PCH_SM,SCA,B1GQ,EA,1998-Q1,3.7
Q,CLV_PCH_SM,SCA,B1GQ,EA,1998-Q2,2.9
Q,CLV_PCH_SM,SCA,B1GQ,EA,1998-Q3,2.7
Q,CLV_PCH_SM,SCA,B1GQ,EA,1998-Q4,1.9
Q,CLV_PCH_SM,SCA,B1GQ,EA,1999-Q1,2.2
Q,CLV_PCH_SM,SCA,B1GQ,EA,1999-Q2,2.3
Q,CLV_PCH_SM,SCA,B1GQ,EA,1999-Q3,3.2
Q,CLV_PCH_SM,SCA,B1GQ,EA,1999-Q4,4
Q,CLV_PCH_SM,SCA,B1GQ,EA,2000-Q1,4.2
Q,CLV_PCH_SM,SCA,B1GQ,EA,2000-Q2,4.7
Q,CLV_PCH_SM,SCA,B1GQ,EA,2000-Q3,4
Q,CLV_PCH_SM,SCA,B1GQ,EA,2000-Q4,3.3
Q,CLV_PCH_SM,SCA,B1GQ,EA,2001-Q1,3.2
Q,CLV_PCH_SM,SCA,B1GQ,EA,2001-Q2,2.3
Q,CLV_PCH_SM,SCA,B1GQ,EA,2001-Q3,1.8
Q,CLV_PCH_SM,SCA,B1GQ,EA,2001-Q4,1.3
Q,CLV_PCH_SM,SCA,B1GQ,EA,2002-Q1,0.4
Q,CLV_PCH_SM,SCA,B1GQ,EA,2002-Q2,0.8
Q,CLV_PCH_SM,SCA,B1GQ,EA,2002-Q3,1
Q,CLV_PCH_SM,SCA,B1GQ,EA,2002-Q4,1.3
Q,CLV_PCH_SM,SCA,B1GQ,EA,2003-Q1,0.7
Q,CLV_PCH_SM,SCA,B1GQ,EA,2003-Q2,0.3
Q,CLV_PCH_SM,SCA,B1GQ,EA,2003-Q3,0.5
Q,CLV_PCH_SM,SCA,B1GQ,EA,2003-Q4,1
Q,CLV_PCH_SM,SCA,B1GQ,EA,2004-Q1,1.8
Q,CLV_PCH_SM,SCA,B1GQ,EA,2004-Q2,2.4
Q,CLV_PCH_SM,SCA,B1GQ,EA,2004-Q3,2
Q,CLV_PCH_SM,SCA,B1GQ,EA,2004-Q4,1.7
Q,CLV_PCH_SM,SCA,B1GQ,EA,2005-Q1,1.5
Q,CLV_PCH_SM,SCA,B1GQ,EA,2005-Q2,1.5
Q,CLV_PCH_SM,SCA,B1GQ,EA,2005-Q3,2
Q,CLV_PCH_SM,SCA,B1GQ,EA,2005-Q4,2.3
Q,CLV_PCH_SM,SCA,B1GQ,EA,2006-Q1,3
Q,CLV_PCH_SM,SCA,B1GQ,EA,2006-Q2,3.5
Q,CLV_PCH_SM,SCA,B1GQ,EA,2006-Q3,3.3
Q,CLV_PCH_SM,SCA,B1GQ,EA,2006-Q4,3.7
Q,CLV_PCH_SM,SCA,B1GQ,EA,2007-Q1,3.5
Q,CLV_PCH_SM,SCA,B1GQ,EA,2007-Q2,3
Q,CLV_PCH_SM,SCA,B1GQ,EA,2007-Q3,2.9
Q,CLV_PCH_SM,SCA,B1GQ,EA,2007-Q4,2.2
Q,CLV_PCH_SM,SCA,B1GQ,EA,2008-Q1,2.2
Q,CLV_PCH_SM,SCA,B1GQ,EA,2008-Q2,1
Q,CLV_PCH_SM,SCA,B1GQ,EA,2008-Q3,0.1
Q,CLV_PCH_SM,SCA,B1GQ,EA,2008-Q4,-2.1
Q,CLV_PCH_SM,SCA,B1GQ,EA,2009-Q1,-5.7
Q,CLV_PCH_SM,SCA,B1GQ,EA,2009-Q2,-5.2
Q,CLV_PCH_SM,SCA,B1GQ,EA,2009-Q3,-4.3
Q,CLV_PCH_SM,SCA,B1GQ,EA,2009-Q4,-2.2
Q,CLV_PCH_SM,SCA,B1GQ,EA,2010-Q1,1.3
Q,CLV_PCH_SM,SCA,B1GQ,EA,2010-Q2,2.2
Q,CLV_PCH_SM,SCA,B1GQ,EA,2010-Q3,2.2
Q,CLV_PCH_SM,SCA,B1GQ,EA,2010-Q4,2.4
Q,CLV_PCH_SM,SCA,B1GQ,EA,2011-Q1,3
Q,CLV_PCH_SM,SCA,B1GQ,EA,2011-Q2,2
Q,CLV_PCH_SM,SCA,B1GQ,EA,2011-Q3,1.5
Q,CLV_PCH_SM,SCA,B1GQ,EA,2011-Q4,0.7
Q,CLV_PCH_SM,SCA,B1GQ,EA,2012-Q1,-0.5
Q,CLV_PCH_SM,SCA,B1GQ,EA,2012-Q2,-0.9
Q,CLV_PCH_SM,SCA,B1GQ,EA,2012-Q3,-1.1
Q,CLV_PCH_SM,SCA,B1GQ,EA,2012-Q4,-1.2
Q,CLV_PCH_SM,SCA,B1GQ,EA,2013-Q1,-1.3
Q,CLV_PCH_SM,SCA,B1GQ,EA,2013-Q2,-0.2
Q,CLV_PCH_SM,SCA,B1GQ,EA,2013-Q3,0.2
Q,CLV_PCH_SM,SCA,B1GQ,EA,2013-Q4,0.8
Q,CLV_PCH_SM,SCA,B1GQ,EA,2014-Q1,1.7
Q,CLV_PCH_SM,SCA,B1GQ,EA,2014-Q2,1.2
Q,CLV_PCH_SM,SCA,B1GQ,EA,2014-Q3,1.4
Q,CLV_PCH_SM,SCA,B1GQ,EA,2014-Q4,1.6
Q,CLV_PCH_SM,SCA,B1GQ,EA,2015-Q1,1.9
Q,CLV_PCH_SM,SCA,B1GQ,EA,2015-Q2,2.1
Q,CLV_PCH_SM,SCA,B1GQ,EA,2015-Q3,2
Q,CLV_PCH_SM,SCA,B1GQ,EA,2015-Q4,2.1
Q,CLV_PCH_SM,SCA,B1GQ,EA,2016-Q1,1.8
Q,CLV_PCH_SM,SCA,B1GQ,EA,2016-Q2,1.6
Q,CLV_PCH_SM,SCA,B1GQ,EA,2016-Q3,1.7
Q,CLV_PCH_SM,SCA,B1GQ,EA,2016-Q4,2
Q,CLV_PCH_SM,SCA,B1GQ,EA,2017-Q1,2.3
Q,CLV_PCH_SM,SCA,B1GQ,EA,2017-Q2,2.8
Q,CLV_PCH_SM,SCA,B1GQ,EA,2017-Q3,3.1
Q,CLV_PCH_SM,SCA,B1GQ,EA,2017-Q4,3.1
Q,CLV_PCH_SM,SCA,B1GQ,EA,2018-Q1,2.3
Q,CLV_PCH_SM,SCA,B1GQ,EA,2018-Q2,2.1
Q,CLV_PCH_SM,SCA,B1GQ,EA,2018-Q3,1.5
Q,CLV_PCH_SM,SCA,B1GQ,EA,2018-Q4,1.2
Q,CLV_PCH_SM,SCA,B1GQ,EA,2019-Q1,1.9
Q,CLV_PCH_SM,SCA,B1GQ,EA,2019-Q2,1.7
Q,CLV_PCH_SM,SCA,B1GQ,EA,2019-Q3,1.8
Q,CLV_PCH_SM,SCA,B1GQ,EA,2019-Q4,1.2
Q,CLV_PCH_SM,SCA,B1GQ,EA,2020-Q1,-2.8
Q,CLV_PCH_SM,SCA,B1GQ,EA,2020-Q2,-13.9
Q,CLV_PCH_SM,SCA,B1GQ,EA,2020-Q3,-4.1
Q,CLV_PCH_SM,SCA,B1GQ,EA,2020-Q4,-3.7
Q,CLV_PCH_SM,SCA,B1GQ,EA,2021-Q1,0.3
Q,CLV_PCH_SM,SCA,B1GQ,EA,2021-Q2,15.3
Q,CLV_PCH_SM,SCA,B1GQ,EA,2021-Q3,5.2
Q,CLV_PCH_SM,SCA,B1GQ,EA,2021-Q4,5.7
Q,CLV_PCH_SM,SCA,B1GQ,EA,2022-Q1,5.5
Q,CLV_PCH_SM,SCA,B1GQ,EA,2022-Q2,4.3
Q,CLV_PCH_SM,SCA,B1GQ,EA,2022-Q3,3
Q,CLV_PCH_SM,SCA,B1GQ,EA,2022-Q4,2.2
Q,CLV_PCH_SM,SCA,B1GQ,EA,2023-Q1,1.2
Q,CLV_PCH_SM,SCA,B1GQ,EA,2023-Q2,0.5
Q,CLV_PCH_SM,SCA,B1GQ,EA,2023-Q3,0.1
Q,CLV_PCH_SM,SCA,B1GQ,EA,2023-Q4,0.2
Q,CLV_PCH_SM,SCA,B1GQ,EA,2024-Q1,0.8
Q,CLV_PCH_SM,SCA,B1GQ,EA,2024-Q2,0.9
Q,CLV_PCH_SM,SCA,B1GQ,EA,2024-Q3,1.2
Q,CLV_PCH_SM,SCA,B1GQ,EA,2024-Q4,1.5
Q,CLV_PCH_SM,SCA,B1GQ,EA,2025-Q1,1.6
Q,CLV_PCH_SM,SCA,B1GQ,EA,2025-Q2,1.4
Q,CLV_PCH_SM,SCA,B1GQ,EA,2025-Q3,1.2
Q,CLV_PCH_SM,SCA,B1GQ,EA,2025-Q4,1.1
Q,CLV_PCH_SM,SCA,B1GQ,EA,2026-Q1,0.6
Q,CLV_PCH_SM,SCA,B1GQ,EA,2026-Q2,1.2
Q,CLV_PCH_SM,SCA,B1GQ,EA21,1978-Q1,
Q,CLV_PCH_SM,SCA,B1GQ,EA21,1978-Q2,
Q,CLV_PCH_SM,SCA,B1GQ,EA21,1978-Q3,
Q,CLV_PCH_SM,SCA,B1GQ,EA21,1978-Q4,
Q,CLV_PCH_SM,SCA,B1GQ,EA21,1979-Q1,
Q,CLV_PCH_SM,SCA,B1GQ,EA21,1979-Q2,
Q,CLV_PCH_SM,SCA,B1GQ,EA21,1979-Q3,
Q,CLV_PCH_SM,SCA,B1GQ,EA21,1979-Q4,
Q,CLV_PCH_SM,SCA,B1GQ,EA21,1980-Q1,
Q,CLV_PCH_SM,SCA,B1GQ,EA21,1980-Q2,
Q,CLV_PCH_SM,SCA,B1GQ,EA21,1980-Q3,
Q,CLV_PCH_SM,SCA,B1GQ,EA21,1980-Q4,
Q,CLV_PCH_SM,SCA,B1GQ,EA21,1981-Q1,
Q,CLV_PCH_SM,SCA,B1GQ,EA21,1981-Q2,
Q,CLV_PCH_SM,SCA,B1GQ,EA21,1981-Q3,
Q,CLV_PCH_SM,SCA,B1GQ,EA21,1981-Q4,
Q,CLV_PCH_SM,SCA,B1GQ,EA21,1982-Q1,
Q,CLV_PCH_SM,SCA,B1GQ,EA21,1982-Q2,
Q,CLV_PCH_SM,SCA,B1GQ,EA21,1982-Q3,
Q,CLV_PCH_SM,SCA,B1GQ,EA21,1982-Q4,
Q,CLV_PCH_SM,SCA,B1GQ,EA21,1983-Q1,
Q,CLV_PCH_SM,SCA,B1GQ,EA21,1983-Q2,
Q,CLV_PCH_SM,SCA,B1GQ,EA21,1983-Q3,
Q,CLV_PCH_SM,SCA,B1GQ,EA21,1983-Q4,
Q,CLV_PCH_SM,SCA,B1GQ,EA21,1984-Q1,
Q,CLV_PCH_SM,SCA,B1GQ,EA21,1984-Q2,
Q,CLV_PCH_SM,SCA,B1GQ,EA21,1984-Q3,
Q,CLV_PCH_SM,SCA,B1GQ,EA21,1984-Q4,
Q,CLV_PCH_SM,SCA,B1GQ,EA21,1985-Q1,
Q,CLV_PCH_SM,SCA,B1GQ,EA21,1985-Q2,
Q,CLV_PCH_SM,SCA,B1GQ,EA21,1985-Q3,
Q,CLV_PCH_SM,SCA,B1GQ,EA21,1985-Q4,
Q,CLV_PCH_SM,SCA,B1GQ,EA21,1986-Q1,
Q,CLV_PCH_SM,SCA,B1GQ,EA21,1986-Q2,
Q,CLV_PCH_SM,SCA,B1GQ,EA21,1986-Q3,
Q,CLV_PCH_SM,SCA,B1GQ,EA21,1986-Q4,
Q,CLV_PCH_SM,SCA,B1GQ,EA21,1987-Q1,
Q,CLV_PCH_SM,SCA,B1GQ,EA21,1987-Q2,
Q,CLV_PCH_SM,SCA,B1GQ,EA21,1987-Q3,
Q,CLV_PCH_SM,SCA,B1GQ,EA21,1987-Q4,
Q,CLV_PCH_SM,SCA,B1GQ,EA21,1988-Q1,
Q,CLV_PCH_SM,SCA,B1GQ,EA21,1988-Q2,
Q,CLV_PCH_SM,SCA,B1GQ,EA21,1988-Q3,
Q,CLV_PCH_SM,SCA,B1GQ,EA21,1988-Q4,
Q,CLV_PCH_SM,SCA,B1GQ,EA21,1989-Q1,
Q,CLV_PCH_SM,SCA,B1GQ,EA21,1989-Q2,
Q,CLV_PCH_SM,SCA,B1GQ,EA21,1989-Q3,
Q,CLV_PCH_SM,SCA,B1GQ,EA21,1989-Q4,
Q,CLV_PCH_SM,SCA,B1GQ,EA21,1990-Q1,
Q,CLV_PCH_SM,SCA,B1GQ,EA21,1990-Q2,
Q,CLV_PCH_SM,SCA,B1GQ,EA21,1990-Q3,
Q,CLV_PCH_SM,SCA,B1GQ,EA21,1990-Q4,
Q,CLV_PCH_SM,SCA,B1GQ,EA21,1991-Q1,
Q,CLV_PCH_SM,SCA,B1GQ,EA21,1991-Q2,
Q,CLV_PCH_SM,SCA,B1GQ,EA21,1991-Q3,
Q,CLV_PCH_SM,SCA,B1GQ,EA21,1991-Q4,
Q,CLV_PCH_SM,SCA,B1GQ,EA21,1992-Q1,
Q,CLV_PCH_SM,SCA,B1GQ,EA21,1992-Q2,
Q,CLV_PCH_SM,SCA,B1GQ,EA21,1992-Q3,
Q,CLV_PCH_SM,SCA,B1GQ,EA21,1992-Q4,
Q,CLV_PCH_SM,SCA,B1GQ,EA21,1993-Q1,
Q,CLV_PCH_SM,SCA,B1GQ,EA21,1993-Q2,
Q,CLV_PCH_SM,SCA,B1GQ,EA21,1993-Q3,
Q,CLV_PCH_SM,SCA,B1GQ,EA21,1993-Q4,
Q,CLV_PCH_SM,SCA,B1GQ,EA21,1994-Q1,
Q,CLV_PCH_SM,SCA,B1GQ,EA21,1994-Q2,
Q,CLV_PCH_SM,SCA,B1GQ,EA21,1994-Q3,
Q,CLV_PCH_SM,SCA,B1GQ,EA21,1994-Q4,
Q,CLV_PCH_SM,SCA,B1GQ,EA21,1995-Q1,
Q,CLV_PCH_SM,SCA,B1GQ,EA21,1995-Q2,
Q,CLV_PCH_SM,SCA,B1GQ,EA21,1995-Q3,
Q,CLV_PCH_SM,SCA,B1GQ,EA21,1995-Q4,
Q,CLV_PCH_SM,SCA,B1GQ,EA21,1996-Q1,1.5
Q,CLV_PCH_SM,SCA,B1GQ,EA21,1996-Q2,1.4
Q,CLV_PCH_SM,SCA,B1GQ,EA21,1996-Q3,1.7
Q,CLV_PCH_SM,SCA,B1GQ,EA21,1996-Q4,2
Q,CLV_PCH_SM,SCA,B1GQ,EA21,1997-Q1,2.1
Q,CLV_PCH_SM,SCA,B1GQ,EA21,1997-Q2,2.5
Q,CLV_PCH_SM,SCA,B1GQ,EA21,1997-Q3,2.8
Q,CLV_PCH_SM,SCA,B1GQ,EA21,1997-Q4,3.3
Q,CLV_PCH_SM,SCA,B1GQ,EA21,1998-Q1,3.8
Q,CLV_PCH_SM,SCA,B1GQ,EA21,1998-Q2,3
Q,CLV_PCH_SM,SCA,B1GQ,EA21,1998-Q3,2.7
Q,CLV_PCH_SM,SCA,B1GQ,EA21,1998-Q4,1.9
Q,CLV_PCH_SM,SCA,B1GQ,EA21,1999-Q1,2.2
Q,CLV_PCH_SM,SCA,B1GQ,EA21,1999-Q2,2.3
Q,CLV_PCH_SM,SCA,B1GQ,EA21,1999-Q3,3.1
Q,CLV_PCH_SM,SCA,B1GQ,EA21,1999-Q4,3.9
Q,CLV_PCH_SM,SCA,B1GQ,EA21,2000-Q1,4.2
Q,CLV_PCH_SM,SCA,B1GQ,EA21,2000-Q2,4.6
Q,CLV_PCH_SM,SCA,B1GQ,EA21,2000-Q3,4
Q,CLV_PCH_SM,SCA,B1GQ,EA21,2000-Q4,3.4
Q,CLV_PCH_SM,SCA,B1GQ,EA21,2001-Q1,3.2
Q,CLV_PCH_SM,SCA,B1GQ,EA21,2001-Q2,2.3
Q,CLV_PCH_SM,SCA,B1GQ,EA21,2001-Q3,1.8
Q,CLV_PCH_SM,SCA,B1GQ,EA21,2001-Q4,1.3
Q,CLV_PCH_SM,SCA,B1GQ,EA21,2002-Q1,0.5
Q,CLV_PCH_SM,SCA,B1GQ,EA21,2002-Q2,0.9
Q,CLV_PCH_SM,SCA,B1GQ,EA21,2002-Q3,1.1
Q,CLV_PCH_SM,SCA,B1GQ,EA21,2002-Q4,1.3
Q,CLV_PCH_SM,SCA,B1GQ,EA21,2003-Q1,0.8
Q,CLV_PCH_SM,SCA,B1GQ,EA21,2003-Q2,0.4
Q,CLV_PCH_SM,SCA,B1GQ,EA21,2003-Q3,0.6
Q,CLV_PCH_SM,SCA,B1GQ,EA21,2003-Q4,1.1
Q,CLV_PCH_SM,SCA,B1GQ,EA21,2004-Q1,1.9
Q,CLV_PCH_SM,SCA,B1GQ,EA21,2004-Q2,2.5
Q,CLV_PCH_SM,SCA,B1GQ,EA21,2004-Q3,2
Q,CLV_PCH_SM,SCA,B1GQ,EA21,2004-Q4,1.8
Q,CLV_PCH_SM,SCA,B1GQ,EA21,2005-Q1,1.6
Q,CLV_PCH_SM,SCA,B1GQ,EA21,2005-Q2,1.6
Q,CLV_PCH_SM,SCA,B1GQ,EA21,2005-Q3,2.1
Q,CLV_PCH_SM,SCA,B1GQ,EA21,2005-Q4,2.4
Q,CLV_PCH_SM,SCA,B1GQ,EA21,2006-Q1,3
Q,CLV_PCH_SM,SCA,B1GQ,EA21,2006-Q2,3.5
Q,CLV_PCH_SM,SCA,B1GQ,EA21,2006-Q3,3.3
Q,CLV_PCH_SM,SCA,B1GQ,EA21,2006-Q4,3.8
Q,CLV_PCH_SM,SCA,B1GQ,EA21,2007-Q1,3.6
Q,CLV_PCH_SM,SCA,B1GQ,EA21,2007-Q2,3.1
Q,CLV_PCH_SM,SCA,B1GQ,EA21,2007-Q3,3
Q,CLV_PCH_SM,SCA,B1GQ,EA21,2007-Q4,2.3
Q,CLV_PCH_SM,SCA,B1GQ,EA21,2008-Q1,2.2
Q,CLV_PCH_SM,SCA,B1GQ,EA21,2008-Q2,1.1
Q,CLV_PCH_SM,SCA,B1GQ,EA21,2008-Q3,0.1
Q,CLV_PCH_SM,SCA,B1GQ,EA21,2008-Q4,-2.1
Q,CLV_PCH_SM,SCA,B1GQ,EA21,2009-Q1,-5.7
Q,CLV_PCH_SM,SCA,B1GQ,EA21,2009-Q2,-5.2
Q,CLV_PCH_SM,SCA,B1GQ,EA21,2009-Q3,-4.4
Q,CLV_PCH_SM,SCA,B1GQ,EA21,2009-Q4,-2.3
Q,CLV_PCH_SM,SCA,B1GQ,EA21,2010-Q1,1.2
Q,CLV_PCH_SM,SCA,B1GQ,EA21,2010-Q2,2.1
Q,CLV_PCH_SM,SCA,B1GQ,EA21,2010-Q3,2.2
Q,CLV_PCH_SM,SCA,B1GQ,EA21,2010-Q4,2.4
Q,CLV_PCH_SM,SCA,B1GQ,EA21,2011-Q1,2.9
Q,CLV_PCH_SM,SCA,B1GQ,EA21,2011-Q2,2
Q,CLV_PCH_SM,SCA,B1GQ,EA21,2011-Q3,1.6
Q,CLV_PCH_SM,SCA,B1GQ,EA21,2011-Q4,0.7
Q,CLV_PCH_SM,SCA,B1GQ,EA21,2012-Q1,-0.5
Q,CLV_PCH_SM,SCA,B1GQ,EA21,2012-Q2,-0.9
Q,CLV_PCH_SM,SCA,B1GQ,EA21,2012-Q3,-1
Q,CLV_PCH_SM,SCA,B1GQ,EA21,2012-Q4,-1.1
Q,CLV_PCH_SM,SCA,B1GQ,EA21,2013-Q1,-1.2
Q,CLV_PCH_SM,SCA,B1GQ,EA21,2013-Q2,-0.2
Q,CLV_PCH_SM,SCA,B1GQ,EA21,2013-Q3,0.2
Q,CLV_PCH_SM,SCA,B1GQ,EA21,2013-Q4,0.8
Q,CLV_PCH_SM,SCA,B1GQ,EA21,2014-Q1,1.6
Q,CLV_PCH_SM,SCA,B1GQ,EA21,2014-Q2,1.2
Q,CLV_PCH_SM,SCA,B1GQ,EA21,2014-Q3,1.4
Q,CLV_PCH_SM,SCA,B1GQ,EA21,2014-Q4,1.6
Q,CLV_PCH_SM,SCA,B1GQ,EA21,2015-Q1,1.9
Q,CLV_PCH_SM,SCA,B1GQ,EA21,2015-Q2,2.1
Q,CLV_PCH_SM,SCA,B1GQ,EA21,2015-Q3,2.1
Q,CLV_PCH_SM,SCA,B1GQ,EA21,2015-Q4,2.1
Q,CLV_PCH_SM,SCA,B1GQ,EA21,2016-Q1,1.8
Q,CLV_PCH_SM,SCA,B1GQ,EA21,2016-Q2,1.6
Q,CLV_PCH_SM,SCA,B1GQ,EA21,2016-Q3,1.7
Q,CLV_PCH_SM,SCA,B1GQ,EA21,2016-Q4,2
Q,CLV_PCH_SM,SCA,B1GQ,EA21,2017-Q1,2.3
Q,CLV_PCH_SM,SCA,B1GQ,EA21,2017-Q2,2.8
Q,CLV_PCH_SM,SCA,B1GQ,EA21,2017-Q3,3.1
Q,CLV_PCH_SM,SCA,B1GQ,EA21,2017-Q4,3.1
Q,CLV_PCH_SM,SCA,B1GQ,EA21,2018-Q1,2.3
Q,CLV_PCH_SM,SCA,B1GQ,EA21,2018-Q2,2.1
Q,CLV_PCH_SM,SCA,B1GQ,EA21,2018-Q3,1.5
Q,CLV_PCH_SM,SCA,B1GQ,EA21,2018-Q4,1.2
Q,CLV_PCH_SM,SCA,B1GQ,EA21,2019-Q1,1.9
Q,CLV_PCH_SM,SCA,B1GQ,EA21,2019-Q2,1.7
Q,CLV_PCH_SM,SCA,B1GQ,EA21,2019-Q3,1.9
Q,CLV_PCH_SM,SCA,B1GQ,EA21,2019-Q4,1.2
Q,CLV_PCH_SM,SCA,B1GQ,EA21,2020-Q1,-2.7
Q,CLV_PCH_SM,SCA,B1GQ,EA21,2020-Q2,-13.8
Q,CLV_PCH_SM,SCA,B1GQ,EA21,2020-Q3,-4.2
Q,CLV_PCH_SM,SCA,B1GQ,EA21,2020-Q4,-3.7
Q,CLV_PCH_SM,SCA,B1GQ,EA21,2021-Q1,0.3
Q,CLV_PCH_SM,SCA,B1GQ,EA21,2021-Q2,15.2
Q,CLV_PCH_SM,SCA,B1GQ,EA21,2021-Q3,5.2
Q,CLV_PCH_SM,SCA,B1GQ,EA21,2021-Q4,5.7
Q,CLV_PCH_SM,SCA,B1GQ,EA21,2022-Q1,5.6
Q,CLV_PCH_SM,SCA,B1GQ,EA21,2022-Q2,4.3
Q,CLV_PCH_SM,SCA,B1GQ,EA21,2022-Q3,3
Q,CLV_PCH_SM,SCA,B1GQ,EA21,2022-Q4,2.2
Q,CLV_PCH_SM,SCA,B1GQ,EA21,2023-Q1,1.2
Q,CLV_PCH_SM,SCA,B1GQ,EA21,2023-Q2,0.5
Q,CLV_PCH_SM,SCA,B1GQ,EA21,2023-Q3,0.1
Q,CLV_PCH_SM,SCA,B1GQ,EA21,2023-Q4,0.2
Q,CLV_PCH_SM,SCA,B1GQ,EA21,2024-Q1,0.8
Q,CLV_PCH_SM,SCA,B1GQ,EA21,2024-Q2,0.9
Q,CLV_PCH_SM,SCA,B1GQ,EA21,2024-Q3,1.2
Q,CLV_PCH_SM,SCA,B1GQ,EA21,2024-Q4,1.5
Q,CLV_PCH_SM,SCA,B1GQ,EA21,2025-Q1,1.6
Q,CLV_PCH_SM,SCA,B1GQ,EA21,2025-Q2,1.4
Q,CLV_PCH_SM,SCA,B1GQ,EA21,2025-Q3,1.2
Q,CLV_PCH_SM,SCA,B1GQ,EA21,2025-Q4,1.1
Q,CLV_PCH_SM,SCA,B1GQ,EA21,2026-Q1,0.6
Q,CLV_PCH_SM,SCA,B1GQ,EA21,2026-Q2,1.2
Q,CLV_PCH_SM,SCA,B1GQ,EA20,1978-Q1,
Q,CLV_PCH_SM,SCA,B1GQ,EA20,1978-Q2,
Q,CLV_PCH_SM,SCA,B1GQ,EA20,1978-Q3,
Q,CLV_PCH_SM,SCA,B1GQ,EA20,1978-Q4,
Q,CLV_PCH_SM,SCA,B1GQ,EA20,1979-Q1,
Q,CLV_PCH_SM,SCA,B1GQ,EA20,1979-Q2,
Q,CLV_PCH_SM,SCA,B1GQ,EA20,1979-Q3,
Q,CLV_PCH_SM,SCA,B1GQ,EA20,1979-Q4,
Q,CLV_PCH_SM,SCA,B1GQ,EA20,1980-Q1,
Q,CLV_PCH_SM,SCA,B1GQ,EA20,1980-Q2,
Q,CLV_PCH_SM,SCA,B1GQ,EA20,1980-Q3,
Q,CLV_PCH_SM,SCA,B1GQ,EA20,1980-Q4,
Q,CLV_PCH_SM,SCA,B1GQ,EA20,1981-Q1,
Q,CLV_PCH_SM,SCA,B1GQ,EA20,1981-Q2,
Q,CLV_PCH_SM,SCA,B1GQ,EA20,1981-Q3,
Q,CLV_PCH_SM,SCA,B1GQ,EA20,1981-Q4,
Q,CLV_PCH_SM,SCA,B1GQ,EA20,1982-Q1,
Q,CLV_PCH_SM,SCA,B1GQ,EA20,1982-Q2,
Q,CLV_PCH_SM,SCA,B1GQ,EA20,1982-Q3,
Q,CLV_PCH_SM,SCA,B1GQ,EA20,1982-Q4,
Q,CLV_PCH_SM,SCA,B1GQ,EA20,1983-Q1,
Q,CLV_PCH_SM,SCA,B1GQ,EA20,1983-Q2,
Q,CLV_PCH_SM,SCA,B1GQ,EA20,1983-Q3,
Q,CLV_PCH_SM,SCA,B1GQ,EA20,1983-Q4,
Q,CLV_PCH_SM,SCA,B1GQ,EA20,1984-Q1,
Q,CLV_PCH_SM,SCA,B1GQ,EA20,1984-Q2,
Q,CLV_PCH_SM,SCA,B1GQ,EA20,1984-Q3,
Q,CLV_PCH_SM,SCA,B1GQ,EA20,1984-Q4,
Q,CLV_PCH_SM,SCA,B1GQ,EA20,1985-Q1,
Q,CLV_PCH_SM,SCA,B1GQ,EA20,1985-Q2,
Q,CLV_PCH_SM,SCA,B1GQ,EA20,1985-Q3,
Q,CLV_PCH_SM,SCA,B1GQ,EA20,1985-Q4,
Q,CLV_PCH_SM,SCA,B1GQ,EA20,1986-Q1,
Q,CLV_PCH_SM,SCA,B1GQ,EA20,1986-Q2,
Q,CLV_PCH_SM,SCA,B1GQ,EA20,1986-Q3,
Q,CLV_PCH_SM,SCA,B1GQ,EA20,1986-Q4,
Q,CLV_PCH_SM,SCA,B1GQ,EA20,1987-Q1,
Q,CLV_PCH_SM,SCA,B1GQ,EA20,1987-Q2,
Q,CLV_PCH_SM,SCA,B1GQ,EA20,1987-Q3,
Q,CLV_PCH_SM,SCA,B1GQ,EA20,1987-Q4,
Q,CLV_PCH_SM,SCA,B1GQ,EA20,1988-Q1,
Q,CLV_PCH_SM,SCA,B1GQ,EA20,1988-Q2,
Q,CLV_PCH_SM,SCA,B1GQ,EA20,1988-Q3,
Q,CLV_PCH_SM,SCA,B1GQ,EA20,1988-Q4,
Q,CLV_PCH_SM,SCA,B1GQ,EA20,1989-Q1,
Q,CLV_PCH_SM,SCA,B1GQ,EA20,1989-Q2,
Q,CLV_PCH_SM,SCA,B1GQ,EA20,1989-Q3,
Q,CLV_PCH_SM,SCA,B1GQ,EA20,1989-Q4,
Q,CLV_PCH_SM,SCA,B1GQ,EA20,1990-Q1,
Q,CLV_PCH_SM,SCA,B1GQ,EA20,1990-Q2,
Q,CLV_PCH_SM,SCA,B1GQ,EA20,1990-Q3,
Q,CLV_PCH_SM,SCA,B1GQ,EA20,1990-Q4,
Q,CLV_PCH_SM,SCA,B1GQ,EA20,1991-Q1,
Q,CLV_PCH_SM,SCA,B1GQ,EA20,1991-Q2,
Q,CLV_PCH_SM,SCA,B1GQ,EA20,1991-Q3,
Q,CLV_PCH_SM,SCA,B1GQ,EA20,1991-Q4,
Q,CLV_PCH_SM,SCA,B1GQ,EA20,1992-Q1,
Q,CLV_PCH_SM,SCA,B1GQ,EA20,1992-Q2,
Q,CLV_PCH_SM,SCA,B1GQ,EA20,1992-Q3,
Q,CLV_PCH_SM,SCA,B1GQ,EA20,1992-Q4,
Q,CLV_PCH_SM,SCA,B1GQ,EA20,1993-Q1,
Q,CLV_PCH_SM,SCA,B1GQ,EA20,1993-Q2,
Q,CLV_PCH_SM,SCA,B1GQ,EA20,1993-Q3,
Q,CLV_PCH_SM,SCA,B1GQ,EA20,1993-Q4,
Q,CLV_PCH_SM,SCA,B1GQ,EA20,1994-Q1,
Q,CLV_PCH_SM,SCA,B1GQ,EA20,1994-Q2,
Q,CLV_PCH_SM,SCA,B1GQ,EA20,1994-Q3,
Q,CLV_PCH_SM,SCA,B1GQ,EA20,1994-Q4,
Q,CLV_PCH_SM,SCA,B1GQ,EA20,1995-Q1,
Q,CLV_PCH_SM,SCA,B1GQ,EA20,1995-Q2,
Q,CLV_PCH_SM,SCA,B1GQ,EA20,1995-Q3,
Q,CLV_PCH_SM,SCA,B1GQ,EA20,1995-Q4,
Q,CLV_PCH_SM,SCA,B1GQ,EA20,1996-Q1,1.5
Q,CLV_PCH_SM,SCA,B1GQ,EA20,1996-Q2,1.4
Q,CLV_PCH_SM,SCA,B1GQ,EA20,1996-Q3,1.7
Q,CLV_PCH_SM,SCA,B1GQ,EA20,1996-Q4,2
Q,CLV_PCH_SM,SCA,B1GQ,EA20,1997-Q1,2.1
Q,CLV_PCH_SM,SCA,B1GQ,EA20,1997-Q2,2.6
Q,CLV_PCH_SM,SCA,B1GQ,EA20,1997-Q3,2.9
Q,CLV_PCH_SM,SCA,B1GQ,EA20,1997-Q4,3.4
Q,CLV_PCH_SM,SCA,B1GQ,EA20,1998-Q1,3.8
Q,CLV_PCH_SM,SCA,B1GQ,EA20,1998-Q2,3
Q,CLV_PCH_SM,SCA,B1GQ,EA20,1998-Q3,2.7
Q,CLV_PCH_SM,SCA,B1GQ,EA20,1998-Q4,1.9
Q,CLV_PCH_SM,SCA,B1GQ,EA20,1999-Q1,2.2
Q,CLV_PCH_SM,SCA,B1GQ,EA20,1999-Q2,2.3
Q,CLV_PCH_SM,SCA,B1GQ,EA20,1999-Q3,3.1
Q,CLV_PCH_SM,SCA,B1GQ,EA20,1999-Q4,3.9
Q,CLV_PCH_SM,SCA,B1GQ,EA20,2000-Q1,4.2
Q,CLV_PCH_SM,SCA,B1GQ,EA20,2000-Q2,4.6
Q,CLV_PCH_SM,SCA,B1GQ,EA20,2000-Q3,4
Q,CLV_PCH_SM,SCA,B1GQ,EA20,2000-Q4,3.4
Q,CLV_PCH_SM,SCA,B1GQ,EA20,2001-Q1,3.2
Q,CLV_PCH_SM,SCA,B1GQ,EA20,2001-Q2,2.3
Q,CLV_PCH_SM,SCA,B1GQ,EA20,2001-Q3,1.8
Q,CLV_PCH_SM,SCA,B1GQ,EA20,2001-Q4,1.3
Q,CLV_PCH_SM,SCA,B1GQ,EA20,2002-Q1,0.4
Q,CLV_PCH_SM,SCA,B1GQ,EA20,2002-Q2,0.9
Q,CLV_PCH_SM,SCA,B1GQ,EA20,2002-Q3,1.1
Q,CLV_PCH_SM,SCA,B1GQ,EA20,2002-Q4,1.3
Q,CLV_PCH_SM,SCA,B1GQ,EA20,2003-Q1,0.8
Q,CLV_PCH_SM,SCA,B1GQ,EA20,2003-Q2,0.4
Q,CLV_PCH_SM,SCA,B1GQ,EA20,2003-Q3,0.6
Q,CLV_PCH_SM,SCA,B1GQ,EA20,2003-Q4,1.1
Q,CLV_PCH_SM,SCA,B1GQ,EA20,2004-Q1,1.9
Q,CLV_PCH_SM,SCA,B1GQ,EA20,2004-Q2,2.5
Q,CLV_PCH_SM,SCA,B1GQ,EA20,2004-Q3,2
Q,CLV_PCH_SM,SCA,B1GQ,EA20,2004-Q4,1.8
Q,CLV_PCH_SM,SCA,B1GQ,EA20,2005-Q1,1.6
Q,CLV_PCH_SM,SCA,B1GQ,EA20,2005-Q2,1.5
Q,CLV_PCH_SM,SCA,B1GQ,EA20,2005-Q3,2.1
Q,CLV_PCH_SM,SCA,B1GQ,EA20,2005-Q4,2.4
Q,CLV_PCH_SM,SCA,B1GQ,EA20,2006-Q1,3
Q,CLV_PCH_SM,SCA,B1GQ,EA20,2006-Q2,3.5
Q,CLV_PCH_SM,SCA,B1GQ,EA20,2006-Q3,3.3
Q,CLV_PCH_SM,SCA,B1GQ,EA20,2006-Q4,3.8
Q,CLV_PCH_SM,SCA,B1GQ,EA20,2007-Q1,3.6
Q,CLV_PCH_SM,SCA,B1GQ,EA20,2007-Q2,3.1
Q,CLV_PCH_SM,SCA,B1GQ,EA20,2007-Q3,3
Q,CLV_PCH_SM,SCA,B1GQ,EA20,2007-Q4,2.3
Q,CLV_PCH_SM,SCA,B1GQ,EA20,2008-Q1,2.2
Q,CLV_PCH_SM,SCA,B1GQ,EA20,2008-Q2,1
Q,CLV_PCH_SM,SCA,B1GQ,EA20,2008-Q3,0.1
Q,CLV_PCH_SM,SCA,B1GQ,EA20,2008-Q4,-2.1
Q,CLV_PCH_SM,SCA,B1GQ,EA20,2009-Q1,-5.7
Q,CLV_PCH_SM,SCA,B1GQ,EA20,2009-Q2,-5.3
Q,CLV_PCH_SM,SCA,B1GQ,EA20,2009-Q3,-4.4
Q,CLV_PCH_SM,SCA,B1GQ,EA20,2009-Q4,-2.3
Q,CLV_PCH_SM,SCA,B1GQ,EA20,2010-Q1,1.2
Q,CLV_PCH_SM,SCA,B1GQ,EA20,2010-Q2,2.1
Q,CLV_PCH_SM,SCA,B1GQ,EA20,2010-Q3,2.2
Q,CLV_PCH_SM,SCA,B1GQ,EA20,2010-Q4,2.4
Q,CLV_PCH_SM,SCA,B1GQ,EA20,2011-Q1,2.9
Q,CLV_PCH_SM,SCA,B1GQ,EA20,2011-Q2,2
Q,CLV_PCH_SM,SCA,B1GQ,EA20,2011-Q3,1.6
Q,CLV_PCH_SM,SCA,B1GQ,EA20,2011-Q4,0.7
Q,CLV_PCH_SM,SCA,B1GQ,EA20,2012-Q1,-0.5
Q,CLV_PCH_SM,SCA,B1GQ,EA20,2012-Q2,-0.9
Q,CLV_PCH_SM,SCA,B1GQ,EA20,2012-Q3,-1
Q,CLV_PCH_SM,SCA,B1GQ,EA20,2012-Q4,-1.2
Q,CLV_PCH_SM,SCA,B1GQ,EA20,2013-Q1,-1.2
Q,CLV_PCH_SM,SCA,B1GQ,EA20,2013-Q2,-0.2
Q,CLV_PCH_SM,SCA,B1GQ,EA20,2013-Q3,0.2
Q,CLV_PCH_SM,SCA,B1GQ,EA20,2013-Q4,0.8
Q,CLV_PCH_SM,SCA,B1GQ,EA20,2014-Q1,1.7
Q,CLV_PCH_SM,SCA,B1GQ,EA20,2014-Q2,1.2
Q,CLV_PCH_SM,SCA,B1GQ,EA20,2014-Q3,1.4
Q,CLV_PCH_SM,SCA,B1GQ,EA20,2014-Q4,1.6
Q,CLV_PCH_SM,SCA,B1GQ,EA20,2015-Q1,1.9
Q,CLV_PCH_SM,SCA,B1GQ,EA20,2015-Q2,2.1
Q,CLV_PCH_SM,SCA,B1GQ,EA20,2015-Q3,2
Q,CLV_PCH_SM,SCA,B1GQ,EA20,2015-Q4,2.1
Q,CLV_PCH_SM,SCA,B1GQ,EA20,2016-Q1,1.8
Q,CLV_PCH_SM,SCA,B1GQ,EA20,2016-Q2,1.6
Q,CLV_PCH_SM,SCA,B1GQ,EA20,2016-Q3,1.7
Q,CLV_PCH_SM,SCA,B1GQ,EA20,2016-Q4,2
Q,CLV_PCH_SM,SCA,B1GQ,EA20,2017-Q1,2.3
Q,CLV_PCH_SM,SCA,B1GQ,EA20,2017-Q2,2.8
Q,CLV_PCH_SM,SCA,B1GQ,EA20,2017-Q3,3.1
Q,CLV_PCH_SM,SCA,B1GQ,EA20,2017-Q4,3.1
Q,CLV_PCH_SM,SCA,B1GQ,EA20,2018-Q1,2.3
Q,CLV_PCH_SM,SCA,B1GQ,EA20,2018-Q2,2.1
Q,CLV_PCH_SM,SCA,B1GQ,EA20,2018-Q3,1.5
Q,CLV_PCH_SM,SCA,B1GQ,EA20,2018-Q4,1.2
Q,CLV_PCH_SM,SCA,B1GQ,EA20,2019-Q1,1.9
Q,CLV_PCH_SM,SCA,B1GQ,EA20,2019-Q2,1.7
Q,CLV_PCH_SM,SCA,B1GQ,EA20,2019-Q3,1.9
Q,CLV_PCH_SM,SCA,B1GQ,EA20,2019-Q4,1.2
Q,CLV_PCH_SM,SCA,B1GQ,EA20,2020-Q1,-2.7
Q,CLV_PCH_SM,SCA,B1GQ,EA20,2020-Q2,-13.9
Q,CLV_PCH_SM,SCA,B1GQ,EA20,2020-Q3,-4.2
Q,CLV_PCH_SM,SCA,B1GQ,EA20,2020-Q4,-3.7
Q,CLV_PCH_SM,SCA,B1GQ,EA20,2021-Q1,0.3
Q,CLV_PCH_SM,SCA,B1GQ,EA20,2021-Q2,15.3
Q,CLV_PCH_SM,SCA,B1GQ,EA20,2021-Q3,5.2
Q,CLV_PCH_SM,SCA,B1GQ,EA20,2021-Q4,5.7
Q,CLV_PCH_SM,SCA,B1GQ,EA20,2022-Q1,5.6
Q,CLV_PCH_SM,SCA,B1GQ,EA20,2022-Q2,4.3
Q,CLV_PCH_SM,SCA,B1GQ,EA20,2022-Q3,3
Q,CLV_PCH_SM,SCA,B1GQ,EA20,2022-Q4,2.2
Q,CLV_PCH_SM,SCA,B1GQ,EA20,2023-Q1,1.2
Q,CLV_PCH_SM,SCA,B1GQ,EA20,2023-Q2,0.5
Q,CLV_PCH_SM,SCA,B1GQ,EA20,2023-Q3,0.1
Q,CLV_PCH_SM,SCA,B1GQ,EA20,2023-Q4,0.2
Q,CLV_PCH_SM,SCA,B1GQ,EA20,2024-Q1,0.8
Q,CLV_PCH_SM,SCA,B1GQ,EA20,2024-Q2,0.9
Q,CLV_PCH_SM,SCA,B1GQ,EA20,2024-Q3,1.2
Q,CLV_PCH_SM,SCA,B1GQ,EA20,2024-Q4,1.5
Q,CLV_PCH_SM,SCA,B1GQ,EA20,2025-Q1,1.6
Q,CLV_PCH_SM,SCA,B1GQ,EA20,2025-Q2,1.4
Q,CLV_PCH_SM,SCA,B1GQ,EA20,2025-Q3,1.2
Q,CLV_PCH_SM,SCA,B1GQ,EA20,2025-Q4,1.1
Q,CLV_PCH_SM,SCA,B1GQ,EA20,2026-Q1,0.6
Q,CLV_PCH_SM,SCA,B1GQ,EA20,2026-Q2,1.2
Q,CLV_PCH_SM,SCA,B1GQ,EA19,1978-Q1,
Q,CLV_PCH_SM,SCA,B1GQ,EA19,1978-Q2,
Q,CLV_PCH_SM,SCA,B1GQ,EA19,1978-Q3,
Q,CLV_PCH_SM,SCA,B1GQ,EA19,1978-Q4,
Q,CLV_PCH_SM,SCA,B1GQ,EA19,1979-Q1,
Q,CLV_PCH_SM,SCA,B1GQ,EA19,1979-Q2,
Q,CLV_PCH_SM,SCA,B1GQ,EA19,1979-Q3,
Q,CLV_PCH_SM,SCA,B1GQ,EA19,1979-Q4,
Q,CLV_PCH_SM,SCA,B1GQ,EA19,1980-Q1,
Q,CLV_PCH_SM,SCA,B1GQ,EA19,1980-Q2,
Q,CLV_PCH_SM,SCA,B1GQ,EA19,1980-Q3,
Q,CLV_PCH_SM,SCA,B1GQ,EA19,1980-Q4,
Q,CLV_PCH_SM,SCA,B1GQ,EA19,1981-Q1,
Q,CLV_PCH_SM,SCA,B1GQ,EA19,1981-Q2,
Q,CLV_PCH_SM,SCA,B1GQ,EA19,1981-Q3,
Q,CLV_PCH_SM,SCA,B1GQ,EA19,1981-Q4,
Q,CLV_PCH_SM,SCA,B1GQ,EA19,1982-Q1,
Q,CLV_PCH_SM,SCA,B1GQ,EA19,1982-Q2,
Q,CLV_PCH_SM,SCA,B1GQ,EA19,1982-Q3,
Q,CLV_PCH_SM,SCA,B1GQ,EA19,1982-Q4,
Q,CLV_PCH_SM,SCA,B1GQ,EA19,1983-Q1,
Q,CLV_PCH_SM,SCA,B1GQ,EA19,1983-Q2,
Q,CLV_PCH_SM,SCA,B1GQ,EA19,1983-Q3,
Q,CLV_PCH_SM,SCA,B1GQ,EA19,1983-Q4,
Q,CLV_PCH_SM,SCA,B1GQ,EA19,1984-Q1,
Q,CLV_PCH_SM,SCA,B1GQ,EA19,1984-Q2,
Q,CLV_PCH_SM,SCA,B1GQ,EA19,1984-Q3,
Q,CLV_PCH_SM,SCA,B1GQ,EA19,1984-Q4,
Q,CLV_PCH_SM,SCA,B1GQ,EA19,1985-Q1,
Q,CLV_PCH_SM,SCA,B1GQ,EA19,1985-Q2,
Q,CLV_PCH_SM,SCA,B1GQ,EA19,1985-Q3,
Q,CLV_PCH_SM,SCA,B1GQ,EA19,1985-Q4,
Q,CLV_PCH_SM,SCA,B1GQ,EA19,1986-Q1,
Q,CLV_PCH_SM,SCA,B1GQ,EA19,1986-Q2,
Q,CLV_PCH_SM,SCA,B1GQ,EA19,1986-Q3,
Q,CLV_PCH_SM,SCA,B1GQ,EA19,1986-Q4,
Q,CLV_PCH_SM,SCA,B1GQ,EA19,1987-Q1,
Q,CLV_PCH_SM,SCA,B1GQ,EA19,1987-Q2,
Q,CLV_PCH_SM,SCA,B1GQ,EA19,1987-Q3,
Q,CLV_PCH_SM,SCA,B1GQ,EA19,1987-Q4,
Q,CLV_PCH_SM,SCA,B1GQ,EA19,1988-Q1,
Q,CLV_PCH_SM,SCA,B1GQ,EA19,1988-Q2,
Q,CLV_PCH_SM,SCA,B1GQ,EA19,1988-Q3,
Q,CLV_PCH_SM,SCA,B1GQ,EA19,1988-Q4,
Q,CLV_PCH_SM,SCA,B1GQ,EA19,1989-Q1,
Q,CLV_PCH_SM,SCA,B1GQ,EA19,1989-Q2,
Q,CLV_PCH_SM,SCA,B1GQ,EA19,1989-Q3,
Q,CLV_PCH_SM,SCA,B1GQ,EA19,1989-Q4,
Q,CLV_PCH_SM,SCA,B1GQ,EA19,1990-Q1,
Q,CLV_PCH_SM,SCA,B1GQ,EA19,1990-Q2,
Q,CLV_PCH_SM,SCA,B1GQ,EA19,1990-Q3,
Q,CLV_PCH_SM,SCA,B1GQ,EA19,1990-Q4,
Q,CLV_PCH_SM,SCA,B1GQ,EA19,1991-Q1,
Q,CLV_PCH_SM,SCA,B1GQ,EA19,1991-Q2,
Q,CLV_PCH_SM,SCA,B1GQ,EA19,1991-Q3,
Q,CLV_PCH_SM,SCA,B1GQ,EA19,1991-Q4,
Q,CLV_PCH_SM,SCA,B1GQ,EA19,1992-Q1,
Q,CLV_PCH_SM,SCA,B1GQ,EA19,1992-Q2,
Q,CLV_PCH_SM,SCA,B1GQ,EA19,1992-Q3,
Q,CLV_PCH_SM,SCA,B1GQ,EA19,1992-Q4,
Q,CLV_PCH_SM,SCA,B1GQ,EA19,1993-Q1,
Q,CLV_PCH_SM,SCA,B1GQ,EA19,1993-Q2,
Q,CLV_PCH_SM,SCA,B1GQ,EA19,1993-Q3,
Q,CLV_PCH_SM,SCA,B1GQ,EA19,1993-Q4,
Q,CLV_PCH_SM,SCA,B1GQ,EA19,1994-Q1,
Q,CLV_PCH_SM,SCA,B1GQ,EA19,1994-Q2,
Q,CLV_PCH_SM,SCA,B1GQ,EA19,1994-Q3,
Q,CLV_PCH_SM,SCA,B1GQ,EA19,1994-Q4,
Q,CLV_PCH_SM,SCA,B1GQ,EA19,1995-Q1,
Q,CLV_PCH_SM,SCA,B1GQ,EA19,1995-Q2,
Q,CLV_PCH_SM,SCA,B1GQ,EA19,1995-Q3,
Q,CLV_PCH_SM,SCA,B1GQ,EA19,1995-Q4,
Q,CLV_PCH_SM,SCA,B1GQ,EA19,1996-Q1,1.4
Q,CLV_PCH_SM,SCA,B1GQ,EA19,1996-Q2,1.4
Q,CLV_PCH_SM,SCA,B1GQ,EA19,1996-Q3,1.6
Q,CLV_PCH_SM,SCA,B1GQ,EA19,1996-Q4,2
Q,CLV_PCH_SM,SCA,B1GQ,EA19,1997-Q1,2.1
Q,CLV_PCH_SM,SCA,B1GQ,EA19,1997-Q2,2.5
Q,CLV_PCH_SM,SCA,B1GQ,EA19,1997-Q3,2.8
Q,CLV_PCH_SM,SCA,B1GQ,EA19,1997-Q4,3.4
Q,CLV_PCH_SM,SCA,B1GQ,EA19,1998-Q1,3.8
Q,CLV_PCH_SM,SCA,B1GQ,EA19,1998-Q2,3
Q,CLV_PCH_SM,SCA,B1GQ,EA19,1998-Q3,2.7
Q,CLV_PCH_SM,SCA,B1GQ,EA19,1998-Q4,1.9
Q,CLV_PCH_SM,SCA,B1GQ,EA19,1999-Q1,2.2
Q,CLV_PCH_SM,SCA,B1GQ,EA19,1999-Q2,2.3
Q,CLV_PCH_SM,SCA,B1GQ,EA19,1999-Q3,3.1
Q,CLV_PCH_SM,SCA,B1GQ,EA19,1999-Q4,3.9
Q,CLV_PCH_SM,SCA,B1GQ,EA19,2000-Q1,4.2
Q,CLV_PCH_SM,SCA,B1GQ,EA19,2000-Q2,4.6
Q,CLV_PCH_SM,SCA,B1GQ,EA19,2000-Q3,4
Q,CLV_PCH_SM,SCA,B1GQ,EA19,2000-Q4,3.4
Q,CLV_PCH_SM,SCA,B1GQ,EA19,2001-Q1,3.2
Q,CLV_PCH_SM,SCA,B1GQ,EA19,2001-Q2,2.3
Q,CLV_PCH_SM,SCA,B1GQ,EA19,2001-Q3,1.8
Q,CLV_PCH_SM,SCA,B1GQ,EA19,2001-Q4,1.3
Q,CLV_PCH_SM,SCA,B1GQ,EA19,2002-Q1,0.4
Q,CLV_PCH_SM,SCA,B1GQ,EA19,2002-Q2,0.8
Q,CLV_PCH_SM,SCA,B1GQ,EA19,2002-Q3,1.1
Q,CLV_PCH_SM,SCA,B1GQ,EA19,2002-Q4,1.3
Q,CLV_PCH_SM,SCA,B1GQ,EA19,2003-Q1,0.8
Q,CLV_PCH_SM,SCA,B1GQ,EA19,2003-Q2,0.4
Q,CLV_PCH_SM,SCA,B1GQ,EA19,2003-Q3,0.6
Q,CLV_PCH_SM,SCA,B1GQ,EA19,2003-Q4,1.1
Q,CLV_PCH_SM,SCA,B1GQ,EA19,2004-Q1,1.9
Q,CLV_PCH_SM,SCA,B1GQ,EA19,2004-Q2,2.5
Q,CLV_PCH_SM,SCA,B1GQ,EA19,2004-Q3,2
Q,CLV_PCH_SM,SCA,B1GQ,EA19,2004-Q4,1.8
Q,CLV_PCH_SM,SCA,B1GQ,EA19,2005-Q1,1.6
Q,CLV_PCH_SM,SCA,B1GQ,EA19,2005-Q2,1.5
Q,CLV_PCH_SM,SCA,B1GQ,EA19,2005-Q3,2.1
Q,CLV_PCH_SM,SCA,B1GQ,EA19,2005-Q4,2.3
Q,CLV_PCH_SM,SCA,B1GQ,EA19,2006-Q1,3
Q,CLV_PCH_SM,SCA,B1GQ,EA19,2006-Q2,3.5
Q,CLV_PCH_SM,SCA,B1GQ,EA19,2006-Q3,3.3
Q,CLV_PCH_SM,SCA,B1GQ,EA19,2006-Q4,3.8
Q,CLV_PCH_SM,SCA,B1GQ,EA19,2007-Q1,3.6
Q,CLV_PCH_SM,SCA,B1GQ,EA19,2007-Q2,3.1
Q,CLV_PCH_SM,SCA,B1GQ,EA19,2007-Q3,3
Q,CLV_PCH_SM,SCA,B1GQ,EA19,2007-Q4,2.3
Q,CLV_PCH_SM,SCA,B1GQ,EA19,2008-Q1,2.2
Q,CLV_PCH_SM,SCA,B1GQ,EA19,2008-Q2,1
Q,CLV_PCH_SM,SCA,B1GQ,EA19,2008-Q3,0.1
Q,CLV_PCH_SM,SCA,B1GQ,EA19,2008-Q4,-2.1
Q,CLV_PCH_SM,SCA,B1GQ,EA19,2009-Q1,-5.7
Q,CLV_PCH_SM,SCA,B1GQ,EA19,2009-Q2,-5.2
Q,CLV_PCH_SM,SCA,B1GQ,EA19,2009-Q3,-4.4
Q,CLV_PCH_SM,SCA,B1GQ,EA19,2009-Q4,-2.3
Q,CLV_PCH_SM,SCA,B1GQ,EA19,2010-Q1,1.2
Q,CLV_PCH_SM,SCA,B1GQ,EA19,2010-Q2,2.2
Q,CLV_PCH_SM,SCA,B1GQ,EA19,2010-Q3,2.2
Q,CLV_PCH_SM,SCA,B1GQ,EA19,2010-Q4,2.4
Q,CLV_PCH_SM,SCA,B1GQ,EA19,2011-Q1,3
Q,CLV_PCH_SM,SCA,B1GQ,EA19,2011-Q2,2
Q,CLV_PCH_SM,SCA,B1GQ,EA19,2011-Q3,1.6
Q,CLV_PCH_SM,SCA,B1GQ,EA19,2011-Q4,0.7
Q,CLV_PCH_SM,SCA,B1GQ,EA19,2012-Q1,-0.5
Q,CLV_PCH_SM,SCA,B1GQ,EA19,2012-Q2,-0.9
Q,CLV_PCH_SM,SCA,B1GQ,EA19,2012-Q3,-1
Q,CLV_PCH_SM,SCA,B1GQ,EA19,2012-Q4,-1.1
Q,CLV_PCH_SM,SCA,B1GQ,EA19,2013-Q1,-1.2
Q,CLV_PCH_SM,SCA,B1GQ,EA19,2013-Q2,-0.2
Q,CLV_PCH_SM,SCA,B1GQ,EA19,2013-Q3,0.2
Q,CLV_PCH_SM,SCA,B1GQ,EA19,2013-Q4,0.8
Q,CLV_PCH_SM,SCA,B1GQ,EA19,2014-Q1,1.7
Q,CLV_PCH_SM,SCA,B1GQ,EA19,2014-Q2,1.2
Q,CLV_PCH_SM,SCA,B1GQ,EA19,2014-Q3,1.4
Q,CLV_PCH_SM,SCA,B1GQ,EA19,2014-Q4,1.6
Q,CLV_PCH_SM,SCA,B1GQ,EA19,2015-Q1,1.9
Q,CLV_PCH_SM,SCA,B1GQ,EA19,2015-Q2,2.1
Q,CLV_PCH_SM,SCA,B1GQ,EA19,2015-Q3,2
Q,CLV_PCH_SM,SCA,B1GQ,EA19,2015-Q4,2.1
Q,CLV_PCH_SM,SCA,B1GQ,EA19,2016-Q1,1.8
Q,CLV_PCH_SM,SCA,B1GQ,EA19,2016-Q2,1.6
Q,CLV_PCH_SM,SCA,B1GQ,EA19,2016-Q3,1.7
Q,CLV_PCH_SM,SCA,B1GQ,EA19,2016-Q4,2
Q,CLV_PCH_SM,SCA,B1GQ,EA19,2017-Q1,2.3
Q,CLV_PCH_SM,SCA,B1GQ,EA19,2017-Q2,2.8
Q,CLV_PCH_SM,SCA,B1GQ,EA19,2017-Q3,3.1
Q,CLV_PCH_SM,SCA,B1GQ,EA19,2017-Q4,3.1
Q,CLV_PCH_SM,SCA,B1GQ,EA19,2018-Q1,2.3
Q,CLV_PCH_SM,SCA,B1GQ,EA19,2018-Q2,2.1
Q,CLV_PCH_SM,SCA,B1GQ,EA19,2018-Q3,1.5
Q,CLV_PCH_SM,SCA,B1GQ,EA19,2018-Q4,1.2
Q,CLV_PCH_SM,SCA,B1GQ,EA19,2019-Q1,1.9
Q,CLV_PCH_SM,SCA,B1GQ,EA19,2019-Q2,1.7
Q,CLV_PCH_SM,SCA,B1GQ,EA19,2019-Q3,1.8
Q,CLV_PCH_SM,SCA,B1GQ,EA19,2019-Q4,1.2
Q,CLV_PCH_SM,SCA,B1GQ,EA19,2020-Q1,-2.8
Q,CLV_PCH_SM,SCA,B1GQ,EA19,2020-Q2,-13.9
Q,CLV_PCH_SM,SCA,B1GQ,EA19,2020-Q3,-4.1
Q,CLV_PCH_SM,SCA,B1GQ,EA19,2020-Q4,-3.7
Q,CLV_PCH_SM,SCA,B1GQ,EA19,2021-Q1,0.3
Q,CLV_PCH_SM,SCA,B1GQ,EA19,2021-Q2,15.3
Q,CLV_PCH_SM,SCA,B1GQ,EA19,2021-Q3,5.2
Q,CLV_PCH_SM,SCA,B1GQ,EA19,2021-Q4,5.7
Q,CLV_PCH_SM,SCA,B1GQ,EA19,2022-Q1,5.5
Q,CLV_PCH_SM,SCA,B1GQ,EA19,2022-Q2,4.3
Q,CLV_PCH_SM,SCA,B1GQ,EA19,2022-Q3,3
Q,CLV_PCH_SM,SCA,B1GQ,EA19,2022-Q4,2.2
Q,CLV_PCH_SM,SCA,B1GQ,EA19,2023-Q1,1.2
Q,CLV_PCH_SM,SCA,B1GQ,EA19,2023-Q2,0.5
Q,CLV_PCH_SM,SCA,B1GQ,EA19,2023-Q3,0.1
Q,CLV_PCH_SM,SCA,B1GQ,EA19,2023-Q4,0.2
Q,CLV_PCH_SM,SCA,B1GQ,EA19,2024-Q1,0.8
Q,CLV_PCH_SM,SCA,B1GQ,EA19,2024-Q2,0.8
Q,CLV_PCH_SM,SCA,B1GQ,EA19,2024-Q3,1.2
Q,CLV_PCH_SM,SCA,B1GQ,EA19,2024-Q4,1.5
Q,CLV_PCH_SM,SCA,B1GQ,EA19,2025-Q1,1.6
Q,CLV_PCH_SM,SCA,B1GQ,EA19,2025-Q2,1.4
Q,CLV_PCH_SM,SCA,B1GQ,EA19,2025-Q3,1.1
Q,CLV_PCH_SM,SCA,B1GQ,EA19,2025-Q4,1
Q,CLV_PCH_SM,SCA,B1GQ,EA19,2026-Q1,0.5
Q,CLV_PCH_SM,SCA,B1GQ,EA19,2026-Q2,1.2
Q,CLV_PCH_SM,SCA,B1GQ,EA12,1978-Q1,
Q,CLV_PCH_SM,SCA,B1GQ,EA12,1978-Q2,
Q,CLV_PCH_SM,SCA,B1GQ,EA12,1978-Q3,
Q,CLV_PCH_SM,SCA,B1GQ,EA12,1978-Q4,
Q,CLV_PCH_SM,SCA,B1GQ,EA12,1979-Q1,
Q,CLV_PCH_SM,SCA,B1GQ,EA12,1979-Q2,
Q,CLV_PCH_SM,SCA,B1GQ,EA12,1979-Q3,
Q,CLV_PCH_SM,SCA,B1GQ,EA12,1979-Q4,
Q,CLV_PCH_SM,SCA,B1GQ,EA12,1980-Q1,
Q,CLV_PCH_SM,SCA,B1GQ,EA12,1980-Q2,
Q,CLV_PCH_SM,SCA,B1GQ,EA12,1980-Q3,
Q,CLV_PCH_SM,SCA,B1GQ,EA12,1980-Q4,
Q,CLV_PCH_SM,SCA,B1GQ,EA12,1981-Q1,
Q,CLV_PCH_SM,SCA,B1GQ,EA12,1981-Q2,
Q,CLV_PCH_SM,SCA,B1GQ,EA12,1981-Q3,
Q,CLV_PCH_SM,SCA,B1GQ,EA12,1981-Q4,
Q,CLV_PCH_SM,SCA,B1GQ,EA12,1982-Q1,
Q,CLV_PCH_SM,SCA,B1GQ,EA12,1982-Q2,
Q,CLV_PCH_SM,SCA,B1GQ,EA12,1982-Q3,
Q,CLV_PCH_SM,SCA,B1GQ,EA12,1982-Q4,
Q,CLV_PCH_SM,SCA,B1GQ,EA12,1983-Q1,
Q,CLV_PCH_SM,SCA,B1GQ,EA12,1983-Q2,
Q,CLV_PCH_SM,SCA,B1GQ,EA12,1983-Q3,
Q,CLV_PCH_SM,SCA,B1GQ,EA12,1983-Q4,
Q,CLV_PCH_SM,SCA,B1GQ,EA12,1984-Q1,
Q,CLV_PCH_SM,SCA,B1GQ,EA12,1984-Q2,
Q,CLV_PCH_SM,SCA,B1GQ,EA12,1984-Q3,
Q,CLV_PCH_SM,SCA,B1GQ,EA12,1984-Q4,
Q,CLV_PCH_SM,SCA,B1GQ,EA12,1985-Q1,
Q,CLV_PCH_SM,SCA,B1GQ,EA12,1985-Q2,
Q,CLV_PCH_SM,SCA,B1GQ,EA12,1985-Q3,
Q,CLV_PCH_SM,SCA,B1GQ,EA12,1985-Q4,
Q,CLV_PCH_SM,SCA,B1GQ,EA12,1986-Q1,
Q,CLV_PCH_SM,SCA,B1GQ,EA12,1986-Q2,
Q,CLV_PCH_SM,SCA,B1GQ,EA12,1986-Q3,
Q,CLV_PCH_SM,SCA,B1GQ,EA12,1986-Q4,
Q,CLV_PCH_SM,SCA,B1GQ,EA12,1987-Q1,
Q,CLV_PCH_SM,SCA,B1GQ,EA12,1987-Q2,
Q,CLV_PCH_SM,SCA,B1GQ,EA12,1987-Q3,
Q,CLV_PCH_SM,SCA,B1GQ,EA12,1987-Q4,
Q,CLV_PCH_SM,SCA,B1GQ,EA12,1988-Q1,
Q,CLV_PCH_SM,SCA,B1GQ,EA12,1988-Q2,
Q,CLV_PCH_SM,SCA,B1GQ,EA12,1988-Q3,
Q,CLV_PCH_SM,SCA,B1GQ,EA12,1988-Q4,
Q,CLV_PCH_SM,SCA,B1GQ,EA12,1989-Q1,
Q,CLV_PCH_SM,SCA,B1GQ,EA12,1989-Q2,
Q,CLV_PCH_SM,SCA,B1GQ,EA12,1989-Q3,
Q,CLV_PCH_SM,SCA,B1GQ,EA12,1989-Q4,
Q,CLV_PCH_SM,SCA,B1GQ,EA12,1990-Q1,
Q,CLV_PCH_SM,SCA,B1GQ,EA12,1990-Q2,
Q,CLV_PCH_SM,SCA,B1GQ,EA12,1990-Q3,
Q,CLV_PCH_SM,SCA,B1GQ,EA12,1990-Q4,
Q,CLV_PCH_SM,SCA,B1GQ,EA12,1991-Q1,
Q,CLV_PCH_SM,SCA,B1GQ,EA12,1991-Q2,
Q,CLV_PCH_SM,SCA,B1GQ,EA12,1991-Q3,
Q,CLV_PCH_SM,SCA,B1GQ,EA12,1991-Q4,
Q,CLV_PCH_SM,SCA,B1GQ,EA12,1992-Q1,
Q,CLV_PCH_SM,SCA,B1GQ,EA12,1992-Q2,
Q,CLV_PCH_SM,SCA,B1GQ,EA12,1992-Q3,
Q,CLV_PCH_SM,SCA,B1GQ,EA12,1992-Q4,
Q,CLV_PCH_SM,SCA,B1GQ,EA12,1993-Q1,
Q,CLV_PCH_SM,SCA,B1GQ,EA12,1993-Q2,
Q,CLV_PCH_SM,SCA,B1GQ,EA12,1993-Q3,
Q,CLV_PCH_SM,SCA,B1GQ,EA12,1993-Q4,
Q,CLV_PCH_SM,SCA,B1GQ,EA12,1994-Q1,
Q,CLV_PCH_SM,SCA,B1GQ,EA12,1994-Q2,
Q,CLV_PCH_SM,SCA,B1GQ,EA12,1994-Q3,
Q,CLV_PCH_SM,SCA,B1GQ,EA12,1994-Q4,
Q,CLV_PCH_SM,SCA,B1GQ,EA12,1995-Q1,
Q,CLV_PCH_SM,SCA,B1GQ,EA12,1995-Q2,
Q,CLV_PCH_SM,SCA,B1GQ,EA12,1995-Q3,
Q,CLV_PCH_SM,SCA,B1GQ,EA12,1995-Q4,
Q,CLV_PCH_SM,SCA,B1GQ,EA12,1996-Q1,1.4
Q,CLV_PCH_SM,SCA,B1GQ,EA12,1996-Q2,1.4
Q,CLV_PCH_SM,SCA,B1GQ,EA12,1996-Q3,1.6
Q,CLV_PCH_SM,SCA,B1GQ,EA12,1996-Q4,2
Q,CLV_PCH_SM,SCA,B1GQ,EA12,1997-Q1,2.1
Q,CLV_PCH_SM,SCA,B1GQ,EA12,1997-Q2,2.5
Q,CLV_PCH_SM,SCA,B1GQ,EA12,1997-Q3,2.8
Q,CLV_PCH_SM,SCA,B1GQ,EA12,1997-Q4,3.3
Q,CLV_PCH_SM,SCA,B1GQ,EA12,1998-Q1,3.8
Q,CLV_PCH_SM,SCA,B1GQ,EA12,1998-Q2,3
Q,CLV_PCH_SM,SCA,B1GQ,EA12,1998-Q3,2.7
Q,CLV_PCH_SM,SCA,B1GQ,EA12,1998-Q4,1.9
Q,CLV_PCH_SM,SCA,B1GQ,EA12,1999-Q1,2.2
Q,CLV_PCH_SM,SCA,B1GQ,EA12,1999-Q2,2.3
Q,CLV_PCH_SM,SCA,B1GQ,EA12,1999-Q3,3.2
Q,CLV_PCH_SM,SCA,B1GQ,EA12,1999-Q4,4
Q,CLV_PCH_SM,SCA,B1GQ,EA12,2000-Q1,4.2
Q,CLV_PCH_SM,SCA,B1GQ,EA12,2000-Q2,4.7
Q,CLV_PCH_SM,SCA,B1GQ,EA12,2000-Q3,4
Q,CLV_PCH_SM,SCA,B1GQ,EA12,2000-Q4,3.4
Q,CLV_PCH_SM,SCA,B1GQ,EA12,2001-Q1,3.2
Q,CLV_PCH_SM,SCA,B1GQ,EA12,2001-Q2,2.3
Q,CLV_PCH_SM,SCA,B1GQ,EA12,2001-Q3,1.8
Q,CLV_PCH_SM,SCA,B1GQ,EA12,2001-Q4,1.3
Q,CLV_PCH_SM,SCA,B1GQ,EA12,2002-Q1,0.4
Q,CLV_PCH_SM,SCA,B1GQ,EA12,2002-Q2,0.8
Q,CLV_PCH_SM,SCA,B1GQ,EA12,2002-Q3,1
Q,CLV_PCH_SM,SCA,B1GQ,EA12,2002-Q4,1.3
Q,CLV_PCH_SM,SCA,B1GQ,EA12,2003-Q1,0.7
Q,CLV_PCH_SM,SCA,B1GQ,EA12,2003-Q2,0.3
Q,CLV_PCH_SM,SCA,B1GQ,EA12,2003-Q3,0.5
Q,CLV_PCH_SM,SCA,B1GQ,EA12,2003-Q4,1
Q,CLV_PCH_SM,SCA,B1GQ,EA12,2004-Q1,1.8
Q,CLV_PCH_SM,SCA,B1GQ,EA12,2004-Q2,2.4
Q,CLV_PCH_SM,SCA,B1GQ,EA12,2004-Q3,2
Q,CLV_PCH_SM,SCA,B1GQ,EA12,2004-Q4,1.7
Q,CLV_PCH_SM,SCA,B1GQ,EA12,2005-Q1,1.5
Q,CLV_PCH_SM,SCA,B1GQ,EA12,2005-Q2,1.5
Q,CLV_PCH_SM,SCA,B1GQ,EA12,2005-Q3,2
Q,CLV_PCH_SM,SCA,B1GQ,EA12,2005-Q4,2.3
Q,CLV_PCH_SM,SCA,B1GQ,EA12,2006-Q1,3
Q,CLV_PCH_SM,SCA,B1GQ,EA12,2006-Q2,3.5
Q,CLV_PCH_SM,SCA,B1GQ,EA12,2006-Q3,3.3
Q,CLV_PCH_SM,SCA,B1GQ,EA12,2006-Q4,3.7
Q,CLV_PCH_SM,SCA,B1GQ,EA12,2007-Q1,3.5
Q,CLV_PCH_SM,SCA,B1GQ,EA12,2007-Q2,3
Q,CLV_PCH_SM,SCA,B1GQ,EA12,2007-Q3,2.8
Q,CLV_PCH_SM,SCA,B1GQ,EA12,2007-Q4,2.2
Q,CLV_PCH_SM,SCA,B1GQ,EA12,2008-Q1,2.2
Q,CLV_PCH_SM,SCA,B1GQ,EA12,2008-Q2,1
Q,CLV_PCH_SM,SCA,B1GQ,EA12,2008-Q3,0.1
Q,CLV_PCH_SM,SCA,B1GQ,EA12,2008-Q4,-2.1
Q,CLV_PCH_SM,SCA,B1GQ,EA12,2009-Q1,-5.7
Q,CLV_PCH_SM,SCA,B1GQ,EA12,2009-Q2,-5.1
Q,CLV_PCH_SM,SCA,B1GQ,EA12,2009-Q3,-4.2
Q,CLV_PCH_SM,SCA,B1GQ,EA12,2009-Q4,-2.2
Q,CLV_PCH_SM,SCA,B1GQ,EA12,2010-Q1,1.2
Q,CLV_PCH_SM,SCA,B1GQ,EA12,2010-Q2,2.2
Q,CLV_PCH_SM,SCA,B1GQ,EA12,2010-Q3,2.2
Q,CLV_PCH_SM,SCA,B1GQ,EA12,2010-Q4,2.4
Q,CLV_PCH_SM,SCA,B1GQ,EA12,2011-Q1,3
Q,CLV_PCH_SM,SCA,B1GQ,EA12,2011-Q2,2
Q,CLV_PCH_SM,SCA,B1GQ,EA12,2011-Q3,1.5
Q,CLV_PCH_SM,SCA,B1GQ,EA12,2011-Q4,0.6
Q,CLV_PCH_SM,SCA,B1GQ,EA12,2012-Q1,-0.6
Q,CLV_PCH_SM,SCA,B1GQ,EA12,2012-Q2,-0.9
Q,CLV_PCH_SM,SCA,B1GQ,EA12,2012-Q3,-1.1
Q,CLV_PCH_SM,SCA,B1GQ,EA12,2012-Q4,-1.2
Q,CLV_PCH_SM,SCA,B1GQ,EA12,2013-Q1,-1.3
Q,CLV_PCH_SM,SCA,B1GQ,EA12,2013-Q2,-0.2
Q,CLV_PCH_SM,SCA,B1GQ,EA12,2013-Q3,0.2
Q,CLV_PCH_SM,SCA,B1GQ,EA12,2013-Q4,0.8
Q,CLV_PCH_SM,SCA,B1GQ,EA12,2014-Q1,1.7
Q,CLV_PCH_SM,SCA,B1GQ,EA12,2014-Q2,1.2
Q,CLV_PCH_SM,SCA,B1GQ,EA12,2014-Q3,1.4
Q,CLV_PCH_SM,SCA,B1GQ,EA12,2014-Q4,1.6
Q,CLV_PCH_SM,SCA,B1GQ,EA12,2015-Q1,1.9
Q,CLV_PCH_SM,SCA,B1GQ,EA12,2015-Q2,2.1
Q,CLV_PCH_SM,SCA,B1GQ,EA12,2015-Q3,2
Q,CLV_PCH_SM,SCA,B1GQ,EA12,2015-Q4,2.1
Q,CLV_PCH_SM,SCA,B1GQ,EA12,2016-Q1,1.8
Q,CLV_PCH_SM,SCA,B1GQ,EA12,2016-Q2,1.6
Q,CLV_PCH_SM,SCA,B1GQ,EA12,2016-Q3,1.7
Q,CLV_PCH_SM,SCA,B1GQ,EA12,2016-Q4,2
Q,CLV_PCH_SM,SCA,B1GQ,EA12,2017-Q1,2.2
Q,CLV_PCH_SM,SCA,B1GQ,EA12,2017-Q2,2.7
Q,CLV_PCH_SM,SCA,B1GQ,EA12,2017-Q3,3
Q,CLV_PCH_SM,SCA,B1GQ,EA12,2017-Q4,3
Q,CLV_PCH_SM,SCA,B1GQ,EA12,2018-Q1,2.3
Q,CLV_PCH_SM,SCA,B1GQ,EA12,2018-Q2,2.1
Q,CLV_PCH_SM,SCA,B1GQ,EA12,2018-Q3,1.4
Q,CLV_PCH_SM,SCA,B1GQ,EA12,2018-Q4,1.1
Q,CLV_PCH_SM,SCA,B1GQ,EA12,2019-Q1,1.8
Q,CLV_PCH_SM,SCA,B1GQ,EA12,2019-Q2,1.7
Q,CLV_PCH_SM,SCA,B1GQ,EA12,2019-Q3,1.8
Q,CLV_PCH_SM,SCA,B1GQ,EA12,2019-Q4,1.1
Q,CLV_PCH_SM,SCA,B1GQ,EA12,2020-Q1,-2.8
Q,CLV_PCH_SM,SCA,B1GQ,EA12,2020-Q2,-14
Q,CLV_PCH_SM,SCA,B1GQ,EA12,2020-Q3,-4.2
Q,CLV_PCH_SM,SCA,B1GQ,EA12,2020-Q4,-3.8
Q,CLV_PCH_SM,SCA,B1GQ,EA12,2021-Q1,0.2
Q,CLV_PCH_SM,SCA,B1GQ,EA12,2021-Q2,15.3
Q,CLV_PCH_SM,SCA,B1GQ,EA12,2021-Q3,5.1
Q,CLV_PCH_SM,SCA,B1GQ,EA12,2021-Q4,5.6
Q,CLV_PCH_SM,SCA,B1GQ,EA12,2022-Q1,5.6
Q,CLV_PCH_SM,SCA,B1GQ,EA12,2022-Q2,4.3
Q,CLV_PCH_SM,SCA,B1GQ,EA12,2022-Q3,3
Q,CLV_PCH_SM,SCA,B1GQ,EA12,2022-Q4,2.2
Q,CLV_PCH_SM,SCA,B1GQ,EA12,2023-Q1,1.2
Q,CLV_PCH_SM,SCA,B1GQ,EA12,2023-Q2,0.4
Q,CLV_PCH_SM,SCA,B1GQ,EA12,2023-Q3,0.1
Q,CLV_PCH_SM,SCA,B1GQ,EA12,2023-Q4,0.1
Q,CLV_PCH_SM,SCA,B1GQ,EA12,2024-Q1,0.8
Q,CLV_PCH_SM,SCA,B1GQ,EA12,2024-Q2,0.8
Q,CLV_PCH_SM,SCA,B1GQ,EA12,2024-Q3,1.2
Q,CLV_PCH_SM,SCA,B1GQ,EA12,2024-Q4,1.5
Q,CLV_PCH_SM,SCA,B1GQ,EA12,2025-Q1,1.6
Q,CLV_PCH_SM,SCA,B1GQ,EA12,2025-Q2,1.4
Q,CLV_PCH_SM,SCA,B1GQ,EA12,2025-Q3,1.1
Q,CLV_PCH_SM,SCA,B1GQ,EA12,2025-Q4,1
Q,CLV_PCH_SM,SCA,B1GQ,EA12,2026-Q1,0.5
Q,CLV_PCH_SM,SCA,B1GQ,EA12,2026-Q2,1.1
Q,CLV_PCH_SM,SCA,B1GQ,BE,1978-Q1,
Q,CLV_PCH_SM,SCA,B1GQ,BE,1978-Q2,
Q,CLV_PCH_SM,SCA,B1GQ,BE,1978-Q3,
Q,CLV_PCH_SM,SCA,B1GQ,BE,1978-Q4,
Q,CLV_PCH_SM,SCA,B1GQ,BE,1979-Q1,
Q,CLV_PCH_SM,SCA,B1GQ,BE,1979-Q2,
Q,CLV_PCH_SM,SCA,B1GQ,BE,1979-Q3,
Q,CLV_PCH_SM,SCA,B1GQ,BE,1979-Q4,
Q,CLV_PCH_SM,SCA,B1GQ,BE,1980-Q1,
Q,CLV_PCH_SM,SCA,B1GQ,BE,1980-Q2,
Q,CLV_PCH_SM,SCA,B1GQ,BE,1980-Q3,
Q,CLV_PCH_SM,SCA,B1GQ,BE,1980-Q4,
Q,CLV_PCH_SM,SCA,B1GQ,BE,1981-Q1,
Q,CLV_PCH_SM,SCA,B1GQ,BE,1981-Q2,
Q,CLV_PCH_SM,SCA,B1GQ,BE,1981-Q3,
Q,CLV_PCH_SM,SCA,B1GQ,BE,1981-Q4,
Q,CLV_PCH_SM,SCA,B1GQ,BE,1982-Q1,
Q,CLV_PCH_SM,SCA,B1GQ,BE,1982-Q2,
Q,CLV_PCH_SM,SCA,B1GQ,BE,1982-Q3,
Q,CLV_PCH_SM,SCA,B1GQ,BE,1982-Q4,
Q,CLV_PCH_SM,SCA,B1GQ,BE,1983-Q1,
Q,CLV_PCH_SM,SCA,B1GQ,BE,1983-Q2,
Q,CLV_PCH_SM,SCA,B1GQ,BE,1983-Q3,
Q,CLV_PCH_SM,SCA,B1GQ,BE,1983-Q4,
Q,CLV_PCH_SM,SCA,B1GQ,BE,1984-Q1,
Q,CLV_PCH_SM,SCA,B1GQ,BE,1984-Q2,
Q,CLV_PCH_SM,SCA,B1GQ,BE,1984-Q3,
Q,CLV_PCH_SM,SCA,B1GQ,BE,1984-Q4,
Q,CLV_PCH_SM,SCA,B1GQ,BE,1985-Q1,
Q,CLV_PCH_SM,SCA,B1GQ,BE,1985-Q2,
Q,CLV_PCH_SM,SCA,B1GQ,BE,1985-Q3,
Q,CLV_PCH_SM,SCA,B1GQ,BE,1985-Q4,
Q,CLV_PCH_SM,SCA,B1GQ,BE,1986-Q1,
Q,CLV_PCH_SM,SCA,B1GQ,BE,1986-Q2,
Q,CLV_PCH_SM,SCA,B1GQ,BE,1986-Q3,
Q,CLV_PCH_SM,SCA,B1GQ,BE,1986-Q4,
Q,CLV_PCH_SM,SCA,B1GQ,BE,1987-Q1,
Q,CLV_PCH_SM,SCA,B1GQ,BE,1987-Q2,
Q,CLV_PCH_SM,SCA,B1GQ,BE,1987-Q3,
Q,CLV_PCH_SM,SCA,B1GQ,BE,1987-Q4,
Q,CLV_PCH_SM,SCA,B1GQ,BE,1988-Q1,
Q,CLV_PCH_SM,SCA,B1GQ,BE,1988-Q2,
Q,CLV_PCH_SM,SCA,B1GQ,BE,1988-Q3,
Q,CLV_PCH_SM,SCA,B1GQ,BE,1988-Q4,
Q,CLV_PCH_SM,SCA,B1GQ,BE,1989-Q1,
Q,CLV_PCH_SM,SCA,B1GQ,BE,1989-Q2,
Q,CLV_PCH_SM,SCA,B1GQ,BE,1989-Q3,
Q,CLV_PCH_SM,SCA,B1GQ,BE,1989-Q4,
Q,CLV_PCH_SM,SCA,B1GQ,BE,1990-Q1,
Q,CLV_PCH_SM,SCA,B1GQ,BE,1990-Q2,
Q,CLV_PCH_SM,SCA,B1GQ,BE,1990-Q3,
Q,CLV_PCH_SM,SCA,B1GQ,BE,1990-Q4,
Q,CLV_PCH_SM,SCA,B1GQ,BE,1991-Q1,
Q,CLV_PCH_SM,SCA,B1GQ,BE,1991-Q2,
Q,CLV_PCH_SM,SCA,B1GQ,BE,1991-Q3,
Q,CLV_PCH_SM,SCA,B1GQ,BE,1991-Q4,
Q,CLV_PCH_SM,SCA,B1GQ,BE,1992-Q1,
Q,CLV_PCH_SM,SCA,B1GQ,BE,1992-Q2,
Q,CLV_PCH_SM,SCA,B1GQ,BE,1992-Q3,
Q,CLV_PCH_SM,SCA,B1GQ,BE,1992-Q4,
Q,CLV_PCH_SM,SCA,B1GQ,BE,1993-Q1,
Q,CLV_PCH_SM,SCA,B1GQ,BE,1993-Q2,
Q,CLV_PCH_SM,SCA,B1GQ,BE,1993-Q3,
Q,CLV_PCH_SM,SCA,B1GQ,BE,1993-Q4,
Q,CLV_PCH_SM,SCA,B1GQ,BE,1994-Q1,
Q,CLV_PCH_SM,SCA,B1GQ,BE,1994-Q2,
Q,CLV_PCH_SM,SCA,B1GQ,BE,1994-Q3,
Q,CLV_PCH_SM,SCA,B1GQ,BE,1994-Q4,
Q,CLV_PCH_SM,SCA,B1GQ,BE,1995-Q1,
Q,CLV_PCH_SM,SCA,B1GQ,BE,1995-Q2,
Q,CLV_PCH_SM,SCA,B1GQ,BE,1995-Q3,
Q,CLV_PCH_SM,SCA,B1GQ,BE,1995-Q4,
Q,CLV_PCH_SM,SCA,B1GQ,BE,1996-Q1,1.1
Q,CLV_PCH_SM,SCA,B1GQ,BE,1996-Q2,1.4
Q,CLV_PCH_SM,SCA,B1GQ,BE,1996-Q3,1.1
Q,CLV_PCH_SM,SCA,B1GQ,BE,1996-Q4,1.6
Q,CLV_PCH_SM,SCA,B1GQ,BE,1997-Q1,3.1
Q,CLV_PCH_SM,SCA,B1GQ,BE,1997-Q2,3.9
Q,CLV_PCH_SM,SCA,B1GQ,BE,1997-Q3,4.2
Q,CLV_PCH_SM,SCA,B1GQ,BE,1997-Q4,4
Q,CLV_PCH_SM,SCA,B1GQ,BE,1998-Q1,3.3
Q,CLV_PCH_SM,SCA,B1GQ,BE,1998-Q2,2
Q,CLV_PCH_SM,SCA,B1GQ,BE,1998-Q3,1.5
Q,CLV_PCH_SM,SCA,B1GQ,BE,1998-Q4,1.1
Q,CLV_PCH_SM,SCA,B1GQ,BE,1999-Q1,1.9
Q,CLV_PCH_SM,SCA,B1GQ,BE,1999-Q2,3
Q,CLV_PCH_SM,SCA,B1GQ,BE,1999-Q3,4.1
Q,CLV_PCH_SM,SCA,B1GQ,BE,1999-Q4,5.1
Q,CLV_PCH_SM,SCA,B1GQ,BE,2000-Q1,4.8
Q,CLV_PCH_SM,SCA,B1GQ,BE,2000-Q2,4.1
Q,CLV_PCH_SM,SCA,B1GQ,BE,2000-Q3,3.1
Q,CLV_PCH_SM,SCA,B1GQ,BE,2000-Q4,2.9
Q,CLV_PCH_SM,SCA,B1GQ,BE,2001-Q1,2.2
Q,CLV_PCH_SM,SCA,B1GQ,BE,2001-Q2,1.5
Q,CLV_PCH_SM,SCA,B1GQ,BE,2001-Q3,0.9
Q,CLV_PCH_SM,SCA,B1GQ,BE,2001-Q4,-0.2
Q,CLV_PCH_SM,SCA,B1GQ,BE,2002-Q1,0.6
Q,CLV_PCH_SM,SCA,B1GQ,BE,2002-Q2,1.4
Q,CLV_PCH_SM,SCA,B1GQ,BE,2002-Q3,2.2
Q,CLV_PCH_SM,SCA,B1GQ,BE,2002-Q4,2.6
Q,CLV_PCH_SM,SCA,B1GQ,BE,2003-Q1,1.5
Q,CLV_PCH_SM,SCA,B1GQ,BE,2003-Q2,0.9
Q,CLV_PCH_SM,SCA,B1GQ,BE,2003-Q3,0.7
Q,CLV_PCH_SM,SCA,B1GQ,BE,2003-Q4,1.1
Q,CLV_PCH_SM,SCA,B1GQ,BE,2004-Q1,2.8
Q,CLV_PCH_SM,SCA,B1GQ,BE,2004-Q2,3.6
Q,CLV_PCH_SM,SCA,B1GQ,BE,2004-Q3,4.1
Q,CLV_PCH_SM,SCA,B1GQ,BE,2004-Q4,3.7
Q,CLV_PCH_SM,SCA,B1GQ,BE,2005-Q1,2.7
Q,CLV_PCH_SM,SCA,B1GQ,BE,2005-Q2,2.4
Q,CLV_PCH_SM,SCA,B1GQ,BE,2005-Q3,1.9
Q,CLV_PCH_SM,SCA,B1GQ,BE,2005-Q4,2.3
Q,CLV_PCH_SM,SCA,B1GQ,BE,2006-Q1,2.4
Q,CLV_PCH_SM,SCA,B1GQ,BE,2006-Q2,2.1
Q,CLV_PCH_SM,SCA,B1GQ,BE,2006-Q3,2.6
Q,CLV_PCH_SM,SCA,B1GQ,BE,2006-Q4,3
Q,CLV_PCH_SM,SCA,B1GQ,BE,2007-Q1,3.8
Q,CLV_PCH_SM,SCA,B1GQ,BE,2007-Q2,3.9
Q,CLV_PCH_SM,SCA,B1GQ,BE,2007-Q3,3.8
Q,CLV_PCH_SM,SCA,B1GQ,BE,2007-Q4,3.1
Q,CLV_PCH_SM,SCA,B1GQ,BE,2008-Q1,2.1
Q,CLV_PCH_SM,SCA,B1GQ,BE,2008-Q2,1.7
Q,CLV_PCH_SM,SCA,B1GQ,BE,2008-Q3,0.3
Q,CLV_PCH_SM,SCA,B1GQ,BE,2008-Q4,-2.3
Q,CLV_PCH_SM,SCA,B1GQ,BE,2009-Q1,-3.6
Q,CLV_PCH_SM,SCA,B1GQ,BE,2009-Q2,-3.5
Q,CLV_PCH_SM,SCA,B1GQ,BE,2009-Q3,-1.6
Q,CLV_PCH_SM,SCA,B1GQ,BE,2009-Q4,1.3
Q,CLV_PCH_SM,SCA,B1GQ,BE,2010-Q1,2.7
Q,CLV_PCH_SM,SCA,B1GQ,BE,2010-Q2,3.5
Q,CLV_PCH_SM,SCA,B1GQ,BE,2010-Q3,2.4
Q,CLV_PCH_SM,SCA,B1GQ,BE,2010-Q4,2.3
Q,CLV_PCH_SM,SCA,B1GQ,BE,2011-Q1,2.6
Q,CLV_PCH_SM,SCA,B1GQ,BE,2011-Q2,1.9
Q,CLV_PCH_SM,SCA,B1GQ,BE,2011-Q3,1.8
Q,CLV_PCH_SM,SCA,B1GQ,BE,2011-Q4,1.4
Q,CLV_PCH_SM,SCA,B1GQ,BE,2012-Q1,0.7
Q,CLV_PCH_SM,SCA,B1GQ,BE,2012-Q2,0.2
Q,CLV_PCH_SM,SCA,B1GQ,BE,2012-Q3,0.1
Q,CLV_PCH_SM,SCA,B1GQ,BE,2012-Q4,-0.2
Q,CLV_PCH_SM,SCA,B1GQ,BE,2013-Q1,-0.6
Q,CLV_PCH_SM,SCA,B1GQ,BE,2013-Q2,0.3
Q,CLV_PCH_SM,SCA,B1GQ,BE,2013-Q3,0.5
Q,CLV_PCH_SM,SCA,B1GQ,BE,2013-Q4,0.9
Q,CLV_PCH_SM,SCA,B1GQ,BE,2014-Q1,1.9
Q,CLV_PCH_SM,SCA,B1GQ,BE,2014-Q2,1.5
Q,CLV_PCH_SM,SCA,B1GQ,BE,2014-Q3,1.8
Q,CLV_PCH_SM,SCA,B1GQ,BE,2014-Q4,1.9
Q,CLV_PCH_SM,SCA,B1GQ,BE,2015-Q1,1.6
Q,CLV_PCH_SM,SCA,B1GQ,BE,2015-Q2,1.8
Q,CLV_PCH_SM,SCA,B1GQ,BE,2015-Q3,1.3
Q,CLV_PCH_SM,SCA,B1GQ,BE,2015-Q4,1.2
Q,CLV_PCH_SM,SCA,B1GQ,BE,2016-Q1,1.1
Q,CLV_PCH_SM,SCA,B1GQ,BE,2016-Q2,1.2
Q,CLV_PCH_SM,SCA,B1GQ,BE,2016-Q3,1.2
Q,CLV_PCH_SM,SCA,B1GQ,BE,2016-Q4,1.3
Q,CLV_PCH_SM,SCA,B1GQ,BE,2017-Q1,1.8
Q,CLV_PCH_SM,SCA,B1GQ,BE,2017-Q2,1.4
Q,CLV_PCH_SM,SCA,B1GQ,BE,2017-Q3,1.2
Q,CLV_PCH_SM,SCA,B1GQ,BE,2017-Q4,1.6
Q,CLV_PCH_SM,SCA,B1GQ,BE,2018-Q1,1.4
Q,CLV_PCH_SM,SCA,B1GQ,BE,2018-Q2,1.7
Q,CLV_PCH_SM,SCA,B1GQ,BE,2018-Q3,2.2
Q,CLV_PCH_SM,SCA,B1GQ,BE,2018-Q4,2.3
Q,CLV_PCH_SM,SCA,B1GQ,BE,2019-Q1,2.3
Q,CLV_PCH_SM,SCA,B1GQ,BE,2019-Q2,2.4
Q,CLV_PCH_SM,SCA,B1GQ,BE,2019-Q3,2.7
Q,CLV_PCH_SM,SCA,B1GQ,BE,2019-Q4,2.4
Q,CLV_PCH_SM,SCA,B1GQ,BE,2020-Q1,-0.7
Q,CLV_PCH_SM,SCA,B1GQ,BE,2020-Q2,-12.1
Q,CLV_PCH_SM,SCA,B1GQ,BE,2020-Q3,-2.7
Q,CLV_PCH_SM,SCA,B1GQ,BE,2020-Q4,-3.7
Q,CLV_PCH_SM,SCA,B1GQ,BE,2021-Q1,0.5
Q,CLV_PCH_SM,SCA,B1GQ,BE,2021-Q2,14.5
Q,CLV_PCH_SM,SCA,B1GQ,BE,2021-Q3,4.7
Q,CLV_PCH_SM,SCA,B1GQ,BE,2021-Q4,6.2
Q,CLV_PCH_SM,SCA,B1GQ,BE,2022-Q1,5.1
Q,CLV_PCH_SM,SCA,B1GQ,BE,2022-Q2,4.7
Q,CLV_PCH_SM,SCA,B1GQ,BE,2022-Q3,3.5
Q,CLV_PCH_SM,SCA,B1GQ,BE,2022-Q4,2.8
Q,CLV_PCH_SM,SCA,B1GQ,BE,2023-Q1,2.5
Q,CLV_PCH_SM,SCA,B1GQ,BE,2023-Q2,1.6
Q,CLV_PCH_SM,SCA,B1GQ,BE,2023-Q3,1.1
Q,CLV_PCH_SM,SCA,B1GQ,BE,2023-Q4,1.1
Q,CLV_PCH_SM,SCA,B1GQ,BE,2024-Q1,1.2
Q,CLV_PCH_SM,SCA,B1GQ,BE,2024-Q2,1.1
Q,CLV_PCH_SM,SCA,B1GQ,BE,2024-Q3,1.1
Q,CLV_PCH_SM,SCA,B1GQ,BE,2024-Q4,0.9
Q,CLV_PCH_SM,SCA,B1GQ,BE,2025-Q1,1
Q,CLV_PCH_SM,SCA,B1GQ,BE,2025-Q2,1
Q,CLV_PCH_SM,SCA,B1GQ,BE,2025-Q3,1
Q,CLV_PCH_SM,SCA,B1GQ,BE,2025-Q4,0.9
Q,CLV_PCH_SM,SCA,B1GQ,BE,2026-Q1,0.8
Q,CLV_PCH_SM,SCA,B1GQ,BE,2026-Q2,0.5
Q,CLV_PCH_SM,SCA,B1GQ,BG,1978-Q1,
Q,CLV_PCH_SM,SCA,B1GQ,BG,1978-Q2,
Q,CLV_PCH_SM,SCA,B1GQ,BG,1978-Q3,
Q,CLV_PCH_SM,SCA,B1GQ,BG,1978-Q4,
Q,CLV_PCH_SM,SCA,B1GQ,BG,1979-Q1,
Q,CLV_PCH_SM,SCA,B1GQ,BG,1979-Q2,
Q,CLV_PCH_SM,SCA,B1GQ,BG,1979-Q3,
Q,CLV_PCH_SM,SCA,B1GQ,BG,1979-Q4,
Q,CLV_PCH_SM,SCA,B1GQ,BG,1980-Q1,
Q,CLV_PCH_SM,SCA,B1GQ,BG,1980-Q2,
Q,CLV_PCH_SM,SCA,B1GQ,BG,1980-Q3,
Q,CLV_PCH_SM,SCA,B1GQ,BG,1980-Q4,
Q,CLV_PCH_SM,SCA,B1GQ,BG,1981-Q1,
Q,CLV_PCH_SM,SCA,B1GQ,BG,1981-Q2,
Q,CLV_PCH_SM,SCA,B1GQ,BG,1981-Q3,
Q,CLV_PCH_SM,SCA,B1GQ,BG,1981-Q4,
Q,CLV_PCH_SM,SCA,B1GQ,BG,1982-Q1,
Q,CLV_PCH_SM,SCA,B1GQ,BG,1982-Q2,
Q,CLV_PCH_SM,SCA,B1GQ,BG,1982-Q3,
Q,CLV_PCH_SM,SCA,B1GQ,BG,1982-Q4,
Q,CLV_PCH_SM,SCA,B1GQ,BG,1983-Q1,
Q,CLV_PCH_SM,SCA,B1GQ,BG,1983-Q2,
Q,CLV_PCH_SM,SCA,B1GQ,BG,1983-Q3,
Q,CLV_PCH_SM,SCA,B1GQ,BG,1983-Q4,
Q,CLV_PCH_SM,SCA,B1GQ,BG,1984-Q1,
Q,CLV_PCH_SM,SCA,B1GQ,BG,1984-Q2,
Q,CLV_PCH_SM,SCA,B1GQ,BG,1984-Q3,
Q,CLV_PCH_SM,SCA,B1GQ,BG,1984-Q4,
Q,CLV_PCH_SM,SCA,B1GQ,BG,1985-Q1,
Q,CLV_PCH_SM,SCA,B1GQ,BG,1985-Q2,
Q,CLV_PCH_SM,SCA,B1GQ,BG,1985-Q3,
Q,CLV_PCH_SM,SCA,B1GQ,BG,1985-Q4,
Q,CLV_PCH_SM,SCA,B1GQ,BG,1986-Q1,
Q,CLV_PCH_SM,SCA,B1GQ,BG,1986-Q2,
Q,CLV_PCH_SM,SCA,B1GQ,BG,1986-Q3,
Q,CLV_PCH_SM,SCA,B1GQ,BG,1986-Q4,
Q,CLV_PCH_SM,SCA,B1GQ,BG,1987-Q1,
Q,CLV_PCH_SM,SCA,B1GQ,BG,1987-Q2,
Q,CLV_PCH_SM,SCA,B1GQ,BG,1987-Q3,
Q,CLV_PCH_SM,SCA,B1GQ,BG,1987-Q4,
Q,CLV_PCH_SM,SCA,B1GQ,BG,1988-Q1,
Q,CLV_PCH_SM,SCA,B1GQ,BG,1988-Q2,
Q,CLV_PCH_SM,SCA,B1GQ,BG,1988-Q3,
Q,CLV_PCH_SM,SCA,B1GQ,BG,1988-Q4,
Q,CLV_PCH_SM,SCA,B1GQ,BG,1989-Q1,
Q,CLV_PCH_SM,SCA,B1GQ,BG,1989-Q2,
Q,CLV_PCH_SM,SCA,B1GQ,BG,1989-Q3,
Q,CLV_PCH_SM,SCA,B1GQ,BG,1989-Q4,
Q,CLV_PCH_SM,SCA,B1GQ,BG,1990-Q1,
Q,CLV_PCH_SM,SCA,B1GQ,BG,1990-Q2,
Q,CLV_PCH_SM,SCA,B1GQ,BG,1990-Q3,
Q,CLV_PCH_SM,SCA,B1GQ,BG,1990-Q4,
Q,CLV_PCH_SM,SCA,B1GQ,BG,1991-Q1,
Q,CLV_PCH_SM,SCA,B1GQ,BG,1991-Q2,
Q,CLV_PCH_SM,SCA,B1GQ,BG,1991-Q3,
Q,CLV_PCH_SM,SCA,B1GQ,BG,1991-Q4,
Q,CLV_PCH_SM,SCA,B1GQ,BG,1992-Q1,
Q,CLV_PCH_SM,SCA,B1GQ,BG,1992-Q2,
Q,CLV_PCH_SM,SCA,B1GQ,BG,1992-Q3,
Q,CLV_PCH_SM,SCA,B1GQ,BG,1992-Q4,
Q,CLV_PCH_SM,SCA,B1GQ,BG,1993-Q1,
Q,CLV_PCH_SM,SCA,B1GQ,BG,1993-Q2,
Q,CLV_PCH_SM,SCA,B1GQ,BG,1993-Q3,
Q,CLV_PCH_SM,SCA,B1GQ,BG,1993-Q4,
Q,CLV_PCH_SM,SCA,B1GQ,BG,1994-Q1,
Q,CLV_PCH_SM,SCA,B1GQ,BG,1994-Q2,
Q,CLV_PCH_SM,SCA,B1GQ,BG,1994-Q3,
Q,CLV_PCH_SM,SCA,B1GQ,BG,1994-Q4,
Q,CLV_PCH_SM,SCA,B1GQ,BG,1995-Q1,
Q,CLV_PCH_SM,SCA,B1GQ,BG,1995-Q2,
Q,CLV_PCH_SM,SCA,B1GQ,BG,1995-Q3,
Q,CLV_PCH_SM,SCA,B1GQ,BG,1995-Q4,
Q,CLV_PCH_SM,SCA,B1GQ,BG,1996-Q1,
Q,CLV_PCH_SM,SCA,B1GQ,BG,1996-Q2,
Q,CLV_PCH_SM,SCA,B1GQ,BG,1996-Q3,
Q,CLV_PCH_SM,SCA,B1GQ,BG,1996-Q4,
Q,CLV_PCH_SM,SCA,B1GQ,BG,1997-Q1,-17.1
Q,CLV_PCH_SM,SCA,B1GQ,BG,1997-Q2,-17
Q,CLV_PCH_SM,SCA,B1GQ,BG,1997-Q3,-10.9
Q,CLV_PCH_SM,SCA,B1GQ,BG,1997-Q4,-12.1
Q,CLV_PCH_SM,SCA,B1GQ,BG,1998-Q1,8.7
Q,CLV_PCH_SM,SCA,B1GQ,BG,1998-Q2,2.7
Q,CLV_PCH_SM,SCA,B1GQ,BG,1998-Q3,1.2
Q,CLV_PCH_SM,SCA,B1GQ,BG,1998-Q4,3.2
Q,CLV_PCH_SM,SCA,B1GQ,BG,1999-Q1,-9.5
Q,CLV_PCH_SM,SCA,B1GQ,BG,1999-Q2,-5.7
Q,CLV_PCH_SM,SCA,B1GQ,BG,1999-Q3,-7.2
Q,CLV_PCH_SM,SCA,B1GQ,BG,1999-Q4,-11
Q,CLV_PCH_SM,SCA,B1GQ,BG,2000-Q1,-0.9
Q,CLV_PCH_SM,SCA,B1GQ,BG,2000-Q2,2.7
Q,CLV_PCH_SM,SCA,B1GQ,BG,2000-Q3,4.5
Q,CLV_PCH_SM,SCA,B1GQ,BG,2000-Q4,11.5
Q,CLV_PCH_SM,SCA,B1GQ,BG,2001-Q1,3.5
Q,CLV_PCH_SM,SCA,B1GQ,BG,2001-Q2,3.5
Q,CLV_PCH_SM,SCA,B1GQ,BG,2001-Q3,4
Q,CLV_PCH_SM,SCA,B1GQ,BG,2001-Q4,4.5
Q,CLV_PCH_SM,SCA,B1GQ,BG,2002-Q1,5.3
Q,CLV_PCH_SM,SCA,B1GQ,BG,2002-Q2,5.9
Q,CLV_PCH_SM,SCA,B1GQ,BG,2002-Q3,6.1
Q,CLV_PCH_SM,SCA,B1GQ,BG,2002-Q4,5.7
Q,CLV_PCH_SM,SCA,B1GQ,BG,2003-Q1,5.6
Q,CLV_PCH_SM,SCA,B1GQ,BG,2003-Q2,5
Q,CLV_PCH_SM,SCA,B1GQ,BG,2003-Q3,4.7
Q,CLV_PCH_SM,SCA,B1GQ,BG,2003-Q4,5.7
Q,CLV_PCH_SM,SCA,B1GQ,BG,2004-Q1,5.5
Q,CLV_PCH_SM,SCA,B1GQ,BG,2004-Q2,6.6
Q,CLV_PCH_SM,SCA,B1GQ,BG,2004-Q3,7.5
Q,CLV_PCH_SM,SCA,B1GQ,BG,2004-Q4,6.8
Q,CLV_PCH_SM,SCA,B1GQ,BG,2005-Q1,7.8
Q,CLV_PCH_SM,SCA,B1GQ,BG,2005-Q2,7.2
Q,CLV_PCH_SM,SCA,B1GQ,BG,2005-Q3,6.3
Q,CLV_PCH_SM,SCA,B1GQ,BG,2005-Q4,6.6
Q,CLV_PCH_SM,SCA,B1GQ,BG,2006-Q1,6
Q,CLV_PCH_SM,SCA,B1GQ,BG,2006-Q2,6.4
Q,CLV_PCH_SM,SCA,B1GQ,BG,2006-Q3,7.3
Q,CLV_PCH_SM,SCA,B1GQ,BG,2006-Q4,7.2
Q,CLV_PCH_SM,SCA,B1GQ,BG,2007-Q1,7.1
Q,CLV_PCH_SM,SCA,B1GQ,BG,2007-Q2,7.3
Q,CLV_PCH_SM,SCA,B1GQ,BG,2007-Q3,6.4
Q,CLV_PCH_SM,SCA,B1GQ,BG,2007-Q4,7
Q,CLV_PCH_SM,SCA,B1GQ,BG,2008-Q1,7.2
Q,CLV_PCH_SM,SCA,B1GQ,BG,2008-Q2,6.4
Q,CLV_PCH_SM,SCA,B1GQ,BG,2008-Q3,6.2
Q,CLV_PCH_SM,SCA,B1GQ,BG,2008-Q4,4.5
Q,CLV_PCH_SM,SCA,B1GQ,BG,2009-Q1,-1.6
Q,CLV_PCH_SM,SCA,B1GQ,BG,2009-Q2,-2.8
Q,CLV_PCH_SM,SCA,B1GQ,BG,2009-Q3,-3
Q,CLV_PCH_SM,SCA,B1GQ,BG,2009-Q4,-6.4
Q,CLV_PCH_SM,SCA,B1GQ,BG,2010-Q1,-0.8
Q,CLV_PCH_SM,SCA,B1GQ,BG,2010-Q2,0.8
Q,CLV_PCH_SM,SCA,B1GQ,BG,2010-Q3,0.7
Q,CLV_PCH_SM,SCA,B1GQ,BG,2010-Q4,4.9
Q,CLV_PCH_SM,SCA,B1GQ,BG,2011-Q1,3.5
Q,CLV_PCH_SM,SCA,B1GQ,BG,2011-Q2,2.8
Q,CLV_PCH_SM,SCA,B1GQ,BG,2011-Q3,2.2
Q,CLV_PCH_SM,SCA,B1GQ,BG,2011-Q4,1
Q,CLV_PCH_SM,SCA,B1GQ,BG,2012-Q1,1.7
Q,CLV_PCH_SM,SCA,B1GQ,BG,2012-Q2,0.4
Q,CLV_PCH_SM,SCA,B1GQ,BG,2012-Q3,0.1
Q,CLV_PCH_SM,SCA,B1GQ,BG,2012-Q4,-0.1
Q,CLV_PCH_SM,SCA,B1GQ,BG,2013-Q1,-1.1
Q,CLV_PCH_SM,SCA,B1GQ,BG,2013-Q2,-1
Q,CLV_PCH_SM,SCA,B1GQ,BG,2013-Q3,-0.4
Q,CLV_PCH_SM,SCA,B1GQ,BG,2013-Q4,0.1
Q,CLV_PCH_SM,SCA,B1GQ,BG,2014-Q1,0.3
Q,CLV_PCH_SM,SCA,B1GQ,BG,2014-Q2,1.2
Q,CLV_PCH_SM,SCA,B1GQ,BG,2014-Q3,1.1
Q,CLV_PCH_SM,SCA,B1GQ,BG,2014-Q4,1.9
Q,CLV_PCH_SM,SCA,B1GQ,BG,2015-Q1,3
Q,CLV_PCH_SM,SCA,B1GQ,BG,2015-Q2,3
Q,CLV_PCH_SM,SCA,B1GQ,BG,2015-Q3,3.8
Q,CLV_PCH_SM,SCA,B1GQ,BG,2015-Q4,3.5
Q,CLV_PCH_SM,SCA,B1GQ,BG,2016-Q1,3.2
Q,CLV_PCH_SM,SCA,B1GQ,BG,2016-Q2,3.3
Q,CLV_PCH_SM,SCA,B1GQ,BG,2016-Q3,2.7
Q,CLV_PCH_SM,SCA,B1GQ,BG,2016-Q4,3
Q,CLV_PCH_SM,SCA,B1GQ,BG,2017-Q1,2.8
Q,CLV_PCH_SM,SCA,B1GQ,BG,2017-Q2,2.7
Q,CLV_PCH_SM,SCA,B1GQ,BG,2017-Q3,3
Q,CLV_PCH_SM,SCA,B1GQ,BG,2017-Q4,2.5
Q,CLV_PCH_SM,SCA,B1GQ,BG,2018-Q1,2.5
Q,CLV_PCH_SM,SCA,B1GQ,BG,2018-Q2,2.6
Q,CLV_PCH_SM,SCA,B1GQ,BG,2018-Q3,2.1
Q,CLV_PCH_SM,SCA,B1GQ,BG,2018-Q4,1.9
Q,CLV_PCH_SM,SCA,B1GQ,BG,2019-Q1,5.1
Q,CLV_PCH_SM,SCA,B1GQ,BG,2019-Q2,4
Q,CLV_PCH_SM,SCA,B1GQ,BG,2019-Q3,3.2
Q,CLV_PCH_SM,SCA,B1GQ,BG,2019-Q4,3
Q,CLV_PCH_SM,SCA,B1GQ,BG,2020-Q1,-0.6
Q,CLV_PCH_SM,SCA,B1GQ,BG,2020-Q2,-5.8
Q,CLV_PCH_SM,SCA,B1GQ,BG,2020-Q3,-2.5
Q,CLV_PCH_SM,SCA,B1GQ,BG,2020-Q4,-3.1
Q,CLV_PCH_SM,SCA,B1GQ,BG,2021-Q1,2
Q,CLV_PCH_SM,SCA,B1GQ,BG,2021-Q2,9.3
Q,CLV_PCH_SM,SCA,B1GQ,BG,2021-Q3,8.3
Q,CLV_PCH_SM,SCA,B1GQ,BG,2021-Q4,10.1
Q,CLV_PCH_SM,SCA,B1GQ,BG,2022-Q1,5.4
Q,CLV_PCH_SM,SCA,B1GQ,BG,2022-Q2,5
Q,CLV_PCH_SM,SCA,B1GQ,BG,2022-Q3,3.6
Q,CLV_PCH_SM,SCA,B1GQ,BG,2022-Q4,2.8
Q,CLV_PCH_SM,SCA,B1GQ,BG,2023-Q1,2.2
Q,CLV_PCH_SM,SCA,B1GQ,BG,2023-Q2,1.5
Q,CLV_PCH_SM,SCA,B1GQ,BG,2023-Q3,1.4
Q,CLV_PCH_SM,SCA,B1GQ,BG,2023-Q4,1.7
Q,CLV_PCH_SM,SCA,B1GQ,BG,2024-Q1,2.2
Q,CLV_PCH_SM,SCA,B1GQ,BG,2024-Q2,3.1
Q,CLV_PCH_SM,SCA,B1GQ,BG,2024-Q3,3.5
Q,CLV_PCH_SM,SCA,B1GQ,BG,2024-Q4,3.8
Q,CLV_PCH_SM,SCA,B1GQ,BG,2025-Q1,3.5
Q,CLV_PCH_SM,SCA,B1GQ,BG,2025-Q2,3.4
Q,CLV_PCH_SM,SCA,B1GQ,BG,2025-Q3,3.1
Q,CLV_PCH_SM,SCA,B1GQ,BG,2025-Q4,2.9
Q,CLV_PCH_SM,SCA,B1GQ,BG,2026-Q1,3
Q,CLV_PCH_SM,SCA,B1GQ,BG,2026-Q2,2.8
Q,CLV_PCH_SM,SCA,B1GQ,CZ,1978-Q1,
Q,CLV_PCH_SM,SCA,B1GQ,CZ,1978-Q2,
Q,CLV_PCH_SM,SCA,B1GQ,CZ,1978-Q3,
Q,CLV_PCH_SM,SCA,B1GQ,CZ,1978-Q4,
Q,CLV_PCH_SM,SCA,B1GQ,CZ,1979-Q1,
Q,CLV_PCH_SM,SCA,B1GQ,CZ,1979-Q2,
Q,CLV_PCH_SM,SCA,B1GQ,CZ,1979-Q3,
Q,CLV_PCH_SM,SCA,B1GQ,CZ,1979-Q4,
Q,CLV_PCH_SM,SCA,B1GQ,CZ,1980-Q1,
Q,CLV_PCH_SM,SCA,B1GQ,CZ,1980-Q2,
Q,CLV_PCH_SM,SCA,B1GQ,CZ,1980-Q3,
Q,CLV_PCH_SM,SCA,B1GQ,CZ,1980-Q4,
Q,CLV_PCH_SM,SCA,B1GQ,CZ,1981-Q1,
Q,CLV_PCH_SM,SCA,B1GQ,CZ,1981-Q2,
Q,CLV_PCH_SM,SCA,B1GQ,CZ,1981-Q3,
Q,CLV_PCH_SM,SCA,B1GQ,CZ,1981-Q4,
Q,CLV_PCH_SM,SCA,B1GQ,CZ,1982-Q1,
Q,CLV_PCH_SM,SCA,B1GQ,CZ,1982-Q2,
Q,CLV_PCH_SM,SCA,B1GQ,CZ,1982-Q3,
Q,CLV_PCH_SM,SCA,B1GQ,CZ,1982-Q4,
Q,CLV_PCH_SM,SCA,B1GQ,CZ,1983-Q1,
Q,CLV_PCH_SM,SCA,B1GQ,CZ,1983-Q2,
Q,CLV_PCH_SM,SCA,B1GQ,CZ,1983-Q3,
Q,CLV_PCH_SM,SCA,B1GQ,CZ,1983-Q4,
Q,CLV_PCH_SM,SCA,B1GQ,CZ,1984-Q1,
Q,CLV_PCH_SM,SCA,B1GQ,CZ,1984-Q2,
Q,CLV_PCH_SM,SCA,B1GQ,CZ,1984-Q3,
Q,CLV_PCH_SM,SCA,B1GQ,CZ,1984-Q4,
Q,CLV_PCH_SM,SCA,B1GQ,CZ,1985-Q1,
Q,CLV_PCH_SM,SCA,B1GQ,CZ,1985-Q2,
Q,CLV_PCH_SM,SCA,B1GQ,CZ,1985-Q3,
Q,CLV_PCH_SM,SCA,B1GQ,CZ,1985-Q4,
Q,CLV_PCH_SM,SCA,B1GQ,CZ,1986-Q1,
Q,CLV_PCH_SM,SCA,B1GQ,CZ,1986-Q2,
Q,CLV_PCH_SM,SCA,B1GQ,CZ,1986-Q3,
Q,CLV_PCH_SM,SCA,B1GQ,CZ,1986-Q4,
Q,CLV_PCH_SM,SCA,B1GQ,CZ,1987-Q1,
Q,CLV_PCH_SM,SCA,B1GQ,CZ,1987-Q2,
Q,CLV_PCH_SM,SCA,B1GQ,CZ,1987-Q3,
Q,CLV_PCH_SM,SCA,B1GQ,CZ,1987-Q4,
Q,CLV_PCH_SM,SCA,B1GQ,CZ,1988-Q1,
Q,CLV_PCH_SM,SCA,B1GQ,CZ,1988-Q2,
Q,CLV_PCH_SM,SCA,B1GQ,CZ,1988-Q3,
Q,CLV_PCH_SM,SCA,B1GQ,CZ,1988-Q4,
Q,CLV_PCH_SM,SCA,B1GQ,CZ,1989-Q1,
Q,CLV_PCH_SM,SCA,B1GQ,CZ,1989-Q2,
Q,CLV_PCH_SM,SCA,B1GQ,CZ,1989-Q3,
Q,CLV_PCH_SM,SCA,B1GQ,CZ,1989-Q4,
Q,CLV_PCH_SM,SCA,B1GQ,CZ,1990-Q1,
Q,CLV_PCH_SM,SCA,B1GQ,CZ,1990-Q2,
Q,CLV_PCH_SM,SCA,B1GQ,CZ,1990-Q3,
Q,CLV_PCH_SM,SCA,B1GQ,CZ,1990-Q4,
Q,CLV_PCH_SM,SCA,B1GQ,CZ,1991-Q1,
Q,CLV_PCH_SM,SCA,B1GQ,CZ,1991-Q2,
Q,CLV_PCH_SM,SCA,B1GQ,CZ,1991-Q3,
Q,CLV_PCH_SM,SCA,B1GQ,CZ,1991-Q4,
Q,CLV_PCH_SM,SCA,B1GQ,CZ,1992-Q1,
Q,CLV_PCH_SM,SCA,B1GQ,CZ,1992-Q2,
Q,CLV_PCH_SM,SCA,B1GQ,CZ,1992-Q3,
Q,CLV_PCH_SM,SCA,B1GQ,CZ,1992-Q4,
Q,CLV_PCH_SM,SCA,B1GQ,CZ,1993-Q1,
Q,CLV_PCH_SM,SCA,B1GQ,CZ,1993-Q2,
Q,CLV_PCH_SM,SCA,B1GQ,CZ,1993-Q3,
Q,CLV_PCH_SM,SCA,B1GQ,CZ,1993-Q4,
Q,CLV_PCH_SM,SCA,B1GQ,CZ,1994-Q1,
Q,CLV_PCH_SM,SCA,B1GQ,CZ,1994-Q2,
Q,CLV_PCH_SM,SCA,B1GQ,CZ,1994-Q3,
Q,CLV_PCH_SM,SCA,B1GQ,CZ,1994-Q4,
Q,CLV_PCH_SM,SCA,B1GQ,CZ,1995-Q1,
Q,CLV_PCH_SM,SCA,B1GQ,CZ,1995-Q2,
Q,CLV_PCH_SM,SCA,B1GQ,CZ,1995-Q3,
Q,CLV_PCH_SM,SCA,B1GQ,CZ,1995-Q4,
Q,CLV_PCH_SM,SCA,B1GQ,CZ,1996-Q1,5.7
Q,CLV_PCH_SM,SCA,B1GQ,CZ,1996-Q2,4.5
Q,CLV_PCH_SM,SCA,B1GQ,CZ,1996-Q3,3.6
Q,CLV_PCH_SM,SCA,B1GQ,CZ,1996-Q4,3
Q,CLV_PCH_SM,SCA,B1GQ,CZ,1997-Q1,0.8
Q,CLV_PCH_SM,SCA,B1GQ,CZ,1997-Q2,-0.3
Q,CLV_PCH_SM,SCA,B1GQ,CZ,1997-Q3,-1.4
Q,CLV_PCH_SM,SCA,B1GQ,CZ,1997-Q4,-1.6
Q,CLV_PCH_SM,SCA,B1GQ,CZ,1998-Q1,-1.3
Q,CLV_PCH_SM,SCA,B1GQ,CZ,1998-Q2,-0.5
Q,CLV_PCH_SM,SCA,B1GQ,CZ,1998-Q3,0.1
Q,CLV_PCH_SM,SCA,B1GQ,CZ,1998-Q4,0.2
Q,CLV_PCH_SM,SCA,B1GQ,CZ,1999-Q1,0.4
Q,CLV_PCH_SM,SCA,B1GQ,CZ,1999-Q2,0.4
Q,CLV_PCH_SM,SCA,B1GQ,CZ,1999-Q3,1.5
Q,CLV_PCH_SM,SCA,B1GQ,CZ,1999-Q4,2.5
Q,CLV_PCH_SM,SCA,B1GQ,CZ,2000-Q1,3.8
Q,CLV_PCH_SM,SCA,B1GQ,CZ,2000-Q2,4.7
Q,CLV_PCH_SM,SCA,B1GQ,CZ,2000-Q3,5
Q,CLV_PCH_SM,SCA,B1GQ,CZ,2000-Q4,4.1
Q,CLV_PCH_SM,SCA,B1GQ,CZ,2001-Q1,4
Q,CLV_PCH_SM,SCA,B1GQ,CZ,2001-Q2,3
Q,CLV_PCH_SM,SCA,B1GQ,CZ,2001-Q3,2.2
Q,CLV_PCH_SM,SCA,B1GQ,CZ,2001-Q4,2.5
Q,CLV_PCH_SM,SCA,B1GQ,CZ,2002-Q1,1.3
Q,CLV_PCH_SM,SCA,B1GQ,CZ,2002-Q2,1.5
Q,CLV_PCH_SM,SCA,B1GQ,CZ,2002-Q3,1.4
Q,CLV_PCH_SM,SCA,B1GQ,CZ,2002-Q4,1.5
Q,CLV_PCH_SM,SCA,B1GQ,CZ,2003-Q1,2.6
Q,CLV_PCH_SM,SCA,B1GQ,CZ,2003-Q2,3.1
Q,CLV_PCH_SM,SCA,B1GQ,CZ,2003-Q3,3.5
Q,CLV_PCH_SM,SCA,B1GQ,CZ,2003-Q4,3.9
Q,CLV_PCH_SM,SCA,B1GQ,CZ,2004-Q1,3.8
Q,CLV_PCH_SM,SCA,B1GQ,CZ,2004-Q2,4
Q,CLV_PCH_SM,SCA,B1GQ,CZ,2004-Q3,4.9
Q,CLV_PCH_SM,SCA,B1GQ,CZ,2004-Q4,5.5
Q,CLV_PCH_SM,SCA,B1GQ,CZ,2005-Q1,6.4
Q,CLV_PCH_SM,SCA,B1GQ,CZ,2005-Q2,6.4
Q,CLV_PCH_SM,SCA,B1GQ,CZ,2005-Q3,6.5
Q,CLV_PCH_SM,SCA,B1GQ,CZ,2005-Q4,6.6
Q,CLV_PCH_SM,SCA,B1GQ,CZ,2006-Q1,6.5
Q,CLV_PCH_SM,SCA,B1GQ,CZ,2006-Q2,7.4
Q,CLV_PCH_SM,SCA,B1GQ,CZ,2006-Q3,7
Q,CLV_PCH_SM,SCA,B1GQ,CZ,2006-Q4,6.4
Q,CLV_PCH_SM,SCA,B1GQ,CZ,2007-Q1,6.4
Q,CLV_PCH_SM,SCA,B1GQ,CZ,2007-Q2,5.1
Q,CLV_PCH_SM,SCA,B1GQ,CZ,2007-Q3,5.2
Q,CLV_PCH_SM,SCA,B1GQ,CZ,2007-Q4,5.2
Q,CLV_PCH_SM,SCA,B1GQ,CZ,2008-Q1,4
Q,CLV_PCH_SM,SCA,B1GQ,CZ,2008-Q2,3.8
Q,CLV_PCH_SM,SCA,B1GQ,CZ,2008-Q3,2.5
Q,CLV_PCH_SM,SCA,B1GQ,CZ,2008-Q4,-0.6
Q,CLV_PCH_SM,SCA,B1GQ,CZ,2009-Q1,-4.5
Q,CLV_PCH_SM,SCA,B1GQ,CZ,2009-Q2,-5.5
Q,CLV_PCH_SM,SCA,B1GQ,CZ,2009-Q3,-5.2
Q,CLV_PCH_SM,SCA,B1GQ,CZ,2009-Q4,-3.4
Q,CLV_PCH_SM,SCA,B1GQ,CZ,2010-Q1,0.7
Q,CLV_PCH_SM,SCA,B1GQ,CZ,2010-Q2,2.5
Q,CLV_PCH_SM,SCA,B1GQ,CZ,2010-Q3,3.3
Q,CLV_PCH_SM,SCA,B1GQ,CZ,2010-Q4,3.7
Q,CLV_PCH_SM,SCA,B1GQ,CZ,2011-Q1,3
Q,CLV_PCH_SM,SCA,B1GQ,CZ,2011-Q2,2.2
Q,CLV_PCH_SM,SCA,B1GQ,CZ,2011-Q3,1.1
Q,CLV_PCH_SM,SCA,B1GQ,CZ,2011-Q4,0.8
Q,CLV_PCH_SM,SCA,B1GQ,CZ,2012-Q1,0.4
Q,CLV_PCH_SM,SCA,B1GQ,CZ,2012-Q2,-0.7
Q,CLV_PCH_SM,SCA,B1GQ,CZ,2012-Q3,-1.1
Q,CLV_PCH_SM,SCA,B1GQ,CZ,2012-Q4,-1.4
Q,CLV_PCH_SM,SCA,B1GQ,CZ,2013-Q1,-1.5
Q,CLV_PCH_SM,SCA,B1GQ,CZ,2013-Q2,-0.5
Q,CLV_PCH_SM,SCA,B1GQ,CZ,2013-Q3,0.1
Q,CLV_PCH_SM,SCA,B1GQ,CZ,2013-Q4,1.7
Q,CLV_PCH_SM,SCA,B1GQ,CZ,2014-Q1,1.6
Q,CLV_PCH_SM,SCA,B1GQ,CZ,2014-Q2,2.2
Q,CLV_PCH_SM,SCA,B1GQ,CZ,2014-Q3,2.7
Q,CLV_PCH_SM,SCA,B1GQ,CZ,2014-Q4,2.5
Q,CLV_PCH_SM,SCA,B1GQ,CZ,2015-Q1,4.8
Q,CLV_PCH_SM,SCA,B1GQ,CZ,2015-Q2,5.3
Q,CLV_PCH_SM,SCA,B1GQ,CZ,2015-Q3,5.4
Q,CLV_PCH_SM,SCA,B1GQ,CZ,2015-Q4,4.8
Q,CLV_PCH_SM,SCA,B1GQ,CZ,2016-Q1,3.3
Q,CLV_PCH_SM,SCA,B1GQ,CZ,2016-Q2,2.1
Q,CLV_PCH_SM,SCA,B1GQ,CZ,2016-Q3,2.1
Q,CLV_PCH_SM,SCA,B1GQ,CZ,2016-Q4,2.4
Q,CLV_PCH_SM,SCA,B1GQ,CZ,2017-Q1,3.5
Q,CLV_PCH_SM,SCA,B1GQ,CZ,2017-Q2,6.4
Q,CLV_PCH_SM,SCA,B1GQ,CZ,2017-Q3,6
Q,CLV_PCH_SM,SCA,B1GQ,CZ,2017-Q4,5.7
Q,CLV_PCH_SM,SCA,B1GQ,CZ,2018-Q1,4.6
Q,CLV_PCH_SM,SCA,B1GQ,CZ,2018-Q2,2.1
Q,CLV_PCH_SM,SCA,B1GQ,CZ,2018-Q3,2.1
Q,CLV_PCH_SM,SCA,B1GQ,CZ,2018-Q4,2.4
Q,CLV_PCH_SM,SCA,B1GQ,CZ,2019-Q1,3.5
Q,CLV_PCH_SM,SCA,B1GQ,CZ,2019-Q2,3.6
Q,CLV_PCH_SM,SCA,B1GQ,CZ,2019-Q3,3.5
Q,CLV_PCH_SM,SCA,B1GQ,CZ,2019-Q4,3.3
Q,CLV_PCH_SM,SCA,B1GQ,CZ,2020-Q1,-1.5
Q,CLV_PCH_SM,SCA,B1GQ,CZ,2020-Q2,-10.6
Q,CLV_PCH_SM,SCA,B1GQ,CZ,2020-Q3,-4.6
Q,CLV_PCH_SM,SCA,B1GQ,CZ,2020-Q4,-4.5
Q,CLV_PCH_SM,SCA,B1GQ,CZ,2021-Q1,-1.2
Q,CLV_PCH_SM,SCA,B1GQ,CZ,2021-Q2,9.6
Q,CLV_PCH_SM,SCA,B1GQ,CZ,2021-Q3,4
Q,CLV_PCH_SM,SCA,B1GQ,CZ,2021-Q4,3.9
Q,CLV_PCH_SM,SCA,B1GQ,CZ,2022-Q1,4.8
Q,CLV_PCH_SM,SCA,B1GQ,CZ,2022-Q2,3.7
Q,CLV_PCH_SM,SCA,B1GQ,CZ,2022-Q3,2
Q,CLV_PCH_SM,SCA,B1GQ,CZ,2022-Q4,1
Q,CLV_PCH_SM,SCA,B1GQ,CZ,2023-Q1,0.2
Q,CLV_PCH_SM,SCA,B1GQ,CZ,2023-Q2,0.3
Q,CLV_PCH_SM,SCA,B1GQ,CZ,2023-Q3,-0.2
Q,CLV_PCH_SM,SCA,B1GQ,CZ,2023-Q4,0.5
Q,CLV_PCH_SM,SCA,B1GQ,CZ,2024-Q1,0.6
Q,CLV_PCH_SM,SCA,B1GQ,CZ,2024-Q2,0.5
Q,CLV_PCH_SM,SCA,B1GQ,CZ,2024-Q3,1.6
Q,CLV_PCH_SM,SCA,B1GQ,CZ,2024-Q4,2
Q,CLV_PCH_SM,SCA,B1GQ,CZ,2025-Q1,2.5
Q,CLV_PCH_SM,SCA,B1GQ,CZ,2025-Q2,2.8
Q,CLV_PCH_SM,SCA,B1GQ,CZ,2025-Q3,2.8
Q,CLV_PCH_SM,SCA,B1GQ,CZ,2025-Q4,2.8
Q,CLV_PCH_SM,SCA,B1GQ,CZ,2026-Q1,2.2
Q,CLV_PCH_SM,SCA,B1GQ,CZ,2026-Q2,1.9
Q,CLV_PCH_SM,SCA,B1GQ,DK,1978-Q1,
Q,CLV_PCH_SM,SCA,B1GQ,DK,1978-Q2,
Q,CLV_PCH_SM,SCA,B1GQ,DK,1978-Q3,
Q,CLV_PCH_SM,SCA,B1GQ,DK,1978-Q4,
Q,CLV_PCH_SM,SCA,B1GQ,DK,1979-Q1,
Q,CLV_PCH_SM,SCA,B1GQ,DK,1979-Q2,
Q,CLV_PCH_SM,SCA,B1GQ,DK,1979-Q3,
Q,CLV_PCH_SM,SCA,B1GQ,DK,1979-Q4,
Q,CLV_PCH_SM,SCA,B1GQ,DK,1980-Q1,
Q,CLV_PCH_SM,SCA,B1GQ,DK,1980-Q2,
Q,CLV_PCH_SM,SCA,B1GQ,DK,1980-Q3,
Q,CLV_PCH_SM,SCA,B1GQ,DK,1980-Q4,
Q,CLV_PCH_SM,SCA,B1GQ,DK,1981-Q1,
Q,CLV_PCH_SM,SCA,B1GQ,DK,1981-Q2,
Q,CLV_PCH_SM,SCA,B1GQ,DK,1981-Q3,
Q,CLV_PCH_SM,SCA,B1GQ,DK,1981-Q4,
Q,CLV_PCH_SM,SCA,B1GQ,DK,1982-Q1,
Q,CLV_PCH_SM,SCA,B1GQ,DK,1982-Q2,
Q,CLV_PCH_SM,SCA,B1GQ,DK,1982-Q3,
Q,CLV_PCH_SM,SCA,B1GQ,DK,1982-Q4,
Q,CLV_PCH_SM,SCA,B1GQ,DK,1983-Q1,
Q,CLV_PCH_SM,SCA,B1GQ,DK,1983-Q2,
Q,CLV_PCH_SM,SCA,B1GQ,DK,1983-Q3,
Q,CLV_PCH_SM,SCA,B1GQ,DK,1983-Q4,
Q,CLV_PCH_SM,SCA,B1GQ,DK,1984-Q1,
Q,CLV_PCH_SM,SCA,B1GQ,DK,1984-Q2,
Q,CLV_PCH_SM,SCA,B1GQ,DK,1984-Q3,
Q,CLV_PCH_SM,SCA,B1GQ,DK,1984-Q4,
Q,CLV_PCH_SM,SCA,B1GQ,DK,1985-Q1,
Q,CLV_PCH_SM,SCA,B1GQ,DK,1985-Q2,
Q,CLV_PCH_SM,SCA,B1GQ,DK,1985-Q3,
Q,CLV_PCH_SM,SCA,B1GQ,DK,1985-Q4,
Q,CLV_PCH_SM,SCA,B1GQ,DK,1986-Q1,
Q,CLV_PCH_SM,SCA,B1GQ,DK,1986-Q2,
Q,CLV_PCH_SM,SCA,B1GQ,DK,1986-Q3,
Q,CLV_PCH_SM,SCA,B1GQ,DK,1986-Q4,
Q,CLV_PCH_SM,SCA,B1GQ,DK,1987-Q1,
Q,CLV_PCH_SM,SCA,B1GQ,DK,1987-Q2,
Q,CLV_PCH_SM,SCA,B1GQ,DK,1987-Q3,
Q,CLV_PCH_SM,SCA,B1GQ,DK,1987-Q4,
Q,CLV_PCH_SM,SCA,B1GQ,DK,1988-Q1,
Q,CLV_PCH_SM,SCA,B1GQ,DK,1988-Q2,
Q,CLV_PCH_SM,SCA,B1GQ,DK,1988-Q3,
Q,CLV_PCH_SM,SCA,B1GQ,DK,1988-Q4,
Q,CLV_PCH_SM,SCA,B1GQ,DK,1989-Q1,
Q,CLV_PCH_SM,SCA,B1GQ,DK,1989-Q2,
Q,CLV_PCH_SM,SCA,B1GQ,DK,1989-Q3,
Q,CLV_PCH_SM,SCA,B1GQ,DK,1989-Q4,
Q,CLV_PCH_SM,SCA,B1GQ,DK,1990-Q1,
Q,CLV_PCH_SM,SCA,B1GQ,DK,1990-Q2,
Q,CLV_PCH_SM,SCA,B1GQ,DK,1990-Q3,
Q,CLV_PCH_SM,SCA,B1GQ,DK,1990-Q4,
Q,CLV_PCH_SM,SCA,B1GQ,DK,1991-Q1,
Q,CLV_PCH_SM,SCA,B1GQ,DK,1991-Q2,
Q,CLV_PCH_SM,SCA,B1GQ,DK,1991-Q3,
Q,CLV_PCH_SM,SCA,B1GQ,DK,1991-Q4,
Q,CLV_PCH_SM,SCA,B1GQ,DK,1992-Q1,
Q,CLV_PCH_SM,SCA,B1GQ,DK,1992-Q2,
Q,CLV_PCH_SM,SCA,B1GQ,DK,1992-Q3,
Q,CLV_PCH_SM,SCA,B1GQ,DK,1992-Q4,
Q,CLV_PCH_SM,SCA,B1GQ,DK,1993-Q1,
Q,CLV_PCH_SM,SCA,B1GQ,DK,1993-Q2,
Q,CLV_PCH_SM,SCA,B1GQ,DK,1993-Q3,
Q,CLV_PCH_SM,SCA,B1GQ,DK,1993-Q4,
Q,CLV_PCH_SM,SCA,B1GQ,DK,1994-Q1,
Q,CLV_PCH_SM,SCA,B1GQ,DK,1994-Q2,
Q,CLV_PCH_SM,SCA,B1GQ,DK,1994-Q3,
Q,CLV_PCH_SM,SCA,B1GQ,DK,1994-Q4,
Q,CLV_PCH_SM,SCA,B1GQ,DK,1995-Q1,
Q,CLV_PCH_SM,SCA,B1GQ,DK,1995-Q2,
Q,CLV_PCH_SM,SCA,B1GQ,DK,1995-Q3,
Q,CLV_PCH_SM,SCA,B1GQ,DK,1995-Q4,
Q,CLV_PCH_SM,SCA,B1GQ,DK,1996-Q1,0.9
Q,CLV_PCH_SM,SCA,B1GQ,DK,1996-Q2,3.9
Q,CLV_PCH_SM,SCA,B1GQ,DK,1996-Q3,3.7
Q,CLV_PCH_SM,SCA,B1GQ,DK,1996-Q4,3.1
Q,CLV_PCH_SM,SCA,B1GQ,DK,1997-Q1,4.2
Q,CLV_PCH_SM,SCA,B1GQ,DK,1997-Q2,3.2
Q,CLV_PCH_SM,SCA,B1GQ,DK,1997-Q3,2.5
Q,CLV_PCH_SM,SCA,B1GQ,DK,1997-Q4,2.8
Q,CLV_PCH_SM,SCA,B1GQ,DK,1998-Q1,3
Q,CLV_PCH_SM,SCA,B1GQ,DK,1998-Q2,0.6
Q,CLV_PCH_SM,SCA,B1GQ,DK,1998-Q3,2.7
Q,CLV_PCH_SM,SCA,B1GQ,DK,1998-Q4,3.1
Q,CLV_PCH_SM,SCA,B1GQ,DK,1999-Q1,2.4
Q,CLV_PCH_SM,SCA,B1GQ,DK,1999-Q2,3.6
Q,CLV_PCH_SM,SCA,B1GQ,DK,1999-Q3,2.4
Q,CLV_PCH_SM,SCA,B1GQ,DK,1999-Q4,3.5
Q,CLV_PCH_SM,SCA,B1GQ,DK,2000-Q1,3.4
Q,CLV_PCH_SM,SCA,B1GQ,DK,2000-Q2,4.1
Q,CLV_PCH_SM,SCA,B1GQ,DK,2000-Q3,3.8
Q,CLV_PCH_SM,SCA,B1GQ,DK,2000-Q4,3.7
Q,CLV_PCH_SM,SCA,B1GQ,DK,2001-Q1,1.3
Q,CLV_PCH_SM,SCA,B1GQ,DK,2001-Q2,0.9
Q,CLV_PCH_SM,SCA,B1GQ,DK,2001-Q3,1.4
Q,CLV_PCH_SM,SCA,B1GQ,DK,2001-Q4,0.2
Q,CLV_PCH_SM,SCA,B1GQ,DK,2002-Q1,1.1
Q,CLV_PCH_SM,SCA,B1GQ,DK,2002-Q2,0.6
Q,CLV_PCH_SM,SCA,B1GQ,DK,2002-Q3,0.4
Q,CLV_PCH_SM,SCA,B1GQ,DK,2002-Q4,-0.3
Q,CLV_PCH_SM,SCA,B1GQ,DK,2003-Q1,0.7
Q,CLV_PCH_SM,SCA,B1GQ,DK,2003-Q2,-0.3
Q,CLV_PCH_SM,SCA,B1GQ,DK,2003-Q3,-0.4
Q,CLV_PCH_SM,SCA,B1GQ,DK,2003-Q4,1.7
Q,CLV_PCH_SM,SCA,B1GQ,DK,2004-Q1,1.9
Q,CLV_PCH_SM,SCA,B1GQ,DK,2004-Q2,3.4
Q,CLV_PCH_SM,SCA,B1GQ,DK,2004-Q3,3.3
Q,CLV_PCH_SM,SCA,B1GQ,DK,2004-Q4,2.5
Q,CLV_PCH_SM,SCA,B1GQ,DK,2005-Q1,1.6
Q,CLV_PCH_SM,SCA,B1GQ,DK,2005-Q2,3
Q,CLV_PCH_SM,SCA,B1GQ,DK,2005-Q3,2.7
Q,CLV_PCH_SM,SCA,B1GQ,DK,2005-Q4,2.1
Q,CLV_PCH_SM,SCA,B1GQ,DK,2006-Q1,3.6
Q,CLV_PCH_SM,SCA,B1GQ,DK,2006-Q2,4.5
Q,CLV_PCH_SM,SCA,B1GQ,DK,2006-Q3,3.9
Q,CLV_PCH_SM,SCA,B1GQ,DK,2006-Q4,3.2
Q,CLV_PCH_SM,SCA,B1GQ,DK,2007-Q1,2.5
Q,CLV_PCH_SM,SCA,B1GQ,DK,2007-Q2,-1.5
Q,CLV_PCH_SM,SCA,B1GQ,DK,2007-Q3,0.9
Q,CLV_PCH_SM,SCA,B1GQ,DK,2007-Q4,2.1
Q,CLV_PCH_SM,SCA,B1GQ,DK,2008-Q1,1.3
Q,CLV_PCH_SM,SCA,B1GQ,DK,2008-Q2,1.5
Q,CLV_PCH_SM,SCA,B1GQ,DK,2008-Q3,-0.7
Q,CLV_PCH_SM,SCA,B1GQ,DK,2008-Q4,-3.7
Q,CLV_PCH_SM,SCA,B1GQ,DK,2009-Q1,-5.2
Q,CLV_PCH_SM,SCA,B1GQ,DK,2009-Q2,-6.1
Q,CLV_PCH_SM,SCA,B1GQ,DK,2009-Q3,-5.3
Q,CLV_PCH_SM,SCA,B1GQ,DK,2009-Q4,-3.3
Q,CLV_PCH_SM,SCA,B1GQ,DK,2010-Q1,-0.5
Q,CLV_PCH_SM,SCA,B1GQ,DK,2010-Q2,1.8
Q,CLV_PCH_SM,SCA,B1GQ,DK,2010-Q3,2.9
Q,CLV_PCH_SM,SCA,B1GQ,DK,2010-Q4,2.1
Q,CLV_PCH_SM,SCA,B1GQ,DK,2011-Q1,1.9
Q,CLV_PCH_SM,SCA,B1GQ,DK,2011-Q2,2.5
Q,CLV_PCH_SM,SCA,B1GQ,DK,2011-Q3,-0.2
Q,CLV_PCH_SM,SCA,B1GQ,DK,2011-Q4,1.1
Q,CLV_PCH_SM,SCA,B1GQ,DK,2012-Q1,0.2
Q,CLV_PCH_SM,SCA,B1GQ,DK,2012-Q2,-0.8
Q,CLV_PCH_SM,SCA,B1GQ,DK,2012-Q3,0.7
Q,CLV_PCH_SM,SCA,B1GQ,DK,2012-Q4,-0.1
Q,CLV_PCH_SM,SCA,B1GQ,DK,2013-Q1,0.9
Q,CLV_PCH_SM,SCA,B1GQ,DK,2013-Q2,1.1
Q,CLV_PCH_SM,SCA,B1GQ,DK,2013-Q3,1.8
Q,CLV_PCH_SM,SCA,B1GQ,DK,2013-Q4,1.8
Q,CLV_PCH_SM,SCA,B1GQ,DK,2014-Q1,1.1
Q,CLV_PCH_SM,SCA,B1GQ,DK,2014-Q2,1
Q,CLV_PCH_SM,SCA,B1GQ,DK,2014-Q3,1.6
Q,CLV_PCH_SM,SCA,B1GQ,DK,2014-Q4,1.5
Q,CLV_PCH_SM,SCA,B1GQ,DK,2015-Q1,2.2
Q,CLV_PCH_SM,SCA,B1GQ,DK,2015-Q2,2.8
Q,CLV_PCH_SM,SCA,B1GQ,DK,2015-Q3,1.5
Q,CLV_PCH_SM,SCA,B1GQ,DK,2015-Q4,1.9
Q,CLV_PCH_SM,SCA,B1GQ,DK,2016-Q1,2.3
Q,CLV_PCH_SM,SCA,B1GQ,DK,2016-Q2,2.8
Q,CLV_PCH_SM,SCA,B1GQ,DK,2016-Q3,3.5
Q,CLV_PCH_SM,SCA,B1GQ,DK,2016-Q4,3.7
Q,CLV_PCH_SM,SCA,B1GQ,DK,2017-Q1,3.4
Q,CLV_PCH_SM,SCA,B1GQ,DK,2017-Q2,3.6
Q,CLV_PCH_SM,SCA,B1GQ,DK,2017-Q3,2.5
Q,CLV_PCH_SM,SCA,B1GQ,DK,2017-Q4,2.7
Q,CLV_PCH_SM,SCA,B1GQ,DK,2018-Q1,2.6
Q,CLV_PCH_SM,SCA,B1GQ,DK,2018-Q2,1.3
Q,CLV_PCH_SM,SCA,B1GQ,DK,2018-Q3,2.1
Q,CLV_PCH_SM,SCA,B1GQ,DK,2018-Q4,1.5
Q,CLV_PCH_SM,SCA,B1GQ,DK,2019-Q1,1.1
Q,CLV_PCH_SM,SCA,B1GQ,DK,2019-Q2,2
Q,CLV_PCH_SM,SCA,B1GQ,DK,2019-Q3,1.8
Q,CLV_PCH_SM,SCA,B1GQ,DK,2019-Q4,2
Q,CLV_PCH_SM,SCA,B1GQ,DK,2020-Q1,0.7
Q,CLV_PCH_SM,SCA,B1GQ,DK,2020-Q2,-6.1
Q,CLV_PCH_SM,SCA,B1GQ,DK,2020-Q3,-0.7
Q,CLV_PCH_SM,SCA,B1GQ,DK,2020-Q4,-1
Q,CLV_PCH_SM,SCA,B1GQ,DK,2021-Q1,0.3
Q,CLV_PCH_SM,SCA,B1GQ,DK,2021-Q2,10.3
Q,CLV_PCH_SM,SCA,B1GQ,DK,2021-Q3,6.1
Q,CLV_PCH_SM,SCA,B1GQ,DK,2021-Q4,9.5
Q,CLV_PCH_SM,SCA,B1GQ,DK,2022-Q1,3.2
Q,CLV_PCH_SM,SCA,B1GQ,DK,2022-Q2,1.5
Q,CLV_PCH_SM,SCA,B1GQ,DK,2022-Q3,0.9
Q,CLV_PCH_SM,SCA,B1GQ,DK,2022-Q4,-3.6
Q,CLV_PCH_SM,SCA,B1GQ,DK,2023-Q1,3.5
Q,CLV_PCH_SM,SCA,B1GQ,DK,2023-Q2,0.2
Q,CLV_PCH_SM,SCA,B1GQ,DK,2023-Q3,-1.2
Q,CLV_PCH_SM,SCA,B1GQ,DK,2023-Q4,2.1
Q,CLV_PCH_SM,SCA,B1GQ,DK,2024-Q1,0.9
Q,CLV_PCH_SM,SCA,B1GQ,DK,2024-Q2,4.3
Q,CLV_PCH_SM,SCA,B1GQ,DK,2024-Q3,5.3
Q,CLV_PCH_SM,SCA,B1GQ,DK,2024-Q4,5
Q,CLV_PCH_SM,SCA,B1GQ,DK,2025-Q1,3.1
Q,CLV_PCH_SM,SCA,B1GQ,DK,2025-Q2,3
Q,CLV_PCH_SM,SCA,B1GQ,DK,2025-Q3,4.6
Q,CLV_PCH_SM,SCA,B1GQ,DK,2025-Q4,3.2
Q,CLV_PCH_SM,SCA,B1GQ,DK,2026-Q1,6.1
Q,CLV_PCH_SM,SCA,B1GQ,DK,2026-Q2,4.6
Q,CLV_PCH_SM,SCA,B1GQ,DE,1978-Q1,
Q,CLV_PCH_SM,SCA,B1GQ,DE,1978-Q2,
Q,CLV_PCH_SM,SCA,B1GQ,DE,1978-Q3,
Q,CLV_PCH_SM,SCA,B1GQ,DE,1978-Q4,
Q,CLV_PCH_SM,SCA,B1GQ,DE,1979-Q1,
Q,CLV_PCH_SM,SCA,B1GQ,DE,1979-Q2,
Q,CLV_PCH_SM,SCA,B1GQ,DE,1979-Q3,
Q,CLV_PCH_SM,SCA,B1GQ,DE,1979-Q4,
Q,CLV_PCH_SM,SCA,B1GQ,DE,1980-Q1,
Q,CLV_PCH_SM,SCA,B1GQ,DE,1980-Q2,
Q,CLV_PCH_SM,SCA,B1GQ,DE,1980-Q3,
Q,CLV_PCH_SM,SCA,B1GQ,DE,1980-Q4,
Q,CLV_PCH_SM,SCA,B1GQ,DE,1981-Q1,
Q,CLV_PCH_SM,SCA,B1GQ,DE,1981-Q2,
Q,CLV_PCH_SM,SCA,B1GQ,DE,1981-Q3,
Q,CLV_PCH_SM,SCA,B1GQ,DE,1981-Q4,
Q,CLV_PCH_SM,SCA,B1GQ,DE,1982-Q1,
Q,CLV_PCH_SM,SCA,B1GQ,DE,1982-Q2,
Q,CLV_PCH_SM,SCA,B1GQ,DE,1982-Q3,
Q,CLV_PCH_SM,SCA,B1GQ,DE,1982-Q4,
Q,CLV_PCH_SM,SCA,B1GQ,DE,1983-Q1,
Q,CLV_PCH_SM,SCA,B1GQ,DE,1983-Q2,
Q,CLV_PCH_SM,SCA,B1GQ,DE,1983-Q3,
Q,CLV_PCH_SM,SCA,B1GQ,DE,1983-Q4,
Q,CLV_PCH_SM,SCA,B1GQ,DE,1984-Q1,
Q,CLV_PCH_SM,SCA,B1GQ,DE,1984-Q2,
Q,CLV_PCH_SM,SCA,B1GQ,DE,1984-Q3,
Q,CLV_PCH_SM,SCA,B1GQ,DE,1984-Q4,
Q,CLV_PCH_SM,SCA,B1GQ,DE,1985-Q1,
Q,CLV_PCH_SM,SCA,B1GQ,DE,1985-Q2,
Q,CLV_PCH_SM,SCA,B1GQ,DE,1985-Q3,
Q,CLV_PCH_SM,SCA,B1GQ,DE,1985-Q4,
Q,CLV_PCH_SM,SCA,B1GQ,DE,1986-Q1,
Q,CLV_PCH_SM,SCA,B1GQ,DE,1986-Q2,
Q,CLV_PCH_SM,SCA,B1GQ,DE,1986-Q3,
Q,CLV_PCH_SM,SCA,B1GQ,DE,1986-Q4,
Q,CLV_PCH_SM,SCA,B1GQ,DE,1987-Q1,
Q,CLV_PCH_SM,SCA,B1GQ,DE,1987-Q2,
Q,CLV_PCH_SM,SCA,B1GQ,DE,1987-Q3,
Q,CLV_PCH_SM,SCA,B1GQ,DE,1987-Q4,
Q,CLV_PCH_SM,SCA,B1GQ,DE,1988-Q1,
Q,CLV_PCH_SM,SCA,B1GQ,DE,1988-Q2,
Q,CLV_PCH_SM,SCA,B1GQ,DE,1988-Q3,
Q,CLV_PCH_SM,SCA,B1GQ,DE,1988-Q4,
Q,CLV_PCH_SM,SCA,B1GQ,DE,1989-Q1,
Q,CLV_PCH_SM,SCA,B1GQ,DE,1989-Q2,
Q,CLV_PCH_SM,SCA,B1GQ,DE,1989-Q3,
Q,CLV_PCH_SM,SCA,B1GQ,DE,1989-Q4,
Q,CLV_PCH_SM,SCA,B1GQ,DE,1990-Q1,
Q,CLV_PCH_SM,SCA,B1GQ,DE,1990-Q2,
Q,CLV_PCH_SM,SCA,B1GQ,DE,1990-Q3,
Q,CLV_PCH_SM,SCA,B1GQ,DE,1990-Q4,
Q,CLV_PCH_SM,SCA,B1GQ,DE,1991-Q1,
Q,CLV_PCH_SM,SCA,B1GQ,DE,1991-Q2,
Q,CLV_PCH_SM,SCA,B1GQ,DE,1991-Q3,
Q,CLV_PCH_SM,SCA,B1GQ,DE,1991-Q4,
Q,CLV_PCH_SM,SCA,B1GQ,DE,1992-Q1,2.2
Q,CLV_PCH_SM,SCA,B1GQ,DE,1992-Q2,2
Q,CLV_PCH_SM,SCA,B1GQ,DE,1992-Q3,2
Q,CLV_PCH_SM,SCA,B1GQ,DE,1992-Q4,0.2
Q,CLV_PCH_SM,SCA,B1GQ,DE,1993-Q1,-1.9
Q,CLV_PCH_SM,SCA,B1GQ,DE,1993-Q2,-1.3
Q,CLV_PCH_SM,SCA,B1GQ,DE,1993-Q3,-0.5
Q,CLV_PCH_SM,SCA,B1GQ,DE,1993-Q4,-0.3
Q,CLV_PCH_SM,SCA,B1GQ,DE,1994-Q1,1.9
Q,CLV_PCH_SM,SCA,B1GQ,DE,1994-Q2,2.5
Q,CLV_PCH_SM,SCA,B1GQ,DE,1994-Q3,2.5
Q,CLV_PCH_SM,SCA,B1GQ,DE,1994-Q4,3.7
Q,CLV_PCH_SM,SCA,B1GQ,DE,1995-Q1,1.9
Q,CLV_PCH_SM,SCA,B1GQ,DE,1995-Q2,2.1
Q,CLV_PCH_SM,SCA,B1GQ,DE,1995-Q3,1.7
Q,CLV_PCH_SM,SCA,B1GQ,DE,1995-Q4,0.7
Q,CLV_PCH_SM,SCA,B1GQ,DE,1996-Q1,0.3
Q,CLV_PCH_SM,SCA,B1GQ,DE,1996-Q2,0.9
Q,CLV_PCH_SM,SCA,B1GQ,DE,1996-Q3,1.1
Q,CLV_PCH_SM,SCA,B1GQ,DE,1996-Q4,2
Q,CLV_PCH_SM,SCA,B1GQ,DE,1997-Q1,2.2
Q,CLV_PCH_SM,SCA,B1GQ,DE,1997-Q2,1.9
Q,CLV_PCH_SM,SCA,B1GQ,DE,1997-Q3,1.9
Q,CLV_PCH_SM,SCA,B1GQ,DE,1997-Q4,1.7
Q,CLV_PCH_SM,SCA,B1GQ,DE,1998-Q1,3.2
Q,CLV_PCH_SM,SCA,B1GQ,DE,1998-Q2,1.6
Q,CLV_PCH_SM,SCA,B1GQ,DE,1998-Q3,1.7
Q,CLV_PCH_SM,SCA,B1GQ,DE,1998-Q4,0.9
Q,CLV_PCH_SM,SCA,B1GQ,DE,1999-Q1,1.1
Q,CLV_PCH_SM,SCA,B1GQ,DE,1999-Q2,1.5
Q,CLV_PCH_SM,SCA,B1GQ,DE,1999-Q3,2.4
Q,CLV_PCH_SM,SCA,B1GQ,DE,1999-Q4,2.9
Q,CLV_PCH_SM,SCA,B1GQ,DE,2000-Q1,3.3
Q,CLV_PCH_SM,SCA,B1GQ,DE,2000-Q2,4.2
Q,CLV_PCH_SM,SCA,B1GQ,DE,2000-Q3,2.9
Q,CLV_PCH_SM,SCA,B1GQ,DE,2000-Q4,2
Q,CLV_PCH_SM,SCA,B1GQ,DE,2001-Q1,2.6
Q,CLV_PCH_SM,SCA,B1GQ,DE,2001-Q2,1.5
Q,CLV_PCH_SM,SCA,B1GQ,DE,2001-Q3,1.4
Q,CLV_PCH_SM,SCA,B1GQ,DE,2001-Q4,1.6
Q,CLV_PCH_SM,SCA,B1GQ,DE,2002-Q1,-1
Q,CLV_PCH_SM,SCA,B1GQ,DE,2002-Q2,-0.4
Q,CLV_PCH_SM,SCA,B1GQ,DE,2002-Q3,0.3
Q,CLV_PCH_SM,SCA,B1GQ,DE,2002-Q4,0.3
Q,CLV_PCH_SM,SCA,B1GQ,DE,2003-Q1,-0.6
Q,CLV_PCH_SM,SCA,B1GQ,DE,2003-Q2,-0.8
Q,CLV_PCH_SM,SCA,B1GQ,DE,2003-Q3,-0.6
Q,CLV_PCH_SM,SCA,B1GQ,DE,2003-Q4,-0.2
Q,CLV_PCH_SM,SCA,B1GQ,DE,2004-Q1,1
Q,CLV_PCH_SM,SCA,B1GQ,DE,2004-Q2,1.5
Q,CLV_PCH_SM,SCA,B1GQ,DE,2004-Q3,0.2
Q,CLV_PCH_SM,SCA,B1GQ,DE,2004-Q4,0
Q,CLV_PCH_SM,SCA,B1GQ,DE,2005-Q1,0.4
Q,CLV_PCH_SM,SCA,B1GQ,DE,2005-Q2,0.4
Q,CLV_PCH_SM,SCA,B1GQ,DE,2005-Q3,1.5
Q,CLV_PCH_SM,SCA,B1GQ,DE,2005-Q4,1.9
Q,CLV_PCH_SM,SCA,B1GQ,DE,2006-Q1,2.9
Q,CLV_PCH_SM,SCA,B1GQ,DE,2006-Q2,4.1
Q,CLV_PCH_SM,SCA,B1GQ,DE,2006-Q3,4
Q,CLV_PCH_SM,SCA,B1GQ,DE,2006-Q4,5.2
Q,CLV_PCH_SM,SCA,B1GQ,DE,2007-Q1,4.1
Q,CLV_PCH_SM,SCA,B1GQ,DE,2007-Q2,3
Q,CLV_PCH_SM,SCA,B1GQ,DE,2007-Q3,2.8
Q,CLV_PCH_SM,SCA,B1GQ,DE,2007-Q4,2.1
Q,CLV_PCH_SM,SCA,B1GQ,DE,2008-Q1,2.5
Q,CLV_PCH_SM,SCA,B1GQ,DE,2008-Q2,1.5
Q,CLV_PCH_SM,SCA,B1GQ,DE,2008-Q3,0.4
Q,CLV_PCH_SM,SCA,B1GQ,DE,2008-Q4,-1.9
Q,CLV_PCH_SM,SCA,B1GQ,DE,2009-Q1,-7
Q,CLV_PCH_SM,SCA,B1GQ,DE,2009-Q2,-6.4
Q,CLV_PCH_SM,SCA,B1GQ,DE,2009-Q3,-5.3
Q,CLV_PCH_SM,SCA,B1GQ,DE,2009-Q4,-3.1
Q,CLV_PCH_SM,SCA,B1GQ,DE,2010-Q1,2.4
Q,CLV_PCH_SM,SCA,B1GQ,DE,2010-Q2,4.3
Q,CLV_PCH_SM,SCA,B1GQ,DE,2010-Q3,4.7
Q,CLV_PCH_SM,SCA,B1GQ,DE,2010-Q4,4.6
Q,CLV_PCH_SM,SCA,B1GQ,DE,2011-Q1,5.7
Q,CLV_PCH_SM,SCA,B1GQ,DE,2011-Q2,3.8
Q,CLV_PCH_SM,SCA,B1GQ,DE,2011-Q3,3.3
Q,CLV_PCH_SM,SCA,B1GQ,DE,2011-Q4,2.6
Q,CLV_PCH_SM,SCA,B1GQ,DE,2012-Q1,1.1
Q,CLV_PCH_SM,SCA,B1GQ,DE,2012-Q2,0.9
Q,CLV_PCH_SM,SCA,B1GQ,DE,2012-Q3,0.5
Q,CLV_PCH_SM,SCA,B1GQ,DE,2012-Q4,0.3
Q,CLV_PCH_SM,SCA,B1GQ,DE,2013-Q1,-0.5
Q,CLV_PCH_SM,SCA,B1GQ,DE,2013-Q2,0.6
Q,CLV_PCH_SM,SCA,B1GQ,DE,2013-Q3,0.9
Q,CLV_PCH_SM,SCA,B1GQ,DE,2013-Q4,1.3
Q,CLV_PCH_SM,SCA,B1GQ,DE,2014-Q1,3
Q,CLV_PCH_SM,SCA,B1GQ,DE,2014-Q2,1.7
Q,CLV_PCH_SM,SCA,B1GQ,DE,2014-Q3,1.8
Q,CLV_PCH_SM,SCA,B1GQ,DE,2014-Q4,2.5
Q,CLV_PCH_SM,SCA,B1GQ,DE,2015-Q1,1.2
Q,CLV_PCH_SM,SCA,B1GQ,DE,2015-Q2,1.7
Q,CLV_PCH_SM,SCA,B1GQ,DE,2015-Q3,1.8
Q,CLV_PCH_SM,SCA,B1GQ,DE,2015-Q4,1.4
Q,CLV_PCH_SM,SCA,B1GQ,DE,2016-Q1,2.5
Q,CLV_PCH_SM,SCA,B1GQ,DE,2016-Q2,2.2
Q,CLV_PCH_SM,SCA,B1GQ,DE,2016-Q3,2.1
Q,CLV_PCH_SM,SCA,B1GQ,DE,2016-Q4,2
Q,CLV_PCH_SM,SCA,B1GQ,DE,2017-Q1,2.4
Q,CLV_PCH_SM,SCA,B1GQ,DE,2017-Q2,2.9
Q,CLV_PCH_SM,SCA,B1GQ,DE,2017-Q3,3.4
Q,CLV_PCH_SM,SCA,B1GQ,DE,2017-Q4,4
Q,CLV_PCH_SM,SCA,B1GQ,DE,2018-Q1,2.2
Q,CLV_PCH_SM,SCA,B1GQ,DE,2018-Q2,2.1
Q,CLV_PCH_SM,SCA,B1GQ,DE,2018-Q3,0.8
Q,CLV_PCH_SM,SCA,B1GQ,DE,2018-Q4,0.1
Q,CLV_PCH_SM,SCA,B1GQ,DE,2019-Q1,1.4
Q,CLV_PCH_SM,SCA,B1GQ,DE,2019-Q2,0.7
Q,CLV_PCH_SM,SCA,B1GQ,DE,2019-Q3,1.7
Q,CLV_PCH_SM,SCA,B1GQ,DE,2019-Q4,0.8
Q,CLV_PCH_SM,SCA,B1GQ,DE,2020-Q1,-1.8
Q,CLV_PCH_SM,SCA,B1GQ,DE,2020-Q2,-10.6
Q,CLV_PCH_SM,SCA,B1GQ,DE,2020-Q3,-3.3
Q,CLV_PCH_SM,SCA,B1GQ,DE,2020-Q4,-2
Q,CLV_PCH_SM,SCA,B1GQ,DE,2021-Q1,-0.6
Q,CLV_PCH_SM,SCA,B1GQ,DE,2021-Q2,11.6
Q,CLV_PCH_SM,SCA,B1GQ,DE,2021-Q3,2.8
Q,CLV_PCH_SM,SCA,B1GQ,DE,2021-Q4,2.4
Q,CLV_PCH_SM,SCA,B1GQ,DE,2022-Q1,3.7
Q,CLV_PCH_SM,SCA,B1GQ,DE,2022-Q2,1.5
Q,CLV_PCH_SM,SCA,B1GQ,DE,2022-Q3,1.7
Q,CLV_PCH_SM,SCA,B1GQ,DE,2022-Q4,0.9
Q,CLV_PCH_SM,SCA,B1GQ,DE,2023-Q1,-0.6
Q,CLV_PCH_SM,SCA,B1GQ,DE,2023-Q2,-0.8
Q,CLV_PCH_SM,SCA,B1GQ,DE,2023-Q3,-1
Q,CLV_PCH_SM,SCA,B1GQ,DE,2023-Q4,-0.9
Q,CLV_PCH_SM,SCA,B1GQ,DE,2024-Q1,0
Q,CLV_PCH_SM,SCA,B1GQ,DE,2024-Q2,-0.1
Q,CLV_PCH_SM,SCA,B1GQ,DE,2024-Q3,-0.1
Q,CLV_PCH_SM,SCA,B1GQ,DE,2024-Q4,0.4
Q,CLV_PCH_SM,SCA,B1GQ,DE,2025-Q1,0.3
Q,CLV_PCH_SM,SCA,B1GQ,DE,2025-Q2,0.4
Q,CLV_PCH_SM,SCA,B1GQ,DE,2025-Q3,0.3
Q,CLV_PCH_SM,SCA,B1GQ,DE,2025-Q4,0.3
Q,CLV_PCH_SM,SCA,B1GQ,DE,2026-Q1,0.7
Q,CLV_PCH_SM,SCA,B1GQ,DE,2026-Q2,1
Q,CLV_PCH_SM,SCA,B1GQ,EE,1978-Q1,
Q,CLV_PCH_SM,SCA,B1GQ,EE,1978-Q2,
Q,CLV_PCH_SM,SCA,B1GQ,EE,1978-Q3,
Q,CLV_PCH_SM,SCA,B1GQ,EE,1978-Q4,
Q,CLV_PCH_SM,SCA,B1GQ,EE,1979-Q1,
Q,CLV_PCH_SM,SCA,B1GQ,EE,1979-Q2,
Q,CLV_PCH_SM,SCA,B1GQ,EE,1979-Q3,
Q,CLV_PCH_SM,SCA,B1GQ,EE,1979-Q4,
Q,CLV_PCH_SM,SCA,B1GQ,EE,1980-Q1,
Q,CLV_PCH_SM,SCA,B1GQ,EE,1980-Q2,
Q,CLV_PCH_SM,SCA,B1GQ,EE,1980-Q3,
Q,CLV_PCH_SM,SCA,B1GQ,EE,1980-Q4,
Q,CLV_PCH_SM,SCA,B1GQ,EE,1981-Q1,
Q,CLV_PCH_SM,SCA,B1GQ,EE,1981-Q2,
Q,CLV_PCH_SM,SCA,B1GQ,EE,1981-Q3,
Q,CLV_PCH_SM,SCA,B1GQ,EE,1981-Q4,
Q,CLV_PCH_SM,SCA,B1GQ,EE,1982-Q1,
Q,CLV_PCH_SM,SCA,B1GQ,EE,1982-Q2,
Q,CLV_PCH_SM,SCA,B1GQ,EE,1982-Q3,
Q,CLV_PCH_SM,SCA,B1GQ,EE,1982-Q4,
Q,CLV_PCH_SM,SCA,B1GQ,EE,1983-Q1,
Q,CLV_PCH_SM,SCA,B1GQ,EE,1983-Q2,
Q,CLV_PCH_SM,SCA,B1GQ,EE,1983-Q3,
Q,CLV_PCH_SM,SCA,B1GQ,EE,1983-Q4,
Q,CLV_PCH_SM,SCA,B1GQ,EE,1984-Q1,
Q,CLV_PCH_SM,SCA,B1GQ,EE,1984-Q2,
Q,CLV_PCH_SM,SCA,B1GQ,EE,1984-Q3,
Q,CLV_PCH_SM,SCA,B1GQ,EE,1984-Q4,
Q,CLV_PCH_SM,SCA,B1GQ,EE,1985-Q1,
Q,CLV_PCH_SM,SCA,B1GQ,EE,1985-Q2,
Q,CLV_PCH_SM,SCA,B1GQ,EE,1985-Q3,
Q,CLV_PCH_SM,SCA,B1GQ,EE,1985-Q4,
Q,CLV_PCH_SM,SCA,B1GQ,EE,1986-Q1,
Q,CLV_PCH_SM,SCA,B1GQ,EE,1986-Q2,
Q,CLV_PCH_SM,SCA,B1GQ,EE,1986-Q3,
Q,CLV_PCH_SM,SCA,B1GQ,EE,1986-Q4,
Q,CLV_PCH_SM,SCA,B1GQ,EE,1987-Q1,
Q,CLV_PCH_SM,SCA,B1GQ,EE,1987-Q2,
Q,CLV_PCH_SM,SCA,B1GQ,EE,1987-Q3,
Q,CLV_PCH_SM,SCA,B1GQ,EE,1987-Q4,
Q,CLV_PCH_SM,SCA,B1GQ,EE,1988-Q1,
Q,CLV_PCH_SM,SCA,B1GQ,EE,1988-Q2,
Q,CLV_PCH_SM,SCA,B1GQ,EE,1988-Q3,
Q,CLV_PCH_SM,SCA,B1GQ,EE,1988-Q4,
Q,CLV_PCH_SM,SCA,B1GQ,EE,1989-Q1,
Q,CLV_PCH_SM,SCA,B1GQ,EE,1989-Q2,
Q,CLV_PCH_SM,SCA,B1GQ,EE,1989-Q3,
Q,CLV_PCH_SM,SCA,B1GQ,EE,1989-Q4,
Q,CLV_PCH_SM,SCA,B1GQ,EE,1990-Q1,
Q,CLV_PCH_SM,SCA,B1GQ,EE,1990-Q2,
Q,CLV_PCH_SM,SCA,B1GQ,EE,1990-Q3,
Q,CLV_PCH_SM,SCA,B1GQ,EE,1990-Q4,
Q,CLV_PCH_SM,SCA,B1GQ,EE,1991-Q1,
Q,CLV_PCH_SM,SCA,B1GQ,EE,1991-Q2,
Q,CLV_PCH_SM,SCA,B1GQ,EE,1991-Q3,
Q,CLV_PCH_SM,SCA,B1GQ,EE,1991-Q4,
Q,CLV_PCH_SM,SCA,B1GQ,EE,1992-Q1,
Q,CLV_PCH_SM,SCA,B1GQ,EE,1992-Q2,
Q,CLV_PCH_SM,SCA,B1GQ,EE,1992-Q3,
Q,CLV_PCH_SM,SCA,B1GQ,EE,1992-Q4,
Q,CLV_PCH_SM,SCA,B1GQ,EE,1993-Q1,
Q,CLV_PCH_SM,SCA,B1GQ,EE,1993-Q2,
Q,CLV_PCH_SM,SCA,B1GQ,EE,1993-Q3,
Q,CLV_PCH_SM,SCA,B1GQ,EE,1993-Q4,
Q,CLV_PCH_SM,SCA,B1GQ,EE,1994-Q1,
Q,CLV_PCH_SM,SCA,B1GQ,EE,1994-Q2,
Q,CLV_PCH_SM,SCA,B1GQ,EE,1994-Q3,
Q,CLV_PCH_SM,SCA,B1GQ,EE,1994-Q4,
Q,CLV_PCH_SM,SCA,B1GQ,EE,1995-Q1,
Q,CLV_PCH_SM,SCA,B1GQ,EE,1995-Q2,
Q,CLV_PCH_SM,SCA,B1GQ,EE,1995-Q3,
Q,CLV_PCH_SM,SCA,B1GQ,EE,1995-Q4,
Q,CLV_PCH_SM,SCA,B1GQ,EE,1996-Q1,0.7
Q,CLV_PCH_SM,SCA,B1GQ,EE,1996-Q2,3.4
Q,CLV_PCH_SM,SCA,B1GQ,EE,1996-Q3,7.1
Q,CLV_PCH_SM,SCA,B1GQ,EE,1996-Q4,8.1
Q,CLV_PCH_SM,SCA,B1GQ,EE,1997-Q1,11
Q,CLV_PCH_SM,SCA,B1GQ,EE,1997-Q2,13.6
Q,CLV_PCH_SM,SCA,B1GQ,EE,1997-Q3,13.2
Q,CLV_PCH_SM,SCA,B1GQ,EE,1997-Q4,14.4
Q,CLV_PCH_SM,SCA,B1GQ,EE,1998-Q1,11.2
Q,CLV_PCH_SM,SCA,B1GQ,EE,1998-Q2,6.2
Q,CLV_PCH_SM,SCA,B1GQ,EE,1998-Q3,3.4
Q,CLV_PCH_SM,SCA,B1GQ,EE,1998-Q4,-1.8
Q,CLV_PCH_SM,SCA,B1GQ,EE,1999-Q1,-3.2
Q,CLV_PCH_SM,SCA,B1GQ,EE,1999-Q2,-1.8
Q,CLV_PCH_SM,SCA,B1GQ,EE,1999-Q3,-0.8
Q,CLV_PCH_SM,SCA,B1GQ,EE,1999-Q4,3.8
Q,CLV_PCH_SM,SCA,B1GQ,EE,2000-Q1,8.6
Q,CLV_PCH_SM,SCA,B1GQ,EE,2000-Q2,10.2
Q,CLV_PCH_SM,SCA,B1GQ,EE,2000-Q3,10.5
Q,CLV_PCH_SM,SCA,B1GQ,EE,2000-Q4,10.1
Q,CLV_PCH_SM,SCA,B1GQ,EE,2001-Q1,7.5
Q,CLV_PCH_SM,SCA,B1GQ,EE,2001-Q2,5
Q,CLV_PCH_SM,SCA,B1GQ,EE,2001-Q3,5.9
Q,CLV_PCH_SM,SCA,B1GQ,EE,2001-Q4,5.1
Q,CLV_PCH_SM,SCA,B1GQ,EE,2002-Q1,4.5
Q,CLV_PCH_SM,SCA,B1GQ,EE,2002-Q2,8.1
Q,CLV_PCH_SM,SCA,B1GQ,EE,2002-Q3,8.1
Q,CLV_PCH_SM,SCA,B1GQ,EE,2002-Q4,7.3
Q,CLV_PCH_SM,SCA,B1GQ,EE,2003-Q1,8.8
Q,CLV_PCH_SM,SCA,B1GQ,EE,2003-Q2,7.6
Q,CLV_PCH_SM,SCA,B1GQ,EE,2003-Q3,6.5
Q,CLV_PCH_SM,SCA,B1GQ,EE,2003-Q4,8.4
Q,CLV_PCH_SM,SCA,B1GQ,EE,2004-Q1,8.5
Q,CLV_PCH_SM,SCA,B1GQ,EE,2004-Q2,5.3
Q,CLV_PCH_SM,SCA,B1GQ,EE,2004-Q3,6.6
Q,CLV_PCH_SM,SCA,B1GQ,EE,2004-Q4,6.1
Q,CLV_PCH_SM,SCA,B1GQ,EE,2005-Q1,5.5
Q,CLV_PCH_SM,SCA,B1GQ,EE,2005-Q2,10.4
Q,CLV_PCH_SM,SCA,B1GQ,EE,2005-Q3,10.6
Q,CLV_PCH_SM,SCA,B1GQ,EE,2005-Q4,10.8
Q,CLV_PCH_SM,SCA,B1GQ,EE,2006-Q1,11.4
Q,CLV_PCH_SM,SCA,B1GQ,EE,2006-Q2,9.4
Q,CLV_PCH_SM,SCA,B1GQ,EE,2006-Q3,9.3
Q,CLV_PCH_SM,SCA,B1GQ,EE,2006-Q4,9.5
Q,CLV_PCH_SM,SCA,B1GQ,EE,2007-Q1,10.6
Q,CLV_PCH_SM,SCA,B1GQ,EE,2007-Q2,8.7
Q,CLV_PCH_SM,SCA,B1GQ,EE,2007-Q3,6.5
Q,CLV_PCH_SM,SCA,B1GQ,EE,2007-Q4,3.3
Q,CLV_PCH_SM,SCA,B1GQ,EE,2008-Q1,-2.2
Q,CLV_PCH_SM,SCA,B1GQ,EE,2008-Q2,-1.6
Q,CLV_PCH_SM,SCA,B1GQ,EE,2008-Q3,-1.8
Q,CLV_PCH_SM,SCA,B1GQ,EE,2008-Q4,-12.9
Q,CLV_PCH_SM,SCA,B1GQ,EE,2009-Q1,-13.3
Q,CLV_PCH_SM,SCA,B1GQ,EE,2009-Q2,-17.1
Q,CLV_PCH_SM,SCA,B1GQ,EE,2009-Q3,-18.6
Q,CLV_PCH_SM,SCA,B1GQ,EE,2009-Q4,-7.2
Q,CLV_PCH_SM,SCA,B1GQ,EE,2010-Q1,-3.7
Q,CLV_PCH_SM,SCA,B1GQ,EE,2010-Q2,1.3
Q,CLV_PCH_SM,SCA,B1GQ,EE,2010-Q3,4.8
Q,CLV_PCH_SM,SCA,B1GQ,EE,2010-Q4,6.6
Q,CLV_PCH_SM,SCA,B1GQ,EE,2011-Q1,8.2
Q,CLV_PCH_SM,SCA,B1GQ,EE,2011-Q2,8
Q,CLV_PCH_SM,SCA,B1GQ,EE,2011-Q3,7.8
Q,CLV_PCH_SM,SCA,B1GQ,EE,2011-Q4,5.4
Q,CLV_PCH_SM,SCA,B1GQ,EE,2012-Q1,3.4
Q,CLV_PCH_SM,SCA,B1GQ,EE,2012-Q2,3.7
Q,CLV_PCH_SM,SCA,B1GQ,EE,2012-Q3,3.2
Q,CLV_PCH_SM,SCA,B1GQ,EE,2012-Q4,4.3
Q,CLV_PCH_SM,SCA,B1GQ,EE,2013-Q1,4
Q,CLV_PCH_SM,SCA,B1GQ,EE,2013-Q2,2.1
Q,CLV_PCH_SM,SCA,B1GQ,EE,2013-Q3,1.1
Q,CLV_PCH_SM,SCA,B1GQ,EE,2013-Q4,-0.1
Q,CLV_PCH_SM,SCA,B1GQ,EE,2014-Q1,1.4
Q,CLV_PCH_SM,SCA,B1GQ,EE,2014-Q2,2.1
Q,CLV_PCH_SM,SCA,B1GQ,EE,2014-Q3,3.5
Q,CLV_PCH_SM,SCA,B1GQ,EE,2014-Q4,5.4
Q,CLV_PCH_SM,SCA,B1GQ,EE,2015-Q1,1.9
Q,CLV_PCH_SM,SCA,B1GQ,EE,2015-Q2,3.3
Q,CLV_PCH_SM,SCA,B1GQ,EE,2015-Q3,2.9
Q,CLV_PCH_SM,SCA,B1GQ,EE,2015-Q4,1.1
Q,CLV_PCH_SM,SCA,B1GQ,EE,2016-Q1,4.2
Q,CLV_PCH_SM,SCA,B1GQ,EE,2016-Q2,2
Q,CLV_PCH_SM,SCA,B1GQ,EE,2016-Q3,2.3
Q,CLV_PCH_SM,SCA,B1GQ,EE,2016-Q4,3.7
Q,CLV_PCH_SM,SCA,B1GQ,EE,2017-Q1,4.1
Q,CLV_PCH_SM,SCA,B1GQ,EE,2017-Q2,6.1
Q,CLV_PCH_SM,SCA,B1GQ,EE,2017-Q3,5.4
Q,CLV_PCH_SM,SCA,B1GQ,EE,2017-Q4,5.6
Q,CLV_PCH_SM,SCA,B1GQ,EE,2018-Q1,4.2
Q,CLV_PCH_SM,SCA,B1GQ,EE,2018-Q2,3.5
Q,CLV_PCH_SM,SCA,B1GQ,EE,2018-Q3,3.8
Q,CLV_PCH_SM,SCA,B1GQ,EE,2018-Q4,3.4
Q,CLV_PCH_SM,SCA,B1GQ,EE,2019-Q1,4.7
Q,CLV_PCH_SM,SCA,B1GQ,EE,2019-Q2,3.8
Q,CLV_PCH_SM,SCA,B1GQ,EE,2019-Q3,3.3
Q,CLV_PCH_SM,SCA,B1GQ,EE,2019-Q4,2.8
Q,CLV_PCH_SM,SCA,B1GQ,EE,2020-Q1,-0.9
Q,CLV_PCH_SM,SCA,B1GQ,EE,2020-Q2,-6.1
Q,CLV_PCH_SM,SCA,B1GQ,EE,2020-Q3,-2.1
Q,CLV_PCH_SM,SCA,B1GQ,EE,2020-Q4,-0.9
Q,CLV_PCH_SM,SCA,B1GQ,EE,2021-Q1,4.6
Q,CLV_PCH_SM,SCA,B1GQ,EE,2021-Q2,13
Q,CLV_PCH_SM,SCA,B1GQ,EE,2021-Q3,7.8
Q,CLV_PCH_SM,SCA,B1GQ,EE,2021-Q4,7.7
Q,CLV_PCH_SM,SCA,B1GQ,EE,2022-Q1,4.6
Q,CLV_PCH_SM,SCA,B1GQ,EE,2022-Q2,0.3
Q,CLV_PCH_SM,SCA,B1GQ,EE,2022-Q3,0.3
Q,CLV_PCH_SM,SCA,B1GQ,EE,2022-Q4,-2.9
Q,CLV_PCH_SM,SCA,B1GQ,EE,2023-Q1,-4.8
Q,CLV_PCH_SM,SCA,B1GQ,EE,2023-Q2,-3.2
Q,CLV_PCH_SM,SCA,B1GQ,EE,2023-Q3,-2.9
Q,CLV_PCH_SM,SCA,B1GQ,EE,2023-Q4,-1
Q,CLV_PCH_SM,SCA,B1GQ,EE,2024-Q1,0.3
Q,CLV_PCH_SM,SCA,B1GQ,EE,2024-Q2,-0.2
Q,CLV_PCH_SM,SCA,B1GQ,EE,2024-Q3,0.5
Q,CLV_PCH_SM,SCA,B1GQ,EE,2024-Q4,0.2
Q,CLV_PCH_SM,SCA,B1GQ,EE,2025-Q1,0.1
Q,CLV_PCH_SM,SCA,B1GQ,EE,2025-Q2,1.9
Q,CLV_PCH_SM,SCA,B1GQ,EE,2025-Q3,1.5
Q,CLV_PCH_SM,SCA,B1GQ,EE,2025-Q4,1.6
Q,CLV_PCH_SM,SCA,B1GQ,EE,2026-Q1,2.7
Q,CLV_PCH_SM,SCA,B1GQ,EE,2026-Q2,1.8
Q,CLV_PCH_SM,SCA,B1GQ,IE,1978-Q1,
Q,CLV_PCH_SM,SCA,B1GQ,IE,1978-Q2,
Q,CLV_PCH_SM,SCA,B1GQ,IE,1978-Q3,
Q,CLV_PCH_SM,SCA,B1GQ,IE,1978-Q4,
Q,CLV_PCH_SM,SCA,B1GQ,IE,1979-Q1,
Q,CLV_PCH_SM,SCA,B1GQ,IE,1979-Q2,
Q,CLV_PCH_SM,SCA,B1GQ,IE,1979-Q3,
Q,CLV_PCH_SM,SCA,B1GQ,IE,1979-Q4,
Q,CLV_PCH_SM,SCA,B1GQ,IE,1980-Q1,
Q,CLV_PCH_SM,SCA,B1GQ,IE,1980-Q2,
Q,CLV_PCH_SM,SCA,B1GQ,IE,1980-Q3,
Q,CLV_PCH_SM,SCA,B1GQ,IE,1980-Q4,
Q,CLV_PCH_SM,SCA,B1GQ,IE,1981-Q1,
Q,CLV_PCH_SM,SCA,B1GQ,IE,1981-Q2,
Q,CLV_PCH_SM,SCA,B1GQ,IE,1981-Q3,
Q,CLV_PCH_SM,SCA,B1GQ,IE,1981-Q4,
Q,CLV_PCH_SM,SCA,B1GQ,IE,1982-Q1,
Q,CLV_PCH_SM,SCA,B1GQ,IE,1982-Q2,
Q,CLV_PCH_SM,SCA,B1GQ,IE,1982-Q3,
Q,CLV_PCH_SM,SCA,B1GQ,IE,1982-Q4,
Q,CLV_PCH_SM,SCA,B1GQ,IE,1983-Q1,
Q,CLV_PCH_SM,SCA,B1GQ,IE,1983-Q2,
Q,CLV_PCH_SM,SCA,B1GQ,IE,1983-Q3,
Q,CLV_PCH_SM,SCA,B1GQ,IE,1983-Q4,
Q,CLV_PCH_SM,SCA,B1GQ,IE,1984-Q1,
Q,CLV_PCH_SM,SCA,B1GQ,IE,1984-Q2,
Q,CLV_PCH_SM,SCA,B1GQ,IE,1984-Q3,
Q,CLV_PCH_SM,SCA,B1GQ,IE,1984-Q4,
Q,CLV_PCH_SM,SCA,B1GQ,IE,1985-Q1,
Q,CLV_PCH_SM,SCA,B1GQ,IE,1985-Q2,
Q,CLV_PCH_SM,SCA,B1GQ,IE,1985-Q3,
Q,CLV_PCH_SM,SCA,B1GQ,IE,1985-Q4,
Q,CLV_PCH_SM,SCA,B1GQ,IE,1986-Q1,
Q,CLV_PCH_SM,SCA,B1GQ,IE,1986-Q2,
Q,CLV_PCH_SM,SCA,B1GQ,IE,1986-Q3,
Q,CLV_PCH_SM,SCA,B1GQ,IE,1986-Q4,
Q,CLV_PCH_SM,SCA,B1GQ,IE,1987-Q1,
Q,CLV_PCH_SM,SCA,B1GQ,IE,1987-Q2,
Q,CLV_PCH_SM,SCA,B1GQ,IE,1987-Q3,
Q,CLV_PCH_SM,SCA,B1GQ,IE,1987-Q4,
Q,CLV_PCH_SM,SCA,B1GQ,IE,1988-Q1,
Q,CLV_PCH_SM,SCA,B1GQ,IE,1988-Q2,
Q,CLV_PCH_SM,SCA,B1GQ,IE,1988-Q3,
Q,CLV_PCH_SM,SCA,B1GQ,IE,1988-Q4,
Q,CLV_PCH_SM,SCA,B1GQ,IE,1989-Q1,
Q,CLV_PCH_SM,SCA,B1GQ,IE,1989-Q2,
Q,CLV_PCH_SM,SCA,B1GQ,IE,1989-Q3,
Q,CLV_PCH_SM,SCA,B1GQ,IE,1989-Q4,
Q,CLV_PCH_SM,SCA,B1GQ,IE,1990-Q1,
Q,CLV_PCH_SM,SCA,B1GQ,IE,1990-Q2,
Q,CLV_PCH_SM,SCA,B1GQ,IE,1990-Q3,
Q,CLV_PCH_SM,SCA,B1GQ,IE,1990-Q4,
Q,CLV_PCH_SM,SCA,B1GQ,IE,1991-Q1,
Q,CLV_PCH_SM,SCA,B1GQ,IE,1991-Q2,
Q,CLV_PCH_SM,SCA,B1GQ,IE,1991-Q3,
Q,CLV_PCH_SM,SCA,B1GQ,IE,1991-Q4,
Q,CLV_PCH_SM,SCA,B1GQ,IE,1992-Q1,
Q,CLV_PCH_SM,SCA,B1GQ,IE,1992-Q2,
Q,CLV_PCH_SM,SCA,B1GQ,IE,1992-Q3,
Q,CLV_PCH_SM,SCA,B1GQ,IE,1992-Q4,
Q,CLV_PCH_SM,SCA,B1GQ,IE,1993-Q1,
Q,CLV_PCH_SM,SCA,B1GQ,IE,1993-Q2,
Q,CLV_PCH_SM,SCA,B1GQ,IE,1993-Q3,
Q,CLV_PCH_SM,SCA,B1GQ,IE,1993-Q4,
Q,CLV_PCH_SM,SCA,B1GQ,IE,1994-Q1,
Q,CLV_PCH_SM,SCA,B1GQ,IE,1994-Q2,
Q,CLV_PCH_SM,SCA,B1GQ,IE,1994-Q3,
Q,CLV_PCH_SM,SCA,B1GQ,IE,1994-Q4,
Q,CLV_PCH_SM,SCA,B1GQ,IE,1995-Q1,
Q,CLV_PCH_SM,SCA,B1GQ,IE,1995-Q2,
Q,CLV_PCH_SM,SCA,B1GQ,IE,1995-Q3,
Q,CLV_PCH_SM,SCA,B1GQ,IE,1995-Q4,
Q,CLV_PCH_SM,SCA,B1GQ,IE,1996-Q1,8.2
Q,CLV_PCH_SM,SCA,B1GQ,IE,1996-Q2,8.8
Q,CLV_PCH_SM,SCA,B1GQ,IE,1996-Q3,6.4
Q,CLV_PCH_SM,SCA,B1GQ,IE,1996-Q4,5.8
Q,CLV_PCH_SM,SCA,B1GQ,IE,1997-Q1,8.7
Q,CLV_PCH_SM,SCA,B1GQ,IE,1997-Q2,9.5
Q,CLV_PCH_SM,SCA,B1GQ,IE,1997-Q3,12.6
Q,CLV_PCH_SM,SCA,B1GQ,IE,1997-Q4,13.6
Q,CLV_PCH_SM,SCA,B1GQ,IE,1998-Q1,9.6
Q,CLV_PCH_SM,SCA,B1GQ,IE,1998-Q2,9.2
Q,CLV_PCH_SM,SCA,B1GQ,IE,1998-Q3,10.7
Q,CLV_PCH_SM,SCA,B1GQ,IE,1998-Q4,5.9
Q,CLV_PCH_SM,SCA,B1GQ,IE,1999-Q1,9.6
Q,CLV_PCH_SM,SCA,B1GQ,IE,1999-Q2,8.3
Q,CLV_PCH_SM,SCA,B1GQ,IE,1999-Q3,9.3
Q,CLV_PCH_SM,SCA,B1GQ,IE,1999-Q4,14.9
Q,CLV_PCH_SM,SCA,B1GQ,IE,2000-Q1,8.9
Q,CLV_PCH_SM,SCA,B1GQ,IE,2000-Q2,11.2
Q,CLV_PCH_SM,SCA,B1GQ,IE,2000-Q3,9.4
Q,CLV_PCH_SM,SCA,B1GQ,IE,2000-Q4,8
Q,CLV_PCH_SM,SCA,B1GQ,IE,2001-Q1,8.4
Q,CLV_PCH_SM,SCA,B1GQ,IE,2001-Q2,6.7
Q,CLV_PCH_SM,SCA,B1GQ,IE,2001-Q3,3.3
Q,CLV_PCH_SM,SCA,B1GQ,IE,2001-Q4,3.8
Q,CLV_PCH_SM,SCA,B1GQ,IE,2002-Q1,6.4
Q,CLV_PCH_SM,SCA,B1GQ,IE,2002-Q2,4.4
Q,CLV_PCH_SM,SCA,B1GQ,IE,2002-Q3,7.2
Q,CLV_PCH_SM,SCA,B1GQ,IE,2002-Q4,6.7
Q,CLV_PCH_SM,SCA,B1GQ,IE,2003-Q1,1.3
Q,CLV_PCH_SM,SCA,B1GQ,IE,2003-Q2,3.5
Q,CLV_PCH_SM,SCA,B1GQ,IE,2003-Q3,1.6
Q,CLV_PCH_SM,SCA,B1GQ,IE,2003-Q4,6.4
Q,CLV_PCH_SM,SCA,B1GQ,IE,2004-Q1,7.2
Q,CLV_PCH_SM,SCA,B1GQ,IE,2004-Q2,8.7
Q,CLV_PCH_SM,SCA,B1GQ,IE,2004-Q3,7.4
Q,CLV_PCH_SM,SCA,B1GQ,IE,2004-Q4,4.1
Q,CLV_PCH_SM,SCA,B1GQ,IE,2005-Q1,6.4
Q,CLV_PCH_SM,SCA,B1GQ,IE,2005-Q2,5.2
Q,CLV_PCH_SM,SCA,B1GQ,IE,2005-Q3,5.3
Q,CLV_PCH_SM,SCA,B1GQ,IE,2005-Q4,6.2
Q,CLV_PCH_SM,SCA,B1GQ,IE,2006-Q1,5.5
Q,CLV_PCH_SM,SCA,B1GQ,IE,2006-Q2,4.2
Q,CLV_PCH_SM,SCA,B1GQ,IE,2006-Q3,6.7
Q,CLV_PCH_SM,SCA,B1GQ,IE,2006-Q4,3.3
Q,CLV_PCH_SM,SCA,B1GQ,IE,2007-Q1,7.7
Q,CLV_PCH_SM,SCA,B1GQ,IE,2007-Q2,5.9
Q,CLV_PCH_SM,SCA,B1GQ,IE,2007-Q3,1.9
Q,CLV_PCH_SM,SCA,B1GQ,IE,2007-Q4,5
Q,CLV_PCH_SM,SCA,B1GQ,IE,2008-Q1,-2.1
Q,CLV_PCH_SM,SCA,B1GQ,IE,2008-Q2,-4
Q,CLV_PCH_SM,SCA,B1GQ,IE,2008-Q3,-0.8
Q,CLV_PCH_SM,SCA,B1GQ,IE,2008-Q4,-9.6
Q,CLV_PCH_SM,SCA,B1GQ,IE,2009-Q1,-7
Q,CLV_PCH_SM,SCA,B1GQ,IE,2009-Q2,-4.5
Q,CLV_PCH_SM,SCA,B1GQ,IE,2009-Q3,-5.1
Q,CLV_PCH_SM,SCA,B1GQ,IE,2009-Q4,-2.7
Q,CLV_PCH_SM,SCA,B1GQ,IE,2010-Q1,-0.3
Q,CLV_PCH_SM,SCA,B1GQ,IE,2010-Q2,0.6
Q,CLV_PCH_SM,SCA,B1GQ,IE,2010-Q3,2.5
Q,CLV_PCH_SM,SCA,B1GQ,IE,2010-Q4,3.6
Q,CLV_PCH_SM,SCA,B1GQ,IE,2011-Q1,2.5
Q,CLV_PCH_SM,SCA,B1GQ,IE,2011-Q2,2.5
Q,CLV_PCH_SM,SCA,B1GQ,IE,2011-Q3,0.6
Q,CLV_PCH_SM,SCA,B1GQ,IE,2011-Q4,0.7
Q,CLV_PCH_SM,SCA,B1GQ,IE,2012-Q1,-1.7
Q,CLV_PCH_SM,SCA,B1GQ,IE,2012-Q2,0.5
Q,CLV_PCH_SM,SCA,B1GQ,IE,2012-Q3,-0.7
Q,CLV_PCH_SM,SCA,B1GQ,IE,2012-Q4,-0.3
Q,CLV_PCH_SM,SCA,B1GQ,IE,2013-Q1,0.8
Q,CLV_PCH_SM,SCA,B1GQ,IE,2013-Q2,-0.7
Q,CLV_PCH_SM,SCA,B1GQ,IE,2013-Q3,5.6
Q,CLV_PCH_SM,SCA,B1GQ,IE,2013-Q4,3.6
Q,CLV_PCH_SM,SCA,B1GQ,IE,2014-Q1,9.6
Q,CLV_PCH_SM,SCA,B1GQ,IE,2014-Q2,10.4
Q,CLV_PCH_SM,SCA,B1GQ,IE,2014-Q3,7.9
Q,CLV_PCH_SM,SCA,B1GQ,IE,2014-Q4,10.1
Q,CLV_PCH_SM,SCA,B1GQ,IE,2015-Q1,28
Q,CLV_PCH_SM,SCA,B1GQ,IE,2015-Q2,21.7
Q,CLV_PCH_SM,SCA,B1GQ,IE,2015-Q3,23.9
Q,CLV_PCH_SM,SCA,B1GQ,IE,2015-Q4,24.7
Q,CLV_PCH_SM,SCA,B1GQ,IE,2016-Q1,-1.6
Q,CLV_PCH_SM,SCA,B1GQ,IE,2016-Q2,0.1
Q,CLV_PCH_SM,SCA,B1GQ,IE,2016-Q3,-2.1
Q,CLV_PCH_SM,SCA,B1GQ,IE,2016-Q4,8.3
Q,CLV_PCH_SM,SCA,B1GQ,IE,2017-Q1,7.6
Q,CLV_PCH_SM,SCA,B1GQ,IE,2017-Q2,9.4
Q,CLV_PCH_SM,SCA,B1GQ,IE,2017-Q3,15.7
Q,CLV_PCH_SM,SCA,B1GQ,IE,2017-Q4,7.8
Q,CLV_PCH_SM,SCA,B1GQ,IE,2018-Q1,11.4
Q,CLV_PCH_SM,SCA,B1GQ,IE,2018-Q2,10.8
Q,CLV_PCH_SM,SCA,B1GQ,IE,2018-Q3,6.1
Q,CLV_PCH_SM,SCA,B1GQ,IE,2018-Q4,3.2
Q,CLV_PCH_SM,SCA,B1GQ,IE,2019-Q1,3.3
Q,CLV_PCH_SM,SCA,B1GQ,IE,2019-Q2,4.5
Q,CLV_PCH_SM,SCA,B1GQ,IE,2019-Q3,5.7
Q,CLV_PCH_SM,SCA,B1GQ,IE,2019-Q4,6.2
Q,CLV_PCH_SM,SCA,B1GQ,IE,2020-Q1,9.3
Q,CLV_PCH_SM,SCA,B1GQ,IE,2020-Q2,1.9
Q,CLV_PCH_SM,SCA,B1GQ,IE,2020-Q3,11.9
Q,CLV_PCH_SM,SCA,B1GQ,IE,2020-Q4,5.9
Q,CLV_PCH_SM,SCA,B1GQ,IE,2021-Q1,13.1
Q,CLV_PCH_SM,SCA,B1GQ,IE,2021-Q2,22.9
Q,CLV_PCH_SM,SCA,B1GQ,IE,2021-Q3,14.1
Q,CLV_PCH_SM,SCA,B1GQ,IE,2021-Q4,15.7
Q,CLV_PCH_SM,SCA,B1GQ,IE,2022-Q1,7.6
Q,CLV_PCH_SM,SCA,B1GQ,IE,2022-Q2,8.2
Q,CLV_PCH_SM,SCA,B1GQ,IE,2022-Q3,7.9
Q,CLV_PCH_SM,SCA,B1GQ,IE,2022-Q4,9.6
Q,CLV_PCH_SM,SCA,B1GQ,IE,2023-Q1,0.8
Q,CLV_PCH_SM,SCA,B1GQ,IE,2023-Q2,-1.7
Q,CLV_PCH_SM,SCA,B1GQ,IE,2023-Q3,-4.8
Q,CLV_PCH_SM,SCA,B1GQ,IE,2023-Q4,-7.8
Q,CLV_PCH_SM,SCA,B1GQ,IE,2024-Q1,-0.8
Q,CLV_PCH_SM,SCA,B1GQ,IE,2024-Q2,-1.4
Q,CLV_PCH_SM,SCA,B1GQ,IE,2024-Q3,4.9
Q,CLV_PCH_SM,SCA,B1GQ,IE,2024-Q4,12.2
Q,CLV_PCH_SM,SCA,B1GQ,IE,2025-Q1,16.6
Q,CLV_PCH_SM,SCA,B1GQ,IE,2025-Q2,11.7
Q,CLV_PCH_SM,SCA,B1GQ,IE,2025-Q3,5.1
Q,CLV_PCH_SM,SCA,B1GQ,IE,2025-Q4,-0.1
Q,CLV_PCH_SM,SCA,B1GQ,IE,2026-Q1,-13.4
Q,CLV_PCH_SM,SCA,B1GQ,IE,2026-Q2,-0.4
Q,CLV_PCH_SM,SCA,B1GQ,EL,1978-Q1,
Q,CLV_PCH_SM,SCA,B1GQ,EL,1978-Q2,
Q,CLV_PCH_SM,SCA,B1GQ,EL,1978-Q3,
Q,CLV_PCH_SM,SCA,B1GQ,EL,1978-Q4,
Q,CLV_PCH_SM,SCA,B1GQ,EL,1979-Q1,
Q,CLV_PCH_SM,SCA,B1GQ,EL,1979-Q2,
Q,CLV_PCH_SM,SCA,B1GQ,EL,1979-Q3,
Q,CLV_PCH_SM,SCA,B1GQ,EL,1979-Q4,
Q,CLV_PCH_SM,SCA,B1GQ,EL,1980-Q1,
Q,CLV_PCH_SM,SCA,B1GQ,EL,1980-Q2,
Q,CLV_PCH_SM,SCA,B1GQ,EL,1980-Q3,
Q,CLV_PCH_SM,SCA,B1GQ,EL,1980-Q4,
Q,CLV_PCH_SM,SCA,B1GQ,EL,1981-Q1,
Q,CLV_PCH_SM,SCA,B1GQ,EL,1981-Q2,
Q,CLV_PCH_SM,SCA,B1GQ,EL,1981-Q3,
Q,CLV_PCH_SM,SCA,B1GQ,EL,1981-Q4,
Q,CLV_PCH_SM,SCA,B1GQ,EL,1982-Q1,
Q,CLV_PCH_SM,SCA,B1GQ,EL,1982-Q2,
Q,CLV_PCH_SM,SCA,B1GQ,EL,1982-Q3,
Q,CLV_PCH_SM,SCA,B1GQ,EL,1982-Q4,
Q,CLV_PCH_SM,SCA,B1GQ,EL,1983-Q1,
Q,CLV_PCH_SM,SCA,B1GQ,EL,1983-Q2,
Q,CLV_PCH_SM,SCA,B1GQ,EL,1983-Q3,
Q,CLV_PCH_SM,SCA,B1GQ,EL,1983-Q4,
Q,CLV_PCH_SM,SCA,B1GQ,EL,1984-Q1,
Q,CLV_PCH_SM,SCA,B1GQ,EL,1984-Q2,
Q,CLV_PCH_SM,SCA,B1GQ,EL,1984-Q3,
Q,CLV_PCH_SM,SCA,B1GQ,EL,1984-Q4,
Q,CLV_PCH_SM,SCA,B1GQ,EL,1985-Q1,
Q,CLV_PCH_SM,SCA,B1GQ,EL,1985-Q2,
Q,CLV_PCH_SM,SCA,B1GQ,EL,1985-Q3,
Q,CLV_PCH_SM,SCA,B1GQ,EL,1985-Q4,
Q,CLV_PCH_SM,SCA,B1GQ,EL,1986-Q1,
Q,CLV_PCH_SM,SCA,B1GQ,EL,1986-Q2,
Q,CLV_PCH_SM,SCA,B1GQ,EL,1986-Q3,
Q,CLV_PCH_SM,SCA,B1GQ,EL,1986-Q4,
Q,CLV_PCH_SM,SCA,B1GQ,EL,1987-Q1,
Q,CLV_PCH_SM,SCA,B1GQ,EL,1987-Q2,
Q,CLV_PCH_SM,SCA,B1GQ,EL,1987-Q3,
Q,CLV_PCH_SM,SCA,B1GQ,EL,1987-Q4,
Q,CLV_PCH_SM,SCA,B1GQ,EL,1988-Q1,
Q,CLV_PCH_SM,SCA,B1GQ,EL,1988-Q2,
Q,CLV_PCH_SM,SCA,B1GQ,EL,1988-Q3,
Q,CLV_PCH_SM,SCA,B1GQ,EL,1988-Q4,
Q,CLV_PCH_SM,SCA,B1GQ,EL,1989-Q1,
Q,CLV_PCH_SM,SCA,B1GQ,EL,1989-Q2,
Q,CLV_PCH_SM,SCA,B1GQ,EL,1989-Q3,
Q,CLV_PCH_SM,SCA,B1GQ,EL,1989-Q4,
Q,CLV_PCH_SM,SCA,B1GQ,EL,1990-Q1,
Q,CLV_PCH_SM,SCA,B1GQ,EL,1990-Q2,
Q,CLV_PCH_SM,SCA,B1GQ,EL,1990-Q3,
Q,CLV_PCH_SM,SCA,B1GQ,EL,1990-Q4,
Q,CLV_PCH_SM,SCA,B1GQ,EL,1991-Q1,
Q,CLV_PCH_SM,SCA,B1GQ,EL,1991-Q2,
Q,CLV_PCH_SM,SCA,B1GQ,EL,1991-Q3,
Q,CLV_PCH_SM,SCA,B1GQ,EL,1991-Q4,
Q,CLV_PCH_SM,SCA,B1GQ,EL,1992-Q1,
Q,CLV_PCH_SM,SCA,B1GQ,EL,1992-Q2,
Q,CLV_PCH_SM,SCA,B1GQ,EL,1992-Q3,
Q,CLV_PCH_SM,SCA,B1GQ,EL,1992-Q4,
Q,CLV_PCH_SM,SCA,B1GQ,EL,1993-Q1,
Q,CLV_PCH_SM,SCA,B1GQ,EL,1993-Q2,
Q,CLV_PCH_SM,SCA,B1GQ,EL,1993-Q3,
Q,CLV_PCH_SM,SCA,B1GQ,EL,1993-Q4,
Q,CLV_PCH_SM,SCA,B1GQ,EL,1994-Q1,
Q,CLV_PCH_SM,SCA,B1GQ,EL,1994-Q2,
Q,CLV_PCH_SM,SCA,B1GQ,EL,1994-Q3,
Q,CLV_PCH_SM,SCA,B1GQ,EL,1994-Q4,
Q,CLV_PCH_SM,SCA,B1GQ,EL,1995-Q1,
Q,CLV_PCH_SM,SCA,B1GQ,EL,1995-Q2,
Q,CLV_PCH_SM,SCA,B1GQ,EL,1995-Q3,
Q,CLV_PCH_SM,SCA,B1GQ,EL,1995-Q4,
Q,CLV_PCH_SM,SCA,B1GQ,EL,1996-Q1,2.3
Q,CLV_PCH_SM,SCA,B1GQ,EL,1996-Q2,1.1
Q,CLV_PCH_SM,SCA,B1GQ,EL,1996-Q3,1.3
Q,CLV_PCH_SM,SCA,B1GQ,EL,1996-Q4,1.2
Q,CLV_PCH_SM,SCA,B1GQ,EL,1997-Q1,2
Q,CLV_PCH_SM,SCA,B1GQ,EL,1997-Q2,3.6
Q,CLV_PCH_SM,SCA,B1GQ,EL,1997-Q3,4.3
Q,CLV_PCH_SM,SCA,B1GQ,EL,1997-Q4,4.6
Q,CLV_PCH_SM,SCA,B1GQ,EL,1998-Q1,5.2
Q,CLV_PCH_SM,SCA,B1GQ,EL,1998-Q2,3.9
Q,CLV_PCH_SM,SCA,B1GQ,EL,1998-Q3,2.5
Q,CLV_PCH_SM,SCA,B1GQ,EL,1998-Q4,2.1
Q,CLV_PCH_SM,SCA,B1GQ,EL,1999-Q1,1.7
Q,CLV_PCH_SM,SCA,B1GQ,EL,1999-Q2,2.1
Q,CLV_PCH_SM,SCA,B1GQ,EL,1999-Q3,2.6
Q,CLV_PCH_SM,SCA,B1GQ,EL,1999-Q4,3.8
Q,CLV_PCH_SM,SCA,B1GQ,EL,2000-Q1,3.3
Q,CLV_PCH_SM,SCA,B1GQ,EL,2000-Q2,4
Q,CLV_PCH_SM,SCA,B1GQ,EL,2000-Q3,5
Q,CLV_PCH_SM,SCA,B1GQ,EL,2000-Q4,4.7
Q,CLV_PCH_SM,SCA,B1GQ,EL,2001-Q1,6.1
Q,CLV_PCH_SM,SCA,B1GQ,EL,2001-Q2,4.4
Q,CLV_PCH_SM,SCA,B1GQ,EL,2001-Q3,4.5
Q,CLV_PCH_SM,SCA,B1GQ,EL,2001-Q4,3.9
Q,CLV_PCH_SM,SCA,B1GQ,EL,2002-Q1,3.2
Q,CLV_PCH_SM,SCA,B1GQ,EL,2002-Q2,5.9
Q,CLV_PCH_SM,SCA,B1GQ,EL,2002-Q3,4.8
Q,CLV_PCH_SM,SCA,B1GQ,EL,2002-Q4,5
Q,CLV_PCH_SM,SCA,B1GQ,EL,2003-Q1,6
Q,CLV_PCH_SM,SCA,B1GQ,EL,2003-Q2,5.4
Q,CLV_PCH_SM,SCA,B1GQ,EL,2003-Q3,5.4
Q,CLV_PCH_SM,SCA,B1GQ,EL,2003-Q4,6.5
Q,CLV_PCH_SM,SCA,B1GQ,EL,2004-Q1,6.6
Q,CLV_PCH_SM,SCA,B1GQ,EL,2004-Q2,4.9
Q,CLV_PCH_SM,SCA,B1GQ,EL,2004-Q3,5.6
Q,CLV_PCH_SM,SCA,B1GQ,EL,2004-Q4,3.7
Q,CLV_PCH_SM,SCA,B1GQ,EL,2005-Q1,0.8
Q,CLV_PCH_SM,SCA,B1GQ,EL,2005-Q2,1.3
Q,CLV_PCH_SM,SCA,B1GQ,EL,2005-Q3,1.4
Q,CLV_PCH_SM,SCA,B1GQ,EL,2005-Q4,1.9
Q,CLV_PCH_SM,SCA,B1GQ,EL,2006-Q1,6.2
Q,CLV_PCH_SM,SCA,B1GQ,EL,2006-Q2,6.3
Q,CLV_PCH_SM,SCA,B1GQ,EL,2006-Q3,5.4
Q,CLV_PCH_SM,SCA,B1GQ,EL,2006-Q4,7.6
Q,CLV_PCH_SM,SCA,B1GQ,EL,2007-Q1,3.5
Q,CLV_PCH_SM,SCA,B1GQ,EL,2007-Q2,5.5
Q,CLV_PCH_SM,SCA,B1GQ,EL,2007-Q3,4.3
Q,CLV_PCH_SM,SCA,B1GQ,EL,2007-Q4,0.4
Q,CLV_PCH_SM,SCA,B1GQ,EL,2008-Q1,2.4
Q,CLV_PCH_SM,SCA,B1GQ,EL,2008-Q2,-1.1
Q,CLV_PCH_SM,SCA,B1GQ,EL,2008-Q3,-0.6
Q,CLV_PCH_SM,SCA,B1GQ,EL,2008-Q4,-0.2
Q,CLV_PCH_SM,SCA,B1GQ,EL,2009-Q1,-6.5
Q,CLV_PCH_SM,SCA,B1GQ,EL,2009-Q2,-3.2
Q,CLV_PCH_SM,SCA,B1GQ,EL,2009-Q3,-3.6
Q,CLV_PCH_SM,SCA,B1GQ,EL,2009-Q4,-3.1
Q,CLV_PCH_SM,SCA,B1GQ,EL,2010-Q1,0.9
Q,CLV_PCH_SM,SCA,B1GQ,EL,2010-Q2,-5.9
Q,CLV_PCH_SM,SCA,B1GQ,EL,2010-Q3,-8.6
Q,CLV_PCH_SM,SCA,B1GQ,EL,2010-Q4,-8.9
Q,CLV_PCH_SM,SCA,B1GQ,EL,2011-Q1,-11.1
Q,CLV_PCH_SM,SCA,B1GQ,EL,2011-Q2,-8.8
Q,CLV_PCH_SM,SCA,B1GQ,EL,2011-Q3,-7.8
Q,CLV_PCH_SM,SCA,B1GQ,EL,2011-Q4,-11.6
Q,CLV_PCH_SM,SCA,B1GQ,EL,2012-Q1,-9.2
Q,CLV_PCH_SM,SCA,B1GQ,EL,2012-Q2,-9.6
Q,CLV_PCH_SM,SCA,B1GQ,EL,2012-Q3,-9
Q,CLV_PCH_SM,SCA,B1GQ,EL,2012-Q4,-5.7
Q,CLV_PCH_SM,SCA,B1GQ,EL,2013-Q1,-5.5
Q,CLV_PCH_SM,SCA,B1GQ,EL,2013-Q2,-3.1
Q,CLV_PCH_SM,SCA,B1GQ,EL,2013-Q3,-1
Q,CLV_PCH_SM,SCA,B1GQ,EL,2013-Q4,0.5
Q,CLV_PCH_SM,SCA,B1GQ,EL,2014-Q1,1
Q,CLV_PCH_SM,SCA,B1GQ,EL,2014-Q2,1
Q,CLV_PCH_SM,SCA,B1GQ,EL,2014-Q3,1.4
Q,CLV_PCH_SM,SCA,B1GQ,EL,2014-Q4,0.1
Q,CLV_PCH_SM,SCA,B1GQ,EL,2015-Q1,0.7
Q,CLV_PCH_SM,SCA,B1GQ,EL,2015-Q2,0.4
Q,CLV_PCH_SM,SCA,B1GQ,EL,2015-Q3,-2.6
Q,CLV_PCH_SM,SCA,B1GQ,EL,2015-Q4,0.5
Q,CLV_PCH_SM,SCA,B1GQ,EL,2016-Q1,-0.9
Q,CLV_PCH_SM,SCA,B1GQ,EL,2016-Q2,-0.7
Q,CLV_PCH_SM,SCA,B1GQ,EL,2016-Q3,1.6
Q,CLV_PCH_SM,SCA,B1GQ,EL,2016-Q4,-0.2
Q,CLV_PCH_SM,SCA,B1GQ,EL,2017-Q1,1
Q,CLV_PCH_SM,SCA,B1GQ,EL,2017-Q2,1.6
Q,CLV_PCH_SM,SCA,B1GQ,EL,2017-Q3,2.2
Q,CLV_PCH_SM,SCA,B1GQ,EL,2017-Q4,0.9
Q,CLV_PCH_SM,SCA,B1GQ,EL,2018-Q1,2.2
Q,CLV_PCH_SM,SCA,B1GQ,EL,2018-Q2,1.8
Q,CLV_PCH_SM,SCA,B1GQ,EL,2018-Q3,1.2
Q,CLV_PCH_SM,SCA,B1GQ,EL,2018-Q4,2.6
Q,CLV_PCH_SM,SCA,B1GQ,EL,2019-Q1,2.2
Q,CLV_PCH_SM,SCA,B1GQ,EL,2019-Q2,3
Q,CLV_PCH_SM,SCA,B1GQ,EL,2019-Q3,2.2
Q,CLV_PCH_SM,SCA,B1GQ,EL,2019-Q4,1.5
Q,CLV_PCH_SM,SCA,B1GQ,EL,2020-Q1,-1.7
Q,CLV_PCH_SM,SCA,B1GQ,EL,2020-Q2,-16
Q,CLV_PCH_SM,SCA,B1GQ,EL,2020-Q3,-10.3
Q,CLV_PCH_SM,SCA,B1GQ,EL,2020-Q4,-8
Q,CLV_PCH_SM,SCA,B1GQ,EL,2021-Q1,-2.2
Q,CLV_PCH_SM,SCA,B1GQ,EL,2021-Q2,15
Q,CLV_PCH_SM,SCA,B1GQ,EL,2021-Q3,11.5
Q,CLV_PCH_SM,SCA,B1GQ,EL,2021-Q4,10.2
Q,CLV_PCH_SM,SCA,B1GQ,EL,2022-Q1,7.7
Q,CLV_PCH_SM,SCA,B1GQ,EL,2022-Q2,6.5
Q,CLV_PCH_SM,SCA,B1GQ,EL,2022-Q3,4.5
Q,CLV_PCH_SM,SCA,B1GQ,EL,2022-Q4,4.1
Q,CLV_PCH_SM,SCA,B1GQ,EL,2023-Q1,2.2
Q,CLV_PCH_SM,SCA,B1GQ,EL,2023-Q2,3.1
Q,CLV_PCH_SM,SCA,B1GQ,EL,2023-Q3,1.8
Q,CLV_PCH_SM,SCA,B1GQ,EL,2023-Q4,1.5
Q,CLV_PCH_SM,SCA,B1GQ,EL,2024-Q1,1.8
Q,CLV_PCH_SM,SCA,B1GQ,EL,2024-Q2,1.8
Q,CLV_PCH_SM,SCA,B1GQ,EL,2024-Q3,2.4
Q,CLV_PCH_SM,SCA,B1GQ,EL,2024-Q4,2.2
Q,CLV_PCH_SM,SCA,B1GQ,EL,2025-Q1,2.4
Q,CLV_PCH_SM,SCA,B1GQ,EL,2025-Q2,1.8
Q,CLV_PCH_SM,SCA,B1GQ,EL,2025-Q3,2.1
Q,CLV_PCH_SM,SCA,B1GQ,EL,2025-Q4,2.3
Q,CLV_PCH_SM,SCA,B1GQ,EL,2026-Q1,2
Q,CLV_PCH_SM,SCA,B1GQ,EL,2026-Q2,1.9
Q,CLV_PCH_SM,SCA,B1GQ,ES,1978-Q1,
Q,CLV_PCH_SM,SCA,B1GQ,ES,1978-Q2,
Q,CLV_PCH_SM,SCA,B1GQ,ES,1978-Q3,
Q,CLV_PCH_SM,SCA,B1GQ,ES,1978-Q4,
Q,CLV_PCH_SM,SCA,B1GQ,ES,1979-Q1,
Q,CLV_PCH_SM,SCA,B1GQ,ES,1979-Q2,
Q,CLV_PCH_SM,SCA,B1GQ,ES,1979-Q3,
Q,CLV_PCH_SM,SCA,B1GQ,ES,1979-Q4,
Q,CLV_PCH_SM,SCA,B1GQ,ES,1980-Q1,
Q,CLV_PCH_SM,SCA,B1GQ,ES,1980-Q2,
Q,CLV_PCH_SM,SCA,B1GQ,ES,1980-Q3,
Q,CLV_PCH_SM,SCA,B1GQ,ES,1980-Q4,
Q,CLV_PCH_SM,SCA,B1GQ,ES,1981-Q1,
Q,CLV_PCH_SM,SCA,B1GQ,ES,1981-Q2,
Q,CLV_PCH_SM,SCA,B1GQ,ES,1981-Q3,
Q,CLV_PCH_SM,SCA,B1GQ,ES,1981-Q4,
Q,CLV_PCH_SM,SCA,B1GQ,ES,1982-Q1,
Q,CLV_PCH_SM,SCA,B1GQ,ES,1982-Q2,
Q,CLV_PCH_SM,SCA,B1GQ,ES,1982-Q3,
Q,CLV_PCH_SM,SCA,B1GQ,ES,1982-Q4,
Q,CLV_PCH_SM,SCA,B1GQ,ES,1983-Q1,
Q,CLV_PCH_SM,SCA,B1GQ,ES,1983-Q2,
Q,CLV_PCH_SM,SCA,B1GQ,ES,1983-Q3,
Q,CLV_PCH_SM,SCA,B1GQ,ES,1983-Q4,
Q,CLV_PCH_SM,SCA,B1GQ,ES,1984-Q1,
Q,CLV_PCH_SM,SCA,B1GQ,ES,1984-Q2,
Q,CLV_PCH_SM,SCA,B1GQ,ES,1984-Q3,
Q,CLV_PCH_SM,SCA,B1GQ,ES,1984-Q4,
Q,CLV_PCH_SM,SCA,B1GQ,ES,1985-Q1,
Q,CLV_PCH_SM,SCA,B1GQ,ES,1985-Q2,
Q,CLV_PCH_SM,SCA,B1GQ,ES,1985-Q3,
Q,CLV_PCH_SM,SCA,B1GQ,ES,1985-Q4,
Q,CLV_PCH_SM,SCA,B1GQ,ES,1986-Q1,
Q,CLV_PCH_SM,SCA,B1GQ,ES,1986-Q2,
Q,CLV_PCH_SM,SCA,B1GQ,ES,1986-Q3,
Q,CLV_PCH_SM,SCA,B1GQ,ES,1986-Q4,
Q,CLV_PCH_SM,SCA,B1GQ,ES,1987-Q1,
Q,CLV_PCH_SM,SCA,B1GQ,ES,1987-Q2,
Q,CLV_PCH_SM,SCA,B1GQ,ES,1987-Q3,
Q,CLV_PCH_SM,SCA,B1GQ,ES,1987-Q4,
Q,CLV_PCH_SM,SCA,B1GQ,ES,1988-Q1,
Q,CLV_PCH_SM,SCA,B1GQ,ES,1988-Q2,
Q,CLV_PCH_SM,SCA,B1GQ,ES,1988-Q3,
Q,CLV_PCH_SM,SCA,B1GQ,ES,1988-Q4,
Q,CLV_PCH_SM,SCA,B1GQ,ES,1989-Q1,
Q,CLV_PCH_SM,SCA,B1GQ,ES,1989-Q2,
Q,CLV_PCH_SM,SCA,B1GQ,ES,1989-Q3,
Q,CLV_PCH_SM,SCA,B1GQ,ES,1989-Q4,
Q,CLV_PCH_SM,SCA,B1GQ,ES,1990-Q1,
Q,CLV_PCH_SM,SCA,B1GQ,ES,1990-Q2,
Q,CLV_PCH_SM,SCA,B1GQ,ES,1990-Q3,
Q,CLV_PCH_SM,SCA,B1GQ,ES,1990-Q4,
Q,CLV_PCH_SM,SCA,B1GQ,ES,1991-Q1,
Q,CLV_PCH_SM,SCA,B1GQ,ES,1991-Q2,
Q,CLV_PCH_SM,SCA,B1GQ,ES,1991-Q3,
Q,CLV_PCH_SM,SCA,B1GQ,ES,1991-Q4,
Q,CLV_PCH_SM,SCA,B1GQ,ES,1992-Q1,
Q,CLV_PCH_SM,SCA,B1GQ,ES,1992-Q2,
Q,CLV_PCH_SM,SCA,B1GQ,ES,1992-Q3,
Q,CLV_PCH_SM,SCA,B1GQ,ES,1992-Q4,
Q,CLV_PCH_SM,SCA,B1GQ,ES,1993-Q1,
Q,CLV_PCH_SM,SCA,B1GQ,ES,1993-Q2,
Q,CLV_PCH_SM,SCA,B1GQ,ES,1993-Q3,
Q,CLV_PCH_SM,SCA,B1GQ,ES,1993-Q4,
Q,CLV_PCH_SM,SCA,B1GQ,ES,1994-Q1,
Q,CLV_PCH_SM,SCA,B1GQ,ES,1994-Q2,
Q,CLV_PCH_SM,SCA,B1GQ,ES,1994-Q3,
Q,CLV_PCH_SM,SCA,B1GQ,ES,1994-Q4,
Q,CLV_PCH_SM,SCA,B1GQ,ES,1995-Q1,
Q,CLV_PCH_SM,SCA,B1GQ,ES,1995-Q2,
Q,CLV_PCH_SM,SCA,B1GQ,ES,1995-Q3,
Q,CLV_PCH_SM,SCA,B1GQ,ES,1995-Q4,
Q,CLV_PCH_SM,SCA,B1GQ,ES,1996-Q1,2.5
Q,CLV_PCH_SM,SCA,B1GQ,ES,1996-Q2,2.5
Q,CLV_PCH_SM,SCA,B1GQ,ES,1996-Q3,2.9
Q,CLV_PCH_SM,SCA,B1GQ,ES,1996-Q4,2.6
Q,CLV_PCH_SM,SCA,B1GQ,ES,1997-Q1,3
Q,CLV_PCH_SM,SCA,B1GQ,ES,1997-Q2,3.3
Q,CLV_PCH_SM,SCA,B1GQ,ES,1997-Q3,3.6
Q,CLV_PCH_SM,SCA,B1GQ,ES,1997-Q4,4.5
Q,CLV_PCH_SM,SCA,B1GQ,ES,1998-Q1,4.3
Q,CLV_PCH_SM,SCA,B1GQ,ES,1998-Q2,4.5
Q,CLV_PCH_SM,SCA,B1GQ,ES,1998-Q3,4.4
Q,CLV_PCH_SM,SCA,B1GQ,ES,1998-Q4,4
Q,CLV_PCH_SM,SCA,B1GQ,ES,1999-Q1,4.1
Q,CLV_PCH_SM,SCA,B1GQ,ES,1999-Q2,4.2
Q,CLV_PCH_SM,SCA,B1GQ,ES,1999-Q3,4.6
Q,CLV_PCH_SM,SCA,B1GQ,ES,1999-Q4,4.7
Q,CLV_PCH_SM,SCA,B1GQ,ES,2000-Q1,5.3
Q,CLV_PCH_SM,SCA,B1GQ,ES,2000-Q2,5.4
Q,CLV_PCH_SM,SCA,B1GQ,ES,2000-Q3,5.1
Q,CLV_PCH_SM,SCA,B1GQ,ES,2000-Q4,5
Q,CLV_PCH_SM,SCA,B1GQ,ES,2001-Q1,4.4
Q,CLV_PCH_SM,SCA,B1GQ,ES,2001-Q2,3.9
Q,CLV_PCH_SM,SCA,B1GQ,ES,2001-Q3,3.9
Q,CLV_PCH_SM,SCA,B1GQ,ES,2001-Q4,3.4
Q,CLV_PCH_SM,SCA,B1GQ,ES,2002-Q1,2.9
Q,CLV_PCH_SM,SCA,B1GQ,ES,2002-Q2,2.9
Q,CLV_PCH_SM,SCA,B1GQ,ES,2002-Q3,2.5
Q,CLV_PCH_SM,SCA,B1GQ,ES,2002-Q4,2.7
Q,CLV_PCH_SM,SCA,B1GQ,ES,2003-Q1,3.2
Q,CLV_PCH_SM,SCA,B1GQ,ES,2003-Q2,2.7
Q,CLV_PCH_SM,SCA,B1GQ,ES,2003-Q3,2.9
Q,CLV_PCH_SM,SCA,B1GQ,ES,2003-Q4,3
Q,CLV_PCH_SM,SCA,B1GQ,ES,2004-Q1,2.6
Q,CLV_PCH_SM,SCA,B1GQ,ES,2004-Q2,3.3
Q,CLV_PCH_SM,SCA,B1GQ,ES,2004-Q3,3.4
Q,CLV_PCH_SM,SCA,B1GQ,ES,2004-Q4,3.2
Q,CLV_PCH_SM,SCA,B1GQ,ES,2005-Q1,3.6
Q,CLV_PCH_SM,SCA,B1GQ,ES,2005-Q2,3.4
Q,CLV_PCH_SM,SCA,B1GQ,ES,2005-Q3,3.5
Q,CLV_PCH_SM,SCA,B1GQ,ES,2005-Q4,3.8
Q,CLV_PCH_SM,SCA,B1GQ,ES,2006-Q1,4.1
Q,CLV_PCH_SM,SCA,B1GQ,ES,2006-Q2,4.1
Q,CLV_PCH_SM,SCA,B1GQ,ES,2006-Q3,4.1
Q,CLV_PCH_SM,SCA,B1GQ,ES,2006-Q4,4
Q,CLV_PCH_SM,SCA,B1GQ,ES,2007-Q1,3.7
Q,CLV_PCH_SM,SCA,B1GQ,ES,2007-Q2,3.7
Q,CLV_PCH_SM,SCA,B1GQ,ES,2007-Q3,3.5
Q,CLV_PCH_SM,SCA,B1GQ,ES,2007-Q4,3.2
Q,CLV_PCH_SM,SCA,B1GQ,ES,2008-Q1,2.4
Q,CLV_PCH_SM,SCA,B1GQ,ES,2008-Q2,1.6
Q,CLV_PCH_SM,SCA,B1GQ,ES,2008-Q3,0.6
Q,CLV_PCH_SM,SCA,B1GQ,ES,2008-Q4,-1.5
Q,CLV_PCH_SM,SCA,B1GQ,ES,2009-Q1,-4.4
Q,CLV_PCH_SM,SCA,B1GQ,ES,2009-Q2,-4.3
Q,CLV_PCH_SM,SCA,B1GQ,ES,2009-Q3,-3.9
Q,CLV_PCH_SM,SCA,B1GQ,ES,2009-Q4,-2.4
Q,CLV_PCH_SM,SCA,B1GQ,ES,2010-Q1,0.1
Q,CLV_PCH_SM,SCA,B1GQ,ES,2010-Q2,0.2
Q,CLV_PCH_SM,SCA,B1GQ,ES,2010-Q3,-0.1
Q,CLV_PCH_SM,SCA,B1GQ,ES,2010-Q4,0.1
Q,CLV_PCH_SM,SCA,B1GQ,ES,2011-Q1,0.1
Q,CLV_PCH_SM,SCA,B1GQ,ES,2011-Q2,-0.3
Q,CLV_PCH_SM,SCA,B1GQ,ES,2011-Q3,-0.8
Q,CLV_PCH_SM,SCA,B1GQ,ES,2011-Q4,-1.5
Q,CLV_PCH_SM,SCA,B1GQ,ES,2012-Q1,-2.4
Q,CLV_PCH_SM,SCA,B1GQ,ES,2012-Q2,-3
Q,CLV_PCH_SM,SCA,B1GQ,ES,2012-Q3,-2.9
Q,CLV_PCH_SM,SCA,B1GQ,ES,2012-Q4,-3.2
Q,CLV_PCH_SM,SCA,B1GQ,ES,2013-Q1,-2.5
Q,CLV_PCH_SM,SCA,B1GQ,ES,2013-Q2,-1.7
Q,CLV_PCH_SM,SCA,B1GQ,ES,2013-Q3,-1.3
Q,CLV_PCH_SM,SCA,B1GQ,ES,2013-Q4,-0.3
Q,CLV_PCH_SM,SCA,B1GQ,ES,2014-Q1,0.4
Q,CLV_PCH_SM,SCA,B1GQ,ES,2014-Q2,1
Q,CLV_PCH_SM,SCA,B1GQ,ES,2014-Q3,1.9
Q,CLV_PCH_SM,SCA,B1GQ,ES,2014-Q4,2.7
Q,CLV_PCH_SM,SCA,B1GQ,ES,2015-Q1,3.6
Q,CLV_PCH_SM,SCA,B1GQ,ES,2015-Q2,4.2
Q,CLV_PCH_SM,SCA,B1GQ,ES,2015-Q3,4.3
Q,CLV_PCH_SM,SCA,B1GQ,ES,2015-Q4,4.2
Q,CLV_PCH_SM,SCA,B1GQ,ES,2016-Q1,3.7
Q,CLV_PCH_SM,SCA,B1GQ,ES,2016-Q2,2.9
Q,CLV_PCH_SM,SCA,B1GQ,ES,2016-Q3,2.7
Q,CLV_PCH_SM,SCA,B1GQ,ES,2016-Q4,2.4
Q,CLV_PCH_SM,SCA,B1GQ,ES,2017-Q1,2.4
Q,CLV_PCH_SM,SCA,B1GQ,ES,2017-Q2,3.1
Q,CLV_PCH_SM,SCA,B1GQ,ES,2017-Q3,3
Q,CLV_PCH_SM,SCA,B1GQ,ES,2017-Q4,3
Q,CLV_PCH_SM,SCA,B1GQ,ES,2018-Q1,2.7
Q,CLV_PCH_SM,SCA,B1GQ,ES,2018-Q2,2.3
Q,CLV_PCH_SM,SCA,B1GQ,ES,2018-Q3,2.3
Q,CLV_PCH_SM,SCA,B1GQ,ES,2018-Q4,2.2
Q,CLV_PCH_SM,SCA,B1GQ,ES,2019-Q1,2.4
Q,CLV_PCH_SM,SCA,B1GQ,ES,2019-Q2,2.1
Q,CLV_PCH_SM,SCA,B1GQ,ES,2019-Q3,1.7
Q,CLV_PCH_SM,SCA,B1GQ,ES,2019-Q4,1.7
Q,CLV_PCH_SM,SCA,B1GQ,ES,2020-Q1,-4.2
Q,CLV_PCH_SM,SCA,B1GQ,ES,2020-Q2,-21.5
Q,CLV_PCH_SM,SCA,B1GQ,ES,2020-Q3,-9.1
Q,CLV_PCH_SM,SCA,B1GQ,ES,2020-Q4,-9
Q,CLV_PCH_SM,SCA,B1GQ,ES,2021-Q1,-2.9
Q,CLV_PCH_SM,SCA,B1GQ,ES,2021-Q2,19.8
Q,CLV_PCH_SM,SCA,B1GQ,ES,2021-Q3,5.4
Q,CLV_PCH_SM,SCA,B1GQ,ES,2021-Q4,6.7
Q,CLV_PCH_SM,SCA,B1GQ,ES,2022-Q1,7.1
Q,CLV_PCH_SM,SCA,B1GQ,ES,2022-Q2,7.5
Q,CLV_PCH_SM,SCA,B1GQ,ES,2022-Q3,6.3
Q,CLV_PCH_SM,SCA,B1GQ,ES,2022-Q4,4.7
Q,CLV_PCH_SM,SCA,B1GQ,ES,2023-Q1,3.5
Q,CLV_PCH_SM,SCA,B1GQ,ES,2023-Q2,1.9
Q,CLV_PCH_SM,SCA,B1GQ,ES,2023-Q3,1.9
Q,CLV_PCH_SM,SCA,B1GQ,ES,2023-Q4,2.2
Q,CLV_PCH_SM,SCA,B1GQ,ES,2024-Q1,3.1
Q,CLV_PCH_SM,SCA,B1GQ,ES,2024-Q2,4
Q,CLV_PCH_SM,SCA,B1GQ,ES,2024-Q3,3.9
Q,CLV_PCH_SM,SCA,B1GQ,ES,2024-Q4,3.7
Q,CLV_PCH_SM,SCA,B1GQ,ES,2025-Q1,2.9
Q,CLV_PCH_SM,SCA,B1GQ,ES,2025-Q2,2.6
Q,CLV_PCH_SM,SCA,B1GQ,ES,2025-Q3,2.4
Q,CLV_PCH_SM,SCA,B1GQ,ES,2025-Q4,2.5
Q,CLV_PCH_SM,SCA,B1GQ,ES,2026-Q1,2.6
Q,CLV_PCH_SM,SCA,B1GQ,ES,2026-Q2,2.6
Q,CLV_PCH_SM,SCA,B1GQ,FR,1978-Q1,
Q,CLV_PCH_SM,SCA,B1GQ,FR,1978-Q2,
Q,CLV_PCH_SM,SCA,B1GQ,FR,1978-Q3,
Q,CLV_PCH_SM,SCA,B1GQ,FR,1978-Q4,
Q,CLV_PCH_SM,SCA,B1GQ,FR,1979-Q1,
Q,CLV_PCH_SM,SCA,B1GQ,FR,1979-Q2,
Q,CLV_PCH_SM,SCA,B1GQ,FR,1979-Q3,
Q,CLV_PCH_SM,SCA,B1GQ,FR,1979-Q4,
Q,CLV_PCH_SM,SCA,B1GQ,FR,1980-Q1,
Q,CLV_PCH_SM,SCA,B1GQ,FR,1980-Q2,
Q,CLV_PCH_SM,SCA,B1GQ,FR,1980-Q3,
Q,CLV_PCH_SM,SCA,B1GQ,FR,1980-Q4,
Q,CLV_PCH_SM,SCA,B1GQ,FR,1981-Q1,-0.4
Q,CLV_PCH_SM,SCA,B1GQ,FR,1981-Q2,1.1
Q,CLV_PCH_SM,SCA,B1GQ,FR,1981-Q3,1.7
Q,CLV_PCH_SM,SCA,B1GQ,FR,1981-Q4,2.4
Q,CLV_PCH_SM,SCA,B1GQ,FR,1982-Q1,2.8
Q,CLV_PCH_SM,SCA,B1GQ,FR,1982-Q2,2.8
Q,CLV_PCH_SM,SCA,B1GQ,FR,1982-Q3,2
Q,CLV_PCH_SM,SCA,B1GQ,FR,1982-Q4,2
Q,CLV_PCH_SM,SCA,B1GQ,FR,1983-Q1,1.6
Q,CLV_PCH_SM,SCA,B1GQ,FR,1983-Q2,1
Q,CLV_PCH_SM,SCA,B1GQ,FR,1983-Q3,1.2
Q,CLV_PCH_SM,SCA,B1GQ,FR,1983-Q4,1.2
Q,CLV_PCH_SM,SCA,B1GQ,FR,1984-Q1,1.3
Q,CLV_PCH_SM,SCA,B1GQ,FR,1984-Q2,1.7
Q,CLV_PCH_SM,SCA,B1GQ,FR,1984-Q3,2.2
Q,CLV_PCH_SM,SCA,B1GQ,FR,1984-Q4,1.5
Q,CLV_PCH_SM,SCA,B1GQ,FR,1985-Q1,1.3
Q,CLV_PCH_SM,SCA,B1GQ,FR,1985-Q2,1.6
Q,CLV_PCH_SM,SCA,B1GQ,FR,1985-Q3,1.6
Q,CLV_PCH_SM,SCA,B1GQ,FR,1985-Q4,2.2
Q,CLV_PCH_SM,SCA,B1GQ,FR,1986-Q1,2.2
Q,CLV_PCH_SM,SCA,B1GQ,FR,1986-Q2,2.5
Q,CLV_PCH_SM,SCA,B1GQ,FR,1986-Q3,2.5
Q,CLV_PCH_SM,SCA,B1GQ,FR,1986-Q4,2.1
Q,CLV_PCH_SM,SCA,B1GQ,FR,1987-Q1,1.9
Q,CLV_PCH_SM,SCA,B1GQ,FR,1987-Q2,2.3
Q,CLV_PCH_SM,SCA,B1GQ,FR,1987-Q3,2.4
Q,CLV_PCH_SM,SCA,B1GQ,FR,1987-Q4,3.8
Q,CLV_PCH_SM,SCA,B1GQ,FR,1988-Q1,5
Q,CLV_PCH_SM,SCA,B1GQ,FR,1988-Q2,4.4
Q,CLV_PCH_SM,SCA,B1GQ,FR,1988-Q3,5
Q,CLV_PCH_SM,SCA,B1GQ,FR,1988-Q4,4.3
Q,CLV_PCH_SM,SCA,B1GQ,FR,1989-Q1,4.3
Q,CLV_PCH_SM,SCA,B1GQ,FR,1989-Q2,4.6
Q,CLV_PCH_SM,SCA,B1GQ,FR,1989-Q3,4.4
Q,CLV_PCH_SM,SCA,B1GQ,FR,1989-Q4,5
Q,CLV_PCH_SM,SCA,B1GQ,FR,1990-Q1,3.8
Q,CLV_PCH_SM,SCA,B1GQ,FR,1990-Q2,3.3
Q,CLV_PCH_SM,SCA,B1GQ,FR,1990-Q3,2.8
Q,CLV_PCH_SM,SCA,B1GQ,FR,1990-Q4,1.4
Q,CLV_PCH_SM,SCA,B1GQ,FR,1991-Q1,1.4
Q,CLV_PCH_SM,SCA,B1GQ,FR,1991-Q2,1.2
Q,CLV_PCH_SM,SCA,B1GQ,FR,1991-Q3,1
Q,CLV_PCH_SM,SCA,B1GQ,FR,1991-Q4,1.5
Q,CLV_PCH_SM,SCA,B1GQ,FR,1992-Q1,2
Q,CLV_PCH_SM,SCA,B1GQ,FR,1992-Q2,1.7
Q,CLV_PCH_SM,SCA,B1GQ,FR,1992-Q3,1.2
Q,CLV_PCH_SM,SCA,B1GQ,FR,1992-Q4,0.7
Q,CLV_PCH_SM,SCA,B1GQ,FR,1993-Q1,-0.5
Q,CLV_PCH_SM,SCA,B1GQ,FR,1993-Q2,-0.6
Q,CLV_PCH_SM,SCA,B1GQ,FR,1993-Q3,-0.4
Q,CLV_PCH_SM,SCA,B1GQ,FR,1993-Q4,-0.2
Q,CLV_PCH_SM,SCA,B1GQ,FR,1994-Q1,1.1
Q,CLV_PCH_SM,SCA,B1GQ,FR,1994-Q2,2.1
Q,CLV_PCH_SM,SCA,B1GQ,FR,1994-Q3,2.9
Q,CLV_PCH_SM,SCA,B1GQ,FR,1994-Q4,3.6
Q,CLV_PCH_SM,SCA,B1GQ,FR,1995-Q1,3.4
Q,CLV_PCH_SM,SCA,B1GQ,FR,1995-Q2,3
Q,CLV_PCH_SM,SCA,B1GQ,FR,1995-Q3,2.2
Q,CLV_PCH_SM,SCA,B1GQ,FR,1995-Q4,1.2
Q,CLV_PCH_SM,SCA,B1GQ,FR,1996-Q1,1.5
Q,CLV_PCH_SM,SCA,B1GQ,FR,1996-Q2,1
Q,CLV_PCH_SM,SCA,B1GQ,FR,1996-Q3,1.2
Q,CLV_PCH_SM,SCA,B1GQ,FR,1996-Q4,1.7
Q,CLV_PCH_SM,SCA,B1GQ,FR,1997-Q1,1.4
Q,CLV_PCH_SM,SCA,B1GQ,FR,1997-Q2,2.3
Q,CLV_PCH_SM,SCA,B1GQ,FR,1997-Q3,2.9
Q,CLV_PCH_SM,SCA,B1GQ,FR,1997-Q4,3.5
Q,CLV_PCH_SM,SCA,B1GQ,FR,1998-Q1,4.1
Q,CLV_PCH_SM,SCA,B1GQ,FR,1998-Q2,3.7
Q,CLV_PCH_SM,SCA,B1GQ,FR,1998-Q3,3.2
Q,CLV_PCH_SM,SCA,B1GQ,FR,1998-Q4,2.9
Q,CLV_PCH_SM,SCA,B1GQ,FR,1999-Q1,2.6
Q,CLV_PCH_SM,SCA,B1GQ,FR,1999-Q2,2.6
Q,CLV_PCH_SM,SCA,B1GQ,FR,1999-Q3,3.5
Q,CLV_PCH_SM,SCA,B1GQ,FR,1999-Q4,4.3
Q,CLV_PCH_SM,SCA,B1GQ,FR,2000-Q1,4.6
Q,CLV_PCH_SM,SCA,B1GQ,FR,2000-Q2,5.1
Q,CLV_PCH_SM,SCA,B1GQ,FR,2000-Q3,4.4
Q,CLV_PCH_SM,SCA,B1GQ,FR,2000-Q4,3.5
Q,CLV_PCH_SM,SCA,B1GQ,FR,2001-Q1,3.1
Q,CLV_PCH_SM,SCA,B1GQ,FR,2001-Q2,1.9
Q,CLV_PCH_SM,SCA,B1GQ,FR,2001-Q3,1.7
Q,CLV_PCH_SM,SCA,B1GQ,FR,2001-Q4,0.7
Q,CLV_PCH_SM,SCA,B1GQ,FR,2002-Q1,0.8
Q,CLV_PCH_SM,SCA,B1GQ,FR,2002-Q2,1.2
Q,CLV_PCH_SM,SCA,B1GQ,FR,2002-Q3,1
Q,CLV_PCH_SM,SCA,B1GQ,FR,2002-Q4,1.5
Q,CLV_PCH_SM,SCA,B1GQ,FR,2003-Q1,1.2
Q,CLV_PCH_SM,SCA,B1GQ,FR,2003-Q2,0.3
Q,CLV_PCH_SM,SCA,B1GQ,FR,2003-Q3,1
Q,CLV_PCH_SM,SCA,B1GQ,FR,2003-Q4,1.3
Q,CLV_PCH_SM,SCA,B1GQ,FR,2004-Q1,2.1
Q,CLV_PCH_SM,SCA,B1GQ,FR,2004-Q2,3
Q,CLV_PCH_SM,SCA,B1GQ,FR,2004-Q3,2.2
Q,CLV_PCH_SM,SCA,B1GQ,FR,2004-Q4,2.8
Q,CLV_PCH_SM,SCA,B1GQ,FR,2005-Q1,2
Q,CLV_PCH_SM,SCA,B1GQ,FR,2005-Q2,1.8
Q,CLV_PCH_SM,SCA,B1GQ,FR,2005-Q3,2.2
Q,CLV_PCH_SM,SCA,B1GQ,FR,2005-Q4,2
Q,CLV_PCH_SM,SCA,B1GQ,FR,2006-Q1,2.6
Q,CLV_PCH_SM,SCA,B1GQ,FR,2006-Q2,3.6
Q,CLV_PCH_SM,SCA,B1GQ,FR,2006-Q3,2.9
Q,CLV_PCH_SM,SCA,B1GQ,FR,2006-Q4,2.7
Q,CLV_PCH_SM,SCA,B1GQ,FR,2007-Q1,2.9
Q,CLV_PCH_SM,SCA,B1GQ,FR,2007-Q2,2.3
Q,CLV_PCH_SM,SCA,B1GQ,FR,2007-Q3,2.6
Q,CLV_PCH_SM,SCA,B1GQ,FR,2007-Q4,2.1
Q,CLV_PCH_SM,SCA,B1GQ,FR,2008-Q1,1.9
Q,CLV_PCH_SM,SCA,B1GQ,FR,2008-Q2,0.5
Q,CLV_PCH_SM,SCA,B1GQ,FR,2008-Q3,0
Q,CLV_PCH_SM,SCA,B1GQ,FR,2008-Q4,-1.4
Q,CLV_PCH_SM,SCA,B1GQ,FR,2009-Q1,-4.1
Q,CLV_PCH_SM,SCA,B1GQ,FR,2009-Q2,-3.2
Q,CLV_PCH_SM,SCA,B1GQ,FR,2009-Q3,-2.8
Q,CLV_PCH_SM,SCA,B1GQ,FR,2009-Q4,-0.8
Q,CLV_PCH_SM,SCA,B1GQ,FR,2010-Q1,1.4
Q,CLV_PCH_SM,SCA,B1GQ,FR,2010-Q2,1.7
Q,CLV_PCH_SM,SCA,B1GQ,FR,2010-Q3,2.2
Q,CLV_PCH_SM,SCA,B1GQ,FR,2010-Q4,2
Q,CLV_PCH_SM,SCA,B1GQ,FR,2011-Q1,3.1
Q,CLV_PCH_SM,SCA,B1GQ,FR,2011-Q2,2.6
Q,CLV_PCH_SM,SCA,B1GQ,FR,2011-Q3,2.2
Q,CLV_PCH_SM,SCA,B1GQ,FR,2011-Q4,2
Q,CLV_PCH_SM,SCA,B1GQ,FR,2012-Q1,0.6
Q,CLV_PCH_SM,SCA,B1GQ,FR,2012-Q2,0.2
Q,CLV_PCH_SM,SCA,B1GQ,FR,2012-Q3,0.2
Q,CLV_PCH_SM,SCA,B1GQ,FR,2012-Q4,-0.2
Q,CLV_PCH_SM,SCA,B1GQ,FR,2013-Q1,0.1
Q,CLV_PCH_SM,SCA,B1GQ,FR,2013-Q2,1.4
Q,CLV_PCH_SM,SCA,B1GQ,FR,2013-Q3,0.8
Q,CLV_PCH_SM,SCA,B1GQ,FR,2013-Q4,1.5
Q,CLV_PCH_SM,SCA,B1GQ,FR,2014-Q1,1.3
Q,CLV_PCH_SM,SCA,B1GQ,FR,2014-Q2,0.6
Q,CLV_PCH_SM,SCA,B1GQ,FR,2014-Q3,1.5
Q,CLV_PCH_SM,SCA,B1GQ,FR,2014-Q4,0.6
Q,CLV_PCH_SM,SCA,B1GQ,FR,2015-Q1,1.2
Q,CLV_PCH_SM,SCA,B1GQ,FR,2015-Q2,1
Q,CLV_PCH_SM,SCA,B1GQ,FR,2015-Q3,0.6
Q,CLV_PCH_SM,SCA,B1GQ,FR,2015-Q4,1.2
Q,CLV_PCH_SM,SCA,B1GQ,FR,2016-Q1,0.9
Q,CLV_PCH_SM,SCA,B1GQ,FR,2016-Q2,0.6
Q,CLV_PCH_SM,SCA,B1GQ,FR,2016-Q3,0.5
Q,CLV_PCH_SM,SCA,B1GQ,FR,2016-Q4,0.9
Q,CLV_PCH_SM,SCA,B1GQ,FR,2017-Q1,1.2
Q,CLV_PCH_SM,SCA,B1GQ,FR,2017-Q2,2.2
Q,CLV_PCH_SM,SCA,B1GQ,FR,2017-Q3,2.8
Q,CLV_PCH_SM,SCA,B1GQ,FR,2017-Q4,2.8
Q,CLV_PCH_SM,SCA,B1GQ,FR,2018-Q1,2
Q,CLV_PCH_SM,SCA,B1GQ,FR,2018-Q2,1.5
Q,CLV_PCH_SM,SCA,B1GQ,FR,2018-Q3,1.3
Q,CLV_PCH_SM,SCA,B1GQ,FR,2018-Q4,1.4
Q,CLV_PCH_SM,SCA,B1GQ,FR,2019-Q1,2.5
Q,CLV_PCH_SM,SCA,B1GQ,FR,2019-Q2,2.7
Q,CLV_PCH_SM,SCA,B1GQ,FR,2019-Q3,2.2
Q,CLV_PCH_SM,SCA,B1GQ,FR,2019-Q4,1
Q,CLV_PCH_SM,SCA,B1GQ,FR,2020-Q1,-5
Q,CLV_PCH_SM,SCA,B1GQ,FR,2020-Q2,-17
Q,CLV_PCH_SM,SCA,B1GQ,FR,2020-Q3,-4.5
Q,CLV_PCH_SM,SCA,B1GQ,FR,2020-Q4,-4
Q,CLV_PCH_SM,SCA,B1GQ,FR,2021-Q1,1.5
Q,CLV_PCH_SM,SCA,B1GQ,FR,2021-Q2,17.1
Q,CLV_PCH_SM,SCA,B1GQ,FR,2021-Q3,4.7
Q,CLV_PCH_SM,SCA,B1GQ,FR,2021-Q4,5.2
Q,CLV_PCH_SM,SCA,B1GQ,FR,2022-Q1,4.7
Q,CLV_PCH_SM,SCA,B1GQ,FR,2022-Q2,3.9
Q,CLV_PCH_SM,SCA,B1GQ,FR,2022-Q3,1.4
Q,CLV_PCH_SM,SCA,B1GQ,FR,2022-Q4,1.3
Q,CLV_PCH_SM,SCA,B1GQ,FR,2023-Q1,1.5
Q,CLV_PCH_SM,SCA,B1GQ,FR,2023-Q2,2
Q,CLV_PCH_SM,SCA,B1GQ,FR,2023-Q3,1.9
Q,CLV_PCH_SM,SCA,B1GQ,FR,2023-Q4,2
Q,CLV_PCH_SM,SCA,B1GQ,FR,2024-Q1,2.1
Q,CLV_PCH_SM,SCA,B1GQ,FR,2024-Q2,1.3
Q,CLV_PCH_SM,SCA,B1GQ,FR,2024-Q3,1.4
Q,CLV_PCH_SM,SCA,B1GQ,FR,2024-Q4,0.9
Q,CLV_PCH_SM,SCA,B1GQ,FR,2025-Q1,0.8
Q,CLV_PCH_SM,SCA,B1GQ,FR,2025-Q2,0.8
Q,CLV_PCH_SM,SCA,B1GQ,FR,2025-Q3,0.8
Q,CLV_PCH_SM,SCA,B1GQ,FR,2025-Q4,1.1
Q,CLV_PCH_SM,SCA,B1GQ,FR,2026-Q1,0.7
Q,CLV_PCH_SM,SCA,B1GQ,FR,2026-Q2,0.5
Q,CLV_PCH_SM,SCA,B1GQ,HR,1978-Q1,
Q,CLV_PCH_SM,SCA,B1GQ,HR,1978-Q2,
Q,CLV_PCH_SM,SCA,B1GQ,HR,1978-Q3,
Q,CLV_PCH_SM,SCA,B1GQ,HR,1978-Q4,
Q,CLV_PCH_SM,SCA,B1GQ,HR,1979-Q1,
Q,CLV_PCH_SM,SCA,B1GQ,HR,1979-Q2,
Q,CLV_PCH_SM,SCA,B1GQ,HR,1979-Q3,
Q,CLV_PCH_SM,SCA,B1GQ,HR,1979-Q4,
Q,CLV_PCH_SM,SCA,B1GQ,HR,1980-Q1,
Q,CLV_PCH_SM,SCA,B1GQ,HR,1980-Q2,
Q,CLV_PCH_SM,SCA,B1GQ,HR,1980-Q3,
Q,CLV_PCH_SM,SCA,B1GQ,HR,1980-Q4,
Q,CLV_PCH_SM,SCA,B1GQ,HR,1981-Q1,
Q,CLV_PCH_SM,SCA,B1GQ,HR,1981-Q2,
Q,CLV_PCH_SM,SCA,B1GQ,HR,1981-Q3,
Q,CLV_PCH_SM,SCA,B1GQ,HR,1981-Q4,
Q,CLV_PCH_SM,SCA,B1GQ,HR,1982-Q1,
Q,CLV_PCH_SM,SCA,B1GQ,HR,1982-Q2,
Q,CLV_PCH_SM,SCA,B1GQ,HR,1982-Q3,
Q,CLV_PCH_SM,SCA,B1GQ,HR,1982-Q4,
Q,CLV_PCH_SM,SCA,B1GQ,HR,1983-Q1,
Q,CLV_PCH_SM,SCA,B1GQ,HR,1983-Q2,
Q,CLV_PCH_SM,SCA,B1GQ,HR,1983-Q3,
Q,CLV_PCH_SM,SCA,B1GQ,HR,1983-Q4,
Q,CLV_PCH_SM,SCA,B1GQ,HR,1984-Q1,
Q,CLV_PCH_SM,SCA,B1GQ,HR,1984-Q2,
Q,CLV_PCH_SM,SCA,B1GQ,HR,1984-Q3,
Q,CLV_PCH_SM,SCA,B1GQ,HR,1984-Q4,
Q,CLV_PCH_SM,SCA,B1GQ,HR,1985-Q1,
Q,CLV_PCH_SM,SCA,B1GQ,HR,1985-Q2,
Q,CLV_PCH_SM,SCA,B1GQ,HR,1985-Q3,
Q,CLV_PCH_SM,SCA,B1GQ,HR,1985-Q4,
Q,CLV_PCH_SM,SCA,B1GQ,HR,1986-Q1,
Q,CLV_PCH_SM,SCA,B1GQ,HR,1986-Q2,
Q,CLV_PCH_SM,SCA,B1GQ,HR,1986-Q3,
Q,CLV_PCH_SM,SCA,B1GQ,HR,1986-Q4,
Q,CLV_PCH_SM,SCA,B1GQ,HR,1987-Q1,
Q,CLV_PCH_SM,SCA,B1GQ,HR,1987-Q2,
Q,CLV_PCH_SM,SCA,B1GQ,HR,1987-Q3,
Q,CLV_PCH_SM,SCA,B1GQ,HR,1987-Q4,
Q,CLV_PCH_SM,SCA,B1GQ,HR,1988-Q1,
Q,CLV_PCH_SM,SCA,B1GQ,HR,1988-Q2,
Q,CLV_PCH_SM,SCA,B1GQ,HR,1988-Q3,
Q,CLV_PCH_SM,SCA,B1GQ,HR,1988-Q4,
Q,CLV_PCH_SM,SCA,B1GQ,HR,1989-Q1,
Q,CLV_PCH_SM,SCA,B1GQ,HR,1989-Q2,
Q,CLV_PCH_SM,SCA,B1GQ,HR,1989-Q3,
Q,CLV_PCH_SM,SCA,B1GQ,HR,1989-Q4,
Q,CLV_PCH_SM,SCA,B1GQ,HR,1990-Q1,
Q,CLV_PCH_SM,SCA,B1GQ,HR,1990-Q2,
Q,CLV_PCH_SM,SCA,B1GQ,HR,1990-Q3,
Q,CLV_PCH_SM,SCA,B1GQ,HR,1990-Q4,
Q,CLV_PCH_SM,SCA,B1GQ,HR,1991-Q1,
Q,CLV_PCH_SM,SCA,B1GQ,HR,1991-Q2,
Q,CLV_PCH_SM,SCA,B1GQ,HR,1991-Q3,
Q,CLV_PCH_SM,SCA,B1GQ,HR,1991-Q4,
Q,CLV_PCH_SM,SCA,B1GQ,HR,1992-Q1,
Q,CLV_PCH_SM,SCA,B1GQ,HR,1992-Q2,
Q,CLV_PCH_SM,SCA,B1GQ,HR,1992-Q3,
Q,CLV_PCH_SM,SCA,B1GQ,HR,1992-Q4,
Q,CLV_PCH_SM,SCA,B1GQ,HR,1993-Q1,
Q,CLV_PCH_SM,SCA,B1GQ,HR,1993-Q2,
Q,CLV_PCH_SM,SCA,B1GQ,HR,1993-Q3,
Q,CLV_PCH_SM,SCA,B1GQ,HR,1993-Q4,
Q,CLV_PCH_SM,SCA,B1GQ,HR,1994-Q1,
Q,CLV_PCH_SM,SCA,B1GQ,HR,1994-Q2,
Q,CLV_PCH_SM,SCA,B1GQ,HR,1994-Q3,
Q,CLV_PCH_SM,SCA,B1GQ,HR,1994-Q4,
Q,CLV_PCH_SM,SCA,B1GQ,HR,1995-Q1,
Q,CLV_PCH_SM,SCA,B1GQ,HR,1995-Q2,
Q,CLV_PCH_SM,SCA,B1GQ,HR,1995-Q3,
Q,CLV_PCH_SM,SCA,B1GQ,HR,1995-Q4,
Q,CLV_PCH_SM,SCA,B1GQ,HR,1996-Q1,7.4
Q,CLV_PCH_SM,SCA,B1GQ,HR,1996-Q2,6.7
Q,CLV_PCH_SM,SCA,B1GQ,HR,1996-Q3,6.4
Q,CLV_PCH_SM,SCA,B1GQ,HR,1996-Q4,4
Q,CLV_PCH_SM,SCA,B1GQ,HR,1997-Q1,1.9
Q,CLV_PCH_SM,SCA,B1GQ,HR,1997-Q2,6.2
Q,CLV_PCH_SM,SCA,B1GQ,HR,1997-Q3,11
Q,CLV_PCH_SM,SCA,B1GQ,HR,1997-Q4,5.1
Q,CLV_PCH_SM,SCA,B1GQ,HR,1998-Q1,3.2
Q,CLV_PCH_SM,SCA,B1GQ,HR,1998-Q2,1.4
Q,CLV_PCH_SM,SCA,B1GQ,HR,1998-Q3,1.8
Q,CLV_PCH_SM,SCA,B1GQ,HR,1998-Q4,2.9
Q,CLV_PCH_SM,SCA,B1GQ,HR,1999-Q1,0.4
Q,CLV_PCH_SM,SCA,B1GQ,HR,1999-Q2,0.9
Q,CLV_PCH_SM,SCA,B1GQ,HR,1999-Q3,-2
Q,CLV_PCH_SM,SCA,B1GQ,HR,1999-Q4,-2.1
Q,CLV_PCH_SM,SCA,B1GQ,HR,2000-Q1,3.9
Q,CLV_PCH_SM,SCA,B1GQ,HR,2000-Q2,1
Q,CLV_PCH_SM,SCA,B1GQ,HR,2000-Q3,3.2
Q,CLV_PCH_SM,SCA,B1GQ,HR,2000-Q4,3.7
Q,CLV_PCH_SM,SCA,B1GQ,HR,2001-Q1,1.7
Q,CLV_PCH_SM,SCA,B1GQ,HR,2001-Q2,3.7
Q,CLV_PCH_SM,SCA,B1GQ,HR,2001-Q3,3.4
Q,CLV_PCH_SM,SCA,B1GQ,HR,2001-Q4,3.4
Q,CLV_PCH_SM,SCA,B1GQ,HR,2002-Q1,4.5
Q,CLV_PCH_SM,SCA,B1GQ,HR,2002-Q2,4.9
Q,CLV_PCH_SM,SCA,B1GQ,HR,2002-Q3,6.3
Q,CLV_PCH_SM,SCA,B1GQ,HR,2002-Q4,7.1
Q,CLV_PCH_SM,SCA,B1GQ,HR,2003-Q1,6.3
Q,CLV_PCH_SM,SCA,B1GQ,HR,2003-Q2,6.4
Q,CLV_PCH_SM,SCA,B1GQ,HR,2003-Q3,5
Q,CLV_PCH_SM,SCA,B1GQ,HR,2003-Q4,4.6
Q,CLV_PCH_SM,SCA,B1GQ,HR,2004-Q1,4.8
Q,CLV_PCH_SM,SCA,B1GQ,HR,2004-Q2,3.5
Q,CLV_PCH_SM,SCA,B1GQ,HR,2004-Q3,3.7
Q,CLV_PCH_SM,SCA,B1GQ,HR,2004-Q4,4.6
Q,CLV_PCH_SM,SCA,B1GQ,HR,2005-Q1,1.6
Q,CLV_PCH_SM,SCA,B1GQ,HR,2005-Q2,5.3
Q,CLV_PCH_SM,SCA,B1GQ,HR,2005-Q3,5.5
Q,CLV_PCH_SM,SCA,B1GQ,HR,2005-Q4,4.6
Q,CLV_PCH_SM,SCA,B1GQ,HR,2006-Q1,6.6
Q,CLV_PCH_SM,SCA,B1GQ,HR,2006-Q2,4.2
Q,CLV_PCH_SM,SCA,B1GQ,HR,2006-Q3,4.7
Q,CLV_PCH_SM,SCA,B1GQ,HR,2006-Q4,4.8
Q,CLV_PCH_SM,SCA,B1GQ,HR,2007-Q1,6.6
Q,CLV_PCH_SM,SCA,B1GQ,HR,2007-Q2,5.9
Q,CLV_PCH_SM,SCA,B1GQ,HR,2007-Q3,4.6
Q,CLV_PCH_SM,SCA,B1GQ,HR,2007-Q4,3.1
Q,CLV_PCH_SM,SCA,B1GQ,HR,2008-Q1,3.7
Q,CLV_PCH_SM,SCA,B1GQ,HR,2008-Q2,3.2
Q,CLV_PCH_SM,SCA,B1GQ,HR,2008-Q3,1.4
Q,CLV_PCH_SM,SCA,B1GQ,HR,2008-Q4,-0.5
Q,CLV_PCH_SM,SCA,B1GQ,HR,2009-Q1,-7.6
Q,CLV_PCH_SM,SCA,B1GQ,HR,2009-Q2,-7.7
Q,CLV_PCH_SM,SCA,B1GQ,HR,2009-Q3,-7.4
Q,CLV_PCH_SM,SCA,B1GQ,HR,2009-Q4,-4.4
Q,CLV_PCH_SM,SCA,B1GQ,HR,2010-Q1,-0.9
Q,CLV_PCH_SM,SCA,B1GQ,HR,2010-Q2,-2.4
Q,CLV_PCH_SM,SCA,B1GQ,HR,2010-Q3,0
Q,CLV_PCH_SM,SCA,B1GQ,HR,2010-Q4,-2
Q,CLV_PCH_SM,SCA,B1GQ,HR,2011-Q1,-1.3
Q,CLV_PCH_SM,SCA,B1GQ,HR,2011-Q2,1.5
Q,CLV_PCH_SM,SCA,B1GQ,HR,2011-Q3,-0.4
Q,CLV_PCH_SM,SCA,B1GQ,HR,2011-Q4,0
Q,CLV_PCH_SM,SCA,B1GQ,HR,2012-Q1,-0.7
Q,CLV_PCH_SM,SCA,B1GQ,HR,2012-Q2,-3.2
Q,CLV_PCH_SM,SCA,B1GQ,HR,2012-Q3,-2.3
Q,CLV_PCH_SM,SCA,B1GQ,HR,2012-Q4,-2.4
Q,CLV_PCH_SM,SCA,B1GQ,HR,2013-Q1,-0.9
Q,CLV_PCH_SM,SCA,B1GQ,HR,2013-Q2,0.5
Q,CLV_PCH_SM,SCA,B1GQ,HR,2013-Q3,-0.2
Q,CLV_PCH_SM,SCA,B1GQ,HR,2013-Q4,0.1
Q,CLV_PCH_SM,SCA,B1GQ,HR,2014-Q1,-0.8
Q,CLV_PCH_SM,SCA,B1GQ,HR,2014-Q2,-0.7
Q,CLV_PCH_SM,SCA,B1GQ,HR,2014-Q3,-0.8
Q,CLV_PCH_SM,SCA,B1GQ,HR,2014-Q4,0.2
Q,CLV_PCH_SM,SCA,B1GQ,HR,2015-Q1,1.7
Q,CLV_PCH_SM,SCA,B1GQ,HR,2015-Q2,1.6
Q,CLV_PCH_SM,SCA,B1GQ,HR,2015-Q3,3.9
Q,CLV_PCH_SM,SCA,B1GQ,HR,2015-Q4,1.7
Q,CLV_PCH_SM,SCA,B1GQ,HR,2016-Q1,4.5
Q,CLV_PCH_SM,SCA,B1GQ,HR,2016-Q2,3.1
Q,CLV_PCH_SM,SCA,B1GQ,HR,2016-Q3,1.9
Q,CLV_PCH_SM,SCA,B1GQ,HR,2016-Q4,4.8
Q,CLV_PCH_SM,SCA,B1GQ,HR,2017-Q1,2.3
Q,CLV_PCH_SM,SCA,B1GQ,HR,2017-Q2,3.4
Q,CLV_PCH_SM,SCA,B1GQ,HR,2017-Q3,4.1
Q,CLV_PCH_SM,SCA,B1GQ,HR,2017-Q4,3.1
Q,CLV_PCH_SM,SCA,B1GQ,HR,2018-Q1,2.1
Q,CLV_PCH_SM,SCA,B1GQ,HR,2018-Q2,3.8
Q,CLV_PCH_SM,SCA,B1GQ,HR,2018-Q3,2.8
Q,CLV_PCH_SM,SCA,B1GQ,HR,2018-Q4,2.9
Q,CLV_PCH_SM,SCA,B1GQ,HR,2019-Q1,4.7
Q,CLV_PCH_SM,SCA,B1GQ,HR,2019-Q2,3.3
Q,CLV_PCH_SM,SCA,B1GQ,HR,2019-Q3,2.8
Q,CLV_PCH_SM,SCA,B1GQ,HR,2019-Q4,2
Q,CLV_PCH_SM,SCA,B1GQ,HR,2020-Q1,-1.4
Q,CLV_PCH_SM,SCA,B1GQ,HR,2020-Q2,-15.6
Q,CLV_PCH_SM,SCA,B1GQ,HR,2020-Q3,-11.1
Q,CLV_PCH_SM,SCA,B1GQ,HR,2020-Q4,-3.5
Q,CLV_PCH_SM,SCA,B1GQ,HR,2021-Q1,3.5
Q,CLV_PCH_SM,SCA,B1GQ,HR,2021-Q2,19.7
Q,CLV_PCH_SM,SCA,B1GQ,HR,2021-Q3,16.1
Q,CLV_PCH_SM,SCA,B1GQ,HR,2021-Q4,10.7
Q,CLV_PCH_SM,SCA,B1GQ,HR,2022-Q1,7.9
Q,CLV_PCH_SM,SCA,B1GQ,HR,2022-Q2,9.4
Q,CLV_PCH_SM,SCA,B1GQ,HR,2022-Q3,8.2
Q,CLV_PCH_SM,SCA,B1GQ,HR,2022-Q4,3.7
Q,CLV_PCH_SM,SCA,B1GQ,HR,2023-Q1,2.6
Q,CLV_PCH_SM,SCA,B1GQ,HR,2023-Q2,3.7
Q,CLV_PCH_SM,SCA,B1GQ,HR,2023-Q3,2.9
Q,CLV_PCH_SM,SCA,B1GQ,HR,2023-Q4,5.7
Q,CLV_PCH_SM,SCA,B1GQ,HR,2024-Q1,4.1
Q,CLV_PCH_SM,SCA,B1GQ,HR,2024-Q2,3.4
Q,CLV_PCH_SM,SCA,B1GQ,HR,2024-Q3,4.4
Q,CLV_PCH_SM,SCA,B1GQ,HR,2024-Q4,3.3
Q,CLV_PCH_SM,SCA,B1GQ,HR,2025-Q1,3.9
Q,CLV_PCH_SM,SCA,B1GQ,HR,2025-Q2,3.6
Q,CLV_PCH_SM,SCA,B1GQ,HR,2025-Q3,2.9
Q,CLV_PCH_SM,SCA,B1GQ,HR,2025-Q4,3.4
Q,CLV_PCH_SM,SCA,B1GQ,HR,2026-Q1,2.3
Q,CLV_PCH_SM,SCA,B1GQ,HR,2026-Q2,1.7
Q,CLV_PCH_SM,SCA,B1GQ,IT,1978-Q1,
Q,CLV_PCH_SM,SCA,B1GQ,IT,1978-Q2,
Q,CLV_PCH_SM,SCA,B1GQ,IT,1978-Q3,
Q,CLV_PCH_SM,SCA,B1GQ,IT,1978-Q4,
Q,CLV_PCH_SM,SCA,B1GQ,IT,1979-Q1,
Q,CLV_PCH_SM,SCA,B1GQ,IT,1979-Q2,
Q,CLV_PCH_SM,SCA,B1GQ,IT,1979-Q3,
Q,CLV_PCH_SM,SCA,B1GQ,IT,1979-Q4,
Q,CLV_PCH_SM,SCA,B1GQ,IT,1980-Q1,
Q,CLV_PCH_SM,SCA,B1GQ,IT,1980-Q2,
Q,CLV_PCH_SM,SCA,B1GQ,IT,1980-Q3,
Q,CLV_PCH_SM,SCA,B1GQ,IT,1980-Q4,
Q,CLV_PCH_SM,SCA,B1GQ,IT,1981-Q1,
Q,CLV_PCH_SM,SCA,B1GQ,IT,1981-Q2,
Q,CLV_PCH_SM,SCA,B1GQ,IT,1981-Q3,
Q,CLV_PCH_SM,SCA,B1GQ,IT,1981-Q4,
Q,CLV_PCH_SM,SCA,B1GQ,IT,1982-Q1,
Q,CLV_PCH_SM,SCA,B1GQ,IT,1982-Q2,
Q,CLV_PCH_SM,SCA,B1GQ,IT,1982-Q3,
Q,CLV_PCH_SM,SCA,B1GQ,IT,1982-Q4,
Q,CLV_PCH_SM,SCA,B1GQ,IT,1983-Q1,
Q,CLV_PCH_SM,SCA,B1GQ,IT,1983-Q2,
Q,CLV_PCH_SM,SCA,B1GQ,IT,1983-Q3,
Q,CLV_PCH_SM,SCA,B1GQ,IT,1983-Q4,
Q,CLV_PCH_SM,SCA,B1GQ,IT,1984-Q1,
Q,CLV_PCH_SM,SCA,B1GQ,IT,1984-Q2,
Q,CLV_PCH_SM,SCA,B1GQ,IT,1984-Q3,
Q,CLV_PCH_SM,SCA,B1GQ,IT,1984-Q4,
Q,CLV_PCH_SM,SCA,B1GQ,IT,1985-Q1,
Q,CLV_PCH_SM,SCA,B1GQ,IT,1985-Q2,
Q,CLV_PCH_SM,SCA,B1GQ,IT,1985-Q3,
Q,CLV_PCH_SM,SCA,B1GQ,IT,1985-Q4,
Q,CLV_PCH_SM,SCA,B1GQ,IT,1986-Q1,
Q,CLV_PCH_SM,SCA,B1GQ,IT,1986-Q2,
Q,CLV_PCH_SM,SCA,B1GQ,IT,1986-Q3,
Q,CLV_PCH_SM,SCA,B1GQ,IT,1986-Q4,
Q,CLV_PCH_SM,SCA,B1GQ,IT,1987-Q1,
Q,CLV_PCH_SM,SCA,B1GQ,IT,1987-Q2,
Q,CLV_PCH_SM,SCA,B1GQ,IT,1987-Q3,
Q,CLV_PCH_SM,SCA,B1GQ,IT,1987-Q4,
Q,CLV_PCH_SM,SCA,B1GQ,IT,1988-Q1,
Q,CLV_PCH_SM,SCA,B1GQ,IT,1988-Q2,
Q,CLV_PCH_SM,SCA,B1GQ,IT,1988-Q3,
Q,CLV_PCH_SM,SCA,B1GQ,IT,1988-Q4,
Q,CLV_PCH_SM,SCA,B1GQ,IT,1989-Q1,
Q,CLV_PCH_SM,SCA,B1GQ,IT,1989-Q2,
Q,CLV_PCH_SM,SCA,B1GQ,IT,1989-Q3,
Q,CLV_PCH_SM,SCA,B1GQ,IT,1989-Q4,
Q,CLV_PCH_SM,SCA,B1GQ,IT,1990-Q1,
Q,CLV_PCH_SM,SCA,B1GQ,IT,1990-Q2,
Q,CLV_PCH_SM,SCA,B1GQ,IT,1990-Q3,
Q,CLV_PCH_SM,SCA,B1GQ,IT,1990-Q4,
Q,CLV_PCH_SM,SCA,B1GQ,IT,1991-Q1,
Q,CLV_PCH_SM,SCA,B1GQ,IT,1991-Q2,
Q,CLV_PCH_SM,SCA,B1GQ,IT,1991-Q3,
Q,CLV_PCH_SM,SCA,B1GQ,IT,1991-Q4,
Q,CLV_PCH_SM,SCA,B1GQ,IT,1992-Q1,
Q,CLV_PCH_SM,SCA,B1GQ,IT,1992-Q2,
Q,CLV_PCH_SM,SCA,B1GQ,IT,1992-Q3,
Q,CLV_PCH_SM,SCA,B1GQ,IT,1992-Q4,
Q,CLV_PCH_SM,SCA,B1GQ,IT,1993-Q1,
Q,CLV_PCH_SM,SCA,B1GQ,IT,1993-Q2,
Q,CLV_PCH_SM,SCA,B1GQ,IT,1993-Q3,
Q,CLV_PCH_SM,SCA,B1GQ,IT,1993-Q4,
Q,CLV_PCH_SM,SCA,B1GQ,IT,1994-Q1,
Q,CLV_PCH_SM,SCA,B1GQ,IT,1994-Q2,
Q,CLV_PCH_SM,SCA,B1GQ,IT,1994-Q3,
Q,CLV_PCH_SM,SCA,B1GQ,IT,1994-Q4,
Q,CLV_PCH_SM,SCA,B1GQ,IT,1995-Q1,
Q,CLV_PCH_SM,SCA,B1GQ,IT,1995-Q2,
Q,CLV_PCH_SM,SCA,B1GQ,IT,1995-Q3,
Q,CLV_PCH_SM,SCA,B1GQ,IT,1995-Q4,
Q,CLV_PCH_SM,SCA,B1GQ,IT,1996-Q1,
Q,CLV_PCH_SM,SCA,B1GQ,IT,1996-Q2,
Q,CLV_PCH_SM,SCA,B1GQ,IT,1996-Q3,
Q,CLV_PCH_SM,SCA,B1GQ,IT,1996-Q4,
Q,CLV_PCH_SM,SCA,B1GQ,IT,1997-Q1,0.3
Q,CLV_PCH_SM,SCA,B1GQ,IT,1997-Q2,1.8
Q,CLV_PCH_SM,SCA,B1GQ,IT,1997-Q3,2
Q,CLV_PCH_SM,SCA,B1GQ,IT,1997-Q4,3.9
Q,CLV_PCH_SM,SCA,B1GQ,IT,1998-Q1,3.1
Q,CLV_PCH_SM,SCA,B1GQ,IT,1998-Q2,2
Q,CLV_PCH_SM,SCA,B1GQ,IT,1998-Q3,1.7
Q,CLV_PCH_SM,SCA,B1GQ,IT,1998-Q4,-0.1
Q,CLV_PCH_SM,SCA,B1GQ,IT,1999-Q1,0.8
Q,CLV_PCH_SM,SCA,B1GQ,IT,1999-Q2,0.6
Q,CLV_PCH_SM,SCA,B1GQ,IT,1999-Q3,1.6
Q,CLV_PCH_SM,SCA,B1GQ,IT,1999-Q4,3.5
Q,CLV_PCH_SM,SCA,B1GQ,IT,2000-Q1,4.3
Q,CLV_PCH_SM,SCA,B1GQ,IT,2000-Q2,4.5
Q,CLV_PCH_SM,SCA,B1GQ,IT,2000-Q3,4.3
Q,CLV_PCH_SM,SCA,B1GQ,IT,2000-Q4,3.7
Q,CLV_PCH_SM,SCA,B1GQ,IT,2001-Q1,3.4
Q,CLV_PCH_SM,SCA,B1GQ,IT,2001-Q2,2.6
Q,CLV_PCH_SM,SCA,B1GQ,IT,2001-Q3,1.3
Q,CLV_PCH_SM,SCA,B1GQ,IT,2001-Q4,0.2
Q,CLV_PCH_SM,SCA,B1GQ,IT,2002-Q1,-0.5
Q,CLV_PCH_SM,SCA,B1GQ,IT,2002-Q2,-0.1
Q,CLV_PCH_SM,SCA,B1GQ,IT,2002-Q3,0.4
Q,CLV_PCH_SM,SCA,B1GQ,IT,2002-Q4,1.2
Q,CLV_PCH_SM,SCA,B1GQ,IT,2003-Q1,0.6
Q,CLV_PCH_SM,SCA,B1GQ,IT,2003-Q2,0.1
Q,CLV_PCH_SM,SCA,B1GQ,IT,2003-Q3,-0.3
Q,CLV_PCH_SM,SCA,B1GQ,IT,2003-Q4,0.1
Q,CLV_PCH_SM,SCA,B1GQ,IT,2004-Q1,0.9
Q,CLV_PCH_SM,SCA,B1GQ,IT,2004-Q2,1.4
Q,CLV_PCH_SM,SCA,B1GQ,IT,2004-Q3,1.7
Q,CLV_PCH_SM,SCA,B1GQ,IT,2004-Q4,1
Q,CLV_PCH_SM,SCA,B1GQ,IT,2005-Q1,0.5
Q,CLV_PCH_SM,SCA,B1GQ,IT,2005-Q2,1
Q,CLV_PCH_SM,SCA,B1GQ,IT,2005-Q3,1.4
Q,CLV_PCH_SM,SCA,B1GQ,IT,2005-Q4,1.7
Q,CLV_PCH_SM,SCA,B1GQ,IT,2006-Q1,2.2
Q,CLV_PCH_SM,SCA,B1GQ,IT,2006-Q2,1.7
Q,CLV_PCH_SM,SCA,B1GQ,IT,2006-Q3,1.4
Q,CLV_PCH_SM,SCA,B1GQ,IT,2006-Q4,2.3
Q,CLV_PCH_SM,SCA,B1GQ,IT,2007-Q1,1.9
Q,CLV_PCH_SM,SCA,B1GQ,IT,2007-Q2,1.8
Q,CLV_PCH_SM,SCA,B1GQ,IT,2007-Q3,1.5
Q,CLV_PCH_SM,SCA,B1GQ,IT,2007-Q4,-0.1
Q,CLV_PCH_SM,SCA,B1GQ,IT,2008-Q1,1.1
Q,CLV_PCH_SM,SCA,B1GQ,IT,2008-Q2,-0.1
Q,CLV_PCH_SM,SCA,B1GQ,IT,2008-Q3,-1.6
Q,CLV_PCH_SM,SCA,B1GQ,IT,2008-Q4,-3.7
Q,CLV_PCH_SM,SCA,B1GQ,IT,2009-Q1,-7.1
Q,CLV_PCH_SM,SCA,B1GQ,IT,2009-Q2,-6.7
Q,CLV_PCH_SM,SCA,B1GQ,IT,2009-Q3,-5
Q,CLV_PCH_SM,SCA,B1GQ,IT,2009-Q4,-2.4
Q,CLV_PCH_SM,SCA,B1GQ,IT,2010-Q1,0.4
Q,CLV_PCH_SM,SCA,B1GQ,IT,2010-Q2,1.7
Q,CLV_PCH_SM,SCA,B1GQ,IT,2010-Q3,1.6
Q,CLV_PCH_SM,SCA,B1GQ,IT,2010-Q4,2.2
Q,CLV_PCH_SM,SCA,B1GQ,IT,2011-Q1,2.4
Q,CLV_PCH_SM,SCA,B1GQ,IT,2011-Q2,1.5
Q,CLV_PCH_SM,SCA,B1GQ,IT,2011-Q3,0.7
Q,CLV_PCH_SM,SCA,B1GQ,IT,2011-Q4,-1.1
Q,CLV_PCH_SM,SCA,B1GQ,IT,2012-Q1,-2.7
Q,CLV_PCH_SM,SCA,B1GQ,IT,2012-Q2,-3.3
Q,CLV_PCH_SM,SCA,B1GQ,IT,2012-Q3,-3.5
Q,CLV_PCH_SM,SCA,B1GQ,IT,2012-Q4,-3.3
Q,CLV_PCH_SM,SCA,B1GQ,IT,2013-Q1,-3.1
Q,CLV_PCH_SM,SCA,B1GQ,IT,2013-Q2,-2.3
Q,CLV_PCH_SM,SCA,B1GQ,IT,2013-Q3,-1.3
Q,CLV_PCH_SM,SCA,B1GQ,IT,2013-Q4,-0.7
Q,CLV_PCH_SM,SCA,B1GQ,IT,2014-Q1,0.2
Q,CLV_PCH_SM,SCA,B1GQ,IT,2014-Q2,0.3
Q,CLV_PCH_SM,SCA,B1GQ,IT,2014-Q3,-0.1
Q,CLV_PCH_SM,SCA,B1GQ,IT,2014-Q4,-0.1
Q,CLV_PCH_SM,SCA,B1GQ,IT,2015-Q1,0.3
Q,CLV_PCH_SM,SCA,B1GQ,IT,2015-Q2,0.7
Q,CLV_PCH_SM,SCA,B1GQ,IT,2015-Q3,0.7
Q,CLV_PCH_SM,SCA,B1GQ,IT,2015-Q4,1.3
Q,CLV_PCH_SM,SCA,B1GQ,IT,2016-Q1,1.1
Q,CLV_PCH_SM,SCA,B1GQ,IT,2016-Q2,1
Q,CLV_PCH_SM,SCA,B1GQ,IT,2016-Q3,1.7
Q,CLV_PCH_SM,SCA,B1GQ,IT,2016-Q4,1.6
Q,CLV_PCH_SM,SCA,B1GQ,IT,2017-Q1,1.9
Q,CLV_PCH_SM,SCA,B1GQ,IT,2017-Q2,2
Q,CLV_PCH_SM,SCA,B1GQ,IT,2017-Q3,1.4
Q,CLV_PCH_SM,SCA,B1GQ,IT,2017-Q4,1.6
Q,CLV_PCH_SM,SCA,B1GQ,IT,2018-Q1,1
Q,CLV_PCH_SM,SCA,B1GQ,IT,2018-Q2,0.8
Q,CLV_PCH_SM,SCA,B1GQ,IT,2018-Q3,0.6
Q,CLV_PCH_SM,SCA,B1GQ,IT,2018-Q4,0.3
Q,CLV_PCH_SM,SCA,B1GQ,IT,2019-Q1,0.7
Q,CLV_PCH_SM,SCA,B1GQ,IT,2019-Q2,0.8
Q,CLV_PCH_SM,SCA,B1GQ,IT,2019-Q3,0.4
Q,CLV_PCH_SM,SCA,B1GQ,IT,2019-Q4,-0.2
Q,CLV_PCH_SM,SCA,B1GQ,IT,2020-Q1,-6.1
Q,CLV_PCH_SM,SCA,B1GQ,IT,2020-Q2,-18.1
Q,CLV_PCH_SM,SCA,B1GQ,IT,2020-Q3,-6
Q,CLV_PCH_SM,SCA,B1GQ,IT,2020-Q4,-5.5
Q,CLV_PCH_SM,SCA,B1GQ,IT,2021-Q1,1.8
Q,CLV_PCH_SM,SCA,B1GQ,IT,2021-Q2,19.3
Q,CLV_PCH_SM,SCA,B1GQ,IT,2021-Q3,7
Q,CLV_PCH_SM,SCA,B1GQ,IT,2021-Q4,8.4
Q,CLV_PCH_SM,SCA,B1GQ,IT,2022-Q1,7.4
Q,CLV_PCH_SM,SCA,B1GQ,IT,2022-Q2,6.4
Q,CLV_PCH_SM,SCA,B1GQ,IT,2022-Q3,4.1
Q,CLV_PCH_SM,SCA,B1GQ,IT,2022-Q4,2.2
Q,CLV_PCH_SM,SCA,B1GQ,IT,2023-Q1,2.1
Q,CLV_PCH_SM,SCA,B1GQ,IT,2023-Q2,0.5
Q,CLV_PCH_SM,SCA,B1GQ,IT,2023-Q3,0.5
Q,CLV_PCH_SM,SCA,B1GQ,IT,2023-Q4,1.1
Q,CLV_PCH_SM,SCA,B1GQ,IT,2024-Q1,0.6
Q,CLV_PCH_SM,SCA,B1GQ,IT,2024-Q2,0.7
Q,CLV_PCH_SM,SCA,B1GQ,IT,2024-Q3,0.6
Q,CLV_PCH_SM,SCA,B1GQ,IT,2024-Q4,0.4
Q,CLV_PCH_SM,SCA,B1GQ,IT,2025-Q1,0.7
Q,CLV_PCH_SM,SCA,B1GQ,IT,2025-Q2,0.5
Q,CLV_PCH_SM,SCA,B1GQ,IT,2025-Q3,0.7
Q,CLV_PCH_SM,SCA,B1GQ,IT,2025-Q4,0.9
Q,CLV_PCH_SM,SCA,B1GQ,IT,2026-Q1,0.8
Q,CLV_PCH_SM,SCA,B1GQ,IT,2026-Q2,1
Q,CLV_PCH_SM,SCA,B1GQ,CY,1978-Q1,
Q,CLV_PCH_SM,SCA,B1GQ,CY,1978-Q2,
Q,CLV_PCH_SM,SCA,B1GQ,CY,1978-Q3,
Q,CLV_PCH_SM,SCA,B1GQ,CY,1978-Q4,
Q,CLV_PCH_SM,SCA,B1GQ,CY,1979-Q1,
Q,CLV_PCH_SM,SCA,B1GQ,CY,1979-Q2,
Q,CLV_PCH_SM,SCA,B1GQ,CY,1979-Q3,
Q,CLV_PCH_SM,SCA,B1GQ,CY,1979-Q4,
Q,CLV_PCH_SM,SCA,B1GQ,CY,1980-Q1,
Q,CLV_PCH_SM,SCA,B1GQ,CY,1980-Q2,
Q,CLV_PCH_SM,SCA,B1GQ,CY,1980-Q3,
Q,CLV_PCH_SM,SCA,B1GQ,CY,1980-Q4,
Q,CLV_PCH_SM,SCA,B1GQ,CY,1981-Q1,
Q,CLV_PCH_SM,SCA,B1GQ,CY,1981-Q2,
Q,CLV_PCH_SM,SCA,B1GQ,CY,1981-Q3,
Q,CLV_PCH_SM,SCA,B1GQ,CY,1981-Q4,
Q,CLV_PCH_SM,SCA,B1GQ,CY,1982-Q1,
Q,CLV_PCH_SM,SCA,B1GQ,CY,1982-Q2,
Q,CLV_PCH_SM,SCA,B1GQ,CY,1982-Q3,
Q,CLV_PCH_SM,SCA,B1GQ,CY,1982-Q4,
Q,CLV_PCH_SM,SCA,B1GQ,CY,1983-Q1,
Q,CLV_PCH_SM,SCA,B1GQ,CY,1983-Q2,
Q,CLV_PCH_SM,SCA,B1GQ,CY,1983-Q3,
Q,CLV_PCH_SM,SCA,B1GQ,CY,1983-Q4,
Q,CLV_PCH_SM,SCA,B1GQ,CY,1984-Q1,
Q,CLV_PCH_SM,SCA,B1GQ,CY,1984-Q2,
Q,CLV_PCH_SM,SCA,B1GQ,CY,1984-Q3,
Q,CLV_PCH_SM,SCA,B1GQ,CY,1984-Q4,
Q,CLV_PCH_SM,SCA,B1GQ,CY,1985-Q1,
Q,CLV_PCH_SM,SCA,B1GQ,CY,1985-Q2,
Q,CLV_PCH_SM,SCA,B1GQ,CY,1985-Q3,
Q,CLV_PCH_SM,SCA,B1GQ,CY,1985-Q4,
Q,CLV_PCH_SM,SCA,B1GQ,CY,1986-Q1,
Q,CLV_PCH_SM,SCA,B1GQ,CY,1986-Q2,
Q,CLV_PCH_SM,SCA,B1GQ,CY,1986-Q3,
Q,CLV_PCH_SM,SCA,B1GQ,CY,1986-Q4,
Q,CLV_PCH_SM,SCA,B1GQ,CY,1987-Q1,
Q,CLV_PCH_SM,SCA,B1GQ,CY,1987-Q2,
Q,CLV_PCH_SM,SCA,B1GQ,CY,1987-Q3,
Q,CLV_PCH_SM,SCA,B1GQ,CY,1987-Q4,
Q,CLV_PCH_SM,SCA,B1GQ,CY,1988-Q1,
Q,CLV_PCH_SM,SCA,B1GQ,CY,1988-Q2,
Q,CLV_PCH_SM,SCA,B1GQ,CY,1988-Q3,
Q,CLV_PCH_SM,SCA,B1GQ,CY,1988-Q4,
Q,CLV_PCH_SM,SCA,B1GQ,CY,1989-Q1,
Q,CLV_PCH_SM,SCA,B1GQ,CY,1989-Q2,
Q,CLV_PCH_SM,SCA,B1GQ,CY,1989-Q3,
Q,CLV_PCH_SM,SCA,B1GQ,CY,1989-Q4,
Q,CLV_PCH_SM,SCA,B1GQ,CY,1990-Q1,
Q,CLV_PCH_SM,SCA,B1GQ,CY,1990-Q2,
Q,CLV_PCH_SM,SCA,B1GQ,CY,1990-Q3,
Q,CLV_PCH_SM,SCA,B1GQ,CY,1990-Q4,
Q,CLV_PCH_SM,SCA,B1GQ,CY,1991-Q1,
Q,CLV_PCH_SM,SCA,B1GQ,CY,1991-Q2,
Q,CLV_PCH_SM,SCA,B1GQ,CY,1991-Q3,
Q,CLV_PCH_SM,SCA,B1GQ,CY,1991-Q4,
Q,CLV_PCH_SM,SCA,B1GQ,CY,1992-Q1,
Q,CLV_PCH_SM,SCA,B1GQ,CY,1992-Q2,
Q,CLV_PCH_SM,SCA,B1GQ,CY,1992-Q3,
Q,CLV_PCH_SM,SCA,B1GQ,CY,1992-Q4,
Q,CLV_PCH_SM,SCA,B1GQ,CY,1993-Q1,
Q,CLV_PCH_SM,SCA,B1GQ,CY,1993-Q2,
Q,CLV_PCH_SM,SCA,B1GQ,CY,1993-Q3,
Q,CLV_PCH_SM,SCA,B1GQ,CY,1993-Q4,
Q,CLV_PCH_SM,SCA,B1GQ,CY,1994-Q1,
Q,CLV_PCH_SM,SCA,B1GQ,CY,1994-Q2,
Q,CLV_PCH_SM,SCA,B1GQ,CY,1994-Q3,
Q,CLV_PCH_SM,SCA,B1GQ,CY,1994-Q4,
Q,CLV_PCH_SM,SCA,B1GQ,CY,1995-Q1,
Q,CLV_PCH_SM,SCA,B1GQ,CY,1995-Q2,
Q,CLV_PCH_SM,SCA,B1GQ,CY,1995-Q3,
Q,CLV_PCH_SM,SCA,B1GQ,CY,1995-Q4,
Q,CLV_PCH_SM,SCA,B1GQ,CY,1996-Q1,
Q,CLV_PCH_SM,SCA,B1GQ,CY,1996-Q2,
Q,CLV_PCH_SM,SCA,B1GQ,CY,1996-Q3,
Q,CLV_PCH_SM,SCA,B1GQ,CY,1996-Q4,
Q,CLV_PCH_SM,SCA,B1GQ,CY,1997-Q1,0.6
Q,CLV_PCH_SM,SCA,B1GQ,CY,1997-Q2,1.9
Q,CLV_PCH_SM,SCA,B1GQ,CY,1997-Q3,3.9
Q,CLV_PCH_SM,SCA,B1GQ,CY,1997-Q4,4.1
Q,CLV_PCH_SM,SCA,B1GQ,CY,1998-Q1,5.8
Q,CLV_PCH_SM,SCA,B1GQ,CY,1998-Q2,6.6
Q,CLV_PCH_SM,SCA,B1GQ,CY,1998-Q3,6.5
Q,CLV_PCH_SM,SCA,B1GQ,CY,1998-Q4,5.5
Q,CLV_PCH_SM,SCA,B1GQ,CY,1999-Q1,5
Q,CLV_PCH_SM,SCA,B1GQ,CY,1999-Q2,4.4
Q,CLV_PCH_SM,SCA,B1GQ,CY,1999-Q3,4.4
Q,CLV_PCH_SM,SCA,B1GQ,CY,1999-Q4,6.2
Q,CLV_PCH_SM,SCA,B1GQ,CY,2000-Q1,6.3
Q,CLV_PCH_SM,SCA,B1GQ,CY,2000-Q2,9.2
Q,CLV_PCH_SM,SCA,B1GQ,CY,2000-Q3,4.9
Q,CLV_PCH_SM,SCA,B1GQ,CY,2000-Q4,3.6
Q,CLV_PCH_SM,SCA,B1GQ,CY,2001-Q1,3.3
Q,CLV_PCH_SM,SCA,B1GQ,CY,2001-Q2,1.4
Q,CLV_PCH_SM,SCA,B1GQ,CY,2001-Q3,5.9
Q,CLV_PCH_SM,SCA,B1GQ,CY,2001-Q4,5.2
Q,CLV_PCH_SM,SCA,B1GQ,CY,2002-Q1,4.1
Q,CLV_PCH_SM,SCA,B1GQ,CY,2002-Q2,4.8
Q,CLV_PCH_SM,SCA,B1GQ,CY,2002-Q3,1.9
Q,CLV_PCH_SM,SCA,B1GQ,CY,2002-Q4,4.1
Q,CLV_PCH_SM,SCA,B1GQ,CY,2003-Q1,3.7
Q,CLV_PCH_SM,SCA,B1GQ,CY,2003-Q2,0.9
Q,CLV_PCH_SM,SCA,B1GQ,CY,2003-Q3,3.6
Q,CLV_PCH_SM,SCA,B1GQ,CY,2003-Q4,2.3
Q,CLV_PCH_SM,SCA,B1GQ,CY,2004-Q1,4.3
Q,CLV_PCH_SM,SCA,B1GQ,CY,2004-Q2,5.6
Q,CLV_PCH_SM,SCA,B1GQ,CY,2004-Q3,5.1
Q,CLV_PCH_SM,SCA,B1GQ,CY,2004-Q4,5.1
Q,CLV_PCH_SM,SCA,B1GQ,CY,2005-Q1,5
Q,CLV_PCH_SM,SCA,B1GQ,CY,2005-Q2,4.9
Q,CLV_PCH_SM,SCA,B1GQ,CY,2005-Q3,4.9
Q,CLV_PCH_SM,SCA,B1GQ,CY,2005-Q4,4.5
Q,CLV_PCH_SM,SCA,B1GQ,CY,2006-Q1,4.3
Q,CLV_PCH_SM,SCA,B1GQ,CY,2006-Q2,5.4
Q,CLV_PCH_SM,SCA,B1GQ,CY,2006-Q3,4.4
Q,CLV_PCH_SM,SCA,B1GQ,CY,2006-Q4,4.8
Q,CLV_PCH_SM,SCA,B1GQ,CY,2007-Q1,5.5
Q,CLV_PCH_SM,SCA,B1GQ,CY,2007-Q2,4.3
Q,CLV_PCH_SM,SCA,B1GQ,CY,2007-Q3,5
Q,CLV_PCH_SM,SCA,B1GQ,CY,2007-Q4,5.6
Q,CLV_PCH_SM,SCA,B1GQ,CY,2008-Q1,4.8
Q,CLV_PCH_SM,SCA,B1GQ,CY,2008-Q2,4.9
Q,CLV_PCH_SM,SCA,B1GQ,CY,2008-Q3,3.7
Q,CLV_PCH_SM,SCA,B1GQ,CY,2008-Q4,1.3
Q,CLV_PCH_SM,SCA,B1GQ,CY,2009-Q1,-1.5
Q,CLV_PCH_SM,SCA,B1GQ,CY,2009-Q2,-2.4
Q,CLV_PCH_SM,SCA,B1GQ,CY,2009-Q3,-2.6
Q,CLV_PCH_SM,SCA,B1GQ,CY,2009-Q4,-1.6
Q,CLV_PCH_SM,SCA,B1GQ,CY,2010-Q1,1.3
Q,CLV_PCH_SM,SCA,B1GQ,CY,2010-Q2,2
Q,CLV_PCH_SM,SCA,B1GQ,CY,2010-Q3,3
Q,CLV_PCH_SM,SCA,B1GQ,CY,2010-Q4,2.8
Q,CLV_PCH_SM,SCA,B1GQ,CY,2011-Q1,1.5
Q,CLV_PCH_SM,SCA,B1GQ,CY,2011-Q2,1.7
Q,CLV_PCH_SM,SCA,B1GQ,CY,2011-Q3,-0.8
Q,CLV_PCH_SM,SCA,B1GQ,CY,2011-Q4,-0.7
Q,CLV_PCH_SM,SCA,B1GQ,CY,2012-Q1,-1.4
Q,CLV_PCH_SM,SCA,B1GQ,CY,2012-Q2,-3.7
Q,CLV_PCH_SM,SCA,B1GQ,CY,2012-Q3,-3.1
Q,CLV_PCH_SM,SCA,B1GQ,CY,2012-Q4,-5.6
Q,CLV_PCH_SM,SCA,B1GQ,CY,2013-Q1,-7
Q,CLV_PCH_SM,SCA,B1GQ,CY,2013-Q2,-7.7
Q,CLV_PCH_SM,SCA,B1GQ,CY,2013-Q3,-6.6
Q,CLV_PCH_SM,SCA,B1GQ,CY,2013-Q4,-5
Q,CLV_PCH_SM,SCA,B1GQ,CY,2014-Q1,-3.5
Q,CLV_PCH_SM,SCA,B1GQ,CY,2014-Q2,-1.4
Q,CLV_PCH_SM,SCA,B1GQ,CY,2014-Q3,-1.4
Q,CLV_PCH_SM,SCA,B1GQ,CY,2014-Q4,-0.8
Q,CLV_PCH_SM,SCA,B1GQ,CY,2015-Q1,1.2
Q,CLV_PCH_SM,SCA,B1GQ,CY,2015-Q2,2.6
Q,CLV_PCH_SM,SCA,B1GQ,CY,2015-Q3,4.1
Q,CLV_PCH_SM,SCA,B1GQ,CY,2015-Q4,5.8
Q,CLV_PCH_SM,SCA,B1GQ,CY,2016-Q1,6.6
Q,CLV_PCH_SM,SCA,B1GQ,CY,2016-Q2,6.4
Q,CLV_PCH_SM,SCA,B1GQ,CY,2016-Q3,6.5
Q,CLV_PCH_SM,SCA,B1GQ,CY,2016-Q4,6.8
Q,CLV_PCH_SM,SCA,B1GQ,CY,2017-Q1,7.1
Q,CLV_PCH_SM,SCA,B1GQ,CY,2017-Q2,5.7
Q,CLV_PCH_SM,SCA,B1GQ,CY,2017-Q3,5.5
Q,CLV_PCH_SM,SCA,B1GQ,CY,2017-Q4,4.8
Q,CLV_PCH_SM,SCA,B1GQ,CY,2018-Q1,5.4
Q,CLV_PCH_SM,SCA,B1GQ,CY,2018-Q2,6.6
Q,CLV_PCH_SM,SCA,B1GQ,CY,2018-Q3,5.9
Q,CLV_PCH_SM,SCA,B1GQ,CY,2018-Q4,7.1
Q,CLV_PCH_SM,SCA,B1GQ,CY,2019-Q1,6
Q,CLV_PCH_SM,SCA,B1GQ,CY,2019-Q2,6.1
Q,CLV_PCH_SM,SCA,B1GQ,CY,2019-Q3,6.4
Q,CLV_PCH_SM,SCA,B1GQ,CY,2019-Q4,5
Q,CLV_PCH_SM,SCA,B1GQ,CY,2020-Q1,3.3
Q,CLV_PCH_SM,SCA,B1GQ,CY,2020-Q2,-10.4
Q,CLV_PCH_SM,SCA,B1GQ,CY,2020-Q3,-4.9
Q,CLV_PCH_SM,SCA,B1GQ,CY,2020-Q4,-0.9
Q,CLV_PCH_SM,SCA,B1GQ,CY,2021-Q1,2.9
Q,CLV_PCH_SM,SCA,B1GQ,CY,2021-Q2,18.7
Q,CLV_PCH_SM,SCA,B1GQ,CY,2021-Q3,13.8
Q,CLV_PCH_SM,SCA,B1GQ,CY,2021-Q4,11.2
Q,CLV_PCH_SM,SCA,B1GQ,CY,2022-Q1,10.7
Q,CLV_PCH_SM,SCA,B1GQ,CY,2022-Q2,10.1
Q,CLV_PCH_SM,SCA,B1GQ,CY,2022-Q3,8.6
Q,CLV_PCH_SM,SCA,B1GQ,CY,2022-Q4,5.7
Q,CLV_PCH_SM,SCA,B1GQ,CY,2023-Q1,3.5
Q,CLV_PCH_SM,SCA,B1GQ,CY,2023-Q2,4
Q,CLV_PCH_SM,SCA,B1GQ,CY,2023-Q3,3
Q,CLV_PCH_SM,SCA,B1GQ,CY,2023-Q4,4
Q,CLV_PCH_SM,SCA,B1GQ,CY,2024-Q1,4.3
Q,CLV_PCH_SM,SCA,B1GQ,CY,2024-Q2,3.7
Q,CLV_PCH_SM,SCA,B1GQ,CY,2024-Q3,4.3
Q,CLV_PCH_SM,SCA,B1GQ,CY,2024-Q4,3.5
Q,CLV_PCH_SM,SCA,B1GQ,CY,2025-Q1,3.6
Q,CLV_PCH_SM,SCA,B1GQ,CY,2025-Q2,3.7
Q,CLV_PCH_SM,SCA,B1GQ,CY,2025-Q3,3.5
Q,CLV_PCH_SM,SCA,B1GQ,CY,2025-Q4,4.2
Q,CLV_PCH_SM,SCA,B1GQ,CY,2026-Q1,3
Q,CLV_PCH_SM,SCA,B1GQ,CY,2026-Q2,3.3
Q,CLV_PCH_SM,SCA,B1GQ,LV,1978-Q1,
Q,CLV_PCH_SM,SCA,B1GQ,LV,1978-Q2,
Q,CLV_PCH_SM,SCA,B1GQ,LV,1978-Q3,
Q,CLV_PCH_SM,SCA,B1GQ,LV,1978-Q4,
Q,CLV_PCH_SM,SCA,B1GQ,LV,1979-Q1,
Q,CLV_PCH_SM,SCA,B1GQ,LV,1979-Q2,
Q,CLV_PCH_SM,SCA,B1GQ,LV,1979-Q3,
Q,CLV_PCH_SM,SCA,B1GQ,LV,1979-Q4,
Q,CLV_PCH_SM,SCA,B1GQ,LV,1980-Q1,
Q,CLV_PCH_SM,SCA,B1GQ,LV,1980-Q2,
Q,CLV_PCH_SM,SCA,B1GQ,LV,1980-Q3,
Q,CLV_PCH_SM,SCA,B1GQ,LV,1980-Q4,
Q,CLV_PCH_SM,SCA,B1GQ,LV,1981-Q1,
Q,CLV_PCH_SM,SCA,B1GQ,LV,1981-Q2,
Q,CLV_PCH_SM,SCA,B1GQ,LV,1981-Q3,
Q,CLV_PCH_SM,SCA,B1GQ,LV,1981-Q4,
Q,CLV_PCH_SM,SCA,B1GQ,LV,1982-Q1,
Q,CLV_PCH_SM,SCA,B1GQ,LV,1982-Q2,
Q,CLV_PCH_SM,SCA,B1GQ,LV,1982-Q3,
Q,CLV_PCH_SM,SCA,B1GQ,LV,1982-Q4,
Q,CLV_PCH_SM,SCA,B1GQ,LV,1983-Q1,
Q,CLV_PCH_SM,SCA,B1GQ,LV,1983-Q2,
Q,CLV_PCH_SM,SCA,B1GQ,LV,1983-Q3,
Q,CLV_PCH_SM,SCA,B1GQ,LV,1983-Q4,
Q,CLV_PCH_SM,SCA,B1GQ,LV,1984-Q1,
Q,CLV_PCH_SM,SCA,B1GQ,LV,1984-Q2,
Q,CLV_PCH_SM,SCA,B1GQ,LV,1984-Q3,
Q,CLV_PCH_SM,SCA,B1GQ,LV,1984-Q4,
Q,CLV_PCH_SM,SCA,B1GQ,LV,1985-Q1,
Q,CLV_PCH_SM,SCA,B1GQ,LV,1985-Q2,
Q,CLV_PCH_SM,SCA,B1GQ,LV,1985-Q3,
Q,CLV_PCH_SM,SCA,B1GQ,LV,1985-Q4,
Q,CLV_PCH_SM,SCA,B1GQ,LV,1986-Q1,
Q,CLV_PCH_SM,SCA,B1GQ,LV,1986-Q2,
Q,CLV_PCH_SM,SCA,B1GQ,LV,1986-Q3,
Q,CLV_PCH_SM,SCA,B1GQ,LV,1986-Q4,
Q,CLV_PCH_SM,SCA,B1GQ,LV,1987-Q1,
Q,CLV_PCH_SM,SCA,B1GQ,LV,1987-Q2,
Q,CLV_PCH_SM,SCA,B1GQ,LV,1987-Q3,
Q,CLV_PCH_SM,SCA,B1GQ,LV,1987-Q4,
Q,CLV_PCH_SM,SCA,B1GQ,LV,1988-Q1,
Q,CLV_PCH_SM,SCA,B1GQ,LV,1988-Q2,
Q,CLV_PCH_SM,SCA,B1GQ,LV,1988-Q3,
Q,CLV_PCH_SM,SCA,B1GQ,LV,1988-Q4,
Q,CLV_PCH_SM,SCA,B1GQ,LV,1989-Q1,
Q,CLV_PCH_SM,SCA,B1GQ,LV,1989-Q2,
Q,CLV_PCH_SM,SCA,B1GQ,LV,1989-Q3,
Q,CLV_PCH_SM,SCA,B1GQ,LV,1989-Q4,
Q,CLV_PCH_SM,SCA,B1GQ,LV,1990-Q1,
Q,CLV_PCH_SM,SCA,B1GQ,LV,1990-Q2,
Q,CLV_PCH_SM,SCA,B1GQ,LV,1990-Q3,
Q,CLV_PCH_SM,SCA,B1GQ,LV,1990-Q4,
Q,CLV_PCH_SM,SCA,B1GQ,LV,1991-Q1,
Q,CLV_PCH_SM,SCA,B1GQ,LV,1991-Q2,
Q,CLV_PCH_SM,SCA,B1GQ,LV,1991-Q3,
Q,CLV_PCH_SM,SCA,B1GQ,LV,1991-Q4,
Q,CLV_PCH_SM,SCA,B1GQ,LV,1992-Q1,
Q,CLV_PCH_SM,SCA,B1GQ,LV,1992-Q2,
Q,CLV_PCH_SM,SCA,B1GQ,LV,1992-Q3,
Q,CLV_PCH_SM,SCA,B1GQ,LV,1992-Q4,
Q,CLV_PCH_SM,SCA,B1GQ,LV,1993-Q1,
Q,CLV_PCH_SM,SCA,B1GQ,LV,1993-Q2,
Q,CLV_PCH_SM,SCA,B1GQ,LV,1993-Q3,
Q,CLV_PCH_SM,SCA,B1GQ,LV,1993-Q4,
Q,CLV_PCH_SM,SCA,B1GQ,LV,1994-Q1,
Q,CLV_PCH_SM,SCA,B1GQ,LV,1994-Q2,
Q,CLV_PCH_SM,SCA,B1GQ,LV,1994-Q3,
Q,CLV_PCH_SM,SCA,B1GQ,LV,1994-Q4,
Q,CLV_PCH_SM,SCA,B1GQ,LV,1995-Q1,
Q,CLV_PCH_SM,SCA,B1GQ,LV,1995-Q2,
Q,CLV_PCH_SM,SCA,B1GQ,LV,1995-Q3,
Q,CLV_PCH_SM,SCA,B1GQ,LV,1995-Q4,
Q,CLV_PCH_SM,SCA,B1GQ,LV,1996-Q1,-1.3
Q,CLV_PCH_SM,SCA,B1GQ,LV,1996-Q2,-1.1
Q,CLV_PCH_SM,SCA,B1GQ,LV,1996-Q3,3.7
Q,CLV_PCH_SM,SCA,B1GQ,LV,1996-Q4,7.5
Q,CLV_PCH_SM,SCA,B1GQ,LV,1997-Q1,7.1
Q,CLV_PCH_SM,SCA,B1GQ,LV,1997-Q2,13.1
Q,CLV_PCH_SM,SCA,B1GQ,LV,1997-Q3,11
Q,CLV_PCH_SM,SCA,B1GQ,LV,1997-Q4,6
Q,CLV_PCH_SM,SCA,B1GQ,LV,1998-Q1,13.3
Q,CLV_PCH_SM,SCA,B1GQ,LV,1998-Q2,7.2
Q,CLV_PCH_SM,SCA,B1GQ,LV,1998-Q3,5.2
Q,CLV_PCH_SM,SCA,B1GQ,LV,1998-Q4,1.4
Q,CLV_PCH_SM,SCA,B1GQ,LV,1999-Q1,-0.2
Q,CLV_PCH_SM,SCA,B1GQ,LV,1999-Q2,-1.7
Q,CLV_PCH_SM,SCA,B1GQ,LV,1999-Q3,2.8
Q,CLV_PCH_SM,SCA,B1GQ,LV,1999-Q4,9.7
Q,CLV_PCH_SM,SCA,B1GQ,LV,2000-Q1,6.3
Q,CLV_PCH_SM,SCA,B1GQ,LV,2000-Q2,7.6
Q,CLV_PCH_SM,SCA,B1GQ,LV,2000-Q3,6.4
Q,CLV_PCH_SM,SCA,B1GQ,LV,2000-Q4,3.3
Q,CLV_PCH_SM,SCA,B1GQ,LV,2001-Q1,4.3
Q,CLV_PCH_SM,SCA,B1GQ,LV,2001-Q2,9.4
Q,CLV_PCH_SM,SCA,B1GQ,LV,2001-Q3,3.6
Q,CLV_PCH_SM,SCA,B1GQ,LV,2001-Q4,7.9
Q,CLV_PCH_SM,SCA,B1GQ,LV,2002-Q1,5.8
Q,CLV_PCH_SM,SCA,B1GQ,LV,2002-Q2,5.7
Q,CLV_PCH_SM,SCA,B1GQ,LV,2002-Q3,9.2
Q,CLV_PCH_SM,SCA,B1GQ,LV,2002-Q4,9.5
Q,CLV_PCH_SM,SCA,B1GQ,LV,2003-Q1,9.9
Q,CLV_PCH_SM,SCA,B1GQ,LV,2003-Q2,7.6
Q,CLV_PCH_SM,SCA,B1GQ,LV,2003-Q3,9.5
Q,CLV_PCH_SM,SCA,B1GQ,LV,2003-Q4,7.1
Q,CLV_PCH_SM,SCA,B1GQ,LV,2004-Q1,9.9
Q,CLV_PCH_SM,SCA,B1GQ,LV,2004-Q2,8.8
Q,CLV_PCH_SM,SCA,B1GQ,LV,2004-Q3,7.3
Q,CLV_PCH_SM,SCA,B1GQ,LV,2004-Q4,8.9
Q,CLV_PCH_SM,SCA,B1GQ,LV,2005-Q1,7.9
Q,CLV_PCH_SM,SCA,B1GQ,LV,2005-Q2,10.2
Q,CLV_PCH_SM,SCA,B1GQ,LV,2005-Q3,13.3
Q,CLV_PCH_SM,SCA,B1GQ,LV,2005-Q4,14.1
Q,CLV_PCH_SM,SCA,B1GQ,LV,2006-Q1,12.6
Q,CLV_PCH_SM,SCA,B1GQ,LV,2006-Q2,13.2
Q,CLV_PCH_SM,SCA,B1GQ,LV,2006-Q3,12.2
Q,CLV_PCH_SM,SCA,B1GQ,LV,2006-Q4,13.5
Q,CLV_PCH_SM,SCA,B1GQ,LV,2007-Q1,15
Q,CLV_PCH_SM,SCA,B1GQ,LV,2007-Q2,13.1
Q,CLV_PCH_SM,SCA,B1GQ,LV,2007-Q3,11
Q,CLV_PCH_SM,SCA,B1GQ,LV,2007-Q4,4.4
Q,CLV_PCH_SM,SCA,B1GQ,LV,2008-Q1,3.5
Q,CLV_PCH_SM,SCA,B1GQ,LV,2008-Q2,-1.2
Q,CLV_PCH_SM,SCA,B1GQ,LV,2008-Q3,-6.5
Q,CLV_PCH_SM,SCA,B1GQ,LV,2008-Q4,-7.9
Q,CLV_PCH_SM,SCA,B1GQ,LV,2009-Q1,-13.9
Q,CLV_PCH_SM,SCA,B1GQ,LV,2009-Q2,-17.2
Q,CLV_PCH_SM,SCA,B1GQ,LV,2009-Q3,-17.9
Q,CLV_PCH_SM,SCA,B1GQ,LV,2009-Q4,-14.8
Q,CLV_PCH_SM,SCA,B1GQ,LV,2010-Q1,-10
Q,CLV_PCH_SM,SCA,B1GQ,LV,2010-Q2,-4.8
Q,CLV_PCH_SM,SCA,B1GQ,LV,2010-Q3,-0.2
Q,CLV_PCH_SM,SCA,B1GQ,LV,2010-Q4,0
Q,CLV_PCH_SM,SCA,B1GQ,LV,2011-Q1,-0.6
Q,CLV_PCH_SM,SCA,B1GQ,LV,2011-Q2,2.9
Q,CLV_PCH_SM,SCA,B1GQ,LV,2011-Q3,5
Q,CLV_PCH_SM,SCA,B1GQ,LV,2011-Q4,4.4
Q,CLV_PCH_SM,SCA,B1GQ,LV,2012-Q1,10.6
Q,CLV_PCH_SM,SCA,B1GQ,LV,2012-Q2,7
Q,CLV_PCH_SM,SCA,B1GQ,LV,2012-Q3,6
Q,CLV_PCH_SM,SCA,B1GQ,LV,2012-Q4,6
Q,CLV_PCH_SM,SCA,B1GQ,LV,2013-Q1,0.8
Q,CLV_PCH_SM,SCA,B1GQ,LV,2013-Q2,2
Q,CLV_PCH_SM,SCA,B1GQ,LV,2013-Q3,2.7
Q,CLV_PCH_SM,SCA,B1GQ,LV,2013-Q4,2.7
Q,CLV_PCH_SM,SCA,B1GQ,LV,2014-Q1,2.8
Q,CLV_PCH_SM,SCA,B1GQ,LV,2014-Q2,2.2
Q,CLV_PCH_SM,SCA,B1GQ,LV,2014-Q3,1.9
Q,CLV_PCH_SM,SCA,B1GQ,LV,2014-Q4,1.7
Q,CLV_PCH_SM,SCA,B1GQ,LV,2015-Q1,2.7
Q,CLV_PCH_SM,SCA,B1GQ,LV,2015-Q2,3.8
Q,CLV_PCH_SM,SCA,B1GQ,LV,2015-Q3,4.5
Q,CLV_PCH_SM,SCA,B1GQ,LV,2015-Q4,3.9
Q,CLV_PCH_SM,SCA,B1GQ,LV,2016-Q1,3.8
Q,CLV_PCH_SM,SCA,B1GQ,LV,2016-Q2,2.8
Q,CLV_PCH_SM,SCA,B1GQ,LV,2016-Q3,1.2
Q,CLV_PCH_SM,SCA,B1GQ,LV,2016-Q4,2.6
Q,CLV_PCH_SM,SCA,B1GQ,LV,2017-Q1,2.6
Q,CLV_PCH_SM,SCA,B1GQ,LV,2017-Q2,2.8
Q,CLV_PCH_SM,SCA,B1GQ,LV,2017-Q3,3.7
Q,CLV_PCH_SM,SCA,B1GQ,LV,2017-Q4,3.4
Q,CLV_PCH_SM,SCA,B1GQ,LV,2018-Q1,3.5
Q,CLV_PCH_SM,SCA,B1GQ,LV,2018-Q2,4.5
Q,CLV_PCH_SM,SCA,B1GQ,LV,2018-Q3,4.1
Q,CLV_PCH_SM,SCA,B1GQ,LV,2018-Q4,4.2
Q,CLV_PCH_SM,SCA,B1GQ,LV,2019-Q1,2.8
Q,CLV_PCH_SM,SCA,B1GQ,LV,2019-Q2,1.1
Q,CLV_PCH_SM,SCA,B1GQ,LV,2019-Q3,0.9
Q,CLV_PCH_SM,SCA,B1GQ,LV,2019-Q4,-0.6
Q,CLV_PCH_SM,SCA,B1GQ,LV,2020-Q1,-0.9
Q,CLV_PCH_SM,SCA,B1GQ,LV,2020-Q2,-10.4
Q,CLV_PCH_SM,SCA,B1GQ,LV,2020-Q3,-1.4
Q,CLV_PCH_SM,SCA,B1GQ,LV,2020-Q4,-0.3
Q,CLV_PCH_SM,SCA,B1GQ,LV,2021-Q1,0.4
Q,CLV_PCH_SM,SCA,B1GQ,LV,2021-Q2,12.4
Q,CLV_PCH_SM,SCA,B1GQ,LV,2021-Q3,7.6
Q,CLV_PCH_SM,SCA,B1GQ,LV,2021-Q4,7
Q,CLV_PCH_SM,SCA,B1GQ,LV,2022-Q1,6.4
Q,CLV_PCH_SM,SCA,B1GQ,LV,2022-Q2,5
Q,CLV_PCH_SM,SCA,B1GQ,LV,2022-Q3,-0.8
Q,CLV_PCH_SM,SCA,B1GQ,LV,2022-Q4,-0.6
Q,CLV_PCH_SM,SCA,B1GQ,LV,2023-Q1,-0.1
Q,CLV_PCH_SM,SCA,B1GQ,LV,2023-Q2,-1
Q,CLV_PCH_SM,SCA,B1GQ,LV,2023-Q3,-1.3
Q,CLV_PCH_SM,SCA,B1GQ,LV,2023-Q4,-2
Q,CLV_PCH_SM,SCA,B1GQ,LV,2024-Q1,-2.1
Q,CLV_PCH_SM,SCA,B1GQ,LV,2024-Q2,-0.3
Q,CLV_PCH_SM,SCA,B1GQ,LV,2024-Q3,0.2
Q,CLV_PCH_SM,SCA,B1GQ,LV,2024-Q4,1.2
Q,CLV_PCH_SM,SCA,B1GQ,LV,2025-Q1,1.9
Q,CLV_PCH_SM,SCA,B1GQ,LV,2025-Q2,1.6
Q,CLV_PCH_SM,SCA,B1GQ,LV,2025-Q3,2.3
Q,CLV_PCH_SM,SCA,B1GQ,LV,2025-Q4,2.7
Q,CLV_PCH_SM,SCA,B1GQ,LV,2026-Q1,2.6
Q,CLV_PCH_SM,SCA,B1GQ,LV,2026-Q2,3
Q,CLV_PCH_SM,SCA,B1GQ,LT,1978-Q1,
Q,CLV_PCH_SM,SCA,B1GQ,LT,1978-Q2,
Q,CLV_PCH_SM,SCA,B1GQ,LT,1978-Q3,
Q,CLV_PCH_SM,SCA,B1GQ,LT,1978-Q4,
Q,CLV_PCH_SM,SCA,B1GQ,LT,1979-Q1,
Q,CLV_PCH_SM,SCA,B1GQ,LT,1979-Q2,
Q,CLV_PCH_SM,SCA,B1GQ,LT,1979-Q3,
Q,CLV_PCH_SM,SCA,B1GQ,LT,1979-Q4,
Q,CLV_PCH_SM,SCA,B1GQ,LT,1980-Q1,
Q,CLV_PCH_SM,SCA,B1GQ,LT,1980-Q2,
Q,CLV_PCH_SM,SCA,B1GQ,LT,1980-Q3,
Q,CLV_PCH_SM,SCA,B1GQ,LT,1980-Q4,
Q,CLV_PCH_SM,SCA,B1GQ,LT,1981-Q1,
Q,CLV_PCH_SM,SCA,B1GQ,LT,1981-Q2,
Q,CLV_PCH_SM,SCA,B1GQ,LT,1981-Q3,
Q,CLV_PCH_SM,SCA,B1GQ,LT,1981-Q4,
Q,CLV_PCH_SM,SCA,B1GQ,LT,1982-Q1,
Q,CLV_PCH_SM,SCA,B1GQ,LT,1982-Q2,
Q,CLV_PCH_SM,SCA,B1GQ,LT,1982-Q3,
Q,CLV_PCH_SM,SCA,B1GQ,LT,1982-Q4,
Q,CLV_PCH_SM,SCA,B1GQ,LT,1983-Q1,
Q,CLV_PCH_SM,SCA,B1GQ,LT,1983-Q2,
Q,CLV_PCH_SM,SCA,B1GQ,LT,1983-Q3,
Q,CLV_PCH_SM,SCA,B1GQ,LT,1983-Q4,
Q,CLV_PCH_SM,SCA,B1GQ,LT,1984-Q1,
Q,CLV_PCH_SM,SCA,B1GQ,LT,1984-Q2,
Q,CLV_PCH_SM,SCA,B1GQ,LT,1984-Q3,
Q,CLV_PCH_SM,SCA,B1GQ,LT,1984-Q4,
Q,CLV_PCH_SM,SCA,B1GQ,LT,1985-Q1,
Q,CLV_PCH_SM,SCA,B1GQ,LT,1985-Q2,
Q,CLV_PCH_SM,SCA,B1GQ,LT,1985-Q3,
Q,CLV_PCH_SM,SCA,B1GQ,LT,1985-Q4,
Q,CLV_PCH_SM,SCA,B1GQ,LT,1986-Q1,
Q,CLV_PCH_SM,SCA,B1GQ,LT,1986-Q2,
Q,CLV_PCH_SM,SCA,B1GQ,LT,1986-Q3,
Q,CLV_PCH_SM,SCA,B1GQ,LT,1986-Q4,
Q,CLV_PCH_SM,SCA,B1GQ,LT,1987-Q1,
Q,CLV_PCH_SM,SCA,B1GQ,LT,1987-Q2,
Q,CLV_PCH_SM,SCA,B1GQ,LT,1987-Q3,
Q,CLV_PCH_SM,SCA,B1GQ,LT,1987-Q4,
Q,CLV_PCH_SM,SCA,B1GQ,LT,1988-Q1,
Q,CLV_PCH_SM,SCA,B1GQ,LT,1988-Q2,
Q,CLV_PCH_SM,SCA,B1GQ,LT,1988-Q3,
Q,CLV_PCH_SM,SCA,B1GQ,LT,1988-Q4,
Q,CLV_PCH_SM,SCA,B1GQ,LT,1989-Q1,
Q,CLV_PCH_SM,SCA,B1GQ,LT,1989-Q2,
Q,CLV_PCH_SM,SCA,B1GQ,LT,1989-Q3,
Q,CLV_PCH_SM,SCA,B1GQ,LT,1989-Q4,
Q,CLV_PCH_SM,SCA,B1GQ,LT,1990-Q1,
Q,CLV_PCH_SM,SCA,B1GQ,LT,1990-Q2,
Q,CLV_PCH_SM,SCA,B1GQ,LT,1990-Q3,
Q,CLV_PCH_SM,SCA,B1GQ,LT,1990-Q4,
Q,CLV_PCH_SM,SCA,B1GQ,LT,1991-Q1,
Q,CLV_PCH_SM,SCA,B1GQ,LT,1991-Q2,
Q,CLV_PCH_SM,SCA,B1GQ,LT,1991-Q3,
Q,CLV_PCH_SM,SCA,B1GQ,LT,1991-Q4,
Q,CLV_PCH_SM,SCA,B1GQ,LT,1992-Q1,
Q,CLV_PCH_SM,SCA,B1GQ,LT,1992-Q2,
Q,CLV_PCH_SM,SCA,B1GQ,LT,1992-Q3,
Q,CLV_PCH_SM,SCA,B1GQ,LT,1992-Q4,
Q,CLV_PCH_SM,SCA,B1GQ,LT,1993-Q1,
Q,CLV_PCH_SM,SCA,B1GQ,LT,1993-Q2,
Q,CLV_PCH_SM,SCA,B1GQ,LT,1993-Q3,
Q,CLV_PCH_SM,SCA,B1GQ,LT,1993-Q4,
Q,CLV_PCH_SM,SCA,B1GQ,LT,1994-Q1,
Q,CLV_PCH_SM,SCA,B1GQ,LT,1994-Q2,
Q,CLV_PCH_SM,SCA,B1GQ,LT,1994-Q3,
Q,CLV_PCH_SM,SCA,B1GQ,LT,1994-Q4,
Q,CLV_PCH_SM,SCA,B1GQ,LT,1995-Q1,
Q,CLV_PCH_SM,SCA,B1GQ,LT,1995-Q2,
Q,CLV_PCH_SM,SCA,B1GQ,LT,1995-Q3,
Q,CLV_PCH_SM,SCA,B1GQ,LT,1995-Q4,
Q,CLV_PCH_SM,SCA,B1GQ,LT,1996-Q1,5.7
Q,CLV_PCH_SM,SCA,B1GQ,LT,1996-Q2,2.4
Q,CLV_PCH_SM,SCA,B1GQ,LT,1996-Q3,6.3
Q,CLV_PCH_SM,SCA,B1GQ,LT,1996-Q4,4.4
Q,CLV_PCH_SM,SCA,B1GQ,LT,1997-Q1,5.7
Q,CLV_PCH_SM,SCA,B1GQ,LT,1997-Q2,8.9
Q,CLV_PCH_SM,SCA,B1GQ,LT,1997-Q3,8.7
Q,CLV_PCH_SM,SCA,B1GQ,LT,1997-Q4,10.1
Q,CLV_PCH_SM,SCA,B1GQ,LT,1998-Q1,9.7
Q,CLV_PCH_SM,SCA,B1GQ,LT,1998-Q2,9.5
Q,CLV_PCH_SM,SCA,B1GQ,LT,1998-Q3,6.9
Q,CLV_PCH_SM,SCA,B1GQ,LT,1998-Q4,4.8
Q,CLV_PCH_SM,SCA,B1GQ,LT,1999-Q1,1.5
Q,CLV_PCH_SM,SCA,B1GQ,LT,1999-Q2,-0.1
Q,CLV_PCH_SM,SCA,B1GQ,LT,1999-Q3,-2.8
Q,CLV_PCH_SM,SCA,B1GQ,LT,1999-Q4,-2.8
Q,CLV_PCH_SM,SCA,B1GQ,LT,2000-Q1,0.8
Q,CLV_PCH_SM,SCA,B1GQ,LT,2000-Q2,1.6
Q,CLV_PCH_SM,SCA,B1GQ,LT,2000-Q3,4.5
Q,CLV_PCH_SM,SCA,B1GQ,LT,2000-Q4,6.5
Q,CLV_PCH_SM,SCA,B1GQ,LT,2001-Q1,7.1
Q,CLV_PCH_SM,SCA,B1GQ,LT,2001-Q2,5.5
Q,CLV_PCH_SM,SCA,B1GQ,LT,2001-Q3,6.7
Q,CLV_PCH_SM,SCA,B1GQ,LT,2001-Q4,7.1
Q,CLV_PCH_SM,SCA,B1GQ,LT,2002-Q1,4.9
Q,CLV_PCH_SM,SCA,B1GQ,LT,2002-Q2,7.8
Q,CLV_PCH_SM,SCA,B1GQ,LT,2002-Q3,7.1
Q,CLV_PCH_SM,SCA,B1GQ,LT,2002-Q4,6.3
Q,CLV_PCH_SM,SCA,B1GQ,LT,2003-Q1,10.9
Q,CLV_PCH_SM,SCA,B1GQ,LT,2003-Q2,9.6
Q,CLV_PCH_SM,SCA,B1GQ,LT,2003-Q3,10.6
Q,CLV_PCH_SM,SCA,B1GQ,LT,2003-Q4,11
Q,CLV_PCH_SM,SCA,B1GQ,LT,2004-Q1,6.6
Q,CLV_PCH_SM,SCA,B1GQ,LT,2004-Q2,7.2
Q,CLV_PCH_SM,SCA,B1GQ,LT,2004-Q3,5.4
Q,CLV_PCH_SM,SCA,B1GQ,LT,2004-Q4,6.1
Q,CLV_PCH_SM,SCA,B1GQ,LT,2005-Q1,8
Q,CLV_PCH_SM,SCA,B1GQ,LT,2005-Q2,6.8
Q,CLV_PCH_SM,SCA,B1GQ,LT,2005-Q3,9
Q,CLV_PCH_SM,SCA,B1GQ,LT,2005-Q4,9
Q,CLV_PCH_SM,SCA,B1GQ,LT,2006-Q1,6.3
Q,CLV_PCH_SM,SCA,B1GQ,LT,2006-Q2,8.2
Q,CLV_PCH_SM,SCA,B1GQ,LT,2006-Q3,7.1
Q,CLV_PCH_SM,SCA,B1GQ,LT,2006-Q4,7.7
Q,CLV_PCH_SM,SCA,B1GQ,LT,2007-Q1,10.9
Q,CLV_PCH_SM,SCA,B1GQ,LT,2007-Q2,11
Q,CLV_PCH_SM,SCA,B1GQ,LT,2007-Q3,12
Q,CLV_PCH_SM,SCA,B1GQ,LT,2007-Q4,10.5
Q,CLV_PCH_SM,SCA,B1GQ,LT,2008-Q1,6.8
Q,CLV_PCH_SM,SCA,B1GQ,LT,2008-Q2,4.4
Q,CLV_PCH_SM,SCA,B1GQ,LT,2008-Q3,0.2
Q,CLV_PCH_SM,SCA,B1GQ,LT,2008-Q4,-2.3
Q,CLV_PCH_SM,SCA,B1GQ,LT,2009-Q1,-13.9
Q,CLV_PCH_SM,SCA,B1GQ,LT,2009-Q2,-15.3
Q,CLV_PCH_SM,SCA,B1GQ,LT,2009-Q3,-14.1
Q,CLV_PCH_SM,SCA,B1GQ,LT,2009-Q4,-14.6
Q,CLV_PCH_SM,SCA,B1GQ,LT,2010-Q1,-2
Q,CLV_PCH_SM,SCA,B1GQ,LT,2010-Q2,-0.3
Q,CLV_PCH_SM,SCA,B1GQ,LT,2010-Q3,0.1
Q,CLV_PCH_SM,SCA,B1GQ,LT,2010-Q4,3.4
Q,CLV_PCH_SM,SCA,B1GQ,LT,2011-Q1,5.7
Q,CLV_PCH_SM,SCA,B1GQ,LT,2011-Q2,7.2
Q,CLV_PCH_SM,SCA,B1GQ,LT,2011-Q3,6.4
Q,CLV_PCH_SM,SCA,B1GQ,LT,2011-Q4,6
Q,CLV_PCH_SM,SCA,B1GQ,LT,2012-Q1,4.5
Q,CLV_PCH_SM,SCA,B1GQ,LT,2012-Q2,2.8
Q,CLV_PCH_SM,SCA,B1GQ,LT,2012-Q3,5.4
Q,CLV_PCH_SM,SCA,B1GQ,LT,2012-Q4,4.8
Q,CLV_PCH_SM,SCA,B1GQ,LT,2013-Q1,3.8
Q,CLV_PCH_SM,SCA,B1GQ,LT,2013-Q2,4.7
Q,CLV_PCH_SM,SCA,B1GQ,LT,2013-Q3,3.8
Q,CLV_PCH_SM,SCA,B1GQ,LT,2013-Q4,4
Q,CLV_PCH_SM,SCA,B1GQ,LT,2014-Q1,4.6
Q,CLV_PCH_SM,SCA,B1GQ,LT,2014-Q2,4.4
Q,CLV_PCH_SM,SCA,B1GQ,LT,2014-Q3,3.4
Q,CLV_PCH_SM,SCA,B1GQ,LT,2014-Q4,2.8
Q,CLV_PCH_SM,SCA,B1GQ,LT,2015-Q1,2.4
Q,CLV_PCH_SM,SCA,B1GQ,LT,2015-Q2,2.6
Q,CLV_PCH_SM,SCA,B1GQ,LT,2015-Q3,3.3
Q,CLV_PCH_SM,SCA,B1GQ,LT,2015-Q4,3.1
Q,CLV_PCH_SM,SCA,B1GQ,LT,2016-Q1,2.1
Q,CLV_PCH_SM,SCA,B1GQ,LT,2016-Q2,2.1
Q,CLV_PCH_SM,SCA,B1GQ,LT,2016-Q3,2.4
Q,CLV_PCH_SM,SCA,B1GQ,LT,2016-Q4,3.8
Q,CLV_PCH_SM,SCA,B1GQ,LT,2017-Q1,5.2
Q,CLV_PCH_SM,SCA,B1GQ,LT,2017-Q2,4.9
Q,CLV_PCH_SM,SCA,B1GQ,LT,2017-Q3,4.3
Q,CLV_PCH_SM,SCA,B1GQ,LT,2017-Q4,4.4
Q,CLV_PCH_SM,SCA,B1GQ,LT,2018-Q1,4.5
Q,CLV_PCH_SM,SCA,B1GQ,LT,2018-Q2,5.3
Q,CLV_PCH_SM,SCA,B1GQ,LT,2018-Q3,4.6
Q,CLV_PCH_SM,SCA,B1GQ,LT,2018-Q4,5
Q,CLV_PCH_SM,SCA,B1GQ,LT,2019-Q1,4.8
Q,CLV_PCH_SM,SCA,B1GQ,LT,2019-Q2,4.9
Q,CLV_PCH_SM,SCA,B1GQ,LT,2019-Q3,4.8
Q,CLV_PCH_SM,SCA,B1GQ,LT,2019-Q4,4.4
Q,CLV_PCH_SM,SCA,B1GQ,LT,2020-Q1,2.7
Q,CLV_PCH_SM,SCA,B1GQ,LT,2020-Q2,-4.2
Q,CLV_PCH_SM,SCA,B1GQ,LT,2020-Q3,1.4
Q,CLV_PCH_SM,SCA,B1GQ,LT,2020-Q4,0.3
Q,CLV_PCH_SM,SCA,B1GQ,LT,2021-Q1,3
Q,CLV_PCH_SM,SCA,B1GQ,LT,2021-Q2,10.1
Q,CLV_PCH_SM,SCA,B1GQ,LT,2021-Q3,5.8
Q,CLV_PCH_SM,SCA,B1GQ,LT,2021-Q4,6.8
Q,CLV_PCH_SM,SCA,B1GQ,LT,2022-Q1,5.4
Q,CLV_PCH_SM,SCA,B1GQ,LT,2022-Q2,2.6
Q,CLV_PCH_SM,SCA,B1GQ,LT,2022-Q3,1.8
Q,CLV_PCH_SM,SCA,B1GQ,LT,2022-Q4,0.1
Q,CLV_PCH_SM,SCA,B1GQ,LT,2023-Q1,-1.1
Q,CLV_PCH_SM,SCA,B1GQ,LT,2023-Q2,1.9
Q,CLV_PCH_SM,SCA,B1GQ,LT,2023-Q3,1.1
Q,CLV_PCH_SM,SCA,B1GQ,LT,2023-Q4,1.3
Q,CLV_PCH_SM,SCA,B1GQ,LT,2024-Q1,3.1
Q,CLV_PCH_SM,SCA,B1GQ,LT,2024-Q2,1.9
Q,CLV_PCH_SM,SCA,B1GQ,LT,2024-Q3,3
Q,CLV_PCH_SM,SCA,B1GQ,LT,2024-Q4,4
Q,CLV_PCH_SM,SCA,B1GQ,LT,2025-Q1,2.9
Q,CLV_PCH_SM,SCA,B1GQ,LT,2025-Q2,3.2
Q,CLV_PCH_SM,SCA,B1GQ,LT,2025-Q3,2.2
Q,CLV_PCH_SM,SCA,B1GQ,LT,2025-Q4,3.3
Q,CLV_PCH_SM,SCA,B1GQ,LT,2026-Q1,2.8
Q,CLV_PCH_SM,SCA,B1GQ,LT,2026-Q2,3.8
Q,CLV_PCH_SM,SCA,B1GQ,LU,1978-Q1,
Q,CLV_PCH_SM,SCA,B1GQ,LU,1978-Q2,
Q,CLV_PCH_SM,SCA,B1GQ,LU,1978-Q3,
Q,CLV_PCH_SM,SCA,B1GQ,LU,1978-Q4,
Q,CLV_PCH_SM,SCA,B1GQ,LU,1979-Q1,
Q,CLV_PCH_SM,SCA,B1GQ,LU,1979-Q2,
Q,CLV_PCH_SM,SCA,B1GQ,LU,1979-Q3,
Q,CLV_PCH_SM,SCA,B1GQ,LU,1979-Q4,
Q,CLV_PCH_SM,SCA,B1GQ,LU,1980-Q1,
Q,CLV_PCH_SM,SCA,B1GQ,LU,1980-Q2,
Q,CLV_PCH_SM,SCA,B1GQ,LU,1980-Q3,
Q,CLV_PCH_SM,SCA,B1GQ,LU,1980-Q4,
Q,CLV_PCH_SM,SCA,B1GQ,LU,1981-Q1,
Q,CLV_PCH_SM,SCA,B1GQ,LU,1981-Q2,
Q,CLV_PCH_SM,SCA,B1GQ,LU,1981-Q3,
Q,CLV_PCH_SM,SCA,B1GQ,LU,1981-Q4,
Q,CLV_PCH_SM,SCA,B1GQ,LU,1982-Q1,
Q,CLV_PCH_SM,SCA,B1GQ,LU,1982-Q2,
Q,CLV_PCH_SM,SCA,B1GQ,LU,1982-Q3,
Q,CLV_PCH_SM,SCA,B1GQ,LU,1982-Q4,
Q,CLV_PCH_SM,SCA,B1GQ,LU,1983-Q1,
Q,CLV_PCH_SM,SCA,B1GQ,LU,1983-Q2,
Q,CLV_PCH_SM,SCA,B1GQ,LU,1983-Q3,
Q,CLV_PCH_SM,SCA,B1GQ,LU,1983-Q4,
Q,CLV_PCH_SM,SCA,B1GQ,LU,1984-Q1,
Q,CLV_PCH_SM,SCA,B1GQ,LU,1984-Q2,
Q,CLV_PCH_SM,SCA,B1GQ,LU,1984-Q3,
Q,CLV_PCH_SM,SCA,B1GQ,LU,1984-Q4,
Q,CLV_PCH_SM,SCA,B1GQ,LU,1985-Q1,
Q,CLV_PCH_SM,SCA,B1GQ,LU,1985-Q2,
Q,CLV_PCH_SM,SCA,B1GQ,LU,1985-Q3,
Q,CLV_PCH_SM,SCA,B1GQ,LU,1985-Q4,
Q,CLV_PCH_SM,SCA,B1GQ,LU,1986-Q1,
Q,CLV_PCH_SM,SCA,B1GQ,LU,1986-Q2,
Q,CLV_PCH_SM,SCA,B1GQ,LU,1986-Q3,
Q,CLV_PCH_SM,SCA,B1GQ,LU,1986-Q4,
Q,CLV_PCH_SM,SCA,B1GQ,LU,1987-Q1,
Q,CLV_PCH_SM,SCA,B1GQ,LU,1987-Q2,
Q,CLV_PCH_SM,SCA,B1GQ,LU,1987-Q3,
Q,CLV_PCH_SM,SCA,B1GQ,LU,1987-Q4,
Q,CLV_PCH_SM,SCA,B1GQ,LU,1988-Q1,
Q,CLV_PCH_SM,SCA,B1GQ,LU,1988-Q2,
Q,CLV_PCH_SM,SCA,B1GQ,LU,1988-Q3,
Q,CLV_PCH_SM,SCA,B1GQ,LU,1988-Q4,
Q,CLV_PCH_SM,SCA,B1GQ,LU,1989-Q1,
Q,CLV_PCH_SM,SCA,B1GQ,LU,1989-Q2,
Q,CLV_PCH_SM,SCA,B1GQ,LU,1989-Q3,
Q,CLV_PCH_SM,SCA,B1GQ,LU,1989-Q4,
Q,CLV_PCH_SM,SCA,B1GQ,LU,1990-Q1,
Q,CLV_PCH_SM,SCA,B1GQ,LU,1990-Q2,
Q,CLV_PCH_SM,SCA,B1GQ,LU,1990-Q3,
Q,CLV_PCH_SM,SCA,B1GQ,LU,1990-Q4,
Q,CLV_PCH_SM,SCA,B1GQ,LU,1991-Q1,
Q,CLV_PCH_SM,SCA,B1GQ,LU,1991-Q2,
Q,CLV_PCH_SM,SCA,B1GQ,LU,1991-Q3,
Q,CLV_PCH_SM,SCA,B1GQ,LU,1991-Q4,
Q,CLV_PCH_SM,SCA,B1GQ,LU,1992-Q1,
Q,CLV_PCH_SM,SCA,B1GQ,LU,1992-Q2,
Q,CLV_PCH_SM,SCA,B1GQ,LU,1992-Q3,
Q,CLV_PCH_SM,SCA,B1GQ,LU,1992-Q4,
Q,CLV_PCH_SM,SCA,B1GQ,LU,1993-Q1,
Q,CLV_PCH_SM,SCA,B1GQ,LU,1993-Q2,
Q,CLV_PCH_SM,SCA,B1GQ,LU,1993-Q3,
Q,CLV_PCH_SM,SCA,B1GQ,LU,1993-Q4,
Q,CLV_PCH_SM,SCA,B1GQ,LU,1994-Q1,
Q,CLV_PCH_SM,SCA,B1GQ,LU,1994-Q2,
Q,CLV_PCH_SM,SCA,B1GQ,LU,1994-Q3,
Q,CLV_PCH_SM,SCA,B1GQ,LU,1994-Q4,
Q,CLV_PCH_SM,SCA,B1GQ,LU,1995-Q1,
Q,CLV_PCH_SM,SCA,B1GQ,LU,1995-Q2,
Q,CLV_PCH_SM,SCA,B1GQ,LU,1995-Q3,
Q,CLV_PCH_SM,SCA,B1GQ,LU,1995-Q4,
Q,CLV_PCH_SM,SCA,B1GQ,LU,1996-Q1,0.3
Q,CLV_PCH_SM,SCA,B1GQ,LU,1996-Q2,1.2
Q,CLV_PCH_SM,SCA,B1GQ,LU,1996-Q3,-0.6
Q,CLV_PCH_SM,SCA,B1GQ,LU,1996-Q4,4.7
Q,CLV_PCH_SM,SCA,B1GQ,LU,1997-Q1,3.3
Q,CLV_PCH_SM,SCA,B1GQ,LU,1997-Q2,4
Q,CLV_PCH_SM,SCA,B1GQ,LU,1997-Q3,8.7
Q,CLV_PCH_SM,SCA,B1GQ,LU,1997-Q4,5.6
Q,CLV_PCH_SM,SCA,B1GQ,LU,1998-Q1,7.3
Q,CLV_PCH_SM,SCA,B1GQ,LU,1998-Q2,7.5
Q,CLV_PCH_SM,SCA,B1GQ,LU,1998-Q3,6.1
Q,CLV_PCH_SM,SCA,B1GQ,LU,1998-Q4,5.8
Q,CLV_PCH_SM,SCA,B1GQ,LU,1999-Q1,7.8
Q,CLV_PCH_SM,SCA,B1GQ,LU,1999-Q2,7.9
Q,CLV_PCH_SM,SCA,B1GQ,LU,1999-Q3,9.5
Q,CLV_PCH_SM,SCA,B1GQ,LU,1999-Q4,7.5
Q,CLV_PCH_SM,SCA,B1GQ,LU,2000-Q1,9.2
Q,CLV_PCH_SM,SCA,B1GQ,LU,2000-Q2,6.4
Q,CLV_PCH_SM,SCA,B1GQ,LU,2000-Q3,5.1
Q,CLV_PCH_SM,SCA,B1GQ,LU,2000-Q4,7.1
Q,CLV_PCH_SM,SCA,B1GQ,LU,2001-Q1,3.3
Q,CLV_PCH_SM,SCA,B1GQ,LU,2001-Q2,2.7
Q,CLV_PCH_SM,SCA,B1GQ,LU,2001-Q3,2.3
Q,CLV_PCH_SM,SCA,B1GQ,LU,2001-Q4,4
Q,CLV_PCH_SM,SCA,B1GQ,LU,2002-Q1,3
Q,CLV_PCH_SM,SCA,B1GQ,LU,2002-Q2,5.4
Q,CLV_PCH_SM,SCA,B1GQ,LU,2002-Q3,4
Q,CLV_PCH_SM,SCA,B1GQ,LU,2002-Q4,0.7
Q,CLV_PCH_SM,SCA,B1GQ,LU,2003-Q1,0.5
Q,CLV_PCH_SM,SCA,B1GQ,LU,2003-Q2,2
Q,CLV_PCH_SM,SCA,B1GQ,LU,2003-Q3,2.9
Q,CLV_PCH_SM,SCA,B1GQ,LU,2003-Q4,5.2
Q,CLV_PCH_SM,SCA,B1GQ,LU,2004-Q1,6.1
Q,CLV_PCH_SM,SCA,B1GQ,LU,2004-Q2,4.5
Q,CLV_PCH_SM,SCA,B1GQ,LU,2004-Q3,4.7
Q,CLV_PCH_SM,SCA,B1GQ,LU,2004-Q4,1.9
Q,CLV_PCH_SM,SCA,B1GQ,LU,2005-Q1,0.6
Q,CLV_PCH_SM,SCA,B1GQ,LU,2005-Q2,-0.6
Q,CLV_PCH_SM,SCA,B1GQ,LU,2005-Q3,1.7
Q,CLV_PCH_SM,SCA,B1GQ,LU,2005-Q4,8.1
Q,CLV_PCH_SM,SCA,B1GQ,LU,2006-Q1,7.9
Q,CLV_PCH_SM,SCA,B1GQ,LU,2006-Q2,9.2
Q,CLV_PCH_SM,SCA,B1GQ,LU,2006-Q3,6.1
Q,CLV_PCH_SM,SCA,B1GQ,LU,2006-Q4,1.3
Q,CLV_PCH_SM,SCA,B1GQ,LU,2007-Q1,7.6
Q,CLV_PCH_SM,SCA,B1GQ,LU,2007-Q2,8.8
Q,CLV_PCH_SM,SCA,B1GQ,LU,2007-Q3,7.9
Q,CLV_PCH_SM,SCA,B1GQ,LU,2007-Q4,8
Q,CLV_PCH_SM,SCA,B1GQ,LU,2008-Q1,3.5
Q,CLV_PCH_SM,SCA,B1GQ,LU,2008-Q2,-0.1
Q,CLV_PCH_SM,SCA,B1GQ,LU,2008-Q3,-0.1
Q,CLV_PCH_SM,SCA,B1GQ,LU,2008-Q4,-4.4
Q,CLV_PCH_SM,SCA,B1GQ,LU,2009-Q1,-8
Q,CLV_PCH_SM,SCA,B1GQ,LU,2009-Q2,-4.9
Q,CLV_PCH_SM,SCA,B1GQ,LU,2009-Q3,-2.4
Q,CLV_PCH_SM,SCA,B1GQ,LU,2009-Q4,2.6
Q,CLV_PCH_SM,SCA,B1GQ,LU,2010-Q1,6.7
Q,CLV_PCH_SM,SCA,B1GQ,LU,2010-Q2,5.3
Q,CLV_PCH_SM,SCA,B1GQ,LU,2010-Q3,1.8
Q,CLV_PCH_SM,SCA,B1GQ,LU,2010-Q4,1.4
Q,CLV_PCH_SM,SCA,B1GQ,LU,2011-Q1,1.2
Q,CLV_PCH_SM,SCA,B1GQ,LU,2011-Q2,-0.1
Q,CLV_PCH_SM,SCA,B1GQ,LU,2011-Q3,2.6
Q,CLV_PCH_SM,SCA,B1GQ,LU,2011-Q4,0.4
Q,CLV_PCH_SM,SCA,B1GQ,LU,2012-Q1,0.9
Q,CLV_PCH_SM,SCA,B1GQ,LU,2012-Q2,1.6
Q,CLV_PCH_SM,SCA,B1GQ,LU,2012-Q3,0.7
Q,CLV_PCH_SM,SCA,B1GQ,LU,2012-Q4,3.4
Q,CLV_PCH_SM,SCA,B1GQ,LU,2013-Q1,2
Q,CLV_PCH_SM,SCA,B1GQ,LU,2013-Q2,4.3
Q,CLV_PCH_SM,SCA,B1GQ,LU,2013-Q3,4.2
Q,CLV_PCH_SM,SCA,B1GQ,LU,2013-Q4,2.2
Q,CLV_PCH_SM,SCA,B1GQ,LU,2014-Q1,3.5
Q,CLV_PCH_SM,SCA,B1GQ,LU,2014-Q2,0
Q,CLV_PCH_SM,SCA,B1GQ,LU,2014-Q3,1.8
Q,CLV_PCH_SM,SCA,B1GQ,LU,2014-Q4,5.2
Q,CLV_PCH_SM,SCA,B1GQ,LU,2015-Q1,2.7
Q,CLV_PCH_SM,SCA,B1GQ,LU,2015-Q2,4.6
Q,CLV_PCH_SM,SCA,B1GQ,LU,2015-Q3,2.2
Q,CLV_PCH_SM,SCA,B1GQ,LU,2015-Q4,-0.3
Q,CLV_PCH_SM,SCA,B1GQ,LU,2016-Q1,3.7
Q,CLV_PCH_SM,SCA,B1GQ,LU,2016-Q2,4.5
Q,CLV_PCH_SM,SCA,B1GQ,LU,2016-Q3,5.7
Q,CLV_PCH_SM,SCA,B1GQ,LU,2016-Q4,6.1
Q,CLV_PCH_SM,SCA,B1GQ,LU,2017-Q1,1.5
Q,CLV_PCH_SM,SCA,B1GQ,LU,2017-Q2,1
Q,CLV_PCH_SM,SCA,B1GQ,LU,2017-Q3,1.3
Q,CLV_PCH_SM,SCA,B1GQ,LU,2017-Q4,1.6
Q,CLV_PCH_SM,SCA,B1GQ,LU,2018-Q1,2.9
Q,CLV_PCH_SM,SCA,B1GQ,LU,2018-Q2,1.6
Q,CLV_PCH_SM,SCA,B1GQ,LU,2018-Q3,1.2
Q,CLV_PCH_SM,SCA,B1GQ,LU,2018-Q4,1
Q,CLV_PCH_SM,SCA,B1GQ,LU,2019-Q1,1.5
Q,CLV_PCH_SM,SCA,B1GQ,LU,2019-Q2,3.4
Q,CLV_PCH_SM,SCA,B1GQ,LU,2019-Q3,3.1
Q,CLV_PCH_SM,SCA,B1GQ,LU,2019-Q4,3.1
Q,CLV_PCH_SM,SCA,B1GQ,LU,2020-Q1,2.1
Q,CLV_PCH_SM,SCA,B1GQ,LU,2020-Q2,-6.4
Q,CLV_PCH_SM,SCA,B1GQ,LU,2020-Q3,1.1
Q,CLV_PCH_SM,SCA,B1GQ,LU,2020-Q4,1.3
Q,CLV_PCH_SM,SCA,B1GQ,LU,2021-Q1,5.1
Q,CLV_PCH_SM,SCA,B1GQ,LU,2021-Q2,12.6
Q,CLV_PCH_SM,SCA,B1GQ,LU,2021-Q3,4.6
Q,CLV_PCH_SM,SCA,B1GQ,LU,2021-Q4,5.9
Q,CLV_PCH_SM,SCA,B1GQ,LU,2022-Q1,0.3
Q,CLV_PCH_SM,SCA,B1GQ,LU,2022-Q2,-0.2
Q,CLV_PCH_SM,SCA,B1GQ,LU,2022-Q3,-0.7
Q,CLV_PCH_SM,SCA,B1GQ,LU,2022-Q4,-3.7
Q,CLV_PCH_SM,SCA,B1GQ,LU,2023-Q1,-0.7
Q,CLV_PCH_SM,SCA,B1GQ,LU,2023-Q2,0.4
Q,CLV_PCH_SM,SCA,B1GQ,LU,2023-Q3,0.6
Q,CLV_PCH_SM,SCA,B1GQ,LU,2023-Q4,0
Q,CLV_PCH_SM,SCA,B1GQ,LU,2024-Q1,2.4
Q,CLV_PCH_SM,SCA,B1GQ,LU,2024-Q2,0.8
Q,CLV_PCH_SM,SCA,B1GQ,LU,2024-Q3,-2.2
Q,CLV_PCH_SM,SCA,B1GQ,LU,2024-Q4,0.4
Q,CLV_PCH_SM,SCA,B1GQ,LU,2025-Q1,-2.2
Q,CLV_PCH_SM,SCA,B1GQ,LU,2025-Q2,-0.5
Q,CLV_PCH_SM,SCA,B1GQ,LU,2025-Q3,3.2
Q,CLV_PCH_SM,SCA,B1GQ,LU,2025-Q4,2.1
Q,CLV_PCH_SM,SCA,B1GQ,LU,2026-Q1,1.6
Q,CLV_PCH_SM,SCA,B1GQ,LU,2026-Q2,
Q,CLV_PCH_SM,SCA,B1GQ,HU,1978-Q1,
Q,CLV_PCH_SM,SCA,B1GQ,HU,1978-Q2,
Q,CLV_PCH_SM,SCA,B1GQ,HU,1978-Q3,
Q,CLV_PCH_SM,SCA,B1GQ,HU,1978-Q4,
Q,CLV_PCH_SM,SCA,B1GQ,HU,1979-Q1,
Q,CLV_PCH_SM,SCA,B1GQ,HU,1979-Q2,
Q,CLV_PCH_SM,SCA,B1GQ,HU,1979-Q3,
Q,CLV_PCH_SM,SCA,B1GQ,HU,1979-Q4,
Q,CLV_PCH_SM,SCA,B1GQ,HU,1980-Q1,
Q,CLV_PCH_SM,SCA,B1GQ,HU,1980-Q2,
Q,CLV_PCH_SM,SCA,B1GQ,HU,1980-Q3,
Q,CLV_PCH_SM,SCA,B1GQ,HU,1980-Q4,
Q,CLV_PCH_SM,SCA,B1GQ,HU,1981-Q1,
Q,CLV_PCH_SM,SCA,B1GQ,HU,1981-Q2,
Q,CLV_PCH_SM,SCA,B1GQ,HU,1981-Q3,
Q,CLV_PCH_SM,SCA,B1GQ,HU,1981-Q4,
Q,CLV_PCH_SM,SCA,B1GQ,HU,1982-Q1,
Q,CLV_PCH_SM,SCA,B1GQ,HU,1982-Q2,
Q,CLV_PCH_SM,SCA,B1GQ,HU,1982-Q3,
Q,CLV_PCH_SM,SCA,B1GQ,HU,1982-Q4,
Q,CLV_PCH_SM,SCA,B1GQ,HU,1983-Q1,
Q,CLV_PCH_SM,SCA,B1GQ,HU,1983-Q2,
Q,CLV_PCH_SM,SCA,B1GQ,HU,1983-Q3,
Q,CLV_PCH_SM,SCA,B1GQ,HU,1983-Q4,
Q,CLV_PCH_SM,SCA,B1GQ,HU,1984-Q1,
Q,CLV_PCH_SM,SCA,B1GQ,HU,1984-Q2,
Q,CLV_PCH_SM,SCA,B1GQ,HU,1984-Q3,
Q,CLV_PCH_SM,SCA,B1GQ,HU,1984-Q4,
Q,CLV_PCH_SM,SCA,B1GQ,HU,1985-Q1,
Q,CLV_PCH_SM,SCA,B1GQ,HU,1985-Q2,
Q,CLV_PCH_SM,SCA,B1GQ,HU,1985-Q3,
Q,CLV_PCH_SM,SCA,B1GQ,HU,1985-Q4,
Q,CLV_PCH_SM,SCA,B1GQ,HU,1986-Q1,
Q,CLV_PCH_SM,SCA,B1GQ,HU,1986-Q2,
Q,CLV_PCH_SM,SCA,B1GQ,HU,1986-Q3,
Q,CLV_PCH_SM,SCA,B1GQ,HU,1986-Q4,
Q,CLV_PCH_SM,SCA,B1GQ,HU,1987-Q1,
Q,CLV_PCH_SM,SCA,B1GQ,HU,1987-Q2,
Q,CLV_PCH_SM,SCA,B1GQ,HU,1987-Q3,
Q,CLV_PCH_SM,SCA,B1GQ,HU,1987-Q4,
Q,CLV_PCH_SM,SCA,B1GQ,HU,1988-Q1,
Q,CLV_PCH_SM,SCA,B1GQ,HU,1988-Q2,
Q,CLV_PCH_SM,SCA,B1GQ,HU,1988-Q3,
Q,CLV_PCH_SM,SCA,B1GQ,HU,1988-Q4,
Q,CLV_PCH_SM,SCA,B1GQ,HU,1989-Q1,
Q,CLV_PCH_SM,SCA,B1GQ,HU,1989-Q2,
Q,CLV_PCH_SM,SCA,B1GQ,HU,1989-Q3,
Q,CLV_PCH_SM,SCA,B1GQ,HU,1989-Q4,
Q,CLV_PCH_SM,SCA,B1GQ,HU,1990-Q1,
Q,CLV_PCH_SM,SCA,B1GQ,HU,1990-Q2,
Q,CLV_PCH_SM,SCA,B1GQ,HU,1990-Q3,
Q,CLV_PCH_SM,SCA,B1GQ,HU,1990-Q4,
Q,CLV_PCH_SM,SCA,B1GQ,HU,1991-Q1,
Q,CLV_PCH_SM,SCA,B1GQ,HU,1991-Q2,
Q,CLV_PCH_SM,SCA,B1GQ,HU,1991-Q3,
Q,CLV_PCH_SM,SCA,B1GQ,HU,1991-Q4,
Q,CLV_PCH_SM,SCA,B1GQ,HU,1992-Q1,
Q,CLV_PCH_SM,SCA,B1GQ,HU,1992-Q2,
Q,CLV_PCH_SM,SCA,B1GQ,HU,1992-Q3,
Q,CLV_PCH_SM,SCA,B1GQ,HU,1992-Q4,
Q,CLV_PCH_SM,SCA,B1GQ,HU,1993-Q1,
Q,CLV_PCH_SM,SCA,B1GQ,HU,1993-Q2,
Q,CLV_PCH_SM,SCA,B1GQ,HU,1993-Q3,
Q,CLV_PCH_SM,SCA,B1GQ,HU,1993-Q4,
Q,CLV_PCH_SM,SCA,B1GQ,HU,1994-Q1,
Q,CLV_PCH_SM,SCA,B1GQ,HU,1994-Q2,
Q,CLV_PCH_SM,SCA,B1GQ,HU,1994-Q3,
Q,CLV_PCH_SM,SCA,B1GQ,HU,1994-Q4,
Q,CLV_PCH_SM,SCA,B1GQ,HU,1995-Q1,
Q,CLV_PCH_SM,SCA,B1GQ,HU,1995-Q2,
Q,CLV_PCH_SM,SCA,B1GQ,HU,1995-Q3,
Q,CLV_PCH_SM,SCA,B1GQ,HU,1995-Q4,
Q,CLV_PCH_SM,SCA,B1GQ,HU,1996-Q1,0.2
Q,CLV_PCH_SM,SCA,B1GQ,HU,1996-Q2,-0.4
Q,CLV_PCH_SM,SCA,B1GQ,HU,1996-Q3,-0.5
Q,CLV_PCH_SM,SCA,B1GQ,HU,1996-Q4,1.1
Q,CLV_PCH_SM,SCA,B1GQ,HU,1997-Q1,1.1
Q,CLV_PCH_SM,SCA,B1GQ,HU,1997-Q2,3
Q,CLV_PCH_SM,SCA,B1GQ,HU,1997-Q3,4.1
Q,CLV_PCH_SM,SCA,B1GQ,HU,1997-Q4,3.7
Q,CLV_PCH_SM,SCA,B1GQ,HU,1998-Q1,3.6
Q,CLV_PCH_SM,SCA,B1GQ,HU,1998-Q2,4.1
Q,CLV_PCH_SM,SCA,B1GQ,HU,1998-Q3,4.2
Q,CLV_PCH_SM,SCA,B1GQ,HU,1998-Q4,3.3
Q,CLV_PCH_SM,SCA,B1GQ,HU,1999-Q1,2.5
Q,CLV_PCH_SM,SCA,B1GQ,HU,1999-Q2,2.1
Q,CLV_PCH_SM,SCA,B1GQ,HU,1999-Q3,3.1
Q,CLV_PCH_SM,SCA,B1GQ,HU,1999-Q4,4.2
Q,CLV_PCH_SM,SCA,B1GQ,HU,2000-Q1,5.1
Q,CLV_PCH_SM,SCA,B1GQ,HU,2000-Q2,4.9
Q,CLV_PCH_SM,SCA,B1GQ,HU,2000-Q3,3.9
Q,CLV_PCH_SM,SCA,B1GQ,HU,2000-Q4,4.6
Q,CLV_PCH_SM,SCA,B1GQ,HU,2001-Q1,4.5
Q,CLV_PCH_SM,SCA,B1GQ,HU,2001-Q2,4.3
Q,CLV_PCH_SM,SCA,B1GQ,HU,2001-Q3,4.3
Q,CLV_PCH_SM,SCA,B1GQ,HU,2001-Q4,3.2
Q,CLV_PCH_SM,SCA,B1GQ,HU,2002-Q1,4.8
Q,CLV_PCH_SM,SCA,B1GQ,HU,2002-Q2,4.5
Q,CLV_PCH_SM,SCA,B1GQ,HU,2002-Q3,4.6
Q,CLV_PCH_SM,SCA,B1GQ,HU,2002-Q4,5
Q,CLV_PCH_SM,SCA,B1GQ,HU,2003-Q1,3.3
Q,CLV_PCH_SM,SCA,B1GQ,HU,2003-Q2,3.9
Q,CLV_PCH_SM,SCA,B1GQ,HU,2003-Q3,4.2
Q,CLV_PCH_SM,SCA,B1GQ,HU,2003-Q4,4
Q,CLV_PCH_SM,SCA,B1GQ,HU,2004-Q1,5
Q,CLV_PCH_SM,SCA,B1GQ,HU,2004-Q2,5
Q,CLV_PCH_SM,SCA,B1GQ,HU,2004-Q3,5
Q,CLV_PCH_SM,SCA,B1GQ,HU,2004-Q4,4.4
Q,CLV_PCH_SM,SCA,B1GQ,HU,2005-Q1,3.6
Q,CLV_PCH_SM,SCA,B1GQ,HU,2005-Q2,4.6
Q,CLV_PCH_SM,SCA,B1GQ,HU,2005-Q3,4.1
Q,CLV_PCH_SM,SCA,B1GQ,HU,2005-Q4,4.9
Q,CLV_PCH_SM,SCA,B1GQ,HU,2006-Q1,4.7
Q,CLV_PCH_SM,SCA,B1GQ,HU,2006-Q2,4.1
Q,CLV_PCH_SM,SCA,B1GQ,HU,2006-Q3,3.9
Q,CLV_PCH_SM,SCA,B1GQ,HU,2006-Q4,3.7
Q,CLV_PCH_SM,SCA,B1GQ,HU,2007-Q1,1.7
Q,CLV_PCH_SM,SCA,B1GQ,HU,2007-Q2,0.2
Q,CLV_PCH_SM,SCA,B1GQ,HU,2007-Q3,0.1
Q,CLV_PCH_SM,SCA,B1GQ,HU,2007-Q4,-0.5
Q,CLV_PCH_SM,SCA,B1GQ,HU,2008-Q1,1.8
Q,CLV_PCH_SM,SCA,B1GQ,HU,2008-Q2,2.4
Q,CLV_PCH_SM,SCA,B1GQ,HU,2008-Q3,1.6
Q,CLV_PCH_SM,SCA,B1GQ,HU,2008-Q4,-2.3
Q,CLV_PCH_SM,SCA,B1GQ,HU,2009-Q1,-7.3
Q,CLV_PCH_SM,SCA,B1GQ,HU,2009-Q2,-7.8
Q,CLV_PCH_SM,SCA,B1GQ,HU,2009-Q3,-7.6
Q,CLV_PCH_SM,SCA,B1GQ,HU,2009-Q4,-4.3
Q,CLV_PCH_SM,SCA,B1GQ,HU,2010-Q1,0.1
Q,CLV_PCH_SM,SCA,B1GQ,HU,2010-Q2,0.8
Q,CLV_PCH_SM,SCA,B1GQ,HU,2010-Q3,1.6
Q,CLV_PCH_SM,SCA,B1GQ,HU,2010-Q4,1.6
Q,CLV_PCH_SM,SCA,B1GQ,HU,2011-Q1,2.7
Q,CLV_PCH_SM,SCA,B1GQ,HU,2011-Q2,1.7
Q,CLV_PCH_SM,SCA,B1GQ,HU,2011-Q3,1.1
Q,CLV_PCH_SM,SCA,B1GQ,HU,2011-Q4,2.3
Q,CLV_PCH_SM,SCA,B1GQ,HU,2012-Q1,-0.3
Q,CLV_PCH_SM,SCA,B1GQ,HU,2012-Q2,-1.1
Q,CLV_PCH_SM,SCA,B1GQ,HU,2012-Q3,-1
Q,CLV_PCH_SM,SCA,B1GQ,HU,2012-Q4,-2.3
Q,CLV_PCH_SM,SCA,B1GQ,HU,2013-Q1,-0.3
Q,CLV_PCH_SM,SCA,B1GQ,HU,2013-Q2,1.6
Q,CLV_PCH_SM,SCA,B1GQ,HU,2013-Q3,2.9
Q,CLV_PCH_SM,SCA,B1GQ,HU,2013-Q4,4
Q,CLV_PCH_SM,SCA,B1GQ,HU,2014-Q1,4.3
Q,CLV_PCH_SM,SCA,B1GQ,HU,2014-Q2,4.7
Q,CLV_PCH_SM,SCA,B1GQ,HU,2014-Q3,4.1
Q,CLV_PCH_SM,SCA,B1GQ,HU,2014-Q4,3.8
Q,CLV_PCH_SM,SCA,B1GQ,HU,2015-Q1,4.5
Q,CLV_PCH_SM,SCA,B1GQ,HU,2015-Q2,3.3
Q,CLV_PCH_SM,SCA,B1GQ,HU,2015-Q3,3.1
Q,CLV_PCH_SM,SCA,B1GQ,HU,2015-Q4,3.6
Q,CLV_PCH_SM,SCA,B1GQ,HU,2016-Q1,1.7
Q,CLV_PCH_SM,SCA,B1GQ,HU,2016-Q2,2.9
Q,CLV_PCH_SM,SCA,B1GQ,HU,2016-Q3,2.6
Q,CLV_PCH_SM,SCA,B1GQ,HU,2016-Q4,2.4
Q,CLV_PCH_SM,SCA,B1GQ,HU,2017-Q1,3.9
Q,CLV_PCH_SM,SCA,B1GQ,HU,2017-Q2,3.9
Q,CLV_PCH_SM,SCA,B1GQ,HU,2017-Q3,4.3
Q,CLV_PCH_SM,SCA,B1GQ,HU,2017-Q4,4.9
Q,CLV_PCH_SM,SCA,B1GQ,HU,2018-Q1,5.7
Q,CLV_PCH_SM,SCA,B1GQ,HU,2018-Q2,5.4
Q,CLV_PCH_SM,SCA,B1GQ,HU,2018-Q3,6
Q,CLV_PCH_SM,SCA,B1GQ,HU,2018-Q4,5.6
Q,CLV_PCH_SM,SCA,B1GQ,HU,2019-Q1,5.7
Q,CLV_PCH_SM,SCA,B1GQ,HU,2019-Q2,5.1
Q,CLV_PCH_SM,SCA,B1GQ,HU,2019-Q3,5
Q,CLV_PCH_SM,SCA,B1GQ,HU,2019-Q4,4.5
Q,CLV_PCH_SM,SCA,B1GQ,HU,2020-Q1,2.1
Q,CLV_PCH_SM,SCA,B1GQ,HU,2020-Q2,-13
Q,CLV_PCH_SM,SCA,B1GQ,HU,2020-Q3,-4.1
Q,CLV_PCH_SM,SCA,B1GQ,HU,2020-Q4,-3
Q,CLV_PCH_SM,SCA,B1GQ,HU,2021-Q1,-1.5
Q,CLV_PCH_SM,SCA,B1GQ,HU,2021-Q2,17.7
Q,CLV_PCH_SM,SCA,B1GQ,HU,2021-Q3,6.6
Q,CLV_PCH_SM,SCA,B1GQ,HU,2021-Q4,7.4
Q,CLV_PCH_SM,SCA,B1GQ,HU,2022-Q1,7.3
Q,CLV_PCH_SM,SCA,B1GQ,HU,2022-Q2,6
Q,CLV_PCH_SM,SCA,B1GQ,HU,2022-Q3,3.5
Q,CLV_PCH_SM,SCA,B1GQ,HU,2022-Q4,0.1
Q,CLV_PCH_SM,SCA,B1GQ,HU,2023-Q1,-1.5
Q,CLV_PCH_SM,SCA,B1GQ,HU,2023-Q2,-2.3
Q,CLV_PCH_SM,SCA,B1GQ,HU,2023-Q3,0.1
Q,CLV_PCH_SM,SCA,B1GQ,HU,2023-Q4,1
Q,CLV_PCH_SM,SCA,B1GQ,HU,2024-Q1,1.6
Q,CLV_PCH_SM,SCA,B1GQ,HU,2024-Q2,1.4
Q,CLV_PCH_SM,SCA,B1GQ,HU,2024-Q3,-0.2
Q,CLV_PCH_SM,SCA,B1GQ,HU,2024-Q4,0.1
Q,CLV_PCH_SM,SCA,B1GQ,HU,2025-Q1,-0.3
Q,CLV_PCH_SM,SCA,B1GQ,HU,2025-Q2,0.4
Q,CLV_PCH_SM,SCA,B1GQ,HU,2025-Q3,0.8
Q,CLV_PCH_SM,SCA,B1GQ,HU,2025-Q4,0.8
Q,CLV_PCH_SM,SCA,B1GQ,HU,2026-Q1,1.8
Q,CLV_PCH_SM,SCA,B1GQ,HU,2026-Q2,1.7
Q,CLV_PCH_SM,SCA,B1GQ,MT,1978-Q1,
Q,CLV_PCH_SM,SCA,B1GQ,MT,1978-Q2,
Q,CLV_PCH_SM,SCA,B1GQ,MT,1978-Q3,
Q,CLV_PCH_SM,SCA,B1GQ,MT,1978-Q4,
Q,CLV_PCH_SM,SCA,B1GQ,MT,1979-Q1,
Q,CLV_PCH_SM,SCA,B1GQ,MT,1979-Q2,
Q,CLV_PCH_SM,SCA,B1GQ,MT,1979-Q3,
Q,CLV_PCH_SM,SCA,B1GQ,MT,1979-Q4,
Q,CLV_PCH_SM,SCA,B1GQ,MT,1980-Q1,
Q,CLV_PCH_SM,SCA,B1GQ,MT,1980-Q2,
Q,CLV_PCH_SM,SCA,B1GQ,MT,1980-Q3,
Q,CLV_PCH_SM,SCA,B1GQ,MT,1980-Q4,
Q,CLV_PCH_SM,SCA,B1GQ,MT,1981-Q1,
Q,CLV_PCH_SM,SCA,B1GQ,MT,1981-Q2,
Q,CLV_PCH_SM,SCA,B1GQ,MT,1981-Q3,
Q,CLV_PCH_SM,SCA,B1GQ,MT,1981-Q4,
Q,CLV_PCH_SM,SCA,B1GQ,MT,1982-Q1,
Q,CLV_PCH_SM,SCA,B1GQ,MT,1982-Q2,
Q,CLV_PCH_SM,SCA,B1GQ,MT,1982-Q3,
Q,CLV_PCH_SM,SCA,B1GQ,MT,1982-Q4,
Q,CLV_PCH_SM,SCA,B1GQ,MT,1983-Q1,
Q,CLV_PCH_SM,SCA,B1GQ,MT,1983-Q2,
Q,CLV_PCH_SM,SCA,B1GQ,MT,1983-Q3,
Q,CLV_PCH_SM,SCA,B1GQ,MT,1983-Q4,
Q,CLV_PCH_SM,SCA,B1GQ,MT,1984-Q1,
Q,CLV_PCH_SM,SCA,B1GQ,MT,1984-Q2,
Q,CLV_PCH_SM,SCA,B1GQ,MT,1984-Q3,
Q,CLV_PCH_SM,SCA,B1GQ,MT,1984-Q4,
Q,CLV_PCH_SM,SCA,B1GQ,MT,1985-Q1,
Q,CLV_PCH_SM,SCA,B1GQ,MT,1985-Q2,
Q,CLV_PCH_SM,SCA,B1GQ,MT,1985-Q3,
Q,CLV_PCH_SM,SCA,B1GQ,MT,1985-Q4,
Q,CLV_PCH_SM,SCA,B1GQ,MT,1986-Q1,
Q,CLV_PCH_SM,SCA,B1GQ,MT,1986-Q2,
Q,CLV_PCH_SM,SCA,B1GQ,MT,1986-Q3,
Q,CLV_PCH_SM,SCA,B1GQ,MT,1986-Q4,
Q,CLV_PCH_SM,SCA,B1GQ,MT,1987-Q1,
Q,CLV_PCH_SM,SCA,B1GQ,MT,1987-Q2,
Q,CLV_PCH_SM,SCA,B1GQ,MT,1987-Q3,
Q,CLV_PCH_SM,SCA,B1GQ,MT,1987-Q4,
Q,CLV_PCH_SM,SCA,B1GQ,MT,1988-Q1,
Q,CLV_PCH_SM,SCA,B1GQ,MT,1988-Q2,
Q,CLV_PCH_SM,SCA,B1GQ,MT,1988-Q3,
Q,CLV_PCH_SM,SCA,B1GQ,MT,1988-Q4,
Q,CLV_PCH_SM,SCA,B1GQ,MT,1989-Q1,
Q,CLV_PCH_SM,SCA,B1GQ,MT,1989-Q2,
Q,CLV_PCH_SM,SCA,B1GQ,MT,1989-Q3,
Q,CLV_PCH_SM,SCA,B1GQ,MT,1989-Q4,
Q,CLV_PCH_SM,SCA,B1GQ,MT,1990-Q1,
Q,CLV_PCH_SM,SCA,B1GQ,MT,1990-Q2,
Q,CLV_PCH_SM,SCA,B1GQ,MT,1990-Q3,
Q,CLV_PCH_SM,SCA,B1GQ,MT,1990-Q4,
Q,CLV_PCH_SM,SCA,B1GQ,MT,1991-Q1,
Q,CLV_PCH_SM,SCA,B1GQ,MT,1991-Q2,
Q,CLV_PCH_SM,SCA,B1GQ,MT,1991-Q3,
Q,CLV_PCH_SM,SCA,B1GQ,MT,1991-Q4,
Q,CLV_PCH_SM,SCA,B1GQ,MT,1992-Q1,
Q,CLV_PCH_SM,SCA,B1GQ,MT,1992-Q2,
Q,CLV_PCH_SM,SCA,B1GQ,MT,1992-Q3,
Q,CLV_PCH_SM,SCA,B1GQ,MT,1992-Q4,
Q,CLV_PCH_SM,SCA,B1GQ,MT,1993-Q1,
Q,CLV_PCH_SM,SCA,B1GQ,MT,1993-Q2,
Q,CLV_PCH_SM,SCA,B1GQ,MT,1993-Q3,
Q,CLV_PCH_SM,SCA,B1GQ,MT,1993-Q4,
Q,CLV_PCH_SM,SCA,B1GQ,MT,1994-Q1,
Q,CLV_PCH_SM,SCA,B1GQ,MT,1994-Q2,
Q,CLV_PCH_SM,SCA,B1GQ,MT,1994-Q3,
Q,CLV_PCH_SM,SCA,B1GQ,MT,1994-Q4,
Q,CLV_PCH_SM,SCA,B1GQ,MT,1995-Q1,
Q,CLV_PCH_SM,SCA,B1GQ,MT,1995-Q2,
Q,CLV_PCH_SM,SCA,B1GQ,MT,1995-Q3,
Q,CLV_PCH_SM,SCA,B1GQ,MT,1995-Q4,
Q,CLV_PCH_SM,SCA,B1GQ,MT,1996-Q1,
Q,CLV_PCH_SM,SCA,B1GQ,MT,1996-Q2,
Q,CLV_PCH_SM,SCA,B1GQ,MT,1996-Q3,
Q,CLV_PCH_SM,SCA,B1GQ,MT,1996-Q4,
Q,CLV_PCH_SM,SCA,B1GQ,MT,1997-Q1,
Q,CLV_PCH_SM,SCA,B1GQ,MT,1997-Q2,
Q,CLV_PCH_SM,SCA,B1GQ,MT,1997-Q3,
Q,CLV_PCH_SM,SCA,B1GQ,MT,1997-Q4,
Q,CLV_PCH_SM,SCA,B1GQ,MT,1998-Q1,
Q,CLV_PCH_SM,SCA,B1GQ,MT,1998-Q2,
Q,CLV_PCH_SM,SCA,B1GQ,MT,1998-Q3,
Q,CLV_PCH_SM,SCA,B1GQ,MT,1998-Q4,
Q,CLV_PCH_SM,SCA,B1GQ,MT,1999-Q1,
Q,CLV_PCH_SM,SCA,B1GQ,MT,1999-Q2,
Q,CLV_PCH_SM,SCA,B1GQ,MT,1999-Q3,
Q,CLV_PCH_SM,SCA,B1GQ,MT,1999-Q4,
Q,CLV_PCH_SM,SCA,B1GQ,MT,2000-Q1,
Q,CLV_PCH_SM,SCA,B1GQ,MT,2000-Q2,
Q,CLV_PCH_SM,SCA,B1GQ,MT,2000-Q3,
Q,CLV_PCH_SM,SCA,B1GQ,MT,2000-Q4,
Q,CLV_PCH_SM,SCA,B1GQ,MT,2001-Q1,2.3
Q,CLV_PCH_SM,SCA,B1GQ,MT,2001-Q2,-3
Q,CLV_PCH_SM,SCA,B1GQ,MT,2001-Q3,1.1
Q,CLV_PCH_SM,SCA,B1GQ,MT,2001-Q4,-3.1
Q,CLV_PCH_SM,SCA,B1GQ,MT,2002-Q1,2.6
Q,CLV_PCH_SM,SCA,B1GQ,MT,2002-Q2,3.8
Q,CLV_PCH_SM,SCA,B1GQ,MT,2002-Q3,2.2
Q,CLV_PCH_SM,SCA,B1GQ,MT,2002-Q4,2.3
Q,CLV_PCH_SM,SCA,B1GQ,MT,2003-Q1,2.2
Q,CLV_PCH_SM,SCA,B1GQ,MT,2003-Q2,3.5
Q,CLV_PCH_SM,SCA,B1GQ,MT,2003-Q3,3.9
Q,CLV_PCH_SM,SCA,B1GQ,MT,2003-Q4,5
Q,CLV_PCH_SM,SCA,B1GQ,MT,2004-Q1,2.6
Q,CLV_PCH_SM,SCA,B1GQ,MT,2004-Q2,-2.4
Q,CLV_PCH_SM,SCA,B1GQ,MT,2004-Q3,-0.2
Q,CLV_PCH_SM,SCA,B1GQ,MT,2004-Q4,1.9
Q,CLV_PCH_SM,SCA,B1GQ,MT,2005-Q1,-0.8
Q,CLV_PCH_SM,SCA,B1GQ,MT,2005-Q2,6.3
Q,CLV_PCH_SM,SCA,B1GQ,MT,2005-Q3,4.1
Q,CLV_PCH_SM,SCA,B1GQ,MT,2005-Q4,1.9
Q,CLV_PCH_SM,SCA,B1GQ,MT,2006-Q1,3.4
Q,CLV_PCH_SM,SCA,B1GQ,MT,2006-Q2,2.4
Q,CLV_PCH_SM,SCA,B1GQ,MT,2006-Q3,2.1
Q,CLV_PCH_SM,SCA,B1GQ,MT,2006-Q4,1.7
Q,CLV_PCH_SM,SCA,B1GQ,MT,2007-Q1,7
Q,CLV_PCH_SM,SCA,B1GQ,MT,2007-Q2,4.7
Q,CLV_PCH_SM,SCA,B1GQ,MT,2007-Q3,5.1
Q,CLV_PCH_SM,SCA,B1GQ,MT,2007-Q4,3.4
Q,CLV_PCH_SM,SCA,B1GQ,MT,2008-Q1,4.1
Q,CLV_PCH_SM,SCA,B1GQ,MT,2008-Q2,3.9
Q,CLV_PCH_SM,SCA,B1GQ,MT,2008-Q3,3.4
Q,CLV_PCH_SM,SCA,B1GQ,MT,2008-Q4,6.3
Q,CLV_PCH_SM,SCA,B1GQ,MT,2009-Q1,-2.3
Q,CLV_PCH_SM,SCA,B1GQ,MT,2009-Q2,-1.9
Q,CLV_PCH_SM,SCA,B1GQ,MT,2009-Q3,-1.5
Q,CLV_PCH_SM,SCA,B1GQ,MT,2009-Q4,0.1
Q,CLV_PCH_SM,SCA,B1GQ,MT,2010-Q1,7.4
Q,CLV_PCH_SM,SCA,B1GQ,MT,2010-Q2,5.2
Q,CLV_PCH_SM,SCA,B1GQ,MT,2010-Q3,6.8
Q,CLV_PCH_SM,SCA,B1GQ,MT,2010-Q4,5.4
Q,CLV_PCH_SM,SCA,B1GQ,MT,2011-Q1,1.3
Q,CLV_PCH_SM,SCA,B1GQ,MT,2011-Q2,1.6
Q,CLV_PCH_SM,SCA,B1GQ,MT,2011-Q3,0.6
Q,CLV_PCH_SM,SCA,B1GQ,MT,2011-Q4,0.7
Q,CLV_PCH_SM,SCA,B1GQ,MT,2012-Q1,2.5
Q,CLV_PCH_SM,SCA,B1GQ,MT,2012-Q2,4.7
Q,CLV_PCH_SM,SCA,B1GQ,MT,2012-Q3,5
Q,CLV_PCH_SM,SCA,B1GQ,MT,2012-Q4,4.1
Q,CLV_PCH_SM,SCA,B1GQ,MT,2013-Q1,4.9
Q,CLV_PCH_SM,SCA,B1GQ,MT,2013-Q2,6.9
Q,CLV_PCH_SM,SCA,B1GQ,MT,2013-Q3,6.9
Q,CLV_PCH_SM,SCA,B1GQ,MT,2013-Q4,6.5
Q,CLV_PCH_SM,SCA,B1GQ,MT,2014-Q1,7.8
Q,CLV_PCH_SM,SCA,B1GQ,MT,2014-Q2,6.5
Q,CLV_PCH_SM,SCA,B1GQ,MT,2014-Q3,6.5
Q,CLV_PCH_SM,SCA,B1GQ,MT,2014-Q4,9.8
Q,CLV_PCH_SM,SCA,B1GQ,MT,2015-Q1,9.7
Q,CLV_PCH_SM,SCA,B1GQ,MT,2015-Q2,10.3
Q,CLV_PCH_SM,SCA,B1GQ,MT,2015-Q3,9.9
Q,CLV_PCH_SM,SCA,B1GQ,MT,2015-Q4,8.7
Q,CLV_PCH_SM,SCA,B1GQ,MT,2016-Q1,4.9
Q,CLV_PCH_SM,SCA,B1GQ,MT,2016-Q2,3.5
Q,CLV_PCH_SM,SCA,B1GQ,MT,2016-Q3,4.2
Q,CLV_PCH_SM,SCA,B1GQ,MT,2016-Q4,3.8
Q,CLV_PCH_SM,SCA,B1GQ,MT,2017-Q1,12.9
Q,CLV_PCH_SM,SCA,B1GQ,MT,2017-Q2,13
Q,CLV_PCH_SM,SCA,B1GQ,MT,2017-Q3,13
Q,CLV_PCH_SM,SCA,B1GQ,MT,2017-Q4,12.9
Q,CLV_PCH_SM,SCA,B1GQ,MT,2018-Q1,4.9
Q,CLV_PCH_SM,SCA,B1GQ,MT,2018-Q2,7.5
Q,CLV_PCH_SM,SCA,B1GQ,MT,2018-Q3,8.7
Q,CLV_PCH_SM,SCA,B1GQ,MT,2018-Q4,7.5
Q,CLV_PCH_SM,SCA,B1GQ,MT,2019-Q1,5.8
Q,CLV_PCH_SM,SCA,B1GQ,MT,2019-Q2,4.8
Q,CLV_PCH_SM,SCA,B1GQ,MT,2019-Q3,2.8
Q,CLV_PCH_SM,SCA,B1GQ,MT,2019-Q4,3.3
Q,CLV_PCH_SM,SCA,B1GQ,MT,2020-Q1,6.2
Q,CLV_PCH_SM,SCA,B1GQ,MT,2020-Q2,-9.3
Q,CLV_PCH_SM,SCA,B1GQ,MT,2020-Q3,-6.5
Q,CLV_PCH_SM,SCA,B1GQ,MT,2020-Q4,-3.8
Q,CLV_PCH_SM,SCA,B1GQ,MT,2021-Q1,1.2
Q,CLV_PCH_SM,SCA,B1GQ,MT,2021-Q2,17.6
Q,CLV_PCH_SM,SCA,B1GQ,MT,2021-Q3,18.9
Q,CLV_PCH_SM,SCA,B1GQ,MT,2021-Q4,16.2
Q,CLV_PCH_SM,SCA,B1GQ,MT,2022-Q1,5.1
Q,CLV_PCH_SM,SCA,B1GQ,MT,2022-Q2,6.6
Q,CLV_PCH_SM,SCA,B1GQ,MT,2022-Q3,2.2
Q,CLV_PCH_SM,SCA,B1GQ,MT,2022-Q4,2.7
Q,CLV_PCH_SM,SCA,B1GQ,MT,2023-Q1,7.5
Q,CLV_PCH_SM,SCA,B1GQ,MT,2023-Q2,6.1
Q,CLV_PCH_SM,SCA,B1GQ,MT,2023-Q3,7.7
Q,CLV_PCH_SM,SCA,B1GQ,MT,2023-Q4,7
Q,CLV_PCH_SM,SCA,B1GQ,MT,2024-Q1,7.3
Q,CLV_PCH_SM,SCA,B1GQ,MT,2024-Q2,7.1
Q,CLV_PCH_SM,SCA,B1GQ,MT,2024-Q3,4
Q,CLV_PCH_SM,SCA,B1GQ,MT,2024-Q4,2.9
Q,CLV_PCH_SM,SCA,B1GQ,MT,2025-Q1,3.8
Q,CLV_PCH_SM,SCA,B1GQ,MT,2025-Q2,2.6
Q,CLV_PCH_SM,SCA,B1GQ,MT,2025-Q3,4.7
Q,CLV_PCH_SM,SCA,B1GQ,MT,2025-Q4,6.2
Q,CLV_PCH_SM,SCA,B1GQ,MT,2026-Q1,4.6
Q,CLV_PCH_SM,SCA,B1GQ,MT,2026-Q2,5
Q,CLV_PCH_SM,SCA,B1GQ,NL,1978-Q1,
Q,CLV_PCH_SM,SCA,B1GQ,NL,1978-Q2,
Q,CLV_PCH_SM,SCA,B1GQ,NL,1978-Q3,
Q,CLV_PCH_SM,SCA,B1GQ,NL,1978-Q4,
Q,CLV_PCH_SM,SCA,B1GQ,NL,1979-Q1,
Q,CLV_PCH_SM,SCA,B1GQ,NL,1979-Q2,
Q,CLV_PCH_SM,SCA,B1GQ,NL,1979-Q3,
Q,CLV_PCH_SM,SCA,B1GQ,NL,1979-Q4,
Q,CLV_PCH_SM,SCA,B1GQ,NL,1980-Q1,
Q,CLV_PCH_SM,SCA,B1GQ,NL,1980-Q2,
Q,CLV_PCH_SM,SCA,B1GQ,NL,1980-Q3,
Q,CLV_PCH_SM,SCA,B1GQ,NL,1980-Q4,
Q,CLV_PCH_SM,SCA,B1GQ,NL,1981-Q1,
Q,CLV_PCH_SM,SCA,B1GQ,NL,1981-Q2,
Q,CLV_PCH_SM,SCA,B1GQ,NL,1981-Q3,
Q,CLV_PCH_SM,SCA,B1GQ,NL,1981-Q4,
Q,CLV_PCH_SM,SCA,B1GQ,NL,1982-Q1,
Q,CLV_PCH_SM,SCA,B1GQ,NL,1982-Q2,
Q,CLV_PCH_SM,SCA,B1GQ,NL,1982-Q3,
Q,CLV_PCH_SM,SCA,B1GQ,NL,1982-Q4,
Q,CLV_PCH_SM,SCA,B1GQ,NL,1983-Q1,
Q,CLV_PCH_SM,SCA,B1GQ,NL,1983-Q2,
Q,CLV_PCH_SM,SCA,B1GQ,NL,1983-Q3,
Q,CLV_PCH_SM,SCA,B1GQ,NL,1983-Q4,
Q,CLV_PCH_SM,SCA,B1GQ,NL,1984-Q1,
Q,CLV_PCH_SM,SCA,B1GQ,NL,1984-Q2,
Q,CLV_PCH_SM,SCA,B1GQ,NL,1984-Q3,
Q,CLV_PCH_SM,SCA,B1GQ,NL,1984-Q4,
Q,CLV_PCH_SM,SCA,B1GQ,NL,1985-Q1,
Q,CLV_PCH_SM,SCA,B1GQ,NL,1985-Q2,
Q,CLV_PCH_SM,SCA,B1GQ,NL,1985-Q3,
Q,CLV_PCH_SM,SCA,B1GQ,NL,1985-Q4,
Q,CLV_PCH_SM,SCA,B1GQ,NL,1986-Q1,
Q,CLV_PCH_SM,SCA,B1GQ,NL,1986-Q2,
Q,CLV_PCH_SM,SCA,B1GQ,NL,1986-Q3,
Q,CLV_PCH_SM,SCA,B1GQ,NL,1986-Q4,
Q,CLV_PCH_SM,SCA,B1GQ,NL,1987-Q1,
Q,CLV_PCH_SM,SCA,B1GQ,NL,1987-Q2,
Q,CLV_PCH_SM,SCA,B1GQ,NL,1987-Q3,
Q,CLV_PCH_SM,SCA,B1GQ,NL,1987-Q4,
Q,CLV_PCH_SM,SCA,B1GQ,NL,1988-Q1,
Q,CLV_PCH_SM,SCA,B1GQ,NL,1988-Q2,
Q,CLV_PCH_SM,SCA,B1GQ,NL,1988-Q3,
Q,CLV_PCH_SM,SCA,B1GQ,NL,1988-Q4,
Q,CLV_PCH_SM,SCA,B1GQ,NL,1989-Q1,
Q,CLV_PCH_SM,SCA,B1GQ,NL,1989-Q2,
Q,CLV_PCH_SM,SCA,B1GQ,NL,1989-Q3,
Q,CLV_PCH_SM,SCA,B1GQ,NL,1989-Q4,
Q,CLV_PCH_SM,SCA,B1GQ,NL,1990-Q1,
Q,CLV_PCH_SM,SCA,B1GQ,NL,1990-Q2,
Q,CLV_PCH_SM,SCA,B1GQ,NL,1990-Q3,
Q,CLV_PCH_SM,SCA,B1GQ,NL,1990-Q4,
Q,CLV_PCH_SM,SCA,B1GQ,NL,1991-Q1,
Q,CLV_PCH_SM,SCA,B1GQ,NL,1991-Q2,
Q,CLV_PCH_SM,SCA,B1GQ,NL,1991-Q3,
Q,CLV_PCH_SM,SCA,B1GQ,NL,1991-Q4,
Q,CLV_PCH_SM,SCA,B1GQ,NL,1992-Q1,
Q,CLV_PCH_SM,SCA,B1GQ,NL,1992-Q2,
Q,CLV_PCH_SM,SCA,B1GQ,NL,1992-Q3,
Q,CLV_PCH_SM,SCA,B1GQ,NL,1992-Q4,
Q,CLV_PCH_SM,SCA,B1GQ,NL,1993-Q1,
Q,CLV_PCH_SM,SCA,B1GQ,NL,1993-Q2,
Q,CLV_PCH_SM,SCA,B1GQ,NL,1993-Q3,
Q,CLV_PCH_SM,SCA,B1GQ,NL,1993-Q4,
Q,CLV_PCH_SM,SCA,B1GQ,NL,1994-Q1,
Q,CLV_PCH_SM,SCA,B1GQ,NL,1994-Q2,
Q,CLV_PCH_SM,SCA,B1GQ,NL,1994-Q3,
Q,CLV_PCH_SM,SCA,B1GQ,NL,1994-Q4,
Q,CLV_PCH_SM,SCA,B1GQ,NL,1995-Q1,
Q,CLV_PCH_SM,SCA,B1GQ,NL,1995-Q2,
Q,CLV_PCH_SM,SCA,B1GQ,NL,1995-Q3,
Q,CLV_PCH_SM,SCA,B1GQ,NL,1995-Q4,
Q,CLV_PCH_SM,SCA,B1GQ,NL,1996-Q1,
Q,CLV_PCH_SM,SCA,B1GQ,NL,1996-Q2,
Q,CLV_PCH_SM,SCA,B1GQ,NL,1996-Q3,
Q,CLV_PCH_SM,SCA,B1GQ,NL,1996-Q4,
Q,CLV_PCH_SM,SCA,B1GQ,NL,1997-Q1,4.4
Q,CLV_PCH_SM,SCA,B1GQ,NL,1997-Q2,4.2
Q,CLV_PCH_SM,SCA,B1GQ,NL,1997-Q3,4.2
Q,CLV_PCH_SM,SCA,B1GQ,NL,1997-Q4,4.8
Q,CLV_PCH_SM,SCA,B1GQ,NL,1998-Q1,5.4
Q,CLV_PCH_SM,SCA,B1GQ,NL,1998-Q2,4.8
Q,CLV_PCH_SM,SCA,B1GQ,NL,1998-Q3,4.2
Q,CLV_PCH_SM,SCA,B1GQ,NL,1998-Q4,3.8
Q,CLV_PCH_SM,SCA,B1GQ,NL,1999-Q1,4.3
Q,CLV_PCH_SM,SCA,B1GQ,NL,1999-Q2,4.7
Q,CLV_PCH_SM,SCA,B1GQ,NL,1999-Q3,5.2
Q,CLV_PCH_SM,SCA,B1GQ,NL,1999-Q4,5.6
Q,CLV_PCH_SM,SCA,B1GQ,NL,2000-Q1,4.6
Q,CLV_PCH_SM,SCA,B1GQ,NL,2000-Q2,4.6
Q,CLV_PCH_SM,SCA,B1GQ,NL,2000-Q3,4.1
Q,CLV_PCH_SM,SCA,B1GQ,NL,2000-Q4,3.9
Q,CLV_PCH_SM,SCA,B1GQ,NL,2001-Q1,3.5
Q,CLV_PCH_SM,SCA,B1GQ,NL,2001-Q2,2.7
Q,CLV_PCH_SM,SCA,B1GQ,NL,2001-Q3,2.1
Q,CLV_PCH_SM,SCA,B1GQ,NL,2001-Q4,1.1
Q,CLV_PCH_SM,SCA,B1GQ,NL,2002-Q1,0.4
Q,CLV_PCH_SM,SCA,B1GQ,NL,2002-Q2,0.3
Q,CLV_PCH_SM,SCA,B1GQ,NL,2002-Q3,0.1
Q,CLV_PCH_SM,SCA,B1GQ,NL,2002-Q4,0.2
Q,CLV_PCH_SM,SCA,B1GQ,NL,2003-Q1,0.6
Q,CLV_PCH_SM,SCA,B1GQ,NL,2003-Q2,-0.1
Q,CLV_PCH_SM,SCA,B1GQ,NL,2003-Q3,-0.2
Q,CLV_PCH_SM,SCA,B1GQ,NL,2003-Q4,0.4
Q,CLV_PCH_SM,SCA,B1GQ,NL,2004-Q1,1.1
Q,CLV_PCH_SM,SCA,B1GQ,NL,2004-Q2,2
Q,CLV_PCH_SM,SCA,B1GQ,NL,2004-Q3,2.2
Q,CLV_PCH_SM,SCA,B1GQ,NL,2004-Q4,1.8
Q,CLV_PCH_SM,SCA,B1GQ,NL,2005-Q1,1.1
Q,CLV_PCH_SM,SCA,B1GQ,NL,2005-Q2,1.5
Q,CLV_PCH_SM,SCA,B1GQ,NL,2005-Q3,2.6
Q,CLV_PCH_SM,SCA,B1GQ,NL,2005-Q4,3.1
Q,CLV_PCH_SM,SCA,B1GQ,NL,2006-Q1,3.4
Q,CLV_PCH_SM,SCA,B1GQ,NL,2006-Q2,4.2
Q,CLV_PCH_SM,SCA,B1GQ,NL,2006-Q3,3.4
Q,CLV_PCH_SM,SCA,B1GQ,NL,2006-Q4,3.6
Q,CLV_PCH_SM,SCA,B1GQ,NL,2007-Q1,4.2
Q,CLV_PCH_SM,SCA,B1GQ,NL,2007-Q2,3.2
Q,CLV_PCH_SM,SCA,B1GQ,NL,2007-Q3,3.8
Q,CLV_PCH_SM,SCA,B1GQ,NL,2007-Q4,4.4
Q,CLV_PCH_SM,SCA,B1GQ,NL,2008-Q1,3.9
Q,CLV_PCH_SM,SCA,B1GQ,NL,2008-Q2,3.4
Q,CLV_PCH_SM,SCA,B1GQ,NL,2008-Q3,2
Q,CLV_PCH_SM,SCA,B1GQ,NL,2008-Q4,-0.6
Q,CLV_PCH_SM,SCA,B1GQ,NL,2009-Q1,-3.5
Q,CLV_PCH_SM,SCA,B1GQ,NL,2009-Q2,-4.5
Q,CLV_PCH_SM,SCA,B1GQ,NL,2009-Q3,-4.2
Q,CLV_PCH_SM,SCA,B1GQ,NL,2009-Q4,-2.5
Q,CLV_PCH_SM,SCA,B1GQ,NL,2010-Q1,-0.2
Q,CLV_PCH_SM,SCA,B1GQ,NL,2010-Q2,1.7
Q,CLV_PCH_SM,SCA,B1GQ,NL,2010-Q3,1.7
Q,CLV_PCH_SM,SCA,B1GQ,NL,2010-Q4,1.9
Q,CLV_PCH_SM,SCA,B1GQ,NL,2011-Q1,3
Q,CLV_PCH_SM,SCA,B1GQ,NL,2011-Q2,2
Q,CLV_PCH_SM,SCA,B1GQ,NL,2011-Q3,1.8
Q,CLV_PCH_SM,SCA,B1GQ,NL,2011-Q4,0.4
Q,CLV_PCH_SM,SCA,B1GQ,NL,2012-Q1,-0.8
Q,CLV_PCH_SM,SCA,B1GQ,NL,2012-Q2,-0.8
Q,CLV_PCH_SM,SCA,B1GQ,NL,2012-Q3,-1.1
Q,CLV_PCH_SM,SCA,B1GQ,NL,2012-Q4,-1.2
Q,CLV_PCH_SM,SCA,B1GQ,NL,2013-Q1,-1.1
Q,CLV_PCH_SM,SCA,B1GQ,NL,2013-Q2,-0.6
Q,CLV_PCH_SM,SCA,B1GQ,NL,2013-Q3,0.3
Q,CLV_PCH_SM,SCA,B1GQ,NL,2013-Q4,1.5
Q,CLV_PCH_SM,SCA,B1GQ,NL,2014-Q1,1.8
Q,CLV_PCH_SM,SCA,B1GQ,NL,2014-Q2,1.7
Q,CLV_PCH_SM,SCA,B1GQ,NL,2014-Q3,1.1
Q,CLV_PCH_SM,SCA,B1GQ,NL,2014-Q4,1.9
Q,CLV_PCH_SM,SCA,B1GQ,NL,2015-Q1,2
Q,CLV_PCH_SM,SCA,B1GQ,NL,2015-Q2,2.2
Q,CLV_PCH_SM,SCA,B1GQ,NL,2015-Q3,2.7
Q,CLV_PCH_SM,SCA,B1GQ,NL,2015-Q4,1.5
Q,CLV_PCH_SM,SCA,B1GQ,NL,2016-Q1,1.8
Q,CLV_PCH_SM,SCA,B1GQ,NL,2016-Q2,2.1
Q,CLV_PCH_SM,SCA,B1GQ,NL,2016-Q3,2.6
Q,CLV_PCH_SM,SCA,B1GQ,NL,2016-Q4,3.2
Q,CLV_PCH_SM,SCA,B1GQ,NL,2017-Q1,3.1
Q,CLV_PCH_SM,SCA,B1GQ,NL,2017-Q2,2.8
Q,CLV_PCH_SM,SCA,B1GQ,NL,2017-Q3,2.7
Q,CLV_PCH_SM,SCA,B1GQ,NL,2017-Q4,2.5
Q,CLV_PCH_SM,SCA,B1GQ,NL,2018-Q1,2.6
Q,CLV_PCH_SM,SCA,B1GQ,NL,2018-Q2,2.6
Q,CLV_PCH_SM,SCA,B1GQ,NL,2018-Q3,2.1
Q,CLV_PCH_SM,SCA,B1GQ,NL,2018-Q4,1.7
Q,CLV_PCH_SM,SCA,B1GQ,NL,2019-Q1,2.3
Q,CLV_PCH_SM,SCA,B1GQ,NL,2019-Q2,2.2
Q,CLV_PCH_SM,SCA,B1GQ,NL,2019-Q3,2.5
Q,CLV_PCH_SM,SCA,B1GQ,NL,2019-Q4,2.2
Q,CLV_PCH_SM,SCA,B1GQ,NL,2020-Q1,-0.1
Q,CLV_PCH_SM,SCA,B1GQ,NL,2020-Q2,-8.8
Q,CLV_PCH_SM,SCA,B1GQ,NL,2020-Q3,-3.3
Q,CLV_PCH_SM,SCA,B1GQ,NL,2020-Q4,-3.1
Q,CLV_PCH_SM,SCA,B1GQ,NL,2021-Q1,-1
Q,CLV_PCH_SM,SCA,B1GQ,NL,2021-Q2,12.2
Q,CLV_PCH_SM,SCA,B1GQ,NL,2021-Q3,7.2
Q,CLV_PCH_SM,SCA,B1GQ,NL,2021-Q4,6.9
Q,CLV_PCH_SM,SCA,B1GQ,NL,2022-Q1,7.2
Q,CLV_PCH_SM,SCA,B1GQ,NL,2022-Q2,5.6
Q,CLV_PCH_SM,SCA,B1GQ,NL,2022-Q3,3.8
Q,CLV_PCH_SM,SCA,B1GQ,NL,2022-Q4,3.6
Q,CLV_PCH_SM,SCA,B1GQ,NL,2023-Q1,1.8
Q,CLV_PCH_SM,SCA,B1GQ,NL,2023-Q2,-1
Q,CLV_PCH_SM,SCA,B1GQ,NL,2023-Q3,-1.7
Q,CLV_PCH_SM,SCA,B1GQ,NL,2023-Q4,-1.3
Q,CLV_PCH_SM,SCA,B1GQ,NL,2024-Q1,-0.6
Q,CLV_PCH_SM,SCA,B1GQ,NL,2024-Q2,0.7
Q,CLV_PCH_SM,SCA,B1GQ,NL,2024-Q3,2
Q,CLV_PCH_SM,SCA,B1GQ,NL,2024-Q4,2.1
Q,CLV_PCH_SM,SCA,B1GQ,NL,2025-Q1,2
Q,CLV_PCH_SM,SCA,B1GQ,NL,2025-Q2,1.5
Q,CLV_PCH_SM,SCA,B1GQ,NL,2025-Q3,1.3
Q,CLV_PCH_SM,SCA,B1GQ,NL,2025-Q4,1.4
Q,CLV_PCH_SM,SCA,B1GQ,NL,2026-Q1,1.4
Q,CLV_PCH_SM,SCA,B1GQ,NL,2026-Q2,1.8
Q,CLV_PCH_SM,SCA,B1GQ,AT,1978-Q1,
Q,CLV_PCH_SM,SCA,B1GQ,AT,1978-Q2,
Q,CLV_PCH_SM,SCA,B1GQ,AT,1978-Q3,
Q,CLV_PCH_SM,SCA,B1GQ,AT,1978-Q4,
Q,CLV_PCH_SM,SCA,B1GQ,AT,1979-Q1,
Q,CLV_PCH_SM,SCA,B1GQ,AT,1979-Q2,
Q,CLV_PCH_SM,SCA,B1GQ,AT,1979-Q3,
Q,CLV_PCH_SM,SCA,B1GQ,AT,1979-Q4,
Q,CLV_PCH_SM,SCA,B1GQ,AT,1980-Q1,
Q,CLV_PCH_SM,SCA,B1GQ,AT,1980-Q2,
Q,CLV_PCH_SM,SCA,B1GQ,AT,1980-Q3,
Q,CLV_PCH_SM,SCA,B1GQ,AT,1980-Q4,
Q,CLV_PCH_SM,SCA,B1GQ,AT,1981-Q1,
Q,CLV_PCH_SM,SCA,B1GQ,AT,1981-Q2,
Q,CLV_PCH_SM,SCA,B1GQ,AT,1981-Q3,
Q,CLV_PCH_SM,SCA,B1GQ,AT,1981-Q4,
Q,CLV_PCH_SM,SCA,B1GQ,AT,1982-Q1,
Q,CLV_PCH_SM,SCA,B1GQ,AT,1982-Q2,
Q,CLV_PCH_SM,SCA,B1GQ,AT,1982-Q3,
Q,CLV_PCH_SM,SCA,B1GQ,AT,1982-Q4,
Q,CLV_PCH_SM,SCA,B1GQ,AT,1983-Q1,
Q,CLV_PCH_SM,SCA,B1GQ,AT,1983-Q2,
Q,CLV_PCH_SM,SCA,B1GQ,AT,1983-Q3,
Q,CLV_PCH_SM,SCA,B1GQ,AT,1983-Q4,
Q,CLV_PCH_SM,SCA,B1GQ,AT,1984-Q1,
Q,CLV_PCH_SM,SCA,B1GQ,AT,1984-Q2,
Q,CLV_PCH_SM,SCA,B1GQ,AT,1984-Q3,
Q,CLV_PCH_SM,SCA,B1GQ,AT,1984-Q4,
Q,CLV_PCH_SM,SCA,B1GQ,AT,1985-Q1,
Q,CLV_PCH_SM,SCA,B1GQ,AT,1985-Q2,
Q,CLV_PCH_SM,SCA,B1GQ,AT,1985-Q3,
Q,CLV_PCH_SM,SCA,B1GQ,AT,1985-Q4,
Q,CLV_PCH_SM,SCA,B1GQ,AT,1986-Q1,
Q,CLV_PCH_SM,SCA,B1GQ,AT,1986-Q2,
Q,CLV_PCH_SM,SCA,B1GQ,AT,1986-Q3,
Q,CLV_PCH_SM,SCA,B1GQ,AT,1986-Q4,
Q,CLV_PCH_SM,SCA,B1GQ,AT,1987-Q1,
Q,CLV_PCH_SM,SCA,B1GQ,AT,1987-Q2,
Q,CLV_PCH_SM,SCA,B1GQ,AT,1987-Q3,
Q,CLV_PCH_SM,SCA,B1GQ,AT,1987-Q4,
Q,CLV_PCH_SM,SCA,B1GQ,AT,1988-Q1,
Q,CLV_PCH_SM,SCA,B1GQ,AT,1988-Q2,
Q,CLV_PCH_SM,SCA,B1GQ,AT,1988-Q3,
Q,CLV_PCH_SM,SCA,B1GQ,AT,1988-Q4,
Q,CLV_PCH_SM,SCA,B1GQ,AT,1989-Q1,
Q,CLV_PCH_SM,SCA,B1GQ,AT,1989-Q2,
Q,CLV_PCH_SM,SCA,B1GQ,AT,1989-Q3,
Q,CLV_PCH_SM,SCA,B1GQ,AT,1989-Q4,
Q,CLV_PCH_SM,SCA,B1GQ,AT,1990-Q1,
Q,CLV_PCH_SM,SCA,B1GQ,AT,1990-Q2,
Q,CLV_PCH_SM,SCA,B1GQ,AT,1990-Q3,
Q,CLV_PCH_SM,SCA,B1GQ,AT,1990-Q4,
Q,CLV_PCH_SM,SCA,B1GQ,AT,1991-Q1,
Q,CLV_PCH_SM,SCA,B1GQ,AT,1991-Q2,
Q,CLV_PCH_SM,SCA,B1GQ,AT,1991-Q3,
Q,CLV_PCH_SM,SCA,B1GQ,AT,1991-Q4,
Q,CLV_PCH_SM,SCA,B1GQ,AT,1992-Q1,
Q,CLV_PCH_SM,SCA,B1GQ,AT,1992-Q2,
Q,CLV_PCH_SM,SCA,B1GQ,AT,1992-Q3,
Q,CLV_PCH_SM,SCA,B1GQ,AT,1992-Q4,
Q,CLV_PCH_SM,SCA,B1GQ,AT,1993-Q1,
Q,CLV_PCH_SM,SCA,B1GQ,AT,1993-Q2,
Q,CLV_PCH_SM,SCA,B1GQ,AT,1993-Q3,
Q,CLV_PCH_SM,SCA,B1GQ,AT,1993-Q4,
Q,CLV_PCH_SM,SCA,B1GQ,AT,1994-Q1,
Q,CLV_PCH_SM,SCA,B1GQ,AT,1994-Q2,
Q,CLV_PCH_SM,SCA,B1GQ,AT,1994-Q3,
Q,CLV_PCH_SM,SCA,B1GQ,AT,1994-Q4,
Q,CLV_PCH_SM,SCA,B1GQ,AT,1995-Q1,
Q,CLV_PCH_SM,SCA,B1GQ,AT,1995-Q2,
Q,CLV_PCH_SM,SCA,B1GQ,AT,1995-Q3,
Q,CLV_PCH_SM,SCA,B1GQ,AT,1995-Q4,
Q,CLV_PCH_SM,SCA,B1GQ,AT,1996-Q1,2.7
Q,CLV_PCH_SM,SCA,B1GQ,AT,1996-Q2,2.1
Q,CLV_PCH_SM,SCA,B1GQ,AT,1996-Q3,2.2
Q,CLV_PCH_SM,SCA,B1GQ,AT,1996-Q4,1.3
Q,CLV_PCH_SM,SCA,B1GQ,AT,1997-Q1,2.6
Q,CLV_PCH_SM,SCA,B1GQ,AT,1997-Q2,1.7
Q,CLV_PCH_SM,SCA,B1GQ,AT,1997-Q3,1.8
Q,CLV_PCH_SM,SCA,B1GQ,AT,1997-Q4,2.8
Q,CLV_PCH_SM,SCA,B1GQ,AT,1998-Q1,2.9
Q,CLV_PCH_SM,SCA,B1GQ,AT,1998-Q2,4
Q,CLV_PCH_SM,SCA,B1GQ,AT,1998-Q3,3.4
Q,CLV_PCH_SM,SCA,B1GQ,AT,1998-Q4,3.4
Q,CLV_PCH_SM,SCA,B1GQ,AT,1999-Q1,2.9
Q,CLV_PCH_SM,SCA,B1GQ,AT,1999-Q2,3
Q,CLV_PCH_SM,SCA,B1GQ,AT,1999-Q3,4.4
Q,CLV_PCH_SM,SCA,B1GQ,AT,1999-Q4,4.3
Q,CLV_PCH_SM,SCA,B1GQ,AT,2000-Q1,3.5
Q,CLV_PCH_SM,SCA,B1GQ,AT,2000-Q2,3.7
Q,CLV_PCH_SM,SCA,B1GQ,AT,2000-Q3,3.5
Q,CLV_PCH_SM,SCA,B1GQ,AT,2000-Q4,3.3
Q,CLV_PCH_SM,SCA,B1GQ,AT,2001-Q1,2.9
Q,CLV_PCH_SM,SCA,B1GQ,AT,2001-Q2,1.5
Q,CLV_PCH_SM,SCA,B1GQ,AT,2001-Q3,0.5
Q,CLV_PCH_SM,SCA,B1GQ,AT,2001-Q4,0
Q,CLV_PCH_SM,SCA,B1GQ,AT,2002-Q1,1.5
Q,CLV_PCH_SM,SCA,B1GQ,AT,2002-Q2,2
Q,CLV_PCH_SM,SCA,B1GQ,AT,2002-Q3,1.6
Q,CLV_PCH_SM,SCA,B1GQ,AT,2002-Q4,0.9
Q,CLV_PCH_SM,SCA,B1GQ,AT,2003-Q1,0.2
Q,CLV_PCH_SM,SCA,B1GQ,AT,2003-Q2,0.7
Q,CLV_PCH_SM,SCA,B1GQ,AT,2003-Q3,1.4
Q,CLV_PCH_SM,SCA,B1GQ,AT,2003-Q4,2.2
Q,CLV_PCH_SM,SCA,B1GQ,AT,2004-Q1,1.9
Q,CLV_PCH_SM,SCA,B1GQ,AT,2004-Q2,2.3
Q,CLV_PCH_SM,SCA,B1GQ,AT,2004-Q3,2.7
Q,CLV_PCH_SM,SCA,B1GQ,AT,2004-Q4,2.7
Q,CLV_PCH_SM,SCA,B1GQ,AT,2005-Q1,2.8
Q,CLV_PCH_SM,SCA,B1GQ,AT,2005-Q2,2.6
Q,CLV_PCH_SM,SCA,B1GQ,AT,2005-Q3,1.6
Q,CLV_PCH_SM,SCA,B1GQ,AT,2005-Q4,2.8
Q,CLV_PCH_SM,SCA,B1GQ,AT,2006-Q1,3.5
Q,CLV_PCH_SM,SCA,B1GQ,AT,2006-Q2,3.2
Q,CLV_PCH_SM,SCA,B1GQ,AT,2006-Q3,3.6
Q,CLV_PCH_SM,SCA,B1GQ,AT,2006-Q4,3.5
Q,CLV_PCH_SM,SCA,B1GQ,AT,2007-Q1,3.7
Q,CLV_PCH_SM,SCA,B1GQ,AT,2007-Q2,4.3
Q,CLV_PCH_SM,SCA,B1GQ,AT,2007-Q3,4.2
Q,CLV_PCH_SM,SCA,B1GQ,AT,2007-Q4,2.6
Q,CLV_PCH_SM,SCA,B1GQ,AT,2008-Q1,3.6
Q,CLV_PCH_SM,SCA,B1GQ,AT,2008-Q2,2.3
Q,CLV_PCH_SM,SCA,B1GQ,AT,2008-Q3,1
Q,CLV_PCH_SM,SCA,B1GQ,AT,2008-Q4,-1.4
Q,CLV_PCH_SM,SCA,B1GQ,AT,2009-Q1,-4.5
Q,CLV_PCH_SM,SCA,B1GQ,AT,2009-Q2,-4.8
Q,CLV_PCH_SM,SCA,B1GQ,AT,2009-Q3,-3.8
Q,CLV_PCH_SM,SCA,B1GQ,AT,2009-Q4,-1
Q,CLV_PCH_SM,SCA,B1GQ,AT,2010-Q1,-0.3
Q,CLV_PCH_SM,SCA,B1GQ,AT,2010-Q2,1.6
Q,CLV_PCH_SM,SCA,B1GQ,AT,2010-Q3,2.4
Q,CLV_PCH_SM,SCA,B1GQ,AT,2010-Q4,3.2
Q,CLV_PCH_SM,SCA,B1GQ,AT,2011-Q1,4.6
Q,CLV_PCH_SM,SCA,B1GQ,AT,2011-Q2,3.1
Q,CLV_PCH_SM,SCA,B1GQ,AT,2011-Q3,2.5
Q,CLV_PCH_SM,SCA,B1GQ,AT,2011-Q4,1.9
Q,CLV_PCH_SM,SCA,B1GQ,AT,2012-Q1,1.4
Q,CLV_PCH_SM,SCA,B1GQ,AT,2012-Q2,1.1
Q,CLV_PCH_SM,SCA,B1GQ,AT,2012-Q3,0.8
Q,CLV_PCH_SM,SCA,B1GQ,AT,2012-Q4,-0.3
Q,CLV_PCH_SM,SCA,B1GQ,AT,2013-Q1,-1.1
Q,CLV_PCH_SM,SCA,B1GQ,AT,2013-Q2,-0.3
Q,CLV_PCH_SM,SCA,B1GQ,AT,2013-Q3,-0.3
Q,CLV_PCH_SM,SCA,B1GQ,AT,2013-Q4,0.4
Q,CLV_PCH_SM,SCA,B1GQ,AT,2014-Q1,0.8
Q,CLV_PCH_SM,SCA,B1GQ,AT,2014-Q2,0.9
Q,CLV_PCH_SM,SCA,B1GQ,AT,2014-Q3,0.8
Q,CLV_PCH_SM,SCA,B1GQ,AT,2014-Q4,1.1
Q,CLV_PCH_SM,SCA,B1GQ,AT,2015-Q1,1.1
Q,CLV_PCH_SM,SCA,B1GQ,AT,2015-Q2,1.2
Q,CLV_PCH_SM,SCA,B1GQ,AT,2015-Q3,1.4
Q,CLV_PCH_SM,SCA,B1GQ,AT,2015-Q4,1.4
Q,CLV_PCH_SM,SCA,B1GQ,AT,2016-Q1,2.5
Q,CLV_PCH_SM,SCA,B1GQ,AT,2016-Q2,1.9
Q,CLV_PCH_SM,SCA,B1GQ,AT,2016-Q3,2
Q,CLV_PCH_SM,SCA,B1GQ,AT,2016-Q4,2.3
Q,CLV_PCH_SM,SCA,B1GQ,AT,2017-Q1,2.1
Q,CLV_PCH_SM,SCA,B1GQ,AT,2017-Q2,2.5
Q,CLV_PCH_SM,SCA,B1GQ,AT,2017-Q3,2.6
Q,CLV_PCH_SM,SCA,B1GQ,AT,2017-Q4,2.4
Q,CLV_PCH_SM,SCA,B1GQ,AT,2018-Q1,2
Q,CLV_PCH_SM,SCA,B1GQ,AT,2018-Q2,2.5
Q,CLV_PCH_SM,SCA,B1GQ,AT,2018-Q3,2.3
Q,CLV_PCH_SM,SCA,B1GQ,AT,2018-Q4,2.8
Q,CLV_PCH_SM,SCA,B1GQ,AT,2019-Q1,3.3
Q,CLV_PCH_SM,SCA,B1GQ,AT,2019-Q2,1.9
Q,CLV_PCH_SM,SCA,B1GQ,AT,2019-Q3,1.6
Q,CLV_PCH_SM,SCA,B1GQ,AT,2019-Q4,0
Q,CLV_PCH_SM,SCA,B1GQ,AT,2020-Q1,-2.2
Q,CLV_PCH_SM,SCA,B1GQ,AT,2020-Q2,-14
Q,CLV_PCH_SM,SCA,B1GQ,AT,2020-Q3,-4.3
Q,CLV_PCH_SM,SCA,B1GQ,AT,2020-Q4,-5.1
Q,CLV_PCH_SM,SCA,B1GQ,AT,2021-Q1,-4.9
Q,CLV_PCH_SM,SCA,B1GQ,AT,2021-Q2,13.8
Q,CLV_PCH_SM,SCA,B1GQ,AT,2021-Q3,5.3
Q,CLV_PCH_SM,SCA,B1GQ,AT,2021-Q4,7.1
Q,CLV_PCH_SM,SCA,B1GQ,AT,2022-Q1,8.5
Q,CLV_PCH_SM,SCA,B1GQ,AT,2022-Q2,6.8
Q,CLV_PCH_SM,SCA,B1GQ,AT,2022-Q3,3.5
Q,CLV_PCH_SM,SCA,B1GQ,AT,2022-Q4,3.2
Q,CLV_PCH_SM,SCA,B1GQ,AT,2023-Q1,2.8
Q,CLV_PCH_SM,SCA,B1GQ,AT,2023-Q2,-1.3
Q,CLV_PCH_SM,SCA,B1GQ,AT,2023-Q3,-1.8
Q,CLV_PCH_SM,SCA,B1GQ,AT,2023-Q4,-2.3
Q,CLV_PCH_SM,SCA,B1GQ,AT,2024-Q1,-2.1
Q,CLV_PCH_SM,SCA,B1GQ,AT,2024-Q2,-1
Q,CLV_PCH_SM,SCA,B1GQ,AT,2024-Q3,-0.6
Q,CLV_PCH_SM,SCA,B1GQ,AT,2024-Q4,0.3
Q,CLV_PCH_SM,SCA,B1GQ,AT,2025-Q1,0.6
Q,CLV_PCH_SM,SCA,B1GQ,AT,2025-Q2,0.9
Q,CLV_PCH_SM,SCA,B1GQ,AT,2025-Q3,1.3
Q,CLV_PCH_SM,SCA,B1GQ,AT,2025-Q4,1.1
Q,CLV_PCH_SM,SCA,B1GQ,AT,2026-Q1,0.8
Q,CLV_PCH_SM,SCA,B1GQ,AT,2026-Q2,0.4
Q,CLV_PCH_SM,SCA,B1GQ,PL,1978-Q1,
Q,CLV_PCH_SM,SCA,B1GQ,PL,1978-Q2,
Q,CLV_PCH_SM,SCA,B1GQ,PL,1978-Q3,
Q,CLV_PCH_SM,SCA,B1GQ,PL,1978-Q4,
Q,CLV_PCH_SM,SCA,B1GQ,PL,1979-Q1,
Q,CLV_PCH_SM,SCA,B1GQ,PL,1979-Q2,
Q,CLV_PCH_SM,SCA,B1GQ,PL,1979-Q3,
Q,CLV_PCH_SM,SCA,B1GQ,PL,1979-Q4,
Q,CLV_PCH_SM,SCA,B1GQ,PL,1980-Q1,
Q,CLV_PCH_SM,SCA,B1GQ,PL,1980-Q2,
Q,CLV_PCH_SM,SCA,B1GQ,PL,1980-Q3,
Q,CLV_PCH_SM,SCA,B1GQ,PL,1980-Q4,
Q,CLV_PCH_SM,SCA,B1GQ,PL,1981-Q1,
Q,CLV_PCH_SM,SCA,B1GQ,PL,1981-Q2,
Q,CLV_PCH_SM,SCA,B1GQ,PL,1981-Q3,
Q,CLV_PCH_SM,SCA,B1GQ,PL,1981-Q4,
Q,CLV_PCH_SM,SCA,B1GQ,PL,1982-Q1,
Q,CLV_PCH_SM,SCA,B1GQ,PL,1982-Q2,
Q,CLV_PCH_SM,SCA,B1GQ,PL,1982-Q3,
Q,CLV_PCH_SM,SCA,B1GQ,PL,1982-Q4,
Q,CLV_PCH_SM,SCA,B1GQ,PL,1983-Q1,
Q,CLV_PCH_SM,SCA,B1GQ,PL,1983-Q2,
Q,CLV_PCH_SM,SCA,B1GQ,PL,1983-Q3,
Q,CLV_PCH_SM,SCA,B1GQ,PL,1983-Q4,
Q,CLV_PCH_SM,SCA,B1GQ,PL,1984-Q1,
Q,CLV_PCH_SM,SCA,B1GQ,PL,1984-Q2,
Q,CLV_PCH_SM,SCA,B1GQ,PL,1984-Q3,
Q,CLV_PCH_SM,SCA,B1GQ,PL,1984-Q4,
Q,CLV_PCH_SM,SCA,B1GQ,PL,1985-Q1,
Q,CLV_PCH_SM,SCA,B1GQ,PL,1985-Q2,
Q,CLV_PCH_SM,SCA,B1GQ,PL,1985-Q3,
Q,CLV_PCH_SM,SCA,B1GQ,PL,1985-Q4,
Q,CLV_PCH_SM,SCA,B1GQ,PL,1986-Q1,
Q,CLV_PCH_SM,SCA,B1GQ,PL,1986-Q2,
Q,CLV_PCH_SM,SCA,B1GQ,PL,1986-Q3,
Q,CLV_PCH_SM,SCA,B1GQ,PL,1986-Q4,
Q,CLV_PCH_SM,SCA,B1GQ,PL,1987-Q1,
Q,CLV_PCH_SM,SCA,B1GQ,PL,1987-Q2,
Q,CLV_PCH_SM,SCA,B1GQ,PL,1987-Q3,
Q,CLV_PCH_SM,SCA,B1GQ,PL,1987-Q4,
Q,CLV_PCH_SM,SCA,B1GQ,PL,1988-Q1,
Q,CLV_PCH_SM,SCA,B1GQ,PL,1988-Q2,
Q,CLV_PCH_SM,SCA,B1GQ,PL,1988-Q3,
Q,CLV_PCH_SM,SCA,B1GQ,PL,1988-Q4,
Q,CLV_PCH_SM,SCA,B1GQ,PL,1989-Q1,
Q,CLV_PCH_SM,SCA,B1GQ,PL,1989-Q2,
Q,CLV_PCH_SM,SCA,B1GQ,PL,1989-Q3,
Q,CLV_PCH_SM,SCA,B1GQ,PL,1989-Q4,
Q,CLV_PCH_SM,SCA,B1GQ,PL,1990-Q1,
Q,CLV_PCH_SM,SCA,B1GQ,PL,1990-Q2,
Q,CLV_PCH_SM,SCA,B1GQ,PL,1990-Q3,
Q,CLV_PCH_SM,SCA,B1GQ,PL,1990-Q4,
Q,CLV_PCH_SM,SCA,B1GQ,PL,1991-Q1,
Q,CLV_PCH_SM,SCA,B1GQ,PL,1991-Q2,
Q,CLV_PCH_SM,SCA,B1GQ,PL,1991-Q3,
Q,CLV_PCH_SM,SCA,B1GQ,PL,1991-Q4,
Q,CLV_PCH_SM,SCA,B1GQ,PL,1992-Q1,
Q,CLV_PCH_SM,SCA,B1GQ,PL,1992-Q2,
Q,CLV_PCH_SM,SCA,B1GQ,PL,1992-Q3,
Q,CLV_PCH_SM,SCA,B1GQ,PL,1992-Q4,
Q,CLV_PCH_SM,SCA,B1GQ,PL,1993-Q1,
Q,CLV_PCH_SM,SCA,B1GQ,PL,1993-Q2,
Q,CLV_PCH_SM,SCA,B1GQ,PL,1993-Q3,
Q,CLV_PCH_SM,SCA,B1GQ,PL,1993-Q4,
Q,CLV_PCH_SM,SCA,B1GQ,PL,1994-Q1,
Q,CLV_PCH_SM,SCA,B1GQ,PL,1994-Q2,
Q,CLV_PCH_SM,SCA,B1GQ,PL,1994-Q3,
Q,CLV_PCH_SM,SCA,B1GQ,PL,1994-Q4,
Q,CLV_PCH_SM,SCA,B1GQ,PL,1995-Q1,
Q,CLV_PCH_SM,SCA,B1GQ,PL,1995-Q2,
Q,CLV_PCH_SM,SCA,B1GQ,PL,1995-Q3,
Q,CLV_PCH_SM,SCA,B1GQ,PL,1995-Q4,
Q,CLV_PCH_SM,SCA,B1GQ,PL,1996-Q1,8.1
Q,CLV_PCH_SM,SCA,B1GQ,PL,1996-Q2,8.4
Q,CLV_PCH_SM,SCA,B1GQ,PL,1996-Q3,6.5
Q,CLV_PCH_SM,SCA,B1GQ,PL,1996-Q4,1.7
Q,CLV_PCH_SM,SCA,B1GQ,PL,1997-Q1,5.9
Q,CLV_PCH_SM,SCA,B1GQ,PL,1997-Q2,5
Q,CLV_PCH_SM,SCA,B1GQ,PL,1997-Q3,4.3
Q,CLV_PCH_SM,SCA,B1GQ,PL,1997-Q4,9.9
Q,CLV_PCH_SM,SCA,B1GQ,PL,1998-Q1,5.4
Q,CLV_PCH_SM,SCA,B1GQ,PL,1998-Q2,4.1
Q,CLV_PCH_SM,SCA,B1GQ,PL,1998-Q3,4.7
Q,CLV_PCH_SM,SCA,B1GQ,PL,1998-Q4,3.2
Q,CLV_PCH_SM,SCA,B1GQ,PL,1999-Q1,2.1
Q,CLV_PCH_SM,SCA,B1GQ,PL,1999-Q2,4.2
Q,CLV_PCH_SM,SCA,B1GQ,PL,1999-Q3,5.3
Q,CLV_PCH_SM,SCA,B1GQ,PL,1999-Q4,6.6
Q,CLV_PCH_SM,SCA,B1GQ,PL,2000-Q1,6.4
Q,CLV_PCH_SM,SCA,B1GQ,PL,2000-Q2,5.5
Q,CLV_PCH_SM,SCA,B1GQ,PL,2000-Q3,3.8
Q,CLV_PCH_SM,SCA,B1GQ,PL,2000-Q4,4.2
Q,CLV_PCH_SM,SCA,B1GQ,PL,2001-Q1,3.1
Q,CLV_PCH_SM,SCA,B1GQ,PL,2001-Q2,1.5
Q,CLV_PCH_SM,SCA,B1GQ,PL,2001-Q3,1.7
Q,CLV_PCH_SM,SCA,B1GQ,PL,2001-Q4,-0.3
Q,CLV_PCH_SM,SCA,B1GQ,PL,2002-Q1,0.8
Q,CLV_PCH_SM,SCA,B1GQ,PL,2002-Q2,1.7
Q,CLV_PCH_SM,SCA,B1GQ,PL,2002-Q3,2.2
Q,CLV_PCH_SM,SCA,B1GQ,PL,2002-Q4,2.8
Q,CLV_PCH_SM,SCA,B1GQ,PL,2003-Q1,2.6
Q,CLV_PCH_SM,SCA,B1GQ,PL,2003-Q2,3.5
Q,CLV_PCH_SM,SCA,B1GQ,PL,2003-Q3,3.9
Q,CLV_PCH_SM,SCA,B1GQ,PL,2003-Q4,4.2
Q,CLV_PCH_SM,SCA,B1GQ,PL,2004-Q1,6.1
Q,CLV_PCH_SM,SCA,B1GQ,PL,2004-Q2,5.4
Q,CLV_PCH_SM,SCA,B1GQ,PL,2004-Q3,3.9
Q,CLV_PCH_SM,SCA,B1GQ,PL,2004-Q4,4.1
Q,CLV_PCH_SM,SCA,B1GQ,PL,2005-Q1,2.5
Q,CLV_PCH_SM,SCA,B1GQ,PL,2005-Q2,1.9
Q,CLV_PCH_SM,SCA,B1GQ,PL,2005-Q3,3.9
Q,CLV_PCH_SM,SCA,B1GQ,PL,2005-Q4,4.8
Q,CLV_PCH_SM,SCA,B1GQ,PL,2006-Q1,5.7
Q,CLV_PCH_SM,SCA,B1GQ,PL,2006-Q2,7.8
Q,CLV_PCH_SM,SCA,B1GQ,PL,2006-Q3,7.6
Q,CLV_PCH_SM,SCA,B1GQ,PL,2006-Q4,4.2
Q,CLV_PCH_SM,SCA,B1GQ,PL,2007-Q1,6.9
Q,CLV_PCH_SM,SCA,B1GQ,PL,2007-Q2,5.7
Q,CLV_PCH_SM,SCA,B1GQ,PL,2007-Q3,5.8
Q,CLV_PCH_SM,SCA,B1GQ,PL,2007-Q4,8.7
Q,CLV_PCH_SM,SCA,B1GQ,PL,2008-Q1,6.1
Q,CLV_PCH_SM,SCA,B1GQ,PL,2008-Q2,5.3
Q,CLV_PCH_SM,SCA,B1GQ,PL,2008-Q3,3.5
Q,CLV_PCH_SM,SCA,B1GQ,PL,2008-Q4,2.3
Q,CLV_PCH_SM,SCA,B1GQ,PL,2009-Q1,1.9
Q,CLV_PCH_SM,SCA,B1GQ,PL,2009-Q2,1.6
Q,CLV_PCH_SM,SCA,B1GQ,PL,2009-Q3,2.3
Q,CLV_PCH_SM,SCA,B1GQ,PL,2009-Q4,3.9
Q,CLV_PCH_SM,SCA,B1GQ,PL,2010-Q1,2.3
Q,CLV_PCH_SM,SCA,B1GQ,PL,2010-Q2,3.6
Q,CLV_PCH_SM,SCA,B1GQ,PL,2010-Q3,4.1
Q,CLV_PCH_SM,SCA,B1GQ,PL,2010-Q4,3.1
Q,CLV_PCH_SM,SCA,B1GQ,PL,2011-Q1,5.4
Q,CLV_PCH_SM,SCA,B1GQ,PL,2011-Q2,5.2
Q,CLV_PCH_SM,SCA,B1GQ,PL,2011-Q3,5.2
Q,CLV_PCH_SM,SCA,B1GQ,PL,2011-Q4,5.4
Q,CLV_PCH_SM,SCA,B1GQ,PL,2012-Q1,3.5
Q,CLV_PCH_SM,SCA,B1GQ,PL,2012-Q2,2.2
Q,CLV_PCH_SM,SCA,B1GQ,PL,2012-Q3,1
Q,CLV_PCH_SM,SCA,B1GQ,PL,2012-Q4,-0.1
Q,CLV_PCH_SM,SCA,B1GQ,PL,2013-Q1,-0.4
Q,CLV_PCH_SM,SCA,B1GQ,PL,2013-Q2,0.4
Q,CLV_PCH_SM,SCA,B1GQ,PL,2013-Q3,1.1
Q,CLV_PCH_SM,SCA,B1GQ,PL,2013-Q4,1.8
Q,CLV_PCH_SM,SCA,B1GQ,PL,2014-Q1,3.4
Q,CLV_PCH_SM,SCA,B1GQ,PL,2014-Q2,3.8
Q,CLV_PCH_SM,SCA,B1GQ,PL,2014-Q3,3.9
Q,CLV_PCH_SM,SCA,B1GQ,PL,2014-Q4,4.1
Q,CLV_PCH_SM,SCA,B1GQ,PL,2015-Q1,4.5
Q,CLV_PCH_SM,SCA,B1GQ,PL,2015-Q2,3.9
Q,CLV_PCH_SM,SCA,B1GQ,PL,2015-Q3,4.4
Q,CLV_PCH_SM,SCA,B1GQ,PL,2015-Q4,4.4
Q,CLV_PCH_SM,SCA,B1GQ,PL,2016-Q1,2.5
Q,CLV_PCH_SM,SCA,B1GQ,PL,2016-Q2,3.5
Q,CLV_PCH_SM,SCA,B1GQ,PL,2016-Q3,2.8
Q,CLV_PCH_SM,SCA,B1GQ,PL,2016-Q4,4
Q,CLV_PCH_SM,SCA,B1GQ,PL,2017-Q1,5.3
Q,CLV_PCH_SM,SCA,B1GQ,PL,2017-Q2,4.9
Q,CLV_PCH_SM,SCA,B1GQ,PL,2017-Q3,5.8
Q,CLV_PCH_SM,SCA,B1GQ,PL,2017-Q4,5.2
Q,CLV_PCH_SM,SCA,B1GQ,PL,2018-Q1,6
Q,CLV_PCH_SM,SCA,B1GQ,PL,2018-Q2,6.5
Q,CLV_PCH_SM,SCA,B1GQ,PL,2018-Q3,6.3
Q,CLV_PCH_SM,SCA,B1GQ,PL,2018-Q4,5.8
Q,CLV_PCH_SM,SCA,B1GQ,PL,2019-Q1,5.3
Q,CLV_PCH_SM,SCA,B1GQ,PL,2019-Q2,4.7
Q,CLV_PCH_SM,SCA,B1GQ,PL,2019-Q3,4.2
Q,CLV_PCH_SM,SCA,B1GQ,PL,2019-Q4,4
Q,CLV_PCH_SM,SCA,B1GQ,PL,2020-Q1,2.9
Q,CLV_PCH_SM,SCA,B1GQ,PL,2020-Q2,-7.1
Q,CLV_PCH_SM,SCA,B1GQ,PL,2020-Q3,-1.8
Q,CLV_PCH_SM,SCA,B1GQ,PL,2020-Q4,-2.4
Q,CLV_PCH_SM,SCA,B1GQ,PL,2021-Q1,-0.5
Q,CLV_PCH_SM,SCA,B1GQ,PL,2021-Q2,12
Q,CLV_PCH_SM,SCA,B1GQ,PL,2021-Q3,7.3
Q,CLV_PCH_SM,SCA,B1GQ,PL,2021-Q4,9.2
Q,CLV_PCH_SM,SCA,B1GQ,PL,2022-Q1,10.2
Q,CLV_PCH_SM,SCA,B1GQ,PL,2022-Q2,6.3
Q,CLV_PCH_SM,SCA,B1GQ,PL,2022-Q3,4.8
Q,CLV_PCH_SM,SCA,B1GQ,PL,2022-Q4,1.1
Q,CLV_PCH_SM,SCA,B1GQ,PL,2023-Q1,-1.2
Q,CLV_PCH_SM,SCA,B1GQ,PL,2023-Q2,-0.7
Q,CLV_PCH_SM,SCA,B1GQ,PL,2023-Q3,0.7
Q,CLV_PCH_SM,SCA,B1GQ,PL,2023-Q4,1.9
Q,CLV_PCH_SM,SCA,B1GQ,PL,2024-Q1,2
Q,CLV_PCH_SM,SCA,B1GQ,PL,2024-Q2,4.2
Q,CLV_PCH_SM,SCA,B1GQ,PL,2024-Q3,2.2
Q,CLV_PCH_SM,SCA,B1GQ,PL,2024-Q4,4
Q,CLV_PCH_SM,SCA,B1GQ,PL,2025-Q1,3.7
Q,CLV_PCH_SM,SCA,B1GQ,PL,2025-Q2,2.9
Q,CLV_PCH_SM,SCA,B1GQ,PL,2025-Q3,4.1
Q,CLV_PCH_SM,SCA,B1GQ,PL,2025-Q4,3.8
Q,CLV_PCH_SM,SCA,B1GQ,PL,2026-Q1,3.5
Q,CLV_PCH_SM,SCA,B1GQ,PL,2026-Q2,3.8
Q,CLV_PCH_SM,SCA,B1GQ,PT,1978-Q1,
Q,CLV_PCH_SM,SCA,B1GQ,PT,1978-Q2,
Q,CLV_PCH_SM,SCA,B1GQ,PT,1978-Q3,
Q,CLV_PCH_SM,SCA,B1GQ,PT,1978-Q4,
Q,CLV_PCH_SM,SCA,B1GQ,PT,1979-Q1,
Q,CLV_PCH_SM,SCA,B1GQ,PT,1979-Q2,
Q,CLV_PCH_SM,SCA,B1GQ,PT,1979-Q3,
Q,CLV_PCH_SM,SCA,B1GQ,PT,1979-Q4,
Q,CLV_PCH_SM,SCA,B1GQ,PT,1980-Q1,
Q,CLV_PCH_SM,SCA,B1GQ,PT,1980-Q2,
Q,CLV_PCH_SM,SCA,B1GQ,PT,1980-Q3,
Q,CLV_PCH_SM,SCA,B1GQ,PT,1980-Q4,
Q,CLV_PCH_SM,SCA,B1GQ,PT,1981-Q1,
Q,CLV_PCH_SM,SCA,B1GQ,PT,1981-Q2,
Q,CLV_PCH_SM,SCA,B1GQ,PT,1981-Q3,
Q,CLV_PCH_SM,SCA,B1GQ,PT,1981-Q4,
Q,CLV_PCH_SM,SCA,B1GQ,PT,1982-Q1,
Q,CLV_PCH_SM,SCA,B1GQ,PT,1982-Q2,
Q,CLV_PCH_SM,SCA,B1GQ,PT,1982-Q3,
Q,CLV_PCH_SM,SCA,B1GQ,PT,1982-Q4,
Q,CLV_PCH_SM,SCA,B1GQ,PT,1983-Q1,
Q,CLV_PCH_SM,SCA,B1GQ,PT,1983-Q2,
Q,CLV_PCH_SM,SCA,B1GQ,PT,1983-Q3,
Q,CLV_PCH_SM,SCA,B1GQ,PT,1983-Q4,
Q,CLV_PCH_SM,SCA,B1GQ,PT,1984-Q1,
Q,CLV_PCH_SM,SCA,B1GQ,PT,1984-Q2,
Q,CLV_PCH_SM,SCA,B1GQ,PT,1984-Q3,
Q,CLV_PCH_SM,SCA,B1GQ,PT,1984-Q4,
Q,CLV_PCH_SM,SCA,B1GQ,PT,1985-Q1,
Q,CLV_PCH_SM,SCA,B1GQ,PT,1985-Q2,
Q,CLV_PCH_SM,SCA,B1GQ,PT,1985-Q3,
Q,CLV_PCH_SM,SCA,B1GQ,PT,1985-Q4,
Q,CLV_PCH_SM,SCA,B1GQ,PT,1986-Q1,
Q,CLV_PCH_SM,SCA,B1GQ,PT,1986-Q2,
Q,CLV_PCH_SM,SCA,B1GQ,PT,1986-Q3,
Q,CLV_PCH_SM,SCA,B1GQ,PT,1986-Q4,
Q,CLV_PCH_SM,SCA,B1GQ,PT,1987-Q1,
Q,CLV_PCH_SM,SCA,B1GQ,PT,1987-Q2,
Q,CLV_PCH_SM,SCA,B1GQ,PT,1987-Q3,
Q,CLV_PCH_SM,SCA,B1GQ,PT,1987-Q4,
Q,CLV_PCH_SM,SCA,B1GQ,PT,1988-Q1,
Q,CLV_PCH_SM,SCA,B1GQ,PT,1988-Q2,
Q,CLV_PCH_SM,SCA,B1GQ,PT,1988-Q3,
Q,CLV_PCH_SM,SCA,B1GQ,PT,1988-Q4,
Q,CLV_PCH_SM,SCA,B1GQ,PT,1989-Q1,
Q,CLV_PCH_SM,SCA,B1GQ,PT,1989-Q2,
Q,CLV_PCH_SM,SCA,B1GQ,PT,1989-Q3,
Q,CLV_PCH_SM,SCA,B1GQ,PT,1989-Q4,
Q,CLV_PCH_SM,SCA,B1GQ,PT,1990-Q1,
Q,CLV_PCH_SM,SCA,B1GQ,PT,1990-Q2,
Q,CLV_PCH_SM,SCA,B1GQ,PT,1990-Q3,
Q,CLV_PCH_SM,SCA,B1GQ,PT,1990-Q4,
Q,CLV_PCH_SM,SCA,B1GQ,PT,1991-Q1,
Q,CLV_PCH_SM,SCA,B1GQ,PT,1991-Q2,
Q,CLV_PCH_SM,SCA,B1GQ,PT,1991-Q3,
Q,CLV_PCH_SM,SCA,B1GQ,PT,1991-Q4,
Q,CLV_PCH_SM,SCA,B1GQ,PT,1992-Q1,
Q,CLV_PCH_SM,SCA,B1GQ,PT,1992-Q2,
Q,CLV_PCH_SM,SCA,B1GQ,PT,1992-Q3,
Q,CLV_PCH_SM,SCA,B1GQ,PT,1992-Q4,
Q,CLV_PCH_SM,SCA,B1GQ,PT,1993-Q1,
Q,CLV_PCH_SM,SCA,B1GQ,PT,1993-Q2,
Q,CLV_PCH_SM,SCA,B1GQ,PT,1993-Q3,
Q,CLV_PCH_SM,SCA,B1GQ,PT,1993-Q4,
Q,CLV_PCH_SM,SCA,B1GQ,PT,1994-Q1,
Q,CLV_PCH_SM,SCA,B1GQ,PT,1994-Q2,
Q,CLV_PCH_SM,SCA,B1GQ,PT,1994-Q3,
Q,CLV_PCH_SM,SCA,B1GQ,PT,1994-Q4,
Q,CLV_PCH_SM,SCA,B1GQ,PT,1995-Q1,
Q,CLV_PCH_SM,SCA,B1GQ,PT,1995-Q2,
Q,CLV_PCH_SM,SCA,B1GQ,PT,1995-Q3,
Q,CLV_PCH_SM,SCA,B1GQ,PT,1995-Q4,
Q,CLV_PCH_SM,SCA,B1GQ,PT,1996-Q1,3
Q,CLV_PCH_SM,SCA,B1GQ,PT,1996-Q2,3.2
Q,CLV_PCH_SM,SCA,B1GQ,PT,1996-Q3,4.1
Q,CLV_PCH_SM,SCA,B1GQ,PT,1996-Q4,3.6
Q,CLV_PCH_SM,SCA,B1GQ,PT,1997-Q1,4.7
Q,CLV_PCH_SM,SCA,B1GQ,PT,1997-Q2,4.2
Q,CLV_PCH_SM,SCA,B1GQ,PT,1997-Q3,4.2
Q,CLV_PCH_SM,SCA,B1GQ,PT,1997-Q4,4.6
Q,CLV_PCH_SM,SCA,B1GQ,PT,1998-Q1,4.4
Q,CLV_PCH_SM,SCA,B1GQ,PT,1998-Q2,5
Q,CLV_PCH_SM,SCA,B1GQ,PT,1998-Q3,4.8
Q,CLV_PCH_SM,SCA,B1GQ,PT,1998-Q4,5.1
Q,CLV_PCH_SM,SCA,B1GQ,PT,1999-Q1,4.8
Q,CLV_PCH_SM,SCA,B1GQ,PT,1999-Q2,3.9
Q,CLV_PCH_SM,SCA,B1GQ,PT,1999-Q3,3.6
Q,CLV_PCH_SM,SCA,B1GQ,PT,1999-Q4,3.4
Q,CLV_PCH_SM,SCA,B1GQ,PT,2000-Q1,4.4
Q,CLV_PCH_SM,SCA,B1GQ,PT,2000-Q2,3.2
Q,CLV_PCH_SM,SCA,B1GQ,PT,2000-Q3,3.8
Q,CLV_PCH_SM,SCA,B1GQ,PT,2000-Q4,3.8
Q,CLV_PCH_SM,SCA,B1GQ,PT,2001-Q1,1.1
Q,CLV_PCH_SM,SCA,B1GQ,PT,2001-Q2,2.9
Q,CLV_PCH_SM,SCA,B1GQ,PT,2001-Q3,1.5
Q,CLV_PCH_SM,SCA,B1GQ,PT,2001-Q4,2.3
Q,CLV_PCH_SM,SCA,B1GQ,PT,2002-Q1,2.9
Q,CLV_PCH_SM,SCA,B1GQ,PT,2002-Q2,1.3
Q,CLV_PCH_SM,SCA,B1GQ,PT,2002-Q3,0.5
Q,CLV_PCH_SM,SCA,B1GQ,PT,2002-Q4,-1.6
Q,CLV_PCH_SM,SCA,B1GQ,PT,2003-Q1,-1.6
Q,CLV_PCH_SM,SCA,B1GQ,PT,2003-Q2,-1.9
Q,CLV_PCH_SM,SCA,B1GQ,PT,2003-Q3,-0.6
Q,CLV_PCH_SM,SCA,B1GQ,PT,2003-Q4,0.4
Q,CLV_PCH_SM,SCA,B1GQ,PT,2004-Q1,1.3
Q,CLV_PCH_SM,SCA,B1GQ,PT,2004-Q2,2.8
Q,CLV_PCH_SM,SCA,B1GQ,PT,2004-Q3,2
Q,CLV_PCH_SM,SCA,B1GQ,PT,2004-Q4,1.2
Q,CLV_PCH_SM,SCA,B1GQ,PT,2005-Q1,1.1
Q,CLV_PCH_SM,SCA,B1GQ,PT,2005-Q2,0.8
Q,CLV_PCH_SM,SCA,B1GQ,PT,2005-Q3,0.3
Q,CLV_PCH_SM,SCA,B1GQ,PT,2005-Q4,1
Q,CLV_PCH_SM,SCA,B1GQ,PT,2006-Q1,0.9
Q,CLV_PCH_SM,SCA,B1GQ,PT,2006-Q2,1.5
Q,CLV_PCH_SM,SCA,B1GQ,PT,2006-Q3,1.8
Q,CLV_PCH_SM,SCA,B1GQ,PT,2006-Q4,2.3
Q,CLV_PCH_SM,SCA,B1GQ,PT,2007-Q1,2.6
Q,CLV_PCH_SM,SCA,B1GQ,PT,2007-Q2,2
Q,CLV_PCH_SM,SCA,B1GQ,PT,2007-Q3,2.4
Q,CLV_PCH_SM,SCA,B1GQ,PT,2007-Q4,3
Q,CLV_PCH_SM,SCA,B1GQ,PT,2008-Q1,1.7
Q,CLV_PCH_SM,SCA,B1GQ,PT,2008-Q2,0.9
Q,CLV_PCH_SM,SCA,B1GQ,PT,2008-Q3,0.5
Q,CLV_PCH_SM,SCA,B1GQ,PT,2008-Q4,-1.9
Q,CLV_PCH_SM,SCA,B1GQ,PT,2009-Q1,-4.4
Q,CLV_PCH_SM,SCA,B1GQ,PT,2009-Q2,-3.8
Q,CLV_PCH_SM,SCA,B1GQ,PT,2009-Q3,-2.8
Q,CLV_PCH_SM,SCA,B1GQ,PT,2009-Q4,-1.5
Q,CLV_PCH_SM,SCA,B1GQ,PT,2010-Q1,1.9
Q,CLV_PCH_SM,SCA,B1GQ,PT,2010-Q2,2.2
Q,CLV_PCH_SM,SCA,B1GQ,PT,2010-Q3,1.7
Q,CLV_PCH_SM,SCA,B1GQ,PT,2010-Q4,1.2
Q,CLV_PCH_SM,SCA,B1GQ,PT,2011-Q1,-0.2
Q,CLV_PCH_SM,SCA,B1GQ,PT,2011-Q2,-1.2
Q,CLV_PCH_SM,SCA,B1GQ,PT,2011-Q3,-2.3
Q,CLV_PCH_SM,SCA,B1GQ,PT,2011-Q4,-3.1
Q,CLV_PCH_SM,SCA,B1GQ,PT,2012-Q1,-3.2
Q,CLV_PCH_SM,SCA,B1GQ,PT,2012-Q2,-4
Q,CLV_PCH_SM,SCA,B1GQ,PT,2012-Q3,-4.3
Q,CLV_PCH_SM,SCA,B1GQ,PT,2012-Q4,-4.6
Q,CLV_PCH_SM,SCA,B1GQ,PT,2013-Q1,-3.8
Q,CLV_PCH_SM,SCA,B1GQ,PT,2013-Q2,-1.5
Q,CLV_PCH_SM,SCA,B1GQ,PT,2013-Q3,-0.7
Q,CLV_PCH_SM,SCA,B1GQ,PT,2013-Q4,2.2
Q,CLV_PCH_SM,SCA,B1GQ,PT,2014-Q1,1.1
Q,CLV_PCH_SM,SCA,B1GQ,PT,2014-Q2,0.5
Q,CLV_PCH_SM,SCA,B1GQ,PT,2014-Q3,0.9
Q,CLV_PCH_SM,SCA,B1GQ,PT,2014-Q4,0.5
Q,CLV_PCH_SM,SCA,B1GQ,PT,2015-Q1,1.8
Q,CLV_PCH_SM,SCA,B1GQ,PT,2015-Q2,1.6
Q,CLV_PCH_SM,SCA,B1GQ,PT,2015-Q3,1.7
Q,CLV_PCH_SM,SCA,B1GQ,PT,2015-Q4,1.3
Q,CLV_PCH_SM,SCA,B1GQ,PT,2016-Q1,1.1
Q,CLV_PCH_SM,SCA,B1GQ,PT,2016-Q2,1.5
Q,CLV_PCH_SM,SCA,B1GQ,PT,2016-Q3,2.4
Q,CLV_PCH_SM,SCA,B1GQ,PT,2016-Q4,3.1
Q,CLV_PCH_SM,SCA,B1GQ,PT,2017-Q1,3.7
Q,CLV_PCH_SM,SCA,B1GQ,PT,2017-Q2,3.5
Q,CLV_PCH_SM,SCA,B1GQ,PT,2017-Q3,3.1
Q,CLV_PCH_SM,SCA,B1GQ,PT,2017-Q4,2.9
Q,CLV_PCH_SM,SCA,B1GQ,PT,2018-Q1,2.5
Q,CLV_PCH_SM,SCA,B1GQ,PT,2018-Q2,3.2
Q,CLV_PCH_SM,SCA,B1GQ,PT,2018-Q3,3.2
Q,CLV_PCH_SM,SCA,B1GQ,PT,2018-Q4,2.9
Q,CLV_PCH_SM,SCA,B1GQ,PT,2019-Q1,3.1
Q,CLV_PCH_SM,SCA,B1GQ,PT,2019-Q2,2.7
Q,CLV_PCH_SM,SCA,B1GQ,PT,2019-Q3,2.4
Q,CLV_PCH_SM,SCA,B1GQ,PT,2019-Q4,2.7
Q,CLV_PCH_SM,SCA,B1GQ,PT,2020-Q1,-2.4
Q,CLV_PCH_SM,SCA,B1GQ,PT,2020-Q2,-17.6
Q,CLV_PCH_SM,SCA,B1GQ,PT,2020-Q3,-6.1
Q,CLV_PCH_SM,SCA,B1GQ,PT,2020-Q4,-6.7
Q,CLV_PCH_SM,SCA,B1GQ,PT,2021-Q1,-5.4
Q,CLV_PCH_SM,SCA,B1GQ,PT,2021-Q2,16.5
Q,CLV_PCH_SM,SCA,B1GQ,PT,2021-Q3,5.5
Q,CLV_PCH_SM,SCA,B1GQ,PT,2021-Q4,7.2
Q,CLV_PCH_SM,SCA,B1GQ,PT,2022-Q1,12.1
Q,CLV_PCH_SM,SCA,B1GQ,PT,2022-Q2,7.5
Q,CLV_PCH_SM,SCA,B1GQ,PT,2022-Q3,5
Q,CLV_PCH_SM,SCA,B1GQ,PT,2022-Q4,3.8
Q,CLV_PCH_SM,SCA,B1GQ,PT,2023-Q1,3.5
Q,CLV_PCH_SM,SCA,B1GQ,PT,2023-Q2,3.6
Q,CLV_PCH_SM,SCA,B1GQ,PT,2023-Q3,2.6
Q,CLV_PCH_SM,SCA,B1GQ,PT,2023-Q4,2.7
Q,CLV_PCH_SM,SCA,B1GQ,PT,2024-Q1,2.4
Q,CLV_PCH_SM,SCA,B1GQ,PT,2024-Q2,2.6
Q,CLV_PCH_SM,SCA,B1GQ,PT,2024-Q3,2.7
Q,CLV_PCH_SM,SCA,B1GQ,PT,2024-Q4,3
Q,CLV_PCH_SM,SCA,B1GQ,PT,2025-Q1,1.8
Q,CLV_PCH_SM,SCA,B1GQ,PT,2025-Q2,1.8
Q,CLV_PCH_SM,SCA,B1GQ,PT,2025-Q3,2.1
Q,CLV_PCH_SM,SCA,B1GQ,PT,2025-Q4,1.9
Q,CLV_PCH_SM,SCA,B1GQ,PT,2026-Q1,2.4
Q,CLV_PCH_SM,SCA,B1GQ,PT,2026-Q2,2.6
Q,CLV_PCH_SM,SCA,B1GQ,RO,1978-Q1,
Q,CLV_PCH_SM,SCA,B1GQ,RO,1978-Q2,
Q,CLV_PCH_SM,SCA,B1GQ,RO,1978-Q3,
Q,CLV_PCH_SM,SCA,B1GQ,RO,1978-Q4,
Q,CLV_PCH_SM,SCA,B1GQ,RO,1979-Q1,
Q,CLV_PCH_SM,SCA,B1GQ,RO,1979-Q2,
Q,CLV_PCH_SM,SCA,B1GQ,RO,1979-Q3,
Q,CLV_PCH_SM,SCA,B1GQ,RO,1979-Q4,
Q,CLV_PCH_SM,SCA,B1GQ,RO,1980-Q1,
Q,CLV_PCH_SM,SCA,B1GQ,RO,1980-Q2,
Q,CLV_PCH_SM,SCA,B1GQ,RO,1980-Q3,
Q,CLV_PCH_SM,SCA,B1GQ,RO,1980-Q4,
Q,CLV_PCH_SM,SCA,B1GQ,RO,1981-Q1,
Q,CLV_PCH_SM,SCA,B1GQ,RO,1981-Q2,
Q,CLV_PCH_SM,SCA,B1GQ,RO,1981-Q3,
Q,CLV_PCH_SM,SCA,B1GQ,RO,1981-Q4,
Q,CLV_PCH_SM,SCA,B1GQ,RO,1982-Q1,
Q,CLV_PCH_SM,SCA,B1GQ,RO,1982-Q2,
Q,CLV_PCH_SM,SCA,B1GQ,RO,1982-Q3,
Q,CLV_PCH_SM,SCA,B1GQ,RO,1982-Q4,
Q,CLV_PCH_SM,SCA,B1GQ,RO,1983-Q1,
Q,CLV_PCH_SM,SCA,B1GQ,RO,1983-Q2,
Q,CLV_PCH_SM,SCA,B1GQ,RO,1983-Q3,
Q,CLV_PCH_SM,SCA,B1GQ,RO,1983-Q4,
Q,CLV_PCH_SM,SCA,B1GQ,RO,1984-Q1,
Q,CLV_PCH_SM,SCA,B1GQ,RO,1984-Q2,
Q,CLV_PCH_SM,SCA,B1GQ,RO,1984-Q3,
Q,CLV_PCH_SM,SCA,B1GQ,RO,1984-Q4,
Q,CLV_PCH_SM,SCA,B1GQ,RO,1985-Q1,
Q,CLV_PCH_SM,SCA,B1GQ,RO,1985-Q2,
Q,CLV_PCH_SM,SCA,B1GQ,RO,1985-Q3,
Q,CLV_PCH_SM,SCA,B1GQ,RO,1985-Q4,
Q,CLV_PCH_SM,SCA,B1GQ,RO,1986-Q1,
Q,CLV_PCH_SM,SCA,B1GQ,RO,1986-Q2,
Q,CLV_PCH_SM,SCA,B1GQ,RO,1986-Q3,
Q,CLV_PCH_SM,SCA,B1GQ,RO,1986-Q4,
Q,CLV_PCH_SM,SCA,B1GQ,RO,1987-Q1,
Q,CLV_PCH_SM,SCA,B1GQ,RO,1987-Q2,
Q,CLV_PCH_SM,SCA,B1GQ,RO,1987-Q3,
Q,CLV_PCH_SM,SCA,B1GQ,RO,1987-Q4,
Q,CLV_PCH_SM,SCA,B1GQ,RO,1988-Q1,
Q,CLV_PCH_SM,SCA,B1GQ,RO,1988-Q2,
Q,CLV_PCH_SM,SCA,B1GQ,RO,1988-Q3,
Q,CLV_PCH_SM,SCA,B1GQ,RO,1988-Q4,
Q,CLV_PCH_SM,SCA,B1GQ,RO,1989-Q1,
Q,CLV_PCH_SM,SCA,B1GQ,RO,1989-Q2,
Q,CLV_PCH_SM,SCA,B1GQ,RO,1989-Q3,
Q,CLV_PCH_SM,SCA,B1GQ,RO,1989-Q4,
Q,CLV_PCH_SM,SCA,B1GQ,RO,1990-Q1,
Q,CLV_PCH_SM,SCA,B1GQ,RO,1990-Q2,
Q,CLV_PCH_SM,SCA,B1GQ,RO,1990-Q3,
Q,CLV_PCH_SM,SCA,B1GQ,RO,1990-Q4,
Q,CLV_PCH_SM,SCA,B1GQ,RO,1991-Q1,
Q,CLV_PCH_SM,SCA,B1GQ,RO,1991-Q2,
Q,CLV_PCH_SM,SCA,B1GQ,RO,1991-Q3,
Q,CLV_PCH_SM,SCA,B1GQ,RO,1991-Q4,
Q,CLV_PCH_SM,SCA,B1GQ,RO,1992-Q1,
Q,CLV_PCH_SM,SCA,B1GQ,RO,1992-Q2,
Q,CLV_PCH_SM,SCA,B1GQ,RO,1992-Q3,
Q,CLV_PCH_SM,SCA,B1GQ,RO,1992-Q4,
Q,CLV_PCH_SM,SCA,B1GQ,RO,1993-Q1,
Q,CLV_PCH_SM,SCA,B1GQ,RO,1993-Q2,
Q,CLV_PCH_SM,SCA,B1GQ,RO,1993-Q3,
Q,CLV_PCH_SM,SCA,B1GQ,RO,1993-Q4,
Q,CLV_PCH_SM,SCA,B1GQ,RO,1994-Q1,
Q,CLV_PCH_SM,SCA,B1GQ,RO,1994-Q2,
Q,CLV_PCH_SM,SCA,B1GQ,RO,1994-Q3,
Q,CLV_PCH_SM,SCA,B1GQ,RO,1994-Q4,
Q,CLV_PCH_SM,SCA,B1GQ,RO,1995-Q1,
Q,CLV_PCH_SM,SCA,B1GQ,RO,1995-Q2,
Q,CLV_PCH_SM,SCA,B1GQ,RO,1995-Q3,
Q,CLV_PCH_SM,SCA,B1GQ,RO,1995-Q4,
Q,CLV_PCH_SM,SCA,B1GQ,RO,1996-Q1,2.6
Q,CLV_PCH_SM,SCA,B1GQ,RO,1996-Q2,4.3
Q,CLV_PCH_SM,SCA,B1GQ,RO,1996-Q3,2.3
Q,CLV_PCH_SM,SCA,B1GQ,RO,1996-Q4,6.5
Q,CLV_PCH_SM,SCA,B1GQ,RO,1997-Q1,-3.6
Q,CLV_PCH_SM,SCA,B1GQ,RO,1997-Q2,-7.3
Q,CLV_PCH_SM,SCA,B1GQ,RO,1997-Q3,-3.8
Q,CLV_PCH_SM,SCA,B1GQ,RO,1997-Q4,-4.6
Q,CLV_PCH_SM,SCA,B1GQ,RO,1998-Q1,-9.7
Q,CLV_PCH_SM,SCA,B1GQ,RO,1998-Q2,-3.9
Q,CLV_PCH_SM,SCA,B1GQ,RO,1998-Q3,0.8
Q,CLV_PCH_SM,SCA,B1GQ,RO,1998-Q4,5.2
Q,CLV_PCH_SM,SCA,B1GQ,RO,1999-Q1,6.5
Q,CLV_PCH_SM,SCA,B1GQ,RO,1999-Q2,3.2
Q,CLV_PCH_SM,SCA,B1GQ,RO,1999-Q3,-3.6
Q,CLV_PCH_SM,SCA,B1GQ,RO,1999-Q4,-6.8
Q,CLV_PCH_SM,SCA,B1GQ,RO,2000-Q1,-1.4
Q,CLV_PCH_SM,SCA,B1GQ,RO,2000-Q2,5.6
Q,CLV_PCH_SM,SCA,B1GQ,RO,2000-Q3,1.3
Q,CLV_PCH_SM,SCA,B1GQ,RO,2000-Q4,4.3
Q,CLV_PCH_SM,SCA,B1GQ,RO,2001-Q1,5.6
Q,CLV_PCH_SM,SCA,B1GQ,RO,2001-Q2,-1
Q,CLV_PCH_SM,SCA,B1GQ,RO,2001-Q3,7.8
Q,CLV_PCH_SM,SCA,B1GQ,RO,2001-Q4,8.7
Q,CLV_PCH_SM,SCA,B1GQ,RO,2002-Q1,5.7
Q,CLV_PCH_SM,SCA,B1GQ,RO,2002-Q2,9.1
Q,CLV_PCH_SM,SCA,B1GQ,RO,2002-Q3,4.8
Q,CLV_PCH_SM,SCA,B1GQ,RO,2002-Q4,3.3
Q,CLV_PCH_SM,SCA,B1GQ,RO,2003-Q1,2
Q,CLV_PCH_SM,SCA,B1GQ,RO,2003-Q2,2.3
Q,CLV_PCH_SM,SCA,B1GQ,RO,2003-Q3,3.8
Q,CLV_PCH_SM,SCA,B1GQ,RO,2003-Q4,1.3
Q,CLV_PCH_SM,SCA,B1GQ,RO,2004-Q1,7.3
Q,CLV_PCH_SM,SCA,B1GQ,RO,2004-Q2,7.3
Q,CLV_PCH_SM,SCA,B1GQ,RO,2004-Q3,11.7
Q,CLV_PCH_SM,SCA,B1GQ,RO,2004-Q4,15.4
Q,CLV_PCH_SM,SCA,B1GQ,RO,2005-Q1,7.4
Q,CLV_PCH_SM,SCA,B1GQ,RO,2005-Q2,5.8
Q,CLV_PCH_SM,SCA,B1GQ,RO,2005-Q3,2.2
Q,CLV_PCH_SM,SCA,B1GQ,RO,2005-Q4,3.5
Q,CLV_PCH_SM,SCA,B1GQ,RO,2006-Q1,7.7
Q,CLV_PCH_SM,SCA,B1GQ,RO,2006-Q2,8.3
Q,CLV_PCH_SM,SCA,B1GQ,RO,2006-Q3,9.7
Q,CLV_PCH_SM,SCA,B1GQ,RO,2006-Q4,6.5
Q,CLV_PCH_SM,SCA,B1GQ,RO,2007-Q1,7
Q,CLV_PCH_SM,SCA,B1GQ,RO,2007-Q2,6.9
Q,CLV_PCH_SM,SCA,B1GQ,RO,2007-Q3,5.6
Q,CLV_PCH_SM,SCA,B1GQ,RO,2007-Q4,9.5
Q,CLV_PCH_SM,SCA,B1GQ,RO,2008-Q1,7.5
Q,CLV_PCH_SM,SCA,B1GQ,RO,2008-Q2,10.2
Q,CLV_PCH_SM,SCA,B1GQ,RO,2008-Q3,11.7
Q,CLV_PCH_SM,SCA,B1GQ,RO,2008-Q4,7.9
Q,CLV_PCH_SM,SCA,B1GQ,RO,2009-Q1,-3.7
Q,CLV_PCH_SM,SCA,B1GQ,RO,2009-Q2,-6.8
Q,CLV_PCH_SM,SCA,B1GQ,RO,2009-Q3,-6.1
Q,CLV_PCH_SM,SCA,B1GQ,RO,2009-Q4,-5.4
Q,CLV_PCH_SM,SCA,B1GQ,RO,2010-Q1,-0.9
Q,CLV_PCH_SM,SCA,B1GQ,RO,2010-Q2,-0.6
Q,CLV_PCH_SM,SCA,B1GQ,RO,2010-Q3,-7.8
Q,CLV_PCH_SM,SCA,B1GQ,RO,2010-Q4,-6
Q,CLV_PCH_SM,SCA,B1GQ,RO,2011-Q1,2.5
Q,CLV_PCH_SM,SCA,B1GQ,RO,2011-Q2,3.2
Q,CLV_PCH_SM,SCA,B1GQ,RO,2011-Q3,10.2
Q,CLV_PCH_SM,SCA,B1GQ,RO,2011-Q4,2.2
Q,CLV_PCH_SM,SCA,B1GQ,RO,2012-Q1,4.5
Q,CLV_PCH_SM,SCA,B1GQ,RO,2012-Q2,2.8
Q,CLV_PCH_SM,SCA,B1GQ,RO,2012-Q3,-1.6
Q,CLV_PCH_SM,SCA,B1GQ,RO,2012-Q4,2
Q,CLV_PCH_SM,SCA,B1GQ,RO,2013-Q1,-3.1
Q,CLV_PCH_SM,SCA,B1GQ,RO,2013-Q2,-1.5
Q,CLV_PCH_SM,SCA,B1GQ,RO,2013-Q3,2
Q,CLV_PCH_SM,SCA,B1GQ,RO,2013-Q4,4
Q,CLV_PCH_SM,SCA,B1GQ,RO,2014-Q1,5
Q,CLV_PCH_SM,SCA,B1GQ,RO,2014-Q2,3.5
Q,CLV_PCH_SM,SCA,B1GQ,RO,2014-Q3,4.5
Q,CLV_PCH_SM,SCA,B1GQ,RO,2014-Q4,3.5
Q,CLV_PCH_SM,SCA,B1GQ,RO,2015-Q1,3.6
Q,CLV_PCH_SM,SCA,B1GQ,RO,2015-Q2,4.5
Q,CLV_PCH_SM,SCA,B1GQ,RO,2015-Q3,2.4
Q,CLV_PCH_SM,SCA,B1GQ,RO,2015-Q4,2.1
Q,CLV_PCH_SM,SCA,B1GQ,RO,2016-Q1,3.5
Q,CLV_PCH_SM,SCA,B1GQ,RO,2016-Q2,2.2
Q,CLV_PCH_SM,SCA,B1GQ,RO,2016-Q3,2.6
Q,CLV_PCH_SM,SCA,B1GQ,RO,2016-Q4,3.1
Q,CLV_PCH_SM,SCA,B1GQ,RO,2017-Q1,5.3
Q,CLV_PCH_SM,SCA,B1GQ,RO,2017-Q2,8.5
Q,CLV_PCH_SM,SCA,B1GQ,RO,2017-Q3,9.7
Q,CLV_PCH_SM,SCA,B1GQ,RO,2017-Q4,9.3
Q,CLV_PCH_SM,SCA,B1GQ,RO,2018-Q1,5.8
Q,CLV_PCH_SM,SCA,B1GQ,RO,2018-Q2,4.8
Q,CLV_PCH_SM,SCA,B1GQ,RO,2018-Q3,5.8
Q,CLV_PCH_SM,SCA,B1GQ,RO,2018-Q4,5.2
Q,CLV_PCH_SM,SCA,B1GQ,RO,2019-Q1,4.1
Q,CLV_PCH_SM,SCA,B1GQ,RO,2019-Q2,4.5
Q,CLV_PCH_SM,SCA,B1GQ,RO,2019-Q3,2.4
Q,CLV_PCH_SM,SCA,B1GQ,RO,2019-Q4,4.9
Q,CLV_PCH_SM,SCA,B1GQ,RO,2020-Q1,2.1
Q,CLV_PCH_SM,SCA,B1GQ,RO,2020-Q2,-8.5
Q,CLV_PCH_SM,SCA,B1GQ,RO,2020-Q3,-5.4
Q,CLV_PCH_SM,SCA,B1GQ,RO,2020-Q4,-2.5
Q,CLV_PCH_SM,SCA,B1GQ,RO,2021-Q1,1.3
Q,CLV_PCH_SM,SCA,B1GQ,RO,2021-Q2,11.5
Q,CLV_PCH_SM,SCA,B1GQ,RO,2021-Q3,7.7
Q,CLV_PCH_SM,SCA,B1GQ,RO,2021-Q4,2.5
Q,CLV_PCH_SM,SCA,B1GQ,RO,2022-Q1,4.4
Q,CLV_PCH_SM,SCA,B1GQ,RO,2022-Q2,3.6
Q,CLV_PCH_SM,SCA,B1GQ,RO,2022-Q3,3.8
Q,CLV_PCH_SM,SCA,B1GQ,RO,2022-Q4,5
Q,CLV_PCH_SM,SCA,B1GQ,RO,2023-Q1,1.6
Q,CLV_PCH_SM,SCA,B1GQ,RO,2023-Q2,2.4
Q,CLV_PCH_SM,SCA,B1GQ,RO,2023-Q3,2.9
Q,CLV_PCH_SM,SCA,B1GQ,RO,2023-Q4,2.2
Q,CLV_PCH_SM,SCA,B1GQ,RO,2024-Q1,2.1
Q,CLV_PCH_SM,SCA,B1GQ,RO,2024-Q2,0.5
Q,CLV_PCH_SM,SCA,B1GQ,RO,2024-Q3,0.3
Q,CLV_PCH_SM,SCA,B1GQ,RO,2024-Q4,0.8
Q,CLV_PCH_SM,SCA,B1GQ,RO,2025-Q1,0.7
Q,CLV_PCH_SM,SCA,B1GQ,RO,2025-Q2,2.1
Q,CLV_PCH_SM,SCA,B1GQ,RO,2025-Q3,1.4
Q,CLV_PCH_SM,SCA,B1GQ,RO,2025-Q4,-1.4
Q,CLV_PCH_SM,SCA,B1GQ,RO,2026-Q1,-1.1
Q,CLV_PCH_SM,SCA,B1GQ,RO,2026-Q2,-2
Q,CLV_PCH_SM,SCA,B1GQ,SI,1978-Q1,
Q,CLV_PCH_SM,SCA,B1GQ,SI,1978-Q2,
Q,CLV_PCH_SM,SCA,B1GQ,SI,1978-Q3,
Q,CLV_PCH_SM,SCA,B1GQ,SI,1978-Q4,
Q,CLV_PCH_SM,SCA,B1GQ,SI,1979-Q1,
Q,CLV_PCH_SM,SCA,B1GQ,SI,1979-Q2,
Q,CLV_PCH_SM,SCA,B1GQ,SI,1979-Q3,
Q,CLV_PCH_SM,SCA,B1GQ,SI,1979-Q4,
Q,CLV_PCH_SM,SCA,B1GQ,SI,1980-Q1,
Q,CLV_PCH_SM,SCA,B1GQ,SI,1980-Q2,
Q,CLV_PCH_SM,SCA,B1GQ,SI,1980-Q3,
Q,CLV_PCH_SM,SCA,B1GQ,SI,1980-Q4,
Q,CLV_PCH_SM,SCA,B1GQ,SI,1981-Q1,
Q,CLV_PCH_SM,SCA,B1GQ,SI,1981-Q2,
Q,CLV_PCH_SM,SCA,B1GQ,SI,1981-Q3,
Q,CLV_PCH_SM,SCA,B1GQ,SI,1981-Q4,
Q,CLV_PCH_SM,SCA,B1GQ,SI,1982-Q1,
Q,CLV_PCH_SM,SCA,B1GQ,SI,1982-Q2,
Q,CLV_PCH_SM,SCA,B1GQ,SI,1982-Q3,
Q,CLV_PCH_SM,SCA,B1GQ,SI,1982-Q4,
Q,CLV_PCH_SM,SCA,B1GQ,SI,1983-Q1,
Q,CLV_PCH_SM,SCA,B1GQ,SI,1983-Q2,
Q,CLV_PCH_SM,SCA,B1GQ,SI,1983-Q3,
Q,CLV_PCH_SM,SCA,B1GQ,SI,1983-Q4,
Q,CLV_PCH_SM,SCA,B1GQ,SI,1984-Q1,
Q,CLV_PCH_SM,SCA,B1GQ,SI,1984-Q2,
Q,CLV_PCH_SM,SCA,B1GQ,SI,1984-Q3,
Q,CLV_PCH_SM,SCA,B1GQ,SI,1984-Q4,
Q,CLV_PCH_SM,SCA,B1GQ,SI,1985-Q1,
Q,CLV_PCH_SM,SCA,B1GQ,SI,1985-Q2,
Q,CLV_PCH_SM,SCA,B1GQ,SI,1985-Q3,
Q,CLV_PCH_SM,SCA,B1GQ,SI,1985-Q4,
Q,CLV_PCH_SM,SCA,B1GQ,SI,1986-Q1,
Q,CLV_PCH_SM,SCA,B1GQ,SI,1986-Q2,
Q,CLV_PCH_SM,SCA,B1GQ,SI,1986-Q3,
Q,CLV_PCH_SM,SCA,B1GQ,SI,1986-Q4,
Q,CLV_PCH_SM,SCA,B1GQ,SI,1987-Q1,
Q,CLV_PCH_SM,SCA,B1GQ,SI,1987-Q2,
Q,CLV_PCH_SM,SCA,B1GQ,SI,1987-Q3,
Q,CLV_PCH_SM,SCA,B1GQ,SI,1987-Q4,
Q,CLV_PCH_SM,SCA,B1GQ,SI,1988-Q1,
Q,CLV_PCH_SM,SCA,B1GQ,SI,1988-Q2,
Q,CLV_PCH_SM,SCA,B1GQ,SI,1988-Q3,
Q,CLV_PCH_SM,SCA,B1GQ,SI,1988-Q4,
Q,CLV_PCH_SM,SCA,B1GQ,SI,1989-Q1,
Q,CLV_PCH_SM,SCA,B1GQ,SI,1989-Q2,
Q,CLV_PCH_SM,SCA,B1GQ,SI,1989-Q3,
Q,CLV_PCH_SM,SCA,B1GQ,SI,1989-Q4,
Q,CLV_PCH_SM,SCA,B1GQ,SI,1990-Q1,
Q,CLV_PCH_SM,SCA,B1GQ,SI,1990-Q2,
Q,CLV_PCH_SM,SCA,B1GQ,SI,1990-Q3,
Q,CLV_PCH_SM,SCA,B1GQ,SI,1990-Q4,
Q,CLV_PCH_SM,SCA,B1GQ,SI,1991-Q1,
Q,CLV_PCH_SM,SCA,B1GQ,SI,1991-Q2,
Q,CLV_PCH_SM,SCA,B1GQ,SI,1991-Q3,
Q,CLV_PCH_SM,SCA,B1GQ,SI,1991-Q4,
Q,CLV_PCH_SM,SCA,B1GQ,SI,1992-Q1,
Q,CLV_PCH_SM,SCA,B1GQ,SI,1992-Q2,
Q,CLV_PCH_SM,SCA,B1GQ,SI,1992-Q3,
Q,CLV_PCH_SM,SCA,B1GQ,SI,1992-Q4,
Q,CLV_PCH_SM,SCA,B1GQ,SI,1993-Q1,
Q,CLV_PCH_SM,SCA,B1GQ,SI,1993-Q2,
Q,CLV_PCH_SM,SCA,B1GQ,SI,1993-Q3,
Q,CLV_PCH_SM,SCA,B1GQ,SI,1993-Q4,
Q,CLV_PCH_SM,SCA,B1GQ,SI,1994-Q1,
Q,CLV_PCH_SM,SCA,B1GQ,SI,1994-Q2,
Q,CLV_PCH_SM,SCA,B1GQ,SI,1994-Q3,
Q,CLV_PCH_SM,SCA,B1GQ,SI,1994-Q4,
Q,CLV_PCH_SM,SCA,B1GQ,SI,1995-Q1,
Q,CLV_PCH_SM,SCA,B1GQ,SI,1995-Q2,
Q,CLV_PCH_SM,SCA,B1GQ,SI,1995-Q3,
Q,CLV_PCH_SM,SCA,B1GQ,SI,1995-Q4,
Q,CLV_PCH_SM,SCA,B1GQ,SI,1996-Q1,
Q,CLV_PCH_SM,SCA,B1GQ,SI,1996-Q2,
Q,CLV_PCH_SM,SCA,B1GQ,SI,1996-Q3,
Q,CLV_PCH_SM,SCA,B1GQ,SI,1996-Q4,
Q,CLV_PCH_SM,SCA,B1GQ,SI,1997-Q1,4.5
Q,CLV_PCH_SM,SCA,B1GQ,SI,1997-Q2,5.7
Q,CLV_PCH_SM,SCA,B1GQ,SI,1997-Q3,5.2
Q,CLV_PCH_SM,SCA,B1GQ,SI,1997-Q4,4.3
Q,CLV_PCH_SM,SCA,B1GQ,SI,1998-Q1,3.9
Q,CLV_PCH_SM,SCA,B1GQ,SI,1998-Q2,2.5
Q,CLV_PCH_SM,SCA,B1GQ,SI,1998-Q3,2.5
Q,CLV_PCH_SM,SCA,B1GQ,SI,1998-Q4,2.9
Q,CLV_PCH_SM,SCA,B1GQ,SI,1999-Q1,3.5
Q,CLV_PCH_SM,SCA,B1GQ,SI,1999-Q2,7.5
Q,CLV_PCH_SM,SCA,B1GQ,SI,1999-Q3,4.4
Q,CLV_PCH_SM,SCA,B1GQ,SI,1999-Q4,4.9
Q,CLV_PCH_SM,SCA,B1GQ,SI,2000-Q1,5.1
Q,CLV_PCH_SM,SCA,B1GQ,SI,2000-Q2,1.7
Q,CLV_PCH_SM,SCA,B1GQ,SI,2000-Q3,5
Q,CLV_PCH_SM,SCA,B1GQ,SI,2000-Q4,4.2
Q,CLV_PCH_SM,SCA,B1GQ,SI,2001-Q1,3.4
Q,CLV_PCH_SM,SCA,B1GQ,SI,2001-Q2,3.2
Q,CLV_PCH_SM,SCA,B1GQ,SI,2001-Q3,2.6
Q,CLV_PCH_SM,SCA,B1GQ,SI,2001-Q4,2.5
Q,CLV_PCH_SM,SCA,B1GQ,SI,2002-Q1,3.2
Q,CLV_PCH_SM,SCA,B1GQ,SI,2002-Q2,2.6
Q,CLV_PCH_SM,SCA,B1GQ,SI,2002-Q3,3
Q,CLV_PCH_SM,SCA,B1GQ,SI,2002-Q4,3.9
Q,CLV_PCH_SM,SCA,B1GQ,SI,2003-Q1,2.7
Q,CLV_PCH_SM,SCA,B1GQ,SI,2003-Q2,3.4
Q,CLV_PCH_SM,SCA,B1GQ,SI,2003-Q3,3.5
Q,CLV_PCH_SM,SCA,B1GQ,SI,2003-Q4,2.9
Q,CLV_PCH_SM,SCA,B1GQ,SI,2004-Q1,4.3
Q,CLV_PCH_SM,SCA,B1GQ,SI,2004-Q2,4
Q,CLV_PCH_SM,SCA,B1GQ,SI,2004-Q3,4
Q,CLV_PCH_SM,SCA,B1GQ,SI,2004-Q4,3.9
Q,CLV_PCH_SM,SCA,B1GQ,SI,2005-Q1,3.4
Q,CLV_PCH_SM,SCA,B1GQ,SI,2005-Q2,4.1
Q,CLV_PCH_SM,SCA,B1GQ,SI,2005-Q3,4.1
Q,CLV_PCH_SM,SCA,B1GQ,SI,2005-Q4,5.1
Q,CLV_PCH_SM,SCA,B1GQ,SI,2006-Q1,5.4
Q,CLV_PCH_SM,SCA,B1GQ,SI,2006-Q2,6
Q,CLV_PCH_SM,SCA,B1GQ,SI,2006-Q3,6.7
Q,CLV_PCH_SM,SCA,B1GQ,SI,2006-Q4,7.3
Q,CLV_PCH_SM,SCA,B1GQ,SI,2007-Q1,7.9
Q,CLV_PCH_SM,SCA,B1GQ,SI,2007-Q2,7.4
Q,CLV_PCH_SM,SCA,B1GQ,SI,2007-Q3,7.7
Q,CLV_PCH_SM,SCA,B1GQ,SI,2007-Q4,6.1
Q,CLV_PCH_SM,SCA,B1GQ,SI,2008-Q1,5.7
Q,CLV_PCH_SM,SCA,B1GQ,SI,2008-Q2,5.1
Q,CLV_PCH_SM,SCA,B1GQ,SI,2008-Q3,2.9
Q,CLV_PCH_SM,SCA,B1GQ,SI,2008-Q4,-1.4
Q,CLV_PCH_SM,SCA,B1GQ,SI,2009-Q1,-7.7
Q,CLV_PCH_SM,SCA,B1GQ,SI,2009-Q2,-9.3
Q,CLV_PCH_SM,SCA,B1GQ,SI,2009-Q3,-9
Q,CLV_PCH_SM,SCA,B1GQ,SI,2009-Q4,-5.8
Q,CLV_PCH_SM,SCA,B1GQ,SI,2010-Q1,-0.7
Q,CLV_PCH_SM,SCA,B1GQ,SI,2010-Q2,1.5
Q,CLV_PCH_SM,SCA,B1GQ,SI,2010-Q3,1.5
Q,CLV_PCH_SM,SCA,B1GQ,SI,2010-Q4,2
Q,CLV_PCH_SM,SCA,B1GQ,SI,2011-Q1,2.7
Q,CLV_PCH_SM,SCA,B1GQ,SI,2011-Q2,0.8
Q,CLV_PCH_SM,SCA,B1GQ,SI,2011-Q3,0.5
Q,CLV_PCH_SM,SCA,B1GQ,SI,2011-Q4,0.1
Q,CLV_PCH_SM,SCA,B1GQ,SI,2012-Q1,-0.9
Q,CLV_PCH_SM,SCA,B1GQ,SI,2012-Q2,-2.9
Q,CLV_PCH_SM,SCA,B1GQ,SI,2012-Q3,-2.6
Q,CLV_PCH_SM,SCA,B1GQ,SI,2012-Q4,-4.3
Q,CLV_PCH_SM,SCA,B1GQ,SI,2013-Q1,-3.9
Q,CLV_PCH_SM,SCA,B1GQ,SI,2013-Q2,-1
Q,CLV_PCH_SM,SCA,B1GQ,SI,2013-Q3,-1.2
Q,CLV_PCH_SM,SCA,B1GQ,SI,2013-Q4,2.6
Q,CLV_PCH_SM,SCA,B1GQ,SI,2014-Q1,2.3
Q,CLV_PCH_SM,SCA,B1GQ,SI,2014-Q2,3
Q,CLV_PCH_SM,SCA,B1GQ,SI,2014-Q3,3.5
Q,CLV_PCH_SM,SCA,B1GQ,SI,2014-Q4,1.6
Q,CLV_PCH_SM,SCA,B1GQ,SI,2015-Q1,2.3
Q,CLV_PCH_SM,SCA,B1GQ,SI,2015-Q2,2.1
Q,CLV_PCH_SM,SCA,B1GQ,SI,2015-Q3,2.2
Q,CLV_PCH_SM,SCA,B1GQ,SI,2015-Q4,2.2
Q,CLV_PCH_SM,SCA,B1GQ,SI,2016-Q1,3
Q,CLV_PCH_SM,SCA,B1GQ,SI,2016-Q2,3
Q,CLV_PCH_SM,SCA,B1GQ,SI,2016-Q3,3.2
Q,CLV_PCH_SM,SCA,B1GQ,SI,2016-Q4,3.8
Q,CLV_PCH_SM,SCA,B1GQ,SI,2017-Q1,4.6
Q,CLV_PCH_SM,SCA,B1GQ,SI,2017-Q2,5
Q,CLV_PCH_SM,SCA,B1GQ,SI,2017-Q3,5
Q,CLV_PCH_SM,SCA,B1GQ,SI,2017-Q4,6.3
Q,CLV_PCH_SM,SCA,B1GQ,SI,2018-Q1,4.5
Q,CLV_PCH_SM,SCA,B1GQ,SI,2018-Q2,4.6
Q,CLV_PCH_SM,SCA,B1GQ,SI,2018-Q3,5
Q,CLV_PCH_SM,SCA,B1GQ,SI,2018-Q4,3.7
Q,CLV_PCH_SM,SCA,B1GQ,SI,2019-Q1,4.8
Q,CLV_PCH_SM,SCA,B1GQ,SI,2019-Q2,3.3
Q,CLV_PCH_SM,SCA,B1GQ,SI,2019-Q3,3.1
Q,CLV_PCH_SM,SCA,B1GQ,SI,2019-Q4,2.6
Q,CLV_PCH_SM,SCA,B1GQ,SI,2020-Q1,-1.1
Q,CLV_PCH_SM,SCA,B1GQ,SI,2020-Q2,-10.9
Q,CLV_PCH_SM,SCA,B1GQ,SI,2020-Q3,-1.7
Q,CLV_PCH_SM,SCA,B1GQ,SI,2020-Q4,-4
Q,CLV_PCH_SM,SCA,B1GQ,SI,2021-Q1,2.7
Q,CLV_PCH_SM,SCA,B1GQ,SI,2021-Q2,15.3
Q,CLV_PCH_SM,SCA,B1GQ,SI,2021-Q3,6.2
Q,CLV_PCH_SM,SCA,B1GQ,SI,2021-Q4,9.8
Q,CLV_PCH_SM,SCA,B1GQ,SI,2022-Q1,4.8
Q,CLV_PCH_SM,SCA,B1GQ,SI,2022-Q2,4.5
Q,CLV_PCH_SM,SCA,B1GQ,SI,2022-Q3,1.4
Q,CLV_PCH_SM,SCA,B1GQ,SI,2022-Q4,1.1
Q,CLV_PCH_SM,SCA,B1GQ,SI,2023-Q1,2.2
Q,CLV_PCH_SM,SCA,B1GQ,SI,2023-Q2,2.8
Q,CLV_PCH_SM,SCA,B1GQ,SI,2023-Q3,3
Q,CLV_PCH_SM,SCA,B1GQ,SI,2023-Q4,3.2
Q,CLV_PCH_SM,SCA,B1GQ,SI,2024-Q1,3.5
Q,CLV_PCH_SM,SCA,B1GQ,SI,2024-Q2,1.4
Q,CLV_PCH_SM,SCA,B1GQ,SI,2024-Q3,1.7
Q,CLV_PCH_SM,SCA,B1GQ,SI,2024-Q4,1.4
Q,CLV_PCH_SM,SCA,B1GQ,SI,2025-Q1,0
Q,CLV_PCH_SM,SCA,B1GQ,SI,2025-Q2,1.2
Q,CLV_PCH_SM,SCA,B1GQ,SI,2025-Q3,2.2
Q,CLV_PCH_SM,SCA,B1GQ,SI,2025-Q4,2.3
Q,CLV_PCH_SM,SCA,B1GQ,SI,2026-Q1,3.4
Q,CLV_PCH_SM,SCA,B1GQ,SI,2026-Q2,4.9
Q,CLV_PCH_SM,SCA,B1GQ,SK,1978-Q1,
Q,CLV_PCH_SM,SCA,B1GQ,SK,1978-Q2,
Q,CLV_PCH_SM,SCA,B1GQ,SK,1978-Q3,
Q,CLV_PCH_SM,SCA,B1GQ,SK,1978-Q4,
Q,CLV_PCH_SM,SCA,B1GQ,SK,1979-Q1,
Q,CLV_PCH_SM,SCA,B1GQ,SK,1979-Q2,
Q,CLV_PCH_SM,SCA,B1GQ,SK,1979-Q3,
Q,CLV_PCH_SM,SCA,B1GQ,SK,1979-Q4,
Q,CLV_PCH_SM,SCA,B1GQ,SK,1980-Q1,
Q,CLV_PCH_SM,SCA,B1GQ,SK,1980-Q2,
Q,CLV_PCH_SM,SCA,B1GQ,SK,1980-Q3,
Q,CLV_PCH_SM,SCA,B1GQ,SK,1980-Q4,
Q,CLV_PCH_SM,SCA,B1GQ,SK,1981-Q1,
Q,CLV_PCH_SM,SCA,B1GQ,SK,1981-Q2,
Q,CLV_PCH_SM,SCA,B1GQ,SK,1981-Q3,
Q,CLV_PCH_SM,SCA,B1GQ,SK,1981-Q4,
Q,CLV_PCH_SM,SCA,B1GQ,SK,1982-Q1,
Q,CLV_PCH_SM,SCA,B1GQ,SK,1982-Q2,
Q,CLV_PCH_SM,SCA,B1GQ,SK,1982-Q3,
Q,CLV_PCH_SM,SCA,B1GQ,SK,1982-Q4,
Q,CLV_PCH_SM,SCA,B1GQ,SK,1983-Q1,
Q,CLV_PCH_SM,SCA,B1GQ,SK,1983-Q2,
Q,CLV_PCH_SM,SCA,B1GQ,SK,1983-Q3,
Q,CLV_PCH_SM,SCA,B1GQ,SK,1983-Q4,
Q,CLV_PCH_SM,SCA,B1GQ,SK,1984-Q1,
Q,CLV_PCH_SM,SCA,B1GQ,SK,1984-Q2,
Q,CLV_PCH_SM,SCA,B1GQ,SK,1984-Q3,
Q,CLV_PCH_SM,SCA,B1GQ,SK,1984-Q4,
Q,CLV_PCH_SM,SCA,B1GQ,SK,1985-Q1,
Q,CLV_PCH_SM,SCA,B1GQ,SK,1985-Q2,
Q,CLV_PCH_SM,SCA,B1GQ,SK,1985-Q3,
Q,CLV_PCH_SM,SCA,B1GQ,SK,1985-Q4,
Q,CLV_PCH_SM,SCA,B1GQ,SK,1986-Q1,
Q,CLV_PCH_SM,SCA,B1GQ,SK,1986-Q2,
Q,CLV_PCH_SM,SCA,B1GQ,SK,1986-Q3,
Q,CLV_PCH_SM,SCA,B1GQ,SK,1986-Q4,
Q,CLV_PCH_SM,SCA,B1GQ,SK,1987-Q1,
Q,CLV_PCH_SM,SCA,B1GQ,SK,1987-Q2,
Q,CLV_PCH_SM,SCA,B1GQ,SK,1987-Q3,
Q,CLV_PCH_SM,SCA,B1GQ,SK,1987-Q4,
Q,CLV_PCH_SM,SCA,B1GQ,SK,1988-Q1,
Q,CLV_PCH_SM,SCA,B1GQ,SK,1988-Q2,
Q,CLV_PCH_SM,SCA,B1GQ,SK,1988-Q3,
Q,CLV_PCH_SM,SCA,B1GQ,SK,1988-Q4,
Q,CLV_PCH_SM,SCA,B1GQ,SK,1989-Q1,
Q,CLV_PCH_SM,SCA,B1GQ,SK,1989-Q2,
Q,CLV_PCH_SM,SCA,B1GQ,SK,1989-Q3,
Q,CLV_PCH_SM,SCA,B1GQ,SK,1989-Q4,
Q,CLV_PCH_SM,SCA,B1GQ,SK,1990-Q1,
Q,CLV_PCH_SM,SCA,B1GQ,SK,1990-Q2,
Q,CLV_PCH_SM,SCA,B1GQ,SK,1990-Q3,
Q,CLV_PCH_SM,SCA,B1GQ,SK,1990-Q4,
Q,CLV_PCH_SM,SCA,B1GQ,SK,1991-Q1,
Q,CLV_PCH_SM,SCA,B1GQ,SK,1991-Q2,
Q,CLV_PCH_SM,SCA,B1GQ,SK,1991-Q3,
Q,CLV_PCH_SM,SCA,B1GQ,SK,1991-Q4,
Q,CLV_PCH_SM,SCA,B1GQ,SK,1992-Q1,
Q,CLV_PCH_SM,SCA,B1GQ,SK,1992-Q2,
Q,CLV_PCH_SM,SCA,B1GQ,SK,1992-Q3,
Q,CLV_PCH_SM,SCA,B1GQ,SK,1992-Q4,
Q,CLV_PCH_SM,SCA,B1GQ,SK,1993-Q1,
Q,CLV_PCH_SM,SCA,B1GQ,SK,1993-Q2,
Q,CLV_PCH_SM,SCA,B1GQ,SK,1993-Q3,
Q,CLV_PCH_SM,SCA,B1GQ,SK,1993-Q4,
Q,CLV_PCH_SM,SCA,B1GQ,SK,1994-Q1,
Q,CLV_PCH_SM,SCA,B1GQ,SK,1994-Q2,
Q,CLV_PCH_SM,SCA,B1GQ,SK,1994-Q3,
Q,CLV_PCH_SM,SCA,B1GQ,SK,1994-Q4,
Q,CLV_PCH_SM,SCA,B1GQ,SK,1995-Q1,
Q,CLV_PCH_SM,SCA,B1GQ,SK,1995-Q2,
Q,CLV_PCH_SM,SCA,B1GQ,SK,1995-Q3,
Q,CLV_PCH_SM,SCA,B1GQ,SK,1995-Q4,
Q,CLV_PCH_SM,SCA,B1GQ,SK,1996-Q1,5.5
Q,CLV_PCH_SM,SCA,B1GQ,SK,1996-Q2,4.9
Q,CLV_PCH_SM,SCA,B1GQ,SK,1996-Q3,7
Q,CLV_PCH_SM,SCA,B1GQ,SK,1996-Q4,7.1
Q,CLV_PCH_SM,SCA,B1GQ,SK,1997-Q1,6.3
Q,CLV_PCH_SM,SCA,B1GQ,SK,1997-Q2,6.7
Q,CLV_PCH_SM,SCA,B1GQ,SK,1997-Q3,5.8
Q,CLV_PCH_SM,SCA,B1GQ,SK,1997-Q4,3.2
Q,CLV_PCH_SM,SCA,B1GQ,SK,1998-Q1,4.2
Q,CLV_PCH_SM,SCA,B1GQ,SK,1998-Q2,2.7
Q,CLV_PCH_SM,SCA,B1GQ,SK,1998-Q3,0.1
Q,CLV_PCH_SM,SCA,B1GQ,SK,1998-Q4,8.4
Q,CLV_PCH_SM,SCA,B1GQ,SK,1999-Q1,2.8
Q,CLV_PCH_SM,SCA,B1GQ,SK,1999-Q2,1
Q,CLV_PCH_SM,SCA,B1GQ,SK,1999-Q3,1.2
Q,CLV_PCH_SM,SCA,B1GQ,SK,1999-Q4,-6.4
Q,CLV_PCH_SM,SCA,B1GQ,SK,2000-Q1,-2.1
Q,CLV_PCH_SM,SCA,B1GQ,SK,2000-Q2,0.6
Q,CLV_PCH_SM,SCA,B1GQ,SK,2000-Q3,1.8
Q,CLV_PCH_SM,SCA,B1GQ,SK,2000-Q4,2.9
Q,CLV_PCH_SM,SCA,B1GQ,SK,2001-Q1,2.5
Q,CLV_PCH_SM,SCA,B1GQ,SK,2001-Q2,2.6
Q,CLV_PCH_SM,SCA,B1GQ,SK,2001-Q3,2.4
Q,CLV_PCH_SM,SCA,B1GQ,SK,2001-Q4,4.2
Q,CLV_PCH_SM,SCA,B1GQ,SK,2002-Q1,3.9
Q,CLV_PCH_SM,SCA,B1GQ,SK,2002-Q2,3.9
Q,CLV_PCH_SM,SCA,B1GQ,SK,2002-Q3,5.8
Q,CLV_PCH_SM,SCA,B1GQ,SK,2002-Q4,4.1
Q,CLV_PCH_SM,SCA,B1GQ,SK,2003-Q1,5.2
Q,CLV_PCH_SM,SCA,B1GQ,SK,2003-Q2,5.6
Q,CLV_PCH_SM,SCA,B1GQ,SK,2003-Q3,3.7
Q,CLV_PCH_SM,SCA,B1GQ,SK,2003-Q4,4.9
Q,CLV_PCH_SM,SCA,B1GQ,SK,2004-Q1,5
Q,CLV_PCH_SM,SCA,B1GQ,SK,2004-Q2,4.2
Q,CLV_PCH_SM,SCA,B1GQ,SK,2004-Q3,6.3
Q,CLV_PCH_SM,SCA,B1GQ,SK,2004-Q4,6.1
Q,CLV_PCH_SM,SCA,B1GQ,SK,2005-Q1,5.7
Q,CLV_PCH_SM,SCA,B1GQ,SK,2005-Q2,7.2
Q,CLV_PCH_SM,SCA,B1GQ,SK,2005-Q3,6.5
Q,CLV_PCH_SM,SCA,B1GQ,SK,2005-Q4,6.5
Q,CLV_PCH_SM,SCA,B1GQ,SK,2006-Q1,8.1
Q,CLV_PCH_SM,SCA,B1GQ,SK,2006-Q2,8.5
Q,CLV_PCH_SM,SCA,B1GQ,SK,2006-Q3,8.8
Q,CLV_PCH_SM,SCA,B1GQ,SK,2006-Q4,10.2
Q,CLV_PCH_SM,SCA,B1GQ,SK,2007-Q1,9.6
Q,CLV_PCH_SM,SCA,B1GQ,SK,2007-Q2,9.6
Q,CLV_PCH_SM,SCA,B1GQ,SK,2007-Q3,10.1
Q,CLV_PCH_SM,SCA,B1GQ,SK,2007-Q4,13.8
Q,CLV_PCH_SM,SCA,B1GQ,SK,2008-Q1,8.2
Q,CLV_PCH_SM,SCA,B1GQ,SK,2008-Q2,6.9
Q,CLV_PCH_SM,SCA,B1GQ,SK,2008-Q3,5.9
Q,CLV_PCH_SM,SCA,B1GQ,SK,2008-Q4,0.8
Q,CLV_PCH_SM,SCA,B1GQ,SK,2009-Q1,-6.2
Q,CLV_PCH_SM,SCA,B1GQ,SK,2009-Q2,-5.8
Q,CLV_PCH_SM,SCA,B1GQ,SK,2009-Q3,-5.4
Q,CLV_PCH_SM,SCA,B1GQ,SK,2009-Q4,-4.6
Q,CLV_PCH_SM,SCA,B1GQ,SK,2010-Q1,7.9
Q,CLV_PCH_SM,SCA,B1GQ,SK,2010-Q2,7.4
Q,CLV_PCH_SM,SCA,B1GQ,SK,2010-Q3,6.7
Q,CLV_PCH_SM,SCA,B1GQ,SK,2010-Q4,5.3
Q,CLV_PCH_SM,SCA,B1GQ,SK,2011-Q1,3.3
Q,CLV_PCH_SM,SCA,B1GQ,SK,2011-Q2,2.7
Q,CLV_PCH_SM,SCA,B1GQ,SK,2011-Q3,2
Q,CLV_PCH_SM,SCA,B1GQ,SK,2011-Q4,2.2
Q,CLV_PCH_SM,SCA,B1GQ,SK,2012-Q1,2.3
Q,CLV_PCH_SM,SCA,B1GQ,SK,2012-Q2,1.9
Q,CLV_PCH_SM,SCA,B1GQ,SK,2012-Q3,1.5
Q,CLV_PCH_SM,SCA,B1GQ,SK,2012-Q4,0.6
Q,CLV_PCH_SM,SCA,B1GQ,SK,2013-Q1,0.3
Q,CLV_PCH_SM,SCA,B1GQ,SK,2013-Q2,0.4
Q,CLV_PCH_SM,SCA,B1GQ,SK,2013-Q3,0.7
Q,CLV_PCH_SM,SCA,B1GQ,SK,2013-Q4,1.4
Q,CLV_PCH_SM,SCA,B1GQ,SK,2014-Q1,2
Q,CLV_PCH_SM,SCA,B1GQ,SK,2014-Q2,2.4
Q,CLV_PCH_SM,SCA,B1GQ,SK,2014-Q3,2.9
Q,CLV_PCH_SM,SCA,B1GQ,SK,2014-Q4,3.4
Q,CLV_PCH_SM,SCA,B1GQ,SK,2015-Q1,4.8
Q,CLV_PCH_SM,SCA,B1GQ,SK,2015-Q2,5.3
Q,CLV_PCH_SM,SCA,B1GQ,SK,2015-Q3,5.5
Q,CLV_PCH_SM,SCA,B1GQ,SK,2015-Q4,5.1
Q,CLV_PCH_SM,SCA,B1GQ,SK,2016-Q1,3.1
Q,CLV_PCH_SM,SCA,B1GQ,SK,2016-Q2,2.1
Q,CLV_PCH_SM,SCA,B1GQ,SK,2016-Q3,1.3
Q,CLV_PCH_SM,SCA,B1GQ,SK,2016-Q4,1.2
Q,CLV_PCH_SM,SCA,B1GQ,SK,2017-Q1,2
Q,CLV_PCH_SM,SCA,B1GQ,SK,2017-Q2,2.6
Q,CLV_PCH_SM,SCA,B1GQ,SK,2017-Q3,3.1
Q,CLV_PCH_SM,SCA,B1GQ,SK,2017-Q4,3.8
Q,CLV_PCH_SM,SCA,B1GQ,SK,2018-Q1,4
Q,CLV_PCH_SM,SCA,B1GQ,SK,2018-Q2,4.2
Q,CLV_PCH_SM,SCA,B1GQ,SK,2018-Q3,4.4
Q,CLV_PCH_SM,SCA,B1GQ,SK,2018-Q4,3.6
Q,CLV_PCH_SM,SCA,B1GQ,SK,2019-Q1,3.3
Q,CLV_PCH_SM,SCA,B1GQ,SK,2019-Q2,2.3
Q,CLV_PCH_SM,SCA,B1GQ,SK,2019-Q3,1.7
Q,CLV_PCH_SM,SCA,B1GQ,SK,2019-Q4,1.8
Q,CLV_PCH_SM,SCA,B1GQ,SK,2020-Q1,-1.1
Q,CLV_PCH_SM,SCA,B1GQ,SK,2020-Q2,-9
Q,CLV_PCH_SM,SCA,B1GQ,SK,2020-Q3,-0.3
Q,CLV_PCH_SM,SCA,B1GQ,SK,2020-Q4,0
Q,CLV_PCH_SM,SCA,B1GQ,SK,2021-Q1,3.4
Q,CLV_PCH_SM,SCA,B1GQ,SK,2021-Q2,13.2
Q,CLV_PCH_SM,SCA,B1GQ,SK,2021-Q3,3.6
Q,CLV_PCH_SM,SCA,B1GQ,SK,2021-Q4,3.1
Q,CLV_PCH_SM,SCA,B1GQ,SK,2022-Q1,1.8
Q,CLV_PCH_SM,SCA,B1GQ,SK,2022-Q2,0.4
Q,CLV_PCH_SM,SCA,B1GQ,SK,2022-Q3,0
Q,CLV_PCH_SM,SCA,B1GQ,SK,2022-Q4,0.1
Q,CLV_PCH_SM,SCA,B1GQ,SK,2023-Q1,0.9
Q,CLV_PCH_SM,SCA,B1GQ,SK,2023-Q2,2.1
Q,CLV_PCH_SM,SCA,B1GQ,SK,2023-Q3,2.7
Q,CLV_PCH_SM,SCA,B1GQ,SK,2023-Q4,2.8
Q,CLV_PCH_SM,SCA,B1GQ,SK,2024-Q1,2.9
Q,CLV_PCH_SM,SCA,B1GQ,SK,2024-Q2,2.2
Q,CLV_PCH_SM,SCA,B1GQ,SK,2024-Q3,1.5
Q,CLV_PCH_SM,SCA,B1GQ,SK,2024-Q4,1.3
Q,CLV_PCH_SM,SCA,B1GQ,SK,2025-Q1,0.8
Q,CLV_PCH_SM,SCA,B1GQ,SK,2025-Q2,0.7
Q,CLV_PCH_SM,SCA,B1GQ,SK,2025-Q3,0.9
Q,CLV_PCH_SM,SCA,B1GQ,SK,2025-Q4,0.8
Q,CLV_PCH_SM,SCA,B1GQ,SK,2026-Q1,0.9
Q,CLV_PCH_SM,SCA,B1GQ,SK,2026-Q2,0.9
Q,CLV_PCH_SM,SCA,B1GQ,FI,1978-Q1,
Q,CLV_PCH_SM,SCA,B1GQ,FI,1978-Q2,
Q,CLV_PCH_SM,SCA,B1GQ,FI,1978-Q3,
Q,CLV_PCH_SM,SCA,B1GQ,FI,1978-Q4,
Q,CLV_PCH_SM,SCA,B1GQ,FI,1979-Q1,
Q,CLV_PCH_SM,SCA,B1GQ,FI,1979-Q2,
Q,CLV_PCH_SM,SCA,B1GQ,FI,1979-Q3,
Q,CLV_PCH_SM,SCA,B1GQ,FI,1979-Q4,
Q,CLV_PCH_SM,SCA,B1GQ,FI,1980-Q1,
Q,CLV_PCH_SM,SCA,B1GQ,FI,1980-Q2,
Q,CLV_PCH_SM,SCA,B1GQ,FI,1980-Q3,
Q,CLV_PCH_SM,SCA,B1GQ,FI,1980-Q4,
Q,CLV_PCH_SM,SCA,B1GQ,FI,1981-Q1,
Q,CLV_PCH_SM,SCA,B1GQ,FI,1981-Q2,
Q,CLV_PCH_SM,SCA,B1GQ,FI,1981-Q3,
Q,CLV_PCH_SM,SCA,B1GQ,FI,1981-Q4,
Q,CLV_PCH_SM,SCA,B1GQ,FI,1982-Q1,
Q,CLV_PCH_SM,SCA,B1GQ,FI,1982-Q2,
Q,CLV_PCH_SM,SCA,B1GQ,FI,1982-Q3,
Q,CLV_PCH_SM,SCA,B1GQ,FI,1982-Q4,
Q,CLV_PCH_SM,SCA,B1GQ,FI,1983-Q1,
Q,CLV_PCH_SM,SCA,B1GQ,FI,1983-Q2,
Q,CLV_PCH_SM,SCA,B1GQ,FI,1983-Q3,
Q,CLV_PCH_SM,SCA,B1GQ,FI,1983-Q4,
Q,CLV_PCH_SM,SCA,B1GQ,FI,1984-Q1,
Q,CLV_PCH_SM,SCA,B1GQ,FI,1984-Q2,
Q,CLV_PCH_SM,SCA,B1GQ,FI,1984-Q3,
Q,CLV_PCH_SM,SCA,B1GQ,FI,1984-Q4,
Q,CLV_PCH_SM,SCA,B1GQ,FI,1985-Q1,
Q,CLV_PCH_SM,SCA,B1GQ,FI,1985-Q2,
Q,CLV_PCH_SM,SCA,B1GQ,FI,1985-Q3,
Q,CLV_PCH_SM,SCA,B1GQ,FI,1985-Q4,
Q,CLV_PCH_SM,SCA,B1GQ,FI,1986-Q1,
Q,CLV_PCH_SM,SCA,B1GQ,FI,1986-Q2,
Q,CLV_PCH_SM,SCA,B1GQ,FI,1986-Q3,
Q,CLV_PCH_SM,SCA,B1GQ,FI,1986-Q4,
Q,CLV_PCH_SM,SCA,B1GQ,FI,1987-Q1,
Q,CLV_PCH_SM,SCA,B1GQ,FI,1987-Q2,
Q,CLV_PCH_SM,SCA,B1GQ,FI,1987-Q3,
Q,CLV_PCH_SM,SCA,B1GQ,FI,1987-Q4,
Q,CLV_PCH_SM,SCA,B1GQ,FI,1988-Q1,
Q,CLV_PCH_SM,SCA,B1GQ,FI,1988-Q2,
Q,CLV_PCH_SM,SCA,B1GQ,FI,1988-Q3,
Q,CLV_PCH_SM,SCA,B1GQ,FI,1988-Q4,
Q,CLV_PCH_SM,SCA,B1GQ,FI,1989-Q1,
Q,CLV_PCH_SM,SCA,B1GQ,FI,1989-Q2,
Q,CLV_PCH_SM,SCA,B1GQ,FI,1989-Q3,
Q,CLV_PCH_SM,SCA,B1GQ,FI,1989-Q4,
Q,CLV_PCH_SM,SCA,B1GQ,FI,1990-Q1,
Q,CLV_PCH_SM,SCA,B1GQ,FI,1990-Q2,
Q,CLV_PCH_SM,SCA,B1GQ,FI,1990-Q3,
Q,CLV_PCH_SM,SCA,B1GQ,FI,1990-Q4,
Q,CLV_PCH_SM,SCA,B1GQ,FI,1991-Q1,-5.9
Q,CLV_PCH_SM,SCA,B1GQ,FI,1991-Q2,-5.8
Q,CLV_PCH_SM,SCA,B1GQ,FI,1991-Q3,-5.6
Q,CLV_PCH_SM,SCA,B1GQ,FI,1991-Q4,-6.2
Q,CLV_PCH_SM,SCA,B1GQ,FI,1992-Q1,-4.1
Q,CLV_PCH_SM,SCA,B1GQ,FI,1992-Q2,-4
Q,CLV_PCH_SM,SCA,B1GQ,FI,1992-Q3,-2.8
Q,CLV_PCH_SM,SCA,B1GQ,FI,1992-Q4,-2.4
Q,CLV_PCH_SM,SCA,B1GQ,FI,1993-Q1,-2.5
Q,CLV_PCH_SM,SCA,B1GQ,FI,1993-Q2,-1.6
Q,CLV_PCH_SM,SCA,B1GQ,FI,1993-Q3,-0.2
Q,CLV_PCH_SM,SCA,B1GQ,FI,1993-Q4,1.3
Q,CLV_PCH_SM,SCA,B1GQ,FI,1994-Q1,1.8
Q,CLV_PCH_SM,SCA,B1GQ,FI,1994-Q2,2.9
Q,CLV_PCH_SM,SCA,B1GQ,FI,1994-Q3,4.6
Q,CLV_PCH_SM,SCA,B1GQ,FI,1994-Q4,6.5
Q,CLV_PCH_SM,SCA,B1GQ,FI,1995-Q1,4.9
Q,CLV_PCH_SM,SCA,B1GQ,FI,1995-Q2,6.8
Q,CLV_PCH_SM,SCA,B1GQ,FI,1995-Q3,3.9
Q,CLV_PCH_SM,SCA,B1GQ,FI,1995-Q4,1.4
Q,CLV_PCH_SM,SCA,B1GQ,FI,1996-Q1,4.1
Q,CLV_PCH_SM,SCA,B1GQ,FI,1996-Q2,2.2
Q,CLV_PCH_SM,SCA,B1GQ,FI,1996-Q3,3.2
Q,CLV_PCH_SM,SCA,B1GQ,FI,1996-Q4,5.2
Q,CLV_PCH_SM,SCA,B1GQ,FI,1997-Q1,4.5
Q,CLV_PCH_SM,SCA,B1GQ,FI,1997-Q2,5.4
Q,CLV_PCH_SM,SCA,B1GQ,FI,1997-Q3,7.3
Q,CLV_PCH_SM,SCA,B1GQ,FI,1997-Q4,8.3
Q,CLV_PCH_SM,SCA,B1GQ,FI,1998-Q1,6.2
Q,CLV_PCH_SM,SCA,B1GQ,FI,1998-Q2,6.6
Q,CLV_PCH_SM,SCA,B1GQ,FI,1998-Q3,5.6
Q,CLV_PCH_SM,SCA,B1GQ,FI,1998-Q4,3.5
Q,CLV_PCH_SM,SCA,B1GQ,FI,1999-Q1,6
Q,CLV_PCH_SM,SCA,B1GQ,FI,1999-Q2,4.5
Q,CLV_PCH_SM,SCA,B1GQ,FI,1999-Q3,3.6
Q,CLV_PCH_SM,SCA,B1GQ,FI,1999-Q4,3.5
Q,CLV_PCH_SM,SCA,B1GQ,FI,2000-Q1,4.9
Q,CLV_PCH_SM,SCA,B1GQ,FI,2000-Q2,5.2
Q,CLV_PCH_SM,SCA,B1GQ,FI,2000-Q3,6.3
Q,CLV_PCH_SM,SCA,B1GQ,FI,2000-Q4,6.6
Q,CLV_PCH_SM,SCA,B1GQ,FI,2001-Q1,4
Q,CLV_PCH_SM,SCA,B1GQ,FI,2001-Q2,3.3
Q,CLV_PCH_SM,SCA,B1GQ,FI,2001-Q3,2.4
Q,CLV_PCH_SM,SCA,B1GQ,FI,2001-Q4,0.9
Q,CLV_PCH_SM,SCA,B1GQ,FI,2002-Q1,1.1
Q,CLV_PCH_SM,SCA,B1GQ,FI,2002-Q2,2
Q,CLV_PCH_SM,SCA,B1GQ,FI,2002-Q3,1.1
Q,CLV_PCH_SM,SCA,B1GQ,FI,2002-Q4,2.6
Q,CLV_PCH_SM,SCA,B1GQ,FI,2003-Q1,1.1
Q,CLV_PCH_SM,SCA,B1GQ,FI,2003-Q2,1.7
Q,CLV_PCH_SM,SCA,B1GQ,FI,2003-Q3,3.1
Q,CLV_PCH_SM,SCA,B1GQ,FI,2003-Q4,2.1
Q,CLV_PCH_SM,SCA,B1GQ,FI,2004-Q1,4.2
Q,CLV_PCH_SM,SCA,B1GQ,FI,2004-Q2,3.5
Q,CLV_PCH_SM,SCA,B1GQ,FI,2004-Q3,3.5
Q,CLV_PCH_SM,SCA,B1GQ,FI,2004-Q4,4.8
Q,CLV_PCH_SM,SCA,B1GQ,FI,2005-Q1,4.5
Q,CLV_PCH_SM,SCA,B1GQ,FI,2005-Q2,2.4
Q,CLV_PCH_SM,SCA,B1GQ,FI,2005-Q3,2.7
Q,CLV_PCH_SM,SCA,B1GQ,FI,2005-Q4,1.5
Q,CLV_PCH_SM,SCA,B1GQ,FI,2006-Q1,3
Q,CLV_PCH_SM,SCA,B1GQ,FI,2006-Q2,4.5
Q,CLV_PCH_SM,SCA,B1GQ,FI,2006-Q3,4
Q,CLV_PCH_SM,SCA,B1GQ,FI,2006-Q4,4.5
Q,CLV_PCH_SM,SCA,B1GQ,FI,2007-Q1,4
Q,CLV_PCH_SM,SCA,B1GQ,FI,2007-Q2,5.6
Q,CLV_PCH_SM,SCA,B1GQ,FI,2007-Q3,5.6
Q,CLV_PCH_SM,SCA,B1GQ,FI,2007-Q4,6.1
Q,CLV_PCH_SM,SCA,B1GQ,FI,2008-Q1,3.9
Q,CLV_PCH_SM,SCA,B1GQ,FI,2008-Q2,1.4
Q,CLV_PCH_SM,SCA,B1GQ,FI,2008-Q3,0.7
Q,CLV_PCH_SM,SCA,B1GQ,FI,2008-Q4,-2.7
Q,CLV_PCH_SM,SCA,B1GQ,FI,2009-Q1,-8.9
Q,CLV_PCH_SM,SCA,B1GQ,FI,2009-Q2,-8.6
Q,CLV_PCH_SM,SCA,B1GQ,FI,2009-Q3,-8.1
Q,CLV_PCH_SM,SCA,B1GQ,FI,2009-Q4,-6.7
Q,CLV_PCH_SM,SCA,B1GQ,FI,2010-Q1,0.6
Q,CLV_PCH_SM,SCA,B1GQ,FI,2010-Q2,3.9
Q,CLV_PCH_SM,SCA,B1GQ,FI,2010-Q3,2.6
Q,CLV_PCH_SM,SCA,B1GQ,FI,2010-Q4,5.5
Q,CLV_PCH_SM,SCA,B1GQ,FI,2011-Q1,5
Q,CLV_PCH_SM,SCA,B1GQ,FI,2011-Q2,1.9
Q,CLV_PCH_SM,SCA,B1GQ,FI,2011-Q3,2.5
Q,CLV_PCH_SM,SCA,B1GQ,FI,2011-Q4,0.3
Q,CLV_PCH_SM,SCA,B1GQ,FI,2012-Q1,-0.7
Q,CLV_PCH_SM,SCA,B1GQ,FI,2012-Q2,-1.5
Q,CLV_PCH_SM,SCA,B1GQ,FI,2012-Q3,-1.9
Q,CLV_PCH_SM,SCA,B1GQ,FI,2012-Q4,-2
Q,CLV_PCH_SM,SCA,B1GQ,FI,2013-Q1,-2.3
Q,CLV_PCH_SM,SCA,B1GQ,FI,2013-Q2,-0.9
Q,CLV_PCH_SM,SCA,B1GQ,FI,2013-Q3,-0.3
Q,CLV_PCH_SM,SCA,B1GQ,FI,2013-Q4,-0.4
Q,CLV_PCH_SM,SCA,B1GQ,FI,2014-Q1,-0.4
Q,CLV_PCH_SM,SCA,B1GQ,FI,2014-Q2,-0.6
Q,CLV_PCH_SM,SCA,B1GQ,FI,2014-Q3,-0.5
Q,CLV_PCH_SM,SCA,B1GQ,FI,2014-Q4,-0.4
Q,CLV_PCH_SM,SCA,B1GQ,FI,2015-Q1,-0.4
Q,CLV_PCH_SM,SCA,B1GQ,FI,2015-Q2,0.8
Q,CLV_PCH_SM,SCA,B1GQ,FI,2015-Q3,0.4
Q,CLV_PCH_SM,SCA,B1GQ,FI,2015-Q4,1.1
Q,CLV_PCH_SM,SCA,B1GQ,FI,2016-Q1,3.1
Q,CLV_PCH_SM,SCA,B1GQ,FI,2016-Q2,1.6
Q,CLV_PCH_SM,SCA,B1GQ,FI,2016-Q3,2.9
Q,CLV_PCH_SM,SCA,B1GQ,FI,2016-Q4,2.7
Q,CLV_PCH_SM,SCA,B1GQ,FI,2017-Q1,2.5
Q,CLV_PCH_SM,SCA,B1GQ,FI,2017-Q2,3.9
Q,CLV_PCH_SM,SCA,B1GQ,FI,2017-Q3,3.3
Q,CLV_PCH_SM,SCA,B1GQ,FI,2017-Q4,3.6
Q,CLV_PCH_SM,SCA,B1GQ,FI,2018-Q1,2.8
Q,CLV_PCH_SM,SCA,B1GQ,FI,2018-Q2,1.3
Q,CLV_PCH_SM,SCA,B1GQ,FI,2018-Q3,0.7
Q,CLV_PCH_SM,SCA,B1GQ,FI,2018-Q4,0
Q,CLV_PCH_SM,SCA,B1GQ,FI,2019-Q1,0.7
Q,CLV_PCH_SM,SCA,B1GQ,FI,2019-Q2,1.5
Q,CLV_PCH_SM,SCA,B1GQ,FI,2019-Q3,1.7
Q,CLV_PCH_SM,SCA,B1GQ,FI,2019-Q4,1.5
Q,CLV_PCH_SM,SCA,B1GQ,FI,2020-Q1,0.3
Q,CLV_PCH_SM,SCA,B1GQ,FI,2020-Q2,-6.8
Q,CLV_PCH_SM,SCA,B1GQ,FI,2020-Q3,-2.4
Q,CLV_PCH_SM,SCA,B1GQ,FI,2020-Q4,-1.1
Q,CLV_PCH_SM,SCA,B1GQ,FI,2021-Q1,-1.6
Q,CLV_PCH_SM,SCA,B1GQ,FI,2021-Q2,6.9
Q,CLV_PCH_SM,SCA,B1GQ,FI,2021-Q3,3
Q,CLV_PCH_SM,SCA,B1GQ,FI,2021-Q4,2.7
Q,CLV_PCH_SM,SCA,B1GQ,FI,2022-Q1,2.6
Q,CLV_PCH_SM,SCA,B1GQ,FI,2022-Q2,1.3
Q,CLV_PCH_SM,SCA,B1GQ,FI,2022-Q3,0.1
Q,CLV_PCH_SM,SCA,B1GQ,FI,2022-Q4,-1.7
Q,CLV_PCH_SM,SCA,B1GQ,FI,2023-Q1,-0.7
Q,CLV_PCH_SM,SCA,B1GQ,FI,2023-Q2,-0.8
Q,CLV_PCH_SM,SCA,B1GQ,FI,2023-Q3,-2.1
Q,CLV_PCH_SM,SCA,B1GQ,FI,2023-Q4,-1.2
Q,CLV_PCH_SM,SCA,B1GQ,FI,2024-Q1,-0.2
Q,CLV_PCH_SM,SCA,B1GQ,FI,2024-Q2,-0.1
Q,CLV_PCH_SM,SCA,B1GQ,FI,2024-Q3,2.1
Q,CLV_PCH_SM,SCA,B1GQ,FI,2024-Q4,2.2
Q,CLV_PCH_SM,SCA,B1GQ,FI,2025-Q1,1.3
Q,CLV_PCH_SM,SCA,B1GQ,FI,2025-Q2,1.1
Q,CLV_PCH_SM,SCA,B1GQ,FI,2025-Q3,0.3
Q,CLV_PCH_SM,SCA,B1GQ,FI,2025-Q4,0.7
Q,CLV_PCH_SM,SCA,B1GQ,FI,2026-Q1,1.1
Q,CLV_PCH_SM,SCA,B1GQ,FI,2026-Q2,1.4
Q,CLV_PCH_SM,SCA,B1GQ,SE,1978-Q1,
Q,CLV_PCH_SM,SCA,B1GQ,SE,1978-Q2,
Q,CLV_PCH_SM,SCA,B1GQ,SE,1978-Q3,
Q,CLV_PCH_SM,SCA,B1GQ,SE,1978-Q4,
Q,CLV_PCH_SM,SCA,B1GQ,SE,1979-Q1,
Q,CLV_PCH_SM,SCA,B1GQ,SE,1979-Q2,
Q,CLV_PCH_SM,SCA,B1GQ,SE,1979-Q3,
Q,CLV_PCH_SM,SCA,B1GQ,SE,1979-Q4,
Q,CLV_PCH_SM,SCA,B1GQ,SE,1980-Q1,
Q,CLV_PCH_SM,SCA,B1GQ,SE,1980-Q2,
Q,CLV_PCH_SM,SCA,B1GQ,SE,1980-Q3,
Q,CLV_PCH_SM,SCA,B1GQ,SE,1980-Q4,
Q,CLV_PCH_SM,SCA,B1GQ,SE,1981-Q1,
Q,CLV_PCH_SM,SCA,B1GQ,SE,1981-Q2,
Q,CLV_PCH_SM,SCA,B1GQ,SE,1981-Q3,
Q,CLV_PCH_SM,SCA,B1GQ,SE,1981-Q4,
Q,CLV_PCH_SM,SCA,B1GQ,SE,1982-Q1,
Q,CLV_PCH_SM,SCA,B1GQ,SE,1982-Q2,
Q,CLV_PCH_SM,SCA,B1GQ,SE,1982-Q3,
Q,CLV_PCH_SM,SCA,B1GQ,SE,1982-Q4,
Q,CLV_PCH_SM,SCA,B1GQ,SE,1983-Q1,
Q,CLV_PCH_SM,SCA,B1GQ,SE,1983-Q2,
Q,CLV_PCH_SM,SCA,B1GQ,SE,1983-Q3,
Q,CLV_PCH_SM,SCA,B1GQ,SE,1983-Q4,
Q,CLV_PCH_SM,SCA,B1GQ,SE,1984-Q1,
Q,CLV_PCH_SM,SCA,B1GQ,SE,1984-Q2,
Q,CLV_PCH_SM,SCA,B1GQ,SE,1984-Q3,
Q,CLV_PCH_SM,SCA,B1GQ,SE,1984-Q4,
Q,CLV_PCH_SM,SCA,B1GQ,SE,1985-Q1,
Q,CLV_PCH_SM,SCA,B1GQ,SE,1985-Q2,
Q,CLV_PCH_SM,SCA,B1GQ,SE,1985-Q3,
Q,CLV_PCH_SM,SCA,B1GQ,SE,1985-Q4,
Q,CLV_PCH_SM,SCA,B1GQ,SE,1986-Q1,
Q,CLV_PCH_SM,SCA,B1GQ,SE,1986-Q2,
Q,CLV_PCH_SM,SCA,B1GQ,SE,1986-Q3,
Q,CLV_PCH_SM,SCA,B1GQ,SE,1986-Q4,
Q,CLV_PCH_SM,SCA,B1GQ,SE,1987-Q1,
Q,CLV_PCH_SM,SCA,B1GQ,SE,1987-Q2,
Q,CLV_PCH_SM,SCA,B1GQ,SE,1987-Q3,
Q,CLV_PCH_SM,SCA,B1GQ,SE,1987-Q4,
Q,CLV_PCH_SM,SCA,B1GQ,SE,1988-Q1,
Q,CLV_PCH_SM,SCA,B1GQ,SE,1988-Q2,
Q,CLV_PCH_SM,SCA,B1GQ,SE,1988-Q3,
Q,CLV_PCH_SM,SCA,B1GQ,SE,1988-Q4,
Q,CLV_PCH_SM,SCA,B1GQ,SE,1989-Q1,
Q,CLV_PCH_SM,SCA,B1GQ,SE,1989-Q2,
Q,CLV_PCH_SM,SCA,B1GQ,SE,1989-Q3,
Q,CLV_PCH_SM,SCA,B1GQ,SE,1989-Q4,
Q,CLV_PCH_SM,SCA,B1GQ,SE,1990-Q1,
Q,CLV_PCH_SM,SCA,B1GQ,SE,1990-Q2,
Q,CLV_PCH_SM,SCA,B1GQ,SE,1990-Q3,
Q,CLV_PCH_SM,SCA,B1GQ,SE,1990-Q4,
Q,CLV_PCH_SM,SCA,B1GQ,SE,1991-Q1,
Q,CLV_PCH_SM,SCA,B1GQ,SE,1991-Q2,
Q,CLV_PCH_SM,SCA,B1GQ,SE,1991-Q3,
Q,CLV_PCH_SM,SCA,B1GQ,SE,1991-Q4,
Q,CLV_PCH_SM,SCA,B1GQ,SE,1992-Q1,
Q,CLV_PCH_SM,SCA,B1GQ,SE,1992-Q2,
Q,CLV_PCH_SM,SCA,B1GQ,SE,1992-Q3,
Q,CLV_PCH_SM,SCA,B1GQ,SE,1992-Q4,
Q,CLV_PCH_SM,SCA,B1GQ,SE,1993-Q1,
Q,CLV_PCH_SM,SCA,B1GQ,SE,1993-Q2,
Q,CLV_PCH_SM,SCA,B1GQ,SE,1993-Q3,
Q,CLV_PCH_SM,SCA,B1GQ,SE,1993-Q4,
Q,CLV_PCH_SM,SCA,B1GQ,SE,1994-Q1,3
Q,CLV_PCH_SM,SCA,B1GQ,SE,1994-Q2,3.5
Q,CLV_PCH_SM,SCA,B1GQ,SE,1994-Q3,3.3
Q,CLV_PCH_SM,SCA,B1GQ,SE,1994-Q4,5.5
Q,CLV_PCH_SM,SCA,B1GQ,SE,1995-Q1,5.5
Q,CLV_PCH_SM,SCA,B1GQ,SE,1995-Q2,4.6
Q,CLV_PCH_SM,SCA,B1GQ,SE,1995-Q3,4
Q,CLV_PCH_SM,SCA,B1GQ,SE,1995-Q4,3.2
Q,CLV_PCH_SM,SCA,B1GQ,SE,1996-Q1,2.7
Q,CLV_PCH_SM,SCA,B1GQ,SE,1996-Q2,1
Q,CLV_PCH_SM,SCA,B1GQ,SE,1996-Q3,1.7
Q,CLV_PCH_SM,SCA,B1GQ,SE,1996-Q4,1.5
Q,CLV_PCH_SM,SCA,B1GQ,SE,1997-Q1,0.9
Q,CLV_PCH_SM,SCA,B1GQ,SE,1997-Q2,3.8
Q,CLV_PCH_SM,SCA,B1GQ,SE,1997-Q3,3.9
Q,CLV_PCH_SM,SCA,B1GQ,SE,1997-Q4,4.4
Q,CLV_PCH_SM,SCA,B1GQ,SE,1998-Q1,4.5
Q,CLV_PCH_SM,SCA,B1GQ,SE,1998-Q2,3.8
Q,CLV_PCH_SM,SCA,B1GQ,SE,1998-Q3,4.4
Q,CLV_PCH_SM,SCA,B1GQ,SE,1998-Q4,4
Q,CLV_PCH_SM,SCA,B1GQ,SE,1999-Q1,4.1
Q,CLV_PCH_SM,SCA,B1GQ,SE,1999-Q2,3.7
Q,CLV_PCH_SM,SCA,B1GQ,SE,1999-Q3,4.2
Q,CLV_PCH_SM,SCA,B1GQ,SE,1999-Q4,3.9
Q,CLV_PCH_SM,SCA,B1GQ,SE,2000-Q1,3.5
Q,CLV_PCH_SM,SCA,B1GQ,SE,2000-Q2,6
Q,CLV_PCH_SM,SCA,B1GQ,SE,2000-Q3,5.4
Q,CLV_PCH_SM,SCA,B1GQ,SE,2000-Q4,4.3
Q,CLV_PCH_SM,SCA,B1GQ,SE,2001-Q1,4.1
Q,CLV_PCH_SM,SCA,B1GQ,SE,2001-Q2,0.7
Q,CLV_PCH_SM,SCA,B1GQ,SE,2001-Q3,0.5
Q,CLV_PCH_SM,SCA,B1GQ,SE,2001-Q4,0.8
Q,CLV_PCH_SM,SCA,B1GQ,SE,2002-Q1,1.7
Q,CLV_PCH_SM,SCA,B1GQ,SE,2002-Q2,3.3
Q,CLV_PCH_SM,SCA,B1GQ,SE,2002-Q3,2.2
Q,CLV_PCH_SM,SCA,B1GQ,SE,2002-Q4,1.9
Q,CLV_PCH_SM,SCA,B1GQ,SE,2003-Q1,2.4
Q,CLV_PCH_SM,SCA,B1GQ,SE,2003-Q2,1
Q,CLV_PCH_SM,SCA,B1GQ,SE,2003-Q3,2.1
Q,CLV_PCH_SM,SCA,B1GQ,SE,2003-Q4,2.6
Q,CLV_PCH_SM,SCA,B1GQ,SE,2004-Q1,3
Q,CLV_PCH_SM,SCA,B1GQ,SE,2004-Q2,3.9
Q,CLV_PCH_SM,SCA,B1GQ,SE,2004-Q3,3.9
Q,CLV_PCH_SM,SCA,B1GQ,SE,2004-Q4,3.8
Q,CLV_PCH_SM,SCA,B1GQ,SE,2005-Q1,2.4
Q,CLV_PCH_SM,SCA,B1GQ,SE,2005-Q2,2.6
Q,CLV_PCH_SM,SCA,B1GQ,SE,2005-Q3,3.2
Q,CLV_PCH_SM,SCA,B1GQ,SE,2005-Q4,2.9
Q,CLV_PCH_SM,SCA,B1GQ,SE,2006-Q1,4.5
Q,CLV_PCH_SM,SCA,B1GQ,SE,2006-Q2,5.2
Q,CLV_PCH_SM,SCA,B1GQ,SE,2006-Q3,4.6
Q,CLV_PCH_SM,SCA,B1GQ,SE,2006-Q4,5.5
Q,CLV_PCH_SM,SCA,B1GQ,SE,2007-Q1,4
Q,CLV_PCH_SM,SCA,B1GQ,SE,2007-Q2,3.5
Q,CLV_PCH_SM,SCA,B1GQ,SE,2007-Q3,2.9
Q,CLV_PCH_SM,SCA,B1GQ,SE,2007-Q4,3.1
Q,CLV_PCH_SM,SCA,B1GQ,SE,2008-Q1,2
Q,CLV_PCH_SM,SCA,B1GQ,SE,2008-Q2,0.4
Q,CLV_PCH_SM,SCA,B1GQ,SE,2008-Q3,-0.9
Q,CLV_PCH_SM,SCA,B1GQ,SE,2008-Q4,-5.8
Q,CLV_PCH_SM,SCA,B1GQ,SE,2009-Q1,-6.3
Q,CLV_PCH_SM,SCA,B1GQ,SE,2009-Q2,-5.4
Q,CLV_PCH_SM,SCA,B1GQ,SE,2009-Q3,-4.5
Q,CLV_PCH_SM,SCA,B1GQ,SE,2009-Q4,-0.3
Q,CLV_PCH_SM,SCA,B1GQ,SE,2010-Q1,2.2
Q,CLV_PCH_SM,SCA,B1GQ,SE,2010-Q2,5.1
Q,CLV_PCH_SM,SCA,B1GQ,SE,2010-Q3,6.9
Q,CLV_PCH_SM,SCA,B1GQ,SE,2010-Q4,7.6
Q,CLV_PCH_SM,SCA,B1GQ,SE,2011-Q1,6.6
Q,CLV_PCH_SM,SCA,B1GQ,SE,2011-Q2,4
Q,CLV_PCH_SM,SCA,B1GQ,SE,2011-Q3,3.1
Q,CLV_PCH_SM,SCA,B1GQ,SE,2011-Q4,-0.5
Q,CLV_PCH_SM,SCA,B1GQ,SE,2012-Q1,-0.2
Q,CLV_PCH_SM,SCA,B1GQ,SE,2012-Q2,-0.4
Q,CLV_PCH_SM,SCA,B1GQ,SE,2012-Q3,-0.7
Q,CLV_PCH_SM,SCA,B1GQ,SE,2012-Q4,0.9
Q,CLV_PCH_SM,SCA,B1GQ,SE,2013-Q1,0.6
Q,CLV_PCH_SM,SCA,B1GQ,SE,2013-Q2,0.5
Q,CLV_PCH_SM,SCA,B1GQ,SE,2013-Q3,0.7
Q,CLV_PCH_SM,SCA,B1GQ,SE,2013-Q4,2.6
Q,CLV_PCH_SM,SCA,B1GQ,SE,2014-Q1,2.4
Q,CLV_PCH_SM,SCA,B1GQ,SE,2014-Q2,2.6
Q,CLV_PCH_SM,SCA,B1GQ,SE,2014-Q3,2.6
Q,CLV_PCH_SM,SCA,B1GQ,SE,2014-Q4,2.1
Q,CLV_PCH_SM,SCA,B1GQ,SE,2015-Q1,2.9
Q,CLV_PCH_SM,SCA,B1GQ,SE,2015-Q2,4.8
Q,CLV_PCH_SM,SCA,B1GQ,SE,2015-Q3,3.9
Q,CLV_PCH_SM,SCA,B1GQ,SE,2015-Q4,4.7
Q,CLV_PCH_SM,SCA,B1GQ,SE,2016-Q1,2.9
Q,CLV_PCH_SM,SCA,B1GQ,SE,2016-Q2,1.5
Q,CLV_PCH_SM,SCA,B1GQ,SE,2016-Q3,1.9
Q,CLV_PCH_SM,SCA,B1GQ,SE,2016-Q4,1.4
Q,CLV_PCH_SM,SCA,B1GQ,SE,2017-Q1,2.8
Q,CLV_PCH_SM,SCA,B1GQ,SE,2017-Q2,1.9
Q,CLV_PCH_SM,SCA,B1GQ,SE,2017-Q3,2
Q,CLV_PCH_SM,SCA,B1GQ,SE,2017-Q4,2
Q,CLV_PCH_SM,SCA,B1GQ,SE,2018-Q1,1.7
Q,CLV_PCH_SM,SCA,B1GQ,SE,2018-Q2,2
Q,CLV_PCH_SM,SCA,B1GQ,SE,2018-Q3,1.5
Q,CLV_PCH_SM,SCA,B1GQ,SE,2018-Q4,2.2
Q,CLV_PCH_SM,SCA,B1GQ,SE,2019-Q1,2
Q,CLV_PCH_SM,SCA,B1GQ,SE,2019-Q2,2.8
Q,CLV_PCH_SM,SCA,B1GQ,SE,2019-Q3,2.7
Q,CLV_PCH_SM,SCA,B1GQ,SE,2019-Q4,3
Q,CLV_PCH_SM,SCA,B1GQ,SE,2020-Q1,2.8
Q,CLV_PCH_SM,SCA,B1GQ,SE,2020-Q2,-7.5
Q,CLV_PCH_SM,SCA,B1GQ,SE,2020-Q3,-1.7
Q,CLV_PCH_SM,SCA,B1GQ,SE,2020-Q4,-2
Q,CLV_PCH_SM,SCA,B1GQ,SE,2021-Q1,0.5
Q,CLV_PCH_SM,SCA,B1GQ,SE,2021-Q2,10.7
Q,CLV_PCH_SM,SCA,B1GQ,SE,2021-Q3,4.2
Q,CLV_PCH_SM,SCA,B1GQ,SE,2021-Q4,5
Q,CLV_PCH_SM,SCA,B1GQ,SE,2022-Q1,1.8
Q,CLV_PCH_SM,SCA,B1GQ,SE,2022-Q2,2.4
Q,CLV_PCH_SM,SCA,B1GQ,SE,2022-Q3,2.1
Q,CLV_PCH_SM,SCA,B1GQ,SE,2022-Q4,-1
Q,CLV_PCH_SM,SCA,B1GQ,SE,2023-Q1,0.8
Q,CLV_PCH_SM,SCA,B1GQ,SE,2023-Q2,-1.3
Q,CLV_PCH_SM,SCA,B1GQ,SE,2023-Q3,0.6
Q,CLV_PCH_SM,SCA,B1GQ,SE,2023-Q4,0.1
Q,CLV_PCH_SM,SCA,B1GQ,SE,2024-Q1,1.9
Q,CLV_PCH_SM,SCA,B1GQ,SE,2024-Q2,1.5
Q,CLV_PCH_SM,SCA,B1GQ,SE,2024-Q3,0.7
Q,CLV_PCH_SM,SCA,B1GQ,SE,2024-Q4,3.6
Q,CLV_PCH_SM,SCA,B1GQ,SE,2025-Q1,0.1
Q,CLV_PCH_SM,SCA,B1GQ,SE,2025-Q2,2.2
Q,CLV_PCH_SM,SCA,B1GQ,SE,2025-Q3,2.2
Q,CLV_PCH_SM,SCA,B1GQ,SE,2025-Q4,2
Q,CLV_PCH_SM,SCA,B1GQ,SE,2026-Q1,2.3
Q,CLV_PCH_SM,SCA,B1GQ,SE,2026-Q2,3.2
Q,CLV_PCH_SM,SCA,B1GQ,IS,1978-Q1,
Q,CLV_PCH_SM,SCA,B1GQ,IS,1978-Q2,
Q,CLV_PCH_SM,SCA,B1GQ,IS,1978-Q3,
Q,CLV_PCH_SM,SCA,B1GQ,IS,1978-Q4,
Q,CLV_PCH_SM,SCA,B1GQ,IS,1979-Q1,
Q,CLV_PCH_SM,SCA,B1GQ,IS,1979-Q2,
Q,CLV_PCH_SM,SCA,B1GQ,IS,1979-Q3,
Q,CLV_PCH_SM,SCA,B1GQ,IS,1979-Q4,
Q,CLV_PCH_SM,SCA,B1GQ,IS,1980-Q1,
Q,CLV_PCH_SM,SCA,B1GQ,IS,1980-Q2,
Q,CLV_PCH_SM,SCA,B1GQ,IS,1980-Q3,
Q,CLV_PCH_SM,SCA,B1GQ,IS,1980-Q4,
Q,CLV_PCH_SM,SCA,B1GQ,IS,1981-Q1,
Q,CLV_PCH_SM,SCA,B1GQ,IS,1981-Q2,
Q,CLV_PCH_SM,SCA,B1GQ,IS,1981-Q3,
Q,CLV_PCH_SM,SCA,B1GQ,IS,1981-Q4,
Q,CLV_PCH_SM,SCA,B1GQ,IS,1982-Q1,
Q,CLV_PCH_SM,SCA,B1GQ,IS,1982-Q2,
Q,CLV_PCH_SM,SCA,B1GQ,IS,1982-Q3,
Q,CLV_PCH_SM,SCA,B1GQ,IS,1982-Q4,
Q,CLV_PCH_SM,SCA,B1GQ,IS,1983-Q1,
Q,CLV_PCH_SM,SCA,B1GQ,IS,1983-Q2,
Q,CLV_PCH_SM,SCA,B1GQ,IS,1983-Q3,
Q,CLV_PCH_SM,SCA,B1GQ,IS,1983-Q4,
Q,CLV_PCH_SM,SCA,B1GQ,IS,1984-Q1,
Q,CLV_PCH_SM,SCA,B1GQ,IS,1984-Q2,
Q,CLV_PCH_SM,SCA,B1GQ,IS,1984-Q3,
Q,CLV_PCH_SM,SCA,B1GQ,IS,1984-Q4,
Q,CLV_PCH_SM,SCA,B1GQ,IS,1985-Q1,
Q,CLV_PCH_SM,SCA,B1GQ,IS,1985-Q2,
Q,CLV_PCH_SM,SCA,B1GQ,IS,1985-Q3,
Q,CLV_PCH_SM,SCA,B1GQ,IS,1985-Q4,
Q,CLV_PCH_SM,SCA,B1GQ,IS,1986-Q1,
Q,CLV_PCH_SM,SCA,B1GQ,IS,1986-Q2,
Q,CLV_PCH_SM,SCA,B1GQ,IS,1986-Q3,
Q,CLV_PCH_SM,SCA,B1GQ,IS,1986-Q4,
Q,CLV_PCH_SM,SCA,B1GQ,IS,1987-Q1,
Q,CLV_PCH_SM,SCA,B1GQ,IS,1987-Q2,
Q,CLV_PCH_SM,SCA,B1GQ,IS,1987-Q3,
Q,CLV_PCH_SM,SCA,B1GQ,IS,1987-Q4,
Q,CLV_PCH_SM,SCA,B1GQ,IS,1988-Q1,
Q,CLV_PCH_SM,SCA,B1GQ,IS,1988-Q2,
Q,CLV_PCH_SM,SCA,B1GQ,IS,1988-Q3,
Q,CLV_PCH_SM,SCA,B1GQ,IS,1988-Q4,
Q,CLV_PCH_SM,SCA,B1GQ,IS,1989-Q1,
Q,CLV_PCH_SM,SCA,B1GQ,IS,1989-Q2,
Q,CLV_PCH_SM,SCA,B1GQ,IS,1989-Q3,
Q,CLV_PCH_SM,SCA,B1GQ,IS,1989-Q4,
Q,CLV_PCH_SM,SCA,B1GQ,IS,1990-Q1,
Q,CLV_PCH_SM,SCA,B1GQ,IS,1990-Q2,
Q,CLV_PCH_SM,SCA,B1GQ,IS,1990-Q3,
Q,CLV_PCH_SM,SCA,B1GQ,IS,1990-Q4,
Q,CLV_PCH_SM,SCA,B1GQ,IS,1991-Q1,
Q,CLV_PCH_SM,SCA,B1GQ,IS,1991-Q2,
Q,CLV_PCH_SM,SCA,B1GQ,IS,1991-Q3,
Q,CLV_PCH_SM,SCA,B1GQ,IS,1991-Q4,
Q,CLV_PCH_SM,SCA,B1GQ,IS,1992-Q1,
Q,CLV_PCH_SM,SCA,B1GQ,IS,1992-Q2,
Q,CLV_PCH_SM,SCA,B1GQ,IS,1992-Q3,
Q,CLV_PCH_SM,SCA,B1GQ,IS,1992-Q4,
Q,CLV_PCH_SM,SCA,B1GQ,IS,1993-Q1,
Q,CLV_PCH_SM,SCA,B1GQ,IS,1993-Q2,
Q,CLV_PCH_SM,SCA,B1GQ,IS,1993-Q3,
Q,CLV_PCH_SM,SCA,B1GQ,IS,1993-Q4,
Q,CLV_PCH_SM,SCA,B1GQ,IS,1994-Q1,
Q,CLV_PCH_SM,SCA,B1GQ,IS,1994-Q2,
Q,CLV_PCH_SM,SCA,B1GQ,IS,1994-Q3,
Q,CLV_PCH_SM,SCA,B1GQ,IS,1994-Q4,
Q,CLV_PCH_SM,SCA,B1GQ,IS,1995-Q1,
Q,CLV_PCH_SM,SCA,B1GQ,IS,1995-Q2,
Q,CLV_PCH_SM,SCA,B1GQ,IS,1995-Q3,
Q,CLV_PCH_SM,SCA,B1GQ,IS,1995-Q4,
Q,CLV_PCH_SM,SCA,B1GQ,IS,1996-Q1,5.9
Q,CLV_PCH_SM,SCA,B1GQ,IS,1996-Q2,4
Q,CLV_PCH_SM,SCA,B1GQ,IS,1996-Q3,3
Q,CLV_PCH_SM,SCA,B1GQ,IS,1996-Q4,5
Q,CLV_PCH_SM,SCA,B1GQ,IS,1997-Q1,3.4
Q,CLV_PCH_SM,SCA,B1GQ,IS,1997-Q2,3.6
Q,CLV_PCH_SM,SCA,B1GQ,IS,1997-Q3,4.4
Q,CLV_PCH_SM,SCA,B1GQ,IS,1997-Q4,5.1
Q,CLV_PCH_SM,SCA,B1GQ,IS,1998-Q1,-0.2
Q,CLV_PCH_SM,SCA,B1GQ,IS,1998-Q2,9.4
Q,CLV_PCH_SM,SCA,B1GQ,IS,1998-Q3,9.3
Q,CLV_PCH_SM,SCA,B1GQ,IS,1998-Q4,9.5
Q,CLV_PCH_SM,SCA,B1GQ,IS,1999-Q1,13.2
Q,CLV_PCH_SM,SCA,B1GQ,IS,1999-Q2,0.2
Q,CLV_PCH_SM,SCA,B1GQ,IS,1999-Q3,0.7
Q,CLV_PCH_SM,SCA,B1GQ,IS,1999-Q4,2.4
Q,CLV_PCH_SM,SCA,B1GQ,IS,2000-Q1,2.3
Q,CLV_PCH_SM,SCA,B1GQ,IS,2000-Q2,5.7
Q,CLV_PCH_SM,SCA,B1GQ,IS,2000-Q3,8.7
Q,CLV_PCH_SM,SCA,B1GQ,IS,2000-Q4,3.1
Q,CLV_PCH_SM,SCA,B1GQ,IS,2001-Q1,3.5
Q,CLV_PCH_SM,SCA,B1GQ,IS,2001-Q2,6
Q,CLV_PCH_SM,SCA,B1GQ,IS,2001-Q3,-0.6
Q,CLV_PCH_SM,SCA,B1GQ,IS,2001-Q4,6.6
Q,CLV_PCH_SM,SCA,B1GQ,IS,2002-Q1,0.2
Q,CLV_PCH_SM,SCA,B1GQ,IS,2002-Q2,0.3
Q,CLV_PCH_SM,SCA,B1GQ,IS,2002-Q3,2.5
Q,CLV_PCH_SM,SCA,B1GQ,IS,2002-Q4,-0.7
Q,CLV_PCH_SM,SCA,B1GQ,IS,2003-Q1,6.4
Q,CLV_PCH_SM,SCA,B1GQ,IS,2003-Q2,-0.5
Q,CLV_PCH_SM,SCA,B1GQ,IS,2003-Q3,1.1
Q,CLV_PCH_SM,SCA,B1GQ,IS,2003-Q4,2.2
Q,CLV_PCH_SM,SCA,B1GQ,IS,2004-Q1,4.4
Q,CLV_PCH_SM,SCA,B1GQ,IS,2004-Q2,6.1
Q,CLV_PCH_SM,SCA,B1GQ,IS,2004-Q3,10.6
Q,CLV_PCH_SM,SCA,B1GQ,IS,2004-Q4,9.3
Q,CLV_PCH_SM,SCA,B1GQ,IS,2005-Q1,3.7
Q,CLV_PCH_SM,SCA,B1GQ,IS,2005-Q2,12.4
Q,CLV_PCH_SM,SCA,B1GQ,IS,2005-Q3,6.4
Q,CLV_PCH_SM,SCA,B1GQ,IS,2005-Q4,5.8
Q,CLV_PCH_SM,SCA,B1GQ,IS,2006-Q1,7.9
Q,CLV_PCH_SM,SCA,B1GQ,IS,2006-Q2,4.6
Q,CLV_PCH_SM,SCA,B1GQ,IS,2006-Q3,5.1
Q,CLV_PCH_SM,SCA,B1GQ,IS,2006-Q4,5.2
Q,CLV_PCH_SM,SCA,B1GQ,IS,2007-Q1,8
Q,CLV_PCH_SM,SCA,B1GQ,IS,2007-Q2,8.4
Q,CLV_PCH_SM,SCA,B1GQ,IS,2007-Q3,7.3
Q,CLV_PCH_SM,SCA,B1GQ,IS,2007-Q4,11.2
Q,CLV_PCH_SM,SCA,B1GQ,IS,2008-Q1,6
Q,CLV_PCH_SM,SCA,B1GQ,IS,2008-Q2,3.6
Q,CLV_PCH_SM,SCA,B1GQ,IS,2008-Q3,-1.3
Q,CLV_PCH_SM,SCA,B1GQ,IS,2008-Q4,-1.3
Q,CLV_PCH_SM,SCA,B1GQ,IS,2009-Q1,-8.5
Q,CLV_PCH_SM,SCA,B1GQ,IS,2009-Q2,-10.5
Q,CLV_PCH_SM,SCA,B1GQ,IS,2009-Q3,-4
Q,CLV_PCH_SM,SCA,B1GQ,IS,2009-Q4,-10.1
Q,CLV_PCH_SM,SCA,B1GQ,IS,2010-Q1,-5.3
Q,CLV_PCH_SM,SCA,B1GQ,IS,2010-Q2,0.1
Q,CLV_PCH_SM,SCA,B1GQ,IS,2010-Q3,-3.7
Q,CLV_PCH_SM,SCA,B1GQ,IS,2010-Q4,0.1
Q,CLV_PCH_SM,SCA,B1GQ,IS,2011-Q1,1
Q,CLV_PCH_SM,SCA,B1GQ,IS,2011-Q2,-0.2
Q,CLV_PCH_SM,SCA,B1GQ,IS,2011-Q3,3.7
Q,CLV_PCH_SM,SCA,B1GQ,IS,2011-Q4,1.1
Q,CLV_PCH_SM,SCA,B1GQ,IS,2012-Q1,2
Q,CLV_PCH_SM,SCA,B1GQ,IS,2012-Q2,0.8
Q,CLV_PCH_SM,SCA,B1GQ,IS,2012-Q3,0.8
Q,CLV_PCH_SM,SCA,B1GQ,IS,2012-Q4,1.1
Q,CLV_PCH_SM,SCA,B1GQ,IS,2013-Q1,4.3
Q,CLV_PCH_SM,SCA,B1GQ,IS,2013-Q2,3
Q,CLV_PCH_SM,SCA,B1GQ,IS,2013-Q3,2.7
Q,CLV_PCH_SM,SCA,B1GQ,IS,2013-Q4,4.4
Q,CLV_PCH_SM,SCA,B1GQ,IS,2014-Q1,2.2
Q,CLV_PCH_SM,SCA,B1GQ,IS,2014-Q2,1.3
Q,CLV_PCH_SM,SCA,B1GQ,IS,2014-Q3,3.9
Q,CLV_PCH_SM,SCA,B1GQ,IS,2014-Q4,0.3
Q,CLV_PCH_SM,SCA,B1GQ,IS,2015-Q1,1.1
Q,CLV_PCH_SM,SCA,B1GQ,IS,2015-Q2,6.7
Q,CLV_PCH_SM,SCA,B1GQ,IS,2015-Q3,2.9
Q,CLV_PCH_SM,SCA,B1GQ,IS,2015-Q4,4.4
Q,CLV_PCH_SM,SCA,B1GQ,IS,2016-Q1,4
Q,CLV_PCH_SM,SCA,B1GQ,IS,2016-Q2,4.4
Q,CLV_PCH_SM,SCA,B1GQ,IS,2016-Q3,6.7
Q,CLV_PCH_SM,SCA,B1GQ,IS,2016-Q4,9.7
Q,CLV_PCH_SM,SCA,B1GQ,IS,2017-Q1,6.9
Q,CLV_PCH_SM,SCA,B1GQ,IS,2017-Q2,3.6
Q,CLV_PCH_SM,SCA,B1GQ,IS,2017-Q3,1.7
Q,CLV_PCH_SM,SCA,B1GQ,IS,2017-Q4,2.1
Q,CLV_PCH_SM,SCA,B1GQ,IS,2018-Q1,7.1
Q,CLV_PCH_SM,SCA,B1GQ,IS,2018-Q2,4.6
Q,CLV_PCH_SM,SCA,B1GQ,IS,2018-Q3,4.4
Q,CLV_PCH_SM,SCA,B1GQ,IS,2018-Q4,2.6
Q,CLV_PCH_SM,SCA,B1GQ,IS,2019-Q1,2.5
Q,CLV_PCH_SM,SCA,B1GQ,IS,2019-Q2,1.3
Q,CLV_PCH_SM,SCA,B1GQ,IS,2019-Q3,-1
Q,CLV_PCH_SM,SCA,B1GQ,IS,2019-Q4,1.8
Q,CLV_PCH_SM,SCA,B1GQ,IS,2020-Q1,-5.2
Q,CLV_PCH_SM,SCA,B1GQ,IS,2020-Q2,-10.9
Q,CLV_PCH_SM,SCA,B1GQ,IS,2020-Q3,-5.4
Q,CLV_PCH_SM,SCA,B1GQ,IS,2020-Q4,-5.1
Q,CLV_PCH_SM,SCA,B1GQ,IS,2021-Q1,-2.2
Q,CLV_PCH_SM,SCA,B1GQ,IS,2021-Q2,9.2
Q,CLV_PCH_SM,SCA,B1GQ,IS,2021-Q3,8
Q,CLV_PCH_SM,SCA,B1GQ,IS,2021-Q4,6.1
Q,CLV_PCH_SM,SCA,B1GQ,IS,2022-Q1,9.6
Q,CLV_PCH_SM,SCA,B1GQ,IS,2022-Q2,9.1
Q,CLV_PCH_SM,SCA,B1GQ,IS,2022-Q3,7.5
Q,CLV_PCH_SM,SCA,B1GQ,IS,2022-Q4,9.2
Q,CLV_PCH_SM,SCA,B1GQ,IS,2023-Q1,9.5
Q,CLV_PCH_SM,SCA,B1GQ,IS,2023-Q2,8.8
Q,CLV_PCH_SM,SCA,B1GQ,IS,2023-Q3,3.3
Q,CLV_PCH_SM,SCA,B1GQ,IS,2023-Q4,-0.4
Q,CLV_PCH_SM,SCA,B1GQ,IS,2024-Q1,-1.2
Q,CLV_PCH_SM,SCA,B1GQ,IS,2024-Q2,-1.7
Q,CLV_PCH_SM,SCA,B1GQ,IS,2024-Q3,1.1
Q,CLV_PCH_SM,SCA,B1GQ,IS,2024-Q4,-1.7
Q,CLV_PCH_SM,SCA,B1GQ,IS,2025-Q1,1.4
Q,CLV_PCH_SM,SCA,B1GQ,IS,2025-Q2,-0.3
Q,CLV_PCH_SM,SCA,B1GQ,IS,2025-Q3,1
Q,CLV_PCH_SM,SCA,B1GQ,IS,2025-Q4,2.3
Q,CLV_PCH_SM,SCA,B1GQ,IS,2026-Q1,3.7
Q,CLV_PCH_SM,SCA,B1GQ,IS,2026-Q2,0.3
Q,CLV_PCH_SM,SCA,B1GQ,NO,1978-Q1,
Q,CLV_PCH_SM,SCA,B1GQ,NO,1978-Q2,
Q,CLV_PCH_SM,SCA,B1GQ,NO,1978-Q3,
Q,CLV_PCH_SM,SCA,B1GQ,NO,1978-Q4,
Q,CLV_PCH_SM,SCA,B1GQ,NO,1979-Q1,2.9
Q,CLV_PCH_SM,SCA,B1GQ,NO,1979-Q2,3.9
Q,CLV_PCH_SM,SCA,B1GQ,NO,1979-Q3,5
Q,CLV_PCH_SM,SCA,B1GQ,NO,1979-Q4,5.6
Q,CLV_PCH_SM,SCA,B1GQ,NO,1980-Q1,9
Q,CLV_PCH_SM,SCA,B1GQ,NO,1980-Q2,5
Q,CLV_PCH_SM,SCA,B1GQ,NO,1980-Q3,1.7
Q,CLV_PCH_SM,SCA,B1GQ,NO,1980-Q4,2.6
Q,CLV_PCH_SM,SCA,B1GQ,NO,1981-Q1,0.5
Q,CLV_PCH_SM,SCA,B1GQ,NO,1981-Q2,2.3
Q,CLV_PCH_SM,SCA,B1GQ,NO,1981-Q3,2.8
Q,CLV_PCH_SM,SCA,B1GQ,NO,1981-Q4,1.1
Q,CLV_PCH_SM,SCA,B1GQ,NO,1982-Q1,0
Q,CLV_PCH_SM,SCA,B1GQ,NO,1982-Q2,-0.3
Q,CLV_PCH_SM,SCA,B1GQ,NO,1982-Q3,0.6
Q,CLV_PCH_SM,SCA,B1GQ,NO,1982-Q4,0.8
Q,CLV_PCH_SM,SCA,B1GQ,NO,1983-Q1,2.8
Q,CLV_PCH_SM,SCA,B1GQ,NO,1983-Q2,3.7
Q,CLV_PCH_SM,SCA,B1GQ,NO,1983-Q3,4.7
Q,CLV_PCH_SM,SCA,B1GQ,NO,1983-Q4,4.5
Q,CLV_PCH_SM,SCA,B1GQ,NO,1984-Q1,5.4
Q,CLV_PCH_SM,SCA,B1GQ,NO,1984-Q2,5
Q,CLV_PCH_SM,SCA,B1GQ,NO,1984-Q3,6.2
Q,CLV_PCH_SM,SCA,B1GQ,NO,1984-Q4,7.8
Q,CLV_PCH_SM,SCA,B1GQ,NO,1985-Q1,7
Q,CLV_PCH_SM,SCA,B1GQ,NO,1985-Q2,5.4
Q,CLV_PCH_SM,SCA,B1GQ,NO,1985-Q3,5.4
Q,CLV_PCH_SM,SCA,B1GQ,NO,1985-Q4,4.5
Q,CLV_PCH_SM,SCA,B1GQ,NO,1986-Q1,4.2
Q,CLV_PCH_SM,SCA,B1GQ,NO,1986-Q2,4.2
Q,CLV_PCH_SM,SCA,B1GQ,NO,1986-Q3,4
Q,CLV_PCH_SM,SCA,B1GQ,NO,1986-Q4,3.7
Q,CLV_PCH_SM,SCA,B1GQ,NO,1987-Q1,1.5
Q,CLV_PCH_SM,SCA,B1GQ,NO,1987-Q2,4.2
Q,CLV_PCH_SM,SCA,B1GQ,NO,1987-Q3,0.2
Q,CLV_PCH_SM,SCA,B1GQ,NO,1987-Q4,1.2
Q,CLV_PCH_SM,SCA,B1GQ,NO,1988-Q1,0.8
Q,CLV_PCH_SM,SCA,B1GQ,NO,1988-Q2,-2
Q,CLV_PCH_SM,SCA,B1GQ,NO,1988-Q3,0.6
Q,CLV_PCH_SM,SCA,B1GQ,NO,1988-Q4,-0.6
Q,CLV_PCH_SM,SCA,B1GQ,NO,1989-Q1,-0.6
Q,CLV_PCH_SM,SCA,B1GQ,NO,1989-Q2,1.4
Q,CLV_PCH_SM,SCA,B1GQ,NO,1989-Q3,1.5
Q,CLV_PCH_SM,SCA,B1GQ,NO,1989-Q4,1.9
Q,CLV_PCH_SM,SCA,B1GQ,NO,1990-Q1,2.4
Q,CLV_PCH_SM,SCA,B1GQ,NO,1990-Q2,2.3
Q,CLV_PCH_SM,SCA,B1GQ,NO,1990-Q3,0.8
Q,CLV_PCH_SM,SCA,B1GQ,NO,1990-Q4,2.3
Q,CLV_PCH_SM,SCA,B1GQ,NO,1991-Q1,3.3
Q,CLV_PCH_SM,SCA,B1GQ,NO,1991-Q2,2.8
Q,CLV_PCH_SM,SCA,B1GQ,NO,1991-Q3,3.4
Q,CLV_PCH_SM,SCA,B1GQ,NO,1991-Q4,2
Q,CLV_PCH_SM,SCA,B1GQ,NO,1992-Q1,3.2
Q,CLV_PCH_SM,SCA,B1GQ,NO,1992-Q2,3.2
Q,CLV_PCH_SM,SCA,B1GQ,NO,1992-Q3,4.4
Q,CLV_PCH_SM,SCA,B1GQ,NO,1992-Q4,3.3
Q,CLV_PCH_SM,SCA,B1GQ,NO,1993-Q1,1.1
Q,CLV_PCH_SM,SCA,B1GQ,NO,1993-Q2,2
Q,CLV_PCH_SM,SCA,B1GQ,NO,1993-Q3,2.5
Q,CLV_PCH_SM,SCA,B1GQ,NO,1993-Q4,5.8
Q,CLV_PCH_SM,SCA,B1GQ,NO,1994-Q1,5.9
Q,CLV_PCH_SM,SCA,B1GQ,NO,1994-Q2,6.4
Q,CLV_PCH_SM,SCA,B1GQ,NO,1994-Q3,3.8
Q,CLV_PCH_SM,SCA,B1GQ,NO,1994-Q4,4.1
Q,CLV_PCH_SM,SCA,B1GQ,NO,1995-Q1,4.1
Q,CLV_PCH_SM,SCA,B1GQ,NO,1995-Q2,3
Q,CLV_PCH_SM,SCA,B1GQ,NO,1995-Q3,5.8
Q,CLV_PCH_SM,SCA,B1GQ,NO,1995-Q4,3.8
Q,CLV_PCH_SM,SCA,B1GQ,NO,1996-Q1,5.7
Q,CLV_PCH_SM,SCA,B1GQ,NO,1996-Q2,5
Q,CLV_PCH_SM,SCA,B1GQ,NO,1996-Q3,5.7
Q,CLV_PCH_SM,SCA,B1GQ,NO,1996-Q4,3.5
Q,CLV_PCH_SM,SCA,B1GQ,NO,1997-Q1,4.4
Q,CLV_PCH_SM,SCA,B1GQ,NO,1997-Q2,6.3
Q,CLV_PCH_SM,SCA,B1GQ,NO,1997-Q3,3.7
Q,CLV_PCH_SM,SCA,B1GQ,NO,1997-Q4,6
Q,CLV_PCH_SM,SCA,B1GQ,NO,1998-Q1,4.3
Q,CLV_PCH_SM,SCA,B1GQ,NO,1998-Q2,3.3
Q,CLV_PCH_SM,SCA,B1GQ,NO,1998-Q3,2
Q,CLV_PCH_SM,SCA,B1GQ,NO,1998-Q4,1.3
Q,CLV_PCH_SM,SCA,B1GQ,NO,1999-Q1,1.1
Q,CLV_PCH_SM,SCA,B1GQ,NO,1999-Q2,0.3
Q,CLV_PCH_SM,SCA,B1GQ,NO,1999-Q3,3.2
Q,CLV_PCH_SM,SCA,B1GQ,NO,1999-Q4,4.1
Q,CLV_PCH_SM,SCA,B1GQ,NO,2000-Q1,5.1
Q,CLV_PCH_SM,SCA,B1GQ,NO,2000-Q2,3.9
Q,CLV_PCH_SM,SCA,B1GQ,NO,2000-Q3,3.1
Q,CLV_PCH_SM,SCA,B1GQ,NO,2000-Q4,1.8
Q,CLV_PCH_SM,SCA,B1GQ,NO,2001-Q1,1.2
Q,CLV_PCH_SM,SCA,B1GQ,NO,2001-Q2,2.2
Q,CLV_PCH_SM,SCA,B1GQ,NO,2001-Q3,2.3
Q,CLV_PCH_SM,SCA,B1GQ,NO,2001-Q4,3
Q,CLV_PCH_SM,SCA,B1GQ,NO,2002-Q1,1.2
Q,CLV_PCH_SM,SCA,B1GQ,NO,2002-Q2,2.9
Q,CLV_PCH_SM,SCA,B1GQ,NO,2002-Q3,0.8
Q,CLV_PCH_SM,SCA,B1GQ,NO,2002-Q4,1
Q,CLV_PCH_SM,SCA,B1GQ,NO,2003-Q1,1.6
Q,CLV_PCH_SM,SCA,B1GQ,NO,2003-Q2,-0.2
Q,CLV_PCH_SM,SCA,B1GQ,NO,2003-Q3,1.9
Q,CLV_PCH_SM,SCA,B1GQ,NO,2003-Q4,1.1
Q,CLV_PCH_SM,SCA,B1GQ,NO,2004-Q1,4.7
Q,CLV_PCH_SM,SCA,B1GQ,NO,2004-Q2,5.3
Q,CLV_PCH_SM,SCA,B1GQ,NO,2004-Q3,3.3
Q,CLV_PCH_SM,SCA,B1GQ,NO,2004-Q4,4
Q,CLV_PCH_SM,SCA,B1GQ,NO,2005-Q1,2.2
Q,CLV_PCH_SM,SCA,B1GQ,NO,2005-Q2,2.4
Q,CLV_PCH_SM,SCA,B1GQ,NO,2005-Q3,3.9
Q,CLV_PCH_SM,SCA,B1GQ,NO,2005-Q4,3.4
Q,CLV_PCH_SM,SCA,B1GQ,NO,2006-Q1,2.7
Q,CLV_PCH_SM,SCA,B1GQ,NO,2006-Q2,2.4
Q,CLV_PCH_SM,SCA,B1GQ,NO,2006-Q3,2.5
Q,CLV_PCH_SM,SCA,B1GQ,NO,2006-Q4,3.7
Q,CLV_PCH_SM,SCA,B1GQ,NO,2007-Q1,3.5
Q,CLV_PCH_SM,SCA,B1GQ,NO,2007-Q2,3.4
Q,CLV_PCH_SM,SCA,B1GQ,NO,2007-Q3,3.6
Q,CLV_PCH_SM,SCA,B1GQ,NO,2007-Q4,3.1
Q,CLV_PCH_SM,SCA,B1GQ,NO,2008-Q1,1.5
Q,CLV_PCH_SM,SCA,B1GQ,NO,2008-Q2,1.5
Q,CLV_PCH_SM,SCA,B1GQ,NO,2008-Q3,0.4
Q,CLV_PCH_SM,SCA,B1GQ,NO,2008-Q4,-0.1
Q,CLV_PCH_SM,SCA,B1GQ,NO,2009-Q1,-1.2
Q,CLV_PCH_SM,SCA,B1GQ,NO,2009-Q2,-1.8
Q,CLV_PCH_SM,SCA,B1GQ,NO,2009-Q3,-1.6
Q,CLV_PCH_SM,SCA,B1GQ,NO,2009-Q4,-1.8
Q,CLV_PCH_SM,SCA,B1GQ,NO,2010-Q1,1.5
Q,CLV_PCH_SM,SCA,B1GQ,NO,2010-Q2,1.4
Q,CLV_PCH_SM,SCA,B1GQ,NO,2010-Q3,-0.4
Q,CLV_PCH_SM,SCA,B1GQ,NO,2010-Q4,1.5
Q,CLV_PCH_SM,SCA,B1GQ,NO,2011-Q1,0
Q,CLV_PCH_SM,SCA,B1GQ,NO,2011-Q2,0.5
Q,CLV_PCH_SM,SCA,B1GQ,NO,2011-Q3,3.5
Q,CLV_PCH_SM,SCA,B1GQ,NO,2011-Q4,1.5
Q,CLV_PCH_SM,SCA,B1GQ,NO,2012-Q1,3.5
Q,CLV_PCH_SM,SCA,B1GQ,NO,2012-Q2,3.9
Q,CLV_PCH_SM,SCA,B1GQ,NO,2012-Q3,1.7
Q,CLV_PCH_SM,SCA,B1GQ,NO,2012-Q4,2.2
Q,CLV_PCH_SM,SCA,B1GQ,NO,2013-Q1,0.3
Q,CLV_PCH_SM,SCA,B1GQ,NO,2013-Q2,0.7
Q,CLV_PCH_SM,SCA,B1GQ,NO,2013-Q3,2.4
Q,CLV_PCH_SM,SCA,B1GQ,NO,2013-Q4,1.7
Q,CLV_PCH_SM,SCA,B1GQ,NO,2014-Q1,2
Q,CLV_PCH_SM,SCA,B1GQ,NO,2014-Q2,2
Q,CLV_PCH_SM,SCA,B1GQ,NO,2014-Q3,1.6
Q,CLV_PCH_SM,SCA,B1GQ,NO,2014-Q4,2.7
Q,CLV_PCH_SM,SCA,B1GQ,NO,2015-Q1,2.3
Q,CLV_PCH_SM,SCA,B1GQ,NO,2015-Q2,2.1
Q,CLV_PCH_SM,SCA,B1GQ,NO,2015-Q3,2.7
Q,CLV_PCH_SM,SCA,B1GQ,NO,2015-Q4,1.1
Q,CLV_PCH_SM,SCA,B1GQ,NO,2016-Q1,1
Q,CLV_PCH_SM,SCA,B1GQ,NO,2016-Q2,1
Q,CLV_PCH_SM,SCA,B1GQ,NO,2016-Q3,-0.6
Q,CLV_PCH_SM,SCA,B1GQ,NO,2016-Q4,2.5
Q,CLV_PCH_SM,SCA,B1GQ,NO,2017-Q1,2.5
Q,CLV_PCH_SM,SCA,B1GQ,NO,2017-Q2,3.6
Q,CLV_PCH_SM,SCA,B1GQ,NO,2017-Q3,5.1
Q,CLV_PCH_SM,SCA,B1GQ,NO,2017-Q4,1.4
Q,CLV_PCH_SM,SCA,B1GQ,NO,2018-Q1,1.9
Q,CLV_PCH_SM,SCA,B1GQ,NO,2018-Q2,0.7
Q,CLV_PCH_SM,SCA,B1GQ,NO,2018-Q3,0.9
Q,CLV_PCH_SM,SCA,B1GQ,NO,2018-Q4,1.5
Q,CLV_PCH_SM,SCA,B1GQ,NO,2019-Q1,1
Q,CLV_PCH_SM,SCA,B1GQ,NO,2019-Q2,0.9
Q,CLV_PCH_SM,SCA,B1GQ,NO,2019-Q3,0.3
Q,CLV_PCH_SM,SCA,B1GQ,NO,2019-Q4,3.5
Q,CLV_PCH_SM,SCA,B1GQ,NO,2020-Q1,0.1
Q,CLV_PCH_SM,SCA,B1GQ,NO,2020-Q2,-3.3
Q,CLV_PCH_SM,SCA,B1GQ,NO,2020-Q3,-0.3
Q,CLV_PCH_SM,SCA,B1GQ,NO,2020-Q4,-3.6
Q,CLV_PCH_SM,SCA,B1GQ,NO,2021-Q1,0.9
Q,CLV_PCH_SM,SCA,B1GQ,NO,2021-Q2,4.7
Q,CLV_PCH_SM,SCA,B1GQ,NO,2021-Q3,5.2
Q,CLV_PCH_SM,SCA,B1GQ,NO,2021-Q4,6.1
Q,CLV_PCH_SM,SCA,B1GQ,NO,2022-Q1,4.6
Q,CLV_PCH_SM,SCA,B1GQ,NO,2022-Q2,5.6
Q,CLV_PCH_SM,SCA,B1GQ,NO,2022-Q3,3.4
Q,CLV_PCH_SM,SCA,B1GQ,NO,2022-Q4,2.6
Q,CLV_PCH_SM,SCA,B1GQ,NO,2023-Q1,2.8
Q,CLV_PCH_SM,SCA,B1GQ,NO,2023-Q2,0.6
Q,CLV_PCH_SM,SCA,B1GQ,NO,2023-Q3,-1.9
Q,CLV_PCH_SM,SCA,B1GQ,NO,2023-Q4,0.9
Q,CLV_PCH_SM,SCA,B1GQ,NO,2024-Q1,0.7
Q,CLV_PCH_SM,SCA,B1GQ,NO,2024-Q2,2.5
Q,CLV_PCH_SM,SCA,B1GQ,NO,2024-Q3,2.5
Q,CLV_PCH_SM,SCA,B1GQ,NO,2024-Q4,0.1
Q,CLV_PCH_SM,SCA,B1GQ,NO,2025-Q1,0.3
Q,CLV_PCH_SM,SCA,B1GQ,NO,2025-Q2,0.2
Q,CLV_PCH_SM,SCA,B1GQ,NO,2025-Q3,2.3
Q,CLV_PCH_SM,SCA,B1GQ,NO,2025-Q4,2
Q,CLV_PCH_SM,SCA,B1GQ,NO,2026-Q1,1.9
Q,CLV_PCH_SM,SCA,B1GQ,NO,2026-Q2,1.6
Q,CLV_PCH_SM,SCA,B1GQ,CH,1978-Q1,
Q,CLV_PCH_SM,SCA,B1GQ,CH,1978-Q2,
Q,CLV_PCH_SM,SCA,B1GQ,CH,1978-Q3,
Q,CLV_PCH_SM,SCA,B1GQ,CH,1978-Q4,
Q,CLV_PCH_SM,SCA,B1GQ,CH,1979-Q1,
Q,CLV_PCH_SM,SCA,B1GQ,CH,1979-Q2,
Q,CLV_PCH_SM,SCA,B1GQ,CH,1979-Q3,
Q,CLV_PCH_SM,SCA,B1GQ,CH,1979-Q4,
Q,CLV_PCH_SM,SCA,B1GQ,CH,1980-Q1,
Q,CLV_PCH_SM,SCA,B1GQ,CH,1980-Q2,
Q,CLV_PCH_SM,SCA,B1GQ,CH,1980-Q3,
Q,CLV_PCH_SM,SCA,B1GQ,CH,1980-Q4,
Q,CLV_PCH_SM,SCA,B1GQ,CH,1981-Q1,
Q,CLV_PCH_SM,SCA,B1GQ,CH,1981-Q2,
Q,CLV_PCH_SM,SCA,B1GQ,CH,1981-Q3,
Q,CLV_PCH_SM,SCA,B1GQ,CH,1981-Q4,
Q,CLV_PCH_SM,SCA,B1GQ,CH,1982-Q1,
Q,CLV_PCH_SM,SCA,B1GQ,CH,1982-Q2,
Q,CLV_PCH_SM,SCA,B1GQ,CH,1982-Q3,
Q,CLV_PCH_SM,SCA,B1GQ,CH,1982-Q4,
Q,CLV_PCH_SM,SCA,B1GQ,CH,1983-Q1,
Q,CLV_PCH_SM,SCA,B1GQ,CH,1983-Q2,
Q,CLV_PCH_SM,SCA,B1GQ,CH,1983-Q3,
Q,CLV_PCH_SM,SCA,B1GQ,CH,1983-Q4,
Q,CLV_PCH_SM,SCA,B1GQ,CH,1984-Q1,
Q,CLV_PCH_SM,SCA,B1GQ,CH,1984-Q2,
Q,CLV_PCH_SM,SCA,B1GQ,CH,1984-Q3,
Q,CLV_PCH_SM,SCA,B1GQ,CH,1984-Q4,
Q,CLV_PCH_SM,SCA,B1GQ,CH,1985-Q1,
Q,CLV_PCH_SM,SCA,B1GQ,CH,1985-Q2,
Q,CLV_PCH_SM,SCA,B1GQ,CH,1985-Q3,
Q,CLV_PCH_SM,SCA,B1GQ,CH,1985-Q4,
Q,CLV_PCH_SM,SCA,B1GQ,CH,1986-Q1,
Q,CLV_PCH_SM,SCA,B1GQ,CH,1986-Q2,
Q,CLV_PCH_SM,SCA,B1GQ,CH,1986-Q3,
Q,CLV_PCH_SM,SCA,B1GQ,CH,1986-Q4,
Q,CLV_PCH_SM,SCA,B1GQ,CH,1987-Q1,
Q,CLV_PCH_SM,SCA,B1GQ,CH,1987-Q2,
Q,CLV_PCH_SM,SCA,B1GQ,CH,1987-Q3,
Q,CLV_PCH_SM,SCA,B1GQ,CH,1987-Q4,
Q,CLV_PCH_SM,SCA,B1GQ,CH,1988-Q1,
Q,CLV_PCH_SM,SCA,B1GQ,CH,1988-Q2,
Q,CLV_PCH_SM,SCA,B1GQ,CH,1988-Q3,
Q,CLV_PCH_SM,SCA,B1GQ,CH,1988-Q4,
Q,CLV_PCH_SM,SCA,B1GQ,CH,1989-Q1,
Q,CLV_PCH_SM,SCA,B1GQ,CH,1989-Q2,
Q,CLV_PCH_SM,SCA,B1GQ,CH,1989-Q3,
Q,CLV_PCH_SM,SCA,B1GQ,CH,1989-Q4,
Q,CLV_PCH_SM,SCA,B1GQ,CH,1990-Q1,
Q,CLV_PCH_SM,SCA,B1GQ,CH,1990-Q2,
Q,CLV_PCH_SM,SCA,B1GQ,CH,1990-Q3,
Q,CLV_PCH_SM,SCA,B1GQ,CH,1990-Q4,
Q,CLV_PCH_SM,SCA,B1GQ,CH,1991-Q1,
Q,CLV_PCH_SM,SCA,B1GQ,CH,1991-Q2,
Q,CLV_PCH_SM,SCA,B1GQ,CH,1991-Q3,
Q,CLV_PCH_SM,SCA,B1GQ,CH,1991-Q4,
Q,CLV_PCH_SM,SCA,B1GQ,CH,1992-Q1,
Q,CLV_PCH_SM,SCA,B1GQ,CH,1992-Q2,
Q,CLV_PCH_SM,SCA,B1GQ,CH,1992-Q3,
Q,CLV_PCH_SM,SCA,B1GQ,CH,1992-Q4,
Q,CLV_PCH_SM,SCA,B1GQ,CH,1993-Q1,
Q,CLV_PCH_SM,SCA,B1GQ,CH,1993-Q2,
Q,CLV_PCH_SM,SCA,B1GQ,CH,1993-Q3,
Q,CLV_PCH_SM,SCA,B1GQ,CH,1993-Q4,
Q,CLV_PCH_SM,SCA,B1GQ,CH,1994-Q1,
Q,CLV_PCH_SM,SCA,B1GQ,CH,1994-Q2,
Q,CLV_PCH_SM,SCA,B1GQ,CH,1994-Q3,
Q,CLV_PCH_SM,SCA,B1GQ,CH,1994-Q4,
Q,CLV_PCH_SM,SCA,B1GQ,CH,1995-Q1,
Q,CLV_PCH_SM,SCA,B1GQ,CH,1995-Q2,
Q,CLV_PCH_SM,SCA,B1GQ,CH,1995-Q3,
Q,CLV_PCH_SM,SCA,B1GQ,CH,1995-Q4,
Q,CLV_PCH_SM,SCA,B1GQ,CH,1996-Q1,1.4
Q,CLV_PCH_SM,SCA,B1GQ,CH,1996-Q2,0.5
Q,CLV_PCH_SM,SCA,B1GQ,CH,1996-Q3,-0.1
Q,CLV_PCH_SM,SCA,B1GQ,CH,1996-Q4,0.4
Q,CLV_PCH_SM,SCA,B1GQ,CH,1997-Q1,0.1
Q,CLV_PCH_SM,SCA,B1GQ,CH,1997-Q2,1.6
Q,CLV_PCH_SM,SCA,B1GQ,CH,1997-Q3,3.2
Q,CLV_PCH_SM,SCA,B1GQ,CH,1997-Q4,3.4
Q,CLV_PCH_SM,SCA,B1GQ,CH,1998-Q1,3.7
Q,CLV_PCH_SM,SCA,B1GQ,CH,1998-Q2,3.9
Q,CLV_PCH_SM,SCA,B1GQ,CH,1998-Q3,2.3
Q,CLV_PCH_SM,SCA,B1GQ,CH,1998-Q4,1.1
Q,CLV_PCH_SM,SCA,B1GQ,CH,1999-Q1,0.9
Q,CLV_PCH_SM,SCA,B1GQ,CH,1999-Q2,0.3
Q,CLV_PCH_SM,SCA,B1GQ,CH,1999-Q3,1.1
Q,CLV_PCH_SM,SCA,B1GQ,CH,1999-Q4,4.2
Q,CLV_PCH_SM,SCA,B1GQ,CH,2000-Q1,4.1
Q,CLV_PCH_SM,SCA,B1GQ,CH,2000-Q2,3.9
Q,CLV_PCH_SM,SCA,B1GQ,CH,2000-Q3,4
Q,CLV_PCH_SM,SCA,B1GQ,CH,2000-Q4,2.9
Q,CLV_PCH_SM,SCA,B1GQ,CH,2001-Q1,2.2
Q,CLV_PCH_SM,SCA,B1GQ,CH,2001-Q2,2.4
Q,CLV_PCH_SM,SCA,B1GQ,CH,2001-Q3,1.6
Q,CLV_PCH_SM,SCA,B1GQ,CH,2001-Q4,0.3
Q,CLV_PCH_SM,SCA,B1GQ,CH,2002-Q1,0.4
Q,CLV_PCH_SM,SCA,B1GQ,CH,2002-Q2,0.5
Q,CLV_PCH_SM,SCA,B1GQ,CH,2002-Q3,0.7
Q,CLV_PCH_SM,SCA,B1GQ,CH,2002-Q4,0
Q,CLV_PCH_SM,SCA,B1GQ,CH,2003-Q1,-0.7
Q,CLV_PCH_SM,SCA,B1GQ,CH,2003-Q2,-1.3
Q,CLV_PCH_SM,SCA,B1GQ,CH,2003-Q3,-0.5
Q,CLV_PCH_SM,SCA,B1GQ,CH,2003-Q4,1.3
Q,CLV_PCH_SM,SCA,B1GQ,CH,2004-Q1,2.5
Q,CLV_PCH_SM,SCA,B1GQ,CH,2004-Q2,3.3
Q,CLV_PCH_SM,SCA,B1GQ,CH,2004-Q3,2.4
Q,CLV_PCH_SM,SCA,B1GQ,CH,2004-Q4,1.7
Q,CLV_PCH_SM,SCA,B1GQ,CH,2005-Q1,2
Q,CLV_PCH_SM,SCA,B1GQ,CH,2005-Q2,2.4
Q,CLV_PCH_SM,SCA,B1GQ,CH,2005-Q3,3.4
Q,CLV_PCH_SM,SCA,B1GQ,CH,2005-Q4,4.1
Q,CLV_PCH_SM,SCA,B1GQ,CH,2006-Q1,4.5
Q,CLV_PCH_SM,SCA,B1GQ,CH,2006-Q2,4.1
Q,CLV_PCH_SM,SCA,B1GQ,CH,2006-Q3,3.9
Q,CLV_PCH_SM,SCA,B1GQ,CH,2006-Q4,4.3
Q,CLV_PCH_SM,SCA,B1GQ,CH,2007-Q1,3.7
Q,CLV_PCH_SM,SCA,B1GQ,CH,2007-Q2,4.3
Q,CLV_PCH_SM,SCA,B1GQ,CH,2007-Q3,4.4
Q,CLV_PCH_SM,SCA,B1GQ,CH,2007-Q4,3.5
Q,CLV_PCH_SM,SCA,B1GQ,CH,2008-Q1,3.6
Q,CLV_PCH_SM,SCA,B1GQ,CH,2008-Q2,3.2
Q,CLV_PCH_SM,SCA,B1GQ,CH,2008-Q3,3
Q,CLV_PCH_SM,SCA,B1GQ,CH,2008-Q4,0.2
Q,CLV_PCH_SM,SCA,B1GQ,CH,2009-Q1,-2.2
Q,CLV_PCH_SM,SCA,B1GQ,CH,2009-Q2,-2.9
Q,CLV_PCH_SM,SCA,B1GQ,CH,2009-Q3,-2.7
Q,CLV_PCH_SM,SCA,B1GQ,CH,2009-Q4,0.1
Q,CLV_PCH_SM,SCA,B1GQ,CH,2010-Q1,3.1
Q,CLV_PCH_SM,SCA,B1GQ,CH,2010-Q2,3.5
Q,CLV_PCH_SM,SCA,B1GQ,CH,2010-Q3,3
Q,CLV_PCH_SM,SCA,B1GQ,CH,2010-Q4,3.2
Q,CLV_PCH_SM,SCA,B1GQ,CH,2011-Q1,2.1
Q,CLV_PCH_SM,SCA,B1GQ,CH,2011-Q2,2.1
Q,CLV_PCH_SM,SCA,B1GQ,CH,2011-Q3,1.1
Q,CLV_PCH_SM,SCA,B1GQ,CH,2011-Q4,0.6
Q,CLV_PCH_SM,SCA,B1GQ,CH,2012-Q1,0.9
Q,CLV_PCH_SM,SCA,B1GQ,CH,2012-Q2,0.4
Q,CLV_PCH_SM,SCA,B1GQ,CH,2012-Q3,1.8
Q,CLV_PCH_SM,SCA,B1GQ,CH,2012-Q4,1.6
Q,CLV_PCH_SM,SCA,B1GQ,CH,2013-Q1,1.6
Q,CLV_PCH_SM,SCA,B1GQ,CH,2013-Q2,1.9
Q,CLV_PCH_SM,SCA,B1GQ,CH,2013-Q3,1.9
Q,CLV_PCH_SM,SCA,B1GQ,CH,2013-Q4,2
Q,CLV_PCH_SM,SCA,B1GQ,CH,2014-Q1,2.3
Q,CLV_PCH_SM,SCA,B1GQ,CH,2014-Q2,2.6
Q,CLV_PCH_SM,SCA,B1GQ,CH,2014-Q3,2.4
Q,CLV_PCH_SM,SCA,B1GQ,CH,2014-Q4,2.9
Q,CLV_PCH_SM,SCA,B1GQ,CH,2015-Q1,1.9
Q,CLV_PCH_SM,SCA,B1GQ,CH,2015-Q2,1.1
Q,CLV_PCH_SM,SCA,B1GQ,CH,2015-Q3,1.3
Q,CLV_PCH_SM,SCA,B1GQ,CH,2015-Q4,1.3
Q,CLV_PCH_SM,SCA,B1GQ,CH,2016-Q1,2.2
Q,CLV_PCH_SM,SCA,B1GQ,CH,2016-Q2,2.4
Q,CLV_PCH_SM,SCA,B1GQ,CH,2016-Q3,2
Q,CLV_PCH_SM,SCA,B1GQ,CH,2016-Q4,1.1
Q,CLV_PCH_SM,SCA,B1GQ,CH,2017-Q1,0.6
Q,CLV_PCH_SM,SCA,B1GQ,CH,2017-Q2,1
Q,CLV_PCH_SM,SCA,B1GQ,CH,2017-Q3,1.5
Q,CLV_PCH_SM,SCA,B1GQ,CH,2017-Q4,2.7
Q,CLV_PCH_SM,SCA,B1GQ,CH,2018-Q1,3.9
Q,CLV_PCH_SM,SCA,B1GQ,CH,2018-Q2,4.2
Q,CLV_PCH_SM,SCA,B1GQ,CH,2018-Q3,3
Q,CLV_PCH_SM,SCA,B1GQ,CH,2018-Q4,2.3
Q,CLV_PCH_SM,SCA,B1GQ,CH,2019-Q1,1.1
Q,CLV_PCH_SM,SCA,B1GQ,CH,2019-Q2,0.7
Q,CLV_PCH_SM,SCA,B1GQ,CH,2019-Q3,1.4
Q,CLV_PCH_SM,SCA,B1GQ,CH,2019-Q4,1.3
Q,CLV_PCH_SM,SCA,B1GQ,CH,2020-Q1,0
Q,CLV_PCH_SM,SCA,B1GQ,CH,2020-Q2,-6.9
Q,CLV_PCH_SM,SCA,B1GQ,CH,2020-Q3,-1.6
Q,CLV_PCH_SM,SCA,B1GQ,CH,2020-Q4,-0.8
Q,CLV_PCH_SM,SCA,B1GQ,CH,2021-Q1,1
Q,CLV_PCH_SM,SCA,B1GQ,CH,2021-Q2,10.8
Q,CLV_PCH_SM,SCA,B1GQ,CH,2021-Q3,6.6
Q,CLV_PCH_SM,SCA,B1GQ,CH,2021-Q4,6.5
Q,CLV_PCH_SM,SCA,B1GQ,CH,2022-Q1,6
Q,CLV_PCH_SM,SCA,B1GQ,CH,2022-Q2,4.1
Q,CLV_PCH_SM,SCA,B1GQ,CH,2022-Q3,2.5
Q,CLV_PCH_SM,SCA,B1GQ,CH,2022-Q4,1.9
Q,CLV_PCH_SM,SCA,B1GQ,CH,2023-Q1,2
Q,CLV_PCH_SM,SCA,B1GQ,CH,2023-Q2,0.8
Q,CLV_PCH_SM,SCA,B1GQ,CH,2023-Q3,0.5
Q,CLV_PCH_SM,SCA,B1GQ,CH,2023-Q4,0.9
Q,CLV_PCH_SM,SCA,B1GQ,CH,2024-Q1,0.5
Q,CLV_PCH_SM,SCA,B1GQ,CH,2024-Q2,1.8
Q,CLV_PCH_SM,SCA,B1GQ,CH,2024-Q3,1.9
Q,CLV_PCH_SM,SCA,B1GQ,CH,2024-Q4,1.8
Q,CLV_PCH_SM,SCA,B1GQ,CH,2025-Q1,2.7
Q,CLV_PCH_SM,SCA,B1GQ,CH,2025-Q2,1.8
Q,CLV_PCH_SM,SCA,B1GQ,CH,2025-Q3,0.9
Q,CLV_PCH_SM,SCA,B1GQ,CH,2025-Q4,1
Q,CLV_PCH_SM,SCA,B1GQ,CH,2026-Q1,0.7
Q,CLV_PCH_SM,SCA,B1GQ,CH,2026-Q2,2.6
Q,CLV_PCH_SM,SCA,B1GQ,BA,1978-Q1,
Q,CLV_PCH_SM,SCA,B1GQ,BA,1978-Q2,
Q,CLV_PCH_SM,SCA,B1GQ,BA,1978-Q3,
Q,CLV_PCH_SM,SCA,B1GQ,BA,1978-Q4,
Q,CLV_PCH_SM,SCA,B1GQ,BA,1979-Q1,
Q,CLV_PCH_SM,SCA,B1GQ,BA,1979-Q2,
Q,CLV_PCH_SM,SCA,B1GQ,BA,1979-Q3,
Q,CLV_PCH_SM,SCA,B1GQ,BA,1979-Q4,
Q,CLV_PCH_SM,SCA,B1GQ,BA,1980-Q1,
Q,CLV_PCH_SM,SCA,B1GQ,BA,1980-Q2,
Q,CLV_PCH_SM,SCA,B1GQ,BA,1980-Q3,
Q,CLV_PCH_SM,SCA,B1GQ,BA,1980-Q4,
Q,CLV_PCH_SM,SCA,B1GQ,BA,1981-Q1,
Q,CLV_PCH_SM,SCA,B1GQ,BA,1981-Q2,
Q,CLV_PCH_SM,SCA,B1GQ,BA,1981-Q3,
Q,CLV_PCH_SM,SCA,B1GQ,BA,1981-Q4,
Q,CLV_PCH_SM,SCA,B1GQ,BA,1982-Q1,
Q,CLV_PCH_SM,SCA,B1GQ,BA,1982-Q2,
Q,CLV_PCH_SM,SCA,B1GQ,BA,1982-Q3,
Q,CLV_PCH_SM,SCA,B1GQ,BA,1982-Q4,
Q,CLV_PCH_SM,SCA,B1GQ,BA,1983-Q1,
Q,CLV_PCH_SM,SCA,B1GQ,BA,1983-Q2,
Q,CLV_PCH_SM,SCA,B1GQ,BA,1983-Q3,
Q,CLV_PCH_SM,SCA,B1GQ,BA,1983-Q4,
Q,CLV_PCH_SM,SCA,B1GQ,BA,1984-Q1,
Q,CLV_PCH_SM,SCA,B1GQ,BA,1984-Q2,
Q,CLV_PCH_SM,SCA,B1GQ,BA,1984-Q3,
Q,CLV_PCH_SM,SCA,B1GQ,BA,1984-Q4,
Q,CLV_PCH_SM,SCA,B1GQ,BA,1985-Q1,
Q,CLV_PCH_SM,SCA,B1GQ,BA,1985-Q2,
Q,CLV_PCH_SM,SCA,B1GQ,BA,1985-Q3,
Q,CLV_PCH_SM,SCA,B1GQ,BA,1985-Q4,
Q,CLV_PCH_SM,SCA,B1GQ,BA,1986-Q1,
Q,CLV_PCH_SM,SCA,B1GQ,BA,1986-Q2,
Q,CLV_PCH_SM,SCA,B1GQ,BA,1986-Q3,
Q,CLV_PCH_SM,SCA,B1GQ,BA,1986-Q4,
Q,CLV_PCH_SM,SCA,B1GQ,BA,1987-Q1,
Q,CLV_PCH_SM,SCA,B1GQ,BA,1987-Q2,
Q,CLV_PCH_SM,SCA,B1GQ,BA,1987-Q3,
Q,CLV_PCH_SM,SCA,B1GQ,BA,1987-Q4,
Q,CLV_PCH_SM,SCA,B1GQ,BA,1988-Q1,
Q,CLV_PCH_SM,SCA,B1GQ,BA,1988-Q2,
Q,CLV_PCH_SM,SCA,B1GQ,BA,1988-Q3,
Q,CLV_PCH_SM,SCA,B1GQ,BA,1988-Q4,
Q,CLV_PCH_SM,SCA,B1GQ,BA,1989-Q1,
Q,CLV_PCH_SM,SCA,B1GQ,BA,1989-Q2,
Q,CLV_PCH_SM,SCA,B1GQ,BA,1989-Q3,
Q,CLV_PCH_SM,SCA,B1GQ,BA,1989-Q4,
Q,CLV_PCH_SM,SCA,B1GQ,BA,1990-Q1,
Q,CLV_PCH_SM,SCA,B1GQ,BA,1990-Q2,
Q,CLV_PCH_SM,SCA,B1GQ,BA,1990-Q3,
Q,CLV_PCH_SM,SCA,B1GQ,BA,1990-Q4,
Q,CLV_PCH_SM,SCA,B1GQ,BA,1991-Q1,
Q,CLV_PCH_SM,SCA,B1GQ,BA,1991-Q2,
Q,CLV_PCH_SM,SCA,B1GQ,BA,1991-Q3,
Q,CLV_PCH_SM,SCA,B1GQ,BA,1991-Q4,
Q,CLV_PCH_SM,SCA,B1GQ,BA,1992-Q1,
Q,CLV_PCH_SM,SCA,B1GQ,BA,1992-Q2,
Q,CLV_PCH_SM,SCA,B1GQ,BA,1992-Q3,
Q,CLV_PCH_SM,SCA,B1GQ,BA,1992-Q4,
Q,CLV_PCH_SM,SCA,B1GQ,BA,1993-Q1,
Q,CLV_PCH_SM,SCA,B1GQ,BA,1993-Q2,
Q,CLV_PCH_SM,SCA,B1GQ,BA,1993-Q3,
Q,CLV_PCH_SM,SCA,B1GQ,BA,1993-Q4,
Q,CLV_PCH_SM,SCA,B1GQ,BA,1994-Q1,
Q,CLV_PCH_SM,SCA,B1GQ,BA,1994-Q2,
Q,CLV_PCH_SM,SCA,B1GQ,BA,1994-Q3,
Q,CLV_PCH_SM,SCA,B1GQ,BA,1994-Q4,
Q,CLV_PCH_SM,SCA,B1GQ,BA,1995-Q1,
Q,CLV_PCH_SM,SCA,B1GQ,BA,1995-Q2,
Q,CLV_PCH_SM,SCA,B1GQ,BA,1995-Q3,
Q,CLV_PCH_SM,SCA,B1GQ,BA,1995-Q4,
Q,CLV_PCH_SM,SCA,B1GQ,BA,1996-Q1,
Q,CLV_PCH_SM,SCA,B1GQ,BA,1996-Q2,
Q,CLV_PCH_SM,SCA,B1GQ,BA,1996-Q3,
Q,CLV_PCH_SM,SCA,B1GQ,BA,1996-Q4,
Q,CLV_PCH_SM,SCA,B1GQ,BA,1997-Q1,
Q,CLV_PCH_SM,SCA,B1GQ,BA,1997-Q2,
Q,CLV_PCH_SM,SCA,B1GQ,BA,1997-Q3,
Q,CLV_PCH_SM,SCA,B1GQ,BA,1997-Q4,
Q,CLV_PCH_SM,SCA,B1GQ,BA,1998-Q1,
Q,CLV_PCH_SM,SCA,B1GQ,BA,1998-Q2,
Q,CLV_PCH_SM,SCA,B1GQ,BA,1998-Q3,
Q,CLV_PCH_SM,SCA,B1GQ,BA,1998-Q4,
Q,CLV_PCH_SM,SCA,B1GQ,BA,1999-Q1,
Q,CLV_PCH_SM,SCA,B1GQ,BA,1999-Q2,
Q,CLV_PCH_SM,SCA,B1GQ,BA,1999-Q3,
Q,CLV_PCH_SM,SCA,B1GQ,BA,1999-Q4,
Q,CLV_PCH_SM,SCA,B1GQ,BA,2000-Q1,
Q,CLV_PCH_SM,SCA,B1GQ,BA,2000-Q2,
Q,CLV_PCH_SM,SCA,B1GQ,BA,2000-Q3,
Q,CLV_PCH_SM,SCA,B1GQ,BA,2000-Q4,
Q,CLV_PCH_SM,SCA,B1GQ,BA,2001-Q1,2.2
Q,CLV_PCH_SM,SCA,B1GQ,BA,2001-Q2,2.4
Q,CLV_PCH_SM,SCA,B1GQ,BA,2001-Q3,2.5
Q,CLV_PCH_SM,SCA,B1GQ,BA,2001-Q4,2.6
Q,CLV_PCH_SM,SCA,B1GQ,BA,2002-Q1,3.6
Q,CLV_PCH_SM,SCA,B1GQ,BA,2002-Q2,5
Q,CLV_PCH_SM,SCA,B1GQ,BA,2002-Q3,5.6
Q,CLV_PCH_SM,SCA,B1GQ,BA,2002-Q4,5.9
Q,CLV_PCH_SM,SCA,B1GQ,BA,2003-Q1,4.1
Q,CLV_PCH_SM,SCA,B1GQ,BA,2003-Q2,3.1
Q,CLV_PCH_SM,SCA,B1GQ,BA,2003-Q3,3.7
Q,CLV_PCH_SM,SCA,B1GQ,BA,2003-Q4,4.6
Q,CLV_PCH_SM,SCA,B1GQ,BA,2004-Q1,4.4
Q,CLV_PCH_SM,SCA,B1GQ,BA,2004-Q2,6.3
Q,CLV_PCH_SM,SCA,B1GQ,BA,2004-Q3,7.4
Q,CLV_PCH_SM,SCA,B1GQ,BA,2004-Q4,7.3
Q,CLV_PCH_SM,SCA,B1GQ,BA,2005-Q1,4.1
Q,CLV_PCH_SM,SCA,B1GQ,BA,2005-Q2,4.2
Q,CLV_PCH_SM,SCA,B1GQ,BA,2005-Q3,3.8
Q,CLV_PCH_SM,SCA,B1GQ,BA,2005-Q4,3.8
Q,CLV_PCH_SM,SCA,B1GQ,BA,2006-Q1,5.3
Q,CLV_PCH_SM,SCA,B1GQ,BA,2006-Q2,5.5
Q,CLV_PCH_SM,SCA,B1GQ,BA,2006-Q3,5.9
Q,CLV_PCH_SM,SCA,B1GQ,BA,2006-Q4,5.2
Q,CLV_PCH_SM,SCA,B1GQ,BA,2007-Q1,9.6
Q,CLV_PCH_SM,SCA,B1GQ,BA,2007-Q2,6.5
Q,CLV_PCH_SM,SCA,B1GQ,BA,2007-Q3,4.7
Q,CLV_PCH_SM,SCA,B1GQ,BA,2007-Q4,2.8
Q,CLV_PCH_SM,SCA,B1GQ,BA,2008-Q1,5.6
Q,CLV_PCH_SM,SCA,B1GQ,BA,2008-Q2,5.4
Q,CLV_PCH_SM,SCA,B1GQ,BA,2008-Q3,5.3
Q,CLV_PCH_SM,SCA,B1GQ,BA,2008-Q4,5.2
Q,CLV_PCH_SM,SCA,B1GQ,BA,2009-Q1,-3.2
Q,CLV_PCH_SM,SCA,B1GQ,BA,2009-Q2,-2.3
Q,CLV_PCH_SM,SCA,B1GQ,BA,2009-Q3,-3
Q,CLV_PCH_SM,SCA,B1GQ,BA,2009-Q4,-3.4
Q,CLV_PCH_SM,SCA,B1GQ,BA,2010-Q1,0.4
Q,CLV_PCH_SM,SCA,B1GQ,BA,2010-Q2,0.5
Q,CLV_PCH_SM,SCA,B1GQ,BA,2010-Q3,-0.1
Q,CLV_PCH_SM,SCA,B1GQ,BA,2010-Q4,2.6
Q,CLV_PCH_SM,SCA,B1GQ,BA,2011-Q1,1.7
Q,CLV_PCH_SM,SCA,B1GQ,BA,2011-Q2,1.2
Q,CLV_PCH_SM,SCA,B1GQ,BA,2011-Q3,1.3
Q,CLV_PCH_SM,SCA,B1GQ,BA,2011-Q4,-0.3
Q,CLV_PCH_SM,SCA,B1GQ,BA,2012-Q1,-1.8
Q,CLV_PCH_SM,SCA,B1GQ,BA,2012-Q2,-0.4
Q,CLV_PCH_SM,SCA,B1GQ,BA,2012-Q3,0.1
Q,CLV_PCH_SM,SCA,B1GQ,BA,2012-Q4,-1.2
Q,CLV_PCH_SM,SCA,B1GQ,BA,2013-Q1,2
Q,CLV_PCH_SM,SCA,B1GQ,BA,2013-Q2,1.9
Q,CLV_PCH_SM,SCA,B1GQ,BA,2013-Q3,1.7
Q,CLV_PCH_SM,SCA,B1GQ,BA,2013-Q4,3.9
Q,CLV_PCH_SM,SCA,B1GQ,BA,2014-Q1,2.8
Q,CLV_PCH_SM,SCA,B1GQ,BA,2014-Q2,-0.1
Q,CLV_PCH_SM,SCA,B1GQ,BA,2014-Q3,0.5
Q,CLV_PCH_SM,SCA,B1GQ,BA,2014-Q4,1.4
Q,CLV_PCH_SM,SCA,B1GQ,BA,2015-Q1,3.3
Q,CLV_PCH_SM,SCA,B1GQ,BA,2015-Q2,5.4
Q,CLV_PCH_SM,SCA,B1GQ,BA,2015-Q3,4.6
Q,CLV_PCH_SM,SCA,B1GQ,BA,2015-Q4,3.7
Q,CLV_PCH_SM,SCA,B1GQ,BA,2016-Q1,2.1
Q,CLV_PCH_SM,SCA,B1GQ,BA,2016-Q2,2.6
Q,CLV_PCH_SM,SCA,B1GQ,BA,2016-Q3,3.9
Q,CLV_PCH_SM,SCA,B1GQ,BA,2016-Q4,4.4
Q,CLV_PCH_SM,SCA,B1GQ,BA,2017-Q1,3.4
Q,CLV_PCH_SM,SCA,B1GQ,BA,2017-Q2,3.5
Q,CLV_PCH_SM,SCA,B1GQ,BA,2017-Q3,3.8
Q,CLV_PCH_SM,SCA,B1GQ,BA,2017-Q4,2.3
Q,CLV_PCH_SM,SCA,B1GQ,BA,2018-Q1,3.3
Q,CLV_PCH_SM,SCA,B1GQ,BA,2018-Q2,4.2
Q,CLV_PCH_SM,SCA,B1GQ,BA,2018-Q3,3.8
Q,CLV_PCH_SM,SCA,B1GQ,BA,2018-Q4,4.1
Q,CLV_PCH_SM,SCA,B1GQ,BA,2019-Q1,2.3
Q,CLV_PCH_SM,SCA,B1GQ,BA,2019-Q2,3.3
Q,CLV_PCH_SM,SCA,B1GQ,BA,2019-Q3,3.7
Q,CLV_PCH_SM,SCA,B1GQ,BA,2019-Q4,2.3
Q,CLV_PCH_SM,SCA,B1GQ,BA,2020-Q1,2.2
Q,CLV_PCH_SM,SCA,B1GQ,BA,2020-Q2,-7.6
Q,CLV_PCH_SM,SCA,B1GQ,BA,2020-Q3,-4.5
Q,CLV_PCH_SM,SCA,B1GQ,BA,2020-Q4,-1.8
Q,CLV_PCH_SM,SCA,B1GQ,BA,2021-Q1,2.7
Q,CLV_PCH_SM,SCA,B1GQ,BA,2021-Q2,11.3
Q,CLV_PCH_SM,SCA,B1GQ,BA,2021-Q3,7.7
Q,CLV_PCH_SM,SCA,B1GQ,BA,2021-Q4,8.1
Q,CLV_PCH_SM,SCA,B1GQ,BA,2022-Q1,5.3
Q,CLV_PCH_SM,SCA,B1GQ,BA,2022-Q2,5.6
Q,CLV_PCH_SM,SCA,B1GQ,BA,2022-Q3,3.4
Q,CLV_PCH_SM,SCA,B1GQ,BA,2022-Q4,2.6
Q,CLV_PCH_SM,SCA,B1GQ,BA,2023-Q1,2.1
Q,CLV_PCH_SM,SCA,B1GQ,BA,2023-Q2,1.4
Q,CLV_PCH_SM,SCA,B1GQ,BA,2023-Q3,2.4
Q,CLV_PCH_SM,SCA,B1GQ,BA,2023-Q4,2.1
Q,CLV_PCH_SM,SCA,B1GQ,BA,2024-Q1,3
Q,CLV_PCH_SM,SCA,B1GQ,BA,2024-Q2,3.2
Q,CLV_PCH_SM,SCA,B1GQ,BA,2024-Q3,3.7
Q,CLV_PCH_SM,SCA,B1GQ,BA,2024-Q4,3
Q,CLV_PCH_SM,SCA,B1GQ,BA,2025-Q1,1.9
Q,CLV_PCH_SM,SCA,B1GQ,BA,2025-Q2,2.2
Q,CLV_PCH_SM,SCA,B1GQ,BA,2025-Q3,2.3
Q,CLV_PCH_SM,SCA,B1GQ,BA,2025-Q4,2.1
Q,CLV_PCH_SM,SCA,B1GQ,BA,2026-Q1,2.1
Q,CLV_PCH_SM,SCA,B1GQ,BA,2026-Q2,
Q,CLV_PCH_SM,SCA,B1GQ,ME,1978-Q1,
Q,CLV_PCH_SM,SCA,B1GQ,ME,1978-Q2,
Q,CLV_PCH_SM,SCA,B1GQ,ME,1978-Q3,
Q,CLV_PCH_SM,SCA,B1GQ,ME,1978-Q4,
Q,CLV_PCH_SM,SCA,B1GQ,ME,1979-Q1,
Q,CLV_PCH_SM,SCA,B1GQ,ME,1979-Q2,
Q,CLV_PCH_SM,SCA,B1GQ,ME,1979-Q3,
Q,CLV_PCH_SM,SCA,B1GQ,ME,1979-Q4,
Q,CLV_PCH_SM,SCA,B1GQ,ME,1980-Q1,
Q,CLV_PCH_SM,SCA,B1GQ,ME,1980-Q2,
Q,CLV_PCH_SM,SCA,B1GQ,ME,1980-Q3,
Q,CLV_PCH_SM,SCA,B1GQ,ME,1980-Q4,
Q,CLV_PCH_SM,SCA,B1GQ,ME,1981-Q1,
Q,CLV_PCH_SM,SCA,B1GQ,ME,1981-Q2,
Q,CLV_PCH_SM,SCA,B1GQ,ME,1981-Q3,
Q,CLV_PCH_SM,SCA,B1GQ,ME,1981-Q4,
Q,CLV_PCH_SM,SCA,B1GQ,ME,1982-Q1,
Q,CLV_PCH_SM,SCA,B1GQ,ME,1982-Q2,
Q,CLV_PCH_SM,SCA,B1GQ,ME,1982-Q3,
Q,CLV_PCH_SM,SCA,B1GQ,ME,1982-Q4,
Q,CLV_PCH_SM,SCA,B1GQ,ME,1983-Q1,
Q,CLV_PCH_SM,SCA,B1GQ,ME,1983-Q2,
Q,CLV_PCH_SM,SCA,B1GQ,ME,1983-Q3,
Q,CLV_PCH_SM,SCA,B1GQ,ME,1983-Q4,
Q,CLV_PCH_SM,SCA,B1GQ,ME,1984-Q1,
Q,CLV_PCH_SM,SCA,B1GQ,ME,1984-Q2,
Q,CLV_PCH_SM,SCA,B1GQ,ME,1984-Q3,
Q,CLV_PCH_SM,SCA,B1GQ,ME,1984-Q4,
Q,CLV_PCH_SM,SCA,B1GQ,ME,1985-Q1,
Q,CLV_PCH_SM,SCA,B1GQ,ME,1985-Q2,
Q,CLV_PCH_SM,SCA,B1GQ,ME,1985-Q3,
Q,CLV_PCH_SM,SCA,B1GQ,ME,1985-Q4,
Q,CLV_PCH_SM,SCA,B1GQ,ME,1986-Q1,
Q,CLV_PCH_SM,SCA,B1GQ,ME,1986-Q2,
Q,CLV_PCH_SM,SCA,B1GQ,ME,1986-Q3,
Q,CLV_PCH_SM,SCA,B1GQ,ME,1986-Q4,
Q,CLV_PCH_SM,SCA,B1GQ,ME,1987-Q1,
Q,CLV_PCH_SM,SCA,B1GQ,ME,1987-Q2,
Q,CLV_PCH_SM,SCA,B1GQ,ME,1987-Q3,
Q,CLV_PCH_SM,SCA,B1GQ,ME,1987-Q4,
Q,CLV_PCH_SM,SCA,B1GQ,ME,1988-Q1,
Q,CLV_PCH_SM,SCA,B1GQ,ME,1988-Q2,
Q,CLV_PCH_SM,SCA,B1GQ,ME,1988-Q3,
Q,CLV_PCH_SM,SCA,B1GQ,ME,1988-Q4,
Q,CLV_PCH_SM,SCA,B1GQ,ME,1989-Q1,
Q,CLV_PCH_SM,SCA,B1GQ,ME,1989-Q2,
Q,CLV_PCH_SM,SCA,B1GQ,ME,1989-Q3,
Q,CLV_PCH_SM,SCA,B1GQ,ME,1989-Q4,
Q,CLV_PCH_SM,SCA,B1GQ,ME,1990-Q1,
Q,CLV_PCH_SM,SCA,B1GQ,ME,1990-Q2,
Q,CLV_PCH_SM,SCA,B1GQ,ME,1990-Q3,
Q,CLV_PCH_SM,SCA,B1GQ,ME,1990-Q4,
Q,CLV_PCH_SM,SCA,B1GQ,ME,1991-Q1,
Q,CLV_PCH_SM,SCA,B1GQ,ME,1991-Q2,
Q,CLV_PCH_SM,SCA,B1GQ,ME,1991-Q3,
Q,CLV_PCH_SM,SCA,B1GQ,ME,1991-Q4,
Q,CLV_PCH_SM,SCA,B1GQ,ME,1992-Q1,
Q,CLV_PCH_SM,SCA,B1GQ,ME,1992-Q2,
Q,CLV_PCH_SM,SCA,B1GQ,ME,1992-Q3,
Q,CLV_PCH_SM,SCA,B1GQ,ME,1992-Q4,
Q,CLV_PCH_SM,SCA,B1GQ,ME,1993-Q1,
Q,CLV_PCH_SM,SCA,B1GQ,ME,1993-Q2,
Q,CLV_PCH_SM,SCA,B1GQ,ME,1993-Q3,
Q,CLV_PCH_SM,SCA,B1GQ,ME,1993-Q4,
Q,CLV_PCH_SM,SCA,B1GQ,ME,1994-Q1,
Q,CLV_PCH_SM,SCA,B1GQ,ME,1994-Q2,
Q,CLV_PCH_SM,SCA,B1GQ,ME,1994-Q3,
Q,CLV_PCH_SM,SCA,B1GQ,ME,1994-Q4,
Q,CLV_PCH_SM,SCA,B1GQ,ME,1995-Q1,
Q,CLV_PCH_SM,SCA,B1GQ,ME,1995-Q2,
Q,CLV_PCH_SM,SCA,B1GQ,ME,1995-Q3,
Q,CLV_PCH_SM,SCA,B1GQ,ME,1995-Q4,
Q,CLV_PCH_SM,SCA,B1GQ,ME,1996-Q1,
Q,CLV_PCH_SM,SCA,B1GQ,ME,1996-Q2,
Q,CLV_PCH_SM,SCA,B1GQ,ME,1996-Q3,
Q,CLV_PCH_SM,SCA,B1GQ,ME,1996-Q4,
Q,CLV_PCH_SM,SCA,B1GQ,ME,1997-Q1,
Q,CLV_PCH_SM,SCA,B1GQ,ME,1997-Q2,
Q,CLV_PCH_SM,SCA,B1GQ,ME,1997-Q3,
Q,CLV_PCH_SM,SCA,B1GQ,ME,1997-Q4,
Q,CLV_PCH_SM,SCA,B1GQ,ME,1998-Q1,
Q,CLV_PCH_SM,SCA,B1GQ,ME,1998-Q2,
Q,CLV_PCH_SM,SCA,B1GQ,ME,1998-Q3,
Q,CLV_PCH_SM,SCA,B1GQ,ME,1998-Q4,
Q,CLV_PCH_SM,SCA,B1GQ,ME,1999-Q1,
Q,CLV_PCH_SM,SCA,B1GQ,ME,1999-Q2,
Q,CLV_PCH_SM,SCA,B1GQ,ME,1999-Q3,
Q,CLV_PCH_SM,SCA,B1GQ,ME,1999-Q4,
Q,CLV_PCH_SM,SCA,B1GQ,ME,2000-Q1,
Q,CLV_PCH_SM,SCA,B1GQ,ME,2000-Q2,
Q,CLV_PCH_SM,SCA,B1GQ,ME,2000-Q3,
Q,CLV_PCH_SM,SCA,B1GQ,ME,2000-Q4,
Q,CLV_PCH_SM,SCA,B1GQ,ME,2001-Q1,
Q,CLV_PCH_SM,SCA,B1GQ,ME,2001-Q2,
Q,CLV_PCH_SM,SCA,B1GQ,ME,2001-Q3,
Q,CLV_PCH_SM,SCA,B1GQ,ME,2001-Q4,
Q,CLV_PCH_SM,SCA,B1GQ,ME,2002-Q1,
Q,CLV_PCH_SM,SCA,B1GQ,ME,2002-Q2,
Q,CLV_PCH_SM,SCA,B1GQ,ME,2002-Q3,
Q,CLV_PCH_SM,SCA,B1GQ,ME,2002-Q4,
Q,CLV_PCH_SM,SCA,B1GQ,ME,2003-Q1,
Q,CLV_PCH_SM,SCA,B1GQ,ME,2003-Q2,
Q,CLV_PCH_SM,SCA,B1GQ,ME,2003-Q3,
Q,CLV_PCH_SM,SCA,B1GQ,ME,2003-Q4,
Q,CLV_PCH_SM,SCA,B1GQ,ME,2004-Q1,
Q,CLV_PCH_SM,SCA,B1GQ,ME,2004-Q2,
Q,CLV_PCH_SM,SCA,B1GQ,ME,2004-Q3,
Q,CLV_PCH_SM,SCA,B1GQ,ME,2004-Q4,
Q,CLV_PCH_SM,SCA,B1GQ,ME,2005-Q1,
Q,CLV_PCH_SM,SCA,B1GQ,ME,2005-Q2,
Q,CLV_PCH_SM,SCA,B1GQ,ME,2005-Q3,
Q,CLV_PCH_SM,SCA,B1GQ,ME,2005-Q4,
Q,CLV_PCH_SM,SCA,B1GQ,ME,2006-Q1,
Q,CLV_PCH_SM,SCA,B1GQ,ME,2006-Q2,
Q,CLV_PCH_SM,SCA,B1GQ,ME,2006-Q3,
Q,CLV_PCH_SM,SCA,B1GQ,ME,2006-Q4,
Q,CLV_PCH_SM,SCA,B1GQ,ME,2007-Q1,8.3
Q,CLV_PCH_SM,SCA,B1GQ,ME,2007-Q2,7.6
Q,CLV_PCH_SM,SCA,B1GQ,ME,2007-Q3,7.3
Q,CLV_PCH_SM,SCA,B1GQ,ME,2007-Q4,7
Q,CLV_PCH_SM,SCA,B1GQ,ME,2008-Q1,6.9
Q,CLV_PCH_SM,SCA,B1GQ,ME,2008-Q2,7.2
Q,CLV_PCH_SM,SCA,B1GQ,ME,2008-Q3,6.4
Q,CLV_PCH_SM,SCA,B1GQ,ME,2008-Q4,4.9
Q,CLV_PCH_SM,SCA,B1GQ,ME,2009-Q1,-5.5
Q,CLV_PCH_SM,SCA,B1GQ,ME,2009-Q2,-6.4
Q,CLV_PCH_SM,SCA,B1GQ,ME,2009-Q3,-6.4
Q,CLV_PCH_SM,SCA,B1GQ,ME,2009-Q4,-5.8
Q,CLV_PCH_SM,SCA,B1GQ,ME,2010-Q1,3.4
Q,CLV_PCH_SM,SCA,B1GQ,ME,2010-Q2,3.2
Q,CLV_PCH_SM,SCA,B1GQ,ME,2010-Q3,2.5
Q,CLV_PCH_SM,SCA,B1GQ,ME,2010-Q4,2
Q,CLV_PCH_SM,SCA,B1GQ,ME,2011-Q1,2.1
Q,CLV_PCH_SM,SCA,B1GQ,ME,2011-Q2,2.5
Q,CLV_PCH_SM,SCA,B1GQ,ME,2011-Q3,2.9
Q,CLV_PCH_SM,SCA,B1GQ,ME,2011-Q4,2.4
Q,CLV_PCH_SM,SCA,B1GQ,ME,2012-Q1,0.8
Q,CLV_PCH_SM,SCA,B1GQ,ME,2012-Q2,-0.8
Q,CLV_PCH_SM,SCA,B1GQ,ME,2012-Q3,-1.9
Q,CLV_PCH_SM,SCA,B1GQ,ME,2012-Q4,-2
Q,CLV_PCH_SM,SCA,B1GQ,ME,2013-Q1,-0.4
Q,CLV_PCH_SM,SCA,B1GQ,ME,2013-Q2,1.7
Q,CLV_PCH_SM,SCA,B1GQ,ME,2013-Q3,3.4
Q,CLV_PCH_SM,SCA,B1GQ,ME,2013-Q4,4.4
Q,CLV_PCH_SM,SCA,B1GQ,ME,2014-Q1,4.2
Q,CLV_PCH_SM,SCA,B1GQ,ME,2014-Q2,3.4
Q,CLV_PCH_SM,SCA,B1GQ,ME,2014-Q3,2.8
Q,CLV_PCH_SM,SCA,B1GQ,ME,2014-Q4,2.6
Q,CLV_PCH_SM,SCA,B1GQ,ME,2015-Q1,2.5
Q,CLV_PCH_SM,SCA,B1GQ,ME,2015-Q2,2.3
Q,CLV_PCH_SM,SCA,B1GQ,ME,2015-Q3,2
Q,CLV_PCH_SM,SCA,B1GQ,ME,2015-Q4,1.6
Q,CLV_PCH_SM,SCA,B1GQ,ME,2016-Q1,1.9
Q,CLV_PCH_SM,SCA,B1GQ,ME,2016-Q2,2.6
Q,CLV_PCH_SM,SCA,B1GQ,ME,2016-Q3,3.1
Q,CLV_PCH_SM,SCA,B1GQ,ME,2016-Q4,3.6
Q,CLV_PCH_SM,SCA,B1GQ,ME,2017-Q1,3.6
Q,CLV_PCH_SM,SCA,B1GQ,ME,2017-Q2,3.4
Q,CLV_PCH_SM,SCA,B1GQ,ME,2017-Q3,3.5
Q,CLV_PCH_SM,SCA,B1GQ,ME,2017-Q4,3.8
Q,CLV_PCH_SM,SCA,B1GQ,ME,2018-Q1,4.2
Q,CLV_PCH_SM,SCA,B1GQ,ME,2018-Q2,4.6
Q,CLV_PCH_SM,SCA,B1GQ,ME,2018-Q3,4.8
Q,CLV_PCH_SM,SCA,B1GQ,ME,2018-Q4,4.9
Q,CLV_PCH_SM,SCA,B1GQ,ME,2019-Q1,4.9
Q,CLV_PCH_SM,SCA,B1GQ,ME,2019-Q2,4.7
Q,CLV_PCH_SM,SCA,B1GQ,ME,2019-Q3,3.8
Q,CLV_PCH_SM,SCA,B1GQ,ME,2019-Q4,2.5
Q,CLV_PCH_SM,SCA,B1GQ,ME,2020-Q1,1.3
Q,CLV_PCH_SM,SCA,B1GQ,ME,2020-Q2,-18.6
Q,CLV_PCH_SM,SCA,B1GQ,ME,2020-Q3,-22.7
Q,CLV_PCH_SM,SCA,B1GQ,ME,2020-Q4,-7.9
Q,CLV_PCH_SM,SCA,B1GQ,ME,2021-Q1,-4.5
Q,CLV_PCH_SM,SCA,B1GQ,ME,2021-Q2,20.2
Q,CLV_PCH_SM,SCA,B1GQ,ME,2021-Q3,28.2
Q,CLV_PCH_SM,SCA,B1GQ,ME,2021-Q4,9.4
Q,CLV_PCH_SM,SCA,B1GQ,ME,2022-Q1,7.3
Q,CLV_PCH_SM,SCA,B1GQ,ME,2022-Q2,6.5
Q,CLV_PCH_SM,SCA,B1GQ,ME,2022-Q3,6.2
Q,CLV_PCH_SM,SCA,B1GQ,ME,2022-Q4,6
Q,CLV_PCH_SM,SCA,B1GQ,ME,2023-Q1,5.9
Q,CLV_PCH_SM,SCA,B1GQ,ME,2023-Q2,6.2
Q,CLV_PCH_SM,SCA,B1GQ,ME,2023-Q3,6.3
Q,CLV_PCH_SM,SCA,B1GQ,ME,2023-Q4,5.6
Q,CLV_PCH_SM,SCA,B1GQ,ME,2024-Q1,4.6
Q,CLV_PCH_SM,SCA,B1GQ,ME,2024-Q2,3.5
Q,CLV_PCH_SM,SCA,B1GQ,ME,2024-Q3,2.9
Q,CLV_PCH_SM,SCA,B1GQ,ME,2024-Q4,2.8
Q,CLV_PCH_SM,SCA,B1GQ,ME,2025-Q1,2.8
Q,CLV_PCH_SM,SCA,B1GQ,ME,2025-Q2,2.9
Q,CLV_PCH_SM,SCA,B1GQ,ME,2025-Q3,2.7
Q,CLV_PCH_SM,SCA,B1GQ,ME,2025-Q4,2.4
Q,CLV_PCH_SM,SCA,B1GQ,ME,2026-Q1,2.4
Q,CLV_PCH_SM,SCA,B1GQ,ME,2026-Q2,2.9
Q,CLV_PCH_SM,SCA,B1GQ,MD,1978-Q1,
Q,CLV_PCH_SM,SCA,B1GQ,MD,1978-Q2,
Q,CLV_PCH_SM,SCA,B1GQ,MD,1978-Q3,
Q,CLV_PCH_SM,SCA,B1GQ,MD,1978-Q4,
Q,CLV_PCH_SM,SCA,B1GQ,MD,1979-Q1,
Q,CLV_PCH_SM,SCA,B1GQ,MD,1979-Q2,
Q,CLV_PCH_SM,SCA,B1GQ,MD,1979-Q3,
Q,CLV_PCH_SM,SCA,B1GQ,MD,1979-Q4,
Q,CLV_PCH_SM,SCA,B1GQ,MD,1980-Q1,
Q,CLV_PCH_SM,SCA,B1GQ,MD,1980-Q2,
Q,CLV_PCH_SM,SCA,B1GQ,MD,1980-Q3,
Q,CLV_PCH_SM,SCA,B1GQ,MD,1980-Q4,
Q,CLV_PCH_SM,SCA,B1GQ,MD,1981-Q1,
Q,CLV_PCH_SM,SCA,B1GQ,MD,1981-Q2,
Q,CLV_PCH_SM,SCA,B1GQ,MD,1981-Q3,
Q,CLV_PCH_SM,SCA,B1GQ,MD,1981-Q4,
Q,CLV_PCH_SM,SCA,B1GQ,MD,1982-Q1,
Q,CLV_PCH_SM,SCA,B1GQ,MD,1982-Q2,
Q,CLV_PCH_SM,SCA,B1GQ,MD,1982-Q3,
Q,CLV_PCH_SM,SCA,B1GQ,MD,1982-Q4,
Q,CLV_PCH_SM,SCA,B1GQ,MD,1983-Q1,
Q,CLV_PCH_SM,SCA,B1GQ,MD,1983-Q2,
Q,CLV_PCH_SM,SCA,B1GQ,MD,1983-Q3,
Q,CLV_PCH_SM,SCA,B1GQ,MD,1983-Q4,
Q,CLV_PCH_SM,SCA,B1GQ,MD,1984-Q1,
Q,CLV_PCH_SM,SCA,B1GQ,MD,1984-Q2,
Q,CLV_PCH_SM,SCA,B1GQ,MD,1984-Q3,
Q,CLV_PCH_SM,SCA,B1GQ,MD,1984-Q4,
Q,CLV_PCH_SM,SCA,B1GQ,MD,1985-Q1,
Q,CLV_PCH_SM,SCA,B1GQ,MD,1985-Q2,
Q,CLV_PCH_SM,SCA,B1GQ,MD,1985-Q3,
Q,CLV_PCH_SM,SCA,B1GQ,MD,1985-Q4,
Q,CLV_PCH_SM,SCA,B1GQ,MD,1986-Q1,
Q,CLV_PCH_SM,SCA,B1GQ,MD,1986-Q2,
Q,CLV_PCH_SM,SCA,B1GQ,MD,1986-Q3,
Q,CLV_PCH_SM,SCA,B1GQ,MD,1986-Q4,
Q,CLV_PCH_SM,SCA,B1GQ,MD,1987-Q1,
Q,CLV_PCH_SM,SCA,B1GQ,MD,1987-Q2,
Q,CLV_PCH_SM,SCA,B1GQ,MD,1987-Q3,
Q,CLV_PCH_SM,SCA,B1GQ,MD,1987-Q4,
Q,CLV_PCH_SM,SCA,B1GQ,MD,1988-Q1,
Q,CLV_PCH_SM,SCA,B1GQ,MD,1988-Q2,
Q,CLV_PCH_SM,SCA,B1GQ,MD,1988-Q3,
Q,CLV_PCH_SM,SCA,B1GQ,MD,1988-Q4,
Q,CLV_PCH_SM,SCA,B1GQ,MD,1989-Q1,
Q,CLV_PCH_SM,SCA,B1GQ,MD,1989-Q2,
Q,CLV_PCH_SM,SCA,B1GQ,MD,1989-Q3,
Q,CLV_PCH_SM,SCA,B1GQ,MD,1989-Q4,
Q,CLV_PCH_SM,SCA,B1GQ,MD,1990-Q1,
Q,CLV_PCH_SM,SCA,B1GQ,MD,1990-Q2,
Q,CLV_PCH_SM,SCA,B1GQ,MD,1990-Q3,
Q,CLV_PCH_SM,SCA,B1GQ,MD,1990-Q4,
Q,CLV_PCH_SM,SCA,B1GQ,MD,1991-Q1,
Q,CLV_PCH_SM,SCA,B1GQ,MD,1991-Q2,
Q,CLV_PCH_SM,SCA,B1GQ,MD,1991-Q3,
Q,CLV_PCH_SM,SCA,B1GQ,MD,1991-Q4,
Q,CLV_PCH_SM,SCA,B1GQ,MD,1992-Q1,
Q,CLV_PCH_SM,SCA,B1GQ,MD,1992-Q2,
Q,CLV_PCH_SM,SCA,B1GQ,MD,1992-Q3,
Q,CLV_PCH_SM,SCA,B1GQ,MD,1992-Q4,
Q,CLV_PCH_SM,SCA,B1GQ,MD,1993-Q1,
Q,CLV_PCH_SM,SCA,B1GQ,MD,1993-Q2,
Q,CLV_PCH_SM,SCA,B1GQ,MD,1993-Q3,
Q,CLV_PCH_SM,SCA,B1GQ,MD,1993-Q4,
Q,CLV_PCH_SM,SCA,B1GQ,MD,1994-Q1,
Q,CLV_PCH_SM,SCA,B1GQ,MD,1994-Q2,
Q,CLV_PCH_SM,SCA,B1GQ,MD,1994-Q3,
Q,CLV_PCH_SM,SCA,B1GQ,MD,1994-Q4,
Q,CLV_PCH_SM,SCA,B1GQ,MD,1995-Q1,
Q,CLV_PCH_SM,SCA,B1GQ,MD,1995-Q2,
Q,CLV_PCH_SM,SCA,B1GQ,MD,1995-Q3,
Q,CLV_PCH_SM,SCA,B1GQ,MD,1995-Q4,
Q,CLV_PCH_SM,SCA,B1GQ,MD,1996-Q1,
Q,CLV_PCH_SM,SCA,B1GQ,MD,1996-Q2,
Q,CLV_PCH_SM,SCA,B1GQ,MD,1996-Q3,
Q,CLV_PCH_SM,SCA,B1GQ,MD,1996-Q4,
Q,CLV_PCH_SM,SCA,B1GQ,MD,1997-Q1,
Q,CLV_PCH_SM,SCA,B1GQ,MD,1997-Q2,
Q,CLV_PCH_SM,SCA,B1GQ,MD,1997-Q3,
Q,CLV_PCH_SM,SCA,B1GQ,MD,1997-Q4,
Q,CLV_PCH_SM,SCA,B1GQ,MD,1998-Q1,
Q,CLV_PCH_SM,SCA,B1GQ,MD,1998-Q2,
Q,CLV_PCH_SM,SCA,B1GQ,MD,1998-Q3,
Q,CLV_PCH_SM,SCA,B1GQ,MD,1998-Q4,
Q,CLV_PCH_SM,SCA,B1GQ,MD,1999-Q1,
Q,CLV_PCH_SM,SCA,B1GQ,MD,1999-Q2,
Q,CLV_PCH_SM,SCA,B1GQ,MD,1999-Q3,
Q,CLV_PCH_SM,SCA,B1GQ,MD,1999-Q4,
Q,CLV_PCH_SM,SCA,B1GQ,MD,2000-Q1,
Q,CLV_PCH_SM,SCA,B1GQ,MD,2000-Q2,
Q,CLV_PCH_SM,SCA,B1GQ,MD,2000-Q3,
Q,CLV_PCH_SM,SCA,B1GQ,MD,2000-Q4,
Q,CLV_PCH_SM,SCA,B1GQ,MD,2001-Q1,
Q,CLV_PCH_SM,SCA,B1GQ,MD,2001-Q2,
Q,CLV_PCH_SM,SCA,B1GQ,MD,2001-Q3,
Q,CLV_PCH_SM,SCA,B1GQ,MD,2001-Q4,
Q,CLV_PCH_SM,SCA,B1GQ,MD,2002-Q1,
Q,CLV_PCH_SM,SCA,B1GQ,MD,2002-Q2,
Q,CLV_PCH_SM,SCA,B1GQ,MD,2002-Q3,
Q,CLV_PCH_SM,SCA,B1GQ,MD,2002-Q4,
Q,CLV_PCH_SM,SCA,B1GQ,MD,2003-Q1,
Q,CLV_PCH_SM,SCA,B1GQ,MD,2003-Q2,
Q,CLV_PCH_SM,SCA,B1GQ,MD,2003-Q3,
Q,CLV_PCH_SM,SCA,B1GQ,MD,2003-Q4,
Q,CLV_PCH_SM,SCA,B1GQ,MD,2004-Q1,
Q,CLV_PCH_SM,SCA,B1GQ,MD,2004-Q2,
Q,CLV_PCH_SM,SCA,B1GQ,MD,2004-Q3,
Q,CLV_PCH_SM,SCA,B1GQ,MD,2004-Q4,
Q,CLV_PCH_SM,SCA,B1GQ,MD,2005-Q1,
Q,CLV_PCH_SM,SCA,B1GQ,MD,2005-Q2,
Q,CLV_PCH_SM,SCA,B1GQ,MD,2005-Q3,
Q,CLV_PCH_SM,SCA,B1GQ,MD,2005-Q4,
Q,CLV_PCH_SM,SCA,B1GQ,MD,2006-Q1,
Q,CLV_PCH_SM,SCA,B1GQ,MD,2006-Q2,
Q,CLV_PCH_SM,SCA,B1GQ,MD,2006-Q3,
Q,CLV_PCH_SM,SCA,B1GQ,MD,2006-Q4,
Q,CLV_PCH_SM,SCA,B1GQ,MD,2007-Q1,
Q,CLV_PCH_SM,SCA,B1GQ,MD,2007-Q2,
Q,CLV_PCH_SM,SCA,B1GQ,MD,2007-Q3,
Q,CLV_PCH_SM,SCA,B1GQ,MD,2007-Q4,
Q,CLV_PCH_SM,SCA,B1GQ,MD,2008-Q1,
Q,CLV_PCH_SM,SCA,B1GQ,MD,2008-Q2,
Q,CLV_PCH_SM,SCA,B1GQ,MD,2008-Q3,
Q,CLV_PCH_SM,SCA,B1GQ,MD,2008-Q4,
Q,CLV_PCH_SM,SCA,B1GQ,MD,2009-Q1,
Q,CLV_PCH_SM,SCA,B1GQ,MD,2009-Q2,
Q,CLV_PCH_SM,SCA,B1GQ,MD,2009-Q3,
Q,CLV_PCH_SM,SCA,B1GQ,MD,2009-Q4,
Q,CLV_PCH_SM,SCA,B1GQ,MD,2010-Q1,
Q,CLV_PCH_SM,SCA,B1GQ,MD,2010-Q2,
Q,CLV_PCH_SM,SCA,B1GQ,MD,2010-Q3,
Q,CLV_PCH_SM,SCA,B1GQ,MD,2010-Q4,
Q,CLV_PCH_SM,SCA,B1GQ,MD,2011-Q1,
Q,CLV_PCH_SM,SCA,B1GQ,MD,2011-Q2,
Q,CLV_PCH_SM,SCA,B1GQ,MD,2011-Q3,
Q,CLV_PCH_SM,SCA,B1GQ,MD,2011-Q4,
Q,CLV_PCH_SM,SCA,B1GQ,MD,2012-Q1,
Q,CLV_PCH_SM,SCA,B1GQ,MD,2012-Q2,
Q,CLV_PCH_SM,SCA,B1GQ,MD,2012-Q3,
Q,CLV_PCH_SM,SCA,B1GQ,MD,2012-Q4,
Q,CLV_PCH_SM,SCA,B1GQ,MD,2013-Q1,
Q,CLV_PCH_SM,SCA,B1GQ,MD,2013-Q2,
Q,CLV_PCH_SM,SCA,B1GQ,MD,2013-Q3,
Q,CLV_PCH_SM,SCA,B1GQ,MD,2013-Q4,
Q,CLV_PCH_SM,SCA,B1GQ,MD,2014-Q1,
Q,CLV_PCH_SM,SCA,B1GQ,MD,2014-Q2,
Q,CLV_PCH_SM,SCA,B1GQ,MD,2014-Q3,
Q,CLV_PCH_SM,SCA,B1GQ,MD,2014-Q4,
Q,CLV_PCH_SM,SCA,B1GQ,MD,2015-Q1,
Q,CLV_PCH_SM,SCA,B1GQ,MD,2015-Q2,
Q,CLV_PCH_SM,SCA,B1GQ,MD,2015-Q3,
Q,CLV_PCH_SM,SCA,B1GQ,MD,2015-Q4,
Q,CLV_PCH_SM,SCA,B1GQ,MD,2016-Q1,
Q,CLV_PCH_SM,SCA,B1GQ,MD,2016-Q2,
Q,CLV_PCH_SM,SCA,B1GQ,MD,2016-Q3,
Q,CLV_PCH_SM,SCA,B1GQ,MD,2016-Q4,
Q,CLV_PCH_SM,SCA,B1GQ,MD,2017-Q1,
Q,CLV_PCH_SM,SCA,B1GQ,MD,2017-Q2,
Q,CLV_PCH_SM,SCA,B1GQ,MD,2017-Q3,
Q,CLV_PCH_SM,SCA,B1GQ,MD,2017-Q4,
Q,CLV_PCH_SM,SCA,B1GQ,MD,2018-Q1,
Q,CLV_PCH_SM,SCA,B1GQ,MD,2018-Q2,
Q,CLV_PCH_SM,SCA,B1GQ,MD,2018-Q3,
Q,CLV_PCH_SM,SCA,B1GQ,MD,2018-Q4,
Q,CLV_PCH_SM,SCA,B1GQ,MD,2019-Q1,
Q,CLV_PCH_SM,SCA,B1GQ,MD,2019-Q2,
Q,CLV_PCH_SM,SCA,B1GQ,MD,2019-Q3,
Q,CLV_PCH_SM,SCA,B1GQ,MD,2019-Q4,
Q,CLV_PCH_SM,SCA,B1GQ,MD,2020-Q1,
Q,CLV_PCH_SM,SCA,B1GQ,MD,2020-Q2,
Q,CLV_PCH_SM,SCA,B1GQ,MD,2020-Q3,
Q,CLV_PCH_SM,SCA,B1GQ,MD,2020-Q4,
Q,CLV_PCH_SM,SCA,B1GQ,MD,2021-Q1,
Q,CLV_PCH_SM,SCA,B1GQ,MD,2021-Q2,
Q,CLV_PCH_SM,SCA,B1GQ,MD,2021-Q3,
Q,CLV_PCH_SM,SCA,B1GQ,MD,2021-Q4,
Q,CLV_PCH_SM,SCA,B1GQ,MD,2022-Q1,
Q,CLV_PCH_SM,SCA,B1GQ,MD,2022-Q2,
Q,CLV_PCH_SM,SCA,B1GQ,MD,2022-Q3,
Q,CLV_PCH_SM,SCA,B1GQ,MD,2022-Q4,
Q,CLV_PCH_SM,SCA,B1GQ,MD,2023-Q1,
Q,CLV_PCH_SM,SCA,B1GQ,MD,2023-Q2,
Q,CLV_PCH_SM,SCA,B1GQ,MD,2023-Q3,
Q,CLV_PCH_SM,SCA,B1GQ,MD,2023-Q4,
Q,CLV_PCH_SM,SCA,B1GQ,MD,2024-Q1,
Q,CLV_PCH_SM,SCA,B1GQ,MD,2024-Q2,
Q,CLV_PCH_SM,SCA,B1GQ,MD,2024-Q3,
Q,CLV_PCH_SM,SCA,B1GQ,MD,2024-Q4,
Q,CLV_PCH_SM,SCA,B1GQ,MD,2025-Q1,
Q,CLV_PCH_SM,SCA,B1GQ,MD,2025-Q2,
Q,CLV_PCH_SM,SCA,B1GQ,MD,2025-Q3,
Q,CLV_PCH_SM,SCA,B1GQ,MD,2025-Q4,
Q,CLV_PCH_SM,SCA,B1GQ,MD,2026-Q1,
Q,CLV_PCH_SM,SCA,B1GQ,MD,2026-Q2,
Q,CLV_PCH_SM,SCA,B1GQ,MK,1978-Q1,
Q,CLV_PCH_SM,SCA,B1GQ,MK,1978-Q2,
Q,CLV_PCH_SM,SCA,B1GQ,MK,1978-Q3,
Q,CLV_PCH_SM,SCA,B1GQ,MK,1978-Q4,
Q,CLV_PCH_SM,SCA,B1GQ,MK,1979-Q1,
Q,CLV_PCH_SM,SCA,B1GQ,MK,1979-Q2,
Q,CLV_PCH_SM,SCA,B1GQ,MK,1979-Q3,
Q,CLV_PCH_SM,SCA,B1GQ,MK,1979-Q4,
Q,CLV_PCH_SM,SCA,B1GQ,MK,1980-Q1,
Q,CLV_PCH_SM,SCA,B1GQ,MK,1980-Q2,
Q,CLV_PCH_SM,SCA,B1GQ,MK,1980-Q3,
Q,CLV_PCH_SM,SCA,B1GQ,MK,1980-Q4,
Q,CLV_PCH_SM,SCA,B1GQ,MK,1981-Q1,
Q,CLV_PCH_SM,SCA,B1GQ,MK,1981-Q2,
Q,CLV_PCH_SM,SCA,B1GQ,MK,1981-Q3,
Q,CLV_PCH_SM,SCA,B1GQ,MK,1981-Q4,
Q,CLV_PCH_SM,SCA,B1GQ,MK,1982-Q1,
Q,CLV_PCH_SM,SCA,B1GQ,MK,1982-Q2,
Q,CLV_PCH_SM,SCA,B1GQ,MK,1982-Q3,
Q,CLV_PCH_SM,SCA,B1GQ,MK,1982-Q4,
Q,CLV_PCH_SM,SCA,B1GQ,MK,1983-Q1,
Q,CLV_PCH_SM,SCA,B1GQ,MK,1983-Q2,
Q,CLV_PCH_SM,SCA,B1GQ,MK,1983-Q3,
Q,CLV_PCH_SM,SCA,B1GQ,MK,1983-Q4,
Q,CLV_PCH_SM,SCA,B1GQ,MK,1984-Q1,
Q,CLV_PCH_SM,SCA,B1GQ,MK,1984-Q2,
Q,CLV_PCH_SM,SCA,B1GQ,MK,1984-Q3,
Q,CLV_PCH_SM,SCA,B1GQ,MK,1984-Q4,
Q,CLV_PCH_SM,SCA,B1GQ,MK,1985-Q1,
Q,CLV_PCH_SM,SCA,B1GQ,MK,1985-Q2,
Q,CLV_PCH_SM,SCA,B1GQ,MK,1985-Q3,
Q,CLV_PCH_SM,SCA,B1GQ,MK,1985-Q4,
Q,CLV_PCH_SM,SCA,B1GQ,MK,1986-Q1,
Q,CLV_PCH_SM,SCA,B1GQ,MK,1986-Q2,
Q,CLV_PCH_SM,SCA,B1GQ,MK,1986-Q3,
Q,CLV_PCH_SM,SCA,B1GQ,MK,1986-Q4,
Q,CLV_PCH_SM,SCA,B1GQ,MK,1987-Q1,
Q,CLV_PCH_SM,SCA,B1GQ,MK,1987-Q2,
Q,CLV_PCH_SM,SCA,B1GQ,MK,1987-Q3,
Q,CLV_PCH_SM,SCA,B1GQ,MK,1987-Q4,
Q,CLV_PCH_SM,SCA,B1GQ,MK,1988-Q1,
Q,CLV_PCH_SM,SCA,B1GQ,MK,1988-Q2,
Q,CLV_PCH_SM,SCA,B1GQ,MK,1988-Q3,
Q,CLV_PCH_SM,SCA,B1GQ,MK,1988-Q4,
Q,CLV_PCH_SM,SCA,B1GQ,MK,1989-Q1,
Q,CLV_PCH_SM,SCA,B1GQ,MK,1989-Q2,
Q,CLV_PCH_SM,SCA,B1GQ,MK,1989-Q3,
Q,CLV_PCH_SM,SCA,B1GQ,MK,1989-Q4,
Q,CLV_PCH_SM,SCA,B1GQ,MK,1990-Q1,
Q,CLV_PCH_SM,SCA,B1GQ,MK,1990-Q2,
Q,CLV_PCH_SM,SCA,B1GQ,MK,1990-Q3,
Q,CLV_PCH_SM,SCA,B1GQ,MK,1990-Q4,
Q,CLV_PCH_SM,SCA,B1GQ,MK,1991-Q1,
Q,CLV_PCH_SM,SCA,B1GQ,MK,1991-Q2,
Q,CLV_PCH_SM,SCA,B1GQ,MK,1991-Q3,
Q,CLV_PCH_SM,SCA,B1GQ,MK,1991-Q4,
Q,CLV_PCH_SM,SCA,B1GQ,MK,1992-Q1,
Q,CLV_PCH_SM,SCA,B1GQ,MK,1992-Q2,
Q,CLV_PCH_SM,SCA,B1GQ,MK,1992-Q3,
Q,CLV_PCH_SM,SCA,B1GQ,MK,1992-Q4,
Q,CLV_PCH_SM,SCA,B1GQ,MK,1993-Q1,
Q,CLV_PCH_SM,SCA,B1GQ,MK,1993-Q2,
Q,CLV_PCH_SM,SCA,B1GQ,MK,1993-Q3,
Q,CLV_PCH_SM,SCA,B1GQ,MK,1993-Q4,
Q,CLV_PCH_SM,SCA,B1GQ,MK,1994-Q1,
Q,CLV_PCH_SM,SCA,B1GQ,MK,1994-Q2,
Q,CLV_PCH_SM,SCA,B1GQ,MK,1994-Q3,
Q,CLV_PCH_SM,SCA,B1GQ,MK,1994-Q4,
Q,CLV_PCH_SM,SCA,B1GQ,MK,1995-Q1,
Q,CLV_PCH_SM,SCA,B1GQ,MK,1995-Q2,
Q,CLV_PCH_SM,SCA,B1GQ,MK,1995-Q3,
Q,CLV_PCH_SM,SCA,B1GQ,MK,1995-Q4,
Q,CLV_PCH_SM,SCA,B1GQ,MK,1996-Q1,
Q,CLV_PCH_SM,SCA,B1GQ,MK,1996-Q2,
Q,CLV_PCH_SM,SCA,B1GQ,MK,1996-Q3,
Q,CLV_PCH_SM,SCA,B1GQ,MK,1996-Q4,
Q,CLV_PCH_SM,SCA,B1GQ,MK,1997-Q1,
Q,CLV_PCH_SM,SCA,B1GQ,MK,1997-Q2,
Q,CLV_PCH_SM,SCA,B1GQ,MK,1997-Q3,
Q,CLV_PCH_SM,SCA,B1GQ,MK,1997-Q4,
Q,CLV_PCH_SM,SCA,B1GQ,MK,1998-Q1,
Q,CLV_PCH_SM,SCA,B1GQ,MK,1998-Q2,
Q,CLV_PCH_SM,SCA,B1GQ,MK,1998-Q3,
Q,CLV_PCH_SM,SCA,B1GQ,MK,1998-Q4,
Q,CLV_PCH_SM,SCA,B1GQ,MK,1999-Q1,
Q,CLV_PCH_SM,SCA,B1GQ,MK,1999-Q2,
Q,CLV_PCH_SM,SCA,B1GQ,MK,1999-Q3,
Q,CLV_PCH_SM,SCA,B1GQ,MK,1999-Q4,
Q,CLV_PCH_SM,SCA,B1GQ,MK,2000-Q1,
Q,CLV_PCH_SM,SCA,B1GQ,MK,2000-Q2,
Q,CLV_PCH_SM,SCA,B1GQ,MK,2000-Q3,
Q,CLV_PCH_SM,SCA,B1GQ,MK,2000-Q4,
Q,CLV_PCH_SM,SCA,B1GQ,MK,2001-Q1,-6.9
Q,CLV_PCH_SM,SCA,B1GQ,MK,2001-Q2,-4.5
Q,CLV_PCH_SM,SCA,B1GQ,MK,2001-Q3,-7.4
Q,CLV_PCH_SM,SCA,B1GQ,MK,2001-Q4,5.8
Q,CLV_PCH_SM,SCA,B1GQ,MK,2002-Q1,3.1
Q,CLV_PCH_SM,SCA,B1GQ,MK,2002-Q2,0
Q,CLV_PCH_SM,SCA,B1GQ,MK,2002-Q3,2.6
Q,CLV_PCH_SM,SCA,B1GQ,MK,2002-Q4,0.4
Q,CLV_PCH_SM,SCA,B1GQ,MK,2003-Q1,1.6
Q,CLV_PCH_SM,SCA,B1GQ,MK,2003-Q2,2.6
Q,CLV_PCH_SM,SCA,B1GQ,MK,2003-Q3,1.3
Q,CLV_PCH_SM,SCA,B1GQ,MK,2003-Q4,2.9
Q,CLV_PCH_SM,SCA,B1GQ,MK,2004-Q1,0.4
Q,CLV_PCH_SM,SCA,B1GQ,MK,2004-Q2,1.3
Q,CLV_PCH_SM,SCA,B1GQ,MK,2004-Q3,4.3
Q,CLV_PCH_SM,SCA,B1GQ,MK,2004-Q4,12.2
Q,CLV_PCH_SM,SCA,B1GQ,MK,2005-Q1,5
Q,CLV_PCH_SM,SCA,B1GQ,MK,2005-Q2,7.1
Q,CLV_PCH_SM,SCA,B1GQ,MK,2005-Q3,5.2
Q,CLV_PCH_SM,SCA,B1GQ,MK,2005-Q4,2.7
Q,CLV_PCH_SM,SCA,B1GQ,MK,2006-Q1,9.8
Q,CLV_PCH_SM,SCA,B1GQ,MK,2006-Q2,7.6
Q,CLV_PCH_SM,SCA,B1GQ,MK,2006-Q3,5.4
Q,CLV_PCH_SM,SCA,B1GQ,MK,2006-Q4,0.1
Q,CLV_PCH_SM,SCA,B1GQ,MK,2007-Q1,5.2
Q,CLV_PCH_SM,SCA,B1GQ,MK,2007-Q2,4.5
Q,CLV_PCH_SM,SCA,B1GQ,MK,2007-Q3,7
Q,CLV_PCH_SM,SCA,B1GQ,MK,2007-Q4,7.8
Q,CLV_PCH_SM,SCA,B1GQ,MK,2008-Q1,3.1
Q,CLV_PCH_SM,SCA,B1GQ,MK,2008-Q2,4.2
Q,CLV_PCH_SM,SCA,B1GQ,MK,2008-Q3,5.4
Q,CLV_PCH_SM,SCA,B1GQ,MK,2008-Q4,9.1
Q,CLV_PCH_SM,SCA,B1GQ,MK,2009-Q1,1.5
Q,CLV_PCH_SM,SCA,B1GQ,MK,2009-Q2,2.7
Q,CLV_PCH_SM,SCA,B1GQ,MK,2009-Q3,-0.7
Q,CLV_PCH_SM,SCA,B1GQ,MK,2009-Q4,-2.8
Q,CLV_PCH_SM,SCA,B1GQ,MK,2010-Q1,6.3
Q,CLV_PCH_SM,SCA,B1GQ,MK,2010-Q2,3
Q,CLV_PCH_SM,SCA,B1GQ,MK,2010-Q3,5
Q,CLV_PCH_SM,SCA,B1GQ,MK,2010-Q4,-0.8
Q,CLV_PCH_SM,SCA,B1GQ,MK,2011-Q1,0.8
Q,CLV_PCH_SM,SCA,B1GQ,MK,2011-Q2,2.2
Q,CLV_PCH_SM,SCA,B1GQ,MK,2011-Q3,0.9
Q,CLV_PCH_SM,SCA,B1GQ,MK,2011-Q4,4.5
Q,CLV_PCH_SM,SCA,B1GQ,MK,2012-Q1,0
Q,CLV_PCH_SM,SCA,B1GQ,MK,2012-Q2,-0.4
Q,CLV_PCH_SM,SCA,B1GQ,MK,2012-Q3,-0.2
Q,CLV_PCH_SM,SCA,B1GQ,MK,2012-Q4,-0.5
Q,CLV_PCH_SM,SCA,B1GQ,MK,2013-Q1,1.6
Q,CLV_PCH_SM,SCA,B1GQ,MK,2013-Q2,2.8
Q,CLV_PCH_SM,SCA,B1GQ,MK,2013-Q3,3.8
Q,CLV_PCH_SM,SCA,B1GQ,MK,2013-Q4,3.5
Q,CLV_PCH_SM,SCA,B1GQ,MK,2014-Q1,4.7
Q,CLV_PCH_SM,SCA,B1GQ,MK,2014-Q2,4.8
Q,CLV_PCH_SM,SCA,B1GQ,MK,2014-Q3,2.5
Q,CLV_PCH_SM,SCA,B1GQ,MK,2014-Q4,1.9
Q,CLV_PCH_SM,SCA,B1GQ,MK,2015-Q1,3
Q,CLV_PCH_SM,SCA,B1GQ,MK,2015-Q2,1.7
Q,CLV_PCH_SM,SCA,B1GQ,MK,2015-Q3,4.3
Q,CLV_PCH_SM,SCA,B1GQ,MK,2015-Q4,5.4
Q,CLV_PCH_SM,SCA,B1GQ,MK,2016-Q1,1.9
Q,CLV_PCH_SM,SCA,B1GQ,MK,2016-Q2,3.8
Q,CLV_PCH_SM,SCA,B1GQ,MK,2016-Q3,3.2
Q,CLV_PCH_SM,SCA,B1GQ,MK,2016-Q4,2.9
Q,CLV_PCH_SM,SCA,B1GQ,MK,2017-Q1,3.8
Q,CLV_PCH_SM,SCA,B1GQ,MK,2017-Q2,0.7
Q,CLV_PCH_SM,SCA,B1GQ,MK,2017-Q3,0.6
Q,CLV_PCH_SM,SCA,B1GQ,MK,2017-Q4,-0.1
Q,CLV_PCH_SM,SCA,B1GQ,MK,2018-Q1,1
Q,CLV_PCH_SM,SCA,B1GQ,MK,2018-Q2,2.5
Q,CLV_PCH_SM,SCA,B1GQ,MK,2018-Q3,2.9
Q,CLV_PCH_SM,SCA,B1GQ,MK,2018-Q4,4.5
Q,CLV_PCH_SM,SCA,B1GQ,MK,2019-Q1,3.7
Q,CLV_PCH_SM,SCA,B1GQ,MK,2019-Q2,5.6
Q,CLV_PCH_SM,SCA,B1GQ,MK,2019-Q3,4.6
Q,CLV_PCH_SM,SCA,B1GQ,MK,2019-Q4,1.4
Q,CLV_PCH_SM,SCA,B1GQ,MK,2020-Q1,0.1
Q,CLV_PCH_SM,SCA,B1GQ,MK,2020-Q2,-15.1
Q,CLV_PCH_SM,SCA,B1GQ,MK,2020-Q3,-3.3
Q,CLV_PCH_SM,SCA,B1GQ,MK,2020-Q4,0.2
Q,CLV_PCH_SM,SCA,B1GQ,MK,2021-Q1,0.5
Q,CLV_PCH_SM,SCA,B1GQ,MK,2021-Q2,15.6
Q,CLV_PCH_SM,SCA,B1GQ,MK,2021-Q3,2.5
Q,CLV_PCH_SM,SCA,B1GQ,MK,2021-Q4,1.1
Q,CLV_PCH_SM,SCA,B1GQ,MK,2022-Q1,2.7
Q,CLV_PCH_SM,SCA,B1GQ,MK,2022-Q2,3.6
Q,CLV_PCH_SM,SCA,B1GQ,MK,2022-Q3,2.2
Q,CLV_PCH_SM,SCA,B1GQ,MK,2022-Q4,2.2
Q,CLV_PCH_SM,SCA,B1GQ,MK,2023-Q1,1.9
Q,CLV_PCH_SM,SCA,B1GQ,MK,2023-Q2,1.9
Q,CLV_PCH_SM,SCA,B1GQ,MK,2023-Q3,2.9
Q,CLV_PCH_SM,SCA,B1GQ,MK,2023-Q4,3
Q,CLV_PCH_SM,SCA,B1GQ,MK,2024-Q1,2.5
Q,CLV_PCH_SM,SCA,B1GQ,MK,2024-Q2,2.9
Q,CLV_PCH_SM,SCA,B1GQ,MK,2024-Q3,2.9
Q,CLV_PCH_SM,SCA,B1GQ,MK,2024-Q4,3.6
Q,CLV_PCH_SM,SCA,B1GQ,MK,2025-Q1,3.5
Q,CLV_PCH_SM,SCA,B1GQ,MK,2025-Q2,3.3
Q,CLV_PCH_SM,SCA,B1GQ,MK,2025-Q3,3.8
Q,CLV_PCH_SM,SCA,B1GQ,MK,2025-Q4,3.5
Q,CLV_PCH_SM,SCA,B1GQ,MK,2026-Q1,3.5
Q,CLV_PCH_SM,SCA,B1GQ,MK,2026-Q2,4
Q,CLV_PCH_SM,SCA,B1GQ,AL,1978-Q1,
Q,CLV_PCH_SM,SCA,B1GQ,AL,1978-Q2,
Q,CLV_PCH_SM,SCA,B1GQ,AL,1978-Q3,
Q,CLV_PCH_SM,SCA,B1GQ,AL,1978-Q4,
Q,CLV_PCH_SM,SCA,B1GQ,AL,1979-Q1,
Q,CLV_PCH_SM,SCA,B1GQ,AL,1979-Q2,
Q,CLV_PCH_SM,SCA,B1GQ,AL,1979-Q3,
Q,CLV_PCH_SM,SCA,B1GQ,AL,1979-Q4,
Q,CLV_PCH_SM,SCA,B1GQ,AL,1980-Q1,
Q,CLV_PCH_SM,SCA,B1GQ,AL,1980-Q2,
Q,CLV_PCH_SM,SCA,B1GQ,AL,1980-Q3,
Q,CLV_PCH_SM,SCA,B1GQ,AL,1980-Q4,
Q,CLV_PCH_SM,SCA,B1GQ,AL,1981-Q1,
Q,CLV_PCH_SM,SCA,B1GQ,AL,1981-Q2,
Q,CLV_PCH_SM,SCA,B1GQ,AL,1981-Q3,
Q,CLV_PCH_SM,SCA,B1GQ,AL,1981-Q4,
Q,CLV_PCH_SM,SCA,B1GQ,AL,1982-Q1,
Q,CLV_PCH_SM,SCA,B1GQ,AL,1982-Q2,
Q,CLV_PCH_SM,SCA,B1GQ,AL,1982-Q3,
Q,CLV_PCH_SM,SCA,B1GQ,AL,1982-Q4,
Q,CLV_PCH_SM,SCA,B1GQ,AL,1983-Q1,
Q,CLV_PCH_SM,SCA,B1GQ,AL,1983-Q2,
Q,CLV_PCH_SM,SCA,B1GQ,AL,1983-Q3,
Q,CLV_PCH_SM,SCA,B1GQ,AL,1983-Q4,
Q,CLV_PCH_SM,SCA,B1GQ,AL,1984-Q1,
Q,CLV_PCH_SM,SCA,B1GQ,AL,1984-Q2,
Q,CLV_PCH_SM,SCA,B1GQ,AL,1984-Q3,
Q,CLV_PCH_SM,SCA,B1GQ,AL,1984-Q4,
Q,CLV_PCH_SM,SCA,B1GQ,AL,1985-Q1,
Q,CLV_PCH_SM,SCA,B1GQ,AL,1985-Q2,
Q,CLV_PCH_SM,SCA,B1GQ,AL,1985-Q3,
Q,CLV_PCH_SM,SCA,B1GQ,AL,1985-Q4,
Q,CLV_PCH_SM,SCA,B1GQ,AL,1986-Q1,
Q,CLV_PCH_SM,SCA,B1GQ,AL,1986-Q2,
Q,CLV_PCH_SM,SCA,B1GQ,AL,1986-Q3,
Q,CLV_PCH_SM,SCA,B1GQ,AL,1986-Q4,
Q,CLV_PCH_SM,SCA,B1GQ,AL,1987-Q1,
Q,CLV_PCH_SM,SCA,B1GQ,AL,1987-Q2,
Q,CLV_PCH_SM,SCA,B1GQ,AL,1987-Q3,
Q,CLV_PCH_SM,SCA,B1GQ,AL,1987-Q4,
Q,CLV_PCH_SM,SCA,B1GQ,AL,1988-Q1,
Q,CLV_PCH_SM,SCA,B1GQ,AL,1988-Q2,
Q,CLV_PCH_SM,SCA,B1GQ,AL,1988-Q3,
Q,CLV_PCH_SM,SCA,B1GQ,AL,1988-Q4,
Q,CLV_PCH_SM,SCA,B1GQ,AL,1989-Q1,
Q,CLV_PCH_SM,SCA,B1GQ,AL,1989-Q2,
Q,CLV_PCH_SM,SCA,B1GQ,AL,1989-Q3,
Q,CLV_PCH_SM,SCA,B1GQ,AL,1989-Q4,
Q,CLV_PCH_SM,SCA,B1GQ,AL,1990-Q1,
Q,CLV_PCH_SM,SCA,B1GQ,AL,1990-Q2,
Q,CLV_PCH_SM,SCA,B1GQ,AL,1990-Q3,
Q,CLV_PCH_SM,SCA,B1GQ,AL,1990-Q4,
Q,CLV_PCH_SM,SCA,B1GQ,AL,1991-Q1,
Q,CLV_PCH_SM,SCA,B1GQ,AL,1991-Q2,
Q,CLV_PCH_SM,SCA,B1GQ,AL,1991-Q3,
Q,CLV_PCH_SM,SCA,B1GQ,AL,1991-Q4,
Q,CLV_PCH_SM,SCA,B1GQ,AL,1992-Q1,
Q,CLV_PCH_SM,SCA,B1GQ,AL,1992-Q2,
Q,CLV_PCH_SM,SCA,B1GQ,AL,1992-Q3,
Q,CLV_PCH_SM,SCA,B1GQ,AL,1992-Q4,
Q,CLV_PCH_SM,SCA,B1GQ,AL,1993-Q1,
Q,CLV_PCH_SM,SCA,B1GQ,AL,1993-Q2,
Q,CLV_PCH_SM,SCA,B1GQ,AL,1993-Q3,
Q,CLV_PCH_SM,SCA,B1GQ,AL,1993-Q4,
Q,CLV_PCH_SM,SCA,B1GQ,AL,1994-Q1,
Q,CLV_PCH_SM,SCA,B1GQ,AL,1994-Q2,
Q,CLV_PCH_SM,SCA,B1GQ,AL,1994-Q3,
Q,CLV_PCH_SM,SCA,B1GQ,AL,1994-Q4,
Q,CLV_PCH_SM,SCA,B1GQ,AL,1995-Q1,
Q,CLV_PCH_SM,SCA,B1GQ,AL,1995-Q2,
Q,CLV_PCH_SM,SCA,B1GQ,AL,1995-Q3,
Q,CLV_PCH_SM,SCA,B1GQ,AL,1995-Q4,
Q,CLV_PCH_SM,SCA,B1GQ,AL,1996-Q1,
Q,CLV_PCH_SM,SCA,B1GQ,AL,1996-Q2,
Q,CLV_PCH_SM,SCA,B1GQ,AL,1996-Q3,
Q,CLV_PCH_SM,SCA,B1GQ,AL,1996-Q4,
Q,CLV_PCH_SM,SCA,B1GQ,AL,1997-Q1,-13.6
Q,CLV_PCH_SM,SCA,B1GQ,AL,1997-Q2,-12.8
Q,CLV_PCH_SM,SCA,B1GQ,AL,1997-Q3,-12.1
Q,CLV_PCH_SM,SCA,B1GQ,AL,1997-Q4,-9.1
Q,CLV_PCH_SM,SCA,B1GQ,AL,1998-Q1,5.9
Q,CLV_PCH_SM,SCA,B1GQ,AL,1998-Q2,9.1
Q,CLV_PCH_SM,SCA,B1GQ,AL,1998-Q3,11.5
Q,CLV_PCH_SM,SCA,B1GQ,AL,1998-Q4,11.9
Q,CLV_PCH_SM,SCA,B1GQ,AL,1999-Q1,15.7
Q,CLV_PCH_SM,SCA,B1GQ,AL,1999-Q2,12.8
Q,CLV_PCH_SM,SCA,B1GQ,AL,1999-Q3,11.2
Q,CLV_PCH_SM,SCA,B1GQ,AL,1999-Q4,8.3
Q,CLV_PCH_SM,SCA,B1GQ,AL,2000-Q1,7.8
Q,CLV_PCH_SM,SCA,B1GQ,AL,2000-Q2,7
Q,CLV_PCH_SM,SCA,B1GQ,AL,2000-Q3,7.2
Q,CLV_PCH_SM,SCA,B1GQ,AL,2000-Q4,9.3
Q,CLV_PCH_SM,SCA,B1GQ,AL,2001-Q1,9
Q,CLV_PCH_SM,SCA,B1GQ,AL,2001-Q2,10.4
Q,CLV_PCH_SM,SCA,B1GQ,AL,2001-Q3,9.7
Q,CLV_PCH_SM,SCA,B1GQ,AL,2001-Q4,7
Q,CLV_PCH_SM,SCA,B1GQ,AL,2002-Q1,5.4
Q,CLV_PCH_SM,SCA,B1GQ,AL,2002-Q2,3.5
Q,CLV_PCH_SM,SCA,B1GQ,AL,2002-Q3,2.6
Q,CLV_PCH_SM,SCA,B1GQ,AL,2002-Q4,5.2
Q,CLV_PCH_SM,SCA,B1GQ,AL,2003-Q1,5
Q,CLV_PCH_SM,SCA,B1GQ,AL,2003-Q2,5.6
Q,CLV_PCH_SM,SCA,B1GQ,AL,2003-Q3,6.8
Q,CLV_PCH_SM,SCA,B1GQ,AL,2003-Q4,3.5
Q,CLV_PCH_SM,SCA,B1GQ,AL,2004-Q1,4.8
Q,CLV_PCH_SM,SCA,B1GQ,AL,2004-Q2,4.8
Q,CLV_PCH_SM,SCA,B1GQ,AL,2004-Q3,4.1
Q,CLV_PCH_SM,SCA,B1GQ,AL,2004-Q4,7.3
Q,CLV_PCH_SM,SCA,B1GQ,AL,2005-Q1,4.6
Q,CLV_PCH_SM,SCA,B1GQ,AL,2005-Q2,6.6
Q,CLV_PCH_SM,SCA,B1GQ,AL,2005-Q3,6.1
Q,CLV_PCH_SM,SCA,B1GQ,AL,2005-Q4,3
Q,CLV_PCH_SM,SCA,B1GQ,AL,2006-Q1,6.9
Q,CLV_PCH_SM,SCA,B1GQ,AL,2006-Q2,4.3
Q,CLV_PCH_SM,SCA,B1GQ,AL,2006-Q3,5.5
Q,CLV_PCH_SM,SCA,B1GQ,AL,2006-Q4,7.5
Q,CLV_PCH_SM,SCA,B1GQ,AL,2007-Q1,5.6
Q,CLV_PCH_SM,SCA,B1GQ,AL,2007-Q2,6.4
Q,CLV_PCH_SM,SCA,B1GQ,AL,2007-Q3,6.3
Q,CLV_PCH_SM,SCA,B1GQ,AL,2007-Q4,9.5
Q,CLV_PCH_SM,SCA,B1GQ,AL,2008-Q1,8.4
Q,CLV_PCH_SM,SCA,B1GQ,AL,2008-Q2,8
Q,CLV_PCH_SM,SCA,B1GQ,AL,2008-Q3,9.7
Q,CLV_PCH_SM,SCA,B1GQ,AL,2008-Q4,4.3
Q,CLV_PCH_SM,SCA,B1GQ,AL,2009-Q1,5
Q,CLV_PCH_SM,SCA,B1GQ,AL,2009-Q2,4.8
Q,CLV_PCH_SM,SCA,B1GQ,AL,2009-Q3,0
Q,CLV_PCH_SM,SCA,B1GQ,AL,2009-Q4,0.5
Q,CLV_PCH_SM,SCA,B1GQ,AL,2010-Q1,1
Q,CLV_PCH_SM,SCA,B1GQ,AL,2010-Q2,1.9
Q,CLV_PCH_SM,SCA,B1GQ,AL,2010-Q3,3.3
Q,CLV_PCH_SM,SCA,B1GQ,AL,2010-Q4,2.9
Q,CLV_PCH_SM,SCA,B1GQ,AL,2011-Q1,6.7
Q,CLV_PCH_SM,SCA,B1GQ,AL,2011-Q2,-0.1
Q,CLV_PCH_SM,SCA,B1GQ,AL,2011-Q3,1.6
Q,CLV_PCH_SM,SCA,B1GQ,AL,2011-Q4,3.9
Q,CLV_PCH_SM,SCA,B1GQ,AL,2012-Q1,-1.7
Q,CLV_PCH_SM,SCA,B1GQ,AL,2012-Q2,3
Q,CLV_PCH_SM,SCA,B1GQ,AL,2012-Q3,1.9
Q,CLV_PCH_SM,SCA,B1GQ,AL,2012-Q4,0.3
Q,CLV_PCH_SM,SCA,B1GQ,AL,2013-Q1,1.8
Q,CLV_PCH_SM,SCA,B1GQ,AL,2013-Q2,3.4
Q,CLV_PCH_SM,SCA,B1GQ,AL,2013-Q3,-2.8
Q,CLV_PCH_SM,SCA,B1GQ,AL,2013-Q4,2.5
Q,CLV_PCH_SM,SCA,B1GQ,AL,2014-Q1,1.1
Q,CLV_PCH_SM,SCA,B1GQ,AL,2014-Q2,0.3
Q,CLV_PCH_SM,SCA,B1GQ,AL,2014-Q3,5.8
Q,CLV_PCH_SM,SCA,B1GQ,AL,2014-Q4,0.7
Q,CLV_PCH_SM,SCA,B1GQ,AL,2015-Q1,1.4
Q,CLV_PCH_SM,SCA,B1GQ,AL,2015-Q2,1.4
Q,CLV_PCH_SM,SCA,B1GQ,AL,2015-Q3,3.4
Q,CLV_PCH_SM,SCA,B1GQ,AL,2015-Q4,4
Q,CLV_PCH_SM,SCA,B1GQ,AL,2016-Q1,4.4
Q,CLV_PCH_SM,SCA,B1GQ,AL,2016-Q2,4.9
Q,CLV_PCH_SM,SCA,B1GQ,AL,2016-Q3,4.7
Q,CLV_PCH_SM,SCA,B1GQ,AL,2016-Q4,4.2
Q,CLV_PCH_SM,SCA,B1GQ,AL,2017-Q1,3.2
Q,CLV_PCH_SM,SCA,B1GQ,AL,2017-Q2,2.9
Q,CLV_PCH_SM,SCA,B1GQ,AL,2017-Q3,1.3
Q,CLV_PCH_SM,SCA,B1GQ,AL,2017-Q4,2.4
Q,CLV_PCH_SM,SCA,B1GQ,AL,2018-Q1,3.8
Q,CLV_PCH_SM,SCA,B1GQ,AL,2018-Q2,4.1
Q,CLV_PCH_SM,SCA,B1GQ,AL,2018-Q3,4.9
Q,CLV_PCH_SM,SCA,B1GQ,AL,2018-Q4,1.8
Q,CLV_PCH_SM,SCA,B1GQ,AL,2019-Q1,2.7
Q,CLV_PCH_SM,SCA,B1GQ,AL,2019-Q2,1.8
Q,CLV_PCH_SM,SCA,B1GQ,AL,2019-Q3,2.5
Q,CLV_PCH_SM,SCA,B1GQ,AL,2019-Q4,0.2
Q,CLV_PCH_SM,SCA,B1GQ,AL,2020-Q1,-2.7
Q,CLV_PCH_SM,SCA,B1GQ,AL,2020-Q2,-8.9
Q,CLV_PCH_SM,SCA,B1GQ,AL,2020-Q3,-1.9
Q,CLV_PCH_SM,SCA,B1GQ,AL,2020-Q4,3.7
Q,CLV_PCH_SM,SCA,B1GQ,AL,2021-Q1,6.4
Q,CLV_PCH_SM,SCA,B1GQ,AL,2021-Q2,16.5
Q,CLV_PCH_SM,SCA,B1GQ,AL,2021-Q3,6.4
Q,CLV_PCH_SM,SCA,B1GQ,AL,2021-Q4,6.2
Q,CLV_PCH_SM,SCA,B1GQ,AL,2022-Q1,5.8
Q,CLV_PCH_SM,SCA,B1GQ,AL,2022-Q2,3
Q,CLV_PCH_SM,SCA,B1GQ,AL,2022-Q3,5.1
Q,CLV_PCH_SM,SCA,B1GQ,AL,2022-Q4,4.2
Q,CLV_PCH_SM,SCA,B1GQ,AL,2023-Q1,3.4
Q,CLV_PCH_SM,SCA,B1GQ,AL,2023-Q2,4.8
Q,CLV_PCH_SM,SCA,B1GQ,AL,2023-Q3,4.1
Q,CLV_PCH_SM,SCA,B1GQ,AL,2023-Q4,3.7
Q,CLV_PCH_SM,SCA,B1GQ,AL,2024-Q1,4.1
Q,CLV_PCH_SM,SCA,B1GQ,AL,2024-Q2,4
Q,CLV_PCH_SM,SCA,B1GQ,AL,2024-Q3,4.2
Q,CLV_PCH_SM,SCA,B1GQ,AL,2024-Q4,3.8
Q,CLV_PCH_SM,SCA,B1GQ,AL,2025-Q1,3.8
Q,CLV_PCH_SM,SCA,B1GQ,AL,2025-Q2,3.6
Q,CLV_PCH_SM,SCA,B1GQ,AL,2025-Q3,3.3
Q,CLV_PCH_SM,SCA,B1GQ,AL,2025-Q4,4
Q,CLV_PCH_SM,SCA,B1GQ,AL,2026-Q1,3.7
Q,CLV_PCH_SM,SCA,B1GQ,AL,2026-Q2,
Q,CLV_PCH_SM,SCA,B1GQ,RS,1978-Q1,
Q,CLV_PCH_SM,SCA,B1GQ,RS,1978-Q2,
Q,CLV_PCH_SM,SCA,B1GQ,RS,1978-Q3,
Q,CLV_PCH_SM,SCA,B1GQ,RS,1978-Q4,
Q,CLV_PCH_SM,SCA,B1GQ,RS,1979-Q1,
Q,CLV_PCH_SM,SCA,B1GQ,RS,1979-Q2,
Q,CLV_PCH_SM,SCA,B1GQ,RS,1979-Q3,
Q,CLV_PCH_SM,SCA,B1GQ,RS,1979-Q4,
Q,CLV_PCH_SM,SCA,B1GQ,RS,1980-Q1,
Q,CLV_PCH_SM,SCA,B1GQ,RS,1980-Q2,
Q,CLV_PCH_SM,SCA,B1GQ,RS,1980-Q3,
Q,CLV_PCH_SM,SCA,B1GQ,RS,1980-Q4,
Q,CLV_PCH_SM,SCA,B1GQ,RS,1981-Q1,
Q,CLV_PCH_SM,SCA,B1GQ,RS,1981-Q2,
Q,CLV_PCH_SM,SCA,B1GQ,RS,1981-Q3,
Q,CLV_PCH_SM,SCA,B1GQ,RS,1981-Q4,
Q,CLV_PCH_SM,SCA,B1GQ,RS,1982-Q1,
Q,CLV_PCH_SM,SCA,B1GQ,RS,1982-Q2,
Q,CLV_PCH_SM,SCA,B1GQ,RS,1982-Q3,
Q,CLV_PCH_SM,SCA,B1GQ,RS,1982-Q4,
Q,CLV_PCH_SM,SCA,B1GQ,RS,1983-Q1,
Q,CLV_PCH_SM,SCA,B1GQ,RS,1983-Q2,
Q,CLV_PCH_SM,SCA,B1GQ,RS,1983-Q3,
Q,CLV_PCH_SM,SCA,B1GQ,RS,1983-Q4,
Q,CLV_PCH_SM,SCA,B1GQ,RS,1984-Q1,
Q,CLV_PCH_SM,SCA,B1GQ,RS,1984-Q2,
Q,CLV_PCH_SM,SCA,B1GQ,RS,1984-Q3,
Q,CLV_PCH_SM,SCA,B1GQ,RS,1984-Q4,
Q,CLV_PCH_SM,SCA,B1GQ,RS,1985-Q1,
Q,CLV_PCH_SM,SCA,B1GQ,RS,1985-Q2,
Q,CLV_PCH_SM,SCA,B1GQ,RS,1985-Q3,
Q,CLV_PCH_SM,SCA,B1GQ,RS,1985-Q4,
Q,CLV_PCH_SM,SCA,B1GQ,RS,1986-Q1,
Q,CLV_PCH_SM,SCA,B1GQ,RS,1986-Q2,
Q,CLV_PCH_SM,SCA,B1GQ,RS,1986-Q3,
Q,CLV_PCH_SM,SCA,B1GQ,RS,1986-Q4,
Q,CLV_PCH_SM,SCA,B1GQ,RS,1987-Q1,
Q,CLV_PCH_SM,SCA,B1GQ,RS,1987-Q2,
Q,CLV_PCH_SM,SCA,B1GQ,RS,1987-Q3,
Q,CLV_PCH_SM,SCA,B1GQ,RS,1987-Q4,
Q,CLV_PCH_SM,SCA,B1GQ,RS,1988-Q1,
Q,CLV_PCH_SM,SCA,B1GQ,RS,1988-Q2,
Q,CLV_PCH_SM,SCA,B1GQ,RS,1988-Q3,
Q,CLV_PCH_SM,SCA,B1GQ,RS,1988-Q4,
Q,CLV_PCH_SM,SCA,B1GQ,RS,1989-Q1,
Q,CLV_PCH_SM,SCA,B1GQ,RS,1989-Q2,
Q,CLV_PCH_SM,SCA,B1GQ,RS,1989-Q3,
Q,CLV_PCH_SM,SCA,B1GQ,RS,1989-Q4,
Q,CLV_PCH_SM,SCA,B1GQ,RS,1990-Q1,
Q,CLV_PCH_SM,SCA,B1GQ,RS,1990-Q2,
Q,CLV_PCH_SM,SCA,B1GQ,RS,1990-Q3,
Q,CLV_PCH_SM,SCA,B1GQ,RS,1990-Q4,
Q,CLV_PCH_SM,SCA,B1GQ,RS,1991-Q1,
Q,CLV_PCH_SM,SCA,B1GQ,RS,1991-Q2,
Q,CLV_PCH_SM,SCA,B1GQ,RS,1991-Q3,
Q,CLV_PCH_SM,SCA,B1GQ,RS,1991-Q4,
Q,CLV_PCH_SM,SCA,B1GQ,RS,1992-Q1,
Q,CLV_PCH_SM,SCA,B1GQ,RS,1992-Q2,
Q,CLV_PCH_SM,SCA,B1GQ,RS,1992-Q3,
Q,CLV_PCH_SM,SCA,B1GQ,RS,1992-Q4,
Q,CLV_PCH_SM,SCA,B1GQ,RS,1993-Q1,
Q,CLV_PCH_SM,SCA,B1GQ,RS,1993-Q2,
Q,CLV_PCH_SM,SCA,B1GQ,RS,1993-Q3,
Q,CLV_PCH_SM,SCA,B1GQ,RS,1993-Q4,
Q,CLV_PCH_SM,SCA,B1GQ,RS,1994-Q1,
Q,CLV_PCH_SM,SCA,B1GQ,RS,1994-Q2,
Q,CLV_PCH_SM,SCA,B1GQ,RS,1994-Q3,
Q,CLV_PCH_SM,SCA,B1GQ,RS,1994-Q4,
Q,CLV_PCH_SM,SCA,B1GQ,RS,1995-Q1,
Q,CLV_PCH_SM,SCA,B1GQ,RS,1995-Q2,
Q,CLV_PCH_SM,SCA,B1GQ,RS,1995-Q3,
Q,CLV_PCH_SM,SCA,B1GQ,RS,1995-Q4,
Q,CLV_PCH_SM,SCA,B1GQ,RS,1996-Q1,3.1
Q,CLV_PCH_SM,SCA,B1GQ,RS,1996-Q2,0.6
Q,CLV_PCH_SM,SCA,B1GQ,RS,1996-Q3,7.2
Q,CLV_PCH_SM,SCA,B1GQ,RS,1996-Q4,14.6
Q,CLV_PCH_SM,SCA,B1GQ,RS,1997-Q1,5.9
Q,CLV_PCH_SM,SCA,B1GQ,RS,1997-Q2,5
Q,CLV_PCH_SM,SCA,B1GQ,RS,1997-Q3,13
Q,CLV_PCH_SM,SCA,B1GQ,RS,1997-Q4,11.6
Q,CLV_PCH_SM,SCA,B1GQ,RS,1998-Q1,10.9
Q,CLV_PCH_SM,SCA,B1GQ,RS,1998-Q2,9
Q,CLV_PCH_SM,SCA,B1GQ,RS,1998-Q3,0.8
Q,CLV_PCH_SM,SCA,B1GQ,RS,1998-Q4,1.3
Q,CLV_PCH_SM,SCA,B1GQ,RS,1999-Q1,-2.6
Q,CLV_PCH_SM,SCA,B1GQ,RS,1999-Q2,-21.1
Q,CLV_PCH_SM,SCA,B1GQ,RS,1999-Q3,-9.3
Q,CLV_PCH_SM,SCA,B1GQ,RS,1999-Q4,-8.4
Q,CLV_PCH_SM,SCA,B1GQ,RS,2000-Q1,-0.5
Q,CLV_PCH_SM,SCA,B1GQ,RS,2000-Q2,24.3
Q,CLV_PCH_SM,SCA,B1GQ,RS,2000-Q3,7.4
Q,CLV_PCH_SM,SCA,B1GQ,RS,2000-Q4,-3.9
Q,CLV_PCH_SM,SCA,B1GQ,RS,2001-Q1,3.4
Q,CLV_PCH_SM,SCA,B1GQ,RS,2001-Q2,1.8
Q,CLV_PCH_SM,SCA,B1GQ,RS,2001-Q3,5.1
Q,CLV_PCH_SM,SCA,B1GQ,RS,2001-Q4,17.7
Q,CLV_PCH_SM,SCA,B1GQ,RS,2002-Q1,5.2
Q,CLV_PCH_SM,SCA,B1GQ,RS,2002-Q2,7.2
Q,CLV_PCH_SM,SCA,B1GQ,RS,2002-Q3,8.2
Q,CLV_PCH_SM,SCA,B1GQ,RS,2002-Q4,5.5
Q,CLV_PCH_SM,SCA,B1GQ,RS,2003-Q1,5.5
Q,CLV_PCH_SM,SCA,B1GQ,RS,2003-Q2,5.8
Q,CLV_PCH_SM,SCA,B1GQ,RS,2003-Q3,3.5
Q,CLV_PCH_SM,SCA,B1GQ,RS,2003-Q4,3.6
Q,CLV_PCH_SM,SCA,B1GQ,RS,2004-Q1,5.1
Q,CLV_PCH_SM,SCA,B1GQ,RS,2004-Q2,4.5
Q,CLV_PCH_SM,SCA,B1GQ,RS,2004-Q3,6
Q,CLV_PCH_SM,SCA,B1GQ,RS,2004-Q4,11.2
Q,CLV_PCH_SM,SCA,B1GQ,RS,2005-Q1,4.6
Q,CLV_PCH_SM,SCA,B1GQ,RS,2005-Q2,6.8
Q,CLV_PCH_SM,SCA,B1GQ,RS,2005-Q3,7.8
Q,CLV_PCH_SM,SCA,B1GQ,RS,2005-Q4,4.5
Q,CLV_PCH_SM,SCA,B1GQ,RS,2006-Q1,6.3
Q,CLV_PCH_SM,SCA,B1GQ,RS,2006-Q2,4.3
Q,CLV_PCH_SM,SCA,B1GQ,RS,2006-Q3,2.7
Q,CLV_PCH_SM,SCA,B1GQ,RS,2006-Q4,2.5
Q,CLV_PCH_SM,SCA,B1GQ,RS,2007-Q1,8.5
Q,CLV_PCH_SM,SCA,B1GQ,RS,2007-Q2,7.8
Q,CLV_PCH_SM,SCA,B1GQ,RS,2007-Q3,7.3
Q,CLV_PCH_SM,SCA,B1GQ,RS,2007-Q4,7.8
Q,CLV_PCH_SM,SCA,B1GQ,RS,2008-Q1,6.4
Q,CLV_PCH_SM,SCA,B1GQ,RS,2008-Q2,6.9
Q,CLV_PCH_SM,SCA,B1GQ,RS,2008-Q3,5.4
Q,CLV_PCH_SM,SCA,B1GQ,RS,2008-Q4,2.1
Q,CLV_PCH_SM,SCA,B1GQ,RS,2009-Q1,-3
Q,CLV_PCH_SM,SCA,B1GQ,RS,2009-Q2,-4.5
Q,CLV_PCH_SM,SCA,B1GQ,RS,2009-Q3,-2.9
Q,CLV_PCH_SM,SCA,B1GQ,RS,2009-Q4,-2.1
Q,CLV_PCH_SM,SCA,B1GQ,RS,2010-Q1,1.4
Q,CLV_PCH_SM,SCA,B1GQ,RS,2010-Q2,1.5
Q,CLV_PCH_SM,SCA,B1GQ,RS,2010-Q3,1.9
Q,CLV_PCH_SM,SCA,B1GQ,RS,2010-Q4,1.6
Q,CLV_PCH_SM,SCA,B1GQ,RS,2011-Q1,1.6
Q,CLV_PCH_SM,SCA,B1GQ,RS,2011-Q2,0.4
Q,CLV_PCH_SM,SCA,B1GQ,RS,2011-Q3,-0.9
Q,CLV_PCH_SM,SCA,B1GQ,RS,2011-Q4,-0.8
Q,CLV_PCH_SM,SCA,B1GQ,RS,2012-Q1,-2.2
Q,CLV_PCH_SM,SCA,B1GQ,RS,2012-Q2,0.6
Q,CLV_PCH_SM,SCA,B1GQ,RS,2012-Q3,-0.4
Q,CLV_PCH_SM,SCA,B1GQ,RS,2012-Q4,0.3
Q,CLV_PCH_SM,SCA,B1GQ,RS,2013-Q1,0.1
Q,CLV_PCH_SM,SCA,B1GQ,RS,2013-Q2,-1.1
Q,CLV_PCH_SM,SCA,B1GQ,RS,2013-Q3,2.2
Q,CLV_PCH_SM,SCA,B1GQ,RS,2013-Q4,0.5
Q,CLV_PCH_SM,SCA,B1GQ,RS,2014-Q1,0.4
Q,CLV_PCH_SM,SCA,B1GQ,RS,2014-Q2,-1
Q,CLV_PCH_SM,SCA,B1GQ,RS,2014-Q3,-4.6
Q,CLV_PCH_SM,SCA,B1GQ,RS,2014-Q4,-2
Q,CLV_PCH_SM,SCA,B1GQ,RS,2015-Q1,-0.1
Q,CLV_PCH_SM,SCA,B1GQ,RS,2015-Q2,1.1
Q,CLV_PCH_SM,SCA,B1GQ,RS,2015-Q3,2.4
Q,CLV_PCH_SM,SCA,B1GQ,RS,2015-Q4,1.9
Q,CLV_PCH_SM,SCA,B1GQ,RS,2016-Q1,2.2
Q,CLV_PCH_SM,SCA,B1GQ,RS,2016-Q2,2.9
Q,CLV_PCH_SM,SCA,B1GQ,RS,2016-Q3,3.8
Q,CLV_PCH_SM,SCA,B1GQ,RS,2016-Q4,2.9
Q,CLV_PCH_SM,SCA,B1GQ,RS,2017-Q1,2.2
Q,CLV_PCH_SM,SCA,B1GQ,RS,2017-Q2,2
Q,CLV_PCH_SM,SCA,B1GQ,RS,2017-Q3,2.3
Q,CLV_PCH_SM,SCA,B1GQ,RS,2017-Q4,2.8
Q,CLV_PCH_SM,SCA,B1GQ,RS,2018-Q1,4.8
Q,CLV_PCH_SM,SCA,B1GQ,RS,2018-Q2,5.5
Q,CLV_PCH_SM,SCA,B1GQ,RS,2018-Q3,4.5
Q,CLV_PCH_SM,SCA,B1GQ,RS,2018-Q4,3.8
Q,CLV_PCH_SM,SCA,B1GQ,RS,2019-Q1,2.9
Q,CLV_PCH_SM,SCA,B1GQ,RS,2019-Q2,3.3
Q,CLV_PCH_SM,SCA,B1GQ,RS,2019-Q3,5.6
Q,CLV_PCH_SM,SCA,B1GQ,RS,2019-Q4,7.2
Q,CLV_PCH_SM,SCA,B1GQ,RS,2020-Q1,5.6
Q,CLV_PCH_SM,SCA,B1GQ,RS,2020-Q2,-7
Q,CLV_PCH_SM,SCA,B1GQ,RS,2020-Q3,-1.3
Q,CLV_PCH_SM,SCA,B1GQ,RS,2020-Q4,-1
Q,CLV_PCH_SM,SCA,B1GQ,RS,2021-Q1,1.7
Q,CLV_PCH_SM,SCA,B1GQ,RS,2021-Q2,14.7
Q,CLV_PCH_SM,SCA,B1GQ,RS,2021-Q3,8.4
Q,CLV_PCH_SM,SCA,B1GQ,RS,2021-Q4,7.8
Q,CLV_PCH_SM,SCA,B1GQ,RS,2022-Q1,4.8
Q,CLV_PCH_SM,SCA,B1GQ,RS,2022-Q2,4.3
Q,CLV_PCH_SM,SCA,B1GQ,RS,2022-Q3,1.1
Q,CLV_PCH_SM,SCA,B1GQ,RS,2022-Q4,0.8
Q,CLV_PCH_SM,SCA,B1GQ,RS,2023-Q1,2.3
Q,CLV_PCH_SM,SCA,B1GQ,RS,2023-Q2,2.8
Q,CLV_PCH_SM,SCA,B1GQ,RS,2023-Q3,4.9
Q,CLV_PCH_SM,SCA,B1GQ,RS,2023-Q4,5.1
Q,CLV_PCH_SM,SCA,B1GQ,RS,2024-Q1,4.4
Q,CLV_PCH_SM,SCA,B1GQ,RS,2024-Q2,4.4
Q,CLV_PCH_SM,SCA,B1GQ,RS,2024-Q3,3.6
Q,CLV_PCH_SM,SCA,B1GQ,RS,2024-Q4,3.4
Q,CLV_PCH_SM,SCA,B1GQ,RS,2025-Q1,1.9
Q,CLV_PCH_SM,SCA,B1GQ,RS,2025-Q2,2
Q,CLV_PCH_SM,SCA,B1GQ,RS,2025-Q3,2.1
Q,CLV_PCH_SM,SCA,B1GQ,RS,2025-Q4,2.2
Q,CLV_PCH_SM,SCA,B1GQ,RS,2026-Q1,3.2
Q,CLV_PCH_SM,SCA,B1GQ,RS,2026-Q2,3.8
Q,CLV_PCH_SM,SCA,B1GQ,TR,1978-Q1,
Q,CLV_PCH_SM,SCA,B1GQ,TR,1978-Q2,
Q,CLV_PCH_SM,SCA,B1GQ,TR,1978-Q3,
Q,CLV_PCH_SM,SCA,B1GQ,TR,1978-Q4,
Q,CLV_PCH_SM,SCA,B1GQ,TR,1979-Q1,
Q,CLV_PCH_SM,SCA,B1GQ,TR,1979-Q2,
Q,CLV_PCH_SM,SCA,B1GQ,TR,1979-Q3,
Q,CLV_PCH_SM,SCA,B1GQ,TR,1979-Q4,
Q,CLV_PCH_SM,SCA,B1GQ,TR,1980-Q1,
Q,CLV_PCH_SM,SCA,B1GQ,TR,1980-Q2,
Q,CLV_PCH_SM,SCA,B1GQ,TR,1980-Q3,
Q,CLV_PCH_SM,SCA,B1GQ,TR,1980-Q4,
Q,CLV_PCH_SM,SCA,B1GQ,TR,1981-Q1,
Q,CLV_PCH_SM,SCA,B1GQ,TR,1981-Q2,
Q,CLV_PCH_SM,SCA,B1GQ,TR,1981-Q3,
Q,CLV_PCH_SM,SCA,B1GQ,TR,1981-Q4,
Q,CLV_PCH_SM,SCA,B1GQ,TR,1982-Q1,
Q,CLV_PCH_SM,SCA,B1GQ,TR,1982-Q2,
Q,CLV_PCH_SM,SCA,B1GQ,TR,1982-Q3,
Q,CLV_PCH_SM,SCA,B1GQ,TR,1982-Q4,
Q,CLV_PCH_SM,SCA,B1GQ,TR,1983-Q1,
Q,CLV_PCH_SM,SCA,B1GQ,TR,1983-Q2,
Q,CLV_PCH_SM,SCA,B1GQ,TR,1983-Q3,
Q,CLV_PCH_SM,SCA,B1GQ,TR,1983-Q4,
Q,CLV_PCH_SM,SCA,B1GQ,TR,1984-Q1,
Q,CLV_PCH_SM,SCA,B1GQ,TR,1984-Q2,
Q,CLV_PCH_SM,SCA,B1GQ,TR,1984-Q3,
Q,CLV_PCH_SM,SCA,B1GQ,TR,1984-Q4,
Q,CLV_PCH_SM,SCA,B1GQ,TR,1985-Q1,
Q,CLV_PCH_SM,SCA,B1GQ,TR,1985-Q2,
Q,CLV_PCH_SM,SCA,B1GQ,TR,1985-Q3,
Q,CLV_PCH_SM,SCA,B1GQ,TR,1985-Q4,
Q,CLV_PCH_SM,SCA,B1GQ,TR,1986-Q1,
Q,CLV_PCH_SM,SCA,B1GQ,TR,1986-Q2,
Q,CLV_PCH_SM,SCA,B1GQ,TR,1986-Q3,
Q,CLV_PCH_SM,SCA,B1GQ,TR,1986-Q4,
Q,CLV_PCH_SM,SCA,B1GQ,TR,1987-Q1,
Q,CLV_PCH_SM,SCA,B1GQ,TR,1987-Q2,
Q,CLV_PCH_SM,SCA,B1GQ,TR,1987-Q3,
Q,CLV_PCH_SM,SCA,B1GQ,TR,1987-Q4,
Q,CLV_PCH_SM,SCA,B1GQ,TR,1988-Q1,
Q,CLV_PCH_SM,SCA,B1GQ,TR,1988-Q2,
Q,CLV_PCH_SM,SCA,B1GQ,TR,1988-Q3,
Q,CLV_PCH_SM,SCA,B1GQ,TR,1988-Q4,
Q,CLV_PCH_SM,SCA,B1GQ,TR,1989-Q1,
Q,CLV_PCH_SM,SCA,B1GQ,TR,1989-Q2,
Q,CLV_PCH_SM,SCA,B1GQ,TR,1989-Q3,
Q,CLV_PCH_SM,SCA,B1GQ,TR,1989-Q4,
Q,CLV_PCH_SM,SCA,B1GQ,TR,1990-Q1,
Q,CLV_PCH_SM,SCA,B1GQ,TR,1990-Q2,
Q,CLV_PCH_SM,SCA,B1GQ,TR,1990-Q3,
Q,CLV_PCH_SM,SCA,B1GQ,TR,1990-Q4,
Q,CLV_PCH_SM,SCA,B1GQ,TR,1991-Q1,
Q,CLV_PCH_SM,SCA,B1GQ,TR,1991-Q2,
Q,CLV_PCH_SM,SCA,B1GQ,TR,1991-Q3,
Q,CLV_PCH_SM,SCA,B1GQ,TR,1991-Q4,
Q,CLV_PCH_SM,SCA,B1GQ,TR,1992-Q1,
Q,CLV_PCH_SM,SCA,B1GQ,TR,1992-Q2,
Q,CLV_PCH_SM,SCA,B1GQ,TR,1992-Q3,
Q,CLV_PCH_SM,SCA,B1GQ,TR,1992-Q4,
Q,CLV_PCH_SM,SCA,B1GQ,TR,1993-Q1,
Q,CLV_PCH_SM,SCA,B1GQ,TR,1993-Q2,
Q,CLV_PCH_SM,SCA,B1GQ,TR,1993-Q3,
Q,CLV_PCH_SM,SCA,B1GQ,TR,1993-Q4,
Q,CLV_PCH_SM,SCA,B1GQ,TR,1994-Q1,
Q,CLV_PCH_SM,SCA,B1GQ,TR,1994-Q2,
Q,CLV_PCH_SM,SCA,B1GQ,TR,1994-Q3,
Q,CLV_PCH_SM,SCA,B1GQ,TR,1994-Q4,
Q,CLV_PCH_SM,SCA,B1GQ,TR,1995-Q1,
Q,CLV_PCH_SM,SCA,B1GQ,TR,1995-Q2,
Q,CLV_PCH_SM,SCA,B1GQ,TR,1995-Q3,
Q,CLV_PCH_SM,SCA,B1GQ,TR,1995-Q4,
Q,CLV_PCH_SM,SCA,B1GQ,TR,1996-Q1,8.2
Q,CLV_PCH_SM,SCA,B1GQ,TR,1996-Q2,7.8
Q,CLV_PCH_SM,SCA,B1GQ,TR,1996-Q3,6.3
Q,CLV_PCH_SM,SCA,B1GQ,TR,1996-Q4,7
Q,CLV_PCH_SM,SCA,B1GQ,TR,1997-Q1,5.8
Q,CLV_PCH_SM,SCA,B1GQ,TR,1997-Q2,7.7
Q,CLV_PCH_SM,SCA,B1GQ,TR,1997-Q3,7.4
Q,CLV_PCH_SM,SCA,B1GQ,TR,1997-Q4,8.1
Q,CLV_PCH_SM,SCA,B1GQ,TR,1998-Q1,8
Q,CLV_PCH_SM,SCA,B1GQ,TR,1998-Q2,2.9
Q,CLV_PCH_SM,SCA,B1GQ,TR,1998-Q3,1.8
Q,CLV_PCH_SM,SCA,B1GQ,TR,1998-Q4,-3.6
Q,CLV_PCH_SM,SCA,B1GQ,TR,1999-Q1,-5
Q,CLV_PCH_SM,SCA,B1GQ,TR,1999-Q2,-4.1
Q,CLV_PCH_SM,SCA,B1GQ,TR,1999-Q3,-3.7
Q,CLV_PCH_SM,SCA,B1GQ,TR,1999-Q4,0.8
Q,CLV_PCH_SM,SCA,B1GQ,TR,2000-Q1,3.3
Q,CLV_PCH_SM,SCA,B1GQ,TR,2000-Q2,7
Q,CLV_PCH_SM,SCA,B1GQ,TR,2000-Q3,8.7
Q,CLV_PCH_SM,SCA,B1GQ,TR,2000-Q4,8.6
Q,CLV_PCH_SM,SCA,B1GQ,TR,2001-Q1,3
Q,CLV_PCH_SM,SCA,B1GQ,TR,2001-Q2,-6.7
Q,CLV_PCH_SM,SCA,B1GQ,TR,2001-Q3,-7.5
Q,CLV_PCH_SM,SCA,B1GQ,TR,2001-Q4,-10.4
Q,CLV_PCH_SM,SCA,B1GQ,TR,2002-Q1,-2.1
Q,CLV_PCH_SM,SCA,B1GQ,TR,2002-Q2,7.8
Q,CLV_PCH_SM,SCA,B1GQ,TR,2002-Q3,8.2
Q,CLV_PCH_SM,SCA,B1GQ,TR,2002-Q4,12.1
Q,CLV_PCH_SM,SCA,B1GQ,TR,2003-Q1,6.8
Q,CLV_PCH_SM,SCA,B1GQ,TR,2003-Q2,4.1
Q,CLV_PCH_SM,SCA,B1GQ,TR,2003-Q3,6.3
Q,CLV_PCH_SM,SCA,B1GQ,TR,2003-Q4,7
Q,CLV_PCH_SM,SCA,B1GQ,TR,2004-Q1,8.5
Q,CLV_PCH_SM,SCA,B1GQ,TR,2004-Q2,12
Q,CLV_PCH_SM,SCA,B1GQ,TR,2004-Q3,9.6
Q,CLV_PCH_SM,SCA,B1GQ,TR,2004-Q4,8.6
Q,CLV_PCH_SM,SCA,B1GQ,TR,2005-Q1,9.4
Q,CLV_PCH_SM,SCA,B1GQ,TR,2005-Q2,7
Q,CLV_PCH_SM,SCA,B1GQ,TR,2005-Q3,9.2
Q,CLV_PCH_SM,SCA,B1GQ,TR,2005-Q4,10.5
Q,CLV_PCH_SM,SCA,B1GQ,TR,2006-Q1,7
Q,CLV_PCH_SM,SCA,B1GQ,TR,2006-Q2,10.4
Q,CLV_PCH_SM,SCA,B1GQ,TR,2006-Q3,6.2
Q,CLV_PCH_SM,SCA,B1GQ,TR,2006-Q4,5.5
Q,CLV_PCH_SM,SCA,B1GQ,TR,2007-Q1,7
Q,CLV_PCH_SM,SCA,B1GQ,TR,2007-Q2,2.6
Q,CLV_PCH_SM,SCA,B1GQ,TR,2007-Q3,4.4
Q,CLV_PCH_SM,SCA,B1GQ,TR,2007-Q4,6.5
Q,CLV_PCH_SM,SCA,B1GQ,TR,2008-Q1,6.5
Q,CLV_PCH_SM,SCA,B1GQ,TR,2008-Q2,2.9
Q,CLV_PCH_SM,SCA,B1GQ,TR,2008-Q3,0.4
Q,CLV_PCH_SM,SCA,B1GQ,TR,2008-Q4,-5.4
Q,CLV_PCH_SM,SCA,B1GQ,TR,2009-Q1,-12.9
Q,CLV_PCH_SM,SCA,B1GQ,TR,2009-Q2,-5.5
Q,CLV_PCH_SM,SCA,B1GQ,TR,2009-Q3,-2.2
Q,CLV_PCH_SM,SCA,B1GQ,TR,2009-Q4,1
Q,CLV_PCH_SM,SCA,B1GQ,TR,2010-Q1,8.9
Q,CLV_PCH_SM,SCA,B1GQ,TR,2010-Q2,7.5
Q,CLV_PCH_SM,SCA,B1GQ,TR,2010-Q3,8.3
Q,CLV_PCH_SM,SCA,B1GQ,TR,2010-Q4,9.9
Q,CLV_PCH_SM,SCA,B1GQ,TR,2011-Q1,12.3
Q,CLV_PCH_SM,SCA,B1GQ,TR,2011-Q2,10.9
Q,CLV_PCH_SM,SCA,B1GQ,TR,2011-Q3,10.8
Q,CLV_PCH_SM,SCA,B1GQ,TR,2011-Q4,9.3
Q,CLV_PCH_SM,SCA,B1GQ,TR,2012-Q1,5.9
Q,CLV_PCH_SM,SCA,B1GQ,TR,2012-Q2,5.1
Q,CLV_PCH_SM,SCA,B1GQ,TR,2012-Q3,4.1
Q,CLV_PCH_SM,SCA,B1GQ,TR,2012-Q4,4.2
Q,CLV_PCH_SM,SCA,B1GQ,TR,2013-Q1,8
Q,CLV_PCH_SM,SCA,B1GQ,TR,2013-Q2,9.9
Q,CLV_PCH_SM,SCA,B1GQ,TR,2013-Q3,9.2
Q,CLV_PCH_SM,SCA,B1GQ,TR,2013-Q4,7.7
Q,CLV_PCH_SM,SCA,B1GQ,TR,2014-Q1,7
Q,CLV_PCH_SM,SCA,B1GQ,TR,2014-Q2,3.1
Q,CLV_PCH_SM,SCA,B1GQ,TR,2014-Q3,3.8
Q,CLV_PCH_SM,SCA,B1GQ,TR,2014-Q4,4.4
Q,CLV_PCH_SM,SCA,B1GQ,TR,2015-Q1,3.6
Q,CLV_PCH_SM,SCA,B1GQ,TR,2015-Q2,6.8
Q,CLV_PCH_SM,SCA,B1GQ,TR,2015-Q3,5.9
Q,CLV_PCH_SM,SCA,B1GQ,TR,2015-Q4,6.7
Q,CLV_PCH_SM,SCA,B1GQ,TR,2016-Q1,4.7
Q,CLV_PCH_SM,SCA,B1GQ,TR,2016-Q2,3.9
Q,CLV_PCH_SM,SCA,B1GQ,TR,2016-Q3,0.2
Q,CLV_PCH_SM,SCA,B1GQ,TR,2016-Q4,4.2
Q,CLV_PCH_SM,SCA,B1GQ,TR,2017-Q1,5.3
Q,CLV_PCH_SM,SCA,B1GQ,TR,2017-Q2,6.2
Q,CLV_PCH_SM,SCA,B1GQ,TR,2017-Q3,12
Q,CLV_PCH_SM,SCA,B1GQ,TR,2017-Q4,7.6
Q,CLV_PCH_SM,SCA,B1GQ,TR,2018-Q1,8.3
Q,CLV_PCH_SM,SCA,B1GQ,TR,2018-Q2,6
Q,CLV_PCH_SM,SCA,B1GQ,TR,2018-Q3,2.6
Q,CLV_PCH_SM,SCA,B1GQ,TR,2018-Q4,-2.1
Q,CLV_PCH_SM,SCA,B1GQ,TR,2019-Q1,-1.6
Q,CLV_PCH_SM,SCA,B1GQ,TR,2019-Q2,0.4
Q,CLV_PCH_SM,SCA,B1GQ,TR,2019-Q3,1.1
Q,CLV_PCH_SM,SCA,B1GQ,TR,2019-Q4,5.9
Q,CLV_PCH_SM,SCA,B1GQ,TR,2020-Q1,4.2
Q,CLV_PCH_SM,SCA,B1GQ,TR,2020-Q2,-8.6
Q,CLV_PCH_SM,SCA,B1GQ,TR,2020-Q3,5.7
Q,CLV_PCH_SM,SCA,B1GQ,TR,2020-Q4,5.4
Q,CLV_PCH_SM,SCA,B1GQ,TR,2021-Q1,7.8
Q,CLV_PCH_SM,SCA,B1GQ,TR,2021-Q2,22.2
Q,CLV_PCH_SM,SCA,B1GQ,TR,2021-Q3,9.4
Q,CLV_PCH_SM,SCA,B1GQ,TR,2021-Q4,10
Q,CLV_PCH_SM,SCA,B1GQ,TR,2022-Q1,6.8
Q,CLV_PCH_SM,SCA,B1GQ,TR,2022-Q2,6.9
Q,CLV_PCH_SM,SCA,B1GQ,TR,2022-Q3,4.2
Q,CLV_PCH_SM,SCA,B1GQ,TR,2022-Q4,3.3
Q,CLV_PCH_SM,SCA,B1GQ,TR,2023-Q1,2.8
Q,CLV_PCH_SM,SCA,B1GQ,TR,2023-Q2,5.9
Q,CLV_PCH_SM,SCA,B1GQ,TR,2023-Q3,5.8
Q,CLV_PCH_SM,SCA,B1GQ,TR,2023-Q4,5.4
Q,CLV_PCH_SM,SCA,B1GQ,TR,2024-Q1,7.4
Q,CLV_PCH_SM,SCA,B1GQ,TR,2024-Q2,2.3
Q,CLV_PCH_SM,SCA,B1GQ,TR,2024-Q3,2.1
Q,CLV_PCH_SM,SCA,B1GQ,TR,2024-Q4,3
Q,CLV_PCH_SM,SCA,B1GQ,TR,2025-Q1,2.9
Q,CLV_PCH_SM,SCA,B1GQ,TR,2025-Q2,4.3
Q,CLV_PCH_SM,SCA,B1GQ,TR,2025-Q3,4.6
Q,CLV_PCH_SM,SCA,B1GQ,TR,2025-Q4,3.2
Q,CLV_PCH_SM,SCA,B1GQ,TR,2026-Q1,2.6
Q,CLV_PCH_SM,SCA,B1GQ,TR,2026-Q2,2.6
Q,CLV_PCH_SM,SCA,B1GQ,XK,1978-Q1,
Q,CLV_PCH_SM,SCA,B1GQ,XK,1978-Q2,
Q,CLV_PCH_SM,SCA,B1GQ,XK,1978-Q3,
Q,CLV_PCH_SM,SCA,B1GQ,XK,1978-Q4,
Q,CLV_PCH_SM,SCA,B1GQ,XK,1979-Q1,
Q,CLV_PCH_SM,SCA,B1GQ,XK,1979-Q2,
Q,CLV_PCH_SM,SCA,B1GQ,XK,1979-Q3,
Q,CLV_PCH_SM,SCA,B1GQ,XK,1979-Q4,
Q,CLV_PCH_SM,SCA,B1GQ,XK,1980-Q1,
Q,CLV_PCH_SM,SCA,B1GQ,XK,1980-Q2,
Q,CLV_PCH_SM,SCA,B1GQ,XK,1980-Q3,
Q,CLV_PCH_SM,SCA,B1GQ,XK,1980-Q4,
Q,CLV_PCH_SM,SCA,B1GQ,XK,1981-Q1,
Q,CLV_PCH_SM,SCA,B1GQ,XK,1981-Q2,
Q,CLV_PCH_SM,SCA,B1GQ,XK,1981-Q3,
Q,CLV_PCH_SM,SCA,B1GQ,XK,1981-Q4,
Q,CLV_PCH_SM,SCA,B1GQ,XK,1982-Q1,
Q,CLV_PCH_SM,SCA,B1GQ,XK,1982-Q2,
Q,CLV_PCH_SM,SCA,B1GQ,XK,1982-Q3,
Q,CLV_PCH_SM,SCA,B1GQ,XK,1982-Q4,
Q,CLV_PCH_SM,SCA,B1GQ,XK,1983-Q1,
Q,CLV_PCH_SM,SCA,B1GQ,XK,1983-Q2,
Q,CLV_PCH_SM,SCA,B1GQ,XK,1983-Q3,
Q,CLV_PCH_SM,SCA,B1GQ,XK,1983-Q4,
Q,CLV_PCH_SM,SCA,B1GQ,XK,1984-Q1,
Q,CLV_PCH_SM,SCA,B1GQ,XK,1984-Q2,
Q,CLV_PCH_SM,SCA,B1GQ,XK,1984-Q3,
Q,CLV_PCH_SM,SCA,B1GQ,XK,1984-Q4,
Q,CLV_PCH_SM,SCA,B1GQ,XK,1985-Q1,
Q,CLV_PCH_SM,SCA,B1GQ,XK,1985-Q2,
Q,CLV_PCH_SM,SCA,B1GQ,XK,1985-Q3,
Q,CLV_PCH_SM,SCA,B1GQ,XK,1985-Q4,
Q,CLV_PCH_SM,SCA,B1GQ,XK,1986-Q1,
Q,CLV_PCH_SM,SCA,B1GQ,XK,1986-Q2,
Q,CLV_PCH_SM,SCA,B1GQ,XK,1986-Q3,
Q,CLV_PCH_SM,SCA,B1GQ,XK,1986-Q4,
Q,CLV_PCH_SM,SCA,B1GQ,XK,1987-Q1,
Q,CLV_PCH_SM,SCA,B1GQ,XK,1987-Q2,
Q,CLV_PCH_SM,SCA,B1GQ,XK,1987-Q3,
Q,CLV_PCH_SM,SCA,B1GQ,XK,1987-Q4,
Q,CLV_PCH_SM,SCA,B1GQ,XK,1988-Q1,
Q,CLV_PCH_SM,SCA,B1GQ,XK,1988-Q2,
Q,CLV_PCH_SM,SCA,B1GQ,XK,1988-Q3,
Q,CLV_PCH_SM,SCA,B1GQ,XK,1988-Q4,
Q,CLV_PCH_SM,SCA,B1GQ,XK,1989-Q1,
Q,CLV_PCH_SM,SCA,B1GQ,XK,1989-Q2,
Q,CLV_PCH_SM,SCA,B1GQ,XK,1989-Q3,
Q,CLV_PCH_SM,SCA,B1GQ,XK,1989-Q4,
Q,CLV_PCH_SM,SCA,B1GQ,XK,1990-Q1,
Q,CLV_PCH_SM,SCA,B1GQ,XK,1990-Q2,
Q,CLV_PCH_SM,SCA,B1GQ,XK,1990-Q3,
Q,CLV_PCH_SM,SCA,B1GQ,XK,1990-Q4,
Q,CLV_PCH_SM,SCA,B1GQ,XK,1991-Q1,
Q,CLV_PCH_SM,SCA,B1GQ,XK,1991-Q2,
Q,CLV_PCH_SM,SCA,B1GQ,XK,1991-Q3,
Q,CLV_PCH_SM,SCA,B1GQ,XK,1991-Q4,
Q,CLV_PCH_SM,SCA,B1GQ,XK,1992-Q1,
Q,CLV_PCH_SM,SCA,B1GQ,XK,1992-Q2,
Q,CLV_PCH_SM,SCA,B1GQ,XK,1992-Q3,
Q,CLV_PCH_SM,SCA,B1GQ,XK,1992-Q4,
Q,CLV_PCH_SM,SCA,B1GQ,XK,1993-Q1,
Q,CLV_PCH_SM,SCA,B1GQ,XK,1993-Q2,
Q,CLV_PCH_SM,SCA,B1GQ,XK,1993-Q3,
Q,CLV_PCH_SM,SCA,B1GQ,XK,1993-Q4,
Q,CLV_PCH_SM,SCA,B1GQ,XK,1994-Q1,
Q,CLV_PCH_SM,SCA,B1GQ,XK,1994-Q2,
Q,CLV_PCH_SM,SCA,B1GQ,XK,1994-Q3,
Q,CLV_PCH_SM,SCA,B1GQ,XK,1994-Q4,
Q,CLV_PCH_SM,SCA,B1GQ,XK,1995-Q1,
Q,CLV_PCH_SM,SCA,B1GQ,XK,1995-Q2,
Q,CLV_PCH_SM,SCA,B1GQ,XK,1995-Q3,
Q,CLV_PCH_SM,SCA,B1GQ,XK,1995-Q4,
Q,CLV_PCH_SM,SCA,B1GQ,XK,1996-Q1,
Q,CLV_PCH_SM,SCA,B1GQ,XK,1996-Q2,
Q,CLV_PCH_SM,SCA,B1GQ,XK,1996-Q3,
Q,CLV_PCH_SM,SCA,B1GQ,XK,1996-Q4,
Q,CLV_PCH_SM,SCA,B1GQ,XK,1997-Q1,
Q,CLV_PCH_SM,SCA,B1GQ,XK,1997-Q2,
Q,CLV_PCH_SM,SCA,B1GQ,XK,1997-Q3,
Q,CLV_PCH_SM,SCA,B1GQ,XK,1997-Q4,
Q,CLV_PCH_SM,SCA,B1GQ,XK,1998-Q1,
Q,CLV_PCH_SM,SCA,B1GQ,XK,1998-Q2,
Q,CLV_PCH_SM,SCA,B1GQ,XK,1998-Q3,
Q,CLV_PCH_SM,SCA,B1GQ,XK,1998-Q4,
Q,CLV_PCH_SM,SCA,B1GQ,XK,1999-Q1,
Q,CLV_PCH_SM,SCA,B1GQ,XK,1999-Q2,
Q,CLV_PCH_SM,SCA,B1GQ,XK,1999-Q3,
Q,CLV_PCH_SM,SCA,B1GQ,XK,1999-Q4,
Q,CLV_PCH_SM,SCA,B1GQ,XK,2000-Q1,
Q,CLV_PCH_SM,SCA,B1GQ,XK,2000-Q2,
Q,CLV_PCH_SM,SCA,B1GQ,XK,2000-Q3,
Q,CLV_PCH_SM,SCA,B1GQ,XK,2000-Q4,
Q,CLV_PCH_SM,SCA,B1GQ,XK,2001-Q1,
Q,CLV_PCH_SM,SCA,B1GQ,XK,2001-Q2,
Q,CLV_PCH_SM,SCA,B1GQ,XK,2001-Q3,
Q,CLV_PCH_SM,SCA,B1GQ,XK,2001-Q4,
Q,CLV_PCH_SM,SCA,B1GQ,XK,2002-Q1,
Q,CLV_PCH_SM,SCA,B1GQ,XK,2002-Q2,
Q,CLV_PCH_SM,SCA,B1GQ,XK,2002-Q3,
Q,CLV_PCH_SM,SCA,B1GQ,XK,2002-Q4,
Q,CLV_PCH_SM,SCA,B1GQ,XK,2003-Q1,
Q,CLV_PCH_SM,SCA,B1GQ,XK,2003-Q2,
Q,CLV_PCH_SM,SCA,B1GQ,XK,2003-Q3,
Q,CLV_PCH_SM,SCA,B1GQ,XK,2003-Q4,
Q,CLV_PCH_SM,SCA,B1GQ,XK,2004-Q1,
Q,CLV_PCH_SM,SCA,B1GQ,XK,2004-Q2,
Q,CLV_PCH_SM,SCA,B1GQ,XK,2004-Q3,
Q,CLV_PCH_SM,SCA,B1GQ,XK,2004-Q4,
Q,CLV_PCH_SM,SCA,B1GQ,XK,2005-Q1,
Q,CLV_PCH_SM,SCA,B1GQ,XK,2005-Q2,
Q,CLV_PCH_SM,SCA,B1GQ,XK,2005-Q3,
Q,CLV_PCH_SM,SCA,B1GQ,XK,2005-Q4,
Q,CLV_PCH_SM,SCA,B1GQ,XK,2006-Q1,
Q,CLV_PCH_SM,SCA,B1GQ,XK,2006-Q2,
Q,CLV_PCH_SM,SCA,B1GQ,XK,2006-Q3,
Q,CLV_PCH_SM,SCA,B1GQ,XK,2006-Q4,
Q,CLV_PCH_SM,SCA,B1GQ,XK,2007-Q1,
Q,CLV_PCH_SM,SCA,B1GQ,XK,2007-Q2,
Q,CLV_PCH_SM,SCA,B1GQ,XK,2007-Q3,
Q,CLV_PCH_SM,SCA,B1GQ,XK,2007-Q4,
Q,CLV_PCH_SM,SCA,B1GQ,XK,2008-Q1,
Q,CLV_PCH_SM,SCA,B1GQ,XK,2008-Q2,
Q,CLV_PCH_SM,SCA,B1GQ,XK,2008-Q3,
Q,CLV_PCH_SM,SCA,B1GQ,XK,2008-Q4,
Q,CLV_PCH_SM,SCA,B1GQ,XK,2009-Q1,
Q,CLV_PCH_SM,SCA,B1GQ,XK,2009-Q2,
Q,CLV_PCH_SM,SCA,B1GQ,XK,2009-Q3,
Q,CLV_PCH_SM,SCA,B1GQ,XK,2009-Q4,
Q,CLV_PCH_SM,SCA,B1GQ,XK,2010-Q1,
Q,CLV_PCH_SM,SCA,B1GQ,XK,2010-Q2,
Q,CLV_PCH_SM,SCA,B1GQ,XK,2010-Q3,
Q,CLV_PCH_SM,SCA,B1GQ,XK,2010-Q4,
Q,CLV_PCH_SM,SCA,B1GQ,XK,2011-Q1,
Q,CLV_PCH_SM,SCA,B1GQ,XK,2011-Q2,
Q,CLV_PCH_SM,SCA,B1GQ,XK,2011-Q3,
Q,CLV_PCH_SM,SCA,B1GQ,XK,2011-Q4,
Q,CLV_PCH_SM,SCA,B1GQ,XK,2012-Q1,
Q,CLV_PCH_SM,SCA,B1GQ,XK,2012-Q2,
Q,CLV_PCH_SM,SCA,B1GQ,XK,2012-Q3,
Q,CLV_PCH_SM,SCA,B1GQ,XK,2012-Q4,
Q,CLV_PCH_SM,SCA,B1GQ,XK,2013-Q1,
Q,CLV_PCH_SM,SCA,B1GQ,XK,2013-Q2,
Q,CLV_PCH_SM,SCA,B1GQ,XK,2013-Q3,
Q,CLV_PCH_SM,SCA,B1GQ,XK,2013-Q4,
Q,CLV_PCH_SM,SCA,B1GQ,XK,2014-Q1,
Q,CLV_PCH_SM,SCA,B1GQ,XK,2014-Q2,
Q,CLV_PCH_SM,SCA,B1GQ,XK,2014-Q3,
Q,CLV_PCH_SM,SCA,B1GQ,XK,2014-Q4,
Q,CLV_PCH_SM,SCA,B1GQ,XK,2015-Q1,
Q,CLV_PCH_SM,SCA,B1GQ,XK,2015-Q2,
Q,CLV_PCH_SM,SCA,B1GQ,XK,2015-Q3,
Q,CLV_PCH_SM,SCA,B1GQ,XK,2015-Q4,
Q,CLV_PCH_SM,SCA,B1GQ,XK,2016-Q1,
Q,CLV_PCH_SM,SCA,B1GQ,XK,2016-Q2,
Q,CLV_PCH_SM,SCA,B1GQ,XK,2016-Q3,
Q,CLV_PCH_SM,SCA,B1GQ,XK,2016-Q4,
Q,CLV_PCH_SM,SCA,B1GQ,XK,2017-Q1,
Q,CLV_PCH_SM,SCA,B1GQ,XK,2017-Q2,
Q,CLV_PCH_SM,SCA,B1GQ,XK,2017-Q3,
Q,CLV_PCH_SM,SCA,B1GQ,XK,2017-Q4,
Q,CLV_PCH_SM,SCA,B1GQ,XK,2018-Q1,
Q,CLV_PCH_SM,SCA,B1GQ,XK,2018-Q2,
Q,CLV_PCH_SM,SCA,B1GQ,XK,2018-Q3,
Q,CLV_PCH_SM,SCA,B1GQ,XK,2018-Q4,
Q,CLV_PCH_SM,SCA,B1GQ,XK,2019-Q1,
Q,CLV_PCH_SM,SCA,B1GQ,XK,2019-Q2,
Q,CLV_PCH_SM,SCA,B1GQ,XK,2019-Q3,
Q,CLV_PCH_SM,SCA,B1GQ,XK,2019-Q4,
Q,CLV_PCH_SM,SCA,B1GQ,XK,2020-Q1,
Q,CLV_PCH_SM,SCA,B1GQ,XK,2020-Q2,
Q,CLV_PCH_SM,SCA,B1GQ,XK,2020-Q3,
Q,CLV_PCH_SM,SCA,B1GQ,XK,2020-Q4,
Q,CLV_PCH_SM,SCA,B1GQ,XK,2021-Q1,
Q,CLV_PCH_SM,SCA,B1GQ,XK,2021-Q2,
Q,CLV_PCH_SM,SCA,B1GQ,XK,2021-Q3,
Q,CLV_PCH_SM,SCA,B1GQ,XK,2021-Q4,
Q,CLV_PCH_SM,SCA,B1GQ,XK,2022-Q1,
Q,CLV_PCH_SM,SCA,B1GQ,XK,2022-Q2,
Q,CLV_PCH_SM,SCA,B1GQ,XK,2022-Q3,
Q,CLV_PCH_SM,SCA,B1GQ,XK,2022-Q4,
Q,CLV_PCH_SM,SCA,B1GQ,XK,2023-Q1,
Q,CLV_PCH_SM,SCA,B1GQ,XK,2023-Q2,
Q,CLV_PCH_SM,SCA,B1GQ,XK,2023-Q3,
Q,CLV_PCH_SM,SCA,B1GQ,XK,2023-Q4,
Q,CLV_PCH_SM,SCA,B1GQ,XK,2024-Q1,
Q,CLV_PCH_SM,SCA,B1GQ,XK,2024-Q2,
Q,CLV_PCH_SM,SCA,B1GQ,XK,2024-Q3,
Q,CLV_PCH_SM,SCA,B1GQ,XK,2024-Q4,
Q,CLV_PCH_SM,SCA,B1GQ,XK,2025-Q1,
Q,CLV_PCH_SM,SCA,B1GQ,XK,2025-Q2,
Q,CLV_PCH_SM,SCA,B1GQ,XK,2025-Q3,
Q,CLV_PCH_SM,SCA,B1GQ,XK,2025-Q4,
Q,CLV_PCH_SM,SCA,B1GQ,XK,2026-Q1,
Q,CLV_PCH_SM,SCA,B1GQ,XK,2026-Q2,
